Time(s),0 m,0.0068 m,0.0136 m,0.0204 m,0.0272 m,0.034 m,0.0408 m,0.0476 m,0.0544 m,0.0612 m,0.068 m,0.0748 m,0.0816 m,0.0884 m,0.0952 m,0.102 m,0.1088 m,0.1156 m,0.1224 m,0.1292 m,0.136 m,0.1428 m,0.1496 m,0.1564 m,0.1632 m,0.17 m,0.1768 m,0.1836 m,0.1904 m,0.1972 m,0.204 m,0.2108 m,0.2176 m,0.2244 m,0.2312 m,0.238 m,0.2448 m,0.2516 m,0.2584 m,0.2652 m,0.272 m,0.2788 m,0.2856 m,0.2924 m,0.2992 m,0.306 m,0.3128 m,0.3196 m,0.3264 m,0.3332 m,0.34 m,0.3468 m,0.3536 m,0.3604 m,0.3672 m,0.374 m,0.3808 m,0.3876 m,0.3944 m,0.4012 m,0.408 m,0.4148 m,0.4216 m,0.4284 m,0.4352 m,0.442 m,0.4488 m,0.4556 m,0.4624 m,0.4692 m,0.476 m,0.4828 m,0.4896 m,0.4964 m,0.5032 m,0.51 m,0.5168 m,0.5236 m,0.5304 m,0.5372 m,0.544 m,0.5508 m,0.5576 m,0.5644 m,0.5712 m,0.578 m,0.5848 m,0.5916 m,0.5984 m,0.6052 m,0.612 m,0.6188 m,0.6256 m,0.6324 m,0.6392 m,0.646 m,0.6528 m,0.6596 m,0.6664 m,0.6732 m
-0.0000124,47.4,47.4,47.4,47.4,47.4,47.4,47.4,47.4,47.4,47.4,47.4,47.4,47.4,47.4,47.4,47.4,47.4,47.4,47.4,47.4,47.4,47.4,47.4,47.4,47.4,47.4,47.4,47.4,47.4,47.4,47.4,47.4,47.4,47.4,47.4,47.4,47.4,47.4,47.4,47.4,47.4,47.4,47.4,47.5,47.4,47.4,47.4,47.4,47.4,47.4,47.4,47.4,47.4,47.4,47.4,47.4,47.4,47.4,47.4,47.4,47.4,47.4,47.4,47.4,47.4,47.4,47.4,47.4,47.4,47.4,47.4,47.4,47.4,47.4,47.4,47.4,47.4,47.4,47.4,47.4,47.4,47.4,47.4,47.4,47.4,47.4,47.4,47.4,47.4,47.4,47.4,47.4,47.4,47.4,47.4,47.4,47.4,47.4,47.4,47.4
-0.0000122,47.5,47.5,47.5,47.5,47.5,47.5,47.5,47.5,47.5,47.5,47.5,47.5,47.5,47.5,47.5,47.5,47.5,47.5,47.5,47.5,47.5,47.5,47.5,47.5,47.5,47.5,47.5,47.5,47.5,47.5,47.5,47.5,47.5,47.5,47.5,47.5,47.5,47.5,47.5,47.5,47.5,47.5,47.5,47.4,47.5,47.5,47.5,47.5,47.5,47.5,47.5,47.5,47.5,47.5,47.5,47.5,47.5,47.5,47.5,47.5,47.5,47.5,47.5,47.5,47.5,47.5,47.5,47.5,47.5,47.5,47.5,47.5,47.5,47.5,47.5,47.5,47.5,47.5,47.5,47.5,47.5,47.5,47.5,47.5,47.5,47.5,47.5,47.5,47.5,47.5,47.5,47.5,47.5,47.5,47.5,47.5,47.5,47.5,47.6,47.5
-0.000012,47.4,47.4,47.4,47.4,47.4,47.4,47.4,47.4,47.4,47.4,47.4,47.4,47.4,47.4,47.4,47.4,47.4,47.4,47.4,47.4,47.4,47.4,47.4,47.4,47.4,47.4,47.4,47.4,47.4,47.4,47.4,47.4,47.4,47.4,47.4,47.4,47.4,47.4,47.4,47.4,47.4,47.4,47.4,47.5,47.4,47.4,47.4,47.4,47.4,47.4,47.4,47.4,47.4,47.4,47.4,47.4,47.4,47.4,47.4,47.4,47.4,47.4,47.4,47.4,47.4,47.4,47.4,47.4,47.4,47.4,47.4,47.4,47.4,47.4,47.4,47.4,47.4,47.4,47.4,47.4,47.4,47.4,47.4,47.4,47.4,47.4,47.4,47.4,47.4,47.4,47.4,47.4,47.4,47.4,47.4,47.4,47.4,47.4,47.4,47.4
-0.0000118,47.5,47.5,47.5,47.5,47.5,47.5,47.5,47.5,47.5,47.5,47.5,47.5,47.5,47.5,47.5,47.5,47.5,47.5,47.5,47.5,47.5,47.5,47.5,47.5,47.5,47.5,47.5,47.5,47.5,47.5,47.5,47.5,47.5,47.5,47.5,47.5,47.5,47.5,47.5,47.5,47.5,47.5,47.5,47.4,47.5,47.5,47.5,47.5,47.5,47.5,47.5,47.5,47.5,47.5,47.5,47.5,47.5,47.5,47.5,47.5,47.5,47.5,47.5,47.5,47.5,47.5,47.5,47.5,47.5,47.5,47.5,47.5,47.5,47.5,47.5,47.5,47.5,47.5,47.5,47.5,47.5,47.5,47.5,47.5,47.5,47.5,47.5,47.5,47.5,47.5,47.5,47.5,47.5,47.5,47.5,47.5,47.5,47.5,47.4,47.5
-0.0000116,47.4,47.4,47.4,47.4,47.4,47.4,47.4,47.4,47.4,47.4,47.4,47.4,47.4,47.4,47.4,47.4,47.4,47.4,47.4,47.4,47.4,47.4,47.4,47.4,47.4,47.4,47.4,47.4,47.4,47.4,47.4,47.4,47.4,47.4,47.4,47.4,47.4,47.4,47.4,47.4,47.4,47.4,47.4,35.4,47.4,47.4,47.4,47.4,47.4,47.4,47.4,47.4,47.4,47.4,47.4,47.4,47.4,47.4,47.4,47.4,47.4,47.4,47.4,47.4,47.4,47.4,47.4,47.4,47.4,47.4,47.4,47.4,47.4,47.4,47.4,47.4,47.4,47.4,47.4,47.4,47.4,47.4,47.4,47.4,47.4,47.4,47.4,47.4,47.4,47.4,47.4,47.4,47.4,47.4,47.4,47.4,47.4,47.4,47.6,47.4
-0.0000114,47.6,35.8,35.2,35.6,35.8,35.4,35.1,35,35.3,35.4,35.5,47.6,35.8,35.6,35.7,35.4,35.2,35.6,35.5,35.5,35.4,47.7,35.3,35.6,35.5,35.7,35.4,35.6,35.5,35.5,35.2,47.5,35.3,35.4,35.7,35.5,35.3,35.7,35.6,35.8,35.5,47.6,35.7,35.4,35.5,35.2,35.5,35.4,35.6,35.6,35.1,47.7,35.6,35.6,35.3,35.5,35.7,35.6,35.3,35.5,35.4,47.6,35.4,35.1,35.2,35.2,35.2,35.2,35.2,35.3,35.2,47.7,35.5,35.5,35.2,35.1,35.4,34.9,35.3,35.3,35.3,47.6,35.5,35.2,35.2,35,35.5,35,35.1,35.2,35.2,47.4,35.3,35.1,35.6,35.5,35.8,35.5,47.4,47.5
-0.0000112,47.5,35.7,35.3,35.7,35.7,35.4,34.9,35.1,35.4,35.3,35.6,47.5,35.7,35.7,35.7,35.2,35.4,35.8,35.5,35.3,35.3,47.5,35.2,35.5,35.3,35.7,35.5,35.5,35.5,35.4,35.2,47.5,35.4,35.3,35.6,35.6,35.3,35.4,35.5,35.8,35.5,47.6,35.7,35.4,35.6,35.3,35.5,35.2,35.7,35.5,35,47.6,35.7,35.3,35.3,35.4,35.7,35.5,35.3,35.4,35.4,47.6,35.5,35.1,35.1,35.2,35.3,35.4,35.3,35.3,35.3,47.4,35.3,35.5,35,35.1,35.3,34.9,35.3,35.1,35.4,47.6,35.4,35.1,35.1,34.9,35.4,35.2,35.3,35.4,35.1,47.6,35.4,35.1,35.7,35.5,35.6,35.4,47.4,47.5
-0.000011,47.7,35.7,35.2,35.6,35.7,35.3,35,35.2,35.4,35.4,35.6,47.6,35.8,35.6,35.7,35.3,35.5,35.7,35.5,35.3,35.2,47.6,35.3,35.6,35.3,35.7,35.4,35.6,35.3,35.5,35.4,47.6,35.6,35.4,35.6,35.8,35.3,35.2,35.5,35.8,35.4,47.5,35.7,35.3,35.5,35.4,35.8,35.3,35.7,35.5,35,47.6,35.7,35.3,35.3,35.5,35.4,35.4,35.3,35.3,35.4,47.6,35.4,35.1,35.1,35.4,35.3,35.5,35.4,35.5,35.2,47.6,35.2,35.4,35.2,35.2,35.5,34.9,35.2,35.3,35.2,47.6,35.3,35.3,35,35.1,35.4,35.4,35.3,35.2,35.1,47.7,35.4,35.2,35.6,35.5,35.4,35.4,47.5,47.5
-0.0000108,47.4,35.6,35.4,35.6,35.6,35.3,35,35.2,35.2,35.6,35.7,47.5,35.7,35.6,35.7,35.1,35.6,35.5,35.5,35.3,35.2,47.5,35.2,35.6,35.3,35.7,35.5,35.8,35.3,35.5,35.4,47.5,35.6,35.5,35.6,35.6,35.3,35.2,35.6,35.7,35.4,47.6,35.5,35.2,35.5,35.7,35.8,35.3,35.7,35.5,35.2,47.6,35.7,35.2,35.3,35.3,35.4,35.3,35.2,35.3,35.4,47.6,35.4,35,35.1,35.4,35.3,35.6,35.3,35.5,35.3,47.5,35,35.3,35.2,35.2,35.3,35,35.1,35.3,35.3,47.6,35,35.3,35.1,35.1,35.4,35.5,35.4,35.2,35.4,47.6,35.3,35.4,35.5,35.2,35.3,35.2,47.4,47.5
-0.0000106,47.6,35.6,35.6,35.5,35.3,35.3,35.2,35.6,35.3,35.7,35.6,47.5,35.5,35.3,35.5,35,35.6,35.5,35.5,35.3,35.1,47.6,35.2,35.5,35.4,35.6,35.4,35.8,35.1,35.5,35.7,47.5,35.8,35.5,35.4,35.5,35.3,35,35.5,35.6,35.1,47.6,35.3,35.2,35.5,35.6,35.8,35.4,35.6,35.5,35.3,47.6,35.5,35.2,35.3,35.4,35.4,35.2,35,35.3,35.4,47.5,35.4,35.1,35.4,35.5,35.4,35.6,35.3,35.3,35.2,47.7,35,35.2,35.1,35.2,35.3,35.1,34.9,35.3,35.3,47.5,35,35.4,35.1,35,35.3,35.3,35.4,35.5,35.4,47.5,35.3,35.5,35.5,35.1,35.2,35.1,47.5,47.4
-0.0000104,47.5,35.5,35.7,35.5,35.3,35.3,35.2,35.6,35.4,35.7,35.6,47.6,35.5,35.3,35.5,34.9,35.7,35.3,35.5,35.3,35.1,47.5,35.2,35.5,35.7,35.5,35.5,35.6,35.3,35.5,35.6,47.5,35.6,35.5,35.3,35.5,35.4,35,35.5,35.5,35.2,47.6,35.1,35.3,35.5,35.6,35.7,35.6,35.4,35.3,35.6,47.7,35.3,35.2,35.3,35.3,35.3,35.1,35.1,35.4,35.4,47.5,35.4,35.1,35.3,35.5,35.3,35.5,35.3,35.3,35.2,47.6,34.9,35.1,35.1,35.2,35.1,35,35,35.3,35.3,47.7,35.1,35.4,35.2,35,35.3,35.1,35.4,35.5,35.3,47.5,35.4,35.6,35.4,35.2,35.1,35.1,47.4,47.5
-0.0000102,47.5,35.3,35.8,35.5,35.1,35.5,35.4,35.5,35.6,35.6,35.5,47.6,35.3,35.2,35.5,35.1,35.5,35.2,35.3,35.5,35,47.6,35.3,35.5,35.7,35.4,35.6,35.4,35.3,35.5,35.7,47.4,35.4,35.4,35.6,35.4,35.5,35,35.4,35.5,35.4,47.6,35.2,35.4,35.5,35.7,35.6,35.7,35.3,35.3,35.7,47.5,35.3,35.2,35.4,35.4,35.3,35.2,35.3,35.3,35.4,47.6,35.3,35.2,35.4,35.5,35.4,35.4,35.2,35.2,35.2,47.4,35,34.9,35.2,35.2,35.2,35.2,34.9,35.3,35.3,47.5,35.3,35.3,35.2,35.1,35.2,35.2,35.3,35.5,35.4,47.6,35.3,35.8,35.2,35.1,35.2,35,47.5,47.4
-0.00001,47.4,35.2,35.7,35.3,35.4,35.4,35.4,35.6,35.7,35.6,35.5,47.6,35.2,35.2,35.4,35.1,35.5,35.2,35.2,35.4,35.1,47.6,35.3,35.3,35.8,35.3,35.5,35.3,35.3,35.5,35.7,47.6,35.3,35.4,35.7,35.4,35.5,35.1,35.4,35.4,35.3,47.7,35.2,35.7,35.5,35.5,35.5,35.8,35.3,35.2,35.8,47.5,35.1,35.3,35.3,35.3,35.3,35.1,35.3,35.3,35.4,47.6,35.2,35.2,35.5,35.4,35.2,35.2,35.2,35.2,35.1,47.5,34.9,34.9,35.1,35.1,35.1,35.3,35.1,35.4,35.2,47.5,35.5,35.3,35.2,35,35,35,35.2,35.5,35.4,47.6,35.5,35.7,35.2,35.3,35.2,35.1,47.5,47.4
-0.0000098,47.5,35.2,35.7,35.4,35.2,35.4,35.3,35.6,35.6,35.3,35.3,47.6,35.2,35.2,35.5,35.1,35.5,35.3,35,35.4,35.1,47.6,35.6,35.2,35.9,35.3,35.5,35.2,35.6,35.4,35.6,47.5,35.3,35.5,35.7,35.2,35.5,35.1,35.5,35.4,35.4,47.6,35.2,35.6,35.4,35.3,35.3,35.7,35.3,35.3,35.6,47.7,35.1,35.3,35.3,35.4,35.4,35.2,35.4,35.4,35.4,47.5,35.2,35.2,35.6,35.4,35.3,35,35.4,35.2,35.1,47.5,35.1,34.9,35.2,35.1,35.2,35.3,35.3,35.3,35.2,47.6,35.7,35.3,35.1,34.9,35,35.1,35.3,35.4,35.4,47.6,35.4,35.7,35.1,35.3,35.2,35.1,47.5,47.5
-0.0000096,47.5,35.2,35.6,35.4,35.3,35.3,35.5,35.5,35.7,35.1,35.3,47.5,35.4,35.2,35.5,35.2,35.5,35.5,35.2,35.5,35.2,47.6,35.7,35.1,35.9,35.2,35.4,35.3,35.7,35.4,35.6,47.6,35.3,35.5,35.8,35.3,35.5,35.3,35.4,35.4,35.3,47.6,35.4,35.7,35.3,35.6,35.2,35.7,35.1,35.1,35.5,47.4,35,35.3,35.2,35.3,35.5,35.4,35.5,35.3,35.4,47.4,35.2,35.1,35.4,35.3,35.2,34.8,35.4,35.2,35.1,47.6,35.3,34.9,35.1,35.1,35.1,35.2,35.4,35.1,35.2,47.5,35.7,35.3,35.3,35,35.1,35.1,35.2,35.4,35.4,47.5,35.4,35.5,35.3,35.4,35.1,35.2,47.4,47.4
-0.0000094,47.5,35.3,35.4,35.5,35.4,35.3,35.4,35.5,35.5,35.1,35.3,47.5,35.5,35.2,35.5,35.3,35.5,35.7,35.3,35.4,35.2,47.6,35.7,35.1,35.8,35.2,35.4,35.2,35.8,35.4,35.5,47.5,35.2,35.5,35.7,35.4,35.3,35.5,35.2,35.6,35.2,47.5,35.6,35.7,35.1,35.5,35.2,35.5,35.2,35.3,35.3,47.6,35.1,35.4,35.1,35.4,35.6,35.5,35.6,35.3,35.3,47.7,35.4,35.3,35.4,35.2,35.3,34.7,35.5,35.2,35.2,47.6,35.3,35.1,35.1,35.1,35.1,35.2,35.5,35,35.2,47.6,35.8,35.3,35.2,35.2,35.1,35.2,35.2,35.3,35.4,47.6,35.3,35.3,35.3,35.6,35.2,35.2,47.5,47.4
-0.0000092,47.6,35.4,35.5,35.5,35.5,35.3,35.3,35.4,35.3,35.1,35.4,47.7,35.6,35.5,35.5,35.3,35.4,35.7,35.5,35.5,35.4,47.6,35.7,35.2,35.7,35.3,35.5,35.2,35.7,35.3,35.4,47.5,35.1,35.5,35.7,35.3,35.3,35.6,35.2,35.5,35.2,47.5,35.7,35.7,35.2,35.6,35.3,35.4,35.2,35.3,35.2,47.5,35.1,35.5,35.1,35.4,35.7,35.7,35.5,35.3,35.3,47.5,35.4,35.2,35.3,35.1,35.3,34.8,35.5,35.2,35.1,47.6,35.4,35.3,35.2,34.9,35.1,35.2,35.5,35,35.3,47.6,35.5,35.2,35.4,35.3,35.4,35.3,35.4,35.2,35.2,47.5,35.3,35.3,35.3,35.5,35.3,35.4,47.4,47.4
-0.000009,47.6,35.5,35.4,35.6,35.6,35.3,35.3,35.3,35.5,35.2,35.5,47.7,35.6,35.4,35.6,35.3,35.4,35.7,35.7,35.5,35.5,47.6,35.6,35.5,35.6,35.4,35.5,35.3,35.6,35.4,35.3,47.5,35.2,35.6,35.6,35.4,35.3,35.8,35.2,35.6,35.2,47.6,35.8,35.5,35.1,35.7,35.3,35.3,35.2,35.2,35,47.6,35.1,35.6,35,35.5,35.7,35.7,35.5,35.2,35.4,47.5,35.4,35.4,35.2,35.2,35.4,34.8,35.6,35.2,35.1,47.6,35.4,35.5,35.1,35.1,35.2,35.2,35.5,34.7,35.3,47.5,35.4,35.3,35.2,35.3,35.4,35.4,35.4,35.1,35.4,47.5,35.3,35.1,35.4,35.5,35.3,35.7,47.4,47.4
-0.0000088,47.5,35.6,35.4,35.5,35.6,35.3,35.3,35.3,35.4,35.5,35.5,47.6,35.7,35.5,35.6,35.3,35.3,35.9,35.9,35.5,35.6,47.6,35.4,35.5,35.5,35.6,35.5,35.5,35.6,35.5,35.3,47.6,35.2,35.5,35.4,35.4,35.3,35.8,35.3,35.7,35.1,47.5,35.8,35.4,35.2,35.8,35.5,35.3,35.2,35.4,35.1,47.5,35.2,35.6,35.1,35.5,35.6,35.9,35.4,35.2,35.4,47.6,35.4,35.2,35.1,35.1,35.4,35,35.6,35.2,35.2,47.5,35.3,35.5,35.2,34.9,35.2,35.3,35.5,34.9,35.2,47.6,35.2,35.3,35.2,35.4,35.4,35.5,35.4,35.1,35.1,47.5,35.4,35.2,35.5,35.4,35.2,35.7,47.4,47.4
-0.0000086,47.6,35.7,35.3,35.5,35.4,35.5,35.2,35.2,35.2,35.6,35.5,47.5,35.7,35.4,35.5,35.3,35.4,35.6,35.7,35.3,35.6,47.6,35.3,35.6,35.5,35.6,35.6,35.6,35.6,35.3,35.4,47.5,35.2,35.3,35.4,35.6,35.2,35.6,35.3,35.6,35.2,47.6,35.7,35.4,35.2,35.6,35.7,35.3,35.3,35.5,35.1,47.6,35.3,35.5,35.3,35.5,35.6,35.7,35.3,35.2,35.4,47.5,35.3,35.3,35.1,35.2,35.5,35.1,35.4,35.1,35.2,47.6,35.3,35.5,35.3,35.1,35.3,35.3,35.3,35,35.1,47.5,35.1,35.3,35.2,35.4,35.5,35.5,35.4,35.3,35.2,47.6,35.4,35.3,35.6,35.2,35.3,35.8,47.6,47.3
-0.0000084,47.5,35.8,35.3,35.6,35.5,35.4,35.3,35.4,35.3,35.7,35.5,47.5,35.6,35.4,35.4,35.3,35.3,35.4,35.8,35.3,35.8,47.6,35.2,35.6,35.4,35.7,35.5,35.7,35.2,35.5,35.3,47.5,35.3,35.2,35.2,35.6,35.3,35.6,35.5,35.6,35.3,47.7,35.6,35.5,35.4,35.6,35.7,35.3,35.2,35.5,35.3,47.7,35.2,35.5,35.3,35.4,35.6,35.5,35.2,35.3,35.4,47.5,35.2,35.3,35.1,35.2,35.5,35.1,35.3,35.2,35.2,47.5,35.3,35.4,35.2,35.2,35.4,35.3,35.2,35,35,47.5,34.9,35.3,35.2,35.4,35.6,35.5,35.4,35.5,35.2,47.6,35.3,35.4,35.6,35.2,35.2,35.5,47.5,47.4
-0.0000082,47.4,35.5,35.2,35.5,35.4,35.6,35.2,35.4,35.4,35.9,35.5,47.5,35.6,35.3,35.3,35.3,35.3,35.2,35.6,35.3,35.8,47.4,35.2,35.6,35.5,35.7,35.5,35.6,35.3,35.5,35.3,47.6,35.3,35.3,35.2,35.7,35.2,35.7,35.6,35.6,35.5,47.6,35.4,35.6,35.4,35.3,35.8,35.4,35.3,35.4,35.3,47.6,35.2,35.3,35.3,35.3,35.5,35.6,35.1,35.3,35.4,47.7,35.2,35.3,35.3,35.2,35.5,35.1,35.2,35.2,35.2,47.5,35.2,35.3,35.1,35.3,35.2,35.3,35.1,35,35,47.6,34.9,35.3,35,35.2,35.7,35.5,35.3,35.5,35.3,47.5,35.4,35.6,35.6,35.2,35.3,35.6,47.5,47.4
-0.000008,47.6,35.5,35.2,35.5,35.2,35.7,35.1,35.5,35.4,35.6,35.5,47.5,35.4,35.3,35.4,35.3,35.5,35.1,35.6,35.4,35.7,47.7,35.3,35.7,35.5,35.5,35.5,35.6,35,35.5,35.5,47.6,35.4,35.2,35.3,35.6,35.3,35.6,35.6,35.5,35.5,47.5,35.4,35.7,35.5,35.3,35.7,35.4,35.2,35.5,35.4,47.6,35.3,35.3,35.3,35.5,35.6,35.4,35.2,35.5,35.3,47.6,35,35.2,35.3,35.1,35.2,35.2,35,35.3,35.3,47.5,35.1,35.1,35,35.3,35.3,35.3,35.1,35.2,35,47.4,35,35.3,35.1,35.1,35.6,35.5,35.3,35.7,35.4,47.5,35.2,35.5,35.5,35.3,35.2,35.2,47.5,47.5
-0.0000078,47.5,35.4,35.2,35.4,35.2,35.7,35.1,35.4,35.4,35.5,35.5,47.6,35.3,35.3,35.5,35.4,35.4,35.1,35.5,35.5,35.7,47.5,35.5,35.6,35.6,35.4,35.4,35.6,34.8,35.5,35.5,47.6,35.4,35.2,35.4,35.5,35.3,35.5,35.6,35.6,35.7,47.7,35.3,35.7,35.5,35.1,35.8,35.5,34.9,35.4,35.6,47.5,35.1,35.2,35.3,35.5,35.6,35.3,35.2,35.6,35.4,47.6,35,35.4,35.3,35.2,35.1,35.4,34.9,35.5,35.2,47.5,35.1,35,35.2,35.3,35.1,35.2,35.2,35.3,35,47.6,35.2,35.4,34.9,35.1,35.4,35.4,35.2,35.8,35.4,47.6,35.3,35.6,35.4,35.3,35.2,35.1,47.5,47.4
-0.0000076,47.5,35.4,35.3,35.4,35.3,35.6,35.2,35.5,35.4,35.4,35.3,47.5,35.3,35.4,35.4,35.4,35.6,35.1,35.4,35.4,35.4,47.4,35.6,35.6,35.6,35.5,35.3,35.4,35,35.7,35.5,47.6,35.5,35.2,35.6,35.5,35.5,35.5,35.5,35.4,35.7,47.5,35.2,35.7,35.6,35.1,35.7,35.6,34.9,35.3,35.5,47.5,35.3,35.2,35.3,35.5,35.5,35.4,35.3,35.7,35.4,47.6,35,35.4,35.4,35.2,35.2,35.4,35,35.5,35.4,47.5,35.3,34.9,35.2,35.2,35.1,35,35.2,35.3,35,47.6,35.3,35.3,34.8,34.9,35.3,35.5,35.3,35.8,35.4,47.7,35.3,35.5,35.4,35.3,35.3,35,47.5,47.4
-0.0000074,47.6,35.3,35.3,35.2,35.3,35.5,35.3,35.5,35.4,35.1,35.4,47.5,35.3,35.4,35.4,35.4,35.7,35.1,35.2,35.4,35.3,47.7,35.7,35.4,35.5,35.4,35.4,35.5,34.9,35.5,35.5,47.5,35.4,35.4,35.7,35.5,35.4,35.5,35.4,35.5,35.7,47.6,35.1,35.7,35.6,35,35.6,35.6,34.9,35.3,35.6,47.5,35.5,35.3,35.3,35.4,35.5,35.4,35.4,35.7,35.4,47.5,35,35.4,35.2,35.3,35.1,35.5,35,35.4,35.5,47.6,35.2,34.8,35.2,35.1,35.1,35,35.4,35.2,35.2,47.6,35.4,35.4,34.9,34.9,35.2,35.4,35.2,35.8,35.5,47.6,35.3,35.2,35.4,35.4,35.2,35,47.5,47.4
-0.0000072,47.5,35.3,35.5,35.2,35.6,35.4,35.4,35.4,35.5,35.1,35.3,47.4,35.5,35.5,35.5,35.3,35.8,35.1,35.2,35.1,35.2,47.7,35.7,35.3,35.3,35.5,35.2,35.2,35,35.5,35.6,47.6,35.5,35.5,35.8,35.2,35.3,35.5,35.4,35.7,35.7,47.6,35.1,35.7,35.6,35.2,35.6,35.5,35.1,35.5,35.5,47.6,35.6,35.3,35.3,35.3,35.4,35.2,35.4,35.9,35.3,47.5,35.2,35.4,35.3,35.3,35,35.5,35.3,35.3,35.5,47.5,35.3,35,35.1,35.1,35.1,35.1,35.5,35,35.3,47.6,35.4,35.5,35.1,35,35.2,35.4,35.2,35.4,35.7,47.6,35.4,35,35.2,35.5,35.2,35.1,47.4,47.4
-0.000007,47.6,35.4,35.6,35.2,35.6,35.3,35.5,35.5,35.5,35,35.3,47.6,35.5,35.7,35.5,35.6,35.7,35.2,35.2,35.3,35,47.5,35.7,35.3,35.2,35.6,35.2,35.2,34.9,35.3,35.6,47.5,35.5,35.4,35.9,35.1,35.5,35.5,35.2,35.5,35.5,47.4,35.4,35.7,35.5,35.3,35.4,35.5,35.3,35.4,35.4,47.5,35.7,35.4,35.3,35.2,35.4,35.2,35.4,35.8,35.4,47.6,35.4,35.5,35.3,35.4,35,35.5,35.3,35.4,35.5,47.6,35.3,35.1,35.2,35,35.1,35.3,35.5,35,35.4,47.5,35.5,35.4,35.1,35.1,35.1,35.3,35.3,35.2,35.5,47.6,35.4,35,35.4,35.5,35.4,35.2,47.4,47.4
-0.0000068,47.5,35.4,35.7,35.2,35.5,35.3,35.6,35.5,35.4,35.2,35.5,47.6,35.5,35.8,35.4,35.4,35.8,35.3,35.3,35.3,35.2,47.6,35.7,35.3,34.9,35.6,35.2,35.2,35,35.3,35.5,47.5,35.5,35.5,35.8,35.1,35.5,35.5,35.1,35.6,35.4,47.6,35.4,35.4,35.2,35.6,35.3,35.5,35.5,35.5,35.3,47.6,35.7,35.3,35.3,35.1,35.6,35.2,35.3,35.5,35.4,47.4,35.5,35.4,35.3,35.3,35.1,35.7,35.4,35.4,35.5,47.6,35.3,35.2,35.1,35,35,35.3,35.5,34.9,35.5,47.5,35.4,35.3,35.3,35.2,35.2,35.4,35.1,35,35.4,47.5,35.3,34.9,35.3,35.6,35.4,35.4,47.4,47.5
-0.0000066,47.5,35.3,35.6,35.4,35.4,35.3,35.6,35.4,35.6,35.2,35.4,47.6,35.5,35.7,35.4,35.5,35.7,35.4,35.4,35.3,35.2,47.6,35.5,35.3,34.9,35.5,35.6,35.2,35.2,35.2,35.5,47.6,35.7,35.5,35.8,35.2,35.3,35.5,35.1,35.7,35.3,47.5,35.6,35.4,35.3,35.6,35.4,35.5,35.7,35.5,35.3,47.5,35.7,35.4,35.3,35.2,35.5,35.3,35.4,35.3,35.4,47.6,35.5,35.4,35.5,35.3,35.3,35.5,35.5,35.3,35.5,47.6,35.2,35.3,35,35.1,35.1,35.5,35.5,34.9,35.4,47.5,35.3,35.3,35.3,35.3,35.1,35.4,35.2,34.9,35.4,47.5,35.4,34.9,35.2,35.7,35.3,35.4,47.4,47.5
-0.0000064,47.5,35.4,35.7,35.4,35.3,35.2,35.5,35.4,35.6,35.6,35.5,47.6,35.6,35.7,35.3,35.5,35.6,35.4,35.5,35.5,35.5,47.5,35.6,35.3,34.9,35.7,35.7,35.5,35.2,35.2,35.5,47.6,35.7,35.5,35.8,35.3,35.5,35.6,35.2,35.8,35.2,47.6,35.7,35.3,35.2,35.6,35.3,35.5,35.6,35.5,35.3,47.5,35.6,35.6,35.2,35.2,35.4,35.2,35.3,35.3,35.3,47.5,35.5,35.4,35.4,35.4,35.4,35.4,35.5,35,35.3,47.7,35.3,35.5,35.1,35.3,35.3,35.4,35.3,34.9,35.4,47.5,35.3,35.2,35.5,35.3,35.3,35.4,35.3,34.6,35.1,47.6,35.4,35.2,35.3,35.4,35.3,35.4,47.4,47.5
-0.0000062,47.5,35.4,35.7,35.3,35.4,35.3,35.5,35.3,35.7,35.6,35.5,47.6,35.6,35.5,35.3,35.5,35.5,35.4,35.5,35.5,35.6,47.7,35.5,35.2,34.9,35.4,35.9,35.5,35.2,35.3,35.5,47.7,35.6,35.5,35.5,35.5,35.3,35.5,35.4,35.7,35.3,47.5,35.7,35.2,35.2,35.6,35.4,35.5,35.7,35.5,35.3,47.6,35.5,35.5,35.2,35.2,35.4,35.3,35.3,35,35.2,47.5,35.4,35.4,35.6,35.2,35.5,35.4,35.6,35,35.2,47.6,35.3,35.4,35.3,35.3,35.3,35.6,35.2,35,35.1,47.5,35.2,35.1,35.6,35.3,35.4,35.4,35.1,34.6,35.1,47.5,35.3,35.4,35.3,35.5,35.4,35.4,47.5,47.4
-0.000006,47.5,35.4,35.4,35.3,35.2,35.4,35.6,35.3,35.8,35.7,35.3,47.6,35.6,35.3,35.4,35.3,35.4,35.4,35.5,35.7,35.7,47.7,35.5,35.3,35.2,35.4,35.9,35.5,35.3,35.5,35.5,47.6,35.6,35.5,35.5,35.6,35.5,35.5,35.5,35.7,35.4,47.6,35.7,35.1,35.3,35.6,35.4,35.4,35.5,35.5,35.3,47.5,35.2,35.5,35.3,35.5,35.6,35.3,35.4,35,35.1,47.6,35.4,35.4,35.6,35.3,35.5,35.1,35.4,34.9,35,47.6,35.2,35.4,35.2,35.4,35.3,35.5,35.1,35.2,35.1,47.5,35.3,35,35.5,35.3,35.4,35.4,35.3,34.6,35.1,47.6,35.3,35.6,35.4,35.5,35.4,35.4,47.4,47.4
-0.0000058,47.4,35.4,35.5,35.5,35.4,35.3,35.5,35.3,35.8,35.6,35.4,47.6,35.5,35.2,35.5,35.3,35.2,35.5,35.5,35.6,35.9,47.6,35.5,35.3,35.4,35.4,35.9,35.6,35.4,35.6,35.4,47.6,35.7,35.5,35.4,35.7,35.5,35.5,35.8,35.7,35.5,47.6,35.8,35,35.4,35.3,35.3,35.4,35.5,35.4,35.3,47.6,35.1,35.3,35.2,35.5,35.5,35.4,35.4,34.9,35.3,47.6,35.3,35.4,35.6,35.3,35.5,35.1,35.2,34.9,35,47.6,35.2,35.3,35.3,35.3,35.3,35.5,35.1,35.5,35.1,47.5,35.2,35,35.4,35.3,35.4,35.4,35.4,34.9,35.2,47.6,35.4,35.7,35.4,35.4,35.4,35.4,47.4,47.5
-0.0000056,47.6,35.4,35.3,35.4,35.4,35.5,35.3,35.3,35.9,35.6,35.4,47.5,35.5,35.2,35.5,35.4,35.2,35.4,35.5,35.6,35.7,47.7,35.6,35.3,35.7,35.4,35.7,35.6,35.3,35.6,35.4,47.6,35.5,35.4,35.4,35.7,35.4,35.5,35.9,35.4,35.5,47.6,35.7,35.3,35.5,35.3,35.3,35.4,35.5,35.3,35.3,47.5,35,35.3,35.3,35.6,35.4,35.4,35.3,34.9,35.1,47.6,35.4,35.2,35.6,35.5,35.4,35,35.2,35.1,35.1,47.6,35.2,35.2,35.5,35.3,35.4,35.4,35,35.6,34.9,47.5,35.1,35.1,35.4,35.4,35.4,35.4,35.3,35.2,35.1,47.5,35.4,35.7,35.5,35.3,35.4,35.3,47.4,47.4
-0.0000054,47.6,35.3,35.3,35.5,35.4,35.3,35.3,35.3,35.8,35.5,35.4,47.5,35.4,35.2,35.5,35.5,35.2,35.6,35.3,35.4,35.6,47.5,35.6,35.4,35.9,35.4,35.6,35.6,35.4,35.6,35.5,47.6,35.4,35.2,35.3,35.5,35.4,35.6,35.8,35.2,35.7,47.6,35.7,35.3,35.5,35.2,35.3,35.5,35.5,35.2,35.3,47.5,35.2,35.3,35.4,35.7,35.5,35.5,35.3,35,35.3,47.5,35.3,35.3,35.5,35.4,35.5,34.8,35.3,35.1,35.2,47.6,35.3,35.2,35.5,35.4,35.3,35.5,35,35.5,34.9,47.4,35.2,35.2,35.1,35.3,35.4,35.4,35.3,35.2,35.4,47.6,35.3,35.5,35.4,35.4,35.4,35.3,47.4,47.4
-0.0000052,47.5,35.3,35.2,35.5,35.4,35.4,35.3,35.3,35.7,35.5,35.4,47.5,35.5,35.2,35.5,35.6,35.2,35.4,35.2,35.3,35.5,47.5,35.5,35.4,35.9,35.3,35.4,35.5,35.4,35.6,35.4,47.6,35.4,35.2,35.4,35.4,35.3,35.5,35.7,35.1,35.7,47.6,35.7,35.3,35.5,35.2,35.2,35.4,35.5,35.2,35.3,47.7,35.2,35.4,35.4,35.7,35.4,35.4,35.4,35,35.3,47.6,35.4,35.3,35.4,35.6,35.4,34.9,35.1,35.1,35.2,47.6,35.4,35.1,35.6,35.3,35.3,35.3,35,35.6,35.1,47.5,35.2,35.4,35.1,35.4,35.2,35.4,35.3,35.4,35.4,47.6,35.2,35.5,35.4,35.3,35.5,35.3,47.6,47.5
-0.000005,47.7,35.2,35.3,35.5,35.4,35.5,35.3,35.3,35.6,35.4,35.5,47.6,35.5,35.3,35.5,35.6,35.4,35.5,35.5,35.3,35.2,47.5,35.5,35.3,35.7,35.4,35.3,35.5,35.4,35.5,35.6,47.5,35.2,35.4,35.4,35.4,35.5,35.5,35.7,35.1,35.6,47.6,35.7,35.2,35.5,35.2,35.3,35.5,35.6,35.3,35.3,47.6,35.4,35.4,35.4,35.7,35.5,35.4,35.4,35.1,35.4,47.6,35.3,35.3,35.3,35.5,35.3,35.1,35.1,35.3,35.2,47.5,35.3,35.1,35.6,35.1,35.1,35.3,34.9,35.4,35.2,47.5,35.3,35.3,35.1,35.4,35.1,35.4,35.2,35.7,35.4,47.5,35.3,35.3,35.4,35.3,35.5,35.2,47.3,47.4
-0.0000048,47.6,35.3,35.3,35.5,35.7,35.3,35.4,35.3,35.3,35.4,35.3,47.6,35.6,35.5,35.4,35.6,35.5,35.4,35.4,35.2,35,47.6,35.4,35.4,35.6,35.4,35.2,35.5,35.5,35.5,35.5,47.6,35.4,35.5,35.4,35.2,35.5,35.5,35.4,35.1,35.6,47.6,35.6,35.3,35.5,35.3,35.1,35.5,35.6,35.4,35.3,47.5,35.7,35.3,35.4,35.5,35.2,35.3,35.4,35.2,35.5,47.5,35.2,35.5,35.1,35.4,35.2,35.1,35.1,35.3,35.4,47.6,35.3,35.2,35.5,35.1,35.1,35.3,34.8,35.2,35.3,47.6,35.4,35.3,35.1,35.4,35,35.4,35.3,35.7,35.5,47.6,35.1,35.3,35.4,35.5,35.5,35.3,47.4,47.4
-0.0000046,47.6,35.3,35.4,35.6,35.7,35.4,35.4,35.4,35.3,35.3,35.4,47.4,35.5,35.5,35.3,35.5,35.4,35.7,35.4,35.1,34.9,47.6,35.3,35.2,35.5,35.3,35.4,35.6,35.5,35.4,35.7,47.5,35.1,35.5,35.4,35.2,35.5,35.5,35.4,35.2,35.5,47.5,35.5,35.3,35.5,35.3,35,35.5,35.6,35.5,35.3,47.5,35.8,35.4,35.4,35.4,35.2,35.3,35.4,35.3,35.5,47.6,35.2,35.6,35.1,35.4,35.2,35.2,35.2,35.4,35.2,47.5,35.4,35.2,35.3,35,35.1,35.1,34.9,35.1,35.3,47.5,35.4,35.4,35.1,35.4,35,35.3,35.2,35.6,35.4,47.5,35.2,35.3,35.3,35.6,35.4,35.3,47.4,47.5
-0.0000044,47.4,35.2,35.5,35.4,35.8,35.3,35.4,35.4,35.2,35.3,35.4,47.6,35.6,35.7,35.2,35.6,35.5,35.4,35.4,35.2,35.2,47.6,35.4,35.3,35.4,35.4,35.4,35.6,35.5,35.2,35.7,47.5,35.2,35.6,35.4,35.2,35.3,35.3,35.2,35.2,35.4,47.6,35.5,35.4,35.5,35.4,35,35.4,35.7,35.5,35.3,47.5,35.8,35.3,35.4,35.2,35.1,35.2,35.4,35.4,35.6,47.6,35.4,35.7,35.1,35.4,35.3,35.4,35.2,35.5,35.2,47.6,35.3,35.2,34.9,35.1,35,35.1,34.8,35.1,35.3,47.7,35.5,35.4,35.2,35.3,34.9,35.4,35.3,35.7,35.4,47.6,35.3,35.3,35.4,35.6,35.4,35.4,47.4,47.4
-0.0000042,47.4,35.2,35.6,35.4,35.7,35.4,35.4,35.5,35.3,35.3,35.4,47.6,35.6,35.6,35.4,35.3,35.6,35.4,35.5,35.3,35.4,47.5,35.2,35.3,35.3,35.4,35.3,35.5,35.5,35.2,35.9,47.6,35.3,35.5,35.4,35.4,35.4,35.4,35.3,35.2,35.4,47.5,35.5,35.4,35.4,35.3,34.9,35.4,35.7,35.6,35.3,47.6,35.8,35.3,35.5,35.3,35.2,35.2,35.5,35.4,35.7,47.6,35.3,35.5,35.3,35.3,35.4,35.2,35.4,35.4,35.2,47.5,35.3,35.1,34.7,35.1,35.1,35,34.8,35,35.3,47.6,35.5,35.4,35.3,35.2,34.9,35.3,35.4,35.5,35.3,47.6,35.2,35.5,35.4,35.7,35.4,35.3,47.5,47.5
-0.000004,47.6,35.3,35.7,35.3,35.7,35.3,35.4,35.4,35.4,35.4,35.4,47.7,35.4,35.6,35.2,35.3,35.5,35.5,35.4,35.5,35.6,47.6,35.2,35.4,35.2,35.5,35.3,35.5,35.4,35.2,35.8,47.5,35.3,35.7,35.4,35.5,35.3,35.2,35.3,35.2,35.5,47.4,35.5,35.5,35.5,35.4,34.8,35.4,35.7,35.5,35.3,47.6,35.8,35.4,35.5,35.3,35.2,35.4,35.5,35.3,35.6,47.4,35.4,35.4,35.4,35.3,35.4,35.4,35.3,35.3,35.2,47.5,35.3,35.2,34.7,35.2,35.1,35.1,34.8,35.1,35.3,47.5,35.5,35.3,35.4,35.1,35.2,35.4,35.4,35.3,35.2,47.5,35.3,35.5,35.3,35.7,35.4,35.3,47.4,47.4
-0.0000038,47.5,35.5,35.5,35.4,35.5,35.3,35.4,35.5,35.5,35.5,35.4,47.5,35.4,35.4,35.3,35.2,35.4,35.2,35.5,35.5,35.7,47.6,35.2,35.3,35.2,35.6,35.2,35.4,35.6,35.3,35.6,47.6,35.2,35.7,35.3,35.5,35.3,35.4,35.4,35.4,35.5,47.5,35.5,35.5,35.4,35.5,35,35.3,35.4,35.5,35.3,47.5,35.8,35.4,35.5,35.3,35.2,35.6,35.4,35.3,35.4,47.5,35.2,35.4,35.4,35.3,35.4,35.2,35.3,35.3,35.2,47.6,35.3,35.2,34.5,35.3,35.1,35,35.1,35.2,35,47.6,35.4,35.3,35.3,35.2,35.4,35.4,35.4,35.2,35.2,47.6,35.2,35.5,35.3,35.6,35.3,35.2,47.5,47.5
-0.0000036,47.5,35.4,35.4,35.5,35.3,35.4,35.4,35.6,35.7,35.4,35.3,47.5,35.4,35.5,35.4,35.2,35.5,35.4,35.5,35.5,35.8,47.6,35.2,35.3,35.4,35.7,35.1,35.3,35.5,35.3,35.5,47.6,35.3,35.6,35.4,35.6,35.3,35.5,35.6,35.4,35.5,47.5,35.4,35.4,35.4,35.3,35.1,35.2,35.4,35.4,35.3,47.5,35.6,35.4,35.6,35.5,35.1,35.7,35.4,35.2,35.4,47.6,35.2,35.2,35.5,35.1,35.4,35.1,35.3,35.3,35.1,47.5,35.1,35.2,34.6,35.3,35.1,35.1,35.2,35.3,35.1,47.6,35.4,35.2,35.4,34.9,35.4,35.4,35.3,35.1,35.2,47.7,35.4,35.5,35.4,35.6,35.5,35.5,47.4,47.5
-0.0000034,47.5,35.5,35.2,35.5,35.3,35.3,35.4,35.6,35.7,35.4,35.5,47.5,35.5,35.4,35.4,35.3,35.4,35.2,35.4,35.5,35.6,47.6,35.5,35.3,35.6,35.6,35.1,35.5,35.4,35.5,35.4,47.4,35.4,35.5,35.4,35.7,35.3,35.5,35.6,35.3,35.5,47.5,35.7,35.5,35.4,35.3,35.3,35.4,35.2,35.3,35.2,47.6,35.5,35.3,35.8,35.4,35.2,35.7,35.3,35.2,35.3,47.6,35.2,35.2,35.4,35.3,35.4,35.1,35.2,35.2,35.1,47.7,35,35.2,34.8,35.5,35.1,35.2,35.3,35.3,35.1,47.6,35.3,35.1,35.2,34.9,35.6,35.5,35.2,35.1,35.2,47.7,35.3,35.5,35.4,35.5,35.7,35.4,47.4,47.5
-0.0000032,47.5,35.5,35.3,35.5,35.2,35.5,35.3,35.5,35.8,35.4,35.5,47.6,35.5,35.3,35.5,35.2,35.3,35.4,35.5,35.5,35.7,47.6,35.5,35.4,35.6,35.5,35.1,35.5,35.3,35.5,35.2,47.5,35.4,35.5,35.4,35.7,35.3,35.6,35.5,35.4,35.5,47.5,35.7,35.3,35.5,35.4,35.5,35.4,35.1,35.3,35.3,47.6,35.2,35.3,35.5,35.4,35.2,35.7,35.3,35,35.2,47.6,35.2,35.1,35.4,35.3,35.4,35,35.4,35.2,35.2,47.6,35,35.4,35,35.6,35.1,35.2,35.5,35.3,35,47.4,35.2,35,35.1,35,35.5,35.4,35.1,35.2,35.4,47.5,35.5,35.5,35.4,35.5,35.6,35.5,47.4,47.5
-0.000003,47.4,35.4,35.3,35.4,35.4,35.5,35.4,35.4,35.7,35.4,35.3,47.6,35.5,35.3,35.6,35.4,35.5,35.4,35.5,35.6,35.5,47.6,35.5,35.3,35.7,35.7,35.1,35.5,35.3,35.5,35.2,47.4,35.5,35.5,35.3,35.6,35.3,35.5,35.6,35.3,35.5,47.5,35.2,35.4,35.4,35.4,35.8,35.4,35,35.4,35.3,47.7,35.1,35.3,35.4,35.6,35.3,35.8,35.3,35.1,35.2,47.5,35.3,35.1,35.3,35.3,35.2,34.9,35.4,35.2,35.3,47.6,34.8,35.4,35.3,35.6,35,35.4,35.5,35.2,35.1,47.5,35.3,35.1,35.1,35.2,35.5,35.6,34.9,35.2,35.4,47.6,35.4,35.3,35.4,35.5,35.6,35.5,47.6,47.5
-0.0000028,47.5,35.3,35.3,35.4,35.6,35.5,35.4,35.3,35.6,35.7,35.5,47.5,35.6,35.3,35.5,35.5,35.4,35.4,35.5,35.4,35.4,47.5,35.6,35.4,35.7,35.4,35.4,35.5,35.3,35.6,35.2,47.5,35.4,35.5,35.4,35.5,35.5,35.8,35.5,35.3,35.5,47.6,35.1,35.4,35.3,35.4,35.8,35.5,35,35.4,35.3,47.5,35,35.4,35.2,35.6,35.3,35.7,35.3,35,35.3,47.6,35.2,35,35.4,35.3,35.2,35,35.4,35.3,35.3,47.7,34.8,35.4,35.5,35.4,35.1,35.4,35.6,35.3,35.2,47.5,35.1,35.2,35.1,35.4,35.5,35.7,34.9,35.2,35.4,47.6,35.4,35.5,35.4,35.4,35.5,35.5,47.4,47.5
-0.0000026,47.6,35.4,35.5,35.4,35.6,35.4,35.5,35.2,35.4,35.9,35.4,47.5,35.5,35.4,35.5,35.6,35.6,35.5,35.5,35.3,35.3,47.6,35.5,35.3,35.6,35.4,35.6,35.5,35.4,35.5,35.3,47.6,35.4,35.5,35.3,35.5,35.3,35.9,35.5,35.2,35.5,47.4,35.2,35.5,35.3,35.3,35.8,35.4,35.2,35.5,35.4,47.6,35,35.4,35.1,35.6,35.4,35.4,35.3,35.2,35.4,47.6,35.4,35,35.3,35.4,34.9,35.1,35.4,35.3,35.5,47.4,34.9,35.5,35.6,35.4,35.1,35.5,35.5,35.3,35.2,47.5,35.1,35.4,35.1,35.6,35.3,35.8,34.9,35.5,35.5,47.6,35.5,35.4,35.4,35.5,35.4,35.4,47.4,47.4
-0.0000024,47.6,35.3,35.6,35.4,35.8,35.5,35.5,35.2,35.4,35.7,35.5,47.6,35.5,35.5,35.3,35.5,35.5,35.5,35.5,35.4,35.3,47.6,35.5,35.5,35.5,35.4,35.7,35.5,35.4,35.5,35.5,47.6,35.4,35.5,35.3,35.5,35.2,35.7,35.5,35.3,35.5,47.5,35,35.6,35.4,35.3,35.7,35.4,35.2,35.3,35.3,47.6,35.2,35.3,35,35.6,35.6,35.3,35.3,35.4,35.3,47.6,35.3,35.2,35.4,35.4,35,35.1,35.4,35.3,35.4,47.7,35.1,35.4,35.6,35.3,35.1,35.4,35.4,35.3,35.3,47.4,35.1,35.5,35.1,35.8,35.4,35.8,35.1,35.5,35.5,47.6,35.4,35.4,35.3,35.5,35.2,35.3,47.5,47.4
-0.0000022,47.6,35.3,35.7,35.4,35.8,35.5,35.4,35.3,35.4,35.7,35.5,47.6,35.5,35.5,35.5,35.2,35.5,35.5,35.4,35.3,35.3,47.6,35.5,35.3,35.4,35.4,35.7,35.5,35.6,35.5,35.5,47.5,35.3,35.5,35.4,35.5,35.3,35.6,35.4,35.4,35.4,47.5,34.9,35.5,35.4,35.3,35.6,35.4,35.4,35.4,35.3,47.6,35.2,35.3,34.9,35.5,35.5,35.3,35.3,35.6,35.4,47.6,35.2,35.4,35.4,35.3,35,35.2,35.3,35.2,35.5,47.6,35.3,35.4,35.6,35.2,35.2,35.3,35.3,35.2,35.3,47.5,35.4,35.7,35.2,35.7,35.2,35.6,35.2,35.7,35.5,47.6,35.3,35.5,35.4,35.7,35.2,35.3,47.4,47.5
-0.000002,47.5,35.3,35.9,35.5,35.9,35.4,35.5,35.3,35.5,35.5,35.5,47.6,35.5,35.6,35.3,34.9,35.7,35.7,35.3,35.3,35.3,47.7,35.4,35.3,35.2,35.4,35.6,35.5,35.3,35.2,35.6,47.5,35.3,35.4,35.3,35.6,35.3,35.5,35.4,35.4,35.5,47.6,35,35.6,35.4,35.3,35.3,35.4,35.4,35.4,35.3,47.5,35.4,35.3,34.9,35.4,35.4,35.1,35.3,35.5,35.5,47.7,35.2,35.4,35.4,35.3,35.2,35.5,35.2,35.3,35.5,47.6,35.3,35.1,35.4,35.1,35.2,35.2,35.1,35.2,35.3,47.5,35.4,35.6,35.2,35.6,35.1,35.5,35.3,35.6,35.4,47.6,35.3,35.5,35.4,35.7,35.2,35.2,47.4,47.6
-0.0000018,47.6,35.3,35.8,35.4,35.8,35.4,35.4,35.5,35.5,35.4,35.5,47.6,35.5,35.6,35.3,34.9,35.6,35.7,35.5,35.3,35.2,47.5,35.2,35.3,35.3,35.4,35.4,35.3,35.4,35.4,35.6,47.6,35.3,35.4,35.4,35.8,35.3,35.4,35.5,35.5,35.5,47.5,35.3,35.6,35.5,35.3,35.2,35.4,35.6,35.3,35.4,47.5,35.5,35.4,34.8,35.3,35.5,35.3,35.4,35.6,35.4,47.6,35.2,35.5,35.4,35.3,35.3,35.5,35,35.3,35.4,47.7,35.4,35.2,35.2,34.9,35.2,35.2,35,35.1,35.1,47.5,35.3,35.6,35.2,35.4,35.2,35.4,35.4,35.5,35.4,47.6,35.3,35.3,35.4,35.6,35.2,35.2,47.6,47.4
-0.0000016,47.6,35.5,35.5,35.4,35.7,35.4,35.5,35.5,35.5,35.3,35.4,47.7,35.5,35.6,35.2,34.8,35.7,35.7,35.5,35.4,35.3,47.5,35.2,35.3,35.3,35.4,35.4,35.5,35.2,35.4,35.7,47.4,35.4,35.3,35.4,35.6,35.3,35.4,35.4,35.4,35.5,47.6,35.5,35.6,35.5,35.3,35.1,35.4,35.7,35.2,35.3,47.5,35.7,35.4,35.1,35.3,35.4,35.3,35.4,35.6,35.4,47.7,35.2,35.7,35.3,35.3,35.2,35.5,34.8,35.3,35.3,47.7,35.5,35,35,35.1,35.1,35,34.9,35.1,35.3,47.6,35.3,35.6,35.3,35.3,35.1,35.2,35.4,35.5,35.5,47.6,35.3,35.2,35.4,35.5,35.2,35.2,47.4,47.5
-0.0000014,47.5,35.3,35.4,35.5,35.7,35.3,35.5,35.7,35.7,35.3,35.5,47.6,35.6,35.6,35.2,35,35.5,35.7,35.5,35.4,35.4,47.6,35.3,35.4,35.2,35.4,35.1,35.5,35.5,35.5,35.7,47.6,35.3,35.3,35.5,35.6,35.4,35.2,35.5,35.6,35.5,47.5,35.4,35.8,35.5,35.4,35.1,35.4,35.5,35.3,35.3,47.5,35.8,35.3,35.2,35.2,35.5,35.4,35.3,35.5,35.4,47.6,35.2,35.6,35.4,35.1,35.4,35.5,34.9,35.4,35.2,47.5,35.5,35.1,35,35.1,35.2,34.9,35,35.2,35.1,47.7,35.2,35.5,35.3,34.9,35.3,35.3,35.4,35.3,35.4,47.5,35.4,35.2,35.4,35.4,35.4,35.2,47.5,47.5
-0.0000012,47.7,35.5,35.1,35.5,35.4,35.3,35.3,35.6,35.7,35.2,35.5,47.6,35.6,35.6,35.3,35.2,35.5,35.7,35.5,35.4,35.5,47.5,35.3,35.4,35.2,35.4,35.1,35.5,35.4,35.5,35.7,47.5,35.5,35.2,35.5,35.4,35.5,35.2,35.5,35.4,35.5,47.7,35.7,36,35.6,35.3,35.3,35.4,35.3,35.1,35.2,47.6,35.8,35.4,35.3,35.2,35.5,35.3,35.4,35.3,35.4,47.5,35.2,35.4,35.4,35,35.5,35.5,34.8,35.2,35.1,47.6,35.4,35.1,35.1,35.3,35.3,35,35.1,35.3,35.1,47.6,35.2,35.3,35.5,35,35.4,35.1,35.4,35.3,35.3,47.7,35.3,34.9,35.4,35.4,35.5,35.4,47.4,47.4
-0.000001,47.6,35.5,35,35.5,35.5,35.3,35.5,35.7,35.7,35.2,35.5,47.5,35.6,35.4,35.5,35.5,35.5,35.7,35.5,35.3,35.5,47.6,35.3,35.3,35.2,35.4,35.2,35.5,35.6,35.6,35.6,47.5,35.4,35.3,35.4,35.5,35.5,35.2,35.6,35.5,35.5,47.5,35.6,36,35.5,35.3,35.3,35.4,35.5,35.2,35.1,47.7,35.7,35.3,35.3,35.3,35.4,35.5,35.4,35.2,35.4,47.6,35.3,35.3,35.4,35,35.4,35.4,35,35.2,34.9,47.4,35.3,35.1,35,35.3,35.3,35,35.3,35.3,35.3,47.6,35.3,35.3,35.4,35,35.4,35.3,35.4,35.2,35.4,47.6,35.3,35,35.3,35.2,35.6,35.5,47.4,47.5
-0.0000008,47.4,35.3,34.8,35.5,35.4,35.3,35.6,35.6,35.6,35.3,35.4,47.5,35.5,35.3,35.4,35.8,35.4,35.7,35.5,35.5,35.6,47.5,35.5,35.4,35.2,35.6,35.3,35.5,35.6,35.6,35.6,47.5,35.5,35.5,35.4,35.4,35.5,35.5,35.6,35.4,35.4,47.7,35.4,36,35.5,35.3,35.5,35.4,35.2,35.2,35.3,47.4,35.8,35.3,35.2,35.3,35.3,35.4,35.2,35.3,35.3,47.6,35.2,35.3,35.3,35.3,35.4,35.4,35,35.2,34.8,47.6,35.1,35.2,35.1,35.4,35.2,35.2,35.5,35.3,35.2,47.6,35.3,35.1,35.5,35.3,35.4,35.2,35.4,35.1,35.3,47.5,35.3,34.8,35.4,35.2,35.5,35.6,47.5,47.5
-0.0000006,47.6,35.3,35,35.6,35.4,35.4,35.5,35.3,35.4,35.4,35.3,47.6,35.5,35.4,35.5,35.9,35.4,35.7,35.5,35.4,35.7,47.5,35.5,35.4,35.4,35.6,35.6,35.5,35.4,35.5,35.5,47.6,35.3,35.5,35.4,35.4,35.6,35.5,35.5,35.4,35.5,47.5,35.5,35.8,35.4,35.6,35.5,35.5,35.1,35.2,35.4,47.7,35.4,35.3,35.3,35.5,35.3,35.4,35.3,35.3,35.3,47.7,35.3,35.1,35.4,35.3,35.4,35.3,35.4,35.3,35.1,47.5,35,35.2,35.2,35.3,35.3,35.5,35.4,35.3,35.2,47.5,35.2,35.1,35.5,35.4,35.4,35,35.3,35,35.4,47.6,35.2,34.8,35.6,35.2,35.7,35.6,47.4,47.4
-0.0000004,47.5,35.4,35,35.7,35.4,35.3,35.5,35.3,35.4,35.3,35.3,47.6,35.2,35.4,35.5,36,35.5,35.6,35.5,35.5,35.7,47.6,35.7,35.6,35.4,35.5,35.7,35.5,35.3,35.6,35.4,47.5,35.2,35.6,35.4,35.5,35.7,35.5,35.5,35.4,35.4,47.5,35.4,35.7,35.4,35.4,35.7,35.4,35.3,35.4,35.5,47.5,35.5,35.3,35.2,35.7,35.4,35.3,35.3,35.4,35.3,47.5,35.3,34.9,35.3,35.4,35.3,35.2,35.4,35.2,35.2,47.4,34.9,35.5,35,35.4,35.3,35.5,35.5,35.3,35.3,47.6,35.2,35.2,35.4,35.5,35.3,35.1,35.2,34.9,35.4,47.5,35.4,34.8,35.4,35.2,35.6,35.7,47.4,47.4
-0.0000002,47.6,35.3,35.1,35.6,35.3,35.4,35.5,35.3,35.2,35.5,35.3,47.5,35.2,35.6,35.4,35.8,35.4,35.5,35.6,35.6,35.7,47.7,35.8,35.3,35.4,35.5,35.8,35.5,35.1,35.5,35.5,47.5,35.3,35.6,35.4,35.5,35.5,35.5,35.5,35.4,35.5,47.6,35.4,35.5,35.5,35.4,35.5,35.4,35.4,35.4,35.6,47.6,35.2,35.3,35.2,35.7,35.4,35.3,35.2,35.5,35.3,47.6,35.2,34.9,35.3,35.4,35.2,35.1,35.6,35.2,35.2,47.5,35,35.5,35,35.3,35.3,35.4,35.5,35.4,35.3,47.5,35.2,35.3,35.3,35.6,35.4,35.2,35.3,35.1,35.4,47.7,35.4,34.9,35.4,35.1,35.5,35.6,47.4,47.4
-1.14E-20,47.6,35.3,35.2,35.7,35.5,35.5,35.5,35.3,35.3,35.4,35.3,47.6,35,35.6,35.2,35.8,35.6,35.5,35.7,35.3,35.6,47.7,35.6,35.4,35.5,35.5,35.9,35.5,35.1,35.5,35.5,47.5,35,35.6,35.4,35.5,35.5,35.4,35.5,35.4,35.4,47.5,35.5,35.2,35.6,35.3,35.5,35.4,35.5,35.4,35.6,47.6,35.2,35.5,35.2,35.7,35.4,35.1,35.3,35.5,35.3,47.5,35.2,34.9,35.4,35.4,35.1,35.2,35.4,35.2,35.4,47.6,35.1,35.4,35,35.3,35.3,35.4,35.3,35.3,35.3,47.6,35.2,35.2,35.2,35.6,35.3,35.2,35.2,35.1,35.4,47.6,35.3,35.2,35.4,35.2,35.5,35.5,47.5,47.4
0.0000002,47.5,35.2,35.3,35.6,35.5,35.5,35.6,35.2,35.2,35.4,35.3,47.7,35,35.6,35.2,35.7,35.4,35.4,35.7,35.3,35.5,47.6,35.7,35.3,35.7,35.5,35.8,35.4,35.2,35.5,35.4,47.5,34.9,35.5,35.4,35.6,35.4,35.2,35.6,35.3,35.4,47.5,35.6,35.1,35.7,35.3,35.5,35.3,35.7,35.5,35.7,47.5,35.3,35.3,35.2,35.5,35.4,35,35.3,35.6,35.4,47.6,35.2,34.9,35.4,35.4,35.2,35.1,35.4,35.2,35.7,47.5,35.2,35.5,35,35.3,35.3,35.3,35.2,35.3,35.1,47.5,35.3,35.4,35.1,35.4,35.4,35.3,35.2,35.2,35.4,47.5,35.4,35.4,35.4,35.3,35.5,35.5,47.3,47.4
0.0000004,47.5,35.2,35.2,35.7,35.4,35.5,35.7,35.4,35.3,35.4,35.4,47.6,35.1,35.6,35.1,35.4,35.5,35.3,35.6,35.4,35.5,47.5,35.6,35.3,35.6,35.4,35.7,35.3,35.3,35.4,35.4,47.4,35.1,35.4,35.5,35.5,35.3,35.1,35.5,35.4,35.4,47.6,35.7,35,35.7,35.3,35.3,35.4,35.7,35.5,35.6,47.6,35.3,35.3,35.4,35.5,35.4,35.1,35.3,35.7,35.4,47.6,35.2,35,35.2,35.3,35.1,35.1,35.4,35.2,35.5,47.5,35.2,35.3,35.1,35.2,35.4,35.1,35.2,35.3,35.3,47.6,35.3,35.4,35,35.4,35.3,35.3,35.2,35.3,35.3,47.5,35.3,35.5,35.3,35.3,35.4,35.3,47.4,47.4
0.0000006,47.5,35.2,35.2,35.4,35.5,35.5,35.7,35.3,35.4,35.3,35.3,47.6,35.2,35.7,35.1,35.4,35.5,35.4,35.3,35.4,35.4,47.6,35.5,35.3,35.5,35.5,35.6,35.2,35.6,35.4,35.5,47.6,35.4,35.4,35.4,35.5,35.2,35.1,35.4,35.3,35.2,47.5,35.6,35.1,35.6,35.3,35.3,35.3,35.8,35.5,35.4,47.4,35.3,35.4,35.4,35.5,35.5,35.2,35.4,35.5,35.4,47.6,35.3,35.2,35.1,35.5,35.1,35.1,35.1,35.3,35.4,47.4,35.3,35.3,35.3,35.1,35.2,35,35.2,35.3,35.1,47.4,35.4,35.4,34.8,35.3,35.3,35.3,35.2,35.4,35.4,47.5,35.4,35.4,35.3,35.4,35.2,35.5,47.4,47.5
0.0000008,47.5,35.3,35.2,35.4,35.5,35.5,35.6,35.4,35.3,35.4,35.2,47.6,35.3,35.6,35,35.3,35.6,35.4,35.2,35.3,35.2,47.5,35.3,35.5,35.5,35.4,35.5,35.3,35.7,35.5,35.4,47.4,35.6,35.3,35.5,35.3,35.2,35,35.5,35.4,35.5,47.5,35.7,35.2,35.7,35.3,35.3,35.5,35.7,35.5,35.3,47.5,35.4,35.3,35.5,35.2,35.4,35.2,35.4,35.5,35.3,47.6,35.3,35.4,35.3,35.6,35.1,35.1,35.2,35.5,35.3,47.6,35.3,35.2,35.3,35.2,35.2,35,35.3,35.3,35.2,47.5,35.4,35.4,34.9,35.3,35.3,35.3,35.2,35.3,35.2,47.6,35.3,35.4,35.3,35.5,35.4,35.4,47.4,47.4
0.000001,47.5,35.3,35.2,35.3,35.5,35.4,35.5,35.5,35.4,35.5,35.3,47.5,35.3,35.6,35.1,35.3,35.4,35.7,35.3,35.3,35.3,47.5,35.4,35.6,35.5,35.7,35.4,35.2,35.9,35.5,35.6,47.6,35.6,35.2,35.5,35.4,35.2,35.1,35.4,35.4,35.3,47.7,35.4,35.6,35.7,35.4,35.3,35.4,35.7,35.5,35.1,47.6,35.6,35.3,35.6,35.2,35.4,35.3,35.5,35.5,35.4,47.6,35.2,35.4,35.3,35.6,35.1,35.1,34.9,35.4,35.2,47.5,35.4,35.1,35.5,35.1,35.2,35,35.2,35.3,35.2,47.5,35.3,35.4,35.1,35.1,35.3,35.2,35.2,35.4,35.3,47.6,35.3,35.2,35.2,35.5,35.4,35.5,47.4,47.6
0.0000012,47.5,35.5,35.2,35.2,35.4,35.4,35.3,35.5,35.4,35.4,35.2,47.5,35.3,35.5,35.3,35.3,35.4,35.8,35.2,35.3,35.2,47.5,35.4,35.3,35.4,35.6,35.3,35.3,36,35.5,35.4,47.5,35.6,35.2,35.5,35.4,35.2,35.3,35.5,35.3,35.2,47.5,35.5,35.7,35.5,35.3,35.4,35.6,35.6,35.4,35.3,47.5,35.7,35.4,35.8,35.2,35.3,35.4,35.6,35.4,35.4,47.5,35.2,35.5,35.3,35.6,35.2,35.2,35.1,35.3,35,47.7,35.3,35.1,35.5,35.2,35.2,35.3,35.3,35.3,35.2,47.5,35.4,35.3,35.2,35,35.4,35.2,35.2,35.4,35.2,47.6,35.3,35,35.1,35.5,35.5,35.5,47.5,47.4
0.0000014,47.5,35.5,35.2,35.2,35.4,35.4,35.1,35.6,35.4,35.3,35.3,47.4,35.5,35.4,35.5,35.6,35.4,35.9,35.3,35.5,35.2,47.5,35.1,35.4,35.5,35.8,35.4,35.5,35.8,35.5,35.2,47.5,35.6,35.2,35.4,35.4,35.3,35.4,35.5,35.4,35.2,47.5,35.3,35.6,35.5,35.5,35.5,35.5,35.5,35.6,35.3,47.5,35.6,35.5,35.7,35.2,35.3,35.3,35.4,35.2,35.4,47.7,35.2,35.4,35.4,35.6,35.3,35.3,35.2,35.3,35,47.5,35.4,35.2,35.5,35.3,35.1,35.4,35.2,35.2,35.2,47.5,35.2,35.2,35.3,35.1,35.3,35.4,35.4,35.2,35.1,47.5,35.3,34.8,35.2,35.5,35.5,35.5,47.6,47.4
0.0000016,47.5,35.6,35.4,35.3,35.4,35.5,35,35.5,35.4,35.4,35.3,47.5,35.5,35.4,35.6,35.5,35.4,35.8,35.3,35.4,35.2,47.5,35.5,35.3,35.6,35.7,35.4,35.4,35.7,35.4,35.2,47.5,35.5,35.3,35.4,35.4,35.4,35.6,35.5,35.4,35.2,47.6,35.2,35.6,35.4,35.4,35.5,35.7,35.5,35.6,35.2,47.5,35.6,35.4,35.5,35.3,35.5,35.5,35.3,35.2,35.4,47.4,35.2,35.4,35.3,35.6,35.3,35.3,35.3,35.2,35,47.6,35.3,35.2,35.6,35.3,35.1,35.4,35.2,35.3,35.2,47.5,35.2,35.3,35.3,35.1,35.5,35.3,35.4,35.2,35.1,47.5,35.2,35,35.2,35.5,35.6,35.5,47.5,47.5
0.0000018,47.6,35.8,35.5,35.3,35.5,35.5,35.1,35.5,35.4,35.5,35.2,47.6,35.5,35.2,35.6,35.6,35.4,35.8,35.4,35.3,35.4,47.6,35.3,35.3,35.7,35.7,35.4,35.5,35.5,35.5,35.4,47.5,35.3,35.5,35.5,35.5,35.5,35.7,35.4,35.6,35.3,47.5,35.2,35.3,35.5,35.4,35.5,35.5,35.3,35.5,35.4,47.6,35.5,35.4,35.4,35.2,35.4,35.4,35.2,35.1,35.4,47.6,35.1,35.4,35.3,35.6,35.4,35.2,35.3,35.2,35.1,47.7,35.1,35.2,35.5,35.2,35.2,35.5,35.1,35.3,35.2,47.5,35.2,35.3,35.4,35.3,35.5,35.4,35.4,35.2,35.4,47.6,35.4,35.1,35.2,35.4,35.7,35.5,47.4,47.5
0.000002,47.4,35.7,35.4,35.4,35.6,35.4,35.3,35.5,35.4,35.5,35.4,47.6,35.8,35.3,35.9,35.5,35.5,35.7,35.5,35.4,35.5,47.5,35.3,35.3,35.7,35.7,35.6,35.3,35.3,35.5,35.3,47.4,35,35.5,35.4,35.5,35.5,35.7,35.5,35.6,35.5,47.4,35.2,35.1,35.4,35.4,35.6,35.4,35.4,35.5,35.3,47.5,35.4,35.5,35.4,35.3,35.5,35.4,35.1,35.2,35.4,47.6,35.1,35.2,35.4,35.5,35.4,35.2,35.4,35.2,35.2,47.4,35.1,35.3,35.3,35.3,35.2,35.5,34.9,35.3,35.3,47.6,35.2,35,35.4,35.3,35.3,35.4,35.5,35,35.3,47.6,35.3,35.2,35.3,35.3,35.5,35.5,47.5,47.5
0.0000022,47.4,35.6,35.6,35.5,35.6,35.5,35.3,35.5,35.4,35.4,35.5,47.7,35.7,35.4,35.7,35.4,35.4,35.5,35.6,35.4,35.5,47.6,35.4,35.4,35.8,35.6,35.7,35.5,35.1,35.6,35.3,47.6,34.8,35.5,35.4,35.5,35.5,35.7,35.5,35.8,35.7,47.5,35.3,35.1,35.5,35.4,35.5,35.3,35.3,35.5,35.3,47.7,35.4,35.4,35.2,35.4,35.5,35.4,35,35.4,35.4,47.5,35.1,35.1,35.4,35.5,35.4,35.1,35.5,35.3,35.4,47.5,35.2,35.4,35.1,35.2,35.2,35.3,35,35.4,35.3,47.6,35.2,35,35.4,35.4,35.4,35.2,35.4,34.9,35.4,47.5,35.4,35.3,35.4,35.2,35.5,35.4,47.3,47.4
0.0000024,47.5,35.5,35.6,35.5,35.6,35.5,35.5,35.5,35.3,35.5,35.4,47.7,35.7,35.4,35.7,35.4,35.4,35.3,35.6,35.5,35.6,47.6,35.3,35.5,35.7,35.5,35.6,35.4,35.2,35.5,35.2,47.5,35,35.5,35.4,35.5,35.5,35.5,35.5,35.7,35.7,47.6,35.5,35.2,35.5,35.3,35.5,35.3,35.4,35.4,35.4,47.5,35.4,35.5,35.1,35.5,35.3,35.4,35.1,35.3,35.4,47.5,35.2,35.1,35.4,35.4,35.3,35.2,35.6,35.3,35.5,47.5,35.2,35.5,35.1,35.3,35.1,35.2,35,35.4,35.5,47.6,35.2,35,35.2,35.3,35.4,35.1,35.4,35,35.4,47.6,35.3,35.5,35.6,35.3,35.2,35.4,47.4,47.4
0.0000026,47.4,35.4,35.6,35.5,35.7,35.4,35.6,35.4,35.4,35.5,35.5,47.5,35.4,35.6,35.5,35.4,35.4,35.2,35.6,35.5,35.7,47.6,35.4,35.5,35.5,35.2,35.4,35.5,35.2,35.5,35.4,47.6,35,35.5,35.4,35.5,35.4,35.4,35.5,35.7,35.8,47.6,35.5,35.2,35.5,35.3,35.4,35.2,35.4,35.4,35.3,47.6,35.3,35.4,35.2,35.5,35.3,35.4,35.2,35.5,35.4,47.5,35.3,35.1,35.4,35.4,35.3,35,35.4,35.5,35.7,47.5,35.2,35.4,35.1,35.3,35.3,34.9,35.1,35.4,35.4,47.6,35.4,35,35.3,35.2,35.3,35.1,35.3,35.1,35.4,47.6,35.3,35.4,35.5,35.3,35.2,35.3,47.5,47.4
0.0000028,47.4,35.2,35.5,35.5,35.8,35.5,35.7,35.3,35.4,35.6,35.5,47.6,35.5,35.6,35.4,35.4,35.5,35.2,35.6,35.3,35.5,47.5,35.3,35.6,35.5,35.2,35.3,35.3,35.2,35.4,35.4,47.5,35.2,35.5,35.4,35.3,35.4,35.2,35.5,35.6,35.9,47.5,35.6,35.5,35.6,35.3,35.4,35.1,35.5,35.3,35.3,47.5,35.4,35.4,35.5,35.4,35.4,35.3,35.3,35.5,35.4,47.4,35.4,35.1,35.4,35.3,35.3,35.1,35.4,35.6,35.7,47.5,35.3,35.4,35.2,35.3,35.3,34.9,35.2,35.4,35.5,47.5,35.4,35.1,35.1,35,35.3,35,35.2,35.2,35.4,47.5,35.2,35.3,35.5,35.2,35.2,35.3,47.5,47.5
0.000003,47.6,35.2,35.5,35.6,35.6,35.4,35.5,35.3,35.5,35.5,35.3,47.5,35.4,35.5,35.3,35.3,35.6,35.1,35.5,35.3,35.5,47.5,35.4,35.5,35.2,35,35.3,35.5,35.5,35.5,35.4,47.6,35.3,35.4,35.4,35.3,35.3,35.2,35.5,35.4,35.8,47.5,35.4,35.7,35.4,35.5,35.3,35.2,35.4,35.3,35.4,47.6,35.4,35.4,35.6,35.5,35.3,35.4,35.3,35.5,35.4,47.5,35.4,35.4,35.4,35.3,35.2,35.2,35.2,35.6,35.6,47.6,35.4,35.3,35.2,35.3,35.3,34.9,35.2,35.4,35.3,47.6,35.3,35.4,35.1,34.9,35.2,35.1,35.2,35.2,35.4,47.6,35.4,35.3,35.6,35.3,35.3,35.2,47.4,47.3
0.0000032,47.5,35.2,35.3,35.6,35.7,35.5,35.5,35.2,35.6,35.5,35.3,47.6,35.2,35.5,35.3,35.3,35.6,35.3,35.5,35.3,35.5,47.6,35.3,35.5,35.2,35.2,35.4,35.4,35.5,35.4,35.5,47.6,35.3,35.4,35.5,35.4,35.3,35.2,35.5,35.4,35.6,47.5,35.4,35.8,35.4,35.5,35.3,35.3,35.5,35.2,35.5,47.7,35.4,35.5,35.7,35.4,35.3,35.5,35.3,35.4,35.4,47.6,35.5,35.3,35.4,35.3,35.3,35.1,35.2,35.6,35.6,47.4,35.3,35.2,35.2,35.3,35.5,34.9,35.3,35.3,35.3,47.6,35.3,35.4,35.1,35,35.3,35.4,35,35.3,35.4,47.6,35.4,35.3,35.5,35.4,35.3,35.2,47.5,47.4
0.0000034,47.5,35.2,35.3,35.5,35.7,35.5,35.3,35.4,35.8,35.5,35.2,47.5,35.2,35.5,35.2,35.3,35.7,35.2,35.3,35.4,35.3,47.5,35.3,35.6,35.2,35.2,35.3,35.3,35.5,35.5,35.4,47.5,35.5,35.5,35.4,35.2,35.3,35.2,35.5,35.1,35.4,47.6,35.3,35.8,35.3,35.6,35.5,35.3,35.7,35.2,35.6,47.6,35.4,35.3,35.6,35.5,35.3,35.4,35.4,35.2,35.4,47.4,35.6,35.5,35.4,35.3,35.2,35.2,35.3,35.5,35.6,47.5,35.3,35.2,35.2,35.3,35.4,35,35.4,35.3,35.1,47.5,35.3,35.5,35,35,35.3,35.5,35.1,35.4,35.3,47.6,35.3,35.1,35.3,35.3,35.5,35.3,47.4,47.4
0.0000036,47.5,35.2,35.3,35.4,35.5,35.4,35.3,35.5,35.8,35.6,35.2,47.6,35.2,35.5,35.2,35.3,35.6,35.6,35.2,35.4,35.4,47.6,35.2,35.5,35.2,35.4,35.4,35.4,35.6,35.4,35.5,47.5,35.5,35.5,35.5,35.2,35.2,35.3,35.4,35.1,35.4,47.6,35.3,35.8,35.3,35.6,35.4,35.6,35.6,35.3,35.7,47.4,35.4,35.4,35.6,35.4,35.2,35.3,35.4,35.1,35.4,47.6,35.4,35.4,35.4,35.3,35.2,35.2,35.2,35.4,35.5,47.6,35.3,35.2,35.4,35.3,35.5,35.1,35.4,35.3,35,47.4,35.2,35.6,35.1,35.1,35.2,35.7,35.1,35.4,35.2,47.6,35.3,35.3,35.4,35.4,35.7,35.4,47.4,47.5
0.0000038,47.6,35.4,35.4,35.4,35.4,35.3,35.3,35.5,35.7,35.5,35.2,47.5,35.3,35.3,35.2,35.3,35.6,35.7,35.1,35.5,35.5,47.5,35.4,35.4,35.2,35.6,35.7,35.5,35.7,35.2,35.5,47.6,35.3,35.5,35.5,35.4,35.3,35.4,35.4,35.3,35.2,47.5,35.2,35.6,35.2,35.5,35.5,35.7,35.5,35.4,35.8,47.5,35.3,35.3,35.3,35.4,35.3,35.3,35.5,35,35.4,47.5,35.4,35.6,35.4,35.3,35.3,35.2,35.3,35.2,35.5,47.6,35.3,35.2,35.3,35.3,35.5,35.1,35.3,35.3,34.8,47.5,35.3,35.4,35.2,35.4,35.4,35.7,35.1,35.4,35.2,47.6,35.4,35.4,35.3,35.4,35.7,35.3,47.5,47.5
0.000004,47.4,35.5,35.6,35.3,35.6,35.3,35.3,35.5,35.6,35.5,35.3,47.6,35.5,35.5,35.5,35.3,35.5,35.7,35.3,35.7,35.3,47.6,35.3,35.3,35.2,35.7,35.7,35.4,35.8,35.3,35.4,47.5,35.3,35.4,35.5,35.5,35.4,35.4,35.4,35.4,35.2,47.5,35.4,35.6,35.3,35.5,35.5,35.7,35.6,35.3,35.6,47.6,35.3,35.3,35.1,35.4,35.3,35.2,35.5,35,35.4,47.6,35.2,35.6,35.3,35.3,35.4,35.1,35.2,35.2,35.4,47.5,35.2,35.2,35.5,35.3,35.6,35.2,35.5,35.2,35,47.5,35.4,35.2,35.3,35.4,35.4,35.7,35.3,35.4,35.1,47.5,35.3,35.5,35.3,35.4,35.7,35.5,47.5,47.4
0.0000042,47.5,35.7,35.6,35.4,35.4,35.4,35.4,35.5,35.5,35.6,35.4,47.6,35.6,35.5,35.5,35.3,35.6,35.7,35.2,35.7,35.4,47.6,35.5,35.3,35.1,35.7,35.7,35.5,35.7,35.2,35.3,47.5,35,35.4,35.5,35.5,35.4,35.5,35.5,35.4,35.2,47.6,35.4,35.4,35.5,35.5,35.5,35.7,35.6,35.4,35.5,47.4,35.3,35.3,35,35.4,35.4,35.3,35.5,35,35.3,47.4,35.2,35.4,35.2,35.2,35.5,35,35.3,35.2,35.4,47.5,35.2,35.2,35.3,35.3,35.5,35.3,35.5,35.2,35.1,47.5,35.3,35.1,35.3,35.6,35.3,35.6,35.3,35.3,35.2,47.6,35.4,35.7,35.3,35.4,35.7,35.4,47.4,47.5
0.0000044,47.5,35.7,35.5,35.4,35.5,35.5,35.3,35.5,35.4,35.7,35.5,47.4,35.6,35.4,35.7,35.3,35.5,35.7,35.4,35.7,35.5,47.4,35.4,35.2,35.2,35.7,35.7,35.5,35.6,35.5,35.4,47.6,35.1,35.5,35.6,35.4,35.4,35.6,35.4,35.6,35.2,47.6,35.4,35.4,35.3,35.3,35.5,35.7,35.5,35.6,35.3,47.4,35.3,35.3,34.9,35.4,35.3,35.3,35.4,35,35.3,47.6,35.2,35.4,35.2,35.2,35.5,35.2,35.2,35.1,35.2,47.6,35.3,35.2,35.2,35.1,35.3,35.3,35.4,35.3,35,47.6,35.3,35,35.4,35.5,35.3,35.2,35.4,35.3,35.3,47.6,35.4,35.8,35.3,35.3,35.5,35.2,47.4,47.5
0.0000046,47.4,35.6,35.5,35.7,35.6,35.3,35.3,35.4,35.2,35.7,35.5,47.5,35.6,35.5,35.6,35.5,35.4,35.7,35.5,35.7,35.4,47.6,35.4,35.3,35.3,35.7,35.7,35.5,35.4,35.5,35.3,47.4,35.1,35.5,35.7,35.5,35.3,35.6,35.4,35.7,35.5,47.6,35.4,35.3,35.5,35.3,35.5,35.5,35.5,35.6,35.2,47.4,35.3,35.3,35,35.4,35.2,35.3,35.4,35.3,35.4,47.5,35.2,35.3,35.1,35.1,35.4,35.3,35.3,35.2,35.1,47.5,35.3,35.2,35.2,35.2,35.1,35.3,35.3,35.1,35.1,47.6,35.2,34.9,35.3,35.5,35.4,35,35.4,35.3,35.4,47.5,35.4,35.8,35.5,35.5,35.3,35.4,47.4,47.4
0.0000048,47.5,35.6,35.3,35.8,35.5,35.5,35.3,35.4,35.1,35.6,35.5,47.5,35.6,35.5,35.8,35.4,35.3,35.6,35.6,35.5,35.3,47.5,35.5,35.3,35.5,35.5,35.6,35.5,35.3,35.5,35.4,47.4,35.2,35.5,35.6,35.5,35.3,35.6,35.5,35.6,35.5,47.5,35.4,35.2,35.6,35.2,35.5,35.4,35.5,35.6,35.1,47.5,35.3,35.4,35.2,35.4,35.3,35.4,35.3,35.3,35.5,47.6,35.1,35.4,35.1,35,35.2,35.2,35.2,35.4,35.1,47.4,35.3,35.1,35.1,35.3,35,35.3,35.3,35,35.3,47.5,35.2,34.7,35.3,35.4,35.4,34.9,35.3,35.3,35.4,47.6,35.5,35.6,35.5,35.3,35.2,35.3,47.4,47.5
0.000005,47.6,35.5,35.4,35.8,35.5,35.5,35.3,35.4,35,35.4,35.7,47.5,35.6,35.5,35.6,35.3,35.5,35.5,35.6,35.3,35.4,47.6,35.4,35.5,35.6,35.4,35.5,35.4,35.2,35.7,35.3,47.5,35.6,35.5,35.5,35.5,35.3,35.5,35.5,35.7,35.8,47.5,35.4,35.4,35.7,35.3,35.6,35.4,35.5,35.5,35.1,47.5,35.4,35.3,35.3,35.4,35.3,35.2,35.3,35.4,35.5,47.5,35.4,35.3,35.1,35.2,35.2,35.3,35.2,35.3,35.1,47.6,35.1,35.2,35,35.3,35,35.3,35.3,35,35.3,47.4,35.1,34.9,35.3,35.3,35.5,35,35.3,35.3,35.4,47.6,35.4,35.6,35.5,35.5,35.2,35.3,47.4,47.6
0.0000052,47.4,35.4,35.3,35.8,35.5,35.4,35.2,35.4,35.1,35.4,35.6,47.6,35.5,35.6,35.7,35.3,35.5,35.3,35.6,35.2,35.4,47.6,35.4,35.5,35.6,35.3,35.4,35.5,35.2,35.8,35.3,47.5,35.7,35.5,35.5,35.5,35.4,35.6,35.5,35.6,35.7,47.6,35.4,35.4,35.6,35.3,35.5,35.4,35.5,35.5,35.1,47.6,35.3,35.3,35.4,35.3,35.4,35.5,35.3,35.4,35.4,47.6,35.4,35.4,35.1,35.1,35.1,35.3,35.3,35.4,35,47.5,35.1,35.1,35.2,35.2,35.1,35.3,35.3,35,35.3,47.4,35,35.2,35.2,35.3,35.3,35.1,35.3,35.3,35.4,47.5,35.3,35.4,35.4,35.6,35.2,35.2,47.3,47.5
0.0000054,47.5,35.3,35.4,35.7,35.5,35.4,35.3,35.6,35.1,35.5,35.5,47.6,35.3,35.6,35.6,35.3,35.3,35.3,35.6,35.2,35.4,47.6,35.5,35.8,35.6,35.2,35.5,35.4,35.1,35.7,35.3,47.6,35.9,35.5,35.4,35.5,35.4,35.6,35.5,35.6,35.7,47.6,35.4,35.4,35.6,35.4,35.4,35.3,35.6,35.3,35.2,47.6,35.3,35.4,35.4,35.4,35.3,35.3,35.3,35.4,35.4,47.4,35.4,35.4,35.1,35.4,35,35.4,35.2,35.5,35,47.5,35,35.3,35,35.2,35.1,35.3,35.2,35,35.3,47.6,35.1,35.4,35.1,35.1,35.4,35.3,35.1,35.3,35.3,47.5,35.4,35.3,35.4,35.7,35.3,35.3,47.4,47.4
0.0000056,47.5,35.3,35.5,35.7,35.5,35.3,35.2,35.6,35.4,35.5,35.5,47.6,35.2,35.5,35.5,35.5,35.4,35.2,35.4,35.2,35.3,47.5,35.4,35.7,35.7,35.2,35.6,35.4,35.1,35.7,35.5,47.4,35.9,35.5,35.2,35.5,35.4,35.3,35.5,35.4,35.5,47.7,35.4,35.5,35.5,35.3,35.5,35.4,35.6,35.4,35.3,47.6,35.3,35.3,35.4,35.3,35.3,35.3,35.3,35.4,35.4,47.6,35.4,35.4,35.3,35.3,35.1,35.3,35.3,35.3,35.3,47.6,34.9,35.3,35.3,35,35.1,35.4,35.2,35,35.3,47.6,35.2,35.6,35.1,35.1,35.4,35.4,35.2,35.3,35.4,47.5,35.4,35.2,35.4,35.6,35.3,35.3,47.3,47.4
0.0000058,47.5,35.3,35.5,35.4,35.6,35.2,35.3,35.7,35.4,35.6,35.3,47.5,35.3,35.5,35.5,35.5,35.4,35.1,35.4,35.3,35.6,47.6,35.2,35.7,35.7,35.3,35.7,35.4,35.1,35.6,35.6,47.5,35.9,35.3,35.2,35.3,35.6,35.4,35.5,35.3,35.5,47.6,35.4,35.5,35.5,35.4,35.5,35.4,35.5,35.3,35.5,47.6,35.4,35.4,35.4,35.4,35.4,35.3,35.4,35.3,35.3,47.6,35.4,35.5,35.4,35.4,35.2,35.5,35.2,35.3,35.2,47.6,35,35.4,35.2,35.1,35.2,35.3,35.2,35.2,35.3,47.6,35.4,35.6,35.2,35.2,35.4,35.5,35.1,35.3,35.4,47.5,35.3,35.2,35.4,35.5,35.3,35.4,47.4,47.3
0.000006,47.4,35.4,35.6,35.2,35.5,35.3,35.5,35.6,35.4,35.5,35.4,47.6,35.2,35.5,35.4,35.4,35.6,35.2,35.5,35.3,35.5,47.7,35.2,35.5,35.6,35.2,35.5,35.3,35.3,35.4,35.7,47.6,35.7,35.4,35.2,35.3,35.5,35.5,35.5,35.2,35.3,47.6,35.5,35.7,35.3,35.4,35.5,35.5,35.5,35.4,35.7,47.5,35.5,35.4,35.4,35.3,35.3,35.3,35.3,35.5,35.4,47.6,35.4,35.6,35.4,35.4,35.1,35.4,35.3,35.1,35.3,47.4,35,35.4,35.2,35.2,35.1,35.3,35.2,35.3,35.3,47.5,35.4,35.8,35.3,35.2,35.4,35.4,35.1,35.3,35.2,47.6,35.4,35.2,35.3,35.5,35.4,35.5,47.4,47.2
0.0000062,47.6,35.5,35.5,35.2,35.6,35.4,35.7,35.6,35.5,35.5,35.3,47.5,35.4,35.3,35.2,35.3,35.5,35.2,35.3,35.3,35.6,47.5,35.3,35.4,35.6,35.4,35.5,35.3,35.5,35.4,35.7,47.5,35.6,35.4,35.3,35.2,35.7,35.6,35.4,35.2,35.4,47.5,35.5,35.7,35.3,35.2,35.5,35.5,35.3,35.5,35.7,47.5,35.4,35.5,35.2,35.3,35.3,35.3,35.4,35.5,35.3,47.6,35.3,35.5,35.4,35.5,35,35.5,35.4,35.1,35.3,47.6,35.3,35.5,35.3,35.1,35,35.3,35.3,35.4,35.1,47.6,35.4,35.6,35.2,35.4,35.3,35.3,35.1,35.2,35.2,47.5,35.3,35.2,35.4,35.5,35.7,35.5,47.4,45.3
0.0000064,47.5,35.5,35.5,35.2,35.8,35.5,35.7,35.5,35.4,35.4,35.2,47.5,35.4,35.3,35.3,35.3,35.5,35.1,35.5,35.4,35.7,47.5,35.3,35.3,35.5,35.4,35.4,35.3,35.7,35.3,35.8,47.5,35.3,35.4,35.3,35.3,35.7,35.6,35.4,35.2,35.3,47.5,35.5,35.7,35.2,35,35.3,35.5,35.3,35.5,35.8,47.5,35.4,35.6,35.1,35.3,35.3,35.3,35.3,35.6,35.4,47.6,35.2,35.5,35.4,35.3,35.3,35.4,35.4,35.2,35.3,47.6,35.5,35.5,35.2,35,34.9,35.4,35.3,35.5,35.2,47.5,35.5,35.5,35.3,35.4,35.3,35.2,35.2,35.1,35.2,47.5,35.3,35.3,35.4,35.3,35.8,35.5,47.3,40.3
0.0000066,47.6,35.6,35.5,35.1,35.7,35.5,35.7,35.4,35.5,35.4,35.3,47.4,35.6,35.2,35.4,35.2,35.6,35.4,35.5,35.5,35.8,47.5,35.3,35.3,35.5,35.4,35.2,35.4,35.7,35.2,35.7,47.4,35.2,35.5,35.6,35.2,35.6,35.6,35.4,35.2,35.4,47.6,35.6,35.7,35.1,34.9,35.5,35.6,35.1,35.5,35.5,47.5,35.4,35.8,35.2,35.4,35.4,35.3,35.4,35.6,35.4,47.6,35.1,35.3,35.4,35.3,35.3,35.2,35.4,35.2,35.3,47.6,35.5,35.3,35.3,35,34.9,35.3,35.2,35.6,35.2,47.4,35.6,35.3,35.3,35.4,35.3,35,35.2,35.1,35.3,47.7,35.4,35.3,35.3,35.4,35.7,35.5,46.4,34.6
0.0000068,47.5,35.6,35.3,35.3,35.8,35.5,35.6,35.3,35.4,35.2,35.2,47.7,35.6,35.2,35.4,35.1,35.5,35.6,35.3,35.5,35.8,47.5,35.3,35.3,35.5,35.3,35.2,35.4,35.8,35.3,35.6,47.5,35.2,35.5,35.6,35.2,35.5,35.5,35.4,35.4,35.4,47.5,35.6,35.6,35.2,34.8,35.5,35.4,35.1,35.4,35.3,47.5,35.4,35.7,35.1,35.4,35.6,35.5,35.5,35.5,35.4,47.7,35.1,35.2,35.4,35.1,35.2,35.3,35.4,35.3,35.3,47.5,35.6,35.3,35.2,35.1,35,35.3,35.4,35.7,35,47.4,35.6,35,35.3,35.4,35.4,34.8,35.4,35.2,35.3,47.5,35.4,35.3,35.3,35.3,35.8,35.3,43.4,29.47
0.000007,47.6,35.5,35.3,35.3,35.6,35.7,35.4,35.3,35.4,35.2,35.5,47.6,35.8,35.2,35.5,35.3,35.5,35.7,35.4,35.4,35.7,47.5,35.3,35.4,35.2,35.4,35.2,35.5,35.7,35.3,35.5,47.5,35.2,35.5,35.7,35.2,35.3,35.5,35.3,35.7,35.5,47.5,35.7,35.6,35.3,35,35.4,35.6,35.1,35.5,35.1,47.4,35.3,35.5,35.3,35.4,35.7,35.5,35.4,35.5,35.4,47.4,35.1,35.3,35.4,35,35.3,35.2,35.3,35.3,35.2,47.5,35.5,35.3,35.3,35,35.1,35.3,35.3,35.5,35.2,47.5,35.8,35,35.2,35.4,35.4,34.9,35.3,35.1,35.1,47.6,35.3,35.2,35.4,35.3,35.7,35.4,37.8,26.16
0.0000072,47.5,35.6,35.2,35.4,35.5,35.5,35.3,35.1,35.2,35.3,35.6,47.6,35.7,35.3,35.6,35.3,35.5,35.7,35.5,35.3,35.6,47.5,35.4,35.3,35.3,35.4,35.3,35.5,35.5,35.5,35.3,47.5,35.3,35.5,35.7,35.4,35.2,35.3,35.4,35.7,35.6,47.5,35.7,35.4,35.4,35.2,35.5,35.4,35.1,35.5,34.8,47.6,35.3,35.4,35.4,35.4,35.7,35.5,35.3,35.2,35.4,47.6,35.1,35.1,35.3,35.1,35.3,35.4,35.3,35.3,35.2,47.5,35.5,35.3,35.3,35.1,35.2,35.3,35.4,35.6,35.3,47.5,35.6,35,35.1,35.3,35.3,34.9,35.4,35.2,35.3,47.5,35.3,35.2,35.4,35.4,35.7,35.4,31.97,23.85
0.0000074,47.5,35.4,35.2,35.5,35.4,35.4,35.2,35.2,35.1,35.2,35.7,47.6,35.7,35.4,35.7,35.6,35.5,35.7,35.4,35.3,35.4,47.5,35.5,35.5,35.3,35.4,35.5,35.5,35.3,35.5,35.2,47.5,35.3,35.4,35.6,35.5,35,35.4,35.5,35.8,35.5,47.6,35.7,35.3,35.5,35.4,35.5,35.4,35.2,35.5,34.9,47.7,35.4,35.2,35.4,35.6,35.8,35.6,35.3,35.1,35.3,47.4,35.2,35.1,35.3,35.1,35.2,35.3,35.4,35.4,35.3,47.6,35.3,35.2,35.3,35.2,35.4,35.3,35.4,35.3,35.2,47.5,35.5,35,35.2,35.1,35.3,35.1,35.2,35.4,35.2,47.5,35.3,35.2,35.4,35.3,35.6,35.4,28.15,23.9
0.0000076,47.5,35.4,35.3,35.7,35.4,35.3,35,35.2,35.1,35.3,35.6,47.5,35.6,35.6,35.6,35.6,35.5,35.5,35.3,35.2,35.2,47.5,35.5,35.5,35.2,35.7,35.5,35.6,35.2,35.6,35.2,47.5,35.4,35.4,35.6,35.6,35.1,35.2,35.4,36,35.5,47.5,35.6,35.3,35.5,35.5,35.5,35.4,35.3,35.4,34.8,47.5,35.2,35.1,35.4,35.4,35.7,35.4,35.3,35.1,35.3,47.6,35.3,35.1,35.4,35.3,35.2,35.3,35.3,35.4,35.4,47.5,35.1,35.4,35,35.3,35.5,35.2,35.2,35.2,35.2,47.5,35.4,35.3,35.1,35,35.4,35.1,35.4,35.4,35.3,47.6,35.3,35.1,35.3,35.5,35.4,35.4,24.85,24.08
0.0000078,47.7,35.5,35.5,35.7,35.2,35.3,35,35.4,35.4,35.4,35.6,47.5,35.4,35.6,35.6,35.6,35.5,35.5,35.5,35.2,35.2,47.6,35.6,35.5,35.2,35.6,35.5,35.6,35,35.7,35.3,47.6,35.4,35.4,35.5,35.7,35.2,35.2,35.4,35.8,35.4,47.5,35.4,35.1,35.5,35.8,35.5,35.3,35.3,35.4,35,47.5,35.4,35,35.4,35.5,35.6,35.3,35.3,35.2,35.4,47.6,35.3,35.2,35.4,35.3,35.2,35.4,35.3,35.2,35.3,47.6,35.1,35.2,35.1,35.4,35.5,35.3,35.3,35,35.2,47.6,35.2,35.4,35.1,35,35.4,35.3,35.4,35.4,35.4,47.6,35.3,35.2,35.4,35.5,35.3,35.4,23.94,23.99
0.000008,47.6,35.3,35.6,35.6,35.3,35.2,34.9,35.5,35.4,35.3,35.6,47.6,35.5,35.4,35.5,35.5,35.3,35.4,35.5,35.3,35.2,47.5,35.7,35.5,35.5,35.7,35.7,35.7,35,35.6,35.4,47.4,35.6,35.5,35.4,35.7,35.3,35.2,35.5,35.6,35.5,47.5,35.4,35.3,35.4,35.8,35.5,35.4,35.5,35.6,35.3,47.6,35.3,35.2,35.4,35.5,35.4,35.1,35.2,35.2,35.4,47.6,35.4,35,35.4,35.4,35.3,35.4,35.3,35.4,35.4,47.5,35,35.3,35.3,35.4,35.5,35.2,35.2,34.9,35.4,47.6,35.1,35.5,35.1,35,35.4,35.4,35.4,35.5,35.4,47.6,35.4,35.3,35.5,35.5,35.2,35.5,24.04,23.99
0.0000082,47.6,35.3,35.8,35.6,35.2,35.2,35.2,35.6,35.4,35.3,35.5,47.5,35.4,35.3,35.3,35.3,35.3,35.3,35.5,35.3,35.2,47.6,35.7,35.5,35.5,35.6,35.7,35.5,35.2,35.6,35.5,47.5,35.6,35.5,35.5,35.5,35.3,35.5,35.4,35.4,35.4,47.5,35.3,35.4,35.4,35.9,35.4,35.4,35.4,35.5,35.4,47.6,35.4,35.2,35.4,35.4,35.2,35,35.4,35.3,35.4,47.5,35.5,35.2,35.5,35.4,35.3,35.4,35.4,35.5,35.4,47.5,34.8,35.2,35.2,35.4,35.4,35.1,35.2,34.9,35.3,47.5,35.1,35.5,35.2,35,35.4,35.4,35.4,35.5,35.4,47.4,35.3,35.4,35.4,35.4,35,35.3,24.12,23.99
0.0000084,47.6,35.4,36,35.3,35.1,35.2,35.3,35.7,35.4,35.4,35.5,47.5,35.2,35.2,35.3,35.3,35.3,35.1,35.5,35.3,35,47.4,35.8,35.5,35.7,35.6,35.7,35.5,35.3,35.5,35.7,47.5,35.3,35.5,35.4,35.5,35.5,35.5,35.5,35.2,35.3,47.6,35.3,35.7,35.3,35.6,35.4,35.6,35.5,35.5,35.7,47.4,35.4,35.3,35.3,35.5,35.2,35,35.3,35.5,35.5,47.4,35.5,35.3,35.6,35.3,35.3,35.5,35.4,35.3,35.3,47.5,35,35.3,35.3,35.4,35.1,35.3,35.2,35,35.3,47.5,35,35.4,35.2,35,35.3,35.4,35.4,35.5,35.4,47.6,35.3,35.6,35.3,35.4,35.1,35.4,23.94,24.04
0.0000086,47.5,35.3,36,35.3,35.3,35.3,35.5,35.6,35.5,35.5,35.4,47.5,35.2,35.2,35.2,35.1,35.3,35.1,35.5,35.3,35.2,47.4,35.8,35.5,35.8,35.3,35.6,35.3,35.5,35.4,35.7,47.4,35.4,35.5,35.5,35.4,35.4,35.5,35.4,35.2,35.3,47.6,35.4,35.7,35.2,35.4,35.3,35.6,35.4,35.5,35.7,47.6,35.3,35.2,35.4,35.5,35.2,35,35.3,35.6,35.4,47.4,35.4,35.3,35.6,35.3,35.2,35.5,35.4,35.4,35.5,47.5,35.1,35.3,35.3,35.3,35,35.2,35.2,35.1,35.3,47.6,35.2,35.4,35.2,35.2,35.3,35.4,35.4,35.4,35.3,47.6,35.4,35.6,35.3,35.4,35.1,35.3,23.94,24.03
0.0000088,47.5,35.3,35.9,35.2,35.3,35.6,35.6,35.5,35.6,35.6,35.4,47.5,35.2,35.2,35.2,35.2,35.4,35.2,35.4,35.4,35.1,47.5,35.9,35.3,35.9,35.3,35.4,35.2,35.7,35.2,35.6,47.6,35.2,35.4,35.4,35.2,35.5,35.5,35.4,35.2,35.4,47.5,35.3,35.8,35.2,35.3,35.3,35.6,35.5,35.6,35.6,47.5,35.5,35.5,35.4,35.4,35.2,35.2,35.4,35.7,35.3,47.6,35.4,35.3,35.5,35.3,35.2,35.2,35.4,35.3,35.4,47.4,35.3,35.2,35.3,35.1,35,35.1,35.2,35.3,35.2,47.5,35.4,35.4,35.2,35.2,35.4,35.4,35.3,35.5,35.3,47.5,35.3,35.6,35.2,35.4,35.1,35.3,23.89,24.03
0.000009,47.5,35.3,35.7,35.3,35.3,35.6,35.4,35.5,35.5,35.5,35.5,47.5,35.3,35.2,35.2,35.3,35.3,35.2,35.5,35.6,35.2,47.5,35.7,35.3,35.8,35.2,35.4,35.2,35.8,35.4,35.6,47.4,35.6,35.4,35.5,35.3,35.3,35.5,35.3,35.2,35.4,47.5,35.4,35.8,35.2,35.3,35.1,35.7,35.4,35.5,35.5,47.4,35.3,35.5,35.3,35.4,35.3,35.4,35.5,35.8,35.2,47.4,35.4,35.3,35.5,35.3,35.4,35.1,35.4,35.3,35.4,47.5,35.4,35.2,35.2,34.9,34.9,35.3,35.4,35.2,35.2,47.5,35.5,35.2,35.2,35.2,35.3,35.4,35.3,35.3,35.3,47.6,35.3,35.6,35.3,35.4,35.2,35.4,23.9,23.99
0.0000092,47.5,35.4,35.5,35.3,35.2,35.6,35.6,35.4,35.5,35.4,35.5,47.5,35.5,35.2,35.3,35.3,35.2,35.3,35.3,35.5,35.3,47.5,35.6,35.3,35.6,35.2,35.3,35.3,36,35.2,35.6,47.6,35.6,35.4,35.5,35.2,35.4,35.5,35.3,35.2,35.5,47.5,35.7,35.8,35.2,35.3,35.3,35.6,35.4,35.5,35.3,47.6,35.4,35.5,35.4,35.3,35.4,35.6,35.6,35.6,35.3,47.5,35.4,35.3,35.3,35.2,35.4,34.9,35.4,35.4,35.3,47.4,35.3,35.4,35.1,35,35.1,35.3,35.5,35.2,35.2,47.6,35.6,35.2,35.2,35.4,35.4,35.4,35.3,35.2,35.4,47.6,35.3,35.3,35.2,35.5,35.2,35.4,23.99,23.99
0.0000094,47.5,35.3,35.4,35.3,35.2,35.6,35.4,35.2,35.5,35.4,35.4,47.6,35.6,35.3,35.4,35.3,35.3,35.5,35.3,35.4,35.4,47.4,35.6,35.2,35.5,35.3,35.3,35.2,35.8,35.3,35.5,47.5,35.7,35.4,35.5,35.3,35.2,35.4,35.4,35.3,35.5,47.6,35.7,35.9,35.3,35.5,35.2,35.5,35.3,35.2,35.1,47.6,35.4,35.7,35.3,35.5,35.6,35.7,35.6,35.6,35.3,47.5,35.4,35.3,35.3,35.2,35.4,34.8,35.4,35.3,35.4,47.6,35.4,35.4,35.3,34.8,35.3,35.3,35.6,35.2,35.2,47.7,35.8,35.2,35.3,35.3,35.4,35.4,35.1,35.2,35.2,47.6,35.4,35.1,35.4,35.5,35.2,35.4,23.89,24.08
0.0000096,47.5,35.4,35.3,35.2,35.2,35.6,35.3,35.2,35.5,35.2,35.4,47.5,35.6,35.4,35.5,35.5,35.2,35.6,35.5,35.3,35.4,47.6,35.5,35.4,35.3,35.3,35.3,35.3,35.5,35.5,35.4,47.5,35.9,35.4,35.6,35.2,35.2,35.5,35.3,35.5,35.5,47.5,35.7,35.7,35.3,35.6,35.3,35.4,35.4,35.3,34.9,47.5,35.5,35.5,35.4,35.4,35.7,35.9,35.5,35.3,35.4,47.5,35.3,35.3,35,35.2,35.4,34.9,35.5,35.2,35.4,47.5,35.4,35.5,35,34.8,35.2,35.2,35.7,35.2,35.1,47.5,35.8,35.3,35.2,35.2,35.4,35.5,35.2,35.4,35.4,47.5,35.3,35,35.5,35.6,35.1,35.5,23.99,23.85
0.0000098,47.6,35.3,35.2,35.3,35.4,35.6,35.3,35.3,35.4,35.2,35.4,47.5,35.7,35.5,35.5,35.5,35.3,35.7,35.7,35.4,35.5,47.6,35.2,35.5,35.2,35.5,35.4,35.4,35.3,35.5,35.3,47.6,35.9,35.4,35.5,35.5,35.2,35.5,35.4,35.6,35.6,47.4,35.7,35.5,35.3,35.6,35.5,35.3,35.3,35.2,34.8,47.5,35.5,35.5,35.3,35.4,35.8,35.8,35.3,35.2,35.3,47.6,35.2,35.4,35.2,35.1,35.5,35,35.4,35.3,35.3,47.5,35.3,35.4,35.2,35,35.4,35.3,35.8,35.2,35.1,47.4,35.6,35.3,35.2,35.2,35.4,35.5,35.3,35.3,35.4,47.5,35.4,34.9,35.4,35.6,35.2,35.5,23.94,23.99
0.00001,47.5,35.6,35.3,35.3,35.6,35.5,35.3,35.3,35.5,35.4,35.5,47.5,35.6,35.6,35.6,35.5,35.2,35.7,35.7,35.3,35.7,47.6,35.2,35.7,35.2,35.5,35.5,35.5,35.1,35.5,35.3,47.5,36,35.4,35.5,35.5,35.2,35.5,35.4,35.7,35.5,47.5,35.7,35.3,35.5,35.6,35.5,35.1,35.4,35.3,34.9,47.5,35.5,35.6,35.4,35.5,35.7,35.7,35.3,35,35.5,47.5,35.1,35.3,35.1,35.1,35.4,35,35.4,35.2,35.5,47.4,35.1,35.4,35.4,35.1,35.5,35.3,35.7,35.2,35.2,47.5,35.4,35.2,35.2,35.2,35.5,35.7,35.3,35.5,35.4,47.5,35.4,35.1,35.5,35.5,35.3,35.6,23.94,23.89
0.0000102,47.6,35.5,35.4,35.4,35.6,35.4,35.2,35.3,35.5,35.4,35.5,47.5,35.4,35.7,35.6,35.4,35.3,35.6,35.8,35.3,35.6,47.5,35.3,35.9,35.2,35.7,35.5,35.6,35,35.5,35.4,47.4,35.8,35.4,35.5,35.6,35.2,35.5,35.5,35.6,35.6,47.4,35.7,35.2,35.4,35.4,35.5,35.2,35.3,35.4,35.2,47.5,35.5,35.4,35.3,35.5,35.6,35.7,35.1,34.9,35.4,47.6,35.2,35.3,35.1,35.2,35.4,35.1,35.3,35.2,35.4,47.5,35.3,35.4,35.4,35.3,35.6,35.3,35.5,35.2,35.3,47.5,35.1,35.2,35.2,35.2,35.5,35.7,35.3,35.5,35.4,47.7,35.3,35.1,35.5,35.4,35.3,35.4,23.89,23.98
0.0000104,47.5,35.6,35.5,35.3,35.8,35.5,35.3,35.5,35.4,35.6,35.5,47.4,35.4,35.7,35.5,35.5,35.5,35.5,35.8,35.4,35.6,47.6,35.3,35.8,35.6,35.5,35.6,35.6,34.9,35.5,35.3,47.6,35.6,35.5,35.4,35.6,35.2,35.5,35.5,35.6,35.7,47.5,35.5,35.1,35.4,35.4,35.7,35.3,35.2,35.4,35.3,47.7,35.5,35.5,35.4,35.4,35.4,35.5,35,34.9,35.3,47.5,35.1,35.3,35.2,35.2,35.4,35.3,35.2,35.1,35.4,47.6,35,35.2,35.6,35.3,35.4,35.3,35.3,35.3,35.4,47.6,35,35.2,35.2,35.2,35.5,35.6,35.3,35.7,35.4,47.6,35.4,35.4,35.5,35.2,35.4,35.4,23.89,23.94
0.0000106,47.6,35.6,35.6,35.4,35.7,35.5,35.2,35.4,35.5,35.7,35.7,47.6,35.2,35.7,35.5,35.3,35.5,35.6,35.7,35.3,35.6,47.6,35.3,35.6,35.6,35.6,35.6,35.6,34.9,35.4,35.3,47.4,35.5,35.5,35.4,35.7,35.3,35.5,35.5,35.6,35.7,47.6,35.5,35.1,35.5,35.3,35.6,35.4,35.2,35.4,35.5,47.6,35.5,35.3,35.4,35.4,35.3,35.3,35.1,35,35.3,47.5,35.2,35.4,35.4,35.4,35.4,35.5,35.1,35.1,35.5,47.6,35.3,35.1,35.7,35.4,35.4,35.2,35,35.2,35.1,47.5,34.8,35.2,35.2,35.1,35.5,35.5,35.3,35.6,35.3,47.5,35.4,35.5,35.5,35.3,35.4,35.3,23.94,23.89
0.0000108,47.5,35.5,35.5,35.3,35.7,35.6,35.3,35.5,35.6,35.8,35.5,47.5,35.5,35.5,35.5,35.3,35.7,35.4,35.5,35.3,35.5,47.5,35.5,35.5,35.5,35.4,35.4,35.6,34.8,35.2,35.5,47.5,35.3,35.4,35.3,35.6,35.2,35.5,35.5,35.5,35.9,47.6,35.3,35.3,35.5,35.3,35.5,35.5,35.1,35.4,35.6,47.5,35.5,35.4,35.2,35.4,35.3,35.3,35.1,35,35.5,47.7,35.2,35.4,35.5,35.3,35.2,35.5,35,35.2,35.4,47.5,35.4,34.9,35.6,35.4,35.3,35.2,34.7,35.2,35.2,47.6,34.9,35.2,35.3,35.1,35.5,35.5,35.3,35.6,35.4,47.6,35.3,35.5,35.5,35.2,35.5,35.1,23.99,23.99
0.000011,47.5,35.3,35.4,35.4,35.7,35.5,35.3,35.4,35.5,35.8,35.3,47.6,35.2,35.3,35.5,35.3,35.9,35.4,35.3,35.3,35.5,47.7,35.5,35.3,35.5,35.4,35.3,35.6,35,35.2,35.5,47.5,35.2,35.2,35.5,35.6,35.3,35.5,35.6,35.4,35.8,47.5,35.2,35.2,35.6,35,35.4,35.5,35,35.5,35.6,47.6,35.5,35.3,35.3,35.4,35.2,35.2,35.2,35,35.4,47.5,35.1,35.4,35.6,35.3,35.2,35.7,35,35.3,35.4,47.6,35.3,34.9,35.4,35.5,35.3,35.1,34.7,35.2,35.2,47.6,35.1,35.2,35.2,35.2,35.3,35.4,35.4,35.5,35.4,47.5,35.3,35.6,35.3,35.2,35.4,35,23.99,24.03
0.0000112,47.4,35.1,35.5,35.4,35.5,35.5,35.3,35.4,35.5,35.7,35.3,47.6,35.3,35.4,35.3,35.5,35.8,35.4,35.2,35.3,35.4,47.7,35.5,35.1,35.4,35.5,35.3,35.4,35,35.3,35.5,47.5,35.1,35.3,35.4,35.5,35.3,35.5,35.5,35.4,35.7,47.5,35.3,35.3,35.6,35.2,35.2,35.6,35.2,35.3,35.6,47.6,35.7,35.1,35.2,35.5,35.3,35.3,35.3,35.1,35.4,47.5,35.2,35.4,35.6,35.5,35.2,35.4,34.9,35.5,35.4,47.5,35.3,34.9,35.4,35.4,35.3,35,34.9,35.2,35.2,47.5,35.2,35.3,35.2,35.4,35.1,35.4,35.2,35.5,35.4,47.6,35.3,35.5,35.2,35.2,35.4,35,23.94,24.04
0.0000114,47.5,34.9,35.5,35.3,35.1,35.3,35.3,35.3,35.5,35.5,35.3,47.4,35.5,35.4,35.4,35.5,35.7,35.4,35.2,35.3,35.2,47.5,35.6,34.9,35.5,35.3,35.4,35.4,35.1,35.3,35.5,47.4,35.1,35.3,35.5,35.4,35.3,35.4,35.5,35.2,35.7,47.4,35.3,35.3,35.5,35.2,35.3,35.7,35.3,35.2,35.6,47.5,35.8,35.1,35.2,35.3,35.3,35.4,35.3,35.1,35.4,47.6,35.2,35.5,35.4,35.4,35.2,35.4,34.9,35.6,35.4,47.5,35.5,34.9,35.2,35.1,35.2,35,34.9,35.2,35.3,47.6,35.4,35.4,35.3,35.4,35.1,35.4,35.2,35.3,35.4,47.5,35.3,35.2,35.3,35.4,35.5,35,23.89,23.94
0.0000116,47.4,35,35.5,35.2,34.9,35.3,35.4,35.4,35.6,35.3,35.4,47.6,35.5,35.5,35.3,35.3,35.8,35.3,35.2,35.3,35.1,47.5,35.5,34.8,35.4,35.3,35.4,35.3,35.2,35.4,35.5,47.5,35.2,35.5,35.6,35.3,35.4,35.3,35.5,35.2,35.5,47.6,35.3,35.3,35.4,35.3,35.2,35.7,35.4,35.2,35.6,47.5,35.8,35.2,35.2,35.4,35.4,35.4,35.4,35.2,35.3,47.5,35.4,35.4,35.4,35.5,35.2,35.5,35,35.5,35.4,47.4,35.5,34.9,35,35.1,35,35.1,35.1,35.2,35.3,47.5,35.6,35.3,35.3,35.4,35.1,35.4,35.3,35,35.3,47.6,35.3,35,35.2,35.6,35.4,35.2,23.99,23.89
0.0000118,47.5,35.1,35.3,35.3,34.8,35.3,35.4,35.3,35.7,35.1,35.3,47.5,35.6,35.5,35.4,35.4,35.8,35.4,35.3,35.3,35.2,47.5,35.4,34.9,35.3,35.3,35.5,35.2,35.2,35.2,35.5,47.5,35.3,35.5,35.7,35.3,35.5,35.4,35.3,35.3,35.4,47.5,35.4,35.3,35.3,35.5,35.2,35.5,35.5,35.2,35.4,47.5,35.5,35.2,35.4,35.4,35.4,35.6,35.5,35.2,35.5,47.6,35.5,35.4,35.4,35.5,35.3,35.3,35.2,35.3,35.4,47.5,35.4,35.2,34.9,35,35,35.3,35.2,35.1,35.3,47.6,35.3,35.3,35.4,35.4,35,35.4,35.3,34.9,35.3,47.5,35.3,34.9,35.2,35.7,35.5,35.2,24.03,23.85
0.000012,47.6,35.3,35.1,35.3,34.7,35.3,35.6,35.4,35.7,35.1,35.4,47.6,35.7,35.7,35.2,35.4,35.5,35.5,35.3,35.3,35.2,47.6,35.5,35,35.3,35.4,35.6,35.2,35.5,35.4,35.5,47.4,35.4,35.6,35.6,35.2,35.5,35.3,35.3,35.3,35.2,47.6,35.5,35.3,35.2,35.6,35.3,35.4,35.5,35.3,35.4,47.5,35.5,35.3,35.3,35.3,35.3,35.7,35.4,35.2,35.4,47.6,35.5,35.4,35.3,35.5,35.4,35.4,35.3,35.3,35.3,47.6,35.3,35.3,35,35.1,35.2,35.2,35.4,35.1,35.4,47.5,35.2,35.3,35.4,35.6,35.1,35.3,35.2,35,35.3,47.6,35.3,35,35.3,35.7,35.4,35.4,23.94,23.94
0.0000122,47.4,35.3,35.3,35.3,34.8,35.2,35.5,35.5,35.6,35.2,35.4,47.4,35.8,35.7,35.3,35.3,35.6,35.6,35.5,35.3,35.5,47.5,35.4,35.2,35.1,35.5,35.6,35.2,35.4,35.2,35.5,47.4,35.3,35.6,35.5,35.4,35.5,35.5,35.2,35.4,35.2,47.7,35.5,35.4,35.1,35.6,35.3,35.5,35.6,35.3,35.3,47.6,35.2,35.3,35.1,35.3,35.3,35.4,35.3,35.3,35.3,47.5,35.7,35.4,35.2,35.4,35.3,35.2,35.5,35.1,35.3,47.5,35.3,35.4,34.9,35.3,35.3,35.3,35.4,35,35.5,47.5,35.1,35.1,35.5,35.5,35.3,35.3,35.4,35,35.1,47.6,35.3,35,35.4,36,35.5,35.4,23.89,23.99
0.0000124,47.4,35.4,35.5,35.5,35,35.3,35.5,35.5,35.6,35.4,35.4,47.6,35.7,35.6,35.2,35.3,35.4,35.4,35.6,35.4,35.7,47.5,35.4,35.2,35.1,35.4,35.8,35.4,35.5,35.3,35.4,47.4,35.3,35.6,35.2,35.6,35.5,35.5,35.5,35.4,35,47.4,35.5,35.4,35.3,35.6,35.4,35.4,35.5,35.3,35.2,47.5,34.9,35.4,35.1,35.4,35.3,35.5,35.3,35.3,35.3,47.5,35.7,35.4,35.3,35.4,35.4,35.2,35.5,34.9,35.1,47.6,35.3,35.5,35,35.4,35.3,35.3,35.4,35.2,35.5,47.6,35,35.1,35.6,35.6,35.4,35.2,35.4,35,35.2,47.6,35.3,35.1,35.5,35.7,35.5,35.6,23.9,23.94
0.0000126,47.4,35.5,35.5,35.5,35,35.3,35.5,35.6,35.6,35.7,35.4,47.6,35.7,35.5,35.2,35.3,35.2,35.6,35.6,35.6,35.8,47.5,35.4,35.4,35.1,35.5,35.5,35.5,35.4,35.3,35.5,47.5,35.4,35.5,35.4,35.7,35.4,35.5,35.5,35.4,35.1,47.5,35.5,35.3,35.2,35.5,35.4,35.3,35.5,35.4,35.2,47.5,34.9,35.5,35.1,35.4,35.2,35.3,35.3,35.2,35.2,47.5,35.6,35.3,35.5,35.4,35.4,35.2,35.6,34.9,35.1,47.5,35.3,35.5,35,35.5,35.5,35.4,35.2,35.3,35.2,47.5,35,35.2,35.6,35.6,35.5,35.1,35.4,35.1,35.2,47.6,35.3,35.5,35.5,35.8,35.5,35.6,24.04,23.99
0.0000128,47.4,35.5,35.6,35.6,35.1,35.5,35.6,35.5,35.6,35.7,35.5,47.6,35.6,35.2,35.2,35.4,35.2,35.7,35.8,35.5,35.8,47.5,35.4,35.5,35.2,35.5,35.4,35.6,35.4,35.5,35.5,47.5,35.4,35.5,35.2,35.7,35.5,35.5,35.7,35.4,35.2,47.6,35.6,35.4,35.3,35.3,35.6,35.3,35.6,35.5,35.3,47.6,34.8,35.6,35.3,35.6,35.3,35.3,35.3,35.4,35.2,47.5,35.4,35.3,35.4,35.3,35.4,35.2,35.4,34.9,35.3,47.5,35.2,35.5,35.1,35.5,35.5,35.4,35.3,35.4,35.2,47.5,35,35.1,35.4,35.7,35.5,35.2,35.4,35.2,35.3,47.5,35.3,35.5,35.5,35.8,35.4,35.7,23.94,23.81
0.000013,47.4,35.4,35.5,35.5,35,35.4,35.4,35.4,35.4,35.8,35.4,47.5,35.4,35.2,35.2,35.3,35.5,35.7,35.6,35.5,35.9,47.5,35.6,35.5,35.4,35.4,35.3,35.6,35.3,35.5,35.4,47.5,35.3,35.2,35.2,35.9,35.4,35.5,35.8,35.4,35.3,47.5,35.4,35.3,35.3,35.3,35.6,35.3,35.5,35.5,35.3,47.5,34.7,35.5,35.2,35.5,35.4,35.5,35.2,35.4,35.2,47.5,35.2,35.3,35.5,35.4,35.4,35.1,35.4,34.9,35.4,47.5,35.3,35.3,35.2,35.5,35.4,35.3,35.2,35.5,35.1,47.5,35.1,35.2,35.4,35.8,35.3,35.4,35.4,35.2,35.1,47.5,35.4,35.7,35.6,35.7,35.4,35.5,23.94,23.94
0.0000132,47.5,35.4,35.4,35.6,35.2,35.5,35.3,35.2,35.4,35.8,35.5,47.5,35.2,35.2,35.2,35.4,35.5,35.7,35.6,35.4,35.8,47.6,35.5,35.5,35.7,35.3,35.1,35.7,35.3,35.7,35.5,47.6,35.4,35.2,35.2,35.7,35.3,35.5,35.8,35.4,35.5,47.6,35.4,35.5,35.5,35.3,35.5,35.4,35.6,35.5,35.4,47.4,34.9,35.3,35.2,35.6,35.5,35.6,35.3,35.4,35.3,47.6,35,35.4,35.5,35.5,35.4,35.1,35.1,35.2,35.3,47.5,35.3,35.2,35.2,35.4,35.2,35.3,35.2,35.5,35.1,47.5,35.3,35.4,35.3,35.8,35.4,35.4,35.4,35.3,35.3,47.5,35.3,35.8,35.5,35.5,35.4,35.5,24.04,23.89
0.0000134,47.4,35.3,35.2,35.7,35.2,35.5,35.4,35.3,35.5,35.6,35.4,47.5,35.4,35.2,35.5,35.3,35.4,35.6,35.6,35.3,35.6,47.5,35.5,35.6,35.7,35.4,35.1,35.5,35.3,35.8,35.5,47.5,35.3,35.2,35.2,35.6,35.4,35.5,35.8,35.4,35.6,47.5,35.3,35.5,35.6,35.2,35.4,35.4,35.5,35.5,35.4,47.4,35,35.3,35.2,35.5,35.7,35.4,35.3,35.4,35.4,47.5,35,35.3,35.4,35.4,35.4,35.1,35,35.1,35.2,47.6,35.3,35.2,35.3,35.2,35.2,35.3,35.3,35.5,34.8,47.4,35.5,35.4,35.1,35.8,35.4,35.4,35.3,35.5,35.4,47.6,35.3,35.8,35.4,35.4,35.4,35.3,23.94,23.89
0.0000136,47.5,35.3,35,35.6,35.3,35.5,35.4,35.2,35.4,35.5,35.3,47.5,35.5,35.2,35.4,35.5,35.5,35.6,35.4,35.3,35.5,47.5,35.6,35.5,35.8,35.3,35,35.5,35.4,35.6,35.4,47.5,35.3,35.2,35.3,35.5,35.5,35.4,35.6,35.3,35.6,47.5,35.3,35.4,35.6,35.1,35.3,35.4,35.6,35.4,35.4,47.5,35.1,35.2,35.2,35.5,35.7,35.7,35.3,35.3,35.4,47.5,34.9,35.1,35.3,35.5,35.3,35.1,35,35.2,35.4,47.5,35.3,35.1,35.4,35,35.2,35.3,35.2,35.6,34.9,47.4,35.6,35.5,35.1,35.8,35.4,35.4,35.4,35.5,35.4,47.6,35.3,35.7,35.4,35.4,35.5,35.3,23.99,24.04
0.0000138,47.5,35.3,34.9,35.4,35.6,35.4,35.3,35.3,35.4,35.2,35.3,47.6,35.4,35.3,35.5,35.5,35.9,35.7,35.3,35.3,35.2,47.4,35.4,35.5,35.6,35.3,35,35.5,35.4,35.6,35.5,47.6,35.2,35.2,35.4,35.5,35.5,35.5,35.5,35.4,35.7,47.5,35.4,35.6,35.6,35.3,35.1,35.6,35.5,35.5,35.3,47.6,35.3,35.2,35.3,35.5,35.7,35.5,35.3,35.4,35.6,47.6,35,35.3,35.1,35.4,35.2,35.2,35.1,35.3,35.3,47.5,35.3,35.1,35.3,34.9,35.3,35.3,35.1,35.5,35,47.5,35.7,35.4,35.2,35.8,35.2,35.5,35.2,35.5,35.5,47.5,35.3,35.5,35.2,35.3,35.4,35.3,23.94,24.03
0.000014,47.5,35.2,35,35.6,35.6,35.3,35.3,35.3,35.2,35.2,35.2,47.4,35.4,35.5,35.5,35.5,35.8,35.4,35.3,35.3,35.1,47.5,35.5,35.4,35.6,35.4,35.1,35.3,35.4,35.4,35.5,47.5,35.2,35.3,35.5,35.3,35.5,35.3,35.5,35.6,35.6,47.4,35.4,35.6,35.5,35.3,35.1,35.5,35.4,35.3,35.4,47.6,35.5,35.3,35.3,35.4,35.6,35.4,35.3,35.4,35.7,47.5,35.2,35.4,35.1,35.3,35,35.3,35.2,35.3,35.3,47.5,35.1,35.1,35.3,34.7,35.2,35.3,35.2,35.4,35.1,47.5,35.5,35.4,35.2,35.6,35.3,35.4,35.2,35.5,35.5,47.6,35.2,35.2,35.4,35.2,35.5,35.2,24.04,23.89
0.0000142,47.5,35.3,35.2,35.4,36,35.3,35.4,35.3,35.4,35.2,35.4,47.6,35.4,35.5,35.4,35.7,35.7,35.4,35.3,35.3,35.1,47.5,35.4,35.3,35.4,35.4,35.2,35.2,35.5,35.3,35.5,47.6,35.2,35.5,35.6,35.2,35.6,35.4,35.2,35.6,35.5,47.6,35.4,35.4,35.5,35.3,35,35.4,35.5,35.4,35.3,47.5,35.4,35.3,35.5,35.3,35.4,35.3,35.4,35.4,35.7,47.6,35.2,35.4,35.1,35.3,34.9,35.4,35.4,35.2,35.4,47.6,35.3,35.2,35.3,34.8,35.1,35.3,35,35.2,35.2,47.4,35.5,35.4,35.3,35.7,35.2,35.4,35.2,35.5,35.6,47.4,35.4,35.1,35.3,35.3,35.4,35.3,23.99,23.85
0.0000144,47.5,35.3,35.2,35.4,36.1,35.3,35.4,35.3,35.2,35.2,35.2,47.4,35.4,35.6,35.4,35.5,35.6,35.2,35.2,35.3,35.2,47.5,35.4,35.3,35.2,35.5,35.4,35.2,35.5,35.3,35.6,47.5,35.3,35.5,35.6,35.4,35.6,35.5,35.2,35.7,35.5,47.4,35.4,35.5,35.5,35.4,34.9,35.3,35.4,35.4,35.1,47.5,35.7,35.3,35.6,35.2,35.2,35.2,35.3,35.4,35.5,47.5,35.3,35.4,35.1,35.4,35,35.4,35.4,35.2,35.3,47.6,35.4,35.2,35.2,35,34.8,35.3,35.1,35,35.4,47.5,35.4,35.4,35.4,35.6,35.2,35.4,35.4,35.3,35.6,47.5,35.3,35,35.3,35.2,35.4,35.3,23.99,23.98
0.0000146,47.5,35.4,35.2,35.4,36.2,35.3,35.4,35.5,35.5,35.2,35.3,47.6,35.2,35.7,35.2,35.4,35.6,35.3,35.3,35.4,35.5,47.6,35.3,35.1,35.3,35.4,35.4,35.3,35.6,35.2,35.6,47.5,35.4,35.7,35.4,35.5,35.5,35.5,35.3,35.7,35.4,47.6,35.5,35.4,35.4,35.3,35,35.3,35.5,35.4,35.3,47.6,35.7,35.4,35.6,35.2,35.3,35.1,35.3,35.4,35.5,47.5,35.3,35.4,35.2,35.2,35.1,35.5,35.5,35.2,35.3,47.5,35.4,35.2,35,35.2,35,35.2,35.1,35,35.4,47.5,35.5,35.4,35.5,35.4,35.2,35.4,35.4,35.1,35.5,47.7,35.4,34.8,35.4,35.3,35.5,35.3,23.99,23.94
0.0000148,47.4,35.5,35.5,35.5,35.9,35.3,35.3,35.4,35.6,35.2,35.3,47.4,35.4,35.6,35.3,35.3,35.6,35.2,35.5,35.5,35.7,47.5,35.3,35.2,35.3,35.5,35.3,35.4,35.6,35.2,35.5,47.6,35.3,35.6,35.5,35.6,35.5,35.7,35.4,35.6,35.4,47.4,35.4,35.5,35.3,35.5,35.1,35.3,35.4,35.5,35.3,47.4,35.6,35.5,35.6,35.2,35.2,35.1,35.3,35.4,35.3,47.5,35.3,35.4,35.3,35.4,35.1,35.3,35.6,35.3,35.2,47.5,35.3,35.3,35,35.4,34.9,35.3,35,35,35.3,47.6,35.4,35.3,35.5,35.2,35.4,35.3,35.4,35,35.4,47.7,35.5,35,35.4,35.3,35.5,35.4,23.94,23.94
0.000015,47.5,35.6,35.4,35.3,35.9,35.4,35.3,35.4,35.7,35.4,35.4,47.6,35.4,35.4,35.4,35.2,35.5,35.3,35.6,35.6,35.8,47.4,35.1,35.2,35.3,35.4,35.2,35.3,35.3,35.3,35.4,47.5,35.3,35.6,35.4,35.7,35.4,35.8,35.3,35.5,35.5,47.5,35.4,35.5,35.3,35.4,35.2,35.3,35.4,35.5,35.3,47.6,35.5,35.3,35.4,35.2,35.2,35.1,35.3,35.5,35.2,47.5,35.4,35.3,35.4,35.4,35.4,35.2,35.5,35.3,35.1,47.6,35.3,35.5,35,35.5,35.1,35.3,35.2,35.2,35.4,47.5,35.5,35.4,35.4,35.2,35.4,35.2,35.3,34.9,35.4,47.5,35.4,34.9,35.3,35.4,35.4,35.4,23.94,23.85
0.0000152,47.5,35.6,35.5,35.4,35.7,35.4,35.4,35.5,35.6,35.5,35.3,47.6,35.5,35.4,35.5,35.1,35.4,35.4,35.6,35.6,35.9,47.4,35.2,35.3,35.5,35.4,35.2,35.5,35.3,35.5,35.4,47.5,35.3,35.5,35.3,35.7,35.5,35.8,35.5,35.4,35.4,47.6,35.6,35.6,35.4,35.5,35.3,35.3,35.4,35.5,35.3,47.4,35.3,35.4,35.3,35.2,35.2,35.3,35.3,35.5,35.2,47.5,35.3,35.1,35.4,35.3,35.4,34.9,35.4,35.2,35.2,47.5,35.3,35.4,35.1,35.5,35.1,35.2,35.4,35.2,35.2,47.4,35.5,35.3,35.4,35.2,35.5,35.3,35.3,34.7,35.3,47.5,35.5,35.1,35.4,35.3,35.4,35.4,23.89,23.94
0.0000154,47.4,35.5,35.3,35.4,35.6,35.4,35.5,35.5,35.6,35.7,35.4,47.6,35.5,35.3,35.4,35.2,35.3,35.5,35.5,35.7,35.8,47.6,35.4,35.5,35.6,35.4,35.2,35.5,35.4,35.6,35.3,47.5,35.3,35.5,35.2,35.7,35.4,35.8,35.7,35.3,35.5,47.6,35.5,35.7,35.3,35.5,35.5,35.3,35.3,35.3,35.3,47.4,35.1,35.3,35.2,35.3,35.3,35.5,35.3,35.3,35.2,47.4,35.4,35.1,35.4,35.3,35.4,34.9,35.4,35.3,35.4,47.4,35.3,35.2,35.2,35.6,35.4,35.2,35.4,35.4,35.2,47.5,35.4,35.3,35.2,35.1,35.6,35.3,35.4,34.8,35.3,47.5,35.4,35.1,35.4,35.4,35.4,35.5,24.04,23.94
0.0000156,47.5,35.4,35.2,35.3,35.4,35.4,35.5,35.3,35.7,35.8,35.4,47.4,35.4,35.3,35.5,35.3,35.3,35.6,35.5,35.6,35.8,47.5,35.5,35.5,35.6,35.5,35.2,35.5,35.3,35.6,35.2,47.6,35.3,35.2,35.3,35.6,35.2,35.5,35.5,35.3,35.5,47.6,35.6,35.7,35.5,35.5,35.7,35.4,35.2,35.4,35.5,47.5,35.2,35.3,35.2,35.5,35.4,35.7,35.2,35.3,35.1,47.6,35.2,35.1,35.4,35.3,35.5,34.8,35.2,35.4,35.2,47.5,35.3,35.2,35.5,35.5,35.2,35.2,35.5,35.4,35,47.6,35.2,35.3,35.1,35.1,35.5,35.4,35.4,35,35.4,47.5,35.6,35.3,35.4,35.3,35.2,35.4,23.99,23.85
0.0000158,47.5,35.4,35.4,35.4,35.5,35.4,35.6,35.3,35.7,35.9,35.5,47.5,35.5,35.3,35.5,35.4,35.4,35.7,35.3,35.5,35.6,47.5,35.6,35.6,35.7,35.5,35.3,35.5,35.4,35.7,35.2,47.6,35.3,35.3,35.2,35.3,35.3,35.6,35.6,35.1,35.4,47.5,35.4,35.7,35.5,35.3,35.8,35.4,35.2,35.3,35.4,47.5,35.1,35.3,35.3,35.6,35.5,35.8,35.3,35.2,35.2,47.5,35.3,35.1,35.3,35.4,35.4,34.8,35.1,35.4,35.1,47.6,35.2,35.2,35.5,35.4,35.3,35.3,35.5,35.4,35.1,47.5,35.2,35.2,35,35.1,35.4,35.3,35.3,35.2,35.4,47.4,35.4,35.3,35.6,35.2,35.2,35.5,23.9,23.99
0.000016,47.5,35.3,35.3,35.5,35.6,35.3,35.6,35.5,35.7,35.8,35.5,47.5,35.6,35.4,35.6,35.8,35.4,35.7,35.3,35.4,35.5,47.5,35.6,35.6,35.8,35.4,35.5,35.5,35.4,35.8,35.4,47.5,35.4,35.3,35.2,35.3,35.3,35.3,35.7,35.1,35.6,47.5,35.5,35.7,35.5,35.3,35.7,35.4,35.1,35.3,35.6,47.5,35.1,35.2,35.3,35.4,35.4,35.7,35.3,35.4,35.3,47.4,35.2,35.1,35.4,35.4,35.4,34.9,35.1,35.3,35.1,47.4,35.2,35.2,35.6,35.3,35.2,35.3,35.5,35.5,35.1,47.5,35.3,35.3,34.9,35.2,35.3,35.3,35.2,35.2,35.4,47.5,35.4,35.4,35.4,35.3,35.2,35.4,23.9,23.94
0.0000162,47.6,35.4,35.3,35.4,35.7,35.3,35.4,35.5,35.5,35.7,35.5,47.5,35.5,35.4,35.5,35.9,35.5,35.7,35.5,35.3,35.2,47.6,35.6,35.7,35.6,35.4,35.7,35.5,35.3,35.6,35.3,47.5,35.5,35.3,35.2,35.2,35.3,35.2,35.5,35.4,35.5,47.5,35.4,35.6,35.5,35.3,35.5,35.4,35.1,35.3,35.6,47.5,35.3,35.3,35.3,35.6,35.5,35.5,35.3,35.4,35.3,47.5,35.3,35.3,35.3,35.3,35.3,34.9,35.1,35.3,35.3,47.4,35.2,35.2,35.7,35.3,35,35.3,35.4,35.4,35.2,47.5,35.2,35.3,35.1,35.3,35.3,35.5,35.1,35.4,35.4,47.5,35.3,35.3,35.5,35.6,35.1,35.5,23.98,23.89
0.0000164,47.5,35.4,35.4,35.5,35.9,35.4,35.6,35.5,35.5,35.7,35.4,47.6,35.6,35.5,35.4,35.9,35.6,35.6,35.5,35.1,35.1,47.6,35.4,35.6,35.5,35.4,35.7,35.5,35.4,35.5,35.5,47.4,35.5,35.4,35.2,35.2,35.3,35.1,35.5,35.3,35.5,47.6,35.3,35.6,35.5,35.3,35.6,35.4,35.1,35.2,35.7,47.5,35.3,35.3,35.3,35.5,35.4,35.3,35.3,35.4,35.5,47.6,35.3,35.4,35.4,35.2,35,35.2,35.1,35.4,35.2,47.5,35.2,35.4,35.6,35.3,35,35.2,35.2,35.3,35.2,47.6,35.3,35.4,35,35.2,35.2,35.4,35.3,35.7,35.5,47.6,35.3,35.3,35.4,35.6,35.2,35.3,23.89,23.89
0.0000166,47.5,35.3,35.5,35.4,35.8,35.4,35.5,35.5,35.5,35.4,35.4,47.6,35.7,35.5,35.5,35.8,35.6,35.6,35.5,35.3,34.9,47.4,35.3,35.6,35.4,35.4,35.8,35.4,35.5,35.5,35.5,47.5,35.4,35.5,35.3,35.2,35.3,35.1,35.6,35.2,35.5,47.6,35.4,35.6,35.5,35.2,35.5,35.6,35.4,35.2,35.7,47.4,35.5,35.3,35.4,35.4,35.5,35.2,35.4,35.3,35.4,47.4,35.3,35.5,35.2,35,35,35.4,35.4,35.3,35.4,47.5,35.4,35.3,35.4,35.3,35,35.3,35.2,35.2,35.2,47.5,35.3,35.4,35.2,35.4,35.1,35.4,35.4,35.7,35.4,47.5,35.4,35.3,35.5,35.7,35.1,35.2,24.04,23.98
0.0000168,47.5,35.4,35.4,35.5,35.9,35.4,35.4,35.5,35.4,35.4,35.4,47.5,35.7,35.6,35.3,35.5,35.6,35.7,35.5,35.3,34.9,47.6,35.2,35.5,35.3,35.5,35.8,35.3,35.5,35.3,35.7,47.4,35.3,35.4,35.4,35.2,35.3,35.2,35.4,35.3,35.3,47.6,35.3,35.6,35.3,35.3,35.3,35.7,35.4,35.3,35.6,47.5,35.7,35.3,35.3,35.2,35.4,35,35.3,35.4,35.5,47.4,35.3,35.6,35.3,35,35.1,35.4,35.3,35.4,35.4,47.5,35.5,35.2,35.3,35.3,35.1,35,35,35.1,35.2,47.5,35.3,35.5,35.1,35.4,35,35.4,35.4,35.6,35.4,47.5,35.3,35.1,35.4,35.9,35.1,35.1,23.94,23.89
0.000017,47.6,35.5,35.5,35.5,35.7,35.3,35.3,35.6,35.3,35.3,35.2,47.6,35.7,35.6,35.5,35.3,35.7,35.7,35.5,35.3,35.2,47.4,35.1,35.6,35.2,35.5,35.7,35.2,35.4,35.2,35.7,47.6,35.3,35.5,35.4,35.2,35.3,35.1,35.6,35.4,35.2,47.5,35.3,35.7,35.2,35.3,35.3,35.7,35.7,35.5,35.5,47.5,35.8,35.4,35.3,35.1,35.4,35,35.4,35.6,35.5,47.5,35.3,35.6,35.4,35,35.1,35.5,35.2,35.3,35.3,47.6,35.6,35,35.4,35.3,35.2,35,35,35,35.3,47.6,35.4,35.5,35.2,35.4,35,35.4,35.5,35.5,35.4,47.5,35.4,35.2,35.3,35.9,35.3,35.3,23.94,23.99
0.0000172,47.5,35.5,35.5,35.5,35.4,35.4,35.3,35.5,35.3,35.2,35.3,47.6,35.7,35.6,35.4,35.1,35.5,35.6,35.5,35.3,35.3,47.5,35.2,35.5,35.3,35.4,35.7,35.3,35.5,35.3,35.5,47.4,35.1,35.4,35.4,35.2,35.5,35,35.4,35.4,35.3,47.5,35.5,35.6,35.3,35.3,35.2,35.7,35.9,35.4,35.3,47.4,36,35.3,35.2,35.1,35.3,35.1,35.4,35.6,35.5,47.5,35.4,35.6,35.4,34.9,35.4,35.4,35.4,35.3,35.1,47.5,35.6,35.2,35.1,35.3,35.3,34.9,35,35,35.2,47.5,35.3,35.5,35.3,35.1,35.1,35.4,35.6,35.3,35.4,47.4,35.3,35.2,35.3,35.9,35.2,35.3,23.99,23.94
0.0000174,47.5,35.5,35.5,35.5,35.4,35.4,35.3,35.7,35.3,35.2,35.3,47.6,35.5,35.6,35.5,35.1,35.5,35.7,35.5,35.3,35.5,47.5,35.2,35.6,35.2,35.5,35.4,35.3,35.5,35.2,35.6,47.4,35.1,35.5,35.4,35.5,35.3,35,35.4,35.5,35.4,47.5,35.4,35.6,35.3,35.3,35.1,35.7,35.9,35.5,35.2,47.6,36.1,35.3,35.3,35.2,35.3,35.3,35.4,35.6,35.5,47.6,35.3,35.4,35.4,34.9,35.4,35.5,35.1,35.4,35,47.6,35.6,35.1,35,35.4,35.3,35,35.2,35,35.2,47.5,35.4,35.4,35.4,35.1,35.1,35.4,35.6,35.1,35.4,47.5,35.4,35.1,35.3,35.9,35.4,35.4,23.94,23.99
0.0000176,47.4,35.4,35.5,35.6,35.2,35.4,35.3,35.6,35.4,35.2,35.3,47.4,35.5,35.5,35.5,35.2,35.4,35.7,35.4,35.4,35.6,47.5,35.2,35.5,35.3,35.4,35.3,35.3,35.4,35.3,35.3,47.6,35.2,35.5,35.4,35.6,35.5,35,35.5,35.4,35.2,47.5,35.5,35.6,35.3,35.3,35.2,35.4,35.8,35.5,35.2,47.5,35.9,35.4,35.2,35.3,35.3,35.4,35.3,35.5,35.4,47.5,35.3,35.4,35.4,34.9,35.4,35.4,35.1,35.3,34.8,47.5,35.4,35.2,35.1,35.4,35.3,35.1,35.2,35,35.1,47.4,35.2,35.3,35.4,35.1,35.3,35.4,35.5,35,35.3,47.5,35.3,35.3,35.5,35.8,35.5,35.3,23.85,23.89
0.0000178,47.6,35.3,35.4,35.6,35.1,35.6,35.6,35.7,35.4,35.2,35.5,47.4,35.5,35.7,35.6,35.2,35.4,35.5,35.4,35.4,35.7,47.5,35.2,35.6,35.2,35.4,35.4,35.2,35.3,35.5,35.4,47.5,35.3,35.5,35.4,35.6,35.5,35,35.4,35.4,35.5,47.6,35.5,35.7,35.4,35.3,35.5,35.4,35.6,35.4,35,47.5,35.8,35.4,35.4,35.3,35.3,35.6,35.3,35.3,35.2,47.5,35.3,35.1,35.4,35,35.4,35.3,35.1,35.3,34.7,47.5,35.2,35.2,35.1,35.3,35.4,35,35.4,35.2,35.3,47.5,35.3,35.1,35.5,35.1,35.4,35.3,35.4,34.7,35.3,47.6,35.3,35.4,35.4,35.7,35.7,35.5,23.94,23.99
0.000018,47.5,35.5,35.5,35.6,35.2,35.4,35.5,35.5,35.4,35.4,35.4,47.4,35.2,35.5,35.6,35.5,35.5,35.5,35.3,35.5,35.6,47.5,35.3,35.6,35.5,35.5,35.4,35.4,35.2,35.5,35.2,47.5,35.3,35.5,35.4,35.7,35.5,35.2,35.4,35.5,35.3,47.6,35.4,35.7,35.3,35.3,35.5,35.2,35.4,35.5,35.1,47.5,35.6,35.3,35.3,35.7,35.4,35.7,35.3,35.2,35.2,47.6,35.3,35.2,35.3,35.3,35.4,35.4,35.3,35.3,34.7,47.5,35.3,35.4,35.1,35.1,35.2,35.2,35.5,35.3,35.2,47.5,35.2,34.9,35.4,35,35.3,35.2,35.4,34.8,35.4,47.5,35.4,35.3,35.4,35.6,35.7,35.4,23.99,23.89
0.0000182,47.5,35.4,35.4,35.7,35.4,35.4,35.7,35.4,35.4,35.4,35.5,47.6,35.2,35.4,35.6,35.6,35.4,35.5,35.2,35.5,35.5,47.5,35.4,35.5,35.5,35.5,35.5,35.5,35.1,35.5,35.2,47.5,35.2,35.6,35.4,35.5,35.5,35.5,35.4,35.5,35.2,47.5,35.4,35.5,35.5,35.2,35.6,35.2,35.3,35.4,35.2,47.5,35.4,35.3,35.3,35.6,35.4,35.6,35.3,35.1,35.2,47.5,35.3,35.1,35.3,35.4,35.3,35.2,35.4,35.4,34.9,47.5,34.9,35.5,35.3,35.1,35.3,35.3,35.5,35.3,35.3,47.4,35.2,35.1,35.3,35.3,35.5,35.2,35.2,34.8,35.3,47.5,35.4,35.3,35.4,35.5,35.7,35.4,23.95,23.94
0.0000184,47.5,35.5,35.5,35.6,35.6,35.6,35.7,35.4,35.3,35.4,35.5,47.4,35.3,35.4,35.8,35.8,35.4,35.4,35.3,35.5,35.5,47.6,35.4,35.5,35.5,35.4,35.5,35.5,35.2,35.5,35.2,47.4,35.1,35.8,35.4,35.5,35.5,35.6,35.4,35.5,35.5,47.4,35.3,35.4,35.3,35.3,35.7,35.2,35.3,35.5,35.3,47.4,35.2,35.4,35.4,35.7,35.4,35.5,35.2,35.1,35.3,47.4,35.3,35.1,35.2,35.3,35.2,35.3,35.4,35.3,35.2,47.5,35,35.6,35.2,35.1,35.3,35.3,35.5,35.3,35.3,47.5,35.2,35.1,35.5,35.5,35.5,35.2,35.1,35.2,35.4,47.6,35.4,35.4,35.3,35.4,35.8,35.5,23.98,24.08
0.0000186,47.4,35.5,35.4,35.5,36,35.5,35.7,35.2,35.4,35.4,35.5,47.5,35.2,35.5,35.5,35.7,35.4,35.5,35.4,35.3,35.5,47.5,35.6,35.5,35.5,35.5,35.5,35.4,35.1,35.5,35.2,47.5,34.9,35.8,35.4,35.6,35.4,35.6,35.6,35.5,35.5,47.5,35.3,35.4,35.4,35.3,35.6,35.4,35.3,35.5,35.3,47.5,35.2,35.4,35.4,35.7,35.4,35.2,35.2,35.2,35.1,47.5,35.3,35.2,35.3,35.3,35.1,35.3,35.5,35.3,35.5,47.6,34.9,35.5,35.3,35.1,35.2,35.4,35.5,35.3,35.3,47.4,35.2,35.3,35.2,35.5,35.4,35.1,35,35.4,35.3,47.6,35.3,35.4,35.4,35.3,35.5,35.4,23.94,24.12
0.0000188,47.5,35.4,35.3,35.4,36.1,35.5,35.6,35.2,35.3,35.4,35.4,47.6,35.2,35.5,35.5,35.5,35.4,35.4,35.3,35.3,35.4,47.6,35.6,35.4,35.5,35.4,35.7,35.6,35.3,35.4,35.5,47.5,34.9,35.6,35.3,35.5,35.3,35.7,35.4,35.5,35.5,47.5,35.4,35.2,35.5,35.4,35.6,35.4,35.4,35.3,35.3,47.6,34.9,35.4,35.4,35.6,35.4,35,35.3,35.4,35.4,47.5,35.2,35.2,35.1,35.4,35,35.4,35.6,35.3,35.5,47.5,35,35.5,35.3,35.3,35.1,35.3,35.3,35.4,35.3,47.5,35.4,35.4,35,35.6,35.4,35.3,35.1,35.5,35.4,47.6,35.3,35.5,35.3,35.2,35.6,35.4,23.94,24.16
0.000019,47.5,35.4,35.2,35.4,35.8,35.5,35.6,35.2,35.3,35.4,35.4,47.5,35.3,35.4,35.2,35.4,35.5,35.4,35.3,35.3,35.3,47.5,35.4,35.4,35.6,35.4,35.7,35.5,35.5,35.4,35.5,47.7,34.8,35.5,35.4,35.5,35.5,35.5,35.5,35.5,35.5,47.4,35.4,35.1,35.5,35.3,35.6,35.5,35.7,35.4,35.3,47.5,35,35.4,35.4,35.4,35.6,35.1,35.3,35.6,35.3,47.4,35.4,35.3,35.4,35.3,35,35.3,35.5,35.3,35.6,47.6,35.3,35.4,35.3,35.1,35.2,35.4,35.3,35.4,35.3,47.4,35.3,35.6,35,35.7,35.2,35.3,35.4,35.5,35.4,47.5,35.3,35.4,35.3,35.2,35.3,35.4,24.12,24.21
0.0000192,47.4,35.5,35.2,35.2,35.7,35.3,35.7,35.2,35.4,35.4,35.4,47.4,35.3,35.5,35.3,35.3,35.5,35.4,35.5,35.3,35.2,47.7,35.5,35.5,35.5,35.4,35.6,35.5,35.5,35.3,35.6,47.5,34.8,35.4,35.4,35.5,35.3,35.2,35.5,35.4,35.4,47.6,35.3,35.1,35.5,35.3,35.4,35.4,35.8,35.4,35.3,47.6,35.1,35.4,35.3,35.4,35.6,35,35.4,35.8,35.3,47.6,35.3,35.4,35.1,35.4,35,35.4,35.4,35.3,35.6,47.5,35.2,35.3,35.3,35.2,35.1,35.3,35.2,35.4,35.2,47.5,35.3,35.6,34.9,35.5,35.1,35.1,35.4,35.6,35.4,47.5,35.4,35.5,35.3,35.3,35.3,35.4,24.16,24.21
0.0000194,47.4,35.5,35.3,35.4,35.7,35.3,35.6,35.5,35.4,35.2,35.2,47.5,35.4,35.3,35.2,35.2,35.6,35.4,35.3,35.3,35.1,47.5,35.4,35.5,35.4,35.4,35.5,35.4,35.5,35.3,35.7,47.5,35.1,35.2,35.6,35.4,35.1,35.3,35.5,35.4,35.4,47.5,35.4,35.2,35.5,35.3,35.4,35.5,35.9,35.3,35.3,47.5,35.4,35.4,35.3,35.3,35.7,35,35.3,35.8,35.4,47.6,35.4,35.4,35.2,35.5,35.1,35.4,35.3,35.4,35.6,47.5,35.4,35.2,35.4,35.3,35.2,35.3,35.2,35.2,35.2,47.4,35.3,35.6,34.9,35.5,35.1,35.2,35.3,35.5,35.4,47.5,35.3,35.5,35.3,35.3,35.3,35.3,24.16,24.16
0.0000196,47.5,35.5,35.4,35.4,35.4,35.5,35.3,35.6,35.4,35.2,35.3,47.5,35.6,35.4,35.1,35.1,35.5,35.4,35.4,35.3,35.2,47.6,35.5,35.5,35.5,35.5,35.4,35.5,35.5,35.3,35.6,47.4,35.3,35.2,35.5,35.4,35.2,35.1,35.5,35.6,35.5,47.5,35.4,35.5,35.5,35.3,35.4,35.4,35.9,35.3,35.3,47.6,35.6,35.4,35.3,35.2,35.7,35,35.4,35.8,35.3,47.5,35.4,35.5,35.2,35.3,35.2,35.4,35.1,35.3,35.4,47.6,35.5,35.1,35.5,35.2,35.2,35.3,35.3,35.1,35.3,47.5,35.4,35.4,35.2,35.4,35.2,35.3,35.4,35.5,35.2,47.5,35.3,35.4,35.3,35.4,35.3,35.4,24.16,24.16
0.0000198,47.5,35.5,35.2,35.4,35.4,35.4,35.1,35.5,35.4,35.3,35.5,47.6,35.6,35.4,35.2,35.3,35.5,35.5,35.4,35.3,35.1,47.5,35.5,35.4,35.6,35.6,35.4,35.4,35.6,35.3,35.7,47.5,35.5,35.2,35.5,35.3,35.2,35.2,35.3,35.6,35.4,47.5,35.4,35.5,35.6,35.4,35.3,35.4,35.8,35.5,35.3,47.6,35.7,35.3,35.4,35.2,35.7,35.3,35.4,35.6,35.4,47.4,35.4,35.5,35.1,35.3,35.4,35.4,35,35.3,35.2,47.6,35.5,35,35.5,35.2,35.3,35.4,35.2,35.2,35.1,47.6,35.4,35.4,35.2,35.2,35.3,35.1,35.5,35.4,35.3,47.4,35.2,35.4,35.3,35.4,35.3,35.3,24.11,24.21
0.00002,47.5,35.4,35.5,35.4,35.4,35.3,34.9,35.6,35.6,35.1,35.4,47.5,35.4,35.5,35.2,35.3,35.4,35.7,35.4,35.5,35.4,47.5,35.4,35.4,35.6,35.4,35.2,35.4,35.7,35.3,35.5,47.4,35.7,35.2,35.6,35.4,35.2,35.3,35.4,35.6,35.4,47.4,35.6,35.6,35.5,35.4,35.3,35.5,35.6,35.4,35.3,47.6,35.6,35.3,35.3,35.2,35.6,35.3,35.3,35.4,35.6,47.5,35.4,35.4,35.1,35.4,35.4,35.3,35,35.3,35.1,47.5,35.5,35.2,35.6,35.2,35.4,35.4,35.3,35.2,35.3,47.6,35.2,35.1,35.4,35.1,35.2,35.2,35.4,35.1,35.3,47.5,35.4,35.3,35.3,35.4,35.6,35.3,24.21,24.16
0.0000202,47.6,35.4,35.4,35.4,35.3,35.3,34.8,35.5,35.5,35.3,35.5,47.5,35.5,35.5,35.4,35.5,35.5,35.6,35.3,35.3,35.5,47.6,35.5,35.5,35.6,35.4,35.3,35.4,35.7,35.4,35.5,47.5,35.9,35.3,35.4,35.4,35.3,35.4,35.4,35.7,35.3,47.5,35.6,35.8,35.5,35.5,35.4,35.5,35.5,35.4,35.2,47.6,35.7,35.3,35.6,35.2,35.4,35.4,35.3,35.1,35.5,47.6,35.5,35.5,35.3,35.4,35.4,35.3,35,35.3,34.9,47.5,35.4,35.2,35.5,35.3,35.3,35.4,35.2,35.3,35.2,47.5,35.2,35,35.5,35.1,35.3,35.3,35.4,35,35.4,47.6,35.3,35.3,35.3,35.4,35.5,35.4,24.16,24.26
0.0000204,47.5,35.5,35.5,35.4,35.4,35.5,34.8,35.6,35.5,35.4,35.5,47.4,35.4,35.5,35.5,35.5,35.4,35.6,35.3,35.3,35.4,47.4,35.5,35.5,35.6,35.6,35.5,35.5,35.6,35.3,35.4,47.5,35.8,35.3,35.5,35.5,35.4,35.6,35.4,35.7,35.5,47.5,35.7,35.8,35.4,35.5,35.5,35.5,35.2,35.6,35.3,47.6,35.7,35.4,35.6,35.4,35.4,35.4,35.3,35,35.4,47.5,35.4,35.3,35.3,35.4,35.4,35.2,35.2,35.3,35,47.5,35.2,35.3,35.4,35.3,35.3,35.4,35.1,35.3,35.2,47.5,35.2,34.9,35.7,35.2,35.4,35.3,35.4,34.8,35.4,47.4,35.2,35.3,35.3,35.3,35.6,35.5,24.26,24.2
0.0000206,47.5,35.4,35.5,35.6,35.5,35.3,34.7,35.5,35.6,35.4,35.5,47.5,35.5,35.5,35.7,35.7,35.4,35.6,35.5,35.4,35.4,47.5,35.4,35.4,35.5,35.5,35.4,35.5,35.5,35.4,35.4,47.5,35.6,35.4,35.6,35.4,35.5,35.8,35.5,35.7,35.5,47.6,35.7,35.7,35.2,35.4,35.5,35.6,35.3,35.6,35.3,47.5,35.5,35.3,35.8,35.5,35.4,35.6,35.2,34.9,35.5,47.6,35.6,35.4,35.3,35.4,35.4,35.4,35.3,35.3,35.3,47.5,35.2,35.4,35.4,35.3,35.4,35.4,35.3,35.3,35.4,47.4,35.3,34.9,35.5,35.3,35.4,35.1,35.4,34.8,35.4,47.5,35.2,35.1,35.4,35.4,35.5,35.3,24.21,24.16
0.0000208,47.5,35.6,35.6,35.5,35.6,35.4,34.8,35.5,35.5,35.4,35.5,47.4,35.4,35.5,35.7,35.7,35.4,35.5,35.5,35.4,35.5,47.6,35.4,35.5,35.5,35.6,35.4,35.5,35.3,35.4,35.4,47.4,35.4,35.7,35.5,35.6,35.6,35.8,35.5,35.7,35.6,47.6,35.7,35.6,35.4,35.3,35.5,35.5,35.4,35.7,35.3,47.6,35.3,35.3,35.6,35.5,35.4,35.5,35.2,35.2,35.4,47.5,35.5,35.3,35.4,35.3,35.4,35.4,35.4,35.3,35.4,47.6,35.1,35.5,35.2,35.3,35.2,35.4,35.3,35.2,35.3,47.5,35.3,35,35.5,35.3,35.4,35.3,35.4,34.9,35.5,47.5,35.2,35.2,35.5,35.3,35.5,35.4,24.12,24.16
0.000021,47.4,35.6,35.6,35.5,35.7,35.3,34.9,35.5,35.6,35.5,35.4,47.5,35.5,35.5,35.7,35.7,35.4,35.4,35.4,35.5,35.4,47.4,35.3,35.4,35.4,35.5,35.4,35.5,35.1,35.5,35.4,47.4,35.2,35.6,35.5,35.5,35.7,35.8,35.5,35.7,35.7,47.5,35.6,35.4,35.3,35.3,35.5,35.3,35.6,35.5,35.5,47.5,35.3,35.3,35.6,35.6,35.4,35.4,35.1,35.4,35.4,47.6,35.4,35.2,35.4,35.3,35.3,35.4,35.5,35.3,35.6,47.5,35,35.3,35,35.5,35.2,35.3,35.3,35.3,35.4,47.5,35.4,35,35.4,35.4,35.3,35.4,35.4,34.9,35.6,47.6,35.3,35.2,35.6,35.4,35.4,35.2,24.21,24.16
0.0000212,47.6,35.6,35.4,35.7,35.6,35.4,35,35.4,35.5,35.6,35.4,47.4,35.4,35.4,35.7,35.6,35.5,35.3,35.5,35.5,35.5,47.5,35.4,35.3,35.5,35.5,35.3,35.5,35.1,35.5,35.4,47.6,35.1,35.7,35.5,35.6,35.6,35.8,35.4,35.4,35.7,47.6,35.5,35.3,35.4,35.6,35.4,35.4,35.7,35.5,35.4,47.5,35.2,35.2,35.5,35.6,35.5,35.3,35.2,35.5,35.3,47.5,35.4,35.1,35.4,35,35.3,35.5,35.5,35.4,35.7,47.6,34.9,35.3,35.1,35.4,35.2,35.1,35.3,35.3,35.4,47.6,35.4,35.4,35.1,35.2,35.2,35.4,35.3,35.2,35.6,47.6,35.5,35.3,35.6,35.4,35.4,35.4,24.3,24.16
0.0000214,47.5,35.3,35.5,35.7,35.4,35.4,35.1,35.3,35.5,35.4,35.3,47.7,35.4,35.4,35.5,35.4,35.3,35.4,35.6,35.5,35.6,47.5,35.4,35.4,35.2,35.3,35.4,35.6,35.2,35.3,35.4,47.4,35.2,35.6,35.4,35.5,35.5,35.5,35.4,35.5,35.6,47.5,35.5,35.3,35.3,35.6,35.4,35.3,35.8,35.5,35.5,47.5,35.3,35.3,35.3,35.5,35.7,35.3,35.2,35.8,35.3,47.6,35.4,35,35.5,35.1,35.4,35.5,35.4,35.3,35.8,47.4,35.2,35.3,35,35.4,35.1,35,35.5,35.3,35.4,47.5,35.4,35.4,35.1,35.1,35.2,35.6,35.3,35.2,35.6,47.6,35.5,35.3,35.6,35.4,35.3,35.5,24.26,24.16
0.0000216,47.5,35.3,35.5,35.7,35.1,35.2,35.3,35.4,35.4,35.5,35.3,47.5,35.5,35.5,35.6,35.4,35.4,35.2,35.5,35.4,35.5,47.4,35.4,35.5,35.2,35.2,35.4,35.4,35.3,35.4,35.4,47.5,35.4,35.6,35.4,35.4,35.4,35.4,35.5,35.3,35.6,47.5,35.3,35.3,35.5,35.6,35.4,35.3,36,35.5,35.6,47.6,35.4,35.3,35.3,35.7,35.7,35.3,35.3,35.8,35.2,47.4,35.3,35.1,35.4,35,35.2,35.5,35.4,35.4,35.7,47.4,35.1,35.2,35,35.3,35,35,35.3,35.1,35.4,47.5,35.4,35.4,34.9,35.3,35.3,35.6,35.3,35.3,35.5,47.4,35.5,35.4,35.7,35.4,35.3,35.5,24.12,24.26
0.0000218,47.5,35.2,35.5,35.7,35.4,35.4,35.3,35.2,35.4,35.5,35.3,47.6,35.3,35.4,35.5,35.3,35.5,35.3,35.5,35.5,35.3,47.4,35.4,35.4,35.2,35.1,35.5,35.5,35.3,35.5,35.4,47.5,35.8,35.5,35.6,35.3,35.3,35.3,35.3,35.4,35.4,47.5,35.5,35.4,35.5,35.6,35.5,35.4,35.8,35.5,35.4,47.6,35.4,35.3,35.4,35.5,35.7,35.2,35.4,35.8,35.5,47.5,35.3,35.2,35.4,35,35.3,35.5,35.4,35.5,35.5,47.4,35.1,35.2,35.2,35,35.2,35,35.3,35.2,35.3,47.5,35.3,35.5,34.8,35.1,35.3,35.7,35.2,35.3,35.3,47.5,35.5,35.4,35.7,35.4,35.3,35.5,24.21,24.25
0.000022,47.5,35.1,35.5,35.6,35.4,35.6,35.3,35.4,35.5,35.6,35.3,47.6,35.2,35.4,35.5,35.3,35.4,35.4,35.4,35.7,35.3,47.5,35.4,35.5,35.2,35.2,35.5,35.5,35.6,35.4,35.6,47.5,35.8,35.4,35.6,35.3,35.2,35.3,35.3,35.1,35.3,47.6,35.4,35.6,35.3,35.6,35.4,35.6,35.6,35.3,35.6,47.5,35.6,35.3,35.4,35.4,35.7,35.2,35.5,35.6,35.4,47.5,35.2,35.4,35.4,35,35.4,35.5,35.3,35.4,35.4,47.5,35.1,35.1,35.3,35,35.2,35,35.2,35.1,35.1,47.5,35.3,35.4,34.8,35.4,35.3,35.6,35.1,35.4,35.1,47.5,35.4,35.3,35.6,35.4,35.4,35.5,24.21,24.43
0.0000222,47.6,35.2,35.5,35.4,35.4,35.5,35.4,35.6,35.4,35.5,35.3,47.4,35.2,35.5,35.5,35.3,35.5,35.6,35.2,35.4,35.3,47.4,35.4,35.5,35,35.5,35.5,35.5,35.8,35.2,35.4,47.4,36,35.2,35.7,35.3,35.2,35.3,35.3,35.1,35.3,47.4,35.4,35.6,35.3,35.7,35.4,35.6,35.4,35.3,35.4,47.6,35.5,35.4,35.5,35.5,35.4,35.3,35.5,35.5,35.4,47.6,35.3,35.5,35.3,35.3,35.3,35.4,35.2,35.3,35.3,47.5,35.4,35.2,35.4,35.1,35.3,35,35.2,35.3,35,47.5,35.2,35.3,35,35.3,35.3,35.6,35.2,35.4,35.1,47.5,35.4,35.4,35.5,35.4,35.6,35.4,24.16,24.33
0.0000224,47.6,35.1,35.5,35.3,35.3,35.3,35.4,35.6,35.4,35.7,35.5,47.6,35.4,35.5,35.5,35.4,35.4,35.7,35,35.5,35.2,47.6,35.4,35.3,34.9,35.6,35.5,35.4,35.8,35.3,35.5,47.5,35.8,35.2,35.7,35.3,35.2,35.3,35.3,35.2,35.2,47.6,35.4,35.8,35.5,35.6,35.4,35.7,35.3,35.5,35.5,47.6,35.4,35.4,35.5,35.3,35.4,35.4,35.4,35.3,35.4,47.6,35.4,35.6,35.4,35.3,35.3,35.3,35.2,35.3,35.2,47.5,35.3,35.2,35.5,35,35.3,35.2,35.3,35.1,35.1,47.5,35.2,35.4,35.1,35.4,35.4,35.5,35.2,35.4,34.9,47.4,35.3,35.3,35.3,35.3,35.7,35.4,24.34,24.43
0.0000226,47.5,35.3,35.5,35.2,35.3,35.3,35.2,35.5,35.4,35.5,35.4,47.6,35.4,35.4,35.5,35.4,35.3,35.7,34.9,35.5,35.2,47.4,35.3,35.3,34.9,35.7,35.6,35.3,35.8,35.4,35.4,47.4,35.8,35.3,35.6,35.5,35.2,35.4,35.4,35.2,35.2,47.5,35.4,35.7,35.4,35.5,35.3,35.7,35.1,35.3,35.4,47.5,35.3,35.4,35.3,35.3,35.4,35.5,35.5,35.3,35.5,47.5,35.3,35.6,35.2,35.4,35.3,35.2,35.3,35.3,35.1,47.4,35.3,35.3,35.5,35.1,35.3,35.2,35.3,35,35,47.6,35.2,35.3,35.2,35.3,35.5,35.3,35.3,35.4,34.9,47.6,35.5,35.3,35.3,35.3,35.7,35.3,24.38,24.39
0.0000228,47.6,35.6,35.5,35.2,35.4,35.3,35.3,35.5,35.4,35.4,35.4,47.6,35.6,35.5,35.5,35.3,35.4,35.9,35.2,35.5,35.4,47.6,35.4,35.3,35,35.7,35.6,35.5,35.6,35.2,35.5,47.6,35.4,35.3,35.7,35.5,35.2,35.6,35.4,35.3,35.2,47.6,35.4,35.7,35.4,35.3,35.4,35.7,35,35.4,35.4,47.5,35.4,35.4,35.3,35.4,35.1,35.6,35.5,35.1,35.3,47.4,35.1,35.5,35.2,35.5,35.3,35.1,35.3,35.1,35.2,47.5,35.3,35.3,35.5,35.3,35.3,35.2,35.5,35.1,35.1,47.6,35.2,35.3,35.2,35.4,35.4,35.2,35.4,35.5,34.9,47.6,35.4,35.3,35.1,35.3,35.7,35.4,24.33,24.42
0.000023,47.4,35.8,35.5,35.2,35.4,35.4,35.2,35.3,35.4,35.6,35.5,47.7,35.7,35.2,35.7,35.5,35.4,35.8,35.2,35.4,35.4,47.5,35.4,35.2,35.1,35.7,35.6,35.5,35.6,35.3,35.4,47.5,35.3,35.5,35.6,35.5,35.4,35.6,35.4,35.5,35.2,47.5,35.3,35.5,35.5,35.2,35.5,35.7,34.9,35.4,35.3,47.5,35.4,35.3,35.1,35.4,35.1,35.5,35.3,35.2,35.4,47.5,35.1,35.6,35.2,35.6,35.4,35,35.4,35,35.4,47.6,35.3,35.3,35.4,35.4,35,35.3,35.5,35,35.1,47.6,35.2,35.3,35.4,35.3,35.4,35,35.4,35.5,35,47.6,35.2,35.4,35.2,35.5,35.7,35.2,24.38,24.43
0.0000232,47.4,35.8,35.4,35.4,35.5,35.5,35.3,35.4,35.3,35.4,35.5,47.5,35.7,35.3,35.6,35.5,35.4,35.8,35.4,35.4,35.4,47.5,35.4,35.3,35.2,35.7,35.7,35.5,35.3,35.4,35.3,47.5,35.1,35.4,35.6,35.5,35.4,35.6,35.4,35.6,35.4,47.4,35.4,35.4,35.3,35.1,35.5,35.7,35,35.5,35.3,47.5,35.4,35.4,35.1,35.4,35.1,35.6,35.3,35.2,35.4,47.6,35,35.4,35.3,35.5,35.3,35.1,35.3,35.2,35.4,47.4,35.2,35.3,35.2,35.4,35,35.3,35.5,35,35.2,47.4,35,35.2,35.4,35.4,35.3,34.9,35.4,35.4,35.2,47.5,35.4,35.4,35.2,35.3,35.5,35.2,24.38,24.42
0.0000234,47.4,35.8,35.5,35.4,35.2,35.5,35.3,35.5,35.2,35.4,35.6,47.5,35.8,35.5,35.7,35.5,35.5,35.9,35.4,35.5,35.5,47.5,35.5,35.3,35.3,35.6,35.8,35.5,35,35.6,35.4,47.4,35.1,35.4,35.6,35.5,35.4,35.7,35.4,35.6,35.5,47.4,35.4,35.2,35.3,35.2,35.5,35.6,35,35.4,35.1,47.4,35.4,35.3,35,35.4,35.2,35.5,35.1,35.3,35.3,47.5,35,35.3,35.3,35.4,35.3,35.1,35.4,35.2,35.5,47.5,35.4,35.3,35.1,35.4,35.1,35.2,35.4,35.1,35.4,47.6,35.1,35.2,35.5,35.4,35.3,34.7,35.4,35.3,35.4,47.6,35.5,35.5,35.3,35.3,35.4,35.3,24.39,24.34
0.0000236,47.6,35.8,35.4,35.5,35.3,35.4,35.3,35.5,35.1,35.6,35.5,47.4,35.7,35.5,35.6,35.4,35.3,35.7,35.6,35.3,35.6,47.5,35.5,35.4,35.7,35.4,35.7,35.5,34.9,35.6,35.5,47.4,35.2,35.4,35.6,35.3,35.4,35.6,35.4,35.7,35.6,47.4,35.4,35.1,35.4,35.2,35.5,35.5,35.1,35.3,35.1,47.5,35.5,35.3,35.2,35.4,35.3,35.4,35.1,35.4,35.3,47.6,35,35.3,35.4,35.3,35.3,34.9,35.4,35.3,35.4,47.5,35.2,35.2,35.2,35.4,35.2,35.3,35.4,35.2,35.4,47.4,35.1,35.3,35.4,35.3,35.2,34.8,35.4,35.3,35.4,47.5,35.4,35.6,35.4,35.2,35.2,35.2,24.43,24.42
0.0000238,47.5,35.6,35.5,35.7,35.4,35.5,35.3,35.4,35.1,35.5,35.5,47.4,35.6,35.6,35.6,35.4,35.3,35.7,35.6,35.3,35.5,47.6,35.5,35.6,35.7,35.2,35.6,35.5,35,35.7,35.4,47.5,35.3,35.5,35.5,35.5,35.4,35.5,35.5,35.7,35.7,47.5,35.3,35.4,35.5,35,35.4,35.4,35.2,35.5,35.2,47.5,35.6,35.3,35.3,35.5,35.4,35.5,35.2,35.5,35.4,47.6,35.1,35.4,35.4,35.5,35.3,35.2,35.4,35.5,35.4,47.5,35.1,35.3,35.2,35.2,35.3,35.2,35.3,35.1,35.4,47.5,35.2,35.4,35.4,35.2,35.3,35,35.4,35.2,35.6,47.5,35.4,35.6,35.4,35.2,35,35.4,24.39,24.43
0.000024,47.5,35.5,35.7,35.7,35.5,35.3,35.6,35.3,35.2,35.5,35.4,47.5,35.3,35.6,35.5,35.3,35.5,35.5,35.7,35.3,35.3,47.6,35.6,35.8,35.7,35.2,35.7,35.4,35,35.6,35.4,47.5,35.4,35.4,35.4,35.4,35.2,35.4,35.5,35.7,35.7,47.5,35.3,35.5,35.4,35.1,35.5,35.3,35.1,35.4,35.3,47.4,35.6,35.4,35.4,35.5,35.5,35.3,35.2,35.6,35.2,47.5,35.3,35.4,35.4,35.5,35.2,35.2,35.4,35.4,35.4,47.5,35.1,35.3,35,35.3,35.5,35.2,35.3,35.3,35.6,47.5,35.3,35.4,35.2,35.2,35.3,35.1,35.4,35.2,35.7,47.6,35.4,35.5,35.4,35.3,35.1,35.2,24.42,24.43
0.0000242,47.5,35.2,35.6,35.5,35.6,35.4,35.7,35.3,35.4,35.5,35.3,47.5,35.3,35.5,35.4,35.3,35.4,35.3,35.6,35.3,35.5,47.5,35.6,35.8,35.7,35.2,35.6,35.4,35.2,35.7,35.5,47.5,35.5,35.4,35.3,35.5,35.4,35.3,35.4,35.6,35.6,47.6,35.4,35.6,35.3,35.2,35.4,35.4,35.3,35.5,35.5,47.5,35.6,35.3,35.5,35.5,35.6,35.4,35.3,35.6,35.3,47.5,35.4,35.5,35.3,35.4,35.2,35.2,35.2,35.6,35.4,47.4,35.1,35.3,35.3,35.1,35.6,35.2,35.3,35.3,35.4,47.5,35.3,35.4,35.2,35.1,35.3,35.3,35.2,35.3,35.6,47.6,35.3,35.3,35.6,35.3,35.2,35.2,24.34,24.51
0.0000244,47.7,35,35.7,35.4,35.7,35.5,35.6,35.4,35.4,35.6,35.4,47.4,35.2,35.7,35.2,35.3,35.4,35.3,35.6,35.2,35.5,47.5,35.6,35.8,35.6,35.2,35.4,35.3,35.5,35.6,35.5,47.5,35.5,35.3,35.2,35.5,35.2,35.3,35.4,35.4,35.5,47.5,35.4,35.8,35.3,35.3,35.4,35.3,35.3,35.3,35.6,47.6,35.7,35.3,35.5,35.6,35.6,35.3,35.3,35.5,35.2,47.5,35.4,35.5,35.3,35.6,35.2,35.2,35.3,35.5,35.4,47.6,35,35.4,35.2,35.1,35.7,35.2,35.4,35.5,35.4,47.6,35.4,35.4,35.2,35,35.4,35.3,35.2,35.3,35.4,47.5,35.4,35.3,35.3,35.6,35.3,35.2,24.47,24.39
0.0000246,47.4,35.1,35.7,35.4,35.7,35.5,35.7,35.3,35.6,35.5,35.5,47.4,35.2,35.6,35.2,35.3,35.5,35.1,35.4,35.4,35.5,47.5,35.6,35.7,35.5,35.3,35.3,35.3,35.6,35.5,35.5,47.4,35.5,35.2,35.2,35.4,35.2,35.3,35.3,35.4,35.5,47.6,35.4,35.8,35.1,35.3,35.4,35.4,35.4,35.3,35.6,47.4,35.7,35.3,35.5,35.5,35.6,35.3,35.3,35.5,35.2,47.5,35.6,35.6,35.4,35.5,35.3,35.3,35.4,35.4,35.4,47.4,35.3,35.3,35.3,35.1,35.6,35.2,35.4,35.4,35.2,47.5,35.5,35.4,35.2,35.1,35.2,35.6,35.2,35.2,35.4,47.5,35.4,35.4,35.3,35.5,35.4,35.2,24.43,24.51
0.0000248,47.6,35,35.7,35.2,35.5,35.4,35.9,35.3,35.7,35.5,35.3,47.4,35.2,35.5,35.2,35.3,35.5,35.1,35.4,35.3,35.7,47.4,35.4,35.5,35.5,35.4,35.2,35.4,35.6,35.5,35.6,47.5,35.4,35.3,35.1,35.5,35.2,35.3,35.4,35.4,35.3,47.4,35.5,35.8,35,35.3,35.3,35.5,35.4,35.4,35.6,47.5,35.7,35.3,35.3,35.5,35.6,35.3,35.5,35.5,35.4,47.5,35.6,35.4,35.3,35.3,35.3,35.5,35.4,35.3,35.3,47.6,35.4,35.4,35.2,35,35.3,35.2,35.5,35.4,35.3,47.4,35.5,35.4,35.2,35.3,35.1,35.7,35.2,35.2,35.2,47.5,35.4,35.4,35.4,35.7,35.7,35.3,24.39,24.51
0.000025,47.5,35.1,35.5,35.2,35.6,35.5,35.9,35.4,35.6,35.4,35.3,47.5,35.4,35.1,35.2,35.4,35.5,35.2,35.5,35.6,35.6,47.5,35.5,35.3,35.5,35.5,35.2,35.3,35.7,35.3,35.6,47.4,35.4,35.2,35.1,35.3,35.4,35.3,35.4,35.4,35.2,47.6,35.5,36,34.9,35.3,35.3,35.7,35.4,35.2,35.6,47.5,35.6,35.3,35.2,35.4,35.5,35.3,35.5,35.5,35.4,47.4,35.6,35.4,35.4,35.2,35.1,35.5,35.1,35.3,35.3,47.6,35.4,35.4,35.2,35,35.1,35.3,35.4,35.4,35.2,47.4,35.6,35.4,35.2,35.4,35.3,35.6,35.3,35.2,35.2,47.4,35.5,35.5,35.2,35.5,35.7,35.5,24.51,24.51
0.0000252,47.5,35.3,35.5,35.2,35.3,35.5,35.9,35.3,35.7,35.4,35.4,47.5,35.4,35,35,35.3,35.4,35.2,35.5,35.6,35.8,47.5,35.5,35.3,35.3,35.6,35.1,35.5,35.8,35.1,35.6,47.4,35.3,35.3,35.2,35.2,35.4,35.5,35.4,35.4,35.3,47.6,35.5,35.9,34.9,35.1,35.4,35.6,35.6,35.3,35.4,47.5,35.5,35.4,35.2,35.5,35.4,35.5,35.4,35.4,35.4,47.6,35.5,35.2,35.3,35.2,35.4,35.5,35.4,34.9,35.1,47.4,35.4,35.3,35.2,35,35,35.4,35.4,35.4,35.1,47.5,35.5,35.2,35.2,35.4,35.3,35.6,35.3,35.2,35.1,47.6,35.4,35.5,35.4,35.5,35.8,35.4,24.47,24.56
0.0000254,47.5,35.4,35.4,35.2,35.4,35.5,35.6,35.3,35.4,35.4,35.3,47.5,35.6,35,35.2,35.4,35.5,35.3,35.5,35.7,35.7,47.5,35.4,35.2,35.3,35.6,35.2,35.5,35.7,35.2,35.7,47.5,35.2,35.4,35.2,35.3,35.7,35.2,35.4,35.4,35.2,47.5,35.4,35.8,34.9,35.1,35.3,35.6,35.6,35.5,35.4,47.4,35.4,35.4,34.9,35.5,35.5,35.4,35.4,35.4,35.3,47.6,35.4,35.1,35.3,34.9,35.4,35.4,35.3,34.9,35.4,47.4,35.5,35.4,35.2,35,34.7,35.4,35.5,35.3,35.1,47.5,35.5,35.1,35.2,35.4,35.4,35.4,35.4,35.4,35.3,47.5,35.4,35.4,35.4,35.5,35.8,35.3,24.42,24.56
0.0000256,47.4,35.3,35.4,35.2,35.3,35.5,35.4,35.3,35.4,35.4,35.3,47.6,35.5,34.9,35.2,35.5,35.5,35.5,35.5,35.7,35.6,47.5,35.6,35.1,35.3,35.6,35.2,35.4,35.6,35.3,35.5,47.4,35.1,35.5,35.5,35.3,35.7,35.4,35.5,35.6,35.4,47.4,35.3,35.6,35.2,35.1,35.4,35.4,35.5,35.5,35.4,47.7,35.2,35.5,34.9,35.4,35.6,35.4,35.4,35.4,35.3,47.6,35.3,35,35.4,34.8,35.4,35.5,35.4,34.9,35.2,47.4,35.5,35.3,35.3,35.2,34.8,35.4,35.3,35.1,35.1,47.4,35.5,35.2,35.3,35.6,35.3,35.2,35.4,35.5,35.4,47.5,35.3,35.3,35.2,35.3,35.7,35.5,24.56,24.51
0.0000258,47.6,35.5,35.4,35.5,35.4,35.6,35.3,35.2,35.3,35.4,35.5,47.4,35.7,35.1,35.2,35.6,35.4,35.6,35.5,35.7,35.5,47.5,35.5,35,35.2,35.6,35.3,35.5,35.7,35.4,35.4,47.5,35.4,35.5,35.7,35.5,35.6,35.2,35.5,35.7,35.4,47.4,35.5,35.4,35.4,35.1,35.5,35.4,35.4,35.4,35.3,47.5,35.3,35.4,35,35.4,35.5,35.4,35.3,35.4,35.3,47.5,35.2,35.1,35.4,34.9,35.4,35.4,35.4,35.1,35.2,47.5,35.4,35.2,35.4,35.1,34.8,35.5,35.4,35.1,35.2,47.4,35.4,35.1,35.3,35.4,35.3,35.1,35.4,35.3,35.4,47.5,35.4,35.3,35.3,35.4,35.6,35.5,24.47,24.56
0.000026,47.4,35.4,35.5,35.6,35.3,35.5,34.9,35.2,35.2,35.4,35.5,47.4,35.5,35.5,35.5,35.6,35.5,35.7,35.6,35.5,35.3,47.5,35.6,35.3,35.2,35.5,35.4,35.5,35.3,35.7,35.4,47.4,35.4,35.6,35.7,35.4,35.4,35.4,35.4,35.7,35.4,47.6,35.7,35.1,35.5,35.3,35.4,35.4,35.5,35.5,35.3,47.5,35.2,35.3,35.1,35.5,35.7,35.4,35.2,35.4,35.4,47.6,35.2,35.2,35.4,35,35.4,35.4,35.4,35.3,35.2,47.6,35.4,35.1,35.4,35.2,35,35.6,35.3,35,35.3,47.4,35.4,35.1,35.3,35.4,35.3,35,35.4,35.5,35.4,47.6,35.3,35.3,35.3,35.3,35.5,35.6,24.51,24.55
0.0000262,47.5,35.5,35.5,35.6,35.4,35.4,34.9,35.3,35.2,35.4,35.7,47.5,35.4,35.7,35.5,35.5,35.5,35.6,35.6,35.3,35.2,47.5,35.6,35.4,35.2,35.6,35.5,35.5,35.3,35.6,35.2,47.5,35.4,35.5,35.8,35.7,35.3,35.2,35.6,35.7,35.5,47.6,35.7,35,35.6,35.3,35.4,35.2,35.4,35.6,35.3,47.6,35.3,35.3,35.3,35.5,35.6,35.3,35.3,35.4,35.3,47.6,35.2,35.2,35.4,35.3,35.4,35.4,35.2,35.2,35.2,47.5,35.2,35.2,35.5,35.2,35.4,35.5,35.3,34.9,35.3,47.4,35.4,35.2,35.2,35.3,35.3,34.9,35.5,35.5,35.5,47.5,35.4,35.3,35.3,35.5,35.4,35.5,24.65,24.65
0.0000264,47.5,35.6,35.5,35.7,35.6,35.5,35,35.2,35.2,35.4,35.7,47.4,35.2,35.7,35.5,35.6,35.6,35.6,35.6,35.3,34.9,47.4,35.5,35.4,35.2,35.5,35.5,35.4,35.4,35.7,35.2,47.4,35.6,35.5,35.7,35.6,35.1,35.3,35.6,35.7,35.5,47.5,35.6,35,35.7,35.5,35.4,35.2,35.4,35.5,35.1,47.5,35.3,35.3,35.4,35.5,35.5,35.3,35.2,35.2,35.4,47.5,35.4,35.2,35.3,35.5,35.4,35.5,35.3,35.3,35.4,47.5,35.1,35.2,35.5,35.1,35.5,35.4,35.5,34.8,35.4,47.5,35.3,35.3,35.2,35.3,35.3,35,35.4,35.4,35.4,47.5,35.4,35.3,35.2,35.5,35.2,35.6,24.6,24.7
0.0000266,47.4,35.5,35.6,35.6,35.7,35.4,35,35.3,35.3,35.5,35.8,47.6,35.2,35.8,35.6,35.7,35.7,35.4,35.6,35.2,35,47.5,35.4,35.5,35.3,35.5,35.5,35.5,35.3,35.7,35.2,47.4,35.5,35.4,35.5,35.7,35,35.5,35.4,35.7,35.5,47.6,35.6,35,35.9,35.6,35.4,35.3,35.4,35.5,35.2,47.5,35.4,35,35.5,35.5,35.4,35.4,35.1,35.1,35.4,47.6,35.4,35.2,35.4,35.5,35.4,35.4,35.2,35.4,35.4,47.5,34.9,35.2,35.5,35.2,35.6,35.5,35.4,34.9,35.4,47.5,35.2,35.4,35.2,35.2,35.3,35.3,35.4,35.5,35.4,47.4,35.3,35.3,35.2,35.4,35.2,35.5,24.78,24.74
0.0000268,47.4,35.3,35.6,35.5,35.6,35.3,35.3,35.5,35.4,35.4,35.7,47.6,35.2,35.6,35.3,35.5,35.6,35.1,35.5,35,35,47.6,35.4,35.5,35.5,35.5,35.4,35.4,35.4,35.5,35.4,47.5,35.6,35.4,35.2,35.5,35.2,35.4,35.5,35.4,35.5,47.5,35.4,35.2,35.7,35.7,35.5,35.3,35.4,35.3,35.3,47.4,35.4,35.3,35.6,35.5,35.2,35.4,35.3,35.1,35.4,47.6,35.4,35.3,35.3,35.7,35.4,35.4,35.3,35.6,35.4,47.5,34.9,35.3,35.4,35.1,35.5,35.4,35.4,35.1,35.2,47.6,35.1,35.4,35.2,35,35.3,35.4,35.4,35.4,35.4,47.4,35.4,35.4,35.2,35.5,35.1,35.4,24.74,24.82
0.000027,47.5,35.3,35.5,35.4,35.6,35.3,35.5,35.5,35.6,35.4,35.7,47.5,35.3,35.5,35.2,35.5,35.7,35.1,35.6,35.2,35.2,47.5,35.4,35.6,35.6,35.4,35.5,35.4,35.5,35.5,35.4,47.6,35.4,35.4,35.3,35.4,35.2,35.5,35.4,35.2,35.5,47.6,35.4,35.6,35.6,35.8,35.3,35.4,35.5,35.2,35.4,47.5,35.4,35.3,35.5,35.4,35.2,35.4,35.3,35,35.5,47.5,35.4,35.3,35.4,35.7,35.4,35.4,35.4,35.4,35.5,47.4,35,35.3,35.4,35.3,35.4,35.3,35.5,35.2,35.1,47.5,35,35.4,35.2,35.1,35.3,35.6,35.3,35.5,35.4,47.4,35.4,35.3,35.4,35.4,35.2,35.4,24.74,24.87
0.0000272,47.4,35.3,35.6,35.2,35.6,35.3,35.7,35.7,35.7,35.2,35.6,47.4,35.2,35.3,35.2,35.3,35.6,35,35.5,35.3,35.2,47.5,35.5,35.5,35.7,35.3,35.3,35.4,35.5,35.2,35.6,47.4,35.5,35.6,35.4,35.2,35.7,35.5,35.5,35,35.4,47.5,35.2,35.5,35.5,35.6,35.4,35.4,35.6,35.3,35.6,47.4,35.4,35.5,35.5,35.5,35.1,35.4,35.4,34.9,35.5,47.4,35.5,35.3,35.4,35.6,35.3,35.5,35.3,35.3,35.6,47.5,35.1,35.2,35.2,35.3,35.3,35.2,35.4,35.2,35.1,47.6,35.1,35.5,35.2,35.1,35.4,35.6,35.2,35.5,35.4,47.5,35.3,35.4,35.2,35.5,35.2,35.4,24.78,24.95
0.0000274,47.4,35.3,35.4,35.2,35.4,35.5,35.7,35.7,35.7,35.4,35.3,47.5,35.2,35.2,35.2,35.3,35.6,35,35.5,35.3,35.2,47.5,35.7,35.5,35.8,35.3,35.4,35.3,35.5,35.2,35.7,47.5,35.5,35.5,35.3,35.2,35.8,35.5,35.4,34.9,35.3,47.5,35.1,35.6,35.5,35.6,35.3,35.5,35.7,35.3,35.7,47.4,35.4,35.5,35.4,35.4,35.2,35.4,35.3,34.9,35.5,47.6,35.5,35.3,35.5,35.3,35.3,35.5,35.3,35.4,35.6,47.5,35.3,35.2,35.1,35.3,35.1,35.2,35.2,35.4,35.1,47.4,35.2,35.4,35.3,35.3,35.4,35.4,35.1,35.5,35.4,47.5,35.4,35.3,35.1,35.4,35.2,35.4,24.87,25.26
0.0000276,47.5,35.2,35.2,35.2,35.4,35.6,35.7,35.6,35.7,35.4,35.3,47.5,35.4,35.2,35.2,35.3,35.5,35.1,35.5,35.5,35.3,47.4,35.6,35.4,35.8,35.3,35.5,35.2,35.5,35.1,35.8,47.4,35.4,35.5,35.5,35.2,35.7,35.5,35.4,35.1,35.3,47.5,35.1,35.5,35.3,35.4,35.3,35.4,35.7,35.2,35.6,47.5,35.3,35.7,35.3,35.5,35.1,35.5,35.3,34.9,35.4,47.6,35.6,35.3,35.6,35.3,35.3,35.4,35.4,35.3,35.5,47.4,35.4,35.3,35,35.3,35,35.3,35.2,35.4,35.1,47.5,35.2,35.4,35.3,35.1,35.3,35.5,35.4,35.5,35.4,47.5,35.4,35,35.3,35.5,35.1,35.4,24.91,25.57
0.0000278,47.4,35.3,35.2,35.2,35.3,35.6,35.5,35.5,35.6,35.4,35.3,47.5,35.4,35.1,35.2,35.2,35.4,35.2,35.5,35.5,35.5,47.6,35.8,35.3,35.6,35.1,35.3,35.3,35.3,35.2,35.8,47.6,35.3,35.5,35.7,35.2,35.8,35.5,35.5,35.1,35.4,47.6,35.3,35.4,35.4,35.3,35.3,35.6,35.7,35.3,35.5,47.5,35.4,35.7,35.4,35.4,35.4,35.5,35.4,35,35.3,47.4,35.5,35.3,35.4,35.3,35.3,35.3,35.4,35.3,35.4,47.5,35.5,35.2,34.9,35.2,34.9,35.3,35.1,35.5,35.3,47.5,35.4,35.1,35.3,35.1,35.4,35.4,35.3,35.5,35.4,47.4,35.4,35,35.3,35.5,35.3,35.5,25.05,25.83
0.000028,47.4,35.4,35.2,35.2,35.4,35.7,35.6,35.3,35.6,35.4,35.3,47.5,35.5,35.2,35.2,35.3,35.3,35.5,35.5,35.5,35.5,47.4,35.7,35.3,35.5,35.4,35.4,35.2,35.4,35.2,35.7,47.4,35.4,35.4,35.8,35.2,35.6,35.5,35.5,35.2,35.5,47.6,35.4,35.3,35.3,35.1,35.4,35.7,35.7,35.4,35.3,47.5,35.3,35.7,35.3,35.4,35.6,35.6,35.4,35.3,35.3,47.5,35.4,35.4,35.3,35.3,35.4,35.2,35.4,35.3,35.4,47.6,35.5,35.2,35,35.3,34.9,35.3,35,35.4,35.4,47.4,35.5,35.1,35.3,35.2,35.4,35.5,35.3,35.5,35.3,47.5,35.3,34.9,35.2,35.4,35.3,35.5,25.27,26.18
0.0000282,47.4,35.3,35,35.2,35.5,35.7,35.4,35.3,35.6,35.3,35.3,47.5,35.6,35.4,35.4,35.3,35.2,35.7,35.5,35.5,35.5,47.5,35.7,35.3,35.4,35.4,35.5,35.3,35.4,35.3,35.5,47.5,35.4,35.5,35.7,35.5,35.4,35.5,35.4,35.4,35.5,47.5,35.7,35.3,35.4,35.1,35.4,35.5,35.4,35.4,35.2,47.4,35.3,35.6,35.3,35.4,35.7,35.7,35.4,35.3,35.2,47.4,35.3,35.4,35.3,35.3,35.4,35,35.2,35.3,35.4,47.5,35.4,35.2,34.9,35.2,35.3,35.4,35.1,35.4,35.3,47.6,35.6,35.1,35.4,35.2,35.3,35.7,35.4,35.4,35.4,47.6,35.2,34.9,35.4,35.5,35.3,35.5,25.66,26.58
0.0000284,47.5,35.5,35.1,35.4,35.5,35.6,35.3,35.2,35.6,35.4,35.5,47.6,35.7,35.7,35.4,35.3,35.3,35.7,35.4,35.5,35.4,47.4,35.4,35.5,35.2,35.6,35.4,35.4,35.3,35.4,35.6,47.4,35.3,35.4,35.7,35.5,35.3,35.4,35.5,35.6,35.5,47.6,35.8,35.4,35.5,35.2,35.3,35.4,35.4,35.5,35.1,47.5,35.4,35.5,35.3,35.5,35.7,35.7,35.3,35.4,35.2,47.5,35.3,35.4,35.4,35.3,35.4,34.9,35.4,35.2,35.3,47.5,35.5,35.4,35.1,35.3,35.3,35.3,35,35.4,35.2,47.4,35.5,35.2,35.4,35.1,35.4,35.7,35.3,35.4,35.3,47.5,35.3,34.9,35.6,35.6,35.4,35.6,25.97,26.93
0.0000286,47.4,35.5,35.1,35.5,35.4,35.7,35.2,35.2,35.6,35.4,35.5,47.6,35.6,35.7,35.5,35.5,35.3,35.8,35.3,35.3,35.5,47.4,35.5,35.5,35.3,35.7,35.5,35.4,35.3,35.5,35.4,47.4,35.2,35.3,35.8,35.7,35.2,35.5,35.6,35.7,35.5,47.5,35.8,35.3,35.5,35.2,35.4,35.3,35.4,35.4,35,47.5,35.3,35.3,35.3,35.5,35.7,35.7,35.2,35.3,35.2,47.5,35.3,35.3,35.4,35.5,35.4,34.9,35.1,35.3,35.3,47.4,35.3,35.4,35.2,35.4,35.4,35.2,35.2,35.4,35.2,47.5,35.5,35.1,35.3,35.3,35.3,35.8,35.3,35.2,35.2,47.5,35.4,35,35.5,35.5,35.3,35.5,26.32,27.28
0.0000288,47.5,35.8,35.3,35.4,35.4,35.4,35.2,35.3,35.6,35.6,35.5,47.4,35.6,35.8,35.6,35.4,35.3,35.7,35.5,35.3,35.5,47.5,35.2,35.7,35.3,35.6,35.5,35.5,35.3,35.6,35.3,47.5,35.2,35.5,35.5,35.7,35,35.5,35.6,35.8,35.5,47.5,35.7,35.5,35.5,35.4,35.5,35.1,35.1,35.4,35,47.4,35.4,35.3,35.2,35.4,35.6,35.5,35.2,35.3,35.3,47.6,35.3,35.5,35.2,35.4,35.4,35.1,35.2,35.5,35.2,47.5,35.3,35.5,35.2,35.4,35.5,35.3,35,35.3,35.2,47.5,35.4,35.2,35.4,35.2,35.2,35.8,35.4,35.2,35.4,47.5,35.3,35.3,35.5,35.6,35.3,35.5,26.53,27.69
0.000029,47.4,35.6,35.4,35.5,35.3,35.3,35,35.2,35.5,35.6,35.8,47.3,35.5,35.9,35.7,35.4,35.4,35.6,35.5,35.3,35.5,47.5,35.2,35.6,35.2,35.7,35.4,35.7,35.1,35.6,35.3,47.5,35.3,35.3,35.4,35.7,35.2,35.5,35.6,35.6,35.6,47.6,35.6,35.6,35.6,35.4,35.5,35.2,35.1,35.4,35.1,47.5,35.5,35.2,35.3,35.5,35.4,35.4,35,35.3,35.3,47.5,35.3,35.4,35.3,35.5,35.4,35.1,35.2,35.4,35.4,47.5,35.2,35.5,35.3,35.4,35.5,34.9,34.9,35.2,35.1,47.5,35.3,35.1,35.3,35.3,35.3,35.7,35.3,35.2,35.4,47.5,35.3,35.4,35.5,35.5,35.3,35.4,26.93,27.95
0.0000292,47.4,35.7,35.5,35.6,35.2,35.4,35.3,35.3,35.7,35.6,35.5,47.5,35.3,35.8,35.5,35.4,35.6,35.5,35.5,35.3,35.6,47.4,35.2,35.7,35.3,35.7,35.5,35.7,35.2,35.6,35.3,47.6,35.4,35.4,35.3,35.7,35.2,35.5,35.5,35.6,35.5,47.6,35.5,35.6,35.5,35.5,35.5,35.2,35.1,35.4,35.3,47.4,35.5,35.2,35.3,35.5,35.2,35.3,34.9,35.3,35.4,47.4,35.2,35.4,35.4,35.4,35.4,35.4,35.1,35.4,35.4,47.5,35.2,35.5,35.2,35.5,35.4,35,35.1,35.3,35.1,47.4,35.2,35.4,35.4,35.1,35.4,35.6,35.3,35.4,35.3,47.4,35.4,35.6,35.3,35.4,35.3,35.3,27.42,28.44
0.0000294,47.5,35.5,35.6,35.5,35.1,35.3,35.2,35.5,35.6,35.7,35.6,47.5,35.4,35.5,35.6,35.4,35.8,35.4,35.6,35.4,35.5,47.4,35.2,35.5,35.5,35.6,35.6,35.7,35.2,35.5,35.4,47.5,35.4,35.3,35.2,35.7,35.4,35.5,35.5,35.5,35.5,47.5,35.2,35.6,35.7,35.6,35.5,35.4,35.1,35.4,35.5,47.6,35.4,35.2,35.5,35.5,35,35.3,35,35.2,35.3,47.5,35.3,35.4,35.6,35.5,35.3,35.5,35.1,35.4,35.5,47.5,35.2,35.3,35.2,35.6,35.2,35,35,35.3,35.1,47.4,35.2,35.3,35.2,35.1,35.3,35.6,35.4,35.2,35.3,47.5,35.4,35.8,35.5,35.2,35.4,35.1,27.72,28.7
0.0000296,47.4,35.4,35.6,35.4,35.2,35.3,35.5,35.5,35.6,35.7,35.5,47.5,35.3,35.5,35.5,35.3,35.8,35.4,35.5,35.3,35.4,47.5,35.2,35.5,35.5,35.5,35.7,35.7,35.2,35.5,35.4,47.4,35.4,35.5,35.1,35.5,35.5,35.5,35.4,35.4,35.4,47.5,35.2,35.4,35.5,35.6,35.5,35.4,35.2,35.4,35.7,47.4,35.4,35.3,35.5,35.5,34.8,35.2,35.1,35.3,35.4,47.5,35.2,35.4,35.7,35.6,35.1,35.5,35.2,35.3,35.4,47.6,35.2,35.3,35.3,35.6,35.2,35,34.9,35.3,35.2,47.5,35.3,35.4,35.3,35,35.4,35.6,35.4,35.4,35.3,47.5,35.4,35.9,35.4,35.1,35.4,35,28.08,28.93
0.0000298,47.4,35.2,35.6,35.4,35.2,35.3,35.7,35.5,35.7,35.7,35.3,47.5,35.3,35.2,35.5,35.5,35.7,35.3,35.5,35.4,35.5,47.5,35.5,35.3,35.6,35.5,35.7,35.5,35.3,35.5,35.6,47.6,35.4,35.4,35.2,35.5,35.5,35.5,35.5,35.2,35.5,47.5,35.2,35.4,35.5,35.6,35.3,35.6,35.4,35.2,35.8,47.6,35.5,35.2,35.3,35.5,34.9,35.1,35.3,35.3,35.4,47.4,35.1,35.4,35.7,35.7,35.2,35.5,35.3,35.2,35.5,47.5,35.3,35.1,35.3,35.5,35.1,35.2,35.1,35.4,35.2,47.5,35.4,35.4,35.3,35.1,35.3,35.4,35.4,35.4,35.4,47.5,35.4,35.9,35.5,35.2,35.4,35,28.48,29.31
0.00003,47.5,35.1,35.5,35.4,35.3,35.4,35.6,35.5,35.5,35.5,35.3,47.6,35.4,35.2,35.5,35.5,35.6,35.3,35.2,35.3,35.3,47.6,35.5,35.3,35.6,35.4,35.8,35.5,35.5,35.5,35.6,47.5,35.4,35.4,35.3,35.4,35.6,35.3,35.5,35.2,35.5,47.4,35.1,35.5,35.5,35.2,35.2,35.6,35.6,35.2,35.7,47.5,35.5,35.3,35.3,35.4,35,35.1,35.4,35.4,35.4,47.3,35.1,35.4,35.7,35.6,35.2,35.4,35.3,35.3,35.5,47.5,35.2,34.9,35.2,35.4,35,35.2,35,35.3,35.2,47.5,35.5,35.4,35.3,35.3,35.3,35.5,35.3,35.4,35.3,47.6,35.3,35.6,35.4,35.2,35.3,35,28.83,29.49
0.0000302,47.6,35.1,35.4,35.4,35.4,35.5,35.7,35.5,35.7,35.4,35.2,47.4,35.4,35.2,35.5,35.5,35.7,35.4,35.3,35.5,35.2,47.5,35.5,35.2,35.5,35.3,35.7,35.2,35.5,35.4,35.6,47.5,35.5,35.4,35.4,35.3,35.7,35.3,35.5,35.3,35.5,47.5,35.2,35.4,35.5,35.3,35,35.7,35.4,35.3,35.7,47.4,35.4,35.3,35.2,35.3,35.1,35.1,35.5,35.5,35.3,47.5,35.3,35.4,35.6,35.6,35.2,35.3,35.3,35.3,35.5,47.6,35.4,34.8,35.4,35.4,35.1,35.2,35.2,35.2,35.2,47.4,35.7,35.4,35.2,35.4,35.3,35.4,35.3,35.2,35.4,47.5,35.4,35.5,35.5,35.3,35.5,35.1,29.21,30.07
0.0000304,47.6,35,35.5,35.4,35.5,35.3,35.5,35.5,35.4,35.3,35.2,47.6,35.5,35.3,35.4,35.3,35.7,35.4,35.2,35.5,35.1,47.6,35.4,35.1,35.5,35.3,35.7,35.2,35.5,35.5,35.5,47.6,35.4,35.4,35.6,35.4,35.6,35.2,35.4,35.4,35.5,47.5,35.4,35.4,35.4,35.5,35.1,35.7,35.6,35.3,35.6,47.5,35.5,35.4,35,35.3,35.3,35.3,35.5,35.5,35.4,47.6,35.3,35.3,35.4,35.7,35.3,35,35.5,35.3,35.5,47.6,35.4,34.9,35.2,35.3,35.2,35.3,35.3,35.2,35.3,47.4,35.7,35.4,35.3,35.4,35.4,35.4,35.4,35.2,35.4,47.5,35.3,35.1,35.3,35.4,35.4,35.4,29.49,30.45
0.0000306,47.4,35,35.4,35.4,35.5,35.3,35.5,35.4,35.5,35.2,35.4,47.4,35.7,35.6,35.5,35.3,35.4,35.4,35.2,35.4,35.1,47.5,35.4,35.1,35.2,35.4,35.7,35.2,35.7,35.5,35.6,47.6,35.4,35.5,35.6,35.4,35.5,35.2,35.4,35.4,35.5,47.6,35.5,35.5,35.4,35.3,34.9,35.6,35.7,35.3,35.5,47.5,35.5,35.4,35.1,35.5,35.5,35.3,35.6,35.5,35.4,47.5,35.4,35.3,35.3,35.6,35.4,35.1,35.4,35.3,35.5,47.4,35.4,35.1,35.4,35.1,35.4,35.4,35.5,35.2,35.3,47.5,35.7,35.2,35.4,35.4,35.3,35.3,35.4,35.2,35.4,47.6,35.3,34.8,35.3,35.6,35.4,35.4,29.83,30.79
0.0000308,47.5,35.1,35.5,35.5,35.5,35.4,35.5,35.3,35.5,35.2,35.4,47.5,35.7,35.5,35.5,35.5,35.5,35.6,35.4,35.5,35.2,47.5,35.2,35.2,35.3,35.4,35.5,35.3,35.6,35.4,35.4,47.5,35.2,35.5,35.5,35.5,35.5,35.3,35.2,35.3,35.3,47.4,35.7,35.4,35.3,35.4,35.2,35.4,35.6,35.4,35.3,47.5,35.3,35.4,35,35.3,35.6,35.4,35.6,35.5,35.4,47.4,35.4,35.4,35.2,35.4,35.4,35.2,35.6,35.3,35.3,47.5,35.3,35.2,35.4,35.1,35.3,35.3,35.5,35.3,35.4,47.5,35.6,35.1,35.2,35.5,35.3,35.3,35.4,34.9,35.4,47.4,35.3,35,35.5,35.6,35.5,35.5,30.16,31.12
0.000031,47.5,35.4,35.4,35.5,35.7,35.4,35.5,35.2,35.4,35.2,35.3,47.5,35.7,35.5,35.5,35.6,35.4,35.7,35.6,35.5,35.4,47.5,35.2,35.4,35.3,35.5,35.3,35.4,35.6,35.5,35.3,47.5,35.1,35.6,35.4,35.6,35.4,35.5,35.4,35.3,35.4,47.4,35.7,35.4,35.2,35.5,35.4,35.4,35.5,35.2,35.3,47.5,35.4,35.4,34.9,35.3,35.6,35.7,35.4,35.4,35.4,47.4,35.5,35.3,35.1,35.4,35.4,35.2,35.6,35.3,35.4,47.4,35.4,35.4,35.3,35.3,35.5,35.2,35.5,35.2,35.2,47.5,35.3,35.2,35.3,35.4,35.5,35.3,35.4,34.8,35.3,47.6,35.3,35,35.4,35.7,35.5,35.6,30.54,31.4
0.0000312,47.5,35.5,35.5,35.6,35.7,35.4,35.5,35.3,35.4,35.4,35.4,47.4,35.7,35.5,35.5,35.6,35.5,35.6,35.7,35.5,35.5,47.4,35,35.5,35.4,35.7,35.1,35.4,35.5,35.5,35.2,47.4,35.1,35.6,35.4,35.5,35.6,35.5,35.2,35.6,35.3,47.4,35.7,35.5,35.4,35.6,35.5,35.3,35.4,35.2,35.2,47.5,35.4,35.7,35,35.5,35.7,35.7,35.4,35.2,35.3,47.6,35.5,35.3,35.1,35.3,35.4,35.2,35.6,35.1,35.1,47.5,35.3,35.6,35.3,35.3,35.6,35.2,35.6,35.3,35.2,47.6,35.4,35.2,35.4,35.4,35.5,35.3,35.4,34.9,35.3,47.5,35.3,35.2,35.6,35.6,35.5,35.7,30.88,31.9
0.0000314,47.5,35.6,35.5,35.7,35.7,35.5,35.5,35.4,35.4,35.7,35.5,47.5,35.8,35.4,35.5,35.6,35.4,35.6,35.8,35.4,35.7,47.5,35.1,35.6,35.4,35.4,35,35.5,35.5,35.5,35.4,47.4,35.1,35.5,35.2,35.5,35.4,35.6,35.5,35.6,35.2,47.5,35.6,35.4,35.5,35.6,35.7,35.3,35.6,35.3,35.3,47.6,35.3,35.5,35.2,35.4,35.5,35.6,35.3,35.3,35.5,47.5,35.4,35.4,35.1,35.3,35.3,35.3,35.4,35.1,35.1,47.5,35.3,35.6,35.2,35.3,35.3,35.3,35.4,35.4,35.1,47.5,35.1,35.1,35.3,35.4,35.6,35.3,35.4,35.1,35.4,47.6,35.4,35.3,35.6,35.4,35.4,35.6,31.07,32
0.0000316,47.4,35.6,35.2,35.5,35.6,35.5,35.5,35.3,35.4,35.7,35.3,47.5,35.6,35.2,35.6,35.6,35.5,35.6,35.7,35.5,35.9,47.4,35.1,35.6,35.5,35.6,35.1,35.6,35.3,35.5,35.4,47.5,35.1,35.3,35.2,35.6,35.5,35.6,35.4,35.6,35.3,47.5,35.4,35.5,35.5,35.4,35.8,35.2,35.6,35.3,35.3,47.6,35.2,35.5,35.4,35.4,35.6,35.5,35.1,35.4,35.4,47.5,35.2,35.3,35.2,35.3,35.4,35.4,35.4,35.1,35.1,47.4,35.4,35.6,35.4,35.4,35.3,35.3,35.3,35.2,34.9,47.6,35,35.4,35.2,35.4,35.6,35.3,35.2,35.2,35.4,47.5,35.3,35.3,35.6,35.3,35.4,35.5,31.5,32.2
0.0000318,47.5,35.7,35.2,35.5,35.5,35.6,35.5,35.4,35.3,35.6,35.3,47.4,35.6,35.2,35.4,35.5,35.6,35.6,35.6,35.4,35.9,47.4,35.2,35.6,35.7,35.5,35.1,35.7,35.3,35.5,35.5,47.4,35.2,35.2,35.1,35.6,35.5,35.5,35.5,35.6,35.3,47.5,35.4,35.5,35.5,35.5,35.8,35.3,35.6,35.3,35.3,47.4,35.2,35.4,35.5,35.5,35.5,35.4,35.1,35.3,35.5,47.5,35.2,35.3,35.4,35.4,35.2,35.3,35.2,35.3,35,47.6,35.3,35.5,35.4,35.4,35.2,35.3,35.2,35.4,35,47.4,35,35.3,35.1,35.4,35.6,35.4,35.2,35.3,35.5,47.5,35.4,35.5,35.6,35.2,35.4,35.3,31.6,32.3
0.000032,47.4,35.6,35.2,35.6,35.6,35.5,35.5,35.5,35.3,35.7,35.5,47.5,35.6,35.2,35.5,35.4,35.5,35.5,35.5,35.4,35.8,47.4,35.2,35.7,35.7,35.5,35.1,35.7,35.3,35.5,35.7,47.4,35.1,35.2,35.2,35.6,35.4,35.3,35.6,35.7,35.4,47.6,35.4,35.6,35.7,35.2,35.9,35.4,35.7,35.2,35.3,47.6,35.1,35.3,35.5,35.4,35.6,35.3,35.3,35.7,35.5,47.5,35.1,35.3,35.4,35.5,35.4,35.4,35.1,35.2,34.9,47.5,35.3,35.2,35.3,35.4,35.1,35.2,35,35.4,35,47.5,35.2,35.4,35.1,35.4,35.4,35.4,35.2,35.6,35.5,47.5,35.3,35.5,35.6,35.3,35.5,35.3,31.9,32.6
0.0000322,47.4,35.5,35.1,35.4,35.7,35.5,35.5,35.5,35.2,35.5,35.4,47.6,35.5,35.1,35.4,35.4,35.7,35.4,35.4,35.4,35.6,47.6,35.2,35.5,35.8,35.4,35.2,35.7,35.4,35.6,35.7,47.4,35.2,35.2,35.3,35.5,35.5,35.2,35.7,35.7,35.6,47.4,35.2,35.6,35.7,35.2,35.8,35.4,35.4,35.3,35.5,47.5,35.3,35.3,35.4,35.4,35.6,35.3,35.3,35.7,35.4,47.4,35,35.3,35.4,35.4,35.3,35.2,35.1,35.2,35,47.6,35.4,35.1,35.3,35.4,35.3,35.3,35,35.4,34.9,47.4,35.4,35.4,34.9,35.4,35.4,35.4,35.3,35.6,35.6,47.5,35.3,35.4,35.5,35.2,35.4,35.3,32.1,32.7
0.0000324,47.4,35.5,35.2,35.4,35.7,35.5,35.6,35.4,35.3,35.4,35.4,47.5,35.4,35.2,35.5,35.3,35.7,35.4,35.2,35.4,35.3,47.5,35.5,35.6,35.9,35.5,35.3,35.5,35.3,35.5,35.6,47.5,35.2,35.4,35.6,35.4,35.6,35.3,35.5,35.7,35.7,47.4,35.3,35.6,35.6,35,35.5,35.4,35.4,35.5,35.4,47.5,35.3,35.2,35.6,35.4,35.7,35.2,35.3,35.8,35.4,47.5,35.1,35.4,35.3,35.6,35.2,35.2,35.2,35.3,35.1,47.4,35.4,35,35.4,35.3,35.2,35.4,35,35.3,35,47.6,35.7,35.4,34.7,35.4,35.3,35.3,35.3,35.5,35.7,47.6,35.3,35.2,35.4,35.2,35.3,35.3,32.3,32.8
0.0000326,47.5,35.3,35.2,35.3,35.9,35.3,35.6,35.5,35.3,35.2,35.3,47.4,35.4,35.4,35.3,35.3,35.7,35.4,35.2,35.3,35.3,47.5,35.5,35.6,35.6,35.5,35.3,35.5,35.5,35.5,35.5,47.4,35.2,35.4,35.6,35.2,35.6,35.4,35.5,35.5,35.7,47.5,35.4,35.6,35.6,35.1,35.5,35.6,35.3,35.5,35.5,47.5,35.4,35.3,35.5,35.3,35.7,35.2,35.4,35.6,35.5,47.5,35.2,35.4,35.3,35.6,35.1,35.4,35.4,35.3,35,47.4,35.4,35,35.3,35.1,35,35.3,35.1,35.3,35.3,47.6,35.6,35.4,34.9,35.4,35.1,35.4,35.3,35.5,35.6,47.5,35.3,35.1,35.5,35.3,35.4,35.3,32.6,32.9
0.0000328,47.4,35.3,35.2,35.4,36.1,35.3,35.6,35.5,35.4,35.2,35.3,47.4,35.3,35.6,35.3,35.3,35.7,35.2,35.2,35.2,35.2,47.5,35.5,35.4,35.4,35.4,35.4,35.4,35.6,35.4,35.3,47.4,35.1,35.5,35.7,35.2,35.5,35.5,35.5,35.6,35.8,47.6,35.4,35.6,35.5,35.2,35.2,35.4,35.3,35.7,35.3,47.5,35.7,35.2,35.5,35.2,35.5,35.1,35.5,35.6,35.4,47.6,35.2,35.4,35.3,35.5,35.1,35.4,35.2,35.4,35.1,47.4,35.3,35.1,35.3,34.9,35.2,35.2,35.2,35.2,35.3,47.6,35.8,35.4,34.8,35.3,35.1,35.3,35.4,35.5,35.5,47.5,35.3,34.9,35.4,35.3,35.4,35.3,32.8,33.2
0.000033,47.7,35.2,35.2,35.4,36,35.3,35.5,35.5,35.4,35,35.4,47.6,35.5,35.6,35.3,35.4,35.7,35.2,35.2,35.3,35.3,47.4,35.7,35.2,35.3,35.5,35.3,35.2,35.5,35.3,35.1,47.5,35.1,35.7,35.7,35.2,35.5,35.5,35.5,35.6,35.6,47.5,35.5,35.6,35.4,35.3,35.2,35.4,35.4,35.7,35.3,47.5,35.7,35.3,35.5,35.3,35.4,35.2,35.5,35.3,35.5,47.6,35.4,35.3,35.1,35.3,35.1,35.5,35.4,35.6,35.1,47.4,35.4,35.2,35.3,35,35.1,35.2,35.4,35.2,35.4,47.5,35.7,35.4,35,35.3,35,35.4,35.4,35.3,35.4,47.4,35.3,34.8,35.4,35.4,35.3,35.3,33,33.3
0.0000332,47.4,35.2,35.3,35.5,36.1,35.3,35.5,35.4,35.5,34.9,35.4,47.5,35.4,35.8,35.3,35.4,35.7,35.2,35.3,35.4,35.3,47.5,35.5,35.1,35.2,35.4,35.3,35.2,35.6,35.2,35.3,47.5,35.1,35.7,35.7,35.2,35.5,35.5,35.2,35.5,35.5,47.5,35.5,35.6,35.3,35.3,35.2,35.3,35.5,35.5,35.3,47.6,35.9,35.3,35.4,35.2,35.5,35.3,35.5,35.4,35.5,47.4,35.4,35.4,35.2,35.3,35.1,35.6,35.5,35.5,35.2,47.5,35.4,35.3,35.2,34.8,35.1,35.2,35.4,35.1,35.5,47.5,35.6,35.4,35.1,35.2,35.1,35.4,35.4,35.1,35.4,47.5,35.4,34.9,35.4,35.4,35.3,35.4,33.2,33.7
0.0000334,47.5,35.2,35.4,35.5,36.1,35.2,35.4,35.5,35.6,34.9,35.5,47.6,35.5,35.7,35.2,35.4,35.6,35.3,35.3,35.5,35.4,47.4,35.6,35,35,35.4,35.4,35.2,35.5,35.2,35.3,47.5,35.3,35.7,35.7,35.2,35.4,35.5,35.2,35.4,35.5,47.5,35.7,35.6,35.2,35.5,35.2,35.4,35.4,35.6,35.3,47.5,35.8,35.4,35.4,35.2,35.3,35.4,35.5,35.3,35.5,47.7,35.5,35.4,35.3,35.3,35.4,35.5,35.5,35.3,35.4,47.4,35.4,35.4,35.3,35.2,35.1,35.2,35.4,34.9,35.5,47.4,35.3,35.4,35.3,35.2,35.4,35.3,35.4,34.9,35.4,47.5,35.4,35,35.4,35.4,35.4,35.5,33.3,33.8
0.0000336,47.4,35.3,35.5,35.4,35.8,35.3,35.3,35.4,35.7,35.1,35.5,47.4,35.5,35.7,35.3,35.4,35.4,35.3,35.5,35.6,35.5,47.4,35.6,35.1,35.2,35.6,35.5,35.5,35.4,35.2,35.2,47.5,35.4,35.7,35.6,35.4,35.5,35.5,35.2,35.3,35.4,47.5,35.7,35.5,35.1,35.7,35.2,35.4,35.5,35.5,35.3,47.6,35.7,35.3,35.4,35.2,35.2,35.3,35.3,35.2,35.3,47.4,35.5,35.4,35.3,35.3,35.4,35.3,35.5,35.3,35.3,47.5,35.4,35.3,35.2,35.3,35.1,35.2,35.5,35.1,35.5,47.5,35.1,35.4,35.4,35.1,35.3,35.3,35.4,35,35.1,47.5,35.4,35.3,35.5,35.4,35.4,35.4,33.6,33.8
0.0000338,47.4,35.3,35.5,35.5,35.5,35.3,35.3,35.5,35.5,35.3,35.6,47.5,35.6,35.5,35.5,35.3,35.3,35.5,35.5,35.5,35.6,47.5,35.7,35.4,35.2,35.6,35.5,35.4,35.4,35.2,35.4,47.4,35.3,35.5,35.5,35.5,35.5,35.5,35.2,35.6,35.4,47.5,35.5,35.6,35.2,35.6,35.4,35.3,35.4,35.5,35.3,47.5,35.5,35.4,35.5,35.3,35.3,35.3,35.3,35.1,35.2,47.5,35.5,35.2,35.5,35.3,35.4,34.9,35.4,35.3,35.4,47.4,35.4,35.5,35.3,35.4,35.2,35.2,35.5,35.1,35.5,47.5,35.1,35.3,35.5,35.3,35.4,35.3,35.4,35,35.1,47.5,35.4,35.4,35.5,35.4,35.2,35.4,33.6,34.1
0.000034,47.4,35.5,35.5,35.5,35.1,35.3,35.3,35.3,35.6,35.7,35.5,47.4,35.3,35.4,35.5,35.3,35.2,35.6,35.5,35.6,35.9,47.6,35.6,35.5,35.4,35.4,35.4,35.5,35.3,35.3,35.4,47.4,35.4,35.4,35.5,35.6,35.5,35.4,35.4,35.5,35.2,47.6,35.6,35.5,35.2,35.7,35.3,35.3,35.5,35.4,35.3,47.4,35.2,35.4,35.5,35.3,35.2,35.3,35.2,35.3,35.3,47.5,35.5,35.4,35.5,35.3,35.5,34.6,35.4,35,35.3,47.6,35.4,35.3,35.2,35.4,35.2,35.4,35.5,35.4,35.3,47.4,35,35.3,35.5,35.3,35.6,35.4,35.4,35,35.2,47.4,35.6,35.6,35.5,35.3,35.3,35.3,33.9,34.2
0.0000342,47.5,35.5,35.4,35.4,35.1,35.4,35.2,35.3,35.6,36,35.5,47.5,35.4,35.3,35.5,35.4,35.1,35.6,35.4,35.5,35.8,47.6,35.5,35.7,35.5,35.4,35.4,35.6,35.3,35.5,35.5,47.4,35.5,35.4,35.4,35.7,35.4,35.4,35.5,35.5,35.2,47.4,35.6,35.5,35.2,35.6,35.5,35.3,35.4,35.4,35.3,47.5,35.2,35.3,35.3,35.5,35.4,35.3,35.3,35.3,35.2,47.4,35.4,35.2,35.7,35.2,35.4,34.5,35.3,35.2,35.3,47.5,35.1,35.3,35.4,35.5,35.2,35.2,35.5,35.4,35.2,47.4,35.1,35.4,35.3,35.4,35.5,35.4,35.4,35.2,35.3,47.5,35.6,35.7,35.5,35.2,35.2,35.3,33.9,34.4
0.0000344,47.4,35.5,35.4,35.4,34.9,35.6,35.2,35.5,35.5,36.1,35.4,47.5,35.3,35.2,35.5,35.3,35.2,35.7,35.4,35.7,35.6,47.5,35.6,35.8,35.7,35.5,35.5,35.6,35.2,35.8,35.4,47.5,35.6,35.3,35.4,35.8,35.3,35.5,35.7,35.6,35.2,47.5,35.5,35.6,35.4,35.4,35.5,35.4,35.5,35.4,35.5,47.5,35,35.3,35.4,35.6,35.5,35.2,35.4,35.4,35.2,47.5,35.4,35.2,35.6,35.3,35.4,34.6,35.4,35.3,35.2,47.5,35.2,35.3,35.5,35.5,35.3,35.4,35.5,35.6,35,47.5,35.2,35.4,35.2,35.4,35.4,35.3,35.4,35.4,35.4,47.5,35.4,35.6,35.5,35.2,35.3,35.2,34.1,34.6
0.0000346,47.5,35.7,35.2,35.5,34.8,35.4,35.2,35.5,35.5,36.1,35.4,47.5,35.4,35.3,35.5,35.2,35.1,35.7,35.3,35.4,35.4,47.6,35.4,35.8,35.8,35.6,35.6,35.6,35.2,35.8,35.3,47.4,35.7,35.3,35.4,35.7,35.3,35.5,35.7,35.7,35.3,47.6,35.5,35.5,35.5,35.4,35.5,35.5,35.4,35.2,35.6,47.6,35,35.3,35.4,35.7,35.7,35.2,35.4,35.5,35.3,47.5,35.4,35.3,35.4,35.3,35.4,34.6,35.2,35.3,35.4,47.6,35.2,35.2,35.5,35.4,35.3,35.4,35.4,35.6,35.1,47.5,35.3,35.5,35.1,35.4,35.4,35.4,35.4,35.6,35.3,47.4,35.4,35.6,35.4,35.3,35.2,35.3,34.2,34.7
0.0000348,47.5,35.6,35.3,35.4,34.9,35.5,35.1,35.4,35.4,35.9,35.4,47.4,35.6,35.5,35.5,35.5,35.3,35.7,35.3,35.3,35.3,47.4,35.3,35.7,35.8,35.4,35.7,35.5,35.4,35.8,35.2,47.5,35.6,35.2,35.4,35.5,35.3,35.5,35.8,35.7,35.4,47.5,35.4,35.6,35.5,35.2,35.6,35.4,35.5,35.5,35.4,47.5,35.2,35.3,35.5,35.7,35.6,35.3,35.4,35.5,35.2,47.4,35.4,35.4,35.3,35.3,35.3,34.9,35.2,35.3,35.3,47.5,35,35.4,35.6,35.3,35.2,35.2,35.5,35.5,35,47.6,35.4,35.5,35,35.4,35.3,35.4,35.4,35.6,35.4,47.5,35.3,35.5,35.4,35.2,35.2,35.3,34.3,34.7
0.000035,47.4,35.5,35.4,35.4,35.1,35.5,35.2,35.5,35.3,35.7,35.4,47.4,35.5,35.5,35.5,35.5,35.3,35.7,35.3,35.3,35,47.6,35.2,35.5,35.8,35.6,35.7,35.4,35.3,35.8,35.4,47.4,35.7,35.3,35.5,35.2,35.3,35.6,35.8,35.7,35.4,47.6,35.4,35.6,35.5,35.1,35.5,35.5,35.4,35.3,35.4,47.5,35.2,35.2,35.4,35.6,35.7,35.3,35.4,35.6,35.5,47.5,35.4,35.5,35.2,35.3,35.2,35.1,35.1,35.4,35.4,47.4,35.3,35.4,35.7,35.2,35.2,35.4,35.3,35.5,35.1,47.5,35.4,35.4,34.8,35.5,35.2,35.3,35.3,35.6,35.5,47.6,35,35.6,35.3,35.2,35.2,35.3,34.3,35
0.0000352,47.5,35.6,35.6,35.5,35.4,35.5,35.3,35.5,35.3,35.5,35.5,47.4,35.5,35.5,35.6,35.5,35.5,35.7,35.3,35.2,34.8,47.5,35.2,35.4,35.5,35.5,35.8,35.5,35.2,35.5,35.4,47.5,35.6,35.4,35.5,35.2,35.3,35.5,35.6,35.7,35.4,47.5,35.4,35.5,35.5,35.2,35.5,35.4,35.5,35.4,35.4,47.4,35.4,35.3,35.3,35.5,35.5,35.4,35.5,35.6,35.6,47.4,35.4,35.6,35.1,35.3,35.3,35.4,35,35.5,35.4,47.6,35.1,35.3,35.5,35,35.2,35.4,35.2,35.4,35.2,47.4,35.4,35.5,34.9,35.3,35,35.4,35.4,35.6,35.5,47.5,35.2,35.3,35.2,35.3,35.3,35.3,34.5,35.1
0.0000354,47.5,35.4,35.7,35.5,35.5,35.5,35.4,35.4,35.3,35.3,35.2,47.6,35.5,35.6,35.5,35.6,35.4,35.7,35.5,35.2,34.7,47.5,35.3,35.3,35.5,35.6,35.8,35.4,35.3,35.5,35.6,47.5,35.4,35.5,35.6,35.2,35.4,35.6,35.5,35.6,35.4,47.6,35.4,35.6,35.5,35.3,35.4,35.4,35.7,35.4,35.3,47.5,35.5,35.3,35.4,35.4,35.5,35.4,35.5,35.6,35.7,47.4,35.4,35.6,35.1,35.1,35.3,35.6,35.1,35.7,35.3,47.6,35.3,35.4,35.3,35,35.1,35.1,35,35.1,35.2,47.5,35.4,35.5,35.1,35.3,35.1,35.5,35.4,35.6,35.5,47.4,35.2,35.3,35.2,35.5,35.3,35.2,34.5,35
0.0000356,47.4,35.2,35.8,35.5,35.6,35.3,35.3,35.5,35.4,35.2,35.4,47.6,35.6,35.6,35.5,35.5,35.6,35.5,35.4,35.3,34.8,47.5,35.2,35.3,35.3,35.4,35.8,35.4,35.2,35.3,35.8,47.5,35.4,35.5,35.6,35.2,35.3,35.5,35.5,35.5,35.2,47.5,35.4,35.6,35.5,35.3,35.2,35.4,35.7,35.5,35.3,47.5,35.6,35.3,35.3,35.3,35.5,35.2,35.5,35.6,35.7,47.6,35.4,35.7,35.1,35.1,35.3,35.5,35.1,35.6,35.4,47.6,35.2,35.4,35.2,35.1,35.1,35,35.1,35.2,35.3,47.5,35.2,35.4,35.1,35.4,35.1,35.6,35.4,35.4,35.5,47.5,35.2,35.3,35.3,35.5,35.4,35.2,34.6,34.9
0.0000358,47.5,35.3,35.6,35.3,35.7,35.3,35.3,35.5,35.4,35.1,35.4,47.6,35.6,35.7,35.4,35.5,35.6,35.5,35.4,35.2,35,47.5,35.2,35.4,35.2,35.4,35.8,35.2,35.2,35.2,35.8,47.5,35.4,35.5,35.7,35.4,35.4,35.5,35.3,35.4,35.4,47.5,35.4,35.5,35.5,35.5,35.3,35.5,35.7,35.3,35.3,47.4,35.5,35.4,35.4,35.3,35.3,35.4,35.3,35.5,35.6,47.4,35.4,35.6,35.2,35,35.4,35.5,35.3,35.6,35.4,47.5,35.2,35.3,34.8,35,35.2,35,35,35.1,35.4,47.5,35.3,35.4,35.3,35.4,35.2,35.6,35.4,35.4,35.4,47.6,35.3,35.3,35.4,35.7,35.5,35.2,34.9,35
0.000036,47.5,35.3,35.7,35.2,35.4,35.3,35.3,35.5,35.4,35.1,35.3,47.4,35.4,35.6,35.4,35.4,35.5,35.4,35.4,35.4,35.2,47.5,35.2,35.6,35.2,35.5,35.7,35.3,35.2,35.2,35.7,47.5,35.3,35.5,35.7,35.5,35.4,35.4,35.2,35.1,35.4,47.4,35.5,35.7,35.5,35.6,35.1,35.4,35.7,35.4,35.3,47.4,35.4,35.5,35.3,35.2,35.3,35.3,35.3,35.6,35.5,47.5,35.5,35.5,35.3,35.2,35.4,35.4,35.3,35.5,35.3,47.4,35.3,35.2,34.8,35.3,35.2,35,35.1,35.1,35.4,47.4,35.3,35.3,35.3,35.2,35.3,35.3,35.4,35.4,35.2,47.6,35.3,35.3,35.3,35.7,35.6,35.3,34.8,35
0.0000362,47.5,35.4,35.5,35.4,35.4,35.5,35.3,35.6,35.6,35.1,35.2,47.5,35.5,35.4,35.4,35.3,35.3,35.4,35.5,35.4,35.5,47.5,35.3,35.6,35.4,35.4,35.5,35.3,35.3,35.2,35.7,47.4,35.4,35.5,35.7,35.6,35.4,35.4,35.2,35.2,35.3,47.5,35.4,35.5,35.4,35.5,35,35.4,35.6,35.4,35.3,47.4,35.3,35.4,35.4,35.1,35.4,35.1,35.4,35.4,35.4,47.5,35.4,35.4,35.4,35.3,35.3,35.4,35.3,35.5,35.4,47.4,35.2,35.2,34.8,35.5,35.2,35,35.2,35.1,35.3,47.4,35.2,35.3,35.3,35.2,35.3,35.3,35.4,35.2,35.4,47.6,35.4,35.3,35.3,35.6,35.5,35.2,35.1,35
0.0000364,47.5,35.4,35.5,35.4,35.3,35.4,35.2,35.5,35.6,35.2,35.2,47.6,35.5,35.5,35.5,35.3,35.4,35.4,35.5,35.5,35.7,47.5,35.4,35.6,35.5,35.4,35.5,35.5,35.2,35.4,35.6,47.5,35.4,35.5,35.6,35.9,35.3,35.3,35.5,35.1,35.3,47.5,35.3,35.4,35.4,35.4,35,35.3,35.5,35.5,35.3,47.5,35.3,35.5,35.4,35.2,35.4,35.2,35.3,35.5,35.3,47.4,35.2,35.2,35.4,35.1,35.5,35.2,35.3,35.4,35.3,47.5,35.3,35,34.9,35.5,35.3,35.1,35.4,35.2,35.4,47.4,35.2,35.3,35.3,35.3,35.6,35.3,35.4,35.1,35.3,47.4,35.3,35.3,35.5,35.4,35.7,35.2,35.2,35.2
0.0000366,47.5,35.4,35.5,35.4,35.3,35.5,35.1,35.5,35.6,35.4,35.5,47.4,35.3,35.5,35.5,35.3,35.4,35.5,35.5,35.5,35.8,47.6,35.4,35.7,35.6,35.4,35.3,35.5,35.2,35.4,35.5,47.4,35.4,35.4,35.6,35.9,35.3,35.4,35.4,35.2,35.3,47.4,35.4,35.3,35.5,35.3,35.3,35.2,35.5,35.4,35.4,47.6,35.2,35.3,35.4,35.3,35.5,35.2,35.4,35.5,35.3,47.5,35.2,35.1,35.4,35,35.4,35.2,35.3,35.3,35.3,47.6,35.1,35.1,35.1,35.4,35.3,35.3,35.5,35.3,35.3,47.6,35.2,35.1,35.5,35.2,35.5,35.2,35.4,34.9,35.4,47.5,35.3,35.3,35.3,35.3,35.7,35.3,35.3,35.3
0.0000368,47.4,35.6,35.6,35.4,35.2,35.4,35.2,35.5,35.5,35.4,35.4,47.4,35.4,35.2,35.6,35.5,35.3,35.4,35.4,35.5,35.7,47.6,35.4,35.7,35.6,35.4,35.2,35.5,35.2,35.5,35.3,47.5,35.4,35.3,35.6,35.8,35.4,35.6,35.5,35.5,35.3,47.5,35.4,35.4,35.3,35.3,35.4,35.3,35.4,35.5,35.5,47.5,35.3,35.4,35.5,35.5,35.4,35.4,35.3,35.4,35.1,47.5,35.2,35,35.4,35.2,35.4,35.2,35.4,35.3,35.2,47.4,35,35.3,35.2,35.3,35.4,35.4,35.4,35.4,35.4,47.6,35.2,35,35.2,35.2,35.5,35.2,35.2,35,35.3,47.4,35.3,35.4,35.5,35.2,35.7,35.4,35.3,35.6
0.000037,47.4,35.4,35.3,35.4,35.4,35.4,35.3,35.5,35.7,35.4,35.5,47.4,35.3,35.2,35.5,35.6,35.3,35.4,35.4,35.4,35.7,47.4,35.5,35.5,35.5,35.5,35.2,35.5,35.3,35.6,35.2,47.4,35.4,35.4,35.4,35.7,35.3,35.7,35.6,35.5,35.5,47.6,35.4,35.3,35.4,35.3,35.8,35.4,35.4,35.5,35.5,47.6,35.4,35.5,35.6,35.4,35.7,35.3,35.3,35.4,35,47.4,35.1,35,35.4,35.3,35.2,35.2,35.3,35.3,35.4,47.4,35,35.3,35.3,35.3,35.3,35.5,35.6,35.4,35.3,47.6,35.2,35.1,35.1,35.2,35.6,35.3,35.2,35,35.2,47.5,35.3,35.3,35.4,35.1,35.7,35.5,35.5,35.7
0.0000372,47.4,35.4,35.4,35.4,35.5,35.3,35.5,35.3,35.4,35.4,35.5,47.5,35.5,35.3,35.5,35.6,35.4,35.5,35.4,35.4,35.6,47.5,35.4,35.4,35.5,35.5,35.3,35.5,35.4,35.5,35.2,47.4,35.2,35.5,35.4,35.4,35.2,35.7,35.6,35.6,35.5,47.4,35.4,35.4,35.5,35.3,35.8,35.4,35.3,35.4,35.4,47.5,35.4,35.5,35.5,35.5,35.6,35.3,35.3,35.4,35.2,47.6,34.9,35.1,35.4,35.4,35.2,35.2,35.4,35.3,35.4,47.5,35,35.4,35.5,35.3,35.2,35.4,35.4,35.4,35.2,47.6,35.3,35.1,35.2,35.3,35.5,35.3,35,35.2,35.1,47.5,35.3,35.4,35.2,35.2,35.6,35.6,35.5,35.9
0.0000374,47.5,35.4,35.4,35.4,35.7,35.4,35.6,35.2,35.5,35.4,35.5,47.4,35.4,35.5,35.5,35.6,35.4,35.4,35.3,35.3,35.2,47.4,35.6,35.3,35.5,35.4,35.5,35.5,35.4,35.6,35.2,47.4,35.1,35.3,35.4,35.2,35.2,35.6,35.6,35.4,35.5,47.5,35.3,35.6,35.5,35.3,35.9,35.4,35.4,35.4,35.3,47.4,35.3,35.3,35.5,35.6,35.5,35.3,35.4,35.4,35.2,47.5,34.9,35.3,35.4,35.3,35.2,35.3,35.4,35.4,35.5,47.4,35,35.4,35.6,35.2,35.2,35.5,35.4,35.4,35.3,47.5,35.3,35.3,35.1,35.4,35.4,35.3,35.1,35.2,35.3,47.4,35.3,35.4,35.4,35.2,35.5,35.5,35.6,36
0.0000376,47.4,35.4,35.5,35.4,35.8,35.4,35.6,35.2,35.4,35.3,35.5,47.6,35.6,35.3,35.5,35.6,35.6,35.3,35.3,35.3,35,47.5,35.6,35.2,35.2,35.4,35.6,35.5,35.5,35.5,35.5,47.5,35.2,35.4,35.4,35.2,35.3,35.7,35.4,35.4,35.5,47.4,35.4,35.6,35.4,35.3,35.7,35.6,35.5,35.3,35.4,47.4,35.3,35.5,35.6,35.5,35.5,35.2,35.5,35.4,35.3,47.5,35.1,35.5,35.2,35.3,35.1,35.4,35.3,35.4,35.5,47.5,35.1,35.5,35.5,35.3,35.3,35.4,35.3,35.4,35.3,47.4,35.5,35.4,35.1,35.4,35.3,35.3,35.2,35.3,35.4,47.5,35.4,35.3,35.4,35.3,35.5,35.5,35.6,36.1
0.0000378,47.4,35.5,35.5,35.4,35.7,35.4,35.5,35.3,35.4,35.2,35.5,47.4,35.6,35.4,35.4,35.4,35.6,35.2,35.3,35.3,34.9,47.6,35.5,35.3,35.2,35.4,35.6,35.6,35.6,35.3,35.7,47.5,35.2,35.2,35.4,35.1,35.3,35.5,35.4,35.4,35.6,47.6,35.5,35.5,35.4,35.3,35.6,35.5,35.7,35.4,35.4,47.5,35.1,35.3,35.3,35.5,35.5,35.2,35.3,35.4,35.5,47.5,35.2,35.5,35.3,35.3,35.2,35.4,35.2,35.3,35.5,47.5,35.2,35.3,35.5,35.1,35.2,35.4,35.1,35.2,35.2,47.4,35.5,35.5,35,35.5,35.2,35.3,35.3,35.4,35.4,47.5,35.5,35.4,35.3,35.7,35.3,35.5,35.7,35.9
0.000038,47.5,35.3,35.6,35.4,35.6,35.4,35.5,35.4,35.4,35.3,35.5,47.6,35.5,35.5,35.2,35.3,35.5,35.1,35.4,35.2,34.9,47.5,35.5,35.2,35.3,35.4,35.5,35.4,35.6,35.3,35.7,47.6,35.4,35.3,35.4,35,35.3,35.4,35.4,35.4,35.5,47.5,35.5,35.4,35.3,35.3,35.3,35.6,35.8,35.4,35.4,47.6,35.3,35.4,35.4,35.3,35.5,35.2,35.2,35.5,35.5,47.6,35.3,35.7,35.4,35.3,35.4,35.4,35.1,35.4,35.5,47.5,35.4,35.3,35.3,35.1,35.3,35.4,35.2,35.1,35.3,47.5,35.5,35.7,35.2,35.4,35.2,35.4,35.4,35.5,35.6,47.6,35.4,35.3,35.5,35.7,35.2,35.2,35.7,36.1
0.0000382,47.5,35.4,35.7,35.4,35.5,35.4,35.5,35.5,35.4,35.3,35.3,47.6,35.5,35.4,35.5,35.1,35.6,35.2,35.4,35.4,34.8,47.4,35.4,35.2,35.5,35.3,35.4,35.4,35.6,35.2,36,47.5,35.5,35.2,35.4,35.1,35.3,35.3,35.4,35.4,35.5,47.4,35.5,35.4,35.4,35.5,35.1,35.6,35.7,35.5,35.4,47.6,35.4,35.4,35.4,35.3,35.4,35.3,35.4,35.5,35.6,47.4,35.4,35.5,35.4,35.3,35.3,35.4,35.1,35.3,35.3,47.4,35.4,35.2,35.1,35,35.3,35.4,34.9,35.4,35.3,47.5,35.5,35.6,35.2,35.3,35.2,35.3,35.4,35.3,35.4,47.5,35.4,35.4,35.4,35.7,35.2,35.2,35.5,36.1
0.0000384,47.4,35.3,35.5,35.4,35.4,35.3,35.6,35.7,35.4,35.3,35.3,47.6,35.6,35.4,35.2,35.1,35.6,35.3,35.3,35.3,34.9,47.5,35.2,35.2,35.5,35.2,35.2,35.4,35.5,35.3,35.8,47.4,35.7,35.3,35.4,35.3,35.2,35.2,35.4,35.4,35.5,47.5,35.7,35.4,35.2,35.4,35,35.6,35.8,35.4,35.3,47.5,35.6,35.3,35.5,35.2,35.5,35.3,35.3,35.4,35.3,47.6,35.4,35.5,35.4,35.3,35.4,35.3,35.1,35.2,35.1,47.4,35.5,35.1,35.2,35,35.4,35.2,35.1,35.2,35.4,47.5,35.5,35.7,35.4,35.2,35.3,35.2,35.4,35.4,35.4,47.6,35.4,35.3,35.5,35.7,35.2,35.1,35.6,35.9
0.0000386,47.4,35.3,35.5,35.4,35.4,35.3,35.2,35.8,35.4,35.3,35.5,47.4,35.6,35.5,35.2,35,35.4,35.5,35.4,35.4,35.2,47.5,35.3,35.3,35.6,35.3,35.2,35.5,35.5,35.4,35.6,47.5,35.8,35.3,35.6,35.5,35.3,35.2,35.4,35.4,35.5,47.4,35.4,35.4,35.2,35.4,35.1,35.7,35.6,35.4,35.4,47.6,35.6,35.4,35.3,35.1,35.5,35.3,35.3,35.4,35.4,47.4,35.4,35.4,35.4,35.3,35.5,35.2,35.1,35.3,34.8,47.5,35.6,35,35.1,35,35.2,35.4,35.2,35.3,35.2,47.4,35.4,35.5,35.3,35.2,35.3,35.3,35.6,35.3,35.3,47.4,35.4,35.3,35.5,35.7,35.3,35.2,35.6,36
0.0000388,47.4,35.3,35.4,35.4,35.4,35.4,35.2,35.6,35.6,35.2,35.4,47.5,35.5,35.6,35.2,35.1,35.4,35.6,35.5,35.5,35.4,47.5,35.3,35.4,35.7,35.4,35,35.4,35.6,35.4,35.5,47.5,36,35.5,35.5,35.4,35.4,35.2,35.4,35.5,35.4,47.5,35.5,35.7,35.2,35.3,35.2,35.5,35.3,35.5,35.3,47.5,35.7,35.4,35.4,35.3,35.4,35.5,35.5,35.1,35.4,47.5,35.2,35.3,35.4,35.3,35.5,35.2,35.1,35,34.6,47.5,35.4,35.1,35.2,35,35.3,35.4,35.3,35.4,35.2,47.4,35.2,35.4,35.4,35.2,35.4,35.3,35.5,35.2,35.2,47.6,35.3,35.3,35.6,35.6,35.4,35.3,35.7,36.1
0.000039,47.4,35.4,35.2,35.5,35.4,35.5,35.1,35.5,35.6,35.3,35.3,47.5,35.5,35.5,35.2,35.3,35.3,35.5,35.5,35.6,35.6,47.5,35.4,35.4,35.5,35.4,35.1,35.5,35.4,35.5,35.5,47.4,36,35.5,35.6,35.4,35.7,35.3,35.4,35.4,35.5,47.5,35.4,35.7,35.2,35.3,35.3,35.4,35.1,35.4,35.3,47.5,35.6,35.4,35.3,35.4,35.4,35.5,35.4,34.9,35.3,47.5,35.3,35.3,35.4,35.3,35.5,35.2,35.2,35.2,34.7,47.4,35.4,35.3,35.2,35,35.4,35.4,35.3,35.4,35.4,47.5,35.2,35.2,35.4,35.3,35.3,35.2,35.4,35.1,35.1,47.4,35.3,35.3,35.5,35.6,35.6,35.4,35.8,36.1
0.0000392,47.5,35.3,35.3,35.7,35.6,35.3,35.2,35.5,35.4,35.3,35.5,47.4,35.4,35.4,35.5,35.4,35.3,35.6,35.6,35.5,35.5,47.5,35.6,35.4,35.5,35.5,35.2,35.5,35.4,35.5,35.2,47.5,35.8,35.7,35.7,35.5,35.4,35.5,35.5,35.4,35.4,47.5,35.5,35.8,35.3,35.3,35.4,35.4,34.9,35.4,35.3,47.5,35.7,35.4,35.2,35.4,35.4,35.7,35.4,34.9,35.3,47.4,35.2,35.2,35.4,35.3,35.5,35.2,35.3,35.3,34.7,47.5,35.2,35.3,35.3,35.1,35.2,35.4,35.4,35.4,35.2,47.5,35.2,35.1,35.5,35.3,35.5,35.3,35.4,35.2,35.1,47.5,35.3,35.4,35.4,35.5,35.6,35.5,35.9,36.1
0.0000394,47.5,35.4,35.3,35.5,35.8,35.4,35.2,35.3,35.6,35.3,35.5,47.5,35.2,35.5,35.6,35.5,35.4,35.5,35.5,35.5,35.7,47.4,35.7,35.5,35.3,35.3,35.3,35.5,35.3,35.5,35.3,47.5,35.4,35.7,35.7,35.5,35.5,35.5,35.7,35.5,35.5,47.5,35.5,35.6,35.2,35.5,35.5,35.4,34.8,35.4,35.3,47.5,35.5,35.5,35.3,35.4,35.4,35.7,35.3,34.9,35.3,47.5,35.2,35.4,35.4,35.4,35.4,35.3,35.3,35.2,35,47.5,35.1,35.5,35.3,35.3,35.3,35.4,35.4,35.1,35.3,47.5,35.3,35.2,35.4,35.4,35.5,35.3,35.2,35.1,35.1,47.6,35.3,35.5,35.5,35.3,35.7,35.5,36.2,36.1
0.0000396,47.5,35.6,35.5,35.6,35.8,35.3,35.4,35.3,35.4,35.4,35.4,47.4,35.2,35.5,35.6,35.6,35.3,35.5,35.6,35.4,35.7,47.5,35.7,35.4,35.4,35.4,35.4,35.5,35.3,35.5,35.3,47.6,35,35.7,35.7,35.5,35.7,35.7,35.4,35.4,35.4,47.5,35.5,35.7,35.5,35.5,35.5,35.4,34.8,35.5,35.3,47.4,35.4,35.5,35.3,35.7,35.4,35.7,35.4,35.1,35.3,47.4,35.3,35.4,35.2,35.2,35.3,35.3,35.6,35.3,35.2,47.5,35,35.6,35.3,35.1,35.4,35.5,35.5,35.2,35.2,47.6,35.3,35.2,35.4,35.4,35.4,35.4,35.2,35.1,35.1,47.5,35.3,35.5,35.4,35.3,35.6,35.6,36.2,36.1
0.0000398,47.4,35.5,35.5,35.6,35.7,35.4,35.3,35.1,35.4,35.5,35.5,47.4,35.2,35.4,35.5,35.5,35.4,35.4,35.7,35.5,35.6,47.5,35.8,35.5,35.2,35.4,35.7,35.4,35.3,35.5,35.4,47.5,34.5,35.7,35.5,35.4,35.6,35.7,35.4,35.3,35.5,47.4,35.5,35.5,35.5,35.6,35.6,35.4,35,35.5,35.3,47.5,35.3,35.3,35.3,35.7,35.4,35.7,35.3,35.3,35.3,47.5,35.4,35.4,35.4,35.4,35.4,35.2,35.6,35.1,35.5,47.5,35,35.6,35.1,35.2,35.4,35.3,35.5,35.3,35.2,47.5,35.3,35.3,35.2,35.6,35.4,35.5,35.2,35.2,35.2,47.6,35.4,35.5,35.3,35.4,35.5,35.5,36.3,36.2
0.00004,47.6,35.3,35.4,35.7,35.7,35.5,35.4,35.2,35.7,35.5,35.4,47.5,35.3,35.4,35.3,35.3,35.5,35.3,35.6,35.5,35.6,47.5,35.7,35.4,35.2,35.4,35.7,35.5,35.3,35.4,35.4,47.4,34.4,35.7,35.4,35.4,35.3,35.5,35.4,35.1,35.6,47.5,35.6,35.3,35.5,35.6,35.5,35.4,35.1,35.3,35.3,47.5,35.3,35.4,35.5,35.7,35.4,35.7,35.3,35.4,35.4,47.5,35.4,35.3,35.3,35.3,35.4,35.3,35.4,35.2,35.7,47.4,35.1,35.6,35,35.3,35.4,35.3,35.4,35.1,35.2,47.5,35.4,35.3,35.2,35.6,35.4,35.4,35.1,35.3,35.4,47.4,35.4,35.4,35.4,35.4,35.5,35.5,36.2,36.3
0.0000402,47.4,35.3,35.4,35.6,35.6,35.5,35.5,35.2,35.5,35.6,35.5,47.6,35.2,35.4,35.3,35.3,35.4,35.2,35.6,35.3,35.6,47.5,35.7,35.3,35.3,35.4,35.6,35.5,35.3,35.5,35.5,47.6,34.6,35.5,35.4,35.4,35.3,35.4,35.5,35.2,35.6,47.5,35.7,35.1,35.5,35.8,35.4,35.4,35.5,35.4,35.4,47.5,35.4,35.5,35.4,35.8,35.4,35.5,35.4,35.6,35.5,47.5,35.5,35.4,35.3,35.3,35.2,35.4,35.6,35.3,35.7,47.6,35.1,35.6,34.9,35.3,35.3,35.1,35.3,35.4,35.2,47.4,35.3,35.4,34.9,35.7,35.3,35.4,35.1,35.4,35.4,47.4,35.5,35.3,35.3,35.4,35.2,35.3,36.2,36.3
0.0000404,47.4,35.3,35.3,35.4,35.5,35.4,35.6,35.3,35.5,35.6,35.5,47.5,35.2,35.4,35.2,35.2,35.4,35.2,35.5,35.4,35.4,47.5,35.5,35.4,35.2,35.3,35.7,35.3,35.4,35.4,35.5,47.3,34.8,35.5,35.6,35.2,35.2,35.2,35.4,35.4,35.6,47.4,35.6,35.1,35.5,35.6,35.4,35.5,35.5,35.5,35.3,47.5,35.5,35.3,35.5,35.5,35.4,35.6,35.4,35.5,35.6,47.6,35.4,35.2,35.3,35.3,35.3,35.2,35.5,35.3,35.6,47.5,35.3,35.5,35.1,35.2,35.1,35.1,35.3,35.4,35.2,47.4,35.4,35.3,34.9,35.6,35.5,35.4,35.1,35.4,35.4,47.5,35.4,35.3,35.4,35.5,35.2,35.4,36,36.4
0.0000406,47.4,35.3,35.3,35.4,35.4,35.5,35.5,35.4,35.5,35.5,35.5,47.5,35.4,35.4,35.1,35.2,35.5,35.2,35.3,35.3,35.3,47.4,35.4,35.3,35.2,35.2,35.6,35.5,35.4,35.3,35.6,47.4,35.3,35.3,35.7,35.5,35.2,35.2,35.5,35.4,35.5,47.4,35.5,35,35.5,35.6,35.3,35.6,35.7,35.4,35.3,47.5,35.4,35.3,35.5,35.5,35.3,35.3,35.4,35.5,35.6,47.5,35.4,35.3,35.4,35.2,35.1,35.3,35.3,35.3,35.6,47.5,35.4,35.3,35.2,35.4,35,35.1,35.3,35.4,35.3,47.5,35.4,35.4,34.9,35.5,35.4,35.3,35.1,35.5,35.4,47.4,35.4,35.1,35.5,35.6,35.3,35.2,36.1,36.3
0.0000408,47.5,35.3,35.3,35.4,35.5,35.5,35.5,35.5,35.6,35.5,35.3,47.6,35.4,35.5,35.1,35.1,35.5,35.5,35.4,35.4,35.5,47.6,35.3,35.3,34.9,35.3,35.4,35.5,35.7,35.4,35.5,47.4,35.7,35.2,35.7,35.3,35,35.3,35.3,35.4,35.3,47.4,35.5,35.1,35.5,35.4,35.4,35.5,35.7,35.5,35.3,47.5,35.5,35.4,35.5,35.3,35.4,35.4,35.5,35.3,35.4,47.5,35.2,35.4,35.4,35.2,35.4,35.3,35.3,35.4,35.4,47.6,35.4,35.3,35.3,35.3,35,35.2,35.3,35.4,35.2,47.4,35.3,35.4,35,35.3,35.3,35.3,35.1,35.6,35.3,47.4,35.4,35.1,35.3,35.4,35.3,35.2,35.9,36.3
0.000041,47.5,35.3,35.5,35.3,35.4,35.5,35.3,35.5,35.5,35.6,35.2,47.4,35.5,35.5,35.2,35.1,35.6,35.4,35.3,35.5,35.3,47.4,35.4,35.3,35,35.5,35.3,35.5,35.8,35.4,35.4,47.5,36,35.3,35.6,35.4,35.3,35.2,35.5,35.4,35.2,47.3,35.6,35.5,35.5,35.3,35.5,35.7,35.6,35.5,35.3,47.5,35.7,35.4,35.5,35.5,35.4,35.4,35.5,35.3,35.7,47.5,35.4,35.5,35.4,35.4,35.3,35.3,35.1,35.3,35.2,47.4,35.4,35.3,35.5,35.2,35.2,35.3,35.4,35.4,35.3,47.4,35.3,35.4,35.1,35.4,35.3,35.3,35.1,35.7,35.2,47.6,35.4,35,35.4,35.5,35.4,35.3,36,36.3
0.0000412,47.6,35.2,35.5,35.2,35.4,35.5,35.2,35.5,35.6,35.4,35.4,47.3,35.5,35.2,35.2,35.3,35.6,35.7,35.2,35.5,35.3,47.4,35.5,35.4,34.9,35.4,35.3,35.4,35.8,35.5,35.4,47.4,35.9,35.2,35.4,35.5,35.2,35.4,35.4,35.3,35.1,47.5,35.5,35.7,35.3,35.3,35.5,35.7,35.4,35.5,35.3,47.6,35.7,35.3,35.6,35.3,35.4,35.5,35.6,35.3,35.5,47.6,35.3,35.3,35.4,35.6,35.4,35.3,35,35.3,35.1,47.4,35.4,35.3,35.7,35.4,35.3,35.5,35.3,35.2,35.3,47.4,35.2,35.3,35.2,35.1,35.3,35.3,35.3,35.6,35.2,47.4,35.4,35.1,35.2,35.5,35.5,35.2,36.2,36.3
0.0000414,47.5,35.4,35.5,35.2,35.4,35.5,35.1,35.7,35.5,35.4,35.5,47.5,35.4,35.4,35.2,35.3,35.4,35.7,35.2,35.4,35.5,47.5,35.5,35.4,35.1,35.7,35.3,35.5,35.9,35.3,35.5,47.4,35.9,35.2,35.5,35.5,35.2,35.5,35.5,35.4,35.1,47.6,35.4,35.9,35.2,35.2,35.5,35.7,35.3,35.5,35.2,47.5,35.7,35.3,35.6,35.3,35.4,35.5,35.5,35.4,35.5,47.5,35.3,35.7,35.3,35.7,35.4,35.5,35.1,35.1,34.8,47.5,35.4,35.3,35.7,35.4,35.3,35.5,35.3,35.2,35.3,47.4,35.2,35.2,35.4,34.9,35.4,35.4,35.4,35.5,35.1,47.5,35.3,35.1,35.2,35.5,35.6,35.5,36.4,36.3
0.0000416,47.4,35.5,35.4,35.4,35.3,35.4,35.1,35.5,35.4,35.3,35.5,47.5,35.5,35.4,35.5,35.5,35.5,35.7,35.3,35.4,35.5,47.5,35.5,35.4,35.1,35.7,35.4,35.5,35.7,35.5,35.6,47.5,35.6,35.2,35.4,35.5,35.3,35.7,35.4,35.4,35.2,47.5,35.4,35.8,35.3,35.1,35.5,35.7,35.4,35.5,35.3,47.4,35.7,35.3,35.4,35.3,35.4,35.4,35.3,35.5,35.4,47.5,35.3,35.8,35.4,35.7,35.4,35.4,35.1,35,35,47.4,35.4,35.3,35.6,35.4,35.4,35.7,35.4,35.2,35.3,47.5,35,35.4,35.4,35,35.3,35.5,35.4,35.5,35,47.4,35.2,35.3,35.2,35.5,35.7,35.4,36.5,36.2
0.0000418,47.4,35.6,35.4,35.4,35.3,35.5,35.3,35.4,35.5,35.5,35.6,47.4,35.6,35.5,35.5,35.5,35.5,35.7,35.5,35.4,35.6,47.4,35.6,35.5,35.2,35.7,35.4,35.5,35.5,35.5,35.4,47.4,35.4,35.5,35.4,35.6,35.3,35.9,35.4,35.5,35.2,47.5,35.3,35.8,35.3,35,35.6,35.7,35.2,35.5,35.3,47.5,35.6,35.4,35.3,35.5,35.4,35.4,35.3,35.4,35.4,47.5,35.3,35.8,35.4,35.7,35.3,35.4,35.2,35.3,35,47.5,35.3,35.3,35.6,35.5,35.4,35.7,35.3,35.2,35.4,47.5,35.1,35.3,35.6,35.1,35.5,35.5,35.5,35.4,35.2,47.6,35.2,35.3,35.2,35.5,35.6,35.4,36.5,36.3
0.000042,47.5,35.7,35.5,35.5,35.3,35.5,35.2,35.4,35.5,35.4,35.5,47.4,35.5,35.7,35.5,35.5,35.5,35.6,35.4,35.5,35.5,47.5,35.5,35.4,35.2,35.7,35.6,35.5,35.4,35.5,35.5,47.5,35.2,35.4,35.4,35.5,35.5,35.8,35.5,35.6,35.7,47.4,35.4,35.7,35.4,35.1,35.5,35.5,35.2,35.3,35.3,47.5,35.5,35.3,35.1,35.5,35.5,35.4,35.2,35.6,35.4,47.4,35.4,35.8,35.3,35.7,35.4,35.3,35.3,35.3,35.2,47.5,35.4,35.3,35.5,35.6,35.4,35.4,35.3,35.1,35.4,47.5,35.1,35.2,35.5,35,35.5,35.5,35.6,35.3,35.3,47.6,35.4,35.4,35.2,35.6,35.5,35.5,36.4,36.3
0.0000422,47.4,35.6,35.5,35.7,35.3,35.5,35.4,35.2,35.4,35.6,35.4,47.6,35.5,35.6,35.5,35.4,35.5,35.5,35.5,35.5,35.5,47.5,35.4,35.5,35.4,35.4,35.7,35.4,35.2,35.6,35.5,47.4,35.1,35.5,35.4,35.6,35.4,35.9,35.5,35.7,35.7,47.4,35.3,35.6,35.4,35.2,35.4,35.4,35.2,35.3,35.3,47.5,35.5,35.3,35.1,35.7,35.4,35.5,35.1,35.6,35.4,47.6,35.3,35.6,35.4,35.5,35.4,35.4,35.3,35.3,35.3,47.5,35.3,35.3,35.4,35.5,35.2,35.3,35.3,35.1,35.4,47.5,35.2,35.3,35.4,35.1,35.4,35.3,35.4,35.3,35.4,47.4,35.3,35.5,35.3,35.5,35.3,35.5,36.4,36.3
0.0000424,47.4,35.5,35.5,35.7,35.4,35.5,35.5,35.3,35.5,35.7,35.5,47.5,35.6,35.6,35.6,35.5,35.4,35.4,35.6,35.5,35.5,47.5,35.5,35.6,35.5,35.4,35.6,35.4,35.3,35.6,35.5,47.4,35.2,35.5,35.4,35.4,35.4,35.8,35.4,35.7,35.7,47.4,35.5,35.3,35.4,35.3,35.3,35.4,35.2,35.2,35.3,47.6,35.4,35.3,34.9,35.6,35.4,35.5,35,35.7,35.3,47.5,35.4,35.6,35.4,35.4,35.4,35.3,35.3,35.6,35.4,47.4,35.3,35.2,35.4,35.4,35.2,35.1,35.3,35.1,35.5,47.5,35.4,35.3,35.4,35,35.4,35.3,35.5,35.2,35.5,47.5,35.4,35.6,35.4,35.5,35.2,35.5,36.2,36.4
0.0000426,47.5,35.3,35.6,35.6,35.3,35.5,35.7,35.3,35.4,35.7,35.5,47.5,35.6,35.5,35.5,35.5,35.5,35.3,35.7,35.4,35.5,47.5,35.5,35.5,35.6,35.2,35.5,35.5,35.1,35.6,35.4,47.5,35.6,35.5,35.4,35.5,35.2,35.6,35.4,35.7,35.8,47.6,35.4,35.2,35.4,35.1,35.3,35.3,35.3,35.2,35.3,47.5,35.4,35.3,35,35.5,35.4,35.5,35,35.5,35.3,47.5,35.4,35.4,35.4,35.2,35.2,35.5,35.3,35.6,35.5,47.5,35.3,35.3,35.3,35.4,35.2,35.2,35.3,35.3,35.4,47.4,35.5,35.3,35.3,35,35.3,35.3,35.4,35.2,35.6,47.5,35.4,35.6,35.6,35.3,35.1,35.4,36.2,36.4
0.0000428,47.4,35.3,35.6,35.7,35.4,35.5,35.7,35.3,35.5,35.7,35.5,47.4,35.4,35.6,35.4,35.6,35.4,35.2,35.7,35.2,35.5,47.4,35.4,35.6,35.6,35.2,35.6,35.4,35.2,35.6,35.5,47.5,35.6,35.4,35.2,35.4,35.3,35.7,35.4,35.6,35.6,47.4,35.4,35.1,35.5,35.2,35.3,35.4,35.5,35.2,35.4,47.6,35.5,35.3,35.1,35.5,35.4,35.6,35.2,35.3,35.3,47.5,35.4,35.1,35.4,35.3,35.1,35.4,35.4,35.7,35.6,47.4,35.3,35.1,35.2,35.4,35.2,35.2,35.3,35.3,35.4,47.5,35.4,35.4,35.2,35,35.3,35.3,35.4,35.2,35.7,47.6,35.3,35.5,35.6,35.3,35.1,35.5,36,36.4
0.000043,47.4,35.3,35.6,35.5,35.4,35.4,35.8,35.4,35.7,35.7,35.5,47.5,35.2,35.4,35.2,35.6,35.5,35.1,35.6,35.1,35.5,47.4,35.4,35.5,35.5,35.2,35.4,35.3,35.2,35.6,35.3,47.5,35.9,35.4,35.1,35.5,35.3,35.4,35.4,35.5,35.6,47.4,35.2,35.2,35.5,35.1,35.3,35.2,35.7,35.2,35.5,47.4,35.7,35.3,35.2,35.5,35.3,35.5,35.4,35.2,35.3,47.4,35.4,35.1,35.4,35.1,35.1,35.6,35.3,35.4,35.5,47.6,35.4,35.2,35,35.3,35.4,35.2,35.3,35.2,35.4,47.4,35.6,35.4,35.1,34.9,35.3,35.6,35.3,35.3,35.4,47.5,35.3,35.5,35.5,35.5,35.2,35.4,35.9,36.2
0.0000432,47.4,35.1,35.7,35.4,35.1,35.5,35.8,35.3,35.7,35.6,35.5,47.4,35.4,35.2,35.2,35.6,35.6,35.2,35.5,35.2,35.5,47.4,35.2,35.5,35.5,35.3,35.4,35.3,35.3,35.4,35.4,47.5,36,35.2,35.2,35.4,35.3,35.3,35.5,35.4,35.5,47.5,35.3,35.3,35.4,35.1,35.2,35.4,35.7,35.3,35.6,47.4,35.7,35.3,35.3,35.5,35.3,35.4,35.3,35.1,35.3,47.5,35.3,35.1,35.3,35.3,35.2,35.6,35.4,35.3,35.3,47.6,35.4,35.3,35.1,35.1,35.6,35.4,35.5,35.3,35.4,47.5,35.6,35.4,35.2,34.8,35.3,35.6,35.3,35.3,35.4,47.5,35.3,35.5,35.5,35.4,35.3,35.4,36,36.3
0.0000434,47.5,35,35.5,35.2,35.3,35.4,35.6,35.4,35.7,35.5,35.3,47.4,35.2,35.2,35.2,35.6,35.7,35.3,35.4,35.3,35.6,47.6,35.4,35.3,35.5,35.4,35.4,35.4,35.6,35.4,35.4,47.5,35.8,35.4,35.2,35.5,35.3,35.3,35.5,35.3,35.2,47.5,35.5,35.3,35.5,35.2,35.3,35.4,35.7,35.2,35.6,47.5,35.7,35.4,35.3,35.4,35.4,35.4,35.5,34.9,35.3,47.4,35.5,34.9,35.4,35.3,35.1,35.7,35.3,35.2,35.2,47.4,35.4,35.2,35,35.1,35.8,35.4,35.5,35.4,35.4,47.5,35.6,35.4,35.2,35,35.3,35.7,35.3,35.4,35.3,47.4,35.4,35.4,35.5,35.3,35.6,35.5,36.2,36.3
0.0000436,47.4,35,35.3,35.1,35.4,35.5,35.5,35.4,35.6,35.4,35.3,47.5,35.2,35.3,35,35.7,35.5,35.4,35.4,35.5,35.5,47.4,35.3,35.3,35.4,35.5,35.4,35.4,35.6,35.2,35.5,47.4,35.6,35.2,35.3,35.4,35.3,35.2,35.5,35.2,35.2,47.6,35.5,35.4,35.2,35.3,35.3,35.5,35.8,35.2,35.7,47.5,35.7,35.3,35.3,35.3,35.3,35.5,35.5,34.8,35.3,47.5,35.6,35.2,35.3,35.6,35.4,35.7,35.4,35,35.1,47.4,35.4,35.2,35.1,35.2,35.9,35.5,35.6,35.4,35.2,47.4,35.6,35.4,35.2,35.1,35.3,35.8,35.2,35.3,35.2,47.4,35.3,35.3,35.3,35.4,35.8,35.5,36.4,36.3
0.0000438,47.4,35,35.4,35.2,35.4,35.4,35.5,35.5,35.5,35.5,35.2,47.5,35.2,35.2,35.2,35.6,35.5,35.5,35.5,35.6,35.5,47.4,35.2,35.2,35.5,35.7,35.6,35.4,35.8,35.2,35.6,47.4,35.4,35.4,35.2,35.5,35.3,35.1,35.4,35.3,35.2,47.5,35.4,35.4,35.2,35.3,35.3,35.4,35.7,35.2,35.6,47.5,35.6,35.5,35.2,35.4,35.3,35.4,35.6,34.7,35.3,47.5,35.4,35.1,35.4,35.5,35.4,35.7,35.4,35,35,47.5,35.4,35.1,35.1,35.2,35.7,35.5,35.6,35.4,35,47.5,35.5,35.1,35.3,35.3,35.3,35.7,35.4,35.3,35.1,47.7,35.2,35.3,35.2,35.5,35.9,35.5,36.6,36.4
0.000044,47.5,35.2,35.3,35.1,35.6,35.5,35.4,35.4,35.4,35.4,35.2,47.4,35.4,35.1,35.2,35.6,35.5,35.4,35.5,35.8,35.5,47.4,35.2,34.9,35.5,35.7,35.6,35.3,35.8,35.2,35.6,47.4,35.1,35.3,35.4,35.6,35.3,35,35.5,35.3,35.2,47.5,35.5,35.2,35.2,35.4,35.3,35.6,35.5,35.4,35.6,47.6,35.4,35.4,35,35.3,35.4,35.6,35.5,34.7,35.4,47.5,35.5,35.1,35.4,35.5,35.3,35.6,35.3,35,35,47.4,35.4,35.1,35.1,35.2,35.7,35.4,35.6,35.2,35,47.5,35.4,35.1,35.4,35.6,35.3,35.6,35.3,35.2,35.1,47.4,35.3,35.3,35.3,35.5,35.9,35.5,36.7,36.4
0.0000442,47.5,35.3,35.2,35.2,35.6,35.5,35.5,35.3,35.4,35.5,35.4,47.4,35.5,35.2,35.3,35.4,35.5,35.6,35.5,35.9,35.6,47.5,35.3,34.9,35.6,35.6,35.7,35.4,35.8,35.2,35.6,47.4,35,35.4,35.5,35.5,35.3,34.8,35.5,35.4,35.4,47.4,35.5,34.9,35.3,35.3,35.4,35.6,35.5,35.3,35.3,47.4,35.5,35.5,35.1,35.4,35.3,35.6,35.3,34.9,35.5,47.5,35.3,35.1,35.4,35.4,35.4,35.5,35.3,35.1,35.1,47.4,35.4,35.2,35.2,35.4,35.6,35.4,35.3,35.4,35.1,47.5,35.4,34.8,35.4,35.6,35.3,35.4,35.4,35.2,35.2,47.5,35.4,35.3,35.3,35.5,35.8,35.4,36.7,36.4
0.0000444,47.5,35.5,35.3,35.4,35.7,35.5,35.5,35.4,35.2,35.5,35.5,47.4,35.6,35.3,35.5,35.3,35.5,35.6,35.6,35.7,35.5,47.4,35.2,34.8,35.6,35.5,35.6,35.4,35.6,35.2,35.6,47.4,34.8,35.5,35.5,35.6,35.3,34.8,35.4,35.6,35.5,47.5,35.5,34.8,35.4,35.4,35.3,35.5,35.3,35.3,35.3,47.4,35.4,35.5,35.2,35.4,35.4,35.4,35.3,34.9,35.3,47.5,35.2,35.2,35.4,35.3,35.4,35.5,35.2,35.2,35.3,47.5,35.4,35.3,35.1,35.4,35.2,35.3,35.3,35.2,35.1,47.4,35.4,35,35.5,35.7,35.5,35.2,35.4,35.2,35.4,47.5,35.3,35.3,35.2,35.7,35.7,35.3,36.7,36.4
0.0000446,47.4,35.5,35.2,35.4,35.6,35.4,35.5,35.5,35.1,35.5,35.5,47.5,35.6,35.3,35.5,35.2,35.5,35.7,35.5,35.6,35.3,47.5,35.4,35.2,35.6,35.4,35.4,35.3,35.6,35.4,35.6,47.4,34.9,35.4,35.6,35.5,35.4,35,35.5,35.7,35.6,47.5,35.5,34.8,35.6,35.3,35.4,35.4,35.4,35.4,35.1,47.5,35.3,35.4,35.3,35.4,35.4,35.6,35.3,35.1,35.5,47.4,35.1,35.2,35.4,35.3,35.4,35.5,35.3,35.4,35.4,47.5,35.3,35.2,35.3,35.5,35,35.2,35,35.2,35.4,47.6,35.3,34.9,35.5,35.6,35.3,35,35.4,35.2,35.4,47.4,35.3,35.5,35.2,35.7,35.5,35.3,36.7,36.6
0.0000448,47.5,35.5,35.4,35.6,35.6,35.4,35.3,35.3,35.1,35.5,35.5,47.6,35.6,35.3,35.6,35.1,35.4,35.4,35.6,35.6,35.2,47.5,35.3,35.2,35.6,35.4,35.4,35.5,35.4,35.6,35.4,47.4,35.2,35.3,35.6,35.6,35.3,35.1,35.6,35.6,35.6,47.5,35.4,34.9,35.6,35.4,35.3,35.4,35.2,35.4,35.1,47.4,35.3,35.4,35.5,35.5,35.4,35.4,35.2,35.3,35.4,47.5,35.1,35.2,35.4,35.2,35.4,35.4,35.3,35.5,35.4,47.5,35.4,35.3,35.2,35.4,34.8,35.1,34.9,35.1,35.2,47.4,35.5,35.1,35.5,35.6,35.4,34.8,35.4,35.2,35.4,47.5,35.3,35.5,35.3,35.5,35.2,35.3,36.6,36.4
0.000045,47.4,35.6,35.4,35.7,35.6,35.4,35.3,35.4,35.1,35.4,35.6,47.4,35.6,35.5,35.5,35.1,35.5,35.4,35.7,35.3,35.1,47.5,35.3,35.2,35.6,35.4,35.3,35.3,35.4,35.7,35.2,47.5,35.3,35.5,35.5,35.7,35.4,35.2,35.7,35.7,35.5,47.4,35.4,35,35.8,35.6,35.4,35.4,35.2,35.4,35,47.4,35.3,35.4,35.6,35.5,35.3,35.4,35.2,35.3,35.5,47.4,35,35.1,35.4,35.3,35.4,35.5,35.3,35.6,35.4,47.4,35.2,35.3,35.3,35.4,34.8,35.1,34.9,35,35.4,47.5,35.3,35.2,35.2,35.4,35.4,35.1,35.4,35.4,35.4,47.4,35.3,35.6,35.5,35.5,34.9,35.2,36.5,36.4
0.0000452,47.4,35.5,35.4,35.7,35.6,35.4,35.3,35.4,35.1,35.4,35.5,47.3,35.4,35.4,35.5,35.1,35.6,35.2,35.7,35.2,35.1,47.4,35.4,35.5,35.5,35.3,35.3,35.4,35.3,35.7,35.2,47.4,35.4,35.3,35.5,35.6,35.2,35.4,35.7,35.7,35.5,47.4,35.2,35.3,35.7,35.6,35.4,35.4,35.2,35.3,35,47.5,35.5,35.4,35.8,35.5,35.3,35.4,35.2,35.3,35.5,47.6,35.3,35.3,35.4,35.4,35.3,35.3,35.3,35.6,35.6,47.4,35.1,35.3,35.4,35.4,35,35.3,35,34.9,35.4,47.4,35.4,35.3,35.3,35.2,35.3,35.2,35.4,35.4,35.6,47.5,35.3,35.6,35.6,35.4,35,35.5,36.2,36.4
0.0000454,47.4,35.4,35.4,35.6,35.5,35.3,35.3,35.5,35.2,35.2,35.5,47.4,35.4,35.5,35.5,35,35.5,35.2,35.5,35.1,35,47.5,35.3,35.5,35.5,35.3,35.4,35.5,35.2,35.7,35.3,47.5,35.5,35.3,35.3,35.4,35.5,35.5,35.5,35.4,35.5,47.5,35.3,35.6,35.7,35.6,35.6,35.2,35.2,35.3,35.1,47.5,35.4,35.3,35.6,35.4,35.3,35.4,35.2,35.4,35.3,47.3,35.2,35.2,35.3,35.6,35.3,35.3,35.4,35.5,35.5,47.5,35.1,35.3,35.3,35.3,35,35.3,34.9,34.9,35.4,47.5,35.4,35.6,35.2,35.1,35.3,35.3,35.2,35.3,35.5,47.4,35.3,35.8,35.5,35.2,34.9,35.3,36.1,36.4
0.0000456,47.4,35.3,35.2,35.6,35.6,35.3,35.3,35.7,35.4,35.3,35.5,47.5,35.2,35.5,35.3,35.1,35.7,35.1,35.5,35.2,35.1,47.5,35.4,35.7,35.5,35.4,35.4,35.5,35,35.6,35.4,47.6,35.4,35.2,35.2,35.4,35.3,35.5,35.5,35.4,35.3,47.4,35.3,35.6,35.6,35.8,35.4,35.3,35.4,35.2,35.3,47.6,35.4,35.2,35.5,35.5,35.4,35.3,35.3,35.4,35.4,47.4,35.4,35.4,35.3,35.7,35.1,35.3,35.4,35.4,35.4,47.6,34.9,35.3,35.4,35.3,35.1,35.5,35.1,35.1,35.5,47.5,35.2,35.5,35.2,35.1,35.4,35.8,35.3,35.4,35.4,47.5,35.4,35.5,35.6,35.3,35.1,35.3,36.1,36.4
0.0000458,47.3,35.3,35.3,35.4,35.7,35.3,35.2,35.7,35.5,35.2,35.4,47.4,35.2,35.3,35.2,35.2,35.6,35.2,35.5,35.3,35.2,47.5,35.5,35.7,35.3,35.2,35.6,35.3,35.1,35.5,35.6,47.5,35.3,35.4,35.2,35.3,35.3,35.5,35.5,35.2,35.3,47.5,35.3,35.8,35.5,35.8,35.3,35.4,35.4,35.3,35.4,47.5,35.4,35.3,35.3,35.4,35.4,35.5,35.3,35.3,35.3,47.4,35.4,35.4,35.4,35.7,35.2,35.3,35.4,35.3,35.4,47.6,35.2,35.4,35.3,35.3,35.1,35.5,35.2,35.4,35.2,47.5,35.2,35.6,35.2,35.1,35.3,35.8,35.2,35.5,35.3,47.4,35.4,35.2,35.5,35.4,35.3,35.4,36,36.2
0.000046,47.3,35.3,35.2,35.4,35.8,35.5,35.6,35.6,35.5,35.3,35.3,47.5,35.2,35.3,35.2,35.3,35.7,35.1,35.5,35.2,35.3,47.4,35.5,35.7,35.3,35.4,35.5,35.3,35.4,35.5,35.6,47.5,35.3,35.3,35.2,35.1,35.5,35.7,35.5,35.1,35.4,47.5,35.2,35.9,35.5,35.6,35.3,35.4,35.6,35.3,35.4,47.4,35.3,35.4,35.2,35.4,35.3,35.4,35.4,35.4,35.4,47.5,35.6,35.3,35.3,35.7,35.3,35.4,35.4,35.3,35.4,47.6,35.2,35.4,35.4,35.2,35.1,35.5,35.2,35.5,35.3,47.5,35.2,35.6,35.4,35.2,35.3,35.8,35.2,35.5,35.2,47.5,35.4,35.1,35.5,35.4,35.3,35.4,35.9,36.4
0.0000462,47.4,35.3,35.3,35.1,35.7,35.5,35.7,35.7,35.6,35.3,35.3,47.6,35.1,35.2,35.2,35.3,35.6,35.2,35.4,35.5,35.4,47.5,35.4,35.5,35.3,35.4,35.5,35.3,35.4,35.4,35.7,47.5,35.2,35.5,35.1,35.2,35.5,35.6,35.5,35.1,35.2,47.5,35.4,35.7,35.2,35.6,35.3,35.4,35.6,35.5,35.5,47.5,35.3,35.4,35,35.4,35.3,35.5,35.4,35.3,35.4,47.5,35.4,35.4,35.3,35.5,35.1,35.3,35.5,35.3,35.4,47.4,35.4,35.4,35.5,35.2,35,35.2,35.3,35.5,35.2,47.4,35.4,35.6,35.4,35.4,35.3,35.5,35.2,35.5,35.2,47.4,35.4,34.7,35.4,35.4,35.4,35.5,35.9,36.3
0.0000464,47.5,35.2,35.4,35.2,35.7,35.6,35.6,35.5,35.7,35.4,35.2,47.6,35.2,35.2,35.2,35.2,35.5,35.3,35.5,35.5,35.5,47.4,35.5,35.5,35.3,35.5,35.4,35.2,35.4,35.4,35.7,47.5,35.3,35.5,35.2,35.1,35.5,35.6,35.5,35.1,35.2,47.5,35.4,35.8,35.2,35.4,35.3,35.5,35.6,35.5,35.4,47.5,35.3,35.6,35,35.3,35.3,35.4,35.4,35.3,35.4,47.4,35.4,35.5,35.4,35.5,35.4,35.3,35.4,35.2,35.3,47.4,35.6,35.3,35.4,35.3,34.9,35.4,35.3,35.6,35.2,47.4,35.5,35.3,35.4,35.4,35.3,35.2,35.2,35.5,35.2,47.4,35.3,34.6,35.4,35.6,35.5,35.5,36.1,36.3
0.0000466,47.4,35.3,35.2,35.2,35.7,35.7,35.7,35.5,35.5,35.4,35.2,47.4,35.3,35.2,35.2,35.3,35.5,35.4,35.5,35.6,35.4,47.5,35.4,35.4,35.4,35.4,35.4,35.3,35.6,35.4,35.7,47.5,35.3,35.6,35.4,35.2,35.5,35.5,35.5,35.1,35.4,47.5,35.6,35.8,35.3,35.3,35.3,35.5,35.5,35.6,35.5,47.5,35.2,35.6,34.8,35.5,35.3,35.5,35.3,35.3,35.2,47.5,35.3,35.6,35.4,35.3,35.2,35.2,35.4,35.3,35.4,47.5,35.7,35.3,35.4,35.3,35,35.2,35.3,35.5,35.1,47.5,35.5,35.3,35.5,35.4,35.3,35.1,35.3,35.4,35.2,47.5,35.4,34.6,35.4,35.4,35.3,35.5,36.1,36.2
0.0000468,47.5,35.3,35.3,35.4,35.6,35.7,35.4,35.3,35.5,35.5,35.2,47.5,35.4,35.3,35.3,35.3,35.5,35.7,35.4,35.7,35.3,47.4,35.5,35.3,35.4,35.5,35.4,35.2,35.5,35.5,35.6,47.4,35.3,35.5,35.5,35.4,35.6,35.5,35.5,35.4,35.5,47.4,35.7,35.5,35.3,35.2,35.3,35.4,35.6,35.6,35.4,47.6,35.2,35.5,35,35.5,35.4,35.4,35.4,35.4,35.2,47.4,35.3,35.6,35.4,35.2,35.3,35.2,35.3,35.1,35.3,47.5,35.8,35.4,35.4,35.3,35,35.3,35.3,35.5,35,47.5,35.6,35.4,35.5,35.5,35.3,34.8,35.3,35.3,35.3,47.4,35.5,34.7,35.3,35.5,35.4,35.5,36.1,36.4
0.000047,47.4,35.3,35.1,35.4,35.5,35.5,35.3,35.3,35.4,35.5,35.4,47.5,35.5,35.5,35.5,35.4,35.4,35.8,35.5,35.6,35.4,47.4,35.4,35.3,35.2,35.4,35.4,35.5,35.5,35.6,35.3,47.4,35.3,35.4,35.7,35.5,35.5,35.5,35.4,35.5,35.5,47.4,35.7,35.6,35.3,35.2,35.3,35.5,35.4,35.6,35.3,47.4,35.3,35.6,35,35.4,35.4,35.5,35.4,35.3,35.3,47.4,35.2,35.5,35.3,35.2,35.4,35.1,35.3,35.1,35.4,47.6,35.7,35.4,35.3,35.3,35.2,35.2,35.3,35.4,35.2,47.4,35.6,35.2,35.4,35.4,35.4,34.8,35.4,35.2,35.4,47.4,35.6,34.9,35.4,35.4,35.4,35.5,36.2,36.4
0.0000472,47.4,35.4,35.2,35.5,35.4,35.5,35.1,35.2,35.5,35.5,35.3,47.4,35.6,35.7,35.6,35.4,35.4,35.8,35.4,35.5,35.5,47.5,35.4,35.5,35.4,35.4,35.6,35.5,35.4,35.7,35.2,47.5,35.4,35.5,35.7,35.7,35.4,35.6,35.6,35.7,35.5,47.4,35.8,35.5,35.4,35.3,35.4,35.4,35.2,35.5,35,47.4,35.3,35.5,35,35.4,35.5,35.4,35.3,35.3,35.4,47.5,35.1,35.5,35.2,35.3,35.4,35,35.3,35.3,35.4,47.5,35.5,35.5,35.2,35.4,35.2,35.2,35.4,35.3,35.2,47.4,35.7,35.1,35.3,35.5,35.3,35.1,35.3,35.3,35.4,47.5,35.3,35.1,35.3,35.6,35.3,35.4,36.1,36.4
0.0000474,47.4,35.6,35.1,35.7,35.4,35.5,35,35.3,35.5,35.5,35.4,47.4,35.7,35.8,35.7,35.4,35.4,35.8,35.4,35.3,35.6,47.5,35.4,35.5,35.5,35.5,35.7,35.6,35.2,35.7,35.2,47.5,35.4,35.6,35.7,35.7,35.5,35.6,35.5,35.7,35.5,47.5,35.6,35.5,35.6,35.3,35.3,35.4,35.1,35.5,34.9,47.4,35.4,35.3,35,35.4,35.5,35.4,35.3,35.5,35.3,47.5,35,35.4,35.3,35.2,35.4,35.2,35.4,35.3,35.3,47.5,35.4,35.5,35.4,35.4,35.5,35.3,35.5,35.4,35.2,47.4,35.6,35.1,35.2,35.4,35.3,35,35.4,35.2,35.4,47.5,35.5,35.2,35.4,35.4,35.1,35.3,36.2,36.4
0.0000476,47.5,35.5,35.2,35.7,35.5,35.3,34.8,35.2,35.4,35.4,35.4,47.6,35.6,35.9,35.7,35.4,35.6,35.8,35.4,35.3,35.4,47.4,35.4,35.4,35.3,35.7,35.8,35.6,35.1,35.7,35.1,47.4,35.4,35.4,35.5,35.8,35.4,35.6,35.5,35.7,35.5,47.5,35.5,35.5,35.7,35.3,35.4,35.4,35.1,35.5,35.1,47.4,35.4,35.2,35.3,35.4,35.5,35.3,35.4,35.4,35.3,47.5,35.1,35.4,35.4,35.4,35.3,35.3,35.3,35.3,35.3,47.5,35.3,35.4,35.4,35.4,35.6,35.4,35.5,35.3,35.2,47.5,35.5,35.4,35.1,35.3,35.3,35.3,35.4,35.2,35.4,47.5,35.4,35.2,35.4,35.4,35.1,35.4,36.3,36.4
0.0000478,47.5,35.5,35.2,35.7,35.4,35.3,34.9,35.4,35.4,35.5,35.4,47.4,35.5,35.8,35.7,35.5,35.5,35.6,35.4,35.3,35.5,47.4,35.2,35.5,35.5,35.7,35.8,35.7,35.1,35.7,35.2,47.4,35.3,35.5,35.4,35.8,35.2,35.6,35.5,35.5,35.5,47.5,35.5,35.6,35.6,35.4,35.5,35.3,35.2,35.5,35.2,47.4,35.3,35.3,35.3,35.5,35.3,35.1,35.3,35.4,35.3,47.4,35.1,35.4,35.4,35.6,35.3,35.4,35.3,35.3,35.4,47.5,35.2,35.4,35.2,35.4,35.5,35.3,35.4,35.3,35.3,47.5,35.3,35.3,35.2,35.4,35.3,35.4,35.2,35.1,35.3,47.5,35.4,35.3,35.4,35.4,35.3,35.2,36.3,36.4
0.000048,47.4,35.6,35.4,35.7,35.4,35.2,34.9,35.6,35.4,35.5,35.4,47.5,35.5,35.8,35.5,35.5,35.7,35.3,35.3,35.3,35.5,47.4,35.3,35.5,35.5,35.5,35.9,35.6,35.1,35.6,35.2,47.5,35.3,35.5,35.5,35.7,35.3,35.6,35.5,35.5,35.5,47.3,35.3,35.6,35.5,35.6,35.6,35.4,35.3,35.3,35.3,47.5,35.3,35.3,35.4,35.3,35.3,35.1,35.4,35.6,35.3,47.7,35.3,35.4,35.4,35.6,35.2,35.4,35.3,35.3,35.5,47.5,35.1,35.3,35.3,35.6,35.5,35.4,35.3,35.1,35.3,47.5,35.2,35.4,35.3,35.2,35.3,35.8,35.4,35.2,35.4,47.4,35.4,35.4,35.3,35.4,35.2,35.4,36.5,36.2
0.0000482,47.4,35.4,35.6,35.5,35.4,35.3,35.3,35.7,35.5,35.6,35.4,47.4,35.2,35.6,35.6,35.5,35.7,35.3,35.5,35.2,35.4,47.5,35.4,35.5,35.6,35.6,35.8,35.8,35,35.5,35.3,47.5,35.3,35.5,35.3,35.7,35.5,35.5,35.4,35.3,35.5,47.5,35.3,35.6,35.5,35.5,35.5,35.4,35.4,35.4,35.5,47.4,35.3,35.4,35.4,35.4,35.1,35.1,35.3,35.6,35.3,47.5,35.4,35.4,35.6,35.5,35.3,35.2,35.3,35.3,35.3,47.4,35.1,35.3,35.3,35.6,35.4,35.2,35.3,35.1,35.2,47.6,35.2,35.4,35.2,35.2,35.3,35.8,35.3,35.3,35.4,47.4,35.4,35.4,35.3,35.3,35.3,35.2,36.4,36.4
0.0000484,47.4,35.3,35.8,35.5,35.3,35.3,35.5,35.6,35.4,35.5,35.4,47.5,35.3,35.4,35.6,35.4,35.7,35.1,35.4,35.2,35.4,47.6,35.5,35.3,35.9,35.5,35.5,35.6,35.2,35.5,35.5,47.4,35.2,35.5,35.4,35.6,35.4,35.6,35.3,35.2,35.5,47.5,35.2,35.6,35.5,35.6,35.4,35.5,35.4,35.4,35.8,47.4,35.4,35.4,35.5,35.3,35.2,35.2,35.4,35.6,35.3,47.4,35.3,35.4,35.6,35.6,35.2,35.4,35.3,35.3,35.4,47.4,35.3,35.1,35.3,35.6,35.3,35,35.2,35.4,35.3,47.4,35.2,35.7,35.2,35.3,35.4,35.6,35.3,35.3,35.4,47.5,35.4,35.5,35.1,35.3,35.5,35.4,36.4,36.2
0.0000486,47.4,35.2,35.9,35.4,35.4,35.4,35.8,35.8,35.5,35.4,35.4,47.5,35.2,35.2,35.5,35.6,35.7,35,35.5,35.3,35.3,47.5,35.5,35.3,35.9,35.4,35.2,35.6,35.3,35.5,35.6,47.4,35.4,35.5,35.3,35.3,35.5,35.5,35.3,35.1,35.2,47.4,35.2,35.6,35.4,35.4,35.3,35.6,35.6,35.3,35.7,47.6,35.5,35.5,35.3,35.5,35.2,35.2,35.5,35.6,35.3,47.4,35.3,35.5,35.6,35.4,35.4,35.3,35.4,35.5,35.3,47.5,35.3,35.2,35.2,35.4,35.1,35.1,35.2,35.2,35.2,47.5,35.1,35.5,35.3,35.4,35.4,35.6,35.2,35.3,35.4,47.5,35.3,35.6,35.1,35.2,35.4,35.3,36.1,36.1
0.0000488,47.5,35.1,35.7,35.3,35.3,35.5,35.9,35.6,35.5,35.4,35.3,47.5,35.2,35.2,35.5,35.5,35.6,35.2,35.2,35.3,35.2,47.4,35.6,35,35.9,35.2,35.2,35.6,35.5,35.5,35.7,47.4,35.4,35.5,35.4,35.2,35.7,35.5,35.5,35.1,35.3,47.5,35.3,35.6,35.4,35.5,35.3,35.8,35.7,35.4,35.5,47.5,35.3,35.5,35.3,35.4,35.3,35.2,35.4,35.6,35.4,47.5,35.3,35.5,35.6,35.3,35.4,35.2,35.3,35.3,35.3,47.5,35.4,35.3,35.3,35.4,35,35,35.3,35.4,35.2,47.4,35.3,35.4,35.4,35.3,35.3,35.5,35.3,35.4,35.3,47.5,35.3,35.6,35.1,35.4,35.5,35.2,36.2,36.1
0.000049,47.4,35.1,35.5,35.4,35.2,35.5,35.9,35.5,35.4,35.3,35.3,47.4,35.4,35.2,35.4,35.5,35.5,35.3,35.1,35.5,35.3,47.4,35.7,35,35.9,35.3,35.1,35.4,35.6,35.3,35.5,47.4,35.3,35.5,35.4,35.2,35.7,35.5,35.4,35.1,35.3,47.4,35.4,35.6,35.4,35.3,35.3,35.7,35.7,35.5,35.4,47.5,35.3,35.5,35,35.3,35.4,35.3,35.5,35.6,35.4,47.5,35.3,35.4,35.5,35.4,35.3,35.1,35.3,35.5,35.3,47.4,35.4,35.2,35.3,35.2,35,35.1,35.3,35.4,35.2,47.4,35.5,35.4,35.5,35.4,35.3,35.3,35.4,35.4,35.4,47.5,35.3,35.7,35.2,35.4,35.4,35.2,36.1,36.2
0.0000492,47.5,35,35.5,35.4,35.2,35.5,36,35.4,35.5,35.2,35.3,47.5,35.6,35.3,35.5,35.5,35.3,35.4,35.2,35.5,35.4,47.4,35.5,34.8,35.7,35.2,35.1,35.3,35.8,35.4,35.4,47.5,35.6,35.4,35.4,35.1,35.6,35.7,35.5,35.2,35.4,47.4,35.6,35.6,35.4,35.3,35.1,35.8,35.6,35.4,35.3,47.6,35.2,35.4,35,35.4,35.5,35.5,35.5,35.5,35.3,47.5,35.4,35.4,35.4,35.2,35.3,35,35.4,35.5,35.1,47.4,35.4,35.3,35.4,35.1,35.2,35,35.3,35.4,35.2,47.5,35.6,35.4,35.4,35.4,35.3,35.3,35.3,35.4,35.4,47.4,35.4,35.5,35.2,35.4,35.6,35.3,36.2,36.2
0.0000494,47.4,35.2,35.4,35.4,35.4,35.5,35.8,35.2,35.5,35.2,35.2,47.5,35.7,35.4,35.5,35.6,35.2,35.7,35.2,35.6,35.5,47.4,35.5,35,35.6,35.1,35.1,35.2,35.8,35.5,35.3,47.4,35.3,35.4,35.6,35.2,35.5,35.5,35.5,35.5,35.4,47.5,35.6,35.6,35.2,35.3,35.3,35.7,35.8,35.4,35.3,47.5,35.3,35.5,35,35.4,35.7,35.7,35.5,35.5,35.4,47.4,35.3,35.2,35.2,35.3,35.3,34.8,35.3,35.5,35.1,47.5,35.4,35.3,35.4,35,35.3,35,35.5,35.4,35.1,47.5,35.7,35.3,35.4,35.4,35.3,35.3,35.3,35.4,35.3,47.5,35.3,35.2,35.4,35.5,35.4,35.4,36.3,36.2
0.0000496,47.5,35.3,35.2,35.4,35.5,35.5,35.4,35.3,35.5,35.1,35.2,47.5,35.8,35.5,35.6,35.5,35.2,35.8,35.3,35.6,35.5,47.5,35.4,35,35.4,35.4,35.1,35.2,35.6,35.5,35.3,47.5,35.3,35.5,35.5,35.3,35.5,35.5,35.5,35.5,35.5,47.4,35.7,35.4,35.3,35.4,35.3,35.5,35.6,35.4,35.2,47.4,35.5,35.5,35.1,35.3,35.9,35.7,35.5,35.2,35.4,47.5,35.3,35.2,35.1,35.3,35.3,34.9,35.4,35.5,35.1,47.5,35.4,35.3,35.3,35,35.5,35.2,35.6,35.4,35.2,47.4,35.5,35.3,35.3,35.4,35.4,35.2,35.3,35.4,35.3,47.5,35.3,35,35.4,35.7,35.5,35.5,36.3,36.1
0.0000498,47.4,35.6,35.2,35.6,35.5,35.4,35.2,35.2,35.4,35.2,35.3,47.5,35.9,35.5,35.6,35.6,35.1,35.7,35.5,35.4,35.6,47.5,35.3,35.2,35.3,35.3,35.3,35.5,35.6,35.5,35.2,47.5,35.3,35.5,35.4,35.4,35.4,35.5,35.3,35.5,35.3,47.4,35.6,35.3,35.3,35.3,35.5,35.4,35.5,35.3,35.1,47.4,35.3,35.5,35.2,35.3,36,35.7,35.4,35.3,35.3,47.4,35,35.2,35.1,35.3,35.4,34.9,35.4,35.6,35.1,47.4,35.4,35.4,35.4,35.2,35.6,35.2,35.6,35.4,35.1,47.4,35.5,35.3,35.4,35.4,35.6,35.3,35.4,35.3,35.4,47.4,35.4,35.1,35.4,35.6,35.5,35.5,36.2,36.4
0.00005,47.4,35.7,35.3,35.6,35.5,35.5,35.1,35.2,35.4,35.4,35.3,47.5,35.7,35.6,35.6,35.6,35.1,35.7,35.7,35.3,35.7,47.5,35.3,35.4,35.3,35.5,35.3,35.5,35.3,35.5,35.3,47.5,35.3,35.5,35.4,35.5,35.3,35.5,35.3,35.7,35.4,47.5,35.5,35.6,35.5,35.3,35.6,35.1,35.5,35.5,35.3,47.5,35.3,35.5,35.3,35.3,36,35.7,35.3,35.3,35.3,47.5,35.3,35.3,35,35.3,35.4,35,35.4,35.4,35.2,47.4,35.2,35.5,35.4,35.2,35.4,35.4,35.6,35.3,35.1,47.6,35.2,35.2,35.2,35.4,35.7,35.4,35.4,35.4,35.3,47.4,35.3,35.2,35.6,35.5,35.5,35.5,36.2,36.3
0.0000502,47.4,35.8,35.4,35.7,35.7,35.3,35.1,35.2,35.4,35.5,35.4,47.4,35.6,35.6,35.6,35.6,35.3,35.7,35.7,35.3,35.7,47.4,35.2,35.5,35.4,35.6,35.4,35.6,35.4,35.4,35.2,47.4,35.3,35.5,35.1,35.6,35.3,35.4,35.2,35.7,35.4,47.5,35.5,35.6,35.5,35.3,35.7,35.1,35.5,35.5,35.2,47.4,35.3,35.4,35.4,35.3,35.9,35.4,35.3,35.4,35.3,47.5,35.3,35.3,35.1,35.2,35.2,35.2,35.3,35.3,35.3,47.5,35.1,35.5,35.3,35.4,35.4,35.4,35.3,35.3,35.1,47.5,35.2,35.4,35.3,35.4,35.7,35.5,35.4,35.4,35.4,47.4,35.3,35.3,35.6,35.4,35.5,35.5,36.2,36.1
0.0000504,47.4,35.8,35.5,35.5,35.7,35.5,35.1,35.2,35.3,35.8,35.3,47.5,35.5,35.6,35.6,35.4,35.4,35.5,35.7,35.3,35.7,47.4,35.2,35.6,35.4,35.6,35.4,35.7,35.2,35.5,35.4,47.4,35.3,35.5,35.2,35.7,35.3,35.6,35.3,35.8,35.6,47.4,35.4,35.6,35.5,35.3,35.8,35.1,35.5,35.7,35.3,47.4,35.5,35.4,35.6,35.3,35.7,35.3,35,35.5,35.4,47.5,35.3,35.3,35.3,35.3,35.2,35.5,35.3,35.3,35.3,47.5,35.1,35.4,35.3,35.4,35.4,35.4,35.3,35.4,35.2,47.6,35.1,35.3,35.2,35.4,35.7,35.6,35.4,35.5,35.3,47.4,35.4,35.6,35.5,35.4,35.4,35.4,36.3,36.1
0.0000506,47.4,35.8,35.5,35.5,35.7,35.4,35.2,35.3,35.4,35.8,35.5,47.6,35.5,35.4,35.5,35.3,35.4,35.4,35.8,35.3,35.6,47.4,35.3,35.6,35.6,35.5,35.4,35.8,35.3,35.5,35.4,47.5,35.4,35.5,35.1,35.6,35.3,35.5,35.3,35.7,35.6,47.5,35.3,35.6,35.6,35.3,36,35.4,35.5,35.7,35.3,47.4,35.4,35.4,35.6,35.4,35.4,35.1,35,35.6,35.5,47.7,35.3,35.4,35.3,35.3,35.3,35.4,35.2,35.3,35.3,47.5,35.3,35.3,35.4,35.4,35.4,35.4,35.1,35.3,35.2,47.4,35.1,35.4,35.2,35.4,35.6,35.6,35.4,35.4,35.4,47.4,35.3,35.6,35.4,35.3,35.4,35.3,36.2,36
0.0000508,47.5,35.6,35.5,35.6,35.6,35.5,35.2,35.5,35.3,35.8,35.5,47.4,35.4,35.5,35.5,35.3,35.6,35.4,35.6,35.3,35.6,47.4,35.4,35.6,35.6,35.5,35.3,35.7,35.3,35.5,35.4,47.4,35.4,35.5,35.2,35.6,35.3,35.5,35.5,35.7,35.7,47.5,35.4,35.8,35.6,35.2,35.8,35.4,35.5,35.8,35.3,47.4,35.4,35.4,35.6,35.4,35.2,35.1,35.2,35.5,35.5,47.4,35.3,35.4,35.3,35.3,35.2,35.5,35.3,35.3,35.3,47.4,35.2,35.2,35.3,35.5,35.4,35.3,34.9,35.3,35.3,47.5,35.3,35.4,35.2,35.4,35.4,35.5,35.4,35.5,35.5,47.4,35.3,35.8,35.3,35.2,35.5,35.3,36.1,36
0.000051,47.4,35.5,35.5,35.5,35.7,35.5,35.4,35.5,35.4,35.8,35.5,47.5,35.5,35.4,35.4,35.3,35.7,35.4,35.4,35.2,35.4,47.4,35.4,35.6,35.6,35.5,35.3,35.6,35.3,35.4,35.4,47.5,35.6,35.5,35.4,35.4,35.5,35.5,35.5,35.6,35.7,47.5,35.2,35.8,35.5,35.3,35.7,35.7,35.5,35.8,35.5,47.4,35.4,35.3,35.6,35.4,35.2,35.1,35.1,35.4,35.4,47.4,35.3,35.4,35.4,35.3,35.3,35.6,35.2,35.5,35.3,47.6,35.4,35,35.4,35.4,35.2,35.4,35.1,35.3,35.2,47.4,35.4,35.3,35.1,35.4,35.3,35.5,35.4,35.6,35.3,47.4,35.4,35.8,35.3,35.4,35.4,35.1,36.1,35.8
0.0000512,47.1,35.3,35.3,35.5,35.6,35.3,35.4,35.5,35.4,35.5,35.3,47.6,35.5,35.4,35.4,35.3,35.8,35.2,35.2,35.3,35.3,47.4,35.6,35.3,35.7,35.5,35.2,35.4,35.3,35.3,35.5,47.4,35.4,35.4,35.4,35.3,35.4,35.5,35.6,35.4,35.9,47.6,35.2,35.7,35.5,35.1,35.6,35.6,35.6,35.8,35.6,47.6,35.5,35.3,35.6,35.3,35.2,35.2,35.4,35.4,35.5,47.5,35.4,35.3,35.5,35.3,35.4,35.5,35.2,35.6,35.4,47.4,35.4,35,35.4,35.1,35,35.2,34.9,35.4,35.2,47.4,35.7,35.5,35.3,35.4,35.1,35.5,35.4,35.4,35.4,47.4,35.3,35.6,35.3,35.4,35.4,35.1,36,36
0.0000514,46.6,35.3,35.3,35.4,35.6,35.3,35.3,35.5,35.5,35.2,35.5,47.4,35.6,35.5,35.2,35.4,35.7,35.2,35.1,35.3,35.2,47.4,35.6,35.2,35.7,35.4,35.2,35.3,35.3,35.4,35.6,47.5,35.3,35.5,35.6,35.3,35.4,35.5,35.6,35.4,35.7,47.5,35.4,35.5,35.5,35.3,35.3,35.7,35.5,35.8,35.5,47.4,35.5,35.2,35.6,35.4,35.1,35.2,35.4,35.3,35.3,47.5,35.3,35.3,35.5,35.3,35.3,35.4,35.3,35.6,35.4,47.6,35.4,34.9,35.4,35,35.1,35.2,35.1,35.4,35.3,47.5,35.7,35.4,35.2,35.4,35.1,35.3,35.2,35.3,35.4,47.5,35.3,35.3,35.3,35.5,35.5,35,36,36
0.0000516,43.9,35.3,35.3,35.4,35.6,35.2,35.2,35.5,35.5,34.9,35.3,47.5,35.6,35.6,35.4,35.5,35.8,35.2,35.1,35.3,35.2,47.4,35.7,35.3,35.5,35.4,35.2,35.2,35.3,35.4,35.5,47.4,35.5,35.5,35.7,35.2,35.3,35.5,35.5,35.4,35.6,47.5,35.2,35.3,35.3,35.3,35.2,35.8,35.6,35.5,35.6,47.4,35.5,35.1,35.6,35.3,35.1,35.3,35.4,35.5,35.4,47.5,35.5,35.1,35.3,35.3,35.2,35.5,35.4,35.6,35.3,47.5,35.4,34.9,35.3,34.8,35,35.2,35.3,35.4,35.4,47.5,35.9,35.4,35.2,35.5,35.1,35.3,35.4,35.1,35.4,47.4,35.3,35.2,35.4,35.7,35.6,35.2,36,36.1
0.0000518,38.4,35.3,35.3,35.4,35.6,35.1,35.3,35.3,35.5,34.8,35.5,47.5,35.6,35.7,35.2,35.5,35.7,35.3,35,35.4,35.2,47.4,35.7,35,35.5,35.4,35.1,35.2,35.3,35.3,35.4,47.4,35.4,35.5,35.7,35.2,35.5,35.5,35.3,35.5,35.6,47.5,35.4,35.4,35.2,35.5,35,35.8,35.6,35.5,35.5,47.4,35.2,35.2,35.6,35.3,35.1,35.4,35.4,35.3,35.3,47.4,35.4,35.3,35.3,35.3,35.4,35.2,35.6,35.6,35.3,47.4,35.3,35,35.3,34.8,35.1,35.3,35.5,35.3,35.3,47.4,35.6,35.4,35.3,35.5,35.1,35.5,35.4,34.9,35.3,47.5,35.4,35.2,35.3,35.6,35.4,35.2,36.1,36.1
0.000052,32.7,35.3,35.2,35.4,35.5,35.3,35.2,35.4,35.4,34.9,35.4,47.4,35.6,35.7,35.2,35.4,35.6,35.5,35.2,35.4,35.5,47.4,35.6,35.2,35.1,35.4,35.2,35.2,35.3,35.5,35.4,47.4,35.3,35.4,35.7,35.4,35.5,35.5,35.2,35.3,35.4,47.4,35.5,35.4,35.2,35.5,35.1,35.7,35.5,35.5,35.4,47.5,35.2,35.4,35.6,35.2,35.2,35.6,35.3,35.2,35.3,47.5,35.4,35.4,35.3,35.2,35.2,35.2,35.6,35.5,35.4,47.4,35.1,35.2,35.3,35,35.2,35.2,35.5,35.3,35.4,47.6,35.5,35.4,35.3,35.4,35.3,35.4,35.4,35,35.3,47.5,35.3,35.2,35.2,35.6,35.4,35.4,36.1,36.2
0.0000522,28.51,35.4,35.4,35.3,35.5,35.3,35.3,35.4,35.5,35.1,35.4,47.4,35.7,35.8,35.2,35.5,35.4,35.7,35.3,35.3,35.5,47.4,35.5,35.3,35.1,35.4,35.3,35.3,35.3,35.5,35.4,47.5,35.4,35.7,35.7,35.5,35.6,35.5,35.1,35.4,35.3,47.4,35.5,35.4,35.1,35.7,35.2,35.5,35.4,35.3,35.3,47.5,35.1,35.5,35.5,35.3,35.1,35.6,35.3,35,35.3,47.4,35.5,35.3,35.3,35.3,35.4,35.2,35.6,35.3,35.4,47.5,35.1,35.3,35.4,35.2,35.3,35.4,35.6,35.2,35.4,47.5,35.5,35.4,35.4,35.4,35.5,35.3,35.4,35,35.2,47.5,35.3,35.3,35.3,35.4,35.5,35.5,36.2,36.2
0.0000524,25.2,35.5,35.7,35.4,35.4,35.4,35.3,35.3,35.5,35.3,35.3,47.4,35.5,35.7,35.2,35.3,35.2,35.6,35.5,35.3,35.7,47.5,35.5,35.6,35.2,35.4,35.3,35.3,35.3,35.6,35.4,47.5,35.3,35.6,35.5,35.6,35.5,35.5,35.2,35.4,35.2,47.4,35.7,35.3,35.1,35.7,35.2,35.4,35.4,35.4,35.3,47.4,35,35.5,35.3,35.3,35.2,35.7,35.4,35.1,35.3,47.5,35.4,35.2,35.2,35.3,35.4,35.1,35.6,35.3,35.3,47.4,35.1,35.4,35.4,35.3,35.4,35.4,35.6,35.4,35.5,47.5,35.2,35.3,35.4,35.4,35.4,35.3,35.4,35.1,35.2,47.4,35.3,35.3,35.4,35.3,35.4,35.5,36.3,36.1
0.0000526,24.03,35.5,35.9,35.4,35.4,35.4,35.3,35.3,35.5,35.8,35.4,47.4,35.5,35.6,35.4,35.3,35.1,35.7,35.6,35.3,35.9,47.4,35.5,35.8,35.2,35.5,35.3,35.4,35.2,35.4,35.5,47.4,35.3,35.5,35.6,35.7,35.4,35.4,35.4,35.4,35.2,47.4,35.7,35.6,35.2,35.6,35.3,35.3,35.7,35.3,35.3,47.4,34.9,35.5,35.5,35.3,35.2,35.6,35.4,35.3,35.3,47.5,35.3,35.3,35.2,35.5,35.5,35.2,35.5,35.1,35.3,47.5,35.1,35.6,35.5,35.4,35.4,35.3,35.5,35.3,35.4,47.4,35.2,35.3,35.5,35.3,35.6,35.2,35.4,35.3,35,47.5,35.2,35.5,35.4,35.2,35.4,35.7,36.2,36.2
0.0000528,23.99,35.7,35.8,35.4,35.2,35.6,35.4,35.3,35.5,36.1,35.4,47.6,35.4,35.5,35.4,35.1,35.1,35.6,35.6,35.4,35.9,47.4,35.6,35.7,35.4,35.6,35.5,35.5,35.3,35.3,35.5,47.5,35.3,35.3,35.4,35.6,35.3,35.6,35.6,35.4,35.2,47.5,35.7,35.7,35.3,35.4,35.5,35.2,35.5,35.3,35.3,47.4,35,35.5,35.5,35.2,35.4,35.7,35.3,35.4,35.3,47.5,35.3,35.3,35.5,35.3,35.5,35.2,35.3,35,35.4,47.5,35.2,35.6,35.5,35.5,35.5,35.4,35.4,35.4,35.4,47.4,35.1,35.3,35.5,35.3,35.6,35.1,35.4,35.4,35.1,47.6,35.3,35.7,35.5,35.2,35.4,35.5,36.2,36.2
0.000053,24.04,35.7,35.8,35.4,35.2,35.6,35.3,35.2,35.5,36.1,35.3,47.4,35.5,35.3,35.4,35,35.2,35.7,35.7,35.4,35.6,47.4,35.5,35.7,35.7,35.5,35.5,35.5,35.3,35.3,35.4,47.4,35.6,35.2,35.5,35.7,35.3,35.5,35.5,35.3,35.2,47.5,35.6,35.6,35.3,35.3,35.5,35.3,35.8,35.3,35.3,47.4,35.1,35.5,35.4,35.5,35.5,35.4,35.3,35.4,35.3,47.4,35.3,35.3,35.6,35.5,35.5,35.2,35.3,35.2,35.5,47.4,35.2,35.3,35.3,35.4,35.3,35.4,35.2,35.3,35.2,47.6,35.2,35.3,35.4,35.3,35.6,35.2,35.3,35.6,35.2,47.4,35.2,35.6,35.5,35.3,35.4,35.5,36.2,36.1
0.0000532,24.12,35.7,35.7,35.4,35.1,35.6,35.3,35.3,35.4,36.2,35.4,47.4,35.5,35.2,35.5,35,35.4,35.6,35.6,35.3,35.6,47.4,35.6,35.9,35.7,35.4,35.5,35.6,35.3,35.5,35.4,47.5,35.4,35.2,35.6,35.7,35.3,35.6,35.7,35.4,35.4,47.5,35.6,35.6,35.5,35.3,35.5,35.2,35.8,35.2,35.3,47.4,35.2,35.3,35.5,35.4,35.7,35.4,35.3,35.5,35.4,47.5,35.1,35.4,35.6,35.3,35.5,35.2,35.1,35.2,35.4,47.6,35.3,35.4,35.3,35.4,35.4,35.4,35.2,35.5,34.9,47.5,35.2,35.4,35.2,35.1,35.4,35.2,35.3,35.6,35.2,47.5,35.3,35.7,35.3,35.3,35.4,35.4,35.8,36.3
0.0000534,23.99,35.7,35.5,35.4,35.1,35.6,35.3,35.4,35.4,36.1,35.5,47.4,35.5,35.2,35.5,35.1,35.4,35.6,35.5,35.3,35.6,47.6,35.6,35.7,35.8,35.4,35.5,35.5,35.3,35.5,35.4,47.6,35.4,35.1,35.6,35.7,35.2,35.6,35.7,35.4,35.5,47.5,35.4,35.5,35.6,35.2,35.5,35.4,35.9,35.4,35.5,47.4,35.3,35.3,35.4,35.5,35.7,35.3,35.2,35.5,35.4,47.4,35.1,35.4,35.7,35.3,35.5,35.3,35.1,35.3,35.4,47.5,35.4,35.3,35.3,35.1,35.4,35.3,35.3,35.6,34.9,47.4,35.5,35.4,35,35.2,35.4,35.4,35.2,35.7,35.4,47.4,35.2,35.5,35.4,35.2,35.5,35.2,35.8,36.3
0.0000536,23.94,35.6,35.4,35.4,35.2,35.4,35.3,35.5,35.3,35.9,35.5,47.4,35.4,35.2,35.5,35.3,35.4,35.5,35.5,35.2,35.5,47.5,35.7,35.6,35.8,35.4,35.5,35.4,35.3,35.7,35.4,47.5,35.4,35,35.6,35.5,35.2,35.5,35.6,35.3,35.5,47.4,35.4,35.6,35.6,35.2,35.4,35.4,35.7,35.3,35.4,47.4,35.4,35.3,35.4,35.5,35.7,35.3,35.3,35.6,35.5,47.4,35.1,35.4,35.5,35.2,35.4,35.4,35.1,35.6,35.4,47.5,35.4,35.3,35.3,34.9,35.4,35.4,35.3,35.6,34.9,47.4,35.6,35.4,35.1,35.2,35.4,35.6,35.3,35.7,35.6,47.4,35.3,35.4,35.3,35.2,35.5,35.3,35.7,36.1
0.0000538,23.99,35.5,35.4,35.1,35.4,35.5,35.3,35.5,35.2,35.6,35.5,47.4,35.4,35.3,35.4,35.3,35.5,35.4,35.3,35.2,35.2,47.4,35.6,35.6,35.7,35.4,35.6,35.2,35.5,35.7,35.6,47.4,35.6,35.2,35.7,35.4,35.3,35.6,35.5,35.4,35.6,47.5,35.4,35.4,35.6,35.3,35.3,35.5,35.5,35.2,35.3,47.4,35.7,35.2,35.5,35.5,35.7,35.3,35.3,35.6,35.7,47.4,35.3,35.4,35.2,35.1,35.4,35.3,35.2,35.5,35.4,47.5,35.4,35.2,35.3,34.9,35.3,35.4,35.3,35.5,35.1,47.5,35.6,35.5,35,35.2,35.3,35.6,35.3,35.8,35.6,47.5,35.3,35.4,35.3,35.3,35.5,35.2,35.8,36.2
0.000054,24.04,35.3,35.3,35.3,35.6,35.3,35.3,35.5,35.1,35.4,35.4,47.4,35.4,35.5,35.2,35.6,35.4,35.4,35.3,35,35.1,47.4,35.7,35.6,35.3,35.3,35.5,35.3,35.4,35.5,35.5,47.4,35.6,35.2,35.7,35.2,35.4,35.6,35.2,35.5,35.6,47.5,35.2,35.6,35.4,35.3,35.3,35.3,35.4,35.4,35.4,47.5,35.8,35.3,35.4,35.5,35.7,35.2,35.4,35.6,35.7,47.4,35.2,35.3,35.4,35.1,35.3,35.4,35.3,35.6,35.4,47.4,35.3,35.2,35.2,34.7,35.2,35.4,35.1,35.4,35.3,47.4,35.6,35.5,35,35.1,35.2,35.6,35.4,35.6,35.6,47.5,35.3,35.1,35.3,35.2,35.5,35.2,35.9,36.1
0.0000542,23.99,35.3,35.4,35.4,35.7,35.2,35.3,35.5,35.2,35.2,35.4,47.4,35.2,35.7,35.3,35.6,35.5,35.4,35.2,35,35.1,47.4,35.5,35.6,35.2,35.3,35.6,35.3,35.4,35.4,35.7,47.4,35.5,35.4,35.7,35.2,35.5,35.6,35.4,35.4,35.7,47.4,35.3,35.3,35.2,35.4,35.3,35.4,35.2,35.4,35.5,47.5,35.9,35.3,35.6,35.4,35.4,35.3,35.4,35.4,35.7,47.5,35.3,35.3,35.3,35,35.2,35.4,35.4,35.7,35.5,47.4,35.4,35.2,35.1,34.9,35.4,35.4,35.1,35.4,35.4,47.5,35.7,35.4,35.1,35.1,35.1,35.6,35.4,35.6,35.5,47.5,35.3,35.2,35.2,35.2,35.6,35.3,36,36.1
0.0000544,24.03,35.3,35.5,35.3,35.8,35.3,35.2,35.5,35.4,35,35.5,47.4,35.2,35.8,35.3,35.6,35.4,35.4,35.3,35.3,35.2,47.5,35.5,35.3,35,35.3,35.6,35.2,35.5,35.3,35.7,47.5,35.5,35.3,35.6,35.2,35.5,35.6,35.2,35.5,35.6,47.4,35.3,35.5,35.3,35.5,35.4,35.4,35.2,35.5,35.4,47.4,36,35.4,35.3,35.2,35.4,35.3,35.5,35.6,35.7,47.4,35.3,35.5,35.2,35.2,35.1,35.4,35.4,35.6,35.3,47.6,35.3,35.3,35.1,35,35.4,35.4,35.1,35.1,35.6,47.5,35.7,35.4,35.4,35.1,35.1,35.5,35.4,35.4,35.4,47.5,35.3,35.2,35.3,35.3,35.5,35.3,36.1,35.9
0.0000546,24.04,35.2,35.6,35.3,35.8,35.2,35.5,35.5,35.4,35,35.5,47.4,35.2,35.6,35.3,35.5,35.4,35.4,35.4,35.3,35.3,47.5,35.4,35.4,35,35.5,35.5,35.2,35.4,35.2,35.7,47.4,35.5,35.6,35.6,35.2,35.4,35.5,35.2,35.7,35.6,47.5,35.4,35.5,35.3,35.5,35.3,35.3,35.2,35.4,35.3,47.4,35.8,35.4,35.4,35.2,35.3,35.3,35.3,35.6,35.5,47.5,35.3,35.5,35.2,35.3,35.1,35.3,35.4,35.5,35.4,47.4,35.1,35.3,35.1,35.1,35.4,35.4,35.3,35.1,35.6,47.4,35.7,35.4,35.5,35.1,35.2,35.3,35.4,35.4,35.5,47.4,35.4,35.3,35.3,35.3,35.4,35.4,36.2,36
0.0000548,23.99,35.3,35.6,35.4,35.7,35.3,35.4,35.4,35.8,35.1,35.4,47.5,35.2,35.7,35.3,35.3,35.3,35.7,35.5,35.5,35.5,47.5,35.4,35.3,35.1,35.4,35.2,35.2,35.4,35.2,35.5,47.4,35.5,35.6,35.4,35.4,35.3,35.5,35.2,35.7,35.5,47.4,35.4,35.6,35.5,35.4,35.2,35.3,35.1,35.4,35.5,47.4,35.9,35.4,35.4,35.2,35.3,35.3,35.3,35.6,35.4,47.4,35.1,35.4,35.3,35.4,35.3,35.2,35.4,35.3,35.3,47.6,35.2,35.3,34.9,35.2,35.3,35.3,35,35.1,35.5,47.4,35.6,35.4,35.7,35.1,35.3,35.3,35.4,35.3,35.3,47.6,35.4,35.3,35.4,35.4,35.5,35.3,36.2,35.8
0.000055,23.98,35.4,35.6,35.4,35.7,35.3,35.6,35.3,35.8,35.2,35.5,47.4,35.2,35.4,35.2,35.3,35.4,35.6,35.5,35.6,35.7,47.4,35.5,35.4,35.1,35.4,35.2,35.5,35.4,35.2,35.6,47.4,35.5,35.6,35.4,35.6,35.3,35.4,35.5,35.8,35.4,47.5,35.5,35.3,35.6,35.3,35.4,35.4,35.1,35.3,35.4,47.5,35.6,35.4,35.3,35.2,35.2,35.5,35.4,35.6,35.4,47.4,35.1,35.3,35.4,35.5,35.3,35.2,35.4,35.3,35.4,47.4,35.2,35.3,34.9,35.2,35.4,35.1,35.3,35.1,35.5,47.5,35.5,35.3,35.7,35.1,35.3,35.3,35.4,35,35.3,47.5,35.5,35.4,35.4,35.3,35.5,35.4,36.1,35.8
0.0000552,23.99,35.3,35.4,35.4,35.7,35.4,35.6,35.2,35.7,35.4,35.5,47.4,35.4,35.4,35.4,35,35.4,35.6,35.5,35.8,35.8,47.4,35.6,35.3,35.5,35.4,35.1,35.5,35.3,35.2,35.5,47.4,35.5,35.6,35.4,35.7,35.3,35.5,35.5,35.6,35.4,47.5,35.7,35.4,35.6,35.5,35.3,35.5,35.1,35.3,35.3,47.5,35.5,35.4,35.4,35.2,35.3,35.5,35.3,35.6,35.3,47.5,35.1,35.3,35.4,35.4,35.3,35.1,35.4,35.2,35.4,47.4,35.3,35.3,35.1,35.2,35.2,35.1,35.4,35.2,35.5,47.4,35.6,35.1,35.5,35.3,35.3,35.3,35.4,34.9,35.2,47.5,35.6,35.6,35.4,35.4,35.6,35.5,36.1,36
0.0000554,23.94,35.5,35.2,35.7,35.7,35.3,35.6,35.3,35.5,35.5,35.5,47.4,35.4,35.2,35.3,35.3,35.4,35.8,35.4,35.6,35.9,47.4,35.6,35.3,35.4,35.5,35.1,35.5,35.3,35.4,35.4,47.4,35.5,35.5,35.3,35.7,35.3,35.3,35.5,35.5,35.4,47.5,35.7,35.4,35.6,35.4,35.4,35.5,35.1,35.5,35.4,47.4,35.2,35.5,35.4,35.5,35.4,35.4,35.2,35.4,35,47.6,35.3,35.1,35.5,35.4,35.4,34.9,35.4,35.3,35.3,47.5,35.4,35.3,35.2,35.4,35.2,35.2,35.5,35.4,35.3,47.6,35.4,35,35.5,35.4,35.6,35.3,35.4,34.9,35.3,47.4,35.6,35.7,35.5,35.3,35.4,35.3,36.2,35.9
0.0000556,23.99,35.4,35.3,35.5,35.6,35.3,35.5,35.4,35.6,35.5,35.5,47.4,35.5,35.2,35.3,35.4,35.3,35.7,35.5,35.6,35.9,47.4,35.6,35.1,35.7,35.4,35.2,35.6,35.3,35.5,35.3,47.4,35.4,35.3,35.2,35.7,35.3,35.2,35.6,35.5,35.5,47.4,35.6,35.3,35.4,35.3,35.4,35.4,35,35.3,35.5,47.5,35.3,35.3,35.4,35.6,35.5,35.6,35.4,35.3,34.9,47.6,35.2,35.1,35.4,35.4,35.4,35,35.4,35.3,35.4,47.4,35.3,35.4,35.4,35.4,35.3,35.2,35.6,35.6,35.2,47.5,35.3,35.1,35.4,35.3,35.5,35.4,35.3,34.9,35.3,47.4,35.3,35.7,35.4,35.4,35.4,35.5,36,36.2
0.0000558,23.99,35.5,35,35.4,35.7,35.5,35.4,35.1,35.4,35.5,35.5,47.5,35.4,35.2,35.2,35.6,35.3,35.8,35.4,35.6,35.6,47.5,35.6,35.3,35.8,35.4,35.2,35.6,35.3,35.5,35.2,47.5,35.4,35.4,35.2,35.6,35.2,35.3,35.5,35.4,35.4,47.4,35.7,35.4,35.4,35.3,35.6,35.4,35,35.4,35.4,47.5,35.3,35.4,35.3,35.7,35.6,35.6,35.3,35.3,35,47.5,35.3,35.1,35.4,35.6,35.5,34.9,35.2,35.4,35.4,47.4,35.4,35.3,35.5,35.4,35.3,35.3,35.6,35.7,35.2,47.4,35.3,35.2,35.2,35.4,35.6,35.5,35.3,35.1,35.3,47.6,35.4,35.6,35.5,35.6,35.5,35.5,36.1,36.2
0.000056,24.04,35.4,35,35.5,35.7,35.5,35.3,35,35.4,35.4,35.5,47.4,35.4,35.1,35.2,35.7,35.4,35.8,35.5,35.4,35.2,47.4,35.5,35.3,35.7,35.5,35.2,35.5,35.2,35.6,35.4,47.4,35.4,35.4,35.1,35.5,35.3,35.3,35.5,35.2,35.4,47.5,35.5,35.4,35.6,35.3,35.6,35.5,35.1,35.3,35.5,47.5,35.3,35.4,35.4,35.6,35.5,35.7,35.3,35.3,35.3,47.5,35.3,35.3,35.4,35.5,35.3,35.2,35.3,35.3,35.3,47.5,35.2,35.3,35.6,35.4,35.3,35.4,35.6,35.7,35.2,47.5,35.2,35.1,35.1,35.4,35.3,35.5,35.3,35.4,35.2,47.4,35.3,35.5,35.4,35.6,35.5,35.5,36,36.2
0.0000562,23.94,35.5,35.1,35.5,35.7,35.4,35.5,35.2,35.5,35.4,35.5,47.5,35.5,35,35.3,35.8,35.6,35.7,35.4,35.3,34.9,47.4,35.2,35.3,35.7,35.4,35.5,35.4,35.5,35.7,35.5,47.5,35.4,35.3,35.1,35.3,35.2,35.5,35.4,35.1,35.5,47.4,35.4,35.4,35.6,35.3,35.6,35.5,35.2,35.3,35.4,47.4,35.3,35.4,35.3,35.7,35.7,35.7,35.3,35.1,35.3,47.4,35.5,35.3,35.3,35.5,35.3,35.3,35.3,35.3,35.6,47.5,35.4,35.3,35.5,35.4,35.4,35.6,35.5,35.9,35.1,47.4,35.2,35.3,35.1,35.4,35.2,35.6,35.3,35.6,35.4,47.5,35.3,35.5,35.4,35.6,35.3,35.5,36.1,36.1
0.0000564,23.94,35.4,35.1,35.6,35.6,35.2,35.4,35.3,35.5,35.4,35.5,47.4,35.5,35.3,35.2,35.6,35.6,35.5,35.5,35.3,34.7,47.5,35,35.3,35.5,35.4,35.7,35.4,35.5,35.6,35.7,47.4,35.4,35.2,35.1,35.3,35.3,35.6,35.5,35,35.6,47.5,35.5,35.4,35.5,35.4,35.6,35.5,35.3,35.2,35.4,47.5,35.5,35.2,35.3,35.5,35.7,35.6,35.3,35.3,35.5,47.5,35.4,35.5,35.4,35.5,35.1,35.4,35.3,35.2,35.6,47.5,35.4,35.3,35.6,35.4,35.4,35.5,35.3,35.9,35.2,47.4,35.2,35.4,35.1,35.4,35.1,35.6,35.3,35.7,35.3,47.5,35.2,35.4,35.4,35.5,35.3,35.4,36,36.3
0.0000566,23.89,35.3,35.3,35.4,35.5,35.5,35.5,35.3,35.4,35.3,35.5,47.4,35.4,35.3,35.2,35.6,35.6,35.4,35.4,35.3,34.6,47.4,35.1,35.2,35.3,35.5,35.8,35.4,35.5,35.5,35.8,47.4,35.4,35.3,35.3,35.2,35.3,35.6,35.5,35,35.5,47.5,35.5,35.4,35.6,35.4,35.4,35.5,35.5,35.2,35.4,47.6,35.6,35.3,35.4,35.4,35.6,35.5,35.3,35.3,35.5,47.5,35.5,35.7,35.4,35.6,35.2,35.6,35.4,35.2,35.6,47.4,35.4,35.2,35.4,35.4,35.4,35.4,35.2,35.9,35.4,47.4,35.1,35.4,35.1,35.4,35.1,35.3,35.3,35.9,35.4,47.6,35.3,35.3,35.3,35.5,35.3,35.5,36.1,36.1
0.0000568,23.89,35.2,35.5,35.5,35.3,35.4,35.6,35.5,35.5,35.2,35.5,47.6,35.6,35.4,35.3,35.3,35.5,35.4,35.4,35.3,34.9,47.4,35,35.3,35.3,35.4,35.8,35.4,35.4,35.2,35.9,47.4,35.3,35.5,35.3,35.2,35.4,35.5,35.3,35.2,35.4,47.5,35.5,35.5,35.5,35.5,35.3,35.5,35.8,35.2,35.4,47.5,35.7,35.4,35.3,35.3,35.5,35.4,35.3,35.2,35.6,47.4,35.5,35.6,35.3,35.5,35.3,35.6,35.4,35.3,35.6,47.5,35.5,35.1,35.4,35.4,35.2,35.3,35,36,35.3,47.4,35.2,35.4,35.2,35.3,35.1,35.4,35.4,35.8,35.4,47.6,35.2,35.3,35.4,35.4,35.2,35.2,36,36
0.000057,23.95,35.3,35.6,35.4,35.1,35.3,35.6,35.7,35.5,35.2,35.5,47.5,35.6,35.4,35.4,35.2,35.6,35.2,35.5,35.3,34.9,47.4,35,35.3,35.5,35.4,35.6,35.4,35.5,35.2,35.9,47.5,35.3,35.4,35.5,35.2,35.5,35.3,35.5,35.2,35.4,47.4,35.7,35.5,35.4,35.4,35.2,35.4,35.9,35.3,35.3,47.6,35.8,35.5,35.3,35.3,35.6,35.4,35.5,35.3,35.7,47.4,35.5,35.5,35.4,35.4,35.3,35.7,35.3,35.2,35.5,47.5,35.6,35.1,35.2,35.4,35.3,35.1,35,35.9,35.4,47.4,35.2,35.5,35.4,35.3,35.2,35.4,35.4,35.7,35.3,47.4,35.3,35.2,35.4,35.4,35.2,35.2,35.9,35.7
0.0000572,23.99,35.3,35.6,35.4,34.8,35.3,35.6,35.8,35.5,35.4,35.5,47.4,35.4,35.5,35.4,35.3,35.6,35.1,35.5,35.3,35.2,47.4,35,35.3,35.3,35.4,35.6,35.2,35.5,35.2,35.7,47.5,35.3,35.5,35.4,35.5,35.5,35.2,35.5,35.4,35.5,47.5,35.6,35.5,35.4,35.3,35.1,35.5,35.9,35.4,35.2,47.5,35.8,35.4,35.3,35.2,35.4,35.5,35.5,35.3,35.6,47.6,35.6,35.5,35.4,35.4,35.4,35.7,35.3,35.3,35.4,47.4,35.6,35.1,35.2,35.4,35.4,35.1,35,35.9,35.4,47.5,35.2,35.4,35.3,35.2,35.3,35.4,35.7,35.5,35.3,47.4,35.4,35.2,35.5,35.4,35.3,35.2,35.8,35.8
0.0000574,23.99,35.3,35.6,35.4,34.9,35.3,35.6,35.8,35.5,35.4,35.5,47.4,35.7,35.4,35.7,35.2,35.7,35.1,35.6,35.5,35.5,47.4,35.1,35.2,35.4,35.3,35.2,35.3,35.4,35.2,35.6,47.4,35.2,35.5,35.6,35.5,35.5,35,35.5,35.3,35.5,47.5,35.5,35.5,35.3,35.3,35,35.4,35.9,35.3,35.2,47.4,35.7,35.4,35.2,35.3,35.4,35.6,35.4,35.2,35.6,47.5,35.6,35.3,35.4,35.3,35.4,35.6,35.3,35.3,35.4,47.5,35.6,35.1,35.1,35.3,35.4,34.9,35.3,35.5,35.2,47.4,35.3,35.3,35.4,35.2,35.3,35.4,35.6,35.4,35.3,47.5,35.4,35.3,35.5,35.4,35.3,35.2,35.7,35.8
0.0000576,23.89,35.4,35.5,35.4,34.8,35.3,35.5,35.7,35.5,35.3,35.5,47.3,35.4,35.5,35.7,35.3,35.6,35.1,35.5,35.4,35.7,47.4,35.3,35.4,35.5,35.4,35.2,35.3,35.3,35.3,35.4,47.4,35.3,35.5,35.5,35.5,35.4,35,35.5,35.4,35.5,47.4,35.5,35.6,35.4,35.5,35,35.4,35.5,35.4,35.3,47.6,35.6,35.4,35.3,35.5,35.5,35.7,35.5,35.2,35.4,47.4,35.6,35.3,35.4,35.3,35.5,35.5,35.3,35.3,35.1,47.5,35.5,35.3,35.2,35.1,35.3,35,35.3,35.5,35.4,47.5,35.2,35.1,35.4,35.1,35.4,35.4,35.6,35.1,35.4,47.5,35.4,35.3,35.6,35.5,35.5,35.3,35.8,35.9
0.0000578,23.99,35.5,35.5,35.4,35.1,35.3,35.4,35.6,35.7,35.4,35.5,47.6,35.7,35.4,35.5,35.4,35.6,35.2,35.7,35.5,35.7,47.4,35.4,35.5,35.6,35.4,35,35.4,35.4,35.5,35.3,47.5,35.1,35.7,35.4,35.8,35.3,35.1,35.6,35.5,35.5,47.5,35.4,35.7,35.4,35.5,35.2,35.4,35.3,35.2,35.3,47.6,35.5,35.4,35.3,35.6,35.4,35.7,35.4,35,35.3,47.4,35.6,35.4,35.4,35.3,35.6,35.3,35.3,35.3,35,47.4,35.4,35.3,35.3,35.4,35.4,35.1,35.5,35.2,35.3,47.6,35.3,35,35.4,35.1,35.6,35.4,35.5,35.1,35.3,47.4,35.3,35.4,35.6,35.5,35.6,35.4,35.9,36
0.000058,23.94,35.5,35.4,35.6,35.2,35.3,35.4,35.4,35.4,35.3,35.5,47.4,35.6,35.4,35.6,35.5,35.4,35.4,35.4,35.3,35.8,47.5,35.5,35.4,35.7,35.4,35.1,35.4,35.3,35.5,35.3,47.4,35.2,35.6,35.4,35.8,35.3,35.4,35.5,35.6,35.5,47.5,35.5,35.7,35.4,35.6,35.3,35.3,35.2,35.3,35.3,47.4,35.4,35.3,35.3,35.7,35.5,35.7,35.3,35.1,35.3,47.5,35.5,35.2,35.4,35.3,35.5,35.4,35.5,35.3,34.8,47.5,35.2,35.5,35.5,35.3,35.2,35.4,35.6,35.3,35.2,47.4,35.3,35.1,35.4,35.4,35.6,35.5,35.3,34.8,35.4,47.4,35.3,35.4,35.6,35.7,35.7,35.5,36,35.8
0.0000582,23.99,35.7,35.5,35.6,35.5,35.4,35.4,35.4,35.4,35.4,35.3,47.4,35.5,35.3,35.5,35.4,35.2,35.1,35.5,35.4,35.7,47.4,35.7,35.5,35.6,35.4,35.3,35.4,35.3,35.6,35.3,47.5,35.3,35.7,35.4,35.8,35.3,35.5,35.4,35.5,35.4,47.6,35.4,35.7,35.4,35.6,35.6,35.4,34.9,35.3,35.3,47.4,35.1,35.3,35.4,35.8,35.4,35.7,35.3,35.1,35.2,47.4,35.4,35.3,35.4,35.5,35.3,35.3,35.6,35.3,34.9,47.4,35.2,35.6,35.5,35.4,35.2,35.4,35.6,35.4,35.2,47.4,35.5,35.1,35.4,35.4,35.5,35.4,35.2,35,35.4,47.4,35.3,35.4,35.6,35.8,35.6,35.6,36.1,36
0.0000584,23.99,35.5,35.4,35.6,35.6,35.4,35.3,35.2,35.4,35.5,35.3,47.5,35.6,35.3,35.5,35.5,35.2,35.4,35.5,35.5,35.6,47.5,35.7,35.6,35.4,35.5,35.4,35.5,35.4,35.6,35.4,47.4,35.3,35.6,35.3,35.5,35.5,35.8,35.5,35.4,35.3,47.5,35.4,35.7,35.4,35.3,35.8,35.4,35,35.2,35.4,47.5,35.1,35.4,35.3,35.7,35.4,35.5,35.3,35.3,35.4,47.4,35.5,35.3,35.4,35.4,35.2,35.3,35.6,35.3,35,47.3,35.1,35.6,35.7,35.4,35.2,35.5,35.6,35.3,35.2,47.6,35.3,35.3,35.2,35.5,35.6,35.3,35.1,35.1,35.5,47.4,35.4,35.4,35.5,35.8,35.6,35.6,36.2,36
0.0000586,23.99,35.6,35.4,35.7,35.6,35.5,35.5,35.2,35.4,35.6,35.3,47.4,35.4,35.4,35.2,35.5,35.3,35.3,35.4,35.3,35.7,47.5,35.6,35.8,35.5,35.4,35.7,35.4,35.4,35.6,35.3,47.4,35.2,35.4,35.4,35.5,35.4,35.8,35.4,35.3,35.4,47.4,35.4,35.7,35.5,35.4,35.8,35.4,35.2,35.2,35.3,47.5,35,35.3,35.3,35.7,35.4,35.3,35.3,35.3,35.2,47.5,35.5,35.4,35.3,35.6,35,35.2,35.6,35.2,35.1,47.4,34.9,35.6,35.5,35.3,35.1,35.6,35.5,35.4,35.3,47.4,35.4,35.4,35.2,35.6,35.5,35.4,35.1,35.4,35.5,47.5,35.4,35.5,35.5,35.8,35.5,35.6,36.1,36.1
0.0000588,24.03,35.4,35.4,35.7,35.8,35.4,35.4,35.5,35.4,35.7,35.4,47.5,35.4,35.5,35.2,35.4,35.3,35.2,35.4,35.3,35.5,47.4,35.6,35.8,35.2,35.5,35.7,35.5,35.6,35.5,35.5,47.5,35.2,35.5,35.3,35.2,35.5,35.7,35.4,35.4,35.3,47.4,35.4,35.4,35.4,35.4,35.7,35.5,35.3,35.2,35.3,47.5,35,35.4,35.4,35.7,35.4,35.1,35.5,35.5,35.1,47.6,35.4,35.4,35.3,35.5,35.1,35.4,35.6,35.2,35.3,47.4,35,35.4,35.5,35.3,35.1,35.5,35.3,35.6,35.4,47.5,35.4,35.4,35.1,35.6,35.3,35.4,35,35.5,35.4,47.5,35.4,35.4,35.5,35.8,35.4,35.6,36.1,35.9
0.000059,23.94,35.4,35.5,35.6,35.2,35.4,35.5,35.5,35.4,35.5,35.4,47.4,35.2,35.4,35.1,35.3,35.4,35.2,35.5,35.3,35.4,47.5,35.4,35.6,35.7,35.6,35.7,35.5,35.6,35.4,35.5,47.5,35.3,35.4,35.4,35.2,35.2,35.7,35.4,35.4,35.2,47.4,35.4,35.3,35.5,35.3,35.6,35.6,35.4,35.3,35.4,47.4,34.9,35.3,35.3,35.6,35.4,35.2,35.4,35.5,35.1,47.4,35.5,35.5,35.4,35.5,35.6,35.6,35.4,35,35.5,47.4,35.1,35.9,35.4,35.2,35.2,35.7,35.4,35.7,35.5,47.5,35.3,35.7,35.2,35.6,35.4,35.4,35.1,35.3,35.6,47.4,35.5,35,35.4,35.7,35.3,35.4,36,35.8
0.0000592,23.99,35.2,35.4,35.6,35.3,35.5,35.6,35.8,35.4,35.3,35.3,47.5,35.4,35.5,35,35.2,35.6,35.4,35.4,35.3,35.5,47.4,35.4,35.5,35.6,35.4,35.7,35.4,35.5,35.4,35.6,47.4,35.3,35.2,35.4,35,35.4,35.5,35.4,35.2,35.5,47.4,35.5,35.2,35.4,35.3,35.4,35.5,35.6,35.2,35.4,47.4,35.3,35.3,35.3,35.6,35.5,34.9,35.4,35.3,35.3,47.5,35.6,35.5,35.4,35.5,35.6,35.6,35.3,35.1,35.4,47.3,35.1,35.8,35.3,35.2,35.2,35.4,35.3,35.7,35.5,47.5,35.5,35.5,35.1,35.5,35.3,35.7,35.2,35.4,35.5,47.5,35.5,35.3,35.5,35.7,35.2,35.2,35.9,35.8
0.0000594,23.98,35.1,35.3,35.4,35.4,35.3,35.6,35.9,35.4,35.3,35.4,47.4,35.4,35.4,35.1,35,35.6,35.5,35.5,35.3,35.4,47.5,35.5,35.4,35.3,35.5,35.4,35.4,35.5,35.2,35.5,47.4,35.2,35.2,35.6,35.2,35.4,35.2,35.5,35.2,35.4,47.6,35.5,35.1,35.4,35.3,35.3,35.5,35.4,35.4,35.3,47.5,35.4,35.4,35.2,35.5,35.5,35,35.4,35.5,35.4,47.5,35.5,35.4,35.4,35.3,35.5,35.6,35.1,35.1,35.6,47.4,35.4,35.7,35,35.1,35.4,35.5,35.3,35.8,35.4,47.5,35.4,35.5,35.2,35.4,35.2,35.8,35.3,35.4,35.6,47.5,35.5,35.4,35.3,35.4,35.1,35.4,35.7,35.8
0.0000596,23.94,35,35.2,35.3,35.5,35.5,35.6,35.9,35.4,35.3,35.4,47.5,35.7,35.5,35.2,35.2,35.6,35.4,35.4,35.3,35.5,47.4,35.4,35.3,35.2,35.5,35.5,35.2,35.4,35.2,35.6,47.4,35.3,35.2,35.5,35.2,35.5,35.1,35.4,35.2,35.7,47.4,35.6,35.1,35.4,35.3,35.3,35.5,35.5,35.5,35.2,47.5,35.6,35.4,35.2,35.6,35.5,35.1,35.3,35.5,35.4,47.5,35.5,35.7,35.4,35.4,35.6,35.5,34.7,35.2,35.6,47.3,35.4,35.4,35,35.1,35.4,35.5,35.4,35.7,35.5,47.4,35.2,35.5,35.3,35.3,35.1,35.9,35.4,35.3,35.6,47.5,35.6,35.6,35.3,35.3,35.2,35.4,35.7,35.8
0.0000598,23.98,35.1,35.3,35.4,35.6,35.5,35.3,35.9,35.6,35.5,35.4,47.5,35.7,35.5,35.2,35.2,35.5,35.4,35.4,35.3,35.4,47.4,35.5,35.3,35.2,35.5,35.3,35.3,35.3,35.2,35.6,47.4,35.4,35.2,35.7,35.1,35.5,35.2,35.4,35.3,35.8,47.5,35.6,35.1,35.4,35.3,35.3,35.7,35.4,35.3,35.1,47.4,35.7,35.3,35.3,35.6,35.4,35.1,35.4,35.4,35.4,47.5,35.5,35.6,35.4,35.4,35.5,35.4,34.8,35.3,35.7,47.4,35.5,35.4,35,35.2,35.4,35.6,35.5,35.8,35.5,47.4,35.3,35.6,35.6,35.3,35.3,35.8,35.5,35.4,35.7,47.4,35.3,35.7,35.4,35.2,35.3,35.5,35.6,35.8
0.00006,24.03,35.2,35.2,35.2,35.5,35.3,35.3,35.6,35.4,35.6,35.4,47.4,35.8,35.5,35.3,35.2,35.5,35.5,35.4,35.5,35.5,47.5,35.6,35.4,35.2,35.7,35.3,35.5,35.3,35.4,35.5,47.4,35.5,35.3,35.5,35.3,35.5,35.2,35.5,35.4,35.9,47.4,35.4,35.3,35.4,35.3,35.3,35.7,35.5,35.4,35.1,47.4,35.7,35.3,35.3,35.5,35.4,35.3,35.3,35.5,35.5,47.4,35.6,35.8,35.3,35.5,35.4,35.4,34.7,35.3,35.9,47.4,35.4,35.2,35.1,35.3,35.4,35.6,35.5,35.7,35.6,47.4,35.3,35.5,35.7,35,35.3,35.8,35.6,35.3,35.8,47.5,35.4,35.8,35.4,35.2,35.5,35.6,35.6,35.8
0.0000602,23.94,35.3,35.2,35.3,35.5,35.4,35.2,35.5,35.6,35.7,35.4,47.5,35.8,35.7,35.5,35.3,35.5,35.7,35.5,35.3,35.5,47.4,35.5,35.3,35.2,35.7,35.5,35.5,35.3,35.3,35.6,47.4,35.6,35.4,35.6,35.3,35.5,35.3,35.3,35.4,35.9,47.4,35.6,35.4,35.2,35.2,35.4,35.5,35.4,35.5,35.3,47.5,35.7,35.4,35.3,35.5,35.4,35.4,35.3,35.7,35.4,47.4,35.5,35.8,35.4,35.6,35.4,35.3,34.9,35.3,36,47.5,35.4,35.1,35.3,35.3,35.3,35.7,35.6,35.5,35.6,47.6,35.3,35.6,35.7,35.2,35.3,35.8,35.5,35.3,35.7,47.4,35.4,36,35.5,35.3,35.6,35.7,35.8,35.8
0.0000604,23.9,35.4,35.2,35.3,35.4,35.4,35,35.5,35.5,35.7,35.4,47.5,35.8,35.7,35.4,35.6,35.5,35.6,35.5,35.4,35.4,47.4,35.5,35.5,35.5,35.7,35.5,35.5,35.3,35.5,35.4,47.4,35.6,35.5,35.5,35.5,35.5,35.5,35.3,35.4,35.9,47.5,35.6,35.4,35.3,35.3,35.4,35.6,35.5,35.6,35.4,47.4,35.4,35.4,35.3,35.5,35.4,35.5,35.3,35.7,35.4,47.5,35.5,35.8,35.3,35.5,35.3,35.1,35,35.3,36.1,47.4,35.5,35.2,35.3,35.4,35.4,35.5,35.6,35.4,35.8,47.5,35.2,35.6,35.8,35.3,35.4,35.7,35.6,35.4,35.7,47.4,35.2,35.9,35.2,35.5,35.7,35.6,35.8,35.8
0.0000606,23.99,35.4,35.5,35.6,35.3,35.4,35.5,35.3,35.4,35.8,35.4,47.5,35.7,35.4,35.1,35.3,35.2,35.2,35.5,35.3,35.4,47.5,35.4,35.6,35.6,35.6,35.7,35.5,35.3,35.4,35.5,47.4,35.5,35.4,35.4,35.2,35.4,35.7,35.4,35.4,35.8,47.5,35.4,35.3,35.5,35.3,35.6,35.6,35.5,35.3,35.4,47.5,34.9,35.3,35.3,35.5,35.4,35.2,35.4,35.5,35.1,47.5,35.4,35.5,35.4,35.5,35.2,35.6,35.4,35,36,47.5,35.1,35.2,35.4,35.2,35.2,35.6,35.4,35.5,35.7,47.4,35.3,35.6,35.2,35.6,35.4,35.6,35.1,35.3,35.8,47.4,35.5,35.7,35.4,35.5,35.3,35.6,35.8,35.8
0.0000608,23.94,35.2,35.4,35.6,35.5,35.5,35.6,35.2,35.4,35.7,35.3,47.5,35.7,35.5,35,35.2,35.3,35.4,35.4,35.3,35.5,47.4,35.4,35.5,35.7,35.4,35.7,35.4,35.3,35.4,35.6,47.5,35.6,35.2,35.4,35,35.5,35.5,35.4,35.2,35.6,47.4,35.5,35.2,35.5,35.3,35.4,35.5,35.5,35.2,35.4,47.5,35.3,35.3,35.3,35.4,35.5,34.9,35.4,35.5,35.3,47.4,35.3,35.5,35.4,35.5,35.4,35.6,35.3,35.1,35.8,47.4,35.1,35.4,35.3,35.2,35.2,35.4,35.3,35.5,35.7,47.5,35.5,35.5,35.1,35.5,35.3,35.5,35.2,35.4,35.7,47.4,35.5,35.6,35.5,35.7,35.2,35.6,35.8,35.8
0.000061,23.99,35.1,35.3,35.4,35.4,35.3,35.6,35.2,35.4,35.6,35.4,47.4,35.6,35.4,35.1,35,35.4,35.5,35.5,35.3,35.4,47.5,35.5,35.4,35.7,35.5,35.4,35.4,35.3,35.2,35.5,47.4,35.4,35.2,35.6,35.2,35.3,35.2,35.5,35.2,35.2,47.4,35.5,35.1,35.4,35.3,35.3,35.5,35.7,35.4,35.3,47.4,35.4,35.4,35.2,35.4,35.5,35,35.4,35.5,35.4,47.4,35.2,35.4,35.4,35.3,35.5,35.6,35.1,35.1,35.6,47.5,35.4,35.5,35,35.1,35.4,35.7,35.3,35.6,35.5,47.4,35.4,35.5,35.2,35.4,35.2,35.5,35.3,35.4,35.6,47.4,35.5,35.3,35.3,35.7,35.1,35.5,35.8,35.8
0.0000612,23.99,35,35.2,35.3,35.6,35.5,35.6,35.2,35.4,35.4,35.4,47.4,35.3,35.5,35.2,35.2,35.6,35.4,35.4,35.3,35.5,47.4,35.4,35.3,35.9,35.5,35.5,35.2,35.4,35.2,35.6,47.5,35.4,35.2,35.5,35.2,35.3,35.1,35.4,35.2,35.2,47.4,35.6,35.1,35.6,35.3,35.3,35.5,35.6,35.5,35.2,47.5,35.6,35.4,35.2,35.5,35.5,35.1,35.3,35.4,35.4,47.5,35,35.7,35.4,35.4,35.6,35.5,34.7,35.2,35.6,47.4,35.4,35.6,35,35.1,35.4,35.7,35.4,35.7,35.4,47.5,35.2,35.6,35.3,35.3,35.1,35.7,35.4,35.3,35.7,47.3,35.6,35.2,35.3,35.8,35.2,35.5,35.7,35.8
0.0000614,23.99,35.1,35.3,35.4,35.7,35.5,35.3,35.3,35.6,35.3,35.4,47.6,35.5,35.5,35.2,35.2,35.7,35.4,35.4,35.3,35.4,47.4,35.5,35.3,35.8,35.5,35.3,35.3,35.4,35.2,35.6,47.4,35.3,35.2,35.7,35.1,35.3,35.2,35.4,35.3,35.2,47.5,35.6,35.1,35.7,35.3,35.3,35.7,35.6,35.3,35.1,47.4,35.7,35.3,35.3,35.5,35.4,35.1,35.4,35.4,35.4,47.4,35,35.6,35.4,35.4,35.7,35.4,34.8,35.3,35.3,47.4,35.5,35.6,35,35.2,35.4,35.5,35.5,35.7,35.3,47.5,35.3,35.6,35.6,35.3,35.3,35.6,35.5,35.4,35.5,47.4,35.3,35.1,35.4,35.6,35.3,35.3,35.6,35.8
0.0000616,23.99,35.2,35.2,35.2,35.7,35.3,35.3,35.3,35.4,35.2,35.4,47.4,35.3,35.5,35.3,35.2,35.8,35.5,35.4,35.5,35.5,47.4,35.6,35.4,35.7,35.7,35.3,35.5,35.6,35.4,35.5,47.3,35.3,35.3,35.5,35.3,35.4,35.2,35.5,35.4,35.2,47.4,35.4,35.3,35.7,35.3,35.3,35.7,35.7,35.4,35.1,47.5,35.7,35.3,35.3,35.6,35.4,35.3,35.3,35.3,35.5,47.5,35.2,35.8,35.3,35.5,35.8,35.4,34.7,35.3,35.1,47.5,35.4,35.7,35.1,35.3,35.4,35.6,35.5,35.7,35.2,47.5,35.3,35.5,35.7,35,35.3,35.4,35.6,35.3,35.6,47.6,35.4,35.1,35.4,35.6,35.5,35.3,35.6,35.8
0.0000618,23.94,35.3,35.2,35.3,35.6,35.4,35.2,35.5,35.6,35.3,35.4,47.4,35.5,35.7,35.5,35.3,35.8,35.7,35.5,35.3,35.5,47.5,35.5,35.3,35.6,35.7,35.5,35.5,35.6,35.3,35.6,47.5,35.3,35.4,35.6,35.3,35.5,35.3,35.3,35.4,35.3,47.5,35.6,35.4,35.9,35.2,35.4,35.5,35.8,35.5,35.3,47.4,35.7,35.4,35.3,35.8,35.4,35.4,35.3,35.3,35.4,47.5,35.4,35.8,35.4,35.6,35.8,35.3,34.9,35.3,35.2,47.4,35.4,35.7,35.3,35.3,35.3,35.5,35.6,35.7,35.2,47.5,35.3,35.5,35.7,35.2,35.3,35.4,35.5,35.3,35.6,47.4,35.4,35.3,35.5,35.6,35.6,35.5,35.5,35.8
0.000062,23.99,35.4,35.2,35.3,35.6,35.4,35,35.3,35.5,35.4,35.4,47.4,35.6,35.7,35.4,35.6,35.9,35.6,35.5,35.4,35.4,47.4,35.5,35.5,35.5,35.7,35.5,35.5,35.6,35.5,35.4,47.4,35.5,35.5,35.5,35.5,35.5,35.5,35.3,35.4,35.4,47.4,35.6,35.4,35.6,35.3,35.4,35.6,35.8,35.6,35.4,47.4,35.4,35.4,35.3,35.8,35.4,35.5,35.3,35.4,35.4,47.5,35.5,35.8,35.3,35.5,35.5,35.1,35,35.3,35.3,47.4,35.5,35.6,35.3,35.4,35.4,35.5,35.6,35.8,35.3,47.5,35.2,35.4,35.8,35.3,35.4,35.4,35.6,35.4,35.6,47.4,35.2,35.3,35.2,35.6,35.7,35.6,35.7,35.7
0.0000622,23.99,35.3,35.1,35.4,35.5,35.2,35.6,35.4,35.4,35.4,35.5,47.4,35.6,35.1,35.2,35.4,35.9,35.5,35.5,35.6,35.3,47.5,35.4,35.5,35.5,35.4,35.3,35.3,35.7,35.5,35.6,47.4,35.4,35.3,35.7,35.7,35.5,35.5,35.7,35.5,35.5,47.4,35.4,35.6,35.6,35.7,35.2,35.5,35.7,35.7,35.3,47.4,35.6,35.5,35.4,35.6,35.4,35.4,35.5,35.5,35.7,47.5,35.7,35.4,35.7,35.7,35.4,35.3,35.7,35.6,35.1,47.4,35.6,35.4,35.7,35.3,35.4,35.5,35.5,35.7,35.2,47.4,35.5,35.6,35.4,35.6,35.2,35.5,35.4,35.8,35.5,47.5,35.6,35.7,35.5,35.6,35.5,35.7,35.8,35.8
0.0000624,23.99,35.5,35,35.4,35.5,35.2,35.6,35.4,35.4,35.7,35.5,47.4,35.7,35.2,35.3,35.6,35.8,35.5,35.5,35.5,35.5,47.4,35.5,35.6,35.3,35.6,35.3,35.3,35.7,35.5,35.6,47.4,35.5,35.2,35.6,35.5,35.5,35.3,35.8,35.6,35.5,47.4,35.4,35.5,35.4,35.8,35.4,35.6,35.8,35.6,35.3,47.5,35.4,35.4,35.3,35.5,35.4,35.4,35.6,35.4,35.7,47.4,35.8,35.3,35.3,35.6,35.3,35.3,35.7,35.6,35.1,47.4,35.5,35.5,35.6,35.3,35.5,35.4,35.4,35.7,35.4,47.4,35.2,35.5,35.3,35.6,35.3,35.5,35.5,35.9,35.2,47.4,35.5,35.7,35.5,35.8,35.7,35.8,35.9,35.8
0.0000626,23.89,35.5,34.7,35.4,35.5,35.2,35.5,35.5,35.6,35.8,35.5,47.5,35.7,35.3,35.4,35.6,35.5,35.7,35.5,35.4,35.7,47.4,35.4,35.5,35.3,35.6,35.2,35.3,35.7,35.6,35.6,47.4,35.5,35.5,35.5,35.6,35.6,35.4,35.7,35.4,35.5,47.5,35.4,35.6,35.4,35.8,35.5,35.5,35.6,35.5,35.4,47.5,35.4,35.5,35.4,35.5,35.3,35.5,35.5,35.5,35.7,47.4,35.9,35.2,35.2,35.7,35.2,35.1,35.8,35.6,35,47.5,35.5,35.4,35.6,35.3,35.5,35.7,35.4,35.5,35.5,47.4,35.1,35.4,35.3,35.7,35.4,35.5,35.5,35.9,35.3,47.4,35.6,35.8,35.5,35.8,35.5,35.7,36.1,35.8
0.0000628,23.99,35.5,35,35.4,35.4,35.4,35.5,35.5,35.5,35.8,35.5,47.4,35.4,35.4,35.5,35.4,35.3,35.5,35.4,35.6,35.8,47.3,35.5,35.6,35.3,35.5,35.3,35.4,35.7,35.6,35.6,47.4,35.5,35.5,35.4,35.3,35.5,35.5,35.8,35.5,35.5,47.5,35.4,35.6,35.4,35.6,35.6,35.5,35.5,35.5,35.3,47.6,35.3,35.5,35.3,35.5,35.5,35.4,35.5,35.5,35.7,47.4,35.8,35.2,35.2,35.7,35.2,34.9,35.6,35.8,35.1,47.4,35.5,35.3,35.6,35.3,35.5,35.6,35.4,35.4,35.5,47.4,35.1,35.5,35.3,35.7,35.5,35.5,35.6,35.7,35.2,47.4,35.6,35.8,35.6,35.8,35.6,35.8,36,35.8
0.000063,24.04,35.6,35.2,35.6,35.3,35.5,35.6,35.5,35.6,35.9,35.5,47.5,35.2,35.6,35.6,35.6,35.2,35.4,35.5,35.6,35.8,47.6,35.4,35.5,35.2,35.7,35.3,35.4,35.5,35.5,35.5,47.3,35.6,35.7,35.5,35.2,35.7,35.2,35.7,35.5,35.6,47.6,35.7,35.6,35.3,35.5,35.6,35.4,35.4,35.5,35.4,47.4,35.1,35.5,35.3,35.3,35.6,35.4,35.5,35.5,35.6,47.4,35.7,35.2,35.2,35.6,35.2,35,35.5,35.7,35.2,47.4,35.5,35.3,35.7,35.4,35.7,35.7,35.4,35.1,35.7,47.5,35.1,35.5,35.4,35.8,35.7,35.5,35.6,35.7,35.2,47.5,35.6,35.7,35.7,35.7,35.4,35.7,36.1,35.8
0.0000632,23.99,35.5,35.4,35.6,35.4,35.6,35.4,35.5,35.6,35.7,35.5,47.5,35.3,35.7,35.7,35.5,35.2,35.5,35.5,35.6,35.7,47.4,35.5,35.4,35.1,35.5,35.3,35.5,35.5,35.3,35.7,47.4,35.3,35.7,35.2,35.1,35.7,35.3,35.7,35.7,35.6,47.6,35.5,35.6,35.4,35.4,35.7,35.4,35.2,35.5,35.5,47.5,35.2,35.5,35.3,35.2,35.5,35.3,35.5,35.5,35.5,47.4,35.6,35.3,35.4,35.6,35.2,35.1,35.5,35.5,35.4,47.5,35.6,35.4,35.7,35.6,35.7,35.6,35.5,35.1,35.6,47.4,35.3,35.6,35.6,35.7,35.7,35.5,35.6,35.5,35.2,47.5,35.5,35.3,35.7,35.8,35.4,35.5,35.9,35.8
0.0000634,23.99,35.5,35.6,35.6,35.5,35.7,35.3,35.5,35.6,35.5,35.5,47.4,35.4,35.8,35.6,35.6,35.2,35.6,35.6,35.5,35.6,47.4,35.5,35.4,35.2,35.5,35.3,35.7,35.6,35.2,35.5,47.4,35.3,35.7,35.3,35.2,35.5,35.5,35.7,35.6,35.7,47.6,35.6,35.6,35.5,35.3,35.8,35.4,35.2,35.3,35.4,46.7,35.1,35.6,35.3,35.2,35.7,35.2,35.5,35.4,35.4,47.4,35.3,35.5,35.5,35.7,35.4,35.3,35.2,35.4,35.4,47.4,35.5,35.4,35.8,35.7,35.8,35.5,35.5,35.1,35.6,47.5,35.5,35.5,35.8,35.8,35.7,35.5,35.5,35.3,35.3,47.5,35.4,35.2,35.6,35.7,35.4,35.4,35.7,35.8
0.0000636,23.99,35.6,35.8,35.6,35.8,35.7,35.3,35.5,35.6,35.4,35.5,47.4,35.4,35.8,35.6,35.6,35.4,35.5,35.6,35.6,35.5,47.4,35.4,35.3,35.1,35.7,35.3,35.6,35.5,35.2,35.6,47.4,35.1,35.8,35.5,35.3,35.5,35.5,35.7,35.6,35.5,47.4,35.7,35.6,35.7,35.3,35.7,35.4,35.3,35.3,35.4,47.4,35.3,35.5,35.2,35.2,35.7,35.3,35.4,35.6,35.3,47.4,35.3,35.5,35.7,35.8,35.5,35.4,35.2,35.5,35.5,47.4,35.6,35.3,35.8,35.7,35.6,35.6,35.4,35.1,35.5,47.5,35.5,35.5,35.8,35.5,35.7,35.5,35.5,35.4,35.5,47.5,35.5,35,35.6,35.7,35.4,35.6,35.6,35.8
0.0000638,24.12,35.5,35.9,35.5,35.9,35.6,35.3,35.4,35.6,35.2,35.5,47.5,35.4,35.8,35.4,35.6,35.4,35.5,35.6,35.5,35.5,47.4,35.4,35.3,35.2,35.5,35.3,35.7,35.5,35.2,35.6,47.5,35.1,35.6,35.6,35.4,35.6,35.5,35.7,35.6,35.4,47.6,35.7,35.6,39.9,35.2,35.5,35.4,35.4,35.2,35.4,47.5,35.4,35.5,35.3,35.4,35.7,35.4,35.5,35.6,35.2,47.3,35.8,35.5,35.8,35.8,35.5,35.8,35.3,35.4,35.7,47.4,35.6,35.4,35.9,35.6,35.6,35.4,35.4,35.3,35.5,47.4,35.6,35.6,35.8,35.5,35.7,35.6,35.5,35.2,35.7,47.4,35.5,34.9,35.7,35.6,35.4,35.5,35.6,35.8
0.000064,24.11,35.5,35.8,35.6,35.9,35.6,35.4,35.5,35.5,35.2,35.5,47.5,35.6,35.7,35.3,35.3,35.7,35.7,35.6,35.3,35.5,47.4,35.4,35.1,35.3,35.5,35.3,35.7,35.4,35.2,35.6,47.4,35,35.5,35.7,35.5,35.6,35.5,35.6,35.5,35.4,47.4,35.7,35.6,45.8,35.3,35.8,35.4,35.4,35.3,35.3,47.4,35.5,35.5,35.6,35.4,35.6,35.6,35.3,35.5,35.2,47.4,39.3,35.8,35.8,35.7,35.6,35.9,35.5,35.4,35.8,47.6,35.6,35.4,35.8,35.6,35.4,35.6,35.4,35.4,35.4,47.4,35.7,35.6,35.7,35.5,35.8,35.5,35.6,35.3,35.7,47.4,35.4,35.1,35.5,35.6,35.5,35.6,35.3,35.8
0.0000642,24.21,35.4,35.5,35.5,36,35.5,35.3,35.5,35.4,35.4,35.5,47.6,35.7,35.7,35.3,35.1,35.7,35.4,35.6,35.3,35.6,47.5,35.5,35.3,35.5,35.6,35.3,35.7,35.6,35.3,35.6,47.5,35.2,35.4,35.7,35.8,35.4,35.5,35.5,35.6,35.5,47.4,35.6,35.5,47.4,35.5,35.5,35.4,35.5,35.2,35.3,47.4,35.7,35.3,35.6,35.5,35.6,35.6,35.5,35.7,35.3,47.4,46.4,35.8,35.6,35.7,35.5,36,35.5,35.4,35.7,47.6,35.5,35.5,35.6,35.6,35.3,35.7,35.4,35.6,35.5,48.1,35.7,35.7,35.5,35.5,35.8,35.4,35.5,35.3,35.8,47.5,35.3,35.2,35.5,35.5,35.5,35.6,35.6,35.8
0.0000644,24.21,35.4,35.4,35.4,35.8,35.4,35.4,35.7,35.3,35.4,35.4,47.4,35.6,35.5,35.3,35.3,35.7,35.6,35.7,35.3,35.7,47.4,35.4,35.3,35.5,35.4,35.4,35.6,35.5,35.5,35.5,47.4,35.2,35.4,35.7,35.9,35.6,35.5,35.5,35.5,35.5,47.7,35.7,35.6,47.6,35.5,35.5,35.4,35.5,35.4,35.3,47.5,35.8,35.5,35.6,35.5,35.5,35.9,35.5,35.6,35.4,47.4,47.4,35.8,35.7,35.7,35.5,35.7,35.5,35.4,35.9,47.5,35.5,35.6,35.4,35.4,35,35.7,35.4,36.2,35.4,47.4,35.6,35.5,35.6,35.3,35.7,35.6,35.4,35.1,35.7,47.6,35.4,35.3,35.5,35.5,35.5,35.8,35.6,35.7
0.0000646,24.26,35.3,35.2,35.5,35.7,35.4,35.3,41.2,35.1,35.6,35.4,47.4,35.5,35.4,35.5,35.3,35.8,35.5,35.6,35.3,35.8,47.4,35.4,35.4,35.6,35.6,35.4,35.5,35.4,35.8,35.4,47.2,35.5,35.4,35.7,35.9,35.5,35.3,35.3,35.5,35.5,47.4,35.6,35.5,47.6,35.6,35.6,35.4,35.4,35.5,35.3,47.4,35.9,35.5,35.6,35.5,35.4,35.7,35.5,35.4,35.7,47.4,47.6,35.9,35.6,35.6,35.4,35.7,35.6,35.5,35.7,47.4,35.3,35.5,35.2,35.4,35.1,35.7,35.5,42.4,35.4,47.5,35.5,35.6,35.5,35.3,35.6,35.7,35.5,35,35.6,47.4,35.5,35.3,35.4,35.4,35.4,35.6,35.5,35.8
0.0000648,24.16,35.5,35.1,35.4,35.6,35.4,35.4,46.8,35.3,35.7,35.4,47.3,35.5,35.4,35.5,35.3,35.7,35.6,35.7,35.2,36,47.4,35.2,35.3,35.6,35.5,35.5,35.4,35.4,35.8,35.6,46.6,35.5,35.2,35.8,35.9,35.6,35.3,35.5,35.7,35.7,47.4,35.6,35.6,47.6,35.7,35.5,35.4,35.4,35.5,35.3,47.4,35.8,35.5,35.9,35.5,35.2,35.8,35.4,35.3,35.8,47.4,47.7,35.6,35.5,35.4,35.3,35.6,35.7,35.6,35.7,47.4,35.3,35.6,34.9,35.4,35.1,35.7,35.7,47.1,35.5,47.4,35.5,35.6,35.4,35.2,35.5,35.8,35.5,34.9,35.5,47.3,35.6,35.5,35.5,41.1,35.5,35.7,35.6,35.7
0.000065,24.26,35.5,35.2,35.5,35.5,35.4,35.3,47.5,35.3,35.8,35.4,47.1,35.4,35.4,35.5,35.5,35.7,35.6,35.7,35.3,35.8,47.5,35.2,35.4,35.3,35.6,35.4,35.4,35.5,35.8,35.6,43.9,35.7,35.3,35.6,35.9,35.6,35.2,35.3,35.5,35.7,47.5,35.4,35.6,47.6,35.6,35.5,35.5,35.5,35.6,35.5,47.4,35.7,35.4,35.6,35.5,35.3,35.6,35.4,35.5,35.8,47.4,47.6,35.7,35.5,35.6,35.4,35.4,35.6,35.4,35.7,47.4,35.5,35.6,34.9,35.4,35.1,35.6,35.7,47.3,35.5,47.5,35.6,35.6,35.4,35.3,35.4,35.8,35.5,35.1,35.4,47.4,35.6,35.7,35.5,46.6,35.5,35.6,35.8,35.8
0.0000652,24.16,35.4,35.3,35.5,35.4,35.4,35.3,47.6,35.4,36,35.4,44.9,35.2,35.4,35.6,35.4,35.6,35.7,35.6,35.4,35.8,47.5,35.3,35.4,35.4,35.7,35.4,35.4,35.3,35.8,35.6,38.6,35.8,35.5,35.5,35.6,35.6,35.3,35.4,35.5,35.6,47.4,35.4,35.7,47.6,35.7,35.6,35.4,35.4,35.6,35.5,47.6,35.5,35.3,35.5,35.5,35.3,35.4,35.5,35.4,35.8,47.5,47.7,35.5,35.5,35.6,35.2,35.3,35.8,35.4,35.6,47.4,35.5,35.6,34.8,35.3,35.2,35.4,35.8,47.6,35.5,47.5,35.4,35.7,35.5,35.4,35.3,35.8,35.7,35.2,35.3,47.5,35.8,35.7,35.5,47.5,35.4,35.4,35.7,35.8
0.0000654,24.16,35.5,35.4,35.4,35.5,35.5,35.3,47.5,35.6,35.9,35.6,39.7,35.2,35.5,35.5,35.6,35.5,35.5,35.6,35.5,35.7,47.5,35.3,35.5,35.2,35.6,35.7,35.3,35.5,35.7,35.6,32.89,35.7,35.5,35.5,35.4,35.7,35.5,35.5,35.6,35.7,47.6,35.2,35.7,47.7,35.4,35.5,35.5,35.3,35.6,35.4,47.6,35.3,35.4,35.3,35.5,35.4,35.2,35.5,35.5,35.8,47.5,47.7,35.5,35.4,35.8,35.3,35.2,35.5,35.6,35.7,47.4,35.5,35.6,35,35.4,35.1,35.3,35.7,47.7,35.5,47.5,35.4,35.7,35.5,35.4,35.4,35.8,35.6,35.5,35.2,47.4,35.7,35.7,35.6,47.6,35.5,35.2,35.8,35.7
0.0000656,24.21,35.5,35.5,35.4,35.5,35.5,35.3,47.7,35.6,35.9,35.4,34.05,35.3,35.6,35.5,35.6,35.5,35.5,35.5,35.6,35.7,47.5,35.5,35.6,35.3,35.5,35.6,35.4,35.5,35.6,35.5,28.51,35.7,35.5,35.5,35.1,35.6,35.7,35.7,35.4,35.7,47.3,35.3,35.7,47.7,35.4,35.3,35.4,35.2,35.5,35.5,47.4,35.1,35.5,35.2,35.2,35.3,35.1,35.5,35.6,35.6,47.4,47.6,35.3,35.4,35.6,35.3,35.2,35.4,35.5,35.6,47.5,35.6,35.4,35.1,35.4,35.4,35.2,35.8,47.6,35.6,47.5,35.3,35.6,35.6,35.5,35.3,35.7,35.7,35.6,35.4,47.5,35.8,35.7,35.6,47.5,35.6,35.3,35.7,35.8
0.0000658,24.11,35.5,35.7,35.4,35.6,35.5,35.5,47.5,35.8,35.8,35.5,29.3,35.4,35.7,35.5,35.5,35.5,35.5,35.4,35.6,35.5,47.6,35.5,35.6,35.4,35.6,35.8,35.4,35.6,35.4,35.5,25.33,35.8,35.6,35.5,35.2,35.6,35.7,35.7,35.4,35.7,47.5,35.5,35.6,47.6,35.4,35.2,35.5,35.2,35.4,35.5,47.4,35.1,35.5,35.2,35.3,35.4,35.2,35.4,35.6,35.5,47.5,47.6,35.3,35.4,35.6,35.3,35.2,35.4,35.7,35.7,47.5,35.8,35.4,35.3,35.5,35.3,35.1,35.8,47.6,35.5,47.4,35.3,35.6,35.5,35.6,35.4,35.6,35.6,35.8,35.5,47.5,35.6,35.6,35.5,47.6,35.6,35.3,35.8,35.8
0.000066,24.12,35.5,35.7,35.7,35.7,35.7,35.5,47.7,35.8,35.7,35.5,26,35.4,35.7,35.6,35.4,35.5,35.4,35.5,35.7,35.5,47.4,35.7,35.6,35.5,35.5,35.9,35.5,35.6,35.4,35.4,23.99,35.8,35.6,35.5,35.1,35.6,35.7,35.5,35.6,35.5,47.4,35.5,35.5,47.7,35.3,35.2,35.5,35.3,35.3,35.5,47.5,35.2,35.5,35,35.3,35.6,35.3,35.5,35.6,35.5,47.4,47.6,35.5,35.5,35.6,35.4,35.3,35.3,35.6,35.7,47.4,35.8,35.4,35.6,35.6,35.2,35,35.6,47.7,35.5,47.4,35.3,35.7,35.5,35.6,35.5,35.6,35.8,35.9,35.5,47.4,35.5,35.6,35.6,47.7,35.6,35.4,35.7,35.6
0.0000662,24.21,35.5,35.7,35.5,35.7,35.5,35.5,47.7,35.7,35.6,35.5,23.99,35.4,35.7,35.5,35.4,35.4,35.6,35.3,35.6,35.5,47.4,35.7,35.6,35.5,35.5,36,35.5,35.5,35.4,35.3,23.99,35.5,35.5,35.5,35.2,35.5,35.5,35.6,35.6,35.5,47.4,35.5,35.6,47.7,35.3,35.1,35.6,35.5,35.3,35.6,47.5,35.5,35.4,35,35.3,35.7,35.4,35.7,35.5,35.2,47.4,47.7,35.5,35.6,35.6,35.5,35.3,35.3,35.7,35.7,47.4,35.8,35.5,35.7,35.6,35.4,35.2,35.6,47.6,35.5,47.5,35.6,35.5,35.4,35.6,35.5,35.4,35.6,35.9,35.6,47.4,35.4,35.7,35.7,47.6,35.4,35.4,35.6,35.7
0.0000664,24.16,35.4,35.7,35.5,35.7,35.5,35.4,47.5,35.5,35.4,35.4,23.99,35.5,35.4,35.5,35.5,35.3,35.6,35.3,35.6,35.5,47.4,35.7,35.6,35.7,35.4,36,35.5,35.5,35.4,35.2,23.94,35.6,35.5,35.5,35.1,35.5,35.3,35.7,35.7,35.4,47.4,35.5,35.6,47.6,35.4,35.2,35.5,35.7,35.2,35.3,47.4,35.7,35.5,35.1,35.3,35.7,35.5,35.5,35.5,35.2,47.5,47.6,35.7,35.5,35.6,35.5,35.3,35.3,35.7,35.6,47.5,35.7,35.6,35.8,35.7,35.5,35.3,35.4,47.6,35.4,47.4,35.6,35.2,35.4,35.6,35.7,35.1,35.6,35.9,35.7,47.5,35.3,35.5,35.6,47.6,35.4,35.7,35.7,35.8
0.0000666,24.12,35.5,35.6,35.5,35.7,35.5,35.4,47.7,35.6,35.4,35.5,24.04,35.5,35.5,35.6,35.3,35.6,35.5,35.2,35.6,35.5,47.5,35.4,35.5,35.7,35.5,35.9,35.6,35.7,35.5,35.1,24.12,35.7,35.4,35.4,35.4,35.5,35,35.7,35.5,35.4,47.4,35.5,35.5,47.7,35.3,35.2,35.4,35.7,35.3,35.6,47.4,35.8,35.5,35,35.5,35.7,35.7,35.5,35.4,35.3,47.4,47.6,35.7,35.4,35.6,35.4,35.4,35.5,35.7,35.8,47.4,35.6,35.7,35.8,35.7,35.3,35.4,35.3,47.7,35.4,47.4,35.7,35.2,35.4,35.5,35.7,35.2,35.4,35.8,35.8,47.4,35.3,35.6,35.6,47.6,35.2,35.7,35.8,35.7
0.0000668,24.25,35.5,35.5,35.5,35.5,35.5,35.4,47.6,35.4,35.4,35.5,23.94,35.4,35.6,35.6,35.4,35.7,35.6,35.4,35.3,35.5,47.4,35.2,35.5,35.7,35.6,35.8,35.5,35.5,35.6,35.4,23.89,35.7,35.5,35.4,35.4,35.5,34.9,35.6,35.7,35.4,47.5,35.4,35.5,47.7,35.3,35.4,35.4,35.8,35.2,35.5,47.4,36,35.4,35,35.5,35.7,35.7,35.7,35.5,35.1,47.5,47.6,35.8,35.6,35.5,35.4,35.4,35.5,35.7,35.7,47.3,35.3,35.7,35.7,35.6,35.5,35.5,35.4,47.7,35.5,47.4,35.8,35.3,35.4,35.4,35.7,35.2,35.3,35.6,35.8,47.5,35.3,35.6,35.5,47.5,35.4,35.7,35.7,35.6
0.000067,24.21,35.4,35.5,35.6,35.4,35.5,35.5,47.6,35.4,35.1,35.5,23.99,35.4,35.6,35.5,35.3,35.6,35.6,35.3,35.3,35.4,47.4,35.2,35.5,35.8,35.5,35.7,35.6,35.7,35.5,35.4,23.94,35.7,35.5,35.4,35.4,35.5,35,35.5,35.7,35.4,47.5,35.6,35.6,47.6,35.4,35.6,35.4,35.8,35.3,35.5,47.4,36.1,35.5,35.2,35.4,35.6,35.8,35.5,35.4,35.4,47.4,47.7,35.8,35.6,35.4,35.5,35.4,35.7,35.8,35.5,47.4,35.3,35.7,35.4,35.6,35.4,35.7,35.3,47.6,35.3,47.6,35.8,35.4,35.4,35.4,35.5,35.1,35.3,35.2,35.8,47.4,35.3,35.5,35.5,47.7,35.3,35.7,35.6,35.7
0.0000672,24.29,35.4,35.5,35.5,35.4,35.5,35.4,47.6,35.4,35.3,35.5,23.94,35.4,35.5,35.5,35.5,35.4,35.5,35.3,35.3,35.3,47.6,35.1,35.3,35.8,35.5,35.5,35.4,35.5,35.7,35.4,24.04,35.7,35.4,35.4,35.4,35.5,35.2,35.5,35.7,35.5,47.4,35.6,35.6,47.6,35.5,35.6,35.4,35.7,35.5,35.4,47.4,35.9,35.5,35.2,35.5,35.5,35.7,35.4,35.5,35.4,47.4,47.7,35.7,35.5,35.5,35.5,35.3,35.8,35.6,35.4,47.4,35.3,35.7,35.3,35.5,35.5,35.8,35.4,47.7,35.5,47.5,35.8,35.4,35.4,35.2,35.6,35.3,35.4,35,35.8,47.4,35.4,35.5,35.6,47.7,35.4,35.6,35.6,35.7
0.0000674,24.29,35.4,35.4,35.5,35.4,35.5,35.5,47.6,35.4,35.3,35.5,23.99,35.4,35.5,35.5,35.6,35.5,35.6,35.3,35.3,35.4,47.4,35.2,35.4,35.8,35.6,35.6,35.4,35.6,35.6,35.7,23.94,35.5,35.4,35.4,35.5,35.5,35.3,35.5,35.7,35.4,47.4,35.5,35.8,47.6,35.4,35.6,35.4,35.7,35.5,35.5,47.4,35.7,35.5,35.3,35.4,35.4,35.5,35.5,35.5,35.7,47.5,47.6,35.6,35.6,35.5,35.5,35.4,35.8,35.7,35.2,47.5,35.3,35.5,35.1,35.5,35.4,35.8,35.5,47.7,35.3,47.4,35.7,35.5,35.4,35.2,35.4,35.3,35.2,35,35.6,47.4,35.5,35.4,35.5,47.7,35.4,35.6,35.5,35.7
0.0000676,24.43,35.5,35.4,35.4,35.3,35.5,35.5,47.6,35.4,35.4,35.5,23.99,35.6,35.5,35.5,35.5,35.4,35.6,35.3,35.4,35.1,47.4,35.2,35.4,35.8,35.7,35.5,35.3,35.7,35.6,35.7,23.99,35.4,35.4,35.5,35.5,35.5,35.7,35.5,35.8,35.5,47.4,35.5,35.8,47.6,35.2,35.7,35.4,35.5,35.6,35.5,47.4,35.5,35.5,35.3,35.3,35.4,35.5,35.5,35.3,35.7,47.4,47.6,35.4,35.5,35.6,35.6,35.4,35.8,35.7,35.2,47.4,35.5,35.4,35,35.5,35.5,35.6,35.6,47.6,35.4,47.4,35.7,35.7,35.6,35.2,35.5,35.3,35.4,35,35.8,47.4,35.8,35.5,35.6,47.5,35.7,35.5,35.5,35.7
0.0000678,24.43,35.5,35.4,35.6,35.6,35.4,35.4,47.6,35.4,35.4,35.5,23.95,35.6,35.4,35.5,35.6,35.4,35.6,35.4,35.5,35.2,47.4,35.2,35.4,35.7,35.4,35.6,35.5,35.8,35.4,35.8,23.89,35.3,35.4,35.5,35.4,35.6,35.8,35.5,36,35.6,47.4,35.5,35.7,47.6,35.2,35.7,35.5,35.5,35.8,35.6,47.4,35.2,35.5,35.3,35.4,35.4,35.5,35.5,35.4,35.6,47.4,47.7,35.2,35.4,35.4,35.6,35.5,35.7,35.8,35.2,47.4,35.5,35.4,35.1,35.4,35.5,35.6,35.5,47.6,35.4,47.4,35.8,35.7,35.5,35.3,35.5,35.4,35.5,35.2,35.9,47.4,35.6,35.6,35.5,47.6,35.8,35.5,35.6,35.7
0.000068,24.38,35.6,35.4,35.5,35.8,35.4,35.5,47.7,35.4,35.7,35.5,23.94,35.7,35.5,35.4,35.9,35.5,35.7,35.4,35.6,35.2,47.6,35.4,35.5,35.5,35.6,35.7,35.4,35.8,35.6,35.6,23.89,35.2,35.6,35.6,35.5,35.6,35.8,35.5,35.8,35.6,47.4,35.5,35.5,47.7,35.3,35.6,35.7,35.5,35.6,35.6,47.6,34.9,35.5,35.3,35.4,35.4,35.5,35.4,35.4,35.6,47.4,47.7,35.2,35.4,35.5,35.6,35.6,35.7,35.7,35.2,47.4,35.6,35.4,35.2,35.4,35.5,35.5,35.6,47.6,35.4,47.4,35.7,35.8,35.6,35.5,35.5,35.4,35.6,35.3,35.7,47.6,35.7,35.6,35.3,47.6,35.9,35.5,35.6,35.7
0.0000682,24.33,35.5,35.4,35.5,36,35.5,35.7,47.7,35.4,35.6,35.5,24.04,35.6,35.7,35.5,35.8,35.5,35.6,35.5,35.6,35.1,47.4,35.5,35.5,35.6,35.7,35.9,35.4,35.8,35.6,35.6,23.99,35,35.6,35.6,35.5,35.4,35.7,35.4,35.9,35.7,47.4,35.4,35.2,47.7,35.5,35.5,35.6,35.7,35.5,35.5,47.4,35.1,35.5,35.5,35.6,35.4,35.5,35.5,35.5,35.6,47.4,47.6,35.2,35.4,35.5,35.6,35.6,35.5,35.7,35.4,47.4,35.8,35.5,35.4,35.5,35.4,35.5,35.5,47.7,35.5,47.5,35.7,35.7,35.5,35.7,35.4,35.5,35.7,35.3,35.7,47.5,35.8,35.5,35.5,47.6,36.1,35.5,35.6,35.7
0.0000684,24.42,35.4,35.5,35.7,36.1,35.5,35.5,47.7,35.4,35.6,35.5,23.94,35.7,35.5,35.7,35.7,35.6,35.8,35.5,35.7,35.2,47.5,35.5,35.5,35.8,35.6,35.9,35.5,35.6,35.5,35.5,24.04,35,35.6,35.7,35.5,35.5,35.5,35.5,35.8,35.5,47.4,35.4,35.1,47.7,35.6,35.4,35.6,35.7,35.5,35.5,47.4,35.2,35.4,35.4,35.4,35.6,35.7,35.5,35.7,35.4,47.6,47.7,35.2,35.4,35.4,35.7,35.6,35.3,35.6,35.6,47.4,35.7,35.7,35.5,35.4,35.5,35.4,35.4,47.7,35.5,47.5,35.7,35.8,35.5,35.8,35.4,35.4,35.8,35.5,35.6,47.5,35.7,35.5,35.6,47.6,36.1,35.4,35.5,35.7
0.0000686,24.51,35.5,35.4,35.7,37,35.4,35.5,47.6,35.4,35.9,35.5,23.81,35.7,35.4,35.7,35.7,35.6,35.7,35.6,35.6,35.1,47.4,35.5,35.4,35.6,35.5,35.8,35.5,35.4,35.6,35.4,23.98,37.1,35.8,35.5,35.5,37.6,35.2,35.5,35.8,35.4,47.4,35.5,35,47.5,35.5,35.3,35.5,37.9,35.5,35.5,47.5,35.4,35.5,35.3,35.7,35.6,35.7,35.5,37,35.4,47.4,47.7,35.5,35.5,35.6,39.6,35.4,35.2,35.6,38,47.5,35.7,38.9,35.7,35.5,35.5,39.5,35.6,47.7,35.5,47.4,35.7,38.2,35.5,35.9,35.5,39.3,35.6,35.5,35.7,47.4,35.5,35.6,35.5,47.7,35.8,36.7,35.6,35.6
0.0000688,24.43,35.5,35.3,35.8,43,35.5,35.3,47.7,35.5,41.9,35.5,23.94,36.1,35.4,35.7,35.6,36.1,35.6,35.6,35.5,35.2,47.3,35.5,35.3,38.9,35.4,35.8,35.5,37.7,35.6,35.4,23.9,43.6,35.8,35.6,35.7,44,35.2,35.6,35.7,38.2,47.4,35.5,39.1,47.7,35.7,35.3,35.5,44.4,35.3,35.4,47.5,35.6,35.5,35.3,39.4,35.7,35.7,35.3,42.7,35.4,47.5,47.6,35.6,35.4,35.6,45.8,35.4,35.2,35.6,44.5,47.4,35.6,45.6,35.6,35.5,35.9,45.6,35.7,47.7,37.9,47.5,35.6,44.6,35.5,35.9,35.5,45.5,35.6,35.6,36,47.4,35.4,39.2,35.3,47.6,35.7,39.5,35.7,35.7
0.000069,24.43,35.6,35.3,39.1,47.1,35.5,35.3,47.6,37.5,47.1,35.5,23.99,41.9,35.4,35.5,35.4,42,35.4,35.4,35.6,34.2,46,35.6,35.4,45.7,35.4,35.6,35.5,44.2,35.7,35.2,23.94,47.3,35.9,35.7,38,47.1,35.2,35.6,35.7,44.5,47.4,35.4,45.2,47.6,35.5,35.4,37.1,47.3,35.5,35.3,47.3,35.7,35.3,35.4,45.6,35.7,35.7,35.9,47.1,35.4,47.6,47.7,35.8,35.5,38.4,47.5,35.3,35.3,38.1,47.4,47.4,37.9,47.4,35.8,35.4,41.5,47.4,35.7,47.7,44.2,47.5,36.4,47.2,35.3,35.6,38.7,47.3,35.5,35.7,41.9,47.4,35.5,45.7,35.3,47.6,36.1,46.2,35.5,35.6
0.0000692,24.47,35.6,34.3,45.6,47.6,35.4,35.2,47.7,43.9,47.5,35.5,23.99,47.1,35.6,35.3,37.9,47.2,35.4,35.7,35.5,40.5,42.4,35.5,39.4,47.3,35.4,35.4,38.1,47.2,35.7,35.4,23.89,47.6,35.7,35.6,44.2,47.4,35.2,35.5,39.8,47.4,47.4,34.4,47.3,47.7,35.5,35.4,42.7,47.6,35.5,35.5,47.2,35.6,35.5,38.1,47.3,35.6,35.7,41.5,47.5,35.4,47.5,47.7,35.9,35.6,45.3,47.7,35.3,35.4,45,47.5,47.5,44.3,47.6,36.1,35.7,47.1,47.6,35.7,47.7,47.1,47.3,42.4,47.5,35.3,35.7,45.6,47.6,35.4,36.6,47,47.4,36.6,47.4,35.4,47.7,41.8,47.6,35.6,35.7
0.0000694,24.47,35.7,40.7,47.5,47.7,35.5,35.3,47.7,47.3,47.6,35.5,23.94,47.6,35.5,35.3,44.1,47.6,35.5,35.6,36.9,46.3,36.74,35.7,45.7,47.6,35.5,35.3,44.5,47.5,35.5,35.4,23.98,47.5,35.6,37.2,47.2,47.7,35.5,35.7,45.7,47.5,47.4,40.6,47.7,47.7,35.5,37.6,47.2,47.7,35.5,34.4,46,35.6,35.3,44.6,47.6,35.7,35.6,47.1,47.7,35.5,47.2,47.6,35.9,37.8,47.5,47.7,35.3,39.5,47.4,47.6,47.5,47.2,47.5,36.1,41.5,47.6,47.6,35.7,47.6,47.6,47.4,47.2,47.6,35.3,35.8,47.5,47.6,35.2,39.8,47.5,47.4,42.4,47.6,35.5,47.7,46.9,47.5,35.5,35.7
0.0000696,24.47,38.2,46.5,47.6,47.6,35.5,37.2,47.7,47.6,47.5,35.5,23.99,47.7,35.7,37.7,47.3,47.6,35.4,35.4,42.7,47.6,30.93,39.6,47.3,47.6,35.4,37.8,47.4,47.6,35.4,34.8,23.94,47.6,35.5,43.1,47.6,47.6,35.8,41.1,47.4,47.5,47.4,46.6,47.6,47.7,36.5,44.3,47.6,47.6,35.5,40.7,42.6,35.5,38.3,47.4,47.6,35.5,39,47.5,47.5,35.6,47.3,47.7,35.8,44.4,47.4,47.6,35.2,45.6,47.6,47.5,47.5,47.6,47.5,35.8,47,47.6,47.6,36.7,47.7,47.6,47.5,47.5,47.6,35.2,40.9,47.5,47.6,35.3,46,47.6,47.6,47.1,47.7,35.5,47.6,47.5,47.6,35.6,35.7
0.0000698,24.43,44.9,47.6,47.6,47.6,35.4,43.8,47.6,47.6,47.6,35.1,23.94,47.7,35.8,44,47.5,47.6,35.4,37.9,47.3,47.6,27.55,45.8,47.6,47.6,34.9,44.2,47.6,47.6,35.2,41.1,23.89,47.5,36.9,47.4,47.5,47.5,37.5,46.7,47.5,47.6,47.4,47.5,47.6,47.6,39.4,47.2,47.6,47.5,35.3,46.6,37.13,35.4,45.3,47.5,47.5,36.9,45.6,47.6,47.5,35.4,46.1,47.7,34.7,47.1,47.5,47.6,41,47.5,47.6,47.5,47.2,47.6,47.6,40.6,47.6,47.6,47.7,39.9,47.6,47.6,47.4,47.5,47.5,37.3,46.6,47.7,47.6,38.4,47.6,47.5,47.4,47.5,47.6,35.8,47.6,47.6,47.6,35.5,35.7
0.00007,24.52,47.5,47.5,47.5,47.6,39.4,47.4,47.7,47.6,47.5,41.1,23.99,47.6,37.3,47.3,47.5,47.5,36,44.3,47.6,47.6,24.34,47.3,47.7,47.7,40.9,47.3,47.6,47.7,36.3,46.4,23.9,47.7,42.4,47.6,47.6,47.6,43.2,47.6,47.5,47.5,47.2,47.5,47.7,47.7,45.8,47.4,47.5,47.7,41.1,47.6,31.21,39.4,47.5,47.7,47.5,39.6,47.5,47.6,47.5,41.1,42.5,47.7,41,47.6,47.6,47.7,46.5,47.5,47.6,47.7,47.1,47.6,47.6,46.6,47.5,47.7,47.7,46.3,47.7,47.5,47.1,47.6,47.6,43.7,47.5,47.6,47.5,45.4,47.6,47.6,47.2,47.6,47.5,41.4,47.7,47.5,47.5,35.6,35.7
0.0000702,24.51,47.6,47.7,47.6,47.6,45.6,47.5,47.6,47.7,47.6,46.4,23.94,47.6,43.3,47.6,47.5,47.6,39.3,47.4,47.5,47.6,24.04,47.6,47.6,47.6,46.4,47.6,47.6,47.6,42.3,47.5,23.99,47.5,47.1,47.6,47.6,47.5,47.4,47.6,47.6,47.6,47.2,47.6,47.6,47.7,47.5,47.6,47.5,47.5,46.6,47.5,27.61,45.5,47.5,47.6,47.7,46,47.6,47.6,47.6,46.4,36.74,47.7,46.5,47.6,47.6,47.7,47.5,47.7,47.6,47.6,45.2,47.6,47.7,47.3,47.5,47.5,47.6,47.6,47.6,47.7,45.7,47.6,47.6,47.2,47.6,47.5,47.6,47.5,47.5,47.5,47.1,47.7,47.6,46.9,47.7,47.6,47.5,35.5,35.6
0.0000704,24.56,47.7,47.6,47.5,47.6,47.4,47.6,47.6,47.5,47.6,47.6,23.94,47.6,47.3,47.7,47.6,47.6,45.8,47.6,47.6,47.7,24.08,47.6,47.5,47.6,47.5,47.6,47.6,47.6,46.9,47.7,23.89,47.7,47.5,47.7,47.6,47.6,47.5,47.6,47.6,47.6,45.2,47.6,47.5,47.6,47.6,47.6,47.6,47.6,47.5,47.5,24.42,47.3,47.5,47.6,47.6,47.5,47.5,47.6,47.7,47.6,31.02,47.7,47.6,47.6,47.5,47.7,47.6,47.6,47.5,47.7,40.7,47.6,47.6,47.6,47.6,47.6,47.6,47.6,47.7,47.6,42.2,47.7,47.6,47.6,47.5,47.7,47.6,47.4,47.5,47.6,45.3,47.7,47.6,47.5,47.7,47.7,47.5,35.5,35.5
0.0000706,24.51,47.6,47.5,47.6,47.7,47.6,47.5,47.6,47.5,47.7,47.5,23.94,47.7,47.5,47.6,47.6,47.6,47.5,47.6,47.6,47.6,24.03,47.6,47.6,47.6,47.5,47.5,47.6,47.6,47.5,47.6,23.94,47.6,47.6,47.6,47.6,47.6,47.5,47.7,47.6,47.6,40.7,47.6,47.6,47.6,47.5,47.6,47.6,47.7,47.6,47.6,23.9,47.5,47.7,47.6,47.6,47.6,47.6,47.7,47.6,47.6,27.55,47.6,47.5,47.6,47.6,47.6,47.5,47.6,47.6,47.6,35.13,47.5,47.7,47.6,47.6,47.5,47.7,47.5,47.7,47.6,36.51,47.7,47.7,47.5,47.7,47.5,47.6,47.6,47.6,47.6,40.9,47.7,47.6,47.6,47.7,47.6,47.6,35.6,35.7
0.0000708,24.65,47.5,47.6,47.7,47.7,47.6,47.6,47.7,47.5,47.6,47.6,23.99,47.7,47.6,47.6,47.5,47.6,47.6,47.7,47.6,47.6,24.03,47.7,47.6,47.6,47.5,47.6,47.7,47.7,47.7,47.6,24.04,47.7,47.6,47.7,47.5,47.7,47.6,47.5,47.7,47.6,35.17,47.7,47.6,47.7,47.5,47.5,47.6,47.7,47.5,47.6,23.95,47.6,47.6,47.6,47.6,47.5,47.6,47.6,47.6,47.5,24.29,47.7,47.6,47.5,47.7,47.7,47.6,47.6,47.6,47.5,29.58,47.6,47.6,47.7,47.6,47.7,47.6,47.6,47.7,47.5,30.65,47.7,47.6,47.6,47.6,47.6,47.7,47.7,47.6,47.7,35.21,47.6,47.6,47.5,47.7,47.7,47.6,35.6,35.7
0.000071,24.64,47.6,47.6,47.6,47.6,47.6,47.4,47.5,47.6,47.7,47.5,24.03,47.7,47.6,47.6,47.7,47.6,47.6,47.7,47.7,47.7,24.12,47.7,47.6,47.6,47.6,47.6,47.6,47.6,47.7,47.6,23.94,47.7,47.5,47.6,47.7,47.7,47.7,47.7,47.5,47.6,29.62,47.6,47.7,47.7,47.6,47.7,47.6,47.7,47.5,47.6,23.99,47.5,47.6,47.5,47.6,47.5,47.5,47.6,47.6,47.6,23.94,47.7,47.5,47.6,47.6,47.6,47.6,47.7,47.6,47.6,26.45,47.6,47.6,47.6,47.7,47.7,47.5,47.5,47.7,47.7,27.36,47.6,47.6,47.7,47.7,47.7,47.7,47.6,47.6,47.6,29.72,47.6,47.7,47.6,47.6,47.7,47.6,35.5,35.7
0.0000712,24.56,47.7,47.6,47.6,47.7,47.5,47.6,47.7,47.7,47.7,47.5,23.94,47.6,47.6,47.6,47.5,47.7,47.6,47.6,47.6,47.6,24.03,47.6,47.7,47.5,47.5,47.6,47.6,47.7,47.5,47.7,24.04,47.7,47.7,47.7,47.7,47.6,47.6,47.7,47.5,47.7,26.56,47.7,47.7,47.7,47.6,47.6,47.6,47.6,47.5,47.7,23.98,47.6,47.6,47.6,47.7,47.5,47.7,47.6,47.6,47.7,23.99,47.7,47.5,47.6,47.5,47.6,47.5,47.6,47.7,47.7,23.81,47.7,47.7,47.6,47.7,47.7,47.6,47.6,47.7,47.5,24.03,47.6,47.5,47.6,47.6,47.7,47.6,47.6,47.6,47.6,26.7,47.6,47.7,47.7,47.7,47.6,47.6,35.5,35.9
0.0000714,24.7,47.7,47.7,47.6,47.7,47.6,47.7,47.7,47.6,47.5,47.5,23.89,47.7,47.6,47.7,47.6,47.6,47.6,47.6,47.7,47.6,24.03,47.7,47.7,47.7,47.6,47.6,47.7,47.6,47.6,47.6,23.89,47.7,47.6,47.6,47.6,47.7,47.6,47.6,47.7,47.6,23.9,47.6,47.7,47.7,47.6,47.6,47.6,47.7,47.6,47.6,24.03,47.6,47.7,47.6,47.6,47.6,47.6,47.6,47.7,47.5,24.04,47.6,47.6,47.6,47.6,47.7,47.6,47.7,47.6,47.7,23.98,47.6,47.6,47.6,47.6,47.5,47.7,47.5,47.6,47.5,23.9,47.7,47.7,47.6,47.6,47.7,47.6,47.6,47.7,47.7,23.86,47.7,47.7,47.6,47.7,47.6,47.6,35.5,35.9
0.0000716,24.64,47.5,47.7,47.6,47.6,47.6,47.7,47.7,47.6,47.7,47.6,23.89,47.7,47.5,47.5,47.7,47.7,47.5,47.7,47.6,47.6,23.89,47.7,47.7,47.7,47.6,47.7,47.7,47.6,47.6,47.6,23.89,47.7,47.5,47.6,47.7,47.7,47.7,47.6,47.7,47.7,23.99,47.6,47.7,47.6,47.6,47.7,47.6,47.7,47.6,47.7,24.08,47.7,47.7,47.6,47.6,47.7,47.7,47.6,47.7,47.6,23.99,47.7,47.6,47.6,47.7,47.7,47.6,47.6,47.7,47.6,23.99,47.6,47.7,47.6,47.7,47.7,47.7,47.6,47.6,47.7,24.08,47.7,47.7,47.5,47.7,47.7,47.7,47.6,47.7,47.6,24.03,47.7,47.6,47.6,47.6,47.7,47.6,35.5,35.8
0.0000718,24.74,47.6,47.6,47.7,47.6,47.7,47.7,47.7,47.7,47.6,47.7,23.89,47.7,47.7,47.6,47.7,47.6,47.6,47.6,47.6,47.6,23.99,47.6,47.6,47.7,47.7,47.6,47.6,47.7,47.7,47.7,23.99,47.7,47.5,47.6,47.6,47.6,47.7,47.6,47.7,47.7,23.94,47.6,47.6,47.6,47.6,47.6,47.5,47.6,47.6,47.7,23.94,47.7,47.6,47.6,47.6,47.6,47.7,47.6,47.6,47.7,23.94,47.7,47.7,47.7,47.6,47.7,47.6,47.7,47.7,47.7,24.08,47.7,47.7,47.6,47.6,47.6,47.6,47.7,47.6,47.6,23.99,47.6,47.7,47.5,47.7,47.7,47.7,47.7,47.6,47.6,23.99,47.7,47.7,47.7,47.6,47.6,47.7,35.5,35.8
0.000072,24.78,47.6,47.6,47.6,47.6,47.6,47.6,47.6,47.6,47.6,47.7,23.99,47.7,47.6,47.6,47.6,47.7,47.6,47.6,47.7,47.6,23.94,47.7,47.6,47.6,47.5,47.6,47.6,47.7,47.7,47.7,23.85,47.6,47.7,47.7,47.7,47.7,47.7,47.7,47.7,47.6,23.99,47.7,47.7,47.6,47.6,47.7,47.7,47.6,47.7,47.6,23.99,47.6,47.7,47.7,47.6,47.7,47.5,47.6,47.7,47.6,23.94,47.6,47.6,47.7,47.6,47.7,47.7,47.6,47.6,47.7,24.03,47.7,47.6,47.7,47.7,47.7,47.7,47.6,47.7,47.7,24.08,47.6,47.7,47.6,47.6,47.6,47.6,47.7,47.7,47.6,24.04,47.7,47.7,47.6,47.7,47.7,47.6,35.4,35.8
0.0000722,24.95,47.6,47.7,47.6,47.6,47.6,47.6,47.7,47.6,47.6,47.6,23.94,47.7,47.7,47.7,47.6,47.7,47.6,47.6,47.7,47.6,23.99,47.6,47.6,47.5,47.6,47.7,47.6,47.6,47.6,47.7,23.9,47.6,47.6,47.5,47.7,47.7,47.5,47.6,47.7,47.6,24.04,47.7,47.6,47.7,47.7,47.5,47.7,47.7,47.6,47.7,23.89,47.5,47.5,47.6,47.6,47.7,47.6,47.7,47.7,47.7,24.03,47.6,47.6,47.7,47.7,47.7,47.7,47.6,47.7,47.6,24.03,47.7,47.7,47.6,47.6,47.6,47.6,47.7,47.7,47.7,24.04,47.6,47.7,47.7,47.7,47.6,47.6,47.6,47.6,47.7,24.08,47.7,47.7,47.6,47.7,47.7,47.6,35.2,35.7
0.0000724,25.08,47.6,47.7,47.7,47.6,47.6,47.7,47.7,47.7,47.7,47.6,24.04,47.6,47.6,47.7,47.7,47.6,47.7,47.7,47.7,47.7,23.89,47.7,47.6,47.7,47.7,47.7,47.6,47.7,47.7,47.7,23.99,47.7,47.7,47.6,47.7,47.7,47.7,47.7,47.7,47.6,24.07,47.6,47.7,47.7,47.7,47.6,47.6,47.7,47.7,47.7,23.98,47.6,47.6,47.7,47.7,47.6,47.6,47.7,47.7,47.7,23.94,47.7,47.7,47.7,47.7,47.6,47.7,47.6,47.6,47.6,23.99,47.7,47.7,47.7,47.7,47.7,47.6,47.6,47.7,47.7,23.89,47.6,47.6,47.7,47.6,47.6,47.7,47.7,47.6,47.7,24.03,47.6,47.7,47.6,47.6,47.7,47.6,35.2,35.4
0.0000726,25.18,47.6,47.6,47.6,47.6,47.7,47.6,47.7,47.7,47.7,47.7,23.99,47.6,47.7,47.7,47.7,47.6,47.7,47.6,47.6,47.7,23.94,47.6,47.7,47.7,47.7,47.6,47.6,47.7,47.6,47.6,23.94,47.7,47.6,47.6,47.6,47.7,47.7,47.7,47.6,47.7,24.04,47.7,47.6,47.7,47.7,47.6,47.7,47.7,47.6,47.6,24.03,47.6,47.6,47.7,47.7,47.6,47.6,47.7,47.6,47.7,24.04,47.7,47.6,47.7,47.7,47.7,47.6,47.6,47.7,47.7,24.02,47.7,47.7,47.6,47.7,47.7,47.7,47.6,47.7,47.7,23.94,47.6,47.6,47.6,47.6,47.7,47.7,47.7,47.6,47.7,24.04,47.7,47.6,47.6,47.7,47.7,47.6,35.4,35.4
0.0000728,25.3,47.6,47.7,47.6,47.6,47.6,47.7,47.7,47.5,47.7,47.5,23.94,47.7,47.6,47.7,47.6,47.7,47.6,47.7,47.7,47.7,23.94,47.7,47.5,47.7,47.7,47.7,47.6,47.6,47.5,47.6,23.89,47.6,47.7,47.7,47.6,47.7,47.6,47.7,47.7,47.7,23.99,47.7,47.7,47.7,47.6,47.6,47.7,47.5,47.6,47.7,23.94,47.5,47.6,47.6,47.7,47.6,47.5,47.7,47.6,47.7,23.9,47.7,47.6,47.7,47.7,47.6,47.6,47.6,47.7,47.6,23.99,47.7,47.6,47.7,47.6,47.7,47.7,47.6,47.7,47.6,23.94,47.6,47.6,47.7,47.7,47.7,47.6,47.6,47.6,47.6,23.99,47.6,47.7,47.7,47.7,47.7,47.7,35.5,35.4
0.000073,25.57,47.7,47.7,47.7,47.6,47.7,47.7,47.7,47.7,47.6,47.6,23.94,47.7,47.7,47.7,47.6,47.7,47.6,47.6,47.7,47.7,23.89,47.7,47.7,47.6,47.6,47.6,47.7,47.7,47.6,47.6,23.94,47.7,47.7,47.6,47.7,47.6,47.7,47.7,47.7,47.6,23.94,47.6,47.6,47.6,47.7,47.7,47.7,47.7,47.6,47.7,23.99,47.7,47.7,47.6,47.7,47.6,47.7,47.7,47.7,47.6,23.94,47.7,47.6,47.7,47.7,47.6,47.7,47.7,47.6,47.7,23.89,47.7,47.6,47.5,47.7,47.7,47.6,47.6,47.6,47.7,23.94,47.7,47.6,47.5,47.6,47.6,47.6,47.7,47.7,47.7,23.94,47.7,47.6,47.7,47.7,47.7,47.6,35.7,35.4
0.0000732,25.69,47.6,47.6,47.7,47.6,47.7,47.7,47.6,47.6,47.7,47.7,23.94,47.7,47.7,47.7,47.7,47.7,47.7,47.7,47.7,47.6,23.89,47.6,47.7,47.6,47.7,47.7,47.7,47.7,47.7,47.6,23.89,47.7,47.6,47.7,47.7,47.7,47.7,47.6,47.6,47.7,23.94,47.7,47.7,47.7,47.5,47.7,47.7,47.7,47.6,47.7,24.04,47.7,47.6,47.6,47.6,47.7,47.7,47.7,47.7,47.6,23.99,47.7,47.6,47.6,47.7,47.7,47.7,47.7,47.6,47.6,23.94,47.7,47.7,47.7,47.7,47.6,47.7,47.6,47.7,47.6,23.94,47.7,47.7,47.7,47.7,47.6,47.7,47.6,47.7,47.7,23.94,47.7,47.7,47.6,47.6,47.5,47.7,35.8,35.4
0.0000734,26.09,47.7,47.6,47.6,47.7,47.7,47.7,47.7,47.6,47.7,47.7,23.89,47.7,47.7,47.6,47.7,47.7,47.7,47.6,47.7,47.7,23.9,47.7,47.7,47.7,47.6,47.6,47.7,47.6,47.7,47.6,23.99,47.6,47.7,47.6,47.7,47.6,47.6,47.7,47.7,47.6,23.94,47.7,47.7,47.7,47.7,47.6,47.7,47.7,47.6,47.7,23.94,47.6,47.6,47.7,47.7,47.7,47.6,47.7,47.7,47.7,23.94,47.7,47.7,47.7,47.6,47.7,47.7,47.7,47.6,47.7,23.99,47.7,47.7,47.6,47.6,47.7,47.7,47.7,47.7,47.6,24.04,47.7,47.6,47.7,47.7,47.7,47.7,47.6,47.7,47.6,23.94,47.7,47.6,47.7,47.6,47.6,47.7,35.9,35.4
0.0000736,26.49,47.6,47.5,47.7,47.7,47.7,47.6,47.7,47.6,47.7,47.7,23.94,47.7,47.6,47.7,47.7,47.7,47.6,47.7,47.7,47.7,23.99,47.7,47.7,47.7,47.6,47.7,47.7,47.7,47.7,47.7,23.99,47.7,47.7,47.7,47.6,47.6,47.7,47.6,47.7,47.7,24.04,47.7,47.7,47.7,47.6,47.7,47.7,47.7,47.7,47.7,23.94,47.7,47.6,47.7,47.6,47.7,47.7,47.7,47.7,47.7,23.89,47.7,47.7,47.7,47.7,47.7,47.7,47.7,47.6,47.7,23.95,47.7,47.7,47.7,47.6,47.7,47.6,47.7,47.6,47.7,23.89,47.6,47.6,47.6,47.7,47.6,47.7,47.7,47.6,47.6,23.99,47.7,47.6,47.6,47.7,47.6,47.6,35.9,35.6
0.0000738,26.89,47.6,47.6,47.6,47.6,47.6,47.7,47.7,47.7,47.6,47.7,23.94,47.7,47.7,47.7,47.7,47.7,47.7,47.6,47.7,47.7,24.03,47.7,47.7,47.7,47.6,47.7,47.6,47.6,47.7,47.7,23.94,47.7,47.7,47.7,47.7,47.7,47.7,47.7,47.7,47.7,23.94,47.7,47.7,47.6,47.7,47.6,47.7,47.7,47.6,47.7,24.03,47.6,47.7,47.6,47.7,47.7,47.6,47.7,47.6,47.7,23.99,47.7,47.6,47.6,47.6,47.6,47.7,47.7,47.7,47.6,24.08,47.7,47.6,47.7,47.7,47.7,47.7,47.6,47.7,47.6,23.94,47.6,47.6,47.7,47.7,47.7,47.6,47.6,47.7,47.7,23.94,47.7,47.7,47.6,47.7,47.6,47.6,35.9,35.7
0.000074,27.46,47.7,47.7,47.6,47.7,47.7,47.6,47.7,47.7,47.6,47.7,23.99,47.6,47.6,47.7,47.5,47.6,47.7,47.7,47.7,47.7,23.99,47.6,47.7,47.7,47.6,47.7,47.7,47.7,47.6,47.7,24.07,47.6,47.7,47.6,47.6,47.7,47.7,47.7,47.7,47.7,24.03,47.7,47.7,47.7,47.6,47.6,47.7,47.7,47.6,47.6,24.04,47.6,47.6,47.6,47.7,47.7,47.7,47.7,47.6,47.6,24.03,47.7,47.7,47.7,47.7,47.6,47.7,47.7,47.7,47.6,24.03,47.7,47.7,47.6,47.7,47.7,47.7,47.7,47.6,47.6,23.99,47.7,47.7,47.7,47.7,47.6,47.6,47.7,47.6,47.7,23.99,47.6,47.7,47.6,47.6,47.6,47.6,35.8,35.7
0.0000742,27.9,47.6,47.7,47.7,47.6,47.7,47.6,47.6,47.7,47.7,47.5,23.98,47.6,47.7,47.7,47.7,47.7,47.7,47.7,47.7,47.6,23.99,47.6,47.6,47.7,47.7,47.7,47.7,47.7,47.6,47.7,23.94,47.7,47.7,47.6,47.6,47.7,47.7,47.7,47.6,47.7,23.94,47.7,47.7,47.7,47.6,47.7,47.7,47.7,47.7,47.7,23.99,47.7,47.7,47.7,47.6,47.6,47.7,47.7,47.6,47.7,23.94,47.7,47.7,47.7,47.7,47.6,47.6,47.7,47.7,47.6,23.94,47.6,47.6,47.6,47.7,47.7,47.7,47.7,47.7,47.7,23.89,47.7,47.6,47.7,47.7,47.7,47.7,47.7,47.6,47.7,23.85,47.6,47.7,47.7,47.7,47.7,47.6,35.6,35.8
0.0000744,28.44,47.7,47.7,47.5,47.6,47.6,47.6,47.7,47.7,47.6,47.6,23.89,47.6,47.5,47.6,47.7,47.7,47.7,47.6,47.6,47.5,23.89,47.7,47.7,47.7,47.6,47.8,47.7,47.7,47.7,47.7,23.85,47.7,47.7,47.7,47.7,47.7,47.6,47.6,47.6,47.6,24.08,47.6,47.7,47.7,47.7,47.7,47.6,47.7,47.6,47.6,23.94,47.6,47.7,47.6,47.7,47.6,47.6,47.7,47.6,47.6,23.94,47.7,47.7,47.6,47.7,47.7,47.7,47.7,47.7,47.5,23.94,47.6,47.5,47.7,47.7,47.7,47.7,47.6,47.7,47.7,23.9,47.7,47.7,47.7,47.7,47.7,47.6,47.6,47.7,47.6,23.89,47.7,47.7,47.7,47.7,47.7,47.7,35.5,35.8
0.0000746,28.87,47.6,47.7,47.7,47.7,47.7,47.6,47.6,47.7,47.7,47.7,23.94,47.6,47.7,47.7,47.7,47.7,47.6,47.6,47.7,47.7,24.03,47.7,47.7,47.6,47.7,47.7,47.6,47.6,47.6,47.6,23.99,47.6,47.7,47.7,47.7,47.7,47.6,47.7,47.7,47.6,23.94,47.7,47.6,47.7,47.6,47.7,47.7,47.6,47.7,47.7,23.89,47.7,47.7,47.7,47.7,47.6,47.7,47.7,47.7,47.6,23.89,47.6,47.6,47.7,47.6,47.7,47.6,47.7,47.7,47.7,23.89,47.7,47.6,47.6,47.7,47.6,47.6,47.7,47.8,47.7,23.94,47.7,47.7,47.7,47.7,47.7,47.6,47.6,47.6,47.7,23.89,47.7,47.7,47.7,47.6,47.6,47.6,35.5,35.8
0.0000748,29.18,47.7,47.7,47.6,47.7,47.6,47.7,47.7,47.7,47.6,47.7,23.94,47.7,47.6,47.6,47.7,47.6,47.7,47.7,47.7,47.7,23.99,47.7,47.7,47.7,47.7,47.7,47.7,47.7,47.6,47.8,23.99,47.7,47.7,47.7,47.7,47.7,47.7,47.7,47.6,47.6,24.04,47.7,47.7,47.7,47.7,47.7,47.7,47.6,47.6,47.7,23.99,47.6,47.7,47.7,47.7,47.7,47.7,47.7,47.7,47.7,23.94,47.6,47.6,47.6,47.7,47.7,47.6,47.7,47.7,47.6,23.98,47.6,47.7,47.7,47.7,47.7,47.7,47.6,47.7,47.7,23.99,47.7,47.7,47.6,47.7,47.7,47.7,47.6,47.7,47.7,23.94,47.7,47.6,47.7,47.7,47.6,47.7,35.5,35.8
0.000075,29.51,47.7,47.7,47.6,47.6,47.7,47.7,47.7,47.7,47.7,47.7,23.89,47.7,47.6,47.7,47.6,47.7,47.7,47.7,47.7,47.7,23.94,47.7,47.7,47.7,47.7,47.6,47.7,47.6,47.7,47.7,23.94,47.7,47.7,47.7,47.7,47.7,47.7,47.7,47.7,47.7,23.89,47.7,47.8,47.7,47.7,47.7,47.7,47.7,47.6,47.7,23.94,47.7,47.6,47.7,47.7,47.6,47.8,47.7,47.6,47.6,23.99,47.7,47.7,47.7,47.7,47.6,47.7,47.7,47.7,47.7,23.95,47.7,47.7,47.6,47.6,47.6,47.7,47.7,47.7,47.7,23.94,47.6,47.7,47.7,47.7,47.7,47.7,47.7,47.6,47.7,24.12,47.7,47.6,47.7,47.7,47.7,47.6,35.5,35.7
0.0000752,29.79,47.6,47.7,47.6,47.7,47.6,47.7,47.7,47.7,47.6,47.7,23.94,47.6,47.6,47.7,47.7,47.7,47.6,47.7,47.6,47.7,23.99,47.6,47.7,47.6,47.6,47.7,47.6,47.7,47.6,47.6,23.89,47.7,47.7,47.7,47.7,47.6,47.6,47.7,47.7,47.7,23.99,47.7,47.6,47.7,47.6,47.6,47.6,47.7,47.7,47.6,23.94,47.6,47.7,47.6,47.7,47.7,47.7,47.7,47.7,47.6,23.89,47.7,47.7,47.7,47.7,47.6,47.6,47.7,47.7,47.7,24.04,47.7,47.7,47.7,47.7,47.7,47.6,47.7,47.7,47.7,23.94,47.6,47.6,47.7,47.7,47.6,47.7,47.7,47.7,47.6,23.95,47.7,47.6,47.7,47.6,47.6,47.7,35.6,35.7
0.0000754,30.07,47.7,47.6,47.7,47.7,47.6,47.6,47.7,47.7,47.7,47.6,23.9,47.6,47.7,47.7,47.7,47.7,47.7,47.7,47.7,47.7,23.99,47.7,47.7,47.6,47.7,47.6,47.7,47.6,47.7,47.7,23.94,47.7,47.7,47.7,47.6,47.7,47.7,47.6,47.7,47.7,23.89,47.7,47.7,47.7,47.7,47.6,47.6,47.6,47.6,47.7,23.94,47.7,47.7,47.6,47.5,47.7,47.6,47.6,47.6,47.7,23.85,47.7,47.6,47.6,47.6,47.6,47.6,47.7,47.7,47.6,24.08,47.7,47.7,47.6,47.7,47.7,47.7,47.6,47.7,47.7,23.89,47.7,47.6,47.6,47.7,47.7,47.7,47.6,47.7,47.7,23.94,47.7,47.7,47.7,47.7,47.7,47.7,35.5,35.5
0.0000756,30.27,47.7,47.7,47.6,47.7,47.7,47.7,47.6,47.6,47.7,47.7,23.85,47.6,47.7,47.7,47.6,47.7,47.6,47.7,47.7,47.6,24.03,47.6,47.7,47.6,47.6,47.7,47.6,47.6,47.7,47.7,23.99,47.7,47.7,47.7,47.7,47.7,47.7,47.7,47.7,47.8,23.94,47.7,47.7,47.7,47.7,47.6,47.7,47.7,47.6,47.6,23.94,47.6,47.7,47.7,47.7,47.7,47.7,47.7,47.7,47.7,23.85,47.6,47.7,47.7,47.6,47.7,47.7,47.7,47.7,47.6,23.9,47.7,47.6,47.6,47.7,47.6,47.7,47.6,47.7,47.7,23.99,47.7,47.7,47.7,47.7,47.7,47.7,47.7,47.7,47.7,24.03,47.6,47.7,47.7,47.7,47.7,47.7,35.5,35.4
0.0000758,30.65,47.6,47.7,47.7,47.7,47.7,47.6,47.7,47.7,47.7,47.7,24.04,47.7,47.7,47.7,47.6,47.6,47.7,47.7,47.7,47.7,23.94,47.7,47.7,47.7,47.6,47.6,47.6,47.6,47.7,47.6,23.94,47.7,47.7,47.6,47.7,47.7,47.7,47.6,47.7,47.7,23.94,47.6,47.7,47.6,47.7,47.7,47.7,47.6,47.7,47.7,23.99,47.7,47.7,47.7,47.6,47.6,47.7,47.6,47.7,47.7,24.04,47.7,47.6,47.7,47.7,47.7,47.7,47.7,47.6,47.7,23.94,47.7,47.7,47.7,47.7,47.6,47.7,47.6,47.6,47.7,23.89,47.7,47.6,47.6,47.7,47.7,47.7,47.6,47.6,47.7,23.9,47.7,47.7,47.7,47.7,47.7,47.6,35.5,35.4
0.000076,31.03,47.6,47.7,47.6,47.7,47.7,47.6,47.7,47.7,47.6,47.6,23.94,47.7,47.6,47.7,47.7,47.7,47.6,47.6,47.7,47.7,23.89,47.7,47.7,47.7,47.6,47.6,47.7,47.7,47.7,47.6,23.94,47.7,47.7,47.7,47.6,47.7,47.6,47.7,47.7,47.7,24.08,47.7,47.6,47.6,47.7,47.7,47.6,47.6,47.6,47.7,24.08,47.7,47.7,47.6,47.6,47.7,47.6,47.7,47.7,47.7,23.85,47.7,47.6,47.6,47.7,47.7,47.6,47.7,47.7,47.7,23.94,47.7,47.7,47.7,47.7,47.7,47.7,47.7,47.6,47.6,23.94,47.7,47.6,47.7,47.7,47.6,47.6,47.7,47.7,47.6,23.94,47.7,47.7,47.7,47.7,47.7,47.7,35.5,35.4
0.0000762,31.18,47.7,47.7,47.7,47.7,47.7,47.7,47.7,47.6,47.6,47.7,23.99,47.7,47.7,47.7,47.6,47.7,47.7,47.6,47.7,47.6,23.94,47.5,47.7,47.7,47.6,47.7,47.7,47.7,47.7,47.6,23.99,47.7,47.6,47.7,47.6,47.7,47.7,47.6,47.6,47.7,24.04,47.7,47.7,47.7,47.6,47.7,47.6,47.7,47.7,47.5,23.94,47.7,47.7,47.7,47.6,47.7,47.7,47.6,47.7,47.7,24.03,47.7,47.7,47.7,47.6,47.6,47.7,47.7,47.6,47.7,23.95,47.7,47.6,47.6,47.6,47.7,47.6,47.7,47.7,47.6,23.94,47.6,47.7,47.7,47.7,47.7,47.7,47.7,47.7,47.6,23.94,47.7,47.6,47.7,47.7,47.7,47.7,35.5,35.5
0.0000764,31.47,47.6,47.6,47.7,47.7,47.7,47.7,47.6,47.6,47.7,47.7,23.9,47.6,47.7,47.7,47.7,47.7,47.7,47.6,47.6,47.7,23.99,47.6,47.6,47.7,47.6,47.7,47.7,47.6,47.7,47.7,23.9,47.7,47.7,47.7,47.6,47.6,47.6,47.7,47.6,47.7,23.99,47.7,47.7,47.6,47.7,47.6,47.7,47.7,47.6,47.7,23.99,47.7,47.6,47.7,47.7,47.7,47.7,47.6,47.6,47.7,23.99,47.6,47.7,47.6,47.7,47.6,47.7,47.7,47.6,47.7,23.89,47.7,47.6,47.7,47.7,47.7,47.7,47.7,47.6,47.7,23.85,47.7,47.7,47.7,47.6,47.6,47.7,47.7,47.6,47.6,23.89,47.7,47.7,47.7,47.7,47.7,47.7,35.4,35.4
0.0000766,31.9,47.7,47.7,47.6,47.7,47.6,47.6,47.7,47.6,47.7,47.6,24.03,47.7,47.6,47.6,47.7,47.7,47.7,47.7,47.7,47.7,23.89,47.6,47.6,47.6,47.7,47.6,47.7,47.6,47.7,47.7,23.89,47.7,47.7,47.7,47.7,47.7,47.7,47.7,47.7,47.7,24.04,47.7,47.7,47.7,47.6,47.6,47.7,47.7,47.7,47.7,23.94,47.7,47.7,47.6,47.7,47.7,47.6,47.7,47.7,47.7,23.99,47.7,47.7,47.6,47.7,47.7,47.7,47.7,47.7,47.7,23.9,47.6,47.7,47.7,47.7,47.7,47.7,47.7,47.7,47.6,23.94,47.7,47.7,47.7,47.7,47.6,47.6,47.7,47.7,47.7,23.99,47.7,47.7,47.7,47.7,47.7,47.7,35.5,35.7
0.0000768,32.1,47.6,47.7,47.7,47.6,47.7,47.7,47.7,47.7,47.7,47.6,23.94,47.6,47.7,47.6,47.6,47.7,47.7,47.7,47.7,47.7,23.89,47.7,47.7,47.7,47.7,47.7,47.7,47.7,47.6,47.7,23.99,47.7,47.8,47.6,47.6,47.6,47.7,47.6,47.7,47.7,23.99,47.7,47.7,47.6,47.5,47.7,47.7,47.7,47.7,47.5,23.94,47.7,47.7,47.7,47.6,47.7,47.7,47.7,47.7,47.6,23.98,47.7,47.7,47.7,47.7,47.7,47.6,47.6,47.7,47.6,23.9,47.7,47.7,47.7,47.6,47.6,47.6,47.7,47.7,47.7,23.99,47.7,47.7,47.7,47.7,47.7,47.6,47.7,47.7,47.7,23.99,47.7,47.7,47.6,47.6,47.7,47.7,35.5,35.6
0.000077,32.3,47.6,47.6,47.7,47.7,47.7,47.7,47.7,47.6,47.7,47.7,23.94,47.6,47.7,47.6,47.7,47.7,47.6,47.7,47.7,47.7,23.94,47.6,47.6,47.7,47.7,47.6,47.7,47.7,47.7,47.7,23.99,47.7,47.7,47.6,47.7,47.7,47.7,47.7,47.6,47.7,23.94,47.7,47.7,47.7,47.7,47.7,47.7,47.7,47.6,47.7,23.94,47.7,47.7,47.7,47.6,47.7,47.7,47.7,47.7,47.7,24.03,47.7,47.7,47.6,47.7,47.6,47.6,47.7,47.7,47.7,23.94,47.6,47.7,47.7,47.6,47.6,47.6,47.7,47.7,47.7,23.99,47.6,47.7,47.7,47.6,47.7,47.6,47.6,47.7,47.7,23.94,47.6,47.7,47.6,47.7,47.6,47.7,35.5,35.6
0.0000772,32.6,47.6,47.6,47.6,47.6,47.7,47.7,47.7,47.7,47.6,47.7,23.94,47.7,47.7,47.7,47.7,47.7,47.7,47.7,47.7,47.7,23.94,47.6,47.7,47.7,47.6,47.6,47.6,47.7,47.7,47.7,24.07,47.7,47.6,47.7,47.7,47.7,47.7,47.7,47.7,47.7,23.99,47.6,47.7,47.7,47.7,47.7,47.7,47.7,47.6,47.6,23.99,47.7,47.7,47.7,47.6,47.6,47.6,47.7,47.7,47.7,23.99,47.7,47.7,47.7,47.7,47.7,47.7,47.6,47.7,47.6,23.94,47.7,47.7,47.6,47.7,47.7,47.7,47.6,47.7,47.7,24.04,47.7,47.6,47.7,47.6,47.6,47.6,47.7,47.7,47.7,23.94,47.7,47.6,47.7,47.7,47.6,47.7,35.5,35.6
0.0000774,32.9,47.6,47.7,47.6,47.6,47.6,47.6,47.7,47.7,47.7,47.7,24.03,47.7,47.6,47.7,47.6,47.7,47.7,47.7,47.7,47.6,23.89,47.7,47.7,47.7,47.6,47.7,47.6,47.6,47.7,47.7,24.11,47.7,47.7,47.6,47.7,47.7,47.7,47.6,47.7,47.7,24.04,47.7,47.6,47.7,47.7,47.7,47.7,47.7,47.6,47.7,23.94,47.7,47.6,47.7,47.7,47.7,47.6,47.7,47.7,47.7,23.99,47.7,47.7,47.7,47.7,47.7,47.6,47.6,47.7,47.7,23.99,47.6,47.7,47.7,47.7,47.7,47.7,47.8,47.7,47.7,23.99,47.7,47.7,47.7,47.6,47.6,47.7,47.6,47.7,47.7,23.85,47.6,47.7,47.7,47.7,47.6,47.6,35.5,35.6
0.0000776,33,47.7,47.7,47.7,47.7,47.6,47.7,47.7,47.6,47.7,47.7,24.12,47.7,47.7,47.6,47.6,47.7,47.5,47.7,47.6,47.7,23.95,47.6,47.7,47.7,47.7,47.7,47.7,47.7,47.6,47.6,24.26,47.7,47.7,47.7,47.6,47.7,47.6,47.7,47.7,47.7,23.99,47.7,47.7,47.7,47.7,47.6,47.7,47.6,47.6,47.6,23.99,47.6,47.7,47.6,47.7,47.7,47.7,47.7,47.6,47.5,23.89,47.7,47.7,47.7,47.6,47.7,47.6,47.6,47.7,47.7,23.99,47.7,47.6,47.6,47.7,47.6,47.7,47.6,47.7,47.7,23.94,47.7,47.7,47.6,47.6,47.7,47.6,47.7,47.7,47.7,23.99,47.6,47.7,47.7,47.7,47.7,47.7,35.5,35.6
0.0000778,33.2,47.7,47.7,47.7,47.6,47.6,47.7,47.7,47.6,47.7,47.7,24.11,47.7,47.7,47.6,47.6,47.7,47.7,47.6,47.7,47.6,23.94,47.6,47.7,47.6,47.7,47.7,47.7,47.6,47.7,47.7,24.21,47.7,47.7,47.6,47.7,47.7,47.7,47.6,47.7,47.7,23.89,47.6,47.7,47.7,47.7,47.7,47.7,47.7,47.7,47.7,23.94,47.6,47.6,47.7,47.7,47.7,47.7,47.7,47.7,47.7,23.94,47.7,47.6,47.7,47.6,47.7,47.6,47.7,47.6,47.7,23.94,47.7,47.6,47.7,47.7,47.7,47.7,47.7,47.6,47.7,23.94,47.7,47.7,47.7,47.7,47.7,47.7,47.7,47.7,47.6,23.99,47.6,47.7,47.7,47.6,47.7,47.6,35.5,35.5
0.000078,33.4,47.6,47.6,47.7,47.6,47.6,47.7,47.6,47.7,47.7,47.7,24.21,47.7,47.7,47.6,47.6,47.6,47.6,47.7,47.6,47.7,23.94,47.6,47.7,47.6,47.6,47.7,47.6,47.7,47.7,47.7,24.26,47.7,47.7,47.7,47.7,47.7,47.7,47.7,47.6,47.7,23.89,47.7,47.7,47.6,47.7,47.6,47.7,47.7,47.7,47.6,23.89,47.7,47.7,47.7,47.7,47.6,47.7,47.6,47.6,47.6,23.89,47.7,47.7,47.7,47.7,47.7,47.6,47.7,47.6,47.7,23.99,47.7,47.7,47.7,47.7,47.6,47.6,47.7,47.6,47.7,23.89,47.7,47.7,47.7,47.5,47.7,47.7,47.7,47.7,47.7,23.89,47.7,47.7,47.7,47.7,47.7,47.6,35.4,35.4
0.0000782,33.5,47.7,47.7,47.7,47.7,47.7,47.7,47.7,47.6,47.7,47.7,24.26,47.6,47.7,47.7,47.7,47.7,47.7,47.7,47.7,47.7,23.94,47.7,47.7,47.7,47.7,47.7,47.7,47.7,47.7,47.7,24.21,47.7,47.7,47.6,47.6,47.7,47.7,47.6,47.7,47.7,23.99,47.7,47.7,47.7,47.7,47.7,47.7,47.6,47.7,47.7,23.9,47.6,47.6,47.7,47.7,47.7,47.7,47.6,47.7,47.6,23.94,47.7,47.6,47.6,47.7,47.7,47.7,47.7,47.7,47.6,24.04,47.7,47.7,47.7,47.6,47.7,47.6,47.7,47.7,47.7,24.03,47.7,47.7,47.7,47.7,47.7,47.6,47.6,47.7,47.7,23.94,47.6,47.7,47.7,47.7,47.7,47.6,35.2,35.4
0.0000784,33.8,47.6,47.7,47.7,47.6,47.6,47.6,47.7,47.7,47.7,47.7,24.21,47.7,47.6,47.7,47.7,47.7,47.6,47.7,47.7,47.7,23.99,47.6,47.7,47.7,47.7,47.7,47.7,47.6,47.7,47.7,24.3,47.6,47.7,47.7,47.6,47.7,47.7,47.6,47.7,47.6,23.94,47.7,47.8,47.7,47.7,47.6,47.7,47.6,47.7,47.7,23.94,47.7,47.7,47.7,47.7,47.7,47.7,47.7,47.6,47.7,23.9,47.7,47.7,47.7,47.7,47.7,47.7,47.7,47.6,47.7,24.04,47.7,47.7,47.7,47.7,47.6,47.6,47.6,47.7,47.6,23.89,47.6,47.7,47.7,47.7,47.6,47.7,47.6,47.7,47.7,23.89,47.7,47.7,47.7,47.7,47.7,47.7,35.2,35.4
0.0000786,33.9,47.7,47.7,47.7,47.6,47.7,47.6,47.7,47.6,47.7,47.7,24.12,47.6,47.7,47.7,47.6,47.7,47.7,47.7,47.7,47.7,23.99,47.7,47.7,47.6,47.6,47.7,47.7,47.7,47.7,47.7,24.17,47.7,47.7,47.6,47.6,47.7,47.7,47.6,47.7,47.7,23.99,47.6,47.7,47.7,47.7,47.6,47.7,47.7,47.7,47.7,23.89,47.6,47.7,47.7,47.6,47.7,47.7,47.7,47.7,47.6,23.94,47.8,47.6,47.7,47.7,47.7,47.7,47.7,47.6,47.7,24.03,47.7,47.6,47.6,47.7,47.6,47.7,47.6,47.6,47.7,23.9,47.7,47.7,47.7,47.7,47.7,47.7,47.7,47.7,47.7,23.95,47.7,47.7,47.7,47.7,47.7,47.6,35.1,35.3
0.0000788,34.1,47.7,47.7,47.7,47.7,47.6,47.7,47.7,47.6,47.6,47.7,24.16,47.7,47.7,47.6,47.7,47.7,47.7,47.6,47.5,47.6,24.04,47.6,47.7,47.7,47.6,47.7,47.6,47.7,47.7,47.6,24.16,47.6,47.7,47.7,47.6,47.7,47.7,47.6,47.7,47.6,23.94,47.7,47.7,47.7,47.7,47.7,47.7,47.7,47.6,47.7,23.89,47.7,47.7,47.7,47.6,47.7,47.7,47.7,47.7,47.7,23.94,47.7,47.6,47.7,47.7,47.7,47.7,47.7,47.6,47.7,23.94,47.7,47.7,47.7,47.7,47.7,47.6,47.7,47.7,47.6,24.04,47.7,47.7,47.7,47.7,47.7,47.6,47.7,47.7,47.7,23.94,47.7,47.7,47.6,47.7,47.6,47.7,35.2,35.4
0.000079,34.1,47.7,47.7,47.7,47.7,47.6,47.7,47.6,47.6,47.6,47.7,24.16,47.7,47.7,47.7,47.7,47.7,47.6,47.7,47.7,47.7,23.94,47.7,47.7,47.6,47.7,47.6,47.7,47.7,47.6,47.7,24.16,47.6,47.6,47.7,47.7,47.7,47.7,47.7,47.7,47.7,23.94,47.6,47.7,47.7,47.7,47.7,47.7,47.6,47.7,47.7,23.99,47.7,47.7,47.6,47.6,47.7,47.7,47.7,47.6,47.7,23.94,47.7,47.6,47.6,47.7,47.7,47.7,47.7,47.7,47.6,23.99,47.7,47.7,47.7,47.5,47.7,47.7,47.6,47.6,47.7,23.99,47.7,47.7,47.7,47.6,47.6,47.6,47.7,47.7,47.7,23.99,47.6,47.7,47.6,47.7,47.7,47.7,35.4,35.4
0.0000792,34.2,47.7,47.7,47.7,47.7,47.7,47.7,47.7,47.6,47.7,47.6,24.16,47.7,47.7,47.7,47.7,47.7,47.7,47.7,47.7,47.7,23.89,47.7,47.7,47.7,47.7,47.7,47.7,47.6,47.7,47.7,24.25,47.7,47.6,47.7,47.7,47.7,47.7,47.7,47.7,47.7,23.94,47.6,47.7,47.6,47.7,47.7,47.7,47.7,47.6,47.7,24.03,47.7,47.7,47.7,47.6,47.6,47.6,47.7,47.7,47.7,24.03,47.7,47.7,47.7,47.7,47.7,47.7,47.7,47.6,47.7,23.99,47.6,47.7,47.6,47.7,47.7,47.6,47.6,47.7,47.7,23.94,47.7,47.7,47.6,47.6,47.7,47.7,47.7,47.7,47.7,23.85,47.6,47.7,47.7,47.6,47.6,47.7,35.5,35.4
0.0000794,34.5,47.7,47.7,47.6,47.7,47.6,47.6,47.6,47.7,47.7,47.7,24.17,47.7,47.7,47.6,47.7,47.7,47.7,47.7,47.7,47.7,23.99,47.7,47.7,47.6,47.6,47.6,47.7,47.7,47.7,47.7,24.3,47.7,47.6,47.7,47.6,47.7,47.6,47.7,47.7,47.6,23.89,47.7,47.7,47.7,47.7,47.7,47.7,47.7,47.6,47.7,23.98,47.6,47.6,47.7,47.7,47.6,47.7,47.6,47.7,47.7,23.99,47.7,47.7,47.7,47.6,47.7,47.7,47.7,47.6,47.7,23.94,47.6,47.6,47.7,47.7,47.7,47.7,47.6,47.6,47.7,23.9,47.7,47.7,47.6,47.7,47.7,47.7,47.7,47.7,47.7,23.94,47.6,47.7,47.7,47.6,47.7,47.7,35.6,35.4
0.0000796,34.6,47.6,47.7,47.6,47.7,47.6,47.6,47.7,47.7,47.7,47.7,24.21,47.7,47.7,47.7,47.7,47.7,47.7,47.7,47.6,47.7,23.94,47.6,47.7,47.6,47.6,47.7,47.7,47.7,47.7,47.6,24.25,47.7,47.7,47.7,47.6,47.7,47.6,47.7,47.7,47.7,23.94,47.6,47.7,47.7,47.6,47.6,47.7,47.6,47.6,47.7,23.89,47.7,47.7,47.7,47.7,47.7,47.7,47.7,47.7,47.7,23.81,47.6,47.6,47.6,47.7,47.6,47.7,47.7,47.6,47.7,23.94,47.7,47.7,47.7,47.6,47.7,47.7,47.7,47.7,47.7,23.99,47.6,47.6,47.7,47.7,47.6,47.7,47.7,47.7,47.7,23.89,47.7,47.7,47.7,47.7,47.7,47.7,35.8,35.5
0.0000798,34.6,47.6,47.6,47.7,47.6,47.7,47.6,47.7,47.6,47.7,47.7,24.17,47.6,47.7,47.7,47.6,47.7,47.7,47.7,47.7,47.7,23.89,47.7,47.7,47.6,47.6,47.6,47.7,47.7,47.7,47.7,24.16,47.7,47.7,47.7,47.7,47.6,47.6,47.7,47.7,47.7,23.94,47.6,47.7,47.7,47.7,47.7,47.7,47.7,47.7,47.7,23.99,47.6,47.6,47.6,47.7,47.6,47.7,47.7,47.7,47.6,23.95,47.7,47.7,47.7,47.7,47.7,47.7,47.7,47.7,47.7,24.03,47.7,47.7,47.7,47.6,47.6,47.7,47.7,47.7,47.6,23.94,47.7,47.6,47.6,47.7,47.7,47.7,47.7,47.7,47.7,23.94,47.7,47.7,47.7,47.6,47.7,47.7,35.8,35.5
0.00008,34.8,47.7,47.7,47.6,47.7,47.7,47.7,47.6,47.6,47.6,47.7,24.21,47.7,47.7,47.7,47.6,47.7,47.6,47.7,47.6,47.6,23.94,47.6,47.7,47.6,47.7,47.8,47.7,47.6,47.7,47.7,24.21,47.7,47.7,47.7,47.7,47.7,47.7,47.7,47.8,47.7,24.04,47.7,47.7,47.6,47.7,47.6,47.7,47.7,47.7,47.6,24.08,47.7,47.7,47.6,47.6,47.6,47.7,47.7,47.7,47.7,23.94,47.7,47.6,47.7,47.7,47.6,47.6,47.7,47.6,47.7,24.03,47.7,47.7,47.7,47.7,47.7,47.7,47.7,47.7,47.7,23.94,47.7,47.7,47.7,47.6,47.6,47.7,47.6,47.6,47.7,23.81,47.6,47.7,47.7,47.7,47.6,47.6,35.7,35.5
0.0000802,34.9,47.6,47.7,47.7,47.6,47.6,47.7,47.7,47.6,47.7,47.7,24.21,47.7,47.6,47.7,47.7,47.6,47.7,47.7,47.7,47.7,23.94,47.7,47.7,47.7,47.7,47.7,47.6,47.7,47.7,47.7,24.16,47.7,47.7,47.7,47.7,47.7,47.6,47.6,47.7,47.7,23.99,47.7,47.7,47.7,47.6,47.6,47.7,47.6,47.7,47.7,23.89,47.7,47.7,47.7,47.7,47.7,47.6,47.7,47.7,47.7,23.99,47.7,47.7,47.7,47.7,47.7,47.6,47.7,47.7,47.6,23.94,47.7,47.7,47.5,47.6,47.6,47.7,47.7,47.6,47.6,23.89,47.6,47.7,47.7,47.6,47.7,47.7,47.7,47.7,47.7,23.99,47.6,47.7,47.7,47.7,47.7,47.7,35.5,35.5
0.0000804,35.1,47.7,47.7,47.6,47.6,47.7,47.6,47.7,47.7,47.7,47.7,24.03,47.7,47.7,47.7,47.7,47.7,47.7,47.7,47.6,47.7,23.89,47.7,47.7,47.7,47.7,47.7,47.7,47.7,47.7,47.7,24.16,47.7,47.6,47.6,47.7,47.7,47.7,47.6,47.7,47.7,23.94,47.7,47.7,47.6,47.7,47.7,47.6,47.6,47.7,47.7,23.99,47.7,47.7,47.7,47.7,47.6,47.7,47.7,47.6,47.7,23.85,47.7,47.6,47.6,47.6,47.6,47.7,47.7,47.6,47.6,23.94,47.7,47.7,47.6,47.7,47.6,47.7,47.6,47.6,47.7,23.94,47.7,47.7,47.7,47.7,47.7,47.7,47.6,47.6,47.7,23.99,47.7,47.7,47.7,47.6,47.7,47.7,35.4,35.4
0.0000806,35.2,47.7,47.7,47.7,47.7,47.6,47.7,47.7,47.7,47.7,47.7,24.26,47.7,47.7,47.7,47.6,47.7,47.6,47.6,47.7,47.7,23.94,47.6,47.7,47.7,47.6,47.7,47.7,47.7,47.7,47.7,24.29,47.7,47.7,47.7,47.6,47.7,47.7,47.7,47.7,47.6,24.04,47.6,47.7,47.7,47.7,47.6,47.7,47.6,47.7,47.7,23.94,47.6,47.6,47.8,47.6,47.7,47.7,47.7,47.7,47.6,23.99,47.7,47.7,47.6,47.7,47.6,47.7,47.7,47.7,47.7,23.98,47.7,47.7,47.7,47.6,47.6,47.7,47.6,47.7,47.7,23.94,47.7,47.7,47.6,47.7,47.6,47.7,47.7,47.7,47.7,23.89,47.7,47.7,47.7,47.6,47.7,47.7,35.4,35.5
0.0000808,35.2,47.7,47.7,47.7,47.7,47.7,47.7,47.7,47.7,47.7,47.7,24.3,47.7,47.7,47.7,47.6,47.7,47.7,47.7,47.7,47.7,23.99,47.7,47.7,47.7,47.7,47.7,47.6,47.7,47.7,47.7,24.34,47.6,47.6,47.7,47.7,47.7,47.7,47.7,47.7,47.7,23.94,47.7,47.7,47.6,47.7,47.7,47.7,47.7,47.7,47.7,23.94,47.7,47.7,47.7,47.7,47.7,47.7,47.7,47.7,47.7,23.94,47.7,47.7,47.6,47.6,47.7,47.7,47.7,47.7,47.7,23.9,47.7,47.6,47.7,47.7,47.7,47.7,47.6,47.6,47.6,24.03,47.6,47.7,47.7,47.7,47.6,47.7,47.7,47.7,47.7,23.9,47.7,47.7,47.7,47.7,47.7,47.7,35.4,35.4
0.000081,35.2,47.7,47.7,47.7,47.6,47.6,47.6,47.7,47.6,47.7,47.7,24.29,47.7,47.7,47.7,47.7,47.7,47.7,47.7,47.6,47.7,23.9,47.6,47.7,47.7,47.7,47.7,47.7,47.7,47.7,47.7,24.42,47.7,47.8,47.6,47.7,47.7,47.7,47.6,47.7,47.7,23.99,47.7,47.7,47.7,47.6,47.7,47.7,47.6,47.6,47.7,23.94,47.7,47.6,47.7,47.7,47.7,47.7,47.7,47.6,47.7,23.95,47.6,47.7,47.7,47.7,47.7,47.6,47.7,47.6,47.7,24.03,47.7,47.6,47.7,47.6,47.7,47.7,47.7,47.7,47.7,23.94,47.6,47.7,47.7,47.7,47.7,47.7,47.7,47.7,47.7,23.99,47.7,47.7,47.7,47.6,47.7,47.7,35.4,35.4
0.0000812,35.3,47.7,47.7,47.7,47.7,47.7,47.7,47.7,47.7,47.7,47.7,24.39,47.7,47.7,47.7,47.7,47.7,47.7,47.6,47.7,47.7,23.98,47.6,47.6,47.6,47.7,47.7,47.6,47.7,47.7,47.7,24.34,47.6,47.7,47.7,47.6,47.7,47.7,47.7,47.7,47.7,23.94,47.6,47.7,47.7,47.6,47.7,47.6,47.7,47.7,47.7,23.99,47.7,47.7,47.7,47.6,47.7,47.6,47.7,47.7,47.7,23.89,47.6,47.7,47.7,47.7,47.6,47.7,47.7,47.7,47.7,23.94,47.7,47.7,47.6,47.7,47.6,47.6,47.7,47.7,47.7,23.94,47.6,47.7,47.6,47.6,47.7,47.6,47.7,47.7,47.7,23.85,47.6,47.7,47.7,47.7,47.7,47.6,35.5,35.5
0.0000814,35.5,47.6,47.7,47.7,47.7,47.7,47.6,47.7,47.7,47.7,47.7,24.33,47.6,47.6,47.6,47.7,47.7,47.6,47.7,47.7,47.6,24.17,47.7,47.6,47.6,47.7,47.7,47.7,47.6,47.7,47.7,24.38,47.6,47.7,47.6,47.6,47.6,47.7,47.7,47.7,47.7,24.04,47.7,47.6,47.7,47.6,47.7,47.7,47.7,47.6,47.7,23.94,47.7,47.7,47.7,47.6,47.7,47.6,47.7,47.7,47.6,23.94,47.6,47.7,47.7,47.7,47.7,47.6,47.7,47.7,47.6,23.99,47.7,47.6,47.7,47.7,47.7,47.6,47.7,47.7,47.7,23.99,47.6,47.7,47.7,47.7,47.7,47.7,47.6,47.7,47.7,23.99,47.7,47.6,47.7,47.7,47.7,47.7,35.5,35.5
0.0000816,35.7,47.7,47.7,47.7,47.6,47.7,47.6,47.6,47.7,47.7,47.6,24.42,47.6,47.6,47.7,47.6,47.6,47.6,47.7,47.6,47.7,24.21,47.7,47.7,47.6,47.6,47.7,47.7,47.7,47.7,47.6,24.34,47.6,47.6,47.7,47.6,47.7,47.7,47.7,47.6,47.7,23.99,47.7,47.7,47.7,47.6,47.7,47.7,47.7,47.7,47.7,23.99,47.6,47.7,47.7,47.7,47.7,47.6,47.5,47.7,47.7,23.94,47.6,47.7,47.7,47.7,47.7,47.7,47.6,47.7,47.7,23.94,47.7,47.6,47.6,47.7,47.7,47.7,47.7,47.7,47.7,23.99,47.7,47.7,47.7,47.7,47.6,47.7,47.6,47.6,47.7,23.94,47.7,47.7,47.7,47.7,47.7,47.7,35.7,35.6
0.0000818,35.7,47.7,47.6,47.6,47.6,47.7,47.7,47.7,47.6,47.6,47.6,24.33,47.7,47.7,47.7,47.7,47.7,47.7,47.7,47.7,47.7,24.12,47.7,47.7,47.7,47.7,47.7,47.6,47.6,47.7,47.6,24.47,47.7,47.7,47.7,47.7,47.7,47.7,47.7,47.7,47.7,23.94,47.7,47.7,47.6,47.7,47.7,47.7,47.7,47.7,47.7,24.07,47.7,47.6,47.7,47.6,47.7,47.6,47.5,47.7,47.7,23.85,47.7,47.7,47.7,47.7,47.7,47.7,47.7,47.7,47.7,23.89,47.8,47.7,47.7,47.6,47.7,47.7,47.7,47.7,47.6,23.89,47.6,47.6,47.7,47.7,47.7,47.7,47.7,47.7,47.7,23.85,47.7,47.6,47.7,47.7,47.7,47.7,35.5,35.5
0.000082,35.7,47.7,47.7,47.7,47.6,47.7,47.7,47.5,47.6,47.7,47.7,24.38,47.6,47.7,47.7,47.7,47.7,47.7,47.6,47.6,47.7,24.25,47.7,47.7,47.7,47.6,47.6,47.7,47.6,47.7,47.6,24.42,47.6,47.7,47.7,47.7,47.7,47.7,47.7,47.7,47.6,23.99,47.7,47.7,47.6,47.7,47.7,47.7,47.7,47.7,47.7,24.03,47.6,47.7,47.7,47.6,47.7,47.6,47.7,47.6,47.7,23.94,47.7,47.6,47.7,47.7,47.7,47.6,47.7,47.7,47.7,23.99,47.7,47.7,47.6,47.7,47.6,47.7,47.7,47.7,47.7,24.08,47.7,47.7,47.7,47.7,47.7,47.7,47.7,47.7,47.6,23.94,47.6,47.7,47.6,47.7,47.6,47.6,35.5,35.6
0.0000822,35.8,47.7,47.7,47.6,47.7,47.7,47.7,47.7,47.7,47.7,47.7,24.46,47.7,47.7,47.7,47.6,47.6,47.6,47.7,47.6,47.6,24.21,47.7,47.6,47.7,47.6,47.6,47.7,47.7,47.7,47.7,24.43,47.7,47.7,47.7,47.7,47.7,47.7,47.7,47.7,47.7,24.04,47.7,47.7,47.7,47.7,47.6,47.7,47.7,47.7,47.7,24.16,47.6,47.7,47.7,47.7,47.7,47.6,47.7,47.6,47.7,24.13,47.6,47.7,47.6,47.7,47.6,47.7,47.7,47.6,47.6,23.9,47.7,47.7,47.7,47.7,47.6,47.7,47.7,47.7,47.6,23.99,47.7,47.7,47.7,47.7,47.7,47.7,47.7,47.7,47.7,23.99,47.6,47.7,47.7,47.7,47.7,47.7,35.4,35.5
0.0000824,36,47.7,47.7,47.7,47.7,47.7,47.7,47.5,47.7,47.7,47.6,24.34,47.6,47.7,47.7,47.7,47.7,47.7,47.7,47.7,47.7,24.26,47.7,47.6,47.7,47.7,47.7,47.6,47.7,47.7,47.7,24.47,47.7,47.7,47.7,47.7,47.7,47.6,47.7,47.6,47.7,23.94,47.7,47.6,47.6,47.7,47.7,47.7,47.7,47.7,47.6,24.21,47.7,47.6,47.6,47.6,47.7,47.7,47.6,47.7,47.7,24.21,47.6,47.7,47.7,47.7,47.7,47.6,47.7,47.7,47.7,24.03,47.7,47.7,47.6,47.6,47.7,47.6,47.7,47.6,47.7,23.98,47.6,47.7,47.7,47.7,47.7,47.7,47.7,47.7,47.6,23.99,47.7,47.7,47.7,47.7,47.7,47.7,35.3,35.5
0.0000826,36,47.7,47.7,47.7,47.7,47.6,47.7,47.7,47.7,47.6,47.6,24.42,47.7,47.7,47.7,47.7,47.7,47.7,47.6,47.7,47.7,24.21,47.7,47.7,47.6,47.7,47.7,47.7,47.7,47.7,47.7,24.38,47.7,47.7,47.7,47.6,47.7,47.6,47.7,47.7,47.7,24.03,47.7,47.7,47.7,47.7,47.6,47.7,47.7,47.7,47.7,24.16,47.6,47.6,47.6,47.7,47.7,47.7,47.7,47.6,47.7,24.16,47.7,47.7,47.7,47.6,47.7,47.6,47.7,47.6,47.7,24.07,47.6,47.6,47.7,47.7,47.6,47.6,47.6,47.7,47.7,24.12,47.7,47.7,47.7,47.7,47.7,47.7,47.7,47.7,47.7,24.13,47.7,47.7,47.6,47.7,47.7,47.7,35.2,35.6
0.0000828,36.1,47.7,47.7,47.7,47.7,47.7,47.6,47.6,47.7,47.7,47.7,24.42,47.7,47.7,47.7,47.7,47.7,47.7,47.6,47.7,47.7,24.21,47.7,47.6,47.6,47.7,47.6,47.7,47.7,47.7,47.7,24.47,47.7,47.7,47.6,47.7,47.7,47.7,47.7,47.7,47.7,24.11,47.7,47.7,47.6,47.7,47.6,47.7,47.6,47.7,47.7,24.11,47.7,47.7,47.6,47.7,47.6,47.7,47.6,47.7,47.7,24.16,47.6,47.7,47.6,47.6,47.6,47.7,47.7,47.7,47.7,24.11,47.7,47.6,47.7,47.6,47.7,47.6,47.7,47.6,47.6,24.07,47.6,47.6,47.7,47.7,47.7,47.7,47.6,47.6,47.7,24.17,47.7,47.7,47.6,47.7,47.6,47.7,35.1,35.6
0.000083,36.1,47.6,47.6,47.7,47.7,47.7,47.7,47.7,47.6,47.6,47.7,24.51,47.7,47.7,47.6,47.6,47.6,47.7,47.7,47.7,47.7,24.16,47.7,47.7,47.7,47.6,47.7,47.7,47.7,47.7,47.7,24.47,47.7,47.7,47.6,47.7,47.7,47.7,47.6,47.7,47.7,23.99,47.6,47.7,47.7,47.7,47.7,47.7,47.7,47.7,47.7,24.16,47.6,47.6,47.7,47.7,47.7,47.7,47.6,47.7,47.7,24.16,47.7,47.7,47.7,47.6,47.7,47.7,47.7,47.7,47.6,24.21,47.7,47.7,47.7,47.7,47.6,47.7,47.6,47.7,47.6,24.16,47.7,47.7,47.7,47.6,47.6,47.7,47.7,47.6,47.7,24.25,47.6,47.6,47.6,47.7,47.7,47.7,35.2,35.4
0.0000832,36,47.7,47.7,47.7,47.7,47.7,47.6,47.7,47.7,47.7,47.7,24.42,47.7,47.8,47.6,47.7,47.7,47.7,47.6,47.6,47.7,24.11,47.7,47.7,47.7,47.6,47.7,47.6,47.7,47.6,47.6,24.39,47.7,47.7,47.7,47.7,47.6,47.7,47.6,47.7,47.7,24.16,47.7,47.7,47.7,47.6,47.7,47.6,47.7,47.7,47.6,24.26,47.7,47.7,47.7,47.7,47.7,47.7,47.7,47.8,47.7,24.21,47.7,47.7,47.7,47.6,47.6,47.7,47.6,47.7,47.6,24.12,47.7,47.7,47.7,47.7,47.7,47.6,47.7,47.6,47.7,24.16,47.7,47.7,47.7,47.7,47.7,47.7,47.7,47.6,47.7,24.16,47.7,47.7,47.6,47.6,47.7,47.7,35.4,35.6
0.0000834,35.9,47.7,47.6,47.7,47.7,47.6,47.7,47.6,47.7,47.7,47.7,24.47,47.7,47.7,47.7,47.7,47.7,47.7,47.6,47.7,47.7,24.16,47.6,47.7,47.6,47.6,47.7,47.7,47.7,47.7,47.7,24.47,47.7,47.7,47.7,47.6,47.7,47.7,47.7,47.7,47.7,24.25,47.7,47.7,47.7,47.7,47.7,47.6,47.7,47.7,47.6,24.16,47.7,47.7,47.7,47.7,47.7,47.7,47.7,47.7,47.7,24.26,47.7,47.6,47.7,47.7,47.6,47.7,47.6,47.6,47.7,24.11,47.7,47.6,47.6,47.7,47.6,47.7,47.7,47.6,47.6,24.17,47.7,47.7,47.6,47.7,47.7,47.6,47.6,47.6,47.7,24.16,47.7,47.7,47.7,47.7,47.7,47.7,35.5,35.4
0.0000836,35.9,47.7,47.7,47.7,47.6,47.6,47.7,47.7,47.7,47.7,47.7,24.51,47.7,47.6,47.7,47.7,47.7,47.7,47.6,47.7,47.7,24.26,47.6,47.6,47.7,47.7,47.7,47.7,47.7,47.6,47.7,24.56,47.7,47.7,47.7,47.6,47.6,47.7,47.7,47.7,47.6,24.17,47.7,47.6,47.7,47.6,47.7,47.7,47.6,47.7,47.7,24.25,47.6,47.7,47.7,47.7,47.7,47.7,47.7,47.7,47.6,24.21,47.7,47.7,47.6,47.7,47.7,47.7,47.7,47.7,47.6,24.21,47.7,47.7,47.6,47.7,47.7,47.6,47.7,47.7,47.7,24.21,47.7,47.6,47.7,47.6,47.6,47.6,47.7,47.7,47.7,24.21,47.6,47.7,47.6,47.6,47.6,47.6,35.6,35.4
0.0000838,36,47.6,47.7,47.7,47.7,47.6,47.7,47.6,47.6,47.6,47.7,24.6,47.6,47.7,47.6,47.6,47.6,47.7,47.7,47.7,47.7,24.16,47.6,47.7,47.6,47.7,47.7,47.7,47.6,47.6,47.7,24.51,47.7,47.6,47.7,47.6,47.6,47.7,47.7,47.7,47.7,24.25,47.7,47.6,47.7,47.7,47.6,47.6,47.7,47.7,47.6,24.26,47.7,47.7,47.7,47.6,47.7,47.7,47.6,47.7,47.6,24.16,47.7,47.7,47.6,47.6,47.7,47.7,47.7,47.7,47.7,24.16,47.6,47.7,47.7,47.7,47.6,47.7,47.7,47.6,47.7,24.26,47.7,47.6,47.7,47.7,47.7,47.6,47.7,47.6,47.7,24.25,47.7,47.7,47.6,47.6,47.7,47.6,35.7,35.4
0.000084,36,47.6,47.7,47.6,47.6,47.7,47.7,47.7,47.7,47.6,47.7,24.56,47.7,47.7,47.7,47.6,47.7,47.7,47.7,47.7,47.7,24.16,47.7,47.7,47.6,47.6,47.7,47.7,47.7,47.7,47.6,24.51,47.6,47.7,47.7,47.6,47.6,47.7,47.7,47.6,47.6,24.3,47.7,47.7,47.6,47.7,47.7,47.7,47.6,47.7,47.7,24.21,47.7,47.7,47.6,47.7,47.6,47.8,47.6,47.7,47.6,24.26,47.7,47.6,47.6,47.7,47.7,47.6,47.7,47.7,47.6,24.26,47.7,47.7,47.7,47.6,47.7,47.7,47.7,47.6,47.6,24.21,47.6,47.7,47.7,47.7,47.7,47.7,47.7,47.6,47.6,24.25,47.7,47.6,47.7,47.7,47.7,47.6,35.8,35.4
0.0000842,36.3,47.7,47.6,47.7,47.7,47.6,47.7,47.7,47.7,47.7,47.7,24.56,47.7,47.7,47.7,47.7,47.7,47.7,47.6,47.7,47.7,24.11,47.7,47.6,47.6,47.6,47.7,47.6,47.7,47.7,47.7,24.51,47.6,47.7,47.7,47.7,47.7,47.7,47.7,47.7,47.7,24.16,47.6,47.6,47.7,47.7,47.6,47.7,47.7,47.7,47.7,24.21,47.6,47.7,47.7,47.7,47.6,47.7,47.7,47.7,47.7,24.21,47.7,47.7,47.6,47.7,47.6,47.7,47.6,47.7,47.7,24.16,47.7,47.7,47.7,47.7,47.6,47.7,47.7,47.6,47.7,24.25,47.7,47.7,47.7,47.7,47.6,47.7,47.7,47.7,47.7,24.21,47.7,47.7,47.6,47.7,47.7,47.7,35.8,35.5
0.0000844,36.4,47.6,47.7,47.7,47.7,47.7,47.6,47.7,47.7,47.7,47.6,24.56,47.7,47.7,47.7,47.6,47.7,47.6,47.7,47.7,47.6,24.21,47.7,47.7,47.7,47.6,47.7,47.7,47.6,47.6,47.7,24.65,47.7,47.7,47.7,47.7,47.6,47.7,47.7,47.6,47.7,24.25,47.7,47.7,47.6,47.7,47.6,47.7,47.7,47.7,47.7,24.16,47.7,47.7,47.7,47.7,47.7,47.7,47.7,47.7,47.6,24.2,47.7,47.6,47.6,47.7,47.7,47.6,47.7,47.7,47.7,24.21,47.6,47.7,47.7,47.7,47.6,47.7,47.6,47.7,47.6,24.21,47.7,47.7,47.7,47.6,47.7,47.7,47.6,47.7,47.7,24.25,47.7,47.7,47.7,47.7,47.6,47.7,35.8,35.7
0.0000846,36.5,47.7,47.6,47.6,47.7,47.7,47.7,47.7,47.7,47.7,47.7,24.56,47.7,47.7,47.7,47.6,47.7,47.7,47.7,47.7,47.6,24.25,47.7,47.7,47.6,47.7,47.7,47.7,47.7,47.6,47.7,24.55,47.7,47.6,47.7,47.7,47.7,47.6,47.7,47.6,47.6,24.26,47.7,47.6,47.7,47.7,47.6,47.7,47.7,47.7,47.6,24.11,47.7,47.7,47.7,47.7,47.7,47.6,47.7,47.6,47.6,24.21,47.6,47.7,47.7,47.7,47.7,47.6,47.7,47.7,47.7,24.21,47.7,47.7,47.7,47.7,47.7,47.7,47.6,47.7,47.7,24.21,47.7,47.7,47.7,47.7,47.7,47.7,47.7,47.7,47.7,24.2,47.6,47.6,47.7,47.7,47.7,47.7,35.7,35.6
0.0000848,36.7,47.6,47.6,47.7,47.7,47.7,47.6,47.6,47.6,47.7,47.6,24.56,47.7,47.6,47.5,47.7,47.6,47.7,47.7,47.7,47.7,24.29,47.7,47.7,47.7,47.7,47.6,47.7,47.7,47.6,47.7,24.69,47.7,47.6,47.6,47.7,47.7,47.7,47.7,47.7,47.6,24.3,47.7,47.6,47.7,47.7,47.6,47.7,47.6,47.7,47.7,24.11,47.7,47.7,47.7,47.7,47.7,47.7,47.7,47.6,47.7,24.12,47.6,47.6,47.7,47.6,47.7,47.7,47.7,47.7,47.7,24.16,47.7,47.7,47.7,47.7,47.7,47.6,47.7,47.7,47.7,24.17,47.7,47.7,47.7,47.7,47.6,47.7,47.7,47.6,47.7,24.21,47.7,47.7,47.7,47.7,47.6,47.6,35.7,35.7
0.000085,36.7,47.7,47.7,47.7,47.7,47.6,47.7,47.7,47.7,47.7,47.7,24.65,47.6,47.7,47.7,47.6,47.7,47.7,47.7,47.7,47.7,24.29,47.6,47.6,47.7,47.7,47.6,47.7,47.6,47.7,47.7,24.61,47.7,47.7,47.6,47.7,47.7,47.7,47.7,47.6,47.7,24.12,47.6,47.7,47.7,47.7,47.7,47.7,47.6,47.6,47.7,24.26,47.7,47.6,47.7,47.7,47.7,47.7,47.6,47.6,47.7,24.21,47.7,47.7,47.6,47.7,47.7,47.7,47.7,47.7,47.7,24.16,47.6,47.6,47.7,47.7,47.7,47.6,47.6,47.6,47.6,24.16,47.6,47.7,47.7,47.7,47.6,47.7,47.7,47.7,47.6,24.21,47.6,47.7,47.7,47.6,47.7,47.7,35.5,35.6
0.0000852,36.5,47.6,47.7,47.6,47.7,47.7,47.7,47.6,47.7,47.7,47.7,24.69,47.7,47.7,47.7,47.7,47.7,47.7,47.6,47.7,47.6,24.38,47.7,47.7,47.6,47.7,47.7,47.7,47.7,47.6,47.7,24.74,47.6,47.7,47.7,47.7,47.7,47.7,47.7,47.6,47.6,24.16,47.7,47.6,47.7,47.7,47.6,47.7,47.7,47.6,47.7,24.29,47.7,47.7,47.7,47.7,47.6,47.7,47.6,47.7,47.6,24.21,47.7,47.7,47.7,47.7,47.6,47.7,47.7,47.7,47.7,24.16,47.7,47.6,47.7,47.6,47.6,47.7,47.6,47.6,47.7,24.16,47.7,47.7,47.7,47.7,47.6,47.7,47.7,47.6,47.7,24.12,47.7,47.7,47.6,47.6,47.6,47.7,35.4,35.6
0.0000854,36.5,47.6,47.6,47.7,47.7,47.7,47.7,47.7,47.7,47.7,47.7,24.65,47.6,47.6,47.6,47.7,47.7,47.7,47.6,47.7,47.7,24.38,47.7,47.7,47.7,47.7,47.7,47.6,47.7,47.7,47.7,24.78,47.6,47.6,47.7,47.7,47.6,47.7,47.7,47.7,47.6,24.21,47.7,47.6,47.7,47.7,47.7,47.7,47.6,47.6,47.7,24.39,47.7,47.7,47.7,47.7,47.7,47.7,47.7,47.7,47.7,24.25,47.7,47.7,47.7,47.6,47.6,47.6,47.6,47.7,47.7,24.16,47.7,47.6,47.6,47.7,47.6,47.7,47.7,47.7,47.6,24.21,47.7,47.7,47.6,47.7,47.7,47.7,47.7,47.7,47.6,24.16,47.7,47.6,47.7,47.7,47.7,47.7,35.5,35.4
0.0000856,36.4,47.7,47.7,47.7,47.6,47.5,47.7,47.6,47.6,47.6,47.7,24.69,47.7,47.6,47.7,47.7,47.7,47.7,47.7,47.7,47.7,24.38,47.7,47.6,47.7,47.7,47.7,47.7,47.7,47.7,47.6,24.82,47.7,47.6,47.7,47.5,47.7,47.6,47.7,47.7,47.7,24.21,47.6,47.6,47.6,47.6,47.7,47.7,47.7,47.6,47.7,24.43,47.7,47.7,47.7,47.7,47.6,47.7,47.7,47.7,47.6,24.29,47.7,47.7,47.6,47.7,47.7,47.7,47.7,47.6,47.6,24.21,47.7,47.7,47.7,47.7,47.6,47.6,47.7,47.6,47.7,24.16,47.7,47.6,47.6,47.7,47.7,47.7,47.7,47.7,47.7,24.16,47.7,47.7,47.7,47.7,47.7,47.7,35.7,35.4
0.0000858,36.4,47.6,47.5,47.6,47.7,47.7,47.6,47.7,47.7,47.7,47.7,24.78,47.6,47.7,47.7,47.7,47.7,47.6,47.7,47.7,47.7,24.43,47.6,47.7,47.7,47.6,47.6,47.7,47.7,47.7,47.7,25.04,47.7,47.6,47.7,47.6,47.6,47.6,47.7,47.7,47.7,24.16,47.7,47.7,47.6,47.6,47.7,47.7,47.6,47.6,47.7,24.39,47.7,47.7,47.7,47.7,47.6,47.7,47.7,47.6,47.7,24.34,47.6,47.5,47.7,47.7,47.6,47.7,47.7,47.7,47.7,24.25,47.6,47.7,47.7,47.7,47.7,47.6,47.7,47.6,47.7,24.29,47.6,47.7,47.7,47.7,47.6,47.7,47.7,47.6,47.7,24.2,47.7,47.6,47.6,47.7,47.6,47.7,35.6,35.4
0.000086,36.3,47.7,47.7,47.7,47.7,47.7,47.7,47.7,47.7,47.7,47.7,24.96,47.7,47.7,47.7,47.7,47.7,47.7,47.7,47.7,47.7,24.43,47.7,47.7,47.6,47.7,47.7,47.7,47.6,47.7,47.7,25.04,47.6,47.7,47.7,47.7,47.6,47.7,47.7,47.7,47.7,24.3,47.7,47.6,47.7,47.7,47.6,47.7,47.6,47.7,47.6,24.43,47.6,47.7,47.7,47.7,47.6,47.7,47.7,47.7,47.6,24.38,47.7,47.6,47.7,47.7,47.7,47.7,47.6,47.7,47.7,24.34,47.7,47.7,47.7,47.7,47.7,47.6,47.7,47.6,47.6,24.33,47.7,47.7,47.7,47.6,47.6,47.7,47.7,47.7,47.7,24.21,47.7,47.7,47.7,47.7,47.7,47.7,35.5,35.5
0.0000862,36.3,47.7,47.6,47.7,47.7,47.6,47.7,47.6,47.7,47.7,47.7,25.17,47.7,47.7,47.7,47.7,47.7,47.7,47.7,47.6,47.7,24.47,47.7,47.7,47.6,47.7,47.7,47.7,47.7,47.7,47.7,25.53,47.7,47.7,47.7,47.7,47.6,47.7,47.6,47.6,47.6,24.29,47.6,47.6,47.7,47.7,47.7,47.6,47.7,47.7,47.7,24.42,47.7,47.6,47.7,47.7,47.7,47.7,47.7,47.7,47.7,24.34,47.7,47.7,47.6,47.6,47.7,47.6,47.6,47.7,47.7,24.43,47.7,47.7,47.6,47.7,47.6,47.7,47.6,47.7,47.7,24.34,47.7,47.7,47.7,47.7,47.7,47.7,47.7,47.7,47.6,24.3,47.7,47.7,47.7,47.7,47.6,47.6,35.6,35.4
0.0000864,36.4,47.6,47.7,47.7,47.7,47.7,47.6,47.6,47.7,47.6,47.6,25.39,47.6,47.7,47.6,47.7,47.7,47.6,47.7,47.7,47.7,24.38,47.7,47.6,47.7,47.7,47.7,47.7,47.7,47.7,47.7,25.7,47.7,47.7,47.7,47.7,47.6,47.7,47.6,47.7,47.7,24.25,47.6,47.7,47.6,47.6,47.7,47.7,47.7,47.7,47.7,24.38,47.7,47.6,47.7,47.7,47.7,47.6,47.7,47.7,47.7,24.38,47.6,47.6,47.7,47.7,47.7,47.7,47.6,47.7,47.6,24.33,47.7,47.7,47.6,47.7,47.7,47.7,47.6,47.6,47.7,24.34,47.7,47.6,47.7,47.7,47.6,47.7,47.6,47.7,47.7,24.34,47.6,47.7,47.6,47.7,47.6,47.6,35.6,35.4
0.0000866,36.6,47.7,47.6,47.6,47.7,47.6,47.6,47.7,47.7,47.6,47.6,25.57,47.7,47.6,47.7,47.7,47.7,47.7,47.6,47.6,47.7,24.43,47.6,47.7,47.7,47.7,47.7,47.6,47.6,47.7,47.7,26.05,47.7,47.7,47.6,47.7,47.6,47.7,47.6,47.7,47.7,24.47,47.7,47.7,47.7,47.7,47.6,47.6,47.7,47.7,47.6,24.42,47.7,47.6,47.6,47.7,47.6,47.7,47.7,47.6,47.6,24.38,47.7,47.7,47.6,47.7,47.7,47.7,47.7,47.6,47.6,24.33,47.7,47.7,47.7,47.7,47.7,47.7,47.7,47.7,47.7,24.43,47.6,47.7,47.7,47.6,47.7,47.7,47.6,47.7,47.6,24.33,47.7,47.7,47.7,47.7,47.7,47.7,35.5,35.4
0.0000868,36.7,47.6,47.6,47.7,47.6,47.7,47.6,47.7,47.7,47.7,47.7,26.13,47.6,47.7,47.6,47.7,47.7,47.7,47.7,47.7,47.7,24.47,47.7,47.7,47.6,47.7,47.7,47.7,47.7,47.7,47.7,26.4,47.7,47.7,47.7,47.7,47.7,47.7,47.7,47.7,47.7,24.43,47.6,47.7,47.6,47.7,47.7,47.7,47.7,47.7,47.6,24.42,47.6,47.7,47.7,47.7,47.7,47.7,47.6,47.7,47.7,24.43,47.7,47.7,47.6,47.6,47.6,47.6,47.7,47.7,47.7,24.43,47.7,47.6,47.6,47.7,47.7,47.7,47.7,47.6,47.7,24.38,47.6,47.7,47.7,47.7,47.7,47.7,47.7,47.6,47.7,24.33,47.7,47.7,47.6,47.7,47.7,47.6,35.4,35.5
0.000087,36.7,47.7,47.7,47.6,47.7,47.6,47.7,47.6,47.7,47.6,47.7,26.54,47.7,47.6,47.7,47.7,47.7,47.7,47.6,47.7,47.7,24.47,47.6,47.7,47.7,47.7,47.7,47.7,47.7,47.7,47.7,26.75,47.7,47.6,47.7,47.7,47.7,47.7,47.7,47.7,47.7,24.33,47.7,47.7,47.7,47.7,47.7,47.7,47.7,47.7,47.7,24.42,47.7,47.7,47.7,47.7,47.7,47.7,47.7,47.7,47.7,24.43,47.6,47.7,47.6,47.6,47.6,47.7,47.7,47.6,47.6,24.38,47.7,47.7,47.6,47.7,47.7,47.7,47.7,47.7,47.7,24.42,47.6,47.7,47.7,47.6,47.7,47.7,47.7,47.7,47.7,24.38,47.7,47.6,47.7,47.6,47.7,47.7,35.4,35.5
0.0000872,36.8,47.6,47.6,47.7,47.7,47.6,47.7,47.6,47.7,47.7,47.7,26.97,47.7,47.7,47.6,47.6,47.7,47.7,47.7,47.7,47.7,24.47,47.7,47.7,47.7,47.7,47.6,47.7,47.7,47.7,47.7,27.15,47.6,47.7,47.7,47.6,47.7,47.6,47.7,47.7,47.7,24.33,47.6,47.7,47.7,47.7,47.7,47.7,47.6,47.6,47.6,24.42,47.7,47.6,47.7,47.7,47.7,47.7,47.6,47.7,47.7,24.42,47.7,47.7,47.7,47.6,47.7,47.7,47.7,47.6,47.6,24.33,47.7,47.7,47.7,47.7,47.7,47.7,47.6,47.7,47.6,24.33,47.7,47.7,47.6,47.7,47.7,47.7,47.6,47.7,47.7,24.38,47.6,47.6,47.7,47.7,47.7,47.7,35.4,35.5
0.0000874,36.7,47.8,47.7,47.7,47.7,47.6,47.6,47.6,47.6,47.7,47.6,27.37,47.7,47.7,47.7,47.7,47.7,47.7,47.6,47.7,47.7,24.47,47.7,47.7,47.6,47.7,47.7,47.6,47.7,47.7,47.7,27.55,47.7,47.7,47.7,47.6,47.7,47.6,47.6,47.7,47.6,24.43,47.7,47.7,47.7,47.7,47.7,47.7,47.6,47.7,47.7,24.47,47.6,47.6,47.7,47.7,47.7,47.7,47.7,47.6,47.7,24.39,47.7,47.7,47.7,47.7,47.6,47.7,47.7,47.7,47.7,24.33,47.6,47.7,47.6,47.7,47.7,47.7,47.7,47.7,47.7,24.42,47.7,47.7,47.7,47.7,47.7,47.7,47.6,47.7,47.7,24.43,47.6,47.7,47.6,47.5,47.6,47.7,35.4,35.4
0.0000876,36.6,47.7,47.6,47.7,47.7,47.7,47.6,47.7,47.7,47.7,47.7,27.73,47.7,47.7,47.7,47.7,47.7,47.7,47.6,47.7,47.7,24.47,47.6,47.7,47.7,47.7,47.7,47.7,47.7,47.7,47.7,27.9,47.7,47.7,47.7,47.6,47.7,47.6,47.6,47.7,47.7,24.38,47.6,47.7,47.7,47.7,47.7,47.6,47.7,47.7,47.6,24.47,47.6,47.7,47.6,47.7,47.7,47.7,47.7,47.7,47.7,24.43,47.6,47.7,47.7,47.7,47.7,47.7,47.7,47.7,47.6,24.47,47.7,47.6,47.7,47.7,47.7,47.7,47.6,47.6,47.7,24.38,47.6,47.6,47.7,47.7,47.7,47.7,47.7,47.7,47.7,24.38,47.7,47.7,47.6,47.7,47.7,47.7,35.5,35.4
0.0000878,36.6,47.7,47.7,47.7,47.7,47.7,47.7,47.7,47.7,47.6,47.7,28.13,47.7,47.7,47.7,47.7,47.6,47.6,47.7,47.7,47.6,24.55,47.7,47.7,47.7,47.7,47.6,47.7,47.7,47.6,47.7,28.36,47.6,47.7,47.6,47.6,47.7,47.7,47.7,47.6,47.6,24.47,47.6,47.7,47.7,47.7,47.7,47.7,47.7,47.7,47.6,24.52,47.7,47.7,47.7,47.7,47.6,47.7,47.7,47.7,47.7,24.42,47.6,47.6,47.7,47.7,47.6,47.7,47.7,47.6,47.6,24.42,47.7,47.7,47.7,47.6,47.7,47.6,47.7,47.7,47.7,24.47,47.7,47.7,47.7,47.7,47.7,47.7,47.6,47.6,47.7,24.37,47.7,47.7,47.7,47.7,47.7,47.7,35.4,35.4
0.000088,36.5,47.7,47.6,47.6,47.6,47.6,47.7,47.7,47.7,47.7,47.7,28.4,47.7,47.7,47.7,47.6,47.7,47.6,47.7,47.7,47.7,24.47,47.6,47.7,47.7,47.7,47.6,47.6,47.7,47.7,47.7,28.78,47.7,47.6,47.7,47.7,47.7,47.7,47.7,47.7,47.6,24.38,47.7,47.6,47.7,47.7,47.7,47.7,47.7,47.7,47.7,24.47,47.6,47.7,47.6,47.6,47.7,47.6,47.7,47.7,47.7,24.47,47.7,47.7,47.7,47.7,47.6,47.6,47.6,47.7,47.7,24.47,47.7,47.7,47.7,47.7,47.6,47.7,47.7,47.7,47.7,24.34,47.7,47.7,47.7,47.7,47.6,47.7,47.7,47.7,47.7,24.46,47.7,47.7,47.6,47.6,47.7,47.6,35.4,35.4
0.0000882,36.5,47.7,47.7,47.6,47.7,47.7,47.7,47.6,47.7,47.6,47.7,28.63,47.6,47.6,47.7,47.7,47.7,47.6,47.7,47.6,47.7,24.47,47.7,47.7,47.7,47.6,47.7,47.7,47.6,47.7,47.7,29.08,47.7,47.6,47.7,47.7,47.6,47.6,47.6,47.7,47.7,24.43,47.7,47.7,47.6,47.7,47.7,47.7,47.6,47.7,47.7,24.43,47.6,47.7,47.7,47.6,47.7,47.7,47.6,47.7,47.7,24.51,47.7,47.6,47.7,47.7,47.6,47.7,47.7,47.7,47.7,24.42,47.7,47.7,47.7,47.7,47.7,47.7,47.6,47.6,47.6,24.43,47.7,47.7,47.7,47.7,47.6,47.7,47.7,47.7,47.7,24.33,47.7,47.7,47.7,47.7,47.7,47.7,35.4,35.4
0.0000884,36.4,47.7,47.7,47.7,47.7,47.7,47.7,47.7,47.7,47.7,47.6,28.92,47.7,47.6,47.7,47.7,47.6,47.7,47.7,47.7,47.7,24.55,47.7,47.7,47.7,47.7,47.7,47.7,47.7,47.7,47.7,29.47,47.7,47.7,47.7,47.7,47.7,47.7,47.6,47.7,47.7,24.42,47.7,47.7,47.6,47.7,47.7,47.7,47.7,47.7,47.7,24.56,47.7,47.6,47.7,47.7,47.7,47.7,47.7,47.6,47.6,24.51,47.7,47.7,47.7,47.7,47.7,47.7,47.7,47.7,47.7,24.52,47.6,47.7,47.7,47.7,47.6,47.7,47.7,47.6,47.7,24.43,47.7,47.7,47.8,47.7,47.6,47.6,47.7,47.6,47.7,24.51,47.7,47.6,47.6,47.7,47.7,47.6,35.3,35.4
0.0000886,36.6,47.7,47.7,47.7,47.7,47.7,47.7,47.7,47.7,47.7,47.7,29.09,47.7,47.7,47.7,47.7,47.7,47.7,47.7,47.6,47.7,24.6,47.7,47.7,47.7,47.6,47.6,47.7,47.6,47.6,47.7,29.74,47.7,47.6,47.6,47.7,47.7,47.6,47.6,47.7,47.6,24.55,47.6,47.7,47.6,47.7,47.7,47.7,47.7,47.7,47.6,24.6,47.7,47.7,47.7,47.7,47.7,47.7,47.6,47.7,47.6,24.51,47.6,47.6,47.7,47.7,47.6,47.6,47.7,47.6,47.6,24.47,47.6,47.7,47.7,47.7,47.7,47.7,47.6,47.7,47.7,24.52,47.7,47.7,47.6,47.7,47.7,47.7,47.7,47.7,47.7,24.51,47.7,47.7,47.7,47.7,47.7,47.7,35.3,35.4
0.0000888,36.6,47.7,47.7,47.7,47.7,47.7,47.7,47.6,47.6,47.7,47.7,29.36,47.6,47.7,47.6,47.7,47.7,47.7,47.7,47.6,47.7,24.65,47.6,47.7,47.7,47.7,47.7,47.7,47.7,47.7,47.7,30.13,47.7,47.7,47.7,47.7,47.6,47.7,47.6,47.7,47.7,24.47,47.7,47.7,47.7,47.7,47.7,47.7,47.7,47.7,47.6,24.65,47.7,47.7,47.7,47.7,47.6,47.7,47.7,47.7,47.7,24.51,47.6,47.6,47.7,47.7,47.7,47.7,47.6,47.7,47.7,24.56,47.7,47.7,47.7,47.7,47.7,47.7,47.6,47.7,47.7,24.37,47.7,47.7,47.7,47.6,47.6,47.7,47.7,47.6,47.6,24.47,47.7,47.7,47.7,47.7,47.7,47.7,35.3,35.5
0.000089,36.6,47.7,47.7,47.6,47.6,47.6,47.7,47.7,47.7,47.7,47.7,29.84,47.7,47.6,47.7,47.7,47.6,47.7,47.7,47.7,47.6,24.69,47.7,47.7,47.7,47.7,47.7,47.6,47.7,47.7,47.7,30.36,47.7,47.7,47.7,47.7,47.7,47.7,47.7,47.6,47.7,24.56,47.7,47.7,47.7,47.7,47.7,47.7,47.7,47.7,47.6,24.6,47.7,47.6,47.7,47.6,47.7,47.7,47.6,47.7,47.7,24.55,47.7,47.7,47.7,47.7,47.7,47.7,47.7,47.6,47.7,24.51,47.7,47.7,47.6,47.7,47.7,47.6,47.7,47.6,47.7,24.51,47.6,47.7,47.7,47.6,47.6,47.7,47.7,47.6,47.6,24.43,47.7,47.7,47.7,47.7,47.6,47.7,35.3,35.5
0.0000892,36.5,47.7,47.7,47.7,47.6,47.6,47.7,47.7,47.7,47.7,47.7,30.32,47.7,47.7,47.6,47.6,47.7,47.7,47.6,47.7,47.7,24.65,47.6,47.7,47.7,47.7,47.7,47.7,47.6,47.6,47.7,30.74,47.7,47.7,47.7,47.7,47.7,47.6,47.7,47.7,47.7,24.56,47.7,47.6,47.7,47.7,47.7,47.6,47.6,47.7,47.6,24.7,47.6,47.7,47.7,47.7,47.7,47.7,47.7,47.7,47.6,24.65,47.7,47.7,47.6,47.7,47.6,47.6,47.7,47.7,47.6,24.55,47.7,47.7,47.7,47.6,47.6,47.7,47.6,47.6,47.7,24.51,47.7,47.7,47.7,47.6,47.7,47.7,47.6,47.7,47.6,24.52,47.7,47.7,47.7,47.7,47.7,47.7,35.4,35.6
0.0000894,36.6,47.6,47.7,47.7,47.6,47.7,47.6,47.7,47.7,47.7,47.7,30.8,47.7,47.7,47.7,47.7,47.6,47.6,47.6,47.7,47.7,24.69,47.7,47.7,47.7,47.7,47.6,47.6,47.6,47.7,47.7,31.13,47.6,47.7,47.6,47.7,47.7,47.7,47.6,47.7,47.7,24.55,47.7,47.7,47.7,47.7,47.6,47.7,47.6,47.6,47.6,24.6,47.6,47.6,47.7,47.6,47.7,47.6,47.6,47.7,47.7,24.56,47.7,47.7,47.7,47.7,47.6,47.7,47.7,47.7,47.6,24.65,47.7,47.7,47.7,47.7,47.6,47.6,47.7,47.7,47.6,24.6,47.6,47.6,47.7,47.6,47.6,47.6,47.7,47.7,47.7,24.55,47.6,47.7,47.6,47.7,47.7,47.7,35.6,35.5
0.0000896,36.6,47.6,47.7,47.7,47.7,47.7,47.7,47.6,47.7,47.6,47.6,31.13,47.7,47.6,47.7,47.6,47.6,47.7,47.6,47.6,47.7,24.73,47.6,47.6,47.7,47.7,47.7,47.6,47.7,47.7,47.7,31.4,47.7,47.6,47.7,47.6,47.6,47.7,47.7,47.6,47.7,24.6,47.7,47.7,47.7,47.6,47.7,47.7,47.7,47.7,47.7,24.65,47.6,47.7,47.7,47.6,47.7,47.7,47.7,47.7,47.6,24.6,47.7,47.7,47.7,47.7,47.7,47.7,47.7,47.6,47.6,24.6,47.7,47.7,47.7,47.7,47.6,47.7,47.6,47.6,47.7,24.55,47.6,47.7,47.6,47.7,47.7,47.7,47.7,47.7,47.7,24.52,47.7,47.7,47.6,47.7,47.7,47.6,35.4,35.4
0.0000898,36.6,47.6,47.7,47.6,47.6,47.7,47.7,47.7,47.7,47.7,47.7,31.47,47.7,47.6,47.7,47.6,47.7,47.7,47.7,47.6,47.6,24.87,47.7,47.7,47.7,47.6,47.7,47.7,47.7,47.7,47.7,31.6,47.7,47.7,47.7,47.7,47.7,47.7,47.6,47.7,47.7,24.65,47.7,47.7,47.7,47.7,47.7,47.6,47.6,47.7,47.7,24.78,47.6,47.7,47.7,47.7,47.7,47.6,47.6,47.6,47.7,24.6,47.7,47.7,47.7,47.7,47.6,47.7,47.6,47.7,47.6,24.56,47.7,47.7,47.7,47.6,47.7,47.7,47.7,47.7,47.6,24.6,47.7,47.7,47.7,47.7,47.7,47.7,47.7,47.7,47.7,24.65,47.6,47.7,47.7,47.7,47.7,47.6,35.3,35.5
0.00009,36.7,47.6,47.7,47.7,47.7,47.7,47.7,47.7,47.7,47.7,47.7,31.9,47.7,47.7,47.7,47.7,47.7,47.6,47.7,47.7,47.7,25,47.7,47.6,47.6,47.7,47.6,47.6,47.7,47.7,47.7,32,47.7,47.7,47.7,47.7,47.7,47.6,47.7,47.7,47.7,24.6,47.7,47.7,47.7,47.7,47.7,47.7,47.7,47.7,47.6,24.78,47.7,47.6,47.7,47.7,47.7,47.7,47.7,47.6,47.7,24.61,47.7,47.7,47.7,47.6,47.7,47.6,47.6,47.7,47.6,24.6,47.7,47.7,47.7,47.6,47.7,47.6,47.7,47.7,47.7,24.65,47.6,47.6,47.7,47.7,47.7,47.6,47.7,47.7,47.7,24.6,47.7,47.6,47.6,47.7,47.7,47.6,35.4,35.5
0.0000902,36.6,47.7,47.6,47.7,47.7,47.7,47.6,47.7,47.7,47.7,47.7,32,47.7,47.7,47.6,47.6,47.7,47.7,47.7,47.7,47.6,25.13,47.7,47.7,47.7,47.6,47.7,47.7,47.7,47.6,47.7,32.3,47.7,47.7,47.6,47.6,47.7,47.7,47.6,47.7,47.7,24.65,47.7,47.6,47.6,47.7,47.7,47.7,47.6,47.7,47.6,24.78,47.7,47.7,47.7,47.7,47.7,47.6,47.7,47.7,47.6,24.6,47.7,47.6,47.6,47.6,47.7,47.7,47.7,47.7,47.6,24.6,47.7,47.6,47.6,47.7,47.7,47.7,47.7,47.7,47.6,24.56,47.7,47.6,47.7,47.7,47.7,47.7,47.7,47.7,47.7,24.65,47.7,47.6,47.7,47.7,47.7,47.7,35.2,35.4
0.0000904,36.6,47.7,47.7,47.6,47.7,47.5,47.7,47.7,47.7,47.7,47.7,32.4,47.7,47.7,47.7,47.7,47.8,47.6,47.7,47.6,47.7,25.44,47.7,47.7,47.7,47.6,47.6,47.6,47.7,47.6,47.6,32.6,47.7,47.7,47.7,47.7,47.6,47.7,47.6,47.7,47.6,24.7,47.7,47.6,47.6,47.7,47.7,47.7,47.6,47.6,47.6,24.95,47.7,47.7,47.7,47.7,47.6,47.7,47.6,47.6,47.7,24.82,47.7,47.7,47.6,47.6,47.6,47.6,47.7,47.7,47.6,24.73,47.7,47.7,47.7,47.6,47.6,47.6,47.6,47.7,47.7,24.65,47.7,47.6,47.7,47.6,47.6,47.7,47.6,47.7,47.7,24.69,47.7,47.7,47.6,47.6,47.6,47.6,35.1,35.4
0.0000906,36.6,47.7,47.6,47.6,47.6,47.6,47.7,47.6,47.7,47.6,47.7,32.5,47.7,47.7,47.7,47.7,47.6,47.7,47.7,47.7,47.7,25.7,47.7,47.7,47.7,47.6,47.6,47.6,47.7,47.7,47.7,32.9,47.7,47.7,47.7,47.7,47.7,47.7,47.7,47.6,47.7,24.74,47.7,47.7,47.7,47.6,47.7,47.6,47.6,47.6,47.6,25.05,47.7,47.7,47.7,47.6,47.7,47.7,47.7,47.7,47.7,24.78,47.6,47.6,47.7,47.7,47.6,47.7,47.7,47.6,47.6,24.69,47.7,47.7,47.7,47.7,47.7,47.6,47.6,47.7,47.7,24.6,47.7,47.7,47.7,47.7,47.6,47.7,47.6,47.7,47.7,24.78,47.7,47.7,47.7,47.7,47.7,47.7,35.3,35.4
0.0000908,36.6,47.7,47.6,47.7,47.7,47.7,47.7,47.6,47.7,47.7,47.7,32.7,47.7,47.7,47.7,47.7,47.7,47.7,47.7,47.7,47.6,26.18,47.7,47.7,47.6,47.7,47.7,47.7,47.6,47.7,47.7,33,47.8,47.7,47.7,47.7,47.7,47.7,47.6,47.7,47.7,24.74,47.7,47.7,47.7,47.7,47.7,47.7,47.7,47.7,47.7,25.31,47.7,47.6,47.7,47.7,47.7,47.7,47.7,47.6,47.6,24.96,47.7,47.7,47.7,47.6,47.6,47.7,47.7,47.7,47.7,24.7,47.7,47.7,47.6,47.7,47.7,47.7,47.6,47.6,47.7,24.69,47.7,47.8,47.6,47.6,47.6,47.7,47.7,47.6,47.6,24.6,47.7,47.7,47.7,47.6,47.7,47.7,35.2,35.4
0.000091,36.6,47.7,47.6,47.7,47.7,47.7,47.7,47.7,47.7,47.7,47.7,32.9,47.7,47.7,47.7,47.7,47.6,47.7,47.6,47.7,47.7,26.7,47.7,47.7,47.6,47.7,47.7,47.7,47.6,47.7,47.7,33.2,47.7,47.6,47.7,47.6,47.7,47.7,47.6,47.7,47.6,24.74,47.7,47.6,47.7,47.7,47.7,47.6,47.6,47.7,47.7,25.52,47.7,47.7,47.7,47.7,47.7,47.6,47.7,47.7,47.7,25.14,47.7,47.7,47.7,47.6,47.6,47.7,47.7,47.7,47.7,24.74,47.7,47.7,47.6,47.6,47.6,47.6,47.7,47.7,47.7,24.82,47.7,47.7,47.7,47.7,47.7,47.7,47.6,47.6,47.7,24.73,47.7,47.7,47.7,47.7,47.6,47.7,35.3,35.3
0.0000912,36.6,47.7,47.7,47.6,47.7,47.6,47.7,47.7,47.6,47.7,47.7,33,47.7,47.7,47.6,47.7,47.7,47.6,47.7,47.7,47.7,27.06,47.7,47.7,47.7,47.7,47.7,47.6,47.7,47.7,47.6,33.2,47.7,47.7,47.7,47.7,47.7,47.7,47.7,47.7,47.7,24.78,47.7,47.7,47.6,47.7,47.6,47.7,47.6,47.6,47.7,25.79,47.7,47.7,47.6,47.7,47.7,47.7,47.7,47.6,47.6,25.36,47.7,47.6,47.7,47.7,47.6,47.7,47.7,47.6,47.7,24.82,47.7,47.7,47.7,47.7,47.6,47.6,47.7,47.7,47.7,24.86,47.7,47.7,47.7,47.7,47.6,47.7,47.7,47.7,47.7,24.87,47.7,47.7,47.7,47.7,47.7,47.7,35.5,35.3
0.0000914,36.5,47.7,47.7,47.7,47.7,47.7,47.7,47.6,47.7,47.7,47.7,33.2,47.7,47.7,47.6,47.7,47.7,47.7,47.7,47.7,47.8,27.42,47.7,47.7,47.7,47.7,47.7,47.6,47.7,47.7,47.7,33.4,47.7,47.7,47.7,47.6,47.7,47.7,47.7,47.7,47.7,24.87,47.7,47.6,47.7,47.7,47.7,47.6,47.7,47.7,47.7,26.18,47.7,47.7,47.7,47.7,47.6,47.6,47.7,47.7,47.7,25.84,47.7,47.7,47.6,47.7,47.6,47.7,47.7,47.7,47.6,25.05,47.7,47.7,47.6,47.7,47.7,47.7,47.7,47.7,47.7,25,47.7,47.7,47.7,47.7,47.7,47.6,47.6,47.7,47.7,24.96,47.7,47.7,47.7,47.7,47.6,47.7,35.6,35.2
0.0000916,36.5,47.7,47.6,47.7,47.7,47.6,47.7,47.7,47.7,47.6,47.7,33.3,47.6,47.7,47.7,47.6,47.6,47.7,47.7,47.6,47.7,27.77,47.7,47.7,47.6,47.7,47.7,47.7,47.7,47.7,47.7,33.7,47.7,47.6,47.7,47.7,47.6,47.7,47.7,47.7,47.6,25.09,47.6,47.7,47.7,47.7,47.7,47.7,47.7,47.7,47.7,26.62,47.7,47.7,47.7,47.7,47.7,47.6,47.7,47.7,47.6,26.06,47.7,47.6,47.7,47.7,47.7,47.6,47.7,47.7,47.6,25.05,47.7,47.7,47.7,47.7,47.7,47.7,47.7,47.6,47.7,25.36,47.7,47.7,47.6,47.7,47.7,47.7,47.6,47.6,47.7,25.09,47.7,47.7,47.7,47.6,47.7,47.6,35.7,35.2
0.0000918,36.4,47.6,47.7,47.7,47.7,47.7,47.6,47.6,47.7,47.7,47.7,33.5,47.7,47.7,47.7,47.7,47.6,47.7,47.7,47.7,47.7,28.08,47.7,47.7,47.7,47.7,47.7,47.6,47.7,47.7,47.6,33.8,47.7,47.7,47.7,47.7,47.7,47.6,47.7,47.6,47.7,25.52,47.7,47.6,47.7,47.6,47.6,47.7,47.7,47.7,47.7,27.07,47.7,47.6,47.7,47.7,47.7,47.7,47.7,47.7,47.7,26.44,47.6,47.7,47.7,47.6,47.7,47.7,47.7,47.6,47.6,25.35,47.7,47.6,47.7,47.6,47.7,47.7,47.7,47.7,47.7,25.48,47.7,47.7,47.7,47.7,47.7,47.7,47.7,47.7,47.7,25.22,47.6,47.7,47.6,47.7,47.6,47.7,35.8,35.2
0.000092,36.3,47.7,47.6,47.7,47.7,47.7,47.6,47.6,47.7,47.6,47.6,33.7,47.7,47.7,47.7,47.7,47.7,47.7,47.7,47.7,47.7,28.39,47.6,47.7,47.7,47.6,47.6,47.7,47.7,47.6,47.7,33.9,47.6,47.7,47.7,47.6,47.7,47.7,47.6,47.7,47.6,25.91,47.7,47.6,47.7,47.7,47.7,47.7,47.6,47.6,47.6,27.68,47.6,47.7,47.7,47.6,47.8,47.6,47.7,47.6,47.7,26.71,47.7,47.6,47.7,47.7,47.7,47.7,47.7,47.7,47.6,25.62,47.7,47.7,47.6,47.7,47.7,47.7,47.6,47.7,47.7,25.8,47.6,47.6,47.6,47.7,47.7,47.6,47.7,47.7,47.7,25.53,47.7,47.7,47.6,47.6,47.7,47.7,35.9,35.4
0.0000922,36.3,47.7,47.6,47.7,47.6,47.6,47.6,47.7,47.7,47.7,47.6,34,47.7,47.7,47.7,47.7,47.7,47.7,47.7,47.7,47.6,28.64,47.7,47.6,47.6,47.7,47.7,47.6,47.6,47.6,47.7,34.1,47.7,47.7,47.7,47.7,47.7,47.7,47.7,47.7,47.7,26.4,47.7,47.7,47.6,47.7,47.6,47.7,47.7,47.7,47.6,28.13,47.6,47.7,47.7,47.7,47.7,47.7,47.6,47.7,47.7,27.07,47.7,47.6,47.6,47.7,47.6,47.7,47.7,47.7,47.6,25.97,47.7,47.6,47.6,47.7,47.7,47.7,47.6,47.7,47.7,26.1,47.7,47.7,47.7,47.7,47.6,47.6,47.7,47.6,47.6,25.88,47.7,47.6,47.7,47.7,47.7,47.7,35.9,35.4
0.0000924,36.4,47.7,47.7,47.7,47.7,47.7,47.7,47.8,47.7,47.7,47.7,34.1,47.6,47.6,47.7,47.7,47.7,47.7,47.7,47.7,47.7,28.96,47.7,47.6,47.5,47.7,47.7,47.7,47.7,47.7,47.7,34.2,47.6,47.7,47.6,47.7,47.7,47.6,47.7,47.7,47.7,26.89,47.7,47.6,47.6,47.7,47.7,47.7,47.6,47.7,47.7,28.54,47.7,47.7,47.7,47.7,47.7,47.7,47.6,47.7,47.6,27.34,47.7,47.7,47.7,47.7,47.6,47.7,47.7,47.7,47.7,26.32,47.6,47.6,47.6,47.7,47.7,47.6,47.7,47.7,47.7,26.24,47.6,47.8,47.6,47.6,47.7,47.7,47.7,47.6,47.7,26.1,47.7,47.7,47.7,47.6,47.7,47.7,35.9,35.4
0.0000926,36.4,47.7,47.7,47.6,47.7,47.7,47.7,47.5,47.7,47.7,47.6,34.3,47.7,47.7,47.7,47.7,47.7,47.7,47.7,47.6,47.7,29.36,47.6,47.7,47.7,47.7,47.7,47.7,47.7,47.6,47.7,34.3,47.7,47.7,47.7,47.7,47.7,47.7,47.6,47.7,47.7,27.38,47.7,47.7,47.7,47.7,47.7,47.7,47.7,47.7,47.7,28.94,47.6,47.7,47.7,47.7,47.6,47.6,47.7,47.7,47.6,27.69,47.6,47.7,47.7,47.7,47.7,47.7,47.7,47.7,47.6,26.63,47.7,47.7,47.7,47.7,47.6,47.7,47.7,47.6,47.7,26.41,47.7,47.7,47.7,47.6,47.6,47.6,47.7,47.7,47.6,26.63,47.7,47.6,47.7,47.7,47.7,47.7,35.9,35.5
0.0000928,36.4,47.7,47.6,47.7,47.7,47.6,47.7,47.7,47.6,47.7,47.6,34.5,47.7,47.7,47.7,47.7,47.7,47.6,47.6,47.6,47.6,29.74,47.6,47.7,47.7,47.6,47.7,47.6,47.7,47.6,47.7,34.4,47.7,47.7,47.7,47.7,47.6,47.7,47.6,47.7,47.6,27.69,47.6,47.7,47.7,47.7,47.7,47.6,47.7,47.7,47.6,29.13,47.6,47.7,47.7,47.7,47.7,47.7,47.7,47.7,47.6,27.96,47.7,47.7,47.7,47.7,47.6,47.7,47.7,47.7,47.7,27.04,47.6,47.5,47.7,47.7,47.6,47.6,47.7,47.7,47.7,26.68,47.7,47.6,47.7,47.7,47.7,47.7,47.7,47.7,47.7,27.12,47.7,47.7,47.7,47.7,47.6,47.7,35.8,35.5
0.000093,36.6,47.7,47.7,47.7,47.6,47.7,47.7,47.7,47.7,47.7,47.7,34.5,47.7,47.7,47.7,47.7,47.7,47.7,47.7,47.7,47.7,30.23,47.7,47.7,47.7,47.7,47.6,47.7,47.6,47.7,47.7,34.6,47.6,47.7,47.7,47.6,47.7,47.7,47.7,47.7,47.7,28.04,47.7,47.6,47.7,47.7,47.7,47.7,47.6,47.7,47.7,29.54,47.7,47.6,47.7,47.6,47.7,47.7,47.7,47.7,47.7,28.27,47.7,47.7,47.7,47.6,47.6,47.6,47.6,47.7,47.7,27.34,47.7,47.7,47.7,47.7,47.7,47.7,47.7,47.6,47.7,27,47.7,47.7,47.7,47.7,47.6,47.6,47.7,47.7,47.7,27.6,47.7,47.7,47.7,47.7,47.6,47.7,35.5,35.5
0.0000932,36.8,47.7,47.6,47.7,47.7,47.7,47.7,47.6,47.7,47.6,47.7,34.7,47.6,47.6,47.7,47.6,47.7,47.7,47.7,47.7,47.7,30.71,47.7,47.7,47.7,47.6,47.7,47.6,47.7,47.7,47.7,34.7,47.7,47.7,47.6,47.7,47.7,47.7,47.7,47.7,47.6,28.39,47.7,47.6,47.7,47.6,47.7,47.6,47.6,47.7,47.7,29.54,47.7,47.7,47.7,47.7,47.7,47.6,47.7,47.6,47.6,28.66,47.6,47.6,47.7,47.6,47.6,47.7,47.7,47.6,47.7,27.69,47.6,47.7,47.7,47.7,47.6,47.6,47.6,47.6,47.7,27.25,47.6,47.7,47.7,47.7,47.7,47.7,47.6,47.6,47.7,27.86,47.7,47.7,47.7,47.7,47.7,47.7,35.4,35.5
0.0000934,36.6,47.7,47.6,47.7,47.7,47.7,47.6,47.7,47.7,47.6,47.6,34.9,47.7,47.7,47.6,47.7,47.7,47.7,47.7,47.7,47.7,31.09,47.7,47.7,47.6,47.7,47.7,47.7,47.7,47.7,47.6,34.9,47.7,47.6,47.7,47.7,47.7,47.6,47.6,47.7,47.7,28.54,47.7,47.7,47.7,47.7,47.7,47.7,47.7,47.7,47.7,30.03,47.7,47.6,47.7,47.7,47.6,47.7,47.6,47.6,47.7,29.06,47.7,47.6,47.7,47.6,47.7,47.7,47.7,47.7,47.7,27.96,47.7,47.7,47.6,47.7,47.7,47.6,47.7,47.7,47.6,27.79,47.7,47.7,47.6,47.7,47.6,47.7,47.7,47.7,47.7,28.13,47.7,47.6,47.7,47.7,47.7,47.7,35.1,35.4
0.0000936,36.7,47.7,47.7,47.7,47.6,47.7,47.7,47.6,47.5,47.7,47.7,34.8,47.7,47.7,47.7,47.6,47.7,47.6,47.6,47.7,47.7,31.52,47.7,47.7,47.7,47.7,47.7,47.7,47.7,47.7,47.7,34.9,47.7,47.6,47.7,47.7,47.7,47.7,47.7,47.7,47.7,28.86,47.7,47.6,47.7,47.7,47.7,47.7,47.6,47.7,47.6,30.12,47.6,47.7,47.7,47.7,47.6,47.6,47.7,47.6,47.7,29.29,47.7,47.7,47.7,47.7,47.7,47.7,47.7,47.7,47.6,28.27,47.6,47.7,47.7,47.7,47.7,47.7,47.7,47.7,47.7,28.23,47.7,47.7,47.6,47.7,47.7,47.6,47.7,47.7,47.7,28.4,47.7,47.7,47.7,47.6,47.7,47.6,35.1,35.3
0.0000938,36.6,47.6,47.7,47.6,47.7,47.7,47.7,47.7,47.6,47.7,47.6,34.9,47.7,47.7,47.6,47.6,47.7,47.7,47.7,47.7,47.6,31.67,47.7,47.7,47.7,47.6,47.7,47.7,47.7,47.6,47.7,35,47.7,47.6,47.5,47.6,47.7,47.7,47.6,47.7,47.5,29.08,47.7,47.6,47.7,47.6,47.7,47.7,47.7,47.7,47.7,30.6,47.7,47.7,47.7,47.7,47.7,47.6,47.7,47.7,47.7,29.73,47.6,47.7,47.6,47.7,47.7,47.7,47.7,47.7,47.7,28.67,47.7,47.6,47.7,47.7,47.7,47.7,47.7,47.7,47.7,28.58,47.7,47.7,47.7,47.6,47.6,47.7,47.6,47.7,47.7,28.66,47.6,47.7,47.7,47.6,47.7,47.7,35,35.4
0.000094,36.5,47.6,47.7,47.7,47.7,47.7,47.6,47.7,47.7,47.6,47.7,35,47.7,47.7,47.7,47.7,47.7,47.7,47.7,47.7,47.7,31.9,47.7,47.6,47.6,47.6,47.7,47.6,47.7,47.7,47.7,35.1,47.7,47.7,47.7,47.7,47.7,47.6,47.6,47.6,47.7,29.26,47.7,47.6,47.7,47.7,47.6,47.7,47.7,47.7,47.7,30.83,47.7,47.7,47.7,47.7,47.6,47.7,47.7,47.6,47.7,30.05,47.7,47.7,47.7,47.7,47.6,47.7,47.7,47.7,47.6,28.98,47.7,47.7,47.7,47.7,47.7,47.6,47.7,47.7,47.6,29.13,47.6,47.7,47.7,47.7,47.7,47.7,47.6,47.7,47.7,29.01,47.7,47.7,47.7,47.7,47.7,47.7,35,35.3
0.0000942,36.3,47.7,47.7,47.6,47.7,47.6,47.7,47.7,47.7,47.6,47.7,35.2,47.7,47.7,47.7,47.7,47.7,47.7,47.7,47.6,47.6,32.1,47.7,47.7,47.6,47.7,47.7,47.7,47.7,47.7,47.7,35.1,47.7,47.6,47.7,47.7,47.7,47.7,47.6,47.6,47.7,29.59,47.7,47.7,47.7,47.7,47.6,47.7,47.7,47.7,47.6,31.27,47.7,47.7,47.7,47.7,47.7,47.6,47.7,47.7,47.6,30.3,47.8,47.6,47.7,47.7,47.7,47.7,47.7,47.7,47.7,29.21,47.7,47.7,47.7,47.5,47.7,47.7,47.6,47.7,47.7,29.45,47.7,47.7,47.6,47.7,47.7,47.7,47.7,47.7,47.7,29.28,47.7,47.7,47.7,47.7,47.6,47.6,35.2,35.3
0.0000944,36.3,47.6,47.7,47.7,47.7,47.7,47.7,47.7,47.7,47.6,47.7,35.3,47.7,47.7,47.6,47.7,47.7,47.7,47.7,47.7,47.7,32,47.7,47.7,47.6,47.6,47.7,47.6,47.6,47.6,47.7,35.5,47.7,47.7,47.7,47.6,47.7,47.7,47.7,47.7,47.7,30.07,47.7,47.7,47.7,47.7,47.6,47.7,47.7,47.7,47.7,31.6,47.7,47.7,47.7,47.6,47.7,47.7,47.7,47.6,47.7,30.63,47.7,47.7,47.7,47.6,47.7,47.6,47.6,47.7,47.6,29.62,47.6,47.7,47.7,47.7,47.7,47.5,47.7,47.7,47.7,29.77,47.7,47.7,47.7,47.7,47.7,47.7,47.7,47.7,47.7,29.63,47.7,47.6,47.7,47.6,47.7,47.7,35.1,35.3
0.0000946,36.4,47.7,47.7,47.7,47.7,47.7,47.7,47.7,47.7,47.7,47.7,35.3,47.7,47.7,47.7,47.7,47.6,47.7,47.6,47.7,47.7,32.3,47.7,47.7,47.7,47.7,47.7,47.6,47.7,47.6,47.7,35.6,47.6,47.7,47.7,47.7,47.7,47.7,47.7,47.6,47.7,30.45,47.7,47.7,47.7,47.7,47.7,47.7,47.7,47.7,47.6,31.9,47.6,47.7,47.6,47.7,47.6,47.7,47.7,47.7,47.7,30.82,47.6,47.6,47.7,47.7,47.7,47.7,47.6,47.7,47.6,30.13,47.7,47.7,47.7,47.7,47.7,47.7,47.6,47.7,47.6,30.04,47.6,47.7,47.7,47.7,47.7,47.6,47.6,47.7,47.7,30.01,47.6,47.7,47.7,47.7,47.7,47.6,35.2,35.3
0.0000948,36.2,47.7,47.7,47.7,47.7,47.7,47.6,47.7,47.7,47.6,47.7,35.5,47.7,47.7,47.7,47.7,47.8,47.7,47.7,47.7,47.6,32.5,47.6,47.7,47.7,47.7,47.7,47.7,47.7,47.7,47.7,35.7,47.7,47.7,47.7,47.7,47.7,47.7,47.7,47.6,47.7,30.99,47.6,47.6,47.7,47.7,47.7,47.6,47.7,47.6,47.7,32.2,47.6,47.7,47.7,47.6,47.6,47.7,47.7,47.7,47.7,31.2,47.7,47.7,47.7,47.7,47.7,47.7,47.6,47.7,47.6,30.47,47.7,47.7,47.7,47.7,47.7,47.6,47.7,47.7,47.7,30.23,47.7,47.7,47.7,47.7,47.6,47.7,47.7,47.7,47.6,30.49,47.6,47.6,47.7,47.7,47.6,47.6,35.3,35.2
0.000095,36.2,47.6,47.7,47.7,47.7,47.7,47.7,47.7,47.7,47.7,47.7,35.5,47.6,47.7,47.7,47.7,47.7,47.7,47.6,47.7,47.7,32.8,47.6,47.7,47.7,47.7,47.7,47.7,47.6,47.6,47.7,35.7,47.7,47.7,47.7,47.7,47.6,47.7,47.7,47.7,47.7,31.37,47.6,47.7,47.7,47.7,47.6,47.7,47.6,47.7,47.7,32.4,47.6,47.7,47.7,47.7,47.8,47.7,47.6,47.7,47.7,31.4,47.7,47.6,47.7,47.7,47.7,47.7,47.7,47.7,47.6,30.7,47.7,47.7,47.7,47.7,47.6,47.6,47.7,47.7,47.6,30.42,47.7,47.6,47.7,47.7,47.7,47.7,47.7,47.7,47.7,30.92,47.7,47.7,47.7,47.7,47.7,47.7,35.1,35.3
0.0000952,36.3,47.6,47.7,47.7,47.7,47.6,47.7,47.7,47.6,47.6,47.7,35.7,47.7,47.7,47.6,47.6,47.7,47.6,47.7,47.7,47.7,33.2,47.7,47.7,47.7,47.7,47.7,47.7,47.7,47.7,47.7,35.8,47.6,47.6,47.7,47.7,47.7,47.7,47.6,47.7,47.7,31.6,47.6,47.7,47.7,47.7,47.7,47.7,47.7,47.7,47.7,32.6,47.7,47.7,47.7,47.7,47.7,47.7,47.7,47.7,47.7,31.6,47.7,47.7,47.7,47.7,47.7,47.7,47.7,47.7,47.7,30.9,47.7,47.7,47.7,47.6,47.7,47.7,47.7,47.7,47.7,30.59,47.7,47.7,47.7,47.7,47.7,47.7,47.7,47.7,47.7,31.3,47.7,47.7,47.7,47.6,47.6,47.7,35.3,35.4
0.0000954,36.3,47.7,47.6,47.7,47.7,47.7,47.6,47.6,47.7,47.6,47.6,35.7,47.6,47.6,47.7,47.7,47.7,47.7,47.6,47.7,47.7,33.5,47.7,47.7,47.7,47.7,47.7,47.7,47.6,47.6,47.7,35.7,47.7,47.6,47.7,47.6,47.6,47.7,47.6,47.7,47.7,32,47.7,47.7,47.7,47.7,47.7,47.6,47.7,47.7,47.7,32.9,47.7,47.6,47.7,47.7,47.7,47.6,47.6,47.7,47.7,31.8,47.7,47.6,47.6,47.7,47.6,47.6,47.7,47.7,47.7,31,47.6,47.7,47.6,47.7,47.7,47.6,47.6,47.7,47.6,30.7,47.7,47.7,47.7,47.6,47.6,47.6,47.7,47.6,47.7,31.5,47.7,47.7,47.7,47.7,47.7,47.7,35.3,35.5
0.0000956,36.4,47.6,47.7,47.7,47.7,47.6,47.7,47.7,47.7,47.6,47.7,35.8,47.7,47.7,47.7,47.7,47.7,47.7,47.6,47.7,47.6,33.8,47.7,47.7,47.7,47.6,47.6,47.7,47.6,47.7,47.7,35.8,47.7,47.6,47.7,47.6,47.7,47.6,47.7,47.7,47.6,32.2,47.6,47.6,47.7,47.7,47.7,47.6,47.7,47.7,47.6,33,47.7,47.7,47.7,47.7,47.7,47.7,47.7,47.7,47.7,32.1,47.7,47.7,47.7,47.7,47.7,47.7,47.7,47.7,47.6,31.3,47.7,47.6,47.7,47.7,47.6,47.7,47.7,47.7,47.7,31.1,47.7,47.6,47.6,47.7,47.7,47.7,47.6,47.7,47.6,31.7,47.6,47.7,47.6,47.7,47.7,47.7,35.3,35.5
0.0000958,36.4,47.7,47.7,47.7,47.6,47.7,47.6,47.7,47.7,47.6,47.7,35.8,47.6,47.6,47.6,47.7,47.7,47.6,47.7,47.7,47.7,34,47.7,47.7,47.7,47.6,47.6,47.7,47.7,47.7,47.7,35.9,47.7,47.7,47.7,47.7,47.7,47.7,47.7,47.7,47.6,32.4,47.6,47.7,47.7,47.7,47.7,47.7,47.7,47.6,47.7,33.2,47.7,47.6,47.7,47.7,47.7,47.7,47.6,47.6,47.7,32.2,47.7,47.7,47.7,47.7,47.7,47.6,47.7,47.7,47.6,31.3,47.6,47.7,47.7,47.6,47.7,47.7,47.6,47.7,47.6,31.3,47.7,47.7,47.7,47.7,47.7,47.7,47.7,47.7,47.7,31.8,47.7,47.7,47.6,47.7,47.7,47.7,35.4,35.5
0.000096,36.4,47.7,47.7,47.6,47.7,47.7,47.6,47.6,47.7,47.6,47.7,35.9,47.6,47.7,47.7,47.7,47.7,47.7,47.7,47.6,47.7,34,47.6,47.7,47.7,47.7,47.7,47.7,47.7,47.7,47.7,35.9,47.7,47.7,47.7,47.7,47.7,47.7,47.6,47.7,47.7,32.5,47.7,47.7,47.7,47.7,47.7,47.6,47.6,47.6,47.7,33.2,47.7,47.7,47.6,47.7,47.6,47.6,47.7,47.7,47.7,32.5,47.7,47.6,47.6,47.7,47.6,47.7,47.7,47.6,47.7,31.5,47.7,47.7,47.6,47.7,47.7,47.6,47.6,47.6,47.7,31.4,47.6,47.7,47.7,47.7,47.6,47.7,47.6,47.7,47.7,32,47.6,47.7,47.7,47.7,47.7,47.7,35.3,35.7
0.0000962,36.5,47.7,47.7,47.7,47.7,47.6,47.7,47.7,47.7,47.7,47.7,35.8,47.6,47.7,47.7,47.7,47.7,47.7,47.6,47.7,47.6,33.9,47.7,47.7,47.7,47.6,47.7,47.7,47.7,47.6,47.7,35.9,47.7,47.6,47.7,47.6,47.6,47.7,47.7,47.7,47.6,32.7,47.7,47.7,47.7,47.6,47.7,47.7,47.6,47.7,47.6,33.3,47.6,47.7,47.7,47.6,47.6,47.7,47.7,47.7,47.6,32.8,47.7,47.7,47.7,47.7,47.7,47.6,47.7,47.7,47.7,31.8,47.7,47.7,47.7,47.7,47.7,47.6,47.7,47.6,47.6,31.9,47.7,47.6,47.7,47.7,47.6,47.7,47.7,47.7,47.7,32.1,47.7,47.7,47.7,47.7,47.7,47.7,35.3,35.7
0.0000964,36.4,47.6,47.7,47.6,47.7,47.7,47.7,47.7,47.7,47.7,47.7,35.9,47.7,47.6,47.7,47.6,47.7,47.7,47.7,47.7,47.7,34.1,47.7,47.7,47.7,47.7,47.7,47.7,47.6,47.6,47.7,36,47.7,47.7,47.7,47.7,47.7,47.7,47.6,47.6,47.7,32.9,47.7,47.7,47.7,47.6,47.7,47.7,47.7,47.6,47.7,33.5,47.7,47.7,47.7,47.7,47.7,47.7,47.7,47.6,47.6,33,47.7,47.7,47.6,47.7,47.6,47.7,47.7,47.7,47.6,32.1,47.7,47.7,47.7,47.6,47.7,47.7,47.7,47.6,47.7,32.1,47.7,47.6,47.7,47.7,47.7,47.7,47.7,47.7,47.7,32.2,47.7,47.7,47.6,47.7,47.6,47.7,35.3,35.6
0.0000966,36.3,47.6,47.7,47.7,47.7,47.7,47.7,47.7,47.7,47.7,47.7,35.9,47.7,47.6,47.7,47.7,47.7,47.6,47.6,47.6,47.6,34.1,47.6,47.7,47.6,47.7,47.7,47.7,47.7,47.6,47.7,36.1,47.7,47.7,47.7,47.7,47.7,47.7,47.7,47.7,47.6,33,47.6,47.7,47.7,47.7,47.6,47.6,47.6,47.7,47.7,33.6,47.6,47.7,47.6,47.6,47.7,47.7,47.6,47.7,47.6,33.1,47.7,47.7,47.6,47.6,47.7,47.7,47.7,47.7,47.7,32.2,47.7,47.7,47.7,47.6,47.7,47.6,47.6,47.7,47.7,32.2,47.7,47.7,47.7,47.7,47.7,47.7,47.7,47.7,47.6,32.5,47.7,47.7,47.7,47.7,47.7,47.7,35.4,35.5
0.0000968,36.3,47.7,47.7,47.7,47.7,47.7,47.7,47.7,47.7,47.7,47.7,36,47.7,47.7,47.6,47.7,47.7,47.6,47.7,47.7,47.7,34.2,47.7,47.6,47.7,47.7,47.7,47.6,47.7,47.7,47.7,36.2,47.7,47.7,47.7,47.6,47.7,47.6,47.7,47.7,47.6,33.1,47.7,47.7,47.7,47.7,47.7,47.7,47.6,47.7,47.6,33.9,47.7,47.7,47.7,47.6,47.7,47.7,47.7,47.7,47.7,33.2,47.7,47.7,47.7,47.7,47.6,47.7,47.7,47.6,47.7,32.3,47.7,47.7,47.7,47.7,47.7,47.7,47.7,47.7,47.6,32.5,47.7,47.7,47.6,47.6,47.6,47.7,47.7,47.7,47.6,32.6,47.7,47.7,47.7,47.7,47.7,47.7,35.3,35.5
0.000097,36.2,47.6,47.6,47.7,47.7,47.6,47.7,47.7,47.6,47.7,47.7,36,47.7,47.7,47.7,47.6,47.7,47.6,47.7,47.7,47.6,34.4,47.6,47.7,47.7,47.7,47.7,47.6,47.6,47.7,47.6,36.1,47.6,47.7,47.7,47.7,47.6,47.7,47.7,47.7,47.7,33.4,47.6,47.6,47.7,47.6,47.7,47.7,47.7,47.7,47.7,34.2,47.6,47.6,47.6,47.7,47.6,47.7,47.6,47.6,47.7,33.5,47.6,47.7,47.7,47.7,47.7,47.6,47.7,47.7,47.7,32.5,47.6,47.7,47.7,47.6,47.7,47.7,47.7,47.7,47.7,32.7,47.7,47.6,47.7,47.6,47.6,47.7,47.6,47.7,47.7,32.8,47.7,47.7,47.7,47.6,47.6,47.6,35.3,35.4
0.0000972,36.3,47.7,47.7,47.7,47.7,47.7,47.7,47.6,47.7,47.7,47.7,36,47.7,47.6,47.6,47.7,47.7,47.6,47.6,47.7,47.7,34.6,47.7,47.7,47.6,47.6,47.7,47.7,47.7,47.6,47.6,36.1,47.7,47.7,47.7,47.6,47.6,47.7,47.7,47.6,47.7,33.5,47.6,47.7,47.7,47.7,47.6,47.7,47.7,47.6,47.7,34.3,47.7,47.7,47.7,47.7,47.7,47.7,47.6,47.7,47.6,33.5,47.7,47.7,47.6,47.7,47.7,47.6,47.7,47.7,47.6,32.5,47.7,47.7,47.7,47.6,47.7,47.7,47.7,47.7,47.7,32.7,47.7,47.7,47.7,47.6,47.7,47.7,47.6,47.7,47.7,33.1,47.6,47.6,47.7,47.7,47.6,47.7,35.3,35.2
0.0000974,36.2,47.7,47.7,47.8,47.6,47.6,47.7,47.6,47.7,47.7,47.7,36.2,47.7,47.6,47.7,47.7,47.6,47.7,47.7,47.7,47.7,34.8,47.7,47.7,47.6,47.6,47.7,47.7,47.7,47.7,47.7,36.1,47.7,47.7,47.7,47.6,47.7,47.7,47.7,47.6,47.7,33.9,47.7,47.7,47.6,47.7,47.7,47.7,47.7,47.6,47.7,34.5,47.8,47.6,47.7,47.6,47.7,47.7,47.7,47.7,47.7,33.7,47.7,47.7,47.7,47.7,47.6,47.7,47.7,47.7,47.6,32.8,47.6,47.7,47.7,47.7,47.7,47.7,47.7,47.7,47.7,32.9,47.7,47.7,47.6,47.7,47.6,47.7,47.7,47.7,47.6,33.4,47.7,47.7,47.7,47.7,47.7,47.6,35.2,35.2
0.0000976,36.2,47.6,47.7,47.7,47.7,47.7,47.7,47.7,47.7,47.7,47.7,36.2,47.6,47.7,47.7,47.7,47.7,47.7,47.7,47.7,47.6,35.1,47.7,47.7,47.7,47.6,47.7,47.7,47.7,47.7,47.6,36.1,47.6,47.7,47.7,47.7,47.6,47.7,47.7,47.7,47.7,34.1,47.7,47.7,47.6,47.6,47.7,47.7,47.7,47.7,47.7,34.7,47.6,47.7,47.7,47.6,47.6,47.7,47.6,47.7,47.7,33.7,47.7,47.7,47.7,47.6,47.7,47.7,47.6,47.6,47.7,32.9,47.7,47.7,47.7,47.7,47.6,47.6,47.7,47.7,47.7,32.9,47.7,47.7,47.7,47.7,47.6,47.7,47.6,47.7,47.6,33.6,47.7,47.6,47.7,47.7,47.7,47.7,35.4,35.4
0.0000978,36.2,47.7,47.7,47.7,47.6,47.7,47.7,47.7,47.7,47.7,47.7,36.4,47.6,47.7,47.7,47.7,47.7,47.7,47.7,47.7,47.7,35.3,47.7,47.7,47.7,47.6,47.6,47.6,47.7,47.7,47.7,36.1,47.7,47.7,47.6,47.7,47.7,47.7,47.7,47.7,47.7,34.4,47.7,47.6,47.7,47.7,47.7,47.7,47.6,47.6,47.7,34.7,47.7,47.7,47.6,47.7,47.7,47.7,47.6,47.6,47.7,34,47.7,47.6,47.6,47.6,47.7,47.7,47.7,47.6,47.7,32.9,47.7,47.7,47.7,47.7,47.7,47.7,47.7,47.6,47.6,33,47.6,47.6,47.7,47.7,47.7,47.7,47.7,47.7,47.7,33.9,47.7,47.7,47.7,47.6,47.7,47.6,35.6,35.4
0.000098,36.2,47.6,47.7,47.7,47.7,47.6,47.7,47.6,47.7,47.7,47.7,36.3,47.7,47.6,47.7,47.7,47.7,47.7,47.7,47.7,47.6,35.5,47.7,47.7,47.7,47.6,47.7,47.7,47.7,47.7,47.7,36.1,47.7,47.7,47.7,47.6,47.7,47.7,47.7,47.7,47.7,34.5,47.7,47.7,47.7,47.7,47.7,47.7,47.6,47.7,47.7,34.9,47.6,47.7,47.7,47.6,47.7,47.7,47.7,47.7,47.6,34.3,47.7,47.6,47.6,47.7,47.7,47.7,47.7,47.7,47.6,33.2,47.7,47.7,47.6,47.7,47.7,47.7,47.7,47.7,47.6,33.2,47.6,47.6,47.7,47.6,47.7,47.7,47.7,47.7,47.7,34,47.7,47.7,47.6,47.7,47.7,47.6,35.8,35.7
0.0000982,36.2,47.7,47.7,47.6,47.7,47.6,47.7,47.6,47.7,47.6,47.6,36.3,47.7,47.6,47.7,47.6,47.7,47.7,47.7,47.7,47.6,35.5,47.7,47.6,47.7,47.7,47.7,47.7,47.6,47.6,47.6,36.3,47.7,47.7,47.7,47.7,47.7,47.7,47.7,47.7,47.7,34.7,47.7,47.7,47.7,47.6,47.7,47.7,47.7,47.7,47.7,34.9,47.7,47.7,47.7,47.6,47.7,47.7,47.7,47.6,47.7,34.5,47.7,47.7,47.7,47.6,47.7,47.6,47.6,47.7,47.6,33.5,47.7,47.6,47.7,47.7,47.6,47.6,47.7,47.7,47.7,33.3,47.7,47.6,47.7,47.6,47.7,47.6,47.7,47.7,47.6,34.1,47.7,47.7,47.6,47.7,47.7,47.6,35.9,35.8
0.0000984,36.3,47.7,47.7,47.7,47.6,47.6,47.7,47.7,47.7,47.7,47.7,36.6,47.7,47.6,47.7,47.6,47.7,47.6,47.6,47.7,47.7,35.5,47.7,47.7,47.6,47.7,47.7,47.7,47.7,47.6,47.7,36.4,47.7,47.6,47.7,47.6,47.7,47.7,47.7,47.7,47.7,34.8,47.6,47.7,47.7,47.7,47.6,47.7,47.7,47.7,47.7,34.9,47.7,47.6,47.7,47.6,47.6,47.7,47.7,47.6,47.7,34.6,47.6,47.7,47.7,47.7,47.7,47.6,47.7,47.6,47.7,33.6,47.6,47.7,47.7,47.7,47.7,47.7,47.7,47.7,47.6,33.4,47.7,47.7,47.7,47.7,47.7,47.7,47.7,47.7,47.7,33.9,47.7,47.6,47.6,47.7,47.7,47.6,35.9,35.8
0.0000986,36.2,47.6,47.6,47.7,47.6,47.7,47.7,47.7,47.7,47.7,47.7,36.5,47.7,47.6,47.7,47.7,47.7,47.7,47.7,47.6,47.7,35.5,47.7,47.7,47.6,47.7,47.7,47.7,47.7,47.7,47.7,36.4,47.7,47.7,47.7,47.7,47.7,47.7,47.7,47.7,47.7,34.7,47.7,47.7,47.7,47.7,47.7,47.7,47.6,47.6,47.7,35,47.7,47.7,47.7,47.6,47.7,47.7,47.7,47.6,47.7,34.7,47.7,47.7,47.6,47.7,47.7,47.7,47.7,47.6,47.7,33.8,47.7,47.7,47.7,47.6,47.7,47.7,47.7,47.7,47.6,33.6,47.7,47.6,47.7,47.7,47.7,47.6,47.6,47.7,47.7,33.9,47.7,47.7,47.7,47.7,47.7,47.6,35.8,35.8
0.0000988,36.2,47.6,47.7,47.6,47.7,47.7,47.6,47.7,47.6,47.7,47.7,36.3,47.7,47.6,47.6,47.7,47.6,47.7,47.6,47.7,47.7,35.5,47.7,47.7,47.7,47.7,47.7,47.7,47.7,47.7,47.6,36.6,47.7,47.7,47.7,47.7,47.6,47.6,47.6,47.7,47.6,34.8,47.7,47.6,47.7,47.7,47.6,47.7,47.7,47.6,47.7,35.1,47.6,47.6,47.7,47.6,47.6,47.7,47.7,47.7,47.7,34.8,47.7,47.7,47.6,47.7,47.6,47.7,47.6,47.7,47.6,33.9,47.7,47.7,47.7,47.7,47.6,47.7,47.7,47.6,47.7,33.6,47.7,47.7,47.6,47.7,47.6,47.7,47.7,47.7,47.7,33.8,47.7,47.6,47.6,47.7,47.7,47.7,35.6,35.8
0.000099,36.1,47.7,47.7,47.7,47.7,47.7,47.6,47.7,47.6,47.7,47.7,36.4,47.7,47.6,47.6,47.7,47.6,47.7,47.7,47.7,47.7,35.6,47.7,47.7,47.7,47.7,47.7,47.6,47.7,47.7,47.6,36.6,47.7,47.7,47.7,47.7,47.7,47.7,47.7,47.7,47.7,34.8,47.6,47.6,47.7,47.7,47.7,47.7,47.6,47.6,47.7,35.2,47.7,47.7,47.7,47.7,47.7,47.7,47.7,47.7,47.7,34.7,47.7,47.7,47.7,47.6,47.7,47.7,47.7,47.7,47.6,33.9,47.7,47.7,47.6,47.5,47.7,47.7,47.7,47.7,47.6,33.8,47.6,47.7,47.7,47.7,47.6,47.7,47.6,47.7,47.7,33.8,47.7,47.7,47.7,47.7,47.6,47.7,35.5,35.7
0.0000992,36.3,47.7,47.7,47.7,47.7,47.7,47.7,47.7,47.7,47.6,47.6,36.2,47.7,47.7,47.6,47.7,47.6,47.6,47.7,47.7,47.6,35.6,47.6,47.6,47.6,47.7,47.7,47.7,47.6,47.7,47.7,36.6,47.6,47.7,47.7,47.6,47.7,47.6,47.6,47.7,47.7,35,47.7,47.7,47.7,47.6,47.6,47.7,47.7,47.7,47.7,35.3,47.7,47.7,47.7,47.7,47.7,47.7,47.7,47.7,47.7,34.6,47.7,47.7,47.7,47.6,47.7,47.7,47.7,47.7,47.6,34,47.6,47.7,47.7,47.6,47.6,47.6,47.7,47.7,47.6,34,47.7,47.7,47.6,47.7,47.7,47.6,47.6,47.6,47.7,33.9,47.7,47.7,47.7,47.7,47.7,47.7,35.5,35.5
0.0000994,36.1,47.7,47.7,47.7,47.6,47.7,47.7,47.6,47.6,47.7,47.7,36.3,47.7,47.7,47.7,47.6,47.7,47.7,47.7,47.7,47.7,35.6,47.6,47.7,47.7,47.6,47.7,47.6,47.7,47.7,47.7,36.6,47.6,47.6,47.7,47.7,47.7,47.7,47.6,47.7,47.7,34.9,47.6,47.6,47.7,47.7,47.7,47.6,47.7,47.7,47.6,35.3,47.6,47.7,47.7,47.6,47.7,47.6,47.7,47.7,47.6,34.6,47.7,47.6,47.7,47.6,47.7,47.7,47.7,47.7,47.7,33.9,47.7,47.7,47.7,47.6,47.7,47.7,47.7,47.7,47.6,34,47.7,47.6,47.7,47.7,47.7,47.7,47.7,47.7,47.7,34.3,47.7,47.7,47.7,47.7,47.7,47.6,35.4,35.4
0.0000996,36.2,47.7,47.7,47.7,47.7,47.6,47.7,47.7,47.7,47.6,47.7,36.2,47.6,47.6,47.7,47.7,47.7,47.6,47.7,47.7,47.7,35.6,47.7,47.6,47.7,47.7,47.7,47.7,47.6,47.6,47.7,36.5,47.7,47.7,47.6,47.7,47.7,47.6,47.7,47.6,47.6,35,47.6,47.7,47.7,47.6,47.7,47.6,47.7,47.7,47.6,35.4,47.7,47.7,47.7,47.7,47.7,47.6,47.7,47.7,47.7,34.4,47.7,47.7,47.6,47.6,47.7,47.7,47.7,47.6,47.7,34.1,47.7,47.7,47.6,47.7,47.6,47.7,47.7,47.6,47.6,34.1,47.6,47.6,47.6,47.7,47.6,47.7,47.6,47.6,47.6,34.6,47.7,47.7,47.7,47.7,47.7,47.7,35.2,35.4
0.0000998,36.2,47.7,47.7,47.7,47.7,47.7,47.7,47.7,47.7,47.7,47.7,36.3,47.7,47.7,47.7,47.7,47.7,47.7,47.7,47.6,47.7,35.9,47.7,47.7,47.6,47.6,47.7,47.7,47.8,47.6,47.7,36.4,47.7,47.7,47.6,47.7,47.7,47.6,47.7,47.7,47.7,35,47.7,47.7,47.6,47.7,47.7,47.7,47.7,47.7,47.7,35.5,47.7,47.7,47.7,47.6,47.7,47.7,47.7,47.7,47.7,34.7,47.6,47.7,47.7,47.7,47.7,47.7,47.6,47.7,47.7,34.3,47.7,47.7,47.6,47.7,47.6,47.7,47.7,47.7,47.6,34.3,47.6,47.6,47.7,47.8,47.6,47.7,47.7,47.6,47.7,34.8,47.7,47.7,47.6,47.6,47.6,47.6,35.3,35.5
0.0001,36,47.7,47.7,47.7,47.7,47.7,47.7,47.7,47.7,47.6,47.7,36.4,47.6,47.6,47.6,47.7,47.7,47.7,47.7,47.7,47.7,35.9,47.7,47.7,47.6,47.7,47.6,47.7,47.7,47.7,47.7,36.5,47.7,47.7,47.6,47.7,47.6,47.7,47.7,47.7,47.7,35.3,47.7,47.7,47.6,47.7,47.6,47.6,47.7,47.6,47.6,35.5,47.7,47.7,47.6,47.7,47.7,47.7,47.7,47.7,47.7,34.8,47.7,47.6,47.7,47.7,47.7,47.7,47.7,47.7,47.7,34.4,47.7,47.7,47.6,47.7,47.7,47.6,47.6,47.6,47.7,34.3,47.7,47.7,47.7,47.7,47.7,47.7,47.7,47.7,47.7,35.2,47.7,47.7,47.7,47.6,47.7,47.7,35.2,35.4
0.0001,36.2,47.7,47.7,47.7,47.7,47.7,47.7,47.6,47.7,47.7,47.7,36.5,47.6,47.7,47.7,47.6,47.6,47.7,47.7,47.7,47.7,36.1,47.7,47.7,47.6,47.7,47.7,47.7,47.7,47.7,47.7,36.4,47.7,47.7,47.7,47.7,47.7,47.7,47.7,47.7,47.7,35.4,47.7,47.7,47.7,47.7,47.7,47.7,47.7,47.6,47.7,35.6,47.7,47.7,47.6,47.7,47.6,47.7,47.7,47.7,47.7,34.8,47.7,47.6,47.7,47.7,47.7,47.7,47.7,47.7,47.7,34.7,47.7,47.7,47.7,47.7,47.7,47.7,47.6,47.7,47.6,34.4,47.6,47.7,47.7,47.6,47.7,47.6,47.7,47.7,47.6,35.4,47.7,47.7,47.6,47.7,47.7,47.6,35.4,35.3
0.0001,36.1,47.7,47.6,47.6,47.7,47.7,47.7,47.6,47.6,47.7,47.7,36.6,47.6,47.6,47.6,47.7,47.7,47.7,47.6,47.7,47.7,36.2,47.7,47.7,47.7,47.7,47.7,47.7,47.7,47.7,47.6,36.5,47.7,47.6,47.7,47.7,47.7,47.7,47.7,47.7,47.7,35.6,47.6,47.6,47.7,47.7,47.7,47.6,47.6,47.7,47.7,35.8,47.7,47.7,47.7,47.7,47.7,47.7,47.7,47.7,47.7,35.1,47.7,47.7,47.7,47.7,47.6,47.7,47.7,47.7,47.7,34.8,47.7,47.7,47.7,47.7,47.6,47.6,47.7,47.6,47.7,34.4,47.7,47.6,47.7,47.7,47.7,47.7,47.6,47.7,47.7,35.5,47.6,47.7,47.7,47.7,47.6,47.7,35.4,35.2
0.000101,36.1,47.6,47.7,47.7,47.7,47.6,47.6,47.7,47.7,47.7,47.7,36.7,47.7,47.7,47.7,47.6,47.7,47.7,47.7,47.7,47.7,36.2,47.7,47.7,47.7,47.6,47.7,47.7,47.6,47.6,47.7,36.5,47.7,47.6,47.6,47.7,47.7,47.6,47.7,47.7,47.7,35.5,47.6,47.7,47.7,47.7,47.7,47.6,47.6,47.7,47.6,35.9,47.7,47.7,47.6,47.7,47.7,47.6,47.7,47.7,47.7,35.2,47.7,47.6,47.6,47.7,47.7,47.6,47.7,47.7,47.7,34.8,47.6,47.7,47.7,47.7,47.7,47.7,47.7,47.6,47.6,34.6,47.7,47.7,47.6,47.6,47.6,47.6,47.7,47.7,47.7,35.4,47.7,47.7,47.6,47.7,47.7,47.7,35.3,35.3
0.000101,36.1,47.7,47.6,47.7,47.7,47.7,47.7,47.7,47.7,47.7,47.7,36.8,47.7,47.6,47.7,47.7,47.7,47.7,47.6,47.7,47.7,36.2,47.7,47.7,47.7,47.7,47.7,47.7,47.6,47.6,47.7,36.5,47.6,47.7,47.7,47.7,47.7,47.7,47.7,47.7,47.6,35.9,47.7,47.6,47.7,47.7,47.7,47.7,47.6,47.7,47.7,35.8,47.7,47.6,47.6,47.6,47.7,47.7,47.6,47.7,47.6,35.4,47.7,47.7,47.7,47.6,47.6,47.7,47.7,47.7,47.7,34.9,47.7,47.7,47.7,47.6,47.6,47.7,47.7,47.6,47.6,34.7,47.6,47.6,47.6,47.7,47.7,47.7,47.7,47.7,47.7,35.2,47.7,47.7,47.7,47.7,47.6,47.7,35.3,35.4
0.000101,36.1,47.7,47.7,47.6,47.7,47.7,47.7,47.6,47.7,47.7,47.6,36.7,47.7,47.6,47.7,47.7,47.6,47.7,47.6,47.7,47.6,36.3,47.7,47.7,47.7,47.7,47.7,47.5,47.6,47.7,47.7,36.6,47.7,47.7,47.7,47.7,47.7,47.6,47.7,47.7,47.7,35.8,47.7,47.7,47.7,47.6,47.7,47.6,47.6,47.7,47.6,36,47.7,47.7,47.7,47.7,47.7,47.7,47.7,47.7,47.6,35.4,47.6,47.7,47.7,47.7,47.7,47.7,47.7,47.7,47.7,34.8,47.6,47.7,47.7,47.7,47.7,47.6,47.6,47.7,47.6,34.7,47.7,47.7,47.7,47.7,47.7,47.6,47.6,47.7,47.7,35.2,47.7,47.7,47.7,47.7,47.7,47.7,35.3,35.4
0.000101,36.3,47.6,47.7,47.7,47.6,47.7,47.7,47.7,47.7,47.6,47.7,36.5,47.6,47.7,47.7,47.7,47.7,47.7,47.7,47.7,47.7,36.2,47.7,47.6,47.7,47.7,47.7,47.7,47.7,47.7,47.6,36.5,47.7,47.6,47.6,47.7,47.6,47.7,47.7,47.7,47.7,35.9,47.7,47.6,47.7,47.7,47.6,47.6,47.7,47.6,47.6,36.1,47.6,47.7,47.7,47.7,47.7,47.6,47.7,47.7,47.6,35.6,47.7,47.7,47.7,47.7,47.7,47.7,47.7,47.6,47.7,34.6,47.7,47.7,47.7,47.7,47.7,47.6,47.7,47.7,47.6,34.8,47.7,47.7,47.6,47.7,47.6,47.6,47.7,47.7,47.7,35.1,47.7,47.7,47.7,47.7,47.7,47.7,35.2,35.5
0.000101,36.2,47.7,47.6,47.7,47.7,47.7,47.7,47.7,47.7,47.7,47.7,36.4,47.7,47.7,47.7,47.7,47.6,47.7,47.7,47.7,47.6,36.3,47.6,47.7,47.7,47.7,47.7,47.7,47.7,47.7,47.7,36.4,47.7,47.7,47.7,47.7,47.7,47.6,47.7,47.7,47.7,36,47.7,47.7,47.6,47.7,47.7,47.6,47.6,47.6,47.7,36.1,47.6,47.7,47.6,47.6,47.7,47.6,47.7,47.7,47.7,35.6,47.7,47.7,47.7,47.7,47.7,47.6,47.7,47.7,47.7,34.5,47.6,47.6,47.7,47.7,47.7,47.7,47.7,47.6,47.6,34.8,47.6,47.6,47.7,47.7,47.7,47.7,47.7,47.6,47.7,35.1,47.6,47.7,47.6,47.7,47.7,47.7,35.1,35.6
0.000102,36.2,47.7,47.7,47.7,47.7,47.7,47.6,47.7,47.7,47.7,47.7,36.3,47.7,47.7,47.7,47.7,47.6,47.6,47.6,47.6,47.7,36.1,47.7,47.6,47.6,47.6,47.7,47.7,47.7,47.7,47.6,36.6,47.7,47.6,47.7,47.6,47.7,47.6,47.7,47.6,47.7,36,47.7,47.6,47.7,47.7,47.7,47.7,47.6,47.7,47.6,36.1,47.7,47.7,47.7,47.7,47.7,47.7,47.6,47.7,47.7,35.5,47.7,47.6,47.6,47.7,47.7,47.6,47.7,47.6,47.7,34.5,47.7,47.7,47.7,47.7,47.6,47.7,47.7,47.7,47.7,34.8,47.6,47.7,47.7,47.6,47.7,47.7,47.6,47.7,47.7,35.1,47.7,47.7,47.7,47.7,47.7,47.7,34.9,35.6
0.000102,36.1,47.6,47.7,47.7,47.6,47.7,47.7,47.7,47.7,47.6,47.7,36.3,47.6,47.6,47.7,47.7,47.7,47.7,47.7,47.7,47.7,36.2,47.7,47.7,47.7,47.7,47.6,47.7,47.7,47.7,47.7,36.6,47.7,47.7,47.7,47.7,47.6,47.7,47.7,47.7,47.7,36,47.7,47.6,47.6,47.6,47.7,47.7,47.6,47.7,47.7,35.9,47.6,47.7,47.7,47.7,47.6,47.6,47.7,47.7,47.7,35.5,47.7,47.7,47.7,47.6,47.7,47.7,47.7,47.7,47.6,34.5,47.7,47.7,47.7,47.7,47.7,47.7,47.7,47.7,47.6,35,47.6,47.7,47.7,47.7,47.7,47.7,47.7,47.7,47.7,35.3,47.7,47.6,47.7,47.7,47.6,47.7,34.9,35.6
0.000102,36,47.6,47.6,47.7,47.7,47.7,47.7,47.7,47.7,47.7,47.6,36.3,47.7,47.6,47.6,47.7,47.7,47.7,47.7,47.7,47.7,36.3,47.6,47.7,47.6,47.7,47.7,47.7,47.7,47.7,47.7,36.5,47.7,47.7,47.6,47.6,47.7,47.7,47.7,47.7,47.6,36.2,47.7,47.6,47.7,47.7,47.6,47.7,47.7,47.7,47.7,35.9,47.7,47.6,47.6,47.7,47.7,47.7,47.7,47.7,47.7,35.5,47.7,47.7,47.7,47.6,47.7,47.7,47.6,47.7,47.7,34.8,47.7,47.7,47.7,47.7,47.6,47.7,47.7,47.6,47.7,34.9,47.6,47.7,47.7,47.7,47.7,47.7,47.7,47.7,47.7,35.3,47.7,47.7,47.7,47.7,47.7,47.6,35,35.5
0.000102,36,47.7,47.7,47.7,47.7,47.6,47.7,47.7,47.6,47.7,47.6,36.5,47.6,47.7,47.7,47.7,47.7,47.6,47.7,47.6,47.6,36.4,47.7,47.7,47.6,47.7,47.7,47.7,47.7,47.7,47.6,36.6,47.7,47.7,47.7,47.7,47.7,47.7,47.7,47.6,47.7,36.1,47.6,47.7,47.7,47.7,47.7,47.7,47.6,47.6,47.7,35.9,47.6,47.7,47.7,47.6,47.6,47.7,47.6,47.7,47.6,35.5,47.6,47.6,47.6,47.7,47.7,47.7,47.7,47.6,47.7,34.9,47.7,47.7,47.7,47.7,47.7,47.7,47.7,47.6,47.7,35,47.6,47.6,47.7,47.7,47.6,47.7,47.7,47.7,47.7,35.5,47.6,47.6,47.7,47.7,47.7,47.7,35.2,35.5
0.000102,36.1,47.7,47.6,47.6,47.6,47.7,47.7,47.7,47.7,47.7,47.6,36.5,47.7,47.7,47.7,47.7,47.7,47.6,47.7,47.7,47.7,36.5,47.7,47.7,47.6,47.6,47.7,47.6,47.6,47.7,47.7,36.5,47.7,47.7,47.6,47.7,47.7,47.7,47.6,47.7,47.7,36.1,47.7,47.7,47.7,47.7,47.7,47.7,47.7,47.7,47.6,35.8,47.7,47.6,47.7,47.7,47.7,47.7,47.6,47.6,47.7,35.6,47.7,47.7,47.7,47.7,47.7,47.6,47.7,47.7,47.7,35.1,47.6,47.7,47.6,47.7,47.7,47.7,47.6,47.6,47.7,35.1,47.6,47.7,47.6,47.7,47.6,47.7,47.7,47.6,47.7,35.6,47.7,47.6,47.7,47.7,47.7,47.7,35.4,35.4
0.000103,36.1,47.7,47.6,47.7,47.7,47.7,47.6,47.7,47.7,47.7,47.7,36.7,47.6,47.7,47.7,47.7,47.7,47.7,47.7,47.7,47.7,36.5,47.6,47.7,47.7,47.7,47.7,47.7,47.7,47.7,47.7,36.6,47.7,47.5,47.7,47.7,47.7,47.7,47.7,47.7,47.7,36.3,47.7,47.7,47.7,47.7,47.7,47.7,47.7,47.7,47.7,35.9,47.6,47.7,47.7,47.6,47.7,47.7,47.6,47.7,47.7,35.6,47.6,47.6,47.7,47.6,47.6,47.7,47.7,47.7,47.7,35.1,47.7,47.7,47.6,47.6,47.6,47.7,47.7,47.7,47.6,34.9,47.7,47.7,47.6,47.7,47.7,47.7,47.6,47.7,47.7,35.6,47.7,47.6,47.7,47.6,47.7,47.7,35.4,35.4
0.000103,36.2,47.6,47.7,47.7,47.7,47.7,47.7,47.7,47.6,47.7,47.6,36.9,47.7,47.7,47.7,47.6,47.7,47.7,47.7,47.7,47.7,36.6,47.7,47.7,47.7,47.7,47.6,47.6,47.7,47.7,47.6,36.5,47.7,47.7,47.7,47.7,47.7,47.7,47.7,47.7,47.7,36.4,47.7,47.7,47.7,47.7,47.7,47.7,47.7,47.6,47.7,36,47.7,47.7,47.7,47.7,47.7,47.7,47.7,47.7,47.7,35.8,47.7,47.6,47.7,47.6,47.7,47.6,47.7,47.6,47.6,35.2,47.7,47.7,47.7,47.7,47.7,47.6,47.7,47.7,47.8,35.2,47.7,47.7,47.7,47.6,47.7,47.7,47.7,47.7,47.7,35.8,47.7,47.7,47.7,47.7,47.7,47.7,35.5,35.4
0.000103,36.3,47.7,47.7,47.7,47.7,47.7,47.6,47.7,47.7,47.7,47.7,36.9,47.7,47.7,47.7,47.6,47.7,47.7,47.7,47.7,47.7,36.5,47.6,47.7,47.7,47.7,47.7,47.7,47.7,47.7,47.7,36.6,47.7,47.7,47.7,47.7,47.7,47.7,47.6,47.6,47.5,36.2,47.7,47.7,47.6,47.7,47.7,47.7,47.6,47.7,47.7,36.1,47.7,47.7,47.7,47.7,47.7,47.7,47.7,47.7,47.6,35.7,47.7,47.6,47.7,47.6,47.7,47.7,47.6,47.7,47.7,35.1,47.7,47.7,47.7,47.7,47.6,47.7,47.6,47.6,47.7,35.1,47.7,47.7,47.6,47.6,47.7,47.6,47.6,47.7,47.7,35.8,47.6,47.7,47.7,47.6,47.6,47.6,35.5,35.5
0.000103,36.4,47.6,47.7,47.7,47.7,47.6,47.7,47.7,47.7,47.7,47.7,36.9,47.7,47.7,47.6,47.6,47.7,47.7,47.7,47.6,47.7,36.7,47.7,47.7,47.7,47.7,47.7,47.7,47.7,47.7,47.7,36.6,47.7,47.7,47.7,47.7,47.6,47.7,47.7,47.7,47.7,36.4,47.7,47.7,47.6,47.7,47.6,47.7,47.7,47.7,47.7,36.2,47.7,47.7,47.7,47.7,47.7,47.7,47.7,47.7,47.7,35.8,47.6,47.7,47.6,47.7,47.7,47.7,47.7,47.7,47.7,35.1,47.7,47.6,47.7,47.7,47.7,47.7,47.6,47.6,47.6,35.2,47.6,47.7,47.7,47.6,47.7,47.7,47.7,47.7,47.7,35.8,47.7,47.7,47.7,47.7,47.7,47.7,35.5,35.5
0.000103,36.3,47.7,47.7,47.7,47.6,47.6,47.7,47.6,47.7,47.7,47.7,36.7,47.7,47.7,47.7,47.7,47.7,47.7,47.7,47.7,47.7,36.6,47.7,47.7,47.7,47.6,47.6,47.6,47.7,47.7,47.7,36.7,47.7,47.7,47.6,47.7,47.6,47.6,47.7,47.6,47.7,36.3,47.7,47.7,47.7,47.6,47.7,47.6,47.7,47.6,47.7,36.3,47.7,47.7,47.7,47.6,47.7,47.7,47.6,47.7,47.6,35.8,47.7,47.7,47.7,47.7,47.6,47.7,47.7,47.6,47.7,34.9,47.7,47.7,47.7,47.7,47.7,47.7,47.6,47.7,47.6,35.2,47.7,47.7,47.7,47.7,47.6,47.7,47.7,47.6,47.7,35.9,47.7,47.7,47.6,47.7,47.7,47.6,35.3,35.4
0.000104,36.3,47.7,47.7,47.7,47.7,47.6,47.7,47.6,47.6,47.6,47.7,36.8,47.6,47.7,47.7,47.7,47.6,47.6,47.7,47.7,47.7,36.5,47.6,47.7,47.7,47.6,47.7,47.5,47.7,47.7,47.6,36.6,47.7,47.7,47.7,47.7,47.7,47.7,47.6,47.7,47.7,36.3,47.6,47.7,47.6,47.6,47.6,47.7,47.7,47.7,47.7,36.4,47.7,47.7,47.7,47.7,47.7,47.7,47.6,47.6,47.7,35.9,47.7,47.7,47.7,47.7,47.7,47.7,47.6,47.7,47.7,34.7,47.6,47.6,47.7,47.7,47.7,47.7,47.6,47.6,47.7,35.2,47.6,47.7,47.7,47.6,47.7,47.6,47.7,47.7,47.7,35.7,47.6,47.7,47.7,47.7,47.7,47.7,35.3,35.5
0.000104,36.3,47.7,47.7,47.7,47.7,47.7,47.7,47.7,47.7,47.7,47.7,36.8,47.6,47.7,47.6,47.6,47.7,47.7,47.7,47.6,47.7,36.6,47.7,47.6,47.7,47.6,47.7,47.7,47.7,47.7,47.7,36.6,47.7,47.7,47.7,47.7,47.6,47.7,47.7,47.6,47.7,36.2,47.7,47.7,47.7,47.6,47.7,47.7,47.7,47.7,47.7,36.5,47.7,47.6,47.7,47.6,47.7,47.7,47.7,47.6,47.7,35.9,47.6,47.7,47.7,47.7,47.7,47.7,47.7,47.7,47.7,34.8,47.6,47.6,47.7,47.7,47.6,47.7,47.7,47.6,47.6,35.2,47.7,47.7,47.7,47.7,47.6,47.6,47.7,47.6,47.7,36,47.7,47.7,47.6,47.7,47.7,47.7,35.1,35.5
0.000104,36.2,47.7,47.6,47.7,47.7,47.7,47.7,47.7,47.7,47.7,47.7,36.6,47.6,47.7,47.7,47.7,47.7,47.7,47.7,47.6,47.6,36.6,47.7,47.7,47.7,47.6,47.7,47.6,47.7,47.6,47.7,36.6,47.7,47.7,47.6,47.7,47.7,47.7,47.6,47.7,47.7,36.1,47.6,47.7,47.7,47.7,47.7,47.7,47.7,47.6,47.7,36.5,47.7,47.6,47.7,47.6,47.7,47.7,47.7,47.7,47.6,35.9,47.6,47.7,47.7,47.7,47.7,47.6,47.6,47.7,47.7,34.8,47.6,47.6,47.6,47.6,47.6,47.7,47.7,47.6,47.7,35.2,47.6,47.7,47.6,47.7,47.7,47.7,47.6,47.7,47.7,35.9,47.6,47.7,47.6,47.6,47.6,47.7,35.2,35.3
0.000104,36.1,47.7,47.7,47.7,47.6,47.7,47.6,47.6,47.7,47.7,47.7,36.4,47.7,47.7,47.7,47.6,47.7,47.7,47.6,47.7,47.7,36.5,47.7,47.7,47.7,47.7,47.7,47.7,47.7,47.7,47.7,36.7,47.6,47.7,47.7,47.7,47.5,47.6,47.6,47.7,47.7,36.1,47.7,47.7,47.6,47.7,47.7,47.7,47.7,47.7,47.7,36.4,47.6,47.7,47.6,47.7,47.7,47.7,47.7,47.7,47.6,35.7,47.6,47.7,47.6,47.7,47.7,47.6,47.6,47.7,47.7,35,47.6,47.7,47.7,47.7,47.7,47.7,47.6,47.7,47.7,35.2,47.7,47.7,47.6,47.7,47.6,47.7,47.6,47.6,47.7,35.9,47.7,47.7,47.7,47.7,47.7,47.7,35.1,35.4
0.000104,35.9,47.7,47.7,47.7,47.6,47.7,47.7,47.7,47.6,47.7,47.7,36.5,47.6,47.7,47.7,47.6,47.7,47.6,47.6,47.6,47.7,36.4,47.7,47.7,47.6,47.7,47.7,47.6,47.7,47.7,47.7,36.6,47.7,47.6,47.7,47.7,47.7,47.7,47.7,47.7,47.7,36.2,47.7,47.7,47.6,47.6,47.7,47.7,47.6,47.7,47.7,36.4,47.6,47.7,47.7,47.7,47.7,47.7,47.6,47.6,47.6,35.8,47.6,47.7,47.7,47.7,47.7,47.7,47.6,47.6,47.7,35.3,47.7,47.7,47.7,47.7,47.6,47.6,47.7,47.6,47.7,35.2,47.7,47.7,47.7,47.7,47.7,47.7,47.7,47.7,47.7,35.8,47.7,47.7,47.7,47.6,47.6,47.7,35.1,35.4
0.000105,35.9,47.7,47.7,47.6,47.7,47.7,47.6,47.6,47.7,47.6,47.7,36.6,47.7,47.6,47.6,47.7,47.7,47.7,47.7,47.7,47.7,36.6,47.6,47.6,47.6,47.7,47.7,47.7,47.7,47.7,47.7,36.6,47.7,47.6,47.7,47.7,47.7,47.6,47.7,47.6,47.7,36.2,47.7,47.6,47.7,47.7,47.7,47.7,47.7,47.7,47.7,36.3,47.6,47.7,47.6,47.6,47.7,47.7,47.7,47.6,47.6,35.9,47.7,47.7,47.7,47.7,47.7,47.7,47.7,47.7,47.7,35.6,47.7,47.7,47.7,47.6,47.7,47.7,47.7,47.7,47.6,35.4,47.7,47.6,47.6,47.7,47.7,47.6,47.6,47.7,47.7,35.8,47.6,47.6,47.7,47.7,47.7,47.7,35.2,35.3
0.000105,35.9,47.6,47.7,47.6,47.7,47.7,47.7,47.7,47.7,47.7,47.7,36.5,47.7,47.7,47.6,47.7,47.7,47.7,47.7,47.7,47.7,36.6,47.6,47.7,47.7,47.6,47.6,47.7,47.7,47.7,47.7,36.5,47.7,47.7,47.6,47.7,47.7,47.7,47.7,47.7,47.7,36.3,47.7,47.7,47.6,47.7,47.7,47.7,47.6,47.6,47.7,36.2,47.7,47.7,47.7,47.7,47.6,47.7,47.5,47.7,47.7,35.9,47.7,47.7,47.6,47.6,47.7,47.7,47.7,47.6,47.6,35.9,47.7,47.7,47.7,47.7,47.7,47.6,47.6,47.7,47.7,35.3,47.7,47.7,47.7,47.7,47.7,47.6,47.7,47.6,47.7,35.8,47.6,47.6,47.6,47.6,47.6,47.7,35.4,35.3
0.000105,35.9,47.7,47.7,47.7,47.6,47.7,47.6,47.6,47.7,47.7,47.7,36.7,47.6,47.7,47.7,47.7,47.7,47.7,47.6,47.7,47.7,36.6,47.7,47.7,47.6,47.6,47.7,47.7,47.7,47.7,47.7,36.5,47.6,47.6,47.7,47.7,47.7,47.7,47.6,47.7,47.7,36.3,47.7,47.7,47.7,47.7,47.5,47.7,47.6,47.7,47.7,36.2,47.7,47.7,47.7,47.6,47.7,47.7,47.6,47.7,47.7,35.9,47.7,47.6,47.7,47.7,47.7,47.7,47.7,47.6,47.7,36,47.6,47.7,47.7,47.7,47.7,47.7,47.7,47.7,47.6,35.4,47.7,47.7,47.7,47.7,47.7,47.6,47.7,47.7,47.7,35.7,47.7,47.7,47.7,47.7,47.7,47.6,35.4,35.4
0.000105,35.9,47.7,47.7,47.7,47.7,47.7,47.7,47.7,47.6,47.7,47.7,36.6,47.6,47.6,47.7,47.6,47.6,47.7,47.7,47.7,47.7,36.6,47.7,47.6,47.7,47.6,47.7,47.7,47.7,47.7,47.7,36.4,47.7,47.7,47.7,47.7,47.6,47.7,47.7,47.7,47.7,36.4,47.6,47.7,47.6,47.6,47.7,47.6,47.7,47.7,47.7,36.3,47.6,47.6,47.7,47.7,47.6,47.7,47.7,47.7,47.7,35.9,47.7,47.7,47.7,47.6,47.7,47.7,47.7,47.7,47.7,35.8,47.7,47.6,47.7,47.7,47.6,47.6,47.7,47.7,47.7,35.3,47.6,47.6,47.7,47.6,47.7,47.7,47.7,47.7,47.6,35.7,47.7,47.6,47.7,47.7,47.7,47.6,35.5,35.4
0.000105,35.9,47.7,47.7,47.7,47.6,47.7,47.7,47.6,47.7,47.7,47.7,36.5,47.7,47.7,47.7,47.6,47.7,47.7,47.7,47.6,47.7,36.8,47.6,47.7,47.7,47.6,47.7,47.7,47.7,47.7,47.7,36.4,47.7,47.7,47.7,47.7,47.7,47.7,47.7,47.7,47.7,36.4,47.7,47.6,47.6,47.7,47.6,47.6,47.7,47.6,47.7,36.4,47.7,47.7,47.7,47.7,47.6,47.7,47.7,47.6,47.7,35.9,47.7,47.7,47.6,47.7,47.7,47.6,47.7,47.7,47.7,35.6,47.7,47.6,47.6,47.6,47.7,47.7,47.7,47.7,47.7,35.4,47.7,47.7,47.7,47.7,47.7,47.6,47.7,47.7,47.6,35.8,47.7,47.7,47.7,47.7,47.7,47.6,35.5,35.4
0.000106,36,47.6,47.6,47.6,47.7,47.6,47.7,47.7,47.6,47.7,47.7,36.7,47.7,47.7,47.6,47.7,47.7,47.6,47.7,47.6,47.7,36.7,47.7,47.7,47.7,47.7,47.7,47.7,47.7,47.7,47.7,36.5,47.7,47.7,47.6,47.6,47.7,47.7,47.7,47.7,47.6,36.3,47.6,47.7,47.7,47.7,47.6,47.6,47.7,47.6,47.6,36.5,47.7,47.6,47.7,47.7,47.6,47.7,47.7,47.7,47.7,35.9,47.7,47.7,47.7,47.7,47.7,47.7,47.7,47.6,47.6,35.4,47.6,47.7,47.7,47.6,47.6,47.6,47.7,47.6,47.6,35.3,47.7,47.6,47.7,47.7,47.7,47.7,47.7,47.6,47.6,36,47.7,47.7,47.6,47.6,47.6,47.7,35.3,35.3
0.000106,36.1,47.7,47.7,47.7,47.6,47.7,47.7,47.7,47.7,47.7,47.7,36.7,47.7,47.6,47.7,47.7,47.7,47.6,47.6,47.6,47.6,36.8,47.7,47.7,47.7,47.7,47.6,47.7,47.7,47.7,47.7,36.4,47.6,47.7,47.7,47.7,47.7,47.7,47.7,47.7,47.7,36.4,47.7,47.7,47.7,47.7,47.7,47.6,47.7,47.7,47.7,36.5,47.6,47.6,47.6,47.7,47.7,47.7,47.6,47.6,47.7,35.9,47.7,47.7,47.7,47.6,47.7,47.7,47.6,47.7,47.7,35.3,47.7,47.6,47.7,47.6,47.7,47.7,47.7,47.7,47.6,35.4,47.7,47.7,47.6,47.7,47.7,47.7,47.6,47.7,47.7,36,47.7,47.7,47.6,47.6,47.7,47.7,35.4,35.5
0.000106,36.1,47.6,47.7,47.7,47.7,47.7,47.6,47.7,47.7,47.6,47.6,36.7,47.7,47.7,47.7,47.7,47.7,47.7,47.7,47.7,47.7,36.9,47.7,47.7,47.7,47.7,47.6,47.7,47.7,47.7,47.6,36.4,47.7,47.7,47.6,47.6,47.7,47.7,47.7,47.7,47.7,36.4,47.8,47.7,47.7,47.7,47.7,47.6,47.7,47.7,47.7,36.6,47.7,47.7,47.7,47.7,47.7,47.7,47.7,47.6,47.6,36,47.6,47.7,47.7,47.7,47.7,47.7,47.7,47.7,47.7,35.3,47.7,47.7,47.7,47.7,47.7,47.6,47.7,47.7,47.7,35.4,47.7,47.7,47.7,47.7,47.7,47.6,47.6,47.7,47.7,36,47.7,47.7,47.7,47.6,47.7,47.7,35.5,35.4
0.000106,36.2,47.6,47.6,47.6,47.6,47.7,47.7,47.6,47.6,47.7,47.7,36.6,47.7,47.7,47.6,47.6,47.7,47.7,47.7,47.7,47.7,36.8,47.7,47.6,47.7,47.6,47.7,47.7,47.7,47.6,47.7,36.5,47.7,47.7,47.7,47.7,47.7,47.7,47.7,47.7,47.7,36.4,47.7,47.7,47.7,47.7,47.7,47.7,47.7,47.6,47.7,36.5,47.6,47.7,47.6,47.7,47.7,47.7,47.7,47.7,47.7,36,47.7,47.7,47.7,47.7,47.6,47.7,47.6,47.7,47.7,35.1,47.7,47.6,47.7,47.6,47.7,47.6,47.7,47.7,47.6,35.5,47.6,47.6,47.7,47.7,47.7,47.6,47.6,47.6,47.6,36,47.7,47.7,47.7,47.7,47.7,47.7,35.5,35.5
0.000106,36.2,47.7,47.7,47.7,47.7,47.8,47.7,47.6,47.7,47.7,47.7,36.5,47.7,47.7,47.7,47.7,47.7,47.7,47.6,47.7,47.7,36.9,47.7,47.7,47.7,47.6,47.7,47.7,47.6,47.7,47.7,36.4,47.6,47.7,47.7,47.7,47.7,47.7,47.6,47.7,47.7,36.5,47.7,47.7,47.6,47.6,47.7,47.7,47.7,47.6,47.7,36.5,47.7,47.7,47.7,47.7,47.6,47.7,47.7,47.7,47.7,36,47.6,47.7,47.7,47.7,47.6,47.7,47.7,47.7,47.7,35.4,47.7,47.6,47.7,47.7,47.7,47.7,47.7,47.6,47.7,35.4,47.7,47.6,47.6,47.6,47.7,47.7,47.7,47.7,47.7,36.1,47.6,47.7,47.7,47.7,47.6,47.6,35.6,35.5
0.000107,36.2,47.6,47.6,47.6,47.6,47.7,47.7,47.7,47.6,47.7,47.7,36.5,47.7,47.7,47.7,47.6,47.7,47.6,47.7,47.7,47.7,36.8,47.6,47.7,47.7,47.6,47.7,47.7,47.6,47.5,47.7,36.4,47.6,47.7,47.6,47.7,47.6,47.7,47.7,47.7,47.6,36.5,47.7,47.7,47.7,47.6,47.7,47.7,47.7,47.6,47.7,36.5,47.7,47.7,47.7,47.7,47.7,47.7,47.7,47.7,47.7,36.1,47.7,47.7,47.7,47.7,47.6,47.6,47.7,47.6,47.7,35.6,47.7,47.7,47.6,47.7,47.7,47.7,47.6,47.7,47.7,35.4,47.7,47.7,47.7,47.6,47.7,47.6,47.7,47.7,47.7,36,47.7,47.7,47.7,47.6,47.6,47.6,35.5,35.5
0.000107,36.1,47.7,47.6,47.6,47.7,47.7,47.7,47.7,47.7,47.7,47.7,36.4,47.7,47.7,47.7,47.7,47.6,47.7,47.7,47.7,47.6,36.8,47.7,47.7,47.7,47.6,47.7,47.7,47.7,47.7,47.7,36.4,47.7,47.6,47.7,47.7,47.6,47.7,47.7,47.7,47.7,36.4,47.6,47.7,47.7,47.7,47.6,47.7,47.7,47.7,47.7,36.4,47.7,47.7,47.6,47.6,47.7,47.6,47.7,47.7,47.6,36.1,47.7,47.7,47.7,47.7,47.7,47.7,47.6,47.7,47.7,35.9,47.7,47.7,47.7,47.7,47.7,47.6,47.7,47.6,47.7,35.6,47.7,47.7,47.6,47.7,47.7,47.6,47.6,47.6,47.6,36,47.6,47.7,47.6,47.6,47.7,47.7,35.4,35.5
0.000107,36,47.7,47.7,47.6,47.7,47.7,47.7,47.7,47.6,47.7,47.7,36.4,47.6,47.7,47.7,47.7,47.7,47.7,47.7,47.7,47.7,36.7,47.6,47.6,47.6,47.7,47.7,47.6,47.6,47.7,47.6,36.4,47.6,47.7,47.6,47.6,47.7,47.7,47.6,47.7,47.7,36.4,47.6,47.6,47.6,47.7,47.7,47.7,47.7,47.7,47.7,36.5,47.6,47.7,47.6,47.7,47.7,47.7,47.7,47.7,47.7,36,47.6,47.7,47.7,47.7,47.7,47.7,47.7,47.7,47.7,35.9,47.7,47.7,47.6,47.7,47.7,47.7,47.6,47.6,47.7,35.4,47.7,47.6,47.7,47.7,47.7,47.7,47.7,47.7,47.7,36.1,47.6,47.7,47.7,47.7,47.7,47.7,35.4,35.5
0.000107,36,47.6,47.7,47.7,47.6,47.7,47.7,47.7,47.7,47.7,47.7,36.3,47.7,47.7,47.7,47.6,47.6,47.7,47.6,47.7,47.6,36.4,47.7,47.7,47.7,47.6,47.6,47.7,47.7,47.7,47.7,36.4,47.7,47.6,47.7,47.7,47.7,47.7,47.6,47.7,47.6,36.4,47.6,47.7,47.6,47.7,47.6,47.6,47.7,47.7,47.7,36.4,47.7,47.7,47.7,47.6,47.7,47.7,47.7,47.7,47.6,36.1,47.6,47.7,47.6,47.6,47.7,47.6,47.6,47.7,47.6,35.9,47.7,47.7,47.6,47.7,47.6,47.7,47.7,47.7,47.6,35.5,47.7,47.7,47.7,47.6,47.6,47.6,47.7,47.7,47.7,36,47.7,47.6,47.6,47.7,47.7,47.7,35.3,35.5
0.000107,35.9,47.7,47.6,47.7,47.7,47.7,47.7,47.6,47.6,47.6,47.7,36.4,47.7,47.7,47.7,47.6,47.7,47.7,47.7,47.7,47.7,36.4,47.7,47.7,47.6,47.7,47.7,47.7,47.7,47.7,47.7,36.5,47.6,47.7,47.7,47.7,47.6,47.7,47.6,47.7,47.7,36.4,47.7,47.7,47.6,47.7,47.6,47.7,47.7,47.6,47.6,36.4,47.7,47.7,47.7,47.7,47.7,47.7,47.7,47.7,47.6,36.2,47.7,47.7,47.7,47.6,47.7,47.7,47.7,47.6,47.7,35.9,47.7,47.6,47.7,47.7,47.7,47.7,47.7,47.7,47.6,35.5,47.6,47.7,47.7,47.7,47.7,47.7,47.7,47.7,47.7,36,47.6,47.7,47.7,47.6,47.6,47.7,35.4,35.5
0.000108,35.9,47.7,47.7,47.7,47.7,47.7,47.7,47.7,47.7,47.6,47.7,36.4,47.7,47.6,47.7,47.7,47.7,47.7,47.7,47.7,47.7,36.5,47.6,47.7,47.7,47.6,47.7,47.7,47.7,47.6,47.7,36.4,47.6,47.7,47.7,47.7,47.7,47.7,47.7,47.7,47.6,36.4,47.7,47.6,47.7,47.6,47.6,47.7,47.7,47.7,47.7,36.3,47.6,47.7,47.7,47.7,47.7,47.7,47.6,47.7,47.7,36.3,47.6,47.6,47.7,47.6,47.7,47.7,47.7,47.7,47.7,35.8,47.7,47.6,47.7,47.6,47.6,47.6,47.6,47.6,47.7,35.5,47.7,47.7,47.6,47.6,47.7,47.6,47.6,47.7,47.7,36.1,47.7,47.7,47.6,47.7,47.7,47.7,35.4,35.3
0.000108,35.8,47.6,47.7,47.7,47.7,47.7,47.7,47.6,47.7,47.7,47.7,36.4,47.6,47.7,47.7,47.7,47.6,47.7,47.7,47.7,47.7,36.5,47.7,47.7,47.7,47.6,47.6,47.7,47.7,47.7,47.7,36.4,47.7,47.7,47.6,47.7,47.7,47.7,47.7,47.6,47.7,36.5,47.7,47.7,47.7,47.6,47.6,47.7,47.7,47.6,47.6,36.4,47.7,47.6,47.7,47.7,47.6,47.7,47.7,47.6,47.7,36.2,47.6,47.7,47.7,47.6,47.7,47.7,47.7,47.6,47.7,35.8,47.7,47.7,47.7,47.7,47.7,47.7,47.7,47.7,47.7,35.6,47.7,47.7,47.7,47.7,47.6,47.7,47.7,47.7,47.7,36.2,47.7,47.7,47.7,47.6,47.7,47.6,35.3,35.3
0.000108,35.5,47.7,47.7,47.6,47.6,47.7,47.6,47.6,47.6,47.7,47.7,36.2,47.7,47.7,47.7,47.7,47.7,47.7,47.7,47.7,47.7,36.5,47.6,47.6,47.6,47.7,47.6,47.7,47.7,47.7,47.7,36.4,47.6,47.6,47.7,47.7,47.7,47.6,47.7,47.7,47.7,36.5,47.6,47.7,47.6,47.7,47.7,47.7,47.6,47.6,47.7,36.5,47.7,47.7,47.7,47.6,47.6,47.7,47.7,47.6,47.6,36.1,47.6,47.7,47.7,47.7,47.6,47.7,47.6,47.7,47.7,35.5,47.7,47.6,47.6,47.7,47.6,47.7,47.6,47.7,47.7,35.5,47.7,47.7,47.7,47.6,47.7,47.7,47.7,47.7,47.7,36.3,47.7,47.6,47.7,47.7,47.7,47.7,35.4,35.4
0.000108,35.6,47.7,47.6,47.7,47.7,47.6,47.7,47.6,47.7,47.7,47.7,36.4,47.7,47.7,47.7,47.7,47.6,47.7,47.7,47.7,47.6,36.4,47.7,47.6,47.6,47.7,47.7,47.7,47.7,47.7,47.7,36.4,47.7,47.7,47.7,47.7,47.7,47.7,47.7,47.6,47.6,36.7,47.6,47.7,47.7,47.7,47.7,47.7,47.7,47.7,47.7,36.5,47.6,47.7,47.7,47.7,47.6,47.7,47.7,47.7,47.7,36.1,47.7,47.6,47.7,47.7,47.7,47.7,47.6,47.6,47.7,35.4,47.6,47.7,47.6,47.7,47.6,47.7,47.6,47.7,47.7,35.5,47.7,47.7,47.7,47.6,47.6,47.7,47.7,47.7,47.6,36.3,47.7,47.7,47.6,47.7,47.7,47.6,35.4,35.3
0.000108,35.8,47.7,47.6,47.7,47.7,47.6,47.6,47.6,47.7,47.6,47.7,36.3,47.7,47.7,47.7,47.6,47.7,47.7,47.5,47.7,47.7,36.3,47.6,47.7,47.7,47.7,47.6,47.6,47.7,47.7,47.7,36.5,47.7,47.7,47.7,47.7,47.7,47.7,47.7,47.7,47.7,36.7,47.6,47.6,47.7,47.6,47.7,47.6,47.7,47.6,47.7,36.5,47.7,47.7,47.7,47.7,47.6,47.7,47.6,47.7,47.6,36,47.7,47.7,47.7,47.6,47.7,47.7,47.6,47.7,47.6,35.4,47.7,47.6,47.6,47.6,47.7,47.7,47.6,47.7,47.7,35.5,47.7,47.6,47.7,47.7,47.6,47.7,47.7,47.7,47.7,36.3,47.7,47.7,47.6,47.6,47.7,47.7,35.3,35.3
0.000109,35.8,47.6,47.7,47.7,47.6,47.7,47.7,47.7,47.7,47.7,47.6,36.5,47.6,47.7,47.7,47.7,47.7,47.7,47.7,47.7,47.7,36.4,47.7,47.6,47.7,47.7,47.7,47.6,47.7,47.7,47.7,36.4,47.7,47.6,47.6,47.7,47.7,47.7,47.7,47.7,47.7,37,47.7,47.7,47.7,47.7,47.6,47.7,47.7,47.7,47.7,36.5,47.6,47.6,47.7,47.7,47.6,47.7,47.7,47.7,47.6,36.1,47.7,47.7,47.7,47.7,47.7,47.7,47.7,47.7,47.6,35.3,47.6,47.7,47.6,47.7,47.7,47.7,47.6,47.6,47.7,35.6,47.6,47.7,47.7,47.6,47.6,47.7,47.7,47.6,47.6,36.2,47.6,47.6,47.6,47.7,47.7,47.6,35.3,35.4
0.000109,36,47.7,47.7,47.6,47.6,47.6,47.7,47.7,47.7,47.7,47.7,36.6,47.7,47.7,47.6,47.7,47.7,47.6,47.7,47.6,47.6,36.4,47.7,47.7,47.7,47.6,47.6,47.6,47.7,47.7,47.7,36.4,47.7,47.7,47.6,47.6,47.7,47.7,47.6,47.7,47.7,37,47.6,47.7,47.7,47.7,47.7,47.6,47.7,47.6,47.7,36.4,47.6,47.7,47.7,47.7,47.7,47.6,47.7,47.7,47.7,36.1,47.7,47.6,47.7,47.7,47.6,47.7,47.6,47.6,47.7,35.4,47.6,47.7,47.7,47.6,47.6,47.7,47.7,47.5,47.6,35.7,47.7,47.6,47.7,47.6,47.6,47.7,47.7,47.7,47.7,36.2,47.7,47.7,47.7,47.7,47.6,47.7,35.3,35.4
0.000109,36,47.7,47.7,47.6,47.6,47.7,47.7,47.7,47.7,47.6,47.7,36.7,47.7,47.7,47.7,47.6,47.7,47.6,47.6,47.6,47.7,36.4,47.7,47.7,47.7,47.7,47.7,47.7,47.7,47.7,47.6,36.4,47.7,47.7,47.6,47.7,47.7,47.6,47.7,47.7,47.6,36.9,47.7,47.7,47.6,47.7,47.7,47.6,47.6,47.7,47.7,36.5,47.7,47.6,47.7,47.7,47.7,47.7,47.7,47.7,47.7,35.9,47.7,47.7,47.7,47.7,47.5,47.7,47.7,47.6,47.6,35.5,47.7,47.7,47.7,47.7,47.6,47.6,47.7,47.7,47.6,35.6,47.7,47.6,47.7,47.7,47.7,47.7,47.7,47.7,47.7,36.1,47.7,47.7,47.6,47.7,47.7,47.7,35.3,35.4
0.000109,36,47.7,47.7,47.7,47.6,47.7,47.7,47.6,47.7,47.7,47.6,36.7,47.6,47.6,47.6,47.6,47.7,47.7,47.7,47.7,47.7,36.4,47.7,47.6,47.6,47.7,47.6,47.6,47.7,47.6,47.7,36.4,47.7,47.7,47.6,47.7,47.7,47.6,47.6,47.7,47.6,36.9,47.7,47.7,47.6,47.7,47.6,47.7,47.6,47.7,47.7,36.5,47.6,47.6,47.7,47.7,47.6,47.6,47.7,47.7,47.7,35.9,47.7,47.6,47.7,47.6,47.7,47.7,47.7,47.6,47.7,35.7,47.7,47.6,47.6,47.7,47.7,47.6,47.7,47.7,47.7,35.7,47.7,47.7,47.6,47.7,47.6,47.6,47.7,47.7,47.7,36,47.6,47.6,47.7,47.7,47.6,47.7,35.3,35.4
0.000109,36,47.7,47.6,47.6,47.7,47.7,47.7,47.7,47.6,47.7,47.7,36.4,47.7,47.7,47.7,47.7,47.6,47.7,47.7,47.6,47.6,36.4,47.7,47.7,47.7,47.7,47.7,47.7,47.6,47.7,47.7,36.3,47.7,47.7,47.6,47.5,47.6,47.7,47.6,47.7,47.6,36.7,47.7,47.7,47.7,47.7,47.7,47.7,47.7,47.7,47.7,36.4,47.7,47.7,47.7,47.7,47.7,47.7,47.7,47.6,47.7,35.9,47.7,47.6,47.6,47.7,47.6,47.7,47.6,47.7,47.7,35.6,47.7,47.7,47.6,47.7,47.7,47.6,47.7,47.7,47.6,35.8,47.7,47.6,47.7,47.6,47.7,47.6,47.7,47.7,47.7,36,47.7,47.7,47.7,47.7,47.7,47.7,35.3,35.4
0.00011,36,47.7,47.7,47.7,47.7,47.7,47.6,47.7,47.7,47.6,47.6,36.3,47.7,47.7,47.6,47.7,47.6,47.7,47.7,47.7,47.7,36.5,47.7,47.7,47.7,47.7,47.6,47.6,47.7,47.7,47.6,36.2,47.7,47.7,47.7,47.6,47.7,47.7,47.6,47.6,47.7,36.6,47.6,47.7,47.6,47.6,47.6,47.6,47.7,47.7,47.7,36.4,47.7,47.6,47.7,47.7,47.7,47.7,47.6,47.7,47.7,35.9,47.7,47.7,47.7,47.6,47.6,47.6,47.7,47.7,47.6,35.6,47.6,47.7,47.6,47.6,47.7,47.6,47.7,47.6,47.7,35.7,47.7,47.7,47.6,47.7,47.7,47.7,47.7,47.7,47.7,36,47.7,47.6,47.6,47.7,47.7,47.7,35.3,35.4
0.00011,35.9,47.5,47.7,47.7,47.7,47.6,47.6,47.7,47.7,47.6,47.6,36.3,47.7,47.6,47.6,47.7,47.6,47.7,47.7,47.7,47.7,36.5,47.7,47.7,47.7,47.7,47.6,47.6,47.7,47.6,47.7,36.3,47.7,47.7,47.7,47.7,47.7,47.7,47.7,47.7,47.7,36.4,47.7,47.6,47.7,47.7,47.6,47.7,47.7,47.7,47.6,36.3,47.7,47.7,47.7,47.7,47.6,47.7,47.7,47.6,47.6,36.1,47.6,47.6,47.6,47.7,47.7,47.6,47.7,47.7,47.7,35.5,47.7,47.7,47.7,47.7,47.6,47.7,47.7,47.6,47.6,35.7,47.7,47.6,47.7,47.7,47.6,47.7,47.7,47.7,47.6,35.9,47.6,47.7,47.6,47.7,47.7,47.7,35.4,35.4
0.00011,35.8,47.6,47.7,47.7,47.7,47.7,47.7,47.7,47.6,47.6,47.7,36.1,47.7,47.7,47.7,47.7,47.7,47.7,47.7,47.7,47.7,36.6,47.7,47.7,47.7,47.6,47.7,47.7,47.7,47.7,47.7,36.4,47.7,47.7,47.7,47.6,47.7,47.7,47.7,47.6,47.7,36.4,47.6,47.7,47.7,47.7,47.7,47.7,47.6,47.7,47.7,36.2,47.7,47.7,47.6,47.7,47.7,47.7,47.7,47.6,47.7,36.1,47.7,47.6,47.7,47.6,47.7,47.7,47.7,47.7,47.6,35.6,47.7,47.6,47.7,47.7,47.7,47.7,47.7,47.7,47.6,35.7,47.6,47.6,47.7,47.6,47.7,47.7,47.7,47.7,47.7,35.9,47.7,47.7,47.7,47.7,47.7,47.6,35.5,35.3
0.00011,35.9,47.7,47.7,47.7,47.6,47.7,47.7,47.6,47.7,47.7,47.7,36.1,47.6,47.7,47.7,47.6,47.7,47.6,47.6,47.6,47.7,36.7,47.7,47.7,47.7,47.7,47.7,47.7,47.7,47.7,47.6,36.2,47.7,47.7,47.6,47.6,47.6,47.7,47.7,47.7,47.7,36.2,47.6,47.7,47.6,47.7,47.7,47.6,47.7,47.7,47.7,36.5,47.7,47.7,47.7,47.7,47.7,47.6,47.7,47.6,47.7,36.3,47.7,47.7,47.7,47.7,47.7,47.7,47.7,47.7,47.7,35.5,47.7,47.7,47.7,47.7,47.7,47.7,47.6,47.6,47.7,35.7,47.7,47.7,47.7,47.7,47.7,47.7,47.7,47.6,47.7,35.9,47.7,47.7,47.6,47.7,47.7,47.6,35.6,35.5
0.00011,35.8,47.6,47.7,47.7,47.7,47.7,47.7,47.7,47.6,47.7,47.7,36.1,47.7,47.7,47.6,47.6,47.6,47.7,47.6,47.7,47.7,36.6,47.7,47.6,47.6,47.6,47.7,47.6,47.6,47.6,47.7,36.3,47.7,47.7,47.7,47.7,47.7,47.7,47.7,47.6,47.6,36.3,47.7,47.7,47.6,47.7,47.7,47.7,47.5,47.7,47.7,36.5,47.7,47.7,47.7,47.7,47.7,47.7,47.7,47.6,47.6,36.3,47.6,47.7,47.6,47.7,47.6,47.7,47.7,47.6,47.7,35.5,47.7,47.6,47.7,47.7,47.6,47.7,47.6,47.6,47.7,35.7,47.6,47.6,47.7,47.6,47.6,47.7,47.7,47.6,47.7,35.9,47.7,47.6,47.7,47.7,47.7,47.7,35.5,35.5
0.000111,35.7,47.7,47.7,47.7,47.6,47.6,47.6,47.6,47.7,47.7,47.7,36.1,47.7,47.7,47.6,47.7,47.7,47.6,47.7,47.7,47.7,36.7,47.7,47.7,47.7,47.7,47.6,47.7,47.7,47.6,47.7,36.2,47.6,47.7,47.7,47.7,47.7,47.7,47.7,47.7,47.6,36.2,47.7,47.7,47.6,47.7,47.6,47.7,47.7,47.7,47.7,36.6,47.7,47.7,47.7,47.7,47.7,47.7,47.6,47.6,47.7,36.2,47.7,47.7,47.7,47.6,47.6,47.6,47.7,47.7,47.6,35.5,47.7,47.6,47.7,47.6,47.7,47.7,47.7,47.7,47.6,35.7,47.6,47.7,47.7,47.7,47.7,47.6,47.7,47.7,47.7,36,47.7,47.6,47.6,47.7,47.6,47.7,35.5,35.3
0.000111,35.8,47.7,47.7,47.7,47.7,47.7,47.6,47.6,47.6,47.7,47.6,36.4,47.7,47.7,47.7,47.6,47.7,47.7,47.7,47.7,47.7,36.7,47.7,47.7,47.7,47.6,47.7,47.7,47.7,47.7,47.7,36.3,47.7,47.7,47.7,47.7,47.7,47.7,47.7,47.7,47.6,36.4,47.6,47.7,47.7,47.6,47.7,47.7,47.6,47.6,47.7,36.6,47.6,47.7,47.6,47.7,47.6,47.6,47.7,47.6,47.7,36.3,47.7,47.6,47.7,47.6,47.7,47.7,47.7,47.6,47.6,35.5,47.7,47.7,47.6,47.6,47.7,47.6,47.7,47.6,47.7,35.6,47.7,47.7,47.7,47.7,47.7,47.7,47.7,47.6,47.7,36.1,47.6,47.7,47.7,47.7,47.7,47.7,35.5,35.5
0.000111,35.8,47.7,47.6,47.7,47.6,47.6,47.7,47.6,47.6,47.6,47.7,36.4,47.7,47.6,47.7,47.7,47.7,47.7,47.7,47.6,47.7,36.6,47.6,47.7,47.7,47.6,47.7,47.7,47.6,47.6,47.7,36.2,47.7,47.7,47.8,47.7,47.7,47.7,47.7,47.6,47.8,36.6,47.7,47.6,47.7,47.6,47.7,47.7,47.6,47.6,47.7,36.6,47.7,47.7,47.7,47.7,47.6,47.7,47.6,47.7,47.6,36,47.7,47.7,47.7,47.7,47.7,47.6,47.6,47.7,47.6,35.7,47.7,47.7,47.6,47.6,47.7,47.7,47.6,47.6,47.6,35.6,47.6,47.7,47.6,47.7,47.7,47.7,47.7,47.7,47.7,36.1,47.7,47.7,47.7,47.6,47.6,47.6,35.4,35.6
0.000111,35.8,47.7,47.6,47.7,47.7,47.6,47.7,47.7,47.7,47.7,47.7,36.4,47.6,47.6,47.6,47.6,47.7,47.7,47.6,47.6,47.6,36.5,47.7,47.7,47.7,47.7,47.7,47.7,47.7,47.7,47.6,36.2,47.7,47.7,47.6,47.7,47.6,47.7,47.6,47.7,47.6,36.7,47.7,47.6,47.7,47.6,47.7,47.7,47.7,47.7,47.6,36.6,47.6,47.7,47.6,47.6,47.7,47.6,47.7,47.6,47.7,35.9,47.6,47.6,47.7,47.7,47.7,47.7,47.7,47.7,47.6,35.7,47.6,47.7,47.7,47.7,47.6,47.6,47.7,47.7,47.7,35.5,47.7,47.6,47.7,47.6,47.6,47.6,47.7,47.6,47.6,36,47.6,47.6,47.7,47.7,47.7,47.7,35.4,35.6
0.000111,35.8,47.7,47.7,47.7,47.6,47.7,47.7,47.6,47.7,47.7,47.7,36.4,47.6,47.7,47.7,47.6,47.7,47.7,47.6,47.7,47.7,36.5,47.6,47.6,47.7,47.7,47.7,47.6,47.7,47.6,47.7,36.3,47.7,47.6,47.7,47.7,47.7,47.7,47.6,47.7,47.7,36.7,47.7,47.7,47.7,47.7,47.7,47.7,47.7,47.6,47.7,36.5,47.6,47.7,47.6,47.6,47.7,47.6,47.7,47.7,47.7,35.9,47.7,47.6,47.6,47.6,47.6,47.7,47.7,47.7,47.6,35.5,47.7,47.7,47.7,47.7,47.7,47.7,47.7,47.6,47.7,35.4,47.6,47.6,47.6,47.7,47.6,47.7,47.7,47.6,47.6,35.9,47.7,47.6,47.6,47.6,47.6,47.6,35.4,35.7
0.000112,36,47.7,47.7,47.7,47.7,47.7,47.7,47.7,47.7,47.7,47.7,36.4,47.7,47.6,47.7,47.6,47.6,47.7,47.7,47.7,47.7,36.5,47.6,47.7,47.7,47.7,47.7,47.7,47.7,47.7,47.6,36.2,47.7,47.5,47.6,47.6,47.7,47.6,47.7,47.7,47.7,36.7,47.6,47.7,47.7,47.7,47.6,47.7,47.6,47.7,47.7,36.5,47.7,47.7,47.7,47.7,47.6,47.7,47.7,47.7,47.7,35.8,47.7,47.7,47.7,47.7,47.7,47.6,47.6,47.7,47.7,35.5,47.7,47.6,47.6,47.6,47.6,47.6,47.6,47.6,47.7,35.4,47.7,47.7,47.7,47.7,47.7,47.7,47.7,47.7,47.6,36.1,47.7,47.6,47.7,47.7,47.6,47.7,35.4,35.7
0.000112,35.9,47.7,47.6,47.7,47.6,47.7,47.6,47.7,47.7,47.6,47.6,36.4,47.7,47.7,47.6,47.6,47.6,47.6,47.7,47.6,47.7,36.5,47.7,47.7,47.6,47.7,47.7,47.7,47.7,47.7,47.7,36.2,47.6,47.7,47.6,47.7,47.7,47.7,47.7,47.7,47.6,36.6,47.7,47.6,47.6,47.7,47.7,47.6,47.7,47.6,47.7,36.2,47.7,47.6,47.7,47.6,47.7,47.6,47.7,47.7,47.6,35.8,47.6,47.6,47.7,47.6,47.7,47.6,47.6,47.7,47.7,35.6,47.7,47.7,47.7,47.6,47.7,47.6,47.7,47.7,47.7,35.3,47.6,47.7,47.7,47.7,47.6,47.8,47.6,47.7,47.6,36.1,47.6,47.7,47.6,47.7,47.7,47.7,35.4,35.8
0.000112,35.9,47.6,47.7,47.7,47.6,47.6,47.7,47.6,47.7,47.7,47.7,36.2,47.6,47.7,47.7,47.8,47.7,47.7,47.6,47.7,47.7,36.6,47.7,47.7,47.7,47.7,47.7,47.6,47.7,47.7,47.6,36.2,47.7,47.7,47.7,47.7,47.7,47.7,47.7,47.7,47.7,36.5,47.7,47.7,47.6,47.7,47.6,47.7,47.7,47.7,47.7,36.2,47.6,47.6,47.7,47.7,47.6,47.7,47.7,47.7,47.7,35.9,47.7,47.6,47.7,47.7,47.6,47.7,47.6,47.7,47.7,35.5,47.7,47.7,47.7,47.7,47.7,47.7,47.6,47.7,47.7,35.5,47.7,47.6,47.6,47.6,47.7,47.7,47.6,47.7,47.7,35.9,47.7,47.7,47.7,47.7,47.6,47.7,35.3,35.5
0.000112,35.8,47.7,47.7,47.7,47.7,47.6,47.6,47.7,47.7,47.6,47.7,36.2,47.7,47.7,47.6,47.6,47.6,47.7,47.6,47.7,47.6,36.6,47.7,47.6,47.7,47.6,47.7,47.7,47.7,47.7,47.6,36.1,47.7,47.6,47.7,47.7,47.7,47.7,47.7,47.7,47.6,36.4,47.7,47.7,47.7,47.6,47.6,47.7,47.7,47.7,47.6,36.1,47.7,47.6,47.7,47.7,47.6,47.7,47.7,47.7,47.7,36,47.7,47.7,47.7,47.7,47.7,47.7,47.7,47.6,47.6,35.6,47.7,47.7,47.7,47.7,47.6,47.7,47.6,47.7,47.7,35.6,47.7,47.7,47.6,47.7,47.7,47.7,47.7,47.7,47.6,36.1,47.7,47.7,47.7,47.7,47.6,47.7,35.3,35.5
0.000112,35.9,47.7,47.6,47.6,47.7,47.7,47.7,47.7,47.6,47.7,47.7,36.1,47.7,47.7,47.8,47.7,47.7,47.7,47.7,47.7,47.7,36.8,47.6,47.7,47.7,47.7,47.6,47.7,47.6,47.7,47.7,36.1,47.7,47.7,47.7,47.7,47.6,47.7,47.7,47.6,47.7,36.2,47.7,47.7,47.7,47.6,47.7,47.6,47.6,47.7,47.7,36.1,47.7,47.7,47.7,47.7,47.7,47.6,47.7,47.7,47.7,36,47.7,47.7,47.7,47.7,47.7,47.6,47.7,47.7,47.7,35.6,47.6,47.7,47.7,47.7,47.7,47.7,47.7,47.7,47.6,35.7,47.7,47.7,47.7,47.7,47.7,47.7,47.6,47.7,47.7,36,47.7,47.7,47.6,47.7,47.6,47.7,35.3,35.3
0.000113,35.9,47.6,47.7,47.7,47.7,47.7,47.7,47.5,47.7,47.7,47.7,36.2,47.7,47.7,47.7,47.6,47.6,47.7,47.7,47.7,47.6,36.8,47.7,47.7,47.6,47.6,47.6,47.7,47.7,47.7,47.7,36.2,47.7,47.6,47.7,47.6,47.7,47.7,47.7,47.7,47.7,36.1,47.6,47.7,47.7,47.7,47.7,47.7,47.6,47.6,47.7,36,47.7,47.7,47.7,47.7,47.7,47.6,47.7,47.6,47.7,36.1,47.7,47.6,47.7,47.7,47.7,47.6,47.6,47.7,47.7,35.6,47.7,47.7,47.7,47.7,47.7,47.7,47.7,47.7,47.7,35.8,47.7,47.6,47.6,47.7,47.7,47.7,47.7,47.6,47.6,36,47.7,47.7,47.6,47.7,47.7,47.7,35.4,35.2
0.000113,35.8,47.7,47.7,47.6,47.7,47.7,47.7,47.7,47.7,47.7,47.6,36.2,47.7,47.7,47.6,47.7,47.6,47.6,47.6,47.7,47.7,36.6,47.6,47.7,47.7,47.7,47.7,47.6,47.7,47.6,47.6,36.1,47.7,47.7,47.7,47.7,47.7,47.6,47.7,47.7,47.7,36,47.7,47.7,47.7,47.6,47.6,47.7,47.6,47.7,47.7,36,47.7,47.7,47.7,47.7,47.7,47.7,47.7,47.7,47.7,36.1,47.6,47.6,47.7,47.7,47.7,47.7,47.7,47.7,47.7,35.5,47.6,47.7,47.7,47.7,47.6,47.7,47.7,47.7,47.7,35.9,47.7,47.7,47.6,47.6,47.7,47.7,47.6,47.7,47.7,36.1,47.7,47.7,47.7,47.7,47.7,47.7,35.4,35.2
0.000113,35.7,47.7,47.7,47.6,47.6,47.6,47.6,47.7,47.7,47.7,47.6,36.2,47.7,47.7,47.7,47.7,47.7,47.7,47.7,47.7,47.6,36.4,47.6,47.7,47.6,47.7,47.7,47.6,47.7,47.6,47.7,36.1,47.6,47.7,47.7,47.7,47.7,47.7,47.6,47.7,47.7,36,47.6,47.7,47.6,47.7,47.7,47.7,47.6,47.7,47.7,36.3,47.6,47.7,47.7,47.6,47.7,47.7,47.7,47.7,47.7,36,47.7,47.7,47.7,47.7,47.6,47.7,47.7,47.7,47.6,35.7,47.7,47.7,47.6,47.6,47.6,47.7,47.7,47.7,47.7,35.9,47.7,47.6,47.7,47.6,47.7,47.7,47.7,47.7,47.7,36.1,47.7,47.7,47.7,47.6,47.7,47.6,35.4,35.2
0.000113,35.6,47.6,47.6,47.7,47.7,47.6,47.6,47.7,47.7,47.6,47.7,36.2,47.6,47.7,47.6,47.6,47.7,47.6,47.7,47.7,47.7,36.3,47.7,47.7,47.7,47.7,47.6,47.7,47.6,47.7,47.7,36,47.6,47.7,47.6,47.6,47.6,47.7,47.7,47.6,47.7,36.1,47.6,47.7,47.6,47.7,47.7,47.7,47.7,47.7,47.6,36.4,47.7,47.7,47.5,47.6,47.7,47.7,47.7,47.7,47.6,36,47.7,47.6,47.7,47.7,47.7,47.7,47.7,47.6,47.6,35.6,47.7,47.6,47.6,47.6,47.7,47.6,47.6,47.6,47.7,35.9,47.7,47.6,47.7,47.7,47.7,47.7,47.6,47.7,47.7,36.1,47.7,47.6,47.7,47.7,47.7,47.7,35.4,35.2
0.000113,35.6,47.7,47.6,47.7,47.7,47.7,47.7,47.6,47.7,47.7,47.7,36.2,47.6,47.7,47.7,47.7,47.7,47.7,47.7,47.6,47.7,36.1,47.7,47.7,47.7,47.7,47.6,47.6,47.7,47.7,47.7,36,47.6,47.7,47.7,47.7,47.7,47.7,47.6,47.7,47.7,36.3,47.6,47.7,47.7,47.6,47.6,47.7,47.7,47.7,47.7,36.4,47.7,47.7,47.7,47.7,47.7,47.7,47.7,47.7,47.7,35.9,47.6,47.7,47.7,47.7,47.7,47.6,47.7,47.6,47.7,35.5,47.7,47.7,47.7,47.6,47.6,47.6,47.7,47.7,47.7,35.8,47.7,47.6,47.6,47.7,47.7,47.7,47.6,47.7,47.7,36.1,47.7,47.7,47.7,47.7,47.7,47.7,35.4,35.3
0.000114,35.5,47.7,47.7,47.7,47.7,47.7,47.7,47.7,47.7,47.7,47.7,36.2,47.7,47.7,47.6,47.6,47.7,47.7,47.7,47.7,47.7,36,47.7,47.7,47.7,47.7,47.7,47.7,47.7,47.7,47.7,36.2,47.7,47.6,47.7,47.7,47.6,47.7,47.7,47.7,47.7,36.4,47.7,47.7,47.7,47.7,47.6,47.7,47.7,47.7,47.7,36.4,47.7,47.6,47.6,47.7,47.7,47.6,47.7,47.6,47.7,35.9,47.7,47.7,47.7,47.7,47.7,47.7,47.7,47.7,47.7,35.5,47.7,47.7,47.6,47.7,47.6,47.7,47.6,47.7,47.6,35.6,47.7,47.7,47.6,47.7,47.7,47.7,47.7,47.7,47.6,36.2,47.7,47.7,47.6,47.7,47.7,47.7,35.3,35.5
0.000114,35.6,47.6,47.7,47.6,47.6,47.6,47.6,47.7,47.7,47.6,47.7,36.2,47.7,47.6,47.7,47.6,47.7,47.7,47.7,47.7,47.7,36.1,47.7,47.6,47.7,47.6,47.7,47.7,47.7,47.7,47.7,36.1,47.7,47.6,47.6,47.6,47.7,47.7,47.7,47.6,47.7,36.4,47.7,47.6,47.6,47.7,47.7,47.7,47.7,47.7,47.6,36.6,47.6,47.7,47.7,47.7,47.7,47.7,47.7,47.6,47.7,35.9,47.7,47.7,47.6,47.7,47.7,47.7,47.7,47.7,47.7,35.5,47.7,47.7,47.7,47.6,47.7,47.6,47.7,47.6,47.7,35.5,47.7,47.6,47.6,47.7,47.6,47.7,47.6,47.7,47.7,36.2,47.7,47.7,47.7,47.7,47.7,47.7,35.4,35.5
0.000114,35.6,47.7,47.7,47.7,47.6,47.7,47.7,47.7,47.7,47.7,47.7,36,47.7,47.6,47.6,47.7,47.7,47.6,47.6,47.7,47.6,36.1,47.7,47.7,47.6,47.7,47.6,47.6,47.7,47.7,47.7,36.1,47.7,47.6,47.7,47.6,47.6,47.7,47.6,47.7,47.7,36.5,47.7,47.7,47.7,47.7,47.7,47.6,47.7,47.6,47.7,36.5,47.7,47.7,47.7,47.6,47.7,47.6,47.7,47.7,47.7,35.9,47.7,47.6,47.6,47.6,47.6,47.6,47.7,47.7,47.6,35.5,47.6,47.7,47.7,47.7,47.6,47.6,47.6,47.6,47.7,35.5,47.7,47.7,47.6,47.7,47.7,47.6,47.7,47.7,47.7,36.2,47.6,47.6,47.7,47.5,47.6,47.7,35.3,35.7
0.000114,35.8,47.6,47.6,47.7,47.7,47.6,47.7,47.6,47.7,47.7,47.6,36.1,47.7,47.7,47.6,47.7,47.7,47.6,47.7,47.7,47.7,36.3,47.7,47.7,47.7,47.7,47.7,47.6,47.7,47.7,47.7,36,47.6,47.7,47.7,47.7,47.6,47.7,47.6,47.7,47.7,36.4,47.6,47.7,47.7,47.7,47.7,47.7,47.7,47.7,47.6,36.4,47.6,47.7,47.7,47.7,47.7,47.7,47.7,47.6,47.7,35.9,47.7,47.7,47.7,47.7,47.6,47.6,47.6,47.6,47.6,35.4,47.6,47.6,47.7,47.7,47.6,47.6,47.6,47.6,47.7,35.4,47.7,47.7,47.7,47.6,47.6,47.6,47.6,47.7,47.7,36.3,47.7,47.6,47.7,47.7,47.6,47.7,35.4,35.8
0.000114,35.8,47.7,47.7,47.7,47.7,47.6,47.7,47.6,47.6,47.6,47.7,36.1,47.7,47.7,47.7,47.6,47.7,47.7,47.6,47.6,47.7,36.6,47.7,47.6,47.6,47.7,47.7,47.6,47.7,47.6,47.7,36.1,47.6,47.6,47.7,47.7,47.7,47.7,47.7,47.7,47.7,36.4,47.7,47.7,47.7,47.7,47.7,47.7,47.7,47.7,47.7,36.2,47.7,47.7,47.7,47.6,47.6,47.7,47.7,47.7,47.7,35.9,47.6,47.6,47.6,47.6,47.7,47.7,47.6,47.6,47.6,35.6,47.7,47.7,47.7,47.7,47.7,47.7,47.7,47.7,47.6,35.4,47.7,47.6,47.6,47.6,47.6,47.6,47.7,47.6,47.6,36.3,47.6,47.7,47.7,47.7,47.6,47.7,35.4,35.7
0.000115,35.8,47.7,47.5,47.7,47.7,47.7,47.6,47.6,47.7,47.7,47.6,36.2,47.6,47.7,47.6,47.7,47.7,47.6,47.7,47.6,47.7,36.6,47.7,47.6,47.7,47.7,47.6,47.7,47.7,47.7,47.7,36.2,47.7,47.6,47.7,47.6,47.7,47.7,47.7,47.7,47.7,36.4,47.7,47.7,47.7,47.7,47.7,47.7,47.7,47.6,47.6,36.2,47.7,47.6,47.7,47.7,47.7,47.7,47.6,47.7,47.7,36,47.7,47.7,47.6,47.7,47.6,47.7,47.6,47.7,47.7,35.5,47.7,47.7,47.7,47.7,47.7,47.6,47.6,47.7,47.7,35.5,47.6,47.6,47.7,47.7,47.7,47.6,47.7,47.7,47.7,36.2,47.7,47.6,47.6,47.7,47.7,47.7,35.3,35.7
0.000115,35.8,47.7,47.7,47.7,47.6,47.6,47.7,47.6,47.7,47.7,47.6,36.2,47.7,47.7,47.7,47.7,47.7,47.6,47.7,47.7,47.7,36.6,47.7,47.7,47.7,47.7,47.7,47.6,47.6,47.7,47.7,36.2,47.7,47.7,47.5,47.6,47.7,47.7,47.7,47.6,47.7,36.2,47.6,47.7,47.6,47.7,47.6,47.7,47.6,47.7,47.7,36.1,47.7,47.5,47.7,47.6,47.6,47.7,47.7,47.6,47.6,35.9,47.6,47.6,47.7,47.7,47.6,47.7,47.6,47.7,47.7,35.5,47.7,47.7,47.7,47.7,47.6,47.7,47.7,47.7,47.7,35.5,47.7,47.6,47.7,47.6,47.6,47.7,47.7,47.6,47.7,36.2,47.6,47.7,47.6,47.6,47.7,47.7,35.4,35.8
0.000115,35.7,47.7,47.6,47.7,47.7,47.7,47.7,47.6,47.7,47.7,47.7,36.1,47.6,47.7,47.7,47.7,47.7,47.7,47.6,47.7,47.7,36.5,47.8,47.7,47.7,47.6,47.7,47.7,47.7,47.6,47.7,36.2,47.6,47.6,47.7,47.7,47.6,47.7,47.6,47.7,47.6,36.2,47.7,47.6,47.7,47.7,47.7,47.6,47.7,47.7,47.7,36.1,47.6,47.6,47.7,47.6,47.7,47.7,47.7,47.6,47.7,35.9,47.6,47.6,47.6,47.7,47.6,47.6,47.7,47.7,47.7,35.5,47.6,47.7,47.6,47.7,47.6,47.6,47.7,47.6,47.7,35.6,47.6,47.6,47.7,47.6,47.7,47.6,47.7,47.7,47.7,36.1,47.6,47.6,47.7,47.7,47.6,47.6,35.3,35.6
0.000115,35.6,47.6,47.7,47.7,47.7,47.7,47.7,47.6,47.6,47.7,47.6,36.1,47.6,47.7,47.6,47.7,47.6,47.7,47.6,47.6,47.7,36.3,47.7,47.6,47.7,47.7,47.6,47.6,47.7,47.7,47.7,36.2,47.7,47.6,47.6,47.7,47.7,47.6,47.7,47.7,47.7,36.2,47.7,47.7,47.7,47.7,47.6,47.7,47.7,47.7,47.7,36.2,47.7,47.6,47.7,47.7,47.7,47.7,47.6,47.7,47.6,35.9,47.7,47.7,47.7,47.7,47.7,47.6,47.6,47.7,47.7,35.4,47.6,47.7,47.7,47.7,47.6,47.7,47.6,47.6,47.7,35.7,47.6,47.7,47.7,47.7,47.7,47.7,47.6,47.7,47.7,35.9,47.7,47.6,47.7,47.7,47.7,47.6,35.3,35.5
0.000115,35.6,47.7,47.7,47.7,47.7,47.7,47.6,47.7,47.7,47.7,47.6,36.3,47.7,47.6,47.7,47.7,47.7,47.7,47.7,47.6,47.7,36.2,47.7,47.7,47.7,47.7,47.7,47.7,47.7,47.6,47.7,36.5,47.7,47.7,47.7,47.6,47.7,47.6,47.7,47.7,47.7,36,47.7,47.6,47.7,47.7,47.7,47.7,47.6,47.7,47.7,36.3,47.7,47.7,47.7,47.7,47.7,47.7,47.7,47.7,47.7,35.9,47.6,47.6,47.7,47.7,47.6,47.6,47.6,47.7,47.7,35.3,47.6,47.7,47.7,47.7,47.7,47.6,47.7,47.7,47.6,35.7,47.7,47.7,47.7,47.6,47.6,47.6,47.6,47.7,47.7,35.8,47.7,47.7,47.7,47.7,47.7,47.7,35.3,35.4
0.000116,35.6,47.7,47.7,47.7,47.6,47.7,47.7,47.7,47.7,47.6,47.7,36.2,47.6,47.6,47.6,47.6,47.7,47.6,47.7,47.7,47.7,35.9,47.6,47.7,47.7,47.6,47.7,47.6,47.7,47.7,47.7,36.2,47.7,47.5,47.7,47.7,47.7,47.7,47.7,47.6,47.7,36,47.6,47.7,47.7,47.7,47.7,47.7,47.7,47.7,47.7,36.2,47.7,47.6,47.7,47.7,47.7,47.7,47.7,47.7,47.7,35.9,47.7,47.6,47.7,47.7,47.7,47.7,47.6,47.7,47.7,35.5,47.7,47.7,47.7,47.7,47.6,47.6,47.7,47.6,47.7,35.6,47.7,47.6,47.6,47.7,47.7,47.6,47.7,47.6,47.6,35.6,47.6,47.7,47.7,47.6,47.6,47.7,35.3,35.2
0.000116,35.6,47.7,47.6,47.6,47.6,47.6,47.7,47.7,47.6,47.6,47.6,36,47.6,47.7,47.7,47.7,47.7,47.7,47.6,47.7,47.6,35.9,47.7,47.7,47.7,47.6,47.6,47.7,47.7,47.7,47.7,36.2,47.7,47.7,47.7,47.7,47.6,47.7,47.7,47.6,47.7,36,47.6,47.6,47.5,47.6,47.7,47.7,47.7,47.6,47.6,36.2,47.6,47.6,47.6,47.7,47.7,47.6,47.7,47.6,47.6,35.9,47.5,47.7,47.7,47.7,47.6,47.7,47.7,47.6,47.6,35.4,47.7,47.7,47.7,47.7,47.7,47.7,47.7,47.6,47.7,35.6,47.7,47.7,47.7,47.7,47.6,47.7,47.6,47.7,47.7,35.5,47.6,47.7,47.7,47.6,47.7,47.6,35.3,35.2
0.000116,35.6,47.7,47.7,47.7,47.6,47.7,47.7,47.7,47.7,47.7,47.6,35.9,47.7,47.6,47.6,47.7,47.7,47.7,47.7,47.6,47.7,36.1,47.6,47.7,47.5,47.6,47.7,47.6,47.6,47.7,47.7,36.1,47.6,47.7,47.7,47.6,47.7,47.7,47.6,47.7,47.7,36.2,47.7,47.7,47.7,47.7,47.6,47.6,47.7,47.7,47.7,36.4,47.7,47.7,47.7,47.6,47.7,47.6,47.7,47.6,47.7,35.9,47.7,47.7,47.7,47.7,47.7,47.7,47.7,47.6,47.6,35.3,47.6,47.7,47.7,47.6,47.7,47.7,47.6,47.6,47.7,35.5,47.7,47.7,47.6,47.6,47.6,47.7,47.7,47.7,47.7,35.3,47.6,47.7,47.7,47.6,47.6,47.6,35.3,35.1
0.000116,35.6,47.6,47.6,47.7,47.6,47.7,47.7,47.7,47.7,47.6,47.7,36.2,47.7,47.7,47.7,47.7,47.6,47.6,47.7,47.7,47.7,36.2,47.7,47.7,47.7,47.7,47.6,47.7,47.7,47.7,47.6,36.1,47.6,47.7,47.7,47.7,47.6,47.7,47.7,47.6,47.7,36.4,47.7,47.7,47.7,47.7,47.6,47.7,47.7,47.7,47.7,36.1,47.7,47.7,47.7,47.7,47.7,47.6,47.7,47.7,47.7,35.9,47.7,47.7,47.6,47.6,47.6,47.6,47.7,47.7,47.6,35.4,47.7,47.7,47.7,47.7,47.7,47.7,47.6,47.7,47.6,35.5,47.7,47.7,47.7,47.6,47.7,47.6,47.6,47.6,47.7,35.5,47.6,47.7,47.7,47.7,47.7,47.6,35.3,35.2
0.000116,35.5,47.7,47.6,47.7,47.6,47.7,47.7,47.6,47.7,47.6,47.7,36,47.7,47.7,47.7,47.7,47.7,47.7,47.7,47.6,47.7,36.4,47.6,47.7,47.7,47.7,47.7,47.7,47.7,47.7,47.7,35.9,47.7,47.7,47.6,47.7,47.7,47.7,47.7,47.7,47.7,36.5,47.7,47.7,47.7,47.6,47.6,47.7,47.6,47.7,47.7,36.2,47.7,47.6,47.7,47.6,47.7,47.7,47.7,47.7,47.6,35.8,47.7,47.7,47.7,47.6,47.6,47.7,47.7,47.7,47.6,35.6,47.6,47.6,47.6,47.7,47.7,47.6,47.7,47.7,47.6,35.5,47.7,47.7,47.7,47.7,47.7,47.7,47.6,47.7,47.7,35.6,47.7,47.7,47.7,47.6,47.7,47.7,35.3,35.2
0.000117,35.7,47.7,47.7,47.6,47.7,47.7,47.7,47.7,47.7,47.7,47.7,36,47.7,47.7,47.6,47.6,47.7,47.7,47.7,47.7,47.7,36.5,47.6,47.6,47.6,47.6,47.6,47.6,47.7,47.7,47.7,35.8,47.7,47.6,47.7,47.7,47.6,47.6,47.7,47.7,47.7,36.5,47.6,47.7,47.7,47.7,47.7,47.6,47.7,47.6,47.6,36.2,47.7,47.7,47.6,47.6,47.6,47.7,47.6,47.6,47.7,35.9,47.6,47.7,47.7,47.6,47.7,47.5,47.6,47.7,47.7,35.6,47.7,47.7,47.7,47.7,47.6,47.7,47.7,47.6,47.6,35.4,47.7,47.7,47.6,47.7,47.7,47.7,47.7,47.7,47.7,35.8,47.7,47.7,47.7,47.7,47.6,47.7,35.3,35.4
0.000117,35.8,47.7,47.6,47.7,47.6,47.7,47.7,47.7,47.7,47.7,47.7,36,47.7,47.7,47.7,47.6,47.7,47.7,47.7,47.6,47.7,36.5,47.7,47.7,47.6,47.6,47.6,47.7,47.7,47.7,47.7,35.9,47.6,47.7,47.6,47.7,47.6,47.7,47.7,47.7,47.7,36.5,47.7,47.7,47.6,47.6,47.7,47.7,47.7,47.6,47.7,36.1,47.6,47.7,47.7,47.6,47.6,47.7,47.7,47.7,47.6,35.9,47.7,47.7,47.7,47.7,47.7,47.7,47.7,47.6,47.7,35.5,47.6,47.7,47.7,47.6,47.7,47.6,47.7,47.6,47.7,35.5,47.7,47.7,47.7,47.7,47.7,47.6,47.7,47.7,47.7,36,47.7,47.6,47.6,47.7,47.6,47.7,35.4,35.6
0.000117,35.8,47.6,47.6,47.7,47.7,47.7,47.7,47.6,47.7,47.7,47.6,36,47.6,47.7,47.7,47.7,47.7,47.7,47.7,47.7,47.6,36.5,47.7,47.7,47.7,47.6,47.6,47.7,47.6,47.6,47.7,35.9,47.7,47.6,47.7,47.6,47.6,47.7,47.6,47.5,47.7,36.4,47.6,47.7,47.7,47.6,47.7,47.6,47.6,47.7,47.7,36.2,47.6,47.7,47.6,47.7,47.6,47.7,47.7,47.6,47.7,35.9,47.7,47.6,47.6,47.6,47.7,47.7,47.7,47.7,47.7,35.6,47.7,47.6,47.6,47.7,47.6,47.7,47.6,47.6,47.7,35.5,47.7,47.6,47.6,47.7,47.6,47.7,47.7,47.6,47.7,36,47.6,47.7,47.7,47.7,47.6,47.7,35.4,35.7
0.000117,35.7,47.7,47.7,47.7,47.7,47.7,47.7,47.7,47.6,47.7,47.6,36,47.7,47.6,47.7,47.7,47.7,47.7,47.7,47.7,47.7,36.6,47.6,47.7,47.6,47.7,47.7,47.6,47.7,47.7,47.7,35.9,47.7,47.7,47.7,47.7,47.6,47.7,47.6,47.7,47.7,36.2,47.7,47.7,47.7,47.7,47.7,47.6,47.7,47.7,47.7,36,47.7,47.7,47.7,47.7,47.6,47.7,47.6,47.6,47.7,35.9,47.7,47.6,47.6,47.6,47.7,47.7,47.6,47.7,47.7,35.6,47.7,47.7,47.7,47.6,47.6,47.6,47.7,47.7,47.6,35.5,47.7,47.6,47.6,47.7,47.6,47.7,47.7,47.7,47.7,36,47.7,47.7,47.7,47.7,47.6,47.7,35.4,35.6
0.000117,35.8,47.6,47.7,47.7,47.5,47.7,47.7,47.7,47.7,47.6,47.7,36,47.7,47.7,47.6,47.7,47.7,47.7,47.7,47.7,47.6,36.2,47.7,47.6,47.7,47.6,47.7,47.6,47.7,47.7,47.7,35.9,47.7,47.7,47.7,47.7,47.7,47.7,47.7,47.6,47.7,36.1,47.6,47.7,47.6,47.7,47.7,47.6,47.6,47.7,47.7,36,47.7,47.7,47.7,47.7,47.7,47.7,47.7,47.7,47.7,35.9,47.7,47.7,47.6,47.6,47.7,47.6,47.7,47.7,47.7,35.5,47.6,47.7,47.7,47.5,47.7,47.7,47.7,47.7,47.7,35.5,47.7,47.6,47.6,47.7,47.7,47.6,47.6,47.7,47.6,36.1,47.7,47.7,47.7,47.6,47.7,47.7,35.6,35.6
0.000118,35.8,47.7,47.7,47.7,47.7,47.7,47.7,47.6,47.7,47.7,47.6,36,47.6,47.7,47.7,47.7,47.7,47.6,47.6,47.7,47.7,36,47.7,47.7,47.6,47.6,47.7,47.6,47.7,47.7,47.7,36.1,47.7,47.7,47.7,47.7,47.7,47.7,47.7,47.7,47.7,36.1,47.7,47.7,47.7,47.7,47.7,47.7,47.6,47.7,47.7,35.9,47.6,47.7,47.6,47.7,47.7,47.6,47.7,47.7,47.6,35.9,47.7,47.7,47.6,47.6,47.6,47.7,47.7,47.7,47.6,35.4,47.6,47.6,47.7,47.7,47.6,47.7,47.6,47.7,47.7,35.4,47.6,47.6,47.7,47.7,47.6,47.7,47.6,47.6,47.7,35.9,47.7,47.7,47.6,47.7,47.6,47.7,35.5,35.5
0.000118,35.8,47.7,47.6,47.6,47.6,47.7,47.7,47.7,47.6,47.6,47.6,36.1,47.7,47.7,47.6,47.6,47.7,47.7,47.6,47.7,47.7,36.1,47.7,47.7,47.6,47.7,47.7,47.7,47.6,47.6,47.7,35.9,47.6,47.7,47.7,47.7,47.7,47.6,47.7,47.7,47.7,36,47.6,47.6,47.7,47.6,47.6,47.7,47.6,47.7,47.6,35.9,47.6,47.7,47.7,47.7,47.7,47.7,47.6,47.7,47.7,35.8,47.6,47.7,47.6,47.7,47.7,47.7,47.7,47.7,47.7,35.5,47.6,47.7,47.7,47.7,47.7,47.7,47.7,47.6,47.7,35.5,47.7,47.7,47.6,47.6,47.7,47.7,47.7,47.7,47.7,35.7,47.7,47.6,47.7,47.7,47.7,47.6,35.4,35.5
0.000118,35.8,47.7,47.7,47.7,47.7,47.7,47.7,47.6,47.7,47.6,47.6,36,47.7,47.7,47.6,47.7,47.7,47.6,47.6,47.7,47.7,36,47.7,47.7,47.7,47.7,47.7,47.7,47.6,47.7,47.6,35.9,47.7,47.6,47.7,47.7,47.7,47.6,47.7,47.7,47.7,36.1,47.7,47.7,47.7,47.7,47.7,47.7,47.6,47.6,47.6,36,47.6,47.7,47.6,47.7,47.6,47.7,47.7,47.6,47.7,35.7,47.7,47.6,47.7,47.7,47.6,47.7,47.7,47.6,47.7,35.4,47.7,47.7,47.6,47.6,47.7,47.7,47.7,47.7,47.7,35.5,47.7,47.6,47.6,47.7,47.7,47.7,47.7,47.6,47.7,35.6,47.6,47.7,47.7,47.7,47.6,47.7,35.4,35.3
0.000118,35.7,47.7,47.7,47.7,47.6,47.6,47.6,47.7,47.7,47.6,47.6,36,47.7,47.7,47.7,47.6,47.7,47.7,47.7,47.6,47.7,36.1,47.6,47.7,47.7,47.7,47.7,47.7,47.7,47.7,47.6,35.9,47.7,47.7,47.7,47.6,47.7,47.7,47.7,47.7,47.7,36.1,47.7,47.7,47.7,47.7,47.6,47.7,47.7,47.7,47.7,35.9,47.7,47.7,47.7,47.7,47.7,47.7,47.7,47.7,47.7,35.6,47.7,47.5,47.7,47.7,47.6,47.6,47.6,47.6,47.7,35.3,47.7,47.7,47.6,47.7,47.7,47.7,47.6,47.7,47.7,35.5,47.7,47.7,47.7,47.7,47.6,47.7,47.7,47.6,47.7,35.5,47.6,47.7,47.7,47.6,47.7,47.7,35.4,35.2
0.000118,35.6,47.7,47.6,47.6,47.7,47.7,47.7,47.6,47.7,47.7,47.7,35.9,47.6,47.7,47.7,47.6,47.7,47.7,47.6,47.7,47.7,36,47.7,47.7,47.6,47.7,47.7,47.7,47.7,47.7,47.7,35.9,47.7,47.6,47.6,47.6,47.6,47.7,47.7,47.7,47.7,36.1,47.7,47.7,47.6,47.6,47.6,47.6,47.6,47.6,47.7,36.1,47.6,47.7,47.6,47.7,47.7,47.7,47.7,47.7,47.7,35.6,47.7,47.6,47.7,47.6,47.7,47.7,47.7,47.7,47.6,35.4,47.7,47.7,47.6,47.7,47.7,47.7,47.6,47.7,47.7,35.5,47.5,47.7,47.6,47.6,47.7,47.7,47.7,47.6,47.7,35.7,47.7,47.7,47.6,47.7,47.6,47.7,35.1,35.2
0.000119,35.5,47.7,47.6,47.7,47.7,47.7,47.7,47.7,47.7,47.7,47.7,36,47.7,47.7,47.7,47.7,47.7,47.6,47.6,47.6,47.7,36.2,47.6,47.7,47.6,47.6,47.7,47.6,47.7,47.7,47.7,35.7,47.7,47.7,47.6,47.7,47.7,47.7,47.7,47.7,47.6,36.2,47.6,47.7,47.7,47.6,47.7,47.6,47.7,47.7,47.6,36,47.7,47.7,47.7,47.7,47.7,47.6,47.7,47.6,47.6,35.6,47.7,47.7,47.7,47.6,47.7,47.7,47.6,47.6,47.6,35.4,47.6,47.7,47.7,47.7,47.7,47.7,47.7,47.7,47.6,35.4,47.7,47.7,47.7,47.7,47.7,47.7,47.7,47.7,47.7,35.8,47.6,47.6,47.7,47.7,47.7,47.6,35.1,35.2
0.000119,35.6,47.6,47.6,47.7,47.7,47.5,47.6,47.7,47.6,47.7,47.7,36,47.6,47.7,47.7,47.7,47.7,47.6,47.6,47.6,47.6,36.3,47.6,47.6,47.7,47.7,47.7,47.6,47.7,47.6,47.7,35.8,47.7,47.6,47.7,47.6,47.7,47.7,47.7,47.6,47.6,36,47.7,47.7,47.7,47.6,47.7,47.7,47.7,47.6,47.6,36,47.7,47.7,47.7,47.6,47.7,47.7,47.7,47.7,47.7,35.6,47.6,47.7,47.7,47.7,47.7,47.6,47.7,47.6,47.6,35.4,47.7,47.7,47.7,47.7,47.6,47.7,47.7,47.6,47.7,35.4,47.6,47.7,47.7,47.7,47.7,47.7,47.7,47.7,47.6,35.8,47.7,47.7,47.6,47.7,47.6,47.6,35.2,35.3
0.000119,35.7,47.6,47.7,47.7,47.7,47.7,47.7,47.7,47.7,47.7,47.6,36.1,47.7,47.7,47.6,47.6,47.7,47.7,47.7,47.6,47.7,36.3,47.7,47.7,47.6,47.7,47.6,47.7,47.7,47.7,47.7,35.9,47.7,47.7,47.7,47.7,47.7,47.6,47.6,47.7,47.6,36,47.6,47.7,47.6,47.6,47.7,47.7,47.7,47.7,47.7,36.1,47.6,47.7,47.7,47.6,47.7,47.7,47.6,47.7,47.7,35.6,47.6,47.7,47.7,47.7,47.7,47.7,47.6,47.7,47.7,35.4,47.7,47.7,47.6,47.6,47.6,47.5,47.6,47.5,47.7,35.5,47.7,47.6,47.7,47.7,47.6,47.6,47.7,47.6,47.7,36,47.7,47.6,47.7,47.7,47.7,47.6,35.1,35.4
0.000119,35.6,47.7,47.7,47.7,47.7,47.6,47.6,47.7,47.6,47.7,47.6,36,47.7,47.7,47.6,47.7,47.7,47.7,47.7,47.7,47.7,36.4,47.6,47.7,47.7,47.7,47.7,47.7,47.7,47.6,47.6,35.8,47.7,47.7,47.6,47.7,47.7,47.7,47.7,47.7,47.6,36.2,47.6,47.7,47.7,47.7,47.7,47.7,47.6,47.7,47.7,36.2,47.6,47.7,47.7,47.7,47.7,47.7,47.7,47.7,47.7,35.7,47.7,47.7,47.7,47.6,47.7,47.6,47.7,47.7,47.7,35.3,47.6,47.6,47.6,47.7,47.6,47.7,47.6,47.7,47.7,35.4,47.6,47.7,47.7,47.6,47.6,47.6,47.6,47.6,47.6,36.1,47.7,47.6,47.7,47.7,47.6,47.6,35.3,35.5
0.000119,35.6,47.7,47.6,47.7,47.7,47.7,47.7,47.7,47.7,47.6,47.7,36,47.7,47.6,47.6,47.7,47.6,47.7,47.7,47.6,47.7,36.2,47.7,47.7,47.7,47.7,47.7,47.6,47.7,47.6,47.7,35.9,47.7,47.7,47.6,47.7,47.7,47.7,47.7,47.7,47.6,36.1,47.7,47.6,47.7,47.6,47.7,47.6,47.7,47.7,47.7,36.1,47.7,47.6,47.6,47.6,47.7,47.7,47.7,47.6,47.6,35.9,47.6,47.7,47.7,47.7,47.6,47.7,47.6,47.7,47.6,35.4,47.7,47.7,47.6,47.6,47.7,47.6,47.6,47.6,47.7,35.3,47.7,47.7,47.7,47.7,47.6,47.6,47.7,47.7,47.6,36,47.7,47.7,47.6,47.7,47.7,47.7,35.5,35.5
0.00012,35.7,47.5,47.6,47.7,47.7,47.6,47.6,47.7,47.6,47.6,47.6,36.2,47.7,47.6,47.7,47.6,47.7,47.7,47.7,47.7,47.7,36.2,47.7,47.7,47.7,47.7,47.7,47.6,47.7,47.7,47.6,35.9,47.7,47.6,47.7,47.7,47.6,47.6,47.7,47.7,47.6,36.2,47.6,47.7,47.6,47.6,47.7,47.7,47.7,47.7,47.7,36,47.6,47.7,47.7,47.6,47.6,47.7,47.7,47.6,47.7,36,47.7,47.7,47.7,47.7,47.7,47.7,47.6,47.6,47.7,35.3,47.6,47.7,47.7,47.6,47.7,47.7,47.7,47.6,47.6,35.3,47.7,47.7,47.7,47.7,47.6,47.6,47.6,47.7,47.7,35.9,47.6,47.6,47.7,47.6,47.6,47.7,35.6,35.5
0.00012,35.6,47.7,47.6,47.7,47.7,47.6,47.7,47.7,47.7,47.6,47.7,36,47.7,47.7,47.6,47.6,47.7,47.6,47.6,47.7,47.6,36.1,47.7,47.6,47.7,47.6,47.7,47.7,47.7,47.6,47.7,35.9,47.7,47.7,47.6,47.7,47.7,47.6,47.6,47.6,47.7,36.2,47.7,47.7,47.7,47.7,47.7,47.7,47.7,47.6,47.7,36,47.7,47.7,47.6,47.6,47.6,47.7,47.7,47.7,47.7,36.1,47.7,47.7,47.6,47.7,47.7,47.6,47.7,47.6,47.7,35.5,47.7,47.7,47.7,47.7,47.7,47.6,47.7,47.7,47.7,35.4,47.7,47.6,47.7,47.6,47.6,47.7,47.6,47.6,47.7,35.9,47.6,47.6,47.6,47.7,47.7,47.7,35.5,35.5
0.00012,35.5,47.7,47.7,47.7,47.7,47.7,47.6,47.7,47.6,47.7,47.6,36,47.7,47.7,47.7,47.7,47.7,47.7,47.6,47.7,47.7,36,47.7,47.6,47.7,47.8,47.7,47.7,47.6,47.7,47.7,35.9,47.6,47.7,47.7,47.7,47.6,47.7,47.7,47.7,47.7,36.2,47.7,47.7,47.7,47.7,47.6,47.7,47.7,47.7,47.7,36,47.7,47.6,47.7,47.6,47.6,47.7,47.6,47.7,47.7,35.9,47.6,47.7,47.6,47.7,47.6,47.7,47.8,47.7,47.6,35.4,47.7,47.7,47.7,47.7,47.7,47.7,47.6,47.7,47.6,35.5,47.6,47.6,47.6,47.7,47.6,47.7,47.7,47.6,47.7,35.7,47.6,47.7,47.6,47.7,47.6,47.6,35.5,35.5
0.00012,35.5,47.7,47.7,47.7,47.6,47.7,47.7,47.7,47.7,47.7,47.6,35.9,47.7,47.7,47.7,47.6,47.7,47.7,47.6,47.7,47.7,35.9,47.6,47.6,47.7,47.7,47.7,47.7,47.7,47.6,47.7,36,47.7,47.7,47.7,47.6,47.7,47.6,47.7,47.6,47.7,36.2,47.7,47.7,47.7,47.7,47.7,47.7,47.7,47.7,47.7,36,47.6,47.6,47.7,47.6,47.7,47.7,47.7,47.7,47.7,35.8,47.7,47.7,47.6,47.7,47.6,47.7,47.6,47.6,47.7,35.5,47.7,47.6,47.6,47.7,47.6,47.7,47.7,47.6,47.7,35.5,47.7,47.7,47.6,47.7,47.6,47.7,47.7,47.7,47.6,35.8,47.7,47.7,47.6,47.6,47.6,47.6,35.3,35.4
0.00012,35.6,47.6,47.7,47.7,47.7,47.7,47.7,47.6,47.7,47.7,47.7,35.8,47.7,47.6,47.7,47.7,47.6,47.7,47.7,47.7,47.7,36.1,47.7,47.7,47.7,47.7,47.7,47.7,47.6,47.7,47.7,35.9,47.7,47.7,47.7,47.7,47.7,47.6,47.7,47.7,47.6,36.2,47.7,47.7,47.7,47.6,47.7,47.6,47.6,47.6,47.7,35.9,47.7,47.7,47.6,47.7,47.7,47.7,47.7,47.7,47.7,35.8,47.7,47.6,47.6,47.7,47.7,47.6,47.7,47.7,47.6,35.5,47.7,47.7,47.7,47.7,47.6,47.7,47.6,47.7,47.7,35.4,47.6,47.7,47.7,47.6,47.7,47.7,47.7,47.7,47.7,35.6,47.7,47.7,47.7,47.6,47.7,47.7,35.2,35.2
0.000121,35.5,47.7,47.7,47.7,47.7,47.7,47.7,47.7,47.6,47.7,47.7,35.7,47.7,47.7,47.7,47.6,47.7,47.6,47.7,47.7,47.6,36.1,47.7,47.7,47.6,47.6,47.7,47.7,47.7,47.7,47.7,35.9,47.7,47.7,47.7,47.6,47.6,47.6,47.7,47.6,47.7,36,47.6,47.7,47.7,47.6,47.7,47.7,47.6,47.7,47.7,36,47.6,47.7,47.7,47.7,47.7,47.7,47.7,47.7,47.7,35.8,47.7,47.7,47.7,47.7,47.6,47.7,47.7,47.7,47.7,35.5,47.7,47.5,47.7,47.7,47.7,47.6,47.7,47.7,47.6,35.5,47.7,47.7,47.7,47.7,47.7,47.6,47.7,47.7,47.7,35.7,47.7,47.7,47.7,47.6,47.7,47.6,35.1,35.2
0.000121,35.6,47.7,47.7,47.6,47.7,47.7,47.7,47.6,47.7,47.7,47.7,35.7,47.7,47.7,47.7,47.7,47.6,47.7,47.7,47.7,47.6,36.1,47.6,47.7,47.6,47.7,47.7,47.7,47.7,47.7,47.7,35.9,47.7,47.6,47.7,47.6,47.7,47.7,47.7,47.6,47.7,36,47.6,47.7,47.7,47.7,47.7,47.7,47.6,47.7,47.6,36,47.6,47.7,47.6,47.7,47.7,47.7,47.7,47.7,47.7,35.6,47.7,47.7,47.6,47.7,47.6,47.6,47.6,47.7,47.6,35.5,47.6,47.7,47.7,47.7,47.7,47.6,47.6,47.6,47.6,35.4,47.7,47.7,47.6,47.6,47.6,47.7,47.7,47.6,47.7,35.8,47.7,47.7,47.6,47.7,47.7,47.6,35.3,35.2
0.000121,35.6,47.6,47.7,47.6,47.6,47.6,47.7,47.6,47.6,47.7,47.7,35.6,47.6,47.7,47.7,47.6,47.7,47.7,47.7,47.6,47.7,36.3,47.7,47.7,47.7,47.7,47.6,47.7,47.7,47.7,47.7,35.9,47.6,47.6,47.7,47.6,47.7,47.6,47.7,47.7,47.7,36.1,47.7,47.7,47.7,47.7,47.7,47.7,47.7,47.7,47.7,36,47.6,47.7,47.6,47.6,47.7,47.7,47.6,47.7,47.6,35.6,47.6,47.6,47.6,47.6,47.6,47.7,47.7,47.6,47.7,35.6,47.6,47.6,47.7,47.6,47.7,47.7,47.7,47.6,47.7,35.4,47.7,47.7,47.6,47.6,47.7,47.7,47.7,47.7,47.7,35.9,47.6,47.7,47.7,47.7,47.7,47.7,35.2,35.3
0.000121,35.7,47.5,47.6,47.7,47.7,47.7,47.7,47.7,47.7,47.6,47.7,35.9,47.6,47.7,47.6,47.7,47.7,47.7,47.7,47.7,47.6,36.3,47.6,47.7,47.7,47.6,47.6,47.6,47.7,47.7,47.7,35.8,47.7,47.6,47.7,47.7,47.7,47.7,47.7,47.7,47.7,36.2,47.7,47.6,47.7,47.7,47.7,47.7,47.7,47.7,47.7,35.9,47.7,47.7,47.7,47.7,47.7,47.6,47.6,47.7,47.7,35.6,47.6,47.6,47.7,47.6,47.7,47.7,47.6,47.7,47.6,35.6,47.6,47.7,47.7,47.7,47.7,47.7,47.7,47.6,47.6,35.4,47.7,47.7,47.6,47.7,47.7,47.7,47.7,47.7,47.7,36,47.7,47.7,47.6,47.7,47.6,47.7,35.2,35.2
0.000121,35.7,47.7,47.6,47.7,47.7,47.7,47.7,47.7,47.6,47.6,47.7,35.9,47.7,47.6,47.7,47.6,47.7,47.7,47.7,47.6,47.7,36.2,47.7,47.6,47.7,47.7,47.7,47.7,47.6,47.7,47.6,35.8,47.7,47.7,47.7,47.6,47.7,47.6,47.7,47.7,47.7,36.2,47.6,47.7,47.7,47.7,47.6,47.6,47.7,47.6,47.7,35.9,47.7,47.7,47.6,47.6,47.7,47.6,47.7,47.7,47.6,35.6,47.7,47.6,47.6,47.6,47.6,47.6,47.6,47.7,47.7,35.6,47.7,47.7,47.7,47.7,47.6,47.7,47.7,47.7,47.6,35.5,47.6,47.6,47.7,47.6,47.7,47.7,47.7,47.6,47.6,36.1,47.7,47.7,47.7,47.5,47.7,47.6,35.4,35.2
0.000122,35.8,47.7,47.7,47.7,47.6,47.7,47.7,47.7,47.7,47.7,47.7,36,47.7,47.7,47.7,47.7,47.7,47.7,47.7,47.6,47.7,36.1,47.7,47.6,47.7,47.7,47.7,47.6,47.7,47.6,47.7,35.9,47.6,47.6,47.7,47.6,47.6,47.7,47.6,47.7,47.7,36.3,47.6,47.6,47.7,47.7,47.7,47.6,47.7,47.6,47.7,35.9,47.7,47.7,47.7,47.7,47.6,47.6,47.6,47.7,47.7,35.6,47.6,47.7,47.6,47.7,47.7,47.7,47.6,47.7,47.7,35.6,47.6,47.7,47.7,47.6,47.6,47.7,47.7,47.7,47.7,35.4,47.7,47.7,47.6,47.7,47.6,47.6,47.6,47.7,47.6,36.2,47.7,47.7,47.6,47.7,47.7,47.7,35.5,35.3
0.000122,35.8,47.7,47.7,47.6,47.7,47.7,47.7,47.7,47.7,47.6,47.7,36.2,47.7,47.7,47.7,47.7,47.7,47.7,47.6,47.7,47.7,36.1,47.7,47.6,47.7,47.7,47.7,47.7,47.6,47.7,47.6,35.8,47.7,47.6,47.7,47.6,47.7,47.7,47.7,47.7,47.7,36.3,47.7,47.7,47.6,47.7,47.6,47.7,47.7,47.6,47.7,36,47.7,47.6,47.7,47.7,47.7,47.7,47.6,47.7,47.7,35.8,47.6,47.6,47.7,47.6,47.7,47.7,47.6,47.7,47.6,35.3,47.6,47.6,47.7,47.7,47.7,47.7,47.6,47.7,47.7,35.5,47.7,47.6,47.7,47.7,47.7,47.7,47.7,47.7,47.7,36.1,47.7,47.6,47.6,47.7,47.6,47.6,35.5,35.3
0.000122,35.6,47.6,47.7,47.7,47.7,47.7,47.7,47.7,47.6,47.7,47.6,36.2,47.7,47.7,47.7,47.6,47.7,47.7,47.6,47.7,47.7,36.1,47.7,47.6,47.7,47.7,47.6,47.6,47.7,47.7,47.6,35.9,47.7,47.6,47.7,47.7,47.6,47.7,47.7,47.6,47.6,36.2,47.6,47.7,47.7,47.7,47.7,47.7,47.7,47.7,47.6,36,47.7,47.7,47.6,47.6,47.6,47.7,47.7,47.6,47.6,35.7,47.6,47.7,47.7,47.6,47.7,47.7,47.7,47.7,47.7,35.2,47.7,47.7,47.6,47.7,47.6,47.7,47.7,47.7,47.6,35.5,47.6,47.6,47.7,47.6,47.7,47.6,47.7,47.7,47.7,35.7,47.7,47.7,47.6,47.7,47.7,47.6,35.6,35.4
0.000122,35.6,47.6,47.6,47.7,47.7,47.6,47.7,47.7,47.7,47.7,47.7,36.2,47.7,47.6,47.7,47.7,47.6,47.6,47.5,47.7,47.7,36.1,47.6,47.7,47.6,47.7,47.7,47.7,47.7,47.7,47.7,35.9,47.7,47.6,47.7,47.7,47.7,47.7,47.6,47.7,47.7,36,47.6,47.7,47.7,47.7,47.6,47.7,47.6,47.7,47.7,36,47.7,47.6,47.7,47.6,47.7,47.7,47.6,47.6,47.7,35.7,47.6,47.7,47.7,47.6,47.6,47.6,47.6,47.7,47.6,35,47.7,47.7,47.7,47.7,47.6,47.7,47.7,47.6,47.6,35.4,47.7,47.7,47.6,47.7,47.7,47.6,47.7,47.6,47.7,35.7,47.7,47.7,47.7,47.7,47.6,47.7,35.5,35.3
0.000122,35.6,47.7,47.6,47.7,47.7,47.7,47.7,47.7,47.7,47.6,47.7,36,47.7,47.7,47.6,47.6,47.7,47.7,47.5,47.7,47.6,36.1,47.7,47.7,47.7,47.7,47.7,47.7,47.6,47.6,47.7,35.8,47.6,47.7,47.7,47.7,47.7,47.7,47.7,47.7,47.7,36,47.6,47.7,47.6,47.7,47.6,47.6,47.7,47.7,47.7,36.2,47.6,47.7,47.6,47.7,47.7,47.6,47.7,47.7,47.7,35.7,47.7,47.7,47.7,47.7,47.6,47.7,47.7,47.7,47.6,35,47.7,47.7,47.7,47.7,47.7,47.7,47.7,47.7,47.7,35.5,47.7,47.7,47.7,47.6,47.7,47.7,47.6,47.7,47.6,35.6,47.7,47.7,47.6,47.7,47.6,47.7,35.3,35.3
0.000123,35.8,47.7,47.7,47.7,47.6,47.7,47.7,47.6,47.7,47.6,47.7,35.9,47.7,47.7,47.6,47.7,47.6,47.7,47.7,47.7,47.6,36.2,47.6,47.7,47.7,47.7,47.7,47.7,47.7,47.7,47.6,35.9,47.6,47.7,47.7,47.7,47.7,47.7,47.7,47.7,47.7,35.9,47.7,47.6,47.7,47.7,47.7,47.7,47.6,47.7,47.7,36.1,47.7,47.7,47.7,47.7,47.7,47.7,47.7,47.7,47.7,35.8,47.7,47.7,47.7,47.6,47.7,47.6,47.7,47.7,47.7,35.1,47.6,47.7,47.6,47.7,47.6,47.7,47.6,47.7,47.7,35.5,47.7,47.7,47.6,47.7,47.7,47.6,47.7,47.6,47.7,35.5,47.7,47.6,47.7,47.7,47.6,47.7,35.1,35.3
0.000123,35.5,47.7,47.7,47.7,47.6,47.7,47.7,47.6,47.7,47.7,47.7,35.9,47.7,47.7,47.7,47.6,47.7,47.7,47.7,47.6,47.7,36.2,47.6,47.7,47.7,47.6,47.6,47.7,47.7,47.7,47.6,35.9,47.7,47.6,47.6,47.6,47.7,47.6,47.7,47.7,47.7,35.9,47.7,47.7,47.7,47.6,47.7,47.7,47.7,47.7,47.6,36.1,47.7,47.7,47.7,47.6,47.7,47.6,47.6,47.7,47.7,35.8,47.6,47.7,47.7,47.7,47.7,47.6,47.7,47.6,47.7,35.1,47.7,47.7,47.6,47.7,47.5,47.7,47.6,47.7,47.7,35.5,47.6,47.6,47.7,47.6,47.7,47.6,47.6,47.7,47.7,35.4,47.7,47.6,47.7,47.5,47.7,47.6,35.1,35.2
0.000123,35.5,47.7,47.7,47.7,47.6,47.6,47.7,47.6,47.7,47.6,47.7,35.7,47.7,47.7,47.7,47.7,47.7,47.6,47.7,47.7,47.6,36.1,47.7,47.7,47.7,47.7,47.6,47.7,47.6,47.7,47.7,35.8,47.7,47.7,47.6,47.7,47.7,47.7,47.7,47.6,47.6,35.9,47.7,47.7,47.6,47.6,47.7,47.7,47.7,47.7,47.6,36.1,47.7,47.7,47.7,47.7,47.6,47.6,47.7,47.7,47.6,35.6,47.7,47.6,47.7,47.6,47.6,47.6,47.7,47.7,47.7,35.2,47.6,47.7,47.7,47.7,47.7,47.7,47.7,47.6,47.7,35.4,47.7,47.7,47.7,47.7,47.6,47.6,47.7,47.7,47.7,35.4,47.6,47.6,47.6,47.7,47.6,47.7,35.1,35.3
0.000123,35.4,47.7,47.6,47.7,47.7,47.7,47.7,47.7,47.7,47.7,47.7,35.7,47.8,47.7,47.7,47.7,47.7,47.7,47.7,47.7,47.7,36.1,47.7,47.7,47.6,47.7,47.7,47.7,47.6,47.6,47.7,35.8,47.6,47.7,47.6,47.6,47.7,47.7,47.7,47.6,47.7,35.9,47.7,47.7,47.7,47.6,47.7,47.7,47.7,47.7,47.7,36.1,47.7,47.6,47.7,47.7,47.7,47.7,47.7,47.6,47.7,35.6,47.7,47.7,47.7,47.6,47.6,47.6,47.7,47.7,47.6,35.4,47.7,47.6,47.7,47.6,47.6,47.6,47.6,47.6,47.7,35.4,47.6,47.6,47.5,47.7,47.6,47.6,47.7,47.7,47.7,35.5,47.7,47.6,47.5,47.7,47.6,47.6,35.3,35.4
0.000123,35.4,47.6,47.7,47.7,47.7,47.7,47.7,47.6,47.7,47.7,47.6,35.8,47.7,47.6,47.7,47.6,47.7,47.6,47.7,47.7,47.7,36.1,47.7,47.6,47.7,47.7,47.6,47.7,47.7,47.7,47.7,35.8,47.7,47.6,47.7,47.6,47.7,47.6,47.6,47.7,47.7,35.9,47.6,47.7,47.6,47.7,47.6,47.6,47.7,47.6,47.6,36,47.7,47.7,47.6,47.7,47.7,47.6,47.6,47.6,47.7,35.7,47.6,47.6,47.7,47.6,47.7,47.7,47.6,47.7,47.6,35.5,47.7,47.7,47.7,47.7,47.6,47.7,47.7,47.6,47.7,35.5,47.7,47.7,47.6,47.7,47.7,47.7,47.7,47.7,47.7,35.5,47.7,47.7,47.6,47.7,47.6,47.7,35.5,35.4
0.000124,35.3,47.7,47.7,47.7,47.5,47.6,47.7,47.7,47.6,47.7,47.6,35.7,47.7,47.7,47.7,47.7,47.7,47.7,47.7,47.6,47.7,35.9,47.7,47.7,47.6,47.7,47.6,47.6,47.7,47.7,47.7,35.8,47.7,47.6,47.7,47.6,47.6,47.6,47.7,47.6,47.6,35.9,47.6,47.6,47.7,47.7,47.6,47.7,47.6,47.7,47.7,35.8,47.6,47.6,47.7,47.7,47.6,47.6,47.7,47.5,47.7,35.6,47.6,47.7,47.6,47.7,47.7,47.6,47.6,47.6,47.7,35.6,47.6,47.7,47.6,47.6,47.6,47.7,47.7,47.7,47.7,35.5,47.7,47.6,47.7,47.6,47.7,47.6,47.6,47.7,47.7,35.6,47.7,47.7,47.5,47.7,47.7,47.6,35.6,35.5
0.000124,35.5,47.7,47.7,47.7,47.7,47.6,47.6,47.7,47.7,47.7,47.6,35.9,47.7,47.6,47.7,47.6,47.7,47.7,47.6,47.7,47.6,36,47.7,47.6,47.7,47.7,47.6,47.7,47.6,47.7,47.7,35.9,47.7,47.6,47.6,47.7,47.7,47.7,47.7,47.7,47.6,35.9,47.6,47.6,47.6,47.7,47.7,47.6,47.7,47.6,47.7,35.6,47.7,47.7,47.7,47.7,47.6,47.7,47.7,47.6,47.7,35.6,47.6,47.7,47.7,47.6,47.7,47.6,47.6,47.6,47.7,35.5,47.7,47.7,47.7,47.7,47.6,47.7,47.7,47.6,47.6,35.3,47.7,47.6,47.7,47.7,47.6,47.6,47.7,47.7,47.6,35.7,47.6,47.7,47.6,47.6,47.6,47.7,35.7,35.4
0.000124,35.5,47.7,47.7,47.7,47.7,47.7,47.7,47.7,47.6,47.7,47.6,35.9,47.7,47.7,47.6,47.7,47.7,47.6,47.7,47.7,47.7,36.1,47.7,47.6,47.7,47.6,47.6,47.6,47.7,47.7,47.7,35.9,47.7,47.6,47.7,47.7,47.6,47.6,47.6,47.6,47.6,35.9,47.7,47.7,47.7,47.7,47.6,47.7,47.7,47.7,47.7,35.6,47.7,47.6,47.6,47.7,47.7,47.6,47.7,47.7,47.6,35.6,47.7,47.7,47.6,47.6,47.6,47.6,47.7,47.7,47.7,35.5,47.6,47.6,47.6,47.7,47.6,47.6,47.7,47.6,47.7,35.2,47.7,47.7,47.6,47.7,47.7,47.6,47.6,47.7,47.7,35.8,47.6,47.7,47.6,47.7,47.6,47.7,35.8,35.4
0.000124,35.8,47.6,47.7,47.7,47.7,47.6,47.7,47.6,47.7,47.7,47.6,35.9,47.7,47.7,47.7,47.7,47.7,47.7,47.6,47.6,47.7,35.9,47.6,47.6,47.7,47.7,47.7,47.7,47.7,47.6,47.7,35.9,47.6,47.7,47.6,47.6,47.7,47.7,47.7,47.7,47.6,35.9,47.6,47.6,47.7,47.7,47.7,47.7,47.6,47.6,47.7,35.7,47.7,47.6,47.6,47.7,47.6,47.6,47.7,47.7,47.6,35.7,47.7,47.7,47.6,47.6,47.6,47.7,47.6,47.6,47.6,35.4,47.6,47.7,47.7,47.7,47.6,47.7,47.6,47.7,47.7,35.2,47.6,47.7,47.7,47.6,47.6,47.6,47.7,47.7,47.7,35.9,47.6,47.6,47.7,47.7,47.7,47.7,35.8,35.5
0.000124,35.7,47.7,47.7,47.7,47.7,47.6,47.6,47.7,47.7,47.7,47.6,35.8,47.6,47.7,47.6,47.6,47.7,47.7,47.7,47.6,47.7,36.1,47.7,47.6,47.7,47.6,47.7,47.7,47.7,47.7,47.6,35.9,47.6,47.7,47.7,47.7,47.7,47.7,47.6,47.7,47.7,35.9,47.6,47.6,47.6,47.7,47.7,47.6,47.7,47.6,47.7,35.7,47.7,47.6,47.6,47.6,47.7,47.6,47.6,47.7,47.6,35.7,47.7,47.7,47.6,47.7,47.7,47.7,47.7,47.7,47.7,35.4,47.7,47.7,47.7,47.7,47.6,47.7,47.7,47.7,47.7,35.3,47.7,47.6,47.7,47.7,47.7,47.6,47.7,47.7,47.7,35.8,47.7,47.7,47.7,47.7,47.7,47.6,35.5,35.5
0.000125,35.9,47.7,47.6,47.7,47.7,47.7,47.7,47.6,47.7,47.7,47.7,35.9,47.7,47.6,47.6,47.7,47.7,47.6,47.6,47.7,47.7,36.1,47.6,47.7,47.7,47.7,47.6,47.7,47.7,47.6,47.7,35.9,47.7,47.6,47.6,47.7,47.7,47.6,47.6,47.7,47.6,35.9,47.5,47.7,47.7,47.7,47.6,47.6,47.6,47.6,47.7,36,47.7,47.7,47.6,47.7,47.7,47.7,47.7,47.6,47.7,35.7,47.7,47.7,47.7,47.6,47.6,47.6,47.7,47.7,47.6,35.4,47.7,47.7,47.7,47.6,47.7,47.6,47.7,47.6,47.7,35.4,47.7,47.6,47.7,47.7,47.6,47.7,47.7,47.7,47.7,35.8,47.7,47.7,47.7,47.7,47.6,47.7,35.5,35.4
0.000125,35.9,47.7,47.7,47.7,47.6,47.7,47.7,47.7,47.6,47.7,47.7,35.9,47.6,47.6,47.7,47.7,47.6,47.7,47.6,47.7,47.7,36.1,47.7,47.7,47.6,47.6,47.6,47.7,47.7,47.7,47.7,35.7,47.6,47.7,47.7,47.6,47.7,47.7,47.7,47.7,47.7,35.9,47.7,47.6,47.7,47.7,47.7,47.6,47.6,47.6,47.7,36,47.6,47.6,47.6,47.7,47.7,47.7,47.7,47.7,47.6,35.7,47.7,47.7,47.7,47.6,47.7,47.7,47.7,47.6,47.7,35.2,47.6,47.7,47.6,47.6,47.7,47.7,47.7,47.6,47.7,35.4,47.6,47.6,47.6,47.6,47.7,47.7,47.7,47.7,47.6,35.8,47.7,47.7,47.7,47.7,47.7,47.7,35.5,35.4
0.000125,35.8,47.7,47.7,47.7,47.7,47.7,47.6,47.7,47.6,47.7,47.7,35.7,47.6,47.7,47.7,47.7,47.7,47.7,47.7,47.7,47.6,36,47.7,47.7,47.7,47.7,47.7,47.7,47.7,47.6,47.6,35.7,47.6,47.6,47.6,47.7,47.7,47.7,47.7,47.6,47.7,35.9,47.7,47.6,47.7,47.7,47.7,47.7,47.7,47.6,47.7,36.1,47.6,47.7,47.6,47.7,47.7,47.6,47.7,47.7,47.7,35.7,47.6,47.6,47.6,47.7,47.7,47.7,47.7,47.7,47.7,35.1,47.7,47.7,47.7,47.6,47.6,47.6,47.6,47.6,47.7,35.4,47.7,47.7,47.7,47.7,47.7,47.6,47.6,47.7,47.7,35.7,47.7,47.7,47.6,47.6,47.7,47.7,35.4,35.4
0.000125,35.7,47.7,47.6,47.5,47.6,47.7,47.7,47.7,47.6,47.7,47.6,35.7,47.7,47.7,47.7,47.7,47.7,47.7,47.7,47.6,47.7,36.1,47.6,47.7,47.6,47.6,47.7,47.7,47.6,47.7,47.7,35.8,47.6,47.7,47.7,47.6,47.6,47.6,47.6,47.7,47.7,35.9,47.6,47.7,47.6,47.7,47.6,47.7,47.7,47.7,47.5,36.2,47.7,47.6,47.5,47.7,47.7,47.6,47.6,47.7,47.6,35.7,47.6,47.7,47.7,47.6,47.7,47.7,47.6,47.7,47.7,35.3,47.7,47.7,47.7,47.7,47.6,47.7,47.6,47.6,47.7,35.4,47.7,47.7,47.7,47.7,47.6,47.6,47.7,47.7,47.7,35.7,47.7,47.7,47.6,47.7,47.7,47.7,35.4,35.5
0.000125,35.6,47.6,47.7,47.6,47.6,47.6,47.7,47.6,47.6,47.6,47.7,35.7,47.7,47.7,47.7,47.6,47.7,47.6,47.7,47.7,47.7,35.8,47.6,47.7,47.6,47.6,47.7,47.6,47.6,47.7,47.7,35.7,47.7,47.7,47.6,47.7,47.7,47.7,47.7,47.7,47.7,35.9,47.7,47.7,47.6,47.7,47.6,47.7,47.7,47.8,47.7,36.1,47.6,47.7,47.7,47.6,47.7,47.6,47.7,47.7,47.7,35.7,47.6,47.7,47.7,47.7,47.7,47.7,47.6,47.7,47.7,35.5,47.7,47.7,47.7,47.6,47.7,47.7,47.7,47.6,47.6,35.4,47.7,47.6,47.7,47.7,47.6,47.6,47.7,47.7,47.6,35.8,47.6,47.7,47.6,47.6,47.6,47.6,35.5,35.4
0.000126,35.5,47.7,47.7,47.7,47.7,47.6,47.7,47.6,47.6,47.7,47.6,35.7,47.7,47.6,47.7,47.7,47.6,47.6,47.6,47.7,47.7,35.8,47.7,47.7,47.7,47.7,47.6,47.7,47.7,47.7,47.7,35.8,47.7,47.7,47.6,47.6,47.6,47.7,47.6,47.6,47.7,36,47.7,47.7,47.7,47.7,47.6,47.7,47.7,47.6,47.7,36,47.7,47.6,47.7,47.6,47.6,47.6,47.7,47.7,47.6,35.7,47.6,47.7,47.7,47.7,47.7,47.7,47.6,47.6,47.6,35.5,47.7,47.7,47.7,47.7,47.6,47.7,47.7,47.7,47.7,35.4,47.6,47.6,47.7,47.7,47.6,47.7,47.7,47.7,47.7,35.8,47.7,47.7,47.6,47.7,47.7,47.7,35.4,35.5
0.000126,35.5,47.7,47.7,47.7,47.7,47.7,47.7,47.7,47.6,47.7,47.7,35.6,47.7,47.7,47.6,47.7,47.7,47.7,47.7,47.7,47.7,35.8,47.7,47.7,47.7,47.7,47.6,47.6,47.6,47.7,47.7,35.7,47.7,47.6,47.7,47.6,47.7,47.7,47.6,47.6,47.6,35.9,47.7,47.6,47.6,47.7,47.6,47.7,47.7,47.6,47.7,35.9,47.7,47.7,47.7,47.7,47.7,47.7,47.5,47.6,47.7,35.7,47.6,47.6,47.6,47.7,47.6,47.6,47.6,47.7,47.6,35.4,47.6,47.7,47.7,47.6,47.6,47.7,47.6,47.7,47.6,35.5,47.7,47.7,47.7,47.7,47.7,47.6,47.7,47.7,47.5,35.8,47.7,47.7,47.7,47.7,47.6,47.6,35.4,35.5
0.000126,35.5,47.6,47.7,47.7,47.7,47.6,47.7,47.7,47.7,47.6,47.7,35.5,47.7,47.6,47.6,47.7,47.7,47.6,47.7,47.7,47.7,35.8,47.7,47.7,47.6,47.6,47.7,47.6,47.6,47.6,47.6,35.9,47.7,47.7,47.7,47.7,47.7,47.6,47.6,47.6,47.6,35.9,47.7,47.6,47.6,47.7,47.6,47.6,47.7,47.6,47.7,35.8,47.6,47.7,47.7,47.7,47.6,47.7,47.7,47.6,47.7,35.7,47.7,47.7,47.6,47.7,47.7,47.7,47.7,47.7,47.6,35.4,47.7,47.7,47.7,47.7,47.7,47.6,47.7,47.6,47.6,35.4,47.6,47.6,47.7,47.6,47.7,47.6,47.7,47.6,47.7,35.7,47.7,47.6,47.7,47.7,47.7,47.7,35.3,35.5
0.000126,35.5,47.6,47.7,47.5,47.7,47.6,47.7,47.6,47.6,47.7,47.6,35.6,47.6,47.6,47.7,47.7,47.6,47.6,47.6,47.6,47.7,35.9,47.7,47.7,47.6,47.6,47.7,47.7,47.7,47.7,47.6,35.9,47.7,47.7,47.6,47.7,47.6,47.7,47.7,47.7,47.7,35.8,47.6,47.6,47.7,47.7,47.7,47.7,47.7,47.7,47.7,35.7,47.6,47.6,47.7,47.6,47.6,47.7,47.7,47.7,47.6,35.6,47.7,47.7,47.7,47.7,47.7,47.7,47.7,47.6,47.6,35.4,47.7,47.7,47.7,47.7,47.7,47.6,47.7,47.6,47.6,35.4,47.7,47.7,47.6,47.6,47.7,47.7,47.6,47.7,47.7,35.7,47.7,47.7,47.6,47.7,47.6,47.7,35.4,35.6
0.000126,35.5,47.7,47.6,47.6,47.7,47.6,47.7,47.6,47.6,47.6,47.7,35.6,47.6,47.7,47.6,47.7,47.7,47.7,47.6,47.5,47.7,36,47.8,47.7,47.7,47.7,47.5,47.7,47.7,47.7,47.7,35.9,47.7,47.7,47.7,47.6,47.7,47.6,47.7,47.7,47.7,35.9,47.7,47.7,47.7,47.7,47.7,47.7,47.7,47.7,47.6,35.8,47.7,47.6,47.7,47.7,47.7,47.7,47.7,47.7,47.6,35.7,47.7,47.7,47.7,47.6,47.6,47.7,47.7,47.7,47.6,35.3,47.7,47.6,47.6,47.7,47.6,47.6,47.7,47.7,47.6,35.4,47.7,47.7,47.7,47.7,47.7,47.6,47.7,47.6,47.6,35.7,47.6,47.6,47.6,47.7,47.6,47.7,35.3,35.3
0.000127,35.6,47.7,47.6,47.6,47.6,47.6,47.6,47.7,47.7,47.6,47.6,35.8,47.7,47.7,47.6,47.7,47.6,47.7,47.7,47.7,47.7,36,47.7,47.7,47.7,47.7,47.6,47.7,47.7,47.6,47.7,35.8,47.7,47.6,47.7,47.7,47.6,47.6,47.7,47.6,47.7,35.9,47.6,47.7,47.7,47.7,47.6,47.7,47.7,47.7,47.7,35.7,47.7,47.7,47.7,47.6,47.7,47.7,47.7,47.7,47.7,35.7,47.7,47.7,47.6,47.6,47.6,47.5,47.7,47.7,47.7,35,47.7,47.6,47.7,47.7,47.6,47.7,47.7,47.6,47.7,35.4,47.7,47.6,47.7,47.7,47.7,47.7,47.6,47.6,47.7,35.7,47.7,47.6,47.7,47.6,47.6,47.7,35.3,35.5
0.000127,35.6,47.7,47.7,47.7,47.7,47.6,47.7,47.7,47.6,47.7,47.7,35.9,47.7,47.6,47.6,47.6,47.6,47.7,47.6,47.6,47.7,36,47.7,47.6,47.6,47.7,47.7,47.7,47.7,47.6,47.7,35.8,47.7,47.7,47.6,47.7,47.7,47.7,47.7,47.6,47.6,35.9,47.7,47.7,47.7,47.7,47.7,47.6,47.7,47.7,47.6,35.7,47.6,47.7,47.7,47.7,47.6,47.7,47.7,47.6,47.7,35.7,47.6,47.7,47.7,47.6,47.7,47.7,47.7,47.7,47.7,34.9,47.6,47.7,47.6,47.7,47.6,47.6,47.7,47.7,47.7,35.3,47.5,47.6,47.7,47.6,47.6,47.6,47.6,47.6,47.7,35.6,47.7,47.7,47.6,47.7,47.7,47.6,35.2,35.5
0.000127,35.7,47.6,47.6,47.7,47.7,47.7,47.7,47.7,47.7,47.7,47.7,35.9,47.7,47.7,47.6,47.6,47.7,47.6,47.7,47.7,47.7,36,47.6,47.7,47.7,47.7,47.6,47.7,47.7,47.7,47.7,35.6,47.7,47.6,47.6,47.7,47.6,47.6,47.7,47.7,47.7,35.9,47.6,47.7,47.7,47.5,47.7,47.7,47.7,47.6,47.6,35.8,47.6,47.7,47.6,47.6,47.7,47.7,47.6,47.6,47.6,35.7,47.7,47.7,47.7,47.7,47.7,47.6,47.6,47.7,47.7,34.9,47.6,47.6,47.7,47.6,47.7,47.6,47.5,47.6,47.7,35.3,47.6,47.7,47.7,47.7,47.7,47.7,47.7,47.7,47.7,35.6,47.7,47.7,47.6,47.7,47.7,47.7,35.1,35.3
0.000127,35.8,47.7,47.6,47.7,47.7,47.7,47.6,47.7,47.7,47.7,47.7,35.9,47.7,47.6,47.7,47.6,47.7,47.7,47.7,47.7,47.5,35.9,47.7,47.7,47.7,47.6,47.6,47.6,47.8,47.6,47.7,35.6,47.7,47.7,47.6,47.6,47.7,47.6,47.7,47.6,47.6,35.9,47.6,47.7,47.7,47.7,47.6,47.6,47.6,47.7,47.7,36,47.7,47.6,47.6,47.7,47.6,47.7,47.7,47.7,47.6,35.7,47.6,47.7,47.6,47.6,47.7,47.6,47.7,47.6,47.7,34.8,47.6,47.7,47.6,47.6,47.6,47.6,47.6,47.6,47.6,35.3,47.7,47.6,47.7,47.7,47.6,47.6,47.7,47.7,47.7,35.6,47.7,47.6,47.6,47.7,47.7,47.6,35.2,35.3
0.000127,35.8,47.7,47.7,47.6,47.6,47.6,47.7,47.6,47.6,47.7,47.7,35.9,47.7,47.7,47.6,47.7,47.7,47.6,47.7,47.7,47.7,35.8,47.7,47.7,47.6,47.7,47.7,47.7,47.6,47.7,47.7,35.6,47.6,47.6,47.6,47.6,47.7,47.6,47.7,47.7,47.7,36.1,47.7,47.7,47.6,47.7,47.7,47.6,47.7,47.6,47.7,36,47.7,47.7,47.7,47.6,47.7,47.7,47.7,47.7,47.6,35.6,47.6,47.7,47.6,47.7,47.7,47.7,47.7,47.6,47.6,34.9,47.6,47.7,47.6,47.6,47.7,47.6,47.7,47.6,47.6,35.4,47.7,47.7,47.7,47.6,47.7,47.7,47.7,47.7,47.7,35.6,47.7,47.7,47.7,47.6,47.6,47.6,35.3,35.5
0.000128,35.6,47.7,47.6,47.7,47.7,47.6,47.7,47.6,47.6,47.6,47.7,35.8,47.7,47.7,47.6,47.6,47.7,47.6,47.6,47.7,47.7,35.8,47.7,47.7,47.7,47.6,47.6,47.6,47.7,47.7,47.7,35.7,47.7,47.7,47.7,47.6,47.7,47.6,47.7,47.7,47.7,36.1,47.6,47.6,47.6,47.7,47.7,47.7,47.7,47.6,47.7,36,47.7,47.6,47.7,47.7,47.6,47.6,47.6,47.7,47.5,35.6,47.7,47.7,47.7,47.7,47.7,47.7,47.6,47.7,47.7,35,47.7,47.6,47.6,47.6,47.7,47.6,47.7,47.7,47.7,35.3,47.7,47.7,47.7,47.7,47.7,47.7,47.7,47.7,47.7,35.7,47.7,47.6,47.7,47.6,47.7,47.7,35.3,35.5
0.000128,35.6,47.6,47.6,47.7,47.7,47.7,47.7,47.7,47.6,47.6,47.7,35.8,47.7,47.7,47.7,47.7,47.7,47.6,47.6,47.6,47.6,35.8,47.7,47.7,47.6,47.5,47.7,47.7,47.7,47.7,47.7,35.6,47.7,47.6,47.7,47.7,47.7,47.7,47.6,47.6,47.6,36.1,47.7,47.6,47.7,47.7,47.7,47.6,47.7,47.6,47.7,35.8,47.7,47.7,47.7,47.7,47.7,47.6,47.7,47.7,47.7,35.6,47.7,47.7,47.7,47.7,47.7,47.6,47.7,47.6,47.6,35.1,47.7,47.6,47.7,47.7,47.7,47.6,47.6,47.6,47.7,35.3,47.7,47.6,47.7,47.6,47.7,47.7,47.7,47.7,47.7,35.6,47.7,47.6,47.7,47.7,47.6,47.6,35.3,35.4
0.000128,35.5,47.7,47.7,47.7,47.7,47.7,47.7,47.5,47.6,47.7,47.6,35.7,47.7,47.7,47.6,47.6,47.7,47.7,47.7,47.7,47.7,35.8,47.7,47.6,47.6,47.7,47.6,47.7,47.7,47.7,47.7,35.8,47.6,47.6,47.6,47.7,47.7,47.6,47.7,47.6,47.7,36,47.7,47.7,47.7,47.7,47.7,47.6,47.7,47.6,47.6,35.8,47.7,47.7,47.7,47.7,47.7,47.7,47.7,47.6,47.6,35.5,47.7,47.7,47.6,47.5,47.6,47.7,47.6,47.6,47.7,35.4,47.6,47.6,47.7,47.7,47.6,47.6,47.7,47.7,47.6,35.5,47.7,47.7,47.6,47.6,47.7,47.6,47.7,47.7,47.6,35.7,47.6,47.6,47.6,47.7,47.7,47.6,35.3,35.5
0.000128,35.5,47.7,47.7,47.6,47.7,47.6,47.7,47.7,47.6,47.6,47.7,35.6,47.6,47.6,47.7,47.6,47.6,47.7,47.7,47.7,47.7,35.8,47.6,47.7,47.6,47.7,47.7,47.6,47.7,47.7,47.7,35.8,47.7,47.7,47.7,47.7,47.6,47.7,47.7,47.7,47.7,35.9,47.7,47.7,47.6,47.6,47.7,47.7,47.6,47.7,47.7,35.7,47.7,47.6,47.6,47.6,47.7,47.6,47.7,47.6,47.7,35.6,47.7,47.6,47.7,47.7,47.6,47.6,47.6,47.6,47.6,35.4,47.7,47.7,47.6,47.6,47.6,47.6,47.6,47.7,47.7,35.5,47.6,47.6,47.6,47.7,47.7,47.6,47.7,47.7,47.7,35.6,47.6,47.6,47.7,47.6,47.7,47.6,35.4,35.5
0.000128,35.4,47.7,47.7,47.7,47.7,47.7,47.6,47.6,47.6,47.7,47.7,35.5,47.7,47.7,47.6,47.7,47.7,47.7,47.6,47.7,47.6,35.8,47.7,47.7,47.7,47.6,47.7,47.6,47.6,47.7,47.7,35.9,47.7,47.7,47.7,47.7,47.7,47.7,47.7,47.6,47.7,35.8,47.7,47.6,47.7,47.7,47.6,47.7,47.7,47.7,47.7,35.7,47.7,47.6,47.6,47.5,47.7,47.7,47.7,47.6,47.7,35.7,47.6,47.6,47.7,47.7,47.7,47.7,47.6,47.7,47.7,35.4,47.7,47.6,47.7,47.6,47.7,47.6,47.7,47.6,47.7,35.4,47.7,47.7,47.7,47.6,47.7,47.7,47.6,47.6,47.7,35.7,47.7,47.6,47.7,47.6,47.7,47.7,35.3,35.5
0.000129,35.5,47.6,47.7,47.7,47.6,47.7,47.6,47.7,47.6,47.7,47.7,35.6,47.7,47.6,47.7,47.6,47.8,47.7,47.7,47.7,47.7,35.8,47.7,47.6,47.7,47.6,47.6,47.7,47.7,47.7,47.7,35.8,47.6,47.7,47.7,47.6,47.7,47.7,47.6,47.7,47.7,35.7,47.6,47.7,47.7,47.7,47.7,47.7,47.7,47.7,47.7,35.6,47.7,47.6,47.7,47.7,47.7,47.7,47.6,47.6,47.7,35.7,47.7,47.7,47.6,47.7,47.7,47.7,47.7,47.7,47.7,35.5,47.6,47.6,47.7,47.7,47.6,47.7,47.7,47.7,47.6,35.3,47.6,47.7,47.7,47.7,47.5,47.7,47.6,47.7,47.7,35.6,47.7,47.7,47.7,47.6,47.6,47.7,35.3,35.4
0.000129,35.5,47.6,47.6,47.7,47.7,47.7,47.7,47.7,47.6,47.7,47.7,35.6,47.6,47.7,47.7,47.7,47.7,47.6,47.6,47.7,47.7,36,47.6,47.7,47.7,47.7,47.7,47.7,47.7,47.7,47.6,35.6,47.5,47.7,47.6,47.7,47.7,47.7,47.7,47.6,47.7,35.4,47.7,47.7,47.7,47.7,47.7,47.6,47.7,47.7,47.7,35.7,47.6,47.7,47.7,47.6,47.6,47.6,47.7,47.7,47.7,35.7,47.7,47.7,47.7,47.6,47.7,47.7,47.7,47.7,47.6,35.4,47.7,47.6,47.7,47.7,47.7,47.6,47.6,47.7,47.7,35.3,47.7,47.6,47.7,47.7,47.6,47.5,47.6,47.7,47.6,35.6,47.7,47.7,47.7,47.7,47.7,47.7,35.3,35.5
0.000129,35.5,47.6,47.7,47.7,47.7,47.7,47.7,47.6,47.6,47.7,47.7,35.6,47.6,47.6,47.7,47.6,47.6,47.6,47.7,47.7,47.6,35.9,47.7,47.7,47.7,47.7,47.6,47.6,47.7,47.7,47.6,35.6,47.6,47.7,47.7,47.7,47.6,47.7,47.6,47.6,47.7,35.5,47.7,47.7,47.6,47.7,47.7,47.7,47.7,47.6,47.6,35.8,47.6,47.6,47.7,47.7,47.7,47.7,47.7,47.6,47.6,35.7,47.6,47.7,47.7,47.7,47.6,47.7,47.6,47.7,47.7,35.3,47.7,47.7,47.6,47.6,47.6,47.7,47.7,47.6,47.7,35.3,47.7,47.7,47.7,47.6,47.7,47.7,47.6,47.6,47.7,35.6,47.6,47.6,47.6,47.7,47.7,47.6,35.4,35.5
0.000129,35.5,47.7,47.7,47.6,47.6,47.7,47.7,47.7,47.6,47.7,47.7,35.6,47.7,47.7,47.7,47.6,47.6,47.7,47.7,47.6,47.7,35.8,47.7,47.6,47.7,47.7,47.7,47.6,47.7,47.7,47.7,35.6,47.6,47.7,47.6,47.6,47.7,47.7,47.7,47.7,47.6,35.5,47.7,47.7,47.7,47.7,47.6,47.7,47.6,47.6,47.7,35.7,47.7,47.7,47.7,47.7,47.7,47.6,47.7,47.7,47.6,35.7,47.7,47.7,47.6,47.7,47.7,47.7,47.7,47.6,47.7,35.3,47.6,47.7,47.7,47.7,47.7,47.6,47.7,47.6,47.6,35.4,47.6,47.7,47.7,47.7,47.7,47.7,47.5,47.6,47.6,35.5,47.7,47.6,47.5,47.7,47.6,47.6,35.3,35.4
0.000129,35.5,47.7,47.7,47.7,47.5,47.6,47.7,47.6,47.7,47.7,47.7,35.7,47.7,47.7,47.7,47.7,47.7,47.6,47.7,47.7,47.6,35.9,47.6,47.7,47.7,47.7,47.7,47.7,47.6,47.7,47.7,35.7,47.7,47.7,47.7,47.6,47.7,47.7,47.6,47.7,47.7,35.8,47.6,47.6,47.7,47.7,47.6,47.7,47.7,47.7,47.7,35.7,47.6,47.7,47.6,47.7,47.7,47.5,47.7,47.7,47.6,35.7,47.7,47.6,47.7,47.7,47.7,47.7,47.7,47.6,47.6,35.2,47.7,47.6,47.7,47.7,47.6,47.6,47.7,47.6,47.7,35.4,47.6,47.6,47.6,47.7,47.7,47.7,47.6,47.7,47.6,35.5,47.7,47.7,47.7,47.7,47.7,47.7,35.5,35.5
0.00013,35.5,47.7,47.7,47.7,47.7,47.7,47.7,47.6,47.6,47.7,47.7,35.8,47.7,47.7,47.7,47.7,47.6,47.7,47.6,47.6,47.7,36,47.7,47.7,47.6,47.6,47.7,47.6,47.7,47.7,47.7,35.7,47.7,47.7,47.7,47.7,47.7,47.7,47.7,47.7,47.7,35.9,47.6,47.7,47.7,47.6,47.6,47.6,47.6,47.7,47.7,35.7,47.6,47.7,47.7,47.7,47.6,47.6,47.6,47.6,47.7,35.7,47.7,47.6,47.6,47.6,47.6,47.7,47.7,47.7,47.6,35.2,47.6,47.7,47.7,47.7,47.6,47.6,47.7,47.6,47.6,35.3,47.7,47.7,47.7,47.7,47.6,47.6,47.7,47.7,47.6,35.7,47.7,47.7,47.7,47.7,47.6,47.7,35.4,35.5
0.00013,35.6,47.7,47.7,47.6,47.7,47.7,47.7,47.7,47.7,47.7,47.6,35.8,47.6,47.7,47.6,47.7,47.7,47.7,47.7,47.7,47.7,35.8,47.6,47.7,47.6,47.7,47.7,47.6,47.7,47.7,47.7,35.6,47.7,47.6,47.6,47.7,47.6,47.7,47.6,47.6,47.7,36,47.7,47.6,47.7,47.7,47.7,47.7,47.7,47.7,47.7,35.8,47.7,47.7,47.7,47.7,47.6,47.6,47.6,47.7,47.6,35.5,47.7,47.7,47.7,47.6,47.7,47.7,47.7,47.7,47.7,35.2,47.7,47.6,47.7,47.7,47.6,47.7,47.7,47.6,47.6,35.3,47.6,47.7,47.7,47.7,47.6,47.7,47.6,47.7,47.6,35.7,47.6,47.7,47.7,47.6,47.7,47.6,35.4,35.5
0.00013,35.5,47.7,47.6,47.7,47.6,47.7,47.6,47.6,47.7,47.6,47.6,35.8,47.6,47.7,47.6,47.7,47.7,47.6,47.7,47.7,47.7,35.8,47.7,47.6,47.6,47.6,47.7,47.7,47.7,47.6,47.7,35.6,47.7,47.6,47.6,47.7,47.7,47.6,47.6,47.6,47.6,36.2,47.7,47.7,47.7,47.7,47.6,47.5,47.7,47.7,47.6,35.8,47.7,47.7,47.6,47.7,47.7,47.7,47.6,47.6,47.7,35.3,47.7,47.6,47.6,47.6,47.6,47.7,47.7,47.7,47.7,35.2,47.7,47.7,47.7,47.7,47.5,47.7,47.7,47.5,47.7,35.3,47.6,47.7,47.7,47.7,47.7,47.7,47.6,47.7,47.6,35.7,47.7,47.7,47.6,47.7,47.7,47.7,35.4,35.5
0.00013,35.5,47.6,47.7,47.7,47.7,47.7,47.7,47.7,47.7,47.7,47.6,35.8,47.7,47.7,47.6,47.6,47.6,47.7,47.7,47.7,47.7,35.8,47.7,47.7,47.7,47.6,47.7,47.6,47.7,47.6,47.7,35.6,47.7,47.7,47.7,47.7,47.6,47.6,47.7,47.6,47.7,36.1,47.6,47.7,47.6,47.7,47.7,47.7,47.6,47.7,47.6,35.8,47.7,47.7,47.6,47.7,47.6,47.7,47.7,47.6,47.6,35.4,47.6,47.6,47.7,47.6,47.7,47.7,47.7,47.7,47.7,35.2,47.7,47.6,47.6,47.6,47.6,47.6,47.6,47.7,47.7,35.3,47.7,47.6,47.7,47.6,47.6,47.7,47.7,47.7,47.6,35.7,47.7,47.7,47.7,47.7,47.6,47.5,35.4,35.4
0.00013,35.7,47.7,47.7,47.7,47.6,47.7,47.7,47.6,47.6,47.7,47.7,35.9,47.7,47.7,47.4,47.6,47.7,47.6,47.7,47.7,47.7,35.7,47.7,47.7,47.6,47.7,47.7,47.7,47.7,47.7,47.6,35.7,47.6,47.6,47.7,47.6,47.7,47.6,47.7,47.6,47.6,36,47.7,47.7,47.7,47.7,47.7,47.7,47.6,47.7,47.6,35.7,47.7,47.7,47.7,47.7,47.7,47.7,47.7,47.6,47.7,35.3,47.7,47.7,47.7,47.6,47.6,47.5,47.7,47.7,47.7,35.3,47.7,47.6,47.6,47.6,47.7,47.7,47.7,47.6,47.7,35.3,47.7,47.7,47.7,47.7,47.7,47.6,47.6,47.7,47.7,35.8,47.6,47.7,47.6,47.7,47.6,47.6,35.3,35.5
0.000131,35.8,47.6,47.7,47.7,47.6,47.7,47.7,47.6,47.6,47.7,47.7,35.9,47.7,47.7,47.5,47.6,47.6,47.7,47.7,47.7,47.7,35.7,47.6,47.6,47.7,47.6,47.7,47.7,47.7,47.6,47.7,35.5,47.7,47.6,47.7,47.6,47.7,47.7,47.7,47.7,47.7,36,47.7,47.6,47.7,47.6,47.6,47.7,47.6,47.7,47.7,35.6,47.7,47.7,47.7,47.7,47.6,47.6,47.7,47.6,47.7,35.4,47.6,47.7,47.6,47.7,47.6,47.6,47.6,47.7,47.6,35.3,47.7,47.7,47.7,47.7,47.7,47.6,47.7,47.7,47.7,35.3,47.7,47.6,47.7,47.7,47.6,47.7,47.7,47.6,47.7,35.7,47.6,47.7,47.7,47.6,47.6,47.7,35.3,35.5
0.000131,35.6,47.7,47.7,47.6,47.6,47.7,47.6,47.7,47.7,47.6,47.7,35.6,47.6,47.7,47.6,47.7,47.6,47.7,47.6,47.6,47.7,35.8,47.6,47.7,47.7,47.7,47.6,47.7,47.6,47.6,47.6,35.6,47.6,47.7,47.7,47.7,47.7,47.6,47.6,47.7,47.7,35.9,47.7,47.7,47.7,47.6,47.7,47.7,47.7,47.6,47.6,35.5,47.6,47.6,47.6,47.6,47.6,47.7,47.7,47.7,47.7,35.5,47.7,47.7,47.7,47.6,47.6,47.6,47.7,47.7,47.7,35.4,47.6,47.7,47.6,47.6,47.7,47.6,47.7,47.7,47.7,35.4,47.7,47.6,47.7,47.6,47.7,47.7,47.7,47.6,47.7,35.8,47.7,47.6,47.7,47.7,47.7,47.6,35.3,35.5
0.000131,35.6,47.7,47.6,47.8,47.6,47.6,47.7,47.6,47.6,47.7,47.7,35.7,47.7,47.7,47.7,47.6,47.6,47.7,47.6,47.6,47.7,35.8,47.6,47.6,47.7,47.7,47.7,47.6,47.7,47.6,47.7,35.6,47.7,47.7,47.7,47.6,47.6,47.6,47.6,47.6,47.7,35.7,47.7,47.6,47.6,47.6,47.7,47.7,47.6,47.6,47.7,35.4,47.7,47.7,47.7,47.7,47.7,47.7,47.7,47.7,47.6,35.6,47.5,47.7,47.6,47.7,47.6,47.7,47.6,47.7,47.7,35.4,47.7,47.7,47.6,47.7,47.6,47.6,47.7,47.7,47.6,35.4,47.7,47.7,47.6,47.7,47.6,47.7,47.7,47.6,47.7,35.8,47.6,47.7,47.7,47.6,47.7,47.7,35.3,35.5
0.000131,35.5,47.7,47.7,47.6,47.7,47.6,47.7,47.6,47.7,47.7,47.7,35.6,47.6,47.7,47.6,47.7,47.6,47.7,47.6,47.7,47.7,35.8,47.7,47.7,47.7,47.6,47.7,47.7,47.7,47.7,47.6,35.5,47.6,47.7,47.7,47.6,47.7,47.7,47.7,47.7,47.7,35.6,47.5,47.7,47.7,47.7,47.6,47.6,47.7,47.6,47.7,35.4,47.6,47.7,47.7,47.7,47.7,47.6,47.7,47.7,47.7,35.6,47.7,47.7,47.5,47.7,47.7,47.6,47.7,47.7,47.6,35.5,47.6,47.7,47.7,47.6,47.6,47.7,47.7,47.6,47.6,35.4,47.6,47.6,47.7,47.7,47.6,47.7,47.7,47.6,47.7,35.7,47.7,47.7,47.7,47.7,47.7,47.6,35.4,35.3
0.000131,35.4,47.6,47.7,47.7,47.6,47.7,47.7,47.7,47.7,47.7,47.7,35.6,47.7,47.6,47.6,47.6,47.6,47.7,47.6,47.6,47.7,35.9,47.6,47.5,47.6,47.7,47.7,47.7,47.7,47.6,47.6,35.5,47.7,47.6,47.6,47.6,47.6,47.6,47.6,47.7,47.7,35.4,47.7,47.7,47.6,47.7,47.7,47.7,47.6,47.7,47.7,35.6,47.7,47.7,47.6,47.7,47.6,47.6,47.7,47.6,47.7,35.6,47.7,47.7,47.6,47.6,47.7,47.6,47.6,47.7,47.7,35.5,47.6,47.7,47.7,47.7,47.7,47.7,47.6,47.7,47.6,35.6,47.7,47.6,47.7,47.7,47.7,47.6,47.7,47.6,47.7,35.6,47.6,47.6,47.7,47.7,47.7,47.6,35.4,35.4
0.000132,35.3,47.7,47.6,47.7,47.7,47.6,47.7,47.7,47.6,47.6,47.7,35.6,47.7,47.7,47.6,47.6,47.7,47.7,47.6,47.7,47.7,35.9,47.7,47.6,47.7,47.7,47.7,47.7,47.7,47.7,47.7,35.6,47.6,47.7,47.7,47.7,47.7,47.7,47.7,47.7,47.7,35.5,47.6,47.6,47.7,47.6,47.7,47.7,47.7,47.7,47.7,35.6,47.6,47.7,47.7,47.6,47.6,47.7,47.6,47.6,47.6,35.7,47.7,47.7,47.6,47.7,47.6,47.6,47.6,47.7,47.7,35.3,47.7,47.6,47.6,47.7,47.6,47.6,47.7,47.6,47.6,35.7,47.6,47.7,47.7,47.7,47.6,47.7,47.7,47.7,47.7,35.5,47.6,47.6,47.6,47.7,47.7,47.7,35.3,35.2
0.000132,35.3,47.7,47.7,47.5,47.6,47.7,47.6,47.7,47.6,47.7,47.7,35.6,47.7,47.6,47.7,47.7,47.7,47.6,47.6,47.6,47.7,35.7,47.7,47.6,47.7,47.7,47.7,47.6,47.6,47.7,47.7,35.6,47.7,47.5,47.6,47.6,47.6,47.7,47.6,47.7,47.7,35.5,47.7,47.7,47.7,47.6,47.7,47.7,47.6,47.7,47.6,35.8,47.6,47.7,47.7,47.7,47.7,47.6,47.7,47.7,47.6,35.7,47.7,47.6,47.7,47.7,47.6,47.7,47.6,47.7,47.7,35.2,47.7,47.7,47.7,47.7,47.7,47.7,47.6,47.7,47.6,35.6,47.6,47.6,47.7,47.6,47.7,47.6,47.5,47.6,47.7,35.5,47.7,47.7,47.6,47.7,47.7,47.6,35.4,35.2
0.000132,35.3,47.7,47.7,47.7,47.6,47.6,47.7,47.7,47.7,47.6,47.7,35.6,47.7,47.6,47.7,47.6,47.6,47.7,47.7,47.7,47.6,35.6,47.6,47.7,47.7,47.7,47.7,47.6,47.7,47.7,47.7,35.6,47.7,47.7,47.7,47.7,47.6,47.6,47.6,47.6,47.7,35.6,47.6,47.7,47.7,47.6,47.7,47.6,47.7,47.7,47.6,35.8,47.6,47.7,47.7,47.7,47.6,47.7,47.7,47.7,47.7,35.6,47.7,47.6,47.7,47.7,47.7,47.6,47.7,47.7,47.7,35.2,47.6,47.7,47.7,47.6,47.7,47.7,47.7,47.7,47.7,35.5,47.7,47.7,47.6,47.6,47.7,47.7,47.6,47.7,47.6,35.5,47.6,47.6,47.6,47.7,47.7,47.6,35.4,35.2
0.000132,35.3,47.7,47.6,47.6,47.6,47.6,47.7,47.6,47.7,47.7,47.6,35.6,47.7,47.7,47.7,47.6,47.7,47.7,47.6,47.7,47.7,35.6,47.7,47.6,47.7,47.6,47.6,47.5,47.6,47.7,47.7,35.7,47.6,47.6,47.7,47.6,47.7,47.7,47.6,47.7,47.6,35.8,47.7,47.7,47.7,47.6,47.7,47.6,47.6,47.6,47.6,36,47.7,47.7,47.7,47.6,47.7,47.6,47.7,47.7,47.6,35.6,47.7,47.7,47.6,47.7,47.6,47.7,47.7,47.7,47.7,35.1,47.6,47.7,47.7,47.7,47.7,47.7,47.6,47.6,47.7,35.4,47.7,47.7,47.7,47.6,47.7,47.6,47.5,47.6,47.7,35.6,47.7,47.7,47.6,47.6,47.7,47.7,35.4,35.2
0.000132,35.2,47.7,47.6,47.6,47.7,47.7,47.7,47.7,47.7,47.6,47.7,35.7,47.7,47.7,47.7,47.7,47.6,47.7,47.7,47.7,47.5,35.5,47.6,47.6,47.5,47.6,47.7,47.6,47.7,47.7,47.7,35.8,47.6,47.7,47.7,47.7,47.6,47.7,47.7,47.6,47.7,35.8,47.7,47.6,47.7,47.6,47.7,47.6,47.7,47.7,47.7,36,47.7,47.6,47.7,47.6,47.6,47.7,47.7,47.7,47.6,35.4,47.6,47.7,47.7,47.6,47.7,47.7,47.7,47.6,47.7,35.1,47.7,47.7,47.6,47.6,47.6,47.7,47.7,47.6,47.7,35.3,47.7,47.7,47.7,47.6,47.7,47.7,47.7,47.6,47.7,35.4,47.7,47.7,47.7,47.7,47.6,47.7,35.5,35.4
0.000133,35.4,47.7,47.7,47.6,47.7,47.7,47.7,47.5,47.7,47.7,47.7,35.7,47.7,47.6,47.6,47.7,47.6,47.7,47.7,47.6,47.7,35.6,47.7,47.7,47.7,47.7,47.7,47.6,47.7,47.8,47.7,35.8,47.7,47.7,47.7,47.7,47.6,47.7,47.7,47.5,47.7,35.8,47.7,47.7,47.6,47.6,47.7,47.7,47.7,47.7,47.7,36,47.7,47.7,47.6,47.6,47.7,47.7,47.6,47.7,47.6,35.4,47.6,47.7,47.7,47.7,47.7,47.7,47.7,47.7,47.6,35.1,47.7,47.7,47.6,47.7,47.6,47.7,47.6,47.6,47.6,35,47.7,47.6,47.6,47.6,47.6,47.6,47.7,47.7,47.6,35.3,47.6,47.7,47.7,47.7,47.6,47.6,35.4,35.6
0.000133,35.5,47.6,47.7,47.6,47.7,47.7,47.6,47.7,47.7,47.7,47.7,35.7,47.7,47.6,47.6,47.7,47.6,47.7,47.6,47.7,47.6,35.7,47.7,47.7,47.6,47.6,47.6,47.6,47.7,47.6,47.7,35.6,47.6,47.6,47.7,47.7,47.7,47.6,47.7,47.6,47.7,35.9,47.7,47.7,47.6,47.7,47.7,47.7,47.6,47.7,47.7,35.9,47.7,47.7,47.5,47.6,47.7,47.6,47.6,47.7,47.6,35.4,47.7,47.6,47.6,47.7,47.6,47.6,47.7,47.7,47.7,35.2,47.6,47.6,47.7,47.6,47.7,47.7,47.6,47.6,47.6,34.9,47.6,47.6,47.6,47.6,47.6,47.7,47.6,47.7,47.7,35.4,47.6,47.7,47.7,47.7,47.6,47.7,35.3,35.7
0.000133,35.7,47.7,47.7,47.7,47.7,47.7,47.7,47.6,47.7,47.7,47.7,35.7,47.7,47.6,47.7,47.6,47.7,47.7,47.6,47.7,47.7,35.8,47.7,47.7,47.7,47.6,47.6,47.7,47.6,47.7,47.6,35.6,47.7,47.7,47.6,47.6,47.7,47.7,47.6,47.7,47.7,36,47.7,47.6,47.6,47.7,47.7,47.6,47.6,47.7,47.6,35.6,47.6,47.6,47.7,47.7,47.7,47.7,47.7,47.7,47.7,35.4,47.6,47.6,47.6,47.7,47.7,47.7,47.6,47.6,47.6,35.1,47.7,47.7,47.7,47.7,47.6,47.7,47.7,47.6,47.7,34.9,47.6,47.7,47.6,47.6,47.7,47.6,47.6,47.7,47.6,35.4,47.7,47.6,47.7,47.6,47.6,47.6,35.2,35.7
0.000133,35.9,47.6,47.6,47.7,47.6,47.7,47.7,47.6,47.6,47.6,47.7,35.7,47.7,47.6,47.7,47.6,47.7,47.7,47.6,47.6,47.7,36,47.7,47.7,47.7,47.7,47.7,47.7,47.6,47.7,47.6,35.7,47.6,47.6,47.7,47.7,47.6,47.6,47.7,47.6,47.6,35.9,47.6,47.6,47.6,47.7,47.6,47.7,47.7,47.7,47.7,35.6,47.6,47.7,47.7,47.7,47.7,47.7,47.7,47.7,47.7,35.5,47.6,47.7,47.6,47.7,47.6,47.7,47.6,47.7,47.7,35.2,47.7,47.7,47.7,47.6,47.6,47.7,47.6,47.7,47.6,34.9,47.6,47.7,47.6,47.6,47.7,47.6,47.7,47.7,47.7,35.4,47.7,47.7,47.6,47.7,47.6,47.7,35.3,35.7
0.000133,35.9,47.7,47.7,47.6,47.6,47.7,47.6,47.7,47.7,47.6,47.6,35.6,47.7,47.7,47.7,47.7,47.7,47.7,47.7,47.7,47.7,36,47.7,47.6,47.6,47.5,47.6,47.7,47.7,47.7,47.7,35.6,47.6,47.7,47.7,47.6,47.6,47.7,47.6,47.6,47.7,35.8,47.6,47.6,47.6,47.6,47.6,47.7,47.7,47.7,47.6,35.5,47.7,47.7,47.7,47.7,47.6,47.7,47.6,47.7,47.7,35.6,47.7,47.7,47.7,47.6,47.6,47.7,47.7,47.7,47.7,35.1,47.7,47.7,47.6,47.6,47.7,47.7,47.6,47.6,47.6,35,47.7,47.7,47.7,47.7,47.5,47.7,47.7,47.7,47.6,35.5,47.6,47.7,47.7,47.7,47.7,47.6,35.4,35.6
0.000134,35.9,47.7,47.7,47.7,47.6,47.6,47.6,47.7,47.5,47.7,47.7,35.6,47.7,47.7,47.6,47.7,47.7,47.7,47.6,47.6,47.5,36.1,47.7,47.6,47.6,47.7,47.7,47.5,47.7,47.7,47.6,35.6,47.6,47.6,47.6,47.6,47.6,47.7,47.7,47.6,47.7,35.6,47.6,47.6,47.7,47.7,47.7,47.7,47.6,47.7,47.6,35.4,47.7,47.7,47.6,47.6,47.7,47.7,47.6,47.6,47.7,35.5,47.7,47.6,47.6,47.6,47.6,47.7,47.7,47.6,47.7,35.1,47.6,47.6,47.7,47.6,47.6,47.5,47.6,47.6,47.7,35.2,47.6,47.7,47.6,47.6,47.6,47.7,47.6,47.6,47.6,35.6,47.7,47.7,47.6,47.6,47.6,47.7,35.3,35.5
0.000134,35.8,47.7,47.7,47.7,47.7,47.7,47.6,47.7,47.7,47.7,47.7,35.8,47.6,47.7,47.7,47.7,47.6,47.6,47.7,47.7,47.7,36.1,47.7,47.6,47.6,47.7,47.7,47.6,47.7,47.7,47.7,35.6,47.6,47.6,47.7,47.7,47.7,47.7,47.6,47.6,47.7,35.6,47.6,47.6,47.5,47.6,47.7,47.6,47.7,47.7,47.7,35.4,47.7,47.6,47.7,47.6,47.6,47.6,47.7,47.7,47.7,35.6,47.6,47.7,47.7,47.6,47.6,47.7,47.7,47.7,47.7,35.1,47.7,47.7,47.7,47.7,47.7,47.7,47.7,47.7,47.7,35.4,47.7,47.7,47.6,47.7,47.6,47.7,47.6,47.6,47.7,35.6,47.7,47.7,47.6,47.6,47.6,47.6,35.3,35.4
0.000134,35.5,47.6,47.7,47.6,47.6,47.5,47.7,47.7,47.6,47.7,47.7,35.8,47.7,47.7,47.7,47.6,47.6,47.7,47.6,47.7,47.7,35.9,47.6,47.7,47.6,47.7,47.7,47.7,47.6,47.7,47.6,35.6,47.6,47.7,47.6,47.6,47.6,47.6,47.6,47.6,47.7,35.4,47.7,47.7,47.6,47.7,47.6,47.6,47.6,47.7,47.6,35.4,47.7,47.7,47.6,47.6,47.7,47.6,47.6,47.7,47.6,35.6,47.6,47.7,47.7,47.6,47.6,47.6,47.7,47.6,47.7,35,47.6,47.7,47.7,47.6,47.7,47.7,47.6,47.6,47.6,35.4,47.6,47.7,47.7,47.6,47.6,47.7,47.7,47.7,47.7,35.5,47.7,47.6,47.6,47.6,47.6,47.6,35.4,35.2
0.000134,35.4,47.7,47.7,47.7,47.7,47.7,47.7,47.7,47.7,47.7,47.5,35.5,47.6,47.6,47.7,47.6,47.7,47.7,47.6,47.6,47.7,35.7,47.6,47.6,47.6,47.6,47.7,47.6,47.7,47.7,47.7,35.6,47.7,47.6,47.6,47.6,47.6,47.7,47.7,47.7,47.7,35.5,47.7,47.6,47.7,47.6,47.6,47.6,47.7,47.7,47.7,35.6,47.6,47.6,47.7,47.6,47.6,47.6,47.6,47.7,47.6,35.4,47.5,47.7,47.6,47.7,47.7,47.6,47.7,47.6,47.6,35.1,47.7,47.6,47.6,47.7,47.7,47.6,47.7,47.7,47.7,35.4,47.7,47.7,47.6,47.7,47.6,47.6,47.6,47.7,47.7,35.5,47.7,47.7,47.7,47.7,47.7,47.7,35.3,34.9
0.000134,35.3,47.7,47.7,47.7,47.7,47.6,47.6,47.7,47.6,47.7,47.6,35.7,47.7,47.6,47.6,47.7,47.6,47.7,47.6,47.7,47.7,35.6,47.7,47.7,47.7,47.6,47.7,47.6,47.7,47.7,47.7,35.6,47.7,47.6,47.7,47.7,47.6,47.6,47.6,47.6,47.6,35.6,47.6,47.7,47.7,47.6,47.6,47.6,47.6,47.6,47.5,35.7,47.7,47.6,47.7,47.7,47.7,47.6,47.7,47.7,47.6,35.6,47.5,47.6,47.7,47.6,47.7,47.7,47.6,47.7,47.7,35,47.6,47.7,47.7,47.6,47.6,47.6,47.7,47.6,47.6,35.5,47.7,47.7,47.6,47.6,47.6,47.6,47.6,47.7,47.6,35.3,47.7,47.7,47.6,47.6,47.7,47.7,35.3,35
0.000135,35.2,47.7,47.7,47.6,47.6,47.7,47.6,47.6,47.7,47.6,47.6,35.6,47.7,47.7,47.7,47.6,47.6,47.7,47.7,47.7,47.7,35.6,47.6,47.6,47.7,47.7,47.7,47.7,47.7,47.7,47.6,35.6,47.6,47.7,47.7,47.6,47.6,47.7,47.7,47.7,47.7,35.6,47.6,47.7,47.6,47.7,47.7,47.7,47.6,47.6,47.7,35.8,47.7,47.7,47.6,47.7,47.6,47.7,47.6,47.6,47.7,35.4,47.6,47.6,47.6,47.6,47.7,47.7,47.7,47.7,47.6,35,47.7,47.6,47.7,47.7,47.7,47.7,47.6,47.7,47.7,35.4,47.7,47.7,47.6,47.7,47.6,47.5,47.7,47.7,47.7,35.2,47.7,47.6,47.7,47.7,47.7,47.7,35.2,35
0.000135,35.3,47.7,47.6,47.7,47.6,47.7,47.7,47.7,47.7,47.6,47.7,35.6,47.6,47.7,47.7,47.6,47.7,47.6,47.7,47.7,47.6,35.6,47.6,47.6,47.6,47.7,47.7,47.7,47.7,47.6,47.7,35.6,47.7,47.6,47.6,47.7,47.6,47.6,47.6,47.5,47.6,35.8,47.7,47.7,47.7,47.7,47.5,47.6,47.6,47.7,47.7,35.8,47.7,47.6,47.6,47.6,47.7,47.7,47.6,47.7,47.7,35.4,47.6,47.6,47.6,47.6,47.6,47.6,47.7,47.7,47.7,35.1,47.6,47.6,47.6,47.6,47.7,47.7,47.6,47.7,47.7,35.2,47.6,47.7,47.7,47.6,47.6,47.6,47.6,47.7,47.7,35.3,47.7,47.6,47.6,47.7,47.6,47.7,35.3,35.2
0.000135,35.4,47.6,47.7,47.6,47.6,47.6,47.7,47.6,47.6,47.6,47.7,35.8,47.7,47.6,47.7,47.7,47.7,47.6,47.6,47.7,47.6,35.7,47.7,47.7,47.7,47.7,47.5,47.6,47.6,47.7,47.6,35.4,47.7,47.5,47.7,47.7,47.6,47.6,47.6,47.6,47.6,36,47.7,47.7,47.7,47.7,47.7,47.7,47.7,47.7,47.7,35.8,47.7,47.6,47.7,47.7,47.7,47.7,47.6,47.6,47.7,35.4,47.7,47.7,47.6,47.6,47.7,47.6,47.6,47.7,47.7,35.1,47.6,47.7,47.7,47.6,47.6,47.7,47.6,47.7,47.6,35.3,47.6,47.7,47.7,47.7,47.7,47.7,47.7,47.6,47.7,35.3,47.7,47.6,47.6,47.6,47.6,47.6,35.4,35.3
0.000135,35.3,47.6,47.7,47.7,47.7,47.6,47.7,47.6,47.7,47.7,47.6,35.8,47.7,47.6,47.6,47.6,47.7,47.6,47.6,47.7,47.6,35.9,47.7,47.7,47.7,47.7,47.6,47.7,47.6,47.7,47.6,35.5,47.6,47.7,47.7,47.7,47.6,47.6,47.7,47.6,47.7,36,47.7,47.6,47.7,47.7,47.7,47.7,47.7,47.7,47.6,35.6,47.7,47.6,47.7,47.6,47.7,47.6,47.7,47.6,47.7,35.5,47.6,47.6,47.7,47.6,47.6,47.6,47.6,47.7,47.6,35.1,47.6,47.6,47.6,47.7,47.7,47.6,47.7,47.6,47.7,35.1,47.7,47.7,47.7,47.6,47.6,47.6,47.6,47.6,47.7,35.5,47.7,47.6,47.6,47.6,47.7,47.7,35.3,35.4
0.000135,35.4,47.7,47.6,47.7,47.6,47.6,47.7,47.7,47.6,47.6,47.7,35.7,47.7,47.7,47.6,47.7,47.7,47.7,47.7,47.7,47.7,36,47.6,47.6,47.6,47.7,47.7,47.6,47.6,47.6,47.6,35.3,47.7,47.7,47.6,47.6,47.6,47.6,47.7,47.7,47.6,36,47.6,47.6,47.6,47.6,47.6,47.7,47.7,47.6,47.6,35.7,47.7,47.6,47.6,47.6,47.7,47.7,47.7,47.7,47.7,35.5,47.6,47.6,47.6,47.6,47.6,47.6,47.7,47.7,47.6,35.3,47.7,47.7,47.6,47.7,47.7,47.7,47.6,47.7,47.6,35.1,47.7,47.7,47.7,47.7,47.7,47.6,47.7,47.7,47.7,35.6,47.6,47.7,47.6,47.6,47.6,47.7,35.3,35.6
0.000136,35.6,47.6,47.6,47.6,47.6,47.6,47.6,47.6,47.6,47.7,47.6,35.6,47.6,47.7,47.6,47.7,47.7,47.7,47.7,47.6,47.6,36.1,47.6,47.7,47.7,47.7,47.7,47.7,47.6,47.6,47.6,35.3,47.6,47.7,47.6,47.6,47.7,47.7,47.6,47.6,47.7,36,47.6,47.6,47.7,47.6,47.6,47.7,47.7,47.6,47.6,35.7,47.7,47.6,47.6,47.7,47.7,47.6,47.7,47.6,47.7,35.5,47.6,47.7,47.7,47.7,47.6,47.7,47.6,47.6,47.6,35.3,47.6,47.7,47.6,47.7,47.6,47.7,47.7,47.7,47.6,35.1,47.6,47.7,47.6,47.6,47.6,47.6,47.7,47.7,47.6,35.6,47.6,47.7,47.7,47.6,47.6,47.5,35.2,35.6
0.000136,35.5,47.7,47.6,47.6,47.6,47.6,47.6,47.7,47.7,47.7,47.6,35.7,47.6,47.6,47.7,47.7,47.7,47.7,47.6,47.6,47.6,36.2,47.6,47.7,47.6,47.6,47.7,47.7,47.7,47.7,47.7,35.3,47.7,47.7,47.6,47.7,47.6,47.7,47.6,47.6,47.6,35.8,47.6,47.7,47.7,47.7,47.6,47.6,47.6,47.6,47.6,35.4,47.6,47.7,47.7,47.7,47.5,47.7,47.6,47.7,47.6,35.4,47.5,47.7,47.7,47.5,47.7,47.7,47.6,47.7,47.7,35.4,47.7,47.7,47.6,47.6,47.7,47.7,47.6,47.6,47.7,35.2,47.7,47.7,47.6,47.7,47.7,47.7,47.7,47.7,47.6,35.5,47.6,47.7,47.6,47.6,47.6,47.6,35.5,35.7
0.000136,35.5,47.6,47.7,47.7,47.7,47.7,47.6,47.6,47.6,47.7,47.7,35.7,47.6,47.7,47.7,47.6,47.6,47.6,47.7,47.7,47.6,36,47.7,47.6,47.6,47.7,47.6,47.6,47.6,47.6,47.7,35.6,47.7,47.6,47.7,47.7,47.6,47.7,47.7,47.6,47.7,35.8,47.7,47.7,47.6,47.6,47.7,47.6,47.6,47.7,47.6,35.6,47.6,47.7,47.6,47.7,47.6,47.6,47.6,47.7,47.6,35.3,47.6,47.7,47.7,47.6,47.7,47.7,47.6,47.6,47.7,35.3,47.7,47.7,47.7,47.6,47.7,47.6,47.6,47.7,47.6,35.3,47.7,47.6,47.6,47.6,47.6,47.7,47.6,47.6,47.7,35.6,47.7,47.7,47.6,47.7,47.6,47.6,35.5,35.7
0.000136,35.5,47.7,47.6,47.7,47.7,47.6,47.7,47.6,47.7,47.7,47.7,35.6,47.6,47.7,47.7,47.7,47.6,47.6,47.7,47.7,47.6,35.8,47.6,47.6,47.6,47.7,47.6,47.6,47.7,47.7,47.6,35.6,47.6,47.7,47.6,47.7,47.6,47.7,47.7,47.6,47.7,35.7,47.7,47.6,47.7,47.6,47.7,47.6,47.7,47.7,47.7,35.5,47.7,47.6,47.7,47.7,47.7,47.7,47.7,47.7,47.6,35.3,47.7,47.7,47.7,47.7,47.6,47.6,47.6,47.7,47.6,35.3,47.6,47.6,47.6,47.7,47.6,47.6,47.6,47.7,47.7,35.2,47.6,47.6,47.7,47.6,47.7,47.7,47.7,47.6,47.7,35.5,47.6,47.6,47.7,47.6,47.7,47.6,35.5,35.5
0.000136,35.5,47.7,47.6,47.7,47.7,47.7,47.6,47.7,47.6,47.7,47.7,35.6,47.6,47.7,47.6,47.6,47.7,47.7,47.6,47.6,47.7,35.8,47.6,47.7,47.7,47.7,47.7,47.7,47.7,47.7,47.6,35.7,47.6,47.7,47.6,47.6,47.7,47.7,47.6,47.7,47.6,35.5,47.6,47.7,47.7,47.7,47.7,47.7,47.6,47.7,47.6,35.7,47.7,47.5,47.6,47.7,47.6,47.6,47.6,47.7,47.6,35.4,47.7,47.6,47.7,47.7,47.6,47.7,47.7,47.7,47.7,35.3,47.6,47.6,47.7,47.7,47.6,47.6,47.6,47.7,47.6,35.3,47.7,47.7,47.7,47.6,47.7,47.6,47.6,47.7,47.7,35.3,47.7,47.7,47.7,47.6,47.6,47.6,35.6,35.7
0.000137,35.5,47.7,47.7,47.6,47.6,47.6,47.6,47.6,47.6,47.7,47.7,35.6,47.7,47.7,47.7,47.7,47.6,47.7,47.7,47.7,47.6,35.5,47.7,47.7,47.7,47.6,47.7,47.7,47.6,47.6,47.6,35.8,47.7,47.7,47.6,47.6,47.6,47.6,47.7,47.6,47.6,35.6,47.6,47.7,47.7,47.7,47.7,47.7,47.7,47.7,47.6,35.7,47.7,47.7,47.6,47.6,47.7,47.7,47.7,47.7,47.7,35.4,47.7,47.7,47.7,47.7,47.7,47.7,47.7,47.7,47.6,35.2,47.6,47.7,47.7,47.7,47.7,47.7,47.7,47.6,47.7,35.4,47.6,47.7,47.7,47.7,47.7,47.7,47.6,47.6,47.7,35.3,47.6,47.6,47.6,47.6,47.6,47.6,35.5,35.4
0.000137,35.5,47.7,47.7,47.6,47.6,47.7,47.7,47.7,47.6,47.7,47.7,35.6,47.6,47.7,47.7,47.7,47.7,47.7,47.7,47.7,47.7,35.5,47.7,47.7,47.7,47.7,47.6,47.7,47.7,47.7,47.7,35.9,47.7,47.6,47.6,47.7,47.6,47.6,47.6,47.7,47.7,35.5,47.7,47.6,47.5,47.7,47.7,47.7,47.6,47.6,47.6,35.6,47.7,47.7,47.6,47.6,47.7,47.6,47.7,47.6,47.6,35.4,47.6,47.6,47.6,47.7,47.6,47.7,47.7,47.6,47.7,35.2,47.6,47.7,47.6,47.7,47.7,47.7,47.6,47.6,47.6,35.3,47.6,47.5,47.7,47.7,47.7,47.7,47.7,47.6,47.6,35.2,47.6,47.6,47.6,47.6,47.6,47.7,35.4,35.4
0.000137,35.5,47.7,47.6,47.7,47.7,47.7,47.6,47.6,47.6,47.7,47.7,35.5,47.7,47.7,47.7,47.7,47.7,47.6,47.6,47.7,47.7,35.5,47.7,47.7,47.6,47.7,47.7,47.6,47.7,47.6,47.7,35.6,47.6,47.6,47.7,47.7,47.6,47.6,47.7,47.7,47.7,35.5,47.6,47.7,47.7,47.6,47.6,47.6,47.6,47.7,47.7,35.7,47.6,47.7,47.6,47.7,47.7,47.7,47.6,47.7,47.7,35.4,47.6,47.6,47.7,47.7,47.6,47.7,47.7,47.7,47.6,35.2,47.7,47.6,47.7,47.6,47.7,47.7,47.7,47.7,47.7,35.1,47.7,47.6,47.6,47.6,47.6,47.6,47.7,47.6,47.7,35.2,47.7,47.6,47.6,47.7,47.6,47.6,35.3,35.2
0.000137,35.5,47.6,47.7,47.7,47.7,47.5,47.6,47.7,47.7,47.7,47.6,35.6,47.6,47.6,47.6,47.6,47.7,47.7,47.7,47.7,47.7,35.7,47.7,47.7,47.7,47.6,47.6,47.7,47.7,47.6,47.6,35.5,47.6,47.6,47.7,47.7,47.6,47.7,47.7,47.6,47.7,35.5,47.6,47.7,47.6,47.7,47.6,47.7,47.7,47.7,47.7,35.6,47.7,47.7,47.7,47.6,47.6,47.7,47.6,47.6,47.7,35.4,47.6,47.6,47.6,47.7,47.6,47.6,47.7,47.7,47.7,35.2,47.6,47.7,47.7,47.7,47.6,47.6,47.6,47.6,47.6,35.1,47.6,47.7,47.7,47.6,47.6,47.7,47.6,47.6,47.7,35.3,47.6,47.6,47.7,47.7,47.7,47.6,35.3,35.2
0.000137,35.5,47.7,47.6,47.6,47.7,47.7,47.7,47.7,47.7,47.7,47.6,35.7,47.6,47.7,47.7,47.6,47.7,47.7,47.6,47.7,47.6,35.8,47.6,47.6,47.6,47.6,47.7,47.7,47.6,47.6,47.7,35.4,47.6,47.6,47.6,47.6,47.6,47.6,47.7,47.7,47.7,35.5,47.7,47.7,47.6,47.7,47.7,47.7,47.7,47.6,47.6,35.7,47.6,47.6,47.6,47.6,47.5,47.6,47.7,47.7,47.7,35.5,47.6,47.7,47.7,47.6,47.7,47.7,47.6,47.7,47.6,35.3,47.7,47.7,47.6,47.7,47.6,47.7,47.7,47.6,47.6,35.1,47.7,47.7,47.5,47.7,47.7,47.7,47.7,47.7,47.6,35.5,47.6,47.6,47.6,47.7,47.5,47.6,35.3,35.2
0.000138,35.5,47.7,47.7,47.6,47.7,47.7,47.7,47.6,47.6,47.6,47.7,35.5,47.7,47.7,47.6,47.7,47.6,47.7,47.6,47.7,47.7,35.9,47.6,47.7,47.6,47.6,47.6,47.7,47.6,47.7,47.7,35.4,47.7,47.7,47.6,47.6,47.7,47.7,47.7,47.7,47.7,35.6,47.7,47.7,47.7,47.7,47.7,47.6,47.6,47.7,47.7,35.6,47.7,47.7,47.6,47.7,47.6,47.6,47.7,47.6,47.6,35.6,47.6,47.6,47.6,47.7,47.5,47.7,47.7,47.7,47.6,35.2,47.7,47.7,47.7,47.6,47.6,47.7,47.7,47.7,47.7,35.1,47.6,47.6,47.7,47.7,47.6,47.7,47.5,47.6,47.7,35.5,47.7,47.7,47.7,47.6,47.6,47.6,35.3,35.2
0.000138,35.6,47.7,47.6,47.7,47.5,47.6,47.7,47.6,47.7,47.7,47.7,35.6,47.5,47.7,47.6,47.6,47.7,47.7,47.6,47.6,47.7,36,47.7,47.6,47.5,47.6,47.6,47.6,47.7,47.7,47.7,35.3,47.7,47.7,47.5,47.7,47.7,47.7,47.7,47.6,47.6,35.6,47.6,47.6,47.7,47.6,47.6,47.6,47.7,47.7,47.5,35.6,47.7,47.6,47.7,47.7,47.7,47.7,47.7,47.7,47.7,35.6,47.6,47.7,47.7,47.7,47.7,47.6,47.6,47.6,47.6,35.2,47.7,47.6,47.6,47.7,47.7,47.7,47.7,47.7,47.6,35.1,47.7,47.6,47.7,47.6,47.6,47.7,47.7,47.6,47.7,35.6,47.7,47.7,47.6,47.7,47.6,47.7,35.2,35.3
0.000138,35.5,47.7,47.7,47.6,47.6,47.6,47.7,47.7,47.7,47.6,47.6,35.7,47.6,47.7,47.7,47.7,47.7,47.7,47.6,47.7,47.6,35.8,47.7,47.6,47.6,47.6,47.7,47.6,47.6,47.6,47.7,35.3,47.7,47.7,47.7,47.6,47.7,47.7,47.6,47.7,47.7,35.8,47.6,47.6,47.6,47.7,47.7,47.7,47.7,47.6,47.6,35.6,47.7,47.7,47.6,47.6,47.7,47.6,47.6,47.6,47.7,35.6,47.6,47.6,47.6,47.6,47.6,47.6,47.6,47.7,47.6,35.2,47.6,47.7,47.7,47.7,47.7,47.7,47.6,47.7,47.7,35.1,47.6,47.7,47.7,47.6,47.7,47.6,47.7,47.6,47.7,35.8,47.7,47.7,47.7,47.5,47.7,47.6,35.4,35.4
0.000138,35.5,47.7,47.5,47.7,47.7,47.7,47.7,47.6,47.7,47.6,47.6,35.5,47.7,47.7,47.7,47.6,47.6,47.6,47.7,47.7,47.7,35.7,47.6,47.7,47.7,47.6,47.7,47.6,47.7,47.5,47.7,35.5,47.6,47.7,47.6,47.7,47.6,47.7,47.7,47.6,47.6,35.7,47.6,47.6,47.6,47.5,47.6,47.6,47.7,47.6,47.6,35.6,47.6,47.7,47.6,47.6,47.7,47.6,47.6,47.7,47.7,35.6,47.6,47.7,47.7,47.7,47.7,47.6,47.6,47.7,47.6,35.1,47.7,47.7,47.7,47.7,47.6,47.7,47.6,47.6,47.7,35.1,47.7,47.6,47.6,47.7,47.6,47.7,47.7,47.7,47.7,35.7,47.7,47.6,47.6,47.7,47.7,47.6,35.5,35.5
0.000138,35.5,47.7,47.7,47.7,47.7,47.6,47.7,47.7,47.7,47.6,47.6,35.6,47.7,47.6,47.7,47.7,47.7,47.7,47.6,47.6,47.7,35.4,47.7,47.7,47.6,47.6,47.6,47.7,47.6,47.6,47.6,35.7,47.6,47.6,47.7,47.6,47.6,47.7,47.7,47.7,47.7,35.7,47.6,47.6,47.7,47.6,47.6,47.7,47.6,47.6,47.6,35.5,47.7,47.7,47.7,47.6,47.7,47.7,47.7,47.7,47.7,35.6,47.7,47.6,47.7,47.6,47.7,47.6,47.6,47.7,47.6,35.3,47.6,47.7,47.7,47.6,47.6,47.6,47.7,47.7,47.7,35.1,47.7,47.7,47.7,47.7,47.6,47.7,47.6,47.6,47.6,35.6,47.7,47.6,47.6,47.7,47.7,47.6,35.6,35.5
0.000139,35.5,47.6,47.5,47.6,47.7,47.7,47.6,47.6,47.7,47.7,47.6,35.6,47.6,47.6,47.6,47.7,47.7,47.7,47.6,47.7,47.7,35.3,47.7,47.6,47.7,47.7,47.7,47.6,47.7,47.6,47.7,35.7,47.7,47.7,47.7,47.6,47.6,47.5,47.7,47.6,47.7,35.7,47.7,47.6,47.6,47.7,47.6,47.6,47.7,47.7,47.7,35.5,47.7,47.7,47.6,47.6,47.6,47.7,47.6,47.7,47.7,35.5,47.6,47.6,47.5,47.6,47.7,47.7,47.7,47.7,47.6,35.3,47.6,47.6,47.6,47.6,47.7,47.7,47.7,47.7,47.7,35.1,47.7,47.6,47.7,47.6,47.7,47.6,47.6,47.6,47.7,35.5,47.7,47.7,47.7,47.6,47.7,47.7,35.8,35.5
0.000139,35.5,47.6,47.7,47.7,47.6,47.7,47.6,47.6,47.6,47.6,47.6,35.6,47.6,47.7,47.7,47.6,47.7,47.7,47.6,47.6,47.6,35.1,47.6,47.7,47.7,47.7,47.7,47.7,47.6,47.6,47.6,35.8,47.7,47.6,47.7,47.7,47.6,47.6,47.6,47.6,47.6,35.7,47.7,47.7,47.6,47.7,47.7,47.7,47.7,47.6,47.6,35.6,47.7,47.7,47.7,47.6,47.7,47.6,47.7,47.6,47.7,35.4,47.7,47.6,47.6,47.6,47.7,47.7,47.6,47.7,47.6,35.3,47.6,47.7,47.7,47.7,47.6,47.6,47.7,47.7,47.7,35.2,47.7,47.6,47.6,47.7,47.6,47.6,47.6,47.7,47.7,35.4,47.6,47.7,47.7,47.6,47.7,47.6,35.8,35.5
0.000139,35.4,47.6,47.7,47.7,47.6,47.7,47.7,47.7,47.7,47.7,47.7,35.3,47.7,47.6,47.6,47.7,47.6,47.7,47.7,47.7,47.6,35.2,47.6,47.7,47.6,47.6,47.7,47.7,47.6,47.6,47.6,35.8,47.6,47.6,47.6,47.6,47.7,47.6,47.6,47.7,47.6,35.8,47.7,47.5,47.6,47.7,47.6,47.7,47.7,47.6,47.7,35.4,47.6,47.6,47.7,47.6,47.6,47.7,47.6,47.7,47.6,35.3,47.7,47.6,47.7,47.7,47.6,47.6,47.6,47.7,47.6,35.1,47.6,47.6,47.6,47.7,47.7,47.6,47.6,47.7,47.7,35.2,47.6,47.6,47.6,47.7,47.7,47.6,47.7,47.6,47.7,35.3,47.6,47.7,47.7,47.7,47.6,47.6,35.6,35.5
0.000139,35.4,47.7,47.7,47.7,47.6,47.7,47.7,47.7,47.7,47.7,47.7,35.4,47.7,47.7,47.7,47.6,47.6,47.6,47.6,47.7,47.7,35.3,47.6,47.7,47.6,47.7,47.6,47.7,47.7,47.6,47.7,35.6,47.7,47.6,47.7,47.6,47.7,47.7,47.7,47.6,47.7,35.7,47.7,47.7,47.7,47.7,47.6,47.6,47.7,47.7,47.6,35.4,47.7,47.6,47.6,47.7,47.6,47.6,47.7,47.6,47.6,35.1,47.6,47.7,47.6,47.6,47.5,47.7,47.7,47.7,47.7,35.1,47.6,47.7,47.7,47.6,47.6,47.6,47.6,47.6,47.6,35.3,47.7,47.6,47.6,47.6,47.7,47.6,47.6,47.7,47.6,35.1,47.7,47.6,47.6,47.7,47.6,47.7,35.5,35.3
0.000139,35.5,47.5,47.6,47.7,47.6,47.7,47.6,47.7,47.6,47.6,47.7,35.3,47.7,47.7,47.6,47.7,47.7,47.7,47.7,47.7,47.5,35.4,47.6,47.7,47.7,47.7,47.7,47.7,47.6,47.6,47.7,35.6,47.6,47.7,47.6,47.6,47.7,47.7,47.6,47.7,47.7,35.6,47.6,47.7,47.7,47.6,47.7,47.6,47.7,47.6,47.7,35.4,47.7,47.6,47.6,47.7,47.7,47.6,47.7,47.7,47.6,35.1,47.7,47.7,47.6,47.7,47.6,47.7,47.7,47.6,47.7,35,47.7,47.6,47.6,47.7,47.6,47.6,47.6,47.6,47.6,35.3,47.6,47.6,47.6,47.6,47.7,47.6,47.7,47.6,47.7,35,47.7,47.7,47.6,47.7,47.6,47.5,35.5,35.2
0.00014,35.6,47.6,47.6,47.6,47.6,47.7,47.6,47.7,47.7,47.7,47.7,35.4,47.7,47.7,47.7,47.7,47.6,47.6,47.7,47.6,47.7,35.6,47.7,47.6,47.6,47.7,47.7,47.7,47.6,47.6,47.7,35.6,47.7,47.7,47.6,47.7,47.7,47.7,47.7,47.7,47.7,35.7,47.6,47.6,47.6,47.7,47.6,47.7,47.5,47.6,47.6,35.5,47.7,47.7,47.6,47.7,47.7,47.7,47.7,47.7,47.7,35.1,47.7,47.7,47.7,47.7,47.6,47.6,47.7,47.6,47.7,35,47.7,47.6,47.7,47.6,47.6,47.7,47.6,47.7,47.7,35.3,47.7,47.6,47.6,47.6,47.6,47.7,47.6,47.7,47.7,35.2,47.7,47.7,47.6,47.6,47.7,47.6,35.3,35.3
0.00014,35.5,47.7,47.7,47.7,47.7,47.6,47.6,47.7,47.7,47.7,47.6,35.6,47.7,47.6,47.6,47.6,47.7,47.7,47.6,47.7,47.7,35.7,47.6,47.7,47.6,47.6,47.7,47.7,47.6,47.7,47.6,35.5,47.6,47.6,47.7,47.6,47.7,47.7,47.7,47.6,47.7,35.8,47.7,47.6,47.6,47.6,47.6,47.7,47.7,47.6,47.7,35.6,47.6,47.6,47.7,47.7,47.7,47.7,47.7,47.7,47.7,35.1,47.6,47.7,47.7,47.6,47.7,47.7,47.6,47.7,47.7,35.2,47.6,47.7,47.7,47.7,47.6,47.6,47.6,47.7,47.7,35.2,47.6,47.6,47.7,47.6,47.7,47.6,47.6,47.7,47.6,35.3,47.7,47.7,47.6,47.7,47.7,47.7,35.3,35.3
0.00014,35.5,47.6,47.7,47.6,47.5,47.7,47.6,47.7,47.7,47.7,47.7,35.6,47.7,47.6,47.7,47.6,47.7,47.6,47.6,47.7,47.7,35.7,47.7,47.6,47.6,47.6,47.7,47.7,47.7,47.7,47.7,35.4,47.7,47.6,47.7,47.7,47.7,47.6,47.7,47.7,47.6,35.8,47.7,47.7,47.7,47.6,47.6,47.7,47.7,47.6,47.7,35.5,47.6,47.7,47.7,47.7,47.6,47.6,47.7,47.7,47.6,35.3,47.6,47.7,47.7,47.6,47.7,47.6,47.6,47.7,47.7,35.2,47.7,47.6,47.5,47.6,47.6,47.6,47.7,47.7,47.7,35.3,47.6,47.7,47.6,47.6,47.7,47.6,47.6,47.7,47.6,35.5,47.7,47.6,47.7,47.6,47.6,47.6,35.2,35.2
0.00014,35.5,47.6,47.7,47.7,47.6,47.6,47.7,47.7,47.7,47.7,47.7,35.7,47.7,47.7,47.7,47.7,47.6,47.6,47.7,47.7,47.7,35.9,47.7,47.6,47.7,47.7,47.7,47.7,47.7,47.6,47.7,35.4,47.7,47.6,47.7,47.6,47.7,47.6,47.6,47.6,47.7,35.8,47.6,47.6,47.6,47.6,47.7,47.7,47.6,47.5,47.7,35.6,47.7,47.7,47.7,47.7,47.7,47.6,47.6,47.6,47.7,35.3,47.6,47.7,47.7,47.7,47.6,47.6,47.7,47.6,47.6,35.1,47.6,47.6,47.6,47.7,47.6,47.7,47.7,47.6,47.6,35.2,47.6,47.7,47.6,47.7,47.6,47.7,47.7,47.6,47.6,35.5,47.7,47.7,47.6,47.6,47.6,47.7,35.1,35.2
0.00014,35.5,47.7,47.7,47.7,47.7,47.7,47.7,47.7,47.7,47.6,47.7,35.9,47.7,47.7,47.7,47.7,47.6,47.7,47.7,47.7,47.7,35.8,47.6,47.7,47.7,47.7,47.7,47.7,47.6,47.7,47.6,35.4,47.7,47.6,47.7,47.7,47.7,47.7,47.7,47.6,47.7,35.9,47.6,47.7,47.7,47.6,47.6,47.6,47.6,47.7,47.7,35.6,47.7,47.6,47.7,47.6,47.6,47.7,47.7,47.7,47.7,35.6,47.7,47.6,47.7,47.7,47.7,47.6,47.7,47.7,47.7,35,47.7,47.7,47.7,47.7,47.7,47.7,47.7,47.6,47.7,35.2,47.7,47.6,47.6,47.6,47.6,47.7,47.7,47.7,47.7,35.8,47.6,47.7,47.6,47.7,47.7,47.7,35.2,35.4
0.000141,35.5,47.6,47.7,47.6,47.7,47.7,47.6,47.7,47.6,47.6,47.7,35.9,47.7,47.7,47.7,47.6,47.7,47.7,47.6,47.7,47.6,35.9,47.6,47.6,47.6,47.6,47.7,47.6,47.6,47.7,47.7,35.4,47.7,47.6,47.7,47.6,47.6,47.6,47.6,47.6,47.6,35.9,47.6,47.7,47.6,47.7,47.6,47.6,47.7,47.6,47.6,35.7,47.6,47.7,47.7,47.6,47.7,47.7,47.6,47.7,47.7,35.6,47.6,47.6,47.7,47.6,47.7,47.6,47.7,47.6,47.6,35,47.7,47.6,47.6,47.7,47.6,47.6,47.6,47.7,47.7,35.1,47.7,47.7,47.6,47.7,47.7,47.6,47.7,47.6,47.7,35.9,47.7,47.7,47.7,47.5,47.6,47.6,35.3,35.5
0.000141,35.5,47.7,47.6,47.6,47.7,47.7,47.7,47.6,47.6,47.6,47.7,35.8,47.7,47.6,47.6,47.7,47.7,47.7,47.6,47.7,47.7,35.9,47.6,47.7,47.6,47.7,47.7,47.6,47.7,47.7,47.6,35.5,47.7,47.7,47.7,47.6,47.7,47.7,47.7,47.7,47.7,35.8,47.6,47.6,47.6,47.7,47.6,47.7,47.7,47.6,47.6,35.7,47.6,47.7,47.7,47.7,47.6,47.7,47.6,47.7,47.7,35.6,47.6,47.6,47.6,47.6,47.7,47.7,47.7,47.7,47.7,34.7,47.7,47.6,47.6,47.6,47.7,47.7,47.5,47.6,47.6,35.1,47.7,47.7,47.6,47.7,47.7,47.7,47.5,47.7,47.7,35.7,47.6,47.6,47.6,47.6,47.6,47.6,35.3,35.6
0.000141,35.5,47.6,47.6,47.7,47.6,47.6,47.7,47.7,47.7,47.6,47.7,35.8,47.7,47.7,47.7,47.5,47.7,47.7,47.6,47.7,47.7,35.9,47.6,47.7,47.7,47.6,47.7,47.6,47.6,47.7,47.6,35.6,47.7,47.7,47.7,47.6,47.7,47.6,47.6,47.6,47.6,35.3,47.7,47.7,47.6,47.6,47.6,47.6,47.6,47.6,47.7,35.7,47.7,47.7,47.6,47.6,47.7,47.6,47.6,47.7,47.7,35.6,47.6,47.7,47.6,47.7,47.6,47.6,47.6,47.7,47.6,34.7,47.6,47.6,47.6,47.7,47.7,47.6,47.7,47.6,47.7,35.1,47.6,47.6,47.6,47.7,47.6,47.7,47.7,47.6,47.7,35.5,47.7,47.7,47.7,47.7,47.6,47.7,35.3,35.5
0.000141,35.5,47.7,47.6,47.6,47.7,47.7,47.6,47.6,47.7,47.7,47.7,35.7,47.7,47.7,47.6,47.7,47.6,47.7,47.6,47.7,47.7,35.8,47.5,47.7,47.6,47.6,47.7,47.6,47.6,47.6,47.7,35.6,47.7,47.6,47.7,47.6,47.7,47.7,47.7,47.6,47.7,35.3,47.7,47.7,47.7,47.6,47.7,47.7,47.6,47.7,47.6,35.7,47.7,47.7,47.7,47.7,47.6,47.6,47.7,47.6,47.7,35.6,47.7,47.6,47.6,47.6,47.7,47.6,47.7,47.6,47.6,34.7,47.7,47.7,47.6,47.7,47.6,47.7,47.7,47.6,47.7,35.2,47.6,47.6,47.6,47.6,47.7,47.6,47.7,47.7,47.6,35.4,47.6,47.6,47.6,47.7,47.7,47.7,35.2,35.6
0.000141,35.5,47.7,47.6,47.6,47.7,47.6,47.7,47.7,47.7,47.7,47.7,35.6,47.6,47.7,47.7,47.7,47.7,47.7,47.6,47.6,47.6,35.7,47.7,47.7,47.7,47.6,47.7,47.7,47.7,47.6,47.6,35.7,47.7,47.7,47.6,47.7,47.6,47.7,47.6,47.6,47.7,35.3,47.7,47.7,47.6,47.6,47.7,47.6,47.6,47.7,47.7,35.6,47.6,47.6,47.7,47.6,47.6,47.7,47.7,47.6,47.7,35.5,47.6,47.6,47.7,47.6,47.6,47.7,47.7,47.7,47.7,34.9,47.6,47.6,47.6,47.7,47.7,47.6,47.7,47.7,47.6,35.2,47.6,47.7,47.6,47.6,47.6,47.6,47.7,47.7,47.6,35.3,47.5,47.6,47.6,47.7,47.7,47.7,35.1,35.6
0.000142,35.7,47.7,47.6,47.6,47.7,47.7,47.6,47.7,47.7,47.7,47.6,35.3,47.6,47.7,47.6,47.7,47.5,47.7,47.7,47.6,47.7,35.7,47.7,47.7,47.6,47.7,47.6,47.7,47.6,47.7,47.6,35.6,47.7,47.6,47.7,47.7,47.6,47.7,47.7,47.6,47.6,35.3,47.7,47.7,47.7,47.6,47.7,47.7,47.6,47.6,47.7,35.6,47.7,47.6,47.7,47.6,47.7,47.7,47.7,47.6,47.7,35.5,47.7,47.7,47.6,47.7,47.7,47.6,47.6,47.6,47.6,35,47.6,47.6,47.6,47.6,47.6,47.6,47.7,47.7,47.7,35.2,47.7,47.6,47.7,47.7,47.7,47.6,47.6,47.6,47.7,35.3,47.6,47.7,47.6,47.6,47.6,47.6,35,35.7
0.000142,35.6,47.7,47.6,47.7,47.6,47.7,47.7,47.7,47.5,47.7,47.6,35.3,47.7,47.7,47.6,47.7,47.7,47.7,47.7,47.7,47.7,35.7,47.7,47.7,47.7,47.7,47.7,47.7,47.7,47.6,47.7,35.6,47.7,47.6,47.6,47.6,47.6,47.7,47.7,47.7,47.7,35.4,47.6,47.7,47.7,47.7,47.7,47.6,47.5,47.7,47.7,35.6,47.6,47.6,47.7,47.6,47.6,47.6,47.6,47.7,47.6,35.4,47.7,47.7,47.7,47.6,47.7,47.7,47.6,47.7,47.7,35.3,47.7,47.7,47.6,47.7,47.7,47.7,47.7,47.6,47.7,35.1,47.7,47.7,47.6,47.6,47.7,47.7,47.7,47.6,47.6,35.3,47.7,47.6,47.7,47.7,47.7,47.7,35,35.6
0.000142,35.5,47.6,47.6,47.7,47.7,47.7,47.7,47.6,47.7,47.6,47.7,35.3,47.7,47.7,47.6,47.7,47.7,47.6,47.6,47.7,47.7,35.7,47.7,47.5,47.7,47.7,47.7,47.7,47.7,47.7,47.7,35.6,47.6,47.6,47.7,47.6,47.7,47.7,47.7,47.6,47.7,35.6,47.6,47.6,47.7,47.7,47.7,47.6,47.7,47.7,47.7,35.4,47.6,47.7,47.6,47.7,47.7,47.6,47.7,47.7,47.7,35.3,47.7,47.7,47.7,47.6,47.7,47.7,47.7,47.7,47.7,35.4,47.7,47.6,47.6,47.6,47.6,47.6,47.6,47.7,47.7,35.3,47.6,47.6,47.7,47.6,47.7,47.6,47.6,47.5,47.6,35.4,47.6,47.6,47.7,47.7,47.6,47.7,35,35.5
0.000142,35.5,47.6,47.6,47.6,47.7,47.6,47.7,47.7,47.7,47.6,47.6,35.3,47.7,47.6,47.7,47.6,47.6,47.5,47.7,47.7,47.7,35.7,47.7,47.7,47.6,47.7,47.6,47.7,47.7,47.6,47.7,35.4,47.7,47.6,47.7,47.7,47.7,47.7,47.7,47.6,47.7,35.5,47.6,47.7,47.6,47.6,47.6,47.7,47.6,47.6,47.7,35.4,47.6,47.7,47.7,47.6,47.6,47.6,47.7,47.7,47.7,35.4,47.7,47.7,47.6,47.7,47.7,47.7,47.6,47.7,47.6,35.5,47.7,47.7,47.7,47.7,47.6,47.7,47.7,47.6,47.7,35.3,47.7,47.7,47.7,47.7,47.7,47.7,47.6,47.7,47.7,35.5,47.7,47.6,47.6,47.7,47.7,47.7,35.3,35.5
0.000142,35.5,47.6,47.6,47.7,47.7,47.6,47.6,47.7,47.7,47.7,47.7,35.5,47.7,47.7,47.7,47.7,47.6,47.6,47.7,47.7,47.7,35.7,47.6,47.6,47.7,47.6,47.7,47.7,47.7,47.7,47.7,35.5,47.6,47.7,47.6,47.6,47.7,47.7,47.6,47.6,47.6,35.3,47.6,47.7,47.7,47.7,47.7,47.7,47.7,47.6,47.7,35.3,47.6,47.5,47.6,47.6,47.6,47.6,47.7,47.6,47.7,35.3,47.6,47.7,47.6,47.6,47.7,47.7,47.6,47.7,47.7,35.6,47.6,47.6,47.7,47.7,47.7,47.7,47.6,47.6,47.6,35.1,47.7,47.6,47.6,47.6,47.7,47.6,47.7,47.7,47.6,35.7,47.7,47.7,47.7,47.6,47.7,47.6,35.3,35.5
0.000143,35.5,47.6,47.6,47.7,47.7,47.6,47.7,47.6,47.7,47.6,47.6,35.5,47.7,47.7,47.7,47.6,47.6,47.7,47.6,47.7,47.7,35.7,47.7,47.7,47.6,47.7,47.6,47.7,47.6,47.5,47.7,35.6,47.7,47.6,47.6,47.7,47.6,47.7,47.7,47.6,47.7,35.4,47.7,47.6,47.7,47.6,47.7,47.7,47.6,47.6,47.7,35.4,47.7,47.6,47.7,47.7,47.7,47.7,47.6,47.6,47.6,35.4,47.6,47.7,47.6,47.7,47.6,47.6,47.7,47.7,47.6,35.6,47.7,47.7,47.6,47.7,47.7,47.7,47.7,47.6,47.6,35.1,47.6,47.6,47.7,47.6,47.6,47.6,47.6,47.6,47.6,35.7,47.7,47.7,47.6,47.6,47.7,47.6,35.6,35.3
0.000143,35.6,47.7,47.6,47.7,47.7,47.7,47.7,47.6,47.7,47.6,47.7,35.6,47.7,47.7,47.7,47.7,47.7,47.6,47.7,47.6,47.6,35.6,47.6,47.6,47.6,47.6,47.7,47.7,47.6,47.7,47.6,35.5,47.7,47.5,47.7,47.7,47.5,47.6,47.7,47.6,47.6,35.4,47.6,47.6,47.6,47.6,47.7,47.6,47.6,47.7,47.7,35.4,47.6,47.7,47.7,47.6,47.7,47.7,47.7,47.7,47.6,35.3,47.6,47.6,47.7,47.7,47.7,47.6,47.7,47.7,47.6,35.5,47.6,47.6,47.6,47.5,47.7,47.6,47.7,47.6,47.6,35.2,47.7,47.6,47.7,47.6,47.7,47.7,47.7,47.7,47.6,35.7,47.6,47.6,47.6,47.6,47.7,47.6,35.6,35.5
0.000143,35.5,47.6,47.6,47.7,47.7,47.6,47.6,47.7,47.6,47.5,47.7,35.7,47.6,47.5,47.6,47.6,47.6,47.7,47.6,47.7,47.7,35.9,47.7,47.6,47.6,47.7,47.6,47.6,47.7,47.6,47.6,35.6,47.7,47.7,47.7,47.7,47.6,47.6,47.7,47.6,47.7,35.3,47.7,47.7,47.6,47.7,47.7,47.6,47.7,47.7,47.6,35.4,47.7,47.6,47.7,47.7,47.7,47.6,47.7,47.7,47.6,35.3,47.7,47.6,47.7,47.6,47.7,47.7,47.7,47.6,47.7,35.3,47.5,47.7,47.6,47.7,47.6,47.6,47.7,47.6,47.6,35.2,47.7,47.7,47.6,47.7,47.6,47.7,47.6,47.7,47.6,35.7,47.6,47.7,47.7,47.7,47.7,47.6,35.7,35.4
0.000143,35.7,47.7,47.6,47.7,47.6,47.6,47.6,47.7,47.6,47.7,47.7,35.7,47.6,47.6,47.6,47.7,47.6,47.7,47.6,47.7,47.6,35.7,47.7,47.6,47.6,47.7,47.7,47.5,47.7,47.6,47.7,35.6,47.6,47.6,47.7,47.7,47.7,47.6,47.7,47.6,47.7,35.3,47.7,47.7,47.6,47.6,47.6,47.6,47.6,47.7,47.6,35.6,47.6,47.7,47.7,47.6,47.7,47.6,47.7,47.6,47.6,35.4,47.7,47.6,47.6,47.6,47.6,47.5,47.7,47.7,47.6,35.2,47.6,47.6,47.7,47.7,47.5,47.6,47.7,47.7,47.6,35.1,47.6,47.7,47.7,47.7,47.7,47.7,47.7,47.7,47.6,35.6,47.6,47.7,47.7,47.6,47.7,47.6,35.6,35.5
0.000143,35.7,47.6,47.6,47.6,47.6,47.6,47.6,47.6,47.7,47.7,47.7,35.5,47.6,47.7,47.7,47.7,47.7,47.7,47.7,47.7,47.7,35.8,47.7,47.6,47.6,47.7,47.7,47.6,47.7,47.6,47.7,35.6,47.7,47.6,47.6,47.7,47.7,47.6,47.6,47.6,47.7,35.3,47.6,47.7,47.6,47.6,47.7,47.7,47.7,47.7,47.7,35.7,47.7,47.6,47.7,47.6,47.7,47.7,47.6,47.7,47.7,35.4,47.6,47.6,47.7,47.6,47.7,47.6,47.6,47.6,47.5,35,47.7,47.6,47.6,47.6,47.7,47.7,47.6,47.7,47.7,35.2,47.7,47.6,47.6,47.6,47.6,47.6,47.7,47.7,47.6,35.5,47.7,47.6,47.6,47.6,47.6,47.6,35.5,35.5
0.000144,35.7,47.7,47.7,47.7,47.7,47.6,47.6,47.5,47.7,47.6,47.6,35.6,47.6,47.7,47.6,47.6,47.7,47.7,47.6,47.7,47.7,35.8,47.6,47.7,47.6,47.6,47.6,47.7,47.7,47.6,47.7,35.5,47.7,47.5,47.7,47.6,47.6,47.7,47.7,47.7,47.7,35.4,47.7,47.7,47.7,47.7,47.7,47.6,47.7,47.6,47.6,35.7,47.6,47.7,47.7,47.7,47.7,47.7,47.7,47.7,47.6,35.5,47.6,47.7,47.7,47.6,47.6,47.7,47.7,47.7,47.7,34.9,47.7,47.7,47.6,47.7,47.6,47.7,47.7,47.6,47.6,35.2,47.6,47.7,47.7,47.7,47.7,47.6,47.7,47.7,47.7,35.5,47.7,47.7,47.6,47.6,47.6,47.7,35.5,35.5
0.000144,35.8,47.7,47.6,47.6,47.6,47.6,47.6,47.7,47.7,47.7,47.7,35.4,47.6,47.7,47.6,47.6,47.7,47.6,47.7,47.6,47.7,35.9,47.7,47.6,47.7,47.7,47.7,47.6,47.7,47.6,47.6,35.6,47.6,47.7,47.7,47.5,47.7,47.6,47.6,47.6,47.6,35.5,47.7,47.7,47.7,47.7,47.7,47.6,47.7,47.6,47.7,35.8,47.7,47.6,47.7,47.7,47.7,47.7,47.5,47.7,47.7,35.4,47.6,47.7,47.6,47.7,47.6,47.7,47.6,47.6,47.6,34.7,47.6,47.7,47.7,47.6,47.7,47.6,47.6,47.6,47.7,35.1,47.6,47.7,47.7,47.7,47.7,47.6,47.7,47.7,47.6,35.6,47.6,47.7,47.7,47.7,47.7,47.6,35.3,35.4
0.000144,35.7,47.7,47.6,47.6,47.6,47.6,47.7,47.7,47.6,47.7,47.6,35.5,47.6,47.6,47.7,47.7,47.7,47.7,47.7,47.7,47.7,35.8,47.6,47.7,47.6,47.7,47.6,47.7,47.6,47.7,47.6,35.6,47.6,47.6,47.6,47.7,47.6,47.6,47.6,47.6,47.7,35.6,47.7,47.6,47.6,47.7,47.7,47.7,47.7,47.5,47.6,35.7,47.6,47.6,47.7,47.5,47.7,47.6,47.6,47.7,47.7,35.5,47.6,47.6,47.7,47.7,47.6,47.7,47.6,47.7,47.7,35,47.6,47.6,47.6,47.6,47.6,47.7,47.7,47.7,47.6,35.2,47.7,47.6,47.6,47.6,47.6,47.6,47.6,47.7,47.6,35.4,47.5,47.6,47.6,47.6,47.7,47.6,35.3,35.4
0.000144,35.6,47.7,47.7,47.7,47.6,47.6,47.7,47.6,47.7,47.7,47.6,35.4,47.7,47.7,47.7,47.6,47.7,47.6,47.6,47.7,47.6,35.7,47.6,47.6,47.6,47.6,47.6,47.6,47.7,47.7,47.7,35.5,47.6,47.7,47.6,47.6,47.6,47.7,47.6,47.6,47.7,35.5,47.7,47.7,47.6,47.7,47.6,47.6,47.7,47.7,47.6,35.7,47.7,47.6,47.6,47.7,47.7,47.6,47.6,47.7,47.7,35.4,47.7,47.6,47.6,47.6,47.7,47.7,47.7,47.6,47.6,35.2,47.7,47.6,47.6,47.6,47.7,47.7,47.7,47.6,47.7,35.3,47.6,47.6,47.7,47.6,47.6,47.7,47.7,47.6,47.7,35.4,47.6,47.7,47.6,47.7,47.6,47.6,35.3,35.6
0.000144,35.5,47.7,47.7,47.7,47.6,47.7,47.7,47.7,47.7,47.6,47.6,35.4,47.6,47.7,47.7,47.7,47.7,47.6,47.7,47.7,47.7,35.7,47.6,47.6,47.7,47.6,47.6,47.6,47.6,47.7,47.6,35.5,47.7,47.6,47.7,47.7,47.6,47.7,47.7,47.7,47.7,35.5,47.6,47.7,47.7,47.6,47.6,47.7,47.7,47.6,47.7,35.6,47.6,47.7,47.7,47.7,47.6,47.6,47.7,47.7,47.7,35.4,47.7,47.7,47.6,47.7,47.7,47.7,47.6,47.6,47.6,35.3,47.6,47.7,47.7,47.7,47.6,47.7,47.6,47.6,47.5,35.2,47.7,47.6,47.7,47.6,47.6,47.6,47.6,47.7,47.7,35.4,47.6,47.7,47.7,47.7,47.5,47.7,35.3,35.5
0.000145,35.4,47.7,47.7,47.6,47.6,47.7,47.6,47.6,47.6,47.6,47.7,35.5,47.7,47.7,47.6,47.7,47.7,47.7,47.7,47.7,47.7,35.6,47.7,47.6,47.7,47.5,47.6,47.7,47.7,47.7,47.7,35.5,47.7,47.6,47.6,47.7,47.7,47.6,47.6,47.6,47.6,35.4,47.7,47.7,47.6,47.7,47.7,47.7,47.7,47.7,47.7,35.5,47.6,47.6,47.7,47.6,47.7,47.6,47.7,47.6,47.7,35.4,47.7,47.7,47.6,47.7,47.6,47.7,47.6,47.6,47.6,35.6,47.7,47.6,47.6,47.7,47.7,47.6,47.7,47.6,47.7,35.4,47.6,47.6,47.7,47.6,47.7,47.6,47.6,47.6,47.7,35.4,47.6,47.6,47.7,47.7,47.6,47.7,35.3,35.3
0.000145,35.2,47.7,47.6,47.6,47.6,47.7,47.6,47.6,47.7,47.6,47.7,35.5,47.7,47.6,47.7,47.6,47.7,47.7,47.7,47.6,47.7,35.5,47.7,47.6,47.5,47.7,47.7,47.6,47.7,47.6,47.6,35.6,47.6,47.6,47.7,47.7,47.7,47.6,47.7,47.6,47.6,35.6,47.6,47.7,47.5,47.7,47.7,47.6,47.5,47.6,47.7,35.4,47.6,47.7,47.6,47.6,47.7,47.6,47.7,47.6,47.7,35.3,47.6,47.7,47.6,47.6,47.6,47.7,47.6,47.6,47.7,35.6,47.6,47.6,47.6,47.6,47.6,47.6,47.7,47.6,47.6,35.1,47.7,47.6,47.7,47.6,47.7,47.7,47.6,47.7,47.7,35.5,47.6,47.6,47.6,47.7,47.5,47.7,35.3,35.4
0.000145,35.2,47.7,47.6,47.6,47.7,47.7,47.7,47.6,47.7,47.6,47.7,35.5,47.7,47.7,47.6,47.6,47.7,47.6,47.7,47.7,47.7,35.6,47.7,47.6,47.6,47.7,47.6,47.6,47.7,47.7,47.7,35.6,47.7,47.7,47.6,47.7,47.5,47.7,47.7,47.6,47.7,35.5,47.6,47.6,47.7,47.7,47.7,47.7,47.6,47.7,47.7,35.4,47.7,47.7,47.6,47.7,47.7,47.6,47.6,47.7,47.6,35.3,47.6,47.6,47.7,47.6,47.7,47.6,47.7,47.7,47.6,35.6,47.6,47.7,47.7,47.7,47.7,47.7,47.6,47.6,47.7,35.1,47.7,47.7,47.7,47.6,47.7,47.6,47.5,47.6,47.7,35.4,47.7,47.7,47.7,47.6,47.7,47.6,35.3,35.5
0.000145,35.2,47.6,47.7,47.6,47.7,47.7,47.7,47.7,47.6,47.5,47.7,35.6,47.6,47.6,47.7,47.6,47.6,47.6,47.6,47.7,47.6,35.5,47.6,47.6,47.7,47.6,47.5,47.7,47.7,47.6,47.6,35.6,47.6,47.6,47.7,47.7,47.6,47.7,47.7,47.6,47.6,35.4,47.7,47.6,47.7,47.7,47.7,47.6,47.7,47.6,47.7,35.4,47.6,47.7,47.6,47.7,47.6,47.6,47.7,47.6,47.6,35.4,47.7,47.7,47.7,47.7,47.6,47.6,47.7,47.7,47.6,35.4,47.6,47.7,47.7,47.6,47.5,47.7,47.6,47.7,47.7,35.2,47.6,47.7,47.7,47.7,47.6,47.6,47.7,47.6,47.7,35.3,47.7,47.6,47.6,47.7,47.7,47.7,35.3,35.5
0.000145,35.3,47.6,47.7,47.6,47.7,47.6,47.6,47.7,47.6,47.6,47.6,35.5,47.6,47.7,47.7,47.7,47.7,47.7,47.7,47.6,47.7,35.7,47.7,47.6,47.6,47.7,47.7,47.7,47.6,47.7,47.6,35.6,47.6,47.6,47.7,47.6,47.6,47.7,47.7,47.6,47.6,35.5,47.6,47.7,47.6,47.7,47.6,47.7,47.7,47.6,47.7,35.4,47.7,47.7,47.6,47.6,47.6,47.6,47.7,47.6,47.6,35.4,47.6,47.7,47.7,47.7,47.6,47.5,47.6,47.7,47.7,35.2,47.6,47.7,47.7,47.7,47.7,47.6,47.6,47.6,47.7,35.1,47.7,47.6,47.6,47.7,47.6,47.6,47.7,47.6,47.6,35.4,47.7,47.7,47.6,47.7,47.7,47.7,35.3,35.5
0.000146,35.4,47.6,47.5,47.6,47.6,47.4,47.7,47.6,47.7,47.6,47.7,35.5,47.7,47.6,47.6,47.6,47.7,47.7,47.6,47.7,47.7,35.7,47.7,47.6,47.6,47.6,47.7,47.5,47.5,47.7,47.6,35.6,47.7,47.7,47.7,47.7,47.7,47.7,47.7,47.7,47.6,35.5,47.6,47.7,47.7,47.6,47.6,47.7,47.7,47.6,47.7,35.5,47.6,47.7,47.6,47.6,47.6,47.6,47.6,47.7,47.6,35.4,47.6,47.7,47.7,47.6,47.7,47.7,47.7,47.7,47.7,34.8,47.7,47.6,47.7,47.6,47.5,47.6,47.7,47.7,47.7,35.1,47.5,47.7,47.5,47.5,47.7,47.6,47.7,47.7,47.7,35.3,47.6,47.7,47.7,47.7,47.5,47.7,35.1,35.5
0.000146,35.7,47.7,47.6,47.6,47.6,47.7,47.6,47.7,47.6,47.7,47.7,35.5,47.6,47.7,47.7,47.7,47.6,47.7,47.7,47.6,47.6,35.7,47.6,47.7,47.6,47.6,47.7,47.6,47.5,47.6,47.6,35.5,47.6,47.6,47.7,47.7,47.7,47.7,47.6,47.6,47.7,35.6,47.6,47.6,47.7,47.7,47.7,47.7,47.7,47.6,47.7,35.5,47.7,47.7,47.6,47.7,47.7,47.6,47.7,47.7,47.7,35.4,47.7,47.7,47.7,47.7,47.7,47.6,47.5,47.6,47.6,34.7,47.6,47.7,47.7,47.6,47.7,47.7,47.7,47.6,47.6,35.1,47.7,47.6,47.7,47.7,47.6,47.6,47.6,47.7,47.7,35.5,47.6,47.7,47.6,47.6,47.6,47.7,35.2,35.5
0.000146,35.8,47.7,47.6,47.7,47.7,47.7,47.6,47.6,47.6,47.5,47.6,35.5,47.6,47.6,47.6,47.7,47.6,47.6,47.7,47.7,47.7,35.5,47.6,47.6,47.7,47.7,47.6,47.7,47.7,47.7,47.6,35.3,47.6,47.7,47.6,47.6,47.7,47.7,47.6,47.6,47.6,35.6,47.6,47.7,47.6,47.7,47.7,47.7,47.7,47.7,47.7,35.5,47.6,47.7,47.6,47.7,47.7,47.7,47.7,47.7,47.6,35.4,47.6,47.7,47.7,47.7,47.6,47.6,47.6,47.7,47.6,34.7,47.6,47.6,47.6,47.6,47.7,47.6,47.6,47.6,47.7,35.1,47.7,47.5,47.5,47.6,47.7,47.7,47.6,47.6,47.7,35.4,47.6,47.6,47.7,47.7,47.6,47.6,35.2,35.6
0.000146,35.8,47.6,47.6,47.7,47.7,47.6,47.7,47.7,47.6,47.6,47.6,35.5,47.7,47.6,47.6,47.7,47.7,47.7,47.6,47.7,47.6,35.7,47.6,47.6,47.7,47.7,47.7,47.7,47.6,47.6,47.6,35.6,47.7,47.6,47.6,47.6,47.7,47.6,47.7,47.5,47.6,35.7,47.7,47.7,47.6,47.7,47.7,47.7,47.6,47.7,47.7,35.5,47.6,47.6,47.6,47.6,47.6,47.7,47.7,47.6,47.7,35.5,47.5,47.6,47.6,47.6,47.6,47.6,47.7,47.7,47.7,34.7,47.7,47.6,47.7,47.6,47.6,47.6,47.6,47.5,47.7,35.1,47.7,47.6,47.4,47.7,47.6,47.6,47.7,47.7,47.7,35.6,47.6,47.7,47.6,47.6,47.6,47.6,35.3,35.5
0.000146,35.7,47.6,47.7,47.5,47.7,47.6,47.7,47.6,47.5,47.7,47.7,35.6,47.6,47.7,47.6,47.6,47.6,47.6,47.7,47.7,47.6,35.4,47.6,47.6,47.6,47.7,47.6,47.6,47.7,47.6,47.6,35.5,47.6,47.7,47.6,47.6,47.6,47.7,47.7,47.6,47.7,35.6,47.7,47.7,47.6,47.6,47.7,47.6,47.6,47.7,47.6,35.5,47.6,47.7,47.6,47.7,47.6,47.7,47.6,47.6,47.7,35.5,47.6,47.6,47.6,47.7,47.6,47.4,47.6,47.6,47.7,35,47.5,47.6,47.6,47.6,47.6,47.6,47.7,47.6,47.6,35.3,47.7,47.7,47.7,47.7,47.6,47.6,47.6,47.6,47.6,35.6,47.6,47.6,47.6,47.6,47.7,47.6,35.3,35.5
0.000147,35.6,47.6,47.6,47.5,47.6,47.6,47.7,47.7,47.6,47.7,47.7,35.6,47.6,47.7,47.7,47.7,47.6,47.6,47.6,47.6,47.7,35.4,47.7,47.7,47.6,47.6,47.6,47.7,47.7,47.7,47.7,35.6,47.6,47.5,47.6,47.6,47.6,47.7,47.7,47.6,47.6,35.6,47.7,47.6,47.7,47.6,47.6,47.7,47.6,47.6,47.6,35.6,47.6,47.6,47.6,47.7,47.7,47.7,47.7,47.6,47.7,35.3,47.7,47.5,47.6,47.6,47.7,47.6,47.7,47.6,47.7,35.1,47.6,47.7,47.7,47.6,47.7,47.7,47.6,47.7,47.7,35.2,47.7,47.7,47.6,47.5,47.7,47.7,47.6,47.7,47.7,35.6,47.6,47.6,47.6,47.6,47.6,47.7,35.4,35.5
0.000147,35.5,47.7,47.7,47.6,47.6,47.7,47.7,47.7,47.7,47.7,47.6,35.6,47.6,47.7,47.7,47.7,47.7,47.6,47.6,47.7,47.6,35.7,47.6,47.7,47.7,47.7,47.7,47.7,47.6,47.6,47.7,35.6,47.7,47.6,47.7,47.6,47.6,47.7,47.7,47.6,47.7,35.6,47.6,47.6,47.6,47.6,47.6,47.6,47.7,47.6,47.6,35.5,47.6,47.7,47.6,47.6,47.7,47.7,47.7,47.6,47.7,35.3,47.5,47.6,47.6,47.6,47.7,47.7,47.7,47.6,47.7,35.4,47.6,47.6,47.7,47.6,47.7,47.6,47.6,47.7,47.6,35.3,47.6,47.6,47.7,47.7,47.7,47.6,47.6,47.7,47.6,35.7,47.7,47.7,47.6,47.7,47.7,47.6,35.5,35.3
0.000147,35.4,47.6,47.7,47.7,47.6,47.7,47.6,47.6,47.7,47.7,47.6,35.5,47.7,47.6,47.6,47.6,47.7,47.7,47.6,47.7,47.6,35.7,47.6,47.7,47.7,47.6,47.6,47.7,47.6,47.6,47.6,35.6,47.7,47.6,47.6,47.6,47.7,47.6,47.7,47.7,47.6,35.6,47.7,47.7,47.6,47.6,47.6,47.7,47.6,47.7,47.7,35.5,47.5,47.6,47.7,47.7,47.7,47.5,47.6,47.7,47.6,35.3,47.7,47.7,47.7,47.6,47.6,47.7,47.7,47.7,47.6,35.4,47.6,47.6,47.6,47.5,47.7,47.7,47.7,47.7,47.6,35.3,47.6,47.6,47.7,47.7,47.7,47.7,47.6,47.6,47.7,35.7,47.7,47.5,47.7,47.7,47.6,47.6,35.5,35.4
0.000147,35.3,47.7,47.6,47.6,47.6,47.7,47.7,47.7,47.6,47.7,47.7,35.4,47.6,47.7,47.7,47.6,47.6,47.7,47.7,47.7,47.7,35.8,47.6,47.7,47.7,47.6,47.6,47.7,47.6,47.7,47.7,35.5,47.7,47.7,47.6,47.7,47.7,47.7,47.6,47.7,47.6,35.4,47.6,47.7,47.6,47.6,47.6,47.5,47.6,47.6,47.7,35.5,47.6,47.6,47.7,47.7,47.7,47.6,47.7,47.7,47.7,35.3,47.7,47.6,47.6,47.7,47.7,47.6,47.6,47.7,47.7,35.4,47.7,47.7,47.7,47.6,47.7,47.6,47.6,47.7,47.7,35.1,47.7,47.6,47.7,47.6,47.7,47.6,47.6,47.6,47.6,35.6,47.7,47.7,47.6,47.7,47.7,47.6,35.4,35.4
0.000147,35.4,47.6,47.6,47.6,47.6,47.5,47.7,47.6,47.7,47.6,47.7,35.4,47.7,47.7,47.6,47.6,47.6,47.6,47.7,47.7,47.7,35.7,47.6,47.7,47.7,47.6,47.6,47.7,47.6,47.7,47.6,35.5,47.7,47.6,47.7,47.6,47.6,47.6,47.6,47.6,47.7,35.4,47.7,47.7,47.6,47.6,47.6,47.6,47.7,47.6,47.6,35.4,47.6,47.7,47.6,47.6,47.6,47.7,47.7,47.7,47.6,35.3,47.6,47.6,47.7,47.5,47.6,47.6,47.7,47.6,47.7,35.3,47.6,47.7,47.7,47.6,47.7,47.6,47.6,47.7,47.6,35.2,47.6,47.6,47.5,47.6,47.7,47.6,47.7,47.6,47.6,35.5,47.6,47.6,47.6,47.6,47.6,47.7,35.4,35.2
0.000148,35.3,47.7,47.7,47.7,47.6,47.7,47.7,47.6,47.7,47.7,47.6,35.3,47.7,47.6,47.7,47.7,47.6,47.7,47.7,47.6,47.7,35.7,47.7,47.7,47.7,47.6,47.7,47.7,47.6,47.7,47.6,35.3,47.6,47.6,47.7,47.7,47.7,47.6,47.7,47.6,47.6,35.3,47.7,47.6,47.6,47.7,47.7,47.6,47.6,47.6,47.6,35.4,47.6,47.7,47.6,47.7,47.7,47.6,47.6,47.7,47.7,35.4,47.6,47.7,47.7,47.7,47.6,47.6,47.6,47.6,47.7,35.2,47.7,47.6,47.7,47.6,47.7,47.6,47.6,47.7,47.6,35.1,47.7,47.6,47.6,47.6,47.6,47.7,47.7,47.6,47.7,35.6,47.6,47.7,47.6,47.6,47.6,47.7,35.4,35.2
0.000148,35.3,47.6,47.6,47.7,47.6,47.7,47.7,47.6,47.6,47.6,47.6,35.3,47.7,47.7,47.6,47.6,47.7,47.6,47.7,47.6,47.7,35.7,47.7,47.6,47.5,47.6,47.6,47.7,47.7,47.6,47.7,35.3,47.6,47.6,47.7,47.6,47.6,47.7,47.6,47.5,47.6,35.4,47.7,47.6,47.7,47.7,47.6,47.6,47.6,47.6,47.7,35.5,47.6,47.7,47.6,47.6,47.5,47.7,47.7,47.7,47.6,35.5,47.7,47.7,47.6,47.7,47.5,47.7,47.6,47.7,47.6,35.1,47.7,47.6,47.5,47.6,47.6,47.7,47.7,47.7,47.7,35.2,47.5,47.7,47.6,47.7,47.7,47.7,47.7,47.6,47.6,35.6,47.6,47.5,47.7,47.7,47.6,47.7,35.6,35.4
0.000148,35.5,47.7,47.5,47.7,47.7,47.7,47.7,47.6,47.7,47.6,47.7,35.5,47.7,47.7,47.6,47.6,47.7,47.6,47.7,47.7,47.7,35.7,47.6,47.6,47.6,47.7,47.6,47.7,47.7,47.7,47.7,35.5,47.7,47.6,47.6,47.7,47.6,47.6,47.7,47.6,47.7,35.5,47.6,47.7,47.7,47.6,47.6,47.6,47.7,47.6,47.7,35.5,47.7,47.6,47.7,47.7,47.7,47.6,47.6,47.6,47.7,35.5,47.6,47.6,47.6,47.7,47.6,47.6,47.7,47.6,47.7,35,47.6,47.7,47.7,47.7,47.6,47.7,47.6,47.6,47.6,35.1,47.6,47.7,47.6,47.7,47.6,47.7,47.6,47.7,47.6,35.6,47.6,47.7,47.6,47.7,47.7,47.7,35.6,35.4
0.000148,35.6,47.7,47.6,47.7,47.7,47.6,47.7,47.7,47.6,47.7,47.6,35.6,47.6,47.6,47.5,47.6,47.7,47.6,47.6,47.7,47.7,35.5,47.6,47.7,47.7,47.7,47.7,47.6,47.7,47.6,47.6,35.4,47.5,47.7,47.7,47.6,47.7,47.6,47.7,47.6,47.6,35.6,47.6,47.7,47.7,47.7,47.7,47.7,47.7,47.6,47.7,35.6,47.6,47.6,47.6,47.6,47.7,47.7,47.7,47.7,47.6,35.4,47.6,47.7,47.7,47.5,47.6,47.6,47.6,47.5,47.7,35.1,47.6,47.6,47.7,47.7,47.6,47.6,47.7,47.7,47.6,35.1,47.6,47.7,47.6,47.7,47.7,47.7,47.6,47.6,47.6,35.6,47.7,47.7,47.6,47.7,47.6,47.7,35.5,35.5
0.000148,35.5,47.6,47.6,47.7,47.6,47.6,47.6,47.7,47.7,47.6,47.7,35.6,47.7,47.7,47.6,47.7,47.7,47.6,47.6,47.6,47.6,35.5,47.6,47.7,47.7,47.6,47.6,47.7,47.7,47.7,47.6,35.3,47.6,47.6,47.6,47.6,47.6,47.6,47.7,47.6,47.7,35.8,47.7,47.7,47.7,47.6,47.7,47.6,47.6,47.6,47.7,35.5,47.6,47.7,47.6,47.6,47.7,47.6,47.6,47.7,47.6,35.3,47.7,47.6,47.5,47.7,47.5,47.7,47.7,47.7,47.7,35.1,47.7,47.7,47.7,47.6,47.6,47.7,47.7,47.6,47.6,35.1,47.6,47.6,47.6,47.6,47.7,47.6,47.7,47.7,47.5,35.6,47.7,47.6,47.6,47.7,47.6,47.6,35.5,35.5
0.000149,35.5,47.6,47.7,47.6,47.7,47.7,47.6,47.6,47.7,47.6,47.6,35.8,47.6,47.7,47.6,47.6,47.7,47.7,47.7,47.7,47.6,35.4,47.7,47.7,47.7,47.7,47.7,47.6,47.6,47.6,47.7,35.3,47.6,47.7,47.7,47.7,47.6,47.7,47.7,47.7,47.7,35.8,47.6,47.6,47.5,47.7,47.7,47.7,47.6,47.7,47.7,35.5,47.7,47.7,47.6,47.7,47.8,47.6,47.5,47.7,47.7,35.2,47.7,47.7,47.7,47.7,47.7,47.6,47.6,47.7,47.6,35.1,47.7,47.7,47.6,47.6,47.7,47.7,47.6,47.6,47.7,35.1,47.7,47.7,47.7,47.7,47.6,47.7,47.6,47.6,47.7,35.4,47.6,47.6,47.7,47.7,47.6,47.6,35.4,35.4
0.000149,35.5,47.7,47.7,47.6,47.6,47.7,47.6,47.7,47.6,47.6,47.7,35.8,47.6,47.7,47.7,47.7,47.6,47.7,47.6,47.7,47.6,35.6,47.6,47.6,47.6,47.7,47.6,47.7,47.6,47.6,47.7,35.4,47.7,47.7,47.6,47.7,47.5,47.6,47.7,47.7,47.6,35.9,47.6,47.7,47.6,47.7,47.7,47.5,47.6,47.7,47.6,35.5,47.6,47.7,47.7,47.7,47.7,47.6,47.7,47.6,47.7,35.1,47.6,47.7,47.6,47.6,47.6,47.6,47.7,47.6,47.6,35.3,47.6,47.7,47.6,47.7,47.7,47.7,47.7,47.6,47.7,35.2,47.6,47.6,47.6,47.6,47.7,47.7,47.6,47.7,47.6,35.3,47.7,47.6,47.5,47.6,47.7,47.7,35.3,35.5
0.000149,35.5,47.6,47.6,47.6,47.6,47.6,47.6,47.6,47.6,47.7,47.7,35.7,47.6,47.7,47.7,47.6,47.7,47.6,47.7,47.7,47.7,35.6,47.6,47.6,47.7,47.7,47.6,47.7,47.7,47.7,47.6,35.4,47.6,47.6,47.7,47.7,47.7,47.6,47.6,47.7,47.7,35.8,47.6,47.6,47.7,47.6,47.5,47.7,47.7,47.6,47.7,35.5,47.7,47.7,47.6,47.6,47.7,47.6,47.7,47.6,47.7,35.1,47.6,47.7,47.7,47.6,47.7,47.6,47.6,47.7,47.7,35.3,47.6,47.7,47.7,47.7,47.7,47.6,47.7,47.7,47.6,35.2,47.7,47.7,47.6,47.7,47.7,47.7,47.7,47.6,47.7,35.1,47.7,47.7,47.6,47.6,47.7,47.6,35.3,35.4
0.000149,35.5,47.6,47.6,47.7,47.5,47.6,47.7,47.6,47.7,47.6,47.6,35.6,47.6,47.7,47.7,47.6,47.7,47.6,47.7,47.6,47.7,35.6,47.7,47.7,47.6,47.7,47.6,47.7,47.6,47.7,47.7,35.5,47.6,47.7,47.6,47.6,47.6,47.5,47.6,47.5,47.7,35.6,47.6,47.7,47.5,47.7,47.7,47.6,47.7,47.7,47.6,35.6,47.6,47.5,47.6,47.6,47.7,47.7,47.7,47.6,47.6,35,47.7,47.7,47.6,47.6,47.6,47.6,47.6,47.7,47.6,35.4,47.7,47.7,47.7,47.6,47.7,47.5,47.6,47.6,47.6,35.2,47.6,47.7,47.6,47.6,47.7,47.7,47.7,47.6,47.7,35.1,47.7,47.7,47.7,47.7,47.6,47.6,35.3,35.5
0.000149,35.4,47.7,47.7,47.6,47.7,47.6,47.7,47.6,47.7,47.7,47.6,35.4,47.6,47.7,47.7,47.5,47.6,47.7,47.6,47.7,47.6,35.5,47.7,47.7,47.7,47.7,47.6,47.7,47.7,47.7,47.7,35.5,47.6,47.6,47.7,47.7,47.7,47.7,47.6,47.6,47.7,35.5,47.7,47.6,47.6,47.5,47.6,47.7,47.6,47.7,47.7,35.5,47.7,47.7,47.6,47.5,47.7,47.7,47.6,47.6,47.6,35.1,47.6,47.6,47.7,47.6,47.7,47.6,47.6,47.7,47.7,35.6,47.6,47.7,47.6,47.6,47.7,47.7,47.6,47.7,47.6,35.1,47.7,47.7,47.7,47.6,47.6,47.6,47.6,47.7,47.7,35,47.7,47.6,47.6,47.7,47.6,47.7,35.3,35.4
0.00015,35.4,47.6,47.7,47.6,47.5,47.7,47.6,47.6,47.6,47.7,47.7,35.5,47.6,47.7,47.7,47.6,47.6,47.6,47.7,47.7,47.6,35.5,47.6,47.7,47.6,47.7,47.7,47.6,47.6,47.6,47.7,35.5,47.7,47.6,47.7,47.7,47.6,47.6,47.6,47.6,47.6,35.3,47.6,47.6,47.6,47.6,47.6,47.7,47.7,47.7,47.7,35.5,47.7,47.6,47.6,47.6,47.6,47.7,47.7,47.7,47.6,35.3,47.7,47.7,47.6,47.7,47.6,47.7,47.7,47.6,47.6,35.6,47.7,47.6,47.6,47.6,47.6,47.6,47.6,47.6,47.7,35.2,47.6,47.6,47.7,47.7,47.7,47.7,47.6,47.6,47.6,35,47.7,47.7,47.6,47.7,47.7,47.7,35.3,35.4
0.00015,35.3,47.6,47.7,47.6,47.7,47.6,47.6,47.7,47.7,47.7,47.7,35.3,47.6,47.7,47.6,47.6,47.7,47.6,47.6,47.6,47.7,35.4,47.7,47.7,47.6,47.6,47.7,47.7,47.6,47.7,47.6,35.5,47.7,47.6,47.7,47.6,47.7,47.7,47.6,47.5,47.5,35.4,47.7,47.7,47.5,47.7,47.6,47.7,47.6,47.6,47.7,35.3,47.6,47.7,47.7,47.6,47.7,47.7,47.6,47.7,47.7,35.4,47.6,47.7,47.6,47.6,47.6,47.7,47.5,47.6,47.7,35.5,47.6,47.7,47.6,47.7,47.6,47.6,47.6,47.7,47.6,35.2,47.6,47.6,47.6,47.7,47.7,47.7,47.6,47.6,47.7,34.9,47.6,47.6,47.6,47.7,47.6,47.6,35.4,35.4
0.00015,35.4,47.6,47.6,47.6,47.7,47.6,47.7,47.7,47.7,47.7,47.6,35.3,47.6,47.6,47.7,47.7,47.7,47.6,47.6,47.7,47.7,35.7,47.6,47.6,47.6,47.6,47.7,47.6,47.5,47.7,47.6,35.5,47.7,47.7,47.7,47.6,47.6,47.6,47.7,47.7,47.6,35.1,47.5,47.7,47.6,47.7,47.6,47.7,47.6,47.6,47.6,35.4,47.6,47.6,47.7,47.6,47.7,47.6,47.7,47.6,47.6,35.5,47.6,47.6,47.6,47.6,47.6,47.6,47.6,47.7,47.6,35.3,47.7,47.7,47.6,47.6,47.7,47.7,47.6,47.6,47.6,35.1,47.6,47.7,47.7,47.6,47.7,47.6,47.7,47.6,47.6,35,47.6,47.6,47.6,47.7,47.7,47.7,35.3,35.6
0.00015,35.4,47.6,47.6,47.6,47.6,47.6,47.6,47.6,47.6,47.7,47.7,35.3,47.6,47.7,47.7,47.6,47.6,47.6,47.7,47.6,47.6,35.5,47.7,47.7,47.6,47.6,47.6,47.7,47.7,47.6,47.7,35.5,47.6,47.6,47.7,47.6,47.6,47.6,47.6,47.7,47.6,35.3,47.6,47.6,47.6,47.6,47.6,47.7,47.6,47.6,47.6,35.2,47.6,47.6,47.7,47.7,47.6,47.7,47.6,47.7,47.7,35.6,47.6,47.6,47.6,47.7,47.6,47.5,47.6,47.6,47.7,35.2,47.6,47.7,47.7,47.7,47.7,47.6,47.7,47.7,47.7,35.1,47.5,47.7,47.6,47.6,47.7,47.7,47.7,47.6,47.7,35.1,47.6,47.7,47.6,47.7,47.6,47.6,35.3,35.3
0.00015,35.5,47.7,47.6,47.6,47.4,47.7,47.7,47.6,47.7,47.6,47.6,35.4,47.6,47.7,47.6,47.7,47.6,47.7,47.6,47.6,47.7,35.5,47.6,47.5,47.6,47.6,47.7,47.7,47.6,47.7,47.6,35.5,47.7,47.6,47.6,47.7,47.6,47.6,47.6,47.5,47.7,35.2,47.6,47.7,47.7,47.6,47.6,47.7,47.6,47.7,47.7,35.3,47.7,47.7,47.6,47.7,47.7,47.7,47.7,47.7,47.6,35.7,47.7,47.6,47.7,47.7,47.6,47.6,47.6,47.6,47.6,35,47.6,47.6,47.7,47.7,47.7,47.6,47.6,47.6,47.6,35.2,47.6,47.6,47.6,47.6,47.6,47.7,47.6,47.6,47.6,35.1,47.7,47.7,47.7,47.7,47.6,47.7,35.4,35.3
0.000151,35.4,47.6,47.7,47.6,47.7,47.7,47.7,47.7,47.7,47.7,47.6,35.6,47.7,47.7,47.7,47.6,47.7,47.7,47.7,47.6,47.6,35.7,47.6,47.7,47.6,47.6,47.7,47.7,47.7,47.7,47.7,35.5,47.6,47.5,47.7,47.6,47.6,47.7,47.6,47.7,47.7,35.2,47.7,47.7,47.6,47.6,47.6,47.6,47.6,47.6,47.7,35.7,47.6,47.7,47.7,47.7,47.6,47.6,47.7,47.7,47.7,35.7,47.6,47.7,47.7,47.7,47.7,47.7,47.7,47.7,47.7,34.8,47.7,47.7,47.7,47.7,47.6,47.6,47.6,47.7,47.6,35.2,47.6,47.7,47.6,47.7,47.7,47.6,47.7,47.7,47.5,35.2,47.6,47.7,47.7,47.6,47.6,47.7,35.2,35.1
0.000151,35.3,47.7,47.6,47.6,47.7,47.7,47.6,47.7,47.7,47.7,47.6,35.7,47.6,47.7,47.6,47.7,47.7,47.6,47.7,47.6,47.5,35.7,47.7,47.6,47.6,47.7,47.7,47.5,47.6,47.7,47.7,35.3,47.7,47.6,47.6,47.7,47.7,47.6,47.7,47.6,47.7,35.3,47.7,47.7,47.6,47.6,47.6,47.7,47.7,47.6,47.7,35.7,47.7,47.7,47.6,47.7,47.7,47.7,47.7,47.7,47.6,35.5,47.6,47.7,47.6,47.6,47.6,47.7,47.6,47.6,47.6,34.8,47.7,47.6,47.6,47.7,47.7,47.7,47.6,47.6,47.6,35.1,47.6,47.6,47.7,47.7,47.6,47.7,47.6,47.7,47.7,35.4,47.5,47.6,47.6,47.7,47.5,47.5,35.2,35.3
0.000151,35.3,47.6,47.6,47.6,47.7,47.7,47.6,47.6,47.7,47.6,47.6,35.8,47.6,47.7,47.7,47.6,47.7,47.7,47.6,47.7,47.7,35.7,47.6,47.7,47.7,47.7,47.6,47.7,47.7,47.7,47.7,35.4,47.7,47.6,47.7,47.6,47.6,47.7,47.6,47.6,47.6,35.3,47.7,47.7,47.6,47.7,47.6,47.7,47.7,47.6,47.6,35.8,47.6,47.6,47.6,47.6,47.4,47.6,47.5,47.6,47.6,35.5,47.6,47.6,47.7,47.6,47.6,47.6,47.7,47.7,47.6,34.8,47.7,47.7,47.7,47.6,47.6,47.6,47.7,47.6,47.6,35,47.6,47.6,47.7,47.7,47.7,47.7,47.6,47.7,47.7,35.4,47.7,47.7,47.6,47.7,47.6,47.6,35.4,35.3
0.000151,35.4,47.5,47.7,47.6,47.7,47.7,47.6,47.7,47.6,47.7,47.7,35.7,47.6,47.7,47.7,47.6,47.7,47.7,47.6,47.7,47.7,35.7,47.6,47.7,47.6,47.6,47.6,47.6,47.7,47.6,47.7,35.6,47.7,47.7,47.6,47.7,47.7,47.6,47.6,47.7,47.7,35.5,47.7,47.7,47.6,47.7,47.6,47.7,47.6,47.6,47.6,35.7,47.6,47.6,47.7,47.7,47.7,47.7,47.7,47.7,47.7,35.3,47.6,47.6,47.7,47.6,47.6,47.6,47.7,47.6,47.7,34.8,47.7,47.6,47.7,47.6,47.7,47.6,47.6,47.7,47.6,34.9,47.6,47.7,47.6,47.6,47.7,47.7,47.6,47.7,47.6,35.4,47.7,47.7,47.6,47.6,47.6,47.6,35.5,35.3
0.000151,35.4,47.6,47.6,47.6,47.5,47.7,47.6,47.7,47.7,47.6,47.6,35.7,47.6,47.7,47.6,47.7,47.6,47.7,47.5,47.6,47.7,35.7,47.6,47.6,47.6,47.6,47.6,47.6,47.7,47.6,47.6,35.6,47.7,47.6,47.6,47.6,47.6,47.6,47.7,47.6,47.6,35.7,47.7,47.6,47.7,47.6,47.6,47.6,47.6,47.6,47.6,35.7,47.6,47.6,47.6,47.6,47.6,47.7,47.7,47.6,47.7,35.3,47.6,47.7,47.7,47.6,47.7,47.7,47.6,47.6,47.7,34.8,47.7,47.6,47.7,47.7,47.6,47.6,47.7,47.6,47.7,34.9,47.7,47.6,47.7,47.6,47.6,47.6,47.7,47.7,47.6,35.4,47.7,47.6,47.6,47.6,47.6,47.6,35.4,35.5
0.000152,35.5,47.6,47.6,47.7,47.7,47.7,47.6,47.6,47.6,47.6,47.6,35.7,47.6,47.6,47.6,47.6,47.6,47.7,47.6,47.7,47.6,35.7,47.6,47.7,47.7,47.6,47.6,47.7,47.6,47.7,47.7,35.4,47.5,47.6,47.7,47.6,47.6,47.6,47.6,47.7,47.7,35.7,47.7,47.6,47.6,47.5,47.7,47.7,47.5,47.6,47.7,35.5,47.6,47.5,47.7,47.6,47.7,47.6,47.6,47.7,47.7,35.2,47.6,47.6,47.7,47.6,47.6,47.5,47.6,47.7,47.6,34.9,47.6,47.7,47.7,47.7,47.7,47.6,47.7,47.6,47.7,34.9,47.7,47.6,47.6,47.6,47.6,47.6,47.6,47.6,47.7,35.4,47.7,47.7,47.7,47.6,47.7,47.5,35.4,35.7
0.000152,35.7,47.6,47.7,47.7,47.7,47.7,47.6,47.6,47.6,47.7,47.5,35.5,47.7,47.7,47.6,47.6,47.6,47.7,47.6,47.6,47.7,35.7,47.7,47.6,47.7,47.7,47.6,47.6,47.7,47.7,47.6,35.6,47.6,47.7,47.6,47.7,47.7,47.7,47.6,47.7,47.7,35.7,47.7,47.6,47.7,47.6,47.6,47.7,47.6,47.7,47.6,35.4,47.7,47.6,47.6,47.6,47.6,47.6,47.6,47.7,47.6,35,47.7,47.6,47.6,47.6,47.6,47.6,47.7,47.7,47.6,34.9,47.6,47.7,47.5,47.4,47.6,47.6,47.7,47.6,47.6,34.9,47.7,47.6,47.7,47.7,47.6,47.6,47.6,47.5,47.7,35.3,47.6,47.7,47.6,47.7,47.7,47.5,35.5,35.7
0.000152,35.7,47.7,47.7,47.6,47.7,47.7,47.7,47.7,47.7,47.7,47.7,35.6,47.6,47.7,47.6,47.6,47.6,47.6,47.6,47.7,47.7,35.9,47.6,47.7,47.7,47.7,47.6,47.7,47.6,47.7,47.6,35.5,47.7,47.5,47.6,47.7,47.7,47.6,47.6,47.7,47.6,35.6,47.7,47.7,47.6,47.6,47.6,47.7,47.6,47.7,47.7,35.3,47.7,47.7,47.6,47.6,47.7,47.6,47.6,47.7,47.7,35.3,47.6,47.7,47.6,47.6,47.6,47.7,47.7,47.7,47.6,35.1,47.6,47.6,47.7,47.6,47.7,47.6,47.6,47.6,47.7,34.9,47.7,47.6,47.7,47.6,47.6,47.6,47.6,47.6,47.6,35.2,47.6,47.6,47.6,47.6,47.7,47.7,35.3,35.6
0.000152,35.9,47.6,47.6,47.7,47.7,47.7,47.7,47.6,47.6,47.7,47.7,35.5,47.6,47.7,47.6,47.7,47.7,47.6,47.7,47.7,47.6,35.8,47.7,47.7,47.7,47.7,47.6,47.7,47.5,47.6,47.6,35.4,47.7,47.6,47.6,47.7,47.7,47.6,47.7,47.7,47.7,35.4,47.7,47.7,47.6,47.7,47.5,47.6,47.7,47.5,47.4,35.2,47.6,47.7,47.6,47.7,47.7,47.7,47.6,47.6,47.7,35.4,47.7,47.6,47.7,47.6,47.5,47.6,47.6,47.6,47.6,35,47.6,47.7,47.6,47.6,47.7,47.6,47.7,47.6,47.6,35,47.7,47.6,47.7,47.7,47.7,47.6,47.6,47.7,47.7,35.2,47.6,47.6,47.7,47.6,47.7,47.7,35.2,35.6
0.000152,35.7,47.6,47.7,47.7,47.7,47.6,47.7,47.6,47.7,47.6,47.7,35.5,47.7,47.6,47.6,47.6,47.6,47.7,47.7,47.7,47.7,35.9,47.7,47.6,47.6,47.6,47.7,47.7,47.6,47.6,47.6,35.4,47.7,47.6,47.7,47.6,47.7,47.6,47.7,47.6,47.6,35.2,47.7,47.7,47.7,47.6,47.7,47.6,47.5,47.7,47.7,35.1,47.7,47.6,47.6,47.7,47.7,47.7,47.7,47.6,47.5,35.4,47.6,47.6,47.7,47.7,47.6,47.6,47.7,47.6,47.6,35.1,47.7,47.6,47.6,47.7,47.5,47.6,47.6,47.7,47.6,35.3,47.7,47.6,47.6,47.7,47.7,47.6,47.7,47.6,47.6,35.2,47.6,47.6,47.7,47.6,47.6,47.6,35.2,35.3
0.000153,35.6,47.7,47.7,47.6,47.6,47.7,47.6,47.7,47.7,47.6,47.6,35.4,47.7,47.7,47.6,47.7,47.7,47.6,47.7,47.6,47.6,35.9,47.6,47.7,47.7,47.7,47.6,47.7,47.7,47.6,47.7,35.5,47.5,47.6,47.6,47.6,47.7,47.7,47.7,47.6,47.6,35.1,47.6,47.7,47.6,47.6,47.7,47.6,47.7,47.6,47.7,35.3,47.6,47.6,47.7,47.7,47.7,47.7,47.6,47.6,47.7,35.4,47.7,47.5,47.6,47.6,47.6,47.6,47.7,47.7,47.7,35.1,47.7,47.6,47.6,47.6,47.7,47.6,47.6,47.7,47.7,35.4,47.7,47.7,47.6,47.6,47.6,47.6,47.7,47.7,47.6,35,47.6,47.6,47.7,47.7,47.6,47.7,35.2,35.1
0.000153,35.6,47.6,47.6,47.6,47.6,47.7,47.6,47.7,47.5,47.7,47.7,35.5,47.6,47.6,47.7,47.7,47.6,47.7,47.6,47.7,47.7,35.7,47.6,47.5,47.5,47.6,47.6,47.7,47.6,47.6,47.7,35.4,47.6,47.7,47.6,47.7,47.6,47.5,47.6,47.6,47.7,35,47.7,47.7,47.6,47.6,47.6,47.6,47.7,47.6,47.6,35.4,47.6,47.6,47.5,47.7,47.7,47.7,47.6,47.6,47.6,35.5,47.6,47.6,47.6,47.6,47.6,47.6,47.6,47.6,47.6,35.2,47.6,47.6,47.5,47.6,47.7,47.6,47.6,47.7,47.6,35.5,47.7,47.6,47.7,47.6,47.7,47.6,47.7,47.6,47.7,35.1,47.7,47.6,47.6,47.7,47.6,47.6,35.3,35
0.000153,35.5,47.7,47.6,47.6,47.6,47.6,47.6,47.5,47.7,47.7,47.6,35.6,47.6,47.6,47.6,47.7,47.7,47.6,47.6,47.7,47.6,35.5,47.7,47.6,47.6,47.6,47.6,47.7,47.6,47.7,47.6,35.5,47.6,47.7,47.6,47.7,47.6,47.7,47.7,47.6,47.6,35,47.6,47.7,47.6,47.6,47.6,47.6,47.6,47.7,47.7,35.5,47.7,47.6,47.6,47.6,47.6,47.6,47.6,47.6,47.6,35.6,47.5,47.6,47.7,47.6,47.7,47.6,47.7,47.6,47.7,35,47.6,47.6,47.7,47.7,47.6,47.6,47.5,47.7,47.6,35.6,47.6,47.6,47.6,47.6,47.7,47.7,47.6,47.7,47.6,35.2,47.7,47.7,47.7,47.6,47.6,47.6,35.3,35.2
0.000153,35.2,47.6,47.7,47.6,47.7,47.6,47.6,47.6,47.7,47.6,47.6,35.5,47.6,47.7,47.7,47.7,47.6,47.7,47.6,47.7,47.7,35.4,47.6,47.6,47.6,47.6,47.6,47.7,47.6,47.6,47.5,35.3,47.7,47.7,47.6,47.7,47.6,47.7,47.6,47.7,47.5,35.2,47.5,47.7,47.7,47.7,47.6,47.7,47.7,47.7,47.6,35.7,47.6,47.6,47.7,47.6,47.6,47.7,47.6,47.6,47.7,35.4,47.6,47.7,47.7,47.6,47.7,47.6,47.6,47.6,47.7,35.1,47.6,47.6,47.6,47.7,47.7,47.7,47.5,47.7,47.6,35.4,47.7,47.7,47.7,47.6,47.6,47.6,47.6,47.6,47.6,35.2,47.6,47.6,47.6,47.5,47.6,47.6,35.5,35
0.000153,35.2,47.7,47.6,47.6,47.7,47.6,47.7,47.6,47.6,47.7,47.7,35.5,47.7,47.6,47.6,47.7,47.6,47.6,47.7,47.7,47.6,35.2,47.6,47.7,47.6,47.7,47.7,47.7,47.7,47.5,47.7,35.5,47.6,47.7,47.7,47.7,47.6,47.7,47.6,47.7,47.7,35.3,47.6,47.7,47.6,47.6,47.6,47.7,47.7,47.6,47.6,35.7,47.7,47.7,47.7,47.6,47.6,47.7,47.7,47.6,47.6,35.4,47.7,47.6,47.5,47.6,47.7,47.6,47.6,47.7,47.7,35.1,47.7,47.7,47.6,47.6,47.6,47.6,47.6,47.6,47.7,35.3,47.6,47.6,47.6,47.6,47.6,47.6,47.7,47.6,47.6,35.2,47.6,47.6,47.7,47.7,47.5,47.6,35.3,35.2
0.000154,35.2,47.7,47.7,47.6,47.6,47.7,47.5,47.6,47.7,47.5,47.7,35.5,47.7,47.6,47.6,47.6,47.7,47.5,47.7,47.7,47.6,35.1,47.7,47.7,47.6,47.6,47.6,47.6,47.6,47.7,47.7,35.5,47.7,47.6,47.6,47.6,47.6,47.6,47.5,47.7,47.7,35.5,47.6,47.7,47.6,47.6,47.7,47.7,47.7,47.7,47.7,35.7,47.6,47.6,47.6,47.6,47.6,47.6,47.7,47.7,47.6,35.3,47.6,47.7,47.7,47.6,47.7,47.6,47.7,47.7,47.7,35,47.6,47.7,47.6,47.5,47.7,47.6,47.7,47.5,47.7,35.2,47.6,47.6,47.6,47.7,47.7,47.6,47.6,47.7,47.6,35.4,47.6,47.7,47.6,47.7,47.7,47.7,35.3,35.2
0.000154,35.3,47.6,47.6,47.6,47.6,47.7,47.6,47.6,47.7,47.7,47.5,35.6,47.5,47.7,47.6,47.7,47.7,47.7,47.6,47.6,47.6,35.3,47.6,47.7,47.6,47.6,47.6,47.6,47.7,47.6,47.7,35.3,47.7,47.6,47.7,47.7,47.7,47.7,47.6,47.7,47.7,35.7,47.7,47.7,47.7,47.7,47.6,47.6,47.7,47.7,47.6,35.7,47.7,47.6,47.7,47.6,47.7,47.7,47.7,47.6,47.7,35.3,47.6,47.7,47.6,47.6,47.7,47.6,47.7,47.7,47.7,35.1,47.7,47.7,47.6,47.6,47.5,47.6,47.5,47.6,47.6,35,47.6,47.6,47.5,47.6,47.6,47.7,47.7,47.7,47.7,35.5,47.6,47.7,47.7,47.6,47.6,47.7,35.3,35.3
0.000154,35.5,47.7,47.7,47.6,47.7,47.6,47.6,47.7,47.7,47.7,47.7,35.6,47.6,47.6,47.5,47.6,47.7,47.7,47.6,47.7,47.6,35.4,47.7,47.7,47.6,47.6,47.6,47.6,47.6,47.6,47.6,35.3,47.7,47.6,47.7,47.6,47.6,47.6,47.6,47.7,47.7,36,47.6,47.7,47.6,47.6,47.6,47.7,47.6,47.7,47.7,35.5,47.6,47.6,47.7,47.6,47.6,47.7,47.7,47.7,47.6,35.4,47.7,47.6,47.6,47.6,47.6,47.7,47.7,47.5,47.7,35,47.6,47.7,47.6,47.6,47.7,47.6,47.6,47.6,47.7,34.9,47.6,47.6,47.7,47.6,47.7,47.7,47.7,47.7,47.6,35.5,47.7,47.6,47.7,47.7,47.6,47.5,35.3,35.5
0.000154,35.6,47.6,47.7,47.6,47.7,47.7,47.7,47.7,47.6,47.7,47.6,35.7,47.7,47.6,47.7,47.7,47.7,47.7,47.6,47.6,47.7,35.5,47.7,47.6,47.6,47.7,47.7,47.6,47.6,47.7,47.7,35.3,47.6,47.6,47.6,47.7,47.5,47.7,47.7,47.6,47.6,35.9,47.6,47.6,47.7,47.7,47.6,47.6,47.6,47.7,47.5,35.5,47.6,47.7,47.6,47.7,47.7,47.6,47.6,47.7,47.6,35.3,47.7,47.7,47.6,47.7,47.6,47.7,47.6,47.6,47.6,35.1,47.7,47.7,47.7,47.6,47.7,47.6,47.7,47.7,47.6,34.9,47.7,47.6,47.6,47.7,47.7,47.7,47.7,47.6,47.7,35.6,47.6,47.6,47.6,47.6,47.6,47.6,35.3,35.7
0.000154,35.6,47.7,47.6,47.7,47.6,47.6,47.7,47.7,47.6,47.6,47.7,35.5,47.6,47.7,47.7,47.7,47.6,47.6,47.6,47.6,47.5,35.7,47.7,47.7,47.7,47.6,47.6,47.6,47.6,47.6,47.6,35.3,47.7,47.6,47.7,47.7,47.6,47.5,47.7,47.6,47.6,35.8,47.6,47.7,47.6,47.7,47.7,47.7,47.5,47.7,47.6,35.6,47.7,47.6,47.6,47.6,47.6,47.6,47.6,47.7,47.6,35.3,47.6,47.4,47.7,47.7,47.6,47.7,47.6,47.6,47.7,35,47.7,47.6,47.6,47.6,47.6,47.5,47.5,47.7,47.6,34.9,47.7,47.6,47.7,47.7,47.7,47.6,47.6,47.6,47.7,35.5,47.6,47.6,47.6,47.6,47.6,47.7,35.4,35.7
0.000155,35.6,47.7,47.7,47.6,47.6,47.7,47.6,47.7,47.7,47.7,47.7,35.5,47.6,47.7,47.7,47.7,47.7,47.6,47.7,47.6,47.6,35.8,47.7,47.7,47.6,47.6,47.6,47.6,47.6,47.6,47.6,35.3,47.6,47.7,47.7,47.6,47.6,47.7,47.6,47.7,47.7,35.7,47.6,47.6,47.6,47.6,47.6,47.6,47.6,47.6,47.7,35.3,47.6,47.7,47.6,47.6,47.7,47.7,47.6,47.6,47.7,35.4,47.7,47.6,47.6,47.7,47.7,47.5,47.7,47.7,47.6,35.2,47.7,47.7,47.6,47.7,47.7,47.6,47.6,47.6,47.7,35,47.6,47.7,47.6,47.7,47.7,47.6,47.6,47.7,47.6,35.5,47.7,47.6,47.6,47.7,47.6,47.6,35.4,35.7
0.000155,35.6,47.7,47.6,47.6,47.6,47.7,47.5,47.6,47.6,47.7,47.6,35.6,47.6,47.7,47.5,47.7,47.7,47.6,47.6,47.6,47.7,35.9,47.6,47.7,47.6,47.6,47.7,47.7,47.6,47.6,47.6,35.4,47.7,47.7,47.6,47.6,47.7,47.7,47.6,47.7,47.6,35.5,47.6,47.7,47.6,47.6,47.6,47.7,47.6,47.7,47.7,35.4,47.6,47.6,47.7,47.6,47.6,47.6,47.7,47.5,47.6,35.3,47.7,47.6,47.7,47.7,47.7,47.6,47.6,47.6,47.7,35.3,47.7,47.7,47.7,47.6,47.6,47.6,47.6,47.7,47.7,35.1,47.6,47.6,47.7,47.6,47.5,47.7,47.6,47.7,47.6,35.4,47.6,47.7,47.6,47.7,47.6,47.6,35.4,35.7
0.000155,35.6,47.7,47.6,47.7,47.6,47.5,47.6,47.7,47.6,47.5,47.5,35.5,47.7,47.7,47.6,47.6,47.6,47.7,47.6,47.7,47.6,35.7,47.6,47.7,47.7,47.6,47.6,47.6,47.7,47.6,47.7,35.6,47.6,47.7,47.6,47.6,47.7,47.7,47.6,47.6,47.6,35.3,47.7,47.6,47.6,47.6,47.7,47.6,47.6,47.7,47.6,35.3,47.6,47.7,47.7,47.7,47.6,47.6,47.7,47.7,47.7,35.4,47.7,47.6,47.6,47.7,47.6,47.7,47.7,47.6,47.6,35.3,47.7,47.7,47.6,47.6,47.7,47.6,47.6,47.6,47.6,35.3,47.6,47.6,47.5,47.7,47.7,47.7,47.6,47.6,47.5,35.4,47.7,47.7,47.6,47.6,47.7,47.6,35.5,35.5
0.000155,35.5,47.6,47.6,47.6,47.6,47.7,47.7,47.6,47.6,47.7,47.6,35.5,47.6,47.6,47.6,47.7,47.7,47.6,47.7,47.7,47.6,35.5,47.6,47.6,47.7,47.7,47.7,47.6,47.6,47.6,47.6,35.6,47.7,47.7,47.6,47.6,47.6,47.6,47.6,47.6,47.6,35.3,47.7,47.7,47.6,47.6,47.7,47.6,47.6,47.7,47.7,35.4,47.7,47.7,47.6,47.7,47.6,47.7,47.6,47.6,47.7,35.3,47.6,47.7,47.7,47.5,47.6,47.6,47.6,47.6,47.7,35.3,47.7,47.7,47.7,47.6,47.6,47.7,47.6,47.5,47.7,35.3,47.6,47.6,47.6,47.6,47.6,47.6,47.7,47.7,47.7,35.2,47.7,47.7,47.5,47.6,47.6,47.6,35.4,35.5
0.000155,35.5,47.7,47.6,47.6,47.6,47.6,47.7,47.7,47.7,47.5,47.6,35.5,47.6,47.6,47.6,47.6,47.7,47.7,47.7,47.7,47.7,35.2,47.7,47.6,47.6,47.6,47.6,47.7,47.7,47.7,47.6,35.7,47.7,47.7,47.6,47.7,47.7,47.6,47.6,47.6,47.6,35.3,47.7,47.7,47.6,47.7,47.7,47.6,47.6,47.6,47.7,35.5,47.6,47.6,47.7,47.7,47.7,47.7,47.6,47.7,47.7,35.2,47.7,47.6,47.6,47.6,47.6,47.6,47.6,47.6,47.6,35.3,47.7,47.7,47.6,47.6,47.7,47.7,47.6,47.6,47.6,35.4,47.6,47.6,47.6,47.5,47.6,47.6,47.6,47.7,47.7,35.3,47.7,47.6,47.6,47.7,47.6,47.6,35.5,35.4
0.000156,35.3,47.6,47.6,47.7,47.6,47.7,47.7,47.6,47.7,47.6,47.6,35.5,47.6,47.6,47.6,47.6,47.7,47.7,47.6,47.7,47.7,35.2,47.7,47.6,47.7,47.7,47.6,47.6,47.7,47.6,47.7,35.6,47.6,47.6,47.6,47.5,47.6,47.6,47.6,47.6,47.6,35.3,47.7,47.6,47.6,47.7,47.5,47.6,47.6,47.6,47.7,35.5,47.7,47.7,47.7,47.6,47.6,47.7,47.6,47.7,47.7,35.4,47.6,47.7,47.7,47.5,47.7,47.7,47.7,47.6,47.6,35.2,47.5,47.7,47.6,47.7,47.7,47.7,47.6,47.6,47.6,35.4,47.6,47.6,47.7,47.7,47.6,47.6,47.6,47.7,47.6,35.2,47.7,47.6,47.6,47.7,47.5,47.7,35.3,35.2
0.000156,35.2,47.7,47.6,47.7,47.6,47.7,47.6,47.7,47.6,47.7,47.7,35.5,47.6,47.7,47.6,47.7,47.7,47.7,47.7,47.7,47.6,35.2,47.6,47.6,47.6,47.6,47.6,47.7,47.7,47.7,47.7,35.6,47.7,47.6,47.6,47.7,47.6,47.7,47.6,47.7,47.7,35.3,47.7,47.6,47.6,47.7,47.6,47.7,47.6,47.7,47.7,35.5,47.7,47.7,47.7,47.7,47.6,47.6,47.7,47.7,47.6,35.3,47.6,47.5,47.5,47.7,47.6,47.6,47.6,47.7,47.7,35.2,47.6,47.6,47.6,47.6,47.6,47.7,47.7,47.6,47.7,35.3,47.6,47.6,47.6,47.6,47.7,47.7,47.7,47.7,47.7,35.4,47.6,47.7,47.7,47.6,47.7,47.6,35.3,35.2
0.000156,35.3,47.7,47.7,47.7,47.7,47.6,47.6,47.6,47.7,47.7,47.6,35.5,47.6,47.7,47.6,47.7,47.7,47.7,47.6,47.6,47.6,35.2,47.7,47.6,47.7,47.6,47.6,47.6,47.6,47.6,47.6,35.5,47.7,47.6,47.7,47.6,47.6,47.7,47.6,47.6,47.6,35.3,47.6,47.6,47.7,47.6,47.7,47.6,47.7,47.6,47.6,35.5,47.7,47.6,47.5,47.6,47.6,47.6,47.7,47.7,47.7,35.3,47.7,47.6,47.6,47.6,47.7,47.7,47.6,47.6,47.7,35.1,47.6,47.7,47.7,47.6,47.7,47.6,47.6,47.6,47.7,35.2,47.7,47.6,47.7,47.7,47.6,47.6,47.5,47.7,47.7,35.4,47.6,47.6,47.7,47.7,47.7,47.7,35.5,35.2
0.000156,35.5,47.6,47.7,47.7,47.6,47.6,47.6,47.7,47.6,47.6,47.7,35.5,47.6,47.6,47.5,47.7,47.7,47.6,47.7,47.7,47.7,35.3,47.6,47.6,47.6,47.7,47.6,47.7,47.6,47.6,47.6,35.3,47.6,47.7,47.7,47.7,47.6,47.6,47.7,47.7,47.7,35.3,47.7,47.6,47.7,47.7,47.6,47.6,47.7,47.5,47.6,35.5,47.7,47.5,47.7,47.6,47.7,47.7,47.6,47.6,47.7,35.4,47.7,47.6,47.6,47.6,47.7,47.7,47.7,47.7,47.6,35,47.7,47.6,47.7,47.6,47.7,47.7,47.7,47.6,47.6,35.1,47.7,47.7,47.6,47.6,47.6,47.6,47.6,47.6,47.6,35.5,47.6,47.7,47.7,47.6,47.7,47.6,35.5,35.2
0.000156,35.5,47.7,47.6,47.6,47.6,47.6,47.7,47.6,47.6,47.7,47.7,35.6,47.6,47.7,47.7,47.7,47.6,47.7,47.6,47.7,47.7,35.4,47.6,47.6,47.7,47.6,47.6,47.6,47.7,47.6,47.7,35.3,47.7,47.7,47.6,47.5,47.6,47.6,47.7,47.6,47.6,35.6,47.7,47.6,47.6,47.7,47.7,47.7,47.6,47.6,47.6,35.4,47.6,47.6,47.6,47.6,47.7,47.5,47.7,47.6,47.6,35.4,47.6,47.6,47.7,47.6,47.6,47.6,47.5,47.7,47.6,35,47.7,47.6,47.6,47.6,47.7,47.7,47.6,47.6,47.6,35.1,47.5,47.6,47.6,47.6,47.6,47.6,47.6,47.6,47.6,35.6,47.7,47.6,47.6,47.6,47.6,47.7,35.4,35.3
0.000157,35.5,47.7,47.7,47.7,47.6,47.6,47.6,47.7,47.7,47.7,47.6,35.5,47.7,47.6,47.6,47.7,47.6,47.6,47.6,47.6,47.6,35.5,47.7,47.5,47.6,47.7,47.6,47.6,47.6,47.6,47.7,35.2,47.7,47.7,47.7,47.6,47.7,47.6,47.6,47.7,47.7,35.5,47.6,47.6,47.6,47.6,47.7,47.6,47.5,47.6,47.6,35.4,47.7,47.6,47.6,47.7,47.6,47.6,47.7,47.5,47.7,35.4,47.6,47.7,47.6,47.6,47.7,47.7,47.7,47.5,47.7,35,47.6,47.6,47.6,47.7,47.6,47.5,47.5,47.7,47.6,35.2,47.7,47.6,47.6,47.7,47.7,47.6,47.6,47.7,47.6,35.7,47.6,47.6,47.6,47.6,47.7,47.6,35.4,35.4
0.000157,35.6,47.7,47.6,47.7,47.6,47.6,47.5,47.7,47.6,47.6,47.7,35.5,47.7,47.7,47.7,47.6,47.7,47.6,47.6,47.7,47.7,35.7,47.7,47.6,47.6,47.6,47.7,47.7,47.7,47.6,47.7,35.3,47.6,47.7,47.7,47.6,47.6,47.6,47.6,47.6,47.6,35.6,47.5,47.7,47.6,47.6,47.7,47.6,47.6,47.6,47.7,35.4,47.7,47.6,47.7,47.7,47.6,47.7,47.7,47.7,47.6,35.5,47.7,47.6,47.7,47.6,47.6,47.6,47.6,47.6,47.7,35,47.6,47.7,47.6,47.7,47.6,47.5,47.6,47.6,47.7,35.2,47.6,47.6,47.7,47.6,47.7,47.6,47.6,47.6,47.6,35.7,47.6,47.7,47.6,47.7,47.6,47.7,35.5,35.5
0.000157,35.5,47.6,47.6,47.6,47.7,47.6,47.7,47.6,47.6,47.6,47.7,35.6,47.6,47.6,47.6,47.5,47.7,47.7,47.7,47.7,47.7,35.8,47.6,47.7,47.7,47.6,47.6,47.6,47.6,47.6,47.6,35.4,47.7,47.7,47.6,47.6,47.7,47.6,47.6,47.7,47.6,35.6,47.6,47.6,47.7,47.7,47.6,47.6,47.7,47.6,47.6,35.3,47.7,47.6,47.7,47.7,47.7,47.7,47.6,47.7,47.5,35.5,47.6,47.7,47.7,47.5,47.7,47.7,47.7,47.6,47.6,35,47.6,47.7,47.6,47.5,47.6,47.6,47.6,47.6,47.6,35.2,47.7,47.7,47.6,47.6,47.7,47.6,47.7,47.7,47.7,35.6,47.6,47.7,47.6,47.6,47.5,47.7,35.5,35.5
0.000157,35.5,47.6,47.6,47.7,47.7,47.6,47.7,47.7,47.7,47.6,47.6,35.5,47.7,47.7,47.7,47.7,47.6,47.7,47.6,47.6,47.6,35.7,47.7,47.6,47.7,47.7,47.6,47.7,47.7,47.7,47.7,35.5,47.7,47.7,47.7,47.6,47.6,47.7,47.6,47.6,47.6,35.5,47.6,47.6,47.6,47.6,47.6,47.6,47.7,47.7,47.7,35.3,47.7,47.6,47.6,47.7,47.6,47.6,47.7,47.7,47.6,35.3,47.6,47.6,47.7,47.6,47.6,47.6,47.6,47.6,47.7,35.3,47.7,47.6,47.6,47.7,47.6,47.6,47.6,47.6,47.6,35.2,47.7,47.7,47.6,47.6,47.6,47.7,47.7,47.6,47.6,35.4,47.7,47.6,47.6,47.6,47.6,47.7,35.5,35.7
0.000157,35.5,47.6,47.7,47.7,47.5,47.7,47.7,47.5,47.7,47.6,47.7,35.5,47.7,47.6,47.7,47.7,47.6,47.7,47.7,47.6,47.6,35.7,47.7,47.5,47.6,47.7,47.6,47.6,47.7,47.7,47.6,35.8,47.6,47.6,47.7,47.6,47.7,47.6,47.7,47.6,47.7,35.6,47.5,47.7,47.7,47.6,47.6,47.6,47.7,47.7,47.5,35.4,47.7,47.6,47.6,47.7,47.7,47.7,47.6,47.5,47.6,35.4,47.5,47.6,47.7,47.6,47.6,47.7,47.7,47.6,47.6,35.2,47.7,47.7,47.6,47.6,47.7,47.6,47.6,47.6,47.7,35.3,47.7,47.7,47.6,47.6,47.5,47.6,47.7,47.6,47.7,35.4,47.7,47.6,47.5,47.7,47.7,47.7,35.5,35.6
0.000158,35.5,47.6,47.6,47.7,47.7,47.7,47.6,47.6,47.6,47.7,47.7,35.6,47.7,47.6,47.7,47.7,47.6,47.7,47.7,47.6,47.7,35.6,47.6,47.6,47.6,47.6,47.6,47.6,47.6,47.7,47.6,35.8,47.7,47.6,47.6,47.7,47.5,47.7,47.7,47.6,47.7,35.4,47.6,47.6,47.6,47.6,47.6,47.7,47.7,47.7,47.7,35.4,47.6,47.6,47.7,47.7,47.6,47.6,47.7,47.7,47.7,35.2,47.6,47.7,47.6,47.6,47.6,47.5,47.6,47.7,47.6,35.3,47.7,47.7,47.6,47.6,47.6,47.7,47.6,47.6,47.7,35.3,47.6,47.7,47.5,47.6,47.7,47.6,47.6,47.7,47.7,35.4,47.7,47.7,47.6,47.6,47.6,47.7,35.5,35.5
0.000158,35.4,47.7,47.7,47.7,47.6,47.6,47.6,47.7,47.6,47.6,47.7,35.5,47.6,47.6,47.7,47.6,47.7,47.6,47.7,47.6,47.6,35.5,47.6,47.6,47.6,47.7,47.6,47.6,47.7,47.6,47.6,35.9,47.7,47.7,47.7,47.6,47.7,47.6,47.6,47.7,47.6,35.3,47.6,47.6,47.6,47.6,47.6,47.7,47.7,47.6,47.6,35.4,47.7,47.6,47.7,47.5,47.6,47.6,47.6,47.7,47.7,35.2,47.6,47.6,47.7,47.6,47.6,47.6,47.5,47.7,47.6,35.3,47.5,47.5,47.7,47.6,47.6,47.6,47.5,47.7,47.7,35.4,47.7,47.6,47.6,47.6,47.7,47.7,47.7,47.7,47.6,35.1,47.6,47.6,47.6,47.7,47.6,47.6,35.5,35.5
0.000158,35.2,47.6,47.6,47.7,47.5,47.6,47.5,47.6,47.7,47.6,47.6,35.3,47.7,47.7,47.6,47.6,47.7,47.6,47.6,47.7,47.6,35.4,47.7,47.7,47.6,47.7,47.6,47.6,47.7,47.6,47.6,35.8,47.6,47.7,47.6,47.5,47.6,47.6,47.6,47.7,47.7,35.4,47.7,47.7,47.5,47.7,47.6,47.7,47.7,47.6,47.7,35.5,47.7,47.6,47.7,47.7,47.7,47.7,47.6,47.7,47.6,35.1,47.6,47.6,47.6,47.6,47.7,47.7,47.6,47.6,47.7,35,47.7,47.7,47.7,47.6,47.7,47.6,47.6,47.6,47.6,35.2,47.5,47.6,47.7,47.6,47.7,47.6,47.7,47.6,47.6,35.1,47.6,47.7,47.7,47.6,47.6,47.6,35.4,35.6
0.000158,35.1,47.7,47.6,47.6,47.6,47.7,47.7,47.6,47.6,47.7,47.6,35.2,47.7,47.6,47.7,47.6,47.6,47.6,47.6,47.7,47.6,35.3,47.7,47.6,47.6,47.7,47.7,47.7,47.6,47.6,47.6,35.6,47.7,47.7,47.6,47.6,47.6,47.7,47.7,47.5,47.7,35.6,47.6,47.6,47.6,47.5,47.6,47.7,47.7,47.6,47.7,35.5,47.7,47.6,47.7,47.7,47.7,47.7,47.7,47.6,47.6,35,47.6,47.6,47.7,47.7,47.7,47.6,47.6,47.6,47.6,35,47.6,47.6,47.6,47.7,47.6,47.6,47.5,47.6,47.5,35.3,47.6,47.7,47.7,47.6,47.7,47.6,47.6,47.5,47.5,35.1,47.6,47.6,47.6,47.7,47.6,47.7,35.3,35.3
0.000158,35.3,47.6,47.6,47.6,47.6,47.7,47.6,47.7,47.6,47.7,47.6,35.3,47.7,47.6,47.7,47.7,47.6,47.6,47.6,47.6,47.6,35.3,47.7,47.6,47.6,47.6,47.7,47.6,47.7,47.7,47.6,35.4,47.6,47.6,47.7,47.6,47.6,47.6,47.7,47.6,47.6,35.6,47.6,47.6,47.6,47.6,47.6,47.6,47.7,47.7,47.6,35.5,47.5,47.6,47.6,47.7,47.7,47.6,47.7,47.6,47.6,35.1,47.7,47.7,47.7,47.5,47.6,47.7,47.7,47.6,47.7,35,47.7,47.6,47.7,47.7,47.6,47.7,47.7,47.6,47.7,35.2,47.7,47.6,47.7,47.6,47.6,47.6,47.6,47.6,47.6,35.3,47.7,47.6,47.6,47.6,47.6,47.7,35.2,35.4
0.000159,35.3,47.7,47.7,47.7,47.7,47.5,47.6,47.6,47.7,47.7,47.7,35.2,47.6,47.6,47.7,47.6,47.7,47.6,47.7,47.6,47.7,35.4,47.7,47.7,47.6,47.6,47.6,47.6,47.6,47.6,47.6,35.3,47.6,47.6,47.6,47.6,47.7,47.7,47.6,47.6,47.6,35.7,47.7,47.6,47.7,47.7,47.7,47.6,47.7,47.6,47.6,35.5,47.6,47.7,47.6,47.6,47.6,47.7,47.6,47.6,47.7,35.2,47.6,47.6,47.7,47.6,47.6,47.6,47.6,47.7,47.6,35,47.6,47.5,47.6,47.6,47.7,47.7,47.7,47.5,47.6,35.2,47.6,47.7,47.6,47.6,47.6,47.7,47.6,47.5,47.6,35.4,47.6,47.6,47.6,47.6,47.6,47.6,35.2,35.3
0.000159,35.5,47.7,47.6,47.7,47.7,47.6,47.6,47.6,47.6,47.7,47.6,35.5,47.7,47.7,47.6,47.7,47.6,47.6,47.7,47.7,47.7,35.6,47.6,47.6,47.6,47.6,47.6,47.6,47.7,47.7,47.7,35.3,47.6,47.6,47.5,47.6,47.6,47.6,47.6,47.6,47.5,35.7,47.7,47.7,47.7,47.6,47.6,47.5,47.7,47.6,47.7,35.5,47.6,47.6,47.7,47.6,47.6,47.6,47.6,47.6,47.7,35.1,47.6,47.6,47.7,47.7,47.6,47.6,47.6,47.6,47.7,34.8,47.6,47.7,47.7,47.6,47.6,47.7,47.5,47.7,47.6,35.2,47.6,47.6,47.5,47.7,47.6,47.6,47.7,47.6,47.6,35.5,47.7,47.6,47.6,47.6,47.7,47.6,35.2,35.5
0.000159,35.5,47.7,47.5,47.7,47.7,47.6,47.7,47.7,47.7,47.7,47.7,35.6,47.6,47.6,47.5,47.6,47.7,47.5,47.5,47.7,47.7,35.7,47.7,47.7,47.7,47.6,47.7,47.6,47.6,47.6,47.7,35.3,47.7,47.6,47.7,47.7,47.6,47.7,47.7,47.7,47.5,35.8,47.6,47.7,47.6,47.6,47.6,47.7,47.6,47.6,47.6,35.5,47.7,47.7,47.6,47.6,47.5,47.6,47.6,47.6,47.6,35.4,47.7,47.6,47.7,47.6,47.6,47.6,47.6,47.6,47.7,34.8,47.6,47.6,47.6,47.4,47.6,47.6,47.6,47.5,47.7,35.2,47.7,47.6,47.7,47.7,47.6,47.7,47.7,47.6,47.7,35.7,47.6,47.6,47.7,47.6,47.7,47.7,35.3,35.5
0.000159,35.5,47.6,47.7,47.7,47.6,47.6,47.7,47.6,47.6,47.7,47.7,35.6,47.6,47.6,47.5,47.7,47.6,47.7,47.7,47.6,47.7,35.7,47.7,47.6,47.6,47.6,47.6,47.6,47.7,47.6,47.6,35.3,47.7,47.7,47.6,47.6,47.6,47.6,47.6,47.6,47.6,35.8,47.6,47.7,47.6,47.7,47.7,47.5,47.6,47.6,47.6,35.6,47.7,47.7,47.6,47.6,47.6,47.6,47.6,47.6,47.6,35.6,47.6,47.5,47.6,47.6,47.6,47.7,47.7,47.7,47.6,35,47.5,47.6,47.7,47.7,47.5,47.6,47.6,47.6,47.6,35.2,47.6,47.6,47.7,47.6,47.6,47.6,47.6,47.7,47.7,35.8,47.6,47.6,47.7,47.7,47.7,47.6,35.4,35.5
0.000159,35.5,47.7,47.6,47.6,47.7,47.6,47.6,47.7,47.6,47.6,47.6,35.8,47.6,47.6,47.6,47.6,47.5,47.7,47.7,47.7,47.6,35.7,47.7,47.7,47.6,47.7,47.7,47.6,47.6,47.7,47.6,35.4,47.7,47.6,47.6,47.6,47.6,47.7,47.7,47.7,47.7,35.7,47.7,47.7,47.6,47.6,47.6,47.6,47.6,47.7,47.7,35.4,47.6,47.6,47.6,47.5,47.7,47.6,47.7,47.7,47.7,35.7,47.6,47.6,47.6,47.5,47.7,47.7,47.6,47.6,47.6,35.1,47.6,47.7,47.6,47.6,47.7,47.6,47.7,47.5,47.7,35.2,47.6,47.7,47.7,47.7,47.5,47.6,47.7,47.6,47.6,35.7,47.6,47.6,47.7,47.5,47.7,47.6,35.6,35.5
0.00016,35.5,47.6,47.7,47.7,47.6,47.6,47.6,47.7,47.7,47.7,47.5,35.8,47.7,47.6,47.7,47.7,47.6,47.6,47.6,47.6,47.6,35.8,47.6,47.7,47.7,47.6,47.7,47.7,47.7,47.7,47.5,35.4,47.6,47.7,47.6,47.7,47.6,47.7,47.7,47.6,47.6,35.5,47.6,47.6,47.7,47.6,47.6,47.7,47.7,47.6,47.6,35.5,47.6,47.6,47.7,47.6,47.7,47.6,47.7,47.6,47.7,35.7,47.6,47.7,47.7,47.6,47.6,47.7,47.6,47.6,47.6,35.2,47.6,47.6,47.6,47.7,47.6,47.7,47.6,47.6,47.6,35.2,47.6,47.7,47.7,47.6,47.7,47.6,47.7,47.7,47.6,35.5,47.6,47.6,47.6,47.6,47.6,47.6,35.6,35.5
0.00016,35.4,47.6,47.7,47.7,47.6,47.6,47.6,47.6,47.7,47.6,47.6,35.8,47.6,47.7,47.7,47.5,47.7,47.7,47.7,47.7,47.6,35.7,47.6,47.6,47.6,47.5,47.7,47.6,47.5,47.7,47.6,35.5,47.7,47.6,47.6,47.6,47.7,47.7,47.5,47.7,47.6,35.4,47.6,47.7,47.6,47.6,47.7,47.6,47.6,47.7,47.6,35.5,47.6,47.7,47.6,47.6,47.6,47.6,47.7,47.6,47.6,35.4,47.7,47.6,47.7,47.5,47.6,47.7,47.6,47.6,47.7,35.2,47.7,47.7,47.7,47.6,47.6,47.6,47.7,47.5,47.6,35.1,47.7,47.7,47.6,47.6,47.7,47.7,47.6,47.6,47.6,35.4,47.5,47.6,47.6,47.6,47.7,47.7,35.6,35.6
0.00016,35.5,47.6,47.6,47.7,47.6,47.6,47.7,47.7,47.7,47.4,47.7,35.5,47.7,47.6,47.7,47.6,47.6,47.7,47.7,47.6,47.7,35.6,47.7,47.7,47.7,47.6,47.7,47.6,47.6,47.6,47.7,35.5,47.5,47.7,47.6,47.7,47.7,47.6,47.6,47.6,47.6,35.3,47.7,47.7,47.6,47.7,47.6,47.5,47.6,47.6,47.6,35.5,47.6,47.6,47.7,47.7,47.7,47.6,47.6,47.6,47.6,35.4,47.6,47.7,47.6,47.7,47.6,47.6,47.7,47.6,47.7,35.3,47.6,47.7,47.7,47.6,47.6,47.7,47.7,47.6,47.6,35.2,47.6,47.7,47.6,47.6,47.7,47.6,47.7,47.5,47.7,35.3,47.5,47.7,47.7,47.7,47.5,47.6,35.5,35.5
0.00016,35.5,47.6,47.7,47.6,47.7,47.6,47.6,47.7,47.7,47.6,47.4,35.4,47.7,47.6,47.5,47.7,47.7,47.7,47.7,47.6,47.6,35.5,47.6,47.7,47.6,47.6,47.6,47.6,47.6,47.5,47.7,35.6,47.7,47.7,47.7,47.6,47.6,47.7,47.7,47.7,47.7,35.3,47.7,47.6,47.7,47.6,47.6,47.5,47.6,47.6,47.6,35.4,47.6,47.6,47.6,47.7,47.7,47.6,47.7,47.6,47.7,35.2,47.7,47.7,47.7,47.6,47.7,47.6,47.6,47.6,47.7,35.3,47.6,47.7,47.6,47.6,47.6,47.5,47.7,47.6,47.6,35.2,47.6,47.7,47.7,47.7,47.6,47.6,47.6,47.7,47.5,35.1,47.6,47.6,47.6,47.7,47.5,47.5,35.5,35.5
0.00016,35.4,47.6,47.6,47.6,47.6,47.6,47.7,47.6,47.6,47.6,47.6,35.3,47.6,47.6,47.6,47.7,47.6,47.6,47.6,47.7,47.6,35.5,47.6,47.6,47.7,47.6,47.6,47.6,47.6,47.5,47.6,35.5,47.6,47.6,47.6,47.6,47.6,47.5,47.7,47.6,47.6,35.2,47.6,47.6,47.7,47.7,47.6,47.7,47.7,47.7,47.7,35.4,47.7,47.6,47.7,47.7,47.7,47.5,47.6,47.7,47.7,35.2,47.5,47.6,47.7,47.7,47.6,47.6,47.6,47.7,47.6,35.3,47.6,47.6,47.7,47.5,47.6,47.7,47.6,47.7,47.6,35.2,47.6,47.6,47.6,47.6,47.7,47.7,47.6,47.7,47.7,35,47.6,47.6,47.7,47.5,47.6,47.6,35.3,35.5
0.000161,35.4,47.6,47.6,47.7,47.6,47.6,47.7,47.6,47.6,47.5,47.6,35.2,47.6,47.7,47.6,47.7,47.7,47.7,47.7,47.7,47.7,35.4,47.6,47.7,47.7,47.7,47.6,47.6,47.7,47.5,47.7,35.3,47.6,47.7,47.6,47.5,47.7,47.7,47.5,47.7,47.5,35.3,47.7,47.6,47.7,47.6,47.6,47.7,47.5,47.6,47.6,35.5,47.7,47.6,47.7,47.6,47.6,47.7,47.7,47.7,47.6,35.2,47.5,47.7,47.6,47.7,47.5,47.6,47.6,47.6,47.7,35.3,47.5,47.6,47.6,47.7,47.7,47.6,47.6,47.7,47.7,35.2,47.6,47.5,47.7,47.7,47.7,47.7,47.7,47.7,47.7,35.2,47.6,47.6,47.7,47.6,47.7,47.6,35.3,35.5
0.000161,35.4,47.6,47.7,47.6,47.6,47.6,47.6,47.6,47.6,47.5,47.7,35.2,47.5,47.7,47.6,47.7,47.6,47.5,47.6,47.6,47.7,35.4,47.7,47.6,47.7,47.6,47.7,47.6,47.7,47.5,47.7,35.3,47.6,47.6,47.7,47.6,47.6,47.7,47.6,47.6,47.6,35.2,47.6,47.7,47.6,47.7,47.7,47.7,47.6,47.6,47.6,35.5,47.6,47.7,47.7,47.7,47.6,47.7,47.6,47.6,47.6,35.1,47.7,47.6,47.7,47.7,47.6,47.6,47.6,47.7,47.6,35.3,47.6,47.6,47.6,47.7,47.5,47.6,47.6,47.6,47.7,35.4,47.7,47.7,47.7,47.7,47.6,47.5,47.6,47.7,47.6,35.3,47.7,47.6,47.6,47.6,47.7,47.7,35.1,35.2
0.000161,35.5,47.7,47.7,47.6,47.7,47.7,47.6,47.7,47.6,47.7,47.7,35.3,47.7,47.7,47.6,47.6,47.6,47.6,47.7,47.6,47.6,35.3,47.7,47.7,47.7,47.7,47.7,47.7,47.7,47.5,47.7,35.3,47.6,47.6,47.7,47.7,47.7,47.5,47.7,47.7,47.6,35.2,47.7,47.6,47.6,47.6,47.6,47.7,47.7,47.5,47.6,35.5,47.6,47.6,47.6,47.7,47.6,47.7,47.6,47.6,47.7,35.3,47.6,47.6,47.7,47.6,47.7,47.6,47.7,47.6,47.6,35.4,47.7,47.6,47.6,47.6,47.6,47.7,47.6,47.7,47.7,35.2,47.7,47.6,47.7,47.6,47.6,47.6,47.6,47.7,47.7,35.6,47.7,47.6,47.7,47.6,47.6,47.6,35.2,35.4
0.000161,35.5,47.7,47.7,47.5,47.7,47.7,47.7,47.7,47.7,47.7,47.6,35.3,47.6,47.6,47.7,47.7,47.6,47.7,47.6,47.7,47.6,35.5,47.7,47.6,47.6,47.7,47.6,47.6,47.6,47.7,47.6,35.3,47.7,47.6,47.7,47.7,47.6,47.6,47.5,47.6,47.5,35.2,47.6,47.7,47.5,47.7,47.6,47.6,47.6,47.5,47.5,35.4,47.7,47.7,47.6,47.6,47.6,47.6,47.7,47.7,47.7,35.3,47.6,47.6,47.6,47.7,47.6,47.7,47.7,47.7,47.6,35.5,47.7,47.7,47.6,47.6,47.7,47.6,47.6,47.6,47.7,35.2,47.7,47.6,47.6,47.6,47.6,47.6,47.7,47.6,47.5,35.7,47.7,47.7,47.5,47.6,47.6,47.7,35.2,35.4
0.000161,35.5,47.6,47.7,47.6,47.5,47.7,47.6,47.7,47.7,47.7,47.6,35.4,47.7,47.7,47.6,47.7,47.6,47.7,47.6,47.7,47.6,35.6,47.6,47.7,47.7,47.6,47.6,47.7,47.7,47.6,47.6,35.4,47.5,47.7,47.6,47.6,47.6,47.6,47.6,47.6,47.7,35.2,47.6,47.6,47.7,47.5,47.7,47.7,47.6,47.5,47.6,35.4,47.7,47.6,47.6,47.6,47.6,47.6,47.7,47.6,47.6,35.3,47.6,47.7,47.6,47.7,47.5,47.6,47.7,47.6,47.7,35.6,47.6,47.6,47.7,47.6,47.6,47.5,47.6,47.6,47.7,35.2,47.6,47.7,47.6,47.6,47.6,47.7,47.6,47.6,47.7,35.8,47.7,47.7,47.7,47.6,47.6,47.5,35.4,35.4
0.000162,35.5,47.7,47.7,47.5,47.6,47.6,47.7,47.6,47.7,47.6,47.6,35.7,47.6,47.6,47.7,47.5,47.7,47.7,47.7,47.6,47.7,35.5,47.7,47.6,47.7,47.6,47.7,47.5,47.7,47.7,47.5,35.4,47.6,47.6,47.7,47.7,47.6,47.7,47.7,47.7,47.6,35.2,47.7,47.6,47.6,47.6,47.7,47.6,47.6,47.7,47.6,35.2,47.7,47.6,47.5,47.7,47.6,47.6,47.7,47.6,47.7,35.3,47.6,47.6,47.6,47.7,47.6,47.6,47.6,47.5,47.7,35.4,47.7,47.7,47.7,47.6,47.6,47.6,47.6,47.6,47.7,35.2,47.6,47.7,47.7,47.6,47.7,47.7,47.7,47.6,47.6,35.8,47.7,47.6,47.7,47.6,47.6,47.6,35.6,35.5
0.000162,35.5,47.7,47.7,47.7,47.6,47.7,47.7,47.6,47.6,47.6,47.7,35.7,47.7,47.7,47.5,47.6,47.7,47.6,47.7,47.7,47.7,35.5,47.7,47.7,47.6,47.7,47.7,47.6,47.6,47.7,47.7,35.4,47.6,47.7,47.7,47.6,47.6,47.6,47.7,47.7,47.6,35.4,47.7,47.6,47.6,47.7,47.7,47.6,47.7,47.5,47.7,35.4,47.7,47.7,47.7,47.6,47.6,47.6,47.7,47.6,47.6,35.4,47.7,47.7,47.6,47.7,47.6,47.6,47.5,47.7,47.7,35.3,47.7,47.6,47.7,47.7,47.6,47.6,47.6,47.7,47.6,35.2,47.6,47.7,47.6,47.6,47.6,47.6,47.7,47.6,47.7,35.8,47.6,47.5,47.6,47.7,47.5,47.6,35.5,35.5
0.000162,35.5,47.6,47.6,47.6,47.7,47.5,47.7,47.7,47.6,47.5,47.6,35.5,47.6,47.7,47.7,47.6,47.7,47.6,47.7,47.7,47.6,35.6,47.5,47.7,47.5,47.7,47.6,47.7,47.6,47.6,47.7,35.5,47.6,47.7,47.7,47.6,47.7,47.6,47.6,47.7,47.7,35.4,47.6,47.7,47.5,47.7,47.6,47.6,47.7,47.6,47.6,35.3,47.6,47.6,47.6,47.6,47.7,47.6,47.6,47.6,47.5,35.5,47.6,47.6,47.6,47.6,47.6,47.7,47.6,47.7,47.6,35,47.7,47.6,47.6,47.6,47.7,47.6,47.6,47.6,47.6,35.2,47.6,47.6,47.7,47.6,47.6,47.6,47.7,47.7,47.5,35.6,47.6,47.7,47.6,47.6,47.7,47.6,35.4,35.5
0.000162,35.5,47.7,47.6,47.7,47.7,47.6,47.7,47.7,47.6,47.6,47.5,35.6,47.7,47.7,47.7,47.7,47.7,47.6,47.7,47.7,47.6,35.6,47.5,47.6,47.6,47.6,47.6,47.7,47.6,47.6,47.7,35.4,47.7,47.6,47.7,47.7,47.7,47.7,47.7,47.6,47.7,35.5,47.6,47.7,47.5,47.6,47.6,47.7,47.7,47.6,47.6,35.5,47.6,47.6,47.6,47.7,47.6,47.7,47.7,47.6,47.6,35.4,47.7,47.7,47.6,47.6,47.6,47.6,47.6,47.6,47.6,35,47.6,47.7,47.6,47.6,47.7,47.6,47.5,47.5,47.7,35.3,47.6,47.7,47.6,47.6,47.6,47.7,47.6,47.7,47.7,35.5,47.5,47.6,47.7,47.6,47.6,47.6,35.5,35.5
0.000162,35.6,47.7,47.6,47.7,47.7,47.6,47.7,47.6,47.7,47.6,47.6,35.3,47.7,47.6,47.5,47.7,47.6,47.6,47.6,47.7,47.7,35.6,47.6,47.6,47.6,47.7,47.7,47.7,47.7,47.6,47.6,35.5,47.7,47.6,47.7,47.6,47.7,47.7,47.6,47.6,47.7,35.4,47.7,47.6,47.6,47.6,47.7,47.7,47.7,47.7,47.6,35.5,47.6,47.6,47.6,47.6,47.6,47.7,47.6,47.7,47.7,35.4,47.6,47.7,47.6,47.7,47.7,47.7,47.6,47.6,47.7,34.9,47.7,47.7,47.6,47.7,47.7,47.7,47.6,47.6,47.7,35.3,47.6,47.6,47.7,47.5,47.6,47.6,47.7,47.7,47.6,35.4,47.7,47.7,47.6,47.6,47.7,47.7,35.4,35.5
0.000163,35.5,47.6,47.6,47.6,47.5,47.6,47.7,47.5,47.6,47.6,47.7,35.4,47.6,47.7,47.6,47.7,47.6,47.7,47.6,47.7,47.6,35.5,47.7,47.7,47.7,47.7,47.6,47.7,47.6,47.6,47.7,35.5,47.6,47.7,47.6,47.7,47.7,47.6,47.7,47.6,47.6,35.5,47.6,47.7,47.5,47.7,47.6,47.7,47.6,47.6,47.7,35.7,47.7,47.7,47.7,47.7,47.6,47.6,47.6,47.7,47.6,35.2,47.6,47.7,47.6,47.5,47.7,47.7,47.6,47.6,47.6,34.8,47.6,47.6,47.7,47.6,47.5,47.7,47.5,47.6,47.6,35.2,47.6,47.6,47.5,47.6,47.7,47.6,47.7,47.6,47.6,35.3,47.7,47.6,47.7,47.6,47.7,47.6,35.3,35.5
0.000163,35.5,47.6,47.6,47.6,47.5,47.5,47.7,47.7,47.6,47.6,47.6,35.3,47.7,47.6,47.7,47.7,47.7,47.5,47.7,47.7,47.6,35.6,47.7,47.7,47.7,47.7,47.6,47.7,47.6,47.6,47.7,35.5,47.6,47.7,47.6,47.7,47.7,47.7,47.7,47.6,47.7,35.4,47.6,47.6,47.5,47.7,47.7,47.7,47.6,47.7,47.6,35.7,47.7,47.7,47.7,47.6,47.6,47.6,47.7,47.7,47.6,35.4,47.7,47.7,47.6,47.6,47.6,47.4,47.6,47.6,47.7,34.9,47.5,47.5,47.7,47.7,47.7,47.5,47.6,47.7,47.7,35.3,47.6,47.6,47.6,47.7,47.6,47.6,47.6,47.6,47.7,35.2,47.6,47.7,47.6,47.6,47.6,47.6,35.1,35.5
0.000163,35.5,47.6,47.6,47.6,47.5,47.7,47.5,47.7,47.7,47.7,47.6,35.4,47.7,47.5,47.6,47.7,47.6,47.7,47.6,47.7,47.5,35.5,47.5,47.6,47.6,47.6,47.6,47.7,47.6,47.6,47.7,35.4,47.6,47.7,47.6,47.6,47.6,47.6,47.6,47.6,47.6,35.4,47.5,47.7,47.7,47.7,47.6,47.7,47.6,47.6,47.6,35.7,47.7,47.6,47.7,47.6,47.7,47.7,47.7,47.6,47.7,35.2,47.6,47.6,47.6,47.6,47.6,47.7,47.7,47.6,47.6,35,47.7,47.6,47.7,47.7,47.6,47.6,47.6,47.6,47.6,35.3,47.6,47.5,47.6,47.6,47.7,47.6,47.6,47.7,47.6,35.3,47.6,47.7,47.6,47.7,47.6,47.6,35.2,35.4
0.000163,35.4,47.6,47.6,47.6,47.6,47.7,47.6,47.6,47.6,47.6,47.7,35.4,47.6,47.6,47.6,47.5,47.6,47.6,47.7,47.5,47.6,35.4,47.5,47.7,47.6,47.6,47.5,47.6,47.6,47.6,47.7,35.5,47.6,47.6,47.7,47.7,47.7,47.6,47.6,47.7,47.6,35.5,47.7,47.7,47.7,47.6,47.6,47.7,47.5,47.7,47.6,35.5,47.6,47.6,47.6,47.6,47.7,47.6,47.6,47.5,47.6,35.2,47.6,47.7,47.7,47.6,47.7,47.6,47.6,47.6,47.6,35.2,47.6,47.6,47.6,47.6,47.5,47.6,47.6,47.6,47.6,35.2,47.7,47.7,47.6,47.5,47.6,47.6,47.7,47.7,47.6,35.1,47.6,47.6,47.6,47.6,47.7,47.6,34.9,35.5
0.000163,35.4,47.7,47.7,47.7,47.6,47.5,47.7,47.6,47.6,47.6,47.6,35.4,47.7,47.7,47.7,47.6,47.6,47.7,47.7,47.6,47.7,35.4,47.7,47.6,47.7,47.7,47.6,47.7,47.7,47.7,47.6,35.5,47.7,47.6,47.7,47.6,47.7,47.7,47.6,47.6,47.5,35.4,47.7,47.7,47.7,47.5,47.7,47.6,47.5,47.6,47.6,35.4,47.7,47.6,47.6,47.6,47.6,47.6,47.7,47.5,47.7,35.2,47.6,47.6,47.6,47.6,47.7,47.6,47.6,47.7,47.6,35.4,47.7,47.6,47.6,47.7,47.6,47.6,47.6,47.6,47.7,35.3,47.7,47.7,47.6,47.6,47.6,47.6,47.5,47.7,47.6,35.3,47.7,47.7,47.7,47.6,47.6,47.5,35,35.4
0.000164,35.3,47.6,47.6,47.6,47.7,47.7,47.7,47.7,47.6,47.7,47.6,35.5,47.5,47.7,47.6,47.6,47.6,47.6,47.5,47.6,47.6,35.6,47.6,47.6,47.6,47.6,47.7,47.6,47.7,47.6,47.6,35.4,47.7,47.6,47.7,47.6,47.7,47.6,47.6,47.7,47.6,35.4,47.7,47.6,47.7,47.7,47.6,47.7,47.7,47.6,47.5,35.3,47.7,47.6,47.7,47.7,47.6,47.6,47.6,47.6,47.6,35.2,47.6,47.7,47.6,47.7,47.7,47.6,47.6,47.6,47.6,35.5,47.6,47.7,47.7,47.4,47.7,47.7,47.6,47.6,47.6,35.2,47.6,47.6,47.6,47.6,47.5,47.6,47.6,47.6,47.7,35.4,47.6,47.6,47.7,47.6,47.6,47.7,35.2,35.3
0.000164,35.3,47.6,47.7,47.6,47.7,47.6,47.6,47.7,47.7,47.6,47.7,35.5,47.6,47.7,47.6,47.6,47.6,47.6,47.6,47.5,47.7,35.4,47.5,47.6,47.6,47.6,47.7,47.7,47.6,47.7,47.6,35.4,47.6,47.6,47.6,47.7,47.6,47.6,47.7,47.5,47.7,35.5,47.6,47.7,47.6,47.6,47.6,47.7,47.7,47.6,47.6,35.2,47.6,47.6,47.7,47.6,47.6,47.7,47.7,47.6,47.6,35.2,47.6,47.7,47.6,47.7,47.6,47.7,47.6,47.6,47.6,35.4,47.5,47.6,47.7,47.6,47.6,47.7,47.7,47.6,47.6,35.2,47.6,47.7,47.7,47.6,47.6,47.5,47.6,47.7,47.5,35.2,47.6,47.6,47.7,47.6,47.6,47.6,35.2,35.2
0.000164,35.3,47.6,47.7,47.5,47.6,47.6,47.6,47.6,47.6,47.7,47.7,35.4,47.6,47.6,47.5,47.7,47.6,47.6,47.6,47.7,47.6,35.5,47.7,47.7,47.7,47.6,47.6,47.6,47.6,47.7,47.7,35.3,47.7,47.7,47.6,47.7,47.7,47.5,47.6,47.7,47.6,35.4,47.6,47.6,47.5,47.7,47.6,47.5,47.6,47.7,47.7,35.2,47.6,47.6,47.6,47.7,47.7,47.5,47.7,47.6,47.6,35.3,47.7,47.6,47.6,47.7,47.6,47.7,47.6,47.7,47.7,35.3,47.6,47.6,47.7,47.6,47.6,47.7,47.6,47.7,47.7,35.2,47.6,47.7,47.6,47.6,47.6,47.7,47.7,47.7,47.6,35.4,47.7,47.6,47.5,47.7,47.5,47.5,35.2,35.2
0.000164,35.4,47.7,47.6,47.6,47.6,47.6,47.5,47.7,47.6,47.6,47.7,35.5,47.7,47.6,47.6,47.6,47.6,47.5,47.7,47.7,47.6,35.6,47.7,47.6,47.7,47.7,47.6,47.7,47.7,47.7,47.6,35.4,47.6,47.7,47.6,47.6,47.6,47.6,47.7,47.6,47.6,35.4,47.6,47.5,47.7,47.6,47.6,47.7,47.6,47.6,47.6,35.2,47.6,47.7,47.6,47.6,47.7,47.6,47.5,47.7,47.6,35.2,47.6,47.7,47.6,47.6,47.7,47.6,47.6,47.6,47.5,35,47.7,47.6,47.5,47.6,47.6,47.6,47.7,47.6,47.5,35.2,47.6,47.7,47.6,47.6,47.6,47.6,47.7,47.6,47.6,35.4,47.6,47.5,47.7,47.6,47.7,47.6,35.5,35.2
0.000164,35.5,47.6,47.6,47.6,47.6,47.6,47.6,47.5,47.6,47.7,47.7,35.5,47.6,47.7,47.6,47.6,47.7,47.5,47.5,47.7,47.7,35.6,47.6,47.7,47.5,47.6,47.6,47.6,47.5,47.6,47.5,35.5,47.7,47.5,47.6,47.7,47.6,47.6,47.6,47.6,47.7,35.5,47.7,47.7,47.7,47.7,47.6,47.7,47.7,47.6,47.7,35.3,47.6,47.5,47.7,47.6,47.6,47.6,47.6,47.6,47.7,35.3,47.7,47.6,47.6,47.6,47.6,47.6,47.6,47.6,47.6,34.9,47.6,47.6,47.7,47.6,47.6,47.7,47.6,47.6,47.6,35.2,47.6,47.6,47.7,47.6,47.6,47.6,47.7,47.6,47.7,35.6,47.7,47.6,47.6,47.7,47.6,47.6,35.4,35.3
0.000165,35.7,47.7,47.7,47.5,47.6,47.6,47.7,47.6,47.7,47.6,47.6,35.5,47.6,47.6,47.7,47.6,47.7,47.7,47.6,47.7,47.6,35.6,47.6,47.6,47.6,47.6,47.5,47.7,47.7,47.6,47.6,35.5,47.6,47.6,47.6,47.6,47.7,47.6,47.6,47.7,47.7,35.6,47.7,47.6,47.6,47.7,47.6,47.6,47.7,47.6,47.6,35.3,47.5,47.6,47.5,47.6,47.6,47.7,47.7,47.6,47.6,35.4,47.6,47.7,47.6,47.6,47.6,47.5,47.7,47.5,47.7,34.7,47.6,47.7,47.6,47.7,47.6,47.7,47.7,47.6,47.6,35.2,47.6,47.7,47.6,47.7,47.6,47.5,47.6,47.6,47.6,35.4,47.6,47.6,47.6,47.7,47.6,47.5,35.3,35.2
0.000165,35.6,47.6,47.6,47.6,47.7,47.7,47.7,47.7,47.5,47.6,47.5,35.4,47.5,47.7,47.5,47.7,47.6,47.7,47.6,47.7,47.7,35.5,47.6,47.7,47.7,47.5,47.6,47.6,47.6,47.6,47.7,35.5,47.7,47.6,47.7,47.6,47.6,47.6,47.6,47.6,47.6,35.5,47.7,47.7,47.6,47.6,47.6,47.6,47.6,47.7,47.7,35.4,47.7,47.7,47.6,47.5,47.6,47.6,47.6,47.7,47.6,35.3,47.6,47.6,47.6,47.6,47.6,47.6,47.5,47.6,47.6,34.6,47.6,47.6,47.6,47.7,47.6,47.7,47.7,47.6,47.6,35.2,47.6,47.6,47.7,47.6,47.5,47.7,47.6,47.7,47.6,35.5,47.7,47.5,47.7,47.7,47.5,47.6,35.5,35.4
0.000165,35.8,47.7,47.6,47.7,47.5,47.5,47.7,47.5,47.7,47.6,47.6,35.4,47.6,47.6,47.7,47.7,47.7,47.6,47.5,47.7,47.7,35.5,47.6,47.6,47.7,47.6,47.6,47.7,47.5,47.6,47.6,35.5,47.7,47.6,47.7,47.7,47.6,47.6,47.6,47.6,47.6,35.5,47.6,47.7,47.6,47.7,47.7,47.6,47.6,47.6,47.7,35.6,47.7,47.6,47.6,47.6,47.7,47.6,47.6,47.7,47.7,35.4,47.6,47.7,47.6,47.5,47.7,47.6,47.7,47.6,47.6,34.6,47.7,47.6,47.6,47.7,47.6,47.6,47.6,47.7,47.6,35.2,47.7,47.7,47.6,47.6,47.6,47.6,47.6,47.5,47.7,35.5,47.6,47.6,47.5,47.6,47.6,47.6,35.5,35.3
0.000165,35.6,47.6,47.6,47.6,47.6,47.6,47.5,47.7,47.7,47.7,47.6,35.5,47.7,47.5,47.6,47.7,47.6,47.5,47.6,47.7,47.7,35.4,47.7,47.6,47.6,47.6,47.6,47.6,47.5,47.7,47.7,35.4,47.7,47.6,47.5,47.6,47.6,47.7,47.6,47.7,47.6,35.6,47.6,47.6,47.6,47.6,47.6,47.6,47.6,47.6,47.7,35.6,47.7,47.6,47.7,47.6,47.7,47.6,47.6,47.7,47.7,35.4,47.6,47.6,47.7,47.6,47.7,47.6,47.7,47.7,47.7,35,47.6,47.6,47.6,47.5,47.7,47.7,47.6,47.6,47.6,35.2,47.6,47.6,47.7,47.7,47.6,47.6,47.6,47.6,47.6,35.4,47.6,47.6,47.6,47.5,47.5,47.6,35.4,35.3
0.000165,35.7,47.6,47.7,47.6,47.7,47.6,47.5,47.6,47.6,47.6,47.7,35.5,47.7,47.6,47.6,47.6,47.6,47.7,47.7,47.7,47.6,35.5,47.5,47.6,47.6,47.6,47.7,47.6,47.6,47.6,47.5,35.5,47.6,47.6,47.6,47.7,47.6,47.6,47.6,47.6,47.6,35.5,47.6,47.6,47.6,47.6,47.6,47.6,47.6,47.7,47.6,35.7,47.7,47.5,47.6,47.6,47.6,47.7,47.7,47.6,47.6,35.4,47.7,47.5,47.6,47.6,47.6,47.6,47.6,47.6,47.7,35.1,47.7,47.6,47.6,47.6,47.6,47.6,47.6,47.6,47.6,35.2,47.7,47.6,47.6,47.7,47.7,47.6,47.6,47.7,47.6,35.4,47.6,47.6,47.6,47.6,47.6,47.6,35.4,35.4
0.000166,35.5,47.6,47.7,47.6,47.5,47.6,47.6,47.7,47.6,47.6,47.6,35.4,47.6,47.6,47.7,47.7,47.7,47.6,47.6,47.6,47.6,35.5,47.6,47.7,47.6,47.7,47.6,47.6,47.5,47.6,47.7,35.5,47.7,47.7,47.7,47.6,47.6,47.6,47.7,47.7,47.6,35.4,47.6,47.7,47.7,47.7,47.7,47.6,47.7,47.5,47.6,35.6,47.7,47.5,47.6,47.6,47.7,47.6,47.6,47.5,47.6,35.3,47.6,47.6,47.7,47.6,47.6,47.7,47.6,47.6,47.7,35.2,47.7,47.5,47.6,47.6,47.6,47.5,47.6,47.6,47.6,35.2,47.5,47.7,47.6,47.6,47.7,47.7,47.6,47.6,47.6,35.1,47.5,47.6,47.6,47.7,47.7,47.6,35.2,35.3
0.000166,35.4,47.7,47.5,47.7,47.6,47.6,47.6,47.6,47.6,47.7,47.6,35.4,47.6,47.7,47.6,47.6,47.6,47.6,47.7,47.6,47.6,35.6,47.7,47.6,47.6,47.6,47.6,47.6,47.7,47.6,47.6,35.4,47.6,47.5,47.6,47.6,47.7,47.7,47.6,47.6,47.7,35.3,47.7,47.7,47.6,47.6,47.6,47.6,47.6,47.6,47.6,35.4,47.7,47.7,47.7,47.6,47.7,47.6,47.7,47.6,47.6,35.4,47.6,47.6,47.7,47.7,47.6,47.7,47.6,47.7,47.5,35.4,47.7,47.7,47.6,47.6,47.6,47.6,47.6,47.6,47.6,35.2,47.6,47.7,47.6,47.7,47.6,47.7,47.6,47.7,47.6,35,47.6,47.6,47.7,47.6,47.6,47.6,35.5,35.4
0.000166,35.2,47.7,47.7,47.5,47.6,47.7,47.7,47.6,47.6,47.7,47.7,35.5,47.6,47.7,47.7,47.6,47.6,47.7,47.7,47.7,47.7,35.6,47.6,47.7,47.7,47.7,47.7,47.7,47.7,47.6,47.6,35.3,47.7,47.5,47.6,47.5,47.5,47.7,47.7,47.6,47.7,35.3,47.7,47.6,47.7,47.5,47.6,47.6,47.7,47.6,47.7,35.3,47.7,47.6,47.6,47.6,47.6,47.7,47.5,47.7,47.5,35.4,47.6,47.7,47.6,47.6,47.7,47.6,47.6,47.7,47.7,35.4,47.7,47.7,47.6,47.6,47.7,47.5,47.5,47.6,47.6,35.2,47.6,47.6,47.6,47.6,47.7,47.6,47.6,47.7,47.5,34.9,47.5,47.7,47.7,47.7,47.6,47.6,35.3,35.5
0.000166,35.1,47.7,47.6,47.6,47.7,47.6,47.7,47.6,47.6,47.7,47.6,35.5,47.7,47.6,47.6,47.6,47.7,47.5,47.6,47.6,47.6,35.5,47.6,47.5,47.5,47.7,47.5,47.7,47.6,47.5,47.6,35.5,47.6,47.7,47.7,47.7,47.6,47.6,47.6,47.7,47.6,35.4,47.6,47.7,47.6,47.7,47.7,47.6,47.7,47.6,47.7,35.4,47.7,47.6,47.7,47.5,47.6,47.6,47.6,47.6,47.6,35.3,47.6,47.6,47.6,47.7,47.6,47.7,47.7,47.7,47.7,35.5,47.6,47.6,47.6,47.7,47.5,47.6,47.6,47.6,47.7,35.1,47.6,47.6,47.7,47.6,47.6,47.7,47.6,47.7,47.7,34.9,47.6,47.6,47.5,47.6,47.7,47.7,35.4,35.3
0.000166,35.2,47.7,47.7,47.7,47.5,47.6,47.7,47.6,47.7,47.6,47.6,35.5,47.7,47.7,47.5,47.6,47.7,47.7,47.6,47.7,47.7,35.5,47.5,47.6,47.6,47.7,47.6,47.6,47.6,47.7,47.7,35.5,47.7,47.7,47.6,47.6,47.7,47.7,47.7,47.6,47.6,35.5,47.6,47.7,47.6,47.7,47.6,47.6,47.6,47.5,47.6,35.3,47.7,47.6,47.6,47.6,47.7,47.6,47.6,47.6,47.7,35.3,47.6,47.6,47.6,47.6,47.6,47.7,47.7,47.6,47.6,35.4,47.6,47.6,47.7,47.7,47.6,47.6,47.6,47.6,47.6,35.1,47.7,47.7,47.7,47.5,47.6,47.6,47.7,47.6,47.6,34.9,47.6,47.6,47.6,47.7,47.6,47.7,35.4,35.4
0.000167,35.3,47.6,47.6,47.7,47.6,47.7,47.6,47.7,47.6,47.6,47.6,35.5,47.7,47.7,47.6,47.6,47.7,47.6,47.6,47.6,47.6,35.6,47.6,47.7,47.7,47.7,47.7,47.6,47.7,47.6,47.7,35.5,47.6,47.7,47.7,47.7,47.7,47.6,47.6,47.6,47.7,35.5,47.6,47.6,47.6,47.7,47.6,47.7,47.7,47.5,47.6,35.3,47.6,47.6,47.6,47.7,47.6,47.6,47.6,47.6,47.6,35.4,47.6,47.6,47.5,47.5,47.7,47.7,47.6,47.6,47.7,35,47.7,47.6,47.7,47.6,47.6,47.6,47.6,47.6,47.6,35.1,47.6,47.6,47.6,47.7,47.6,47.6,47.5,47.6,47.7,34.9,47.7,47.6,47.7,47.5,47.7,47.7,35.5,35.3
0.000167,35.5,47.7,47.6,47.6,47.6,47.6,47.7,47.6,47.6,47.7,47.6,35.6,47.6,47.7,47.6,47.6,47.7,47.7,47.5,47.7,47.5,35.7,47.7,47.6,47.6,47.7,47.6,47.6,47.7,47.6,47.7,35.5,47.6,47.6,47.7,47.6,47.6,47.7,47.6,47.7,47.6,35.5,47.7,47.7,47.6,47.7,47.6,47.6,47.7,47.7,47.6,35.3,47.6,47.7,47.6,47.6,47.7,47.7,47.6,47.6,47.6,35.4,47.6,47.7,47.7,47.7,47.6,47.7,47.7,47.6,47.6,34.9,47.6,47.6,47.6,47.7,47.6,47.6,47.6,47.6,47.6,34.9,47.6,47.6,47.7,47.7,47.6,47.7,47.6,47.7,47.7,35.1,47.6,47.6,47.5,47.7,47.7,47.7,35.5,35.4
0.000167,35.5,47.7,47.7,47.6,47.6,47.7,47.6,47.5,47.7,47.7,47.7,35.6,47.7,47.6,47.6,47.6,47.6,47.7,47.6,47.7,47.6,35.6,47.7,47.6,47.6,47.6,47.5,47.6,47.6,47.6,47.6,35.4,47.6,47.7,47.7,47.6,47.6,47.7,47.6,47.7,47.7,35.3,47.7,47.6,47.6,47.6,47.6,47.6,47.6,47.5,47.7,35.3,47.5,47.6,47.7,47.6,47.7,47.6,47.7,47.6,47.6,35.4,47.6,47.6,47.6,47.7,47.6,47.5,47.6,47.7,47.7,34.8,47.6,47.7,47.6,47.6,47.6,47.6,47.6,47.6,47.7,35.1,47.7,47.6,47.5,47.5,47.6,47.7,47.6,47.7,47.5,35.3,47.7,47.7,47.6,47.7,47.6,47.6,35.5,35.4
0.000167,35.5,47.5,47.7,47.6,47.7,47.7,47.7,47.7,47.5,47.5,47.6,35.8,47.6,47.6,47.6,47.6,47.7,47.7,47.7,47.6,47.7,35.7,47.7,47.7,47.6,47.6,47.6,47.7,47.7,47.6,47.5,35.4,47.5,47.7,47.7,47.6,47.6,47.6,47.7,47.7,47.6,35.3,47.6,47.6,47.6,47.6,47.6,47.6,47.5,47.5,47.6,35.3,47.5,47.7,47.7,47.6,47.6,47.6,47.7,47.7,47.7,35.4,47.7,47.6,47.6,47.6,47.6,47.6,47.5,47.7,47.6,34.8,47.7,47.7,47.6,47.6,47.6,47.7,47.6,47.6,47.6,35.1,47.6,47.6,47.7,47.6,47.7,47.7,47.7,47.6,47.6,35.4,47.7,47.7,47.7,47.6,47.6,47.6,35.5,35.5
0.000167,35.7,47.7,47.7,47.6,47.7,47.7,47.6,47.6,47.6,47.6,47.6,35.7,47.6,47.6,47.7,47.7,47.7,47.6,47.7,47.6,47.6,35.7,47.7,47.6,47.7,47.6,47.7,47.6,47.7,47.6,47.7,35.4,47.6,47.6,47.7,47.6,47.6,47.7,47.6,47.6,47.7,35.3,47.5,47.6,47.7,47.7,47.7,47.6,47.7,47.7,47.6,35.5,47.7,47.7,47.7,47.6,47.7,47.7,47.7,47.7,47.6,35.4,47.7,47.6,47.7,47.6,47.6,47.6,47.7,47.6,47.7,34.8,47.7,47.6,47.7,47.6,47.6,47.6,47.7,47.5,47.6,35.1,47.6,47.7,47.6,47.5,47.6,47.6,47.7,47.6,47.5,35.4,47.6,47.6,47.7,47.7,47.6,47.6,35.5,35.5
0.000168,35.5,47.6,47.7,47.6,47.6,47.6,47.7,47.6,47.6,47.6,47.6,35.7,47.6,47.7,47.6,47.7,47.7,47.7,47.6,47.5,47.6,35.8,47.6,47.7,47.6,47.7,47.7,47.7,47.7,47.6,47.7,35.4,47.6,47.7,47.7,47.7,47.6,47.6,47.6,47.6,47.5,35.3,47.6,47.6,47.7,47.6,47.6,47.6,47.7,47.7,47.7,35.7,47.6,47.6,47.6,47.6,47.6,47.7,47.7,47.6,47.5,35.4,47.7,47.7,47.7,47.5,47.6,47.6,47.6,47.7,47.6,35,47.7,47.6,47.6,47.6,47.6,47.6,47.5,47.7,47.6,35,47.6,47.6,47.6,47.7,47.6,47.7,47.7,47.6,47.6,35.4,47.6,47.6,47.6,47.6,47.7,47.6,35.4,35.5
0.000168,35.5,47.7,47.7,47.6,47.6,47.6,47.6,47.6,47.6,47.6,47.6,35.7,47.7,47.6,47.6,47.7,47.6,47.7,47.7,47.6,47.7,35.8,47.5,47.6,47.6,47.7,47.6,47.6,47.7,47.7,47.6,35.4,47.7,47.7,47.7,47.6,47.6,47.6,47.7,47.6,47.5,35.3,47.6,47.6,47.7,47.6,47.6,47.6,47.7,47.5,47.7,35.4,47.6,47.6,47.7,47.6,47.7,47.4,47.4,47.6,47.6,35.3,47.7,47.7,47.6,47.6,47.7,47.7,47.6,47.6,47.6,35.2,47.6,47.6,47.6,47.7,47.6,47.7,47.6,47.7,47.7,35.1,47.7,47.7,47.7,47.7,47.6,47.6,47.6,47.6,47.7,35.3,47.7,47.5,47.5,47.6,47.7,47.6,35.4,35.5
0.000168,35.5,47.6,47.7,47.6,47.6,47.6,47.6,47.7,47.6,47.6,47.7,35.5,47.6,47.7,47.7,47.6,47.6,47.6,47.6,47.6,47.7,35.8,47.6,47.6,47.6,47.6,47.7,47.7,47.7,47.7,47.7,35.4,47.5,47.5,47.6,47.7,47.6,47.6,47.6,47.5,47.6,35.3,47.6,47.6,47.5,47.7,47.7,47.7,47.6,47.6,47.7,35.6,47.7,47.7,47.6,47.6,47.6,47.7,47.7,47.6,47.7,35.4,47.7,47.6,47.7,47.6,47.7,47.6,47.6,47.6,47.6,35.3,47.6,47.6,47.6,47.6,47.6,47.7,47.5,47.7,47.6,35.2,47.6,47.4,47.6,47.5,47.6,47.6,47.7,47.7,47.6,35.2,47.7,47.6,47.6,47.6,47.6,47.7,35.5,35.2
0.000168,35.5,47.7,47.6,47.6,47.5,47.6,47.6,47.6,47.6,47.7,47.7,35.5,47.6,47.6,47.6,47.6,47.6,47.6,47.6,47.7,47.6,35.8,47.7,47.6,47.6,47.7,47.7,47.7,47.6,47.7,47.5,35.5,47.6,47.6,47.7,47.6,47.6,47.7,47.6,47.6,47.7,35.4,47.6,47.6,47.6,47.5,47.7,47.6,47.6,47.6,47.7,35.6,47.6,47.6,47.6,47.6,47.7,47.6,47.6,47.6,47.6,35.4,47.7,47.6,47.6,47.7,47.5,47.6,47.7,47.6,47.7,35.4,47.7,47.6,47.5,47.6,47.6,47.6,47.7,47.6,47.7,35.1,47.6,47.7,47.6,47.6,47.6,47.6,47.7,47.7,47.7,35,47.6,47.6,47.6,47.5,47.6,47.6,35.3,35.4
0.000168,35.4,47.6,47.6,47.6,47.5,47.5,47.5,47.6,47.6,47.6,47.7,35.2,47.7,47.6,47.6,47.6,47.7,47.5,47.7,47.6,47.7,35.7,47.6,47.6,47.6,47.6,47.6,47.7,47.7,47.7,47.6,35.4,47.7,47.6,47.7,47.7,47.5,47.5,47.7,47.6,47.7,35.3,47.5,47.6,47.5,47.6,47.6,47.6,47.7,47.6,47.7,35.5,47.6,47.6,47.6,47.6,47.6,47.7,47.5,47.6,47.7,35.4,47.6,47.6,47.6,47.6,47.7,47.6,47.6,47.6,47.6,35.5,47.7,47.6,47.6,47.6,47.5,47.7,47.6,47.6,47.5,35.2,47.7,47.7,47.5,47.6,47.6,47.6,47.6,47.7,47.7,35.1,47.6,47.5,47.6,47.6,47.6,47.7,35.4,35.4
0.000169,35.2,47.6,47.6,47.6,47.5,47.5,47.6,47.7,47.6,47.6,47.6,35.3,47.7,47.6,47.6,47.7,47.6,47.7,47.6,47.6,47.5,35.7,47.6,47.7,47.6,47.6,47.6,47.6,47.6,47.7,47.6,35.5,47.7,47.7,47.6,47.6,47.6,47.6,47.6,47.5,47.6,35.3,47.7,47.6,47.5,47.7,47.6,47.6,47.7,47.6,47.7,35.4,47.7,47.7,47.6,47.7,47.5,47.7,47.6,47.7,47.6,35.4,47.7,47.7,47.6,47.7,47.5,47.6,47.6,47.6,47.6,35.4,47.7,47.7,47.5,47.6,47.6,47.6,47.6,47.7,47.6,35.1,47.6,47.7,47.7,47.6,47.6,47.6,47.6,47.7,47.6,35.1,47.6,47.5,47.7,47.7,47.4,47.7,35.5,35.5
0.000169,35.2,47.7,47.5,47.6,47.6,47.6,47.6,47.6,47.6,47.6,47.7,35.3,47.6,47.7,47.7,47.7,47.6,47.7,47.7,47.6,47.5,35.4,47.6,47.5,47.5,47.6,47.6,47.6,47.7,47.6,47.5,35.5,47.5,47.6,47.7,47.6,47.7,47.7,47.7,47.6,47.7,35,47.7,47.6,47.7,47.6,47.6,47.7,47.7,47.6,47.6,35.3,47.7,47.6,47.6,47.6,47.6,47.7,47.6,47.7,47.7,35.6,47.6,47.6,47.6,47.6,47.5,47.7,47.6,47.6,47.6,35.4,47.6,47.4,47.5,47.6,47.6,47.6,47.7,47.5,47.4,35.2,47.6,47.6,47.7,47.6,47.6,47.6,47.5,47.7,47.6,35.2,47.6,47.6,47.5,47.5,47.6,47.6,35.4,35.4
0.000169,35.4,47.6,47.6,47.6,47.5,47.6,47.6,47.6,47.6,47.6,47.7,35.3,47.6,47.6,47.7,47.6,47.6,47.6,47.7,47.6,47.5,35.2,47.6,47.6,47.5,47.6,47.6,47.6,47.6,47.5,47.6,35.4,47.5,47.6,47.6,47.6,47.5,47.5,47.6,47.7,47.6,35,47.6,47.7,47.6,47.6,47.5,47.6,47.5,47.6,47.6,35.5,47.6,47.5,47.5,47.6,47.7,47.7,47.6,47.6,47.7,35.7,47.7,47.6,47.7,47.6,47.7,47.7,47.7,47.6,47.6,35.3,47.5,47.7,47.6,47.6,47.6,47.6,47.6,47.6,47.7,35.2,47.7,47.6,47.6,47.6,47.6,47.6,47.6,47.7,47.6,35.3,47.6,47.6,47.6,47.6,47.6,47.7,35.3,35.3
0.000169,35.6,47.7,47.7,47.6,47.6,47.6,47.7,47.6,47.6,47.6,47.6,35.3,47.7,47.6,47.7,47.5,47.6,47.7,47.7,47.7,47.7,35.3,47.6,47.7,47.6,47.6,47.6,47.5,47.7,47.7,47.6,35.5,47.7,47.7,47.6,47.6,47.7,47.7,47.7,47.6,47.7,35,47.5,47.5,47.6,47.6,47.6,47.6,47.7,47.6,47.6,35.5,47.6,47.6,47.7,47.6,47.6,47.7,47.7,47.6,47.6,35.5,47.6,47.6,47.7,47.7,47.7,47.7,47.6,47.6,47.6,35.1,47.7,47.7,47.7,47.6,47.6,47.6,47.6,47.6,47.6,35.1,47.7,47.6,47.6,47.7,47.6,47.6,47.7,47.6,47.6,35.3,47.6,47.6,47.6,47.6,47.6,47.6,35.4,35.5
0.000169,35.5,47.7,47.7,47.6,47.6,47.6,47.7,47.6,47.6,47.6,47.7,35.4,47.6,47.7,47.6,47.6,47.7,47.6,47.7,47.6,47.6,35.2,47.7,47.6,47.6,47.5,47.7,47.6,47.7,47.6,47.6,35.4,47.6,47.7,47.7,47.7,47.6,47.5,47.7,47.6,47.6,35.2,47.5,47.6,47.5,47.7,47.7,47.7,47.5,47.6,47.6,35.7,47.6,47.6,47.6,47.6,47.6,47.7,47.6,47.6,47.6,35.4,47.7,47.6,47.6,47.6,47.5,47.6,47.7,47.6,47.7,35,47.6,47.6,47.7,47.6,47.6,47.6,47.6,47.7,47.6,35.2,47.7,47.6,47.7,47.6,47.6,47.7,47.6,47.6,47.6,35.3,47.6,47.7,47.7,47.6,47.7,47.6,35.6,35.5
0.00017,35.6,47.7,47.5,47.6,47.7,47.7,47.7,47.6,47.6,47.6,47.6,35.6,47.6,47.7,47.6,47.6,47.6,47.7,47.7,47.6,47.7,35.2,47.7,47.7,47.6,47.6,47.7,47.6,47.7,47.7,47.7,35.6,47.6,47.6,47.6,47.6,47.6,47.6,47.7,47.6,47.6,35.3,47.7,47.7,47.7,47.6,47.6,47.7,47.5,47.6,47.7,35.7,47.6,47.6,47.5,47.5,47.6,47.6,47.7,47.7,47.7,35.4,47.7,47.5,47.6,47.7,47.6,47.6,47.7,47.7,47.6,35,47.6,47.6,47.6,47.6,47.6,47.5,47.6,47.5,47.7,35.2,47.6,47.5,47.6,47.7,47.6,47.6,47.7,47.7,47.7,35.3,47.6,47.6,47.6,47.6,47.6,47.5,35.5,35.5
0.00017,35.5,47.6,47.6,47.7,47.6,47.7,47.6,47.6,47.6,47.6,47.6,35.7,47.6,47.6,47.6,47.6,47.6,47.7,47.5,47.7,47.6,35.4,47.6,47.7,47.6,47.7,47.7,47.6,47.7,47.6,47.6,35.5,47.6,47.5,47.5,47.7,47.6,47.7,47.5,47.7,47.6,35.5,47.7,47.6,47.6,47.6,47.7,47.7,47.7,47.6,47.6,35.7,47.7,47.6,47.6,47.6,47.7,47.7,47.6,47.6,47.6,35.4,47.7,47.6,47.6,47.7,47.6,47.6,47.7,47.7,47.6,34.9,47.6,47.7,47.6,47.6,47.6,47.6,47.6,47.7,47.6,35.3,47.7,47.6,47.6,47.7,47.7,47.6,47.6,47.6,47.7,35.4,47.7,47.6,47.7,47.5,47.6,47.7,35.5,35.4
0.00017,35.5,47.6,47.6,47.7,47.7,47.6,47.6,47.7,47.6,47.7,47.7,35.6,47.6,47.6,47.7,47.6,47.6,47.6,47.6,47.7,47.5,35.3,47.6,47.6,47.7,47.7,47.6,47.6,47.6,47.7,47.6,35.5,47.7,47.6,47.7,47.7,47.6,47.7,47.6,47.6,47.6,35.7,47.7,47.7,47.6,47.7,47.5,47.6,47.6,47.6,47.7,35.7,47.5,47.7,47.6,47.6,47.6,47.6,47.6,47.7,47.6,35.2,47.5,47.7,47.6,47.6,47.6,47.6,47.6,47.6,47.6,35,47.6,47.6,47.6,47.6,47.6,47.7,47.6,47.6,47.6,35.2,47.6,47.6,47.6,47.6,47.7,47.7,47.6,47.7,47.7,35.4,47.6,47.7,47.7,47.6,47.6,47.6,35.4,35.5
0.00017,35.5,47.6,47.6,47.5,47.6,47.7,47.6,47.6,47.6,47.6,47.6,35.7,47.7,47.6,47.7,47.4,47.5,47.7,47.7,47.7,47.6,35.4,47.6,47.7,47.7,47.6,47.6,47.6,47.6,47.5,47.7,35.6,47.6,47.7,47.7,47.6,47.6,47.7,47.7,47.7,47.6,35.8,47.6,47.6,47.6,47.7,47.5,47.7,47.7,47.7,47.5,35.7,47.6,47.6,47.6,47.6,47.6,47.7,47.6,47.5,47.7,35.3,47.6,47.6,47.7,47.6,47.7,47.7,47.6,47.6,47.6,35,47.6,47.5,47.7,47.7,47.6,47.6,47.7,47.6,47.6,35.2,47.6,47.6,47.6,47.6,47.6,47.6,47.6,47.4,47.6,35.4,47.6,47.6,47.7,47.6,47.6,47.4,35.5,35.5
0.00017,35.5,47.6,47.6,47.6,47.6,47.7,47.6,47.6,47.6,47.7,47.5,35.6,47.7,47.6,47.7,47.6,47.5,47.6,47.6,47.7,47.7,35.4,47.7,47.7,47.5,47.7,47.6,47.7,47.7,47.6,47.6,35.3,47.7,47.6,47.7,47.6,47.6,47.6,47.6,47.6,47.7,35.7,47.6,47.7,47.6,47.7,47.6,47.6,47.7,47.7,47.6,35.3,47.6,47.7,47.6,47.6,47.6,47.7,47.5,47.5,47.7,35.2,47.6,47.6,47.6,47.6,47.6,47.6,47.6,47.6,47.6,35.2,47.7,47.6,47.6,47.7,47.5,47.6,47.7,47.6,47.6,35.2,47.6,47.7,47.6,47.6,47.6,47.7,47.6,47.5,47.6,35.3,47.7,47.7,47.6,47.6,47.6,47.7,35.4,35.3
0.000171,35.5,47.6,47.7,47.7,47.6,47.6,47.6,47.6,47.6,47.6,47.7,35.5,47.6,47.7,47.6,47.6,47.7,47.7,47.6,47.7,47.7,35.4,47.6,47.6,47.7,47.6,47.6,47.5,47.6,47.6,47.7,35.5,47.6,47.6,47.7,47.5,47.6,47.6,47.7,47.6,47.6,35.7,47.7,47.6,47.7,47.5,47.7,47.6,47.7,47.6,47.5,35.2,47.7,47.6,47.6,47.6,47.7,47.7,47.7,47.6,47.6,35.2,47.6,47.6,47.7,47.6,47.6,47.6,47.5,47.6,47.6,35.4,47.5,47.7,47.7,47.6,47.7,47.6,47.6,47.6,47.7,35.1,47.5,47.6,47.6,47.6,47.7,47.6,47.6,47.5,47.6,35.4,47.6,47.7,47.7,47.6,47.7,47.6,35.4,35.5
0.000171,35.5,47.7,47.7,47.6,47.7,47.6,47.6,47.6,47.6,47.6,47.6,35.4,47.7,47.6,47.5,47.7,47.5,47.6,47.6,47.7,47.7,35.6,47.6,47.6,47.6,47.6,47.6,47.7,47.7,47.7,47.6,35.5,47.7,47.6,47.6,47.6,47.6,47.7,47.6,47.7,47.7,35.6,47.7,47.7,47.6,47.6,47.6,47.6,47.6,47.6,47.6,35.1,47.7,47.6,47.6,47.6,47.6,47.6,47.7,47.7,47.6,35.4,47.5,47.7,47.5,47.5,47.6,47.7,47.6,47.6,47.7,35.3,47.6,47.6,47.6,47.5,47.6,47.7,47.6,47.6,47.7,35.2,47.6,47.7,47.6,47.6,47.6,47.7,47.7,47.6,47.6,35.3,47.6,47.6,47.4,47.7,47.7,47.7,35.4,35.3
0.000171,35.6,47.6,47.5,47.6,47.6,47.5,47.6,47.5,47.7,47.6,47.6,35.3,47.7,47.7,47.7,47.7,47.7,47.7,47.5,47.6,47.7,35.7,47.6,47.6,47.6,47.7,47.5,47.6,47.6,47.7,47.7,35.4,47.6,47.6,47.6,47.7,47.6,47.6,47.6,47.6,47.7,35.4,47.7,47.6,47.6,47.7,47.5,47.6,47.6,47.7,47.7,35,47.7,47.6,47.6,47.6,47.7,47.7,47.6,47.5,47.7,35.4,47.7,47.7,47.7,47.6,47.6,47.6,47.5,47.6,47.6,35.2,47.7,47.6,47.6,47.5,47.6,47.7,47.7,47.6,47.6,35.5,47.6,47.6,47.6,47.6,47.6,47.6,47.6,47.6,47.6,35.2,47.7,47.6,47.6,47.6,47.7,47.7,35.4,35.4
0.000171,35.5,47.7,47.6,47.6,47.7,47.6,47.6,47.6,47.7,47.7,47.7,35.3,47.7,47.6,47.6,47.6,47.6,47.6,47.6,47.7,47.5,35.7,47.6,47.6,47.6,47.6,47.5,47.6,47.6,47.7,47.6,35.5,47.6,47.7,47.5,47.7,47.6,47.6,47.6,47.7,47.6,35.3,47.7,47.6,47.7,47.7,47.5,47.7,47.6,47.5,47.6,34.9,47.6,47.5,47.7,47.6,47.6,47.6,47.5,47.6,47.6,35.4,47.6,47.5,47.7,47.5,47.6,47.6,47.6,47.6,47.6,35.1,47.6,47.6,47.6,47.6,47.7,47.6,47.6,47.6,47.5,35.5,47.6,47.6,47.6,47.7,47.7,47.6,47.6,47.7,47.5,35,47.7,47.6,47.6,47.6,47.6,47.7,35.2,35.2
0.000171,35.2,47.7,47.6,47.6,47.6,47.6,47.6,47.6,47.6,47.7,47.6,35.3,47.6,47.7,47.6,47.7,47.6,47.6,47.6,47.6,47.7,35.6,47.6,47.5,47.7,47.6,47.7,47.6,47.6,47.6,47.7,35.5,47.6,47.6,47.7,47.5,47.6,47.6,47.6,47.6,47.6,35.3,47.7,47.6,47.7,47.6,47.6,47.7,47.7,47.6,47.6,35.1,47.6,47.6,47.6,47.6,47.6,47.6,47.6,47.6,47.5,35.5,47.6,47.7,47.6,47.7,47.6,47.5,47.6,47.7,47.6,35,47.5,47.7,47.6,47.6,47.5,47.6,47.6,47.6,47.7,35.5,47.6,47.7,47.6,47.7,47.7,47.6,47.6,47.6,47.6,35,47.6,47.6,47.6,47.6,47.7,47.6,35.2,35.2
0.000172,35.3,47.6,47.7,47.7,47.6,47.6,47.6,47.6,47.6,47.6,47.7,35.3,47.7,47.6,47.6,47.6,47.7,47.7,47.6,47.6,47.6,35.5,47.6,47.7,47.6,47.6,47.6,47.5,47.6,47.5,47.7,35.5,47.7,47.6,47.6,47.7,47.7,47.7,47.6,47.6,47.7,35.3,47.6,47.7,47.6,47.6,47.7,47.6,47.5,47.6,47.6,35.3,47.7,47.6,47.6,47.6,47.5,47.7,47.7,47.6,47.6,35.5,47.7,47.6,47.6,47.6,47.6,47.7,47.7,47.6,47.6,35,47.7,47.5,47.7,47.5,47.7,47.6,47.6,47.7,47.7,35.5,47.5,47.6,47.6,47.7,47.5,47.6,47.6,47.7,47.6,35.2,47.6,47.7,47.6,47.6,47.7,47.7,35.3,35.2
0.000172,35.1,47.5,47.6,47.6,47.7,47.6,47.6,47.6,47.7,47.6,47.6,35.3,47.6,47.7,47.7,47.6,47.6,47.6,47.7,47.6,47.6,35.2,47.7,47.7,47.6,47.6,47.6,47.6,47.7,47.6,47.6,35.4,47.6,47.6,47.6,47.7,47.6,47.7,47.7,47.7,47.6,35.3,47.7,47.7,47.7,47.7,47.6,47.7,47.6,47.7,47.7,35.5,47.6,47.4,47.6,47.5,47.6,47.6,47.5,47.7,47.7,35.4,47.6,47.6,47.7,47.6,47.6,47.6,47.7,47.6,47.6,35,47.6,47.7,47.6,47.7,47.6,47.6,47.7,47.6,47.5,35.6,47.7,47.5,47.7,47.7,47.6,47.6,47.6,47.6,47.7,35.3,47.6,47.6,47.6,47.6,47.6,47.6,35.3,35.2
0.000172,35.2,47.6,47.6,47.6,47.6,47.6,47.6,47.6,47.7,47.7,47.6,35.5,47.6,47.6,47.6,47.6,47.7,47.6,47.6,47.6,47.5,35.2,47.6,47.6,47.6,47.6,47.7,47.7,47.7,47.6,47.6,35.4,47.5,47.6,47.6,47.7,47.6,47.6,47.7,47.6,47.6,35.5,47.5,47.6,47.6,47.7,47.6,47.6,47.6,47.6,47.6,35.6,47.5,47.6,47.5,47.6,47.6,47.7,47.6,47.7,47.7,35.4,47.7,47.6,47.6,47.5,47.7,47.7,47.6,47.7,47.7,35,47.5,47.6,47.6,47.7,47.6,47.6,47.6,47.5,47.6,35.4,47.5,47.7,47.7,47.7,47.6,47.6,47.6,47.6,47.6,35.3,47.7,47.6,47.6,47.6,47.5,47.6,35.5,35.2
0.000172,35.2,47.7,47.5,47.6,47.6,47.6,47.6,47.7,47.6,47.6,47.6,35.5,47.6,47.6,47.6,47.6,47.7,47.7,47.6,47.6,47.5,35.2,47.6,47.6,47.6,47.7,47.6,47.6,47.6,47.6,47.7,35.3,47.6,47.6,47.6,47.6,47.6,47.6,47.6,47.7,47.6,35.7,47.6,47.5,47.6,47.7,47.7,47.7,47.6,47.6,47.6,35.7,47.6,47.7,47.6,47.6,47.7,47.6,47.6,47.5,47.6,35.3,47.6,47.6,47.6,47.7,47.7,47.6,47.6,47.6,47.6,35,47.7,47.7,47.6,47.7,47.5,47.6,47.6,47.6,47.6,35.2,47.6,47.7,47.6,47.5,47.7,47.7,47.6,47.5,47.7,35.4,47.6,47.6,47.6,47.6,47.6,47.5,35.5,35.3
0.000172,35.3,47.6,47.6,47.5,47.6,47.6,47.6,47.6,47.6,47.5,47.6,35.5,47.6,47.7,47.6,47.6,47.7,47.5,47.7,47.7,47.6,35.3,47.6,47.6,47.6,47.6,47.6,47.5,47.7,47.6,47.7,35.3,47.4,47.5,47.7,47.6,47.6,47.5,47.5,47.6,47.6,35.8,47.6,47.7,47.6,47.6,47.6,47.7,47.6,47.6,47.6,35.7,47.7,47.7,47.7,47.7,47.6,47.6,47.6,47.7,47.5,35.2,47.6,47.6,47.6,47.6,47.7,47.7,47.6,47.6,47.7,35.2,47.5,47.7,47.6,47.6,47.6,47.6,47.6,47.7,47.6,35.1,47.6,47.7,47.6,47.6,47.7,47.6,47.6,47.6,47.5,35.6,47.7,47.7,47.6,47.6,47.7,47.6,35.3,35.5
0.000173,35.3,47.6,47.6,47.6,47.6,47.6,47.6,47.6,47.5,47.6,47.7,35.5,47.6,47.7,47.6,47.6,47.6,47.7,47.6,47.6,47.6,35.4,47.6,47.6,47.5,47.7,47.6,47.6,47.6,47.7,47.6,35.3,47.7,47.6,47.6,47.6,47.7,47.6,47.6,47.6,47.6,35.9,47.5,47.7,47.4,47.6,47.6,47.7,47.7,47.6,47.6,35.7,47.7,47.6,47.6,47.6,47.6,47.5,47.6,47.6,47.6,35.2,47.6,47.6,47.7,47.7,47.6,47.6,47.6,47.7,47.6,35.1,47.7,47.7,47.6,47.6,47.6,47.6,47.6,47.6,47.6,34.9,47.5,47.6,47.6,47.6,47.6,47.6,47.6,47.6,47.6,35.6,47.6,47.7,47.6,47.6,47.5,47.6,35.4,35.5
0.000173,35.5,47.6,47.6,47.6,47.6,47.6,47.6,47.5,47.6,47.6,47.5,35.5,47.6,47.7,47.6,47.5,47.6,47.7,47.7,47.6,47.6,35.5,47.7,47.6,47.7,47.6,47.6,47.6,47.6,47.6,47.7,35.3,47.7,47.5,47.6,47.6,47.6,47.6,47.7,47.7,47.6,36,47.6,47.7,47.7,47.6,47.7,47.7,47.7,47.6,47.6,35.6,47.6,47.6,47.6,47.7,47.6,47.6,47.7,47.6,47.7,35.1,47.6,47.6,47.7,47.5,47.6,47.6,47.6,47.6,47.6,35,47.6,47.6,47.5,47.6,47.6,47.5,47.6,47.6,47.6,34.9,47.6,47.6,47.7,47.7,47.6,47.6,47.7,47.7,47.6,35.7,47.6,47.7,47.7,47.7,47.6,47.6,35.4,35.6
0.000173,35.6,47.6,47.7,47.6,47.6,47.6,47.6,47.5,47.7,47.7,47.6,35.5,47.5,47.6,47.7,47.5,47.7,47.6,47.7,47.6,47.6,35.6,47.7,47.6,47.6,47.6,47.6,47.6,47.6,47.6,47.6,35.3,47.7,47.5,47.7,47.6,47.6,47.7,47.6,47.6,47.6,35.8,47.5,47.6,47.6,47.7,47.7,47.6,47.6,47.6,47.6,35.4,47.7,47.7,47.6,47.6,47.7,47.6,47.6,47.6,47.5,35.1,47.6,47.6,47.7,47.7,47.5,47.6,47.6,47.6,47.7,35.2,47.6,47.6,47.6,47.6,47.6,47.7,47.6,47.6,47.6,34.9,47.6,47.6,47.6,47.7,47.6,47.7,47.6,47.7,47.6,35.6,47.6,47.7,47.7,47.7,47.7,47.6,35.4,35.7
0.000173,35.8,47.6,47.6,47.6,47.6,47.6,47.7,47.6,47.7,47.6,47.6,35.5,47.6,47.6,47.6,47.5,47.7,47.6,47.6,47.6,47.7,35.7,47.7,47.6,47.7,47.7,47.6,47.7,47.6,47.6,47.6,35.3,47.7,47.6,47.6,47.6,47.7,47.6,47.6,47.6,47.6,35.8,47.6,47.6,47.5,47.7,47.6,47.6,47.5,47.6,47.6,35.3,47.5,47.6,47.6,47.4,47.6,47.6,47.7,47.6,47.6,35.1,47.6,47.5,47.6,47.7,47.7,47.5,47.6,47.7,47.7,35.3,47.6,47.5,47.6,47.6,47.6,47.6,47.7,47.6,47.7,35,47.6,47.6,47.5,47.6,47.7,47.6,47.6,47.6,47.6,35.7,47.6,47.6,47.7,47.6,47.7,47.6,35.5,35.7
0.000173,35.7,47.7,47.6,47.7,47.6,47.5,47.6,47.7,47.6,47.6,47.7,35.3,47.7,47.7,47.6,47.7,47.6,47.7,47.7,47.6,47.6,35.8,47.7,47.6,47.6,47.6,47.7,47.6,47.7,47.7,47.6,35.4,47.7,47.7,47.7,47.6,47.6,47.6,47.6,47.6,47.6,35.5,47.5,47.7,47.6,47.6,47.6,47.6,47.5,47.6,47.7,35.2,47.6,47.7,47.6,47.6,47.6,47.6,47.6,47.6,47.6,35.4,47.6,47.7,47.7,47.7,47.6,47.6,47.6,47.7,47.6,35.4,47.7,47.7,47.6,47.6,47.6,47.6,47.7,47.7,47.6,35,47.5,47.7,47.6,47.6,47.7,47.6,47.6,47.5,47.7,35.6,47.6,47.6,47.5,47.6,47.6,47.6,35.6,35.7
0.000174,35.8,47.5,47.7,47.6,47.6,47.6,47.6,47.7,47.7,47.7,47.6,35.4,47.6,47.6,47.7,47.7,47.6,47.6,47.6,47.7,47.7,35.8,47.6,47.7,47.6,47.6,47.6,47.7,47.7,47.6,47.7,35.3,47.6,47.6,47.6,47.5,47.7,47.6,47.5,47.6,47.5,35.2,47.6,47.6,47.7,47.7,47.7,47.6,47.7,47.6,47.6,35.1,47.6,47.6,47.6,47.6,47.6,47.5,47.6,47.6,47.6,35.3,47.6,47.6,47.6,47.5,47.7,47.6,47.7,47.6,47.6,35.4,47.7,47.6,47.6,47.6,47.5,47.6,47.6,47.6,47.6,35.1,47.7,47.7,47.7,47.5,47.6,47.6,47.6,47.6,47.6,35.5,47.6,47.5,47.6,47.7,47.5,47.6,35.5,35.5
0.000174,35.8,47.6,47.6,47.6,47.6,47.7,47.6,47.7,47.6,47.6,47.6,35.3,47.6,47.6,47.6,47.7,47.6,47.7,47.6,47.5,47.6,35.8,47.6,47.6,47.6,47.7,47.7,47.6,47.6,47.6,47.6,35.4,47.6,47.7,47.6,47.6,47.4,47.7,47.6,47.7,47.7,35.3,47.7,47.7,47.6,47.6,47.6,47.6,47.6,47.7,47.6,35.3,47.6,47.6,47.7,47.6,47.5,47.6,47.5,47.6,47.6,35.5,47.6,47.6,47.5,47.6,47.6,47.6,47.6,47.5,47.6,35.3,47.6,47.5,47.7,47.7,47.6,47.7,47.6,47.6,47.6,35.3,47.7,47.5,47.6,47.6,47.6,47.6,47.5,47.7,47.6,35.4,47.7,47.6,47.6,47.6,47.7,47.6,35.5,35.4
0.000174,35.5,47.6,47.7,47.6,47.7,47.6,47.5,47.6,47.6,47.6,47.7,35.4,47.7,47.7,47.6,47.6,47.5,47.7,47.6,47.6,47.6,35.7,47.6,47.6,47.6,47.6,47.7,47.7,47.7,47.7,47.6,35.3,47.7,47.7,47.7,47.6,47.6,47.6,47.6,47.6,47.6,35,47.7,47.7,47.6,47.6,47.5,47.6,47.7,47.6,47.6,35.3,47.6,47.5,47.6,47.6,47.7,47.7,47.5,47.5,47.6,35.4,47.7,47.6,47.6,47.6,47.5,47.6,47.5,47.6,47.6,35.3,47.7,47.6,47.7,47.6,47.5,47.6,47.6,47.6,47.6,35.5,47.7,47.7,47.6,47.6,47.6,47.6,47.7,47.7,47.6,35.6,47.7,47.5,47.6,47.5,47.6,47.7,35.4,35.2
0.000174,35.4,47.7,47.6,47.6,47.7,47.6,47.7,47.6,47.7,47.7,47.6,35.5,47.7,47.6,47.6,47.6,47.6,47.7,47.6,47.7,47.6,35.6,47.6,47.6,47.7,47.6,47.5,47.6,47.7,47.6,47.6,35.4,47.5,47.6,47.7,47.7,47.7,47.7,47.7,47.6,47.5,35,47.5,47.6,47.6,47.7,47.6,47.5,47.5,47.7,47.6,35.5,47.5,47.6,47.6,47.7,47.7,47.7,47.6,47.6,47.6,35.4,47.6,47.5,47.4,47.6,47.5,47.6,47.6,47.5,47.6,35.2,47.6,47.7,47.5,47.7,47.6,47.7,47.7,47.6,47.6,35.5,47.6,47.5,47.6,47.7,47.7,47.6,47.6,47.7,47.6,35.4,47.5,47.7,47.7,47.5,47.6,47.6,35.2,35.2
0.000174,35.2,47.6,47.7,47.7,47.6,47.6,47.6,47.6,47.7,47.7,47.6,35.5,47.5,47.5,47.6,47.6,47.5,47.6,47.6,47.6,47.6,35.5,47.7,47.6,47.7,47.6,47.7,47.6,47.6,47.6,47.6,35.5,47.6,47.6,47.6,47.6,47.7,47.7,47.7,47.6,47.6,35.1,47.6,47.6,47.5,47.7,47.6,47.6,47.5,47.6,47.7,35.5,47.6,47.6,47.6,47.6,47.6,47.6,47.7,47.6,47.7,35.3,47.5,47.7,47.6,47.6,47.6,47.5,47.6,47.6,47.7,35.1,47.7,47.6,47.7,47.7,47.6,47.6,47.6,47.5,47.6,35.6,47.6,47.6,47.7,47.6,47.5,47.5,47.6,47.7,47.6,35.4,47.5,47.7,47.6,47.5,47.6,47.6,35.2,35.2
0.000175,35.2,47.7,47.6,47.7,47.6,47.7,47.5,47.6,47.6,47.6,47.7,35.5,47.6,47.6,47.6,47.6,47.7,47.7,47.6,47.7,47.5,35.2,47.5,47.6,47.7,47.7,47.6,47.6,47.7,47.6,47.6,35.4,47.7,47.5,47.6,47.6,47.5,47.6,47.6,47.7,47.6,35.2,47.7,47.7,47.6,47.6,47.6,47.6,47.6,47.7,47.5,35.4,47.7,47.5,47.6,47.7,47.6,47.6,47.6,47.5,47.7,35.4,47.6,47.7,47.5,47.7,47.6,47.6,47.5,47.6,47.6,34.9,47.7,47.6,47.6,47.7,47.5,47.7,47.6,47.5,47.6,35.5,47.6,47.6,47.6,47.7,47.6,47.6,47.4,47.6,47.6,35.4,47.6,47.7,47.6,47.6,47.6,47.5,35.3,35.2
0.000175,35.2,47.6,47.6,47.7,47.5,47.6,47.5,47.6,47.6,47.6,47.5,35.4,47.6,47.6,47.6,47.6,47.6,47.7,47.6,47.6,47.6,35.1,47.6,47.7,47.6,47.6,47.6,47.6,47.7,47.5,47.7,35.3,47.7,47.6,47.6,47.6,47.6,47.7,47.7,47.5,47.7,35.4,47.6,47.7,47.6,47.7,47.6,47.7,47.6,47.6,47.7,35.5,47.6,47.7,47.6,47.6,47.7,47.5,47.6,47.6,47.6,35.4,47.7,47.6,47.6,47.6,47.6,47.6,47.6,47.6,47.7,34.9,47.6,47.7,47.7,47.4,47.6,47.6,47.6,47.6,47.5,35.5,47.5,47.6,47.6,47.6,47.7,47.6,47.6,47.6,47.7,35.6,47.7,47.6,47.6,47.7,47.6,47.7,35.3,35.4
0.000175,35.2,47.6,47.7,47.6,47.6,47.6,47.4,47.6,47.7,47.6,47.6,35.5,47.7,47.6,47.5,47.6,47.6,47.6,47.7,47.7,47.6,35.1,47.5,47.6,47.7,47.6,47.6,47.6,47.7,47.5,47.7,35,47.6,47.7,47.7,47.6,47.6,47.6,47.7,47.6,47.6,35.7,47.6,47.6,47.6,47.6,47.6,47.6,47.6,47.6,47.6,35.7,47.5,47.6,47.5,47.7,47.7,47.7,47.5,47.6,47.6,35.4,47.6,47.7,47.6,47.6,47.6,47.7,47.6,47.6,47.7,34.7,47.6,47.7,47.7,47.6,47.6,47.6,47.6,47.5,47.6,35.3,47.6,47.7,47.6,47.6,47.6,47.6,47.6,47.7,47.6,35.7,47.6,47.6,47.5,47.6,47.5,47.5,35.4,35.6
0.000175,35.4,47.5,47.7,47.6,47.5,47.7,47.7,47.6,47.6,47.7,47.7,35.5,47.7,47.7,47.7,47.6,47.6,47.7,47.7,47.7,47.6,35.2,47.5,47.6,47.7,47.6,47.6,47.6,47.6,47.6,47.7,35.1,47.7,47.6,47.6,47.5,47.6,47.7,47.7,47.5,47.6,35.8,47.6,47.6,47.6,47.6,47.6,47.7,47.5,47.7,47.6,35.6,47.5,47.6,47.7,47.7,47.6,47.6,47.6,47.6,47.6,35.3,47.7,47.7,47.7,47.6,47.6,47.6,47.7,47.6,47.6,34.8,47.6,47.6,47.7,47.6,47.6,47.6,47.6,47.7,47.6,35.3,47.6,47.6,47.7,47.6,47.6,47.6,47.7,47.6,47.6,35.6,47.6,47.7,47.6,47.6,47.6,47.7,35.5,35.7
0.000175,35.4,47.6,47.6,47.6,47.6,47.7,47.6,47.6,47.7,47.7,47.7,35.5,47.6,47.7,47.7,47.6,47.6,47.5,47.6,47.7,47.6,35.4,47.6,47.6,47.7,47.6,47.7,47.7,47.6,47.7,47.6,35.1,47.7,47.6,47.6,47.6,47.5,47.6,47.5,47.7,47.7,35.8,47.7,47.7,47.6,47.6,47.6,47.6,47.7,47.6,47.5,35.5,47.6,47.6,47.7,47.6,47.6,47.6,47.7,47.6,47.6,35.3,47.6,47.7,47.7,47.6,47.7,47.6,47.6,47.7,47.6,34.9,47.6,47.6,47.5,47.6,47.6,47.7,47.6,47.5,47.5,35.1,47.6,47.7,47.7,47.6,47.6,47.7,47.5,47.6,47.6,35.5,47.5,47.7,47.7,47.6,47.6,47.6,35.5,35.7
0.000176,35.4,47.6,47.7,47.6,47.6,47.5,47.6,47.6,47.6,47.6,47.6,35.4,47.7,47.6,47.5,47.7,47.6,47.6,47.6,47.6,47.6,35.6,47.6,47.5,47.6,47.7,47.6,47.7,47.5,47.6,47.6,35.2,47.6,47.6,47.6,47.6,47.6,47.6,47.6,47.6,47.6,35.9,47.4,47.6,47.5,47.7,47.6,47.6,47.7,47.7,47.7,35.5,47.7,47.6,47.7,47.6,47.6,47.6,47.6,47.6,47.6,35.4,47.6,47.7,47.5,47.7,47.6,47.7,47.6,47.6,47.6,34.9,47.6,47.6,47.7,47.7,47.7,47.6,47.5,47.6,47.5,34.9,47.6,47.6,47.5,47.6,47.6,47.7,47.7,47.6,47.6,35.5,47.7,47.5,47.6,47.6,47.5,47.6,35.6,35.9
0.000176,35.6,47.6,47.6,47.5,47.6,47.7,47.6,47.6,47.5,47.7,47.6,35.5,47.7,47.6,47.6,47.7,47.7,47.6,47.6,47.6,47.6,35.7,47.7,47.5,47.6,47.7,47.6,47.7,47.7,47.6,47.7,35.3,47.6,47.7,47.6,47.7,47.6,47.6,47.6,47.7,47.5,35.6,47.5,47.7,47.7,47.6,47.7,47.7,47.6,47.5,47.6,35.3,47.6,47.6,47.7,47.6,47.7,47.5,47.6,47.7,47.7,35.4,47.6,47.5,47.6,47.6,47.6,47.6,47.6,47.6,47.6,34.9,47.6,47.6,47.6,47.6,47.6,47.6,47.6,47.6,47.6,35.1,47.6,47.6,47.7,47.7,47.5,47.7,47.6,47.6,47.5,35.4,47.7,47.6,47.6,47.6,47.6,47.6,35.5,35.9
0.000176,35.6,47.5,47.6,47.7,47.6,47.6,47.7,47.6,47.6,47.6,47.6,35.6,47.5,47.7,47.6,47.7,47.6,47.6,47.6,47.6,47.5,35.8,47.6,47.6,47.6,47.7,47.6,47.5,47.7,47.6,47.6,35.5,47.6,47.7,47.6,47.6,47.6,47.6,47.6,47.6,47.5,35.6,47.6,47.6,47.6,47.7,47.6,47.5,47.7,47.6,47.7,35.3,47.5,47.6,47.7,47.6,47.7,47.6,47.6,47.5,47.6,35.4,47.6,47.6,47.6,47.6,47.7,47.6,47.6,47.6,47.6,35.1,47.6,47.7,47.6,47.7,47.7,47.7,47.5,47.6,47.6,35.1,47.6,47.7,47.6,47.6,47.7,47.6,47.6,47.5,47.6,35.2,47.7,47.6,47.7,47.5,47.5,47.6,35.5,35.8
0.000176,35.5,47.7,47.6,47.7,47.7,47.6,47.5,47.6,47.5,47.6,47.6,35.4,47.7,47.7,47.7,47.7,47.7,47.6,47.7,47.5,47.6,35.7,47.7,47.6,47.7,47.7,47.5,47.5,47.6,47.7,47.7,35.8,47.6,47.6,47.6,47.6,47.6,47.7,47.6,47.6,47.6,35.4,47.6,47.6,47.6,47.6,47.6,47.7,47.6,47.7,47.6,35.4,47.5,47.5,47.7,47.7,47.5,47.6,47.6,47.7,47.7,35.4,47.6,47.5,47.6,47.6,47.6,47.7,47.6,47.7,47.7,35.1,47.6,47.6,47.6,47.6,47.5,47.6,47.7,47.6,47.7,35.3,47.6,47.5,47.6,47.5,47.6,47.6,47.6,47.7,47.7,35.2,47.6,47.7,47.5,47.6,47.6,47.6,35.5,35.7
0.000176,35.5,47.6,47.5,47.7,47.6,47.6,47.6,47.7,47.6,47.5,47.6,35.5,47.6,47.6,47.6,47.5,47.6,47.6,47.6,47.6,47.6,35.7,47.6,47.6,47.6,47.6,47.7,47.6,47.6,47.6,47.6,35.9,47.7,47.6,47.6,47.6,47.5,47.7,47.6,47.7,47.7,35.2,47.7,47.6,47.7,47.7,47.6,47.6,47.6,47.6,47.5,35.3,47.6,47.7,47.5,47.6,47.6,47.6,47.5,47.6,47.6,35.4,47.7,47.7,47.5,47.5,47.7,47.6,47.6,47.5,47.6,35.2,47.7,47.6,47.5,47.6,47.6,47.5,47.6,47.5,47.5,35.2,47.6,47.6,47.7,47.6,47.6,47.7,47.5,47.6,47.7,35,47.6,47.7,47.6,47.7,47.6,47.7,35.5,35.7
0.000177,35.5,47.6,47.6,47.5,47.6,47.6,47.7,47.7,47.6,47.6,47.6,35.5,47.7,47.6,47.5,47.6,47.6,47.6,47.7,47.6,47.5,35.4,47.7,47.7,47.6,47.7,47.6,47.7,47.6,47.6,47.6,35.8,47.6,47.6,47.7,47.7,47.6,47.6,47.7,47.6,47.7,35,47.6,47.6,47.6,47.6,47.6,47.7,47.5,47.6,47.6,35.4,47.6,47.6,47.6,47.7,47.5,47.5,47.6,47.7,47.6,35.4,47.6,47.6,47.6,47.6,47.6,47.6,47.6,47.5,47.7,35.1,47.6,47.6,47.6,47.6,47.5,47.7,47.6,47.6,47.6,35.4,47.7,47.6,47.6,47.6,47.6,47.5,47.6,47.6,47.6,34.9,47.6,47.6,47.6,47.6,47.6,47.5,35.4,35.4
0.000177,35.4,47.6,47.6,47.6,47.6,47.5,47.7,47.7,47.7,47.7,47.7,35.5,47.6,47.5,47.7,47.7,47.6,47.7,47.5,47.6,47.6,35.3,47.5,47.6,47.6,47.7,47.6,47.6,47.6,47.6,47.5,35.6,47.6,47.6,47.6,47.6,47.6,47.4,47.6,47.7,47.6,35.2,47.6,47.6,47.7,47.6,47.5,47.4,47.6,47.6,47.6,35.4,47.6,47.6,47.7,47.6,47.6,47.7,47.6,47.6,47.6,35.4,47.6,47.6,47.6,47.7,47.7,47.5,47.7,47.6,47.6,35,47.6,47.5,47.6,47.5,47.6,47.6,47.6,47.5,47.7,35.5,47.6,47.6,47.7,47.7,47.6,47.5,47.7,47.7,47.7,35,47.6,47.6,47.5,47.5,47.6,47.6,35.4,35.3
0.000177,35.5,47.6,47.6,47.6,47.7,47.6,47.6,47.6,47.5,47.6,47.6,35.4,47.6,47.7,47.7,47.7,47.7,47.7,47.6,47.6,47.6,35.3,47.7,47.7,47.7,47.6,47.7,47.6,47.6,47.5,47.6,35.4,47.6,47.5,47.5,47.7,47.5,47.6,47.6,47.6,47.7,35.3,47.7,47.5,47.7,47.6,47.7,47.6,47.6,47.7,47.7,35.5,47.7,47.5,47.7,47.6,47.5,47.5,47.6,47.5,47.7,35.4,47.6,47.7,47.6,47.6,47.7,47.7,47.6,47.6,47.7,34.9,47.6,47.6,47.7,47.7,47.6,47.6,47.7,47.7,47.5,35.3,47.5,47.6,47.7,47.6,47.5,47.5,47.7,47.7,47.5,35.1,47.5,47.7,47.6,47.5,47.5,47.6,35.4,35.2
0.000177,35.5,47.6,47.7,47.6,47.6,47.6,47.5,47.6,47.7,47.6,47.6,35.4,47.6,47.6,47.6,47.7,47.6,47.6,47.7,47.7,47.4,35.3,47.6,47.7,47.6,47.7,47.7,47.6,47.5,47.6,47.7,35.2,47.6,47.6,47.6,47.6,47.6,47.6,47.7,47.5,47.7,35.3,47.5,47.6,47.6,47.6,47.6,47.6,47.5,47.7,47.6,35.7,47.6,47.6,47.6,47.6,47.6,47.7,47.6,47.6,47.6,35.2,47.6,47.6,47.6,47.7,47.6,47.6,47.5,47.7,47.6,34.8,47.7,47.5,47.6,47.7,47.5,47.6,47.6,47.6,47.6,35.3,47.6,47.6,47.5,47.6,47.6,47.7,47.6,47.6,47.5,35.3,47.6,47.6,47.6,47.5,47.5,47.6,35.3,35.2
0.000177,35.5,47.6,47.5,47.6,47.7,47.5,47.5,47.7,47.6,47.6,47.6,35.4,47.7,47.6,47.7,47.4,47.7,47.7,47.7,47.5,47.5,35.6,47.6,47.6,47.7,47.7,47.6,47.6,47.6,47.6,47.7,35,47.5,47.6,47.6,47.6,47.6,47.5,47.6,47.6,47.6,35.4,47.6,47.6,47.6,47.6,47.6,47.6,47.6,47.7,47.7,35.6,47.7,47.6,47.6,47.6,47.6,47.4,47.6,47.6,47.5,35.4,47.6,47.6,47.6,47.6,47.6,47.6,47.6,47.7,47.7,34.8,47.5,47.6,47.6,47.5,47.7,47.6,47.6,47.5,47.6,35.2,47.5,47.5,47.6,47.6,47.6,47.6,47.6,47.6,47.6,35.4,47.7,47.6,47.6,47.6,47.6,47.6,35.4,35.3
0.000178,35.3,47.5,47.6,47.7,47.7,47.6,47.6,47.5,47.7,47.6,47.7,35.5,47.6,47.7,47.6,47.7,47.7,47.5,47.5,47.7,47.6,35.7,47.6,47.6,47.5,47.5,47.7,47.6,47.6,47.6,47.6,35,47.7,47.6,47.6,47.6,47.7,47.7,47.6,47.6,47.6,35.7,47.6,47.6,47.6,47.7,47.6,47.7,47.7,47.7,47.7,35.5,47.6,47.6,47.6,47.6,47.6,47.7,47.6,47.6,47.6,35.4,47.7,47.6,47.6,47.7,47.5,47.4,47.5,47.6,47.6,34.9,47.5,47.6,47.7,47.7,47.7,47.5,47.6,47.5,47.6,35,47.7,47.5,47.6,47.6,47.7,47.7,47.6,47.6,47.6,35.6,47.7,47.7,47.7,47.6,47.7,47.6,35.3,35.4
0.000178,35.3,47.7,47.6,47.6,47.7,47.6,47.5,47.6,47.5,47.6,47.7,35.5,47.6,47.6,47.6,47.6,47.6,47.5,47.7,47.7,47.7,35.8,47.6,47.6,47.6,47.6,47.6,47.6,47.6,47.6,47.7,35,47.6,47.7,47.6,47.6,47.6,47.6,47.6,47.6,47.6,35.7,47.6,47.6,47.6,47.6,47.7,47.5,47.7,47.6,47.7,35.5,47.6,47.6,47.5,47.7,47.6,47.6,47.7,47.6,47.6,35.4,47.6,47.6,47.6,47.6,47.6,47.6,47.6,47.7,47.6,35,47.6,47.7,47.6,47.6,47.6,47.6,47.6,47.5,47.6,35.2,47.6,47.5,47.6,47.6,47.6,47.7,47.6,47.5,47.6,35.7,47.6,47.7,47.6,47.7,47.7,47.5,35.5,35.5
0.000178,35.5,47.7,47.6,47.7,47.7,47.6,47.5,47.6,47.7,47.7,47.6,35.5,47.6,47.6,47.6,47.6,47.7,47.7,47.6,47.6,47.7,35.8,47.6,47.6,47.7,47.6,47.6,47.6,47.4,47.6,47.6,35.2,47.7,47.7,47.6,47.6,47.6,47.6,47.4,47.7,47.6,35.7,47.7,47.5,47.7,47.7,47.7,47.6,47.6,47.6,47.6,35.4,47.6,47.6,47.6,47.6,47.6,47.6,47.6,47.6,47.6,35.4,47.7,47.6,47.5,47.7,47.6,47.6,47.6,47.7,47.6,35.1,47.6,47.7,47.6,47.5,47.5,47.6,47.5,47.6,47.7,35.2,47.5,47.7,47.7,47.7,47.6,47.6,47.6,47.5,47.6,35.8,47.6,47.6,47.6,47.6,47.6,47.7,35.5,35.6
0.000178,35.5,47.6,47.6,47.5,47.6,47.6,47.6,47.7,47.6,47.6,47.7,35.5,47.6,47.6,47.6,47.7,47.6,47.7,47.6,47.7,47.7,35.8,47.6,47.7,47.6,47.5,47.7,47.5,47.7,47.6,47.5,35.3,47.6,47.6,47.6,47.7,47.6,47.5,47.6,47.6,47.7,35.6,47.7,47.6,47.6,47.6,47.6,47.5,47.6,47.6,47.7,35.4,47.6,47.6,47.6,47.5,47.7,47.6,47.5,47.6,47.7,35.4,47.6,47.7,47.6,47.6,47.6,47.7,47.5,47.6,47.6,35.3,47.6,47.6,47.7,47.6,47.6,47.6,47.6,47.6,47.6,35,47.6,47.6,47.6,47.6,47.6,47.5,47.7,47.7,47.6,35.6,47.7,47.6,47.7,47.7,47.6,47.5,35.6,35.5
0.000178,35.5,47.7,47.6,47.6,47.6,47.7,47.6,47.7,47.5,47.5,47.6,35.4,47.6,47.5,47.6,47.6,47.6,47.7,47.6,47.7,47.6,35.8,47.6,47.7,47.7,47.6,47.5,47.6,47.6,47.6,47.7,35.4,47.7,47.7,47.6,47.6,47.6,47.5,47.6,47.7,47.4,35.5,47.6,47.6,47.6,47.7,47.7,47.6,47.6,47.6,47.6,35.4,47.6,47.7,47.7,47.6,47.6,47.7,47.7,47.6,47.7,35.5,47.6,47.7,47.7,47.6,47.7,47.7,47.7,47.7,47.6,35.4,47.6,47.7,47.6,47.7,47.6,47.6,47.5,47.6,47.6,35,47.6,47.6,47.7,47.5,47.7,47.6,47.6,47.5,47.7,35.7,47.7,47.7,47.7,47.6,47.6,47.5,35.6,35.6
0.000179,35.5,47.7,47.6,47.7,47.6,47.6,47.6,47.6,47.6,47.5,47.6,35.5,47.5,47.5,47.6,47.6,47.6,47.6,47.5,47.6,47.6,35.6,47.6,47.6,47.6,47.7,47.5,47.6,47.7,47.7,47.7,35.7,47.7,47.5,47.7,47.6,47.7,47.7,47.7,47.5,47.7,35.4,47.6,47.6,47.6,47.6,47.7,47.6,47.5,47.6,47.6,35.4,47.7,47.6,47.6,47.6,47.6,47.6,47.6,47.5,47.6,35.3,47.6,47.6,47.6,47.6,47.7,47.5,47.7,47.6,47.6,35.4,47.6,47.6,47.6,47.6,47.5,47.5,47.6,47.6,47.7,35.1,47.6,47.7,47.7,47.7,47.6,47.7,47.6,47.6,47.7,35.4,47.6,47.7,47.6,47.6,47.7,47.7,35.6,35.6
0.000179,35.4,47.7,47.5,47.5,47.6,47.6,47.6,47.6,47.6,47.5,47.6,35.3,47.7,47.7,47.6,47.6,47.6,47.7,47.6,47.6,47.5,35.4,47.7,47.6,47.7,47.5,47.6,47.6,47.6,47.6,47.7,35.6,47.6,47.5,47.6,47.7,47.6,47.5,47.6,47.6,47.7,35.2,47.6,47.6,47.6,47.6,47.6,47.7,47.7,47.6,47.6,35.4,47.6,47.7,47.5,47.6,47.5,47.6,47.7,47.7,47.7,35.2,47.7,47.6,47.6,47.6,47.6,47.6,47.6,47.7,47.5,35.5,47.5,47.7,47.7,47.5,47.6,47.7,47.6,47.5,47.6,35,47.6,47.6,47.5,47.7,47.6,47.6,47.6,47.6,47.7,35.3,47.5,47.7,47.7,47.5,47.7,47.6,35.6,35.6
0.000179,35.4,47.6,47.6,47.7,47.6,47.7,47.6,47.6,47.6,47.6,47.6,35.2,47.5,47.6,47.6,47.5,47.5,47.7,47.7,47.7,47.7,35.4,47.6,47.6,47.6,47.6,47.6,47.6,47.7,47.5,47.7,35.7,47.5,47.7,47.7,47.7,47.6,47.7,47.7,47.7,47.6,35.2,47.7,47.6,47.6,47.6,47.6,47.7,47.6,47.7,47.6,35.4,47.6,47.7,47.5,47.6,47.5,47.5,47.5,47.5,47.5,35.1,47.6,47.6,47.6,47.6,47.5,47.7,47.6,47.6,47.5,35.5,47.7,47.5,47.6,47.6,47.7,47.6,47.6,47.5,47.7,35.2,47.6,47.7,47.5,47.6,47.7,47.6,47.7,47.5,47.6,35.1,47.7,47.6,47.6,47.6,47.6,47.6,35.3,35.5
0.000179,35.4,47.6,47.5,47.6,47.4,47.6,47.6,47.7,47.5,47.7,47.6,35.3,47.7,47.6,47.7,47.5,47.7,47.6,47.7,47.6,47.7,35.4,47.6,47.6,47.6,47.6,47.7,47.7,47.6,47.6,47.6,35.5,47.6,47.7,47.6,47.6,47.6,47.7,47.6,47.5,47.6,35,47.7,47.6,47.6,47.6,47.5,47.7,47.6,47.6,47.6,35.3,47.6,47.6,47.6,47.6,47.6,47.5,47.6,47.6,47.7,35,47.6,47.7,47.6,47.6,47.5,47.6,47.6,47.6,47.6,35.3,47.7,47.6,47.6,47.6,47.6,47.5,47.7,47.6,47.6,35.4,47.6,47.7,47.6,47.6,47.5,47.5,47.7,47.5,47.6,35.1,47.6,47.6,47.7,47.5,47.7,47.5,35.3,35.3
0.000179,35.4,47.6,47.6,47.6,47.6,47.7,47.6,47.6,47.7,47.7,47.6,35.3,47.6,47.5,47.6,47.7,47.7,47.6,47.6,47.6,47.5,35.4,47.6,47.6,47.6,47.6,47.6,47.6,47.7,47.7,47.6,35.4,47.7,47.7,47.6,47.6,47.6,47.6,47.5,47.7,47.6,35,47.6,47.5,47.4,47.6,47.7,47.7,47.6,47.6,47.7,35.4,47.6,47.7,47.7,47.7,47.5,47.6,47.6,47.5,47.7,35,47.6,47.7,47.6,47.6,47.5,47.6,47.6,47.6,47.6,35.4,47.6,47.7,47.6,47.5,47.6,47.6,47.6,47.6,47.6,35.5,47.7,47.6,47.5,47.6,47.6,47.6,47.6,47.6,47.7,35.2,47.6,47.7,47.6,47.5,47.7,47.5,35,35.3
0.00018,35.4,47.6,47.4,47.6,47.6,47.7,47.5,47.6,47.7,47.7,47.6,35.3,47.6,47.6,47.6,47.7,47.6,47.6,47.6,47.7,47.6,35.4,47.6,47.6,47.6,47.6,47.5,47.6,47.6,47.6,47.7,35.2,47.6,47.6,47.7,47.6,47.7,47.6,47.6,47.6,47.6,35.2,47.6,47.6,47.4,47.6,47.6,47.6,47.6,47.7,47.6,35.4,47.6,47.5,47.5,47.6,47.7,47.5,47.7,47.6,47.7,35.1,47.4,47.6,47.6,47.7,47.5,47.6,47.6,47.6,47.5,35.2,47.6,47.7,47.6,47.6,47.6,47.6,47.6,47.6,47.6,35.3,47.6,47.6,47.5,47.6,47.7,47.6,47.5,47.7,47.6,35.4,47.6,47.6,47.7,47.7,47.6,47.6,35.1,35.4
0.00018,35.3,47.7,47.6,47.6,47.7,47.7,47.6,47.6,47.7,47.6,47.7,35.4,47.7,47.7,47.6,47.7,47.7,47.6,47.6,47.6,47.6,35.4,47.7,47.6,47.7,47.6,47.6,47.7,47.6,47.6,47.7,35.3,47.6,47.7,47.6,47.5,47.6,47.6,47.5,47.7,47.6,35.2,47.6,47.5,47.6,47.6,47.7,47.7,47.7,47.6,47.7,35.5,47.5,47.6,47.6,47.5,47.5,47.6,47.6,47.6,47.6,35,47.6,47.6,47.7,47.6,47.6,47.6,47.6,47.6,47.7,35.4,47.6,47.7,47.6,47.5,47.6,47.6,47.6,47.6,47.6,35.4,47.6,47.6,47.7,47.5,47.6,47.6,47.5,47.7,47.6,35.4,47.6,47.6,47.6,47.7,47.6,47.6,35,35.5
0.00018,35.4,47.6,47.6,47.6,47.6,47.6,47.5,47.6,47.6,47.7,47.6,35.5,47.6,47.6,47.5,47.7,47.6,47.6,47.7,47.6,47.7,35.4,47.5,47.6,47.6,47.6,47.7,47.5,47.6,47.7,47.6,35.2,47.6,47.6,47.5,47.6,47.6,47.6,47.6,47.6,47.6,35.3,47.6,47.6,47.7,47.6,47.7,47.6,47.6,47.7,47.6,35.4,47.7,47.6,47.5,47.5,47.7,47.6,47.6,47.6,47.6,35.1,47.7,47.6,47.7,47.7,47.6,47.6,47.6,47.6,47.7,35.5,47.5,47.7,47.6,47.7,47.7,47.6,47.6,47.5,47.6,35.3,47.6,47.6,47.5,47.6,47.6,47.6,47.6,47.7,47.7,35.6,47.5,47.6,47.6,47.6,47.6,47.6,35.1,35.4
0.00018,35.5,47.6,47.5,47.7,47.6,47.6,47.7,47.6,47.6,47.6,47.7,35.6,47.6,47.6,47.7,47.6,47.6,47.7,47.5,47.6,47.6,35.5,47.5,47.5,47.6,47.6,47.6,47.6,47.6,47.7,47.6,35.3,47.5,47.6,47.5,47.6,47.6,47.6,47.7,47.6,47.7,35.3,47.5,47.6,47.6,47.7,47.6,47.7,47.7,47.6,47.6,35.4,47.5,47.6,47.6,47.7,47.6,47.6,47.5,47.6,47.7,35.3,47.6,47.6,47.6,47.6,47.6,47.7,47.6,47.7,47.5,35.4,47.6,47.6,47.7,47.5,47.6,47.6,47.6,47.7,47.6,35.2,47.6,47.6,47.6,47.6,47.6,47.6,47.6,47.6,47.6,35.7,47.6,47.6,47.7,47.6,47.7,47.5,35.3,35.5
0.00018,35.4,47.6,47.7,47.7,47.6,47.7,47.6,47.6,47.7,47.6,47.7,35.7,47.6,47.7,47.7,47.6,47.5,47.6,47.6,47.6,47.6,35.6,47.5,47.6,47.7,47.6,47.5,47.5,47.6,47.6,47.6,35.3,47.6,47.6,47.6,47.6,47.6,47.6,47.7,47.6,47.7,35.4,47.7,47.6,47.7,47.6,47.6,47.6,47.6,47.7,47.5,35.4,47.5,47.7,47.6,47.6,47.7,47.4,47.6,47.6,47.6,35.5,47.6,47.6,47.6,47.5,47.5,47.6,47.6,47.6,47.7,35.2,47.7,47.7,47.7,47.5,47.5,47.7,47.7,47.6,47.6,35.1,47.7,47.6,47.6,47.6,47.5,47.7,47.5,47.6,47.5,35.7,47.6,47.7,47.6,47.6,47.7,47.6,35.4,35.4
0.000181,35.4,47.6,47.6,47.7,47.6,47.6,47.6,47.6,47.6,47.5,47.6,35.7,47.6,47.6,47.7,47.6,47.6,47.7,47.7,47.5,47.7,35.6,47.6,47.7,47.6,47.6,47.5,47.6,47.7,47.6,47.7,35.5,47.7,47.6,47.7,47.7,47.5,47.6,47.7,47.6,47.6,35.4,47.6,47.6,47.6,47.6,47.6,47.6,47.6,47.6,47.6,35.4,47.7,47.7,47.6,47.6,47.6,47.6,47.7,47.6,47.6,35.5,47.5,47.6,47.5,47.6,47.6,47.6,47.6,47.7,47.6,35.3,47.6,47.7,47.6,47.6,47.7,47.6,47.6,47.5,47.6,35.1,47.6,47.6,47.7,47.5,47.7,47.5,47.6,47.7,47.5,35.7,47.6,47.7,47.6,47.5,47.6,47.6,35.5,35.5
0.000181,35.4,47.7,47.6,47.6,47.6,47.7,47.5,47.7,47.6,47.7,47.5,35.8,47.6,47.6,47.6,47.7,47.6,47.6,47.6,47.7,47.5,35.5,47.7,47.6,47.6,47.6,47.7,47.7,47.6,47.7,47.7,35.6,47.5,47.6,47.6,47.6,47.6,47.6,47.6,47.7,47.7,35.5,47.6,47.6,47.5,47.7,47.6,47.6,47.6,47.7,47.6,35.4,47.6,47.6,47.6,47.6,47.6,47.6,47.6,47.6,47.7,35.4,47.6,47.6,47.6,47.6,47.6,47.7,47.6,47.6,47.6,35.1,47.6,47.5,47.6,47.6,47.7,47.6,47.6,47.6,47.7,35.2,47.5,47.6,47.6,47.6,47.6,47.7,47.6,47.7,47.7,35.6,47.7,47.6,47.6,47.6,47.7,47.6,35.6,35.4
0.000181,35.5,47.6,47.6,47.6,47.7,47.6,47.7,47.6,47.7,47.6,47.7,35.8,47.7,47.5,47.6,47.5,47.7,47.6,47.6,47.6,47.6,35.7,47.6,47.7,47.6,47.6,47.5,47.7,47.5,47.6,47.6,35.5,47.6,47.7,47.6,47.6,47.6,47.6,47.6,47.6,47.6,35.4,47.6,47.6,47.7,47.7,47.6,47.6,47.5,47.6,47.6,35.4,47.6,47.6,47.6,47.6,47.6,47.6,47.6,47.6,47.6,35.4,47.6,47.6,47.6,47.6,47.6,47.6,47.6,47.6,47.6,34.9,47.7,47.6,47.6,47.6,47.6,47.4,47.6,47.6,47.7,35.3,47.6,47.5,47.6,47.6,47.5,47.5,47.6,47.6,47.6,35.3,47.6,47.7,47.6,47.6,47.7,47.6,35.4,35.4
0.000181,35.4,47.6,47.6,47.7,47.6,47.7,47.6,47.6,47.6,47.6,47.6,35.6,47.6,47.7,47.5,47.6,47.6,47.6,47.7,47.6,47.7,35.6,47.5,47.6,47.6,47.7,47.6,47.7,47.7,47.6,47.7,35.5,47.6,47.6,47.6,47.5,47.7,47.7,47.7,47.7,47.7,35.3,47.7,47.6,47.6,47.6,47.5,47.7,47.7,47.5,47.5,35.5,47.6,47.6,47.7,47.7,47.6,47.6,47.5,47.5,47.6,35.4,47.6,47.7,47.6,47.5,47.6,47.7,47.6,47.6,47.5,34.9,47.6,47.6,47.6,47.6,47.6,47.6,47.6,47.6,47.6,35.3,47.6,47.6,47.6,47.5,47.6,47.6,47.5,47.6,47.6,35.4,47.7,47.4,47.7,47.5,47.6,47.5,35.3,35.3
0.000181,35.4,47.6,47.5,47.6,47.6,47.5,47.6,47.6,47.7,47.6,47.6,35.5,47.5,47.6,47.6,47.7,47.6,47.6,47.7,47.7,47.6,35.5,47.6,47.5,47.5,47.6,47.6,47.6,47.6,47.5,47.6,35.6,47.6,47.6,47.7,47.6,47.7,47.6,47.6,47.5,47.5,35.4,47.6,47.7,47.6,47.6,47.7,47.6,47.6,47.6,47.6,35.5,47.5,47.6,47.5,47.7,47.6,47.4,47.6,47.6,47.7,35.2,47.6,47.7,47.5,47.7,47.6,47.6,47.5,47.6,47.7,34.9,47.6,47.6,47.6,47.7,47.5,47.4,47.6,47.5,47.6,35.3,47.6,47.7,47.6,47.7,47.6,47.6,47.5,47.5,47.6,35.1,47.6,47.5,47.6,47.6,47.7,47.6,35.3,35.2
0.000182,35.3,47.6,47.6,47.6,47.6,47.6,47.5,47.7,47.6,47.6,47.6,35.3,47.5,47.6,47.6,47.5,47.7,47.7,47.7,47.6,47.6,35.5,47.5,47.5,47.6,47.5,47.7,47.6,47.7,47.5,47.6,35.4,47.5,47.6,47.6,47.7,47.6,47.7,47.7,47.6,47.6,35.4,47.6,47.6,47.7,47.6,47.6,47.6,47.6,47.6,47.6,35.5,47.7,47.7,47.6,47.7,47.7,47.6,47.6,47.6,47.6,35.4,47.7,47.5,47.7,47.6,47.6,47.6,47.7,47.6,47.6,34.9,47.7,47.6,47.6,47.5,47.7,47.7,47.7,47.6,47.6,35.4,47.6,47.6,47.7,47.6,47.7,47.6,47.6,47.7,47.7,35.3,47.6,47.6,47.6,47.5,47.6,47.6,35,35.3
0.000182,35.5,47.6,47.5,47.7,47.7,47.7,47.6,47.5,47.7,47.6,47.5,35.3,47.4,47.6,47.7,47.7,47.6,47.5,47.7,47.6,47.6,35.6,47.5,47.5,47.6,47.7,47.6,47.5,47.6,47.6,47.6,35.5,47.7,47.6,47.6,47.7,47.6,47.6,47.6,47.6,47.5,35.3,47.7,47.6,47.6,47.6,47.6,47.6,47.4,47.6,47.6,35.4,47.6,47.6,47.6,47.6,47.5,47.6,47.5,47.5,47.5,35.1,47.6,47.6,47.6,47.6,47.5,47.6,47.4,47.6,47.7,35,47.6,47.6,47.6,47.5,47.6,47.6,47.6,47.6,47.6,35.5,47.7,47.7,47.5,47.5,47.6,47.6,47.5,47.6,47.6,35.2,47.6,47.6,47.6,47.6,47.6,47.6,34.9,35.2
0.000182,35.5,47.6,47.6,47.7,47.6,47.6,47.7,47.7,47.6,47.5,47.7,35.2,47.6,47.6,47.7,47.5,47.6,47.7,47.6,47.7,47.6,35.7,47.7,47.7,47.6,47.6,47.6,47.6,47.5,47.7,47.6,35.4,47.6,47.6,47.6,47.6,47.5,47.5,47.6,47.7,47.6,35.3,47.5,47.7,47.6,47.6,47.6,47.7,47.5,47.6,47.6,35.3,47.6,47.7,47.6,47.6,47.5,47.7,47.6,47.6,47.6,35.1,47.6,47.6,47.5,47.4,47.6,47.7,47.6,47.6,47.7,35.2,47.7,47.6,47.6,47.5,47.6,47.7,47.6,47.5,47.6,35.2,47.6,47.6,47.6,47.6,47.6,47.6,47.6,47.7,47.6,35.2,47.6,47.6,47.6,47.6,47.6,47.6,34.7,35.3
0.000182,35.4,47.5,47.6,47.7,47.6,47.5,47.6,47.6,47.7,47.6,47.6,35.3,47.7,47.7,47.6,47.6,47.6,47.6,47.7,47.5,47.7,35.7,47.7,47.7,47.7,47.6,47.7,47.6,47.6,47.5,47.6,35.5,47.7,47.5,47.5,47.6,47.7,47.6,47.6,47.6,47.6,35.3,47.6,47.6,47.6,47.5,47.5,47.6,47.5,47.6,47.6,35.3,47.6,47.6,47.5,47.7,47.6,47.7,47.5,47.7,47.6,35.2,47.5,47.5,47.5,47.6,47.5,47.5,47.6,47.5,47.6,35.3,47.5,47.6,47.6,47.7,47.7,47.7,47.6,47.6,47.7,35.2,47.6,47.6,47.6,47.7,47.6,47.6,47.6,47.6,47.5,35.3,47.5,47.7,47.6,47.7,47.6,47.7,34.8,35.2
0.000182,35.3,47.6,47.7,47.6,47.6,47.7,47.6,47.6,47.6,47.5,47.6,35.2,47.6,47.5,47.6,47.6,47.6,47.5,47.6,47.5,47.6,35.6,47.6,47.6,47.6,47.6,47.6,47.6,47.6,47.5,47.6,35.4,47.6,47.6,47.6,47.6,47.6,47.7,47.6,47.6,47.6,35.3,47.6,47.6,47.6,47.6,47.6,47.6,47.6,47.6,47.6,35.3,47.6,47.6,47.5,47.6,47.7,47.6,47.6,47.6,47.7,35.3,47.5,47.6,47.6,47.6,47.5,47.7,47.5,47.5,47.6,35.3,47.6,47.7,47.6,47.5,47.5,47.5,47.6,47.6,47.6,35.3,47.6,47.5,47.7,47.5,47.6,47.6,47.6,47.6,47.6,35.1,47.7,47.6,47.7,47.7,47.5,47.6,35.2,35.4
0.000183,35.3,47.6,47.7,47.7,47.5,47.5,47.6,47.6,47.5,47.6,47.6,35.3,47.5,47.7,47.6,47.6,47.6,47.6,47.6,47.6,47.6,35.6,47.7,47.6,47.6,47.6,47.6,47.6,47.7,47.7,47.6,35.4,47.6,47.6,47.6,47.6,47.6,47.6,47.7,47.7,47.6,35.3,47.6,47.5,47.6,47.6,47.6,47.7,47.5,47.6,47.6,35,47.5,47.6,47.5,47.7,47.5,47.7,47.7,47.6,47.5,35.4,47.5,47.7,47.6,47.5,47.6,47.6,47.5,47.5,47.7,35.4,47.6,47.6,47.7,47.6,47.6,47.5,47.6,47.6,47.5,35.1,47.6,47.7,47.6,47.7,47.6,47.7,47.6,47.7,47.6,35.2,47.5,47.7,47.5,47.7,47.7,47.6,35.5,35.3
0.000183,35.4,47.5,47.7,47.6,47.6,47.5,47.6,47.6,47.6,47.6,47.5,35.5,47.7,47.7,47.6,47.6,47.7,47.5,47.6,47.6,47.6,35.5,47.6,47.6,47.7,47.6,47.6,47.5,47.6,47.7,47.6,35.5,47.5,47.6,47.7,47.6,47.6,47.5,47.6,47.7,47.7,35.2,47.5,47.7,47.7,47.7,47.6,47.7,47.6,47.6,47.6,35,47.5,47.6,47.6,47.5,47.6,47.6,47.6,47.6,47.7,35.4,47.6,47.4,47.6,47.6,47.6,47.6,47.7,47.6,47.5,35.3,47.5,47.7,47.6,47.5,47.5,47.6,47.7,47.7,47.6,35.2,47.6,47.6,47.6,47.5,47.6,47.5,47.5,47.5,47.7,35.1,47.7,47.5,47.6,47.6,47.6,47.6,35.7,35.4
0.000183,35.5,47.6,47.6,47.6,47.6,47.7,47.6,47.5,47.6,47.6,47.6,35.5,47.5,47.5,47.7,47.6,47.6,47.7,47.6,47.7,47.7,35.5,47.7,47.6,47.6,47.6,47.6,47.7,47.6,47.7,47.6,35.4,47.5,47.6,47.6,47.6,47.6,47.7,47.6,47.7,47.6,35.4,47.5,47.5,47.7,47.7,47.7,47.6,47.6,47.5,47.6,35.1,47.6,47.6,47.7,47.7,47.7,47.6,47.6,47.6,47.6,35.4,47.6,47.6,47.7,47.6,47.5,47.6,47.6,47.6,47.6,35.2,47.6,47.6,47.6,47.5,47.7,47.6,47.6,47.7,47.6,35.2,47.6,47.5,47.6,47.7,47.7,47.7,47.6,47.6,47.5,35,47.7,47.6,47.6,47.7,47.7,47.6,35.8,35.5
0.000183,35.6,47.6,47.7,47.7,47.6,47.5,47.5,47.6,47.7,47.6,47.6,35.5,47.6,47.7,47.6,47.7,47.7,47.6,47.7,47.7,47.7,35.5,47.6,47.5,47.6,47.5,47.6,47.6,47.7,47.7,47.6,35.5,47.7,47.5,47.6,47.6,47.6,47.6,47.6,47.6,47.5,35.4,47.7,47.7,47.6,47.6,47.5,47.6,47.6,47.6,47.7,35.2,47.7,47.5,47.7,47.6,47.6,47.6,47.6,47.7,47.5,35.4,47.6,47.5,47.7,47.7,47.6,47.7,47.5,47.6,47.7,34.9,47.7,47.6,47.5,47.6,47.7,47.6,47.6,47.5,47.6,35.3,47.7,47.5,47.7,47.7,47.6,47.6,47.7,47.7,47.6,35.2,47.5,47.6,47.6,47.6,47.6,47.6,35.8,35.5
0.000183,35.7,47.6,47.6,47.5,47.5,47.6,47.6,47.5,47.6,47.6,47.7,35.5,47.5,47.7,47.6,47.6,47.7,47.7,47.6,47.7,47.6,35.5,47.6,47.6,47.6,47.6,47.6,47.6,47.6,47.6,47.5,35.4,47.7,47.6,47.6,47.7,47.5,47.6,47.6,47.6,47.6,35.5,47.6,47.7,47.6,47.6,47.6,47.7,47.5,47.5,47.7,35.4,47.7,47.7,47.5,47.6,47.7,47.5,47.7,47.7,47.6,35.5,47.5,47.6,47.5,47.6,47.6,47.6,47.6,47.7,47.6,34.9,47.7,47.6,47.7,47.5,47.6,47.6,47.6,47.6,47.6,35.2,47.7,47.6,47.6,47.5,47.6,47.6,47.7,47.7,47.6,35.2,47.6,47.7,47.6,47.7,47.6,47.6,35.6,35.4
0.000184,35.8,47.6,47.6,47.5,47.4,47.7,47.7,47.6,47.6,47.7,47.6,35.7,47.5,47.7,47.7,47.6,47.6,47.7,47.5,47.6,47.6,35.6,47.6,47.6,47.5,47.6,47.7,47.6,47.6,47.6,47.7,35.4,47.7,47.6,47.7,47.7,47.7,47.5,47.6,47.5,47.6,35.5,47.6,47.6,47.5,47.4,47.5,47.6,47.7,47.6,47.5,35.6,47.5,47.5,47.5,47.7,47.5,47.7,47.6,47.6,47.7,35.4,47.6,47.6,47.7,47.6,47.6,47.6,47.6,47.6,47.6,34.7,47.7,47.6,47.7,47.5,47.7,47.5,47.6,47.6,47.6,35.2,47.6,47.6,47.5,47.5,47.7,47.6,47.5,47.5,47.7,35.2,47.7,47.5,47.6,47.6,47.6,47.7,35.7,35.4
0.000184,35.7,47.6,47.6,47.6,47.6,47.7,47.6,47.5,47.5,47.6,47.5,35.5,47.6,47.6,47.6,47.6,47.6,47.6,47.6,47.7,47.6,35.6,47.6,47.6,47.7,47.6,47.6,47.6,47.5,47.7,47.5,35.4,47.5,47.6,47.6,47.7,47.6,47.6,47.6,47.6,47.6,35.5,47.6,47.7,47.5,47.6,47.5,47.6,47.5,47.6,47.6,35.6,47.6,47.5,47.6,47.6,47.7,47.6,47.6,47.7,47.6,35.4,47.5,47.5,47.7,47.6,47.6,47.7,47.6,47.6,47.6,34.9,47.6,47.7,47.6,47.6,47.5,47.7,47.7,47.5,47.5,35.2,47.7,47.6,47.6,47.6,47.6,47.6,47.6,47.5,47.5,35.1,47.7,47.6,47.6,47.5,47.6,47.7,35.6,35.5
0.000184,35.6,47.7,47.6,47.6,47.6,47.6,47.6,47.5,47.6,47.6,47.6,35.5,47.6,47.7,47.7,47.5,47.6,47.7,47.6,47.6,47.6,35.6,47.6,47.6,47.5,47.6,47.6,47.6,47.6,47.6,47.6,35.5,47.6,47.6,47.6,47.6,47.6,47.7,47.6,47.6,47.6,35.5,47.6,47.6,47.6,47.5,47.6,47.6,47.6,47.7,47.6,35.6,47.5,47.6,47.6,47.6,47.6,47.5,47.6,47.7,47.7,35.4,47.7,47.6,47.6,47.6,47.6,47.7,47.6,47.6,47.7,34.9,47.6,47.6,47.6,47.6,47.6,47.5,47.5,47.6,47.6,35.3,47.6,47.6,47.7,47.5,47.5,47.7,47.6,47.5,47.7,35.3,47.5,47.5,47.6,47.7,47.6,47.6,35.4,35.5
0.000184,35.6,47.5,47.7,47.6,47.4,47.6,47.6,47.6,47.5,47.6,47.6,35.5,47.6,47.6,47.6,47.7,47.6,47.7,47.7,47.5,47.5,35.7,47.6,47.7,47.6,47.6,47.7,47.6,47.7,47.7,47.6,35.5,47.6,47.5,47.5,47.7,47.6,47.6,47.6,47.5,47.7,35.5,47.6,47.7,47.6,47.5,47.6,47.5,47.7,47.7,47.6,35.7,47.6,47.6,47.6,47.7,47.5,47.6,47.6,47.6,47.6,35.3,47.6,47.6,47.6,47.6,47.5,47.7,47.7,47.7,47.6,35,47.6,47.5,47.6,47.7,47.6,47.5,47.7,47.6,47.6,35.3,47.6,47.6,47.6,47.6,47.6,47.6,47.6,47.6,47.6,35.2,47.6,47.6,47.5,47.7,47.5,47.6,35.4,35.5
0.000184,35.5,47.6,47.6,47.7,47.5,47.7,47.6,47.6,47.6,47.6,47.5,35.5,47.5,47.7,47.5,47.6,47.6,47.7,47.6,47.6,47.5,35.7,47.6,47.6,47.6,47.7,47.7,47.7,47.7,47.7,47.6,35.4,47.5,47.6,47.6,47.6,47.6,47.7,47.5,47.6,47.5,35.5,47.5,47.4,47.7,47.6,47.6,47.5,47.6,47.6,47.6,35.6,47.5,47.7,47.6,47.6,47.6,47.6,47.6,47.6,47.6,35.4,47.6,47.6,47.6,47.6,47.5,47.7,47.4,47.6,47.6,35.3,47.6,47.6,47.5,47.6,47.6,47.4,47.6,47.7,47.7,35.2,47.6,47.6,47.6,47.5,47.4,47.6,47.6,47.6,47.6,35.2,47.6,47.6,47.6,47.7,47.5,47.7,35.6,35.5
0.000185,35.2,47.5,47.5,47.6,47.6,47.6,47.6,47.6,47.7,47.6,47.6,35.5,47.6,47.6,47.5,47.5,47.5,47.6,47.5,47.7,47.6,35.4,47.6,47.7,47.6,47.6,47.6,47.7,47.7,47.6,47.6,35.5,47.6,47.7,47.6,47.6,47.5,47.6,47.6,47.6,47.6,35.4,47.7,47.7,47.6,47.6,47.6,47.6,47.7,47.7,47.6,35.5,47.6,47.7,47.6,47.6,47.6,47.5,47.6,47.7,47.7,35.4,47.6,47.7,47.5,47.6,47.7,47.5,47.5,47.6,47.6,35.4,47.7,47.6,47.6,47.6,47.5,47.6,47.5,47.5,47.5,35.2,47.6,47.7,47.5,47.6,47.5,47.6,47.6,47.6,47.6,35.1,47.7,47.5,47.6,47.7,47.6,47.6,35.6,35.4
0.000185,35.2,47.6,47.7,47.6,47.6,47.6,47.6,47.6,47.7,47.6,47.7,35.5,47.7,47.6,47.6,47.6,47.5,47.6,47.6,47.7,47.6,35.5,47.5,47.7,47.7,47.6,47.6,47.7,47.6,47.6,47.6,35.6,47.6,47.5,47.6,47.6,47.5,47.7,47.6,47.6,47.6,35.3,47.6,47.6,47.5,47.6,47.5,47.6,47.7,47.5,47.7,35.4,47.6,47.6,47.6,47.4,47.6,47.7,47.6,47.7,47.4,35.3,47.6,47.7,47.6,47.6,47.6,47.6,47.6,47.6,47.5,35.5,47.6,47.6,47.6,47.6,47.6,47.5,47.7,47.6,47.6,35.2,47.5,47.5,47.5,47.6,47.6,47.6,47.6,47.5,47.7,35,47.6,47.7,47.7,47.6,47.6,47.6,35.7,35.4
0.000185,35.2,47.6,47.6,47.4,47.6,47.7,47.5,47.6,47.6,47.6,47.6,35.4,47.7,47.6,47.6,47.6,47.5,47.5,47.5,47.7,47.6,35.4,47.7,47.6,47.6,47.7,47.6,47.6,47.7,47.5,47.5,35.5,47.6,47.6,47.7,47.6,47.6,47.7,47.6,47.5,47.6,35.4,47.6,47.6,47.6,47.6,47.6,47.7,47.6,47.5,47.6,35.2,47.6,47.6,47.6,47.5,47.5,47.6,47.5,47.7,47.7,35.4,47.6,47.5,47.6,47.6,47.6,47.7,47.6,47.6,47.6,35.4,47.5,47.7,47.7,47.7,47.5,47.5,47.7,47.6,47.7,35.3,47.5,47.6,47.6,47.6,47.7,47.6,47.7,47.6,47.6,35.2,47.6,47.5,47.6,47.6,47.4,47.6,35.6,35.3
0.000185,35.2,47.7,47.6,47.6,47.6,47.6,47.6,47.5,47.5,47.6,47.5,35.5,47.7,47.6,47.7,47.5,47.7,47.6,47.6,47.6,47.7,35.6,47.6,47.6,47.5,47.5,47.6,47.6,47.6,47.6,47.6,35.4,47.6,47.6,47.5,47.6,47.7,47.5,47.6,47.6,47.7,35.2,47.5,47.5,47.6,47.6,47.6,47.6,47.6,47.6,47.6,35.3,47.6,47.6,47.5,47.5,47.6,47.6,47.5,47.7,47.6,35.4,47.6,47.6,47.6,47.6,47.6,47.6,47.6,47.7,47.7,35.3,47.6,47.7,47.7,47.7,47.7,47.6,47.6,47.6,47.5,35.3,47.6,47.5,47.5,47.6,47.6,47.5,47.6,47.6,47.5,35.2,47.7,47.6,47.6,47.6,47.6,47.6,35.5,35.3
0.000185,35.2,47.5,47.6,47.6,47.6,47.7,47.7,47.6,47.6,47.7,47.6,35.5,47.5,47.6,47.5,47.7,47.6,47.5,47.6,47.6,47.7,35.5,47.6,47.6,47.5,47.6,47.6,47.7,47.6,47.7,47.5,35.4,47.7,47.7,47.6,47.6,47.5,47.6,47.6,47.6,47.6,35.4,47.6,47.6,47.5,47.6,47.6,47.6,47.6,47.6,47.5,35.3,47.6,47.5,47.6,47.6,47.5,47.7,47.6,47.6,47.6,35.4,47.5,47.6,47.6,47.6,47.6,47.7,47.6,47.6,47.6,35.2,47.6,47.6,47.5,47.6,47.6,47.6,47.6,47.6,47.6,35.2,47.7,47.5,47.6,47.6,47.6,47.6,47.6,47.6,47.6,35.3,47.5,47.5,47.7,47.6,47.6,47.6,35.4,35.2
0.000186,35.4,47.7,47.6,47.7,47.6,47.6,47.7,47.6,47.5,47.6,47.6,35.6,47.6,47.6,47.7,47.5,47.5,47.5,47.6,47.7,47.7,35.5,47.6,47.6,47.6,47.6,47.6,47.6,47.5,47.7,47.6,35.3,47.7,47.6,47.6,47.6,47.6,47.6,47.7,47.6,47.7,35.5,47.5,47.6,47.5,47.7,47.6,47.6,47.6,47.6,47.6,35.4,47.6,47.6,47.5,47.5,47.6,47.5,47.6,47.5,47.7,35.3,47.6,47.6,47.7,47.6,47.6,47.6,47.6,47.6,47.6,35,47.7,47.6,47.5,47.6,47.5,47.6,47.6,47.6,47.6,35.2,47.5,47.6,47.6,47.7,47.7,47.5,47.6,47.6,47.6,35.3,47.7,47.6,47.6,47.6,47.5,47.5,35.3,35.3
0.000186,35.6,47.6,47.6,47.6,47.6,47.7,47.6,47.6,47.6,47.6,47.7,35.6,47.6,47.6,47.7,47.7,47.7,47.5,47.6,47.6,47.6,35.6,47.6,47.6,47.6,47.7,47.5,47.6,47.6,47.7,47.6,35.4,47.5,47.6,47.7,47.6,47.7,47.7,47.6,47.6,47.7,35.5,47.6,47.7,47.6,47.6,47.6,47.7,47.6,47.5,47.6,35.5,47.7,47.5,47.7,47.6,47.6,47.6,47.6,47.6,47.6,35.4,47.6,47.6,47.6,47.6,47.7,47.6,47.6,47.6,47.7,34.7,47.6,47.6,47.7,47.6,47.5,47.7,47.6,47.5,47.6,35.2,47.5,47.7,47.6,47.6,47.7,47.5,47.5,47.5,47.5,35.4,47.7,47.6,47.5,47.5,47.5,47.5,35.3,35.4
0.000186,35.6,47.6,47.6,47.5,47.6,47.5,47.7,47.5,47.5,47.6,47.7,35.5,47.5,47.6,47.7,47.6,47.5,47.7,47.7,47.5,47.6,35.7,47.7,47.5,47.7,47.6,47.5,47.7,47.6,47.5,47.6,35.4,47.7,47.6,47.5,47.6,47.6,47.6,47.6,47.6,47.7,35.5,47.6,47.6,47.7,47.6,47.7,47.7,47.5,47.7,47.7,35.6,47.7,47.6,47.6,47.6,47.7,47.6,47.6,47.6,47.6,35.3,47.6,47.6,47.6,47.6,47.7,47.5,47.6,47.7,47.6,34.9,47.6,47.6,47.7,47.6,47.6,47.6,47.5,47.6,47.6,35.2,47.6,47.6,47.5,47.6,47.5,47.6,47.6,47.5,47.6,35.6,47.6,47.6,47.5,47.6,47.6,47.6,35.1,35.4
0.000186,35.6,47.7,47.7,47.5,47.6,47.5,47.6,47.5,47.7,47.6,47.6,35.5,47.6,47.6,47.7,47.5,47.7,47.5,47.6,47.7,47.6,35.7,47.6,47.6,47.5,47.7,47.5,47.6,47.5,47.6,47.7,35.3,47.6,47.6,47.6,47.6,47.5,47.5,47.6,47.5,47.5,35.5,47.6,47.6,47.7,47.6,47.7,47.6,47.6,47.6,47.6,35.6,47.7,47.6,47.6,47.6,47.7,47.7,47.5,47.7,47.7,35.4,47.7,47.7,47.6,47.6,47.6,47.6,47.6,47.5,47.7,34.8,47.7,47.6,47.7,47.7,47.6,47.6,47.7,47.4,47.6,35.2,47.6,47.5,47.4,47.6,47.6,47.7,47.7,47.5,47.7,35.5,47.7,47.4,47.6,47.5,47.6,47.6,35,35.4
0.000186,35.6,47.6,47.6,47.5,47.5,47.5,47.5,47.6,47.6,47.7,47.7,35.5,47.7,47.5,47.6,47.7,47.5,47.6,47.6,47.6,47.5,35.5,47.5,47.7,47.6,47.6,47.7,47.5,47.6,47.7,47.5,35.3,47.6,47.6,47.6,47.4,47.5,47.5,47.6,47.7,47.6,35.6,47.7,47.5,47.6,47.6,47.7,47.6,47.6,47.5,47.6,35.7,47.6,47.6,47.5,47.6,47.6,47.7,47.7,47.7,47.7,35.4,47.6,47.6,47.6,47.7,47.5,47.7,47.6,47.6,47.7,35.1,47.6,47.5,47.6,47.7,47.5,47.6,47.6,47.6,47.6,35.2,47.6,47.6,47.5,47.6,47.7,47.5,47.5,47.7,47.7,35.5,47.6,47.6,47.4,47.6,47.5,47.6,35.2,35.5
0.000187,35.5,47.7,47.6,47.6,47.6,47.6,47.6,47.5,47.7,47.6,47.6,35.3,47.6,47.6,47.6,47.5,47.6,47.6,47.7,47.6,47.6,35.5,47.6,47.6,47.6,47.7,47.6,47.6,47.6,47.6,47.5,35.5,47.7,47.7,47.6,47.6,47.5,47.5,47.7,47.6,47.5,35.4,47.5,47.7,47.6,47.7,47.6,47.6,47.7,47.6,47.7,35.6,47.6,47.6,47.6,47.6,47.6,47.6,47.6,47.6,47.6,35.4,47.6,47.6,47.5,47.6,47.6,47.6,47.6,47.6,47.6,35.3,47.6,47.5,47.6,47.5,47.6,47.6,47.6,47.6,47.6,35.1,47.6,47.5,47.6,47.6,47.7,47.5,47.5,47.7,47.6,35.5,47.5,47.6,47.6,47.5,47.6,47.5,35.1,35.4
0.000187,35.6,47.6,47.6,47.6,47.6,47.5,47.7,47.7,47.6,47.6,47.6,35.2,47.6,47.5,47.6,47.6,47.7,47.6,47.5,47.6,47.5,35.5,47.5,47.7,47.6,47.6,47.7,47.6,47.6,47.5,47.6,35.6,47.6,47.6,47.6,47.6,47.6,47.5,47.5,47.6,47.5,35.3,47.6,47.6,47.5,47.6,47.6,47.6,47.5,47.6,47.6,35.5,47.7,47.6,47.6,47.4,47.6,47.6,47.7,47.6,47.6,35.4,47.5,47.5,47.6,47.6,47.6,47.6,47.5,47.7,47.7,35.4,47.6,47.6,47.6,47.5,47.5,47.6,47.6,47.6,47.5,35.2,47.5,47.6,47.6,47.5,47.6,47.5,47.7,47.6,47.7,35.5,47.6,47.6,47.7,47.6,47.6,47.6,35.1,35.4
0.000187,35.4,47.6,47.6,47.6,47.7,47.7,47.6,47.6,47.4,47.6,47.5,35.3,47.6,47.6,47.5,47.7,47.6,47.6,47.7,47.7,47.7,35.4,47.5,47.6,47.7,47.6,47.7,47.7,47.6,47.6,47.6,35.5,47.6,47.6,47.6,47.7,47.6,47.7,47.6,47.6,47.6,35.4,47.7,47.7,47.5,47.7,47.6,47.6,47.6,47.7,47.6,35.5,47.5,47.6,47.7,47.7,47.5,47.6,47.6,47.6,47.6,35.4,47.6,47.6,47.6,47.6,47.7,47.5,47.5,47.6,47.6,35.5,47.6,47.6,47.6,47.6,47.6,47.5,47.6,47.5,47.7,35.2,47.6,47.5,47.7,47.6,47.7,47.5,47.6,47.6,47.6,35.4,47.6,47.5,47.5,47.6,47.7,47.6,35.3,35.5
0.000187,35.3,47.6,47.6,47.6,47.7,47.6,47.6,47.6,47.5,47.6,47.6,35.2,47.5,47.6,47.6,47.6,47.7,47.6,47.5,47.7,47.6,35.4,47.7,47.6,47.7,47.5,47.6,47.6,47.6,47.6,47.5,35.4,47.7,47.5,47.6,47.7,47.6,47.7,47.7,47.6,47.6,35.2,47.6,47.6,47.6,47.5,47.5,47.6,47.7,47.7,47.6,35.3,47.6,47.6,47.5,47.5,47.6,47.6,47.6,47.6,47.6,35.4,47.6,47.5,47.7,47.6,47.7,47.6,47.7,47.5,47.6,35.5,47.6,47.7,47.6,47.6,47.5,47.6,47.7,47.5,47.6,35.2,47.7,47.6,47.6,47.6,47.6,47.5,47.5,47.7,47.7,35.3,47.6,47.7,47.6,47.6,47.6,47.6,35.3,35.4
0.000187,35.3,47.6,47.4,47.5,47.6,47.6,47.7,47.5,47.6,47.6,47.7,35.2,47.7,47.6,47.6,47.5,47.6,47.4,47.5,47.6,47.6,35.6,47.7,47.7,47.6,47.7,47.7,47.5,47.5,47.6,47.6,35.5,47.6,47.7,47.5,47.6,47.6,47.6,47.6,47.7,47.6,35.2,47.7,47.7,47.7,47.6,47.6,47.6,47.7,47.6,47.6,35.4,47.7,47.6,47.5,47.6,47.6,47.6,47.6,47.6,47.6,35.4,47.6,47.5,47.7,47.5,47.6,47.7,47.7,47.7,47.5,35.5,47.6,47.7,47.5,47.5,47.7,47.6,47.5,47.6,47.6,35.3,47.6,47.6,47.5,47.5,47.6,47.6,47.6,47.5,47.6,35.4,47.7,47.7,47.5,47.6,47.6,47.5,35.3,35.3
