Time(s),0 m,0.0068 m,0.0136 m,0.0204 m,0.0272 m,0.034 m,0.0408 m,0.0476 m,0.0544 m,0.0612 m,0.068 m,0.0748 m,0.0816 m,0.0884 m,0.0952 m,0.102 m,0.1088 m,0.1156 m,0.1224 m,0.1292 m,0.136 m,0.1428 m,0.1496 m,0.1564 m,0.1632 m,0.17 m,0.1768 m,0.1836 m,0.1904 m,0.1972 m,0.204 m,0.2108 m,0.2176 m,0.2244 m,0.2312 m,0.238 m,0.2448 m,0.2516 m,0.2584 m,0.2652 m,0.272 m,0.2788 m,0.2856 m,0.2924 m,0.2992 m,0.306 m,0.3128 m,0.3196 m,0.3264 m,0.3332 m,0.34 m,0.3468 m,0.3536 m,0.3604 m,0.3672 m,0.374 m,0.3808 m,0.3876 m,0.3944 m,0.4012 m,0.408 m,0.4148 m,0.4216 m,0.4284 m,0.4352 m,0.442 m,0.4488 m,0.4556 m,0.4624 m,0.4692 m,0.476 m,0.4828 m,0.4896 m,0.4964 m,0.5032 m,0.51 m,0.5168 m,0.5236 m,0.5304 m,0.5372 m,0.544 m,0.5508 m,0.5576 m,0.5644 m,0.5712 m,0.578 m,0.5848 m,0.5916 m,0.5984 m,0.6052 m,0.612 m,0.6188 m,0.6256 m,0.6324 m,0.6392 m,0.646 m,0.6528 m,0.6596 m,0.6664 m,0.6732 m
-0.0000124,15.9,15.9,15.9,15.9,15.9,15.9,15.9,15.9,15.9,15.9,15.9,15.9,15.9,15.9,15.9,15.9,15.9,15.9,15.9,15.9,15.9,15.9,15.9,15.9,15.9,15.9,15.9,15.9,15.9,15.9,15.9,15.9,15.9,15.9,15.9,15.9,15.9,15.9,15.9,15.9,15.9,15.9,15.9,15.9,15.9,15.9,15.9,15.9,15.9,15.9,15.9,15.9,15.9,15.9,15.9,15.9,15.9,15.9,15.9,15.9,15.9,15.9,15.9,15.9,15.9,15.9,15.9,15.9,15.9,15.9,15.9,15.9,15.9,15.9,15.9,15.9,15.9,15.9,15.9,15.9,15.9,15.9,15.9,15.9,15.9,15.9,15.9,15.9,15.9,15.9,15.9,15.9,15.9,15.9,15.9,15.9,15.9,15.9,15.9,15.9
-0.0000122,15.9,15.9,15.9,15.9,15.9,15.9,15.9,15.9,15.9,15.9,15.9,15.9,15.9,15.9,15.9,15.9,15.9,15.9,15.9,15.9,15.9,15.9,15.9,15.9,15.9,15.9,15.9,15.9,15.9,15.9,15.9,15.9,15.9,15.9,15.9,15.9,15.9,15.9,15.9,15.9,15.9,15.9,15.9,15.9,15.9,15.9,15.9,15.9,15.9,15.9,15.9,15.9,15.9,15.9,15.9,15.9,15.9,15.9,15.9,15.9,15.9,15.9,15.9,15.9,15.9,15.9,15.9,15.9,15.9,15.9,15.9,15.9,15.9,15.9,15.9,15.9,15.9,15.9,15.9,15.9,15.9,15.9,15.9,15.9,15.9,15.9,15.9,15.9,15.9,15.9,15.9,15.9,15.9,15.9,15.9,15.9,15.9,15.9,16,15.9
-0.000012,15.9,15.9,15.9,15.9,15.9,15.9,15.9,15.9,15.9,15.9,15.9,15.9,15.9,15.9,15.9,15.9,15.9,15.9,15.9,15.9,15.9,15.9,15.9,15.9,15.9,15.9,15.9,15.9,15.9,15.9,15.9,15.9,15.9,15.9,15.9,15.9,15.9,15.9,15.9,15.9,15.9,15.9,15.9,15.9,15.9,15.9,15.9,15.9,15.9,15.9,15.9,15.9,15.9,15.9,15.9,15.9,15.9,15.9,15.9,15.9,15.9,15.9,15.9,15.9,15.9,15.9,15.9,15.9,15.9,15.9,15.9,15.9,15.9,15.9,15.9,15.9,15.9,15.9,15.9,15.9,15.9,15.9,15.9,15.9,15.9,15.9,15.9,15.9,15.9,15.9,15.9,15.9,15.9,15.9,15.9,15.9,15.9,15.9,15.9,15.9
-0.0000118,15.9,15.9,15.9,15.9,15.9,15.9,15.9,15.9,15.9,15.9,15.9,15.9,15.9,15.9,15.9,15.9,15.9,15.9,15.9,15.9,15.9,15.9,15.9,15.9,15.9,15.9,15.9,15.9,15.9,15.9,15.9,15.9,15.9,15.9,15.9,15.9,15.9,15.9,15.9,15.9,15.9,15.9,15.9,15.9,15.9,15.9,15.9,15.9,15.9,15.9,15.9,15.9,15.9,15.9,15.9,15.9,15.9,15.9,15.9,15.9,15.9,15.9,15.9,15.9,15.9,15.9,15.9,15.9,15.9,15.9,15.9,15.9,15.9,15.9,15.9,15.9,15.9,15.9,15.9,15.9,15.9,15.9,15.9,15.9,15.9,15.9,15.9,15.9,15.9,15.9,15.9,15.9,15.9,15.9,15.9,15.9,15.9,15.9,15.9,15.9
-0.0000116,15.9,15.9,15.9,15.9,15.9,15.9,15.9,15.9,15.9,15.9,15.9,15.9,15.9,15.9,15.9,15.9,15.9,15.9,15.9,15.9,15.9,15.9,15.9,15.9,15.9,15.9,15.9,15.9,15.9,15.9,15.9,15.9,15.9,15.9,15.9,15.9,15.9,15.9,15.9,15.9,15.9,15.9,15.9,11.9,15.9,15.9,15.9,15.9,15.9,15.9,15.9,15.9,15.9,15.9,15.9,15.9,15.9,15.9,15.9,15.9,15.9,15.9,15.9,15.9,15.9,15.9,15.9,15.9,15.9,15.9,15.9,15.9,15.9,15.9,15.9,15.9,15.9,15.9,15.9,15.9,15.9,15.9,15.9,15.9,15.9,15.9,15.9,15.9,15.9,15.9,15.9,15.9,15.9,15.9,15.9,15.9,15.9,15.9,16,15.9
-0.0000114,16,12,11.8,12,12.1,11.8,11.7,11.7,11.9,11.8,11.9,16,12,12,12,11.8,11.8,12,11.9,11.9,11.9,16,11.8,11.9,11.9,12,11.9,12,11.9,11.9,11.8,15.9,11.8,11.8,12,11.9,11.8,12,12,12.1,11.9,16,12,11.9,11.9,11.8,11.9,11.9,12,11.9,11.7,16,12,11.9,11.8,11.9,12,11.9,11.8,11.8,11.8,16,11.8,11.7,11.7,11.7,11.7,11.6,11.7,11.8,11.7,16,11.7,11.8,11.6,11.6,11.7,11.5,11.7,11.7,11.7,16,11.9,11.7,11.7,11.6,11.8,11.6,11.7,11.7,11.7,15.9,11.7,11.7,11.9,11.9,12,11.9,15.9,15.9
-0.0000112,16,12,11.8,12,12,11.8,11.7,11.8,11.9,11.8,12,15.9,12,12,12,11.8,11.9,12.1,11.9,11.8,11.8,15.9,11.8,11.9,11.8,12,11.9,11.9,11.9,11.9,11.8,16,11.8,11.8,12,12,11.8,11.9,11.9,12.1,11.9,16,12,11.9,11.9,11.8,11.9,11.8,12,11.9,11.7,16,12,11.8,11.8,11.9,12,11.9,11.8,11.8,11.8,16,11.8,11.7,11.7,11.7,11.7,11.7,11.7,11.8,11.7,15.9,11.7,11.8,11.6,11.6,11.7,11.5,11.7,11.6,11.7,16,11.8,11.6,11.6,11.6,11.8,11.7,11.7,11.8,11.7,16,11.8,11.6,11.9,11.9,11.9,11.8,15.9,15.9
-0.000011,16,12,11.8,12,12,11.8,11.7,11.8,11.9,11.9,12,16,12,12,12,11.8,11.9,12,11.9,11.8,11.8,16,11.8,11.9,11.8,12,11.9,12,11.8,11.9,11.9,16,11.9,11.8,12,12,11.8,11.8,11.9,12.1,11.9,16,12,11.8,11.9,11.8,12,11.8,12,11.9,11.7,16,11.9,11.8,11.8,11.9,11.8,11.9,11.8,11.8,11.8,16,11.8,11.7,11.7,11.8,11.7,11.8,11.8,11.8,11.7,16,11.6,11.8,11.6,11.7,11.7,11.5,11.6,11.7,11.6,16,11.8,11.7,11.5,11.7,11.8,11.8,11.8,11.7,11.7,16,11.8,11.7,11.9,11.9,11.8,11.8,15.9,15.9
-0.0000108,15.9,12,11.9,12,12,11.8,11.7,11.8,11.9,12,12,16,12,12,12,11.7,12,12,11.9,11.8,11.8,16,11.8,11.9,11.9,12,11.9,12,11.8,11.9,11.9,15.9,11.9,11.9,11.9,12,11.8,11.8,12,12,11.9,16,11.9,11.9,11.9,11.9,12,11.8,12,11.9,11.8,16,12,11.8,11.8,11.8,11.9,11.8,11.7,11.8,11.8,16,11.8,11.6,11.7,11.8,11.7,11.8,11.7,11.8,11.7,15.9,11.5,11.7,11.7,11.6,11.7,11.6,11.6,11.7,11.7,16,11.6,11.7,11.6,11.7,11.8,11.8,11.8,11.7,11.8,16,11.8,11.8,11.9,11.8,11.8,11.8,15.9,15.9
-0.0000106,16,12,12,12,11.9,11.8,11.8,12,11.8,12,12,16,11.9,11.8,11.9,11.7,12,11.9,11.9,11.8,11.8,16,11.8,11.9,11.9,12,11.9,12,11.8,11.9,12,16,12,11.9,11.9,11.9,11.8,11.8,11.9,12,11.8,15.9,11.9,11.8,11.9,11.9,12,11.9,12,11.9,11.8,15.9,11.9,11.7,11.8,11.8,11.8,11.8,11.7,11.8,11.9,16,11.8,11.7,11.8,11.8,11.8,11.8,11.7,11.8,11.7,16,11.6,11.7,11.6,11.7,11.7,11.6,11.5,11.7,11.7,15.9,11.6,11.8,11.6,11.6,11.8,11.8,11.8,11.8,11.8,15.9,11.8,11.9,11.9,11.8,11.8,11.7,15.9,15.9
-0.0000104,16,11.9,12,11.9,11.9,11.8,11.8,12,11.9,12,12,16,11.9,11.9,11.9,11.7,12,11.9,11.9,11.8,11.8,15.9,11.8,11.9,12,11.9,11.9,11.9,11.8,11.9,12,16,11.9,11.9,11.8,11.9,11.9,11.8,11.9,12,11.8,16,11.8,11.9,11.9,11.9,12,12,11.9,11.8,11.9,16,11.8,11.7,11.8,11.8,11.8,11.7,11.7,11.8,11.8,16,11.8,11.7,11.8,11.8,11.7,11.8,11.7,11.7,11.7,16,11.5,11.7,11.6,11.6,11.6,11.6,11.5,11.7,11.6,16,11.7,11.8,11.7,11.6,11.7,11.7,11.8,11.8,11.8,15.9,11.8,11.9,11.8,11.8,11.8,11.7,15.9,15.9
-0.0000102,16,11.8,12,11.9,11.8,11.9,11.9,11.9,12,11.9,11.9,16,11.8,11.8,11.9,11.7,11.9,11.8,11.9,11.9,11.7,16,11.8,11.8,12,11.9,11.9,11.8,11.8,11.9,12,15.9,11.9,11.8,12,11.8,11.9,11.8,11.9,12,11.9,15.9,11.8,11.9,11.9,11.9,12,12,11.9,11.8,12,15.9,11.8,11.8,11.8,11.9,11.8,11.8,11.8,11.8,11.8,16,11.7,11.7,11.8,11.8,11.8,11.7,11.7,11.7,11.7,15.9,11.6,11.5,11.6,11.6,11.6,11.6,11.5,11.7,11.6,15.9,11.8,11.7,11.7,11.6,11.7,11.7,11.8,11.8,11.8,16,11.8,12,11.8,11.7,11.8,11.7,16,15.9
-0.00001,15.9,11.8,12,11.8,11.9,11.9,11.8,12,12,11.9,11.9,16,11.8,11.8,11.9,11.7,11.9,11.8,11.8,11.8,11.8,16,11.9,11.8,12.1,11.8,11.9,11.8,11.8,11.9,12,16,11.8,11.9,12,11.9,11.9,11.8,11.9,11.9,11.8,16,11.8,12,11.9,11.8,11.9,12.1,11.9,11.8,12,15.9,11.7,11.8,11.8,11.8,11.8,11.7,11.8,11.8,11.8,15.9,11.7,11.7,11.8,11.8,11.7,11.7,11.7,11.7,11.6,15.9,11.5,11.6,11.6,11.6,11.6,11.7,11.6,11.7,11.7,15.9,11.9,11.7,11.6,11.6,11.6,11.6,11.7,11.8,11.8,16,11.8,12,11.8,11.8,11.8,11.7,15.9,15.9
-0.0000098,15.9,11.8,12,11.9,11.9,11.9,11.8,12,12,11.9,11.8,16,11.8,11.8,11.9,11.7,11.9,11.8,11.7,11.8,11.7,16,12,11.8,12.1,11.8,11.9,11.8,11.9,11.9,12.1,15.9,11.8,11.9,12,11.8,11.9,11.8,11.9,11.9,11.9,16,11.8,12,11.8,11.8,11.8,12,11.8,11.8,11.9,16,11.8,11.8,11.8,11.8,11.8,11.8,11.8,11.8,11.8,15.9,11.7,11.8,11.9,11.8,11.7,11.6,11.8,11.7,11.6,16,11.6,11.6,11.6,11.5,11.6,11.7,11.7,11.7,11.6,16,11.9,11.7,11.6,11.6,11.6,11.7,11.7,11.8,11.8,16,11.8,11.9,11.7,11.8,11.8,11.7,16,15.9
-0.0000096,15.9,11.8,12,11.9,11.9,11.8,11.9,11.9,12,11.8,11.8,15.9,11.9,11.8,11.9,11.8,11.9,11.9,11.8,11.9,11.8,16,12,11.8,12.1,11.8,11.9,11.8,12,11.9,12,15.9,11.8,11.9,12.1,11.8,11.9,11.8,11.9,11.9,11.8,16,11.9,12,11.8,11.9,11.8,12,11.8,11.8,11.9,15.9,11.7,11.8,11.7,11.8,11.9,11.8,11.9,11.8,11.8,15.9,11.8,11.7,11.8,11.7,11.7,11.5,11.8,11.7,11.6,16,11.7,11.6,11.6,11.6,11.6,11.6,11.7,11.6,11.6,15.9,11.9,11.7,11.7,11.6,11.7,11.7,11.7,11.7,11.8,15.9,11.8,11.8,11.8,11.9,11.8,11.8,15.9,15.9
-0.0000094,15.9,11.8,11.9,11.9,11.9,11.8,11.9,11.9,11.9,11.8,11.9,15.9,11.9,11.8,11.9,11.8,11.9,12,11.8,11.8,11.8,16,12,11.8,12,11.8,11.9,11.8,12,11.8,12,15.9,11.8,11.9,12,11.9,11.8,11.9,11.8,12,11.8,15.9,12,12,11.8,11.9,11.8,11.9,11.8,11.8,11.8,16,11.8,11.8,11.7,11.8,11.9,11.9,11.9,11.8,11.8,16,11.8,11.8,11.8,11.7,11.7,11.5,11.8,11.7,11.7,16,11.7,11.6,11.6,11.6,11.6,11.7,11.8,11.6,11.6,16,12,11.7,11.6,11.7,11.7,11.7,11.7,11.8,11.8,16,11.8,11.8,11.8,12,11.8,11.8,15.9,15.9
-0.0000092,15.9,11.9,11.9,11.9,12,11.8,11.8,11.9,11.9,11.8,11.8,16,12,11.9,11.9,11.8,11.9,12,11.9,11.9,11.9,16,12,11.8,12,11.8,11.9,11.8,12,11.8,11.9,15.9,11.7,11.9,12,11.8,11.8,12,11.8,12,11.8,15.9,12,12,11.8,11.9,11.8,11.9,11.8,11.8,11.8,16,11.8,11.9,11.7,11.9,11.9,12,11.8,11.8,11.8,16,11.8,11.7,11.7,11.7,11.7,11.5,11.8,11.7,11.6,16,11.8,11.7,11.7,11.5,11.6,11.6,11.8,11.6,11.7,16,11.9,11.7,11.7,11.8,11.8,11.8,11.8,11.7,11.7,15.9,11.8,11.8,11.8,11.9,11.8,11.8,15.9,15.9
-0.000009,16,11.9,11.9,12,12,11.8,11.8,11.8,11.9,11.8,11.9,16,12,12,12,11.8,11.8,12,12,11.9,11.9,16,12,11.9,11.9,11.9,11.9,11.8,11.9,11.9,11.8,15.9,11.7,12,12,11.8,11.8,12,11.8,12,11.8,16,12.1,11.9,11.7,12,11.8,11.8,11.8,11.8,11.7,16,11.8,11.9,11.6,11.9,12,12,11.8,11.7,11.8,15.9,11.8,11.8,11.7,11.7,11.8,11.5,11.8,11.7,11.6,16,11.8,11.8,11.6,11.6,11.6,11.6,11.8,11.5,11.6,16,11.8,11.7,11.7,11.8,11.8,11.8,11.8,11.6,11.8,15.9,11.8,11.7,11.9,11.9,11.8,11.9,15.9,15.9
-0.0000088,15.9,12,11.8,11.9,12,11.8,11.8,11.8,11.8,11.9,11.9,16,12,11.9,12,11.8,11.9,12.1,12.1,11.8,12,16,11.9,11.9,11.9,12,11.9,11.9,11.9,11.9,11.8,16,11.7,11.9,11.9,11.9,11.8,12,11.8,12,11.8,16,12.1,11.9,11.8,12,11.9,11.8,11.8,11.8,11.7,15.9,11.8,11.9,11.7,11.9,11.9,12.1,11.8,11.7,11.8,16,11.8,11.8,11.7,11.7,11.8,11.6,11.8,11.7,11.7,15.9,11.7,11.8,11.7,11.5,11.7,11.7,11.8,11.5,11.6,16,11.7,11.7,11.6,11.8,11.8,11.8,11.8,11.7,11.7,15.9,11.8,11.8,11.9,11.8,11.8,12,15.9,15.9
-0.0000086,16,12,11.8,11.9,11.9,11.9,11.8,11.8,11.8,12,11.9,15.9,12,11.8,11.9,11.8,11.9,12,12,11.8,12,16,11.8,12,11.9,12,11.9,12,11.9,11.8,11.9,15.9,11.7,11.9,11.9,11.9,11.8,12,11.9,12,11.8,16,12,11.9,11.8,11.9,12,11.8,11.8,11.9,11.7,16,11.8,11.9,11.8,11.9,12,12,11.8,11.7,11.8,15.9,11.8,11.7,11.7,11.7,11.8,11.6,11.8,11.7,11.7,16,11.7,11.8,11.7,11.6,11.7,11.7,11.7,11.6,11.6,15.9,11.7,11.7,11.6,11.8,11.8,11.8,11.8,11.7,11.7,16,11.8,11.8,11.9,11.8,11.8,12,16,15.9
-0.0000084,15.9,12,11.8,12,12,11.9,11.8,11.9,11.8,12,11.9,15.9,12,11.9,11.8,11.8,11.8,11.9,12.1,11.8,12,16,11.8,11.9,11.9,12,11.9,12,11.8,11.9,11.8,16,11.8,11.8,11.8,12,11.8,12,11.9,12,11.8,16,12,11.9,11.8,11.9,12,11.8,11.8,11.9,11.8,16,11.8,11.9,11.8,11.8,11.9,11.9,11.7,11.8,11.8,16,11.7,11.8,11.7,11.7,11.8,11.6,11.7,11.7,11.7,15.9,11.7,11.8,11.7,11.6,11.7,11.7,11.7,11.6,11.5,15.9,11.6,11.7,11.7,11.8,11.9,11.8,11.8,11.8,11.7,16,11.8,11.8,11.9,11.8,11.8,11.9,15.9,15.9
-0.0000082,15.9,11.9,11.8,11.9,11.9,11.9,11.8,11.8,11.9,12.1,11.9,15.9,12,11.9,11.8,11.8,11.9,11.8,12,11.8,12,15.9,11.8,12,11.9,12,11.9,12,11.8,11.9,11.8,15.9,11.8,11.8,11.8,12,11.8,12,12,12,11.9,16,11.9,11.9,11.8,11.8,12,11.8,11.8,11.8,11.8,16,11.8,11.8,11.8,11.8,11.9,11.9,11.7,11.8,11.8,16,11.8,11.8,11.8,11.7,11.8,11.6,11.7,11.7,11.7,15.9,11.6,11.7,11.6,11.7,11.6,11.7,11.6,11.6,11.5,16,11.6,11.7,11.5,11.7,11.9,11.9,11.8,11.8,11.7,15.9,11.8,11.9,11.9,11.8,11.8,11.9,15.9,15.9
-0.000008,16,11.9,11.8,11.9,11.8,12,11.7,11.9,11.9,12,11.9,15.9,11.9,11.8,11.8,11.8,11.9,11.8,12,11.8,12,16,11.8,12,11.9,11.9,11.9,11.9,11.7,11.9,11.9,16,11.8,11.8,11.8,12,11.8,11.9,12,11.9,11.9,15.9,11.9,12,11.9,11.8,12,11.9,11.8,11.9,11.8,16,11.8,11.8,11.8,11.9,11.9,11.8,11.7,11.8,11.8,16,11.7,11.7,11.8,11.7,11.7,11.7,11.6,11.8,11.7,15.9,11.6,11.6,11.6,11.7,11.7,11.7,11.6,11.7,11.5,15.9,11.6,11.7,11.6,11.7,11.9,11.8,11.8,11.9,11.8,15.9,11.7,11.9,11.9,11.8,11.8,11.8,15.9,16
-0.0000078,16,11.9,11.8,11.9,11.8,12,11.8,11.8,11.9,11.9,11.9,16,11.9,11.8,11.9,11.8,11.9,11.8,11.9,11.9,12,15.9,11.9,11.9,12,11.9,11.9,12,11.7,11.9,12,16,11.8,11.8,11.9,11.9,11.8,11.9,12,12,12,16,11.8,12,11.9,11.7,12,11.9,11.7,11.8,11.9,16,11.8,11.8,11.8,11.9,12,11.8,11.7,11.9,11.8,16,11.6,11.8,11.8,11.7,11.6,11.7,11.6,11.8,11.7,15.9,11.6,11.6,11.6,11.7,11.6,11.6,11.6,11.7,11.5,16,11.7,11.8,11.5,11.7,11.8,11.8,11.7,11.9,11.8,16,11.8,11.9,11.8,11.8,11.8,11.7,16,15.9
-0.0000076,15.9,11.9,11.8,11.9,11.8,11.9,11.8,11.9,11.9,11.9,11.8,15.9,11.9,11.9,11.9,11.8,12,11.8,11.9,11.8,11.9,15.9,12,11.9,12,12,11.8,11.9,11.7,12,11.9,16,11.9,11.8,12,11.9,11.9,11.9,11.9,11.9,12,15.9,11.8,12,12,11.7,12,12,11.7,11.8,11.8,15.9,11.8,11.7,11.8,11.9,11.9,11.8,11.8,11.9,11.8,16,11.7,11.8,11.8,11.7,11.7,11.8,11.6,11.8,11.8,16,11.7,11.5,11.6,11.7,11.6,11.6,11.7,11.7,11.5,16,11.8,11.7,11.5,11.6,11.8,11.8,11.7,11.9,11.8,16,11.8,11.8,11.8,11.8,11.8,11.7,15.9,15.9
-0.0000074,16,11.8,11.8,11.8,11.9,11.9,11.8,11.9,11.9,11.8,11.8,15.9,11.8,11.9,11.9,11.9,12,11.8,11.8,11.8,11.8,16,12,11.8,11.9,11.9,11.8,11.9,11.7,11.9,12,15.9,11.8,11.9,12,11.9,11.8,11.9,11.9,12,12,16,11.8,12,11.9,11.7,11.9,11.9,11.7,11.8,11.9,15.9,11.9,11.8,11.8,11.8,11.9,11.8,11.8,11.8,11.8,16,11.6,11.8,11.8,11.8,11.6,11.8,11.6,11.8,11.8,16,11.6,11.5,11.6,11.6,11.6,11.6,11.7,11.7,11.7,16,11.8,11.8,11.5,11.6,11.8,11.8,11.7,11.9,11.8,16,11.8,11.7,11.8,11.8,11.8,11.7,16,15.9
-0.0000072,15.9,11.8,11.9,11.8,12,11.9,11.9,11.9,11.9,11.8,11.8,15.9,11.9,11.9,11.9,11.8,12.1,11.8,11.8,11.7,11.8,16,12,11.8,11.8,11.9,11.8,11.8,11.7,11.9,12,16,11.9,11.9,12.1,11.8,11.8,11.9,11.8,12,12,16,11.8,12,11.9,11.8,11.9,12,11.8,11.9,11.8,16,11.9,11.8,11.8,11.8,11.9,11.8,11.8,12,11.8,15.9,11.7,11.8,11.8,11.8,11.6,11.8,11.7,11.8,11.8,15.9,11.7,11.6,11.6,11.6,11.6,11.6,11.8,11.6,11.7,16,11.8,11.8,11.6,11.6,11.7,11.8,11.7,11.8,11.9,16,11.8,11.6,11.8,11.9,11.8,11.7,15.9,15.9
-0.000007,16,11.9,12,11.8,12,11.8,11.9,11.9,11.9,11.7,11.8,16,11.9,12,11.9,11.9,12,11.8,11.8,11.8,11.7,15.9,12,11.8,11.8,12,11.8,11.8,11.7,11.8,12,16,11.9,11.9,12.1,11.8,11.9,11.9,11.8,12,11.9,15.9,11.9,12,11.9,11.8,11.8,11.9,11.8,11.9,11.8,16,12,11.8,11.8,11.8,11.8,11.8,11.8,11.9,11.8,16,11.8,11.8,11.8,11.8,11.6,11.8,11.7,11.8,11.8,16,11.7,11.6,11.6,11.6,11.6,11.7,11.8,11.6,11.7,16,11.8,11.8,11.6,11.7,11.7,11.8,11.7,11.7,11.8,16,11.8,11.6,11.8,11.9,11.8,11.8,15.9,15.9
-0.0000068,15.9,11.9,12,11.8,12,11.8,12,11.9,11.9,11.8,11.9,16,11.9,12,11.9,11.8,12.1,11.9,11.8,11.8,11.8,16,12,11.8,11.7,12,11.8,11.8,11.7,11.8,11.9,15.9,11.9,11.9,12.1,11.8,11.9,11.9,11.7,12,11.8,16,11.9,11.9,11.8,11.9,11.8,11.9,11.9,11.9,11.8,16,12,11.8,11.8,11.7,11.9,11.8,11.8,11.8,11.8,15.9,11.8,11.8,11.8,11.8,11.6,11.8,11.8,11.8,11.8,16,11.7,11.7,11.6,11.6,11.6,11.7,11.8,11.5,11.8,16,11.8,11.7,11.7,11.7,11.7,11.8,11.7,11.7,11.8,16,11.8,11.6,11.8,11.9,11.8,11.8,15.9,15.9
-0.0000066,15.9,11.8,12,11.9,11.9,11.8,11.9,11.8,12,11.8,11.9,16,11.9,12.1,11.8,11.9,12,11.9,11.9,11.8,11.8,16,11.9,11.8,11.7,11.9,11.9,11.8,11.8,11.8,11.9,16,11.9,11.9,12.1,11.8,11.8,11.9,11.7,12,11.8,15.9,12,11.9,11.8,11.9,11.8,12,12,11.9,11.8,15.9,12,11.8,11.8,11.8,11.9,11.8,11.8,11.8,11.8,16,11.8,11.8,11.8,11.8,11.7,11.8,11.8,11.8,11.8,16,11.7,11.8,11.6,11.6,11.6,11.8,11.8,11.5,11.7,15.9,11.8,11.7,11.7,11.8,11.7,11.8,11.7,11.6,11.8,15.9,11.8,11.6,11.8,12,11.8,11.8,15.9,15.9
-0.0000064,15.9,11.9,12,11.9,11.9,11.8,11.9,11.8,12,12,11.9,15.9,11.9,12,11.8,11.8,12,11.9,11.9,11.9,11.9,15.9,12,11.8,11.7,12,12,11.9,11.8,11.8,11.9,16,12,11.9,12.1,11.9,11.9,12,11.8,12.1,11.8,16,12,11.8,11.8,11.9,11.8,11.9,11.9,11.9,11.8,15.9,11.9,11.9,11.7,11.8,11.8,11.8,11.8,11.8,11.8,15.9,11.8,11.8,11.8,11.8,11.8,11.7,11.8,11.7,11.7,16,11.7,11.8,11.6,11.7,11.7,11.8,11.7,11.5,11.7,15.9,11.8,11.7,11.8,11.8,11.8,11.8,11.8,11.5,11.7,16,11.8,11.7,11.8,11.9,11.8,11.8,15.9,15.9
-0.0000062,15.9,11.9,12,11.9,11.9,11.8,11.9,11.8,12,12,11.9,16,12,11.9,11.9,11.9,11.9,11.9,11.9,11.9,11.9,16,11.9,11.8,11.7,11.9,12.1,11.9,11.8,11.9,11.9,16,11.9,11.9,12,11.9,11.8,11.9,11.9,12,11.8,16,12,11.8,11.8,11.9,11.8,11.9,12,11.9,11.8,16,11.9,11.8,11.8,11.8,11.8,11.8,11.8,11.7,11.8,16,11.8,11.8,11.9,11.8,11.8,11.7,11.8,11.6,11.7,16,11.7,11.8,11.7,11.7,11.7,11.8,11.7,11.6,11.6,16,11.7,11.6,11.8,11.7,11.8,11.8,11.7,11.5,11.7,15.9,11.8,11.8,11.8,11.9,11.8,11.9,15.9,15.9
-0.000006,16,11.9,11.9,11.8,11.9,11.9,11.9,11.8,12.1,12,11.8,16,11.9,11.9,11.8,11.8,11.9,11.9,12,12,12,16,11.9,11.8,11.8,12,12.1,11.9,11.8,11.9,11.9,16,11.9,11.9,11.9,12,11.9,11.9,11.9,12,11.8,15.9,12,11.8,11.8,11.9,11.8,11.9,11.9,11.9,11.8,15.9,11.8,11.8,11.8,11.9,11.9,11.8,11.8,11.7,11.7,16,11.8,11.8,11.9,11.8,11.8,11.6,11.8,11.6,11.6,16,11.7,11.7,11.6,11.7,11.7,11.8,11.6,11.7,11.6,16,11.8,11.6,11.8,11.7,11.8,11.8,11.7,11.5,11.7,16,11.8,11.9,11.8,11.9,11.8,11.8,15.9,15.9
-0.0000058,15.9,11.8,11.9,11.9,11.9,11.8,11.9,11.8,12.1,12,11.8,16,11.9,11.8,11.9,11.8,11.8,12,11.9,11.9,12.1,16,11.9,11.8,11.9,11.9,12.1,12,11.9,12,11.9,16,11.9,11.9,11.9,12,11.9,11.9,12.1,12,11.9,16,12.1,11.8,11.8,11.8,11.8,11.9,11.9,11.8,11.8,16,11.8,11.8,11.8,11.9,11.9,11.9,11.8,11.6,11.8,16,11.8,11.8,11.9,11.8,11.8,11.6,11.7,11.6,11.6,16,11.7,11.8,11.7,11.7,11.7,11.8,11.6,11.8,11.6,15.9,11.7,11.6,11.8,11.7,11.8,11.8,11.8,11.6,11.7,16,11.8,11.9,11.8,11.9,11.9,11.8,15.9,15.9
-0.0000056,16,11.9,11.8,11.9,11.9,11.9,11.8,11.8,12.1,12,11.8,15.9,12,11.8,11.9,11.8,11.8,11.9,11.9,11.9,12,16,12,11.8,12,11.9,12,12,11.8,12,11.9,16,11.8,11.8,11.9,12,11.9,11.9,12.1,11.9,11.9,16,12,11.9,11.9,11.8,11.8,11.9,11.9,11.8,11.8,15.9,11.7,11.8,11.8,12,11.8,11.8,11.8,11.6,11.7,16,11.8,11.7,11.9,11.8,11.8,11.6,11.7,11.7,11.7,16,11.7,11.7,11.8,11.7,11.7,11.8,11.6,11.8,11.5,15.9,11.7,11.6,11.7,11.8,11.8,11.8,11.7,11.7,11.7,15.9,11.8,11.9,11.9,11.8,11.9,11.8,15.9,15.9
-0.0000054,16,11.8,11.8,12,11.9,11.8,11.8,11.8,12.1,11.9,11.9,16,11.9,11.8,11.9,11.9,11.8,11.9,11.9,11.9,11.9,15.9,12,11.9,12.1,11.9,12,12,11.8,12,11.9,16,11.8,11.8,11.8,11.9,11.9,12,12.1,11.8,12,16,12,11.9,11.9,11.8,11.8,11.9,11.9,11.8,11.8,15.9,11.8,11.8,11.8,12,11.9,11.9,11.8,11.7,11.8,16,11.8,11.8,11.8,11.8,11.8,11.5,11.7,11.7,11.7,16,11.7,11.7,11.8,11.7,11.7,11.8,11.6,11.8,11.5,15.9,11.8,11.7,11.6,11.7,11.8,11.8,11.7,11.7,11.8,16,11.8,11.8,11.8,11.9,11.9,11.8,15.9,15.9
-0.0000052,15.9,11.8,11.8,11.9,11.9,11.9,11.8,11.8,12,11.9,11.9,15.9,11.9,11.8,11.9,11.9,11.8,11.9,11.8,11.8,11.8,16,11.9,11.8,12.1,11.9,11.9,11.9,11.9,12,11.9,16,11.8,11.8,11.9,11.8,11.8,11.9,12,11.8,12,16,12,11.9,11.9,11.7,11.8,11.9,11.9,11.8,11.8,16,11.8,11.8,11.8,12,11.8,11.9,11.8,11.7,11.8,16,11.8,11.7,11.8,11.9,11.8,11.5,11.6,11.7,11.7,16,11.7,11.7,11.8,11.7,11.7,11.7,11.6,11.8,11.6,15.9,11.8,11.8,11.6,11.8,11.8,11.8,11.7,11.8,11.8,16,11.7,11.8,11.9,11.8,11.9,11.8,16,16
-0.000005,16,11.8,11.8,11.9,11.9,11.9,11.8,11.8,12,11.9,11.9,16,11.9,11.9,11.9,11.9,11.9,12,11.9,11.8,11.8,16,11.9,11.8,12,11.9,11.8,11.9,11.8,11.9,12,15.9,11.8,11.8,11.9,11.9,11.9,11.9,12,11.8,12,16,12,11.9,11.9,11.8,11.8,11.9,11.9,11.8,11.8,15.9,11.8,11.8,11.8,12,11.9,11.9,11.8,11.7,11.8,16,11.8,11.8,11.8,11.8,11.7,11.6,11.7,11.8,11.7,16,11.7,11.6,11.8,11.6,11.6,11.7,11.6,11.8,11.6,15.9,11.8,11.8,11.6,11.8,11.7,11.8,11.7,11.9,11.8,15.9,11.8,11.8,11.8,11.8,11.9,11.8,15.9,15.9
-0.0000048,16,11.8,11.8,11.9,12,11.8,11.8,11.8,11.8,11.9,11.8,15.9,12,11.9,11.8,11.9,11.9,11.9,11.8,11.7,11.7,16,11.9,11.8,12,11.9,11.8,11.9,11.9,11.9,11.9,15.9,11.8,11.9,11.9,11.8,11.9,11.9,11.9,11.8,12,16,12,11.9,11.9,11.8,11.8,11.9,11.9,11.8,11.8,15.9,12,11.8,11.8,11.9,11.8,11.8,11.8,11.7,11.9,15.9,11.7,11.8,11.7,11.8,11.7,11.6,11.6,11.8,11.8,16,11.7,11.7,11.8,11.6,11.6,11.7,11.5,11.6,11.7,15.9,11.8,11.7,11.6,11.8,11.6,11.8,11.7,11.9,11.9,15.9,11.7,11.8,11.8,11.9,11.9,11.8,15.9,15.9
-0.0000046,15.9,11.8,11.9,12,12,11.9,11.8,11.9,11.8,11.8,11.9,15.9,12,12,11.8,11.9,11.9,12,11.9,11.7,11.6,16,11.8,11.8,11.9,11.8,11.9,12,11.9,11.8,12,16,11.7,11.9,11.9,11.8,11.9,11.9,11.9,11.8,11.9,16,12,11.9,11.9,11.8,11.7,11.9,11.9,11.9,11.8,15.9,12.1,11.8,11.8,11.8,11.8,11.8,11.8,11.8,11.8,16,11.7,11.9,11.7,11.8,11.7,11.7,11.7,11.8,11.7,15.9,11.7,11.7,11.7,11.6,11.6,11.6,11.6,11.6,11.6,15.9,11.8,11.8,11.6,11.8,11.6,11.8,11.7,11.8,11.8,15.9,11.7,11.8,11.8,11.9,11.9,11.8,15.9,15.9
-0.0000044,15.9,11.8,11.9,11.9,12.1,11.8,11.9,11.9,11.8,11.9,11.9,16,12,12,11.8,11.9,11.9,11.9,11.9,11.8,11.8,16,11.8,11.8,11.9,11.9,11.9,12,11.8,11.8,12,16,11.8,12,11.9,11.8,11.8,11.9,11.8,11.8,11.8,16,11.9,11.9,11.9,11.8,11.7,11.9,12,11.9,11.8,15.9,12.1,11.8,11.8,11.8,11.8,11.8,11.8,11.8,11.9,16,11.8,12,11.7,11.8,11.8,11.7,11.7,11.8,11.7,16,11.7,11.7,11.6,11.6,11.6,11.6,11.5,11.6,11.7,16,11.8,11.8,11.7,11.7,11.6,11.8,11.7,11.9,11.8,16,11.8,11.8,11.8,11.9,11.8,11.8,15.9,15.9
-0.0000042,15.9,11.8,12,11.9,12,11.9,11.9,11.9,11.9,11.9,11.9,16,12,12,11.8,11.8,12,11.9,11.9,11.8,11.8,15.9,11.8,11.8,11.8,11.9,11.9,11.9,11.9,11.8,12.1,16,11.8,11.9,11.9,11.9,11.8,11.9,11.8,11.8,11.9,15.9,11.9,11.9,11.9,11.8,11.6,11.9,12,11.9,11.8,15.9,12.1,11.8,11.8,11.8,11.8,11.8,11.9,11.8,11.9,16,11.8,11.8,11.7,11.8,11.8,11.7,11.8,11.8,11.7,16,11.7,11.7,11.5,11.6,11.6,11.6,11.5,11.6,11.7,16,11.8,11.8,11.7,11.8,11.6,11.8,11.8,11.8,11.8,16,11.7,11.8,11.8,12,11.9,11.8,15.9,15.9
-0.000004,15.9,11.8,12,11.9,12,11.8,11.9,11.9,11.9,11.9,11.8,16,11.9,12,11.8,11.8,11.9,11.9,11.9,11.8,11.9,16,11.8,11.8,11.8,11.9,11.9,11.9,11.9,11.8,12,15.9,11.8,12,11.9,11.9,11.8,11.8,11.9,11.8,11.9,15.9,11.9,12,11.9,11.8,11.7,11.9,12,11.9,11.8,15.9,12.1,11.8,11.8,11.8,11.8,11.9,11.9,11.8,11.9,15.9,11.8,11.8,11.8,11.8,11.8,11.7,11.7,11.8,11.7,16,11.7,11.7,11.5,11.7,11.6,11.6,11.5,11.6,11.7,15.9,11.8,11.7,11.8,11.7,11.7,11.8,11.8,11.7,11.7,16,11.8,11.8,11.8,12,11.8,11.8,15.9,15.9
-0.0000038,16,11.9,11.9,11.9,12,11.8,11.9,11.8,12,11.9,11.8,15.9,11.9,11.9,11.8,11.8,11.9,11.8,11.9,11.9,12,16,11.8,11.8,11.8,12,11.8,11.9,11.9,11.8,12,16,11.8,12,11.8,11.9,11.8,11.9,11.8,11.9,11.9,15.9,11.9,11.9,11.8,11.9,11.7,11.8,11.9,11.9,11.8,16,12.1,11.8,11.8,11.8,11.8,11.9,11.8,11.8,11.8,15.9,11.7,11.8,11.8,11.8,11.8,11.7,11.7,11.7,11.7,16,11.7,11.7,11.4,11.7,11.6,11.6,11.6,11.6,11.6,16,11.8,11.7,11.7,11.7,11.8,11.8,11.8,11.7,11.7,16,11.7,11.8,11.8,12,11.8,11.8,15.9,15.9
-0.0000036,15.9,11.9,11.8,11.9,11.8,11.9,11.9,11.9,12,11.9,11.8,15.9,11.9,12,11.8,11.8,11.9,11.9,11.9,11.9,12,16,11.8,11.8,11.8,12,11.8,11.8,11.9,11.8,11.9,16,11.8,12,11.9,12,11.8,11.9,12,11.9,11.9,15.9,11.9,11.9,11.8,11.8,11.7,11.8,11.8,11.8,11.8,15.9,11.9,11.8,11.8,11.9,11.8,12,11.8,11.7,11.8,15.9,11.7,11.7,11.8,11.7,11.8,11.6,11.7,11.8,11.6,15.9,11.6,11.7,11.5,11.7,11.6,11.6,11.7,11.7,11.6,16,11.8,11.7,11.7,11.6,11.8,11.8,11.7,11.7,11.7,16,11.8,11.8,11.8,12,11.9,11.9,15.9,15.9
-0.0000034,16,11.9,11.8,11.9,11.9,11.8,11.9,11.9,12,11.9,11.9,15.9,11.9,11.9,11.8,11.8,11.9,11.8,11.9,11.9,12,16,11.9,11.8,12,11.9,11.8,11.9,11.9,11.9,11.8,15.9,11.8,11.9,11.9,12,11.8,11.9,12,11.9,11.9,15.9,12,11.9,11.8,11.8,11.8,11.9,11.8,11.8,11.8,15.9,11.9,11.8,11.9,11.9,11.8,12,11.8,11.7,11.8,16,11.7,11.7,11.8,11.8,11.8,11.6,11.7,11.7,11.7,16,11.6,11.7,11.5,11.8,11.6,11.7,11.7,11.7,11.6,15.9,11.8,11.6,11.7,11.6,11.9,11.9,11.7,11.6,11.7,16,11.8,11.8,11.8,11.9,12,11.8,15.9,15.9
-0.0000032,15.9,11.9,11.8,11.9,11.8,11.8,11.8,11.9,12,11.9,11.9,16,11.9,11.8,11.9,11.8,11.8,11.9,11.9,11.9,12,16,11.9,11.9,12,11.9,11.8,11.9,11.8,11.9,11.8,15.9,11.8,11.9,11.9,12,11.8,12,12,11.9,11.9,15.9,12,11.9,11.9,11.8,11.9,11.9,11.8,11.8,11.8,16,11.8,11.8,11.8,11.9,11.8,12,11.8,11.7,11.7,15.9,11.7,11.7,11.8,11.8,11.8,11.6,11.8,11.7,11.7,16,11.5,11.8,11.6,11.8,11.6,11.7,11.8,11.7,11.6,15.9,11.7,11.6,11.6,11.7,11.8,11.8,11.7,11.7,11.8,15.9,11.8,11.8,11.8,11.9,12,11.9,15.9,15.9
-0.000003,15.9,11.9,11.8,11.9,11.9,11.8,11.9,11.8,12,11.9,11.8,16,11.9,11.9,11.9,11.9,11.9,11.9,11.9,11.9,11.9,16,11.9,11.8,12,12,11.8,11.9,11.8,11.9,11.8,15.9,11.9,11.9,11.9,12,11.8,11.9,12,11.9,11.9,15.9,11.8,11.9,11.8,11.8,12,11.9,11.7,11.8,11.8,16,11.8,11.8,11.8,11.9,11.8,12.1,11.8,11.7,11.8,15.9,11.8,11.6,11.8,11.8,11.7,11.5,11.8,11.7,11.7,16,11.5,11.8,11.7,11.8,11.6,11.8,11.8,11.7,11.6,16,11.7,11.7,11.6,11.7,11.9,11.9,11.6,11.7,11.8,16,11.8,11.8,11.8,11.9,12,11.9,16,15.9
-0.0000028,15.9,11.8,11.8,11.9,12,11.8,11.9,11.8,12,12,11.9,15.9,12,11.9,11.9,11.9,11.9,11.9,11.9,11.9,11.9,15.9,12,11.8,12,11.9,11.9,11.9,11.8,12,11.8,15.9,11.9,11.9,11.9,11.9,11.9,12,11.9,11.9,11.9,16,11.8,11.9,11.8,11.8,12,11.9,11.7,11.8,11.8,15.9,11.8,11.8,11.7,12,11.8,12,11.8,11.7,11.8,16,11.7,11.7,11.8,11.8,11.7,11.6,11.8,11.7,11.7,16,11.5,11.8,11.8,11.8,11.6,11.8,11.9,11.7,11.7,15.9,11.7,11.6,11.6,11.8,11.8,11.9,11.6,11.7,11.8,16,11.8,11.8,11.8,11.8,11.9,11.9,15.9,16
-0.0000026,16,11.9,11.9,11.9,12,11.9,11.9,11.8,11.9,12.1,11.9,16,11.9,11.9,11.9,12,11.9,11.9,11.9,11.8,11.8,16,11.9,11.8,12,11.9,12,11.9,11.9,11.9,11.8,16,11.8,11.9,11.8,11.9,11.8,12.1,11.9,11.9,11.9,15.9,11.8,12,11.8,11.8,12,11.9,11.8,11.9,11.8,15.9,11.7,11.8,11.7,12,11.9,11.9,11.8,11.8,11.8,16,11.8,11.6,11.8,11.8,11.6,11.6,11.8,11.7,11.8,15.9,11.5,11.8,11.8,11.7,11.6,11.8,11.8,11.7,11.7,15.9,11.7,11.8,11.6,11.9,11.8,12,11.6,11.8,11.8,16,11.8,11.8,11.8,11.8,11.9,11.8,15.9,15.9
-0.0000024,15.9,11.8,11.9,11.9,12.1,11.9,11.8,11.8,11.9,12,11.9,15.9,11.9,11.9,11.8,11.9,11.9,11.9,11.9,11.9,11.8,16,11.9,11.9,11.9,11.9,12,11.9,11.9,11.9,11.9,16,11.8,11.9,11.9,11.9,11.8,12,11.9,11.9,11.9,15.9,11.8,12,11.8,11.8,12,11.9,11.8,11.8,11.8,16,11.8,11.8,11.7,11.9,12,11.8,11.8,11.8,11.8,16,11.8,11.7,11.8,11.8,11.6,11.6,11.8,11.8,11.8,16,11.6,11.8,11.8,11.7,11.6,11.8,11.8,11.7,11.7,15.9,11.7,11.8,11.6,12,11.8,12,11.6,11.8,11.9,16,11.8,11.8,11.8,11.9,11.8,11.8,15.9,15.9
-0.0000022,16,11.8,12,11.9,12.1,11.9,11.8,11.8,11.9,12,11.9,16,11.9,12,11.9,11.8,12,11.9,11.9,11.8,11.8,15.9,11.9,11.8,11.9,11.9,12,11.9,11.9,11.9,11.9,15.9,11.8,11.9,11.9,11.9,11.8,12,11.9,11.9,11.8,15.9,11.7,12,11.9,11.8,11.9,11.9,11.9,11.8,11.8,16,11.8,11.8,11.6,11.9,11.9,11.8,11.8,11.9,11.8,16,11.7,11.8,11.8,11.8,11.6,11.7,11.8,11.7,11.8,16,11.7,11.8,11.8,11.6,11.6,11.7,11.7,11.7,11.7,15.9,11.8,11.9,11.7,12,11.7,11.9,11.8,11.9,11.8,16,11.8,11.8,11.8,12,11.8,11.8,15.9,15.9
-0.000002,15.9,11.8,12,11.9,12.2,11.9,11.9,11.8,11.9,11.9,11.9,16,11.9,12,11.8,11.7,12,12,11.8,11.8,11.8,16,11.9,11.8,11.8,11.9,12,11.9,11.8,11.8,12,15.9,11.8,11.9,11.8,12,11.8,11.9,11.9,11.9,11.9,16,11.7,12,11.8,11.8,11.8,11.9,11.9,11.9,11.8,15.9,11.9,11.8,11.6,11.8,11.9,11.8,11.8,11.9,11.9,16,11.7,11.8,11.8,11.8,11.7,11.8,11.7,11.7,11.8,16,11.7,11.7,11.8,11.6,11.6,11.7,11.6,11.6,11.7,16,11.8,11.9,11.6,11.9,11.7,11.9,11.8,11.9,11.8,16,11.8,11.8,11.8,12,11.8,11.8,15.9,16
-0.0000018,15.9,11.8,12,11.9,12.1,11.9,11.9,11.9,11.9,11.9,11.9,16,11.9,12,11.8,11.7,12,12,11.9,11.8,11.8,15.9,11.8,11.8,11.8,11.9,11.9,11.8,11.9,11.8,12,16,11.8,11.8,11.9,12,11.8,11.8,11.9,11.9,11.9,16,11.8,12,11.9,11.8,11.8,11.9,12,11.8,11.8,15.9,11.9,11.8,11.6,11.8,11.9,11.8,11.8,11.9,11.9,16,11.7,11.9,11.8,11.8,11.7,11.8,11.6,11.8,11.8,16,11.7,11.7,11.7,11.5,11.6,11.7,11.6,11.7,11.7,15.9,11.8,11.9,11.7,11.8,11.7,11.8,11.8,11.8,11.8,16,11.8,11.8,11.8,12,11.8,11.8,15.9,15.9
-0.0000016,16,11.9,11.9,11.9,12.1,11.9,11.9,11.9,11.9,11.9,11.9,16,11.9,12,11.8,11.6,12,12,11.9,11.8,11.8,15.9,11.8,11.8,11.8,11.9,11.9,11.9,11.8,11.8,12,15.9,11.8,11.8,11.9,12,11.8,11.8,11.9,11.9,11.9,16,11.9,12,11.9,11.8,11.7,11.9,12,11.8,11.8,15.9,12,11.8,11.7,11.8,11.8,11.8,11.8,11.9,11.8,16,11.7,11.9,11.8,11.8,11.7,11.8,11.5,11.8,11.8,16,11.8,11.6,11.6,11.6,11.7,11.6,11.6,11.6,11.7,16,11.8,11.9,11.7,11.7,11.7,11.8,11.8,11.8,11.8,16,11.7,11.7,11.8,11.9,11.8,11.8,15.9,15.9
-0.0000014,15.9,11.8,11.8,11.9,12,11.8,11.9,12,12,11.9,11.9,16,11.9,12,11.8,11.7,11.9,12,11.9,11.9,11.9,16,11.8,11.9,11.8,11.9,11.8,11.9,11.9,11.9,12,16,11.8,11.8,12,12,11.8,11.8,11.9,12,11.9,15.9,11.9,12.1,12,11.8,11.7,11.9,11.9,11.8,11.8,16,12.1,11.8,11.7,11.8,11.9,11.8,11.8,11.8,11.8,15.9,11.7,11.9,11.8,11.7,11.8,11.8,11.5,11.8,11.7,15.9,11.8,11.6,11.6,11.7,11.7,11.6,11.6,11.7,11.6,16,11.7,11.8,11.7,11.6,11.8,11.8,11.8,11.8,11.8,16,11.8,11.7,11.8,11.8,11.8,11.8,15.9,15.9
-0.0000012,16,11.9,11.7,12,11.9,11.8,11.8,11.9,12,11.8,11.9,16,11.9,12,11.8,11.8,11.9,12,11.9,11.9,11.9,16,11.8,11.8,11.8,11.9,11.8,11.9,11.9,11.9,12,16,11.9,11.8,11.9,11.9,11.9,11.8,11.9,11.9,11.9,16,12,12.2,12,11.8,11.8,11.9,11.8,11.7,11.8,16,12.1,11.8,11.8,11.8,11.9,11.8,11.8,11.8,11.8,16,11.7,11.8,11.8,11.7,11.8,11.8,11.6,11.7,11.7,16,11.8,11.7,11.6,11.7,11.7,11.6,11.6,11.7,11.6,16,11.8,11.7,11.8,11.6,11.8,11.7,11.8,11.7,11.8,16,11.8,11.6,11.8,11.9,11.9,11.8,15.9,15.9
-0.000001,16,11.9,11.7,12,12,11.8,11.9,12,12,11.8,11.9,16,12,11.9,11.9,11.9,11.9,12,11.9,11.8,11.9,16,11.8,11.8,11.8,11.9,11.8,11.9,11.9,12,12,16,11.9,11.8,11.9,11.9,11.9,11.8,12,12,11.9,15.9,11.9,12.2,11.9,11.8,11.8,11.9,11.9,11.8,11.8,16,12,11.8,11.8,11.8,11.8,11.9,11.8,11.7,11.8,16,11.8,11.8,11.8,11.7,11.8,11.7,11.6,11.7,11.6,15.9,11.7,11.6,11.6,11.7,11.7,11.6,11.7,11.7,11.7,16,11.8,11.7,11.8,11.6,11.8,11.8,11.8,11.7,11.8,16,11.8,11.6,11.8,11.8,11.9,11.9,15.9,15.9
-0.0000008,15.9,11.8,11.6,12,11.9,11.8,11.9,12,12,11.9,11.9,15.9,11.9,11.9,11.8,12,11.9,12,11.9,11.9,12,15.9,11.9,11.9,11.8,12,11.8,11.9,11.9,12,12,15.9,11.9,11.9,11.9,11.9,11.9,11.9,11.9,11.9,11.8,16,11.9,12.2,11.9,11.8,11.9,11.9,11.8,11.8,11.8,15.9,12,11.8,11.7,11.8,11.8,11.9,11.8,11.8,11.8,15.9,11.7,11.8,11.8,11.8,11.8,11.7,11.6,11.7,11.5,15.9,11.6,11.7,11.7,11.7,11.6,11.7,11.8,11.7,11.7,16,11.8,11.7,11.8,11.7,11.8,11.7,11.8,11.7,11.8,16,11.8,11.6,11.8,11.8,11.9,11.9,15.9,15.9
-0.0000006,16,11.8,11.7,12,11.9,11.9,11.9,11.8,11.9,11.9,11.8,16,11.9,11.9,11.9,12,11.9,12,11.9,11.9,12,16,11.9,11.8,11.9,12,12,11.9,11.9,11.9,11.9,16,11.8,11.9,11.9,11.9,12,11.9,11.9,11.9,11.9,15.9,11.9,12.1,11.8,11.9,11.9,11.9,11.8,11.8,11.9,16,11.9,11.8,11.8,11.9,11.8,11.8,11.8,11.8,11.8,16,11.8,11.7,11.8,11.8,11.8,11.7,11.8,11.8,11.6,15.9,11.6,11.7,11.7,11.7,11.7,11.8,11.7,11.6,11.7,15.9,11.7,11.7,11.8,11.8,11.8,11.7,11.8,11.6,11.8,16,11.7,11.6,11.9,11.8,12,11.9,15.9,15.9
-0.0000004,15.9,11.8,11.7,12,12,11.8,11.9,11.8,11.9,11.9,11.8,16,11.8,11.9,11.9,12.1,11.9,12,11.9,11.9,12,16,12,11.9,11.9,11.9,12,11.9,11.8,12,11.9,16,11.8,12,11.9,11.9,12,11.9,11.9,11.9,11.9,15.9,11.9,12,11.8,11.8,12,11.9,11.8,11.8,11.9,16,11.9,11.8,11.7,12,11.9,11.8,11.8,11.8,11.8,15.9,11.8,11.6,11.7,11.8,11.7,11.7,11.8,11.7,11.7,15.9,11.5,11.8,11.6,11.8,11.7,11.8,11.8,11.7,11.7,15.9,11.7,11.7,11.7,11.8,11.8,11.8,11.7,11.6,11.8,15.9,11.8,11.6,11.9,11.8,11.9,12,15.9,15.9
-0.0000002,16,11.8,11.7,12,11.9,11.9,11.9,11.8,11.8,11.9,11.8,15.9,11.8,12,11.9,12,11.9,12,12,11.9,12,16,12,11.8,11.9,12,12.1,11.9,11.8,11.9,11.9,15.9,11.8,12,11.9,11.9,11.9,11.9,11.9,11.9,11.9,15.9,11.9,12,11.9,11.9,11.9,11.9,11.9,11.8,11.9,16,11.8,11.8,11.8,12,11.8,11.8,11.8,11.8,11.8,16,11.7,11.6,11.8,11.8,11.7,11.6,11.9,11.7,11.7,15.9,11.6,11.8,11.6,11.7,11.7,11.8,11.8,11.8,11.7,16,11.7,11.7,11.7,11.9,11.8,11.7,11.8,11.7,11.8,16,11.8,11.6,11.8,11.7,11.9,11.9,15.9,15.9
-1.14E-20,16,11.8,11.8,12,12,11.9,11.9,11.8,11.9,11.9,11.8,16,11.8,12,11.8,12,12,11.9,12,11.8,12,16,12,11.9,11.9,11.9,12.1,11.9,11.8,11.9,11.9,15.9,11.7,12,11.9,11.9,11.9,11.9,11.9,11.9,11.8,15.9,11.9,11.9,11.9,11.8,11.9,11.9,11.9,11.8,11.9,16,11.7,11.8,11.7,12,11.9,11.8,11.8,11.8,11.8,16,11.7,11.6,11.8,11.8,11.7,11.6,11.8,11.7,11.8,16,11.6,11.8,11.6,11.7,11.7,11.7,11.7,11.7,11.7,16,11.8,11.7,11.7,11.9,11.8,11.7,11.7,11.7,11.8,16,11.8,11.7,11.8,11.8,11.9,11.9,15.9,15.9
0.0000002,15.9,11.8,11.8,12,12,11.9,12,11.8,11.8,11.9,11.9,16,11.7,12,11.8,12,11.9,11.9,12,11.8,11.9,16,12,11.8,12,11.9,12.1,11.8,11.8,11.9,11.9,16,11.7,11.9,11.9,12,11.9,11.8,12,11.9,11.9,15.9,12,11.8,12,11.8,11.9,11.8,12,11.9,11.9,15.9,11.8,11.8,11.7,11.9,11.9,11.7,11.8,11.9,11.8,16,11.8,11.6,11.8,11.8,11.7,11.6,11.8,11.7,11.9,15.9,11.6,11.8,11.6,11.7,11.7,11.7,11.7,11.7,11.6,15.9,11.8,11.8,11.6,11.8,11.8,11.8,11.7,11.7,11.8,16,11.8,11.8,11.8,11.8,11.9,11.9,15.9,15.9
0.0000004,15.9,11.8,11.8,12,11.9,11.9,12,11.9,11.8,11.9,11.9,16,11.8,12,11.8,11.9,11.9,11.8,12,11.9,11.9,15.9,12,11.8,11.9,11.9,12.1,11.8,11.9,11.9,11.9,15.9,11.7,11.8,11.9,11.9,11.8,11.8,11.9,11.9,11.9,16,12,11.8,12,11.8,11.8,11.9,12,11.9,11.9,16,11.8,11.8,11.8,11.9,11.9,11.8,11.8,11.9,11.8,16,11.7,11.6,11.8,11.8,11.6,11.6,11.8,11.7,11.8,15.9,11.7,11.7,11.6,11.7,11.7,11.7,11.7,11.7,11.7,16,11.8,11.8,11.6,11.8,11.8,11.8,11.7,11.8,11.8,15.9,11.8,11.8,11.8,11.8,11.8,11.8,15.9,15.9
0.0000006,16,11.8,11.8,11.9,12,11.9,12,11.8,11.9,11.8,11.8,16,11.8,12,11.8,11.8,12,11.9,11.8,11.9,11.9,16,11.9,11.8,11.9,11.9,11.9,11.8,12,11.9,11.9,16,11.8,11.8,11.9,11.9,11.8,11.8,11.9,11.8,11.8,16,12,11.8,12,11.8,11.8,11.8,12.1,11.9,11.8,15.9,11.8,11.8,11.8,11.9,11.9,11.8,11.8,11.8,11.8,16,11.7,11.7,11.7,11.8,11.6,11.6,11.7,11.8,11.8,15.9,11.7,11.7,11.7,11.6,11.6,11.6,11.7,11.7,11.6,15.9,11.8,11.8,11.5,11.7,11.8,11.8,11.7,11.8,11.8,15.9,11.8,11.8,11.8,11.9,11.8,11.9,15.9,15.9
0.0000008,15.9,11.8,11.8,11.9,12,11.9,11.9,11.8,11.8,11.9,11.8,16,11.8,12,11.7,11.8,12,11.9,11.8,11.8,11.8,15.9,11.8,11.9,11.9,11.9,11.9,11.8,12,11.9,11.9,15.9,11.9,11.8,12,11.9,11.8,11.7,11.9,11.9,11.9,15.9,12,11.8,12,11.8,11.8,12,12,11.9,11.8,16,11.9,11.8,11.8,11.8,11.9,11.8,11.8,11.8,11.8,16,11.8,11.8,11.8,11.9,11.6,11.6,11.7,11.8,11.7,15.9,11.7,11.7,11.7,11.6,11.6,11.6,11.7,11.7,11.7,15.9,11.8,11.8,11.6,11.7,11.8,11.8,11.7,11.8,11.7,16,11.8,11.8,11.8,11.8,11.9,11.8,15.9,15.9
0.000001,16,11.8,11.8,11.9,12,11.9,11.9,11.9,11.9,11.9,11.8,15.9,11.9,12,11.7,11.8,11.9,12,11.8,11.8,11.8,15.9,11.8,11.9,11.9,12,11.9,11.8,12.1,11.9,12,16,11.9,11.8,11.9,11.9,11.8,11.8,11.8,11.9,11.8,16,11.9,12,12,11.8,11.8,11.9,12,11.9,11.7,16,12,11.8,11.9,11.8,11.8,11.8,11.9,11.8,11.8,16,11.7,11.8,11.8,11.9,11.7,11.6,11.6,11.8,11.7,15.9,11.7,11.6,11.8,11.6,11.6,11.6,11.7,11.7,11.6,16,11.8,11.8,11.6,11.6,11.8,11.8,11.7,11.8,11.8,16,11.8,11.7,11.8,11.9,11.8,11.9,15.9,16
0.0000012,15.9,11.9,11.8,11.8,11.9,11.9,11.8,11.9,11.9,11.8,11.8,16,11.9,11.9,11.8,11.8,11.9,12.1,11.8,11.8,11.8,16,11.8,11.8,11.9,12,11.9,11.8,12.1,11.9,11.9,15.9,11.9,11.8,12,11.9,11.8,11.8,11.9,11.8,11.8,16,11.9,12,11.9,11.8,11.9,12,12,11.8,11.8,15.9,12,11.8,11.9,11.8,11.8,11.9,11.9,11.8,11.8,15.9,11.7,11.9,11.8,11.9,11.7,11.7,11.7,11.8,11.6,16,11.7,11.6,11.8,11.6,11.6,11.7,11.7,11.7,11.7,15.9,11.8,11.7,11.7,11.6,11.8,11.8,11.7,11.8,11.7,16,11.8,11.6,11.7,11.9,11.9,11.9,16,15.9
0.0000014,16,11.9,11.8,11.8,11.9,11.9,11.8,12,11.9,11.8,11.8,15.9,11.9,11.9,11.9,11.9,11.9,12.2,11.8,11.8,11.8,16,11.8,11.9,11.9,12.1,11.9,11.9,12,11.9,11.8,15.9,11.9,11.8,11.9,11.9,11.8,11.9,11.9,11.9,11.8,16,11.8,12,11.9,11.8,11.9,11.9,11.9,11.9,11.8,15.9,12,11.9,12,11.8,11.8,11.8,11.8,11.8,11.8,16,11.7,11.8,11.8,11.9,11.7,11.7,11.7,11.8,11.6,15.9,11.7,11.7,11.8,11.7,11.6,11.8,11.7,11.7,11.7,16,11.8,11.7,11.7,11.7,11.8,11.8,11.8,11.7,11.7,16,11.8,11.5,11.8,11.9,11.9,11.9,16,15.9
0.0000016,15.9,12,11.8,11.8,11.9,11.9,11.7,11.9,11.9,11.9,11.8,16,11.9,11.9,11.9,11.9,11.9,12.1,11.8,11.9,11.8,15.9,11.9,11.8,12,12,11.9,11.8,12,11.8,11.8,15.9,11.8,11.8,11.9,11.9,11.9,12,11.9,11.9,11.8,16,11.8,12,11.9,11.8,11.9,12,11.9,11.9,11.8,15.9,12,11.8,11.8,11.8,11.9,11.9,11.8,11.7,11.8,15.9,11.7,11.8,11.8,11.9,11.7,11.7,11.8,11.7,11.6,16,11.8,11.7,11.8,11.7,11.6,11.8,11.7,11.7,11.7,15.9,11.7,11.7,11.7,11.7,11.8,11.8,11.8,11.7,11.7,15.9,11.7,11.6,11.8,11.9,11.9,11.9,15.9,16
0.0000018,16,12,11.9,11.9,12,11.9,11.7,11.9,11.9,11.9,11.8,15.9,12,11.8,12,11.9,11.9,12.1,11.8,11.8,11.8,16,11.8,11.8,12,12,11.9,11.9,11.9,11.9,11.9,16,11.8,11.9,12,11.9,11.9,12,11.9,12,11.8,15.9,11.8,11.9,11.9,11.9,11.9,12,11.8,11.9,11.8,16,11.9,11.8,11.8,11.8,11.9,11.9,11.7,11.7,11.8,16,11.7,11.8,11.8,11.9,11.8,11.7,11.8,11.7,11.7,16,11.7,11.7,11.8,11.7,11.6,11.8,11.7,11.7,11.7,15.9,11.8,11.7,11.8,11.7,11.8,11.8,11.8,11.7,11.8,16,11.8,11.7,11.8,11.8,12,11.9,15.9,15.9
0.000002,15.9,12,11.8,11.9,12,11.9,11.8,11.9,11.9,11.9,11.9,16,12,11.8,12.1,11.9,11.9,12,11.9,11.8,11.9,15.9,11.8,11.8,12,12,11.9,11.9,11.8,11.9,11.8,15.9,11.7,11.9,11.9,11.9,11.9,12,11.9,12,11.9,15.9,11.8,11.8,11.8,11.8,12,11.9,11.9,11.9,11.8,15.9,11.9,11.9,11.8,11.8,11.9,11.9,11.7,11.7,11.8,16,11.7,11.7,11.8,11.8,11.8,11.6,11.8,11.8,11.7,15.9,11.6,11.7,11.7,11.7,11.7,11.8,11.6,11.8,11.7,16,11.8,11.6,11.8,11.7,11.8,11.8,11.8,11.7,11.8,16,11.8,11.7,11.8,11.8,11.9,11.9,15.9,15.9
0.0000022,15.9,12,12,11.9,12,11.9,11.8,11.9,11.9,11.9,11.9,16,12,11.9,12,11.9,11.9,11.9,12,11.9,11.9,16,11.9,11.9,12,12,12,11.9,11.8,11.9,11.8,16,11.6,11.9,11.9,11.9,11.9,12,11.9,12.1,12,15.9,11.8,11.8,11.9,11.8,11.9,11.9,11.9,11.8,11.8,16,11.9,11.8,11.7,11.8,11.9,11.9,11.7,11.8,11.8,16,11.6,11.7,11.8,11.8,11.8,11.6,11.8,11.8,11.8,15.9,11.7,11.8,11.6,11.6,11.6,11.7,11.6,11.8,11.7,16,11.7,11.6,11.8,11.8,11.8,11.7,11.8,11.6,11.8,15.9,11.8,11.8,11.8,11.8,11.9,11.8,15.9,15.9
0.0000024,15.9,11.9,12,11.9,12,11.9,11.9,11.9,11.9,11.9,11.8,16,12,11.9,12,11.9,11.9,11.8,12,11.9,12,16,11.8,11.9,12,11.9,12,11.9,11.8,11.9,11.8,16,11.7,11.9,11.9,11.9,11.9,11.9,11.9,12,12,16,11.9,11.8,11.9,11.8,11.9,11.8,11.9,11.8,11.8,16,11.9,11.9,11.7,11.9,11.8,11.9,11.7,11.8,11.8,15.9,11.7,11.7,11.8,11.8,11.7,11.6,11.9,11.8,11.8,16,11.7,11.8,11.6,11.7,11.6,11.7,11.6,11.8,11.8,16,11.7,11.6,11.7,11.7,11.8,11.7,11.8,11.6,11.8,16,11.8,11.8,11.9,11.8,11.8,11.9,15.9,15.9
0.0000026,15.9,11.9,12,12,12,11.9,11.9,11.8,11.9,11.9,11.9,16,11.9,12,11.9,11.9,11.9,11.8,12,11.9,12,15.9,11.9,11.9,11.9,11.8,11.9,11.9,11.8,11.9,11.9,16,11.7,11.9,11.9,11.9,11.8,11.9,11.9,12,12.1,16,11.9,11.8,11.9,11.8,11.9,11.8,11.9,11.8,11.8,16,11.8,11.8,11.8,11.9,11.8,11.8,11.7,11.8,11.8,15.9,11.8,11.7,11.8,11.8,11.8,11.6,11.8,11.8,11.9,16,11.7,11.8,11.6,11.7,11.7,11.6,11.6,11.8,11.8,16,11.8,11.6,11.7,11.7,11.8,11.7,11.8,11.7,11.8,16,11.8,11.8,11.9,11.8,11.8,11.8,15.9,15.9
0.0000028,15.9,11.8,11.9,12,12.1,11.9,12,11.8,11.9,12,11.9,16,11.9,11.9,11.9,11.9,11.9,11.8,12,11.8,11.9,15.9,11.9,11.9,11.9,11.8,11.9,11.8,11.8,11.9,11.9,15.9,11.8,11.9,11.9,11.9,11.8,11.8,11.9,12,12.1,16,12,11.9,11.9,11.8,11.8,11.8,11.9,11.8,11.8,15.9,11.9,11.8,11.8,11.9,11.8,11.8,11.8,11.8,11.8,15.9,11.8,11.7,11.8,11.8,11.8,11.6,11.8,11.9,11.9,16,11.7,11.8,11.7,11.7,11.7,11.5,11.7,11.8,11.8,15.9,11.8,11.6,11.6,11.6,11.8,11.6,11.7,11.7,11.8,16,11.7,11.8,11.9,11.8,11.8,11.8,15.9,15.9
0.000003,16,11.8,11.9,12,12,11.9,11.9,11.8,12,11.9,11.8,15.9,11.8,11.9,11.8,11.8,11.9,11.8,11.9,11.8,11.9,15.9,11.9,11.9,11.8,11.7,11.9,11.9,11.9,11.9,11.9,16,11.8,11.8,11.9,11.8,11.8,11.8,11.9,11.9,12,16,11.9,12,11.8,11.9,11.8,11.8,11.9,11.8,11.8,16,11.9,11.8,11.9,11.9,11.8,11.9,11.8,11.8,11.8,15.9,11.8,11.8,11.8,11.8,11.7,11.7,11.7,11.9,11.9,16,11.8,11.8,11.7,11.7,11.7,11.5,11.7,11.8,11.7,16,11.8,11.8,11.6,11.6,11.7,11.7,11.7,11.7,11.8,16,11.8,11.8,11.9,11.8,11.8,11.8,15.9,15.9
0.0000032,15.9,11.8,11.8,12,12,11.9,11.9,11.8,12,11.9,11.8,16,11.8,11.9,11.8,11.8,11.9,11.8,11.9,11.8,11.9,16,11.8,11.9,11.8,11.8,11.9,11.8,11.9,11.8,12,16,11.8,11.9,11.9,11.9,11.8,11.8,11.9,11.9,12,15.9,11.9,12.1,11.9,11.9,11.8,11.8,11.9,11.8,11.9,16,11.9,11.9,11.9,11.8,11.8,11.9,11.8,11.8,11.8,16,11.9,11.8,11.8,11.8,11.7,11.6,11.7,11.9,11.9,15.9,11.7,11.7,11.7,11.7,11.8,11.5,11.7,11.8,11.7,16,11.8,11.8,11.6,11.6,11.8,11.8,11.6,11.8,11.8,16,11.8,11.8,11.9,11.9,11.8,11.8,15.9,15.9
0.0000034,15.9,11.8,11.8,11.9,12,11.9,11.8,11.9,12.1,11.9,11.8,16,11.8,11.9,11.8,11.8,12,11.8,11.9,11.8,11.8,16,11.8,11.9,11.8,11.8,11.9,11.8,11.9,11.9,11.9,16,11.9,11.9,11.9,11.8,11.8,11.8,11.9,11.8,11.9,16,11.8,12.1,11.8,11.9,11.9,11.8,12,11.8,11.9,16,11.9,11.8,11.9,11.9,11.8,11.8,11.8,11.7,11.8,15.9,11.9,11.8,11.8,11.8,11.7,11.7,11.7,11.8,11.8,15.9,11.7,11.7,11.7,11.7,11.8,11.6,11.8,11.7,11.6,15.9,11.8,11.8,11.6,11.6,11.8,11.8,11.7,11.8,11.8,16,11.8,11.7,11.8,11.8,11.9,11.8,15.9,15.9
0.0000036,16,11.8,11.8,11.9,11.9,11.8,11.8,11.9,12.1,12,11.8,16,11.8,11.9,11.8,11.8,12,11.9,11.8,11.9,11.9,16,11.8,11.9,11.8,11.9,11.9,11.9,12,11.9,12,15.9,11.9,11.9,11.9,11.8,11.8,11.8,11.9,11.8,11.8,16,11.8,12.1,11.8,11.9,11.9,11.9,12,11.8,12,15.9,11.9,11.8,11.9,11.8,11.8,11.8,11.8,11.7,11.8,15.9,11.8,11.8,11.8,11.8,11.7,11.7,11.8,11.8,11.8,16,11.7,11.7,11.8,11.7,11.8,11.6,11.8,11.7,11.6,15.9,11.7,11.8,11.6,11.7,11.7,11.9,11.7,11.8,11.7,16,11.8,11.8,11.8,11.9,12,11.8,15.9,16
0.0000038,16,11.9,11.9,11.9,11.9,11.8,11.8,11.9,12,11.9,11.8,15.9,11.8,11.9,11.8,11.8,12,12,11.8,11.9,11.9,15.9,11.9,11.9,11.8,12,12,11.9,12,11.8,11.9,16,11.8,11.9,11.9,11.9,11.8,11.9,11.8,11.8,11.8,16,11.8,12,11.8,11.9,11.9,12,11.9,11.8,12,15.9,11.8,11.8,11.8,11.9,11.8,11.8,11.8,11.7,11.8,16,11.8,11.9,11.8,11.8,11.8,11.7,11.7,11.7,11.8,16,11.7,11.7,11.7,11.7,11.8,11.7,11.8,11.7,11.5,15.9,11.8,11.8,11.7,11.8,11.8,11.9,11.7,11.8,11.7,16,11.8,11.8,11.8,11.9,12,11.8,15.9,15.9
0.000004,15.9,11.9,11.9,11.9,12,11.8,11.8,11.9,12,11.9,11.8,16,11.9,11.9,11.9,11.8,11.9,12,11.9,12,11.8,16,11.9,11.8,11.8,12,12,11.8,12.1,11.8,11.8,15.9,11.8,11.9,11.9,11.9,11.9,11.9,11.9,11.9,11.8,15.9,11.9,12,11.8,11.9,11.9,12,11.9,11.8,11.9,16,11.8,11.8,11.7,11.8,11.8,11.8,11.8,11.7,11.8,15.9,11.7,11.9,11.8,11.8,11.8,11.6,11.7,11.7,11.8,16,11.7,11.7,11.8,11.7,11.8,11.7,11.8,11.7,11.6,15.9,11.8,11.7,11.7,11.8,11.8,11.9,11.8,11.8,11.7,15.9,11.8,11.8,11.8,11.9,12,11.9,15.9,15.9
0.0000042,16,12,12,11.9,11.9,11.8,11.8,11.9,11.9,12,11.8,16,12,11.9,11.9,11.8,12,12,11.8,12,11.8,16,11.9,11.8,11.8,12,12,11.9,12,11.8,11.8,15.9,11.7,11.9,12,11.9,11.8,11.9,11.9,11.9,11.8,16,11.9,11.9,11.9,11.9,11.9,12,12,11.9,11.9,15.9,11.8,11.8,11.7,11.8,11.8,11.8,11.9,11.6,11.8,15.9,11.7,11.8,11.8,11.7,11.8,11.6,11.7,11.7,11.8,16,11.7,11.7,11.7,11.7,11.8,11.7,11.8,11.6,11.6,15.9,11.8,11.6,11.7,11.9,11.8,11.9,11.8,11.8,11.7,16,11.8,11.9,11.8,11.9,12,11.8,15.9,15.9
0.0000044,15.9,12,11.9,11.9,12,11.9,11.8,11.9,11.9,12,11.9,15.9,12,11.9,12,11.8,11.9,12,11.9,12,11.9,15.9,11.9,11.8,11.8,12,12,11.9,12,11.9,11.9,16,11.7,11.9,12,11.9,11.8,12,11.8,12,11.8,16,11.9,11.9,11.8,11.8,11.9,12,11.9,11.9,11.8,15.9,11.8,11.8,11.6,11.9,11.8,11.8,11.8,11.7,11.8,16,11.7,11.8,11.7,11.7,11.8,11.7,11.7,11.7,11.7,16,11.7,11.7,11.7,11.7,11.7,11.7,11.8,11.7,11.6,16,11.7,11.6,11.8,11.9,11.8,11.7,11.8,11.8,11.8,16,11.8,11.9,11.8,11.8,11.9,11.8,15.9,15.9
0.0000046,15.9,12,11.9,12,12,11.8,11.8,11.8,11.8,12,11.9,15.9,12,12,12,11.9,11.9,12,11.9,12,11.8,16,11.9,11.8,11.8,12,12,11.9,11.9,11.9,11.9,15.9,11.7,11.9,12,11.9,11.8,12,11.9,12,11.9,16,11.9,11.8,11.9,11.8,11.9,12,11.9,12,11.8,15.9,11.8,11.8,11.6,11.8,11.8,11.8,11.8,11.8,11.8,15.9,11.7,11.8,11.7,11.7,11.8,11.7,11.8,11.7,11.7,16,11.7,11.7,11.7,11.7,11.6,11.7,11.8,11.7,11.6,16,11.8,11.6,11.7,11.8,11.8,11.6,11.8,11.8,11.8,15.9,11.8,12,11.9,11.8,11.8,11.8,15.9,15.9
0.0000048,16,11.9,11.8,12.1,12,11.9,11.8,11.9,11.8,12,11.9,16,12,11.9,12,11.9,11.9,12,12,11.9,11.8,15.9,11.9,11.8,11.9,11.9,11.9,11.9,11.8,12,11.9,15.9,11.8,11.9,12,11.9,11.8,12,11.9,12,11.9,15.9,11.9,11.8,11.9,11.7,11.9,11.9,11.9,12,11.7,15.9,11.8,11.8,11.7,11.8,11.8,11.8,11.8,11.8,11.9,16,11.7,11.8,11.7,11.7,11.7,11.7,11.7,11.8,11.7,15.9,11.7,11.7,11.6,11.7,11.6,11.8,11.8,11.6,11.7,15.9,11.8,11.5,11.7,11.8,11.8,11.6,11.8,11.8,11.8,16,11.8,11.9,11.9,11.8,11.8,11.8,15.9,15.9
0.000005,16,11.9,11.9,12.1,12,11.9,11.8,11.9,11.8,11.9,12,15.9,12,11.9,12,11.8,11.9,11.9,12,11.8,11.9,16,11.9,11.9,12,11.9,11.9,11.9,11.8,12,11.9,15.9,11.9,11.9,11.9,11.9,11.8,11.9,11.9,12,12,15.9,11.9,11.9,11.9,11.8,11.9,11.9,11.9,11.9,11.7,15.9,11.9,11.8,11.8,11.9,11.8,11.8,11.8,11.8,11.9,15.9,11.8,11.8,11.7,11.8,11.7,11.7,11.7,11.8,11.7,16,11.6,11.7,11.6,11.7,11.6,11.7,11.7,11.6,11.7,15.9,11.7,11.6,11.7,11.7,11.8,11.6,11.7,11.8,11.8,16,11.8,11.9,11.9,11.9,11.8,11.8,15.9,16
0.0000052,15.9,11.8,11.8,12.1,12,11.9,11.8,11.8,11.8,11.9,12,16,11.9,12,12,11.8,11.9,11.8,12,11.8,11.9,16,11.9,11.9,12,11.8,11.9,11.9,11.8,12,11.8,16,12,11.9,11.9,11.9,11.8,12,11.9,12,12,16,11.9,11.9,12,11.8,11.9,11.9,11.9,11.9,11.7,16,11.8,11.8,11.8,11.8,11.9,11.9,11.8,11.8,11.8,16,11.8,11.8,11.7,11.7,11.7,11.7,11.8,11.8,11.7,15.9,11.6,11.7,11.7,11.7,11.7,11.7,11.8,11.6,11.7,15.9,11.7,11.7,11.7,11.7,11.8,11.7,11.7,11.8,11.8,15.9,11.8,11.8,11.9,11.9,11.8,11.8,15.9,15.9
0.0000054,15.9,11.8,11.8,12,12,11.8,11.8,12,11.8,11.9,11.9,16,11.8,11.9,12,11.8,11.8,11.8,12,11.8,11.9,16,11.9,12,11.9,11.8,11.9,11.8,11.8,12,11.9,16,12,11.9,11.9,11.9,11.8,11.9,11.9,12,12,16,11.9,11.9,11.9,11.9,11.8,11.8,12,11.8,11.8,16,11.8,11.8,11.8,11.8,11.8,11.8,11.8,11.8,11.8,15.9,11.8,11.8,11.7,11.8,11.6,11.8,11.7,11.8,11.7,16,11.6,11.8,11.6,11.7,11.7,11.7,11.7,11.6,11.7,16,11.7,11.8,11.6,11.7,11.8,11.8,11.7,11.8,11.8,16,11.8,11.8,11.8,12,11.8,11.8,15.9,15.9
0.0000056,15.9,11.8,11.9,12,12,11.8,11.8,12,11.9,11.9,11.9,16,11.8,11.9,11.9,11.8,11.9,11.8,11.9,11.8,11.9,15.9,11.9,12,12,11.8,11.9,11.8,11.8,12,11.9,15.9,12,11.9,11.8,11.9,11.8,11.8,11.9,11.9,11.9,16,11.9,12,11.9,11.8,11.9,11.9,11.9,11.8,11.8,16,11.8,11.8,11.8,11.8,11.8,11.8,11.8,11.8,11.8,16,11.8,11.8,11.8,11.8,11.6,11.7,11.8,11.8,11.8,16,11.5,11.8,11.7,11.6,11.7,11.8,11.7,11.6,11.7,16,11.8,11.9,11.6,11.7,11.8,11.8,11.7,11.8,11.8,16,11.8,11.7,11.8,12,11.8,11.9,15.9,15.9
0.0000058,15.9,11.8,11.9,11.9,12,11.8,11.8,12,11.9,11.9,11.9,16,11.8,11.9,11.9,11.9,11.9,11.8,11.8,11.8,12,16,11.8,12,12,11.8,12,11.8,11.8,12,12,16,12,11.8,11.8,11.8,11.9,11.8,11.9,11.8,11.9,15.9,11.9,12,11.9,11.9,11.9,11.9,11.9,11.8,11.8,16,11.9,11.8,11.8,11.8,11.9,11.8,11.8,11.8,11.8,16,11.8,11.8,11.8,11.8,11.7,11.8,11.7,11.8,11.8,16,11.6,11.8,11.7,11.6,11.7,11.7,11.7,11.7,11.7,16,11.8,11.9,11.7,11.7,11.8,11.8,11.7,11.8,11.8,16,11.8,11.7,11.8,11.9,11.8,11.8,15.9,15.9
0.000006,15.9,11.8,12,11.8,12,11.8,11.9,12,11.9,11.9,11.8,16,11.8,11.9,11.9,11.9,11.9,11.8,11.9,11.8,11.9,16,11.8,11.9,12,11.8,11.9,11.8,11.8,11.9,12,16,12,11.8,11.8,11.8,11.9,11.9,11.9,11.8,11.8,16,11.9,12,11.8,11.8,11.9,11.9,11.9,11.8,11.9,15.9,11.9,11.8,11.8,11.8,11.8,11.8,11.8,11.8,11.8,15.9,11.8,11.9,11.8,11.8,11.7,11.8,11.8,11.7,11.8,15.9,11.6,11.8,11.7,11.7,11.7,11.7,11.7,11.7,11.7,15.9,11.8,11.9,11.7,11.7,11.8,11.8,11.7,11.8,11.7,16,11.8,11.7,11.8,11.9,11.9,11.9,15.9,15.9
0.0000062,15.9,11.9,11.9,11.8,12,11.9,12,12,12,11.9,11.8,16,11.9,11.8,11.8,11.8,11.9,11.8,11.8,11.8,12,16,11.8,11.8,12,11.9,11.9,11.8,11.9,11.8,12,15.9,11.9,11.8,11.8,11.8,12,12,11.9,11.8,11.8,15.9,12,12,11.8,11.7,11.9,11.9,11.9,11.9,12,15.9,11.9,11.9,11.7,11.8,11.8,11.8,11.8,11.8,11.8,16,11.8,11.8,11.8,11.8,11.6,11.8,11.8,11.7,11.8,16,11.7,11.8,11.7,11.7,11.6,11.7,11.8,11.8,11.7,16,11.8,11.9,11.7,11.8,11.8,11.8,11.7,11.7,11.8,15.9,11.8,11.7,11.8,11.9,12,11.9,15.9,16
0.0000064,16,11.9,11.9,11.8,12.1,11.9,12,11.9,11.9,11.9,11.8,15.9,11.9,11.8,11.8,11.8,11.9,11.8,11.9,11.9,12,15.9,11.8,11.8,11.9,11.9,11.8,11.8,12,11.8,12.1,15.9,11.8,11.9,11.8,11.8,12,12,11.8,11.8,11.8,16,11.9,12,11.8,11.7,11.8,12,11.9,11.9,12,16,11.9,12,11.7,11.8,11.8,11.8,11.8,11.9,11.8,16,11.7,11.8,11.8,11.8,11.7,11.7,11.8,11.7,11.8,16,11.8,11.8,11.7,11.6,11.6,11.8,11.8,11.8,11.7,15.9,11.9,11.8,11.7,11.8,11.8,11.7,11.7,11.7,11.8,15.9,11.8,11.8,11.8,11.8,12,11.9,16,15.9
0.0000066,16,11.9,11.9,11.8,12,11.9,12,11.8,11.9,11.9,11.8,15.9,12,11.8,11.8,11.8,12,11.9,11.9,11.9,12,15.9,11.8,11.9,11.9,11.9,11.8,11.8,12,11.8,12,15.9,11.8,11.9,12,11.8,11.9,12,11.9,11.8,11.9,16,12,12,11.8,11.7,11.9,12,11.8,11.9,11.9,15.9,11.9,12,11.7,11.8,11.9,11.8,11.8,11.9,11.8,16,11.7,11.8,11.8,11.8,11.7,11.7,11.8,11.7,11.8,16,11.8,11.8,11.7,11.6,11.6,11.7,11.7,11.8,11.7,15.9,11.9,11.7,11.8,11.8,11.8,11.6,11.8,11.7,11.8,16,11.8,11.7,11.8,11.9,12,11.9,15.9,15.7
0.0000068,16,11.9,11.8,11.8,12.1,11.9,11.9,11.8,11.9,11.8,11.8,16,12,11.8,11.8,11.7,11.9,12,11.9,11.9,12,16,11.8,11.8,11.9,11.9,11.8,11.9,12,11.8,12,15.9,11.8,11.9,12,11.8,11.9,11.9,11.9,11.9,11.9,15.9,12,12,11.8,11.6,11.9,11.9,11.8,11.9,11.8,15.9,11.9,12,11.7,11.9,11.9,11.9,11.8,11.9,11.8,16,11.7,11.8,11.8,11.7,11.8,11.7,11.8,11.8,11.8,15.9,11.8,11.8,11.6,11.6,11.6,11.7,11.8,11.9,11.6,15.9,11.9,11.6,11.7,11.8,11.8,11.6,11.8,11.8,11.8,15.9,11.8,11.8,11.8,11.8,12,11.8,16,13.7
0.000007,15.9,11.9,11.8,11.8,12,12,11.9,11.8,11.9,11.8,11.9,16,12.1,11.8,11.9,11.8,11.9,12,11.9,11.9,12,16,11.8,11.8,11.8,11.9,11.8,11.9,12,11.8,11.9,15.9,11.8,11.9,12,11.8,11.8,11.9,11.8,12,11.9,15.9,12,12,11.8,11.7,11.8,12,11.8,11.9,11.7,15.9,11.8,11.9,11.8,11.9,12.1,11.9,11.8,11.8,11.8,15.9,11.7,11.7,11.8,11.7,11.7,11.7,11.8,11.8,11.7,16,11.8,11.7,11.7,11.6,11.7,11.7,11.8,11.8,11.7,15.9,12,11.6,11.7,11.8,11.8,11.6,11.7,11.7,11.7,16,11.8,11.7,11.9,11.8,12,11.8,15.8,10.4
0.0000072,15.9,12,11.8,11.9,12,11.9,11.8,11.8,11.8,11.8,12,16,12,11.8,12,11.8,11.9,12,11.9,11.8,12,15.9,11.9,11.8,11.8,11.9,11.8,11.9,11.9,11.9,11.8,15.9,11.8,11.9,12,11.8,11.8,11.8,11.8,12,12,16,12,11.9,11.9,11.7,11.9,11.9,11.8,11.9,11.6,16,11.8,11.8,11.8,11.8,12,11.8,11.8,11.7,11.8,16,11.7,11.7,11.8,11.7,11.8,11.7,11.7,11.8,11.7,15.9,11.8,11.8,11.7,11.6,11.7,11.7,11.8,11.8,11.7,16,11.9,11.6,11.6,11.7,11.8,11.6,11.8,11.8,11.7,16,11.8,11.7,11.8,11.9,11.9,11.8,15.4,8
0.0000074,15.9,11.9,11.8,12,11.9,11.8,11.8,11.8,11.8,11.8,12,16,12,11.9,12,11.9,11.9,12,11.9,11.8,11.9,15.9,11.9,11.9,11.8,11.9,11.9,11.9,11.8,11.9,11.8,15.9,11.8,11.9,12,11.9,11.7,11.8,11.9,12.1,11.9,16,12,11.9,11.9,11.8,11.9,11.9,11.8,11.9,11.6,16,11.9,11.8,11.8,11.9,12,11.9,11.8,11.7,11.8,15.9,11.8,11.7,11.8,11.7,11.7,11.7,11.8,11.8,11.8,16,11.7,11.7,11.7,11.7,11.8,11.7,11.8,11.8,11.7,16,11.9,11.6,11.7,11.7,11.8,11.7,11.8,11.8,11.7,15.9,11.8,11.7,11.9,11.8,11.9,11.8,12.3,8
0.0000076,15.9,11.9,11.8,12,11.9,11.8,11.7,11.8,11.8,11.8,12,15.9,12,12,12,11.9,12,12,11.9,11.8,11.8,15.9,11.9,11.9,11.8,12,11.9,12,11.8,12,11.8,15.9,11.9,11.9,12,12,11.7,11.8,11.9,12.2,11.9,15.9,12,11.9,11.9,11.8,11.9,11.9,11.8,11.9,11.6,16,11.8,11.8,11.8,11.9,12,11.9,11.8,11.7,11.8,16,11.7,11.7,11.8,11.8,11.7,11.7,11.7,11.8,11.8,15.9,11.6,11.8,11.6,11.7,11.8,11.7,11.7,11.7,11.7,15.9,11.8,11.7,11.6,11.6,11.8,11.7,11.8,11.8,11.8,16,11.8,11.7,11.8,11.9,11.8,11.8,8.95,8.09
0.0000078,16,11.9,11.9,12,11.8,11.8,11.7,11.9,11.9,11.9,12,15.9,11.9,12,12,11.9,11.9,11.9,11.9,11.8,11.8,16,12,11.9,11.8,12,11.9,12,11.7,12,11.8,16,11.8,11.9,11.9,12,11.8,11.8,11.9,12.1,11.9,15.9,11.9,11.8,11.9,12,11.9,11.8,11.8,11.8,11.6,15.9,11.9,11.7,11.8,11.9,11.9,11.8,11.8,11.7,11.8,16,11.8,11.8,11.8,11.8,11.7,11.8,11.7,11.8,11.8,16,11.6,11.7,11.7,11.7,11.8,11.7,11.7,11.6,11.7,16,11.8,11.8,11.6,11.6,11.8,11.8,11.8,11.8,11.8,16,11.8,11.8,11.8,11.9,11.8,11.8,8.04,8.09
0.000008,16,11.8,12,12,11.8,11.8,11.6,11.9,11.9,11.9,12,16,11.9,12,11.9,11.9,11.9,11.9,11.9,11.8,11.8,16,12,11.9,11.9,12,12,11.9,11.7,12,11.8,15.9,11.9,11.9,11.8,12,11.8,11.8,11.9,12,12,15.9,11.9,11.9,11.9,12,11.9,11.9,11.9,11.9,11.8,16,11.8,11.8,11.8,11.9,11.9,11.7,11.7,11.7,11.8,16,11.8,11.7,11.8,11.8,11.7,11.8,11.7,11.8,11.8,15.9,11.6,11.8,11.7,11.8,11.8,11.7,11.7,11.6,11.7,16,11.7,11.8,11.6,11.6,11.8,11.8,11.8,11.9,11.8,16,11.8,11.8,11.9,11.9,11.8,11.9,8.09,8.09
0.0000082,16,11.8,12,12,11.8,11.8,11.8,11.9,11.9,11.9,11.9,16,11.9,11.8,11.9,11.8,11.8,11.8,11.9,11.8,11.8,15.9,12,11.9,11.9,12,12,11.9,11.8,12,11.9,16,11.9,11.9,11.9,11.9,11.8,11.9,11.9,11.9,11.9,15.9,11.8,11.9,11.8,12,11.8,11.9,11.9,11.9,11.8,16,11.9,11.8,11.8,11.9,11.8,11.7,11.8,11.8,11.8,15.9,11.8,11.8,11.9,11.8,11.8,11.8,11.8,11.8,11.8,15.9,11.5,11.7,11.6,11.8,11.8,11.6,11.7,11.6,11.7,15.9,11.7,11.8,11.7,11.6,11.8,11.9,11.8,11.9,11.8,15.9,11.8,11.8,11.8,11.9,11.7,11.8,8.13,8.09
0.0000084,15.9,11.9,12.1,11.8,11.8,11.8,11.8,12,11.9,11.9,11.9,16,11.8,11.8,11.9,11.8,11.8,11.8,11.9,11.8,11.8,15.9,12.1,11.9,12,12,12,11.9,11.8,11.9,12,15.9,11.8,11.9,11.9,11.9,11.9,11.9,11.9,11.8,11.9,16,11.8,12,11.8,11.9,11.8,11.9,11.9,11.9,11.9,15.9,11.9,11.8,11.8,11.9,11.8,11.7,11.8,11.8,11.9,15.9,11.8,11.8,11.9,11.8,11.7,11.8,11.8,11.8,11.8,16,11.6,11.8,11.7,11.8,11.6,11.7,11.7,11.7,11.7,15.9,11.6,11.8,11.7,11.6,11.8,11.8,11.8,11.8,11.8,16,11.8,11.9,11.8,11.8,11.8,11.8,8.09,8.09
0.0000086,15.9,11.8,12.2,11.9,11.9,11.8,11.9,12,12,12,11.9,15.9,11.8,11.8,11.8,11.7,11.8,11.8,11.9,11.8,11.8,15.9,12.1,11.9,12,11.8,12,11.8,11.9,11.9,12,15.9,11.9,11.9,11.9,11.8,11.9,11.9,11.9,11.8,11.9,16,11.9,12,11.8,11.8,11.8,11.9,11.9,11.9,12,15.9,11.8,11.8,11.8,11.9,11.8,11.7,11.8,11.9,11.8,15.9,11.8,11.8,11.9,11.8,11.7,11.8,11.8,11.8,11.8,15.9,11.6,11.8,11.7,11.7,11.6,11.7,11.7,11.7,11.7,16,11.7,11.8,11.7,11.7,11.8,11.8,11.8,11.8,11.8,16,11.8,11.9,11.8,11.8,11.8,11.8,8.04,8.13
0.0000088,15.9,11.8,12.1,11.8,11.8,12,11.9,11.9,12,12,11.9,15.9,11.8,11.8,11.8,11.8,11.9,11.8,11.9,11.9,11.8,15.9,12.1,11.8,12.1,11.8,11.9,11.8,11.9,11.8,12,16,11.8,11.9,11.9,11.8,11.9,11.9,11.9,11.8,11.8,15.9,11.8,12.1,11.8,11.8,11.8,12,11.9,11.9,11.9,15.9,11.9,11.9,11.8,11.8,11.8,11.8,11.8,11.9,11.8,16,11.8,11.8,11.8,11.8,11.7,11.7,11.8,11.8,11.8,15.9,11.7,11.7,11.7,11.6,11.6,11.6,11.7,11.8,11.7,15.9,11.8,11.8,11.7,11.7,11.8,11.8,11.8,11.8,11.8,16,11.8,11.9,11.8,11.9,11.8,11.8,8.04,8.13
0.000009,15.9,11.8,12,11.8,11.9,11.9,11.9,11.9,12,12,11.9,15.9,11.9,11.8,11.8,11.8,11.8,11.8,11.9,11.9,11.8,15.9,12,11.8,12.1,11.8,11.9,11.8,12,11.8,12,15.9,11.9,11.9,11.9,11.8,11.8,11.9,11.8,11.8,11.9,16,11.9,12.1,11.8,11.8,11.8,12,11.9,11.9,11.9,15.9,11.8,11.9,11.8,11.8,11.8,11.9,11.8,12,11.8,15.9,11.8,11.8,11.9,11.8,11.8,11.6,11.8,11.8,11.8,15.9,11.8,11.7,11.7,11.5,11.5,11.7,11.8,11.7,11.6,16,11.9,11.7,11.7,11.8,11.8,11.8,11.7,11.8,11.8,16,11.8,11.9,11.8,11.9,11.8,11.8,8.09,8.09
0.0000092,16,11.9,11.9,11.8,11.8,12,11.9,11.9,11.9,11.9,11.9,16,11.9,11.8,11.8,11.8,11.8,11.9,11.8,11.9,11.9,15.9,12,11.8,12,11.8,11.8,11.8,12.1,11.8,11.9,16,11.9,11.8,11.9,11.8,11.9,11.9,11.8,11.8,11.9,16,12,12.1,11.8,11.8,11.8,12,11.9,11.9,11.8,15.9,11.8,11.9,11.8,11.8,11.9,12,11.9,11.9,11.8,15.9,11.8,11.8,11.8,11.8,11.8,11.6,11.8,11.8,11.8,15.9,11.7,11.8,11.7,11.6,11.6,11.7,11.8,11.7,11.7,15.9,12,11.7,11.7,11.8,11.8,11.8,11.8,11.7,11.8,16,11.8,11.8,11.8,11.9,11.8,11.8,8.09,8.09
0.0000094,16,11.8,11.9,11.8,11.8,12,11.8,11.8,11.9,11.9,11.9,16,12,11.8,11.9,11.8,11.8,12,11.8,11.9,11.9,15.9,12,11.8,11.9,11.8,11.8,11.8,12,11.8,11.9,15.9,12,11.9,11.9,11.8,11.8,11.8,11.9,11.8,11.9,16,12,12.1,11.8,11.9,11.8,11.9,11.9,11.8,11.7,16,11.9,11.9,11.8,11.9,11.9,12,11.9,11.8,11.8,15.9,11.8,11.8,11.8,11.8,11.8,11.5,11.8,11.8,11.8,16,11.7,11.8,11.7,11.5,11.7,11.7,11.9,11.7,11.6,16,12,11.7,11.7,11.7,11.8,11.8,11.7,11.7,11.8,15.9,11.8,11.7,11.8,11.9,11.8,11.8,8.04,8.09
0.0000096,16,11.8,11.8,11.9,11.9,12,11.8,11.8,11.9,11.8,11.8,15.9,12,11.9,11.9,11.9,11.8,12,11.9,11.8,11.9,16,11.9,11.8,11.9,11.8,11.9,11.8,11.9,11.9,11.8,15.9,12,11.9,12,11.8,11.8,11.9,11.8,11.9,11.9,15.9,12,12,11.8,11.9,11.8,11.9,11.9,11.8,11.6,15.9,11.9,11.9,11.8,11.9,12,12.1,11.8,11.8,11.8,15.9,11.8,11.8,11.7,11.8,11.8,11.6,11.8,11.7,11.8,15.9,11.8,11.8,11.6,11.5,11.7,11.7,11.9,11.7,11.6,15.9,12,11.7,11.7,11.7,11.8,11.8,11.7,11.8,11.8,15.9,11.8,11.6,11.9,11.9,11.8,11.9,8.09,8.04
0.0000098,16,11.8,11.8,11.8,11.9,12,11.8,11.8,11.9,11.8,11.9,15.9,12,11.9,11.9,11.9,11.9,12,12,11.8,12,16,11.8,11.9,11.8,11.9,11.9,11.8,11.8,11.9,11.9,16,12,11.9,11.9,11.9,11.8,11.9,11.8,12,12,15.9,12,11.9,11.8,11.9,11.8,11.8,11.8,11.8,11.6,15.9,11.9,11.9,11.8,11.8,12.1,12.1,11.8,11.7,11.8,16,11.7,11.8,11.7,11.7,11.8,11.6,11.8,11.8,11.7,15.9,11.7,11.8,11.7,11.6,11.8,11.7,11.9,11.7,11.6,15.9,11.9,11.7,11.7,11.7,11.8,11.8,11.7,11.7,11.8,16,11.8,11.6,11.9,12,11.8,11.9,8.09,8.09
0.00001,16,11.9,11.8,11.8,12,11.9,11.8,11.8,11.9,11.9,11.9,15.9,12,12,12,11.9,11.8,12,12,11.8,12,16,11.8,11.9,11.8,11.9,11.9,11.9,11.7,11.9,11.9,15.9,12.1,11.9,11.9,11.9,11.8,11.9,11.9,12,12,15.9,12,11.8,11.9,11.9,11.9,11.8,11.9,11.8,11.6,16,11.9,11.9,11.8,11.9,12,12,11.8,11.7,11.9,16,11.7,11.8,11.7,11.7,11.8,11.6,11.8,11.7,11.8,15.9,11.6,11.8,11.8,11.6,11.8,11.7,11.9,11.7,11.7,15.9,11.8,11.7,11.7,11.7,11.8,11.9,11.7,11.8,11.8,15.9,11.8,11.7,11.9,11.9,11.8,12,8.09,8.04
0.0000102,16,11.9,11.8,11.9,12,11.9,11.8,11.8,11.9,11.9,11.9,15.9,11.9,12,12,11.8,11.9,12,12,11.8,12,15.9,11.8,12.1,11.8,12,11.9,12,11.7,11.9,11.9,15.9,12,11.9,11.9,12,11.8,11.9,11.9,12,12,15.9,12,11.9,11.8,11.8,11.9,11.8,11.8,11.8,11.7,15.9,11.9,11.8,11.8,11.9,12,12,11.7,11.6,11.8,16,11.7,11.8,11.7,11.8,11.8,11.6,11.8,11.8,11.8,16,11.7,11.8,11.8,11.7,11.8,11.7,11.8,11.7,11.7,15.9,11.7,11.7,11.7,11.8,11.9,11.9,11.7,11.8,11.8,16,11.8,11.7,11.9,11.8,11.8,11.9,8.04,8.13
0.0000104,15.9,12,11.9,11.8,12.1,11.9,11.8,11.9,11.9,12,11.9,15.9,11.9,12,11.9,11.9,12,12,12,11.8,12,15.9,11.8,12,12,11.9,11.9,12,11.7,11.9,11.8,16,11.9,11.9,11.9,12,11.8,11.9,11.9,12,12,16,11.9,11.8,11.9,11.8,11.9,11.8,11.8,11.8,11.8,16,11.9,11.9,11.8,11.9,11.9,11.9,11.7,11.7,11.8,15.9,11.7,11.8,11.7,11.8,11.8,11.7,11.7,11.7,11.8,16,11.6,11.8,11.8,11.7,11.8,11.7,11.7,11.8,11.7,15.9,11.6,11.7,11.7,11.8,11.8,11.9,11.8,11.9,11.8,16,11.8,11.8,11.9,11.8,11.9,11.8,8.04,8.04
0.0000106,16,12,12,11.9,12,11.9,11.8,11.9,11.9,12.1,12,16,11.8,12,11.9,11.8,11.9,12,12,11.8,12,16,11.9,12,12,12,12,12,11.7,11.8,11.9,15.9,11.9,11.9,11.9,12,11.8,11.9,11.9,12,12,16,11.9,11.8,11.9,11.8,12,11.9,11.8,11.8,11.8,16,11.9,11.8,11.8,11.9,11.8,11.8,11.7,11.7,11.8,15.9,11.7,11.8,11.8,11.8,11.8,11.8,11.6,11.7,11.8,16,11.7,11.7,11.9,11.8,11.8,11.7,11.6,11.7,11.6,15.9,11.6,11.7,11.7,11.7,11.9,11.8,11.8,11.9,11.8,15.9,11.8,11.8,11.9,11.8,11.9,11.8,8.04,8.04
0.0000108,15.9,11.9,11.9,11.9,12,12,11.8,11.9,12,12.1,11.9,16,11.9,11.9,11.9,11.8,12,11.9,11.9,11.8,11.9,15.9,11.9,11.9,11.9,11.9,11.9,12,11.6,11.8,11.9,15.9,11.8,11.8,11.8,11.9,11.8,11.9,11.9,12,12.1,16,11.8,11.9,11.9,11.8,11.9,12,11.8,11.9,11.9,16,11.9,11.8,11.7,11.9,11.8,11.8,11.7,11.7,11.9,16,11.7,11.8,11.8,11.8,11.7,11.8,11.6,11.7,11.8,15.9,11.8,11.6,11.9,11.8,11.7,11.7,11.5,11.7,11.6,16,11.7,11.7,11.7,11.7,11.8,11.9,11.8,11.9,11.8,16,11.8,11.8,11.9,11.8,11.9,11.7,8.09,8.09
0.000011,15.9,11.8,11.8,11.9,12,11.9,11.8,11.9,12,12.1,11.8,15.9,11.8,11.8,11.9,11.8,12.1,11.9,11.8,11.8,11.9,16,11.9,11.8,11.9,11.9,11.8,11.9,11.7,11.8,11.9,16,11.8,11.8,11.9,12,11.8,11.9,12,11.9,12,16,11.8,11.8,12,11.7,11.9,11.9,11.8,11.9,11.9,16,11.9,11.8,11.8,11.9,11.8,11.8,11.7,11.7,11.8,16,11.7,11.8,11.9,11.8,11.7,11.9,11.6,11.8,11.8,15.9,11.7,11.6,11.8,11.8,11.7,11.6,11.5,11.7,11.7,16,11.8,11.7,11.7,11.7,11.7,11.8,11.8,11.8,11.8,15.9,11.8,11.9,11.8,11.8,11.9,11.7,8.09,8.09
0.0000112,15.9,11.8,11.9,11.9,12,11.9,11.8,11.8,12,12,11.8,16,11.8,11.9,11.8,11.9,12.1,11.9,11.8,11.8,11.8,16,12,11.8,11.9,11.9,11.9,11.9,11.7,11.8,11.9,15.9,11.8,11.8,11.9,11.9,11.8,11.9,11.9,11.9,12,15.9,11.8,11.9,12,11.8,11.8,12,11.8,11.8,11.9,16,12,11.7,11.7,11.9,11.8,11.8,11.8,11.7,11.8,15.9,11.7,11.8,11.9,11.9,11.7,11.8,11.7,11.8,11.8,16,11.7,11.6,11.8,11.8,11.7,11.6,11.6,11.7,11.7,15.9,11.8,11.7,11.7,11.8,11.7,11.8,11.7,11.8,11.8,16,11.8,11.8,11.8,11.8,11.9,11.7,8.04,8.09
0.0000114,15.9,11.7,11.9,11.8,11.8,11.9,11.8,11.8,11.9,12,11.8,15.9,11.9,11.8,11.9,11.9,12,11.9,11.8,11.8,11.8,15.9,11.9,11.7,11.9,11.8,11.9,11.8,11.8,11.9,11.9,15.9,11.8,11.8,12,11.8,11.8,11.9,11.9,11.8,12,15.9,11.8,11.9,11.9,11.8,11.8,12,11.8,11.8,11.9,16,12,11.7,11.7,11.8,11.8,11.9,11.8,11.7,11.8,16,11.7,11.8,11.8,11.8,11.7,11.8,11.6,11.9,11.8,15.9,11.8,11.6,11.7,11.6,11.7,11.6,11.6,11.7,11.7,16,11.9,11.8,11.7,11.8,11.7,11.8,11.7,11.8,11.8,15.9,11.8,11.8,11.8,11.9,11.9,11.7,8.04,8.04
0.0000116,15.9,11.7,11.9,11.8,11.8,11.8,11.9,11.9,12,11.8,11.8,15.9,11.9,11.9,11.9,11.8,12.1,11.8,11.8,11.8,11.8,15.9,12,11.7,11.9,11.8,11.9,11.8,11.8,11.9,11.9,16,11.8,11.9,12,11.9,11.8,11.8,11.9,11.8,12,16,11.9,11.9,11.8,11.8,11.8,12,11.8,11.8,11.9,15.9,12,11.7,11.8,11.8,11.9,11.9,11.8,11.8,11.8,15.9,11.8,11.8,11.8,11.9,11.7,11.8,11.6,11.9,11.8,15.9,11.8,11.6,11.6,11.6,11.6,11.6,11.7,11.7,11.7,15.9,12,11.8,11.8,11.8,11.7,11.8,11.7,11.6,11.8,16,11.8,11.6,11.8,11.9,11.9,11.8,8.09,8.04
0.0000118,16,11.8,11.8,11.8,11.7,11.8,11.9,11.8,12,11.8,11.8,15.9,12,11.9,11.9,11.9,12,11.9,11.8,11.8,11.8,16,11.9,11.7,11.8,11.9,11.9,11.8,11.8,11.8,11.9,15.9,11.8,11.9,12,11.8,11.9,11.8,11.8,11.8,11.9,16,11.9,11.9,11.8,11.9,11.8,12,11.9,11.8,11.8,16,11.9,11.7,11.8,11.8,11.9,12,11.8,11.8,11.9,16,11.9,11.8,11.8,11.9,11.7,11.7,11.7,11.8,11.8,15.9,11.8,11.7,11.6,11.6,11.6,11.7,11.7,11.7,11.7,16,11.8,11.8,11.7,11.8,11.6,11.8,11.7,11.6,11.8,16,11.8,11.5,11.8,12,11.9,11.8,8.09,8.04
0.000012,16,11.8,11.8,11.9,11.7,11.8,11.9,11.8,12,11.8,11.8,16,12,12,11.8,11.8,11.9,11.9,11.8,11.8,11.8,16,12,11.7,11.8,11.9,11.9,11.8,11.9,11.8,11.9,15.9,11.9,12,12,11.8,11.9,11.8,11.9,11.9,11.8,16,11.9,11.9,11.8,11.9,11.8,11.9,11.9,11.8,11.8,15.9,11.9,11.8,11.8,11.8,11.8,12,11.8,11.8,11.8,16,11.9,11.8,11.8,11.9,11.8,11.7,11.8,11.8,11.7,16,11.7,11.8,11.6,11.6,11.7,11.7,11.8,11.7,11.8,15.9,11.8,11.8,11.8,12,11.7,11.8,11.7,11.6,11.8,16,11.8,11.6,11.8,12,11.9,11.8,8.09,8.09
0.0000122,15.9,11.8,11.8,11.9,11.8,11.8,11.9,11.9,12,11.8,11.8,15.9,12.1,12,11.8,11.8,12,12,11.9,11.8,11.9,15.9,11.9,11.8,11.8,11.9,12,11.8,11.9,11.8,11.9,15.9,11.8,12,11.9,11.8,11.9,11.9,11.8,11.9,11.8,16,12,11.9,11.8,11.9,11.8,11.9,11.9,11.8,11.8,16,11.8,11.8,11.7,11.8,11.8,11.9,11.8,11.8,11.8,15.9,11.9,11.8,11.8,11.9,11.7,11.7,11.8,11.7,11.8,16,11.7,11.8,11.6,11.7,11.7,11.7,11.8,11.7,11.8,15.9,11.7,11.7,11.8,11.9,11.8,11.8,11.8,11.6,11.7,16,11.8,11.6,11.8,12.1,11.9,11.9,8.04,8.09
0.0000124,15.9,11.8,11.9,11.9,11.8,11.8,11.9,11.9,12,11.9,11.8,16,12,12,11.8,11.8,11.9,11.9,11.9,11.9,12,15.9,11.9,11.8,11.8,11.9,12,11.8,11.9,11.8,11.9,15.9,11.8,12,11.8,12,11.9,11.9,11.9,11.9,11.8,15.9,12,11.9,11.8,11.9,11.8,11.9,11.9,11.8,11.8,15.9,11.7,11.8,11.7,11.8,11.8,11.9,11.8,11.8,11.8,15.9,11.9,11.8,11.8,11.8,11.8,11.7,11.8,11.6,11.7,16,11.7,11.8,11.6,11.8,11.7,11.7,11.8,11.7,11.8,16,11.7,11.7,11.8,12,11.8,11.7,11.8,11.6,11.7,16,11.8,11.7,11.9,12,11.9,12,8.04,8.04
0.0000126,15.9,11.9,11.9,11.9,11.8,11.8,11.9,11.9,12,12,11.9,16,12,11.9,11.8,11.8,11.8,12,12,11.9,12.1,15.9,11.9,11.9,11.8,11.9,11.9,11.9,11.9,11.8,11.9,15.9,11.9,11.9,11.9,12,11.8,11.9,11.9,11.9,11.8,15.9,11.9,11.9,11.8,11.9,11.9,11.9,11.9,11.8,11.8,15.9,11.7,11.9,11.7,11.9,11.8,11.8,11.8,11.8,11.8,15.9,11.9,11.8,11.8,11.8,11.8,11.7,11.9,11.6,11.7,15.9,11.7,11.8,11.6,11.8,11.8,11.8,11.7,11.8,11.7,15.9,11.7,11.7,11.8,12,11.8,11.7,11.8,11.7,11.7,16,11.8,11.8,11.9,12.1,11.9,12,8.09,8.09
0.0000128,15.9,11.9,11.9,12,11.8,11.9,11.9,11.9,12,12,11.9,16,12,11.8,11.8,11.9,11.8,12,12,11.9,12.1,15.9,11.9,11.9,11.8,11.9,11.9,12,11.8,11.9,11.9,16,11.8,11.9,11.8,12,11.9,11.9,12,11.9,11.8,16,12,11.9,11.8,11.8,11.9,11.8,11.9,11.9,11.8,16,11.7,11.9,11.8,11.9,11.8,11.8,11.8,11.8,11.8,16,11.8,11.8,11.8,11.8,11.8,11.7,11.8,11.6,11.7,15.9,11.7,11.8,11.7,11.8,11.8,11.8,11.7,11.8,11.7,15.9,11.7,11.7,11.8,12,11.8,11.7,11.8,11.7,11.8,15.9,11.8,11.8,11.9,12,11.9,11.9,8.04,8
0.000013,15.9,11.9,11.9,12,11.8,11.9,11.9,11.9,11.9,12.1,11.9,15.9,11.9,11.8,11.8,11.8,11.9,12,12,11.9,12.1,15.9,11.9,11.9,11.9,11.9,11.9,12,11.8,11.9,11.9,16,11.8,11.8,11.8,12.1,11.9,11.9,12.1,11.9,11.8,15.9,11.8,11.9,11.8,11.8,11.9,11.8,11.9,11.9,11.8,15.9,11.7,11.8,11.8,11.9,11.8,11.9,11.7,11.8,11.8,15.9,11.7,11.8,11.9,11.8,11.8,11.6,11.8,11.6,11.8,15.9,11.7,11.7,11.7,11.8,11.8,11.7,11.7,11.8,11.6,15.9,11.7,11.7,11.8,12,11.8,11.8,11.8,11.7,11.7,16,11.8,11.9,11.9,12,11.9,11.9,8.04,8.09
0.0000132,15.9,11.8,11.8,12,11.8,11.9,11.8,11.8,11.9,12.1,11.9,15.9,11.8,11.8,11.8,11.8,11.9,12,12,11.9,12.1,16,11.9,11.9,12,11.8,11.8,12,11.8,12,11.9,16,11.9,11.8,11.8,12,11.8,11.9,12.1,11.9,11.9,15.9,11.9,12,11.9,11.8,11.8,11.9,11.9,11.9,11.8,15.9,11.7,11.8,11.7,11.9,11.9,11.9,11.8,11.8,11.8,16,11.7,11.8,11.9,11.9,11.8,11.6,11.7,11.7,11.8,16,11.7,11.7,11.7,11.8,11.6,11.7,11.7,11.8,11.6,15.9,11.8,11.8,11.7,12,11.8,11.8,11.8,11.8,11.8,15.9,11.8,11.9,11.9,11.9,11.9,11.9,8.09,8.04
0.0000134,15.9,11.8,11.8,12,11.8,11.9,11.9,11.8,12,12,11.9,16,11.9,11.8,11.9,11.8,11.9,12,11.9,11.8,12,15.9,11.9,11.9,12,11.9,11.8,11.9,11.8,12,11.9,15.9,11.8,11.8,11.8,12,11.9,11.9,12,11.9,11.9,15.9,11.8,12,12,11.8,11.8,11.9,12,11.9,11.8,15.9,11.7,11.8,11.8,11.9,12,11.9,11.8,11.8,11.9,15.9,11.6,11.8,11.8,11.8,11.8,11.7,11.6,11.7,11.7,16,11.7,11.7,11.8,11.7,11.7,11.7,11.7,11.8,11.5,15.9,11.9,11.8,11.7,12,11.8,11.8,11.8,11.8,11.8,16,11.8,12,11.8,11.8,11.9,11.8,8.04,8.04
0.0000136,16,11.8,11.7,12,11.9,11.9,11.8,11.8,11.9,11.9,11.8,15.9,11.9,11.8,11.9,11.9,12,12,11.9,11.8,11.9,15.9,12,11.9,12.1,11.9,11.8,11.9,11.9,12,11.9,15.9,11.8,11.8,11.9,11.9,11.9,11.8,12,11.8,12,15.9,11.9,12,12,11.8,11.8,11.9,11.9,11.8,11.8,15.9,11.8,11.7,11.8,11.9,12,12,11.8,11.8,11.9,15.9,11.6,11.7,11.8,11.8,11.7,11.6,11.6,11.7,11.8,15.9,11.7,11.6,11.8,11.6,11.7,11.7,11.7,11.9,11.5,15.9,12,11.8,11.6,12,11.8,11.8,11.8,11.8,11.8,16,11.8,11.9,11.8,11.8,11.9,11.8,8.09,8.09
0.0000138,15.9,11.8,11.7,11.9,12,11.9,11.8,11.8,11.9,11.8,11.8,16,11.9,11.8,11.9,11.9,12.1,12,11.8,11.8,11.8,15.9,11.9,11.9,12,11.8,11.8,11.9,11.9,11.9,11.9,16,11.8,11.8,11.9,11.9,11.9,11.9,11.9,11.9,12,15.9,11.9,12,12,11.8,11.8,12,11.9,11.9,11.8,16,11.8,11.8,11.8,11.9,12,11.9,11.8,11.8,11.9,16,11.7,11.8,11.7,11.8,11.7,11.7,11.7,11.8,11.7,15.9,11.7,11.6,11.7,11.6,11.7,11.7,11.7,11.8,11.6,15.9,12,11.8,11.7,12,11.7,11.9,11.7,11.8,11.9,16,11.8,11.8,11.8,11.8,11.9,11.8,8.04,8.09
0.000014,15.9,11.8,11.7,12,12,11.8,11.8,11.9,11.8,11.8,11.8,15.9,11.9,11.9,11.9,11.9,12.1,11.9,11.8,11.8,11.8,15.9,11.9,11.9,12,11.9,11.8,11.8,11.9,11.9,11.9,15.9,11.8,11.8,11.9,11.8,11.9,11.8,11.9,12,12,15.9,11.9,12,11.9,11.8,11.8,11.9,11.9,11.8,11.8,16,12,11.8,11.8,11.8,11.9,11.9,11.8,11.8,12,15.9,11.7,11.8,11.7,11.8,11.6,11.7,11.7,11.8,11.7,16,11.7,11.6,11.7,11.5,11.7,11.7,11.7,11.8,11.6,15.9,11.9,11.8,11.7,11.9,11.8,11.8,11.8,11.8,11.9,16,11.8,11.7,11.8,11.8,12,11.8,8.09,8.04
0.0000142,16,11.8,11.8,11.9,12.2,11.8,11.8,11.9,11.9,11.8,11.8,16,11.9,11.9,11.9,12,12,11.9,11.8,11.8,11.8,15.9,11.9,11.8,11.9,11.9,11.8,11.8,11.9,11.8,11.9,16,11.8,11.9,12,11.8,11.9,11.8,11.8,12,11.9,16,11.9,11.9,11.9,11.8,11.7,11.9,11.9,11.8,11.8,15.9,11.9,11.8,11.9,11.8,11.9,11.8,11.8,11.8,12,16,11.7,11.8,11.7,11.8,11.6,11.8,11.8,11.7,11.8,15.9,11.7,11.7,11.7,11.5,11.6,11.7,11.7,11.7,11.7,15.9,11.9,11.8,11.7,11.9,11.7,11.8,11.7,11.8,11.9,15.9,11.8,11.7,11.8,11.9,11.9,11.8,8.09,8.04
0.0000144,15.9,11.8,11.8,11.9,12.2,11.8,11.8,11.9,11.8,11.8,11.8,15.9,11.9,12,11.9,11.9,12,11.8,11.8,11.8,11.8,15.9,11.8,11.8,11.8,11.9,11.9,11.8,11.9,11.8,11.9,15.9,11.8,11.9,12,11.9,12,11.9,11.8,12,11.9,15.9,11.9,11.9,11.9,11.8,11.7,11.9,11.9,11.9,11.7,16,12,11.8,11.9,11.8,11.8,11.8,11.8,11.8,11.9,15.9,11.7,11.8,11.7,11.8,11.6,11.8,11.8,11.7,11.8,16,11.8,11.7,11.7,11.6,11.5,11.7,11.6,11.6,11.8,15.9,11.8,11.8,11.7,11.9,11.7,11.8,11.8,11.7,11.9,15.9,11.8,11.6,11.8,11.8,11.9,11.8,8.04,8.04
0.0000146,15.9,11.8,11.8,11.9,12.2,11.8,11.9,11.9,11.9,11.8,11.8,16,11.8,12,11.8,11.9,12,11.8,11.8,11.8,11.9,16,11.8,11.8,11.8,11.9,11.9,11.8,11.9,11.8,12,15.9,11.9,12,11.9,11.9,11.9,11.9,11.8,12,11.9,16,11.9,11.9,11.8,11.8,11.7,11.8,11.9,11.9,11.8,16,12,11.8,11.9,11.8,11.8,11.8,11.8,11.8,11.9,16,11.8,11.8,11.8,11.7,11.7,11.8,11.8,11.7,11.8,15.9,11.8,11.7,11.6,11.7,11.6,11.7,11.6,11.6,11.8,15.9,11.8,11.8,11.8,11.8,11.7,11.8,11.8,11.7,11.9,16,11.8,11.6,11.9,11.8,11.9,11.8,8.04,8.09
0.0000148,15.9,11.9,11.9,12,12.2,11.8,11.8,11.9,12,11.8,11.8,15.9,11.9,12,11.9,11.8,12,11.9,11.9,11.9,12,16,11.8,11.8,11.9,12,11.9,11.8,12,11.8,11.9,16,11.8,12,11.9,11.9,11.9,12,11.8,11.9,11.9,15.9,11.9,11.9,11.8,11.9,11.8,11.9,11.9,11.9,11.8,15.9,12,11.9,11.9,11.8,11.8,11.8,11.8,11.8,11.8,15.9,11.8,11.8,11.8,11.8,11.7,11.7,11.9,11.8,11.7,16,11.7,11.8,11.6,11.8,11.5,11.7,11.6,11.6,11.7,16,11.8,11.7,11.8,11.7,11.8,11.8,11.8,11.6,11.8,16,11.8,11.6,11.8,11.8,11.9,11.8,8.04,8.04
0.000015,16,11.9,11.9,11.9,12.2,11.8,11.8,11.8,12,11.9,11.9,16,11.9,11.9,11.8,11.8,11.9,11.9,12,11.9,12.1,15.9,11.8,11.8,11.9,11.9,11.8,11.8,11.8,11.8,11.9,15.9,11.8,12,11.9,12,11.9,12,11.8,11.9,11.9,15.9,11.9,11.9,11.8,11.8,11.8,11.9,11.9,11.9,11.8,16,11.9,11.8,11.8,11.8,11.8,11.8,11.8,11.9,11.8,15.9,11.8,11.8,11.8,11.8,11.8,11.7,11.8,11.8,11.7,16,11.7,11.8,11.6,11.8,11.6,11.7,11.7,11.7,11.8,15.9,11.8,11.8,11.8,11.8,11.8,11.8,11.8,11.6,11.8,15.9,11.8,11.6,11.8,11.9,11.9,11.8,8.09,8.04
0.0000152,15.9,11.9,11.9,11.9,12,11.8,11.9,11.9,12,12,11.9,16,11.9,11.9,11.9,11.8,11.9,11.9,12,11.9,12.1,15.9,11.8,11.9,11.9,11.9,11.8,11.9,11.8,11.9,11.9,15.9,11.8,11.9,11.9,12,11.9,12,11.9,11.9,11.9,16,12,12,11.9,11.9,11.8,11.8,11.9,11.9,11.8,15.9,11.8,11.8,11.8,11.8,11.8,11.9,11.8,11.8,11.8,15.9,11.8,11.7,11.8,11.8,11.8,11.6,11.8,11.7,11.7,15.9,11.7,11.8,11.7,11.8,11.6,11.7,11.8,11.7,11.6,15.9,11.9,11.8,11.8,11.7,11.8,11.7,11.8,11.5,11.7,16,11.8,11.7,11.8,11.8,11.9,11.9,8.04,8.04
0.0000154,15.9,11.9,11.9,11.9,12,11.9,11.8,11.9,12,12,11.9,16,11.9,11.9,11.9,11.8,11.8,11.9,11.9,12,12.1,16,11.9,11.9,12,11.9,11.8,11.9,11.8,12,11.8,15.9,11.8,11.9,11.8,12,11.8,12,12,11.8,11.9,16,11.9,12,11.8,11.9,11.9,11.8,11.9,11.8,11.8,15.9,11.8,11.8,11.8,11.8,11.8,11.9,11.8,11.8,11.8,15.9,11.8,11.7,11.8,11.8,11.8,11.6,11.8,11.8,11.8,15.9,11.7,11.7,11.7,11.8,11.8,11.7,11.8,11.8,11.7,16,11.8,11.8,11.7,11.7,11.9,11.8,11.8,11.5,11.8,15.9,11.8,11.7,11.8,11.9,11.9,11.9,8.09,8.04
0.0000156,15.9,11.9,11.8,11.9,11.9,11.8,11.9,11.8,12,12.1,11.8,15.9,11.9,11.8,11.9,11.8,11.9,12,11.9,11.9,12.1,15.9,11.9,11.9,12,11.9,11.8,11.9,11.8,12,11.8,16,11.8,11.8,11.9,12,11.8,11.9,11.9,11.8,11.9,16,12,12.1,11.9,11.8,12,11.9,11.8,11.9,11.8,15.9,11.8,11.8,11.8,11.9,11.9,12,11.8,11.8,11.8,16,11.7,11.7,11.8,11.8,11.8,11.5,11.7,11.8,11.8,16,11.7,11.7,11.8,11.8,11.7,11.7,11.8,11.8,11.6,16,11.8,11.8,11.7,11.7,11.8,11.8,11.8,11.6,11.8,16,11.9,11.8,11.8,11.9,11.8,11.8,8.09,8.04
0.0000158,16,11.9,11.9,11.9,12,11.8,11.9,11.8,12,12.1,11.9,16,11.9,11.8,11.9,11.8,11.9,12,11.8,11.9,12,15.9,12,12,12,11.9,11.8,11.9,11.9,12,11.8,16,11.8,11.8,11.8,11.9,11.8,11.9,12,11.8,11.9,16,11.9,12.1,11.9,11.8,12,11.9,11.8,11.8,11.8,16,11.8,11.8,11.8,11.9,11.9,12.1,11.8,11.8,11.8,15.9,11.7,11.7,11.8,11.8,11.8,11.5,11.7,11.8,11.7,16,11.7,11.7,11.8,11.8,11.7,11.7,11.8,11.8,11.6,15.9,11.8,11.7,11.6,11.7,11.8,11.8,11.8,11.7,11.8,15.9,11.8,11.8,11.9,11.9,11.8,11.9,8.04,8.09
0.000016,15.9,11.8,11.8,12,12,11.8,11.9,11.9,12,12,11.9,15.9,11.9,11.8,12,12,11.9,12,11.8,11.9,11.9,15.9,12,12,12,11.9,11.9,11.9,11.8,12,11.8,15.9,11.8,11.8,11.8,11.9,11.8,11.8,12,11.8,12,15.9,12,12.1,11.9,11.8,12,11.9,11.8,11.8,11.9,16,11.8,11.8,11.8,11.9,11.9,12,11.8,11.8,11.8,15.9,11.7,11.7,11.8,11.8,11.8,11.6,11.7,11.8,11.7,15.9,11.7,11.7,11.9,11.7,11.7,11.7,11.8,11.8,11.6,15.9,11.8,11.8,11.6,11.7,11.8,11.8,11.7,11.7,11.8,15.9,11.8,11.8,11.8,12,11.8,11.8,8.09,8.09
0.0000162,16,11.9,11.8,11.9,12,11.8,11.9,11.9,12,12,11.9,15.9,12,11.9,11.9,12.1,12,12,11.9,11.8,11.8,16,12,12,12,11.9,12,11.9,11.8,12,11.8,15.9,11.9,11.9,11.8,11.8,11.8,11.8,11.9,11.9,11.9,16,11.9,12,11.9,11.8,11.9,11.9,11.8,11.8,11.9,16,11.8,11.8,11.8,11.9,11.9,11.9,11.8,11.8,11.8,15.9,11.8,11.8,11.8,11.8,11.7,11.6,11.7,11.8,11.7,15.9,11.7,11.7,11.9,11.7,11.6,11.7,11.8,11.8,11.7,16,11.8,11.8,11.6,11.8,11.8,11.8,11.7,11.8,11.8,15.9,11.8,11.8,11.9,12.1,11.8,11.9,8.04,8.04
0.0000164,15.9,11.9,11.8,12,12.2,11.9,11.9,11.9,12,12,11.9,16,12,11.9,11.9,12,12,12,11.9,11.8,11.7,16,11.9,11.9,11.9,11.9,12,11.9,11.9,11.9,11.9,15.9,11.8,11.8,11.8,11.8,11.8,11.8,11.9,11.9,11.9,16,11.8,12,11.9,11.8,11.9,11.9,11.8,11.8,11.9,15.9,11.8,11.8,11.8,11.9,11.9,11.8,11.8,11.8,11.9,16,11.8,11.8,11.8,11.7,11.6,11.7,11.7,11.8,11.7,15.9,11.7,11.8,11.8,11.7,11.6,11.7,11.7,11.7,11.6,16,11.8,11.8,11.6,11.7,11.7,11.8,11.8,11.9,11.8,16,11.8,11.8,11.8,12.1,11.8,11.8,8.04,8.04
0.0000166,16,11.8,11.9,11.9,12.1,11.9,11.9,11.9,12,11.9,11.9,16,12,11.9,11.9,12,12,12,11.9,11.8,11.7,15.9,11.8,11.9,11.8,11.9,12.1,11.8,11.9,11.9,12,15.9,11.8,11.9,11.9,11.8,11.8,11.8,12,11.9,11.9,16,11.9,12,11.9,11.8,11.9,12,11.9,11.8,12,15.9,11.9,11.8,11.8,11.9,12,11.8,11.8,11.8,11.8,15.9,11.8,11.8,11.8,11.6,11.6,11.8,11.8,11.8,11.8,15.9,11.8,11.8,11.8,11.7,11.5,11.7,11.7,11.7,11.7,15.9,11.8,11.8,11.7,11.8,11.7,11.8,11.8,11.9,11.8,15.9,11.8,11.7,11.9,12.1,11.8,11.8,8.09,8.04
0.0000168,16,11.8,11.9,11.9,12.1,11.9,11.9,11.9,11.9,11.9,11.9,15.9,12,12,11.8,11.9,12,12,11.9,11.8,11.7,16,11.8,11.9,11.8,11.9,12.1,11.9,11.9,11.8,12,15.9,11.8,11.9,11.9,11.8,11.8,11.8,11.8,11.9,11.9,16,11.8,12,11.8,11.8,11.8,12,11.9,11.8,11.9,15.9,12,11.8,11.8,11.8,11.9,11.7,11.8,11.8,11.9,15.9,11.8,11.9,11.8,11.6,11.7,11.8,11.8,11.8,11.8,16,11.8,11.7,11.7,11.7,11.6,11.6,11.6,11.6,11.7,15.9,11.8,11.8,11.7,11.8,11.7,11.8,11.8,11.9,11.8,15.9,11.8,11.7,11.8,12.2,11.7,11.7,8.04,8.04
0.000017,16,11.9,11.9,12,12,11.8,11.8,12,11.8,11.8,11.8,16,12,12,11.9,11.8,12,12,11.9,11.8,11.8,15.9,11.8,11.9,11.8,11.9,12,11.8,11.8,11.8,12,16,11.8,11.9,11.9,11.8,11.8,11.8,11.9,11.9,11.8,15.9,11.8,12,11.8,11.8,11.8,12,12,11.9,11.8,16,12.1,11.8,11.8,11.8,11.9,11.7,11.8,11.9,11.9,15.9,11.8,11.9,11.8,11.6,11.7,11.8,11.8,11.8,11.7,16,11.8,11.6,11.8,11.7,11.7,11.6,11.6,11.6,11.7,16,11.8,11.8,11.7,11.8,11.6,11.8,11.9,11.8,11.8,15.9,11.8,11.7,11.8,12.2,11.8,11.8,8.04,8.04
0.0000172,16,11.9,11.9,12,11.9,11.9,11.8,11.9,11.8,11.8,11.8,16,12,12,11.9,11.8,12,12,11.9,11.8,11.8,15.9,11.8,11.9,11.8,11.9,12,11.8,11.9,11.8,12,15.9,11.7,11.9,11.9,11.8,11.9,11.7,11.9,11.9,11.9,15.9,11.9,12,11.8,11.8,11.8,12,12.1,11.9,11.8,15.9,12.1,11.8,11.7,11.7,11.8,11.8,11.8,11.9,11.9,15.9,11.8,11.9,11.8,11.6,11.8,11.8,11.8,11.8,11.7,16,11.9,11.7,11.7,11.7,11.7,11.6,11.6,11.6,11.7,15.9,11.8,11.8,11.7,11.7,11.7,11.8,11.9,11.8,11.8,15.9,11.8,11.7,11.8,12.2,11.8,11.8,8.04,8.04
0.0000174,15.9,11.9,11.9,12,11.9,11.8,11.8,12,11.9,11.8,11.8,16,11.9,12,11.9,11.8,12,12,11.9,11.8,11.9,15.9,11.8,12,11.8,11.9,11.9,11.8,11.9,11.8,12,15.9,11.7,11.9,11.9,11.9,11.8,11.7,11.8,12,11.9,16,11.9,12,11.8,11.8,11.8,12,12.1,11.9,11.8,16,12.2,11.8,11.8,11.8,11.8,11.8,11.9,11.9,11.9,16,11.8,11.8,11.8,11.6,11.8,11.8,11.7,11.8,11.6,16,11.8,11.7,11.6,11.8,11.7,11.6,11.7,11.6,11.7,15.9,11.8,11.8,11.8,11.7,11.7,11.8,11.9,11.7,11.8,16,11.8,11.7,11.8,12.2,11.9,11.8,8.04,8.09
0.0000176,15.9,11.9,11.9,12,11.8,11.9,11.8,12,11.9,11.8,11.9,15.9,11.9,11.9,11.9,11.8,11.9,12,11.9,11.9,12,15.9,11.8,11.9,11.8,11.9,11.8,11.8,11.9,11.8,11.8,16,11.8,11.9,11.9,12,11.9,11.7,11.9,11.9,11.8,15.9,11.9,12,11.8,11.8,11.8,11.9,12.1,11.9,11.7,15.9,12.1,11.8,11.7,11.8,11.8,11.9,11.8,11.8,11.8,15.9,11.8,11.8,11.8,11.6,11.8,11.7,11.7,11.8,11.5,15.9,11.8,11.7,11.7,11.8,11.7,11.6,11.7,11.6,11.7,15.9,11.7,11.7,11.8,11.7,11.8,11.8,11.8,11.6,11.8,15.9,11.8,11.8,11.9,12.1,11.9,11.8,8.04,8.04
0.0000178,16,11.8,11.9,12.1,11.8,12,11.9,12,11.9,11.8,11.9,15.9,11.9,12,12,11.8,11.9,12,11.8,11.8,12,15.9,11.8,11.9,11.8,11.9,11.9,11.8,11.8,11.9,11.9,15.9,11.8,11.9,11.9,12,11.9,11.8,11.8,11.9,11.9,16,11.9,12,11.8,11.8,11.9,11.9,12,11.9,11.7,16,12.1,11.8,11.8,11.8,11.8,12,11.8,11.8,11.8,15.9,11.8,11.7,11.8,11.6,11.8,11.7,11.7,11.8,11.5,15.9,11.7,11.7,11.7,11.7,11.8,11.7,11.8,11.7,11.7,15.9,11.8,11.6,11.8,11.7,11.8,11.8,11.8,11.5,11.8,16,11.8,11.8,11.9,12,12,11.9,8.09,8.09
0.000018,16,11.9,11.9,12,11.8,11.9,11.9,11.9,11.9,11.9,11.8,15.9,11.8,11.9,12,11.9,12,11.9,11.8,11.9,12,15.9,11.8,11.9,11.9,11.9,11.9,11.9,11.8,11.9,11.8,16,11.8,11.9,11.9,12,11.9,11.8,11.8,12,11.8,16,11.9,12.1,11.8,11.8,11.9,11.8,11.8,11.9,11.7,15.9,12,11.8,11.8,12,11.9,12,11.8,11.8,11.7,16,11.7,11.7,11.8,11.7,11.8,11.7,11.7,11.8,11.5,15.9,11.7,11.8,11.7,11.7,11.7,11.7,11.8,11.7,11.7,15.9,11.7,11.6,11.8,11.7,11.8,11.8,11.8,11.5,11.8,15.9,11.8,11.7,11.8,12,12,11.8,8.09,8.04
0.0000182,16,11.9,11.9,12,11.9,11.8,12,11.9,11.9,11.9,11.9,16,11.8,11.9,12,12,11.9,11.9,11.8,11.9,12,15.9,11.9,11.9,11.9,12,11.9,11.9,11.8,11.9,11.8,16,11.8,12,11.9,11.9,11.9,11.9,11.8,11.9,11.8,15.9,11.9,12,11.9,11.8,12,11.8,11.8,11.8,11.8,15.9,11.9,11.8,11.8,11.9,11.9,11.9,11.8,11.7,11.8,16,11.8,11.7,11.8,11.8,11.8,11.7,11.8,11.8,11.6,15.9,11.6,11.8,11.8,11.7,11.7,11.8,11.8,11.7,11.7,15.9,11.8,11.7,11.8,11.8,11.8,11.7,11.8,11.6,11.8,16,11.8,11.7,11.9,11.9,12,11.8,8.09,8.04
0.0000184,15.9,11.9,11.9,12,12,11.9,12,11.9,11.8,11.9,11.9,15.9,11.8,11.8,12,12,11.9,11.9,11.9,11.9,11.9,16,11.9,11.9,11.9,11.9,11.9,11.9,11.8,11.9,11.8,15.9,11.7,12,11.9,11.9,11.9,12,11.9,12,11.9,15.9,11.8,12,11.8,11.8,11.9,11.8,11.8,11.9,11.8,15.9,11.8,11.8,11.8,12,11.9,11.9,11.7,11.7,11.8,15.9,11.8,11.7,11.7,11.8,11.7,11.7,11.8,11.8,11.7,16,11.6,11.9,11.7,11.6,11.7,11.7,11.8,11.7,11.7,15.9,11.8,11.7,11.8,11.9,11.8,11.8,11.7,11.7,11.8,16,11.8,11.8,11.8,11.9,12,11.9,8.04,8.04
0.0000186,15.9,11.9,11.9,12,12.2,11.9,12,11.8,11.9,11.9,11.9,16,11.8,11.9,11.9,12,11.9,12,11.8,11.8,11.9,15.9,12,11.9,11.9,11.9,11.9,11.9,11.8,11.9,11.8,15.9,11.6,12,11.9,11.9,11.8,12,12,12,11.9,15.9,11.8,11.9,11.9,11.8,12,11.9,11.8,11.9,11.8,15.9,11.8,11.8,11.8,12,11.9,11.8,11.7,11.8,11.7,16,11.8,11.8,11.8,11.8,11.7,11.8,11.8,11.8,11.8,16,11.6,11.8,11.8,11.6,11.7,11.8,11.8,11.7,11.7,15.9,11.8,11.7,11.7,11.9,11.8,11.7,11.7,11.8,11.8,16,11.8,11.8,11.8,11.8,11.9,11.8,8.04,8.09
0.0000188,15.9,11.8,11.8,11.9,12.2,11.9,11.9,11.8,11.8,11.9,11.8,16,11.8,11.9,11.9,11.9,11.9,11.9,11.9,11.8,11.8,16,12,11.9,11.9,11.9,12,12,11.8,11.9,11.9,15.9,11.7,12,11.8,11.9,11.8,12,11.9,11.9,11.9,16,11.9,11.8,11.9,11.8,12,11.9,11.9,11.9,11.8,16,11.7,11.8,11.8,11.9,11.9,11.7,11.8,11.8,11.8,15.9,11.8,11.7,11.7,11.8,11.6,11.8,11.9,11.8,11.8,15.9,11.6,11.8,11.8,11.7,11.6,11.7,11.8,11.8,11.7,15.9,11.8,11.8,11.6,11.9,11.8,11.8,11.7,11.8,11.8,16,11.8,11.8,11.8,11.8,11.9,11.8,8.04,8.04
0.000019,15.9,11.9,11.8,11.9,12.1,11.9,11.9,11.8,11.9,11.9,11.9,15.9,11.8,11.9,11.8,11.8,12,11.9,11.8,11.8,11.8,15.9,11.9,11.9,11.9,11.9,12,11.9,11.9,11.8,11.9,16,11.6,11.9,11.9,11.9,11.9,11.9,11.9,11.9,11.9,15.9,11.9,11.8,11.9,11.8,11.9,11.9,12,11.8,11.8,15.9,11.7,11.8,11.8,11.9,11.9,11.7,11.8,11.9,11.8,15.9,11.8,11.8,11.8,11.8,11.6,11.8,11.8,11.8,11.9,16,11.7,11.8,11.8,11.6,11.7,11.8,11.8,11.8,11.7,15.9,11.8,11.8,11.6,11.9,11.8,11.8,11.8,11.8,11.8,15.9,11.8,11.8,11.8,11.8,11.8,11.8,8.09,8.09
0.0000192,15.9,11.9,11.8,11.9,12,11.8,11.9,11.8,11.9,11.9,11.9,15.9,11.8,11.9,11.8,11.8,12,11.9,11.9,11.8,11.8,16,11.9,11.9,11.9,11.9,12,11.9,11.9,11.9,12,15.9,11.6,11.9,11.9,11.9,11.8,11.8,11.9,11.9,11.9,16,11.8,11.8,11.9,11.8,11.9,11.9,12.1,11.8,11.8,16,11.8,11.8,11.8,11.8,11.9,11.7,11.8,12,11.8,16,11.8,11.8,11.7,11.8,11.6,11.8,11.8,11.8,11.9,16,11.7,11.8,11.8,11.7,11.6,11.7,11.7,11.8,11.7,16,11.8,11.8,11.6,11.8,11.7,11.7,11.8,11.9,11.8,15.9,11.8,11.8,11.8,11.8,11.8,11.8,8.09,8.04
0.0000194,15.9,11.9,11.8,11.9,12,11.8,11.9,11.9,11.9,11.8,11.8,15.9,11.9,11.8,11.8,11.8,12,11.9,11.8,11.8,11.8,15.9,11.9,11.9,11.9,11.9,11.9,11.8,11.9,11.8,12,15.9,11.7,11.8,12,11.9,11.7,11.8,11.9,11.9,11.9,15.9,11.9,11.8,11.9,11.8,11.9,11.9,12.1,11.8,11.8,15.9,11.9,11.8,11.8,11.8,12,11.7,11.8,12,11.8,16,11.8,11.8,11.8,11.8,11.7,11.8,11.8,11.8,11.9,15.9,11.8,11.7,11.8,11.7,11.7,11.7,11.7,11.7,11.7,15.9,11.8,11.8,11.6,11.8,11.7,11.7,11.8,11.8,11.8,15.9,11.8,11.8,11.8,11.8,11.9,11.8,8.04,8.04
0.0000196,15.9,11.9,11.9,11.9,11.9,11.9,11.8,12,11.9,11.8,11.8,15.9,12,11.9,11.8,11.8,12,11.9,11.9,11.8,11.8,16,11.9,11.9,11.9,11.9,11.9,11.9,11.9,11.8,12,15.9,11.8,11.8,12,11.9,11.8,11.7,11.9,12,11.9,15.9,11.9,12,11.9,11.8,11.8,11.9,12.1,11.8,11.8,16,11.9,11.8,11.8,11.8,12,11.7,11.8,12,11.8,16,11.8,11.9,11.7,11.8,11.7,11.8,11.7,11.8,11.8,16,11.8,11.7,11.8,11.6,11.7,11.7,11.8,11.7,11.7,15.9,11.8,11.8,11.7,11.8,11.7,11.8,11.8,11.8,11.8,15.9,11.8,11.8,11.8,11.9,11.8,11.8,8.04,8.04
0.0000198,15.9,11.9,11.8,11.9,11.9,11.9,11.7,11.9,11.9,11.8,11.9,16,12,11.9,11.8,11.8,11.9,11.9,11.9,11.8,11.8,15.9,11.9,11.8,11.9,12,11.9,11.9,11.9,11.8,12,15.9,11.9,11.8,12,11.9,11.8,11.8,11.9,12,11.9,15.9,11.9,12,11.9,11.9,11.8,11.9,12.1,11.9,11.8,16,12,11.8,11.8,11.8,12,11.8,11.8,11.9,11.8,15.9,11.8,11.8,11.7,11.8,11.8,11.8,11.6,11.8,11.7,16,11.8,11.6,11.8,11.7,11.7,11.8,11.7,11.7,11.7,16,11.8,11.8,11.7,11.7,11.8,11.7,11.9,11.8,11.8,15.9,11.8,11.8,11.8,11.9,11.8,11.8,8.04,8.04
0.00002,16,11.9,11.9,11.9,11.9,11.8,11.7,12,11.9,11.8,11.8,15.9,11.9,11.9,11.8,11.8,11.9,12,11.9,11.9,11.9,15.9,11.9,11.9,12,11.9,11.8,11.9,12,11.8,11.9,15.9,12,11.8,12,11.9,11.8,11.8,11.9,12,11.9,15.9,12,12,11.9,11.8,11.8,12,12,11.9,11.8,16,12,11.8,11.8,11.8,11.9,11.8,11.8,11.8,11.9,15.9,11.8,11.9,11.7,11.8,11.8,11.7,11.6,11.8,11.7,15.9,11.8,11.7,11.9,11.7,11.8,11.8,11.8,11.7,11.7,16,11.8,11.6,11.8,11.7,11.8,11.8,11.8,11.6,11.8,16,11.8,11.7,11.8,11.9,11.9,11.8,8.04,8.09
0.0000202,15.9,11.9,11.9,11.9,11.8,11.8,11.6,11.9,12,11.8,11.9,15.9,11.9,11.9,11.9,11.9,12,12,11.9,11.8,11.9,16,11.9,11.9,11.9,11.9,11.8,11.9,12,11.8,11.9,16,12,11.8,11.9,11.9,11.8,11.8,11.9,12,11.8,15.9,12,12.1,11.9,11.9,11.8,11.9,11.9,11.9,11.8,16,12,11.8,11.9,11.8,11.9,11.9,11.8,11.7,11.9,16,11.8,11.9,11.8,11.8,11.8,11.8,11.6,11.7,11.6,15.9,11.8,11.7,11.8,11.7,11.7,11.8,11.7,11.7,11.7,15.9,11.7,11.6,11.8,11.7,11.8,11.8,11.8,11.6,11.8,15.9,11.8,11.7,11.8,11.9,11.9,11.8,8.04,8.09
0.0000204,15.9,11.9,11.9,11.9,11.9,11.9,11.6,12,12,11.9,11.9,15.9,11.9,11.9,11.9,11.9,11.9,12,11.8,11.8,11.8,15.9,12,11.9,11.9,12,11.9,11.9,12,11.8,11.9,15.9,12,11.9,12,11.9,11.8,11.9,11.9,12,11.9,15.9,12,12.1,11.9,11.9,11.9,12,11.8,11.9,11.8,16,12,11.8,11.9,11.9,11.9,11.9,11.8,11.7,11.9,16,11.8,11.8,11.7,11.8,11.8,11.7,11.8,11.8,11.7,15.9,11.7,11.8,11.8,11.7,11.7,11.8,11.7,11.8,11.7,15.9,11.8,11.6,11.9,11.7,11.8,11.8,11.8,11.6,11.8,15.9,11.8,11.8,11.8,11.8,12,11.9,8.09,8.04
0.0000206,16,11.9,11.9,12,12,11.8,11.6,11.9,12,11.9,11.9,15.9,11.9,11.9,12,12,11.9,12,11.9,11.8,11.9,15.9,11.9,11.9,11.9,11.9,11.9,11.9,11.9,11.9,11.9,15.9,11.9,11.9,12,11.9,11.9,12,11.9,12,11.9,16,12,12,11.8,11.9,11.9,12,11.8,12,11.8,15.9,11.9,11.8,12,11.9,11.9,11.9,11.8,11.6,11.9,16,11.8,11.8,11.8,11.8,11.8,11.8,11.7,11.8,11.8,15.9,11.7,11.8,11.8,11.8,11.8,11.8,11.8,11.7,11.8,15.9,11.8,11.6,11.8,11.7,11.8,11.7,11.8,11.5,11.8,15.9,11.8,11.7,11.9,11.9,11.9,11.8,8.04,8.04
0.0000208,16,11.9,12,11.9,12,11.8,11.6,11.9,12,11.9,11.9,15.9,11.9,11.9,12,12,11.9,11.9,12,11.8,11.9,16,11.9,11.9,11.9,12,11.9,11.9,11.8,11.9,11.9,15.9,11.8,12,12,12,12,12,11.9,12,12,16,12,12,11.9,11.8,11.9,12,11.8,12,11.8,16,11.8,11.8,11.9,11.9,11.9,11.9,11.7,11.7,11.9,15.9,11.8,11.8,11.8,11.8,11.8,11.8,11.8,11.8,11.8,16,11.7,11.8,11.7,11.7,11.7,11.8,11.8,11.7,11.7,15.9,11.8,11.6,11.8,11.7,11.8,11.8,11.8,11.6,11.8,15.9,11.8,11.7,11.9,11.8,11.9,11.8,8.09,8.04
0.000021,15.9,11.9,12,11.9,12,11.8,11.7,11.9,12,11.9,11.8,16,11.9,11.9,12,12,11.9,11.9,11.9,11.9,11.9,15.9,11.8,11.9,11.9,11.9,11.9,11.9,11.8,11.9,11.9,15.9,11.8,12,11.9,11.9,12,12,11.9,12,12,16,12,11.9,11.8,11.8,11.9,11.8,11.9,11.9,11.9,15.9,11.8,11.8,11.9,11.9,11.9,11.9,11.7,11.8,11.8,16,11.8,11.8,11.8,11.8,11.8,11.8,11.8,11.8,11.9,16,11.6,11.8,11.6,11.8,11.7,11.7,11.8,11.7,11.8,15.9,11.8,11.6,11.8,11.8,11.8,11.8,11.8,11.6,11.9,16,11.8,11.7,11.9,11.9,11.9,11.8,8.04,8.09
0.0000212,15.9,11.9,11.9,12,12,11.9,11.7,11.9,11.9,12,11.9,15.9,11.9,11.9,12,11.9,12,11.9,11.9,11.8,11.9,15.9,11.9,11.8,11.9,11.9,11.9,11.9,11.7,11.9,11.9,16,11.7,12,11.9,11.9,11.9,12,11.9,11.9,12,16,11.9,11.9,11.8,11.9,11.8,11.9,12,11.9,11.8,15.9,11.8,11.8,11.8,11.9,11.9,11.8,11.7,11.8,11.8,16,11.8,11.7,11.8,11.7,11.8,11.8,11.8,11.8,11.9,15.9,11.6,11.8,11.6,11.8,11.7,11.7,11.8,11.7,11.8,15.9,11.8,11.8,11.7,11.7,11.8,11.8,11.8,11.7,11.9,16,11.9,11.8,11.9,11.9,11.9,11.9,8.09,8.04
0.0000214,15.9,11.8,11.9,12,11.9,11.8,11.8,11.8,11.9,11.9,11.8,16,11.9,11.8,11.9,11.8,11.9,11.9,12,11.9,11.9,15.9,11.9,11.9,11.8,11.8,11.9,12,11.8,11.8,11.9,15.9,11.8,11.9,11.9,11.9,11.9,11.9,11.9,11.9,12,16,11.9,11.8,11.8,11.9,11.9,11.9,12,11.9,11.8,15.9,11.8,11.8,11.8,11.9,12,11.8,11.8,12,11.8,15.9,11.8,11.7,11.9,11.7,11.8,11.8,11.8,11.8,12,15.9,11.7,11.8,11.6,11.8,11.6,11.6,11.8,11.7,11.8,16,11.8,11.8,11.6,11.7,11.8,11.8,11.8,11.7,11.9,16,11.9,11.8,11.9,11.9,11.8,11.9,8.09,8.04
0.0000216,15.9,11.8,11.9,12,11.8,11.8,11.8,11.9,11.9,11.9,11.8,15.9,11.9,11.9,12,11.8,11.9,11.8,11.9,11.9,11.9,15.9,11.9,11.9,11.8,11.8,11.9,11.9,11.8,11.9,11.9,15.9,11.8,12,11.9,11.9,11.8,11.9,11.9,11.8,12,15.9,11.8,11.9,11.9,11.9,11.9,11.9,12.1,11.9,11.9,16,11.8,11.8,11.8,12,12,11.8,11.8,12,11.8,15.9,11.8,11.7,11.8,11.7,11.8,11.8,11.8,11.8,12,15.9,11.7,11.7,11.6,11.7,11.6,11.6,11.8,11.7,11.8,15.9,11.8,11.8,11.6,11.7,11.8,11.9,11.8,11.8,11.8,15.9,11.9,11.8,12,11.9,11.8,11.9,8.04,8.09
0.0000218,15.9,11.8,11.9,12,11.9,11.9,11.8,11.8,11.9,11.9,11.8,16,11.9,11.9,11.9,11.8,12,11.8,11.9,11.9,11.8,15.9,11.9,11.8,11.8,11.8,11.9,11.9,11.8,11.9,11.9,15.9,12,11.9,12,11.9,11.8,11.8,11.8,11.9,11.9,15.9,11.9,11.9,11.9,11.9,11.9,11.9,12.1,11.9,11.8,16,11.9,11.8,11.8,11.9,12,11.8,11.8,12,11.9,15.9,11.8,11.8,11.8,11.7,11.8,11.8,11.8,11.8,11.9,15.9,11.7,11.7,11.7,11.6,11.7,11.6,11.8,11.7,11.7,15.9,11.8,11.8,11.5,11.7,11.8,11.9,11.7,11.8,11.8,15.9,11.9,11.8,12,11.9,11.8,11.9,8.04,8.13
0.000022,15.9,11.7,11.9,12,11.9,11.9,11.8,11.9,11.9,12,11.8,16,11.8,11.9,11.9,11.8,11.9,11.9,11.9,12,11.8,15.9,11.9,11.9,11.8,11.8,11.9,11.9,11.9,11.8,12,16,12,11.9,11.9,11.8,11.8,11.8,11.9,11.8,11.8,15.9,11.9,12,11.8,11.9,11.9,12,12,11.8,11.9,15.9,12,11.8,11.8,11.9,12,11.8,11.9,11.9,11.8,16,11.8,11.8,11.8,11.7,11.8,11.8,11.7,11.8,11.8,15.9,11.7,11.6,11.8,11.6,11.7,11.6,11.7,11.7,11.7,16,11.8,11.8,11.5,11.8,11.8,11.9,11.7,11.8,11.7,16,11.8,11.8,11.9,11.9,11.9,11.9,8.09,8.22
0.0000222,16,11.8,11.9,11.9,11.9,11.9,11.9,11.9,11.9,11.9,11.8,15.9,11.8,11.9,11.9,11.8,11.9,12,11.8,11.9,11.8,15.9,11.9,11.9,11.7,11.9,11.9,11.9,12,11.8,11.9,15.9,12.1,11.8,12,11.8,11.8,11.8,11.9,11.8,11.8,15.9,11.9,12,11.8,12,11.8,12,11.9,11.8,11.8,16,11.9,11.8,11.9,11.9,11.9,11.8,11.9,11.9,11.8,16,11.8,11.9,11.8,11.8,11.8,11.8,11.7,11.8,11.7,16,11.8,11.7,11.8,11.6,11.7,11.6,11.7,11.7,11.6,15.9,11.8,11.7,11.6,11.8,11.8,11.9,11.7,11.8,11.7,15.9,11.8,11.8,11.9,11.9,11.9,11.8,8.04,8.26
0.0000224,16,11.8,11.9,11.8,11.9,11.8,11.9,12,11.9,12,11.9,16,11.9,11.9,11.9,11.8,11.9,12,11.7,11.8,11.8,16,11.9,11.8,11.7,12,11.9,11.8,12,11.8,11.9,15.9,12,11.8,12,11.8,11.8,11.8,11.9,11.8,11.8,15.9,11.9,12.1,11.9,11.9,11.9,12,11.9,11.9,11.8,16,11.9,11.8,11.9,11.8,11.9,11.9,11.8,11.8,11.9,16,11.8,11.9,11.8,11.8,11.7,11.8,11.8,11.8,11.7,15.9,11.8,11.7,11.8,11.6,11.7,11.7,11.8,11.6,11.6,16,11.8,11.8,11.6,11.8,11.8,11.9,11.7,11.8,11.6,15.9,11.8,11.8,11.8,11.8,12,11.8,8.22,8.26
0.0000226,15.9,11.8,11.9,11.8,11.9,11.8,11.8,11.9,11.9,11.9,11.9,16,11.9,11.9,11.9,11.8,11.8,12.1,11.7,11.8,11.8,15.9,11.9,11.8,11.7,12,12,11.8,12,11.9,11.9,15.9,12,11.9,12,11.9,11.8,11.8,11.9,11.8,11.8,15.9,11.9,12.1,11.8,11.9,11.8,12.1,11.8,11.8,11.8,16,11.8,11.8,11.8,11.8,11.9,11.9,11.9,11.8,11.9,16,11.8,11.9,11.7,11.9,11.7,11.7,11.7,11.8,11.7,15.9,11.7,11.8,11.8,11.7,11.7,11.7,11.8,11.6,11.6,16,11.8,11.7,11.7,11.8,11.8,11.8,11.8,11.8,11.6,16,11.9,11.8,11.8,11.8,12,11.8,8.22,8.22
0.0000228,16,11.9,11.9,11.8,11.9,11.8,11.8,11.9,11.9,11.9,11.9,16,12,11.9,11.9,11.8,11.9,12.1,11.8,11.9,11.8,16,11.9,11.8,11.8,12,12,11.9,12,11.8,11.9,16,11.8,11.8,12,11.9,11.8,12,11.9,11.9,11.8,16,11.9,12,11.9,11.8,11.8,12,11.8,11.9,11.8,15.9,11.9,11.8,11.8,11.8,11.8,11.9,11.9,11.7,11.8,15.9,11.7,11.9,11.8,11.9,11.8,11.7,11.7,11.7,11.7,15.9,11.7,11.8,11.8,11.7,11.7,11.7,11.8,11.7,11.7,16,11.8,11.7,11.7,11.8,11.8,11.8,11.8,11.8,11.7,16,11.8,11.8,11.7,11.8,12,11.9,8.26,8.3
0.000023,15.9,12,11.9,11.8,11.9,11.8,11.8,11.9,11.9,12,11.9,16,12,11.8,12,11.9,11.9,12.1,11.8,11.9,11.9,15.9,11.9,11.8,11.8,12,12,11.9,11.9,11.8,11.9,15.9,11.8,11.9,12,11.9,11.9,12,11.8,12,11.8,15.9,11.9,12,11.9,11.8,11.9,12,11.7,11.8,11.8,15.9,11.8,11.8,11.8,11.9,11.8,11.9,11.8,11.8,11.9,15.9,11.7,11.9,11.8,12,11.8,11.6,11.8,11.7,11.8,16,11.7,11.8,11.8,11.8,11.6,11.7,11.8,11.6,11.7,16,11.8,11.7,11.8,11.8,11.8,11.7,11.8,11.8,11.7,16,11.8,11.8,11.8,11.9,12,11.8,8.26,8.26
0.0000232,15.9,12,11.9,11.9,12,11.9,11.8,11.9,11.9,11.9,11.9,16,12,11.8,12,11.9,11.9,12.1,11.8,11.8,11.9,15.9,11.9,11.8,11.8,12,12,11.9,11.8,11.9,11.8,15.9,11.7,11.8,12,11.9,11.9,12,11.9,12,11.9,15.9,11.9,11.9,11.9,11.8,11.9,12,11.7,11.9,11.8,15.9,11.9,11.8,11.7,11.8,11.8,11.9,11.8,11.8,11.8,16,11.7,11.8,11.8,11.9,11.8,11.7,11.8,11.7,11.8,15.9,11.7,11.8,11.7,11.8,11.6,11.7,11.8,11.6,11.7,15.9,11.7,11.7,11.8,11.8,11.8,11.7,11.8,11.8,11.8,15.9,11.8,11.9,11.8,11.8,11.9,11.8,8.26,8.26
0.0000234,15.9,12,11.9,11.9,11.9,11.9,11.8,11.9,11.8,11.9,12,15.9,12.1,11.9,12,11.9,11.9,12.1,11.9,11.9,11.9,16,12,11.8,11.8,12,12,11.9,11.7,12,11.9,15.9,11.7,11.8,12,11.9,11.8,12,11.9,12,12,15.9,11.9,11.8,11.8,11.8,11.9,12,11.7,11.9,11.7,15.9,11.9,11.8,11.7,11.9,11.8,11.9,11.8,11.8,11.8,16,11.7,11.8,11.8,11.8,11.8,11.7,11.8,11.7,11.8,16,11.8,11.8,11.7,11.8,11.6,11.7,11.8,11.7,11.8,15.9,11.8,11.7,11.8,11.8,11.8,11.6,11.8,11.8,11.8,16,11.9,11.8,11.8,11.8,11.8,11.8,8.22,8.22
0.0000236,16,12,11.9,12,11.9,11.9,11.8,11.9,11.8,12,11.9,15.9,12,11.9,12,11.9,11.9,12,12,11.8,11.9,15.9,12,11.8,12,11.8,12,11.9,11.7,12,12,15.9,11.7,11.8,12,11.9,11.9,12,11.8,12,12,15.9,11.9,11.8,11.8,11.8,11.9,11.9,11.8,11.8,11.7,15.9,11.9,11.8,11.8,11.9,11.8,11.9,11.7,11.9,11.8,16,11.7,11.8,11.8,11.8,11.8,11.6,11.8,11.8,11.8,15.9,11.7,11.7,11.7,11.8,11.6,11.7,11.8,11.7,11.8,15.9,11.7,11.7,11.8,11.8,11.8,11.6,11.8,11.8,11.8,15.9,11.8,11.9,11.9,11.8,11.8,11.8,8.26,8.3
0.0000238,15.9,11.9,11.9,12,11.9,11.9,11.8,11.9,11.8,12,11.9,15.9,12,12,12,11.8,11.9,12,12,11.8,11.9,16,11.9,11.9,12,11.8,11.9,11.9,11.7,12,11.9,15.9,11.8,11.9,11.9,11.9,11.9,11.9,11.9,12,12,15.9,11.8,11.9,11.9,11.7,11.9,11.9,11.8,11.9,11.8,15.9,12,11.8,11.8,12,11.9,11.9,11.7,11.8,11.8,16,11.7,11.8,11.8,11.9,11.8,11.7,11.8,11.8,11.8,15.9,11.7,11.8,11.7,11.7,11.7,11.7,11.8,11.7,11.8,15.9,11.8,11.8,11.8,11.7,11.8,11.7,11.8,11.7,11.9,15.9,11.8,11.9,11.8,11.8,11.7,11.9,8.22,8.26
0.000024,15.9,11.9,12,12,12,11.8,11.9,11.8,11.8,11.9,11.9,15.9,11.9,11.9,11.9,11.8,11.9,11.9,12,11.8,11.8,16,12,12,12,11.8,12,11.8,11.7,12,11.9,15.9,11.8,11.8,11.9,11.9,11.8,11.9,11.9,12,12,15.9,11.8,12,11.8,11.7,11.9,11.8,11.8,11.9,11.8,15.9,12,11.8,11.8,11.9,11.9,11.8,11.7,11.9,11.8,15.9,11.8,11.8,11.8,11.9,11.7,11.7,11.8,11.8,11.8,15.9,11.6,11.8,11.6,11.7,11.7,11.7,11.8,11.7,11.8,15.9,11.8,11.8,11.7,11.7,11.8,11.7,11.8,11.7,12,15.9,11.8,11.8,11.9,11.8,11.7,11.8,8.3,8.26
0.0000242,15.9,11.8,12,11.9,12,11.8,12,11.8,11.9,11.9,11.8,15.9,11.8,11.9,11.9,11.8,11.9,11.8,12,11.8,11.9,15.9,12,12,12,11.8,12,11.9,11.8,11.9,11.9,15.9,11.9,11.9,11.9,11.9,11.8,11.8,11.9,11.9,12,16,11.9,12,11.8,11.8,11.9,11.9,11.8,11.9,11.9,16,11.9,11.8,11.9,11.9,12,11.9,11.8,11.9,11.8,15.9,11.8,11.8,11.7,11.8,11.7,11.7,11.7,11.9,11.8,15.9,11.7,11.8,11.7,11.6,11.8,11.7,11.8,11.7,11.8,15.9,11.8,11.8,11.7,11.7,11.8,11.8,11.7,11.8,11.9,15.9,11.8,11.8,11.9,11.8,11.8,11.8,8.22,8.3
0.0000244,16,11.6,12,11.9,12,11.9,12,11.8,11.9,12,11.9,15.9,11.8,12,11.8,11.8,11.9,11.8,12,11.8,11.9,16,12,12,12,11.8,11.9,11.8,11.9,12,11.9,16,11.9,11.8,11.8,11.9,11.8,11.8,11.9,11.9,11.9,15.9,11.9,12.1,11.8,11.8,11.9,11.9,11.8,11.8,11.9,16,12,11.8,11.9,11.9,12,11.8,11.8,11.9,11.8,15.9,11.8,11.9,11.8,11.9,11.7,11.7,11.8,11.8,11.8,16,11.6,11.8,11.7,11.6,11.9,11.7,11.8,11.8,11.8,16,11.8,11.8,11.7,11.6,11.8,11.8,11.8,11.8,11.8,15.9,11.8,11.8,11.8,11.9,11.8,11.8,8.3,8.22
0.0000246,15.9,11.7,12,11.9,12.1,11.9,12,11.8,12,11.9,11.9,15.9,11.8,12,11.8,11.8,11.9,11.8,11.8,11.8,11.9,15.9,12,12,11.9,11.9,11.8,11.8,12,11.9,11.9,15.9,11.8,11.8,11.8,11.9,11.8,11.8,11.9,11.9,11.9,16,11.9,12.1,11.8,11.8,11.8,11.9,11.9,11.9,11.9,15.9,12,11.8,11.9,11.9,12,11.8,11.8,11.9,11.8,15.9,11.9,11.9,11.8,11.9,11.8,11.7,11.8,11.8,11.8,15.9,11.7,11.8,11.7,11.6,11.8,11.7,11.8,11.8,11.7,15.9,11.9,11.8,11.7,11.7,11.7,11.9,11.7,11.7,11.8,15.9,11.8,11.8,11.8,11.9,11.9,11.8,8.26,8.3
0.0000248,16,11.7,12,11.8,12,11.8,12,11.8,12,11.9,11.8,15.9,11.8,11.9,11.8,11.8,11.9,11.8,11.8,11.8,12,15.9,12,11.9,11.9,11.9,11.8,11.9,12,11.9,12,15.9,11.8,11.8,11.8,11.9,11.8,11.8,11.9,11.9,11.8,15.9,11.9,12.1,11.7,11.8,11.8,11.9,11.9,11.8,11.9,15.9,12,11.8,11.8,11.9,11.9,11.8,11.8,11.9,11.8,15.9,11.9,11.8,11.8,11.8,11.7,11.8,11.8,11.8,11.8,16,11.8,11.8,11.7,11.6,11.7,11.7,11.8,11.8,11.7,15.9,11.8,11.8,11.7,11.8,11.7,12,11.8,11.7,11.8,16,11.8,11.9,11.8,12,12,11.8,8.22,8.35
0.000025,16,11.7,11.9,11.8,12,11.9,12.1,11.8,12,11.9,11.9,15.9,11.9,11.8,11.8,11.9,11.9,11.8,11.9,11.9,11.9,15.9,11.9,11.8,11.9,11.9,11.8,11.8,12,11.8,12,15.9,11.8,11.8,11.8,11.8,11.9,11.8,11.9,11.9,11.8,16,12,12.2,11.7,11.8,11.8,12,11.9,11.8,11.9,15.9,12,11.8,11.7,11.9,11.9,11.8,11.9,11.8,11.8,15.9,11.9,11.8,11.8,11.8,11.7,11.8,11.7,11.8,11.8,16,11.8,11.8,11.7,11.6,11.7,11.8,11.8,11.8,11.7,15.9,11.9,11.8,11.7,11.8,11.8,11.9,11.8,11.7,11.7,15.9,11.9,11.8,11.8,11.9,12,11.9,8.3,8.3
0.0000252,16,11.8,11.9,11.8,11.9,11.9,12,11.8,12,11.9,11.9,15.9,11.9,11.7,11.7,11.8,11.9,11.9,11.9,11.9,12,15.9,11.9,11.8,11.8,12,11.8,11.9,12,11.8,12,15.9,11.7,11.8,11.8,11.8,11.9,11.9,11.9,11.9,11.8,15.9,11.9,12.2,11.7,11.7,11.8,12,11.9,11.8,11.9,15.9,11.9,11.8,11.7,11.9,11.9,11.9,11.8,11.8,11.9,16,11.9,11.8,11.8,11.8,11.8,11.8,11.8,11.6,11.7,15.9,11.8,11.8,11.7,11.6,11.6,11.8,11.8,11.8,11.6,15.9,11.9,11.7,11.7,11.8,11.8,11.9,11.8,11.7,11.7,16,11.8,11.8,11.9,11.9,12,11.8,8.3,8.35
0.0000254,15.9,11.8,11.9,11.8,12,11.9,11.9,11.8,11.9,11.9,11.8,15.9,12,11.7,11.8,11.9,11.9,11.9,11.9,12,12,15.9,11.9,11.8,11.8,12,11.8,11.9,12,11.8,12,15.9,11.7,11.9,11.8,11.9,12,11.8,11.9,11.9,11.8,15.9,11.9,12.1,11.7,11.7,11.8,12,12,11.9,11.9,15.9,11.9,11.9,11.6,11.9,11.9,11.9,11.8,11.8,11.8,16,11.8,11.8,11.8,11.7,11.8,11.8,11.7,11.6,11.8,15.9,11.8,11.8,11.7,11.6,11.5,11.8,11.8,11.8,11.7,15.9,11.9,11.7,11.7,11.8,11.8,11.8,11.8,11.8,11.8,16,11.8,11.8,11.8,11.9,12,11.8,8.26,8.35
0.0000256,15.9,11.8,11.9,11.8,11.9,11.9,11.9,11.8,11.9,11.9,11.8,16,12,11.7,11.8,11.9,11.9,12,11.9,12,12,15.9,12,11.8,11.8,12,11.8,11.9,11.9,11.8,12,15.9,11.7,11.9,12,11.8,12,11.9,11.9,12,11.8,15.9,11.8,12,11.8,11.7,11.8,11.9,11.9,11.9,11.8,16,11.8,11.9,11.6,11.8,11.9,11.9,11.8,11.8,11.8,16,11.8,11.7,11.8,11.7,11.8,11.8,11.8,11.6,11.7,15.9,11.8,11.8,11.7,11.6,11.5,11.8,11.8,11.7,11.7,15.9,11.9,11.7,11.8,11.8,11.8,11.8,11.8,11.8,11.8,15.9,11.8,11.8,11.8,11.8,12,11.9,8.35,8.3
0.0000258,15.9,11.9,11.9,11.9,11.9,12,11.8,11.8,11.9,11.9,11.9,15.9,12,11.8,11.8,11.9,11.9,12,11.9,12,11.9,15.9,12,11.7,11.8,12,11.9,11.9,12,11.9,11.9,15.9,11.8,11.9,12,11.9,12,11.8,11.9,12,11.9,15.9,11.9,11.9,11.9,11.7,11.9,11.9,11.9,11.8,11.8,15.9,11.8,11.8,11.7,11.9,11.9,11.9,11.8,11.8,11.8,15.9,11.7,11.7,11.8,11.7,11.8,11.8,11.8,11.7,11.8,15.9,11.8,11.7,11.8,11.6,11.6,11.8,11.8,11.7,11.7,15.9,11.8,11.7,11.7,11.8,11.8,11.7,11.8,11.8,11.8,15.9,11.8,11.8,11.8,11.8,11.9,11.9,8.26,8.35
0.000026,15.9,11.9,11.9,11.9,11.9,11.9,11.7,11.8,11.8,11.9,11.9,15.9,11.9,11.9,11.9,12,11.9,12.1,11.9,11.9,11.8,16,12,11.8,11.7,12,11.9,11.9,11.8,12,11.9,15.9,11.8,11.9,12,11.9,11.9,11.8,11.9,12.1,11.8,16,12,11.8,11.9,11.8,11.8,11.9,12,11.9,11.8,16,11.8,11.8,11.7,11.9,12,11.9,11.8,11.8,11.8,16,11.8,11.8,11.8,11.7,11.8,11.8,11.8,11.8,11.7,16,11.8,11.7,11.8,11.7,11.6,11.8,11.8,11.6,11.7,15.9,11.8,11.7,11.7,11.8,11.8,11.7,11.8,11.8,11.8,16,11.8,11.8,11.8,11.8,11.9,11.9,8.3,8.3
0.0000262,15.9,11.9,11.9,11.9,11.9,11.9,11.7,11.8,11.8,11.9,11.9,16,11.9,12,11.9,11.9,11.9,12,11.9,11.8,11.8,15.9,12,11.8,11.8,12,11.9,11.9,11.8,12,11.8,15.9,11.8,11.9,12.1,12,11.8,11.8,12,12,11.9,15.9,12,11.8,12,11.8,11.8,11.8,11.9,12,11.8,16,11.8,11.8,11.8,11.9,11.9,11.8,11.8,11.8,11.8,16,11.7,11.8,11.8,11.8,11.8,11.8,11.8,11.8,11.7,15.9,11.8,11.7,11.8,11.7,11.8,11.8,11.8,11.6,11.7,15.9,11.8,11.7,11.7,11.7,11.8,11.6,11.8,11.8,11.9,16,11.8,11.8,11.8,11.9,11.8,11.9,8.35,8.35
0.0000264,15.9,11.9,11.9,12,12,11.9,11.7,11.8,11.8,11.9,12,15.9,11.8,12.1,11.9,11.9,12,12,12,11.8,11.7,15.9,12,11.8,11.8,11.9,11.9,11.8,11.8,12,11.8,15.9,11.9,11.9,12,12,11.8,11.8,12,12,11.9,15.9,12,11.8,12,11.9,11.8,11.8,11.9,11.9,11.7,15.9,11.9,11.8,11.8,11.9,11.9,11.8,11.7,11.8,11.8,15.9,11.8,11.8,11.8,11.9,11.8,11.8,11.7,11.8,11.8,16,11.7,11.7,11.8,11.7,11.8,11.8,11.8,11.6,11.8,15.9,11.8,11.8,11.7,11.8,11.8,11.7,11.8,11.8,11.8,15.9,11.8,11.8,11.8,11.9,11.8,11.9,8.35,8.35
0.0000266,15.9,11.8,12,12,12,11.8,11.7,11.8,11.8,11.9,12,16,11.8,12,12,12,12,11.9,12,11.8,11.7,15.9,11.9,11.9,11.8,11.9,11.9,11.9,11.8,12,11.8,15.9,11.9,11.9,11.9,12,11.7,11.9,11.9,12,11.9,16,12,11.8,12.1,11.9,11.9,11.8,11.9,11.9,11.8,15.9,11.9,11.7,11.9,11.9,11.9,11.8,11.7,11.7,11.8,16,11.8,11.8,11.8,11.9,11.8,11.8,11.7,11.8,11.8,16,11.6,11.7,11.8,11.6,11.8,11.8,11.8,11.6,11.8,15.9,11.7,11.8,11.7,11.7,11.8,11.8,11.8,11.8,11.8,15.9,11.8,11.8,11.8,11.8,11.8,11.9,8.39,8.35
0.0000268,15.9,11.8,12,11.9,12,11.8,11.8,11.9,11.9,11.9,12,16,11.8,12,11.9,11.9,12,11.8,11.9,11.7,11.8,16,11.9,11.9,11.9,12,11.9,11.9,11.8,11.9,11.9,16,11.9,11.9,11.8,11.9,11.8,11.9,11.9,11.9,11.9,16,11.9,11.9,12,12,11.9,11.8,11.9,11.9,11.8,15.9,11.9,11.8,11.9,11.9,11.8,11.8,11.8,11.7,11.8,15.9,11.8,11.8,11.8,12,11.8,11.8,11.7,11.9,11.8,15.9,11.6,11.8,11.8,11.7,11.8,11.8,11.8,11.7,11.7,16,11.7,11.8,11.7,11.6,11.8,11.8,11.8,11.8,11.8,15.9,11.8,11.8,11.8,11.9,11.8,11.8,8.39,8.43
0.000027,15.9,11.8,12,11.9,12,11.8,11.9,11.9,11.9,11.9,12,15.9,11.8,11.9,11.8,11.9,12,11.8,12,11.7,11.8,16,11.9,12,12,11.9,11.9,11.8,11.9,11.9,11.9,16,11.8,11.9,11.8,11.9,11.8,11.9,11.9,11.8,11.9,16,11.9,12,12,12,11.9,11.9,11.9,11.8,11.8,15.9,11.9,11.8,11.9,11.9,11.8,11.9,11.8,11.7,11.9,16,11.8,11.8,11.8,12,11.8,11.8,11.8,11.8,11.8,15.9,11.6,11.8,11.8,11.7,11.8,11.7,11.8,11.7,11.6,15.9,11.7,11.8,11.7,11.7,11.8,11.9,11.8,11.8,11.8,15.9,11.8,11.8,11.8,11.9,11.8,11.9,8.39,8.48
0.0000272,15.9,11.8,12,11.8,12,11.8,12,12,12,11.9,12,15.9,11.8,11.9,11.8,11.8,12,11.7,11.9,11.8,11.8,16,11.9,11.8,12,11.9,11.9,11.9,11.8,11.8,12,15.9,11.8,11.9,11.8,11.8,12,11.9,11.9,11.7,11.8,15.9,11.8,12,11.9,11.9,11.8,11.9,12,11.8,11.9,15.9,11.9,11.9,11.9,11.9,11.8,11.9,11.8,11.7,11.9,15.9,11.9,11.8,11.8,11.9,11.8,11.8,11.8,11.8,11.9,15.9,11.6,11.7,11.7,11.7,11.7,11.7,11.8,11.7,11.6,16,11.7,11.8,11.7,11.7,11.8,11.9,11.7,11.8,11.8,15.9,11.8,11.8,11.8,11.9,11.8,11.9,8.39,8.56
0.0000274,15.9,11.8,11.9,11.8,11.9,11.9,12,12,12,11.9,11.8,15.9,11.8,11.8,11.8,11.8,12,11.8,11.9,11.8,11.8,16,12,11.9,12.1,11.8,11.9,11.8,11.9,11.8,12,16,11.8,11.9,11.8,11.8,12,11.9,11.9,11.7,11.8,16,11.8,12,11.9,11.9,11.8,11.9,12,11.8,12,15.9,11.9,11.9,11.8,11.8,11.8,11.9,11.8,11.7,11.9,16,11.9,11.8,11.8,11.8,11.7,11.8,11.7,11.8,11.9,15.9,11.7,11.8,11.7,11.7,11.6,11.7,11.7,11.8,11.6,15.9,11.8,11.8,11.7,11.7,11.8,11.8,11.7,11.8,11.8,15.9,11.8,11.8,11.8,11.9,11.8,11.9,8.48,8.69
0.0000276,15.9,11.8,11.9,11.8,11.9,12,12,12,12,11.9,11.8,15.9,11.9,11.8,11.8,11.8,11.9,11.8,11.9,11.9,11.9,15.9,12,11.9,12,11.8,11.9,11.8,11.9,11.8,12.1,15.9,11.8,11.9,11.9,11.8,12,11.9,11.9,11.8,11.9,16,11.8,12,11.8,11.8,11.8,11.9,12,11.8,12,15.9,11.8,11.9,11.8,11.9,11.8,11.9,11.8,11.7,11.8,16,11.9,11.8,11.9,11.8,11.8,11.8,11.8,11.8,11.8,15.9,11.8,11.8,11.6,11.7,11.6,11.7,11.7,11.8,11.7,15.9,11.8,11.8,11.7,11.7,11.8,11.8,11.8,11.8,11.8,15.9,11.8,11.7,11.8,11.9,11.8,11.9,8.52,8.87
0.0000278,15.9,11.8,11.8,11.8,11.9,12,11.9,11.9,12,11.9,11.8,15.9,11.9,11.8,11.8,11.8,11.8,11.8,11.9,11.9,11.9,16,12.1,11.8,12,11.8,11.9,11.8,11.8,11.8,12.1,16,11.8,11.9,12,11.8,12,11.9,11.9,11.8,11.9,16,11.8,11.9,11.8,11.8,11.8,12,12,11.8,11.9,15.9,11.9,12,11.8,11.9,11.8,11.9,11.8,11.7,11.8,15.9,11.8,11.8,11.8,11.8,11.7,11.7,11.8,11.8,11.8,15.9,11.8,11.7,11.6,11.7,11.5,11.7,11.7,11.8,11.7,15.9,11.8,11.7,11.7,11.7,11.8,11.8,11.8,11.8,11.8,15.9,11.8,11.7,11.8,11.9,11.8,11.9,8.61,8.95
0.000028,15.9,11.9,11.8,11.8,11.9,12,11.9,11.8,12,11.9,11.8,16,12,11.8,11.8,11.8,11.8,12,11.9,11.9,11.9,15.9,12,11.8,11.9,11.9,11.9,11.8,11.9,11.8,12,15.9,11.8,11.8,12,11.8,12,11.9,11.9,11.8,11.9,16,11.9,11.9,11.8,11.7,11.8,12,12,11.9,11.8,16,11.8,12,11.8,11.8,11.9,11.9,11.8,11.8,11.8,15.9,11.8,11.8,11.8,11.8,11.8,11.7,11.8,11.8,11.8,16,11.8,11.8,11.7,11.7,11.6,11.7,11.6,11.8,11.7,15.9,11.9,11.7,11.7,11.7,11.8,11.9,11.8,11.8,11.8,15.9,11.8,11.7,11.8,11.9,11.8,11.9,8.74,9.12
0.0000282,15.9,11.8,11.8,11.8,12,12,11.9,11.8,12,11.9,11.8,16,12,11.9,11.9,11.8,11.8,12,11.9,11.9,11.9,16,12,11.8,11.9,11.9,11.9,11.8,11.9,11.9,11.9,15.9,11.8,11.9,12,11.9,11.8,11.9,11.9,11.9,11.9,15.9,12,11.9,11.8,11.7,11.9,11.9,11.9,11.8,11.8,15.9,11.8,11.9,11.8,11.9,12,12,11.8,11.8,11.8,15.9,11.8,11.8,11.8,11.8,11.8,11.6,11.7,11.8,11.8,15.9,11.8,11.7,11.6,11.7,11.7,11.7,11.7,11.8,11.7,16,11.9,11.7,11.8,11.7,11.8,11.9,11.8,11.8,11.8,16,11.8,11.7,11.8,11.9,11.9,11.9,8.87,9.25
0.0000284,16,11.9,11.8,11.9,12,12,11.8,11.8,12,11.9,11.9,16,12,12,11.9,11.8,11.8,12,11.9,11.9,11.8,15.9,11.9,11.9,11.8,12,11.9,11.9,11.8,11.8,12,15.9,11.8,11.9,12,11.9,11.8,11.9,11.9,12,11.9,16,12,11.9,11.9,11.8,11.8,11.9,11.9,11.9,11.7,15.9,11.9,11.9,11.8,11.9,12,12,11.8,11.8,11.8,16,11.8,11.8,11.8,11.8,11.8,11.6,11.8,11.8,11.8,16,11.8,11.8,11.7,11.7,11.7,11.7,11.7,11.8,11.7,15.9,11.9,11.7,11.8,11.7,11.8,11.9,11.8,11.8,11.8,15.9,11.8,11.6,11.9,11.9,11.9,11.9,9.04,9.43
0.0000286,15.9,11.9,11.8,11.9,11.9,12,11.8,11.8,11.9,11.9,11.9,16,12,12.1,11.9,11.9,11.8,12.1,11.8,11.8,11.9,15.9,11.9,11.9,11.8,12,11.9,11.9,11.8,12,11.9,15.9,11.8,11.8,12,12,11.8,11.9,11.9,12,11.9,15.9,12.1,11.9,11.9,11.8,11.8,11.8,11.9,11.9,11.7,15.9,11.9,11.8,11.8,11.9,12,12,11.8,11.8,11.8,15.9,11.8,11.8,11.8,11.9,11.8,11.6,11.7,11.8,11.8,15.9,11.7,11.8,11.7,11.8,11.7,11.7,11.7,11.8,11.7,15.9,11.9,11.7,11.8,11.7,11.8,12,11.8,11.7,11.8,15.9,11.8,11.7,11.9,11.9,11.8,11.9,9.17,9.51
0.0000288,16,12,11.8,11.9,11.9,11.9,11.8,11.8,12,12,11.9,15.9,12,12.1,12,11.9,11.8,12,11.9,11.8,11.9,15.9,11.8,12,11.8,12,11.9,11.9,11.8,11.9,11.8,15.9,11.8,11.9,11.9,12,11.8,11.9,12,12.1,11.9,15.9,12,11.9,11.9,11.8,11.9,11.8,11.8,11.8,11.7,15.9,11.9,11.8,11.8,11.9,12,11.9,11.7,11.8,11.8,16,11.8,11.8,11.8,11.9,11.8,11.7,11.7,11.9,11.7,15.9,11.7,11.8,11.7,11.8,11.8,11.7,11.6,11.7,11.7,15.9,11.8,11.7,11.7,11.7,11.8,12,11.8,11.7,11.8,15.9,11.8,11.8,11.9,11.9,11.8,11.9,9.21,9.69
0.000029,15.9,12,11.9,11.9,11.9,11.8,11.7,11.8,11.9,12,12,15.9,11.9,12.1,12,11.8,11.9,12,11.9,11.8,11.9,15.9,11.8,12,11.8,12,11.9,12,11.8,12,11.8,16,11.8,11.8,11.9,12,11.8,11.9,12,12,12,16,12,12,11.9,11.8,11.9,11.8,11.8,11.9,11.7,15.9,11.9,11.8,11.8,11.9,11.9,11.9,11.7,11.8,11.8,16,11.8,11.8,11.8,11.8,11.8,11.7,11.7,11.8,11.8,16,11.7,11.8,11.8,11.8,11.8,11.6,11.6,11.7,11.6,15.9,11.8,11.7,11.7,11.7,11.8,11.9,11.8,11.7,11.8,15.9,11.8,11.8,11.9,11.9,11.8,11.9,9.38,9.73
0.0000292,15.9,12,12,12,11.9,11.9,11.9,11.8,12,12,11.9,15.9,11.9,12,11.9,11.8,12,12,11.9,11.8,11.9,15.9,11.8,12,11.8,12,12,12,11.8,11.9,11.9,16,11.8,11.9,11.9,12,11.8,11.9,11.9,12,11.9,16,12,12,11.9,11.8,11.9,11.8,11.8,11.8,11.8,15.9,11.9,11.8,11.8,11.9,11.8,11.8,11.6,11.8,11.8,15.9,11.7,11.8,11.8,11.8,11.8,11.8,11.7,11.8,11.8,15.9,11.7,11.8,11.8,11.8,11.8,11.6,11.7,11.7,11.6,15.9,11.8,11.8,11.7,11.7,11.8,11.9,11.8,11.8,11.8,15.9,11.8,11.9,11.8,11.9,11.8,11.8,9.56,9.9
0.0000294,15.9,11.9,12,11.9,11.8,11.8,11.8,11.9,12,12,12,15.9,11.9,11.9,12,11.9,12.1,11.9,12,11.8,11.9,15.9,11.8,11.9,11.9,12,12,12,11.8,12,11.9,15.9,11.8,11.9,11.8,12,11.9,11.9,11.9,12,11.9,15.9,11.8,12,12,11.9,11.9,11.9,11.8,11.9,11.9,16,11.9,11.7,11.9,11.9,11.7,11.8,11.7,11.8,11.8,15.9,11.8,11.8,11.9,11.9,11.8,11.8,11.7,11.8,11.8,15.9,11.7,11.8,11.7,11.8,11.7,11.6,11.6,11.7,11.6,15.9,11.8,11.8,11.7,11.7,11.8,11.9,11.8,11.7,11.8,15.9,11.8,12,11.9,11.8,11.9,11.7,9.64,9.99
0.0000296,15.9,11.9,12,11.9,11.8,11.8,11.9,11.9,12,12,11.9,16,11.9,11.9,11.9,11.9,12.1,11.9,11.9,11.8,11.9,15.9,11.8,11.9,11.9,11.9,12,12,11.8,11.9,11.9,15.9,11.8,11.9,11.8,11.9,11.9,11.9,11.9,11.9,11.8,15.9,11.8,11.9,11.9,11.9,11.9,11.9,11.9,11.8,12,15.9,11.9,11.8,11.8,11.9,11.6,11.8,11.6,11.8,11.8,15.9,11.8,11.8,12,11.9,11.7,11.8,11.7,11.8,11.8,16,11.7,11.8,11.7,11.8,11.7,11.6,11.6,11.7,11.7,15.9,11.7,11.8,11.7,11.6,11.8,11.9,11.8,11.8,11.8,15.9,11.8,12,11.9,11.8,11.9,11.7,9.77,10
0.0000298,15.9,11.8,12,11.9,11.8,11.8,12,11.9,12,12,11.8,15.9,11.8,11.8,11.9,11.9,12,11.8,11.9,11.9,11.9,15.9,11.9,11.8,12,11.9,12,11.9,11.8,11.9,12,16,11.8,11.9,11.8,11.9,11.9,11.9,11.9,11.8,11.9,16,11.8,12,11.9,11.9,11.8,12,11.9,11.8,12,16,11.9,11.7,11.8,11.9,11.7,11.8,11.8,11.8,11.8,15.9,11.7,11.8,12,12,11.7,11.8,11.8,11.8,11.8,15.9,11.7,11.7,11.7,11.8,11.6,11.7,11.6,11.8,11.7,16,11.8,11.8,11.7,11.7,11.8,11.8,11.8,11.8,11.8,16,11.8,12,11.9,11.8,11.9,11.7,9.95,10.2
0.00003,16,11.8,11.9,11.9,11.9,11.8,12,11.9,12,12,11.8,16,11.9,11.8,11.9,11.9,12,11.8,11.8,11.8,11.8,16,11.9,11.8,12,11.9,12.1,11.9,11.9,11.9,12,15.9,11.8,11.9,11.8,11.8,12,11.8,11.9,11.8,11.9,15.9,11.8,12,11.9,11.8,11.8,12,12,11.8,12,15.9,11.9,11.8,11.8,11.8,11.7,11.8,11.8,11.8,11.8,15.9,11.7,11.8,12,11.9,11.7,11.8,11.7,11.8,11.8,15.9,11.7,11.6,11.7,11.8,11.6,11.7,11.6,11.8,11.7,15.9,11.9,11.8,11.7,11.8,11.8,11.9,11.8,11.8,11.8,16,11.8,11.9,11.9,11.8,11.8,11.7,9.99,10.2
0.0000302,16,11.8,11.9,11.9,11.9,11.9,12,11.9,12,11.9,11.8,15.9,11.9,11.8,11.9,11.9,12,11.9,11.8,11.9,11.8,16,11.9,11.8,11.9,11.8,12,11.8,11.9,11.8,12,15.9,11.8,11.9,11.9,11.8,12,11.8,11.9,11.8,11.9,15.9,11.8,12,11.9,11.8,11.7,12,11.9,11.8,12,15.9,11.9,11.8,11.8,11.8,11.8,11.8,11.8,11.9,11.8,15.9,11.8,11.8,11.9,11.9,11.8,11.8,11.8,11.8,11.8,16,11.8,11.6,11.8,11.8,11.6,11.7,11.7,11.7,11.7,15.9,12,11.8,11.7,11.8,11.8,11.8,11.8,11.7,11.8,15.9,11.8,11.8,11.9,11.8,11.9,11.7,10.1,10.4
0.0000304,16,11.7,11.9,11.9,12,11.8,11.9,11.9,11.9,11.8,11.8,16,12,11.9,11.9,11.9,12,11.9,11.8,11.9,11.8,16,11.9,11.8,11.9,11.8,12,11.8,11.9,11.9,11.9,16,11.8,11.9,11.9,11.9,12,11.8,11.9,11.9,11.9,16,11.9,11.9,11.9,11.8,11.7,12,12,11.8,11.9,15.9,11.9,11.8,11.7,11.9,11.8,11.8,11.9,11.9,11.8,16,11.8,11.8,11.8,12,11.7,11.6,11.8,11.8,11.8,16,11.8,11.6,11.7,11.7,11.7,11.7,11.8,11.7,11.7,15.9,12,11.8,11.7,11.8,11.8,11.8,11.8,11.7,11.8,15.9,11.8,11.7,11.8,11.9,11.9,11.8,10.2,10.5
0.0000306,15.9,11.7,11.9,11.9,12,11.8,11.9,11.9,11.9,11.8,11.9,15.9,12,11.9,11.9,11.8,11.9,11.9,11.8,11.8,11.8,16,11.9,11.8,11.8,11.9,12,11.8,12,11.9,12,16,11.8,11.9,12,11.9,11.9,11.8,11.9,11.9,11.9,16,11.9,11.9,11.8,11.8,11.7,12,12,11.8,11.9,15.9,11.9,11.8,11.7,11.9,11.9,11.8,11.9,11.9,11.8,15.9,11.8,11.8,11.8,11.9,11.8,11.6,11.8,11.8,11.8,16,11.8,11.7,11.8,11.6,11.7,11.8,11.8,11.7,11.7,15.9,12,11.7,11.7,11.8,11.8,11.8,11.8,11.7,11.8,16,11.8,11.6,11.8,12,11.9,11.8,10.3,10.6
0.0000308,15.9,11.8,11.9,11.9,12,11.8,11.9,11.8,11.9,11.8,11.8,15.9,12,11.9,11.9,11.9,11.9,12,11.9,11.9,11.8,15.9,11.8,11.8,11.9,11.9,11.9,11.8,11.9,11.9,11.9,15.9,11.8,11.9,11.9,11.9,11.9,11.8,11.8,11.9,11.9,15.9,12,12,11.8,11.8,11.8,11.9,12,11.8,11.8,15.9,11.8,11.9,11.7,11.8,11.9,11.9,11.9,11.9,11.9,15.9,11.8,11.8,11.8,11.8,11.8,11.7,11.9,11.8,11.7,15.9,11.7,11.7,11.8,11.6,11.7,11.7,11.8,11.7,11.7,15.9,11.9,11.7,11.7,11.8,11.8,11.8,11.8,11.6,11.8,15.9,11.8,11.7,11.9,12,11.9,11.9,10.4,10.7
0.000031,15.9,11.9,11.9,11.9,12,11.8,11.9,11.8,11.9,11.8,11.8,15.9,12,11.9,11.9,12,11.9,12,12,11.9,11.9,15.9,11.8,11.9,11.8,12,11.9,11.9,12,11.9,11.9,15.9,11.8,12,11.9,11.9,11.8,11.9,11.8,11.9,11.8,15.9,12,11.9,11.8,11.9,11.8,11.9,11.9,11.8,11.8,15.9,11.9,11.8,11.7,11.8,11.9,12,11.8,11.8,11.8,15.9,11.9,11.8,11.7,11.8,11.8,11.7,11.8,11.8,11.8,15.9,11.8,11.8,11.7,11.7,11.8,11.7,11.8,11.7,11.7,15.9,11.8,11.8,11.6,11.8,11.8,11.8,11.8,11.5,11.8,16,11.8,11.7,11.9,12,11.9,11.9,10.5,10.8
0.0000312,15.9,11.9,11.9,11.9,12.1,11.9,11.9,11.8,11.9,11.9,11.9,15.9,12,11.9,11.9,12,11.9,12,12,11.9,11.9,15.9,11.8,11.9,11.9,12,11.8,11.8,11.9,11.9,11.8,15.9,11.7,12,11.9,11.9,12,11.9,11.8,12,11.8,15.9,12,12,11.8,11.9,11.9,11.8,11.9,11.8,11.7,15.9,11.9,12,11.7,11.9,12,12,11.8,11.8,11.8,16,11.9,11.8,11.7,11.8,11.8,11.7,11.9,11.7,11.7,16,11.8,11.9,11.8,11.7,11.8,11.7,11.9,11.8,11.7,16,11.8,11.7,11.7,11.8,11.9,11.8,11.8,11.6,11.8,15.9,11.8,11.8,11.9,12,11.9,12,10.6,11
0.0000314,15.9,12,11.9,12,12.1,11.9,11.9,11.9,11.9,12,11.9,16,12.1,11.8,11.9,12,11.9,12,12.1,11.8,12,15.9,11.7,12,11.9,11.9,11.8,11.9,11.9,11.9,11.9,15.9,11.7,11.9,11.8,11.9,11.9,12,11.9,12,11.8,15.9,12,12,11.9,11.9,12,11.8,11.9,11.8,11.8,16,11.9,11.9,11.7,11.9,11.9,11.9,11.8,11.8,11.9,16,11.8,11.8,11.7,11.8,11.8,11.8,11.8,11.7,11.7,16,11.7,11.9,11.7,11.7,11.7,11.7,11.8,11.8,11.6,15.9,11.7,11.7,11.7,11.8,11.9,11.8,11.8,11.7,11.8,16,11.8,11.8,11.9,11.9,11.9,11.9,10.6,11
0.0000316,15.9,12,11.8,11.9,12,11.9,11.9,11.8,11.9,12,11.9,15.9,12,11.8,11.9,12,11.9,12,12,11.8,12.1,15.9,11.8,12,11.9,12,11.8,12,11.8,11.9,11.9,15.9,11.7,11.8,11.8,12,11.9,12,11.8,12,11.8,16,11.9,12,11.9,11.9,12,11.8,12,11.8,11.8,16,11.8,11.9,11.8,11.8,11.9,11.9,11.7,11.8,11.8,15.9,11.8,11.8,11.8,11.8,11.8,11.8,11.8,11.7,11.7,15.9,11.8,11.9,11.8,11.8,11.7,11.7,11.8,11.7,11.6,16,11.7,11.8,11.7,11.8,11.9,11.8,11.7,11.7,11.8,15.9,11.8,11.8,11.9,11.8,11.8,11.9,10.8,11.1
0.0000318,16,12,11.8,12,12,11.9,11.9,11.9,11.8,12,11.8,15.9,12,11.8,11.9,11.9,12,12,12,11.8,12.1,15.9,11.8,12,12,12,11.8,12,11.8,11.9,11.9,15.9,11.8,11.8,11.8,12,11.9,11.9,11.9,12,11.8,16,11.9,12,11.9,11.8,12,11.8,12,11.8,11.8,15.9,11.8,11.8,11.9,11.9,11.9,11.9,11.7,11.8,11.9,15.9,11.8,11.8,11.8,11.8,11.8,11.8,11.7,11.8,11.7,16,11.8,11.8,11.8,11.8,11.7,11.8,11.7,11.8,11.6,15.9,11.7,11.8,11.6,11.8,11.9,11.8,11.7,11.8,11.8,15.9,11.8,11.9,11.9,11.8,11.8,11.8,10.8,11.1
0.000032,15.9,12,11.8,12,12,11.9,11.9,11.9,11.8,12,11.9,15.9,12,11.8,11.9,11.9,11.9,11.9,11.9,11.8,12,15.9,11.8,12,12,11.9,11.8,12,11.8,11.9,12,15.9,11.7,11.8,11.8,12,11.9,11.8,11.9,12,11.9,16,11.9,12,12,11.8,12.1,11.9,12,11.8,11.8,15.9,11.8,11.8,11.9,11.9,11.9,11.8,11.8,11.9,11.9,16,11.7,11.8,11.8,11.9,11.8,11.8,11.7,11.7,11.7,15.9,11.7,11.7,11.7,11.8,11.6,11.7,11.6,11.8,11.6,16,11.8,11.8,11.6,11.8,11.9,11.8,11.8,11.9,11.9,15.9,11.8,11.9,11.9,11.8,11.9,11.8,10.9,11.2
0.0000322,15.9,11.9,11.8,11.9,12,11.9,11.9,11.9,11.8,11.9,11.8,16,11.9,11.8,11.9,11.8,12,11.9,11.9,11.9,11.9,16,11.8,11.9,12,11.9,11.8,12,11.9,12,12,15.9,11.8,11.8,11.8,11.9,11.9,11.8,12,12,12,15.9,11.8,12,12,11.8,12,11.9,11.9,11.8,11.9,15.9,11.8,11.8,11.8,11.8,11.9,11.8,11.8,11.9,11.8,15.9,11.6,11.8,11.8,11.8,11.8,11.7,11.7,11.7,11.7,15.9,11.8,11.7,11.7,11.8,11.7,11.8,11.6,11.8,11.6,15.9,11.8,11.8,11.5,11.8,11.8,11.8,11.8,11.9,11.9,15.9,11.8,11.8,11.9,11.8,11.9,11.8,11,11.2
0.0000324,15.9,11.9,11.8,11.9,12,11.9,12,11.9,11.8,11.9,11.8,15.9,11.9,11.8,11.9,11.8,12,11.9,11.8,11.9,11.8,15.9,11.9,12,12.1,12,11.9,11.9,11.8,11.9,12,15.9,11.7,11.8,11.9,11.9,12,11.8,11.9,12,11.9,15.9,11.9,12,12,11.7,11.9,11.9,11.9,11.9,11.8,15.9,11.9,11.8,11.9,11.8,12,11.8,11.8,12,11.8,15.9,11.7,11.8,11.8,11.9,11.7,11.7,11.7,11.8,11.7,15.9,11.8,11.6,11.8,11.7,11.7,11.8,11.6,11.7,11.6,16,12,11.8,11.5,11.8,11.8,11.8,11.8,11.8,12,16,11.8,11.7,11.9,11.8,11.8,11.8,11,11.2
0.0000326,15.9,11.8,11.8,11.9,12.1,11.8,12,11.9,11.9,11.8,11.8,15.9,11.9,11.9,11.8,11.8,12,11.9,11.8,11.8,11.8,15.9,11.9,12,12,12,11.9,11.9,11.9,11.9,11.9,15.9,11.8,11.9,12,11.8,12,11.8,11.9,12,12,16,11.9,12,12,11.7,11.9,12,11.8,11.9,11.9,15.9,11.9,11.8,11.9,11.8,12,11.8,11.8,11.9,11.9,15.9,11.8,11.8,11.8,11.9,11.7,11.8,11.8,11.8,11.7,15.9,11.8,11.6,11.7,11.6,11.6,11.8,11.7,11.8,11.7,16,11.9,11.8,11.5,11.8,11.7,11.8,11.8,11.8,11.9,15.9,11.8,11.7,11.9,11.8,11.9,11.8,11.2,11.2
0.0000328,15.9,11.8,11.8,11.9,12.2,11.8,11.9,11.9,11.9,11.8,11.8,15.9,11.8,12,11.8,11.8,12,11.8,11.8,11.8,11.7,15.9,11.9,11.9,11.9,11.9,11.9,11.9,12,11.9,11.9,15.9,11.7,11.9,12,11.8,11.9,11.9,11.9,12,12.1,16,11.9,12,11.9,11.8,11.8,11.9,11.8,12,11.8,15.9,12,11.7,11.9,11.8,11.9,11.8,11.9,11.9,11.8,16,11.8,11.8,11.8,11.9,11.7,11.8,11.8,11.8,11.7,15.9,11.7,11.7,11.7,11.6,11.7,11.7,11.7,11.7,11.7,16,12,11.8,11.5,11.8,11.7,11.8,11.8,11.8,11.9,15.9,11.8,11.6,11.8,11.8,11.9,11.8,11.2,11.3
0.000033,16,11.8,11.8,11.9,12.2,11.8,11.9,11.9,11.9,11.8,11.9,16,11.9,12,11.8,11.9,12,11.8,11.8,11.8,11.8,15.9,12,11.8,11.8,11.9,11.8,11.8,11.9,11.8,11.8,15.9,11.7,12,12,11.8,11.9,11.9,11.9,12,12,15.9,11.9,12,11.8,11.8,11.8,11.9,11.9,12,11.8,15.9,12,11.8,11.9,11.8,11.9,11.8,11.9,11.8,11.9,16,11.8,11.8,11.7,11.8,11.7,11.8,11.8,11.9,11.7,15.9,11.8,11.7,11.8,11.6,11.6,11.7,11.8,11.7,11.8,15.9,12,11.8,11.6,11.7,11.7,11.8,11.8,11.8,11.8,15.9,11.8,11.6,11.8,11.9,11.9,11.8,11.2,11.4
0.0000332,15.9,11.8,11.9,11.9,12.2,11.8,11.9,11.9,11.9,11.7,11.8,15.9,11.9,12,11.8,11.9,12,11.9,11.8,11.9,11.8,15.9,11.9,11.8,11.8,11.9,11.8,11.8,12,11.8,11.9,15.9,11.7,12,12,11.8,11.9,11.9,11.8,12,11.9,15.9,12,12,11.8,11.8,11.8,11.8,11.9,11.9,11.8,16,12.1,11.8,11.8,11.8,11.9,11.8,11.9,11.8,11.9,15.9,11.8,11.8,11.8,11.8,11.7,11.9,11.8,11.9,11.7,16,11.8,11.8,11.7,11.5,11.6,11.7,11.8,11.7,11.8,15.9,11.9,11.8,11.6,11.8,11.7,11.8,11.8,11.7,11.8,15.9,11.8,11.6,11.8,11.9,11.8,11.8,11.3,11.5
0.0000334,16,11.8,11.9,12,12.2,11.8,11.9,11.9,12,11.7,11.9,16,11.9,12,11.8,11.9,12,11.9,11.8,11.9,11.8,15.9,12,11.7,11.7,11.9,11.9,11.8,11.9,11.8,11.9,16,11.8,12,12,11.8,11.8,11.9,11.8,11.9,11.9,15.9,12,12,11.8,11.9,11.8,11.9,11.9,11.9,11.8,15.9,12.1,11.8,11.8,11.8,11.8,11.9,11.9,11.8,11.9,16,11.9,11.8,11.8,11.8,11.8,11.8,11.8,11.8,11.8,15.9,11.8,11.8,11.8,11.7,11.6,11.7,11.8,11.6,11.8,15.9,11.8,11.8,11.7,11.7,11.8,11.8,11.8,11.6,11.8,15.9,11.8,11.6,11.9,11.9,11.8,11.9,11.3,11.5
0.0000336,15.9,11.8,11.9,11.9,12.1,11.8,11.8,11.9,12,11.8,11.9,15.9,11.9,12,11.8,11.9,11.9,11.8,11.9,12,11.9,15.9,12,11.8,11.8,11.9,12,11.9,11.9,11.8,11.8,15.9,11.8,12,12,11.9,11.9,11.9,11.8,11.9,11.8,16,12,12,11.8,12,11.8,11.9,12,11.9,11.8,16,12,11.8,11.8,11.8,11.8,11.8,11.8,11.8,11.8,15.9,11.9,11.8,11.8,11.8,11.8,11.8,11.8,11.8,11.8,16,11.8,11.8,11.6,11.7,11.6,11.7,11.8,11.7,11.8,15.9,11.7,11.8,11.7,11.7,11.8,11.8,11.8,11.6,11.7,16,11.9,11.8,11.9,11.9,11.8,11.8,11.4,11.5
0.0000338,15.9,11.8,11.9,11.9,12,11.8,11.8,11.9,12,11.9,12,16,12,11.9,11.9,11.8,11.9,12,11.9,11.9,12,16,12,11.9,11.8,11.9,11.9,11.9,11.9,11.8,11.9,16,11.8,11.9,12,11.9,11.9,11.9,11.8,12,11.8,15.9,11.9,12,11.8,11.9,11.8,11.9,11.9,11.9,11.8,15.9,11.9,11.8,11.8,11.8,11.8,11.8,11.8,11.8,11.8,15.9,11.9,11.8,11.8,11.8,11.8,11.6,11.8,11.8,11.8,15.9,11.8,11.8,11.8,11.8,11.7,11.7,11.8,11.7,11.8,16,11.7,11.7,11.8,11.8,11.8,11.8,11.8,11.6,11.7,16,11.8,11.8,11.9,11.9,11.8,11.8,11.4,11.6
0.000034,15.9,11.9,11.9,11.9,11.8,11.8,11.8,11.9,12,12,11.9,15.9,11.8,11.9,11.9,11.8,11.8,12,11.9,11.9,12.1,16,12,11.9,11.9,11.9,11.9,12,11.8,11.8,11.9,15.9,11.8,11.9,11.9,12,11.9,11.9,11.8,12,11.8,16,12,11.9,11.8,12,11.8,11.8,12,11.8,11.8,15.9,11.8,11.9,11.8,11.8,11.8,11.8,11.8,11.8,11.8,15.9,11.9,11.8,11.9,11.8,11.8,11.5,11.8,11.7,11.8,16,11.8,11.8,11.7,11.8,11.7,11.8,11.8,11.8,11.7,15.9,11.7,11.8,11.8,11.8,11.9,11.8,11.8,11.7,11.8,15.9,12,11.9,11.9,11.8,11.8,11.8,11.5,11.7
0.0000342,15.9,11.9,11.9,11.9,11.8,11.8,11.8,11.8,12,12.1,11.9,15.9,11.9,11.9,11.9,11.8,11.8,12,11.9,11.9,12.1,16,11.9,12,11.9,11.9,11.9,12,11.8,11.9,12,15.9,11.8,11.9,11.9,12,11.9,11.9,11.9,12,11.8,15.9,12,12,11.8,11.9,11.9,11.9,11.9,11.8,11.8,15.9,11.8,11.8,11.8,11.9,11.9,11.8,11.8,11.8,11.8,15.9,11.8,11.7,12,11.8,11.8,11.4,11.8,11.7,11.8,15.9,11.7,11.8,11.8,11.8,11.7,11.7,11.8,11.8,11.7,15.9,11.7,11.8,11.7,11.8,11.9,11.8,11.8,11.7,11.8,15.9,11.9,12,11.9,11.8,11.8,11.8,11.5,11.7
0.0000344,15.9,11.9,11.8,11.9,11.8,11.9,11.8,11.9,11.9,12.2,11.8,16,11.8,11.8,11.9,11.8,11.8,12,11.8,12,12,15.9,12,12,12,12,12,12,11.8,12,11.9,16,11.9,11.8,11.9,12,11.8,11.9,12,12,11.8,16,11.9,12,11.9,11.9,11.9,11.9,11.9,11.9,11.9,15.9,11.7,11.8,11.8,12,11.9,11.8,11.8,11.8,11.8,15.9,11.8,11.8,11.9,11.8,11.8,11.5,11.8,11.8,11.7,15.9,11.7,11.8,11.8,11.8,11.7,11.8,11.8,11.9,11.6,15.9,11.8,11.8,11.7,11.8,11.8,11.8,11.8,11.8,11.8,16,11.8,11.9,11.8,11.8,11.8,11.8,11.5,11.8
0.0000346,15.9,12,11.8,12,11.7,11.8,11.8,11.9,11.9,12.2,11.8,15.9,11.9,11.8,11.9,11.8,11.8,12,11.9,11.9,11.9,16,11.9,12,12,12,12,12,11.8,12,11.8,15.9,12,11.8,11.9,12,11.8,11.9,12,12,11.8,16,11.9,12,11.9,11.8,11.9,11.9,11.9,11.8,11.9,15.9,11.7,11.8,11.8,12,12,11.8,11.8,11.9,11.8,15.9,11.8,11.8,11.8,11.8,11.8,11.5,11.7,11.8,11.8,16,11.7,11.7,11.8,11.8,11.7,11.8,11.8,11.9,11.6,15.9,11.8,11.8,11.6,11.8,11.8,11.8,11.8,11.9,11.8,15.9,11.8,11.9,11.8,11.8,11.8,11.8,11.6,11.8
0.0000348,15.9,12,11.8,11.9,11.7,11.9,11.8,11.9,11.9,12.1,11.9,15.9,12,11.9,11.9,11.9,11.8,12,11.9,11.8,11.8,15.9,11.9,12,12,11.9,12,11.9,11.8,12,11.8,15.9,11.9,11.8,11.9,11.9,11.8,11.9,12.1,12,11.9,15.9,11.9,12,11.9,11.7,11.9,11.9,11.9,11.9,11.8,15.9,11.8,11.8,11.8,12,11.9,11.8,11.8,11.9,11.8,15.9,11.8,11.8,11.8,11.8,11.8,11.6,11.7,11.8,11.8,15.9,11.6,11.8,11.9,11.7,11.7,11.7,11.8,11.8,11.6,16,11.8,11.8,11.6,11.8,11.8,11.8,11.8,11.9,11.8,15.9,11.8,11.8,11.8,11.8,11.8,11.8,11.6,11.8
0.000035,15.9,11.9,11.9,11.9,11.8,11.9,11.8,11.9,11.8,12,11.9,15.9,11.9,11.9,11.9,11.9,11.8,12,11.8,11.8,11.7,16,11.8,11.9,12,12,12,12,11.8,12,11.9,15.9,11.9,11.9,11.9,11.8,11.8,12,12.1,12,11.9,16,11.9,12,11.9,11.7,11.9,11.9,11.9,11.8,11.8,15.9,11.9,11.8,11.8,12,12,11.8,11.8,11.9,11.9,15.9,11.8,11.9,11.8,11.8,11.7,11.6,11.7,11.9,11.8,15.9,11.7,11.8,11.9,11.7,11.7,11.8,11.8,11.9,11.7,15.9,11.9,11.8,11.5,11.8,11.7,11.8,11.8,11.9,11.9,16,11.7,11.9,11.8,11.8,11.8,11.8,11.6,11.9
0.0000352,15.9,12,12,12,11.9,11.9,11.8,11.9,11.8,11.9,11.9,15.9,11.9,11.9,12,11.9,11.9,12,11.8,11.8,11.6,16,11.8,11.8,11.9,11.9,12.1,11.9,11.8,11.9,11.9,15.9,11.9,11.9,12,11.8,11.8,11.9,12,12,11.9,16,11.9,12,11.9,11.7,11.9,11.9,11.9,11.9,11.8,15.9,11.9,11.8,11.8,11.9,11.9,11.8,11.9,11.9,11.9,15.9,11.8,11.9,11.7,11.8,11.7,11.8,11.7,11.9,11.8,16,11.7,11.8,11.8,11.6,11.7,11.8,11.7,11.8,11.7,15.9,11.8,11.8,11.5,11.8,11.7,11.8,11.8,11.9,11.9,15.9,11.7,11.8,11.8,11.8,11.8,11.8,11.6,11.9
0.0000354,15.9,11.9,12,11.9,12,11.9,11.9,11.9,11.8,11.8,11.8,16,11.9,12,11.9,11.9,11.9,12,11.9,11.8,11.6,16,11.8,11.8,11.9,12,12,11.9,11.8,11.9,12,15.9,11.8,11.9,12,11.8,11.8,11.9,11.9,12,11.9,16,11.9,12,11.9,11.8,11.9,11.9,12,11.8,11.8,15.9,12,11.8,11.8,11.9,11.9,11.8,11.9,11.9,12,15.9,11.8,11.9,11.7,11.8,11.8,11.8,11.7,12,11.8,16,11.7,11.8,11.8,11.6,11.7,11.7,11.6,11.7,11.7,15.9,11.8,11.8,11.6,11.8,11.7,11.9,11.8,11.9,11.9,15.9,11.7,11.8,11.8,11.9,11.8,11.8,11.6,11.9
0.0000356,15.9,11.8,12,11.9,12,11.8,11.8,11.9,11.9,11.8,11.9,16,12,12,11.9,11.9,12,11.9,11.9,11.8,11.7,16,11.8,11.8,11.8,11.9,12.1,11.9,11.8,11.8,12.1,15.9,11.8,11.9,12,11.8,11.8,11.9,11.9,11.9,11.8,15.9,11.9,12,11.9,11.8,11.8,11.9,12,11.9,11.8,15.9,12,11.8,11.8,11.8,11.9,11.8,11.9,11.8,12,16,11.8,12,11.7,11.7,11.7,11.8,11.7,11.9,11.8,16,11.7,11.8,11.7,11.7,11.6,11.6,11.7,11.7,11.7,15.9,11.8,11.8,11.6,11.8,11.7,11.9,11.8,11.8,11.9,15.9,11.7,11.8,11.8,11.9,11.8,11.8,11.7,11.8
0.0000358,15.9,11.8,12,11.8,12,11.8,11.8,11.9,11.9,11.8,11.8,16,12,12,11.9,11.9,12,11.9,11.8,11.8,11.7,15.9,11.8,11.8,11.8,11.9,12,11.8,11.8,11.8,12.1,15.9,11.8,11.9,12,11.8,11.8,11.9,11.8,11.9,11.9,15.9,11.9,12,11.9,11.9,11.8,12,12,11.8,11.8,15.9,11.9,11.8,11.8,11.8,11.8,11.8,11.8,11.8,11.9,15.9,11.8,11.9,11.8,11.7,11.8,11.8,11.8,11.9,11.8,15.9,11.7,11.8,11.6,11.6,11.7,11.6,11.7,11.7,11.8,16,11.8,11.8,11.7,11.8,11.8,11.9,11.8,11.8,11.8,15.9,11.8,11.8,11.8,12,11.9,11.8,11.8,11.8
0.000036,15.9,11.8,12,11.8,11.9,11.8,11.8,11.9,11.9,11.8,11.8,15.9,11.9,12,11.9,11.9,11.9,11.9,11.9,11.8,11.8,15.9,11.8,11.9,11.8,11.9,12,11.8,11.8,11.8,12,15.9,11.8,11.9,12,11.9,11.8,11.9,11.8,11.8,11.9,15.9,12,12,11.9,11.9,11.8,11.9,12,11.9,11.8,15.9,11.9,11.9,11.8,11.8,11.8,11.8,11.8,11.9,11.9,15.9,11.9,11.9,11.8,11.7,11.8,11.8,11.7,11.8,11.8,15.9,11.8,11.7,11.6,11.7,11.7,11.6,11.7,11.7,11.8,15.9,11.8,11.8,11.7,11.8,11.8,11.8,11.8,11.8,11.8,16,11.8,11.8,11.8,12,11.9,11.8,11.7,11.8
0.0000362,15.9,11.8,11.9,11.9,11.9,11.9,11.8,12,12,11.8,11.8,15.9,11.9,11.9,11.9,11.8,11.9,11.9,11.9,11.9,11.9,15.9,11.8,11.9,11.8,11.9,11.9,11.9,11.8,11.8,12,15.9,11.8,11.9,12,11.9,11.8,11.9,11.8,11.8,11.8,15.9,11.9,12,11.9,11.9,11.7,11.9,12,11.9,11.8,15.9,11.9,11.8,11.8,11.8,11.8,11.8,11.8,11.8,11.8,15.9,11.8,11.8,11.8,11.8,11.8,11.8,11.8,11.8,11.8,15.9,11.7,11.7,11.5,11.8,11.7,11.6,11.7,11.7,11.7,15.9,11.8,11.8,11.7,11.7,11.8,11.8,11.8,11.7,11.8,16,11.8,11.8,11.8,12,11.9,11.8,11.8,11.8
0.0000364,15.9,11.9,11.9,11.9,11.9,11.8,11.8,11.9,12,11.8,11.8,16,11.9,11.9,11.9,11.8,11.9,11.9,11.9,11.9,12,15.9,11.9,11.9,11.9,11.9,11.9,11.9,11.8,11.8,12,15.9,11.8,11.9,12,12.1,11.8,11.9,11.9,11.8,11.8,15.9,11.8,11.9,11.9,11.9,11.7,11.9,11.9,11.9,11.8,15.9,11.8,11.9,11.9,11.8,11.9,11.8,11.8,11.8,11.8,15.9,11.7,11.8,11.8,11.8,11.8,11.7,11.8,11.8,11.8,16,11.7,11.7,11.6,11.8,11.7,11.6,11.8,11.7,11.8,15.9,11.8,11.8,11.7,11.8,11.9,11.8,11.8,11.7,11.8,15.9,11.8,11.8,11.9,11.9,12,11.8,11.8,11.8
0.0000366,15.9,11.8,11.9,11.9,11.9,11.9,11.8,11.9,12,11.9,11.9,15.9,11.8,11.9,11.9,11.8,11.9,12,11.9,11.9,12,16,11.9,11.9,12,11.9,11.8,11.9,11.8,11.8,11.9,15.9,11.8,11.9,12,12.1,11.8,11.9,11.9,11.8,11.9,15.9,11.9,11.9,11.9,11.8,11.8,11.8,11.9,11.8,11.8,16,11.8,11.8,11.8,11.9,11.9,11.8,11.8,11.8,11.8,15.9,11.7,11.7,11.8,11.7,11.8,11.7,11.8,11.8,11.8,16,11.7,11.7,11.7,11.8,11.7,11.8,11.8,11.8,11.7,16,11.8,11.7,11.8,11.8,11.8,11.8,11.8,11.6,11.8,15.9,11.8,11.8,11.8,11.8,12,11.8,11.8,11.8
0.0000368,15.9,11.9,12,11.9,11.8,11.8,11.8,11.9,12,11.9,11.8,15.9,11.9,11.8,12,11.9,11.9,11.9,11.9,11.9,12,16,11.9,12,11.9,11.9,11.8,11.9,11.8,11.9,11.8,15.9,11.8,11.9,12,12,11.8,12,11.9,11.9,11.8,16,11.9,11.9,11.8,11.8,11.8,11.9,11.9,11.9,11.8,15.9,11.9,11.9,11.8,11.9,11.9,11.9,11.8,11.8,11.7,16,11.7,11.7,11.8,11.8,11.8,11.7,11.8,11.8,11.7,15.9,11.6,11.8,11.7,11.7,11.8,11.8,11.8,11.8,11.7,16,11.8,11.6,11.7,11.8,11.8,11.8,11.7,11.6,11.8,15.9,11.8,11.8,11.9,11.8,12,11.9,11.8,12
0.000037,15.9,11.9,11.9,11.9,11.9,11.8,11.8,11.9,12,11.9,11.9,15.9,11.9,11.8,11.9,11.9,11.8,11.9,11.9,11.9,12,15.9,12,11.9,11.9,11.9,11.8,11.9,11.8,12,11.8,15.9,11.8,11.9,11.9,12,11.8,12,12,12,11.9,16,11.9,11.9,11.8,11.8,12,11.9,11.8,11.9,11.8,16,11.9,11.9,11.9,11.9,12,11.8,11.8,11.8,11.7,15.9,11.7,11.6,11.8,11.8,11.7,11.7,11.8,11.8,11.8,15.9,11.6,11.8,11.8,11.7,11.8,11.8,11.9,11.8,11.8,16,11.8,11.7,11.6,11.7,11.9,11.8,11.7,11.7,11.8,15.9,11.8,11.8,11.9,11.8,12,11.9,11.9,12
0.0000372,15.9,11.9,11.9,11.9,12,11.8,11.9,11.8,11.9,11.9,11.9,15.9,11.9,11.9,11.9,11.9,11.9,12,11.9,11.9,11.9,15.9,11.9,11.8,11.9,11.9,11.8,11.9,11.9,11.9,11.8,15.9,11.8,11.9,11.9,11.8,11.8,12.1,12,12,11.9,15.9,11.9,11.9,11.9,11.8,12.1,11.9,11.8,11.9,11.8,15.9,11.9,11.9,11.8,12,12,11.8,11.8,11.8,11.8,16,11.6,11.7,11.8,11.8,11.7,11.7,11.8,11.8,11.8,15.9,11.6,11.8,11.8,11.7,11.7,11.8,11.8,11.8,11.7,16,11.8,11.7,11.7,11.8,11.9,11.8,11.7,11.7,11.7,15.9,11.8,11.8,11.8,11.8,12,12,11.9,12.1
0.0000374,15.9,11.8,11.8,11.9,12.1,11.8,11.9,11.8,12,11.9,11.9,15.9,11.9,11.9,11.9,11.9,11.9,11.9,11.8,11.8,11.8,15.9,12,11.8,11.9,11.9,11.9,11.9,11.9,12,11.8,15.9,11.7,11.9,11.9,11.8,11.8,12,11.9,12,11.9,15.9,11.9,12,11.9,11.8,12.1,11.9,11.8,11.8,11.8,15.9,11.8,11.8,11.8,12,11.9,11.8,11.8,11.8,11.8,16,11.7,11.8,11.8,11.8,11.7,11.8,11.8,11.8,11.8,15.9,11.6,11.8,11.9,11.7,11.7,11.8,11.8,11.8,11.7,15.9,11.8,11.8,11.6,11.8,11.8,11.8,11.6,11.7,11.7,15.9,11.8,11.8,11.8,11.8,11.9,11.9,11.9,12.1
0.0000376,15.9,11.9,11.9,11.9,12.1,11.8,11.9,11.8,11.9,11.8,11.9,16,12,11.8,11.9,11.9,12,11.8,11.8,11.8,11.7,15.9,12,11.8,11.8,11.9,12,11.9,11.9,11.9,11.9,15.9,11.8,11.9,11.9,11.8,11.8,12,11.9,11.9,11.9,15.9,11.9,12,11.8,11.8,12,12,11.9,11.8,11.8,15.9,11.8,11.9,11.9,11.9,11.9,11.8,11.9,11.8,11.8,15.9,11.7,11.9,11.8,11.8,11.7,11.8,11.8,11.8,11.8,15.9,11.7,11.9,11.8,11.7,11.7,11.8,11.8,11.8,11.7,15.9,11.9,11.8,11.6,11.8,11.8,11.8,11.7,11.8,11.8,15.9,11.8,11.8,11.8,11.8,11.9,11.9,11.9,12.2
0.0000378,15.9,11.9,11.9,11.9,12.1,11.8,11.9,11.8,11.9,11.8,11.9,15.9,12,11.9,11.8,11.8,12,11.8,11.9,11.8,11.7,16,11.9,11.8,11.8,11.9,11.9,12,11.9,11.9,12,15.9,11.7,11.8,11.9,11.8,11.8,11.9,11.9,11.9,11.9,16,11.9,11.9,11.8,11.8,11.9,12,12,11.8,11.9,16,11.8,11.8,11.8,11.9,11.9,11.8,11.9,11.8,11.9,15.9,11.8,11.9,11.8,11.8,11.8,11.8,11.7,11.8,11.8,15.9,11.7,11.8,11.8,11.7,11.7,11.8,11.7,11.7,11.7,15.9,11.9,11.8,11.6,11.9,11.8,11.8,11.8,11.8,11.8,15.9,11.9,11.8,11.8,12,11.8,11.9,11.9,12.1
0.000038,15.9,11.8,12,11.9,12,11.8,11.9,11.9,11.9,11.8,11.9,16,11.9,11.9,11.8,11.8,12,11.8,11.8,11.8,11.7,15.9,11.9,11.8,11.8,11.9,11.9,11.8,11.9,11.8,12,16,11.8,11.9,11.9,11.8,11.8,11.9,11.9,11.9,11.9,16,11.9,11.9,11.8,11.8,11.8,12,12.1,11.8,11.8,16,11.8,11.8,11.8,11.8,11.9,11.8,11.8,11.9,11.9,16,11.8,12,11.8,11.8,11.8,11.8,11.7,11.8,11.8,16,11.8,11.8,11.8,11.6,11.7,11.8,11.7,11.7,11.7,15.9,11.9,11.9,11.7,11.8,11.8,11.9,11.8,11.8,11.9,16,11.8,11.8,11.9,12,11.8,11.8,11.9,12.1
0.0000382,15.9,11.8,12,11.9,12,11.8,11.9,11.8,11.8,11.8,11.8,15.9,11.9,11.9,11.9,11.7,12,11.8,11.8,11.9,11.7,15.9,11.8,11.8,11.9,11.9,11.9,11.9,11.9,11.8,12.2,15.9,11.8,11.8,11.9,11.7,11.8,11.8,11.9,11.9,11.9,15.9,11.9,11.9,11.8,11.8,11.8,11.9,12,11.9,11.8,16,11.9,11.8,11.8,11.8,11.9,11.8,11.8,11.8,11.9,15.9,11.8,11.9,11.8,11.8,11.8,11.8,11.7,11.8,11.7,15.9,11.8,11.7,11.7,11.6,11.8,11.8,11.6,11.8,11.7,15.9,11.9,11.9,11.7,11.8,11.7,11.8,11.8,11.8,11.8,15.9,11.8,11.8,11.9,12,11.8,11.8,11.8,12.1
0.0000384,15.9,11.8,11.9,11.9,11.9,11.8,11.9,12,11.9,11.8,11.8,16,12,11.9,11.8,11.7,11.9,11.8,11.8,11.8,11.7,15.9,11.8,11.8,11.9,11.8,11.8,11.9,11.9,11.8,12,15.9,11.9,11.8,11.9,11.8,11.8,11.8,11.9,11.9,11.9,15.9,12,11.9,11.8,11.8,11.7,12,12.1,11.9,11.8,15.9,11.9,11.8,11.8,11.8,11.9,11.8,11.8,11.8,11.8,15.9,11.8,11.9,11.8,11.8,11.8,11.8,11.7,11.7,11.7,15.9,11.8,11.7,11.7,11.6,11.8,11.7,11.6,11.7,11.8,15.9,11.9,11.9,11.8,11.8,11.8,11.8,11.8,11.8,11.8,16,11.8,11.8,11.9,12,11.8,11.7,11.9,12.1
0.0000386,15.9,11.8,11.9,11.9,11.9,11.8,11.8,12,11.9,11.9,11.9,15.9,12,12,11.8,11.7,11.9,11.9,11.8,11.9,11.8,16,11.8,11.8,11.9,11.8,11.8,11.9,11.9,11.8,12,15.9,12,11.8,12,11.9,11.8,11.8,11.9,11.9,11.9,15.9,11.9,11.9,11.8,11.8,11.7,12,12,11.9,11.8,16,12,11.8,11.8,11.8,11.9,11.8,11.8,11.8,11.8,15.9,11.8,11.8,11.8,11.8,11.9,11.7,11.7,11.8,11.6,15.9,11.9,11.6,11.7,11.6,11.7,11.8,11.7,11.8,11.7,15.9,11.9,11.9,11.7,11.7,11.8,11.8,11.9,11.8,11.8,15.9,11.8,11.8,11.9,12,11.8,11.8,11.9,12.1
0.0000388,15.9,11.8,11.8,11.9,11.9,11.8,11.8,12,12,11.8,11.8,15.9,11.9,12,11.8,11.7,11.9,11.9,11.9,11.9,11.9,16,11.8,11.9,11.9,11.9,11.8,11.8,11.9,11.9,11.9,15.9,12.1,11.9,12,11.9,11.8,11.8,11.9,11.9,11.9,16,11.9,12,11.8,11.8,11.8,12,11.9,11.9,11.8,15.9,12,11.8,11.8,11.8,11.9,11.9,11.8,11.7,11.8,15.9,11.7,11.8,11.8,11.8,11.9,11.7,11.7,11.7,11.5,16,11.8,11.7,11.7,11.6,11.7,11.8,11.8,11.8,11.7,15.9,11.8,11.8,11.8,11.7,11.8,11.8,11.9,11.7,11.7,16,11.8,11.8,11.9,12,11.9,11.8,11.9,12.1
0.000039,15.9,11.9,11.8,11.9,11.9,11.9,11.8,11.9,12,11.9,11.8,15.9,11.9,11.9,11.8,11.8,11.8,12,11.9,11.9,11.9,15.9,11.9,11.8,11.9,11.9,11.8,11.9,11.8,11.9,11.9,15.9,12.1,11.9,12,11.9,12,11.8,11.9,11.9,11.9,15.9,11.9,12,11.8,11.8,11.8,11.9,11.8,11.8,11.8,16,12,11.8,11.8,11.9,11.9,12,11.8,11.6,11.8,15.9,11.8,11.8,11.8,11.8,11.9,11.7,11.8,11.7,11.5,15.9,11.8,11.8,11.7,11.6,11.8,11.8,11.8,11.8,11.7,15.9,11.8,11.7,11.8,11.8,11.8,11.8,11.8,11.7,11.7,15.9,11.8,11.8,11.9,11.9,12,11.8,11.9,12.1
0.0000392,16,11.8,11.8,12,12,11.8,11.8,11.9,11.9,11.8,11.9,15.9,11.9,11.9,11.9,11.8,11.8,12,12,11.9,11.9,16,12,11.8,11.9,11.9,11.8,11.9,11.8,11.9,11.8,15.9,12,12,12,11.9,11.8,11.9,11.9,11.9,11.8,15.9,11.9,12.1,11.8,11.8,11.8,11.9,11.7,11.8,11.8,15.9,12,11.8,11.7,11.9,11.9,12,11.8,11.6,11.8,15.9,11.7,11.8,11.8,11.8,11.9,11.7,11.8,11.8,11.5,15.9,11.7,11.8,11.8,11.7,11.7,11.8,11.8,11.8,11.7,15.9,11.8,11.7,11.8,11.8,11.8,11.8,11.8,11.7,11.7,16,11.8,11.9,11.9,11.9,11.9,11.9,12,12.1
0.0000394,15.9,11.9,11.8,12,12.1,11.9,11.8,11.9,12,11.8,11.9,15.9,11.8,11.9,12,11.9,11.9,11.9,11.9,11.9,12,15.9,12,11.9,11.8,11.9,11.9,11.9,11.8,11.9,11.9,16,11.8,12,12,11.9,11.9,11.9,12,12,11.9,15.9,11.9,12,11.8,11.8,11.9,11.9,11.6,11.9,11.8,15.9,12,11.9,11.8,11.9,11.9,12,11.8,11.6,11.8,15.9,11.8,11.8,11.8,11.8,11.8,11.8,11.8,11.7,11.6,15.9,11.7,11.8,11.7,11.7,11.7,11.8,11.8,11.7,11.7,15.9,11.8,11.7,11.8,11.8,11.9,11.8,11.8,11.7,11.7,16,11.8,11.9,11.9,11.8,12,11.9,12.1,12.1
0.0000396,16,11.9,11.9,12,12.1,11.8,11.9,11.8,11.9,11.9,11.8,15.9,11.8,11.9,12,11.9,11.8,11.9,11.9,11.9,12,15.9,12,11.9,11.9,11.9,11.9,11.9,11.8,11.9,11.8,16,11.7,12,12,12,12,12,11.9,11.9,11.8,15.9,11.9,12,11.9,11.9,11.9,11.9,11.7,11.9,11.8,15.9,11.9,11.9,11.8,12,11.9,12,11.8,11.7,11.8,15.9,11.8,11.8,11.8,11.8,11.8,11.8,11.9,11.8,11.6,15.9,11.6,11.9,11.7,11.7,11.8,11.8,11.8,11.7,11.7,16,11.8,11.7,11.8,11.8,11.8,11.8,11.8,11.7,11.7,15.9,11.8,11.9,11.8,11.8,12,11.9,12.1,12.1
0.0000398,15.9,11.9,11.9,12,12,11.9,11.8,11.8,11.9,11.9,11.9,15.9,11.8,11.9,11.9,11.9,11.9,11.9,12,11.9,11.9,15.9,12.1,11.9,11.8,11.9,12,11.8,11.8,11.9,11.9,15.9,11.5,12,11.9,11.9,11.9,12,11.9,11.9,11.9,15.9,11.9,12,11.9,11.9,12,11.9,11.7,11.9,11.8,15.9,11.8,11.8,11.8,12,11.9,12,11.8,11.8,11.8,15.9,11.8,11.8,11.8,11.9,11.8,11.7,11.9,11.7,11.8,15.9,11.6,11.9,11.7,11.7,11.8,11.8,11.9,11.7,11.7,15.9,11.8,11.7,11.7,11.9,11.8,11.9,11.7,11.8,11.8,16,11.8,11.9,11.9,11.8,11.9,11.9,12.2,12.2
0.00004,16,11.8,11.9,12,12,11.9,11.9,11.8,12,12,11.8,15.9,11.8,11.9,11.9,11.8,12,11.8,12,11.9,11.9,15.9,12,11.9,11.8,11.9,12,11.9,11.8,11.9,11.9,15.9,11.5,12,11.9,11.9,11.8,11.9,11.9,11.8,12,15.9,12,11.9,11.9,11.9,11.9,11.9,11.8,11.8,11.8,15.9,11.8,11.9,11.9,12,11.9,12,11.8,11.8,11.9,16,11.8,11.8,11.8,11.8,11.8,11.8,11.8,11.8,11.9,15.9,11.7,11.9,11.6,11.7,11.8,11.7,11.8,11.7,11.7,15.9,11.9,11.7,11.7,11.9,11.8,11.9,11.7,11.8,11.8,15.9,11.8,11.8,11.9,11.9,11.9,11.9,12.1,12.1
0.0000402,15.9,11.8,11.8,12,12,11.9,11.9,11.8,12,12,11.9,16,11.8,11.9,11.8,11.8,11.9,11.8,12,11.8,11.9,15.9,12,11.8,11.8,11.9,12,11.9,11.8,11.9,11.9,16,11.5,11.9,11.9,11.8,11.8,11.9,11.9,11.8,11.9,15.9,12,11.8,11.9,12,11.9,11.9,11.9,11.9,11.8,15.9,11.9,11.9,11.8,12,11.9,11.9,11.8,11.9,11.9,15.9,11.8,11.8,11.8,11.8,11.7,11.8,11.9,11.8,11.9,16,11.7,11.9,11.6,11.8,11.8,11.7,11.8,11.8,11.7,15.9,11.8,11.8,11.6,11.9,11.8,11.9,11.7,11.8,11.8,15.9,11.9,11.8,11.8,11.9,11.8,11.8,12.1,12.1
0.0000404,15.9,11.8,11.8,11.9,11.9,11.9,11.9,11.8,12,12,11.9,16,11.8,11.9,11.8,11.8,11.9,11.8,11.9,11.8,11.9,16,12,11.8,11.8,11.8,12,11.9,11.8,11.8,11.9,15.9,11.6,11.9,12,11.8,11.8,11.8,11.9,11.9,12,15.9,12,11.8,11.9,11.9,11.8,11.9,11.9,11.9,11.8,15.9,11.9,11.8,11.8,11.9,11.9,11.9,11.8,11.9,11.9,16,11.8,11.8,11.8,11.8,11.8,11.7,11.9,11.8,11.9,16,11.7,11.9,11.7,11.7,11.6,11.7,11.8,11.8,11.7,15.9,11.8,11.8,11.6,11.9,11.8,11.8,11.7,11.8,11.8,15.9,11.8,11.8,11.9,11.9,11.8,11.8,12,12.2
0.0000406,15.9,11.8,11.8,11.9,11.9,11.9,11.9,11.9,12,12,11.9,15.9,11.9,11.9,11.8,11.8,11.9,11.8,11.8,11.8,11.8,16,11.9,11.8,11.8,11.8,12,11.9,11.8,11.8,11.9,15.9,11.8,11.8,12,11.9,11.8,11.8,11.9,11.9,11.9,15.9,12,11.8,11.9,11.9,11.8,12,12,11.8,11.8,15.9,11.9,11.8,11.8,11.9,11.8,11.8,11.8,11.8,11.9,15.9,11.8,11.8,11.8,11.8,11.7,11.8,11.8,11.8,11.8,15.9,11.8,11.8,11.7,11.8,11.6,11.7,11.8,11.8,11.7,15.9,11.8,11.8,11.6,11.9,11.8,11.8,11.7,11.9,11.8,15.9,11.8,11.7,11.9,12,11.8,11.8,12,12.1
0.0000408,15.9,11.8,11.8,11.9,12,11.9,11.9,11.9,12,11.9,11.8,16,11.9,11.9,11.8,11.7,12,11.9,11.9,11.8,11.9,16,11.8,11.8,11.7,11.9,11.9,11.9,12,11.8,12,15.9,11.9,11.8,12,11.8,11.7,11.8,11.8,11.9,11.8,15.9,11.9,11.8,11.9,11.8,11.9,12,12,11.9,11.8,15.9,12,11.8,11.8,11.9,11.9,11.9,11.9,11.8,11.9,15.9,11.8,11.8,11.8,11.8,11.8,11.8,11.8,11.8,11.8,16,11.8,11.8,11.8,11.8,11.6,11.7,11.8,11.8,11.7,15.9,11.8,11.8,11.6,11.8,11.8,11.8,11.7,11.9,11.8,15.9,11.8,11.7,11.8,11.8,11.8,11.8,11.9,12.1
0.000041,16,11.8,11.9,11.9,11.9,11.9,11.8,11.9,12,11.9,11.8,15.9,11.9,11.9,11.8,11.7,12,11.9,11.8,11.9,11.8,15.9,11.9,11.8,11.8,12,11.9,11.9,12,11.9,11.9,15.9,12.1,11.8,12,11.8,11.8,11.8,11.9,11.9,11.8,15.9,12,11.9,11.9,11.8,11.9,12,11.9,11.9,11.8,15.9,12,11.9,11.8,11.9,11.9,11.9,11.9,11.8,12,16,11.8,11.9,11.8,11.9,11.8,11.8,11.7,11.8,11.6,15.9,11.8,11.8,11.8,11.7,11.7,11.8,11.8,11.8,11.8,15.9,11.8,11.8,11.6,11.8,11.8,11.8,11.7,11.9,11.8,16,11.8,11.7,11.8,11.9,11.8,11.8,12,12.1
0.0000412,16,11.8,11.9,11.8,11.9,11.9,11.8,11.9,12,11.9,11.8,15.9,11.9,11.8,11.8,11.8,12,12,11.8,11.9,11.8,15.9,11.9,11.8,11.7,11.9,11.8,11.8,12,11.9,11.9,15.9,12,11.8,11.9,11.9,11.8,11.9,11.9,11.9,11.8,16,11.9,12.1,11.9,11.8,11.9,12,11.9,11.9,11.8,16,12,11.8,11.9,11.8,11.9,11.9,11.9,11.8,11.9,15.9,11.8,11.8,11.8,11.9,11.8,11.8,11.7,11.8,11.6,15.9,11.8,11.8,11.9,11.8,11.7,11.8,11.8,11.7,11.7,15.9,11.8,11.8,11.7,11.7,11.8,11.8,11.8,11.9,11.8,15.9,11.8,11.7,11.8,11.9,11.9,11.8,12.1,12.1
0.0000414,16,11.8,11.9,11.8,11.9,11.9,11.8,12,12,11.9,11.9,15.9,11.9,11.9,11.8,11.8,11.9,12,11.8,11.8,11.9,15.9,11.9,11.8,11.7,12,11.8,11.9,12.1,11.9,11.9,15.9,12,11.8,11.9,11.9,11.8,11.9,11.9,11.9,11.7,15.9,11.9,12.1,11.8,11.8,11.8,12,11.9,11.9,11.8,15.9,12,11.8,11.9,11.8,11.9,11.9,11.9,11.8,11.9,15.9,11.8,11.9,11.8,12,11.8,11.8,11.7,11.7,11.5,15.9,11.8,11.8,11.9,11.8,11.7,11.8,11.8,11.7,11.7,15.9,11.8,11.7,11.8,11.6,11.8,11.8,11.8,11.8,11.7,15.9,11.8,11.7,11.8,11.9,12,11.9,12.1,12.1
0.0000416,15.9,11.9,11.9,11.9,11.9,11.9,11.8,11.9,11.9,11.8,11.9,15.9,11.9,11.9,11.9,11.9,11.9,12,11.8,11.9,11.9,15.9,11.9,11.9,11.8,12,11.9,11.9,12,11.9,12,15.9,11.9,11.8,11.9,11.9,11.8,12,11.9,11.9,11.8,16,11.9,12.1,11.8,11.8,11.9,12,11.9,11.9,11.8,15.9,12,11.8,11.8,11.8,11.9,11.9,11.8,11.8,11.8,15.9,11.8,12,11.8,12,11.8,11.8,11.7,11.7,11.6,15.9,11.8,11.8,11.9,11.8,11.8,11.9,11.8,11.7,11.7,15.9,11.8,11.8,11.8,11.7,11.8,11.9,11.8,11.8,11.6,15.9,11.8,11.8,11.8,11.9,11.9,11.8,12.2,12.1
0.0000418,15.9,11.9,11.9,11.9,11.9,11.9,11.8,11.8,11.9,11.9,11.9,15.9,12,11.9,11.9,11.9,11.9,12,11.9,11.9,11.9,15.9,11.9,11.9,11.8,12,11.9,11.9,11.9,11.9,11.9,15.9,11.8,11.9,11.9,11.9,11.8,12.1,11.9,11.9,11.8,16,11.8,12.1,11.8,11.7,11.9,12,11.8,11.9,11.8,15.9,11.9,11.8,11.8,11.9,11.9,11.8,11.8,11.8,11.8,15.9,11.8,12,11.8,12,11.8,11.8,11.7,11.8,11.6,15.9,11.7,11.8,11.9,11.8,11.8,11.9,11.8,11.7,11.8,15.9,11.8,11.7,11.9,11.7,11.9,11.9,11.8,11.8,11.8,15.9,11.8,11.8,11.8,11.9,12,11.8,12.2,12.1
0.000042,15.9,12,11.9,11.9,11.9,11.9,11.8,11.9,12,11.9,11.9,15.9,11.9,12,11.9,11.9,11.9,12,11.9,11.9,11.9,16,11.9,11.8,11.8,12,12,11.9,11.8,11.9,12,15.9,11.7,11.9,11.9,11.9,11.9,12,11.9,12,12,15.9,11.9,12,11.9,11.8,11.9,12,11.8,11.8,11.8,15.9,11.9,11.8,11.7,11.9,11.9,11.9,11.7,11.9,11.8,15.9,11.8,12,11.8,12,11.8,11.8,11.8,11.8,11.6,15.9,11.8,11.8,11.8,11.9,11.8,11.8,11.8,11.7,11.8,15.9,11.8,11.8,11.8,11.7,11.9,11.9,11.9,11.8,11.8,16,11.8,11.8,11.8,11.9,11.9,11.9,12.1,12.1
0.0000422,15.9,11.9,11.9,12,11.9,11.9,11.9,11.8,11.9,12,11.9,16,11.9,12,11.9,11.8,11.9,11.9,11.9,11.9,11.9,15.9,11.9,11.9,11.9,11.9,12,11.8,11.8,12,11.9,15.9,11.7,11.9,11.9,12,11.8,12.1,11.9,12,12,15.9,11.9,11.9,11.9,11.8,11.9,11.9,11.8,11.8,11.8,16,11.9,11.8,11.7,12,11.9,11.9,11.7,11.9,11.8,16,11.8,11.9,11.8,11.9,11.8,11.8,11.8,11.8,11.7,15.9,11.7,11.8,11.8,11.8,11.7,11.8,11.8,11.7,11.8,15.9,11.8,11.7,11.8,11.7,11.8,11.8,11.8,11.8,11.8,15.9,11.8,11.9,11.8,11.9,11.8,11.9,12.1,12.1
0.0000424,15.9,11.9,11.9,12,11.9,11.9,11.9,11.8,11.9,12,11.9,15.9,12,11.9,12,11.9,11.9,11.9,12,11.9,11.9,15.9,11.9,11.9,11.9,11.9,12,11.9,11.8,12,12,15.9,11.8,11.9,11.9,11.9,11.8,12,11.9,12,12,15.9,11.9,11.8,11.9,11.8,11.8,11.9,11.8,11.8,11.8,16,11.9,11.8,11.6,12,11.9,11.9,11.7,11.9,11.8,15.9,11.8,11.9,11.8,11.8,11.8,11.8,11.8,11.9,11.8,15.9,11.8,11.7,11.8,11.8,11.7,11.7,11.8,11.7,11.8,15.9,11.9,11.7,11.8,11.7,11.8,11.8,11.9,11.7,11.9,15.9,11.8,11.9,11.9,11.9,11.8,11.9,12,12.1
0.0000426,16,11.8,12,12,11.9,11.9,12,11.8,11.9,12,11.9,15.9,12,11.9,11.9,11.9,11.9,11.8,12,11.8,11.9,15.9,11.9,11.9,12,11.8,11.9,11.9,11.8,12,11.9,16,11.9,11.9,11.9,11.9,11.8,12,11.9,12,12,16,11.9,11.8,11.9,11.7,11.8,11.8,11.8,11.8,11.8,15.9,11.9,11.8,11.7,11.9,11.9,11.9,11.7,11.9,11.8,15.9,11.8,11.8,11.8,11.7,11.7,11.8,11.8,11.9,11.8,16,11.8,11.8,11.7,11.8,11.7,11.7,11.8,11.8,11.8,15.9,11.9,11.8,11.8,11.7,11.8,11.8,11.8,11.7,11.9,16,11.8,11.9,11.9,11.8,11.8,11.8,12,12.1
0.0000428,15.9,11.8,12,12,11.9,11.9,12,11.8,12,12,11.9,15.9,11.9,11.9,11.9,11.9,11.9,11.8,12,11.8,11.9,15.9,11.9,11.9,12,11.8,12,11.9,11.8,12,11.9,15.9,11.9,11.9,11.8,11.9,11.8,12,11.9,12,12,15.9,11.9,11.8,11.9,11.8,11.8,11.9,11.9,11.8,11.9,16,12,11.8,11.7,11.9,11.9,12,11.8,11.8,11.8,16,11.8,11.7,11.8,11.8,11.7,11.8,11.8,12,11.8,15.9,11.8,11.7,11.7,11.8,11.7,11.7,11.8,11.8,11.8,15.9,11.8,11.8,11.7,11.7,11.8,11.8,11.8,11.7,11.9,16,11.8,11.9,12,11.8,11.7,11.9,11.9,12.1
0.000043,15.9,11.8,12,12,11.9,11.8,12,11.9,12,12,11.9,15.9,11.8,11.9,11.8,11.9,11.9,11.8,12,11.8,11.9,15.9,11.9,11.9,11.9,11.8,11.9,11.8,11.8,12,11.8,15.9,12,11.8,11.8,11.9,11.8,11.8,11.9,11.9,12,15.9,11.8,11.9,11.9,11.8,11.8,11.8,12,11.8,11.8,15.9,12,11.8,11.8,11.9,11.8,11.9,11.8,11.8,11.8,15.9,11.8,11.7,11.8,11.7,11.7,11.9,11.8,11.8,11.8,16,11.8,11.7,11.6,11.7,11.8,11.7,11.8,11.7,11.8,15.9,12,11.8,11.7,11.7,11.8,11.9,11.8,11.8,11.8,15.9,11.8,11.8,11.9,11.9,11.8,11.8,11.9,12.1
0.0000432,15.9,11.7,12,11.9,11.8,11.9,12,11.8,12,12,11.9,15.9,11.8,11.8,11.8,11.9,11.9,11.8,11.9,11.8,11.9,15.9,11.8,11.9,11.9,11.8,11.9,11.8,11.8,11.9,11.9,15.9,12.1,11.8,11.8,11.9,11.8,11.8,11.9,11.9,11.9,16,11.8,11.9,11.9,11.8,11.8,11.9,12,11.8,11.9,15.9,12,11.8,11.8,11.9,11.8,11.9,11.8,11.7,11.8,16,11.8,11.7,11.8,11.8,11.8,11.9,11.8,11.8,11.7,16,11.8,11.8,11.7,11.7,11.9,11.8,11.8,11.8,11.8,15.9,11.9,11.8,11.7,11.6,11.8,11.9,11.8,11.8,11.8,15.9,11.8,11.9,11.9,11.9,11.8,11.9,11.9,12.1
0.0000434,16,11.7,11.9,11.8,11.9,11.9,11.9,11.8,12,12,11.8,15.9,11.8,11.8,11.8,11.9,12,11.8,11.8,11.8,11.9,15.9,11.9,11.8,11.9,11.9,11.9,11.9,12,11.8,11.9,15.9,12,11.9,11.8,11.9,11.8,11.8,11.9,11.8,11.8,15.9,11.9,11.9,11.9,11.8,11.8,11.9,12,11.8,11.9,15.9,12,11.8,11.8,11.9,11.9,11.9,11.9,11.6,11.8,15.9,11.9,11.7,11.8,11.8,11.7,12,11.8,11.7,11.6,15.9,11.8,11.7,11.7,11.6,11.9,11.8,11.8,11.8,11.8,15.9,11.9,11.8,11.7,11.7,11.8,12,11.8,11.8,11.8,15.9,11.8,11.8,11.9,11.8,11.9,11.9,12,12.1
0.0000436,15.9,11.7,11.8,11.8,11.9,11.9,11.9,11.9,12,11.9,11.8,15.9,11.8,11.9,11.7,11.9,11.9,11.9,11.9,11.9,11.9,15.9,11.8,11.8,11.9,12,11.9,11.8,12,11.8,11.9,15.9,11.9,11.8,11.8,11.9,11.8,11.8,11.9,11.8,11.8,16,11.9,12,11.8,11.8,11.8,11.9,12,11.8,12,15.9,12,11.8,11.8,11.8,11.8,11.9,11.9,11.6,11.8,15.9,11.9,11.8,11.8,11.9,11.8,12,11.8,11.7,11.6,15.9,11.8,11.7,11.7,11.7,12,11.8,11.9,11.8,11.7,15.9,11.9,11.8,11.7,11.7,11.8,12,11.8,11.8,11.7,15.9,11.8,11.8,11.8,11.9,12,11.9,12.1,12.1
0.0000438,15.9,11.7,11.8,11.8,12,11.9,11.9,11.9,12,11.9,11.8,15.9,11.8,11.8,11.8,11.9,12,12,11.9,12,11.9,15.9,11.8,11.8,11.9,12,12,11.8,12,11.8,12,15.9,11.9,11.9,11.8,11.9,11.9,11.8,11.9,11.8,11.7,15.9,11.9,12,11.8,11.8,11.8,11.9,12,11.8,11.9,15.9,12,11.9,11.7,11.9,11.8,11.9,11.9,11.6,11.8,15.9,11.8,11.7,11.8,11.9,11.8,12,11.8,11.7,11.6,15.9,11.8,11.7,11.7,11.7,11.9,11.9,11.9,11.8,11.6,15.9,11.9,11.7,11.8,11.8,11.8,12,11.8,11.8,11.8,16,11.8,11.8,11.8,11.9,12.1,11.9,12.2,12.1
0.000044,16,11.8,11.8,11.8,12,11.9,11.9,11.9,11.9,11.9,11.8,15.9,11.9,11.8,11.8,11.9,11.9,11.9,11.9,12,11.9,15.9,11.8,11.7,11.9,12,12,11.8,12.1,11.8,12,15.9,11.7,11.9,11.9,11.9,11.8,11.7,11.9,11.9,11.8,16,11.9,11.9,11.8,11.9,11.8,12,11.9,11.8,11.9,16,11.9,11.8,11.7,11.8,11.9,12,11.9,11.6,11.8,15.9,11.8,11.7,11.8,11.9,11.8,12,11.8,11.7,11.6,15.9,11.8,11.7,11.7,11.7,11.9,11.8,11.9,11.7,11.6,15.9,11.8,11.7,11.8,11.9,11.8,11.9,11.8,11.7,11.7,15.9,11.8,11.8,11.8,11.9,12.1,11.9,12.2,12.1
0.0000442,16,11.8,11.8,11.8,12,11.9,11.9,11.8,11.9,12,11.8,15.9,11.9,11.8,11.8,11.9,11.9,12,11.9,12.1,11.9,15.9,11.9,11.6,12,12,12,11.9,12,11.8,12,15.9,11.6,11.8,11.9,11.9,11.8,11.7,11.9,11.9,11.9,15.9,11.9,11.8,11.8,11.8,11.9,12,11.9,11.8,11.8,15.9,11.9,11.9,11.6,11.8,11.8,11.9,11.8,11.6,11.9,15.9,11.8,11.7,11.8,11.8,11.8,12,11.8,11.7,11.6,15.9,11.8,11.7,11.8,11.8,11.8,11.8,11.8,11.8,11.7,15.9,11.8,11.6,11.8,11.9,11.8,11.8,11.8,11.7,11.8,16,11.8,11.8,11.8,11.9,12.1,11.8,12.2,12.1
0.0000444,15.9,11.9,11.8,11.9,12,11.9,11.9,11.8,11.8,12,11.9,15.9,12,11.9,11.9,11.8,11.9,12,12,12,11.9,15.9,11.8,11.7,12,11.9,12,11.8,12,11.8,12,15.9,11.6,11.9,12,12,11.8,11.7,11.9,12,11.9,15.9,11.9,11.7,11.9,11.8,11.8,12,11.8,11.8,11.8,15.9,11.9,11.9,11.7,11.9,11.9,11.9,11.8,11.6,11.8,15.9,11.7,11.8,11.8,11.8,11.8,11.9,11.7,11.7,11.7,15.9,11.8,11.8,11.7,11.8,11.7,11.8,11.8,11.7,11.7,15.9,11.8,11.6,11.8,12,11.9,11.8,11.8,11.7,11.8,15.9,11.8,11.8,11.8,12,12,11.8,12.2,12.1
0.0000446,15.9,11.9,11.8,11.9,12,11.9,11.9,11.9,11.8,12,11.9,16,12,11.9,11.9,11.8,12,12,11.9,11.9,11.8,15.9,11.9,11.7,11.9,11.9,11.9,11.8,11.9,11.9,12,15.9,11.7,11.9,12,11.9,11.9,11.8,11.9,12,12,16,11.9,11.7,12,11.8,11.9,11.9,11.8,11.8,11.7,15.9,11.9,11.8,11.8,11.8,11.9,11.9,11.8,11.7,11.9,15.9,11.7,11.7,11.8,11.8,11.8,11.9,11.8,11.8,11.8,15.9,11.8,11.7,11.8,11.8,11.6,11.7,11.7,11.7,11.8,16,11.8,11.6,11.8,11.9,11.8,11.7,11.8,11.7,11.8,15.9,11.8,11.9,11.8,12,11.9,11.8,12.2,12.2
0.0000448,15.9,11.9,11.9,12,12,11.9,11.8,11.8,11.8,11.9,11.9,16,12,11.8,12,11.8,11.9,11.9,12,11.9,11.8,16,11.8,11.8,11.9,11.9,11.9,11.9,11.8,11.9,11.9,15.9,11.7,11.9,12,12,11.8,11.8,12,12,12,15.9,11.9,11.8,12,11.8,11.8,11.9,11.8,11.8,11.7,15.9,11.8,11.9,11.8,11.9,11.9,11.9,11.7,11.8,11.9,15.9,11.7,11.8,11.8,11.8,11.8,11.9,11.8,11.9,11.8,15.9,11.8,11.8,11.7,11.8,11.5,11.6,11.6,11.7,11.7,15.9,11.9,11.7,11.8,11.9,11.8,11.6,11.8,11.7,11.8,15.9,11.8,11.9,11.8,12,11.8,11.8,12.1,12.1
0.000045,15.9,11.9,11.9,12,12,11.9,11.8,11.8,11.8,11.9,12,15.9,12,11.9,11.9,11.8,11.9,11.9,12,11.8,11.8,15.9,11.8,11.8,12,11.9,11.9,11.8,11.8,12,11.8,15.9,11.8,11.9,11.9,12,11.8,11.8,12,12,11.9,15.9,11.9,11.8,12.1,11.9,11.9,11.9,11.8,11.9,11.7,15.9,11.9,11.8,11.9,11.9,11.8,11.9,11.7,11.8,11.9,15.9,11.7,11.7,11.8,11.8,11.8,11.9,11.8,11.9,11.8,15.9,11.7,11.8,11.8,11.8,11.6,11.7,11.6,11.6,11.8,15.9,11.8,11.7,11.7,11.8,11.8,11.7,11.8,11.8,11.8,15.9,11.8,11.9,11.9,11.9,11.7,11.8,12.1,12.1
0.0000452,15.9,11.9,11.9,12,12,11.9,11.8,11.9,11.8,11.9,11.9,15.9,11.9,11.9,11.9,11.8,12,11.8,12,11.8,11.8,15.9,11.9,11.9,11.9,11.8,11.9,11.8,11.8,12,11.8,15.9,11.8,11.8,11.9,12,11.8,11.9,12,12,11.9,15.9,11.8,11.9,12,11.9,11.8,11.9,11.8,11.8,11.7,15.9,11.9,11.8,12,11.9,11.8,11.9,11.8,11.8,11.9,16,11.8,11.8,11.8,11.8,11.8,11.8,11.8,11.9,11.8,15.9,11.7,11.8,11.8,11.8,11.6,11.8,11.7,11.6,11.8,15.9,11.9,11.8,11.8,11.7,11.8,11.7,11.8,11.8,11.9,15.9,11.8,11.9,11.9,11.9,11.7,11.9,12,12.1
0.0000454,15.9,11.8,11.9,12,12,11.8,11.8,11.9,11.8,11.8,11.9,15.9,11.9,12,11.9,11.7,12,11.8,11.9,11.8,11.7,15.9,11.8,11.9,11.9,11.8,11.9,11.9,11.8,12,11.8,15.9,11.9,11.8,11.9,11.9,11.9,12,11.9,11.9,11.9,15.9,11.8,12,12.1,11.9,11.9,11.8,11.8,11.8,11.7,15.9,11.9,11.8,11.9,11.8,11.8,11.8,11.8,11.8,11.8,15.9,11.7,11.8,11.8,11.9,11.7,11.8,11.8,11.9,11.8,15.9,11.7,11.8,11.8,11.7,11.7,11.8,11.6,11.6,11.8,16,11.8,11.9,11.7,11.7,11.8,11.8,11.8,11.8,11.9,15.9,11.8,11.9,11.9,11.8,11.7,11.8,11.9,12.1
0.0000456,15.9,11.8,11.8,12,12,11.8,11.8,12,11.9,11.9,11.9,15.9,11.8,11.9,11.8,11.8,12,11.8,11.9,11.8,11.8,16,11.9,12,11.9,11.9,11.9,11.9,11.7,12,11.9,16,11.9,11.8,11.8,11.9,11.8,11.9,11.9,11.9,11.8,15.9,11.8,12,12,12,11.8,11.8,11.9,11.8,11.8,16,11.9,11.8,11.8,11.9,11.9,11.8,11.8,11.8,11.8,15.9,11.8,11.8,11.8,12,11.7,11.8,11.8,11.8,11.8,16,11.6,11.8,11.8,11.8,11.7,11.8,11.7,11.7,11.8,15.9,11.8,11.9,11.7,11.7,11.8,12,11.8,11.8,11.8,15.9,11.8,11.8,11.9,11.9,11.8,11.8,11.9,12.1
0.0000458,15.9,11.8,11.8,11.9,12.1,11.8,11.8,12,12,11.8,11.8,15.9,11.8,11.8,11.8,11.8,12,11.8,11.9,11.8,11.8,15.9,11.9,12,11.8,11.8,12,11.8,11.8,11.9,11.9,16,11.8,11.9,11.8,11.9,11.8,11.9,11.9,11.8,11.8,16,11.8,12.1,11.9,12,11.8,11.9,11.9,11.8,11.8,16,11.9,11.8,11.8,11.9,11.9,11.9,11.8,11.8,11.8,15.9,11.8,11.8,11.8,12,11.7,11.8,11.8,11.8,11.8,16,11.7,11.8,11.8,11.8,11.7,11.8,11.7,11.8,11.7,15.9,11.8,11.9,11.7,11.7,11.8,12,11.8,11.8,11.8,15.9,11.8,11.7,11.9,11.9,11.8,11.9,11.9,12
0.000046,15.9,11.8,11.8,11.9,12.1,11.9,11.9,12,12,11.9,11.8,15.9,11.8,11.8,11.8,11.8,12,11.8,11.9,11.8,11.9,15.9,11.9,12,11.8,11.9,12,11.8,11.8,11.9,12,16,11.8,11.8,11.8,11.8,11.9,12,11.9,11.8,11.9,15.9,11.8,12.2,11.9,11.9,11.8,11.9,12,11.8,11.9,15.9,11.8,11.8,11.8,11.8,11.8,11.9,11.8,11.8,11.9,15.9,11.9,11.8,11.8,12,11.8,11.8,11.8,11.8,11.8,16,11.8,11.8,11.8,11.7,11.7,11.8,11.8,11.8,11.7,15.9,11.8,11.9,11.8,11.7,11.8,12,11.8,11.8,11.8,15.9,11.8,11.7,11.9,11.9,11.9,11.9,11.9,12.1
0.0000462,15.9,11.8,11.8,11.8,12.1,11.9,12,12,12,11.8,11.8,16,11.8,11.8,11.8,11.8,12,11.8,11.9,11.9,11.9,15.9,11.9,11.9,11.8,11.9,12,11.8,11.9,11.9,12,15.9,11.8,11.9,11.8,11.8,11.9,12,11.9,11.8,11.8,16,11.9,12.1,11.8,11.9,11.8,11.9,11.9,11.9,11.9,15.9,11.8,11.9,11.7,11.9,11.8,11.9,11.8,11.8,11.8,15.9,11.8,11.8,11.8,11.9,11.7,11.7,11.9,11.8,11.8,15.9,11.8,11.8,11.8,11.7,11.6,11.8,11.8,11.8,11.7,15.9,11.8,11.9,11.8,11.8,11.8,11.9,11.8,11.8,11.8,15.9,11.8,11.5,11.8,11.9,11.9,11.9,11.9,12.1
0.0000464,15.9,11.8,11.9,11.8,12,12,12,11.9,12,11.9,11.8,16,11.8,11.8,11.8,11.8,11.9,11.8,11.9,11.9,11.9,15.9,11.9,11.9,11.9,11.9,11.9,11.8,11.9,11.9,12,15.9,11.8,11.9,11.8,11.8,11.9,11.9,11.9,11.8,11.8,16,11.9,12.1,11.8,11.8,11.8,12,12,11.9,11.9,16,11.8,11.9,11.7,11.8,11.8,11.9,11.8,11.8,11.8,15.9,11.8,11.8,11.8,11.9,11.8,11.8,11.8,11.7,11.7,15.9,11.8,11.8,11.8,11.7,11.6,11.8,11.8,11.9,11.7,15.9,11.9,11.8,11.8,11.8,11.8,11.8,11.8,11.8,11.8,15.9,11.8,11.5,11.8,12,12,11.9,12,12.1
0.0000466,15.9,11.8,11.8,11.8,12.1,12,12,11.9,12,11.9,11.8,15.9,11.8,11.8,11.8,11.8,11.9,11.9,11.9,12,11.9,15.9,11.9,11.8,11.9,11.9,11.9,11.8,12,11.8,12,15.9,11.8,12,11.9,11.8,11.9,11.9,11.9,11.8,11.9,15.9,12,12.1,11.8,11.8,11.8,12,12,11.9,11.9,15.9,11.8,12,11.6,11.9,11.8,11.9,11.8,11.8,11.8,15.9,11.8,11.9,11.8,11.8,11.8,11.7,11.8,11.8,11.8,16,11.9,11.8,11.8,11.8,11.6,11.7,11.8,11.8,11.6,15.9,11.9,11.8,11.8,11.8,11.8,11.7,11.8,11.8,11.7,15.9,11.8,11.5,11.8,11.9,11.8,11.9,12,12
0.0000468,15.9,11.8,11.8,11.9,12,12,11.9,11.8,12,11.9,11.8,15.9,11.9,11.8,11.8,11.8,11.9,12,11.9,12,11.9,15.9,11.9,11.8,11.8,11.9,11.9,11.8,11.9,11.9,12,15.9,11.8,11.9,12,11.9,11.9,12,11.9,11.9,11.9,15.9,12,11.9,11.8,11.8,11.8,11.9,12,11.9,11.9,16,11.8,11.9,11.7,11.9,11.9,11.9,11.8,11.8,11.8,15.9,11.8,11.9,11.8,11.8,11.8,11.7,11.8,11.8,11.7,15.9,12,11.8,11.8,11.7,11.6,11.7,11.8,11.8,11.6,15.9,11.9,11.8,11.8,11.8,11.8,11.6,11.8,11.8,11.8,15.9,11.9,11.6,11.8,12,11.9,11.9,12,12.1
0.000047,15.9,11.8,11.8,11.9,12,11.9,11.8,11.8,11.9,11.9,11.8,15.9,11.9,11.9,11.9,11.9,11.8,12.1,11.9,11.9,11.8,15.9,11.9,11.8,11.8,11.9,11.9,11.9,11.9,12,11.8,15.9,11.8,11.9,12,11.9,11.9,11.9,11.9,11.9,11.9,15.9,12,12,11.8,11.8,11.8,11.9,11.9,12,11.8,15.9,11.8,11.9,11.7,11.9,11.9,11.9,11.8,11.8,11.8,15.9,11.7,11.9,11.8,11.8,11.8,11.7,11.8,11.7,11.8,16,11.9,11.8,11.8,11.8,11.7,11.7,11.8,11.8,11.7,15.9,12,11.7,11.8,11.8,11.8,11.6,11.8,11.7,11.8,15.9,11.9,11.7,11.8,11.9,11.9,11.9,12,12.1
0.0000472,15.9,11.8,11.8,12,11.9,11.9,11.8,11.8,12,11.9,11.8,15.9,12,12,12,11.9,11.9,12.1,11.9,11.9,11.9,15.9,11.9,11.9,11.8,11.9,12,11.9,11.9,12,11.8,16,11.8,11.9,12,12,11.9,12,12,12,11.9,15.9,12,11.9,11.9,11.8,11.9,11.9,11.8,11.9,11.7,15.9,11.9,11.9,11.7,11.8,11.9,11.9,11.8,11.8,11.8,15.9,11.7,11.9,11.8,11.8,11.8,11.6,11.8,11.8,11.8,15.9,11.9,11.9,11.7,11.8,11.7,11.7,11.8,11.8,11.7,15.9,12,11.7,11.8,11.9,11.8,11.7,11.8,11.8,11.8,15.9,11.8,11.7,11.8,12,11.8,11.8,11.9,12.1
0.0000474,15.9,11.9,11.7,12,11.9,11.9,11.7,11.8,11.9,11.9,11.8,15.9,12,12.1,12,11.9,11.9,12.1,11.9,11.8,11.9,15.9,11.9,11.9,11.9,12,12,12,11.8,12,11.8,15.9,11.9,12,12,12,11.9,12,11.9,12.1,11.9,16,12,11.9,12,11.8,11.8,11.9,11.8,11.9,11.6,15.9,11.9,11.8,11.7,11.9,11.9,11.9,11.8,11.8,11.8,15.9,11.7,11.8,11.8,11.8,11.8,11.7,11.8,11.8,11.8,16,11.8,11.8,11.8,11.8,11.8,11.8,11.8,11.8,11.7,15.9,11.9,11.7,11.7,11.8,11.8,11.7,11.8,11.7,11.8,15.9,11.9,11.8,11.8,11.9,11.8,11.8,12,12.1
0.0000476,15.9,11.9,11.8,12,12,11.8,11.6,11.8,11.9,11.9,11.8,16,12,12.1,12,11.9,12,12.1,11.9,11.8,11.9,15.9,11.9,11.9,11.9,12,12.1,12,11.8,12,11.8,15.9,11.9,11.9,12,12.1,11.9,12,11.9,12,11.9,15.9,11.9,12,12,11.8,11.9,11.9,11.8,11.9,11.7,15.9,11.9,11.8,11.8,11.9,12,11.9,11.8,11.8,11.8,16,11.7,11.8,11.8,11.8,11.8,11.8,11.8,11.8,11.8,16,11.8,11.8,11.8,11.8,11.9,11.8,11.8,11.7,11.7,15.9,11.9,11.8,11.6,11.8,11.8,11.8,11.8,11.8,11.8,15.9,11.8,11.7,11.8,11.9,11.8,11.8,12,12.1
0.0000478,15.9,11.9,11.8,12,11.9,11.8,11.7,11.8,11.9,11.9,11.8,15.9,11.9,12,12,11.9,11.9,12,11.9,11.8,11.9,15.9,11.8,11.9,11.9,12,12.1,12,11.8,12,11.8,15.9,11.8,11.9,11.9,12.1,11.8,12,11.9,12,11.9,15.9,11.9,12,12,11.9,11.9,11.9,11.8,11.9,11.8,15.9,11.8,11.8,11.8,11.9,11.8,11.8,11.8,11.8,11.8,15.9,11.7,11.8,11.8,11.9,11.8,11.8,11.8,11.8,11.8,15.9,11.7,11.8,11.7,11.8,11.8,11.8,11.8,11.8,11.8,15.9,11.8,11.8,11.7,11.8,11.8,11.9,11.8,11.7,11.8,15.9,11.8,11.8,11.8,11.9,11.8,11.8,12,12.1
0.000048,15.9,12,11.9,12,11.9,11.8,11.7,11.9,11.9,11.9,11.9,15.9,11.9,12,11.9,11.9,12,11.9,11.9,11.8,11.9,15.9,11.8,11.9,11.9,12,12.1,12,11.8,12,11.8,15.9,11.8,11.9,11.9,12,11.9,12,11.9,12,11.9,15.9,11.8,12,11.9,12,11.9,11.9,11.9,11.8,11.8,16,11.8,11.8,11.8,11.8,11.8,11.8,11.8,11.9,11.8,16,11.8,11.8,11.9,11.9,11.8,11.8,11.8,11.8,11.8,15.9,11.7,11.8,11.8,11.9,11.8,11.8,11.8,11.7,11.7,16,11.8,11.8,11.8,11.8,11.8,12,11.8,11.8,11.8,15.9,11.8,11.8,11.8,11.9,11.8,11.8,12.1,12
0.0000482,15.9,11.8,12,12,11.9,11.8,11.8,12,11.9,12,11.9,15.9,11.8,12,12,11.9,12,11.8,11.9,11.8,11.9,15.9,11.9,11.9,12,12,12.1,12,11.7,11.9,11.8,15.9,11.8,11.9,11.9,12,11.9,12,11.9,11.9,11.9,16,11.8,12,11.9,11.9,11.9,11.9,11.9,11.8,11.9,15.9,11.8,11.8,11.8,11.9,11.8,11.8,11.8,11.9,11.8,16,11.8,11.8,11.9,11.9,11.8,11.7,11.8,11.8,11.8,15.9,11.7,11.8,11.8,11.9,11.8,11.7,11.8,11.7,11.7,16,11.8,11.8,11.7,11.7,11.8,12,11.8,11.8,11.8,15.9,11.8,11.8,11.8,11.8,11.8,11.8,12.1,12.1
0.0000484,15.9,11.8,12,11.9,11.9,11.8,11.9,12,11.9,11.9,11.8,15.9,11.9,11.9,12,11.8,12,11.8,11.9,11.8,11.9,16,11.9,11.8,12.1,12,11.9,12,11.8,11.9,11.9,15.9,11.8,11.9,11.9,12,11.9,12,11.8,11.8,11.9,15.9,11.8,12,11.9,11.9,11.9,11.9,11.9,11.8,12,15.9,11.9,11.9,11.8,11.8,11.8,11.8,11.8,11.9,11.8,15.9,11.8,11.8,11.9,11.9,11.8,11.8,11.8,11.8,11.8,15.9,11.7,11.7,11.8,11.9,11.7,11.6,11.7,11.8,11.7,15.9,11.8,11.9,11.8,11.8,11.8,11.9,11.8,11.8,11.8,15.9,11.8,11.9,11.7,11.8,11.9,11.8,12.1,12
0.0000486,15.9,11.8,12.1,11.9,11.9,11.8,12,12,11.9,11.9,11.9,15.9,11.8,11.8,11.9,11.9,12,11.7,11.9,11.8,11.9,16,11.9,11.8,12.1,11.9,11.8,12,11.8,11.9,12,15.9,11.8,11.9,11.9,11.9,11.9,12,11.8,11.8,11.8,15.9,11.8,12,11.8,11.9,11.8,12,12,11.8,12,16,11.9,11.9,11.8,11.9,11.8,11.8,11.9,11.9,11.8,15.9,11.8,11.9,11.9,11.8,11.8,11.8,11.8,11.9,11.8,15.9,11.8,11.7,11.7,11.8,11.7,11.7,11.7,11.7,11.7,15.9,11.8,11.9,11.7,11.8,11.8,11.9,11.8,11.8,11.8,15.9,11.8,11.9,11.7,11.9,11.9,11.8,11.9,12
0.0000488,15.9,11.8,12,11.8,11.9,11.9,12.1,11.9,11.9,11.9,11.8,15.9,11.8,11.8,11.9,11.9,12,11.8,11.8,11.8,11.8,15.9,12,11.7,12.1,11.8,11.8,12,11.9,11.9,12,15.9,11.8,11.9,11.9,11.8,12,11.9,11.9,11.8,11.9,15.9,11.9,12,11.8,11.9,11.8,12.1,12,11.8,11.9,16,11.8,11.9,11.8,11.9,11.8,11.8,11.8,11.9,11.8,16,11.8,11.9,12,11.8,11.8,11.7,11.8,11.8,11.8,15.9,11.8,11.8,11.7,11.8,11.6,11.6,11.8,11.8,11.7,15.9,11.8,11.8,11.8,11.7,11.8,11.9,11.8,11.8,11.8,16,11.8,11.9,11.7,11.9,11.9,11.8,11.9,12
0.000049,15.9,11.8,11.9,11.9,11.9,11.9,12.1,11.9,11.9,11.8,11.8,15.9,11.9,11.8,11.9,11.9,11.9,11.8,11.8,11.9,11.8,15.9,12,11.7,12.1,11.8,11.8,11.8,12,11.9,12,15.9,11.8,11.9,11.9,11.8,12,11.9,11.9,11.8,11.9,15.9,11.9,12,11.9,11.8,11.8,12,12,11.9,11.8,16,11.8,11.9,11.7,11.8,11.9,11.8,11.9,11.9,11.8,15.9,11.8,11.8,11.9,11.8,11.8,11.6,11.8,11.9,11.8,15.9,11.8,11.7,11.8,11.8,11.6,11.7,11.8,11.8,11.7,15.9,11.9,11.8,11.8,11.8,11.8,11.8,11.8,11.9,11.8,15.9,11.8,12,11.8,11.9,11.9,11.8,11.9,12
0.0000492,15.9,11.7,11.9,11.9,11.8,11.9,12.1,11.8,12,11.8,11.8,16,12,11.8,11.9,11.9,11.8,11.9,11.8,11.9,11.9,15.9,11.9,11.7,12,11.8,11.8,11.8,12,11.9,11.9,15.9,11.9,11.9,11.9,11.8,12,12,11.9,11.8,11.9,15.9,12,12,11.9,11.8,11.8,12.1,12,11.8,11.8,16,11.8,11.8,11.7,11.9,11.9,11.9,11.9,11.8,11.8,15.9,11.8,11.8,11.8,11.8,11.8,11.6,11.8,11.9,11.7,15.9,11.8,11.8,11.8,11.7,11.7,11.6,11.8,11.8,11.7,15.9,12,11.8,11.8,11.8,11.8,11.8,11.8,11.8,11.8,15.9,11.8,11.8,11.8,11.9,11.9,11.8,12,12
0.0000494,15.9,11.8,11.9,11.9,11.9,11.9,12,11.8,12,11.8,11.8,15.9,12,11.8,11.9,11.9,11.8,12,11.8,11.9,12,15.9,11.9,11.7,12,11.8,11.8,11.8,12,11.9,11.8,15.9,11.8,11.9,12,11.8,11.9,11.9,11.9,12,11.9,15.9,12,12,11.8,11.8,11.8,12,12.1,11.8,11.8,15.9,11.8,11.9,11.7,11.9,12,12,11.9,11.8,11.8,15.9,11.8,11.8,11.8,11.8,11.8,11.5,11.8,11.9,11.7,15.9,11.8,11.8,11.8,11.6,11.7,11.6,11.8,11.8,11.7,15.9,12,11.7,11.8,11.8,11.8,11.8,11.8,11.8,11.8,15.9,11.8,11.7,11.8,11.9,11.9,11.8,12,12
0.0000496,15.9,11.8,11.8,11.9,11.9,11.9,11.9,11.8,11.9,11.8,11.8,15.9,12.1,11.9,12,11.9,11.8,12.1,11.8,11.9,11.9,15.9,11.9,11.7,11.9,11.9,11.8,11.8,11.9,11.9,11.8,15.9,11.8,12,11.9,11.8,11.9,11.9,11.9,12,11.9,15.9,12,11.9,11.8,11.9,11.8,11.9,12,11.8,11.8,15.9,11.9,11.9,11.7,11.8,12.1,12,11.9,11.7,11.8,15.9,11.8,11.8,11.7,11.8,11.8,11.6,11.8,11.9,11.7,16,11.8,11.8,11.8,11.6,11.8,11.7,11.9,11.8,11.7,15.9,11.9,11.8,11.8,11.8,11.9,11.8,11.8,11.8,11.8,15.9,11.8,11.7,11.8,12,11.9,11.9,12,12
0.0000498,15.9,12,11.8,12,11.9,11.8,11.8,11.8,11.9,11.8,11.8,16,12.1,11.9,11.9,11.9,11.8,12,11.9,11.8,12,15.9,11.9,11.8,11.8,11.9,11.8,11.9,11.9,11.9,11.8,15.9,11.8,11.9,11.9,11.9,11.9,11.9,11.8,12,11.9,15.9,11.9,11.9,11.8,11.8,11.9,11.9,11.9,11.8,11.8,15.9,11.8,11.9,11.8,11.8,12.2,12,11.8,11.8,11.8,15.9,11.7,11.8,11.7,11.8,11.8,11.6,11.8,11.9,11.7,15.9,11.8,11.8,11.8,11.7,11.8,11.8,11.9,11.8,11.7,15.9,11.9,11.8,11.8,11.8,11.9,11.8,11.8,11.8,11.8,15.9,11.8,11.7,11.8,12,11.9,11.9,12,12.1
0.00005,15.9,12,11.8,12,11.9,11.9,11.8,11.8,11.9,11.9,11.8,15.9,12,12,11.9,11.9,11.8,12,12,11.8,12,15.9,11.8,11.9,11.8,12,11.9,11.9,11.8,11.9,11.8,15.9,11.8,12,11.9,11.9,11.8,11.9,11.8,12,11.9,15.9,11.9,12,11.9,11.8,11.9,11.8,11.9,11.9,11.8,16,11.8,11.9,11.8,11.8,12.2,12,11.8,11.8,11.8,16,11.8,11.8,11.7,11.8,11.8,11.6,11.8,11.8,11.8,15.9,11.7,11.9,11.8,11.7,11.8,11.8,11.9,11.7,11.7,16,11.8,11.8,11.7,11.8,12,11.8,11.8,11.8,11.8,15.9,11.8,11.8,11.9,12,11.9,11.9,12,12
0.0000502,15.9,12,11.8,12,12,11.8,11.7,11.8,11.9,12,11.9,15.9,12,12,12,11.9,11.8,12,12.1,11.8,12,15.9,11.8,11.9,11.8,12,11.9,12,11.9,11.9,11.8,15.9,11.8,11.9,11.8,12,11.8,11.9,11.8,12.1,11.9,16,11.9,12,11.9,11.8,12,11.8,11.9,11.9,11.8,15.9,11.8,11.8,11.8,11.8,12.1,11.9,11.8,11.8,11.8,15.9,11.8,11.8,11.7,11.7,11.7,11.7,11.8,11.8,11.8,15.9,11.7,11.9,11.8,11.8,11.8,11.8,11.8,11.7,11.7,15.9,11.8,11.8,11.8,11.8,12,11.8,11.8,11.8,11.8,15.9,11.8,11.8,11.9,11.9,11.9,11.9,12,12
0.0000504,15.9,12,11.9,12,12,11.9,11.8,11.8,11.8,12.1,11.8,16,11.9,12,12,11.9,11.9,11.9,12,11.8,12.1,15.9,11.8,12,11.8,12,11.9,12,11.8,11.9,11.9,15.9,11.8,11.9,11.8,12,11.8,12,11.8,12.1,12,15.9,11.9,12,11.9,11.8,12,11.8,11.9,12,11.8,15.9,11.9,11.8,11.9,11.8,12,11.8,11.7,11.8,11.8,15.9,11.8,11.8,11.8,11.8,11.7,11.8,11.8,11.8,11.8,15.9,11.7,11.8,11.8,11.8,11.8,11.8,11.8,11.8,11.8,16,11.7,11.8,11.7,11.8,12,12,11.8,11.8,11.8,15.9,11.8,11.9,11.9,11.9,11.8,11.8,12.1,12
0.0000506,15.9,12,11.9,12,12,11.9,11.8,11.8,11.9,12.1,11.9,16,11.9,11.9,11.9,11.8,11.9,11.9,12,11.8,12,15.9,11.8,12,12,12,11.9,12,11.8,11.9,11.9,15.9,11.8,11.9,11.8,12,11.8,11.9,11.8,12.1,11.9,15.9,11.8,12,12,11.8,12.1,11.9,11.9,12,11.8,15.9,11.9,11.8,11.9,11.9,11.8,11.8,11.7,11.9,11.9,16,11.8,11.8,11.8,11.8,11.7,11.8,11.8,11.8,11.8,16,11.7,11.8,11.8,11.8,11.8,11.8,11.7,11.7,11.7,15.9,11.7,11.8,11.7,11.8,11.9,11.9,11.8,11.8,11.8,15.9,11.8,11.9,11.8,11.8,11.8,11.8,12,11.9
0.0000508,15.9,12,11.9,12,11.9,11.9,11.8,11.9,11.8,12.1,11.9,15.9,11.9,11.9,11.9,11.8,12,11.9,12,11.8,12,15.9,11.9,12,12,12,11.8,12,11.8,11.9,11.9,15.9,11.9,11.9,11.8,12,11.8,11.9,11.9,12,12,15.9,11.8,12.1,12,11.7,12,11.9,11.9,12,11.8,15.9,11.9,11.8,11.9,11.9,11.8,11.8,11.8,11.8,11.9,15.9,11.8,11.8,11.8,11.8,11.8,11.8,11.8,11.8,11.8,15.9,11.8,11.7,11.8,11.8,11.8,11.7,11.7,11.7,11.7,15.9,11.8,11.8,11.8,11.8,11.8,11.9,11.8,11.8,11.9,15.9,11.8,11.9,11.8,11.8,11.9,11.8,11.9,12
0.000051,15.9,11.9,11.9,11.9,12,11.9,11.9,11.9,11.9,12.1,11.9,15.9,11.9,11.9,11.9,11.8,12,11.9,11.9,11.8,11.9,15.9,11.9,11.9,12,12,11.8,12,11.8,11.9,11.9,15.9,11.9,11.9,11.9,11.9,11.9,11.9,11.9,12,12,15.9,11.8,12.1,11.9,11.8,12,12,11.9,12,11.9,15.9,11.9,11.8,11.9,11.9,11.8,11.8,11.7,11.8,11.8,15.9,11.8,11.8,11.8,11.8,11.8,11.9,11.7,11.9,11.8,16,11.8,11.7,11.8,11.8,11.7,11.8,11.7,11.8,11.7,15.9,12,11.8,11.7,11.8,11.8,11.9,11.8,11.9,11.8,15.9,11.8,12,11.8,11.9,11.9,11.7,11.9,11.9
0.0000512,15.9,11.8,11.8,11.9,11.9,11.8,11.9,11.9,11.9,12,11.8,16,11.9,11.9,11.9,11.8,12.1,11.8,11.8,11.8,11.8,15.9,12,11.8,12,12,11.8,11.9,11.8,11.8,12,15.9,11.9,11.9,11.9,11.8,11.8,11.9,12,11.9,12.1,16,11.8,12,11.9,11.8,11.9,12,11.9,12,11.9,16,11.9,11.8,11.9,11.8,11.8,11.8,11.8,11.8,11.9,15.9,11.8,11.8,11.9,11.8,11.8,11.8,11.7,11.9,11.8,15.9,11.8,11.7,11.8,11.7,11.6,11.7,11.6,11.8,11.7,15.9,12.1,11.8,11.8,11.8,11.7,11.9,11.8,11.8,11.8,15.9,11.8,11.9,11.8,11.9,11.9,11.8,11.9,11.9
0.0000514,15.9,11.8,11.8,11.9,12,11.8,11.8,11.9,11.9,11.8,11.9,15.9,12,12,11.8,11.8,12,11.8,11.8,11.8,11.8,15.9,12,11.8,12,11.9,11.8,11.8,11.8,11.9,12,16,11.8,11.9,12,11.8,11.8,11.9,12,11.9,12,15.9,11.9,12,11.9,11.8,11.8,12.1,11.9,12,11.9,15.9,11.9,11.8,11.9,11.9,11.8,11.8,11.8,11.8,11.8,15.9,11.8,11.8,11.9,11.8,11.8,11.8,11.8,11.9,11.8,16,11.8,11.6,11.8,11.6,11.7,11.7,11.7,11.8,11.7,15.9,12,11.8,11.7,11.8,11.7,11.8,11.8,11.8,11.8,15.9,11.8,11.8,11.8,12,11.9,11.7,11.9,12
0.0000516,16,11.8,11.8,11.9,12,11.8,11.8,11.9,11.9,11.7,11.8,15.9,12,12,11.9,11.8,12.1,11.8,11.8,11.8,11.8,15.9,12,11.8,11.9,11.9,11.8,11.8,11.8,11.9,12,15.9,11.9,11.9,12,11.8,11.8,11.9,11.9,11.9,12,15.9,11.8,11.9,11.8,11.8,11.7,12.1,11.9,11.9,11.9,15.9,11.9,11.7,11.9,11.8,11.8,11.9,11.8,11.8,11.8,15.9,11.8,11.7,11.8,11.8,11.8,11.8,11.8,11.9,11.8,16,11.8,11.6,11.8,11.5,11.6,11.7,11.8,11.8,11.8,15.9,12.1,11.8,11.7,11.8,11.7,11.8,11.8,11.7,11.8,15.9,11.8,11.7,11.8,12,12,11.8,11.9,12
0.0000518,15.8,11.8,11.8,11.9,12,11.8,11.8,11.8,11.9,11.7,11.9,15.9,12,12,11.8,11.9,12,11.9,11.8,11.9,11.8,15.9,12,11.7,11.9,11.9,11.8,11.8,11.8,11.8,11.9,15.9,11.9,11.9,12,11.8,11.9,11.9,11.8,11.9,12,16,11.9,11.9,11.8,11.9,11.7,12.1,12,11.9,11.9,15.9,11.8,11.8,11.9,11.8,11.8,11.9,11.8,11.8,11.8,15.9,11.8,11.8,11.8,11.8,11.8,11.7,11.9,12,11.8,15.9,11.7,11.7,11.8,11.6,11.7,11.8,11.8,11.8,11.7,15.9,12,11.8,11.7,11.9,11.7,11.9,11.8,11.6,11.8,15.9,11.8,11.7,11.8,12,11.9,11.8,12,12
0.000052,15.6,11.8,11.8,11.9,12,11.8,11.8,11.8,11.9,11.7,11.8,15.9,11.9,12,11.8,11.8,12,11.9,11.8,11.9,11.9,15.9,12,11.8,11.8,11.9,11.8,11.8,11.8,11.9,11.9,15.9,11.8,11.9,12,11.8,11.9,11.9,11.8,11.9,11.9,15.9,12,11.9,11.8,11.9,11.8,12,11.9,11.9,11.8,15.9,11.8,11.8,11.9,11.8,11.8,12,11.8,11.7,11.8,15.9,11.8,11.8,11.8,11.8,11.8,11.7,11.9,11.9,11.8,15.9,11.7,11.8,11.8,11.6,11.7,11.7,11.9,11.8,11.8,15.9,11.9,11.8,11.8,11.8,11.8,11.9,11.8,11.6,11.8,15.9,11.8,11.7,11.8,11.9,11.9,11.8,11.9,12
0.0000522,12.7,11.9,11.9,11.9,12,11.8,11.8,11.8,11.9,11.8,11.9,15.9,12,12.1,11.8,11.8,11.9,12,11.9,11.8,11.9,15.9,11.9,11.8,11.8,11.9,11.8,11.8,11.8,11.9,11.9,15.9,11.8,12,12,11.9,12,11.9,11.8,11.9,11.8,15.9,11.9,11.9,11.8,12,11.8,12,11.9,11.8,11.8,16,11.8,11.9,11.8,11.8,11.8,12,11.8,11.7,11.8,15.9,11.9,11.8,11.8,11.8,11.8,11.7,11.9,11.8,11.8,16,11.7,11.8,11.8,11.7,11.8,11.8,11.9,11.8,11.8,15.9,11.9,11.8,11.8,11.8,11.8,11.8,11.8,11.6,11.8,16,11.8,11.8,11.8,11.9,11.9,11.9,12,12.1
0.0000524,9.3,11.9,12,11.9,11.9,11.9,11.8,11.8,11.9,11.9,11.8,15.9,11.9,12,11.8,11.8,11.8,12,11.9,11.8,12,15.9,11.9,12,11.8,11.9,11.9,11.8,11.8,12,11.9,15.9,11.8,12,12,12,11.9,11.9,11.8,11.9,11.8,15.9,12,11.9,11.8,12,11.8,11.9,11.9,11.8,11.8,15.9,11.8,11.9,11.8,11.8,11.8,12,11.8,11.8,11.8,15.9,11.8,11.8,11.8,11.8,11.8,11.7,11.9,11.8,11.8,15.9,11.7,11.8,11.8,11.7,11.8,11.8,11.9,11.8,11.8,15.9,11.8,11.8,11.8,11.8,11.8,11.8,11.8,11.7,11.8,15.9,11.8,11.8,11.8,11.8,11.9,11.9,12,12
0.0000526,8.04,11.9,12.1,11.9,11.9,11.8,11.8,11.8,11.9,12.1,11.9,15.9,11.9,12,11.8,11.8,11.8,12,12,11.8,12.1,15.9,11.9,12,11.8,12,11.8,11.8,11.8,11.8,11.9,15.9,11.8,11.9,12,12,11.9,11.9,11.9,11.9,11.8,15.9,12,12,11.8,11.9,11.8,11.9,12,11.8,11.8,15.9,11.7,11.9,11.8,11.8,11.8,11.9,11.8,11.8,11.8,16,11.8,11.8,11.8,11.9,11.8,11.7,11.9,11.8,11.8,16,11.7,11.9,11.8,11.8,11.8,11.8,11.8,11.8,11.8,15.9,11.8,11.7,11.9,11.8,11.9,11.8,11.8,11.8,11.7,16,11.8,11.9,11.9,11.8,11.9,12,12,12.1
0.0000528,8.09,12,12,11.9,11.9,12,11.9,11.8,11.9,12.2,11.9,16,11.8,11.9,11.8,11.7,11.8,12,12,11.9,12.1,15.9,11.9,12,11.9,12,11.9,11.9,11.8,11.9,12,15.9,11.8,11.8,11.9,12,11.9,12,12,11.9,11.8,15.9,12,12,11.8,11.9,11.9,11.9,11.9,11.8,11.8,15.9,11.7,11.9,11.9,11.8,11.9,12,11.8,11.8,11.8,15.9,11.8,11.8,11.9,11.8,11.8,11.7,11.8,11.7,11.8,15.9,11.7,11.9,11.8,11.8,11.8,11.8,11.9,11.8,11.8,15.9,11.9,11.8,11.9,11.8,11.9,11.7,11.8,11.8,11.7,16,11.8,11.9,11.9,11.8,11.9,11.9,12,12.1
0.000053,8.09,12,12,11.9,11.8,12,11.8,11.8,11.9,12.2,11.8,15.9,11.9,11.8,11.9,11.7,11.8,12,12,11.9,12,15.9,12,12,12,11.9,11.9,11.9,11.8,11.9,11.9,15.9,11.9,11.8,11.9,12,11.8,11.9,11.9,11.9,11.8,16,12,12,11.8,11.8,11.8,11.8,12,11.8,11.8,15.9,11.8,11.9,11.9,11.9,12,11.9,11.8,11.8,11.8,15.9,11.8,11.8,11.9,11.9,11.9,11.7,11.8,11.8,11.8,15.9,11.8,11.8,11.8,11.8,11.8,11.8,11.8,11.8,11.7,16,11.9,11.7,11.8,11.8,11.9,11.8,11.8,11.8,11.8,15.9,11.8,11.9,11.9,11.8,11.9,11.9,12,12
0.0000532,8.13,12,12,11.9,11.8,12,11.8,11.8,11.9,12.2,11.8,15.9,11.9,11.8,11.9,11.7,11.9,12,12,11.8,12,15.9,12,12,12,11.9,11.9,12,11.8,11.9,11.9,15.9,11.8,11.8,12,12,11.8,12,12,11.9,11.9,15.9,12,12,11.9,11.8,11.9,11.8,12,11.8,11.8,15.9,11.8,11.8,11.8,11.9,12,11.9,11.8,11.9,11.8,15.9,11.7,11.8,11.9,11.8,11.8,11.7,11.7,11.8,11.8,16,11.8,11.8,11.8,11.8,11.8,11.8,11.8,11.8,11.6,16,11.9,11.8,11.8,11.7,11.8,11.8,11.8,11.9,11.8,16,11.8,12,11.8,11.8,11.9,11.8,11.8,12.1
0.0000534,8.09,12,11.9,11.9,11.8,12,11.8,11.8,11.9,12.2,11.9,15.9,11.9,11.8,11.9,11.8,11.9,12,11.9,11.8,12,16,12,12,12.1,11.9,11.9,11.9,11.8,11.9,11.9,16,11.8,11.8,12,12,11.8,12,12,11.9,12,15.9,11.9,12,12,11.8,11.9,11.9,12.1,11.8,11.8,15.9,11.8,11.8,11.8,11.9,12,11.8,11.8,11.8,11.9,15.9,11.7,11.8,12,11.8,11.8,11.7,11.7,11.8,11.8,15.9,11.8,11.8,11.7,11.7,11.8,11.8,11.8,11.9,11.6,15.9,12.1,11.8,11.7,11.7,11.8,11.8,11.8,11.9,11.8,15.9,11.7,11.8,11.8,11.8,12,11.7,11.8,12.1
0.0000536,8.09,11.9,11.8,11.9,11.8,11.9,11.8,11.9,11.8,12.1,11.9,15.9,11.9,11.8,11.9,11.8,11.9,12,11.9,11.8,11.9,16,12,11.9,12.1,11.9,11.9,11.9,11.8,12,11.9,15.9,11.9,11.7,12,11.9,11.8,11.9,11.9,11.9,12,15.9,11.9,12,12,11.7,11.8,11.9,12,11.8,11.8,15.9,11.9,11.8,11.8,11.9,12,11.8,11.8,11.9,11.9,15.9,11.7,11.8,11.9,11.8,11.8,11.7,11.7,11.9,11.8,15.9,11.8,11.8,11.7,11.6,11.8,11.8,11.8,11.9,11.6,15.9,12.1,11.8,11.6,11.7,11.8,11.9,11.8,11.9,11.9,15.9,11.8,11.8,11.8,11.8,11.9,11.8,11.8,12
0.0000538,8.09,11.9,11.8,11.8,11.9,11.9,11.8,11.9,11.8,11.9,11.9,15.9,11.9,11.8,11.9,11.8,11.9,11.9,11.8,11.8,11.8,15.9,12,11.9,12,11.9,11.9,11.8,11.9,12,12,15.9,11.9,11.8,12,11.9,11.8,11.9,11.9,11.9,12,15.9,11.8,11.9,12,11.8,11.8,12,11.9,11.8,11.8,15.9,12,11.8,11.8,11.9,12,11.8,11.8,11.9,12,15.9,11.8,11.8,11.8,11.8,11.8,11.7,11.8,11.9,11.8,16,11.8,11.7,11.8,11.6,11.8,11.8,11.8,11.8,11.7,15.9,12.1,11.9,11.6,11.7,11.8,11.9,11.8,12,11.9,15.9,11.8,11.8,11.8,11.8,11.9,11.8,11.8,12
0.000054,8.09,11.8,11.8,11.9,12,11.8,11.8,11.9,11.8,11.9,11.9,15.9,11.9,11.9,11.8,11.9,11.9,11.9,11.8,11.7,11.8,15.9,12,11.9,11.8,11.9,11.9,11.8,11.8,11.9,11.9,15.9,11.9,11.8,12,11.8,11.8,12,11.8,11.9,12,15.9,11.8,11.9,11.9,11.8,11.8,11.9,11.8,11.8,11.9,15.9,12.1,11.8,11.8,11.9,12,11.8,11.8,11.9,12,15.9,11.7,11.8,11.8,11.8,11.8,11.8,11.8,11.9,11.8,15.9,11.8,11.7,11.7,11.5,11.8,11.8,11.8,11.8,11.8,15.9,12.1,11.8,11.6,11.7,11.7,11.9,11.8,11.9,11.9,15.9,11.8,11.7,11.8,11.8,12,11.8,11.9,12
0.0000542,8.04,11.8,11.8,11.9,12,11.8,11.8,11.9,11.8,11.8,11.9,15.9,11.8,12,11.8,11.9,12,11.9,11.8,11.7,11.8,15.9,11.9,11.9,11.8,11.8,12,11.9,11.9,11.9,12,15.9,11.8,11.9,12,11.8,11.9,12,11.8,11.9,12,15.9,11.8,11.9,11.8,11.9,11.8,11.9,11.8,11.9,11.8,15.9,12.1,11.8,11.9,11.8,11.9,11.8,11.8,11.8,12,15.9,11.8,11.8,11.8,11.7,11.7,11.8,11.8,12,11.9,15.9,11.8,11.7,11.7,11.6,11.8,11.8,11.7,11.8,11.8,15.9,12.1,11.8,11.7,11.7,11.7,11.9,11.8,11.9,11.9,16,11.8,11.7,11.8,11.8,12,11.8,11.9,12
0.0000544,8.13,11.8,11.9,11.9,12.1,11.8,11.8,11.9,11.9,11.8,11.9,15.9,11.8,12,11.8,11.9,11.9,11.9,11.8,11.8,11.8,15.9,11.9,11.8,11.7,11.8,12,11.8,11.9,11.8,12,15.9,11.9,11.8,12,11.8,11.9,12,11.8,11.9,12,15.9,11.8,11.9,11.8,11.9,11.8,11.9,11.8,11.9,11.8,15.9,12.1,11.8,11.8,11.8,11.9,11.8,11.9,11.9,12,15.9,11.8,11.9,11.8,11.8,11.7,11.8,11.8,11.9,11.8,16,11.7,11.8,11.7,11.6,11.8,11.8,11.7,11.7,11.8,15.9,12.1,11.8,11.8,11.7,11.7,11.9,11.8,11.8,11.8,15.9,11.8,11.8,11.8,11.8,11.9,11.8,12,11.9
0.0000546,8.09,11.8,11.9,11.8,12.1,11.8,11.9,11.9,11.9,11.7,11.9,15.9,11.8,12,11.8,11.8,11.9,11.9,11.8,11.8,11.9,16,11.9,11.9,11.7,11.9,11.9,11.8,11.9,11.8,12,16,11.8,12,12,11.8,11.8,11.9,11.8,12,12,16,11.9,12,11.8,11.9,11.8,11.8,11.8,11.8,11.8,15.9,12,11.8,11.8,11.8,11.8,11.8,11.8,11.9,11.9,15.9,11.8,11.9,11.8,11.8,11.7,11.8,11.8,11.9,11.8,15.9,11.7,11.8,11.7,11.7,11.8,11.8,11.8,11.7,11.9,15.9,12.1,11.8,11.8,11.7,11.7,11.8,11.8,11.8,11.8,15.9,11.8,11.8,11.8,11.8,11.9,11.8,12,11.9
0.0000548,8.09,11.8,12,11.9,12.1,11.8,11.9,11.9,12.1,11.8,11.8,15.9,11.8,12,11.8,11.8,11.8,12,11.9,11.9,11.9,15.9,11.9,11.8,11.8,11.9,11.8,11.8,11.9,11.8,11.9,15.9,11.9,12,11.9,11.8,11.8,11.9,11.8,12,12,15.9,11.9,12,11.9,11.9,11.8,11.9,11.8,11.9,11.9,15.9,12.1,11.8,11.8,11.8,11.8,11.9,11.8,11.9,11.8,15.9,11.7,11.8,11.8,11.8,11.8,11.7,11.8,11.8,11.8,16,11.7,11.8,11.6,11.7,11.8,11.7,11.7,11.7,11.9,15.9,12,11.8,11.9,11.7,11.8,11.8,11.8,11.8,11.8,16,11.8,11.8,11.9,11.9,11.9,11.8,12,11.9
0.000055,8.13,11.8,12,11.9,12,11.8,11.9,11.9,12.1,11.8,11.9,15.9,11.8,11.9,11.8,11.8,11.9,12,11.9,11.9,12,15.9,12,11.9,11.8,11.9,11.8,11.9,11.9,11.8,12,15.9,11.9,12,11.9,12,11.9,11.9,11.9,12.1,11.9,15.9,11.9,11.9,12,11.8,11.8,11.9,11.8,11.8,11.8,16,11.9,11.8,11.8,11.8,11.8,11.9,11.8,11.9,11.9,15.9,11.7,11.8,11.8,11.9,11.8,11.7,11.8,11.8,11.8,15.9,11.7,11.8,11.6,11.7,11.8,11.7,11.8,11.7,11.8,15.9,12,11.8,11.9,11.7,11.8,11.8,11.8,11.7,11.8,15.9,11.9,11.8,11.9,11.8,11.9,11.8,12,11.9
0.0000552,8.09,11.8,11.9,11.9,12,11.8,11.9,11.8,12.1,11.9,11.9,15.9,11.9,11.8,11.8,11.7,11.9,12,11.9,12,12,15.9,11.9,11.8,11.9,11.9,11.8,11.9,11.8,11.8,11.9,15.9,11.9,11.9,11.9,12,11.8,11.9,11.9,12,11.9,16,12,11.9,12,11.8,11.8,12,11.8,11.8,11.8,16,11.9,11.8,11.8,11.8,11.8,12,11.8,11.9,11.8,16,11.7,11.8,11.8,11.9,11.8,11.6,11.8,11.8,11.8,15.9,11.8,11.8,11.7,11.7,11.7,11.7,11.8,11.7,11.8,15.9,12,11.7,11.9,11.8,11.8,11.8,11.8,11.6,11.7,16,11.9,11.9,11.9,11.9,12,11.9,12,12
0.0000554,8.09,11.8,11.8,12,12,11.8,11.9,11.8,12,12,11.9,15.9,11.9,11.8,11.8,11.8,11.9,12.1,11.9,11.9,12.1,15.9,12,11.8,11.9,12,11.8,11.9,11.8,11.8,11.9,15.9,11.9,11.9,11.9,12,11.8,11.9,11.9,12,11.9,15.9,12,11.9,12,11.8,11.8,11.9,11.8,11.9,11.8,15.9,11.8,11.9,11.8,11.9,11.9,11.9,11.7,11.8,11.7,16,11.8,11.7,11.9,11.9,11.8,11.6,11.8,11.8,11.8,15.9,11.8,11.8,11.7,11.8,11.7,11.7,11.9,11.8,11.8,16,11.9,11.7,11.9,11.8,11.9,11.8,11.8,11.6,11.8,15.9,11.9,11.9,11.9,11.9,11.9,11.8,12,11.9
0.0000556,8.04,11.9,11.9,11.9,12,11.8,11.9,11.9,12,12,11.9,15.9,12,11.8,11.9,11.9,11.9,12,11.9,11.9,12.1,15.9,12,11.8,12,11.9,11.8,12,11.8,11.9,11.9,15.9,11.8,11.9,11.8,12,11.8,11.8,12,12,11.9,15.9,12,11.9,11.9,11.8,11.8,11.9,11.7,11.8,11.9,15.9,11.8,11.8,11.8,12,11.9,12,11.8,11.8,11.7,16,11.7,11.7,11.8,11.8,11.8,11.6,11.8,11.8,11.8,15.9,11.8,11.8,11.8,11.8,11.8,11.7,11.9,11.9,11.7,15.9,11.9,11.7,11.8,11.8,11.9,11.8,11.8,11.6,11.8,15.9,11.8,11.9,11.9,11.9,11.9,11.9,11.9,12
0.0000558,8.09,11.9,11.8,11.9,12,11.9,11.9,11.8,11.9,12,11.9,16,11.9,11.8,11.8,11.9,11.8,12.1,11.9,11.9,12,15.9,12,11.8,12,11.9,11.8,12,11.8,11.9,11.8,15.9,11.9,11.9,11.8,12,11.8,11.8,12,11.9,11.9,15.9,12,11.9,11.9,11.8,11.9,11.9,11.7,11.8,11.9,15.9,11.8,11.8,11.8,12,12,12,11.8,11.8,11.7,15.9,11.8,11.7,11.8,11.9,11.9,11.6,11.8,11.8,11.8,15.9,11.8,11.8,11.8,11.8,11.7,11.8,11.9,12.1,11.7,15.9,11.9,11.7,11.7,11.8,11.9,11.9,11.8,11.7,11.8,16,11.8,11.9,11.9,12,11.9,11.9,12,12.1
0.000056,8.09,11.9,11.8,12,12,11.9,11.8,11.7,11.9,11.9,11.9,15.9,11.9,11.7,11.8,11.9,11.9,12.1,11.9,11.8,11.8,15.9,11.9,11.8,12,11.9,11.8,11.9,11.8,12,11.9,15.9,11.8,11.9,11.8,11.9,11.8,11.8,11.9,11.8,11.9,16,11.9,12,12,11.8,12,12,11.7,11.8,11.9,16,11.8,11.8,11.8,12,11.9,12,11.8,11.8,11.8,16,11.8,11.8,11.8,11.9,11.8,11.7,11.8,11.8,11.8,15.9,11.8,11.8,11.9,11.8,11.7,11.8,11.9,12.2,11.7,15.9,11.8,11.7,11.7,11.8,11.8,11.9,11.8,11.8,11.7,15.9,11.8,11.9,11.9,12,11.9,11.9,11.9,12
0.0000562,8.04,11.9,11.8,11.9,12,11.8,11.9,11.8,11.9,11.9,11.9,16,12,11.8,11.8,12,12,12,11.8,11.8,11.7,15.9,11.8,11.8,12,11.9,11.9,11.9,11.9,12,11.9,15.9,11.9,11.8,11.8,11.9,11.8,11.9,11.9,11.8,11.9,15.9,11.9,11.9,12,11.8,11.9,11.9,11.8,11.8,11.8,15.9,11.8,11.9,11.8,12,12,12,11.8,11.7,11.8,15.9,11.9,11.8,11.8,11.9,11.8,11.8,11.8,11.8,11.9,15.9,11.8,11.8,11.8,11.8,11.8,11.9,11.9,12.2,11.7,15.9,11.8,11.8,11.6,11.8,11.8,11.9,11.8,11.9,11.8,15.9,11.8,11.9,11.9,12,11.8,11.9,11.9,12
0.0000564,8.04,11.9,11.8,12,12,11.8,11.8,11.8,11.9,11.9,11.9,15.9,12,11.8,11.8,11.9,12,11.9,11.9,11.8,11.6,15.9,11.8,11.8,12,11.9,12,11.9,11.9,12,12,15.9,11.8,11.8,11.8,11.8,11.8,12,11.9,11.8,12,16,11.9,11.9,11.9,11.8,11.9,12,11.8,11.8,11.8,15.9,11.9,11.8,11.8,11.9,12,11.9,11.8,11.8,11.8,16,11.8,11.9,11.8,11.9,11.7,11.8,11.8,11.8,11.9,15.9,11.8,11.8,11.9,11.8,11.8,11.8,11.8,12.2,11.7,15.9,11.8,11.8,11.7,11.8,11.7,11.9,11.8,11.9,11.8,15.9,11.7,11.8,11.9,11.9,11.8,11.8,11.9,12.1
0.0000566,8.04,11.8,11.9,11.9,12,11.9,11.9,11.9,11.9,11.8,11.9,15.9,11.9,11.9,11.8,11.9,12,11.9,11.9,11.8,11.6,15.9,11.8,11.8,11.9,12,12.1,11.9,11.9,11.9,12,15.9,11.8,11.8,11.8,11.8,11.8,12,11.9,11.8,11.9,15.9,11.9,11.9,12,11.8,11.8,12,11.9,11.8,11.8,16,12,11.8,11.8,11.9,12,11.9,11.8,11.8,11.8,15.9,11.9,12,11.8,11.9,11.7,11.9,11.8,11.8,11.9,15.9,11.8,11.7,11.8,11.8,11.8,11.8,11.8,12.2,11.8,15.9,11.8,11.8,11.6,11.8,11.7,11.8,11.8,12.1,11.8,16,11.8,11.8,11.8,11.9,11.8,11.9,12,12
0.0000568,8.04,11.8,11.9,12,11.9,11.9,11.9,11.9,11.9,11.8,11.9,16,12,11.9,11.8,11.8,11.9,11.9,11.9,11.8,11.7,15.9,11.8,11.8,11.8,11.9,12.1,11.9,11.9,11.8,12.1,15.9,11.8,11.9,11.8,11.8,11.9,11.9,11.9,11.8,11.9,16,11.9,12,11.9,11.8,11.8,11.9,12,11.8,11.8,15.9,12,11.8,11.8,11.9,12,11.9,11.8,11.8,11.9,15.9,11.9,11.9,11.8,11.9,11.7,11.8,11.8,11.8,11.9,16,11.8,11.7,11.8,11.8,11.7,11.8,11.7,12.2,11.8,15.9,11.8,11.8,11.7,11.8,11.7,11.8,11.8,12,11.8,16,11.8,11.8,11.9,11.9,11.8,11.8,11.9,11.9
0.000057,8.09,11.8,12,11.9,11.8,11.8,11.9,12,12,11.8,11.9,15.9,12,11.9,11.8,11.8,12,11.8,11.9,11.8,11.7,15.9,11.8,11.8,11.9,11.9,12,11.8,11.9,11.8,12.1,15.9,11.8,11.9,12,11.8,11.9,11.8,11.9,11.8,11.9,15.9,12,12,11.9,11.9,11.8,11.9,12.1,11.8,11.8,16,12,11.9,11.8,11.8,11.9,11.8,11.9,11.8,12,15.9,11.9,11.9,11.8,11.8,11.8,11.9,11.8,11.8,11.8,15.9,11.8,11.7,11.7,11.8,11.8,11.7,11.7,12.2,11.8,15.9,11.8,11.9,11.8,11.8,11.7,11.8,11.8,12,11.8,15.9,11.8,11.7,11.9,11.9,11.8,11.8,11.9,11.8
0.0000572,8.09,11.8,12,11.9,11.7,11.8,11.9,12,12,11.9,11.9,15.9,11.9,11.9,11.9,11.8,12,11.8,11.9,11.8,11.8,15.9,11.8,11.8,11.8,11.9,12,11.8,11.9,11.8,12,15.9,11.8,11.9,11.9,11.9,11.9,11.8,11.9,11.9,11.9,15.9,12,12,11.9,11.8,11.7,11.9,12.1,11.8,11.8,15.9,12.1,11.8,11.8,11.8,11.9,11.9,11.9,11.8,11.9,16,12,11.9,11.8,11.8,11.8,11.9,11.8,11.8,11.8,15.9,11.9,11.7,11.7,11.8,11.8,11.7,11.7,12.2,11.8,15.9,11.8,11.8,11.8,11.8,11.8,11.8,11.9,11.9,11.8,15.9,11.8,11.8,11.9,11.9,11.8,11.8,11.9,11.9
0.0000574,8.09,11.8,12,11.9,11.7,11.8,11.9,12.1,11.9,11.9,11.9,15.9,12,11.9,12,11.8,12,11.8,12,11.9,11.9,15.9,11.8,11.8,11.9,11.8,11.8,11.8,11.9,11.8,12,15.9,11.8,12,12,11.9,11.9,11.7,11.9,11.9,11.9,15.9,12,12,11.8,11.8,11.7,11.9,12.1,11.8,11.8,15.9,12,11.9,11.8,11.8,11.9,11.9,11.8,11.7,11.9,16,12,11.8,11.8,11.8,11.8,11.9,11.8,11.8,11.8,15.9,11.8,11.7,11.7,11.7,11.8,11.6,11.8,12,11.7,15.9,11.8,11.8,11.8,11.7,11.8,11.8,11.9,11.8,11.8,15.9,11.8,11.8,11.9,11.9,11.8,11.8,11.8,11.9
0.0000576,8.04,11.8,11.9,11.9,11.7,11.8,11.9,12,12,11.9,11.9,15.8,11.9,11.9,11.9,11.8,12,11.8,11.9,11.9,12,15.9,11.9,11.8,11.9,11.9,11.8,11.8,11.8,11.8,11.9,15.9,11.8,11.9,11.9,11.9,11.8,11.7,11.9,11.9,12,15.9,11.9,12,11.9,11.8,11.7,11.9,11.9,11.8,11.8,16,12,11.8,11.8,11.9,11.9,12,11.8,11.8,11.9,15.9,12,11.8,11.8,11.8,11.9,11.8,11.8,11.8,11.7,16,11.8,11.8,11.7,11.7,11.8,11.6,11.8,12,11.8,15.9,11.8,11.7,11.8,11.7,11.8,11.8,11.9,11.7,11.8,15.9,11.8,11.8,11.9,12,11.9,11.8,11.9,12
0.0000578,8.09,11.9,11.9,11.9,11.8,11.9,11.9,12,12,11.9,11.9,16,12,11.9,11.9,11.8,12,11.8,12,11.8,12,15.9,11.9,11.9,12,11.9,11.7,11.8,11.9,11.9,11.8,15.9,11.7,12,11.9,12,11.8,11.8,12,12,11.9,16,11.9,12,11.9,11.9,11.8,11.9,11.8,11.8,11.8,16,11.9,11.9,11.8,11.9,11.9,12,11.8,11.7,11.8,15.9,12,11.8,11.8,11.8,11.8,11.8,11.8,11.8,11.6,15.9,11.8,11.8,11.7,11.8,11.8,11.7,11.9,11.8,11.7,16,11.8,11.7,11.8,11.7,11.9,11.8,11.9,11.7,11.8,15.9,11.8,11.8,12,12,12,11.9,12,11.9
0.000058,8.04,11.9,11.9,12,11.8,11.8,11.9,11.9,11.9,11.8,11.9,15.9,12,11.8,12,11.9,11.9,11.9,11.9,11.8,12.1,15.9,12,11.9,12,11.9,11.8,11.9,11.8,11.9,11.9,15.9,11.8,11.9,11.9,12,11.8,11.9,11.9,12,11.9,15.9,11.9,12,11.9,11.9,11.8,11.8,11.8,11.8,11.8,15.9,11.9,11.8,11.8,12,11.9,12,11.8,11.7,11.8,15.9,11.9,11.8,11.8,11.8,11.9,11.8,11.8,11.8,11.6,16,11.7,11.9,11.8,11.7,11.7,11.8,11.9,11.9,11.7,15.9,11.8,11.7,11.8,11.8,11.9,11.9,11.8,11.6,11.8,15.9,11.8,11.8,12,12,12,11.9,12,11.9
0.0000582,8.09,11.9,11.9,12,11.9,11.9,11.8,11.9,11.9,11.9,11.8,15.9,12,11.8,11.9,11.9,11.8,11.8,11.9,11.8,12,15.9,12,11.9,11.9,11.9,11.8,11.8,11.8,11.9,11.8,16,11.8,12,11.9,12,11.9,11.9,11.9,11.9,11.9,16,11.9,12,11.9,11.9,12,11.9,11.7,11.8,11.8,15.9,11.8,11.8,11.8,12,11.9,12,11.8,11.8,11.8,15.9,11.9,11.8,11.8,11.9,11.8,11.8,11.9,11.8,11.6,15.9,11.7,11.9,11.8,11.8,11.7,11.8,11.9,11.9,11.7,15.9,11.9,11.7,11.8,11.8,11.9,11.8,11.8,11.6,11.8,15.9,11.8,11.8,12,12.1,12,11.9,12,12
0.0000584,8.04,11.9,11.9,12,12,11.9,11.8,11.8,11.9,11.9,11.8,15.9,12,11.9,11.9,11.9,11.8,11.9,11.9,11.9,12,15.9,12,11.9,11.9,11.9,11.9,11.9,11.8,11.9,11.9,15.9,11.8,12,11.8,11.9,11.9,12,11.9,11.9,11.8,15.9,11.9,12,11.9,11.8,12,11.9,11.7,11.8,11.9,16,11.8,11.8,11.8,12,11.8,11.9,11.8,11.8,11.9,15.9,11.9,11.8,11.8,11.9,11.7,11.8,11.9,11.8,11.7,15.9,11.6,11.9,11.9,11.8,11.8,11.8,11.9,11.9,11.8,16,11.9,11.8,11.7,11.9,11.9,11.8,11.7,11.7,11.9,15.9,11.8,11.8,11.9,12.1,11.9,12,12.1,12
0.0000586,8.04,11.9,11.9,12,12,11.9,11.9,11.8,11.9,12,11.8,15.9,11.9,11.9,11.8,11.9,11.8,11.9,11.9,11.8,12,15.9,12,12,11.9,11.9,12,11.9,11.9,12,11.9,15.9,11.7,11.9,11.9,11.9,11.9,12.1,11.9,11.9,11.9,15.9,11.9,12,11.9,11.8,12,11.9,11.8,11.8,11.8,15.9,11.7,11.8,11.8,12,11.9,11.8,11.8,11.8,11.8,15.9,11.9,11.8,11.8,11.9,11.6,11.8,11.9,11.8,11.7,15.9,11.6,11.9,11.8,11.7,11.7,11.9,11.8,11.9,11.8,15.9,11.8,11.8,11.8,11.9,11.9,11.8,11.7,11.8,11.9,15.9,11.8,11.8,11.9,12.1,11.9,12,12,12
0.0000588,8.13,11.8,11.9,12,12.1,11.9,11.8,11.9,11.9,12,11.8,15.9,11.9,11.9,11.8,11.9,11.8,11.8,11.9,11.8,11.9,15.9,12,12,11.8,11.9,12,11.9,12,11.9,11.9,15.9,11.7,11.9,11.9,11.8,11.9,12,11.9,11.9,11.9,15.9,11.9,11.9,11.9,11.8,12,12,11.8,11.8,11.8,16,11.7,11.8,11.8,12,11.9,11.8,11.8,11.9,11.7,16,11.9,11.8,11.8,11.9,11.7,11.8,11.9,11.7,11.8,15.9,11.6,11.9,11.8,11.7,11.7,11.8,11.8,12,11.8,15.9,11.8,11.8,11.7,11.9,11.8,11.8,11.7,11.9,11.8,15.9,11.8,11.8,11.9,12.1,11.9,11.9,12,12
0.000059,8.09,11.9,11.9,12,11.8,11.9,11.9,11.9,11.9,11.9,11.8,15.9,11.8,11.9,11.7,11.8,11.9,11.8,11.9,11.8,11.8,16,11.9,11.9,12,11.9,12,11.9,11.9,11.9,11.9,15.9,11.8,11.9,11.9,11.8,11.8,12,11.9,11.9,11.8,15.9,11.9,11.8,11.9,11.8,11.9,12,11.9,11.8,11.9,15.9,11.7,11.8,11.8,12,11.9,11.8,11.8,11.9,11.7,16,11.9,11.9,11.8,11.9,12,11.9,11.9,11.7,11.9,15.9,11.7,12.2,11.8,11.7,11.7,12,11.8,12,11.9,15.9,11.8,12,11.7,11.9,11.8,11.9,11.7,11.8,12,15.9,11.9,11.7,11.9,12,11.8,11.9,12,11.9
0.0000592,8.04,11.8,11.9,12,11.9,11.9,11.9,12,11.9,11.8,11.8,16,11.9,11.9,11.7,11.8,12,11.9,11.9,11.8,11.9,15.9,11.9,11.9,12,11.9,12,11.9,11.9,11.9,11.9,15.9,11.8,11.8,11.9,11.8,11.8,11.9,11.9,11.8,11.9,15.9,11.9,11.8,11.9,11.8,11.9,12,12,11.8,11.8,15.9,11.8,11.8,11.8,11.9,11.9,11.7,11.8,11.8,11.8,15.9,12,11.9,11.8,11.9,12,11.9,11.8,11.6,11.9,15.9,11.7,12.1,11.8,11.7,11.7,11.9,11.8,12,11.9,15.9,11.9,11.9,11.7,11.9,11.8,12,11.7,11.8,11.9,16,11.9,11.8,11.9,12,11.8,11.8,11.9,11.9
0.0000594,8.04,11.8,11.8,11.9,11.9,11.9,11.9,12.1,11.9,11.8,11.8,15.9,11.9,11.9,11.7,11.7,12,12,11.9,11.8,11.9,16,12,11.8,11.9,12,11.9,11.9,11.9,11.8,12,15.9,11.8,11.8,12,11.8,11.8,11.8,11.9,11.8,11.9,16,11.9,11.8,11.9,11.8,11.8,12,11.9,11.9,11.8,15.9,11.9,11.8,11.7,11.9,12,11.7,11.8,11.9,11.9,16,11.9,11.9,11.8,11.8,11.9,11.9,11.7,11.7,12,15.9,11.8,12,11.7,11.7,11.8,12,11.8,12.1,11.9,15.9,11.8,11.9,11.7,11.8,11.8,12.1,11.8,11.8,12,15.9,11.9,11.9,11.8,11.9,11.8,11.9,11.8,11.9
0.0000596,8.09,11.7,11.8,11.9,12,11.9,11.9,12.1,11.9,11.9,11.8,15.9,12,11.9,11.8,11.8,12,11.9,11.8,11.8,11.9,15.9,11.9,11.8,11.8,12,11.9,11.8,11.8,11.8,12,15.9,11.8,11.8,12,11.8,11.9,11.8,11.9,11.8,12,15.9,12,11.8,11.9,11.8,11.8,12,11.9,11.9,11.8,16,12,11.8,11.8,12,11.9,11.8,11.8,11.9,11.8,15.9,11.9,12,11.8,11.9,12,11.8,11.6,11.7,12,15.9,11.8,11.9,11.7,11.7,11.8,11.9,11.8,12,11.9,15.9,11.8,11.9,11.7,11.8,11.7,12.2,11.8,11.8,12,15.9,11.9,12,11.8,11.8,11.8,11.9,11.8,11.9
0.0000598,8.13,11.7,11.8,11.9,12,11.9,11.8,12.1,12,11.9,11.8,15.9,12,11.9,11.8,11.8,11.9,11.9,11.8,11.8,11.9,15.9,11.9,11.8,11.8,11.9,11.8,11.9,11.8,11.8,12,15.9,11.9,11.8,12,11.8,11.9,11.8,11.9,11.9,12.1,15.9,11.9,11.8,11.9,11.8,11.8,12,11.9,11.8,11.7,15.9,12.1,11.8,11.8,12,11.9,11.8,11.8,11.9,11.9,15.9,11.9,11.9,11.8,11.9,11.9,11.8,11.6,11.8,12,15.9,11.9,11.9,11.6,11.7,11.8,11.9,11.8,12.1,11.9,15.9,11.8,12,11.9,11.8,11.8,12.1,11.9,11.8,12,15.9,11.8,12,11.9,11.8,11.8,12,11.8,11.9
0.00006,8.04,11.8,11.8,11.8,12,11.8,11.8,12,11.9,11.9,11.8,15.9,12.1,11.9,11.8,11.8,11.9,12,11.9,11.9,11.9,15.9,12,11.8,11.8,12,11.8,11.9,11.8,11.8,12,15.9,11.9,11.8,12,11.9,11.9,11.8,11.9,11.9,12.1,15.9,11.9,11.9,11.9,11.8,11.8,12,11.9,11.8,11.8,15.9,12,11.8,11.8,11.9,11.9,11.8,11.8,11.9,11.9,15.9,11.9,12,11.8,11.9,11.9,11.8,11.6,11.8,12.1,15.9,11.8,11.8,11.7,11.8,11.8,12,11.8,12,12,15.9,11.8,11.9,11.9,11.7,11.8,12.1,11.9,11.8,12,15.9,11.8,12.1,11.9,11.8,11.9,12.1,11.8,11.9
0.0000602,8.04,11.8,11.8,11.8,12,11.9,11.8,11.9,12,12,11.8,15.9,12.1,12,11.9,11.8,11.9,12,11.9,11.8,11.9,15.9,12,11.8,11.8,12,11.9,11.9,11.8,11.8,12,15.9,11.9,11.9,12,11.9,11.9,11.8,11.8,11.9,12.1,15.9,11.9,12,11.8,11.8,11.8,12,11.9,11.9,11.8,16,12,11.9,11.8,11.9,11.9,11.9,11.8,12,11.8,15.9,11.9,12,11.8,11.9,11.8,11.8,11.7,11.8,12.1,16,11.8,11.8,11.8,11.8,11.8,12,11.9,12,12,16,11.8,12,11.9,11.7,11.8,12.1,11.9,11.8,12,15.9,11.8,12.1,11.9,11.9,12,12.1,11.9,11.9
0.0000604,8.04,11.9,11.8,11.9,11.9,11.9,11.7,11.9,12,12,11.9,15.9,12.1,12,11.9,12,11.9,12,11.9,11.9,11.9,15.9,11.9,11.9,11.9,12,11.9,11.9,11.8,11.9,11.9,15.9,11.9,11.9,12,11.9,11.9,11.9,11.8,11.9,12.1,15.9,12,11.9,11.8,11.8,11.8,11.9,11.9,12,11.8,15.9,11.9,11.8,11.8,11.9,11.9,11.9,11.8,12,11.8,15.9,11.9,12,11.8,11.9,11.8,11.7,11.7,11.8,12.2,15.9,11.9,11.8,11.8,11.8,11.8,12,11.9,11.9,12.1,15.9,11.8,12,12,11.8,11.8,12,11.9,11.8,12,15.9,11.8,12,11.8,11.9,12,12,11.9,11.9
0.0000606,8.04,11.9,11.9,12,11.9,11.9,11.9,11.8,11.9,12.1,11.8,16,12,11.9,11.7,11.8,11.8,11.8,11.9,11.8,11.8,15.9,11.9,11.9,12,11.9,12,11.9,11.8,11.9,11.9,15.9,11.8,11.9,11.9,11.8,11.9,12,11.9,11.9,12,15.9,11.9,11.8,12,11.8,11.9,12,11.9,11.8,11.9,15.9,11.7,11.8,11.8,11.9,11.9,11.8,11.8,11.9,11.7,15.9,11.9,11.9,11.8,11.9,11.8,11.9,11.9,11.7,12.2,15.9,11.7,11.8,11.8,11.7,11.7,12,11.8,11.9,12,15.9,11.8,12,11.7,11.9,11.8,12,11.7,11.8,12,15.9,11.9,12,11.9,12,11.8,12,11.9,11.9
0.0000608,8.04,11.8,11.9,12,11.9,11.9,11.9,11.8,11.9,12,11.8,16,12,11.9,11.7,11.8,11.9,11.9,11.9,11.8,11.9,15.9,11.9,11.9,12,11.9,12,11.9,11.8,11.9,11.9,15.9,11.9,11.8,11.9,11.8,11.9,11.9,11.9,11.8,11.9,15.9,11.9,11.8,12,11.8,11.9,12,11.9,11.8,11.8,15.9,11.8,11.8,11.8,11.8,11.9,11.7,11.8,11.9,11.8,15.9,11.8,11.9,11.8,11.9,11.9,11.9,11.8,11.6,12.1,15.9,11.7,11.9,11.8,11.7,11.7,11.9,11.8,11.9,12,15.9,11.9,11.9,11.7,11.9,11.8,11.9,11.7,11.8,12,15.9,11.9,11.9,11.9,12.1,11.8,12,11.9,11.9
0.000061,8.09,11.8,11.8,11.9,11.9,11.9,11.9,11.8,11.9,12,11.8,15.9,12,11.9,11.7,11.7,11.9,12,11.9,11.8,11.9,15.9,12,11.8,12,12,11.9,11.9,11.8,11.8,12,15.9,11.8,11.8,12,11.8,11.9,11.8,11.9,11.8,11.8,15.9,11.9,11.8,11.9,11.8,11.8,12,12,11.9,11.8,16,11.9,11.8,11.7,11.9,12,11.7,11.8,11.9,11.9,15.9,11.8,11.9,11.8,11.8,11.9,11.9,11.7,11.7,12,16,11.8,12,11.7,11.7,11.8,12,11.8,12,11.9,15.9,11.8,11.9,11.7,11.8,11.8,12,11.8,11.8,12,15.9,11.9,11.8,11.8,12.1,11.8,11.9,11.9,11.9
0.0000612,8.09,11.7,11.8,11.9,12,11.9,11.9,11.8,11.9,11.9,11.8,15.9,11.8,11.9,11.8,11.8,12,11.9,11.8,11.8,11.9,15.9,11.9,11.8,12.1,12,11.9,11.8,11.9,11.8,12,15.9,11.8,11.8,12,11.8,11.8,11.8,11.9,11.8,11.8,15.9,12,11.8,12,11.8,11.8,12,12,11.9,11.8,15.9,12,11.8,11.8,11.9,11.9,11.8,11.8,11.8,11.8,15.9,11.7,12,11.8,11.9,12,11.8,11.6,11.7,12,15.9,11.8,12,11.7,11.7,11.8,12,11.8,12,11.9,15.9,11.8,12,11.7,11.8,11.7,12,11.8,11.8,12,15.9,11.9,11.8,11.8,12.1,11.8,11.9,11.8,11.9
0.0000614,8.09,11.7,11.8,11.9,12.1,11.9,11.8,11.9,12,11.9,11.8,16,11.9,11.9,11.8,11.8,12,11.9,11.8,11.8,11.9,15.9,11.9,11.8,12,11.9,11.8,11.9,11.9,11.8,12,15.9,11.8,11.8,12,11.8,11.9,11.8,11.9,11.9,11.8,16,11.9,11.8,12,11.8,11.8,12,12,11.8,11.7,15.9,12.1,11.8,11.8,11.9,11.9,11.8,11.8,11.8,11.9,15.9,11.7,11.9,11.8,11.9,12,11.8,11.6,11.8,11.9,15.9,11.9,12,11.6,11.7,11.8,12,11.8,12,11.8,15.9,11.8,12,11.9,11.8,11.8,12,11.9,11.8,11.9,15.9,11.8,11.7,11.9,12,11.8,11.9,11.8,11.9
0.0000616,8.09,11.8,11.8,11.8,12.1,11.8,11.8,11.9,11.9,11.8,11.8,15.9,11.8,11.9,11.8,11.8,12.1,12,11.9,11.9,11.9,15.9,12,11.8,12,12,11.8,11.9,11.9,11.8,12,15.9,11.8,11.8,12,11.9,11.9,11.8,11.9,11.9,11.8,15.9,11.9,11.9,12,11.8,11.8,12,12,11.8,11.8,15.9,12,11.8,11.8,12,11.9,11.8,11.8,11.8,11.9,16,11.8,12,11.8,11.9,12,11.8,11.6,11.8,11.8,15.9,11.8,12,11.7,11.8,11.8,12,11.8,12,11.8,15.9,11.8,12,11.9,11.7,11.8,11.9,11.9,11.8,12,16,11.8,11.7,11.9,12,11.9,11.9,11.8,11.9
0.0000618,8.09,11.8,11.8,11.8,12,11.9,11.8,11.9,12,11.8,11.8,15.9,11.9,12,11.9,11.8,12.1,12,11.9,11.8,11.9,15.9,12,11.8,12,12,11.9,11.9,11.9,11.8,12,15.9,11.8,11.9,12,11.9,11.9,11.8,11.8,11.9,11.8,15.9,11.9,12,12.1,11.8,11.8,12,12.1,11.9,11.8,15.9,12,11.9,11.8,12,11.9,11.9,11.8,11.8,11.8,15.9,11.8,12,11.8,11.9,12,11.8,11.7,11.8,11.9,15.9,11.8,12,11.8,11.8,11.8,12,11.9,12,11.8,15.9,11.8,11.9,11.9,11.7,11.8,11.9,11.9,11.8,12,15.9,11.8,11.8,11.9,12,12,11.9,11.8,11.9
0.000062,8.09,11.9,11.8,11.9,12,11.9,11.7,11.9,12,11.9,11.9,15.9,12,12,11.9,12,12.1,12,11.9,11.9,11.9,15.9,11.9,11.9,11.9,12,11.9,11.9,11.9,11.9,11.9,15.9,11.9,11.9,12,11.9,11.9,11.9,11.8,11.9,11.9,15.9,12,12,12,11.8,11.8,11.9,12.1,12,11.8,15.9,11.9,11.8,11.8,12,11.9,11.9,11.8,11.8,11.8,15.9,11.9,12,11.8,11.9,11.9,11.7,11.7,11.8,11.9,15.9,11.9,12,11.8,11.8,11.8,12,11.9,12.1,11.8,16,11.8,11.9,12,11.8,11.8,11.9,11.9,11.8,12,15.9,11.8,11.8,11.8,12.1,12,12,11.8,11.8
0.0000622,8.04,11.8,11.8,11.9,12,11.8,11.9,11.9,11.9,11.9,11.9,15.9,12,11.8,11.8,11.8,12.1,12,11.9,11.9,11.9,15.9,11.9,11.9,11.9,11.9,11.9,11.8,12,11.9,12,15.9,11.8,11.8,12,12,11.9,11.9,12,12,11.9,15.9,11.9,12,12,12,11.8,12,12,12,11.8,15.9,12,11.9,11.8,12,11.9,11.9,11.9,11.9,12,15.9,12,11.9,12,12,11.8,11.8,12,12,11.8,15.9,12,11.9,12,11.8,11.9,12,11.9,12,11.8,15.9,11.9,12,11.9,12,11.8,12,11.9,12,11.9,16,12,12,11.9,12,11.9,12,11.9,11.9
0.0000624,8.09,11.9,11.7,11.9,12,11.8,11.9,11.9,11.9,12,11.9,15.9,12,11.8,11.8,11.9,12.1,12,11.9,11.9,12,15.9,11.9,11.9,11.9,12,11.9,11.8,12,12,12,15.9,11.9,11.8,12,11.9,11.9,11.8,12.1,12,12,15.9,11.9,12,11.9,12,11.9,12,12,12,11.8,16,11.9,11.9,11.8,11.9,11.8,11.9,12,11.8,12,15.9,12,11.9,11.8,12,11.8,11.8,12.1,12,11.8,15.9,11.9,11.9,12,11.8,11.9,11.9,11.9,12,11.8,15.9,11.8,12,11.8,12,11.8,11.9,11.9,12.1,11.8,15.9,11.9,12,11.9,12.1,12,12.1,11.9,11.9
0.0000626,8.04,11.9,11.6,11.9,12,11.8,11.9,11.9,12,12.1,11.8,15.9,12,11.8,11.8,11.9,11.9,12,11.9,11.9,12,15.9,11.9,11.9,11.9,12,11.9,11.8,12,12,12,15.9,11.9,11.9,12,12,12,11.8,12,11.9,12,15.9,11.9,12,11.9,12,11.9,11.9,12,11.9,11.8,15.9,11.9,11.9,11.8,11.9,11.8,11.9,11.9,11.9,12,15.9,12.1,11.8,11.8,12,11.8,11.8,12,12,11.8,15.9,11.9,11.9,12,11.8,11.9,12,11.9,12,11.9,15.9,11.8,11.9,11.8,12,11.9,12,11.9,12,11.8,15.9,12,12,11.9,12.1,11.9,12,12,11.9
0.0000628,8.09,11.9,11.7,11.9,12,11.9,11.9,11.9,11.9,12.1,11.9,15.9,11.9,11.9,11.9,11.9,11.8,11.9,11.9,11.9,12.1,15.9,11.9,11.9,11.9,12,11.9,11.8,12,12,12,15.9,11.8,11.9,11.9,11.9,12,11.9,12.1,11.9,11.9,15.9,11.9,12,11.9,12,12,11.9,12,11.9,11.8,16,11.8,11.9,11.8,11.9,11.9,11.9,11.9,11.9,12,15.9,12,11.8,11.8,12,11.8,11.7,12,12.1,11.8,15.9,11.9,11.9,12,11.8,11.9,12,11.9,11.9,11.9,15.9,11.8,11.9,11.8,12,11.9,12,12,12,11.8,15.9,12,12,12,12.1,12,12.1,12,11.9
0.000063,8.09,12,11.8,12,11.9,11.9,11.9,11.9,12,12.1,11.9,15.9,11.8,12,12,11.9,11.8,11.9,11.9,11.9,12.1,16,11.9,11.9,11.8,12,11.9,11.9,11.9,11.9,12,15.9,11.9,12,11.9,11.8,12,11.8,12,12,12,16,12,12,11.9,11.9,12,11.9,11.9,11.9,11.8,15.9,11.8,11.9,11.8,11.8,12,11.9,11.9,11.9,12,15.9,12,11.8,11.8,12,11.8,11.7,11.9,12,11.9,15.9,11.9,11.8,12,11.9,12,12,11.9,11.9,12,15.9,11.8,11.9,11.8,12,12,12,12,12,11.8,15.9,12,12,12,12,11.9,12,12,11.9
0.0000632,8.09,11.9,11.8,12,11.9,12,11.9,11.9,11.9,12,11.9,15.9,11.9,12,12,11.8,11.8,12,11.9,11.9,12,15.9,11.9,11.9,11.8,12,11.9,11.9,11.9,11.9,12,15.9,11.8,12,11.8,11.8,12,11.8,12,12,12,16,11.9,12,11.9,11.9,12,11.9,11.9,11.9,11.9,15.9,11.8,11.9,11.8,11.8,11.9,11.9,11.9,11.9,11.9,15.9,12,11.8,11.9,12,11.8,11.7,11.9,12,11.9,15.9,12,11.9,12,11.9,12,12,12,11.8,12,15.9,12,12,12,12,12,12,12,11.9,11.8,15.9,11.9,11.8,12,12.1,11.9,11.9,12,11.9
0.0000634,8.09,11.9,12,12,12,12,11.8,11.9,12,11.9,11.9,15.9,11.9,12.1,12,11.9,11.8,12,12,11.9,12,15.9,11.9,11.9,11.8,12,11.9,12,11.9,11.8,12,15.9,11.8,12,11.8,11.8,11.9,11.9,12,12,12,16,12,12,12,11.8,12,11.9,11.8,11.8,11.8,15.7,11.7,12,11.8,11.8,12,11.8,11.9,11.8,11.8,15.9,11.8,11.9,12,12.1,11.9,11.8,11.8,11.9,11.9,15.9,11.9,11.9,12.1,12,12,11.9,12,11.8,12,15.9,12,11.9,12,12,12,12,11.9,11.8,11.8,15.9,11.9,11.7,12,12,11.9,11.9,11.8,11.9
0.0000636,8.09,12,12,12,12.1,12,11.8,11.9,12,11.9,11.9,15.9,11.9,12.1,12,11.9,11.9,12,12,11.9,11.9,15.9,11.9,11.8,11.8,12,11.9,12,11.8,11.8,12,15.9,11.8,12,11.9,11.8,11.9,11.9,12,12,11.9,15.9,12,12,12,11.8,12,11.9,11.9,11.8,11.9,15.9,11.8,11.9,11.8,11.8,12,11.8,11.9,11.9,11.8,15.9,11.8,11.9,12,12.1,12,11.8,11.8,11.9,11.9,15.9,12,11.9,12,12,11.9,11.9,11.9,11.8,11.9,15.9,12,11.9,12,11.9,12,12,11.9,11.9,11.9,15.9,11.9,11.7,12,12,11.9,12,11.8,11.9
0.0000638,8.09,11.9,12.1,12,12.2,12,11.8,11.9,12,11.8,11.9,15.9,11.9,12.1,11.9,11.9,11.9,12,12,11.9,11.9,15.9,11.9,11.8,11.8,12,11.9,12,11.8,11.8,12,15.9,11.8,12,12,11.9,12,11.9,12,12,11.9,16,12,12,13.7,11.8,11.9,11.9,11.9,11.8,11.9,15.9,11.9,11.9,11.8,11.9,12,11.9,11.9,11.9,11.8,15.9,11.9,11.9,12.1,12.1,11.9,12,11.9,11.9,12,15.9,11.9,11.9,12.1,12,11.9,11.9,11.9,11.9,11.9,15.9,12,12,12,11.9,12,12,11.9,11.8,12,15.9,11.9,11.7,12,12,11.9,11.9,11.8,11.9
0.000064,8.04,11.9,12,12,12.2,12,11.8,11.9,12,11.8,11.9,15.9,12,12,11.8,11.8,12,12,12,11.8,11.9,15.9,11.9,11.8,11.8,12,11.9,12,11.8,11.8,12,15.9,11.7,11.9,12,11.9,12,11.9,12,12,11.9,15.9,12,12,15.8,11.8,12,11.9,11.9,11.8,11.8,15.9,11.9,11.9,11.9,11.9,12,12,11.8,11.9,11.8,15.9,13.4,12,12.1,12.1,12,12.1,11.9,11.9,12,16,12,11.9,12,12,11.9,12,11.9,11.9,11.9,15.9,12,12,12,11.9,12.1,11.9,12,11.8,12,15.9,11.9,11.7,11.9,12,11.9,12,11.7,11.9
0.0000642,8.09,11.9,11.9,12,12.2,11.9,11.8,11.9,11.9,11.9,11.9,16,12,12,11.8,11.7,12,11.9,12,11.8,11.9,15.9,11.9,11.8,11.9,12,11.9,12,11.9,11.8,12,15.9,11.8,11.9,12,12.1,11.9,11.9,11.9,12,11.9,15.9,12,11.9,15.9,11.9,11.9,11.9,12,11.8,11.8,15.9,12,11.8,11.9,11.9,12,12,11.9,12,11.9,15.9,15.8,12,12,12.1,11.9,12.1,11.9,11.9,12,16,11.9,11.9,12,11.9,11.8,12,11.9,12,11.9,16.1,12.1,12,11.9,11.9,12.1,11.9,11.9,11.8,12.1,15.9,11.8,11.7,11.9,12,11.9,12,11.8,11.9
0.0000644,8.04,11.9,11.9,11.9,12.1,11.9,11.8,12.2,11.9,11.9,11.8,15.9,12,11.9,11.8,11.8,12,12,12,11.8,12,15.9,11.9,11.8,11.9,11.9,11.9,12,11.9,11.9,11.9,15.9,11.8,11.8,12,12.1,12,11.9,11.9,12,11.9,16,12,12,15.9,11.9,11.9,11.9,12,11.9,11.8,16,12.1,11.9,11.9,11.9,12,12.1,11.9,11.9,11.9,15.9,15.9,12.1,12,12.1,11.9,12,11.9,11.9,12.1,15.9,11.9,12,11.9,11.8,11.7,12,11.9,12.2,11.9,15.9,12,11.9,12,11.8,12,12,11.9,11.8,12,16,11.9,11.8,11.9,12,11.9,12.1,11.8,11.8
0.0000646,8.09,11.8,11.8,12,12.1,11.9,11.8,14.2,11.8,12,11.9,16,11.9,11.9,11.9,11.8,12.1,12,12,11.8,12.1,15.9,11.9,11.9,12,12,11.9,11.9,11.9,12,11.9,15.9,11.9,11.8,12,12.1,12,11.8,11.8,12,12,15.9,12,12,16,12,12,11.9,11.9,11.9,11.8,15.9,12.1,11.9,11.9,11.9,11.9,12,11.9,11.8,12,15.9,16,12.1,12,12,11.9,12,12,11.9,12,16,11.8,11.9,11.8,11.8,11.8,12,11.9,14.5,11.9,15.9,12,12,11.9,11.8,12,12,11.9,11.8,12,15.9,11.9,11.8,11.9,11.9,11.9,12,11.8,11.9
0.0000648,8.04,11.9,11.8,11.9,12,11.9,11.8,15.8,11.8,12,11.8,15.9,11.9,11.9,11.9,11.8,12,12,12,11.8,12.2,15.9,11.8,11.8,12,12,12,11.9,11.8,12.1,12,15.9,11.9,11.8,12,12.1,12,11.8,11.9,12,12,15.9,12,12,16,12,11.9,11.9,11.9,11.9,11.8,15.9,12.1,11.9,12,11.9,11.8,12.1,11.9,11.8,12.1,15.9,16,12,12,11.9,11.8,11.9,12,11.9,12,15.9,11.8,12,11.7,11.8,11.8,12,12,15.9,11.9,15.9,12,12,11.9,11.8,11.9,12.1,11.9,11.7,11.9,15.9,12,11.9,11.9,14.2,12,12,11.8,11.9
0.000065,8.09,11.9,11.8,12,12,11.8,11.8,15.9,11.8,12.1,11.9,16,11.9,11.9,11.9,11.9,12,12,12,11.8,12.1,15.9,11.8,11.9,11.9,12,11.9,11.9,11.9,12,12,15.9,12,11.8,12,12.1,12,11.8,11.9,12,12,16,11.9,12,16,11.9,11.9,11.9,12,12,11.9,15.9,12,11.8,11.9,11.9,11.8,12,11.9,11.9,12.1,15.9,16,12,12,12,11.9,11.9,12,11.9,12,15.9,11.9,12,11.7,11.8,11.8,11.9,12,15.9,11.9,15.9,12,12,11.9,11.8,11.9,12.1,11.9,11.8,11.9,15.9,12,12,11.9,15.9,12,12,11.9,11.9
0.0000652,8.04,11.9,11.8,12,12,11.8,11.8,16,11.9,12.1,11.9,16,11.8,11.9,12,11.8,12,12,11.9,11.8,12.1,15.9,11.8,11.8,11.9,12,11.9,11.9,11.8,12,12,15.8,12,11.9,11.9,12,12,11.8,11.9,12,12,15.9,11.9,12,16,12,12,11.9,11.9,12,11.9,16,11.9,11.8,11.9,11.9,11.8,11.9,11.9,11.9,12.1,15.9,16,11.9,11.9,12,11.8,11.8,12,11.9,12,15.9,11.9,12,11.7,11.8,11.8,11.9,12.1,16,11.9,16,11.9,12,11.9,11.9,11.9,12.1,12,11.8,11.8,16,12,12,11.9,15.9,11.9,11.9,11.8,12
0.0000654,8.04,11.9,11.9,11.9,12,11.9,11.8,15.9,12,12.1,12,15.8,11.8,11.9,11.9,11.9,11.9,12,12,11.9,12,15.9,11.8,11.9,11.8,12,12,11.8,11.9,12,12,15.7,12,11.9,11.9,11.9,12,11.9,11.9,12,12,16,11.8,12.1,16,11.8,11.9,11.9,11.9,12,11.9,16,11.8,11.9,11.8,11.9,11.9,11.8,11.9,11.9,12.1,15.9,16,11.9,11.9,12.1,11.8,11.7,11.9,12,12,15.9,11.9,12,11.7,11.9,11.8,11.9,12,16,11.9,15.9,11.9,12,11.9,11.9,11.9,12.1,12,11.9,11.8,15.9,12,12,12,16,11.9,11.8,11.9,11.9
0.0000656,8.04,11.9,11.9,11.9,12,11.9,11.8,16,12,12.1,11.9,15.7,11.8,12,11.9,11.9,11.9,12,11.9,11.9,12,15.9,11.9,11.9,11.9,12,12,11.9,11.9,12,12,12.7,12,11.9,11.9,11.8,12,12,12,11.9,12,15.9,11.9,12.1,16,11.8,11.8,11.9,11.8,11.9,11.9,15.9,11.8,11.9,11.8,11.8,11.8,11.8,11.9,11.9,12,15.9,16,11.8,11.9,12,11.8,11.8,11.9,12,12,15.9,12,11.9,11.8,11.9,11.8,11.8,12.1,16,11.9,15.9,11.9,12,12,11.9,11.9,12,12,12,11.9,15.9,12,12,11.9,15.9,12,11.8,11.8,11.9
0.0000658,8.04,11.9,12,11.9,12,11.9,11.9,15.9,12.1,12,11.8,13.4,11.9,12,11.9,11.9,11.9,12,11.9,12,11.9,16,11.9,11.9,11.9,12,12.1,11.9,12,11.9,11.9,9.43,12,12,11.9,11.8,12,12,12,11.9,12,16,11.9,12,16,11.8,11.8,11.9,11.9,11.8,11.9,15.9,11.8,11.9,11.8,11.8,11.9,11.8,11.8,12,12,15.9,15.9,11.8,11.9,12,11.8,11.8,11.8,12,12,15.9,12.1,11.9,11.9,11.9,11.8,11.8,12.1,16,11.9,15.9,11.9,12,11.9,12,11.9,12,12,12,11.9,15.9,12,11.9,11.9,16,12,11.8,11.9,11.9
0.000066,8.04,11.9,12,12,12.1,12,11.9,16,12.1,12,12,10.1,11.9,12,11.9,11.9,11.9,11.9,11.9,12,11.9,15.9,12,11.9,11.9,11.9,12.1,12,12,11.8,11.9,8.04,12,12,11.9,11.8,12,12,11.9,12,12,15.9,12,12,16,11.8,11.8,11.9,11.8,11.8,11.9,15.9,11.8,11.9,11.7,11.8,12,11.8,11.9,12,11.9,15.9,16,11.9,12,12,11.9,11.8,11.8,12,12,15.9,12.1,11.9,12,12,11.8,11.7,12,16,11.9,15.9,11.9,12,11.9,12,11.9,12,12,12.1,11.9,15.9,11.9,11.9,12,16,12,11.9,11.8,11.9
0.0000662,8.04,11.9,12,11.9,12.1,11.9,11.9,16,12,12,11.9,8.09,11.9,12,11.9,11.8,11.9,12,11.9,11.9,11.9,15.9,12,11.9,11.9,11.9,12.2,11.9,11.9,11.9,11.9,8.09,11.9,11.9,11.9,11.8,11.9,11.9,12,12,12,15.9,12,12,16,11.8,11.8,12,11.9,11.8,11.9,15.9,11.9,11.9,11.7,11.8,12,11.9,12,11.9,11.8,15.9,16,11.9,12,12,11.9,11.8,11.8,12,12,15.9,12,11.9,12,12,11.8,11.8,12,16,11.9,15.9,12,11.9,11.8,11.9,12,11.9,12,12.1,11.9,15.9,11.8,12,12,15.9,11.9,11.9,11.8,11.9
0.0000664,8.04,11.9,12,11.9,12.1,11.9,11.9,15.9,12,11.9,11.9,8.04,12,11.9,11.9,11.9,11.9,12,11.8,11.9,11.9,15.9,12,11.9,12,11.9,12.2,11.9,11.9,11.8,11.8,8.04,12,11.9,11.9,11.8,11.9,11.8,12,12,11.9,15.9,12,12,16,11.9,11.8,11.9,12,11.8,11.8,15.9,12,11.9,11.7,11.9,12,12,11.9,11.9,11.8,16,16,12,12,12,11.9,11.8,11.8,12,12,15.9,12,12,12.1,12,11.9,11.8,11.9,16,11.9,15.9,12,11.8,11.8,12,12,11.8,12,12.1,12,15.9,11.8,11.9,12,15.9,11.9,12,11.8,11.9
0.0000666,8.04,11.9,12,12,12.1,11.9,11.9,16,12,11.9,11.9,8.09,12,11.9,11.9,11.8,12,12,11.8,11.9,11.9,15.9,11.9,11.9,12,11.9,12.2,11.9,12,11.9,11.8,8.13,12,11.9,11.9,11.9,11.9,11.7,12,11.9,11.9,15.9,12,12,16,11.8,11.8,11.9,12,11.8,11.9,15.9,12.1,11.9,11.7,11.9,12,12,11.9,11.9,11.8,15.9,16,12,11.9,12,11.9,11.8,11.9,12,12,15.9,12,12,12.1,12,11.8,11.9,11.9,16,11.9,15.9,12,11.8,11.8,11.9,12,11.9,11.9,12,12.1,15.9,11.8,11.9,12,16,11.8,12.1,11.9,11.9
0.0000668,8.09,11.9,11.9,12,12,11.9,11.8,16,11.9,11.9,11.9,8.09,11.9,12,11.9,11.9,12,12,11.9,11.8,11.9,15.9,11.8,11.9,12,12,12.1,12,11.9,12,11.9,8.04,12,11.9,11.9,11.9,11.9,11.7,12,12,11.9,15.9,11.9,12,16,11.8,11.9,11.9,12.1,11.8,11.9,15.9,12.2,11.8,11.7,11.9,12,12,12,11.9,11.8,16,15.9,12,12,12,11.8,11.9,11.9,12,12,15.9,11.9,12,12,12,11.9,12,11.9,16,11.9,15.9,12.1,11.8,11.8,11.9,12,11.9,11.8,12,12,15.9,11.8,11.9,11.9,15.9,11.9,12,11.8,11.8
0.000067,8.13,11.9,11.9,12,11.9,11.9,11.9,16,11.9,11.8,11.9,8.04,11.9,11.9,11.9,11.8,12,12,11.8,11.8,11.9,15.9,11.8,11.9,12.1,11.9,12,11.9,12,11.9,11.9,8.09,12,11.9,11.9,11.9,11.9,11.7,12,12,11.9,16,11.9,12,15.9,11.9,11.9,11.8,12.1,11.8,11.9,15.9,12.2,11.9,11.8,11.8,12,12.1,11.9,11.8,11.9,15.9,16,12.1,11.9,11.9,11.9,11.8,12,12.1,11.9,15.9,11.8,12,11.9,12,11.9,12,11.8,16,11.8,16,12.1,11.8,11.9,11.9,12,11.8,11.8,11.8,12.1,15.9,11.8,11.9,11.9,16,11.9,12,11.8,11.9
0.0000672,8.22,11.8,11.9,11.9,11.9,11.9,11.8,16,11.9,11.8,11.9,8.09,11.9,12,11.9,11.9,11.9,12,11.8,11.8,11.9,16,11.7,11.8,12,12,11.9,11.9,11.9,12,11.9,8.09,12,11.9,11.9,11.9,11.9,11.8,11.9,12,12,15.9,12,12,16,11.9,12,11.9,12,11.9,11.9,15.9,12.1,11.9,11.8,11.9,11.9,12,11.8,11.9,11.9,15.9,16,12,11.9,12,11.9,11.8,12.1,12,11.9,15.9,11.8,12,11.9,11.9,11.9,12.1,11.9,16,11.9,15.9,12.1,11.9,11.9,11.8,12,11.9,11.8,11.7,12,15.9,11.9,11.9,12,16,11.9,12,11.8,11.9
0.0000674,8.22,11.8,11.8,12,11.9,11.9,11.9,16,11.9,11.9,11.9,8.09,11.9,11.9,11.9,11.9,11.9,12,11.8,11.8,11.8,15.9,11.8,11.8,12,12,12,11.9,12,12,12,8.04,11.9,11.9,11.9,11.9,11.9,11.8,11.9,12,11.9,15.9,11.9,12.1,16,11.9,12,11.9,12,11.9,11.9,15.9,12,11.9,11.8,11.9,11.9,11.9,11.9,11.9,12,15.9,16,12,12,12,11.9,11.8,12,12,11.8,16,11.8,11.9,11.8,11.9,11.9,12.1,12,16,11.8,15.9,12,11.9,11.8,11.8,11.9,11.9,11.8,11.7,12,15.9,11.9,11.8,11.9,16,11.9,12,11.8,11.9
0.0000676,8.26,11.9,11.9,11.9,11.9,11.9,11.9,16,11.9,11.9,11.9,8.04,12,11.9,11.9,11.9,11.9,12,11.9,11.8,11.8,15.9,11.8,11.8,12,12,12,11.8,12,12,12,8.09,11.9,11.8,12,11.9,11.9,12,11.9,12.1,11.9,15.9,12,12.1,16,11.8,12,11.9,11.9,12,11.9,15.9,11.9,11.9,11.8,11.8,11.9,11.9,11.9,11.8,12,15.9,16,11.8,11.9,12,12,11.8,12.1,12,11.8,15.9,11.9,11.9,11.8,11.9,12,12,12,16,11.8,15.9,12,12,11.9,11.8,12,11.9,11.9,11.8,12,15.9,12,11.9,12,15.9,12,11.9,11.8,11.9
0.0000678,8.26,11.9,11.9,11.9,12,11.9,11.8,15.9,11.9,11.9,11.9,8.09,12,11.9,11.9,11.9,11.9,12,11.9,11.9,11.8,15.9,11.8,11.9,12,11.9,12,11.9,12,11.9,12.1,8.04,11.8,11.9,11.9,11.9,12,12,11.9,12.1,12,15.9,11.9,12,16,11.8,12,11.9,11.9,12,11.9,15.9,11.8,11.9,11.8,11.8,11.9,12,11.9,11.8,12,15.9,16,11.8,11.9,11.9,12,11.8,12,12.1,11.8,15.9,11.9,11.9,11.8,11.8,11.9,12,12,16,11.9,15.9,12.1,12.1,11.9,11.8,11.9,11.9,11.9,11.8,12.1,15.9,12,11.9,12,16,12.1,11.9,11.8,11.9
0.000068,8.26,12,11.9,12,12.1,11.9,11.9,16,11.9,12,11.9,8.04,12,11.9,11.9,12,11.9,12,11.9,11.9,11.8,16,11.8,11.9,11.9,12,12.1,11.8,12,12,12,8.04,11.8,12,12,11.9,12,12,11.9,12.1,12,15.9,11.9,12,16,11.8,11.9,12,12,12,11.9,16,11.7,11.9,11.8,11.9,11.9,11.9,11.9,11.9,12,15.9,16,11.8,11.9,12,12,11.9,12,12,11.8,15.9,12,11.9,11.8,11.9,11.9,12,12,16,11.9,15.9,12,12.1,11.9,11.9,11.9,11.9,12,11.8,12,16,12,11.9,11.9,16,12.1,11.9,11.8,11.9
0.0000682,8.26,11.9,11.8,12,12.2,11.9,12,16,11.9,12,11.9,8.09,12,12,11.9,12,11.9,12,11.9,11.9,11.8,15.9,11.9,11.9,12,12,12.2,11.9,12,12,12,8.09,11.7,12,12,11.9,11.9,12,11.9,12.1,12,15.9,11.9,11.9,16,11.9,11.9,12,12,11.9,11.9,15.9,11.8,11.9,11.8,11.9,11.9,11.9,11.9,11.9,12,15.9,16,11.8,11.9,12,12,11.9,11.9,12,11.9,15.9,12,11.9,11.9,11.9,11.9,12,12,16,11.9,15.9,12,12,11.9,12,11.9,12,12,11.8,12,15.9,12,11.9,11.9,16,12.2,11.9,11.8,11.9
0.0000684,8.3,11.9,11.9,12,12.2,11.9,11.9,16,11.9,12,11.9,8.09,12,11.9,12,11.9,12,12.1,11.9,11.9,11.8,15.9,12,11.9,12,12,12.2,11.9,11.9,11.9,12,8.09,11.7,12,12,11.9,11.9,11.9,11.9,12.1,11.9,15.9,11.9,11.8,16,12,11.9,12,12,11.9,11.9,15.9,11.9,11.9,11.8,11.9,12,12,11.9,12,11.9,16,16,11.8,11.9,12,12,11.9,11.8,12,11.9,15.9,12,12,12,11.9,11.9,11.9,11.9,16,11.9,15.9,12,12.1,11.9,12.1,11.9,11.9,12,11.9,12,15.9,12,11.9,12,16,12.2,11.9,11.8,11.9
0.0000686,8.3,11.9,11.9,12,12.4,11.9,11.9,16,11.9,12.1,11.9,8.04,12,11.9,12,11.9,12,12,12,11.9,11.8,15.9,12,11.8,12,12,12.1,11.9,11.9,12,11.9,8.13,12.5,12.1,12,12,12.6,11.8,11.9,12.1,11.9,15.9,11.9,11.8,15.9,11.9,11.8,11.9,12.8,11.9,11.9,15.9,11.9,11.9,11.8,12,12,12,11.9,12.4,11.9,15.9,16,11.9,11.9,12,13.6,11.9,11.8,12,12.8,15.9,12,13.2,12,11.9,11.9,13.5,12,16,11.9,15.9,12,13.1,11.9,12.1,11.9,13.3,12,11.9,12,15.9,11.9,11.9,11.9,16,12.1,12.3,11.8,11.9
0.0000688,8.26,11.9,11.8,12.1,14.8,11.9,11.8,16,12,14.4,11.9,8.04,12.2,11.9,12,11.9,12.2,12,12,11.9,11.8,16,12,11.8,13.1,11.9,12.1,11.9,12.6,12,11.9,8.09,14.9,12.1,12,12,15.1,11.8,12,12,13.1,15.9,11.9,13.3,16,12,11.8,11.9,15.3,11.9,11.9,15.9,12,11.9,11.8,13.3,12,12,11.8,14.8,11.9,15.9,16,12,11.9,12,15.8,11.8,11.8,12,15.4,15.9,11.9,15.7,12,11.9,12.2,15.8,12,16,12.7,15.9,12,15.5,11.9,12.1,11.9,15.7,12,11.9,12.1,15.9,11.8,13.2,11.8,16,12,13.6,11.9,11.9
0.000069,8.26,12,11.8,13.2,15.9,11.9,11.8,16,12.7,15.9,11.9,8.09,14.4,11.9,11.9,11.8,14.4,11.9,11.9,11.9,11.5,15.9,12,11.8,15.7,11.9,12,11.9,15.3,12,11.8,8.09,15.9,12.1,12,12.8,15.9,11.8,12,12,15.4,15.9,11.9,15.7,16,11.9,11.8,12.7,16,11.9,11.8,15.9,12,11.8,11.8,15.7,12,12,12.1,15.9,11.9,16,16,12.1,11.9,13.1,15.9,11.8,11.8,13.1,16,15.9,12.9,15.9,12.1,11.9,14.2,15.9,12,16,15.3,16,12.2,15.9,11.8,12,13.1,15.9,11.9,11.9,14.3,15.9,11.9,15.7,11.9,16,12.2,15.8,11.8,11.9
0.0000692,8.3,12,11.5,15.7,16,11.9,11.8,16,15.1,16,11.9,8.09,15.9,12,11.8,12.8,16,11.9,12,11.9,13.8,15.9,11.9,13.5,15.9,11.9,11.9,13,16,12,11.9,8.04,16,12,12,15.4,15.9,11.8,11.9,13.6,15.9,15.9,11.6,15.9,16,11.9,11.9,14.8,16,11.9,11.9,16,12,11.9,13,15.9,12,12,14.2,15.9,11.9,15.9,16,12.1,12,15.6,16,11.8,11.8,15.6,15.9,15.9,15.4,16,12.2,12,15.9,16,12,16,15.9,15.9,14.5,15.9,11.8,12,15.7,16,11.8,12.2,15.9,15.9,12.2,16,11.8,16,14.3,16,11.8,11.9
0.0000694,8.26,12,13.9,16,16,11.9,11.8,16,15.9,16,11.9,8.09,16,11.9,11.8,15.3,16,12,12,12.6,15.8,15.7,12,15.7,16,11.9,11.9,15.4,15.9,11.9,11.9,8.13,15.9,12,12.8,15.9,16,11.9,12.2,15.8,15.9,15.9,13.8,16,16,11.9,12.6,15.9,16,11.9,11.5,15.9,12,11.8,15.4,15.9,12,12,15.9,16,12,15.9,16,12.1,12.7,16,16,11.8,13.5,15.9,16,15.9,15.9,15.9,12.2,14.2,16,16,12,16,16,15.9,16,16,11.8,12.2,16,15.9,11.8,13.7,15.9,15.9,14.6,16,11.9,16,15.9,15.9,11.8,11.9
0.0000696,8.3,13.1,15.9,16,15.9,11.9,12.5,16,16,15.9,11.9,8.09,16,12,12.8,15.9,16,11.9,11.9,14.7,16,14.9,13.6,15.9,16,11.9,12.9,15.9,16,11.9,11.7,8.04,16,11.9,14.9,16,15.9,12,14.2,15.9,15.9,15.9,15.9,16,16,12.2,15.2,16,16,11.9,13.8,15.9,12,13,15.9,16,11.9,13.1,15.9,15.9,12,16,16,12.1,15.4,15.9,16,11.8,15.7,16,15.9,15.9,15.9,15.9,12.1,15.9,16,16,12.3,16,16,15.9,16,16,11.8,14.1,15.9,16,11.8,15.8,16,16,16,16,11.9,16,15.9,16,11.8,11.9
0.0000698,8.26,15.5,16,16,16,11.8,15,16,16,16,11.8,8.09,16,12,15.3,15.9,15.9,11.9,12.7,15.9,16,11.7,15.7,15.9,15.9,11.7,15.4,15.9,16,11.8,14.1,8.04,15.9,12.6,16,15.9,15.9,12.8,15.8,15.9,16,15.9,16,16,16,13.6,15.9,16,15.9,11.8,15.9,15.8,11.9,15.6,15.9,16,12.3,15.7,16,16,11.9,15.9,16,11.6,15.9,15.9,16,14.1,16,16,15.9,15.9,16,16,13.9,16,16,16,13.7,16,15.9,15.9,15.9,15.9,12.6,15.8,16,16,13,16,15.9,15.9,15.9,16,12.3,16,16,15.9,11.8,11.9
0.00007,8.35,16,15.9,15.9,16,13.4,16,16,16,15.9,14.1,8.04,16,12.8,15.9,15.9,15.9,12.1,15.3,16,16,8.39,15.9,16,16,14.1,15.9,16,16,12.1,15.9,8.09,16,14.7,16,16,16,15,16,15.9,15.9,15.9,15.9,16,16,15.7,15.9,15.9,16,14.2,16,15,13.4,16,16,16,13.7,16,15.9,15.9,14.2,15.9,16,14.1,16,15.9,16,15.8,15.9,16,16,15.9,16,16,15.8,15.9,16,16,15.8,16,15.9,15.9,15.9,16,15,15.9,16,15.9,15.6,16,16,15.9,16,15.9,14.3,16,15.9,15.9,11.8,11.9
0.0000702,8.3,16,16,16,16,15.7,15.9,16,16,16,15.8,8.04,16,15,16,15.9,16,13.6,16,15.9,15.9,8.09,15.9,16,16,15.9,15.9,16,16,14.5,15.9,8.04,15.9,15.9,16,16,15.9,15.9,16,16,16,15.9,16,16,16,15.9,16,15.9,15.9,15.9,15.9,11.8,15.8,15.9,16,16,15.8,16,15.9,15.9,15.8,15.7,16,15.9,16,15.9,16,15.9,16,16,16,15.9,15.9,16,15.9,15.9,15.9,16,16,16,16,15.9,16,16,15.9,16,15.9,16,16,16,15.9,15.9,16,16,15.9,16,16,15.9,11.8,11.9
0.0000704,8.35,16,15.9,15.9,16,16,16,16,15.9,16,16,8.09,16,15.9,16,16,16,15.8,16,16,16,8.09,16,15.9,16,15.9,16,16,16,15.9,16,8.04,16,15.9,16,16,16,15.9,16,16,16,15.9,16,15.9,16,16,16,16,16,15.9,15.9,8.56,15.9,15.9,15.9,16,15.9,15.9,16,16,16,14.9,16,16,16,15.9,16,16,16,15.9,16,15.9,16,16,16,16,15.9,16,16,16,16,15.9,16,16,16,15.9,16,16,15.9,15.9,16,15.9,16,15.9,15.9,16,16,15.9,11.8,11.8
0.0000706,8.3,16,15.9,16,16,16,15.9,16,15.9,16,15.9,8.09,16,15.9,16,16,16,16,15.9,16,16,8.09,16,16,16,15.9,15.9,15.9,16,15.9,16,8.09,16,16,16,16,15.9,15.9,16,16,16,15.9,16,16,16,15.9,16,16,16,15.9,16,8.09,15.9,16,16,16,16,15.9,16,16,16,11.7,16,15.9,16,16,16,15.9,16,16,16,15.8,15.9,16,15.9,16,15.9,16,15.9,16,15.9,15.7,16,16,15.9,16,15.9,15.9,16,15.9,15.9,15.9,16,16,16,16,16,16,11.8,11.9
0.0000708,8.35,15.9,16,16,16,16,16,16,15.9,16,16,8.09,16,16,16,15.9,16,16,16,15.9,16,8.13,16,16,16,15.9,16,16,16,16,16,8.09,16,16,16,15.9,16,16,15.9,16,15.9,15.7,16,16,16,15.9,15.9,16,16,15.9,16,8.09,16,16,16,16,15.9,16,16,16,15.9,8.39,16,16,15.9,16,16,16,16,16,15.9,13.9,16,16,16,16,16,16,16,16,15.9,14.7,16,16,16,16,16,16,16,16,16,15.7,16,16,16,16,16,16,11.8,11.9
0.000071,8.39,16,16,16,16,16,15.9,15.9,16,16,15.9,8.13,16,16,16,16,16,16,16,16,16,8.17,16,16,16,16,15.9,16,16,16,16,8.09,16,15.9,16,16,16,16,16,15.9,16,13.9,16,16,16,15.9,16,15.9,16,15.9,16,8.04,15.9,16,15.9,16,15.9,15.9,16,16,16,8.04,16,16,15.9,16,16,16,16,16,16,10.6,16,16,16,16,16,15.9,15.9,16,16,11.5,16,16,16,16,16,16,16,16,16,14,16,16,16,16,16,16,11.8,11.9
0.0000712,8.35,16,15.9,16,16,15.9,16,16,16,16,15.9,8.04,16,16,16,15.9,16,16,16,16,16,8.13,16,16,15.9,15.9,16,16,16,15.9,16,8.09,16,16,16,16,16,16,16,15.9,16,10.7,16,16,16,16,16,16,15.9,15.9,16,8.04,16,16,15.9,16,15.9,16,16,16,16,8.04,16,15.9,16,15.9,16,15.9,15.9,16,16,7.91,16,16,16,16,16,16,16,16,15.9,8.13,16,15.9,16,16,16,16,16,15.9,16,10.8,16,16,16,16,16,16,11.8,12
0.0000714,8.35,16,16,16,16,15.9,16,16,16,15.9,15.9,8.04,16,16,16,16,16,16,16,16,16,8.09,16,16,16,16,16,16,16,16,16,8.04,16,16,16,16,16,16,16,16,16,7.96,16,16,16,16,16,16,16,16,16,8.09,16,16,16,16,16,16,16,16,15.9,8.09,16,15.9,16,16,16,16,16,16,16,8.04,16,16,16,16,15.9,16,15.9,16,15.9,7.96,16,16,15.9,15.9,16,16,16,16,16,7.96,16,16,16,16,16,16,11.8,12
0.0000716,8.39,15.9,16,16,16,16,16,16,16,16,16,8.04,16,15.9,15.9,16,16,15.9,16,16,16,8.04,16,16,16,15.9,16,16,16,16,16,8.04,16,15.9,16,16,16,16,16,16,16,8.09,15.9,16,16,16,16,15.9,16,16,16,8.13,16,16,16,15.9,16,16,16,16,16,8.09,16,16,16,16,16,16,16,16,16,8.09,15.9,16,15.9,16,16,16,16,16,16,8.09,16,16,15.9,16,16,16,15.9,16,15.9,8.04,16,16,16,16,16,16,11.8,12
0.0000718,8.39,16,16,16,16,16,16,16,16,16,16,8.04,16,16,16,16,16,16,16,16,16,8.09,16,15.9,16,16,16,16,16,16,16,8.09,16,15.9,15.9,16,16,16,16,16,16,8.09,16,16,16,16,15.9,15.9,16,16,16,8.09,16,16,15.9,16,16,16,16,16,16,8.09,16,16,16,15.9,16,16,16,16,16,8.09,16,16,16,15.9,16,16,16,16,16,8.09,16,16,15.9,16,16,16,16,16,16,8.09,16,16,16,16,16,16,11.8,12
0.000072,8.43,16,16,16,16,16,16,16,16,16,16,8.09,16,16,15.9,16,16,16,16,16,16,8.04,16,16,16,15.9,16,16,16,16,16,8.04,16,16,16,16,16,16,16,16,16,8.09,16,16,16,15.9,16,16,16,16,16,8.09,16,16,16,15.9,16,15.9,16,16,16,8.09,16,15.9,16,16,16,16,16,16,16,8.13,16,16,16,16,16,16,16,16,16,8.09,16,16,16,16,16,16,16,16,16,8.09,16,16,16,16,16,16,11.8,12
0.0000722,8.56,16,16,16,16,16,16,16,16,16,16,8.09,16,16,16,16,16,16,16,16,16,8.09,15.9,16,15.9,16,16,16,16,16,16,8,16,16,15.9,16,16,15.9,16,16,15.9,8.09,16,16,16,16,15.9,16,16,16,16,8.04,15.9,15.9,16,16,16,15.9,16,16,16,8.13,16,16,16,16,16,16,16,16,15.9,8.13,16,16,16,16,16,16,16,16,16,8.09,16,16,16,16,16,16,16,16,16,8.09,16,16,16,16,16,16,11.8,11.9
0.0000724,8.65,16,16,16,16,16,16,16,16,16,16,8.09,16,16,16,16,16,16,16,16,16,8.04,16,16,16,16,16,16,16,16,16,8.09,16,16,16,16,16,16,16,16,16,8.13,16,16,16,16,16,16,16,16,16,8.13,15.9,16,16,16,16,16,16,16,16,8.04,16,16,16,16,16,16,16,16,16,8.09,16,16,16,16,16,16,16,16,16,8.04,16,16,16,16,16,16,16,15.9,16,8.13,16,16,16,16,16,16,11.7,11.8
0.0000726,8.74,16,16,16,16,16,16,16,16,16,16,8.04,16,16,16,16,16,16,16,16,16,8.09,15.9,16,16,16,16,16,16,16,16,8.04,16,16,16,16,16,16,16,16,16,8.09,16,16,16,16,16,16,16,16,16,8.13,16,16,16,16,16,16,16,16,16,8.09,16,16,16,16,16,16,16,16,16,8.17,16,16,16,16,16,16,15.9,16,16,8.04,16,15.9,16,16,16,16,16,16,16,8.09,16,16,16,16,16,16,11.8,11.8
0.0000728,8.78,16,16,16,16,15.9,16,16,15.9,16,15.9,8.04,16,16,16,16,16,16,16,16,16,8.09,16,15.9,16,16,16,16,16,15.9,16,8.04,16,16,16,16,16,16,16,16,16,8.09,16,16,16,16,16,16,16,16,16,8.09,15.9,16,16,16,16,15.9,16,16,16,8.04,16,16,16,16,16,16,16,16,15.9,8.04,16,16,16,16,16,16,16,16,16,8.04,16,16,16,16,16,16,15.9,15.9,16,8.09,16,16,16,16,16,16,11.8,11.8
0.000073,8.95,16,16,16,16,16,16,16,16,16,16,8.04,16,16,16,16,16,16,16,16,16,8.04,16,16,16,16,16,16,16,16,16,8.04,16,16,16,16,16,16,16,16,16,8.09,16,16,16,16,16,16,16,16,16,8.04,16,16,16,16,16,16,16,16,16,8.04,16,16,16,16,16,16,16,16,16,8.04,16,16,15.9,16,16,16,16,16,16,8.09,16,16,15.9,16,15.9,16,16,16,16,8.04,16,16,16,16,16,16,11.9,11.8
0.0000732,8.95,16,16,16,16,16,16,15.9,16,16,16,8.04,16,16,16,16,16,16,16,16,16,8.04,16,16,16,16,16,16,16,16,16,8.04,16,16,16,16,16,16,15.9,16,16,8.04,16,16,16,15.9,16,16,16,16,16,8.09,16,16,16,16,16,16,16,16,16,8.09,16,16,16,16,16,16,16,16,16,8.09,16,16,16,16,16,16,16,16,16,8.04,16,16,16,16,16,16,16,16,16,8.04,16,16,16,16,15.9,16,12,11.8
0.0000734,9.12,16,16,16,16,16,16,16,16,16,16,8.04,16,16,16,16,16,16,16,16,16,8.09,16,16,16,16,16,16,16,16,15.9,8.09,16,16,16,16,16,16,16,16,16,8.04,16,16,16,16,16,16,16,16,16,8.09,16,15.9,16,16,16,16,16,16,16,8.09,16,16,16,16,16,16,16,16,16,8.04,16,16,16,16,16,16,16,16,16,8.09,16,16,16,16,16,16,16,16,15.9,8.04,16,16,16,16,16,16,12,11.8
0.0000736,9.34,16,15.9,16,16,16,16,16,16,16,16,8.09,16,15.9,16,16,16,16,16,16,16,8.04,16,16,16,16,16,16,16,16,16,8.04,16,16,16,16,16,16,16,16,16,8.09,16,16,16,16,16,16,16,16,16,8.04,16,15.9,16,16,16,16,16,16,16,8.04,16,16,16,16,16,16,16,16,16,8.09,16,16,16,16,16,16,16,16,16,8.04,16,16,16,16,16,16,16,16,16,8.04,16,16,15.9,16,16,16,12,11.8
0.0000738,9.47,16,15.9,16,16,16,16,16,16,16,16,8.04,16,16,16,16,16,16,16,16,16,8.13,16,16,16,16,16,16,16,16,16,8.04,16,16,16,16,16,16,16,16,16,8.04,16,16,16,16,16,16,16,16,16,8.13,16,16,16,16,16,16,16,16,16,8.09,16,16,16,16,16,16,16,16,16,8.09,16,16,16,16,16,16,15.9,16,16,8.09,16,15.9,16,16,16,15.9,15.9,16,16,8.04,16,16,16,16,16,16,12,11.9
0.000074,9.69,16,16,16,16,16,16,16,16,16,16,8.09,16,16,16,15.9,16,16,16,16,16,8.09,16,16,16,16,16,16,16,16,16,8.13,16,16,16,16,16,16,16,16,16,8.13,16,16,16,16,16,16,16,15.9,16,8.09,15.9,16,16,16,16,16,16,16,16,8.13,16,16,16,16,16,16,16,16,16,8.13,16,16,16,16,16,16,16,16,16,8.09,16,16,16,16,16,15.9,16,16,16,8.09,16,16,16,16,16,16,11.9,11.9
0.0000742,9.86,16,16,16,16,16,16,16,16,16,15.9,8.13,16,16,16,16,16,16,16,16,16,8.09,16,16,16,16,16,16,16,16,16,8.04,16,16,16,16,16,16,16,16,16,8.04,16,16,16,16,16,16,16,16,16,8.09,16,16,16,16,15.9,16,16,16,16,8.04,16,16,16,16,15.9,16,16,16,16,8.04,16,16,16,16,16,16,16,16,16,8.04,16,16,16,16,16,16,16,16,16,8.04,16,16,16,16,16,16,11.8,12
0.0000744,10,16,16,15.9,16,16,16,16,16,16,16,8.04,16,15.9,16,16,16,16,16,16,15.9,8.04,16,16,16,16,16,16,16,16,16,8.04,16,16,16,16,16,16,16,15.9,15.9,8.13,16,16,16,16,16,16,16,16,15.9,8.04,16,16,16,16,16,16,16,16,16,8.04,16,16,16,16,16,16,16,16,15.9,8.04,16,15.9,16,16,16,16,15.9,16,16,8.09,16,16,16,16,16,16,16,16,16,8.04,16,16,16,16,16,16,11.8,12
0.0000746,10.2,16,16,16,16,16,16,16,16,16,16,8.09,16,16,16,16,16,16,16,16,16,8.13,16,16,16,16,16,16,16,16,16,8.09,16,16,16,16,16,16,16,16,16,8.04,16,16,16,16,16,16,16,16,16,8.04,16,16,16,16,16,16,16,16,16,8.04,16,16,16,16,16,16,16,16,16,8.04,16,16,16,16,16,16,16,16,16,8.04,16,16,16,16,16,16,16,16,16,8.04,16,16,16,16,16,16,11.8,12
0.0000748,10.3,16,16,16,16,16,16,16,16,16,16,8.04,16,16,16,16,16,16,16,16,16,8.09,16,16,16,16,16,16,16,16,16,8.04,16,16,16,16,16,16,16,16,16,8.09,16,16,16,16,16,16,16,16,16,8.09,16,16,16,16,16,16,16,16,16,8.09,16,15.9,16,16,16,16,16,16,16,8.13,16,16,16,16,16,16,16,16,16,8.09,16,16,16,16,16,16,16,16,16,8.04,16,16,16,16,16,16,11.8,12
0.000075,10.4,16,16,16,16,16,16,16,16,16,16,8.04,16,16,16,16,16,16,16,16,16,8.04,16,16,16,16,16,16,15.9,16,16,8.04,16,16,16,16,16,16,16,16,16,8.04,16,16,16,16,16,16,16,16,16,8.09,16,16,16,16,16,16,16,16,16,8.04,16,16,16,16,16,16,16,16,16,8.09,16,16,16,16,16,16,16,16,16,8.09,16,16,16,16,16,16,16,16,16,8.13,16,16,16,16,16,16,11.8,11.9
0.0000752,10.5,16,16,16,16,16,16,16,16,16,16,8.04,16,16,16,16,16,16,16,15.9,16,8.09,16,16,16,16,16,16,16,16,16,8.04,16,16,16,16,16,16,16,16,16,8.09,16,16,16,16,16,16,16,16,16,8.04,16,16,16,16,16,16,16,16,16,8.04,16,16,16,16,16,16,16,16,16,8.09,16,16,16,16,16,16,16,16,16,8.09,16,16,16,16,16,16,16,16,16,8.09,16,16,16,16,16,16,11.9,11.9
0.0000754,10.5,16,16,16,16,16,16,16,16,16,16,8.04,16,16,16,16,16,16,16,16,16,8.09,16,16,16,16,16,16,16,16,16,8.09,16,16,16,15.9,16,16,16,16,16,8.04,16,16,16,16,16,16,16,16,16,8.09,16,16,15.9,15.9,16,16,16,16,16,8.04,16,16,16,15.9,16,16,16,16,16,8.13,16,16,16,16,16,16,16,16,16,8.04,16,16,16,16,16,16,16,16,16,8.09,16,16,16,16,16,16,11.8,11.8
0.0000756,10.6,16,16,16,16,16,16,16,16,16,16,8,16,16,16,16,16,16,16,16,16,8.13,16,16,16,16,16,16,16,16,16,8.04,16,16,16,16,16,16,16,16,16,8.04,16,16,16,16,16,16,16,16,16,8.04,16,16,16,16,16,16,16,16,16,8.04,16,16,16,16,16,16,16,16,16,8.04,16,16,16,16,16,16,16,16,16,8.09,16,16,16,16,16,16,16,16,16,8.13,15.9,16,16,16,16,16,11.8,11.8
0.0000758,10.7,16,16,16,16,16,16,16,16,16,16,8.09,16,16,16,16,16,16,16,16,16,8.04,16,16,16,16,16,16,16,16,16,8.04,16,16,16,16,16,16,16,16,16,8.04,16,16,16,16,16,16,16,16,16,8.09,16,16,16,16,16,16,16,16,16,8.09,16,16,16,16,16,16,16,16,16,8.09,16,16,16,16,16,16,16,16,16,8.04,16,16,16,16,16,16,16,16,16,8.09,16,16,16,16,16,16,11.8,11.8
0.000076,10.8,16,16,16,16,16,16,16,16,16,16,8.04,16,16,16,16,16,16,16,16,16,8.04,16,16,16,16,16,16,16,16,16,8.09,16,16,16,16,16,16,16,16,16,8.13,16,15.9,16,16,16,16,15.9,16,16,8.13,16,16,16,15.9,16,16,16,16,16,8.04,16,16,16,16,16,16,16,16,16,8.04,16,16,16,16,16,16,16,16,16,8.04,16,16,16,16,16,16,16,16,16,8.09,16,16,16,16,16,16,11.8,11.8
0.0000762,10.9,16,16,16,16,16,16,16,16,16,16,8.09,16,16,16,16,16,16,16,16,16,8.09,15.9,16,16,16,16,16,16,16,16,8.04,16,16,16,16,16,16,16,16,16,8.09,16,16,16,16,16,16,16,16,15.9,8.04,16,16,16,16,16,16,16,16,16,8.13,16,16,16,16,16,16,16,16,16,8.09,16,16,16,16,16,16,16,16,16,8.04,16,16,16,16,16,16,16,16,16,8.04,16,16,16,16,16,16,11.8,11.8
0.0000764,11,16,16,16,16,16,16,16,16,16,16,8.04,16,16,16,16,16,16,15.9,16,16,8.04,16,16,16,16,16,16,16,16,16,8.04,16,16,16,16,16,15.9,16,16,16,8.09,16,16,16,16,16,16,16,16,16,8.04,16,16,16,16,16,16,16,15.9,16,8.09,16,16,16,16,16,16,16,16,16,8.04,16,16,16,16,16,16,16,15.9,16,8.04,16,16,16,16,16,16,16,16,16,8.04,16,16,16,16,16,16,11.8,11.8
0.0000766,11.1,16,16,15.9,16,16,16,16,16,16,16,8.13,16,16,16,16,16,16,16,16,16,8.04,16,16,16,16,16,16,16,16,16,8.04,16,16,16,16,16,16,16,16,16,8.09,16,16,16,16,16,16,16,16,16,8.04,16,16,16,16,16,16,16,16,16,8.09,16,16,16,16,16,16,16,16,16,8.09,16,16,16,16,16,16,16,16,16,8.09,16,16,16,16,16,16,16,16,16,8.04,16,16,16,16,16,16,11.8,11.9
0.0000768,11.2,16,16,16,16,16,16,16,16,16,16,8.09,16,16,16,16,16,16,16,16,16,8.04,16,16,16,16,16,16,16,16,16,8.09,16,16,16,16,16,16,16,16,16,8.09,16,16,16,15.9,16,16,16,16,15.9,8.04,16,16,16,16,16,16,16,16,15.9,8.13,16,16,16,16,16,16,16,16,16,8.04,16,16,16,16,16,16,16,16,16,8.04,16,16,16,16,16,16,16,16,16,8.09,16,16,16,16,16,16,11.8,11.9
0.000077,11.2,16,16,16,16,16,16,16,16,16,16,8.04,16,16,16,16,16,16,16,16,16,8.04,16,16,16,16,16,16,16,16,16,8.04,16,16,16,16,16,16,16,16,16,8.09,16,16,16,16,16,16,16,16,16,8.09,16,16,16,16,16,16,16,16,16,8.13,16,16,16,16,16,16,16,16,16,8.04,16,16,16,16,16,16,16,16,16,8.09,16,16,16,16,16,16,16,16,16,8.04,16,16,16,16,16,16,11.8,11.9
0.0000772,11.3,16,16,16,16,16,16,16,16,16,16,8.09,16,16,16,16,16,16,16,16,16,8.09,16,16,16,16,16,16,16,16,16,8.04,16,16,16,16,16,16,16,16,16,8.09,16,16,16,16,16,16,16,16,16,8.04,16,16,16,15.9,16,16,16,16,16,8.09,16,16,16,16,16,16,16,16,16,8.09,16,16,16,16,16,16,16,16,16,8.09,16,16,16,15.9,16,16,16,16,16,8.09,16,16,16,16,16,16,11.8,11.9
0.0000774,11.4,16,16,16,16,16,16,16,16,16,16,8.04,16,16,16,16,16,16,16,16,16,8.04,16,16,16,16,16,16,16,16,16,8.04,16,16,16,16,16,16,16,16,16,8.09,16,16,16,16,16,16,16,16,16,8.04,16,16,16,16,16,16,16,16,16,8.09,16,16,16,16,16,15.9,16,16,16,8.09,16,16,16,16,16,16,16,16,16,8.04,16,16,16,16,16,16,16,16,16,8.04,16,16,16,16,16,16,11.8,11.9
0.0000776,11.5,16,16,16,16,16,16,16,15.9,16,16,8.04,16,16,16,16,16,15.9,16,16,16,8.09,16,16,16,16,16,16,16,16,16,8.09,16,16,16,16,16,16,16,16,16,8.09,16,16,16,16,16,16,16,16,16,8.09,16,16,16,16,16,16,16,16,15.9,8.04,16,16,16,16,16,16,16,16,16,8.09,16,16,16,16,16,16,16,16,16,8.04,16,16,16,16,16,16,16,16,16,8.09,16,16,16,16,16,16,11.8,11.9
0.0000778,11.5,16,16,16,16,16,16,16,16,16,16,8.04,16,16,16,16,16,16,16,16,16,8.04,16,16,16,16,16,16,15.9,16,16,8.09,16,16,16,16,16,16,16,16,16,8.04,16,16,16,16,16,16,16,16,16,8.09,16,16,16,16,16,16,16,16,16,8.04,16,16,16,16,16,16,16,16,16,8.04,16,16,16,16,16,16,16,16,16,8.04,16,16,16,16,16,16,16,16,16,8.09,16,16,16,16,16,16,11.8,11.9
0.000078,11.6,16,15.9,16,16,16,16,16,16,16,16,8.09,16,16,16,16,16,16,16,16,16,8.09,16,16,15.9,16,16,16,16,16,16,8.09,16,16,16,16,16,16,16,16,16,8.04,16,16,16,16,16,16,16,16,16,8.04,16,16,16,16,16,16,16,16,16,8.04,16,16,16,16,16,16,16,16,16,8.04,16,16,16,16,16,16,16,16,16,8.04,16,16,16,15.9,16,16,16,16,16,8.04,16,16,16,16,16,16,11.8,11.8
0.0000782,11.6,16,16,16,16,16,16,16,16,16,16,8.09,16,16,16,16,16,16,16,16,16,8.09,16,16,16,16,16,16,16,16,16,8.04,16,16,16,16,16,16,16,16,16,8.09,16,16,16,16,16,16,16,16,16,8.09,16,15.9,16,16,16,16,16,16,16,8.09,16,16,16,16,16,16,16,16,16,8.09,16,16,16,16,16,16,16,16,16,8.13,16,16,16,16,16,16,16,16,16,8.04,16,16,16,16,16,16,11.7,11.8
0.0000784,11.7,16,16,16,16,16,16,16,16,16,16,8.04,16,16,16,16,16,16,16,16,16,8.09,16,16,16,16,16,16,16,16,16,8.09,16,16,16,16,16,16,16,16,16,8.09,16,16,16,16,16,16,16,16,16,8.04,16,16,16,16,16,16,16,16,16,8.09,16,16,16,16,16,16,16,16,16,8.09,16,16,16,16,16,15.9,16,16,16,8.04,16,16,16,16,16,16,16,16,16,8.04,16,16,16,16,16,16,11.7,11.8
0.0000786,11.8,16,16,16,16,16,16,16,16,16,16,8.04,16,16,16,16,16,16,16,16,16,8.04,16,16,16,16,16,16,16,16,16,8.09,16,16,16,16,16,16,16,16,16,8.09,16,16,16,16,16,16,16,16,16,8.04,16,16,16,16,16,16,16,16,16,8.04,16,16,16,16,16,16,16,16,16,8.13,16,16,16,16,16,16,16,15.9,16,8.09,16,16,16,16,16,16,16,16,16,8,16,16,16,16,16,15.9,11.6,11.8
0.0000788,11.8,16,16,16,16,15.9,16,16,16,16,16,8.09,16,16,16,16,16,16,15.9,15.9,16,8.09,16,16,16,16,16,16,16,16,16,8.04,16,16,16,16,16,16,16,16,16,8.09,16,16,16,16,16,16,16,16,16,8.04,16,16,16,16,16,16,16,16,16,8.09,16,16,16,16,16,16,16,16,16,8.04,16,16,16,16,16,16,16,16,15.9,8.09,16,16,16,16,16,16,16,16,16,8.04,16,16,16,16,16,16,11.7,11.8
0.000079,11.8,16,16,16,16,16,16,16,16,16,16,8.04,16,16,16,16,16,16,16,16,16,8.09,16,16,16,16,16,16,16,16,16,8.04,16,16,16,16,16,16,16,16,16,8.09,16,16,16,16,16,16,16,16,16,8.09,16,16,16,16,16,16,16,16,16,8.04,16,16,16,16,16,16,16,16,16,8.09,16,16,16,15.9,16,16,16,16,16,8.09,16,16,16,16,16,16,16,16,16,8.09,16,16,16,16,16,16,11.8,11.8
0.0000792,11.8,16,16,16,16,16,16,16,16,16,15.9,8.04,16,16,16,16,16,16,16,16,16,8.04,16,16,16,16,16,16,16,16,16,8.13,16,16,16,16,16,16,16,16,16,8.09,16,16,16,16,16,16,16,16,16,8.13,16,16,16,16,16,16,16,16,16,8.13,16,16,16,16,16,16,16,16,16,8.09,16,16,16,16,16,16,16,16,16,8.04,16,16,16,16,16,16,16,16,16,8.04,16,16,16,16,16,16,11.8,11.8
0.0000794,11.9,16,16,16,16,16,16,16,16,16,16,8.09,16,16,16,16,16,16,16,16,16,8.09,16,16,16,16,16,16,16,16,16,8.09,16,16,16,16,16,16,16,16,16,8.04,16,16,16,16,16,16,16,16,16,8.13,16,16,16,16,16,16,16,16,16,8.09,16,16,16,16,16,16,16,16,16,8.04,16,16,16,16,16,16,16,16,16,8,16,16,16,16,16,16,16,16,16,8.04,16,16,16,16,16,16,11.9,11.8
0.0000796,11.9,16,16,16,16,16,16,16,16,16,16,8.09,16,16,16,16,16,16,16,16,16,8.09,16,16,16,16,16,16,16,16,16,8.09,16,16,16,16,16,16,16,16,16,8.04,16,16,16,16,16,16,16,16,16,8.04,16,16,16,16,16,16,16,16,16,8.04,16,16,16,16,16,16,16,16,16,8.04,16,16,16,16,16,16,16,16,16,8.09,16,16,16,16,15.9,16,16,16,16,8.04,16,16,16,16,16,16,11.9,11.8
0.0000798,11.9,16,16,16,16,16,16,16,16,16,16,8.09,16,16,16,16,16,16,16,16,16,8.04,16,16,16,16,16,16,16,16,16,8.04,16,16,16,16,16,16,16,16,16,8.09,16,16,16,16,16,16,16,16,16,8.04,16,16,16,16,16,16,16,16,15.9,8.09,16,16,16,16,16,16,16,16,16,8.09,16,16,16,16,16,16,16,16,16,8.04,16,16,16,16,16,16,16,16,16,8.04,16,16,16,16,16,16,11.9,11.9
0.00008,11.9,16,16,16,16,16,16,16,16,16,16,8.04,16,16,16,15.9,16,16,16,16,16,8.04,16,16,16,16,16,16,16,16,16,8.04,16,16,16,16,16,16,16,16,16,8.09,16,16,16,16,16,16,16,16,16,8.13,16,16,16,16,16,16,16,16,16,8.04,16,16,16,16,16,16,16,16,16,8.13,16,16,16,16,16,16,16,16,16,8.04,16,16,16,16,16,16,16,16,16,8,16,16,16,16,16,16,11.9,11.8
0.0000802,12,16,16,16,16,16,16,16,16,16,16,8.09,16,16,16,16,16,16,16,16,16,8.09,16,16,16,16,16,16,16,16,16,8.04,16,16,16,16,16,16,16,16,16,8.09,16,16,16,16,16,16,16,16,16,8.04,16,16,16,16,16,16,16,16,16,8.09,16,16,16,16,16,16,16,16,16,8.09,16,16,15.9,16,16,16,16,16,16,8.04,16,16,16,16,16,16,16,16,16,8.09,16,16,16,16,16,16,11.8,11.9
0.0000804,12.1,16,16,16,16,16,16,16,16,16,16,8,16,16,16,16,16,16,16,16,16,8.04,16,16,16,16,16,16,16,16,16,8.04,16,16,16,16,16,16,16,16,16,8.04,16,16,16,16,16,16,16,16,16,8.09,16,16,16,16,16,16,16,16,16,8.04,16,16,16,16,16,16,16,16,16,8.04,16,16,16,16,16,16,16,16,16,8.09,16,16,16,16,16,16,15.9,16,16,8.04,16,16,16,16,16,16,11.8,11.8
0.0000806,12.1,16,16,16,16,16,16,16,16,16,16,8.09,16,16,16,16,16,15.9,16,16,16,8.09,16,16,16,16,16,16,16,16,16,8.17,16,16,16,16,16,16,16,16,16,8.09,16,16,16,16,16,16,16,16,16,8.09,16,16,16,16,16,16,16,16,16,8.09,16,16,16,16,16,16,16,16,16,8.13,16,16,16,16,16,16,16,16,16,8.04,16,16,16,16,16,16,16,16,16,8.04,16,16,16,16,16,16,11.8,11.8
0.0000808,12.1,16,16,16,16,16,16,16,16,16,16,8.13,16,16,16,16,16,16,16,16,16,8.09,16,16,16,16,16,16,16,16,16,8.22,16,16,16,16,16,16,16,16,16,8.09,16,16,16,16,16,16,16,16,16,8.04,16,16,16,16,16,16,16,16,16,8.09,16,16,16,16,16,16,16,16,16,8.09,16,16,16,16,16,16,16,16,16,8.09,16,16,16,16,16,16,16,16,16,8,16,16,16,16,16,16,11.8,11.8
0.000081,12.1,16,16,16,16,16,16,16,16,16,16,8.22,16,16,16,16,16,16,16,16,16,8.04,16,16,16,16,16,16,16,16,16,8.3,16,16,16,16,16,16,16,16,16,8.09,16,16,16,16,16,16,16,15.9,16,8.09,16,16,16,16,16,16,16,16,16,8.09,15.9,16,16,16,16,16,16,16,16,8.04,16,16,16,16,16,16,16,16,16,8.04,16,16,16,16,16,16,16,16,16,8.09,16,16,16,16,16,16,11.7,11.8
0.0000812,12.1,16,16,16,16,16,16,16,16,16,16,8.22,16,16,16,16,16,16,16,16,16,8.04,16,16,16,16,16,16,16,16,16,8.22,16,16,16,16,16,16,16,16,16,8.04,16,16,16,16,16,16,16,16,16,8.04,16,16,16,16,16,16,16,16,16,8.04,16,16,16,16,16,16,16,16,16,8.04,16,16,16,16,16,16,16,16,16,8.04,16,16,16,16,16,16,16,16,16,8.04,16,16,16,16,16,16,11.8,11.9
0.0000814,12.1,16,16,16,16,16,16,16,16,16,16,8.26,16,16,16,16,16,16,16,16,16,8.09,16,16,16,16,16,16,16,16,16,8.26,16,16,16,16,16,16,16,16,16,8.09,16,16,16,16,16,16,16,16,16,8.04,16,16,16,16,16,16,16,16,16,8.04,16,16,16,16,16,16,16,16,16,8.09,16,16,16,16,16,16,16,16,16,8.09,16,16,16,16,16,16,16,16,16,8.09,16,16,16,16,16,16,11.8,11.8
0.0000816,12.2,16,16,16,16,16,16,16,16,16,16,8.35,16,16,16,16,16,16,16,16,16,8.09,16,16,16,16,16,16,16,16,16,8.22,16,16,16,16,16,16,16,16,16,8.04,16,16,16,16,16,16,16,16,16,8.04,15.9,16,16,16,16,16,15.9,16,16,8.09,16,16,16,16,16,16,16,16,16,8.04,16,16,16,16,16,16,16,16,16,8.04,16,16,16,16,16,16,16,15.9,16,8.04,16,16,16,16,16,16,11.9,11.9
0.0000818,12.2,16,16,16,16,16,16,16,16,16,16,8.26,16,16,16,16,16,16,16,16,16,8.09,16,16,16,16,16,16,16,16,16,8.3,16,16,16,16,16,16,16,16,16,8.04,16,16,16,16,16,16,16,16,16,8.04,16,16,16,16,16,16,15.9,16,16,8.04,16,16,16,16,16,16,16,16,16,8.04,16,16,16,16,16,16,16,16,16,8.04,16,16,16,16,16,16,16,16,16,8.04,16,16,16,16,16,16,11.8,11.9
0.000082,12.2,16,16,16,16,16,16,15.9,16,16,16,8.26,16,16,16,16,16,16,16,16,16,8.13,16,16,16,16,16,16,16,16,16,8.3,16,16,16,16,16,16,16,16,16,8.09,16,16,16,16,16,16,16,16,16,8.04,15.9,16,16,16,16,16,16,16,16,8,16,16,16,16,16,16,16,16,16,8.09,16,16,16,16,16,16,16,16,16,8.09,16,16,16,16,16,16,16,16,16,8.04,16,16,16,16,16,15.9,11.8,11.9
0.0000822,12.2,16,16,16,16,16,16,16,16,16,16,8.3,16,16,16,16,16,16,16,16,16,8.09,16,16,16,16,16,16,16,16,16,8.26,16,16,16,16,16,16,16,16,16,8.09,16,16,16,16,16,16,16,16,16,8.09,16,16,16,16,16,15.9,16,16,16,8.09,16,16,15.9,16,16,16,16,16,16,8.04,16,16,16,16,16,16,16,16,16,8.04,16,16,16,16,16,16,16,16,16,8.04,16,16,16,16,16,16,11.8,11.9
0.0000824,12.3,16,16,16,16,16,16,15.9,16,16,16,8.22,16,16,16,16,16,16,16,16,16,8.09,16,16,16,16,16,16,16,16,16,8.3,16,16,16,16,16,16,16,16,16,8.04,16,16,16,16,16,16,16,16,16,8.09,16,16,16,15.9,16,16,16,16,16,8.09,16,16,16,16,16,16,16,16,16,8.04,16,16,16,15.9,16,16,16,16,16,8.04,16,16,16,16,16,16,16,16,16,8.04,16,16,16,16,16,16,11.8,11.9
0.0000826,12.3,16,16,16,16,16,16,16,16,16,16,8.3,16,16,16,16,16,16,16,16,16,8.09,16,16,16,16,16,16,16,16,16,8.26,16,16,16,16,16,16,16,16,16,8.09,16,16,16,16,16,16,16,16,16,8.09,16,16,16,16,16,16,16,16,16,8.09,16,16,16,16,16,16,16,16,16,8.04,16,16,16,16,16,16,16,16,16,8.04,16,16,16,16,16,16,16,16,16,8.09,16,16,16,16,16,16,11.8,11.9
0.0000828,12.3,16,16,16,16,16,16,16,16,16,16,8.3,16,16,16,16,16,16,16,16,16,8.04,16,16,16,16,16,16,16,16,16,8.3,16,16,16,16,16,16,16,16,16,8.04,16,16,16,16,16,16,16,16,16,8.04,16,16,16,16,16,16,16,16,16,8.04,16,16,16,16,16,16,16,16,16,8.04,16,16,16,16,16,16,16,16,16,8,16,16,16,16,16,16,16,16,16,8.09,16,16,16,16,16,16,11.7,11.9
0.000083,12.3,15.9,16,16,16,16,16,16,16,16,16,8.3,16,16,16,16,16,16,16,16,16,8.04,16,16,16,16,16,16,16,16,16,8.35,16,16,16,16,16,16,16,16,16,8,16,16,16,16,16,16,16,16,16,8.04,16,16,16,16,16,16,16,16,16,8.04,16,16,16,16,16,16,16,16,16,8.09,16,16,16,16,16,16,16,16,16,8.04,16,16,16,16,16,16,16,16,16,8.04,16,16,16,16,16,16,11.7,11.8
0.0000832,12.2,16,16,16,16,16,16,16,16,16,16,8.26,16,16.1,16,16,16,16,16,16,16,8.04,16,16,16,16,16,16,16,16,15.9,8.22,16,16,16,16,16,16,16,16,16,8.04,16,16,16,16,16,16,16,16,16,8.09,16,16,16,16,16,16,16,16,16,8.09,16,16,16,16,16,16,16,16,16,8.04,16,16,16,16,16,16,16,16,16,8.04,16,16,16,16,16,16,16,16,16,8.04,16,16,16,16,16,16,11.8,11.9
0.0000834,12.2,16,16,16,16,16,16,16,16,16,16,8.3,16,16,16,16,16,16,16,16,16,8.04,16,16,16,16,16,16,16,16,16,8.3,16,16,16,16,16,16,16,16,16,8.13,16,16,16,16,16,16,16,16,16,8.04,16,16,16,16,16,16,16,16,16,8.09,16,16,16,16,16,16,16,16,16,8.04,16,16,16,16,16,16,16,16,16,8.09,16,16,16,16,16,16,16,16,16,8.04,16,16,16,16,16,16,11.8,11.8
0.0000836,12.2,16,16,16,16,16,16,16,16,16,16,8.3,16,16,16,16,16,16,16,16,16,8.09,16,16,16,16,16,16,16,16,16,8.35,16,16,16,16,16,16,16,16,16,8.09,16,16,16,16,16,16,16,16,16,8.04,16,16,16,16,16,16,16,16,16,8.09,16,16,16,16,16,16,16,16,16,8.04,16,16,16,16,16,16,16,16,16,8.04,16,15.9,16,16,16,16,16,16,16,8.04,16,16,16,16,16,16,11.9,11.8
0.0000838,12.2,16,16,16,16,16,16,16,16,16,16,8.35,16,16,16,16,16,16,16,16,16,8.04,16,16,16,16,16,16,16,16,16,8.3,16,16,16,16,16,16,16,16,16,8.04,16,16,16,16,16,16,16,16,16,8.09,16,16,16,16,16,16,16,16,16,8.04,16,16,16,16,16,16,16,16,16,8.04,16,16,16,16,16,16,16,16,16,8.09,16,16,16,16,16,16,16,16,16,8.04,16,16,16,16,16,16,12,11.8
0.000084,12.2,16,16,16,16,16,16,16,16,16,16,8.26,16,16,16,16,16,16,16,16,16,8.04,16,16,16,16,16,16,16,16,16,8.3,16,16,16,16,16,16,16,16,16,8.09,16,16,16,16,16,16,16,16,16,8.09,16,16,16,16,16,16,16,16,16,8.09,16,16,16,16,16,16,16,16,16,8.09,16,16,16,15.9,16,16,16,16,16,8.09,16,16,16,16,16,16,16,16,16,8.04,16,16,16,16,16,16,12.1,11.8
0.0000842,12.3,16,16,16,16,16,16,16,16,16,16,8.35,16,16,16,16,16,16,15.9,16,16,8.04,16,16,16,16,16,16,16,16,16,8.3,16,16,16,16,16,16,16,16,16,8.04,15.9,16,16,16,16,16,16,16,16,8.04,16,16,16,16,16,16,16,16,16,8.09,16,16,16,16,16,16,16,16,16,8.04,16,16,16,16,15.9,16,16,16,16,8.04,16,16,16,16,16,16,16,16,16,8.04,16,16,16,16,16,16,12.1,11.9
0.0000844,12.4,16,16,16,16,16,16,16,16,16,16,8.35,16,16,16,15.9,16,16,16,16,16,8.09,16,16,16,16,16,16,16,16,16,8.35,16,16,16,16,16,16,16,16,16,8.04,16,16,15.9,16,16,16,16,16,16,8.04,16,16,16,16,16,16,16,16,16,8.04,16,16,16,16,16,16,16,16,16,8.09,15.9,16,16,16,16,16,16,16,16,8.04,16,16,16,16,16,16,16,16,16,8.09,16,16,16,16,16,16,12.1,11.9
0.0000846,12.4,16,16,16,16,16,16,16,16,16,16,8.35,16,16,16,16,16,16,16,16,16,8.13,16,16,16,16,16,16,16,16,16,8.3,16,16,16,16,16,16,16,16,16,8.09,16,16,16,16,16,16,16,16,16,8.04,16,16,16,16,16,16,16,16,16,8.09,15.9,16,16,16,16,16,16,16,16,8.04,16,16,16,16,16,16,16,16,16,8.04,16,16,16,16,16,16,16,16,16,8.04,16,16,16,16,16,16,12,11.9
0.0000848,12.5,16,16,16,16,16,16,16,16,16,16,8.35,16,16,16,16,16,16,16,16,16,8.17,16,16,16,16,16,16,16,16,16,8.39,16,16,16,16,16,16,16,16,16,8.09,16,16,16,16,16,16,16,16,16,8.04,16,16,16,16,16,16,16,16,16,8.04,16,16,16,16,16,16,16,16,16,8.04,16,16,16,16,16,16,16,16,16,8.09,16,16,16,16,16,16,16,16,16,8.09,16,16,16,16,16,16,12,11.9
0.000085,12.5,16,16,16,16,16,16,16,16,16,16,8.35,16,16,16,16,16,16,16,16,16,8.17,16,16,16,16,16,16,16,16,16,8.35,16,16,16,16,16,16,16,16,16,8,16,16,16,16,16,16,16,16,16,8.09,16,16,16,16,16,16,16,16,16,8.04,16,16,16,16,16,16,16,16,16,8.09,16,16,16,16,16,16,16,16,16,8.04,16,16,16,16,16,16,16,16,16,8.04,16,16,16,15.9,16,16,11.9,11.9
0.0000852,12.4,16,16,16,16,16,16,16,16,16,16,8.39,16,16,16,16,16,16,16,16,16,8.26,16,16,16,16,16,16,16,16,16,8.39,16,16,16,16,16,16,16,16,16,8.04,16,16,16,16,16,16,16,16,16,8.17,16,16,16,16,16,16,16,16,16,8.09,16,16,16,16,16,16,16,16,16,8.04,16,16,16,16,16,16,16,16,16,8.04,16,16,16,16,16,16,16,16,16,8.04,16,16,16,16,16,16,11.9,11.9
0.0000854,12.4,16,16,16,16,16,16,16,16,16,16,8.35,16,16,16,16,16,16,16,16,16,8.3,16,16,16,16,16,16,16,16,16,8.43,16,16,16,16,16,16,16,16,16,8.09,16,16,16,16,16,16,15.9,16,16,8.22,16,16,16,16,16,16,16,16,16,8.13,16,16,16,16,16,16,16,16,16,8.04,16,16,16,16,16,16,16,16,16,8.04,16,16,16,16,16,16,16,16,16,8.04,16,16,16,16,16,16,11.9,11.8
0.0000856,12.3,16,16,16,15.9,16,16,16,16,16,16,8.39,16,16,16,16,16,16,16,16,16,8.26,16,16,16,16,16,16,16,16,16,8.43,16,16,16,16,16,16,16,16,16,8.04,16,16,15.9,16,16,16,16,16,16,8.26,16,16,16,16,16,16,16,16,16,8.22,16,16,16,16,16,16,16,16,16,8.04,16,16,16,16,16,16,16,16,16,8.04,16,16,16,16,16,16,16,16,16,8.04,16,16,16,16,16,16,12,11.8
0.0000858,12.3,16,15.9,16,16,16,16,16,16,16,16,8.48,16,16,16,16,16,16,16,16,16,8.26,16,16,16,16,16,16,16,16,16,8.61,16,16,16,16,16,16,16,16,16,8.04,16,16,16,16,16,16,16,16,16,8.22,16,16,16,16,16,16,16,16,16,8.22,15.9,15.9,16,16,16,16,16,16,16,8.13,16,16,16,16,16,16,16,16,16,8.17,16,16,16,16,16,16,16,16,16,8.04,16,16,16,16,16,16,11.9,11.8
0.000086,12.3,16,16,16,16,16,16,16,16,16,16,8.48,16,16,16,16,16,16,16,16,16,8.26,16,16,16,16,16,16,16,16,16,8.65,15.9,16,16,16,16,16,16,16,16,8.13,16,16,16,16,16,16,16,16,16,8.26,16,16,16,16,16,16,16,16,16,8.26,16,16,16,16,16,16,16,16,16,8.22,16,16,16,16,16,16,16,16,16,8.26,16,16,16,16,16,16,16,16,16,8.13,16,16,16,16,16,16,11.9,11.9
0.0000862,12.2,16,15.9,16,16,16,16,16,16,16,16,8.65,16,16,16,16,16,16,16,15.9,16,8.3,16,16,16,16,16,16,16,16,16,8.87,16,16,16,16,16,16,16,16,16,8.17,16,16,16,16,16,16,16,16,16,8.3,16,16,16,16,16,16,16,16,16,8.22,16,16,16,16,16,16,16,16,16,8.26,16,16,16,16,16,16,15.9,16,16,8.26,16,16,16,16,16,16,16,16,16,8.22,16,16,16,16,16,16,11.9,11.8
0.0000864,12.3,16,16,16,16,16,16,16,16,16,16,8.82,16,16,16,16,16,16,16,16,16,8.26,16,16,16,16,16,16,16,16,16,9,16,16,16,16,16,16,16,16,16,8.22,16,16,16,16,16,16,16,16,16,8.26,16,16,16,16,16,16,16,16,16,8.26,16,16,16,16,16,16,16,16,16,8.26,16,16,16,16,16,16,16,16,16,8.22,16,16,16,16,16,16,16,16,16,8.22,16,16,16,16,16,16,11.9,11.8
0.0000866,12.4,16,16,16,16,16,16,16,16,16,15.9,8.91,16,16,16,16,16,16,16,16,16,8.26,16,16,16,16,16,16,16,16,16,9.12,16,16,16,16,16,16,16,16,16,8.3,16,16,16,16,16,16,16,16,16,8.3,16,16,16,16,16,16,16,16,16,8.26,16,16,16,16,16,16,16,16,16,8.26,16,16,16,16,16,16,16,16,16,8.26,16,16,16,16,16,16,16,16,16,8.3,16,16,16,16,16,16,11.9,11.8
0.0000868,12.4,16,16,16,15.9,16,16,16,16,16,16,9.12,16,16,16,16,16,16,16,16,16,8.3,16,16,16,16,16,16,16,16,16,9.25,16,16,16,16,16,16,16,16,16,8.26,16,16,16,16,16,16,16,16,16,8.3,16,16,16,16,16,16,16,16,16,8.26,16,16,16,16,16,16,16,16,16,8.26,16,16,16,16,16,16,16,16,16,8.26,16,16,16,16,16,16,16,16,16,8.26,16,16,16,16,16,16,11.8,11.9
0.000087,12.4,16,16,16,16,16,16,16,16,16,16,9.3,16,16,16,16,16,16,16,16,16,8.3,16,16,16,16,16,16,16,16,16,9.43,16,16,16,16,16,16,16,16,16,8.3,16,16,16,16,16,16,16,16,16,8.3,16,16,16,16,16,16,16,16,16,8.26,16,16,16,16,16,16,16,16,16,8.3,16,16,16,16,16,16,16,16,16,8.3,16,16,16,16,16,16,16,16,16,8.26,16,16,16,16,16,16,11.8,11.9
0.0000872,12.4,16,16,16,16,16,16,16,16,16,16,9.51,16,16,16,16,16,16,16,16,16,8.26,16,16,16,16,16,16,16,16,16,9.51,16,16,16,16,16,16,16,16,16,8.26,16,16,16,16,16,16,16,16,16,8.3,16,16,16,16,16,16,16,16,16,8.26,16,16,16,16,16,16,16,16,16,8.26,16,16,16,16,16,16,16,16,16,8.26,16,16,16,16,16,16,16,16,16,8.26,16,16,16,16,16,16,11.8,11.9
0.0000874,12.4,16,16,16,16,16,16,16,16,16,16,9.64,16,16,16,16,16,16,16,16,16,8.3,16,16,16,16,16,16,16,16,16,9.73,16,16,16,16,16,16,16,16,16,8.26,16,16,16,16,16,16,16,16,16,8.26,16,16,16,16,16,16,16,16,16,8.22,16,16,16,16,16,16,16,16,16,8.26,16,16,16,16,16,16,16,16,16,8.3,16,16,16,16,16,16,16,16,16,8.26,16,16,16,15.9,16,16,11.8,11.8
0.0000876,12.3,16,15.9,16,16,16,16,16,16,16,16,9.77,16,16,16,16,16,16,16,16,16,8.26,16,16,16,16,16,16,16,16,16,9.86,16,16,16,16,16,16,16,16,16,8.26,16,16,16,16,16,16,16,16,16,8.26,16,16,16,16,16,16,16,16,16,8.26,16,16,16,16,16,16,16,16,16,8.3,16,16,16,16,16,16,16,16,16,8.26,16,16,16,16,16,16,16,16,16,8.26,16,16,16,16,16,16,11.8,11.8
0.0000878,12.3,16,16,16,16,16,16,16,16,15.9,16,9.95,16,16,16,16,16,15.9,16,16,16,8.3,16,16,16,16,16,16,16,16,16,10,16,16,16,16,16,16,16,16,16,8.3,16,16,16,16,16,16,16,16,16,8.35,16,16,16,16,16,16,16,16,16,8.3,16,16,16,16,16,16,16,16,16,8.3,16,16,16,16,16,16,16,16,16,8.26,16,16,16,16,16,16,16,16,16,8.3,16,16,16,16,16,16,11.8,11.8
0.000088,12.3,16,16,16,16,16,16,16,16,16,16,10,16,16,16,16,16,16,16,16,16,8.3,16,16,16,16,16,16,16,16,16,10.2,16,16,16,16,16,16,16,16,16,8.26,16,16,16,16,16,16,16,16,16,8.3,16,16,16,16,16,16,16,16,16,8.3,16,16,16,16,16,16,16,16,16,8.26,16,16,16,16,16,16,16,16,16,8.26,16,16,16,16,16,16,16,16,16,8.3,16,16,16,16,16,16,11.8,11.8
0.0000882,12.3,16,16,16,16,16,16,16,16,16,16,10.1,16,16,16,16,16,16,16,16,16,8.3,16,16,16,16,16,16,16,16,16,10.2,16,16,16,16,16,16,16,16,16,8.26,16,16,16,16,16,16,16,16,16,8.26,16,16,16,16,16,16,16,16,16,8.3,16,16,16,16,16,16,16,16,16,8.3,16,16,16,16,16,16,16,16,16,8.26,16,16,16,16,16,16,16,16,16,8.3,16,16,16,16,16,16,11.8,11.8
0.0000884,12.2,16,16,16,16,16,16,16,16,16,16,10.2,16,16,16,16,16,16,16,16,16,8.3,16,16,16,16,16,16,16,16,16,10.4,16,16,16,16,16,16,16,16,16,8.3,16,16,16,16,16,16,16,16,16,8.35,16,16,16,16,16,16,16,16,16,8.3,16,16,16,16,16,16,16,16,16,8.35,16,16,16,16,16,16,16,16,16,8.26,16,16,16,16,16,16,16,16,16,8.3,16,16,16,16,16,16,11.8,11.8
0.0000886,12.3,16,16,16,16,16,16,16,16,16,16,10.2,16,16,16,16,16,16,16,16,16,8.35,16,16,16,16,16,16,16,16,16,10.4,16,16,16,16,16,16,16,16,16,8.3,16,16,16,16,16,16,16,16,16,8.35,16,16,16,16,16,16,16,16,16,8.3,16,16,16,16,16,16,16,15.9,16,8.3,16,16,16,16,16,16,16,16,16,8.35,16,16,16,16,16,16,16,16,16,8.3,16,16,16,16,16,16,11.8,11.8
0.0000888,12.3,16,16,16,16,16,16,16,16,16,16,10.3,16,16,16,16,16,16,16,16,16,8.35,16,16,16,16,16,16,16,16,16,10.6,16,16,16,16,16,16,16,16,16,8.3,16,16,16,16,16,16,16,16,16,8.35,16,16,16,16,16,16,16,16,16,8.3,16,16,16,16,16,16,16,16,16,8.3,16,16,16,16,16,16,16,16,16,8.3,16,16,16,16,16,16,16,16,16,8.3,16,16,16,16,16,16,11.8,11.9
0.000089,12.3,16,16,16,16,16,16,16,16,16,16,10.5,16,16,16,16,15.9,16,16,16,16,8.39,16,16,16,16,16,16,16,16,16,10.6,16,16,16,16,16,16,16,16,16,8.35,16,16,16,16,16,16,16,16,16,8.35,16,16,16,16,16,16,16,16,16,8.3,16,16,16,16,16,16,16,16,16,8.3,16,16,16,16,16,16,16,16,16,8.3,16,16,16,16,16,16,16,16,16,8.26,16,16,16,16,16,16,11.8,11.9
0.0000892,12.3,16,16,16,16,16,16,16,16,16,16,10.6,16,16,16,16,16,16,16,16,16,8.39,16,16,16,16,16,16,16,16,16,10.7,16,16,16,16,16,16,16,16,16,8.35,16,16,16,16,16,16,16,16,16,8.35,15.9,16,16,16,16,16,16,16,16,8.39,16,16,16,16,16,16,16,16,16,8.3,16,16,16,16,16,16,16,16,16,8.3,16,16,16,16,16,16,16,16,16,8.35,16,16,16,16,16,16,11.8,11.9
0.0000894,12.3,16,16,16,16,16,16,16,16,16,16,10.8,16,16,16,16,16,16,16,16,16,8.39,16,16,16,16,16,16,16,16,16,10.9,16,16,16,16,16,16,16,16,16,8.3,16,16,16,16,16,16,16,16,16,8.35,16,16,16,16,16,16,16,16,16,8.35,16,16,16,16,16,16,16,16,16,8.35,16,16,16,16,16,16,16,16,16,8.35,16,16,16,16,16,16,16,16,16,8.3,16,16,16,16,16,16,11.9,11.9
0.0000896,12.3,16,16,16,16,16,16,16,16,16,16,10.9,16,16,16,16,16,16,16,16,16,8.43,16,16,16,16,16,16,16,16,16,10.9,16,16,16,16,16,16,16,16,16,8.35,16,16,16,16,16,16,16,16,16,8.35,16,16,16,16,16,16,16,16,16,8.35,16,16,16,16,16,16,16,16,16,8.3,16,16,16,16,16,16,16,16,16,8.3,16,16,15.9,16,16,16,16,16,16,8.35,16,16,16,16,16,16,11.8,11.8
0.0000898,12.3,16,16,16,16,16,16,16,16,16,16,11,16,16,16,16,16,16,16,16,16,8.43,16,16,16,16,16,16,16,16,16,11,16,16,16,16,16,16,16,16,16,8.35,16,16,16,16,16,16,16,16,16,8.39,16,16,16,16,16,16,16,16,16,8.35,16,16,16,16,16,16,16,16,16,8.35,16,16,16,16,16,16,16,16,16,8.3,16,16,16,16,16,16,16,16,16,8.35,16,16,16,16,16,16,11.8,11.9
0.00009,12.4,16,16,16,16,16,16,16,16,16,16,11.1,16,16,16,16,16,16,16,16,16,8.56,16,16,16,16,16,16,16,16,16,11.2,16,16,16,16,16,16,16,16,16,8.35,16,16,16,16,16,16,16,16,16,8.43,16,16,16,16,16,16,16,16,16,8.35,16,16,16,16,16,16,16,16,16,8.35,16,16,16,16,16,16,16,16,16,8.3,16,16,16,16,16,16,16,16,16,8.35,16,16,16,16,16,15.9,11.8,11.9
0.0000902,12.3,16,16,16,16,16,16,16,16,16,16,11.2,16,16,16,16,16,16,16,16,16,8.65,16,16,16,16,16,16,16,16,16,11.2,16,16,16,16,16,16,16,16,16,8.35,16,16,16,16,16,16,16,16,16,8.43,16,16,16,16,16,16,16,16,16,8.35,16,16,16,16,16,16,16,16,16,8.35,16,16,16,16,16,16,16,16,16,8.35,16,16,16,16,16,16,16,16,16,8.35,16,16,16,16,16,16,11.8,11.8
0.0000904,12.3,16,16,16,16,15.9,16,16,16,16,16,11.3,16,16,16,16,16,16,16,16,16,8.82,16,16,16,16,16,16,16,16,16,11.3,16,16,16,16,16,16,16,16,16,8.35,16,16,16,16,16,16,16,16,16,8.52,16,16,16,16,16,16,16,16,16,8.39,16,16,16,16,16,16,16,16,16,8.43,16,16,16,16,16,16,15.9,16,16,8.35,16,16,16,16,16,16,16,16,16,8.39,16,16,16,16,16,16,11.7,11.8
0.0000906,12.3,16,16,16,16,16,16,15.9,16,16,16,11.3,16,16,16,16,16,16,16,16,16,8.95,16,16,16,16,16,16,16,16,16,11.5,16,16,16,16,16,16,16,15.9,16,8.39,16,16,16,16,16,16,16,16,16,8.61,16,16,16,16,16,16,16,16,16,8.39,16,16,16,16,15.9,16,16,16,16,8.39,16,16,16,16,16,16,16,16,16,8.35,16,16,16,16,16,16,16,16,16,8.43,16,16,16,16,16,16,11.8,11.8
0.0000908,12.3,16,16,16,16,16,16,16,16,16,16,11.4,16,16,16,16,16,16,16,16,16,9.21,16,16,16,16,16,16,16,16,16,11.5,16,16,16,16,16,16,16,16,16,8.39,16,16,16,16,16,16,16,16,16,8.74,16,16,16,16,16,16,16,16,16,8.52,16,16,16,16,16,16,16,16,16,8.35,16,16,16,16,16,16,16,16,16,8.39,16,16,16,16,16,16,16,16,16,8.35,16,16,16,16,16,16,11.7,11.8
0.000091,12.3,16,16,16,16,16,16,16,16,16,16,11.4,16,16,16,16,16,16,16,16,16,9.38,16,16,16,16,16,16,16,16,16,11.5,16,16,16,16,16,16,16,16,16,8.35,16,16,16,16,16,16,16,16,16,8.82,16,16,16,16,16,16,16,16,16,8.61,16,16,16,16,16,16,16,16,16,8.39,16,16,16,16,16,16,16,16,16,8.43,16,16,16,16,16,16,16,16,16,8.39,16,16,16,16,16,16,11.8,11.8
0.0000912,12.3,16,16,15.9,16,16,16,16,16,16,16,11.5,16,16,16,16,16,16,16,16,16,9.51,16,16,16,16,16,16,16,16,16,11.5,16,16,16,16,16,16,16,16,16,8.43,16,16,16,16,16,16,16,16,16,9,16,16,16,16,16,16,16,16,16,8.74,16,16,16,16,16,16,16,16,16,8.43,16,16,16,16,16,16,16,16,16,8.43,16,16,16,16,16,16,16,16,16,8.48,16,16,16,16,16,16,11.8,11.8
0.0000914,12.2,16,16,16,16,16,16,16,16,16,16,11.5,16,16,16,16,16,16,16,16,16,9.69,16,16,16,16,16,16,16,16,16,11.6,16,16,16,16,16,16,16,16,16,8.48,16,16,16,16,16,16,16,16,16,9.12,16,16,16,16,16,16,16,16,16,8.91,16,16,16,16,16,16,16,16,16,8.48,16,16,16,16,16,16,16,16,16,8.52,16,16,16,16,16,16,16,16,16,8.52,16,16,16,16,16,16,11.9,11.8
0.0000916,12.2,16,16,16,16,16,16,16,16,16,16,11.5,16,16,16,16,16,16,16,16,16,9.77,16,16,16,16,16,16,16,16,16,11.6,16,16,16,16,16,16,16,16,16,8.65,16,16,16,16,16,16,16,16,16,9.34,16,16,16,16,16,16,16,16,16,9,16,16,16,16,16,16,16,16,16,8.48,16,16,16,16,16,16,16,16,16,8.61,16,16,16,16,16,16,16,16,16,8.61,16,16,16,16,16,16,11.9,11.8
0.0000918,12.2,16,16,16,16,16,16,16,16,16,16,11.6,16,16,16,16,16,16,16,16,16,9.9,16,16,16,16,16,16,16,16,16,11.7,16,16,16,16,16,16,16,15.9,16,8.82,16,16,16,16,16,16,16,16,16,9.47,16,15.9,16,16,16,16,16,16,16,9.12,16,16,16,15.9,16,16,16,16,16,8.56,16,16,16,16,16,16,16,16,16,8.65,16,16,16,16,16,16,16,16,16,8.65,16,16,16,16,16,16,12,11.8
0.000092,12.2,16,16,16,16,16,16,16,16,16,16,11.7,16,16,16,16,16,16,16,16,16,9.99,16,16,16,16,16,16,16,16,16,11.7,16,16,16,16,16,16,16,16,16,9.08,16,16,16,16,16,16,16,16,15.9,9.73,16,16,16,16,16,16,16,16,16,9.25,16,16,16,16,16,16,16,16,16,8.65,16,16,16,16,16,16,16,16,16,8.78,16,16,16,16,16,16,16,16,16,8.78,16,16,16,16,16,16,12,11.8
0.0000922,12.2,16,16,16,16,16,16,16,16,16,16,11.8,16,16,16,16,16,16,16,16,16,10.1,16,16,16,16,16,16,16,16,16,11.8,16,16,16,16,16,16,16,16,16,9.25,16,16,16,16,16,16,16,16,16,9.86,16,16,16,16,16,16,16,16,16,9.34,16,16,16,16,16,16,16,16,16,8.78,16,16,16,16,16,16,16,16,16,8.82,16,16,16,16,16,16,16,16,16,8.91,16,16,16,16,16,16,12,11.8
0.0000924,12.2,16,16,16,16,16,16,16,16,16,16,11.8,16,16,16,16,16,16,16,16,16,10.2,16,16,15.9,16,16,16,16,16,16,11.8,16,16,16,16,16,16,16,16,16,9.43,16,16,16,16,16,16,16,16,16,10,16,16,16,16,16,16,16,16,16,9.43,16,16,16,16,16,16,16,16,16,8.91,16,16,16,16,16,16,16,16,16,8.87,16,16,16,16,16,16,16,16,16,8.95,16,16,16,16,16,16,12,11.8
0.0000926,12.2,16,16,15.9,16,16,16,15.9,16,16,16,11.8,16,16,16,16,16,16,16,15.9,16,10.3,16,16,16,16,16,16,16,16,16,11.8,16,16,16,16,16,16,16,16,16,9.6,16,16,16,16,16,16,16,16,16,10.1,16,16,16,16,16,16,16,16,16,9.51,16,16,16,16,16,16,16,16,16,8.95,16,16,16,16,16,16,16,16,16,8.91,16,16,16,16,15.9,16,16,16,16,9.17,16,16,16,16,16,16,12,11.9
0.0000928,12.2,16,16,16,16,16,16,16,16,16,16,11.9,16,16,16,16,16,16,16,16,16,10.5,16,16,16,16,16,16,16,16,16,11.8,16,16,16,16,16,16,16,16,16,9.73,16,16,16,16,16,16,16,16,16,10.2,16,16,16,16,16,16,16,16,16,9.6,16,16,16,16,16,16,16,16,16,9.08,16,16,16,16,16,16,16,16,16,8.95,16,16,16,16,16,16,16,16,16,9.34,16,16,16,16,16,16,11.9,11.9
0.000093,12.3,16,16,16,16,16,16,16,16,16,16,11.9,16,16,16,16,16,16,16,16,16,10.6,16,16,16,16,16,16,16,16,16,11.9,16,16,16,16,16,16,16,16,16,9.86,16,16,16,16,16,16,16,16,16,10.3,16,16,16,16,16,16,16,16,16,9.73,16,16,16,16,16,16,16,16,16,9.21,16,16,16,16,16,16,16,16,16,9,16,16,16,16,16,16,16,16,16,9.47,16,16,16,16,16,16,11.8,11.9
0.0000932,12.3,16,16,16,16,16,16,16,16,16,16,11.9,16,16,16,16,16,16,16,16,16,10.8,16,16,16,15.9,16,16,16,16,16,11.9,16,16,16,16,16,16,16,16,16,9.99,16,16,16,16,16,16,16,16,16,10.3,16,16,16,16,16,16,16,16,15.9,9.82,16,16,16,16,16,16,16,16,16,9.25,16,16,16,16,16,16,16,16,16,9.12,16,16,16,16,16,16,16,16,16,9.6,16,16,16,16,16,16,11.8,11.9
0.0000934,12.3,16,16,16,16,16,16,16,16,16,16,12,16,16,16,16,16,16,16,16,16,10.9,16,16,16,16,16,16,16,16,16,11.9,16,16,16,16,16,16,16,16,16,10,16,16,16,16,16,16,16,16,16,10.5,16,16,16,16,16,16,16,16,16,9.95,16,16,16,16,16,16,16,16,16,9.34,16,16,16,16,16,16,16,16,16,9.3,16,16,16,16,16,16,16,16,16,9.69,16,16,16,16,16,16,11.7,11.8
0.0000936,12.3,16,16,16,16,16,16,16,15.9,16,16,12,16,16,16,16,16,16,16,16,16,11.1,16,16,16,16,16,16,16,16,16,12,16,16,16,16,16,16,16,16,16,10.1,16,16,16,16,16,16,16,16,16,10.5,16,16,16,16,16,16,16,15.9,16,10,16,16,16,16,16,16,16,16,16,9.43,16,16,16,16,16,16,16,16,16,9.43,16,16,16,16,16,16,16,16,16,9.73,16,16,16,16,16,16,11.7,11.8
0.0000938,12.3,16,16,16,16,16,16,16,16,16,16,12,16,16,16,16,16,16,16,16,16,11.1,16,16,16,16,16,16,16,16,16,12,16,16,16,16,16,16,16,16,16,10.2,16,16,16,16,16,16,16,16,16,10.6,16,16,16,16,16,16,16,16,16,10.2,16,16,16,16,16,16,16,16,16,9.51,16,16,16,16,16,16,16,16,16,9.51,16,16,16,16,16,16,16,16,16,9.82,16,16,16,16,16,16,11.7,11.8
0.000094,12.2,16,16,16,16,16,16,16,16,16,16,12.1,16,16,16,16,16,16,16,16,16,11.1,16,16,16,16,16,16,16,16,16,12,16,16,16,16,16,16,16,16,16,10.2,16,16,16,16,16,16,16,16,16,10.6,16,16,16,16,16,16,16,16,16,10.2,16,16,16,16,16,16,16,16,16,9.6,16,16,16,16,16,16,16,16,16,9.69,16,16,16,16,16,16,16,16,16,9.9,16,16,16,16,16,16,11.6,11.8
0.0000942,12.2,16,16,16,16,16,16,16,16,16,16,12.1,16,16,16,16,16,16,16,16,16,11.2,16,16,16,16,16,16,16,16,16,12,16,16,16,16,16,16,16,16,16,10.3,16,16,16,16,16,16,16,16,16,10.8,16,16,16,16,16,16,16,16,16,10.3,16,16,16,16,16,16,16,16,16,9.64,16,16,16,16,16,16,16,16,16,9.82,16,16,16,16,16,16,16,16,16,9.99,16,16,16,16,16,16,11.7,11.8
0.0000944,12.2,16,16,16,16,16,16,16,16,16,16,12.1,16,16,16,16,16,16,16,16,16,11.2,16,16,16,16,16,16,16,16,16,12.2,16,16,16,16,16,16,16,16,16,10.5,16,16,16,16,16,16,16,16,16,10.9,16,16,16,16,16,16,16,16,16,10.4,16,16,16,16,16,16,16,16,16,9.77,16,16,16,16,16,16,16,16,16,9.86,16,16,16,16,16,16,16,16,16,10.1,16,16,16,16,16,16,11.7,11.8
0.0000946,12.2,16,16,16,16,16,16,16,16,16,16,12.1,16,16,16,16,16,16,16,16,16,11.2,16,16,16,16,16,16,16,15.9,16,12.2,16,16,16,16,16,16,16,16,16,10.6,16,16,16,16,16,16,16,16,16,11,16,16,16,16,16,16,16,16,16,10.4,16,16,16,16,16,16,16,16,16,9.9,16,16,16,16,16,16,16,16,16,9.9,16,16,16,16,16,16,16,16,16,10.2,16,16,16,16,16,16,11.7,11.8
0.0000948,12.1,16,16,16,16,16,16,16,16,16,16,12.2,16,16,16,16,16,16,16,16,16,11.3,16,16,16,16,16,16,16,16,16,12.2,16,16,16,16,16,16,16,16,16,10.8,16,16,16,16,16,16,16,16,16,11.1,16,16,16,16,16,16,16,16,16,10.6,16,16,16,16,16,16,16,16,16,10,16,16,16,16,16,16,16,16,16,9.95,16,16,16,16,16,16,16,16,16,10.3,16,16,16,16,16,16,11.8,11.8
0.000095,12.1,15.9,16,16,16,16,16,16,16,16,16,12.2,16,16,16,16,16,16,16,16,16,11.4,15.9,16,16,16,16,16,16,16,16,12.2,16,16,16,16,16,16,16,16,16,10.9,16,16,16,16,16,16,16,16,16,11.2,16,16,16,16,16,16,16,16,16,10.6,16,16,16,16,16,16,16,16,16,10,16,16,16,16,16,16,16,16,16,9.95,16,16,16,16,16,16,16,16,16,10.5,16,16,16,16,16,16,11.7,11.8
0.0000952,12.2,16,16,16,16,16,16,16,16,16,16,12.2,16,16,16,16,16,16,16,16,16,11.5,16,16,16,16,16,16,16,16,16,12.2,16,16,16,16,16,16,16,16,16,11,16,16,16,16,16,16,16,16,16,11.2,16,16,16,16,16,16,16,16,16,10.6,16,16,16,16,16,16,16,16,16,10.1,16,16,16,16,16,16,16,16,16,9.99,16,16,16,16,16,16,16,16,16,10.6,16,16,16,16,16,16,11.8,11.8
0.0000954,12.2,16,16,16,16,16,16,16,16,16,16,12.2,16,16,16,16,16,16,16,16,16,11.6,16,16,16,16,16,16,16,16,16,12.1,16,16,16,16,16,16,16,16,16,11.2,16,16,16,16,16,16,16,16,16,11.3,16,16,16,16,16,16,16,16,16,10.7,16,16,16,16,16,16,16,16,16,10.1,16,16,16,16,16,16,16,16,16,10,16,16,16,15.9,16,15.9,16,16,16,10.6,16,16,16,16,16,16,11.8,11.9
0.0000956,12.2,16,16,16,16,16,16,16,16,16,16,12.2,16,16,16,16,16,16,16,16,16,11.8,16,16,16,16,16,16,16,16,16,12.2,16,16,16,16,16,16,16,16,16,11.2,16,16,16,16,16,16,16,16,16,11.4,16,16,16,16,16,16,16,16,16,10.8,16,16,16,16,16,16,16,16,16,10.2,16,16,16,16,16,16,16,16,16,10.1,16,16,16,16,16,16,16,16,16,10.7,16,16,16,16,16,16,11.8,11.9
0.0000958,12.2,16,16,16,16,16,16,16,16,16,16,12.2,16,16,16,16,16,16,16,16,16,11.8,16,16,16,16,16,16,16,16,16,12.2,16,16,16,16,16,16,16,16,16,11.2,16,16,16,16,16,16,16,16,16,11.4,16,16,16,16,16,16,16,16,16,10.9,16,16,16,16,16,16,16,16,16,10.2,16,16,16,16,16,16,16,16,16,10.2,16,16,16,16,16,16,16,16,16,10.7,16,16,16,16,16,16,11.8,11.9
0.000096,12.2,16,16,16,16,16,16,16,16,16,16,12.2,16,16,16,16,16,16,16,16,16,11.8,16,16,16,16,16,16,16,16,16,12.2,16,16,16,16,16,16,16,16,16,11.3,16,16,16,16,16,16,16,16,16,11.4,16,16,16,16,16,16,16,16,16,10.9,16,16,16,16,16,16,16,16,16,10.2,16,16,16,16,16,16,16,16,16,10.2,16,16,16,16,16,16,16,16,16,10.8,16,16,16,16,16,16,11.8,12
0.0000962,12.2,16,16,16,16,16,16,16,16,16,16,12.2,16,16,16,16,16,16,16,16,16,11.8,16,16,16,16,16,16,16,16,16,12.2,16,16,16,16,16,16,16,16,16,11.3,16,16,16,16,16,16,16,16,16,11.5,16,16,16,16,16,16,16,16,16,11,16,16,16,16,16,16,16,16,16,10.3,16,16,16,16,16,16,16,16,16,10.4,16,16,16,16,16,16,16,16,16,10.8,16,16,16,16,16,16,11.8,11.9
0.0000964,12.2,16,16,16,16,16,16,16,16,16,16,12.2,16,16,16,16,16,16,16,16,16,11.8,16,16,16,16,16,16,16,16,16,12.2,16,16,16,16,16,16,16,16,16,11.4,16,16,16,16,16,16,16,16,16,11.5,16,16,16,16,16,16,16,16,16,11.1,16,16,16,16,16,16,16,16,16,10.4,16,16,16,16,16,16,16,16,16,10.4,16,16,16,16,16,16,16,16,16,10.8,16,16,16,16,16,16,11.8,11.9
0.0000966,12.2,16,16,16,16,16,16,16,16,16,16,12.2,16,16,16,16,16,16,16,16,16,11.8,16,16,16,16,16,16,16,16,16,12.2,16,16,16,16,16,16,16,16,16,11.4,16,16,16,16,16,16,16,16,16,11.5,16,16,16,16,16,16,16,16,16,11.1,16,16,16,16,16,16,16,16,16,10.4,16,16,16,16,16,16,16,16,16,10.4,16,16,16,16,16,16,16,16,16,10.8,16,16,16,16,16,16,11.8,11.9
0.0000968,12.2,16,16,16,16,16,16,16,16,16,16,12.2,16,16,16,16,16,16,16,16,16,11.8,16,16,16,16,16,16,16,16,16,12.3,16,16,16,16,16,16,16,16,16,11.4,16,16,16,16,16,16,16,16,16,11.6,16,16,16,16,16,16,16,16,16,11.1,16,16,16,16,16,16,16,16,16,10.4,16,16,16,16,16,16,16,16,16,10.5,16,16,16,16,16,16,16,16,16,10.9,16,16,16,16,16,16,11.8,11.9
0.000097,12.1,16,16,16,16,16,16,16,16,16,16,12.2,16,16,16,16,16,16,16,16,16,11.9,16,16,16,16,16,16,16,16,16,12.2,16,16,16,16,16,16,16,16,16,11.5,16,16,16,15.9,16,16,16,16,16,11.7,16,16,16,16,16,16,16,16,16,11.2,16,16,16,16,16,16,16,16,16,10.5,16,16,16,16,16,16,16,16,16,10.6,16,15.9,16,16,16,16,15.9,16,16,10.9,16,16,16,16,16,16,11.8,11.8
0.0000972,12.2,16,16,16,16,16,16,16,16,16,16,12.2,16,16,16,16,16,16,16,16,16,11.9,16,16,16,16,16,16,16,16,16,12.2,16,16,16,16,16,16,16,16,16,11.5,16,16,16,16,16,16,16,16,16,11.8,16,16,16,16,16,16,16,16,16,11.2,16,16,16,16,16,16,16,16,16,10.5,16,16,16,16,16,16,16,16,16,10.6,16,16,16,16,16,16,16,16,16,11.1,16,16,16,16,16,16,11.8,11.8
0.0000974,12.1,16,16,16,16,16,16,16,16,16,16,12.3,16,16,16,16,16,16,16,16,16,12,16,16,16,16,16,16,16,16,16,12.2,16,16,16,16,16,16,16,16,16,11.7,16,16,16,16,16,16,16,16,16,11.8,16,16,16,16,16,16,16,16,16,11.2,16,16,16,16,16,16,16,16,16,10.6,16,16,16,16,16,16,16,16,16,10.6,16,16,16,16,16,16,16,16,16,11.2,16,16,16,16,16,16,11.7,11.8
0.0000976,12.1,16,16,16,16,16,16,16,16,16,16,12.3,16,16,16,16,16,16,16,16,16,12.1,16,16,16,16,16,16,16,16,16,12.2,16,16,16,16,16,16,16,16,16,11.7,16,16,16,16,16,16,16,16,16,11.9,16,16,16,16,16,16,16,16,16,11.3,16,16,16,16,16,16,16,16,16,10.6,16,16,16,16,16,16,16,16,16,10.6,16,16,16,16,16,16,16,16,16,11.2,16,15.9,16,16,16,16,11.8,11.8
0.0000978,12.1,16,16,16,16,16,16,16,16,16,16,12.4,16,16,16,16,16,16,16,16,16,12.2,16,16,16,15.9,16,16,16,16,16,12.2,16,16,16,16,16,16,16,16,16,11.8,16,16,16,16,16,16,16,16,16,11.9,16,16,16,16,16,16,16,16,16,11.4,16,16,16,16,16,16,16,16,16,10.6,16,16,16,16,16,16,16,16,16,10.6,16,16,16,16,16,16,16,16,16,11.4,16,16,16,16,16,16,11.8,11.8
0.000098,12.1,16,16,16,16,16,16,16,16,16,16,12.3,16,16,16,16,16,16,16,16,16,12.2,16,16,16,16,16,16,16,16,16,12.2,16,16,16,16,16,16,16,16,16,11.9,16,16,16,16,16,16,16,16,16,11.9,16,16,16,15.9,16,16,16,16,16,11.5,16,16,16,16,16,16,16,16,16,10.7,16,16,16,16,16,16,16,16,16,10.7,16,16,16,16,16,16,16,16,16,11.3,16,16,16,16,16,16,11.9,11.9
0.0000982,12.1,16,16,16,16,16,16,16,16,16,16,12.4,16,16,16,16,16,16,16,16,16,12.2,16,16,16,16,16,16,16,16,16,12.3,16,16,16,16,16,16,16,16,16,11.9,16,16,16,16,16,16,16,16,16,11.9,16,16,16,16,16,16,16,16,16,11.5,16,16,16,16,16,16,16,16,16,10.8,16,16,16,16,16,16,16,16,16,10.7,16,16,16,16,16,16,16,16,16,11.4,16,16,16,16,16,16,12,12
0.0000984,12.2,16,16,16,16,16,16,16,16,16,16,12.4,16,16,16,16,16,16,16,16,16,12.2,16,16,16,16,16,16,16,16,16,12.3,16,16,16,16,16,16,16,16,16,11.9,16,16,16,16,16,16,16,16,16,11.9,16,16,16,16,16,16,16,16,16,11.6,16,16,16,16,16,16,16,16,16,10.8,16,16,16,16,16,16,16,16,16,10.7,16,16,16,16,16,16,16,16,16,11.3,16,16,16,16,16,16,12,12
0.0000986,12.1,16,16,16,16,16,16,16,16,16,16,12.4,16,16,16,16,16,16,16,16,16,12.2,16,16,16,16,16,16,16,16,16,12.3,16,16,16,16,16,16,16,16,16,11.9,16,16,16,16,16,16,16,16,16,11.9,16,16,16,16,16,16,16,16,16,11.6,16,16,16,16,16,16,16,16,16,10.9,16,16,16,16,16,16,16,16,16,10.8,16,16,16,16,16,16,16,16,16,11.3,16,16,16,16,16,16,11.9,12
0.0000988,12.2,15.9,16,16,16,16,16,16,16,16,16,12.3,16,16,16,16,16,16,16,16,16,12.2,16,16,16,16,16,16,16,16,15.9,12.4,16,16,16,16,16,16,16,16,16,11.9,16,16,16,16,16,16,16,16,16,11.9,16,16,16,16,16,16,16,16,16,11.6,16,16,16,16,16,16,16,16,16,10.9,16,16,16,16,16,16,16,16,16,10.8,16,16,16,16,16,16,16,16,16,11.2,16,16,16,16,16,16,11.9,12
0.000099,12.1,16,16,16,16,16,16,16,16,16,16,12.3,16,16,16,16,16,16,16,16,16,12.2,16,16,16,16,16,16,16,16,15.9,12.4,16,16,16,16,16,16,16,16,16,11.9,16,16,16,16,16,16,16,16,16,12,16,16,16,16,16,16,16,16,16,11.5,16,16,16,16,16,16,16,16,15.9,10.9,16,16,16,15.9,16,16,16,16,16,10.9,16,16,16,16,16,16,16,16,16,11.2,16,16,16,16,16,16,11.8,11.9
0.0000992,12.2,16,16,16,16,16,16,16,16,16,15.9,12.2,16,16,16,16,16,16,16,16,16,12.2,16,16,16,16,16,16,16,16,16,12.4,16,16,16,16,16,16,16,16,16,12,16,16,16,16,16,16,16,16,16,12,16,16,16,16,16,16,16,16,16,11.5,16,16,16,16,16,16,16,16,16,10.9,16,16,16,16,16,16,16,16,16,10.9,16,16,16,16,16,16,16,16,16,11.2,16,16,16,16,16,16,11.8,11.9
0.0000994,12.1,16,16,16,16,16,16,16,16,16,16,12.3,16,16,16,16,16,16,16,16,16,12.2,16,16,16,16,16,16,16,16,16,12.4,16,16,16,16,16,16,16,16,16,11.9,16,16,16,16,16,16,16,16,16,12,16,16,16,16,16,16,16,16,16,11.4,16,16,16,16,16,16,16,16,16,10.9,16,16,16,16,16,16,16,16,16,10.9,16,16,16,16,16,16,16,16,16,11.4,16,16,16,16,16,16,11.8,11.8
0.0000996,12.1,16,16,16,16,16,16,16,16,16,16,12.2,16,16,16,16,16,16,16,16,16,12.2,16,16,16,16,16,16,16,16,16,12.3,16,16,16,16,16,16,16,16,16,11.9,16,16,16,16,16,16,16,16,16,12,16,16,16,16,16,16,16,16,16,11.4,16,16,16,16,16,16,16,16,16,10.9,16,16,16,16,16,16,16,16,16,10.9,16,16,16,16,16,16,16,16,16,11.5,16,16,16,16,16,16,11.7,11.8
0.0000998,12.1,16,16,16,16,16,16,16,16,16,16,12.3,16,16,16,16,16,16,16,16,16,12.3,16,16,16,16,16,16,16,16,16,12.3,16,16,16,16,16,16,16,16,16,11.9,16,16,16,16,16,16,16,16,16,12,16,16,16,16,16,16,16,16,16,11.5,16,16,16,16,16,16,16,16,16,10.9,16,16,16,16,16,16,16,16,16,11,16,16,16,16,16,16,16,16,16,11.6,16,16,16,16,16,16,11.8,11.9
0.0001,12.1,16,16,16,16,16,16,16,16,16,16,12.3,16,16,16,16,16,16,16,16,16,12.3,16,16,16,16,16,16,16,16,16,12.3,16,16,16,16,16,16,16,16,16,12,16,16,16,16,16,16,16,16,16,12,16,16,16,16,16,16,16,16,16,11.5,16,16,16,16,16,16,16,16,16,11,16,16,16,16,16,16,16,16,16,10.9,16,16,16,16,16,16,16,16,16,11.7,16,16,16,16,16,16,11.7,11.8
0.0001,12.2,16,16,16,16,16,16,16,16,16,16,12.4,16,16,16,16,16,16,16,16,16,12.3,16,16,16,16,16,16,16,16,16,12.3,16,16,16,16,16,16,16,16,16,12.1,16,16,16,16,16,16,16,16,16,12,16,16,16,16,16,16,16,16,16,11.5,16,16,16,16,16,16,16,16,16,11.1,16,16,16,16,16,16,16,16,16,11,16,16,16,16,16,16,16,16,16,11.8,16,16,16,16,16,16,11.8,11.8
0.0001,12.1,16,16,16,16,16,16,16,16,16,16,12.4,16,16,16,16,16,16,16,16,16,12.4,16,16,16,16,16,16,16,16,16,12.2,16,16,16,16,16,16,16,16,16,12.1,16,16,16,16,16,16,16,16,16,12.1,16,16,16,16,16,16,16,16,16,11.6,16,16,16,16,16,16,16,16,16,11.1,16,16,16,16,16,16,16,16,16,11,16,16,16,16,16,16,16,16,16,11.8,16,16,16,16,16,16,11.8,11.8
0.000101,12.1,15.9,16,16,16,16,16,16,16,16,16,12.4,16,16,16,16,16,16,16,16,16,12.4,16,16,16,16,16,16,16,16,16,12.3,16,16,16,16,16,16,16,16,16,12.1,16,16,16,16,16,16,16,16,16,12.2,16,16,16,16,16,16,16,16,16,11.6,16,16,16,16,16,16,16,16,16,11.1,16,16,16,16,16,16,16,16,16,11.1,16,16,16,16,16,16,16,16,16,11.7,16,16,16,16,16,16,11.8,11.8
0.000101,12.1,16,16,16,16,16,16,16,16,16,16,12.4,16,16,16,16,16,16,16,16,16,12.4,16,16,16,16,16,16,16,16,16,12.3,16,16,16,16,16,16,16,16,16,12.2,16,16,16,16,16,16,16,16,16,12.1,16,16,16,16,16,16,16,16,16,11.7,16,16,16,16,16,16,16,16,16,11.1,16,16,16,16,16,16,16,16,16,11.1,16,16,16,16,16,16,16,16,16,11.6,16,16,16,16,16,16,11.8,11.8
0.000101,12.1,16,16,16,16,16,16,16,16,16,16,12.4,16,16,16,16,16,16,16,16,16,12.4,16,16,16,16,16,15.9,16,16,16,12.3,16,16,16,16,16,16,16,16,16,12.2,16,16,16,16,16,16,16,16,16,12.2,16,16,16,16,16,16,16,16,16,11.7,16,16,16,16,16,16,16,16,16,11.1,16,16,16,16,16,16,16,16,16,11.1,16,16,16,16,16,16,16,16,16,11.6,16,16,16,16,16,16,11.8,11.8
0.000101,12.1,16,16,16,16,16,16,16,16,16,16,12.3,16,16,16,16,16,16,16,16,16,12.4,16,16,16,16,16,16,16,16,16,12.3,16,16,16,16,16,16,16,16,16,12.2,16,16,16,16,16,16,16,16,16,12.2,16,16,16,16,16,16,16,16,16,11.8,16,16,16,16,16,16,16,16,16,10.9,16,16,16,16,16,16,16,16,16,11.1,16,16,16,16,16,16,16,16,16,11.5,16,16,16,16,16,16,11.7,11.9
0.000101,12.1,16,16,16,16,16,16,16,16,16,16,12.3,16,16,16,16,16,16,16,16,16,12.4,16,16,16,16,16,16,16,16,16,12.3,16,16,16,16,16,16,16,16,16,12.2,16,16,16,16,16,16,16,16,16,12.2,16,16,16,16,16,16,16,16,16,11.8,16,16,16,16,16,16,16,16,16,11,16,16,16,16,16,16,16,16,16,11.1,16,16,16,16,16,16,16,16,16,11.5,16,16,16,16,16,16,11.7,11.9
0.000102,12.1,16,16,16,16,16,16,16,16,16,16,12.2,16,16,16,16,16,16,16,16,16,12.3,16,15.9,16,16,16,16,16,16,16,12.3,16,16,16,16,16,16,16,16,16,12.2,16,16,16,16,16,16,16,16,16,12.2,16,16,16,16,16,16,16,16,16,11.7,16,16,16,16,16,16,16,16,16,10.9,16,16,16,16,16,16,16,16,16,11.1,16,16,16,16,16,16,16,16,16,11.5,16,16,16,16,16,16,11.6,11.9
0.000102,12.1,16,16,16,16,16,16,16,16,16,16,12.2,16,16,16,16,16,16,16,16,16,12.3,16,16,16,16,16,16,16,16,16,12.3,16,16,16,16,16,16,16,16,16,12.2,16,16,16,16,16,16,16,16,16,12.1,16,16,16,16,16,16,16,16,16,11.7,16,16,16,16,16,16,16,16,16,11,16,16,16,16,16,16,16,16,16,11.2,16,16,16,16,16,16,16,16,16,11.6,16,16,16,16,16,16,11.6,11.9
0.000102,12.1,16,16,16,16,16,16,16,16,16,16,12.2,16,16,16,16,16,16,16,16,16,12.3,16,16,16,16,16,16,16,16,16,12.2,16,16,16,16,16,16,16,16,16,12.3,16,16,16,16,16,16,16,16,16,12.1,16,16,16,16,16,16,16,16,16,11.7,16,16,16,16,16,16,16,16,16,11.1,16,16,16,16,16,16,16,16,16,11.1,16,16,16,16,16,16,16,16,16,11.6,16,16,16,16,16,16,11.7,11.9
0.000102,12.1,16,16,16,16,16,16,16,16,16,16,12.3,16,16,16,16,16,16,16,15.9,16,12.4,16,16,16,16,16,16,16,16,16,12.3,16,16,16,16,16,16,16,16,16,12.2,16,16,16,16,16,16,16,16,16,12.1,16,16,16,16,16,16,16,16,16,11.7,16,16,16,16,16,16,16,16,16,11.1,16,16,16,16,16,16,16,16,16,11.1,16,16,16,16,16,16,16,16,16,11.7,16,16,16,16,16,16,11.7,11.8
0.000102,12.1,16,16,16,16,16,16,16,16,16,16,12.2,16,16,16,16,16,16,16,16,16,12.4,16,16,16,16,16,16,16,16,16,12.3,16,16,16,16,16,16,16,16,16,12.2,16,16,16,16,16,16,16,16,16,12,16,16,16,16,16,16,16,16,16,11.7,16,16,16,16,16,16,16,16,16,11.2,16,16,16,16,16,16,16,16,16,11.2,16,16,16,16,16,16,16,16,16,11.8,16,16,16,16,16,16,11.8,11.8
0.000103,12.2,16,16,16,16,16,16,16,16,16,16,12.4,16,16,16,16,16,16,16,16,16,12.4,16,16,16,16,16,16,16,16,16,12.3,16,15.9,16,16,16,16,16,16,16,12.3,16,16,16,16,16,16,16,16,16,12.1,16,16,16,16,16,16,16,16,16,11.7,16,16,16,16,16,16,16,16,16,11.2,16,16,15.9,16,16,16,16,16,16,11.1,16,16,16,16,16,16,16,16,16,11.7,16,16,16,16,16,16,11.8,11.8
0.000103,12.2,16,16,16,16,16,16,16,16,16,16,12.4,16,16,16,16,16,16,16,16,16,12.4,16,16,16,16,16,16,16,16,16,12.3,16,16,16,16,16,16,16,16,16,12.3,16,16,16,16,16,16,16,16,16,12.1,16,16,16,16,16,16,16,16,16,11.8,16,16,16,16,16,16,16,16,16,11.2,16,16,16,16,16,16,16,16,16,11.2,16,16,16,16,16,16,16,16,16,11.8,16,16,16,16,16,16,11.9,11.8
0.000103,12.2,16,16,16,16,16,16,16,16,16,16,12.4,16,16,16,16,16,16,16,16,16,12.4,16,16,16,16,16,16,16,16,16,12.3,16,16,16,16,16,16,16,16,15.9,12.2,16,16,16,16,16,16,16,16,16,12.2,16,16,16,16,16,16,16,16,16,11.8,16,16,16,16,16,16,16,16,16,11.2,16,16,16,16,16,16,16,16,16,11.2,16,16,16,16,16,16,16,16,16,11.8,16,16,16,16,16,16,11.9,11.9
0.000103,12.2,16,16,16,16,16,16,16,16,16,16,12.4,16,16,15.9,16,16,16,16,16,16,12.5,16,16,16,16,16,16,16,16,16,12.3,16,16,16,16,16,16,16,16,16,12.3,16,16,16,16,16,16,16,16,16,12.2,16,16,16,16,16,16,16,16,16,11.8,16,16,16,16,16,16,16,16,16,11.2,16,16,16,16,16,16,16,16,16,11.2,16,16,16,16,16,16,16,16,16,11.8,16,16,16,16,16,16,11.8,11.9
0.000103,12.2,16,16,16,16,16,16,16,16,16,16,12.4,16,16,16,16,16,16,16,16,16,12.4,16,16,16,16,16,16,16,16,16,12.3,16,16,16,16,16,16,16,16,16,12.2,16,16,16,16,16,16,16,16,16,12.2,16,16,16,16,16,16,16,16,16,11.8,16,16,16,16,16,16,16,16,16,11.1,16,16,16,16,16,16,16,16,16,11.2,16,16,16,16,16,16,16,16,16,11.8,16,16,15.9,16,16,16,11.8,11.8
0.000104,12.2,16,16,16,16,16,16,16,16,16,16,12.4,16,16,16,16,16,16,16,16,16,12.4,16,16,16,16,16,15.9,16,16,16,12.3,16,16,16,16,16,16,16,16,16,12.2,16,16,16,16,16,16,16,16,16,12.2,16,16,16,16,16,16,16,16,16,11.8,16,16,16,16,16,16,16,16,16,11,16,16,16,16,16,16,16,16,16,11.2,16,16,16,16,16,16,16,16,16,11.7,16,16,16,16,16,16,11.8,11.9
0.000104,12.2,16,16,16,16,16,16,16,16,16,16,12.4,16,16,16,16,16,16,16,16,16,12.4,16,16,16,16,16,16,16,16,16,12.3,16,16,16,16,16,16,16,16,16,12.2,16,16,16,16,16,16,16,16,16,12.3,16,16,16,16,16,16,16,16,16,11.8,16,16,16,16,16,16,16,16,16,11,16,16,16,16,16,16,16,16,16,11.2,16,16,16,16,16,16,16,16,16,11.8,16,16,16,16,16,16,11.7,11.9
0.000104,12.2,16,16,16,16,16,16,16,16,16,16,12.3,16,16,16,16,16,16,16,16,16,12.4,16,16,16,16,16,16,16,16,16,12.3,16,16,16,16,16,16,16,16,16,12.2,16,16,16,16,16,16,16,16,16,12.3,16,16,16,16,16,16,16,16,16,11.8,16,16,16,16,16,16,15.9,16,16,11,16,16,16,16,16,16,16,16,16,11.2,16,16,16,16,16,16,16,16,16,11.8,16,16,16,16,16,16,11.7,11.8
0.000104,12.1,16,16,16,16,16,16,16,16,16,16,12.2,16,16,16,16,16,16,16,16,16,12.3,16,16,16,16,16,16,16,16,16,12.3,16,16,16,16,15.9,16,16,16,16,12.2,16,16,16,16,16,16,16,16,16,12.2,16,16,16,16,16,16,16,16,16,11.7,16,16,16,16,16,16,16,16,16,11.1,15.9,16,16,16,16,16,16,16,16,11.2,16,16,16,16,16,16,16,16,16,11.8,16,16,16,16,16,16,11.7,11.8
0.000104,12,16,16,16,16,16,16,16,16,16,16,12.3,16,16,16,16,16,16,16,16,16,12.3,16,16,16,16,16,16,16,16,16,12.3,16,16,16,16,16,16,16,16,16,12.2,16,16,16,16,16,16,16,16,16,12.2,16,16,16,16,16,16,16,16,16,11.7,16,16,16,16,16,16,16,16,16,11.2,16,16,16,16,16,16,16,16,16,11.2,16,16,16,16,16,16,16,16,16,11.8,16,16,16,16,16,16,11.7,11.8
0.000105,12,16,16,16,16,16,16,16,16,16,16,12.3,16,16,16,16,16,16,16,16,16,12.3,16,16,16,16,16,16,16,16,16,12.3,16,16,16,16,16,16,16,16,16,12.2,16,16,16,16,16,16,16,16,16,12.2,16,16,15.9,16,16,16,16,16,16,11.8,16,16,16,16,16,16,16,16,16,11.3,16,16,16,16,16,16,16,16,16,11.2,16,16,16,16,16,16,16,16,16,11.8,16,16,16,16,16,16,11.8,11.8
0.000105,12,16,16,16,16,16,16,16,16,16,16,12.2,16,16,16,16,16,16,16,16,16,12.4,16,16,16,16,16,16,16,16,16,12.2,16,16,16,16,16,16,16,16,16,12.2,16,16,16,16,16,16,16,16,16,12.1,16,16,16,16,16,16,16,16,16,11.8,16,16,16,16,16,16,16,16,16,11.4,16,16,16,16,16,16,16,16,16,11.3,16,16,16,16,16,16,16,16,16,11.7,16,16,16,16,16,16,11.8,11.8
0.000105,12,16,16,16,16,16,16,16,16,16,16,12.3,16,16,16,16,16,16,16,16,16,12.4,16,16,16,16,16,16,16,16,16,12.2,16,16,16,16,16,16,16,16,16,12.2,16,16,16,16,15.9,16,16,16,16,12.1,16,16,16,16,16,16,16,16,16,11.8,16,16,16,16,16,16,16,16,16,11.5,16,16,16,16,16,16,16,16,16,11.3,16,16,16,16,16,16,16,16,16,11.7,16,16,16,16,16,16,11.8,11.8
0.000105,12,16,16,16,16,16,16,16,16,16,16,12.3,16,16,16,16,16,16,16,16,16,12.4,16,16,16,16,16,16,16,16,16,12.2,16,16,16,16,16,16,16,16,16,12.3,16,16,16,16,16,16,16,16,16,12.1,16,16,16,16,16,16,16,16,16,11.8,16,16,16,16,16,16,16,16,16,11.4,16,16,16,16,16,16,16,16,16,11.2,16,16,16,16,16,16,16,16,16,11.7,16,16,16,16,16,16,11.9,11.8
0.000105,12.1,16,16,16,16,16,16,16,16,16,16,12.2,16,16,16,16,16,16,16,16,16,12.4,16,16,16,16,16,16,16,16,16,12.2,16,16,16,16,16,16,16,16,16,12.2,16,16,16,16,16,16,16,16,16,12.2,16,16,16,16,16,16,16,16,16,11.8,16,16,16,16,16,16,16,16,16,11.3,16,16,16,16,16,16,16,16,16,11.3,16,16,16,16,16,16,16,16,16,11.8,16,16,16,16,16,16,11.9,11.8
0.000106,12.1,16,16,16,16,16,16,16,16,16,16,12.3,16,16,16,16,16,16,16,16,16,12.4,16,16,16,16,16,16,16,16,16,12.2,16,16,16,16,16,16,16,16,16,12.2,16,16,16,16,16,16,16,16,16,12.2,16,16,16,16,16,16,16,16,16,11.8,16,16,16,16,16,16,16,16,16,11.2,16,16,16,16,16,16,16,15.9,16,11.2,16,16,16,16,16,16,16,16,16,11.8,16,16,16,16,16,16,11.8,11.8
0.000106,12.1,16,16,16,16,16,16,16,16,16,16,12.3,16,16,16,16,16,16,16,16,16,12.4,16,16,16,16,16,16,16,16,16,12.2,16,16,16,16,16,16,16,16,16,12.3,16,16,16,16,16,16,16,16,16,12.2,16,16,16,16,16,16,16,16,16,11.8,16,16,16,16,16,16,16,16,16,11.2,16,16,16,15.9,16,16,16,16,16,11.2,16,16,16,16,16,16,16,16,16,11.8,16,16,16,16,16,16,11.8,11.9
0.000106,12.1,16,16,16,16,16,16,16,16,16,16,12.3,16,16,16,16,16,16,16,16,16,12.5,16,16,16,16,16,16,16,16,16,12.2,16,16,16,16,16,16,16,16,16,12.2,16,16,16,16,16,16,16,16,16,12.2,16,16,16,16,16,16,16,15.9,16,11.8,16,16,16,16,16,16,16,16,16,11.2,16,16,16,16,16,16,16,16,16,11.2,16,16,16,16,16,16,16,16,16,11.8,16,16,16,16,16,16,11.9,11.8
0.000106,12.2,16,16,16,16,16,16,16,16,16,16,12.3,16,16,16,16,16,16,16,16,16,12.4,16,16,16,16,16,16,16,15.9,16,12.2,16,16,16,16,16,16,16,16,16,12.2,16,16,16,16,16,16,16,16,16,12.2,16,16,16,16,16,16,16,16,16,11.8,16,16,16,16,16,16,16,16,16,11.1,16,16,16,16,16,16,16,16,16,11.3,16,16,16,16,16,16,16,16,16,11.8,16,16,16,16,16,16,11.9,11.9
0.000106,12.2,16,16,16,16,16,16,16,16,16,16,12.3,16,16,16,16,16,16,16,16,16,12.4,16,16,16,16,16,16,15.9,16,16,12.2,16,16,16,16,16,16,16,16,16,12.3,16,16,16,15.9,16,16,16,16,16,12.2,16,16,16,16,16,16,16,16,16,11.8,16,16,16,16,16,16,16,16,16,11.2,16,16,16,16,16,16,16,16,16,11.2,16,16,16,16,16,16,16,16,16,11.8,16,16,16,16,16,16,11.9,11.9
0.000107,12.2,16,16,16,16,16,16,16,15.9,16,16,12.2,16,16,16,16,16,16,16,16,16,12.4,16,16,16,16,16,16,16,15.9,16,12.2,16,16,16,16,16,16,16,16,16,12.2,16,16,16,16,16,16,16,16,16,12.2,16,16,16,16,16,16,16,16,16,11.8,16,16,16,16,16,16,16,16,16,11.2,16,16,16,16,16,16,16,16,16,11.3,16,16,16,16,16,16,16.1,16,16,11.8,16,16,16,15.9,16,16,11.9,11.9
0.000107,12.2,16,16,16,16,16,16,16,16,16,16,12.2,16,16,16,16,16,16,16,16,16,12.4,16,16,16,16,16,16,16,16,16,12.2,16,16,16,16,16,16,16,16,16,12.2,16,16,16,16,16,16,16,16,16,12.2,16,16,16,16,16,16,16,16,16,11.8,16,16,16,16,16,16,16,16,16,11.4,16,16,16,16,16,16,16,16,16,11.3,16,16,16,16,16,16,16,16,16,11.8,16,16,16,16,16,16,11.8,11.9
0.000107,12.1,16,16,16,16,16,16,16,16,16,16,12.2,16,16,16,16,16,16,16,16,16,12.3,16,16,16,16,16,16,16,16,16,12.2,16,16,16,16,16,16,16,16,16,12.2,16,16,16,16,16,16,16,16,16,12.2,16,16,16,16,16,16,16,16,16,11.8,16,16,16,16,16,16,16,16,16,11.4,16,16,16,16,16,16,16,16,16,11.2,16,16,16,16,16,16,16,16,16,11.8,16,16,16,16,16,16,11.8,11.9
0.000107,12.1,16,16,16,16,16,16,16,16,16,16,12.1,16,16,16,16,16,16,16,16,15.9,12.2,16,16,16,16,16,16,16,16,16,12.2,16,16,16,16,16,16,16,16,16,12.2,16,16,16,16,16,15.9,16,16,16,12.2,16,16,16,16,16,16,16,16,16,11.8,16,16,16,16,16,16,16,16,16,11.4,16,16,16,16,16,16,16,16,16,11.3,16,16,16,16,16,16,16,16,16,11.8,16,16,16,16,16,16,11.8,11.9
0.000107,12,16,16,16,16,16,16,16,16,16,16,12.2,16,16,16,16,16,16,16,16,16,12.2,16,16,16,16,16,16,16,16,16,12.2,16,16,16,16,16,16,16,16,16,12.2,16,16,16,16,16,16,16,16,16,12.2,16,16,16,16,16,16,16,16,16,11.8,16,16,16,16,16,16,16,16,16,11.4,16,16,16,16,16,16,16,16,16,11.2,16,16,16,16,16,16,16,16,16,11.8,16,16,16,16,16,16,11.9,11.9
0.000108,12,16,16,16,16,16,16,16,16,16,16,12.2,16,16,16,16,16,16,16,16,16,12.3,16,16,16,16,16,16,16,16,16,12.2,16,16,16,16,16,16,16,16,16,12.2,16,16,16,16,16,16,16,16,16,12.1,16,16,16,16,16,16,16,16,16,11.9,16,16,16,16,16,16,16,16,16,11.4,16,16,16,16,16,16,16,16,16,11.3,16,16,16,16,16,16,16,16,16,11.8,16,16,16,16,16,16,11.8,11.8
0.000108,12,16,16,16,16,16,16,16,16,16,16,12.2,16,16,16,16,16,16,16,16,16,12.3,16,16,16,16,16,16,16,16,16,12.2,16,16,16,16,16,16,16,16,16,12.2,16,16,16,16,16,16,16,16,16,12.2,16,16,16,16,16,16,16,16,16,11.9,16,16,16,16,16,16,16,16,16,11.4,16,16,16,16,16,16,16,16,16,11.3,16,16,16,16,16,16,16,16,16,11.9,16,16,16,16,16,16,11.8,11.8
0.000108,11.9,16,16,16,16,16,16,16,16,16,16,12.1,16,16,16,16,16,16,16,16,16,12.3,16,16,16,16,16,16,16,16,16,12.2,16,16,16,16,16,16,16,16,16,12.2,16,16,16,16,16,16,16,15.9,16,12.2,16,16,16,16,16,16,16,15.9,16,11.9,15.9,16,16,16,16,16,16,16,16,11.3,16,16,16,16,16,16,16,16,16,11.3,16,16,16,16,16,16,16,16,16,11.9,16,16,16,16,16,16,11.8,11.8
0.000108,11.9,16,16,16,16,16,16,16,16,16,16,12.2,16,16,16,16,16,16,16,16,16,12.2,16,16,16,16,16,16,16,16,16,12.2,16,16,16,16,16,16,16,16,16,12.3,16,16,16,16,16,16,16,16,16,12.2,16,16,16,16,16,16,16,16,16,11.9,16,16,16,16,16,16,16,16,16,11.2,16,16,15.9,16,16,16,16,16,16,11.3,16,16,16,16,16,16,16,16,16,11.9,16,16,16,16,16,16,11.8,11.8
0.000108,12,16,16,16,16,16,16,16,16,16,16,12.2,16,16,16,16,16,16,16,16,16,12.2,16,16,16,16,16,16,16,16,16,12.2,16,16,16,16,16,16,16,16,16,12.3,16,16,16,16,16,16,16,16,16,12.2,16,16,16,16,16,16,16,16,16,11.8,16,16,16,16,16,16,15.9,16,16,11.3,16,16,16,16,16,16,16,16,16,11.3,16,16,16,16,16,16,16,16,16,11.9,16,16,16,16,16,16,11.8,11.8
0.000109,12,16,16,16,16,16,16,16,16,16,16,12.2,16,16,16,16,16,16,16,16,16,12.2,16,16,16,16,16,16,16,16,16,12.2,16,16,16,16,16,16,16,16,16,12.4,16,16,16,16,16,16,16,16,16,12.2,16,16,16,16,16,16,16,16,16,11.8,16,16,16,16,16,16,16,16,16,11.2,16,16,16,16,16,16,16,16,16,11.3,16,16,16,16,16,16,16,16,16,11.9,16,16,16,16,16,16,11.8,11.8
0.000109,12.1,16,16,16,16,15.9,16,16,16,16,16,12.2,16,16,16,16,16,16,16,16,16,12.2,16,16,16,16,16,16,16,16,16,12.2,16,16,16,16,16,16,16,16,16,12.4,16,16,16,16,16,16,16,16,16,12.2,16,16,16,16,16,16,16,16,16,11.8,16,16,16,16,16,16,16,16,16,11.2,16,16,16,16,16,16,16,15.9,16,11.4,16,16,16,16,16,16,16,16,16,11.9,16,16,16,16,16,16,11.8,11.9
0.000109,12.1,16,16,16,16,16,16,16,16,16,16,12.3,16,16,16,16,16,16,16,16,16,12.2,16,16,16,16,16,16,16,16,16,12.2,16,16,16,16,16,16,16,16,16,12.4,16,16,16,16,16,16,16,16,16,12.2,16,16,16,16,16,16,16,16,16,11.7,16,16,16,16,15.9,16,16,16,15.9,11.3,16,16,16,16,16,16,16,16,16,11.3,16,16,16,16,16,16,16,16,16,11.8,16,16,16,16,16,16,11.8,11.9
0.000109,12.1,16,16,16,16,16,16,16,16,16,16,12.3,16,16,16,16,16,16,16,16,16,12.2,16,16,16,16,16,16,16,16,16,12.2,16,16,16,16,16,16,16,16,16,12.4,16,16,16,16,16,16,16,16,16,12.2,16,16,16,16,16,16,16,16,16,11.8,16,16,16,16,16,16,16,16,16,11.3,16,16,16,16,16,16,16,16,16,11.4,16,16,16,16,16,16,16,16,16,11.8,16,16,16,16,16,16,11.8,11.8
0.000109,12.1,16,16,16,16,16,16,16,16,16,16,12.2,16,16,16,16,15.9,16,16,16,16,12.2,16,16,16,16,16,16,16,16,16,12.1,16,16,16,15.9,16,16,16,16,16,12.3,16,16,16,16,16,16,16,16,16,12.2,16,16,16,16,16,16,16,16,16,11.7,16,16,16,16,16,16,16,16,16,11.3,16,16,16,16,16,16,16,16,16,11.4,16,16,16,16,16,16,16,16,16,11.8,16,16,16,16,16,16,11.8,11.8
0.00011,12.1,16,16,16,16,16,16,16,16,16,15.9,12.2,16,16,16,16,16,16,16,16,16,12.3,16,16,16,16,16,16,16,16,16,12.1,16,16,16,16,16,16,16,16,16,12.2,16,16,16,16,16,16,16,16,16,12.1,16,16,16,16,16,16,16,16,16,11.7,16,16,16,16,16,16,16,16,16,11.3,16,16,16,16,16,16,16,16,16,11.4,16,16,16,16,16,16,16,16,16,11.8,16,16,16,16,16,16,11.8,11.8
0.00011,12,15.9,16,16,16,16,16,16,16,16,16,12.2,16,16,16,16,16,16,16,16,16,12.3,16,16,16,16,16,16,16,16,16,12.1,16,16,16,16,16,16,16,16,16,12.2,16,16,16,16,16,16,16,16,16,12.1,16,16,16,16,16,16,16,16,16,11.8,16,16,16,16,16,16,16,16,16,11.3,16,16,16,16,16,16,16,16,16,11.4,16,16,16,16,16,16,16,16,16,11.8,16,16,16,16,16,16,11.8,11.9
0.00011,12,16,16,16,16,16,16,16,16,16,16,12.1,16,16,16,16,16,16,16,16,16,12.3,16,16,16,16,16,16,16,16,16,12.2,16,16,16,16,16,16,16,16,16,12.2,16,16,16,16,16,16,16,16,16,12.1,16,16,16,16,16,16,16,16,16,11.8,16,16,16,16,16,16,16,16,16,11.3,16,16,16,16,16,16,16,16,16,11.4,16,16,16,16,16,16,16,16,16,11.8,16,16,16,16,16,16,11.8,11.8
0.00011,12,16,16,16,16,16,16,16,16,16,16,12.1,16,16,16,16,16,16,16,16,16,12.3,16,16,16,16,16,16,16,16,16,12.1,16,16,16,16,16,16,16,16,16,12.1,16,16,15.9,16,16,16,16,16,16,12.2,16,16,16,16,16,16,16,16,16,11.9,16,16,16,16,16,16,16,16,16,11.3,16,16,16,16,16,16,16,16,16,11.4,16,16,16,16,16,16,16,16,16,11.8,16,16,16,16,16,16,11.9,11.9
0.00011,12,16,16,16,16,16,16,16,16,16,16,12.1,16,16,16,16,16,16,16,16,16,12.3,16,16,16,16,16,16,16,16,16,12.1,16,16,16,16,16,16,16,16,16,12.1,16,16,16,16,16,16,15.9,16,16,12.2,16,16,16,16,16,16,16,16,16,11.9,16,16,16,16,16,16,16,16,16,11.3,16,16,16,16,16,16,16,16,16,11.4,16,16,16,16,16,16,16,16,16,11.8,16,16,16,16,16,16,11.8,11.9
0.000111,11.9,16,16,16,16,16,16,16,16,16,16,12.1,16,16,16,16,16,16,16,16,16,12.3,16,16,16,16,16,16,16,16,16,12.1,16,16,16,16,16,16,16,16,16,12.1,16,16,16,16,16,16,16,16,16,12.2,16,16,16,16,16,16,16,16,16,11.9,16,16,16,16,16,16,16,16,16,11.3,16,16,16,16,16,16,16,16,16,11.4,16,16,16,16,16,16,16,16,16,11.8,16,16,16,16,16,16,11.8,11.9
0.000111,11.9,16,16,16,16,16,15.9,16,16,16,15.9,12.2,16,16,16,16,16,16,16,16,16,12.3,16,16,16,16,16,16,16,16,16,12.2,16,16,16,16,16,16,16,16,16,12.2,16,16,16,16,16,16,16,16,16,12.2,16,16,16,16,16,16,16,16,16,11.9,16,16,16,15.9,16,16,16,16,16,11.3,16,16,16,16,16,16,16,16,16,11.4,16,16,16,16,16,16,16,16,16,11.8,16,16,16,16,16,16,11.8,11.9
0.000111,12,16,16,16,16,16,16,16,16,16,16,12.2,16,16,16,16,16,16,16,16,16,12.3,16,16,16,16,16,16,16,16,16,12.1,16,16,16,16,16,16,16,16,16,12.2,16,16,16,16,16,16,16,16,16,12.2,16,16,16,16,16,16,16,16,16,11.8,16,16,16,16,16,16,16,16,16,11.4,16,16,16,16,16,16,16,16,16,11.3,16,16,16,16,16,16,16,16,16,11.8,16,16,16,16,16,16,11.8,11.9
0.000111,12,16,16,16,16,16,16,16,16,16,16,12.2,16,16,16,16,16,16,16,16,16,12.3,16,16,16,16,16,16,16,16,16,12.1,16,16,16,16,16,16,16,16,16,12.3,16,16,16,16,16,16,16,16,16,12.2,16,16,16,16,16,16,16,16,16,11.8,16,16,16,16,16,16,16,16,16,11.4,16,16,16,16,16,16,16,16,16,11.3,16,16,16,16,16,16,16,16,16,11.8,16,16,16,16,16,16,11.8,12
0.000111,12,16,16,16,16,16,16,16,16,16,16,12.2,16,16,16,16,16,16,16,16,16,12.2,16,16,16,16,16,16,16,16,16,12.2,16,16,16,16,16,16,16,16,16,12.3,16,16,16,16,16,16,16,16,16,12.2,16,16,16,15.9,16,16,16,16,16,11.7,16,16,16,16,16,16,16,16,16,11.3,16,16,16,16,16,16,16,16,16,11.3,16,16,16,16,16,16,16,16,16,11.8,16,16,16,16,15.9,16,11.8,12
0.000112,12.1,16,16,16,16,16,16,16,16,16,16,12.2,16,16,16,16,16,16,16,16,16,12.2,16,16,16,16,16,16,16,16,16,12.1,16,15.9,16,16,16,16,16,16,16,12.3,16,16,16,16,16,16,16,16,16,12.2,16,16,16,16,16,16,16,16,16,11.7,16,16,16,16,16,16,16,16,16,11.3,16,16,16,16,16,16,16,16,16,11.3,16,16,16,16,16,16,16,16,16,11.8,16,16,16,16,16,16,11.8,12
0.000112,12,16,16,16,16,16,16,16,16,16,15.9,12.2,16,16,16,16,16,16,16,16,16,12.3,16,16,16,16,16,16,16,16,16,12.1,16,16,16,16,16,16,16,16,16,12.2,16,16,16,16,16,16,16,16,16,12.1,16,16,16,16,16,16,16,16,16,11.7,16,16,16,16,16,15.9,16,16,16,11.4,16,16,16,16,16,16,16,16,16,11.2,15.9,16,16,16,16,16.1,16,16,16,11.8,16,16,16,16,16,16,11.8,12
0.000112,12,16,16,16,16,16,16,16,16,16,16,12.2,16,16,16,16,16,16,16,16,16,12.3,16,16,16,16,16,16,16,16,16,12.1,16,16,16,16,16,16,16,16,16,12.2,16,16,16,16,16,16,16,16,16,12.1,16,16,16,16,16,16,16,16,16,11.8,16,16,16,16,16,16,16,16,16,11.3,16,16,16,16,16,16,15.9,16,16,11.4,16,16,16,16,16,16,16,16,16,11.8,16,16,16,16,16,16,11.8,11.9
0.000112,12,16,16,16,16,16,16,16,16,16,16,12.2,16,16,16,15.9,16,16,16,16,16,12.3,16,16,16,16,16,16,16,16,16,12.1,16,16,16,16,16,16,16,16,16,12.2,16,16,16,16,16,16,16,16,16,12,16,16,16,16,16,16,16,16,16,11.8,16,16,16,16,16,16,16,16,16,11.4,16,16,16,16,16,16,16,16,16,11.4,16,16,16,16,16,16,16,16,16,11.8,16,16,16,16,16,16,11.8,11.9
0.000112,12.1,16,16,16,16,16,16,16,16,16,16,12.1,16,16,16,16,16,16,16,16,16,12.4,16,16,16,16,16,16,16,16,16,12.1,16,16,16,16,16,16,16,16,16,12.1,16,16,16,16,16,16,16,16,16,12,16,16,16,16,16,16,16,16,16,11.8,16,16,16,16,16,16,16,16,16,11.4,16,16,16,16,16,16,16,16,16,11.4,16,16,16,16,16,16,16,16,16,11.8,16,16,16,16,16,16,11.8,11.8
0.000113,12,16,16,16,16,16,16,16,16,16,16,12.1,16,16,16,16,16,16,16,16,16,12.4,16,16,16,16,16,16,16,16,16,12.1,16,16,16,16,16,16,16,16,16,12.1,16,16,16,16,16,16,16,16,16,12,16,16,16,16,16,16,16,16,16,11.8,16,16,16,16,16,15.9,16,16,16,11.4,16,16,16,16,16,16,16,16,16,11.5,16,16,16,16,16,16,16,16,16,11.8,16,16,16,16,16,16,11.8,11.8
0.000113,12,16,16,16,16,16,16,16,16,16,16,12.2,16,16,16,16,16,16,16,16,16,12.3,16,16,16,16,16,16,16,16,16,12.1,16,16,16,16,16,16,16,16,16,12,16,16,16,16,16,16,16,16,16,12,16,16,16,16,16,16,16,16,16,11.8,16,16,16,16,16,16,16,16,16,11.3,16,16,16,16,16,16,16,16,16,11.5,16,16,16,16,16,16,16,16,16,11.9,16,16,16,16,16,16,11.8,11.8
0.000113,11.9,16,16,16,16,16,16,16,16,16,16,12.1,16,16,16,16,16,16,16,16,16,12.2,16,16,16,16,16,16,16,16,16,12.1,16,16,16,16,16,16,16,16,16,12,16,16,16,16,16,16,16,16,16,12.1,16,16,16,16,16,16,16,16,16,11.8,16,16,16,16,16,16,16,16,16,11.4,16,16,16,16,16,16,16,16,16,11.5,16,16,16,16,16,16,16,16,16,11.8,16,16,16,16,16,16,11.8,11.8
0.000113,11.9,16,16,16,16,16,16,16,16,16,16,12.1,16,16,16,16,16,16,16,16,16,12.2,16,16,16,16,16,16,16,16,16,12,16,16,16,16,16,16,16,16,16,12,16,16,16,16,16,16,16,16,16,12.1,16,16,16,16,16,16,16,16,16,11.8,16,16,16,16,16,16,16,16,16,11.4,16,16,16,16,16,16,16,16,16,11.5,16,16,16,16,16,16,16,16,16,11.8,16,16,16,16,16,16,11.8,11.8
0.000113,11.9,16,16,16,16,16,16,16,16,16,16,12.2,16,16,16,16,16,16,16,16,16,12.1,16,16,16,16,16,16,16,16,16,12,16,16,16,16,16,16,16,16,16,12.1,16,16,16,16,16,16,16,16,16,12.2,16,16,16,16,16,16,16,16,16,11.8,16,16,16,16,16,16,16,16,16,11.3,16,16,16,16,16,16,16,16,16,11.5,16,16,16,16,16,16,16,16,16,11.8,16,16,16,16,16,16,11.8,11.8
0.000114,11.8,16,16,16,16,16,16,16,16,16,16,12.1,16,16,16,16,16,16,16,16,16,12.1,16,16,16,16,16,16,16,16,16,12.1,16,16,16,16,16,16,16,16,16,12.2,16,16,16,16,16,16,16,16,16,12.2,16,16,15.9,16,16,16,16,16,16,11.8,16,16,16,16,16,16,16,16,16,11.3,16,16,16,16,16,16,16,16,16,11.4,16,16,16,16,16,16,16,16,16,11.9,16,16,16,16,16,16,11.8,11.9
0.000114,11.9,16,16,16,16,16,16,16,16,16,16,12.2,16,16,16,16,16,16,16,16,16,12.1,16,16,16,16,16,16,16,16,16,12.1,16,16,16,16,16,16,16,16,16,12.2,16,16,16,16,16,16,16,16,16,12.2,16,16,16,16,16,16,16,16,16,11.8,16,16,16,16,16,16,16,16,16,11.3,16,16,16,16,16,16,16,16,16,11.4,16,16,16,16,16,16,16,16,16,11.9,16,16,16,16,16,16,11.8,11.9
0.000114,11.9,16,16,16,16,16,16,16,16,16,16,12.1,16,16,16,16,16,16,16,16,16,12.1,16,16,16,16,16,16,16,16,16,12.1,16,16,16,16,16,16,16,16,16,12.2,16,16,16,16,16,16,16,16,16,12.2,16,16,16,16,16,16,16,16,16,11.8,16,16,16,16,16,16,16,16,16,11.3,16,16,16,16,16,16,16,15.9,16,11.4,16,16,16,16,16,15.9,16,16,16,11.9,16,16,16,15.9,16,16,11.8,12
0.000114,12,16,16,16,16,16,16,16,16,16,16,12.1,16,16,16,16,16,16,16,16,16,12.2,16,16,16,16,16,16,16,16,16,12,16,16,16,16,15.9,16,16,16,16,12.2,16,16,16,16,16,16,16,16,16,12.2,16,16,16,16,16,16,16,16,16,11.8,16,16,16,16,16,16,16,16,16,11.3,16,16,16,16,16,16,16,16,16,11.3,16,16,16,16,16,16,16,16,16,11.9,16,16,16,16,16,16,11.8,12
0.000114,12,16,16,16,16,16,16,16,16,16,16,12.1,16,16,16,16,16,16,16,16,16,12.3,16,16,16,16,16,16,16,16,16,12.1,16,16,16,16,16,16,16,16,16,12.2,16,16,16,16,16,16,16,16,16,12.1,16,16,16,16,16,16,16,16,16,11.8,16,16,16,16,16,16,16,16,16,11.4,16,16,16,16,16,16,16,16,16,11.3,16,16,16,16,16,16,16,16,16,11.9,16,16,16,16,16,16,11.8,12
0.000115,12,16,15.9,16,16,16,16,16,16,16,16,12.1,16,16,16,16,16,16,16,16,16,12.3,16,16,16,16,16,16,16,16,16,12.1,16,16,16,16,16,16,16,16,16,12.2,16,16,16,16,16,16,16,16,16,12,16,16,16,16,16,16,16,16,16,11.8,16,16,16,16,16,16,16,16,16,11.3,16,16,16,16,16,16,15.9,16,16,11.4,16,16,16,16,16,16,16,16,16,11.9,16,16,16,16,16,16,11.8,12
0.000115,12,16,16,16,16,16,16,16,16,16,16,12.1,16,16,16,16,16,16,16,16,16,12.3,16,16,16,16,16,16,16,16,16,12.1,16,16,16,16,16,16,16,16,16,12.2,16,16,16,16,16,16,16,16,16,12,16,15.9,16,16,16,16,16,16,16,11.8,16,16,16,16,16,16,16,16,16,11.3,16,16,16,16,16,16,16,16,16,11.4,16,16,16,16,16,16,16,15.9,16,11.8,16,16,16,15.9,16,16,11.8,12
0.000115,11.9,16,16,16,16,16,16,16,16,16,16,12.1,16,16,16,16,16,16,16,16,16,12.3,16,16,16,16,16,16,16,16,16,12.1,16,16,16,16,16,16,16,16,16,12.1,16,16,16,16,16,16,16,16,16,12,16,16,16,16,16,16,16,16,16,11.8,16,16,16,16,16,16,16,16,16,11.3,16,16,16,16,16,16,16,16,16,11.4,16,16,16,16,16,16,16,16,16,11.8,16,16,16,16,16,16,11.8,12
0.000115,11.9,16,16,16,16,16,16,16,16,16,16,12.1,16,16,16,16,16,16,16,16,16,12.2,16,16,16,16,16,16,16,16,16,12.1,16,16,16,16,16,16,16,16,16,12,16,16,16,16,16,16,16,16,16,12.1,16,16,16,16,16,16,16,16,16,11.8,16,16,16,16,16,16,16,16,16,11.4,16,16,16,16,16,16,16,16,16,11.5,16,16,16,16,16,16,16,16,16,11.8,16,16,16,16,16,16,11.8,11.9
0.000115,11.9,16,16,16,16,16,16,16,16,16,16,12.2,16,16,16,16,16,16,16,16,16,12.2,16,16,16,16,16,16,16,16,16,12.2,16,16,16,16,16,16,16,16,16,12,16,16,16,16,16,16,16,16,16,12.1,16,16,16,16,16,16,16,16,16,11.8,16,16,16,16,16,16,16,16,16,11.3,16,16,16,16,16,16,16,16,16,11.5,16,16,16,16,16,16,16,16,16,11.7,16,16,16,16,16,16,11.8,11.8
0.000116,11.9,16,16,16,16,16,16,16,16,16,16,12.1,16,16,16,16,16,16,16,16,16,12,16,16,16,16,16,16,16,16,16,12.1,16,15.9,16,16,16,16,16,16,16,12,16,16,16,16,16,16,16,16,16,12.1,16,16,16,16,16,16,16,16,16,11.8,16,16,16,16,16,16,16,16,16,11.4,16,16,16,16,16,16,16,16,16,11.4,16,16,16,16,16,16,16,16,16,11.7,16,16,16,16,16,16,11.8,11.8
0.000116,11.9,16,16,16,15.9,16,16,16,16,16,16,12.1,16,16,16,16,16,16,16,16,15.9,12,16,16,16,16,16,16,16,16,16,12.1,16,16,16,16,16,16,16,16,16,12,16,16,15.9,16,16,16,16,16,16,12,16,16,16,16,16,16,16,16,16,11.8,15.9,16,16,16,16,16,16,16,16,11.3,16,16,16,16,16,16,16,16,16,11.4,16,16,16,16,16,16,16,16,16,11.6,16,16,16,16,16,16,11.8,11.8
0.000116,11.9,16,16,16,16,16,16,16,16,16,16,12,16,16,16,16,16,16,16,16,16,12.1,16,16,16,16,16,16,16,16,16,12.1,16,16,16,16,16,16,16,16,16,12.1,16,16,16,16,16,16,16,16,16,12.2,16,16,16,16,16,16,16,16,16,11.8,16,16,16,16,16,16,16,16,16,11.3,15.9,16,16,16,16,16,16,16,16,11.4,16,16,16,16,16,16,16,16,16,11.6,16,16,16,16,16,16,11.8,11.7
0.000116,11.9,16,16,16,16,16,16,16,16,16,16,12.2,16,16,16,16,16,16,16,16,16,12.2,16,16,16,16,16,16,16,16,16,12.1,16,16,16,16,16,16,16,16,16,12.2,16,16,16,16,16,16,16,16,16,12.1,16,16,16,16,16,16,16,16,16,11.8,16,16,16,16,16,16,16,16,16,11.3,16,16,16,16,16,16,16,16,16,11.4,16,16,16,16,16,16,16,16,16,11.6,16,16,16,16,16,16,11.8,11.8
0.000116,11.8,16,16,16,16,16,16,16,16,16,16,12.1,16,16,16,16,16,16,16,16,16,12.2,16,16,16,16,16,16,16,16,16,12,16,16,16,16,16,16,16,16,16,12.2,16,16,16,16,16,16,16,16,16,12.1,16,16,16,16,16,16,16,16,16,11.7,16,16,16,16,16,16,16,16,16,11.4,16,16,16,16,16,16,16,16,16,11.4,16,16,16,16,16,16,16,16,16,11.7,16,16,16,16,16,16,11.8,11.8
0.000117,11.9,16,16,16,16,16,16,16,16,16,16,12.1,16,16,16,16,16,16,16,16,16,12.3,16,16,16,16,16,16,16,16,16,11.9,16,16,16,16,16,15.9,16,16,16,12.2,16,16,16,16,16,16,16,16,16,12.1,16,16,16,16,16,16,16,16,16,11.8,16,16,16,16,16,15.9,16,16,16,11.4,16,16,16,16,16,16,16,15.9,16,11.4,16,16,16,16,16,16,16,16,16,11.8,16,16,16,16,15.9,16,11.8,11.8
0.000117,12,16,16,16,16,16,16,16,16,16,16,12.1,16,16,16,16,16,16,16,16,16,12.3,16,16,16,16,16,16,16,16,16,12,16,16,16,16,16,16,16,16,16,12.2,16,16,16,16,16,16,16,16,16,12.1,16,16,16,16,16,16,16,16,16,11.8,16,16,16,16,16,16,16,16,16,11.4,16,16,16,16,16,16,16,16,16,11.4,16,16,16,16,16,16,16,16,16,11.8,16,16,16,16,16,16,11.8,11.9
0.000117,12,16,16,16,16,16,16,16,16,16,16,12.1,16,16,16,16,16,16,16,16,16,12.3,16,16,16,16,16,16,16,16,16,12,16,16,16,16,16,16,16,16,16,12.2,16,16,16,16,16,16,16,16,16,12.1,16,16,16,16,16,16,16,16,16,11.8,16,16,15.9,16,16,16,16,16,16,11.4,16,16,16,16,16,16,16,16,16,11.4,16,16,16,16,16,16,16,16,16,11.8,16,16,16,16,16,16,11.8,12
0.000117,12,16,16,16,16,16,16,16,16,16,16,12.1,16,16,16,16,16,16,16,16,16,12.3,16,16,16,16,16,16,16,16,16,12,16,16,16,16,16,16,16,16,16,12.1,16,16,16,16,16,16,16,16,16,12,16,16,16,16,16,16,16,16,16,11.8,16,16,16,16,16,16,16,16,16,11.4,16,16,16,16,16,16,16,16,16,11.4,16,16,16,16,16,16,16,16,16,11.9,16,16,16,16,16,16,11.8,12
0.000117,12,16,16,16,16,16,16,16,16,16,16,12.1,16,16,16,16,16,16,16,16,16,12.2,16,16,16,16,16,16,16,16,16,12,16,16,16,16,16,16,16,16,16,12.1,16,16,16,16,16,16,16,16,16,12,16,16,16,16,16,16,16,16,16,11.8,16,16,16,16,16,16,16,16,16,11.4,16,16,16,16,16,16,16,16,16,11.4,16,16,16,16,16,16,16,16,16,11.9,16,16,16,16,16,16,11.9,12
0.000118,12,16,16,16,16,16,16,16,16,16,16,12.1,16,16,16,16,16,16,16,16,16,12.1,16,16,16,16,16,16,16,16,16,12.1,16,16,16,16,16,16,16,16,16,12.1,16,16,16,16,16,16,16,16,16,11.9,16,16,16,16,16,16,16,16,16,11.8,16,16,16,16,16,16,16,16,16,11.4,16,16,16,16,16,16,16,16,16,11.4,16,16,16,16,16,16,16,16,16,11.8,16,16,16,16,16,16,11.8,11.9
0.000118,12,16,16,16,16,16,16,16,16,16,16,12.1,16,16,16,16,16,16,16,16,16,12.1,16,16,16,16,16,16,16,16,16,12,16,16,16,16,16,16,16,16,16,12,16,16,16,16,16,16,16,16,16,11.9,16,16,16,16,16,16,16,16,16,11.8,16,16,16,16,16,16,16,16,16,11.4,16,16,16,16,16,16,16,16,16,11.4,16,16,16,16,16,16,16,16,16,11.7,16,16,16,16,16,16,11.8,11.9
0.000118,12,16,16,16,16,16,16,16,16,16,16,12.1,16,16,16,16,16,16,16,16,16,12.1,16,16,16,16,16,16,16,16,16,12,16,16,16,16,16,16,16,16,16,12.1,16,16,16,16,16,16,16,16,16,12,16,16,16,16,16,16,16,16,16,11.7,16,16,16,16,16,16,16,16,16,11.4,16,16,16,16,16,16,16,16,16,11.4,16,16,16,16,16,16,16,16,16,11.6,16,16,16,16,16,16,11.8,11.8
0.000118,11.9,16,16,16,16,16,16,16,16,16,16,12.1,16,16,16,16,16,16,16,16,16,12.1,16,16,16,16,16,16,16,16,16,12,16,16,16,16,16,16,16,16,16,12.1,16,16,16,16,16,16,16,16,16,12,16,16,16,16,16,16,16,16,16,11.7,16,15.9,16,16,16,16,16,16,16,11.3,16,16,16,16,16,16,16,16,16,11.4,16,16,16,16,16,16,16,16,16,11.6,16,16,16,16,16,16,11.8,11.8
0.000118,11.9,16,16,16,16,16,16,16,16,16,16,12,16,16,16,16,16,16,16,16,16,12.1,16,16,16,16,16,16,16,16,16,12,16,16,16,16,15.9,16,16,16,16,12.1,16,16,16,16,16,16,16,16,16,12.1,16,16,16,16,16,16,16,16,16,11.7,16,16,16,16,16,16,16,16,16,11.4,16,16,16,16,16,16,16,16,16,11.4,15.9,16,16,16,16,16,16,16,16,11.7,16,16,16,16,16,16,11.8,11.8
0.000119,11.9,16,16,16,16,16,16,16,16,16,16,12,16,16,16,16,16,16,16,16,16,12.1,16,16,16,16,16,16,16,16,16,11.9,16,16,16,16,16,16,16,16,16,12.1,16,16,16,16,16,16,16,16,16,12,16,16,16,16,16,15.9,16,16,16,11.7,16,16,16,16,16,16,16,16,16,11.4,16,16,16,16,16,16,16,16,16,11.4,16,16,16,16,16,16,16,16,16,11.7,16,16,16,16,16,16,11.7,11.8
0.000119,11.9,16,16,16,16,16,16,16,16,16,16,12.1,16,16,16,16,16,16,16,16,16,12.2,16,16,16,16,16,16,16,16,16,11.9,16,16,16,16,16,16,16,16,16,12,16,16,16,16,16,16,16,16,16,12,16,16,16,16,16,16,16,16,16,11.7,16,16,16,16,16,16,16,16,16,11.4,16,16,16,16,16,16,16,16,16,11.4,16,16,16,16,16,16,16,16,16,11.8,16,16,16,16,16,16,11.7,11.8
0.000119,11.9,16,16,16,16,16,16,16,16,16,16,12.1,16,16,16,16,16,16,16,16,16,12.2,16,16,16,16,16,16,16,16,16,12,16,16,16,16,16,16,16,16,16,12,16,16,16,16,16,16,16,16,16,12,16,16,16,16,16,16,16,16,16,11.7,16,16,16,16,16,16,16,16,16,11.4,16,16,16,16,16,15.9,16,15.9,16,11.5,16,16,16,16,16,16,16,16,16,11.9,16,16,16,16,16,16,11.7,11.8
0.000119,11.9,16,16,16,16,16,16,16,16,16,16,12.1,16,16,16,16,16,16,16,16,16,12.2,16,16,16,16,16,16,16,16,16,12,16,16,16,16,16,16,16,16,16,12.1,16,16,16,16,16,16,16,16,16,12,16,16,16,16,16,16,16,16,16,11.8,16,16,16,16,16,16,16,16,16,11.3,16,16,16,16,16,16,16,16,16,11.4,16,16,16,16,16,16,16,16,16,11.9,16,16,16,16,16,16,11.8,11.9
0.000119,11.9,16,16,16,16,16,16,16,16,16,16,12.1,16,16,16,16,16,16,16,16,16,12.2,16,16,16,16,16,15.9,16,16,16,12,16,16,16,16,16,16,16,16,15.9,12.1,16,16,16,16,16,16,16,16,16,12.1,16,16,16,16,16,16,16,16,16,11.8,16,16,16,16,16,16,16,16,16,11.4,16,16,16,16,16,16,16,16,16,11.4,16,16,16,16,16,16,16,16,16,11.8,16,16,16,16,16,16,11.9,11.9
0.00012,11.9,16,16,16,16,16,16,16,16,16,16,12.1,16,16,16,16,16,16,16,16,16,12.2,16,16,16,16,16,16,16,16,16,12,16,16,16,16,16,16,16,16,15.9,12.1,16,16,16,16,16,16,16,16,16,12,16,16,16,16,16,16,16,16,16,11.8,16,16,16,16,16,16,16,16,16,11.3,16,16,16,16,16,16,16,16,16,11.4,16,16,16,16,16,16,16,16,16,11.8,15.9,16,16,16,16,16,11.9,11.9
0.00012,11.9,16,16,16,16,16,16,16,16,16,16,12.1,16,16,16,16,16,16,15.9,16,16,12.1,16,16,16,16,16,16,16,16,16,12,16,16,16,16,16,16,15.9,16,16,12.1,16,16,16,16,16,16,16,16,16,12,16,16,16,16,16,16,16,16,16,11.9,16,16,16,16,16,16,16,16,16,11.4,16,16,16,16,16,16,16,16,16,11.4,16,16,16,16,16,16,16,16,16,11.8,16,16,16,16,16,16,11.9,11.9
0.00012,11.9,16,16,16,16,16,16,16,16,16,16,12.1,16,16,16,16,16,16,16,16,16,12.1,16,16,16,16,16,16,15.9,16,16,12,16,16,16,16,16,16,16,16,16,12.1,16,16,16,16,16,16,16,16,16,12,16,16,16,16,16,16,16,16,16,11.8,16,16,16,16,16,16,16,16,16,11.4,16,16,16,16,16,16,16,16,16,11.4,16,16,16,16,16,16,16,16,16,11.7,16,16,16,16,16,16,11.9,11.9
0.00012,11.9,16,16,16,16,16,16,16,16,16,16,12,16,16,16,16,16,16,16,16,16,12.1,16,16,16,16,16,16,16,16,16,12.1,16,16,16,16,16,16,16,16,16,12.1,16,16,16,16,16,16,16,16,16,12,16,16,16,16,16,16,16,16,16,11.8,16,16,16,16,16,16,16,16,16,11.4,16,16,16,16,16,16,16,16,16,11.4,16,16,16,16,16,16,16,16,16,11.7,16,16,16,16,16,16,11.8,11.8
0.00012,11.9,16,16,16,16,16,16,16,16,16,16,11.9,16,16,16,16,16,16,16,16,16,12.1,16,16,16,16,16,16,16,16,16,12,16,16,16,16,16,16,16,16,16,12.1,16,16,16,16,16,16,16,16,16,11.9,16,16,16,16,16,16,16,16,16,11.8,16,16,16,16,16,16,16,16,16,11.4,16,16,16,16,16,16,16,16,16,11.4,16,16,16,16,16,16,16,16,16,11.7,16,16,16,16,16,16,11.8,11.8
0.000121,11.9,16,16,16,16,16,16,16,16,16,16,11.9,16,16,16,16,16,16,16,16,16,12.1,16,16,16,16,16,16,16,16,16,12,16,16,16,16,16,16,16,16,16,12,16,16,16,16,16,16,16,16,16,12,16,16,16,16,16,16,16,16,16,11.8,16,16,16,16,16,16,16,16,16,11.4,16,15.9,16,16,16,16,16,16,16,11.4,16,16,16,16,16,16,16,16,16,11.7,16,16,16,16,16,16,11.7,11.8
0.000121,11.9,16,16,16,16,16,16,16,16,16,16,11.9,16,16,16,16,16,16,16,16,16,12.1,16,16,16,16,16,16,16,16,16,12,16,16,16,16,16,16,16,16,16,12,16,16,16,16,16,16,16,16,15.9,12,16,16,16,16,16,16,16,16,16,11.7,16,16,16,16,16,16,16,16,16,11.4,16,16,16,16,16,16,16,16,16,11.4,16,16,16,16,16,16,16,16,16,11.8,16,16,16,16,16,16,11.8,11.8
0.000121,12,16,16,16,16,16,16,16,16,16,16,11.9,16,16,16,16,16,16,16,16,16,12.2,16,16,16,16,16,16,16,16,16,12,16,16,16,16,16,16,16,16,16,12,16,16,16,16,16,16,16,16,16,12,16,16,16,16,16,16,16,16,16,11.7,16,16,16,16,16,16,16,16,16,11.5,16,16,16,16,16,16,16,16,16,11.4,16,16,16,16,16,16,16,16,16,11.8,16,16,16,16,16,16,11.8,11.8
0.000121,12,15.9,16,16,16,16,16,16,16,16,16,12,16,16,16,16,16,16,16,16,15.9,12.2,15.9,16,16,16,16,16,16,16,16,11.9,16,16,16,16,16,16,16,16,16,12.1,16,16,16,16,16,16,16,16,16,12,16,16,16,16,16,16,16,16,16,11.7,16,16,16,16,16,16,16,16,16,11.5,16,16,16,16,16,16,16,16,16,11.4,16,16,16,16,16,16,16,16,16,11.8,16,16,16,16,16,16,11.8,11.8
0.000121,12,16,16,16,16,16,16,16,16,16,16,12,16,16,16,16,16,16,16,16,16,12.2,16,16,16,16,16,16,16,16,16,12,16,16,16,16,16,16,16,16,16,12.1,16,16,16,16,16,16,16,16,16,12,16,16,16,16,16,16,16,16,16,11.7,16,16,16,16,16,16,16,16,16,11.5,16,16,16,16,15.9,16,16,16,16,11.5,16,16,16,16,16,16,16,16,15.9,11.9,16,16,16,16,16,16,11.8,11.8
0.000122,12,16,16,16,16,16,16,16,16,16,16,12.1,16,16,16,16,16,16,16,16,16,12.1,16,16,16,16,16,15.9,16,16,16,12,16,16,16,16,16,16,16,16,16,12.2,16,16,16,16,16,16,16,16,16,12,16,16,16,16,16,16,16,16,16,11.7,16,16,16,16,16,16,16,16,16,11.5,16,16,16,16,16,16,16,16,16,11.5,16,16,16,16,16,16,16,16,16,12,16,16,16,16,16,16,11.9,11.8
0.000122,12,16,16,16,16,16,16,16,16,16,16,12.2,16,16,16,16,16,16,16,16,16,12.1,16,16,16,16,16,16,15.9,16,16,12,16,16,16,16,16,16,16,16,16,12.2,16,16,16,16,16,16,16,16,16,12,16,16,16,16,16,16,16,16,16,11.8,16,16,16,16,16,16,16,16,16,11.4,16,16,16,16,16,16,16,16,16,11.5,16,16,16,16,16,16,16,16,16,11.9,16,16,16,16,16,16,11.9,11.8
0.000122,12,15.9,16,16,16,16,16,16,16,16,16,12.1,16,16,16,16,16,16,16,16,16,12.1,16,16,16,16,16,16,16,16,16,12,16,16,16,16,16,16,16,16,16,12.1,16,16,16,16,16,16,16,16,16,12,16,16,16,16,16,16,16,16,16,11.8,16,16,16,16,16,16,16,16,16,11.3,16,16,16,16,16,16,16,16,16,11.5,16,16,16,16,16,16,16,16,16,11.7,16,16,15.9,16,16,16,11.9,11.8
0.000122,11.9,16,16,16,16,16,16,16,16,16,16,12.2,16,16,16,16,16,16,15.9,16,16,12.1,16,16,16,16,16,16,16,16,16,12,16,16,16,16,16,16,16,16,16,12.1,16,16,16,16,16,16,16,16,16,12,16,16,16,16,16,16,15.9,16,16,11.8,16,16,16,16,16,16,16,16,16,11.2,16,16,16,16,16,16,16,16,16,11.5,16,16,16,16,16,16,16,16,16,11.7,16,16,16,16,16,16,11.9,11.8
0.000122,12,16,16,16,16,16,16,16,16,16,16,12.1,16,16,16,16,16,16,15.9,16,16,12.1,16,16,16,16,16,16,16,16,16,12,16,16,16,16,16,16,16,16,16,12.1,16,16,16,16,16,16,16,16,16,12.1,16,16,16,16,16,16,16,16,16,11.8,16,16,16,16,16,16,16,16,16,11.2,16,16,16,16,16,16,16,16,16,11.5,16,16,16,16,16,16,16,16,16,11.7,16,16,16,16,16,16,11.8,11.8
0.000123,12,16,16,16,16,16,16,16,16,16,16,12,16,16,16,16,16,16,16,16,15.9,12.2,16,16,16,16,16,16,16,16,16,12,16,16,16,16,16,16,16,16,16,12,16,16,16,16,16,16,16,16,16,12.1,16,16,16,16,16,16,16,16,16,11.8,16,16,16,16,16,16,16,16,16,11.3,16,16,16,16,16,16,16,16,16,11.5,16,16,16,16,16,16,16,16,16,11.6,16,16,16,16,16,16,11.8,11.8
0.000123,11.9,16,16,16,16,16,16,16,16,16,16,12,16,16,16,15.9,16,16,16,16,16,12.2,16,16,16,16,16,16,16,16,16,12,16,16,16,16,16,16,16,16,16,12,16,16,16,16,16,16,16,16,16,12.1,16,16,16,16,16,16,16,16,16,11.8,16,16,16,16,16,16,16,16,16,11.3,16,16,16,16,16,16,16,16,16,11.5,16,16,16,16,16,16,16,16,16,11.6,16,16,16,16,16,16,11.7,11.8
0.000123,11.9,16,16,16,16,16,16,16,16,16,16,11.9,16,16,16,16,16,16,16,16,16,12.1,16,16,16,16,16,16,16,16,16,12,16,16,16,16,16,16,16,16,16,12,16,16,15.9,16,16,16,16,16,16,12.1,16,16,16,16,16,16,16,16,16,11.7,16,16,16,16,16,16,16,16,16,11.3,16,16,16,16,16,16,16,16,16,11.5,16,16,16,16,16,16,16,16,16,11.6,16,16,16,16,16,16,11.7,11.8
0.000123,11.8,16,16,16,16,16,16,16,16,16,16,11.9,16,16,16,16,16,16,16,16,16,12.1,16,16,16,16,16,16,16,16,16,11.9,16,16,15.9,16,16,16,16,16,16,12,16,16,16,16,16,16,16,16,16,12.1,16,16,16,16,16,16,16,16,16,11.7,16,16,16,16,16,16,16,16,16,11.4,16,16,16,16,16,16,16,16,16,11.5,16,16,16,16,16,16,16,16,16,11.7,16,16,15.9,16,16,16,11.9,11.8
0.000123,11.8,16,16,16,16,16,16,16,16,16,16,11.9,16,16,16,16,16,16,16,16,16,12.1,16,16,16,16,16,16,16,16,16,11.9,16,16,16,16,16,16,16,16,16,12,16,16,16,16,16,16,16,16,16,12,16,16,16,16,16,16,16,16,16,11.8,16,16,16,16,16,16,16,16,16,11.5,16,16,16,16,16,16,16,16,16,11.5,16,16,15.9,16,16,16,16,16,16,11.7,16,16,16,16,16,16,11.9,11.9
0.000124,11.8,16,16,16,16,16,16,16,16,16,16,11.9,16,16,16,16,16,16,16,16,16,12,16,16,16,16,16,16,16,16,16,12,16,16,16,16,16,16,16,16,16,12,16,16,16,16,16,16,16,16,16,11.9,16,16,16,16,16,16,16,16,16,11.7,16,16,16,16,16,16,16,16,16,11.5,16,16,16,16,16,16,16,16,16,11.5,16,16,16,16,16,16,16,16,16,11.8,16,16,16,16,16,16,11.9,11.9
0.000124,11.9,16,16,16,16,16,16,16,16,16,16,12,16,16,16,16,16,16,16,16,16,12.1,16,16,16,16,16,16,16,16,16,12,16,16,16,16,16,16,16,16,16,12,16,16,16,16,16,16,16,16,16,11.8,16,16,16,16,16,16,16,16,16,11.7,16,16,16,16,16,16,16,16,16,11.5,16,16,16,16,16,16,16,16,16,11.4,16,16,16,16,16,16,16,16,16,11.8,16,16,16,16,16,16,12,11.9
0.000124,11.9,16,16,16,16,16,16,16,16,16,16,12,16,16,16,16,16,16,16,16,16,12.1,16,16,16,16,16,16,16,16,16,12,16,16,16,16,16,16,16,16,16,12,16,16,16,16,16,16,16,16,16,11.8,16,16,16,16,16,15.9,16,16,16,11.7,16,16,16,16,16,16,16,16,16,11.5,16,16,16,16,16,16,16,15.9,16,11.3,16,16,16,16,16,16,16,16,16,11.8,16,16,16,16,16,16,12,11.9
0.000124,12,16,16,16,16,16,16,16,16,16,16,12,16,16,16,16,16,16,16,16,16,12,16,16,16,16,16,16,16,16,16,12,16,16,16,16,16,16,16,16,16,12,16,16,16,16,16,16,16,16,16,11.8,16,16,16,16,16,16,16,16,16,11.8,16,16,16,16,16,16,16,16,16,11.4,16,16,16,16,16,16,16,16,16,11.4,16,16,16,16,16,16,16,16,16,11.9,16,16,16,16,16,16,12,11.9
0.000124,12,16,16,16,16,16,16,16,16,16,16,12,16,16,16,16,16,16,16,15.9,16,12.2,16,16,16,16,16,16,16,16,16,12,16,16,16,16,16,16,16,16,16,12,16,16,16,16,16,16,16,16,16,11.9,16,16,16,16,16,16,15.9,16,16,11.8,16,16,15.9,16,16,16,16,16,16,11.4,16,16,16,16,16,16,16,16,16,11.4,16,16,16,16,16,16,16,16,16,11.8,16,16,16,16,16,16,11.9,11.9
0.000125,12.1,16,16,16,16,16,16,16,16,16,16,12,16,16,16,16,16,16,16,16,16,12.1,16,16,16,16,16,16,16,16,16,12,16,16,16,16,16,16,16,16,16,12,15.9,16,16,16,16,16,16,16,16,12,16,16,16,16,16,16,16,16,16,11.8,16,16,16,16,16,16,16,16,15.9,11.4,16,16,16,16,16,16,16,16,16,11.5,16,16,16,16,16,16,16,16,16,11.8,16,16,16,16,16,16,11.9,11.9
0.000125,12.1,16,16,16,16,16,16,16,16,16,16,12,16,16,16,16,15.9,16,16,16,16,12.1,16,16,16,15.9,16,16,16,16,16,11.9,16,16,16,16,16,16,16,16,16,12,16,16,16,16,16,16,16,16,16,12,16,16,16,16,16,16,16,16,16,11.8,16,16,16,16,16,16,16,16,16,11.4,16,16,16,16,16,16,16,16,16,11.5,16,16,16,16,16,16,16,16,16,11.8,16,16,16,16,16,16,11.9,11.8
0.000125,12,16,16,16,16,16,15.9,16,16,16,16,11.9,16,16,16,16,16,16,16,16,16,12.1,16,16,16,16,16,16,16,16,16,11.9,16,16,16,16,16,16,16,16,16,12,16,16,16,16,16,16,16,15.9,16,12.1,16,16,16,16,16,16,16,16,16,11.8,16,16,16,16,16,16,16,16,16,11.3,16,16,16,16,16,16,16,16,16,11.5,16,16,16,16,16,16,16,16,16,11.8,16,16,16,16,16,16,11.8,11.8
0.000125,12,16,16,16,16,16,16,16,16,16,16,11.9,16,16,16,16,16,16,16,16,16,12.1,16,16,16,16,16,16,16,16,16,12,16,16,16,16,16,16,16,16,16,12,16,16,16,16,16,16,16,16,15.9,12.2,16,16,16,16,16,16,15.9,16,16,11.8,16,16,16,16,16,16,16,16,16,11.4,16,16,16,16,16,16,16,16,16,11.5,16,16,16,16,16,16,16,16,16,11.8,16,16,16,16,16,16,11.8,11.9
0.000125,11.9,16,16,16,16,16,16,16,16,16,16,11.9,16,16,16,16,16,16,16,16,16,12,16,16,16,16,16,16,16,16,16,11.9,16,16,16,16,16,16,16,16,16,12,16,16,15.9,16,16,16,16,16,16,12.1,16,16,16,16,16,16,16,16,16,11.8,16,16,16,16,16,16,16,16,16,11.5,16,16,16,16,16,16,16,16,16,11.5,16,16,16,16,16,16,16,16,16,11.8,16,16,16,16,16,16,11.9,11.9
0.000126,11.9,16,16,16,16,16,16,16,16,16,16,11.9,16,16,16,16,16,16,16,16,16,12,16,16,16,16,16,16,16,16,16,12,16,16,16,16,16,16,16,16,16,12.1,16,16,16,16,16,16,16,16,16,12,16,16,16,16,16,16,16,16,16,11.8,15.9,16,16,16,16,16,16,16,16,11.5,16,16,16,16,16,16,16,16,16,11.5,16,16,16,16,16,16,16,16,16,11.8,16,16,16,16,16,16,11.8,11.9
0.000126,11.9,16,16,16,16,16,16,16,16,16,16,11.9,16,16,16,16,16,16,16,16,16,12,16,16,16,16,16,16,16,16,16,11.9,16,15.9,16,16,16,16,16,16,16,12,16,15.9,16,16,16,16,16,16,16,12,16,16,16,16,16,16,16,16,16,11.8,16,16,16,16,16,16,16,16,16,11.5,16,16,16,15.9,16,16,16,16,16,11.5,16,16,16,16,16,16,16,16,15.9,11.8,16,16,16,16,16,16,11.8,11.9
0.000126,11.9,16,16,16,16,16,16,16,16,16,16,11.8,16,16,16,16,16,16,16,16,16,12,16,16,16,16,16,16,16,16,16,12,16,16,16,16,16,15.9,16,16,15.9,12,16,16,16,16,16,16,16,16,16,11.9,16,16,16,16,16,16,16,16,16,11.8,16,16,16,16,16,16,16,16,16,11.5,16,16,16,16,16,16,16,15.9,16,11.5,16,16,16,16,16,16,16,16,16,11.8,16,16,16,16,16,16,11.8,11.9
0.000126,11.9,16,16,16,16,15.9,16,16,16,16,16,11.9,16,16,16,16,15.9,16,16,16,16,12.1,16,16,16,16,16,16,16,16,16,12,16,16,16,16,16,16,16,16,16,12,16,16,16,16,16,16,16,16,16,11.9,16,16,16,16,16,16,16,16,16,11.7,16,16,16,16,16,16,16,16,16,11.5,16,16,16,16,16,16,16,16,16,11.5,16,16,16,16,16,16,16,16,16,11.8,16,16,16,16,16,16,11.8,11.9
0.000126,11.9,16,16,16,16,16,16,16,16,16,16,11.9,16,16,16,16,16,16,16,15.9,16,12.1,16,16,16,16,15.9,16,16,16,16,12,16,16,16,16,16,16,16,16,16,12,16,16,16,16,16,16,16,16,16,11.9,16,16,16,16,16,16,16,16,16,11.8,16,16,16,16,16,16,16,16,16,11.4,16,16,16,16,16,16,16,16,16,11.5,16,16,16,16,16,16,16,16,16,11.8,16,16,16,16,16,16,11.8,11.9
0.000127,11.9,16,16,16,16,16,16,16,16,16,16,12,16,16,16,16,16,16,16,16,16,12.1,16,16,16,16,16,16,16,15.9,16,12,16,16,16,16,16,16,16,16,16,12,16,16,16,16,16,16,16,16,16,11.9,16,16,16,16,16,16,16,16,16,11.8,16,16,16,16,16,15.9,16,16,16,11.3,16,16,16,16,16,16,16,16,16,11.5,16,16,16,16,16,16,16,16,16,11.8,16,16,16,16,16,16,11.8,11.9
0.000127,12,16,16,16,16,16,16,16,16,16,16,12,16,16,16,16,16,16,16,16,16,12.1,16,16,16,16,16,16,16,16,16,12,16,16,16,16,16,16,16,16,16,12,16,16,16,16,16,15.9,16,16,16,11.9,16,16,16,16,16,16,16,16,16,11.8,16,16,16,16,16,16,16,16,16,11.3,16,16,16,16,16,16,16,16,16,11.4,16,16,16,16,16,16,16,16,16,11.8,16,16,16,16,16,16,11.8,11.9
0.000127,12,16,16,16,16,16,16,16,16,16,16,12,16,16,16,16,16,16,16,16,16,12.1,16,16,16,16,16,16,16,16,16,11.9,16,16,16,16,16,16,16,16,16,12,16,16,16,16,16,16,16,16,16,12,16,16,16,16,16,16,16,16,16,11.8,16,16,16,16,16,16,16,16,16,11.2,16,16,16,16,16,16,15.9,16,16,11.5,16,16,16,16,16,16,16,16,16,11.8,16,16,16,16,16,16,11.7,11.9
0.000127,12,16,16,16,16,16,16,16,16,16,16,12,16,16,16,16,16,16,16,16,16,12.1,16,16,16,16,16,16,16.1,16,16,11.9,16,16,16,16,16,16,16,16,16,12,16,16,16,16,16,16,15.9,16,16,12,16,16,16,16,16,16,16,16,16,11.8,16,16,16,16,16,16,16,16,16,11.2,16,16,16,16,15.9,16,16,16,16,11.5,16,16,16,16,16,16,16,16,16,11.8,16,16,16,16,16,16,11.7,11.8
0.000127,12,16,16,16,16,16,16,16,16,16,16,12,16,16,15.9,16,16,16,16,16,16,12,16,16,16,16,16,16,16,16,16,11.9,16,16,16,16,16,16,16,16,16,12.1,16,16,16,16,16,16,16,16,16,12,16,16,16,16,16,16,16,16,16,11.8,16,16,16,16,16,16,16,16,16,11.3,16,16,16,16,16,16,16,16,16,11.5,16,16,16,16,16,16,16,16,16,11.8,16,16,16,16,16,16,11.8,11.9
0.000128,11.9,16,16,16,16,15.9,16,16,16,16,16,12,16,16,16,16,16,15.9,16,16,16,12,16,16,16,16,16,16,16,16,16,11.9,16,16,16,16,16,16,16,16,16,12.1,16,16,16,16,16,16,16,16,16,12,16,16,16,16,16,16,16,16,15.9,11.7,16,16,16,16,16,16,16,16,16,11.3,16,16,16,16,16,16,16,16,16,11.5,16,16,16,16,16,16,16,16,16,11.8,16,16,16,16,16,16,11.8,11.9
0.000128,11.9,16,16,16,16,16,16,16,16,16,16,12,16,16,16,16,16,16,16,16,16,12,16,16,16,15.9,16,16,16,16,16,11.9,16,16,16,16,16,16,16,16,16,12.1,16,16,16,16,16,16,16,16,16,12,16,16,16,16,16,16,16,16,16,11.8,16,16,16,16,16,16,16,16,16,11.3,16,16,16,16,16,16,16,16,16,11.5,16,16,16,16,16,16,16,16,16,11.8,16,16,16,16,16,16,11.8,11.8
0.000128,11.9,16,16,16,16,16,16,15.9,16,16,16,12,16,16,16,16,16,16,16,16,16,12,16,16,16,16,16,16,16,16,16,11.9,16,16,16,16,16,16,16,16,16,12.1,16,16,16,16,16,16,16,16,16,12,16,16,16,16,16,16,16,16,16,11.7,16,16,16,15.9,16,16,16,16,16,11.5,16,16,16,16,16,16,16,16,16,11.5,16,16,16,16,16,16,16,16,16,11.8,16,16,16,16,16,16,11.8,11.9
0.000128,11.9,16,16,16,16,16,16,16,16,16,16,11.9,16,16,16,16,16,16,16,16,16,12,16,16,16,16,16,16,16,16,16,12,16,16,16,16,16,16,16,16,16,12,16,16,16,15.9,16,16,16,16,16,11.9,16,16,16,16,16,16,16,16,16,11.7,16,16,16,16,16,16,16,16,16,11.5,16,16,16,16,16,16,16,16,16,11.5,16,16,16,16,16,16,16,16,16,11.7,16,16,16,16,16,16,11.8,11.9
0.000128,11.8,16,16,16,16,16,16,16,16,16,16,11.9,16,16,16,16,16,16,16,16,16,12,16,16,16,16,16,16,16,16,16,12,16,16,16,16,16,16,16,15.9,16,11.9,16,16,16,16,16,16,16,16,16,11.9,16,16,16,15.9,16,16,16,16,16,11.8,16,16,16,16,16,16,16,16,16,11.5,16,16,16,16,16,16,16,16,16,11.5,16,16,16,16,16,16,16,16,16,11.8,16,16,16,16,16,16,11.8,11.9
0.000129,11.8,16,16,16,16,16,16,16,16,16,16,11.9,16,16,16,16,16,16,16,16,16,12,16,16,16,16,16,16,16,16,16,12,16,16,16,16,16,16,16,16,16,11.9,16,16,16,16,16,16,16,16,16,11.9,16,16,16,16,16,16,16,16,16,11.8,16,16,16,16,16,16,16,16,16,11.5,16,15.9,16,16,16,16,16,16,16,11.5,16,16,16,16,15.9,16,16,16,16,11.8,16,16,16,15.9,16,16,11.8,11.9
0.000129,11.9,16,16,16,16,16,16,16,16,16,16,11.9,16,16,16,16,16,16,16,16,16,12.1,16,16,16,16,16,16,16,16,15.9,11.9,15.9,16,16,16,16,16,16,16,16,11.8,16,16,16,16,16,16,16,16,16,11.9,16,16,16,16,16,16,16,16,16,11.8,16,16,16,16,16,16,16,16,16,11.5,16,16,16,16,16,16,16,16,16,11.5,16,16,16,16,16,15.9,16,16,16,11.7,16,16,16,16,16,16,11.8,11.9
0.000129,11.9,16,16,16,16,16,16,16,16,16,16,11.9,16,16,16,16,16,16,16,16,15.9,12.1,16,16,16,16,15.9,16,16,16,16,11.9,16,16,16,16,16,16,16,16,16,11.8,16,16,16,16,16,16,16,16,16,11.9,16,16,16,16,16,16,16,16,16,11.8,16,16,16,16,16,16,16,16,16,11.5,16,16,16,16,16,16,16,16,16,11.5,16,16,16,15.9,16,16,16,16,16,11.7,16,16,16,16,16,16,11.8,11.9
0.000129,11.9,16,16,16,16,16,16,16,16,16,16,11.9,16,16,16,16,16,16,16,16,16,12,16,16,16,16,16,16,16,16,16,11.9,16,16,16,16,16,16,16,16,16,11.8,16,16,16,16,16,16,16,16,16,11.9,16,16,16,16,16,16,16,16,16,11.8,16,16,16,16,16,16,16,16,16,11.4,16,16,16,16,16,16,16,16,15.9,11.5,16,16,16,16,16,16,16,16,16,11.7,16,16,15.9,16,16,16,11.8,11.8
0.000129,11.9,16,16,16,15.9,16,16,16,16,16,16,12,16,16,16,16,16,16,16,16,16,12.1,16,16,16,16,16,16,16,16,16,12,16,16,16,16,16,16,16,16,16,11.9,16,16,16,16,16,16,16,16,16,11.9,16,16,16,16,16,15.9,16,16,16,11.8,16,16,16,16,16,16,16,16,16,11.4,16,16,16,16,16,16,16,16,16,11.5,16,16,16,16,16,16,16,16,15.9,11.7,16,16,16,16,16,16,11.8,11.9
0.00013,11.9,16,16,16,16,16,16,16,16,16,16,12,16,16,16,16,16,16,16,16,16,12.1,16,16,16,15.9,16,16,16,16,16,11.9,16,16,16,16,16,16,16,16,16,12,16,16,16,16,16,16,16,16,16,11.9,16,16,16,16,16,16,16,16,16,11.8,16,16,16,16,16,16,16,16,16,11.4,16,16,16,16,16,16,16,16,16,11.5,16,16,16,16,15.9,16,16,16,16,11.8,16,16,16,16,16,16,11.8,11.9
0.00013,12,16,16,16,16,16,16,16,16,16,16,12,16,16,16,16,16,16,16,16,16,12,16,16,15.9,16,16,16,16,16,16,11.9,16,16,16,16,16,16,16,16,16,12.1,16,16,16,16,16,16,16,16,16,12,16,16,16,16,16,16,16,16,16,11.7,16,16,16,16,16,16,16,16,16,11.4,16,16,16,16,16,16,16,16,16,11.5,16,16,16,16,16,16,16,16,16,11.8,16,16,16,16,16,16,11.8,11.9
0.00013,11.9,16,16,16,16,16,16,16,16,16,16,12,16,16,16,16,16,16,16,16,16,12,16,16,16,16,16,16,16,16,16,11.9,16,16,16,16,16,16,15.9,16,16,12.2,16,16,16,16,16,15.9,16,16,16,12,16,16,16,16,16,16,16,16,16,11.6,16,16,16,16,16,16,16,16,16,11.4,16,16,16,16,15.9,16,16,16,16,11.5,16,16,16,16,16,16,16,16,16,11.8,16,16,16,16,16,16,11.8,11.9
0.00013,11.9,16,16,16,16,16,16,16,16,16,16,12,16,16,16,16,16,16,16,16,16,12,16,16,16,16,16,16,16,16,16,11.9,16,16,16,16,16,16,16,16,16,12.1,16,16,16,16,16,16,16,16,16,12,16,16,16,16,15.9,16,16,16,16,11.7,16,16,16,16,16,16,16,16,16,11.4,16,16,16,16,16,15.9,16,16,16,11.5,16,16,16,16,16,16,16,16,16,11.8,16,16,16,16,16,15.9,11.8,11.8
0.00013,12,16,16,16,16,16,16,16,16,16,16,12,16,16,15.9,16,16,15.9,16,16,16,12,16,16,16,16,16,16,16,16,16,12,16,16,16,16,16,16,16,16,16,12.1,16,16,16,16,16,16,16,16,16,11.9,16,16,16,16,16,16,16,16,16,11.6,16,16,16,16,16,16,16,16,16,11.5,16,16,16,16,16,16,16,16,16,11.5,16,16,16,16,16,16,16,16,16,11.8,16,16,15.9,16,16,16,11.8,11.9
0.000131,12,16,16,16,16,16,16,16,16,16,16,12,16,16,16,16,16,16,16,16,16,12,16,16,16,16,16,16,16,16,16,11.8,16,16,16,16,16,16,16,16,16,12.1,16,15.9,16,16,16,16,16,16,16,11.9,16,16,16,16,16,15.9,16,16,16,11.7,16,16,16,16,16,16,16,16,16,11.5,16,16,16,16,16,16,16,16,16,11.5,16,16,16,16,16,16,16,16,16,11.8,16,16,16,16,16,16,11.8,11.9
0.000131,11.9,16,16,16,16,16,16,16,16,16,16,11.9,16,16,16,16,16,16,16,16,16,12,16,16,16,16,16,16,16,16,16,11.9,16,16,16,16,16,16,16,16,16,12,16,16,16,16,16,16,16,16,16,11.9,16,16,16,16,16,16,16,16,16,11.7,16,16,16,16,16,16,16,16,16,11.5,16,16,16,16,16,16,16,16,16,11.5,16,16,16,16,16,16,16,16,16,11.8,16,16,16,16,16,16,11.8,11.9
0.000131,12,16,16,16,16,16,16,16,16,16,16,11.9,16,16,16,16,16,16,16,16,16,12,16,16,16,16,16,16,16,15.9,16,11.9,16,16,16,16,15.9,16,16,16,16,11.9,16,16,16,16,16,16,16,16,16,11.8,16,16,16,16,16,16,16,16,16,11.8,15.9,16,16,16,16,16,16,16,16,11.5,16,16,16,16,16,16,16,16,16,11.6,16,16,16,16,16,16,16,16,16,11.9,16,16,16,16,16,16,11.8,11.9
0.000131,11.9,16,16,16,16,16,16,16,16,16,16,11.9,16,16,16,16,16,16,16,16,16,12.1,16,16,16,16,16,16,16,16,16,11.8,16,16,16,16,16,16,16,16,16,11.9,15.9,16,16,16,16,16,16,16,16,11.8,16,16,16,16,16,16,16,16,16,11.8,16,16,16,16,16,16,16,16,16,11.5,16,16,16,16,16,16,16,16,16,11.6,16,16,16,16,16,16,16,16,16,11.8,16,16,16,16,16,16,11.8,11.8
0.000131,11.8,16,16,16,16,16,16,16,16,16,16,11.9,16,16,16,16,16,16,16,16,16,12.1,16,15.9,16,16,16,16,16,16,16,11.8,16,16,16,16,16,16,16,16,16,11.8,16,16,16,16,16,16,16,16,16,11.9,16,16,16,16,16,16,16,16,16,11.8,16,16,16,16,16,16,16,16,16,11.5,16,16,16,16,16,16,16,16,16,11.6,16,16,16,16,16,16,16,16,16,11.8,16,16,16,16,16,16,11.8,11.8
0.000132,11.8,16,16,16,16,16,16,16,16,16,16,11.9,16,16,16,16,16,16,16,16,16,12.1,16,16,16,16,16,16,16,16,16,11.9,16,16,16,16,16,16,16,16,16,11.8,16,16,16,16,16,16,16,16,16,11.9,16,16,16,16,16,16,16,16,16,11.8,16,16,16,16,16,15.9,16,16,16,11.5,16,16,16,16,16,16,16,16,15.9,11.7,16,16,16,16,16,16,16,16,16,11.7,16,16,16,16,16,16,11.8,11.8
0.000132,11.8,16,16,15.9,16,16,16,16,16,16,16,11.9,16,16,16,16,16,16,16,16,16,12,16,16,16,16,16,16,16,16,16,11.9,16,15.9,16,16,16,16,16,16,16,11.9,16,16,16,16,16,16,16,16,16,12,15.9,16,16,16,16,16,16,16,15.9,11.8,16,16,16,16,16,16,16,16,16,11.4,16,16,16,16,16,16,16,16,16,11.6,16,16,16,16,16,16,16,16,16,11.7,16,16,16,16,16,16,11.8,11.8
0.000132,11.8,16,16,16,16,16,16,16,16,16,16,11.9,16,16,16,16,16,16,16,16,16,12,16,16,16,16,16,16,16,16,16,11.9,16,16,16,16,16,16,16,16,16,11.9,15.9,16,16,16,16,16,16,16,16,12,16,16,16,16,16,16,16,16,16,11.8,16,16,16,16,16,15.9,16,16,16,11.4,16,16,16,16,16,16,16,16,16,11.6,16,16,16,16,16,16,16,16,16,11.7,16,16,16,16,16,16,11.8,11.8
0.000132,11.8,16,16,16,16,16,16,16,16,16,16,11.9,16,16,16,16,16,16,16,16,16,11.9,16,16,16,16,16,15.9,16,16,16,12,16,16,16,16,16,16,16,16,16,12,16,16,16,16,16,16,16,16,16,12,16,16,16,16,16,16,16,16,16,11.8,16,16,16,16,16,16,16,16,16,11.4,16,16,16,16,16,16,16,16,16,11.5,16,16,16,16,16,16,15.9,16,16,11.8,16,16,16,16,16,16,11.8,11.8
0.000132,11.8,16,16,16,16,16,16,16,16,16,16,12,16,16,16,16,15.9,16,16,16,15.9,11.9,16,16,15.9,16,16,16,16,16,16,12,16,16,16,16,16,16,16,16,16,12,16,16,16,16,16,16,16,16,16,12.1,16,16,16,16,16,16,16,16,16,11.7,16,16,16,16,16,16,16,16,16,11.4,16,16,16,16,16,16,16,16,16,11.5,16,16,16,16,16,16,16,16,16,11.8,16,16,16,16,16,16,11.9,11.9
0.000133,11.8,16,16,16,16,16,16,15.9,16,16,16,12,16,16,16,16,16,16,16,16,16,11.9,16,16,16,16,16,16,16,16,16,12,16,16,16,16,16,16,16,16,16,12,16,16,16,16,16,16,16,16,16,12.1,16,16,16,16,16,16,16,16,16,11.7,16,16,16,16,16,16,16,16,16,11.4,16,16,16,16,16,16,16,16,16,11.4,16,16,16,16,16,16,16,16,16,11.7,16,16,16,16,16,16,11.8,11.9
0.000133,11.9,16,16,16,16,16,16,16,16,16,16,12,16,16,16,16,16,16,16,16,16,12,16,16,16,16,16,16,16,16,16,11.9,16,16,16,16,16,16,16,16,16,12.1,16,16,16,16,16,16,16,16,16,12,16,16,15.9,16,16,16,16,16,16,11.7,16,16,16,16,16,16,16,16,16,11.4,16,16,16,16,16,16,16,16,16,11.3,16,16,16,16,16,16,16,16,16,11.7,16,16,16,16,16,16,11.8,12
0.000133,12,16,16,16,16,16,16,15.9,16,16,16,12,16,16,16,16,16,16,16,16,16,12.1,16,16,16,16,16,16,16,16,16,11.9,16,16,16,16,16,16,16,16,16,12.1,16,16,16,16,16,16,16,16,15.9,11.9,16,16,16,16,16,16,16,16,16,11.7,16,16,16,16,16,16,16,16,16,11.4,16,16,16,16,16,16,16,16,16,11.4,16,16,16,16,16,16,16,16,16,11.7,16,16,16,16,16,16,11.8,12
0.000133,12.1,16,16,16,16,16,16,16,16,16,16,12,16,16,16,16,16,16,16,16,16,12.1,16,16,16,16,16,16,16,16,16,11.9,16,16,16,16,16,16,16,16,16,12.1,16,16,16,16,16,16,16,16,16,11.9,16,16,16,16,16,16,16,16,16,11.7,16,16,16,16,16,16,16,16,16,11.4,16,16,16,16,16,16,16,16,16,11.4,16,16,16,16,16,16,16,16,16,11.7,16,16,16,16,16,16,11.8,12
0.000133,12.1,16,16,16,16,16,16,16,16,16,16,11.9,16,16,16,16,16,16,16,16,16,12.1,16,16,16,15.9,16,16,16,16,16,11.9,16,16,16,16,16,16,16,16,16,12,16,16,16,16,16,16,16,16,16,11.8,16,16,16,16,16,16,16,16,16,11.8,16,16,16,16,16,16,16,16,16,11.4,16,16,16,16,16,16,16,16,16,11.4,16,16,16,16,15.9,16,16,16,16,11.7,16,16,16,16,16,16,11.8,12
0.000134,12.1,16,16,16,16,16,16,16,16,16,16,11.9,16,16,16,16,16,16,16,16,16,12.2,16,16,16,16,16,16,16,16,16,11.9,16,16,16,16,16,16,16,16,16,11.9,16,16,16,16,16,16,16,16,16,11.8,16,16,16,16,16,16,16,16,16,11.7,16,16,16,16,16,16,16,16,16,11.4,16,16,16,16,16,16,16,16,16,11.5,16,16,16,16,16,16,16,16,16,11.8,16,16,16,16,16,16,11.8,11.9
0.000134,12,16,16,16,16,16,16,16,16,16,16,12,16,16,16,16,16,16,16,16,16,12.2,16,16,16,16,16,16,16,16,16,11.9,16,16,16,16,16,16,16,16,16,11.9,16,16,16,16,16,16,16,16,16,11.8,16,16,16,16,16,16,16,16,16,11.8,16,16,16,16,16,16,16,16,16,11.4,16,16,16,16,16,16,16,16,16,11.6,16,16,16,16,16,16,16,16,16,11.8,16,16,16,16,16,16,11.8,11.8
0.000134,11.9,16,16,16,16,15.9,16,16,16,16,16,12,16,16,16,16,16,16,16,16,16,12.1,16,16,16,16,16,16,16,16,15.9,11.9,16,16,16,16,16,16,16,16,16,11.8,16,16,16,16,16,16,16,16,16,11.8,16,16,16,16,16,16,16,16,16,11.8,16,16,16,16,16,16,16,16,16,11.4,16,16,16,16,16,16,16,16,16,11.6,16,16,16,16,16,16,16,16,16,11.7,16,16,16,16,16,16,11.8,11.8
0.000134,11.8,16,16,16,16,16,16,16,16,16,16,11.9,16,16,16,16,16,16,16,16,16,12,16,16,16,16,16,15.9,16,16,16,11.9,16,16,16,16,16,16,16,16,16,11.8,16,16,16,16,16,16,16,16,16,11.9,16,16,16,16,16,16,16,16,16,11.7,16,16,16,16,16,16,16,16,16,11.4,16,16,16,16,16,16,16,16,16,11.6,16,16,16,16,16,16,16,16,16,11.7,16,16,16,16,16,16,11.8,11.7
0.000134,11.8,16,16,16,16,16,16,16,16,16,16,11.9,16,16,16,16,15.9,16,15.9,16,16,12,16,16,16,16,16,16,16,16,16,11.9,16,16,16,16,16,16,16,16,16,11.9,15.9,16,16,16,16,16,16,16,16,11.9,16,16,16,16,16,16,16,16,16,11.8,15.9,16,16,16,16,16,16,16,16,11.4,16,16,16,16,16,16,16,16,16,11.6,16,16,16,16,16,16,16,16,16,11.7,16,16,16,16,16,16,11.8,11.7
0.000135,11.8,16,16,16,16,16,16,16,16,16,16,11.9,16,16,16,16,16,16,16,16,16,11.9,16,16,16,16,16,16,16,16,16,11.9,16,16,16,16,15.9,16,16,16,16,11.9,16,16,16,16,16,16,16,16,16,12,16,16,16,16,16,16,16,16,16,11.7,16,16,16,16,16,16,16,16,16,11.4,16,16,16,16,16,16,16,16,16,11.6,16,16,16,16,16,15.9,16,16,16,11.6,16,16,16,16,16,16,11.8,11.8
0.000135,11.8,16,15.9,16,16,16,16,16,16,16,16,11.9,16,16,16,16,16,16,16,16,16,11.9,16,16,16,16,16,16,16,16,16,11.9,16,16,16,16,16,16,16,16,16,12,16,16,16,16,15.9,16,16,16,16,12,16,16,16,16,16,16,16,16,16,11.7,16,16,16,16,16,15.9,16,16,16,11.4,16,16,16,16,16,16,16,16,16,11.5,16,16,16,16,16,16,16,16,16,11.7,16,16,15.9,16,16,16,11.8,11.8
0.000135,11.8,16,16,16,16,16,16,16,16,16,16,12,16,16,16,16,16,16,16,16,16,12,16,16,16,16,15.9,16,16,16,16,11.8,16,15.9,16,16,16,16,16,16,16,12.1,16,16,16,16,16,16,16,16,16,12,16,16,16,16,16,16,16,16,16,11.8,16,16,16,16,16,16,16,16,16,11.5,16,16,16,16,16,16,16,16,16,11.5,16,16,16,16,16,16,16,16,16,11.7,16,16,16,16,15.9,16,11.8,11.8
0.000135,11.8,16,16,16,16,16,16,16,16,16,16,12,16,16,16,16,16,16,16,16,16,12.1,16,16,16,16,16,16,16,16,16,11.8,16,16,16,16,16,16,16,16,16,12,16,16,16,16,16,16,16,16,16,11.9,16,16,16,16,16,16,16,16,16,11.8,16,16,16,16,16,15.9,16,16,16,11.4,16,16,16,16,16,16,16,16,16,11.5,16,16,16,16,16,16,16,16,16,11.8,16,16,16,16,16,16,11.8,11.9
0.000135,11.9,16,16,16,16,16,16,16,16,16,16,12,16,16,16,16,16,16,16,16,16,12.1,16,16,16,16,16,16,16,16,16,11.8,16,16,16,16,16,16,16,16,16,12.1,16,16,16,16,16,16,16,16,16,11.9,16,16,16,16,16,16,16,16,16,11.8,16,16,16,16,16,16,16,16,16,11.5,16,16,16,16,16,16,16,16,16,11.5,16,16,16,16,16,16,16,16,16,11.8,16,16,16,16,16,16,11.8,12
0.000136,12,16,16,16,16,16,16,16,16,16,16,12,16,16,16,16,16,16,16,15.9,16,12.2,16,16,16,16,16,16,16,16,16,11.8,16,16,16,16,16,16,16,16,16,12.1,16,16,16,16,16,16,16,16,16,11.9,16,16,16,16,16,16,16,16,16,11.8,16,16,16,16,16,16,16,16,16,11.5,16,16,16,16,16,16,16,16,16,11.5,16,16,16,16,16,16,16,16,16,11.8,16,16,16,16,16,15.9,11.8,12
0.000136,11.9,16,16,16,16,16,16,16,16,16,16,12,16,16,16,16,16,16,16,16,16,12.2,16,16,16,16,16,16,16,16,16,11.8,16,16,16,16,16,16,16,16,16,12,16,16,16,16,16,16,16,15.9,16,11.8,16,16,16,16,16,16,16,16,16,11.7,15.9,16,16,15.9,16,16,16,16,16,11.5,16,16,16,16,16,16,16,16,16,11.5,16,16,16,16,16,16,16,16,16,11.8,16,16,16,16,16,16,11.9,12
0.000136,11.9,16,16,16,16,16,16,15.9,16,16,16,12,16,16,16,16,16,16,16,16,16,12.2,16,16,16,16,16,16,16,16,16,11.9,16,16,16,16,16,16,16,16,16,12,16,16,16,16,16,16,16,16,16,11.9,16,16,16,16,16,16,16,16,16,11.7,16,16,16,16,16,16,16,16,16,11.5,16,16,16,16,16,16,16,16,16,11.5,16,16,16,16,16,16,16,16,16,11.8,16,16,16,16,16,16,11.9,12
0.000136,11.9,16,16,16,16,16,16,16,16,16,16,11.9,16,16,16,16,16,16,16,16,16,12,16,16,16,16,16,16,16,16,16,11.9,16,16,16,16,16,16,16,16,16,11.9,16,16,16,16,16,16,16,16,16,11.9,16,16,16,16,16,16,16,16,16,11.7,16,16,16,16,16,16,15.9,16,16,11.5,16,16,16,16,16,16,16,16,16,11.5,16,16,16,16,16,16,16,16,16,11.7,16,16,16,16,16,16,11.9,11.9
0.000136,11.9,16,16,16,16,16,16,16,16,16,16,11.9,15.9,16,16,16,16,16,16,16,16,12,16,16,16,16,16,16,16,16,16,11.9,16,16,16,16,16,16,16,16,16,11.9,16,16,16,16,16,16,16,16,16,11.9,16,16,16,16,16,16,16,16,16,11.7,16,16,16,16,15.9,16,16,16,16,11.5,16,16,16,16,16,16,16,16,16,11.5,16,16,16,16,16,16,16,16,16,11.7,16,16,16,16,16,16,11.9,12
0.000137,11.9,16,16,16,16,16,16,16,16,16,16,11.9,16,16,16,16,16,16,16,16,16,11.9,16,16,16,16,16,16,16,16,16,12,16,16,16,16,16,16,16,16,16,11.9,16,16,16,16,16,16,16,16,16,12,16,16,16,16,16,16,16,16,16,11.7,16,16,16,16,16,16,16,16,16,11.5,16,16,16,16,16,16,16,16,16,11.6,16,16,16,16,16,16,16,16,16,11.7,16,16,16,16,16,16,11.9,11.9
0.000137,11.9,16,16,16,16,16,16,16,15.9,16,16,11.9,16,16,16,16,16,16,16,16,16,11.9,16,16,16,16,16,16,16,16,16,12,16,16,16,16,16,16,16,16,16,11.8,16,16,16,16,16,16,16,16,16,11.9,16,16,16,16,16,16,16,15.9,16,11.7,16,16,16,16,16,16,16,16,16,11.4,16,16,15.9,16,16,16,16,16,16,11.5,16,16,16,16,16,16,16,15.9,16,11.6,16,16,16,16,16,16,11.8,11.8
0.000137,11.9,16,16,16,16,16,16,16,16,16,16,11.9,16,16,16,16,16,16,16,16,16,11.9,16,16,16,16,16,16,16,16,16,11.9,16,16,16,16,16,16,16,16,16,11.9,16,16,16,16,16,16,16,16,16,11.9,16,16,16,16,16,16,16,16,16,11.7,15.9,16,16,16,16,16,16,16,16,11.4,16,16,16,16,16,16,16,16,16,11.5,16,16,16,15.9,16,16,16,16,16,11.6,16,16,16,16,16,16,11.8,11.8
0.000137,11.9,16,16,16,16,15.9,16,16,16,16,16,11.9,16,16,16,16,16,16,16,16,16,12,16,16,16,16,16,16,16,16,16,11.8,16,16,16,16,16,16,16,16,16,11.9,16,16,16,16,16,16,16,16,16,11.9,16,16,16,16,16,16,15.9,16,16,11.7,16,16,16,16,16,16,16,16,16,11.5,16,16,16,16,16,16,16,16,16,11.5,16,16,16,16,16,16,15.9,16,16,11.7,16,16,16,16,16,16,11.8,11.8
0.000137,11.9,16,16,16,16,16,16,16,16,16,16,12,16,16,16,16,16,16,16,16,16,12,16,16,16,16,16,16,16,16,16,11.8,16,16,16,16,16,16,16,16,16,11.9,16,16,16,16,16,16,16,16,16,12,16,16,16,16,16,16,16,16,16,11.8,16,16,16,16,16,16,16,16,16,11.5,16,16,16,16,16,16,16,16,16,11.5,16,16,15.9,16,16,16,16,16,16,11.8,16,16,16,16,16,16,11.8,11.8
0.000138,11.9,16,16,16,16,16,16,16,16,16,16,11.9,16,16,16,16,16,16,16,16,16,12.1,16,16,16,16,16,16,16,16,16,11.8,16,16,16,16,16,16,16,16,16,11.9,16,16,16,16,16,16,16,16,16,11.9,16,16,16,16,16,16,16,16,16,11.8,16,16,16,16,16,16,16,16,16,11.5,16,16,16,16,16,16,16,16,16,11.5,16,16,16,16,15.9,16,15.9,16,16,11.8,16,16,16,16,16,16,11.8,11.8
0.000138,12,16,16,16,16,16,16,16,16,16,16,11.9,15.9,16,16,16,16,16,16,15.9,16,12.1,16,16,15.9,16,16,16,16,16,16,11.8,16,16,15.9,16,16,16,16,16,16,11.9,16,16,16,16,16,15.9,16,16,15.9,11.9,16,16,16,16,16,16,16,16,16,11.8,16,16,16,16,16,16,16,16,16,11.5,16,16,16,16,16,16,16,16,16,11.5,16,16,16,16,15.9,16,16,16,16,11.8,16,16,16,16,16,16,11.8,11.8
0.000138,11.9,16,16,16,16,16,16,16,16,16,16,12,16,16,16,16,16,16,16,16,16,12.1,16,16,16,16,16,16,16,15.9,16,11.8,16,16,16,16,16,16,16,16,16,12,16,15.9,16,16,16,16,16,16,16,11.9,16,16,16,16,16,16,16,16,16,11.8,16,16,16,16,16,16,16,16,16,11.5,16,16,16,16,16,16,16,16,16,11.5,16,16,16,16,16,16,16,16,16,11.9,16,16,16,16,16,16,11.8,11.9
0.000138,11.9,16,15.9,16,16,16,16,16,16,16,16,11.9,16,16,16,16,16,16,16,16,16,12,16,16,16,16,16,16,16,16,16,11.8,16,16,16,16,16,16,16,16,15.9,11.9,16,16,16,15.9,16,16,16,16,16,11.9,16,16,16,16,16,16,15.9,16,16,11.8,16,16,16,16,16,16,16,16,16,11.5,16,16,16,16,16,16,16,16,16,11.5,16,16,16,16,16,16,16,16,16,11.9,16,16,16,16,16,16,11.9,11.9
0.000138,11.9,16,16,16,16,16,16,16,16,16,16,11.9,16,16,16,16,16,16,16,16,16,11.9,16,16,16,16,16,16,16,16,16,12,16,16,16,16,16,16,16,16,16,11.9,16,16,16,16,16,16,16,16,16,11.9,16,16,16,16,16,16,16,16,16,11.8,16,16,16,16,16,16,16,16,16,11.5,16,16,16,16,16,16,16,16,16,11.5,16,16,16,16,16,16,16,16,16,11.8,16,16,16,16,16,16,12,11.9
0.000139,11.9,16,16,16,16,16,16,16,16,16,16,11.9,16,16,16,16,16,16,16,16,16,11.8,16,16,16,16,16,16,16,16,16,12,16,16,16,16,16,15.9,16,16,16,12,16,16,15.9,16,16,16,16,16,16,11.9,16,16,16,16,16,16,16,16,16,11.7,16,16,15.9,16,16,16,16,16,16,11.5,16,16,16,16,16,16,16,16,16,11.5,16,16,16,15.9,16,16,16,16,16,11.8,16,16,16,16,16,16,12,11.9
0.000139,11.9,16,16,16,16,16,16,16,16,16,16,11.9,16,16,16,16,16,16,16,16,16,11.8,16,16,16,16,16,16,16,16,16,12,16,16,16,16,16,16,16,16,16,11.9,16,16,16,16,16,16,16,16,16,11.9,16,16,16,16,16,16,16,16,16,11.7,16,16,16,16,16,16,16,16,16,11.5,16,16,16,16,16,16,16,16,16,11.5,16,16,16,16,16,16,16,16,16,11.8,16,16,16,16,16,16,12,11.9
0.000139,11.9,16,16,16,16,16,16,16,16,16,16,11.8,16,16,16,16,16,16,16,16,16,11.8,16,16,16,16,16,16,16,16,16,12,16,16,16,16,16,16,16,16,16,12,16,16,16,16,16,16,16,16,16,11.8,16,16,16,16,16,16,16,16,16,11.7,16,16,16,16,16,16,16,16,16,11.4,16,16,16,16,16,16,16,16,16,11.5,16,16,16,16,16,16,16,16,16,11.7,16,16,16,16,16,16,11.9,11.9
0.000139,11.9,16,16,16,16,16,16,16,16,16,16,11.8,16,16,16,16,16,16,16,16,16,11.9,16,16,16,16,16,16,16,16,16,11.9,16,16,16,16,16,16,16,16,16,12,16,16,16,16,16,16,16,16,16,11.8,16,16,16,16,16,16,16,16,16,11.6,16,16,16,16,16,16,16,16,16,11.4,16,16,16,16,16,16,16,16,16,11.5,16,16,16,15.9,16,16,16,16,16,11.6,16,16,16,16,16,16,11.9,11.8
0.000139,11.9,16,16,16,16,16,16,16,16,16,16,11.8,16,16,16,16,16,16,16,16,15.9,11.9,16,16,16,16,16,16,16,16,16,11.9,16,16,16,16,16,16,16,16,16,11.9,16,16,16,16,16,16,16,16,16,11.8,16,16,16,16,16,16,16,16,16,11.6,16,16,16,16,16,16,16,15.9,16,11.4,16,16,16,16,16,16,16,16,16,11.5,16,16,16,16,16,16,16,15.9,16,11.6,16,16,16,16,16,15.9,11.8,11.8
0.00014,12,16,16,16,16,16,16,16,16,16,16,11.8,16,16,16,16,16,16,16,15.9,16,11.9,16,16,16,16,16,16,16,16,16,11.9,16,16,16,16,16,16,16,16,16,11.9,16,16,16,16,16,16,16,16,16,11.9,16,16,16,16,16,16,16,16,16,11.6,16,16,16,16,16,16,16,16,16,11.4,16,16,16,16,16,16,16,16,16,11.6,16,15.9,16,16,16,16,16,16,16,11.7,16,16,16,16,16,16,11.8,11.8
0.00014,11.9,16,16,16,16,16,16,16,16,16,16,11.9,16,16,16,16,16,16,16,16,16,12,15.9,16,16,16,16,16,16,16,16,11.8,16,16,16,16,16,16,16,16,16,12,16,16,16,16,16,16,16,16,16,11.9,16,16,16,16,16,16,16,16,16,11.6,16,16,16,16,16,16,16,16,16,11.5,16,16,16,16,16,16,16,16,16,11.5,16,16,16,16,16,16,16,16,16,11.7,16,16,16,16,16,16,11.8,11.8
0.00014,11.9,16,16,16,15.9,16,16,16,16,16,16,11.9,16,16,16,16,16,16,16,16,16,12,16,16,16,16,16,16,16,16,16,11.8,16,15.9,16,16,16,16,16,16,16,12,16,16,16,16,16,16,16,16,16,11.9,16,16,16,16,16,16,16,16,16,11.7,15.9,16,16,16,16,16,16,16,16,11.5,16,16,15.9,16,16,16,16,16,16,11.6,16,16,16,16,16,16,16,16,16,11.8,16,16,16,16,16,16,11.7,11.8
0.00014,11.9,16,16,16,16,16,16,16,16,16,16,11.9,16,16,16,16,16,16,16,16,16,12.1,16,16,16,16,16,16,16,16,16,11.8,16,16,16,16,16,16,16,16,16,12,16,16,15.9,16,16,16,16,15.9,16,11.9,16,16,16,16,16,16,16,16,16,11.7,16,16,16,16,16,16,16,16,16,11.5,16,16,16,16,16,16,16,16,16,11.5,16,16,16,16,16,16,16,16,16,11.8,16,16,16,16,16,16,11.7,11.8
0.00014,11.9,16,16,16,16,16,16,16,16,16,16,12.1,16,16,16,16,16,16,16,16,16,12.1,16,16,16,16,16,16,16,16,15.9,11.9,16,16,16,16,16,16,16,16,16,12,16,16,16,16,15.9,16,16,16,16,11.9,16,16,16,16,16,16,16,16,16,11.8,16,16,16,16,16,16,16,16,16,11.4,16,16,16,16,16,16,16,16,16,11.5,16,16,16,16,16,16,16,16,16,11.9,16,16,16,16,16,16,11.8,11.9
0.000141,11.9,16,16,16,16,16,16,16,16,16,16,12,16,16,16,16,16,16,15.9,16,16,12.1,16,16,16,16,16,16,16,16,16,11.8,16,16,16,16,16,16,16,16,16,12,16,16,16,16,16,16,16,16,16,12,16,16,16,16,16,16,16,16,16,11.8,16,16,16,16,16,16,16,16,16,11.4,16,16,16,16,16,16,16,16,16,11.5,16,16,16,16,16,16,16,16,16,12,16,16,16,15.9,16,16,11.8,11.9
0.000141,11.9,16,16,16,16,16,16,16,16,16,16,12,16,16,16,16,16,16,16,16,16,12.1,16,16,16,16,16,16,16,16,16,11.9,16,16,16,16,16,16,16,16,16,12,16,16,16,16,16,16,16,16,16,11.9,16,16,16,16,16,16,16,16,16,11.8,16,15.9,16,16,16,16,16,16,16,11.3,16,16,16,16,16,16,16,16,16,11.5,16,16,16,16,16,16,15.9,16,16,11.9,16,16,16,16,15.9,16,11.8,12
0.000141,11.9,16,16,16,16,16,16,16,16,16,16,12,16,16,16,16,16,16,16,16,16,12.1,15.9,16,16,16,16,16,16,16,16,12,16,16,16,16,16,16,16,16,16,11.8,16,16,16,16,16,16,16,16,16,11.9,16,16,16,16,16,16,16,16,16,11.8,16,16,16,16,16,16,16,16,16,11.3,16,16,16,16,16,16,16,16,16,11.5,16,15.9,16,16,16,16,16,16,16,11.8,16,16,16,16,15.9,16,11.8,11.9
0.000141,11.9,16,16,16,16,16,16,16,16,16,16,12,16,16,16,16,16,16,16,16,16,12.1,15.9,16,16,16,16,16,16,16,16,11.9,16,16,16,15.9,16,16,16,16,16,11.8,16,16,16,16,16,16,16,16,16,12,16,16,16,16,16,16,16,16,16,11.8,16,16,16,16,16,16,16,16,16,11.3,16,16,16,16,16,16,16,15.9,16,11.5,16,16,16,16,16,16,16,16,16,11.8,16,16,16,16,16,16,11.8,12
0.000141,11.9,16,16,16,16,16,16,16,16,16,16,11.9,16,16,16,16,16,16,16,16,16,12,16,16,16,16,16,16,16,16,16,12,16,16,16,16,16,16,16,16,16,11.8,16,16,16,16,16,16,16,16,16,11.9,16,16,16,15.9,16,16,16,16,16,11.8,16,16,16,16,16,16,16,16,16,11.4,16,16,16,16,16,16,16,16,16,11.5,16,16,16,16,16,16,16,16,16,11.7,16,16,16,16,16,16,11.8,11.9
0.000142,12,16,16,16,16,16,16,16,16,16,16,11.8,16,16,16,16,15.9,16,16,16,16,12,16,16,16,16,16,16,16,16,16,11.9,16,16,16,16,16,16,16,16,16,11.8,16,16,16,16,16,16,16,16,16,12,16,16,16,16,16,16,16,16,16,11.8,16,16,16,16,16,16,16,16,16,11.4,16,16,16,16,16,16,16,16,16,11.5,16,16,16,16,16,16,16,16,16,11.7,16,16,16,16,16,16,11.7,12
0.000142,12,16,16,16,16,16,16,16,15.9,16,16,11.8,16,16,16,16,16,16,16,16,16,12,16,16,16,16,16,16,16,16,16,11.9,16,16,16,16,16,16,16,16,16,11.8,16,16,16,16,16,16,16,16,16,11.9,16,16,16,15.9,16,16,15.9,16,16,11.7,16,16,16,16,16,16,16,16,16,11.5,16,16,16,16,16,16,16,16,16,11.5,16,16,16,16,16,16,16,16,16,11.7,16,16,16,16,16,16,11.7,12
0.000142,11.9,16,16,16,16,16,16,16,16,16,16,11.8,16,16,16,16,16,16,16,16,16,12,16,16,16,16,16,16,16,16,16,11.9,16,16,16,16,16,16,16,16,16,11.9,16,16,16,16,16,16,16,16,16,11.8,16,16,16,16,16,16,16,16,16,11.7,16,16,16,16,16,16,16,16,16,11.6,16,16,16,16,16,16,16,16,16,11.5,16,16,16,16,16,15.9,16,15.9,16,11.8,16,16,16,16,16,16,11.7,11.9
0.000142,11.9,16,15.9,16,16,16,16,16,16,16,16,11.8,16,16,16,16,16,15.9,16,16,16,12,16,16,16,16,16,16,16,16,16,11.9,16,16,16,16,16,16,16,15.9,16,11.9,16,16,16,16,16,16,16,16,16,11.8,16,16,16,16,16,16,16,16,16,11.7,16,16,16,16,16,16,16,16,16,11.6,16,16,16,16,16,16,16,16,16,11.6,16,16,16,16,16,16,16,16,16,11.8,16,16,16,16,16,16,11.8,11.9
0.000142,11.9,16,16,16,16,16,16,16,16,16,16,11.9,16,16,16,16,16,16,16,16,16,12,16,16,16,16,16,16,16,16,16,11.9,16,16,16,16,16,16,16,16,16,11.8,16,16,16,16,16,16,16,16,16,11.8,16,16,16,16,16,16,16,16,16,11.7,16,16,16,16,16,16,16,16,16,11.7,16,16,16,16,16,16,16,16,16,11.5,16,16,16,16,16,16,16,16,15.9,11.9,16,16,16,16,16,16,11.8,11.9
0.000143,11.9,16,16,16,16,16,16,16,16,16,16,11.9,16,16,16,16,16,16,16,16,16,12,16,16,16,16,16,16,16,16,16,11.9,16,16,16,16,16,16,16,16,16,11.8,16,16,16,16,16,16,16,16,16,11.8,16,16,16,16,16,16,16,16,16,11.7,16,16,16,16,16,16,16,16,16,11.7,16,16,16,16,16,16,16,16,16,11.5,16,16,16,16,16,16,16,16,16,11.9,16,16,16,16,16,16,11.9,11.8
0.000143,12,16,16,16,16,16,16,16,16,16,16,12,16,16,16,16,16,16,16,16,16,12,16,16,16,16,16,16,16,16,16,11.9,16,15.9,16,16,15.9,16,16,16,16,11.8,16,16,16,16,16,16,16,16,16,11.8,16,16,16,16,16,16,16,16,16,11.7,16,16,16,16,16,16,16,16,16,11.6,16,16,16,16,16,16,16,16,16,11.5,16,16,16,16,16,16,16,16,16,11.9,16,16,16,16,16,16,11.9,11.9
0.000143,11.9,16,16,16,16,16,16,16,16,16,16,12,16,15.9,16,16,16,16,16,16,16,12.1,16,16,16,16,16,16,16,16,16,11.9,16,16,16,16,16,16,16,16,16,11.8,16,16,16,16,16,16,16,16,16,11.8,16,16,16,16,16,16,16,16,16,11.7,16,16,16,16,16,16,16,16,16,11.5,15.9,16,16,16,16,16,16,16,16,11.5,16,16,16,16,16,16,16,16,16,11.9,16,16,16,16,16,16,12,11.9
0.000143,12,16,16,16,16,16,16,16,16,16,16,12,16,16,16,16,16,16,16,16,16,12,16,16,16,16,16,15.9,16,16,16,11.9,16,16,16,16,16,16,16,16,16,11.8,16,16,16,16,16,16,16,16,16,11.9,16,16,16,16,16,16,16,16,16,11.7,16,16,16,16,16,15.9,16,16,16,11.5,16,16,16,16,16,16,16,16,16,11.5,16,16,16,16,16,16,16,16,16,11.8,16,16,16,16,16,16,11.9,11.9
0.000143,12,16,16,16,16,16,16,16,16,16,16,11.9,16,16,16,16,16,16,16,16,16,12.1,16,16,16,16,16,16,16,16,16,11.9,16,16,16,16,16,16,16,16,16,11.8,16,16,16,16,16,16,16,16,16,12,16,16,16,16,16,16,16,16,16,11.8,16,16,16,16,16,16,16,16,16,11.4,16,16,16,16,16,16,16,16,16,11.6,16,16,16,16,16,16,16,16,16,11.8,16,16,16,16,16,16,11.9,11.9
0.000144,12,16,16,16,16,16,16,16,16,16,16,11.9,16,16,16,16,16,16,16,16,16,12.1,16,16,16,16,16,16,16,16,16,11.9,16,16,16,16,16,16,16,16,16,11.9,16,16,16,16,16,16,16,16,16,12,16,16,16,16,16,16,16,16,16,11.8,16,16,16,16,16,16,16,16,16,11.4,16,16,16,16,16,16,16,16,16,11.5,16,16,16,16,16,16,16,16,16,11.8,16,16,16,16,16,16,11.8,11.9
0.000144,12,16,16,16,16,16,16,16,16,16,16,11.8,15.9,16,16,16,16,16,16,16,16,12.1,16,16,16,16,16,16,16,16,16,11.9,16,16,16,15.9,16,16,16,16,16,11.9,16,16,16,16,16,16,16,16,16,12,16,16,16,16,16,16,15.9,16,16,11.8,15.9,16,16,16,16,16,16,16,16,11.3,16,16,16,16,16,16,16,16,16,11.5,15.9,16,16,16,16,16,16,16,15.9,11.8,16,16,16,16,16,16,11.8,11.9
0.000144,12,16,16,16,16,16,16,16,16,16,16,11.9,16,16,16,16,16,16,16,16,16,12,16,16,16,16,16,16,16,16,16,11.9,16,16,16,16,16,16,16,16,16,11.9,16,16,16,16,16,16,16,16,16,12,16,16,16,15.9,16,16,16,16,16,11.8,16,16,16,16,16,16,16,16,16,11.4,16,16,16,16,16,16,16,16,16,11.5,16,16,16,16,16,16,16,16,16,11.8,16,16,16,16,16,16,11.8,11.9
0.000144,12,16,16,16,16,16,16,16,16,16,16,11.8,16,16,16,16,16,16,16,16,15.9,12,16,16,16,16,16,16,16,16,16,11.9,16,16,16,16,16,16,16,16,16,11.9,16,16,16,16,16,16,16,16,16,12,16,16,16,16,16,16,16,16,16,11.7,16,16,16,16,16,16,16,16,16,11.5,16,16,16,16,16,16,16,16,16,11.6,16,16,16,16,16,16,16,16,16,11.8,16,16,16,16,16,16,11.8,11.9
0.000144,11.9,16,16,16,16,16,16,16,16,16,16,11.9,16,16,16,16,16,16,16,16,16,12,16,16,16,16,16,16,16,16,16,11.9,16,16,16,16,16,16,16,16,16,11.9,16,16,16,16,16,16,16,16,16,11.9,16,16,16,16,16,16,16,16,16,11.7,16,16,16,16,16,16,16,16,16,11.5,16,16,16,16,16,16,16,16,16,11.6,16,16,16,16,16,16,16,16,16,11.8,16,16,16,16,15.9,16,11.8,11.9
0.000145,11.9,16,16,16,16,16,15.9,16,16,16,16,11.9,16,16,16,16,16,16,16,16,16,12,16,16,16,15.9,16,16,16,16,16,11.9,16,16,16,16,16,16,16,16,16,11.8,16,16,16,16,16,16,16,16,16,11.9,16,16,16,16,16,16,16,16,16,11.7,16,16,16,16,16,16,16,16,16,11.7,16,16,16,16,16,16,16,16,16,11.6,16,16,16,16,16,15.9,16,16,16,11.8,16,16,16,16,16,16,11.8,11.8
0.000145,11.8,16,16,16,16,16,16,16,16,16,16,11.9,16,16,16,16,16,16,16,16,16,12,16,16,16,16,16,16,16,16,16,11.9,16,16,16,16,16,16,16,16,16,11.9,16,16,15.9,16,16,16,15.9,15.9,16,11.8,16,16,16,16,16,16,16,16,16,11.7,16,16,16,16,16,16,16,16,16,11.7,16,16,16,16,16,16,16,16,16,11.5,16,16,16,16,16,16,16,16,16,11.8,16,16,16,16,15.9,16,11.8,11.9
0.000145,11.8,16,16,16,16,16,16,16,16,15.9,16,11.9,16,16,16,16,16,16,16,16,16,12,16,16,16,16,16,16,16,16,16,11.9,16,16,16,16,15.9,16,16,16,16,11.9,16,16,16,16,16,16,16,16,16,11.8,16,16,16,16,16,16,16,16,16,11.7,16,16,16,16,16,16,16,16,16,11.7,16,16,16,16,16,16,16,16,16,11.5,16,16,16,16,16,16,15.9,16,16,11.8,16,16,16,16,16,16,11.8,11.9
0.000145,11.8,16,16,16,16,16,16,16,16,15.9,16,11.9,16,16,16,16,16,16,16,16,16,11.9,16,16,16,16,15.9,16,16,15.9,16,11.9,16,16,16,16,16,16,16,16,16,11.9,16,16,16,16,16,16,16,16,16,11.8,16,16,16,16,16,16,16,16,16,11.7,16,16,16,16,16,16,16,16,16,11.6,16,16,16,15.9,15.9,16,16,16,16,11.5,16,16,16,16,16,16,16,16,16,11.7,16,16,16,16,16,16,11.8,11.9
0.000145,11.8,16,16,16,16,16,16,16,16,16,16,11.9,16,16,16,16,16,16,16,16,16,12,16,16,16,16,16,16,16,16,15.9,11.9,16,16,16,16,16,16,16,16,16,11.9,16,16,16,16,16,16,16,16,16,11.8,16,16,16,16,16,16,16,16,16,11.7,16,16,16,16,16,16,16,16,16,11.5,16,16,16,16,16,15.9,16,16,16,11.5,16,16,16,16,16,16,16,16,16,11.8,16,16,16,16,16,16,11.8,11.9
0.000146,11.8,16,15.9,16,16,15.9,16,16,16,16,16,11.9,16,16,16,16,16,16,16,16,16,12,16,16,16,16,16,15.9,15.9,16,16,11.9,16,16,16,16,16,16,16,16,16,11.9,16,16,16,16,16,16,16,16,16,11.9,16,16,16,16,16,15.9,16,16,16,11.7,16,16,16,16,16,16,16,16,16,11.3,16,16,16,15.9,15.9,15.9,16,16,16,11.5,16,16,15.9,15.9,16,16,16,16,16,11.7,16,16,16,16,16,16,11.7,11.9
0.000146,12,16,16,16,16,16,16,16,16,16,16,11.9,16,16,16,16,15.9,16,16,16,16,12,16,16,16,16,16,16,15.9,16,16,11.9,16,16,16,16,16,16,16,16,16,11.9,16,16,16,16,16,16,16,16,16,11.9,16,16,16,16,16,16,16,16,16,11.7,16,16,16,16,16,16,15.9,16,16,11.3,16,16,16,16,16,16,16,16,16,11.5,16,16,16,16,16,16,16,16,16,11.8,16,16,16,16,16,16,11.8,11.9
0.000146,12,16,16,16,16,16,16,16,16,16,16,11.9,16,16,16,16,16,16,16,16,16,12,16,16,16,16,16,16,16,16,16,11.8,16,16,16,16,16,16,16,16,16,11.9,16,16,16,16,16,16,16,16,16,11.9,16,16,16,16,16,16,16,16,16,11.7,16,16,16,16,16,16,16,16,16,11.3,16,16,16,16,16,16,16,16,16,11.5,16,15.9,15.9,16,16,16,16,16,16,11.8,16,16,16,16,15.9,16,11.7,12
0.000146,12,16,16,16,16,15.9,16,16,16,16,16,11.9,16,16,16,16,16,16,16,16,15.9,12,16,15.9,16,16,16,16,16,16,16,11.9,16,16,16,16,16,16,16,15.9,16,12,16,16,16,16,16,16,16,16,16,11.9,16,16,16,16,16,16,16,16,16,11.8,15.9,16,16,16,16,16,16,16,16,11.3,16,16,16,15.9,16,15.9,15.9,16,16,11.5,16,16,15.9,16,16,16,16,16,16,11.8,16,16,16,16,16,16,11.8,11.9
0.000146,12,16,16,16,16,16,16,16,16,16,16,11.9,16,16,16,16,16,16,16,16,15.9,11.9,15.9,16,16,16,16,16,16,16,16,11.9,16,16,16,16,16,16,16,16,16,11.9,16,16,16,16,16,16,16,16,16,11.9,16,16,16,16,16,16,15.9,16,16,11.8,16,16,16,16,16,15.9,16,16,16,11.4,16,16,16,16,16,16,16,16,16,11.6,16,16,16,16,16,16,16,16,16,11.8,16,16,16,16,16,16,11.8,11.9
0.000147,12,15.9,16,15.9,16,16,16,16,16,16,16,11.9,16,16,16,16,16,16,16,16,16,11.9,16,16,16,16,15.9,16,16,16,16,11.9,16,15.9,16,15.9,16,16,16,16,16,11.9,16,16,16,16,16,16,16,16,15.9,11.9,16,16,16,16,16,16,16,16,16,11.7,16,15.9,16,16,16,16,16,16,16,11.5,16,16,16,16,16,16,16,16,16,11.6,16,16,16,15.9,16,16,16,16,16,11.8,16,16,16,16,16,16,11.8,11.9
0.000147,11.9,16,16,16,16,16,16,16,16,16,16,11.9,16,16,16,16,16,16,16,16,16,12,16,16,16,16,16,16,16,16,16,11.9,16,16,16,16,16,16,16,16,16,11.9,16,16,16,16,16,15.9,16,16,16,11.9,15.9,16,16,16,16,16,16,16,16,11.7,15.9,16,16,16,16,16,16,16,16,11.6,16,16,16,16,16,16,16,16,16,11.6,16,16,16,16,16,16,16,16,16,11.9,16,16,16,16,16,16,11.8,11.8
0.000147,11.8,16,16,16,16,16,16,16,16,16,16,11.9,16,16,15.9,16,16,16,16,16,16,12,16,16,16,16,16,16,16,16,16,11.9,16,16,16,16,16,16,16,16,16,11.9,16,16,16,16,16,16,16,16,16,11.8,16,16,16,16,16,15.9,16,16,16,11.7,16,16,16,16,16,16,16,16,16,11.7,16,16,16,16,16,16,16,16,16,11.6,16,16,16,16,16,16,16,16,16,11.9,16,15.9,16,16,16,16,11.8,11.9
0.000147,11.8,16,16,16,16,16,16,16,15.9,16,16,11.9,16,16,16,16,16,16,16,16,16,12.1,16,16,16,16,16,16,16,16,16,11.9,16,16,16,16,16,16,16,16,16,11.8,16,16,16,16,16,15.9,16,16,16,11.9,16,16,16,16,16,16,16,16,16,11.7,16,16,16,16,16,16,16,16,16,11.6,16,16,16,16,16,16,16,16,16,11.5,16,16,16,16,16,16,16,16,16,11.8,16,16,16,16,16,16,11.8,11.9
0.000147,11.8,16,16,16,16,15.9,16,16,16,16,16,11.8,16,16,16,16,16,15.9,16,16,16,12,16,16,16,16,16,16,16,16,16,11.9,16,16,16,16,16,16,16,16,16,11.8,16,16,16,16,16,15.9,16,16,16,11.8,16,16,16,15.9,15.9,16,16,16,16,11.7,16,16,16,16,16,16,16,16,16,11.6,16,16,16,16,16,16,16,16,15.9,11.6,16,16,15.9,16,16,16,16,16,16,11.8,16,16,16,16,16,16,11.8,11.8
0.000148,11.8,16,16,16,16,16,16,16,16,16,16,11.8,16,16,16,16,16,16,16,16,16,12,16,16,16,16,16,16,16,16,16,11.8,16,16,16,16,16,16,16,16,16,11.8,16,16,16,16,16,16,16,16,16,11.8,16,16,16,16,16,15.9,16,16,16,11.8,16,16,16,16,16,16,16,16,16,11.5,16,16,16,16,16,16,16,16,16,11.5,16,16,16,16,16,16,16,16,16,11.8,16,16,16,16,16,16,11.8,11.8
0.000148,11.9,16,15.9,16,16,16,16,16,16,16,16,11.8,16,16,16,16,16,16,16,16,16,12,16,16,16,16,16,16,16,16,16,11.8,16,15.9,16,16,16,16,16,16,16,11.8,16,16,16,16,16,16,16,16,16,11.9,16,16,16,16,15.9,16,16,16,16,11.8,16,16,16,16,15.9,16,16,16,16,11.5,16,16,16,16,16,16,16,16,16,11.6,15.9,16,16,16,16,16,16,16,15.9,11.8,16,16,16,16,16,16,11.9,11.9
0.000148,11.9,16,16,16,16,16,16,16,16,16,16,11.9,16,16,16,16,16,16,16,16,16,12,16,16,16,16,16,16,16,16,16,11.9,16,16,16,16,16,16,16,16,16,11.8,16,16,16,16,16,16,16,16,16,11.9,16,16,16,16,16,16,16,16,16,11.8,16,16,16,16,16,16,16,16,16,11.4,16,16,16,16,15.9,16,16,16,16,11.5,16,16,16,16,16,16,16,16,16,11.8,16,16,16,16,16,16,11.8,11.9
0.000148,12,16,16,16,16,16,16,16,16,16,15.9,12,16,16,15.9,16,16,16,16,16,16,12,16,16,16,16,16,16,16,16,16,11.8,16,16,16,16,16,16,16,16,16,11.9,16,16,16,16,16,16,16,16,16,11.9,16,16,16,15.9,16,16,16,16,16,11.8,16,16,16,15.9,16,16,16,15.9,16,11.5,16,16,16,16,16,16,16,16,16,11.5,16,16,16,16,16,16,16,16,16,11.8,16,16,16,16,16,16,11.8,11.9
0.000148,11.9,16,16,16,16,15.9,15.9,16,16,16,16,11.9,16,16,16,16,16,16,16,15.9,16,12,15.9,16,16,16,16,16,16,16,16,11.8,15.9,16,16,16,16,16,16,16,16,12,16,16,16,16,16,16,16,16,16,11.9,16,16,16,16,16,16,16,16,16,11.7,16,15.9,15.9,16,15.9,16,16,16,16,11.5,16,16,16,16,16,16,16,15.9,15.9,11.5,16,16,16,16,16,16,16,16,15.9,11.8,16,16,16,16,15.9,15.9,11.9,11.9
0.000149,11.9,16,16,15.9,16,16,16,16,16,16,16,12,16,16,16,16,16,16,16,16,15.9,11.9,16,16,16,16,16,16,16,16,16,11.8,16,16,16,16,16,16,16,16,16,12,16,16,15.9,16,16,16,16,16,16,11.9,16,16,16,16,16,16,15.9,16,16,11.7,16,16,16,16,16,16,16,16,16,11.5,16,16,16,16,16,16,16,16,16,11.5,16,16,16,16,16,16,16,16,16,11.8,16,16,16,16,16,16,11.8,11.8
0.000149,11.9,16,16,15.9,16,16,16,16,16,16,16,12,16,16,16,16,16,16,16,16,16,12,16,16,16,16,16,16,16,16,16,11.9,16,16,16,16,15.9,16,16,16,16,12,16,16,16,16,16,16,16,16,16,11.9,16,16,16,16,16,16,16,16,16,11.6,16,16,16,15.9,16,16,16,16,16,11.5,15.9,16,16,16,16,16,16,16,16,11.6,16,16,16,16,16,16,16,16,16,11.7,16,16,16,16,16,16,11.8,11.9
0.000149,11.9,16,16,16,16,16,16,15.9,16,16,16,12,16,16,16,16,16,16,16,16,16,12,16,16,16,16,16,16,16,16,16,11.9,16,16,16,16,16,15.9,16,16,16,12,16,16,16,16,16,16,16,16,16,11.9,16,16,15.9,16,16,16,16,16,16,11.6,16,16,16,15.9,16,16,16,16,16,11.5,16,16,16,16,16,16,16,16,16,11.6,16,16,16,16,16,16,16,16,16,11.7,16,16,16,16,16,16,11.8,11.9
0.000149,11.9,16,16,16,16,16,16,16,16,16,16,12,16,16,16,16,16,16,16,16,16,12,16,16,16,16,16,16,16,16,16,11.9,16,16,16,16,16,15.9,16,15.9,16,11.9,16,16,15.9,16,16,16,16,16,16,11.9,16,16,16,16,16,16,16,16,16,11.6,16,16,16,16,16,16,16,16,16,11.6,16,16,16,16,16,16,16,16,16,11.6,16,16,16,16,16,16,16,16,16,11.7,16,16,16,16,16,16,11.8,11.9
0.000149,11.9,16,16,16,16,16,16,16,16,16,16,11.9,16,16,16,15.9,16,16,15.9,16,16,12,16,16,16,16,16,16,16,16,16,11.9,16,16,16,16,16,16,16,16,16,11.8,16,16,16,15.9,16,16,16,16,16,11.9,16,16,16,15.9,16,16,16,16,16,11.6,16,16,16,15.9,16,16,16,16,16,11.7,16,16,16,16,16,16,16,16,16,11.5,16,16,16,16,16,16,16,16,16,11.6,16,16,16,16,16,16,11.8,11.9
0.00015,11.9,16,16,16,15.9,16,16,16,16,16,16,11.9,16,16,16,16,16,16,16,16,16,11.9,16,16,16,16,16,16,16,16,16,11.9,16,16,16,16,16,16,16,16,16,11.8,16,16,16,16,16,16,16,16,16,11.8,16,16,16,16,16,16,16,16,16,11.7,16,16,16,16,16,16,16,16,15.9,11.7,16,16,16,16,16,16,15.9,16,16,11.6,16,16,16,16,16,16,16,16,15.9,11.6,16,16,16,16,16,16,11.8,11.8
0.00015,11.8,16,16,16,16,16,16,16,16,16,16,11.8,16,16,15.9,16,16,16,16,16,16,11.9,16,16,16,16,16,16,16,16,16,11.9,16,16,16,16,16,16,16,15.9,15.9,11.8,16,16,16,16,16,16,16,16,16,11.8,16,16,16,16,16,16,16,16,16,11.7,16,16,16,16,15.9,16,15.9,16,16,11.6,16,16,16,16,16,16,15.9,16,15.9,11.6,16,16,16,16,16,16,16,16,16,11.6,16,16,16,16,16,16,11.8,11.9
0.00015,11.9,16,16,16,16,16,16,16,16,16,16,11.8,16,16,16,16,16,16,16,16,16,12,16,16,16,16,16,16,15.9,16,16,11.9,16,16,16,15.9,16,16,16,16,16,11.8,16,16,16,16,16,16,16,16,16,11.8,16,16,16,16,16,16,16,16,16,11.8,16,16,15.9,16,16,16,16,16,16,11.6,16,16,16,16,16,16,16,16,16,11.5,16,16,16,16,16,16,16,16,16,11.6,15.9,16,16,16,16,16,11.8,12
0.00015,11.9,16,16,16,16,16,16,16,16,16,16,11.8,16,16,16,16,16,16,16,16,16,12,16,16,16,16,16,16,16,16,16,11.8,16,16,16,16,16,16,16,16,16,11.8,16,16,15.9,16,16,16,16,16,16,11.8,16,16,16,16,16,16,16,16,16,11.8,16,16,15.9,16,16,16,15.9,16,16,11.5,16,16,16,16,16,16,16,16,16,11.5,16,16,16,16,16,16,16,16,16,11.6,16,16,16,16,16,16,11.8,11.8
0.00015,11.9,16,16,16,15.9,16,16,16,16,16,16,11.8,16,16,16,16,16,16,16,16,16,12,16,16,16,16,16,16,16,16,16,11.9,16,16,16,16,15.9,16,16,15.9,16,11.8,16,16,16,15.9,16,16,16,16,16,11.8,16,16,16,16,16,16,16,16,16,11.9,16,16,16,16,16,16,16,16,16,11.5,16,16,16,16,16,16,16,16,16,11.6,16,16,16,16,16,16,16,16,16,11.7,16,16,16,16,16,16,11.8,11.8
0.000151,11.9,16,16,16,16,16,16,16,16,16,16,12,16,16,16,16,16,16,16,16,16,12,16,16,16,16,16,16,16,16,16,11.9,16,15.9,16,16,16,16,16,16,16,11.8,16,16,16,16,16,16,16,16,16,12,16,16,16,16,16,16,16,16,16,11.9,16,16,16,16,16,16,16,16,16,11.4,16,16,16,16,16,16,16,16,16,11.6,16,16,16,16,16,16,16,16,16,11.7,16,16,16,16,16,16,11.8,11.8
0.000151,11.9,16,16,16,16,16,16,16,16,16,16,12,16,16,16,16,16,16,16,16,15.9,12,16,16,16,16,16,16,16,16,16,11.8,16,16,16,16,16,16,16,16,16,11.8,16,16,16,16,16,16,16,16,16,12,16,16,15.9,16,16,16,16,16,16,11.8,16,16,16,16,16,16,16,16,16,11.4,16,16,16,16,16,16,16,16,16,11.5,16,16,16,16,16,16,16,16,16,11.8,15.9,16,16,16,15.9,15.9,11.8,11.8
0.000151,11.9,16,16,16,16,16,15.9,16,16,16,16,12,16,16,16,16,16,16,16,16,16,12,16,16,16,16,16,16,16,16,16,11.8,16,16,16,16,16,16,15.9,16,16,11.8,16,16,16,16,16,16,16,16,16,12,16,16,16,16,15.9,15.9,15.9,16,16,11.8,16,16,16,16,16,16,16,16,16,11.4,16,16,16,16,16,16,16,16,16,11.5,16,16,16,16,16,16,16,16,16,11.8,16,16,16,16,16,16,11.8,11.8
0.000151,11.9,15.9,16,16,16,16,16,16,16,16,16,12,16,16,16,16,16,16,16,16,16,12,16,16,16,16,16,16,16,16,16,11.9,16,16,16,16,16,16,16,16,16,11.9,16,16,16,16,16,16,16,16,16,12,16,16,16,16,16,16,16,16,16,11.7,16,16,16,16,16,16,16,16,16,11.4,16,16,16,16,16,16,16,16,16,11.5,16,16,16,16,16,16,16,16,16,11.8,16,16,16,15.9,16,16,11.9,11.8
0.000151,11.9,16,16,16,15.9,16,16,16,16,16,16,12,16,16,16,16,16,16,16,16,16,12,16,16,16,15.9,16,16,16,16,16,11.9,16,16,16,16,16,16,16,16,16,12,16,16,16,16,16,16,16,16,16,12,16,16,16,16,16,16,16,16,16,11.7,16,16,16,16,16,16,16,16,16,11.4,16,16,16,16,16,16,16,16,16,11.5,16,16,16,16,16,16,16,16,16,11.8,16,16,15.9,15.9,15.9,16,11.9,11.9
0.000152,11.9,16,16,16,16,16,16,16,16,16,16,12,16,16,16,16,16,16,16,16,16,12,16,16,16,16,16,16,16,16,16,11.9,15.9,16,16,16,16,16,16,16,16,12,16,16,16,16,16,16,16,16,16,11.9,16,15.9,16,16,16,16,16,16,16,11.7,16,16,16,16,16,15.9,15.9,16,16,11.5,16,16,16,16,16,16,16,16,16,11.5,16,16,16,16,16,16,16,16,16,11.8,16,16,16,16,16,15.9,11.9,12
0.000152,12,15.9,16,16,16,16,16,16,16,16,15.9,11.9,16,16,16,16,16,16,16,16,16,12,16,16,16,16,16,16,16,16,16,11.9,16,16,16,16,16,16,16,16,16,12,16,16,16,16,16,16,16,16,16,11.8,16,16,16,16,16,16,16,16,16,11.6,16,16,16,16,16,16,16,16,16,11.5,16,16,15.9,15.9,16,16,16,15.9,16,11.5,16,16,16,16,16,16,16,15.9,16,11.8,16,16,16,16,16,16,11.9,12
0.000152,12,16,16,16,16,16,16,16,16,16,16,11.9,16,16,16,16,16,16,16,16,16,12.1,15.9,16,16,16,16,16,16,16,16,11.9,16,15.9,15.9,16,16,15.9,16,16,16,11.9,16,16,16,16,16,16,16,16,16,11.8,16,16,16,16,16,15.9,15.9,16,16,11.7,16,16,16,16,15.9,16,16,16,16,11.5,16,16,16,16,16,16,16,16,16,11.5,16,16,16,16,16,16,16,15.9,16,11.8,16,16,16,16,16,16,11.8,12
0.000152,12.1,16,16,16,16,16,16,15.9,16,16,16,11.9,16,16,16,16,16,16,16,16,16,12.1,16,16,16,16,16,16,15.9,16,16,11.8,16,16,16,16,16,16,16,16,16,11.8,16,16,16,16,16,16,16,15.9,15.9,11.8,16,16,16,16,16,16,16,16,16,11.8,16,16,16,16,15.9,16,16,16,16,11.5,16,16,16,16,16,16,16,16,16,11.5,16,16,16,16,16,16,16,16,16,11.7,16,16,16,16,16,16,11.8,12
0.000152,12,16,16,16,16,16,16,16,16,16,16,11.9,16,16,16,16,16,16,16,16,16,12.1,16,16,16,16,16,16,16,16,16,11.8,16,16,16,16,16,16,16,15.9,16,11.8,16,16,16,16,16,16,16,16,16,11.7,16,16,16,16,16,16,16,16,15.9,11.8,16,16,16,16,16,16,16,15.9,16,11.5,16,16,16,16,15.9,16,16,16,16,11.6,16,16,16,16,16,16,16,16,16,11.7,16,16,16,16,16,16,11.8,11.8
0.000153,12,16,16,16,15.9,16,16,16,16,16,15.9,11.9,16,16,16,16,16,16,16,16,16,12.1,16,16,16,16,16,16,16,16,16,11.8,16,16,16,16,16,16,16,16,16,11.7,16,16,16,16,16,16,16,16,16,11.8,16,16,16,16,16,16,16,16,16,11.8,16,15.9,16,16,16,16,16,16,16,11.5,16,16,16,16,16,16,16,16,16,11.7,16,16,15.9,16,16,16,16,16,16,11.6,16,16,16,16,16,16,11.8,11.8
0.000153,12,16,16,16,16,16,16,16,16,16,16,11.9,16,16,16,16,16,16,16,16,16,12,15.9,15.9,16,16,16,16,15.9,16,16,11.8,16,16,16,16,16,15.9,16,16,16,11.7,16,16,16,16,16,16,16,16,15.9,11.8,16,16,15.9,16,16,16,16,16,16,11.8,16,16,16,16,16,16,16,16,16,11.6,16,16,15.9,16,16,16,16,16,16,11.7,16,16,16,15.9,16,15.9,16,16,16,11.7,16,16,16,16,16,16,11.8,11.8
0.000153,11.9,16,16,16,16,15.9,16,15.9,16,16,16,12,16,16,16,16,16,16,16,16,16,12,16,16,16,16,16,16,16,16,16,11.8,16,16,16,16,16,16,16,16,16,11.7,16,16,16,16,16,16,16,16,16,11.9,16,15.9,16,16,15.9,16,16,16,16,11.8,16,16,16,16,16,16,16,16,16,11.5,16,16,16,16,16,16,15.9,16,16,11.8,16,16,16,16,16,16,16,16,16,11.7,16,16,16,16,16,16,11.8,11.8
0.000153,11.8,15.9,16,16,16,16,16,16,16,16,16,11.9,16,16,16,16,16,16,16,16,16,11.9,16,16,16,16,16,16,16,16,15.9,11.8,16,16,16,16,16,16,16,16,15.9,11.8,15.9,16,16,16,16,16,16,16,16,12,16,16,16,16,16,16,16,16,16,11.8,16,16,16,16,16,16,16,16,16,11.5,16,16,16,16,16,16,15.9,16,16,11.7,16,16,16,16,16,16,16,16,16,11.7,16,16,16,16,16,16,11.9,11.7
0.000153,11.8,16,16,16,16,16,16,16,16,16,16,11.9,16,16,16,16,16,16,16,16,16,11.8,16,16,16,16,16,16,16,15.9,16,11.9,16,16,16,16,16,16,16,16,16,11.8,16,16,16,16,16,16,16,16,16,12,16,16,16,16,16,16,16,16,16,11.8,16,16,16,16,16,16,16,16,16,11.5,16,16,16,16,16,16,16,16,16,11.6,16,16,16,16,16,16,16,16,16,11.7,16,16,16,16,15.9,16,11.8,11.8
0.000154,11.8,16,16,16,16,16,15.9,15.9,16,15.9,16,11.9,16,16,16,16,16,16,16,16,15.9,11.8,16,16,15.9,16,16,16,16,16,16,11.9,16,16,16,16,16,16,15.9,16,16,11.9,16,16,16,16,16,16,16,16,16,12,16,16,16,15.9,16,16,16,16,16,11.7,16,16,16,16,16,16,16,16,16,11.5,16,16,16,16,16,16,16,15.9,16,11.6,16,16,16,16,16,16,16,16,16,11.8,16,16,16,16,16,16,11.8,11.8
0.000154,11.8,16,16,16,16,16,16,16,16,16,15.9,12,15.9,16,16,16,16,16,16,16,16,11.8,16,16,16,16,16,16,16,16,16,11.8,16,16,16,16,16,16,16,16,16,12,16,16,16,16,16,16,16,16,16,12,16,16,16,16,16,16,16,15.9,16,11.7,16,16,16,16,16,16,16,16,16,11.5,16,16,16,16,15.9,16,15.9,16,16,11.5,16,16,15.9,16,15.9,16,16,16,16,11.8,16,16,16,16,16,16,11.8,11.8
0.000154,11.9,16,16,16,16,16,16,16,16,16,16,12,16,16,16,16,16,16,16,16,16,11.8,16,16,16,16,16,16,16,16,16,11.8,16,16,16,16,16,16,16,16,16,12.1,15.9,16,16,16,16,16,16,16,16,11.9,16,16,16,16,16,16,16,16,16,11.8,16,16,16,16,16,16,16,15.9,16,11.5,16,16,16,16,16,16,16,16,16,11.5,16,16,16,16,16,16,16,16,16,11.8,16,16,16,16,16,16,11.8,11.9
0.000154,12,16,16,16,16,16,16,16,16,16,16,12,16,16,16,16,16,16,16,16,16,11.9,16,16,16,16,16,16,16,16,16,11.8,16,16,16,16,16,16,16,16,16,12.1,16,16,16,16,15.9,16,16,16,16,11.9,16,16,16,16,16,16,16,16,16,11.7,16,16,16,16,16,16,16,16,16,11.5,16,16,16,16,16,16,16,16,16,11.5,16,16,16,16,16,16,16,16,16,11.8,16,16,16,16,15.9,15.9,11.8,12
0.000154,12,16,16,16,15.9,16,16,16,16,16,16,11.9,16,16,16,16,16,16,16,16,15.9,12,16,16,16,15.9,16,16,16,16,15.9,11.8,16,16,16,16,16,15.9,16,16,16,12,16,16,16,16,16,16,15.9,16,16,11.9,16,16,16,16,16,16,16,16,16,11.7,16,15.9,16,16,16,16,16,16,16,11.5,16,16,15.9,16,15.9,15.9,16,16,16,11.5,16,16,16,16,16,16,16,16,16,11.8,16,16,16,16,16,16,11.8,12
0.000155,12,16,16,16,16,16,16,16,16,16,16,11.9,16,16,16,16,16,16,16,15.9,16,12.1,16,16,16,16,16,16,15.9,16,16,11.8,16,16,16,16,16,16,16,16,16,12,16,16,16,16,16,15.9,16,16,16,11.8,15.9,16,16,16,16,16,16,16,16,11.8,16,16,16,16,16,16,16,16,16,11.6,16,16,16,16,16,16,15.9,16,16,11.5,16,16,16,16,16,16,16,16,16,11.8,16,16,16,16,16,16,11.8,12
0.000155,11.9,16,16,16,16,16,16,16,16,16,16,12,16,16,15.9,16,16,16,16,16,16,12.1,16,16,16,16,16,16,16,16,16,11.8,16,16,16,16,16,16,16,16,16,11.9,16,16,16,16,16,16,16,16,16,11.8,16,16,16,16,16,15.9,16,15.9,15.9,11.7,16,16,16,16,16,16,16,16,16,11.6,16,16,16,16,16,16,16,16,16,11.6,16,16,16,15.9,15.9,16,16,16,16,11.8,16,16,16,16,16,16,11.8,12
0.000155,12,16,16,16,16,16,16,16,16,16,15.9,11.9,16,16,16,15.9,16,16,16,16,16,12,16,16,16,16,16,16,16,16,16,11.9,16,16,16,16,16,16,16,16,16,11.8,16,16,16,15.9,16,16,16,16,16,11.8,16,16,16,16,16,15.9,16,16,16,11.8,16,16,16,16,16,16,16,16,16,11.6,16,16,16,16,16,16,16,16,16,11.6,16,16,15.9,16,16,16,16,16,16,11.8,16,16,16,16,16,16,11.9,11.9
0.000155,11.9,16,16,16,16,16,16,16,16,16,16,11.9,15.9,16,16,16,16,16,16,16,15.9,11.9,16,16,16,16,16,16,16,16,16,11.9,16,16,16,16,16,16,16,16,16,11.8,16,16,16,16,16,16,16,16,16,11.8,16,16,16,16,16,16,16,16,16,11.7,16,16,16,15.9,16,16,16,16,16,11.6,16,16,16,16,15.9,16,16,15.9,16,11.6,16,16,16,16,16,16,16,16,16,11.7,16,16,15.9,16,16,16,11.8,11.9
0.000155,11.9,16,15.9,16,16,16,16,16,16,15.9,16,11.9,16,16,16,15.9,16,16,16,16,16,11.8,16,16,16,16,16,16,16,16,16,11.9,16,16,16,16,16,16,16,16,16,11.8,16,16,16,16,16,16,16,16,16,11.9,16,16,16,16,16,16,16,16,16,11.7,16,16,16,16,16,16,16,16,16,11.6,16,16,15.9,16,16,16,16,16,16,11.7,16,16,16,15.9,16,16,16,16,16,11.7,16,16,16,16,16,16,11.9,11.8
0.000156,11.8,16,16,16,16,16,16,16,16,16,16,11.9,16,16,16,16,16,16,16,16,16,11.8,16,16,16,16,16,16,16,16,16,11.9,16,15.9,16,16,16,16,16,16,16,11.8,16,15.9,16,16,16,16,16,16,16,11.9,16,16,16,16,16,16,16,16,16,11.8,16,16,16,15.9,16,16,16,16,16,11.5,15.9,16,16,16,16,16,16,16,16,11.7,16,16,16,16,16,16,15.9,16,16,11.7,16,16,16,16,16,16,11.8,11.8
0.000156,11.8,16,16,16,16,16,16,16,16,16,16,11.9,16,16,16,16,16,16,16,16,16,11.8,16,16,16,16,16,16,16,16,16,11.9,16,15.9,16,16,16,16,16,16,16,11.8,16,16,15.9,16,16,16,16,16,16,11.9,16,16,16,16,16,16,16,16,16,11.7,16,15.9,16,16,16,16,16,16,16,11.5,16,16,16,16,16,16,16,16,16,11.6,16,16,16,16,16,16,16,16,16,11.8,16,16,16,16,16,16,11.8,11.8
0.000156,11.8,16,16,16,16,16,16,15.9,16,16,16,11.9,16,16,16,16,16,16,16,16,15.9,11.8,16,16,16,15.9,16,16,16,16,16,11.9,16,16,16,16,16,16,16,16,15.9,11.8,16,16,16,16,16,16,16,16,16,11.9,16,16,15.9,16,16,16,16,16,16,11.7,16,16,16,16,16,16,16,16,16,11.5,16,16,16,16,16,16,16,16,16,11.6,16,16,16,16,16,16,15.9,16,16,11.8,16,16,16,16,16,16,11.9,11.8
0.000156,11.9,16,16,16,16,16,16,16,16,16,16,11.9,16,16,15.9,16,16,16,16,16,16,11.8,16,16,16,16,16,16,16,16,16,11.8,16,16,16,16,16,16,16,16,16,11.8,16,16,16,16,16,16,16,16,16,11.9,16,15.9,16,16,16,16,16,16,16,11.8,16,16,16,16,16,16,16,16,16,11.5,16,16,16,16,16,16,16,16,16,11.6,16,16,16,15.9,16,16,16,16,16,11.8,16,16,16,16,16,16,11.9,11.8
0.000156,11.9,16,16,16,16,16,16,16,15.9,16,16,12,16,16,16,16,16,16,16,16,16,11.9,16,16,16,16,16,16,16,15.9,16,11.8,16,16,16,15.9,16,16,16,16,16,12,16,16,16,16,16,16,16,16,16,11.8,16,15.9,16,16,16,16,16,16,16,11.8,16,16,16,16,16,16,15.9,16,16,11.5,16,16,16,16,16,16,16,16,16,11.5,15.9,16,16,15.9,16,16,16,16,16,11.9,16,16,15.9,16,16,16,11.8,11.8
0.000157,11.9,16,16,16,16,16,16,16,16,16,16,11.9,16,16,16,16,16,16,16,16,16,11.9,16,15.9,16,16,16,16,16,16,16,11.8,16,16,16,16,16,16,16,16,16,11.9,16,16,16,16,16,16,15.9,16,15.9,11.8,16,16,16,16,16,16,16,15.9,16,11.8,16,16,16,16,16,16,16,15.9,16,11.5,16,16,16,16,16,15.9,16,16,16,11.6,16,16,16,16,16,16,16,16,15.9,11.9,16,16,15.9,16,16,16,11.8,11.9
0.000157,12,16,16,16,16,16,15.9,16,16,15.9,16,12,16,16,16,16,16,16,16,16,16,12,16,16,16,16,16,16,16,16,16,11.8,15.9,16,16,16,16,16,16,16,16,11.9,16,16,16,16,16,16,16,16,16,11.8,16,16,16,16,16,16,16,16,16,11.8,16,16,16,16,15.9,16,16,16,16,11.5,16,16,16,16,15.9,15.9,16,16,16,11.6,16,16,16,16,16,16,16,16,16,11.9,16,16,16,16,16,16,11.9,11.9
0.000157,11.9,15.9,16,16,16,16,16,16,16,16,16,12,16,16,15.9,15.9,16,16,16,16,16,12.1,16,16,16,16,16,16,16,16,16,11.8,16,16,16,16,16,16,16,16,16,11.9,16,16,16,16,16,16,16,16,16,11.8,16,16,16,16,16,16,16,16,15.9,11.8,16,16,16,16,16,16,16,16,16,11.5,16,16,16,16,16,16,16,16,16,11.6,16,16,16,16,16,16,16,16,16,11.9,16,16,16,16,15.9,16,11.9,11.9
0.000157,11.9,16,16,16,16,16,16,16,16,16,16,11.9,16,16,16,16,16,16,16,16,16,12,16,16,16,16,16,16,16,16,16,11.9,16,16,16,16,16,16,16,16,15.9,11.9,16,16,16,16,16,16,16,16,16,11.8,16,16,16,16,16,16,16,16,16,11.8,16,16,16,16,16,16,16,16,16,11.6,16,16,16,16,16,16,16,16,15.9,11.6,16,16,16,16,16,16,16,16,16,11.8,16,16,16,16,16,16,11.9,12
0.000157,11.9,16,16,16,15.9,16,16,15.9,16,16,16,11.9,16,16,16,16,16,16,16,16,16,12,16,16,16,16,16,16,16,16,15.9,12,16,16,16,16,16,16,16,16,16,11.9,15.9,16,16,16,16,16,16,16,15.9,11.8,16,16,16,16,16,16,16,15.9,16,11.8,15.9,16,16,16,15.9,16,16,16,16,11.6,16,16,16,16,16,16,16,16,16,11.6,16,16,16,16,15.9,16,16,16,16,11.8,16,16,15.9,16,16,16,11.9,12
0.000158,11.9,16,16,16,16,16,15.9,16,16,16,16,12,16,16,16,16,16,16,16,16,16,11.9,16,16,16,16,16,16,16,16,16,12,16,16,16,16,15.9,16,16,16,16,11.8,16,16,16,16,16,16,16,16,16,11.8,16,16,16,16,16,16,16,16,16,11.7,16,16,16,16,15.9,16,16,16,16,11.6,16,16,16,16,16,16,16,16,16,11.6,16,16,15.9,16,16,16,16,16,16,11.8,16,16,16,16,16,16,11.9,11.9
0.000158,11.9,16,16,16,16,16,16,16,16,16,16,11.9,16,16,16,15.9,16,16,16,16,16,11.9,16,16,16,16,16,16,16,16,16,12.1,16,16,16,16,16,15.9,16,16,16,11.8,16,16,16,16,15.9,16,16,16,16,11.8,16,16,16,16,16,16,16,16,16,11.7,16,16,16,16,16,16,15.9,16,16,11.6,16,15.9,16,15.9,16,16,15.9,16,16,11.6,16,16,16,16,16,16,16,16,16,11.7,16,16,16,16,16,16,11.9,11.9
0.000158,11.8,16,16,16,16,16,15.9,16,16,16,16,11.8,16,16,16,16,16,15.9,16,16,16,11.9,16,16,16,16,16,16,16,16,16,12,16,16,16,15.9,15.9,16,16,16,16,11.8,16,16,15.9,16,16,16,16,15.9,16,11.9,16,16,16,16,16,16,16,16,16,11.6,16,16,16,16,16,16,16,16,16,11.5,16,16,16,16,16,16,16,16,16,11.6,15.9,16,16,16,16,16,16,16,16,11.7,16,16,16,16,16,16,11.9,11.9
0.000158,11.8,16,16,16,16,16,16,15.9,15.9,16,16,11.8,16,16,16,16,16,16,16,16,16,11.8,16,15.9,16,16,16,16,16,15.9,16,11.9,16,16,16,16,16,16,16,16,16,11.9,16,16,16,16,16,16,16,16,16,11.9,16,16,16,16,16,16,16,16,16,11.6,16,16,16,16,16,16,16,16,16,11.5,16,16,16,16,16,16,15.9,16,15.9,11.6,16,16,16,16,16,16,16,15.9,15.9,11.7,15.9,16,16,16,16,16,11.8,11.8
0.000158,11.8,15.9,16,16,16,16,15.9,16,16,16,16,11.8,16,15.9,16,16,16,16,16,16,16,11.8,16,16,16,16,16,16,16,16,16,11.8,16,16,16,16,16,16,16,16,16,11.9,16,16,16,16,16,16,16,16,16,11.9,15.9,16,16,16,16,16,16,16,16,11.7,16,16,16,15.9,16,16,16,16,16,11.5,16,16,16,16,16,16,16,15.9,16,11.6,16,16,16,16,16,16,16,16,16,11.7,16,16,16,16,16,16,11.8,11.9
0.000159,11.8,16,16,16,16,15.9,16,16,16,16,16,11.8,16,16,16,16,16,15.9,16,16,16,11.9,16,16,16,16,16,16,16,16,16,11.8,16,16,16,16,16,16,16,16,16,12,16,15.9,16,16,16,16,16,16,16,11.9,16,16,16,16,16,16,16,16,16,11.7,16,16,16,16,16,16,16,16,16,11.5,16,16,16,16,16,16,16,15.9,16,11.6,16,16,16,16,16,16,15.9,16,16,11.8,16,16,16,16,16,16,11.8,11.8
0.000159,11.9,16,15.9,16,16,16,15.9,16,16,16,16,11.9,16,16,16,16,16,16,16,16,16,12,16,16,15.9,16,16,16,16,16,16,11.8,16,16,16,16,16,16,16,16,16,12,16,16,16,16,16,15.9,16,16,16,11.9,16,16,16,16,16,16,16,16,16,11.7,16,16,16,16,15.9,16,16,16,16,11.5,16,16,16,16,16,16,15.9,16,16,11.6,16,16,16,16,16,16,16,16,16,11.8,16,16,16,16,16,16,11.8,11.9
0.000159,11.9,16,15.9,16,16,16,16,16,16,16,16,12,16,16,16,16,16,16,16,16,16,12,16,16,16,16,16,16,16,16,16,11.8,16,16,16,16,16,16,16,16,16,12,16,16,16,16,16,16,16,16,16,11.9,16,16,16,16,15.9,15.9,16,16,16,11.8,16,16,16,16,16,16,16,16,16,11.5,16,16,16,15.9,16,16,16,16,16,11.6,16,16,16,16,16,16,16,16,16,11.9,16,16,16,16,16,16,11.8,11.9
0.000159,11.9,16,16,16,16,16,16,16,16,16,16,11.9,16,16,15.9,16,16,16,16,16,16,12,16,16,16,16,16,16,16,16,16,11.8,16,16,16,16,16,15.9,16,16,16,12,16,16,16,16,16,15.9,16,16,16,12,16,16,16,16,16,16,16,16,16,11.8,16,16,15.9,16,16,16,16,16,16,11.5,15.9,16,16,16,16,15.9,16,16,16,11.6,16,16,16,16,16,16,16,16,16,12,16,16,16,16,16,16,11.8,11.9
0.000159,11.9,16,16,16,16,15.9,16,16,16,16,16,12,16,16,16,16,16,16,16,16,16,12,16,16,16,16,16,16,16,16,16,11.8,16,16,16,16,16,16,16,16,16,11.9,16,16,16,16,16,16,16,16,16,11.8,15.9,15.9,16,15.9,16,16,16,16,16,11.9,16,16,16,16,16,16,16,16,16,11.6,16,16,16,16,16,16,16,16,16,11.6,16,16,16,16,15.9,16,16,16,16,11.9,16,16,16,15.9,16,16,11.9,11.9
0.00016,11.9,16,16,16,16,15.9,16,16,16,16,16,12,16,16,16,16,16,16,16,16,16,12.1,16,16,16,16,16,16,16,16,15.9,11.8,16,16,15.9,16,15.9,16,16,16,16,11.9,16,16,16,16,16,16,16,16,16,11.9,16,16,16,16,16,16,16,16,16,11.9,16,16,16,16,16,16,16,16,16,11.6,15.9,16,16,16,16,16,16,16,16,11.6,16,16,16,16,16,16,16,16,16,11.8,16,16,16,16,16,16,11.9,11.9
0.00016,11.9,16,16,16,16,16,16,16,16,16,16,12,16,16,16,15.9,16,16,16,16,16,12,16,16,16,16,16,16,15.9,16,16,11.9,16,16,16,16,16,16,16,16,16,11.9,16,16,16,15.9,16,16,16,16,16,11.8,16,16,16,16,16,16,16,16,16,11.8,16,16,16,15.9,16,16,16,16,16,11.6,16,16,16,16,16,16,16,15.9,16,11.6,16,16,16,16,16,16,16,16,16,11.8,15.9,16,16,16,16,16,12,12
0.00016,11.9,16,16,16,16,16,16,16,16,15.9,16,11.9,16,16,16,16,16,16,16,16,16,12,16,16,16,16,16,16,16,16,16,11.9,15.9,16,16,16,16,16,16,16,16,11.8,16,16,15.9,16,16,16,16,16,16,11.9,16,16,16,16,16,16,16,16,16,11.7,16,16,16,16,16,16,16,16,16,11.6,16,16,16,16,16,16,16,16,16,11.6,16,16,16,16,16,16,16,16,16,11.7,16,16,16,16,15.9,16,11.9,11.9
0.00016,11.9,16,16,16,16,16,16,16,16,16,15.9,11.9,16,16,15.9,16,16,16,16,16,16,12,16,16,16,16,16,16,16,15.9,16,11.9,16,16,16,16,16,16,16,16,16,11.8,16,16,16,16,16,15.9,15.9,16,16,11.8,16,16,16,16,16,16,16,15.9,16,11.7,16,16,16,16,16,16,16,16,16,11.6,16,16,16,16,16,15.9,16,16,16,11.6,16,16,16,16,16,16,16,16,16,11.7,16,16,16,16,15.9,15.9,11.9,11.9
0.00016,11.9,16,16,16,16,16,16,16,15.9,16,16,11.8,16,16,16,16,16,16,16,16,16,11.9,16,16,16,16,16,15.9,16,16,16,11.8,16,16,16,16,16,15.9,16,15.9,16,11.8,16,16,16,16,16,16,16,16,16,11.8,16,16,16,16,16,15.9,16,16,16,11.7,16,15.9,16,16,16,16,16,16,16,11.6,16,16,16,15.9,16,16,16,16,16,11.6,16,16,16,16,16,16,16,16,16,11.6,16,16,16,15.9,16,16,11.8,11.9
0.000161,11.9,16,16,16,16,16,16,16,16,16,16,11.8,16,16,15.9,16,16,16,16,16,16,11.9,16,16,16,16,16,16,16,16,16,11.8,16,16,16,15.9,16,16,16,16,16,11.8,16,16,16,16,16,16,15.9,16,16,11.9,16,16,16,16,16,16,16,16,15.9,11.7,15.9,16,16,16,15.9,16,16,16,16,11.6,15.9,16,16,16,16,16,16,16,16,11.6,16,15.9,16,16,16,16,16,16,16,11.7,16,16,16,16,16,16,11.8,11.9
0.000161,11.9,16,16,16,16,16,16,16,16,15.9,16,11.8,16,16,16,16,16,15.9,16,16,16,11.9,16,16,16,16,16,16,16,16,16,11.8,16,16,16,16,16,16,16,16,16,11.8,16,16,16,16,16,16,16,16,16,11.9,16,16,16,16,16,16,16,16,16,11.7,16,16,16,16,16,16,16,16,16,11.6,16,16,16,16,15.9,16,16,16,16,11.7,16,16,16,16,16,15.9,16,16,16,11.7,16,16,16,16,16,16,11.7,11.8
0.000161,11.9,16,16,16,16,16,16,16,16,16,16,11.8,16,16,16,16,16,16,16,16,16,11.9,16,16,16,16,16,16,16,15.9,16,11.8,16,16,16,16,16,15.9,16,16,16,11.8,16,16,16,16,16,16,16,16,16,11.9,16,16,16,16,16,16,16,16,16,11.7,16,16,16,16,16,16,16,16,16,11.7,16,16,16,16,16,16,16,16,16,11.6,16,16,16,16,16,16,16,16,16,11.9,16,16,16,16,15.9,16,11.8,11.8
0.000161,11.9,16,16,15.9,16,16,16,16,16,16,16,11.8,16,16,16,16,16,16,16,16,15.9,12,16,16,16,16,16,16,16,16,16,11.8,16,16,16,16,16,16,15.9,16,16,11.8,16,16,15.9,16,16,16,16,15.9,16,11.8,16,16,16,16,16,16,16,16,16,11.7,16,16,16,16,16,16,16,16,16,11.7,16,16,15.9,16,16,16,16,16,16,11.6,16,16,16,16,16,16,16,16,15.9,12,16,16,15.9,16,16,16,11.8,11.8
0.000161,11.9,16,16,16,16,16,16,16,16,16,16,11.8,16,16,16,16,16,16,16,16,16,12,16,16,16,16,16,16,16,16,16,11.8,15.9,16,16,16,16,16,16,16,16,11.8,16,16,16,15.9,16,16,16,15.9,16,11.9,16,16,16,16,16,16,16,16,16,11.7,16,16,16,16,16,16,16,16,16,11.7,16,16,16,16,16,15.9,16,16,16,11.6,16,16,16,16,16,16,16,16,16,12,16,16,16,16,16,15.9,11.8,11.8
0.000162,11.9,16,16,15.9,16,16,16,16,16,16,16,12,16,16,16,16,16,16,16,16,16,12,16,15.9,16,16,16,15.9,16,16,15.9,11.8,15.9,15.9,16,16,16,16,16,16,16,11.8,16,16,16,16,16,16,16,16,16,11.8,16,16,15.9,16,16,16,16,16,16,11.8,16,16,16,16,16,16,16,15.9,16,11.7,16,16,16,16,16,16,16,16,16,11.6,16,16,16,16,16,16,16,16,16,12,16,16,16,15.9,16,16,11.9,11.9
0.000162,11.9,16,16,16,16,16,16,15.9,16,16,16,12,16,16,16,16,16,16,16,16,16,12,16,16,16,16,16,16,16,16,16,11.8,16,16,16,16,16,16,16,16,15.9,11.8,16,16,16,16,16,16,16,16,16,11.8,16,16,16,16,16,16,16,16,16,11.8,16,16,16,16,16,16,15.9,16,16,11.6,16,15.9,16,16,16,16,16,16,16,11.6,16,16,16,16,16,16,16,16,16,12,16,16,16,16,15.9,15.9,11.9,11.9
0.000162,11.9,16,16,16,16,15.9,16,16,16,15.9,15.9,11.9,16,16,16,16,16,16,16,16,16,12,15.9,16,15.9,16,16,16,16,16,16,11.9,16,16,16,16,16,15.9,16,16,16,11.8,16,16,15.9,16,15.9,16,16,16,16,11.8,16,16,16,16,16,16,16,16,16,11.8,16,16,16,16,16,16,16,16,16,11.5,16,16,16,16,16,16,16,16,16,11.6,16,16,16,16,16,15.9,16,16,15.9,11.8,16,16,16,16,16,16,11.8,11.9
0.000162,12,16,16,16,16,16,16,16,16,16,15.9,12,16,16,16,16,16,15.9,16,16,16,12,16,16,16,16,16,16,16,16,16,11.9,16,16,16,16,16,16,16,15.9,16,11.9,16,16,16,16,16,16,16,16,16,11.9,16,16,16,16,16,16,16,16,16,11.8,16,16,16,16,16,16,16,16,15.9,11.5,16,16,16,16,16,16,15.9,15.9,16,11.7,16,16,16,16,15.9,16,16,16,16,11.8,15.9,16,16,16,16,16,11.9,11.9
0.000162,12,16,16,16,16,16,16,16,16,16,16,11.8,16,16,15.9,16,16,16,16,16,16,12,16,16,16,16,16,16,16,16,16,11.9,16,16,16,16,16,16,16,16,16,11.8,16,16,16,16,16,16,16,16,16,11.9,16,16,16,16,16,16,16,16,16,11.8,15.9,16,16,16,16,16,16,16,16,11.5,16,16,16,16,16,16,16,16,16,11.7,16,16,16,15.9,16,16,16,16,15.9,11.8,16,16,16,16,16,16,11.8,11.9
0.000163,11.9,16,16,16,15.9,16,16,16,16,16,16,11.8,16,16,16,16,16,16,16,16,16,12,16,16,16,16,16,16,16,16,16,11.9,16,16,16,16,16,16,16,16,16,11.9,16,16,15.9,16,16,16,16,16,16,12,16,16,16,16,16,16,16,16,16,11.7,16,16,16,16,16,16,16,16,16,11.4,16,16,16,16,15.9,16,15.9,16,16,11.6,16,16,15.9,16,16,16,16,16,16,11.8,16,16,16,15.9,16,16,11.8,11.9
0.000163,11.9,16,16,16,16,15.9,16,16,16,16,16,11.8,16,16,16,16,16,15.9,16,16,16,12,16,16,16,16,16,16,16,16,16,11.9,16,16,16,16,16,16,16,16,16,11.9,16,15.9,15.9,16,16,16,16,16,16,12,16,16,16,16,16,16,16,16,16,11.8,16,16,16,16,16,15.9,16,16,16,11.5,16,16,16,16,16,16,16,16,16,11.7,16,16,15.9,16,16,16,16,16,16,11.7,16,16,16,16,16,16,11.7,11.9
0.000163,11.9,16,16,16,15.9,16,16,16,16,16,16,11.8,16,16,16,16,16,16,16,16,15.9,12,16,16,16,16,16,16,16,16,16,11.9,16,16,16,16,16,15.9,16,16,16,11.8,15.9,16,16,16,16,16,16,16,16,12,16,16,16,16,16,16,16,16,16,11.7,16,16,16,16,16,16,16,16,16,11.5,16,16,16,16,16,16,16,16,16,11.7,16,15.9,16,16,16,16,16,16,16,11.7,16,16,16,16,16,16,11.8,11.8
0.000163,11.9,16,16,16,16,16,16,16,16,16,16,11.8,16,16,16,15.9,16,16,16,15.9,16,11.9,15.9,16,15.9,16,16,16,16,16,16,11.9,16,16,16,16,16,16,15.9,16,16,11.9,16,16,16,16,16,16,16,16,16,11.9,16,16,16,16,16,16,16,15.9,16,11.6,16,16,16,16,16,16,16,16,16,11.6,15.9,16,16,16,15.9,16,16,16,16,11.7,16,16,16,16,16,16,16,16,16,11.6,16,16,16,16,16,16,11.7,11.9
0.000163,11.9,16,16,16,16,15.9,16,16,16,16,16,11.8,16,16,16,16,16,16,16,16,16,11.9,16,16,16,16,16,16,16,16,16,11.9,16,16,16,16,16,16,16,16,16,11.8,16,16,16,16,16,16,16,16,16,11.9,16,16,16,16,16,16,16,15.9,16,11.7,16,16,16,16,16,16,16,16,16,11.7,16,16,16,16,16,16,16,16,16,11.7,16,16,16,16,16,16,15.9,16,15.9,11.7,16,16,16,16,16,16,11.7,11.8
0.000164,11.8,16,16,16,16,16,16,16,16,16,16,11.9,15.9,16,16,16,16,16,16,16,16,12,16,16,16,16,16,16,16,16,16,11.9,16,16,16,16,16,16,16,16,16,11.8,16,16,16,16,16,16,16,16,16,11.8,16,16,16,16,16,15.9,16,16,16,11.7,16,16,16,16,16,16,16,16,16,11.7,16,16,16,15.9,16,16,16,16,16,11.6,16,16,16,16,15.9,16,16,16,16,11.8,16,16,16,16,16,16,11.8,11.8
0.000164,11.8,16,16,16,16,16,16,16,16,16,16,11.9,16,16,16,16,16,16,16,15.9,16,11.9,16,16,16,16,16,16,16,16,16,11.9,16,16,16,16,16,16,16,16,16,11.9,16,16,16,16,16,16,16,16,16,11.8,16,16,16,16,16,16,16,16,16,11.7,16,16,16,16,16,16,16,16,16,11.6,15.9,16,16,16,16,16,16,16,16,11.6,16,16,16,16,16,15.9,16,16,16,11.7,16,16,16,16,16,16,11.8,11.8
0.000164,11.8,16,16,15.9,16,16,16,15.9,16,16,16,11.9,16,16,16,16,16,16,16,16,15.9,12,16,16,16,16,16,16,16,16,16,11.8,16,16,16,16,16,15.9,16,16,16,11.8,16,16,15.9,16,16,16,16,16,16,11.8,16,16,16,16,16,16,16,16,16,11.7,16,16,16,16,16,16,16,16,16,11.6,16,16,16,16,16,16,16,16,16,11.6,16,16,16,16,16,16,16,16,16,11.8,16,16,16,16,15.9,15.9,11.8,11.8
0.000164,11.8,16,15.9,16,16,16,15.9,16,16,16,16,11.9,16,16,16,16,16,16,16,16,16,12,16,16,16,16,16,16,16,16,16,11.8,16,16,16,16,16,16,16,16,16,11.8,16,15.9,16,15.9,16,16,15.9,16,16,11.8,16,16,16,16,16,16,15.9,16,16,11.7,16,16,16,16,16,16,15.9,16,15.9,11.5,16,16,16,16,16,16,16,16,15.9,11.6,16,16,16,16,15.9,15.9,16,16,16,11.8,16,15.9,16,16,16,16,11.9,11.8
0.000164,11.9,16,16,16,16,16,16,15.9,16,16,16,11.9,16,16,16,16,16,15.9,15.9,16,16,12,16,16,15.9,16,15.9,16,16,16,16,11.9,16,15.9,16,16,16,16,16,16,16,11.9,16,16,16,16,16,16,16,16,16,11.8,16,15.9,16,16,16,16,16,16,16,11.8,16,16,16,16,16,16,16,16,16,11.5,16,16,16,16,16,16,16,16,16,11.6,16,16,16,16,16,16,16,16,16,11.8,16,16,16,16,16,16,11.9,11.8
0.000165,12,16,16,15.9,16,16,16,16,16,16,16,11.9,16,16,16,16,16,16,16,16,15.9,12,16,15.9,16,16,15.9,16,16,16,16,11.9,16,16,16,16,16,16,16,16,16,11.9,16,16,16,16,16,16,16,16,16,11.8,15.9,16,15.9,16,16,16,16,16,16,11.8,16,16,15.9,16,16,15.9,16,15.9,16,11.4,16,16,16,16,16,16,16,16,16,11.6,16,16,16,16,16,15.9,16,16,16,11.8,16,16,16,16,16,15.9,11.8,11.8
0.000165,12,16,16,16,16,16,16,16,15.9,16,16,11.9,16,16,15.9,16,16,16,16,16,16,12,16,16,16,15.9,16,16,16,16,16,11.9,16,16,16,16,16,16,16,16,16,11.9,16,16,16,16,16,16,16,16,16,11.9,16,16,16,16,16,16,16,16,16,11.7,16,16,16,16,16,16,16,16,16,11.3,16,16,16,16,16,16,16,15.9,16,11.6,16,16,16,16,15.9,16,16,16,16,11.8,16,16,16,16,15.9,16,11.9,11.9
0.000165,12,16,16,16,15.9,15.9,16,16,16,16,16,11.9,16,16,16,16,16,16,16,16,16,11.9,16,16,16,16,16,16,16,16,16,11.9,16,16,16,16,16,15.9,16,16,16,11.9,16,16,16,16,16,16,16,16,16,12,16,16,16,16,16,16,16,16,16,11.8,16,16,16,15.9,16,16,16,16,16,11.4,16,16,16,16,16,16,16,16,15.9,11.6,16,16,16,16,16,16,15.9,16,16,11.8,16,16,15.9,16,15.9,16,11.9,11.8
0.000165,12,16,16,16,16,16,16,16,16,16,16,11.9,16,16,16,16,16,15.9,16,16,16,11.9,16,16,16,16,16,16,15.9,16,16,11.9,16,16,15.9,16,16,16,16,16,16,11.9,16,16,16,16,16,15.9,16,16,16,12,16,16,16,16,16,16,16,16,16,11.8,16,16,16,16,16,16,16,16,16,11.5,16,16,16,15.9,16,16,16,16,15.9,11.6,16,16,16,16,16,16,16,15.9,16,11.8,16,16,16,15.9,15.9,16,11.8,11.8
0.000165,12,16,16,16,16,16,15.9,16,16,16,16,11.9,16,16,15.9,16,16,16,16,16,15.9,12,15.9,16,16,16,16,16,16,16,15.9,11.9,16,16,16,16,16,16,16,16,16,11.9,16,16,16,16,16,16,16,16,16,12,16,16,16,16,16,16,16,16,15.9,11.8,16,16,16,16,15.9,16,16,16,16,11.5,16,16,16,16,16,16,16,16,16,11.6,16,16,16,16,16,16,16,16,16,11.8,16,16,15.9,16,16,16,11.8,11.9
0.000166,11.9,16,16,16,15.9,16,16,16,16,16,16,11.9,16,16,16,16,16,15.9,16,16,16,11.9,16,16,16,16,16,16,15.9,16,16,11.9,16,16,16,16,16,16,16,16,16,11.8,15.9,16,16,16,16,16,16,16,16,11.9,16,15.9,16,16,16,16,16,16,16,11.7,16,16,16,16,16,16,16,16,16,11.6,16,15.9,16,16,16,16,16,16,16,11.6,15.9,16,16,16,16,16,16,16,16,11.7,15.9,16,16,16,16,16,11.8,11.8
0.000166,11.8,16,16,16,16,16,16,16,16,16,16,11.8,16,16,16,16,16,16,16,16,16,12,16,16,16,16,16,16,16,16,16,11.9,16,15.9,16,16,16,16,16,16,16,11.8,16,16,16,15.9,16,16,16,16,16,11.9,16,16,16,16,16,16,16,16,16,11.8,16,16,16,16,16,16,16,16,16,11.7,16,16,16,16,16,15.9,16,16,16,11.6,15.9,16,16,16,16,16,16,16,16,11.7,16,15.9,16,16,16,16,11.9,11.9
0.000166,11.8,16,16,16,16,16,16,16,16,16,16,11.9,16,16,16,15.9,16,16,16,16,16,12,15.9,16,16,16,16,16,16,16,16,11.8,16,16,16,15.9,15.9,16,16,16,16,11.8,16,16,16,16,16,16,16,16,16,11.8,16,16,16,16,16,16,15.9,16,16,11.8,16,16,16,16,16,16,16,16,16,11.7,16,16,16,16,16,15.9,15.9,16,16,11.7,16,16,16,16,16,16,16,16,15.9,11.6,15.9,16,16,16,16,16,11.8,11.9
0.000166,11.8,16,16,16,16,16,16,16,16,16,16,11.9,16,16,16,16,16,15.9,16,16,16,12,16,15.9,16,16,15.9,16,16,15.9,16,11.9,16,16,16,16,16,16,16,16,16,11.8,16,16,16,16,16,16,16,16,16,11.9,16,16,16,16,16,16,16,16,16,11.7,16,16,16,16,16,16,16,16,16,11.7,16,16,16,16,15.9,16,16,16,16,11.6,16,16,16,16,16,16,16,16,16,11.6,16,16,15.9,16,16,16,11.8,11.8
0.000166,11.8,16,16,16,15.9,16,16,16,16,16,16,11.9,16,16,16,15.9,16,16,16,16,16,12,16,16,16,16,16,16,16,16,16,11.9,16,16,16,16,16,16,16,16,16,11.9,16,16,16,16,16,16,16,15.9,16,11.8,16,15.9,16,16,16,16,16,16,16,11.7,16,16,16,16,16,16,16,16,16,11.7,16,16,16,16,16,16,16,16,16,11.6,16,16,16,15.9,16,16,16,16,16,11.6,15.9,16,16,16,16,16,11.8,11.9
0.000167,11.9,16,16,16,16,16,16,16,16,16,16,11.9,16,16,16,16,16,16,16,16,15.9,12,15.9,16,16,16,16,16,16,16,16,11.9,16,16,16,16,16,16,16,16,16,11.9,16,16,16,16,15.9,16,16,15.9,16,11.8,16,16,16,16,16,16,16,16,16,11.8,16,16,15.9,15.9,16,16,16,16,16,11.5,16,16,16,16,16,16,16,16,16,11.6,16,16,16,16,16,16,16,16,16,11.6,16,16,16,15.9,16,16,11.9,11.8
0.000167,11.9,16,16,16,16,16,16,16,16,16,16,12,16,16,16,16,16,16,15.9,16,15.9,12,16,16,16,16,16,15.9,16,16,16,11.9,16,16,16,16,16,16,16,16,16,11.9,16,16,16,16,16,15.9,16,16,15.9,11.8,16,16,16,16,16,16,15.9,16,16,11.8,16,16,16,16,16,16,16,16,16,11.5,16,16,16,16,16,16,16,16,16,11.5,16,16,16,16,15.9,16,16,16,16,11.7,16,16,15.9,16,16,16,11.9,11.8
0.000167,11.9,16,16,16,16,16,16,16,16,16,16,12,16,16,16,15.9,16,16,16,16,16,12,16,16,16,16,15.9,16,16,15.9,16,11.8,16,16,16,16,16,16,16,16,16,11.8,16,16,15.9,15.9,16,16,16,16,16,11.8,15.9,16,16,16,16,16,16,15.9,16,11.8,16,16,16,16,16,16,16,16,16,11.5,16,16,16,16,16,16,16,16,16,11.6,16,16,16,15.9,16,16,16,16,15.9,11.8,16,16,16,16,16,16,11.9,11.8
0.000167,11.9,15.9,16,16,16,16,16,16,15.9,16,16,12,16,16,16,16,16,16,16,16,16,12.1,16,16,15.9,16,16,16,16,16,15.9,11.8,15.9,16,16,16,16,16,16,16,16,11.8,16,16,16,16,16,16,16,15.9,16,11.8,15.9,16,16,16,16,16,16,16,16,11.8,16,16,16,16,16,16,16,16,16,11.4,16,16,16,16,16,16,16,15.9,16,11.6,16,16,16,16,16,16,16,16,16,11.8,16,16,16,16,16,16,11.9,11.9
0.000167,12,16,16,16,16,16,16,16,16,16,16,12,16,16,16,16,16,16,16,16,16,12,16,16,16,16,16,16,16,16,16,11.9,16,16,16,16,16,16,16,16,16,11.8,15.9,16,16,16,16,16,16,16,16,11.9,16,16,16,16,16,16,16,16,16,11.8,16,16,16,16,16,16,16,16,16,11.4,16,16,16,16,16,15.9,16,15.9,16,11.6,16,16,16,15.9,16,16,16,16,15.9,11.8,16,16,16,16,16,16,11.9,11.9
0.000168,11.9,16,16,16,16,16,16,16,16,16,16,12,16,16,16,16,16,16,16,15.9,16,12.1,16,16,16,16,16,16,16,16,16,11.9,16,16,16,16,16,16,16,16,16,11.8,16,16,16,16,16,16,16,16,16,12,16,16,16,16,16,16,16,16,15.9,11.8,16,16,16,16,16,16,16,16,15.9,11.5,16,16,16,16,16,16,16,16,16,11.6,16,16,16,16,16,16,16,16,16,11.8,16,16,15.9,16,16,16,11.8,11.9
0.000168,12,16,16,16,16,16,16,16,16,16,16,12,16,16,16,16,16,16,16,16,16,12.1,15.9,16,16,16,16,16,16,16,16,11.8,16,16,16,16,16,16,16,16,16,11.8,16,16,16,16,16,16,16,15.9,16,11.9,16,16,16,16,16,15.9,15.9,16,16,11.8,16,16,16,16,16,16,16,16,16,11.6,16,16,16,16,16,16,16,16,16,11.6,16,16,16,16,16,16,16,16,16,11.8,16,15.9,15.9,16,16,16,11.8,11.9
0.000168,11.9,16,16,16,16,16,16,16,16,16,16,11.9,15.9,16,16,15.9,16,16,16,16,16,12.1,16,16,16,16,16,16,16,16,16,11.8,16,16,16,16,16,16,16,16,16,11.8,16,16,15.9,16,16,16,16,16,16,11.9,16,16,16,16,16,16,16,16,16,11.8,16,16,16,16,16,16,16,16,16,11.6,16,16,16,16,16,16,16,16,16,11.6,15.9,15.9,16,15.9,16,16,16,16,16,11.7,16,15.9,16,15.9,16,16,11.9,11.8
0.000168,11.9,16,16,16,15.9,16,16,16,16,16,16,11.9,16,16,16,16,16,16,16,16,16,12.1,16,16,16,16,16,16,16,16,16,11.9,16,16,16,16,16,16,16,16,16,11.8,16,16,16,15.9,16,16,16,16,16,11.9,16,16,16,16,16,16,16,16,16,11.8,16,16,16,16,15.9,16,16,15.9,16,11.7,16,16,15.9,16,16,16,16,16,16,11.6,16,16,16,16,16,16,16,16,16,11.7,16,16,15.9,15.9,16,16,11.8,11.9
0.000168,11.9,16,16,16,16,16,16,16,16,16,16,11.8,16,16,16,16,16,16,16,16,16,12,16,16,16,16,16,16,16,16,16,11.8,16,16,16,16,15.9,15.9,16,16,16,11.8,16,16,15.9,16,16,16,16,16,16,11.9,16,16,15.9,16,16,16,15.9,16,16,11.8,16,16,16,16,16,16,16,16,16,11.7,16,16,16,16,15.9,16,16,16,15.9,11.6,16,16,15.9,16,16,16,16,16,16,11.7,16,15.9,16,16,16,16,11.8,11.8
0.000169,11.8,16,16,16,15.9,15.9,16,16,16,16,16,11.8,16,16,16,16,16,16,16,16,15.9,12,16,16,15.9,16,16,16,16,16,16,11.9,16,16,16,16,16,15.9,15.9,15.9,16,11.8,16,16,15.9,16,16,16,16,16,16,11.8,16,16,16,16,15.9,16,16,16,16,11.8,16,16,16,16,15.9,16,16,16,16,11.7,16,16,16,16,16,16,16,16,16,11.6,16,16,16,16,16,16,16,16,16,11.7,16,15.9,16,16,15.9,16,11.9,11.9
0.000169,11.8,16,16,16,16,16,16,16,15.9,15.9,16,11.8,16,16,16,16,16,16,16,16,15.9,11.9,16,16,16,16,16,16,16,16,15.9,11.9,16,16,16,15.9,16,16,16,16,16,11.7,16,16,16,16,16,16,16,16,16,11.8,16,16,16,16,16,16,16,16,16,11.9,16,15.9,16,16,15.9,16,16,16,16,11.7,16,15.9,15.9,15.9,16,16,16,16,15.9,11.7,16,16,16,16,16,16,15.9,16,16,11.7,16,16,16,16,16,16,11.9,11.9
0.000169,11.9,16,16,15.9,15.9,16,16,16,16,16,16,11.8,16,15.9,16,16,16,16,16,16,16,11.8,16,16,16,16,16,16,16,15.9,16,11.8,15.9,16,16,16,15.9,15.9,16,16,16,11.7,16,16,16,16,15.9,16,15.9,16,16,11.9,16,15.9,16,16,16,16,16,16,16,11.9,16,16,16,15.9,16,16,16,16,16,11.6,15.9,16,16,16,16,16,16,16,16,11.6,16,16,16,16,16,16,16,16,16,11.8,16,16,16,16,16,16,11.8,11.8
0.000169,11.9,16,16,16,16,15.9,16,16,16,16,16,11.8,16,15.9,16,16,15.9,16,16,16,16,11.9,16,16,16,16,16,15.9,16,16,15.9,11.9,16,16,16,16,16,16,16,16,16,11.7,15.9,15.9,16,16,16,16,16,16,16,11.9,16,16,16,16,16,16,16,16,16,11.9,16,16,16,16,16,16,16,16,16,11.5,16,16,16,16,16,16,16,16,16,11.6,16,16,16,16,16,16,16,16,16,11.8,16,16,16,16,16,16,11.9,11.9
0.000169,11.9,16,16,16,16,16,16,16,16,16,16,11.9,15.9,16,16,16,16,16,16,16,16,11.8,16,16,16,15.9,16,16,16,16,16,11.9,16,16,16,16,15.9,16,16,16,16,11.8,15.9,16,16,16,16,16,15.9,16,16,12,16,16,16,16,16,16,16,16,16,11.8,16,16,16,16,15.9,16,16,16,16,11.5,16,16,16,16,16,16,16,16,16,11.7,16,16,16,16,16,16,16,16,16,11.8,16,16,16,16,16,16,11.9,11.9
0.00017,12,16,15.9,16,16,16,16,16,16,16,16,11.9,16,16,16,15.9,16,16,16,16,16,11.8,16,16,16,16,16,16,16,16,16,11.9,16,16,16,16,16,16,16,16,16,11.8,16,16,16,16,16,16,16,16,16,12,15.9,16,15.9,16,16,16,16,16,16,11.8,16,15.9,16,16,16,16,16,16,16,11.5,16,16,16,16,16,16,16,15.9,16,11.6,16,15.9,16,16,15.9,16,16,16,16,11.8,16,16,16,16,16,15.9,11.9,11.9
0.00017,11.9,15.9,16,16,16,16,16,16,16,16,16,12,16,16,16,16,16,16,15.9,16,16,11.9,16,16,16,16,16,16,16,16,16,11.9,16,16,15.9,16,16,16,16,16,16,11.9,16,16,16,16,16,16,16,16,16,12,16,16,16,16,16,16,16,16,16,11.8,16,16,16,16,16,16,16,16,16,11.5,16,16,16,16,16,16,16,16,16,11.7,16,16,16,16,16,16,16,16,16,11.8,16,16,16,15.9,16,16,11.9,11.9
0.00017,11.9,16,16,16,16,16,16,16,16,16,16,12,16,16,16,16,16,16,16,16,15.9,11.9,16,16,16,16,16,16,16,16,16,11.9,16,16,16,16,16,16,16,16,16,11.9,16,16,15.9,16,16,16,16,15.9,16,12,15.9,16,16,16,16,16,16,16,16,11.7,16,16,16,16,16,16,16,16,16,11.5,16,16,16,16,16,16,16,16,16,11.6,16,16,16,16,16,16,16,16,16,11.8,16,16,16,16,16,16,11.9,11.9
0.00017,11.9,16,16,16,16,16,16,15.9,16,16,16,12,16,16,16,15.9,16,16,16,16,16,11.9,16,16,16,16,16,16,16,16,16,11.9,16,16,16,16,16,16,16,16,15.9,12,16,16,16,16,15.9,16,16,16,16,12,16,16,16,16,16,16,16,16,16,11.8,16,16,16,16,16,16,16,16,16,11.5,16,16,16,16,16,16,16,16,16,11.7,16,16,16,15.9,16,16,16,15.9,16,11.8,16,16,16,16,16,15.9,11.9,11.9
0.00017,11.9,16,16,16,16,16,16,16,15.9,16,16,11.9,16,16,16,16,15.9,16,16,16,16,11.9,16,16,15.9,16,16,16,16,16,16,11.8,16,16,16,16,16,15.9,16,15.9,16,12,16,16,16,16,16,16,16,16,16,11.8,16,16,16,16,16,16,15.9,16,16,11.8,16,16,16,16,16,16,16,16,16,11.6,16,16,16,16,16,16,16,16,16,11.6,16,16,16,15.9,16,16,16,15.9,16,11.8,16,16,16,16,16,16,11.8,11.8
0.000171,11.9,16,16,16,16,16,16,16,16,16,16,11.9,16,16,16,16,16,16,16,16,16,11.9,16,16,16,16,16,15.9,16,16,16,11.9,16,16,16,15.9,16,16,16,16,16,12,16,16,16,16,16,16,16,16,15.9,11.8,16,16,16,16,16,16,16,16,16,11.7,16,16,16,15.9,16,16,16,16,16,11.7,16,16,16,16,16,16,16,16,16,11.6,15.9,16,16,16,16,16,16,16,16,11.8,16,16,16,16,16,16,11.8,11.9
0.000171,11.9,16,16,16,16,16,16,16,15.9,15.9,16,11.8,16,16,15.9,16,15.9,16,16,16,16,12,16,16,15.9,16,16,16,16,16,16,11.9,16,16,16,16,16,16,16,16,16,11.9,16,16,16,16,16,16,16,16,16,11.7,16,16,16,16,16,16,16,16,15.9,11.8,15.9,16,15.9,15.9,16,16,16,16,16,11.7,16,16,16,16,16,16,16,16,16,11.7,16,16,16,16,16,16,16,16,16,11.8,16,16,15.9,16,16,16,11.8,11.8
0.000171,12,16,15.9,16,16,16,16,16,16,16,16,11.8,16,16,16,16,16,16,15.9,16,16,12,16,16,16,16,16,16,16,16,16,11.8,16,16,16,16,16,16,16,16,16,11.9,16,16,16,16,15.9,16,16,16,16,11.7,16,16,15.9,16,16,16,16,15.9,16,11.8,16,16,16,16,16,16,15.9,16,16,11.6,16,16,16,16,16,16,16,16,16,11.8,16,15.9,16,16,16,16,16,16,16,11.7,16,16,15.9,16,16,16,11.8,11.8
0.000171,11.9,16,16,16,16,16,16,16,16,16,16,11.8,16,16,16,16,16,16,16,16,15.9,12,16,16,16,16,15.9,16,16,16,15.9,11.9,16,16,16,16,16,16,16,16,16,11.8,16,16,16,16,15.9,16,15.9,15.9,16,11.7,16,15.9,16,16,16,16,15.9,16,16,11.8,16,15.9,16,15.9,16,16,16,16,16,11.6,16,16,16,16,16,16,16,16,16,11.8,16,16,16,16,16,16,16,16,15.9,11.7,16,16,16,15.9,16,16,11.8,11.8
0.000171,11.8,16,16,16,16,16,16,16,16,16,16,11.8,16,16,16,16,16,16,16,16,16,12,16,15.9,16,16,16,16,15.9,16,16,11.9,16,16,16,16,16,16,16,16,16,11.8,16,16,16,16,16,16,16,16,16,11.8,16,16,16,16,16,16,16,16,16,11.8,16,16,16,16,16,15.9,16,16,16,11.5,15.9,16,16,16,15.9,16,16,16,16,11.8,16,16,16,16,16,16,16,16,16,11.7,16,16,16,16,16,16,11.8,11.8
0.000172,11.8,16,16,16,16,16,16,16,16,16,16,11.8,16,16,16,16,16,16,16,16,16,11.9,16,16,16,16,16,15.9,16,15.9,16,11.9,16,16,16,16,16,16,16,16,16,11.8,16,16,16,16,16,16,16,16,16,11.8,16,16,16,16,15.9,16,16,16,16,11.8,16,16,16,16,16,16,16,16,16,11.5,16,16,16,15.9,16,16,16,16,16,11.8,15.9,16,16,16,15.9,16,16,16,16,11.8,16,16,16,16,16,16,11.8,11.8
0.000172,11.8,16,16,16,16,16,16,16,16,16,16,11.8,16,16,16,16,15.9,16,16,16,15.9,11.9,16,16,16,16,16,16,16,16,16,11.8,16,16,16,16,16,16,16,16,16,11.8,16,16,16,16,16,16,16,16,16,11.9,16,15.9,16,15.9,16,16,15.9,16,16,11.8,16,16,16,16,16,16,16,15.9,16,11.5,16,16,16,16,16,16,16,16,15.9,11.8,16,16,16,16,16,16,16,16,16,11.8,16,16,16,16,16,16,11.8,11.8
0.000172,11.8,16,16,16,16,16,16,16,16,16,16,11.9,16,16,16,16,16,16,16,16,16,11.8,16,16,16,16,16,16,16,16,16,11.9,15.9,16,16,16,16,16,16,16,16,11.9,15.9,16,16,16,16,16,16,16,15.9,11.9,15.9,16,15.9,16,16,16,16,16,16,11.8,16,16,16,16,16,16,16,16,16,11.5,15.9,16,16,16,16,16,16,15.9,16,11.7,15.9,16,16,16,16,16,16,16,15.9,11.8,16,16,16,16,16,16,11.9,11.8
0.000172,11.8,16,16,16,16,16,16,16,16,16,16,11.9,16,16,16,16,16,16,16,16,15.9,11.8,16,16,16,16,16,16,16,16,16,11.8,16,16,16,16,16,15.9,16,16,16,12,16,16,16,16,16,16,16,16,16,12,16,16,16,16,16,16,16,15.9,16,11.8,16,16,16,16,16,16,16,16,16,11.5,16,16,16,16,16,16,16,16,16,11.6,16,16,16,16,16,16,16,16,16,11.8,16,16,15.9,16,16,15.9,11.9,11.8
0.000172,11.8,16,16,16,16,16,16,16,16,16,16,11.9,16,16,16,16,16,15.9,16,16,16,11.8,16,16,16,16,16,16,16,16,16,11.8,15.9,16,16,16,16,15.9,15.9,16,16,12.1,16,16,16,16,16,16,16,16,16,12,16,16,16,16,16,16,16,16,15.9,11.8,16,16,16,16,16,16,16,16,16,11.6,15.9,16,16,16,16,16,16,16,16,11.6,16,16,16,16,16,16,16,16,15.9,11.9,16,16,16,16,16,15.9,11.8,11.9
0.000173,11.8,16,16,15.9,16,16,16,16,15.9,16,16,11.9,16,16,15.9,16,16,16,16,16,16,11.8,16,15.9,15.9,16,16,16,16,16,16,11.8,16,16,15.9,16,16,15.9,16,16,16,12.1,15.9,16,15.9,16,16,16,16,16,16,12,16,16,16,16,16,16,16,16,16,11.8,16,16,16,16,16,16,16,16,16,11.6,16,16,16,16,16,16,16,16,16,11.5,15.9,16,16,16,16,16,16,16,16,11.9,16,16,16,16,16,16,11.8,11.9
0.000173,11.9,16,16,16,16,16,16,15.9,16,16,16,11.9,16,16,16,16,16,16,16,16,16,11.9,16,16,16,16,16,16,16,16,16,11.8,16,16,16,16,16,15.9,16,16,16,12.1,16,16,16,16,16,16,16,16,16,11.9,16,16,16,16,16,16,16,16,16,11.7,16,16,16,15.9,16,16,16,16,16,11.5,16,16,15.9,16,16,15.9,16,16,16,11.5,16,16,16,16,16,16,16,16,16,11.9,16,16,16,16,16,16,11.8,12
0.000173,12,16,16,16,16,16,16,15.9,16,16,16,11.9,15.9,16,16,15.9,16,16,16,16,16,12,16,16,16,16,16,16,16,16,16,11.8,16,15.9,16,16,16,16,16,16,16,12,15.9,16,16,16,16,16,16,16,16,11.9,16,16,16,16,16,16,16,16,15.9,11.7,16,16,16,16,15.9,15.9,16,16,16,11.6,15.9,16,16,16,16,16,16,16,16,11.5,16,16,16,16,16,16,16,16,16,11.9,16,16,16,16,16,16,11.8,12
0.000173,12,16,16,16,16,16,16,16,16,16,16,11.9,16,16,16,16,16,16,16,15.9,16,12,16,16,16,16,16,16,16,16,16,11.8,16,16,16,16,16,16,16,16,16,12.1,15.9,16,15.9,16,16,16,15.9,16,16,11.8,15.9,16,16,15.9,16,16,16,15.9,16,11.7,16,15.9,16,16,16,15.9,16,16,16,11.6,16,15.9,16,16,16,16,16,16,16,11.6,16,16,16,16,16,16,16,15.9,16,11.9,16,16,16,16,16,16,11.9,12
0.000173,12,16,16,16,16,16,16,16,16,15.9,16,11.8,16,16,16,16,16,16,16,16,16,12.1,16,16,16,16,16,16,16,16,16,11.8,16,16,16,16,16,16,16,16,16,11.9,15.9,16,16,16,16,16,15.9,16,16,11.8,16,16,16,15.9,16,16,16,16,16,11.8,15.9,16,16,16,16,16,16,16,16,11.7,16,16,16,16,16,16,16,16,16,11.6,15.9,16,16,16,16,16,16,15.9,16,11.9,16,16,15.9,16,16,16,11.9,12
0.000174,12,15.9,16,16,16,16,16,16,16,16,16,11.8,16,16,16,16,16,16,16,16,16,12.1,16,16,16,16,16,16,16,16,16,11.8,16,16,16,15.9,16,16,15.9,16,16,11.8,16,16,16,16,16,16,16,16,16,11.8,16,16,16,16,16,16,16,16,16,11.7,16,16,16,15.9,16,16,16,16,16,11.7,16,16,16,16,15.9,16,16,16,16,11.6,16,16,16,15.9,16,16,16,16,16,11.9,16,15.9,16,16,16,16,11.9,11.9
0.000174,12,16,16,16,16,16,16,16,16,16,15.9,11.8,16,16,16,16,15.9,16,16,15.9,16,12.1,16,16,16,16,16,16,15.9,16,16,11.8,16,16,16,16,15.9,16,15.9,16,16,11.8,16,16,16,16,16,16,16,16,16,11.8,16,16,16,16,15.9,16,16,16,16,11.8,16,16,15.9,16,16,16,16,15.9,16,11.6,16,16,16,16,16,16,16,16,16,11.7,16,15.9,15.9,16,16,16,15.9,16,16,11.8,16,16,16,16,16,16,11.9,11.9
0.000174,11.9,16,16,16,16,16,16,16,16,16,16,11.8,16,16,16,16,15.9,16,16,16,16,12,16,16,16,16,16,16,16,16,16,11.8,16,16,16,16,16,16,16,16,16,11.7,16,16,16,16,16,16,16,16,16,11.8,16,15.9,16,16,16,16,16,15.9,16,11.8,16,16,16,16,15.9,15.9,16,16,16,11.6,16,16,16,16,15.9,16,16,16,16,11.8,16,16,16,16,16,16,16,16,16,11.9,16,16,16,16,16,16,11.8,11.8
0.000174,11.9,16,16,16,16,16,16,16,16,16,16,11.9,16,16,16,16,16,16,16,16,16,12,16,16,16,16,16,16,16,16,16,11.8,16,16,16,16,16,16,16,16,16,11.7,15.9,16,16,16,16,15.9,15.9,16,16,11.9,16,16,16,16,16,16,16,16,16,11.8,16,15.9,15.9,16,15.9,16,16,15.9,16,11.6,16,16,15.9,16,16,16,16,16,16,11.8,16,15.9,15.9,16,16,16,16,16,15.9,11.8,16,16,16,15.9,16,16,11.8,11.8
0.000174,11.8,16,16,16,16,16,16,16,16,16,16,11.9,15.9,15.9,16,16,16,15.9,15.9,16,16,11.9,16,16,16,16,16,16,16,16,16,11.9,16,16,16,16,16,16,16,16,15.9,11.8,16,16,15.9,16,16,16,15.9,16,16,11.9,16,16,16,16,16,16,16,15.9,16,11.8,15.9,16,16,16,16,15.9,16,16,16,11.5,16,15.9,16,16,16,16,16,15.9,16,11.8,16,16,16,16,15.9,15.9,16,16,16,11.8,15.9,16,16,15.9,16,16,11.8,11.8
0.000175,11.8,16,16,16,15.9,16,16,16,16,16,16,11.9,16,16,16,16,16,16,16,16,15.9,11.8,15.9,16,16,16,16,16,16,16,16,11.8,16,15.9,16,16,15.9,16,16,16,16,11.8,16,16,16,16,16,16,16,16,15.9,11.9,16,15.9,16,16,16,16,16,15.9,16,11.8,16,16,16,16,16,15.9,15.9,16,16,11.5,16,16,16,16,15.9,16,16,15.9,16,11.8,16,16,16,16,16,15.9,15.9,15.9,16,11.8,16,16,16,16,16,15.9,11.8,11.8
0.000175,11.8,16,16,16,15.9,16,16,16,16,16,15.9,11.9,16,16,16,16,16,16,16,16,16,11.8,16,16,16,16,16,16,16,15.9,16,11.8,16,16,16,16,16,16,16,15.9,16,11.9,16,16,16,16,16,16,16,16,16,12,16,16,16,16,16,15.9,16,16,16,11.8,16,16,16,16,16,16,16,16,16,11.5,16,16,16,15.9,16,16,16,16,15.9,11.7,16,16,16,16,16,16,16,16,16,11.9,16,15.9,16,16,16,16,11.8,11.9
0.000175,11.8,16,16,16,16,16,15.9,16,16,16,15.9,11.9,16,16,16,16,16,16,16,16,16,11.8,16,16,16,16,16,16,16,15.9,16,11.7,15.9,16,16,16,16,16,16,16,16,12,16,16,16,16,16,15.9,16,16,16,12,15.9,16,15.9,16,16,16,15.9,16,16,11.8,15.9,16,15.9,16,16,16,16,16,16,11.5,16,16,16,16,16,16,16,15.9,16,11.7,16,16,16,16,16,16,16,16,16,11.9,16,16,15.9,16,16,16,11.8,12
0.000175,11.8,16,16,16,15.9,16,16,15.9,16,16,16,11.9,16,16,16,16,16,16,16,16,16,11.9,15.9,16,16,16,16,16,16,16,16,11.7,16,16,16,15.9,16,16,16,15.9,16,12,16,16,16,16,16,16,16,16,16,12,16,16,16,16,16,16,16,16,16,11.8,16,16,16,16,16,16,16,16,15.9,11.5,16,16,16,16,15.9,16,16,16,16,11.7,16,16,16,16,16,16,16,16,16,11.9,16,16,16,16,16,16,11.9,12
0.000175,11.9,16,16,16,16,16,16,16,16,16,16,11.9,16,16,16,16,16,15.9,16,16,16,11.9,15.9,16,16,16,16,16,16,16,16,11.8,16,16,16,16,15.9,15.9,15.9,16,16,12,16,16,15.9,16,16,16,16,16,16,11.9,16,15.9,16,15.9,16,16,16,16,16,11.8,15.9,16,16,16,16,16,16,16,16,11.5,16,16,15.9,16,16,16,15.9,15.9,16,11.6,16,16,16,16,16,16,15.9,16,16,11.9,15.9,16,16,16,15.9,16,11.9,12
0.000176,11.9,16,16,16,16,16,16,16,16,16,16,11.9,16,16,15.9,16,16,16,16,16,16,12,16,16,16,16,16,16,15.9,16,16,11.8,16,16,16,16,16,16,16,16,16,12.1,15.9,16,15.9,16,16,16,16,16,16,11.9,16,16,16,16,16,16,16,16,15.9,11.8,16,16,15.9,16,16,16,16,16,16,11.5,16,16,16,16,16,16,15.9,16,15.9,11.5,16,16,15.9,16,16,16,16,16,15.9,11.9,16,15.9,16,16,16,16,12,12.1
0.000176,12,16,16,16,16,16,16,16,16,16,16,11.9,16,16,16,16,16,16,16,16,15.9,12.1,16,15.9,16,16,16,16,16,16,16,11.8,16,16,15.9,16,16,16,16,16,15.9,12,15.9,16,16,16,16,16,15.9,16,16,11.8,16,16,16,16,16,15.9,16,16,16,11.8,16,15.9,16,16,16,16,16,16,16,11.5,16,16,16,16,15.9,16,16,16,16,11.6,16,16,16,16,16,16,16,16,15.9,11.8,16,16,16,16,16,16,11.9,12.1
0.000176,12,16,16,16,16,16,16,16,16,16,16,12,15.9,16,16,16,16,16,15.9,16,16,12.1,16,16,16,16,16,16,16,16,16,11.9,16,16,16,16,16,16,16,16,15.9,12,16,15.9,16,16,16,16,16,16,16,11.8,15.9,16,16,16,16,16,16,16,16,11.8,16,16,16,16,16,16,16,16,16,11.6,16,16,16,16,16,16,16,16,16,11.7,16,16,16,16,16,16,16,15.9,16,11.8,16,16,16,16,15.9,16,11.9,12.1
0.000176,11.9,16,16,16,16,16,16,16,15.9,16,16,11.8,16,16,16,16,16,16,16,15.9,16,12,16,16,16,16,15.9,15.9,16,16,16,12,16,16,16,16,16,16,16,16,16,11.9,16,16,16,16,16,16,16,16,16,11.9,15.9,15.9,16,16,15.9,16,16,16,16,11.8,16,15.9,16,16,16,16,16,16,16,11.6,16,16,16,16,15.9,16,16,16,16,11.7,16,15.9,16,16,16,16,16,16,16,11.8,16,16,15.9,16,16,15.9,11.9,12
0.000176,11.9,16,16,16,16,16,16,16,16,16,16,11.9,16,16,16,15.9,16,16,16,16,16,12,16,16,16,16,16,16,16,16,16,12,16,16,16,16,15.9,16,16,16,16,11.8,16,16,16,16,16,15.9,16,16,15.9,11.8,16,16,15.9,16,16,16,16,16,16,11.8,16,16,16,15.9,16,16,16,16,16,11.6,16,16,15.9,16,16,15.9,16,15.9,16,11.7,16,16,16,16,15.9,16,15.9,16,16,11.7,16,16,16,16,16,16,11.9,12
0.000177,11.9,16,15.9,16,16,16,16,16,15.9,15.9,16,11.9,16,16,15.9,16,16,16,16,15.9,15.9,11.8,16,16,16,16,16,16,16,16,16,12,16,16,16,16,16,16,16,16,16,11.7,16,16,16,16,16,16,15.9,16,15.9,11.9,16,16,16,16,15.9,15.9,16,16,16,11.8,16,16,16,15.9,16,16,16,16,16,11.6,16,16,16,16,15.9,16,16,16,16,11.7,16,16,15.9,16,16,16,16,16,16,11.6,16,16,16,16,16,16,11.9,11.8
0.000177,11.9,16,16,16,16,15.9,16,16,16,16,16,11.9,16,16,16,16,16,16,15.9,16,16,11.8,16,16,16,16,16,16,16,16,16,11.9,16,16,16,16,16,15.9,15.9,16,16,11.8,16,16,16,16,15.9,15.9,16,16,16,11.9,16,15.9,16,16,16,16,16,16,16,11.8,16,16,16,16,16,15.9,16,15.9,16,11.5,16,15.9,16,15.9,16,16,16,15.9,16,11.8,16,16,16,16,16,15.9,16,16,16,11.7,16,16,15.9,15.9,16,16,11.8,11.8
0.000177,11.9,16,16,16,16,16,16,16,15.9,16,16,11.8,16,16,16,16,16,16,15.9,16,16,11.8,16,16,16,16,16,16,16,15.9,16,11.8,16,15.9,15.9,16,16,16,16,16,16,11.8,16,15.9,16,16,16,16,16,16,16,11.9,16,15.9,16,16,15.9,15.9,16,15.9,16,11.8,16,16,16,16,16,16,16,16,16,11.5,16,15.9,16,16,16,16,16,16,15.9,11.7,16,16,16,16,15.9,15.9,16,16,15.9,11.7,15.9,16,16,15.9,15.9,16,11.8,11.8
0.000177,11.9,16,16,16,16,15.9,15.9,15.9,16,16,16,11.9,16,16,16,16,16,16,16,16,15.9,11.9,16,16,16,16,16,16,15.9,16,16,11.8,16,16,16,16,16,16,16,16,16,11.8,15.9,16,16,16,16,16,16,16,16,12,16,16,16,16,16,16,16,16,16,11.7,15.9,16,16,16,16,16,15.9,16,16,11.5,16,15.9,16,16,16,16,16,16,16,11.8,16,16,16,16,16,16,16,16,15.9,11.8,16,16,16,16,15.9,16,11.8,11.8
0.000177,11.9,16,15.9,16,16,15.9,15.9,16,16,16,16,11.9,16,16,16,15.9,16,16,16,15.9,15.9,12,16,15.9,16,16,16,16,16,15.9,16,11.7,16,16,16,16,16,15.9,16,16,15.9,11.8,16,16,16,16,16,16,16,16,16,11.9,16,16,16,16,16,15.9,16,16,15.9,11.8,16,16,16,16,16,16,16,16,16,11.5,15.9,16,16,16,16,16,16,15.9,16,11.7,15.9,15.9,16,16,16,16,16,16,16,11.8,16,16,16,16,16,16,11.8,11.8
0.000178,11.8,15.9,16,16,16,16,16,16,16,16,16,11.9,16,16,16,16,16,15.9,15.9,16,16,12,16,16,16,15.9,16,16,16,16,16,11.7,16,16,15.9,16,16,16,16,16,15.9,12,16,15.9,16,16,16,16,16,16,16,11.9,16,16,16,16,16,16,16,16,16,11.8,16,15.9,16,16,16,15.9,15.9,16,15.9,11.5,16,16,16,16,16,16,16,15.9,16,11.6,16,15.9,15.9,16,16,16,16,16,15.9,11.9,16,16,16,16,16,16,11.8,11.9
0.000178,11.8,16,16,16,16,16,15.9,16,15.9,16,16,11.9,16,16,16,16,16,16,16,16,16,12.1,16,16,16,16,16,15.9,16,16,16,11.7,16,16,16,16,16,16,16,16,16,11.9,16,16,16,16,16,15.9,16,16,16,11.9,16,16,15.9,16,16,16,16,15.9,16,11.8,16,16,16,16,16,16,16,16,16,11.5,16,16,16,16,16,16,16,15.9,16,11.7,16,16,16,16,16,16,16,15.9,16,12,16,16,16,16,16,15.9,11.9,11.9
0.000178,11.9,16,16,16,16,16,15.9,16,16,16,16,11.9,16,16,16,16,16,16,16,16,16,12.1,16,16,16,16,16,16,15.9,16,16,11.8,16,16,16,16,16,15.9,15.9,16,16,12,16,15.9,16,16,16,16,16,15.9,16,11.9,16,16,16,16,16,16,16,16,16,11.8,16,16,15.9,16,16,16,16,16,16,11.6,16,16,16,15.9,15.9,16,15.9,16,16,11.7,15.9,16,16,16,16,15.9,16,15.9,15.9,12,16,16,15.9,16,16,16,11.9,12
0.000178,11.9,16,16,16,16,16,16,16,16,16,16,11.9,16,16,16,16,16,16,16,16,16,12.1,16,16,16,15.9,16,16,16,16,15.9,11.8,16,16,15.9,16,16,16,16,16,16,12,16,16,16,16,16,16,16,16,16,11.9,16,16,16,15.9,16,16,16,16,16,11.8,16,16,16,16,16,16,16,16,16,11.6,16,16,16,16,16,16,16,16,16,11.6,16,16,16,16,16,15.9,16,16,16,11.9,16,16,16,16,16,16,12,11.9
0.000178,11.9,16,16,16,16,16,16,16,15.9,15.9,16,11.9,16,16,16,16,16,16,16,16,16,12.1,16,16,16,16,15.9,16,16,16,16,11.9,16,16,16,16,16,15.9,16,16,15.9,11.9,16,16,16,16,16,16,16,16,16,11.9,16,16,16,16,16,16,16,16,16,11.8,16,16,16,16,16,16,16,16,16,11.6,16,16,16,16,16,16,15.9,16,16,11.6,16,16,16,15.9,16,16,16,15.9,16,11.9,16,16,16,16,16,15.9,12,12
0.000179,11.9,16,16,16,16,16,16,16,16,15.9,16,11.9,15.9,15.9,16,16,16,16,16,16,16,12,16,16,16,16,15.9,16,16,16,16,12,16,16,16,16,16,16,16,16,16,11.9,16,16,16,16,16,16,15.9,16,16,11.8,16,16,16,16,15.9,16,16,15.9,16,11.8,16,16,16,16,16,16,16,16,16,11.7,15.9,16,16,16,15.9,15.9,16,16,16,11.7,16,16,16,16,16,16,16,16,16,11.8,16,16,16,16,16,16,12,11.9
0.000179,11.9,16,15.9,15.9,15.9,16,16,16,16,15.9,16,11.8,16,16,15.9,16,16,16,15.9,16,15.9,11.9,16,16,16,15.9,16,16,16,16,16,12,16,16,16,16,16,15.9,16,16,16,11.8,16,16,16,16,16,16,16,16,16,11.9,16,16,15.9,16,15.9,16,16,16,16,11.7,16,16,16,15.9,16,16,16,16,15.9,11.7,15.9,16,16,15.9,16,16,16,16,16,11.6,16,16,15.9,16,16,16,16,16,16,11.8,16,16,16,15.9,16,16,11.9,12
0.000179,11.9,16,16,16,16,16,16,16,16,16,16,11.8,15.9,16,16,15.9,15.9,16,16,16,16,11.9,16,16,16,16,16,16,16,15.9,16,12,15.9,16,16,16,16,16,16,16,16,11.8,16,16,16,16,16,16,16,16,16,11.8,16,16,16,16,16,16,16,15.9,16,11.7,16,16,16,16,15.9,16,16,16,15.9,11.7,16,15.9,16,16,16,16,16,15.9,16,11.7,16,16,15.9,16,16,16,16,15.9,16,11.7,16,16,16,16,16,16,11.8,11.9
0.000179,11.9,16,15.9,16,15.9,16,16,16,15.9,16,16,11.8,16,16,16,15.9,16,16,16,16,16,11.9,16,16,16,16,16,16,16,15.9,16,11.9,16,16,15.9,16,16,16,16,15.9,16,11.8,16,16,16,16,15.9,16,16,16,16,11.8,16,16,16,16,16,16,15.9,16,16,11.7,16,16,16,16,16,16,16,16,16,11.6,16,16,16,16,16,15.9,16,16,16,11.7,16,16,16,16,15.9,15.9,16,15.9,16,11.7,16,16,16,15.9,16,15.9,11.8,11.8
0.000179,11.9,16,16,16,16,16,16,16,16,16,16,11.8,16,15.9,16,16,16,16,16,16,15.9,11.9,16,16,16,16,16,16,16,16,16,11.8,16,16,16,16,16,15.9,16,16,16,11.8,16,15.9,15.9,16,16,16,16,16,16,11.9,16,16,16,16,15.9,16,16,16,16,11.6,16,16,16,16,15.9,16,16,16,16,11.6,16,16,16,15.9,16,16,16,16,16,11.8,16,16,15.9,16,16,16,16,16,16,11.7,16,16,16,16,16,16,11.7,11.8
0.00018,11.9,15.9,15.9,16,16,16,16,16,16,16,16,11.8,16,16,16,16,16,16,16,16,15.9,11.9,16,16,16,16,15.9,15.9,16,16,16,11.8,16,16,16,16,16,16,16,16,16,11.8,16,16,15.9,16,16,16,16,16,16,11.9,16,15.9,15.9,15.9,16,15.9,16,16,16,11.7,15.9,16,16,16,15.9,16,15.9,16,15.9,11.6,16,16,16,16,16,16,16,16,16,11.7,15.9,16,15.9,16,16,16,15.9,16,16,11.8,16,16,16,16,16,16,11.7,11.8
0.00018,11.8,16,16,16,16,16,16,16,16,16,16,11.8,16,16,16,16,16,16,16,16,16,11.9,16,16,16,16,16,16,16,16,16,11.8,16,16,16,15.9,16,16,15.9,16,16,11.8,16,16,16,16,16,16,16,16,16,11.9,15.9,16,16,15.9,15.9,16,16,16,16,11.6,16,16,16,16,16,16,16,16,16,11.6,16,16,16,15.9,16,16,16,16,16,11.7,16,16,16,15.9,16,16,15.9,16,16,11.8,16,16,16,16,16,16,11.7,11.9
0.00018,11.8,15.9,16,16,16,16,15.9,16,15.9,16,16,11.9,16,16,15.9,16,16,16,16,16,16,11.9,15.9,15.9,16,16,16,16,16,16,16,11.8,16,16,16,16,16,16,16,16,16,11.8,16,16,16,16,16,16,16,16,16,11.9,16,16,15.9,15.9,16,16,16,16,16,11.7,16,16,16,16,16,16,16,16,16,11.7,15.9,16,16,16,16,16,16,15.9,16,11.7,16,16,15.9,16,15.9,16,16,16,16,11.9,15.9,16,16,16,16,16,11.7,11.8
0.00018,11.9,16,15.9,16,16,16,16,16,15.9,15.9,16,12,16,16,16,16,16,16,16,16,16,12,15.9,15.9,16,16,16,16,16,16,16,11.8,15.9,16,15.9,16,16,16,16,16,16,11.8,15.9,16,16,16,16,16,16,16,16,11.9,16,16,16,16,16,16,16,16,16,11.8,16,16,16,16,16,16,16,16,15.9,11.7,16,16,16,15.9,16,16,16,16,16,11.7,15.9,16,16,16,16,16,16,16,16,12,16,16,16,16,16,15.9,11.8,11.9
0.00018,11.8,16,16,16,16,16,16,16,16,16,16,12,16,16,16,16,15.9,16,16,16,16,12,15.9,16,16,16,16,16,16,16,16,11.8,16,16,16,16,16,16,16,16,16,11.8,16,16,16,16,16,16,16,16,15.9,11.9,15.9,16,16,16,16,15.9,16,16,16,11.8,16,16,16,16,16,16,16,16,16,11.6,16,16,16,15.9,16,16,16,16,16,11.6,16,16,15.9,16,16,16,15.9,15.9,15.9,12,16,16,16,16,16,16,11.8,11.8
0.000181,11.9,15.9,16,16,15.9,15.9,16,15.9,15.9,15.9,16,12,16,15.9,16,16,16,16,16,15.9,16,12,16,16,15.9,16,16,16,16,16,16,11.9,16,16,16,16,15.9,16,16,16,16,11.8,15.9,15.9,16,16,16,16,16,16,16,11.9,16,16,16,16,16,16,16,16,16,11.8,15.9,16,16,16,15.9,16,16,16,16,11.6,16,16,16,16,16,16,16,15.9,16,11.6,16,16,16,15.9,16,15.9,15.9,16,15.9,12,16,16,16,15.9,16,16,11.9,11.9
0.000181,11.9,16,16,16,16,16,15.9,16,16,16,15.9,12,16,16,16,16,15.9,16,16,16,15.9,12,16,16,16,16,16,16,15.9,16,16,12,16,16,16,16,16,15.9,16,16,16,11.9,16,16,15.9,16,16,16,16,16,16,11.9,16,16,16,16,16,16,16,16,16,11.8,16,16,16,16,16,16,16,16,16,11.5,16,16,16,16,16,16,16,16,16,11.7,15.9,16,16,15.9,16,16,15.9,16,16,11.9,16,16,16,16,16,16,11.9,11.9
0.000181,11.9,16,16,16,16,16,16,16,16,16,16,12,16,16,16,15.9,16,16,16,16,16,12,16,16,16,15.9,16,16,15.9,16,16,11.9,16,16,16,16,16,16,16,16,16,11.8,16,16,16,16,16,16,15.9,16,16,11.9,16,16,16,16,16,16,16,16,16,11.8,16,16,16,16,16,16,16,16,16,11.5,16,16,16,15.9,16,15.9,16,16,16,11.7,15.9,15.9,16,16,15.9,15.9,16,16,16,11.8,16,16,16,16,16,16,11.8,11.9
0.000181,11.8,16,16,16,16,16,16,16,16,16,16,12,16,16,15.9,16,16,16,16,16,16,12,15.9,15.9,16,16,16,16,16,16,16,11.9,16,16,16,15.9,16,16,16,16,16,11.8,16,16,16,15.9,15.9,16,16,16,15.9,11.9,16,16,16,16,16,16,15.9,16,16,11.8,16,16,16,16,16,16,16,15.9,15.9,11.5,16,16,16,16,16,16,16,16,16,11.7,16,16,15.9,15.9,16,16,15.9,16,16,11.8,16,15.9,16,15.9,16,15.9,11.8,11.8
0.000181,11.9,16,16,16,16,16,16,16,16,16,16,11.9,15.9,16,16,16,16,16,16,16,16,12,16,15.9,15.9,16,16,16,16,15.9,16,11.9,16,16,16,16,16,16,16,15.9,16,11.9,16,16,15.9,15.9,16,16,16,16,16,11.9,15.9,16,16,16,16,15.9,16,16,16,11.8,16,16,16,16,16,16,16,16,16,11.5,16,15.9,16,16,16,15.9,16,15.9,16,11.7,16,16,16,16,16,16,15.9,15.9,16,11.7,16,16,16,16,16,15.9,11.8,11.8
0.000182,11.8,16,16,16,16,16,16,16,16,16,16,11.8,15.9,16,15.9,16,16,16,16,16,16,12,16,15.9,16,15.9,16,16,16,15.9,16,11.9,16,16,16,16,16,16,16,16,16,11.9,16,16,16,16,16,16,16,16,16,12,16,16,16,16,16,16,16,15.9,16,11.8,16,16,16,16,15.9,16,16,15.9,16,11.5,16,16,15.9,15.9,16,16,16,16,16,11.8,16,15.9,16,16,16,16,16,16,16,11.8,15.9,15.9,16,16,16,16,11.7,11.8
0.000182,11.9,16,15.9,16,16,16,16,15.9,16,16,16,11.8,15.9,16,16,16,16,15.9,16,16,16,12,15.9,16,16,16,16,15.9,16,16,15.9,11.9,16,16,16,16,16,16,16,16,15.9,11.8,16,16,16,16,16,16,15.9,16,16,11.9,16,16,16,16,15.9,16,15.9,16,16,11.7,16,16,16,16,15.9,16,15.9,16,16,11.5,16,16,16,15.9,16,16,16,15.9,16,11.8,16,16,16,16,16,16,16,16,16,11.8,16,16,16,16,16,16,11.6,11.8
0.000182,11.9,16,16,16,16,16,16,16,16,15.9,16,11.8,16,16,16,15.9,16,16,16,16,16,12,16,16,16,16,16,16,15.9,16,16,11.9,16,16,16,16,15.9,15.9,16,16,16,11.8,16,16,15.9,16,16,16,15.9,16,16,11.8,16,16,16,15.9,15.9,16,16,16,16,11.7,16,16,15.9,15.9,16,16,16,16,16,11.6,16,16,16,15.9,16,16,16,16,16,11.7,16,16,16,16,16,16,16,16,16,11.8,16,16,16,16,16,16,11.6,11.8
0.000182,11.8,15.9,16,16,16,15.9,16,16,16,16,16,11.8,16,16,16,15.9,16,16,16,15.9,16,12,16,16,16,16,16,16,15.9,16,16,11.9,16,15.9,15.9,16,16,16,15.9,16,16,11.8,16,16,16,15.9,15.9,16,16,16,16,11.8,16,16,15.9,16,16,16,15.9,16,16,11.7,15.9,15.9,15.9,16,15.9,15.9,16,15.9,16,11.6,16,16,15.9,16,16,16,16,16,16,11.7,16,16,16,16,16,16,16,16,16,11.8,15.9,16,16,16,16,16,11.6,11.8
0.000182,11.8,16,16,15.9,16,16,16,16,16,15.9,16,11.8,16,15.9,16,16,16,16,16,15.9,16,12,16,16,16,16,16,16,15.9,15.9,16,11.9,16,16,16,16,16,16,16,16,16,11.8,16,16,16,16,16,16,16,16,16,11.8,16,15.9,15.9,16,16,16,16,16,16,11.8,15.9,16,16,16,15.9,16,16,15.9,16,11.6,16,16,16,15.9,15.9,16,16,16,16,11.7,16,15.9,16,16,16,16,16,16,15.9,11.7,16,16,16,16,15.9,16,11.8,11.8
0.000183,11.8,16,16,16,16,15.9,15.9,16,15.9,16,16,11.8,15.9,16,16,16,16,16,16,16,16,12,16,16,16,16,15.9,16,16,16,16,11.9,16,16,16,16,16,16,16,16,16,11.8,16,15.9,16,16,16,16,15.9,16,16,11.7,16,16,16,16,16,16,16,16,15.9,11.8,15.9,16,16,16,16,16,15.9,15.9,16,11.7,15.9,16,16,16,16,15.9,15.9,16,15.9,11.6,15.9,16,16,16,16,16,16,16,16,11.8,15.9,16,15.9,16,16,15.9,11.9,11.8
0.000183,11.8,15.9,16,16,16,16,16,16,16,16,16,11.9,16,16,16,16,16,15.9,16,16,16,12,16,15.9,16,16,16,16,15.9,16,16,11.9,16,16,16,16,16,15.9,16,16,16,11.8,16,16,16,16,16,16,15.9,16,16,11.7,16,16,16,15.9,16,16,16,16,16,11.8,16,15.9,16,16,16,16,16,16,15.9,11.6,15.9,16,16,15.9,16,16,16,16,16,11.7,15.9,16,16,15.9,16,15.9,15.9,15.9,16,11.7,16,15.9,16,16,16,16,12,11.9
0.000183,11.9,16,16,15.9,16,16,16,16,16,16,16,11.9,15.9,15.9,16,16,15.9,16,16,16,16,12,16,16,16,16,16,16,16,16,16,11.9,16,16,16,15.9,16,16,16,16,16,11.8,15.9,15.9,16,16,16,16,16,15.9,16,11.8,16,16,16,16,16,16,16,16,16,11.8,16,16,16,15.9,15.9,16,16,16,16,11.6,16,16,16,15.9,16,16,16,16,16,11.7,16,15.9,16,16,16,16,16,16,15.9,11.7,16,15.9,16,16,16,16,12,11.9
0.000183,12,16,16,16,16,15.9,16,15.9,16,16,16,11.9,16,16,16,16,16,16,16,16,16,12,15.9,15.9,16,15.9,16,16,16,16,16,11.9,16,15.9,15.9,16,16,16,16,16,16,11.8,16,16,16,16,15.9,16,16,16,16,11.8,16,15.9,16,16,16,16,16,16,16,11.8,16,15.9,16,16,16,16,15.9,16,16,11.5,16,16,15.9,16,16,16,16,15.9,16,11.7,16,15.9,16,16,16,15.9,16,16,16,11.8,16,16,16,16,16,16,12,11.9
0.000183,12,16,16,15.9,15.9,16,16,15.9,16,16,16,11.9,15.9,16,16,15.9,16,16,16,16,16,12,16,16,16,16,16,16,16,16,16,11.9,16,16,16,16,16,16,15.9,16,16,11.9,16,16,16,15.9,16,16,15.9,15.9,16,11.9,16,16,15.9,16,16,16,16,16,16,11.8,15.9,16,15.9,16,16,16,16,16,16,11.5,16,16,16,15.9,16,16,16,16,16,11.7,16,15.9,16,15.9,15.9,16,16,16,16,11.8,16,16,16,16,16,16,11.9,11.9
0.000184,12.1,16,16,15.9,15.9,16,16,16,16,16,16,12,15.9,16,16,16,16,16,15.9,16,16,12,16,16,15.9,15.9,16,15.9,16,16,16,11.9,16,16,16,16,16,15.9,16,16,16,11.9,16,16,16,15.9,15.9,16,16,16,16,12,15.9,16,16,16,15.9,16,16,16,16,11.8,16,16,16,16,16,16,16,16,16,11.4,16,16,16,15.9,16,16,16,16,15.9,11.7,16,16,16,15.9,16,16,15.9,15.9,16,11.8,16,15.9,16,15.9,16,16,12,11.9
0.000184,12,15.9,16,16,16,16,16,15.9,15.9,16,15.9,11.9,16,16,16,16,16,16,16,16,16,12,16,16,16,16,16,16,15.9,16,15.9,11.8,15.9,16,16,16,16,16,16,16,16,11.9,16,16,15.9,16,15.9,16,15.9,16,16,11.9,15.9,15.9,16,16,16,16,16,16,16,11.8,16,15.9,16,16,16,16,16,16,16,11.5,16,16,16,16,15.9,16,16,16,16,11.7,16,16,16,15.9,16,16,16,16,15.9,11.8,16,16,16,16,16,16,11.9,11.9
0.000184,12,16,16,16,16,16,16,15.9,16,16,16,11.9,16,16,16,15.9,16,16,16,16,16,12,16,16,16,16,16,16,16,16,16,11.9,15.9,16,16,16,16,16,16,16,16,11.9,16,16,16,15.9,16,16,16,16,16,12,16,16,16,15.9,16,16,16,16,16,11.8,16,16,16,16,16,16,16,16,16,11.5,15.9,16,15.9,16,16,16,15.9,16,16,11.7,16,16,16,15.9,15.9,16,16,15.9,16,11.8,15.9,15.9,16,16,16,16,11.9,11.9
0.000184,12,15.9,16,16,15.9,16,15.9,16,15.9,16,16,11.9,16,16,16,16,16,16,16,15.9,15.9,12,16,16,16,16,16,16,16,16,16,11.9,16,15.9,16,16,15.9,16,16,15.9,16,11.9,16,16,16,15.9,16,15.9,16,16,16,12,16,16,16,16,15.9,16,16,16,16,11.8,15.9,16,16,16,16,16,16,16,16,11.5,16,15.9,16,16,16,15.9,16,15.9,16,11.7,16,16,16,16,16,16,16,16,16,11.8,16,16,15.9,16,16,16,11.8,11.9
0.000184,11.9,16,16,16,16,16,16,16,16,16,15.9,11.9,15.9,16,15.9,16,16,16,16,16,16,12,16,16,16,16,16,16,16,16,15.9,11.9,16,16,16,16,16,16,16,16,16,11.9,15.9,15.9,16,16,16,15.9,16,16,16,12,15.9,16,16,16,16,16,16,16,16,11.8,16,16,16,16,16,16,15.9,16,16,11.6,16,16,15.9,16,16,15.9,16,16,16,11.6,16,16,16,15.9,16,16,16,16,16,11.8,16,16,16,16,15.9,16,11.9,11.9
0.000185,11.8,15.9,15.9,16,16,16,16,16,16,16,16,11.9,16,15.9,15.9,15.9,16,16,16,16,16,11.9,16,16,16,16,16,16,16,16,16,11.9,16,16,16,16,15.9,16,16,16,16,11.8,16,16,16,16,16,16,16,16,16,11.9,16,16,16,16,16,15.9,16,16,16,11.8,16,16,16,15.9,16,15.9,15.9,16,16,11.7,16,16,16,16,15.9,16,15.9,15.9,15.9,11.7,16,16,16,16,16,16,16,16,16,11.8,16,15.9,16,16,16,16,11.9,11.9
0.000185,11.8,16,16,16,16,16,16,16,16,16,16,11.9,16,16,16,16,16,15.9,16,16,16,12,15.9,16,16,16,16,16,16,16,16,12,16,15.9,16,16,15.9,16,16,16,16,11.8,16,16,15.9,16,15.9,16,16,15.9,16,11.9,16,16,16,15.9,16,16,16,16,15.9,11.8,16,16,16,16,16,16,16,16,15.9,11.8,16,16,16,16,16,15.9,16,16,16,11.6,15.9,15.9,15.9,15.9,16,16,16,16,16,11.7,15.9,16,16,16,16,16,11.9,11.8
0.000185,11.8,16,16,15.9,16,16,16,16,15.9,16,16,11.9,16,15.9,16,16,15.9,16,15.9,16,16,11.9,16,16,16,16,16,16,16,15.9,15.9,11.9,16,16,16,16,16,16,16,15.9,16,11.9,16,16,16,16,16,16,16,15.9,16,11.8,16,16,16,15.9,16,16,15.9,16,16,11.8,16,15.9,16,16,16,16,16,16,16,11.7,15.9,16,16,16,15.9,15.9,16,16,16,11.7,16,16,16,16,16,16,16,16,15.9,11.8,16,16,16,16,15.9,15.9,11.9,11.9
0.000185,11.8,16,16,16,16,16,16,15.9,16,16,16,11.9,16,16,16,16,16,16,16,16,16,12,16,16,16,15.9,16,16,16,16,16,11.9,16,15.9,15.9,16,16,15.9,16,16,16,11.8,16,15.9,16,16,16,16,16,16,16,11.8,16,16,15.9,15.9,16,16,15.9,16,16,11.8,16,16,15.9,16,16,16,16,16,16,11.7,16,16,16,16,16,16,16,16,16,11.7,16,15.9,15.9,16,16,15.9,16,16,15.9,11.8,16,16,16,16,16,16,11.9,11.8
0.000185,11.8,16,16,16,16,16,16,16,16,16,16,11.9,15.9,16,15.9,16,16,15.9,16,16,16,11.9,16,16,16,16,16,16,16,16,15.9,11.9,16,16,16,16,15.9,16,16,16,16,11.8,16,16,15.9,16,16,16,16,16,15.9,11.8,16,16,16,16,15.9,16,16,16,16,11.8,15.9,16,16,16,16,16,16,16,16,11.6,16,16,15.9,16,16,16,16,16,16,11.7,16,15.9,15.9,16,16,16,16,16,16,11.8,16,16,16,16,16,16,11.8,11.8
0.000186,11.9,16,16,16,16,16,16,16,15.9,16,16,11.9,16,16,16,15.9,16,15.9,16,16,16,12,16,16,16,16,16,15.9,15.9,16,16,11.8,16,16,16,16,16,16,16,16,16,11.9,15.9,16,15.9,16,16,16,16,16,16,11.9,16,16,15.9,15.9,16,15.9,16,16,16,11.8,16,16,16,15.9,16,16,16,16,16,11.5,16,16,15.9,16,15.9,16,16,16,16,11.7,15.9,16,16,16,16,16,16,16,16,11.8,16,16,16,16,16,15.9,11.8,11.8
0.000186,12,16,16,16,16,16,16,16,16,16,16,11.9,16,16,16,16,16,16,16,16,16,12,16,15.9,16,16,15.9,16,16,16,16,11.9,15.9,16,16,16,16,16,16,16,16,11.9,16,16,16,16,16,16,16,15.9,16,11.9,16,15.9,16,16,16,16,16,16,16,11.8,16,16,16,16,16,16,16,16,16,11.5,16,16,16,16,15.9,16,16,15.9,16,11.7,15.9,16,16,16,16,15.9,15.9,15.9,15.9,11.8,16,16,15.9,15.9,16,15.9,11.8,11.9
0.000186,12,16,16,15.9,16,15.9,16,15.9,15.9,16,16,11.9,16,16,16,16,15.9,16,16,15.9,16,12,16,16,16,16,16,16,16,15.9,16,11.9,16,16,15.9,16,15.9,16,16,16,16,11.9,16,16,16,16,16,16,15.9,16,16,11.9,16,16,16,16,16,16,16,16,16,11.8,15.9,16,16,16,16,16,15.9,16,16,11.5,16,16,16,16,16,16,15.9,16,15.9,11.6,16,16,15.9,16,15.9,16,16,16,16,11.9,16,16,15.9,16,16,16,11.8,11.9
0.000186,12,16,16,16,15.9,15.9,16,16,16,15.9,16,11.9,16,15.9,16,15.9,16,15.9,16,16,16,12,16,16,15.9,16,15.9,16,16,16,16,11.8,16,16,16,16,15.9,16,16,15.9,15.9,11.9,16,16,16,16,16,16,16,16,16,12,16,16,16,16,16,16,15.9,16,16,11.8,16,16,16,16,16,16,16,16,16,11.5,16,16,16,16,16,15.9,16,15.9,16,11.7,16,15.9,15.9,15.9,16,16,16,16,16,11.9,16,15.9,16,15.9,16,15.9,11.7,11.9
0.000186,12,16,16,15.9,15.9,16,15.9,16,16,16,16,11.9,16,15.9,16,16,15.9,16,16,16,16,11.9,16,16,16,16,16,15.9,16,16,15.9,11.8,16,16,15.9,15.9,15.9,15.9,16,16,16,11.9,16,16,16,16,16,16,16,15.9,16,12,16,16,15.9,16,16,16,16,16,16,11.8,16,16,16,16,15.9,16,16,16,16,11.6,16,16,16,16,15.9,16,16,16,16,11.7,16,16,15.9,16,16,16,15.9,16,16,11.9,16,16,15.9,15.9,15.9,16,11.8,11.9
0.000187,11.9,16,16,16,16,16,16,15.9,16,16,15.9,11.8,16,16,16,16,16,16,16,16,16,12,16,16,16,16,16,16,16,16,16,11.9,16,16,16,16,16,15.9,16,16,15.9,11.9,15.9,16,16,16,16,16,16,16,16,11.9,16,15.9,16,16,16,16,16,16,16,11.8,16,16,16,16,15.9,16,16,16,16,11.7,16,15.9,16,15.9,15.9,16,16,16,16,11.6,16,15.9,16,16,16,16,15.9,16,16,11.9,15.9,16,16,16,15.9,15.9,11.8,11.9
0.000187,12,16,16,16,16,15.9,16,16,16,16,16,11.8,16,15.9,16,16,16,16,16,16,15.9,11.9,16,16,16,16,16,16,16,15.9,16,11.9,16,16,16,16,16,15.9,15.9,16,16,11.8,16,16,15.9,16,16,16,15.9,16,16,11.9,16,16,16,15.9,16,16,16,16,16,11.8,15.9,15.9,16,16,16,16,16,16,16,11.7,16,16,16,16,15.9,16,16,16,15.9,11.7,15.9,15.9,16,15.9,15.9,15.9,16,16,16,11.9,16,16,16,16,16,16,11.8,11.9
0.000187,11.9,16,16,16,16,16,16,16,15.9,16,16,11.8,16,16,15.9,16,16,16,16,16,16,11.9,16,16,16,16,16,16,16,16,16,11.9,16,16,16,16,16,16,16,16,16,11.8,16,16,15.9,16,16,16,16,16,16,11.9,15.9,16,16,16,15.9,16,16,16,16,11.8,16,16,16,16,16,16,15.9,16,16,11.8,16,16,16,16,16,15.9,16,15.9,16,11.7,16,16,16,16,16,16,16,16,16,11.8,16,15.9,15.9,15.9,16,16,11.8,11.9
0.000187,11.8,16,16,16,16,16,16,16,16,16,16,11.8,15.9,16,16,16,16,16,15.9,16,16,11.9,16,16,16,16,16,16,15.9,16,15.9,11.9,16,15.9,16,16,15.9,16,16,16,16,11.8,16,16,16,16,16,16,16,16,16,11.8,16,16,15.9,16,16,16,16,16,16,11.8,16,15.9,16,16,16,16,16,15.9,16,11.8,16,16,16,16,16,16,16,15.9,15.9,11.7,16,16,16,16,16,16,15.9,16,16,11.8,16,16,16,16,16,16,11.8,11.9
0.000187,11.8,16,15.9,15.9,16,16,16,15.9,16,15.9,16,11.8,16,16,16,15.9,16,15.9,16,15.9,16,12,16,16,16,16,16,15.9,16,16,16,11.9,16,16,16,16,16,16,16,16,16,11.8,16,16,16,16,16,15.9,16,16,16,11.9,16,16,15.9,16,16,16,16,16,16,11.8,16,15.9,16,15.9,16,16,16,16,16,11.8,16,16,16,15.9,16,15.9,15.9,16,16,11.7,16,16,15.9,16,16,16,15.9,15.9,16,11.8,16,16,15.9,16,16,15.9,11.8,11.9
