Time(s),0 m,0.0068 m,0.0136 m,0.0204 m,0.0272 m,0.034 m,0.0408 m,0.0476 m,0.0544 m,0.0612 m,0.068 m,0.0748 m,0.0816 m,0.0884 m,0.0952 m,0.102 m,0.1088 m,0.1156 m,0.1224 m,0.1292 m,0.136 m,0.1428 m,0.1496 m,0.1564 m,0.1632 m,0.17 m,0.1768 m,0.1836 m,0.1904 m,0.1972 m,0.204 m,0.2108 m,0.2176 m,0.2244 m,0.2312 m,0.238 m,0.2448 m,0.2516 m,0.2584 m,0.2652 m,0.272 m,0.2788 m,0.2856 m,0.2924 m,0.2992 m,0.306 m,0.3128 m,0.3196 m,0.3264 m,0.3332 m,0.34 m,0.3468 m,0.3536 m,0.3604 m,0.3672 m,0.374 m,0.3808 m,0.3876 m,0.3944 m,0.4012 m,0.408 m,0.4148 m,0.4216 m,0.4284 m,0.4352 m,0.442 m,0.4488 m,0.4556 m,0.4624 m,0.4692 m,0.476 m,0.4828 m,0.4896 m,0.4964 m,0.5032 m,0.51 m,0.5168 m,0.5236 m,0.5304 m,0.5372 m,0.544 m,0.5508 m,0.5576 m,0.5644 m,0.5712 m,0.578 m,0.5848 m,0.5916 m,0.5984 m,0.6052 m,0.612 m,0.6188 m,0.6256 m,0.6324 m,0.6392 m,0.646 m,0.6528 m,0.6596 m,0.6664 m,0.6732 m
-0.0000124,0.1,0.1,0.1,0.1,0.1,0.1,0.1,0.1,0.1,0.1,0.1,0.1,0.1,0.1,0.1,0.1,0.1,0.1,0.1,0.1,0.1,0.1,0.1,0.1,0.1,0.1,0.1,0.1,0.1,0.1,0.1,0.1,0.1,0.1,0.1,0.1,0.1,0.1,0.1,0.1,0.1,0.1,0.1,0,0.1,0.1,0.1,0.1,0.1,0.1,0.1,0.1,0.1,0.1,0.1,0.1,0.1,0.1,0.1,0.1,0.1,0.1,0.1,0.1,0.1,0.1,0.1,0.1,0.1,0.1,0.1,0.1,0.1,0.1,0.1,0.1,0.1,0.1,0.1,0.1,0.1,0.1,0.1,0.1,0.1,0.1,0.1,0.1,0.1,0.1,0.1,0.1,0.1,0.1,0.1,0.1,0.1,0.1,0.1,0.1
-0.0000122,0,0,0,0,0,0,0,0,0,0,0,0,0,0,0,0,0,0,0,0,0,0,0,0,0,0,0,0,0,0,0,0,0,0,0,0,0,0,0,0,0,0,0,0.1,0,0,0,0,0,0,0,0,0,0,0,0,0,0,0,0,0,0,0,0,0,0,0,0,0,0,0,0,0,0,0,0,0,0,0,0,0,0,0,0,0,0,0,0,0,0,0,0,0,0,0,0,0,0,0.1,0
-0.000012,0.1,0.1,0.1,0.1,0.1,0.1,0.1,0.1,0.1,0.1,0.1,0.1,0.1,0.1,0.1,0.1,0.1,0.1,0.1,0.1,0.1,0.1,0.1,0.1,0.1,0.1,0.1,0.1,0.1,0.1,0.1,0.1,0.1,0.1,0.1,0.1,0.1,0.1,0.1,0.1,0.1,0.1,0.1,0,0.1,0.1,0.1,0.1,0.1,0.1,0.1,0.1,0.1,0.1,0.1,0.1,0.1,0.1,0.1,0.1,0.1,0.1,0.1,0.1,0.1,0.1,0.1,0.1,0.1,0.1,0.1,0.1,0.1,0.1,0.1,0.1,0.1,0.1,0.1,0.1,0.1,0.1,0.1,0.1,0.1,0.1,0.1,0.1,0.1,0.1,0.1,0.1,0.1,0.1,0.1,0.1,0.1,0.1,0.1,0.1
-0.0000118,0,0,0,0,0,0,0,0,0,0,0,0,0,0,0,0,0,0,0,0,0,0,0,0,0,0,0,0,0,0,0,0,0,0,0,0,0,0,0,0,0,0,0,0.1,0,0,0,0,0,0,0,0,0,0,0,0,0,0,0,0,0,0,0,0,0,0,0,0,0,0,0,0,0,0,0,0,0,0,0,0,0,0,0,0,0,0,0,0,0,0,0,0,0,0,0,0,0,0,0.1,0
-0.0000116,0.1,0.1,0.1,0.1,0.1,0.1,0.1,0.1,0.1,0.1,0.1,0.1,0.1,0.1,0.1,0.1,0.1,0.1,0.1,0.1,0.1,0.1,0.1,0.1,0.1,0.1,0.1,0.1,0.1,0.1,0.1,0.1,0.1,0.1,0.1,0.1,0.1,0.1,0.1,0.1,0.1,0.1,0.1,0,0.1,0.1,0.1,0.1,0.1,0.1,0.1,0.1,0.1,0.1,0.1,0.1,0.1,0.1,0.1,0.1,0.1,0.1,0.1,0.1,0.1,0.1,0.1,0.1,0.1,0.1,0.1,0.1,0.1,0.1,0.1,0.1,0.1,0.1,0.1,0.1,0.1,0.1,0.1,0.1,0.1,0.1,0.1,0.1,0.1,0.1,0.1,0.1,0.1,0.1,0.1,0.1,0.1,0.1,0.1,0.1
-0.0000114,0.1,0,0,0.1,0.1,-0.1,-0.1,0,0.1,-0.1,0,0.1,0,0.1,0,0,0,0.1,0,0.1,0.1,0.1,-0.1,0,0,0,0,0.1,0,0,0,0,0.1,-0.1,0,0,0,0.1,0.1,0.1,0,0.1,0,0,0,0,0,0,0.1,0,0,0.1,0.1,0,0,0,0,-0.1,0,-0.1,-0.1,0.1,-0.1,-0.1,-0.2,-0.2,-0.1,-0.3,-0.1,-0.1,-0.2,0.1,-0.3,-0.2,-0.3,-0.2,-0.2,-0.3,-0.2,-0.2,-0.2,0.1,-0.1,-0.2,-0.1,-0.2,-0.2,-0.2,-0.1,-0.1,-0.1,0.1,-0.1,0,-0.1,0,0,0,0.1,0
-0.0000112,0.2,0.1,0,0,0,-0.1,0.1,0.1,0,-0.1,0.1,0,0,0,0,0.1,0,0.1,0,0,0,0,0,0,0,0,0,0,0,0.1,0,0.2,0,0,0.1,0.1,0,0,0,0.1,0,0.1,0,0,-0.1,0,0,0,0,0,0,0.1,0,0,0,0,0,0,0,-0.1,-0.1,0.1,-0.1,-0.1,-0.1,-0.2,-0.2,-0.2,-0.2,-0.1,-0.2,0.1,-0.2,-0.2,-0.2,-0.2,-0.2,-0.3,-0.2,-0.2,-0.2,0.1,-0.2,-0.2,-0.2,-0.2,-0.1,-0.2,-0.2,0,-0.2,0.1,-0.1,-0.2,-0.1,0,-0.1,-0.1,0.1,0
-0.000011,0.1,0.1,0,0.1,0,0,0,0,0,0,0.1,0.1,0,0.1,0,0,0,0,0,0,0,0.1,0,0,0,0,0,0.1,0,0,0,0.1,0.1,-0.1,0.1,0,0,0,0,0.1,0.1,0.2,0,-0.1,0,-0.1,0,-0.1,0,0,0,0.2,-0.1,0,0,0,-0.1,0,0,0,-0.1,0.1,-0.1,-0.1,-0.1,-0.2,-0.2,-0.1,-0.1,-0.2,-0.2,0.1,-0.3,-0.1,-0.3,-0.1,-0.3,-0.3,-0.3,-0.2,-0.3,0.1,-0.1,-0.2,-0.3,-0.1,-0.1,-0.1,0,-0.1,-0.1,0.1,-0.1,-0.1,-0.1,0,-0.1,-0.1,0.1,0
-0.0000108,0.1,0.1,0,0.1,0.1,0,0,0,0.1,0.1,0.1,0.2,0,0.1,0,0,0.1,0.1,0,0,0,0.2,0,0,0.1,0,0,0,0,0,0,0,0,0,-0.1,0.1,0,0,0.1,0,0.1,0.1,-0.1,0.1,0,-0.1,0,-0.1,0,0,0,0.2,0,0,0,-0.1,0,-0.1,-0.1,0,-0.1,0.1,-0.1,-0.2,-0.1,-0.1,-0.2,-0.1,-0.2,-0.2,-0.2,0,-0.3,-0.2,-0.2,-0.3,-0.2,-0.2,-0.3,-0.2,-0.2,0.1,-0.3,-0.2,-0.2,-0.1,-0.1,-0.2,-0.1,-0.1,-0.1,0.1,0,-0.1,0,0,-0.1,0,0.1,0
-0.0000106,0.1,0.1,0.1,0.1,0,0,0,0.1,-0.1,0,0.1,0.2,0,-0.1,0,0,0.1,0,0,0,0.1,0.1,0,0,0,0.1,0,0,0.1,0,0,0.2,0.1,0,0,0,0,0.1,0,0,0.1,0,0.1,-0.1,0,0,0,0,0.1,0,0,0,0,-0.1,0,-0.1,-0.1,0,0,0,0,0.2,-0.1,-0.1,-0.1,-0.2,-0.1,-0.2,-0.2,-0.1,-0.2,0.1,-0.2,-0.2,-0.3,-0.1,-0.2,-0.3,-0.3,-0.2,-0.2,0,-0.3,-0.1,-0.2,-0.2,-0.1,-0.1,-0.1,-0.1,-0.1,0,0,0,0,0,0,-0.1,0,0.1
-0.0000104,0.2,0,0,0,0,0,0,0.1,0,0,0.1,0.1,0,0.1,0,0.1,0,0.1,0,0,0.1,0,0,0,0,0,0,0,0,0,0.1,0.2,0.1,0,-0.1,0,0.1,0.1,0,0.1,0,0.1,0,0,0,0,0.1,0.1,0,0,0,0.1,-0.1,-0.1,0,-0.1,-0.1,-0.1,0,-0.1,-0.1,0.2,-0.1,-0.1,-0.1,-0.2,-0.2,-0.1,-0.2,-0.2,-0.2,0.1,-0.3,-0.1,-0.3,-0.3,-0.2,-0.2,-0.4,-0.2,-0.3,0.1,-0.2,-0.1,-0.1,-0.2,-0.2,-0.1,-0.1,-0.1,-0.1,0,0,0,-0.1,0,0,0,0.1,0
-0.0000102,0.2,0,0,0,0,0,0.1,0,0.1,-0.1,0,0.1,-0.1,0,0,0,0,0,0.1,0,-0.1,0.1,0,-0.1,0,0,-0.1,-0.1,0,0,0,0.1,0.2,-0.1,0.1,-0.1,0,0.1,0,0.1,0.1,0,0,0,0,0,0.1,0,0.1,0,0.1,0,-0.1,0,0,0,-0.1,0,0,0,-0.1,0.1,-0.2,-0.1,-0.1,-0.2,-0.1,-0.2,-0.1,-0.2,-0.2,0.1,-0.2,-0.3,-0.3,-0.3,-0.3,-0.3,-0.3,-0.2,-0.3,0,-0.2,-0.2,-0.1,-0.3,-0.2,-0.2,0,-0.1,-0.1,0.1,0,0,0,-0.1,0,0,0.2,0.1
-0.00001,0.1,0,0,-0.1,0,0.1,-0.1,0.1,0,-0.1,0,0.1,0,0,0.1,0,0,0,0,0,0.1,0.1,0.1,0,0.1,-0.1,0,0,0,0,0,0.1,0.1,0.1,0,0.1,0,0,0.1,0,0,0.1,0,0,0,-0.1,0,0.1,0.1,0,0,0,-0.1,0,0,-0.1,-0.1,-0.1,0,0,-0.1,0,-0.1,-0.2,-0.2,-0.1,-0.1,-0.1,-0.2,-0.2,-0.3,0,-0.3,-0.2,-0.3,-0.2,-0.2,-0.2,-0.3,-0.2,-0.1,0,-0.1,-0.2,-0.2,-0.2,-0.2,-0.2,-0.1,-0.1,-0.1,0.1,-0.1,0.1,0,-0.1,0,-0.1,0,0.1
-0.0000098,0,0,0,0,0.1,0.1,0,0.1,0,0.1,-0.1,0.1,0,0,0,0,0,-0.1,0,-0.1,-0.1,0.1,0.1,0.1,0.1,-0.1,0,0,0,0.1,0.2,0,0.1,0,0,0,0,0,0,0,0.1,0.1,-0.1,0,-0.1,0,0,0,-0.1,0,0,0.1,0,0,0,-0.1,-0.1,-0.1,-0.1,-0.1,-0.1,0,-0.1,0,-0.1,-0.2,-0.2,-0.1,-0.1,-0.2,-0.3,0.2,-0.3,-0.2,-0.3,-0.4,-0.3,-0.2,-0.2,-0.2,-0.2,0.1,-0.2,-0.2,-0.2,-0.2,-0.2,-0.1,-0.2,0,-0.1,0.1,-0.1,-0.1,-0.1,-0.1,0,-0.1,0.2,0
-0.0000096,0,0,0.1,0,0,0,0,0,0,0,0,0,0,0,0,0.1,0,0,0,0,0,0.1,0,0.1,0.1,0,0,0,0.1,0.1,0.1,0,0.1,0,0.1,0,0,-0.1,0.1,0,0,0.1,0,0,0,0,0,0,0,0.1,0,0.1,-0.1,0,-0.1,-0.1,0,-0.1,0,0,-0.1,0.1,0,-0.1,-0.1,-0.2,-0.1,-0.2,-0.1,-0.2,-0.3,0.1,-0.2,-0.2,-0.3,-0.2,-0.2,-0.3,-0.3,-0.3,-0.3,0,-0.2,-0.2,-0.2,-0.2,-0.1,-0.1,-0.1,-0.2,-0.1,0,-0.1,-0.1,-0.1,0,0,0,0.1,0.1
-0.0000094,0,0,0.1,0,0,0,0.1,0,0,0,0.1,0.1,0,0,0,0,0,0,0,-0.1,0,0.1,0,0.1,0,0,0,0,0,-0.1,0.1,0,0.1,0,0,0,0,0,0,0,0,0,0,0,0.1,0,0.1,0,0,0,0,0.1,0.1,-0.1,0,-0.1,-0.1,0,0,0,-0.1,0.1,-0.1,-0.1,-0.1,-0.2,-0.2,-0.1,-0.2,-0.2,-0.2,0.1,-0.2,-0.3,-0.3,-0.3,-0.2,-0.2,-0.2,-0.2,-0.2,0.1,-0.1,-0.2,-0.2,-0.2,-0.1,-0.2,-0.2,0,-0.1,0.1,0,0,-0.1,0,0,0,0,0.1
-0.0000092,0,0.1,0,0,0.1,0,0,0.1,0.1,0.1,-0.1,0.1,0.1,0,0,0,0,0,0,0,0,0.1,0,0,0.1,-0.1,0,0,0.1,0,0,0,0,0,0,0,0,0.1,0,0.1,0,0,0,0,0,0,0,0,0,0,0.1,0.2,0,0,0,0,-0.1,0,-0.1,0,-0.1,0.2,-0.1,-0.1,-0.2,-0.2,-0.2,-0.2,-0.2,-0.1,-0.3,0.1,-0.1,-0.2,-0.2,-0.3,-0.2,-0.3,-0.2,-0.2,-0.2,0.1,-0.1,-0.2,-0.2,-0.1,-0.1,-0.1,-0.1,-0.1,-0.2,0,0,0,-0.1,0,-0.1,-0.1,0.1,0.1
-0.000009,0.1,0,0,0.1,0,0,0,0,0,0,0,0.1,0.1,0.2,0.1,0,-0.1,0,0,0.1,0,0.1,0.1,0,-0.1,0,0,-0.1,0,0.1,-0.1,0,0,0.1,0.1,-0.1,0,0,0,0,0,0.1,0.1,-0.1,-0.1,0.1,0,-0.1,0,0,0,0.1,0,0,-0.1,0,0,0,-0.1,-0.1,-0.1,0,-0.1,-0.1,-0.2,-0.2,-0.1,-0.2,-0.2,-0.2,-0.3,0.1,-0.1,-0.2,-0.3,-0.2,-0.3,-0.3,-0.2,-0.2,-0.3,0.2,-0.2,-0.2,-0.1,-0.1,-0.1,-0.1,-0.1,-0.2,-0.1,0,0,-0.1,0,0,-0.1,-0.1,0.1,0.1
-0.0000088,0,0.1,-0.1,0,0,0,0,0,-0.1,0,0,0.1,0,0,0.1,0,0.1,0.1,0.1,-0.1,0.1,0.1,0,0,0,0.1,0,0,0,0,-0.1,0.1,0,0,0,0,0,0,0,0,0.1,0.2,0.1,0,0,0,0,-0.1,0,-0.1,0,0,0,0,0,0,-0.1,0.1,-0.1,-0.1,-0.1,0.1,-0.1,0,-0.1,-0.2,-0.1,-0.2,-0.2,-0.2,-0.2,0,-0.2,-0.2,-0.2,-0.3,-0.1,-0.2,-0.2,-0.3,-0.3,0.1,-0.3,-0.2,-0.2,-0.1,-0.1,-0.2,-0.1,-0.1,-0.1,0,-0.1,0.1,0,-0.1,0,0.1,0.1,0.1
-0.0000086,0.2,0,0,0,0,0,0,0,0,0.1,0,0,0.1,-0.1,0,0,0,0.1,0,0,0.1,0.1,-0.1,0.1,0,0.1,-0.1,0.1,0,0,0,0,0,0.1,0,0,0,0.1,0.1,0,0,0.1,0,0,0,0,0.1,-0.1,-0.1,0,0,0.1,-0.1,0,0,0,0.1,0,0,-0.1,-0.1,0,0,-0.2,-0.1,-0.2,-0.1,-0.2,-0.1,-0.1,-0.2,0.1,-0.2,-0.2,-0.2,-0.2,-0.2,-0.2,-0.2,-0.2,-0.2,0,-0.2,-0.2,-0.3,-0.1,-0.2,-0.2,-0.1,-0.2,-0.2,0.1,-0.1,0,-0.1,0,-0.1,0,0.1,0.1
-0.0000084,0,0,0,0.1,0.1,0.1,0,0.1,-0.1,0,0,0,0.1,0.1,-0.1,0,0,0,0.1,0,0,0.1,0,0,0.1,0,0,0,0.1,0,-0.1,0.2,0.1,0,0,0.1,0,0.1,0,0,0,0.1,0,-0.1,-0.1,0,0.1,-0.1,0,0,0,0.1,0,0,0,-0.1,-0.1,0,-0.1,0,-0.1,0.2,-0.1,-0.1,-0.1,-0.2,-0.2,-0.2,-0.2,-0.2,-0.2,0,-0.2,-0.1,-0.2,-0.3,-0.2,-0.2,-0.1,-0.2,-0.3,0,-0.3,-0.2,-0.1,-0.1,-0.1,-0.2,-0.1,-0.1,-0.2,0.1,0,-0.1,-0.1,0,0,0,0,0.1
-0.0000082,0.1,0,0,0,0,0,0,-0.1,0,0.1,0,0,0.1,0.1,0,0,0.1,0,0.1,0,0,0.1,0,0.1,0,0,0,0.1,0,0,-0.1,0,0,0,0,0,0,0,0.1,0,0,0.1,0,-0.1,-0.1,0,0,-0.1,-0.1,-0.1,0,0.1,0,0,0,-0.1,0,-0.1,-0.1,0,-0.1,0.1,0,-0.1,0,-0.2,-0.1,-0.2,-0.1,-0.2,-0.2,0,-0.3,-0.2,-0.3,-0.2,-0.3,-0.2,-0.3,-0.2,-0.3,0.1,-0.2,-0.2,-0.3,-0.1,-0.1,0,-0.1,-0.1,-0.2,0,-0.1,-0.1,-0.1,0,0,0,0,0.1
-0.000008,0.1,0,0,0,0,0.1,-0.1,0,0,0.1,0,0,0,0,-0.1,0,0,0,0.1,0,0.1,0.1,-0.1,0.1,0,0,0,-0.1,0,0,0,0.1,0,0,-0.1,0.1,0,-0.1,0.1,0,0,0,0,0,0,0,0.1,0,0,0,-0.1,0.1,-0.1,0,0,0,-0.1,-0.1,-0.1,-0.1,-0.1,0.1,0,-0.2,-0.1,-0.2,-0.1,-0.1,-0.2,-0.1,-0.2,0,-0.2,-0.2,-0.2,-0.2,-0.2,-0.2,-0.3,-0.2,-0.3,0.1,-0.3,-0.2,-0.2,-0.1,-0.1,-0.2,0,-0.1,-0.1,0,-0.1,0,0,-0.1,0,0,0,0.2
-0.0000078,0.2,0.1,0,0,-0.1,0.1,0.1,-0.1,0,0,0,0.1,0.1,0,0,0,0,0,0,0.1,0.1,0,0,0,0.1,0,0,0.1,0.1,0,0.1,0.1,0,0,0,0,0,0,0.1,0,0,0.1,-0.1,0,0,0,0,0,0,-0.1,0,0.2,0,0.1,0,0,0.1,-0.1,-0.1,0,-0.1,0.1,-0.2,-0.1,-0.1,-0.2,-0.2,-0.2,-0.1,-0.2,-0.2,0,-0.2,-0.2,-0.3,-0.2,-0.2,-0.3,-0.3,-0.2,-0.3,0.1,-0.3,-0.1,-0.2,-0.1,-0.1,-0.1,-0.1,-0.1,-0.1,0.1,0,0,-0.1,-0.1,0,-0.1,0.2,0.1
-0.0000076,0,0.1,0,0,-0.1,0,0,0,0,0,0,0,0.1,0.1,0.1,-0.1,0.1,0,0.1,0,0.1,0.1,0.1,0,0.1,0.1,-0.1,0.1,0,0.1,0,0.1,0.1,0,0.1,0,0,0,0,0,0,0,-0.1,0,0.1,0,0.1,0,0,0,-0.1,0,-0.1,-0.1,0,0,0,-0.1,0,0,-0.1,0.1,0,-0.1,-0.1,-0.2,-0.1,-0.1,-0.2,-0.2,-0.2,0.2,-0.2,-0.3,-0.3,-0.1,-0.2,-0.2,-0.2,-0.2,-0.3,0.1,-0.2,-0.2,-0.2,-0.2,-0.1,-0.2,-0.2,-0.1,-0.1,0.1,0,-0.1,-0.1,-0.1,-0.1,0,0,0.1
-0.0000074,0.1,0,0,0,0,0,0,0,0,0.1,-0.1,0,-0.1,0,0.1,0.1,0,0,0,0,0,0.1,0,0,0,0,-0.1,0,0,0,0.1,0,0,0.1,0,0,-0.1,0,0,0.1,0,0.1,0,0,-0.1,0,0,-0.1,0,0,0,0,-0.1,0,0,-0.1,0,-0.1,-0.1,-0.2,-0.1,0.2,-0.2,-0.1,0,-0.1,-0.2,-0.2,-0.2,-0.2,-0.2,0.1,-0.3,-0.3,-0.3,-0.2,-0.2,-0.2,-0.3,-0.1,-0.1,0.1,-0.2,-0.1,-0.3,-0.2,0,-0.1,-0.1,-0.1,-0.2,0.1,0,-0.1,-0.1,-0.1,0,0,0.2,0.1
-0.0000072,0.1,0,0,-0.1,0,0.1,0.1,0.1,0,0.1,0,0.1,0,0,0,0,0.1,0,0,0,0.1,0.1,0,0,0,0,0,0,0,0,0.1,0.1,0.1,0,0.1,0,0,0,-0.1,0,0,0.1,0,0,-0.1,0.1,0,0.1,0,0,-0.1,0.1,-0.1,0,0,0,0,0,-0.1,0,0,0,-0.2,-0.1,-0.1,-0.1,-0.1,-0.1,-0.2,-0.1,-0.2,0,-0.2,-0.3,-0.3,-0.2,-0.2,-0.2,-0.2,-0.2,-0.2,0.1,-0.2,-0.2,-0.2,-0.2,-0.2,-0.1,-0.1,0,-0.1,0.1,-0.1,-0.1,0,0,0,-0.1,0.1,0.1
-0.000007,0.1,0.1,0.1,0,0,0,0,0,0,-0.1,0,0.1,0,0,0,0,0,0,0,0,0,0,0,0,0,0.1,0,0,0,0,0.1,0.2,0.1,0,0.1,0.1,0,0,0,0.1,0,0.1,0,0,0,0,-0.1,0,-0.1,0.1,0,0.2,0,-0.1,0,0,-0.1,0,-0.1,-0.1,-0.1,0.1,-0.1,-0.1,-0.1,-0.2,-0.2,-0.1,-0.2,-0.1,-0.2,0.1,-0.2,-0.3,-0.3,-0.2,-0.2,-0.2,-0.2,-0.2,-0.2,0.2,-0.2,-0.1,-0.2,-0.1,-0.1,-0.1,-0.2,-0.1,-0.1,0.1,-0.1,-0.1,-0.1,0,-0.1,0,0.1,0.1
-0.0000068,0,0.1,0.1,0,0.1,0,0.1,0,0,0,0,0.1,0,0,0.1,0,0.1,0.1,-0.1,0,0.1,0.1,0,0,0,0.1,0,0,0,0,0,0,0.1,0,0.1,0,0,0,-0.1,0,-0.1,0.1,0,0,0,0,0,0,0,0,0,0.1,0,0,0.1,-0.1,-0.1,0,0,-0.1,-0.1,0.1,-0.1,-0.1,-0.1,-0.1,-0.2,-0.2,-0.1,-0.1,-0.2,0.1,-0.2,-0.2,-0.3,-0.2,-0.2,-0.2,-0.2,-0.3,-0.1,0.2,-0.2,-0.2,-0.2,-0.2,-0.1,-0.1,-0.1,0,-0.1,0.2,0,-0.1,-0.1,-0.1,-0.1,-0.1,0.1,0
-0.0000066,0,0,0.1,0,0,0,0,-0.1,0.1,0,0.1,0.1,0,0.2,-0.1,0.1,0.1,0,0,0,0,0.1,0,0,0,0,-0.1,0,0,0,0,0.1,0,0,0.1,0,0,0,-0.1,0,0,0,0,0,0,0,0,0.1,0,0,0,0,0,-0.1,0,0,0,-0.1,-0.1,0,-0.1,0.1,-0.2,-0.1,-0.2,-0.1,-0.2,-0.1,-0.2,-0.1,-0.2,0.1,-0.1,-0.1,-0.2,-0.2,-0.2,-0.2,-0.2,-0.3,-0.2,0,-0.1,-0.2,-0.2,-0.1,-0.1,-0.1,-0.2,-0.1,-0.1,0,-0.1,-0.1,0,0,-0.1,-0.1,0.1,0
-0.0000064,0,0.1,0.1,0,0,0.1,0,-0.1,0.1,0.1,0,0,-0.1,0,0,-0.1,0.1,0,0,0,0,0,0.1,0,0,0,0,0,0,0,0,0.1,0.1,0,0.1,0.1,0,0.1,0,0.1,0,0.1,0,-0.1,0,0,0,0,-0.1,0,0,0,-0.1,0,-0.1,0,-0.1,-0.1,0,0,0,0,-0.1,-0.1,-0.1,-0.2,-0.1,-0.2,-0.2,-0.1,-0.2,0.1,-0.2,-0.2,-0.3,-0.2,-0.2,-0.1,-0.3,-0.3,-0.2,0,-0.2,-0.2,-0.1,-0.1,-0.1,-0.1,0,-0.1,-0.1,0.1,-0.1,-0.1,-0.1,0,-0.1,-0.1,0.1,0
-0.0000062,0,0.1,0.1,0.1,0,0,0,0,0,0.1,0,0.1,0.1,0,0.1,0.1,0,0,0,0,-0.1,0.1,0,0.1,0,0,0.1,0,0.1,0.1,0,0.1,0,0,0.1,0,0,0,0,0,0,0.2,0,0,0,0,-0.1,0,0,0,0,0.1,0,-0.1,0.1,0,-0.1,-0.1,0,0,0,0.2,-0.1,-0.1,-0.1,-0.1,-0.2,-0.2,-0.2,-0.2,-0.2,0.1,-0.2,-0.2,-0.2,-0.2,-0.2,-0.2,-0.2,-0.2,-0.2,0.2,-0.2,-0.3,-0.2,-0.2,-0.1,-0.1,-0.1,-0.1,-0.1,0,0,-0.1,-0.1,0,-0.1,0,0,0.1
-0.000006,0.2,0.1,0.1,-0.1,0.1,0.1,0,0,0.1,0,0,0.1,-0.1,0.1,-0.1,0,0,0,0.1,0.1,0.1,0.1,0,0,0,0.2,0.1,0,0,0,0,0.1,0,0,0,0.1,0,0,0,0,-0.1,0,0,0,0,0,-0.1,0,0,0,0,0,0,-0.1,0,0,-0.1,-0.1,-0.1,0,-0.1,0.1,-0.1,-0.1,-0.1,-0.1,-0.1,-0.2,-0.1,-0.2,-0.2,0.1,-0.1,-0.3,-0.3,-0.3,-0.2,-0.2,-0.3,-0.2,-0.2,0.2,-0.1,-0.2,-0.1,-0.2,-0.2,-0.1,-0.2,-0.1,-0.1,0.1,0,0,-0.1,0,-0.1,-0.1,0.1,0.1
-0.0000058,0.1,-0.1,0,0,0,0,0,0,0.1,0.1,-0.1,0.1,0,0,0,0,0,0.1,0,0,0.1,0.1,0,0,0,0,0.1,0.1,0.1,0.1,0,0.1,0,0,0,0,0,0,0.1,0,0,0.1,0.1,0,-0.1,0,0,0,0,-0.1,0,0.1,0,0,0.1,0,0,0,-0.1,-0.1,0,0.2,0,-0.1,-0.1,-0.1,-0.1,-0.2,-0.2,-0.2,-0.2,0.1,-0.2,-0.1,-0.2,-0.2,-0.2,-0.2,-0.3,-0.2,-0.2,0,-0.2,-0.2,-0.1,-0.2,-0.2,-0.1,-0.1,-0.1,-0.1,0.1,-0.1,-0.1,-0.1,0,0,-0.1,0.1,0
-0.0000056,0.1,0.1,0,0,0,0.1,0,0,0.1,0.1,-0.1,0,0.1,0,0,0,0,0,0,0,0.1,0.1,0.1,0,0,0,0,0.1,0,0.1,0,0.1,0,-0.1,0,0,0.1,0,0.1,0,0,0.1,0,0,0,0,0,0,0,0,0,0.1,-0.1,0,0,0.1,-0.1,-0.2,0,-0.1,-0.1,0.1,-0.1,-0.1,-0.1,-0.2,-0.1,-0.1,-0.1,-0.2,-0.1,0.1,-0.1,-0.2,-0.2,-0.2,-0.2,-0.1,-0.3,-0.2,-0.3,0,-0.2,-0.3,-0.2,-0.1,-0.1,-0.1,-0.2,-0.1,-0.1,0,-0.1,-0.1,0,-0.1,0,0,0.1,0.1
-0.0000054,0.1,0,0,0.1,0,0,0,0,0.1,0,0.1,0.2,0.1,0,0,0,0,-0.1,0.1,0.1,0,0,0.1,0.1,0.1,0,0.1,0.1,-0.1,0.1,0,0.1,0,0,-0.1,0,0.1,0.1,0.1,0,0,0.1,0,0,0,0.1,0,0,0,0,0,0,0,0,0,0,0,0,0,0,-0.1,0.2,0,0,-0.2,-0.2,-0.1,-0.2,-0.2,-0.2,-0.2,0.1,-0.2,-0.2,-0.2,-0.2,-0.2,-0.2,-0.2,-0.2,-0.3,0.1,-0.1,-0.2,-0.2,-0.2,-0.1,-0.1,-0.1,-0.1,-0.1,0.1,0,-0.1,-0.1,0,0,0,0.1,0.1
-0.0000052,0,0,0,0,0,0.1,0,0,0,0,0.1,0,0,0,0,0,0,0,0,0,-0.1,0.2,0,-0.1,0.1,0.1,0,0,0.1,0.1,0,0.1,0,0,0,-0.1,0,0,0,0,0.1,0.1,0,0,0,-0.1,0,0,0,0,0,0.1,-0.1,-0.1,0,0,-0.1,0,-0.1,-0.1,-0.1,0.1,0,-0.2,-0.1,-0.1,-0.1,-0.2,-0.2,-0.2,-0.2,0.1,-0.2,-0.1,-0.2,-0.2,-0.2,-0.2,-0.2,-0.2,-0.2,0,-0.1,-0.1,-0.2,-0.1,0,-0.1,-0.2,-0.1,-0.1,0.1,-0.1,-0.1,0,-0.1,0,0,0.1,0.2
-0.000005,0.1,0.1,0,0,0,0,0,0,0.1,0,0,0.1,0,0.1,0,0,0,0.1,0,0,0.1,0.2,0,0,0,0,-0.1,0,-0.1,0,0.1,0,0.1,-0.1,0,0,0,0,0,0,0.1,0.1,0,0.1,0,0.1,0,0,-0.1,0,0,0,-0.1,0,0,0,0,0,-0.1,-0.1,-0.1,0.1,0,0,-0.1,-0.2,-0.2,-0.2,-0.1,-0.1,-0.2,0.2,-0.2,-0.3,-0.2,-0.2,-0.2,-0.2,-0.2,-0.1,-0.2,0,-0.1,-0.1,-0.2,-0.1,-0.1,-0.1,-0.2,-0.1,-0.1,0,0,0,-0.1,-0.1,0,0,0.1,0.1
-0.0000048,0.1,0,0,0,0,0,-0.1,0,-0.1,0,0,0,0.1,0,-0.1,0,0,0,-0.1,-0.1,0,0.1,0,0,0.1,0,0,0,0,0,0,0,0,0,0,0,0,0,0,0,0.1,0.1,0.1,0,0,0,0.1,0,-0.1,-0.1,0,0,0,0,0,0,0,-0.1,-0.1,-0.1,0,0,-0.1,-0.2,-0.1,-0.2,-0.1,-0.2,-0.2,-0.1,-0.1,0.1,-0.2,-0.2,-0.2,-0.2,-0.2,-0.2,-0.3,-0.3,-0.2,0,-0.2,-0.2,-0.2,-0.1,-0.2,-0.1,-0.2,-0.1,0,0,-0.1,0,-0.1,0,0,0,0.1,0.1
-0.0000046,0,0,0.1,0.1,0,0.1,-0.1,0.1,-0.1,-0.1,0.1,0.1,0.1,0.2,0,0.1,0,0,0,0,-0.1,0.1,-0.1,0.1,0,-0.1,0,0.1,0,-0.1,0,0.2,0,0,0,0,0,0,0.1,-0.1,0,0.2,0.1,0,0,0,0,0,-0.1,0,0,0,0.1,-0.1,0,-0.1,0,-0.1,-0.1,0,-0.2,0.1,-0.1,-0.1,-0.1,-0.2,-0.1,-0.1,-0.2,-0.1,-0.2,0,-0.2,-0.2,-0.2,-0.2,-0.2,-0.2,-0.2,-0.2,-0.3,0,-0.2,-0.1,-0.2,-0.1,-0.2,-0.1,-0.1,-0.2,-0.1,0,-0.1,0,0,-0.1,0,0,0.1,0
-0.0000044,0.1,0,0,0,0.1,0,0.1,0.1,0,0.1,0.1,0.1,0.1,0,0,0,0,0,0,0,0,0.1,-0.1,0,0,0,0,0.1,-0.1,0,0,0.2,0.1,0.1,0,0,0,0.1,0,-0.1,-0.1,0.1,-0.1,0,0,0,0,0,0,0,0,0,0.1,0,0,0,0,0,-0.1,-0.1,-0.1,0.1,-0.1,0,-0.1,-0.1,0,-0.2,-0.2,-0.2,-0.2,0.1,-0.2,-0.2,-0.1,-0.3,-0.2,-0.2,-0.3,-0.2,-0.2,0.1,-0.2,-0.1,-0.1,-0.2,-0.2,-0.1,-0.2,-0.1,-0.1,0.1,0,0,-0.1,-0.1,-0.1,-0.1,0.1,0.1
-0.0000042,0.1,0,0.1,0,0,0.1,0.1,0,0.1,0.1,0.1,0.1,0.1,0.1,-0.1,0,0.1,0,0,0,-0.1,0,0,0,0,0,0,0,0,0,0.1,0.1,0,0,0,0,-0.1,0,-0.1,-0.1,0.1,0,-0.1,0,0,0,-0.1,0,0,-0.1,0,0,0.1,0,-0.1,-0.1,0,0,0,-0.1,-0.1,0.1,0,-0.2,-0.2,-0.1,-0.1,-0.1,-0.1,-0.1,-0.2,0.2,-0.2,-0.1,-0.2,-0.2,-0.2,-0.2,-0.3,-0.2,-0.2,0.1,-0.2,-0.1,-0.2,0,-0.2,-0.1,-0.1,-0.1,0,0.1,-0.1,-0.1,-0.1,0,0,0,0,0
-0.000004,0,0,0.1,0.1,0,0,0.1,0.1,0,0,-0.1,0.1,0,0.1,0,0,0,0,0.1,-0.1,0,0.1,0,0,0,0,0,0,0.1,0,0,0,0,0,0,0,-0.1,0,0.1,-0.1,0,0.1,-0.1,0.1,0,0,0.1,0,0,0,0,0,0.1,-0.1,0,-0.1,-0.1,0,0,0,-0.1,0.1,-0.1,-0.1,-0.1,-0.1,-0.1,-0.2,-0.2,-0.1,-0.2,0.2,-0.2,-0.2,-0.2,-0.2,-0.2,-0.3,-0.3,-0.3,-0.2,0,-0.2,-0.2,-0.1,-0.1,-0.2,-0.1,-0.1,-0.1,-0.1,0.2,0,-0.1,-0.1,0,-0.1,0,0.1,0.1
-0.0000038,0.2,0,0,0,0.1,0,0.1,-0.1,0.1,0,-0.1,0,0.1,0,0,0.1,0,0,0,0,0.1,0.1,0,0,0,0.1,0,0.1,0,0,0.1,0.1,0.1,0.1,-0.1,0,0,0,-0.1,0,0,0,0,-0.1,-0.1,0.1,0,-0.1,0,0,0,0.2,0.1,-0.1,-0.1,-0.1,0,-0.1,-0.1,0,-0.1,0,-0.1,-0.1,-0.1,-0.1,-0.1,-0.1,-0.2,-0.2,-0.2,0.1,-0.2,-0.2,-0.3,-0.2,-0.2,-0.2,-0.3,-0.3,-0.2,0.1,-0.2,-0.2,-0.2,-0.2,-0.1,-0.2,-0.1,-0.1,-0.1,0.1,-0.1,-0.1,-0.1,0.1,-0.1,0,0,0
-0.0000036,0,0.1,-0.1,0,-0.1,0.1,0.1,0,0,0,0,0,0,0.1,-0.1,0.1,0,0,0,0,0,0.2,0,0,-0.1,0,0,0,0,0,0,0.1,0,0.1,0,0.1,0,0,0.1,0,0,0.1,0,0,-0.1,0,-0.1,0,-0.1,-0.1,0,0,-0.1,0,-0.1,0,0,0,-0.1,-0.1,-0.1,0,-0.1,-0.1,-0.2,-0.2,-0.1,-0.2,-0.2,-0.1,-0.3,0,-0.2,-0.2,-0.1,-0.2,-0.2,-0.2,-0.2,-0.2,-0.2,0.1,-0.2,-0.2,-0.2,-0.2,-0.1,-0.1,-0.2,0,-0.1,0.1,-0.1,-0.1,-0.1,0.1,0,0,0.1,0
-0.0000034,0.2,0,0,0,0.1,0,0.1,0,0,0,0,0,0,0,-0.1,0,0,0,0,0.1,0.1,0.1,0,0,0.1,-0.1,0,0,0.1,0,-0.1,0.1,0,0,0,0,0,0,0.1,0,0,0,0,-0.1,-0.1,0,0,0,0,0,0.1,0,0,0,-0.1,0,-0.1,0,0,-0.1,-0.1,0.1,-0.1,-0.1,-0.1,-0.1,-0.1,-0.2,-0.2,-0.2,-0.1,0.1,-0.2,-0.2,-0.3,-0.2,-0.2,-0.1,-0.2,-0.2,-0.3,0,-0.1,-0.3,-0.1,-0.2,-0.1,0,-0.1,-0.2,-0.1,0.1,0,-0.1,-0.1,0,0,-0.1,0.1,0
-0.0000032,0,0,0,0,-0.1,-0.1,0,0,0,0,0,0.1,0,-0.1,0,0.1,-0.1,0,0,0,0.1,0.1,0,0.1,0.1,0,0,0,0,0,0,0,0,0,0,0,0,0.1,0.1,0,0,0,0,0,0,0,0,0,0,0,0,0.1,0,0,-0.1,0,-0.1,0,0,0,-0.2,0,-0.1,-0.1,-0.1,-0.1,-0.1,-0.1,-0.1,-0.2,-0.2,0.1,-0.3,-0.1,-0.2,-0.2,-0.2,-0.2,-0.2,-0.2,-0.2,0.1,-0.2,-0.2,-0.2,-0.1,-0.2,-0.1,-0.1,-0.1,-0.1,0,-0.1,-0.1,-0.1,0,0.1,0,0.1,0
-0.000003,0.1,0.1,0,0,0,-0.1,0.1,-0.1,0,0,0,0.1,0,0.1,0,0.1,0,0,0,0,0,0.1,0,0,0,0,0,0,0,0,0,0.1,0.1,0,0.1,0.1,0,0,0.1,0,0,0,0,0,-0.1,0,0,0,0,-0.1,0,0.1,0,0,0,-0.1,-0.1,0.1,0,0,0,0,0,-0.2,-0.1,-0.1,-0.1,-0.2,-0.1,-0.2,-0.2,0.1,-0.2,-0.2,-0.2,-0.2,-0.2,-0.1,-0.2,-0.2,-0.2,0.2,-0.3,-0.1,-0.2,-0.2,-0.1,-0.1,-0.1,-0.1,-0.1,0.1,-0.1,0,-0.1,0,0.1,0,0.1,0
-0.0000028,0,0,0,0,0,-0.1,0.1,0,0.1,0,0,0,0.1,0.1,0,0,0,0,0,0.1,0.1,0,0.1,0,0.1,0,0,0,0,0.1,0,0,0.1,0,0,0,0,0,0,0,0,0.1,0.1,0,0,0,0,0,0,-0.1,0,0,0.1,-0.1,-0.1,0.1,-0.1,0,0,0,-0.1,0.1,-0.1,0,-0.1,-0.1,-0.2,-0.1,-0.1,-0.2,-0.2,0.1,-0.2,-0.1,-0.2,-0.1,-0.2,-0.1,-0.1,-0.2,-0.1,0,-0.2,-0.3,-0.2,-0.1,-0.2,-0.1,-0.1,-0.1,-0.1,0.1,-0.1,-0.1,-0.1,-0.1,0,0,0.1,0.2
-0.0000026,0.1,0.1,0,0,0,0.1,0,0.1,0,0.1,0.1,0.2,0,0,0,0.1,-0.1,0,0,0,0,0.2,0,0,0.1,0,0,0,0.1,0,0,0.1,-0.1,0,-0.1,0,0,0.1,0,0.1,0,0.1,0,0.1,-0.1,0,0,0,0,0,0,0,-0.1,-0.1,0,0.1,0,0,0,0,-0.1,0.1,-0.1,-0.2,-0.1,-0.2,-0.1,-0.2,-0.1,-0.3,-0.2,0.1,-0.3,-0.2,-0.2,-0.2,-0.3,-0.2,-0.2,-0.2,-0.1,0,-0.2,-0.1,-0.2,-0.1,-0.1,0,-0.1,-0.1,-0.2,0.1,-0.1,-0.1,-0.1,-0.2,0,-0.1,0.1,0.1
-0.0000024,0,0,0,0,0.1,0,-0.1,0.1,0,0,0,0,0,0,0,0,0,-0.1,0,0.1,0,0.1,0,0.1,0,0,0,0,0.1,0,0,0.1,0,0,0.1,0,0,0,0,0,0,0,0.1,0,-0.1,0,0.1,0,0,0,0,0.1,0,0,0,-0.1,0.1,-0.1,0,-0.1,-0.1,0.1,0,-0.1,-0.1,-0.1,-0.2,-0.2,-0.1,-0.1,-0.1,0.1,-0.2,-0.1,-0.2,-0.2,-0.2,-0.1,-0.2,-0.2,-0.2,0.1,-0.2,-0.2,-0.2,0,-0.1,0,-0.2,-0.1,0,0.1,-0.1,0,-0.1,0,0,0,0,0.1
-0.0000022,0.1,0,0.1,0,0.1,0,-0.1,0,0,0,0,0.1,0,0.1,0,0.1,0.1,0,0.1,0,0,0,0,0,0.1,0,0,0,0,0,0,0,0,0,0,0,0,0.1,0,0,-0.1,0,0,0.1,0,0,0,0,0,-0.1,0,0.1,-0.1,0,-0.1,0,0,-0.1,0,0,-0.1,0.1,-0.1,-0.1,-0.1,-0.1,-0.2,-0.1,0,-0.2,-0.2,0.1,-0.2,-0.1,-0.2,-0.3,-0.3,-0.2,-0.2,-0.2,-0.2,0,-0.2,-0.1,-0.1,0,-0.2,-0.1,0,-0.1,-0.2,0.1,0,-0.1,-0.1,0,0,0,0.1,0
-0.000002,0,0,0,0,0.2,0.1,0,0,0,0,0,0.1,0,0.1,0,0.1,0,0,0,0,0,0.1,0.1,0,0,0,0.1,0,0,0,0.1,0,0,0.1,-0.1,0.1,0,0,0.1,0,0,0.1,-0.1,0.1,-0.1,0,0,0,0,0.1,0,0,0,0,-0.1,-0.1,0,0,0,0,0,0.1,-0.1,-0.1,-0.1,-0.1,-0.2,-0.1,-0.2,-0.2,-0.2,0.1,-0.2,-0.1,-0.1,-0.2,-0.3,-0.2,-0.3,-0.3,-0.2,0.2,-0.2,-0.1,-0.3,-0.1,-0.1,0,-0.1,0,-0.1,0.1,0,-0.1,-0.1,0,0,0,0.1,0.1
-0.0000018,0,0,0,0,0.1,0.1,0.1,0,0,0.1,0,0.1,0,0.1,0,0.1,0.1,0,0,0,0,0,0,0,0,0,0,0,0.1,-0.1,0.1,0.1,0,-0.1,0,0,0,-0.1,0,0,0,0.2,-0.1,0,0,0,0.1,0,0.1,0,0,0,-0.1,-0.1,0,-0.1,0,-0.1,-0.1,0,0,0.1,-0.1,0,-0.1,-0.1,-0.2,-0.1,-0.2,-0.1,-0.1,0.1,-0.3,-0.2,-0.1,-0.3,-0.3,-0.2,-0.2,-0.1,-0.1,0,-0.1,-0.1,-0.1,-0.1,-0.2,-0.1,-0.1,-0.1,-0.1,0.1,0,0,-0.1,0.1,0,0,0,0.1
-0.0000016,0.1,0,0,0,0.1,0.1,0.1,0,0,0.1,0.1,0.1,0,0.1,0,0,0,0,0,0,0,0,0,0,0,0,0,0,0,-0.1,0,0.1,0,0,0,0.1,0,-0.1,0,0,0,0.1,-0.1,0,0,0,-0.1,0,0,0,0,0,0,-0.1,0,0,-0.1,-0.1,-0.1,0,-0.1,0.1,-0.1,-0.1,-0.1,-0.1,-0.2,-0.1,-0.3,-0.1,-0.1,0.1,-0.2,-0.2,-0.2,-0.2,-0.1,-0.2,-0.2,-0.3,-0.2,0.1,-0.1,-0.1,-0.2,-0.2,-0.1,0,-0.1,-0.1,-0.1,0.1,-0.2,-0.1,-0.1,0,0,0,0,0
-0.0000014,0,0,-0.1,0,0,0,0,0.1,0,0.1,0,0.1,-0.1,0.1,0,0,0,0,0,0.1,0.1,0.1,-0.1,0.1,0,0,0,0,0,0,0,0.1,0,0,0.1,0.1,-0.1,0,0,0,0,0,0,0.1,0.1,0,-0.1,0,0,0,0,0.2,0.1,0,-0.1,0,0,-0.1,0,-0.1,-0.1,0,-0.1,-0.1,-0.1,-0.1,-0.1,-0.1,-0.3,-0.1,-0.2,0,-0.2,-0.3,-0.2,-0.1,-0.1,-0.2,-0.2,-0.2,-0.2,0.1,-0.2,-0.1,-0.1,-0.1,-0.1,-0.1,-0.1,0,-0.1,0.2,-0.1,-0.1,-0.1,-0.1,-0.1,0.1,0,0
-0.0000012,0.1,0,-0.1,0.1,0,0,0,-0.1,0,0,0,0.1,-0.1,0.1,0,0,0,0,0,0.1,0,0.2,-0.1,0,0,0,0.1,0,0.1,0,0,0.2,0.1,0,0,0.1,0,0,0,0,0,0.1,0,0.1,0.1,0,0,0,0,-0.1,0.1,0.1,0.1,-0.1,0,0,0,-0.1,-0.1,0,-0.1,0.2,-0.1,-0.1,-0.1,-0.1,-0.2,-0.1,-0.1,-0.2,-0.1,0.1,-0.1,-0.2,-0.3,-0.2,-0.2,-0.2,-0.3,-0.2,-0.2,0.1,-0.1,-0.2,-0.1,-0.2,-0.1,-0.1,-0.1,-0.2,0,0.1,0,-0.1,-0.1,0,0,-0.1,0.1,0.1
-0.000001,0.1,0,0,0.1,0.1,0,0,0.1,0,0,0,0.2,0.1,0,0,0,0,0,0,0,0,0.1,-0.1,0,0,0,0,0,0,0.1,0.1,0.2,0.1,0,0,0,0,0,0.1,0.1,0,0,-0.1,0.1,0,0,0,0,0,0,0.1,0.1,0,0,0,-0.1,-0.1,0,-0.1,-0.1,-0.1,0.1,0,0,-0.1,-0.1,-0.1,-0.2,-0.2,-0.2,-0.1,0.1,-0.2,-0.3,-0.2,-0.2,-0.2,-0.2,-0.2,-0.2,-0.2,0.1,-0.1,-0.2,-0.1,-0.2,-0.1,-0.1,-0.1,-0.1,-0.1,0.1,0,-0.1,-0.1,0,-0.1,0,0.1,0
-0.0000008,0.1,0,0,0.1,0,0,0,0.1,0.1,0.1,0.1,0,0,0.1,-0.1,0,0,0,0,0,0.1,0,0,0.1,0,0.1,-0.1,0,0,0.1,0.1,0,0.1,0,0,0,0,0,-0.1,0,-0.1,0.1,0,0.1,0,0,0,0,0,0,0,0.1,0,0,-0.1,-0.1,-0.1,0,0,0,-0.1,0,-0.1,0,-0.1,-0.1,-0.1,-0.2,-0.2,-0.2,-0.2,0,-0.2,-0.2,-0.1,-0.2,-0.3,-0.2,-0.2,-0.2,-0.1,0.1,-0.1,-0.1,-0.1,-0.2,-0.2,-0.2,-0.1,0,0,0.2,0,0,-0.1,0,0,0,0,0
-0.0000006,0.1,0,0,0.1,0,0.1,0,0,0,0,-0.1,0.1,0,0,0,0,0,0,0,0.1,0,0.2,0,-0.1,0,0,0.1,0,0.1,0,0,0.1,0,0,0,0,0.1,0,0,0,0,0,0,0.1,-0.1,0,0,0,0.1,0,0.1,0.1,0,0,0,0,-0.1,-0.2,0,0,-0.1,0.1,0,-0.1,-0.1,-0.1,-0.1,-0.1,-0.1,-0.1,-0.3,0,-0.2,-0.2,-0.1,-0.2,-0.2,-0.2,-0.3,-0.3,-0.1,0,-0.2,-0.1,-0.1,-0.1,-0.1,-0.1,0,-0.1,-0.1,0.1,-0.1,0,-0.1,0,0,0,0.1,0.1
-0.0000004,0,-0.1,0,0,0.1,0,0,0,0,0.1,0,0.1,0,0,0,0.1,0,0.1,0,0,0.1,0.1,0,0,0.1,0,0,0,0,0.1,0,0.2,0.1,0.1,0,0,0.1,0,0,0,0.1,0,0,0,-0.1,0,0.1,0,-0.1,-0.1,0,0.2,0,0,-0.1,0,0,-0.1,0,0,-0.1,0,0,-0.1,-0.2,-0.2,-0.2,-0.1,-0.1,-0.2,-0.2,0.1,-0.3,-0.2,-0.2,-0.1,-0.2,-0.2,-0.2,-0.2,-0.2,0,-0.2,-0.1,-0.2,-0.2,-0.1,0,-0.2,-0.1,-0.1,0,-0.1,0,0,0,-0.1,0,0.1,0.1
-0.0000002,0.1,0,-0.1,0,0,0.1,0,0,0,0,0,0,0,0.1,0.1,0,0,0.1,0.1,0,0,0.1,0,0,0,0.1,0.1,0,0.1,0,0,0,0,0.1,0,0,0,0,0,0,0,0,0,0.1,0,0.1,0,0,0.1,-0.1,0,0.1,0,0,0.1,0,-0.1,-0.1,0,-0.1,-0.1,0.1,-0.1,-0.1,-0.1,-0.2,-0.1,-0.2,-0.1,-0.2,-0.2,0,-0.2,-0.2,-0.2,-0.2,-0.2,-0.1,-0.2,-0.1,-0.2,0.2,-0.2,-0.2,-0.1,-0.1,-0.1,-0.2,0,0,-0.1,0.1,-0.1,-0.1,-0.1,-0.1,0,0,0.1,0.1
-1.14E-20,0.1,0,0,0,0.1,0,0,0,0.1,0,0,0.1,0.1,0.1,0,0,0.1,0,0,0,0.1,0.1,0.1,0.1,0,0,0,0,0.1,0,0,0,0.1,0.1,0,0,0,0,0,0,-0.1,0,0,0.1,-0.1,0,0,0,0,-0.1,0,0.1,-0.2,-0.1,-0.1,0,0,0,0,-0.1,-0.1,0.2,-0.1,-0.1,-0.1,-0.2,-0.1,-0.2,-0.1,-0.2,-0.2,0.1,-0.2,-0.2,-0.2,-0.2,-0.2,-0.3,-0.2,-0.2,-0.2,0.1,-0.1,-0.2,-0.1,-0.1,-0.1,-0.2,-0.1,-0.1,-0.1,0.1,0,-0.1,-0.1,0,0,0,0,0.1
0.0000002,0.1,0,0,0.1,0.1,0.1,0.1,0,0,0,0.1,0.1,0,0.1,0,0.1,0,0,0.1,0,0,0.1,0,0,0,0,0.1,-0.1,0,0,0,0.2,0.1,0,0,0.1,0.1,0,0.1,0,0,0,0.1,0,0.1,0,0,-0.1,0,0,0,0,-0.1,0,-0.1,0,0,-0.1,0,0,-0.1,0.1,0,-0.1,-0.1,-0.1,-0.1,-0.2,-0.1,-0.2,-0.1,0,-0.3,-0.2,-0.2,-0.2,-0.2,-0.2,-0.2,-0.2,-0.2,0,-0.1,-0.1,-0.2,-0.1,-0.1,-0.1,-0.1,-0.1,-0.1,0.2,-0.1,0,-0.1,-0.1,0,0.1,0.1,0.1
0.0000004,0,0,0,0,0,0,0.1,0.1,-0.1,0,0.1,0.1,0,0.1,0.1,0.1,0,-0.1,0.1,0.1,0,0,0.1,0,0,0,0.1,0,0.1,0.1,0,0.1,0,-0.1,0,0,0,0.1,0,0,0.1,0.1,0,0,0,0,0,0,0,0,0,0.1,-0.1,0,0,0,0,0,0,-0.1,-0.1,0.1,-0.1,-0.2,0,-0.1,-0.2,-0.2,-0.1,-0.2,-0.2,0,-0.1,-0.2,-0.3,-0.1,-0.2,-0.1,-0.2,-0.2,-0.2,0.1,-0.1,-0.1,-0.1,-0.1,-0.1,-0.1,-0.1,0,0,0,0,-0.1,-0.1,-0.1,-0.1,0,0.1,0.1
0.0000006,0.2,0,0,0,0.1,0,0.1,0,0,-0.1,0,0.1,0,0,0.1,0,0.1,0,0,0.1,0.1,0.1,0,0,0,0,-0.1,0,0.1,0.1,0,0.1,0,-0.1,0,0,0,0,0.1,-0.1,0,0.2,0.1,0,0.1,0,0,-0.1,0.1,0.1,0,0.1,-0.1,-0.1,0,0,0,-0.1,-0.1,-0.1,-0.1,0.1,-0.1,-0.1,-0.1,-0.2,-0.2,-0.2,-0.1,-0.1,-0.1,0.1,-0.2,-0.2,-0.2,-0.2,-0.3,-0.2,-0.2,-0.2,-0.2,0.1,-0.2,-0.1,-0.2,-0.2,-0.1,-0.1,-0.1,-0.1,-0.1,0,-0.1,0,-0.1,0,0,0,0.1,0
0.0000008,0,0,0,0,0.1,0,0,-0.1,-0.1,0,0.1,0.2,-0.1,0.1,0,0,0,0,0,0,0,0,0,0,0,0,0,0,0.1,0,0,0.1,0,0,0.1,0.1,0,-0.1,0,0,0,0,0,-0.1,0,0,0,0.1,0,0,0,0.2,0,0,-0.1,0,0,0,-0.1,-0.1,-0.1,0.1,0,-0.1,-0.1,-0.1,-0.2,-0.2,-0.2,-0.2,-0.2,0,-0.2,-0.2,-0.2,-0.3,-0.3,-0.2,-0.2,-0.2,-0.1,0,-0.2,-0.1,-0.1,-0.2,-0.1,-0.1,-0.1,0,-0.1,0.1,0,0,0,-0.2,0,-0.1,0,0.1
0.000001,0.2,0,0,0.1,0.1,0.1,0,0,0,0,0,0,0.1,0.1,-0.1,0,0,0,0,0,0,0,-0.1,0,0,0,0,0,0.1,0,0.1,0.1,0,0,0,0.1,0,0,-0.1,0,-0.1,0.1,0,0,0,0,0,0,0,0,0,0.1,0.1,0,0,0,-0.1,-0.1,0,-0.1,-0.1,0.1,-0.1,-0.1,-0.1,-0.1,-0.1,-0.2,-0.2,-0.2,-0.2,0,-0.2,-0.3,-0.2,-0.2,-0.3,-0.2,-0.2,-0.2,-0.3,0.2,-0.1,-0.1,-0.2,-0.2,-0.1,0,-0.1,-0.1,0,0.1,0,-0.1,0,0,-0.1,0,0.1,0.1
0.0000012,0,0,0,0,0,0.1,0,0,0,-0.1,0,0.2,0.1,0,0,0,0,0.1,0,0,0,0.2,-0.1,0,0.1,0.1,0.1,0,0.1,0,0,0,0,0,0.1,0,0,-0.1,0,-0.1,0,0.2,0,0,0,0,0.1,0,0.1,-0.1,0,0,0,-0.1,-0.1,0,-0.1,0,0,0,-0.1,0,-0.1,0,-0.1,-0.1,-0.1,-0.1,-0.2,-0.1,-0.2,0.1,-0.2,-0.3,-0.2,-0.3,-0.3,-0.2,-0.2,-0.2,-0.1,0,-0.2,-0.2,-0.1,-0.2,-0.1,0,-0.1,-0.1,-0.1,0.1,0,-0.1,-0.1,0,0,0,0.2,0.1
0.0000014,0.2,0,0,0,0,0.1,0.1,0.1,0,-0.1,-0.1,0.1,0,0.1,0,0,0,0.2,0,-0.1,0,0.2,0,0.1,0,0.1,0,0,0,0,0,0,0,0,0,0,-0.1,0,0,0,0,0.2,-0.1,0,0,-0.1,0,-0.1,0,0,0,0,0.1,0,0.1,0,-0.1,-0.1,-0.1,0.1,-0.1,0.1,-0.1,-0.1,-0.1,-0.1,-0.2,-0.1,-0.2,-0.1,-0.2,0,-0.2,-0.2,-0.2,-0.2,-0.2,-0.1,-0.2,-0.2,-0.1,0.2,-0.1,-0.2,-0.2,-0.1,-0.1,-0.1,-0.1,-0.1,-0.1,0.2,0,-0.1,0,0,0,0,0.1,0.1
0.0000016,0,0.1,-0.1,-0.1,0,0,0,0,0,0,0,0.2,0,0,-0.1,0,0,0.1,-0.1,0.1,0,0,0,0,0.1,0,0,-0.1,0.1,-0.1,0,0.1,-0.1,0,0,0,0.1,0.1,0,0,0,0.1,0,0,0,-0.1,0,0,0,0,0,0,0,-0.1,-0.1,-0.1,0,-0.1,0,-0.1,-0.1,0.1,-0.1,-0.1,-0.1,-0.1,-0.2,-0.1,-0.1,-0.2,-0.2,0.1,0,-0.2,-0.2,-0.2,-0.2,-0.1,-0.2,-0.2,-0.1,0,-0.2,-0.2,-0.2,-0.1,-0.2,-0.1,-0.1,-0.1,-0.1,0,-0.1,-0.1,0,0,-0.1,0,0,0.2
0.0000018,0.1,0,0,0.1,0.1,0,0,0,0,0,0,0,0.1,0,0.1,0,0,0.1,-0.1,0,-0.1,0.1,-0.1,0,0,0,0,0,0,0,0,0.2,0,0,0.1,0,0,0,0,0,-0.1,0,0,0,0,0.1,0,0.1,-0.1,0,-0.1,0.1,0,-0.1,0,0,0,0,-0.1,0,-0.1,0.1,0,-0.1,0,-0.1,-0.1,-0.1,-0.1,-0.2,-0.1,0.1,-0.1,-0.2,-0.2,-0.1,-0.3,-0.2,-0.1,-0.2,-0.1,0,-0.1,-0.2,-0.1,-0.2,-0.2,-0.1,-0.1,-0.1,-0.1,0.1,-0.1,0,0,-0.1,0,0,0.1,0
0.000002,0.1,0,-0.1,0,0,0.1,0,0,0,0,0.1,0.1,0,0,0.1,0,0,0,0,0,0,0,-0.1,0,0.1,0,-0.1,0.1,0,0,-0.1,0.1,0,0,0,0,0,0,0,0,0,0.1,0,0,-0.1,-0.1,0.1,0,0,0,0,0,0,0,0,-0.1,-0.1,0,-0.1,-0.1,-0.1,0.1,-0.1,-0.2,-0.1,-0.2,-0.1,-0.3,-0.1,-0.1,-0.2,0.1,-0.2,-0.3,-0.2,-0.2,-0.2,-0.2,-0.2,-0.1,-0.2,0.1,-0.1,-0.2,-0.1,-0.2,-0.1,-0.1,-0.1,0,0,0.1,0,-0.1,-0.1,-0.1,0,0,0,0
0.0000022,0.1,0.1,0.1,0,0.1,0,0,0,0,0,0,0.1,0,0,0.1,0.1,0,-0.1,0.1,0.1,0,0.1,0,0.1,0,0.1,0,0,0.1,-0.1,-0.1,0.1,0,0,0,0,0,0,0,0.1,0,0,-0.1,0,0,-0.1,0,0,0.1,-0.1,0,0.1,0,-0.1,-0.1,-0.1,0,0,0,0,-0.1,0.2,-0.2,-0.1,-0.1,-0.2,-0.1,-0.2,-0.2,-0.1,-0.1,0,-0.1,-0.2,-0.3,-0.3,-0.3,-0.2,-0.2,-0.1,-0.2,0.1,-0.2,-0.2,-0.1,-0.1,-0.1,-0.2,-0.1,-0.1,-0.1,0,-0.1,0,-0.1,0,0,-0.1,0.1,0.1
0.0000024,0,0,0.1,0,0,0,0.1,0,0,0,-0.1,0.1,0,0,0.1,0.1,0,-0.1,0.1,0,0.1,0.1,-0.1,0,0.1,0,0.1,0,0,0,0,0.2,0,0,0,0,0,0,0,0,0,0.1,0,-0.1,0,0,0,-0.1,0,-0.1,-0.1,0.2,0,0,0,0,-0.1,0,-0.1,0,-0.1,0,-0.1,-0.1,-0.1,-0.1,-0.2,-0.2,-0.1,-0.1,-0.2,0.2,-0.1,-0.2,-0.3,-0.2,-0.3,-0.2,-0.2,-0.1,-0.1,0.1,-0.2,-0.2,-0.1,-0.2,-0.1,-0.1,-0.1,-0.2,-0.1,0.1,0,-0.1,-0.1,-0.1,0,0.1,0.1,0.1
0.0000026,0.1,0.1,0.1,0.1,0,0.1,0,-0.1,0,0,0,0.2,0,0.1,0,0.1,0,0,0.1,0,0.1,0,0,0,0,0,0,0,0,0,0,0.1,0,0,0,0,-0.1,0,0,0,0.1,0.1,0,-0.1,0,0,0.1,0,0,-0.1,0,0.1,-0.1,-0.1,0.1,0,-0.1,-0.1,-0.1,-0.1,-0.1,0,0,-0.1,-0.1,-0.1,0,-0.1,-0.1,-0.2,-0.1,0.2,-0.1,-0.2,-0.3,-0.2,-0.2,-0.1,-0.3,-0.1,-0.1,0.1,-0.2,-0.2,-0.2,-0.1,-0.1,-0.1,0,-0.1,-0.1,0.1,0,0,0,-0.1,0,0,0,0.1
0.0000028,0.1,0,0,0.1,0.1,0,0.1,0,0,0.1,0,0.1,0,0,0.1,0.1,0,0,0.1,0,0,0,0.1,0,0,0,0.1,0,0,0,0,0,0.1,0,0,0.1,-0.1,0,0,0,0.1,0.2,0,-0.1,0,0,-0.1,0,0,0,0,0,0,-0.1,-0.1,0,-0.1,-0.1,0,-0.1,-0.1,0.1,-0.1,-0.1,-0.1,-0.1,0,-0.2,-0.1,-0.1,-0.1,0.2,-0.2,-0.2,-0.2,-0.2,-0.2,-0.3,-0.2,-0.1,-0.1,0,-0.2,-0.3,-0.2,-0.2,-0.1,-0.2,-0.1,-0.1,-0.1,0.2,-0.1,0,0,0,0,0,0,0
0.000003,0.1,0,0,0.1,0,0.1,0.1,0,0.1,0,0,0,-0.1,0,0,0,-0.1,0,0,0,0,0,0.1,0,0,-0.1,0,0,0,0,0,0.1,0,-0.1,0,0,0,0,0,0,0,0.2,0,0,-0.1,0,0,-0.1,0,0,0,0.1,0,-0.1,0,0,-0.1,0,0,-0.1,-0.1,0,-0.1,-0.1,-0.1,-0.1,-0.1,-0.1,-0.2,-0.1,-0.1,0.1,-0.1,-0.1,-0.2,-0.2,-0.2,-0.3,-0.2,-0.1,-0.2,0.1,-0.2,-0.1,-0.2,-0.1,-0.2,-0.1,-0.1,-0.1,-0.1,0.1,-0.1,0,-0.1,-0.1,-0.1,0,0.1,0.1
0.0000032,0,0.1,0,0.1,0,0,0.1,0,0,0,0,0.1,0,0,0,0,-0.1,-0.1,0,0,0,0.1,-0.1,0,0,0,0,-0.1,0,-0.1,0.1,0.1,0,0.1,0,0,0,0,0,0,0.1,0,0,0.1,0.1,0,0,-0.1,0,0,0,0.1,0,0,0,-0.1,-0.1,0,0,0,-0.1,0.1,0,-0.1,-0.1,-0.1,-0.2,-0.2,-0.1,-0.1,-0.1,0.1,-0.2,-0.2,-0.2,-0.2,-0.2,-0.3,-0.3,-0.1,-0.2,0.1,-0.1,-0.1,-0.2,-0.2,-0.1,-0.1,-0.2,0,-0.1,0.1,-0.1,0,0,0,-0.1,0,0,0.1
0.0000034,0,0,0,0,0,0,0,0.1,0.1,0,0,0.2,0,0,0,0,0,0,0.1,-0.1,0,0.2,-0.1,0,0,0,0.1,0,0,0,0,0.2,0.1,0,0,0,0,0,0,0,0,0.1,-0.1,0.1,0,0,0,-0.1,0,0,0,0.1,0,0,0,0,-0.1,-0.1,-0.1,-0.1,-0.1,0.1,0,-0.2,-0.1,-0.1,-0.1,-0.1,-0.2,-0.2,-0.2,0,-0.2,-0.2,-0.2,-0.2,-0.1,-0.2,-0.2,-0.2,-0.2,0,-0.1,-0.2,-0.2,-0.2,-0.1,-0.2,-0.1,-0.1,0,0.1,0,0,-0.1,-0.1,0,0,0.1,0.1
0.0000036,0.2,0,0,0,-0.1,-0.1,0,0,0.1,0.1,0,0.1,0,0,0,0,0.1,-0.1,0,0.1,0.1,0.1,0,0,0,0,0,0.1,0.1,0.1,0.1,0,0,0,0,0,0,-0.1,0,0,-0.1,0.1,-0.1,0.1,-0.1,0,0.1,-0.1,0.1,0,0.1,0.1,0,-0.1,0,-0.1,0,-0.1,-0.1,0,-0.1,0,-0.1,-0.1,-0.1,-0.1,-0.1,-0.1,0,-0.1,-0.2,0.1,-0.2,-0.2,-0.1,-0.2,-0.2,-0.3,-0.1,-0.2,-0.1,0.1,-0.2,-0.2,-0.2,-0.1,-0.2,-0.1,-0.1,-0.1,-0.1,0.1,0,0,-0.1,0,0,-0.1,0.1,0.2
0.0000038,0.1,0,0.1,0,0,-0.1,0,0,0,0,0,0,0,0.1,0,0,0.1,0,0.1,0,0,0,0.1,0.1,0,0.1,0,0,0.1,0,0,0.1,0,0,0,0.1,0,0,-0.1,-0.1,0,0.2,0,0,0,0,0,0,0,-0.1,0,0,-0.1,0,0,0,-0.1,-0.1,-0.1,0,-0.1,0.2,-0.1,0,-0.1,-0.1,0,-0.1,-0.2,-0.2,-0.2,0.1,-0.2,-0.2,-0.2,-0.2,-0.2,-0.1,-0.1,-0.2,-0.2,0,-0.1,-0.1,-0.1,-0.1,-0.1,-0.1,-0.1,-0.1,-0.1,0.1,-0.1,0,-0.1,0,0,0,0,0
0.000004,0.1,0,0,0.1,0,-0.1,0,0,0,0,0,0.1,0,0,0,0,0,0,0.1,0.1,0,0.1,0.1,0,0,0,0,-0.1,0.2,-0.1,-0.1,0,0,0.1,0,0,0,0,0,0,0,0,0,0,0,0,0,0,-0.1,0,0,0.1,-0.1,0,0,-0.1,-0.1,-0.1,-0.1,0,-0.1,0,-0.1,0,0,-0.1,-0.1,-0.2,-0.2,-0.2,-0.1,0.2,-0.1,-0.2,-0.2,-0.2,-0.2,-0.2,-0.2,-0.1,-0.1,0,-0.2,-0.1,-0.2,-0.1,-0.1,-0.1,0,-0.1,-0.1,0,0,-0.1,-0.1,0,0,0,0,0.1
0.0000042,0.2,0,0.1,0,0,-0.1,0,0,-0.1,0.1,-0.1,0.1,0.1,0,0,0,0.1,0,0,0.1,-0.1,0.2,0,0,0,0,0,0,0.1,0,-0.1,0,0,0.1,0.1,0,-0.1,0,0,0,0,0.1,0,0,0,0,0,0,0.1,0.1,0,0.1,-0.1,0,0.1,-0.1,-0.1,-0.1,0,-0.1,-0.1,0.1,-0.1,-0.1,0,-0.2,-0.1,-0.1,-0.2,-0.2,-0.1,0.2,-0.1,-0.2,-0.2,-0.2,-0.1,-0.2,-0.2,-0.3,-0.2,0,-0.1,-0.2,-0.2,-0.1,-0.1,-0.1,-0.1,0,-0.1,0.1,-0.1,0,-0.1,0,0,-0.1,0.1,0
0.0000044,0.1,0.1,0,0,0.1,0,0,0,0,0,0,0.1,0.1,0,0,0,0,0,0,0.1,0,0.1,0,0,0,0,0.1,0,0.1,0,0,0.1,0,0,0.1,0.1,-0.1,0.1,-0.1,0,0,0.1,0,0,-0.1,0,0,0,0,0,0,0.1,-0.1,0,0,0,-0.1,-0.1,-0.1,0,-0.1,0.1,-0.1,-0.1,-0.2,-0.2,-0.1,-0.1,-0.2,-0.2,-0.2,0.1,-0.2,-0.2,-0.2,-0.1,-0.2,-0.2,-0.1,-0.2,-0.2,0.1,-0.3,-0.2,-0.1,0,-0.1,-0.2,-0.1,0,-0.1,0.1,-0.1,-0.1,-0.1,-0.1,0,0,0,0
0.0000046,0.1,0.1,0,0,0,0,0,-0.1,0,0,0,0,0.1,0.2,0.1,0.1,0,0,0,0.1,-0.1,0.1,0,0,-0.1,0,0,0,0.1,0,0.1,0.1,0,0,0,0,0,0.1,0,0,0,0.1,0,-0.1,0,0,0,0.1,0,0.1,0.1,0.1,-0.1,0,-0.1,-0.1,0,-0.1,-0.1,0,-0.1,0,-0.1,0,-0.1,-0.2,-0.1,-0.2,-0.1,-0.2,-0.2,0.2,-0.2,-0.2,-0.2,-0.2,-0.2,-0.2,-0.1,-0.1,-0.2,0.1,-0.1,-0.1,-0.2,-0.2,-0.1,-0.2,-0.1,0,-0.1,0,0,0,0,-0.2,-0.1,-0.1,0.1,0.1
0.0000048,0.2,0,0,0.1,0.1,0,0,0.1,0,0.1,0,0.2,0,0,0,0.1,0.1,0.1,0.1,0,0,0,0,0,0,0,-0.1,0,0,0.1,0.1,0.1,0.1,0,0.1,0,0,0.1,0,0.1,0,0,0,-0.1,-0.1,-0.1,0,0,0,0.1,0,0,-0.1,-0.1,-0.1,-0.1,-0.1,-0.1,0,0,0,0.1,-0.1,-0.1,-0.1,-0.1,-0.1,-0.1,-0.2,-0.2,-0.1,0.1,-0.2,-0.1,-0.3,-0.2,-0.2,-0.1,-0.1,-0.2,-0.2,0,-0.1,-0.2,-0.2,-0.1,-0.1,-0.1,-0.1,0,-0.1,0.1,-0.1,0,0,-0.1,0,-0.1,0.1,0
0.000005,0.1,0,0.1,0.1,0.1,0,0,0,0.1,0,0,0,0.1,0,0.1,0,0,0,0.1,0,0.1,0.1,0,0,0.1,0,0,0.1,0.1,0,0.1,0,0,0,0,0,0,0,0,0,0,0,0,0,-0.1,0,0,0,0,0,0,0,0,0,0,0,-0.1,0,0,-0.1,0,0.1,-0.1,-0.1,-0.1,-0.1,-0.1,-0.2,-0.2,-0.1,-0.1,0.1,-0.2,-0.2,-0.2,-0.2,-0.2,-0.2,-0.2,-0.2,-0.2,0.1,-0.2,-0.2,-0.2,-0.2,-0.2,-0.2,-0.2,0,-0.1,0.1,0,0,0,0,0,0,0.1,0.1
0.0000052,0.1,-0.1,0,0.1,0.1,0,0.1,-0.1,0,0,0.1,0.1,0,0.1,0,0,0,-0.1,0.1,0.1,0.1,0.1,0.1,0,0.1,-0.1,0,0,0.1,0,-0.1,0.2,0.1,0,0,0,-0.1,0.1,0,0,0,0.1,0,0,0.1,0,0,0,0,0,0,0.1,-0.1,0,0,-0.1,0,0,0,-0.1,-0.1,0.1,-0.1,-0.1,-0.1,-0.2,-0.1,-0.2,-0.1,-0.2,-0.1,0,-0.2,-0.2,-0.2,-0.1,-0.1,-0.2,-0.1,-0.2,-0.2,0.1,-0.2,-0.2,-0.1,-0.2,-0.1,-0.1,-0.2,0,0,0,0,0,0,-0.1,0,0,0.1,0
0.0000054,0,0,-0.1,0,0.1,-0.1,0,0.1,0,0,0,0.1,0,0,0.1,0,-0.1,-0.1,0.1,0.1,0,0.1,0,0,0,0,0,-0.1,0.1,0.1,0.1,0.1,0,0,0,0,-0.1,-0.1,0,0.1,0.1,0.1,0,0,-0.1,0.1,-0.1,-0.1,0.1,0,0.1,0.1,-0.1,-0.1,0,-0.1,-0.1,-0.1,0,-0.1,-0.1,0.1,-0.1,-0.1,-0.1,-0.2,-0.2,-0.1,-0.2,-0.2,-0.1,0.2,-0.2,-0.1,-0.2,-0.2,-0.1,-0.2,-0.2,-0.2,-0.2,0.1,-0.2,-0.1,-0.2,-0.1,-0.1,0,-0.1,0,0,0.2,-0.1,0,-0.1,0,-0.1,0,0.1,0.1
0.0000056,0,0,0,0,0.1,0,0.1,0.1,0,0,0,0.1,0,0,0,-0.1,0,0,0.1,0.1,0.1,0,0,0.1,0.1,0,-0.1,-0.1,0.1,0,0,0.1,0,0,0,0,-0.1,0,0,0,0,0.1,0,0.1,0,0,0,0,-0.1,-0.1,0,0.1,-0.1,0,0,-0.1,-0.1,-0.1,0,-0.1,-0.1,0.1,-0.1,-0.1,-0.1,-0.1,-0.2,-0.2,-0.1,-0.1,-0.1,0.1,-0.3,-0.1,-0.2,-0.2,-0.1,-0.1,-0.2,-0.2,-0.2,0.1,-0.1,-0.1,-0.2,-0.1,-0.1,-0.1,-0.1,0,-0.1,0.2,-0.1,-0.1,-0.1,0,-0.1,0.1,0.1,0.1
0.0000058,0,0,0,0,0,0,0,0,0,-0.1,0.1,0.2,-0.1,0,0,0,0,0,-0.1,0,0.1,0.1,0,0.1,0.1,-0.1,0,-0.1,0.1,0.1,0,0.2,0,0,0,0,-0.1,-0.1,0,0,0,0,0,0.1,0,0.1,0,0,0,0,-0.1,0.1,0,-0.1,0,-0.1,0,-0.1,-0.1,0,-0.1,0.1,-0.1,-0.2,-0.1,-0.2,-0.1,-0.1,-0.2,-0.1,0,0.1,-0.2,-0.2,-0.2,-0.2,-0.2,-0.2,-0.2,-0.2,-0.2,0.1,-0.2,-0.1,-0.1,-0.2,-0.1,-0.2,-0.1,0,-0.1,0.2,0,-0.1,-0.1,0,-0.1,-0.1,0.1,0
0.000006,0.1,-0.1,0.1,0,0.1,0,0,0.1,0,0,-0.1,0.1,0,0,0.1,0.1,-0.1,0,0,0,0,0.1,0,0,0.1,0,0,0,0,0.1,0,0.1,0.1,-0.1,0,0,0,0,0,0,-0.1,0.1,0,0,0,-0.1,0,-0.1,0,-0.1,-0.1,0,0,-0.1,0,-0.1,-0.1,-0.1,0,-0.1,-0.1,0,-0.1,-0.1,-0.1,-0.2,-0.1,-0.1,-0.1,-0.2,-0.1,0.1,-0.2,-0.2,-0.2,-0.1,-0.1,-0.2,-0.2,-0.2,-0.2,0,-0.2,-0.2,-0.2,-0.2,-0.1,-0.1,-0.1,0,-0.1,0.1,-0.1,-0.1,-0.1,0,0,0,0.1,0.1
0.0000062,0,0,0,0,0,0.1,0.1,0.1,0.1,0,0,0.2,0,0,0,0,0,0,-0.1,0,0.1,0.2,-0.1,-0.1,0.1,0,0,-0.1,0,-0.1,0,0.1,0,-0.1,-0.1,0,0.1,0.1,0,0,-0.1,0,0.1,0,0,-0.1,0,-0.1,0.1,0,0.1,0,0,0,-0.1,-0.1,-0.1,-0.1,-0.1,-0.1,-0.1,0.1,0,-0.2,-0.1,-0.2,-0.2,-0.1,-0.1,-0.2,-0.1,0.1,-0.2,-0.2,-0.2,-0.1,-0.2,-0.2,-0.1,-0.1,-0.1,0.1,-0.2,-0.1,-0.1,-0.1,-0.1,-0.1,-0.1,-0.1,0,0,0,-0.1,-0.1,0,0,0,0,0.3
0.0000064,0.2,0,0,0,0.1,0,0.1,0,0,0,0,0,0,0,0,0,0,0,0,0.1,0,0,-0.1,0,0,0,-0.1,0,0.1,0,0.1,0,0,0.1,-0.1,0,0.1,0.1,-0.1,0,-0.1,0.2,-0.1,0,0,0,0,0.1,0.1,0,0.1,0.2,0,0.1,0,-0.1,-0.1,-0.1,0,0,-0.1,0.1,-0.1,-0.1,-0.1,-0.1,-0.2,-0.2,-0.1,-0.2,-0.1,0.1,-0.2,-0.2,-0.1,-0.2,-0.1,-0.1,-0.1,-0.2,-0.1,0,-0.1,-0.2,-0.2,-0.1,-0.1,-0.2,-0.1,-0.1,0,0,0,0,-0.1,-0.1,0,0,0.2,2.7
0.0000066,0.1,0,0,0,0,0,0.1,-0.1,0,0,0,0.1,0.1,0,-0.1,0.1,0.1,0,0,0,0,0,-0.1,0.1,0,0.1,0,-0.1,0.1,0,0,0.1,0.1,0,0.1,0,0,0.1,0,0,0.1,0.1,0,0,0.1,0.1,0,0.1,0,0,0.1,0,0,0,-0.1,-0.2,0,-0.1,-0.1,0,-0.1,0.1,-0.1,-0.1,-0.1,-0.1,-0.2,-0.1,-0.1,-0.2,-0.1,0.1,-0.2,-0.1,-0.2,-0.2,-0.2,-0.2,-0.2,-0.2,-0.1,0.1,-0.1,-0.2,0,-0.1,-0.1,-0.2,0,-0.1,0,0.1,-0.1,-0.1,-0.1,0,0,0,0.2,5.6
0.0000068,0.2,0,0,-0.1,0.1,0,0,0,0,0,0,0.1,0.1,0,-0.1,0,0,0,0.1,0,0,0.2,-0.1,-0.1,0,0.1,0,0,0,0,0.1,0,0.1,0,0.1,0,0.1,0,0,0,0,0,0,0,0,0,0,0,0,0.1,0.1,0,0,0.1,0,0,-0.1,0,-0.1,0.1,-0.1,0.1,-0.1,0,-0.1,-0.2,0,-0.1,-0.1,-0.1,-0.1,0,-0.2,-0.1,-0.3,-0.3,-0.2,-0.2,-0.2,-0.1,-0.2,0.1,-0.1,-0.2,-0.2,-0.1,-0.1,-0.1,-0.1,0,-0.1,0,-0.1,0,-0.1,-0.1,0,-0.1,1.1,5.88
0.000007,0,0,0,-0.1,0,0,0.1,0,0,0,0,0.1,0.2,0,0,0,0,0,0,0.1,0,0.2,-0.1,-0.1,0,0,0,0,0.1,-0.1,0,0,0.1,0,0,0,0,0,-0.1,0,0,0,0,0.1,-0.1,0,-0.1,0.1,0,0,0,0.1,-0.1,0,0,0,0.1,0,0,-0.1,-0.1,0.1,-0.1,-0.2,-0.1,-0.1,-0.2,-0.1,-0.1,-0.1,-0.2,0.2,-0.2,-0.2,-0.2,-0.2,-0.1,-0.2,-0.1,-0.2,-0.1,0,-0.1,-0.2,-0.1,-0.1,-0.1,-0.2,-0.2,-0.1,-0.1,0.1,0,-0.1,0,-0.1,0,-0.1,3.9,2.54
0.0000072,0,0.1,0,0,0.1,0,0,0.1,0,-0.1,0.1,0.1,0,-0.1,0.1,0,0,0,0,0,0.1,0,0,0,0,0,-0.1,0,0,0,-0.1,0,0,0,0,-0.1,0,-0.1,-0.1,0,0.1,0.2,0,0,0.1,-0.1,0,0,0,0,0,0.1,-0.1,-0.1,0,-0.1,0,-0.2,0,-0.1,-0.1,0.1,-0.1,-0.1,-0.1,-0.2,0,-0.2,-0.2,-0.1,-0.2,0.1,-0.1,-0.1,-0.2,-0.3,-0.2,-0.2,-0.2,-0.2,-0.2,0.2,-0.2,-0.2,-0.2,-0.2,-0.1,-0.1,-0.1,0,-0.2,0.2,0,-0.1,-0.1,0,-0.1,-0.1,6.69,0.05
0.0000074,0,0.1,0,0.1,0,-0.1,0.1,0,0,0,0.1,0.1,0,0,0,0,0,0,0,0,0.1,0.1,0,0,0,0,0,0,0,0,0,0,0,0.1,0.1,0,0,-0.1,0,0.1,0,0.1,0,0,0,-0.1,0,0,0,0,0,0.1,0,0,0,-0.1,0,-0.1,0,0,-0.1,0.1,0,-0.1,-0.1,-0.2,-0.1,-0.2,-0.1,-0.2,-0.1,0.1,-0.2,-0.2,-0.2,-0.1,-0.1,-0.2,-0.2,0,-0.1,0.2,-0.1,-0.2,-0.1,-0.1,-0.1,-0.1,0,-0.1,-0.1,0,0,-0.1,0,-0.1,0,-0.1,4.35,0.05
0.0000076,0,0.1,0,0,0,0,0,0,0,-0.1,0.1,0,0.1,0.1,0.1,0,0.1,0.1,0.1,0.1,0,0,0,0,0,0,0,0.1,0.1,0.1,0,0,0.1,0,0.1,0.1,-0.1,0,0,0.2,0,0,0.1,0.1,0,-0.1,0,0,-0.1,0.1,0,0.2,0,0.1,0,0,0,0,0,-0.1,-0.1,0.1,-0.2,-0.1,-0.1,-0.1,-0.1,-0.2,-0.2,-0.2,-0.1,0,-0.2,-0.1,-0.2,-0.2,-0.1,-0.1,-0.2,-0.2,-0.1,0,-0.2,-0.2,-0.2,-0.2,-0.1,-0.1,-0.1,-0.1,0,0.1,0,0,-0.1,0,-0.1,-0.1,1,0.09
0.0000078,0.1,0,0,0,-0.1,0,0,0.1,0,0,0.1,0,0,0.1,0.1,0,0,0,0,0.1,0,0.1,0.1,0,0,0,0,0.1,0,0,-0.1,0.1,0,0.1,0,0,0,0,0,0.1,0,0,0,0,0,0,0,-0.1,-0.1,-0.1,-0.1,0,0,0,0,0,-0.1,-0.1,0,-0.1,-0.1,0.1,0,0,-0.1,-0.1,-0.1,-0.1,-0.2,-0.1,-0.1,0.1,-0.2,-0.2,-0.1,-0.3,-0.2,-0.2,-0.2,-0.2,-0.1,0.1,-0.1,-0.1,-0.2,-0.2,-0.1,-0.1,-0.1,-0.1,-0.1,0.1,0,0.1,-0.1,0,-0.1,-0.1,0.09,0.14
0.000008,0.1,0,0.1,0.1,-0.1,0,-0.1,0,0,0.1,0.1,0.1,0,0.2,0,0.1,0.1,0,0,0,0,0.2,0,0,0,0,0,-0.1,0,0.1,-0.1,0.1,0,0,-0.1,0,0,0,0,0.1,0.1,0,0,0,0,0,0,0,0,0,0,0.1,-0.1,0,0,0,0,-0.1,-0.1,-0.1,-0.1,0.1,-0.1,-0.1,-0.1,-0.2,-0.2,-0.1,-0.2,-0.2,-0.1,0,-0.1,-0.1,-0.2,-0.1,-0.2,-0.2,-0.2,-0.2,-0.2,0.1,-0.2,-0.2,-0.2,-0.2,-0.1,-0.1,-0.1,0,-0.1,0.1,-0.1,0,0,0,0,0,0.09,0.18
0.0000082,0.1,0,0,0.1,0,0,0.1,0,0,0.1,0,0.2,0.1,-0.1,0.1,0,-0.1,-0.1,0,0,0,0,0,0,0,0.1,0,0,0,0.1,0,0.2,0,0,0,0,0,0,0,0,0,0,-0.1,0,-0.1,0,-0.1,0,0,0,-0.1,0.1,0,0,0,0,0,-0.1,-0.1,0,-0.1,0,-0.1,0,0,-0.2,0,-0.1,-0.1,-0.2,-0.1,0,-0.2,-0.2,-0.3,-0.1,-0.1,-0.3,-0.2,-0.2,-0.2,0,-0.2,-0.2,-0.1,-0.2,-0.1,0,-0.1,0,-0.1,0.1,0,0,-0.1,0,-0.1,-0.1,0.09,0.14
0.0000084,0,0.1,0.1,-0.1,0,0,0,0.1,0,0,0,0.2,0,0,0.1,0,0,0,0,0,0.1,0.1,0.1,0,0,0,0,0,0,0,0,0,0,0,0,0,0,0,0,0,0.1,0.2,-0.1,0,0,0,-0.1,-0.1,-0.1,0,0,0.1,0,-0.1,0,0,0,-0.1,0,-0.2,0,0.1,-0.1,-0.1,-0.1,-0.1,-0.2,-0.1,-0.1,-0.1,-0.1,0.2,-0.2,-0.1,-0.2,-0.1,-0.2,-0.2,-0.2,-0.1,-0.2,0,-0.3,-0.1,-0.1,-0.2,-0.1,-0.1,-0.1,-0.1,-0.1,0.1,0,0,-0.1,-0.1,0,-0.1,0.14,0.09
0.0000086,0,0,0.2,0.1,0,-0.1,0.1,0.1,0.1,0.1,0.1,0,0,0,0,0,0,0,0,0,0,0.1,0.1,0,0,-0.1,0.1,-0.1,0,0.1,0,0.1,0.1,0,0,-0.1,0.1,0,0,0,0.1,0.1,0,0,0,0,0,-0.1,0,0,0.1,0,-0.1,0,0,0,0,-0.1,0,-0.1,-0.1,0.1,-0.1,-0.1,-0.1,-0.1,-0.1,-0.1,-0.1,-0.2,-0.2,0,-0.2,-0.1,-0.2,-0.2,-0.2,-0.1,-0.2,-0.1,-0.2,0.1,-0.2,-0.1,-0.1,-0.1,-0.1,-0.1,-0.1,-0.1,0,0.1,-0.1,0,-0.1,-0.1,0,-0.1,0.09,0.18
0.0000088,0,0,0.1,0,-0.1,0.1,0,0,0.1,0.1,0.1,0,0,0,0,0.1,0,0,0,0.1,0,0,0.1,0,0.1,-0.1,0,0,-0.1,0,0.1,0.1,0.1,0,0,0,0,0,0,0,-0.1,0,-0.1,0.1,0,0,0,0,0,0,0,0,0,0,0,-0.1,0,0,-0.1,-0.1,0,0.1,-0.1,-0.1,-0.2,-0.1,-0.1,-0.1,-0.1,-0.1,-0.1,0.1,-0.2,-0.2,-0.3,-0.2,-0.2,-0.3,-0.2,-0.1,-0.1,0,-0.2,-0.1,-0.1,-0.1,-0.1,-0.1,0,-0.1,-0.1,0.2,0,0,0,0,0,0,0.09,0.13
0.000009,0,0,0.1,-0.1,0,0,0.1,0,0.1,0.1,0,0,0.1,0,0,0,-0.1,-0.1,0,0,0,0,0,0,0.1,0,0,0,0,-0.1,0.1,0.1,0,0.1,0,0,0,0,-0.1,-0.1,0,0.2,0,0.1,0,0,0.1,0,0,0,0.1,0.1,-0.1,0,0,-0.1,-0.1,0,-0.1,0,0,0.1,-0.1,-0.1,0,-0.1,-0.1,-0.2,-0.1,-0.1,-0.1,0,-0.1,-0.2,-0.1,-0.3,-0.3,-0.2,-0.2,-0.2,-0.3,0.2,-0.1,-0.2,-0.1,0,-0.1,-0.1,-0.2,0,0,0.1,0,0,-0.1,0,0,-0.1,0.14,0.14
0.0000092,0.2,0.1,0,-0.1,-0.1,0.1,0,0.1,0,0,0,0.2,0,0,0,0,0,0,-0.1,0,0.1,0,0.1,0,0.1,0,-0.1,0,0.1,0,-0.1,0.1,0,-0.1,0,0,0.1,0,-0.1,-0.1,0,0.2,0,0.1,0,0,0,0.1,0,0,0,0,-0.1,0,0,-0.1,0,0,0,0,-0.1,0,-0.1,0,-0.1,-0.1,-0.1,-0.1,-0.1,-0.2,-0.1,0.1,-0.2,-0.2,-0.1,-0.2,-0.3,-0.2,-0.2,-0.2,-0.1,0,0,-0.2,-0.1,-0.1,-0.1,-0.1,-0.1,-0.1,-0.1,0.1,0,0,0,0,0,-0.1,0.14,0.09
0.0000094,0.2,0,0.1,-0.1,-0.1,0.1,0,0,0,0,0.1,0.1,0.1,-0.1,0.1,0,-0.1,0.1,-0.1,0.1,0,0.1,0.1,0.1,0,-0.1,0,0,0,0,0,0,0.1,0,0,0,0,-0.1,0,-0.1,0,0.1,0,0.1,-0.1,0,0,0,0.1,0,0,0.1,0,-0.1,0.1,0,-0.1,0,0,-0.2,-0.1,0,-0.1,-0.1,-0.1,-0.1,-0.1,-0.2,-0.1,-0.1,-0.1,0.1,-0.3,-0.2,-0.2,-0.2,-0.2,-0.2,-0.1,-0.2,-0.3,0.1,-0.1,-0.2,-0.2,-0.2,-0.1,-0.1,-0.1,-0.1,0,0,-0.1,0,-0.1,0,-0.1,-0.1,0.09,0.09
0.0000096,0.2,-0.1,0,0.1,0.1,0.1,0,0,0,0,-0.1,0,0.1,0,0,0,0,0.1,0,0,0,0.1,0,-0.1,0.1,0,0.1,0,0.1,0,-0.1,0,0,0,0.1,0,0,0,-0.1,-0.1,0,0,0,0,-0.1,0,0,0,0,0,0,0,0,0,0,0,0,0,-0.1,0,-0.1,0,0,-0.1,-0.1,-0.1,-0.1,-0.1,-0.2,-0.2,-0.1,0,-0.1,-0.2,-0.2,-0.3,-0.2,-0.1,-0.2,-0.2,-0.2,0,-0.1,-0.2,-0.1,-0.1,-0.2,-0.2,-0.1,-0.1,-0.1,0,0,-0.1,0,-0.1,0,0,0.09,0.13
0.0000098,0.1,0,0.1,-0.1,0,0.1,0,0,0,0,0,0,0,0,0,0,0.1,0,0,0,0.1,0.1,0,0,0,0,0,-0.1,0,0,0.1,0.1,0,0,0,0,0,0,-0.2,0,0,0.1,0,0,-0.1,0,-0.1,-0.1,-0.1,0,0,0,0,0,0,-0.1,0.1,0.1,0,-0.1,-0.1,0.1,-0.1,-0.1,-0.2,-0.2,-0.1,-0.1,-0.1,-0.1,-0.2,0,-0.2,-0.2,-0.2,-0.2,-0.1,-0.2,-0.2,-0.2,-0.2,0.1,-0.1,-0.2,-0.1,-0.1,-0.1,-0.2,-0.2,-0.2,-0.1,0.2,-0.1,-0.1,0,0.1,0,0,0.14,0.14
0.00001,0.2,0,0,-0.1,0,0,0,0,0,0,0,0,0.1,0.1,0.1,0,-0.1,0,0,0,0,0.1,0,-0.1,0,0,0,0,-0.1,0,0.1,0,0.1,0,0,0,0,0,0,0,0.1,0,0,-0.1,0,0,0,0,0,-0.1,-0.1,0.2,0,0,0,0,0,0,0,0,0,0.2,-0.1,-0.1,-0.1,-0.2,-0.1,-0.2,-0.1,-0.2,-0.2,0.1,-0.3,-0.2,-0.1,-0.3,-0.2,-0.2,-0.1,-0.2,-0.1,0,-0.2,-0.1,-0.1,-0.1,-0.2,-0.1,-0.2,-0.1,-0.1,0,-0.1,0,0,0,-0.1,0.1,0.14,0.09
0.0000102,0.1,0,-0.1,0,0,0.1,0.1,0,0,0,0,0,0,0,0.1,-0.1,0.1,0,0,0,0.1,0,-0.1,0.1,0,0,0,0.1,0,0,0.1,0.1,0,0,0,0.1,0,0,0,0,0.1,0.1,0,0.1,-0.1,0,0,-0.1,-0.1,-0.1,-0.1,0,0,-0.1,0,0,0,0,0,-0.1,-0.1,0.2,-0.1,-0.1,-0.1,-0.1,-0.1,-0.2,-0.1,-0.1,-0.1,0.2,-0.2,-0.2,-0.1,-0.2,-0.2,-0.2,-0.2,-0.2,-0.2,0,-0.2,-0.2,-0.1,0,0,-0.1,-0.2,-0.1,-0.1,0.1,0,0,0,-0.1,-0.1,0,0.09,0.18
0.0000104,0,0.1,0,-0.1,0.1,0,0,0,0,0,0,0.1,0,0,0,0,0.1,0.1,0,0,0.1,0,-0.1,0,0.1,0,-0.1,0.1,0.1,0,-0.1,0.1,0,0,0,0.1,0,0,0,0,0,0.2,0,0,0,0,-0.1,-0.1,0,-0.1,0,0.1,0,0,0,0,0,0,0,0,0,0,-0.1,-0.1,-0.2,-0.1,-0.1,-0.2,-0.2,-0.2,-0.1,0.1,-0.2,-0.1,-0.2,-0.2,-0.1,-0.2,-0.2,-0.1,-0.2,0,-0.3,-0.2,-0.1,0,-0.2,-0.1,0,-0.1,-0.1,0.1,-0.1,0,0,0,0,-0.1,0.09,0.04
0.0000106,0.1,0.1,0.1,0.1,0,0,0.1,0.1,0,0.1,0.1,0.1,0,0,0,0,0,0.1,0,0,0.1,0.1,0.1,0.1,0.1,0,0.1,0.1,0.1,-0.1,0.1,0.1,0.1,0,0,0,0,0,0,0.1,0,0.1,0,0,0,0,0.1,0,0,-0.1,-0.1,0.1,0,0,0,0,-0.1,-0.1,-0.1,0,-0.1,0,-0.1,-0.1,-0.1,-0.2,-0.1,-0.1,-0.2,-0.1,-0.2,0.1,-0.2,-0.2,-0.1,-0.1,-0.1,-0.1,-0.2,-0.2,-0.2,0,-0.2,-0.2,-0.1,-0.1,0,-0.2,0,-0.1,0,0,-0.1,-0.1,0,-0.1,0,0,0.09,0.09
0.0000108,0,0,0,0.1,0,0.1,0,0,0.1,0.1,0,0.2,0,0,0,0,0,0,0,0,0,0,0,0,0,0,0,0.1,-0.1,0,0,0,0,-0.1,-0.1,0,0,0,0,0.1,0.1,0.1,-0.1,0,0,0,0,0.1,0,0,0,0.2,0,-0.1,-0.1,0,-0.1,-0.1,-0.1,0,0,0.1,-0.1,-0.1,-0.2,-0.1,-0.1,-0.1,-0.2,-0.2,-0.1,0,-0.1,-0.2,-0.1,-0.1,-0.2,-0.1,-0.2,-0.2,-0.3,0.1,-0.1,-0.2,-0.2,-0.1,-0.2,0,-0.1,0,-0.1,0.1,0,-0.1,0,0,0,-0.1,0.09,0.09
0.000011,0,0,-0.1,0,0,0,0,0.1,0.1,0.1,0,0,0,0,0,0,0.1,0,0,0,0,0.1,0,0,0,0,-0.1,0,0,0,0,0.2,0.1,0,0,0.1,0,0,0.1,0,0,0.2,-0.1,-0.1,0.1,0,0.1,-0.1,0.1,0,0,0.1,0,0,0,0,-0.1,0,-0.1,-0.1,-0.1,0.2,-0.1,-0.1,-0.1,-0.1,-0.1,-0.1,-0.2,-0.1,-0.1,0,-0.2,-0.2,-0.1,-0.2,-0.2,-0.2,-0.2,-0.2,-0.1,0.1,-0.1,-0.2,-0.1,-0.1,-0.2,-0.1,-0.1,-0.1,-0.1,0,0,0,-0.1,0,0,0,0.14,0.14
0.0000112,0.1,0.1,0,0,0.1,0,0,-0.1,0.1,0,0,0.2,-0.1,0,0,0,0.1,0,0,0,-0.1,0.1,0.1,0.1,0,0,0.1,0,0,0,0,0,0.1,-0.1,0,0,0,0,0,0,0,0.1,-0.1,0,0.1,0.1,0,0.1,0,-0.1,0,0.1,0,0,-0.1,0,-0.1,-0.1,0,-0.1,-0.1,0,-0.1,-0.1,-0.1,-0.1,-0.1,-0.1,0,-0.2,-0.1,0.2,-0.2,-0.2,-0.1,-0.1,-0.2,-0.2,-0.2,-0.2,-0.1,0,-0.1,-0.2,-0.1,-0.1,-0.1,-0.1,-0.1,-0.1,-0.1,0.1,0,-0.1,0,0,0,0,0.04,0.09
0.0000114,0,0,0,-0.1,0,0.1,0,-0.1,-0.1,0.1,0,0.1,0,-0.1,0,0,0,0,0,0,0,0,-0.1,0,0,0,0,-0.1,0.1,0.1,0,0.1,0.1,-0.1,0.1,-0.1,-0.1,0.1,0,0,0,0.1,-0.1,0,0,0.1,0,0,-0.1,0,0,0.2,0,0,-0.1,-0.1,-0.1,0,0,-0.1,-0.1,0.1,-0.1,-0.2,-0.1,-0.2,-0.1,-0.1,-0.2,-0.1,-0.1,0,-0.2,-0.2,-0.2,-0.3,-0.1,-0.2,-0.2,-0.2,-0.2,0.1,-0.1,-0.1,-0.2,-0.1,-0.1,-0.1,-0.1,0,-0.1,0,0,0.1,-0.1,0,-0.1,0,0.09,0.04
0.0000116,0.1,0,0,0,0.1,0,0.1,0.1,0.1,-0.1,-0.1,0,0,0,0.1,0,0.1,-0.1,0,0,0,0,0.1,0.1,0,-0.1,0,0,0,0.1,0,0.2,0,0,0.1,0.1,-0.1,-0.1,0,0,0.1,0.2,0.1,0,-0.1,0,0,0,-0.1,0,0,0,0,-0.1,0.1,-0.1,0,0,-0.1,0,-0.1,0,-0.1,-0.1,-0.1,-0.1,-0.1,-0.1,-0.2,-0.1,-0.1,0.1,-0.1,-0.2,-0.2,-0.2,-0.2,-0.3,-0.1,-0.2,-0.2,0,0,-0.1,-0.1,-0.1,-0.1,-0.1,-0.2,-0.1,0,0.1,0,-0.1,0,-0.1,0,0,0.14,0.09
0.0000118,0.2,0.1,0,-0.1,0,0,0.1,0,0,0,0,0.1,0.1,0,0.1,0.1,0,0,-0.1,0,0,0.2,0,0.1,-0.1,0.1,0,0,0,0,0,0,0,0,0,-0.1,0,-0.1,0,-0.1,0,0.2,0,0,0,0,0,0.1,0,0,0,0.2,0,-0.1,0,-0.1,0,0.1,-0.1,0,0,0.1,0,-0.1,-0.1,-0.1,-0.2,-0.2,-0.2,-0.1,-0.1,0,-0.1,-0.2,-0.1,-0.2,-0.2,-0.2,-0.2,-0.1,-0.2,0.1,-0.2,-0.1,-0.2,-0.1,-0.2,-0.1,-0.2,-0.1,0,0.2,0,-0.2,0,0,0,0,0.05,0.13
0.000012,0.1,0,0.1,0.1,0.1,0,0,-0.1,0,0,-0.1,0.1,0,0,0,-0.1,0,-0.1,0,0,0,0.1,0.1,0,-0.1,0,-0.1,0,0,-0.1,0,0.1,0.1,0.1,0.1,0,0,0,0.1,0,0,0.1,-0.1,0,0,0,0,0,0,0,0,0,0,0,0,-0.1,-0.1,0,-0.1,0,-0.1,0.1,0,-0.1,-0.1,-0.1,-0.1,-0.2,-0.1,-0.1,-0.2,0.1,-0.2,-0.1,-0.2,-0.2,-0.1,-0.2,-0.1,-0.1,-0.1,0,-0.1,-0.1,-0.1,0.1,-0.1,-0.1,-0.1,-0.1,0,0.1,0,-0.1,-0.1,0,0,-0.1,0.14,0.14
0.0000122,0.1,0,0,0.1,0.2,0.1,0.1,0,0.1,0,-0.1,0.1,0.1,0,0,0,0.1,0.1,0,0,0,0,0,0.1,0,0,0.1,0,0.1,0,0,0.1,0,0.1,0,-0.1,0,0,0,0,0,0.1,0.1,0,0.1,0,0,0,-0.1,0,0,0.1,0,0,0,-0.1,-0.1,0,0,0,-0.1,0,-0.1,-0.1,0,0,-0.2,-0.1,-0.2,-0.1,-0.1,0.2,-0.2,-0.1,-0.2,-0.2,-0.2,-0.2,-0.1,-0.1,-0.1,0,-0.2,-0.1,-0.1,0,-0.1,-0.1,-0.1,-0.1,-0.1,0.1,0,-0.1,-0.1,0,0,0,0.09,0.09
0.0000124,0.1,-0.1,0,0,0,0,0,0,0.1,0,-0.1,0.1,0,0.1,0,0,0,0,0,0.1,0,0,0,0,0,0,0,-0.1,0,0,0,0.1,0,0.1,0,0.1,0,0,0,0,0.1,0.1,0.1,0,0,0,-0.1,0,0,-0.1,0.1,0,0,-0.1,0,-0.1,-0.1,-0.1,0,0,-0.1,0,-0.1,-0.1,-0.1,-0.2,-0.1,-0.1,-0.2,-0.2,-0.1,0.1,-0.2,-0.2,-0.2,-0.1,-0.2,-0.2,-0.2,-0.2,-0.1,0.1,-0.2,-0.1,-0.2,0.1,-0.1,-0.1,-0.1,-0.1,-0.2,0.1,0,0,0,0,0,0.1,0.13,0.04
0.0000126,0.1,0,0,0,0,0,0,0,0.1,0,0,0.1,0,0,0,0,0,0.1,0.1,0,0.1,0,0,0.1,0,0,0,0,0.1,0,0,0.1,0.1,0,0,0,-0.1,0,0,0,0,0,0,0,0,0,0.1,0.1,0,-0.1,0.1,0,0,0,0,0,0,-0.1,0,0,0,0,0,0,-0.2,-0.2,-0.1,-0.1,-0.1,-0.2,-0.1,0,-0.2,-0.2,-0.2,-0.2,-0.1,-0.1,-0.2,-0.1,-0.1,0,-0.1,-0.2,-0.2,0.1,-0.2,-0.1,-0.1,0,-0.1,0.1,0,-0.1,0,0.1,0,0.1,0.09,0.14
0.0000128,0.1,0,0,0.1,-0.1,0,0,0,0.1,0,0,0.1,0.1,0,0,0.1,0,0,0,0,0.1,0,0,0,0,0,0,0.1,-0.1,0,0,0.2,0,0,0,0,0,0,0,0,0,0.1,0.1,0,0,0,0,-0.1,-0.1,0,0,0.1,0,0,0,-0.1,-0.1,-0.1,0,-0.1,0,0.2,-0.1,0,-0.1,-0.1,-0.1,-0.1,-0.1,-0.2,-0.2,0,-0.2,-0.2,-0.1,-0.1,-0.1,-0.1,-0.2,-0.1,-0.1,0,-0.1,-0.1,-0.1,0,-0.2,-0.1,-0.1,-0.1,0,0,0,-0.1,0,0,0,-0.1,0.09,0.05
0.000013,0.1,0.1,0,0.1,0,0.1,0.1,0.1,0,0.1,0.1,0,0.1,0,0,0,0,0,0.1,0,0.1,0,-0.1,0,0,0.1,0.1,0.1,0,0,0,0.2,0,0,0,0.1,0.1,0,0.1,0,-0.1,0,-0.1,0,-0.1,0,0,-0.1,0,0,0,0,0.1,-0.1,0.1,-0.1,-0.1,0,-0.1,-0.1,0,0.1,-0.1,0,0,-0.2,-0.1,-0.2,-0.1,-0.2,-0.1,0.1,-0.2,-0.2,-0.2,-0.1,-0.1,-0.2,-0.2,-0.2,-0.2,0,-0.2,-0.2,-0.1,0,-0.1,-0.1,-0.1,-0.1,-0.1,0.2,-0.1,0,-0.1,0.1,0,0,0.04,0.14
0.0000132,0,0,-0.1,0.1,-0.1,0,0,0,0,0.1,0,0,0,0,0,-0.1,0,0,0.1,0.1,0.1,0.1,0,0,0,-0.1,0,0,0,0,0,0.1,0.1,0,0,0.1,0,0,0.1,0,0,0,0,0.1,0,0,-0.1,0,-0.1,0,-0.1,0.1,0,0,-0.1,-0.1,-0.1,-0.1,0,-0.1,-0.1,0.1,0,-0.1,0,-0.1,-0.1,-0.2,-0.1,-0.2,-0.1,0.2,-0.2,-0.2,-0.2,-0.1,-0.3,-0.2,-0.2,-0.2,-0.2,0,-0.2,-0.1,-0.2,0,-0.1,-0.1,-0.1,0,0,0.1,0,-0.1,0,0,0,0,0.09,0.09
0.0000134,0.1,0,0,0,-0.1,0,0.1,0,0.1,0,0.1,0.2,0,0,0,0,0,0.1,0,0,0.1,0,0,0,0,0,0,0,0,0,0,0,0,0,0,0.1,0.1,0,0,0,-0.1,0,-0.1,0,0.1,0.1,-0.1,0,0.1,0,0,0.1,-0.1,0,0.1,0,0,0,0,-0.1,0,0,-0.1,0,-0.1,-0.1,-0.1,-0.1,-0.2,-0.2,-0.2,0.1,-0.2,-0.1,-0.1,-0.1,-0.1,-0.2,-0.2,-0.2,-0.2,0.1,-0.1,-0.1,0,0,-0.1,-0.2,0,-0.1,-0.1,0.1,0,0.1,-0.1,-0.1,0,0,0.04,0.09
0.0000136,0.2,0,-0.1,0.1,0,0,0,0,0,0,0,0,0,0,0.1,0,0.1,0,0.1,0,0,0,0.1,0,0.1,0.1,0.1,0,0.1,0.1,0,0,0,0,0.1,0,0,-0.1,0.1,-0.1,0.1,0,0.1,0.1,0.1,0.1,0,0,-0.1,-0.1,0,0,0,-0.1,0.1,0,0,0,0,0,0,0,-0.1,-0.1,-0.1,-0.2,-0.2,-0.2,-0.2,-0.2,-0.1,0,-0.2,-0.3,-0.1,-0.2,-0.1,-0.2,-0.2,0,-0.3,0.1,0,-0.2,-0.2,0,-0.1,-0.1,-0.1,-0.1,-0.1,0.1,0,0,-0.1,-0.1,0,0,0.14,0.09
0.0000138,0,0,0,0,0,0.1,0,0,0,0,0,0.1,0,-0.1,0,0,0.1,0,0,0,0,0.1,0,0,0.1,-0.1,0.1,0,0.1,0,0,0.1,0.1,0,0,0,0,0,0,0,0,0,0,0,0.1,0,0.1,0,0,0,0,0.1,-0.1,0,0,0,0,0,0,-0.1,-0.1,0.1,0,-0.1,-0.1,-0.1,-0.1,-0.1,-0.1,-0.1,-0.2,0,-0.2,-0.3,-0.2,-0.1,-0.2,-0.2,-0.1,-0.2,-0.2,0,0,-0.1,-0.1,0,-0.2,0,-0.2,-0.1,0,0.2,0,-0.1,0,-0.1,0,0,0.09,0.05
0.000014,0,0,0,0.1,0,0,0,0.1,0,0,0,0.1,0,0,0,0,0.2,0,0,0,0,0,0,0.1,0.1,0,0,0,0.1,0.1,0,0,0.1,-0.1,0,0,0,0,0,0,0.1,0.1,0,0,0,0,0.1,0,0,0,0,0.1,0.1,0,0,-0.1,-0.1,0,0,-0.1,0,0,-0.1,-0.1,-0.1,-0.1,-0.2,-0.2,-0.1,-0.1,-0.2,0.2,-0.1,-0.3,-0.2,-0.2,-0.1,-0.2,-0.2,-0.1,-0.2,0,-0.1,-0.1,-0.1,0,-0.1,-0.1,0,-0.1,0,0.1,0,-0.1,-0.1,0,0.1,0,0.09,0.09
0.0000142,0.2,0,0,0,0.1,0,0,0.1,0,0,-0.1,0.1,0,0,0,0.1,0,0,0,0,0,0,0,0,0,0.1,0,0,0,0,0,0.2,0.1,0,0.1,0,0,-0.1,0,0,0,0.1,0,0,0,0,0,0,0,-0.1,0,0,0,0,0,-0.1,0,-0.1,-0.1,-0.1,0,0.1,-0.1,-0.1,-0.1,-0.1,-0.1,-0.1,-0.1,-0.2,-0.1,0,-0.2,-0.2,-0.2,-0.2,-0.2,-0.2,-0.1,-0.2,-0.2,0.1,-0.1,-0.1,-0.2,-0.1,-0.2,-0.1,-0.1,-0.1,-0.1,0.1,-0.1,0,-0.1,0.1,0,0,0.14,0.13
0.0000144,0,0,0,0,0.1,0,0,0.1,0,0,0,0.1,0,0.1,0.1,0,0.1,0,0,0,0,0,-0.1,0,0,0,0,0,0.1,0,-0.1,0,0,0,0.1,0.1,0.1,0,0,0,0,0.1,0,-0.1,0,-0.1,0,0.1,0,0,0,0.2,0,0,0,0,0,0,0,-0.1,0,0,-0.2,-0.1,-0.1,-0.2,-0.2,-0.1,-0.1,-0.2,-0.1,0.1,-0.1,-0.2,-0.2,-0.2,-0.2,-0.2,-0.3,-0.2,-0.1,0,-0.2,-0.1,-0.2,0,-0.2,-0.1,-0.1,-0.2,-0.1,0,0,-0.1,-0.1,0,0,0,0.04,0
0.0000146,0,-0.1,0,0,0,0,0.1,0,0,0,-0.1,0.1,-0.1,0,0,0.1,0.1,-0.1,0,0,0,0.1,-0.1,0.1,0,0,0,0,0,0,0.1,0,0.1,0,0,0,0,0,0,0,0,0.1,-0.1,0,-0.1,0,0,-0.1,0,0.1,0,0.1,0,0,0,0,-0.1,0,0,-0.1,0,0.2,0,-0.1,0,-0.2,-0.1,-0.1,-0.2,-0.2,-0.1,0,-0.1,-0.2,-0.2,-0.2,-0.2,-0.2,-0.3,-0.2,-0.1,0,-0.2,-0.1,-0.1,-0.1,-0.2,-0.1,-0.1,0,0,0.1,-0.1,0,0,-0.1,0,0,0.04,0.14
0.0000148,0.1,0,0,0.1,0.2,0,0.1,0.1,0,0,-0.1,0.1,0,0.1,0.1,0,0.1,0.1,0,0,0,0.2,-0.1,0,0.1,0.1,0.1,-0.1,0.1,0,0,0.1,0,0.1,0,-0.1,0,0.1,-0.1,-0.1,0,0.1,0,-0.1,0,0,0.1,0,0,0,0,0.1,0.1,0,0,0,0,0,0,-0.1,-0.1,0,0,-0.1,-0.1,-0.1,-0.1,-0.2,-0.1,-0.1,-0.2,0.2,-0.2,-0.1,-0.2,-0.1,-0.3,-0.2,-0.2,-0.2,-0.2,0.1,-0.2,-0.2,-0.1,-0.1,-0.1,-0.1,-0.1,-0.1,-0.1,0.1,-0.1,-0.1,-0.1,-0.1,0,-0.1,0.04,0.04
0.000015,0.2,0,0.1,0.1,0.2,-0.1,0,-0.1,0,0,0.1,0.1,0,0,-0.1,0,0,0.1,0.1,0,0.1,0.1,0,0,0.1,0,0,0,0,0,0,0,0,0.1,0,0,0.1,0,0,-0.1,0,0,0,-0.1,0,-0.1,0,0.1,0,0,0,0.1,0,0,0,0,0,0,0,0,0,0,-0.1,-0.1,-0.1,-0.2,-0.1,-0.1,-0.2,-0.1,-0.1,0.1,-0.2,-0.2,-0.2,-0.2,-0.2,-0.2,-0.2,-0.2,-0.1,0,-0.2,-0.1,-0.1,0,-0.1,0,-0.1,-0.1,-0.1,0,-0.1,-0.1,-0.1,0,0,-0.1,0.14,0.13
0.0000152,0.1,0,0,0,0,-0.1,0.1,0,0,0.1,0.1,0.1,0,0.1,0,0.1,0,0,0.1,0,0.1,0.1,0,0.1,0,0,0,0,0,0,0,0,0,0,0.1,0,0,0,0,0,0,0.1,0,0,0.1,0,0,-0.1,0,0,0,0.1,-0.1,-0.1,0,0,-0.1,0,0,-0.1,0,0,0,-0.1,-0.1,-0.1,-0.1,-0.1,-0.1,-0.2,-0.1,0,-0.2,-0.1,-0.1,-0.2,-0.3,-0.2,-0.1,-0.1,-0.3,0.1,-0.1,-0.1,-0.1,-0.2,-0.2,-0.2,0,-0.1,-0.2,0.2,-0.1,0,-0.1,-0.1,0,0.1,0.09,0.04
0.0000154,0.1,0,0.1,0,0,0.1,-0.1,0,0,0,0.1,0.1,0,0.1,0,0,-0.1,-0.1,0,0.1,0.1,0.1,0,0,0.1,0,0,0,-0.1,0.1,0,0,0,0,0,0,-0.1,0,0.1,-0.1,0,0.1,0,0,0,0.1,0,-0.1,0.1,0,0,0.1,0,0,0,-0.1,-0.1,-0.1,0,0,0,0.1,-0.1,-0.1,-0.1,-0.1,-0.1,-0.1,-0.1,-0.1,-0.1,0.1,-0.2,-0.2,-0.2,-0.2,-0.1,-0.2,-0.1,-0.1,-0.1,0.2,-0.2,-0.1,-0.1,-0.1,-0.1,-0.1,-0.1,-0.2,0,0,-0.1,0,-0.1,0,0,0,0.09,0.09
0.0000156,0,0.1,0,0.1,0,-0.1,0.1,0,0,0.1,-0.1,0.1,0,0,0,0,0.1,0,0,0,0.1,0,0,0,0.1,0,0,0,0,0.1,0,0.1,0,0,0.1,0.1,0,0,0,-0.1,0,0.1,0.1,0.1,0,-0.1,0.1,0,0,0.1,-0.1,0,0,0,0.1,0,0,0,0,0,0,0.1,-0.1,-0.1,-0.1,-0.1,-0.1,-0.2,-0.2,-0.1,0,0.2,-0.2,-0.2,-0.2,-0.2,-0.1,-0.2,-0.2,-0.1,-0.2,0.1,-0.1,-0.1,-0.1,-0.1,-0.1,-0.1,-0.1,-0.1,-0.1,0.2,0,0,-0.1,0.1,0,-0.1,0.09,0.09
0.0000158,0.2,0.1,0.1,0,0.1,-0.1,0,0,0,0.1,0,0.2,0,0,0,-0.1,0,0,0,0,0.1,0,0.1,0.1,0,0,-0.1,0,0.1,0,0,0.1,0,0,0,0.1,0,0,0.1,0,0,0.2,0,0.1,0,0,0,0,0,0,0,0.2,0,0,0,-0.1,0,0.1,0,0,0,0,-0.2,-0.1,-0.1,-0.2,-0.1,-0.2,-0.1,-0.1,-0.1,0.1,-0.1,-0.2,-0.2,-0.1,-0.2,-0.2,-0.2,-0.1,-0.2,0,-0.1,-0.2,-0.1,-0.1,-0.1,-0.1,-0.1,-0.1,-0.1,0.1,-0.1,0,-0.1,0.1,0,0,0.04,0.14
0.000016,0,0,0,0.1,0,0,0,0,0,0,0,0,-0.1,-0.1,0.1,0,0,0,0,0.1,0,0,0.1,0.1,0,0,-0.1,0,-0.1,0,-0.1,0,0,-0.1,0,0.1,0,0,0,0,0.1,0,0.1,0.1,0,0,0.1,0,0,0,0,0.2,0,0,0,0,0,0,0,-0.1,-0.1,0.1,-0.1,-0.1,-0.1,-0.2,-0.1,-0.1,-0.1,-0.1,-0.1,0.1,-0.1,-0.2,-0.1,-0.2,-0.2,-0.2,-0.2,-0.2,-0.2,0,-0.1,-0.1,-0.1,-0.2,-0.1,-0.1,-0.1,-0.1,-0.1,0,-0.1,0,-0.1,0.2,0,-0.1,0.18,0.14
0.0000162,0.1,0.1,0,0,0,0,0.1,0,0.1,0,0,0,0.1,0.1,0,0.1,0.1,0,0,0,0,0.1,0.1,0.1,0.1,0,0,0,0,0.1,-0.1,0,0.1,0.1,-0.1,0,0,0,0,0,0,0.2,0,0,0,0,0,0,0,0,0,0.2,-0.1,0,0,-0.1,-0.1,0,0,-0.1,-0.1,0,0,-0.1,-0.1,-0.1,-0.2,-0.1,-0.1,-0.1,-0.2,0.1,-0.2,-0.2,-0.1,-0.2,-0.2,-0.2,-0.1,-0.1,-0.1,0.2,-0.1,-0.1,-0.2,-0.1,-0.1,-0.2,-0.1,-0.1,-0.1,0,0,0,0,0.2,0,0,0,0.09
0.0000164,0,0.1,-0.1,0.1,0.2,0,0,0,0.1,0,0.1,0.1,0.1,0,0.1,0,0.1,0,0,0.1,-0.1,0.1,0,0,0,0,0,0,0.1,0,0,0.1,-0.1,-0.1,0,0,0,0.1,0,0.1,0,0.1,-0.1,0,0,0,0,0,0,0,-0.1,0,-0.1,0,0,0,0,-0.1,0,-0.1,0,0.1,0,-0.1,-0.1,-0.2,-0.2,-0.1,-0.1,-0.1,-0.2,0,-0.2,-0.1,-0.2,-0.2,-0.2,-0.2,-0.2,-0.2,-0.3,0.1,-0.1,-0.1,-0.2,-0.2,-0.1,-0.1,-0.1,-0.1,-0.2,0.1,0,0,-0.1,0.2,0,0,0.09,0.09
0.0000166,0.2,0,0,0,0.1,0.1,0,0,0.1,0,0.1,0.2,0,0,0,0,0.1,0,0,0,0,0.1,-0.1,0,-0.1,0,0.1,-0.1,0,0,0.1,0,0,0,0.1,0,0,0.1,0.1,0.1,0,0.1,0,0,0,0.1,0,0.1,0,0,0.1,0.1,0,0,-0.1,0,0.1,0,-0.1,0,-0.2,0.1,0,-0.2,0,-0.3,-0.2,-0.1,-0.1,-0.1,-0.1,0,-0.1,-0.1,-0.1,-0.2,-0.3,-0.2,-0.2,-0.2,-0.1,0,-0.1,-0.1,-0.1,-0.1,-0.1,-0.1,-0.1,-0.1,-0.1,0,-0.1,-0.1,0,0.1,0,0,0.09,0
0.0000168,0.2,-0.1,0.1,0,0.1,0.1,0.1,0,0,0,0.1,0,0,0.1,0,0,0,0,0,0,0,0.1,0,0,0,0,0.1,0.1,0,0,0,0.1,0,0,0,0,0,0,-0.1,0,0.1,0.1,-0.1,0,0,0,0,0,0,0,0,0,0,0,0,0,0,-0.1,0,-0.1,-0.1,0.1,0,-0.1,0,-0.2,-0.1,-0.1,0,-0.2,-0.1,0.2,-0.2,-0.2,-0.2,-0.2,-0.2,-0.2,-0.2,-0.2,-0.2,0,-0.1,-0.2,-0.1,-0.1,-0.1,-0.1,-0.1,0,-0.1,0,0,0,-0.1,0.2,-0.1,-0.1,0.04,0.09
0.000017,0.1,0,0,0.1,0,0,0,0.1,-0.1,-0.1,0,0.1,0,0.1,0,0,0,0,0,0,0,0.1,0,0,0,0,0,0,-0.1,0,0,0.1,0,0,0,0,0,0.1,0,0,0,0,-0.1,0,0,0,0,0,0,0,-0.1,0.2,0.1,-0.1,0,0,0,-0.1,-0.1,0,0,0,0,-0.1,-0.1,-0.2,-0.1,-0.1,0,-0.1,-0.2,0.1,-0.2,-0.2,-0.1,-0.2,-0.1,-0.2,-0.3,-0.2,-0.2,0.1,-0.2,-0.2,-0.1,-0.1,-0.2,-0.1,0,-0.1,-0.1,0,-0.1,-0.1,-0.1,0.2,-0.1,-0.1,0.04,0.04
0.0000172,0.2,0,0,0.1,0,0.1,0,0,-0.1,0,0,0.1,0,0.1,0.1,0.1,0.1,0,0,0,-0.1,0,0,0,0,0,0.1,0,0,0,0.1,0.1,0,0,0,0,0,0,0.1,0,0.1,0,0,0,0,0,0,0,0.1,0.1,0,0.1,0,0,-0.1,-0.1,-0.1,0,-0.1,0,0,0,-0.1,-0.1,-0.1,-0.2,-0.1,-0.1,-0.1,-0.1,-0.1,0.2,-0.1,-0.1,-0.1,-0.2,-0.2,-0.2,-0.2,-0.2,-0.2,0,-0.1,-0.2,-0.2,-0.1,-0.1,-0.1,-0.1,0,-0.1,0.1,0,-0.1,0,0.2,0,0,0.04,0.09
0.0000174,0,0,0,0.1,0,-0.1,0,0,0,0,0,0.1,0,0.1,0,0.1,0.1,0,0,0,0,0.1,0,0.1,0,0,0,0,0,0,0.1,0,0,0,0,0,-0.1,0,-0.1,0.1,0,0.2,0,0,0,0,0.1,0,0.1,0,0.1,0.1,0.1,0,0,0,-0.1,-0.1,0.1,0,0,0.1,0,-0.1,-0.1,-0.2,-0.1,-0.1,-0.1,-0.1,-0.2,0.1,-0.2,-0.1,-0.2,-0.1,-0.2,-0.2,-0.2,-0.2,-0.1,0,-0.2,-0.1,-0.1,-0.1,-0.1,-0.1,-0.1,0,-0.1,0.2,-0.1,0,-0.1,0.2,0,-0.1,0.09,0.09
0.0000176,0.1,0.1,0,0,0,0.1,0,0.1,0,-0.1,0.1,0,0,0,0,0,0,0,0,0.1,0.1,0,0,0,-0.1,0,-0.1,0,0.1,0,-0.1,0.1,0.1,0,0,0.1,0,0,0,0,0,0,0,0,0,0,0,0,0.1,0,-0.1,0.1,0.1,-0.1,-0.1,-0.1,-0.1,0,0,-0.1,-0.1,0,0,-0.1,-0.1,-0.2,-0.1,-0.2,-0.1,-0.1,-0.2,0,-0.1,-0.2,-0.1,-0.1,-0.2,-0.3,-0.2,-0.2,-0.1,0.1,-0.2,-0.2,-0.1,-0.1,-0.1,-0.1,-0.1,-0.1,0,0,0,0.1,0,0.1,0,0,0.09,0.09
0.0000178,0.1,0,0.1,0.2,0,0.1,0,0,0,0,0,0.1,0,0.1,0.1,0,0,0.1,-0.1,-0.1,0,0,0,0,0,0,0,0,0,0,0,0,0,0,0,0.1,0,0.1,-0.1,0,0,0.1,0,0,-0.1,0,0,0,0.1,0.1,0,0.2,0.1,-0.1,-0.1,-0.1,-0.1,0,0,0,0,0,0,-0.1,-0.1,-0.2,-0.1,-0.2,-0.1,-0.1,-0.2,0,-0.1,-0.2,-0.1,-0.2,-0.1,-0.1,-0.2,-0.2,-0.2,0,-0.1,-0.2,-0.1,-0.1,-0.1,-0.1,-0.1,-0.1,-0.1,0.1,0,0,0,0,0,0,0.14,0.14
0.000018,0.2,0.1,0,0.1,-0.1,0.1,0,0,0,0,-0.1,0.1,0,0,0.1,0,0.1,0,-0.1,0,0.1,0,-0.1,0,0,-0.1,0,0,0,0,0,0.2,0,0,0,0,0,0,-0.1,0.1,-0.1,0.1,0,0.1,0,0,0,0,-0.1,0,0,0,0.1,0,0,0,0,0,0,0,-0.2,0.1,-0.2,-0.1,0,-0.3,-0.1,-0.2,-0.2,-0.1,-0.2,0,-0.2,-0.1,-0.1,-0.1,-0.1,-0.2,-0.2,-0.2,-0.1,0,-0.2,-0.1,-0.1,-0.1,-0.1,0,-0.1,-0.2,-0.1,0,-0.1,-0.1,-0.1,0.1,0,-0.1,0.09,0.09
0.0000182,0.2,0.1,0.1,0,0,-0.1,0.1,0.1,0,0,0,0.1,0,0.1,0.1,0.1,0,-0.1,0,0,0.1,0,0,0,0,0.1,0,0,0.1,0,0,0.2,0.1,0.1,0,0,0,0,-0.1,-0.1,0,0,0,0.1,0,0.1,0.1,0,-0.1,-0.1,0.1,0,0,0,0,-0.1,0,-0.1,0,-0.1,0,0.2,0,-0.1,0,-0.2,0,-0.1,-0.1,-0.1,-0.2,0,-0.1,-0.2,-0.1,-0.1,-0.2,-0.1,-0.2,-0.2,-0.2,0.1,-0.1,-0.1,0,-0.1,-0.2,-0.2,0,0,0,0.2,-0.1,-0.1,0,0,0,0,0.09,0.04
0.0000184,0,0,0,0.1,0,0,0.1,0.1,-0.1,0,0,0.1,-0.1,-0.1,0,0,0,0,0.1,0,0,0.1,0,0,0,0,0,0,0,0,0,0.1,0,0,0,0,0,0.1,0,0.1,0,0.1,-0.1,0.1,0,0,-0.1,-0.1,-0.1,0,0,0.1,0,-0.1,0,0,0,0,-0.1,-0.1,-0.1,0.1,0,-0.1,-0.2,-0.1,-0.1,-0.1,-0.1,-0.1,-0.2,0.2,-0.2,-0.1,-0.2,-0.2,-0.2,-0.2,-0.2,-0.2,-0.2,0,-0.1,-0.1,-0.1,0,-0.2,0,-0.1,-0.1,-0.1,0.1,-0.1,0,-0.1,0,0,0,0,-0.05
0.0000186,0.1,0,0.1,0.1,0.2,0,0.2,0,0,0,0,0.2,0,0,0,0.1,0,0.1,-0.1,0,0,0,0.1,0,0,0,0,0.1,0.1,0,0,0,0,0,0,-0.1,-0.1,0.1,0.1,0.1,0,0,-0.1,0,0,0,0.1,0,-0.1,0,0,0.1,0,-0.1,-0.1,0,0,0,-0.1,0,-0.1,0.2,0,0,0,-0.1,-0.1,0,-0.2,-0.1,-0.2,0.1,-0.1,-0.2,-0.1,-0.2,-0.1,-0.1,-0.2,-0.2,-0.2,0.1,-0.1,-0.2,-0.1,0,-0.1,-0.1,0,-0.1,-0.1,0.1,0,0,-0.1,-0.1,-0.1,-0.1,0.04,-0.04
0.0000188,0,-0.1,0,0,0.1,0,0,0,-0.1,0,-0.1,0.1,0,0,0,0,0,0,0.1,0,-0.1,0.2,0.1,0.1,0,0,0,0.1,0,0.1,0,0,0.1,0.1,-0.1,0,0,0,0.1,-0.1,0,0.2,0,-0.1,0,-0.1,0.1,0,0.1,0.1,0,0.1,0,-0.1,-0.1,-0.1,0,-0.1,0,-0.1,-0.1,0,0,-0.2,-0.1,-0.1,-0.2,-0.1,-0.1,-0.1,-0.2,0,-0.2,-0.2,-0.1,-0.2,-0.2,-0.2,-0.1,-0.1,-0.2,0,-0.2,-0.1,-0.1,-0.1,-0.1,-0.1,-0.1,-0.1,-0.1,0.1,0,-0.1,-0.1,0,-0.1,-0.1,0.04,-0.13
0.000019,0,0.1,0,0,0.1,0,0,0,0,0,0.1,0.1,-0.1,0.1,0,-0.1,0.1,0,-0.1,0,0,0.1,0,0.1,0,0,0,0,0,-0.1,0,0.1,0,0,0,0,0,0,0,-0.1,0,0.1,0,0,0,0,0,-0.1,0,-0.1,0,0,-0.1,-0.1,0,0,-0.1,-0.1,0,-0.1,-0.1,0.1,-0.1,-0.1,-0.1,-0.1,-0.2,0,-0.2,-0.1,-0.1,0.2,-0.2,-0.1,-0.1,-0.3,-0.1,-0.1,-0.1,-0.1,-0.2,0.1,-0.1,-0.2,-0.1,-0.1,0,-0.1,-0.1,-0.1,-0.1,0,0,0,-0.1,-0.1,-0.1,-0.1,-0.04,-0.08
0.0000192,0.1,0,0,0.1,0,0,0,0,0,0.1,0.1,0.1,-0.1,0,0,0,0.1,0,0,0,0,0.1,0,0,0,0,0.1,0,0,0.1,0,0,0,0.1,0,0,0,0,0,0,0,0.1,-0.1,0,0,0,0.1,0,0.1,-0.1,0,0.1,0,-0.1,0,-0.1,-0.1,-0.1,-0.1,0,-0.1,0.1,0,-0.1,-0.1,-0.2,-0.2,-0.1,-0.1,-0.1,-0.1,0.2,-0.2,-0.1,-0.1,-0.2,-0.2,-0.2,-0.2,-0.1,-0.1,0.2,-0.1,-0.2,-0.1,-0.2,-0.1,-0.1,-0.1,0,-0.1,0,-0.1,-0.1,-0.1,-0.1,0,-0.1,-0.08,-0.18
0.0000194,0.1,0.1,0,0,0,0,0,0,0,0,0,0,0,-0.1,0,0,0,0,0,0,0.1,0,0,0,0.1,0,0,-0.1,0,0,0,0,0,0,0,0,-0.1,0,0,0,0,0,0,-0.1,0,0,0.1,0,0.1,0,0,0,0,-0.1,0,-0.1,0,-0.1,0,0,-0.1,0.1,-0.1,-0.1,0,-0.2,-0.1,-0.1,0,-0.1,-0.1,0,-0.1,-0.2,-0.1,-0.2,-0.1,-0.2,-0.2,-0.1,-0.1,0.1,-0.1,-0.2,-0.1,-0.2,-0.1,-0.2,0,-0.1,-0.1,0,0,-0.1,-0.1,-0.1,0,0,-0.18,-0.18
0.0000196,0,0,0.1,0,0,0,0,0.1,0,0,0,0.1,0.1,0,0.1,0.1,0.1,0,0,0,0,0.1,0,0,0,0,0,0,0,0,0.1,0.1,0,0,0.1,0,0,-0.1,0,0,0,0,0,0.1,0,0,-0.1,0,0.1,-0.1,0,0.1,-0.1,-0.1,0,0,0,-0.1,-0.1,0,-0.1,0.2,-0.1,0,-0.1,-0.1,-0.2,-0.1,-0.1,-0.1,-0.1,0.1,-0.2,-0.1,-0.2,-0.3,-0.1,-0.2,-0.1,-0.1,-0.2,0,-0.2,-0.1,-0.1,-0.1,-0.2,-0.1,-0.1,-0.1,0,0,0,0,-0.1,0,-0.1,-0.1,-0.18,-0.18
0.0000198,0,0.1,0,0,0,0.1,0,0,0,-0.1,0,0.1,0.1,0.1,0,0,-0.1,-0.1,0.1,0,0,0,0,-0.1,0,0.1,0,0,0,0,0,0,0.1,0,0.1,0.1,0,0,0.1,0,0,0,0,0.1,0,0.1,0,0,0.1,0,0,0.1,0,0,-0.1,0,0,-0.1,-0.1,0,-0.1,0.1,-0.1,-0.2,-0.1,-0.1,-0.1,-0.1,-0.2,-0.1,-0.2,0.1,-0.2,-0.2,-0.2,-0.2,-0.2,-0.1,-0.2,-0.1,-0.1,0.1,-0.2,-0.1,-0.1,-0.2,-0.1,-0.1,0,0,0,0.1,0,0,-0.1,0,-0.1,0,-0.13,-0.18
0.00002,0.2,0.1,0,0,0,0,0.1,0.1,-0.1,0,-0.1,0,0,0,0,0,0,0,0,0,0,0,0,0.1,0.1,0,0,0.1,0.1,-0.1,0,0.1,0.1,0,0.1,0,0,0,0,0,0.1,0.1,0.1,0,0,-0.1,0,0.1,0.1,0,0,0.1,0.1,0,0,0,-0.1,-0.1,0,-0.1,-0.1,0,-0.1,0,-0.1,-0.2,-0.1,-0.2,-0.2,-0.1,-0.1,0,-0.2,-0.2,-0.1,-0.2,-0.1,-0.2,-0.1,-0.2,-0.2,0.1,-0.1,-0.2,-0.1,-0.1,0,0,-0.1,-0.2,0,0.2,-0.1,-0.1,-0.1,0,-0.1,0,-0.18,-0.08
0.0000202,0,0.1,0.1,0,-0.1,0,0,0,0.1,-0.1,0,0,0,0,0.1,0,0.1,0.1,0.1,0,0,0.1,0,0,0,0,-0.1,0.1,0.1,-0.1,0,0.2,0,0,0,0,0,-0.1,0,0,-0.1,0,0.1,0.1,0,0,-0.1,-0.1,0,0,0.1,0.1,0,0,0,0,0,0,0,-0.1,0,0.1,-0.1,0,0,-0.2,-0.1,0,-0.2,-0.2,-0.1,0,-0.1,-0.2,-0.2,-0.2,-0.2,-0.1,-0.2,-0.2,-0.1,0,-0.2,-0.2,-0.1,-0.1,-0.1,-0.1,-0.1,-0.1,-0.1,0,0,-0.1,0,0,0,-0.1,-0.18,-0.13
0.0000204,0,0,0,0,0,0,0,0.1,0.1,0,0,0.1,0,0,0,0,0,0,0,0,-0.1,0.1,0.1,0,-0.1,0.1,0,0,0.1,0,0,0,0,0.1,0.1,0,-0.1,-0.1,0,0,0,0,0,0.1,0,0,0,0.1,0,-0.1,0,0.1,0,-0.1,0,0,0,0,0,0,0,0.2,-0.1,-0.1,-0.2,-0.2,-0.1,-0.1,0,-0.1,-0.1,0,-0.2,-0.1,-0.1,-0.2,-0.2,-0.1,-0.2,0,-0.2,0,-0.1,-0.1,-0.1,-0.1,-0.1,-0.1,-0.1,0,-0.1,0.1,0,0,-0.1,-0.1,0,0,-0.13,-0.22
0.0000206,0.2,0.1,0,0.1,0.1,0,0,0,0,0,0,0,0,0,0,0.1,0,0.1,0,0,0,0,0,0.1,0,0,0,0,0.1,0.1,0,0,0,0,0.1,0,0,0,0,0,0,0.1,0,0,0,0.1,0,0.1,-0.1,0.1,0,0,0,0,0,0,0,-0.1,0,-0.1,0,0.1,-0.2,-0.1,0,-0.2,-0.1,-0.1,-0.2,-0.1,-0.1,0,-0.1,-0.2,-0.1,-0.1,-0.1,-0.1,-0.1,-0.2,-0.1,0,-0.1,-0.1,-0.1,-0.2,-0.1,-0.1,-0.1,-0.2,-0.1,0,0,0,0,0,0,0,-0.18,-0.18
0.0000208,0.2,0,0.1,0,0,-0.1,0,0,0.1,0,0,0.1,0,0,0,0,0,0,0.1,-0.1,0,0.1,0,0,0,0.1,0,0,0,0.1,0,0.1,0,0,0.1,0.1,0.1,0,0,0,0.1,0.1,0,0,0.1,0,0,0.1,-0.1,0,0,0.1,-0.1,0,0,0,0,-0.1,-0.1,-0.1,0,0,-0.1,-0.1,-0.1,-0.1,-0.1,-0.1,-0.1,-0.1,-0.1,0.1,-0.1,-0.2,-0.2,-0.2,-0.1,-0.1,-0.1,-0.2,-0.2,0,-0.1,-0.2,-0.1,-0.2,-0.1,-0.1,-0.1,-0.1,-0.1,0,0,-0.1,0,-0.1,0,-0.1,-0.08,-0.18
0.000021,0.1,0,0.1,-0.1,0,0,0,0,0,0,-0.1,0.2,0,0,0,0.1,0,0,0,0.1,0,0.1,-0.1,0.1,0.1,0,0,0,0.1,0,0,0.1,0.1,0.1,0,0,0,0,0,0,0,0.2,0.1,0,0,0,0,-0.1,-0.1,0,0.1,0,-0.1,0,0,-0.1,0,0,0,-0.1,-0.1,0.1,-0.1,0,-0.1,-0.1,0,-0.1,-0.2,-0.1,-0.1,0.2,-0.2,-0.1,-0.2,-0.2,-0.1,-0.2,-0.1,-0.2,-0.1,0,-0.2,-0.2,-0.1,-0.1,-0.1,-0.1,-0.1,-0.1,-0.1,0.1,0,-0.1,-0.1,0,0,0,-0.18,-0.08
0.0000212,0,0,0,0,0,0.1,0,0,-0.1,0.1,0.1,0.1,0,0,0,0,0.1,0.1,0,-0.1,0,0,0,0,0,0,0.1,0,0,0,0,0.1,0,0.1,0,-0.1,0,0,0,0,0,0.1,0,0,-0.1,0,-0.1,0,0,0,-0.1,0,0,0,-0.1,-0.1,-0.1,-0.1,-0.1,-0.1,-0.1,0.2,-0.1,-0.1,-0.1,-0.1,0,-0.1,-0.1,-0.1,-0.1,0,-0.1,-0.1,-0.3,-0.1,-0.2,-0.1,-0.1,-0.2,-0.1,0,-0.2,-0.1,-0.1,-0.2,0,-0.1,0,-0.1,-0.1,0.1,0,0,-0.1,0,0,0,-0.13,-0.18
0.0000214,0,0,0,0,0,-0.1,0.1,0,-0.1,0,0,0.1,0,-0.1,0,-0.1,0.1,0,0.1,0,-0.1,0,0,0.1,0,-0.1,0,0.1,0.1,-0.1,0,0.1,0.1,0,0,0,0,0,0.1,0,0.1,0.2,0,-0.1,0,0,0.1,0,0,0,-0.1,0,-0.1,0,0,0,0,-0.1,0,0,-0.1,0,-0.1,-0.1,0,-0.2,-0.1,-0.1,-0.1,-0.1,-0.1,0.1,-0.1,-0.1,-0.2,-0.1,-0.2,-0.2,-0.2,-0.2,-0.1,0.2,-0.2,-0.1,-0.2,-0.1,0,-0.2,0,-0.1,-0.1,0.1,0,0,-0.1,0,0,0,-0.13,-0.18
0.0000216,0,0,0,0,0,0,0,0.1,0,0,0,0,0,0,0.1,0,0,0,0,0.1,0,0.1,0,0,0,0,0,0.1,0,0.1,0,0,0,0.1,0,0,-0.1,0.1,0,-0.1,0.1,0,-0.1,0,0,0,0.1,0,0,0,0,0.1,-0.1,0,0,0,0,-0.1,0,0,0,0.1,0,-0.1,-0.1,-0.1,0,-0.1,-0.1,-0.1,0,0.1,-0.1,-0.2,-0.3,-0.2,-0.2,-0.2,-0.1,-0.1,-0.1,0,-0.2,-0.1,-0.1,-0.2,-0.1,-0.1,0,0,-0.1,0.1,0,0,0,0,0,0,-0.18,-0.13
0.0000218,0,0.1,0,0,0,0.1,0,0,0,0,0,0.1,0.1,0,0,0,0.1,-0.1,0,0,-0.1,0.1,0,-0.1,0,0,0,0,0,0,0,0,0.1,0,0.1,0.1,0,0,-0.1,0,0,0,0,0,0,0,0,0,0.1,0,0,0.1,0,0,-0.1,0,0,0,-0.1,0,0,0,0,0,-0.1,-0.1,0,-0.1,-0.1,-0.2,0,0.1,-0.1,-0.2,-0.2,-0.2,-0.1,-0.2,-0.1,-0.1,-0.2,0,-0.2,-0.2,-0.2,-0.1,-0.1,-0.1,-0.1,0,0,0,0,0,0,0,-0.1,0,-0.18,-0.09
0.000022,0,0,0,0.1,0,-0.1,0,0.1,0,0.1,0,0.1,0,0,0,0,0,0,0.1,0.1,-0.1,0,0,0,0,0,0,0,0,-0.1,0.1,0.2,0.1,0.1,-0.1,-0.1,0,0,0.1,0,0,0,0,0,0,0,0.1,0,0.1,0,0,0,0.1,0,-0.1,0,0,0,0,-0.1,-0.1,0.2,0,-0.1,-0.1,-0.1,-0.1,-0.1,-0.2,-0.1,-0.1,0,-0.1,-0.3,-0.1,-0.2,-0.1,-0.2,-0.2,-0.1,-0.1,0.2,-0.2,-0.1,-0.2,-0.1,-0.1,-0.1,-0.1,0,-0.1,0.2,-0.1,0,-0.1,0,0,0,-0.13,-0.04
0.0000222,0.1,0.1,0,0,0,0,0.1,-0.1,0,0,-0.1,0.1,0,0,0,0,0,0,0,0.1,-0.1,0.1,0,0,0,0,0,0,0,0,0,0.1,0.1,0,0,-0.1,0,0,0.1,0,0,0.1,0,0,0,0.1,-0.1,0,0,-0.1,0,0.2,-0.1,-0.1,0,0,0,-0.1,0,0,-0.1,0.1,-0.1,0,0,-0.1,0,0,-0.1,-0.1,-0.2,0.2,-0.1,-0.2,-0.1,-0.3,-0.2,-0.2,-0.2,-0.2,-0.2,0,-0.1,-0.2,-0.2,-0.1,-0.1,-0.1,-0.1,-0.1,-0.1,0,-0.1,0,0,0,-0.1,-0.1,-0.13,0.09
0.0000224,0.2,0.1,0,-0.1,0,0,0.1,0.1,0,0,0,0.1,0,0,0,-0.1,0,0,0,-0.1,0,0.1,0,0,0,0.1,0,-0.1,0,-0.1,-0.1,0,0.1,0,0,-0.1,0,0,0.1,-0.1,0,0,0,0.1,0,0,0.1,0,0.1,0,-0.1,0.1,0,-0.1,0,-0.1,0,0,-0.1,-0.1,0,0.1,-0.1,-0.1,-0.1,-0.1,-0.2,0,0,-0.1,-0.2,0,0,-0.2,-0.2,-0.2,-0.2,-0.2,-0.1,-0.2,-0.2,0.2,-0.1,-0.1,-0.2,-0.1,-0.1,0,-0.1,-0.1,-0.1,0.1,0,0,0,-0.1,0,-0.1,0,0.04
0.0000226,0,0,0,0,0,0,0.1,0,0,0,0.1,0.1,0,0.1,0,-0.1,-0.1,0.1,0,-0.1,0,0.1,0.1,0,0,0,0.1,0,0,0,0,0.1,0.1,0.1,0.1,0,0,-0.1,0,-0.1,0,0,0,0.1,-0.1,0.1,0,0.2,0,0,0,0.2,-0.1,-0.1,0,-0.1,0,-0.1,0,-0.1,0,0.2,0,-0.1,-0.2,0,-0.2,-0.1,-0.2,-0.1,-0.1,0.1,-0.2,-0.1,-0.2,-0.1,-0.2,-0.2,-0.1,-0.2,-0.2,0.1,-0.1,-0.2,-0.1,-0.1,-0.2,-0.1,0,-0.1,-0.1,0.1,0,0,-0.1,-0.1,0,0,-0.04,0
0.0000228,0.1,0,0,0,0,0,0,0,0,0,0.1,0.1,0.1,0,0,0,0,0,0,0.1,-0.1,0.1,0,0,0.1,0,0.1,0,0.1,0,0,0.1,0,0,0,0,0,0.1,0,0,0,0.1,0,0,0.1,0,-0.1,0,0.1,0,0,0,0,-0.1,0,-0.1,0,-0.1,0,-0.1,-0.1,0.1,-0.1,0,0,-0.1,0,-0.1,-0.2,-0.1,-0.2,0,-0.2,-0.1,-0.2,-0.2,-0.2,-0.2,-0.2,-0.1,-0.1,0.1,-0.1,-0.2,-0.1,-0.1,-0.1,0,-0.1,-0.1,0,0.1,-0.1,0,-0.1,-0.1,0,0,0.09,0.08
0.000023,0.1,0,0,0,0,-0.1,0.1,0.1,0,0.1,0,0.1,0,0,0,0,0,0.1,0,0.1,0,0,0,0,0.1,0,0.1,0,0,-0.1,0,0,0.1,0,0.1,0,0.1,0.1,-0.1,0.1,0,0,0,0.1,0,0.1,0,0,0,-0.1,0,0,-0.1,0,0.1,0,0,0,0,0,0,0,-0.1,-0.1,0,0,-0.1,-0.1,-0.1,-0.1,-0.1,0.1,-0.2,-0.1,-0.1,-0.1,-0.2,-0.2,-0.2,-0.2,-0.1,0.1,-0.1,-0.2,-0.1,-0.1,-0.1,-0.1,-0.1,-0.1,0,0.1,0,-0.1,0,0,0,0,0.04,0.04
0.0000232,0.1,0,0,0,0.1,0,0,0.1,0,0,0,0.2,0,0,0.1,0,0,0.1,-0.1,0,0,0,0,0,0,0,0,0,0,0,-0.1,0,0,-0.1,0.1,0,0.1,0.1,0,0,0,0.1,0,0,0.1,0.1,0,0,-0.1,0,0,0,0,-0.1,-0.1,-0.1,0,-0.1,0,0,-0.1,0.1,0,-0.1,0,-0.1,0,-0.1,0,-0.2,-0.1,0.1,-0.1,-0.1,-0.2,-0.1,-0.2,-0.2,-0.2,-0.2,-0.1,0.1,-0.2,-0.1,-0.1,-0.1,-0.1,0,-0.1,0,0,0,-0.1,0.1,0,-0.1,0,0,0.04,0
0.0000234,0.1,0,0,0,0.1,0,0,0,-0.1,0,0.1,0,0.1,0,0.1,0,0,0.1,0,0.1,0,0.2,0.1,0,0,0.1,0,0,0,0.1,0,0.1,0.1,-0.1,0.1,0,-0.1,0.1,0.1,0,0.1,0.1,0,-0.1,0,0.1,0,0.1,-0.1,0,0,0.1,0,0,0,0,-0.1,0,0.1,-0.1,0,0.2,0,-0.1,-0.1,-0.2,0,-0.1,-0.1,-0.2,-0.2,0.2,-0.1,-0.1,-0.1,-0.1,-0.2,-0.2,-0.2,-0.1,-0.1,0,0,-0.1,-0.1,-0.1,-0.1,-0.1,-0.1,0,-0.1,0.1,0,-0.1,0,-0.1,-0.1,-0.1,0,0
0.0000236,0.1,0.1,0,0.1,0,0.1,0,0,0,0.1,0,0.1,0,0,0.1,0.1,0.1,0,0.1,0,0,0,0.1,-0.1,0.1,-0.1,0,0,0.1,0.1,0.1,0.1,0,-0.1,0.1,0.1,0.1,0.1,-0.1,0,0.1,0.1,0,0,-0.1,0.1,0,0,0,-0.1,0,0,0,0,0,0,-0.1,0,0,0,0,0.1,0,-0.1,-0.1,-0.1,0,-0.1,-0.1,-0.1,-0.1,0,-0.2,-0.2,-0.2,-0.1,-0.3,-0.2,-0.1,-0.2,-0.1,0.1,-0.2,-0.2,-0.1,0,0,-0.1,-0.1,0,-0.1,0,-0.1,0,0,0,0,0,0.04,0.08
0.0000238,0,0,0,0,0,0,0,0.1,0,0.1,0,0.1,0.1,0.1,0.1,-0.1,0.1,0,0.1,0,0,0.1,0,0,0.1,0,0,0,0,0,0,0,0.1,0,0,0,0.1,0,0,0,0,0,-0.1,0,0,0,0,0,0,0,0.1,0.1,0.1,0,0,0.1,0,-0.1,-0.1,-0.2,-0.1,0.2,-0.1,-0.1,-0.1,-0.1,0,-0.2,-0.1,-0.2,-0.1,0,-0.1,-0.1,-0.2,-0.2,-0.2,-0.2,-0.1,-0.1,-0.1,0,-0.1,-0.1,-0.1,-0.2,-0.1,-0.1,-0.1,-0.1,-0.1,0,-0.1,0,-0.1,0,-0.1,0,0,0.04
0.000024,0,0.1,0,0,0.1,0,0,0,0,0,0.1,0,0.1,-0.1,0,0,0,0,0,0,-0.1,0.1,0.1,0,0.1,0,0,-0.1,0,0.1,0,0,0,-0.1,0,0,0,0.1,0,0,0,0,-0.1,0.1,-0.1,0,0,-0.1,0,0.1,0,0.1,0,-0.1,-0.1,0,-0.1,-0.1,-0.1,-0.1,0,0,-0.1,-0.1,-0.1,-0.1,-0.1,-0.1,-0.1,-0.2,-0.1,0,-0.2,-0.1,-0.2,-0.2,-0.3,-0.2,-0.1,-0.2,-0.2,0,-0.2,-0.1,-0.1,-0.1,-0.1,-0.1,-0.1,-0.1,0,0,-0.1,-0.1,0,-0.1,-0.1,0,0.08,0.04
0.0000242,0,0.1,0.1,0,0,-0.1,0.1,0,0,-0.1,0,0,-0.1,0,0.1,0,0,-0.1,0.1,0,0,0,0.1,0,0,0,0.1,0.1,0,-0.1,0,0,0.1,0.1,0.1,0,-0.1,0,0,-0.1,0.1,0.1,0,0,0,0.1,0.1,0,-0.1,0,0,0.2,-0.1,0,0,-0.1,0.1,0,0,-0.1,-0.1,0,-0.1,-0.2,-0.2,-0.2,-0.1,-0.1,-0.2,-0.1,-0.1,0.1,-0.1,-0.1,-0.2,-0.2,-0.2,-0.2,-0.1,-0.2,-0.1,0,-0.2,-0.1,-0.1,-0.1,-0.1,-0.1,-0.1,0,-0.1,0,-0.1,0,-0.1,-0.1,0,0,0,0.08
0.0000244,0.1,-0.1,0.1,0,0,0,0.1,-0.1,0,0.1,0.1,0.1,0,0,0,0,0,-0.1,0.1,0.1,0,0.2,0.1,0,0.1,0,0,0,0,0.1,0,0.2,0.1,-0.1,0,0,0,0,0,0,0,0,0,0.1,0,0,0.1,0.1,-0.1,-0.1,0,0.1,0,0,0,-0.1,0,-0.1,0,0,0,0,-0.1,0,-0.1,-0.1,-0.1,-0.1,0,-0.2,-0.1,0.1,-0.2,-0.1,-0.2,-0.2,-0.1,-0.2,-0.2,-0.2,-0.1,0.1,-0.2,-0.1,-0.1,-0.2,-0.1,-0.1,0,0,-0.1,0,-0.1,0,-0.1,-0.1,-0.1,0,0.08,0
0.0000246,0.1,0,0.1,0,0.1,0,0.1,0,0.1,0,0,0.1,0,0.1,0,0,0,0,-0.1,-0.1,0,0,0.1,0.1,0,0.1,0,-0.1,0.1,0,0,0.1,0,0,0,0,0,0,0.1,0,0,0.1,0,0.1,0.1,0,-0.1,0,0,0.1,0,0,0,0,0,0,0,-0.1,0,0,0,0,-0.1,0,-0.1,-0.1,0,-0.2,-0.1,-0.1,-0.1,0.1,-0.2,-0.1,-0.2,-0.2,-0.2,-0.2,-0.1,-0.1,-0.1,0,-0.1,-0.1,-0.1,-0.1,-0.2,-0.1,-0.2,-0.1,-0.1,0,-0.1,-0.1,-0.1,-0.1,0,0,0.04,0.04
0.0000248,0.1,0,0,0,0.1,-0.1,0,0,0,0,0,0.1,0,0,0,0,0,0,-0.1,0,0.1,0.1,0.2,0,0,0,0,0.1,0.1,0,0.1,0,0,-0.1,0,0,0,0,0,0,0,0.1,0,0.1,0,0,0,0,0,-0.1,0,0,0,0,0,0,-0.1,-0.1,-0.1,0,-0.1,0.1,-0.1,-0.1,0,-0.1,-0.2,-0.1,-0.1,-0.1,-0.1,0.1,-0.1,-0.2,-0.2,-0.2,-0.2,-0.2,-0.2,-0.1,-0.2,0.1,-0.2,-0.1,-0.1,0,-0.1,0,0,-0.1,0,0.2,-0.1,0.1,-0.1,0,0,0,0,0.18
0.000025,0.2,0,0,0,0,0,0.1,-0.1,0,0,0.1,0,0,0.1,0,0.1,0,-0.1,0,0,-0.1,0,0,0,0,0,0,0,0,-0.1,0.1,0.1,0,0,0,0,0.1,0,0,0,0,0.1,0.1,0.1,0,0,0,0,0,0,0,0,0.1,0,-0.1,0,-0.1,-0.1,0,-0.2,-0.1,0.1,-0.1,-0.1,-0.1,-0.1,-0.1,-0.1,-0.1,-0.1,-0.1,0.1,-0.1,-0.2,-0.2,-0.2,-0.1,-0.1,-0.2,-0.1,-0.1,0.1,-0.1,-0.1,-0.1,-0.1,-0.1,-0.1,0,-0.1,-0.2,0.1,0,-0.1,0,0,0,0,0.04,0.04
0.0000252,0.2,0,0,0,0,0,0,0,0,0,0.1,0,0,0,0,0,0,0.1,0,0,0,0,0,0,0,0.1,0.1,0,0,0.1,0.1,0.1,-0.1,-0.1,0,0,0.1,0,0,0,0,0,0,0.2,0,0,-0.1,0.1,-0.1,0,0.1,0,0,-0.1,-0.1,0,0,-0.1,-0.1,-0.1,0,0.1,0,0,-0.1,0,-0.1,-0.1,-0.1,-0.2,-0.1,0.1,-0.1,-0.1,-0.2,-0.2,-0.2,-0.1,-0.1,-0.1,-0.2,0,-0.1,-0.1,-0.1,-0.1,-0.1,-0.1,-0.1,-0.1,-0.1,0.1,-0.1,-0.1,0,-0.1,0,-0.1,0.08,0.09
0.0000254,0,0,0,0,0.1,0,0,0,0,0,0,0,0.1,0,0,0.1,0,0,0,0.1,0.1,0,0,0.1,0,0.1,0,0,0.1,0,0,0,0,0,0,0.1,0,0,0,0,0,0,0,0.1,0,0,0,0,0.1,0,0.1,0.1,0,0.1,-0.1,0,0,0,-0.1,-0.1,-0.1,0.1,-0.1,0,0,-0.1,-0.1,-0.1,-0.2,-0.2,-0.1,0.1,-0.1,-0.2,-0.2,-0.2,-0.2,-0.1,-0.2,-0.1,-0.1,0,-0.1,-0.1,-0.1,-0.1,-0.1,-0.1,-0.1,0,0,0.2,-0.1,0,-0.1,0,0,-0.1,0,0.09
0.0000256,0.1,0,0,0,0,0,0.1,0,0,0,0,0.1,0.1,0,0,0,0,0.1,0,0.1,0.1,0,0.1,0.1,0,0.1,0,0,0,-0.1,0.1,0.1,0,-0.1,0.1,-0.1,0.1,0.1,0,0,-0.1,0.1,-0.1,0,0,0,-0.1,0,0,0,0,0.1,0,0,-0.1,-0.1,-0.1,0,-0.1,-0.1,0,0.1,0,0,-0.1,0,-0.1,-0.1,-0.1,-0.2,-0.2,0.1,-0.2,-0.1,-0.2,-0.3,-0.2,-0.1,-0.1,-0.1,-0.1,0.1,-0.1,-0.2,0,-0.2,-0.1,0,-0.1,-0.1,-0.1,0,0,0,0,-0.1,0,0,0.09,0.04
0.0000258,0,0,0,0,0,0.1,0,0,0.1,0,0,0.1,0,0,0,0,0,0,0,0.1,0,0,0.1,0,0,0.1,0.1,0,0.1,0.1,0,0,0,0,0,0,0.1,0,0,0,0,0.1,0,0,0.1,0,0,0,0,-0.1,0,0,-0.1,-0.1,0,0,-0.1,0,0,-0.1,0,0,-0.1,-0.1,-0.1,-0.1,-0.1,-0.1,-0.1,-0.1,0,0,-0.1,-0.2,-0.1,-0.2,-0.1,-0.2,-0.1,-0.1,-0.1,0.1,-0.2,-0.1,-0.2,-0.1,-0.1,-0.1,-0.1,0,-0.1,0,-0.1,0,-0.1,-0.1,-0.1,0,0,0.13
0.000026,0.1,0.1,0,-0.1,0,0,0.1,0.1,0,0,0,0.1,0,0,0,0.1,0,0.1,-0.1,0,0,0.2,0.1,0,-0.1,0.1,0,0,0,0,0,0.1,0,-0.1,0,0,0.1,-0.1,0,0.1,-0.1,0.1,0,0,0,0,-0.1,0,0.1,0,0,0.2,0,0,-0.1,0,0,0,0,-0.1,-0.1,0.1,0,0,-0.1,-0.1,-0.1,-0.1,-0.1,-0.1,-0.2,0.1,-0.1,-0.2,-0.1,-0.1,-0.2,-0.2,-0.1,-0.2,-0.2,0.1,-0.2,-0.1,-0.2,-0.1,-0.1,-0.1,-0.1,-0.1,-0.1,0.1,-0.1,0,-0.1,-0.1,0,-0.1,0.08,0.04
0.0000262,0,0,0,-0.1,0,0.1,0.1,0,0,0,-0.1,0.2,0,0,0,0,0,0.1,-0.1,0,0,0,0.1,-0.1,0,0.1,0,0,0,0.1,0,0,0,0,0.1,0,0,0,0.1,0,0,0,0,0,0.1,0,-0.1,0,0,0.1,0,0.1,-0.1,0,0,0,-0.1,-0.1,0,-0.1,-0.1,0.1,-0.1,0,-0.1,-0.1,-0.1,-0.1,0,-0.1,-0.2,0,0,-0.2,-0.2,-0.1,-0.1,-0.2,-0.1,-0.2,-0.2,0.1,-0.2,-0.1,-0.1,-0.2,-0.1,-0.2,-0.2,-0.1,0,0.2,-0.1,0,-0.1,0,-0.1,0,0.09,0.04
0.0000264,0,0,0,0,0,0,0,0,0,0,0.1,0.1,0,0.2,0,0,0.1,0.1,0.1,0,0,0.1,0.1,-0.1,0,0,0,-0.1,0,0,0,0.1,0.1,0,0,0.1,0.1,-0.1,0.1,0,0,0,0,0,0,0,-0.1,0,0,0,0,0,0.1,0,-0.1,0,0,-0.1,-0.1,0,-0.1,0,-0.1,0,-0.1,-0.1,-0.1,-0.1,-0.2,-0.1,-0.1,0.2,0,-0.2,-0.2,-0.1,-0.2,-0.1,-0.2,-0.1,-0.1,0,-0.1,-0.1,-0.1,0,-0.1,-0.1,-0.1,0,-0.1,0,-0.1,0,0,0,0,-0.1,0.09,0.04
0.0000266,0.1,-0.1,0.1,0.1,0,-0.1,0,0,-0.1,0,0,0.1,0,0,0.1,0.1,0,0,0.1,0.1,0,0,0,0,0,0,0,0,0,0,0,0.1,0.1,0,0,0,0,0,0,0,0,0.1,0.1,0,0.1,0,0.1,-0.1,0,0,0.1,0,0,0,0,0,0,-0.1,0,-0.1,-0.1,0.1,-0.1,0,-0.1,-0.1,-0.1,-0.1,-0.2,-0.2,-0.1,0.2,-0.1,-0.2,-0.2,-0.3,-0.2,-0.2,-0.1,-0.1,-0.1,0,-0.2,-0.1,-0.1,-0.1,-0.1,-0.1,-0.1,-0.1,-0.1,0.1,0,0,0,-0.1,0,0,0.04,0.04
0.0000268,0.1,0,0.1,0,0,0,0,0,0,0,0,0.1,0,0.1,0.1,0,0.1,0,0,0,0.1,0.1,0,0,0,0.1,0,0.1,-0.1,0,0,0.1,0.1,0,0,0,0,0.1,0,0,0,0.2,0,0.1,0,0.1,0,-0.1,0,0.1,0,0.1,0,0,0,0,0,-0.1,0,-0.1,-0.1,0,-0.1,0,-0.1,0,-0.1,-0.1,-0.2,-0.1,-0.1,0,-0.1,-0.1,-0.1,-0.1,-0.2,-0.1,-0.1,-0.1,-0.1,0.1,-0.2,-0.1,-0.1,-0.2,-0.1,-0.2,-0.1,0,-0.1,0.1,-0.1,0,0,0,0,-0.1,0.08,0.08
0.000027,0,0,0.1,0,0,0,0,0,-0.1,0,0,0,-0.1,0,0,0,0,0,0.1,-0.1,0,0.2,0,0.1,0.1,0,0,-0.1,0,0,0,0.1,0,0,-0.1,0,0,0,0,0,0,0.1,0,0,0.1,0,0.1,0,0,0,-0.1,0,0,0,0,0,0,0,0,-0.1,0,0.2,-0.1,-0.1,-0.1,0,-0.1,-0.1,-0.1,-0.2,-0.2,0.1,-0.2,-0.1,-0.1,-0.2,-0.1,-0.2,-0.2,-0.2,-0.2,0,-0.1,-0.1,-0.1,-0.1,-0.1,-0.1,0,-0.1,-0.1,0.1,-0.1,0,-0.1,0,0,0.1,0.08,0.17
0.0000272,0.1,0,0.1,0,0,0,0.1,0.1,0,0.1,0.1,0.1,0,0.1,0,0,0.1,-0.1,0,0,0,0.2,0,-0.1,0,0.1,0.1,0.1,-0.1,0,0.1,0.1,-0.1,-0.1,-0.1,0,0,0,0,-0.1,-0.1,0,0,0,0,0,-0.1,0,0.1,0,0,0.1,0,0,0,0,0,0,-0.1,0,0,0.1,0,-0.1,-0.1,-0.1,0,-0.1,0,-0.1,-0.1,0,-0.2,-0.2,-0.2,-0.2,-0.2,-0.2,-0.1,-0.2,-0.2,0.1,-0.2,-0.2,-0.1,-0.1,-0.1,-0.1,-0.1,-0.1,-0.1,0,-0.1,0,0,0,0,0.1,0.04,0.21
0.0000274,0.1,0,0,0,0,0,0.1,0.1,0,0,0,0,0,0,0,0,0.1,0.1,0,0,0,0.2,0,0,0.1,-0.1,0,0,0,0,0,0.2,0,0,-0.1,0,0,0,0,-0.1,-0.1,0.2,0,0,0,0,0,0,0,0,0.1,0.1,0,0,-0.1,-0.1,0,0,0,0,0,0.1,0,-0.1,-0.2,-0.1,-0.2,-0.1,-0.2,-0.2,-0.1,0,-0.2,-0.1,-0.1,-0.2,-0.2,-0.1,-0.2,-0.1,-0.2,0.1,-0.1,-0.1,-0.2,-0.2,-0.1,-0.1,-0.1,-0.1,-0.1,0,-0.1,0,0,0.1,0,0,0.13,0.2
0.0000276,0,0.1,0.1,0,0,0.1,0.1,0.1,0,0,0,0,0,0,0,-0.1,0,0,0,0,0.1,0.1,0.1,0.1,0,-0.1,0,0,0,0.1,0.1,0.1,0,0,0,0,0.1,0,0,0,0.1,0.2,0,0,0,0,0,0,0,0,0.1,0,-0.1,-0.1,0,0,0,-0.1,0,0,-0.1,0.1,-0.1,-0.1,-0.1,-0.1,-0.1,0,-0.1,-0.1,-0.2,0.1,-0.1,-0.1,-0.2,-0.2,-0.2,-0.2,-0.2,-0.1,-0.1,0,-0.1,-0.1,-0.1,-0.1,-0.1,-0.2,-0.1,-0.1,-0.1,0,-0.1,0,-0.1,0,0,0,0.17,0.3
0.0000278,0.1,0,0,0,0,0.1,0,0,0.1,0,0,0,0,0,0,0,-0.1,-0.1,0,0,0,0.1,0.1,0,0.1,0,0.1,0,0,0,0.1,0.1,0.1,0,0,0,0,0,0,0,0.1,0.1,-0.1,0,-0.1,0,0,0.1,0,0,0,0,0,0.1,-0.1,0,-0.1,0,-0.1,-0.1,-0.1,0.1,-0.1,-0.1,-0.1,-0.1,-0.2,-0.2,-0.1,-0.1,-0.1,0,-0.1,-0.2,-0.2,-0.2,-0.2,-0.2,-0.1,-0.2,-0.2,0,-0.2,-0.1,-0.2,-0.1,-0.1,-0.1,0,-0.1,-0.1,0.1,-0.1,0,-0.1,0,-0.1,0,0.21,0.24
0.000028,0.1,0.1,0,0,0,0.1,0,0,0.1,0,-0.1,0.2,0.1,0,0,0,0,0.1,0,0,0,0.1,0,0,0,0,0,0,0.1,0,0,0.1,0,-0.1,0,0,0.1,0,0,-0.1,0,0.1,0,0,0,0,-0.1,0,0,0.1,0,0.2,-0.1,0.1,0,-0.1,-0.1,-0.1,-0.1,0,-0.1,0,-0.1,-0.1,-0.1,-0.1,-0.1,-0.1,-0.1,-0.1,-0.2,0.1,-0.2,0,-0.1,-0.2,-0.1,-0.2,-0.2,-0.1,-0.2,0.1,-0.1,-0.1,-0.2,-0.1,-0.1,0,0,-0.1,-0.1,0,-0.1,0,0,0,-0.1,0,0.25,0.32
0.0000282,0.1,0,0.1,0,0.1,0.1,0.1,0,0,0,0,0.2,0.1,0,0,0,0,0,0,0,0,0.2,0,0,0.1,0,0,0,0.1,0.1,0,0,0,0,0,0,-0.1,0,0,0,0,0,0,0,-0.1,0,0.1,0,0,-0.1,0.1,0.1,-0.1,0,0,0,0,0,-0.1,-0.1,0,0.1,-0.1,-0.1,-0.1,-0.1,-0.1,-0.1,-0.2,-0.1,-0.1,0,-0.1,-0.2,-0.2,-0.1,-0.2,-0.3,-0.1,-0.1,-0.2,0.1,-0.1,-0.1,-0.1,-0.2,-0.1,-0.1,-0.1,0,-0.1,0.1,0,0.1,-0.1,0,0.1,0,0.25,0.32
0.0000284,0.2,0,0,0,0.1,0.1,0,0,0.1,0,0,0.1,0,0.1,0,0,0,0,0.1,0.1,-0.1,0.1,0,0,0,0.1,0,0.1,0,-0.1,0.1,0.1,0.1,0,0,0,0,0,0,0,0,0.1,0,-0.1,0,0.1,0,0,0,0,-0.1,0,0,0,0,0,0,0,0,-0.1,0,0.2,-0.1,-0.1,-0.1,-0.1,-0.1,-0.1,-0.1,-0.1,-0.1,0.2,-0.1,-0.2,-0.1,-0.2,-0.2,-0.2,-0.1,-0.1,-0.1,0.1,-0.1,-0.1,-0.1,-0.1,-0.1,-0.1,0,0,-0.1,0,0,-0.1,-0.1,-0.1,0,0,0.33,0.37
0.0000286,0.1,0,0,0,0,0.1,0.1,0,-0.1,0,0,0.1,0,0.2,0,0,-0.1,0.1,0,0,0,0.1,0,0,0,0,0,0.1,0,0.1,0,0.1,0.1,-0.1,0,0,0,0,-0.1,0,0,0,0.1,0,0,0.1,-0.1,-0.1,0,0.1,0,0,0.1,0,0,0,0,0,0.1,-0.1,0,0,0,0,-0.1,-0.1,-0.1,-0.1,-0.1,-0.1,-0.1,0.1,-0.2,-0.1,-0.2,-0.1,-0.2,-0.2,-0.2,-0.1,-0.1,0,-0.1,-0.1,0,-0.2,-0.1,0,-0.1,-0.1,0,0,-0.1,0,0,0,-0.1,0,0.28,0.27
0.0000288,0.2,0,-0.1,0,0,0.1,0,0,0.1,0,0,0.1,0.1,0.1,0.1,0.1,-0.1,0,0,0,0,0,0,0.1,0,0.1,0,0,0,-0.1,-0.1,0,0.1,0,0,0,0.1,0,0.1,0.1,0,0,0,-0.1,0,0,0,0,0,-0.1,0,0.1,0,0,0,0,0.1,0,-0.1,-0.1,-0.1,0.1,-0.1,-0.1,0,0,-0.1,0,-0.1,-0.1,-0.2,0,-0.2,-0.2,-0.2,-0.1,-0.1,-0.2,-0.2,-0.2,-0.1,0,-0.2,-0.2,-0.2,-0.2,0,0,-0.1,-0.1,-0.1,0,0,0,0,-0.1,-0.1,0,0.24,0.36
0.000029,0.1,0.1,0,0,0,0,0,0,0,0,0,0.1,0,0.1,0,-0.1,0,0.1,0,0,0,0,0,0.1,0,0,0,0,0.1,0.1,-0.1,0.2,0,0,0,0,0,0,0.1,0,0.1,0.2,0.1,0,-0.1,0,0,0,0,0.1,-0.1,0,0,0.1,0,0,0,0,0,-0.1,-0.1,0.2,0,-0.1,-0.1,-0.2,-0.1,-0.1,-0.2,-0.2,-0.1,0.2,-0.1,-0.2,-0.1,-0.1,-0.1,-0.2,-0.2,-0.1,-0.2,0,-0.1,-0.1,-0.2,-0.2,-0.1,-0.1,-0.1,-0.1,-0.1,0,0,0,0,0,-0.1,0.1,0.32,0.27
0.0000292,0.1,0,0.1,0.1,0.1,0.1,0.1,0,0,0.1,0,0,0.1,0,0,-0.1,0.1,0.1,0,0,0,0.1,0,0.1,0,0,0.1,0,0,0,0.1,0.1,0,0,0.1,0,0,0,0,0,0,0.1,0.1,0,0,-0.1,0,0,0,-0.1,0,0.1,0,0.1,0,0,0,-0.1,-0.1,-0.1,-0.1,0.1,-0.1,-0.1,-0.2,-0.1,-0.1,-0.1,-0.1,-0.2,-0.1,0,-0.1,-0.2,0,-0.1,-0.1,-0.2,-0.1,-0.2,-0.2,0.1,-0.1,-0.1,-0.2,-0.1,-0.1,-0.1,-0.1,0,-0.1,0.1,-0.1,0,-0.1,0,-0.1,0,0.32,0.3
0.0000294,0,0,0.1,0,0,0,0,0,0.1,0,0.1,0,0,0,0.1,0.1,0.1,0,0.1,-0.1,0,0.1,0,0,0,0.1,0.1,0,0,0.2,0,0,0,0.1,0,0,0.1,0,0,0.1,0,0,0,0,0,0,0,0,0,0.1,0,0.1,0,-0.1,0,0,-0.1,-0.1,0,0,0,0,0,-0.1,-0.1,0,0,-0.1,-0.1,-0.2,-0.2,0,-0.1,-0.1,-0.2,-0.2,-0.1,-0.2,-0.2,-0.2,-0.2,0.1,-0.1,-0.1,-0.1,-0.1,-0.1,-0.1,-0.1,-0.1,-0.1,0,-0.1,0,0,0,0,-0.1,0.27,0.26
0.0000296,0.1,0.1,0.1,0,-0.1,0,0,0,0.1,0,0,0.1,0.1,0,0,0.1,0.1,0,0,0,0.1,0,0,0,0,0,0,0.1,0,0,0,0.1,0,0,0,0,0,0,0,0,-0.1,0,0,0,0,0,0,0,0.1,-0.1,0.1,0.1,0,0,-0.1,0,-0.1,0,-0.2,0,-0.1,0.1,0,-0.1,0,-0.1,-0.1,-0.1,-0.2,-0.1,-0.1,0.1,-0.1,-0.1,-0.2,-0.2,-0.1,-0.2,-0.2,-0.2,-0.1,0,-0.3,-0.1,-0.1,-0.2,-0.1,-0.1,-0.1,0,0,0,-0.1,0,0,0,0,0,0.26,0.18
0.0000298,0.1,0,0.1,0,-0.1,0,0.1,0,0,0,0,0,-0.1,0,0,0,0,-0.1,0,0.1,0,0,0,-0.1,0.1,0,0,0,0,0,0.1,0.1,0,0,0,0,0,0,0,-0.1,0,0.2,0,0.1,0,0,0,0,0,0,0,0.1,0,-0.1,0,0,0,0,0,0,-0.1,0.1,-0.1,-0.1,0,0,-0.2,-0.1,0,0,-0.2,0,-0.2,-0.1,-0.2,-0.1,-0.2,-0.2,-0.3,-0.1,-0.1,0.2,-0.2,-0.1,-0.1,-0.1,-0.1,-0.1,-0.1,0,-0.1,0.2,-0.1,0,0,0,0,0,0.31,0.29
0.00003,0.2,0.1,0,0,0,-0.1,0.1,0,0.1,0.1,0,0.1,0,0,0,0,0.1,-0.1,0,0,0,0.2,0,0,0.1,0,0.1,0,0,0,0.1,0,0,0,-0.1,-0.1,0.1,0,0,0,0,0.1,0,0.1,0,0.1,0,0,0,0,0.1,0,0,0,0,-0.1,-0.1,0,-0.1,-0.1,-0.1,0.1,-0.1,-0.1,0,-0.1,-0.1,-0.1,-0.2,-0.1,-0.2,0,-0.1,-0.2,-0.2,-0.1,-0.2,-0.2,-0.2,-0.1,-0.1,0,-0.1,-0.1,-0.1,-0.1,-0.1,0,0,-0.1,0,0.1,0,0,0,0,-0.1,0,0.26,0.2
0.0000302,0.1,0.1,0,0,0,0,0.1,0,0,0,0,0.1,0,0,0,0,0,0,0,0,0.1,0.2,0,0,0,-0.1,0,0,0,-0.1,0.1,0,-0.1,0,0,-0.1,0,0,0,-0.1,0,0,0,0.1,0,0,0,0,0,0,0.1,0.1,0,0,0,-0.1,0,0,-0.2,0,-0.1,0,0,-0.1,0,-0.1,0,0,-0.1,-0.1,-0.2,0.1,-0.1,-0.1,-0.1,-0.1,-0.2,-0.2,-0.2,-0.1,-0.1,0.1,0,-0.1,-0.1,-0.1,-0.1,-0.1,0,-0.1,-0.1,0,-0.1,-0.1,0,-0.1,0,-0.1,0.19,0.2
0.0000304,0.1,0,0,0,0.1,0,0,0,0,-0.1,0,0.1,0.1,0.1,0.1,0.1,0,0,0,0,0.1,0.1,0,0.1,0,-0.1,0,0,0,0,0,0.1,0,0,-0.1,0,0.1,0,0.1,0,0,0.2,0,0,0.1,-0.1,-0.1,0,0,-0.1,0,0,0,-0.1,0,0.1,-0.1,-0.1,0,0,-0.1,0.1,0,0,-0.1,0,-0.2,-0.2,-0.2,-0.1,-0.2,0.1,-0.1,-0.2,-0.2,-0.2,-0.1,-0.2,-0.1,-0.2,-0.1,0.1,0,-0.1,-0.1,-0.1,-0.1,-0.1,-0.1,-0.1,-0.1,0,0,0,-0.1,0,0,-0.1,0.2,0.2
0.0000306,0.1,0,0.1,0,0.1,0,0,0.1,0,0,0.1,0.1,0,0,0,0,0,0,0,0,0.1,0.2,0.1,0.1,0,0,0,0,0.1,0,0.1,0.1,0,0,0.1,0,0,0,0.1,0,0,0.1,0,-0.1,-0.1,0,0.1,0.1,0,-0.1,0.1,0,0,-0.1,-0.1,0,-0.1,-0.1,0,0,-0.1,0,-0.1,0,-0.1,-0.1,-0.1,-0.2,-0.1,-0.1,-0.2,0.2,-0.1,-0.1,-0.1,-0.2,-0.2,-0.1,-0.2,-0.1,-0.1,0,0,-0.2,-0.2,-0.1,-0.1,-0.1,-0.1,-0.1,-0.1,0.1,0,0,-0.1,0,0,-0.1,0.2,0.2
0.0000308,0,0.1,0,0,0.1,-0.1,0,0,0,0,-0.1,0,0,0,0,0,0,0,0,0,0,0,0,0,0.1,0,0,-0.1,0,0.1,0,0,0.1,0,0,0,0,-0.1,0,0,0.1,0.1,0,0.1,0,0,0,0,0.1,-0.1,0,0,-0.1,0.1,0,-0.1,-0.1,0,0,0,0,0.1,-0.1,-0.1,0,-0.1,-0.1,-0.1,-0.1,-0.1,-0.2,0,-0.2,-0.2,-0.1,-0.2,-0.2,-0.2,-0.2,-0.2,-0.2,0,-0.1,-0.1,-0.1,-0.2,-0.1,-0.1,-0.1,-0.1,-0.1,0.1,0,0,0,0,0,0,0.2,0.2
0.000031,0,0.1,0,0,0,-0.1,0,0,0,0,-0.1,0,0,0,0,0.1,0,0,0.1,0,0,0,0,0.1,0,0.1,0.1,0.1,0.1,0,0.1,0,0.2,0.1,0,-0.1,-0.1,0,-0.1,0,-0.1,0.1,0,0,0,0.1,-0.1,0,0,0,0,0,0,-0.1,0,-0.1,-0.1,0,0,-0.1,-0.1,0.1,0,0,-0.1,-0.2,-0.1,-0.1,-0.2,-0.1,-0.1,0.1,-0.1,-0.2,-0.2,-0.2,-0.1,-0.2,-0.2,-0.2,-0.1,0,-0.1,0,-0.3,-0.1,-0.2,-0.1,-0.1,-0.2,-0.1,0.1,0,0,0,0,0,0,0.2,0.2
0.0000312,0,0,0,-0.1,0.1,0.1,0,0,0,0,0.1,0.1,0,0,0,0.1,0,0.1,0,0.1,0,0.1,0.1,0,0.1,0,0,-0.1,0,0,0,0.1,0,0.1,0,0,0.1,0,0,0,0,0.1,0,0,-0.1,0,0,-0.1,0,0,-0.1,0,0,0.1,0,0,0,0,-0.1,0,-0.1,0.1,0,0,-0.1,-0.1,-0.1,-0.1,-0.1,-0.1,-0.1,0.2,-0.1,-0.1,-0.1,-0.2,-0.2,-0.2,-0.1,-0.1,-0.1,0.1,-0.2,-0.2,-0.2,-0.1,-0.1,-0.1,-0.1,-0.1,-0.1,0,0,0.1,-0.1,0.1,0,0.1,0.2,0.2
0.0000314,0,0.1,0,0,0.1,0,0.1,0.1,0,0,0,0.2,0.1,-0.1,0,0.1,0,0.1,0.1,-0.1,0.1,0,-0.1,0.1,0,0,0.1,0,0,0,0,0.1,0,0,0,0,0.1,0.1,0,0,0,0,0,0.1,0,0,0,-0.1,-0.1,0,0,0.1,0.1,0,-0.1,0,0,-0.1,0,0,0,0.2,-0.1,-0.1,-0.1,-0.1,0,0,-0.1,-0.2,-0.1,0.2,-0.2,-0.1,-0.2,-0.2,-0.2,-0.2,-0.1,-0.1,-0.2,0,-0.2,-0.1,-0.1,-0.1,-0.1,-0.1,-0.1,0,-0.1,0.1,-0.1,0,-0.1,0,0,0,0.1,0.2
0.0000316,0.1,0.1,0,0,0,0,0,0,0,0,0.1,0,0.1,0,0,0.1,0,0.1,0,-0.1,0.1,0.1,0,0.1,0,0.1,0,0.1,0,0,0,0,0,0,0,0.1,0,0.1,-0.1,0,0,0.2,0,0.1,0,0.1,0,0,0.1,-0.1,0,0.1,0,0,-0.1,-0.1,-0.1,0,-0.1,-0.1,-0.1,0,0,0,0,-0.1,-0.1,-0.1,-0.1,-0.2,-0.1,0.1,-0.1,-0.1,-0.1,-0.1,-0.2,-0.2,-0.1,-0.2,-0.1,0.1,-0.1,-0.1,-0.1,-0.1,-0.1,-0.1,-0.1,-0.1,-0.1,0,0,0,-0.1,-0.1,-0.1,0,0.2,0.3
0.0000318,0.2,0,0,0.1,0.1,0,0.1,0.1,-0.1,0.1,0,0.1,0.1,0,0,0,0.1,0.1,0.1,-0.1,0.1,0.1,0,0.1,0.1,0.1,0,0,0,0,-0.1,0.1,0.1,0,0,0.1,0,0,0,0,0,0.2,0,0.1,0,-0.1,0,-0.1,0,-0.1,0,0.1,0,-0.1,0,0,-0.1,0,-0.1,-0.1,0,0,0,0,-0.1,-0.2,0,0,-0.1,-0.1,-0.1,0.1,-0.1,-0.2,-0.1,-0.1,-0.1,-0.1,-0.2,-0.1,-0.2,0.1,-0.1,-0.1,-0.2,-0.1,-0.1,-0.1,-0.2,0,-0.2,0,-0.1,0,-0.1,0,-0.1,0,0.1,0.2
0.000032,0.1,0.1,0,0.1,0,0,0,0,-0.1,0,0,0.1,0.1,0,0,0.1,-0.1,0,0,-0.1,0,0.1,0,0,0,0,0,0,0,0,0,0.1,0,0,0,0.1,0.1,0,-0.1,0,0,0.1,0,0,0,0.1,0.1,0,0,0,0,0,0,0,0,0,-0.1,-0.1,0,-0.1,0,0.2,-0.1,-0.1,-0.1,0,-0.1,-0.1,-0.1,-0.2,-0.1,0,-0.2,-0.2,-0.2,-0.1,-0.2,-0.2,-0.2,-0.1,-0.1,0.2,-0.1,-0.1,-0.2,-0.1,0,-0.1,0,0,0,0,0,0,-0.1,-0.1,0,0,0.1,0.2
0.0000322,0.1,0,0.1,0,0,0,0,0,0,0,-0.1,0.1,0,0.1,0,-0.1,0,0,0.1,0.1,0,0.1,0,0,0,0,0,0,0.1,0.1,0,0.1,0.1,0,-0.1,0,0,0,0,0,0.1,0.1,0,0,0.1,0.1,0,0,0,0,0.1,0,-0.1,0,-0.1,-0.1,-0.1,-0.1,0,-0.1,-0.1,0.1,-0.2,0,-0.1,-0.2,0,-0.1,-0.1,-0.2,-0.1,0,-0.1,-0.1,-0.2,-0.1,-0.2,-0.1,-0.2,-0.1,-0.1,0.1,-0.2,-0.1,-0.2,-0.1,-0.1,-0.1,0,0,-0.1,0,0,-0.1,0,0,0,0,0.2,0.2
0.0000324,0.1,0,0,0,0,0,0.1,0.1,0,0,-0.1,0,0,0,0,0,0,0,0,0.1,0,0,0,0.1,0.1,0.1,0.1,0,0,0,0,0,-0.1,-0.1,-0.1,0,0.1,0,0,0,-0.1,0.1,0.1,0,0.1,0,0,0,0,0,-0.1,0,0.1,0.1,0,-0.1,0,0,-0.1,0,-0.1,0,-0.1,-0.1,-0.1,-0.1,-0.1,-0.1,-0.2,-0.1,-0.2,0.1,-0.1,-0.2,-0.1,-0.2,-0.1,-0.1,-0.2,-0.2,-0.2,0.1,0,-0.1,-0.1,-0.1,-0.1,-0.1,0,-0.1,0,0.1,0,-0.1,0,0,-0.1,0,0.1,0.1
0.0000326,0,0,0,0.1,0,0,0.1,0,0.1,0,0,0.1,0,0,0,0,0,0,0,0,0,0,0,0.1,0.1,0.1,0.1,0,0,0,0,0.1,0.1,0.1,0.1,0,0.1,-0.1,0,0.1,0,0.2,0,0,0.1,0,0,0,-0.1,0,0,0.1,0,0,0.1,-0.1,0,0,-0.1,0,0,0,0,-0.1,0,-0.1,-0.1,-0.1,-0.1,-0.1,-0.1,0.1,-0.1,-0.2,-0.2,-0.2,-0.2,-0.1,-0.1,-0.1,-0.2,0.1,-0.1,-0.1,-0.2,-0.1,-0.1,-0.1,0,-0.1,-0.1,0,0,0,0,-0.1,0,0,0.3,0.1
0.0000328,0.1,0,0,0,0.1,0,0,0,0,0,0,0.1,-0.1,0.1,0,0,0,0,0,0,-0.1,0,0,0.1,0.1,0,0,0.1,0.1,0.1,0.1,0.1,0,0,0,0,0,0,0,0,0.1,0.1,0,0,0,0.1,0,0,-0.1,0,0,0,0,-0.1,0,0,0,0,0.1,0,-0.1,0.1,0,-0.1,0,0,-0.1,-0.1,0,-0.2,-0.2,0.1,-0.2,-0.1,-0.2,-0.1,-0.1,-0.2,-0.2,-0.1,-0.2,0.1,-0.1,-0.1,-0.2,-0.1,-0.1,-0.1,-0.1,-0.1,0,0,0,-0.1,-0.1,-0.1,0,0,0.2,0.1
0.000033,0.1,0,0,0,0.1,0,0,0,0,0.1,0,0.1,-0.1,0.1,0,0.1,0,0,0,0,0,0.1,0,0,0,0,-0.1,0,0,0,0,0,0,0,0,0,0,0,0,0,0.1,0,0,0,-0.1,0,0,0,0,0.1,0,0,0,-0.1,0,0,0,0,0,0,0,0.1,-0.1,0,-0.1,-0.1,-0.1,-0.1,-0.1,-0.1,-0.1,0.1,-0.1,-0.2,-0.1,-0.2,-0.2,-0.2,-0.2,-0.1,-0.1,0,0,-0.1,-0.1,-0.2,-0.1,-0.1,-0.1,0,-0.1,0.1,0,0,-0.1,0,0.1,-0.1,0,0.2
0.0000332,0.1,0.1,0.1,-0.1,0.1,0,0,0.1,-0.1,0,-0.1,0,0,0,0,0.1,0,0.1,-0.1,0.1,0,0,0,0.1,0,0,-0.1,0,0.1,0,0.1,0,0,0,0,0,0,0,0,0.1,0,0,0.1,0,0,0,0,-0.1,0,0,0,0.1,0.1,0,-0.1,0,0,-0.1,0,-0.1,0,0.1,-0.1,-0.1,0,-0.1,-0.1,0,-0.2,-0.1,-0.2,0.2,-0.1,-0.1,-0.2,-0.2,-0.2,-0.2,-0.1,-0.1,-0.1,0,-0.1,-0.1,-0.2,0,-0.1,-0.1,-0.1,0,-0.1,0,-0.1,-0.1,-0.1,0,-0.1,-0.1,0.1,0.1
0.0000334,0.2,0,0,0.1,0.1,0,0.1,0,0,0,0,0.1,0,0,0,0.1,0.1,0.1,-0.1,0,-0.1,0.1,0.1,0,0,0,0,0,0,0,0.1,0.2,0,0,0,0,-0.1,0,0,0,0,0,0,0,0,0,0,0,0,-0.1,0,0,0.1,-0.1,-0.1,0,-0.1,0,0,0,0,0.1,0,-0.1,-0.1,-0.1,-0.1,-0.1,-0.2,-0.1,-0.1,0,-0.1,-0.2,-0.1,-0.1,-0.2,-0.2,-0.2,-0.1,-0.1,0.1,-0.1,-0.1,-0.2,-0.2,-0.1,-0.1,-0.1,-0.1,-0.1,0,-0.1,-0.1,0,0,-0.1,0,0.1,0.1
0.0000336,0.1,0,0,0,0.1,0,0,0.1,0,0,0,0.1,0,0,-0.1,0.1,0,-0.1,0,0.1,0,0.1,0.1,0.1,0,-0.1,0.1,0,0.1,0,-0.1,0,0,0,0,0,0,0,0,0,-0.1,0.2,0,0.1,0.1,0.1,0,0,0.1,0,0,0.1,0,0,0,0,0,-0.1,0,0,-0.1,0.1,0,-0.1,-0.1,-0.1,-0.1,0,-0.2,-0.1,-0.1,0.2,-0.1,-0.1,-0.3,-0.2,-0.2,-0.2,-0.2,-0.1,-0.1,0,-0.2,-0.1,-0.2,-0.1,-0.1,-0.1,-0.1,-0.1,-0.1,0.2,0.1,0,0,0,-0.1,-0.1,0.1,0.1
0.0000338,0,0,0,-0.1,0.1,0,0,0,0.1,0.1,0.1,0.2,0.1,0,0,0,0.1,0.1,0,0,0.1,0.2,0,0,0,-0.1,0,0,0.1,0,0,0.2,0,0,0.1,0,0,0,0,0,-0.1,0,-0.1,0,0,0,-0.1,0.1,0,0,0,0,0,-0.1,-0.1,-0.1,-0.1,-0.1,0,0.1,0,0,0,0,-0.2,-0.1,-0.1,-0.1,-0.1,-0.1,-0.1,0.1,-0.1,-0.2,0,-0.1,-0.1,-0.2,-0.2,-0.1,-0.1,0.2,-0.2,-0.2,-0.1,-0.1,-0.1,-0.1,-0.1,-0.1,-0.1,0.2,-0.1,-0.1,0,0,0,-0.1,0.1,0.1
0.000034,0.1,0,0,0,0,0,0,0.1,0.1,0,0,0.1,-0.1,0.1,0,0,0,0,0,0,0.1,0.1,0.1,0,0.1,0,0,0.1,0,0,0,0.1,-0.1,0.1,0,0.1,0,0.1,-0.1,0.1,0,0.1,0.1,-0.1,0,0.1,-0.1,-0.1,0.1,-0.1,0,0.1,0,0.1,-0.1,-0.1,0,-0.1,0,0,-0.1,0,0,-0.1,0,-0.1,-0.1,-0.1,-0.1,-0.1,-0.1,0.1,-0.1,-0.1,-0.2,-0.1,-0.1,-0.1,-0.2,-0.1,-0.2,0.1,-0.1,-0.1,-0.1,0,-0.1,-0.1,-0.1,0,0,0.1,0.1,0,0,-0.1,-0.1,0,0.1,0.2
0.0000342,0,0,0,0,0,-0.1,0,0,0.1,0,0,0,0,0.1,0,-0.1,0,0.1,0,0,0.2,0.1,0,0,0,0,0,0.1,0,0,0.1,0.1,-0.1,0,0,0,0.1,0,0,0.1,0,0.1,0.1,0.1,0,0,0,0,0,-0.1,0,0,0,0,0,0,0,-0.1,0,0,0,0.1,-0.1,-0.2,0,0,-0.1,-0.2,-0.1,-0.2,-0.1,0,-0.1,-0.1,-0.1,-0.2,-0.1,-0.2,-0.2,-0.1,-0.1,0.1,-0.2,-0.1,-0.2,-0.1,-0.1,-0.1,-0.1,-0.1,0,0,0,0.1,0,0,0,0,0.1,0.1
0.0000344,0.1,0,-0.1,0,0.1,0,0,0,0,0.1,-0.1,0.2,-0.1,0,0,0,0,0,-0.1,0.1,0.1,0,0.1,0,0.1,0.1,0.1,0.1,0,0,0,0.2,0,0,0,0,0,0,0,0,0,0.2,0,0,0,0.1,0,0,0,0.1,0,0,-0.1,0,-0.1,0,0,0,-0.1,-0.1,0,0,-0.1,0,-0.1,-0.1,-0.1,-0.1,-0.1,-0.1,-0.2,0,-0.2,-0.1,-0.2,-0.2,-0.2,-0.1,-0.2,0,-0.1,0,-0.1,-0.1,-0.1,-0.1,-0.1,-0.1,-0.1,-0.1,-0.1,0.2,-0.1,0,-0.2,-0.1,-0.1,0,0,0.2
0.0000346,0,0.1,0,0.1,0,-0.1,0.1,0,-0.1,0.1,-0.1,0,0,0,0,0,0,0,0.1,0.1,0.1,0.1,0,0,0,0.1,0.1,0.1,0,0,-0.1,0.1,0.2,-0.1,0,0,0,0,0,0,-0.1,0.1,0,0.1,0,0,0,-0.1,0,0,0,0,-0.1,0,0,0,0,0,-0.1,0,-0.1,0,-0.1,0,-0.1,-0.1,-0.1,-0.1,-0.2,-0.1,-0.1,0.1,-0.1,-0.2,-0.2,-0.1,-0.2,-0.1,-0.2,-0.1,-0.2,0,-0.1,-0.2,-0.2,-0.1,-0.1,-0.1,-0.1,0,-0.1,0.1,-0.1,0,-0.1,-0.1,0,0,0.1,0.1
0.0000348,0,0.1,-0.1,0,0,0,0.1,0.1,0,0.1,0.1,0.1,0.1,0,0,0.1,-0.1,0,0.1,0,0,0.1,0.1,0.1,0,0,0,0,-0.1,0,0,0,0,0,0,0,0,0,0.1,0,0,0,0,0,0,-0.1,0,0,0,0,-0.1,0,-0.1,0,-0.1,0,-0.1,-0.1,-0.1,0,0,0.1,-0.1,-0.1,0,-0.1,0,-0.1,-0.2,-0.1,-0.1,0,-0.2,-0.1,-0.1,-0.2,-0.1,-0.2,-0.2,-0.2,-0.2,0.1,-0.2,-0.2,-0.1,-0.1,-0.1,-0.1,-0.1,0,-0.1,0,0,-0.1,-0.1,0,0,0,0.1,0.1
0.000035,0.1,0,0,0,0,0,0,0,-0.1,0,0.1,0.1,0,0,0,0,-0.1,0,0,0,0,0.1,0,0,0,0.1,0,0.2,0,0,0,0.1,0,0.1,0,0,0,0.1,0.1,0,0,0.1,0,0,0,0,0,-0.1,0,0,-0.1,0,0.1,0,-0.1,0.1,0,-0.1,-0.1,0,0,0,-0.1,0,0,-0.1,-0.1,-0.2,-0.1,0,-0.1,0.1,-0.2,-0.1,-0.1,-0.1,-0.1,-0.1,-0.1,0,-0.1,0,-0.1,-0.1,-0.2,-0.2,-0.2,-0.1,0,0,0,0.1,0,0,-0.1,0,0,0,0.1,0.1
0.0000352,0,0.1,0.1,0.1,0,0,0,0,-0.1,0,0,0.1,0,0,0.1,0,0,0,0,0,0,0.2,0,-0.1,0,0,0.1,0,0,0,0,0,0,0,0.1,0,0,0,0.1,0,0,0.2,0,0.1,0,-0.1,0,0,-0.1,0.1,-0.1,0.1,0,0,0,-0.1,-0.1,-0.1,0,0,-0.1,0.1,-0.1,-0.1,-0.1,-0.1,-0.2,-0.1,-0.1,-0.1,-0.1,0.1,-0.1,-0.1,-0.2,-0.1,-0.1,-0.1,-0.2,-0.1,-0.1,0.1,-0.2,-0.2,-0.2,-0.1,-0.1,-0.1,-0.1,0,0,0,-0.1,0,0,-0.1,-0.1,0,0,0.1
0.0000354,0,0.1,0,0,0.1,0,0.1,0,-0.1,-0.1,0,0.1,0,0.1,0,0,0,0,0,0,0,0.2,-0.1,0,0,0.1,0,0,0,0,0.1,0,0,0,0,0,-0.1,-0.1,0,0,0.1,0.1,0,0,0,0,0.1,0,0,-0.1,0,0,0.1,0,0,0,-0.1,-0.1,0,0,0,0.1,-0.1,-0.1,-0.1,0,-0.1,-0.2,-0.2,0,-0.1,0.1,-0.2,-0.1,-0.1,-0.2,-0.1,-0.1,-0.3,-0.1,-0.1,0,-0.2,-0.1,-0.2,-0.1,-0.1,0,-0.1,0,0,0.1,-0.1,0,0,0,-0.1,0,0,0.2
0.0000356,0.1,0.1,0,-0.1,0.1,0,0,0,0,0,0.1,0.1,0.1,0.1,0,0,0.1,0,0.1,0,0.1,0.2,0,0,0,0,0.1,0,0.1,0,0.1,0,0,0,0,0,0,0,0,-0.1,0,0,0,0,0,0,0,0,0,0,0,0,0,0,0,-0.1,0,0,0,-0.2,0,0.1,-0.1,0,-0.1,-0.2,-0.2,-0.1,-0.1,-0.1,-0.1,0.1,-0.2,-0.1,-0.2,-0.1,-0.2,-0.2,-0.1,-0.1,-0.2,0,-0.1,-0.1,-0.2,-0.1,-0.1,-0.1,-0.1,-0.1,0,0,-0.1,0,-0.1,-0.1,-0.1,0,0.1,0.1
0.0000358,0,0,0.1,-0.1,0,-0.1,0,0,0,0,-0.1,0.1,0.1,0,0,0.1,0.1,0,-0.1,0,0,0,0,-0.1,0,0,0,0,0,0,0.1,0,0,0,0,-0.1,-0.1,0,0,0,0,0,0,0.1,0,0.1,0,0.1,0,0,0,0.1,0,-0.1,-0.1,-0.1,-0.1,-0.1,0,-0.1,-0.1,0.1,-0.1,-0.1,0,-0.1,-0.1,-0.1,-0.1,-0.1,-0.1,0,-0.1,-0.1,-0.1,-0.2,-0.1,-0.2,-0.1,-0.1,-0.1,0.2,-0.1,-0.1,-0.2,-0.1,0,-0.1,-0.1,0,-0.1,0,0,0,-0.1,0,0,0,0.1,0
0.000036,0,0,0,0,0,0,0,0,0,0,0,0.1,0,0.1,0,0.1,0,0,0.1,-0.1,0,0,0,0,0,0,0.1,-0.1,0,0,0,0,0.1,0,0,0,-0.1,0,0,0,0,0.1,0.1,0,0,0,0.1,0,0,0,0,0.1,0,0,0,0,-0.1,-0.1,0,0,0,0,0,0,-0.1,-0.2,-0.1,-0.1,-0.2,-0.2,-0.1,0.1,0,-0.2,-0.1,-0.2,-0.1,-0.2,-0.1,-0.1,-0.1,0.1,-0.2,0,-0.2,0,-0.1,-0.1,-0.1,0,0,0.1,0,0,-0.1,0,-0.1,0,0,0
0.0000362,0,-0.1,0,0,0,0,0,0.1,0,0,0,0,0,0,0.1,0,0.1,0,0,0.1,0,0,-0.1,0,-0.1,0,0,0.1,0,0,0,0,0,0,0,-0.1,-0.1,0,0,-0.1,0,0,0,0.1,0.1,0,0,0,0,0.1,0,0.1,0.1,-0.1,0,0,-0.1,0,-0.1,-0.1,-0.1,0,-0.1,-0.1,-0.1,-0.1,0,-0.1,0,-0.2,-0.1,0.1,-0.1,-0.2,-0.3,-0.2,-0.1,-0.2,-0.2,-0.1,-0.2,0.1,-0.1,0,-0.2,-0.2,-0.1,-0.1,-0.1,-0.1,-0.1,0.1,-0.1,0,-0.1,0.1,0,0,0,0
0.0000364,0,0.1,0,0,0.1,-0.1,0,0,0.1,0,0,0.1,0,0,0,0,0,0,0,0,0,0,0,-0.1,0,0,0,0,0.1,-0.1,0.1,0,0,0,0.1,0.1,0,0.1,0,0,-0.1,0,-0.1,-0.1,0.1,0.1,0,0,0,0,0,0,-0.1,0,0.1,0,0,0,0,-0.1,-0.1,0.1,-0.1,0,-0.1,0,-0.2,-0.1,-0.1,-0.2,-0.1,0.2,-0.2,-0.1,-0.2,-0.2,-0.2,-0.3,-0.1,-0.2,-0.1,0.1,-0.1,0,-0.2,-0.1,-0.1,-0.1,0,0,0,0.1,0,0,0,0,0,0,-0.1,-0.1
0.0000366,0,-0.1,0,0,0,0,0.1,0,0.1,0,0,0.1,-0.1,0,0,0,0.1,0.1,0,0,0,0.1,0,-0.1,0.1,0,0,0,0,-0.1,0,0.1,0,0,0.1,0.1,0,0,0,-0.1,0.1,0.1,0,0,0,0,0,0,0,-0.1,-0.1,0.1,0,0,0,0.1,0,-0.1,-0.1,-0.1,-0.1,0,-0.1,-0.1,-0.1,-0.1,-0.1,-0.1,-0.1,-0.1,-0.1,0.1,-0.1,-0.2,-0.1,-0.1,-0.2,-0.1,-0.2,-0.1,-0.2,0.1,-0.1,-0.1,-0.1,0,-0.2,0,-0.1,-0.1,-0.1,0,0,0,-0.1,-0.1,0,0,-0.1,-0.1
0.0000368,0.1,0,0.1,0,0,-0.1,0,0,0.1,0,-0.1,0.1,0,0,0.1,0.1,0.1,0,0,0,0.1,0.1,0,0.1,-0.1,0,0,0,0,0,-0.1,0,0,0.1,0.1,0,-0.1,0.1,0,-0.1,-0.1,0.2,0,0,-0.1,0,-0.1,0.1,0,0,-0.1,0,0.1,0.1,-0.1,0,0,0,0,-0.1,-0.1,0.2,-0.1,0,-0.1,-0.1,-0.1,-0.1,-0.1,-0.1,-0.2,0.1,-0.2,-0.1,-0.2,-0.2,-0.1,-0.1,-0.2,-0.1,-0.2,0.1,-0.1,-0.2,-0.1,0,-0.2,-0.1,-0.1,-0.1,0,0.1,0,-0.1,0,0,0,0.1,-0.1,0
0.000037,0.1,0.1,0.1,0,0,-0.1,0,0,0,0,0,0.1,0.1,0,0,0,-0.1,0,0.1,0.1,0.1,0.1,0.1,0,0,-0.1,0,0,0,0.1,0,0.1,0,0.1,0,0,0,0,0.1,0.1,0,0.1,0,0,-0.1,0,0,0,-0.1,0,-0.1,0.1,0,0,0,0,0,-0.1,-0.1,-0.1,-0.1,0.1,-0.1,-0.2,-0.1,-0.1,-0.1,-0.1,-0.1,-0.1,-0.1,0.1,-0.2,-0.1,-0.1,-0.2,0,-0.2,-0.1,-0.1,0,0.1,-0.1,-0.1,-0.2,-0.2,-0.1,-0.1,-0.1,0,0,0,0,0,0,0,0,0,0,0
0.0000372,0.1,0.1,0.1,0,0.1,0,0,0,0,0,0,0.1,0,0.1,0,0,0,0.1,0.1,0.1,0,0,0,-0.1,0,0,-0.1,0,0.1,0,0,0.1,0.1,0,0,-0.1,0,0.2,0.1,0,0,0.1,0,0,0,0,0.1,0,-0.1,0.1,-0.1,0,0,0,-0.1,0.1,0.1,-0.1,0,-0.1,0,0.1,-0.2,-0.1,-0.1,-0.2,-0.1,-0.1,-0.1,-0.1,-0.1,0,-0.2,-0.2,-0.2,-0.2,-0.1,-0.1,-0.1,-0.1,-0.1,0.1,-0.1,-0.1,-0.1,-0.1,0,-0.1,0,-0.1,-0.1,0,0,-0.1,0,0,0.1,0.1,0,0.1
0.0000374,0,0,-0.1,0,0.1,-0.1,0,0,0.1,0,0,0.1,0,0,0,0,0,0,-0.1,0,0,0.1,0.1,0,0,0,0,0,0.1,0.1,0,0,0,0.1,0,0,0,0.1,-0.1,0.1,0,0,0.1,0,0,0,0.1,0,-0.1,-0.1,0,0.1,-0.1,0,-0.1,0.1,0,-0.1,-0.1,-0.1,0,0.2,0,-0.1,-0.1,-0.1,-0.1,0,-0.1,-0.2,-0.2,0.1,-0.2,-0.1,-0.1,-0.1,-0.1,-0.2,-0.1,-0.1,-0.2,0,-0.2,-0.1,-0.2,-0.1,-0.1,-0.1,-0.2,-0.1,-0.2,0.1,0,-0.1,-0.1,0,0,0,-0.1,0
0.0000376,0.1,0.1,0,0,0.1,-0.1,0,0,0,-0.1,0,0.1,0.1,-0.1,0,0,0.1,-0.1,0,0,0,0,0.1,0,0,0,0.1,0,0,0,0,0,0.1,0.1,0,0,0,0,0,0,0,0.1,0,0,-0.1,0,0.1,0,0,0,-0.1,0.1,-0.1,0.1,0,-0.1,0,0,0,-0.1,-0.1,0,-0.1,0,0,-0.1,-0.1,-0.1,-0.1,-0.1,-0.2,0,-0.1,0,-0.2,-0.2,-0.2,-0.1,-0.1,-0.1,-0.2,0.1,-0.1,-0.1,-0.2,-0.1,-0.1,-0.1,-0.1,0,-0.1,0,-0.1,0,-0.1,-0.1,0,0,0,0.1
0.0000378,0.1,0.1,0,0,0.1,-0.1,0,0,0,0,0,0.1,0.1,0,-0.1,-0.1,0.1,0,0.1,0,0,0.2,0,0,0,0,-0.1,0.1,0,0.1,0,0,-0.1,0,0,0.1,0,0,0,0,-0.1,0.1,0,-0.1,-0.1,0,0,0.1,0,-0.1,0.1,0.2,0,0,0,0,0,0,0.1,-0.1,0,0,0,0,-0.1,-0.1,0,0,-0.2,-0.1,-0.2,0,-0.2,-0.1,-0.2,-0.1,-0.1,-0.1,-0.1,-0.2,-0.1,0.1,-0.1,-0.2,-0.2,-0.1,0,-0.1,0,-0.1,-0.1,0,0,-0.1,-0.1,0,-0.1,0,-0.1,0.1
0.000038,0,0,0.1,0,0,-0.1,0,0.1,0,-0.1,0,0.1,0,0,0,0,0.1,0,-0.1,0,0,0,0,0,-0.1,0,0,-0.1,0,0,0,0.1,0,0.1,0,0.1,0,0,0,0,0,0.2,0,0,0,0,0,0,0.1,-0.1,0,0.1,-0.1,-0.1,0,0,0,0,0,0,0,0.1,-0.1,0,-0.1,-0.1,-0.1,0,-0.1,-0.1,-0.2,0.2,-0.1,-0.1,-0.1,-0.2,-0.2,-0.1,-0.2,-0.1,-0.2,0,-0.1,-0.1,-0.1,-0.1,0,0,-0.1,-0.1,-0.1,0.1,-0.1,0,0,0,0,0,-0.1,0
0.0000382,0,0,0,0,0.1,-0.1,0,-0.2,-0.1,-0.1,0,0,0,0,0,0,0.1,0,-0.1,0.1,0.1,0.1,-0.1,0.1,0,0.1,0,0,0,0,0.2,0,-0.1,0,0,-0.1,0,0,0.1,0,0,0.1,0,0,-0.1,-0.1,0.1,-0.1,0,0,-0.1,0.1,0,-0.1,0,-0.1,0,-0.1,-0.1,-0.1,-0.1,0.1,-0.1,0,-0.1,-0.1,-0.1,0,-0.1,-0.1,-0.2,0.1,-0.1,-0.2,-0.1,-0.2,0,-0.1,-0.2,-0.1,-0.2,0,-0.1,-0.1,-0.1,-0.1,-0.2,-0.1,-0.1,0,-0.1,0,-0.1,-0.1,0,0,0,0,-0.1,0
0.0000384,0.1,0,0,0,0,0,0,0.1,0,-0.1,0,0.1,0.1,0,0,0,-0.1,-0.1,0,0,0,0,0,0.1,0,0,0,0,0,-0.1,0,0.1,0,-0.1,0,0,0,0,0,0,0,0,0,0,0,-0.1,0,0,0.1,0.1,0,0,-0.1,0,-0.1,0,0,-0.1,0,-0.1,-0.1,0,-0.1,0,-0.1,-0.1,-0.1,0,-0.1,-0.2,-0.1,0.1,-0.2,-0.1,-0.2,-0.2,-0.1,-0.2,-0.3,-0.1,-0.1,0,-0.1,-0.1,-0.1,0,-0.1,0,-0.1,-0.1,-0.1,0.1,-0.1,0,0,0,0,-0.1,0,0.1
0.0000386,0.1,0,0,0,0,0,0.1,0,0,0.1,0,0.1,0.1,0.1,0,0,0,0,-0.1,0.1,0,0.2,0,0,-0.1,-0.1,0,0,0,-0.1,0.1,0,0.1,-0.1,0.1,0,0,0,0,0,0,0.1,0,0,0,0,-0.1,0,0.1,0,0,0.1,0,-0.1,0,0,0,-0.1,0,-0.1,-0.1,0.1,-0.1,-0.1,-0.1,-0.1,0,-0.1,-0.1,-0.1,-0.1,0,-0.1,-0.2,-0.1,-0.2,-0.1,-0.1,-0.2,-0.1,-0.1,0.1,-0.1,0,-0.1,-0.2,-0.1,-0.1,0,0,0,0.1,-0.1,0,0,0,-0.1,0,0,0.1
0.0000388,0.1,0,-0.1,0,0,-0.1,0,0.1,0.1,0,-0.1,0,0,0.1,0,0,0,-0.1,0,0,0,0.2,0,0.1,-0.1,0,0.1,-0.1,0,0,0,0,0.1,0,0.1,0,-0.1,0,0,-0.1,0,0.2,0,0,0,0,0,0.1,0.1,0,0,0,0,-0.1,0,-0.1,0,-0.1,-0.1,-0.1,-0.1,0,-0.1,-0.1,-0.1,-0.1,0,-0.1,-0.1,-0.1,-0.2,0.2,-0.1,-0.2,-0.2,-0.2,-0.2,-0.1,-0.1,-0.1,-0.1,0.1,-0.1,-0.1,-0.1,-0.2,-0.1,-0.1,0,-0.1,-0.1,0.1,0,0,-0.1,0.1,0,0,-0.1,0
0.000039,0.1,0.1,0,0,0,0,0.1,0,0.1,0.1,0,0,0,0,0,0,-0.1,0.1,0,0,0,0,0,-0.1,0,0,0.1,0,-0.1,0,0,0.1,0.1,0,0.1,0,0.1,0,0,0,0,0,0,0,0,0,0,0,0,-0.1,0,0.2,0,-0.1,0,0,0,0.1,-0.1,-0.1,-0.1,0,0,0,-0.1,-0.1,0,-0.1,0,-0.2,-0.2,0.1,-0.1,-0.1,-0.2,-0.2,-0.1,-0.1,-0.1,-0.1,-0.2,0,-0.1,-0.1,-0.1,-0.1,-0.1,0,-0.1,-0.1,-0.1,0.1,0,0,0,-0.1,0.1,-0.1,-0.1,0
0.0000392,0.2,0,0,0,0,0,0,0,0,-0.1,0,0.1,0,0,0,-0.1,-0.1,0.1,0.1,0,0,0.2,0.1,-0.1,0,0,0,0,-0.1,0,0,0,0.1,0,0,0,-0.1,0,0,0,-0.1,0,0,0.1,-0.1,0,-0.1,0,0,-0.1,0,0,0,-0.1,-0.1,0,0,0,-0.1,-0.1,-0.1,0.1,-0.1,0,-0.1,-0.1,0,-0.1,-0.1,-0.1,-0.2,0,-0.1,-0.1,-0.1,-0.1,-0.1,-0.1,-0.2,-0.1,-0.2,0,-0.1,-0.1,-0.1,-0.1,-0.2,-0.1,-0.1,-0.1,-0.1,0.2,0,0.1,0,0,-0.1,0,0,0
0.0000394,0,0.1,0,0.1,0.1,0,0,0.1,0.1,-0.1,0,0,0,0,0.1,0.1,0,0,0,0,0.1,0.1,0,0,0,0.1,0.1,0,0,0,0.1,0.2,0,0,0,0,0,0,0,0.1,0,0,0,0,0,-0.1,0,0,-0.1,0,0,0.1,0.1,0,0,0,0,0,0,-0.1,-0.1,0.1,0,-0.1,-0.1,-0.2,-0.1,0,-0.1,-0.2,-0.2,0,-0.1,-0.2,-0.2,-0.2,-0.2,-0.1,-0.2,-0.1,-0.2,0,-0.2,-0.1,-0.1,-0.1,0,-0.1,0,-0.1,-0.1,0.1,0,0,0,-0.1,0,0,0,0
0.0000396,0.2,0,0,0.1,0.1,0,0.1,0,0,0,-0.1,0.1,0,0,0.1,0,-0.1,-0.1,0,0.1,0,0,0,0.1,0.1,0,0,0,0,0,-0.1,0.1,0.1,0,0,0.1,0.1,0.1,0,0,-0.1,0,0,0,0,0.1,0,0,0,0,0,0.1,0,0,0,0,0.1,0,-0.1,-0.1,-0.1,0.1,0,-0.1,0,-0.1,0,0,-0.1,-0.1,-0.3,0,-0.2,-0.1,-0.2,-0.1,-0.1,-0.2,-0.2,-0.2,-0.1,0.1,-0.2,-0.1,-0.1,-0.1,-0.1,-0.1,0,-0.1,-0.1,0,0,0,-0.1,-0.1,0.1,-0.1,0,0
0.0000398,0.1,0,0,0,0,0.1,0,0.1,0,0,0,0.1,0,0,0,0,0,0,0,0,-0.1,0,0.1,0,0,0,0,-0.1,0,0,0,0,0,0,-0.1,0,0,0,0,0,0,0.1,0,0.1,0,0,0.1,0,-0.1,0,0,0,-0.1,0,0,0,0,0,-0.1,0,-0.1,0,-0.1,-0.1,-0.1,0,-0.1,-0.1,-0.1,-0.1,-0.2,0,-0.2,-0.1,-0.1,-0.2,-0.1,-0.1,-0.1,-0.2,-0.1,0,-0.2,-0.2,-0.1,-0.1,-0.1,0,-0.1,0,0,0.1,-0.1,0,0.1,-0.1,0,0,0.1,0.1
0.00004,0.1,0,0,0,0,0,0.1,0,0,0.1,-0.1,0,-0.1,0,0.1,0,0.1,-0.1,0.1,0,0,0,0,0.1,0,0,0,0,0,0.1,0,0.1,0,0.1,0,0,0,0,0,0,0.1,0,0.1,0,0,0,0,0,0,0,0,0,-0.1,0.1,0,0,0,0,0,-0.1,0,0.2,-0.1,0,-0.1,-0.1,-0.1,0,-0.1,0,-0.1,0.1,-0.1,-0.1,-0.2,-0.2,-0.1,-0.2,-0.2,-0.1,-0.1,0,-0.1,-0.2,-0.1,-0.1,-0.1,0,-0.1,0,-0.1,0,-0.1,-0.1,0,0,0,0,0,-0.1
0.0000402,0.1,0,-0.1,0.1,0,0,0,0,0.1,0.1,0,0.1,0,0,-0.1,0,0,0,0.1,0,0,0,0,0,0,0,0.1,0,0,0,0,0.1,-0.1,0,0,-0.1,0,0.1,0,0,0,0,0,0,0,0.1,0.1,0,0,0,-0.1,0,0,0,-0.1,0,0,-0.1,-0.1,0,0,0,-0.1,-0.1,0,-0.1,-0.1,-0.1,-0.1,-0.1,-0.1,0.1,-0.1,-0.1,-0.2,-0.1,0,-0.1,-0.1,-0.1,-0.1,0.1,-0.2,-0.1,-0.1,-0.1,-0.1,0,-0.1,-0.1,-0.1,0.1,0,-0.1,-0.1,0,0,-0.1,0,-0.1
0.0000404,0.1,0,0,0,0,0.1,0,0,0.1,0.1,0,0.2,0,0.1,0,0.1,0,0,0,0,0.1,0.2,0.1,-0.1,0,-0.1,0,0.1,-0.1,-0.1,0,0.1,0,0,0,0,0,0,0,0,0.1,0.1,0.1,0,0,0,-0.1,-0.1,-0.1,0,0,0,0,0,-0.1,0,0,-0.1,-0.1,0,-0.1,0.1,-0.1,0,-0.1,-0.1,0,-0.1,0,-0.1,-0.1,0.2,-0.2,-0.1,-0.1,-0.1,-0.2,-0.1,-0.1,-0.1,-0.1,0.1,-0.2,-0.1,-0.1,-0.1,-0.2,-0.1,-0.1,-0.1,-0.1,0,-0.1,0,0,0,0,-0.1,-0.1,0
0.0000406,0.1,0,0,0,0,0,0,0.1,0.1,0.1,0,0,0.1,0.1,0.1,0.1,-0.1,0,0,0,0,0.2,0,0,0,0,0,0,-0.1,-0.1,-0.1,0.1,0,0,0,0,0,0,0,0,0,0.1,0.1,0,0,0,0,0,0,-0.1,0,0,0,0,-0.1,0,-0.1,-0.1,-0.1,-0.1,-0.1,0,-0.1,-0.1,-0.1,-0.1,-0.1,0,-0.1,-0.1,-0.2,0.1,-0.1,-0.1,-0.2,-0.1,-0.2,-0.1,-0.1,-0.1,-0.2,0,-0.2,-0.1,-0.1,0,-0.1,-0.1,-0.1,0,-0.1,0.1,-0.1,-0.1,0,0.1,0,0,-0.1,-0.1
0.0000408,0,0,-0.1,0.1,0.1,0,0,0,0.1,0,0,0.1,0,0,0.1,0,0.1,0,0.1,-0.1,0,0.1,-0.1,0,0,0,0,0,0,-0.1,0.1,0.1,-0.1,0,0,-0.1,0,0,-0.1,0,-0.1,0.1,0,0,0,0,0.1,0.1,0,0,0,0,0.1,-0.1,-0.1,0.1,0,0,0,0,0,0,0,-0.1,-0.1,-0.1,-0.1,0,-0.1,-0.1,-0.1,0.1,-0.1,-0.1,-0.1,-0.1,-0.2,-0.2,-0.1,-0.1,-0.1,0.1,-0.2,-0.1,-0.2,-0.1,-0.1,-0.1,-0.1,-0.1,-0.1,0.1,-0.1,-0.1,0,-0.1,-0.1,0,-0.2,-0.1
0.000041,0.2,0,0,0.1,0,0,0,0,0.1,-0.1,0,0.1,0,0,0,0,0.1,0,0,0,0,0.1,0,0,0.1,0.1,0.1,0,0,0.1,0,0,0.1,-0.1,0,-0.1,0,0,0,0,0,0.1,0.1,-0.1,0,0,0,0,-0.1,0,0,0,0,0.1,-0.1,0,0,0,0,0,0,0.2,-0.1,0,-0.1,0,0,0,-0.1,-0.1,-0.3,0.1,-0.1,-0.1,-0.2,-0.1,-0.1,-0.1,-0.2,-0.1,0,0.1,-0.1,-0.1,-0.2,-0.1,-0.1,-0.1,-0.1,-0.1,0,0.1,-0.1,0,-0.1,0,-0.1,0,0,-0.1
0.0000412,0.1,0,0,0,0,0,0.1,0,0.1,0,-0.1,0.1,0,0,0.1,0,0.1,0,0,0.1,0,0.1,0,-0.1,0,0,-0.1,-0.1,0,0,0,0.1,0,0,0,0,0,0,0,0,0,0.2,0,0.1,0.1,0,0,0,0,0,0,0.1,0,0,0,-0.1,0,0,-0.1,0,0,0,0,-0.1,-0.1,-0.1,-0.1,0,-0.1,-0.1,-0.2,0.1,-0.1,-0.1,-0.1,-0.1,-0.2,-0.2,-0.1,-0.2,-0.2,0.1,-0.1,-0.1,-0.1,-0.1,-0.1,-0.1,0,0,0,0.1,-0.1,-0.1,0,0,0,0,0,-0.1
0.0000414,0.2,-0.1,0,0,0,0,0.1,0.1,0.1,0,0,0,0,0,0,0,0,0,0,0,0,0,0,-0.1,-0.1,0,-0.1,0,0.1,0.1,0,0,0,0,-0.1,0,0,0,0,0,-0.1,0,0.1,0.1,0,0.1,-0.1,0,0.1,0,0.1,0,0,0,0,-0.1,0,0,0,-0.1,0,0,0,-0.1,0,0,-0.1,-0.1,-0.1,-0.1,-0.2,0,-0.1,-0.1,-0.1,-0.1,-0.2,-0.2,-0.1,-0.2,-0.2,0.1,-0.1,-0.1,-0.1,-0.2,-0.1,-0.1,-0.1,-0.1,-0.1,0,0,-0.1,0,0,0.1,0,-0.1,-0.1
0.0000416,0.1,0,0.1,0,0,0.1,0.1,0,0,-0.1,0,0,0,0,0,0,0,0,-0.1,0.1,0,0,0,0.1,0,0,0,0,0.1,0,0.1,0,0,0,0,0,0,0,0,0,0,0.2,0,0.1,-0.1,0.1,0,0,0,0,0,0.1,0,0,-0.1,-0.1,0,0,0,-0.1,-0.1,0,0,0,-0.1,0,-0.1,0,-0.1,-0.1,-0.2,0.1,-0.1,-0.1,-0.1,-0.1,-0.1,-0.1,-0.1,-0.2,-0.2,0,0,-0.1,-0.1,-0.1,-0.1,-0.1,-0.1,-0.1,-0.2,0.1,0,0,0,0,-0.1,-0.1,0,0
0.0000418,0.1,0,0,0,0,0,0,-0.1,-0.1,0,0,0.1,0.1,0,0,0,0,0,0,0.1,0,0.1,-0.1,0,0,0,0,0,0,0,0,0.1,0,0,0,-0.1,0,0.1,0,-0.1,0,0.2,-0.1,0.1,-0.1,0,0,0,0,0,0,0,-0.1,-0.1,0,0,0,-0.1,0,-0.1,-0.1,0,0,0,-0.1,0,0,-0.1,-0.2,-0.1,-0.2,0,-0.2,-0.1,-0.1,-0.2,-0.1,-0.1,-0.1,-0.2,-0.1,0,-0.1,-0.2,0,-0.1,0,0,-0.2,0,0,0,0,0,0,0,0.1,-0.1,0,-0.1
0.000042,0,0.1,0,0,0,0,0,0.1,0.1,0,0,0.1,0,0,0,0.1,0,0.1,0,0,0,0.2,0,-0.1,0,0,0.1,0,-0.1,0,0.1,0,0,0,0,0,0,0,0,0,0,0.1,0,0,0,0.1,0,0.1,0,0,0,0,0,0,0,0,0,0,-0.1,0,-0.1,0.1,-0.1,0,-0.1,0,-0.1,0,-0.1,-0.1,-0.3,0,-0.1,-0.1,-0.2,-0.1,-0.1,-0.1,-0.1,-0.1,-0.1,0,-0.1,0,-0.1,-0.1,-0.1,0,-0.1,0,-0.1,0.1,-0.1,-0.1,0,-0.1,0,0,-0.1,-0.1
0.0000422,0.1,0,0,0,0,0.1,0.1,0,0,0.1,0.1,0.2,0,0.1,0,-0.1,0,0,0,0.1,0,0,0,0,0,0,0,-0.1,0,0.1,0,0.1,0,0,0,0.1,-0.1,0.1,0,0,0,0.1,0.1,-0.1,0.1,0,0.1,0,0,0,0,0.2,0,0,0,0,0,-0.1,0,0,-0.1,0.1,0,0,-0.1,-0.1,-0.1,0,-0.1,-0.1,-0.2,0,-0.2,-0.1,-0.1,-0.2,-0.1,-0.1,-0.1,-0.1,-0.1,0,-0.1,-0.2,-0.1,-0.1,-0.1,-0.1,-0.1,0,-0.1,0.1,0,0,-0.1,0,-0.1,0,-0.1,-0.1
0.0000424,0.1,0,0,0,0,0,0,0,0,0,0,0,0.1,-0.1,0.1,0,0,0,0.1,0,0,0,0,0,0,0,0.1,0.1,0,0.1,0.1,0.1,0.1,0,0,0,-0.1,0,0,0,0,0.1,0,-0.1,0,0,0,0,0,0,0,0.1,0,0,-0.1,0.1,0,0,0,-0.1,-0.1,0,-0.1,-0.1,-0.1,-0.2,-0.1,0,-0.1,-0.1,-0.1,0.1,0,-0.2,-0.1,-0.1,-0.1,-0.1,-0.1,-0.1,-0.2,0,-0.1,-0.2,-0.1,-0.1,-0.1,-0.1,0,-0.1,0,0,-0.1,0,0,0,0,0,-0.1,-0.1
0.0000426,0.2,0,0.1,0.1,0,0,0,0,-0.1,0,0,0,0.1,0,0,0,0,-0.1,0,0,0,0,0,0,0.1,0,0,0,0.1,0.1,0,0.2,0,0,0,0,0,0.1,0,0,0,0.1,0,0,0,-0.1,0,-0.1,-0.1,0,0,0,0,0,0,0,0,-0.1,0,0,-0.1,0,-0.1,-0.1,-0.1,-0.2,-0.2,-0.1,-0.1,-0.1,-0.2,0.2,0,-0.1,-0.2,-0.1,-0.1,-0.2,-0.1,-0.1,-0.1,0.1,-0.1,0,0,-0.1,-0.1,-0.1,-0.1,-0.1,-0.1,0.2,-0.1,0,-0.1,-0.1,0.1,-0.1,-0.1,-0.1
0.0000428,0.1,0,0.1,0,0,0,0.1,0,0.1,0,0,0.1,0,-0.1,0.1,0,0,0,0,0.1,0,0.1,0.1,0,0.1,0,0.1,0.1,0,0.1,0,0,0,0,0,0,0,0.1,0,0,0.1,0.1,0,0,0,0.1,0,0,0,0,0.1,0.1,0.1,0,0,0,0,0,0,0,-0.1,0.2,-0.1,-0.1,-0.1,-0.1,-0.1,-0.1,-0.1,0,-0.2,0.1,0,-0.1,-0.2,-0.1,-0.2,-0.2,-0.1,-0.1,-0.1,0,-0.2,-0.1,-0.1,0,-0.1,-0.1,-0.1,-0.1,-0.1,0.1,0,0,0.1,-0.1,-0.1,0,-0.2,-0.1
0.000043,0.1,0,0.1,0.1,0,-0.1,0,0.1,0,0,0,0,0,0,0,0,0,0,0.1,0.1,0,0.1,0,0,0,0,0,-0.1,0,0.1,-0.1,0,0,-0.1,0,0,0,-0.1,0,0,0.1,0.1,0,0.1,0,0.1,0,0,0,0,-0.1,0.1,0,0,0.1,0,-0.1,-0.1,-0.1,0,-0.1,0.1,-0.1,-0.1,-0.1,-0.2,-0.1,0,-0.1,-0.2,-0.2,0.1,-0.1,-0.2,-0.2,-0.2,-0.1,-0.2,-0.1,-0.2,-0.1,0.1,0,-0.1,-0.1,0,-0.1,-0.1,0,0,-0.1,0,0,-0.1,0,0,0,-0.1,-0.1,0
0.0000432,0.1,0,0.1,0,0,0,0,0,0,0.1,0,0.1,-0.1,0,0,0,-0.1,0,0,0,0,0.1,0,0,0,-0.1,0,0,0,0.1,0,0,0.1,0,0,0,0,0,0,0,0,0.2,-0.1,0,0,0.1,0,0,0,0,0,0.1,0,0,0,0,-0.1,0,0,-0.1,-0.1,0.2,0,-0.1,-0.1,-0.1,0,0,-0.1,-0.1,-0.2,0.1,-0.1,-0.1,-0.1,-0.1,-0.1,-0.1,-0.2,-0.1,-0.1,0,-0.1,-0.1,-0.1,-0.1,-0.1,-0.1,0,0,-0.1,0,0,0,0,0,-0.1,0,-0.2,-0.1
0.0000434,0.1,0,0,0,0,0.1,0,-0.1,0,0.1,0,0.1,0,0,0,0,0,-0.1,-0.1,0,0,0,0,0,0,0,0,0.1,0.1,-0.1,0,0,0.1,0,0,0,0,0,0,-0.1,0,0,0,0,0,0.1,0,0,0,0,0,0,0,-0.1,0,0,0,0,0,-0.1,-0.1,0.1,0,0,-0.1,-0.1,-0.1,0.1,-0.1,-0.2,-0.3,0.1,-0.1,-0.2,-0.1,-0.3,-0.1,-0.1,-0.2,-0.1,-0.1,0,-0.1,-0.1,-0.1,-0.1,-0.1,0,0,0,0,0.1,-0.1,0,0,-0.1,-0.1,0,-0.1,-0.1
0.0000436,0.1,0,0,0,0,0,0,0.1,0,0,0,0,0,0.1,0,-0.1,0,0,0,0,0,0.1,0,0,0.1,0.1,0,-0.1,0.1,0,0,0.1,0,0,-0.1,0,0,0,0,-0.1,0,0.1,0,0.1,0,0,0,-0.1,0,0,0.1,0,0,0,0,-0.1,-0.1,-0.1,0,-0.1,-0.1,0,0,0,0,-0.1,-0.1,0.1,-0.1,-0.1,-0.2,0.1,-0.1,-0.2,-0.1,-0.2,0,-0.2,-0.1,-0.1,-0.1,0.1,-0.1,-0.1,-0.1,-0.1,-0.1,0,0,0,-0.1,0.1,0,0,-0.1,0,0,0,-0.1,-0.1
0.0000438,0.1,0,-0.1,0,0.1,0.1,0,0,0.1,0,0,0,0,0,0,0,0.1,0.1,0,0.1,0,0.1,0,0,0,0,0.1,-0.1,0,0,0.1,0.1,0.1,0,0,0,0.1,0.1,0,-0.1,-0.1,0,0,0.1,0,0,0,0,0,0,0,0,0,0,-0.1,0,-0.1,0,0,0,-0.1,0,-0.1,-0.1,-0.1,-0.1,-0.1,0.1,-0.1,-0.1,-0.2,0,-0.1,-0.1,-0.2,-0.1,-0.1,0,-0.1,-0.1,-0.2,0,-0.1,-0.1,0,-0.1,-0.1,0,-0.1,0,0.1,0.1,0,0,0,0,0.1,0,0,-0.1
0.000044,0.2,0,0,0,0,0,0.1,0.1,0,0,0,0.1,0,0,0,0,0,0,0,0,0,0.1,0,0.1,0,0,0,0,0.2,0,0,0.1,0,0.1,0,-0.1,0,0,0,0,0,0.2,0,0.1,0,0.1,0,0,0,-0.1,0,0.1,0,-0.1,0,-0.1,0,0,0,0,-0.1,0,-0.1,-0.1,-0.1,-0.1,-0.1,0.1,-0.1,-0.1,-0.2,0.1,-0.1,-0.2,-0.1,-0.1,-0.1,-0.1,-0.1,-0.2,-0.2,0,-0.2,-0.1,-0.1,-0.1,-0.1,-0.1,0,-0.1,-0.1,0.1,0,0,-0.1,0,0.1,0,-0.1,-0.1
0.0000442,0.2,0,0,-0.1,0,0,0.1,0,0,0.1,-0.1,0.1,0,0,-0.1,0.1,0,0.1,0,0.1,0,0,0.1,-0.1,0.1,0.1,0,0.1,0,0,0.1,0.1,-0.1,-0.1,0,0,0,0,0,0,0.1,0.1,0,0.1,-0.1,0,0.1,0.1,0,-0.1,0,0.1,0,0,-0.2,-0.1,-0.1,-0.1,0,-0.1,0,0,0,-0.1,-0.1,-0.1,-0.1,0.2,-0.1,-0.2,-0.2,0.1,-0.1,-0.2,0,-0.1,-0.2,-0.1,-0.1,-0.1,-0.1,0,-0.2,-0.1,-0.1,-0.1,-0.1,-0.1,-0.1,-0.1,0,0.2,-0.1,0,-0.1,0,0.1,-0.1,-0.1,-0.1
0.0000444,0,0,0,0,0,0,0.1,-0.1,0,0.1,0,0.1,0.1,0.1,0,0,0,0.1,0.1,0.1,0,0.1,0,0.1,0.1,0,0.1,-0.1,0.1,0,0.1,0.1,0,0,0.1,0.1,0,0.1,0,0,0,0,0,0,0,-0.1,0,0.1,-0.1,0,0,0.1,0,0,-0.1,0,0,0,0,-0.1,-0.1,0,-0.1,0,-0.1,-0.1,-0.1,0,-0.2,-0.2,-0.2,0,-0.1,-0.1,-0.2,-0.1,-0.1,-0.1,-0.1,-0.1,-0.1,0,-0.2,-0.2,-0.1,0,0,0,-0.1,-0.1,-0.1,0,0,0,0,0,0,-0.1,-0.1,-0.1
0.0000446,0.1,0,0,0,0,0.1,0,0,0,0.1,0,0.2,0.1,0.1,0,0,0.1,0,0,0,0,0,0,-0.1,0,0,0,0,0,0,0.1,0.1,0.1,0,0.1,0,0.1,0.1,0,0,0.1,0.2,0,0,0.1,0,0.1,0,-0.1,-0.1,0,0,0.1,-0.1,0,-0.1,0,-0.1,0,-0.1,0,0.1,0,-0.2,-0.1,-0.1,-0.1,0.1,-0.1,-0.2,-0.1,0,0,-0.2,-0.1,-0.2,-0.2,-0.2,-0.1,-0.1,-0.1,0.1,-0.1,-0.2,-0.1,-0.1,-0.1,-0.1,-0.1,-0.1,-0.1,0.1,0,0,0,0,0,-0.1,-0.1,0
0.0000448,0,0,0.1,0.1,0,0.1,0,0,0,0,0,0.1,0.1,-0.1,0.1,0.1,0,0,0.1,0,0,0.2,-0.1,0,-0.1,0,0,0,-0.1,-0.1,0,0.1,-0.1,0.1,0.1,0.1,0,0,0.1,0,0.1,0,0,0.1,0.1,-0.1,0,0,0,-0.1,0,0.1,-0.1,0.1,-0.1,0,0,0,-0.1,0,0,0,0,0,-0.1,-0.1,-0.1,0.1,-0.1,-0.1,-0.1,0,-0.1,-0.1,-0.2,-0.1,-0.2,-0.3,-0.2,-0.1,-0.1,0.1,-0.1,-0.1,-0.1,-0.1,-0.1,-0.1,-0.1,-0.1,-0.1,0,0,0,-0.1,0.1,0,-0.1,-0.2,-0.1
0.000045,0.1,0,0.1,0,0,0.1,0,-0.1,0,0,0.1,0.1,0.1,0,0,0.1,0,0,0,0,0.1,0,-0.1,0,0.1,0,0,0,0,0,0,0,0,0,0,0,-0.1,0,0,0,0,0.1,0,0,0.1,0,0.1,0,0,0.1,0,0.1,0.1,-0.1,0,0,-0.1,0,-0.1,0,0,0.1,0,-0.1,-0.1,-0.1,-0.1,0,-0.1,-0.1,-0.1,0.1,-0.1,-0.1,-0.1,-0.1,-0.1,-0.1,-0.2,-0.2,-0.1,0,-0.1,-0.2,-0.1,-0.1,-0.1,-0.1,-0.1,0,-0.1,0.1,0,0,0,-0.1,0,0,-0.1,-0.1
0.0000452,0.1,0,0.1,0,0,0.1,0,0.1,0,0,0,0.1,0,0,0,0.1,0.1,0,0,0,0.1,0.1,0,0,0,-0.1,0.1,-0.1,0,0,0,0.1,-0.1,0,0,0.1,0,0,0,0,0,0.1,0,0,0,0,-0.1,0,0,0,0,0,0,-0.1,0,0,-0.1,0,0,-0.1,0,0.1,0,0,-0.1,-0.2,0,0,-0.1,-0.1,-0.2,0.1,-0.1,-0.1,-0.1,-0.1,-0.2,-0.1,-0.1,-0.1,-0.1,0.1,0,-0.1,0,-0.1,-0.1,-0.2,-0.1,-0.1,-0.1,0,0,0,-0.1,0,-0.1,0,-0.1,-0.1
0.0000454,0.1,-0.1,0.1,0.1,0.1,0,0,0,-0.1,0,0,0,0,0.1,0,0,0.1,0,0,0.1,0,0,-0.1,0,0,-0.1,0,0,0.1,0,-0.1,0,0.1,0,0.1,0,0,0.1,0,0,0,0,-0.1,0,0.2,0,0,0,0,0,0,0,0,0,0,-0.1,-0.1,-0.2,0,-0.1,-0.1,0.1,-0.1,0,0,-0.1,-0.2,0,-0.1,-0.1,-0.2,0,-0.1,-0.1,-0.1,-0.2,0,-0.1,-0.2,-0.1,-0.1,0.2,-0.2,-0.1,-0.1,-0.1,-0.1,-0.1,0,0,0,0.1,0,-0.1,0,-0.1,0,-0.1,-0.2,-0.1
0.0000456,0,0,0,0.1,0,0,0,0.1,0,0.1,0,0,0,0,0,0.1,0,0,0,0,0.1,0.2,0.1,0.1,0,0,0,0,0,0.1,0,0.1,0.1,0,0,0,0,0,0,0,0,0.1,-0.1,0,0.1,0,-0.1,-0.1,0,0,0,0.1,0,0,-0.1,0,0,-0.1,0,-0.1,-0.1,0.1,-0.1,-0.1,-0.1,0,-0.1,0,-0.1,-0.2,-0.1,0.1,-0.1,-0.1,-0.1,-0.1,-0.1,-0.2,-0.1,-0.1,-0.1,0,-0.1,-0.1,-0.1,-0.1,-0.1,0,-0.1,-0.1,-0.1,0,-0.1,-0.1,-0.1,0.1,0,-0.1,-0.2,-0.1
0.0000458,0.1,0,0,0,0.1,0,0,0.1,0.1,0,-0.1,0.1,0,-0.1,0,0,0.1,0,0,0,0,0.1,0,0.1,0,0,0.1,0,0.1,0,-0.1,0.2,0,0.1,0,0.1,-0.1,0,0,0,0,0.2,-0.1,0.1,0,0,0,0,0,-0.1,-0.1,0.2,0,0,0,0,0,0,0,0,-0.1,0.1,-0.1,-0.1,-0.1,0,-0.1,0,-0.1,-0.1,-0.1,0.1,-0.1,-0.2,-0.1,0,-0.1,-0.2,-0.2,-0.1,-0.1,0,-0.1,-0.1,-0.1,-0.1,-0.1,0,0,-0.1,0,0.1,-0.1,-0.1,0,0,-0.1,0,-0.2,-0.1
0.000046,0.1,0,0,0,0.1,0,-0.1,0.1,0.1,0.1,0,0,0,-0.1,0,0,0,0,0,0,0.1,0.1,-0.1,0.1,-0.1,0,0.1,0,-0.1,0,0.1,0.2,0,-0.1,0,0,0,0,0,0,0,0,-0.1,0.1,0,0,0,0,0.1,-0.1,0.1,0.1,-0.1,-0.1,0.1,-0.1,-0.1,0,-0.1,-0.1,0,0,0,-0.1,-0.1,0,0,0,-0.1,-0.1,-0.1,0.1,0,-0.2,-0.1,-0.1,0,-0.2,0,-0.2,-0.2,0,-0.1,-0.1,-0.1,-0.2,-0.1,0,0,-0.1,0,0,-0.1,0,0,0,0,0,-0.1,-0.1
0.0000462,0.1,0,0,0,0.1,0,0,0.1,0,-0.1,0,0.1,0,0,0,0,0.1,0,0,0,0,0.1,0,0,0,0,0.1,0,0.1,0.1,0,0,0.1,0,0,0,0,0.1,0,0,0,0.2,0,0.1,0,0,0,0,-0.1,0,0,0,-0.1,0,0,0,-0.1,0,-0.1,0,-0.1,0,-0.1,-0.1,-0.1,0,-0.1,-0.1,0,-0.1,-0.1,0.1,-0.1,-0.2,-0.2,-0.2,-0.2,0,-0.1,-0.2,-0.1,0.1,-0.2,-0.1,-0.1,-0.1,-0.1,0,0,-0.1,0,0.1,-0.1,-0.1,-0.1,0,0,0,-0.1,-0.1
0.0000464,0,0,0.1,-0.1,0,0.1,0.1,0,0,0.1,0,0.1,0,0,0,0,0,-0.1,0,0,0,0.1,0,0,0.1,0,0,0,0.1,0,0,0,0,0,0,0,0,-0.1,0,0,0,0.2,0,0.1,0,-0.1,0,0.1,0.1,0,0.1,0.2,-0.1,0,0,-0.1,-0.1,0,-0.1,0,-0.1,0.1,-0.1,-0.2,-0.1,-0.1,-0.1,0,-0.1,-0.2,-0.2,0.1,-0.2,-0.1,-0.1,-0.2,-0.1,-0.1,-0.1,-0.1,-0.1,0.1,-0.1,-0.1,-0.1,-0.2,-0.1,0,0,-0.1,0,0.1,0,-0.1,-0.1,0,0.1,0,-0.1,-0.1
0.0000466,0.1,0,0,0,0.1,0.1,0.1,0,0.1,0,0,0.1,-0.1,0,0,0,0,0,0,0.1,0,0,0,0,0.1,0,0,0,0.1,-0.1,0,0,0,0.1,0,0,0,0,0,0,0,0,0.1,0.1,-0.1,0,0,0.1,0.1,0,0,0,0,0.1,0,0,-0.1,-0.1,0,0,0,0,0,-0.1,-0.1,-0.1,0,-0.1,-0.1,-0.1,-0.1,0.2,-0.1,-0.1,-0.1,0,-0.2,-0.2,-0.1,-0.2,-0.2,0,-0.1,0,-0.1,-0.1,-0.1,-0.1,-0.1,-0.1,-0.1,0,-0.1,-0.1,-0.1,0,-0.1,0,-0.1,-0.2
0.0000468,0,0,0,0,0,0.1,0.1,0,0.1,0,0,0,0,-0.1,0,0,0,0,0,0.1,0.1,0.1,0,0,-0.1,-0.1,0,0,0,0,0.1,0.1,0,0,0.1,0,0,0.1,0,0,0,0.1,0,-0.1,-0.1,0.1,0,0,0.1,-0.1,0.1,0.1,-0.1,0,0,0,0,0,-0.1,-0.1,0,0.1,0,0,-0.1,0,0,-0.1,-0.1,0,-0.2,0,0,-0.2,-0.1,-0.2,-0.2,-0.2,-0.1,-0.2,-0.1,0,-0.2,-0.1,-0.1,-0.2,-0.1,-0.1,0,0,0,0.1,0,0,-0.1,0.1,0,0,-0.1,-0.1
0.000047,0.1,0,0.1,0,0.1,0,0,0,0,0,-0.1,0,0,0,0,0.1,-0.1,0.1,0,0,-0.1,0.1,0,0,0,0,0,0,0,0.1,-0.1,0.1,0,0,0,0,0,0,0,-0.1,0,0.1,0,0,0,0.1,0,0,0,0.1,0,0.1,-0.1,0,0,0,0,0,-0.1,0,-0.1,0.1,-0.1,0,-0.1,-0.1,-0.1,0,-0.1,-0.2,-0.1,0.1,-0.1,-0.2,-0.1,-0.1,-0.2,-0.2,-0.1,-0.1,-0.1,0.1,0,-0.1,-0.1,-0.1,-0.1,-0.1,-0.1,-0.1,-0.1,0.1,0,0,-0.1,0,0,0,-0.1,-0.1
0.0000472,0.1,-0.1,0,0.1,0,0,0.1,0,0.1,0,-0.1,0.1,0.1,0,0.1,0.1,0.1,0.1,0,0,0,0,0,0,-0.1,0,0.1,0,0.1,0,0,0.2,-0.1,0,0,0,0.1,0.1,0.1,0,0,0.1,0,-0.1,0,0,0.1,0,0,0,0,0.1,0.1,0,0,-0.1,-0.1,0,0,0,-0.1,0,-0.1,0,0,-0.1,-0.1,-0.1,-0.1,-0.1,-0.1,0,0,-0.1,-0.2,-0.1,-0.2,-0.2,-0.2,0,-0.1,0.1,0,-0.1,0,0,-0.1,-0.1,-0.1,0,-0.1,0,0,-0.1,-0.1,0.1,-0.1,-0.1,-0.2,-0.1
0.0000474,0.1,0,-0.1,0,0,0,0,0,-0.1,0,-0.1,0.1,0,0.1,0,0.1,0,0.1,0,0,0,0,0,0,0,0.1,0,0.1,0,0,0,0.1,0.1,0.1,0,0,0,0.1,0,0.1,0,0.2,0.1,-0.1,0.1,0,0,0,0,0,-0.1,0.1,0,0,0,0,-0.1,0,0,-0.1,-0.1,0,0,-0.1,-0.1,0,-0.1,-0.1,-0.1,-0.1,0,0.2,-0.1,-0.2,-0.1,-0.1,-0.2,-0.1,-0.2,-0.1,-0.1,0.1,-0.1,-0.1,-0.1,-0.1,-0.1,-0.1,-0.1,-0.1,-0.1,0,0,0,-0.1,0,0,-0.1,-0.1,-0.1
0.0000476,0,0,0,0,0.1,0,-0.1,0,0,0,-0.1,0.1,0.1,0.1,0.1,0.1,0.1,0.1,0,0,0.1,0.1,0,0.1,0.1,0,0.1,0.1,0.1,0.1,0,0.1,0.1,0.1,0.1,0.1,0.1,0.1,0,0,0,0,0,0.1,0,0,0.1,0,0,0,0,0.1,0,0,0,0,0.1,0.1,-0.1,-0.1,-0.1,0.2,-0.1,-0.1,-0.1,-0.2,0,0,-0.1,-0.1,-0.1,0.2,0,-0.2,-0.1,-0.1,-0.1,-0.1,-0.2,-0.2,-0.1,0,-0.1,-0.1,-0.2,-0.1,-0.1,-0.1,-0.1,0,-0.1,0,0,-0.1,-0.1,0,0,-0.1,-0.2,-0.1
0.0000478,0,0,0,0,0,0,0.1,-0.1,0,0,-0.1,0.1,0,0,0.1,0,0,0.1,0,0,0,0.1,0,0,0,0,0.1,0.1,0.1,0,0,0.1,0,0,0,0.1,0,0.1,0,0.1,0,0,0,0,0.1,0.1,0,0,0,0,0,0.1,-0.1,0,0,0,-0.1,0,0,-0.1,-0.1,0.1,-0.1,-0.1,-0.1,-0.1,-0.1,-0.1,-0.1,-0.1,-0.1,0,-0.1,-0.2,-0.2,-0.1,-0.2,-0.1,-0.1,0,0,0,-0.1,0,-0.1,-0.1,-0.1,0,0,-0.1,-0.1,0,-0.1,0,-0.1,0,-0.1,0,-0.2,-0.1
0.000048,0.1,0.1,0.1,0,0,0,0,0,0,0,0.1,0,0,0,0,0,0,0.1,0.1,0,0,0.1,-0.1,0,0,0.1,0.1,0.1,0.1,0.1,0,0,0,0,0,0,0.1,0.1,0,0.1,0,0.1,-0.1,0,0,0.1,0,0,0.1,0,0,0.2,-0.1,0,-0.1,-0.1,-0.1,0,-0.1,0,-0.1,0.1,0,-0.1,0,-0.1,0,-0.1,-0.1,-0.1,-0.2,0,-0.1,-0.1,-0.1,-0.1,-0.2,-0.1,-0.1,-0.1,-0.2,0.2,-0.1,-0.1,0,0,-0.1,0,-0.1,0,-0.1,0.1,-0.1,-0.1,-0.1,0,-0.1,-0.1,-0.1,-0.1
0.0000482,0.1,-0.1,0.1,0.1,0,0,0,0.1,0,0.1,0.1,0.1,0,0.1,0.1,0,0,-0.1,0,0.1,0.1,0,0,0,0.1,0.1,0.1,0,0,0,-0.1,0,0,0,0.1,0,0,0.1,0,0.1,0,0.2,-0.1,0,0,0,0,0,0,-0.1,0,0.1,-0.1,-0.1,0,0,0,0,0,0,-0.1,0.2,-0.1,-0.1,-0.1,-0.1,0,-0.1,-0.1,-0.1,-0.1,0.1,-0.1,-0.1,-0.1,-0.1,-0.1,-0.2,-0.1,-0.1,-0.1,0.1,-0.1,-0.1,-0.1,-0.1,-0.1,0,0,0,-0.1,0.1,-0.1,-0.1,-0.1,-0.1,-0.1,0,-0.1,-0.1
0.0000484,0.1,0,0,-0.1,0,0,0,0.1,0,0,-0.1,0,0.1,0,0.1,-0.1,0,0,0,0,0.1,0.1,0,0,0.1,0.1,0,0.1,0,0,0,0.1,0.1,0,0,0.1,0,0.1,0,-0.1,0,0,0,0,0,0,0.1,-0.1,0,-0.1,0,0.1,0,0.1,-0.1,-0.1,0,-0.1,-0.1,0,-0.1,0.1,0,-0.1,-0.1,-0.1,0,-0.1,-0.1,-0.1,-0.1,0.1,-0.2,-0.2,-0.1,-0.1,-0.2,-0.2,-0.2,-0.1,-0.2,0.1,-0.1,-0.1,0,0,-0.2,-0.1,0,0,-0.1,0,-0.1,0,-0.1,-0.1,0,-0.1,0,-0.1
0.0000486,0.1,0,0.1,0,0,-0.1,0,0,0,0,0.1,0,0,0,0,0,0,-0.1,0,0,0.1,0.2,0,0,0.1,0,0,0.1,0,0,0.1,0.1,0,0,0.1,0.1,0,0.1,-0.1,0,0,0.1,0,0,-0.1,0.1,0,0,0.1,-0.1,0.1,0.1,0,0,0,0,0,0,0,0,-0.1,0.1,0,0,-0.1,-0.2,-0.1,0,-0.1,0,-0.1,0,-0.1,-0.2,-0.2,-0.1,-0.1,-0.1,-0.2,-0.2,-0.1,0,-0.1,0,-0.2,-0.1,-0.2,-0.1,0,0,-0.1,0,0,0,-0.1,0.1,0,-0.1,-0.2,-0.1
0.0000488,0,0.1,0,-0.1,0,0,0.1,0,-0.1,0,-0.1,0,0,0,0,0,0.1,0,0,0,0,0.1,0.1,0,0.1,0,0,0.1,0,0,0,0.1,0,0,0,0,0.1,0,0,0,0.1,0,0.1,0,-0.1,0,0,0.1,0,-0.1,0,0.2,-0.1,0,0,0,-0.1,0,-0.1,0,-0.1,0.2,0,0,0.1,-0.1,-0.1,-0.1,-0.1,-0.1,-0.1,0,-0.1,-0.1,-0.2,-0.1,-0.2,-0.2,-0.1,-0.1,-0.1,0.1,-0.1,-0.1,-0.1,-0.2,-0.1,0,0,-0.1,0,0.2,0,0,-0.1,0,0,0,-0.3,-0.1
0.000049,0,0.1,0,0,0.1,0,0.1,0,0,-0.1,0,0.1,0,0,0.1,0,0,-0.1,0,0,0,0.1,0,0,0.1,-0.1,0,-0.1,0.1,0.1,0.1,0,0,0,0,0,0,0,0,0,0.1,0.1,0,0,0.1,0,0,0,0,0,-0.1,0.2,-0.1,0,0,-0.1,0,-0.1,0,0,-0.1,0,-0.1,-0.1,0,-0.1,0,-0.2,-0.1,-0.1,-0.1,0.1,-0.1,-0.2,-0.1,0,-0.2,-0.1,-0.1,-0.1,-0.1,0.1,-0.1,-0.1,-0.1,-0.1,-0.1,0,-0.1,0,-0.1,0,0,0.1,0,0,0,0,-0.2,-0.2
0.0000492,0,0,0,0,-0.1,0,0.1,-0.1,0.1,0,-0.1,0.2,0.1,-0.1,0,0,-0.1,0,0,0,0,0.1,0,0.1,0,0,0,0,0,0,0,0,0,0,0,0.1,0.1,0,0,-0.1,0,0.1,0.1,0,0,0,0.1,0.1,0.1,-0.1,0,0.1,0,-0.1,0,0,-0.1,0,0,-0.1,-0.1,0,-0.1,-0.1,-0.1,-0.1,-0.1,-0.1,-0.1,0,-0.1,0.1,-0.1,-0.1,-0.1,-0.1,-0.1,-0.2,-0.1,-0.1,-0.1,0,0,-0.1,-0.1,-0.1,-0.1,-0.1,0,-0.1,-0.1,0.1,-0.1,-0.1,0,0,-0.1,0,-0.1,-0.1
0.0000494,0.1,0,0.1,0,0,0,0,0,0.1,0,0,0,0,-0.1,0,0,0,0,0,0,0.1,0.1,0,0,0.1,0,0,0,0,0,-0.1,0.1,0,0.1,0,0,0,0,0,0.1,0,0,0.1,0,0,0,0,0,0.1,-0.1,0,0,-0.1,0,0,0,0,0,0,-0.1,-0.1,0.1,0,0,0,-0.1,0,-0.2,-0.1,-0.1,-0.1,0,-0.1,-0.1,-0.1,-0.2,-0.2,-0.2,-0.2,-0.1,-0.1,0,-0.1,-0.2,-0.1,-0.1,-0.1,-0.1,0,-0.1,0,0,0,-0.1,-0.1,-0.1,0,-0.1,-0.1,-0.1
0.0000496,0,-0.1,0,0,-0.1,0,0.1,0,0,0,0,0,0.1,0,0.1,0,0,0.1,-0.1,0,0,0,0,0,0,0,0,0,0,0,-0.1,0,0,0.1,0,-0.1,0,0,0,0.1,0,0.1,0,-0.1,0,0.1,0,0,0.1,-0.1,0,0.1,0,0,0,-0.1,0.1,0,0,-0.1,-0.1,0,0,0,-0.1,-0.1,0,-0.1,-0.1,0,-0.1,0.2,-0.1,-0.1,-0.1,-0.2,-0.1,-0.2,-0.1,-0.1,-0.1,0.1,-0.1,0,0,-0.1,0,0,0,-0.1,0,0,0,0,-0.1,0,0,0,-0.2,-0.1
0.0000498,0.1,0.1,0,0.1,0,-0.1,0.1,0,0,0,0,0.2,0.1,0,-0.1,0,0,0,0,-0.1,0.1,0,0.1,0,0,0.1,-0.1,0,0,0,0,0,0,0,0,0,0.1,0,-0.1,0.1,0.1,0.1,-0.1,0,0,0,0,0,0,-0.1,0.1,0.1,-0.1,0,0.1,-0.1,0.2,0,-0.1,0,-0.1,0.1,0,0,-0.1,-0.1,-0.1,-0.1,-0.1,-0.1,-0.1,0.1,-0.1,-0.1,-0.1,-0.2,-0.2,0,-0.1,-0.1,-0.1,0.1,-0.1,-0.1,-0.1,-0.1,-0.1,-0.1,-0.1,0,-0.1,0.1,-0.1,0,-0.1,0,0,0,-0.1,-0.1
0.00005,0.1,0,0,0,-0.1,0,0.1,0,0,0,-0.1,0,0,0.1,-0.1,0,0,0,0,0,0,0,-0.1,0.1,-0.1,0.1,0.1,0,0,0,-0.1,0,0,0.1,0,0,0,0,-0.1,0,0,0,-0.1,0,0,0,0,0,0,0,0,0.2,-0.1,0,0,-0.1,0.2,0,0,0,-0.1,0.2,0,0,-0.1,-0.1,-0.1,-0.1,-0.1,-0.2,0,0.1,-0.2,-0.1,-0.1,-0.1,-0.1,-0.1,-0.1,-0.2,-0.1,0.1,-0.1,0,-0.1,-0.1,0,-0.2,-0.1,-0.1,0,0.1,0,0.1,-0.1,0.1,0,0,-0.1,-0.2
0.0000502,0.1,0,-0.1,0,0,0,-0.1,0,0,0.1,0.1,0.1,0.1,0.1,0.1,0,-0.1,0,0.2,0,0,0.1,0,0,-0.1,0,0,0.1,0.1,0,0,0.1,0,0,0,0.1,0,0,0,0.1,0,0.2,0,0,0,0,0.1,0,0,0,0,0.1,-0.1,-0.1,0,-0.1,0.1,0,0,-0.1,-0.1,0,0,-0.1,-0.1,-0.2,-0.1,-0.1,-0.1,-0.1,-0.1,0,-0.1,-0.1,-0.1,-0.1,-0.1,-0.1,-0.1,-0.2,-0.1,0,-0.1,-0.1,0,-0.1,0,-0.2,-0.1,-0.1,-0.1,0.1,0,0,-0.1,0,0,0,-0.1,-0.1
0.0000504,0.1,0,0,0.1,0,0,0.1,0,-0.1,0.1,0,0.2,0,0.1,0.1,0.1,0,0,0,0,0.2,0,0,0.1,-0.1,0,0,0,0,0,0,0.1,0,0,0,0,0,0.1,-0.1,0.1,0.1,0.1,0,0,0,0,0,0,0,0,0,0.1,0,-0.1,0,-0.1,0,-0.1,0,-0.1,-0.1,0,0,-0.1,-0.1,-0.1,-0.1,-0.1,-0.1,-0.1,-0.1,0,-0.1,-0.2,-0.1,-0.1,-0.1,-0.1,-0.1,-0.1,0,0.1,-0.2,-0.1,-0.1,-0.1,0,0,-0.1,-0.1,0,0.1,-0.1,0,0,0,-0.2,-0.1,0,-0.1
0.0000506,0.1,0,0,0.1,0,0.1,0,0,0,0.1,0,0.1,0,0,0,0,0,0,0,0,0.1,0.1,-0.1,0.1,0.1,0.1,0,0,0,0,0,0,0,0,0,0.1,0,0,0,0.1,-0.1,0,-0.1,0,0.1,0,0.1,0,0,0,0,0.1,0,-0.1,0,0,-0.1,0,0,0,0,0.1,0,-0.1,-0.1,-0.1,-0.2,-0.1,0,-0.1,-0.1,0.2,-0.2,-0.1,-0.1,-0.1,-0.1,-0.1,-0.1,-0.2,-0.1,0.1,-0.2,-0.1,-0.1,-0.1,-0.1,-0.1,-0.1,-0.1,-0.1,0.1,0,0,-0.1,-0.1,-0.1,0,-0.1,-0.2
0.0000508,0,0.1,0,0.1,-0.1,0,0,0,-0.1,0.1,0,0.1,0,0,0,0,0.1,0,0.1,0,0.1,0.1,0,0.1,0.1,0.1,-0.1,0,0,0,0,0.1,0.1,0,-0.1,0.1,0,0,0,0,0,0,-0.1,0.1,0.1,-0.1,0,0,0,0,0,0.1,0,-0.1,0,0,0,0,0,-0.1,0,0.1,0,-0.1,-0.1,-0.1,0,-0.1,-0.1,-0.1,-0.1,0.1,0,-0.2,-0.1,-0.1,-0.1,-0.2,0,-0.2,-0.2,0,-0.2,-0.1,0.1,-0.1,-0.1,0,-0.1,-0.2,0,0.1,0,-0.1,-0.1,0,0,0,-0.2,0
0.000051,0,0,0,0,0,0,0.1,0,0,0.1,0,0,0,0,0,0,0,0,0.1,0,0.1,0.1,0,0,0.1,0.1,-0.1,0.1,0,0.1,0,0,0,0,0,0,0,0,0,0,0,0,0,0.1,0,0,0.1,0,0,0,0,0.1,0,0,0,0,0,0,-0.1,0,-0.1,0.1,0,-0.1,-0.1,-0.1,0,0,-0.2,0,-0.1,0.1,-0.1,-0.1,-0.1,-0.1,-0.1,-0.1,-0.1,-0.1,-0.1,0.1,0.1,-0.1,-0.1,-0.1,-0.1,0,-0.1,-0.1,0,0.1,-0.1,0.1,-0.1,0,0,-0.1,-0.2,-0.1
0.0000512,0.1,0,0,0,-0.1,0,0.1,0,0,0.1,-0.1,0.1,0,0,0.1,0,0.1,0,0,0,0,0.1,0.1,0,0.1,0.1,0,0,0,0,0.1,0.1,0.1,0,0,-0.1,-0.1,0,0.1,0,0.1,0.1,0,0,0,0.1,0,0,-0.1,0,0,0.1,0,0,0,-0.1,0,-0.1,-0.1,0,0,0,-0.1,-0.1,0,-0.1,-0.1,-0.1,-0.2,-0.1,-0.1,0.1,-0.1,-0.1,-0.1,-0.1,-0.2,-0.2,-0.2,-0.1,-0.1,0.1,0.1,-0.2,0,-0.1,-0.1,-0.1,-0.1,-0.1,-0.1,0,0,0,-0.1,0,0,0.1,-0.1,-0.2
0.0000514,0.2,0,0,0,0.1,0,0,0,-0.1,0,0,0.1,0.1,0.1,0,-0.1,0,0,0.1,0,0,0.1,0,0,0,0,0,0,0,0.1,0,0.2,0,0,0,-0.1,-0.1,0,0.1,0,0,0,0,0.1,0,0,0,0.1,0,0,0,0.1,0,0.1,0,0,0,-0.1,-0.1,0,-0.1,0,0,-0.1,0,-0.1,0,0,-0.1,-0.1,-0.1,0.1,-0.1,-0.2,-0.1,-0.1,-0.1,-0.2,-0.1,-0.1,-0.2,0,-0.1,-0.1,-0.1,-0.1,-0.1,-0.1,0,0,-0.1,0,0,0,-0.1,0.1,0,-0.1,-0.1,0
0.0000516,0.9,0,0,0,0.1,0.1,0.1,0,0,0,0,0,0.1,0.1,0,-0.1,0.1,0,0.1,0,0,0.1,0,0,0,0,0,0,0,0.1,0.1,0.1,0.1,0,0,0,0,0,0,0,0.1,0,0,0,0,0,-0.1,0.1,-0.1,0,0,0.1,0,-0.1,0,-0.1,0,0,-0.1,-0.1,-0.1,0,-0.1,-0.1,-0.1,-0.1,0,-0.1,-0.1,-0.1,-0.1,0.2,-0.1,-0.2,-0.1,-0.2,-0.2,-0.2,-0.1,-0.1,-0.1,0,0,-0.1,-0.1,-0.2,-0.1,-0.1,-0.1,0,-0.1,0.1,0,-0.1,-0.1,0,0.1,0,-0.1,-0.1
0.0000518,3.6,0,0,0,0.1,0.1,0,0,0,0,0,0,0.1,0,0,0.1,0,0,0.1,0.1,0,0.1,0,0,0,0,0,0,0,-0.1,0,0.1,0.1,0,0,0,0,0,-0.1,-0.1,0.1,0.2,0,0,0,0,0,0.1,0.1,0,0.1,0.1,0,0,0,-0.1,0,0,-0.1,0,-0.1,0.1,-0.1,0,-0.1,-0.1,-0.1,-0.1,-0.1,0.1,-0.1,0.1,-0.2,-0.1,-0.1,-0.1,-0.1,-0.1,-0.2,-0.1,-0.2,0.1,0,-0.1,-0.2,0,-0.1,0,-0.1,-0.1,0,0,-0.1,-0.1,-0.1,0,0,0,0,-0.1
0.000052,6.58,0,0,0,0.1,0,0.1,-0.1,0,0,-0.1,0.1,-0.1,0,-0.1,-0.1,0.1,0,0,0.1,0,0.1,0.1,0.1,0,0,0,0.1,0,0,0,0.1,0,0,0,-0.1,0,0,0,0,0,0.1,0.1,0,0,0,0.1,0,0,0,-0.1,0,0,-0.1,0,0,0,0.1,0,-0.1,-0.1,0,-0.1,-0.1,-0.1,-0.1,0,-0.1,-0.1,-0.1,-0.1,0.1,-0.1,-0.1,-0.1,-0.2,-0.2,-0.2,-0.1,-0.1,-0.1,0,-0.1,-0.1,0,-0.1,-0.1,0,-0.1,-0.1,0,0,0,-0.1,0,-0.1,0,-0.1,-0.2,-0.1
0.0000522,4.79,0.1,0,0.1,0.1,0,0,-0.1,0,0,0.1,0.1,0,0.1,0,-0.1,0,0,0.1,0,0,0.1,0,0,0,0,-0.1,0,0,0,0,0,-0.1,0,0,0,0.1,0,0,0,-0.1,0.1,0,0,0.1,0.1,0,0.1,0,0,0,0.2,0,0.1,-0.1,-0.1,0,0,0,0,-0.1,0.1,0,-0.1,-0.1,-0.1,-0.1,-0.1,-0.1,-0.1,-0.1,0.2,-0.1,-0.1,-0.1,-0.1,-0.1,-0.1,-0.1,0,-0.1,0,-0.1,-0.1,-0.1,-0.1,-0.2,-0.1,-0.1,-0.1,0,0.2,0,0,-0.1,0,0,0,-0.1,0
0.0000524,1.35,0,0.1,0,0,0.1,0,0,0,0.1,-0.1,0.1,0,0,0,0,0,0.1,0,0,0,0,0,0.1,0,0,0.1,-0.1,0,0.1,0,0,0,0.1,0.1,0.1,0,0,0,0,0,0.1,0,0,0,0.1,0,0,0,-0.1,0,0.1,0.1,0,0,-0.1,0,0,-0.1,0.1,-0.1,0,-0.1,0,0,-0.1,-0.1,0,-0.1,-0.1,-0.1,0.1,-0.1,-0.2,-0.1,-0.2,-0.1,-0.1,-0.1,-0.1,-0.2,0,-0.1,0,-0.1,-0.1,-0.2,-0.1,-0.1,-0.1,0,0.1,0,0,-0.1,-0.1,0,0,-0.1,-0.1
0.0000526,0.04,0,0.1,0,0,-0.1,0,-0.1,0,0.1,0.1,0.1,0,0.1,-0.1,0,0,0,0.1,0,0.1,0.1,0,0,0,0.1,-0.1,-0.1,0,-0.1,0,0.1,0,0,0.1,0,0.1,0,0,0,0,0.1,0,0,0,0,0,0.1,0,0,0,0.1,0,0,-0.1,-0.1,0,-0.1,-0.1,0,-0.1,0.2,0,0,0,-0.1,-0.1,-0.1,0,0,-0.1,0.2,-0.1,-0.1,-0.2,-0.1,-0.1,-0.1,-0.2,-0.1,-0.1,0.1,-0.1,-0.2,0,0,-0.1,-0.1,-0.1,0,0,0.2,0,0.1,0,0,0,0,-0.1,0
0.0000528,0.14,0.1,0,0,0.1,0.1,0.1,-0.1,0,0.1,0.1,0.1,-0.1,0,-0.1,0,0,0,0.1,0.1,0.1,0.1,-0.1,0.1,0,0.1,0,0,0,0.1,0.1,0,0,-0.1,0,0.1,0.1,0.1,0.1,0,0,0,0,0,0,0.1,0,0.1,0,0,0,0.1,-0.1,0,0.1,0,0,0,0,-0.1,-0.1,0,0,0,0,-0.1,-0.2,-0.1,-0.1,-0.1,-0.1,0,-0.2,-0.1,-0.2,-0.1,-0.2,-0.1,0,-0.1,-0.1,0.1,0.1,-0.1,0,0,-0.1,-0.1,-0.1,-0.1,-0.1,0.1,0,-0.1,0,0,0,0,-0.1,0
0.000053,0.09,0.1,0,0,-0.1,0.1,0,0,-0.1,0.1,0,0.1,0,-0.1,0,0,0,0,0.1,0.1,0.1,0.1,0.1,0.1,0,0,0,0,0,0.1,0,0.1,0,0,0,0,0,0,0,0,0,0.2,0.1,0,-0.1,0,-0.1,-0.1,0,0,0,0.1,0,0,0.1,0,0.1,0,0,-0.1,-0.1,0.1,0,-0.1,-0.1,-0.1,0,-0.1,-0.1,-0.1,-0.2,0.1,0,-0.1,-0.1,-0.1,-0.1,-0.1,-0.1,-0.1,-0.1,0.2,0,-0.2,-0.1,0,-0.1,0,0,-0.2,0,0.1,0,0,0,-0.1,0,0,-0.1,-0.1
0.0000532,0.13,0.1,0.1,0,0,0.1,0,-0.1,0,0.1,-0.1,0.1,0,0,0,0,0,0.1,0.1,0,0.1,0.1,0.1,0,0,0,0,0.1,0,0,0,0,0,0,0.1,0,0,0.1,0,0,0,0,0.1,0,0,0,0,-0.1,0,0,0,0.1,0,0,-0.1,0,0,0,0,0,-0.1,0,-0.1,-0.1,-0.1,-0.1,-0.2,-0.1,-0.1,-0.1,-0.1,0.1,-0.1,-0.2,-0.1,-0.1,-0.1,-0.1,-0.1,-0.2,-0.1,0.2,0,-0.1,0,-0.1,-0.1,0,0,0,0,0.2,0,0.1,-0.1,-0.1,0,-0.1,-0.2,0
0.0000534,0.14,0.1,0,0,0,0.1,0,-0.1,0,0.1,0,0.1,0,0,0,0.1,0,0.1,0,0,0.1,0.1,0.1,0.1,0.1,0,0,0,0,0,0,0.1,-0.1,0,0,0,0,0.1,0,0,0.1,0,0,0.1,0.1,0.1,0,0,0.1,-0.1,-0.1,0.1,-0.1,0,-0.1,0,0,-0.1,0,-0.1,0,0.1,-0.1,-0.1,0,-0.1,-0.1,-0.1,-0.1,-0.1,-0.1,0,-0.1,-0.1,-0.2,-0.1,-0.1,-0.1,-0.1,-0.1,-0.1,0.1,0.2,-0.1,0,-0.1,-0.1,-0.1,0,-0.1,-0.1,0.1,-0.1,-0.1,-0.1,0,0.1,-0.1,-0.2,0
0.0000536,0.14,0,-0.1,0,0,0.1,0,0,-0.1,0.1,0,0.1,0,0,0,0,0,0.1,0,0.1,0,0.2,0,0,0.1,0,0,0.1,0,0,0,0.1,0.1,-0.1,0.1,0,0,0,-0.1,0,0.1,0.1,0,0.1,0.1,-0.1,-0.1,0,0,0,-0.1,0.1,0,0,0,0,0,-0.1,0,0,-0.1,0.1,-0.1,-0.1,0,-0.1,-0.1,-0.2,-0.1,-0.1,-0.1,0.1,-0.1,-0.1,-0.2,-0.1,-0.1,-0.1,-0.1,-0.1,-0.1,0.1,0.1,-0.1,-0.2,-0.1,-0.1,-0.1,0,-0.1,-0.1,0.1,0,-0.1,-0.1,0,-0.1,0,-0.2,-0.1
0.0000538,0.09,0,-0.1,0,0,0,0,0,0,-0.1,0,0.1,0.1,-0.1,0.1,0,-0.1,0,0,0.1,0,0.1,0.1,0,0,0,-0.1,0,0,0,0.1,0.1,0,0,0,0.1,-0.1,0,0,0,0.1,0,-0.1,0,0.1,0,0,0.1,0,0,0,0.1,0,0,-0.1,0,0,-0.1,0,0,0,0.1,0,-0.1,0,0,-0.1,-0.2,0,-0.1,-0.1,0.2,-0.1,-0.2,-0.1,-0.1,-0.1,-0.1,-0.1,-0.2,-0.1,0,0.1,0,-0.2,-0.1,-0.1,-0.1,0,0,-0.1,0,0,-0.1,-0.1,-0.1,0,0,-0.2,-0.1
0.000054,0.09,0,0,0.1,0,0,0,0,0,0,0.1,0.1,0,0,0,0,0,0,-0.1,0,0,0.1,0,0,-0.1,0.1,0,0,-0.1,0,0,0.1,0,0,0,0,-0.1,0.1,0,-0.1,0,0,0,-0.1,0.1,0,0,0,-0.1,-0.1,0.1,0,0.1,0,0,0,0,-0.1,-0.1,0,0,0.1,-0.1,0,-0.1,0,0,-0.1,-0.1,-0.1,-0.1,0.1,-0.1,-0.2,-0.2,-0.2,0,-0.1,0,-0.1,0,0.1,0.1,-0.1,-0.2,-0.1,-0.2,-0.1,-0.1,0,0,0,0,-0.1,-0.1,0,0.1,0,-0.1,-0.1
0.0000542,0.04,0,-0.1,0,0,0,0,0,0,0,0.1,0.1,0,0,-0.1,0,0.1,0,0,0,0.1,0,0,0,0,-0.1,0.1,0.1,0.1,0.1,0,0.1,-0.1,0,0,0,0,0.1,-0.1,0,0,0.1,-0.1,0,0,0.1,0,0,0,0.1,-0.1,0,0.1,0,0,-0.1,0,-0.1,-0.1,-0.1,0,0,0,0,0,-0.1,-0.1,-0.1,-0.1,0,0,0.1,-0.1,-0.2,-0.1,-0.1,-0.1,-0.1,-0.1,-0.1,-0.1,0,0.1,-0.1,-0.1,-0.1,-0.1,-0.1,-0.1,0,0,0.2,0,-0.1,0,0,0,0,-0.2,-0.1
0.0000544,0.18,0,0,0.1,0.1,0,0,0,0,0.1,0,0.1,0,0,0,0,0,0,-0.1,0,0,0,0,0,0,-0.1,0.1,0,0,0,0,0,0.1,-0.1,0.1,0,0,0.1,0,-0.1,0.1,0.1,-0.1,-0.1,0,0.1,-0.1,0,0,0,0,0.1,0,-0.1,0,0,0,-0.1,0,0,0,0.1,0,0,0,-0.1,-0.1,-0.1,-0.1,-0.1,-0.1,0.1,-0.2,-0.1,-0.1,-0.2,-0.1,-0.1,-0.2,-0.1,-0.2,0,0.1,-0.1,-0.1,-0.1,-0.1,0,-0.1,-0.1,-0.1,0,0,0.1,-0.1,-0.1,-0.1,-0.1,-0.1,-0.1
0.0000546,0.09,0,-0.1,-0.1,0.1,0,0,0,0,-0.1,0,0.1,0,0.1,0,-0.1,0,0,-0.1,0,0.1,0.2,0,0.1,-0.1,0,0,0,0.1,0,0,0.2,-0.1,0.1,0.1,0,-0.1,0,0,0,0.1,0.2,0,0.1,-0.1,0.1,0,-0.1,0,-0.1,0,0.1,0,-0.1,0,0,-0.1,-0.1,0,0,0,0,0,0,0,-0.1,-0.1,0,-0.1,-0.1,-0.1,0.1,-0.1,-0.1,-0.1,-0.1,-0.1,-0.1,-0.1,-0.1,0,0.1,0.1,-0.1,-0.2,-0.1,-0.2,-0.1,-0.1,-0.1,-0.1,0.1,-0.1,0,-0.1,-0.1,0,-0.1,-0.1,-0.2
0.0000548,0.14,0,0.1,0,0.1,0,0.1,0.1,0.1,0,-0.1,0,0,0,0,0,-0.1,0,0,0,0,0,0,0,0,0,0,0,0.1,0,0,0.1,0.1,0.1,0,-0.1,0,0,0,0,0.1,0.1,0,0,0,0.1,0,0,0,0.1,0.1,0.1,0.1,-0.1,0,0,-0.1,0,0,0,-0.1,0.1,-0.1,-0.1,-0.1,-0.2,0,-0.1,-0.1,-0.1,-0.1,0.1,-0.2,-0.1,-0.2,-0.1,-0.1,-0.2,-0.1,-0.1,0,0.1,0,-0.1,-0.1,-0.1,-0.1,-0.1,-0.1,0,0,0.1,-0.1,0,0,0,0,0,-0.1,-0.1
0.000055,0.18,-0.1,0.1,0,0,0,0,0.1,0.1,0,0,0.1,0,0.1,0,0,0,0.1,0,0,0,0.1,0.1,0.1,0,0,0,0,0.2,0,0.1,0.1,0.1,0.1,0,0.1,0.1,0,0,0.1,0,0,0,0,0.1,0,-0.1,0,0,0,0,0.2,-0.1,-0.1,0,0,0,-0.1,-0.1,0,0,0.1,-0.1,-0.1,-0.1,-0.1,0,-0.1,-0.1,-0.1,-0.1,0.1,-0.2,-0.1,-0.2,-0.2,-0.1,-0.1,-0.1,-0.1,-0.1,0,0,0,-0.1,-0.1,-0.1,-0.1,-0.1,0,0,0,0,-0.1,0,-0.1,-0.1,-0.1,-0.1,-0.1
0.0000552,0.14,0,0.1,0,0,-0.1,0,0,0.1,0,0,0.1,0,-0.1,-0.1,0,0,0,0,0,0,0,-0.1,0,0,0,0,0,0,0,0,0.1,0.1,-0.1,0,0,0,0,0,0,0,0.2,0,0,0.1,-0.1,0,0.1,0,-0.1,0,0.2,0,-0.1,0,0,-0.1,0.1,0,0,-0.1,0.2,-0.1,-0.1,-0.1,0,0,-0.2,-0.1,0,-0.1,0.1,-0.1,-0.1,-0.1,-0.2,-0.2,-0.1,-0.2,-0.2,-0.1,0.1,0,-0.1,0,-0.1,-0.1,-0.1,-0.1,-0.1,-0.1,0.2,0,0,0,0,0.1,0,-0.1,-0.1
0.0000554,0.14,-0.1,0,0,0,0,0,0,0.1,0.1,0,0.1,0,0,-0.1,0,0,0.1,0,0,0.1,0.1,0.1,0,0,0.1,0.1,0,0,-0.1,0,0.1,0.1,0,0.1,0,0,0.1,0,0.1,0,0,0,0,0.1,-0.1,-0.1,0,0.1,0,-0.1,0.1,0,0,0,-0.1,0,0,-0.1,-0.1,-0.1,0.1,0,-0.1,0,0,-0.1,-0.1,-0.1,-0.1,-0.1,0,-0.1,-0.1,-0.2,-0.1,-0.2,-0.2,-0.1,-0.1,0,0.1,-0.1,0,0,-0.1,-0.1,-0.1,-0.1,-0.1,0,0.1,0,-0.1,0,0.1,0,-0.1,-0.1,-0.1
0.0000556,0.04,0.1,0.1,0,0.1,0,0,0.1,0,0.1,0,0.1,0.1,0,0.1,0.1,0.1,0,0,0,0.1,0.1,0.1,0.1,0,0,0,0.1,0,0,0.1,0.1,0,0.1,0,0,0,0,0.1,0.1,0,0.1,0,0,0.1,0,-0.1,0,-0.1,0,0.1,0,-0.1,0,0,0.1,-0.1,0,-0.1,0,0,0.1,-0.1,-0.1,-0.1,-0.2,-0.1,-0.2,-0.1,-0.1,-0.1,0.1,-0.1,-0.2,-0.1,-0.1,0,-0.2,-0.1,-0.1,-0.1,0,0,-0.1,-0.1,0,0,-0.1,-0.1,-0.1,0,0.1,0,-0.1,0,0,0,0,-0.2,-0.2
0.0000558,0.14,0,0.1,0,0,0,0.1,0.1,0,0.1,0,0.2,0,0,0,0,0,0.1,0.1,0,0.1,0,0.1,0,0,0,0,0.1,0,0,0,0,0.1,0.1,0,0.1,0,-0.1,0.1,0,0,0.1,0,0,0,0,0,0,0,-0.1,0.2,0,-0.1,-0.1,0,0,0.1,0,0,0,-0.1,0,0,-0.1,-0.1,-0.1,0,-0.1,0,-0.2,-0.1,0.1,-0.1,-0.1,-0.2,-0.1,-0.2,-0.1,-0.1,0.2,-0.1,0.1,0,-0.2,-0.1,-0.1,-0.1,0,-0.1,-0.1,0,0.1,-0.1,0,0,0.1,-0.1,0,-0.1,0
0.000056,0.09,0.1,0.1,0.1,0,0,0,0,0,0,0,0.1,0,-0.1,0,-0.1,0,0.1,0,0,0,0.1,0,0,0,0,0,0,0,0.1,0,0.1,0,0,0,0,0,0,0,-0.1,0,0.2,0,0.1,0.1,0,0.1,0.1,-0.1,-0.1,0.1,0.2,-0.1,-0.1,0,0.1,-0.1,0,0,0,-0.1,0.2,0,0,-0.1,-0.1,0,-0.1,-0.1,-0.1,-0.1,0,0,-0.1,-0.1,-0.1,-0.2,-0.1,-0.1,0.3,-0.1,0,-0.1,-0.1,-0.1,-0.1,-0.1,0,0,-0.1,-0.2,0.1,0,0,0,0.1,0,0,-0.2,-0.2
0.0000562,0.09,0,0.1,0,0,-0.1,0,0,0,0,0,0.2,0.1,0.1,-0.1,0,0.1,0,-0.1,0,0,0.1,0,0,0,0,0,0.1,0,0,0,0,0.1,-0.1,0,0.1,0,0,0,0,0,0.1,0,0,0.1,0,0,0,0,0,0,0.1,-0.1,0.1,0,0,0,0,0,-0.1,-0.1,0.1,0,-0.1,0,-0.1,0,0,-0.1,-0.1,-0.1,0,-0.1,-0.1,-0.2,-0.1,-0.1,-0.1,0,0.2,-0.1,0.1,-0.1,0,-0.2,-0.1,0,-0.1,-0.1,-0.1,-0.1,0,0,0,0,0.1,-0.1,0,-0.2,-0.1
0.0000564,0.09,0.1,0,0.1,0,0,-0.1,-0.1,-0.1,0,0,0.1,0.1,-0.1,0,0,0.1,0,0,0,0,0,0.1,0,0.1,0,0,0.1,0,0.1,0,0.1,0,0,0,0,0,0.1,0,0,0.1,0.2,0,0,0,0,0,0.1,-0.1,0,0,0.1,-0.1,0,0,0,0,-0.1,0,0,-0.2,0.2,-0.1,0,-0.1,-0.1,-0.1,-0.1,-0.1,-0.1,-0.1,0,-0.1,-0.1,-0.1,-0.1,-0.1,-0.2,-0.1,0.2,-0.1,0.1,-0.1,-0.2,-0.1,-0.1,-0.1,-0.1,-0.1,-0.1,0,0,-0.1,0,0,0,-0.1,-0.1,-0.2,-0.1
0.0000566,0.09,0,0.1,0,0.1,0,0,0.1,0,-0.1,0,0.1,0,0.1,0,0,0.1,0,0.1,0,0,0.1,0,0,0.1,0.1,0.1,0,0,0,0,0.1,0,0,-0.1,0,0,0.1,0,0,0,0,0,0,0.1,0,-0.1,0.1,0,0,0,0.1,0,0,0,0,0.1,-0.1,0,-0.1,-0.2,0,0,0,-0.1,-0.1,-0.1,0,-0.1,0,-0.1,0.1,-0.1,-0.2,-0.1,-0.1,-0.1,-0.1,0,0.2,-0.1,0.1,-0.1,-0.1,-0.2,-0.1,-0.1,-0.1,-0.1,0.1,-0.1,0.1,0,0,-0.1,0,-0.1,0,-0.1,-0.1
0.0000568,0.09,0.1,0,0.1,0,0.1,0,0,0,0,0,0.1,0,0,0,0,0,0,0,0,0,0.1,0.1,0,0,0,0.1,0.1,0.1,0,0.1,0.1,0,0,-0.1,0,0.1,0,0.1,-0.1,0,0.2,0,0.1,0,-0.1,0,0,0,0,-0.1,0,0,-0.1,0,0.1,0.1,0,0,0,-0.1,0.1,0,-0.1,-0.1,-0.1,-0.2,-0.2,-0.1,-0.1,-0.1,0.2,-0.1,-0.1,-0.1,-0.1,-0.1,-0.1,-0.1,0.2,-0.1,0.1,-0.2,-0.1,-0.2,0,-0.1,-0.2,-0.1,0,-0.1,0.1,0,0,0,0,0,0,-0.2,-0.2
0.000057,0.09,0,0.1,0,0,0,0,0,0.1,0,0,0,0,0,-0.1,0,0.1,0,0,0,0,0.1,0.1,0,0,0,0.1,-0.1,0,0,0.1,0,0,0,0.1,0,0,0,0,-0.1,0,0.1,0,0.1,0,0.1,0,0,0.1,0,0,0.1,-0.1,0,0,-0.1,-0.1,-0.1,0,0,0,0.1,0,0,-0.1,-0.2,0,-0.1,-0.1,-0.1,-0.2,0,-0.2,-0.1,-0.2,-0.1,0,-0.1,-0.1,0.2,-0.1,0.1,-0.1,0,-0.1,0,-0.2,-0.1,-0.1,0.1,0,0.1,0,-0.1,0,0,0,0,-0.1,-0.2
0.0000572,0.14,0,0.1,0,0,0,0,0,0.1,0,0,0.1,0,0,0,0,0.1,0,0,0,0,0.1,0.1,0,-0.1,0,0.1,0,0,0,0,0,0,0,0,0,0,0,0,0,0,0,0.1,0.1,0,0,0,0,0.1,-0.1,0.1,0,0.1,-0.1,0,0,0,0,0,0,-0.1,0.1,0.1,0,-0.1,-0.2,-0.1,-0.1,-0.1,-0.1,-0.1,0.1,-0.1,-0.2,-0.2,-0.1,-0.1,-0.1,-0.1,0.2,-0.1,0,-0.1,-0.1,0,0,-0.1,-0.1,-0.1,0,-0.1,0.1,-0.1,0.1,0,0,-0.1,0,-0.1,-0.1
0.0000574,0.14,0,0.1,0,0,0,0,0.1,0,0,0,0.1,0,0,0,0,0,0,0.1,0.1,0,0.1,0,0,0.1,-0.1,0,0,0.1,0,0.1,0.1,0.1,0.1,0,0,0,-0.1,0,0,0,0,0.1,0.1,-0.1,0,0,0,0.1,0,0.1,0.1,0,0.1,0.1,-0.1,0,-0.1,-0.1,-0.1,-0.1,0.2,0.1,-0.1,-0.1,-0.1,-0.1,0,-0.1,-0.1,-0.1,0,-0.2,-0.1,-0.1,-0.2,-0.1,-0.2,-0.1,0.1,-0.1,0.1,-0.2,0,-0.1,-0.1,-0.1,-0.1,-0.1,0,-0.1,0,-0.1,0,0,0,-0.1,0,-0.2,-0.1
0.0000576,0.09,-0.1,0,0,0,0,0,0,0.1,0,0,0,0,0,-0.1,0,0.1,0,0,0.1,0,0.1,0.1,-0.1,0,0,0,-0.1,0,0,0,0.1,0,0,0,0,-0.1,0,0,0,0.1,0.1,0,0,0,-0.1,0,0,0,-0.1,0,0.1,0,-0.1,0,0,0,0,-0.1,0,0,0.1,0.1,0,-0.1,-0.1,0,-0.1,-0.1,-0.1,-0.1,0.2,-0.1,-0.1,-0.2,-0.1,-0.1,-0.2,-0.1,0.1,-0.1,0,-0.1,-0.1,-0.1,-0.1,-0.2,-0.1,-0.1,0,-0.1,0,-0.1,0,-0.1,0.1,0,0,-0.1,0
0.0000578,0.09,0,0,0,0,0.1,0.1,0.1,0,0,0,0.1,0,0.1,0,-0.1,0.1,-0.1,0.1,-0.1,0,0.1,0,0,0.1,0,-0.1,-0.1,0.1,0,-0.1,0,0,0,0,0,0,0,0.1,0.1,0,0.2,0,0,0,0.1,0,0,-0.1,0,0,0.1,0,0.1,0,-0.1,0,0,-0.1,0,-0.1,0.1,0.1,-0.1,-0.1,-0.1,-0.2,0,-0.1,-0.1,-0.2,0.1,-0.1,-0.1,-0.2,-0.1,-0.1,-0.1,-0.1,0,-0.2,0.1,-0.2,-0.1,-0.1,-0.1,-0.1,-0.1,0,0,-0.1,0.1,0,0,0.1,0.1,0,0.1,0,-0.2
0.000058,0.09,0,0.1,0.1,-0.1,0,0.1,0.1,0,-0.1,0,0.1,0.1,-0.1,0.1,0,0,0,0,0,0.1,0,0.1,0.1,0,0,0,0.1,0,0,0.1,0.1,0.1,-0.1,0,0,0,0,0,0,0,0,0,0,0,0,0,-0.1,0,0,0,0,0,0,0,0,0,0,0,-0.1,-0.1,0,0,0,-0.1,-0.1,0,0,-0.2,-0.1,-0.1,0.2,-0.1,-0.1,-0.2,-0.2,-0.2,-0.1,-0.1,0.1,-0.2,0.1,-0.1,-0.1,-0.1,-0.1,-0.1,0,-0.1,0,-0.1,0.1,0,0,0.1,0,0,0,-0.1,-0.1
0.0000582,0.09,-0.1,0,0.1,-0.1,0.1,-0.1,0.1,0,0,0,0.1,0.1,-0.1,0,0.1,0,0,0,0,0,0.1,0,0,-0.1,0,-0.1,-0.1,0,-0.1,-0.1,0.2,0,0,0,0,0.1,0,0,-0.1,0,0.1,0,0,0,0,0.1,0,0,0,0,0.1,0,0,0,0,0,0,0,0.1,0,0.1,0.1,-0.1,-0.1,-0.1,0,0,-0.1,-0.1,-0.2,0.1,-0.1,-0.1,-0.2,-0.1,-0.1,-0.1,-0.1,0,-0.1,0.1,-0.1,-0.1,-0.1,-0.1,0,-0.1,0,-0.1,-0.1,0.1,-0.1,0,0.1,0.1,0.1,-0.1,-0.1,0
0.0000584,0.04,0,0.1,0.1,0,0,0,0,0,0,0,0,0.1,0.1,0,0,0,0,0,0.1,0.1,0,0,0,0,0,0,0,-0.1,-0.1,0,0.1,0,0.1,-0.1,0,0,0,0,0,-0.1,0,0,0,0,0,0,0,-0.1,0,0.1,0.2,0,-0.1,0,0,-0.1,-0.1,0,-0.1,0,0.1,0,-0.1,-0.1,0,-0.1,0,-0.1,-0.1,-0.1,0.1,-0.2,-0.1,-0.1,-0.1,0,-0.2,-0.1,0,0,0.1,0,-0.1,-0.1,0,-0.1,0,-0.1,-0.1,0,0.1,-0.1,0,0,0.1,-0.1,0.1,0,-0.1
0.0000586,0.04,0,0.1,0,0,0,0,0,0,0,0,0,0,0.1,0,0,-0.1,0.1,0,0,0,0,0,0,0,0,0,0.1,0.1,0.1,0.1,0.1,-0.1,0,0,0,0.1,0.1,0,0,0,0.1,0,0,0,0,0,0,0,0,0,0,-0.1,0,0,0,0,-0.1,0,-0.1,0,0,0,-0.1,-0.1,-0.1,-0.2,0,-0.1,0,-0.1,0.1,-0.1,-0.1,-0.2,-0.2,-0.1,-0.1,-0.2,0,-0.1,0.1,-0.2,-0.1,0,0,-0.1,-0.1,-0.1,-0.1,0,0,0,-0.1,0,0.1,0,0.1,-0.1,-0.1
0.0000588,0.13,-0.1,0.1,0,0.1,0.1,0,0,0,0,-0.1,0,0,0,0,0.1,-0.1,-0.1,0.1,0,0,0.1,0.1,0,0,0,0,0,0.1,0,0,0,-0.1,0,0.1,0,0,0,0,0,0.1,0.1,0,0,0,0,0.1,0.1,-0.1,0,0,0.2,-0.1,-0.1,0,0,0,0,-0.1,0,-0.1,0.1,0.1,-0.1,0,0,-0.1,-0.1,-0.1,-0.2,-0.1,0.1,-0.2,0,-0.2,-0.2,-0.1,-0.2,-0.1,0.1,-0.1,0,-0.2,-0.1,-0.1,0,-0.1,-0.1,-0.1,0,-0.1,0,-0.1,0,0,0.1,0,0,-0.1,0
0.000059,0.14,0.1,0,0.1,-0.1,0.1,0.1,0,0,0,-0.1,0.1,0,0,-0.1,0,0,-0.1,0,0,-0.1,0.2,0,0,0,-0.1,0,0,0,0,0,0,0,0,0,0,0,0,0,0,0,0.1,0.1,-0.1,0,0,0,0.1,0,-0.1,0.1,0.1,-0.1,0,0,0.1,0,0,-0.1,0,-0.1,0.2,0,0,-0.1,0,0.1,0,0,-0.1,0,0.1,-0.1,0.2,-0.1,-0.2,-0.2,0,-0.1,0,0,0,-0.1,0,-0.1,-0.1,-0.1,0,-0.1,0,0.1,0.1,0,0,0,0,-0.1,0,0,-0.1
0.0000592,0.04,0,0.1,0.1,0,0,0,0,0,-0.1,0,0.2,0,0,0,0.1,0.1,0,0,0,0,0.1,0,0,0.1,0,0,0.1,0,0.1,-0.1,0.1,0,0,0,0.1,-0.1,0,0,0,0,0.1,0,0,0,0,0.1,0.1,0.1,0,0,0.1,-0.1,0,0,-0.1,-0.1,0,-0.1,0,-0.1,0,0.1,0,-0.1,0,0.1,0,-0.1,-0.3,0,0.1,-0.1,0.1,-0.1,-0.1,-0.2,0,-0.1,0,0,0,-0.1,0,-0.1,0,-0.1,0,-0.2,-0.1,0,0.2,0,0,0,0,0,0,-0.1,-0.1
0.0000594,0,0.1,0,0,0,0.1,0,0.1,0,-0.1,-0.1,0.1,0,0,-0.1,0,0.1,0.1,0,0,0,0.2,0.1,-0.1,0.1,0.1,0,0.1,0.1,0,0.1,0.1,0,0,0.1,0,-0.1,0,0,0,0,0.1,0,0,0,0,0,0.1,0,0.1,0,0,0,-0.1,-0.1,0,0.1,-0.1,-0.1,0,0,0.2,0,0,-0.1,-0.1,0,0,-0.1,-0.1,0.1,0.1,-0.1,0,-0.1,-0.1,-0.1,0.1,-0.1,0.1,0,0,-0.2,0,-0.1,-0.1,0,0.1,-0.1,-0.1,0.1,0,0,0.1,-0.1,0,0,0,-0.2,-0.1
0.0000596,0.14,0,0,0.1,0.1,0,0,0.1,0,0.1,-0.1,0,0,0,0,0,0.1,0,-0.1,0,0,0.1,0,0,0,0.1,0,0,-0.1,0,0.1,0.1,0,0,0.1,0,0,0.1,0,-0.1,0,0.1,0.1,0,0,0,0,0.1,0,0,0.1,0.2,0,-0.1,0.1,0.1,0,0,0,0,-0.1,0,0,0,-0.1,0,0.1,-0.1,0,-0.2,0.1,0.1,-0.1,0,-0.1,-0.1,-0.1,0,-0.1,0,0,0.1,-0.1,0,-0.2,-0.1,-0.1,0.2,-0.1,0,0.1,0,0,0.1,-0.1,-0.1,0,0,-0.2,-0.1
0.0000598,0.18,-0.1,0,0,0,0,0,0.1,0,0,-0.1,0,0,0,0,0,0,0,-0.1,0,0,0.1,0,0,0,0,0,0.1,0,0,0.1,0.1,0.1,0,0,0,0,0,0,0,0.1,0,-0.1,0,0,0,0,0,0,0,0,0.1,0.1,0,0,0.1,0,0,-0.1,0,0,0,0,-0.1,-0.1,0,0,-0.1,-0.1,-0.1,0,0.1,0,0,-0.2,-0.2,-0.1,-0.1,-0.2,0.1,0,0.1,-0.1,0.1,-0.1,0,-0.1,0.1,0,0,0,0.1,0,0.1,0,0,-0.1,0.1,-0.1,-0.1
0.00006,0,0,0,0,0.1,0,0,0.1,0,-0.1,-0.1,0.1,0.1,0,0,0,0,0.1,0.1,0.1,0,0,0.1,-0.1,0,0,-0.1,0,0,-0.1,0.1,0.1,0,-0.1,0.1,0.1,0,0,0,0,0.1,0.1,0,0,0,0,0,0,0,-0.1,0.1,0.1,0,0,0,0,0,-0.1,0,0,0,0.1,0,0,-0.1,-0.1,0.1,-0.1,-0.1,-0.1,0.1,0.1,-0.1,-0.1,-0.1,-0.1,-0.1,0.1,-0.2,0,0.1,0.1,-0.1,0,-0.1,0,-0.1,0.1,-0.1,0,0,0,-0.1,0.2,0,0,0,0.2,-0.1,-0.1
0.0000602,0.09,0,0,-0.1,0.1,0.1,0.1,0,0,0,-0.1,0,0.1,0,0,0,0,0,0,0,0,0.1,0.1,0,0,0,0,0,0,0,0.1,0.1,0,0,0.1,0.1,0,0,-0.1,0,0.1,0.1,-0.1,0.1,0,0,0,0.1,0,0,0,0.2,0,0,0,0,0,0,0,0,-0.1,0.1,0,0,-0.1,-0.1,-0.1,0,-0.1,-0.1,0,0.2,-0.1,0,-0.1,-0.1,-0.1,0,-0.1,0.1,0.1,0.1,-0.1,0.1,-0.1,-0.1,-0.1,0.1,0,0,0,0.1,-0.1,0.1,0,0.1,0.1,0.2,-0.1,-0.1
0.0000604,0.04,0.1,0,0.1,0,0.1,0,0,0.1,0,0.1,0,0.1,0,0.1,0.2,0,0.1,0,0.1,0,0.1,0,0,0,0,0,0,0,0,0,0.1,0,0,0.1,0,0,0,-0.1,0,0.1,0,0.1,0,-0.1,0,-0.1,-0.1,0,0.1,0,0.1,0,-0.1,0,0,0,-0.1,0,0.1,-0.1,0,0,0,-0.1,0,-0.1,0,-0.1,-0.1,0.1,0.1,0,-0.1,-0.1,-0.1,-0.1,0.1,-0.1,0,0.1,0,-0.1,0.1,0,0,-0.1,0,-0.1,-0.1,0.1,0.1,0,0,0,0,0,0.1,-0.1,-0.1
0.0000606,0.04,0.1,0,0.1,0,0.1,0.1,0,0,0.1,-0.1,0.2,0,0,-0.1,0,0,-0.1,0,0,-0.1,0,0,0,0.1,-0.1,0,0,0,0,0,0.1,-0.1,0,0,0,0,0,0,0,0,0,0.1,-0.1,0.1,0,0,0.1,0,-0.1,0.1,0,-0.1,0,0,0,0,0,-0.1,0,-0.1,0,0.1,0,-0.1,0,0,0,0,-0.1,0.2,0,-0.1,-0.1,-0.1,-0.2,-0.2,0.1,-0.1,0,0,0.1,-0.1,0.1,-0.1,-0.1,-0.1,0.1,-0.1,0,0,0.1,0,0.1,0,0.1,-0.1,0.1,-0.1,-0.1
0.0000608,0.04,0,0.1,0.1,-0.1,0,0,0,0,0,0,0.2,0,0,0,0.1,0.1,0,0,0,0,0.1,0,0,0,0,0,0.1,0,0.1,-0.1,0,0,0,0,0.1,0,0,0,0,-0.1,0.1,0,0,0.1,0,0.1,0.1,0,0,0,0,-0.1,0,0,-0.1,-0.1,0,-0.1,0,-0.1,0.1,0,0,-0.1,0,0,0,-0.1,-0.3,0.1,0.1,-0.1,0,-0.1,-0.1,-0.2,0,-0.1,0,0,0,-0.1,0,-0.1,0,-0.1,0,-0.2,-0.1,0,0.1,0,0,0,0.1,0,0.1,-0.1,-0.1
0.000061,0.14,0.1,0,0,0,0.1,0,0,0,0.1,-0.1,0.1,0.1,0,-0.1,0,0,0.1,0,0,0,0,0.1,-0.1,0,0.1,0,0.1,0,0,0.1,0.1,0,0,0.1,0,0.1,0,0,0,0,0.1,0,0,0,0,0,0.1,0,0.1,0,0.2,0,-0.1,-0.1,0,0.1,-0.1,-0.1,0,0,0.1,0,0,-0.1,-0.1,0,0,-0.1,-0.1,0.1,0.2,-0.1,0.1,-0.1,-0.1,-0.1,0,-0.1,0.1,0,0.1,-0.2,0,-0.1,-0.1,0,0.1,-0.1,-0.1,0.1,0.1,0,0,-0.1,0.1,0,0,-0.1,-0.1
0.0000612,0.05,0,0,0.1,0,0,0,0,0,0,-0.1,0.1,-0.1,0,0,0,0.1,0,-0.1,0,0,0.1,0,0,0.1,0.1,0,0,0.1,0,0.1,0,0,0,0.1,0,-0.1,0.1,0,-0.1,0,0.1,0.1,0,0.1,0,0,0.1,0.1,0,0.1,0,0,-0.1,0.1,0,0,0,0,-0.1,-0.1,0,0,0,-0.1,0,0.1,-0.1,0,-0.2,0.1,0.1,-0.1,0,-0.1,-0.1,-0.1,0,-0.1,0,0,0,-0.1,0.1,-0.2,-0.1,-0.1,0,-0.1,0,0,0.1,0,0.1,-0.1,0.1,0,0,-0.2,-0.1
0.0000614,0.14,-0.1,0,0,0.1,0,0,0.1,0,0.1,-0.1,0.1,0,0,0,0,0,0,-0.1,0,0,0.1,0,0,0,0,0,0.1,0.1,0,0.1,0.1,0,0,0,0,0.1,0,0,0,0,0.2,-0.1,0,0,0,0,0,0.1,0,0,0.1,0.1,0,0,0,0,0,-0.1,-0.1,0,0.1,0,-0.1,-0.1,0,0,-0.1,-0.1,-0.1,0.1,0.1,0,0,-0.2,-0.2,-0.1,0.1,-0.2,0,0,0,-0.1,0.1,-0.1,0,-0.1,0.1,0,0,0,0.1,0,0,0,0,-0.1,0.1,-0.1,-0.1
0.0000616,0.09,0,0,0,0.1,0,0,0.1,0,0,-0.1,0.1,0,0,0,0,0.1,0.1,0.1,0.1,0,0.1,0.1,-0.1,0,0,-0.1,0,0,-0.1,0.1,0.1,0,-0.1,0.1,0.1,0,0,0,0,0,0.1,0,0,0,0,0,0,0,-0.1,0.1,0,0,0,0,0.1,0,-0.1,0,0,0,0.2,0,0,-0.1,-0.1,0,-0.1,-0.1,-0.1,0,0.1,-0.1,0,-0.1,-0.1,-0.1,0,-0.2,0,0,0,-0.1,0.1,-0.1,0,-0.1,0,-0.1,0,0.1,0.1,-0.1,0,0,0.1,0,0.1,-0.1,-0.1
0.0000618,0.14,0,0,-0.1,0,0.1,0.1,0,0,-0.1,-0.1,0.1,0,0,0,0,0.1,0,0,0,0,0,0.1,0,0.1,0,0,0,0,0,0.1,0,0,0,0.1,0.1,0,0,-0.1,0,-0.1,0,-0.1,0.1,0.1,0,0,0.1,0.1,0,0,0.1,0,0,0,0,0,0,0,0,-0.1,0,-0.1,0,-0.1,-0.1,0,0,-0.1,-0.1,0.1,0.1,-0.1,0,-0.1,-0.1,-0.1,0.1,-0.1,0,0,0,-0.1,0,-0.1,-0.1,-0.1,0,0,0,0.1,0.1,-0.1,0,0,0,0.1,0,-0.1,-0.1
0.000062,0.09,0.1,0,0.1,0,0.1,0,0.1,0.1,0,0.1,0.1,0.1,0,0.1,0.2,0.1,0.1,0,0.1,0,0.1,0,0,0,0,0,0,0,0,0,0.1,0.1,0,0.1,0,0,0,-0.1,0,0,0.1,0.1,0.1,0.1,0,-0.1,-0.1,0.1,0.1,0,0.1,0,-0.1,0,0,0,-0.1,0,-0.1,-0.1,0,0,0,-0.1,0,0,0,-0.1,-0.1,0,0.1,0,0.1,-0.1,-0.1,-0.1,0.1,-0.1,0.1,0,0.2,-0.1,0,0,0,-0.1,0,-0.1,-0.1,0.1,0.1,0,0,0,0.2,0,0.1,-0.2,-0.2
0.0000622,0.04,0,0.1,0,0.1,0,0,0,0,0,0,0.1,0.1,0,0,0,0.1,0.1,0,0,0.1,0,0,0,0,0,0,0,0.1,0,0.1,0.1,0,0,0,0,0,0,0,0.1,0,0.1,0,0,0.1,0.1,0,0.1,0,0,0,0.1,0.1,0,0,0.1,0,0,0,0,0,0,0.1,0,0,0,-0.1,0,0,0,0,0.1,0.1,0,0,0,0.1,0.1,0,0,0,0.1,-0.1,0.1,0.1,0.1,0,0.1,0,0,0,0.2,0.1,0.1,0,0,0,0,-0.1,-0.1
0.0000624,0.09,0,0,0,0.1,0,0,0,0,0,0,0.1,0,0,-0.1,0,0.1,0.1,0,0,0.1,0.1,0,0,0.1,0,0,0,0.1,0.1,0.1,0.1,0.1,0,0.1,0,0,0,0.1,0,0.1,0.1,0,0.1,0,0,0.1,0.1,0,0.1,0,0.2,0,0.1,0,0,-0.1,0,0.1,-0.1,0,0.1,0,0.1,-0.1,0,-0.1,0,0.2,0,0,0.1,0,-0.1,0.1,0,0,0,0,0,-0.1,0.1,0,0.1,0,0.1,-0.1,0,0,0.1,0,0.1,0,0.1,0,0.1,0,0.1,-0.2,-0.1
0.0000626,0.09,0,0,0,0.1,0,0,0,0.1,0.1,-0.1,0,0,-0.1,-0.1,0,0,0,0,0.1,0,0.1,0,0,0.1,0.1,0.1,0,0.1,0.1,0.1,0.1,0.1,0,0.1,0.1,0.1,-0.1,0,0,0.1,0,0,0,0,0,0,0,0.1,0,-0.1,0,0,0,0,0,-0.1,0,0,0,0,0.1,0.1,0,0,0,0,0.1,0,0.1,0.1,0,0,0,0.1,0,0,0,0,0.1,0,0.1,0,0,0,0.1,0,0.1,0,0,0,0,0.1,0,0,0.1,0,0,-0.1,-0.1
0.0000628,0.09,0,0,0,0.1,0,0,0,0,0.1,0,0.1,0,0,0,0.1,-0.1,-0.1,0.1,0,0.1,0.1,0,0,0.1,0.1,0,-0.1,0.1,0.1,0.1,0.1,-0.1,0,0,0.1,0.1,0,0.1,-0.1,0,0,0,0,0,0.1,0.1,0,0.1,0,0,0.1,-0.1,0,0,0,0,0,0,0,0,0.1,0,0,0,0,0,0.1,0.1,0.1,0,0.1,0,0,0.1,0,0,0.1,0,0,0,0.1,0,0,0,0,0,0.1,0.1,0.1,0,0.1,0.1,0,0.1,0.1,0.1,0.1,-0.1,-0.1
0.000063,0.09,0.1,0,0,0,0,0,0,0.1,0.1,0,0,0,0.1,0.1,0,0,0,0,0,0.1,0.1,0,0,0,0,0,0.1,0,0,0.1,0.1,0,0,0,0,0,0,0,0.1,0.1,0.1,0,0,0,0,0.1,0,0,0,-0.1,0.1,0,0,0,-0.1,0.1,0,0,0,0,0.1,0.1,0,0,0,0,0,0,0,0.1,0.1,0,-0.1,0,0.1,0.1,0,0,0.2,0,0,0,0,-0.1,0,0,0.1,0.1,0.1,0,0,0.1,0.1,0.1,0,0,0,-0.1,-0.1
0.0000632,0.09,0,-0.1,0,0,0.1,0.1,0,-0.1,0,0,0,0.1,0,0.1,-0.1,0,0.1,0,0,0,0.1,0,0.1,0,0.1,0,0,0.1,0.1,0,0.1,0,0,0,0,0,0,0,0,0.1,0.1,0,0,0,0.1,0.1,0,0.1,0,0,0,0,0,0,0,0,0.1,0,0,0,0.1,0.1,-0.1,0,0,0,0,0,0.1,0,0,0.1,0,0,0,0.1,0,0.1,0,0.1,0.1,0.2,0.1,0.1,0,0,0.1,0.1,0,0,0,0,0,0,0.1,0,0,0,-0.1
0.0000634,0.09,0,0.1,0.1,0.1,0,0,0,0.1,0,0,0.1,0,0.1,0.1,0,0,0,0.1,0,0.1,0.1,0,0.1,0,0.1,0,0.1,0,0,0.1,0.1,0,0,-0.1,0,0,0,0,0,0,0.1,0.1,0,0.1,0,0,0,0,-0.1,-0.1,0.2,-0.1,0.1,0,0,0,0,0,-0.1,-0.1,0.1,0,0,0.1,0.1,0,0,0,0,0,0.1,0,0,0.1,0.1,0,0,0.1,0,0.1,0,0.1,0,0,0,0,0.1,0,0,-0.1,0,0,-0.1,0.1,0,0,0,-0.2,-0.1
0.0000636,0.09,0.1,0,0.1,0.1,0,0,0,0.1,0.1,0,0.1,0,0.1,0.1,0,0,0.1,0.1,0,0,0.1,0,0,0.1,0,0,0.1,-0.1,0,0.1,0.1,0.1,0,0,-0.1,0,0,0,0.1,0,0.1,0,0,0,0,0.1,0,0.1,0,0.1,0.1,-0.1,0,0.1,0,0,-0.1,0.1,0,-0.1,0.1,0,0,0,0.1,0.1,-0.1,0,0,-0.1,0.1,0.1,0,0,0.1,0,-0.1,0,0,0,0,0.1,0,0,0,0,0.1,0,0.1,0,0,0,0.1,0.1,0,0,0.1,-0.1,-0.1
0.0000638,-0.04,0.1,0.1,0.1,0.2,0.1,0,0.1,0.1,0,0,0,0,0.1,0.1,0,0,0.1,0.1,0,0,0.1,0,0,0,0.1,0,0.1,-0.1,0,0.1,0,0.1,0.1,0.1,0,0.1,0,0,0,0,0.1,0,0,0.3,0,0,0,0,0,0.1,0,0,0,0,0,0,0,0,0,0,0.1,-0.1,0,0.1,0.1,0,0,0.1,0,0,0.1,0,0,0.1,0.1,0,0,0,0,0,0.1,0,0.1,0,0,0,0.1,0,0,0,0.1,0,0.1,0.1,0.1,0,0,-0.1,-0.1
0.000064,-0.13,0,0,0.1,0.2,0.1,-0.1,0,0.1,0,0,0,0,0,0,0,0,0,0.1,0,-0.1,0.1,0,0.1,-0.1,0.1,0,0.1,-0.1,0,0.1,0.1,0,0,0,0,0.1,0,0.1,0.1,0,0.1,0,0,0.3,0,0,0,0,0,0,0.1,-0.1,0,0,0,0.1,0.1,0,0,0,0.1,0.2,0,0.1,0.1,0.1,0.1,0,0,0,0.2,0.1,0,0,0.1,0.1,0,0,0,0.1,0.1,0,0.1,0.1,0,0.1,0,0.1,0,0,0.1,0,0,0,0.1,0,0.1,-0.1,-0.1
0.0000642,-0.08,0.1,0,0.1,0.1,0,0,0,0,0,0,0.1,0,0,0,0,0,0,0.1,0,-0.1,0,0,0,0,0,0,0.1,0,0,0.1,0,0.1,0.1,0,0.1,0,0,0,0,0,0.1,0,-0.1,0,0,0,0,0.1,0,0,0.1,0,0,0,0,0.1,0,0,0.1,0.1,0.1,0,0,0,0.1,0,0.1,0,0,0,0.1,0,0,0.1,0,0,0,0,0,0,0,0.1,0,0,0,0.1,0,0,0,0.1,0,0,-0.1,0,0.1,0,0.1,-0.1,-0.1
0.0000644,-0.18,0.1,0.1,0,0.1,0.1,0,0.3,0,0,-0.1,0.1,0.1,0,0,0,0,0,0,0,0,0.1,0,0,0,0,0,0.1,0.1,0,0,0.1,0,-0.1,0,0.1,0.1,0,0,0.1,0,0.1,0,0,0,0,0,0,0.1,0.1,0,0.2,0.1,0,0,0,0.1,0.1,0,0,0,0.1,0,0.1,0,0.1,0,0.1,0,0,0,0,0,0,0,-0.1,0,0,0,0,0.1,0.1,0,0,0.1,0,0,0.1,0,0.1,0,0.1,0,0,0,0.1,0,0.1,-0.1,-0.2
0.0000646,-0.13,0,0,0.1,0.1,0.1,0,0.3,0,0.1,0,0.2,0,0,0,0,0.1,0.1,0.1,0,0.1,0.1,0,0.1,0.1,0,0,0,0.1,0,0,0.1,0,-0.1,0,0.1,0.1,0,-0.1,0.1,0.1,0.1,0.1,0.1,0.1,0.1,0.1,0,0,0,0,0.1,0.1,0,0,0,0,0,0,-0.1,0,0.1,0.1,0.1,0.1,0,0.1,0.1,0.1,-0.1,0,0.2,0,0,0,-0.1,0.1,0,-0.1,0.1,0.1,0,0.1,0.1,0,0,0.1,0,0,0.1,0.1,0.1,0,0,0.1,0,0,0.1,-0.1,-0.1
0.0000648,-0.18,0,0.1,0,0,0,0,0,-0.1,0,-0.1,0,0,0,0,0,0,0,0,0,0.2,0,0,0,0.1,0.1,0.1,0.1,-0.1,0.1,0,0.2,0,0,0,0.1,0.1,0,0,0,0,0.1,0.1,0,0.1,0.1,0,0,0,0,0,0.1,0.1,0,0,0,0,0.1,0.1,0,0.1,0.1,0.1,0.1,0.1,-0.1,0,0,0,-0.1,0,0.1,-0.1,0,0,-0.1,0.1,0,0,0,0,0.1,0.1,0.1,0.1,0,0,0.1,0,0,0,0.1,0.1,0.1,0,0.3,0.1,0,-0.1,-0.1
0.000065,-0.13,0,0,0.1,0.1,-0.1,0,0,-0.1,0.1,0.1,0.3,0,0,0,0.1,0,0,0.1,0,0.1,0,0,0.1,0.1,0.1,0,0.1,0,0,0,0.7,0,0,0.1,0.1,0.1,0,0.1,0.1,0,0.2,0,0,0.1,0,0,0,0.1,0.1,0,0,0,-0.1,0,0,-0.1,0.1,0.1,0,0.1,0.1,0.1,0.1,0.1,0,0.1,0.1,0.1,0,0,0.1,0,0.1,0,-0.1,0.1,-0.1,0,0.1,0,0,0,0.1,0.1,0,0,0.1,0,0.1,0.1,0.1,0.1,0.1,0,0.2,0.1,0.1,-0.1,-0.1
0.0000652,-0.18,0.1,0,0.1,0.1,-0.1,0,0.1,0,0,0.1,0.4,0,0,0.1,-0.1,0.1,0,-0.1,-0.1,0.1,0,-0.1,-0.1,0,0,0,0.1,0,0,0.1,3.5,0,0,0,0.1,0.1,0,0,0.1,0.1,0.1,0,0,0.1,0.1,0.1,0,0,0.1,0,0.1,0,0,0.1,0,-0.1,0,0,0.1,0.1,0,0.1,0,0,0,0,0,0,0,0,0.1,0,0.1,0,0,0.1,0,0.1,0.1,0,0.2,0,0,0,0,0.1,0.1,0,0,0,0.2,0,0.1,0,0,0,0,-0.2,0
0.0000654,-0.13,0,0,0,0,0,0,0,0,0.1,0.1,2.9,0,0,0,0,0,0.1,0.1,0.1,0,0,0,0,0,0.1,0,0,0,0,0,6.59,0.1,0,0,0,0,0,0,0,0,0.1,0,0.1,0.1,-0.1,0,0,0.1,0.1,0.1,0.1,-0.1,0.1,0,0,0,0,0,0,0.1,0,0.1,0,0,0.1,0,-0.1,0,0.1,0,0.1,0,0,-0.1,0.1,0.1,0.1,0,0.1,0,0,0,0,0,0,0,0.1,0.1,0,0,0.1,0,0.1,0.1,0.1,-0.1,0,-0.1,-0.1
0.0000656,-0.18,0,0,0,0,0,0,0.1,0,0.1,0,5.93,-0.1,0.1,0,0,0,0.1,0,0,0.1,0,0,0,0.1,0.1,0,0.1,0,0.1,0.1,4.79,0.1,0,0,0,0.1,0.1,0,0,0,0.1,0.1,0.1,0.1,-0.1,0,0,0,0,0,0.1,0,0,0.1,0,-0.1,0,0,-0.1,0.1,0.1,0.1,0,0,0,0,0.1,0.1,0.1,0.1,0,0.1,0,0,0.1,-0.1,0,0.1,0.1,0,0,0,0.1,0.1,0,0.1,0,0,0.1,0,0,0,0.1,-0.1,0,0,-0.1,-0.2,-0.1
0.0000658,-0.13,0,0.1,0,0,0,0,0,0.1,0,-0.2,5.49,0,0,0,0.1,0,0.1,0,0.1,0,0.1,0,0,0,0,0.1,0.1,0.1,0.1,0,1.48,0,0.1,0,0,0.1,0.1,0,0,0,0.2,0,0,0.1,-0.1,0,0,0.1,-0.1,0,0.1,0,0,0.1,-0.1,0,0,-0.1,0.1,0.1,0,0,0,0,0,-0.1,0.1,-0.1,0,0,0,0.1,0,0,0,0,0.1,0.1,0.1,0,0.1,0,0.1,0,0.1,0.1,0.1,0.1,0,0,0,0.1,0,0,0.1,0.1,0,-0.1,-0.1
0.000066,-0.18,0,0.1,0,0.1,0,0,0.1,0.1,0,0.1,2.15,0,0,0,0.1,0,0,0,0.1,0,0.1,0.1,0,0,0,0,0.2,0.1,-0.1,0,0.04,0,0.1,0,0,0.1,0.1,0,0,0.1,0.1,0.1,0,0.1,0,0,0,-0.1,-0.1,0,0,0,0,0.1,-0.1,0,-0.1,0,0.1,0,0.1,0.1,0,0.1,0,0,0,-0.1,0,0,0.1,0.1,0,0,0.1,0,-0.1,0.1,0.1,0,0.1,0,0,0,0.1,0,0,0,0.1,0,0,0,0,0.1,0.1,0.1,0.1,-0.2,0
0.0000662,-0.18,0,0.1,0,0.1,0,0,0.1,0,0.1,0,0.14,0,0,0,0,0,0,0.1,0,0,0.1,0,0,0,0,0.1,0,0,0.1,0.1,0.14,0,0,0,0,0,0,0.1,0,0.1,0.1,0.1,0,0.1,0,0.1,0.1,0,0,0,0,0,0.1,0,0,0,0,0,0,0,0.1,0.1,0,0,0,0,0,-0.1,0,0,0.1,0,-0.1,0,0.1,-0.1,0,0.1,0.1,0,0,0,0,-0.1,-0.1,0.1,0,0.1,0.1,-0.1,0.1,-0.1,0.1,0.1,0,0,0,-0.1,-0.1
0.0000664,-0.13,0.1,0.1,0,0.1,0,0.1,0,0.1,0,0.1,0.04,0.1,0,0,0,0.1,0,-0.1,0,0,0.1,0,0,0,0,0.1,0,0,-0.1,0,0.09,0.1,0,0,0,0,0,0,0,0,0.1,0.1,0,0.1,0.1,0,0,0,0,0,0.1,0,0,0,0.1,0,0.1,0,0,0,0.2,0.1,0,0.1,0,0,0,-0.1,0,0.1,0,0,0.1,0.1,0.1,0,-0.1,0,0.1,0.1,0.1,0,0,-0.1,0.1,0,0,0.1,0.1,0,0,0,0.1,0.1,0,0,0,-0.2,-0.1
0.0000666,-0.18,0,0.1,0.1,0.1,0,0.1,0.1,0,0,0,0.09,0.1,0,0,0,0.1,0.1,0,0,0,0,0,0,0,0,0.2,0,0,0,0,0.09,0.1,0,0,0,0,0,0,-0.1,0,0.1,0.1,0,0.1,0,0,0,0,-0.1,0,0.1,0.1,0,0.1,0,0,0,0,0.1,-0.1,0.1,0.1,0,0,0,0.1,0,0,0,0,0.1,0.1,0,0.1,0.1,0,0,0,0.1,0.1,0.1,0,0,-0.1,0,0,0.1,0.1,0,0.1,0.1,0,0,0.1,0.1,0,0.2,-0.1,-0.1
0.0000668,-0.17,0,0,0.1,0.1,0,-0.1,0.1,0,0,0,0.14,0,0.1,0,0.1,0,0,0,0,0,0.1,0,0.1,0,0.1,0.1,0.2,0,0.1,0,0.09,0.1,0,0.1,0,0,0,0.1,0,0,0,0,0.1,0.1,0,0.1,0,0.1,0,0,0.1,0.1,-0.1,0,0,0,0,0.1,0,0,0.2,0,0,0.1,0.1,-0.1,0.1,0,0,0,0.1,0.1,0,0,0.1,0,0.1,0,0.1,0,0.1,0.1,0,-0.1,0.1,0,0.1,-0.1,0.1,0,0,0,0,0,0,0,0,-0.2,-0.2
0.000067,-0.09,0,0,0.1,0,0,0,0.1,0,0,0,0.04,0,-0.1,0,0,0.1,0,-0.1,0,0,0.1,0,0,0.1,0,0,0,0.1,0,0,0.14,0.1,0,0,0,0,0,0.1,0,0,0.2,-0.1,0,0,0.1,0,-0.1,0.1,-0.1,0,0.1,0.1,0,0.1,-0.1,0.1,0.1,0,-0.1,0,0.1,0.1,0.1,-0.1,0,0,0,0,0.1,0,0.1,0,0,0,0.1,0.1,0,-0.1,0.1,0,0.1,0.1,-0.1,0.1,0,0.1,0,0,0,0.1,0.1,0,0.1,0,0.1,0.1,0,-0.1,-0.1
0.0000672,0.05,-0.1,0,0,0,0,-0.1,0.1,0,-0.1,0,0.14,0,0.1,0,0,0.1,0.1,-0.1,0,0.1,0.1,-0.1,0,0,0.1,-0.1,0.1,0,0,0,0.09,0.1,0,0,0,0,0,0,0,0.1,0.1,0.1,0,0.1,0,0.1,0,0.1,0,0.1,0.1,0.1,0,0.1,0,0,0,-0.1,0,0,0.1,0.1,0,0,0.1,0,0,0.1,0,0,0.1,0,0,0.1,0,0,0.1,0,0.1,0,0,0.1,0,0.1,0,0.1,0.1,-0.1,0,0,0.1,0.1,0.1,0.1,0.1,0,0.1,-0.1,-0.1
0.0000674,0.05,-0.1,-0.1,0.1,0,0,0,0.1,0,0,0,0.14,0,0,0,0,0,0,-0.1,0,-0.1,0.1,0,-0.1,0,0,0,0.1,0.1,0.1,0,0.09,0,0,0,0,0,-0.1,0,0,0,0.1,-0.1,0.1,0.1,0.1,0.1,0,0,0,0.1,0.1,0,0,0,0,0,0,0,0,0,0,0.1,0.1,0.1,0.1,0,-0.1,0,0,0,0.2,0,0,0,0,0.1,0.1,0.1,0.1,0,0.1,0,0,-0.1,0,0,0,0,0,0.1,0.1,0,0,0,0.1,0,0.1,-0.1,-0.1
0.0000676,0.04,0,0.1,0,0,0,0,0.1,0,0,0,0.04,0,0,0,0,0,0,0.1,0,0,0.1,0,0,0,0,0.1,0,0,0.1,0,0.14,0.1,-0.1,0.1,0,0,0,0,0.1,0,0.1,0.1,0.1,0.1,0,0,0,0,0.1,0,0.1,0,0,0,-0.1,0,0,0,0,0,0.1,0.1,-0.1,0,0,0.1,0,0.1,0,0,0.1,0,0,0.1,0,0.2,0.1,0.1,0.1,-0.1,0.1,0,0.1,0,0,0.1,0,0,0.1,0,0.1,0,0.1,0.1,0,0,0,-0.1,-0.1
0.0000678,0.04,0,0.1,-0.1,0,0,-0.1,0,0,0,0,0.09,0.1,0,0,0,0,0,0,0,0,0.1,0,0.1,0,0,0,0,0,0.1,0.1,0.09,0,0,0,0,0.1,0,0,0,0.1,0,0,0,0.1,0,0.1,0,0,0,0,0.1,0,0,0,-0.1,0,0.1,0,-0.1,0.1,0.1,0.1,0,0,0,0.1,-0.1,0,0.1,0,0.1,0,0,0,-0.1,0,0.1,0.1,0.1,0.1,0.1,0.1,0.2,0,-0.1,0,0,0,0,0.1,0.1,0.1,0,0.1,0.1,0.1,0,-0.1,-0.1
0.000068,0.04,0.1,0.1,0.1,0.1,0.1,0,0.1,0,0,0,0.04,0,0,0.1,0,0,0,0,0,0,0.1,-0.1,0,0,0.1,0.1,-0.1,0,0.1,0,0.09,0.1,0.1,0.1,0,0.1,0,0,0.1,0.1,0.1,0,0.1,0.1,0,0,0,0.1,0.1,0,0.1,0,0,0,0,0,0,0.1,0.1,0,0.1,0.1,0,0,0.1,0.1,0,0,0,0,0.1,0.1,0,0,0.1,0.1,0.1,0.1,0.1,0.1,0.1,0,0.1,0,0,0,0,0.1,0,0,0.2,0,0,0.1,0.1,0.1,0,-0.1,-0.1
0.0000682,0.09,0,-0.1,0.1,0.1,0,0.1,0.1,0,0,0,0.09,0.1,0,0,0,0,0,0,0,0,0.1,0,0,0.1,0,0.2,0,0,0.1,0,0.14,0,0.1,0.1,0,0,0.1,0,0.1,0,0.1,0,0.1,0.1,0,0,0.1,0,0,0.1,0.1,0,0,-0.1,-0.1,0,0,0,0,0.1,0.1,0.1,0,0,0.1,0.1,0,0,0,0,0.1,0,-0.1,0,0,0.1,0.1,0.1,0.1,0,0,0,0,0,0,0,0.1,0,-0.1,0,0,0,0.1,0,0.1,0.1,0,-0.2,-0.1
0.0000684,0.08,0,0,0,0.1,0,0.1,0.1,0,0.1,0,0.14,0,0,0.1,0,0.1,0.1,0,-0.1,0,0,0.1,0,0,0.1,0.2,0,0,0,0.1,0.09,0,0.1,0,0,0,0,0,0.1,0,0.1,0,0,0.1,0.1,0.1,0.1,0,0,0,0.1,0.1,0.1,0,0,0,0,0,0,0,0.1,0.1,0,0,0.1,0,0,0,0,-0.1,0.1,0,0,0.1,0.1,0,0,0,0.1,0,0,0,0.1,0,0.1,0,0,0,0,0.1,0,0.1,0.1,0.1,0.1,0.1,0,-0.1,-0.1
0.0000686,0.04,0,0.1,0,-0.1,0,0.1,0.1,0,0,0,0.13,0,0,0.1,0,0.1,0,0.1,0,0,0,0.1,-0.1,0.1,0.1,0.1,0,0.1,0.1,0,0.18,0.1,0.1,0.1,0.1,-0.1,0,0,0.1,0,0.1,0,0,0,0,0,0,0,0,0,0,0,0,0,0,0,0,0,0,0,0.1,0.1,0,0,0,0.3,0.1,0,0.1,0,0,0,0,0,0,0,0.2,0.1,0.1,0,0.1,0,0.3,0,0.1,0,0,0.1,0,0,0.1,0,0,0,0.1,0.1,-0.1,-0.2,0
0.0000688,0.04,0,0,0.1,0.2,0,0,0.1,0.1,0.2,0,0.09,0.1,0,0.1,0,0.1,0,0.1,0,0,0.2,0.1,0,-0.1,0,0.1,0,-0.1,0.1,0,0.18,0.1,0.1,0.1,0,0.2,0,0.1,0,0.3,0.1,0,0.1,0.1,0.1,0,0,0.2,0.1,0.1,0,0,0,0,0,0,0,0,0.4,0,0,0.1,0.1,0,0,0.3,0,0,0.1,0.3,0.1,-0.1,0.2,0,0,0.2,0.3,0,0.1,-0.1,0,0,0.4,0,0.1,0,0.2,0.1,0,0,0.1,-0.1,0,0,0.1,0,0.3,-0.1,-0.1
0.000069,0.04,0.1,0,0,0,0,0,0.1,0.1,0,0,0.14,0.2,0,0,0,0.2,0,0,0,0,0.2,0.1,-0.1,0.2,0,0,0,0.4,0.1,-0.1,0.14,0,0.1,0,0,0.1,0,0.1,0,0.3,0.1,0,0.3,0.1,0,-0.1,0.3,0.2,0,0,0.1,0,0,0,0.2,0,0,0.1,0.1,0,0.1,0.1,0.1,0,0.1,0,0,-0.1,0.3,0.1,0.1,0.2,0,0.1,0.1,0.2,0,0,0.1,0.4,0.2,-0.1,0.1,0,0.1,0,0.1,0,-0.1,0.1,0.1,0,0.2,0.1,0.1,0.1,0.1,-0.1,0
0.0000692,0.08,0.1,0,0.2,0.1,0.1,0.1,0.1,0.2,0.1,0,0.14,0,0.1,0,0.1,0.1,0,0,0.1,0.1,1.5,0,0.3,0.1,0,0,0.2,0.2,0.1,0,0.09,0.1,0.1,0.1,0.4,0,0,0,0.2,0,0.1,0.1,0.1,0.1,0,0.1,0.3,0.1,0,0.1,0.2,0.1,0,0.3,0.1,0,0,0.2,0,0,0,0.1,0.1,0.1,0.1,0.1,0,-0.1,0.3,0,0,0.4,0.1,0.1,0,0,0.1,0,0.1,0.1,0.1,0.1,0,0,0.1,0.2,0.1,-0.1,-0.2,0.1,0.1,-0.1,0.2,-0.1,0.1,0.1,0.1,-0.1,-0.1
0.0000694,0.04,0.1,0.2,0.1,0.1,0,0,0.1,0,0.1,0,0.14,0.1,0,0,0.4,0.1,0.1,0.1,0.3,0.1,4.4,0,0.2,0.1,0,0,0.3,0,0,0,0.18,0,0.1,0.4,0.1,0.1,0,0.3,0.3,0,0.1,0.1,0.1,0.1,0,-0.1,0.1,0.1,0,0,0.3,0,0,0.3,0,0,0.1,0,0.1,0.1,0.1,0.1,0.1,-0.1,0.1,0.1,0,0.2,0,0.1,0,0.1,0,0.1,0.2,0.1,0.1,0,0.1,0.1,0.1,0.1,0.1,0,0.3,0.1,0,0,0.4,0,0.1,0.3,0.1,0,0.1,0.1,0,-0.1,-0.1
0.0000696,0.08,0.3,0.2,0.1,0,0,0.1,0.1,0.1,0,-0.1,0.09,0.1,0,0.2,0,0.1,0,0,0.3,0.1,6.77,0.3,0.1,0.1,0,0.2,0,0.1,0.1,0,0.04,0.1,0,0.3,0.1,0,0,0.3,0,0,0.1,0.1,0.1,0.1,-0.2,0.2,0.1,0.1,0,0.1,1.4,0.1,0.1,0,0.1,0,-0.1,0,0,0.1,0.2,0.1,0.1,0.4,0,0.1,0,0.2,0.1,0,0,0,0,0.1,0.1,0.1,0.1,-0.1,0.1,0.1,0,0.2,0.1,0,0.3,0,0.1,0,0.2,0.1,0.1,0.2,0.1,0,0.1,0,0.1,-0.1,-0.1
0.0000698,0.04,0.3,0.1,0.1,0.1,-0.1,0.2,0.1,0.1,0.1,0,0.14,0.1,0,0.4,0,0,0,-0.1,0,0.1,3.75,0.1,0,0,-0.1,0.4,0,0.1,0,0.2,0.09,0,0.3,0.1,0,0,0.3,0.1,0,0.1,0.1,0.1,0.1,0.1,0.4,0.1,0.1,0,-0.1,0.2,4.3,0,0.2,0,0.1,-0.3,0.2,0.1,0.2,0,0.2,0.1,-0.1,0.1,0,0.1,0.3,0.1,0.1,0,0.1,0.1,0.1,0.2,0.1,0.1,0.1,0.2,0.1,0,0,0,0,0.1,0.1,0.1,0.1,0.1,0.1,0,0.1,0,0.1,0.4,0.1,0.1,0,-0.1,-0.1
0.00007,0.13,0.1,0,0,0.1,0.1,0.1,0.1,0.1,0,0.2,0.04,0.1,0.3,0,0,0,-0.1,0.3,0.1,0.1,0.39,0.1,0.1,0.1,0.3,0,0.1,0.1,-0.1,0.2,0.14,0.1,0.4,0.1,0.2,0.1,0.4,0.1,0,0,0.1,0,0.1,0.1,0.1,0.1,0,0.1,0.4,0.1,6.74,0.1,0.1,0.1,0.2,0.4,0.1,0,0.1,0.3,1.5,0.1,0.3,0.1,0,0.1,0.1,0,0.1,0.1,0.1,0.1,0.1,0,0,0.1,0.1,0.1,0.1,0,0.1,0,0.1,0.2,0,0.1,0,0.1,0.1,0.1,0.1,0.1,0,0.3,0.1,0,0,-0.2,-0.1
0.0000702,0.04,0.1,0.1,0.1,0.1,0.2,0,0.1,0.1,0.1,0.1,0.04,0.1,0.3,0.1,0,0.1,0.4,0.1,0,0,0.09,0,0.1,0.1,0.2,0,0.1,0.1,0.2,0,0.04,0,0.1,0.1,0.1,0,0,0.1,0.1,0.1,0.1,0.1,0.1,0.1,0,0.1,0,0,0.2,0,3.89,0.3,0,0.1,0.1,0.2,0.1,0,0,0.1,4.4,0.1,0.2,0.1,0,0.1,0,0.1,0.1,0.1,0.3,0,0.1,0.1,0,0,0.1,0.1,0.1,0.1,0.3,0.1,0.1,0.1,0.1,0,0.1,0.1,0.2,0,0.1,0.1,0.1,0.1,0.1,0.1,0,-0.1,-0.1
0.0000704,0.09,0.1,0,0,0.1,0.2,0.1,0.1,0,0.1,0.1,0.14,0.1,0,0.1,0.1,0.1,0.2,0.1,0.1,0.1,0.09,0.1,0,0.1,0,0.1,0.1,0.1,0.1,0.1,0.09,0.1,0,0.1,0.1,0.1,0,0.1,0.1,0.1,0.3,0.1,0,0.1,0.1,0.1,0.1,0.1,0,0,0.65,0.1,0,0,0.1,0,0,0.1,0.1,0.1,6.73,0.1,0.1,0.1,0,0.1,0.1,0.1,0,0.1,2.5,0.1,0.1,0.1,0.1,0,0.1,0.1,0.1,0.1,1.6,0.1,0.1,0.1,0,0.1,0.1,0.1,0,0.1,0.2,0.1,0,0,0.1,0.1,0,-0.1,-0.1
0.0000706,0.04,0.1,0,0.1,0.1,0.1,0,0.1,0,0.1,0,0.14,0.1,0,0.1,0.1,0.1,0.1,0,0.1,0.1,0.14,0.1,0.1,0.1,0,0,0,0.1,0,0.1,0.14,0.1,0.1,0.1,0.1,0,0,0.1,0.1,0.1,2.5,0.1,0.1,0.1,0,0.1,0.1,0.1,0,0.1,0.14,0,0.1,0.1,0.1,0.1,0,0.1,0.1,0.1,3.75,0.1,0,0.1,0.1,0.1,0,0.1,0.1,0.1,5.5,0,0.1,0,0.1,0,0.1,0,0.1,0,4.5,0.1,0.1,0,0.1,0,0,0.1,0,0,2.3,0.1,0.1,0.1,0.1,0.1,0.1,-0.2,-0.1
0.0000708,0.09,0,0.1,0.1,0.1,0.1,0.1,0.1,0,0.1,0.1,0.09,0.1,0.1,0.1,0,0.1,0.1,0.1,0,0.1,0.18,0.1,0.1,0.1,0,0.1,0.1,0.1,0.1,0.1,0.09,0.1,0.1,0.1,0,0.1,0.1,0,0.1,0,5.3,0.1,0.1,0.1,0,0,0.1,0.1,0,0.1,0.18,0.1,0.1,0.1,0.1,0,0.1,0.1,0.1,0,0.44,0.1,0.1,0,0.1,0.1,0.1,0.1,0.1,0,6.17,0.1,0.1,0.1,0.1,0.1,0.1,0.1,0.1,0,6.7,0.1,0.1,0.1,0.1,0.1,0.1,0.1,0.1,0.1,5.3,0.1,0.1,0.2,0.1,0.1,0.1,-0.2,-0.1
0.000071,0.13,0.1,0.1,0.1,0.1,0.1,0.1,0,0.1,0.1,0,0.18,0.1,0.1,0.1,0.1,0.1,0.1,0.1,0.1,0.1,0.17,0.1,0.1,0.1,0.1,0,0.1,0.1,0.1,0.1,0.14,0.1,0,0.1,0.1,0.1,0.1,0.1,0,0.1,6.13,0.1,0.1,0.1,0,0.1,0,0.1,0,0.1,0.04,0,0.1,0,0.1,0,0,0.1,0.1,0.1,0.09,0.1,0.2,0,0.1,0.1,0.1,0.1,0.1,0.1,2.65,0.1,0.1,0.1,0.1,0.1,0,0,0.1,0.1,3.59,0.1,0.1,0.1,0.1,0.1,0.1,0.1,0.1,0.1,6.23,0.1,0.1,0.1,0.1,0.1,0.1,-0.1,-0.1
0.0000712,0.09,0.1,0,0.1,0.1,0,0.1,0.1,0.1,0.1,0,0.09,0.1,0.1,0.1,0,0.1,0.1,0.1,0.1,0.1,0.18,0.1,0.1,0,0,0.1,0.1,0.1,0,0.1,0.09,0.1,0.1,0.1,0.1,0.1,0.1,0.1,0,0.1,2.79,0.1,0.1,0.1,0.1,0.1,0.1,0,0,0.1,0.09,0.1,0.1,0,0.1,0,0.1,0.1,0.1,0.1,0.04,0.1,0,0.1,0,0.1,0,0,0.1,0.1,-0.04,0.1,0.1,0.1,0.1,0.1,0.1,0.1,0.1,0,0.18,0.1,0,0.1,0.1,0.1,0.1,0.1,0,0.1,2.85,0.1,0.1,0.1,0.1,0.1,0.1,-0.1,0
0.0000714,0.04,0.1,0.1,0.1,0.1,0,0.1,0.1,0.1,0,0,0.09,0.1,0.1,0.1,0.1,0.1,0.1,0.1,0.1,0.1,0.14,0.1,0.1,0.1,0.1,0.1,0.1,0.1,0.1,0.1,0.09,0.1,0.1,0.1,0.1,0.1,0.1,0.1,0.1,0.1,0.01,0.1,0.1,0.1,0.1,0.1,0.1,0.1,0.1,0.1,0.14,0.1,0.1,0.1,0.1,0.1,0.1,0.1,0.1,0,0.09,0.1,0,0.1,0.1,0.1,0.1,0.1,0.1,0.1,0.09,0.1,0.1,0.1,0.1,0,0.1,0,0.1,0,0.01,0.1,0.1,0,0,0.1,0.1,0.1,0.1,0.1,0.01,0.1,0.1,0.1,0.1,0.1,0.1,-0.1,0
0.0000716,0.13,0,0.1,0.1,0.1,0.1,0.1,0.1,0.1,0.1,0.1,0.09,0.1,0,0,0.1,0.1,0,0.1,0.1,0.1,0.09,0.1,0.1,0.1,0,0.1,0.1,0.1,0.1,0.1,0.09,0.1,0,0.1,0.1,0.1,0.1,0.1,0.1,0.1,0.14,0,0.1,0.1,0.1,0.1,0,0.1,0.1,0.1,0.13,0.1,0.1,0.1,0,0.1,0.1,0.1,0.1,0.1,0.14,0.1,0.1,0.1,0.1,0.1,0.1,0.1,0.1,0.1,0.14,0,0,0,0.1,0.1,0.1,0.1,0.1,0.1,0.09,0.1,0.1,0,0.1,0.1,0.1,0,0.1,0,0.04,0.1,0.1,0.1,0.1,0.1,0.1,-0.1,0
0.0000718,0.08,0.1,0.1,0.1,0.1,0.1,0.1,0.1,0.1,0.1,0.1,0.09,0.1,0.1,0.1,0.1,0.1,0.1,0.1,0.1,0.1,0.14,0.1,0,0.1,0.1,0.1,0.1,0.1,0.1,0.1,0.09,0.1,0,0,0.1,0.1,0.1,0.1,0.1,0.1,0.14,0.1,0.1,0.1,0.1,0,0,0.1,0.1,0.1,0.14,0.1,0.1,0,0.1,0.1,0.1,0.1,0.1,0.1,0.14,0.1,0.1,0.1,0,0.1,0.1,0.1,0.1,0.1,0.09,0.1,0.1,0.1,0,0.1,0.1,0.1,0.1,0.1,0.14,0.1,0.1,0,0.1,0.1,0.1,0.1,0.1,0.1,0.09,0.1,0.1,0.1,0.1,0.1,0.1,-0.1,0
0.000072,0.12,0.1,0.1,0.1,0.1,0.1,0.1,0.1,0.1,0.1,0.1,0.14,0.1,0.1,0,0.1,0.1,0.1,0.1,0.1,0.1,0.09,0.1,0.1,0.1,0,0.1,0.1,0.1,0.1,0.1,0.09,0.1,0.1,0.1,0.1,0.1,0.1,0.1,0.1,0.1,0.14,0.1,0.1,0.1,0,0.1,0.1,0.1,0.1,0.1,0.14,0.1,0.1,0.1,0,0.1,0,0.1,0.1,0.1,0.14,0.1,0,0.1,0.1,0.1,0.1,0.1,0.1,0.1,0.18,0.1,0.1,0.1,0.1,0.1,0.1,0.1,0.1,0.1,0.09,0.1,0.1,0.1,0.1,0.1,0.1,0.1,0.1,0.1,0.09,0.1,0.1,0.1,0.1,0.1,0.1,0,0
0.0000722,0.25,0.1,0.1,0.1,0.1,0.1,0.1,0.1,0.1,0.1,0.1,0.14,0.1,0.1,0.1,0.1,0.1,0.1,0.1,0.1,0.1,0.14,0,0.1,0,0.1,0.1,0.1,0.1,0.1,0.1,0,0.1,0.1,0,0.1,0.1,0,0.1,0.1,0,0.09,0.1,0.1,0.1,0.1,0,0.1,0.1,0.1,0.1,0.09,0,0,0.1,0.1,0.1,0,0.1,0.1,0.1,0.22,0.1,0.1,0.1,0.1,0.1,0.1,0.1,0.1,0,0.18,0.1,0.1,0.1,0.1,0.1,0.1,0.1,0.1,0.1,0.09,0.1,0.1,0.1,0.1,0.1,0.1,0.1,0.1,0.1,0.09,0.1,0.1,0.1,0.1,0.1,0.1,0.1,-0.1
0.0000724,0.3,0.1,0.1,0.1,0.1,0.1,0.1,0.1,0.1,0.1,0.1,0.09,0.1,0.1,0.1,0.1,0.1,0.1,0.1,0.1,0.1,0.09,0.1,0.1,0.1,0.1,0.1,0.1,0.1,0.1,0.1,0.14,0.1,0.1,0.1,0.1,0.1,0.1,0.1,0.1,0.1,0.18,0.1,0.1,0.1,0.1,0.1,0.1,0.1,0.1,0.1,0.18,0,0.1,0.1,0.1,0.1,0.1,0.1,0.1,0.1,0.04,0.1,0.1,0.1,0.1,0.1,0.1,0.1,0.1,0.1,0.14,0.1,0.1,0.1,0.1,0.1,0.1,0.1,0.1,0.1,0.09,0.1,0.1,0.1,0.1,0.1,0.1,0.1,0,0.1,0.13,0.1,0.1,0.1,0.1,0.1,0.1,-0.1,-0.1
0.0000726,0.34,0.1,0.1,0.1,0.1,0.1,0.1,0.1,0.1,0.1,0.1,0.04,0.1,0.1,0.1,0.1,0.1,0.1,0.1,0.1,0.1,0.14,0,0.1,0.1,0.1,0.1,0.1,0.1,0.1,0.1,0.04,0.1,0.1,0.1,0.1,0.1,0.1,0.1,0.1,0.1,0.09,0.1,0.1,0.1,0.1,0.1,0.1,0.1,0.1,0.1,0.13,0.1,0.1,0.1,0.1,0.1,0.1,0.1,0.1,0.1,0.09,0.1,0.1,0.1,0.1,0.1,0.1,0.1,0.1,0.1,0.22,0.1,0.1,0.1,0.1,0.1,0.1,0,0.1,0.1,0.09,0.1,0,0.1,0.1,0.1,0.1,0.1,0.1,0.1,0.09,0.1,0.1,0.1,0.1,0.1,0.1,-0.1,-0.1
0.0000728,0.34,0.1,0.1,0.1,0.1,0,0.1,0.1,0,0.1,0,0.09,0.1,0.1,0.1,0.1,0.1,0.1,0.1,0.1,0.1,0.14,0.1,0,0.1,0.1,0.1,0.1,0.1,0,0.1,0.09,0.1,0.1,0.1,0.1,0.1,0.1,0.1,0.1,0.1,0.14,0.1,0.1,0.1,0.1,0.1,0.1,0.2,0.1,0.1,0.14,0,0.1,0.1,0.1,0.1,0,0.1,0.1,0.1,0.04,0.1,0.1,0.1,0.1,0.1,0.1,0.1,0.1,0,0.04,0.1,0.1,0.1,0.1,0.1,0.1,0.1,0.1,0.1,0.09,0.1,0.1,0.1,0.1,0.1,0.1,0,0,0.1,0.14,0.1,0.1,0.1,0.1,0.1,0.1,-0.1,-0.1
0.000073,0.46,0.1,0.1,0.1,0.1,0.1,0.1,0.1,0.1,0.1,0.1,0.04,0.1,0.1,0.1,0.1,0.1,0.1,0.1,0.1,0.1,0.09,0.1,0.1,0.1,0.1,0.1,0.1,0.1,0.1,0.1,0.04,0.1,0.1,0.1,0.1,0.1,0.1,0.1,0.1,0.1,0.14,0.1,0.1,0.1,0.1,0.1,0.1,0.1,0.1,0.1,0.04,0.1,0.1,0.1,0.1,0.1,0.1,0.1,0.1,0.1,0.04,0.1,0.1,0.1,0.1,0.1,0.1,0.1,0.1,0.1,0.09,0.1,0.1,0,0.1,0.1,0.1,0.1,0.1,0.1,0.14,0.1,0.1,0,0.1,0,0.1,0.1,0.1,0.1,0.09,0.1,0.1,0.1,0.1,0.1,0.1,-0.1,-0.1
0.0000732,0.38,0.1,0.1,0.1,0.1,0.1,0.1,0,0.1,0.1,0.1,0.04,0.1,0.1,0.1,0.1,0.1,0.1,0.1,0.1,0.1,0.09,0.1,0.1,0.1,0.1,0.1,0.1,0.1,0.1,0.1,0.09,0.1,0.1,0.1,0.1,0.1,0.1,0,0.1,0.1,0.09,0.1,0.1,0.1,0,0.1,0.1,0.1,0.1,0.1,0.09,0.1,0.1,0.1,0.1,0.1,0.1,0.1,0.1,0.1,0.14,0.1,0.1,0.1,0.1,0.1,0.1,0.1,0.1,0.1,0.14,0.1,0.1,0.1,0.1,0.1,0.1,0.1,0.1,0.1,0.09,0.1,0.1,0.1,0.1,0.1,0.1,0.1,0.1,0.1,0.04,0.1,0.1,0.1,0.1,0,0.1,0,-0.1
0.0000734,0.37,0.1,0.1,0.1,0.1,0.1,0.1,0.1,0.1,0.1,0.1,0.09,0.1,0.1,0.1,0.1,0.1,0.1,0.1,0.1,0.1,0.14,0.1,0.1,0.1,0.1,0.1,0.1,0.1,0.1,0,0.09,0.1,0.1,0.1,0.1,0.1,0.1,0.1,0.1,0.1,0.04,0.1,0.1,0.1,0.1,0.1,0.1,0.1,0.1,0.1,0.14,0.2,0,0.1,0.1,0.1,0.1,0.1,0.1,0.1,0.14,0.1,0.1,0.1,0.1,0.1,0.1,0.1,0.1,0.1,0.04,0.1,0.1,0.1,0.1,0.1,0.1,0.1,0.1,0.1,0.09,0.1,0.1,0.1,0.1,0.1,0.1,0.1,0.1,0,0.04,0.1,0.1,0.1,0.1,0.1,0.1,0,-0.1
0.0000736,0.5,0.1,0,0.1,0.1,0.1,0.1,0.1,0.1,0.1,0.1,0.14,0.1,0,0.1,0.1,0.1,0.1,0.1,0.1,0.1,0.04,0.1,0.1,0.1,0.1,0.1,0.1,0.1,0.1,0.1,0.04,0.1,0.1,0.1,0.1,0.1,0.1,0.1,0.1,0.1,0.09,0.1,0.1,0.1,0.1,0.1,0.1,0.1,0.1,0.1,0.09,0.1,0,0.1,0.1,0.1,0.1,0.1,0.1,0.1,0.09,0.1,0.1,0.1,0.1,0.1,0.1,0.1,0.1,0.1,0.18,0.1,0.1,0.1,0.1,0.1,0.1,0.1,0.1,0.1,0.09,0.1,0.1,0.1,0.1,0.1,0.1,0.1,0.1,0.1,0.04,0.1,0.1,0,0.1,0.1,0.1,0,-0.2
0.0000738,0.45,0.1,0,0.1,0.1,0.1,0.1,0.1,0.1,0.1,0.1,0.04,0.1,0.1,0.1,0.1,0.1,0.1,0.1,0.1,0.1,0.13,0.1,0.1,0.1,0.1,0.1,0.1,0.1,0.1,0.1,0.04,0.1,0.1,0.1,0.1,0.1,0.1,0.1,0.1,0.1,0.09,0.1,0.1,0.1,0.1,0.1,0.1,0.1,0.1,0.1,0.18,0.1,0.1,0.1,0.1,0.1,0.1,0.1,0.1,0.1,0.14,0.1,0.1,0.1,0.1,0.1,0.1,0.1,0.1,0.1,0.09,0.1,0.1,0.1,0.1,0.1,0.1,0,0.1,0.1,0.14,0.1,0,0.1,0.1,0.1,0,0,0.1,0.1,0.04,0.1,0.1,0.1,0.1,0.1,0.1,0,-0.1
0.000074,0.45,0.1,0.1,0.1,0.1,0.1,0.1,0.1,0.1,0.1,0.1,0.09,0.1,0.1,0.1,0,0.1,0.1,0.1,0.1,0.1,0.09,0.1,0.1,0.1,0.1,0.1,0.1,0.1,0.1,0.1,0.09,0.1,0.1,0.1,0.1,0.1,0.1,0.1,0.1,0.1,0.13,0.1,0.1,0.1,0.1,0.1,0.1,0.1,0,0.1,0.09,0,0.1,0.1,0.1,0.1,0.1,0.1,0.1,0.1,0.18,0.1,0.1,0.1,0.1,0.1,0.1,0.1,0.1,0.1,0.18,0.1,0.1,0.1,0.1,0.1,0.1,0.1,0.1,0.1,0.14,0.1,0.1,0.1,0.1,0.1,0,0.1,0.1,0.1,0.14,0.1,0.1,0.1,0.1,0.1,0.1,-0.1,-0.1
0.0000742,0.49,0.1,0.1,0.1,0.1,0.1,0.1,0.1,0.1,0.1,0,0.18,0.1,0.1,0.1,0.1,0.1,0.1,0.1,0.1,0.1,0.14,0.1,0.1,0.1,0.1,0.1,0.1,0.1,0.1,0.1,0.09,0.1,0.1,0.1,0.1,0.1,0.1,0.1,0.1,0.1,0.09,0.1,0.1,0.1,0.1,0.1,0.1,0.1,0.1,0.1,0.14,0.1,0.1,0.1,0.1,0,0.1,0.1,0.1,0.1,0.09,0.1,0.1,0.1,0.1,0,0.1,0.1,0.1,0.1,0.09,0.1,0.1,0.1,0.1,0.1,0.1,0.1,0.1,0.1,0.09,0.1,0.1,0.1,0.1,0.1,0.1,0.1,0.1,0.1,0.09,0.1,0.1,0.1,0.1,0.1,0.1,-0.1,0
0.0000744,0.45,0.1,0.1,0,0.1,0.1,0.1,0.1,0.1,0.1,0.1,0.09,0.1,0,0.1,0.1,0.1,0.1,0.1,0.1,0,0.09,0.1,0.1,0.1,0.1,0.1,0.1,0.1,0.1,0.1,0.09,0.1,0.1,0.1,0.1,0.1,0.1,0.1,0,0,0.13,0.1,0.1,0.1,0.1,0.1,0.1,0.1,0.1,0,0.09,0.1,0.1,0.1,0.1,0.1,0.1,0.1,0.1,0.1,0.09,0.1,0.1,0.1,0.1,0.1,0.1,0.1,0.1,0,0.04,0.1,0,0.1,0.1,0.1,0.1,0,0.1,0.1,0.18,0.1,0.1,0.1,0.1,0.1,0.1,0.1,0.1,0.1,0.09,0.1,0.1,0.1,0.1,0.1,0.1,-0.1,0
0.0000746,0.51,0.1,0.1,0.1,0.1,0.1,0.1,0.1,0.1,0.1,0.1,0.14,0.1,0.1,0.1,0.1,0.1,0.1,0.1,0.1,0.1,0.18,0.1,0.1,0.1,0.1,0.1,0.1,0.1,0.1,0.1,0.14,0.1,0.1,0.1,0.1,0.1,0.1,0.1,0.1,0.1,0.04,0.1,0.1,0.1,0.1,0.1,0.1,0.1,0.1,0.1,0.09,0.1,0.1,0.1,0.1,0.1,0.1,0.1,0.1,0.1,0.09,0.1,0.1,0.1,0.1,0.1,0.1,0.1,0.1,0.1,0.09,0.1,0.1,0.1,0.1,0.1,0.1,0.1,0.1,0.1,0.04,0.1,0.1,0.1,0.1,0.1,0.1,0.1,0.1,0.1,0.09,0.1,0.1,0.1,0.1,0.1,0.1,-0.1,0
0.0000748,0.53,0.1,0.1,0.1,0.1,0.1,0.1,0.1,0.1,0.1,0.1,0.04,0.1,0.1,0.1,0.1,0.1,0.1,0.1,0.1,0.1,0.09,0.1,0.1,0.1,0.1,0.1,0.1,0.1,0.1,0.1,0.04,0.1,0.1,0.1,0.1,0.1,0.1,0.1,0.1,0.1,0.09,0.1,0.1,0.1,0.1,0.1,0.1,0.1,0.1,0.1,0.14,0.1,0.1,0.1,0.1,0.1,0.1,0.1,0.1,0.1,0.14,0.1,0,0.1,0.1,0.1,0.1,0.1,0.1,0.1,0.18,0.1,0.1,0.1,0.1,0.1,0.1,0.1,0.1,0.1,0.09,0.1,0.1,0.1,0.1,0.1,0.1,0.1,0.1,0.1,0.09,0.1,0.1,0.1,0.1,0.1,0.1,-0.1,0
0.000075,0.49,0.1,0.1,0.1,0.1,0.1,0.1,0.1,0.1,0.1,0.1,0.09,0.1,0.1,0.1,0.1,0.1,0.1,0.1,0.1,0.1,0.09,0.1,0.1,0.1,0.1,0.1,0.1,0,0.1,0.1,0.04,0.1,0.1,0.1,0.1,0.1,0.1,0.1,0.1,0.1,0.09,0.1,0,0.1,0.1,0.1,0.1,0.1,0.1,0.1,0.14,0.1,0.1,0.1,0.1,0.1,0,0.1,0.1,0.1,0.04,0.1,0.1,0.1,0.1,0.1,0.1,0.1,0,0.1,0.18,0.1,0.1,0.1,0.1,0.1,0.1,0.1,0.1,0.1,0.14,0.1,0.1,0.1,0.1,0.1,0.1,0.1,0.1,0.1,0.13,0.1,0.1,0.1,0.1,0.1,0.1,-0.1,-0.1
0.0000752,0.5,0.1,0.1,0.1,0.1,0.1,0.1,0.1,0.1,0.1,0.1,0.09,0.1,0.1,0.1,0.1,0.1,0.1,0.1,0,0.1,0.14,0.1,0.1,0.1,0.1,0.1,0.1,0.1,0.1,0.1,0.09,0.1,0.1,0.1,0.1,0.1,0.1,0.1,0.1,0.1,0.09,0.1,0.1,0.1,0.1,0.1,0.1,0.1,0.1,0.1,0.09,0.1,0.1,0.1,0.1,0.1,0.1,0.1,0.1,0.1,0.09,0.1,0.1,0.1,0.1,0.1,0.1,0.1,0.1,0.1,0.09,0.1,0.1,0.1,0.1,0.1,0.1,0.1,0.1,0.1,0.14,0.1,0.1,0.1,0.1,0.1,0.1,0.1,0.1,0.1,0.18,0.1,0.1,0.1,0.1,0.1,0.1,0,-0.1
0.0000754,0.4,0.1,0.1,0.1,0.1,0.1,0.1,0.1,0.1,0.1,0.1,0.13,0.1,0.1,0.1,0.1,0.1,0.1,0.1,0.1,0.1,0.09,0.1,0.1,0.1,0.1,0.1,0.1,0.1,0.1,0.1,0.14,0.1,0.1,0.1,0,0.1,0.1,0.1,0.1,0.1,0.09,0.1,0.1,0.1,0.1,0.1,0.1,0.1,0.1,0.1,0.14,0.1,0.1,0,0,0.1,0.1,0.1,0.1,0.1,0.13,0.1,0.1,0.1,0,0.1,0.1,0.1,0.1,0.1,0.13,0.1,0.1,0.1,0.1,0.1,0.1,0.2,0.1,0.1,0.09,0.1,0.1,0.1,0.1,0.1,0.1,0.1,0.1,0.1,0.14,0.1,0.1,0.1,0.1,0.1,0.1,-0.1,-0.1
0.0000756,0.4,0.1,0.1,0.1,0.1,0.1,0.1,0.1,0.1,0.1,0.1,0.05,0.1,0.1,0.1,0.1,0.1,0.1,0.1,0.1,0.1,0.13,0.1,0.1,0.1,0.1,0.1,0.1,0.1,0.1,0.1,0.04,0.1,0.1,0.1,0.1,0.1,0.1,0.1,0.1,0,0.04,0.1,0.1,0.1,0.1,0.1,0.1,0.1,0.1,0.1,0.04,0.1,0.1,0.1,0.1,0.1,0.1,0.1,0.1,0.1,0.09,0.1,0.1,0.1,0.1,0.1,0.1,0.1,0.1,0.1,0.04,0.1,0.1,0.1,0.1,0.1,0.1,0.1,0.1,0.1,0.14,0.1,0.1,0.1,0.1,0.1,0.1,0.1,0.1,0.1,0.18,0,0.1,0.1,0.1,0.1,0.1,-0.1,-0.1
0.0000758,0.4,0.1,0.1,0.1,0.1,0.1,0.1,0.1,0.1,0.1,0.1,0.09,0.1,0.1,0.1,0.1,0.1,0.1,0.1,0.1,0.1,0.09,0.1,0.1,0.1,0.1,0.1,0.1,0.2,0.1,0.1,0.09,0.1,0.1,0.1,0.1,0.1,0.1,0.1,0.1,0.1,0.09,0.1,0.1,0.1,0.1,0.1,0.1,0.1,0.1,0.1,0.09,0.1,0.1,0.1,0.1,0.1,0.1,0.1,0.1,0.1,0.09,0.1,0.1,0.1,0.1,0.1,0.1,0.1,0.1,0.1,0.14,0.1,0.1,0.1,0.1,0.1,0.1,0.1,0.1,0.1,0.09,0.1,0.1,0.1,0.1,0.1,0.1,0.1,0.1,0.1,0.18,0.1,0.1,0.1,0.1,0.1,0.1,-0.1,-0.1
0.000076,0.4,0.1,0.1,0.1,0.1,0.1,0.1,0.1,0.1,0.1,0.1,0.09,0.1,0.1,0.1,0.1,0.1,0.1,0.1,0.1,0.1,0.09,0.1,0.1,0.1,0.1,0.1,0.1,0.1,0.1,0.1,0.14,0.1,0.1,0.1,0.1,0.1,0.1,0.1,0.1,0.1,0.13,0.1,0,0.1,0.1,0.1,0.1,0,0.1,0.1,0.13,0.1,0.1,0.1,0,0.1,0.1,0.1,0.1,0.1,0.13,0.1,0.1,0.1,0.1,0.1,0.1,0.1,0.1,0.1,0.04,0.1,0.1,0.1,0.1,0.1,0.1,0.1,0.1,0.1,0.09,0.1,0.1,0.1,0.1,0.1,0.1,0.1,0.1,0.1,0.14,0.1,0.1,0.1,0.1,0.1,0.1,-0.1,-0.1
0.0000762,0.5,0.1,0.1,0.1,0.1,0.1,0.1,0.1,0.1,0.1,0.1,0.09,0.1,0.1,0.1,0.1,0.1,0.1,0.1,0.1,0.1,0.14,0,0.1,0.1,0.1,0.1,0.1,0.1,0.1,0.1,0.04,0.1,0.1,0.1,0.1,0.1,0.1,0.1,0.1,0.1,0.09,0.1,0.1,0.1,0.1,0.1,0.1,0.1,0.1,0,0.09,0.1,0.1,0.1,0.1,0.1,0.1,0.1,0.1,0.1,0.13,0.1,0.1,0.1,0.1,0.1,0.1,0.1,0.1,0.1,0.09,0.1,0.1,0.1,0.1,0.1,0.1,0.1,0.1,0.1,0.09,0.1,0.1,0.1,0.1,0.1,0.1,0.1,0.1,0.1,0.09,0.1,0.1,0.1,0.1,0.1,0.1,-0.1,-0.1
0.0000764,0.5,0.1,0.1,0.1,0.1,0.1,0.1,0.1,0.1,0.1,0.1,0.04,0.1,0.1,0.1,0.1,0.1,0.1,0,0.1,0.1,0.04,0.1,0.1,0.1,0.1,0.1,0.1,0.1,0.1,0.1,0.04,0.1,0.1,0.1,0.1,0.1,0,0.1,0.1,0.1,0.09,0.1,0.1,0.1,0.1,0.1,0.1,0.1,0.1,0.1,0.04,0.1,0.1,0.1,0.1,0.1,0.1,0.1,0,0.1,0.09,0.1,0.1,0.1,0.1,0.1,0.1,0.1,0.1,0.1,0.09,0.1,0.1,0.1,0.1,0.1,0.1,0.1,0,0.1,0.09,0.1,0.1,0.1,0.1,0.1,0.1,0.1,0.1,0.1,0.09,0.1,0.1,0.1,0.1,0.1,0.1,0,-0.1
0.0000766,0.4,0.1,0.1,0,0.1,0.1,0.1,0.1,0.2,0.1,0.1,0.13,0.1,0.1,0.1,0.1,0.1,0.1,0.1,0.1,0.1,0.09,0.1,0.1,0.1,0.1,0.1,0.1,0.1,0.1,0.1,0.09,0.1,0.1,0.1,0.1,0.1,0.1,0.1,0.1,0.1,0.09,0.1,0.1,0.1,0.1,0.1,0.1,0.1,0.1,0.1,0.09,0.1,0.1,0.1,0.1,0.1,0.1,0.1,0.1,0.1,0.14,0.1,0.1,0.1,0.1,0.1,0.1,0.1,0.1,0.1,0.14,0.1,0.1,0.1,0.1,0.1,0.1,0.1,0.1,0.1,0.14,0.1,0.1,0.1,0.1,0.1,0.1,0.1,0.1,0.1,0.04,0.1,0.1,0.1,0.1,0.1,0.1,-0.1,-0.1
0.0000768,0.5,0.1,0.1,0.1,0.1,0,0.1,0.1,0.1,0.1,0.1,0.14,0.1,0.1,0.1,0.1,0.1,0.1,0.1,0.1,0.1,0.09,0.1,0.1,0.1,0.1,0.1,0.1,0.1,0.1,0.1,0.14,0.1,0.1,0.1,0.1,0.1,0.1,0.1,0.1,0.1,0.14,0.1,0.1,0.1,0,0.1,0.1,0.1,0.1,0,0.04,0.1,0.1,0.1,0.1,0.1,0.1,0.1,0.1,0,0.18,0.1,0.1,0.1,0.1,0.1,0.1,0.1,0.1,0.1,0.04,0.1,0.1,0.1,0.1,0.1,0.1,0.1,0.1,0.1,0.04,0.1,0.1,0.1,0.1,0.1,0.1,0.1,0.1,0.1,0.09,0.1,0.1,0.1,0.1,0.1,0.1,-0.1,-0.1
0.000077,0.4,0.1,0.1,0.1,0.1,0.1,0.1,0.1,0.1,0.1,0.1,0.04,0.1,0.1,0.1,0.1,0.1,0.1,0.1,0.1,0.1,0.04,0.1,0.1,0.1,0.1,0.1,0.1,0.1,0.1,0.1,0.04,0.1,0.1,0.1,0.1,0.1,0.1,0.1,0.1,0.1,0.14,0.1,0.1,0.1,0.1,0.1,0.1,0.1,0.1,0.1,0.14,0.1,0.1,0.1,0.1,0.1,0.1,0.1,0.1,0.1,0.13,0.1,0.1,0.1,0.1,0.1,0.1,0.1,0.1,0.1,0.04,0.1,0.1,0.1,0.1,0.1,0.1,0.1,0.1,0.1,0.09,0.1,0.1,0.1,0.1,0.1,0.1,0.1,0.1,0.1,0.09,0.1,0.1,0.1,0.1,0.1,0.1,-0.1,0
0.0000772,0.4,0.1,0.1,0.1,0.1,0.1,0.1,0.1,0.1,0.1,0.1,0.14,0.1,0.1,0.1,0.1,0.1,0.1,0.1,0.1,0.1,0.14,0.1,0.1,0.1,0.1,0.1,0.1,0.1,0.1,0.1,-0.09,0.1,0.1,0.1,0.1,0.1,0.1,0.1,0.1,0.1,0.09,0.1,0.1,0.1,0.1,0.1,0.1,0.1,0.1,0.1,0.04,0.1,0.1,0.1,0,0.1,0.1,0.1,0.1,0.1,0.09,0.1,0.1,0.1,0.1,0.1,0.1,0.1,0.1,0.1,0.14,0.1,0.1,0.1,0.1,0.1,0.1,0.1,0.1,0.1,0.09,0.1,0.1,0.1,0,0.1,0.1,0.1,0.1,0.1,0.14,0.1,0.1,0.1,0.1,0.1,0.1,-0.1,-0.1
0.0000774,0.4,0.1,0.1,0.2,0.1,0.1,0.1,0.1,0.1,0.1,0.1,-0.05,0.1,0.1,0.1,0.1,0.1,0.1,0.1,0.1,0.1,0.09,0.1,0.1,0.1,0.1,0.1,0.1,0.1,0.1,0.1,-0.13,0.1,0.1,0.1,0.1,0.1,0.1,0.1,0.1,0.1,0.09,0.1,0.1,0.1,0.1,0.1,0.1,0.1,0.1,0.1,0.09,0.1,0.1,0.1,0.1,0.1,0.1,0.1,0.1,0.1,0.09,0.1,0.1,0.1,0.1,0.1,0,0.1,0.1,0.1,0.14,0.1,0.1,0.1,0.1,0.1,0.1,0,0.1,0.1,0.04,0.1,0.1,0.1,0.1,0.1,0.1,0.1,0.1,0.1,0.09,0.1,0.1,0.1,0.1,0.1,0.1,-0.1,-0.1
0.0000776,0.5,0.1,0.1,0.1,0.1,0.1,0.1,0.1,0,0.1,0.1,-0.09,0.1,0.1,0.1,0.1,0.1,0,0.1,0.1,0.1,0.09,0.1,0.1,0.1,0.1,0.1,0.1,0.1,0.1,0.1,-0.13,0.1,0.1,0.1,0.1,0.1,0.1,0.1,0.1,0.1,0.14,0.1,0.1,0.1,0.1,0.1,0.1,0.1,0.1,0.1,0.09,0.1,0.1,0.1,0.1,0.1,0.1,0.1,0.1,0,0.09,0.1,0.1,0.1,0.1,0.1,0.1,0.1,0.1,0.1,0.09,0.1,0.1,0.1,0.1,0.1,0.1,0.1,0.1,0.1,0.04,0.1,0.1,0.1,0.1,0.1,0.1,0.1,0.1,0.1,0.09,0.1,0.1,0.1,0.1,0.1,0.1,-0.1,-0.1
0.0000778,0.4,0.1,0.1,0.1,0.1,0.1,0.1,0.1,0.1,0.1,0.1,-0.13,0.1,0.1,0.1,0.1,0.1,0.1,0.1,0.1,0.1,0.04,0.1,0.1,0.1,0.1,0.1,0.1,0,0.1,0.1,-0.08,0.1,0.1,0.1,0.1,0.1,0.1,0.1,0.1,0.1,0.09,0.1,0.1,0.1,0.1,0.1,0.1,0.1,0.1,0.1,0.14,0.1,0.1,0.1,0.1,0.1,0.1,0.1,0.1,0.1,0.09,0.1,0.1,0.1,0.1,0.1,0.1,0.1,0.1,0.1,0.04,0.1,0.1,0.1,0.1,0.1,0.1,0.1,0.1,0.1,0.04,0.1,0.1,0.1,0.1,0.1,0.1,0.1,0.1,0.1,0.14,0.1,0.1,0.1,0.1,0.1,0.1,-0.1,0
0.000078,0.4,0.1,0,0.1,0.1,0.1,0.1,0.1,0.1,0.1,0.1,-0.08,0.1,0.1,0.1,0.1,0.1,0.1,0.1,0.1,0.1,0.14,0.1,0.1,0,0.1,0.1,0.1,0.1,0.1,0.1,-0.13,0.1,0.1,0.1,0.1,0.1,0.1,0.1,0.1,0.1,0.09,0.1,0.1,0.1,0.1,0.1,0.1,0.1,0.1,0.1,0.09,0.1,0.1,0.1,0.1,0.1,0.1,0.1,0.1,0.1,0.09,0.1,0.1,0.1,0.1,0.1,0.1,0.1,0.1,0.1,0.04,0.1,0.1,0.1,0.1,0.1,0.1,0.1,0.1,0.1,0.09,0.1,0.1,0.1,0,0.1,0.1,0.1,0.1,0.1,0.09,0.1,0.1,0.1,0.1,0.1,0.1,0,-0.1
0.0000782,0.4,0.1,0.1,0.1,0.1,0.1,0.1,0.1,0.1,0.1,0.1,-0.13,0.1,0.1,0.1,0.1,0.1,0.1,0.1,0.1,0.1,0.14,0.1,0.1,0.1,0.1,0.1,0.1,0.1,0.1,0.1,-0.18,0.1,0.1,0.1,0.1,0.1,0.1,0.1,0.1,0.1,0.14,0.1,0.1,0.1,0.1,0.1,0.1,0.1,0.1,0.1,0.14,0.1,0,0.1,0.1,0.1,0.1,0.1,0.1,0.1,0.14,0.1,0.1,0.1,0.1,0.1,0.1,0.1,0.1,0.1,0.09,0.1,0.1,0.1,0.1,0.1,0.1,0.1,0.1,0.1,0.13,0.1,0.1,0.1,0.1,0.1,0.1,0.1,0.1,0.1,0.09,0.1,0.1,0.1,0.1,0.1,0.1,-0.1,-0.1
0.0000784,0.4,0.1,0.1,0.1,0.1,0.1,0.1,0.1,0.1,0.1,0.1,-0.18,0.1,0.1,0.1,0.1,0.1,0.1,0.1,0.1,0.1,0.09,0.1,0.1,0.1,0.1,0.1,0.1,0.1,0.1,0.1,-0.17,0.1,0.1,0.1,0.1,0.1,0.1,0.1,0.1,0.1,0.14,0.1,0.1,0.1,0.1,0.1,0.1,0.1,0.1,0.1,0.04,0.1,0.1,0.1,0.1,0.1,0.1,0.1,0.1,0.1,0.14,0.1,0.1,0.1,0.1,0.1,0.1,0.1,0.1,0.1,0.09,0.1,0.1,0.1,0.1,0.1,0,0.1,0.1,0.1,0.09,0.1,0.1,0.1,0.1,0.1,0.1,0.1,0.1,0.1,0.09,0.1,0.1,0.1,0.1,0.1,0.1,-0.1,-0.1
0.0000786,0.5,0.1,0.1,0.1,0.1,0.1,0.1,0.1,0.1,0.1,0.1,-0.18,0.1,0.1,0.1,0.1,0.1,0.1,0.1,0.1,0.1,0.04,0.1,0.1,0.1,0.1,0.1,0.1,0.1,0.1,0.1,-0.13,0.1,0.1,0.1,0.1,0.1,0.1,0.1,0.1,0.1,0.14,0.1,0.1,0.1,0.1,0.1,0.1,0.1,0.1,0.1,0.09,0.1,0.1,0.1,0.1,0.1,0.1,0.1,0.1,0.1,0.04,0,0.1,0.1,0.1,0.1,0.1,0.1,0.1,0.1,0.18,0.1,0.1,0.1,0.1,0.1,0.1,0.1,0,0.1,0.14,0.1,0.1,0.1,0.1,0.1,0.1,0.1,0.1,0.1,0,0.1,0.1,0.1,0.1,0.1,0,-0.2,0
0.0000788,0.4,0.1,0.1,0.1,0.1,0,0.1,0.1,0.1,0.1,0.1,-0.08,0.1,0.1,0.1,0.1,0.1,0.1,0,0,0.1,0.09,0.1,0.1,0.1,0.1,0.1,0.1,0.1,0.1,0.1,-0.18,0.1,0.1,0.1,0.1,0.1,0.1,0.1,0.1,0.1,0.14,0.1,0.1,0.1,0.1,0.1,0.1,0.1,0.1,0.1,0.09,0.1,0.1,0.1,0.1,0.1,0.1,0.1,0.1,0.1,0.14,0.1,0.1,0.1,0.1,0.1,0.1,0.1,0.1,0.1,0.09,0.1,0.1,0.1,0.1,0.1,0.1,0.1,0.1,0,0.09,0.1,0.1,0.1,0.1,0.1,0.1,0.1,0.1,0.1,0.04,0.1,0.1,0.1,0.1,0.1,0.1,-0.1,-0.1
0.000079,0.4,0.1,0.1,0.1,0.1,0.1,0.1,0.1,0.1,0.1,0.1,-0.18,0.1,0.1,0.1,0.1,0.1,0.1,0.1,0.1,0.1,0.14,0.1,0.1,0.1,0.1,0.1,0.1,0.1,0.1,0.1,-0.18,0.1,0.1,0.1,0.1,0.1,0.1,0.1,0.1,0.1,0.14,0.1,0.1,0.1,0.1,0.1,0.1,0.1,0.1,0.1,0.09,0.1,0.1,0.1,0.1,0.1,0.1,0.1,0.1,0.1,0.09,0.1,0.1,0.1,0.1,0.1,0.1,0.1,0.1,0.1,0.14,0.1,0.1,0.1,0,0.1,0.1,0.1,0.1,0.1,0.09,0.1,0.1,0.1,0.1,0.1,0.1,0.1,0.1,0.1,0.09,0.1,0.1,0.1,0.1,0.1,0.1,0,-0.1
0.0000792,0.4,0.1,0.1,0.1,0.1,0.1,0.1,0.1,0.1,0.1,0,-0.13,0.1,0.1,0.1,0.1,0.1,0.1,0.1,0.1,0.1,0.09,0.1,0.1,0.1,0.1,0.1,0.1,0.1,0.1,0.1,-0.09,0.1,0.1,0.1,0.1,0.1,0.1,0.1,0.1,0.1,0.14,0.1,0.1,0.1,0.1,0.1,0.1,0.1,0.1,0.1,0.18,0.1,0.1,0.1,0.1,0.1,0.1,0.1,0.1,0.1,0.13,0.1,0.1,0.1,0.1,0.1,0.1,0.1,0.1,0.1,0.09,0.1,0.1,0.1,0.1,0.1,0.1,0.1,0.1,0.1,0.04,0.1,0.1,0.1,0.1,0.1,0.1,0.1,0.1,0.1,0.04,0.1,0.1,0.1,0.1,0.1,0.1,-0.1,-0.1
0.0000794,0.4,0.1,0.1,0.1,0.1,0.1,0.1,0.1,0.1,0.1,0.1,-0.13,0.1,0.1,0.1,0.1,0.1,0.1,0.1,0.1,0.1,0.09,0.1,0.1,0.1,0.1,0.1,0.1,0.1,0.1,0.1,-0.17,0.1,0.1,0.1,0.1,0.1,0.1,0.1,0.1,0.1,0.09,0.1,0.1,0.1,0.1,0.1,0.1,0.1,0.1,0.1,0.18,0.1,0.1,0.1,0.1,0.1,0.1,0.1,0.1,0.1,0.09,0.1,0.1,0.1,0.1,0.1,0.1,0.1,0.1,0.1,0.04,0.1,0.1,0.1,0.1,0.1,0.1,0.1,0.1,0.1,0,0.1,0.1,0.1,0.1,0.1,0.1,0.1,0.1,0.1,0.09,0.1,0.1,0.1,0.1,0.1,0.1,0,-0.1
0.0000796,0.4,0.1,0.1,0.1,0.1,0.1,0.1,0.1,0.1,0.1,0.1,-0.13,0.1,0.1,0.1,0.1,0.1,0.1,0.1,0.1,0.1,0.14,0.1,0.1,0.1,0.1,0.1,0.1,0.1,0.1,0.1,-0.17,0.1,0.1,0.1,0.1,0.1,0.1,0.1,0.1,0.1,0.09,0.1,0.1,0.1,0.1,0.1,0.1,0.1,0.1,0.1,0.09,0.1,0.1,0.1,0.1,0.1,0.1,0.1,0.1,0.1,0.13,0.1,0.1,0.1,0.1,0.1,0.1,0.1,0.1,0.1,0.09,0.1,0.1,0.1,0.1,0.1,0.1,0.1,0.1,0.1,0.09,0.1,0.1,0.1,0.1,0,0.1,0.1,0.1,0.1,0.09,0.1,0.1,0.1,0.1,0.1,0.1,-0.1,-0.1
0.0000798,0.3,0.1,0.1,0.1,0.1,0.1,0.1,0.1,0.1,0.1,0.1,-0.13,0.1,0.1,0.1,0.1,0.1,0.1,0.1,0.1,0.1,0.09,0.1,0.1,0.1,0.1,0.1,0.1,0.1,0.1,0.1,-0.22,0.1,0.1,0.1,0.1,0.1,0.1,0.1,0.1,0.1,0.14,0.1,0.1,0.1,0.1,0.1,0.1,0.1,0.1,0.1,0.04,0.1,0.1,0.1,0.1,0.1,0.1,0.1,0.1,0,0.09,0.1,0.1,0.1,0.1,0.1,0.1,0.1,0.1,0.1,0.05,0.1,0.1,0.1,0.1,0.1,0.1,0.1,0.1,0.1,0.04,0.1,0.1,0.1,0.1,0.1,0.1,0.1,0.1,0.1,0.04,0.1,0.1,0.1,0.1,0.1,0.1,-0.1,0
0.00008,0.3,0.1,0.1,0.1,0.1,0.1,0.1,0.1,0.1,0.1,0.1,-0.18,0.1,0.1,0.1,0,0.1,0.1,0.1,0.1,0.1,0.04,0.1,0.1,0.1,0.1,0.1,0.1,0.1,0.1,0.1,-0.18,0.1,0.1,0.1,0.1,0.1,0.1,0.1,0,0.1,0.09,0.1,0.1,0.2,0.1,0.1,0.1,0.1,0.1,0.1,0.13,0.1,0.1,0.1,0.1,0.1,0.1,0.1,0.1,0.1,0.04,0.1,0.1,0.1,0.1,0.1,0.1,0.1,0.1,0.1,0.13,0.1,0.1,0.1,0.1,0.1,0.1,0.1,0.1,0.1,0.04,0.1,0.1,0.1,0.1,0.1,0.1,0.1,0.1,0.1,0.09,0.1,0.1,0.1,0.1,0.1,0.1,-0.1,-0.1
0.0000802,0.4,0.1,0.1,0.1,0.1,0.1,0.1,0.1,0.1,0.1,0.1,-0.13,0.1,0.1,0.1,0.1,0.1,0.1,0.1,0.1,0.1,0.14,0.1,0.1,0.1,0.1,0.1,0.1,0.1,0.1,0.1,-0.18,0.1,0.1,0.1,0.1,0.1,0.1,0.1,0.1,0.1,0.14,0.1,0.1,0.1,0.1,0.1,0.1,0.1,0.1,0.1,0.09,0.1,0.1,0.1,0.1,0.1,0.1,0.1,0.1,0.1,0.09,0.1,0.1,0.1,0.1,0.1,0.1,0.1,0.1,0.1,0.14,0.1,0.1,0,0.1,0.1,0.1,0.1,0.1,0.1,0.09,0.1,0.1,0.1,0.1,0.1,0.1,0.1,0.1,0.1,0.09,0.1,0.1,0.1,0.1,0.1,0.1,-0.1,0
0.0000804,0.4,0.1,0.1,0.1,0.1,0.1,0.1,0.1,0.1,0.1,0.1,-0.17,0.1,0.1,0.1,0.1,0.1,0.1,0.1,0.1,0.1,0.09,0.1,0.1,0.1,0.1,0.1,0.1,0.1,0.1,0.1,-0.18,0.1,0.1,0.1,0.1,0.1,0.1,0.1,0.1,0.1,0.04,0.1,0.1,0.1,0.1,0.1,0.1,0.1,0.1,0.1,0.09,0.1,0.1,0.1,0.1,0.1,0.1,0.1,0.1,0.1,0.09,0.1,0.1,0.1,0.1,0.1,0.1,0.1,0.1,0.1,0.04,0.1,0.1,0.1,0.1,0.1,0.1,0.1,0.1,0.1,0.14,0.1,0.1,0.1,0.1,0.1,0.1,0,0.1,0.1,0.04,0.1,0.1,0.1,0.1,0.1,0.1,0,-0.1
0.0000806,0.4,0.1,0.1,0.1,0.1,0.1,0.1,0.1,0.1,0.1,0.1,-0.13,0.1,0.1,0.1,0.1,0.1,0,0.1,0.1,0.1,0.14,0.1,0.1,0.1,0.1,0.1,0.1,0.1,0.1,0.1,-0.05,0.1,0.1,0.1,0.1,0.1,0.1,0.1,0.1,0.1,0.09,0.1,0.1,0.1,0.1,0.1,0.1,0.1,0.1,0.1,0.14,0.1,0.1,0.1,0.1,0.1,0.1,0.1,0.1,0.1,0.09,0.1,0.1,0.1,0.1,0.1,0.1,0.1,0.1,0.1,0.18,0.1,0.1,0.1,0.1,0.1,0.1,0.1,0.1,0.1,0.04,0.1,0.1,0.1,0.1,0.1,0.1,0.1,0.1,0.1,0.09,0.1,0.1,0.1,0.1,0.1,0.1,0,-0.2
0.0000808,0.4,0.1,0.1,0.1,0.1,0.1,0.1,0.1,0.1,0.1,0.1,-0.09,0.1,0.1,0.1,0.1,0.1,0.1,0.1,0.1,0.1,0.14,0.1,0.1,0.1,0.1,0.1,0.2,0.1,0.1,0.1,0,0.1,0.1,0.1,0.1,0.1,0.1,0.1,0.1,0.1,0.14,0.1,0.1,0.2,0.1,0.1,0.1,0.1,0.1,0.1,0.04,0.1,0.1,0.1,0.1,0.1,0.1,0.1,0.1,0.1,0.14,0.1,0.1,0.1,0.1,0.1,0.1,0.1,0.1,0.1,0.14,0.1,0.1,0.1,0.1,0.1,0.1,0.1,0.1,0.1,0.05,0.1,0.1,0.1,0.1,0.1,0.1,0.1,0.1,0.1,0,0.1,0.1,0.1,0.1,0.1,0.1,0,-0.1
0.000081,0.4,0.1,0.1,0.1,0.1,0.1,0.1,0.1,0.1,0.1,0.1,0.05,0.1,0.1,0.1,0.1,0.1,0.1,0.1,0.1,0.1,0.04,0.1,0.1,0.1,0.1,0.1,0.1,0.1,0.1,0.1,0.08,0.1,0,0.1,0.1,0.1,0.1,0.1,0.1,0.1,0.09,0.1,0.1,0.1,0.1,0.1,0.1,0.1,0,0.1,0.14,0.1,0.1,0.1,0.1,0.1,0.1,0.1,0.1,0.1,0.09,0,0.1,0.1,0.1,0.1,0.1,0.1,0.1,0.1,0,0.1,0.1,0.1,0.1,0.1,0.1,0.1,0.1,0.1,0.04,0.1,0.1,0.1,0.1,0.1,0.1,0.1,0.1,0.1,0.09,0.1,0.1,0.1,0.1,0.1,0.1,-0.2,-0.1
0.0000812,0.3,0.1,0.1,0.1,0.1,0.1,0.1,0.1,0.1,0.1,0.1,0,0.1,0.1,0.1,0.1,0.1,0.1,0.1,0.1,0.1,0,0.1,0.1,0.1,0.1,0.1,0.1,0.1,0.1,0.1,0,0.1,0.1,0.1,0.1,0.1,0.1,0.1,0.1,0.1,0.04,0.1,0.1,0.1,0.1,0.1,0.1,0.1,0.1,0.1,0.04,0.1,0.1,0.1,0.1,0.1,0.1,0.1,0.1,0.1,0.09,0.1,0.1,0.1,0.1,0.1,0.1,0.1,0.1,0.1,0.04,0.1,0.1,0.1,0.1,0.1,0.1,0.1,0.1,0.1,0.04,0.1,0.1,0.1,0.1,0.1,0.1,0.1,0.1,0.1,0.13,0.1,0.1,0.1,0.1,0.1,0.1,-0.1,0
0.0000814,0.2,0.1,0.1,0.1,0.1,0.1,0.1,0.1,0.1,0.1,0.1,0.09,0.1,0.1,0.1,0.1,0.1,0.1,0.1,0.1,0.1,-0.04,0.1,0.1,0.1,0.1,0.1,0.1,0.1,0.1,0.1,0.04,0.1,0.1,0.1,0.1,0.1,0.1,0.1,0.1,0.1,0.09,0.1,0.1,0.1,0.1,0.1,0.1,0.1,0.1,0.1,0.09,0.1,0.1,0.1,0.1,0.1,0.1,0.1,0.1,0.1,0.04,0.1,0.1,0.1,0.1,0.1,0.1,0.1,0.1,0.1,0.09,0.1,0.1,0.1,0.1,0.1,0.1,0.1,0.1,0.1,0.09,0.1,0.1,0.1,0.1,0.1,0.1,0.1,0.1,0.1,0.09,0.1,0.1,0.1,0.1,0.1,0.1,-0.1,-0.1
0.0000816,0.3,0.1,0.1,0.1,0.1,0.1,0.1,0.1,0.1,0.1,0.1,0.18,0.1,0.1,0.1,0.1,0.1,0.1,0.1,0.1,0.1,-0.08,0.1,0.1,0.1,0.1,0.1,0.1,0.1,0.1,0.1,0,0.1,0.1,0.1,0.1,0.1,0.1,0.1,0.1,0.1,0.04,0.1,0.1,0.1,0.1,0.1,0.1,0.1,0.1,0.1,0.04,0,0.1,0.1,0.1,0.1,0.1,0,0.1,0.1,0.14,0.1,0.1,0.1,0.1,0.1,0.1,0.1,0.1,0.1,0.04,0.1,0.1,0.1,0.1,0.1,0.1,0.1,0.1,0.1,0.04,0.1,0.1,0.1,0.1,0.1,0.1,0.1,0,0.1,0.04,0.1,0.1,0.1,0.1,0.1,0.1,0,-0.1
0.0000818,0.3,0.1,0.1,0.1,0.1,0.1,0.1,0.1,0.1,0.1,0.1,0.09,0.1,0.1,0.1,0.1,0.1,0.1,0.1,0.1,0.1,-0.04,0.1,0.1,0.1,0.1,0.1,0.1,0.1,0.1,0.1,0.08,0.1,0.1,0.1,0.1,0.1,0.1,0.1,0.1,0.1,0.04,0.1,0.1,0.1,0.1,0.1,0.1,0.1,0.1,0.1,-0.09,0.1,0.1,0.1,0.1,0.1,0.1,0,0.1,0.1,0.09,0.1,0.1,0.1,0.1,0.1,0.1,0.1,0.1,0.1,0.09,0,0.1,0.1,0.1,0.1,0.1,0.1,0.1,0.1,0.09,0.1,0.1,0.1,0.1,0.1,0.1,0.1,0.1,0.1,0.09,0.1,0.1,0.1,0.1,0.1,0.1,-0.1,0
0.000082,0.3,0.1,0.1,0.1,0.1,0.1,0.1,0,0.1,0.1,0.1,0.04,0.1,0.1,0.1,0.1,0.1,0.1,0.1,0.1,0.1,-0.09,0.1,0.1,0.1,0.1,0.1,0.1,0.1,0.1,0.1,0.08,0.1,0.1,0.1,0.1,0.1,0.1,0.1,0.1,0.1,0.09,0.1,0.1,0.1,0.1,0.1,0.1,0.1,0.1,0.1,-0.09,0,0.1,0.1,0.1,0.1,0.1,0.1,0.1,0.1,-0.04,0.1,0.1,0.1,0.1,0.1,0.1,0.1,0.1,0.1,0.09,0.1,0.1,0.1,0.1,0.1,0.1,0.1,0.1,0.1,0.05,0.1,0.1,0.1,0.1,0.1,0.1,0.1,0.1,0.1,0.04,0.1,0.1,0.1,0.1,0.1,0,-0.1,-0.1
0.0000822,0.3,0.1,0.1,0.1,0.1,0.1,0.1,0.1,0.1,0.1,0.1,0.04,0.1,0.1,0.1,0.1,0.1,0.1,0.1,0.1,0.1,-0.13,0.1,0.1,0.1,0.1,0.1,0.1,0.1,0.1,0.1,0.04,0.1,0.1,0.1,0.1,0.1,0.1,0.1,0.1,0.1,0.09,0.1,0.1,0.1,0.1,0.1,0.1,0.1,0.1,0.1,-0.08,0.1,0.1,0.1,0.1,0.1,0,0.1,0.1,0.1,0,0.1,0.1,0,0.1,0.1,0.1,0.1,0.1,0.1,0.04,0.1,0.1,0.1,0.1,0.1,0.1,0.1,0.1,0.1,0.04,0.1,0.1,0.1,0.1,0.1,0.1,0.1,0.1,0.1,0.04,0.1,0.1,0.1,0.1,0.1,0.1,0,0
0.0000824,0.3,0.1,0.1,0.1,0.1,0.1,0.1,0,0.1,0.1,0.1,0,0.1,0.1,0.1,0.1,0.1,0.1,0.1,0.1,0.1,-0.13,0.1,0.1,0.1,0.1,0.1,0.1,0.1,0.1,0.1,0.08,0.1,0.1,0.1,0.1,0.1,0.1,0.1,0.1,0.1,0.04,0.1,0.1,0.1,0.1,0.1,0.1,0.1,0.1,0.1,-0.08,0.1,0.1,0.1,0,0.1,0.1,0.1,0.1,0.1,-0.08,0.1,0.1,0.1,0.1,0.1,0.1,0.1,0.1,0.1,0,0.1,0.1,0.1,0,0.1,0.1,0.1,0.1,0.1,0,0.1,0.1,0.1,0.1,0.1,0.1,0.1,0.1,0.1,0.04,0.1,0.1,0.1,0.1,0.1,0.1,0,0
0.0000826,0.3,0.1,0.1,0.1,0.1,0.1,0.1,0.1,0.1,0.1,0.1,0.13,0.1,0.1,0.1,0.1,0.1,0.1,0.1,0.1,0.1,-0.08,0.1,0.1,0.1,0.1,0.1,0.1,0.1,0.1,0.1,0.09,0.1,0.1,0.1,0.1,0.1,0.1,0.1,0.1,0.1,0.05,0.1,0.1,0.1,0.1,0.1,0.1,0.1,0.1,0.1,-0.08,0.1,0.1,0.1,0.1,0.1,0.1,0.1,0.1,0.1,-0.08,0.1,0.1,0.1,0.1,0.1,0.1,0.1,0.1,0.1,-0.09,0.1,0.1,0.1,0.1,0.1,0.1,0.1,0.1,0.1,-0.09,0.1,0.1,0.1,0.1,0.1,0.1,0.1,0.1,0.1,0,0.1,0.1,0.1,0.1,0.1,0.1,0.1,-0.1
0.0000828,0.3,0.1,0.1,0.1,0.1,0.1,0.1,0.1,0.1,0.1,0.1,0.08,0.1,0.1,0.1,0.1,0.1,0.1,0.1,0.1,0.1,-0.18,0.1,0.1,0.1,0.1,0.1,0.1,0.1,0.1,0.1,0.08,0.1,0.1,0.1,0.1,0.1,0.1,0.1,0.1,0.1,-0.13,0.1,0.1,0.1,0.1,0.1,0.1,0.1,0.1,0.1,-0.13,0.1,0.1,0.1,0.1,0.1,0.1,0.1,0.1,0.1,-0.18,0.1,0.1,0.1,0.1,0.1,0.1,0.1,0.1,0.1,-0.13,0.1,0.1,0.1,0.1,0.1,0.1,0.1,0.1,0.1,-0.17,0.1,0.1,0.1,0.1,0.1,0.1,0.1,0.1,0.1,-0.04,0.1,0.1,0.1,0.1,0.1,0.1,0,-0.1
0.000083,0.3,0,0.1,0.1,0.1,0.1,0.1,0.1,0.1,0.1,0.1,0.04,0.1,0.1,0.1,0.2,0.1,0.1,0.1,0.1,0.1,-0.18,0.1,0.1,0.1,0.1,0.1,0.1,0.1,0.1,0.1,0.13,0.1,0.1,0.1,0.1,0.1,0.1,0.1,0.1,0.1,-0.13,0.1,0.1,0.1,0.1,0.1,0.1,0.1,0.1,0.1,-0.18,0.1,0.1,0.1,0.1,0.1,0.1,0.1,0.1,0.1,-0.18,0.1,0.1,0.1,0.1,0.1,0.1,0.1,0.1,0.1,-0.13,0.1,0.1,0.1,0.1,0.1,0.1,0.1,0.1,0.1,-0.13,0.1,0.1,0.1,0.1,0.1,0.1,0.1,0.1,0.1,-0.22,0.1,0.1,0.1,0.1,0.1,0.1,-0.1,-0.1
0.0000832,0.2,0.1,0.1,0.1,0.1,0.1,0.1,0.1,0.1,0.1,0.1,0.09,0.1,0.2,0.1,0.1,0.1,0.1,0.1,0.1,0.1,-0.13,0.1,0.1,0.1,0.1,0.1,0.1,0.1,0.1,0,0,0.1,0.1,0.1,0.1,0.1,0.1,0.1,0.1,0.1,-0.18,0.1,0.1,0.1,0.1,0.1,0.1,0.1,0.1,0.1,-0.13,0.1,0.1,0.1,0.1,0.1,0.1,0.1,0.1,0.1,-0.13,0.1,0.1,0.1,0.1,0.1,0.1,0.1,0.1,0.1,-0.18,0.1,0.1,0.1,0.1,0.1,0.1,0.1,0.1,0.1,-0.18,0.1,0.1,0.1,0.1,0.1,0.1,0.1,0.1,0.1,-0.13,0.1,0.1,0.1,0.1,0.1,0.1,0,0
0.0000834,0.2,0.1,0.1,0.1,0.1,0.1,0.1,0.1,0.1,0.1,0.1,0.08,0.1,0.1,0.1,0.1,0.1,0.1,0.1,0.1,0.1,-0.13,0.1,0.1,0.1,0.1,0.1,0.1,0.1,0.1,0.1,0.08,0.1,0.1,0.1,0.1,0.1,0.1,0.1,0.1,0.1,-0.09,0.1,0.1,0.1,0.1,0.1,0.1,0.1,0.1,0.1,-0.18,0.1,0.1,0.1,0.1,0.1,0.1,0.1,0.1,0.1,-0.13,0.1,0.1,0.1,0.1,0.1,0.1,0.1,0.1,0.1,-0.13,0.1,0.1,0.1,0.1,0.1,0.1,0.1,0.1,0.1,-0.13,0.1,0.1,0.1,0.1,0.1,0.1,0.1,0.1,0.1,-0.18,0.1,0.1,0.1,0.1,0.1,0.1,-0.1,-0.1
0.0000836,0.3,0.1,0.1,0.1,0.1,0.1,0.1,0.1,0.1,0.1,0.1,0.04,0.1,0.1,0.1,0.1,0.1,0.1,0.1,0.1,0.1,-0.13,0.1,0.1,0.1,0.1,0.1,0.1,0.1,0.1,0.1,0.13,0.1,0.1,0.1,0.1,0.1,0.1,0.1,0.1,0.1,-0.13,0.1,0.1,0.1,0.1,0.1,0.1,0.1,0.1,0.1,-0.22,0.1,0.1,0.1,0.1,0.1,0.1,0.1,0.1,0.1,-0.13,0.1,0.1,0.1,0.1,0.1,0.1,0.1,0.1,0.1,-0.18,0.1,0.1,0.1,0.1,0.1,0.1,0.1,0.1,0.1,-0.18,0.1,0,0.1,0.1,0.1,0.1,0.1,0.1,0.1,-0.18,0.1,0.1,0.1,0.1,0.1,0.1,0,-0.1
0.0000838,0.2,0.1,0.1,0.1,0.1,0.1,0.1,0.1,0.1,0.1,0.1,0.09,0.1,0.1,0.1,0.1,0.1,0.1,0.1,0.1,0.1,-0.18,0.1,0.1,0.1,0.1,0.1,0.1,0.1,0.1,0.1,0.04,0.1,0.1,0.1,0.1,0.1,0.1,0.1,0.1,0.1,-0.22,0.1,0.1,0.1,0.1,0.1,0.1,0.1,0.1,0.1,-0.13,0.1,0.1,0.1,0.1,0.1,0.1,0.1,0.1,0.1,-0.18,0.1,0.1,0.1,0.1,0.1,0.1,0.1,0.1,0.1,-0.18,0.1,0.1,0.1,0.1,0.1,0.1,0.1,0.1,0.1,-0.13,0.1,0.1,0.1,0.1,0.1,0.1,0.1,0.1,0.1,-0.22,0.1,0.1,0.1,0.1,0.1,0.1,0.1,-0.1
0.000084,0.2,0.1,0.1,0.1,0.1,0.1,0.1,0.1,0.1,0.1,0.1,0,0.1,0.1,0.1,0.1,0.1,0.1,0.1,0.1,0.1,-0.18,0.1,0.1,0.1,0.1,0.1,0.1,0.1,0.1,0.1,0.04,0.1,0.1,0.1,0.1,0.1,0.1,0.1,0.1,0.1,-0.17,0.1,0.1,0.1,0.1,0.1,0.1,0.1,0.1,0.1,-0.13,0.1,0.1,0.1,0.1,0.1,0.1,0.1,0.1,0.1,-0.13,0.1,0.1,0.1,0.1,0.1,0.1,0.1,0.1,0.1,-0.13,0.1,0.1,0.1,0,0.1,0.1,0.1,0.1,0.1,-0.13,0.1,0.1,0.1,0.1,0.1,0.1,0.1,0.1,0.1,-0.22,0.1,0.1,0.1,0.1,0.1,0.1,0.2,-0.1
0.0000842,0.2,0.1,0.1,0.1,0.1,0.1,0.1,0.1,0.1,0.1,0.1,0.13,0.1,0.1,0.1,0.1,0.1,0.1,0,0.1,0.1,-0.13,0.1,0.1,0.1,0.1,0.1,0.1,0.1,0.1,0.1,0.04,0.1,0.1,0.1,0.1,0.1,0.1,0.1,0.1,0.1,-0.18,0,0.1,0.1,0.1,0.1,0.1,0.1,0.1,0.1,-0.18,0.1,0.1,0.1,0.1,0.1,0.1,0.1,0.1,0.1,-0.13,0.1,0.1,0.1,0.1,0.1,0.1,0.1,0.1,0.1,-0.18,0.1,0.1,0.1,0.1,0,0.1,0.1,0.1,0.1,-0.22,0.1,0.1,0.1,0.1,0.1,0.1,0.1,0.1,0.1,-0.18,0.1,0.1,0.1,0.1,0.1,0.1,0.2,0
0.0000844,0.3,0.1,0.1,0.1,0.1,0.1,0.1,0.1,0.1,0.1,0.1,0.09,0.1,0.1,0.1,0,0.1,0.1,0.1,0.1,0.1,-0.13,0.1,0.1,0.1,0.1,0.1,0.1,0.1,0.1,0.1,0.04,0.1,0.1,0.1,0.1,0.1,0.1,0.1,0.1,0.1,-0.18,0.1,0.1,0,0.1,0.1,0.1,0.1,0.1,0.1,-0.18,0.1,0.1,0.1,0.1,0.1,0.1,0.1,0.1,0.1,-0.22,0.1,0.1,0.1,0.1,0.1,0.1,0.1,0.1,0.1,-0.13,0,0.1,0.1,0.1,0.1,0.1,0.1,0.1,0.1,-0.18,0.1,0.1,0.1,0.1,0.1,0.1,0.1,0.1,0.1,-0.17,0.1,0.1,0.1,0.1,0.1,0.1,0.2,-0.1
0.0000846,0.2,0.1,0.1,0.1,0.1,0.1,0.1,0.1,0.1,0.1,0.1,0.09,0.1,0.1,0.1,0.1,0.1,0.1,0.1,0.1,0.1,-0.04,0.1,0.1,0.1,0.1,0.1,0.1,0.1,0.1,0.1,0.04,0.1,0.1,0.1,0.1,0.1,0.1,0.1,0.1,0.1,-0.13,0.1,0.1,0.1,0.1,0.1,0.1,0.1,0.1,0.1,-0.13,0.1,0.1,0.1,0.1,0.1,0.1,0.1,0.1,0.1,-0.13,0,0.1,0.1,0.1,0.1,0.1,0.1,0.1,0.1,-0.18,0.1,0.1,0.1,0.1,0.1,0.1,0.1,0.1,0.1,-0.18,0.1,0.1,0.1,0.1,0.1,0.1,0.1,0.1,0.1,-0.22,0.1,0.1,0.1,0.1,0.1,0.1,0.1,-0.1
0.0000848,0.3,0.1,0.1,0.1,0.1,0.1,0.1,0.1,0.1,0.1,0.1,0.09,0.1,0.1,0.2,0.1,0.1,0.1,0.1,0.1,0.1,0,0.1,0.1,0.1,0.1,0.1,0.1,0.1,0.1,0.1,0.13,0.1,0.1,0.1,0.1,0.1,0.1,0.1,0.1,0.1,-0.13,0.1,0.1,0.1,0.1,0.1,0.1,0.1,0.1,0.1,-0.13,0.1,0.1,0.1,0.1,0.1,0.1,0.1,0.1,0.1,-0.18,0.1,0.1,0.1,0.1,0.1,0.1,0.1,0.1,0.1,-0.18,0.1,0.1,0.1,0.1,0.1,0.1,0.1,0.1,0.1,-0.13,0.1,0.1,0.1,0.1,0.1,0.1,0.1,0.1,0.1,-0.13,0.1,0.1,0.1,0.1,0.1,0.1,0.1,-0.1
0.000085,0.3,0.1,0.1,0.1,0.1,0.1,0.1,0.1,0.1,0.1,0.1,0.09,0.1,0.1,0.1,0.1,0.1,0.1,0.1,0.1,0.1,-0.05,0.1,0.1,0.1,0.1,0.1,0.1,0.1,0.1,0.1,0.04,0.1,0.1,0.1,0.1,0.1,0.1,0.1,0.1,0.1,-0.17,0.1,0.1,0.1,0.1,0.1,0.1,0.1,0.1,0.1,-0.13,0.1,0.1,0.1,0.1,0.1,0.1,0.1,0.1,0.1,-0.18,0.1,0.1,0.1,0.1,0.1,0.1,0.1,0.1,0.1,-0.08,0.1,0.1,0.1,0.1,0.1,0.1,0.1,0.1,0.1,-0.18,0.1,0.1,0.1,0.1,0.1,0.1,0.1,0.1,0.1,-0.18,0.1,0.1,0.1,0,0.1,0.1,0.1,0
0.0000852,0.3,0.1,0.1,0.1,0.1,0.1,0.1,0.1,0.1,0.1,0.1,0.08,0.1,0.1,0.1,0.1,0.1,0.1,0.1,0.1,0.1,0.09,0.1,0.1,0.1,0.1,0.1,0.1,0.1,0.1,0.1,0.08,0.1,0.1,0.1,0.1,0.1,0.1,0.1,0.1,0.1,-0.18,0.1,0.1,0.1,0.1,0.1,0.1,0.1,0.1,0.1,-0.05,0.1,0.1,0.1,0.1,0.1,0.1,0.1,0.1,0.1,-0.08,0.1,0.1,0.1,0.1,0.1,0.1,0.1,0.1,0.1,-0.18,0.1,0.1,0.1,0.1,0.1,0.1,0.1,0.1,0.1,-0.18,0.1,0.1,0.1,0.1,0.1,0.1,0.1,0.1,0.1,-0.18,0.1,0.1,0.1,0.1,0.1,0.1,0.1,-0.1
0.0000854,0.3,0.1,0.1,0.1,0.1,0.1,0.1,0.1,0.1,0.1,0.1,0.04,0.1,0.1,0.1,0.1,0.1,0.1,0.1,0.1,0.1,0.08,0.1,0.1,0.1,0.1,0.1,0.1,0.1,0.1,0.1,0.12,0.1,0.1,0.1,0.1,0.1,0.1,0.1,0.1,0.1,-0.08,0.1,0.1,0.1,0.1,0.1,0.1,0,0.1,0.1,0,0.1,0.1,0.1,0.1,0.1,0.1,0.1,0.1,0.1,-0.09,0.1,0.1,0.1,0.1,0.1,0.1,0.1,0.1,0.1,-0.18,0.1,0.1,0.1,0.1,0.1,0.1,0.1,0.1,0.1,-0.18,0.1,0.1,0.1,0.1,0.1,0.1,0.1,0.1,0.1,-0.18,0.1,0.1,0.1,0.1,0.1,0.1,0.1,-0.1
0.0000856,0.2,0.1,0.1,0.1,0,0.2,0.1,0.1,0.1,0.1,0.1,0.08,0.1,0.1,0.1,0.1,0.1,0.1,0.1,0.1,0.1,0.04,0.1,0.1,0.1,0.1,0.1,0.1,0.1,0.1,0.1,0.08,0.1,0.1,0.1,0.2,0.1,0.1,0.1,0.1,0.1,-0.18,0.1,0.1,0,0.1,0.1,0.1,0.1,0.1,0.1,0.04,0.1,0.1,0.1,0.1,0.1,0.1,0.1,0.1,0.1,0.05,0.1,0.1,0.2,0.1,0.1,0.1,0.1,0.1,0.1,-0.18,0.1,0.1,0.1,0.1,0.1,0.1,0.1,0.1,0.1,-0.18,0.1,0.1,0.1,0.1,0.1,0.1,0.1,0.1,0.1,-0.18,0.1,0.1,0.1,0.1,0.1,0.1,0.1,-0.1
0.0000858,0.2,0.1,0,0.1,0.1,0.1,0.1,0.1,0.1,0.1,0.1,0.17,0.1,0.1,0.1,0.1,0.1,0.1,0.1,0.1,0.1,0.04,0.1,0.1,0.1,0.1,0.1,0.1,0.1,0.1,0.1,0.26,0.1,0.1,0.1,0.1,0.1,0.1,0.1,0.1,0.1,-0.13,0.1,0.1,0.1,0.1,0.1,0.1,0.1,0.1,0.1,0,0.1,0.1,0.1,0.1,0.1,0.1,0.1,0.1,0.1,0.05,0,0,0.1,0.1,0.1,0.1,0.1,0.1,0.1,-0.09,0.1,0.1,0.1,0.1,0.1,0.1,0.1,0.1,0.1,-0.05,0.1,0.1,0.1,0.1,0.1,0.1,0.1,0.1,0.1,-0.22,0.1,0.1,0.1,0.1,0.1,0.1,0,-0.1
0.000086,0.2,0.1,0.1,0.1,0.1,0.1,0.1,0.1,0.1,0.1,0.1,0.08,0.1,0.1,0.1,0.1,0.1,0.1,0.1,0.1,0.1,0.04,0.1,0.1,0.1,0.1,0.1,0.1,0.1,0.1,0.1,0.3,0,0.1,0.1,0.1,0.1,0.1,0.1,0.1,0.1,-0.09,0.1,0.1,0.1,0.1,0.1,0.1,0.1,0.1,0.1,0.04,0.1,0.1,0.1,0.1,0.1,0.1,0.1,0.1,0.2,0.04,0.1,0.1,0.1,0.1,0.1,0.1,0.1,0.1,0.1,0,0.1,0.1,0.1,0.1,0.1,0.1,0.1,0.1,0.1,0.09,0.1,0.1,0.1,0.1,0.1,0.1,0.1,0.1,0.1,-0.09,0.1,0.1,0.1,0.1,0.1,0.1,0,0
0.0000862,0.1,0.1,0,0.1,0.1,0.2,0.1,0.1,0.1,0.1,0.1,0.21,0.1,0.1,0.1,0.1,0.1,0.1,0.1,0,0.1,0.08,0.1,0.1,0.1,0.1,0.1,0.1,0.1,0.1,0.1,0.34,0.1,0.1,0.1,0.1,0.1,0.1,0.1,0.1,0.1,-0.05,0.1,0.1,0.1,0.1,0.1,0.1,0.1,0.1,0.1,0.08,0.1,0.1,0.1,0.1,0.1,0.1,0.1,0.1,0.1,0,0.1,0.1,0.2,0.1,0.1,0.1,0.1,0.1,0.1,0.04,0.1,0.1,0.1,0.1,0.1,0.1,0,0.1,0.1,0.04,0.1,0.1,0.1,0.1,0.1,0.1,0.1,0.1,0.1,0.09,0.1,0.1,0.1,0.1,0.1,0.1,0,-0.1
0.0000864,0.2,0.1,0.1,0.1,0.1,0.1,0.1,0.1,0.1,0.1,0.1,0.33,0.1,0.1,0.1,0.1,0.1,0.1,0.1,0.1,0.1,0.04,0.1,0.1,0.1,0.1,0.1,0.1,0.1,0.1,0.1,0.43,0.1,0.1,0.1,0.1,0.2,0.1,0.1,0.1,0.1,0.05,0.1,0.1,0.1,0.1,0.1,0.1,0.1,0.1,0.1,0.04,0.1,0.1,0.1,0.1,0.1,0.1,0.1,0.1,0.1,0.04,0.1,0.1,0.1,0.1,0.1,0.1,0.1,0.1,0.1,0.09,0.1,0.1,0.1,0.1,0.1,0.1,0.1,0.1,0.1,0.05,0.1,0.1,0.1,0.1,0.1,0.1,0.1,0.1,0.1,0.05,0.1,0.1,0.1,0.1,0.1,0.1,0,-0.1
0.0000866,0.2,0.1,0.1,0.1,0.1,0.1,0.1,0.1,0.1,0.1,0,0.38,0.1,0.1,0.1,0.1,0.1,0.1,0.1,0.1,0.1,0.04,0.1,0.1,0.1,0.1,0.1,0.1,0.1,0.1,0.1,0.41,0.1,0.1,0.1,0.1,0.1,0.1,0.1,0.1,0.1,0.08,0.1,0.1,0.1,0.1,0.1,0.1,0.1,0.1,0.1,0.08,0.1,0.1,0.1,0.1,0.1,0.1,0.1,0.1,0.1,0.04,0.1,0.1,0.1,0.1,0.1,0.1,0.1,0.1,0.1,0.09,0.1,0.1,0.1,0.1,0.1,0.1,0.1,0.1,0.1,0.04,0.1,0.1,0.1,0.1,0.1,0.1,0.1,0.1,0.1,0.13,0.1,0.1,0.1,0.1,0.1,0.1,0.1,-0.1
0.0000868,0.2,0.1,0.1,0.1,0,0.1,0.1,0.1,0.1,0.1,0.1,0.37,0.1,0.1,0.1,0.1,0.1,0.1,0.1,0.1,0.1,0.08,0.1,0.1,0.1,0.1,0.1,0.1,0.1,0.1,0.1,0.41,0.1,0.1,0.1,0.1,0.1,0.1,0.1,0.1,0.1,0.04,0.1,0.1,0.1,0.1,0.1,0.1,0.1,0.1,0.1,0.13,0.1,0.1,0.1,0.1,0.1,0.1,0.1,0.1,0.1,0.04,0.1,0.1,0.1,0.1,0.1,0.1,0.1,0.1,0.1,0.04,0.1,0.1,0.1,0.1,0.1,0.1,0.1,0.1,0.1,0.04,0.1,0.1,0.1,0.1,0.1,0.1,0.1,0.1,0.1,0.09,0.1,0.1,0.1,0.1,0.1,0.1,-0.1,0
0.000087,0.2,0.1,0.1,0.1,0.1,0.1,0.1,0.1,0.1,0.1,0.1,0.37,0.1,0.1,0.1,0.1,0.1,0.1,0.1,0.1,0.1,0.08,0.1,0.1,0.1,0.1,0.1,0.1,0.1,0.1,0.1,0.46,0.1,0.1,0.1,0.1,0.1,0.1,0.1,0.1,0.1,0.13,0.1,0.1,0.1,0.1,0.1,0.1,0.1,0.1,0.1,0.13,0.1,0.1,0.1,0.1,0.1,0.1,0.1,0.1,0.1,0.04,0.1,0.1,0.1,0.1,0.1,0.1,0.1,0.1,0.1,0.08,0.1,0.1,0.1,0.1,0.1,0.1,0.1,0.1,0.1,0.08,0.1,0.1,0.1,0.1,0.1,0.1,0.1,0.1,0.1,0.04,0.1,0.1,0.1,0.1,0.1,0.1,0,0
0.0000872,0.1,0.1,0.1,0.1,0.1,0.1,0.1,0.1,0.1,0.1,0.1,0.49,0.1,0.1,0.1,0.1,0.1,0.1,0.1,0.1,0.1,0.04,0.1,0.1,0.1,0.1,0.1,0.1,0.1,0.1,0.1,0.4,0.1,0.1,0.1,0.1,0.1,0.1,0.1,0.1,0.1,0.09,0.1,0.1,0.1,0.1,0.1,0.1,0.1,0.1,0.1,0.13,0.1,0.1,0.1,0.1,0.1,0.1,0.1,0.1,0.1,0,0.1,0.1,0.1,0.1,0.1,0.1,0.1,0.1,0.1,0.09,0.1,0.1,0.1,0.1,0.1,0.1,0.1,0.1,0.1,0.09,0.1,0.1,0.1,0.1,0.1,0.1,0.1,0.1,0.1,0.04,0.1,0.1,0.1,0.1,0.1,0.1,-0.1,0
0.0000874,0.2,0,0.1,0.1,0.1,0.1,0.2,0.1,0.1,0.1,0.1,0.44,0.1,0.1,0.1,0.1,0.1,0.1,0.1,0.1,0.1,0.08,0.1,0.1,0.1,0.1,0.1,0.1,0.1,0.1,0.1,0.49,0.1,0.1,0.1,0.1,0.1,0.1,0.1,0.1,0.1,0.04,0.1,0.1,0.1,0.1,0.1,0.1,0.1,0.1,0.1,0,0.1,0.1,0.1,0.1,0.1,0.1,0.1,0.1,0.1,0,0.1,0.1,0.1,0.1,0.1,0.1,0.1,0.1,0.1,0.09,0.1,0.1,0.1,0.1,0.1,0.1,0.1,0.1,0.1,0.13,0.1,0.1,0.1,0.1,0.1,0.1,0.1,0.1,0.1,0.04,0.1,0.1,0.1,0,0.1,0.1,0,-0.1
0.0000876,0.1,0.1,0,0.1,0.1,0.1,0.1,0.1,0.1,0.1,0.1,0.48,0.1,0.1,0.1,0.1,0.1,0.1,0.1,0.1,0.1,0,0.1,0.1,0.1,0.1,0.1,0.1,0.1,0.1,0.1,0.53,0.1,0.1,0.1,0.1,0.1,0.1,0.1,0.1,0.1,0.09,0.1,0.1,0.1,0.1,0.1,0.1,0.1,0.1,0.1,0,0.1,0.1,0.1,0.1,0.1,0.1,0.1,0.1,0.1,0.04,0.1,0.1,0.1,0.1,0.1,0.1,0.1,0.1,0.1,0.08,0.1,0.1,0.1,0.1,0.1,0.1,0.1,0.1,0.1,0.04,0.1,0.1,0.1,0.1,0.1,0.1,0.1,0.1,0.1,0.04,0.1,0.1,0.1,0.1,0.1,0.1,-0.1,-0.1
0.0000878,0.1,0.1,0.1,0.1,0.1,0.1,0.1,0.1,0.1,0,0.1,0.53,0.1,0.1,0.1,0.1,0.1,0,0.1,0.1,0.1,0.04,0.1,0.1,0.1,0.1,0.1,0.1,0.1,0.1,0.1,0.49,0.1,0.1,0.1,0.1,0.1,0.1,0.1,0.1,0.1,0.08,0.1,0.1,0.1,0.1,0.1,0.1,0.1,0.1,0.1,0.13,0.1,0.1,0.1,0.1,0.1,0.1,0.1,0.1,0.1,0.13,0.1,0.1,0.1,0.1,0.1,0.1,0.1,0.1,0.1,0.08,0.1,0.1,0.1,0.1,0.1,0.1,0.1,0.1,0.1,0.04,0.1,0.1,0.1,0.1,0.1,0.1,0.1,0.1,0.1,0.13,0.1,0.1,0.1,0.1,0.1,0.1,-0.1,-0.1
0.000088,0.2,0.1,0.1,0.1,0.1,0.1,0.1,0.1,0.1,0.1,0.1,0.45,0.1,0.1,0.1,0.1,0.1,0.1,0.1,0.1,0.1,0.08,0.1,0.1,0.1,0.1,0.1,0.1,0.1,0.1,0.1,0.56,0.1,0.1,0.1,0.1,0.1,0.1,0.1,0.1,0.1,0.04,0.1,0.1,0.1,0.1,0.1,0.1,0.1,0.1,0.1,0.08,0.1,0.1,0.1,0.1,0.1,0.1,0.1,0.1,0.1,0.08,0.1,0.1,0.1,0.1,0.1,0.1,0.1,0.1,0.1,0.04,0.1,0.1,0.1,0.1,0.1,0.1,0.1,0.1,0.1,0.04,0.1,0.1,0.1,0.1,0.1,0.1,0.1,0.1,0.1,0.04,0.1,0.1,0.1,0.1,0.1,0.1,0,-0.1
0.0000882,0.1,0.1,0.1,0.1,0.1,0.1,0.1,0.1,0.1,0.1,0.1,0.55,0.1,0.1,0.1,0.1,0.1,0.1,0.1,0.1,0.1,0.08,0.1,0.1,0.1,0.1,0.1,0.1,0.1,0.1,0.1,0.43,0.1,0.1,0.1,0.1,0.1,0.1,0.1,0.1,0.1,0.04,0.1,0.1,0.1,0.1,0.1,0.1,0.1,0.1,0.1,0.04,0.1,0.1,0.1,0.1,0.1,0.1,0.1,0.1,0.1,0.04,0.1,0.1,0.1,0.1,0.1,0.1,0.1,0.1,0.1,0.08,0.1,0.1,0.1,0.1,0.1,0.1,0.1,0.1,0.1,0.04,0.1,0.1,0.1,0.1,0.1,0.1,0.1,0.1,0.1,0.13,0.1,0.1,0.1,0.1,0.1,0.1,-0.1,-0.1
0.0000884,0,0.1,0.1,0.1,0.1,0.1,0.1,0.1,0.1,0.1,0.1,0.51,0.1,0.1,0.1,0.1,0.1,0.1,0.1,0.1,0.1,0.04,0.1,0.1,0.1,0.1,0.1,0.1,0.1,0.1,0.1,0.49,0.1,0.1,0.1,0.1,0.1,0.1,0.1,0.1,0.1,0.08,0.1,0.1,0.1,0.1,0.1,0.1,0.1,0.1,0.1,0.09,0.1,0.1,0.1,0.1,0.1,0.1,0.1,0.1,0.1,0.04,0.1,0.1,0.1,0.1,0.1,0.1,0.1,0.1,0.1,0.13,0.1,0.1,0.1,0.1,0.1,0.1,0.1,0.1,0.1,0.04,0.1,0.1,0.1,0.1,0.1,0.1,0.1,0.1,0.1,0.08,0.1,0.1,0.1,0.1,0.1,0.1,0,-0.1
0.0000886,0.1,0.1,0.1,0.1,0.1,0.1,0.1,0.1,0.1,0.1,0.1,0.47,0.1,0.1,0.1,0.1,0.1,0.1,0.1,0.1,0.1,0.09,0.1,0.1,0.1,0.1,0.1,0.1,0.1,0.1,0.1,0.4,0.1,0.1,0.1,0.1,0.1,0.1,0.1,0.1,0.1,0.04,0.1,0.1,0.1,0.1,0.1,0.1,0.1,0.1,0.1,0.09,0.1,0.1,0.1,0.1,0.1,0.1,0.1,0.1,0.1,-0.01,0.1,0.1,0.1,0.1,0.1,0.1,0.1,0,0.1,0.08,0.1,0.1,0.1,0.1,0.1,0.1,0.1,0.1,0.1,0.13,0.1,0.1,0.1,0.1,0.1,0.1,0.1,0.1,0.1,0.04,0.1,0.1,0.1,0.1,0.1,0.1,0,-0.1
0.0000888,0.1,0.1,0.1,0.1,0.1,0.1,0.1,0.1,0.1,0.1,0.1,0.44,0.2,0.1,0.1,0.1,0.1,0.1,0.1,0.1,0.1,0.04,0.1,0.1,0.1,0.1,0.1,0.1,0.1,0.1,0.1,0.5,0.1,0.1,0.1,0.1,0.1,0.1,0.1,0.1,0.1,0.08,0.1,0.1,0.1,0.1,0.1,0.1,0.1,0.1,0.1,0.04,0.1,0.1,0.1,0.1,0.1,0.1,0.1,0.1,0.1,0.04,0.1,0.1,0.1,0.1,0.1,0.1,0.1,0.1,0.1,-0.01,0.1,0.1,0.1,0.1,0.1,0.1,0.1,0.1,0.1,0.13,0.1,0.1,0.1,0.1,0.1,0.1,0.1,0.1,0.1,0.08,0.1,0.1,0.1,0.1,0.1,0.1,0,0
0.000089,0.1,0.1,0.1,0.1,0.1,0.1,0.1,0.1,0.1,0.1,0.1,0.5,0.1,0.1,0.1,0.1,0,0.1,0.1,0.1,0.1,0.13,0.1,0.1,0.1,0.1,0.1,0.1,0.1,0.1,0.1,0.4,0.1,0.1,0.1,0.1,0.1,0.1,0.1,0.1,0.1,0.09,0.1,0.1,0.1,0.1,0.1,0.1,0.1,0.1,0.1,0.09,0.1,0.1,0.1,0.2,0.1,0.1,0.1,0.1,0.1,0.04,0.1,0.1,0.1,0.1,0.1,0.1,0.1,0.1,0.1,0.04,0.1,0.1,0.1,0.1,0.1,0.1,0.1,0.1,0.1,0.08,0.1,0.1,0.1,0.1,0.1,0.1,0.1,0.1,0.1,0.04,0.1,0.1,0.1,0.1,0.1,0.1,0,0
0.0000892,0.1,0.1,0.1,0.1,0.1,0.1,0.1,0.1,0.1,0.1,0.1,0.4,0.1,0.1,0.1,0.1,0.1,0.1,0.1,0.1,0.1,0.17,0.1,0.1,0.1,0.1,0.1,0.1,0.1,0.1,0.1,0.4,0.1,0.1,0.1,0.1,0.1,0.1,0.1,0.1,0.1,0.13,0.1,0.1,0.1,0.1,0.1,0.1,0.1,0.1,0.1,0.04,0,0.1,0.1,0.1,0.1,0.1,0.1,0.1,0.1,0.17,0.1,0.1,0.1,0.1,0.1,0.1,0.1,0.1,0.1,0.04,0.1,0.1,0.1,0.1,0.1,0.1,0.1,0.1,0.1,0.04,0.1,0.1,0.1,0.1,0.1,0.1,0.1,0.1,0.1,0.13,0.1,0.1,0.1,0.1,0.1,0.1,0,-0.1
0.0000894,0.1,0.1,0.1,0.1,0.1,0.1,0.1,0.1,0.1,0.1,0.1,0.5,0.1,0.1,0.1,0.1,0.1,0.1,0.1,0.1,0.1,0.08,0.1,0.1,0.1,0.1,0.1,0.1,0.1,0.1,0.1,0.5,0.1,0.1,0.1,0.1,0.1,0.1,0.1,0.1,0.1,0.04,0.1,0.1,0.1,0.1,0.1,0.1,0.1,0.1,0.1,0.09,0.1,0.1,0.1,0.1,0.1,0.1,0.1,0.1,0.1,0.09,0.1,0.1,0.1,0.1,0.1,0.1,0.1,0.1,0.1,0.04,0.1,0.1,0.1,0.1,0.1,0.1,0.1,0.1,0.1,0.09,0.1,0.1,0.1,0.1,0.1,0.1,0.1,0.1,0.1,0.04,0.1,0.1,0.1,0.1,0.1,0.1,0,0
0.0000896,0.1,0.1,0.1,0.1,0.1,0.1,0.1,0.1,0.1,0.1,0.1,0.5,0.1,0.1,0.1,0.1,0.1,0.1,0.1,0.1,0.1,0.12,0.1,0.1,0.1,0.1,0.1,0.1,0.1,0.1,0.1,0.4,0.1,0.1,0.1,0.1,0.1,0.1,0.1,0.1,0.1,0.09,0.1,0.1,0.1,0.1,0.1,0.1,0.1,0.1,0.1,0.09,0.1,0.1,0.1,0.1,0.1,0.1,0.1,0.1,0.1,0.09,0.1,0.1,0.1,0.1,0.1,0.1,0.1,0.1,0.1,-0.01,0.1,0.1,0.1,0.1,0.1,0.1,0.1,0.1,0.1,0.04,0.1,0.1,0,0.1,0.1,0.1,0.1,0.1,0.1,0.13,0.1,0.1,0.1,0.1,0.1,0.1,-0.1,-0.1
0.0000898,0.1,0.1,0.1,0.1,0.1,0.1,0.1,0.1,0.1,0.1,0.1,0.5,0.1,0.1,0.1,0.1,0.1,0.1,0.1,0.1,0.1,0.03,0.1,0.1,0.1,0.1,0.1,0.1,0.1,0.1,0.1,0.4,0.1,0.1,0.1,0.1,0.1,0.1,0.1,0.1,0.1,0.09,0.1,0.1,0.1,0.1,0.1,0.1,0.1,0.1,0.1,0.04,0.1,0.1,0.1,0.1,0.1,0.1,0.1,0.1,0.1,0.09,0.1,0.1,0.1,0.1,0.1,0.1,0.1,0.1,0.1,0.09,0.1,0.1,0.1,0.1,0.1,0.1,0.1,0.1,0.1,-0.01,0.1,0.1,0.1,0.1,0.1,0.1,0.1,0.1,0.1,0.09,0.1,0.1,0.1,0.1,0.1,0.1,0,0
0.00009,0.2,0.1,0.1,0.1,0.1,0.1,0.1,0.1,0.1,0.1,0.1,0.4,0.1,0.1,0.1,0.1,0.1,0.1,0.1,0.1,0.1,0.16,0.1,0.1,0.1,0.1,0.1,0.1,0.1,0.1,0.1,0.5,0.1,0.1,0.1,0.1,0.1,0.1,0.1,0.1,0.1,0.09,0.1,0.1,0.1,0.1,0.1,0.1,0.1,0.1,0.1,0.12,0.1,0.1,0.1,0.1,0.1,0.1,0.1,0.1,0.1,0.04,0.1,0.1,0.1,0.1,0.1,0.1,0.1,0.1,0.1,0.09,0.1,0.1,0.1,0.1,0.1,0.1,0.1,0.1,0.1,-0.01,0.1,0.1,0.1,0.1,0.1,0.1,0.1,0.1,0.1,0.09,0.1,0.1,0.1,0.1,0.1,0,-0.1,0
0.0000902,0.1,0.1,0.1,0.1,0.1,0.1,0.1,0.1,0.1,0.1,0.1,0.5,0.1,0.1,0.1,0.1,0.1,0.1,0.1,0.1,0.1,0.25,0.1,0.1,0.1,0.1,0.1,0.1,0.1,0.1,0.1,0.4,0.1,0.1,0.1,0.1,0.1,0.1,0.1,0.1,0.1,0.09,0.1,0.1,0.2,0.1,0.1,0.1,0.1,0.1,0.1,0.12,0.1,0.1,0.1,0.1,0.1,0.1,0.1,0.1,0.1,0.09,0.1,0.1,0.1,0.1,0.1,0.1,0.1,0.1,0.1,0.09,0.1,0.1,0.1,0.1,0.1,0.1,0.1,0.1,0.1,0.09,0.1,0.1,0.1,0.1,0.1,0.1,0.1,0.1,0.1,0.04,0.1,0.1,0.1,0.1,0.1,0.1,0.1,-0.1
0.0000904,0.1,0.1,0.1,0.1,0.1,0,0.1,0.1,0.1,0.1,0.1,0.5,0.1,0.1,0.1,0.1,0,0.1,0.1,0.1,0.1,0.33,0.1,0.1,0.1,0.1,0.1,0.1,0.1,0.1,0.1,0.4,0.1,0.1,0.1,0.1,0.1,0.1,0.1,0.1,0.1,0.04,0.1,0.1,0.1,0.1,0.1,0.1,0.1,0.1,0.1,0.17,0.1,0.1,0.1,0.1,0.1,0.1,0.1,0.1,0.1,0.04,0.1,0.1,0.1,0.1,0.1,0.1,0.1,0.1,0.1,0.17,0.1,0.1,0.1,0.1,0.1,0.1,0,0.1,0.1,0.09,0.1,0.1,0.1,0.1,0.1,0.1,0.1,0.1,0.1,0.08,0.1,0.1,0.1,0.1,0.1,0.2,-0.1,-0.1
0.0000906,0.1,0.1,0.1,0.1,0.1,0.1,0.1,0,0.1,0.1,0.1,0.5,0.1,0.1,0.1,0.1,0.1,0.1,0.1,0.1,0.1,0.33,0.1,0.1,0.1,0.1,0.1,0.1,0.1,0.1,0.1,0.5,0.1,0.1,0.1,0.1,0.1,0.1,0.1,0,0.1,0.08,0.1,0.1,0.1,0.1,0.1,0.1,0.1,0.1,0.1,0.21,0.1,0.1,0.1,0.1,0.1,0.1,0.1,0.1,0.1,0.08,0.1,0.1,0.1,0.1,0,0.1,0.1,0.1,0.1,0.08,0.1,0.1,0.1,0.1,0.1,0.1,0.1,0.1,0.1,0.09,0.1,0.1,0.1,0.1,0.1,0.1,0.1,0.1,0.1,0.12,0.1,0.1,0.1,0.1,0.1,0.1,0,-0.1
0.0000908,0.1,0.1,0.1,0.1,0.1,0.1,0.1,0.1,0.1,0.1,0.1,0.5,0.1,0.1,0.1,0,0.1,0.1,0.1,0.1,0.1,0.46,0.1,0.1,0.1,0.1,0.1,0.1,0.1,0.1,0.1,0.5,0.1,0.1,0.1,0.1,0.1,0.1,0.1,0.1,0.1,0.08,0.1,0.1,0.1,0.1,0.1,0.1,0.1,0.1,0.1,0.3,0.1,0.1,0.1,0.1,0.1,0.1,0.1,0.1,0.1,0.12,0.1,0.1,0.1,0.1,0.1,0.1,0.1,0.1,0.1,0.04,0.1,0.1,0.1,0.1,0.1,0.1,0.1,0.1,0.1,0.08,0.1,0,0.1,0.1,0.1,0.1,0.1,0.1,0.1,0.09,0.1,0.1,0.1,0.1,0.1,0.1,-0.1,-0.1
0.000091,0.1,0.1,0.1,0.1,0.1,0.1,0.1,0.1,0.1,0.1,0.1,0.4,0.1,0.1,0.1,0.1,0.1,0.1,0.1,0.1,0.1,0.41,0.1,0.1,0.1,0.1,0.1,0.1,0.1,0.1,0.1,0.4,0.1,0.1,0.1,0.1,0.1,0.1,0.1,0.1,0.1,0,0.1,0.1,0.1,0.1,0.1,0.1,0.1,0.1,0.1,0.25,0.1,0.1,0.1,0.1,0.1,0.1,0.1,0.1,0.1,0.12,0.1,0.1,0.1,0.1,0.1,0.1,0.1,0.1,0.1,0.08,0.1,0.1,0.1,0.1,0.1,0.1,0.1,0.1,0.1,0.08,0.1,0.1,0.1,0.1,0.1,0.1,0.1,0.1,0.1,0.04,0.1,0.1,0.1,0.1,0.1,0.1,0,0
0.0000912,0.1,0.1,0.1,0,0.1,0.2,0.1,0.1,0.1,0.1,0.1,0.5,0.1,0.1,0.1,0.1,0.1,0.1,0.1,0.1,0.1,0.4,0.1,0.1,0.1,0.1,0.1,0.1,0.1,0.1,0.1,0.4,0.1,0.1,0.1,0.1,0.1,0.1,0.1,0.1,0.1,0.12,0.1,0.1,0.1,0.1,0.1,0.1,0.1,0.1,0.1,0.38,0.1,0.1,0.1,0.1,0.1,0.1,0.1,0.1,0.1,0.25,0.1,0.1,0.1,0.1,0.1,0.1,0.1,0.1,0.1,0.08,0.1,0.1,0.1,0.1,0.1,0.1,0.1,0.1,0.1,0.08,0.1,0.1,0.1,0.1,0.1,0.1,0.1,0.1,0.1,0.13,0.1,0.1,0.1,0.1,0.1,0.1,-0.1,0
0.0000914,0,0.1,0.1,0.1,0.1,0.1,0.1,0.1,0.1,0.1,0.1,0.4,0.1,0.1,0.1,0.1,0.1,0.1,0.1,0.1,0.1,0.49,0.1,0.1,0.1,0.1,0.1,0.1,0.1,0.1,0.1,0.4,0.1,0.1,0.1,0.1,0.1,0.1,0.1,0.1,0.1,0.13,0.1,0.1,0.1,0.1,0.1,0.1,0.1,0.1,0.1,0.32,0.1,0.1,0.1,0.1,0.1,0.1,0.1,0.1,0.1,0.2,0.1,0.1,0.1,0.1,0.1,0.1,0.1,0.1,0.1,0.04,0.1,0.1,0.1,0.1,0.1,0.1,0.1,0.1,0.1,0.08,0.1,0.1,0.1,0.1,0.1,0.1,0.1,0.1,0.1,0.12,0.1,0.1,0.1,0.1,0.1,0.1,0,0
0.0000916,0,0.1,0.1,0.1,0.1,0.1,0.1,0.1,0.1,0.1,0.1,0.3,0.1,0.1,0.1,0.1,0.1,0.1,0.1,0.1,0.1,0.44,0.1,0.1,0.1,0.1,0.1,0.1,0.1,0.1,0.1,0.3,0.1,0.1,0.1,0.1,0.1,0.1,0.1,0.1,0.1,0.25,0.1,0.1,0.1,0.1,0.1,0.1,0.1,0.1,0.1,0.41,0.1,0.1,0.1,0.1,0.1,0.1,0.1,0.1,0.1,0.2,0.1,0.1,0.1,0.1,0.1,0.1,0.1,0.1,0.1,-0.01,0.1,0.1,0.1,0.1,0.1,0.1,0.1,0.1,0.1,-0.01,0.1,0.1,0.1,0.1,0.1,0.1,0.1,0.1,0.1,0.17,0.1,0.1,0.1,0.1,0.1,0.1,-0.1,0
0.0000918,0.1,0.1,0.1,0.1,0.1,0.1,0.1,0.1,0.1,0.1,0.1,0.4,0.1,0.1,0.1,0.1,0.1,0.1,0.1,0.1,0.1,0.48,0.1,0.1,0.1,0.1,0.1,0.1,0.1,0.1,0.1,0.4,0.1,0.1,0.1,0.1,0.1,0.1,0.1,0,0.1,0.25,0.1,0.1,0.1,0.1,0.1,0.1,0.1,0.1,0.1,0.36,0.1,0,0.1,0.1,0.1,0.1,0.1,0.1,0.1,0.15,0.1,0.1,0.1,0,0.1,0.1,0.1,0.1,0.1,-0.06,0.1,0.1,0.1,0.1,0.1,0.1,0.1,0.1,0.1,-0.01,0.1,0.1,0.1,0.1,0.1,0.1,0.1,0.1,0.1,0.16,0.1,0.1,0.1,0.1,0.1,0.1,0,0
0.000092,0.1,0.1,0.1,0.1,0.1,0.1,0.1,0.1,0.1,0.1,0.1,0.5,0.1,0.1,0.1,0.1,0.1,0.1,0.1,0.1,0.1,0.44,0.1,0.1,0.1,0.1,0.1,0.1,0.1,0.1,0.1,0.4,0.1,0.1,0.1,0.1,0.1,0.1,0.1,0.1,0.1,0.42,0.1,0.1,0.1,0.1,0.1,0.1,0.1,0.1,0,0.4,0.1,0.1,0.1,0.1,0.1,0.1,0.1,0.1,0.1,0.19,0.1,0.1,0.1,0.1,0.1,0.1,0.1,0.1,0.1,-0.1,0.1,0.1,0.1,0.1,0.1,0.1,0.1,0.1,0.1,-0.02,0.1,0.1,0.1,0.1,0.1,0.1,0.1,0.1,0.1,0.16,0.1,0.1,0.1,0.1,0.1,0.1,0,-0.1
0.0000922,0.1,0.1,0.1,0.1,0.1,0.1,0.1,0.1,0.1,0.1,0.1,0.5,0.1,0.1,0.1,0.1,0.1,0.1,0.1,0.1,0.1,0.5,0.1,0.1,0.1,0.1,0.1,0.1,0.1,0.1,0.1,0.5,0.1,0.1,0.1,0.1,0.1,0.1,0.1,0.1,0.1,0.41,0.1,0.1,0.1,0.1,0.1,0.1,0.1,0.1,0.1,0.35,0.1,0.1,0.1,0.1,0.1,0.1,0.1,0.1,0.1,0.14,0.1,0.1,0.1,0.1,0.1,0.1,0.1,0.1,0.1,-0.06,0.1,0.1,0.1,0.1,0.1,0.1,0.1,0.1,0.1,-0.15,0.1,0.1,0.1,0.1,0.1,0.1,0.1,0.1,0.1,0.16,0.1,0.1,0.1,0.1,0.1,0.1,0,-0.1
0.0000924,0.1,0.1,0.1,0.1,0.1,0.1,0.1,0,0.1,0.1,0.1,0.4,0.1,0.1,0.1,0.1,0.1,0.1,0.1,0.1,0.1,0.51,0.1,0.1,0,0.1,0.1,0.1,0.1,0.1,0.1,0.4,0.1,0.1,0.1,0.1,0.1,0.1,0.1,0.1,0.1,0.41,0.1,0.1,0.1,0.1,0.1,0.1,0.1,0.1,0.1,0.4,0.1,0.1,0.1,0.1,0.1,0.1,0.1,0.1,0.1,0.14,0.1,0.1,0.1,0.1,0.1,0.1,0.1,0.1,0.1,-0.06,0.1,0.1,0.1,0.1,0.1,0.1,0.1,0.1,0.1,-0.1,0.1,0.1,0.1,0.1,0.1,0.1,0.1,0.1,0.1,0.06,0.1,0.1,0.1,0.1,0.1,0.1,0,-0.1
0.0000926,0,0.1,0.1,0,0.1,0.1,0.1,0,0.1,0.1,0.1,0.3,0.1,0.1,0.1,0.1,0.1,0.1,0.1,0,0.1,0.44,0.1,0.1,0.1,0.1,0.1,0.1,0.1,0.1,0.1,0.3,0.1,0.1,0.1,0.1,0.1,0.1,0.1,0.1,0.1,0.4,0.1,0.1,0.1,0.1,0.1,0.1,0.1,0.1,0.1,0.33,0.1,0.1,0.1,0.1,0.1,0.1,0.1,0.1,0.1,0.09,0.1,0.1,0.1,0.1,0.1,0.1,0.1,0.1,0.1,-0.2,0.1,0.1,0.1,0.1,0.1,0.1,0.1,0.1,0.1,-0.15,0.1,0.1,0.1,0.1,0,0.1,0.1,0.1,0.1,0.11,0.1,0.1,0.1,0.1,0.1,0.1,0,0
0.0000928,0.1,0.1,0.1,0.1,0.1,0.1,0.1,0.1,0.1,0.1,0.1,0.4,0.1,0.1,0.1,0.1,0.1,0.1,0.1,0.1,0.1,0.55,0.1,0.1,0.1,0.1,0.1,0.1,0.1,0.1,0.1,0.3,0.1,0.1,0.1,0.1,0.1,0.1,0.1,0.1,0.1,0.44,0.1,0.1,0.1,0.1,0.1,0.1,0.1,0.1,0.1,0.43,0.1,0.1,0.1,0.1,0.1,0.1,0.1,0.1,0.1,0.09,0.1,0.1,0.1,0.1,0.1,0.1,0.1,0.1,0.1,-0.21,0.1,0.2,0.1,0.1,0.1,0.1,0.1,0.1,0.1,-0.25,0.1,0.1,0.1,0.1,0.1,0.1,0.1,0.1,0.1,0.14,0.1,0.1,0.1,0.1,0.1,0.1,-0.1,0
0.000093,0.1,0.1,0.1,0.1,0.1,0.1,0.1,0.1,0.1,0.1,0.1,0.4,0.1,0.1,0.1,0.1,0.1,0.1,0.1,0.1,0.1,0.4,0.1,0.1,0.1,0.1,0.1,0.1,0.1,0.1,0.1,0.3,0.1,0.1,0.1,0.1,0.1,0.1,0.1,0.1,0.1,0.44,0.1,0.1,0.1,0.1,0.1,0.1,0.1,0.1,0.1,0.35,0.1,0.1,0.1,0.1,0.1,0.1,0.1,0.1,0.1,0.13,0.1,0.1,0.1,0.1,0.1,0.2,0.1,0.1,0.1,-0.21,0.1,0.1,0.1,0.1,0.1,0.1,0.1,0.1,0.1,-0.33,0.1,0.1,0.1,0.1,0.1,0.1,0.1,0.1,0.1,0.05,0.1,0.1,0.1,0.1,0.1,0.1,-0.1,0
0.0000932,0,0.1,0.1,0.1,0.1,0.1,0.1,0.1,0.1,0.1,0.1,0.3,0.1,0.1,0.1,0.1,0.1,0.1,0.1,0.1,0.1,0.5,0.1,0.1,0.1,0,0.1,0.1,0.1,0.1,0.1,0.3,0.1,0.1,0.1,0.1,0.1,0.1,0.1,0.1,0.1,0.44,0.1,0.1,0.1,0.1,0.1,0.1,0.1,0.1,0.1,0.35,0.1,0.1,0.1,0.1,0.1,0.1,0.1,0.1,0,0.05,0.1,0.1,0.1,0.1,0.1,0.1,0.1,0.1,0.1,-0.3,0.1,0.1,0.1,0.1,0.1,0.1,0.1,0.1,0.1,-0.3,0.1,0.1,0.1,0.1,0.1,0.1,0.1,0.1,0.1,0.14,0.1,0.1,0.1,0.1,0.1,0.1,-0.1,0
0.0000934,0.1,0.1,0.1,0.1,0.1,0.1,0.1,0.1,0.1,0.1,0.1,0.4,0.1,0.1,0.1,0.1,0.1,0.1,0.1,0.1,0.1,0.5,0.1,0.1,0.1,0.1,0.1,0.1,0.1,0.1,0.1,0.3,0.1,0.1,0.1,0.1,0.1,0.1,0.1,0.1,0.1,0.4,0.1,0.1,0.1,0.1,0.1,0.1,0.1,0.1,0.1,0.4,0.1,0.1,0.1,0.1,0.1,0.1,0.1,0.1,0.1,0.04,0.1,0.1,0.1,0.1,0.1,0.1,0.1,0.1,0.1,-0.3,0.1,0.1,0.1,0.1,0.1,0.1,0.1,0.1,0.1,-0.3,0.1,0.1,0.1,0.1,0.1,0.1,0.1,0.1,0.1,0.14,0.1,0.1,0.1,0.1,0.1,0.1,0,-0.1
0.0000936,0.1,0.1,0.1,0.1,0.1,0.1,0.1,0.1,0,0.1,0.1,0.4,0.1,0.1,0.1,0.1,0.1,0.1,0.1,0.1,0.1,0.6,0.1,0.1,0.1,0.1,0.1,0.1,0.1,0.1,0.1,0.4,0.1,0.1,0.1,0.1,0.1,0.1,0.1,0.1,0.1,0.41,0.1,0.1,0.1,0.1,0.1,0.1,0.1,0.1,0.1,0.4,0.1,0.1,0.1,0.1,0.1,0.1,0.1,0,0.1,0,0.1,0.1,0.1,0.1,0.1,0.1,0.1,0.1,0.1,-0.34,0.1,0.1,0.1,0.1,0.1,0.1,0.1,0.1,0.1,-0.34,0.1,0.1,0.1,0.1,0.1,0.1,0.1,0.1,0.1,0.04,0.1,0.1,0.1,0.1,0.1,0.1,0,0
0.0000938,0.1,0.1,0.1,0.1,0.1,0.1,0.1,0.1,0.1,0.1,0.1,0.4,0.1,0.1,0.1,0.1,0.1,0.1,0.1,0.1,0.1,0.5,0.1,0.1,0.1,0.1,0.1,0.1,0.1,0.1,0.1,0.4,0.1,0.1,0.2,0.1,0.1,0.1,0.1,0.1,0.2,0.43,0.1,0.1,0.1,0.1,0.1,0.1,0.1,0.1,0.1,0.3,0.1,0.1,0.1,0.1,0.1,0.1,0.1,0.1,0.1,0.1,0.1,0.1,0.1,0.1,0.1,0.1,0.1,0.1,0.1,-0.4,0.1,0.1,0.1,0.1,0.1,0.1,0.1,0.1,0.1,-0.4,0.1,0.1,0.1,0.1,0.1,0.1,0.1,0.1,0.1,0.05,0.1,0.1,0.1,0.1,0.1,0.1,0,-0.1
0.000094,0,0.1,0.1,0.1,0.1,0.1,0.1,0.1,0.1,0.1,0.1,0.5,0.1,0.1,0.1,0.1,0.1,0.1,0.1,0.1,0.1,0.4,0.1,0.1,0.1,0.1,0.1,0.1,0.1,0.1,0.1,0.3,0.1,0.1,0.1,0.1,0.1,0.1,0.1,0.1,0.1,0.34,0.1,0.1,0.1,0.1,0.1,0.1,0.1,0.1,0.1,0.2,0.1,0.1,0.1,0.1,0.1,0.1,0.1,0.1,0.1,0,0.1,0.1,0.1,0.1,0.1,0.1,0.1,0.1,0.1,-0.4,0.1,0.1,0.1,0.1,0.1,0.1,0.1,0.1,0.1,-0.41,0.1,0.1,0.1,0.1,0.1,0.1,0.1,0.1,0.1,-0.01,0.1,0.1,0.1,0.1,0.1,0.1,-0.1,-0.1
0.0000942,0.1,0.1,0.1,0.1,0.1,0.1,0.1,0.1,0.1,0.1,0.1,0.4,0.1,0.1,0.1,0.1,0.1,0.1,0.1,0.1,0.1,0.4,0.1,0.1,0.1,0.1,0.1,0.1,0.1,0.1,0.1,0.3,0.1,0.1,0.1,0.1,0.1,0.1,0.1,0.1,0.1,0.35,0.1,0.1,0.1,0.1,0.1,0.1,0.1,0.1,0.1,0.3,0.1,0.1,0.1,0.1,0.1,0.1,0.1,0.1,0.1,0,0.1,0.1,0.1,0.1,0.1,0.1,0.1,0.1,0.1,-0.46,0.1,0.1,0.1,0.2,0.1,0.1,0.1,0.1,0.1,-0.38,0.1,0.1,0.1,0.1,0.1,0.1,0.1,0.1,0.1,-0.01,0.1,0.1,0.1,0.1,0.1,0.1,-0.1,0
0.0000944,0.1,0.1,0.1,0.1,0.1,0.1,0.1,0.1,0.1,0.1,0.1,0.3,0.1,0.1,0.1,0.1,0.1,0.1,0.1,0.1,0.1,0.5,0.1,0.1,0.1,0.1,0.1,0.1,0.1,0.1,0.1,0.4,0.1,0.1,0.1,0.1,0.1,0.1,0.1,0.1,0.1,0.4,0.1,0.1,0.1,0.1,0.1,0.1,0.1,0.1,0.1,0.3,0.1,0.1,0.1,0.1,0.1,0.1,0.1,0.1,0.1,0,0.1,0.1,0.1,0.1,0.1,0.1,0.1,0.1,0.1,-0.43,0.1,0.1,0.1,0.1,0.1,0.2,0.1,0.1,0.1,-0.44,0.1,0.1,0.1,0.1,0.1,0.1,0.1,0.1,0.1,0,0.1,0.1,0.1,0.1,0.1,0.1,-0.1,-0.1
0.0000946,0.1,0.1,0.1,0.1,0.1,0.1,0.1,0.1,0.1,0.1,0.1,0.3,0.1,0.1,0.1,0.1,0.1,0.1,0.1,0.1,0.1,0.4,0.1,0.1,0.1,0.1,0.1,0.1,0.1,0,0.1,0.4,0.1,0.1,0.1,0.1,0.1,0.1,0.1,0.1,0.1,0.4,0.1,0.1,0.1,0.1,0.1,0.1,0.1,0.1,0.1,0.3,0.1,0.1,0.1,0.1,0.1,0.1,0.1,0.1,0.1,-0.1,0.1,0.1,0.1,0.1,0.1,0.1,0.1,0.1,0.1,-0.5,0.1,0.1,0.1,0.1,0.1,0.1,0.1,0.1,0.1,-0.5,0.1,0.1,0.1,0.1,0.1,0.1,0.1,0.1,0.1,0,0.1,0.1,0.1,0.1,0.1,0.1,-0.1,0
0.0000948,0,0.1,0.1,0.1,0.1,0.1,0.1,0.1,0.1,0.1,0.1,0.4,0.1,0.1,0.1,0.1,0.1,0.1,0.1,0.1,0.1,0.4,0.1,0.1,0.1,0.1,0.1,0.1,0.1,0.1,0.1,0.3,0.1,0.1,0.1,0.1,0.1,0.1,0.1,0.1,0.1,0.4,0.1,0.1,0.1,0.1,0.1,0.1,0.1,0.1,0.1,0.3,0.1,0.1,0.1,0.1,0.1,0.1,0.1,0.1,0.1,0,0.1,0.1,0.1,0.1,0.1,0.1,0.1,0.1,0.1,-0.5,0.1,0.1,0.1,0.1,0.1,0.1,0.1,0.1,0.1,-0.45,0.1,0.1,0.1,0.1,0.1,0.1,0.1,0.1,0.1,-0.1,0.1,0.1,0.1,0.1,0.1,0.1,0,0
0.000095,0,0,0.1,0.1,0.1,0.1,0.1,0.1,0.1,0.1,0.1,0.4,0.1,0.1,0.1,0.1,0.1,0.1,0.1,0.1,0.1,0.4,0,0.1,0.1,0.1,0.1,0.1,0.1,0.1,0.1,0.4,0.1,0.1,0.1,0.1,0.1,0.1,0.1,0.1,0.1,0.4,0.1,0.1,0.1,0.1,0.1,0.1,0.1,0.1,0.1,0.3,0.1,0.1,0.1,0.1,0,0.1,0.1,0.1,0.1,-0.1,0.1,0.2,0.1,0.1,0.1,0.1,0.1,0.1,0.1,-0.6,0.1,0.1,0.1,0.1,0.1,0.1,0.1,0.1,0.1,-0.55,0.1,0.1,0.1,0.1,0.1,0.1,0.1,0.1,0.1,0,0.1,0.1,0.1,0.1,0.1,0.1,-0.1,-0.1
0.0000952,0.1,0.1,0.1,0.1,0.1,0.1,0.1,0.1,0.1,0.1,0.1,0.3,0.1,0.1,0.1,0.1,0.1,0.2,0.1,0.1,0.1,0.3,0.1,0.1,0.1,0.1,0.1,0.1,0.1,0.1,0.1,0.3,0.1,0.1,0.1,0.1,0.1,0.1,0.1,0.1,0.1,0.4,0.1,0.1,0.1,0.1,0.1,0.1,0.1,0.1,0.1,0.2,0.1,0.1,0.1,0.1,0.1,0.1,0.1,0.1,0.1,-0.2,0.1,0.1,0.1,0.1,0.1,0.1,0.1,0.1,0.1,-0.6,0.1,0.1,0.1,0.1,0.1,0.1,0.1,0.1,0.1,-0.61,0.1,0.1,0.1,0.1,0.1,0.1,0.1,0.1,0.1,0,0.1,0.1,0.1,0.1,0.1,0.1,0,-0.1
0.0000954,0.1,0.1,0.1,0.1,0.1,0.1,0.1,0.1,0.1,0.1,0.1,0.3,0.1,0.1,0.1,0.1,0.1,0.1,0.1,0.1,0.1,0.3,0.1,0.1,0.1,0.1,0.1,0.1,0.1,0.1,0.1,0.2,0.1,0.1,0.1,0.1,0.1,0.1,0.1,0.1,0.1,0.5,0.1,0.1,0.1,0.1,0.1,0.1,0.1,0.1,0.1,0.2,0.1,0.1,0.1,0.1,0.1,0.1,0.1,0.1,0.1,-0.1,0.1,0.1,0.1,0.1,0.1,0.1,0.1,0.1,0.1,-0.6,0.1,0.1,0.1,0.1,0.1,0.1,0.1,0.1,0.1,-0.6,0.1,0.1,0.1,0,0.1,0,0.1,0.1,0.1,-0.1,0.1,0.1,0.1,0.1,0.1,0.1,0,0
0.0000956,0.1,0.1,0.1,0.1,0.1,0.1,0.1,0.1,0.1,0.1,0.1,0.3,0.1,0.1,0.1,0.1,0.1,0.1,0.1,0.1,0.1,0.5,0.1,0.1,0.1,0.1,0.1,0.1,0.1,0.1,0.1,0.3,0.1,0.1,0.1,0.1,0.1,0.1,0.1,0.1,0.1,0.4,0.1,0.1,0.1,0.1,0.1,0.1,0.1,0.1,0.1,0.3,0.1,0.1,0.1,0.1,0.1,0.1,0.1,0.1,0.1,-0.1,0.1,0.1,0.1,0.1,0.1,0.1,0.1,0.1,0.1,-0.6,0.1,0.1,0.1,0.1,0.1,0.1,0.1,0.1,0.1,-0.7,0.1,0.1,0.1,0.1,0.1,0.1,0.1,0.1,0.1,-0.1,0.1,0.1,0.1,0.1,0.1,0.1,0,0
0.0000958,0.1,0.1,0.1,0.1,0.1,0.1,0.1,0.1,0.1,0.1,0.1,0.3,0.1,0.1,0.1,0.1,0.1,0.1,0.1,0.1,0.1,0.4,0.1,0.1,0.1,0.1,0.1,0.1,0.1,0.1,0.1,0.3,0.1,0.1,0.1,0.1,0.1,0.1,0.1,0.1,0.1,0.4,0.1,0.1,0.1,0.1,0.1,0.1,0.1,0.1,0.1,0.2,0.1,0.1,0.1,0.1,0.1,0.1,0.1,0.1,0.1,0,0.1,0.1,0.1,0.1,0.1,0.1,0.1,0.1,0.1,-0.6,0.1,0.1,0.1,0.1,0.1,0.1,0.1,0.1,0.1,-0.6,0.1,0.1,0.1,0.1,0.1,0.1,0.1,0.1,0.1,-0.1,0.1,0.1,0.1,0.1,0.1,0.1,0,0
0.000096,0.1,0.1,0.1,0.1,0.1,0.1,0.1,0.1,0.1,0.1,0.1,0.2,0.1,0.1,0.1,0.1,0.1,0.1,0.1,0.1,0.1,0.4,0.1,0.1,0.1,0.1,0.1,0.1,0.1,0.1,0.1,0.3,0.1,0.1,0.1,0.1,0.1,0.1,0.1,0.1,0.1,0.5,0.1,0.1,0.1,0.1,0.1,0.1,0.1,0.1,0.1,0.2,0.1,0.1,0.1,0.1,0.1,0.1,0.1,0.1,0.1,-0.2,0.1,0.2,0.1,0.1,0.1,0.1,0.1,0.1,0.1,-0.6,0.1,0.1,0.1,0.1,0.1,0.1,0.1,0.1,0.1,-0.7,0.1,0.1,0.1,0.1,0.1,0.1,0.1,0.1,0.1,-0.1,0.1,0.1,0.1,0.1,0.1,0.1,0,0
0.0000962,0.1,0.1,0.1,0.1,0.1,0.1,0.1,0.1,0.1,0.1,0.1,0.3,0.1,0.1,0.1,0.1,0.1,0.1,0.1,0.1,0.1,0.5,0.1,0.1,0.1,0.1,0.1,0.1,0.1,0.1,0.1,0.3,0.1,0.1,0.1,0.1,0.1,0.1,0.1,0.1,0.1,0.4,0.1,0.1,0.1,0.1,0.1,0.1,0.1,0.1,0.1,0.3,0.1,0.1,0.1,0.1,0.1,0.1,0.1,0.1,0.1,-0.2,0.1,0.1,0.1,0.1,0.1,0.1,0.1,0.1,0.1,-0.7,0.1,0.1,0.1,0.1,0.1,0.1,0.1,0.1,0.1,-0.6,0.1,0.1,0.1,0.1,0.1,0.1,0.1,0.1,0.1,-0.1,0.1,0.1,0.1,0.1,0.1,0.1,0,-0.1
0.0000964,0.1,0.1,0.1,0.1,0.1,0.1,0.1,0.1,0.1,0.1,0.1,0.2,0.1,0.1,0.1,0.1,0.1,0.1,0.1,0.1,0.1,0.4,0.1,0.1,0.1,0.1,0.1,0.1,0.1,0.1,0.1,0.2,0.1,0.1,0.1,0.1,0.1,0.1,0.1,0.1,0.1,0.4,0.1,0.1,0.1,0.1,0.1,0.1,0.1,0.1,0.1,0.3,0.1,0.1,0.1,0.1,0.1,0.1,0.1,0.1,0.1,-0.1,0.1,0.1,0.1,0.1,0.1,0.1,0.1,0.1,0.1,-0.7,0.1,0.1,0.1,0.1,0.1,0.1,0.1,0.1,0.1,-0.7,0.1,0.1,0.1,0.1,0.1,0.1,0.1,0.1,0.1,-0.1,0.1,0.1,0.1,0.1,0.1,0.1,0,0
0.0000966,0.1,0.1,0.1,0.1,0.1,0.1,0.1,0.1,0.1,0.1,0.1,0.2,0.1,0.1,0.1,0.1,0.1,0.1,0.1,0.1,0.1,0.4,0.1,0.1,0.1,0.1,0.1,0.1,0.1,0.1,0.1,0.2,0.1,0.1,0.1,0.1,0.1,0.1,0.1,0.1,0.1,0.4,0.1,0.1,0.1,0.1,0.1,0.1,0.1,0.1,0.1,0.2,0.1,0.1,0.1,0.1,0.1,0.1,0.1,0.1,0.1,-0.2,0.1,0.1,0.1,0.1,0.1,0.1,0.1,0.1,0.1,-0.8,0.1,0.1,0.1,0.1,0.1,0.1,0.1,0.1,0.1,-0.8,0.1,0.1,0.1,0.1,0.1,0.1,0.1,0.1,0.1,-0.3,0.1,0.1,0.1,0.1,0.1,0.1,0,0
0.0000968,0.1,0.1,0.1,0.1,0.1,0.1,0.1,0.1,0.1,0.1,0.1,0.2,0.1,0.1,0.1,0.1,0.1,0.1,0.1,0.1,0.1,0.4,0.1,0.1,0.1,0.1,0.1,0.1,0.1,0.1,0.1,0.3,0.1,0.1,0.1,0.1,0.1,0.1,0.1,0.1,0.1,0.3,0.1,0.1,0.1,0.1,0.1,0.1,0.1,0.1,0.1,0.2,0.1,0.1,0.1,0.1,0.1,0.1,0.1,0.1,0.1,-0.2,0.1,0.1,0.1,0.1,0.1,0.1,0.1,0.1,0.1,-0.8,0.1,0.1,0.1,0.1,0.1,0.1,0.1,0.1,0.1,-0.8,0.1,0.1,0.1,0.1,0.1,0.1,0.1,0.1,0.1,-0.2,0.1,0.1,0.1,0.1,0.1,0.1,0,0
0.000097,0.1,0.1,0.1,0.1,0.1,0.1,0.1,0.1,0.1,0.1,0.1,0.2,0.1,0.1,0.1,0.1,0.1,0.1,0.1,0.1,0.1,0.4,0.1,0.1,0.1,0.1,0.1,0.1,0.1,0.1,0.1,0.2,0.1,0.1,0.1,0.1,0.1,0.1,0.1,0.1,0.1,0.3,0.1,0.1,0.1,0,0.1,0.1,0.1,0.1,0.1,0.2,0.1,0.1,0.1,0.1,0.1,0.1,0.1,0.1,0.1,-0.2,0.1,0.1,0.1,0.1,0.1,0.1,0.1,0.1,0.1,-0.7,0.1,0.1,0.1,0.1,0.1,0.1,0.1,0.1,0.1,-0.7,0.1,0,0.1,0.1,0.1,0.1,0,0.1,0.1,-0.3,0.1,0.1,0.1,0.1,0.1,0.1,0,-0.1
0.0000972,0.1,0.1,0.1,0.1,0.1,0.1,0.1,0.1,0.1,0.1,0.1,0.2,0.1,0.1,0.1,0.1,0.1,0.1,0.1,0.1,0.1,0.3,0.1,0.1,0.1,0.1,0.1,0.1,0.1,0.1,0.1,0.2,0.1,0.1,0.1,0.1,0.1,0.1,0.1,0.1,0.1,0.3,0.1,0.1,0.1,0.1,0.1,0.1,0.1,0.1,0.1,0.3,0.1,0.1,0.1,0.1,0.1,0.1,0.1,0.1,0.1,-0.2,0.1,0.1,0.1,0.1,0.1,0.1,0.1,0.1,0.1,-0.7,0.1,0.1,0.1,0.1,0.1,0.1,0.1,0.1,0.1,-0.7,0.1,0.1,0.1,0.1,0.1,0.1,0.1,0.1,0.1,-0.2,0.1,0.1,0.1,0.1,0.1,0.1,0,0
0.0000974,0,0.1,0.1,0.1,0.1,0.1,0.1,0.1,0.1,0.1,0.1,0.3,0.1,0.1,0.1,0.1,0.1,0.1,0.1,0.1,0.1,0.4,0.1,0.1,0.1,0.1,0.1,0.1,0.1,0.1,0.1,0.2,0.1,0.1,0.1,0.1,0.1,0.1,0.1,0.1,0.1,0.4,0.1,0.1,0.1,0.1,0.1,0.1,0.1,0.1,0.1,0.2,0.1,0.1,0.1,0.1,0.1,0.1,0.1,0.1,0.1,-0.3,0.1,0.1,0.1,0.1,0.1,0.1,0.1,0.1,0.1,-0.7,0.1,0.1,0.1,0.1,0.1,0.1,0.1,0.1,0.1,-0.8,0.1,0.1,0.1,0.1,0.1,0.1,0.1,0.1,0.1,-0.2,0.1,0.1,0.1,0.1,0.1,0.1,-0.1,0
0.0000976,0,0.1,0.1,0.1,0.1,0.1,0.1,0.1,0.1,0.1,0.1,0.3,0.1,0.1,0.1,0.1,0.1,0.1,0.1,0.1,0.1,0.3,0.1,0.1,0.1,0.1,0.1,0.1,0.1,0.1,0.1,0.2,0.1,0.1,0.1,0.1,0.1,0.1,0.1,0.1,0.1,0.3,0.1,0.1,0.2,0.1,0.1,0.1,0.1,0.1,0.1,0.3,0.1,0.1,0.1,0.1,0.1,0.1,0.1,0.1,0.1,-0.1,0.1,0.1,0.1,0.1,0.1,0.1,0.1,0.1,0.1,-0.7,0.1,0.1,0.1,0.1,0.1,0.1,0.1,0.1,0.1,-0.8,0.1,0.1,0.1,0.1,0.1,0.1,0.1,0.1,0.1,-0.2,0.1,0,0.1,0.1,0.1,0.1,-0.1,-0.1
0.0000978,0,0.1,0.1,0.1,0.1,0.1,0.1,0.1,0.1,0.1,0.1,0.3,0.1,0.1,0.1,0.1,0.1,0.1,0.1,0.1,0.1,0.4,0.1,0.1,0.1,0,0.1,0.1,0.1,0.1,0.1,0.2,0.1,0.1,0.1,0.1,0.1,0.1,0.1,0.1,0.1,0.3,0.1,0.1,0.1,0.1,0.1,0.1,0.1,0.1,0.1,0.3,0.1,0.1,0.1,0.1,0.1,0.1,0.1,0.1,0.1,-0.1,0.1,0.1,0.1,0.1,0.1,0.1,0.1,0.1,0.1,-0.7,0.1,0.1,0.1,0.1,0.1,0.1,0.1,0.1,0.1,-0.8,0.1,0.1,0.1,0.1,0.1,0.1,0.1,0.1,0.1,-0.1,0.1,0.1,0.1,0.1,0.1,0.1,-0.2,-0.1
0.000098,0,0.1,0.1,0.1,0.1,0.1,0.1,0.1,0.1,0.1,0.1,0.2,0.1,0.1,0.1,0.1,0.1,0.1,0.1,0.1,0.1,0.3,0.1,0.1,0.1,0.1,0.1,0.1,0.1,0.1,0.1,0.2,0.1,0.1,0.1,0.1,0.1,0.1,0.1,0.1,0.1,0.4,0.1,0.1,0.1,0.1,0.1,0.1,0.1,0.1,0.1,0.2,0.1,0.1,0.1,0,0.1,0.1,0.1,0.1,0.1,-0.1,0.1,0.1,0.1,0.1,0.1,0.1,0.1,0.1,0.1,-0.7,0.1,0.1,0.1,0.1,0.1,0.1,0.1,0.1,0.1,-0.8,0.1,0.1,0.1,0.1,0.1,0.1,0.1,0.1,0.1,-0.3,0.1,0.1,0.1,0.1,0.1,0.1,-0.1,-0.1
0.0000982,0,0.1,0.1,0.1,0.1,0.1,0.1,0.1,0.1,0.1,0.1,0.4,0.1,0.1,0.1,0.1,0.1,0.1,0.1,0.1,0.1,0.3,0.1,0.1,0.1,0.1,0.1,0.1,0.1,0.1,0.1,0.2,0.1,0.1,0.1,0.1,0.1,0.1,0.1,0.1,0.1,0.3,0.1,0.1,0.1,0.1,0.1,0.1,0.1,0.1,0.1,0.2,0.1,0.1,0.1,0.1,0.1,0.1,0.1,0.1,0.1,-0.2,0.1,0.1,0.1,0.1,0.1,0.1,0.1,0.1,0.1,-0.7,0.1,0.1,0.1,0.1,0.1,0.1,0.1,0.1,0.1,-0.8,0.1,0.1,0.1,0.2,0.1,0.1,0.1,0.1,0.1,-0.2,0.1,0.1,0.1,0.1,0.1,0.1,0,0
0.0000984,0.1,0.1,0.1,0.1,0.1,0.1,0.1,0.1,0.1,0.1,0.1,0.2,0.1,0.1,0.1,0.1,0.1,0.1,0.1,0.1,0.1,0.3,0.1,0.1,0.1,0.1,0.1,0.1,0.1,0.1,0.1,0.2,0.1,0.1,0.1,0.1,0.1,0.1,0.1,0.1,0.1,0.3,0.1,0.1,0.1,0.1,0.1,0.1,0.1,0.1,0.1,0.2,0.1,0.1,0.1,0.1,0.1,0.1,0.1,0.1,0.1,-0.1,0.1,0.1,0.1,0.1,0.1,0.1,0.1,0.1,0.1,-0.8,0.1,0.1,0.1,0.1,0.1,0.1,0.1,0.1,0.1,-0.9,0.1,0.1,0.1,0.1,0.1,0.1,0.1,0.1,0.1,-0.2,0.1,0.1,0.1,0.1,0.1,0.1,0,0
0.0000986,0,0.1,0.1,0.1,0.1,0.1,0.1,0.1,0.1,0.1,0.1,0.3,0.1,0.1,0.1,0.1,0.1,0.1,0.1,0.1,0.1,0.3,0.1,0.1,0.1,0.1,0.1,0.1,0.1,0.1,0.1,0.2,0.1,0.1,0.1,0.1,0.1,0.1,0.1,0.1,0.1,0.3,0.1,0.1,0.1,0.1,0.1,0.1,0.1,0.1,0.1,0.2,0.1,0.1,0.1,0.1,0.1,0.1,0.1,0.1,0.1,-0.1,0.1,0.1,0.1,0.1,0.1,0.1,0.1,0.1,0.1,-0.7,0.1,0.1,0.1,0.1,0.1,0.1,0.1,0.1,0.1,-0.8,0.1,0.1,0.1,0.1,0.1,0.1,0.1,0.1,0.1,-0.2,0.1,0.1,0.1,0.1,0.1,0.1,-0.1,0
0.0000988,0.2,0,0.1,0.1,0.1,0.1,0.1,0.1,0.1,0.1,0.1,0.2,0.1,0.1,0.1,0.1,0.1,0.1,0.1,0.1,0.1,0.3,0.1,0.1,0.1,0.1,0.1,0.1,0.1,0.1,0,0.2,0.1,0.1,0.1,0.1,0.1,0.1,0.1,0.1,0.1,0.3,0.1,0.1,0.1,0.1,0.2,0.1,0.1,0.1,0.1,0.1,0.1,0.1,0.1,0.1,0.1,0.1,0.1,0.1,0.1,-0.2,0.1,0.1,0.1,0.1,0.1,0.1,0.1,0.1,0.1,-0.7,0.1,0.1,0.1,0.1,0.1,0.1,0.1,0.1,0.1,-0.8,0.1,0.1,0.1,0.1,0.1,0.1,0.1,0.1,0.1,-0.3,0.1,0.1,0.1,0.1,0.1,0.1,0,0
0.000099,0.1,0.1,0.1,0.1,0.1,0.1,0.1,0.1,0.1,0.1,0.1,0.2,0.1,0.1,0.1,0.1,0.1,0.1,0.1,0.1,0.1,0.3,0.1,0.1,0.1,0.1,0.1,0.1,0.1,0.1,0,0.3,0.1,0.1,0.1,0.1,0.1,0.1,0.1,0.1,0.1,0.3,0.1,0.1,0.1,0.1,0.1,0.1,0.1,0.1,0.1,0.2,0.1,0.1,0.1,0.1,0.1,0.1,0.1,0.1,0.1,-0.3,0.1,0.1,0.1,0.1,0.1,0.1,0.1,0.1,0,-0.7,0.1,0.1,0.1,0,0.1,0.1,0.1,0.1,0.1,-0.7,0.1,0.1,0.1,0.1,0.1,0.1,0.1,0.1,0.1,-0.3,0.1,0.1,0.1,0.1,0.1,0.1,-0.1,-0.1
0.0000992,0.1,0.1,0.1,0.1,0.1,0.1,0.1,0.1,0.1,0.1,0,0.1,0.1,0.1,0.1,0.1,0.1,0.1,0.1,0.1,0.1,0.3,0.1,0.1,0.1,0.1,0.1,0.1,0.1,0.1,0.1,0.2,0.1,0.1,0.1,0.1,0.1,0.1,0.1,0.1,0.1,0.4,0.1,0.1,0.1,0.1,0.1,0.1,0.1,0.1,0.1,0.2,0.1,0.1,0.1,0.1,0.1,0.1,0.1,0.1,0.1,-0.2,0.1,0.1,0.1,0.1,0.1,0.1,0.1,0.1,0.1,-0.8,0.1,0.1,0.1,0.1,0.1,0.1,0.1,0.1,0.1,-0.8,0.1,0.1,0.1,0.1,0.1,0.1,0.1,0.1,0.1,-0.4,0.1,0.1,0.1,0.1,0.1,0.1,-0.1,0
0.0000994,0.1,0.1,0.1,0.1,0.1,0.1,0.1,0.1,0.1,0.1,0.1,0.2,0.1,0.1,0.1,0.1,0.1,0.1,0.1,0.1,0.1,0.3,0.1,0.1,0.1,0.1,0.1,0.1,0.1,0.1,0.1,0.3,0.1,0.1,0.1,0.1,0.1,0.1,0.1,0.1,0.1,0.3,0.1,0.1,0.1,0.1,0.1,0.1,0.1,0.1,0.1,0.2,0.1,0.1,0.1,0.1,0.1,0.1,0.1,0.1,0.1,-0.4,0.1,0.1,0.1,0.1,0.1,0.1,0.1,0.1,0.1,-0.7,0.1,0.1,0.1,0.1,0.1,0.1,0.1,0.1,0.1,-0.8,0.1,0.1,0.1,0.1,0.1,0.1,0.1,0.1,0.1,-0.2,0.1,0.1,0.1,0.1,0.1,0.1,-0.1,-0.1
0.0000996,0,0.1,0.1,0.1,0.1,0.1,0.1,0.1,0.1,0.1,0.1,0.1,0.1,0.1,0.1,0.1,0.1,0.1,0.1,0.1,0.1,0.3,0.1,0.1,0.1,0.1,0.1,0.1,0.1,0.1,0.1,0.2,0.1,0.1,0.1,0.1,0.1,0.1,0.1,0.1,0.1,0.2,0.1,0.1,0.1,0.1,0.1,0.1,0.1,0.1,0.1,0.1,0.1,0.1,0.1,0.1,0.1,0.1,0.1,0.1,0.1,-0.2,0.1,0.1,0.1,0.1,0.1,0.1,0.1,0.1,0.1,-0.8,0.1,0.1,0.1,0.1,0.1,0.1,0.1,0.1,0.1,-0.9,0.1,0.1,0.1,0.1,0.1,0.1,0.1,0.1,0.1,-0.2,0.1,0.1,0.1,0.1,0.1,0.1,-0.1,-0.1
0.0000998,0,0.1,0.1,0.1,0.1,0.1,0.1,0.1,0.1,0.1,0.1,0.2,0.1,0.1,0.1,0.1,0.1,0.1,0.1,0.1,0.1,0.3,0.1,0.1,0.1,0.1,0.1,0.1,0.1,0.1,0.1,0.2,0.1,0.1,0.1,0.1,0.1,0.1,0.1,0.1,0.1,0.2,0.1,0.1,0.1,0.1,0.1,0.1,0.1,0.1,0.1,0.1,0.1,0.1,0.1,0.1,0.1,0.1,0.1,0.1,0.1,-0.3,0.1,0.1,0.1,0.1,0.1,0.1,0.1,0.1,0.1,-0.9,0.1,0.1,0.1,0.1,0.1,0.1,0.1,0.1,0.1,-0.8,0.1,0.1,0.1,0.1,0.1,0.1,0.1,0.1,0.1,-0.2,0.1,0.1,0.1,0.1,0.1,0.1,0,0
0.0001,0.1,0.1,0.1,0.1,0.1,0.1,0.1,0.1,0.1,0.1,0.1,0.2,0.1,0.1,0.1,0.1,0.1,0.1,0.1,0.1,0.1,0.3,0.1,0.1,0.1,0.1,0.1,0.1,0.1,0.1,0.1,0.2,0.1,0.1,0.1,0.1,0.1,0.1,0.1,0.1,0.1,0.2,0.1,0.1,0.1,0.1,0.1,0.1,0.1,0.1,0.1,0.1,0.1,0.1,0.1,0.1,0.1,0.1,0.1,0.1,0.1,-0.3,0.1,0.1,0.1,0.1,0.1,0.1,0.1,0.1,0.1,-0.8,0.1,0.1,0.1,0.1,0.1,0.1,0.1,0.1,0.1,-1,0.1,0.1,0.1,0.1,0.1,0.1,0.1,0.1,0.1,-0.2,0.1,0.1,0.1,0.1,0.1,0.1,-0.1,-0.1
0.0001,0.2,0.1,0.1,0.1,0.1,0.1,0.1,0.1,0.1,0.1,0.1,0.3,0.1,0.1,0.1,0.1,0.1,0.1,0.1,0.1,0.1,0.2,0.1,0.1,0.1,0.1,0.1,0.1,0.1,0.1,0.1,0.2,0.1,0.1,0.1,0.1,0.1,0.1,0.1,0.1,0.1,0.3,0.1,0.1,0.1,0.1,0.1,0.1,0.1,0.1,0.1,0,0.1,0.1,0.1,0.1,0.1,0.1,0.1,0.1,0.1,-0.3,0.1,0.1,0.1,0.1,0.1,0.1,0.1,0.1,0.1,-0.8,0.1,0.1,0.1,0.1,0.1,0.1,0.1,0.1,0.1,-0.9,0.1,0.1,0.1,0.1,0.1,0.1,0.1,0.1,0.1,-0.2,0.1,0.1,0.1,0.1,0.1,0.1,0,-0.1
0.0001,0,0.1,0.1,0.1,0.1,0.1,0.1,0.1,0.1,0.1,0.1,0.2,0.1,0.1,0.1,0.1,0.1,0.1,0.1,0.1,0.1,0.3,0.1,0.1,0.1,0.1,0.1,0.1,0.1,0.1,0.1,0,0.1,0.1,0.1,0.1,0.1,0.1,0.1,0.1,0.1,0.2,0.1,0.1,0.1,0.1,0.1,0.1,0.1,0.1,0.1,0.1,0.1,0.1,0.1,0.1,0.1,0.1,0.1,0.1,0.1,-0.3,0.1,0.1,0.1,0.1,0.1,0.1,0.1,0.1,0.1,-0.9,0.1,0.1,0.1,0.1,0.1,0.1,0.1,0.1,0.1,-0.9,0.1,0.1,0.1,0.1,0.1,0.1,0.1,0.1,0.1,-0.2,0.1,0.1,0.1,0.1,0.1,0.1,0,0
0.000101,0.1,0,0.1,0.1,0.1,0.1,0.1,0.1,0.1,0.1,0.1,0.2,0.1,0.1,0.1,0.2,0.1,0.1,0.1,0.1,0.1,0.4,0.1,0.1,0.1,0.1,0.1,0.1,0.1,0.1,0.1,0.2,0.1,0.1,0.1,0.1,0.1,0.1,0.1,0.1,0.1,0.3,0.1,0.1,0.1,0.1,0.1,0.2,0.1,0.1,0.1,0.2,0.1,0.1,0.1,0.1,0.1,0.1,0.1,0.1,0.1,-0.3,0.1,0.1,0.1,0.1,0.1,0.1,0.1,0.1,0.1,-0.8,0.1,0.1,0.1,0.1,0.1,0.1,0.1,0.1,0.1,-0.8,0.1,0.1,0.1,0.1,0.1,0.1,0.1,0.1,0.1,-0.3,0.1,0.1,0.1,0.1,0.1,0.1,0,-0.1
0.000101,0.1,0.1,0.1,0.1,0.1,0.1,0.1,0.1,0.1,0.1,0.1,0.1,0.1,0.1,0.1,0.1,0.1,0.1,0.1,0.1,0.1,0.3,0.1,0.1,0.1,0.1,0.1,0.1,0.2,0.1,0.1,0.2,0.1,0.1,0.1,0.1,0.1,0.1,0.1,0.1,0.1,0.2,0.1,0.1,0.1,0.1,0.1,0.1,0.1,0.1,0.1,0.1,0.1,0.1,0.1,0.2,0.1,0.1,0.1,0.1,0.1,-0.3,0.1,0.1,0.1,0.1,0.1,0.1,0.1,0.1,0.1,-0.9,0.1,0.1,0.1,0.1,0.1,0.1,0.1,0.1,0.1,-0.9,0.1,0.1,0.1,0.1,0.1,0.1,0.1,0.1,0.1,-0.4,0.1,0.1,0.1,0.1,0.1,0.1,0,-0.1
0.000101,0,0.1,0.1,0.1,0.1,0.1,0.1,0.1,0.1,0.1,0.1,0.2,0.1,0.1,0.1,0.1,0.1,0.1,0.1,0.1,0.1,0.3,0.1,0.1,0.1,0.1,0.1,0,0.2,0.1,0.1,0.1,0.1,0.1,0.1,0.1,0.1,0.1,0.1,0.1,0.1,0.3,0.1,0.1,0.1,0.1,0.1,0.1,0.1,0.1,0.1,0.2,0.1,0.1,0.1,0.1,0.1,0.1,0.1,0.1,0.1,-0.3,0.1,0.1,0.1,0.1,0.1,0.1,0.1,0.1,0.1,-0.8,0.1,0.1,0.1,0.1,0.1,0.1,0.1,0.1,0.1,-0.9,0.1,0.1,0.1,0.1,0.1,0.1,0.1,0.1,0.1,-0.3,0.1,0.1,0.1,0.1,0.1,0.1,0,-0.1
0.000101,-0.1,0.1,0.1,0.1,0.1,0.1,0.1,0.1,0.1,0.1,0.1,0.2,0.1,0.1,0.1,0.1,0.1,0.1,0.1,0.1,0.1,0.3,0.1,0.1,0.1,0.1,0.1,0.1,0.1,0.1,0.1,0.2,0.1,0.1,0.1,0.1,0.1,0.1,0.1,0.1,0.1,0.3,0.1,0.1,0.1,0.1,0.1,0.1,0.1,0.1,0.2,0.1,0.1,0.1,0.1,0.1,0.1,0.1,0.1,0.1,0.1,-0.2,0.1,0.1,0.1,0.1,0.1,0.1,0.1,0.1,0.1,-1,0.1,0.1,0.1,0.1,0.1,0.1,0.1,0.1,0.1,-0.9,0.1,0.1,0.1,0.1,0.1,0.1,0.1,0.1,0.1,-0.4,0.1,0.1,0.1,0.1,0.1,0.1,-0.1,0
0.000101,0,0.1,0.1,0.1,0.1,0.1,0.1,0.1,0.1,0.1,0.1,0.2,0.1,0.1,0.1,0.1,0.1,0.1,0.1,0.1,0.1,0.3,0.1,0.1,0.1,0.1,0.1,0.1,0.1,0.1,0.1,0.2,0.1,0.1,0.1,0.1,0.1,0.1,0.1,0.1,0.1,0.2,0.1,0.1,0.1,0.1,0.1,0.1,0.1,0.1,0.1,0.1,0.1,0.1,0.1,0.1,0.1,0.1,0.1,0.1,0.1,-0.2,0.1,0.1,0.1,0.1,0.1,0.1,0.1,0.1,0.1,-0.8,0.1,0.1,0.1,0.1,0.1,0.1,0.1,0.1,0.1,-0.9,0.1,0.1,0.1,0.1,0.1,0.1,0.1,0.1,0.1,-0.4,0.1,0.1,0.1,0.1,0.1,0.1,0,0
0.000102,0,0.1,0.1,0.1,0.1,0.1,0.1,0.1,0.1,0.1,0.1,0.1,0.1,0.1,0.1,0.1,0.1,0.1,0.1,0.1,0.1,0.3,0.1,0,0.1,0.1,0.1,0.1,0.1,0.1,0.1,0.1,0.1,0.1,0.1,0.1,0.1,0.1,0.1,0.1,0.1,0.2,0.1,0.1,0.1,0.1,0.1,0.1,0.1,0.1,0.1,0.1,0.1,0.1,0.1,0.1,0.1,0.1,0.1,0.1,0.1,-0.3,0.1,0.1,0.1,0.1,0.1,0.1,0.1,0.1,0.1,-1,0.1,0.1,0.1,0.1,0.1,0.1,0.1,0.1,0.1,-0.9,0.1,0.1,0.1,0.1,0.1,0.1,0.1,0.1,0.1,-0.4,0.1,0.1,0.1,0.1,0.1,0.1,-0.1,-0.1
0.000102,0,0.1,0.1,0.1,0.1,0.1,0.1,0.1,0.1,0.1,0.1,0.1,0.1,0.1,0.1,0.1,0.1,0.1,0.1,0.1,0.1,0.2,0.1,0.1,0.1,0.1,0.1,0.1,0.1,0.1,0.1,0.1,0.1,0.1,0.1,0.1,0.1,0.1,0.1,0.1,0.1,0.2,0.1,0.1,0.1,0.1,0.1,0.1,0.1,0.1,0.1,0.1,0.1,0.1,0.1,0.1,0.1,0.1,0.1,0.1,0.1,-0.3,0.1,0.1,0.1,0.1,0.1,0.1,0.1,0.1,0.1,-0.8,0.1,0.1,0.1,0.1,0.1,0.1,0.1,0.1,0.1,-0.8,0.1,0.1,0.1,0.1,0.1,0.1,0.1,0.1,0.1,-0.4,0.1,0.1,0.1,0.1,0.1,0.1,-0.1,-0.1
0.000102,0.1,0.1,0.1,0.1,0.1,0.1,0.1,0.1,0.1,0.1,0.1,0.1,0.1,0.1,0.1,0.1,0.1,0.1,0.1,0.1,0.1,0.1,0.1,0.1,0.1,0.1,0.1,0.1,0.1,0.1,0.1,0,0.1,0.1,0.1,0.1,0.1,0.1,0.1,0.1,0.1,0.3,0.1,0.1,0.1,0.1,0.1,0.1,0.1,0.1,0.1,0.1,0.1,0.1,0.1,0.1,0.1,0.1,0.1,0.1,0.1,-0.3,0.1,0.1,0.1,0.1,0.1,0.1,0.1,0.1,0.1,-0.8,0.1,0.1,0.1,0.1,0.1,0.1,0.1,0.1,0.1,-0.9,0.1,0.1,0.1,0.1,0.1,0.1,0.1,0.1,0.1,-0.4,0.1,0.1,0.1,0.1,0.1,0.1,0,0
0.000102,0.1,0.1,0.1,0.1,0.1,0.1,0.1,0.1,0.1,0.1,0.1,0.2,0.1,0.1,0.1,0.1,0.1,0.1,0.1,0,0.1,0.3,0.1,0.1,0.1,0.1,0.1,0.1,0.1,0.1,0.1,0.1,0.1,0.1,0.1,0.1,0.1,0.1,0.1,0.1,0.1,0.2,0.1,0.1,0.1,0.1,0.1,0.1,0.1,0.1,0.1,0.1,0.1,0.1,0.1,0.1,0.1,0.1,0.1,0.1,0.1,-0.3,0.1,0.1,0.1,0.1,0.1,0.1,0.1,0.1,0.1,-0.9,0.1,0.1,0.1,0.1,0.1,0.1,0.1,0.1,0.1,-1,0.1,0.1,0.1,0.1,0.1,0.1,0.1,0.1,0.1,-0.3,0.1,0.1,0.1,0.1,0.1,0.1,-0.1,-0.2
0.000102,0,0.1,0.1,0.1,0.1,0.1,0.1,0.1,0.1,0.1,0.1,0,0.1,0.1,0.1,0.1,0.1,0.1,0.1,0.1,0.1,0.2,0.1,0.1,0.1,0.1,0.1,0.1,0.1,0.1,0.1,0.2,0.1,0.1,0.1,0.1,0.1,0.1,0.1,0.1,0.1,0.2,0.1,0.1,0.1,0.1,0.1,0.1,0.1,0.1,0.1,0,0.1,0.1,0.1,0.1,0.1,0.1,0.1,0.1,0.1,-0.3,0.1,0.1,0.1,0.1,0.1,0.1,0.1,0.1,0.1,-0.8,0.1,0.1,0.1,0.1,0.1,0.1,0.1,0.1,0.1,-0.8,0.1,0.1,0.1,0.1,0.1,0.1,0.1,0.1,0.1,-0.2,0.1,0.1,0.1,0.1,0.1,0.1,-0.1,-0.1
0.000103,0.2,0.1,0.1,0.1,0.1,0.1,0.1,0.1,0.1,0.1,0.1,0.2,0.1,0.1,0.1,0.1,0.1,0.1,0.1,0.1,0.1,0.2,0.1,0.1,0.1,0.1,0.1,0.1,0.1,0.1,0.1,0.1,0.1,0,0.1,0.1,0.1,0.1,0.1,0.1,0.1,0.2,0.1,0.1,0.1,0.1,0.1,0.1,0.1,0.1,0.1,0.1,0.1,0.1,0.1,0.1,0.1,0.1,0.1,0.1,0.1,-0.3,0.1,0.1,0.1,0.1,0.1,0.1,0.1,0.1,0.1,-0.8,0.1,0.1,0,0.1,0.1,0.1,0.1,0.1,0.1,-0.9,0.1,0.1,0.1,0.1,0.1,0.1,0.1,0.1,0.1,-0.4,0.1,0.1,0.1,0.1,0.1,0.1,-0.1,-0.1
0.000103,0.1,0.1,0.1,0.1,0.1,0.1,0.1,0.1,0.1,0.1,0.1,0.1,0.1,0.1,0.1,0.1,0.1,0.1,0.1,0.1,0.1,0.2,0.1,0.1,0.1,0.1,0.1,0.1,0.1,0.1,0.1,0.2,0.1,0.1,0.1,0.1,0.1,0.1,0.1,0.1,0.1,0.2,0.1,0.1,0.1,0.1,0.1,0.1,0.1,0.1,0.1,0.1,0.1,0.1,0.1,0.1,0.1,0.1,0.1,0.1,0.1,-0.3,0.1,0.1,0.1,0.1,0.1,0.1,0.1,0.1,0.1,-0.9,0.1,0.1,0.1,0.1,0.1,0.1,0.1,0.1,0.1,-0.9,0.1,0.1,0.1,0.1,0.1,0.1,0.1,0.1,0.1,-0.3,0.1,0.1,0.1,0.1,0.1,0.1,0,-0.1
0.000103,0,0.1,0.1,0.1,0.1,0.1,0.1,0.1,0.1,0.1,0.1,0.1,0.1,0.1,0.1,0.1,0.1,0.1,0.1,0.1,0.1,0.2,0.1,0.1,0.1,0.1,0.1,0.1,0.1,0.1,0.1,0.1,0.1,0.1,0.1,0.1,0.1,0.1,0.1,0.1,0,0.2,0.1,0.1,0.1,0.1,0.1,0.1,0.1,0.1,0.1,0.2,0.1,0.1,0.1,0.1,0.1,0.1,0.1,0.1,0.1,-0.2,0.1,0.1,0.1,0.1,0.1,0.1,0.1,0.1,0.1,-0.8,0.1,0.1,0.1,0.1,0.1,0.1,0.1,0.1,0.1,-0.8,0.1,0.1,0.1,0.1,0.1,0.1,0.1,0.1,0.1,-0.3,0.1,0.1,0.1,0.1,0.1,0.1,0,0
0.000103,0,0.1,0.1,0.1,0.1,0.1,0.1,0.1,0.1,0.1,0.1,0.1,0.1,0.1,0,0.1,0.1,0.1,0.1,0.1,0.1,0.2,0.1,0.1,0.1,0.1,0.1,0.1,0.1,0.1,0.1,0.1,0.1,0.1,0.1,0.1,0.1,0.1,0.1,0.1,0.1,0.2,0.1,0.1,0.1,0.1,0.1,0.1,0.1,0.1,0.1,0.1,0.1,0.1,0.1,0.1,0.1,0.1,0.1,0.1,0.1,-0.3,0.1,0.1,0.1,0.1,0.1,0.1,0.1,0.1,0.1,-0.8,0.1,0.1,0.1,0.1,0.1,0.1,0.1,0.1,0.1,-0.9,0.1,0.1,0.1,0.1,0.1,0.1,0.1,0.1,0.1,-0.3,0.1,0.1,0.1,0.1,0.1,0.1,-0.1,0
0.000103,0.1,0.1,0.1,0.1,0.1,0.1,0.1,0.1,0.1,0.1,0.1,0.2,0.1,0.1,0.1,0.1,0.1,0.1,0.1,0.1,0.1,0.2,0.1,0.1,0.1,0.1,0.1,0.1,0.1,0.1,0.1,0.1,0.1,0.1,0.1,0.1,0.1,0.1,0.1,0.1,0.1,0.1,0.1,0.1,0.1,0.1,0.1,0.1,0.1,0.1,0.1,0,0.1,0.1,0.1,0.1,0.1,0.1,0.1,0.1,0.1,-0.3,0.1,0.1,0.1,0.1,0.1,0.1,0.1,0.1,0.1,-0.8,0.1,0.1,0.1,0.1,0.1,0.1,0.1,0.1,0.1,-0.9,0.1,0.1,0.1,0.1,0.1,0.1,0.1,0.1,0.1,-0.4,0.1,0.1,0,0.1,0.1,0.1,0,-0.1
0.000104,0.1,0.1,0.1,0.1,0.1,0.1,0.1,0.1,0.1,0.1,0.1,0.2,0.1,0.1,0.1,0.1,0.1,0.1,0.1,0.1,0.1,0.2,0.1,0.1,0.1,0.1,0.1,0,0.1,0.1,0.1,0.1,0.1,0.1,0.1,0.1,0.1,0.1,0.1,0.1,0.1,0.1,0.1,0.1,0.1,0.1,0.1,0.1,0.1,0.1,0.1,0,0.1,0.1,0.1,0.1,0.1,0.1,0.1,0.1,0.1,-0.3,0.1,0.1,0.1,0.1,0.1,0.1,0.1,0.1,0.1,-0.9,0.1,0.1,0.1,0.1,0.1,0.1,0.1,0.1,0.1,-0.9,0.1,0.1,0.1,0.2,0.1,0.1,0.1,0.1,0.1,-0.4,0.1,0.1,0.1,0.1,0.1,0.1,0,0
0.000104,0.1,0.1,0.1,0.1,0.1,0.1,0.1,0.1,0.1,0.1,0.1,0.2,0.1,0.1,0.1,0.1,0.1,0.1,0.1,0.1,0.1,0.2,0.1,0.1,0.1,0.1,0.1,0.1,0.1,0.1,0.1,0.1,0.1,0.1,0.1,0.1,0.1,0.1,0.1,0.1,0.1,0.2,0.1,0.1,0.1,0.1,0.1,0.1,0.1,0.1,0.1,0.1,0.1,0.1,0.1,0.1,0.1,0.1,0.1,0.1,0.1,-0.3,0.1,0.1,0.1,0.1,0.1,0.1,0.1,0.1,0.1,-0.9,0.1,0.1,0.1,0.1,0.1,0.1,0.1,0.1,0.1,-0.9,0.1,0.1,0.1,0.1,0.1,0.1,0.1,0.1,0.1,-0.4,0.1,0.1,0.1,0.1,0.1,0.1,-0.1,0
0.000104,0.1,0.1,0.1,0.1,0.1,0.1,0.1,0.1,0.1,0.1,0.1,0.1,0.1,0.1,0.1,0.1,0.1,0.1,0.1,0.1,0.1,0.2,0.1,0.1,0.1,0.1,0.1,0.1,0.1,0.1,0.1,0.2,0.1,0.1,0.1,0.1,0.1,0.1,0.1,0.1,0.1,0.2,0.1,0.1,0.1,0.1,0.1,0.1,0.1,0.1,0.1,0.1,0.1,0.1,0.1,0.1,0.1,0.1,0.1,0.1,0.1,-0.3,0.1,0.1,0.1,0.1,0.1,0.1,0,0.1,0.1,-0.9,0.1,0.1,0.1,0.1,0.1,0.1,0.1,0.1,0.1,-0.9,0.1,0.1,0.1,0.1,0.1,0.1,0.1,0.1,0.1,-0.3,0.1,0.1,0.1,0.1,0.1,0.1,-0.1,0
0.000104,0,0.1,0.1,0.1,0.1,0.1,0.1,0.1,0.1,0.1,0.1,0.1,0.1,0.1,0.1,0.1,0.1,0.1,0.1,0.1,0.1,0.1,0.1,0.1,0.1,0.1,0.1,0.1,0.1,0.1,0.1,0.1,0.1,0.1,0.1,0.1,0,0.1,0.1,0.1,0.1,0.2,0.1,0.1,0.1,0.1,0.1,0.1,0.1,0.1,0.1,0,0.1,0.1,0.1,0.1,0.1,0.1,0.1,0.1,0.1,-0.4,0.1,0.1,0.1,0.1,0.1,0.1,0.1,0.1,0.1,-0.9,0,0.1,0.1,0.1,0.1,0.1,0.1,0.1,0.1,-0.9,0.1,0.1,0.1,0.1,0.1,0.1,0.1,0.1,0.1,-0.4,0.1,0.1,0.1,0.1,0.1,0.1,-0.1,-0.1
0.000104,0,0.1,0.1,0.1,0.1,0.1,0.1,0.1,0.1,0.1,0.1,0.2,0.1,0.1,0.1,0.1,0.1,0.1,0.1,0.1,0.1,0.1,0.1,0.1,0.1,0.1,0.1,0.1,0.1,0.1,0.1,0.1,0.1,0.1,0.1,0.1,0.1,0.1,0.1,0.1,0.1,0.2,0.1,0.1,0.1,0.1,0.1,0.1,0.1,0.1,0.1,0,0.1,0.1,0.1,0.1,0.1,0.1,0.1,0.1,0.2,-0.4,0.1,0.1,0.1,0.1,0.1,0.1,0.1,0.1,0.1,-0.9,0.1,0.1,0.1,0.1,0.1,0.1,0.1,0.1,0.1,-0.9,0.1,0.1,0.1,0.1,0.1,0.1,0.1,0.1,0.1,-0.3,0.1,0.1,0.1,0.1,0.1,0.1,-0.1,-0.1
0.000105,0,0.1,0.1,0.1,0.1,0.1,0.1,0.1,0.1,0.1,0.1,0.1,0.1,0.1,0.1,0.1,0.1,0.1,0.1,0.1,0.1,0,0.1,0.1,0.1,0.1,0.1,0.1,0.1,0.1,0.1,0.1,0.1,0.1,0.1,0.1,0.1,0.1,0.1,0.1,0.1,0.2,0.1,0.1,0.1,0.1,0.1,0.1,0.1,0.1,0.1,0.1,0.1,0.1,0,0.1,0.1,0.1,0.1,0.1,0.1,-0.3,0.1,0.1,0.1,0.1,0.1,0.1,0.1,0.1,0.1,-0.9,0.1,0.1,0.1,0.1,0.1,0.1,0.1,0.1,0.1,-1,0.1,0.1,0.2,0.1,0.1,0.1,0.1,0.1,0.1,-0.3,0.1,0.1,0.1,0.1,0.1,0.1,0,-0.1
0.000105,0,0.1,0.1,0.1,0.1,0.1,0.1,0.1,0.1,0.1,0.1,0,0.1,0.1,0.1,0.1,0.1,0.1,0.1,0.1,0.1,0.2,0.1,0.1,0.1,0.1,0.1,0.1,0.1,0.1,0.1,0,0.1,0.1,0.1,0.1,0.1,0.1,0.1,0.1,0.1,0.1,0.1,0.1,0.1,0.1,0.1,0.1,0.1,0.1,0.1,0,0.1,0.1,0.1,0.1,0.1,0.1,0.2,0.1,0.1,-0.3,0.1,0.1,0.1,0.1,0.1,0.1,0.1,0.1,0.1,-0.9,0.1,0.1,0.1,0.1,0.1,0.1,0.1,0.1,0.1,-0.8,0.1,0.1,0.1,0.1,0.1,0.1,0.1,0.1,0.1,-0.4,0.1,0.1,0.1,0.1,0.1,0.1,-0.1,0
0.000105,0,0.1,0.1,0.1,0.1,0.1,0.1,0.1,0.1,0.1,0.1,0.1,0.1,0.1,0.1,0.1,0.1,0.1,0.1,0.1,0.1,0.2,0.1,0.1,0.1,0.1,0.1,0.1,0.1,0.1,0.1,0,0.1,0.1,0.1,0.1,0.1,0.1,0.1,0.1,0.1,0.1,0.1,0.1,0.1,0.1,0,0.1,0.1,0.1,0.1,0,0.1,0.1,0.1,0.1,0.1,0.1,0.1,0.1,0.1,-0.3,0.1,0.1,0.1,0.1,0.1,0.1,0.1,0.1,0.1,-0.8,0.1,0.1,0.1,0.1,0.1,0.1,0.1,0.1,0.1,-0.8,0.1,0.1,0.1,0.1,0.1,0.1,0.1,0.1,0.1,-0.4,0.1,0.1,0.1,0.1,0.1,0.1,-0.1,-0.1
0.000105,0,0.1,0.1,0.1,0.1,0.1,0.1,0.1,0.1,0.1,0.1,0.1,0.1,0.1,0.1,0.1,0.1,0.1,0.1,0.1,0.1,0.2,0.1,0.1,0.1,0.1,0.1,0.1,0.1,0.1,0.1,0.1,0.1,0.1,0.1,0.1,0.1,0.1,0.1,0.1,0.1,0.2,0.1,0.1,0.1,0.1,0.1,0.1,0.1,0.1,0.1,-0.1,0.1,0.1,0.1,0.1,0.1,0.1,0.1,0.1,0.1,-0.3,0.1,0.1,0.1,0.1,0.1,0.1,0.1,0.1,0.1,-0.8,0.1,0.1,0.1,0.1,0.1,0.1,0.1,0.1,0.1,-0.9,0.1,0.1,0.1,0.1,0.1,0.1,0.1,0.1,0.1,-0.4,0.1,0.1,0.1,0.1,0.1,0.1,0,-0.1
0.000105,0.1,0.1,0.1,0.1,0.1,0.1,0.1,0.1,0.1,0.1,0.1,0,0.1,0.1,0.1,0.1,0.1,0.1,0.1,0.1,0.1,0.1,0.1,0.1,0.1,0.1,0.1,0.1,0.1,0.1,0.1,0.1,0.1,0.1,0.1,0.1,0.1,0.1,0.1,0.1,0.1,0.1,0.1,0.1,0.1,0.1,0.1,0.1,0.1,0.1,0.1,0,0.1,0.1,0.1,0.1,0.1,0.1,0.1,0.1,0.1,-0.3,0.1,0.1,0.1,0.1,0.1,0.1,0.1,0.1,0.1,-0.9,0.1,0.1,0.1,0.1,0.1,0.1,0.1,0.1,0.1,-0.8,0.1,0.1,0.1,0.1,0.1,0.1,0.1,0.1,0.1,-0.3,0.1,0.1,0.1,0.1,0.1,0.1,0,-0.1
0.000106,0.1,0.1,0.1,0.1,0.1,0.1,0.1,0.1,0.1,0.1,0.1,0.1,0.1,0.1,0.1,0.1,0.1,0.1,0.1,0.1,0.1,0.1,0.1,0.1,0.1,0.1,0.1,0.1,0.1,0.1,0.1,0,0.1,0.1,0.1,0.1,0.1,0.1,0.1,0.1,0.1,0.1,0.1,0.1,0.1,0.1,0.1,0.1,0.1,0.1,0.1,0,0.1,0.1,0.1,0.1,0.1,0.1,0.1,0.1,0.1,-0.3,0.1,0.1,0.1,0.1,0.1,0.1,0.1,0.1,0.1,-0.9,0.1,0.1,0.1,0.1,0.1,0.1,0.1,0,0.1,-0.9,0.1,0.1,0.1,0.1,0.1,0.1,0.1,0.1,0.1,-0.4,0.1,0.1,0.1,0.1,0.1,0.1,0,0
0.000106,0,0.1,0.1,0.1,0.1,0.1,0.1,0.1,0.1,0.1,0.1,0.1,0.1,0.1,0.1,0.1,0.1,0.1,0.1,0.1,0.1,0.1,0.1,0.1,0.1,0.1,0.1,0.1,0.1,0.1,0.1,0.1,0.1,0.1,0.1,0.1,0.1,0.1,0.1,0.1,0.1,0.2,0.1,0.1,0.1,0.1,0.1,0.1,0.1,0.1,0.1,0,0.1,0.1,0.1,0.1,0.1,0.1,0.1,0.1,0.1,-0.3,0.1,0.1,0.1,0.1,0.1,0.1,0.1,0.1,0.1,-0.9,0.1,0.1,0.1,0,0.1,0.1,0.1,0.1,0.1,-1,0.1,0.1,0.1,0.1,0.1,0.1,0.1,0.1,0.1,-0.4,0.1,0.1,0.1,0.1,0.1,0.1,-0.1,0
0.000106,0,0.1,0.1,0.1,0.1,0.1,0.1,0.1,0.1,0.1,0.2,0.1,0.1,0.1,0.1,0.1,0.1,0.1,0.1,0.1,0.1,0.2,0.1,0.1,0.1,0.1,0.1,0.1,0.1,0.1,0.1,0.1,0.1,0.1,0.1,0.1,0.1,0.1,0.1,0.1,0.1,0.1,0.1,0.1,0.1,0.1,0.1,0.1,0.1,0.1,0.1,-0.1,0.1,0.1,0.1,0.1,0.1,0.1,0.1,0,0.1,-0.4,0.1,0.1,0.1,0.1,0.1,0.1,0.1,0.1,0.1,-0.9,0.1,0.1,0.1,0.1,0.1,0.1,0.1,0.1,0.1,-1,0.1,0.1,0.1,0.1,0.1,0.1,0.1,0.1,0.1,-0.4,0.1,0.1,0.1,0.1,0.1,0.1,0,-0.1
0.000106,0.1,0.1,0.1,0.1,0.1,0.1,0.1,0.1,0.1,0.1,0.1,0.1,0.1,0.1,0.1,0.2,0.1,0.1,0.1,0.1,0.1,0.1,0.1,0.1,0.1,0.1,0.1,0.1,0.1,0,0.1,0,0.1,0.1,0.1,0.1,0.1,0.1,0.1,0.1,0.1,0.1,0.1,0.1,0.1,0.1,0.1,0.1,0.1,0.1,0.1,-0.1,0.1,0.1,0.1,0.1,0.1,0.1,0.1,0.1,0.1,-0.4,0.1,0.1,0.1,0.1,0.1,0.1,0.1,0.1,0.1,-0.9,0.1,0.1,0.1,0.1,0.1,0.1,0.1,0.1,0.1,-0.9,0.1,0.1,0.1,0.1,0.1,0.1,0.1,0.1,0.1,-0.4,0.1,0.1,0.1,0.1,0.1,0.1,0,0
0.000106,0.1,0.1,0.1,0.1,0.1,0,0.1,0.1,0.1,0.1,0.1,0.2,0.1,0.1,0.1,0.1,0.1,0.1,0.1,0.1,0.1,0,0.1,0.1,0.1,0.1,0.1,0.1,0,0.1,0.1,0.1,0.1,0.1,0.1,0.1,0.1,0.1,0.1,0.1,0.1,0.2,0.1,0.1,0.1,0,0.1,0.1,0.1,0.1,0.1,0,0.1,0.1,0.1,0.1,0.1,0.1,0.1,0.1,0.1,-0.4,0.1,0.1,0.1,0.1,0.1,0.1,0.1,0.1,0.1,-0.9,0.1,0.1,0.1,0.1,0.1,0.1,0.1,0.1,0.1,-1,0.1,0.1,0.1,0.1,0.1,0.1,0.1,0.1,0.1,-0.5,0.1,0.1,0.1,0.1,0.1,0.1,0,0
0.000107,0.1,0.1,0.1,0.2,0.1,0.1,0.1,0.1,0,0.1,0.1,0,0.1,0.1,0.1,0.1,0.1,0.1,0.1,0.1,0.1,0.1,0.1,0.1,0.1,0.1,0.1,0.1,0.1,0.1,0.1,0.1,0.1,0.1,0.1,0.1,0.1,0.1,0.1,0.1,0.1,0,0.1,0.1,0.1,0.1,0.1,0.1,0.1,0.1,0.1,0,0.1,0.1,0.1,0.1,0.1,0.1,0.1,0.1,0.1,-0.4,0.1,0.1,0.1,0.1,0.1,0.1,0.1,0.1,0.1,-1,0.1,0.1,0.1,0.1,0.1,0.1,0.1,0.1,0.1,-0.8,0.1,0.1,0.1,0.1,0.1,0.1,0.2,0.1,0.1,-0.4,0.1,0.1,0.1,0,0.1,0.1,0,0
0.000107,0.2,0.1,0.1,0.1,0.1,0.1,0.1,0.1,0.1,0.1,0.1,0.1,0.1,0.1,0.1,0.1,0.1,0.1,0.1,0.1,0.1,0.1,0.1,0.1,0.1,0.1,0.1,0.1,0.1,0.1,0.1,0.1,0.1,0.1,0.1,0.1,0.1,0.1,0.1,0.1,0.1,0.1,0.1,0.1,0.1,0.1,0.1,0.1,0.1,0.1,0.1,0,0.1,0.1,0.1,0.1,0.1,0.1,0.1,0.1,0.1,-0.4,0.1,0.1,0.1,0.1,0.1,0.1,0.1,0.1,0.1,-0.9,0.1,0.1,0.1,0.1,0.1,0.1,0.1,0.1,0.1,-0.9,0.1,0.1,0.1,0.1,0.1,0.1,0.1,0.1,0.2,-0.4,0.1,0.1,0.1,0.1,0.1,0.1,-0.1,0
0.000107,0.1,0.1,0.1,0.1,0.1,0.1,0.1,0.1,0.1,0.1,0.1,0.1,0.1,0.1,0.1,0.1,0.1,0.1,0.1,0.1,0.1,0,0.1,0.1,0.1,0.1,0.1,0.1,0.1,0.1,0.1,0.1,0.1,0.1,0.1,0.1,0.1,0.1,0.1,0.1,0.1,0.1,0.1,0.1,0.1,0.1,0.1,0.1,0.1,0.1,0.1,0,0.1,0.1,0.1,0.1,0.1,0.1,0.1,0.1,0.1,-0.4,0.1,0.1,0.1,0.1,0.1,0.1,0.1,0.1,0.1,-0.9,0.1,0.1,0.1,0.1,0.1,0.1,0.1,0.1,0.1,-1,0.1,0.1,0.1,0.1,0.1,0.1,0.1,0.1,0.1,-0.4,0.1,0.1,0.1,0.1,0.1,0.1,-0.1,0
0.000107,0.1,0.1,0.1,0.1,0.1,0.1,0.1,0.1,0.1,0.1,0.1,0,0.1,0.1,0.1,0.1,0.1,0.1,0.1,0.1,0,0,0.1,0.1,0.1,0.1,0.1,0.1,0.1,0.1,0.1,0.1,0.1,0.1,0.1,0.1,0.1,0.1,0.1,0.1,0.1,0.1,0.1,0.1,0.1,0.1,0.1,0,0.1,0.1,0.1,0,0.1,0.1,0.1,0.1,0.1,0.1,0.1,0.1,0.1,-0.4,0.1,0.1,0.1,0.1,0.1,0.1,0.1,0.1,0.1,-0.9,0.1,0.1,0.1,0.1,0.1,0.1,0.1,0.1,0.1,-0.9,0.1,0.1,0.1,0.1,0.1,0.1,0.1,0.1,0.1,-0.4,0.1,0.1,0.1,0.1,0.1,0.1,0,0
0.000107,0,0.1,0.1,0.1,0.1,0.1,0.1,0.1,0.1,0.1,0.1,0.1,0.1,0.1,0.1,0.1,0.1,0.1,0.1,0.1,0.1,0,0.1,0.1,0.1,0.1,0.1,0.1,0.1,0.1,0.1,0,0.1,0.1,0.1,0.1,0.1,0.1,0.1,0.1,0.1,0.1,0.1,0.1,0.1,0.1,0.1,0.1,0.1,0.1,0.1,0,0.1,0.1,0.1,0.1,0.1,0.1,0.1,0.1,0.1,-0.5,0.1,0.1,0.1,0.1,0.1,0.1,0.1,0.1,0.1,-0.8,0.1,0.1,0.1,0.1,0.1,0.1,0.1,0.1,0.1,-1,0.1,0.1,0.1,0.1,0.1,0.1,0.1,0.1,0.1,-0.4,0.1,0.1,0.1,0.1,0.1,0.1,0.1,0
0.000108,0,0.1,0.1,0.1,0.1,0.1,0.1,0.1,0.1,0.1,0.1,0.1,0.1,0.1,0.1,0.1,0.1,0.1,0.1,0.1,0.1,0.1,0.1,0.1,0.1,0.1,0.1,0.1,0.1,0.1,0.1,0.1,0.1,0.1,0.1,0.1,0.1,0.1,0.1,0.1,0.1,0.1,0.1,0.1,0.1,0.1,0.2,0.1,0.1,0.1,0.1,-0.1,0.1,0.1,0.1,0.1,0.1,0.1,0.1,0.1,0.1,-0.4,0.1,0.1,0.1,0.1,0.1,0.1,0.1,0.1,0.1,-0.8,0.1,0.1,0.1,0.1,0.1,0.1,0.1,0.1,0.1,-0.9,0.1,0.1,0.1,0.1,0.1,0.1,0.1,0.1,0.1,-0.4,0.1,0.1,0.1,0.1,0.1,0.1,-0.1,-0.1
0.000108,0,0.1,0.1,0.1,0.1,0.1,0.1,0.1,0.1,0.1,0.1,0.1,0.1,0.1,0.1,0.1,0.1,0.1,0.1,0.1,0.1,0.1,0.1,0.1,0.1,0.1,0.1,0.1,0.1,0.1,0.1,0.1,0.1,0.1,0.1,0.1,0.1,0.1,0.1,0.1,0.1,0,0.1,0.1,0.1,0.1,0.1,0.1,0.1,0.1,0.1,0,0.1,0.1,0.1,0.1,0.1,0.1,0.1,0.1,0.1,-0.3,0.1,0.1,0.1,0.1,0.1,0.1,0.1,0.1,0.1,-0.8,0.1,0.1,0.1,0.1,0.1,0.1,0.1,0.1,0.1,-0.9,0.1,0.1,0.1,0.1,0.1,0.1,0.1,0.1,0.1,-0.3,0.1,0.1,0.1,0.1,0.1,0.1,-0.1,-0.1
0.000108,0,0.1,0.1,0.1,0.1,0.1,0.1,0.1,0.1,0.1,0.1,0,0.1,0.1,0.1,0.1,0.1,0.1,0.1,0.1,0.1,0.1,0.1,0.1,0.1,0.1,0.1,0.1,0.1,0.1,0.1,0.1,0.1,0.1,0.1,0.1,0.1,0.1,0.1,0.1,0.1,0,0.1,0.1,0.1,0.1,0.1,0.1,0.1,0,0.1,0,0.1,0.1,0.1,0.1,0.1,0.1,0.1,0,0.1,-0.3,0,0.1,0.1,0.1,0.1,0.1,0.1,0.1,0.1,-0.8,0.1,0.1,0.1,0.1,0.1,0.1,0.1,0.1,0.1,-0.9,0.1,0.1,0.1,0.1,0.1,0.1,0.1,0.1,0.1,-0.4,0.1,0.1,0.1,0.1,0.1,0.1,-0.1,-0.1
0.000108,0,0.1,0.1,0.1,0.1,0.1,0.1,0.1,0.1,0.1,0.1,0.1,0.1,0.1,0.1,0.1,0.1,0.1,0.1,0.1,0.1,0,0.1,0.1,0.1,0.1,0.1,0.1,0.1,0.1,0.1,0.1,0.1,0.1,0.1,0.1,0.1,0.1,0.1,0.1,0.1,0.1,0.1,0.1,0.1,0.1,0.1,0.1,0.1,0.1,0.1,0,0.1,0.1,0.1,0.1,0.1,0.1,0.1,0.1,0.1,-0.2,0.1,0.1,0.1,0.1,0.1,0.1,0.1,0.1,0.1,-0.9,0.1,0.1,0,0.1,0.1,0.1,0.1,0.1,0.1,-0.9,0.1,0.1,0.1,0.2,0.1,0.1,0.1,0.1,0.1,-0.4,0.1,0.1,0.1,0.1,0.1,0.1,-0.1,-0.1
0.000108,0,0.1,0.1,0.1,0.1,0.1,0.1,0.1,0.1,0.1,0.1,0.1,0.1,0.1,0.1,0.1,0.1,0.1,0.2,0.1,0.1,0.1,0.1,0.1,0.1,0.1,0.1,0.1,0.1,0.1,0.1,0.1,0.1,0.1,0.1,0.1,0.1,0.1,0.1,0.1,0.1,0.1,0.1,0.1,0.1,0.1,0.1,0.1,0.1,0.1,0.1,0,0.1,0.1,0.1,0.1,0.1,0.1,0.1,0.1,0.1,-0.4,0.1,0.1,0.1,0.1,0.1,0.1,0,0.1,0.1,-0.7,0.1,0.1,0.1,0.1,0.1,0.1,0.1,0.1,0.1,-0.9,0.1,0.1,0.1,0.1,0.2,0.1,0.1,0.1,0.1,-0.4,0.1,0.1,0.1,0.1,0.1,0.1,0,-0.1
0.000109,0,0.1,0.1,0.1,0.1,0.1,0.1,0.1,0.1,0.1,0.1,0,0.1,0.1,0.1,0.1,0.1,0.1,0.1,0.1,0.1,0,0.1,0.1,0.1,0.1,0.1,0.1,0.1,0.1,0.1,0.1,0.1,0.1,0.1,0.1,0.1,0.1,0.1,0.1,0.1,0.1,0.1,0.1,0.1,0.1,0.1,0.1,0.1,0.1,0.1,0,0.1,0.1,0.1,0.1,0.1,0.1,0.1,0.1,0.1,-0.4,0.1,0.1,0.1,0.1,0.1,0.1,0.1,0.1,0.1,-0.8,0.1,0.1,0.1,0.1,0.1,0.1,0.1,0.1,0.1,-0.9,0.1,0.1,0.1,0.1,0.1,0.1,0.1,0.1,0.1,-0.3,0.1,0.1,0.1,0.1,0.1,0.1,0,-0.1
0.000109,0.1,0.1,0.1,0.1,0.1,0,0.1,0.1,0.1,0.1,0.1,0,0.1,0.1,0.1,0.1,0.1,0.1,0.1,0.1,0.1,0,0.1,0.1,0.1,0.1,0.1,0.1,0.1,0.1,0.1,0.1,0.1,0.1,0.1,0.1,0.1,0.1,0.1,0.1,0.1,0.1,0.1,0.1,0.1,0.1,0.1,0.1,0.1,0.1,0.1,0,0.1,0.1,0.1,0.1,0.1,0.1,0.1,0.1,0.1,-0.4,0.1,0.1,0.1,0.1,0.1,0.1,0.1,0.1,0.1,-0.9,0.1,0.1,0.1,0.1,0.1,0.1,0.1,0,0.1,-0.8,0.1,0.1,0.1,0.1,0.1,0.1,0.1,0.1,0.1,-0.3,0.1,0.1,0.1,0.1,0.1,0.1,0,0
0.000109,0.1,0.1,0.1,0.1,0.1,0.1,0.1,0.1,0.1,0.1,0.1,0.1,0.1,0.1,0.1,0.1,0.1,0.1,0.1,0.1,0.1,0,0.1,0.1,0.1,0.1,0.1,0.1,0.1,0.1,0.1,0.1,0.1,0.1,0.1,0.1,0.1,0.1,0.1,0.1,0.1,0.1,0.1,0.1,0.1,0.1,0.1,0.1,0.1,0.1,0.1,0,0.1,0.1,0.1,0.1,0.1,0.1,0.1,0.1,0.1,-0.4,0.1,0.1,0.1,0.1,0,0.1,0.1,0.1,0,-0.8,0.1,0.1,0.1,0.1,0.1,0.1,0.1,0.1,0.1,-0.9,0.1,0.1,0.1,0.1,0.1,0.1,0.1,0.1,0.1,-0.4,0.1,0.1,0.1,0.1,0.1,0.1,0,0
0.000109,0.1,0.1,0.1,0.1,0.1,0.1,0.1,0.1,0.1,0.1,0.1,0.1,0.1,0.1,0.1,0.1,0.1,0.1,0.1,0.1,0.1,0,0.1,0.1,0.1,0.1,0.1,0.1,0.1,0.1,0.1,0.1,0.1,0.1,0.1,0.1,0.1,0.1,0.1,0.1,0.1,0.2,0.1,0.1,0.1,0.1,0.1,0.1,0.1,0.1,0.1,0,0.1,0.1,0.1,0.1,0.1,0.1,0.1,0.1,0.1,-0.3,0.1,0.1,0.1,0.1,0.1,0.1,0.1,0.1,0.1,-0.9,0.1,0.1,0.1,0.1,0.1,0.1,0.1,0.1,0.1,-0.8,0.1,0.1,0.1,0.1,0.1,0.1,0.1,0.1,0.1,-0.4,0.1,0.1,0.1,0.1,0.1,0.1,0,-0.1
0.000109,0.1,0.1,0.1,0.1,0.1,0.1,0.1,0.1,0.1,0.1,0.1,0.1,0.1,0.1,0.1,0.1,0,0.1,0.1,0.1,0.1,0,0.1,0.1,0.1,0.1,0.1,0.1,0.1,0.1,0.1,0,0.1,0.1,0.1,0,0.1,0.1,0.1,0.1,0.1,0.1,0.1,0.1,0.1,0.1,0.1,0.1,0.1,0.1,0.1,0.1,0.1,0.1,0.1,0.1,0.1,0.1,0.1,0.1,0.1,-0.4,0.1,0.1,0.1,0.1,0.1,0.1,0.1,0.1,0.1,-0.8,0.1,0.1,0.1,0.1,0.1,0.1,0.1,0.1,0.1,-0.9,0.1,0.1,0.1,0.1,0.1,0.1,0.1,0.1,0.1,-0.4,0.1,0.1,0.1,0.1,0.1,0.1,0,-0.1
0.00011,0.1,0.1,0.1,0.1,0.1,0.1,0.1,0.1,0.1,0.1,0,0.1,0.1,0.1,0.1,0.1,0.1,0.1,0.1,0.1,0.1,0.1,0.1,0.1,0.1,0.1,0.1,0.1,0.1,0.1,0.1,0,0.1,0.1,0.1,0.1,0.1,0.1,0.1,0.1,0.1,0,0.1,0.1,0.1,0.1,0.1,0.1,0.1,0.1,0.1,-0.1,0.1,0.1,0.1,0.1,0.1,0.1,0.1,0.1,0.1,-0.4,0.1,0.1,0.1,0.1,0.1,0.1,0.1,0.1,0.1,-0.9,0.1,0.1,0.1,0.1,0.1,0.1,0.1,0.1,0.1,-0.8,0.1,0.1,0.1,0.1,0.1,0.1,0.1,0.1,0.1,-0.4,0.1,0.1,0.1,0.1,0.1,0.1,0,-0.1
0.00011,0,0,0.1,0.1,0.1,0.1,0.1,0.1,0.1,0.1,0.1,0.1,0.1,0.1,0.1,0.1,0.1,0.1,0.1,0.1,0.1,0.1,0.1,0.1,0.1,0.1,0.1,0.1,0.1,0.1,0.1,0,0.1,0.1,0.1,0.1,0.1,0.1,0.1,0.1,0.1,0.1,0.1,0.1,0.1,0.1,0.1,0.1,0.1,0.1,0.1,-0.1,0.1,0.1,0.1,0.1,0.1,0.1,0.1,0.1,0.1,-0.4,0.1,0.1,0.1,0.1,0.1,0.1,0.1,0.1,0.1,-0.8,0.1,0.1,0.1,0.1,0.1,0.1,0.1,0.1,0.1,-0.8,0.1,0.1,0.1,0.1,0.1,0.1,0.1,0.1,0.1,-0.3,0.1,0.1,0.1,0.1,0.1,0.1,-0.1,0
0.00011,0,0.1,0.1,0.1,0.1,0.1,0.1,0.1,0.1,0.1,0.1,0.1,0.1,0.1,0.1,0.1,0.1,0.1,0.1,0.1,0.1,0.1,0.1,0.1,0.1,0.1,0.1,0.1,0.1,0.1,0.1,0.1,0.1,0.1,0.1,0.1,0.1,0.1,0.1,0.1,0.1,0.1,0.1,0.1,0.1,0.1,0.1,0.1,0.1,0.1,0.1,0,0.1,0.1,0.1,0.1,0.1,0.1,0.1,0.1,0.1,-0.4,0.1,0.1,0.1,0.1,0.1,0.1,0.1,0.1,0.1,-0.9,0.1,0.1,0.1,0.1,0.1,0.1,0.1,0.1,0.1,-0.8,0.1,0.1,0.1,0.1,0.1,0.1,0.1,0.1,0.1,-0.3,0.1,0.1,0.1,0.1,0.1,0.1,-0.1,-0.1
0.00011,0,0.1,0.1,0.1,0.1,0.1,0.1,0.1,0.1,0.1,0.1,0.1,0.1,0.1,0.1,0.1,0.1,0.1,0.1,0.1,0.1,0,0.1,0.1,0.1,0.1,0.1,0.1,0.1,0.1,0.1,0.1,0.1,0.1,0.1,0.1,0.1,0.1,0.1,0.1,0.1,0.1,0.1,0.1,0,0.1,0.1,0.1,0.1,0.1,0.1,0,0.1,0.1,0.1,0.1,0.1,0.1,0.1,0.1,0.1,-0.4,0.1,0.1,0.1,0.1,0.1,0.1,0.1,0.1,0.1,-0.8,0.1,0.1,0.1,0.1,0.1,0.1,0.1,0.1,0.1,-0.8,0.1,0.1,0.1,0.1,0.1,0.1,0.1,0.1,0.1,-0.3,0.1,0.1,0.1,0.1,0.1,0.1,0,0
0.00011,0,0.1,0.1,0.1,0.1,0.1,0.1,0.1,0.1,0.1,0.1,0.1,0.1,0.1,0.1,0.1,0.1,0.1,0.1,0.1,0.1,0.1,0.1,0.1,0.1,0.1,0.1,0.1,0.1,0.1,0.1,0,0.1,0.1,0.1,0.1,0.1,0.1,0.1,0.1,0.1,0,0.1,0.1,0.1,0.1,0.1,0.1,0,0.1,0.1,0,0.1,0.1,0.1,0.1,0.1,0.1,0.1,0.1,0.1,-0.4,0.1,0.1,0.1,0.1,0.1,0.1,0.1,0.1,0.1,-0.8,0.1,0.1,0.1,0.1,0.1,0.1,0.1,0.1,0.1,-0.8,0.1,0.1,0.1,0.1,0.1,0.1,0.1,0.1,0.1,-0.3,0.1,0.1,0.1,0.1,0.1,0.1,-0.1,0
0.000111,-0.1,0.1,0.1,0.1,0.1,0.1,0.1,0.1,0.1,0.1,0.1,0.1,0.1,0.1,0.1,0.1,0.1,0.1,0.1,0.1,0.1,0,0.1,0.1,0.1,0.1,0.1,0.1,0.1,0.1,0.1,0.1,0.1,0.1,0.1,0.1,0.1,0.1,0.1,0.1,0.1,0,0.1,0.1,0.1,0.1,0.1,0.1,0.1,0.1,0.1,-0.1,0.1,0.1,0.1,0.1,0.1,0.1,0.1,0.1,0.1,-0.3,0.1,0.1,0.1,0.1,0.1,0.1,0.1,0.1,0.1,-0.8,0.1,0.1,0.1,0.1,0.1,0.1,0.1,0.1,0.1,-0.8,0.1,0.1,0.1,0.1,0.1,0.1,0.1,0.1,0.1,-0.4,0.1,0.1,0.1,0.1,0.1,0.1,-0.1,0.1
0.000111,-0.1,0.1,0.1,0.1,0.1,0.1,0,0.1,0.1,0.1,0,0.1,0.1,0.1,0.1,0.1,0.1,0.1,0.1,0.1,0.1,0,0.1,0.1,0.1,0.1,0.1,0.1,0.1,0.1,0.1,0.2,0.1,0.1,0.1,0.1,0.1,0.1,0.1,0.1,0.1,0.1,0.1,0.1,0.1,0.1,0.1,0.1,0.1,0.1,0.1,-0.1,0.1,0.1,0.1,0.1,0.1,0.1,0.1,0.1,0.1,-0.3,0.1,0.1,0.1,0,0.1,0.1,0.1,0.1,0.1,-0.8,0.1,0.1,0.1,0.1,0.1,0.1,0.1,0.1,0.1,-0.8,0.1,0.1,0.1,0.1,0.1,0.1,0.1,0.1,0.1,-0.4,0.1,0.1,0.1,0.1,0.1,0.1,-0.1,0
0.000111,0,0.1,0.1,0.1,0.1,0.1,0.1,0.1,0.1,0.1,0.1,0.1,0.1,0.1,0.1,0.1,0.1,0.1,0.1,0.1,0.1,0.1,0.1,0.1,0.1,0.1,0.1,0.1,0.1,0.1,0.1,0.1,0.1,0.1,0,0.1,0.1,0.1,0.1,0.1,0.1,0,0.1,0.1,0.1,0.1,0.1,0.1,0.1,0.1,0.1,-0.1,0.1,0.1,0.1,0.1,0.1,0.1,0.1,0.1,0.1,-0.3,0.1,0.1,0.1,0.1,0.1,0.1,0.1,0.1,0.1,-0.8,0.1,0.1,0.1,0.1,0.1,0.1,0.1,0.1,0.1,-0.9,0.1,0.1,0.1,0.1,0.1,0.1,0.1,0.1,0.1,-0.4,0.1,0.1,0.1,0.1,0.1,0.1,-0.1,-0.1
0.000111,0,0.1,0.1,0.1,0.1,0.1,0.1,0.1,0.1,0.1,0.1,0.1,0.1,0.1,0.1,0.1,0.1,0.1,0.1,0.1,0.1,0.1,0.1,0.1,0.1,0.1,0.1,0.1,0.1,0.1,0.1,0,0.1,0.1,0.1,0.1,0.1,0.1,0.1,0.1,0.1,0.1,0.1,0.1,0.1,0.1,0.1,0.1,0.1,0.1,0.1,-0.1,0.1,0.1,0.1,0.1,0.1,0.1,0.1,0.1,0.1,-0.3,0.1,0.1,0.1,0.1,0.1,0.1,0.1,0.1,0.1,-0.8,0.1,0.1,0.1,0.1,0.1,0.1,0.1,0.1,0.1,-0.8,0.1,0.1,0.1,0.1,0.1,0.1,0.1,0.1,0.1,-0.4,0.1,0.1,0.1,0.1,0.1,0.1,-0.1,0.1
0.000111,0,0.1,0.1,0.1,0.1,0.1,0.1,0.1,0.1,0.1,0.1,0.1,0.1,0.1,0.1,0.1,0.1,0.1,0.1,0.1,0.1,0,0.1,0.1,0.1,0.1,0.1,0.1,0.1,0.1,0.1,0.2,0.1,0.1,0.1,0.1,0.1,0.1,0.1,0.1,0.1,0.1,0.1,0.1,0.1,0.1,0.1,0.1,0.1,0.1,0.1,0,0.1,0.1,0.1,0,0.1,0.1,0.1,0.1,0.1,-0.4,0.1,0.1,0.1,0.1,0.1,0.1,0.1,0.1,0.1,-0.8,0.1,0.1,0.1,0.1,0.1,0.1,0.1,0.2,0.1,-0.8,0.1,0.1,0.1,0.1,0.1,0.1,0.1,0.1,0.1,-0.3,0.1,0.1,0.1,0.1,0,0.1,-0.1,0
0.000112,0.1,0.1,0.1,0.1,0.1,0.1,0.1,0.1,0.1,0.1,0.1,0.1,0.1,0.1,0.1,0.1,0.1,0.1,0.1,0.1,0.1,0,0.1,0.1,0.1,0.1,0.1,0.1,0.1,0.1,0.1,0,0.1,0,0.1,0.1,0.1,0.1,0.1,0.1,0.1,0.1,0.2,0.1,0.1,0.1,0.1,0.1,0.1,0.1,0.1,0,0.1,0.1,0.1,0.1,0.1,0.1,0.1,0.1,0.1,-0.4,0.1,0.1,0.1,0.1,0.1,0.1,0.1,0.1,0.1,-0.8,0.1,0.1,0.1,0.1,0.1,0.1,0.1,0.1,0.1,-0.8,0.1,0.1,0.1,0.1,0.1,0.1,0.1,0.1,0.1,-0.4,0.1,0.1,0.1,0.1,0.1,0.1,-0.1,0
0.000112,0,0.1,0.1,0.1,0.1,0.1,0.1,0.1,0.1,0.1,0,0.1,0.1,0.1,0.1,0.1,0.1,0.1,0.1,0.1,0.1,0.1,0.1,0.1,0.1,0.1,0.1,0.1,0.1,0.1,0.1,0,0.1,0.1,0.1,0.1,0.1,0.1,0.1,0.1,0.1,0,0.1,0.1,0.1,0.1,0.1,0.1,0.1,0.1,0.1,0,0.1,0.1,0.1,0.2,0.1,0.1,0.1,0.1,0.1,-0.4,0.1,0.1,0.1,0.1,0.1,0,0.1,0.1,0.1,-0.7,0.1,0.1,0.1,0.1,0.1,0.1,0.1,0.1,0.1,-0.9,0,0.1,0.1,0.1,0.1,0.2,0.1,0.1,0.1,-0.4,0.1,0.1,0.1,0.1,0.1,0.1,-0.1,0
0.000112,0,0.1,0.1,0.1,0.1,0.1,0.1,0.1,0.1,0.1,0.1,0.2,0.1,0.1,0.1,0.1,0.1,0.1,0.1,0.1,0.1,0.1,0.1,0.1,0.1,0.1,0.1,0.1,0.1,0.1,0.1,0.1,0.1,0.1,0.1,0.1,0.1,0.1,0.1,0.1,0.1,0.1,0.1,0.1,0.1,0.1,0.1,0.1,0.1,0.1,0.1,0,0.1,0.1,0.1,0.1,0.1,0.1,0.1,0.1,0.1,-0.3,0.1,0.1,0.1,0.1,0.1,0.1,0.1,0.1,0.1,-0.8,0.1,0.1,0.1,0.1,0.1,0.1,0,0.1,0.1,-0.7,0.1,0.1,0.1,0.1,0.1,0.1,0.1,0.1,0.1,-0.3,0.1,0.1,0.1,0.1,0.1,0.1,0,0
0.000112,0,0.1,0.1,0.1,0.1,0.1,0.1,0.1,0.1,0.1,0.1,0.2,0.1,0.1,0.1,0,0.1,0.1,0.1,0.1,0.1,0.1,0.1,0.1,0.1,0.1,0.1,0.1,0.1,0.1,0.1,0.1,0.1,0.1,0.1,0.1,0.1,0.1,0.1,0.1,0.1,0.1,0.1,0.1,0.1,0.1,0.1,0.1,0.1,0.1,0.1,-0.1,0.1,0.1,0.1,0.1,0.1,0.1,0.1,0.1,0.1,-0.4,0.1,0.1,0.1,0.1,0.1,0.1,0.1,0.1,0.1,-0.7,0.1,0.1,0.1,0.1,0.1,0.1,0.1,0.1,0.1,-0.8,0.1,0.1,0.1,0.1,0.1,0.1,0.1,0.1,0.1,-0.4,0.1,0.1,0.1,0.1,0.1,0.1,0,0
0.000112,0.1,0.1,0.1,0.1,0.1,0.1,0.1,0.1,0.1,0.1,0.1,0,0.1,0.1,0,0.1,0.1,0.1,0.1,0.1,0.1,0.1,0.1,0.1,0.1,0.1,0.1,0.1,0.1,0.1,0.1,0.1,0.1,0.1,0.1,0.1,0.1,0.1,0.1,0.1,0.1,0.1,0.1,0.1,0.1,0.1,0.1,0.1,0.1,0.1,0.1,-0.1,0.1,0.1,0.1,0.1,0.1,0.1,0.1,0.1,0.1,-0.3,0.1,0.1,0.1,0.1,0.1,0.1,0.1,0.1,0.1,-0.7,0.1,0.1,0.1,0.1,0.1,0.1,0.1,0.1,0.1,-0.8,0.1,0.1,0.1,0.1,0.1,0.1,0.1,0.1,0.1,-0.4,0.1,0.1,0.1,0.1,0.1,0.1,0,0
0.000113,0,0.1,0.1,0.1,0.1,0.1,0.1,0.2,0.1,0.1,0.1,0,0.1,0.1,0.1,0.1,0.1,0.1,0.1,0.1,0.1,0.1,0.1,0.1,0.1,0.1,0.1,0.1,0.1,0.1,0.1,0.1,0.1,0.1,0.1,0.1,0.1,0.1,0.1,0.1,0.1,0.1,0.1,0.1,0.1,0.1,0.1,0.1,0.1,0.1,0.1,-0.1,0.1,0.1,0.1,0.1,0.1,0.1,0.1,0.1,0.1,-0.4,0.1,0.1,0.1,0.1,0.1,0,0.1,0.1,0.1,-0.7,0.1,0.1,0.1,0.1,0.1,0.1,0.1,0.1,0.1,-0.7,0.1,0.1,0.1,0.1,0.1,0.1,0.1,0.1,0.1,-0.4,0.1,0.1,0.1,0.1,0.1,0.1,-0.1,0
0.000113,0,0.1,0.1,0.1,0.1,0.1,0.1,0.1,0.1,0.1,0.1,0.2,0.1,0.1,0.1,0.1,0.1,0.1,0.1,0.1,0.1,0.1,0.1,0.1,0.1,0.1,0.1,0.1,0.1,0.1,0.1,0.1,0.1,0.1,0.1,0.1,0.1,0.1,0.1,0.1,0.1,0,0.1,0.1,0.1,0.1,0.1,0.1,0.1,0.1,0.1,-0.1,0.1,0.1,0.1,0.1,0.1,0.1,0.1,0.1,0.1,-0.4,0.1,0.1,0.1,0.1,0.1,0.1,0.1,0.1,0.1,-0.8,0.1,0.1,0.1,0.1,0.1,0.1,0.1,0.1,0.1,-0.8,0.1,0.1,0.1,0.1,0.1,0.1,0.1,0.1,0.1,-0.3,0.1,0.1,0.1,0.1,0.1,0.1,-0.1,0
0.000113,-0.1,0.1,0.1,0.1,0.1,0.1,0.1,0.1,0.1,0.1,0.1,0,0.1,0.1,0.1,0.1,0.1,0.1,0.1,0.1,0.1,0,0.1,0.1,0.1,0.1,0.1,0.1,0.1,0.1,0.1,0.1,0.1,0.1,0.1,0.1,0.1,0.1,0.1,0.1,0.1,0,0.1,0.1,0.1,0.1,0.1,0.1,0.1,0.1,0.1,-0.1,0.1,0.1,0.1,0.1,0.1,0.1,0.1,0.1,0.1,-0.3,0.1,0.1,0.1,0.1,0.1,0.1,0.1,0.1,0.1,-0.8,0.1,0.1,0.1,0.1,0.1,0.1,0.1,0.1,0.1,-0.8,0.1,0.1,0.1,0.1,0.1,0.1,0.1,0.1,0.1,-0.4,0.1,0.1,0.1,0.1,0.1,0.1,-0.1,0
0.000113,0,0.1,0.1,0.1,0.1,0.1,0.1,0.1,0.1,0.1,0.1,0,0.1,0.1,0.1,0.1,0.1,0.1,0.1,0.1,0.1,0.1,0.1,0.1,0.1,0.1,0.1,0.1,0.1,0.1,0.1,0,0.1,0.1,0.1,0.1,0.1,0.1,0.1,0.1,0.1,-0.1,0.1,0.1,0.1,0.1,0.1,0.1,0.1,0.1,0.1,-0.1,0.1,0.1,0.2,0.1,0.1,0.1,0.1,0.1,0.1,-0.3,0.1,0.1,0.1,0.1,0.1,0.1,0.1,0.1,0.1,-0.7,0.1,0.1,0.1,0.1,0.1,0.1,0.1,0.1,0.1,-0.8,0.1,0.1,0.1,0.1,0.1,0.1,0.1,0.1,0.1,-0.4,0.1,0.1,0.1,0.1,0.1,0.1,-0.1,0
0.000113,0,0.1,0.1,0.1,0.1,0.1,0.1,0.1,0.1,0.1,0.1,0.2,0.1,0.1,0.1,0.1,0.1,0.1,0.1,0.1,0.1,0,0.1,0.1,0.1,0.1,0.1,0.1,0.1,0.1,0.1,0,0.1,0.1,0.1,0.1,0.1,0.1,0.1,0.1,0.1,0,0.1,0.1,0.1,0.1,0.1,0.1,0.1,0.1,0.1,0,0.1,0.1,0.1,0.1,0.1,0.1,0.1,0.1,0.1,-0.3,0.1,0.1,0.1,0.1,0.1,0.1,0.1,0.1,0.1,-0.8,0.1,0.1,0.1,0.1,0.1,0.1,0.1,0.1,0.1,-0.7,0.1,0.1,0.1,0.1,0.1,0.1,0.1,0.1,0.1,-0.4,0.1,0.1,0.1,0.1,0.1,0.1,-0.1,-0.1
0.000114,-0.1,0.1,0.1,0.1,0.1,0.1,0.1,0.1,0.1,0.1,0.1,0,0.1,0.1,0.1,0.1,0.1,0.1,0.1,0.1,0.1,0.1,0.1,0.1,0.1,0.1,0.1,0.1,0.1,0.1,0.1,0,0.1,0.1,0.1,0.1,0.1,0.1,0.1,0.1,0.1,0.1,0.1,0.1,0.1,0.1,0.1,0.1,0.1,0.1,0.1,0,0.1,0.1,0,0.1,0.1,0.1,0.1,0.1,0.1,-0.3,0.1,0.1,0.1,0.1,0.1,0.1,0.1,0.1,0.1,-0.8,0.1,0.1,0.1,0.1,0.1,0.1,0.1,0.1,0.1,-0.7,0.1,0.1,0.1,0.1,0.1,0.1,0.1,0.1,0.1,-0.3,0.1,0.1,0.1,0.1,0.1,0.1,0,0
0.000114,0,0.1,0.1,0.1,0.1,0.1,0.1,0.1,0.1,0.1,0.1,0.2,0.1,0.1,0.1,0.1,0.1,0.1,0.1,0.1,0.1,0,0.1,0.1,0.1,0.1,0.1,0.1,0.1,0.1,0.1,0.1,0.1,0.1,0.1,0.1,0.1,0.1,0.1,0.1,0.1,0.1,0.1,0.1,0.1,0.1,0.1,0.1,0.1,0.1,0.1,-0.1,0.1,0.1,0.1,0.1,0.1,0.1,0.1,0.1,0.1,-0.3,0.1,0.1,0.1,0.1,0.1,0.1,0.1,0.1,0.1,-0.8,0.1,0.1,0.1,0.1,0.1,0.1,0.1,0.1,0.1,-0.7,0.1,0.1,0.1,0.1,0.1,0.1,0.1,0.1,0.1,-0.3,0.1,0.1,0.1,0.1,0.1,0.1,-0.1,0
0.000114,0,0.1,0.1,0.1,0.1,0.1,0.1,0.1,0.1,0.1,0.1,0.1,0.1,0.1,0.1,0.1,0.1,0.1,0.1,0.1,0.1,0,0.1,0.1,0.1,0.1,0.1,0.1,0.1,0.1,0.1,0.1,0.1,0.1,0.1,0.1,0.1,0.1,0.1,0.1,0.1,0,0.1,0.1,0.1,0.1,0.1,0.1,0.1,0.1,0.1,0,0.1,0.1,0.1,0.1,0.1,0.1,0.1,0.1,0.1,-0.3,0.1,0.1,0.1,0.1,0.1,0.1,0.1,0.1,0.1,-0.8,0.1,0.1,0.1,0.1,0.1,0.1,0.1,0,0.1,-0.7,0.1,0.1,0.1,0.1,0.1,0,0.1,0.1,0.1,-0.3,0.1,0.1,0.1,0,0.1,0.1,0,0
0.000114,0,0.1,0.1,0.1,0.1,0.1,0.1,0.1,0.1,0.1,0.1,0.1,0.1,0.1,0.1,0.1,0.1,0.1,0.1,0.1,0.1,0,0.1,0.1,0.1,0.1,0.1,0.1,0.1,0.1,0.1,0,0.1,0.1,0.1,0.1,0,0.1,0.1,0.1,0.1,0.1,0.1,0.1,0.1,0.1,0.1,0.1,0.1,0.1,0.1,0,0.1,0.1,0.1,0.1,0.1,0.1,0.1,0.1,0.1,-0.3,0.1,0.1,0.1,0.1,0.1,0.1,0.1,0.1,0.1,-0.8,0.1,0.1,0.1,0.1,0.1,0.1,0.1,0.1,0.1,-0.8,0.1,0.1,0.1,0.1,0.1,0.1,0.1,0.1,0.1,-0.3,0.1,0.1,0.1,0.1,0.1,0.1,-0.1,0
0.000114,0,0.1,0.1,0.1,0.1,0.1,0.1,0.1,0.1,0.1,0.1,0,0.1,0.1,0.1,0.1,0.1,0.1,0.1,0.1,0.1,0,0.1,0.1,0.1,0.1,0.1,0.1,0.1,0.1,0.1,0.1,0.1,0.1,0.1,0.1,0.1,0.1,0.1,0.1,0.1,0.1,0.1,0.1,0.1,0.1,0.1,0.1,0.1,0.1,0.1,0,0.1,0.1,0.1,0.1,0.1,0.1,0.1,0.1,0.1,-0.3,0.1,0.1,0.1,0.1,0.1,0.1,0.1,0.1,0.1,-0.7,0.1,0.1,0.1,0.1,0.1,0.1,0.1,0.1,0.1,-0.8,0.1,0.1,0.1,0.1,0.1,0.1,0.1,0.1,0.1,-0.4,0.1,0,0.1,0.1,0.1,0.1,-0.1,0
0.000115,0,0.1,0,0.1,0.1,0.1,0.1,0.1,0.1,0.1,0.1,0,0.1,0.1,0.1,0.1,0.1,0.1,0.1,0.1,0.1,0,0.1,0.1,0.1,0.1,0.1,0.1,0.1,0.1,0.1,0,0.1,0.1,0.1,0.1,0.1,0.1,0.1,0.1,0.1,0.1,0.1,0.1,0.1,0.1,0.1,0.1,0.1,0.1,0.1,-0.2,0.1,0.1,0.1,0.1,0.1,0.1,0.1,0.1,0.1,-0.3,0.1,0.1,0.1,0.1,0.1,0.1,0.1,0.1,0.1,-0.8,0.1,0.1,0.1,0.1,0.1,0.1,0,0.1,0.1,-0.7,0.1,0.1,0.1,0.1,0.1,0.1,0.1,0.1,0.1,-0.3,0.1,0.1,0.1,0.1,0.1,0.1,0,0
0.000115,0,0.1,0.1,0.1,0.1,0.1,0.1,0.1,0.1,0.1,0.1,0,0.1,0.1,0.1,0.1,0.1,0.1,0.1,0.1,0.1,0.1,0.1,0.1,0.1,0.1,0.1,0.1,0.1,0.1,0.1,0,0.1,0.1,0.2,0.2,0.1,0.1,0.1,0.1,0.1,0.2,0.1,0.1,0.1,0.1,0.1,0.1,0.1,0.1,0.1,-0.1,0.1,0,0.1,0.1,0.1,0.1,0.1,0.1,0.1,-0.3,0.1,0.1,0.1,0.1,0.1,0.1,0.1,0.1,0.1,-0.8,0.1,0.1,0.1,0.1,0.1,0.1,0.1,0.1,0.1,-0.7,0.1,0.1,0.1,0.1,0.1,0.1,0.1,0,0.1,-0.4,0.1,0.1,0.1,0,0.1,0.1,-0.1,0
0.000115,-0.1,0.1,0.1,0.1,0.1,0.1,0.1,0.2,0.1,0.1,0.1,0,0.1,0.1,0.1,0.1,0.1,0.1,0.1,0.1,0.1,0.1,0.1,0.1,0.1,0.1,0.1,0.1,0.1,0.1,0.1,0,0.1,0.1,0.1,0.1,0.1,0.1,0.1,0.1,0.1,0,0.1,0.1,0.1,0.1,0.1,0.1,0.1,0.1,0.1,-0.1,0.1,0.1,0.1,0.1,0.1,0.1,0.1,0.1,0.1,-0.3,0.1,0.1,0.1,0.1,0.1,0.1,0.1,0.1,0.1,-0.8,0.1,0.1,0.1,0.1,0.1,0.1,0.1,0.1,0.1,-0.8,0.1,0.1,0.1,0.1,0.1,0.1,0.1,0.1,0.1,-0.4,0.1,0.1,0.1,0.1,0.1,0.1,0,0.1
0.000115,0,0.1,0.1,0.1,0.1,0.1,0.1,0.1,0.1,0.1,0.1,0,0.1,0.1,0.1,0.1,0.1,0.1,0.1,0.2,0.1,0,0.1,0.1,0.1,0.1,0.1,0.1,0.1,0.1,0.1,0,0.1,0.1,0.1,0.1,0.1,0.1,0.1,0.1,0.1,-0.1,0.1,0.1,0.1,0.1,0.1,0.1,0.1,0.1,0.1,0,0.1,0.1,0.1,0.1,0.1,0.1,0.1,0.1,0.1,-0.3,0.1,0.1,0.1,0.1,0.1,0.1,0.1,0.1,0.1,-0.6,0.1,0.1,0.1,0.1,0.1,0.1,0.1,0.1,0.1,-0.7,0.1,0.1,0.1,0.1,0.1,0.1,0.1,0.1,0.1,-0.3,0.1,0.1,0.1,0.1,0.1,0.1,0,0
0.000115,0,0.1,0.1,0.1,0.1,0.1,0.1,0.1,0.1,0.1,0.1,0.1,0.1,0.1,0.1,0.1,0.1,0.1,0.1,0.1,0.1,0.1,0.1,0.1,0.1,0.1,0.1,0.1,0.1,0.1,0.1,0,0.1,0.1,0.1,0.1,0.1,0.1,0.1,0.1,0.1,0,0.1,0.1,0.1,0.1,0.1,0.1,0.1,0.1,0.1,-0.1,0.1,0.1,0.1,0.1,0.1,0.1,0.1,0.1,0.1,-0.3,0.1,0.1,0.1,0.1,0.1,0.1,0.1,0.1,0.1,-0.7,0.1,0.1,0.1,0.1,0.1,0.1,0.1,0.1,0.1,-0.7,0.1,0.1,0.1,0.1,0.1,0.1,0.1,0.1,0.1,-0.4,0.1,0.1,0.1,0.1,0.1,0.1,0,-0.1
0.000116,0,0.1,0.1,0.1,0.1,0.1,0.1,0.1,0.1,0.1,0.1,0,0.1,0.1,0.1,0.1,0.1,0.1,0.1,0.1,0.1,0,0.1,0.1,0.1,0.1,0.1,0.1,0.1,0.1,0.1,0,0.1,0,0.1,0.1,0.1,0.1,0.1,0.1,0.1,0,0.1,0.1,0.1,0.1,0.1,0.1,0.1,0.1,0.1,0,0.1,0.1,0.1,0.1,0.1,0.1,0.1,0.1,0.1,-0.3,0.1,0.1,0.1,0.1,0.1,0.1,0.1,0.1,0.1,-0.6,0.1,0.1,0.1,0.1,0.1,0.1,0.1,0.1,0.1,-0.8,0.1,0.1,0.1,0.1,0.1,0.1,0.1,0.1,0.1,-0.3,0.1,0.1,0.1,0.1,0.1,0.1,0,0
0.000116,0,0.1,0.1,0.1,0,0.1,0.1,0.1,0.1,0.1,0.1,0.1,0.1,0.1,0.1,0.1,0.1,0.1,0.1,0.1,0,0,0.1,0.1,0.1,0.1,0.1,0.1,0.1,0.1,0.1,0,0.1,0.1,0.1,0.1,0.1,0.1,0.1,0.1,0.1,0,0.1,0.1,0,0.1,0.1,0.1,0.1,0.1,0.2,-0.2,0.1,0.1,0.1,0.1,0.1,0.1,0.1,0.1,0.1,-0.3,0,0.1,0.1,0.1,0.1,0.1,0.1,0.1,0.1,-0.7,0.1,0.1,0.1,0.1,0.1,0.1,0.1,0.1,0.1,-0.8,0.1,0.1,0.1,0.1,0.1,0.1,0.1,0.1,0.1,-0.4,0.1,0.1,0.1,0.1,0.1,0.1,0,0
0.000116,-0.1,0.1,0.1,0.1,0.1,0.1,0.1,0.1,0.1,0.1,0.1,0,0.1,0.1,0.1,0.1,0.1,0.1,0.1,0.1,0.1,0,0.1,0.1,0.2,0.1,0.1,0.1,0.1,0.1,0.1,0.1,0.1,0.1,0.1,0.1,0.1,0.1,0.1,0.1,0.1,0,0.1,0.1,0.1,0.1,0.1,0.1,0.1,0.1,0.1,0,0.1,0.1,0.1,0.1,0.1,0.1,0.1,0.1,0.1,-0.3,0.1,0.1,0.1,0.1,0.1,0.1,0.1,0.1,0.1,-0.7,0,0.1,0.1,0.1,0.1,0.1,0.1,0.1,0.1,-0.7,0.1,0.1,0.1,0.1,0.1,0.1,0.1,0.1,0.1,-0.3,0.1,0.1,0.1,0.1,0.1,0.1,0,-0.1
0.000116,0,0.1,0.1,0.1,0.1,0.1,0.1,0.1,0.1,0.1,0.1,0.1,0.1,0.1,0.1,0.1,0.1,0.1,0.1,0.1,0.1,0.1,0.1,0.1,0.1,0.1,0.1,0.1,0.1,0.1,0.1,0.1,0.1,0.1,0.1,0.1,0.1,0.1,0.1,0.1,0.1,0.1,0.1,0.1,0.1,0.1,0.1,0.1,0.1,0.1,0.1,0,0.1,0.1,0.1,0.1,0.1,0.1,0.1,0.1,0.1,-0.3,0.1,0.1,0.1,0.1,0.1,0.1,0.1,0.1,0.1,-0.8,0.1,0.1,0.1,0.1,0.1,0.1,0.1,0.1,0.1,-0.7,0.1,0.1,0.1,0.1,0.1,0.1,0.1,0.1,0.1,-0.4,0.1,0.1,0.1,0.1,0.1,0.1,0,0
0.000116,-0.1,0.1,0.1,0.1,0.1,0.1,0.1,0.1,0.1,0.1,0.1,0.1,0.1,0.1,0.1,0.1,0.1,0.1,0.1,0.1,0.1,0,0.1,0.1,0.1,0.1,0.1,0.1,0.1,0.1,0.1,0,0.1,0.1,0.1,0.1,0.1,0.1,0.1,0.1,0.1,0,0.1,0.1,0.1,0.1,0.1,0.1,0.1,0.1,0.1,0,0.1,0.1,0.1,0.1,0.1,0.1,0.1,0.1,0.1,-0.4,0.1,0.1,0.1,0.1,0.1,0.1,0.1,0.1,0.1,-0.7,0.1,0.1,0.1,0.1,0.1,0.1,0.1,0.1,0.1,-0.7,0.1,0.1,0.1,0.1,0.1,0.1,0.1,0.1,0.1,-0.3,0.1,0.1,0.1,0.1,0.1,0.1,0,0
0.000117,-0.1,0.1,0.1,0.1,0.1,0.1,0.1,0.1,0.1,0.1,0.1,0.1,0.1,0.1,0.1,0.1,0.1,0.1,0.1,0.1,0.1,0.1,0.1,0.1,0.1,0.1,0.1,0.1,0.1,0.1,0.1,-0.1,0.1,0.1,0.1,0.1,0.1,0,0.1,0.1,0.1,0,0.1,0.1,0.1,0.1,0.1,0.1,0.1,0.1,0.1,0,0.1,0.1,0.1,0.1,0.1,0.1,0.1,0.1,0.1,-0.3,0.1,0.1,0.1,0.1,0.1,0,0.1,0.1,0.1,-0.7,0.1,0.1,0.1,0.1,0.1,0.1,0.1,0,0.1,-0.6,0.1,0.1,0.1,0.1,0.1,0.1,0.1,0.1,0.1,-0.3,0.1,0.1,0.1,0.1,0,0.1,0,-0.1
0.000117,0,0.1,0.1,0.1,0.1,0.1,0.1,0.1,0.1,0.1,0.1,0.1,0.1,0.1,0.1,0.1,0.1,0.1,0.1,0.1,0.1,0.1,0.1,0.1,0.1,0.1,0.1,0.1,0.1,0.1,0.1,0,0.1,0.1,0.1,0.1,0.1,0.1,0.1,0.1,0.1,0,0.1,0.1,0.1,0.1,0.1,0.1,0.1,0.2,0.1,0.1,0.1,0.1,0.1,0.1,0.1,0.1,0.1,0.1,0.1,-0.3,0.1,0.1,0.1,0.1,0.1,0.1,0.1,0.1,0.1,-0.6,0.1,0.1,0.1,0.1,0.1,0.1,0.1,0.1,0.1,-0.7,0.1,0.1,0.1,0.1,0.1,0.1,0.1,0.1,0.1,-0.4,0.1,0.1,0.1,0.1,0.1,0.1,-0.1,-0.1
0.000117,0,0.2,0.1,0.1,0.1,0.1,0.1,0.1,0.1,0.1,0.1,0.1,0.1,0.1,0.1,0.1,0.1,0.1,0.1,0.1,0.1,0.1,0.1,0.1,0.1,0.1,0.1,0.1,0.1,0.2,0.1,0,0.1,0.1,0.1,0.1,0.1,0.1,0.1,0.2,0.1,0.1,0.1,0.1,0.1,0.1,0.1,0.1,0.1,0.1,0.1,0,0.1,0.1,0.1,0.1,0.1,0.1,0.1,0.1,0.1,-0.3,0.1,0.1,0,0.1,0.1,0.1,0.1,0.1,0.1,-0.7,0.1,0.1,0.1,0.1,0.1,0.1,0.1,0.1,0.1,-0.7,0.1,0.1,0.1,0.1,0.1,0.1,0.1,0.1,0.1,-0.4,0.1,0.1,0.1,0.1,0.1,0.1,-0.1,0
0.000117,0.1,0.1,0.1,0.1,0.1,0.1,0.1,0.1,0.1,0.1,0.1,0.1,0.1,0.1,0.1,0.1,0.1,0.1,0.1,0.1,0.1,0,0.1,0.1,0.1,0.1,0.1,0.1,0.1,0.1,0.1,0,0.1,0.1,0.1,0.1,0.1,0.1,0.1,0.1,0.1,0,0.1,0.1,0.1,0.1,0.1,0.1,0.1,0.1,0.1,-0.1,0.1,0.1,0.1,0.1,0.1,0.1,0.1,0.1,0.1,-0.3,0.1,0.1,0.1,0.1,0.1,0.1,0.1,0.1,0.1,-0.7,0.1,0.1,0.1,0.1,0.1,0.1,0.1,0.1,0.2,-0.7,0.1,0.1,0.1,0.1,0.1,0.1,0.1,0.1,0.1,-0.2,0.1,0.1,0.1,0.1,0.1,0.1,-0.1,0.1
0.000117,0,0.1,0.1,0.1,0.2,0.1,0.1,0.1,0.1,0.1,0.1,0.1,0.1,0.1,0.1,0.1,0.1,0.1,0.1,0.1,0.1,0.1,0.1,0.1,0.1,0.1,0.1,0.1,0.1,0.1,0.1,0,0.1,0.1,0.1,0.1,0.1,0.1,0.1,0.1,0.1,0.1,0.1,0.1,0.1,0.1,0.1,0.1,0.1,0.1,0.1,-0.1,0.1,0.1,0.1,0.1,0.1,0.1,0.1,0.1,0.1,-0.3,0.1,0.1,0.1,0.2,0.1,0.1,0.1,0.1,0.1,-0.6,0.1,0.1,0.1,0.2,0.1,0.1,0.1,0.1,0.1,-0.7,0.1,0.1,0.1,0.1,0.1,0.1,0.1,0.1,0.1,-0.3,0.1,0.1,0.1,0.1,0.1,0.1,0,0.1
0.000118,0,0.1,0.1,0.1,0.1,0.1,0.1,0.1,0.1,0.1,0.1,0.1,0.1,0.1,0.1,0.1,0.1,0.1,0.1,0.1,0.1,0.1,0.1,0.1,0.1,0.2,0.1,0.1,0.1,0.1,0.1,0.1,0.1,0.1,0.1,0.1,0.1,0.1,0.1,0.1,0.1,0.1,0.1,0.1,0.1,0.1,0.1,0.1,0.1,0.1,0.1,-0.2,0.1,0.1,0.1,0.1,0.1,0.1,0.1,0.1,0.1,-0.3,0.1,0.1,0.1,0.1,0.1,0.1,0.1,0.1,0.1,-0.6,0.1,0.1,0.1,0.1,0.1,0.1,0.1,0.1,0.1,-0.7,0.1,0.1,0.1,0.1,0.1,0.1,0.1,0.1,0.1,-0.3,0.1,0.1,0.1,0.1,0.1,0.1,-0.1,0
0.000118,0,0.1,0.1,0.1,0.1,0.1,0.1,0.1,0.1,0.1,0.1,0,0.1,0.1,0.1,0.1,0.1,0.1,0.1,0.1,0.1,0,0.1,0.1,0.1,0.1,0.1,0.1,0.1,0.1,0.1,0,0.1,0.1,0.1,0.1,0.1,0.1,0.1,0.1,0.1,0,0.1,0.1,0.1,0.1,0.1,0.1,0.1,0.1,0.1,-0.2,0.1,0.1,0.1,0.1,0.1,0.1,0.1,0.1,0.1,-0.2,0.1,0.1,0.1,0.1,0.1,0.1,0.1,0.1,0.1,-0.6,0.1,0.1,0.1,0.1,0.1,0.1,0.1,0.1,0.1,-0.7,0.1,0.1,0.1,0.1,0.1,0.1,0.1,0.1,0.1,-0.4,0.1,0.1,0.1,0.1,0.1,0.1,-0.1,0
0.000118,0,0.1,0.1,0.1,0.1,0.1,0.1,0.1,0.1,0.1,0.1,0.1,0.1,0.1,0.1,0.1,0.1,0.1,0.1,0.1,0.1,0.1,0.1,0.1,0.1,0.1,0.1,0.1,0.1,0.1,0.1,0,0.1,0.1,0.1,0.1,0.1,0.1,0.1,0.1,0.1,0.1,0.1,0.1,0.1,0.1,0.1,0.1,0.1,0.1,0.1,-0.1,0.1,0.1,0.1,0.1,0.1,0.1,0.1,0.1,0.1,-0.3,0.1,0.1,0.1,0.1,0.1,0.1,0.1,0.1,0.1,-0.6,0.1,0.1,0.1,0.1,0.1,0.1,0.1,0.1,0.1,-0.7,0.1,0.1,0.1,0.1,0.1,0.1,0.1,0.1,0.1,-0.5,0.1,0.1,0.1,0.1,0.1,0.1,-0.1,0
0.000118,-0.1,0.1,0.1,0.1,0.1,0.1,0.1,0.1,0.1,0.1,0.1,0.1,0.1,0.1,0.1,0.1,0.1,0.1,0.1,0.1,0.1,0,0.1,0.1,0.1,0.1,0.1,0.1,0.1,0.1,0.1,0,0.1,0.1,0.1,0.1,0.1,0.1,0.1,0.1,0.1,0.1,0.1,0.1,0.1,0.1,0.1,0.1,0.1,0.1,0.1,0,0.1,0.1,0.1,0.1,0.1,0.1,0.1,0.1,0.1,-0.3,0.1,0,0.1,0.1,0.1,0.1,0.1,0.1,0.1,-0.7,0.1,0.1,0.1,0.1,0.1,0.1,0.1,0.1,0.1,-0.7,0.1,0.1,0.1,0.1,0.1,0.1,0.1,0.1,0.1,-0.4,0.1,0.1,0.1,0.1,0.1,0.1,-0.1,0
0.000118,0,0.1,0.1,0.1,0.1,0.1,0.1,0.1,0.1,0.1,0.1,0,0.1,0.1,0.1,0.1,0.1,0.1,0.1,0.1,0.1,0.1,0.1,0.1,0.1,0.1,0.1,0.1,0.1,0.1,0.1,0,0.1,0.1,0.1,0.1,0,0.1,0.1,0.1,0.1,0.1,0.1,0.1,0.1,0.1,0.1,0.1,0.1,0.1,0.1,0,0.1,0.1,0.1,0.1,0.1,0.1,0.1,0.1,0.1,-0.3,0.1,0.1,0.1,0.1,0.1,0.1,0.1,0.1,0.1,-0.6,0.1,0.1,0.1,0.1,0.1,0.1,0.1,0.1,0.1,-0.7,0,0.1,0.1,0.1,0.1,0.1,0.1,0.1,0.1,-0.4,0.1,0.1,0.1,0.1,0.1,0.1,0.1,0
0.000119,0,0.1,0.1,0.1,0.1,0.1,0.1,0.1,0.1,0.1,0.1,-0.1,0.1,0.1,0.1,0.1,0.1,0.1,0.1,0.1,0.1,-0.1,0.1,0.1,0.1,0.1,0.1,0.1,0.1,0.1,0.1,0,0.1,0.1,0.1,0.1,0.1,0.1,0.1,0.1,0.1,0.1,0.1,0.1,0.1,0.1,0.1,0.1,0.1,0.1,0.1,-0.1,0.1,0.1,0.1,0.1,0.1,0,0.1,0.1,0.1,-0.3,0.1,0.1,0.1,0.1,0.1,0.1,0.1,0.1,0.1,-0.6,0.1,0.1,0.1,0.1,0.1,0.1,0.1,0.1,0.1,-0.7,0.1,0.1,0.1,0.1,0.1,0.1,0.1,0.1,0.1,-0.4,0.1,0.2,0.1,0.1,0.1,0.1,-0.1,0
0.000119,0,0.1,0.1,0.1,0.1,0.2,0.1,0.1,0.1,0.1,0.1,0.1,0.1,0.1,0.1,0.1,0.1,0.1,0.1,0.1,0.1,0,0.1,0.1,0.1,0.1,0.1,0.1,0.1,0.1,0.1,-0.1,0.1,0.1,0.1,0.1,0.1,0.1,0.1,0.1,0.1,0,0.1,0.1,0.1,0.1,0.1,0.1,0.1,0.1,0.1,-0.1,0.1,0.1,0.1,0.1,0.1,0.1,0.1,0.1,0.1,-0.3,0.1,0.1,0.1,0.1,0.1,0.1,0.1,0.1,0.1,-0.6,0.1,0.1,0.1,0.1,0.1,0.1,0.1,0.1,0.1,-0.6,0.1,0.1,0.1,0.1,0.1,0.1,0.1,0.1,0.1,-0.3,0.1,0.1,0.1,0.1,0.1,0.1,-0.1,-0.1
0.000119,-0.1,0.1,0.1,0.1,0.1,0.1,0.1,0.1,0.1,0.1,0.1,0,0.1,0.1,0.1,0.1,0.1,0.1,0.1,0.1,0.1,0,0.1,0.1,0.1,0.1,0.1,0.1,0.1,0.1,0.1,0,0.1,0.1,0.1,0.1,0.1,0.1,0.1,0.1,0.1,0,0.1,0.1,0.1,0.1,0.1,0.1,0.1,0.1,0.1,-0.2,0.1,0.1,0.1,0.1,0.1,0.1,0.1,0.1,0.1,-0.3,0.1,0.1,0.1,0.1,0.1,0.1,0.1,0.1,0.1,-0.6,0.1,0.1,0.1,0.1,0.1,0,0.1,0,0.1,-0.6,0.1,0.1,0.1,0.1,0.1,0.1,0.1,0.1,0.1,-0.2,0.1,0.1,0.1,0.1,0.1,0.1,-0.1,-0.1
0.000119,0,0.1,0.1,0.1,0.1,0.1,0.1,0.1,0.1,0.1,0.1,0.1,0.1,0.1,0.1,0.1,0.1,0.1,0.1,0.1,0.1,0,0.1,0.1,0.1,0.1,0.1,0.1,0.1,0.1,0.1,0.1,0.1,0.1,0.1,0.1,0.1,0.1,0.1,0.1,0.1,0,0.1,0.1,0.1,0.1,0.1,0.1,0.1,0.1,0.1,-0.2,0.1,0.1,0.1,0.1,0.1,0.1,0.1,0.1,0.1,-0.2,0.1,0.1,0.1,0.1,0.1,0.1,0.1,0.1,0.1,-0.7,0.1,0.1,0.1,0.1,0.1,0.1,0.1,0.1,0.1,-0.7,0.1,0.1,0.1,0.1,0.1,0.1,0.1,0.1,0.1,-0.3,0.1,0.1,0.1,0.1,0.1,0.1,-0.1,0
0.000119,0,0.1,0.1,0.1,0.1,0.1,0.1,0.1,0.1,0.1,0.1,0.1,0.1,0.1,0.1,0.1,0.1,0.1,0.1,0.1,0.1,0.1,0.1,0.1,0.1,0.1,0.1,0,0.1,0.1,0.1,0,0.1,0.1,0.1,0.1,0.1,0.1,0.1,0.1,0,0.1,0.1,0.1,0.1,0.1,0.1,0.1,0.1,0.1,0.1,0,0.1,0.1,0.1,0.1,0.1,0.1,0.1,0.1,0.1,-0.4,0.1,0.1,0.1,0.1,0.1,0.1,0.1,0.1,0.1,-0.6,0.1,0.1,0.1,0.1,0.1,0.1,0.1,0.1,0.1,-0.6,0.1,0.1,0.1,0.1,0.1,0.1,0.1,0.1,0.1,-0.4,0.1,0.1,0.1,0.1,0.1,0.1,0,0
0.00012,-0.1,0.2,0.1,0.1,0.1,0.1,0.1,0.1,0.1,0.1,0.1,0,0.1,0.1,0.1,0.2,0.1,0.1,0.1,0.1,0.1,0.1,0.1,0.1,0.1,0.1,0.1,0.1,0.1,0.1,0.1,0,0.1,0.1,0.1,0.1,0.1,0.1,0.1,0.1,0,0,0.1,0.1,0.1,0.1,0.1,0.1,0.1,0.1,0.1,-0.1,0.1,0.1,0.1,0.1,0.1,0.1,0.1,0.1,0.1,-0.4,0.1,0.1,0.1,0.1,0.1,0.1,0.1,0.1,0.1,-0.7,0.1,0.1,0.1,0.1,0.1,0.1,0.1,0.1,0.1,-0.6,0.1,0.1,0.1,0.1,0.1,0.1,0.1,0.1,0.1,-0.3,0,0.1,0.1,0.1,0.1,0.1,-0.1,0
0.00012,0,0.1,0.1,0.1,0.1,0.1,0.1,0.1,0.1,0.1,0.1,0.1,0.1,0.1,0.2,0.1,0.1,0.1,0,0.1,0.1,0,0.1,0.1,0.1,0.1,0.1,0.1,0.1,0.1,0.1,0,0.1,0.1,0.1,0.1,0.1,0.1,0,0.1,0.1,0,0.1,0.1,0.1,0.1,0.1,0.1,0.1,0.1,0.1,-0.1,0.1,0.1,0.1,0.1,0.1,0.1,0.1,0.1,0.1,-0.3,0.1,0.1,0.1,0.1,0.1,0.1,0.1,0.1,0.1,-0.7,0.1,0.1,0.1,0.1,0.1,0.1,0.1,0.1,0.1,-0.7,0.1,0.1,0.1,0.1,0.1,0.1,0.2,0.1,0.1,-0.3,0.1,0.1,0.1,0.1,0.1,0.1,0,0
0.00012,0,0.1,0.1,0.1,0.1,0.1,0.1,0.1,0.1,0.1,0.1,0.1,0.1,0.1,0.1,0.1,0.1,0.1,0.1,0.1,0.1,0.1,0.1,0.1,0.1,0.1,0.1,0.1,0,0.1,0.1,0,0.1,0.1,0.1,0.1,0.1,0.1,0.1,0.1,0.1,0,0.1,0.1,0.1,0.1,0.1,0.1,0.1,0.1,0.1,-0.1,0.1,0.1,0.1,0.1,0.1,0.1,0.1,0.1,0.1,-0.3,0.1,0.1,0.1,0.1,0.1,0.1,0,0.1,0.1,-0.6,0.1,0.1,0.1,0.1,0.1,0.1,0.1,0.1,0.1,-0.8,0.1,0.1,0.1,0.1,0.1,0.1,0.1,0.1,0.1,-0.4,0.1,0.1,0.1,0.1,0.1,0.1,0,0
0.00012,0,0.1,0.1,0.1,0.1,0.1,0.1,0.1,0.1,0.1,0.1,0,0.1,0.1,0.1,0.1,0.1,0.1,0.1,0.1,0.1,0.1,0.1,0.1,0.1,0.1,0.1,0.1,0.1,0.1,0.1,0.1,0.1,0.1,0.1,0.1,0.1,0.1,0.1,0.1,0.1,0,0.1,0.1,0.1,0.1,0.1,0.1,0.1,0.1,0.1,-0.1,0.1,0.1,0.1,0.1,0.1,0.1,0.1,0.1,0.1,-0.3,0.1,0.1,0.1,0.1,0.1,0.1,0.1,0.1,0.1,-0.7,0.1,0.2,0.1,0.1,0.1,0.1,0.1,0.1,0.1,-0.8,0.1,0.1,0.1,0.1,0.1,0.1,0.1,0.1,0.1,-0.4,0.1,0.1,0.1,0.1,0.1,0.1,-0.1,-0.1
0.00012,0,0.1,0.1,0.1,0.1,0.1,0.1,0.1,0.1,0.1,0.1,-0.1,0.1,0.1,0.1,0.1,0.1,0.1,0.1,0.1,0.1,0,0.1,0.1,0.1,0.1,0.1,0.1,0.1,0.1,0.1,0,0.1,0.1,0.1,0.1,0.1,0.1,0.1,0.1,0.1,0,0.1,0.1,0.1,0.1,0.1,0.1,0.1,0.1,0.1,-0.2,0.1,0.1,0.1,0.1,0.1,0.1,0.1,0.1,0.1,-0.3,0.1,0.1,0.1,0.1,0.1,0.1,0.1,0.1,0.1,-0.7,0.1,0.1,0.1,0.1,0.1,0.1,0.2,0.1,0.1,-0.7,0.1,0.1,0.1,0.1,0.1,0.1,0.1,0.1,0.1,-0.3,0.1,0.1,0.1,0.1,0.1,0.1,0,0
0.000121,0,0.1,0.1,0.1,0.1,0.1,0.1,0.1,0.1,0.1,0.1,0,0.1,0.1,0.1,0.1,0.1,0.1,0.1,0.1,0.1,0,0.1,0.1,0.1,0.1,0.1,0.1,0.1,0.1,0.1,0,0.1,0.1,0.1,0.1,0.1,0.1,0.1,0.1,0.1,0,0.1,0.1,0.1,0.2,0.1,0.1,0.1,0.1,0.1,-0.1,0.1,0.1,0.1,0.1,0.1,0.1,0.1,0.1,0.1,-0.3,0.1,0.1,0.1,0.1,0.1,0.1,0.1,0.1,0.1,-0.7,0.1,0,0.1,0.1,0.1,0.1,0.1,0.1,0.1,-0.8,0.1,0.1,0.1,0.1,0.1,0.1,0.1,0.1,0.1,-0.4,0.1,0.1,0.1,0.1,0.1,0.1,-0.1,0
0.000121,0,0.1,0.1,0.1,0.1,0.1,0.1,0.1,0.1,0.1,0.1,0,0.1,0.1,0.1,0.1,0.1,0.1,0.1,0.1,0.1,0,0.1,0.1,0.1,0.1,0.1,0.1,0.1,0.1,0.1,0,0.1,0.1,0.1,0.1,0.1,0.1,0.1,0.1,0.1,-0.1,0.1,0.1,0.1,0.1,0.1,0.1,0.1,0.1,0,-0.1,0.1,0.1,0.1,0.1,0.1,0.1,0.1,0.1,0.1,-0.3,0.1,0.1,0.1,0.1,0.1,0.1,0.1,0.1,0.1,-0.7,0.1,0.1,0.1,0.1,0.1,0.1,0.1,0.1,0.1,-0.7,0.1,0.1,0.2,0.1,0.1,0.1,0.1,0.1,0.1,-0.3,0.1,0.1,0.1,0.1,0.1,0.1,0,0
0.000121,0.1,0.1,0.1,0.1,0.1,0.1,0.1,0.1,0.1,0.1,0.1,0,0.1,0.1,0.1,0.1,0.1,0.1,0.1,0.1,0.1,0,0.1,0.1,0.1,0.1,0.1,0.1,0.1,0.1,0.1,0,0.1,0.1,0.1,0.1,0.1,0.1,0.1,0.1,0.1,-0.1,0.1,0.1,0.1,0.1,0.1,0.1,0.1,0.1,0.1,-0.1,0.1,0.1,0.1,0.1,0.1,0.1,0.1,0.1,0.1,-0.3,0.1,0.1,0.1,0.1,0.1,0.1,0.1,0.1,0.1,-0.6,0.2,0.1,0.1,0.1,0.1,0.1,0.1,0.1,0.1,-0.7,0.1,0.1,0.1,0.1,0.1,0.1,0.1,0.1,0.1,-0.4,0.1,0.1,0.1,0.1,0.1,0.1,0,0
0.000121,0,0,0.1,0.1,0.1,0.1,0.1,0.1,0.1,0.1,0.1,0,0.1,0.1,0.1,0.1,0.1,0.1,0.1,0.1,0,0,0,0.1,0.1,0.1,0.1,0.1,0.1,0.1,0.1,-0.1,0.1,0.1,0.1,0.1,0.1,0.1,0.1,0.1,0.1,0,0.1,0.1,0.1,0.1,0.1,0.1,0.1,0.1,0.1,0,0.1,0.1,0.1,0.1,0.1,0.1,0.1,0.1,0.1,-0.3,0.1,0.1,0.1,0.1,0.1,0.1,0.1,0.1,0.1,-0.6,0.1,0.1,0.1,0.1,0.1,0.1,0.1,0.1,0.1,-0.7,0.1,0.1,0.1,0.1,0.1,0.1,0.1,0.1,0.1,-0.4,0.1,0.1,0.1,0.1,0.1,0.1,0,0
0.000121,0.1,0.1,0.2,0.1,0.1,0.1,0.1,0.1,0.1,0.1,0.1,0,0.1,0.1,0.1,0.1,0.1,0.1,0.1,0.1,0.1,0.1,0.1,0.1,0.1,0.1,0.1,0.1,0.1,0.1,0.1,0.1,0.1,0.1,0.1,0.1,0.1,0.1,0.1,0.1,0.1,0,0.1,0.1,0.1,0.1,0.1,0.1,0.1,0.1,0.1,0,0.1,0.1,0.1,0.1,0.1,0.1,0.1,0.1,0.1,-0.3,0.1,0.1,0.1,0.1,0.1,0.1,0.1,0.1,0.1,-0.6,0.1,0.1,0.1,0.1,0,0.1,0.1,0.1,0.1,-0.6,0.1,0.1,0.1,0.1,0.1,0.1,0.1,0.1,0,-0.3,0.1,0.1,0.1,0.2,0.1,0.1,-0.1,0
0.000122,0,0.1,0.1,0.1,0.1,0.1,0.1,0.1,0.1,0.1,0.1,0.1,0.1,0.1,0.1,0.1,0.1,0.1,0.1,0.1,0.1,0,0.1,0.1,0.1,0.1,0.1,0,0.1,0.1,0.1,0,0.1,0.1,0.1,0.1,0.1,0.1,0.1,0.1,0.1,0.1,0.1,0.1,0.1,0.1,0.1,0.1,0.1,0.1,0.1,0,0.1,0.1,0.1,0.1,0.1,0.1,0.1,0.1,0.1,-0.3,0.1,0.1,0.1,0.1,0.1,0.1,0.1,0.1,0.1,-0.6,0.1,0.1,0.1,0.1,0.1,0.1,0.1,0.1,0.1,-0.5,0.1,0.1,0.1,0.1,0.1,0.1,0.1,0.1,0.1,-0.2,0.1,0.1,0.1,0.1,0.1,0.1,0,-0.1
0.000122,0,0.1,0.1,0.1,0.1,0.1,0.1,0.1,0.1,0.1,0.1,0.1,0.1,0.1,0.1,0.1,0.1,0.1,0.1,0.1,0.1,0,0.1,0.1,0.1,0.1,0.1,0.1,0,0.1,0.1,0.1,0.1,0.1,0.1,0.1,0.1,0.1,0.1,0.1,0.1,0.1,0.1,0.1,0.1,0.1,0.1,0.1,0.1,0.1,0.1,-0.1,0.1,0.1,0.1,0.1,0.1,0.1,0.1,0.1,0.1,-0.3,0.1,0.1,0.1,0.1,0.1,0.1,0.1,0.1,0.1,-0.6,0.1,0.1,0.1,0.1,0.1,0.1,0.1,0.1,0.1,-0.6,0.1,0.1,0.1,0.1,0.1,0.1,0.1,0.1,0.1,-0.3,0.1,0.1,0.1,0.1,0.1,0.1,0,-0.1
0.000122,0.1,0,0.1,0.1,0.1,0.1,0.1,0.1,0.1,0.1,0.1,-0.1,0.1,0.1,0.1,0.1,0.1,0.1,0.1,0.1,0.1,0,0.1,0.1,0.1,0.1,0.1,0.1,0.1,0.1,0.1,0,0.1,0.1,0.1,0.1,0.1,0.1,0.1,0.1,0.1,0,0.1,0.1,0.1,0.1,0.1,0.1,0.1,0.1,0.1,-0.1,0.1,0.1,0.1,0.1,0.1,0.1,0.1,0.1,0.1,-0.2,0.1,0.1,0.1,0.1,0.1,0.1,0.1,0.1,0.1,-0.7,0.1,0.1,0.1,0.1,0.1,0.1,0.1,0.1,0.1,-0.6,0.1,0.1,0.1,0.1,0.1,0.1,0.1,0.1,0.1,-0.4,0.1,0.1,0,0.1,0.1,0.1,-0.1,-0.1
0.000122,0,0.1,0.1,0.1,0.1,0.1,0.1,0.1,0.1,0.1,0.1,0.1,0.1,0.1,0.1,0.1,0.1,0.1,0,0.1,0.1,0,0.1,0.1,0.1,0.1,0.1,0.1,0.1,0.1,0.1,0,0.1,0.1,0.1,0.1,0.1,0.1,0.1,0.1,0.1,0.1,0.1,0.1,0.1,0.1,0.1,0.1,0.1,0.1,0.1,-0.1,0.1,0.1,0.1,0.1,0.1,0.1,0,0.1,0.1,-0.2,0.1,0.1,0.1,0.1,0.1,0.1,0.1,0.1,0.1,-0.7,0.1,0.1,0.1,0.1,0.1,0.1,0.1,0.1,0.1,-0.5,0.1,0.1,0.1,0.1,0.1,0.1,0.1,0.1,0.1,-0.4,0.1,0.1,0.1,0.1,0.1,0.1,0,-0.1
0.000122,0.1,0.1,0.1,0.1,0.1,0.1,0.1,0.1,0.1,0.1,0.1,0.1,0.1,0.1,0.1,0.1,0.1,0.1,0,0.1,0.1,0,0.1,0.1,0.1,0.1,0.1,0.1,0.1,0.1,0.1,0.1,0.1,0.1,0.1,0.1,0.1,0.1,0.1,0.1,0.1,0.1,0.1,0.1,0.1,0.1,0.1,0.1,0.1,0.1,0.1,-0.1,0.1,0.1,0.1,0.1,0.1,0.1,0.1,0.1,0.1,-0.2,0.1,0.1,0.1,0.1,0.1,0.1,0.1,0.1,0.1,-0.7,0.1,0.1,0.1,0.1,0.1,0.1,0.1,0.1,0.1,-0.6,0.1,0.1,0.1,0.1,0.1,0.1,0.1,0.1,0.1,-0.3,0.1,0.1,0.1,0.1,0.1,0.1,0,-0.1
0.000123,0,0.1,0.1,0.1,0.1,0.1,0.1,0.1,0.1,0.1,0.1,0,0.1,0.1,0.1,0.1,0.1,0.1,0.1,0.1,0,0.1,0.1,0.1,0.1,0.1,0.1,0.1,0.1,0.1,0.1,0,0.1,0.1,0.1,0.1,0.1,0.1,0.1,0.1,0.1,0,0.1,0.1,0.1,0.1,0.1,0.1,0.1,0.1,0.1,0,0.1,0.1,0.1,0.1,0.1,0.1,0.1,0.1,0.1,-0.3,0.1,0.1,0.1,0.1,0.1,0.1,0.1,0.1,0.1,-0.6,0.1,0.1,0.1,0.1,0.1,0.1,0.1,0.1,0.1,-0.6,0.1,0.1,0.1,0.1,0.1,0.1,0.1,0.1,0.1,-0.4,0.1,0.1,0.1,0.1,0.1,0.1,0.1,-0.1
0.000123,0,0.1,0.1,0.1,0.1,0.1,0.1,0.1,0.1,0.1,0.1,0,0.1,0.1,0.1,0,0.1,0.1,0.1,0.2,0.1,0.1,0.1,0.1,0.1,0.1,0.1,0.1,0.1,0.1,0.1,0,0.1,0.1,0.1,0.1,0.1,0.1,0.1,0.1,0.1,0,0.1,0.1,0.1,0.1,0.1,0.1,0.1,0.1,0.1,0,0.1,0.1,0.1,0.1,0.1,0.1,0.1,0.1,0.1,-0.3,0.1,0.1,0.1,0.1,0.1,0.1,0.1,0.1,0.1,-0.6,0.1,0.1,0.1,0.1,0.2,0.1,0.1,0.1,0.1,-0.6,0.1,0.1,0.1,0.1,0.1,0.1,0.2,0.1,0.1,-0.4,0.1,0.1,0.1,0.2,0.1,0.1,-0.1,0
0.000123,0,0.1,0.1,0.1,0.1,0.1,0.1,0.1,0.1,0.1,0.1,0,0.1,0.1,0.1,0.1,0.1,0.1,0.1,0.1,0.1,0,0.1,0.1,0.1,0.1,0.1,0.1,0.1,0.1,0.1,0.1,0.1,0.1,0.1,0.1,0.1,0.1,0.1,0.1,0.1,0,0.1,0.1,0,0.1,0.1,0.1,0.1,0.1,0.1,0,0.1,0.1,0.1,0.1,0.1,0.1,0.1,0.1,0.1,-0.3,0.1,0.1,0.1,0.1,0.1,0.1,0.1,0.1,0.1,-0.7,0.1,0.1,0.1,0.1,0.1,0.1,0.1,0.1,0.1,-0.5,0.1,0.1,0.1,0.1,0.1,0.1,0.1,0.1,0.1,-0.4,0.1,0.2,0.1,0.1,0.1,0.1,-0.1,-0.1
0.000123,-0.1,0.1,0.1,0.1,0.1,0.1,0.1,0.1,0.1,0.1,0.1,0,0.1,0.1,0.1,0.1,0.1,0.1,0.1,0.1,0.1,0,0.1,0.1,0.1,0.1,0.1,0.1,0.1,0.1,0.1,-0.1,0.1,0.1,0,0.1,0.1,0.1,0.1,0.1,0.1,0,0.1,0.1,0.1,0.1,0.1,0.1,0.1,0.1,0.1,0,0.1,0.1,0.1,0.1,0.1,0.1,0.1,0.1,0.1,-0.3,0.1,0.1,0.1,0.1,0.1,0.1,0.1,0.1,0.1,-0.6,0.1,0.1,0.1,0.1,0.1,0.1,0.1,0.1,0.1,-0.5,0.1,0.1,0.2,0.1,0.1,0.1,0.1,0.1,0.1,-0.3,0.1,0.1,0,0.1,0.1,0.1,0.1,-0.1
0.000123,-0.1,0.1,0.1,0.1,0.1,0.1,0.1,0.1,0.1,0.1,0.1,-0.1,0.1,0.1,0.1,0.1,0.1,0.1,0.1,0.1,0.1,0,0.1,0.1,0.1,0.1,0.1,0.1,0.1,0.1,0.1,-0.1,0.1,0.1,0.1,0.1,0.1,0.1,0.1,0.1,0.1,0,0.1,0.1,0.1,0.1,0.1,0.1,0.1,0.1,0.1,-0.1,0.1,0.1,0.1,0.1,0.1,0.1,0.1,0.1,0.1,-0.2,0.1,0.1,0.1,0.1,0.1,0.1,0.1,0.1,0.1,-0.5,0.1,0.1,0.1,0.1,0.1,0.1,0.1,0.1,0.1,-0.6,0.1,0.1,0,0.1,0.1,0.1,0.1,0.1,0.1,-0.3,0.1,0.1,0.1,0.1,0.1,0.1,0,0
0.000124,-0.1,0.1,0.1,0.1,0.2,0.1,0.1,0.1,0.1,0.1,0.1,0,0.1,0.1,0.1,0.1,0.1,0.1,0.1,0.1,0.1,0,0.1,0.1,0.1,0.1,0.2,0.1,0.1,0.1,0.1,0.1,0.1,0.1,0.1,0.1,0.1,0.1,0.1,0.1,0.1,0,0.1,0.1,0.1,0.1,0.1,0.1,0.1,0.1,0.1,-0.1,0.1,0.1,0.1,0.1,0.1,0.1,0.1,0.2,0.1,-0.3,0.1,0.1,0.1,0.1,0.1,0.1,0.1,0.1,0.1,-0.6,0.1,0.1,0.1,0.1,0.1,0.1,0.1,0.1,0.1,-0.6,0.1,0.1,0.1,0.1,0.1,0.1,0.1,0.1,0.1,-0.2,0.1,0.1,0.2,0.1,0.1,0.1,-0.1,0
0.000124,0,0.1,0.1,0.1,0.1,0.1,0.1,0.1,0.1,0.1,0.1,0,0.1,0.1,0.1,0.1,0.1,0.1,0.1,0.1,0.1,0.1,0.1,0.1,0.1,0.1,0.1,0.1,0.2,0.1,0.1,0,0.1,0.1,0.1,0.1,0.1,0.1,0.1,0.1,0.1,0,0.1,0.1,0.2,0.1,0.1,0.1,0.1,0.1,0.1,-0.2,0.1,0.1,0.1,0.1,0.1,0.1,0.1,0.1,0.1,-0.3,0.1,0.1,0.1,0.1,0.1,0.1,0.1,0.1,0.1,-0.5,0.1,0.1,0.1,0.1,0.1,0.1,0.1,0.1,0.1,-0.6,0.1,0.1,0.1,0.1,0.1,0.1,0.1,0.1,0.2,-0.2,0.1,0.1,0.1,0.1,0.1,0.1,0,0
0.000124,0,0.1,0.1,0.1,0.1,0.1,0.1,0.1,0.1,0.1,0.1,0,0.1,0.1,0.1,0.1,0.1,0.1,0.1,0.1,0.1,0,0.1,0.1,0.1,0.1,0.1,0.1,0.1,0.1,0.1,0,0.1,0.1,0.1,0.1,0.1,0.1,0.1,0.1,0.1,0,0.1,0.1,0.1,0.1,0.1,0.1,0.1,0.1,0.1,-0.2,0.1,0.1,0.1,0.1,0.1,0,0.1,0.1,0.1,-0.3,0.1,0.1,0.1,0.1,0.1,0.1,0.1,0.1,0.1,-0.5,0.1,0.1,0.1,0.1,0.1,0.1,0.1,0,0.1,-0.7,0.1,0.1,0.1,0.1,0.1,0.1,0.1,0.1,0.1,-0.3,0.1,0.1,0.1,0.1,0.1,0.1,0,0
0.000124,0,0.1,0.1,0.1,0.1,0.1,0.1,0.1,0.1,0.1,0.1,0,0.1,0.1,0.1,0.1,0.1,0.1,0.1,0.1,0.1,0,0.1,0.1,0.1,0.1,0.1,0.1,0.1,0.1,0.1,0,0.1,0.1,0.1,0.1,0.1,0.1,0.1,0.1,0.1,0,0.1,0.1,0.1,0.1,0.1,0.1,0.1,0.1,0.1,-0.2,0.1,0.1,0.1,0.1,0.1,0.1,0.1,0.1,0.1,-0.2,0.1,0.1,0.1,0.1,0.1,0.1,0.1,0.1,0.1,-0.6,0.1,0.1,0.1,0.1,0.1,0.1,0.1,0.1,0.1,-0.6,0.1,0.1,0.1,0.1,0.1,0.1,0.1,0.1,0.1,-0.2,0.1,0.1,0.1,0.1,0.1,0.1,0,0
0.000124,0,0.1,0.1,0.1,0.1,0.1,0.1,0.1,0.1,0.1,0.1,0.1,0.1,0.1,0.1,0.1,0.1,0.1,0.1,0,0.1,0.2,0.1,0.1,0.1,0.1,0.1,0.1,0.1,0.1,0.1,0,0.1,0.1,0.1,0.1,0.1,0.1,0.1,0.1,0.1,0,0.1,0.1,0.1,0.1,0.1,0.2,0.1,0.1,0.1,-0.1,0.1,0.1,0.1,0.1,0.1,0.1,0,0.1,0.2,-0.2,0.1,0.1,0,0.1,0.1,0.1,0.1,0.1,0.1,-0.6,0.1,0.1,0.1,0.1,0.1,0.1,0.1,0.1,0.1,-0.6,0.1,0.1,0.1,0.1,0.1,0.1,0.1,0.1,0.1,-0.3,0.1,0.1,0.1,0.1,0.1,0.1,0,0
0.000125,0.1,0.1,0.1,0.1,0.1,0.1,0.1,0.1,0.1,0.1,0.1,0,0.1,0.1,0.1,0.1,0.1,0.1,0.1,0.1,0.1,0,0.1,0.1,0.1,0.1,0.1,0.1,0.1,0.1,0.1,0,0.1,0.1,0.1,0.1,0.1,0.1,0.1,0.1,0.1,0,0,0.1,0.1,0.1,0.1,0.1,0.2,0.1,0.1,-0.1,0.1,0.1,0.1,0.1,0.1,0.1,0.1,0.1,0.1,-0.2,0.1,0.1,0.1,0.1,0.1,0.1,0.1,0.1,0,-0.6,0.1,0.1,0.1,0.1,0.1,0.1,0.1,0.1,0.1,-0.5,0.1,0.1,0.1,0.1,0.1,0.1,0.1,0.1,0.1,-0.3,0.1,0.1,0.1,0.1,0.1,0.1,0,0
0.000125,0.1,0.1,0.1,0.1,0.1,0.1,0.1,0.1,0.1,0.1,0.1,0,0.1,0.1,0.1,0.1,0,0.1,0.1,0.1,0.1,0,0.1,0.1,0.1,0,0.1,0.1,0.1,0.1,0.1,0,0.1,0.1,0.1,0.1,0.1,0.1,0.1,0.1,0.1,0,0.1,0.1,0.1,0.1,0.1,0.1,0.1,0.1,0.1,-0.1,0.1,0.1,0.1,0.1,0.1,0.1,0.1,0.1,0.1,-0.2,0.1,0.1,0.1,0.1,0.1,0.1,0.1,0.1,0.1,-0.5,0.1,0.1,0.1,0.1,0.1,0.1,0.1,0.1,0.1,-0.5,0.1,0.1,0.1,0.1,0.1,0.1,0.1,0.1,0.1,-0.3,0.1,0.1,0.1,0.1,0.1,0.1,0,-0.1
0.000125,0,0.1,0.1,0.1,0.1,0.1,0,0.1,0.1,0.1,0.1,0,0.1,0.1,0.1,0.1,0.1,0.1,0.1,0.1,0.1,0.1,0.1,0.1,0.1,0.1,0.1,0.1,0.1,0.1,0.1,0,0.1,0.1,0.1,0.1,0.1,0.1,0.1,0.1,0.1,0,0.1,0.1,0.1,0.1,0.1,0.1,0.1,0,0.1,0,0.1,0.1,0.1,0.1,0.1,0.1,0.1,0.1,0.1,-0.2,0.1,0.1,0.1,0.1,0.1,0.1,0.1,0.1,0.1,-0.6,0.1,0.1,0.1,0.1,0.1,0.1,0.1,0.1,0.1,-0.5,0.1,0.1,0.1,0.1,0.1,0.1,0.1,0.1,0.1,-0.2,0.1,0.1,0.1,0.1,0.1,0.1,-0.1,-0.1
0.000125,0,0.1,0.1,0.2,0.1,0.1,0.1,0.1,0.1,0.1,0.1,0,0.1,0.1,0.1,0.1,0.1,0.1,0.1,0.1,0.1,0,0.1,0.1,0.1,0.1,0.1,0.1,0.1,0.1,0.1,0.1,0.1,0.1,0.1,0.1,0.1,0.1,0.1,0.1,0.1,0,0.1,0.1,0.1,0.1,0.1,0.1,0.1,0.1,0,0.1,0.1,0.1,0.2,0.1,0.1,0.1,0,0.1,0.1,-0.2,0.1,0.1,0.1,0.1,0.1,0.1,0.1,0.1,0.1,-0.6,0.1,0.1,0.1,0.1,0.1,0.1,0.1,0.1,0.1,-0.5,0.1,0.1,0.1,0.1,0.1,0.1,0.1,0.1,0.1,-0.2,0.1,0.1,0.1,0.1,0.1,0.1,-0.1,0
0.000125,-0.1,0.1,0.1,0.1,0.1,0.1,0.1,0.1,0.1,0.1,0.1,0,0.1,0.1,0.1,0.1,0.1,0.1,0.1,0.1,0.1,0,0.1,0.1,0.1,0.1,0.1,0.1,0.1,0.1,0.1,0,0.1,0.1,0.1,0.1,0.1,0.1,0.1,0.1,0.1,0,0.1,0.1,0,0.1,0.1,0.1,0.1,0.1,0.1,0,0.1,0.1,0.1,0.1,0.1,0.1,0.1,0.1,0.1,-0.2,0.1,0.1,0.1,0.1,0.1,0.1,0.1,0.1,0.1,-0.5,0.1,0.1,0.1,0.1,0.1,0.1,0.1,0.1,0.1,-0.5,0.1,0.1,0.1,0.1,0.1,0.1,0.1,0.1,0.1,-0.3,0.1,0.1,0.1,0.1,0.1,0.1,0,0
0.000126,0,0.1,0.1,0.1,0.1,0.1,0.1,0.1,0.1,0.1,0.1,0,0.1,0.1,0.1,0.1,0.1,0.1,0.1,0.1,0.1,0,0.1,0.1,0.1,0.1,0.1,0.1,0.1,0.1,0.1,0.1,0.1,0.1,0.1,0.1,0.1,0.1,0.1,0.1,0.1,0.1,0.1,0.1,0.1,0.1,0.1,0.1,0.1,0.1,0.1,-0.1,0.1,0.1,0.1,0.1,0.1,0.1,0.1,0.1,0.1,-0.2,0,0.1,0.1,0.1,0.1,0.1,0.1,0.1,0.1,-0.5,0.1,0.1,0.1,0.1,0.1,0.1,0.1,0.1,0.1,-0.5,0.1,0.1,0.1,0.1,0.1,0.1,0.1,0.1,0.1,-0.3,0.1,0.1,0.1,0.1,0.1,0.1,-0.1,0
0.000126,0,0.1,0.1,0.1,0.1,0.1,0.1,0.1,0.1,0.1,0.1,0,0.1,0.1,0.1,0.1,0.1,0.1,0.1,0.1,0.1,0,0.1,0.1,0.1,0.1,0.1,0.1,0.1,0.1,0.1,0,0.1,0,0.1,0.1,0.1,0.1,0.1,0.1,0.1,0,0.1,0,0.1,0.1,0.1,0.1,0.1,0.1,0.1,0,0.1,0.1,0.1,0.1,0.1,0.1,0.2,0.1,0.1,-0.2,0.1,0.1,0.1,0.1,0.1,0.1,0.1,0.1,0.1,-0.5,0.1,0.1,0.1,0,0.1,0.1,0.1,0.1,0.1,-0.6,0.1,0.1,0.1,0.1,0.1,0.1,0.1,0.1,0,-0.3,0.1,0.1,0.1,0.1,0.1,0.1,-0.1,0
0.000126,0,0.1,0.1,0.1,0.1,0.1,0.1,0.1,0.1,0.1,0.1,-0.1,0.1,0.1,0.1,0.1,0.1,0.1,0.1,0.1,0.1,0,0.1,0.1,0.1,0.1,0.1,0.1,0.1,0.1,0.1,0,0.1,0.1,0.1,0.1,0.1,0,0.1,0.1,0,0,0.1,0.1,0.1,0.1,0.1,0.1,0.1,0.1,0.1,-0.1,0.1,0.1,0.1,0.1,0.2,0.1,0.1,0.1,0.1,-0.2,0.1,0.1,0.1,0.1,0.1,0.1,0.1,0.1,0.1,-0.5,0.1,0.1,0.1,0.1,0.1,0.1,0.1,0,0.1,-0.5,0.1,0.1,0.1,0.1,0.1,0.1,0.1,0.1,0.1,-0.2,0.1,0.1,0.1,0.1,0.1,0.1,0,0
0.000126,0,0.1,0.1,0.2,0.1,0,0.1,0.1,0.1,0.1,0.1,0,0.2,0.1,0.1,0.1,0,0.1,0.1,0.1,0.1,0.1,0.1,0.1,0.1,0.1,0.1,0.1,0.1,0.1,0.1,0,0.1,0.1,0.1,0.1,0.1,0.1,0.1,0.1,0.1,0,0.1,0.1,0.1,0.1,0.1,0.1,0.1,0.1,0.1,-0.1,0.1,0.1,0.1,0.1,0.1,0.1,0.1,0.1,0.1,-0.3,0.1,0.1,0.1,0.1,0.1,0.1,0.1,0.1,0.1,-0.5,0.1,0.1,0.1,0.1,0.1,0.1,0.1,0.1,0.1,-0.5,0.1,0.1,0.1,0.1,0.1,0.1,0.1,0.1,0.1,-0.2,0.1,0.1,0.1,0.1,0.1,0.1,-0.1,-0.1
0.000126,0,0.1,0.1,0.2,0.1,0.1,0.1,0.1,0.1,0.1,0.1,0,0.1,0.1,0.1,0.1,0.1,0.1,0.1,0,0.1,0.1,0.1,0.1,0.1,0.1,0,0.1,0.1,0.1,0.1,0,0.1,0.1,0.1,0.1,0.1,0.1,0.1,0.1,0.1,0,0.1,0.1,0.1,0.1,0.1,0.1,0.1,0.1,0.1,-0.1,0.1,0.1,0.1,0.1,0.1,0.1,0.1,0.1,0.1,-0.2,0.1,0.1,0.1,0.1,0.1,0.1,0.1,0.1,0.1,-0.6,0.1,0.2,0.1,0.1,0.1,0.1,0.1,0.1,0.1,-0.5,0.1,0.1,0.1,0.1,0.1,0.1,0.1,0.1,0.1,-0.2,0.1,0.1,0.1,0.1,0.1,0.1,0,0.1
0.000127,0,0.1,0.1,0.2,0.1,0.1,0.1,0.1,0.1,0.1,0.1,0,0.1,0.1,0.1,0.1,0.1,0.1,0.1,0.1,0.1,0.1,0.1,0.1,0.1,0.1,0.1,0.1,0.1,0,0.1,0,0.1,0.1,0.1,0.1,0.1,0.1,0.1,0.1,0.1,0,0.1,0.1,0.1,0.1,0.1,0.1,0.1,0.1,0.1,-0.1,0.1,0.1,0.1,0.1,0.1,0.1,0.1,0.1,0.1,-0.2,0.1,0.1,0.1,0.1,0.1,0,0.1,0.1,0.1,-0.5,0.1,0.1,0.1,0.1,0.1,0.1,0.1,0.1,0.1,-0.5,0.1,0.1,0.1,0.1,0.1,0.1,0.1,0.1,0.1,-0.2,0.1,0.1,0.1,0.1,0.1,0.1,0,0
0.000127,0.1,0.1,0.1,0.1,0.1,0.1,0.1,0.1,0.1,0.1,0.1,0,0.1,0.1,0.1,0.1,0.1,0.1,0.1,0.1,0.1,0.1,0.1,0.1,0.1,0.1,0.1,0.1,0.1,0.1,0.1,0.1,0.1,0.1,0.1,0.1,0.1,0.1,0.1,0.1,0.1,0,0.1,0.1,0.1,0.1,0.1,0,0.1,0.1,0.1,-0.1,0.1,0.1,0.1,0.1,0.1,0.1,0.1,0.1,0.1,-0.2,0.1,0.1,0.1,0.1,0.1,0.1,0.1,0.1,0.1,-0.5,0.1,0.1,0.1,0.1,0.1,0.1,0.1,0.1,0.1,-0.6,0.2,0.1,0.1,0.1,0.1,0.1,0.1,0.1,0.1,-0.2,0.1,0.1,0.1,0.1,0.1,0.1,0.1,0
0.000127,0,0.1,0.1,0.1,0.1,0.1,0.1,0.1,0.1,0.1,0.1,0,0.1,0.1,0.1,0.1,0.1,0.1,0.1,0.1,0.1,0.1,0.1,0.1,0.1,0.1,0.1,0.1,0.1,0.1,0.1,0,0.1,0.1,0.1,0.1,0.1,0.1,0.1,0.1,0.1,0,0.1,0.1,0.1,0.2,0.1,0.1,0.1,0.1,0.1,0,0.1,0.1,0.1,0.1,0.1,0.1,0.1,0.1,0.1,-0.2,0.1,0.1,0.1,0.1,0.1,0.1,0.1,0.1,0.1,-0.6,0.1,0.1,0.1,0.1,0.1,0.1,0,0.1,0.1,-0.5,0.1,0.1,0.1,0.1,0.1,0.1,0.1,0.1,0.1,-0.2,0.1,0.1,0.1,0.1,0.1,0.1,-0.1,0.1
0.000127,0,0.1,0.1,0.1,0.1,0.1,0.1,0.1,0.1,0.1,0.1,0,0.1,0.1,0.1,0.1,0.1,0.1,0.1,0.1,0.2,0.1,0.1,0.1,0.1,0.1,0.1,0.1,0.2,0.1,0.1,0,0.1,0.1,0.1,0.1,0.1,0.1,0.1,0.1,0.1,0,0.1,0.1,0.1,0.1,0.1,0.1,0,0.1,0.1,-0.1,0.1,0.1,0.1,0.1,0.1,0.1,0.1,0.1,0.1,-0.2,0.1,0.1,0.1,0.2,0.1,0.1,0.1,0.1,0.1,-0.6,0.1,0.1,0.1,0.1,0,0.1,0.1,0.1,0.1,-0.5,0.1,0.1,0.1,0.1,0.1,0.1,0.1,0.1,0.1,-0.2,0.1,0.1,0.1,0.1,0.1,0.1,-0.1,-0.1
0.000127,0,0.1,0.1,0.1,0.1,0.1,0.1,0.1,0.1,0.1,0.1,0,0.1,0.1,0,0.1,0.1,0.2,0.1,0.1,0.1,0,0.1,0.1,0.1,0.1,0.1,0.1,0.1,0.1,0.1,0,0.1,0.1,0.1,0.1,0.1,0.1,0.1,0.1,0.1,0,0.1,0.1,0.1,0.1,0.1,0.1,0.1,0.1,0.1,-0.1,0.1,0.1,0.1,0.1,0.1,0.1,0.1,0.1,0.1,-0.2,0.1,0.1,0.1,0.1,0.1,0.1,0.1,0.1,0.1,-0.5,0.1,0.1,0.1,0.1,0.1,0.1,0.1,0.1,0.1,-0.5,0.1,0.1,0.1,0.1,0.1,0.1,0.1,0.1,0.1,-0.2,0.1,0.1,0.1,0.1,0.1,0.1,0,0
0.000128,0,0.1,0.1,0.1,0.1,0,0.1,0.1,0.1,0.1,0.1,0,0.1,0.1,0.1,0.1,0.1,0,0.1,0.1,0.1,0,0.1,0.1,0.1,0.1,0.1,0.1,0.1,0.1,0.1,-0.1,0.1,0.1,0.1,0.1,0.1,0.1,0.1,0.1,0.1,0,0.1,0.1,0.1,0.1,0.1,0.1,0.1,0.1,0.1,-0.1,0.1,0.1,0.1,0.1,0.2,0.1,0.1,0.1,0.1,-0.3,0.1,0.1,0.1,0.1,0.1,0.1,0.1,0.1,0.1,-0.6,0.1,0.1,0.1,0.1,0.1,0.1,0.1,0.1,0.1,-0.5,0.1,0.1,0.1,0.1,0.1,0.1,0.1,0.1,0.1,-0.2,0.1,0.1,0.1,0.1,0.1,0.1,0,0
0.000128,0,0.1,0.1,0.1,0.1,0.1,0.1,0.1,0.1,0.1,0.1,0,0.1,0.1,0.1,0.1,0.1,0.1,0.1,0.1,0.1,0,0.1,0.1,0.1,0,0.1,0.1,0.1,0.1,0.1,0,0.1,0.1,0.1,0.1,0.1,0.1,0.1,0.1,0.1,0,0.1,0.1,0.1,0.1,0.1,0.1,0.1,0.1,0.1,0,0.1,0.1,0.1,0.1,0.1,0.1,0.1,0.1,0.1,-0.2,0.1,0.1,0.1,0.1,0.1,0.1,0.1,0.1,0.1,-0.6,0.1,0.1,0.1,0.1,0.1,0.1,0.1,0.1,0.1,-0.5,0.1,0.1,0.1,0.1,0.1,0.1,0.1,0.1,0.1,-0.2,0.1,0.1,0.1,0.1,0.1,0.1,0,-0.1
0.000128,0,0.1,0.1,0.1,0.1,0.1,0.1,0,0.1,0.1,0.1,0.1,0.1,0.1,0.1,0.2,0.1,0.1,0.1,0.1,0.1,0,0.1,0.1,0.1,0.1,0.1,0.1,0.1,0.1,0.1,-0.1,0.1,0.1,0.1,0.1,0.1,0.1,0.1,0.1,0.1,0.1,0.1,0.1,0.1,0.1,0.1,0.1,0.1,0.1,0.1,0,0.1,0.1,0.1,0.1,0.1,0.1,0.1,0.1,0.1,-0.3,0.1,0.1,0.1,0,0.1,0.1,0.1,0.1,0.1,-0.5,0.1,0.1,0.1,0.1,0.1,0.1,0.1,0.1,0.1,-0.6,0.1,0.1,0.1,0.1,0.1,0.1,0.1,0.1,0.1,-0.2,0.1,0.1,0.1,0.1,0.1,0.1,0,0
0.000128,0,0.1,0.1,0.1,0.1,0.1,0.1,0.1,0.1,0.1,0.1,0,0.1,0.1,0.1,0.2,0.1,0.1,0.1,0.1,0.1,0,0.1,0.1,0.1,0.1,0.1,0.1,0.1,0.1,0.1,0.1,0.1,0.1,0.1,0.1,0.1,0.1,0.1,0.1,0.1,0,0.1,0.1,0.1,0,0.1,0.1,0.1,0.1,0.1,-0.1,0.1,0.1,0.1,0.1,0.1,0.1,0.1,0.1,0.1,-0.3,0.1,0.1,0.1,0.1,0.1,0.1,0.1,0.1,0.1,-0.5,0.1,0.1,0.1,0.1,0.1,0.1,0.1,0.1,0.1,-0.6,0.1,0.1,0.1,0.1,0.1,0.1,0.1,0.1,0.1,-0.3,0.1,0.1,0.1,0.1,0.1,0.1,-0.1,0
0.000128,-0.1,0.1,0.1,0.1,0.1,0.1,0.1,0.1,0.1,0.1,0.1,0.1,0.1,0.1,0.1,0.1,0.1,0.1,0.1,0.1,0.1,0,0.1,0.1,0.1,0.1,0.1,0.1,0.1,0.1,0.1,0,0.1,0.1,0.1,0.1,0.1,0.1,0.1,0,0.1,-0.1,0.1,0.1,0.1,0.1,0.1,0.1,0.1,0.1,0.1,-0.1,0.1,0.1,0.1,0,0.1,0.1,0.1,0.1,0.1,-0.2,0.1,0.1,0.1,0.1,0.1,0.1,0.1,0.1,0.1,-0.5,0.1,0.1,0.1,0.1,0.1,0.1,0.1,0.1,0.1,-0.5,0.1,0.1,0.1,0.1,0.1,0.1,0.1,0.1,0.1,-0.2,0.1,0.1,0.1,0.1,0.1,0.1,0,0
0.000129,-0.1,0.1,0.1,0.1,0.1,0.1,0.1,0.1,0.1,0.1,0.1,0,0.1,0.1,0.1,0.1,0.1,0.1,0.1,0.1,0.1,0,0.1,0.1,0.1,0.1,0.1,0.1,0.1,0.1,0.1,0.1,0.1,0.1,0.1,0.1,0.1,0.1,0.1,0.1,0.1,0,0.1,0.1,0.1,0.1,0.1,0.1,0.1,0.1,0.1,-0.1,0.1,0.1,0.1,0.1,0.1,0.1,0.1,0.2,0.1,-0.2,0.1,0.1,0.1,0.1,0.1,0.1,0.1,0.1,0.1,-0.5,0.1,0,0.1,0.1,0.1,0.1,0.1,0.1,0.1,-0.5,0.1,0.1,0.1,0.1,0,0.1,0.1,0.1,0.1,-0.2,0.1,0.1,0.1,0,0.1,0.1,0,0
0.000129,0,0.1,0.1,0.1,0.1,0.1,0.1,0.1,0.2,0.1,0.1,0,0.1,0.1,0.1,0.1,0.1,0.1,0.1,0.1,0.1,0.1,0.1,0.1,0.1,0.1,0.1,0.1,0.1,0.1,0,0,0,0.1,0.1,0.1,0.1,0.1,0.1,0.1,0.1,0,0.1,0.1,0.1,0.1,0.1,0.1,0.1,0.1,0.1,-0.1,0.1,0.1,0.1,0.1,0.1,0.1,0.1,0.1,0.1,-0.2,0.1,0.1,0.1,0.1,0.1,0.1,0.1,0.1,0.1,-0.5,0.1,0.1,0.1,0.1,0.1,0.1,0.1,0.1,0.1,-0.5,0.1,0.1,0.1,0.1,0.1,0,0.1,0.1,0.1,-0.3,0.1,0.1,0.1,0.1,0.1,0.1,0,0
0.000129,0,0.1,0.1,0.1,0.1,0.1,0.1,0.1,0.1,0.1,0.1,0,0.1,0.1,0.1,0.1,0.1,0.1,0.1,0.1,0,0.1,0.1,0.1,0.1,0.1,0,0.1,0.1,0.1,0.1,0,0.1,0.1,0.1,0.1,0.1,0.1,0.1,0.1,0.1,-0.1,0.1,0.1,0.1,0.1,0.1,0.1,0.1,0.1,0.1,-0.1,0.1,0.1,0.1,0.1,0.1,0.1,0.1,0.1,0.1,-0.2,0.1,0.1,0.1,0.1,0.1,0.1,0.1,0.1,0.1,-0.4,0.1,0.1,0.1,0.1,0.1,0.1,0.1,0.1,0.1,-0.5,0.1,0.1,0.1,0,0.1,0.1,0.1,0.1,0.1,-0.3,0.1,0.1,0.1,0.1,0.1,0.1,-0.1,0
0.000129,0,0.1,0.1,0.1,0.1,0.1,0.1,0.1,0.1,0.1,0.1,0,0.1,0.1,0.1,0.1,0.1,0.1,0.1,0.2,0.1,0,0.1,0.1,0.1,0.1,0.1,0.1,0.1,0.1,0.1,0,0.1,0.1,0.1,0.1,0.1,0.1,0.1,0.1,0.2,-0.1,0.1,0.1,0.1,0.1,0.1,0.1,0.1,0.1,0.1,-0.1,0.1,0.1,0.1,0.1,0.1,0.1,0.1,0.1,0.1,-0.2,0.1,0.1,0.1,0.1,0.1,0.1,0.1,0.1,0.1,-0.6,0.1,0.1,0.1,0.1,0.1,0.1,0.1,0.1,0,-0.5,0.1,0.1,0.1,0.1,0.1,0.1,0.2,0.1,0.1,-0.3,0.1,0.1,0,0.1,0.1,0.1,0,-0.1
0.000129,0,0.1,0.1,0.1,0,0.1,0.1,0.1,0.1,0.1,0.1,0.1,0.1,0.1,0.1,0.1,0.1,0.1,0.1,0.1,0.1,0.1,0.1,0.1,0.1,0.1,0.1,0.1,0.1,0.1,0.1,0.1,0.1,0.1,0.1,0.1,0.1,0.1,0.1,0.1,0.1,-0.1,0.1,0.1,0.1,0.1,0.1,0.1,0.1,0.1,0.1,-0.1,0.1,0.1,0.1,0.1,0.1,0.1,0.1,0.1,0.1,-0.2,0.1,0.1,0.1,0.1,0.1,0.1,0.1,0.1,0.1,-0.5,0.1,0.1,0.1,0.1,0.1,0.1,0.1,0.1,0.1,-0.5,0.1,0.1,0.1,0.1,0.1,0.1,0.1,0.1,0,-0.3,0.1,0.1,0.1,0.1,0.1,0.1,-0.1,0
0.00013,0,0.1,0.1,0.1,0.1,0.1,0.1,0.1,0.1,0.1,0.1,0,0.1,0.1,0.1,0.1,0.1,0.1,0.1,0.1,0.1,0.1,0.1,0.1,0.1,0,0.1,0.1,0.1,0.1,0.1,0,0.1,0.1,0.1,0.1,0.1,0.1,0.1,0.1,0.1,0,0.1,0.1,0.1,0.1,0.2,0.1,0.1,0.1,0.1,-0.1,0.1,0.1,0.1,0.1,0.1,0.1,0.1,0.1,0.1,-0.2,0.1,0.1,0.1,0.1,0.1,0.1,0.1,0.1,0.1,-0.5,0.1,0.1,0.1,0.1,0.1,0.1,0.1,0.1,0.1,-0.5,0.1,0.1,0.1,0.1,0,0.1,0.1,0.1,0.1,-0.2,0.1,0.1,0.1,0.1,0.1,0.1,-0.1,0
0.00013,0.1,0.1,0.1,0.1,0.1,0.1,0.1,0.1,0.1,0.1,0.1,0,0.1,0.1,0.1,0.1,0.1,0.1,0.1,0.1,0.1,0,0.1,0.1,0,0.1,0.1,0.1,0.1,0.1,0.1,0,0.1,0.1,0.1,0.1,0.1,0.1,0.1,0.1,0.1,0.1,0.1,0.1,0.1,0.1,0.1,0.1,0.1,0.1,0.1,0,0.1,0.1,0.1,0.1,0.1,0.1,0.1,0.1,0.1,-0.3,0.1,0.1,0.1,0.1,0.1,0.1,0.1,0.1,0.1,-0.5,0.1,0.1,0.1,0.1,0.1,0.1,0.1,0.1,0.1,-0.5,0.1,0.1,0.1,0.1,0.1,0.1,0.1,0.1,0.1,-0.2,0.1,0.1,0.1,0.1,0.1,0.1,-0.1,0
0.00013,0,0.1,0.1,0.1,0.1,0.1,0.1,0.1,0.1,0.1,0.1,0,0.1,0.1,0.1,0.1,0.1,0.1,0.1,0.1,0.1,0,0.1,0.1,0.1,0.1,0.1,0.1,0.1,0.1,0.1,0,0.1,0.1,0.1,0.1,0.1,0.1,0,0.1,0.1,0.1,0.1,0.1,0.1,0.1,0.1,0,0.1,0.1,0.1,0,0.1,0.1,0.1,0.1,0.1,0.1,0.1,0.1,0.1,-0.4,0.1,0.1,0.1,0.1,0.1,0.1,0.1,0.1,0.1,-0.5,0.1,0.1,0.1,0.1,0,0.1,0.1,0.2,0.1,-0.5,0.1,0.1,0.1,0.1,0.1,0.1,0.1,0.1,0.1,-0.2,0.1,0.1,0.1,0.1,0.1,0.1,-0.1,0
0.00013,0,0.1,0.1,0.1,0.1,0.1,0.1,0.1,0.1,0.1,0.1,0,0.1,0.1,0.1,0.1,0.1,0.1,0.1,0.1,0.1,0,0.1,0.1,0.1,0.1,0.1,0.1,0.1,0.1,0.1,0,0.1,0.1,0.1,0.1,0.1,0.1,0.1,0.1,0.1,0,0.1,0.1,0.1,0.1,0.1,0.1,0.1,0.1,0.1,0,0.1,0.1,0.1,0.1,0,0.1,0.1,0.1,0.1,-0.2,0.1,0.1,0.1,0.1,0.1,0.1,0.1,0.1,0.1,-0.5,0.1,0.1,0.1,0.1,0.1,0,0.1,0.1,0.1,-0.5,0.1,0.1,0.1,0.1,0.1,0.1,0.1,0.1,0.1,-0.2,0.1,0.1,0.1,0.1,0.1,0,-0.1,-0.1
0.00013,0.1,0.1,0.1,0.1,0.2,0.1,0.1,0.2,0.1,0.1,0.1,0,0.1,0.1,0.1,0.1,0.1,0,0.1,0.1,0.1,0,0.1,0.1,0.1,0.1,0.1,0.1,0.1,0.1,0.1,0.1,0.1,0.1,0.1,0.1,0.1,0.1,0.1,0.1,0.1,0.1,0.1,0.1,0.1,0.1,0.1,0.1,0.1,0.1,0.1,-0.1,0.1,0.1,0.1,0.1,0.1,0.1,0.1,0.1,0.1,-0.3,0.1,0.1,0.1,0.1,0.1,0.2,0.1,0.1,0.1,-0.4,0.1,0.1,0.1,0.1,0.1,0.1,0.1,0.1,0.1,-0.5,0.1,0.1,0.1,0.1,0.1,0.1,0.1,0.1,0.1,-0.3,0.1,0.1,0,0.1,0.1,0.1,0,0
0.000131,0,0.1,0.1,0.1,0.1,0.1,0.1,0.1,0.1,0.1,0.1,0,0.1,0.1,0.2,0.1,0.1,0.1,0.1,0.1,0.1,0,0.1,0.1,0.1,0.1,0.1,0.1,0.1,0.1,0.1,-0.1,0.1,0.1,0.1,0.1,0.1,0.1,0.1,0.1,0.1,0.1,0.1,0,0.1,0.2,0.1,0.1,0.1,0.1,0.1,0,0.1,0.1,0.1,0.1,0.1,0,0.1,0.1,0.1,-0.2,0.1,0.1,0.1,0.1,0.1,0.1,0.1,0.1,0.1,-0.4,0.1,0.1,0.1,0.1,0.1,0.1,0.1,0.1,0.1,-0.5,0.1,0.1,0.1,0.1,0.1,0.1,0.1,0.1,0.1,-0.2,0.1,0.1,0.1,0.1,0.1,0.1,0,0
0.000131,0,0.1,0.1,0.1,0.2,0.1,0.1,0.1,0.1,0.1,0.1,0,0.1,0.1,0.1,0.1,0.1,0.1,0.1,0.1,0.1,0,0.1,0.1,0.1,0.1,0.1,0.1,0.1,0.1,0.1,0,0.1,0.1,0.1,0.1,0.1,0.1,0.1,0.1,0.1,0,0.1,0.1,0.1,0.1,0.1,0.1,0.1,0.1,0.1,0,0.1,0.1,0.1,0.1,0.1,0.1,0.1,0.1,0.1,-0.3,0.1,0.1,0.1,0.1,0.1,0.1,0.1,0.1,0.1,-0.5,0.1,0.1,0.1,0.1,0.1,0.1,0.1,0.1,0.1,-0.5,0.1,0.1,0.1,0.1,0.1,0.1,0.1,0.1,0.1,-0.3,0.1,0.1,0.1,0.1,0.1,0.1,0,0
0.000131,0.1,0.1,0.1,0.1,0.1,0.1,0.1,0.1,0.1,0.1,0.1,-0.1,0.1,0.1,0.1,0.1,0.1,0.1,0.1,0.1,0.1,0,0.1,0.1,0.1,0.1,0.1,0.1,0.1,0,0.1,0,0.1,0.1,0.1,0.1,0,0.1,0.1,0.1,0.1,-0.1,0.1,0.1,0.1,0.1,0.1,0.1,0.1,0.1,0.1,-0.1,0.1,0.1,0.1,0.1,0.1,0.1,0.1,0.1,0.1,-0.2,0,0.1,0.1,0.1,0.1,0.1,0.1,0.1,0.1,-0.5,0.1,0.1,0.1,0.1,0.1,0.1,0.1,0.1,0.1,-0.4,0.1,0.1,0.1,0.1,0.1,0.1,0.1,0.1,0.1,-0.1,0.1,0.1,0.1,0.1,0.1,0.1,0,0
0.000131,0,0.1,0.1,0.1,0.1,0.1,0.1,0.1,0.1,0.1,0.1,0,0.1,0.1,0.1,0.1,0.1,0.1,0.2,0.1,0.1,0.1,0.1,0.1,0.1,0.1,0.1,0.1,0.1,0.1,0.1,-0.1,0.1,0.1,0.1,0.1,0.1,0.1,0.1,0.1,0.1,0,0,0.1,0.1,0.1,0.1,0.1,0.1,0.1,0.1,-0.1,0.1,0.1,0.1,0.1,0.1,0.1,0.1,0.1,0.1,-0.2,0.1,0.1,0.2,0.1,0.1,0.1,0.1,0.1,0.1,-0.5,0.1,0.1,0.1,0.1,0.1,0.1,0.1,0.1,0.1,-0.4,0.1,0.1,0.1,0.1,0.1,0.1,0.1,0.1,0.1,-0.2,0.1,0.1,0.1,0.1,0.1,0.1,-0.1,-0.1
0.000131,-0.1,0.1,0.1,0.1,0.1,0.1,0.1,0.1,0.1,0.1,0.1,0,0.1,0.1,0.1,0.1,0.1,0.1,0.1,0.1,0.1,0.1,0.1,0,0.1,0.1,0.1,0.1,0.1,0.1,0.1,-0.1,0.1,0.1,0.1,0.1,0.1,0.1,0.1,0.1,0.1,-0.1,0.1,0.1,0.1,0.1,0.1,0.1,0.1,0.1,0.1,0,0.1,0.1,0.1,0.1,0.1,0.1,0.1,0.1,0.1,-0.2,0.1,0.1,0.1,0.1,0.1,0.1,0.1,0.1,0.1,-0.5,0.1,0.1,0.1,0.1,0.1,0.1,0.1,0.1,0.1,-0.5,0.1,0.1,0.1,0.1,0.1,0.1,0.1,0.1,0.1,-0.2,0.1,0.1,0.1,0.1,0.1,0.1,-0.1,-0.1
0.000132,0,0.1,0.1,0.1,0.1,0.1,0.1,0.1,0.1,0.1,0.1,0,0.1,0.1,0.1,0.1,0.1,0.1,0.1,0.1,0.1,0.1,0.1,0.1,0.1,0.1,0.1,0.1,0.1,0.1,0.1,0,0.1,0.1,0.1,0.1,0.1,0.1,0.1,0.1,0.1,-0.1,0.1,0.1,0.1,0.1,0.1,0.1,0.1,0.1,0.1,-0.1,0.1,0.1,0.1,0.1,0.1,0.1,0.1,0.1,0.1,-0.2,0.1,0.1,0.1,0.1,0.1,0,0.1,0.1,0.1,-0.4,0.1,0.1,0.1,0.1,0.1,0.1,0.1,0.1,0,-0.4,0.1,0.1,0.1,0.1,0.1,0.1,0.1,0.1,0.1,-0.3,0.1,0.1,0.2,0.1,0.1,0.1,0,0
0.000132,0,0.1,0.1,0,0.2,0.1,0.1,0.1,0.1,0.1,0.1,0,0.1,0.1,0.1,0.1,0.1,0.1,0.1,0.1,0.1,0,0.1,0.1,0.1,0.1,0.1,0.1,0.1,0.1,0.1,0,0.1,0,0.1,0.1,0.1,0.1,0.1,0.1,0.1,0,0.1,0.1,0.1,0.1,0.1,0.1,0.1,0.1,0.1,0,0,0.1,0.1,0.1,0.1,0.1,0.1,0.1,0,-0.2,0.1,0.1,0.1,0.1,0.1,0.1,0.1,0.1,0.1,-0.5,0.1,0.1,0.1,0.1,0.1,0.1,0.1,0.1,0.1,-0.5,0.1,0.1,0.1,0.1,0.1,0.1,0.2,0.1,0.1,-0.3,0.1,0.1,0.1,0.1,0.1,0.1,-0.1,0
0.000132,0,0.1,0.1,0.1,0.1,0.1,0.1,0.1,0.1,0.1,0.1,0,0.1,0.1,0.1,0.1,0.1,0.1,0.1,0.1,0.1,0.1,0.1,0.1,0.1,0.1,0.1,0.1,0.1,0.1,0.1,0,0.1,0.1,0.1,0.1,0.1,0.1,0.1,0.1,0.1,0,0,0.1,0.1,0.1,0.1,0.1,0.1,0.1,0.1,0,0.1,0.1,0.1,0.1,0.1,0.1,0.1,0.1,0.1,-0.2,0.1,0.1,0.1,0.1,0.1,0,0.1,0.1,0.1,-0.5,0.1,0.1,0.1,0.1,0.1,0.1,0.1,0.1,0.1,-0.4,0.1,0.1,0.1,0.1,0.1,0.1,0.1,0.1,0.1,-0.3,0.1,0.1,0.1,0.1,0.1,0.1,-0.1,0
0.000132,0,0.1,0.2,0.1,0.1,0.1,0.1,0.1,0.1,0.1,0.1,0,0.1,0.1,0.1,0.1,0.1,0.1,0.1,0.1,0.1,-0.1,0.1,0.1,0.1,0.1,0.1,0,0.2,0.1,0.1,0.1,0.1,0.1,0.1,0.1,0.1,0.1,0.1,0.1,0.1,0,0.1,0.1,0.1,0.1,0.1,0.1,0.1,0.1,0.1,-0.1,0.1,0.1,0.1,0.1,0.1,0.1,0.1,0.1,0.1,-0.2,0.1,0.1,0.1,0.1,0.1,0.1,0.1,0.1,0.1,-0.4,0.1,0.1,0.1,0.1,0.1,0.1,0.1,0.1,0.1,-0.5,0.1,0.1,0.1,0.1,0.1,0.1,0,0.1,0.1,-0.2,0.1,0.1,0.1,0.1,0.1,0.1,-0.1,0
0.000132,0,0.1,0.1,0.1,0.1,0.1,0.1,0.1,0.1,0.1,0.1,0.1,0.1,0.1,0.1,0.1,0,0.1,0.1,0.1,0,0,0.1,0.1,0,0.1,0.1,0.1,0.1,0.1,0.1,0,0.1,0.1,0.1,0.1,0.1,0.1,0.1,0.1,0.1,0,0.1,0.1,0.1,0.1,0.1,0.1,0.1,0.1,0.1,0,0.1,0.1,0.1,0.1,0.1,0.1,0.1,0.1,0.1,-0.2,0.1,0.1,0.1,0.1,0.1,0.1,0.1,0.1,0.1,-0.5,0.1,0.1,0.1,0.1,0.1,0.1,0.1,0.2,0.1,-0.5,0.1,0.1,0.1,0.1,0.1,0.1,0.1,0.1,0.1,-0.1,0.1,0.1,0.1,0.1,0.1,0.1,0,0
0.000133,-0.1,0.1,0.1,0.1,0.1,0.1,0.1,0,0.1,0.1,0.1,0.1,0.1,0.1,0.1,0.1,0.1,0.1,0.1,0.1,0.1,-0.1,0.1,0.1,0.1,0.1,0.1,0.1,0.1,0.1,0.1,0.1,0.1,0.1,0.1,0.1,0.2,0.1,0.1,0.2,0.1,0,0.1,0.1,0.1,0.1,0.1,0.1,0.1,0.1,0.1,0.1,0.1,0.1,0.1,0.1,0.1,0.1,0.1,0.1,0.1,-0.2,0.1,0.1,0.1,0.1,0.1,0.1,0.1,0.1,0.1,-0.4,0.1,0.1,0.1,0.1,0.1,0.1,0.2,0.1,0.1,-0.5,0.1,0.1,0.1,0.1,0.1,0.1,0.1,0.1,0.1,-0.2,0.1,0.1,0.1,0.1,0.1,0.1,-0.1,-0.1
0.000133,0,0.1,0.1,0.1,0.1,0.1,0.1,0.1,0.1,0.1,0.1,0.1,0.1,0.1,0.2,0.1,0.1,0.1,0.1,0.1,0.1,0,0.1,0.1,0.1,0.1,0.1,0.1,0.1,0.1,0.1,0,0.1,0.1,0.1,0.1,0.1,0.1,0.1,0.1,0.1,0.1,0.1,0.1,0.1,0.1,0.1,0.1,0.1,0.1,0.1,0,0.1,0.1,0,0.1,0.1,0.1,0.1,0.1,0.1,-0.2,0.1,0.1,0.1,0.1,0.1,0.1,0.1,0.1,0.1,-0.5,0.1,0.1,0.1,0.1,0.1,0.1,0.1,0.2,0.1,-0.6,0.1,0.1,0.1,0.1,0.1,0.1,0.1,0.1,0.1,-0.3,0.1,0.1,0.1,0.1,0.1,0.1,0,0
0.000133,0,0.1,0.1,0.1,0.1,0.1,0.1,0,0.1,0.1,0.1,0.1,0.1,0.1,0.1,0.1,0.1,0.1,0.1,0.1,0.1,0.1,0.1,0.1,0.1,0.1,0.1,0.1,0.1,0.1,0.1,0,0.1,0.1,0.1,0.1,0.1,0.1,0.1,0.1,0.1,0.1,0.1,0.1,0.1,0.1,0.1,0.1,0.1,0.1,0,-0.1,0.1,0.1,0.1,0.1,0.1,0.1,0.1,0.1,0.1,-0.2,0.1,0.1,0.1,0.1,0.1,0.1,0.1,0.1,0.1,-0.5,0.1,0.1,0.1,0.1,0.1,0.1,0.1,0.1,0.1,-0.4,0.2,0.1,0.1,0.1,0.1,0.1,0.1,0.1,0.1,-0.3,0.1,0.1,0.1,0.1,0.2,0.1,0,0
0.000133,0.1,0.1,0.1,0.1,0.1,0.1,0.1,0.1,0.1,0.1,0.1,0.1,0.1,0.1,0.1,0.1,0.1,0.1,0.1,0.1,0.1,0,0.1,0.1,0.1,0.1,0.1,0.1,0.1,0.1,0.1,-0.1,0.1,0.1,0.1,0.1,0.1,0.1,0.1,0.1,0.1,0.1,0.1,0.1,0.1,0.1,0.1,0.1,0.1,0.1,0.1,0,0.1,0.1,0.1,0.1,0.1,0.1,0.1,0.1,0.1,-0.3,0.1,0.1,0.1,0.1,0.1,0.1,0.1,0.1,0.1,-0.5,0.1,0.1,0.1,0.1,0.1,0.1,0.1,0.1,0.1,-0.5,0.1,0.1,0.1,0.1,0.1,0.1,0.1,0.1,0.1,-0.3,0.1,0.1,0.1,0.1,0.1,0.1,0,0
0.000133,0.1,0.1,0.1,0.2,0.1,0.1,0.1,0.1,0.1,0.1,0.1,0,0.1,0.1,0.1,0.1,0.1,0.1,0.1,0.1,0.1,0,0.1,0.1,0.1,0,0.1,0.1,0.1,0.1,0.1,0,0.1,0.1,0.1,0.1,0.1,0.1,0.1,0.1,0.1,0,0.1,0.1,0.1,0.1,0.1,0.1,0.1,0.1,0.1,-0.1,0.1,0.1,0.1,0.1,0.1,0.1,0.1,0.1,0.1,-0.2,0.1,0.1,0.1,0.1,0.1,0.1,0.1,0.1,0.1,-0.4,0.1,0.1,0.1,0.1,0.1,0.1,0.1,0.1,0.1,-0.5,0.1,0.1,0.1,0.1,0,0.1,0.1,0.1,0.1,-0.3,0.1,0.1,0.1,0.1,0.1,0.1,-0.1,0.1
0.000134,0.1,0.1,0.1,0.1,0.1,0.1,0.1,0.1,0.2,0.1,0.1,0,0.1,0.1,0.1,0.1,0.1,0.1,0.1,0.1,0.2,0.1,0.1,0.1,0.1,0.1,0.1,0.2,0.1,0.1,0.1,0,0.1,0.1,0.1,0.1,0.1,0.1,0.1,0.1,0.1,0,0.1,0.1,0.1,0.1,0.1,0.1,0.1,0.1,0.1,-0.1,0.1,0.1,0.1,0.1,0.1,0.1,0.1,0.1,0.1,-0.3,0.1,0.1,0.1,0.1,0.1,0.1,0.1,0.1,0.1,-0.5,0.1,0.1,0.1,0.1,0.1,0.2,0.1,0.1,0.1,-0.4,0.1,0.1,0.1,0.1,0.1,0.1,0.1,0.1,0.1,-0.2,0.1,0.1,0.1,0.1,0.1,0.1,0,0
0.000134,0,0.1,0.1,0.1,0.1,0.1,0.1,0.1,0.1,0.1,0.1,0,0.1,0.1,0.1,0.1,0.1,0.1,0.1,0.1,0.1,0.1,0.1,0.1,0.1,0.1,0.1,0.1,0.1,0.1,0.1,0,0.1,0.1,0.1,0.1,0.1,0.1,0.1,0.1,0.1,0,0.1,0.1,0.2,0.1,0.1,0.1,0.1,0.1,0.1,-0.1,0.1,0.1,0.1,0.1,0.1,0.1,0.1,0.1,0.1,-0.2,0.1,0.1,0.1,0.1,0.1,0.1,0.1,0.1,0.1,-0.5,0.1,0.1,0.1,0.1,0.1,0.1,0.1,0.1,0.1,-0.4,0.1,0.1,0.2,0.1,0.1,0.1,0.1,0.1,0.1,-0.2,0.1,0.1,0.1,0.1,0.1,0.1,0,-0.1
0.000134,0,0.1,0.1,0.1,0.1,0,0.1,0.1,0.1,0.1,0.1,0,0.1,0.1,0.1,0.1,0.1,0.1,0.1,0.1,0.1,0.1,0.1,0.1,0.1,0.1,0.1,0.1,0.1,0.1,0,0,0.1,0.1,0.1,0.1,0.1,0.1,0.1,0.1,0.1,-0.1,0.1,0.1,0.1,0.1,0.1,0.1,0.1,0.1,0.1,-0.1,0.1,0.1,0.1,0.1,0.1,0.1,0.1,0.1,0.1,-0.2,0.1,0.1,0.1,0.1,0.1,0.1,0.1,0.1,0.1,-0.4,0.1,0.1,0.1,0.1,0.1,0.1,0.1,0.1,0.1,-0.4,0.1,0.1,0.1,0.1,0.1,0.1,0.1,0.1,0.1,-0.3,0.1,0.1,0.1,0.1,0.1,0.1,-0.1,0
0.000134,-0.1,0.1,0.1,0.1,0.1,0.1,0.1,0.1,0.1,0.1,0.2,0,0.1,0.1,0.1,0.1,0.1,0.1,0.1,0.1,0.1,0,0.1,0.1,0.1,0.1,0.1,0,0.1,0.1,0.1,0,0.1,0.1,0.2,0.1,0.1,0.1,0.1,0.1,0.1,-0.1,0.1,0.1,0.1,0.1,0.1,0.1,0.1,0.1,0.1,-0.1,0.1,0.1,0.1,0.1,0.1,0.1,0.1,0.1,0.1,-0.2,0.2,0.1,0.1,0.1,0.1,0.1,0.1,0.1,0.1,-0.4,0.1,0.1,0.1,0.1,0.1,0.1,0.1,0.1,0.1,-0.4,0.1,0.1,0.2,0.1,0.1,0.1,0.1,0.1,0.1,-0.3,0.1,0.1,0.1,0.1,0.1,0.1,0,0
0.000134,0,0.1,0.1,0.1,0.1,0.1,0.1,0.1,0.1,0.1,0.1,-0.1,0.1,0.1,0.1,0.1,0,0.1,0,0.1,0.1,0.1,0.1,0.1,0.1,0.1,0.1,0.1,0.1,0.1,0.1,0,0.1,0.1,0.1,0.1,0.1,0.1,0.1,0.1,0.1,0,0,0.1,0.1,0.1,0.1,0.1,0.1,0.1,0.2,-0.1,0.1,0.1,0.1,0.1,0.1,0.1,0.1,0.1,0.1,-0.2,0,0.1,0.1,0.1,0.1,0.1,0.1,0.1,0.1,-0.4,0.1,0.1,0.1,0.1,0.1,0.1,0.1,0.1,0.1,-0.5,0.1,0.1,0.1,0.2,0.2,0.1,0.1,0.1,0.1,-0.2,0.1,0.1,0.1,0.1,0.1,0.1,0,-0.1
0.000135,0,0.1,0.1,0.1,0.1,0.1,0.1,0.1,0.1,0.1,0.1,0,0.1,0.1,0.1,0.1,0.1,0.1,0.1,0.1,0.1,-0.1,0.1,0.1,0.1,0.1,0.1,0.1,0.1,0.1,0.1,0,0.1,0.1,0.1,0.1,0,0.1,0.1,0.1,0.1,0,0.1,0.1,0.1,0.1,0.1,0.1,0.1,0.1,0.1,0,0.1,0.1,0.1,0.1,0.1,0.1,0.1,0.1,0.1,-0.2,0.1,0.1,0.1,0.1,0.1,0.1,0.1,0.1,0.1,-0.4,0.1,0.1,0.1,0.1,0.1,0.1,0.1,0.1,0.1,-0.4,0.1,0.1,0.1,0.1,0.1,0,0.1,0.1,0.1,-0.3,0.1,0.1,0.1,0.1,0.1,0.1,0,0.1
0.000135,0,0.1,0,0.1,0.1,0.1,0.1,0.1,0.1,0.1,0.1,-0.1,0.1,0.1,0.1,0.1,0.1,0.1,0.1,0.1,0.1,-0.1,0.1,0.1,0.1,0.1,0.1,0.1,0.1,0.1,0.1,0,0.1,0.1,0.1,0.1,0.1,0.2,0.1,0.2,0.1,0,0.1,0.1,0.1,0.1,0,0.1,0.1,0.1,0.1,0,0.1,0.1,0.1,0.1,0.1,0.1,0.1,0.1,0.1,-0.2,0.1,0.1,0.1,0.2,0.1,0,0.1,0.1,0.1,-0.5,0.1,0.1,0.1,0.1,0.1,0.1,0.1,0.1,0.1,-0.5,0.1,0.1,0.1,0.1,0.1,0.1,0.1,0.1,0.1,-0.2,0.1,0.1,0,0.1,0.1,0.1,0,0
0.000135,-0.1,0.1,0.1,0.1,0.1,0.1,0.1,0.1,0.1,0.1,0.1,0,0.1,0.1,0.1,0.1,0.1,0.1,0.1,0.1,0.1,0,0.1,0.1,0.1,0.1,0,0.1,0.1,0.1,0.1,0,0.1,0,0.1,0.1,0.1,0.1,0.1,0.1,0.1,0.1,0.1,0.1,0.1,0.1,0.1,0.1,0.1,0.1,0.1,0,0.1,0.1,0.1,0.1,0.1,0.1,0.1,0.1,0.1,-0.1,0.1,0.1,0.1,0.1,0.1,0.1,0.1,0.1,0.1,-0.3,0.1,0.1,0.1,0.1,0.1,0.1,0.1,0.1,0.1,-0.5,0.1,0.1,0.1,0.1,0.1,0.1,0.1,0.1,0.1,-0.2,0.1,0.1,0.1,0.1,0,0.1,-0.1,-0.1
0.000135,-0.1,0.1,0.1,0.1,0.1,0.1,0.1,0.1,0.1,0.1,0.1,0,0.1,0.1,0.1,0.1,0.1,0.1,0.1,0.1,0.1,0.1,0.1,0.1,0.1,0.1,0.1,0.1,0.1,0.1,0.1,-0.1,0.1,0.1,0.1,0.1,0.1,0.1,0.1,0.1,0.1,-0.1,0.1,0.1,0.1,0.1,0.1,0.1,0.1,0.1,0.1,-0.1,0.1,0.1,0.1,0.1,0.1,0.1,0.1,0.1,0.1,-0.2,0.1,0.1,0.1,0.1,0.1,0,0.1,0.1,0.1,-0.4,0.1,0.1,0.1,0.1,0.1,0.1,0.1,0.1,0.1,-0.4,0.1,0.1,0.1,0.1,0.1,0.1,0.1,0.1,0.1,-0.2,0.1,0.1,0.1,0.1,0.1,0.1,0,0
0.000135,0.1,0.1,0.1,0.1,0.1,0.1,0.1,0.1,0.1,0.1,0.1,0.1,0.1,0.1,0.1,0.1,0.1,0.1,0.1,0.1,0.1,0,0.1,0.1,0.1,0.1,0.1,0.1,0.1,0.1,0.1,0,0.1,0.1,0.1,0.1,0.1,0.1,0.1,0.1,0.1,0.1,0.1,0.1,0.1,0.1,0.1,0.1,0.1,0.1,0.1,-0.1,0.1,0.1,0.1,0.1,0.1,0.1,0.1,0.1,0.1,-0.1,0.1,0.1,0.1,0.1,0.1,0.1,0.1,0.1,0.1,-0.4,0.1,0.1,0.1,0.1,0.1,0.1,0.1,0.1,0.1,-0.4,0.1,0.1,0.1,0.1,0.1,0.1,0.1,0.1,0.1,-0.2,0.1,0.1,0.1,0.1,0.1,0.1,0,0.1
0.000136,0.1,0.1,0.1,0.1,0.1,0.1,0.1,0.1,0.1,0.1,0.1,0.1,0.1,0.1,0.1,0.1,0.1,0.1,0.1,0,0.1,0.1,0.1,0.1,0.1,0.1,0.1,0.1,0.1,0.1,0.1,0,0.1,0.1,0.1,0.1,0.1,0.1,0.1,0.1,0.1,0.1,0.1,0.1,0.1,0.1,0.1,0.1,0.1,0.1,0.1,-0.1,0.1,0.1,0.1,0.1,0.1,0.1,0.1,0.1,0.1,-0.1,0.1,0.1,0.1,0.1,0.1,0.1,0.1,0.1,0.1,-0.4,0.1,0.1,0.1,0.1,0.1,0.1,0.1,0.1,0.1,-0.4,0.1,0.1,0.1,0.2,0.1,0.1,0.1,0.1,0.1,-0.2,0.1,0.1,0.1,0.1,0.1,0,0,0.1
0.000136,0,0.1,0.1,0.1,0.1,0.1,0.1,0.1,0.1,0.1,0.1,0.1,0.1,0.1,0.1,0.1,0.1,0.1,0.1,0.1,0.1,0.1,0.1,0.1,0.1,0.1,0.1,0.1,0.1,0.1,0.1,0,0.1,0.1,0.1,0.1,0.1,0.1,0.1,0.1,0.1,0,0.1,0.1,0.1,0.1,0.1,0.1,0.1,0,0.1,-0.1,0.1,0.1,0.1,0.1,0.2,0.1,0.1,0.1,0.1,-0.2,0,0.1,0.1,0,0.1,0.1,0.1,0.1,0.1,-0.5,0.1,0.1,0.1,0.1,0.1,0.1,0.1,0.1,0.1,-0.4,0.1,0.1,0.1,0.1,0.1,0.1,0.1,0.1,0.1,-0.2,0.1,0.1,0.1,0.1,0.1,0.1,0,0
0.000136,0,0.1,0.1,0.1,0.1,0.1,0.1,0,0.1,0.1,0.1,0.1,0.1,0.1,0.1,0.1,0.1,0.1,0.1,0.1,0.1,0.2,0.1,0.1,0.1,0.1,0.1,0.1,0.1,0.1,0.1,0,0.1,0.1,0.1,0.1,0.1,0.1,0.1,0.1,0.1,0,0.1,0.1,0.1,0.1,0.1,0.1,0.1,0.1,0.1,-0.1,0.1,0.1,0.1,0.1,0.1,0.1,0.1,0.1,0.1,-0.2,0.1,0.1,0.1,0.1,0.1,0.1,0.1,0.1,0.1,-0.4,0.1,0.1,0.1,0.1,0.1,0.1,0.1,0.1,0.1,-0.5,0.1,0.1,0.1,0.1,0.1,0.1,0.1,0.1,0.1,-0.2,0.1,0.1,0.1,0.1,0.1,0.1,0,0
0.000136,0,0.1,0.1,0.1,0.1,0.1,0.1,0.1,0.1,0.1,0.1,0,0.1,0.1,0.1,0.1,0.1,0.1,0.1,0.1,0.1,0,0.1,0.1,0.1,0.1,0.1,0.1,0.1,0.1,0.1,0,0.1,0.1,0.1,0.1,0.1,0.1,0.1,0.1,0.1,-0.1,0.1,0.1,0.1,0.1,0.1,0.1,0.1,0.1,0.1,0,0.1,0.1,0.1,0.1,0.1,0.1,0.1,0.1,0.1,-0.2,0.1,0.1,0.1,0.1,0.1,0.1,0,0.1,0.1,-0.4,0.1,0.1,0.1,0.1,0.1,0.1,0.1,0.1,0.1,-0.5,0.1,0.1,0.1,0.1,0.1,0.1,0.1,0.1,0.1,-0.3,0.1,0.1,0.1,0.1,0.1,0.1,0,0
0.000136,0,0.1,0.1,0.1,0.1,0.1,0.1,0.1,0.1,0.1,0.1,0,0,0.1,0.1,0.1,0.1,0.1,0.1,0.1,0.1,0,0.1,0.1,0.1,0.1,0.1,0.1,0.1,0.1,0.1,-0.1,0.1,0.1,0.1,0.1,0.1,0.1,0.1,0.1,0.1,0,0.1,0.1,0.1,0.1,0.1,0.1,0.1,0.1,0.1,-0.1,0.1,0.2,0.1,0.1,0.2,0.1,0.1,0.1,0.1,-0.2,0.1,0.1,0.1,0.1,0,0.1,0.1,0.1,0.1,-0.4,0.1,0.1,0.1,0.1,0.1,0.1,0.1,0.1,0.1,-0.5,0.1,0.1,0.1,0.1,0.1,0.1,0.1,0.1,0.1,-0.2,0.1,0.1,0.1,0.1,0.1,0.1,0,0
0.000137,0,0.1,0.1,0.1,0.1,0.1,0.1,0.1,0.1,0.1,0.1,0,0.1,0.1,0.1,0.1,0.1,0.1,0.1,0.1,0.1,0,0.1,0.1,0.1,0.1,0.1,0.1,0.1,0.1,0.1,0,0.1,0.1,0.1,0.1,0.1,0.2,0.1,0.1,0.1,0,0.1,0.1,0.1,0.1,0.1,0.1,0.1,0.1,0.1,0,0.1,0.1,0.1,0.2,0.1,0.1,0.1,0.1,0.1,-0.3,0.1,0.1,0.1,0.1,0.1,0.1,0.1,0.1,0.1,-0.3,0.1,0.1,0.1,0.1,0.1,0.1,0.1,0.1,0.1,-0.4,0.1,0.1,0.1,0.1,0.1,0.1,0.1,0.1,0.1,-0.2,0.2,0.1,0.1,0.1,0.1,0.1,0,0
0.000137,0,0.1,0.1,0.1,0.1,0.1,0.1,0.1,0,0.1,0.1,0,0.1,0.1,0.1,0.1,0.1,0.1,0.1,0.1,0.1,0,0.1,0.1,0.1,0.1,0.1,0.1,0.1,0.1,0.1,0,0.1,0.1,0.1,0.1,0.1,0.1,0.1,0.1,0.1,-0.1,0.1,0.1,0.2,0.1,0.1,0.1,0.1,0.1,0.1,-0.1,0.1,0.1,0.1,0.1,0.1,0.1,0.1,0,0.1,-0.2,0.1,0.1,0.1,0.1,0.1,0.1,0.1,0.1,0.1,-0.5,0.1,0.1,0,0.1,0.1,0.1,0.1,0.1,0.1,-0.5,0.1,0.2,0.1,0.1,0.1,0.1,0.1,0,0.1,-0.3,0.1,0.1,0.1,0.1,0.1,0.1,-0.1,-0.1
0.000137,0,0.1,0.1,0.1,0.1,0.1,0.1,0.1,0.1,0.1,0.1,0,0.1,0.1,0.1,0.1,0.1,0.1,0.1,0.1,0.1,0,0.1,0.1,0.1,0.1,0.1,0.1,0.1,0.1,0.1,0,0.2,0.1,0.1,0.1,0.1,0.1,0.1,0.1,0.1,0,0.1,0.1,0.1,0.1,0.1,0.1,0.1,0.1,0.1,-0.1,0.1,0.1,0.1,0.1,0.1,0.1,0.1,0.1,0.1,-0.2,0,0.1,0.1,0.1,0.1,0.1,0.1,0.1,0.1,-0.5,0.1,0.1,0.1,0.1,0.1,0.1,0.1,0.1,0.1,-0.4,0.1,0.1,0.1,0,0.1,0.1,0.1,0.1,0.1,-0.3,0.1,0.1,0.1,0.1,0.1,0.1,0,0
0.000137,0,0.1,0.1,0.1,0.1,0,0.1,0.1,0.1,0.1,0.1,0,0.1,0.1,0.1,0.1,0.1,0.1,0.1,0.1,0.1,0,0.1,0.1,0.1,0.1,0.2,0.1,0.1,0.1,0.1,-0.1,0.1,0.1,0.1,0.1,0.1,0.1,0.1,0.1,0.1,0,0.1,0.1,0.1,0.1,0.1,0.1,0.1,0.1,0.1,-0.1,0.1,0.1,0.1,0.1,0.1,0.1,0,0.1,0.1,-0.2,0.1,0.1,0.1,0.1,0.1,0.1,0.1,0.1,0.1,-0.3,0.1,0.1,0.1,0.1,0.1,0.1,0.1,0.1,0.1,-0.4,0.1,0.1,0.1,0.1,0.1,0.1,0,0.1,0.1,-0.2,0.1,0.1,0.1,0.1,0.1,0.1,0,0
0.000137,0,0.1,0.1,0.1,0.1,0.1,0.1,0.1,0.1,0.1,0.1,0.1,0.1,0.1,0.1,0.1,0.1,0.1,0.1,0.1,0.1,0,0.1,0.1,0.1,0.1,0.1,0.1,0.1,0.1,0.1,0,0.1,0.1,0.1,0.1,0.1,0.1,0.1,0.1,0.1,0,0.1,0.1,0.1,0.1,0.1,0.1,0.1,0.1,0.1,0,0.1,0.1,0.1,0.1,0.2,0.1,0.1,0.1,0.1,-0.1,0.1,0.1,0.1,0.1,0.1,0.1,0.1,0.1,0.1,-0.4,0.1,0.1,0.1,0.1,0.1,0.1,0.1,0.1,0.1,-0.4,0.1,0.1,0,0.1,0.1,0.1,0.1,0.1,0.1,-0.2,0.1,0.1,0.1,0.1,0.2,0.1,0,0
0.000138,0,0.1,0.1,0.1,0.1,0.1,0.1,0.1,0.1,0.1,0.1,0.1,0.1,0.1,0.1,0.1,0.1,0.1,0.2,0.1,0.1,0.1,0.1,0.1,0.1,0.1,0.1,0.1,0.1,0.1,0.1,0,0.1,0.1,0.1,0.1,0.1,0.1,0.1,0.1,0.1,0,0.1,0.1,0.1,0.1,0.1,0.1,0.1,0.1,0.1,-0.1,0.1,0.1,0.1,0.1,0.1,0.1,0.1,0.2,0.1,-0.2,0.1,0.1,0.1,0.1,0.2,0.1,0.1,0.1,0.1,-0.3,0.1,0.1,0.1,0.1,0.1,0.1,0.1,0.1,0.1,-0.4,0.1,0.1,0.1,0.1,0,0.1,0,0.1,0.1,-0.2,0.1,0.1,0.1,0.1,0.1,0.1,0,0
0.000138,0.1,0.1,0.1,0.1,0.2,0.1,0.1,0.1,0.1,0.1,0.1,0,0,0.1,0.1,0.1,0.1,0.1,0.1,0,0.1,0,0.1,0.1,0,0.1,0.1,0.1,0.1,0.1,0.1,0,0.1,0.1,0,0.1,0.1,0.1,0.1,0.1,0.1,0,0.1,0.1,0.1,0.1,0.1,0,0.1,0.1,0,-0.1,0.1,0.1,0.1,0.1,0.1,0.1,0.1,0.1,0.1,-0.2,0.1,0.1,0.1,0.1,0.1,0.1,0.1,0.1,0.1,-0.4,0.1,0.1,0.1,0.1,0.1,0.1,0.1,0.1,0.1,-0.4,0.1,0.1,0.1,0.1,0,0.1,0.1,0.1,0.1,-0.2,0.1,0.1,0.1,0.1,0.1,0.1,0,-0.1
0.000138,0,0.1,0.1,0.1,0.1,0.1,0.1,0.1,0.1,0.1,0.1,0.1,0.1,0.1,0.1,0.1,0.1,0.1,0.1,0.1,0.1,0.1,0.1,0.1,0.1,0.1,0.1,0.1,0.1,0,0.1,0,0.1,0.1,0.1,0.1,0.1,0.1,0.1,0.1,0.1,0,0.1,0,0.1,0.1,0.1,0.1,0.1,0.1,0.1,0,0.1,0.1,0.1,0.1,0.1,0.1,0.1,0.1,0.1,-0.2,0.1,0.1,0.1,0.1,0.1,0.2,0.1,0.1,0.1,-0.4,0.1,0.1,0.1,0.1,0.1,0.1,0.1,0.1,0.1,-0.4,0.1,0.1,0.1,0.1,0.1,0.1,0.1,0.1,0.1,-0.2,0.1,0.1,0.1,0.2,0.1,0.1,-0.1,0
0.000138,0,0.1,0,0.1,0.1,0.1,0.1,0.1,0.1,0.1,0.1,0,0.1,0.1,0.1,0.1,0.2,0.1,0.1,0.1,0.1,0,0.1,0.1,0.1,0.1,0.1,0.1,0.1,0.2,0.1,-0.1,0.1,0.1,0.1,0.1,0.1,0.1,0.1,0.1,0,-0.1,0.1,0.1,0.1,0,0.1,0.1,0.1,0.1,0.1,0,0.1,0.1,0.1,0.1,0.1,0.1,0,0.1,0.1,-0.2,0.1,0.1,0.1,0.1,0.1,0.1,0.1,0.1,0.1,-0.3,0.1,0.1,0.1,0.1,0.1,0.1,0.1,0.1,0.1,-0.4,0.1,0.1,0.1,0.1,0.1,0.1,0.1,0.1,0.1,-0.1,0.1,0.1,0.1,0.1,0.1,0.1,0,-0.1
0.000138,0,0.1,0.1,0.1,0.1,0.1,0.1,0.1,0.1,0.1,0.1,0,0.1,0.1,0.1,0.1,0.1,0.1,0.1,0.1,0.1,0,0.1,0.1,0.1,0.1,0.1,0.1,0.1,0.1,0.1,0.1,0.1,0.1,0.1,0.1,0.1,0.1,0.1,0.1,0.1,-0.1,0.1,0.1,0.1,0.1,0.1,0.1,0.1,0.1,0.1,0,0.1,0.1,0.1,0.1,0.1,0.1,0.1,0.1,0.1,-0.2,0.1,0.1,0.1,0.1,0.1,0.1,0.1,0.1,0.1,-0.4,0.1,0.1,0.1,0.1,0.1,0.1,0.1,0.1,0.1,-0.4,0.1,0.1,0.1,0.1,0.1,0.1,0.1,0.1,0.1,-0.2,0.1,0.1,0.1,0.1,0.1,0.1,0.1,0
0.000139,0,0.1,0.2,0.1,0.1,0.1,0.1,0.1,0.1,0.1,0.1,0,0.1,0.1,0.2,0.1,0.1,0.1,0.1,0.1,0.1,-0.1,0.1,0.1,0.1,0.1,0.1,0.1,0.1,0.1,0.1,0.1,0.1,0.1,0.1,0.1,0.1,0,0.1,0.1,0.1,0.1,0.1,0.1,0,0.1,0.1,0.1,0.1,0.1,0.1,0,0.1,0.1,0.1,0.1,0.1,0.1,0.1,0.1,0.1,-0.3,0.1,0.1,0,0.1,0.1,0.1,0.1,0.1,0.1,-0.4,0.1,0.1,0.1,0.1,0.1,0.1,0.1,0.1,0.1,-0.4,0.1,0.1,0.1,0,0.1,0.1,0.1,0.1,0.1,-0.2,0.1,0.1,0.1,0.1,0.1,0.1,0,0
0.000139,0,0.1,0.1,0.1,0.1,0.1,0.1,0.1,0.1,0.1,0.1,0,0.1,0.1,0.1,0.1,0.1,0.1,0.1,0.1,0.1,0,0.1,0.1,0.1,0.1,0.1,0.1,0.1,0.1,0.1,0,0.1,0.1,0.1,0.1,0.1,0.1,0.1,0.1,0.1,-0.1,0.1,0.1,0.1,0.1,0.1,0.1,0.1,0.1,0.1,-0.1,0.1,0.1,0.1,0.1,0.1,0.1,0.1,0.1,0.1,-0.2,0.1,0.1,0.1,0.1,0.1,0.1,0.1,0.1,0.1,-0.4,0.1,0.1,0.1,0.1,0.1,0.1,0.1,0.1,0.1,-0.5,0.1,0.1,0.1,0.1,0.1,0.1,0.1,0.1,0.1,-0.1,0.1,0.1,0.1,0.1,0.1,0.1,0,0
0.000139,0,0.1,0.1,0.1,0.1,0.1,0.1,0.1,0.1,0.1,0.1,0,0.1,0.1,0.1,0.1,0.1,0.1,0.1,0.1,0.1,0,0.1,0.1,0.1,0.1,0.1,0.1,0.1,0.1,0.1,0.1,0.1,0.1,0.1,0.1,0.1,0.1,0.1,0.1,0.1,0,0.1,0.2,0.1,0.1,0.1,0.1,0.1,0.1,0.1,-0.1,0.1,0.1,0.1,0.1,0.1,0.1,0.1,0.1,0.1,-0.2,0.1,0.1,0.1,0.1,0.1,0.1,0.1,0.1,0.1,-0.5,0.1,0.1,0.1,0.1,0.1,0.1,0.1,0.1,0.1,-0.5,0.1,0.1,0.1,0.1,0.1,0.1,0.1,0.1,0.1,-0.2,0.1,0.1,0.1,0.1,0.1,0.1,0,0
0.000139,0.1,0.1,0.1,0.1,0.1,0.1,0.1,0.1,0.1,0.1,0.1,-0.1,0.1,0.1,0.1,0.1,0.1,0.1,0.1,0.1,0.1,0.1,0.1,0.1,0.1,0.1,0.1,0.1,0.1,0.1,0.1,0,0.1,0.1,0.1,0.1,0.1,0.1,0.1,0.1,0.1,0.1,0.1,0.1,0.1,0.1,0.1,0.1,0.1,0.1,0.1,-0.1,0.1,0.1,0.1,0.1,0.1,0.1,0.1,0.1,0.1,-0.2,0.1,0.1,0.1,0.1,0.2,0.1,0.1,0.1,0.1,-0.4,0.1,0.1,0.1,0.1,0.1,0.1,0.1,0.1,0.1,-0.5,0.1,0.1,0.1,0,0.1,0.1,0.1,0.1,0.1,-0.3,0.1,0.1,0.1,0.1,0.1,0.1,0,-0.1
0.000139,0,0.2,0.1,0.1,0.1,0.1,0.1,0.1,0.1,0.1,0.1,0,0.1,0.1,0.1,0.1,0.1,0.1,0.1,0.1,0,0,0.1,0.1,0.1,0.1,0.1,0.1,0.1,0.1,0.1,0,0.1,0.1,0.1,0.1,0.1,0.1,0.1,0.1,0.1,0,0.1,0.1,0.1,0.1,0.1,0.1,0.1,0.1,0.1,-0.1,0.1,0.1,0.1,0.1,0.1,0.1,0.1,0.1,0.1,-0.2,0.1,0.1,0.1,0.1,0.1,0.1,0.1,0,0.1,-0.4,0.1,0.1,0.1,0.1,0.1,0.1,0.1,0.1,0.1,-0.5,0.1,0.1,0.1,0.1,0.1,0.1,0.1,0,0.1,-0.2,0.1,0.1,0.1,0.1,0.1,0,-0.1,0
0.00014,0.1,0.1,0.1,0.1,0.1,0.1,0.1,0.1,0.1,0.1,0.1,-0.1,0.1,0.1,0.1,0.1,0.1,0.1,0.1,0,0.1,-0.1,0.1,0.1,0.2,0.1,0.1,0.1,0.1,0.1,0.1,0,0.1,0.1,0.1,0.1,0.1,0.1,0.1,0.1,0.1,-0.1,0.2,0.1,0.1,0.1,0.1,0.1,0.2,0.1,0.1,0,0.1,0.1,0.1,0.1,0.1,0.1,0.1,0.1,0.1,-0.2,0.1,0.1,0.1,0.1,0.1,0.1,0.1,0.1,0.1,-0.4,0.1,0.1,0.1,0.1,0.1,0.1,0.1,0.1,0.1,-0.4,0.1,0,0.1,0.1,0.1,0.1,0.1,0.1,0.1,-0.2,0.1,0.1,0.1,0.1,0.1,0.1,0,-0.1
0.00014,0,0.1,0.1,0.1,0.1,0.1,0.1,0.1,0.1,0.1,0.1,0,0.1,0.1,0.1,0.1,0.1,0.1,0.1,0.1,0.1,0,0,0.1,0.1,0.1,0.1,0.1,0.1,0.1,0.1,-0.1,0.1,0.1,0.1,0.1,0.1,0.1,0.1,0.1,0.1,0,0.1,0.1,0.1,0.1,0.1,0.1,0.1,0.1,0.1,-0.1,0.1,0.1,0.1,0.1,0.1,0.1,0.1,0.1,0.1,-0.2,0.1,0.1,0.1,0.1,0.1,0.1,0.1,0.1,0.1,-0.3,0.1,0.1,0.1,0.1,0.1,0.1,0.1,0.1,0.1,-0.5,0.1,0.1,0.1,0.1,0.1,0.1,0.1,0.1,0.2,-0.2,0.1,0.1,0.1,0.1,0.1,0.1,0,-0.1
0.00014,0,0.1,0.1,0.1,0,0.1,0.1,0.1,0.1,0.1,0.1,0,0.1,0.1,0.1,0.1,0.1,0.1,0.1,0.1,0.1,0,0.1,0.1,0.1,0.1,0.1,0.1,0.1,0.1,0.1,0,0.1,0,0.1,0.1,0.1,0.1,0.1,0.1,0.1,0,0.1,0.1,0.1,0.1,0.1,0.1,0.1,0.1,0.1,0,0.1,0.1,0.1,0.1,0.1,0.1,0.1,0.1,0.1,-0.2,0,0.1,0.1,0.1,0.1,0.1,0.1,0.1,0.1,-0.4,0.1,0.1,0,0.1,0.1,0.1,0.1,0.1,0.1,-0.3,0.1,0.1,0.1,0.1,0.1,0.1,0.1,0.1,0.1,-0.2,0.1,0.1,0.1,0.2,0.1,0.1,-0.1,0
0.00014,0,0.1,0.1,0.1,0.1,0.1,0.1,0.1,0.1,0.1,0.1,-0.1,0.1,0.1,0.1,0.1,0.1,0.1,0.1,0.1,0.1,0.1,0.1,0.1,0.1,0.1,0.1,0.1,0.1,0.1,0.1,0,0.1,0.1,0.1,0.1,0.1,0.1,0.1,0.1,0.1,0,0.1,0.1,0,0.1,0.1,0.1,0.1,0,0.1,-0.1,0.1,0.1,0.1,0.1,0.1,0.1,0.1,0.1,0.1,-0.2,0.1,0.1,0.1,0.1,0.1,0.1,0.1,0.1,0.1,-0.3,0.1,0.1,0.1,0.1,0.1,0.1,0.1,0.1,0.1,-0.5,0.1,0.1,0.1,0.1,0.1,0.1,0.1,0.1,0.1,-0.2,0.1,0.1,0.1,0.1,0.1,0.1,0,0
0.00014,0,0.1,0.1,0.1,0.1,0.1,0.1,0.1,0.1,0.1,0.1,0.1,0.1,0.1,0.1,0.1,0.1,0.1,0.1,0.1,0.1,0.1,0.1,0.1,0.1,0.1,0.1,0.1,0.1,0.1,0,0.1,0.1,0.1,0.1,0.1,0.1,0.1,0.1,0.1,0.1,0,0.1,0.1,0.1,0.1,0,0.1,0.1,0.1,0.1,-0.1,0.1,0.1,0.1,0.1,0.1,0.1,0.1,0.1,0.1,-0.2,0.1,0.1,0.1,0.1,0.1,0.1,0.1,0.1,0.1,-0.4,0.1,0.1,0.1,0.1,0.1,0.1,0.1,0.1,0.1,-0.4,0.1,0.1,0.1,0.1,0.1,0.1,0.1,0.1,0.1,-0.2,0.1,0.1,0.1,0.1,0.1,0.1,0,0
0.000141,0,0.1,0.1,0.1,0.1,0.1,0.1,0.1,0.1,0.1,0.1,0,0.1,0.1,0.1,0.1,0.1,0.1,0,0.1,0.1,0.1,0.1,0.1,0.1,0.1,0.1,0.1,0.1,0.1,0.1,-0.1,0.1,0.1,0.1,0.2,0.1,0.1,0.1,0.1,0.1,0,0.1,0.1,0.1,0.1,0.1,0.1,0.1,0.1,0.1,0,0.1,0.1,0.1,0.1,0.1,0.1,0.1,0.1,0.1,-0.2,0.2,0.1,0.1,0.1,0.1,0.1,0.1,0.1,0.1,-0.4,0.1,0.1,0.1,0.1,0.1,0.1,0.1,0.1,0.1,-0.4,0.1,0.1,0.1,0.1,0.1,0.1,0.1,0.1,0.1,-0.1,0.1,0.1,0.1,0,0.1,0.1,0,0
0.000141,0,0.1,0.1,0.1,0.1,0.1,0.1,0.1,0.1,0.1,0.1,0,0.1,0.1,0.1,0.1,0.1,0.1,0.1,0.1,0.1,0.1,0.1,0.1,0.1,0.1,0.1,0.1,0.1,0.1,0.1,0,0.1,0.1,0.1,0.1,0.1,0.1,0.1,0.1,0.1,0,0.1,0.1,0.1,0.1,0.1,0.1,0.1,0.1,0.1,-0.1,0.1,0.1,0.1,0.1,0.2,0.1,0.2,0.1,0.1,-0.2,0.1,0,0.1,0.1,0.1,0.1,0.1,0.1,0.1,-0.4,0.1,0.1,0.1,0.1,0.1,0.1,0.2,0.1,0.1,-0.4,0.1,0.1,0.1,0.1,0.1,0.1,0,0.1,0.1,-0.1,0.1,0.1,0.1,0.1,0,0.1,0,0.1
0.000141,0,0.2,0.1,0.1,0.1,0.1,0.1,0.1,0.1,0.1,0.1,0,0.1,0.1,0.1,0.2,0.1,0.1,0.1,0.1,0.1,0.1,0,0.1,0.1,0.1,0.1,0.1,0.1,0.1,0.1,0.1,0.1,0.1,0.1,0.1,0.1,0.1,0.1,0.1,0.1,0,0.1,0.1,0.1,0.1,0.1,0.1,0.1,0.1,0.1,-0.1,0.1,0.1,0.1,0.1,0.1,0.1,0.1,0.1,0.1,-0.2,0.1,0.1,0.1,0.1,0.1,0.1,0.1,0.1,0.1,-0.4,0.1,0.1,0.1,0.1,0.1,0.1,0.1,0.1,0.1,-0.4,0.1,0,0.1,0.1,0.1,0.1,0.1,0.1,0.1,-0.2,0.1,0.1,0.1,0.1,0,0.1,0,0
0.000141,0,0.1,0.1,0.1,0.1,0.1,0.1,0.1,0.1,0.1,0.1,0.1,0.1,0.1,0.1,0.1,0.1,0.1,0.1,0.1,0.1,0.1,0,0.1,0.1,0.1,0.1,0.1,0.1,0.1,0.1,0,0.1,0.1,0.1,0,0.1,0.1,0.1,0.1,0.1,0,0.1,0.1,0.1,0.1,0.1,0.1,0.1,0.1,0.1,0,0.1,0.1,0.1,0.1,0.2,0.1,0.1,0.1,0.1,-0.2,0.1,0.1,0.1,0.1,0.1,0.1,0.1,0.1,0.1,-0.4,0.1,0.1,0.1,0.1,0.1,0.1,0.1,0,0.1,-0.4,0.1,0.1,0.1,0.1,0.1,0.1,0.1,0.1,0.1,-0.1,0.1,0.1,0.1,0.1,0.1,0.1,0,0.1
0.000141,0,0.1,0.1,0.1,0.1,0.1,0.1,0.1,0.1,0.1,0.1,0,0.1,0.1,0.1,0.1,0.1,0.1,0.1,0.1,0.1,0,0.1,0.1,0.1,0.1,0.1,0.1,0.1,0.1,0.1,0.1,0.1,0.1,0.1,0.1,0.1,0.1,0.1,0.1,0.1,0,0.1,0.1,0.1,0.1,0.1,0.1,0.1,0.1,0.1,-0.1,0.1,0.1,0.1,0,0.1,0.1,0.1,0.1,0.1,-0.1,0.1,0.1,0.1,0.1,0.1,0.1,0.1,0.1,0.1,-0.4,0.1,0.1,0.1,0.1,0.1,0.1,0.1,0.1,0.1,-0.5,0.1,0.1,0.1,0.1,0.1,0.1,0.1,0.1,0.1,-0.2,0.2,0.1,0.1,0.1,0.1,0.1,0.1,-0.1
0.000142,0,0.1,0.1,0.1,0.1,0.1,0.1,0.1,0.1,0.1,0.1,0,0.1,0.1,0.1,0.1,0,0.1,0.1,0.1,0.1,0,0.1,0.1,0.2,0.1,0.1,0.1,0.1,0.1,0.1,0,0.1,0.1,0.1,0.1,0.1,0.1,0.1,0.1,0.1,0,0.1,0.1,0.1,0.1,0.1,0.1,0.1,0.1,0.1,0.1,0.1,0.1,0.1,0.2,0.1,0.1,0.1,0.1,0.1,-0.2,0.1,0.1,0.1,0.1,0.1,0.1,0.1,0.1,0.1,-0.4,0.1,0.1,0.1,0.1,0.1,0.1,0.1,0.1,0.1,-0.4,0.1,0.1,0.1,0.1,0.1,0.1,0.1,0.1,0.1,-0.2,0.1,0.1,0.1,0.1,0.1,0.1,0,0
0.000142,0.1,0.1,0.1,0.1,0.1,0.1,0.1,0.1,0,0.1,0.1,0,0.1,0.1,0.1,0.1,0.1,0.1,0.1,0.1,0.1,0,0.1,0.1,0.1,0.1,0.1,0.1,0.1,0.1,0.1,0,0.1,0.1,0.1,0.1,0.1,0.1,0.1,0.1,0.1,-0.1,0.2,0.1,0.1,0.1,0.1,0.1,0.2,0.1,0.1,-0.1,0.1,0.1,0.1,0,0.1,0.1,0,0.1,0.1,-0.2,0.1,0.1,0.1,0.1,0.1,0.1,0.1,0.1,0.1,-0.4,0.1,0.1,0.1,0.1,0.1,0.1,0.1,0.1,0.1,-0.4,0.1,0.1,0.1,0.1,0.1,0.1,0.1,0.1,0.1,-0.2,0.1,0.1,0.1,0.1,0.1,0.1,0,0.1
0.000142,0,0.1,0.1,0.1,0.1,0.1,0.1,0.1,0.1,0.1,0.1,0,0.1,0.1,0.1,0.1,0.1,0.1,0.1,0.1,0.1,0,0.1,0.2,0.1,0.1,0.1,0.1,0.1,0.1,0.1,0,0.1,0.1,0.1,0.1,0.1,0.1,0.1,0.1,0.1,0,0.1,0.1,0.1,0.1,0.1,0.1,0.1,0.1,0.1,-0.1,0.1,0.1,0.1,0.1,0.1,0.1,0.1,0.1,0.1,-0.2,0.1,0.1,0.1,0.1,0.1,0.1,0.1,0.1,0.1,-0.3,0.1,0.1,0.1,0.1,0.1,0.1,0.1,0.1,0.1,-0.5,0.1,0.1,0.1,0.1,0.1,0,0.1,0,0.1,-0.1,0.1,0.1,0.1,0.1,0.1,0.1,0,0
0.000142,0,0.1,0,0.1,0.1,0.1,0.1,0.1,0.1,0.1,0.1,0,0.1,0.1,0.1,0.1,0.1,0,0.1,0.1,0.1,0,0.1,0.1,0.1,0.1,0.1,0.1,0.1,0.1,0.1,0.1,0.1,0.1,0.1,0.1,0.1,0.1,0.1,0,0.1,0,0.1,0.1,0.1,0.1,0.1,0.1,0.1,0.1,0.1,-0.1,0.1,0.1,0.1,0.1,0.1,0.1,0.1,0.1,0.1,-0.2,0.1,0.1,0.1,0.1,0.1,0.1,0.1,0.1,0.1,-0.4,0.1,0.1,0.1,0.1,0.1,0.1,0.1,0.1,0.1,-0.3,0.1,0.1,0.1,0.1,0.1,0.1,0.1,0.1,0.1,-0.2,0.1,0.1,0.1,0.1,0.1,0.1,0,0
0.000142,0,0.1,0.1,0.1,0.1,0.1,0.1,0.1,0.1,0.1,0.1,0,0.1,0.1,0.1,0.1,0.1,0.1,0.1,0.1,0.1,0,0.1,0.1,0.1,0.1,0.1,0.1,0.1,0.1,0.1,0,0.1,0.1,0.1,0.1,0.1,0.1,0.1,0.1,0.1,0,0.1,0.1,0.1,0.1,0.1,0.1,0.1,0.1,0.1,-0.1,0.1,0.2,0.1,0.1,0.1,0.1,0.1,0.1,0.1,-0.2,0.1,0.1,0.1,0.1,0.1,0.1,0.1,0.1,0.1,-0.3,0.1,0.1,0.1,0.1,0.1,0.1,0.1,0.1,0.2,-0.4,0.1,0.1,0.1,0.1,0.1,0.1,0.1,0.1,0,-0.1,0.1,0.1,0.1,0.1,0.1,0.1,0,0
0.000143,0,0.1,0.1,0.1,0.1,0.1,0.1,0.1,0.1,0.1,0.1,0,0.1,0.1,0.1,0.1,0.1,0.1,0.2,0.1,0.1,0,0.1,0.1,0.1,0.1,0.1,0.1,0.2,0.2,0.1,0,0.1,0.1,0.1,0.1,0.1,0.1,0.1,0.1,0.1,-0.1,0.1,0.1,0.1,0.1,0.1,0.1,0.1,0.1,0.1,-0.1,0.1,0.1,0.1,0.1,0.1,0.1,0.1,0.1,0.1,-0.2,0.1,0.1,0.1,0.1,0.1,0.1,0.1,0.1,0.1,-0.3,0.1,0.1,0.1,0.1,0.1,0.1,0.1,0.1,0.1,-0.4,0.1,0.1,0.1,0.1,0.1,0.1,0.1,0.1,0.1,-0.1,0.1,0.1,0.1,0.1,0.1,0.1,0,-0.1
0.000143,0.1,0.1,0.1,0.1,0.1,0.1,0.1,0.1,0.1,0.1,0.1,0.1,0.1,0.1,0.1,0.1,0.1,0.1,0.1,0.1,0.1,0,0.1,0.1,0.1,0.1,0.1,0.1,0.1,0.1,0.1,0,0.1,0,0.1,0.1,0,0.1,0.1,0.1,0.1,-0.1,0.1,0.1,0.1,0.1,0.1,0.1,0.1,0.1,0.1,-0.1,0.1,0.1,0.1,0.1,0.1,0.1,0.1,0.1,0.1,-0.2,0.1,0.1,0.1,0.1,0.1,0.1,0.1,0.1,0.1,-0.4,0.1,0.1,0.1,0.2,0.1,0.1,0.1,0.1,0.1,-0.5,0.1,0.1,0.1,0.1,0.1,0.1,0.1,0.1,0.1,-0.1,0.1,0.1,0.1,0.1,0.1,0.1,0,-0.1
0.000143,0,0.1,0.1,0.1,0.1,0.1,0.1,0.1,0.1,0.2,0.1,0.1,0.1,0,0.1,0.1,0.1,0.1,0.1,0.1,0.1,0.1,0.1,0.1,0.1,0.1,0.1,0.1,0.1,0.1,0.1,0,0.1,0.1,0.1,0.1,0.1,0.1,0.1,0.1,0.1,0,0.1,0.1,0.1,0.1,0.1,0.1,0.1,0.1,0.1,-0.1,0.1,0.1,0.1,0.1,0.1,0.1,0.1,0.1,0.1,-0.2,0.1,0.1,0.1,0.1,0.1,0.1,0.1,0.1,0.1,-0.4,0,0.1,0.1,0.1,0.1,0.1,0.1,0.1,0.1,-0.4,0.1,0.1,0.1,0.1,0.1,0.1,0.1,0.1,0.1,-0.1,0.1,0.1,0.1,0.1,0.1,0.1,0.1,0
0.000143,0,0.1,0.1,0.1,0.1,0.1,0.1,0.1,0.1,0.1,0.1,0.1,0.1,0.1,0.1,0.1,0.1,0.1,0.1,0.1,0.1,0,0.1,0.1,0.1,0.1,0.1,0,0.1,0.2,0.1,0,0.1,0.1,0.1,0.1,0.1,0.1,0.1,0.2,0.1,0,0.1,0.1,0.1,0.1,0.1,0.1,0.1,0.1,0.1,-0.1,0.1,0.1,0.1,0.1,0.1,0.1,0.1,0.1,0.1,-0.2,0.1,0.1,0.1,0.1,0.1,0,0.1,0.1,0.1,-0.4,0.1,0.1,0.1,0.1,0.2,0.1,0.1,0.1,0.1,-0.4,0.1,0.1,0.1,0.1,0.1,0.1,0.1,0.1,0.1,-0.2,0.1,0.1,0.1,0.1,0.1,0.1,0,0
0.000143,0,0.1,0.1,0.1,0.1,0.1,0.1,0.1,0.1,0.1,0.1,0,0.1,0.1,0.1,0.1,0.1,0.1,0.1,0.1,0.1,0.1,0.1,0.1,0.1,0.1,0.1,0.1,0.1,0.1,0.1,0,0.1,0.1,0.1,0.1,0.1,0.1,0.1,0.1,0.1,0,0.1,0.1,0.1,0.1,0.1,0.1,0.1,0.1,0.1,0,0.1,0.1,0.1,0.1,0.1,0.1,0.1,0.1,0.1,-0.1,0.1,0.1,0.1,0.1,0.1,0.1,0.1,0.1,0.2,-0.4,0.1,0.1,0.1,0.1,0.1,0.1,0.1,0.1,0.1,-0.3,0.1,0.1,0.1,0.1,0.1,0.1,0.1,0.1,0.1,-0.2,0.1,0.1,0.1,0.2,0.1,0.1,0,0
0.000144,0.1,0.1,0.1,0.1,0.1,0.1,0.1,0.2,0.1,0.1,0.1,0,0.1,0.1,0.1,0.1,0.1,0.1,0.1,0.1,0.1,0.1,0.1,0.1,0.2,0.1,0.1,0.1,0.1,0.1,0.1,0,0.1,0.2,0.1,0.1,0.1,0.1,0.1,0.1,0.1,0.1,0.1,0.1,0.1,0.1,0.1,0.1,0.1,0.1,0.1,0,0.1,0.1,0.1,0.1,0.1,0.1,0.1,0.1,0.1,-0.1,0.1,0.1,0.1,0.1,0.1,0.1,0.1,0.1,0.1,-0.3,0.1,0.1,0.2,0.1,0.1,0.1,0.1,0.1,0.1,-0.4,0.1,0.1,0.1,0.1,0.1,0.1,0.1,0.1,0.1,-0.1,0.1,0.1,0.1,0.1,0.1,0.1,-0.1,0
0.000144,0,0.1,0.1,0.1,0.1,0.1,0.1,0.1,0.1,0.1,0.1,-0.1,0,0.1,0.1,0.1,0.1,0.1,0.1,0.1,0.1,0.1,0.1,0.1,0.1,0.1,0.1,0.1,0.1,0.1,0.1,0,0.1,0.1,0.1,0,0.1,0.1,0.1,0.2,0.1,0,0.1,0.1,0.1,0.1,0.1,0.1,0.1,0.1,0.1,0,0.1,0.1,0.1,0.1,0.1,0.1,0,0.1,0.1,-0.1,0,0.1,0.1,0.1,0.1,0.1,0.1,0.1,0.1,-0.4,0.1,0.1,0.1,0.1,0.1,0.1,0.1,0.1,0.1,-0.4,0,0.1,0.1,0.1,0.1,0.1,0.1,0.1,0,-0.2,0.1,0.1,0.1,0.1,0.1,0.1,0,0
0.000144,0,0.1,0.1,0.1,0.1,0.1,0.1,0.1,0.1,0.1,0.1,0,0.1,0.1,0.1,0.1,0.1,0.1,0.1,0.1,0.1,0,0.1,0.1,0.1,0.1,0.1,0.1,0.1,0.1,0.1,0,0.1,0.1,0.1,0.1,0.2,0.1,0.1,0.1,0.1,0,0.1,0.1,0.1,0.1,0.1,0.1,0.1,0.2,0.1,0,0.1,0.1,0.1,0,0.1,0.1,0.1,0.1,0.1,-0.1,0.1,0.1,0.1,0.1,0.1,0.1,0.1,0.1,0.1,-0.4,0.1,0.1,0.1,0.1,0.1,0.1,0.1,0.1,0.1,-0.5,0.1,0.1,0.1,0.1,0.1,0.1,0.1,0.1,0.1,-0.1,0.2,0.1,0.1,0.1,0.1,0.1,0,0
0.000144,0.1,0.1,0.1,0.1,0.1,0.1,0.1,0.1,0.1,0.1,0.1,-0.1,0.1,0.1,0.1,0.1,0.1,0.1,0.1,0.1,0,0,0.1,0.1,0.1,0.1,0.1,0.1,0.1,0.1,0.1,0,0.1,0.1,0.1,0.1,0.1,0.1,0.1,0.1,0.1,0,0.1,0.1,0.1,0.1,0.1,0.1,0.1,0.1,0.1,0,0.1,0.1,0.1,0.1,0.1,0.1,0.1,0.1,0.1,-0.2,0.1,0.1,0.1,0.1,0.1,0.1,0.1,0.1,0.1,-0.4,0.1,0.1,0.1,0.1,0.1,0.1,0.1,0.1,0.1,-0.4,0.1,0.1,0.1,0.1,0.1,0.1,0.1,0.1,0.1,-0.1,0.1,0.1,0.1,0.1,0.1,0.1,0,-0.1
0.000144,0,0.1,0.1,0.1,0.1,0.1,0.1,0.1,0.1,0.1,0.1,0.1,0.1,0.1,0.1,0.1,0.1,0.1,0.1,0.1,0.1,0,0.1,0.1,0.1,0.1,0.1,0.1,0.1,0.1,0.1,0,0.1,0.1,0.1,0.1,0.1,0.1,0.1,0.1,0.1,0,0.1,0.1,0.1,0.1,0.1,0.1,0.1,0.1,0.1,0,0.1,0.1,0.1,0.1,0.1,0.1,0.1,0.1,0.1,-0.2,0.1,0.1,0.1,0.1,0.1,0.1,0.1,0.1,0.1,-0.4,0.1,0.1,0.1,0.1,0.1,0.1,0.1,0.1,0.2,-0.3,0.1,0.1,0.1,0.1,0.1,0.1,0.1,0.1,0.1,-0.1,0.1,0.1,0.1,0.1,0,0.1,0,-0.1
0.000145,0.1,0.1,0.1,0.1,0.1,0.1,0,0.1,0.1,0.1,0.1,0,0.1,0.1,0.1,0.1,0.1,0.1,0.1,0.1,0.1,0.1,0.1,0.1,0.1,0,0.1,0.1,0.1,0.1,0.1,0.1,0.1,0.1,0.1,0.1,0.1,0.1,0.1,0.1,0.1,-0.1,0.1,0.1,0.1,0.1,0.1,0.1,0.1,0.1,0.1,0,0.1,0.1,0.1,0.1,0.1,0.1,0.1,0.1,0.1,-0.2,0.1,0.1,0.1,0.1,0.1,0.1,0.1,0.1,0.1,-0.3,0.1,0.1,0.1,0.1,0.1,0.1,0.1,0.1,0.1,-0.4,0.1,0.1,0.1,0.1,0.1,0,0.1,0.1,0.1,-0.1,0.1,0.1,0.1,0.1,0.1,0.1,0,-0.1
0.000145,0,0.1,0.2,0.1,0.1,0.1,0.1,0.1,0.1,0.1,0.1,0.1,0.1,0.1,0.1,0.1,0.1,0.1,0.1,0.1,0.1,0.1,0.1,0.1,0.2,0.1,0.1,0.1,0.1,0.1,0.1,0,0.1,0.1,0.1,0.1,0.1,0.1,0.1,0.1,0.1,0,0.1,0.1,0,0.1,0.1,0.1,0.1,0,0.1,-0.1,0.1,0.1,0.1,0.2,0.1,0.1,0.1,0.1,0.1,-0.2,0.1,0.1,0.1,0.1,0.1,0.1,0.1,0.1,0.1,-0.3,0.1,0.1,0.1,0.1,0.1,0.1,0.1,0.1,0.1,-0.4,0.1,0.1,0.1,0.1,0.1,0.1,0.1,0.1,0.1,-0.2,0.1,0.1,0.1,0.1,0,0.1,0,0
0.000145,0,0.1,0.1,0.1,0.1,0.1,0.1,0.1,0.1,0,0.1,0,0.1,0.1,0.1,0.1,0.1,0.1,0.1,0.1,0.1,0.1,0.1,0.1,0.1,0.1,0.1,0.1,0.1,0.1,0.1,0,0.1,0.1,0.1,0.1,0,0.1,0.1,0.1,0.1,0,0.1,0.1,0.1,0.1,0.1,0.1,0.1,0.1,0.1,-0.1,0.1,0.1,0.1,0.1,0.1,0.1,0.1,0.1,0.2,-0.2,0.1,0.1,0.1,0.1,0.1,0.1,0.1,0.1,0.1,-0.3,0.1,0.1,0.1,0.1,0.1,0.1,0.1,0.1,0.1,-0.4,0.1,0.1,0.1,0.1,0.1,0.1,0,0.1,0.1,-0.1,0.1,0.1,0.1,0.1,0.1,0.1,0,0
0.000145,0,0.1,0.1,0.1,0.1,0.1,0.1,0.1,0.1,0,0.1,0,0.1,0.1,0.1,0.1,0.1,0.1,0.1,0.1,0.1,-0.1,0.1,0.1,0.1,0.1,0,0.1,0.1,0,0.1,0,0.1,0.1,0.1,0.1,0.1,0.1,0.1,0.1,0.1,0.1,0.1,0.1,0.1,0.1,0.1,0.1,0.1,0.1,0.1,-0.1,0.1,0.1,0.1,0.1,0.1,0.1,0.1,0.1,0.1,-0.2,0.1,0.1,0.1,0.1,0.1,0.1,0.1,0.1,0.1,-0.3,0.1,0.1,0.1,0,0,0.1,0.1,0.1,0.1,-0.5,0.1,0.1,0.1,0.1,0.1,0.1,0.1,0.1,0.1,-0.2,0.1,0.1,0.1,0.1,0.1,0.1,0,0
0.000145,0,0.1,0.1,0.1,0.1,0.1,0.1,0.1,0.1,0.1,0.2,0,0.1,0.1,0.1,0.1,0.1,0.1,0.1,0.1,0.1,0,0.1,0.1,0.1,0.1,0.1,0.1,0.1,0.1,0,0,0.1,0.1,0.1,0.1,0.1,0.1,0.1,0.1,0.1,0,0.1,0.1,0.1,0.1,0.1,0.1,0.1,0.1,0.1,-0.1,0.1,0.1,0.1,0.1,0.1,0.1,0.1,0.1,0.1,-0.2,0.1,0.1,0.1,0.1,0.1,0.2,0.1,0.1,0.1,-0.3,0.1,0.1,0.1,0.1,0.1,0,0.1,0.1,0.1,-0.4,0.1,0.1,0.1,0.1,0.1,0.1,0.1,0.1,0.1,-0.1,0.1,0.1,0.1,0.1,0.1,0.1,0,0
0.000146,-0.1,0.1,0,0.1,0.1,0.1,0.1,0.2,0.1,0.1,0.1,0.1,0.1,0.1,0.1,0.1,0.1,0.1,0.1,0.1,0.1,0,0.1,0.1,0.2,0.1,0.1,0,0,0.1,0.1,0,0.1,0.1,0.1,0.1,0.1,0.1,0.1,0.1,0.1,0,0.1,0.1,0.1,0.1,0.1,0.1,0.1,0.1,0.1,0,0.1,0.1,0.1,0.1,0.1,0,0.1,0.1,0.1,-0.2,0.1,0.1,0.1,0.1,0.1,0.1,0.1,0.1,0.1,-0.4,0.1,0.1,0.1,0,0,0,0.1,0.1,0.1,-0.4,0.2,0.1,0,0,0.1,0.1,0.1,0.1,0.1,-0.2,0.1,0.1,0.1,0.1,0.2,0.1,0,0
0.000146,0.1,0.1,0.1,0.1,0.1,0.1,0.1,0.1,0.1,0.1,0.1,0,0.1,0.1,0.1,0.1,0,0.1,0.1,0.1,0.1,0,0.1,0.1,0.1,0.1,0.1,0.1,0,0.1,0.1,0,0.1,0.1,0.1,0.1,0.1,0.1,0.1,0.1,0.1,0,0.1,0.1,0.1,0.1,0.1,0.1,0.1,0.1,0.1,0,0.1,0.1,0.1,0.1,0.1,0.1,0.1,0.1,0.1,-0.2,0.1,0.1,0.1,0.1,0.1,0.1,0,0.1,0.1,-0.4,0.1,0.1,0.1,0.1,0.1,0.1,0.1,0.1,0.1,-0.4,0.1,0.1,0.1,0.1,0.1,0.1,0.1,0.1,0.1,-0.2,0.1,0.1,0.1,0.1,0.1,0.1,0.1,0
0.000146,0,0.1,0.1,0.1,0.1,0.1,0.2,0.1,0.1,0.2,0.1,0,0.1,0.1,0.1,0.1,0.1,0.1,0.1,0.1,0.1,0.1,0.1,0.1,0.1,0.1,0.1,0.1,0.1,0.1,0.1,0,0.1,0.1,0.1,0.1,0.1,0.1,0.1,0.1,0.1,0,0.1,0.1,0.1,0.1,0.1,0.1,0.1,0.1,0.1,0,0.1,0.1,0.1,0.1,0.1,0.1,0.1,0.1,0.1,-0.2,0.1,0.1,0.1,0.1,0.1,0.1,0.1,0.1,0.1,-0.4,0.1,0.1,0.1,0.1,0.1,0.1,0.1,0.1,0.1,-0.4,0.1,0,0,0.1,0.1,0.1,0.1,0.1,0.1,-0.1,0.1,0.1,0.1,0.1,0,0.1,-0.1,0.1
0.000146,0,0.1,0.1,0.1,0.1,0,0.1,0.1,0.1,0.1,0.1,0,0.1,0.1,0.1,0.1,0.1,0.1,0.1,0.1,0,0,0.1,0,0.1,0.1,0.1,0.1,0.1,0.1,0.1,0,0.1,0.1,0.1,0.1,0.1,0.1,0.1,0,0.1,0.1,0.1,0.1,0.1,0.1,0.1,0.1,0.1,0.1,0.1,0,0.1,0.1,0.1,0.1,0.1,0.1,0.1,0.1,0.1,-0.1,0,0.1,0.1,0.1,0.1,0.1,0.1,0.1,0.1,-0.4,0.1,0.1,0.1,0,0.1,0,0,0.2,0.1,-0.4,0.1,0.1,0.1,0.1,0.1,0.1,0.1,0.1,0.1,-0.2,0.1,0.1,0.1,0.1,0.1,0.1,0,0
0.000146,0,0.1,0.1,0.2,0.1,0.1,0.1,0.1,0.2,0.1,0.1,0,0.1,0.1,0.1,0.1,0.1,0.1,0.1,0.1,0,0,0,0.1,0.1,0.1,0.1,0.1,0.1,0.1,0.1,0,0.1,0.1,0.1,0.1,0.1,0.1,0.1,0.1,0.1,0,0.1,0.1,0.1,0.1,0.1,0.1,0.1,0.1,0.1,0,0.1,0.1,0.1,0.1,0.1,0.1,0,0.1,0.1,-0.1,0.1,0.1,0.1,0.1,0.1,0.1,0.1,0.1,0.1,-0.4,0.2,0.1,0.1,0.1,0.1,0.1,0.1,0.1,0.1,-0.3,0.1,0.1,0.1,0.1,0.1,0.1,0.1,0.1,0.1,-0.2,0.1,0.1,0.1,0.1,0.1,0.1,0,0
0.000147,0.1,0,0.1,0,0.1,0.1,0.1,0.1,0.1,0.1,0.1,0,0.1,0.1,0.1,0.1,0.1,0.1,0.2,0.1,0.1,0,0.1,0.1,0.1,0.1,0,0.1,0.1,0.1,0.1,0,0.1,0.1,0.1,0,0.1,0.1,0.1,0.1,0.1,0,0.1,0.1,0.1,0.1,0.1,0.1,0.1,0.1,0,-0.1,0.1,0.1,0.1,0.1,0.1,0.1,0.1,0.1,0.1,-0.2,0.1,0,0.1,0.1,0.1,0.1,0.1,0.1,0.1,-0.3,0.1,0.1,0.1,0.1,0.1,0.1,0.1,0.1,0.1,-0.3,0.1,0.1,0.1,0,0.1,0.1,0.1,0.1,0.1,-0.2,0.1,0.1,0.1,0.1,0.1,0.1,-0.1,0
0.000147,0,0.1,0.1,0.1,0.1,0.1,0.1,0.1,0.1,0.1,0.1,0,0.1,0.1,0.1,0.1,0.1,0.1,0.1,0.1,0.1,0,0.1,0.1,0.1,0.1,0.1,0.1,0.1,0.1,0.1,0,0.1,0.1,0.1,0.1,0.1,0.1,0.1,0.1,0.1,0,0.1,0.1,0.1,0.1,0.1,0,0.1,0.1,0.1,0,0,0.1,0.1,0.1,0.1,0.1,0.1,0.1,0.1,-0.2,0,0.1,0.1,0.1,0.1,0.1,0.1,0.1,0.1,-0.4,0.1,0.1,0.1,0.1,0.1,0.1,0.1,0.1,0.1,-0.3,0.1,0.1,0.1,0.1,0.1,0.1,0.1,0.1,0.1,-0.1,0.1,0.1,0.1,0.1,0.1,0.1,-0.1,-0.1
0.000147,-0.1,0.1,0.1,0.1,0.1,0.1,0.1,0.1,0.1,0.1,0.1,0,0.1,0.1,0,0.1,0.1,0.1,0.1,0.1,0.1,0,0.1,0.1,0.1,0.1,0.1,0.1,0.1,0.1,0.1,0,0.1,0.1,0.1,0.1,0.1,0.1,0.1,0.1,0.1,0,0.1,0.1,0.1,0.1,0.1,0.1,0.1,0.1,0.1,-0.2,0.2,0.1,0.1,0.1,0.1,0,0.1,0.1,0.1,-0.2,0.1,0.1,0.1,0.1,0.1,0.1,0.1,0.1,0.1,-0.2,0.1,0.1,0.1,0.2,0.1,0.1,0.1,0.1,0.1,-0.4,0.1,0.1,0.1,0.1,0.1,0.1,0.1,0.1,0.1,-0.1,0.1,0,0.1,0.1,0.1,0.1,-0.1,0
0.000147,0,0.1,0.1,0.1,0.1,0.1,0.1,0.1,0,0.1,0.1,0.1,0.1,0.1,0.1,0.2,0.1,0.1,0.1,0.1,0.1,0.1,0.1,0.1,0.1,0.1,0.1,0.1,0.1,0.1,0.1,0,0.1,0.1,0.1,0.1,0.1,0.1,0.1,0.1,0.1,-0.1,0.1,0.1,0.1,0.1,0.1,0,0.1,0.1,0.1,0,0.1,0.1,0.1,0.1,0.1,0.1,0.1,0.1,0.1,-0.2,0.1,0.1,0.1,0.1,0.1,0.1,0.1,0.1,0.1,-0.3,0.1,0.1,0.1,0.2,0.1,0.1,0.1,0.1,0.1,-0.4,0.1,0.1,0.1,0.1,0.1,0.1,0.1,0.1,0.1,-0.2,0.1,0.1,0.1,0.1,0.1,0.1,-0.1,0
0.000147,-0.1,0.1,0.1,0.1,0.1,0,0.1,0.1,0.1,0.1,0.1,-0.1,0.1,0.1,0.1,0.1,0.1,0,0.1,0.1,0.1,0,0.1,0.1,0.1,0.2,0.1,0.1,0.1,0.1,0.1,0.1,0.1,0.1,0.1,0.1,0.1,0.1,0.1,0.1,0.1,-0.1,0.1,0.1,0.1,0.1,0.1,0,0.1,0.1,0.1,-0.1,0.1,0.1,0.1,0,0,0.1,0.1,0.1,0.1,-0.2,0.1,0.1,0.1,0.2,0.1,0.1,0.1,0.1,0.1,-0.3,0.1,0.1,0.1,0.1,0.1,0.1,0.1,0.1,0,-0.3,0.1,0.1,0,0.1,0.1,0.1,0.1,0.2,0.1,-0.2,0.1,0.1,0.1,0.1,0.1,0.1,0,0
0.000148,0,0.1,0.1,0.1,0.1,0.1,0.1,0.1,0.1,0.1,0.1,0,0.1,0.1,0.1,0.1,0.1,0.1,0.1,0.1,0.1,0,0.1,0.1,0.1,0.1,0.1,0.1,0.1,0.1,0.1,0,0.1,0.1,0.1,0.1,0.1,0.1,0.1,0.1,0.1,0,0.1,0.1,0.1,0.1,0.1,0.1,0.1,0.1,0.1,-0.1,0.1,0.1,0.1,0.1,0.1,0,0.1,0.1,0.1,-0.1,0.1,0.1,0.1,0.1,0.1,0.1,0.1,0.1,0.1,-0.4,0.1,0.1,0.1,0.1,0.1,0.1,0.1,0.1,0.1,-0.4,0.1,0.1,0.1,0.1,0.1,0.1,0.1,0.1,0.1,-0.2,0.1,0.1,0.1,0.1,0.1,0.1,-0.1,0
0.000148,0.1,0.1,0,0.1,0.1,0.1,0.1,0.1,0.1,0.1,0.1,0,0.1,0.1,0.1,0.1,0.1,0.1,0.1,0.1,0.1,0,0.1,0.1,0.2,0.1,0.1,0.1,0.1,0.1,0.1,0,0.1,0,0.1,0.1,0.1,0.1,0.1,0.2,0.1,-0.1,0.1,0.1,0.1,0.1,0.1,0.1,0.1,0.1,0.1,0,0.1,0.1,0.1,0.1,0,0.1,0.1,0.1,0.1,-0.1,0.1,0.1,0.1,0.1,0,0.1,0.1,0.1,0.1,-0.3,0.1,0.1,0.2,0.1,0.1,0.1,0.1,0.1,0.1,-0.3,0,0.1,0.1,0.1,0.1,0.1,0.1,0.1,0,-0.2,0.1,0.2,0.1,0.1,0.1,0.1,0,0
0.000148,0,0.1,0.2,0.1,0.1,0.1,0.1,0.1,0.1,0.1,0.1,0,0.1,0.1,0.1,0.1,0.1,0.1,0.1,0.1,0.1,0,0.1,0.1,0.1,0.1,0.1,0.1,0.1,0.1,0.1,0,0.1,0.1,0.1,0.1,0.1,0.1,0.1,0.1,0.1,-0.1,0.1,0.1,0.1,0.1,0.1,0.1,0.1,0.2,0.1,0,0.1,0.1,0.1,0.1,0.1,0.1,0.1,0.1,0.1,-0.1,0.1,0.1,0.2,0.1,0.1,0.1,0.1,0.1,0.1,-0.4,0.1,0.1,0.1,0.1,0,0.1,0.1,0.1,0.1,-0.4,0.1,0.1,0.1,0.1,0.1,0.1,0.1,0.1,0.1,-0.2,0.1,0.1,0.1,0.1,0.1,0.1,-0.2,0
0.000148,0.1,0.1,0.1,0.1,0.1,0.2,0.1,0.1,0.1,0.1,0,0.1,0.1,0.1,0,0.1,0.1,0.1,0.1,0.1,0.1,0.1,0.1,0.1,0.1,0.1,0.1,0.1,0.1,0.1,0.1,-0.1,0.2,0.1,0.1,0.1,0.1,0.1,0.1,0.1,0.1,0,0.1,0.1,0.1,0.1,0.1,0.1,0.1,0.1,0.1,-0.1,0.1,0.1,0.1,0,0.1,0.1,0.1,0.1,0.1,-0.1,0.1,0.1,0.1,0,0.1,0.1,0.1,0,0.1,-0.3,0.1,0.1,0.1,0.1,0.1,0.1,0.1,0.1,0.1,-0.4,0.1,0.1,0.1,0.1,0.1,0.1,0.1,0.1,0.1,-0.2,0.1,0.1,0.1,0.1,0.1,0.1,-0.1,0
0.000148,0,0.1,0.1,0.1,0.1,0,0,0.1,0.1,0.1,0.1,-0.1,0.1,0.1,0.2,0.1,0.1,0.1,0.1,0,0.1,0.1,0,0.1,0.1,0.1,0.1,0.1,0.1,0.1,0.1,0,0,0.1,0.1,0.1,0.1,0.1,0.1,0.1,0.1,0,0.1,0.1,0.1,0.1,0.1,0.1,0.1,0.1,0.1,0,0.1,0.1,0.1,0.1,0.1,0.1,0.1,0.1,0.1,-0.2,0.1,0,0,0.1,0,0.1,0.1,0.1,0.1,-0.3,0.1,0.1,0.1,0.1,0.1,0.1,0.1,0,0,-0.4,0.1,0.1,0.1,0.1,0.1,0.1,0.1,0.1,0,-0.2,0.1,0.1,0.1,0.1,0,0,0.1,0
0.000149,0,0.1,0.1,0,0.1,0.1,0.1,0.1,0.1,0.1,0.1,0,0.1,0.1,0.1,0.1,0.1,0.1,0.1,0.1,0,0,0.1,0.1,0.1,0.1,0.1,0.1,0.1,0.1,0.1,0,0.1,0.1,0.1,0.1,0.1,0.1,0.1,0.1,0.1,0,0.1,0.1,0,0.1,0.1,0.1,0.1,0.1,0.1,0,0.1,0.1,0.1,0.1,0,0.1,0,0.1,0.1,-0.1,0.1,0.1,0.1,0.1,0.1,0.1,0.1,0.1,0.1,-0.3,0.1,0.1,0.1,0.1,0.1,0.1,0.1,0.1,0.1,-0.4,0.1,0.1,0.1,0.1,0.1,0.1,0.1,0.1,0.1,-0.1,0.1,0.1,0.1,0.1,0.1,0.1,-0.1,-0.1
0.000149,0,0.1,0.1,0,0.1,0.1,0.1,0.1,0.1,0.1,0.1,0,0.1,0.1,0.1,0.1,0.1,0.1,0.1,0.1,0.1,0,0.1,0.1,0.1,0.1,0.1,0.1,0.1,0.1,0.1,0.1,0.1,0.1,0.1,0.1,0,0.1,0.1,0.1,0.1,0,0.1,0.1,0.1,0.1,0.1,0.2,0.1,0.1,0.1,0,0.1,0.1,0.1,0.1,0.1,0.1,0.1,0.1,0.1,-0.2,0.1,0.1,0.1,0,0.1,0.1,0.1,0.1,0.1,-0.4,0,0.1,0.1,0.1,0.1,0.1,0.1,0.1,0.1,-0.3,0.1,0.1,0.1,0.1,0.1,0.1,0.1,0.1,0.1,-0.2,0.1,0.1,0.2,0.1,0.1,0.1,0,0
0.000149,0,0.1,0.1,0.1,0.1,0.1,0.1,0,0.1,0.1,0.1,0.1,0.1,0.1,0.1,0.1,0.1,0.1,0.1,0.1,0.1,0,0.1,0.1,0.1,0.1,0.1,0.1,0.1,0.1,0.1,0.1,0.1,0.1,0.1,0.1,0.1,0,0.1,0.1,0.1,0,0.1,0.1,0.1,0.1,0.2,0.1,0.1,0.1,0.1,0,0.1,0.1,0,0.1,0.1,0.1,0.1,0.1,0.1,-0.2,0.1,0.1,0.1,0,0.1,0.1,0.1,0.1,0.1,-0.4,0.1,0.1,0.1,0.1,0.1,0.1,0.1,0.1,0.1,-0.3,0.1,0.1,0.1,0.1,0.1,0.1,0.1,0.1,0.1,-0.1,0.1,0.1,0.1,0.2,0.1,0.1,0,0
0.000149,0,0.1,0.1,0.1,0.2,0.1,0.1,0.1,0.1,0.1,0.1,0.1,0.1,0.1,0.1,0.1,0.1,0.1,0.1,0.1,0.1,0,0.1,0.1,0.1,0.1,0.1,0.1,0.1,0.1,0.1,0,0.1,0.1,0.1,0.1,0.2,0,0.1,0,0.1,0,0.1,0.1,0,0.1,0.1,0.1,0.1,0.1,0.1,-0.1,0.1,0.2,0.1,0.1,0.1,0.1,0.1,0.1,0.1,-0.2,0.1,0.1,0.1,0.1,0.1,0.1,0.1,0.1,0.1,-0.3,0.1,0.1,0.1,0.1,0.1,0.2,0.1,0.1,0.1,-0.3,0.1,0.1,0.1,0.1,0.1,0.1,0.1,0.1,0.1,-0.1,0.1,0.1,0.1,0.1,0.2,0.1,0,0
0.000149,0,0.1,0.1,0.1,0.1,0.1,0.1,0.1,0.1,0.1,0.1,0.1,0.1,0.1,0.1,0,0.1,0.1,0,0.1,0.1,0.1,0.1,0.1,0.1,0.1,0.1,0.1,0.1,0.1,0.1,0,0.1,0.1,0.1,0.1,0.1,0.1,0.1,0.1,0.1,-0.1,0.1,0.1,0.1,0,0.1,0.1,0.1,0.1,0.1,0,0.1,0.1,0.1,0,0.1,0.1,0.1,0.1,0.1,-0.2,0.1,0.1,0.1,0,0.1,0.1,0.1,0.1,0.1,-0.3,0.1,0.1,0.1,0.1,0.1,0.1,0.1,0.1,0.1,-0.4,0.1,0.1,0.1,0.1,0.1,0.1,0.1,0.1,0.1,-0.2,0.1,0.1,0.1,0.1,0.1,0.1,0,0
0.00015,0,0.1,0.1,0.1,0,0.1,0.1,0.1,0.1,0.1,0.1,0,0.1,0.1,0.1,0.1,0.1,0.1,0.1,0.1,0.1,0,0.1,0.1,0.1,0.1,0.1,0.1,0.1,0.1,0.1,0,0.1,0.1,0.1,0.1,0.1,0.1,0.1,0.1,0.1,0,0.1,0.1,0.1,0.1,0.1,0.1,0.1,0.1,0.1,-0.2,0.1,0.1,0.1,0.1,0.1,0.1,0.1,0.1,0.1,-0.2,0.1,0.1,0.1,0.1,0.1,0.1,0.1,0.1,0,-0.3,0.1,0.1,0.1,0.1,0.1,0.1,0,0.2,0.1,-0.3,0.1,0.1,0.1,0.1,0.1,0.1,0.1,0.1,0,-0.2,0.1,0.1,0.1,0.1,0.1,0.1,0,-0.1
0.00015,-0.1,0.1,0.1,0.1,0.1,0.1,0.1,0.1,0.1,0.1,0.1,0,0.1,0.1,0,0.1,0.1,0.1,0.1,0.1,0.1,0,0.1,0.1,0.1,0.1,0.1,0.1,0.1,0.1,0.1,0,0.1,0.1,0.1,0.1,0.1,0.1,0.1,0,0,0,0.1,0.1,0.2,0.1,0.1,0.1,0.1,0.1,0.1,-0.1,0.1,0.1,0.1,0.1,0.1,0.1,0.1,0.1,0.1,-0.2,0.1,0.1,0.1,0.1,0,0.1,0,0.1,0.1,-0.4,0.1,0.1,0.1,0.1,0.1,0.1,0,0.1,0,-0.3,0.1,0.1,0.1,0.1,0.1,0.1,0.1,0.1,0.1,-0.2,0.1,0.1,0.1,0.1,0.1,0.1,-0.1,0
0.00015,0.1,0.1,0.1,0.1,0.1,0.1,0.1,0.1,0.1,0.1,0.1,0,0.1,0.1,0.1,0.1,0.1,0.1,0.1,0.1,0.1,0,0.1,0.1,0.1,0.1,0.1,0.1,0,0.1,0.1,0,0.1,0.1,0.1,0,0.1,0.1,0.1,0.1,0.1,0.1,0.2,0.1,0.1,0.1,0.1,0.1,0.1,0.1,0.1,-0.1,0.1,0.1,0.1,0.1,0.1,0.1,0.1,0.1,0.1,-0.1,0.1,0.1,0,0.1,0.1,0.1,0.1,0.1,0.1,-0.3,0.1,0.1,0.1,0.1,0.1,0.1,0.1,0.1,0.1,-0.4,0.1,0.1,0.1,0.1,0.1,0.1,0.1,0.1,0.1,-0.2,0,0.1,0.1,0.1,0.1,0.1,0,0.1
0.00015,0,0.1,0.1,0.1,0.1,0.1,0.1,0.1,0.1,0.1,0.1,-0.1,0.1,0.1,0.1,0.1,0.1,0.1,0.1,0.1,0.1,0.1,0.1,0.1,0.1,0.1,0.1,0.1,0.1,0.1,0.1,-0.1,0.1,0.1,0.1,0.1,0.1,0.1,0.1,0.1,0.1,0,0.1,0.1,0,0.1,0.1,0.1,0.1,0.1,0.1,0,0.1,0.1,0.1,0.1,0.1,0.1,0.1,0.1,0.1,-0.2,0.1,0.1,0,0.1,0.1,0.2,0,0.1,0.1,-0.4,0.1,0.1,0.1,0.1,0.1,0.1,0.1,0.1,0.1,-0.4,0.2,0.1,0.1,0.1,0.1,0.1,0.1,0.1,0.1,-0.3,0.1,0.1,0.1,0.1,0.1,0.1,0,-0.1
0.00015,0,0.1,0.1,0.1,0.1,0.1,0.1,0.1,0.1,0.1,0.1,-0.1,0.1,0.1,0.1,0.1,0.1,0.1,0.1,0.1,0.1,0.1,0.1,0.2,0.2,0.1,0.1,0.1,0.1,0.1,0.1,0,0.1,0.1,0.1,0.1,0,0.1,0.1,0,0.1,0.1,0.1,0.1,0.1,0,0.1,0.1,0.1,0.1,0.1,-0.1,0.1,0.1,0.1,0.1,0.1,0.1,0.1,0.1,0.1,-0.1,0.1,0.1,0.1,0.1,0.1,0.1,0.1,0.1,0.1,-0.3,0.1,0.1,0.1,0.1,0.1,0.1,0.1,0.1,0.1,-0.3,0.1,0.1,0.1,0.1,0.1,0.1,0.1,0.1,0.1,-0.1,0.1,0.1,0.1,0.1,0.1,0.1,-0.1,-0.1
0.000151,0,0.1,0.1,0.1,0.1,0.1,0.1,0.1,0.1,0.1,0.1,0.1,0.1,0.1,0.1,0.1,0.1,0.1,0.1,0.1,0.1,0,0.1,0.1,0.1,0.1,0.1,0.1,0.1,0.1,0.1,0,0.1,0,0.1,0.1,0.1,0.1,0.1,0.1,0.1,0,0.1,0.1,0.1,0.1,0.1,0.1,0.1,0.1,0.1,0,0.1,0.1,0.1,0.1,0.1,0.1,0.1,0.1,0.1,-0.1,0.1,0.1,0.1,0.1,0.1,0.1,0.1,0.1,0.1,-0.3,0.1,0.1,0.1,0.1,0.1,0.1,0.1,0.1,0.1,-0.3,0.1,0.1,0.1,0.1,0.1,0.1,0.1,0.1,0.2,-0.2,0.1,0.1,0.1,0.1,0.1,0.1,0,0
0.000151,0.1,0.1,0.1,0.1,0.1,0.1,0.1,0.1,0.1,0.1,0.1,0.1,0.1,0.1,0.1,0.1,0.1,0.1,0.1,0.1,0,0,0.1,0.1,0.1,0.1,0.1,0.2,0.1,0.1,0.1,0,0.1,0.1,0.2,0.1,0.1,0.1,0.1,0.1,0.1,0,0.1,0.1,0.1,0.1,0.1,0.1,0.1,0.1,0.1,0,0.1,0.1,0,0.1,0.1,0.1,0.1,0.1,0.1,-0.2,0.1,0.1,0.1,0.1,0.1,0.1,0.1,0.1,0.1,-0.3,0.1,0.1,0.1,0.1,0.1,0.1,0.1,0.1,0.1,-0.4,0.2,0.1,0.1,0.1,0.1,0.1,0.1,0.1,0.1,-0.1,0,0.1,0.1,0.1,0,0,0,-0.1
0.000151,0.1,0.1,0.1,0.1,0.1,0.1,0,0.1,0.1,0.1,0.1,0,0.1,0.1,0.1,0.1,0.1,0.1,0.1,0.1,0.1,0,0.1,0.1,0.1,0.1,0.1,0.1,0.1,0.1,0.1,-0.1,0.1,0.1,0.1,0.1,0.1,0.1,0,0.1,0.1,0,0.1,0.1,0.1,0.1,0.1,0.1,0.1,0.1,0.1,0,0.1,0.1,0.1,0.1,0.1,0,0,0.1,0.1,-0.1,0.2,0.1,0.1,0.1,0.1,0.1,0.1,0.1,0.1,-0.3,0.1,0.1,0.1,0.1,0.1,0.1,0.1,0.1,0.1,-0.3,0.1,0.1,0.1,0.1,0.1,0.1,0.1,0.1,0.1,-0.1,0.1,0.1,0.1,0.1,0.1,0.1,-0.1,-0.1
0.000151,0,0.1,0.1,0.1,0.1,0.1,0.1,0.1,0.1,0.1,0.1,0.1,0.1,0.1,0.1,0.1,0.1,0.1,0.1,0.1,0.1,0,0.1,0.1,0.1,0.1,0.1,0.1,0.1,0.1,0.1,0,0.1,0.1,0.1,0.1,0.1,0.1,0.1,0.1,0.1,0,0.1,0.1,0.1,0.1,0.1,0.1,0.1,0.1,0.1,0,0.1,0.1,0.1,0.1,0.1,0.1,0.1,0.1,0.1,-0.2,0.1,0.1,0.1,0.1,0.1,0.1,0.1,0.1,0.1,-0.3,0.1,0.2,0.1,0.1,0.1,0.1,0.1,0.1,0.1,-0.3,0.1,0.1,0.1,0.1,0.1,0.1,0.1,0.1,0.1,-0.1,0.1,0.1,0.1,0,0.1,0.1,0,-0.1
0.000151,0,0.1,0.1,0.1,0,0.1,0.1,0.1,0.1,0.1,0.1,0,0.2,0.1,0.1,0.1,0.1,0.1,0.2,0.1,0.1,0,0.1,0.1,0.1,0,0.1,0.1,0.1,0.1,0.1,0,0.1,0.1,0.1,0.1,0.1,0.1,0.1,0.1,0.1,0.1,0.1,0.1,0.1,0.1,0.1,0.2,0.1,0.1,0.1,0,0.1,0.1,0.1,0.2,0.1,0.1,0.1,0.1,0.1,-0.2,0.1,0.1,0.1,0.1,0.1,0.1,0.1,0.1,0.1,-0.3,0.1,0.1,0.1,0.1,0.1,0.1,0.1,0.1,0.1,-0.3,0.1,0.2,0.1,0.1,0.1,0.1,0.1,0.1,0.1,-0.2,0.1,0.1,0,0,0,0.1,0,-0.1
0.000152,0,0.1,0.1,0.1,0.1,0.1,0.1,0.1,0.1,0.1,0.1,0.1,0.1,0.1,0.2,0.1,0.1,0.1,0.1,0.1,0.1,0,0.1,0.1,0.1,0.1,0.1,0.1,0.1,0.1,0.1,0.1,0,0.1,0.1,0.1,0.1,0.1,0.1,0.1,0.1,0.1,0.1,0.1,0.1,0.2,0.1,0.1,0.2,0.1,0.1,0,0.1,0,0.1,0.1,0.1,0.1,0.1,0.1,0.1,-0.1,0.1,0.1,0.1,0.1,0.1,0,0,0.1,0.1,-0.2,0.1,0.1,0.1,0.1,0.1,0.1,0.1,0.1,0.1,-0.3,0.1,0.1,0.1,0.1,0.1,0.1,0.1,0.1,0.1,-0.1,0.1,0.1,0.1,0.1,0.1,0,0.1,0
0.000152,0,0,0.1,0.1,0.1,0.1,0.1,0.1,0.1,0.1,0,0,0.1,0.1,0.1,0.1,0.1,0.1,0.1,0.1,0.1,0,0.1,0.1,0.1,0.1,0.1,0.1,0.1,0.1,0.1,0,0.1,0.1,0.1,0.1,0.1,0.1,0.1,0.1,0.1,0.1,0.1,0.1,0.1,0.1,0.1,0.1,0.1,0.1,0.1,-0.1,0.1,0.1,0.1,0.1,0.1,0.1,0.1,0.1,0.1,-0.2,0.1,0.1,0.2,0.1,0.1,0.1,0.1,0.1,0.1,-0.2,0.1,0.1,0,0.1,0.1,0.1,0.1,0,0.1,-0.3,0.1,0.1,0.1,0.1,0.1,0.1,0.1,0,0.1,-0.1,0.1,0.1,0.1,0.1,0.1,0.2,0,0
0.000152,0,0.1,0.1,0.1,0.1,0.1,0.1,0.1,0.1,0.1,0.1,0,0.1,0.1,0.2,0.1,0.1,0.1,0.1,0.1,0.1,0.1,0,0.1,0.1,0.1,0.1,0.1,0.1,0.1,0.1,0,0.1,0,0,0.1,0.1,0,0.1,0.1,0.1,0,0.1,0.1,0.1,0.1,0.1,0.1,0.1,0.1,0.1,0,0.1,0.1,0.1,0.1,0.1,0,0,0.1,0.1,-0.2,0.1,0.1,0.1,0.1,0,0.1,0.1,0.1,0.1,-0.3,0.1,0.1,0.1,0.1,0.1,0.1,0.1,0.1,0.1,-0.3,0.1,0.1,0.1,0.1,0.1,0.1,0.1,0,0.1,0,0.1,0.1,0.1,0.2,0.1,0.1,0,0.1
0.000152,0.1,0.2,0.1,0.1,0.1,0.1,0.1,0,0.1,0.1,0.1,0,0.1,0.1,0.1,0.1,0.1,0.1,0.1,0.1,0.1,0.1,0.1,0.1,0.1,0.1,0.1,0.1,0,0.1,0.1,-0.1,0.1,0.1,0.1,0.1,0.1,0.1,0.1,0.1,0.1,-0.1,0.1,0.1,0.1,0.1,0.2,0.1,0.1,0,0.1,0,0.2,0.1,0.1,0.1,0.1,0.1,0.1,0.1,0.1,-0.1,0.1,0.1,0.1,0.1,0,0.1,0.1,0.1,0.1,-0.3,0.1,0.1,0.1,0.1,0.1,0.1,0.1,0.1,0.1,-0.4,0.1,0.1,0.1,0.1,0.1,0.1,0.1,0.1,0.1,-0.2,0.1,0.1,0.1,0.1,0.1,0.1,0,0.1
0.000152,0.1,0.1,0.1,0.1,0.1,0.1,0.1,0.1,0.1,0.1,0.1,0,0.1,0.1,0.1,0.1,0.1,0.1,0.1,0.1,0.1,0,0.1,0.1,0.1,0.1,0.1,0.1,0.1,0.1,0.1,-0.1,0.1,0.1,0.1,0.1,0.1,0.1,0.1,0,0.1,0.1,0.1,0.1,0.1,0.1,0.1,0.1,0.2,0.1,0.1,-0.1,0.1,0.1,0.1,0.1,0.1,0.1,0.1,0.1,0,-0.1,0.1,0.1,0.1,0.1,0.1,0.1,0.1,0,0.1,-0.3,0.1,0.1,0.1,0.1,0,0.1,0.1,0.1,0.1,-0.4,0.1,0.1,0.1,0.1,0.1,0.1,0.1,0.2,0.1,-0.2,0.1,0.1,0.1,0.1,0.1,0.1,0,0
0.000153,0.1,0.1,0.1,0.1,0,0.1,0.1,0.1,0.1,0.1,0,0.1,0.1,0.1,0.1,0.1,0.1,0.1,0.1,0.1,0.1,0.1,0.1,0.1,0.1,0.1,0.1,0.1,0.1,0.1,0.1,-0.1,0.2,0.1,0.1,0.1,0.1,0.1,0.1,0.1,0.1,0,0.1,0.1,0.1,0.1,0.1,0.1,0.1,0.1,0.1,0,0.1,0.1,0.1,0.1,0.1,0.1,0.1,0.1,0.1,-0.1,0.1,0,0.1,0.1,0.1,0.1,0.1,0.1,0.1,-0.4,0.1,0.1,0.1,0.1,0.1,0.1,0.1,0.1,0.1,-0.3,0.1,0.1,0,0.1,0.1,0.1,0.1,0.1,0.1,-0.3,0.1,0.1,0.1,0.1,0.1,0.1,0,0
0.000153,0.1,0.1,0.1,0.1,0.1,0.1,0.1,0.1,0.2,0.1,0.1,0,0.1,0.1,0.1,0.1,0.1,0.1,0.1,0.1,0.1,0,0,0,0.2,0.1,0.1,0.1,0,0.1,0.1,0,0.1,0.1,0.1,0.1,0.1,0,0.1,0.1,0.1,0,0.1,0.1,0.1,0.1,0.1,0.1,0.1,0.1,0,-0.1,0.1,0.1,0,0.1,0.1,0.1,0.1,0.1,0.1,-0.1,0.1,0.1,0.1,0.1,0.1,0.1,0.1,0.1,0.1,-0.2,0.1,0.1,0,0.1,0.1,0.1,0.1,0.1,0.1,-0.3,0.1,0.1,0.1,0,0.1,0,0.1,0.1,0.1,-0.1,0.1,0.1,0.1,0.1,0.1,0.1,0,0.1
0.000153,0,0.1,0.1,0.1,0.1,0,0.1,0,0.1,0.1,0.1,0.1,0.1,0.1,0.1,0.1,0.1,0.1,0.1,0.1,0.1,0.1,0.1,0.1,0.1,0.1,0.1,0.1,0.1,0.1,0.1,-0.1,0.1,0.1,0.1,0.1,0.1,0.1,0.1,0.1,0.1,0,0.1,0.1,0.1,0.1,0.1,0.1,0.1,0.1,0.1,0,0.1,0,0.1,0.1,0,0.1,0.1,0.1,0.1,-0.2,0.2,0.1,0.1,0.1,0.1,0.1,0.1,0.1,0.1,-0.3,0.1,0.1,0.1,0.1,0.1,0.1,0,0.1,0.1,-0.2,0.1,0.1,0.1,0.1,0.1,0.1,0.1,0.1,0.1,-0.2,0.1,0.1,0.1,0.1,0.1,0.1,0,0
0.000153,0,0,0.1,0.1,0.1,0.1,0.1,0.1,0.1,0.1,0.1,0,0.1,0.1,0.1,0.1,0.1,0.1,0.1,0.1,0.1,0,0.1,0.1,0.1,0.1,0.1,0.1,0.1,0.1,0,0,0.1,0.1,0.1,0.1,0.1,0.1,0.1,0.1,0,0,0,0.1,0.1,0.1,0.1,0.1,0.1,0.1,0.1,0,0.1,0.1,0.1,0.1,0.1,0.1,0.1,0.1,0.1,-0.1,0.1,0.1,0.1,0.1,0.1,0.1,0.2,0.1,0.1,-0.3,0.1,0.1,0.1,0.1,0.1,0.1,0,0.1,0.1,-0.3,0.1,0.1,0.1,0.1,0.1,0.1,0.1,0.1,0.1,-0.2,0.1,0.1,0.1,0.2,0.1,0.1,0,-0.1
0.000153,0,0.1,0.1,0.2,0.1,0.1,0.1,0.1,0.1,0.1,0.1,0,0.1,0.1,0.1,0.1,0.1,0.1,0.1,0.1,0.1,0,0.1,0.1,0.1,0.1,0.1,0.1,0.1,0,0.1,0.1,0.1,0.1,0.1,0.1,0.1,0.1,0.1,0.1,0.1,0,0.1,0.1,0.1,0.1,0.1,0.1,0.1,0.1,0.1,0,0.1,0.1,0.1,0.1,0.1,0.1,0.1,0.1,0.1,-0.1,0.1,0.1,0.2,0.1,0.1,0.1,0.1,0.1,0.1,-0.3,0.1,0.1,0.1,0.1,0.1,0.1,0.2,0.1,0.1,-0.4,0.1,0.1,0.1,0.1,0.1,0.1,0.1,0.1,0.1,-0.2,0.1,0.1,0.1,0.1,0,0.1,0,0
0.000154,0,0.1,0.1,0.1,0.1,0.1,0,0,0.1,0,0.1,0,0.1,0.1,0.1,0.1,0.1,0.2,0.1,0.1,0,0,0.1,0.1,0,0.1,0.1,0.1,0.1,0.1,0.1,0.1,0.1,0.1,0.1,0.1,0.1,0.1,0,0.1,0.1,0,0.1,0.1,0.1,0.1,0.1,0.1,0.1,0.1,0.1,0,0.1,0.1,0.1,0,0.1,0.1,0.1,0.1,0.2,-0.2,0.1,0.1,0.1,0.1,0.1,0.1,0.1,0.1,0.1,-0.3,0.1,0.1,0.1,0.2,0.1,0.1,0.1,0,0.1,-0.3,0.1,0.1,0.1,0.1,0.1,0.1,0.1,0.1,0.1,-0.1,0.1,0.1,0.1,0.1,0.1,0.1,-0.1,0
0.000154,0,0.1,0.1,0.1,0.1,0.1,0.1,0.1,0.1,0.1,0,0.1,0,0.1,0.1,0.1,0.1,0.1,0.1,0.1,0.1,0,0.1,0.1,0.1,0.1,0.1,0.1,0.1,0.1,0.1,0,0.1,0.1,0.1,0.1,0.1,0.1,0.1,0.1,0.1,0.1,0.1,0.1,0.1,0.1,0.1,0.1,0.1,0.1,0.1,0,0.1,0.1,0.1,0.1,0.1,0.1,0.1,0,0.1,-0.2,0.1,0.1,0.1,0.1,0.1,0.1,0.1,0.1,0.1,-0.3,0.1,0.1,0.1,0.1,0,0.1,0,0.1,0.1,-0.3,0.1,0.1,0,0.1,0,0.1,0.1,0.1,0.1,-0.2,0.1,0.1,0.1,0.1,0.1,0.1,-0.1,-0.1
0.000154,0,0.1,0.1,0.1,0.1,0.1,0.1,0.1,0.1,0.1,0.1,0.1,0.1,0.1,0.2,0.1,0.1,0.1,0.1,0.1,0.1,-0.1,0.1,0.1,0.1,0.1,0.1,0.1,0.1,0.1,0.1,0,0.1,0.1,0.1,0.1,0.1,0.1,0.1,0.1,0.1,0.1,0,0.1,0.1,0.1,0.1,0.1,0.1,0.1,0.1,0,0.1,0.1,0.1,0.1,0.1,0.1,0.1,0.1,0.1,-0.1,0.1,0.1,0.1,0.1,0.1,0.1,0.1,0,0.1,-0.3,0.1,0.1,0.1,0.1,0.1,0.2,0.1,0.1,0.1,-0.3,0.1,0.1,0.1,0.1,0.1,0.1,0.1,0.1,0.1,-0.2,0.1,0.1,0.1,0.1,0.1,0.2,0,0
0.000154,0.1,0.1,0.1,0.1,0.1,0.1,0.1,0.1,0.1,0.1,0.1,0,0.1,0.1,0.1,0.1,0.1,0.1,0.1,0.1,0.1,0,0.1,0.1,0.2,0.1,0.1,0.1,0.1,0.1,0.1,0,0.1,0.1,0.1,0.1,0.2,0.1,0.1,0.1,0.1,0.1,0.1,0.1,0.1,0.1,0,0.1,0.1,0.1,0.2,0,0.1,0.1,0.1,0.1,0.1,0.1,0.1,0.1,0.1,-0.2,0.1,0.1,0.1,0.1,0.1,0.1,0.1,0.1,0.1,-0.3,0.1,0.1,0.1,0.1,0.1,0.1,0.1,0.1,0.1,-0.3,0.1,0.1,0.1,0.1,0.1,0.1,0.1,0.1,0.1,-0.2,0.1,0.1,0.1,0.1,0,0,0,0
0.000154,0.1,0.1,0.1,0.1,0,0.1,0.1,0.1,0.1,0.1,0.1,0,0.1,0.1,0.1,0.1,0.1,0.1,0.1,0.1,0,0,0.1,0.1,0.1,0,0.1,0.1,0.1,0.1,0,0,0.1,0.1,0.1,0.1,0.1,0,0.1,0.1,0.1,0,0.1,0.1,0.1,0.1,0.1,0.1,0,0.1,0.1,-0.1,0.1,0.1,0.1,0.1,0.1,0.1,0.1,0.1,0.1,-0.2,0.1,0.1,0.1,0.1,0.1,0.1,0.1,0.1,0.1,-0.3,0.1,0.1,0,0.1,0,0,0.2,0.1,0.1,-0.3,0.1,0.1,0.1,0.1,0.1,0.1,0.1,0.1,0.1,-0.2,0.1,0.1,0.1,0.1,0.1,0.1,-0.1,0
0.000155,0.1,0.1,0.1,0.1,0.1,0.1,0.1,0.1,0.1,0.1,0.1,0,0.1,0.1,0.1,0.1,0.1,0.1,0.1,0,0.1,0.1,0.1,0.1,0.1,0.1,0.1,0.1,0,0.1,0.1,0,0.1,0.1,0.1,0.1,0.1,0.1,0.1,0.1,0.1,0.1,0.1,0.1,0.1,0.1,0.1,0,0.2,0.1,0.1,-0.1,0,0.1,0.1,0.1,0.1,0.1,0.1,0.1,0.1,-0.1,0.1,0.1,0.1,0.1,0.1,0.2,0.1,0.1,0.1,-0.2,0.1,0.1,0.1,0.1,0.1,0.1,0,0.1,0.1,-0.4,0.1,0.1,0.1,0.1,0.1,0.1,0.1,0.1,0.1,-0.1,0.1,0.1,0.1,0.1,0.1,0.1,-0.1,0
0.000155,-0.1,0.1,0.1,0.1,0.1,0.1,0.2,0.1,0.1,0.1,0.1,0.1,0.1,0.1,0,0.1,0.1,0.1,0.1,0.1,0.1,0.1,0.1,0.1,0.1,0.1,0.1,0.1,0.1,0.1,0.1,-0.1,0.1,0.1,0.1,0.1,0.1,0.1,0.1,0.1,0.1,0,0.1,0.1,0.1,0.1,0.1,0.1,0.1,0.1,0.1,-0.1,0.1,0.1,0.1,0.1,0.1,0,0.1,0,0,-0.2,0.1,0.1,0.1,0.1,0.1,0.1,0.1,0.1,0.1,-0.3,0.1,0.1,0.1,0.1,0.1,0.1,0.1,0.1,0.1,-0.3,0.1,0.1,0.1,0,0,0.1,0.1,0.1,0.1,-0.1,0.1,0.1,0.1,0.1,0.1,0.1,-0.1,0
0.000155,0.1,0.1,0.1,0.1,0.1,0.2,0.1,0.1,0.1,0.2,0,0,0.1,0.1,0.1,0,0.1,0.1,0.1,0.1,0.1,0,0.1,0.1,0.1,0.1,0.1,0.1,0.1,0.1,0.1,0,0.1,0.1,0.1,0.1,0.1,0.1,0.1,0.1,0.1,0,0.1,0.1,0.1,0,0.1,0.1,0.1,0.1,0.1,-0.1,0.1,0.1,0.1,0.1,0.1,0,0.1,0.1,0.1,-0.1,0.1,0.1,0.1,0.1,0.1,0.1,0.1,0.1,0.1,-0.3,0.1,0.1,0.1,0.1,0.1,0.1,0.1,0.1,0.1,-0.4,0.1,0.1,0,0.1,0.1,0.1,0.1,0.1,0.2,-0.1,0.1,0.1,0.1,0.1,0.1,0.1,0,0
0.000155,0,0.1,0.1,0.1,0.1,0.1,0.1,0.1,0.1,0.1,0.1,0,0,0.1,0.1,0.1,0.1,0.1,0.1,0.1,0,0,0.2,0.1,0.1,0.1,0.1,0.1,0.1,0.1,0.1,0,0.1,0.1,0.1,0.1,0.1,0.1,0.1,0.1,0.1,0,0.1,0.1,0.1,0.1,0.1,0.1,0.1,0.1,0.1,-0.1,0.1,0.1,0.1,0.1,0.1,0.1,0.1,0.1,0.1,-0.2,0.1,0.1,0.1,0,0.1,0.1,0.1,0.1,0.1,-0.3,0.1,0.1,0.1,0.1,0,0.1,0.1,0,0.1,-0.4,0.1,0.1,0.1,0.1,0.1,0.2,0.1,0.1,0.1,-0.2,0.1,0.1,0,0.2,0.1,0.1,-0.1,0
0.000155,0,0.1,0,0.1,0.1,0.1,0.1,0.1,0.1,0,0.1,0,0.1,0.1,0.1,0,0.1,0.1,0.1,0.1,0.1,0,0.1,0.1,0.1,0.1,0.1,0.1,0.1,0.1,0.1,-0.1,0.1,0.1,0.1,0.1,0.1,0.1,0.1,0.1,0.1,0,0.1,0.1,0.1,0.1,0.1,0.1,0.1,0.1,0.1,0,0.1,0.1,0.1,0.1,0.1,0.1,0.1,0.1,0.1,-0.1,0.1,0.1,0.1,0.1,0.1,0.1,0.1,0.1,0.1,-0.3,0.1,0.1,0,0.1,0.1,0.1,0.1,0.1,0.1,-0.3,0.1,0.1,0.1,0,0.1,0.1,0.1,0.1,0.1,-0.2,0.1,0.1,0.1,0.1,0.1,0.1,0,-0.1
0.000156,0,0.1,0.1,0.1,0.1,0.1,0.1,0.1,0.1,0.1,0.1,0,0.1,0.1,0.1,0.1,0.1,0.1,0.1,0.1,0.1,0,0.1,0.1,0.1,0.1,0.1,0.1,0.1,0.1,0.1,0,0.1,0,0.1,0.2,0.1,0.1,0.1,0.1,0.1,0,0.1,0,0.1,0.1,0.2,0.1,0.1,0.1,0.1,0,0.1,0.1,0.1,0.1,0.1,0.1,0.1,0.1,0.1,-0.1,0.1,0.1,0.1,0,0.1,0.1,0.1,0.1,0.1,-0.4,0,0.1,0.1,0.1,0.1,0.1,0.1,0.1,0.2,-0.3,0.1,0.1,0.1,0.1,0.1,0.1,0,0.1,0.1,-0.2,0.1,0.1,0.1,0.1,0.2,0.1,-0.1,0
0.000156,0,0.1,0.1,0.1,0.1,0.1,0.1,0.1,0.1,0.1,0.1,0,0.1,0.1,0.1,0.1,0.1,0.1,0.1,0.1,0.1,0,0.1,0.1,0.1,0.1,0.1,0.1,0.1,0.1,0.1,0,0.1,0,0.1,0.1,0.1,0.1,0.1,0.1,0.1,0,0.1,0.1,0,0.1,0.1,0.1,0.1,0.1,0.1,0,0.1,0.1,0.1,0.1,0.2,0.1,0.1,0.1,0.1,-0.2,0.2,0,0.2,0.1,0.1,0.1,0.1,0.1,0.1,-0.4,0.1,0.1,0.1,0.1,0.1,0.1,0.1,0.1,0.1,-0.4,0.1,0.1,0.1,0.1,0.1,0.1,0.1,0.1,0.1,-0.1,0.1,0.1,0.1,0.1,0.1,0.1,0,0
0.000156,-0.1,0.1,0.1,0.1,0.1,0.1,0.1,0,0.1,0.1,0.1,0,0.1,0.1,0.1,0.1,0.1,0.1,0.1,0.1,0,0,0.1,0.1,0.1,0,0.1,0.1,0.1,0.1,0.1,0,0.1,0.1,0.1,0.1,0.1,0.1,0.1,0.1,0,0,0.1,0.2,0.1,0.1,0.1,0.1,0.1,0.1,0.1,0,0.1,0.1,0,0.1,0.1,0.1,0.1,0.1,0.1,-0.2,0.1,0.1,0.1,0.1,0.1,0.1,0.1,0.2,0.1,-0.3,0.1,0.1,0.1,0.1,0.1,0.1,0.1,0.1,0.1,-0.3,0.1,0.1,0.1,0.1,0.1,0.1,0,0.1,0.1,-0.1,0.1,0.1,0.1,0.1,0.1,0.1,0,0
0.000156,0,0.1,0.1,0.1,0.1,0.1,0.1,0.1,0.1,0.1,0.1,0,0.1,0.1,0,0.1,0.1,0.1,0.1,0.1,0.1,-0.1,0.1,0.1,0.1,0.1,0.1,0.1,0.1,0.1,0.1,0,0.1,0.1,0.1,0.1,0.1,0.1,0.1,0.1,0.1,0,0.1,0.1,0.1,0.1,0.1,0.1,0.1,0.2,0.1,0,0.1,0.1,0.1,0.1,0.1,0.1,0.1,0.1,0.1,0,0.1,0.2,0.1,0.1,0.1,0.1,0.1,0.1,0.1,-0.3,0.1,0.1,0.1,0.1,0.1,0.1,0.1,0.1,0.1,-0.3,0.1,0.1,0.1,0,0.1,0.1,0.2,0.1,0.1,-0.2,0.1,0.1,0.1,0.1,0.1,0.1,0,0
0.000156,0,0.1,0.2,0.1,0.1,0.1,0.1,0.1,0,0.1,0.1,0.1,0.1,0.1,0.1,0.1,0.1,0.1,0.1,0.1,0.1,0,0.1,0.1,0.1,0.1,0.1,0.1,0.1,0,0.1,0,0.1,0.1,0.1,0,0.1,0.1,0.1,0.1,0.1,0.1,0.1,0.1,0.1,0.1,0.1,0.1,0.1,0.1,0.1,-0.1,0.1,0,0.1,0.1,0.1,0.2,0.1,0.1,0.1,-0.1,0.1,0.1,0.1,0.1,0.1,0.1,0,0.1,0.1,-0.3,0.1,0.1,0.1,0.1,0.1,0.1,0.1,0.1,0.1,-0.4,0,0.2,0.2,0,0.1,0.1,0.1,0.1,0.1,-0.1,0.1,0.1,0,0.1,0.1,0.1,-0.1,0
0.000157,0,0.1,0.1,0.1,0.1,0.1,0.1,0.1,0.1,0.1,0.1,0,0.1,0.1,0.1,0.1,0.1,0.1,0.1,0.1,0.1,-0.1,0.1,0,0.1,0.1,0.1,0.1,0.1,0.1,0.1,0,0.1,0.1,0.1,0.1,0.1,0.1,0.1,0.1,0.1,0,0.1,0.1,0.1,0.1,0.1,0.1,0,0.1,0,-0.1,0.1,0.1,0.1,0.1,0.1,0.1,0.1,0,0.1,-0.1,0.1,0.1,0.1,0.1,0.1,0.1,0.1,0,0.1,-0.3,0.1,0.1,0.1,0.1,0.1,0,0.2,0.1,0.1,-0.3,0.1,0.1,0.1,0.1,0.1,0.1,0.1,0.1,0,-0.1,0.1,0.1,0,0.1,0.1,0.1,-0.1,0
0.000157,0.1,0.1,0.1,0.1,0.1,0.1,0,0.1,0.1,0,0.1,0.2,0.1,0.1,0.1,0.1,0.1,0.1,0.1,0.1,0.1,0,0.1,0.1,0.1,0.1,0.1,0.1,0.1,0.1,0.1,0,0,0.1,0.1,0.1,0.1,0.1,0.1,0.1,0.1,0,0.2,0.1,0.1,0.1,0.1,0.1,0.1,0.1,0.1,-0.1,0.1,0.1,0.1,0.1,0.1,0.1,0.1,0.1,0.1,-0.1,0.1,0.1,0.1,0.1,0,0.1,0.1,0.1,0.1,-0.3,0.1,0.1,0.1,0.1,0,0,0.1,0.1,0.1,-0.3,0.1,0.1,0.1,0.1,0.1,0.1,0.1,0.1,0.1,-0.1,0.1,0.1,0.1,0.1,0.1,0.1,0,0
0.000157,0,0,0.1,0.1,0.1,0.1,0.1,0.1,0.1,0.1,0.1,0.1,0.1,0.1,0,0,0.1,0.1,0.1,0.1,0.1,0.1,0.1,0.1,0.1,0.1,0.1,0.1,0.1,0.1,0.1,-0.1,0.1,0.1,0.1,0.1,0.1,0.1,0.1,0.1,0.1,0,0.1,0.1,0.1,0.1,0.1,0.1,0.1,0.1,0.1,-0.1,0.1,0.1,0.1,0.1,0.1,0.1,0.1,0.1,0,-0.1,0.1,0.1,0.1,0.2,0.1,0.1,0.1,0.1,0.1,-0.3,0.1,0.1,0.1,0.2,0.1,0.1,0.1,0.1,0.1,-0.3,0.1,0.1,0.1,0.1,0.1,0.1,0.1,0.1,0.1,-0.1,0.1,0.1,0.1,0.1,0,0.1,0,0
0.000157,0,0.1,0.1,0.1,0.1,0.1,0.1,0.1,0.1,0.2,0.1,0,0.1,0.1,0.1,0.1,0.1,0.1,0.1,0.1,0.1,0,0.1,0.1,0.1,0.1,0.1,0.1,0.1,0.1,0.1,0,0.1,0.1,0.1,0.1,0.1,0.1,0.1,0.1,0,0,0.1,0.1,0.1,0.1,0.1,0.1,0.1,0.1,0.1,-0.1,0.1,0.1,0.1,0.1,0.1,0.1,0.1,0.1,0.1,0,0.1,0.1,0.1,0.1,0.1,0.1,0.1,0.1,0.1,-0.3,0.1,0.2,0.1,0.1,0.2,0.1,0.1,0.1,0,-0.3,0.1,0.1,0.2,0.1,0.1,0.1,0.1,0.1,0.1,-0.1,0.1,0.1,0.1,0.1,0.1,0.1,0,0
0.000157,0,0.1,0.1,0.1,0,0.1,0.1,0,0.1,0.1,0.1,0,0.1,0.1,0.1,0.1,0.1,0.1,0.1,0.1,0.1,0,0.1,0.2,0.1,0.1,0.1,0.1,0.1,0.1,0,0,0.1,0.1,0.1,0.1,0.1,0.1,0.1,0.1,0.1,0,0,0.1,0.1,0.1,0.1,0.1,0.1,0.1,0,-0.1,0.1,0.1,0.1,0.1,0.1,0.1,0.1,0,0.1,-0.1,0,0.1,0.1,0.1,0,0.1,0.1,0.1,0.1,-0.3,0.1,0.1,0.1,0.1,0.1,0.1,0.1,0.1,0.1,-0.3,0.1,0.1,0.1,0.1,0,0.2,0.1,0.1,0.1,-0.1,0.1,0.1,0,0.1,0.1,0.1,0,0.1
0.000158,0,0.1,0.1,0.1,0.1,0.1,0,0.1,0.1,0.1,0.1,0.1,0.1,0.1,0.1,0.1,0.1,0.1,0.1,0.1,0.1,-0.1,0.1,0.1,0.2,0.1,0.1,0.1,0.1,0.1,0.1,0,0.1,0.1,0.1,0.1,0,0.1,0.1,0.2,0.1,-0.1,0.1,0.1,0.1,0.2,0.1,0.1,0.1,0.1,0.1,-0.1,0.1,0.1,0.1,0.1,0.1,0.1,0.1,0.1,0.1,-0.1,0.1,0.1,0.1,0.1,0,0.2,0.1,0.1,0.1,-0.3,0.1,0.1,0.1,0.1,0.1,0.1,0.1,0.1,0.1,-0.4,0.1,0.1,0,0.1,0.1,0.1,0.1,0.1,0.1,-0.1,0.1,0.1,0.1,0.1,0.1,0.1,0,0
0.000158,0.1,0.1,0.1,0.1,0.1,0.1,0.1,0.1,0.2,0.1,0.1,0,0.1,0.1,0.1,0,0.1,0.1,0.1,0.1,0.1,0,0.1,0.1,0.1,0.1,0.1,0.1,0.1,0.1,0.1,0.1,0.1,0.1,0.1,0.1,0.1,0,0.1,0.1,0.1,0,0.1,0.1,0.1,0.1,0,0.1,0.1,0.1,0.1,-0.1,0.1,0.1,0.1,0.2,0.1,0.1,0.1,0.1,0.1,-0.1,0.1,0.1,0.1,0.1,0.1,0.1,0,0.1,0.1,-0.3,0.2,0,0.1,0,0.1,0.1,0,0.1,0.1,-0.4,0.1,0.1,0.1,0.1,0.1,0.1,0.1,0.1,0.1,-0.1,0.1,0.1,0.1,0.1,0.1,0.1,0,0
0.000158,0,0.1,0.1,0.1,0.2,0.1,0,0.1,0.1,0.1,0.1,-0.1,0.1,0.1,0.1,0.1,0.1,0,0.1,0.1,0.1,0,0.1,0.1,0.1,0.1,0.1,0.1,0.1,0.1,0.1,0,0.1,0.1,0.1,0,0,0.1,0.1,0.1,0.1,-0.1,0.1,0.1,0,0.1,0.1,0.1,0.1,0,0.1,0,0.1,0.1,0.1,0.1,0.1,0.1,0.1,0.1,0.1,-0.2,0.1,0.1,0.1,0.1,0.1,0.1,0.1,0.1,0.1,-0.3,0.1,0.1,0.1,0.1,0.1,0.1,0.1,0.1,0.1,-0.3,0,0.1,0.1,0.1,0.1,0.1,0.1,0.1,0.1,-0.1,0.1,0.1,0.1,0.1,0.1,0.1,0.1,-0.1
0.000158,0.1,0.1,0.1,0.1,0.1,0.1,0.1,0,0,0.1,0.1,0,0.1,0.1,0.1,0.1,0.1,0.1,0.1,0.1,0.1,-0.1,0.1,0,0.1,0.1,0.1,0.1,0.1,0,0.2,0,0.1,0.1,0.1,0.1,0.1,0.1,0.1,0.2,0.1,0,0.1,0.1,0.1,0.2,0.1,0.1,0.1,0.1,0.1,0,0.1,0.1,0.1,0.1,0.1,0.1,0.1,0.1,0.1,-0.1,0.1,0.1,0.1,0.1,0.1,0.1,0.1,0.1,0.1,-0.3,0.1,0.1,0.1,0.1,0.1,0.1,0,0.1,0,-0.4,0.1,0.1,0.1,0.1,0.1,0.1,0.1,0,0,-0.1,0,0.1,0.1,0.1,0.1,0.1,-0.1,-0.1
0.000158,0,0,0.1,0.1,0.1,0.1,0,0.1,0.1,0.1,0.1,0,0.1,0,0.1,0.1,0.1,0.1,0.1,0.1,0.1,-0.1,0.1,0.1,0.1,0.1,0.1,0.2,0.1,0.1,0.1,-0.1,0.1,0.1,0.1,0.1,0.1,0.1,0.1,0.1,0.1,0,0.1,0.1,0.1,0.1,0.1,0.2,0.1,0.1,0.1,0,0,0.1,0.1,0.1,0.1,0.1,0.1,0.1,0.1,-0.1,0.1,0.1,0.1,0,0.1,0.1,0.1,0.1,0.1,-0.3,0.1,0.1,0.1,0.1,0.1,0.1,0.1,0,0.1,-0.3,0.1,0.1,0.1,0.1,0.1,0.1,0.1,0.1,0.1,-0.2,0.1,0.1,0.1,0.2,0.1,0.1,0,0
0.000159,-0.1,0.1,0.1,0.1,0.1,0,0.1,0.1,0.1,0.1,0.1,0,0.1,0.1,0.1,0.1,0.1,0,0.1,0.1,0.1,0,0.1,0.1,0.1,0.1,0.1,0.1,0.1,0.1,0.1,0,0.1,0.1,0.1,0.1,0.1,0.1,0.1,0.1,0.1,0.1,0.1,0,0.1,0.1,0.1,0.1,0.1,0.1,0.1,0,0.1,0.1,0.1,0.1,0.1,0.1,0.1,0.1,0.1,-0.1,0.1,0.1,0.1,0.1,0.1,0.1,0.1,0.1,0.1,-0.3,0.1,0.2,0.1,0.1,0.1,0.1,0.1,0,0.1,-0.3,0.1,0.1,0.1,0.1,0.1,0.1,0,0.2,0.1,-0.1,0.1,0.1,0.1,0.1,0.1,0.1,0,-0.1
0.000159,0,0.1,0,0.1,0.1,0.1,0,0.1,0.1,0.1,0.1,0,0.1,0.1,0.1,0.1,0.1,0.1,0.1,0.1,0.1,0,0.1,0.1,0,0.1,0.1,0.1,0.1,0.1,0.1,0,0.1,0.1,0.2,0.1,0.1,0.1,0.1,0.1,0.2,0.1,0.1,0.1,0.1,0.1,0.1,0,0.1,0.1,0.1,0,0.1,0.1,0.1,0.1,0.1,0.1,0.1,0.1,0.1,-0.1,0.1,0.1,0.1,0.1,0,0.1,0.1,0.1,0.1,-0.2,0.1,0.1,0.1,0.1,0.1,0.1,0,0.1,0.1,-0.3,0.1,0.1,0.2,0.1,0.1,0.1,0.1,0.1,0.1,-0.2,0.1,0.1,0.1,0.1,0.1,0.1,0,0
0.000159,0,0.1,0,0.1,0.1,0.2,0.1,0.1,0.1,0.1,0.1,0.1,0.1,0.2,0.2,0.1,0.1,0.2,0.2,0.1,0.1,0,0.1,0.1,0.1,0.1,0.1,0.1,0.1,0.1,0.1,0,0.1,0.1,0.1,0.1,0.1,0.1,0.1,0.1,0.2,0,0.1,0.1,0.1,0.1,0.1,0.1,0.1,0.1,0.1,0,0.1,0.1,0.1,0.1,0,0,0.1,0.1,0.1,-0.1,0.1,0.1,0.1,0.1,0.1,0.1,0.1,0.1,0.1,-0.2,0.1,0.1,0.1,0.1,0.1,0.1,0.1,0.2,0.1,-0.3,0.1,0.1,0.1,0.1,0.1,0.1,0.1,0.1,0.1,-0.1,0.1,0.1,0.1,0.2,0.1,0.1,0,0
0.000159,0,0.1,0.1,0.1,0.1,0.1,0.1,0.1,0.1,0.1,0.1,-0.1,0.1,0.1,0,0.1,0.1,0.1,0.1,0.1,0.1,0,0.1,0.1,0.1,0.1,0.1,0.1,0.1,0.1,0.1,0,0.1,0.1,0.1,0.1,0.1,0,0.1,0.1,0.1,0,0.1,0.1,0.1,0.1,0.1,0,0.1,0.1,0.1,0.1,0.1,0.1,0.1,0.1,0.1,0.1,0.1,0.1,0.1,-0.2,0.1,0.2,0,0.1,0.1,0.1,0.1,0.1,0.1,-0.3,0,0.1,0.1,0.1,0.2,0,0.1,0.1,0.1,-0.3,0.1,0.1,0.1,0.1,0.1,0.1,0.1,0.1,0.1,0,0.1,0.1,0.1,0.1,0.1,0.1,-0.1,0
0.000159,0,0.1,0.2,0.1,0.1,0,0.1,0.1,0.1,0.1,0.1,0,0.1,0.1,0.1,0.1,0.2,0.1,0.1,0.1,0.1,0,0.1,0.1,0.1,0.1,0.1,0.1,0.1,0.1,0.1,-0.1,0.1,0.1,0.1,0.1,0.1,0.1,0.1,0.1,0.1,-0.1,0.1,0.1,0.1,0.1,0.1,0.1,0.1,0.1,0.1,-0.1,0,0,0.1,0,0.1,0.1,0.1,0.1,0.1,-0.1,0.1,0.1,0.2,0.2,0.1,0.1,0.1,0.1,0.1,-0.2,0.1,0.1,0.1,0.1,0.1,0.1,0.1,0.2,0.1,-0.3,0.1,0.1,0.1,0.1,0,0.1,0.1,0.1,0.1,-0.1,0.1,0.1,0.1,0,0.1,0.1,0,0
0.00016,0,0.1,0.1,0.1,0.1,0,0.1,0.1,0.1,0.1,0.2,0,0.1,0.1,0.1,0.1,0.1,0.1,0.1,0.1,0.1,0.1,0.1,0.1,0.1,0.1,0.1,0.1,0.1,0.1,0,-0.1,0.1,0.1,0,0.1,0,0.1,0.1,0.1,0.1,0.1,0.1,0.1,0.1,0.1,0.1,0.1,0.1,0.1,0.1,0,0.1,0.1,0.1,0.1,0.1,0.2,0.1,0.1,0.1,-0.1,0.1,0.1,0.1,0.1,0.1,0.1,0.1,0.1,0.1,-0.3,0,0.1,0.1,0.1,0.1,0.1,0.1,0.1,0.1,-0.3,0.1,0.1,0.1,0.1,0.1,0.1,0.1,0.1,0.1,-0.2,0.1,0.1,0.1,0.1,0.1,0.1,-0.1,0
0.00016,0,0.1,0.1,0.1,0.1,0.1,0.2,0.1,0.1,0.1,0.1,0,0.1,0.1,0.1,0,0.1,0.1,0.1,0.1,0.1,0,0.1,0.1,0.1,0.2,0.1,0.1,0,0.1,0.1,0,0.1,0.1,0.1,0.1,0.1,0.1,0.2,0.1,0.2,0.1,0.1,0.1,0.1,0,0.1,0.1,0.1,0.1,0.1,-0.2,0.1,0.1,0.1,0.1,0.1,0.1,0.1,0.1,0.1,-0.1,0.1,0.1,0.1,0,0.1,0.1,0.1,0.1,0.1,-0.3,0.1,0.1,0.1,0.2,0.1,0.1,0.1,0,0.1,-0.3,0.1,0.1,0.1,0.1,0.1,0.1,0.1,0.1,0.1,-0.1,0,0.2,0.1,0.1,0.1,0.1,0.1,0.1
0.00016,0,0.1,0.1,0.1,0.1,0.1,0.1,0.1,0.1,0.1,0.1,0,0.1,0.1,0.1,0.1,0.1,0.1,0.1,0.1,0.1,0,0.1,0.1,0.1,0.1,0.1,0.1,0.1,0.1,0.1,0,0,0.1,0.1,0.1,0.1,0.1,0.1,0.1,0.1,0,0.1,0.1,0,0.1,0.1,0.2,0.1,0.1,0.1,0,0.1,0.1,0.1,0.1,0.1,0.1,0.1,0.1,0.1,-0.2,0.1,0.1,0.1,0.1,0.1,0.1,0.1,0.1,0.1,-0.3,0.1,0.1,0.1,0.1,0.1,0.1,0.1,0.1,0.1,-0.3,0.1,0.1,0.1,0.1,0.1,0.1,0.1,0.2,0.1,-0.2,0.2,0.1,0.1,0.1,0,0.1,0,0
0.00016,0,0.1,0.1,0.1,0.1,0.1,0.1,0.1,0.1,0.1,0.1,0.1,0.1,0.1,0,0.1,0.1,0.1,0.1,0.1,0.1,0.1,0.1,0.1,0.1,0.1,0.1,0.1,0.1,0,0.1,0,0.1,0.1,0.1,0.1,0.1,0.1,0.1,0.1,0.1,0,0.1,0.1,0.1,0.1,0.1,0,0,0.1,0.1,-0.1,0.1,0.1,0.1,0.1,0.1,0.1,0.1,0,0.1,-0.1,0.1,0.1,0.1,0.1,0.1,0.1,0.1,0.1,0.1,-0.3,0.1,0.1,0.1,0.1,0.1,0,0.1,0.1,0.1,-0.3,0.1,0.1,0.1,0.1,0.1,0.1,0.1,0.1,0.2,-0.1,0.1,0.1,0.1,0.1,0,0,0,0
0.00016,0,0.1,0.2,0.2,0.1,0.1,0.1,0.1,0,0.1,0.1,0,0.1,0.1,0.1,0.1,0.1,0.1,0.1,0.1,0.1,-0.1,0.1,0.1,0.1,0.1,0.1,0,0.1,0.2,0.1,-0.1,0.1,0.1,0.1,0.1,0.1,0,0.1,0,0.1,0,0.1,0.1,0.1,0.1,0.2,0.1,0.1,0.1,0.1,-0.1,0.1,0.1,0.1,0.1,0.1,0,0.1,0.1,0.1,-0.1,0.2,0,0.1,0.1,0.1,0.1,0.1,0.1,0.1,-0.3,0.1,0.1,0.1,0,0.1,0.1,0.1,0.1,0.1,-0.3,0.1,0.1,0.1,0.1,0.1,0.1,0.1,0.1,0.1,-0.2,0.1,0.1,0.1,0,0.1,0.2,0,0
0.000161,0,0.1,0.1,0.1,0.1,0.1,0.1,0.1,0.1,0.2,0.1,0,0.1,0.1,0,0.1,0.1,0.1,0.1,0.1,0.1,0,0.1,0.1,0.1,0.1,0.1,0.1,0.1,0.2,0.1,0,0.1,0.1,0.1,0,0.1,0.1,0.2,0.1,0.2,0,0.1,0.1,0.1,0.1,0.1,0.1,0,0.1,0.1,0,0.1,0.1,0.1,0.1,0.1,0.1,0.1,0.1,0,-0.1,0,0.1,0.1,0.1,0,0.1,0.1,0.1,0.1,-0.3,0,0.1,0.1,0.1,0.1,0.1,0.1,0.1,0.1,-0.3,0.1,0,0.1,0.1,0.1,0.1,0.1,0.1,0.1,-0.2,0.1,0.1,0.1,0.1,0.1,0.1,0,0
0.000161,0,0.1,0.1,0.1,0.1,0.1,0.1,0.1,0.1,0,0.1,0.1,0.2,0.1,0.1,0.1,0.1,0,0.1,0.1,0.1,0,0.1,0.1,0.1,0.1,0.1,0.1,0.1,0.2,0.1,0,0.1,0.1,0.1,0.1,0.1,0.1,0.1,0.1,0.1,0,0.1,0.1,0.1,0.1,0.1,0.1,0.1,0.1,0.1,0,0.1,0.1,0.1,0.1,0.1,0.1,0.1,0.1,0.1,-0.1,0.1,0.1,0.1,0.1,0.1,0.1,0.1,0.1,0.1,-0.3,0.1,0.1,0.1,0.1,0,0.1,0.1,0.1,0.1,-0.2,0.1,0.1,0.1,0.1,0.1,0,0.1,0.1,0.1,-0.2,0.1,0.1,0.1,0.1,0.1,0.1,-0.1,0
0.000161,0,0.1,0.1,0.1,0.1,0.1,0.1,0.1,0.1,0.1,0.1,0,0.1,0.1,0.1,0.1,0.1,0.1,0.1,0.1,0.1,0,0.1,0.1,0.1,0.1,0.1,0.1,0.1,0,0.1,0,0.1,0.1,0.1,0.1,0.1,0,0.1,0.1,0.1,0,0.1,0.1,0.1,0.1,0.1,0.1,0.1,0.2,0.1,0,0.1,0.1,0.1,0.1,0.1,0.1,0.1,0.1,0.1,-0.2,0.1,0.1,0.1,0.1,0.1,0.1,0.1,0.1,0.1,-0.2,0.1,0.1,0.1,0.1,0.1,0.1,0.1,0.1,0.1,-0.3,0.1,0.1,0.1,0.1,0.1,0.1,0.1,0.1,0.1,-0.1,0.1,0.1,0.1,0.1,0,0.1,0,-0.1
0.000161,0,0.1,0.1,0,0.1,0.1,0.1,0.1,0.1,0.1,0.1,0,0.1,0.1,0.1,0.1,0.1,0.1,0.1,0.1,0,0.1,0.1,0.1,0.1,0.1,0.1,0.1,0.1,0.1,0.1,0,0.1,0.1,0.1,0.1,0.1,0.1,0,0.1,0.2,0,0.1,0.1,0,0.1,0.1,0.1,0.1,0,0.2,-0.1,0.1,0.1,0.1,0.1,0.1,0.1,0.1,0.1,0.1,-0.2,0.2,0.1,0.1,0.1,0.1,0.1,0.1,0.1,0.1,-0.2,0.1,0.1,0,0.1,0.1,0.1,0.1,0.1,0.1,-0.3,0.1,0.1,0.1,0.1,0.1,0.1,0.1,0.1,0,0,0.1,0.1,0,0.1,0.1,0.1,0,-0.1
0.000161,0,0.1,0.1,0.1,0.2,0.1,0.1,0.1,0.1,0.1,0.1,-0.1,0.1,0.1,0.1,0.1,0.1,0.1,0.1,0.1,0.1,0.1,0.1,0.1,0.1,0.1,0.1,0.1,0.1,0.1,0.1,-0.1,0,0.1,0.1,0.1,0.1,0.1,0.1,0.1,0.1,0,0.1,0.1,0.1,0,0.1,0.1,0.1,0,0.1,0,0.1,0.1,0.1,0.1,0.1,0.1,0.1,0.1,0.1,-0.2,0.1,0.1,0.1,0.1,0.2,0.1,0.1,0.1,0.1,-0.3,0.1,0.1,0.1,0.1,0.1,0,0.1,0.1,0.1,-0.3,0.1,0.1,0.1,0.1,0.1,0.1,0.1,0.1,0.1,0,0.1,0.1,0.1,0.1,0.2,0,-0.1,-0.1
0.000162,0,0.1,0.1,0,0.1,0.1,0.1,0.1,0.1,0.1,0.1,0.1,0.1,0.1,0.1,0.2,0.1,0.1,0.1,0.1,0.1,0.1,0.1,0,0.1,0.1,0.1,0,0.1,0.1,0,-0.1,0,0,0.1,0.1,0.2,0.1,0.1,0.1,0.1,0,0.1,0.1,0.1,0.1,0.1,0.1,0.1,0.1,0.1,0,0.1,0.1,0,0.1,0.1,0.1,0.1,0.1,0.1,0,0.1,0.1,0.1,0.1,0.1,0.1,0.1,0,0.1,-0.2,0.1,0.1,0.1,0.1,0.1,0.1,0.1,0.1,0.1,-0.3,0.1,0.1,0.1,0.2,0.1,0.1,0.1,0.1,0.1,0,0.1,0.1,0.1,0,0.1,0.2,0,0
0.000162,0,0.1,0.1,0.1,0.1,0.1,0.1,0,0.1,0.1,0.1,0,0.1,0.1,0.2,0.2,0.1,0.1,0.1,0.1,0.1,0.1,0.1,0.1,0.1,0.1,0.1,0.1,0.1,0.1,0.1,-0.1,0.1,0.1,0.1,0.1,0.1,0.1,0.1,0.1,0,-0.1,0.1,0.1,0.1,0.1,0.1,0.1,0.1,0.2,0.1,-0.2,0.1,0.1,0.1,0.1,0.1,0.1,0.1,0.1,0.1,-0.1,0.1,0.1,0.1,0.1,0.1,0.1,0,0.1,0.1,-0.3,0.1,0,0.1,0.1,0.1,0.1,0.1,0.1,0.1,-0.3,0.1,0.1,0.1,0.1,0.1,0.1,0.1,0.1,0.1,0,0.1,0.2,0.1,0.1,0,0,0,0
0.000162,0,0.1,0.1,0.1,0.1,0.1,0.1,0.1,0.1,0,0,0,0.1,0.1,0.1,0.1,0.1,0.1,0.1,0.1,0.1,0,0,0.1,0,0.1,0.1,0.1,0.1,0.1,0.1,0,0.1,0.1,0.1,0.1,0.1,0,0.1,0.1,0.1,-0.1,0.1,0.1,0,0.1,0,0.1,0.1,0.1,0.1,-0.1,0.1,0.1,0.2,0.1,0.1,0.1,0.1,0.1,0.2,-0.1,0.1,0.1,0.1,0.1,0.1,0.1,0.1,0.1,0.1,-0.3,0.1,0.1,0.2,0.1,0.1,0.1,0.1,0.1,0.1,-0.3,0.1,0.1,0.1,0.1,0.1,0,0.1,0.1,0,-0.2,0.1,0.1,0.1,0.1,0.1,0.1,-0.1,0
0.000162,0.1,0.1,0.1,0.1,0.1,0.1,0.1,0.1,0.1,0.1,0,0.1,0.1,0.1,0.1,0.1,0.1,0,0.1,0.1,0.1,0,0.2,0.1,0.1,0.1,0.1,0.1,0.1,0.2,0.1,0.1,0.1,0.1,0.1,0.1,0.1,0.1,0.1,0,0.1,0,0.1,0.1,0.2,0.1,0.1,0.1,0.1,0.1,0.1,0,0.1,0.1,0.1,0.1,0.1,0.1,0.1,0.1,0.1,-0.1,0.1,0.1,0.1,0.1,0.1,0.1,0.1,0.1,0,-0.3,0.1,0.1,0.1,0.1,0.1,0.1,0,0,0.1,-0.2,0.1,0.1,0.1,0.1,0,0.1,0.1,0.1,0.1,-0.2,0,0.1,0.1,0.1,0.1,0.1,0,0
0.000162,0.1,0.1,0.1,0.1,0.1,0.1,0.1,0.1,0.1,0.1,0.1,0,0.1,0.1,0,0.1,0.1,0.1,0.1,0.1,0.1,0,0.1,0.1,0.1,0.1,0.1,0.1,0.1,0.1,0.1,0,0.1,0.1,0.1,0.1,0.1,0.1,0.1,0.1,0.1,-0.1,0.1,0.1,0.1,0.1,0.1,0.1,0.1,0.1,0.1,0,0.1,0.1,0.1,0.1,0.1,0.1,0.1,0.1,0.1,-0.1,0,0.1,0.1,0.1,0.1,0.1,0.1,0.1,0.1,-0.2,0.1,0.1,0.1,0.1,0.1,0.1,0.1,0.1,0.1,-0.2,0.1,0.1,0.1,0,0.1,0.1,0.1,0.1,0,-0.1,0.1,0.1,0.1,0.1,0.1,0.1,-0.1,0
0.000163,0,0.1,0.1,0.1,0,0.1,0.1,0.2,0.1,0.1,0.1,-0.1,0.1,0.1,0.1,0.1,0.1,0.1,0.1,0.1,0.1,0.1,0.1,0.1,0.1,0.1,0.1,0.1,0.1,0.1,0.1,0,0.1,0.1,0.2,0.1,0.1,0.1,0.1,0.1,0.1,0,0.1,0.1,0,0.1,0.1,0.1,0.1,0.1,0.1,0,0.1,0.1,0.1,0.1,0.1,0.1,0.1,0.1,0.1,-0.1,0.1,0.1,0.1,0.2,0.1,0.1,0.1,0.1,0.1,-0.3,0.1,0.1,0.1,0.1,0,0.1,0,0.1,0.1,-0.3,0.1,0.1,0,0.1,0.1,0.1,0.1,0.1,0.1,0,0.1,0.1,0.1,0,0.1,0.1,-0.1,0
0.000163,0,0.1,0.1,0.1,0.2,0,0.1,0.1,0.1,0.1,0.1,0,0.1,0.1,0.1,0.1,0.1,0,0.1,0.1,0.1,0,0.1,0.1,0.1,0.1,0.1,0.1,0.1,0.1,0.1,0,0.1,0.1,0.1,0.1,0.1,0.1,0.1,0.1,0.1,0.1,0.1,0,0,0.1,0.1,0.1,0.1,0.1,0.1,0,0.1,0.1,0.1,0.1,0.1,0.1,0.1,0.1,0.1,-0.1,0.1,0.1,0.1,0.1,0.1,0.1,0.1,0.1,0.1,-0.2,0.2,0.2,0.1,0.1,0.1,0.2,0.1,0.1,0.1,-0.2,0.1,0.1,0,0.1,0.1,0.1,0.1,0.1,0.1,-0.1,0.1,0.1,0.1,0.1,0.1,0.1,-0.1,0
0.000163,0,0.1,0.1,0.1,0,0.1,0.2,0.1,0.1,0.1,0.1,-0.1,0.1,0.2,0.1,0.1,0.1,0.1,0.1,0.1,0,0.1,0.2,0.1,0.1,0.1,0.1,0.1,0.1,0.1,0.1,0.1,0.1,0.1,0.1,0.1,0.1,0,0.1,0.1,0.1,-0.1,0,0.1,0.1,0.1,0.2,0.1,0.1,0.1,0.1,0,0.1,0.1,0.1,0.1,0.1,0.1,0.1,0.1,0.1,-0.1,0.1,0.1,0.1,0.1,0.1,0.1,0.1,0.1,0.1,-0.3,0.1,0.1,0.1,0.1,0.1,0.1,0.1,0.1,0.1,-0.2,0.1,0,0.1,0.1,0.1,0.1,0.1,0.1,0.1,-0.2,0.1,0.1,0.1,0.1,0.1,0.1,0,-0.1
0.000163,0,0.1,0.1,0.1,0.1,0.1,0.1,0.1,0.2,0.1,0.1,0,0.1,0.1,0.1,0,0.1,0.1,0.1,0,0.1,0,0,0.1,0,0.1,0.2,0.1,0.1,0.1,0.1,0,0.1,0.1,0.1,0.1,0.1,0.1,0,0.1,0.1,0,0.1,0.1,0.1,0.1,0.1,0.1,0.2,0.1,0.1,0,0.1,0.1,0.1,0.1,0.1,0.1,0.1,0,0.1,-0.3,0.1,0.1,0.1,0.1,0.1,0.1,0.1,0.1,0.1,-0.2,0,0.1,0.1,0.1,0,0.1,0.1,0.1,0.1,-0.2,0.1,0.1,0.1,0.2,0.1,0.1,0.1,0.1,0.1,-0.2,0.1,0.1,0.2,0.1,0.1,0.1,0,0
0.000163,0,0.1,0.1,0.1,0.1,0,0.1,0.1,0.1,0.1,0.1,-0.1,0.1,0.1,0.1,0.1,0.1,0.1,0.1,0.1,0.1,0,0.1,0.1,0.1,0.1,0.1,0.1,0.1,0.1,0.1,0,0.1,0.1,0.1,0.1,0.1,0.1,0.1,0.1,0.2,-0.1,0.1,0.1,0.1,0.2,0.1,0.1,0.2,0.1,0.1,0,0.1,0.1,0.1,0.1,0.1,0.1,0.1,0,0.1,-0.1,0.1,0.1,0.1,0.1,0.1,0.1,0.1,0.1,0.1,-0.2,0.1,0.1,0.1,0.1,0.1,0.1,0.1,0.1,0.1,-0.2,0.1,0.1,0.1,0.1,0.1,0.1,0,0.1,0,-0.2,0.1,0.1,0.1,0.1,0.1,0.2,0,-0.1
0.000164,0,0.1,0.1,0.1,0.1,0.1,0.1,0.1,0.1,0.1,0.1,0,0,0.1,0.1,0.1,0.1,0.1,0.2,0.1,0.1,0,0.1,0.1,0.1,0.1,0.1,0.1,0.1,0.1,0.1,0.1,0.1,0.1,0.1,0.1,0.1,0.1,0.1,0.1,0.1,-0.1,0.1,0.1,0.1,0.1,0.2,0.1,0.1,0.1,0.2,-0.1,0.1,0.1,0.1,0.1,0.1,0,0.1,0.1,0.1,-0.1,0.1,0.1,0.1,0.1,0.1,0.1,0.1,0.1,0.1,-0.2,0.1,0.1,0.1,0.1,0.1,0.1,0.1,0.1,0.1,-0.3,0.1,0.1,0.1,0.1,0,0.1,0.1,0.1,0.1,-0.1,0.1,0.1,0.1,0.1,0.1,0.1,0,-0.1
0.000164,0,0.1,0.1,0.1,0.1,0.1,0.1,0.1,0.1,0.1,0.1,0,0.1,0.1,0.1,0.1,0.1,0.1,0.1,0,0.1,0,0.2,0.1,0.1,0.1,0.1,0.1,0.1,0.1,0.1,0.1,0.1,0.1,0.1,0.1,0.1,0.1,0.1,0.2,0.1,0,0.1,0.1,0.1,0.1,0.1,0.1,0.1,0.1,0.1,0,0.1,0.1,0.1,0.1,0.1,0.1,0.1,0.1,0.1,-0.1,0.1,0.1,0.1,0.1,0.1,0.1,0.1,0.1,0.1,-0.3,0,0.1,0.1,0.1,0.1,0.1,0.1,0.1,0.1,-0.3,0.1,0.1,0.1,0.1,0.1,0,0.1,0.1,0.2,-0.2,0.1,0.1,0.1,0.1,0.1,0.1,0,0
0.000164,-0.1,0.1,0.1,0,0.1,0.1,0.1,0,0.1,0.1,0.1,0.1,0.1,0.1,0.2,0.1,0.1,0.1,0.1,0.1,0,0.1,0.1,0.1,0.1,0.1,0.1,0.1,0.1,0.1,0.1,0,0.1,0.1,0.1,0.1,0.1,0,0.1,0.1,0.1,-0.1,0.1,0.1,0,0.1,0.1,0.2,0.1,0.1,0.1,0,0.1,0.1,0.1,0.1,0.1,0.2,0.1,0.1,0.1,-0.2,0.1,0.1,0.1,0.1,0.1,0.1,0.1,0.1,0.1,-0.3,0.1,0.1,0.1,0.1,0.1,0.1,0.1,0.1,0.1,-0.3,0.1,0.1,0.1,0.1,0.1,0.1,0.1,0.1,0.1,-0.1,0.1,0.1,0.2,0.1,0,0,0,0
0.000164,-0.1,0.1,0,0.1,0.1,0.1,0,0.1,0.1,0.1,0.1,0,0.1,0.1,0.1,0.1,0.1,0.2,0.1,0.1,0.1,0,0.1,0.1,0.1,0.1,0.1,0.1,0.1,0.1,0.1,-0.1,0.1,0.1,0.1,0.1,0.1,0.1,0.1,0.1,0.1,-0.1,0.1,0,0.1,0,0.1,0.1,0,0.1,0.1,0,0.1,0.1,0.1,0.1,0.1,0.1,0,0.1,0.2,-0.1,0.1,0.1,0.1,0.1,0.1,0.1,0,0.1,0,-0.3,0.1,0.1,0.2,0.1,0.1,0.1,0.1,0.1,0,-0.3,0.2,0.1,0.2,0.1,0,0,0.1,0.1,0.1,-0.1,0.1,0.1,0.1,0.1,0.1,0.1,0,0
0.000164,0,0.1,0.1,0.1,0.1,0.1,0.1,0,0.1,0.1,0.1,0,0.1,0.1,0.1,0.1,0.1,0,0,0.1,0.1,0,0.1,0.1,0,0.1,0,0.1,0.2,0.1,0.2,0,0.1,0,0.1,0.1,0.1,0.1,0.1,0.1,0.1,0,0.1,0.1,0.1,0.1,0.1,0.1,0.1,0.1,0.1,-0.1,0.1,0,0.1,0.1,0.1,0.1,0.1,0.1,0.1,0,0.1,0.2,0.1,0.1,0.1,0.1,0.1,0.1,0.1,-0.2,0.1,0.1,0.1,0.1,0.1,0.1,0.1,0.1,0.1,-0.3,0.2,0.1,0.1,0.1,0.1,0.1,0.1,0.1,0.1,-0.2,0.1,0.1,0.1,0.1,0.1,0.1,0,0
0.000165,0,0.1,0.1,0,0.1,0.1,0.1,0.1,0.1,0.1,0.1,0,0.1,0.1,0.1,0.1,0.1,0.1,0.1,0.1,0,0,0.1,0,0.1,0.1,0,0.1,0.1,0.1,0.1,0,0.1,0.1,0.1,0.1,0.1,0.2,0.1,0.1,0.1,0,0.1,0.1,0.1,0.1,0.1,0.1,0.1,0.1,0.1,-0.1,0,0.1,0,0.1,0.1,0.1,0.1,0.1,0.1,-0.1,0.1,0.1,0,0.1,0.1,0,0.1,0,0.1,-0.3,0.1,0.1,0.1,0.1,0.1,0.1,0.1,0.1,0.1,-0.3,0.1,0.1,0.1,0.1,0.1,0,0.1,0.1,0.1,-0.2,0.1,0.1,0.1,0.1,0.1,0,-0.1,0
0.000165,0.1,0.1,0.1,0.1,0.1,0.1,0.1,0.1,0,0.1,0.2,0.1,0.2,0.1,0,0.1,0.1,0.1,0.1,0.1,0.1,0.1,0.1,0.1,0.1,0,0.1,0.1,0.1,0.1,0.1,0,0.1,0.1,0.1,0.1,0.1,0.1,0.1,0.1,0.1,0,0.1,0.1,0.1,0.1,0.1,0.1,0.1,0.1,0.1,0,0.1,0.1,0.1,0.2,0.1,0.1,0.1,0.1,0.1,-0.2,0.1,0.1,0.1,0.1,0.1,0.1,0.2,0.1,0.1,-0.3,0.1,0.1,0.1,0.1,0.1,0.1,0.1,0,0.1,-0.3,0.1,0.2,0.1,0.1,0,0.1,0.1,0.1,0.1,-0.2,0.1,0.2,0.1,0.1,0,0.1,0,0
0.000165,0,0.1,0.1,0.1,0,0,0.1,0.2,0.1,0.1,0.1,0.1,0.1,0.1,0.1,0.1,0.1,0.1,0.2,0.1,0.1,-0.1,0.1,0.1,0.1,0.1,0.1,0.1,0.2,0.1,0.1,0,0.1,0.1,0.1,0.1,0.1,0,0.1,0.1,0.1,0,0.1,0.1,0.1,0.1,0.1,0.1,0.1,0.1,0.1,0,0.1,0.1,0.1,0.1,0.1,0.1,0.1,0.1,0.1,-0.1,0.1,0.1,0.1,0,0.1,0.1,0.1,0.1,0.1,-0.2,0.1,0.1,0.1,0.1,0.1,0.1,0.1,0.1,0,-0.3,0.1,0.1,0.1,0.1,0.1,0.1,0,0.2,0.1,-0.2,0.1,0.1,0,0.1,0,0.1,0,-0.1
0.000165,0.1,0.1,0.1,0.1,0.1,0.1,0.2,0.1,0.1,0.1,0.1,0,0.1,0.2,0.1,0.1,0.1,0,0.1,0.1,0.1,0,0.1,0.1,0.1,0.1,0.1,0.1,0,0.1,0.1,0.1,0.1,0.1,0,0.1,0.1,0.1,0.1,0.1,0.1,0,0.1,0.1,0.1,0.1,0.1,0,0.1,0.1,0.1,0,0.1,0.1,0.1,0.1,0.1,0.1,0.1,0.1,0.1,-0.1,0.1,0.1,0.1,0.1,0.1,0.1,0.1,0.1,0.1,-0.3,0.1,0.1,0.1,0,0.1,0.1,0.1,0.1,0,-0.3,0.1,0.1,0.1,0.1,0.1,0.1,0.1,0,0.1,-0.1,0.1,0.1,0.1,0,0,0.1,-0.1,-0.1
0.000165,0.1,0.1,0.1,0.2,0.1,0.1,0,0.1,0.1,0.1,0.1,0,0.1,0.1,0,0.1,0.1,0.1,0.1,0.1,0,0.1,0,0.1,0.1,0.1,0.1,0.1,0.1,0.1,0,0,0.1,0.1,0.1,0.1,0.1,0.2,0.1,0.1,0.1,0.1,0.1,0.1,0.1,0.1,0.1,0.1,0.1,0.1,0.1,0,0.1,0.2,0.1,0.1,0.1,0.1,0.1,0.1,0,-0.1,0.1,0.2,0.1,0.1,0,0.1,0.1,0.1,0.1,-0.3,0.1,0.1,0.1,0.1,0.1,0.1,0.1,0.1,0.1,-0.3,0.1,0.1,0.1,0.1,0.1,0.1,0.1,0.1,0.1,-0.1,0.1,0.2,0,0.1,0.1,0.1,-0.1,0
0.000166,0,0.1,0.1,0.1,0,0.1,0.2,0.1,0.1,0.1,0.1,0.1,0.1,0.1,0.1,0.1,0.1,0,0.1,0.1,0.1,-0.1,0.1,0.1,0.1,0.1,0.1,0.1,0,0.1,0.1,0,0.1,0.1,0.1,0.1,0.1,0.1,0.1,0.1,0.1,-0.1,0,0.1,0.1,0.1,0.1,0.1,0.1,0.2,0.1,-0.1,0.1,0,0.1,0.1,0.1,0.1,0.1,0.2,0.1,-0.2,0.1,0.1,0.1,0.1,0.1,0.1,0.1,0.1,0.1,-0.3,0.1,0,0.1,0.1,0.1,0.2,0.1,0.1,0.1,-0.3,0,0.1,0.1,0.1,0.1,0.1,0.1,0.1,0.1,-0.1,0,0.1,0.1,0.1,0.1,0.1,0,-0.1
0.000166,-0.1,0.1,0.2,0.1,0.1,0.1,0.1,0.1,0.1,0.1,0.1,-0.1,0.1,0.1,0.1,0.1,0.1,0.1,0.1,0.1,0.1,0,0.1,0.1,0.1,0.1,0.1,0.1,0.1,0.1,0.1,0.1,0.1,0,0.1,0.1,0.1,0.1,0.1,0.1,0.1,0,0.1,0.1,0.1,0,0.1,0.1,0.1,0.1,0.1,0,0.1,0.1,0.1,0.1,0.1,0.1,0.1,0.1,0.1,-0.1,0.1,0.1,0.1,0.1,0.1,0.1,0.1,0.1,0.2,-0.2,0.1,0.1,0.2,0.1,0.1,0,0.1,0.1,0.1,-0.3,0,0.1,0.1,0.1,0.1,0.1,0.1,0.1,0.1,-0.1,0.1,0,0.1,0.1,0.1,0.1,0,0
0.000166,0,0.1,0.1,0.2,0.1,0.1,0.1,0.2,0.1,0.1,0.1,0,0.1,0.1,0.1,0,0.1,0.1,0.1,0.1,0.1,0,0,0.1,0.1,0.1,0.1,0.1,0.1,0.1,0.1,0,0.1,0.2,0.1,0,0,0.1,0.1,0.1,0.1,0,0.1,0.1,0.1,0.2,0.1,0.1,0.1,0.1,0.1,-0.1,0.1,0.1,0.1,0.1,0.1,0.1,0.1,0.1,0.2,-0.1,0.1,0.1,0.1,0.1,0.1,0.1,0.1,0.1,0.1,-0.2,0.1,0.1,0.1,0.1,0.1,0,0,0.1,0.1,-0.2,0.1,0.1,0.1,0.2,0.1,0.1,0.1,0.1,0,-0.2,0,0.1,0.1,0.1,0.1,0.1,-0.1,0
0.000166,0.1,0.1,0.1,0.1,0.1,0.1,0.1,0.1,0.1,0.1,0.1,0,0.1,0.1,0.1,0.1,0.1,0,0.1,0.1,0.2,0.1,0.1,0,0.2,0.1,0,0.1,0.1,0,0.1,0,0.1,0.1,0.1,0.1,0.1,0.1,0.1,0.1,0.1,0,0.1,0.1,0.1,0.1,0.1,0.1,0.1,0.1,0.1,0,0.1,0.1,0.1,0.2,0.1,0.1,0.1,0.1,0.1,-0.2,0.1,0.1,0.1,0.1,0.1,0.1,0.1,0.1,0.1,-0.2,0.1,0.1,0.1,0.1,0,0.1,0.1,0.1,0.1,-0.2,0.1,0.1,0.1,0.1,0.1,0.1,0.1,0.1,0.1,-0.2,0.1,0.1,0,0.1,0.1,0.1,-0.1,-0.1
0.000166,0,0.1,0.1,0.1,0,0.1,0.1,0.1,0.1,0.1,0.1,0,0.1,0.1,0.2,0,0.1,0.1,0.1,0.1,0.1,0.1,0.2,0.1,0.1,0.1,0.1,0.1,0.1,0.1,0.1,0,0.1,0.1,0.1,0.1,0.1,0.1,0.1,0.1,0.1,0,0.2,0.1,0.1,0.1,0.1,0.1,0.1,0,0.1,-0.1,0.1,0,0.1,0.1,0.1,0.1,0.1,0.1,0.1,-0.2,0.1,0.1,0.1,0.1,0.1,0.1,0.1,0.1,0.1,-0.2,0.1,0.1,0.1,0.1,0.1,0.1,0.1,0.1,0.1,-0.3,0.1,0.1,0.1,0,0.1,0.1,0.1,0.1,0.1,-0.2,0,0.1,0.1,0.1,0.1,0.1,-0.1,0
0.000167,0.1,0.1,0.1,0.1,0.1,0.1,0.1,0.1,0.1,0.1,0.1,0,0.1,0.1,0.2,0.1,0.1,0.1,0.1,0.1,0,0,0,0.1,0.1,0.1,0.1,0.1,0.1,0.1,0.1,0,0.1,0.1,0.1,0.1,0.1,0.1,0.1,0.1,0.1,0,0.1,0.1,0.1,0.1,0,0.1,0.1,0,0.1,-0.1,0.1,0.1,0.1,0.1,0.1,0.1,0.1,0.1,0.1,-0.1,0.1,0.1,0,0,0.1,0.1,0.1,0.1,0.1,-0.3,0.1,0.1,0.1,0.1,0.1,0.1,0.1,0.1,0.1,-0.3,0.1,0.1,0.1,0.1,0.1,0.1,0.2,0.1,0.1,-0.2,0.1,0.1,0.1,0,0.1,0.1,0,-0.1
0.000167,0,0.1,0.1,0.1,0.2,0.1,0.1,0.1,0.1,0.1,0.1,0.1,0.1,0.1,0.1,0.1,0.1,0.1,0,0.1,0,0,0.1,0.1,0.1,0.1,0.1,0,0.1,0.1,0.1,0,0.1,0.1,0.1,0.1,0.1,0.1,0.1,0.1,0.1,0.1,0.1,0.1,0.1,0.1,0.1,0,0.1,0.1,0,-0.1,0.1,0.1,0.1,0.1,0.1,0.1,0,0.1,0.1,-0.1,0.1,0.1,0.1,0.1,0.1,0.1,0.1,0.1,0.1,-0.2,0.1,0.1,0.1,0.1,0.1,0.1,0.1,0.1,0.2,-0.3,0.1,0.1,0.1,0.1,0,0.1,0.1,0.1,0.1,-0.1,0.1,0.1,0,0.1,0.1,0.1,0,-0.1
0.000167,0,0.1,0.1,0.1,0.1,0.1,0.1,0.2,0.1,0.1,0.1,0.1,0.1,0.1,0.1,0,0.1,0.1,0.1,0.1,0.1,0,0.1,0.1,0.1,0.2,0,0.1,0.1,0,0.1,-0.1,0.1,0.1,0.1,0.1,0.1,0.1,0.1,0.1,0.1,0,0.1,0.1,0,0,0.1,0.1,0.1,0.2,0.1,-0.1,0,0.1,0.1,0.1,0.1,0.1,0.1,0,0.1,-0.1,0.1,0.1,0.1,0.1,0.1,0.2,0.1,0.1,0.1,-0.1,0.2,0.1,0.1,0.1,0.2,0.1,0.1,0.1,0.1,-0.2,0.1,0.1,0.2,0,0.1,0.1,0.1,0.1,0,-0.1,0.1,0.1,0.1,0.1,0.1,0.1,0,-0.1
0.000167,0,0,0.1,0.1,0.1,0.1,0.1,0.1,0,0.2,0.1,0,0.1,0.1,0.1,0.1,0.1,0.1,0.1,0.1,0.1,0.1,0.1,0.1,0,0.1,0.1,0.1,0.1,0.1,0,-0.1,0,0.1,0.1,0.1,0.1,0.1,0.1,0.1,0.1,0,0.1,0.1,0.1,0.1,0.1,0.1,0.2,0,0.1,-0.1,0,0.1,0.1,0.1,0.1,0.1,0.1,0.1,0.1,-0.1,0.1,0.1,0.1,0.1,0.1,0.1,0.2,0.1,0.1,-0.3,0.1,0.1,0.1,0.1,0.1,0.1,0.1,0,0.1,-0.3,0.1,0.1,0.1,0.1,0.1,0.1,0.1,0.1,0.1,-0.1,0.1,0.1,0.1,0.1,0.1,0.1,0,0
0.000167,0,0.1,0.1,0.1,0.1,0.1,0.1,0.1,0.1,0.1,0.1,0.1,0.1,0.1,0.1,0.1,0.1,0.1,0.1,0.1,0.1,0,0.1,0.1,0.1,0.1,0.1,0.1,0.1,0.1,0.1,0.1,0.1,0.1,0.1,0.1,0.1,0.1,0.1,0.1,0.1,0,0,0.1,0.1,0.1,0.1,0.1,0.1,0.1,0.1,0,0.1,0.1,0.1,0.1,0.1,0.1,0.1,0.1,0.1,-0.1,0.1,0.1,0.1,0.1,0.1,0.1,0.1,0.1,0.1,-0.3,0.1,0.1,0.1,0.1,0.1,0,0.1,0,0.1,-0.3,0.1,0.1,0.1,0,0.1,0.1,0.1,0.1,0,-0.1,0.1,0.1,0.1,0.1,0.1,0.1,0,0
0.000168,0,0.1,0.1,0.1,0.1,0.1,0.1,0.1,0.1,0.1,0.1,0.1,0.1,0.1,0.1,0.1,0.1,0.1,0.1,0,0.1,0.1,0.1,0.1,0.1,0.1,0.1,0.1,0.1,0.1,0.1,0.1,0.1,0.1,0.1,0.1,0.1,0.1,0.1,0.1,0.2,0,0.1,0.1,0.1,0.1,0.1,0.1,0.1,0.1,0.1,0,0.1,0.1,0.1,0.1,0.1,0.1,0.1,0.1,0,-0.1,0.1,0.1,0.1,0.2,0.1,0.1,0.1,0.1,0,-0.3,0.1,0.1,0.1,0.1,0.1,0.1,0.2,0.1,0.1,-0.2,0.1,0.1,0.1,0.1,0.1,0.1,0.1,0.1,0.1,-0.1,0.1,0.1,0,0.1,0.1,0.1,-0.1,0
0.000168,0.1,0.1,0.1,0.1,0.1,0.1,0.1,0.1,0.1,0.1,0.1,0.1,0.1,0.1,0.1,0.1,0.2,0.1,0.1,0.1,0.1,0.1,0,0.1,0.1,0.1,0.1,0.1,0.1,0.1,0.1,-0.1,0.1,0.1,0.1,0.1,0.1,0.1,0.1,0.1,0.2,0,0.1,0.1,0.1,0.1,0.1,0.1,0.1,0,0.1,0,0.1,0.1,0.1,0.1,0.1,0.1,0.1,0.1,0.1,-0.1,0.1,0.1,0.1,0.1,0.1,0.1,0.1,0.1,0.1,-0.2,0.1,0.1,0.1,0.1,0.1,0.1,0.1,0.1,0.1,-0.3,0.1,0.1,0.1,0.1,0.1,0.1,0.1,0.2,0.1,-0.1,0.1,0,0,0.1,0.1,0.1,-0.1,0
0.000168,0,0.1,0.1,0.1,0.1,0.1,0.1,0.1,0.1,0.1,0.1,0,0,0.1,0.1,0,0.1,0.1,0.1,0.1,0.1,0.1,0.1,0.1,0.1,0.1,0.1,0.1,0.1,0.1,0.1,-0.1,0.2,0.2,0.1,0.1,0.1,0.1,0.1,0.2,0.1,0,0.1,0.1,0,0.1,0.1,0.1,0.1,0.1,0.1,-0.1,0.1,0.1,0.1,0.1,0.1,0.1,0.1,0.1,0.1,-0.1,0.1,0.1,0.1,0.1,0.1,0.1,0.1,0.1,0.1,-0.3,0.1,0.1,0.1,0.1,0.1,0.1,0.2,0.1,0.1,-0.3,0,0.1,0.1,0.1,0.1,0.1,0.1,0.1,0.1,-0.2,0.1,0,0.1,0,0.1,0.1,0,0
0.000168,0,0.1,0.1,0.1,0,0.1,0.1,0.1,0.1,0.1,0.1,0,0.1,0.1,0.1,0.1,0.1,0.1,0.1,0.1,0.1,0.1,0.1,0.1,0.1,0.1,0.1,0.1,0.1,0.1,0.2,0,0.1,0.1,0.1,0.1,0.1,0.1,0.1,0.1,0.1,-0.1,0.1,0.1,0.1,0,0.1,0.2,0.1,0.1,0.1,-0.1,0.2,0.1,0.1,0.1,0.1,0.1,0.1,0.1,0.1,-0.1,0.1,0.1,0.1,0.1,0,0.1,0.1,0,0.1,-0.2,0.1,0.1,0,0.1,0.1,0.1,0.1,0.1,0.1,-0.3,0.1,0.1,0.1,0.1,0.1,0.1,0.1,0.1,0.1,-0.1,0.1,0.1,0,0,0.1,0.1,-0.1,0.1
0.000168,0,0.1,0.1,0.1,0.2,0.2,0.2,0.1,0.1,0.1,0.1,0,0.1,0.1,0.2,0.1,0.1,0.2,0.1,0.1,0.1,0,0.1,0.1,0.1,0.1,0.1,0.1,0.1,0.1,0.2,-0.1,0.1,0.1,0.1,0.1,0.1,0,0.1,0.1,0.1,0,0.2,0.1,0,0.1,0.1,0.1,0.1,0.1,0.1,0,0.1,0.1,0,0.1,0.1,0.1,0,0.1,0.1,-0.1,0.1,0.1,0.1,0.1,0.1,0.1,0.1,0.1,0.1,-0.3,0.1,0.1,0.1,0.1,0,0.1,0.1,0.1,0,-0.3,0.1,0.1,0,0.1,0.1,0.1,0.1,0.1,0.1,-0.1,0.1,0,0.2,0.1,0.1,0.1,-0.1,-0.1
0.000169,0,0.1,0.1,0.1,0,0,0.1,0.1,0.1,0.1,0.1,0,0.1,0.1,0.1,0.1,0.1,0.1,0.1,0.1,0,0,0.1,0.1,0,0.1,0.1,0.1,0.1,0.1,0.1,0,0.1,0.1,0.1,0.1,0.1,0,0,0.1,0.1,0,0.1,0.1,0,0.1,0.1,0.1,0.1,0.1,0.1,-0.1,0.1,0.1,0.1,0.1,0,0.1,0.1,0.1,0.1,-0.1,0.1,0.1,0.1,0.1,0,0.1,0.1,0.1,0.1,-0.2,0.1,0.1,0.2,0.1,0.1,0.1,0.1,0.1,0.1,-0.3,0.1,0.1,0.1,0.2,0.1,0.1,0.1,0.1,0.1,-0.1,0.1,0,0.1,0.1,0.1,0.1,0,0
0.000169,0,0.1,0.2,0.1,0.1,0.1,0.2,0.1,0,0,0.1,0,0.2,0.1,0.1,0.1,0.1,0.1,0.1,0.2,0,0,0.1,0.2,0.2,0.1,0.1,0.1,0.1,0.1,0,0,0.2,0.1,0.1,0,0.1,0.1,0.1,0.1,0.1,0,0.1,0.1,0.1,0.1,0.1,0.1,0.1,0.1,0.1,-0.1,0.1,0.1,0.1,0.1,0.1,0.1,0.1,0.1,0.1,-0.1,0.1,0,0.1,0.1,0,0.1,0.1,0.1,0.1,-0.2,0.1,0.1,0,0,0.1,0.1,0.1,0.2,0.1,-0.2,0.1,0.1,0.1,0.1,0.1,0.1,0,0.1,0.1,-0.2,0.1,0.1,0.2,0.2,0.1,0.1,0,0
0.000169,0,0.1,0.1,0,0,0.1,0.1,0.1,0.1,0.1,0.1,0,0.1,0,0.1,0.1,0.1,0.1,0.1,0.1,0.2,-0.1,0.1,0.1,0.2,0.1,0.1,0.1,0.1,0,0.1,-0.1,0,0.1,0.1,0.1,0,0,0.1,0.1,0.1,0,0.1,0.1,0.1,0.1,0,0.1,0,0.1,0.1,0,0.1,0,0.2,0.1,0.1,0.1,0.1,0.1,0.1,-0.1,0.1,0.1,0.1,0,0.1,0.1,0.1,0.1,0.1,-0.3,0,0.1,0.1,0.1,0.1,0.1,0.1,0.1,0.1,-0.3,0.1,0.1,0.1,0.1,0.1,0.1,0.1,0.1,0.1,-0.1,0.1,0.1,0.1,0.1,0.1,0.1,-0.1,-0.1
0.000169,-0.1,0.1,0.1,0.1,0.1,0,0.1,0.2,0.2,0.1,0.1,0,0.1,0,0.1,0.2,0,0.1,0.1,0.1,0.1,0.1,0.1,0.1,0.1,0.1,0.1,0,0.1,0.1,0,0,0.1,0.1,0.1,0.1,0.1,0.1,0.1,0.1,0.1,0,0,0,0.1,0.2,0.1,0.1,0.1,0.1,0.1,0,0.1,0.1,0.1,0.1,0.1,0.1,0.1,0.1,0.1,0,0.1,0.1,0.1,0.1,0.1,0.1,0.1,0.1,0.1,-0.3,0.1,0.1,0.1,0.1,0.1,0.1,0.1,0.1,0.1,-0.3,0.1,0.1,0.1,0.1,0.1,0.1,0.1,0.2,0.1,-0.1,0.1,0.1,0.1,0.1,0.1,0.1,0,0
0.000169,0,0.1,0.1,0.1,0.1,0.1,0.1,0.1,0.1,0.1,0.1,0.1,0,0.1,0.1,0.1,0.1,0.1,0.1,0.1,0.1,0,0.1,0.1,0.1,0,0.1,0.1,0.1,0.1,0.1,0.1,0.1,0.1,0.1,0.1,0,0.2,0.1,0.1,0.1,0,0,0.1,0.2,0.1,0.1,0.1,0,0.1,0.1,0,0.1,0.1,0.1,0.1,0.1,0.1,0.1,0.1,0.1,-0.1,0.1,0.1,0.1,0.1,0.1,0.1,0.1,0.1,0.1,-0.3,0.1,0.1,0.1,0.1,0.1,0.1,0.1,0.1,0.1,-0.2,0.1,0.1,0.1,0.1,0.1,0.1,0.1,0.1,0.1,-0.1,0.1,0.1,0.1,0.1,0.1,0.1,-0.1,0
0.00017,0.1,0.1,0,0.1,0.1,0.1,0.1,0.1,0.1,0.1,0.1,-0.1,0.1,0.1,0.1,0,0.1,0.1,0.1,0.1,0.1,-0.1,0.1,0.1,0.1,0.1,0.1,0.1,0.1,0.1,0.1,0,0.1,0.1,0.1,0.1,0.1,0.1,0.1,0.1,0.1,-0.1,0.1,0.1,0.1,0.1,0.1,0.1,0.2,0.1,0.1,0,0,0.1,0,0.2,0.1,0.1,0.1,0.1,0.1,-0.1,0.1,0,0.1,0.1,0.1,0.1,0.1,0.1,0.1,-0.3,0.1,0.1,0.1,0.1,0.1,0.2,0.1,0,0.1,-0.3,0.1,0,0.1,0.1,0,0.1,0.1,0.1,0.1,-0.1,0.1,0.1,0.1,0.1,0.1,0,0,0
0.00017,0,0,0.2,0.1,0.1,0.1,0.1,0.1,0.1,0.1,0.2,0.1,0.1,0.1,0.1,0.1,0.1,0.1,0,0.1,0.1,0,0.1,0.1,0.1,0.1,0.1,0.1,0.1,0.1,0.1,0,0.2,0.2,0,0.1,0.1,0.1,0.2,0.1,0.1,0,0.1,0.1,0.1,0.1,0.1,0.1,0.1,0.1,0.1,0,0.1,0.1,0.2,0.1,0.1,0.1,0.1,0.1,0.1,-0.1,0.1,0.1,0.1,0.1,0.1,0.1,0.1,0.1,0.1,-0.2,0.1,0.1,0.1,0.1,0.1,0.1,0.1,0.1,0.1,-0.2,0.1,0.1,0.1,0.1,0.1,0.1,0.1,0.1,0.1,-0.1,0.1,0.1,0.1,0,0.1,0.1,0,0
0.00017,0,0.1,0.1,0.1,0.1,0.1,0.1,0.1,0.1,0.1,0.1,0.1,0.1,0.1,0.1,0.1,0.1,0.1,0.1,0.1,0,0,0.1,0.1,0.1,0.1,0.1,0.1,0.1,0.1,0.1,0,0.1,0.1,0.1,0.1,0.1,0.1,0.1,0.1,0.1,-0.1,0.1,0.1,0,0.1,0.2,0.1,0.1,0,0.1,0,0,0.1,0.1,0.1,0.1,0.1,0.1,0.1,0.1,-0.1,0.2,0.1,0.1,0.1,0.1,0.1,0.1,0.1,0.1,-0.3,0.1,0.1,0.1,0.1,0.1,0.1,0.1,0.1,0.1,-0.3,0.1,0.1,0.1,0.1,0.1,0.1,0.1,0.1,0.1,-0.1,0.1,0.1,0.1,0.1,0.1,0.1,0,0
0.00017,0,0.1,0.1,0.2,0.1,0.1,0.1,0,0.1,0.1,0.1,0.1,0.1,0.1,0.1,0.1,0.2,0.1,0.1,0.1,0.1,0,0.1,0.1,0.1,0.1,0.1,0.1,0.1,0.2,0.1,0,0.1,0.1,0.1,0.1,0.1,0.1,0.1,0.1,0,0,0.2,0.1,0.1,0.1,0,0.1,0.1,0.1,0.2,0,0.1,0.1,0.1,0.1,0.1,0.1,0.1,0.2,0.1,0,0.1,0.1,0.1,0.1,0.1,0.1,0.1,0.1,0.1,-0.3,0.1,0.2,0.1,0.1,0.1,0.1,0.1,0.1,0.1,-0.2,0.1,0.1,0.1,0,0.1,0.1,0.1,0.1,0.1,-0.1,0.1,0.1,0.1,0.1,0.1,0.1,0,0
0.00017,0,0.1,0.1,0.1,0.1,0.1,0.1,0.1,0,0.1,0.2,0,0.1,0.1,0.1,0.1,0,0.1,0.1,0.1,0.1,0,0.1,0.1,0,0.1,0.1,0.1,0.1,0.1,0.1,0,0.1,0.1,0.1,0.1,0.1,0,0.1,0,0.1,0.1,0.1,0.1,0.1,0.1,0.1,0.1,0.1,0.1,0.1,-0.1,0.1,0.1,0.1,0.1,0.2,0.1,0,0.2,0.1,0,0.1,0.1,0.1,0.1,0.1,0.1,0.1,0.1,0.1,-0.2,0.1,0.1,0.1,0.1,0.2,0.1,0.1,0.1,0.1,-0.3,0.1,0.1,0.1,0,0.1,0.1,0.1,0,0.1,-0.1,0.1,0.1,0.1,0.1,0.1,0.1,-0.1,-0.1
0.000171,0,0.1,0.1,0.1,0.1,0.1,0.1,0.1,0.1,0.1,0.1,0,0.1,0.1,0.1,0.1,0.1,0.1,0.1,0.1,0.1,0,0.1,0.1,0.1,0.1,0.1,0,0.1,0.1,0.1,0,0.1,0.1,0.1,0,0.1,0.1,0.1,0.1,0.1,0.1,0.1,0.1,0.1,0.2,0.1,0.1,0.1,0.1,0,0,0.1,0.1,0.1,0.1,0.1,0.1,0.1,0.1,0.1,-0.2,0.1,0.1,0.1,0,0.2,0.1,0.2,0.2,0.1,-0.2,0.2,0.1,0.1,0.1,0.1,0.1,0.1,0.1,0.1,-0.3,0,0.1,0.1,0.1,0.1,0.1,0.1,0.2,0.1,-0.1,0.1,0.1,0.1,0.1,0.1,0.1,-0.1,0
0.000171,0,0.1,0.1,0.1,0.1,0.1,0.1,0.1,0,0,0.1,-0.1,0.1,0.1,0.1,0.1,0,0.1,0.1,0.1,0.1,0,0.1,0.1,0,0.1,0.1,0.1,0.1,0.1,0.1,0,0.1,0.1,0.1,0.1,0.1,0.1,0.1,0.1,0.1,0,0.1,0.1,0.1,0.1,0.1,0.1,0.1,0.1,0.1,-0.1,0.1,0.1,0.1,0.1,0.1,0.1,0.1,0.1,0,-0.1,0,0.1,0,0,0.1,0.1,0.1,0.1,0.1,-0.1,0.2,0.1,0.1,0.2,0.1,0.1,0.1,0.1,0.1,-0.2,0.1,0.1,0.1,0.1,0.1,0.1,0.1,0.1,0.1,-0.1,0.1,0.1,0.1,0.1,0.1,0.1,-0.1,-0.1
0.000171,0.1,0.1,0,0.1,0.1,0.2,0.1,0.2,0.1,0.1,0.1,0,0.1,0.1,0.1,0.1,0.1,0.1,0,0.1,0.1,0,0.1,0.1,0.1,0.1,0.2,0.1,0.1,0.1,0.1,-0.1,0.1,0.1,0.1,0.1,0.1,0.1,0.1,0.1,0.1,0.1,0.1,0.2,0.1,0.1,0,0.1,0.1,0.1,0.1,-0.1,0.1,0.1,0,0.1,0.1,0.1,0.1,0,0.1,-0.1,0.1,0.1,0.1,0.1,0.1,0.1,0,0.1,0.1,-0.2,0.1,0.1,0.1,0.2,0.1,0.1,0.1,0.1,0.1,-0.2,0.1,0,0.1,0.1,0.1,0.1,0.1,0.1,0.1,-0.2,0.1,0.1,0,0.1,0.1,0.1,-0.1,-0.1
0.000171,0,0.1,0.1,0.1,0.1,0.1,0.1,0.1,0.1,0.1,0.1,0,0.1,0.1,0.1,0.1,0.1,0.1,0.1,0.1,0,0,0.1,0.2,0.2,0.1,0,0.1,0.1,0.1,0,0,0.1,0.1,0.2,0.1,0.1,0.1,0.1,0.1,0.1,0,0.1,0.1,0.1,0.1,0.1,0.1,0,0,0.1,0,0.1,0,0.1,0.1,0.1,0.1,0,0.1,0.1,-0.1,0.1,0,0.1,0,0.1,0.1,0.1,0.1,0.1,-0.2,0.1,0.1,0.1,0.1,0.1,0.1,0.1,0.1,0.2,-0.2,0.1,0.1,0.1,0.1,0.1,0.1,0.1,0.1,0,-0.1,0.1,0.1,0.1,0,0.1,0.1,0,0
0.000171,0,0.1,0.1,0.1,0.1,0.1,0.1,0.1,0.1,0.1,0.1,0,0.1,0.1,0.1,0.1,0.1,0.1,0.1,0.1,0.1,0.1,0.1,0,0.1,0.1,0.1,0.1,0,0.1,0.1,0,0.1,0.1,0.1,0.2,0.1,0.1,0.1,0.1,0.2,0,0.1,0.1,0.1,0.1,0.1,0.1,0.1,0.1,0.1,0,0.1,0.1,0.1,0.1,0.1,0.1,0.1,0.1,0.2,-0.2,0.1,0.1,0.1,0.1,0.1,0,0.1,0.1,0.1,-0.3,0,0.1,0.1,0.1,0,0.1,0.1,0.1,0.1,-0.2,0.1,0.1,0.1,0.1,0.1,0.1,0.1,0.1,0.1,-0.1,0.1,0.1,0.1,0.1,0.1,0.1,0,0
0.000172,0,0.1,0.1,0.1,0.1,0.1,0.1,0.1,0.1,0.1,0.1,0,0.1,0.1,0.1,0.1,0.1,0.1,0.1,0.1,0.1,0,0.1,0.1,0.1,0.1,0.1,0,0.1,0,0.1,0,0.1,0.1,0.1,0.1,0.1,0.1,0.1,0.1,0.1,0,0.1,0.1,0.1,0.1,0.1,0.1,0.2,0.1,0.1,-0.1,0.1,0.1,0.1,0.1,0.1,0.1,0.1,0.1,0.1,-0.2,0.1,0.1,0.1,0.1,0.1,0.1,0.1,0.1,0.1,-0.3,0.1,0.2,0.1,0,0.1,0.2,0.1,0.1,0.1,-0.2,0,0.1,0.1,0.1,0,0.1,0.1,0.1,0.1,0,0.1,0.1,0.1,0.1,0.1,0.1,0,0
0.000172,0.1,0.2,0.1,0.1,0.1,0.1,0.1,0.1,0.1,0.1,0.1,0,0.1,0.1,0.1,0.1,0,0.1,0.1,0.1,0,0.1,0.1,0.1,0.1,0.1,0.1,0.1,0.1,0.1,0.1,-0.1,0.1,0.1,0.1,0.1,0.1,0.1,0.1,0.1,0.1,0,0.1,0.1,0.1,0.1,0.1,0.1,0.1,0.1,0.1,0,0.1,0.1,0.2,0,0.1,0.1,0,0.1,0.1,-0.2,0.1,0.1,0.1,0.1,0.1,0.1,0.1,0,0.1,-0.3,0.1,0.1,0.1,0.1,0.1,0.2,0.1,0.1,0,-0.2,0.1,0.2,0.1,0.1,0.1,0.1,0.1,0.1,0.1,-0.1,0.1,0.1,0.1,0.1,0.1,0.1,0,0
0.000172,0,0.1,0.1,0.1,0.1,0.1,0.1,0.2,0.1,0.1,0.1,0,0.1,0.2,0.1,0.1,0.1,0.1,0.1,0.1,0.2,0,0.1,0.1,0.1,0.1,0.1,0.1,0.1,0.1,0.1,0.1,0,0.1,0.1,0.1,0.2,0.1,0.1,0.1,0.1,0,0,0.1,0.2,0.1,0.1,0.1,0.1,0.2,0,-0.1,0,0.1,0,0.1,0.1,0.1,0.1,0.1,0.1,-0.1,0.1,0.1,0.1,0.2,0.1,0.1,0.1,0.1,0.1,-0.3,0.1,0.1,0.1,0.1,0.1,0.1,0.1,0,0.1,-0.3,0,0.1,0.1,0.1,0.1,0.1,0.1,0.1,0,-0.1,0.1,0.1,0.1,0.1,0.2,0.1,0,0
0.000172,0,0.1,0.2,0.1,0.1,0.1,0.1,0.1,0.1,0.1,0.1,0,0.1,0.1,0.1,0.1,0.1,0.1,0.1,0.1,0,0,0.1,0.1,0.1,0.1,0.1,0.1,0.1,0.1,0.1,0,0.1,0.1,0.1,0.1,0.2,0,0.1,0.1,0.1,0.1,0.1,0.2,0.1,0.1,0.1,0.1,0.1,0.1,0.1,0,0.1,0.1,0.1,0.1,0.1,0.1,0.1,0,0.1,-0.1,0.2,0.1,0.2,0.1,0.1,0.1,0.1,0.1,0.1,-0.3,0.1,0.1,0.1,0.1,0.2,0.1,0.1,0.1,0.1,-0.3,0.1,0.1,0.1,0.2,0.1,0.1,0.1,0.2,0.1,-0.1,0.1,0.1,0,0.1,0.1,0,0,-0.1
0.000172,0,0.1,0.1,0.2,0.1,0.1,0.1,0.1,0.1,0.2,0.1,0,0.1,0.1,0.1,0.1,0.1,0,0.1,0.1,0.1,-0.1,0.1,0.1,0.1,0.2,0.1,0.2,0.1,0.1,0.1,0,0.1,0.2,0.1,0.1,0.2,0,0,0.1,0.1,0.1,0.1,0.1,0.1,0.1,0.1,0.1,0.1,0.1,0.1,0,0.1,0.1,0.1,0.1,0.1,0.1,0.1,0.1,0,0,0.1,0.1,0.2,0.1,0.1,0.1,0.1,0.1,0.1,-0.2,0,0.1,0.1,0.1,0.1,0.1,0.1,0.1,0.1,-0.2,0.1,0.1,0.1,0.1,0.1,0.2,0.1,0.1,0,-0.1,0.1,0.1,0.1,0.1,0.1,0,0,0
0.000173,-0.1,0.1,0.1,0,0.1,0.1,0.1,0.1,0,0.1,0.1,0,0.1,0.1,0,0.1,0.1,0.1,0.1,0.1,0.1,-0.1,0.1,0,0,0.1,0.1,0.1,0.1,0.1,0.1,0,0.1,0.1,0,0.1,0.1,0,0.1,0.1,0.1,0.1,0,0.1,0.1,0.1,0.2,0.1,0.1,0.1,0.1,0,0.1,0.2,0.1,0.1,0.1,0.2,0.1,0.1,0.1,0,0.1,0.1,0.1,0.1,0.1,0.1,0.1,0.1,0.1,-0.2,0.1,0.1,0.1,0.1,0.1,0.1,0.1,0.1,0.1,-0.3,0,0.1,0.1,0.2,0.1,0.1,0.1,0.1,0.1,-0.1,0.1,0.1,0.1,0.1,0.2,0.1,-0.1,0
0.000173,0,0.1,0.1,0.1,0.1,0.1,0.1,0,0.1,0.1,0.2,0,0.1,0.1,0.1,0.2,0.1,0.1,0.1,0.1,0.1,0,0.1,0.1,0.1,0.1,0.1,0.1,0.1,0.1,0.1,0,0.1,0.2,0.1,0.1,0.1,0,0.1,0.1,0.1,0,0.1,0.1,0.1,0.1,0.1,0.1,0.1,0.1,0.1,-0.1,0.1,0.1,0.1,0.1,0.1,0.1,0.1,0.1,0.1,-0.1,0.1,0.1,0.1,0,0.1,0.1,0.1,0.1,0.1,-0.3,0.1,0.1,0,0.1,0.1,0,0.1,0.1,0.1,-0.3,0.1,0.1,0.1,0.1,0.1,0.1,0.1,0.1,0.1,-0.1,0.1,0.1,0.1,0.1,0.1,0.1,-0.1,0.1
0.000173,0.1,0.1,0.1,0.1,0.1,0.1,0.1,0,0.1,0.1,0.1,0,0,0.1,0.1,0,0.1,0.1,0.1,0.1,0.1,0,0.1,0.1,0.1,0.1,0.1,0.1,0.1,0.1,0.1,0,0.1,0,0.1,0.1,0.1,0.1,0.1,0.1,0.1,0,0,0.1,0.1,0.1,0.1,0.1,0.1,0.1,0.1,0,0.1,0.1,0.1,0.1,0.1,0.1,0.1,0.1,0,-0.1,0.1,0.1,0.1,0.1,0,0,0.1,0.1,0.1,-0.2,0,0.1,0.1,0.1,0.1,0.1,0.1,0.1,0.1,-0.3,0.1,0.1,0.1,0.1,0.1,0.1,0.1,0.1,0.1,-0.1,0.2,0.1,0.1,0.1,0.1,0.1,-0.1,0
0.000173,0,0.1,0.1,0.1,0.1,0.1,0.1,0.1,0.1,0.1,0.1,0,0.1,0.1,0.1,0.2,0.1,0.1,0.1,0,0.1,0,0.1,0.1,0.1,0.1,0.1,0.1,0.1,0.1,0.1,0,0.1,0.1,0.1,0.1,0.1,0.1,0.1,0.1,0.1,0.2,0,0.1,0,0.1,0.1,0.1,0,0.1,0.1,-0.1,0,0.1,0.1,0.1,0.1,0.1,0.1,0,0.1,-0.1,0.1,0,0.1,0.1,0.1,0,0.1,0.1,0.1,-0.3,0.2,0,0.1,0.1,0.1,0.1,0.1,0.1,0.1,-0.2,0.1,0.1,0.2,0.1,0.1,0.1,0.1,0,0.1,-0.1,0.1,0.1,0.1,0.1,0.1,0.1,0,0
0.000173,0,0.1,0.1,0.1,0.1,0.2,0.1,0.1,0.1,0,0.1,0,0.1,0.1,0.1,0.1,0.1,0.1,0.1,0.1,0.1,0.1,0.1,0.1,0.1,0.1,0.1,0.1,0.1,0.1,0.1,-0.1,0.1,0.1,0.1,0.1,0.1,0.1,0.1,0.1,0.1,0,0,0.1,0.1,0.1,0.1,0.1,0,0.1,0.1,0,0.1,0.1,0.1,0,0.1,0.1,0.1,0.1,0.1,-0.1,0,0.1,0.1,0.1,0.1,0.1,0.1,0.1,0.1,-0.2,0.1,0.1,0.1,0.1,0.1,0.1,0.1,0.1,0.1,-0.2,0,0.1,0.1,0.1,0.1,0.1,0.1,0,0.1,-0.1,0.1,0.1,0,0.1,0.1,0.1,-0.1,0
0.000174,0,0.1,0.1,0.1,0.1,0.1,0.1,0.1,0.1,0.1,0.1,-0.1,0.2,0.1,0.1,0.1,0.1,0.1,0.1,0.1,0.1,0.1,0.1,0.1,0.1,0.1,0.1,0.1,0.1,0.1,0.1,0,0.1,0.1,0.1,0,0.1,0.1,0,0.1,0.2,0,0.1,0.1,0.1,0.1,0.1,0.1,0.1,0.1,0.1,0,0.1,0.1,0.1,0.1,0.1,0.2,0.1,0.1,0.1,-0.2,0.1,0.1,0.1,0,0.1,0.1,0.1,0.1,0.1,-0.2,0.1,0.1,0.1,0.1,0,0.2,0.1,0.2,0.1,-0.3,0.1,0.1,0.1,0,0.1,0.1,0.1,0.1,0.1,0,0.1,0,0.1,0.1,0.2,0.1,0,0
0.000174,0,0.1,0.1,0.1,0.1,0.1,0.1,0.1,0.1,0.1,0,0,0.1,0.1,0.1,0.1,0,0.1,0.1,0,0.1,0.1,0.1,0.1,0.1,0.1,0.1,0.1,0,0.1,0.1,-0.1,0.1,0.1,0.1,0.1,0.1,0.1,0,0.1,0.1,0,0.1,0.1,0.1,0.1,0.1,0.1,0.1,0.1,0.1,-0.1,0.1,0.1,0.1,0.1,0,0.1,0.2,0.1,0.1,-0.2,0.1,0.1,0,0.1,0.1,0.1,0.1,0,0.1,-0.3,0.1,0.2,0.1,0.1,0.1,0.1,0.1,0.1,0.1,-0.2,0.1,0,0,0.1,0.1,0.1,0,0.1,0.1,-0.1,0.1,0.1,0.1,0.1,0.1,0.2,0,0
0.000174,0,0.1,0.1,0.1,0.1,0.1,0.2,0.1,0.1,0.1,0.1,-0.1,0.1,0.1,0.1,0.1,0,0.1,0.2,0.1,0.1,0,0.1,0.1,0.1,0.1,0.1,0.1,0.1,0.1,0.1,0,0.1,0.1,0.1,0.1,0.1,0.1,0.1,0.1,0.1,0,0.1,0.1,0.1,0.1,0.2,0.1,0.1,0.1,0.2,-0.1,0.1,0,0.1,0.1,0.1,0.1,0.2,0,0.1,-0.1,0.1,0.1,0.1,0.1,0,0,0.2,0.1,0.1,-0.3,0.1,0.1,0.1,0.1,0,0.1,0.1,0.1,0.1,-0.2,0.1,0.1,0.1,0.1,0.1,0.1,0.1,0.1,0.1,-0.1,0.1,0.2,0.1,0.2,0.1,0.1,-0.1,0
0.000174,0,0.1,0.1,0.1,0.1,0.1,0.1,0.1,0.1,0.1,0.1,0,0.1,0.1,0.1,0.1,0.1,0.1,0.1,0.1,0.2,0.1,0.1,0.2,0.1,0.1,0.2,0.1,0.1,0.1,0.1,0,0.2,0.1,0.1,0.1,0.1,0.1,0.1,0.1,0.2,0,0,0.1,0.1,0.1,0.1,0,0,0.1,0.1,-0.1,0.2,0.1,0.1,0.1,0.1,0.1,0.1,0.1,0.1,-0.1,0.1,0,0.1,0.1,0,0.1,0.1,0,0.1,-0.2,0.1,0.1,0,0.1,0.1,0.1,0.1,0.1,0.1,-0.2,0.1,0,0,0.1,0.1,0.1,0.1,0.1,0,-0.1,0.2,0.1,0.1,0,0.1,0.1,0,0
0.000174,0,0.1,0.1,0.1,0.1,0.2,0.1,0.1,0.1,0.1,0.1,0,0,0,0.1,0.1,0.2,0,0,0.2,0.1,0,0.1,0.1,0.1,0.2,0.1,0.1,0.2,0.1,0.1,0,0.1,0.1,0.1,0.1,0.1,0.1,0.1,0.1,0,0.1,0.1,0.1,0,0.1,0.1,0.1,0,0.1,0.1,0,0.1,0.1,0.1,0.1,0.1,0.1,0.1,0,0.1,-0.1,0,0.1,0.1,0.1,0.1,0,0.1,0.1,0.1,-0.3,0.1,0,0.1,0.1,0.1,0.1,0.1,0,0.1,-0.2,0.1,0.1,0.1,0.1,0,0,0.1,0.1,0.1,-0.1,0,0.1,0.1,0,0.1,0.1,0,0
0.000175,0,0.1,0.1,0.1,0,0.1,0.2,0.1,0.1,0.1,0.1,0,0.1,0.1,0.1,0.1,0.1,0.1,0.1,0.1,0,0,0,0.1,0.1,0.1,0.2,0.1,0.1,0.1,0.1,-0.1,0.1,0,0.1,0.1,0,0.2,0.1,0.1,0.1,0,0.1,0.1,0.1,0.1,0.1,0.1,0.1,0.1,0,0,0.1,0,0.1,0.1,0.1,0.1,0.1,0,0.1,-0.1,0.1,0.1,0.2,0.1,0.1,0,0,0.1,0.1,-0.2,0.1,0.1,0.1,0.1,0,0.1,0.2,0,0.1,-0.2,0.1,0.1,0.1,0.1,0.1,0,0.1,0,0.1,-0.1,0.1,0.1,0.1,0.1,0.1,0,0,0
0.000175,0,0.2,0.1,0.1,0,0.1,0.2,0.1,0.1,0.1,0,0,0.1,0.1,0.1,0.1,0.1,0.1,0.1,0.1,0.1,0,0.1,0.1,0.1,0.1,0.1,0.1,0.1,0,0.1,0,0.1,0.1,0.1,0.1,0.1,0.1,0.1,0,0.1,0,0.1,0.1,0.1,0.1,0.1,0.1,0.1,0.1,0.1,0.1,0.1,0.1,0.1,0.2,0.1,0,0.1,0.1,0.1,-0.1,0.1,0.1,0.1,0.1,0.1,0.1,0.1,0.1,0.1,-0.2,0.1,0.1,0.1,0.1,0.1,0.1,0.1,0.1,0,-0.3,0.2,0.1,0.1,0.1,0.1,0.1,0.1,0.1,0.1,-0.1,0.1,0,0.1,0.1,0.1,0.1,-0.1,0
0.000175,0,0.1,0.1,0.1,0.1,0.1,0.1,0.1,0.1,0.1,0,0,0.1,0.1,0.2,0.1,0.1,0.1,0.1,0.1,0.1,0,0.2,0.1,0.1,0.1,0.1,0.1,0.1,0,0.1,0,0,0.1,0.1,0.1,0.1,0.1,0.1,0.1,0.1,0,0.1,0.1,0.1,0.1,0.1,0,0.1,0.1,0.1,0,0,0.1,0,0.1,0.1,0.1,0,0.1,0.1,-0.1,0,0.1,0,0.1,0.1,0.1,0.1,0.1,0.1,-0.1,0.1,0.1,0.1,0.1,0.1,0.1,0.1,0,0.1,-0.2,0.1,0.1,0.1,0.1,0.1,0.1,0.1,0.1,0.1,-0.1,0.1,0.1,0,0.1,0.2,0.2,-0.1,0.1
0.000175,-0.1,0.2,0.1,0.1,0,0.1,0.1,0,0.1,0.1,0.1,0,0.1,0.1,0.1,0.1,0.1,0.1,0.1,0.1,0.1,0.1,0,0.1,0.1,0.1,0.1,0.1,0.1,0.1,0.1,0,0.1,0.1,0.1,0,0.1,0.1,0.1,0,0.1,0,0.1,0.1,0.1,0.1,0.1,0.1,0.2,0.1,0.1,0,0.2,0.1,0.1,0.1,0.1,0.1,0.1,0.1,0.1,0,0.1,0.1,0.1,0.1,0.1,0.1,0.1,0.1,0,-0.2,0.1,0.2,0.1,0.1,0,0.1,0.1,0.1,0.1,-0.2,0.1,0.1,0.1,0.2,0.1,0.1,0.1,0.1,0.1,-0.1,0.1,0.1,0.1,0.1,0.1,0.1,0,0
0.000175,0,0.1,0.1,0.1,0.1,0.1,0.1,0.1,0.1,0.1,0.1,0,0.1,0.1,0.1,0.1,0.1,0,0.1,0.1,0.1,-0.1,0,0.1,0.1,0.1,0.1,0.1,0.1,0.1,0.1,0.1,0.1,0.1,0.1,0.1,0,0,0,0.1,0.1,0,0.1,0.1,0,0.1,0.1,0.1,0.1,0.1,0.2,-0.1,0.1,0,0.1,0,0.1,0.1,0.1,0.2,0.1,0,0,0.1,0.1,0.1,0.1,0.1,0.1,0.1,0.1,-0.2,0.1,0.1,0,0.1,0.1,0.1,0,0,0.2,-0.3,0.1,0.1,0.1,0.1,0.1,0.1,0,0.1,0.1,0,0,0.1,0.1,0.1,0,0.1,0,0
0.000176,0,0.1,0.1,0.1,0.1,0.2,0.1,0.1,0.2,0.1,0.1,0.1,0.1,0.1,0.1,0.1,0.1,0.1,0.1,0.1,0.1,0,0.1,0.2,0.1,0.1,0.1,0.1,0,0.1,0.1,0,0.1,0.1,0.1,0.1,0.1,0.1,0.1,0.1,0.1,0.1,0.1,0.1,0,0.1,0.1,0.1,0.1,0.1,0.1,0,0.1,0.1,0.1,0.1,0.1,0.1,0.1,0.1,0,-0.1,0.1,0.1,0,0.1,0.1,0.1,0.1,0.1,0.1,-0.2,0.1,0.1,0.1,0.1,0.1,0.1,0,0.1,0,-0.3,0.1,0.1,0,0.1,0.1,0.1,0.1,0.1,0,-0.1,0.1,0,0.1,0.1,0.2,0.1,0.1,0.1
0.000176,0.1,0.1,0.1,0.2,0.1,0.1,0.1,0.1,0.2,0.1,0.1,0,0.1,0.1,0.1,0.1,0.1,0.1,0.1,0.1,0,0.1,0.1,0,0.1,0.1,0.1,0.1,0.1,0.1,0.1,0,0.1,0.1,0,0.1,0.1,0.1,0.1,0.1,0,0.1,0,0.1,0.1,0.1,0.1,0.1,0,0.2,0.1,-0.1,0.1,0.1,0.1,0.1,0.1,0,0.1,0.1,0.1,-0.1,0.1,0,0.1,0.1,0.1,0.1,0.1,0.1,0.1,-0.2,0.1,0.1,0.1,0.1,0,0.1,0.1,0.1,0.1,-0.3,0.1,0.1,0.1,0.1,0.2,0.1,0.1,0.1,0,-0.1,0.1,0.1,0.1,0.1,0.1,0.1,0,0.1
0.000176,0.1,0.2,0.1,0.1,0.1,0.1,0.1,0.1,0.1,0.1,0.1,0.1,0,0.1,0.1,0.1,0.1,0.1,0,0.1,0.2,0.1,0.1,0.1,0.1,0.1,0.1,0.2,0.1,0.1,0.2,0,0.1,0.1,0.1,0.1,0.1,0.1,0.1,0.1,0,0.1,0.1,0,0.1,0.1,0.1,0.2,0.1,0.1,0.1,-0.1,0,0.1,0.1,0.1,0.1,0.1,0.1,0.2,0.1,-0.1,0.1,0.1,0.1,0.1,0.1,0.1,0.1,0.1,0.1,-0.2,0.1,0.1,0.1,0.1,0.1,0.1,0.2,0.1,0.1,-0.1,0.1,0.1,0.1,0.1,0.1,0.1,0.1,0,0.1,0,0.1,0.1,0.1,0.2,0,0.1,0,0.1
0.000176,0,0.1,0.1,0.1,0.1,0.1,0.2,0.1,0,0.1,0.1,-0.1,0.1,0.1,0.1,0.1,0.1,0.1,0.1,0,0.1,0,0.1,0.1,0.1,0.1,0,0,0.1,0.1,0.1,0,0.1,0.1,0.1,0.1,0.1,0.1,0.1,0.1,0.1,0.1,0.1,0.1,0.1,0.1,0.1,0.1,0.1,0.1,0.1,0,0,0,0.1,0.1,0,0.1,0.1,0.1,0.1,-0.1,0.1,0,0.1,0.1,0.1,0.1,0.1,0.1,0.1,-0.2,0.1,0.1,0.1,0.1,0,0.1,0.1,0.1,0.1,-0.2,0.1,0,0.2,0.2,0.1,0.1,0.1,0.1,0.1,0,0.1,0.1,0,0.1,0.1,0,0,0
0.000176,0,0.1,0.2,0.1,0.1,0.1,0.1,0.1,0.1,0.2,0.1,0,0.1,0.1,0.1,0,0.1,0.2,0.1,0.1,0.1,0,0.1,0.1,0.1,0.1,0.1,0.1,0.1,0.1,0.1,0,0.1,0.1,0.1,0.1,0,0.1,0.1,0.1,0.1,0,0.1,0.1,0.1,0.1,0.1,0,0.1,0.1,0,-0.1,0.1,0.1,0,0.1,0.1,0.2,0.2,0.1,0.1,-0.1,0.1,0.1,0.2,0,0.1,0.1,0.1,0.2,0.1,-0.2,0.1,0.1,0,0.1,0.1,0,0.1,0,0.2,-0.2,0.1,0.1,0.1,0.1,0,0.1,0,0.1,0.1,-0.1,0.1,0.1,0.1,0.1,0.2,0.1,0,0
0.000177,0,0.1,0,0.2,0.1,0.1,0.1,0.1,0,0,0.1,0,0.1,0.1,0,0.2,0.1,0.1,0.1,0,0,-0.1,0.1,0.1,0.1,0.1,0.1,0.1,0.1,0.1,0.1,0,0.1,0.1,0.1,0.1,0.1,0.1,0.1,0.1,0.1,0,0.1,0.1,0.1,0.1,0.1,0.1,0,0.1,0,0,0.1,0.1,0.1,0.1,0,0,0.1,0.1,0.1,-0.1,0.1,0.1,0.1,0,0.1,0.1,0.1,0.2,0.1,-0.2,0.1,0.1,0.1,0.1,0,0.1,0.1,0.1,0.1,-0.3,0.1,0.1,0,0.1,0.1,0.2,0.1,0.1,0.1,-0.2,0.1,0.1,0.1,0.1,0.1,0.2,0.1,-0.1
0.000177,0.1,0.1,0.1,0.1,0.1,0.1,0.1,0.1,0.1,0.1,0.1,0,0.1,0.2,0.1,0.1,0.1,0.1,0,0.1,0.1,-0.1,0.2,0.1,0.1,0.1,0.1,0.1,0.1,0.1,0.2,0,0.1,0.1,0.1,0.1,0.1,0.1,0,0.1,0.1,0,0.1,0.1,0.1,0.1,0,0.1,0.1,0.1,0.1,0,0.1,0,0.1,0.1,0.1,0.1,0.1,0.1,0.1,-0.1,0.1,0.1,0.1,0.1,0.1,0,0.1,0,0.1,-0.3,0.1,0,0.1,0,0.1,0.1,0.2,0,0.1,-0.2,0.1,0.1,0.1,0.1,0.1,0,0.1,0.1,0.1,-0.1,0.1,0.1,0,0,0.1,0.1,-0.1,-0.1
0.000177,0,0.1,0.1,0.1,0.1,0.1,0.1,0.1,0,0.1,0.1,-0.1,0.1,0.1,0.1,0.1,0.1,0.1,0,0.1,0.1,-0.1,0.1,0.1,0.1,0.1,0.1,0.1,0.1,0,0.1,0,0.1,0,0.1,0.1,0.2,0.1,0.1,0.1,0.1,0,0.1,0,0.1,0.1,0.1,0.1,0.1,0.1,0.1,0,0.1,0,0.1,0.1,0.1,0,0.1,0,0.1,-0.1,0.1,0.1,0.1,0.1,0.1,0.1,0.1,0.1,0.1,-0.2,0.1,0,0.1,0.1,0.1,0.1,0.1,0.1,0,-0.2,0.2,0.1,0.1,0.1,0.1,0,0.1,0.1,0,-0.1,0,0.1,0.1,0,0,0.1,-0.1,0
0.000177,0,0.2,0.1,0.1,0.1,0,0,0,0.1,0.1,0.2,0.1,0.1,0.1,0.1,0.1,0.1,0.1,0.1,0.1,0.1,0,0.1,0.1,0.1,0.1,0.1,0.1,0,0.1,0.1,0.1,0.1,0.1,0.2,0.1,0.1,0.1,0.1,0.2,0.1,0,0,0.1,0.1,0.1,0.1,0.1,0.2,0.1,0.1,0,0.1,0.1,0.1,0.1,0.1,0.1,0.1,0.1,0.1,-0.2,0,0.1,0.1,0.1,0.1,0.1,0,0.1,0.1,-0.2,0.1,0,0.1,0.1,0.2,0.1,0.1,0.1,0.1,-0.1,0.1,0.1,0.2,0.1,0.1,0.1,0.2,0.1,0,-0.1,0.1,0.1,0.1,0.2,0,0.1,0,0
0.000177,0,0.1,0,0.1,0.1,0,0,0.1,0.1,0.1,0.1,0.1,0.1,0.1,0.1,0.1,0.1,0.1,0.1,0,0.1,0.1,0.1,0,0.1,0.1,0.1,0.1,0.1,0,0.1,0,0.2,0.1,0.1,0.1,0.1,0,0.1,0.1,0,-0.1,0.1,0.1,0.1,0.1,0.1,0.1,0.1,0.1,0.1,-0.1,0.1,0.1,0.1,0.1,0.1,0.1,0.1,0.1,0,-0.1,0.1,0.1,0.1,0.1,0.1,0.1,0.1,0.1,0.1,-0.2,0,0.1,0.1,0.2,0.1,0.1,0.1,0,0.1,-0.2,0,0,0.1,0.1,0.1,0.1,0.1,0.1,0.1,-0.2,0.1,0.1,0.1,0.1,0.1,0.2,-0.1,-0.1
0.000178,-0.1,0,0.1,0.1,0.1,0.1,0.2,0.2,0.1,0.1,0.1,0,0.1,0.1,0.2,0.1,0.1,0,0,0.1,0.1,0,0.1,0.1,0.2,0,0.1,0.1,0.1,0.1,0.1,0,0.1,0.1,0,0.1,0.1,0.1,0.1,0.1,0,0,0.1,0,0.1,0.1,0.1,0.1,0.1,0.1,0.1,-0.1,0.1,0.1,0.1,0.1,0.1,0.1,0.1,0.1,0.1,-0.1,0.1,0,0.1,0.1,0.2,0.1,0,0.1,0,-0.2,0.2,0.1,0.1,0.1,0.1,0.2,0.1,0,0.1,-0.2,0.1,0,0,0.1,0.1,0.1,0.1,0.1,0,-0.1,0.1,0.1,0.1,0.1,0.1,0.1,-0.1,0
0.000178,-0.1,0.1,0.1,0.1,0.1,0.1,0,0.1,0,0.1,0.1,0,0.1,0.1,0.1,0.1,0.1,0.2,0.1,0.1,0.1,0.1,0.1,0.1,0.1,0.1,0.1,0,0.1,0.1,0.1,0,0.1,0.1,0.1,0.1,0.1,0.1,0.1,0.1,0.1,-0.1,0.1,0.1,0.1,0.1,0.1,0,0.1,0.1,0.1,0,0.1,0.1,0,0.1,0.1,0.1,0.1,0,0.1,-0.1,0.1,0.1,0.1,0.1,0.1,0.1,0.1,0.1,0.1,-0.3,0.1,0.1,0.1,0.1,0.1,0.1,0.1,0,0.1,-0.2,0.1,0.2,0.1,0.1,0.1,0.1,0.1,0,0.1,0,0.1,0.1,0.2,0.1,0.1,0,0,0
0.000178,0,0.1,0.1,0.1,0.1,0.2,0,0.1,0.1,0.1,0.1,0,0.1,0.1,0.1,0.1,0.1,0.1,0.1,0.1,0.1,0.1,0.1,0.1,0.1,0.1,0.1,0.1,0.1,0.2,0.1,0,0.1,0.1,0.1,0.1,0.1,0,0.1,0.1,0.1,0,0.1,0,0.1,0.1,0.1,0.1,0.1,0,0.1,0,0.1,0.1,0.1,0.1,0.1,0.1,0.1,0.1,0.1,-0.1,0.1,0.1,0,0.1,0.1,0.1,0.1,0.1,0.1,-0.2,0.1,0.1,0.1,0,0,0.1,0,0.1,0.1,-0.2,0,0.1,0.1,0.1,0.1,0,0.1,0,0,0,0.1,0.1,0,0.1,0.1,0.1,0,0.1
0.000178,0,0.1,0.1,0.2,0.1,0.1,0.1,0.1,0.1,0.1,0.1,0,0.1,0.1,0.1,0.1,0.1,0.1,0.1,0.1,0.1,0.1,0.1,0.1,0.1,0,0.1,0.2,0.1,0.1,0,0,0.1,0.1,0,0.1,0.1,0.2,0.1,0.1,0.1,0.1,0.1,0.1,0.1,0.1,0.2,0.2,0.1,0.1,0.1,0,0.1,0.1,0.1,0,0.1,0.1,0.2,0.1,0.1,-0.1,0.1,0.1,0.2,0.1,0.1,0.1,0.2,0.1,0.1,-0.3,0.1,0.1,0.1,0.1,0.1,0.1,0.1,0.1,0.1,-0.2,0.1,0.1,0.1,0.1,0.1,0,0.1,0.1,0.1,-0.1,0.1,0.1,0.1,0.1,0.1,0.2,0.1,0
0.000178,0,0.1,0.1,0.1,0.1,0.1,0.1,0.1,0,0,0.1,0.1,0.1,0.2,0.1,0.1,0.1,0.1,0.1,0.1,0.1,0.1,0.1,0.1,0.1,0.1,0,0.1,0.1,0.1,0.1,0.1,0.1,0.1,0.1,0.1,0.1,0,0.1,0.1,0,0,0.1,0.1,0.1,0.1,0.1,0.1,0.1,0.1,0.1,0,0.1,0.1,0.1,0.1,0.1,0.1,0.1,0.1,0.1,-0.2,0.1,0.1,0.1,0.1,0.1,0.1,0.1,0.1,0.1,-0.3,0.1,0.1,0.1,0.1,0.1,0.1,0,0.1,0.1,-0.2,0.1,0.1,0.1,0,0.1,0.1,0.1,0,0.1,-0.1,0.1,0.1,0.1,0.2,0.1,0,0.1,0.1
0.000179,0,0.1,0.1,0.1,0.1,0.1,0.1,0.1,0.1,0,0.1,0,0,0,0.1,0.1,0.1,0.1,0.2,0.1,0.1,0,0.1,0.1,0.1,0.1,0,0.1,0.1,0.1,0.1,0.1,0.1,0.2,0.1,0.1,0.1,0.1,0.1,0.2,0.1,0.1,0.2,0.1,0.1,0.1,0.1,0.1,0,0.1,0.1,-0.1,0.1,0.1,0.1,0.1,0,0.1,0.1,0,0.1,-0.1,0.1,0.1,0.1,0.1,0.1,0.2,0.1,0.1,0.1,-0.2,0,0.1,0.1,0.1,0,0,0.1,0.1,0.1,-0.1,0.1,0.1,0.1,0.1,0.1,0.1,0.1,0.1,0.1,-0.1,0.1,0.1,0.1,0.1,0.1,0.1,0.1,-0.1
0.000179,0,0.1,0,0,0,0.1,0.1,0.1,0.1,0,0.1,0,0.1,0.1,0,0.1,0.1,0.1,0,0.1,0,0,0.1,0.1,0.1,0,0.1,0.1,0.1,0.1,0.1,0.1,0.1,0.2,0.1,0.1,0.1,0,0.1,0.1,0.1,0,0.1,0.1,0.1,0.1,0.1,0.1,0.1,0.1,0.2,0,0.1,0.1,0,0.1,0,0.1,0.1,0.1,0.1,-0.2,0.1,0.1,0.1,0,0.1,0.1,0.1,0.1,0,-0.2,0,0.1,0.1,0,0.1,0.1,0.1,0.2,0.1,-0.3,0.1,0.1,0,0.1,0.1,0.1,0.1,0.1,0.1,-0.1,0.2,0.1,0.1,0,0.1,0.1,0,0.1
0.000179,0.1,0.1,0.1,0.1,0.1,0.1,0.1,0.1,0.1,0.1,0.1,0,0,0.1,0.2,0,0,0.1,0.1,0.1,0.1,0,0.1,0.1,0.1,0.1,0.1,0.1,0.1,0,0.1,0.1,0,0.1,0.1,0.1,0.1,0.1,0.1,0.1,0.1,0,0.1,0.1,0.1,0.1,0.2,0.1,0.1,0.1,0.1,-0.2,0.1,0.1,0.2,0.1,0.2,0.2,0.2,0,0.2,-0.1,0.1,0.1,0.1,0.1,0,0.1,0.1,0.1,0,-0.2,0.1,0,0.1,0.1,0.1,0.1,0.1,0,0.1,-0.2,0.1,0.1,0,0.1,0.1,0.1,0.1,0,0.1,-0.1,0.1,0.1,0.1,0.1,0.1,0.1,0,0
0.000179,0,0.1,0.1,0.2,0.1,0.1,0.1,0.1,0,0.1,0.1,0,0.1,0.1,0.1,0,0.1,0.1,0.1,0.1,0.1,0,0.1,0.1,0.1,0.1,0.1,0.1,0.1,0,0.1,0,0.1,0.1,0,0.1,0.1,0.1,0.1,0,0.1,0.1,0.1,0.1,0.1,0.1,0.1,0.1,0.1,0.1,0.1,-0.1,0.1,0.1,0.1,0.1,0.1,0.2,0,0.1,0.1,0,0.1,0.1,0.1,0.1,0.2,0.1,0.1,0.1,0.1,-0.3,0.1,0.1,0.1,0.1,0.1,0,0.1,0.1,0.1,-0.3,0.1,0.1,0.1,0.1,0,0,0.1,0,0.1,-0.1,0.1,0.1,0.1,0,0.1,0,0,-0.1
0.000179,0.1,0.1,0.1,0.1,0.1,0.1,0.1,0.1,0.1,0.1,0.1,0,0.1,0,0.1,0.1,0.1,0.2,0.1,0.1,0.1,0,0.1,0.1,0.1,0.1,0.1,0.1,0.1,0.1,0.1,-0.1,0.1,0.1,0.1,0.1,0.1,0,0.2,0.1,0.1,0.1,0.1,0,0.1,0.1,0.1,0.1,0.1,0.2,0.1,0,0.1,0.1,0.1,0.1,0,0.1,0.2,0.2,0.1,-0.2,0.1,0.1,0.1,0.1,0,0.1,0.1,0.1,0.1,-0.3,0.1,0.1,0.1,0,0.1,0.1,0.1,0.1,0.1,-0.2,0.1,0.1,0,0.1,0.1,0.1,0.1,0.1,0.1,-0.2,0.1,0.1,0.1,0.2,0.1,0.2,0,-0.1
0.00018,0.1,0,0.1,0.1,0.1,0.1,0.2,0.2,0.1,0.1,0.1,-0.1,0.1,0.1,0.1,0.1,0.1,0.1,0.1,0.1,0,0,0.1,0.1,0.1,0.1,0,0,0.1,0.1,0.1,0,0.1,0.1,0.1,0.1,0.1,0.1,0.1,0.1,0.1,0,0.1,0.1,0.1,0.1,0.1,0.1,0.1,0.1,0.1,0,0.1,0,0,0,0.1,0,0.1,0.1,0.1,-0.1,0.1,0.1,0.1,0.1,0,0.1,0,0.1,0,-0.2,0.1,0.1,0.1,0.1,0.1,0.1,0.1,0.1,0.1,-0.3,0,0.1,0,0.1,0.1,0.1,0,0.1,0.1,-0.1,0.1,0.1,0.1,0.1,0.1,0.1,0,-0.1
0.00018,-0.1,0.1,0.1,0.1,0.1,0.1,0.1,0.1,0.1,0.1,0.1,-0.1,0.1,0.1,0.1,0.1,0.1,0.1,0.1,0.1,0.1,0,0.1,0.1,0.1,0.1,0.1,0.1,0.1,0.1,0.1,0,0.1,0.1,0.1,0,0.1,0.1,0,0.1,0.1,0,0.1,0.2,0.1,0.1,0.1,0.1,0.1,0.1,0.1,0,0,0.1,0.1,0,0,0.1,0.1,0.1,0.1,-0.2,0.1,0.1,0.1,0.1,0.1,0.1,0.1,0.1,0.1,-0.3,0.1,0.1,0.1,0,0.1,0.1,0.1,0.1,0.1,-0.3,0.1,0.1,0.1,0,0.1,0.1,0,0.1,0.1,-0.1,0.1,0.1,0.1,0.1,0.1,0.1,0,0
0.00018,-0.1,0,0.1,0.1,0.1,0.1,0.1,0.1,0,0.1,0.1,0,0.1,0.1,0,0.1,0.1,0.1,0.1,0.1,0.1,0,0,0,0.1,0.1,0.1,0.2,0.1,0.1,0.1,0.1,0.1,0.1,0.2,0.1,0.1,0.1,0.1,0.1,0.1,0,0.1,0.1,0.1,0.1,0.1,0.1,0.1,0.1,0.1,0,0.1,0.1,0,0,0.1,0.1,0.1,0.1,0.1,-0.1,0.1,0.1,0.1,0.1,0.1,0.1,0.1,0.1,0.1,-0.2,0,0.1,0.1,0.1,0.1,0.1,0.1,0,0.1,-0.2,0.1,0.1,0,0.1,0,0.1,0.1,0.1,0.1,-0.1,0,0.1,0.1,0.1,0.1,0.1,-0.1,-0.1
0.00018,0,0.1,0,0.1,0.1,0.1,0.1,0.1,0,0,0.1,0.1,0.1,0.1,0.1,0.1,0.1,0.1,0.2,0.1,0.1,0.1,0,0,0.1,0.2,0.2,0.2,0.1,0.1,0.1,0,0,0.1,0,0.1,0.1,0.1,0.1,0.1,0.1,-0.1,0,0.1,0.1,0.1,0.1,0.1,0.1,0.1,0.1,0,0.2,0.1,0.1,0.1,0.1,0.1,0.2,0.1,0.1,-0.1,0.1,0.1,0.1,0.1,0.1,0.1,0.1,0.1,0,-0.1,0.1,0.1,0.1,0,0.1,0.1,0.1,0.1,0.1,-0.2,0,0.1,0.1,0.1,0.1,0.1,0.1,0.1,0.1,0,0.1,0.1,0.1,0.1,0.1,0,0,0
0.00018,-0.1,0.1,0.1,0.1,0.2,0.1,0.1,0.1,0.1,0.1,0.1,0,0.2,0.1,0.1,0.1,0,0.1,0.1,0.1,0.1,0,0,0.1,0.1,0.1,0.2,0.2,0.1,0.1,0.1,-0.1,0.1,0.1,0.1,0.1,0.1,0.1,0.1,0.1,0.1,-0.1,0.1,0.1,0.1,0.1,0.1,0.1,0.1,0.1,0,0,0,0.1,0.1,0.1,0.1,0.1,0.1,0.1,0.1,-0.2,0.1,0.1,0.1,0.2,0.2,0.1,0.1,0.1,0.1,-0.2,0.1,0.1,0.1,0.1,0.2,0.1,0.1,0.1,0.1,-0.3,0.1,0.1,0,0.1,0.2,0.1,0,0,0,0,0.1,0.1,0.1,0.1,0.1,0.1,-0.1,-0.1
0.000181,0,0,0.1,0.1,0,0,0.1,0,0,0,0.1,0,0.1,0,0.1,0.1,0.1,0.1,0.1,0,0.1,0,0.1,0.1,0,0.1,0.2,0.1,0.1,0.1,0.1,0,0.1,0.1,0.1,0.1,0,0.1,0.1,0.1,0.1,-0.1,0,0,0.1,0.1,0.1,0.1,0.1,0.1,0.1,0,0.1,0.1,0.1,0.1,0.1,0.1,0.1,0.1,0.1,-0.2,0,0.1,0.2,0.1,0,0.1,0.1,0.1,0.1,-0.3,0.1,0.1,0.1,0.1,0.1,0.1,0.1,0.1,0.1,-0.3,0.1,0.1,0.1,0,0.1,0,0,0.1,0,0,0.1,0.1,0.1,0,0.1,0.1,0,0
0.000181,0,0.1,0.1,0.1,0.1,0.1,0,0.1,0.1,0.1,0,0,0.1,0.1,0.1,0.1,0,0.1,0.1,0.1,0,0.1,0.1,0.1,0.1,0.1,0.1,0.1,0,0.1,0.1,0.1,0.2,0.1,0.1,0.1,0.1,0,0.1,0.1,0.1,0,0.1,0.1,0,0.1,0.1,0.1,0.1,0.1,0.1,0,0.1,0.1,0.1,0.1,0.1,0.1,0.1,0.1,0.1,-0.1,0.1,0.1,0.2,0.1,0.1,0.1,0.1,0.1,0.1,-0.3,0.1,0.2,0.1,0.1,0.1,0.1,0.1,0.1,0.1,-0.2,0,0.1,0.1,0,0.1,0.1,0,0.1,0.1,-0.1,0.1,0.1,0.1,0.1,0.1,0.1,0,0
0.000181,0,0.1,0.1,0.1,0.1,0.1,0.1,0.2,0.1,0.1,0.1,0,0.1,0.2,0.1,0,0.1,0.1,0.1,0.1,0.1,0,0.1,0.1,0.1,0,0.2,0.1,0,0.1,0.1,0,0.1,0.1,0.1,0.1,0.1,0.1,0.1,0.1,0.1,-0.1,0.1,0.1,0.1,0.1,0.1,0.1,0,0.2,0.1,0,0.1,0.1,0.1,0.1,0.2,0.1,0.1,0.2,0.1,-0.1,0.1,0.1,0.1,0.1,0.1,0.1,0.1,0.1,0.1,-0.2,0.1,0.1,0.1,0,0.1,0.1,0.1,0.1,0.1,-0.3,0,0,0.1,0.1,0,0.1,0.1,0.1,0.1,-0.1,0.1,0.1,0.1,0.1,0.1,0.1,-0.1,0
0.000181,-0.1,0.1,0.1,0.1,0.1,0.1,0.1,0.1,0.1,0.1,0.1,0.1,0.1,0.1,0,0.1,0.1,0.1,0.1,0.1,0.1,0,0,0,0.1,0.1,0.1,0.1,0.1,0.1,0.1,0,0.1,0.1,0.1,0,0.1,0.1,0.1,0.1,0.1,0,0.1,0.1,0.1,0,0,0.1,0.1,0.2,0,0,0.1,0.1,0.1,0.1,0.1,0.1,0,0.2,0.1,-0.1,0.1,0.1,0.1,0.2,0.1,0.1,0.1,0,0,-0.2,0.1,0.1,0.1,0.1,0.1,0.1,0.1,0.1,0.1,-0.2,0.1,0.1,0,0,0.1,0.1,0,0.1,0.1,-0.1,0.1,0.1,0.1,0,0.1,0,0,-0.1
0.000181,0,0.1,0.2,0.1,0.1,0.2,0.1,0.1,0.1,0.1,0.1,0,0,0.1,0.1,0.1,0.1,0.1,0.1,0.1,0.1,0.1,0.1,0,0,0.1,0.1,0.1,0.1,0,0.1,0,0.1,0.1,0.1,0.1,0.1,0.1,0.1,0,0.2,0,0.1,0.1,0,0,0.1,0.1,0.1,0.1,0.1,0,0,0.1,0.2,0.1,0.1,0.1,0.1,0.1,0.1,0,0.1,0.1,0.2,0.1,0.1,0.1,0.2,0.1,0.1,-0.2,0.1,0,0.1,0.1,0.2,0.1,0.1,0,0.1,-0.3,0.1,0.1,0.1,0.1,0.1,0.1,0,0,0.1,-0.1,0.1,0.2,0.1,0.1,0.1,0,0,0
0.000182,-0.1,0.2,0.1,0.1,0.1,0.1,0.2,0.1,0.1,0.1,0.1,0,0.1,0.1,0,0.2,0.1,0.1,0.1,0.1,0.1,0.1,0.2,0,0.1,0,0.1,0.1,0.1,0,0.1,0.1,0.2,0.1,0.1,0.1,0.1,0.1,0.1,0.1,0.1,0.1,0.1,0.1,0.1,0.1,0.1,0.1,0.1,0.1,0.1,0.1,0.1,0.1,0.1,0.1,0.1,0.1,0.1,0,0.1,-0.1,0.1,0.2,0.1,0.1,0,0.1,0.1,0,0.1,-0.2,0.1,0.1,0,0,0.1,0.1,0.1,0.1,0.1,-0.2,0.1,0,0.1,0.1,0.1,0.1,0.1,0.1,0.1,0,0,0,0.1,0.2,0.1,0.1,0,-0.1
0.000182,0,0.1,0,0.1,0.1,0.1,0.1,0,0.1,0.1,0.2,0,0.1,0.1,0.1,0.1,0.1,0,0.1,0.1,0.1,0,0,0.2,0.1,0.1,0.1,0,0.1,0.1,0,0,0.1,0.1,0.1,0.1,0.1,0.1,0.2,0.1,0,0,0.1,0.1,0.1,0.1,0.1,0.1,0.1,0.1,0.1,0,0.1,0.1,0.1,0.1,0,0.1,0,0.2,0.2,-0.1,0.1,0.1,0.1,0.1,0,0.1,0.1,0.1,0.1,-0.3,0.1,0.1,0.1,0,0.1,0.1,0.1,0,0.1,-0.2,0.1,0.1,0.2,0.2,0.1,0.1,0.2,0.1,0.1,0,0.1,0.1,0.1,0.1,0.1,0.1,-0.1,0
0.000182,0,0.1,0.1,0.1,0.1,0.1,0.1,0.1,0.1,0,0.1,0,0.1,0.1,0.1,0,0.1,0.1,0.1,0.1,0.1,0,0.1,0.1,0.1,0.1,0.1,0.1,0,0.1,0.1,0.1,0.1,0.1,0.1,0.1,0,0,0.1,0.1,0.1,0,0.2,0.1,0,0.1,0.1,0.1,0,0.1,0.1,-0.1,0.1,0.1,0.1,0,0,0.1,0.1,0.1,0.1,-0.1,0.1,0.1,0,0.1,0.1,0.1,0.1,0.1,0.1,-0.2,0.1,0.1,0.1,0,0.1,0.1,0.1,0.2,0.1,-0.2,0.1,0.1,0.1,0.1,0.1,0.1,0.1,0.1,0.1,0,0.1,0.1,0.1,0.1,0.1,0.1,0,-0.1
0.000182,-0.1,0,0.1,0.1,0.1,0,0.1,0.1,0.1,0.1,0.1,0,0.1,0.1,0.1,0,0.1,0.1,0.1,0,0.1,0,0.1,0.1,0.1,0.1,0.1,0.1,0,0.2,0.1,0,0.1,0,0,0.1,0.1,0.1,0,0.1,0.1,0,0.2,0.1,0.1,0,0,0.1,0.2,0.1,0.1,-0.1,0.2,0.1,0,0.1,0.1,0.1,0,0.1,0.1,-0.2,0,0,0,0.1,0,0,0.1,0,0.1,-0.3,0.2,0.1,0,0.1,0.1,0.1,0.1,0.1,0.1,-0.2,0.1,0.1,0.1,0.1,0.1,0.1,0.1,0.1,0.2,-0.1,0.1,0.1,0.1,0.1,0.1,0.1,-0.1,0
0.000182,-0.1,0.1,0.1,0,0.1,0.1,0.1,0.1,0.1,0,0.1,0,0.1,0,0.1,0.1,0.1,0.2,0.1,0.1,0.1,0.1,0.1,0.1,0.1,0.1,0.1,0.1,0,0,0.1,0.1,0.1,0.1,0.1,0.1,0.1,0.1,0.1,0.1,0.1,-0.1,0.1,0.1,0.1,0.1,0.1,0.1,0.1,0.1,0.1,-0.1,0.1,0,0,0.1,0.1,0.1,0.1,0.1,0.1,-0.1,0,0.1,0.1,0.1,0,0.1,0.2,0,0.1,-0.3,0.1,0.1,0.2,0,0,0.2,0.1,0.1,0.1,-0.2,0.1,0,0.1,0.2,0.1,0.1,0.1,0.1,0,-0.1,0.1,0.1,0.1,0.1,0,0.1,0,-0.1
0.000183,-0.1,0.1,0.1,0.1,0.2,0,0,0.1,0,0.1,0.1,-0.1,0,0.1,0.1,0.1,0.1,0.1,0.1,0.1,0.1,0.1,0.1,0.1,0.1,0.1,0,0.1,0.1,0.1,0.1,0.1,0.1,0.1,0.1,0.1,0.1,0.1,0.1,0.1,0.1,-0.1,0.1,0,0.1,0.1,0.1,0.1,0,0.1,0.1,-0.1,0.2,0.1,0.2,0.1,0.2,0.1,0.1,0.1,0,-0.1,0,0.1,0.1,0.2,0.1,0.1,0,0,0.1,-0.2,0,0.1,0.1,0.1,0.1,0,0,0.1,0,-0.3,0,0.1,0.1,0.1,0.1,0.1,0.1,0.1,0.1,0,0,0.1,0,0.1,0.1,0,0,-0.1
0.000183,-0.1,0,0.1,0.1,0.1,0.2,0.1,0.1,0.1,0.1,0.2,0,0.1,0.1,0.1,0.1,0.1,0,0.1,0.1,0.1,0.1,0.1,0,0.1,0.1,0.1,0.2,0,0.1,0.1,0,0.2,0.1,0.1,0.1,0.1,0,0.1,0.1,0.1,0,0.2,0.1,0.1,0.1,0.2,0.1,0,0.1,0.1,0,0.2,0.1,0.1,0,0.1,0.1,0.1,0.1,0.1,-0.1,0.1,0.1,0.1,0.1,0.1,0.1,0.1,0.1,0,-0.3,0,0.1,0.1,0,0.2,0.1,0.1,0.1,0.1,-0.2,0,0.1,0.1,0,0.1,0,0,0,0.1,-0.1,0.1,0,0.1,0.1,0.1,0.1,0,0
0.000183,0,0.1,0.1,0,0.1,0.1,0.1,0.2,0.1,0.1,0.1,0,0,0,0.1,0.1,0,0.1,0.1,0.1,0.1,0.1,0.1,0.1,0.1,0.1,0.1,0.1,0.1,0.1,0.1,0.1,0.2,0.1,0.1,0,0.1,0.1,0.1,0.1,0.1,-0.1,0,0,0.1,0.1,0.1,0.1,0.1,0,0.1,0,0.1,0.1,0.1,0.1,0.1,0.1,0.1,0.1,0.1,-0.1,0.1,0.1,0.1,0,0,0.1,0.1,0.1,0.1,-0.2,0.1,0.1,0.1,0,0.1,0.1,0.1,0.1,0.1,-0.2,0.1,0,0.1,0.1,0.1,0.1,0.1,0.1,0,-0.1,0.1,0,0.1,0.1,0.1,0.1,0,0
0.000183,0.1,0.1,0.1,0.1,0.1,0,0.2,0,0.1,0.1,0.1,0,0.1,0.1,0.1,0.1,0.1,0.1,0.1,0.1,0.1,0.1,0,0,0.1,0,0.1,0.1,0.1,0.1,0.1,0,0.1,0,0,0.1,0.1,0.1,0.1,0.1,0.2,-0.1,0.1,0.1,0.1,0.1,0,0.1,0.1,0.1,0.1,0,0.1,0,0.1,0.1,0.1,0.1,0.1,0.1,0.2,-0.1,0.1,0,0.1,0.1,0.1,0.1,0,0.1,0.1,-0.2,0.1,0.1,0,0.1,0.1,0.1,0.1,0,0.1,-0.2,0.1,0,0.1,0.1,0.1,0,0.1,0.1,0.2,-0.1,0.2,0.1,0.1,0.1,0.1,0.1,0,0
0.000183,0,0.1,0.1,0,0,0.1,0.1,0,0.1,0.1,0.1,0,0,0.1,0.1,0,0.1,0.1,0.1,0.1,0.1,0.1,0.1,0.1,0.1,0.1,0.1,0.1,0.1,0.1,0.2,0,0.1,0.1,0.1,0.1,0.2,0.1,0,0.1,0.1,0,0.1,0.1,0.1,0,0.1,0.1,0,0,0.1,0,0.1,0.1,0,0.1,0.1,0.2,0.1,0.1,0.1,-0.2,0,0.1,0,0.1,0.1,0.1,0.1,0.1,0.1,-0.2,0.1,0.1,0.1,0,0.1,0.1,0.1,0.1,0.1,-0.2,0.1,0,0.1,0,0,0.1,0.1,0.1,0.1,0,0.2,0.1,0.1,0.1,0.1,0.2,-0.1,0
0.000184,0.1,0.1,0.1,0,0.1,0.1,0.1,0.1,0.2,0.1,0.1,0,0,0.1,0.1,0.1,0.1,0.1,0,0.1,0.1,0.1,0.1,0.1,0,0,0.1,0,0.1,0.1,0.1,0.1,0.1,0.1,0.1,0.1,0.1,0,0.1,0.2,0.1,0,0.1,0.1,0.2,0.1,0,0.1,0.1,0.1,0.2,0,0,0.2,0.2,0.1,0,0.1,0.1,0.1,0.1,-0.1,0.1,0.1,0.1,0.1,0.1,0.1,0.1,0.1,0.1,-0.3,0.1,0.1,0.1,0,0.1,0.2,0.1,0.1,0,-0.2,0.1,0.1,0.2,0,0.1,0.1,0,0,0.1,-0.1,0.1,0,0.1,0,0.1,0.1,0.1,0
0.000184,0,0,0.1,0.1,0.1,0.1,0.1,0,0,0.1,0,0,0.2,0.1,0.1,0.1,0.1,0.1,0.1,0.1,0.1,0.1,0.1,0.1,0.1,0.1,0.1,0.1,0,0.1,0,-0.1,0,0.1,0.1,0.1,0.1,0.1,0.1,0.1,0.1,0,0.1,0.1,0,0.1,0,0.1,0,0.1,0.2,-0.1,0,0,0.1,0.1,0.1,0.1,0.1,0.1,0.1,-0.1,0.2,0,0.1,0.1,0.1,0.1,0.1,0.1,0.1,-0.2,0.1,0.1,0.1,0.2,0,0.1,0.1,0.1,0.2,-0.2,0.1,0.1,0.1,0,0.1,0.1,0.1,0.2,0,0,0.1,0.1,0.1,0.2,0.1,0.1,0,0
0.000184,0.1,0.1,0.1,0.1,0.1,0.1,0.1,0,0.2,0.1,0.1,0,0.1,0.1,0.1,0,0.1,0.1,0.1,0.1,0.1,0,0.1,0.1,0.2,0.1,0.1,0.1,0.1,0.1,0.1,0,0,0.1,0.2,0.1,0.1,0.1,0.1,0.1,0.1,0,0.1,0.1,0.1,0,0.1,0.1,0.1,0.1,0.1,0,0.2,0.1,0.1,0,0.1,0.2,0.1,0.1,0.1,-0.1,0.1,0.1,0.1,0.1,0.1,0.1,0.1,0.2,0.1,-0.2,0,0.1,0,0.1,0.2,0.2,0,0.1,0.1,-0.2,0.1,0.1,0.1,0,0,0.1,0.1,0,0.1,-0.1,0,0,0.1,0.1,0.1,0.1,0.1,0
0.000184,0.1,0,0.1,0.1,0.1,0.1,0,0.1,0,0.1,0.1,0,0.1,0.1,0.1,0.1,0.1,0.1,0.1,0,0,0,0.1,0.1,0.1,0.1,0.1,0.1,0.1,0.1,0.1,0,0.1,0,0.2,0.1,0,0.1,0.1,0,0.1,0,0.1,0.1,0.1,0,0.1,0,0.1,0.1,0.1,0,0.1,0.1,0.1,0.1,0,0.1,0.1,0.1,0.1,-0.1,0,0.1,0.1,0.1,0.2,0.1,0.1,0.1,0.1,-0.3,0.1,0,0.2,0.1,0.1,0,0.1,0,0.1,-0.2,0.1,0.1,0.1,0.1,0.1,0.1,0.1,0.1,0.1,-0.1,0.1,0.1,0,0.1,0.2,0.1,-0.1,0
0.000184,0,0.1,0.1,0.1,0.2,0.1,0.1,0.1,0.1,0.1,0,0,0,0.1,0,0.1,0.1,0.1,0.1,0.1,0.2,0,0.1,0.1,0.1,0.1,0.1,0.1,0.1,0.1,0,0.1,0.2,0.1,0.1,0.1,0.1,0.1,0.2,0.1,0.2,0,0,0.1,0.1,0.1,0.1,0,0.1,0.1,0.2,0.1,0,0.1,0.1,0.1,0.1,0.1,0.1,0.1,0.1,-0.1,0.1,0.1,0.1,0.1,0.2,0.1,0.1,0.1,0.1,-0.3,0.2,0.1,0,0.1,0.1,0.1,0.1,0.1,0.1,-0.3,0.1,0.1,0.1,0,0.2,0.1,0.1,0.1,0.1,-0.1,0.1,0.1,0.1,0.1,0,0.1,0,0
0.000185,0,0,0,0.1,0.1,0.1,0.1,0.1,0.1,0.1,0.1,0,0.1,0,0,0,0.2,0.1,0.2,0.1,0.2,0,0.1,0.1,0.1,0.1,0.1,0.1,0.1,0.1,0.1,0,0.1,0.1,0.1,0.1,0,0.1,0.1,0.1,0.1,-0.1,0.1,0.1,0.1,0.1,0.1,0.1,0.1,0.1,0.1,0,0.1,0.1,0.1,0.1,0.1,0,0.1,0.1,0.1,-0.1,0.1,0.1,0.2,0,0.1,0,0,0.1,0.1,-0.2,0.1,0.1,0.1,0.1,0,0.1,0,0,0,-0.2,0.1,0.1,0.2,0.2,0.2,0.1,0.1,0.1,0.1,0,0.1,0,0.1,0.1,0.1,0.1,0,0
0.000185,0,0.1,0.1,0.1,0.1,0.1,0.1,0.1,0.1,0.1,0.1,0,0.1,0.1,0.1,0.1,0.2,0,0.1,0.1,0.1,0,0,0.1,0.1,0.1,0.1,0.1,0.1,0.1,0.1,0.1,0.1,0,0.1,0.1,0,0.1,0.1,0.1,0.1,-0.1,0.1,0.1,0,0.1,0,0.1,0.1,0,0.1,0,0.1,0.1,0.1,0.1,0.1,0.1,0.1,0.1,0.1,-0.1,0.1,0.1,0.1,0.1,0.1,0.1,0.1,0.1,0,-0.1,0.1,0.1,0.1,0.1,0.1,0,0.1,0.1,0.1,-0.3,0,0,0,0,0.1,0.1,0.1,0.2,0.1,-0.1,0,0.1,0.1,0.1,0.1,0.1,-0.1,-0.1
0.000185,0,0.1,0.1,0.1,0.1,0.1,0.2,0.1,0,0.1,0.1,0.1,0.1,0,0.1,0.1,0,0.2,0,0.1,0.1,0,0.1,0.1,0.1,0.1,0.1,0.1,0.1,0,0,0,0.1,0.1,0.1,0.1,0.1,0.1,0.1,0,0.1,0,0.1,0.1,0.1,0.1,0.1,0.1,0.1,0,0.1,0,0.1,0.1,0.1,0.1,0.2,0.1,0,0.1,0.1,-0.1,0.1,0,0.1,0.1,0.1,0.1,0.1,0.1,0.1,-0.2,0,0.1,0.1,0.1,0,0,0.1,0.1,0.1,-0.2,0.2,0.1,0.1,0.1,0.1,0.1,0.1,0.1,0,0,0.1,0.2,0.1,0.1,0.1,0,0,0.1
0.000185,0,0.1,0.1,0.1,0.1,0.1,0.1,0,0.2,0.1,0.2,0,0.1,0.1,0.1,0.2,0.1,0.1,0.1,0.1,0.1,0,0.1,0.1,0.2,0,0.1,0.1,0.1,0.1,0.1,0.1,0.1,0,0,0.1,0.1,0,0.1,0.1,0.1,0,0.2,0,0.1,0.1,0.1,0.2,0.1,0.1,0.2,-0.1,0.1,0.1,0,0,0.1,0.1,0,0.1,0.1,-0.1,0.1,0.1,0,0.1,0.1,0.1,0.1,0.1,0.1,-0.1,0.1,0.1,0.1,0.1,0.1,0.1,0.1,0.1,0.2,-0.2,0.1,0,0,0.1,0.1,0,0.1,0.1,0,-0.1,0.1,0.1,0.1,0.1,0.1,0.1,0,-0.1
0.000185,-0.1,0.2,0.1,0.1,0.2,0.1,0.1,0.1,0.1,0.1,0.1,0,0,0.1,0,0.1,0.1,0,0.1,0.1,0.1,0,0.1,0.1,0.2,0.1,0.1,0.1,0.1,0.1,0,0.1,0.1,0.1,0.1,0.1,0,0.1,0.1,0.1,0.1,-0.1,0.1,0.1,0,0.1,0.1,0.1,0.1,0.1,0,0,0.1,0.2,0.1,0.1,0,0.1,0.1,0.1,0.1,-0.1,0,0.1,0.1,0.1,0.1,0.1,0.1,0.1,0.1,-0.2,0.1,0.1,0,0.1,0.1,0.1,0.1,0.1,0.1,-0.2,0.1,0,0,0.1,0.1,0.1,0.1,0.1,0.2,-0.1,0.2,0.2,0.1,0.1,0.1,0.1,0,0
0.000186,0,0.1,0.1,0.1,0.1,0.1,0.1,0.1,0,0.1,0.1,0,0.1,0.1,0.1,0,0.2,0,0.1,0.1,0.1,0.1,0.1,0.1,0.1,0.1,0.1,0,0,0.1,0.1,0,0.1,0.1,0.1,0.1,0.1,0.1,0.1,0.1,0.1,0,0,0.1,0,0.1,0.1,0.1,0.1,0.1,0.1,0,0.1,0.1,0,0,0.1,0,0.1,0.2,0.1,-0.1,0.1,0.1,0.1,0,0.1,0.1,0.1,0.1,0.1,-0.2,0.1,0.1,0,0.1,0,0.1,0.1,0.1,0.1,-0.2,0,0.1,0.1,0.1,0.1,0.2,0.1,0.1,0.1,-0.1,0.1,0.1,0.1,0.1,0.2,0,0,-0.1
0.000186,0.1,0.1,0.1,0.1,0.1,0.1,0.1,0.1,0.1,0.1,0.1,0,0.1,0.1,0.1,0.1,0.1,0.2,0.1,0.1,0.1,0,0.1,0,0.1,0.1,0,0.1,0.1,0.1,0.1,0.1,0,0.2,0.1,0.1,0.1,0.1,0.1,0.1,0.1,0,0.1,0.1,0.1,0.1,0.1,0.1,0.1,0,0.1,0,0.1,0,0.1,0.2,0.1,0.1,0.1,0.1,0.1,-0.1,0.1,0.1,0.1,0.1,0.1,0.1,0.1,0.1,0.1,-0.1,0.1,0.1,0.1,0.1,0,0.1,0.1,0,0.1,-0.2,0,0.1,0.1,0.1,0.1,0,0,0,0,-0.1,0.1,0.1,0,0,0.2,0,0,0
0.000186,0.1,0.1,0.1,0,0.1,0.1,0.1,0,0,0.1,0.1,0,0.2,0.1,0.1,0.1,0,0.1,0.1,0,0.1,0,0.1,0.2,0.1,0.1,0.2,0.1,0.1,0,0.1,0.1,0.1,0.1,0,0.1,0,0.1,0.1,0.1,0.1,0,0.1,0.1,0.1,0.1,0.1,0.1,0,0.1,0.1,-0.1,0.1,0.1,0.1,0.1,0.1,0.1,0.1,0.1,0.2,-0.1,0,0.1,0.1,0.1,0.1,0.2,0,0.1,0.1,-0.2,0.1,0.2,0.1,0.1,0.1,0.1,0,0.1,0,-0.3,0.2,0.1,0,0.1,0,0.1,0.1,0.2,0.1,-0.1,0.1,0.1,0,0.1,0.1,0.1,0.1,0
0.000186,0.1,0.1,0.1,0.2,0,0,0.1,0.2,0.1,0,0.1,0,0.1,0,0.1,0,0.1,0,0.1,0.1,0.1,0,0.1,0.1,0,0.1,0,0.1,0.2,0.1,0.1,0,0.1,0.1,0.1,0.1,0,0.2,0.1,0,0,0,0.1,0.1,0.1,0.1,0.1,0.1,0.2,0.1,0.1,0.1,0.1,0.1,0.1,0.1,0.1,0.1,0.1,0.1,0.1,-0.1,0.1,0.1,0.1,0.1,0.1,0.1,0.1,0.2,0.1,-0.2,0.1,0.1,0.1,0.1,0.1,0,0.1,0.1,0.1,-0.2,0.1,0,0.1,0,0.1,0.1,0.1,0.2,0.1,-0.1,0.1,0.1,0.1,0,0.1,0,0,0
0.000186,0.1,0.1,0.1,0,0,0.2,0,0.1,0.1,0.1,0.1,0,0.1,0,0.1,0.1,0,0.1,0.1,0.1,0.2,0,0.2,0.1,0.2,0.2,0.1,0,0.1,0.1,0,0,0.1,0.1,0,0.1,0,0,0.1,0.1,0.1,-0.1,0.1,0.2,0.1,0.1,0.1,0.1,0.1,0,0.1,0,0.1,0.1,0,0.1,0.1,0.1,0.1,0.1,0.1,-0.1,0.1,0.1,0.1,0.1,0,0.1,0.1,0.1,0.1,-0.2,0.1,0.2,0.1,0.1,0,0.1,0.1,0.1,0.1,-0.2,0.1,0.1,0,0.1,0.1,0.1,0,0.1,0.1,-0.1,0.1,0.1,0.1,0,0,0.1,0,0
0.000187,0,0.1,0.1,0.1,0.1,0.1,0.1,0,0.1,0.1,0,0,0.1,0.1,0.1,0.2,0.1,0.1,0.1,0.2,0.1,0.1,0.1,0.1,0.1,0.1,0.2,0.1,0.1,0.1,0.2,0,0.1,0.1,0.1,0.1,0.2,0,0.1,0.1,0,0,0,0.1,0.1,0.1,0.1,0.1,0.1,0.1,0.1,-0.1,0.1,0,0.1,0.1,0.1,0.1,0.1,0.1,0.1,-0.1,0.1,0.1,0.2,0.1,0,0.1,0.1,0.1,0.1,-0.1,0.1,0,0.1,0,0,0.1,0.1,0.1,0.1,-0.3,0.1,0,0.1,0.1,0.1,0.2,0,0.1,0.1,0,0,0.1,0.1,0.2,0,0,0.1,0
0.000187,0.1,0.1,0.1,0.1,0.1,0,0.1,0.1,0.1,0.1,0.1,0,0.1,0,0.1,0.1,0.1,0.1,0.2,0.1,0,-0.1,0.2,0.1,0.1,0.1,0.1,0.1,0.1,0,0.2,0,0.1,0.1,0.1,0.1,0.1,0,0,0.1,0.2,-0.1,0.1,0.1,0,0.1,0.1,0.1,0,0.1,0.1,0,0.1,0.1,0.1,0.1,0.1,0.1,0.1,0.1,0.2,-0.1,0,0,0.1,0.1,0.1,0.1,0.2,0.1,0.1,-0.2,0.2,0.1,0.1,0.2,0,0.1,0.2,0.1,0,-0.2,0,0,0.1,0,0,0,0.1,0.1,0.1,0,0.1,0.1,0.1,0.1,0.1,0.1,0.1,0
0.000187,0,0.1,0.1,0.1,0.1,0.1,0.1,0.1,0.1,0.1,0.2,0,0.1,0.1,0,0.1,0.1,0.1,0.1,0.1,0.1,0,0.2,0.1,0.1,0.1,0.1,0.1,0.1,0.1,0.1,0,0.1,0.1,0.1,0.1,0.1,0.1,0.1,0.1,0.1,-0.1,0.1,0.1,0,0.1,0.1,0.1,0.1,0.1,0.1,0,0,0.1,0.1,0.1,0,0.1,0.1,0.1,0.1,-0.1,0.1,0.1,0.1,0.1,0.1,0.2,0,0.1,0.1,-0.1,0.1,0.1,0.1,0.2,0.1,0,0.1,0,0.1,-0.2,0.1,0.2,0.1,0.1,0.1,0.2,0.1,0.1,0.1,-0.1,0.1,0,0,0,0.1,0.1,0,0
0.000187,-0.1,0.1,0.1,0.1,0.1,0.1,0.1,0.1,0.2,0.1,0.1,0,0,0.1,0.1,0.1,0.1,0.1,0,0.1,0.1,0,0.1,0.1,0.1,0.2,0.1,0.1,0,0.1,0,0.1,0.1,0,0.1,0.1,0,0.1,0.1,0.1,0.1,0,0.1,0.1,0.1,0.2,0.2,0.1,0.1,0.1,0.1,-0.1,0.1,0.1,0,0.2,0.1,0.1,0.1,0.1,0.1,-0.1,0.1,0,0.1,0.1,0.1,0.1,0.1,0,0.1,-0.1,0.1,0.1,0.1,0.1,0.2,0.1,0.1,0,0,-0.2,0.1,0.1,0.1,0.1,0.1,0.2,0,0.1,0.1,-0.1,0.1,0.1,0.1,0.1,0.1,0.1,0,0
0.000187,-0.1,0.1,0.1,0,0.1,0.1,0.1,0,0.1,0,0.1,0,0.1,0.1,0.1,0,0.1,0.1,0.2,0,0.1,0,0.1,0.1,0.1,0.1,0.1,0,0.2,0.1,0.2,0,0.1,0.1,0.2,0.1,0.1,0.1,0.1,0.1,0.1,0,0.1,0.1,0.1,0.1,0.1,0,0.1,0.1,0.1,0,0.1,0.1,0,0.1,0.1,0.1,0.1,0.1,0.1,-0.1,0.1,0,0.1,0,0.1,0.1,0.1,0.1,0.2,-0.1,0.1,0.1,0.2,0,0.1,0,0,0.1,0.1,-0.2,0.1,0.1,0,0.2,0.1,0.1,0,0,0.1,-0.1,0.1,0.1,0,0.1,0.1,0,0,0.1
