Time(s),0 m,0.0068 m,0.0136 m,0.0204 m,0.0272 m,0.034 m,0.0408 m,0.0476 m,0.0544 m,0.0612 m,0.068 m,0.0748 m,0.0816 m,0.0884 m,0.0952 m,0.102 m,0.1088 m,0.1156 m,0.1224 m,0.1292 m,0.136 m,0.1428 m,0.1496 m,0.1564 m,0.1632 m,0.17 m,0.1768 m,0.1836 m,0.1904 m,0.1972 m,0.204 m,0.2108 m,0.2176 m,0.2244 m,0.2312 m,0.238 m,0.2448 m,0.2516 m,0.2584 m,0.2652 m,0.272 m,0.2788 m,0.2856 m,0.2924 m,0.2992 m,0.306 m,0.3128 m,0.3196 m,0.3264 m,0.3332 m,0.34 m,0.3468 m,0.3536 m,0.3604 m,0.3672 m,0.374 m,0.3808 m,0.3876 m,0.3944 m,0.4012 m,0.408 m,0.4148 m,0.4216 m,0.4284 m,0.4352 m,0.442 m,0.4488 m,0.4556 m,0.4624 m,0.4692 m,0.476 m,0.4828 m,0.4896 m,0.4964 m,0.5032 m,0.51 m,0.5168 m,0.5236 m,0.5304 m,0.5372 m,0.544 m,0.5508 m,0.5576 m,0.5644 m,0.5712 m,0.578 m,0.5848 m,0.5916 m,0.5984 m,0.6052 m,0.612 m,0.6188 m,0.6256 m,0.6324 m,0.6392 m,0.646 m,0.6528 m,0.6596 m,0.6664 m,0.6732 m
-0.0000124,15.8,15.8,15.8,15.8,15.8,15.8,15.8,15.8,15.8,15.8,15.8,15.8,15.8,15.8,15.8,15.8,15.8,15.8,15.8,15.8,15.8,15.8,15.8,15.8,15.8,15.8,15.8,15.8,15.8,15.8,15.8,15.8,15.8,15.8,15.8,15.8,15.8,15.8,15.8,15.8,15.8,15.8,15.8,15.9,15.8,15.8,15.8,15.8,15.8,15.8,15.8,15.8,15.8,15.8,15.8,15.8,15.8,15.8,15.8,15.8,15.8,15.8,15.8,15.8,15.8,15.8,15.8,15.8,15.8,15.8,15.8,15.8,15.8,15.8,15.8,15.8,15.8,15.8,15.8,15.8,15.8,15.8,15.8,15.8,15.8,15.8,15.8,15.8,15.8,15.8,15.8,15.8,15.8,15.8,15.8,15.8,15.8,15.8,15.8,15.8
-0.0000122,15.9,15.9,15.9,15.9,15.9,15.9,15.9,15.9,15.9,15.9,15.9,15.9,15.9,15.9,15.9,15.9,15.9,15.9,15.9,15.9,15.9,15.9,15.9,15.9,15.9,15.9,15.9,15.9,15.9,15.9,15.9,15.9,15.9,15.9,15.9,15.9,15.9,15.9,15.9,15.9,15.9,15.9,15.9,15.8,15.9,15.9,15.9,15.9,15.9,15.9,15.9,15.9,15.9,15.9,15.9,15.9,15.9,15.9,15.9,15.9,15.9,15.9,15.9,15.9,15.9,15.9,15.9,15.9,15.9,15.9,15.9,15.9,15.9,15.9,15.9,15.9,15.9,15.9,15.9,15.9,15.9,15.9,15.9,15.9,15.9,15.9,15.9,15.9,15.9,15.9,15.9,15.9,15.9,15.9,15.9,15.9,15.9,15.9,15.9,15.9
-0.000012,15.8,15.8,15.8,15.8,15.8,15.8,15.8,15.8,15.8,15.8,15.8,15.8,15.8,15.8,15.8,15.8,15.8,15.8,15.8,15.8,15.8,15.8,15.8,15.8,15.8,15.8,15.8,15.8,15.8,15.8,15.8,15.8,15.8,15.8,15.8,15.8,15.8,15.8,15.8,15.8,15.8,15.8,15.8,15.9,15.8,15.8,15.8,15.8,15.8,15.8,15.8,15.8,15.8,15.8,15.8,15.8,15.8,15.8,15.8,15.8,15.8,15.8,15.8,15.8,15.8,15.8,15.8,15.8,15.8,15.8,15.8,15.8,15.8,15.8,15.8,15.8,15.8,15.8,15.8,15.8,15.8,15.8,15.8,15.8,15.8,15.8,15.8,15.8,15.8,15.8,15.8,15.8,15.8,15.8,15.8,15.8,15.8,15.8,15.8,15.8
-0.0000118,15.9,15.9,15.9,15.9,15.9,15.9,15.9,15.9,15.9,15.9,15.9,15.9,15.9,15.9,15.9,15.9,15.9,15.9,15.9,15.9,15.9,15.9,15.9,15.9,15.9,15.9,15.9,15.9,15.9,15.9,15.9,15.9,15.9,15.9,15.9,15.9,15.9,15.9,15.9,15.9,15.9,15.9,15.9,15.8,15.9,15.9,15.9,15.9,15.9,15.9,15.9,15.9,15.9,15.9,15.9,15.9,15.9,15.9,15.9,15.9,15.9,15.9,15.9,15.9,15.9,15.9,15.9,15.9,15.9,15.9,15.9,15.9,15.9,15.9,15.9,15.9,15.9,15.9,15.9,15.9,15.9,15.9,15.9,15.9,15.9,15.9,15.9,15.9,15.9,15.9,15.9,15.9,15.9,15.9,15.9,15.9,15.9,15.9,15.8,15.9
-0.0000116,15.8,15.8,15.8,15.8,15.8,15.8,15.8,15.8,15.8,15.8,15.8,15.8,15.8,15.8,15.8,15.8,15.8,15.8,15.8,15.8,15.8,15.8,15.8,15.8,15.8,15.8,15.8,15.8,15.8,15.8,15.8,15.8,15.8,15.8,15.8,15.8,15.8,15.8,15.8,15.8,15.8,15.8,15.8,11.9,15.8,15.8,15.8,15.8,15.8,15.8,15.8,15.8,15.8,15.8,15.8,15.8,15.8,15.8,15.8,15.8,15.8,15.8,15.8,15.8,15.8,15.8,15.8,15.8,15.8,15.8,15.8,15.8,15.8,15.8,15.8,15.8,15.8,15.8,15.8,15.8,15.8,15.8,15.8,15.8,15.8,15.8,15.8,15.8,15.8,15.8,15.8,15.8,15.8,15.8,15.8,15.8,15.8,15.8,15.9,15.8
-0.0000114,15.9,12,11.8,11.9,12,11.9,11.8,11.7,11.8,11.9,11.9,15.9,12,11.9,12,11.8,11.8,11.9,11.9,11.8,11.8,15.9,11.9,11.9,11.9,12,11.9,11.9,11.9,11.9,11.8,15.9,11.7,11.9,12,11.9,11.8,11.9,11.9,12,11.9,15.9,12,11.9,11.9,11.8,11.9,11.9,11.9,11.9,11.7,15.9,11.9,11.9,11.8,11.9,12,12,11.8,11.9,11.9,15.9,11.9,11.8,11.9,11.9,11.8,11.9,11.8,11.9,11.9,15.9,12,12,11.9,11.8,11.9,11.8,11.9,11.9,11.9,15.9,12,11.9,11.8,11.8,12,11.8,11.8,11.8,11.8,15.8,11.8,11.7,12,11.9,12,11.9,15.8,15.9
-0.0000112,15.8,11.9,11.8,12,12,11.9,11.6,11.7,11.9,11.9,11.9,15.9,12,12,12,11.7,11.9,12,11.9,11.8,11.8,15.9,11.8,11.9,11.8,12,11.9,11.9,11.9,11.8,11.8,15.8,11.8,11.8,11.9,11.9,11.8,11.9,11.9,12,11.9,15.9,12,11.9,12,11.8,11.9,11.8,12,11.9,11.7,15.9,12,11.8,11.8,11.9,12,11.9,11.8,11.9,11.9,15.9,11.9,11.8,11.8,11.9,11.9,11.9,11.9,11.9,11.9,15.8,11.9,12,11.8,11.8,11.9,11.8,11.9,11.8,11.9,15.9,12,11.8,11.8,11.8,11.9,11.9,11.9,11.8,11.9,15.9,11.9,11.8,12,11.9,12,11.9,15.8,15.9
-0.000011,15.9,11.9,11.8,11.9,12,11.8,11.7,11.8,11.9,11.9,11.9,15.9,12,11.9,12,11.8,11.9,12,11.9,11.8,11.8,15.9,11.8,11.9,11.8,12,11.9,11.9,11.8,11.9,11.9,15.9,11.8,11.9,11.9,12,11.8,11.8,11.9,12,11.8,15.8,12,11.9,11.9,11.9,12,11.9,12,11.9,11.7,15.8,12,11.8,11.8,11.9,11.9,11.9,11.8,11.8,11.9,15.9,11.9,11.8,11.8,12,11.9,11.9,11.9,12,11.9,15.9,11.9,11.9,11.9,11.8,12,11.8,11.9,11.9,11.9,15.9,11.9,11.9,11.8,11.8,11.9,11.9,11.8,11.8,11.8,15.9,11.9,11.8,12,11.9,11.9,11.9,15.8,15.9
-0.0000108,15.8,11.9,11.9,11.9,11.9,11.8,11.7,11.8,11.8,11.9,11.9,15.8,12,11.9,12,11.7,11.9,11.9,11.9,11.8,11.8,15.8,11.8,11.9,11.8,12,11.9,12,11.8,11.9,11.9,15.9,11.9,11.9,12,11.9,11.8,11.8,11.9,12,11.8,15.9,12,11.8,11.9,12,12,11.9,12,11.9,11.8,15.8,12,11.8,11.8,11.9,11.9,11.9,11.8,11.8,11.9,15.9,11.9,11.8,11.8,11.9,11.9,11.9,11.9,12,11.9,15.9,11.8,11.9,11.9,11.9,11.9,11.8,11.9,11.9,11.9,15.9,11.9,11.9,11.8,11.8,11.9,12,11.9,11.8,11.9,15.9,11.8,11.9,11.9,11.8,11.9,11.8,15.8,15.9
-0.0000106,15.9,11.9,11.9,11.9,11.9,11.8,11.8,11.9,11.9,12,11.9,15.8,11.9,11.9,11.9,11.7,11.9,11.9,11.9,11.8,11.7,15.9,11.8,11.9,11.9,11.9,11.9,12,11.7,11.9,12,15.8,11.9,11.9,11.9,11.9,11.8,11.7,11.9,12,11.7,15.9,11.8,11.9,11.9,11.9,12,11.9,11.9,11.9,11.8,15.9,11.9,11.8,11.8,11.9,11.9,11.8,11.7,11.8,11.9,15.8,11.9,11.8,11.9,12,11.9,12,11.9,11.9,11.9,15.9,11.8,11.9,11.9,11.8,11.9,11.9,11.8,11.9,11.9,15.9,11.9,11.9,11.8,11.8,11.9,11.9,11.9,11.9,11.9,15.9,11.8,11.9,11.9,11.8,11.8,11.8,15.9,15.8
-0.0000104,15.8,11.9,12,11.9,11.9,11.8,11.8,11.9,11.9,12,11.9,15.9,11.9,11.8,11.9,11.6,12,11.8,11.9,11.8,11.7,15.9,11.8,11.9,12,11.9,11.9,11.9,11.8,11.9,11.9,15.8,11.8,11.9,11.9,11.9,11.8,11.7,11.9,11.9,11.8,15.9,11.8,11.9,11.9,11.9,11.9,11.9,11.9,11.8,11.9,15.9,11.9,11.8,11.8,11.9,11.9,11.8,11.7,11.9,11.9,15.8,11.9,11.8,11.9,12,11.9,11.9,11.9,11.9,11.9,15.9,11.8,11.8,11.9,11.9,11.8,11.8,11.9,11.9,11.9,15.9,11.9,11.9,11.8,11.8,11.9,11.8,11.9,11.9,11.9,15.9,11.8,11.9,11.9,11.8,11.8,11.7,15.8,15.9
-0.0000102,15.8,11.8,12,11.9,11.8,11.9,11.8,11.9,11.9,12,11.9,15.9,11.9,11.8,11.9,11.7,11.9,11.8,11.8,11.9,11.8,15.9,11.8,11.9,12,11.9,12,11.9,11.8,11.9,12,15.8,11.7,11.9,11.9,11.9,11.9,11.7,11.9,11.9,11.8,15.9,11.8,11.9,11.9,11.9,11.9,12,11.8,11.8,11.9,15.9,11.9,11.8,11.8,11.9,11.9,11.8,11.8,11.8,11.9,15.9,11.9,11.8,11.9,12,11.9,11.9,11.8,11.9,11.9,15.8,11.8,11.8,11.9,11.9,11.9,11.9,11.8,11.9,11.9,15.9,12,11.9,11.8,11.9,11.9,11.9,11.8,11.9,11.9,15.9,11.8,12,11.8,11.8,11.8,11.7,15.8,15.8
-0.00001,15.8,11.8,12,11.9,11.9,11.8,11.9,11.9,12,12,11.9,15.9,11.8,11.8,11.8,11.7,11.9,11.8,11.8,11.8,11.7,15.9,11.8,11.8,12,11.9,11.9,11.8,11.8,11.9,12,15.9,11.7,11.8,12,11.8,11.9,11.8,11.8,11.9,11.8,15.9,11.8,12,11.9,11.9,11.9,12,11.8,11.8,12,15.9,11.8,11.8,11.8,11.9,11.9,11.8,11.8,11.8,11.9,15.9,11.8,11.9,12,11.9,11.8,11.8,11.9,11.9,11.9,15.9,11.8,11.8,11.9,11.8,11.8,11.9,11.9,11.9,11.8,15.9,12,11.9,11.8,11.8,11.8,11.8,11.8,11.9,11.9,15.9,11.9,11.9,11.8,11.9,11.8,11.8,15.9,15.8
-0.0000098,15.9,11.8,12,11.9,11.8,11.8,11.8,11.9,12,11.8,11.9,15.9,11.8,11.8,11.9,11.7,11.9,11.9,11.7,11.9,11.8,15.9,11.9,11.7,12,11.9,11.9,11.8,11.9,11.8,11.9,15.9,11.7,11.9,12,11.8,11.9,11.8,11.9,11.9,11.8,15.9,11.9,12,11.9,11.8,11.8,12,11.9,11.8,11.9,15.9,11.8,11.8,11.8,11.9,11.9,11.9,11.9,11.9,11.9,15.9,11.8,11.8,12,12,11.9,11.7,11.9,11.9,11.9,15.8,11.9,11.8,11.9,11.9,11.9,11.9,11.9,11.9,11.8,15.9,12.1,11.9,11.8,11.8,11.8,11.8,11.9,11.8,11.9,15.9,11.9,12,11.8,11.9,11.8,11.8,15.8,15.9
-0.0000096,15.9,11.8,11.9,11.9,11.9,11.8,11.9,11.9,12,11.8,11.8,15.9,11.9,11.8,11.9,11.7,11.9,11.9,11.8,11.9,11.8,15.9,12,11.7,12,11.8,11.9,11.8,11.9,11.8,11.9,15.9,11.7,11.9,12,11.8,11.9,11.9,11.8,11.9,11.8,15.9,11.9,12,11.8,11.9,11.8,12,11.8,11.7,11.9,15.8,11.8,11.8,11.8,11.9,11.9,11.9,11.9,11.8,11.9,15.8,11.8,11.8,11.9,11.9,11.8,11.7,11.9,11.9,11.9,15.9,11.9,11.8,11.9,11.8,11.8,11.9,12,11.9,11.9,15.9,12.1,11.9,11.9,11.8,11.8,11.8,11.8,11.9,11.9,15.9,11.9,11.9,11.9,11.9,11.8,11.8,15.8,15.8
-0.0000094,15.9,11.8,11.8,11.9,11.9,11.8,11.8,11.9,11.9,11.8,11.8,15.8,11.9,11.8,11.9,11.8,11.9,12,11.8,11.9,11.8,15.9,12,11.7,12,11.8,11.9,11.8,12,11.9,11.9,15.9,11.7,11.9,12,11.9,11.8,11.9,11.8,12,11.8,15.9,12,12,11.7,11.9,11.7,11.9,11.8,11.8,11.8,15.9,11.7,11.9,11.7,11.9,12,11.9,11.9,11.8,11.9,15.9,11.9,11.9,11.9,11.9,11.9,11.6,12,11.9,11.9,15.9,11.9,11.9,11.9,11.9,11.8,11.9,12,11.8,11.8,15.9,12.1,11.9,11.8,11.9,11.8,11.9,11.9,11.8,11.9,15.9,11.8,11.8,11.9,12,11.8,11.8,15.9,15.8
-0.0000092,15.9,11.8,11.9,11.9,11.9,11.8,11.8,11.8,11.8,11.7,11.9,15.9,11.9,11.9,11.9,11.8,11.9,12,11.9,11.9,11.9,15.9,12,11.8,11.9,11.9,11.9,11.8,11.9,11.8,11.9,15.9,11.7,11.9,12,11.8,11.8,11.9,11.8,11.9,11.8,15.9,12,12,11.8,11.9,11.8,11.9,11.8,11.8,11.7,15.8,11.8,11.9,11.7,11.9,12,12,11.9,11.8,11.9,15.8,11.9,11.8,11.9,11.9,11.9,11.7,12,11.8,11.9,15.9,11.9,11.9,11.9,11.8,11.8,11.9,12,11.8,11.9,15.9,12,11.9,11.9,11.9,11.9,11.9,11.9,11.8,11.9,15.9,11.8,11.8,11.9,11.9,11.9,11.9,15.8,15.8
-0.000009,15.9,11.9,11.9,11.9,12,11.8,11.8,11.8,11.9,11.8,11.9,15.9,11.9,11.8,11.9,11.8,11.9,12,12,11.8,11.9,15.9,11.9,11.9,12,11.9,11.9,11.9,11.9,11.8,11.9,15.9,11.7,11.9,11.9,11.9,11.8,12,11.8,12,11.8,15.9,12,12,11.8,11.9,11.8,11.9,11.8,11.8,11.7,15.9,11.8,11.9,11.7,11.9,12,12,11.9,11.8,11.9,15.9,11.9,11.9,11.9,11.9,11.9,11.7,12,11.9,11.9,15.9,11.9,12,11.9,11.8,11.9,11.9,12,11.7,11.9,15.8,12,11.9,11.8,11.9,11.9,11.9,11.9,11.8,11.9,15.9,11.8,11.8,11.9,11.9,11.9,12,15.8,15.8
-0.0000088,15.9,11.9,11.9,11.9,12,11.8,11.8,11.8,11.9,11.9,11.9,15.9,12,11.9,11.9,11.8,11.8,12,12,11.9,11.9,15.9,11.9,11.9,11.9,11.9,11.9,11.9,11.9,11.9,11.9,15.9,11.7,11.9,11.9,11.9,11.8,12,11.8,12,11.7,15.8,12,11.9,11.8,12,11.9,11.9,11.8,11.9,11.7,15.9,11.8,11.9,11.7,11.9,12,12,11.9,11.8,11.9,15.9,11.9,11.8,11.8,11.9,11.9,11.8,12,11.9,11.9,15.9,11.9,12,11.9,11.8,11.8,11.9,12,11.8,11.9,15.9,12,11.9,11.8,11.9,11.9,12,11.9,11.8,11.8,15.9,11.9,11.7,11.9,11.9,11.8,11.9,15.8,15.8
-0.0000086,15.8,12,11.8,11.9,11.9,11.9,11.8,11.8,11.8,11.9,11.9,15.9,11.9,11.9,11.9,11.8,11.9,11.9,12,11.8,11.9,15.9,11.9,11.9,11.9,11.9,12,11.9,11.9,11.8,11.9,15.9,11.7,11.8,11.9,11.9,11.8,11.9,11.8,12,11.8,15.9,12,11.9,11.8,11.9,11.9,11.9,11.9,11.9,11.7,15.9,11.9,11.9,11.8,11.9,11.9,12,11.8,11.8,11.9,15.9,11.8,11.9,11.8,11.9,11.9,11.8,11.9,11.8,11.9,15.9,11.9,12,11.9,11.8,11.9,11.9,11.9,11.8,11.8,15.9,11.9,11.9,11.9,11.9,12,12,11.9,11.9,11.9,15.9,11.9,11.8,12,11.8,11.9,12,15.9,15.8
-0.0000084,15.9,12,11.8,11.9,11.9,11.8,11.8,11.8,11.9,12,11.9,15.9,11.9,11.8,11.9,11.8,11.8,11.9,12,11.8,12,15.9,11.8,11.9,11.8,12,11.9,12,11.7,11.9,11.9,15.8,11.7,11.8,11.8,11.9,11.8,11.9,11.9,12,11.8,15.9,12,12,11.9,11.9,11.9,11.9,11.8,11.9,11.8,15.9,11.8,11.9,11.8,11.9,12,11.9,11.8,11.8,11.9,15.8,11.8,11.9,11.8,11.9,12,11.8,11.9,11.9,11.9,15.9,11.9,11.9,11.9,11.9,11.9,11.9,11.8,11.8,11.8,15.9,11.9,11.9,11.8,11.9,12,12,11.9,11.9,11.9,15.9,11.8,11.9,12,11.8,11.8,11.9,15.9,15.8
-0.0000082,15.8,11.9,11.8,11.9,11.9,11.9,11.8,11.9,11.9,12,11.9,15.9,11.9,11.8,11.8,11.8,11.8,11.8,11.9,11.8,12,15.8,11.8,11.9,11.9,12,11.9,11.9,11.8,11.9,11.9,15.9,11.8,11.8,11.8,12,11.8,12,11.9,12,11.9,15.9,11.9,12,11.9,11.8,12,11.9,11.9,11.9,11.8,15.9,11.8,11.8,11.8,11.9,11.9,12,11.8,11.8,11.9,15.9,11.8,11.9,11.8,11.9,11.9,11.8,11.8,11.9,11.9,15.9,11.9,11.9,11.9,11.9,11.9,11.9,11.9,11.8,11.8,15.9,11.8,11.9,11.8,11.8,12,11.9,11.9,11.9,11.9,15.9,11.9,12,12,11.8,11.8,11.9,15.9,15.8
-0.000008,15.9,11.9,11.8,11.9,11.8,11.9,11.8,11.9,11.9,11.9,11.9,15.9,11.9,11.8,11.9,11.8,11.9,11.8,11.9,11.8,11.9,15.9,11.9,11.9,11.9,11.9,11.9,12,11.7,11.9,11.9,15.9,11.8,11.8,11.9,11.9,11.8,12,11.9,11.9,11.9,15.9,11.9,12,11.9,11.8,11.9,11.9,11.8,11.9,11.9,15.9,11.9,11.8,11.8,11.9,12,11.9,11.8,11.9,11.9,15.9,11.7,11.9,11.9,11.9,11.8,11.8,11.8,11.9,11.9,15.9,11.8,11.8,11.8,11.9,11.9,11.9,11.9,11.9,11.8,15.8,11.9,11.9,11.8,11.8,12,12,11.8,12,11.9,15.9,11.8,11.9,11.9,11.9,11.8,11.8,15.9,15.8
-0.0000078,15.8,11.8,11.8,11.9,11.9,11.9,11.7,11.9,11.9,11.9,11.9,15.9,11.8,11.8,11.9,11.8,11.9,11.8,11.9,11.8,11.9,15.9,11.9,11.9,11.9,11.9,11.9,11.9,11.6,11.9,11.9,15.9,11.8,11.8,11.9,11.9,11.8,11.9,11.9,12,12,15.9,11.9,12,11.9,11.7,12,11.9,11.7,11.9,11.9,15.8,11.8,11.7,11.8,11.9,11.9,11.9,11.8,11.9,11.9,15.9,11.8,11.9,11.9,11.9,11.8,11.9,11.7,12,11.9,15.9,11.8,11.8,11.9,11.9,11.8,11.9,11.9,11.9,11.8,15.9,12,11.9,11.7,11.8,11.9,11.9,11.8,12,11.9,15.9,11.8,11.9,11.9,11.9,11.8,11.8,15.8,15.8
-0.0000076,15.9,11.8,11.8,11.9,11.9,11.9,11.8,11.9,11.9,11.9,11.8,15.9,11.8,11.8,11.8,11.9,11.9,11.8,11.8,11.8,11.8,15.8,11.9,11.9,11.9,11.9,11.9,11.8,11.7,11.9,11.9,15.9,11.8,11.8,11.9,11.9,11.9,11.9,11.9,11.9,12,15.9,11.9,12,11.9,11.7,11.9,12,11.7,11.8,11.9,15.9,11.9,11.8,11.8,11.9,11.9,11.9,11.8,11.9,11.9,15.9,11.7,11.9,11.9,11.9,11.8,11.9,11.8,12,12,15.8,11.9,11.8,11.9,11.8,11.8,11.8,11.9,11.9,11.8,15.9,12,11.9,11.7,11.8,11.9,12,11.9,12,11.9,15.9,11.8,11.9,11.9,11.9,11.9,11.7,15.9,15.8
-0.0000074,15.9,11.8,11.8,11.8,11.9,11.9,11.8,11.9,11.9,11.7,11.9,15.9,11.9,11.9,11.8,11.8,12,11.8,11.8,11.8,11.8,15.9,12,11.8,11.9,11.9,11.9,11.9,11.7,11.9,11.9,15.9,11.8,11.8,12,11.9,11.9,11.9,11.9,11.9,12,15.9,11.8,12,12,11.7,11.9,12,11.7,11.8,11.9,15.9,12,11.8,11.8,11.9,11.9,11.9,11.9,12,11.9,15.8,11.8,11.9,11.8,11.9,11.8,12,11.8,12,12,15.9,11.9,11.8,11.9,11.8,11.8,11.8,12,11.8,11.8,15.9,12,11.9,11.8,11.8,11.8,11.9,11.8,12,12,15.9,11.8,11.8,11.9,11.9,11.8,11.7,15.8,15.8
-0.0000072,15.8,11.8,11.9,11.9,12,11.8,11.8,11.8,11.9,11.7,11.8,15.8,11.9,11.9,11.9,11.8,12,11.8,11.8,11.7,11.7,15.9,12,11.8,11.8,11.9,11.8,11.8,11.7,11.9,11.9,15.9,11.8,11.9,12,11.8,11.8,11.9,11.9,12,12,15.9,11.8,12,12,11.7,11.9,11.9,11.8,11.9,11.9,15.9,12,11.8,11.8,11.8,11.9,11.8,11.9,12,11.8,15.9,11.9,11.9,11.9,11.9,11.7,11.9,11.9,11.9,12,15.9,11.9,11.9,11.9,11.8,11.8,11.8,12,11.8,11.9,15.9,12,12,11.8,11.8,11.9,11.9,11.8,11.8,12,15.9,11.9,11.7,11.8,11.9,11.8,11.8,15.8,15.8
-0.000007,15.9,11.8,11.9,11.8,12,11.8,11.9,11.9,11.9,11.8,11.8,15.9,11.9,12,11.9,11.9,12,11.8,11.8,11.8,11.7,15.9,12,11.8,11.8,11.9,11.8,11.8,11.7,11.8,11.9,15.8,11.8,11.9,12,11.7,11.9,11.9,11.8,11.9,11.9,15.8,11.9,12,11.9,11.8,11.9,11.9,11.9,11.8,11.8,15.8,12,11.9,11.8,11.8,11.9,11.8,11.9,12,11.9,15.9,11.9,11.9,11.9,12,11.8,11.9,11.9,11.9,12,15.9,11.9,11.9,11.9,11.8,11.8,11.9,12,11.8,11.9,15.8,12,11.9,11.8,11.8,11.8,11.9,11.9,11.8,11.9,15.9,11.9,11.7,11.9,11.9,11.9,11.8,15.8,15.8
-0.0000068,15.9,11.8,11.9,11.8,11.9,11.8,11.9,11.9,11.9,11.8,11.9,15.9,11.9,12,11.8,11.8,12,11.8,11.9,11.8,11.7,15.9,12,11.8,11.7,11.9,11.8,11.8,11.7,11.8,11.9,15.9,11.8,11.9,12,11.8,11.9,11.9,11.8,12,11.9,15.9,11.9,11.9,11.8,11.9,11.8,11.9,11.9,11.9,11.8,15.9,12,11.8,11.7,11.8,12,11.8,11.8,11.9,11.9,15.8,11.9,11.9,11.9,11.9,11.8,12,11.9,11.9,12,15.9,11.9,11.9,11.9,11.8,11.8,11.9,12,11.8,11.9,15.8,12,11.9,11.9,11.9,11.8,11.9,11.8,11.7,11.9,15.8,11.8,11.7,11.9,12,11.9,11.9,15.8,15.9
-0.0000066,15.9,11.8,11.9,11.9,11.9,11.8,11.9,11.9,11.9,11.8,11.8,15.9,11.9,11.9,11.9,11.8,11.9,11.9,11.9,11.8,11.8,15.9,11.9,11.8,11.7,11.9,12,11.8,11.8,11.8,11.9,15.9,11.9,11.9,12,11.8,11.8,11.9,11.8,12,11.8,15.9,12,11.9,11.8,11.9,11.8,11.9,12,11.9,11.8,15.9,12,11.9,11.8,11.8,11.9,11.9,11.9,11.8,11.9,15.9,12,11.9,12,11.9,11.9,11.9,12,11.9,12,15.9,11.8,11.9,11.8,11.8,11.8,12,12,11.8,11.9,15.9,11.9,11.9,11.9,11.9,11.8,11.9,11.9,11.7,11.9,15.9,11.9,11.7,11.8,12,11.9,11.9,15.8,15.9
-0.0000064,15.9,11.8,11.9,11.9,11.9,11.7,11.9,11.9,11.9,11.9,11.9,15.9,12,12,11.8,11.9,11.9,11.9,11.9,11.9,11.9,15.9,11.9,11.8,11.7,12,12,11.9,11.8,11.8,11.9,15.9,11.9,11.9,12,11.8,11.9,11.9,11.8,12,11.8,15.9,12,11.9,11.8,11.9,11.8,11.9,12,11.9,11.8,15.9,12,11.9,11.8,11.8,11.9,11.9,11.8,11.8,11.8,15.9,11.9,11.9,11.9,12,11.9,11.9,12,11.8,11.9,15.9,11.9,12,11.9,11.9,11.9,11.9,12,11.8,11.9,15.9,12,11.9,11.9,11.9,11.9,11.9,11.8,11.6,11.8,15.9,11.9,11.8,11.9,11.9,11.9,11.9,15.8,15.9
-0.0000062,15.9,11.8,11.9,11.8,11.9,11.8,11.9,11.8,12,11.9,11.9,15.9,11.9,11.9,11.8,11.8,11.9,11.9,11.9,11.9,12,15.9,11.9,11.7,11.7,11.9,12,11.9,11.7,11.8,11.9,15.9,11.9,11.9,11.9,11.9,11.8,11.9,11.9,12,11.8,15.8,12,11.8,11.8,11.9,11.9,11.9,12,11.9,11.8,15.9,11.9,11.9,11.7,11.8,11.9,11.9,11.8,11.7,11.8,15.8,11.9,11.9,12,11.9,12,11.9,12,11.8,11.9,15.9,11.9,12,11.9,11.9,11.9,12,11.9,11.8,11.8,15.8,11.9,11.9,12,11.9,11.9,11.9,11.8,11.6,11.8,15.9,11.8,11.9,11.9,11.9,11.9,11.9,15.9,15.8
-0.000006,15.8,11.8,11.8,11.9,11.8,11.8,11.9,11.8,12,12,11.8,15.9,12,11.8,11.9,11.8,11.9,11.9,11.9,11.9,11.9,15.9,11.9,11.8,11.8,11.8,12,11.9,11.8,11.9,11.9,15.9,11.9,11.9,11.9,11.9,11.9,11.9,11.9,12,11.9,15.9,12,11.8,11.8,11.9,11.9,11.9,11.9,11.9,11.8,15.9,11.8,11.9,11.8,11.9,12,11.9,11.9,11.7,11.8,15.9,11.9,11.9,12,11.9,11.9,11.8,11.9,11.8,11.8,15.9,11.8,12,11.9,12,11.9,12,11.9,11.9,11.8,15.8,11.9,11.8,11.9,11.9,12,11.9,11.9,11.6,11.8,15.9,11.8,11.9,11.9,11.9,11.9,11.9,15.8,15.8
-0.0000058,15.8,11.9,11.9,11.9,11.9,11.8,11.9,11.8,12,11.9,11.9,15.9,11.9,11.8,11.9,11.8,11.8,11.9,11.9,11.9,12,15.9,11.9,11.8,11.9,11.9,12,11.9,11.8,11.9,11.9,15.9,11.9,11.9,11.9,12,11.9,11.9,12,12,11.9,15.9,12,11.8,11.9,11.8,11.8,11.9,11.9,11.9,11.8,15.9,11.8,11.8,11.7,11.9,11.9,11.9,11.9,11.7,11.8,15.8,11.8,11.9,12,11.9,11.9,11.8,11.9,11.8,11.8,15.9,11.9,11.9,11.9,11.9,11.9,12,11.9,12,11.8,15.9,11.9,11.8,11.9,11.9,12,11.9,11.9,11.7,11.8,15.9,11.9,12,11.9,11.9,11.9,11.9,15.8,15.9
-0.0000056,15.9,11.8,11.8,11.9,11.9,11.8,11.8,11.8,12,11.9,11.9,15.9,11.9,11.8,11.9,11.8,11.8,11.9,11.9,11.9,11.9,15.9,11.9,11.8,12,11.9,12,11.9,11.8,11.9,11.9,15.9,11.8,11.9,11.9,12,11.8,11.9,12,11.9,11.9,15.9,12,11.9,11.9,11.8,11.8,11.9,11.9,11.8,11.8,15.8,11.8,11.8,11.8,11.9,11.9,12,11.8,11.7,11.8,15.9,11.9,11.8,12,12,11.9,11.7,11.8,11.9,11.8,15.9,11.8,11.9,12,11.9,11.9,11.9,11.9,12,11.8,15.9,11.9,11.9,11.9,11.9,11.9,11.9,11.9,11.8,11.8,15.9,11.9,12,11.9,11.9,11.9,11.8,15.8,15.8
-0.0000054,15.9,11.8,11.8,11.9,11.9,11.8,11.8,11.8,12,11.9,11.8,15.8,11.8,11.8,11.9,11.9,11.8,12,11.8,11.8,11.9,15.9,11.9,11.8,12,11.9,11.9,11.9,11.9,11.9,11.9,15.9,11.8,11.8,11.9,11.9,11.8,11.9,12,11.8,12,15.9,12,11.9,11.9,11.7,11.8,11.9,11.9,11.8,11.8,15.9,11.8,11.8,11.8,12,11.9,11.9,11.8,11.7,11.9,15.8,11.8,11.8,12,12,11.9,11.7,11.9,11.9,11.9,15.9,11.9,11.9,12,11.9,11.9,12,11.8,12,11.8,15.8,11.9,11.9,11.8,11.9,11.9,11.9,11.8,11.8,11.9,15.9,11.8,11.9,11.9,11.9,11.9,11.8,15.8,15.8
-0.0000052,15.9,11.8,11.8,11.9,11.9,11.8,11.8,11.8,12,11.9,11.8,15.9,11.9,11.8,11.9,11.9,11.8,11.9,11.8,11.8,11.9,15.8,11.9,11.9,12,11.8,11.9,11.9,11.8,11.9,11.9,15.9,11.8,11.8,11.9,11.9,11.8,11.9,12,11.8,11.9,15.9,12,11.9,11.9,11.8,11.8,11.9,11.9,11.8,11.8,15.9,11.9,11.9,11.8,12,11.9,11.9,11.9,11.8,11.9,15.9,11.8,11.9,11.9,12,11.9,11.7,11.8,11.9,11.9,15.9,11.9,11.8,12,11.9,11.9,11.9,11.8,12,11.8,15.9,11.9,11.9,11.8,11.9,11.8,11.9,11.9,11.9,11.9,15.9,11.8,11.9,11.9,11.9,11.9,11.8,15.9,15.8
-0.000005,15.9,11.7,11.8,11.9,11.9,11.9,11.8,11.8,11.9,11.9,11.9,15.9,11.9,11.8,11.9,11.9,11.9,11.9,11.9,11.8,11.7,15.8,11.9,11.8,12,11.9,11.9,11.9,11.9,11.9,11.9,15.9,11.7,11.9,11.9,11.9,11.9,11.9,12,11.8,11.9,15.9,12,11.8,11.9,11.7,11.8,11.9,12,11.8,11.8,15.9,11.9,11.8,11.8,12,11.9,11.9,11.9,11.8,11.9,15.9,11.8,11.8,11.9,12,11.9,11.8,11.8,11.9,11.9,15.8,11.9,11.9,12,11.8,11.8,11.9,11.8,11.9,11.8,15.9,11.9,11.9,11.8,11.9,11.8,11.9,11.9,12,11.9,15.9,11.8,11.8,11.9,11.9,11.9,11.8,15.8,15.8
-0.0000048,15.9,11.8,11.8,11.9,12,11.8,11.9,11.8,11.9,11.9,11.8,15.9,11.9,11.9,11.9,11.9,11.9,11.9,11.9,11.8,11.7,15.9,11.9,11.8,11.9,11.9,11.8,11.9,11.9,11.9,11.9,15.9,11.8,11.9,11.9,11.8,11.9,11.9,11.9,11.8,11.9,15.9,11.9,11.9,11.9,11.8,11.7,11.9,12,11.9,11.8,15.9,12,11.8,11.8,11.9,11.8,11.9,11.9,11.8,11.9,15.9,11.8,12,11.8,12,11.8,11.8,11.8,11.9,11.9,15.9,11.9,11.9,12,11.8,11.8,11.9,11.8,11.9,11.9,15.9,12,11.9,11.8,11.9,11.8,11.9,11.9,12,11.9,15.9,11.8,11.8,11.9,11.9,11.9,11.8,15.8,15.8
-0.0000046,15.9,11.8,11.8,11.9,12,11.8,11.9,11.8,11.9,11.9,11.8,15.8,11.9,11.8,11.8,11.8,11.9,12,11.9,11.7,11.7,15.9,11.9,11.7,11.9,11.9,11.9,11.9,11.9,11.9,12,15.8,11.7,11.9,11.9,11.8,11.9,11.9,11.8,11.9,11.9,15.8,11.9,11.9,11.9,11.8,11.7,11.9,12,11.9,11.8,15.9,12,11.9,11.8,11.9,11.8,11.9,11.9,11.8,12,15.9,11.8,12,11.8,12,11.8,11.8,11.9,11.9,11.9,15.9,11.9,11.9,11.9,11.8,11.8,11.8,11.8,11.8,11.9,15.9,12,11.9,11.8,11.9,11.8,11.9,11.8,12,11.9,15.9,11.8,11.8,11.8,12,11.9,11.8,15.8,15.9
-0.0000044,15.8,11.8,11.9,11.9,12,11.8,11.8,11.8,11.8,11.8,11.8,15.9,11.9,12,11.8,11.9,11.9,11.9,11.9,11.8,11.8,15.9,11.9,11.8,11.9,11.9,11.9,11.9,11.9,11.8,12,15.8,11.7,11.9,11.9,11.8,11.8,11.8,11.8,11.9,11.9,15.9,12,11.9,11.9,11.8,11.7,11.9,12,11.9,11.8,15.9,12,11.8,11.8,11.8,11.8,11.8,11.9,11.9,12,15.9,11.9,12,11.8,11.9,11.8,11.9,11.9,12,11.9,15.9,11.9,11.9,11.7,11.9,11.8,11.8,11.8,11.8,11.9,15.9,12,11.9,11.8,11.9,11.8,11.9,11.9,12,11.9,15.9,11.8,11.8,11.9,12,11.9,11.9,15.8,15.8
-0.0000042,15.8,11.8,11.9,11.9,12,11.8,11.8,11.9,11.8,11.8,11.8,15.9,11.9,11.9,11.9,11.8,11.9,11.9,11.9,11.8,11.9,15.9,11.8,11.8,11.8,11.9,11.9,11.9,11.9,11.8,12,15.9,11.8,11.9,11.9,11.9,11.9,11.9,11.9,11.9,11.8,15.9,12,11.9,11.9,11.8,11.7,11.9,12,12,11.8,15.9,12,11.8,11.9,11.9,11.8,11.8,11.9,11.9,12,15.9,11.8,12,11.9,11.9,11.9,11.8,11.9,11.9,11.9,15.8,11.9,11.8,11.7,11.8,11.8,11.8,11.8,11.8,11.9,15.9,12,11.9,11.9,11.8,11.8,11.9,11.9,11.9,11.8,15.9,11.8,11.9,11.9,12,11.9,11.8,15.9,15.9
-0.000004,15.9,11.8,11.9,11.8,12,11.8,11.8,11.8,11.9,11.9,11.9,15.9,11.9,11.9,11.8,11.8,11.9,11.9,11.8,11.9,11.9,15.9,11.8,11.8,11.8,11.9,11.9,11.9,11.8,11.8,12,15.9,11.8,12,11.9,11.9,11.9,11.8,11.8,11.9,11.9,15.8,12,11.9,11.9,11.8,11.6,11.9,12,11.9,11.8,15.9,12,11.9,11.8,11.9,11.9,11.9,11.9,11.8,12,15.8,11.9,11.9,11.9,11.9,11.9,11.9,11.9,11.9,11.9,15.8,11.9,11.9,11.7,11.9,11.8,11.9,11.8,11.9,11.9,15.9,12,11.9,11.9,11.8,11.9,11.9,11.9,11.8,11.8,15.8,11.8,11.9,11.9,12,11.9,11.8,15.8,15.8
-0.0000038,15.8,11.9,11.9,11.9,11.9,11.8,11.8,11.9,11.9,11.9,11.9,15.9,11.8,11.9,11.8,11.7,11.9,11.8,11.9,11.9,11.9,15.9,11.8,11.8,11.8,11.9,11.8,11.8,11.9,11.8,11.9,15.9,11.7,11.9,11.9,11.9,11.8,11.9,11.9,11.9,11.9,15.9,11.9,12,11.9,11.8,11.7,11.9,11.9,11.9,11.8,15.8,12,11.9,11.9,11.9,11.8,12,11.9,11.8,11.9,15.9,11.8,11.9,11.9,11.9,11.9,11.8,11.9,11.9,11.9,15.9,11.9,11.9,11.7,11.9,11.8,11.8,11.9,11.9,11.8,15.9,12,11.9,11.9,11.9,11.9,12,11.9,11.8,11.8,15.9,11.8,11.9,11.9,11.9,11.9,11.8,15.9,15.9
-0.0000036,15.9,11.8,11.9,11.9,11.9,11.8,11.8,11.9,12,11.9,11.8,15.9,11.9,11.9,11.9,11.7,11.9,11.9,11.9,11.9,12,15.8,11.8,11.8,11.9,12,11.8,11.8,11.9,11.8,11.9,15.9,11.8,11.9,11.9,11.9,11.8,11.9,11.9,11.9,11.9,15.8,11.9,11.9,11.9,11.8,11.8,11.8,11.9,11.9,11.8,15.9,12,11.8,11.9,11.9,11.8,12,11.9,11.8,11.9,15.9,11.8,11.8,12,11.9,11.9,11.8,11.9,11.9,11.9,15.9,11.8,11.9,11.6,11.9,11.8,11.8,11.9,11.9,11.8,15.9,12,11.9,11.9,11.8,11.9,11.9,11.9,11.7,11.8,15.9,11.9,11.9,11.9,11.9,11.9,11.9,15.8,15.9
-0.0000034,15.8,11.9,11.8,11.9,11.8,11.8,11.8,11.9,12,11.9,11.9,15.9,11.9,11.9,11.9,11.8,11.9,11.8,11.9,11.8,11.9,15.9,11.9,11.8,11.9,12,11.8,11.9,11.8,11.9,11.9,15.8,11.8,11.9,11.9,12,11.8,11.9,11.9,11.9,11.9,15.9,12,12,11.9,11.8,11.8,11.9,11.8,11.8,11.7,15.9,11.9,11.8,12,11.9,11.9,12,11.8,11.8,11.9,15.9,11.8,11.8,11.9,11.9,11.9,11.8,11.9,11.9,11.8,15.9,11.8,11.9,11.8,12,11.8,11.8,11.9,11.9,11.9,15.9,11.9,11.9,11.8,11.8,12,11.9,11.8,11.8,11.8,15.9,11.8,11.9,11.9,11.9,12,11.9,15.8,15.9
-0.0000032,15.9,11.9,11.8,11.9,11.9,11.9,11.8,11.9,12,11.9,11.9,15.9,11.9,11.9,11.9,11.7,11.9,11.9,11.9,11.9,11.9,15.9,11.9,11.8,11.9,11.9,11.8,11.9,11.8,11.9,11.8,15.9,11.8,11.9,11.9,12,11.8,11.9,11.9,11.9,11.9,15.9,12,11.9,11.9,11.8,11.9,11.9,11.8,11.8,11.8,15.9,11.8,11.8,11.9,11.9,11.9,12,11.8,11.7,11.9,15.9,11.8,11.8,11.9,11.9,11.9,11.7,11.9,11.9,11.9,15.9,11.8,11.9,11.8,12,11.8,11.9,12,11.9,11.8,15.8,11.9,11.8,11.8,11.8,12,11.9,11.8,11.8,11.9,15.9,11.9,11.9,11.9,11.9,11.9,11.9,15.8,15.9
-0.000003,15.8,11.8,11.8,11.9,11.9,11.9,11.8,11.9,12,11.9,11.8,15.9,11.9,11.8,11.9,11.8,11.9,11.9,11.9,11.9,11.9,15.9,11.9,11.8,12,12,11.8,11.9,11.8,11.9,11.8,15.8,11.8,11.9,11.8,11.9,11.8,11.9,11.9,11.9,11.9,15.9,11.8,11.9,11.9,11.8,12,11.9,11.7,11.9,11.8,15.9,11.8,11.8,11.8,12,11.9,12,11.8,11.7,11.8,15.9,11.8,11.8,11.9,11.9,11.8,11.7,11.9,11.9,11.9,15.9,11.7,12,11.9,12,11.8,11.9,12,11.9,11.8,15.8,12,11.8,11.8,11.9,12,12,11.7,11.8,11.9,15.9,11.9,11.8,11.9,11.9,11.9,11.9,15.9,15.9
-0.0000028,15.9,11.8,11.8,11.9,12,11.9,11.8,11.8,11.9,12,11.9,15.9,11.9,11.8,11.9,11.9,11.9,11.9,11.9,11.8,11.8,15.9,11.9,11.8,11.9,11.9,11.9,11.9,11.8,11.9,11.8,15.9,11.8,11.9,11.9,11.9,11.9,12,11.9,11.9,11.9,15.9,11.7,11.9,11.8,11.8,12,11.9,11.7,11.9,11.8,15.9,11.7,11.9,11.8,11.9,11.9,12,11.8,11.7,11.9,15.9,11.8,11.7,11.9,11.9,11.9,11.7,11.9,11.9,11.9,15.9,11.7,11.9,12,11.9,11.8,11.9,12,11.9,11.8,15.9,11.9,11.9,11.8,11.9,12,12,11.7,11.8,11.9,15.9,11.9,11.9,11.9,11.9,11.9,11.9,15.8,15.8
-0.0000026,15.9,11.8,11.9,11.9,12,11.8,11.9,11.7,11.9,12,11.8,15.8,11.9,11.9,11.9,11.9,12,11.9,11.9,11.8,11.8,15.8,11.9,11.8,11.9,11.9,12,11.9,11.8,11.9,11.8,15.9,11.9,11.9,11.9,11.9,11.8,12,11.9,11.8,11.9,15.8,11.8,11.9,11.9,11.8,12,11.9,11.8,11.9,11.8,15.9,11.8,11.9,11.7,11.9,11.9,11.9,11.8,11.8,11.9,15.9,11.9,11.8,11.9,12,11.7,11.8,11.9,12,12,15.8,11.8,12,12,11.9,11.9,12,12,11.9,11.8,15.9,11.9,11.9,11.8,12,11.9,12,11.7,11.9,12,15.9,11.9,11.9,11.9,12,11.9,11.9,15.8,15.8
-0.0000024,15.9,11.8,11.9,11.9,12,11.9,11.9,11.7,11.9,12,11.9,15.9,11.9,11.9,11.8,11.9,11.9,12,11.9,11.8,11.8,15.9,11.9,11.8,11.9,11.9,12,11.9,11.8,11.9,11.9,15.9,11.8,11.9,11.8,11.9,11.8,12,11.9,11.9,11.9,15.9,11.7,12,11.9,11.8,11.9,11.9,11.8,11.8,11.8,15.9,11.8,11.8,11.7,12,11.9,11.9,11.8,11.9,11.9,15.9,11.8,11.8,11.9,11.9,11.8,11.8,11.9,11.9,11.9,15.9,11.8,11.9,12,11.9,11.8,11.9,12,11.9,11.9,15.8,11.9,12,11.8,12,11.9,12,11.8,11.9,11.9,15.9,11.9,11.8,11.9,11.9,11.8,11.8,15.9,15.8
-0.0000022,15.9,11.8,11.9,11.9,12,11.9,11.9,11.8,11.9,12,11.9,15.9,11.9,11.9,11.9,11.7,11.9,11.9,11.8,11.8,11.8,15.9,11.9,11.8,11.8,11.9,12,11.9,11.9,11.9,11.9,15.9,11.8,11.9,11.9,11.9,11.8,11.9,11.9,11.9,11.9,15.9,11.7,11.9,11.9,11.8,11.9,11.9,11.9,11.9,11.8,15.9,11.9,11.8,11.7,11.9,11.9,11.9,11.8,11.9,11.9,15.9,11.8,11.9,11.9,11.9,11.8,11.8,11.8,11.9,12,15.9,11.9,11.9,12,11.9,11.9,11.9,11.9,11.9,11.9,15.9,12,12,11.8,12,11.9,12,11.8,12,12,15.9,11.8,11.9,11.9,12,11.8,11.8,15.8,15.9
-0.000002,15.9,11.8,12,11.9,12,11.8,11.9,11.8,11.9,11.9,11.9,15.9,11.9,11.9,11.8,11.6,12,12,11.8,11.8,11.8,15.9,11.8,11.8,11.8,11.9,11.9,11.9,11.8,11.8,11.9,15.9,11.8,11.8,11.9,11.9,11.8,11.9,11.8,11.9,11.9,15.9,11.8,11.9,11.9,11.8,11.8,11.9,11.9,11.8,11.8,15.9,11.9,11.8,11.7,11.9,11.9,11.8,11.8,11.9,11.9,15.9,11.8,11.9,11.9,11.9,11.9,11.9,11.9,11.9,12,15.9,11.9,11.8,11.9,11.8,11.9,11.9,11.9,11.9,11.9,15.8,12,12,11.9,12,11.8,11.9,11.9,11.9,11.9,15.9,11.8,11.9,11.9,12,11.8,11.8,15.8,15.9
-0.0000018,15.9,11.8,12,11.9,12,11.8,11.8,11.9,11.9,11.8,11.9,15.9,11.9,11.9,11.8,11.6,11.9,12,11.9,11.8,11.8,15.9,11.8,11.8,11.8,11.9,11.9,11.8,11.8,11.9,11.9,15.9,11.8,11.9,11.9,12,11.8,11.9,11.9,11.9,11.9,15.8,11.9,12,11.9,11.8,11.7,11.9,11.9,11.8,11.8,15.9,12,11.9,11.6,11.9,11.9,11.9,11.9,11.9,11.9,15.9,11.8,11.9,11.9,11.9,11.9,11.9,11.8,11.9,11.9,15.9,12,11.9,11.8,11.8,11.9,11.9,11.8,11.8,11.8,15.9,11.9,12,11.8,11.9,11.9,11.9,11.9,11.9,11.9,15.9,11.8,11.8,11.9,11.9,11.8,11.8,15.9,15.8
-0.0000016,15.9,11.9,11.9,11.9,12,11.8,11.8,11.9,11.9,11.8,11.8,15.9,11.9,11.9,11.8,11.6,12,12,11.9,11.8,11.8,15.9,11.8,11.8,11.8,11.9,11.9,11.9,11.8,11.9,12,15.8,11.8,11.8,11.9,11.9,11.8,11.9,11.9,11.9,11.9,15.9,12,12,11.9,11.8,11.8,11.9,12,11.8,11.8,15.9,12,11.9,11.7,11.8,11.9,11.9,11.9,11.9,11.9,15.9,11.8,12,11.9,11.9,11.9,11.9,11.8,11.9,11.9,15.9,12,11.8,11.8,11.8,11.8,11.8,11.8,11.9,11.9,15.9,11.9,12,11.9,11.9,11.8,11.8,11.9,11.9,11.9,15.9,11.9,11.8,11.9,11.9,11.8,11.8,15.9,15.9
-0.0000014,15.9,11.8,11.9,11.9,12,11.8,11.9,11.9,12,11.8,11.9,15.9,12,11.9,11.8,11.7,11.9,12,11.9,11.8,11.8,15.9,11.9,11.8,11.8,11.9,11.8,11.9,11.9,11.9,12,15.9,11.8,11.8,11.9,11.9,11.9,11.8,11.9,12,11.9,15.9,11.9,12,11.9,11.8,11.8,11.9,11.9,11.8,11.8,15.8,12,11.8,11.8,11.8,11.9,11.9,11.8,11.9,11.9,15.9,11.8,12,11.9,11.8,11.9,11.9,11.8,11.9,11.9,15.9,12,11.9,11.8,11.8,11.8,11.8,11.8,11.9,11.8,15.9,11.9,11.9,11.8,11.7,11.9,11.9,11.9,11.8,11.9,15.8,11.9,11.8,11.9,11.9,11.9,11.7,15.9,15.9
-0.0000012,15.9,11.9,11.8,11.9,11.9,11.8,11.8,12,12,11.8,11.9,15.9,12,11.9,11.8,11.8,11.9,12,11.9,11.8,11.9,15.8,11.9,11.8,11.8,11.9,11.7,11.9,11.8,11.9,12,15.8,11.8,11.8,11.9,11.8,11.9,11.8,11.9,11.9,11.9,15.9,12,12.1,11.9,11.8,11.8,11.9,11.8,11.8,11.7,15.9,12,11.9,11.8,11.8,11.9,11.9,11.9,11.8,11.9,15.8,11.8,11.9,11.9,11.8,12,11.9,11.7,11.9,11.8,15.9,11.9,11.9,11.9,11.9,11.9,11.8,11.9,11.9,11.8,15.9,11.9,11.9,11.9,11.8,11.9,11.8,11.9,11.9,11.8,15.9,11.8,11.7,11.9,11.9,11.9,11.9,15.8,15.8
-0.000001,15.9,11.9,11.7,11.9,11.9,11.8,11.9,11.9,12,11.8,11.9,15.8,11.9,11.9,11.9,11.9,11.9,12,11.9,11.8,11.9,15.9,11.9,11.8,11.8,11.9,11.8,11.9,11.9,11.9,11.9,15.8,11.8,11.8,11.9,11.9,11.9,11.8,11.9,11.9,11.9,15.9,12,12.1,11.9,11.8,11.8,11.9,11.9,11.8,11.7,15.9,12,11.8,11.8,11.9,11.9,11.9,11.9,11.8,11.9,15.9,11.8,11.8,11.9,11.8,11.9,11.9,11.8,11.9,11.7,15.8,11.9,11.9,11.8,11.9,11.9,11.8,11.9,11.9,11.9,15.9,11.9,11.9,11.9,11.8,11.9,11.9,11.9,11.8,11.9,15.9,11.8,11.7,11.9,11.8,12,11.9,15.8,15.9
-0.0000008,15.8,11.8,11.6,11.9,11.9,11.8,11.9,11.9,11.9,11.8,11.8,15.9,11.9,11.8,11.9,12,11.9,12,11.9,11.9,11.9,15.9,11.9,11.8,11.8,11.9,11.9,11.9,11.9,11.9,11.9,15.9,11.8,11.9,11.9,11.9,11.9,11.9,12,11.9,11.9,15.9,11.9,12.1,11.9,11.8,11.9,11.9,11.8,11.8,11.8,15.8,12,11.8,11.8,11.9,11.9,11.9,11.8,11.8,11.9,15.9,11.8,11.8,11.9,11.9,11.9,11.9,11.8,11.9,11.7,15.9,11.8,11.9,11.8,11.9,11.9,11.9,12,11.9,11.8,15.9,11.9,11.8,11.9,11.9,12,11.9,11.9,11.7,11.8,15.8,11.8,11.6,11.9,11.8,11.9,11.9,15.9,15.9
-0.0000006,15.9,11.8,11.7,11.9,11.9,11.8,11.9,11.8,11.9,11.9,11.9,15.9,11.9,11.9,11.9,12,11.9,12,11.9,11.8,12,15.8,11.9,11.9,11.9,12,11.9,11.9,11.8,11.9,11.9,15.9,11.8,11.9,11.9,11.9,11.9,11.9,11.9,11.9,11.9,15.9,11.9,12,11.9,11.9,11.9,11.9,11.7,11.8,11.8,15.9,11.9,11.8,11.8,11.9,11.9,12,11.8,11.8,11.9,15.9,11.8,11.8,11.9,11.9,11.9,11.8,11.9,11.9,11.9,15.9,11.8,11.9,11.8,11.9,11.9,12,12,11.9,11.8,15.9,11.9,11.8,11.9,11.9,11.9,11.8,11.8,11.7,11.9,15.9,11.8,11.6,12,11.8,12,11.9,15.8,15.8
-0.0000004,15.9,11.9,11.7,12,11.9,11.8,11.9,11.8,11.9,11.8,11.8,15.9,11.8,11.9,11.9,12,11.9,11.9,11.9,11.9,11.9,15.9,12,11.9,11.8,11.9,12,11.9,11.8,11.9,11.9,15.8,11.7,11.9,11.9,11.9,11.9,11.9,11.9,11.9,11.8,15.9,11.9,12,11.9,11.8,11.9,11.9,11.9,11.9,11.9,15.8,11.9,11.8,11.8,12,11.9,11.9,11.8,11.8,11.9,15.9,11.8,11.7,11.9,12,11.9,11.8,11.9,11.9,11.9,15.8,11.8,12,11.8,11.9,11.9,12,12,11.9,11.9,15.9,11.9,11.8,11.9,12,11.9,11.8,11.9,11.7,11.9,15.9,11.9,11.6,11.9,11.8,12,12,15.8,15.8
-0.0000002,15.9,11.8,11.8,12,11.9,11.8,11.9,11.8,11.8,11.9,11.8,15.9,11.8,11.9,11.8,12,11.9,11.9,11.9,11.9,12,15.9,12,11.8,11.9,11.9,12,11.9,11.7,11.9,11.9,15.9,11.8,11.9,11.9,11.9,11.9,11.9,11.9,11.9,11.9,15.9,11.9,11.9,11.9,11.8,11.9,11.9,11.8,11.9,11.9,15.9,11.8,11.8,11.7,12,11.9,11.9,11.8,11.9,11.9,15.9,11.8,11.7,11.9,12,11.8,11.8,12,11.9,11.9,15.9,11.8,12,11.8,11.9,11.9,11.9,12,11.9,11.9,15.8,11.9,11.9,11.8,12,11.9,11.9,11.8,11.7,11.9,15.9,11.9,11.7,11.9,11.8,11.9,11.9,15.8,15.8
-1.14E-20,15.9,11.8,11.8,12,11.9,11.9,11.9,11.8,11.8,11.9,11.8,15.9,11.7,11.9,11.8,12,11.9,11.9,12,11.8,11.9,15.9,11.9,11.8,11.9,11.9,12.1,11.9,11.7,11.9,11.9,15.9,11.6,11.9,11.9,11.9,11.9,11.9,11.9,11.9,11.9,15.9,11.9,11.8,12,11.8,11.9,11.9,11.9,11.9,11.9,15.9,11.9,11.9,11.8,12,11.9,11.8,11.8,11.9,11.9,15.8,11.8,11.7,11.9,12,11.8,11.8,11.9,11.9,12,15.9,11.8,12,11.8,11.9,11.9,12,11.9,11.9,11.9,15.9,11.9,11.9,11.8,12,11.9,11.9,11.8,11.8,11.9,15.9,11.8,11.8,11.9,11.8,11.9,11.9,15.9,15.8
0.0000002,15.8,11.8,11.8,11.9,11.9,11.8,11.9,11.8,11.8,11.9,11.8,15.9,11.7,11.9,11.8,11.9,11.9,11.9,11.9,11.8,11.9,15.9,12,11.8,12,11.9,12,11.9,11.8,11.9,11.9,15.8,11.6,11.9,11.9,11.9,11.8,11.8,11.9,11.9,11.9,15.9,11.9,11.8,11.9,11.8,11.9,11.9,12,11.9,11.9,15.9,11.9,11.8,11.8,11.9,11.9,11.8,11.8,11.9,11.9,15.9,11.8,11.7,11.9,11.9,11.8,11.8,11.9,11.9,12,15.9,11.9,12,11.8,11.9,11.9,11.9,11.9,11.9,11.8,15.9,11.9,11.9,11.8,11.9,11.9,11.9,11.8,11.8,11.9,15.8,11.9,11.8,11.9,11.9,11.9,11.8,15.8,15.8
0.0000004,15.9,11.8,11.8,12,11.9,11.9,11.9,11.8,11.9,11.9,11.8,15.9,11.8,11.9,11.7,11.8,11.9,11.9,11.9,11.8,11.9,15.9,11.9,11.8,11.9,11.9,12,11.8,11.8,11.8,11.9,15.8,11.7,11.9,11.9,11.9,11.8,11.7,11.9,11.9,11.8,15.9,12,11.8,12,11.8,11.8,11.9,12,11.9,11.9,15.9,11.9,11.8,11.8,11.9,11.9,11.8,11.8,12,11.9,15.9,11.8,11.8,11.8,11.9,11.8,11.8,11.9,11.9,12,15.9,11.8,11.9,11.9,11.8,11.9,11.8,11.9,11.9,11.9,15.9,11.9,11.9,11.7,11.9,11.9,11.9,11.8,11.8,11.8,15.9,11.8,11.9,11.9,11.9,11.9,11.8,15.8,15.8
0.0000006,15.8,11.8,11.8,11.9,11.9,11.9,11.9,11.8,11.9,11.9,11.8,15.9,11.8,12,11.7,11.8,11.9,11.9,11.8,11.8,11.8,15.9,11.9,11.8,11.9,11.9,12,11.8,11.9,11.8,11.9,15.9,11.8,11.9,11.9,11.9,11.8,11.8,11.8,11.9,11.8,15.8,11.9,11.8,11.9,11.8,11.8,11.9,12,11.8,11.8,15.8,11.9,11.9,11.8,11.9,11.9,11.9,11.9,11.9,11.9,15.9,11.8,11.8,11.8,12,11.8,11.8,11.8,11.9,11.9,15.8,11.9,11.9,11.9,11.8,11.9,11.8,11.9,11.9,11.8,15.8,12,11.9,11.7,11.9,11.9,11.9,11.8,11.9,11.9,15.9,11.9,11.8,11.9,11.9,11.8,11.9,15.8,15.9
0.0000008,15.9,11.8,11.8,11.9,11.9,11.9,11.9,11.9,11.9,11.9,11.7,15.8,11.9,11.9,11.7,11.8,12,11.9,11.8,11.8,11.8,15.9,11.8,11.9,11.9,11.9,11.9,11.8,11.9,11.9,11.9,15.8,11.9,11.8,11.9,11.8,11.8,11.8,11.9,11.9,11.9,15.9,12,11.9,12,11.8,11.8,11.9,12,11.9,11.8,15.8,11.9,11.8,11.9,11.8,11.9,11.8,11.9,11.9,11.9,15.9,11.8,11.9,11.9,12,11.8,11.8,11.9,12,11.9,15.9,11.9,11.9,11.9,11.9,11.9,11.8,11.9,11.9,11.8,15.9,12,11.9,11.7,11.9,11.9,11.9,11.8,11.8,11.8,15.9,11.8,11.8,11.8,12,11.9,11.9,15.9,15.8
0.000001,15.8,11.8,11.8,11.8,11.9,11.8,11.9,11.9,11.9,11.9,11.8,15.9,11.8,11.9,11.8,11.8,11.9,12,11.8,11.8,11.8,15.9,11.9,11.9,11.9,12,11.9,11.8,12,11.9,11.9,15.9,11.9,11.8,11.9,11.8,11.8,11.8,11.9,11.9,11.9,15.9,11.9,12,12,11.8,11.8,11.9,12,11.9,11.7,15.9,11.9,11.8,11.9,11.8,11.9,11.9,11.9,11.9,11.9,15.9,11.8,11.9,11.9,12,11.8,11.8,11.8,12,11.9,15.9,11.9,11.9,12,11.8,11.9,11.8,11.9,11.9,11.9,15.8,11.9,11.9,11.8,11.8,11.9,11.8,11.8,11.9,11.8,15.9,11.8,11.8,11.8,11.9,11.9,11.9,15.8,15.9
0.0000012,15.9,11.9,11.8,11.8,11.9,11.8,11.8,11.9,11.9,11.9,11.8,15.8,11.8,11.9,11.8,11.8,11.9,12,11.8,11.8,11.8,15.8,11.9,11.8,11.8,11.9,11.8,11.8,12,11.9,11.9,15.9,11.9,11.8,11.9,11.9,11.8,11.9,11.9,11.9,11.8,15.8,11.9,12,11.9,11.8,11.8,12,11.9,11.9,11.8,15.9,12,11.9,12,11.8,11.9,11.9,11.9,11.8,11.9,15.9,11.8,11.9,11.9,12,11.8,11.8,11.9,11.9,11.8,15.9,11.9,11.9,12,11.9,11.9,11.9,11.9,11.9,11.8,15.9,12,11.9,11.8,11.8,11.9,11.8,11.8,11.9,11.8,15.9,11.8,11.7,11.8,11.9,11.9,11.9,15.8,15.8
0.0000014,15.8,11.9,11.8,11.8,11.9,11.8,11.7,11.9,11.9,11.9,11.9,15.8,11.9,11.8,11.9,11.9,11.9,12,11.8,11.9,11.8,15.8,11.8,11.8,11.9,12,11.9,11.9,12,11.9,11.8,15.9,11.9,11.8,11.9,11.9,11.9,11.9,11.9,11.9,11.8,15.8,11.9,12,11.9,11.9,11.9,12,11.9,11.9,11.8,15.9,11.9,11.9,11.9,11.8,11.9,11.9,11.9,11.7,11.9,15.9,11.8,11.9,11.9,12,11.9,11.8,11.9,11.9,11.8,15.9,11.9,11.9,12,11.9,11.8,11.9,11.9,11.9,11.8,15.8,11.9,11.9,11.9,11.8,11.9,11.9,11.9,11.8,11.8,15.8,11.8,11.6,11.8,11.9,11.9,11.9,15.9,15.8
0.0000016,15.9,11.9,11.9,11.9,11.9,11.9,11.7,11.9,11.9,11.9,11.8,15.8,11.9,11.9,12,11.9,11.9,12,11.9,11.8,11.8,15.9,11.9,11.8,11.9,12,11.9,11.9,11.9,11.9,11.8,15.8,11.9,11.8,11.9,11.9,11.8,11.9,11.9,11.9,11.8,15.9,11.8,12,11.9,11.9,11.9,12,11.9,11.9,11.8,15.9,12,11.9,11.9,11.9,11.9,12,11.8,11.8,11.9,15.8,11.8,11.9,11.9,12,11.9,11.8,11.9,11.9,11.8,15.9,11.8,11.9,12,11.9,11.8,11.9,11.9,11.9,11.8,15.9,11.9,11.9,11.9,11.8,12,11.9,11.9,11.8,11.8,15.9,11.8,11.7,11.8,11.9,12,11.9,15.9,15.8
0.0000018,15.9,12,11.9,11.8,11.9,11.9,11.7,11.9,11.9,11.9,11.8,15.9,11.9,11.8,11.9,11.9,11.9,12,11.9,11.8,11.9,15.9,11.9,11.8,12,12,11.9,11.9,11.9,11.9,11.9,15.8,11.8,11.9,11.9,11.9,11.9,12,11.9,12,11.9,15.9,11.8,11.9,11.9,11.8,11.9,11.9,11.9,11.9,11.9,15.9,11.9,11.9,11.8,11.8,11.9,11.9,11.8,11.7,11.9,15.9,11.7,11.9,11.8,12,11.9,11.8,11.9,11.9,11.8,15.9,11.8,11.9,12,11.8,11.9,12,11.8,11.9,11.8,15.9,11.9,11.9,11.9,11.9,12,11.9,11.9,11.8,11.9,15.9,11.9,11.7,11.8,11.9,12,11.9,15.8,15.9
0.000002,15.8,12,11.9,11.9,12,11.8,11.8,11.9,11.9,11.9,11.8,15.9,12,11.8,12,11.9,11.9,12,11.9,11.8,11.9,15.9,11.9,11.8,11.9,12,12,11.8,11.8,11.9,11.9,15.8,11.7,11.9,11.9,11.9,11.9,12,11.9,12,11.9,15.8,11.8,11.8,11.9,11.9,11.9,11.9,11.9,11.9,11.8,15.9,11.9,11.9,11.8,11.9,12,11.9,11.8,11.8,11.9,15.9,11.8,11.9,11.9,12,11.9,11.9,11.9,11.9,11.9,15.8,11.8,12,11.9,11.9,11.9,12,11.8,11.9,11.9,15.9,11.9,11.8,11.9,11.9,11.9,11.9,11.9,11.7,11.8,15.9,11.8,11.8,11.9,11.9,11.9,11.9,15.9,15.9
0.0000022,15.8,11.9,11.9,11.9,11.9,11.9,11.8,11.9,11.9,11.9,11.9,15.9,12,11.9,11.9,11.8,11.9,12,11.9,11.8,11.9,15.9,11.9,11.8,12,11.9,12,11.9,11.7,12,11.9,15.9,11.6,11.9,11.9,11.9,11.9,12,11.9,12,12,15.9,11.9,11.8,11.9,11.9,11.9,11.9,11.8,11.9,11.8,15.9,11.9,11.9,11.8,11.9,11.9,11.9,11.7,11.8,11.9,15.8,11.8,11.8,11.9,12,11.9,11.8,12,11.9,11.9,15.9,11.8,12,11.9,11.9,11.9,11.9,11.8,11.9,11.9,15.9,11.9,11.8,11.9,11.9,11.9,11.9,11.9,11.7,11.9,15.9,11.9,11.8,11.9,11.8,11.9,11.9,15.8,15.8
0.0000024,15.9,11.9,11.9,11.9,12,11.9,11.8,11.9,11.9,11.9,11.9,15.9,12,11.9,11.9,11.8,11.9,11.9,11.9,11.9,11.9,15.9,11.9,11.9,11.9,11.9,11.9,11.9,11.8,11.9,11.8,15.8,11.7,11.9,11.9,11.9,11.9,11.9,11.9,12,12,15.9,11.9,11.9,11.9,11.8,11.9,11.9,11.9,11.9,11.9,15.8,11.9,11.9,11.7,11.9,11.9,11.9,11.8,11.8,11.9,15.9,11.8,11.8,11.9,11.9,11.9,11.8,12,11.9,12,15.8,11.8,12,11.9,11.9,11.9,11.9,11.8,11.9,11.9,15.9,11.9,11.8,11.8,11.9,11.9,11.8,11.9,11.8,11.9,15.9,11.8,11.9,12,11.9,11.8,11.8,15.8,15.8
0.0000026,15.8,11.8,11.9,11.9,12,11.8,11.9,11.9,11.9,11.9,11.9,15.8,11.9,11.9,11.9,11.8,11.9,11.8,11.9,11.9,11.9,15.9,11.9,11.9,11.9,11.8,11.9,11.9,11.8,11.9,11.9,15.9,11.7,11.9,11.9,11.9,11.9,11.9,11.9,12,12,15.9,11.9,11.9,11.9,11.8,11.8,11.8,11.9,11.9,11.8,15.9,11.9,11.9,11.7,11.9,11.9,11.9,11.8,11.9,11.9,15.9,11.8,11.8,11.9,11.9,11.8,11.7,11.9,12,12,15.8,11.8,12,11.9,11.9,11.9,11.7,11.9,11.9,11.9,15.9,12,11.8,11.9,11.8,11.9,11.8,11.8,11.8,11.9,15.9,11.8,11.8,11.9,11.9,11.8,11.8,15.9,15.8
0.0000028,15.8,11.8,11.9,11.9,12,11.9,11.9,11.8,11.9,11.9,11.9,15.9,11.9,11.9,11.8,11.8,11.9,11.8,11.9,11.8,11.9,15.9,11.8,11.9,11.9,11.8,11.8,11.8,11.8,11.9,11.9,15.9,11.7,11.9,11.9,11.8,11.9,11.8,11.9,12,12,15.8,12,12,11.9,11.8,11.9,11.8,11.9,11.8,11.8,15.9,11.9,11.9,11.9,11.9,11.9,11.9,11.8,11.9,11.9,15.8,11.9,11.8,11.9,11.9,11.8,11.8,11.9,12,12,15.8,11.9,12,11.9,11.9,11.9,11.8,11.9,11.9,11.9,15.9,12,11.9,11.8,11.8,11.9,11.8,11.8,11.8,11.9,15.8,11.8,11.8,11.9,11.8,11.8,11.8,15.9,15.9
0.000003,15.9,11.8,11.9,11.9,12,11.8,11.8,11.8,11.9,11.9,11.8,15.9,11.9,11.9,11.8,11.8,12,11.8,11.9,11.8,11.9,15.9,11.8,11.9,11.8,11.8,11.9,11.9,11.9,11.9,11.9,15.9,11.8,11.9,11.9,11.8,11.8,11.8,11.9,11.9,12,15.8,11.9,12,11.9,11.9,11.8,11.9,11.9,11.8,11.8,15.9,11.9,11.9,11.9,11.9,11.9,11.9,11.8,11.9,11.9,15.9,11.9,11.9,11.9,11.9,11.8,11.8,11.9,12,12,15.9,11.9,11.9,11.9,11.9,11.9,11.8,11.9,11.9,11.9,15.9,12,11.9,11.8,11.7,11.9,11.8,11.8,11.8,11.9,15.9,11.9,11.8,12,11.9,11.9,11.8,15.8,15.8
0.0000032,15.9,11.7,11.8,11.9,12,11.9,11.8,11.8,12,11.9,11.8,15.9,11.8,11.9,11.8,11.8,12,11.9,11.9,11.8,11.9,15.9,11.9,11.9,11.8,11.8,11.9,11.9,11.9,11.9,11.9,15.9,11.8,11.8,11.9,11.9,11.8,11.8,11.9,11.9,11.9,15.9,11.9,12,11.8,11.9,11.8,11.9,11.9,11.8,11.9,15.9,11.9,11.9,11.9,11.9,11.9,11.9,11.8,11.8,11.9,15.9,11.9,11.9,11.9,11.9,11.9,11.8,11.8,12,12,15.8,11.9,11.9,11.9,11.9,12,11.8,12,11.9,11.9,15.9,11.9,11.9,11.8,11.8,11.9,11.9,11.8,11.8,11.9,15.9,11.9,11.8,11.9,11.9,11.9,11.8,15.9,15.8
0.0000034,15.9,11.8,11.8,11.9,12,11.9,11.8,11.8,12,11.9,11.8,15.8,11.8,11.9,11.8,11.8,12,11.8,11.8,11.9,11.8,15.8,11.9,11.9,11.8,11.8,11.8,11.8,11.9,11.9,11.9,15.8,11.8,11.9,11.9,11.8,11.8,11.8,11.9,11.8,11.9,15.9,11.9,12,11.8,11.9,11.9,11.9,12,11.8,11.9,15.9,11.9,11.8,11.9,11.9,11.9,11.9,11.9,11.8,11.9,15.8,11.9,12,11.9,11.9,11.8,11.8,11.9,12,12,15.9,11.9,11.9,11.9,11.9,11.9,11.8,12,11.9,11.8,15.9,11.9,12,11.8,11.8,11.9,12,11.8,11.9,11.8,15.9,11.8,11.7,11.9,11.9,11.9,11.8,15.8,15.8
0.0000036,15.8,11.8,11.8,11.9,12,11.9,11.8,11.9,12,11.9,11.8,15.9,11.8,11.9,11.8,11.8,11.9,12,11.8,11.8,11.8,15.9,11.8,11.9,11.8,11.9,11.9,11.8,11.9,11.8,11.9,15.9,11.9,11.9,11.9,11.8,11.8,11.9,11.9,11.8,11.9,15.9,11.9,12,11.9,11.9,11.8,12,11.9,11.8,11.9,15.8,11.9,11.9,11.9,11.9,11.8,11.9,11.9,11.7,11.9,15.9,11.9,11.9,11.9,11.9,11.8,11.8,11.8,11.9,12,15.9,11.9,11.9,11.9,11.9,12,11.9,11.9,11.9,11.7,15.8,11.9,12,11.8,11.8,11.9,12,11.8,11.9,11.8,15.9,11.8,11.8,11.9,11.9,12,11.9,15.8,15.8
0.0000038,15.9,11.9,11.8,11.9,11.9,11.9,11.8,11.9,12,11.9,11.8,15.9,11.8,11.8,11.8,11.8,11.9,12,11.7,11.9,11.9,15.9,11.8,11.8,11.8,11.9,12,11.9,11.9,11.8,11.9,15.9,11.8,11.9,11.9,11.8,11.8,11.9,11.9,11.9,11.8,15.8,11.8,12,11.8,11.9,11.9,12,11.9,11.9,12,15.9,11.9,11.8,11.8,11.9,11.9,11.9,11.9,11.7,11.9,15.8,11.9,11.9,11.9,11.9,11.8,11.8,11.9,11.9,12,15.9,11.9,11.9,11.9,11.9,12,11.8,11.9,11.9,11.7,15.9,11.9,11.9,11.8,11.9,11.9,12,11.8,11.9,11.8,15.9,11.9,11.8,11.9,11.9,12,11.8,15.9,15.9
0.000004,15.8,11.9,11.9,11.8,12,11.9,11.8,11.9,12,11.9,11.8,15.9,11.9,11.9,11.9,11.8,11.9,12,11.8,11.9,11.8,15.9,11.8,11.8,11.8,12,12,11.9,11.9,11.9,11.9,15.9,11.8,11.8,11.9,11.9,11.9,11.9,11.9,11.9,11.8,15.9,11.9,12,11.8,11.9,11.9,12,12,11.8,11.9,15.9,11.9,11.8,11.7,11.9,11.9,11.9,11.9,11.7,11.9,15.9,11.8,11.9,11.8,11.9,11.9,11.8,11.9,11.9,11.9,15.8,11.8,11.9,12,11.9,12,11.9,12,11.8,11.7,15.9,12,11.8,11.9,11.9,11.9,12,11.8,11.9,11.8,15.9,11.8,11.9,11.9,11.9,12,11.9,15.9,15.8
0.0000042,15.8,12,11.9,11.9,11.9,11.9,11.8,11.9,12,11.9,11.9,15.9,11.9,11.9,11.9,11.8,11.9,12,11.8,11.9,11.9,15.8,11.9,11.8,11.8,12,12,11.9,11.9,11.8,11.9,15.9,11.7,11.8,11.9,11.9,11.9,11.9,11.9,11.9,11.8,15.9,11.9,11.9,11.9,11.9,11.9,12,11.9,11.8,11.9,15.8,11.9,11.8,11.6,11.9,11.9,11.9,11.9,11.7,11.9,15.8,11.8,11.9,11.8,11.9,11.9,11.7,11.9,11.9,11.9,15.8,11.8,11.9,11.9,11.9,11.9,11.9,12,11.9,11.8,15.9,11.9,11.8,11.9,12,11.9,12,11.9,11.8,11.8,15.9,11.9,11.9,11.9,11.9,12,11.9,15.8,15.9
0.0000044,15.8,11.9,11.9,11.9,11.9,11.9,11.8,11.9,11.9,12,11.9,15.8,11.9,11.9,12,11.8,11.9,12,11.9,11.9,11.9,15.8,11.9,11.8,11.8,12,11.9,11.9,11.9,11.9,11.9,15.9,11.7,11.9,11.9,11.8,11.9,11.9,11.9,12,11.8,15.9,11.9,11.9,11.9,11.8,11.9,12,11.9,11.9,11.8,15.8,11.9,11.8,11.6,11.9,11.9,11.9,11.9,11.7,11.9,15.9,11.8,11.9,11.9,11.9,11.9,11.8,11.9,11.9,11.9,15.9,11.9,11.9,11.9,11.8,11.9,11.9,11.9,11.9,11.8,15.9,12,11.8,11.9,11.9,11.9,11.9,11.9,11.8,11.9,15.9,11.9,12,11.9,11.9,11.9,11.8,15.9,15.9
0.0000046,15.8,11.9,11.9,12,12,11.8,11.8,11.9,11.8,12,11.9,15.9,11.9,11.8,11.9,11.8,11.9,12,11.9,11.9,11.9,15.9,11.9,11.8,11.9,12,12,11.9,11.8,11.9,11.8,15.8,11.7,11.9,12,11.9,11.8,11.9,11.9,12,11.9,15.9,11.9,11.9,11.9,11.8,11.9,11.9,11.9,11.9,11.7,15.8,11.9,11.8,11.7,11.9,11.8,11.9,11.9,11.8,11.9,15.9,11.8,11.8,11.8,11.9,11.9,11.9,11.9,11.9,11.9,15.8,11.9,11.9,11.9,11.9,11.8,11.9,11.9,11.8,11.8,15.9,11.9,11.7,11.9,12,11.9,11.8,11.9,11.8,11.9,15.9,11.8,12,11.9,12,11.9,11.9,15.8,15.8
0.0000048,15.8,11.9,11.8,12,11.9,11.9,11.8,11.8,11.8,11.9,11.9,15.8,12,11.9,12,11.8,11.8,11.9,11.9,11.9,11.8,15.9,11.9,11.8,11.9,11.9,12,11.9,11.8,11.9,11.8,15.8,11.7,11.9,11.9,11.9,11.8,11.9,11.9,11.9,11.9,15.9,11.9,11.9,12,11.8,11.9,11.9,11.9,11.9,11.7,15.9,11.9,11.9,11.8,11.9,11.9,11.9,11.8,11.8,11.9,15.9,11.8,11.9,11.8,11.8,11.8,11.8,11.9,12,11.8,15.8,11.9,11.8,11.9,11.9,11.8,11.9,11.9,11.8,11.9,15.9,11.9,11.7,11.9,11.9,11.9,11.7,11.9,11.8,11.9,15.9,11.9,11.9,11.9,11.9,11.8,11.9,15.8,15.9
0.000005,15.9,11.9,11.8,12,11.9,11.9,11.8,11.9,11.7,11.9,12,15.9,11.9,11.9,11.9,11.8,11.9,11.9,11.9,11.8,11.8,15.9,11.9,11.9,11.9,11.9,11.9,11.8,11.7,12,11.8,15.9,11.9,11.9,11.9,11.9,11.8,11.9,11.9,12,12,15.9,11.9,11.9,12,11.8,11.9,11.9,11.9,11.9,11.7,15.9,11.9,11.8,11.8,11.9,11.9,11.8,11.8,11.9,11.9,15.8,11.9,11.9,11.8,11.9,11.8,11.9,11.9,11.9,11.8,15.9,11.8,11.9,11.8,11.9,11.8,11.9,11.9,11.8,11.9,15.8,11.9,11.8,11.9,11.9,12,11.8,11.9,11.8,11.9,15.9,11.8,11.9,11.9,11.9,11.8,11.8,15.8,15.9
0.0000052,15.8,11.9,11.8,12,11.9,11.9,11.7,11.9,11.8,11.9,11.9,15.9,11.9,11.9,12,11.8,11.9,11.9,11.9,11.7,11.8,15.9,11.8,11.9,11.9,11.9,11.9,11.9,11.7,12,11.9,15.8,11.9,11.9,11.9,11.9,11.9,11.9,11.9,12,12,15.9,11.9,11.9,11.9,11.8,11.9,11.9,11.9,11.9,11.7,15.9,11.9,11.8,11.8,11.9,11.9,11.9,11.8,11.9,11.9,15.9,11.9,11.9,11.8,11.9,11.8,11.9,11.9,12,11.8,15.9,11.8,11.9,11.9,11.8,11.8,11.9,11.9,11.8,11.9,15.8,11.9,11.9,11.8,11.9,11.9,11.8,11.9,11.8,11.8,15.9,11.8,11.8,11.9,12,11.8,11.8,15.8,15.9
0.0000054,15.9,11.8,11.9,12,11.9,11.9,11.8,11.9,11.8,11.9,11.9,15.9,11.8,11.9,11.9,11.8,11.9,11.9,11.9,11.7,11.9,15.9,11.9,12,11.9,11.8,11.9,11.9,11.7,11.9,11.8,15.9,12,11.9,11.9,11.9,11.9,12,11.9,11.9,11.9,15.9,11.9,11.9,12,11.8,11.9,11.9,11.9,11.8,11.7,15.9,11.9,11.9,11.8,11.9,11.9,11.9,11.8,11.9,11.9,15.8,11.9,11.9,11.8,12,11.8,11.9,11.9,12,11.8,15.8,11.8,11.9,11.8,11.9,11.8,11.9,11.9,11.8,11.9,15.9,11.9,11.9,11.8,11.8,11.9,11.8,11.8,11.8,11.8,15.8,11.9,11.8,11.9,12,11.9,11.8,15.8,15.8
0.0000056,15.9,11.8,11.9,12,11.9,11.8,11.7,11.9,11.9,11.9,11.9,15.9,11.8,11.9,11.9,11.9,11.9,11.8,11.8,11.7,11.8,15.9,11.9,11.9,11.9,11.8,12,11.9,11.7,12,11.9,15.8,12,11.9,11.8,11.9,11.9,11.8,11.9,11.9,11.9,15.9,11.9,11.9,11.9,11.8,11.9,11.9,12,11.9,11.8,15.9,11.9,11.8,11.8,11.9,11.9,11.9,11.8,11.9,11.9,15.9,11.9,11.9,11.9,11.9,11.8,11.9,11.9,11.9,11.9,15.9,11.8,11.9,11.9,11.8,11.8,11.9,11.9,11.8,11.9,15.9,11.9,12,11.8,11.8,11.9,11.9,11.8,11.8,11.9,15.8,11.9,11.8,11.9,12,11.9,11.8,15.8,15.8
0.0000058,15.9,11.8,11.9,11.9,12,11.8,11.8,12,11.9,12,11.8,15.8,11.9,11.9,11.9,11.9,11.9,11.8,11.9,11.8,11.9,15.9,11.8,11.9,11.9,11.9,12,11.9,11.7,11.9,12,15.8,12,11.8,11.8,11.8,12,11.9,11.9,11.8,11.9,15.9,11.9,11.9,11.9,11.8,11.9,11.9,11.9,11.8,11.9,15.9,11.9,11.9,11.8,11.9,11.9,11.9,11.9,11.8,11.9,15.9,11.9,12,11.9,12,11.8,11.9,11.9,11.9,11.8,15.9,11.8,12,11.9,11.8,11.9,11.9,11.9,11.9,11.9,15.9,12,12,11.8,11.9,11.9,12,11.8,11.8,11.9,15.8,11.8,11.8,11.9,11.9,11.9,11.9,15.8,15.9
0.000006,15.8,11.9,11.9,11.8,11.9,11.8,11.9,11.9,11.9,11.9,11.9,15.9,11.8,11.9,11.8,11.8,12,11.8,11.9,11.8,11.9,15.9,11.8,11.9,11.9,11.8,11.9,11.8,11.8,11.8,12,15.9,11.9,11.9,11.8,11.8,11.9,11.9,11.9,11.8,11.9,15.9,11.9,12,11.8,11.9,11.9,12,11.9,11.9,12,15.9,11.9,11.9,11.8,11.9,11.9,11.9,11.8,11.9,11.9,15.9,11.9,12,11.9,12,11.8,11.9,11.9,11.9,11.9,15.8,11.8,12,11.9,11.8,11.8,11.9,11.9,11.9,11.9,15.9,12,12.1,11.9,11.9,11.9,11.9,11.8,11.8,11.8,15.9,11.9,11.8,11.9,11.9,11.9,11.9,15.8,15.8
0.0000062,15.9,11.9,11.9,11.8,12,11.8,11.9,11.9,11.9,11.9,11.8,15.8,11.9,11.8,11.8,11.8,11.9,11.8,11.9,11.8,11.9,15.8,11.9,11.9,11.9,11.9,11.9,11.9,11.9,11.9,12,15.8,11.9,11.9,11.9,11.8,11.9,11.9,11.9,11.8,11.9,15.9,11.9,12,11.8,11.8,11.9,12,11.8,11.9,11.9,15.9,11.9,11.9,11.8,11.9,11.9,11.9,11.9,11.9,11.9,15.9,11.8,12,11.9,12,11.8,11.9,11.9,11.9,11.9,15.9,11.9,12,11.9,11.8,11.8,11.9,11.9,11.9,11.8,15.9,12,12,11.8,11.9,11.9,11.9,11.8,11.8,11.8,15.9,11.8,11.8,11.9,11.9,12,11.9,15.9,15.7
0.0000064,15.8,11.9,11.9,11.8,12,11.9,11.9,11.9,11.9,11.9,11.8,15.9,11.9,11.8,11.8,11.8,11.9,11.8,11.9,11.8,12,15.9,11.9,11.8,11.9,11.9,11.9,11.8,11.9,11.8,12,15.9,11.8,11.8,11.9,11.8,11.9,11.9,11.9,11.8,11.9,15.8,12,12,11.8,11.7,11.8,11.9,11.8,11.9,11.9,15.8,11.9,11.9,11.7,11.9,11.9,11.9,11.8,11.9,11.9,15.9,11.8,11.9,11.9,11.9,11.9,11.9,11.9,11.9,11.9,15.9,12,12,11.8,11.8,11.7,11.9,11.9,12,11.8,15.9,12,12,11.9,11.9,11.9,11.9,11.8,11.8,11.8,15.9,11.8,11.8,11.9,11.9,12,11.9,15.8,13.2
0.0000066,15.9,11.9,11.9,11.8,12,11.9,11.9,11.9,11.9,11.9,11.8,15.8,11.9,11.8,11.9,11.7,11.9,11.9,11.9,11.9,12,15.9,11.9,11.8,11.9,11.8,11.8,11.9,11.9,11.8,12,15.8,11.7,11.9,11.9,11.8,11.9,11.9,11.9,11.8,11.8,15.9,12,12,11.7,11.6,11.9,11.9,11.8,11.9,11.8,15.9,11.9,12,11.8,12,11.9,11.9,11.9,11.9,11.9,15.9,11.8,11.9,11.9,11.9,11.9,11.8,11.9,11.9,11.9,15.9,12,11.9,11.9,11.8,11.8,11.9,11.9,12,11.8,15.8,12,11.9,11.8,11.9,11.9,11.8,11.8,11.8,11.8,15.9,11.9,11.8,11.9,11.9,12,11.9,15.7,10.1
0.0000068,15.8,11.9,11.8,11.9,12,11.9,11.9,11.8,11.9,11.8,11.8,15.9,11.9,11.8,11.9,11.7,11.9,12,11.8,11.9,12,15.8,11.9,11.9,11.9,11.8,11.8,11.9,12,11.8,11.9,15.9,11.7,11.9,11.9,11.8,11.8,11.9,11.9,11.9,11.9,15.9,12,12,11.8,11.6,11.9,11.9,11.8,11.8,11.7,15.9,11.9,11.9,11.7,11.9,12,11.9,11.9,11.8,11.9,15.9,11.8,11.8,11.9,11.9,11.8,11.8,11.9,11.9,11.9,15.9,12,11.9,11.9,11.9,11.8,11.9,12,12,11.8,15.8,12,11.8,11.9,11.9,11.9,11.7,11.9,11.8,11.9,15.9,11.9,11.8,11.9,11.9,12,11.9,14.9,7.82
0.000007,15.9,11.9,11.8,11.9,12,12,11.8,11.8,11.9,11.8,11.9,15.9,11.9,11.8,11.9,11.8,11.9,12,11.9,11.8,12,15.8,11.9,11.9,11.8,11.9,11.8,11.9,11.9,11.9,11.9,15.9,11.7,11.9,12,11.8,11.8,11.9,11.9,12,11.9,15.9,12,11.9,11.9,11.7,11.9,11.9,11.8,11.9,11.7,15.8,11.9,11.9,11.8,11.9,12,11.9,11.8,11.9,11.9,15.8,11.8,11.9,11.9,11.8,11.9,11.8,11.9,11.9,11.9,15.8,12,11.9,11.9,11.8,11.8,11.9,11.9,12,11.8,15.9,12.1,11.8,11.8,11.9,11.9,11.8,11.9,11.8,11.8,15.9,11.8,11.8,11.9,11.9,12,11.9,11.9,7.86
0.0000072,15.9,11.9,11.8,11.9,11.9,11.9,11.8,11.7,11.8,11.9,11.9,15.9,12,11.9,11.9,11.8,11.9,12,11.9,11.8,11.9,15.9,11.9,11.8,11.8,11.9,11.9,11.9,11.9,11.9,11.9,15.9,11.8,11.9,12,11.9,11.8,11.9,11.9,12,11.9,15.8,12,11.9,11.8,11.8,11.9,11.9,11.8,11.9,11.6,15.9,11.9,11.9,11.8,11.9,12,12,11.8,11.8,11.9,15.9,11.8,11.8,11.9,11.9,11.8,11.9,11.9,11.9,11.9,15.8,11.9,11.9,11.9,11.9,11.9,11.9,12,12,11.9,15.8,12.1,11.8,11.8,11.9,11.9,11.7,11.9,11.8,11.9,15.8,11.8,11.8,11.9,11.9,12,11.9,8.71,7.95
0.0000074,15.9,11.8,11.8,11.9,11.9,11.9,11.7,11.8,11.8,11.8,11.9,15.9,12,11.9,12,11.9,11.9,12,11.9,11.8,11.8,15.8,11.9,11.9,11.8,11.9,11.9,11.9,11.8,11.9,11.8,15.9,11.8,11.8,11.9,11.9,11.7,11.9,11.9,12,11.9,15.9,12,11.9,11.9,11.9,11.9,11.9,11.8,11.9,11.6,15.9,11.9,11.8,11.8,12,12,12,11.8,11.7,11.9,15.8,11.8,11.8,11.9,11.9,11.8,11.9,11.9,12,11.9,15.9,11.9,11.9,11.9,11.8,11.9,11.9,12,11.8,11.8,15.8,12,11.8,11.8,11.8,11.9,11.8,11.8,11.9,11.8,15.9,11.8,11.8,11.9,11.9,11.9,11.9,7.95,7.95
0.0000076,15.9,11.8,11.8,12,11.9,11.8,11.7,11.8,11.8,11.9,11.9,15.9,11.9,11.9,11.9,11.9,11.9,11.9,11.8,11.7,11.8,15.9,11.9,11.9,11.8,12,11.9,11.9,11.7,11.9,11.8,15.9,11.8,11.9,11.9,11.9,11.8,11.8,11.9,12,11.9,15.9,11.9,11.8,11.9,11.9,11.9,11.9,11.9,11.8,11.6,15.8,11.8,11.7,11.8,11.9,12,11.9,11.8,11.8,11.9,15.9,11.9,11.8,11.9,11.9,11.8,11.9,11.9,12,11.9,15.9,11.8,11.9,11.8,11.9,11.9,11.8,11.9,11.9,11.8,15.9,12,11.9,11.8,11.8,11.9,11.8,11.9,11.9,11.8,15.9,11.8,11.7,11.9,11.9,11.9,11.9,7.95,8
0.0000078,15.9,11.9,11.9,12,11.9,11.8,11.7,11.8,11.9,11.9,11.9,15.9,11.9,11.9,11.9,11.9,11.9,11.9,11.9,11.7,11.8,15.9,11.9,11.9,11.8,12,11.9,11.9,11.7,12,11.9,15.9,11.8,11.8,11.9,12,11.8,11.8,11.9,12,11.9,15.9,11.9,11.8,11.9,12,11.9,11.9,11.9,11.9,11.7,15.9,11.9,11.7,11.8,11.9,12,11.9,11.8,11.8,11.9,15.9,11.8,11.8,11.9,11.9,11.8,11.9,11.9,11.9,11.9,15.9,11.8,11.9,11.8,12,12,11.9,11.9,11.8,11.8,15.9,11.9,11.9,11.8,11.8,11.9,11.9,11.9,11.9,11.9,15.9,11.8,11.7,11.9,11.9,11.9,11.9,7.95,7.95
0.000008,15.9,11.8,11.9,11.9,11.9,11.8,11.7,11.9,11.9,11.8,11.9,15.9,11.9,11.8,11.9,11.8,11.8,11.9,11.9,11.8,11.8,15.8,12,11.9,11.9,12,12,12,11.7,11.9,11.9,15.8,11.9,11.9,11.9,12,11.8,11.8,11.9,11.9,11.9,15.9,11.9,11.9,11.9,12,11.9,11.9,11.9,11.9,11.8,15.9,11.9,11.8,11.8,11.9,11.9,11.8,11.8,11.8,11.9,15.9,11.9,11.8,11.9,12,11.9,11.9,11.9,12,11.9,15.9,11.7,11.9,11.9,11.9,12,11.9,11.9,11.8,11.9,15.9,11.9,12,11.8,11.8,11.9,11.9,11.9,11.9,11.9,15.9,11.9,11.8,11.9,11.9,11.8,11.9,8,7.91
0.0000082,15.9,11.8,12,11.9,11.8,11.8,11.7,11.9,11.9,11.8,11.9,15.8,11.8,11.9,11.8,11.8,11.9,11.9,11.9,11.8,11.8,15.9,12,11.9,11.9,11.9,12,11.9,11.8,11.9,11.9,15.8,11.9,11.9,11.9,11.9,11.8,11.9,11.9,11.9,11.9,15.9,11.9,11.9,11.9,12,11.9,11.9,11.9,11.9,11.9,15.9,11.9,11.8,11.8,11.9,11.8,11.8,11.9,11.8,11.9,15.9,11.9,11.8,11.9,12,11.8,11.9,11.9,12,11.9,15.9,11.7,11.9,11.9,11.9,11.9,11.9,11.9,11.8,11.9,15.9,11.9,12,11.8,11.8,11.9,11.9,11.9,11.9,11.9,15.8,11.8,11.8,11.9,11.9,11.8,11.9,8.04,7.95
0.0000084,15.9,11.8,12,11.9,11.8,11.8,11.8,11.9,11.9,11.9,11.9,15.8,11.8,11.8,11.8,11.8,11.8,11.8,11.9,11.8,11.7,15.8,12,11.9,12,12,12,11.9,11.8,11.9,12,15.9,11.8,11.9,11.9,11.9,11.9,11.9,11.9,11.8,11.8,15.8,11.9,12,11.8,11.9,11.9,12,12,11.9,11.9,15.8,11.9,11.9,11.8,11.9,11.8,11.8,11.8,12,11.9,15.8,11.9,11.9,12,11.9,11.9,11.9,11.9,11.9,11.9,15.8,11.8,11.9,11.9,11.9,11.8,11.9,11.9,11.8,11.9,15.9,11.9,11.9,11.8,11.8,11.9,11.9,11.9,11.9,11.9,15.9,11.8,11.9,11.9,11.9,11.8,11.9,7.95,8
0.0000086,15.9,11.8,12,11.8,11.9,11.9,11.8,11.9,11.9,11.9,11.8,15.9,11.8,11.8,11.8,11.7,11.8,11.8,11.9,11.8,11.8,15.8,12,11.9,12,11.9,11.9,11.9,11.9,11.8,12,15.8,11.8,11.9,11.9,11.9,11.8,11.9,11.9,11.8,11.8,15.9,11.9,12,11.8,11.8,11.8,12,11.9,11.9,11.9,15.9,11.9,11.8,11.8,11.9,11.8,11.8,11.8,12,11.9,15.8,11.9,11.9,12,11.9,11.8,11.9,11.9,12,12,15.9,11.8,11.9,11.9,11.9,11.8,11.8,11.9,11.8,11.9,15.9,11.9,11.9,11.8,11.8,11.9,11.9,11.9,11.9,11.8,15.9,11.9,11.9,11.9,11.9,11.8,11.9,7.95,7.95
0.0000088,15.9,11.8,12,11.8,11.9,11.9,11.9,11.9,11.9,11.9,11.8,15.9,11.8,11.8,11.8,11.7,11.9,11.8,11.9,11.8,11.8,15.9,12,11.8,12,11.9,11.9,11.8,12,11.8,11.9,15.9,11.7,11.9,11.9,11.8,11.9,11.9,11.9,11.8,11.9,15.9,11.9,12,11.8,11.8,11.8,12,11.9,11.9,11.9,15.9,11.9,11.9,11.8,11.9,11.8,11.8,11.9,12,11.8,15.9,11.9,11.9,12,11.9,11.8,11.8,11.9,11.9,11.9,15.8,11.9,11.9,12,11.8,11.8,11.9,11.9,11.9,11.8,15.9,12,11.9,11.8,11.8,11.9,11.9,11.8,11.9,11.9,15.8,11.8,11.9,11.8,11.9,11.8,11.8,7.95,8
0.000009,15.9,11.8,11.9,11.9,11.9,11.9,11.8,11.9,11.9,11.9,11.9,15.9,11.8,11.8,11.8,11.8,11.9,11.9,11.9,11.9,11.8,15.9,12,11.8,12,11.8,11.9,11.8,12,11.9,11.9,15.8,11.9,11.8,11.9,11.8,11.8,11.9,11.9,11.9,11.9,15.8,11.9,12,11.8,11.8,11.7,12,11.9,11.9,11.8,15.8,11.9,11.9,11.8,11.9,11.9,11.9,11.9,12,11.8,15.8,11.9,11.9,11.9,11.9,11.9,11.8,11.9,11.9,11.9,15.9,11.9,11.9,11.8,11.8,11.8,11.9,12,11.9,11.9,15.8,12,11.9,11.8,11.8,11.9,11.9,11.9,11.8,11.8,15.9,11.8,11.9,11.9,11.9,11.8,11.9,7.95,7.95
0.0000092,15.8,11.8,11.9,11.9,11.9,11.9,11.9,11.8,11.9,11.9,11.9,15.8,11.9,11.8,11.8,11.8,11.8,11.9,11.9,11.9,11.8,15.9,11.9,11.8,11.9,11.8,11.9,11.8,12,11.8,12,15.9,11.9,11.9,11.9,11.8,11.8,11.9,11.9,11.9,11.9,15.8,12,12,11.8,11.8,11.8,11.9,11.9,11.9,11.8,15.9,11.9,11.9,11.8,11.9,11.9,12,11.9,11.9,11.9,15.9,11.9,11.8,11.9,11.9,11.9,11.7,11.9,12,11.9,15.8,11.9,12,11.8,11.8,11.9,11.9,12,11.9,11.8,15.9,12,11.9,11.8,11.9,11.9,11.9,11.9,11.8,11.9,15.9,11.8,11.8,11.8,11.9,11.8,11.9,7.95,8
0.0000094,15.8,11.8,11.8,11.9,11.9,11.9,11.8,11.8,11.9,11.9,11.8,15.9,11.9,11.9,11.8,11.8,11.9,11.9,11.9,11.8,11.9,15.8,11.9,11.7,11.9,11.9,11.8,11.8,12,11.8,11.9,15.9,11.9,11.9,11.9,11.8,11.8,11.9,11.9,11.9,11.9,15.9,12,12,11.9,11.9,11.8,11.9,11.8,11.8,11.7,15.9,11.9,12,11.7,11.9,12,12,11.9,12,11.9,15.9,11.9,11.9,11.9,11.9,11.9,11.7,11.9,11.9,11.9,15.9,12,12,11.9,11.7,11.9,11.9,12,11.9,11.9,15.9,12.1,11.9,11.9,11.9,11.9,11.9,11.8,11.8,11.8,15.9,11.9,11.7,11.9,11.9,11.9,11.9,7.95,8
0.0000096,15.8,11.9,11.8,11.8,11.8,11.9,11.8,11.8,11.9,11.8,11.9,15.9,11.9,11.9,11.9,11.9,11.8,11.9,11.9,11.8,11.9,15.9,11.9,11.9,11.8,11.8,11.8,11.8,11.8,11.9,11.9,15.9,12,11.9,11.9,11.8,11.8,11.9,11.9,12,11.9,15.9,12,12,11.9,11.9,11.8,11.9,11.9,11.8,11.6,15.9,11.9,11.9,11.8,11.9,12,12.1,11.9,11.8,11.9,15.9,11.8,11.9,11.8,11.9,11.9,11.7,12,11.9,11.9,15.9,11.9,12,11.8,11.8,11.9,11.8,12.1,11.9,11.8,15.9,12.1,11.9,11.8,11.8,12,12,11.8,11.9,11.9,15.9,11.8,11.7,11.9,12,11.8,11.9,8,7.91
0.0000098,15.9,11.8,11.7,11.9,11.9,11.9,11.8,11.8,11.9,11.8,11.9,15.9,12,11.9,11.9,11.9,11.8,12,12,11.8,11.9,15.9,11.8,11.9,11.8,11.9,11.9,11.9,11.8,11.9,11.8,15.9,12,11.9,11.9,11.9,11.8,11.9,12,12,12,15.8,12,11.9,11.9,11.9,11.9,11.9,11.9,11.8,11.6,15.9,11.9,11.9,11.8,11.9,12,12,11.8,11.8,11.9,15.9,11.8,11.9,11.9,11.9,11.9,11.7,11.9,11.9,11.9,15.9,11.9,12,11.9,11.8,11.9,11.9,12.1,11.9,11.8,15.8,12,11.9,11.8,11.8,11.9,12,11.9,11.9,11.9,15.8,11.9,11.7,11.9,11.9,11.8,11.9,7.95,7.95
0.00001,15.8,11.9,11.8,11.9,12,11.9,11.8,11.8,11.9,11.9,11.9,15.9,11.9,11.9,11.9,11.9,11.9,12,12,11.8,12,15.9,11.8,12,11.8,11.9,11.9,11.9,11.8,11.9,11.8,15.9,12,11.9,11.9,11.9,11.8,11.9,11.9,12,11.9,15.9,12,11.9,11.9,11.9,11.9,11.8,11.9,11.9,11.7,15.8,11.9,11.9,11.8,11.9,12,12,11.8,11.7,11.9,15.8,11.8,11.9,11.8,11.9,11.9,11.8,11.9,11.9,12,15.8,11.9,12,11.9,11.9,12,11.9,12,11.9,11.8,15.9,12,11.8,11.8,11.8,12,12,11.9,11.9,11.9,15.9,11.9,11.7,11.9,11.9,11.9,11.9,7.95,7.95
0.0000102,15.9,11.9,11.9,11.9,12,11.8,11.7,11.8,11.9,11.9,11.9,15.9,11.9,12,11.9,11.9,11.8,12,12,11.8,11.9,15.9,11.9,12,11.8,12,11.9,11.9,11.7,11.9,11.8,15.8,12,11.9,11.9,11.9,11.8,11.9,11.9,12,11.9,15.8,12,11.8,11.9,11.8,11.9,11.9,11.9,11.9,11.8,15.9,11.9,11.9,11.8,11.9,12,12,11.7,11.7,11.9,15.8,11.8,11.9,11.8,11.9,11.9,11.8,11.9,11.9,11.9,15.8,11.9,12,11.9,11.9,12,11.9,12,11.9,11.9,15.9,11.9,11.9,11.8,11.8,11.9,12,11.9,11.9,11.9,15.9,11.8,11.7,11.9,11.9,11.9,11.9,7.95,7.95
0.0000104,15.9,11.9,11.9,11.9,12,11.9,11.8,11.9,11.9,12,11.9,15.8,11.9,12,11.9,11.9,11.9,11.9,12,11.8,11.9,15.9,11.9,12,11.9,11.9,12,11.9,11.6,11.9,11.9,15.9,11.9,11.9,11.9,11.9,11.8,11.9,11.9,12,12,15.8,11.9,11.8,11.9,11.8,12,11.9,11.8,11.9,11.8,15.9,11.9,11.9,11.8,11.9,11.9,11.9,11.7,11.7,11.8,15.9,11.8,11.9,11.9,11.9,11.9,11.9,11.9,11.9,11.9,15.9,11.8,11.9,12,11.9,11.9,11.9,11.9,11.9,11.9,15.9,11.9,11.9,11.8,11.8,12,12,11.8,12,11.9,15.9,11.9,11.8,11.9,11.8,11.9,11.9,7.95,8
0.0000106,15.9,11.9,11.9,11.8,12,11.9,11.7,11.8,11.9,12,11.9,15.9,11.8,12,11.9,11.8,11.9,11.9,12,11.8,11.9,15.9,11.8,11.9,11.9,12,11.9,11.9,11.6,11.9,11.8,15.8,11.8,11.9,11.9,12,11.8,11.9,11.9,11.9,12,15.9,11.9,11.8,11.9,11.8,11.9,11.9,11.8,11.9,11.9,15.9,11.9,11.8,11.8,11.9,11.9,11.9,11.8,11.7,11.9,15.9,11.8,11.9,11.9,12,11.9,11.9,11.8,11.8,12,15.9,11.9,11.9,12,11.9,11.9,11.8,11.8,11.9,11.8,15.9,11.8,11.9,11.8,11.8,11.9,12,11.8,12,11.8,15.9,11.9,11.9,11.9,11.9,11.9,11.8,7.95,7.95
0.0000108,15.9,11.9,11.9,11.8,12,11.9,11.8,11.9,11.9,12,11.9,15.8,11.9,11.9,11.9,11.8,12,11.9,11.9,11.8,11.9,15.9,11.9,11.9,11.9,11.9,11.9,11.9,11.7,11.8,11.9,15.9,11.8,11.9,11.9,11.9,11.8,11.9,11.9,11.9,12,15.9,11.9,11.9,11.9,11.8,11.9,11.9,11.8,11.9,11.9,15.8,11.9,11.9,11.8,11.9,11.9,11.9,11.8,11.7,11.9,15.9,11.8,11.9,12,11.9,11.8,11.9,11.8,11.9,11.9,15.9,11.9,11.8,12,11.9,11.9,11.8,11.7,11.9,11.9,15.9,11.8,11.9,11.9,11.8,12,11.9,11.9,11.9,11.9,15.9,11.8,11.9,11.9,11.8,11.9,11.8,8,8
0.000011,15.9,11.8,11.9,11.9,12,11.9,11.8,11.8,11.9,12,11.8,15.9,11.8,11.8,11.9,11.8,12,11.9,11.8,11.8,11.9,15.9,11.9,11.8,11.9,11.9,11.9,11.9,11.7,11.8,11.9,15.8,11.7,11.8,11.9,11.9,11.8,11.9,11.9,11.9,12,15.8,11.9,11.9,11.9,11.7,11.8,12,11.7,11.9,11.9,15.9,11.9,11.8,11.8,11.9,11.9,11.8,11.8,11.8,11.9,15.8,11.8,11.9,12,11.9,11.8,12,11.8,11.9,11.9,15.9,11.9,11.8,11.9,12,11.9,11.8,11.7,11.9,11.8,15.9,11.9,11.9,11.8,11.8,11.9,11.9,11.9,11.9,11.9,15.9,11.8,11.9,11.9,11.8,11.9,11.7,7.95,7.95
0.0000112,15.8,11.7,11.9,11.9,11.9,11.9,11.8,11.9,11.9,12,11.8,15.8,11.9,11.9,11.8,11.9,12,11.9,11.8,11.8,11.9,15.9,11.9,11.7,11.9,11.9,11.8,11.9,11.7,11.8,11.9,15.9,11.7,11.9,11.9,11.9,11.8,11.9,11.9,11.9,12,15.8,11.9,11.9,11.9,11.7,11.8,11.9,11.8,11.9,11.9,15.9,12,11.7,11.8,11.9,11.9,11.9,11.8,11.8,11.9,15.9,11.8,11.9,12,12,11.8,11.9,11.7,12,11.9,15.8,11.9,11.8,11.9,11.9,11.9,11.8,11.8,11.9,11.8,15.9,11.9,11.9,11.8,11.9,11.8,11.9,11.8,11.9,11.9,15.9,11.8,11.9,11.8,11.8,11.9,11.7,8,8
0.0000114,15.9,11.7,11.9,11.9,11.8,11.8,11.8,11.9,12,11.9,11.8,15.8,11.9,11.9,11.9,11.9,12,11.9,11.8,11.8,11.8,15.9,12,11.7,11.9,11.8,11.9,11.9,11.7,11.8,11.9,15.8,11.7,11.9,11.9,11.9,11.9,11.8,11.9,11.8,12,15.8,11.9,11.9,11.9,11.7,11.8,12,11.9,11.8,11.9,15.8,12,11.7,11.8,11.9,11.9,11.9,11.8,11.8,11.9,15.9,11.8,12,11.9,12,11.8,11.9,11.8,12,11.9,15.9,12,11.8,11.9,11.9,11.8,11.8,11.8,11.9,11.9,15.9,12,11.9,11.9,11.9,11.8,11.9,11.8,11.8,11.9,15.9,11.8,11.7,11.9,11.9,12,11.7,7.95,8
0.0000116,15.8,11.7,11.9,11.8,11.7,11.8,11.8,11.8,11.9,11.9,11.9,15.9,11.9,11.9,11.8,11.8,12,11.9,11.8,11.8,11.8,15.9,11.9,11.6,11.9,11.9,11.9,11.8,11.8,11.8,11.9,15.8,11.8,11.9,11.9,11.8,11.9,11.9,11.9,11.8,11.9,15.8,11.8,11.9,11.9,11.8,11.8,12,11.9,11.8,11.9,15.9,12,11.8,11.7,11.9,11.9,11.9,11.9,11.8,11.9,15.9,11.9,11.9,11.9,12,11.8,11.9,11.8,12,11.9,15.8,11.9,11.8,11.8,11.8,11.8,11.9,11.8,11.9,11.9,15.9,12,11.9,11.9,11.9,11.8,11.9,11.9,11.7,11.8,15.9,11.8,11.7,11.8,12,11.9,11.8,7.95,7.95
0.0000118,15.8,11.7,11.8,11.9,11.7,11.8,11.8,11.8,12,11.8,11.8,15.8,11.9,11.9,11.8,11.8,12,11.9,11.9,11.8,11.8,15.8,11.9,11.6,11.9,11.8,11.9,11.8,11.8,11.8,11.9,15.9,11.8,11.9,12,11.9,11.9,11.9,11.8,11.9,11.9,15.8,11.9,11.9,11.8,11.9,11.8,11.9,11.9,11.8,11.8,15.8,11.9,11.8,11.8,11.9,11.9,11.9,11.9,11.8,11.9,15.9,11.9,11.9,11.9,12,11.9,11.9,11.9,11.9,11.9,15.9,11.9,11.9,11.7,11.8,11.8,11.9,11.9,11.8,11.9,15.9,12,11.9,11.9,11.9,11.8,11.9,11.9,11.7,11.8,15.8,11.8,11.7,11.8,12,11.9,11.8,8.04,7.91
0.000012,15.9,11.8,11.7,11.8,11.6,11.8,11.9,11.9,12,11.8,11.9,15.9,12,12,11.8,11.9,11.9,12,11.8,11.8,11.8,15.9,11.9,11.7,11.9,11.9,12,11.8,11.9,11.9,11.9,15.8,11.8,11.9,11.9,11.8,11.9,11.8,11.8,11.9,11.8,15.9,12,11.9,11.8,11.9,11.8,11.9,11.9,11.8,11.8,15.9,11.9,11.8,11.8,11.9,11.9,12,11.9,11.8,11.9,15.9,11.9,11.9,11.9,12,11.9,11.9,11.9,11.9,11.9,15.9,11.9,11.9,11.8,11.8,11.8,11.9,11.9,11.8,11.9,15.9,11.9,11.9,11.9,11.9,11.8,11.9,11.8,11.7,11.8,15.9,11.8,11.7,11.9,12,11.9,11.9,7.95,7.95
0.0000122,15.8,11.8,11.8,11.8,11.6,11.7,11.8,11.9,11.9,11.8,11.9,15.8,12,12,11.8,11.8,11.9,11.9,11.9,11.8,11.9,15.9,11.9,11.7,11.8,11.9,11.9,11.8,11.8,11.8,11.9,15.8,11.8,11.9,11.9,11.9,11.9,11.9,11.8,11.9,11.8,15.9,11.9,11.9,11.7,11.9,11.8,11.9,12,11.8,11.8,15.9,11.8,11.8,11.7,11.9,11.9,11.9,11.8,11.8,11.9,15.9,12,11.9,11.8,11.9,11.9,11.8,12,11.8,11.9,15.8,11.9,11.9,11.8,11.9,11.9,11.9,11.9,11.8,11.9,15.9,11.9,11.8,11.9,11.9,11.9,11.9,11.9,11.7,11.8,15.9,11.8,11.7,11.9,12.1,11.9,11.9,7.95,8
0.0000124,15.8,11.9,11.9,11.9,11.8,11.8,11.9,11.9,11.9,11.9,11.9,15.9,12,11.9,11.8,11.8,11.9,11.9,11.9,11.8,12,15.9,11.9,11.8,11.8,11.9,12,11.9,11.9,11.8,11.9,15.8,11.8,11.9,11.8,11.9,11.9,11.9,11.9,11.9,11.7,15.8,11.9,11.9,11.8,11.9,11.9,11.9,11.9,11.9,11.7,15.9,11.7,11.9,11.7,11.9,11.9,12,11.8,11.8,11.9,15.9,12,11.9,11.9,12,11.9,11.8,12,11.8,11.8,15.9,11.9,12,11.8,11.9,11.9,11.9,12,11.9,11.9,15.9,11.9,11.8,12,11.9,11.9,11.8,11.9,11.7,11.9,15.9,11.8,11.7,11.9,12,11.9,11.9,7.91,8
0.0000126,15.8,11.9,11.9,11.9,11.8,11.8,11.9,11.9,11.9,12,11.9,15.9,12,11.9,11.8,11.8,11.8,11.9,11.9,11.9,12,15.9,11.9,11.8,11.8,11.9,11.9,11.9,11.8,11.8,11.9,15.8,11.8,11.9,11.9,12,11.9,11.9,11.9,11.9,11.8,15.9,11.9,11.9,11.8,11.9,11.8,11.8,11.9,11.9,11.7,15.9,11.7,11.9,11.7,11.9,11.8,11.9,11.8,11.8,11.8,15.9,11.9,11.8,12,12,11.9,11.8,12,11.8,11.8,15.9,11.9,12,11.8,12,11.9,11.9,11.9,11.9,11.8,15.9,11.8,11.9,12,11.9,12,11.8,11.9,11.7,11.8,15.9,11.8,11.9,11.9,12,11.9,11.9,8,7.95
0.0000128,15.8,11.9,11.9,11.9,11.9,11.9,11.9,11.9,11.9,12,11.9,15.9,11.9,11.8,11.8,11.8,11.8,12,12,11.9,12,15.9,11.9,11.9,11.8,11.9,11.9,11.9,11.9,11.9,11.9,15.8,11.8,11.9,11.8,12,11.9,11.9,12,11.9,11.8,15.9,11.9,11.9,11.8,11.8,11.9,11.9,12,11.9,11.8,15.9,11.7,11.9,11.8,12,11.9,11.9,11.8,11.9,11.8,15.8,11.9,11.8,11.9,11.9,11.9,11.8,11.9,11.8,11.9,15.9,11.9,12,11.8,11.9,11.9,11.9,11.9,11.9,11.8,15.9,11.8,11.8,11.9,12,12,11.8,11.9,11.8,11.8,15.9,11.8,11.9,11.9,12,11.9,12,7.95,7.95
0.000013,15.8,11.8,11.9,11.9,11.8,11.8,11.8,11.8,11.9,12,11.8,15.9,11.8,11.8,11.8,11.8,11.9,12,11.9,11.9,12,15.9,12,11.9,11.9,11.8,11.8,11.9,11.8,11.9,11.9,15.8,11.8,11.8,11.8,12,11.8,11.9,12,11.9,11.9,15.9,11.9,11.9,11.9,11.8,11.9,11.9,11.9,11.9,11.8,15.9,11.6,11.9,11.7,12,11.9,11.9,11.8,11.9,11.8,15.8,11.8,11.8,11.9,12,11.9,11.8,11.9,11.8,11.9,15.8,11.9,11.9,11.9,11.9,11.9,11.9,11.9,12,11.8,15.9,11.9,11.9,11.9,12,11.9,11.9,11.9,11.8,11.8,15.8,11.9,11.9,12,11.9,11.9,11.9,8,7.95
0.0000132,15.9,11.8,11.9,11.9,11.9,11.9,11.8,11.8,11.9,12,11.9,15.9,11.8,11.8,11.8,11.9,11.9,12,11.9,11.8,12,15.9,11.9,11.9,12,11.9,11.8,12,11.8,12,11.9,15.9,11.8,11.8,11.8,11.9,11.8,11.9,12,11.9,11.9,15.9,11.9,11.9,11.9,11.8,11.9,11.9,12,11.9,11.9,15.8,11.7,11.8,11.8,12,12,12,11.8,11.9,11.9,15.9,11.7,11.9,11.9,12,11.9,11.8,11.8,11.9,11.9,15.8,11.9,11.9,11.9,11.9,11.9,11.9,11.9,12,11.8,15.9,12,11.9,11.9,12,11.9,11.9,11.9,11.8,11.8,15.8,11.8,12,11.9,11.9,11.9,11.9,8,7.95
0.0000134,15.8,11.8,11.8,12,11.9,11.9,11.8,11.8,11.9,12,11.8,15.8,11.9,11.8,11.9,11.8,11.9,11.9,11.9,11.8,11.9,15.9,11.9,11.9,12,11.9,11.8,11.9,11.8,12,11.9,15.9,11.8,11.8,11.8,11.9,11.8,11.9,12,11.9,12,15.9,11.9,12,11.9,11.7,11.9,11.9,11.9,11.9,11.8,15.8,11.8,11.8,11.7,11.9,12,11.9,11.8,11.9,11.9,15.9,11.7,11.8,11.9,11.9,11.9,11.8,11.8,11.9,11.9,15.9,11.9,11.8,11.9,11.8,11.8,11.9,11.9,12,11.7,15.8,12,11.9,11.7,12,11.9,12,11.8,11.9,11.9,15.9,11.8,11.9,11.9,11.9,11.9,11.8,8,7.95
0.0000136,15.8,11.8,11.8,11.9,11.9,11.9,11.8,11.8,11.9,11.9,11.8,15.9,11.9,11.8,11.8,11.9,11.9,12,11.8,11.8,11.9,15.9,11.9,11.9,12,11.8,11.7,11.9,11.8,11.9,11.9,15.9,11.8,11.8,11.8,11.9,11.9,11.9,11.9,11.9,11.9,15.9,11.8,11.9,11.9,11.7,11.8,11.9,12,11.9,11.8,15.9,11.8,11.8,11.7,11.9,12,12,11.8,11.8,11.9,15.9,11.7,11.8,11.9,12,11.9,11.8,11.8,11.9,11.9,15.9,11.9,11.9,11.9,11.8,11.8,11.9,11.9,11.9,11.8,15.8,12,12,11.8,12,11.9,11.9,11.9,11.9,11.9,15.9,11.8,11.9,11.9,11.9,11.9,11.8,7.95,8
0.0000138,15.9,11.8,11.7,11.9,12,11.8,11.8,11.8,11.9,11.8,11.8,15.9,11.9,11.9,11.9,11.9,12,12,11.8,11.8,11.8,15.8,11.9,11.9,11.9,11.9,11.7,11.9,11.8,11.9,11.9,15.9,11.7,11.8,11.9,11.9,11.9,11.9,11.9,11.9,12,15.9,11.9,12,11.9,11.8,11.7,12,11.9,11.9,11.8,15.9,11.9,11.8,11.8,11.9,12,11.9,11.8,11.9,12,15.9,11.7,11.9,11.8,11.9,11.8,11.8,11.8,11.9,11.9,15.9,11.9,11.9,11.9,11.7,11.9,11.9,11.8,12,11.8,15.9,12,11.9,11.8,12,11.9,11.9,11.9,11.9,11.9,15.8,11.8,11.9,11.8,11.9,11.9,11.8,7.95,8.04
0.000014,15.9,11.8,11.7,11.9,12,11.8,11.8,11.8,11.8,11.8,11.8,15.8,11.9,11.9,11.9,11.9,11.9,11.9,11.8,11.8,11.8,15.9,11.9,11.8,11.9,11.9,11.8,11.8,11.8,11.8,11.9,15.9,11.7,11.9,11.9,11.8,11.9,11.8,11.9,12,11.9,15.8,11.9,12,11.9,11.8,11.7,11.9,11.9,11.8,11.8,15.9,11.9,11.8,11.8,11.9,12,11.9,11.8,11.9,12,15.9,11.8,11.9,11.8,11.9,11.8,11.9,11.8,11.9,11.9,15.8,11.8,11.9,11.9,11.7,11.8,11.9,11.9,11.9,11.8,15.9,12,11.9,11.8,11.9,11.9,11.9,11.8,11.9,11.9,15.9,11.8,11.8,11.9,11.8,11.9,11.8,8,7.95
0.0000142,15.8,11.8,11.8,11.9,12.1,11.8,11.8,11.8,11.9,11.8,11.9,15.9,11.9,11.9,11.9,11.9,12,11.9,11.8,11.8,11.8,15.9,11.9,11.8,11.9,11.8,11.8,11.8,11.9,11.8,11.9,15.8,11.7,11.9,11.9,11.8,11.9,11.9,11.8,12,11.9,15.9,11.9,11.9,11.9,11.8,11.7,11.9,11.9,11.9,11.8,15.9,11.9,11.8,11.9,11.9,11.9,11.9,11.9,11.9,12,15.9,11.8,11.9,11.8,11.9,11.7,11.9,11.9,11.9,11.9,15.9,11.9,11.9,11.9,11.7,11.8,11.9,11.8,11.9,11.9,15.8,12,11.9,11.9,12,11.9,11.9,11.8,11.9,12,15.8,11.9,11.7,11.9,11.8,11.9,11.8,7.95,7.91
0.0000144,15.9,11.8,11.8,11.9,12.1,11.8,11.8,11.8,11.8,11.8,11.8,15.8,11.9,11.9,11.8,11.9,11.9,11.8,11.8,11.8,11.8,15.9,11.9,11.8,11.8,11.9,11.9,11.8,11.8,11.8,12,15.9,11.8,11.9,11.9,11.8,11.9,11.9,11.8,12,11.9,15.8,11.9,12,11.9,11.9,11.7,11.8,11.9,11.9,11.7,15.8,12,11.8,11.9,11.8,11.8,11.8,11.8,11.9,11.9,15.9,11.9,11.9,11.8,12,11.8,11.9,11.9,11.9,11.9,15.9,11.9,11.9,11.9,11.8,11.7,11.9,11.9,11.8,11.9,15.9,12,11.9,11.9,11.9,11.9,11.9,11.9,11.9,12,15.9,11.8,11.7,11.9,11.8,11.9,11.8,8,8.04
0.0000146,15.9,11.9,11.8,11.9,12.2,11.8,11.8,11.9,11.9,11.8,11.9,15.9,11.9,12,11.8,11.8,11.9,11.9,11.8,11.8,11.9,15.9,11.9,11.7,11.8,11.9,11.9,11.8,11.9,11.8,11.9,15.9,11.8,12,11.9,11.9,11.9,11.9,11.8,12,11.9,15.9,12,11.9,11.9,11.8,11.7,11.9,11.9,11.8,11.8,15.9,12,11.8,11.9,11.8,11.9,11.8,11.8,11.9,11.9,15.8,11.8,11.9,11.8,11.9,11.8,11.9,12,11.9,11.9,15.9,11.9,11.9,11.8,11.9,11.8,11.9,11.9,11.8,11.9,15.9,12,11.9,11.9,11.9,11.9,11.9,11.9,11.7,11.9,15.9,11.9,11.6,11.9,11.9,11.9,11.8,8,7.95
0.0000148,15.8,11.9,11.9,11.9,12,11.8,11.7,11.8,12,11.8,11.9,15.8,11.9,11.9,11.8,11.8,11.9,11.8,11.9,11.9,12,15.8,11.9,11.8,11.8,11.9,11.8,11.9,11.9,11.8,11.9,15.9,11.8,11.9,11.9,12,11.9,11.9,11.9,12,11.9,15.8,11.9,12,11.8,11.9,11.7,11.9,11.9,11.9,11.8,15.8,11.9,11.9,11.9,11.8,11.8,11.8,11.8,11.9,11.9,15.9,11.8,11.9,11.9,11.9,11.8,11.9,12,11.9,11.9,15.8,11.9,11.9,11.8,11.9,11.8,11.9,11.8,11.8,11.9,15.9,12,11.9,11.9,11.8,11.9,11.9,11.9,11.7,11.9,15.9,11.9,11.7,11.9,11.9,11.9,11.9,8,8
0.000015,15.8,11.9,11.8,11.8,12,11.9,11.8,11.9,12,11.9,11.8,15.9,11.9,11.9,11.9,11.8,11.9,11.8,11.9,11.9,12,15.8,11.8,11.8,11.8,11.9,11.8,11.8,11.8,11.8,11.9,15.9,11.8,11.9,11.9,12,11.8,12,11.8,12,11.9,15.9,11.9,12,11.8,11.9,11.8,11.8,11.9,11.9,11.8,15.9,11.9,11.8,11.8,11.8,11.8,11.8,11.8,11.9,11.8,15.9,11.9,11.9,11.9,12,11.9,11.8,12,11.9,11.8,15.9,11.9,12,11.8,12,11.8,11.9,11.9,11.9,11.9,15.9,12,11.9,11.9,11.8,11.9,11.8,11.9,11.7,11.9,15.9,11.9,11.7,11.9,11.9,11.9,11.9,7.95,7.91
0.0000152,15.8,11.9,11.9,11.9,12,11.9,11.8,11.9,12,11.9,11.8,15.9,11.9,11.8,11.9,11.7,11.9,11.9,11.9,11.9,12,15.8,11.8,11.8,11.9,11.9,11.8,11.9,11.8,11.9,11.9,15.9,11.8,11.9,11.8,12,11.9,12,11.9,11.9,11.9,15.9,12,12,11.8,11.9,11.8,11.9,11.9,11.9,11.8,15.8,11.9,11.9,11.8,11.8,11.9,11.9,11.8,11.9,11.8,15.9,11.8,11.8,11.9,11.9,11.9,11.7,11.9,11.9,11.8,15.9,11.9,11.9,11.8,12,11.9,11.9,11.9,11.8,11.9,15.8,12,11.9,11.9,11.9,12,11.9,11.8,11.6,11.9,15.8,11.9,11.7,11.9,11.9,11.9,11.8,7.95,8
0.0000154,15.8,11.9,11.8,11.9,12,11.8,11.9,11.9,12,12,11.8,15.9,11.9,11.8,11.9,11.8,11.9,12,11.9,11.9,12,15.9,11.9,11.9,11.9,11.9,11.8,11.9,11.9,11.9,11.8,15.9,11.8,11.9,11.8,12,11.9,12,11.9,11.9,11.9,15.9,11.9,12,11.8,11.8,11.9,11.9,11.8,11.8,11.8,15.8,11.8,11.8,11.8,11.9,11.9,12,11.8,11.8,11.8,15.8,11.9,11.8,11.9,11.9,11.9,11.7,11.9,11.9,11.9,15.8,11.9,11.9,11.9,12,11.9,11.9,11.9,11.9,11.8,15.8,12,11.9,11.8,11.8,12,11.9,11.9,11.7,11.8,15.9,11.9,11.7,11.9,11.9,11.9,11.9,8,7.95
0.0000156,15.9,11.8,11.8,11.8,11.9,11.9,11.8,11.8,12,12,11.9,15.8,11.9,11.8,11.9,11.8,11.8,12,11.9,11.9,12,15.9,11.9,11.9,11.9,11.9,11.8,11.9,11.8,11.9,11.8,15.9,11.8,11.8,11.8,11.9,11.8,11.9,11.9,11.9,11.9,15.9,11.9,12,11.9,11.9,11.9,11.9,11.8,11.8,11.9,15.9,11.8,11.8,11.7,11.9,11.9,12,11.8,11.8,11.8,15.9,11.8,11.8,11.9,11.9,11.9,11.7,11.9,11.9,11.8,15.8,11.9,11.9,12,12,11.8,11.9,12,11.9,11.8,15.9,11.9,11.9,11.8,11.8,11.9,11.9,11.9,11.7,11.9,15.8,11.9,11.8,11.9,11.8,11.8,11.9,8,7.95
0.0000158,15.8,11.8,11.8,11.9,11.9,11.9,11.9,11.8,12,12,11.9,15.8,11.9,11.8,11.9,11.9,11.9,12,11.8,11.9,11.9,15.9,11.9,11.9,12,11.9,11.9,11.9,11.8,12,11.8,15.9,11.8,11.8,11.8,11.8,11.8,11.9,11.9,11.8,11.9,15.8,11.9,12,11.9,11.8,12,11.9,11.8,11.8,11.8,15.8,11.8,11.8,11.8,12,11.9,12,11.8,11.8,11.8,15.9,11.9,11.8,11.9,12,11.9,11.7,11.8,11.9,11.8,15.9,11.8,11.9,12,11.9,11.9,11.9,12,11.9,11.8,15.9,11.9,11.9,11.7,11.8,11.9,11.9,11.9,11.8,11.9,15.8,11.9,11.8,12,11.8,11.8,11.9,8,7.95
0.000016,15.9,11.8,11.8,11.9,12,11.8,11.9,11.9,12,12,11.9,15.9,12,11.9,11.9,12,11.9,12,11.8,11.8,11.9,15.9,11.9,11.9,12,11.9,12,11.9,11.9,12,11.9,15.9,11.8,11.9,11.8,11.8,11.8,11.8,12,11.8,11.9,15.9,11.9,12,11.9,11.8,11.9,11.9,11.8,11.8,11.9,15.8,11.8,11.8,11.8,11.9,11.9,12,11.8,11.9,11.9,15.8,11.8,11.8,11.9,12,11.9,11.7,11.8,11.9,11.8,15.8,11.8,11.9,12,11.9,11.9,11.9,12,12,11.8,15.9,11.9,11.9,11.7,11.9,11.9,11.9,11.8,11.8,11.9,15.9,11.9,11.8,11.9,11.8,11.8,11.9,7.91,7.95
0.0000162,15.9,11.8,11.8,11.9,12,11.8,11.8,11.9,11.9,12,11.9,15.9,11.9,11.8,11.9,12,11.9,12,11.9,11.8,11.8,15.9,11.9,11.9,11.9,11.9,12,11.9,11.8,11.9,11.9,15.9,11.8,11.8,11.9,11.8,11.8,11.8,11.9,11.9,11.9,15.8,11.9,12,11.9,11.8,11.9,11.9,11.8,11.8,11.9,15.8,11.9,11.8,11.8,12,12,11.9,11.8,11.9,11.9,15.9,11.8,11.9,11.9,11.9,11.9,11.7,11.8,11.9,11.9,15.8,11.9,11.9,12,11.9,11.8,11.9,11.9,11.9,11.8,15.8,11.9,11.9,11.8,11.9,11.9,12,11.8,11.9,11.9,15.9,11.8,11.8,11.9,11.9,11.8,11.9,8.04,7.95
0.0000164,15.9,11.8,11.9,11.9,12,11.9,11.9,11.9,11.9,12,11.8,15.9,11.9,11.9,11.8,12,11.9,12,11.9,11.7,11.8,15.9,11.9,11.9,11.9,11.9,12,11.9,11.8,11.9,11.9,15.8,11.9,11.9,11.8,11.8,11.8,11.7,11.9,11.8,11.9,15.9,11.9,12,11.9,11.8,11.9,11.9,11.8,11.8,12,15.9,11.9,11.8,11.8,11.9,11.9,11.9,11.8,11.9,11.9,15.9,11.8,11.9,11.9,11.9,11.8,11.8,11.8,11.9,11.9,15.9,11.9,11.9,12,11.9,11.8,11.9,11.9,11.9,11.9,15.9,11.9,11.9,11.8,11.9,11.8,11.9,11.9,12,12,15.9,11.8,11.8,11.9,11.9,11.8,11.8,7.95,7.95
0.0000166,15.8,11.8,11.9,11.9,12,11.8,11.9,11.9,11.9,11.9,11.8,15.8,12,11.9,11.9,12,11.9,12,11.9,11.8,11.7,15.8,11.9,11.9,11.9,11.9,12,11.9,11.9,11.9,11.9,15.9,11.8,11.9,11.8,11.8,11.8,11.7,11.9,11.8,11.9,15.9,11.9,12,11.9,11.7,11.9,11.9,11.9,11.8,11.9,15.8,11.9,11.8,11.9,11.9,11.9,11.8,11.9,11.8,12,15.8,11.8,12,11.8,11.9,11.8,11.9,11.9,11.9,11.9,15.9,11.9,11.9,11.9,11.9,11.8,11.9,11.9,11.9,11.8,15.9,11.9,11.9,11.8,11.9,11.8,11.9,11.9,12,11.9,15.9,11.9,11.8,11.9,12,11.8,11.8,8,8.04
0.0000168,15.8,11.9,11.8,11.9,12,11.8,11.8,11.9,11.9,11.9,11.8,15.9,12,11.9,11.8,11.9,12,12,11.9,11.8,11.7,15.9,11.8,11.9,11.8,11.9,12,11.8,11.9,11.8,12,15.8,11.8,11.9,11.9,11.8,11.8,11.8,11.9,11.9,11.8,15.9,11.9,12,11.8,11.8,11.8,12,11.9,11.8,11.9,15.9,12,11.8,11.8,11.8,11.9,11.8,11.8,11.9,12,15.8,11.8,12,11.8,11.8,11.8,11.9,11.8,12,11.9,15.8,12,11.9,11.9,11.9,11.8,11.8,11.8,11.8,11.9,15.9,11.9,12,11.8,11.9,11.8,11.9,11.9,11.9,11.9,15.9,11.8,11.7,11.9,12,11.8,11.8,8,7.95
0.000017,15.9,11.9,11.9,11.9,12,11.8,11.8,11.9,11.9,11.9,11.8,15.9,12,11.9,11.9,11.8,12,12,11.9,11.8,11.8,15.8,11.8,11.9,11.8,11.9,12,11.8,11.9,11.8,12,15.9,11.8,11.9,11.9,11.8,11.8,11.7,11.9,11.9,11.8,15.9,11.9,12,11.8,11.8,11.8,12,12,11.9,11.9,15.8,12,11.9,11.8,11.8,11.9,11.8,11.9,11.9,11.9,15.9,11.8,12,11.9,11.8,11.8,11.9,11.8,11.9,11.9,15.9,12,11.8,11.9,11.9,11.8,11.8,11.9,11.8,11.9,15.9,12,12,11.8,11.9,11.8,11.9,11.9,11.9,11.9,15.9,11.9,11.8,11.9,12,11.9,11.9,8,8
0.0000172,15.8,11.9,11.9,11.9,11.9,11.8,11.8,11.9,11.9,11.8,11.8,15.9,12,11.9,11.8,11.7,11.9,12,11.9,11.8,11.9,15.9,11.8,11.9,11.8,11.9,11.9,11.8,11.9,11.8,11.9,15.8,11.7,11.9,11.9,11.8,11.9,11.7,11.8,11.9,11.8,15.9,11.9,12,11.8,11.8,11.8,12,12,11.8,11.8,15.8,12.1,11.8,11.8,11.8,11.9,11.8,11.9,11.9,11.9,15.9,11.9,12,11.9,11.8,11.9,11.9,11.9,11.9,11.8,15.8,12,11.8,11.8,11.9,11.9,11.8,11.8,11.8,11.9,15.9,11.9,12,11.9,11.8,11.8,11.9,12,11.8,11.9,15.8,11.8,11.8,11.8,12,11.8,11.8,8,7.95
0.0000174,15.9,11.9,11.9,11.9,11.9,11.9,11.8,12,11.9,11.8,11.8,15.9,11.9,11.9,11.9,11.7,11.9,12,11.9,11.8,11.9,15.8,11.8,11.9,11.8,11.9,11.9,11.8,11.9,11.8,11.9,15.9,11.7,11.9,11.9,11.9,11.9,11.7,11.9,11.9,11.9,15.8,11.9,12,11.8,11.8,11.7,12,12,11.9,11.7,15.9,12.1,11.8,11.8,11.8,11.9,11.9,11.8,11.9,11.9,15.9,11.8,11.9,11.9,11.8,11.9,11.9,11.8,11.9,11.8,15.9,12,11.8,11.8,11.9,11.9,11.8,11.9,11.8,11.8,15.9,12,11.9,11.9,11.8,11.8,11.9,12,11.7,11.9,15.8,11.9,11.7,11.9,12,11.9,11.9,7.95,8
0.0000176,15.8,11.8,11.9,12,11.8,11.8,11.8,11.9,11.9,11.9,11.8,15.9,11.9,11.9,11.9,11.8,11.9,12,11.9,11.8,11.9,15.9,11.8,11.9,11.9,11.9,11.9,11.8,11.8,11.8,11.9,15.9,11.7,11.9,11.9,11.9,11.9,11.7,11.9,11.9,11.8,15.9,11.9,12,11.8,11.8,11.8,11.9,12,11.9,11.8,15.8,12,11.9,11.8,11.9,11.9,11.9,11.8,11.9,11.9,15.9,11.8,11.9,11.9,11.8,11.9,11.9,11.8,11.9,11.7,15.9,11.9,11.9,11.8,11.9,11.9,11.9,11.9,11.8,11.8,15.8,11.9,11.9,11.9,11.8,11.9,11.9,11.9,11.7,11.8,15.9,11.8,11.7,11.9,12,11.9,11.8,7.95,7.95
0.0000178,15.9,11.8,11.8,11.9,11.8,11.9,11.9,12,11.9,11.8,11.9,15.8,11.9,11.9,11.9,11.8,11.9,11.9,11.9,11.9,12,15.9,11.8,11.9,11.8,11.9,11.9,11.8,11.8,11.9,11.9,15.9,11.8,11.9,11.9,11.9,11.9,11.7,11.9,11.9,11.9,15.9,11.9,12,11.9,11.8,11.9,11.9,11.9,11.8,11.7,15.8,12,11.9,11.9,11.9,11.9,12,11.8,11.8,11.8,15.9,11.8,11.8,11.9,11.8,11.9,11.9,11.8,11.9,11.7,15.9,11.8,11.9,11.8,11.9,11.9,11.8,12,11.9,11.9,15.9,11.9,11.8,11.9,11.8,11.9,11.9,11.9,11.6,11.9,15.9,11.8,11.8,11.9,12,12,11.9,7.95,7.95
0.000018,15.8,11.8,11.9,11.9,11.9,11.8,11.9,11.9,11.9,11.9,11.9,15.8,11.8,11.9,11.9,11.9,11.9,11.9,11.9,11.9,11.9,15.9,11.9,11.9,11.9,12,11.9,11.9,11.8,11.9,11.8,15.8,11.8,11.9,11.9,12,11.9,11.8,11.9,11.9,11.9,15.9,11.9,12,11.8,11.8,11.9,11.8,11.9,11.9,11.7,15.9,11.9,11.8,11.8,12,11.9,12,11.8,11.8,11.9,15.9,11.9,11.8,11.8,12,11.9,11.9,11.9,11.9,11.7,15.9,11.9,11.9,11.8,11.8,11.8,11.9,12,11.9,11.8,15.9,11.9,11.7,11.9,11.8,11.9,11.8,11.9,11.7,11.9,15.9,11.9,11.8,11.9,11.9,12,11.9,8,7.95
0.0000182,15.8,11.8,11.8,12,11.9,11.9,11.9,11.8,11.9,11.9,11.9,15.9,11.8,11.8,11.9,11.9,11.9,12,11.8,11.9,11.9,15.9,11.9,11.9,11.9,11.9,11.9,11.9,11.7,11.9,11.8,15.8,11.7,11.9,11.9,11.9,11.9,11.9,11.9,12,11.8,15.9,11.9,11.9,11.9,11.7,11.9,11.8,11.9,11.9,11.7,15.9,11.9,11.8,11.8,12,11.9,12,11.8,11.8,11.8,15.8,11.8,11.8,11.8,12,11.8,11.8,11.9,11.9,11.8,15.9,11.7,12,11.9,11.8,11.9,11.9,12,11.9,11.9,15.8,11.9,11.8,11.8,11.9,12,11.9,11.8,11.6,11.8,15.8,11.9,11.8,11.9,11.9,12,11.8,8,8
0.0000184,15.9,11.9,11.9,11.9,12,11.9,11.9,11.8,11.9,11.9,11.9,15.8,11.9,11.9,12,12,11.9,11.9,11.8,11.9,11.9,15.9,11.9,11.9,11.9,11.9,11.9,11.9,11.8,11.9,11.8,15.8,11.7,12,11.9,11.9,11.9,11.9,11.9,11.9,11.9,15.8,11.9,11.9,11.8,11.8,12,11.9,11.9,11.9,11.8,15.8,11.8,11.9,11.8,12,11.9,11.9,11.8,11.8,11.9,15.8,11.8,11.8,11.9,11.9,11.8,11.8,11.9,11.9,11.9,15.8,11.8,12,11.9,11.8,11.9,11.9,12,11.9,11.9,15.9,11.9,11.8,11.9,11.9,12,11.8,11.8,11.8,11.9,15.9,11.9,11.8,11.9,11.9,12,11.9,8.04,8.09
0.0000186,15.8,11.9,11.8,11.9,12,11.9,11.8,11.8,11.9,11.9,11.9,15.8,11.8,11.9,11.9,11.9,11.9,11.9,11.9,11.8,11.9,15.9,11.9,11.9,11.9,11.9,11.9,11.8,11.7,11.9,11.8,15.9,11.6,12,11.9,12,11.9,11.9,11.9,11.9,11.9,15.9,11.9,11.9,11.9,11.8,11.9,11.9,11.9,11.9,11.8,15.8,11.8,11.9,11.9,12,11.9,11.8,11.8,11.8,11.8,15.8,11.8,11.8,11.8,11.9,11.8,11.8,12,11.9,12,15.9,11.7,12,11.9,11.8,11.8,11.9,12,11.9,11.9,15.8,11.9,11.9,11.8,11.9,11.9,11.8,11.7,11.9,11.9,15.9,11.8,11.8,11.9,11.9,12,11.9,8,8.13
0.0000188,15.9,11.9,11.8,11.9,12.1,11.9,11.9,11.8,11.9,11.9,11.9,15.9,11.8,11.9,11.9,11.9,11.9,11.9,11.8,11.8,11.9,15.8,11.9,11.8,11.9,11.9,12,11.9,11.8,11.8,11.9,15.9,11.6,11.9,11.9,11.9,11.8,12,11.8,12,11.9,15.8,11.9,11.9,11.9,11.9,11.9,11.9,11.8,11.8,11.8,15.9,11.7,11.9,11.9,12,11.9,11.8,11.8,11.9,11.9,15.9,11.8,11.9,11.8,11.9,11.8,11.9,12,11.9,12,15.9,11.8,12,11.9,11.9,11.8,11.9,11.9,11.9,11.9,15.9,12,11.9,11.7,12,11.9,11.9,11.8,11.9,11.9,15.9,11.8,11.9,11.9,11.8,12,11.9,8,8.17
0.000019,15.9,11.8,11.8,11.9,12,11.9,11.9,11.8,11.9,11.9,11.8,15.8,11.9,11.8,11.8,11.9,11.9,11.9,11.9,11.8,11.8,15.8,11.9,11.8,11.9,11.9,12,11.9,11.9,11.9,11.9,15.9,11.6,11.9,11.9,11.9,11.9,11.9,11.9,12,11.9,15.8,11.9,11.8,11.9,11.8,11.9,12,12,11.9,11.8,15.9,11.8,11.9,11.8,11.9,12,11.8,11.8,12,11.9,15.8,11.9,11.9,11.9,11.9,11.8,11.8,12,11.9,12,15.8,11.9,11.9,11.9,11.9,11.8,11.9,11.9,11.9,11.9,15.8,11.9,12,11.7,12,11.8,11.9,11.9,11.9,11.9,15.9,11.8,11.8,11.9,11.9,11.9,11.9,8.13,8.17
0.0000192,15.8,11.9,11.8,11.8,12,11.8,11.9,11.8,11.9,11.8,11.8,15.8,11.9,11.9,11.8,11.8,11.9,11.9,11.9,11.8,11.8,15.9,11.9,11.9,11.9,11.9,11.9,11.9,11.9,11.8,12,15.9,11.6,11.8,11.9,11.9,11.8,11.8,11.9,11.9,11.9,15.9,11.9,11.8,11.9,11.8,11.8,11.9,12,11.9,11.8,15.9,11.8,11.9,11.8,11.9,12,11.8,11.9,12,11.9,15.9,11.8,11.9,11.8,12,11.8,11.9,11.9,11.9,12,15.8,11.9,11.9,11.9,11.9,11.8,11.9,11.9,11.9,11.8,15.8,11.9,12,11.7,12,11.8,11.8,11.9,11.9,11.9,15.9,11.9,11.9,11.9,11.9,11.8,11.9,8.17,8.22
0.0000194,15.8,11.8,11.8,11.9,12,11.8,11.9,11.9,11.9,11.8,11.8,15.9,11.9,11.9,11.8,11.8,12,11.9,11.8,11.8,11.7,15.9,11.9,11.9,11.8,11.9,11.9,11.9,11.9,11.8,12,15.9,11.7,11.8,12,11.9,11.8,11.8,11.9,11.9,11.9,15.9,11.9,11.9,11.9,11.8,11.8,11.9,12,11.8,11.8,15.9,11.9,11.9,11.8,11.9,12,11.8,11.8,12,11.9,15.9,11.9,11.9,11.8,12,11.8,11.9,11.8,11.9,12,15.9,11.9,11.9,11.9,11.9,11.8,11.9,11.9,11.8,11.8,15.8,11.9,12,11.7,12,11.8,11.9,11.8,11.9,11.9,15.9,11.8,11.9,11.9,11.9,11.9,11.8,8.22,8.22
0.0000196,15.9,11.9,11.8,11.9,11.9,11.9,11.8,11.9,11.9,11.8,11.8,15.8,11.9,11.9,11.7,11.7,11.9,11.9,11.9,11.8,11.8,15.9,11.9,11.9,11.9,11.9,11.9,11.9,11.9,11.8,11.9,15.8,11.8,11.8,11.9,11.9,11.8,11.8,11.9,12,11.9,15.9,11.9,11.9,11.9,11.8,11.9,11.9,12,11.9,11.8,15.9,12,11.9,11.8,11.8,12,11.8,11.9,12,11.9,15.8,11.9,11.9,11.8,11.9,11.9,11.9,11.8,11.9,11.9,15.9,12,11.8,12,11.9,11.8,11.9,11.9,11.8,11.9,15.9,12,11.9,11.8,11.9,11.9,11.9,11.9,11.9,11.8,15.9,11.8,11.8,11.9,11.9,11.9,11.9,8.22,8.22
0.0000198,15.9,11.8,11.8,11.9,11.9,11.8,11.7,11.9,11.9,11.9,11.9,15.9,11.9,11.8,11.8,11.8,12,12,11.8,11.8,11.8,15.9,11.9,11.9,11.9,11.9,11.9,11.9,11.9,11.8,12,15.9,11.8,11.8,11.9,11.8,11.8,11.8,11.8,12,11.9,15.9,11.9,11.9,11.9,11.8,11.8,11.9,12,11.9,11.8,15.9,12,11.8,11.9,11.8,12,11.9,11.9,11.9,11.9,15.8,11.9,12,11.8,11.9,11.9,11.9,11.8,11.9,11.9,15.9,12,11.8,12,11.9,11.9,11.9,11.9,11.8,11.8,15.9,12,11.9,11.8,11.9,11.9,11.8,11.9,11.8,11.8,15.8,11.8,11.8,11.9,11.9,11.9,11.8,8.17,8.22
0.00002,15.8,11.8,11.9,11.9,11.9,11.8,11.6,11.9,12,11.8,11.9,15.9,11.9,11.9,11.8,11.8,11.9,12,11.9,11.9,11.9,15.9,11.9,11.8,11.9,11.9,11.8,11.8,11.9,11.9,11.9,15.8,11.9,11.8,11.9,11.9,11.8,11.8,11.9,12,11.8,15.8,11.9,12,11.9,11.9,11.8,11.9,11.9,11.9,11.8,15.9,11.9,11.8,11.8,11.8,12,11.9,11.8,11.9,12,15.9,11.9,11.9,11.8,12,11.9,11.9,11.8,11.9,11.8,15.9,12,11.9,12,11.9,11.9,12,11.9,11.9,11.9,15.9,11.9,11.8,11.9,11.8,11.8,11.8,11.9,11.8,11.8,15.8,11.9,11.8,11.9,11.9,12,11.8,8.22,8.17
0.0000202,15.9,11.8,11.8,11.9,11.9,11.8,11.6,11.9,11.9,11.9,11.9,15.9,11.9,11.9,11.8,11.9,11.9,11.9,11.8,11.8,11.9,15.9,11.9,11.9,11.9,11.9,11.9,11.8,11.9,11.9,11.9,15.8,12,11.8,11.9,11.9,11.8,11.9,11.9,12,11.9,15.9,11.9,12,11.9,11.9,11.9,12,11.9,11.9,11.7,15.9,12,11.8,11.9,11.8,11.9,11.9,11.8,11.8,11.9,15.9,11.9,11.9,11.8,12,11.9,11.8,11.8,11.9,11.7,15.9,11.9,11.9,12,11.9,11.9,11.9,11.9,11.9,11.8,15.9,11.9,11.8,11.9,11.8,11.9,11.9,11.9,11.7,11.9,15.9,11.8,11.8,11.8,11.9,11.9,11.9,8.22,8.22
0.0000204,15.9,11.9,11.9,11.9,11.9,11.9,11.6,11.9,11.9,11.9,11.9,15.8,11.9,11.9,11.9,11.9,11.9,12,11.8,11.8,11.9,15.8,11.9,11.9,12,11.9,11.9,11.9,11.9,11.8,11.9,15.9,12,11.8,11.9,11.9,11.9,12,11.9,12,11.9,15.9,12,12,11.9,11.9,11.9,11.9,11.8,12,11.8,15.9,12,11.9,11.9,11.9,11.9,11.9,11.8,11.7,11.9,15.8,11.9,11.9,11.9,12,11.9,11.8,11.8,11.9,11.8,15.9,11.9,11.9,11.9,11.9,11.9,11.9,11.9,11.8,11.9,15.9,11.9,11.7,12,11.8,11.9,11.9,11.9,11.6,11.9,15.8,11.8,11.8,11.9,11.9,12,11.9,8.22,8.26
0.0000206,15.8,11.8,11.9,11.9,11.9,11.8,11.6,11.9,12,11.9,11.9,15.9,11.9,11.9,12,11.9,11.9,11.9,11.9,11.8,11.9,15.9,11.9,11.8,11.9,11.9,11.9,11.9,11.8,11.8,11.9,15.9,11.9,11.9,11.9,11.9,11.9,12,11.9,12,11.9,15.9,12,12,11.8,11.8,11.9,11.9,11.9,11.9,11.8,15.9,11.9,11.8,12,11.9,11.9,12,11.8,11.7,11.9,15.9,12,11.9,11.8,12,11.9,11.9,11.9,11.9,11.9,15.9,11.8,12,11.9,11.9,11.9,11.9,11.9,11.9,11.9,15.9,11.9,11.7,11.9,11.9,11.9,11.8,11.9,11.7,11.9,15.9,11.8,11.7,11.9,11.9,11.9,11.8,8.22,8.22
0.0000208,15.8,11.9,11.9,11.9,12,11.9,11.6,11.9,11.9,11.9,11.9,15.8,11.9,11.9,12,12,11.9,11.9,11.9,11.9,11.9,15.9,11.9,11.9,11.9,11.9,11.9,11.9,11.8,11.8,11.9,15.8,11.8,12,11.9,11.9,11.9,12,11.9,12,11.9,15.9,12,12,11.8,11.8,11.9,11.9,11.9,12,11.8,15.9,11.9,11.8,11.9,11.9,11.9,12,11.8,11.8,11.9,15.9,11.9,11.9,11.9,11.9,11.9,11.9,11.9,11.9,11.9,15.9,11.8,12,11.9,11.9,11.8,11.9,11.9,11.9,11.9,15.9,11.9,11.8,11.9,11.9,11.9,11.9,11.9,11.7,11.9,15.9,11.8,11.8,11.9,11.9,11.9,11.9,8.17,8.22
0.000021,15.8,11.9,11.9,12,12,11.8,11.7,11.9,12,11.9,11.9,15.8,11.9,11.9,12,11.9,11.9,11.9,11.9,11.8,11.9,15.8,11.9,11.8,11.8,11.9,11.9,11.9,11.7,11.9,11.9,15.8,11.7,11.9,11.9,11.9,12,12,11.9,12,12,15.8,11.9,11.9,11.8,11.8,11.9,11.9,12,11.9,11.8,15.9,11.9,11.8,11.9,12,11.9,11.9,11.7,11.9,11.9,15.9,11.9,11.8,11.9,11.9,11.8,11.9,12,11.9,12,15.8,11.8,11.9,11.8,12,11.8,11.9,11.9,11.9,11.9,15.9,12,11.8,11.9,11.9,11.9,11.9,11.9,11.7,12,15.9,11.8,11.8,12,11.9,11.9,11.8,8.22,8.17
0.0000212,15.9,11.9,11.9,12,12,11.8,11.7,11.9,12,11.9,11.8,15.8,11.9,11.9,12,11.9,11.9,11.8,11.9,11.9,11.9,15.9,11.9,11.8,11.9,11.9,11.8,11.9,11.7,11.9,11.9,15.9,11.7,11.9,11.9,12,11.9,12,11.9,11.9,12,15.9,11.9,11.9,11.9,11.9,11.9,11.9,12,11.9,11.9,15.9,11.8,11.8,11.9,12,12,11.9,11.8,11.9,11.9,15.8,11.9,11.8,11.9,11.8,11.8,11.9,11.9,11.9,12,15.9,11.7,11.9,11.9,11.9,11.9,11.8,11.9,11.9,11.9,15.9,12,11.9,11.8,11.9,11.8,11.9,11.8,11.8,12,15.9,11.9,11.8,12,11.9,11.9,11.9,8.22,8.22
0.0000214,15.9,11.8,11.9,12,11.9,11.9,11.7,11.8,12,11.9,11.8,15.9,11.9,11.9,11.9,11.9,11.8,11.9,11.9,11.9,12,15.9,11.9,11.8,11.8,11.9,11.9,11.9,11.7,11.9,11.9,15.8,11.7,11.9,11.9,11.9,11.9,11.9,11.8,11.9,11.9,15.8,11.9,11.9,11.8,11.9,11.8,11.9,12,11.9,11.9,15.9,11.9,11.8,11.8,11.9,12,11.9,11.8,12,11.9,15.9,11.9,11.8,11.9,11.9,11.9,11.9,11.9,11.9,12.1,15.8,11.8,11.9,11.8,11.9,11.8,11.8,12,11.9,11.9,15.8,12,11.9,11.8,11.8,11.8,12,11.8,11.8,12,15.9,11.9,11.8,12,11.9,11.8,11.9,8.22,8.22
0.0000216,15.9,11.8,11.9,12,11.8,11.8,11.8,11.8,11.9,11.9,11.8,15.9,11.9,11.9,11.9,11.8,11.9,11.8,11.9,11.8,11.9,15.8,11.9,11.9,11.8,11.8,11.9,11.8,11.8,11.8,11.9,15.9,11.8,11.9,11.9,11.9,11.9,11.8,11.9,11.9,11.9,15.9,11.9,11.9,11.9,11.9,11.8,11.9,12.1,11.9,11.9,15.9,11.9,11.8,11.8,12,12,11.9,11.8,12,11.8,15.8,11.8,11.8,11.9,11.8,11.8,11.9,11.9,11.9,12,15.8,11.8,11.9,11.9,11.9,11.8,11.8,11.9,11.8,11.9,15.9,12,11.9,11.7,11.9,11.9,12,11.8,11.8,11.9,15.8,11.9,11.8,12,11.9,11.8,11.9,8.22,8.22
0.0000218,15.9,11.7,11.9,12,11.9,11.8,11.8,11.8,11.9,11.9,11.8,15.9,11.8,11.9,11.9,11.8,11.9,11.9,11.9,11.9,11.9,15.8,11.9,11.9,11.8,11.8,11.9,11.9,11.8,11.9,11.9,15.9,11.9,11.9,11.9,11.8,11.8,11.8,11.9,11.9,11.9,15.9,11.9,11.9,11.9,11.9,11.9,11.9,12,11.9,11.8,15.9,11.9,11.8,11.9,11.9,12,11.8,11.9,12,11.9,15.9,11.8,11.8,11.9,11.8,11.8,11.9,11.9,12,11.9,15.8,11.8,11.9,11.9,11.8,11.8,11.8,11.9,11.8,11.9,15.9,12,12,11.7,11.8,11.9,12,11.8,11.8,11.8,15.9,11.9,11.8,12,11.9,11.9,11.9,8.22,8.22
0.000022,15.9,11.7,11.9,11.9,11.9,12,11.8,11.8,11.9,11.9,11.8,15.9,11.8,11.9,11.9,11.8,11.9,11.9,11.8,11.9,11.9,15.9,11.9,11.9,11.8,11.8,11.9,11.9,11.9,11.9,11.9,15.8,11.9,11.8,12,11.9,11.8,11.8,11.8,11.8,11.8,15.9,11.9,12,11.8,11.9,11.8,12,11.9,11.8,11.9,15.9,11.9,11.8,11.9,11.9,12,11.8,11.9,12,11.9,15.8,11.8,11.9,11.9,11.8,11.9,11.9,11.9,11.9,11.9,15.9,11.8,11.9,11.9,11.8,11.8,11.8,11.9,11.8,11.8,15.8,12,11.9,11.7,11.9,11.9,12,11.8,11.8,11.8,15.8,11.9,11.8,12,11.9,11.9,11.9,8.22,8.26
0.0000222,15.9,11.7,11.9,11.9,11.9,11.9,11.8,12,11.9,11.9,11.9,15.8,11.8,11.9,11.9,11.8,11.9,12,11.8,11.8,11.9,15.8,11.9,11.9,11.7,11.9,11.9,11.9,12,11.8,11.9,15.8,12,11.8,12,11.9,11.8,11.8,11.8,11.8,11.8,15.8,11.9,12,11.8,11.9,11.9,12,11.9,11.9,11.8,15.8,12,11.9,11.9,11.9,11.9,11.9,11.9,11.9,11.9,15.9,11.9,11.9,11.8,11.9,11.8,11.8,11.8,11.9,11.9,15.8,11.9,11.9,11.9,11.9,11.9,11.8,11.9,11.9,11.8,15.9,11.9,11.9,11.8,11.9,11.9,12,11.8,11.9,11.8,15.9,11.9,11.8,11.9,11.9,12,11.9,8.17,8.17
0.0000224,15.8,11.7,11.9,11.9,11.9,11.8,11.8,11.9,11.9,12,11.9,15.9,11.9,11.9,11.9,11.9,11.9,12,11.7,11.9,11.8,15.9,11.9,11.8,11.7,11.9,11.9,11.9,12,11.9,12,15.9,11.9,11.8,12,11.9,11.8,11.8,11.8,11.9,11.8,15.9,11.9,12,11.9,11.9,11.8,12,11.8,11.9,11.9,15.9,11.9,11.9,11.9,11.9,11.9,11.9,11.9,11.9,11.9,15.9,11.9,12,11.9,11.9,11.9,11.8,11.8,11.9,11.9,15.9,11.8,11.9,12,11.8,11.9,11.9,11.9,11.8,11.8,15.8,11.9,11.9,11.8,11.9,11.9,11.9,11.8,11.9,11.7,15.8,11.8,11.8,11.8,11.9,12,11.9,8.22,8.22
0.0000226,15.9,11.8,11.9,11.8,11.9,11.8,11.7,11.9,11.9,11.9,11.8,15.9,11.9,11.8,11.9,11.9,11.9,12,11.7,11.9,11.8,15.8,11.8,11.8,11.7,12,11.9,11.8,12,11.9,11.9,15.8,11.9,11.8,11.9,11.9,11.8,11.9,11.9,11.9,11.8,15.9,11.9,12,11.9,11.8,11.8,11.9,11.8,11.8,11.8,15.8,11.9,11.9,11.8,11.9,11.9,12,11.9,11.9,11.9,15.8,11.8,12,11.9,11.9,11.9,11.8,11.9,11.9,11.8,15.8,11.9,11.9,12,11.8,11.9,11.9,11.9,11.8,11.8,15.9,11.9,11.9,11.8,11.9,12,11.9,11.8,11.9,11.7,15.9,11.9,11.8,11.9,11.9,12,11.8,8.26,8.22
0.0000228,15.9,11.9,11.9,11.8,11.9,11.8,11.8,11.9,11.9,11.9,11.8,15.9,11.9,11.9,11.9,11.8,11.9,12.1,11.8,11.8,11.9,15.9,11.9,11.8,11.7,12,11.9,11.9,11.9,11.8,11.9,15.9,11.8,11.8,12,11.9,11.8,11.9,11.9,11.9,11.8,15.9,11.9,12,11.8,11.8,11.9,12,11.7,11.9,11.8,15.9,11.9,11.9,11.8,11.9,11.8,12,11.9,11.8,11.9,15.8,11.8,11.9,11.8,12,11.8,11.8,11.9,11.8,11.9,15.9,11.9,11.9,12,11.9,11.9,11.9,12,11.8,11.8,15.9,11.9,11.9,11.8,11.9,11.9,11.8,11.9,11.9,11.7,15.9,11.9,11.8,11.8,11.9,12,11.9,8.17,8.22
0.000023,15.8,12,11.9,11.8,11.9,11.9,11.7,11.8,11.9,11.9,11.9,15.9,12,11.8,12,11.9,11.9,12,11.8,11.8,11.9,15.9,11.9,11.8,11.7,12,11.9,11.9,11.9,11.9,11.9,15.9,11.7,11.9,11.9,11.9,11.8,11.9,11.9,11.9,11.8,15.9,11.9,11.9,11.9,11.7,11.9,12,11.7,11.9,11.8,15.9,11.9,11.8,11.7,11.9,11.8,11.9,11.8,11.8,11.9,15.9,11.8,12,11.8,12,11.9,11.7,11.9,11.8,11.9,15.9,11.9,11.9,11.9,11.9,11.8,11.9,12,11.8,11.8,15.9,11.9,11.9,11.9,11.9,11.9,11.8,11.9,11.9,11.7,15.9,11.8,11.9,11.8,11.9,12,11.8,8.22,8.22
0.0000232,15.8,12,11.9,11.9,11.9,11.9,11.8,11.8,11.9,11.9,11.9,15.8,12,11.8,11.9,11.9,11.9,12,11.9,11.8,11.9,15.9,11.9,11.8,11.8,12,12,11.9,11.8,11.9,11.9,15.9,11.7,11.9,11.9,11.9,11.8,11.9,11.9,12,11.9,15.8,11.9,11.9,11.8,11.7,11.9,12,11.8,11.9,11.8,15.9,11.9,11.9,11.8,11.9,11.8,12,11.8,11.8,11.9,15.9,11.7,11.9,11.8,12,11.8,11.8,11.8,11.9,11.9,15.8,11.8,11.9,11.9,11.9,11.8,11.9,12,11.8,11.8,15.8,11.9,11.8,11.9,11.9,11.9,11.7,11.9,11.8,11.8,15.9,11.9,11.8,11.8,11.9,11.9,11.8,8.22,8.26
0.0000234,15.8,12,11.9,11.9,11.8,11.9,11.8,11.9,11.9,11.9,11.9,15.9,12,11.9,11.9,11.9,11.9,12,11.9,11.8,11.9,15.8,11.9,11.8,11.8,11.9,12,11.9,11.7,11.9,11.9,15.8,11.6,11.9,11.9,11.9,11.9,11.9,11.8,12,11.9,15.8,11.9,11.9,11.8,11.7,11.9,11.9,11.8,11.9,11.7,15.8,11.9,11.8,11.7,11.9,11.9,11.9,11.7,11.9,11.8,15.8,11.7,11.9,11.9,12,11.8,11.8,11.9,11.9,12,15.8,11.9,11.9,11.8,11.9,11.8,11.9,12,11.8,11.9,15.9,11.8,11.8,11.9,11.9,11.9,11.7,11.9,11.8,11.9,15.9,11.9,11.9,11.8,11.9,11.9,11.9,8.22,8.22
0.0000236,15.9,11.9,11.9,11.9,11.9,11.8,11.8,11.9,11.8,11.9,11.9,15.8,12,11.9,11.9,11.8,11.8,12,11.9,11.8,11.9,15.9,11.9,11.9,11.9,11.9,12,11.9,11.6,11.9,11.9,15.8,11.7,11.9,11.9,11.8,11.8,11.9,11.9,12,11.9,15.8,11.9,11.8,11.9,11.7,11.9,11.9,11.8,11.9,11.7,15.9,11.9,11.8,11.8,11.9,11.9,11.9,11.7,11.9,11.8,15.9,11.7,11.9,11.9,11.9,11.8,11.7,11.9,11.9,11.9,15.9,11.9,11.9,11.9,11.9,11.9,11.9,11.9,11.9,11.9,15.8,11.9,11.9,11.9,11.8,11.8,11.7,11.9,11.8,11.9,15.9,11.9,11.9,11.9,11.8,11.8,11.8,8.22,8.22
0.0000238,15.9,11.9,11.9,12,11.9,11.9,11.8,11.8,11.8,11.9,11.9,15.8,11.9,11.9,11.9,11.9,11.8,12,11.9,11.8,11.9,15.9,11.9,11.9,11.9,11.8,11.9,11.9,11.7,12,11.9,15.9,11.7,11.9,11.9,11.9,11.8,11.9,11.9,12,12,15.9,11.9,11.9,11.9,11.7,11.9,11.9,11.8,11.9,11.7,15.8,11.9,11.8,11.8,11.9,11.9,12,11.8,12,11.9,15.8,11.8,11.9,11.9,12,11.8,11.9,11.9,12,11.9,15.9,11.8,11.9,11.9,11.9,11.9,11.9,11.9,11.8,11.9,15.9,11.9,11.9,11.9,11.9,11.9,11.8,11.9,11.8,12,15.9,11.9,11.9,11.9,11.8,11.8,11.9,8.22,8.22
0.000024,15.9,11.8,12,12,11.9,11.8,11.9,11.8,11.8,11.9,11.8,15.9,11.8,12,11.9,11.8,11.9,11.9,12,11.8,11.9,15.9,11.9,12,11.9,11.8,12,11.9,11.7,11.9,11.9,15.9,11.8,11.9,11.9,11.9,11.8,11.8,11.9,12,12,15.9,11.9,11.9,11.9,11.7,11.9,11.9,11.8,11.8,11.8,15.8,12,11.9,11.9,11.9,12,11.9,11.8,12,11.8,15.9,11.9,11.9,11.9,12,11.8,11.8,11.9,12,11.9,15.9,11.8,11.9,11.8,11.9,12,11.9,11.9,11.9,12,15.9,12,11.9,11.8,11.8,11.9,11.8,11.9,11.8,12,15.9,11.9,11.9,11.9,11.9,11.8,11.8,8.22,8.22
0.0000242,15.9,11.7,11.9,11.9,12,11.9,11.9,11.8,11.9,12,11.8,15.9,11.9,11.9,11.8,11.8,11.9,11.9,11.9,11.8,11.9,15.9,11.9,12,12,11.8,11.9,11.8,11.8,12,11.9,15.9,11.8,11.8,11.8,11.9,11.9,11.8,11.9,12,11.9,15.9,11.9,12,11.8,11.7,11.8,11.9,11.9,11.9,11.9,15.8,12,11.8,11.9,12,11.9,11.9,11.8,12,11.9,15.9,11.9,12,11.9,12,11.8,11.8,11.9,12,11.9,15.8,11.8,11.9,11.9,11.8,12,11.9,11.9,11.9,11.9,15.9,12,11.9,11.8,11.8,11.9,11.9,11.8,11.8,12,15.9,11.9,11.8,12,11.9,11.8,11.8,8.22,8.22
0.0000244,15.9,11.7,11.9,11.9,12,11.9,11.9,11.9,11.9,11.9,11.8,15.8,11.8,12,11.8,11.8,11.9,11.9,11.9,11.7,11.9,15.8,11.9,12,11.9,11.8,11.9,11.8,11.9,11.9,11.9,15.8,11.8,11.9,11.8,11.9,11.8,11.8,11.9,11.9,11.9,15.9,11.9,12,11.8,11.8,11.8,11.8,11.9,11.9,11.9,15.9,12,11.8,11.9,12,12,11.9,11.8,11.9,11.8,15.9,11.9,11.9,11.9,12,11.8,11.8,11.8,12,11.9,15.9,11.8,11.9,11.9,11.8,12,11.9,12,12,11.9,15.9,12,11.9,11.8,11.8,11.9,11.9,11.8,11.8,11.9,15.9,11.9,11.8,11.9,12,11.9,11.8,8.22,8.22
0.0000246,15.8,11.7,11.9,11.9,12,11.9,11.9,11.8,11.9,11.9,11.9,15.8,11.8,11.9,11.8,11.8,11.9,11.8,11.9,11.9,11.9,15.9,11.9,11.9,11.9,11.8,11.8,11.9,11.9,11.9,11.9,15.8,11.8,11.8,11.8,11.9,11.8,11.8,11.8,11.9,11.9,15.9,11.9,12,11.7,11.8,11.9,11.9,11.9,11.8,11.9,15.9,12,11.8,11.9,11.9,12,11.9,11.8,11.9,11.8,15.9,12,11.9,11.9,12,11.8,11.9,11.9,11.9,11.9,15.8,11.9,11.9,11.9,11.8,12,11.9,11.9,11.9,11.8,15.9,12,11.9,11.8,11.8,11.9,12,11.9,11.8,11.9,15.9,11.9,11.9,11.9,12,11.9,11.8,8.22,8.26
0.0000248,15.9,11.7,12,11.8,11.9,11.9,12,11.8,12,11.9,11.8,15.8,11.8,11.9,11.8,11.8,11.9,11.8,11.9,11.8,11.9,15.8,11.8,11.9,11.9,11.9,11.8,11.8,11.9,11.9,11.9,15.9,11.8,11.9,11.8,11.9,11.8,11.8,11.9,11.9,11.8,15.8,11.9,12,11.7,11.8,11.8,11.9,11.9,11.9,11.9,15.9,12,11.8,11.8,11.9,12,11.9,11.9,11.9,11.9,15.8,12,11.9,11.8,11.9,11.9,11.9,11.9,11.9,11.9,15.9,11.9,12,11.9,11.8,11.9,11.9,12,11.9,11.9,15.8,12,11.9,11.8,11.8,11.8,12,11.8,11.8,11.8,15.8,11.9,11.8,11.9,12,12,11.8,8.22,8.17
0.000025,15.8,11.7,11.9,11.8,12,11.9,12,11.9,12,11.9,11.8,15.9,11.9,11.7,11.8,11.8,11.9,11.9,11.9,11.9,12,15.9,11.9,11.8,11.9,11.9,11.8,11.8,12,11.9,11.9,15.8,11.8,11.8,11.8,11.8,11.8,11.8,11.9,11.9,11.8,15.9,11.9,12.1,11.7,11.8,11.8,12,11.9,11.8,11.9,15.9,11.9,11.8,11.8,11.9,12,11.9,11.9,12,11.9,15.8,12,11.9,11.9,11.9,11.8,11.9,11.8,11.9,11.9,15.9,11.9,12,11.9,11.8,11.8,11.9,12,11.9,11.8,15.8,12,11.9,11.8,11.9,11.9,12,11.8,11.8,11.9,15.8,11.9,11.9,11.8,11.9,12,11.9,8.26,8.26
0.0000252,15.8,11.8,11.9,11.8,11.9,11.9,12,11.8,12,11.9,11.8,15.9,11.9,11.7,11.7,11.8,11.9,11.8,11.9,11.9,12,15.9,11.9,11.8,11.8,11.9,11.7,11.9,12,11.7,11.9,15.8,11.8,11.9,11.8,11.8,11.8,11.9,11.9,11.9,11.8,15.9,11.9,12,11.7,11.7,11.9,11.9,12,11.8,11.8,15.9,11.9,11.9,11.8,11.9,11.9,12,11.9,11.9,11.9,15.9,11.9,11.8,11.9,11.8,11.9,11.9,11.9,11.8,11.8,15.8,11.9,11.9,11.9,11.8,11.8,11.9,11.9,11.9,11.8,15.9,12,11.8,11.8,11.9,11.9,12,11.9,11.8,11.8,15.9,11.9,11.9,11.9,12,12,11.9,8.22,8.26
0.0000254,15.9,11.8,11.9,11.8,11.9,11.9,11.9,11.8,11.9,11.9,11.8,15.9,11.9,11.7,11.8,11.8,11.9,11.9,11.9,11.9,11.9,15.9,11.9,11.7,11.8,11.9,11.8,11.9,11.9,11.8,12,15.9,11.7,11.9,11.8,11.8,12,11.8,11.9,11.9,11.8,15.9,11.9,12,11.7,11.7,11.8,12,11.9,11.9,11.8,15.8,11.9,11.8,11.7,11.9,11.9,11.9,11.9,11.9,11.9,15.9,11.9,11.8,11.8,11.8,11.9,11.9,11.9,11.8,11.9,15.8,11.9,12,11.9,11.8,11.7,11.9,12,11.9,11.8,15.9,12,11.8,11.8,11.9,11.9,11.9,11.9,11.8,11.8,15.8,11.9,11.8,11.9,11.9,12,11.9,8.26,8.26
0.0000256,15.8,11.8,11.9,11.8,11.9,11.9,11.8,11.8,11.9,11.9,11.8,15.9,11.9,11.7,11.8,11.9,11.9,11.9,11.9,11.9,11.9,15.9,11.9,11.7,11.8,11.9,11.8,11.9,11.9,11.9,11.9,15.8,11.7,12,11.9,11.9,11.9,11.8,11.9,12,11.9,15.8,11.9,12,11.8,11.7,11.9,11.9,11.9,11.9,11.8,15.9,11.8,11.9,11.7,11.9,12,11.9,11.9,11.9,11.8,15.9,11.8,11.7,11.9,11.7,11.9,11.9,11.9,11.8,11.9,15.8,12,11.9,11.9,11.9,11.7,11.9,11.9,11.8,11.8,15.8,12,11.9,11.8,12,11.9,11.8,11.9,11.9,11.9,15.9,11.8,11.8,11.8,11.9,12,11.9,8.26,8.26
0.0000258,15.9,11.9,11.9,11.9,11.9,11.9,11.8,11.8,11.8,11.9,11.9,15.8,12,11.8,11.8,11.9,11.9,12,11.9,11.9,11.9,15.9,11.9,11.7,11.8,11.9,11.8,11.9,11.9,11.8,11.9,15.9,11.8,11.9,12,11.9,11.9,11.8,11.9,12,11.9,15.8,11.9,11.9,11.8,11.7,11.9,11.9,11.9,11.9,11.8,15.9,11.9,11.9,11.7,11.9,12,11.9,11.8,11.9,11.8,15.9,11.8,11.8,11.9,11.8,11.9,11.9,11.9,11.8,11.8,15.9,11.9,11.9,11.9,11.8,11.7,12,11.9,11.8,11.8,15.8,12,11.8,11.9,11.9,11.9,11.8,11.9,11.8,11.9,15.9,11.9,11.8,11.9,11.9,12,11.9,8.26,8.22
0.000026,15.8,11.8,11.9,12,11.9,11.9,11.6,11.7,11.8,11.9,11.9,15.8,11.9,11.9,11.9,11.9,11.9,12,12,11.9,11.8,15.8,11.9,11.8,11.8,11.9,11.9,11.9,11.8,12,11.9,15.8,11.8,12,12,11.9,11.8,11.9,11.9,12,11.9,15.9,12,11.8,11.9,11.8,11.9,11.9,11.9,11.9,11.8,15.8,11.8,11.8,11.8,11.9,12,11.9,11.8,11.9,11.9,15.9,11.8,11.8,11.9,11.8,11.9,11.9,11.9,11.9,11.9,15.9,11.9,11.9,11.9,11.8,11.8,12,11.9,11.8,11.9,15.8,12,11.8,11.9,11.9,11.9,11.8,11.9,11.9,11.9,15.9,11.9,11.8,11.9,11.9,11.9,12,8.22,8.26
0.0000262,15.9,11.9,11.9,12,11.9,11.8,11.6,11.8,11.8,11.9,12,15.8,11.9,12,11.9,11.9,11.9,11.9,12,11.8,11.8,15.9,11.9,11.9,11.8,11.9,11.9,11.9,11.8,11.9,11.8,15.9,11.8,11.9,12,12,11.8,11.8,11.9,12,11.9,15.9,12,11.8,11.9,11.8,11.9,11.8,11.9,11.9,11.8,15.9,11.9,11.8,11.8,11.9,12,11.9,11.8,11.9,11.9,15.9,11.8,11.8,11.9,11.9,11.9,11.9,11.8,11.9,11.9,15.9,11.8,11.9,12,11.8,11.9,12,11.9,11.8,11.9,15.8,12,11.8,11.8,11.9,11.9,11.8,12,11.9,11.9,15.8,11.9,11.8,11.9,11.9,11.9,11.9,8.26,8.31
0.0000264,15.9,11.9,11.9,12,12,11.9,11.7,11.8,11.8,11.9,11.9,15.8,11.8,11.9,11.9,11.9,11.9,11.9,11.9,11.8,11.7,15.8,11.9,11.9,11.8,11.9,11.9,11.9,11.8,12,11.8,15.8,11.8,11.9,12,11.9,11.7,11.9,11.9,12,11.9,15.9,12,11.8,12,11.9,11.9,11.8,11.9,11.9,11.7,15.9,11.8,11.8,11.9,11.9,11.9,11.9,11.8,11.8,11.9,15.9,11.9,11.8,11.9,12,11.9,11.9,11.9,11.9,11.9,15.8,11.7,11.9,12,11.8,12,11.9,12,11.7,11.9,15.9,11.9,11.9,11.8,11.8,11.9,11.8,11.9,11.8,11.9,15.9,11.9,11.8,11.8,11.9,11.8,12,8.26,8.31
0.0000266,15.8,11.9,11.9,11.9,12,11.9,11.7,11.8,11.9,11.9,12,15.9,11.8,12,11.9,11.9,12,11.9,11.9,11.7,11.7,15.9,11.9,11.9,11.8,11.9,11.9,11.9,11.8,12,11.8,15.8,11.8,11.9,11.9,12,11.7,11.9,11.9,12,11.9,15.9,11.9,11.8,12,11.9,11.8,11.9,11.9,11.9,11.7,15.9,11.9,11.7,11.9,11.9,11.9,11.9,11.7,11.8,11.9,15.9,11.9,11.8,11.9,12,11.9,11.9,11.9,12,11.9,15.8,11.7,11.9,12,11.9,12,12,11.9,11.7,11.9,15.9,11.9,11.9,11.8,11.8,11.9,11.9,11.9,11.9,11.9,15.8,11.8,11.8,11.8,11.9,11.8,11.9,8.35,8.31
0.0000268,15.8,11.8,11.9,11.9,12,11.8,11.8,11.9,11.9,11.9,12,15.9,11.8,11.9,11.8,11.9,11.9,11.8,11.9,11.7,11.7,15.9,11.9,11.9,11.9,11.9,11.9,11.8,11.9,11.9,11.9,15.9,11.8,11.9,11.8,11.9,11.8,11.8,11.9,11.9,11.9,15.8,11.9,11.8,12,11.9,11.9,11.9,11.9,11.8,11.8,15.8,11.9,11.8,11.9,11.9,11.8,11.9,11.8,11.8,11.9,15.9,11.9,11.8,11.9,12,11.9,11.9,11.9,12,11.9,15.9,11.7,11.9,11.9,11.8,12,11.9,11.9,11.8,11.8,15.9,11.9,11.9,11.8,11.8,11.9,12,11.9,11.8,11.9,15.8,11.9,11.8,11.8,11.9,11.8,11.9,8.31,8.35
0.000027,15.9,11.8,11.9,11.9,12,11.8,11.9,11.9,12,11.9,12,15.9,11.9,11.9,11.8,11.9,12,11.8,11.9,11.8,11.8,15.8,11.9,11.9,11.9,11.9,11.9,11.9,11.9,11.9,11.9,15.9,11.8,11.9,11.9,11.9,11.8,11.9,11.9,11.8,11.9,15.9,11.9,12,11.9,12,11.8,11.9,11.9,11.8,11.9,15.9,11.9,11.8,11.9,11.9,11.8,11.9,11.8,11.8,11.9,15.8,11.9,11.9,11.9,12,11.9,11.9,11.9,12,12,15.8,11.8,11.9,11.9,11.9,11.9,11.9,12,11.9,11.8,15.9,11.8,11.9,11.8,11.8,11.9,12,11.8,11.9,11.9,15.8,11.9,11.8,11.9,11.9,11.8,11.8,8.31,8.31
0.0000272,15.8,11.8,11.9,11.8,12,11.8,11.9,11.9,12,11.8,11.9,15.8,11.8,11.8,11.8,11.8,11.9,11.8,11.9,11.8,11.8,15.8,11.9,11.9,12,11.8,11.8,11.8,11.9,11.8,11.9,15.8,11.9,12,11.9,11.8,12,11.9,11.9,11.8,11.9,15.9,11.8,12,11.9,11.9,11.9,11.9,11.9,11.8,11.9,15.8,11.9,11.9,11.9,11.9,11.8,11.9,11.9,11.7,11.9,15.8,11.9,11.9,11.9,12,11.8,11.9,11.8,11.9,12,15.9,11.8,11.9,11.9,11.9,11.9,11.9,11.9,11.9,11.8,15.9,11.9,12,11.8,11.8,11.9,12,11.8,11.9,11.9,15.9,11.9,11.8,11.8,11.9,11.8,11.8,8.35,8.35
0.0000274,15.8,11.8,11.9,11.8,11.9,11.9,11.9,11.9,12,11.9,11.8,15.9,11.8,11.8,11.8,11.8,11.9,11.7,11.9,11.8,11.8,15.8,12,11.9,12,11.9,11.9,11.8,11.9,11.8,12,15.8,11.8,11.9,11.9,11.8,12,11.9,11.9,11.8,11.9,15.8,11.8,12,11.9,11.9,11.8,11.9,12,11.8,11.9,15.8,11.9,11.9,11.9,11.9,11.8,11.9,11.8,11.7,11.9,15.9,11.9,11.9,12,11.9,11.9,11.9,11.9,12,12,15.9,11.9,11.9,11.8,11.9,11.8,11.8,11.9,11.9,11.8,15.8,11.9,11.9,11.9,11.9,11.9,11.9,11.8,11.9,11.9,15.9,11.9,11.8,11.8,11.8,11.8,11.9,8.35,8.49
0.0000276,15.9,11.7,11.8,11.8,11.9,11.9,11.9,11.9,12,11.9,11.8,15.9,11.9,11.8,11.8,11.9,11.9,11.8,11.9,11.9,11.8,15.8,11.9,11.8,12,11.9,11.9,11.8,11.9,11.7,12,15.8,11.8,11.9,11.9,11.8,11.9,11.9,11.9,11.8,11.8,15.8,11.8,12,11.8,11.8,11.8,11.9,12,11.8,11.9,15.9,11.9,12,11.8,11.9,11.8,12,11.8,11.7,11.9,15.9,12,11.9,12,11.9,11.9,11.8,11.9,11.9,12,15.8,11.9,11.9,11.8,11.9,11.8,11.9,11.9,11.9,11.8,15.9,11.9,11.9,11.8,11.8,11.9,12,11.9,11.9,11.9,15.9,11.9,11.7,11.9,11.9,11.8,11.9,8.35,8.57
0.0000278,15.8,11.8,11.8,11.8,11.9,11.9,11.9,11.9,11.9,11.9,11.8,15.9,11.9,11.8,11.8,11.8,11.9,11.9,11.9,11.9,11.9,15.9,12,11.8,11.9,11.8,11.8,11.8,11.8,11.8,12,15.9,11.7,11.9,12,11.8,12,11.9,11.9,11.8,11.8,15.9,11.9,11.9,11.9,11.8,11.8,11.9,12,11.8,11.9,15.9,11.9,11.9,11.9,11.9,11.9,11.9,11.9,11.8,11.9,15.8,11.9,11.9,11.9,11.9,11.9,11.9,11.9,11.9,11.9,15.9,11.9,11.9,11.8,11.9,11.7,11.9,11.8,12,11.9,15.9,12,11.8,11.9,11.8,11.9,11.9,11.8,11.9,11.9,15.8,11.9,11.7,11.9,11.9,11.9,11.9,8.4,8.71
0.000028,15.8,11.8,11.8,11.8,11.9,11.9,11.9,11.8,11.9,11.9,11.9,15.8,11.9,11.8,11.8,11.8,11.8,11.9,11.9,11.9,11.9,15.8,12,11.8,11.9,11.9,11.9,11.8,11.8,11.8,12,15.8,11.8,11.9,12,11.8,11.9,11.9,11.9,11.9,11.9,15.9,11.9,11.9,11.8,11.7,11.9,12,12,11.8,11.8,15.8,11.9,11.9,11.8,11.9,12,12,11.9,11.8,11.9,15.9,11.9,11.9,11.9,11.9,11.9,11.8,11.9,11.9,12,15.9,12,11.8,11.8,11.9,11.7,11.9,11.8,11.9,11.9,15.8,12,11.8,11.9,11.8,11.9,11.9,11.8,11.9,11.9,15.9,11.9,11.7,11.8,11.9,11.9,11.9,8.49,8.8
0.0000282,15.8,11.8,11.7,11.8,11.9,11.9,11.8,11.8,12,11.9,11.8,15.8,11.9,11.9,11.9,11.8,11.8,12,11.9,11.9,11.9,15.8,12,11.8,11.8,11.9,11.9,11.8,11.8,11.8,11.9,15.9,11.8,11.9,12,11.9,11.9,11.9,11.9,11.9,11.9,15.9,12,11.9,11.9,11.7,11.8,11.9,11.9,11.9,11.7,15.8,11.9,11.9,11.8,11.9,12,12,11.9,11.9,11.8,15.8,11.9,11.9,11.9,11.9,11.9,11.7,11.9,11.9,11.9,15.9,11.9,11.9,11.8,11.8,11.9,12,11.8,11.9,11.9,15.9,12,11.8,11.9,11.9,11.9,12,11.9,11.8,11.9,15.9,11.8,11.6,11.9,11.9,11.8,11.9,8.62,8.93
0.0000284,15.8,11.9,11.8,11.9,11.9,11.9,11.8,11.8,11.9,11.9,11.9,15.9,12,11.9,11.9,11.8,11.8,12,11.8,11.8,11.9,15.8,11.9,11.9,11.8,11.9,11.9,11.8,11.8,11.9,11.9,15.8,11.7,11.9,12,11.9,11.8,11.9,11.9,12,11.9,15.9,12,12,11.9,11.7,11.8,11.9,11.9,11.9,11.8,15.9,11.9,11.9,11.8,11.9,12,12,11.8,11.9,11.8,15.8,11.9,11.9,11.9,11.9,11.9,11.7,11.9,11.9,11.9,15.8,11.9,12,11.8,11.9,11.9,11.9,11.8,11.9,11.8,15.8,12,11.8,11.9,11.8,11.9,12,11.8,11.8,11.9,15.9,11.8,11.7,12,12,11.9,11.9,8.71,9.06
0.0000286,15.8,11.9,11.8,11.9,11.9,11.9,11.7,11.8,12,11.9,11.9,15.9,12,11.9,11.9,11.9,11.9,12,11.8,11.8,11.9,15.8,11.9,11.9,11.8,12,11.9,11.8,11.8,11.9,11.9,15.8,11.7,11.9,12,12,11.8,11.9,12,12,11.9,15.9,12,11.9,11.9,11.7,11.9,11.9,11.9,11.8,11.7,15.9,11.8,11.8,11.8,11.9,12,12,11.7,11.9,11.8,15.9,11.8,11.8,11.9,12,11.9,11.7,11.8,11.9,11.9,15.8,11.9,11.9,11.9,11.9,11.9,11.9,11.9,11.9,11.8,15.9,12,11.8,11.8,11.9,11.9,12,11.9,11.8,11.8,15.9,11.9,11.7,11.9,11.9,11.9,11.9,8.89,9.24
0.0000288,15.8,12,11.9,11.9,11.9,11.8,11.8,11.8,11.9,12,11.9,15.8,11.9,12,11.9,11.8,11.9,12,11.9,11.8,11.9,15.9,11.8,11.9,11.8,11.9,11.9,11.9,11.8,12,11.9,15.9,11.7,11.9,11.9,12,11.7,11.9,11.9,12,11.9,15.9,12,12,11.9,11.8,11.9,11.8,11.8,11.9,11.7,15.8,11.9,11.8,11.8,11.9,11.9,11.9,11.8,11.9,11.9,15.9,11.9,11.9,11.8,11.9,11.9,11.7,11.8,12,11.9,15.9,11.9,12,11.9,11.9,11.9,11.9,11.8,11.9,11.8,15.9,12,11.9,11.9,11.9,11.8,12,11.9,11.8,11.9,15.9,11.8,11.8,11.9,12,11.9,11.9,8.97,9.33
0.000029,15.8,11.9,11.9,11.9,11.9,11.8,11.7,11.8,11.9,12,12,15.8,11.9,12,12,11.9,11.9,11.9,11.9,11.8,11.9,15.9,11.8,11.9,11.8,12,11.9,12,11.7,11.9,11.9,15.8,11.8,11.8,11.9,12,11.8,11.9,11.9,12,11.9,15.8,11.9,12,12,11.8,11.9,11.8,11.8,11.8,11.8,15.9,11.9,11.7,11.8,11.9,11.9,11.9,11.7,11.9,11.9,15.8,11.8,11.9,11.9,12,11.9,11.8,11.9,12,11.9,15.8,11.8,12,11.9,11.9,11.9,11.8,11.8,11.8,11.8,15.9,11.9,11.8,11.9,11.9,11.9,12,11.9,11.8,11.9,15.9,11.8,11.8,11.9,11.9,11.9,11.8,9.06,9.46
0.0000292,15.8,12,11.9,11.9,11.8,11.8,11.8,11.8,12,11.9,11.9,15.9,11.8,12,11.9,11.9,11.9,11.9,11.9,11.8,11.9,15.8,11.8,11.9,11.8,12,11.9,12,11.8,11.9,11.8,15.9,11.8,11.9,11.8,12,11.8,11.9,11.9,12,11.9,15.9,11.9,12,11.9,11.9,11.9,11.8,11.8,11.9,11.8,15.8,11.9,11.7,11.8,11.9,11.8,11.9,11.7,11.9,11.9,15.8,11.8,11.9,12,11.9,11.9,11.9,11.8,12,11.9,15.9,11.8,12,11.8,11.9,11.9,11.8,11.8,11.9,11.8,15.8,11.9,11.9,11.9,11.8,11.9,12,11.9,11.8,11.9,15.8,11.9,11.9,11.9,11.9,11.9,11.8,9.24,9.6
0.0000294,15.9,11.9,11.9,11.9,11.8,11.8,11.8,11.9,11.9,12,11.9,15.9,11.9,11.9,11.9,11.8,12,11.9,11.9,11.9,11.9,15.8,11.8,11.9,11.9,11.9,11.9,12,11.8,11.8,11.9,15.9,11.8,11.8,11.8,12,11.8,11.9,11.9,11.9,11.9,15.9,11.8,12,12,11.9,11.9,11.9,11.8,11.8,11.9,15.9,11.9,11.8,11.9,11.9,11.8,11.9,11.7,11.8,11.8,15.9,11.8,11.9,12,11.9,11.8,11.9,11.8,12,12,15.9,11.8,11.9,11.9,12,11.8,11.8,11.8,11.9,11.8,15.8,11.9,11.9,11.8,11.8,11.9,12,11.9,11.8,11.9,15.9,11.9,12,11.9,11.8,11.9,11.8,9.37,9.73
0.0000296,15.8,11.8,11.9,11.9,11.9,11.8,11.9,11.9,11.9,12,11.9,15.9,11.8,11.9,11.9,11.8,12,11.9,11.9,11.8,11.8,15.9,11.8,11.9,11.9,11.9,12,11.9,11.8,11.9,11.9,15.8,11.8,11.9,11.8,11.9,11.9,11.9,11.9,11.9,11.9,15.9,11.8,11.9,11.9,11.9,11.9,11.9,11.8,11.9,11.9,15.8,11.9,11.8,11.9,11.9,11.7,11.8,11.8,11.8,11.9,15.8,11.8,11.9,12,12,11.8,11.9,11.9,11.9,11.9,15.9,11.8,11.9,11.9,12,11.8,11.8,11.8,11.9,11.8,15.9,12,11.9,11.8,11.8,11.9,12,11.9,11.8,11.8,15.9,11.9,12,11.9,11.8,11.9,11.7,9.51,9.82
0.0000298,15.8,11.8,11.9,11.9,11.9,11.8,11.9,11.9,12,12,11.8,15.9,11.9,11.8,11.9,11.9,12,11.9,11.9,11.8,11.9,15.9,11.9,11.9,11.9,11.9,12,11.9,11.8,11.9,11.9,15.9,11.8,11.9,11.8,11.9,11.9,11.9,11.9,11.9,11.9,15.8,11.8,11.9,11.9,11.9,11.8,12,11.9,11.8,12,15.9,11.9,11.8,11.8,11.9,11.7,11.8,11.8,11.8,11.9,15.8,11.8,11.9,12,12,11.9,11.9,11.8,11.8,12,15.9,11.9,11.8,11.9,11.9,11.8,11.9,11.9,11.9,11.8,15.8,12,11.9,11.8,11.8,11.9,11.9,11.9,11.8,11.9,15.8,11.9,12,11.9,11.8,11.9,11.7,9.64,9.91
0.00003,15.8,11.7,11.9,11.9,11.9,11.9,11.9,11.9,11.9,11.9,11.8,15.9,11.9,11.8,11.9,11.9,11.9,11.9,11.8,11.8,11.8,15.8,11.9,11.8,11.9,11.9,12,11.9,11.9,11.9,11.9,15.9,11.8,11.9,11.9,11.9,11.9,11.8,11.9,11.8,11.9,15.8,11.8,11.9,11.9,11.7,11.8,12,12,11.8,11.9,15.9,11.9,11.8,11.8,11.9,11.8,11.8,11.9,11.9,11.9,15.8,11.8,11.9,12,12,11.8,11.9,11.9,11.9,12,15.9,11.8,11.8,11.9,11.9,11.8,11.9,11.8,11.9,11.8,15.9,12,11.9,11.8,11.9,11.9,11.9,11.8,11.9,11.8,15.9,11.8,11.9,11.9,11.8,11.9,11.7,9.73,10
0.0000302,15.9,11.7,11.9,11.9,11.9,11.9,11.9,11.9,12,11.9,11.8,15.8,11.9,11.8,11.9,11.9,12,11.9,11.8,11.9,11.7,15.8,11.9,11.8,11.9,11.9,12,11.8,11.9,11.9,11.9,15.9,11.9,11.9,11.9,11.9,12,11.8,11.9,11.9,11.9,15.9,11.8,11.9,11.9,11.8,11.7,12,11.9,11.8,11.9,15.8,11.9,11.8,11.8,11.9,11.8,11.8,12,11.9,11.9,15.9,11.8,11.9,11.9,12,11.8,11.8,11.9,11.9,12,15.9,11.9,11.7,11.9,11.9,11.8,11.9,11.9,11.8,11.8,15.8,12,11.9,11.8,11.9,11.9,11.9,11.8,11.8,11.9,15.9,11.9,11.9,11.9,11.9,11.9,11.8,9.91,10.2
0.0000304,15.9,11.7,11.9,11.9,11.9,11.8,11.9,11.9,11.9,11.9,11.8,15.9,11.9,11.8,11.8,11.8,12,11.9,11.8,11.9,11.7,15.9,11.9,11.7,11.9,11.9,12,11.8,11.9,11.9,11.9,15.9,11.8,11.9,12,11.9,11.9,11.8,11.8,11.9,11.9,15.8,11.9,11.9,11.8,11.9,11.8,12,12,11.9,11.9,15.9,11.9,11.9,11.7,11.8,11.9,11.9,11.9,11.9,11.9,15.9,11.8,11.8,11.9,12,11.9,11.8,12,11.9,12,15.9,11.9,11.8,11.9,11.9,11.8,11.9,11.9,11.9,11.8,15.8,12,11.9,11.8,11.9,11.9,11.9,11.9,11.8,11.9,15.9,11.8,11.7,11.9,11.9,11.9,11.9,10,10.3
0.0000306,15.8,11.7,11.8,11.9,11.9,11.8,11.9,11.8,11.9,11.8,11.8,15.8,12,11.9,11.9,11.8,11.9,11.9,11.8,11.8,11.7,15.8,11.8,11.7,11.8,11.9,12,11.8,11.9,11.9,11.9,15.9,11.8,11.9,11.9,11.9,11.9,11.8,11.8,11.9,11.9,15.9,11.9,12,11.9,11.8,11.6,11.9,12,11.9,11.8,15.9,11.9,11.9,11.8,11.9,12,11.9,11.9,11.9,11.9,15.9,11.9,11.8,11.9,12,11.9,11.8,11.9,11.9,12,15.8,11.9,11.8,11.9,11.8,11.9,11.9,12,11.8,11.8,15.9,12,11.9,11.9,11.9,11.9,11.9,11.9,11.8,11.9,15.9,11.8,11.6,11.9,12,11.9,11.9,10.1,10.4
0.0000308,15.9,11.7,11.9,11.9,11.9,11.9,11.9,11.8,11.9,11.8,11.9,15.9,12,11.9,11.9,11.9,11.9,12,11.9,11.9,11.8,15.9,11.8,11.8,11.8,11.9,11.9,11.9,11.9,11.8,11.9,15.9,11.7,11.9,11.9,11.9,11.9,11.9,11.8,11.9,11.8,15.8,12,11.9,11.8,11.8,11.8,11.9,11.9,11.9,11.8,15.9,11.9,11.8,11.7,11.9,12,11.9,11.9,11.9,11.9,15.8,11.9,11.9,11.8,11.9,11.9,11.8,12,11.9,11.9,15.9,11.9,11.9,11.9,11.8,11.9,11.9,12,11.9,11.9,15.9,12,11.8,11.8,12,11.9,11.9,11.9,11.7,11.9,15.8,11.8,11.7,11.9,12,11.9,11.9,10.2,10.5
0.000031,15.9,11.8,11.9,11.9,12,11.9,11.9,11.8,11.9,11.8,11.9,15.9,12,11.9,11.9,11.9,11.9,12,11.9,11.9,11.9,15.9,11.8,11.8,11.8,11.9,11.8,11.8,11.9,11.9,11.8,15.9,11.6,11.9,11.9,12,11.9,11.9,11.9,11.9,11.9,15.8,12,11.9,11.8,11.8,11.9,11.9,11.9,11.8,11.8,15.9,11.9,11.9,11.7,11.9,12,12,11.8,11.9,11.9,15.8,11.9,11.8,11.8,12,11.9,11.8,12,11.9,11.9,15.8,11.9,12,11.9,11.9,11.9,11.9,12,11.9,11.8,15.9,11.9,11.8,11.9,11.9,12,11.9,11.9,11.7,11.9,15.9,11.8,11.7,11.9,12,11.9,11.9,10.3,10.6
0.0000312,15.9,11.9,11.9,12,12,11.8,11.9,11.8,11.9,11.9,11.8,15.8,12,11.9,11.9,11.9,11.9,11.9,12,11.8,11.9,15.8,11.7,11.9,11.8,12,11.8,11.9,11.9,11.9,11.8,15.8,11.7,11.9,11.9,11.9,11.9,11.9,11.8,12,11.8,15.8,12,12,11.9,11.9,11.9,11.9,11.9,11.8,11.8,15.9,11.9,11.9,11.7,11.9,12,12,11.9,11.8,11.9,15.9,11.9,11.8,11.8,11.9,11.9,11.8,12,11.8,11.8,15.8,11.9,12,11.9,11.9,12,11.9,12,11.9,11.8,15.9,12,11.9,11.9,11.9,12,11.9,11.9,11.7,11.9,15.9,11.8,11.7,12,11.9,11.9,11.9,10.4,10.8
0.0000314,15.9,11.9,11.9,12,12,11.9,11.8,11.8,11.9,12,11.9,15.8,12,11.9,11.9,11.9,11.9,11.9,12,11.9,11.9,15.9,11.8,11.9,11.9,11.9,11.7,11.9,11.9,11.9,11.9,15.8,11.7,11.9,11.8,11.9,11.8,11.9,11.9,12,11.8,15.9,12,11.9,11.9,11.9,12,11.9,12,11.8,11.8,15.9,11.8,11.9,11.8,11.9,11.9,12,11.8,11.8,11.9,15.8,11.9,11.9,11.8,11.9,11.8,11.8,11.9,11.9,11.8,15.8,11.9,12,11.9,11.9,11.9,11.9,11.9,11.9,11.8,15.9,11.9,11.8,11.8,11.9,12,11.9,11.9,11.7,11.9,15.9,11.9,11.8,12,11.9,11.9,11.9,10.5,10.8
0.0000316,15.8,11.9,11.8,11.9,12,11.9,11.9,11.8,11.9,12,11.8,15.9,11.9,11.8,11.9,11.9,11.9,11.9,12,11.9,12,15.8,11.8,11.9,11.9,11.9,11.8,11.9,11.8,11.9,11.9,15.9,11.7,11.8,11.8,11.9,11.9,11.9,11.9,12,11.8,15.8,11.9,11.9,11.9,11.8,12,11.8,11.9,11.9,11.8,15.9,11.8,11.9,11.9,11.9,12,11.9,11.8,11.9,11.9,15.9,11.8,11.8,11.8,11.9,11.9,11.9,11.9,11.9,11.8,15.8,11.9,12,11.9,11.9,11.9,11.9,11.9,11.9,11.7,15.9,11.8,11.9,11.8,11.9,12,11.9,11.8,11.8,11.9,15.9,11.8,11.8,12,11.9,11.9,11.9,10.6,10.8
0.0000318,15.8,12,11.8,11.9,11.9,11.9,11.8,11.8,11.9,11.9,11.8,15.8,11.9,11.8,11.9,11.9,11.9,11.9,11.9,11.9,12,15.8,11.8,11.9,11.9,11.9,11.8,12,11.8,11.9,12,15.8,11.7,11.8,11.8,11.9,11.9,11.9,11.9,12,11.8,15.8,11.9,11.9,11.9,11.9,12,11.9,12,11.9,11.8,15.8,11.8,11.9,11.9,11.9,12,11.9,11.8,11.9,11.9,15.9,11.8,11.8,11.9,12,11.8,11.8,11.8,11.9,11.8,15.9,11.9,12,11.9,11.9,11.8,11.9,11.9,11.9,11.8,15.8,11.8,11.9,11.8,11.9,12,11.9,11.9,11.8,12,15.9,11.9,11.9,12,11.8,11.9,11.8,10.7,10.9
0.000032,15.8,11.9,11.8,11.9,12,11.9,11.9,11.9,11.9,12,11.9,15.8,11.9,11.8,11.9,11.8,12,11.9,11.9,11.9,12,15.8,11.8,12,12,11.9,11.8,12,11.8,11.9,12,15.8,11.7,11.8,11.8,11.9,11.8,11.8,12,12,11.9,15.9,11.9,12,12,11.7,12,11.9,12,11.8,11.8,15.9,11.8,11.8,11.9,11.9,12,11.9,11.8,12,11.9,15.8,11.8,11.9,11.9,11.9,11.9,11.9,11.8,11.9,11.8,15.9,11.9,11.9,11.9,11.9,11.8,11.9,11.8,11.9,11.7,15.8,11.9,11.9,11.8,11.9,11.9,11.9,11.8,11.9,11.9,15.9,11.8,11.9,12,11.9,11.9,11.8,10.8,11
0.0000322,15.8,11.9,11.7,11.9,12,11.9,11.9,11.9,11.8,11.9,11.9,15.9,11.9,11.7,11.9,11.9,12,11.9,11.8,11.8,11.9,15.9,11.8,11.9,12,11.9,11.8,12,11.8,11.9,12,15.8,11.7,11.8,11.9,11.9,11.9,11.8,12,12,11.9,15.8,11.8,12,11.9,11.7,12,11.9,11.9,11.8,11.8,15.9,11.9,11.8,11.9,11.9,12,11.9,11.8,12,11.9,15.8,11.8,11.8,11.9,12,11.8,11.8,11.8,11.9,11.8,15.9,11.9,11.8,11.9,11.9,11.9,11.9,11.8,11.9,11.7,15.8,12,11.9,11.7,11.9,11.9,11.9,11.8,11.9,12,15.9,11.8,11.9,11.9,11.8,11.9,11.8,10.8,11
0.0000324,15.8,11.9,11.8,11.9,12,11.9,11.9,11.8,11.8,11.9,11.9,15.9,11.9,11.8,11.9,11.8,12,11.9,11.8,11.8,11.8,15.9,11.9,11.9,12,11.9,11.8,11.9,11.8,11.9,12,15.9,11.8,11.9,12,11.9,11.9,11.8,11.9,12,12,15.8,11.8,12,11.9,11.7,11.9,11.9,11.9,11.9,11.9,15.9,11.8,11.7,11.9,11.9,12,11.8,11.9,12,11.9,15.9,11.8,11.9,11.9,12,11.8,11.8,11.9,11.9,11.9,15.8,11.9,11.8,11.9,11.9,11.8,11.9,11.8,11.9,11.8,15.9,12,11.9,11.6,11.9,11.9,11.9,11.8,11.9,12,15.9,11.8,11.8,11.9,11.8,11.9,11.8,10.9,11.1
0.0000326,15.9,11.8,11.8,11.8,12.1,11.8,11.9,11.9,11.8,11.8,11.8,15.8,11.9,11.9,11.8,11.8,12,11.9,11.8,11.8,11.8,15.9,11.9,11.9,11.9,11.9,11.8,11.9,11.9,11.9,11.9,15.8,11.7,11.8,11.9,11.8,11.9,11.9,11.9,11.9,12,15.8,11.9,12,11.9,11.7,11.9,12,11.9,11.9,11.9,15.8,11.9,11.8,11.8,11.9,12,11.8,11.9,11.9,11.9,15.9,11.8,11.9,11.8,12,11.8,11.9,11.9,11.9,11.8,15.8,11.9,11.8,11.9,11.8,11.8,11.9,11.8,11.9,11.9,15.9,12,11.9,11.7,11.9,11.8,11.9,11.8,11.9,12,15.9,11.8,11.7,11.9,11.9,11.9,11.8,10.9,11.1
0.0000328,15.8,11.8,11.8,11.9,12.1,11.8,11.9,11.9,11.9,11.8,11.8,15.8,11.9,11.9,11.8,11.8,12,11.8,11.8,11.8,11.8,15.9,11.9,11.8,11.8,11.9,11.9,11.8,11.9,11.8,11.8,15.8,11.7,11.9,12,11.8,11.9,11.9,11.9,12,12,15.9,11.9,12,11.9,11.7,11.8,11.9,11.9,12,11.8,15.9,12,11.8,11.9,11.8,11.9,11.8,11.8,11.9,11.9,15.9,11.8,11.9,11.8,11.9,11.8,11.9,11.8,12,11.9,15.8,11.9,11.8,11.9,11.7,11.8,11.9,11.9,11.8,11.9,15.9,12.1,11.9,11.7,11.9,11.8,11.9,11.9,11.9,11.9,15.9,11.8,11.7,11.9,11.9,11.9,11.8,11,11.2
0.000033,15.9,11.8,11.8,11.9,12.1,11.8,11.9,11.9,11.9,11.7,11.9,15.9,12,11.9,11.8,11.8,12,11.8,11.8,11.8,11.8,15.8,12,11.8,11.8,11.9,11.9,11.8,11.9,11.8,11.8,15.9,11.7,12,12,11.8,11.9,11.9,11.9,12,11.9,15.9,11.9,12,11.9,11.8,11.8,11.9,11.9,11.9,11.8,15.9,12,11.9,11.9,11.8,11.9,11.8,11.9,11.8,11.9,15.9,11.9,11.8,11.8,11.9,11.8,11.9,11.9,12,11.8,15.8,11.9,11.9,11.9,11.8,11.8,11.9,12,11.8,11.9,15.9,12,11.9,11.7,11.9,11.8,11.9,11.9,11.8,11.9,15.8,11.8,11.6,11.9,11.9,11.8,11.9,11.2,11.2
0.0000332,15.8,11.7,11.8,12,12.1,11.8,11.9,11.8,12,11.7,11.9,15.9,11.9,12,11.8,11.8,12,11.8,11.9,11.8,11.8,15.9,11.9,11.7,11.8,11.9,11.9,11.8,11.9,11.8,11.8,15.9,11.7,12,12,11.8,11.9,11.9,11.8,11.9,11.9,15.9,11.9,12,11.8,11.8,11.8,11.9,11.9,11.9,11.8,15.9,12,11.8,11.9,11.8,11.9,11.9,11.9,11.9,11.9,15.8,11.9,11.9,11.8,11.9,11.8,11.9,12,12,11.9,15.8,11.9,11.9,11.9,11.7,11.8,11.9,11.9,11.8,11.9,15.9,12,11.9,11.8,11.8,11.8,11.9,11.9,11.7,11.9,15.9,11.9,11.7,11.9,11.9,11.9,11.9,11.2,11.4
0.0000334,15.8,11.8,11.9,11.9,12.1,11.8,11.8,11.9,12,11.7,11.9,15.9,11.9,12,11.8,11.8,11.9,11.8,11.9,11.9,11.9,15.8,11.9,11.7,11.7,11.9,11.9,11.8,11.9,11.8,11.8,15.8,11.8,12,12,11.8,11.9,11.9,11.8,11.9,11.9,15.9,12,12,11.8,11.9,11.8,11.9,11.9,12,11.8,15.9,12,11.9,11.9,11.8,11.9,11.9,11.9,11.8,11.9,15.9,11.9,11.9,11.9,11.9,11.9,11.9,12,11.9,11.9,15.9,11.9,12,11.9,11.8,11.8,11.9,12,11.7,11.9,15.8,11.9,11.9,11.9,11.9,11.9,11.9,11.9,11.7,11.9,15.9,11.9,11.7,11.9,11.9,11.9,11.9,11.2,11.4
0.0000336,15.8,11.8,11.9,11.9,12,11.8,11.8,11.8,12,11.8,11.9,15.8,11.9,12,11.9,11.8,11.9,11.9,11.9,11.9,11.9,15.8,11.9,11.7,11.8,12,11.9,11.9,11.8,11.8,11.9,15.9,11.8,12,12,11.9,11.9,11.9,11.8,11.9,11.9,15.8,12,11.9,11.7,11.9,11.8,11.9,11.9,11.9,11.8,15.9,12,11.8,11.8,11.8,11.8,11.9,11.8,11.8,11.9,15.8,11.9,11.9,11.9,11.9,11.9,11.8,12,11.9,11.9,15.8,11.9,11.9,11.9,11.9,11.8,11.9,12,11.8,11.9,15.9,11.9,11.9,11.9,11.8,11.9,11.9,11.9,11.7,11.8,15.8,11.8,11.8,11.9,11.9,11.9,11.9,11.3,11.4
0.0000338,15.9,11.8,11.9,12,11.9,11.8,11.8,11.9,11.9,11.8,11.9,15.8,11.9,11.9,11.9,11.8,11.8,11.9,11.9,11.9,11.9,15.8,12,11.9,11.8,12,11.9,11.9,11.8,11.8,11.9,15.8,11.8,11.9,11.9,11.9,11.9,11.9,11.8,12,11.9,15.9,12,12,11.8,11.9,11.9,11.8,11.9,11.9,11.8,15.9,11.9,11.9,11.9,11.9,11.9,11.9,11.8,11.7,11.8,15.9,11.9,11.8,12,11.9,11.9,11.7,11.9,11.9,11.9,15.8,11.9,12,11.8,11.9,11.8,11.9,12,11.8,11.9,15.8,11.9,11.9,11.9,11.9,11.9,11.9,11.9,11.7,11.8,15.8,11.9,11.9,11.9,11.9,11.8,11.9,11.3,11.5
0.000034,15.8,11.9,11.9,11.9,11.8,11.8,11.8,11.8,11.9,12,11.9,15.8,11.9,11.8,11.9,11.8,11.8,12,11.9,11.9,12,15.9,11.9,11.9,11.8,11.9,11.9,11.9,11.8,11.8,11.9,15.8,11.9,11.8,11.9,11.9,11.9,11.8,11.9,11.9,11.8,15.9,11.9,12,11.8,11.9,11.9,11.9,11.9,11.9,11.8,15.8,11.8,11.8,11.9,11.9,11.8,11.9,11.8,11.8,11.9,15.9,11.9,11.9,11.9,11.9,11.9,11.6,11.9,11.8,11.9,15.9,11.9,11.9,11.9,11.9,11.8,11.9,12,11.9,11.9,15.8,11.8,11.9,11.9,11.8,12,11.9,11.9,11.7,11.8,15.8,11.9,11.9,11.9,11.9,11.9,11.8,11.4,11.5
0.0000342,15.9,11.9,11.9,11.9,11.8,11.9,11.8,11.8,11.9,12.1,11.9,15.9,11.9,11.8,11.9,11.9,11.8,11.9,11.9,11.9,11.9,15.9,11.9,12,11.9,11.9,11.9,11.9,11.8,11.9,11.9,15.8,11.9,11.9,11.9,12,11.8,11.9,11.9,11.9,11.8,15.8,11.9,11.9,11.8,11.9,11.9,11.9,11.9,11.9,11.8,15.9,11.8,11.8,11.8,11.9,11.9,11.9,11.8,11.8,11.8,15.8,11.9,11.9,12,11.8,11.9,11.6,11.9,11.9,11.9,15.9,11.8,11.9,11.9,12,11.8,11.9,12,11.9,11.8,15.8,11.9,11.9,11.9,11.9,12,11.9,11.9,11.8,11.8,15.9,11.9,11.9,11.9,11.8,11.8,11.8,11.4,11.6
0.0000344,15.8,11.9,11.9,11.9,11.7,11.9,11.8,11.9,11.9,12.1,11.9,15.8,11.9,11.8,11.9,11.8,11.8,12,11.9,11.9,11.9,15.9,11.9,12,11.9,11.9,11.9,11.9,11.8,12,11.9,15.8,11.9,11.8,11.9,12,11.8,11.9,12,12,11.8,15.8,11.9,12,11.9,11.8,11.9,11.9,11.9,11.8,11.9,15.9,11.8,11.8,11.9,12,11.9,11.8,11.9,11.9,11.8,15.9,11.9,11.8,12,11.9,11.9,11.6,11.9,11.9,11.9,15.9,11.9,11.9,12,12,11.9,11.9,12,11.9,11.7,15.9,11.9,11.9,11.8,11.9,11.9,11.9,11.9,11.9,11.9,15.8,11.9,11.9,12,11.9,11.9,11.8,11.5,11.6
0.0000346,15.9,11.9,11.8,11.9,11.7,11.9,11.7,11.9,12,12.1,11.9,15.9,11.9,11.8,11.9,11.8,11.8,12,11.8,11.8,11.8,15.9,11.9,12,12,11.9,11.9,11.9,11.8,12,11.9,15.8,11.8,11.9,11.9,12,11.8,11.9,12,12,11.9,15.9,11.9,11.9,11.9,11.8,11.9,12,11.9,11.8,11.9,15.9,11.8,11.8,11.8,12,12,11.8,11.9,11.9,11.9,15.9,11.9,11.8,11.9,11.9,11.9,11.6,11.9,11.9,11.9,15.9,11.8,11.9,12,11.9,11.9,11.9,12,12,11.8,15.9,11.9,12,11.8,11.9,11.9,11.9,11.9,11.9,11.9,15.8,11.9,11.9,11.9,11.9,11.8,11.8,11.5,11.7
0.0000348,15.9,11.9,11.9,11.9,11.7,11.9,11.7,11.8,11.9,12,11.8,15.8,11.9,11.9,11.9,11.8,11.9,12,11.8,11.8,11.8,15.8,11.8,11.9,12,11.9,12,11.9,11.9,12,11.8,15.9,11.9,11.8,11.9,11.9,11.8,11.9,12,12,11.9,15.9,11.9,12,11.9,11.8,11.9,11.9,11.9,11.9,11.9,15.9,11.9,11.8,11.9,12,12,11.9,11.9,11.9,11.8,15.8,11.9,11.9,11.8,11.9,11.8,11.7,11.9,11.9,11.9,15.9,11.8,11.9,12,11.9,11.8,11.9,12,12,11.8,15.9,12,12,11.7,11.9,11.9,11.9,11.9,11.9,11.9,15.9,11.8,11.9,11.9,11.8,11.8,11.8,11.5,11.7
0.000035,15.8,11.9,11.9,11.9,11.8,11.9,11.8,11.9,11.9,12,11.8,15.8,11.9,11.9,11.9,11.9,11.9,12,11.8,11.8,11.7,15.9,11.8,11.9,12,11.9,12,11.8,11.8,12,11.9,15.8,11.9,11.8,11.9,11.8,11.8,11.9,12,12,11.9,15.9,11.9,12,11.9,11.7,11.9,12,11.9,11.8,11.9,15.9,11.8,11.8,11.9,11.9,12,11.9,11.9,11.9,11.9,15.9,11.9,11.9,11.8,11.9,11.8,11.8,11.8,11.9,11.9,15.8,11.9,11.9,12,11.8,11.8,11.9,11.9,11.9,11.8,15.9,12,11.9,11.7,12,11.9,11.9,11.8,11.9,11.9,15.9,11.7,11.9,11.9,11.8,11.8,11.8,11.5,11.8
0.0000352,15.9,11.9,11.9,11.9,11.9,11.9,11.8,11.9,11.9,11.9,11.9,15.8,11.9,11.9,11.9,11.9,11.9,12,11.8,11.8,11.6,15.8,11.8,11.9,11.9,11.9,12,11.9,11.8,11.9,11.9,15.9,11.9,11.9,11.9,11.8,11.8,11.9,11.9,12,11.9,15.8,11.9,11.9,11.9,11.8,11.9,11.9,12,11.8,11.9,15.8,11.9,11.8,11.8,12,12,11.9,11.9,11.9,12,15.8,11.9,12,11.8,11.9,11.9,11.9,11.8,12,11.9,15.9,11.8,11.9,12,11.7,11.8,11.9,11.9,11.9,11.8,15.8,12,12,11.7,11.9,11.8,11.9,11.9,11.9,11.9,15.9,11.8,11.8,11.8,11.9,11.9,11.8,11.6,11.8
0.0000354,15.9,11.8,12,11.9,11.9,11.9,11.8,11.9,11.9,11.9,11.8,15.9,11.9,11.9,11.9,11.9,11.9,12,11.9,11.8,11.6,15.8,11.9,11.8,11.9,11.9,12,11.9,11.8,11.9,11.9,15.9,11.8,11.9,12,11.8,11.9,12,11.9,12,11.8,15.9,11.9,12,11.9,11.8,11.8,11.9,12,11.9,11.8,15.9,11.9,11.8,11.8,11.9,12,11.9,11.9,11.9,12,15.8,11.9,12,11.8,11.8,11.9,12,11.9,12,11.9,15.9,11.9,11.9,11.9,11.8,11.8,11.8,11.9,11.8,11.8,15.9,12,11.9,11.8,11.9,11.8,11.9,11.9,11.9,11.9,15.8,11.8,11.8,11.8,11.9,11.9,11.8,11.6,11.7
0.0000356,15.8,11.7,12,12,11.9,11.8,11.8,11.9,11.9,11.8,11.8,15.9,11.9,11.9,11.9,11.9,11.9,11.9,11.8,11.8,11.6,15.8,11.8,11.8,11.8,11.9,12,11.9,11.7,11.8,12,15.9,11.8,11.9,12,11.8,11.8,11.9,11.9,12,11.8,15.9,11.9,12,11.9,11.8,11.8,11.9,12,11.9,11.8,15.9,12,11.8,11.8,11.9,11.9,11.8,11.9,12,12,15.9,11.9,12,11.8,11.9,11.9,11.9,11.8,12,11.9,15.9,11.9,11.9,11.9,11.8,11.8,11.8,11.8,11.8,11.9,15.9,11.9,11.9,11.8,11.9,11.8,12,11.9,11.9,11.9,15.9,11.8,11.8,11.9,12,11.9,11.8,11.6,11.7
0.0000358,15.9,11.8,11.9,11.9,12,11.9,11.8,11.9,11.9,11.8,11.9,15.9,11.9,12,11.9,11.8,11.9,11.9,11.9,11.8,11.7,15.9,11.8,11.9,11.8,11.9,12,11.8,11.8,11.8,12,15.9,11.8,11.9,12,11.9,11.9,11.9,11.8,11.9,11.9,15.9,11.9,11.9,11.9,11.8,11.8,11.9,12,11.8,11.8,15.8,11.9,11.9,11.9,11.9,11.9,11.9,11.8,11.9,12,15.8,11.9,12,11.8,11.8,11.9,11.9,11.9,12,11.9,15.9,11.8,11.9,11.7,11.8,11.8,11.8,11.8,11.8,11.9,15.8,11.9,11.9,11.9,11.9,11.8,12,11.9,11.8,11.9,15.9,11.8,11.8,11.9,12,11.9,11.8,11.7,11.8
0.000036,15.9,11.8,12,11.8,11.9,11.8,11.8,11.9,11.9,11.8,11.8,15.8,11.9,11.9,11.9,11.8,11.9,11.9,11.8,11.9,11.8,15.9,11.8,11.9,11.8,11.9,11.9,11.9,11.8,11.8,12,15.9,11.7,11.9,12,11.9,11.9,11.9,11.8,11.8,11.9,15.8,11.9,12,11.9,11.9,11.7,11.9,12,11.9,11.8,15.8,11.9,11.9,11.8,11.8,11.9,11.9,11.8,11.9,11.9,15.9,11.9,11.9,11.9,11.9,11.9,11.9,11.9,12,11.9,15.8,11.8,11.9,11.7,11.9,11.8,11.8,11.8,11.8,11.9,15.8,12,11.8,11.9,11.8,11.9,11.9,11.9,11.8,11.8,15.9,11.8,11.8,11.9,12,12,11.8,11.7,11.8
0.0000362,15.9,11.9,11.9,11.9,11.9,11.9,11.8,11.9,12,11.8,11.8,15.9,11.9,11.9,11.8,11.8,11.8,11.9,11.9,11.8,11.9,15.9,11.9,11.9,11.9,11.9,11.9,11.8,11.8,11.8,12,15.9,11.8,11.9,12,12,11.9,11.9,11.8,11.9,11.8,15.9,11.9,11.9,11.8,11.9,11.7,11.9,12,11.8,11.8,15.8,11.8,11.9,11.8,11.8,11.9,11.8,11.9,11.9,11.9,15.9,11.9,11.9,11.9,11.9,11.8,11.9,11.8,12,11.9,15.8,11.8,11.9,11.8,12,11.8,11.8,11.9,11.8,11.9,15.8,11.9,11.8,11.9,11.9,11.9,11.9,11.9,11.8,11.9,15.9,11.9,11.8,11.9,11.9,11.9,11.8,11.8,11.8
0.0000364,15.9,11.8,11.9,11.9,11.8,11.9,11.8,11.9,11.9,11.8,11.8,15.9,11.9,11.9,11.9,11.8,11.9,11.9,11.9,11.9,12,15.9,11.9,12,11.9,11.9,11.9,11.9,11.7,11.9,11.9,15.9,11.8,11.9,11.9,12,11.8,11.8,11.9,11.8,11.9,15.9,11.9,12,11.8,11.8,11.7,11.9,11.9,11.9,11.8,15.9,11.9,11.9,11.8,11.8,11.9,11.8,11.8,11.9,11.9,15.8,11.8,11.8,11.9,11.8,12,11.8,11.9,12,11.9,15.8,11.9,11.8,11.8,12,11.9,11.9,11.9,11.9,11.9,15.8,11.9,11.8,11.9,11.9,12,11.9,11.8,11.7,11.8,15.8,11.8,11.8,11.9,11.9,12,11.8,11.9,11.9
0.0000366,15.9,11.9,11.9,11.9,11.9,11.9,11.7,11.9,11.9,11.9,11.9,15.8,11.9,11.9,11.9,11.8,11.8,11.9,11.9,11.9,12,15.9,11.9,12,11.9,11.9,11.8,11.9,11.8,11.9,11.9,15.8,11.8,11.9,11.9,12,11.8,11.9,11.9,11.9,11.8,15.8,11.9,11.9,11.9,11.8,11.8,11.8,11.9,11.9,11.9,15.9,11.8,11.8,11.8,11.8,11.9,11.9,11.9,11.9,11.9,15.9,11.8,11.8,11.9,11.8,11.9,11.8,11.9,11.9,11.9,15.9,11.8,11.9,11.8,11.9,11.9,11.9,12,11.9,11.9,15.9,11.9,11.8,11.9,11.8,12,11.8,11.9,11.7,11.9,15.9,11.8,11.8,11.9,11.9,12,11.8,11.9,11.9
0.0000368,15.8,11.9,11.9,11.9,11.8,11.9,11.8,11.9,11.9,11.9,11.9,15.8,11.9,11.8,11.9,11.8,11.8,11.9,11.9,11.9,11.9,15.9,11.9,11.9,12,11.9,11.8,11.9,11.8,11.9,11.9,15.9,11.8,11.8,11.9,12,11.9,11.9,11.9,12,11.9,15.8,11.9,11.9,11.9,11.8,11.9,11.8,11.9,11.9,11.9,15.9,11.8,11.8,11.9,11.9,11.9,11.9,11.8,11.9,11.8,15.8,11.8,11.7,11.9,11.9,11.9,11.8,11.9,11.9,11.9,15.8,11.8,11.9,11.9,11.9,11.9,11.9,12,11.9,11.9,15.9,11.9,11.8,11.8,11.8,12,11.9,11.8,11.7,11.8,15.8,11.8,11.9,11.9,11.8,12,11.8,11.9,12
0.000037,15.8,11.8,11.8,11.9,11.9,11.9,11.8,11.9,12,11.9,11.9,15.8,11.8,11.8,11.9,11.9,11.9,11.9,11.8,11.8,11.9,15.8,11.9,11.9,11.9,12,11.8,11.9,11.8,11.9,11.8,15.8,11.8,11.8,11.9,12,11.8,12,11.9,11.9,11.9,15.9,11.9,11.9,11.9,11.8,12,11.9,11.9,11.9,11.9,15.9,11.9,11.9,11.9,11.9,12,11.9,11.9,11.9,11.8,15.8,11.8,11.8,11.9,11.9,11.8,11.8,11.9,11.9,11.9,15.8,11.8,11.9,11.9,11.9,11.8,12,12,11.9,11.8,15.9,11.9,11.8,11.8,11.9,12,11.9,11.8,11.7,11.8,15.9,11.8,11.8,11.9,11.8,12,11.9,11.9,12
0.0000372,15.8,11.8,11.8,11.9,11.9,11.8,11.9,11.8,11.9,11.9,11.9,15.8,11.9,11.8,11.9,11.9,11.9,11.9,11.8,11.8,11.9,15.9,11.9,11.9,11.9,11.9,11.9,11.9,11.8,11.9,11.8,15.8,11.7,11.9,11.9,11.9,11.8,11.9,11.9,12,11.9,15.8,11.9,11.9,11.9,11.8,12,11.9,11.9,11.8,11.9,15.9,11.9,11.9,11.9,11.9,11.9,11.9,11.8,11.9,11.8,15.9,11.8,11.8,11.9,12,11.8,11.8,11.9,11.9,11.9,15.9,11.8,12,12,11.9,11.8,11.9,11.9,11.9,11.8,15.9,11.9,11.8,11.8,11.9,11.9,11.9,11.7,11.8,11.8,15.9,11.8,11.9,11.8,11.8,11.9,11.9,11.9,12
0.0000374,15.9,11.8,11.9,11.9,12,11.9,11.9,11.8,11.9,11.9,11.9,15.8,11.9,11.9,11.9,11.9,11.9,11.9,11.9,11.8,11.8,15.8,11.9,11.8,11.9,11.9,11.9,11.9,11.8,11.9,11.8,15.9,11.7,11.8,11.9,11.8,11.8,11.9,12,11.9,11.9,15.9,11.8,12,11.9,11.8,12,11.9,11.9,11.9,11.8,15.8,11.9,11.8,11.9,11.9,11.9,11.9,11.9,11.9,11.8,15.8,11.7,11.9,11.9,11.9,11.8,11.8,11.9,12,12,15.8,11.8,11.9,12,11.8,11.8,12,11.9,11.9,11.9,15.9,12,11.9,11.8,11.9,11.9,11.9,11.8,11.8,11.9,15.8,11.8,11.9,11.9,11.8,11.9,11.9,12,12.1
0.0000376,15.8,11.8,11.9,11.9,12,11.9,11.9,11.8,11.9,11.9,11.9,15.9,11.9,11.9,11.9,11.9,11.9,11.9,11.8,11.8,11.7,15.9,11.9,11.8,11.8,11.9,11.9,11.9,11.9,11.9,11.9,15.9,11.7,11.8,11.9,11.8,11.8,12,11.9,11.9,11.9,15.8,11.9,12,11.9,11.8,11.9,12,11.9,11.8,11.9,15.8,11.9,11.8,11.9,12,11.9,11.8,11.9,11.9,11.9,15.9,11.8,11.9,11.8,11.9,11.8,11.9,11.9,11.9,12,15.9,11.8,11.9,12,11.9,11.9,11.9,11.9,11.9,11.9,15.8,12,11.9,11.8,11.9,11.9,11.9,11.8,11.8,11.9,15.9,11.9,11.8,11.9,11.9,11.9,11.9,11.9,12.1
0.0000378,15.8,11.8,11.9,11.9,12,11.9,11.9,11.8,11.9,11.8,11.9,15.8,11.9,11.9,11.9,11.9,11.9,11.8,11.8,11.8,11.7,15.8,11.9,11.8,11.8,11.9,12,11.9,11.9,11.8,12,15.9,11.8,11.8,11.9,11.7,11.8,11.9,11.9,11.9,12,15.9,11.9,12,11.9,11.8,11.9,11.9,12,11.9,11.8,15.8,11.8,11.8,11.8,11.9,11.9,11.8,11.8,11.9,11.9,15.9,11.8,11.9,11.9,11.9,11.8,11.8,11.9,11.9,12,15.9,11.9,11.9,12,11.8,11.8,11.9,11.8,11.9,11.8,15.8,12,12,11.8,12,11.8,11.9,11.8,11.9,11.9,15.9,11.9,11.9,11.9,12,11.9,11.9,12,12
0.000038,15.9,11.8,11.9,11.9,12,11.9,11.9,11.8,11.9,11.9,11.9,15.9,11.9,11.9,11.8,11.8,11.9,11.8,11.9,11.8,11.7,15.9,11.9,11.8,11.9,11.9,11.9,11.9,11.9,11.8,12,15.9,11.8,11.8,11.9,11.7,11.8,11.9,11.9,11.9,11.9,15.8,11.9,11.9,11.8,11.8,11.8,12,12,11.9,11.8,15.9,11.9,11.9,11.8,11.8,11.9,11.8,11.8,11.9,11.9,15.9,11.9,12,11.9,11.9,11.9,11.8,11.8,11.9,12,15.8,11.9,11.9,11.9,11.8,11.9,11.9,11.9,11.8,11.9,15.9,12,12,11.8,11.9,11.8,11.9,11.9,11.9,12,15.9,11.9,11.8,11.9,12,11.8,11.8,12,12.1
0.0000382,15.9,11.8,12,11.9,11.9,11.9,11.9,12,11.9,11.9,11.8,15.9,11.9,11.9,11.9,11.7,11.9,11.8,11.9,11.8,11.6,15.8,11.9,11.7,11.9,11.8,11.9,11.9,11.9,11.8,12,15.9,11.9,11.8,11.9,11.8,11.8,11.8,11.8,11.9,11.9,15.8,11.9,11.9,11.9,11.9,11.7,12,12,11.9,11.9,15.9,11.9,11.9,11.8,11.9,11.9,11.9,11.9,11.9,12,15.8,11.9,11.9,11.9,11.9,11.9,11.8,11.8,11.9,11.9,15.8,11.9,11.9,11.8,11.8,11.8,11.9,11.8,11.9,11.9,15.9,12,12,11.8,11.9,11.9,11.9,11.9,11.8,11.9,15.9,11.9,11.9,11.9,12,11.8,11.8,11.9,12.1
0.0000384,15.8,11.8,11.9,11.9,11.9,11.8,11.9,11.9,11.9,11.9,11.8,15.9,11.9,11.9,11.8,11.7,12,11.9,11.8,11.8,11.7,15.9,11.8,11.7,11.9,11.8,11.8,11.9,11.9,11.9,12,15.8,11.9,11.9,11.9,11.8,11.8,11.8,11.9,11.9,11.9,15.9,12,11.9,11.8,11.9,11.7,12,12,11.8,11.8,15.9,12,11.8,11.9,11.8,11.9,11.9,11.8,11.9,11.9,15.9,11.9,11.9,11.9,11.9,11.9,11.8,11.8,11.9,11.8,15.8,12,11.8,11.9,11.8,11.9,11.9,11.9,11.8,11.9,15.9,12,12,11.9,11.8,11.9,11.8,11.9,11.9,11.9,15.9,11.9,11.8,11.9,12,11.8,11.8,11.9,12
0.0000386,15.8,11.8,11.9,11.9,11.9,11.8,11.7,12,11.9,11.8,11.9,15.8,11.9,11.9,11.8,11.7,11.9,11.9,11.9,11.8,11.8,15.8,11.8,11.8,12,11.9,11.8,11.9,11.9,11.9,11.9,15.9,11.9,11.9,11.9,11.9,11.8,11.8,11.9,11.9,11.9,15.8,11.9,11.9,11.8,11.8,11.8,12,11.9,11.9,11.8,15.9,12,11.9,11.8,11.8,11.9,11.9,11.8,11.9,11.9,15.8,11.9,11.9,11.9,11.9,11.9,11.8,11.8,11.9,11.7,15.9,12,11.8,11.8,11.8,11.8,11.9,11.9,11.9,11.8,15.8,12,11.9,11.8,11.9,11.9,11.9,11.9,11.8,11.8,15.8,11.9,11.8,11.9,12,11.9,11.8,11.9,12
0.0000388,15.8,11.8,11.9,11.9,11.9,11.9,11.8,11.9,11.9,11.8,11.9,15.9,11.9,11.9,11.8,11.7,11.9,12,11.9,11.9,11.9,15.8,11.8,11.8,12,11.9,11.7,11.9,11.9,11.9,11.9,15.9,12,11.9,11.9,11.9,11.9,11.8,11.9,12,11.9,15.8,11.9,12,11.8,11.8,11.8,11.9,11.8,11.9,11.8,15.9,12,11.9,11.8,11.9,11.9,12,11.9,11.8,11.9,15.9,11.8,11.9,11.9,11.9,11.9,11.8,11.8,11.8,11.7,15.8,11.9,11.9,11.9,11.8,11.9,11.9,11.9,11.9,11.8,15.8,11.9,11.9,11.9,11.9,11.9,11.9,11.9,11.8,11.8,15.9,11.8,11.8,12,11.9,11.9,11.8,12,12.1
0.000039,15.8,11.8,11.8,11.9,11.9,11.9,11.7,11.9,11.9,11.8,11.8,15.9,11.9,11.9,11.8,11.8,11.9,11.9,11.9,11.9,11.9,15.9,11.9,11.9,11.9,11.9,11.7,11.9,11.9,11.9,11.9,15.8,12,11.9,11.9,11.9,11.9,11.8,11.9,11.9,11.9,15.9,11.9,12,11.8,11.8,11.8,11.9,11.8,11.9,11.8,15.8,12,11.9,11.8,11.9,11.9,11.9,11.9,11.7,11.9,15.9,11.8,11.8,11.9,11.9,11.9,11.8,11.8,11.9,11.7,15.8,11.9,11.9,11.9,11.8,11.9,11.9,11.9,11.9,11.9,15.9,11.9,11.8,11.9,11.9,11.9,11.8,11.9,11.8,11.8,15.8,11.8,11.8,11.9,12,11.9,11.9,12,12.1
0.0000392,15.8,11.8,11.8,12,12,11.8,11.8,11.9,11.9,11.9,11.9,15.8,11.9,11.9,11.9,11.9,11.9,11.9,11.9,11.9,11.9,15.8,11.9,11.9,11.9,11.9,11.8,11.9,11.9,11.9,11.8,15.9,11.9,12,12,11.9,11.9,11.9,11.9,11.9,11.9,15.9,11.9,12,11.9,11.8,11.9,11.9,11.7,11.9,11.8,15.9,12,11.9,11.8,11.9,11.9,12,11.9,11.7,11.9,15.8,11.8,11.8,11.9,11.9,11.9,11.8,11.9,11.9,11.7,15.9,11.8,11.9,11.9,11.8,11.8,11.9,12,11.9,11.9,15.9,11.9,11.8,11.9,11.9,12,11.9,11.9,11.8,11.8,15.8,11.8,11.8,11.9,11.9,12,11.9,12,12.1
0.0000394,15.9,11.8,11.8,11.9,12,11.9,11.8,11.8,11.9,11.9,11.9,15.9,11.8,11.9,11.9,11.8,11.9,11.9,11.9,11.9,11.9,15.8,12,11.9,11.8,11.8,11.8,11.9,11.8,11.9,11.8,15.8,11.8,12,12,11.9,11.9,11.9,12,11.9,11.9,15.9,11.9,12,11.8,11.9,11.9,11.9,11.7,11.9,11.8,15.8,11.9,11.9,11.8,11.9,11.9,12,11.8,11.7,11.9,15.8,11.8,11.9,11.9,12,11.9,11.8,11.9,11.9,11.8,15.9,11.8,12,11.9,11.9,11.9,11.9,12,11.8,11.9,15.9,12,11.8,11.9,11.9,11.9,11.9,11.8,11.8,11.8,15.9,11.8,11.9,11.9,11.9,12,11.9,12.1,12.1
0.0000396,15.8,11.9,11.9,11.9,12,11.8,11.8,11.8,11.9,11.9,11.9,15.8,11.8,11.9,11.9,11.9,11.9,12,11.9,11.8,12,15.9,12,11.8,11.8,11.9,11.9,11.9,11.8,11.9,11.9,15.9,11.6,12,12,11.9,11.9,11.9,11.9,11.9,11.9,15.9,11.9,12,11.9,11.8,11.9,11.9,11.7,11.9,11.8,15.8,11.9,11.9,11.8,12,11.8,12,11.9,11.8,11.9,15.8,11.8,11.9,11.8,11.9,11.8,11.8,12,11.9,11.9,15.9,11.8,12,11.9,11.8,11.9,12,12,11.9,11.8,15.9,12,11.8,11.9,11.9,11.9,11.9,11.8,11.8,11.8,15.9,11.8,11.9,11.9,11.9,11.9,12,12.1,12.1
0.0000398,15.8,11.9,11.9,12,12,11.8,11.8,11.7,11.9,11.9,11.9,15.8,11.8,11.9,11.9,11.9,11.9,11.9,12,11.9,12,15.9,12,11.9,11.8,11.9,12,11.9,11.8,11.9,11.9,15.9,11.5,12,12,11.9,11.9,12,11.9,11.9,11.9,15.8,11.9,11.9,11.9,11.9,11.9,11.9,11.8,11.9,11.8,15.9,11.9,11.8,11.8,12,11.9,12,11.9,11.8,11.9,15.9,11.9,11.9,11.9,11.9,11.9,11.8,12,11.8,12,15.9,11.8,12,11.8,11.9,11.9,11.9,12,11.9,11.8,15.9,12,11.9,11.8,12,11.9,11.9,11.8,11.8,11.8,15.9,11.9,11.9,11.8,11.9,11.9,11.9,12.1,12.1
0.00004,15.9,11.8,11.9,12,12,11.9,11.8,11.8,12,11.9,11.9,15.9,11.9,11.9,11.8,11.8,11.9,11.9,11.9,11.9,11.9,15.9,12,11.8,11.8,11.9,12,11.9,11.8,11.8,11.9,15.8,11.5,11.9,11.9,11.9,11.8,11.9,11.9,11.8,11.9,15.9,11.9,11.9,11.9,11.9,11.9,11.9,11.8,11.8,11.8,15.9,11.9,11.8,11.9,12,11.9,12,11.8,11.9,11.9,15.8,11.9,11.8,11.9,11.9,11.9,11.8,11.9,11.8,12,15.8,11.8,12,11.8,11.9,11.9,11.9,12,11.8,11.8,15.9,12,11.9,11.8,12,11.9,11.9,11.8,11.8,11.9,15.9,11.9,11.9,11.9,11.9,11.9,11.9,12.1,12.2
0.0000402,15.8,11.8,11.9,11.9,12,11.9,11.9,11.8,11.9,11.9,11.9,15.9,11.8,11.9,11.9,11.8,11.9,11.8,11.9,11.8,11.9,15.9,12,11.8,11.8,11.9,11.9,11.9,11.8,11.9,11.9,15.9,11.6,11.9,11.9,11.9,11.8,11.8,11.9,11.8,11.9,15.9,12,11.8,11.9,11.9,11.8,11.9,11.9,11.9,11.9,15.9,11.9,11.9,11.9,12,11.9,12,11.9,11.9,11.9,15.9,11.9,11.9,11.8,11.9,11.8,11.9,12,11.9,12,15.9,11.8,12,11.8,11.9,11.8,11.8,11.9,11.9,11.8,15.8,12,11.9,11.7,12,11.9,11.9,11.8,11.9,11.9,15.8,11.9,11.9,11.9,11.9,11.8,11.9,12.1,12.2
0.0000404,15.8,11.8,11.8,11.9,11.9,11.8,11.9,11.8,11.9,11.9,11.9,15.8,11.8,11.8,11.8,11.7,11.9,11.8,11.9,11.8,11.8,15.8,11.9,11.9,11.8,11.9,12,11.8,11.9,11.9,11.9,15.8,11.6,11.9,12,11.8,11.8,11.8,11.9,11.9,11.9,15.8,11.9,11.8,11.9,11.9,11.9,12,12,11.9,11.8,15.9,11.9,11.8,11.9,11.9,11.9,12,11.9,11.9,12,15.9,11.9,11.8,11.9,11.9,11.8,11.8,11.9,11.9,12,15.8,11.9,12,11.8,11.8,11.8,11.8,11.9,11.9,11.8,15.8,12,11.9,11.7,12,12,11.9,11.8,11.9,11.9,15.9,11.9,11.8,11.9,11.9,11.8,11.9,12.1,12.2
0.0000406,15.8,11.8,11.8,11.9,11.9,11.9,11.9,11.8,11.9,11.9,11.9,15.9,11.8,11.8,11.7,11.7,12,11.8,11.8,11.8,11.8,15.8,11.9,11.8,11.8,11.8,12,11.9,11.9,11.9,12,15.8,11.8,11.8,12,11.9,11.8,11.8,11.9,11.9,11.9,15.8,11.9,11.8,11.9,11.9,11.8,12,12,11.9,11.8,15.9,11.9,11.8,11.9,11.9,11.9,11.9,11.9,11.9,12,15.9,11.9,11.9,11.9,11.9,11.8,11.8,11.9,11.9,12,15.8,11.9,11.9,11.9,11.9,11.8,11.8,11.9,11.9,11.9,15.9,12,11.9,11.7,11.9,11.9,11.9,11.8,11.9,11.9,15.8,11.9,11.8,11.9,11.9,11.8,11.8,12.1,12.2
0.0000408,15.9,11.8,11.9,11.8,11.9,11.9,11.9,11.9,11.9,11.9,11.8,15.9,11.9,11.9,11.7,11.7,11.9,11.9,11.8,11.9,11.9,15.9,11.9,11.8,11.7,11.9,11.9,11.9,12,11.9,11.9,15.8,12,11.8,12,11.9,11.7,11.8,11.9,11.9,11.9,15.8,11.9,11.8,11.9,11.8,11.8,11.9,12,11.9,11.8,15.9,11.9,11.9,11.9,11.8,11.9,11.9,11.9,11.8,11.9,15.9,11.8,11.9,11.9,11.9,11.9,11.8,11.9,11.9,11.9,15.9,11.9,11.9,11.9,11.9,11.8,11.9,11.9,11.9,11.8,15.8,12,11.9,11.8,11.9,11.9,11.9,11.8,12,11.9,15.8,11.9,11.8,11.8,11.9,11.9,11.8,12.1,12.2
0.000041,15.8,11.8,11.9,11.8,11.9,11.9,11.8,11.9,11.9,12,11.8,15.8,11.9,11.9,11.8,11.7,11.9,11.9,11.8,11.9,11.8,15.8,11.9,11.8,11.7,11.9,11.8,11.9,12,11.8,11.9,15.9,12,11.9,12,11.9,11.8,11.8,11.9,11.9,11.8,15.8,11.9,12,11.9,11.8,11.9,12,12,11.9,11.8,15.9,12,11.8,11.9,11.9,11.9,11.9,11.9,11.8,12,15.8,11.9,11.9,11.9,11.9,11.8,11.8,11.8,11.9,11.9,15.8,11.9,11.9,12,11.8,11.8,11.9,12,11.9,11.8,15.8,11.9,11.9,11.8,11.9,11.9,11.9,11.8,12,11.8,15.9,11.9,11.7,11.9,11.9,11.9,11.8,12,12.2
0.0000412,15.9,11.8,11.9,11.8,11.9,11.9,11.7,11.9,11.9,11.9,11.9,15.8,11.9,11.8,11.7,11.8,11.9,12,11.8,11.8,11.8,15.8,11.9,11.9,11.7,11.9,11.9,11.9,12,11.9,11.9,15.8,12,11.8,11.9,11.9,11.8,11.9,11.9,11.9,11.8,15.8,11.9,12,11.8,11.8,11.9,12,11.9,11.9,11.8,15.9,12,11.8,11.9,11.9,11.9,11.9,12,11.8,11.9,15.9,11.8,11.9,11.9,12,11.9,11.8,11.8,11.9,11.8,15.8,11.9,11.9,12,11.9,11.9,12,11.9,11.9,11.9,15.8,11.9,11.9,11.8,11.8,11.9,11.9,11.8,11.9,11.8,15.8,11.9,11.8,11.8,11.9,11.9,11.8,12.1,12.2
0.0000414,15.8,11.9,11.9,11.8,11.9,11.9,11.7,11.9,11.9,11.9,11.9,15.9,11.9,11.9,11.8,11.8,11.9,12,11.8,11.8,11.9,15.9,11.9,11.9,11.8,12,11.9,11.9,12,11.8,11.9,15.9,12,11.8,12,11.9,11.8,11.9,11.9,11.9,11.8,15.9,11.8,12,11.8,11.7,11.9,12,11.8,11.9,11.7,15.9,12,11.8,11.9,11.9,11.9,11.9,11.9,11.9,11.9,15.9,11.8,12,11.8,12,11.9,11.9,11.8,11.8,11.7,15.9,11.9,11.9,12,11.9,11.9,12,11.9,11.9,11.9,15.8,11.9,11.8,11.9,11.8,11.9,11.9,11.9,11.9,11.8,15.9,11.8,11.8,11.8,11.9,11.9,11.9,12.2,12.2
0.0000416,15.8,11.9,11.8,11.9,11.9,11.8,11.7,11.9,11.9,11.9,11.9,15.9,11.9,11.9,11.9,11.9,11.9,12,11.9,11.8,11.9,15.9,11.9,11.8,11.8,12,11.9,11.9,11.9,11.9,11.9,15.9,11.9,11.8,11.9,11.9,11.8,12,11.9,11.9,11.8,15.8,11.9,12,11.9,11.7,11.9,12,11.9,11.9,11.8,15.8,12,11.8,11.9,11.9,11.9,11.9,11.8,11.9,11.9,15.9,11.8,12,11.9,12,11.9,11.8,11.8,11.8,11.8,15.8,11.9,11.9,12,11.9,11.9,12,11.9,11.9,11.9,15.9,11.8,11.9,11.9,11.8,11.9,12,11.9,11.9,11.8,15.8,11.8,11.8,11.8,11.9,12,11.9,12.2,12.1
0.0000418,15.8,11.9,11.9,11.9,11.9,11.9,11.8,11.9,12,11.9,11.9,15.8,11.9,11.9,11.9,11.9,11.9,12,11.9,11.8,11.9,15.8,12,11.9,11.8,12,11.9,11.9,11.9,11.9,11.9,15.8,11.8,11.9,11.9,12,11.8,12,11.9,12,11.8,15.8,11.9,12,11.9,11.7,11.9,12,11.8,11.9,11.8,15.9,12,11.9,11.8,11.9,11.9,11.9,11.8,11.9,11.9,15.9,11.8,12,11.9,12,11.8,11.9,11.9,11.9,11.8,15.9,11.9,11.9,12,12,11.9,12,11.9,11.9,11.9,15.9,11.9,11.9,11.9,11.8,11.9,11.9,12,11.8,11.8,15.9,11.8,11.8,11.8,11.9,11.9,11.9,12.2,12.2
0.000042,15.9,11.9,11.9,11.9,11.9,11.9,11.8,11.8,11.9,11.9,11.9,15.8,11.9,12,11.9,11.8,11.9,11.9,11.9,11.9,11.9,15.8,11.9,11.9,11.8,12,11.9,11.9,11.9,11.9,11.9,15.9,11.7,11.9,11.9,11.9,11.9,12,11.9,12,12,15.8,11.9,12,11.9,11.7,11.9,11.9,11.8,11.8,11.8,15.9,11.9,11.8,11.7,11.9,11.9,11.9,11.8,11.9,11.9,15.8,11.9,12,11.9,12,11.9,11.8,11.9,11.9,11.9,15.9,11.9,11.9,12,12,11.9,11.9,11.9,11.8,11.9,15.9,11.9,11.8,11.9,11.8,12,11.9,12,11.8,11.9,15.9,11.9,11.9,11.8,12,11.9,11.9,12.2,12.2
0.0000422,15.8,11.9,11.9,12,11.9,11.8,11.8,11.8,11.9,11.9,11.8,15.8,11.9,11.9,11.9,11.9,11.9,11.9,11.9,11.8,11.9,15.9,11.9,11.9,11.9,11.9,12,11.9,11.8,11.9,11.9,15.8,11.7,11.9,11.9,11.9,11.9,12,11.9,12,12,15.8,11.8,12,11.8,11.8,11.8,11.9,11.8,11.8,11.8,15.8,11.9,11.8,11.7,12,11.9,12,11.7,11.9,11.9,15.9,11.8,11.9,11.9,12,11.9,11.8,11.9,11.9,11.9,15.9,11.9,11.9,11.9,12,11.8,11.9,11.9,11.8,11.9,15.9,11.9,11.9,11.9,11.8,11.9,11.9,11.9,11.8,11.9,15.8,11.8,11.9,11.9,11.9,11.9,11.9,12.2,12.2
0.0000424,15.8,11.9,11.9,12,11.9,11.9,11.9,11.8,11.9,12,11.9,15.9,11.9,12,11.9,11.9,11.9,11.9,11.9,11.9,11.9,15.9,11.9,11.9,11.9,11.9,11.9,11.8,11.8,11.9,11.9,15.8,11.7,11.9,11.9,11.9,11.9,12,11.9,12,12,15.8,11.9,11.9,11.9,11.8,11.8,11.9,11.8,11.8,11.8,15.9,11.9,11.8,11.7,11.9,11.9,11.9,11.7,12,11.9,15.9,11.9,12,11.9,12,11.9,11.8,11.9,12,11.9,15.8,11.8,11.9,11.9,11.9,11.8,11.8,11.9,11.8,12,15.9,12,11.9,11.9,11.8,11.9,11.9,11.9,11.8,11.9,15.9,11.9,11.9,11.9,11.9,11.8,11.9,12.1,12.2
0.0000426,15.8,11.8,11.9,11.9,11.9,11.9,12,11.8,12,12,11.9,15.9,11.9,11.9,11.9,11.9,11.9,11.9,12,11.8,11.9,15.9,11.9,11.9,11.9,11.8,11.9,11.9,11.7,11.9,11.9,15.8,11.9,11.9,11.9,11.9,11.8,11.9,11.9,12,12,15.9,11.9,11.8,11.9,11.8,11.8,11.9,11.9,11.8,11.8,15.9,11.9,11.8,11.7,11.9,11.9,12,11.7,11.9,11.9,15.9,11.9,11.9,11.9,11.9,11.9,11.9,11.9,12,12,15.8,11.8,11.9,11.9,11.9,11.8,11.9,11.9,11.9,11.9,15.8,12,11.8,11.8,11.8,11.9,11.9,11.9,11.8,12,15.8,11.9,11.9,12,11.9,11.7,11.9,12.1,12.2
0.0000428,15.8,11.8,11.9,12,11.9,11.9,11.9,11.8,11.9,12,11.9,15.8,11.9,12,11.8,11.9,11.9,11.8,12,11.7,11.9,15.8,11.8,11.9,11.9,11.8,11.9,11.8,11.8,11.9,11.9,15.9,11.9,11.9,11.8,11.9,11.8,11.9,11.9,12,11.9,15.8,11.9,11.8,11.9,11.7,11.8,11.9,11.9,11.8,11.8,15.9,11.9,11.8,11.7,11.9,11.9,12,11.8,11.8,11.9,15.8,11.9,11.8,11.9,11.9,11.8,11.9,11.9,12,12,15.8,11.8,11.8,11.9,11.9,11.9,11.9,11.9,11.9,11.9,15.9,12,11.9,11.8,11.7,11.9,11.9,11.9,11.8,12,15.9,11.8,11.9,11.9,11.9,11.8,11.9,12.1,12.2
0.000043,15.8,11.8,11.9,11.9,11.9,11.9,12,11.8,12,12,11.9,15.9,11.8,11.9,11.8,11.9,11.9,11.8,11.9,11.7,11.9,15.8,11.9,11.9,11.9,11.8,11.9,11.9,11.8,11.9,11.9,15.9,12,11.9,11.8,11.9,11.8,11.9,11.9,11.9,11.9,15.8,11.8,11.8,11.9,11.7,11.8,11.8,12,11.8,11.9,15.8,12,11.8,11.7,11.9,11.9,12,11.9,11.8,11.9,15.8,11.9,11.8,11.9,11.9,11.8,11.9,11.9,12,12,15.9,11.9,11.9,11.8,11.9,11.9,11.9,11.9,11.9,11.9,15.8,12,11.9,11.8,11.7,11.9,12,11.8,11.8,11.9,15.9,11.8,11.9,11.9,11.9,11.8,11.9,12,12.1
0.0000432,15.8,11.7,11.9,11.9,11.8,11.9,12,11.8,12,11.9,11.9,15.8,11.9,11.8,11.8,11.9,12,11.8,11.9,11.8,11.9,15.8,11.8,11.9,11.9,11.9,11.9,11.8,11.8,11.8,11.9,15.9,12,11.8,11.8,11.9,11.8,11.8,11.9,11.9,11.9,15.8,11.9,11.9,11.9,11.7,11.8,11.9,12,11.8,11.9,15.8,12,11.8,11.8,11.9,11.9,11.9,11.8,11.8,11.9,15.8,11.8,11.8,11.9,11.9,11.8,11.9,11.9,11.9,11.9,15.9,11.9,11.9,11.8,11.8,12,11.9,12,11.9,11.9,15.9,12,11.9,11.8,11.7,11.9,12,11.8,11.8,11.9,15.9,11.8,11.9,11.9,11.9,11.9,11.9,12.1,12.2
0.0000434,15.9,11.7,11.9,11.8,11.9,11.8,11.9,11.9,12,11.9,11.8,15.8,11.8,11.8,11.8,11.9,12,11.9,11.9,11.8,11.9,15.9,11.9,11.8,11.9,11.9,11.9,11.8,11.9,11.9,11.9,15.9,11.9,11.9,11.8,11.9,11.8,11.8,11.9,11.9,11.8,15.9,11.9,11.9,11.9,11.7,11.8,11.9,12,11.8,11.9,15.9,12,11.9,11.8,11.9,11.9,11.9,11.9,11.7,11.9,15.8,11.9,11.7,11.9,11.9,11.8,11.9,11.9,11.9,11.9,15.8,11.9,11.9,11.8,11.9,12,11.9,12,11.9,11.9,15.9,12,11.9,11.8,11.8,11.9,12,11.8,11.8,11.8,15.8,11.9,11.8,11.9,11.9,12,11.9,12.1,12.2
0.0000436,15.8,11.7,11.8,11.8,11.9,11.9,11.9,11.8,12,11.9,11.8,15.9,11.8,11.8,11.7,12,11.9,11.9,11.9,11.9,11.9,15.8,11.8,11.8,11.8,11.9,11.9,11.9,11.9,11.8,11.9,15.8,11.9,11.8,11.9,11.9,11.8,11.8,11.9,11.9,11.8,15.9,11.9,11.9,11.8,11.8,11.8,12,12,11.8,11.9,15.9,12,11.8,11.8,11.9,11.9,12,11.9,11.7,11.9,15.9,11.9,11.8,11.8,12,11.9,11.9,11.9,11.8,11.8,15.8,11.9,11.9,11.8,11.9,12,12,12,11.9,11.8,15.8,12,11.9,11.8,11.8,11.9,12,11.8,11.8,11.8,15.8,11.8,11.8,11.9,11.9,12,11.9,12.2,12.2
0.0000438,15.8,11.7,11.9,11.8,11.9,11.8,11.9,11.9,11.9,11.9,11.8,15.9,11.8,11.8,11.8,11.9,11.9,11.9,11.9,11.9,11.9,15.8,11.8,11.8,11.9,12,11.9,11.9,12,11.8,11.9,15.8,11.8,11.9,11.8,11.9,11.8,11.7,11.9,11.9,11.8,15.9,11.9,11.9,11.8,11.8,11.8,11.9,12,11.8,11.9,15.9,12,11.9,11.8,11.9,11.9,11.9,11.9,11.6,11.9,15.9,11.9,11.8,11.9,12,11.9,11.9,11.9,11.8,11.8,15.9,11.9,11.8,11.9,11.8,12,11.9,12,11.9,11.8,15.9,12,11.8,11.8,11.9,11.9,12,11.9,11.8,11.7,15.9,11.8,11.8,11.8,11.9,12,11.9,12.2,12.2
0.000044,15.8,11.8,11.8,11.8,12,11.9,11.8,11.8,11.9,11.9,11.8,15.8,11.9,11.8,11.8,11.9,11.9,11.9,11.9,12,11.9,15.8,11.8,11.6,11.9,12,12,11.8,11.9,11.8,12,15.8,11.7,11.8,11.9,12,11.8,11.7,11.9,11.9,11.8,15.8,11.9,11.8,11.8,11.8,11.8,12,11.9,11.9,11.9,15.9,11.9,11.9,11.7,11.9,11.9,12,11.9,11.6,11.9,15.9,11.9,11.8,11.9,12,11.9,11.9,11.9,11.8,11.8,15.8,11.9,11.9,11.8,11.8,12,11.9,12,11.9,11.8,15.9,12,11.8,11.9,12,11.9,12,11.8,11.8,11.8,15.8,11.8,11.8,11.9,11.9,12,11.9,12.3,12.2
0.0000442,15.8,11.8,11.8,11.9,12,11.9,11.8,11.8,11.9,11.9,11.9,15.8,11.9,11.8,11.9,11.8,11.9,11.9,11.9,12,11.9,15.9,11.8,11.7,11.9,11.9,12,11.8,12,11.8,11.9,15.8,11.7,11.9,11.9,11.9,11.8,11.7,11.9,11.9,11.8,15.8,11.9,11.7,11.9,11.8,11.8,11.9,11.9,11.9,11.8,15.8,11.9,11.9,11.8,11.9,11.9,12,11.8,11.7,11.9,15.9,11.8,11.8,11.9,11.9,11.9,11.8,11.9,11.9,11.8,15.8,11.9,11.9,11.8,11.9,12,11.9,11.9,11.9,11.8,15.9,12,11.7,11.9,12,11.9,11.9,11.9,11.8,11.8,15.8,11.9,11.8,11.9,11.9,12,11.9,12.3,12.2
0.0000444,15.9,11.9,11.8,11.9,12,11.9,11.8,11.9,11.8,11.9,11.9,15.8,11.9,11.8,11.9,11.8,11.9,11.9,11.9,11.9,11.9,15.8,11.8,11.6,11.9,11.9,11.9,11.9,11.9,11.8,11.9,15.8,11.6,11.9,11.9,11.9,11.8,11.6,11.9,12,11.9,15.9,11.9,11.7,11.9,11.9,11.8,11.9,11.9,11.8,11.8,15.8,11.9,11.9,11.8,11.9,11.9,11.9,11.8,11.7,11.9,15.9,11.8,11.8,11.9,11.9,11.9,11.9,11.9,11.9,11.9,15.9,11.9,11.9,11.9,11.9,11.8,11.9,11.9,11.8,11.8,15.9,12,11.8,11.9,12,11.9,11.8,11.9,11.8,11.9,15.9,11.8,11.8,11.8,12,12,11.9,12.3,12.2
0.0000446,15.8,11.9,11.8,11.9,12,11.8,11.9,11.9,11.8,11.9,11.9,15.8,11.9,11.8,11.9,11.8,11.9,12,11.9,11.9,11.8,15.9,11.9,11.8,11.9,11.9,11.9,11.8,11.9,11.9,11.9,15.8,11.6,11.9,11.9,11.9,11.8,11.7,11.9,12,11.9,15.8,11.9,11.7,11.9,11.8,11.8,11.9,11.9,11.9,11.7,15.9,11.8,11.9,11.8,11.9,11.9,12,11.8,11.8,11.9,15.8,11.7,11.9,11.9,11.9,11.9,11.8,11.9,12,11.9,15.9,11.8,11.9,11.9,12,11.8,11.9,11.8,11.8,11.9,15.9,11.9,11.8,11.9,12,11.9,11.8,11.9,11.8,11.9,15.8,11.8,11.9,11.8,12,11.9,11.9,12.3,12.2
0.0000448,15.9,11.9,11.8,11.9,12,11.8,11.8,11.8,11.8,11.9,11.9,15.9,11.9,11.9,11.9,11.7,11.9,11.9,11.9,11.9,11.8,15.8,11.9,11.8,12,11.9,11.9,11.9,11.9,12,11.9,15.8,11.8,11.8,11.9,11.9,11.8,11.8,11.9,12,11.9,15.9,11.9,11.7,11.9,11.9,11.8,11.9,11.8,11.9,11.7,15.8,11.9,11.8,11.9,11.9,11.9,11.9,11.8,11.8,11.9,15.9,11.7,11.8,11.9,11.9,11.9,11.8,11.9,12,11.9,15.9,11.9,11.9,11.9,11.9,11.7,11.9,11.8,11.8,11.8,15.8,12,11.8,11.9,12,11.9,11.7,11.9,11.8,11.9,15.9,11.8,11.9,11.9,11.9,11.8,11.9,12.3,12.2
0.000045,15.8,11.9,11.8,12,12,11.8,11.8,11.9,11.8,11.9,11.9,15.8,11.9,11.9,11.9,11.7,11.9,11.9,12,11.8,11.7,15.9,11.9,11.8,11.9,11.9,11.9,11.8,11.8,12,11.8,15.9,11.8,11.9,11.9,12,11.9,11.8,12,12,11.9,15.8,11.9,11.8,12,11.9,11.8,11.9,11.8,11.8,11.7,15.8,11.8,11.9,11.9,11.9,11.9,11.9,11.8,11.8,11.9,15.8,11.7,11.8,11.9,11.9,11.9,11.9,11.9,12,11.9,15.8,11.8,11.9,11.9,11.9,11.7,11.8,11.8,11.8,11.9,15.9,11.9,11.9,11.8,11.9,11.9,11.8,11.9,11.8,11.9,15.8,11.8,11.9,11.9,12,11.7,11.8,12.2,12.2
0.0000452,15.8,11.9,11.8,12,12,11.8,11.8,11.8,11.8,11.9,11.9,15.8,11.9,11.9,11.9,11.7,11.9,11.8,12,11.8,11.7,15.8,11.9,11.9,11.9,11.9,11.8,11.9,11.8,12,11.8,15.8,11.9,11.8,11.9,11.9,11.8,11.9,12,12,11.9,15.8,11.8,11.9,12,11.9,11.9,11.9,11.8,11.8,11.7,15.9,11.9,11.9,12,11.9,11.9,11.9,11.8,11.9,11.9,15.9,11.8,11.8,11.9,12,11.8,11.8,11.9,12,12,15.8,11.8,11.9,11.9,11.9,11.8,11.9,11.8,11.7,11.9,15.8,11.9,11.9,11.8,11.8,11.9,11.9,11.9,11.9,12,15.9,11.8,11.9,12,11.9,11.8,11.9,12.1,12.2
0.0000454,15.8,11.9,11.8,11.9,11.9,11.8,11.8,11.9,11.9,11.8,11.9,15.9,11.9,11.9,11.9,11.7,11.9,11.8,11.9,11.7,11.7,15.9,11.9,11.9,11.9,11.9,11.9,11.9,11.7,12,11.9,15.9,11.8,11.8,11.8,11.9,11.9,11.9,11.9,11.9,11.9,15.9,11.9,12,11.9,11.9,11.9,11.8,11.8,11.8,11.7,15.9,11.9,11.8,11.9,11.9,11.9,12,11.8,11.9,11.9,15.8,11.8,11.8,11.8,12,11.9,11.8,11.9,12,12,15.9,11.8,11.9,11.9,11.9,11.7,11.9,11.8,11.7,11.9,15.8,12,12,11.8,11.8,11.9,11.9,11.8,11.8,11.9,15.8,11.8,12,11.9,11.9,11.7,11.9,12.1,12.2
0.0000456,15.9,11.8,11.8,11.9,12,11.8,11.8,11.9,11.9,11.8,11.9,15.9,11.8,11.9,11.8,11.7,12,11.8,11.9,11.8,11.7,15.8,11.8,11.9,11.9,11.9,11.9,11.9,11.7,11.9,11.9,15.9,11.8,11.8,11.8,11.9,11.8,11.9,11.9,11.9,11.8,15.8,11.9,12,11.9,12,11.9,11.9,11.9,11.8,11.8,15.9,11.9,11.8,11.9,11.9,11.9,11.9,11.8,11.9,11.9,15.8,11.9,11.9,11.9,12,11.8,11.8,11.9,12,11.9,15.9,11.7,11.9,11.9,11.9,11.8,12,11.8,11.8,11.9,15.9,11.9,12,11.8,11.8,11.9,12,11.9,11.9,11.9,15.9,11.9,11.9,12,11.8,11.8,11.9,12.1,12.2
0.0000458,15.8,11.8,11.8,11.9,12,11.8,11.8,11.9,11.9,11.8,11.9,15.8,11.8,11.9,11.8,11.8,11.9,11.8,11.9,11.8,11.8,15.8,11.9,11.9,11.8,11.8,11.9,11.8,11.7,11.9,12,15.8,11.8,11.8,11.8,11.8,11.9,11.9,11.9,11.8,11.8,15.8,11.9,12,11.9,12,11.8,11.9,11.9,11.9,11.9,15.8,11.9,11.8,11.8,11.9,11.9,11.9,11.8,11.8,11.9,15.8,11.9,11.9,11.9,12,11.8,11.8,11.9,11.9,11.9,15.9,11.8,12,11.9,11.8,11.8,12,11.9,11.9,11.8,15.9,11.9,12,11.8,11.8,11.9,12,11.8,11.9,11.8,15.8,11.9,11.8,11.9,11.9,11.9,11.9,12.1,12.1
0.000046,15.8,11.8,11.8,11.9,12,11.9,12,11.9,11.9,11.8,11.8,15.9,11.8,11.9,11.8,11.8,12,11.8,11.9,11.8,11.8,15.8,12,11.9,11.9,11.9,11.9,11.8,11.9,11.9,11.9,15.8,11.8,11.9,11.8,11.8,11.9,12,11.9,11.8,11.9,15.9,11.9,12.1,11.9,11.9,11.8,11.9,11.9,11.9,11.8,15.8,11.9,11.9,11.7,11.9,11.9,11.9,11.9,11.9,11.9,15.9,11.9,11.9,11.9,12,11.8,11.8,11.9,11.9,11.9,15.9,11.8,12,11.9,11.8,11.7,12,11.8,12,11.9,15.9,11.9,12,11.9,11.9,11.9,12,11.8,11.9,11.8,15.9,11.9,11.7,11.9,11.9,11.9,11.9,12,12.2
0.0000462,15.8,11.8,11.8,11.8,12,11.9,12,11.9,12,11.9,11.8,15.9,11.8,11.8,11.8,11.8,11.9,11.8,11.9,11.9,11.9,15.8,11.9,11.9,11.8,11.9,11.9,11.8,11.8,11.8,12,15.9,11.7,11.9,11.8,11.8,11.9,11.9,11.9,11.8,11.8,15.8,11.9,12,11.8,11.9,11.8,11.9,12,11.9,11.9,15.9,11.9,11.9,11.7,11.9,11.9,11.9,11.9,11.8,11.9,15.9,11.9,11.9,11.9,11.9,11.8,11.8,11.9,11.9,11.9,15.8,11.9,12,12,11.9,11.8,11.8,11.9,12,11.8,15.8,12,12,11.9,11.9,11.9,11.9,11.8,11.9,11.8,15.8,11.9,11.6,11.9,11.9,11.9,11.9,12,12.2
0.0000464,15.9,11.8,11.8,11.9,12,11.9,11.9,11.9,12,11.8,11.8,15.9,11.8,11.8,11.8,11.8,11.9,11.9,11.9,11.9,11.9,15.8,11.9,11.9,11.8,11.9,11.9,11.8,11.8,11.9,12,15.9,11.8,11.9,11.8,11.8,11.9,12,11.9,11.8,11.8,15.8,11.9,12,11.8,11.9,11.8,11.9,11.9,11.9,11.8,15.8,11.9,11.9,11.7,11.9,11.9,11.9,11.9,11.8,11.9,15.8,11.9,12,11.9,12,11.9,11.8,11.9,11.9,11.9,15.8,12,11.9,11.9,11.9,11.7,11.9,11.9,12,11.8,15.8,12,11.9,11.9,12,11.9,11.8,11.8,11.9,11.8,15.8,11.8,11.6,11.9,12,11.9,11.9,12.1,12.2
0.0000466,15.8,11.8,11.8,11.8,12,11.9,11.9,11.9,11.9,11.9,11.8,15.8,11.9,11.8,11.8,11.8,11.9,11.9,11.9,11.9,11.9,15.9,11.9,11.8,11.8,11.9,11.9,11.8,11.9,11.9,12,15.9,11.8,11.9,11.9,11.8,11.9,11.9,11.9,11.8,11.9,15.9,11.9,12,11.9,11.8,11.8,11.9,11.9,11.9,11.9,15.9,11.8,11.9,11.6,11.9,11.9,12,11.8,11.8,11.8,15.9,11.8,12,11.9,11.9,11.8,11.8,11.9,11.9,11.9,15.8,12,11.9,11.9,11.8,11.8,11.9,11.9,12,11.8,15.9,12,11.8,11.9,11.9,11.9,11.8,11.9,11.9,11.8,15.9,11.9,11.6,11.9,11.9,11.9,11.9,12.1,12.2
0.0000468,15.9,11.8,11.8,11.9,12,11.9,11.8,11.8,11.9,11.9,11.8,15.9,11.9,11.9,11.8,11.8,11.9,12,11.9,11.9,11.8,15.8,11.9,11.8,11.9,12,11.9,11.8,11.9,11.9,11.9,15.8,11.8,11.9,11.9,11.9,11.9,11.9,11.9,11.9,11.9,15.8,12,12,11.9,11.7,11.8,11.9,11.9,12,11.8,15.9,11.9,11.9,11.7,11.9,11.9,11.9,11.9,11.9,11.8,15.8,11.8,11.9,11.9,11.8,11.8,11.8,11.9,11.8,11.9,15.9,12,12,11.9,11.9,11.8,11.9,11.9,12,11.7,15.9,12.1,11.9,11.9,12,11.9,11.7,11.8,11.8,11.8,15.8,11.9,11.6,11.9,11.9,11.9,11.9,12.1,12.2
0.000047,15.8,11.8,11.7,11.9,11.9,11.9,11.8,11.8,11.9,11.9,11.9,15.9,11.9,11.9,11.9,11.8,11.9,12,11.9,11.9,11.9,15.8,11.9,11.8,11.8,11.9,11.9,11.9,11.9,11.9,11.9,15.8,11.8,11.9,12,11.9,11.9,11.9,11.9,12,11.9,15.8,12,12,11.8,11.7,11.8,11.9,11.9,11.9,11.8,15.8,11.9,11.9,11.7,11.9,11.9,11.9,11.9,11.8,11.9,15.8,11.8,11.9,11.9,11.9,11.9,11.7,11.9,11.9,11.9,15.9,12,12,11.9,11.9,11.9,11.9,11.9,11.9,11.8,15.8,12,11.8,11.9,11.9,11.9,11.7,11.9,11.8,11.9,15.8,11.9,11.7,11.9,11.9,11.9,11.9,12.1,12.2
0.0000472,15.8,11.9,11.8,11.9,11.9,11.9,11.7,11.8,11.9,11.9,11.9,15.8,11.9,12,11.9,11.8,11.8,12,11.9,11.9,11.9,15.9,11.9,11.9,11.9,11.9,11.9,11.9,11.8,12,11.8,15.8,11.9,11.9,12,12,11.8,11.9,11.9,12,11.9,15.8,12,12,11.9,11.8,11.8,11.9,11.8,11.9,11.7,15.8,11.8,11.9,11.7,11.9,12,11.9,11.8,11.8,11.9,15.9,11.8,11.9,11.8,11.9,11.9,11.7,11.9,11.9,11.9,15.9,11.9,12,11.9,11.9,11.9,11.9,12,11.8,11.8,15.8,12,11.8,11.8,11.9,11.9,11.8,11.9,11.8,11.9,15.9,11.8,11.8,11.9,11.9,11.9,11.9,12.1,12.2
0.0000474,15.8,11.9,11.8,12,11.9,11.9,11.7,11.8,12,11.9,11.9,15.8,12,12,12,11.8,11.9,12,11.9,11.8,11.9,15.9,11.9,11.9,11.9,11.9,12,11.9,11.8,12,11.8,15.8,11.8,11.9,12,12,11.9,11.9,11.9,12,11.9,15.8,11.9,12,11.9,11.8,11.8,11.9,11.8,11.9,11.7,15.8,11.9,11.8,11.7,11.9,12,11.9,11.8,11.9,11.9,15.9,11.7,11.9,11.9,11.8,11.9,11.8,11.9,11.9,11.8,15.8,11.9,12,11.9,11.9,12,11.9,12,11.9,11.8,15.8,12,11.8,11.8,11.9,11.9,11.8,11.9,11.8,11.9,15.9,11.9,11.8,11.9,11.9,11.8,11.9,12.1,12.2
0.0000476,15.9,11.9,11.8,12,11.9,11.8,11.7,11.8,11.9,11.9,11.9,15.9,11.9,12,11.9,11.8,11.9,12,11.9,11.8,11.8,15.8,11.9,11.8,11.8,12,12,11.9,11.7,11.9,11.8,15.8,11.8,11.8,11.9,12,11.8,11.9,11.9,12,11.9,15.9,11.9,11.9,12,11.8,11.8,11.9,11.8,11.9,11.7,15.8,11.9,11.8,11.8,11.9,11.9,11.8,11.9,11.9,11.9,15.8,11.8,11.9,11.9,12,11.8,11.8,11.9,11.9,11.9,15.8,11.8,12,11.9,11.9,12,11.9,12,11.9,11.8,15.9,12,11.9,11.8,11.9,11.9,11.9,11.9,11.8,11.9,15.9,11.8,11.8,11.9,11.9,11.8,11.9,12.2,12.2
0.0000478,15.9,11.9,11.8,12,11.9,11.8,11.6,11.9,11.9,11.9,11.9,15.8,11.9,12,11.9,11.9,11.9,11.9,11.9,11.8,11.9,15.8,11.8,11.9,11.9,12,12,11.9,11.7,12,11.8,15.8,11.8,11.9,11.9,12,11.8,11.9,11.9,11.9,11.9,15.9,11.9,12,11.9,11.8,11.9,11.9,11.8,11.9,11.8,15.8,11.9,11.8,11.8,11.9,11.9,11.8,11.8,11.9,11.9,15.8,11.8,11.9,11.9,12,11.9,11.9,11.9,11.9,11.9,15.9,11.8,12,11.9,11.9,12,11.9,11.9,11.8,11.8,15.9,11.9,11.8,11.8,11.9,11.9,11.9,11.8,11.8,11.9,15.9,11.9,11.8,11.9,11.9,11.9,11.8,12.2,12.2
0.000048,15.8,11.9,11.8,12,11.9,11.8,11.7,11.9,11.9,11.9,11.8,15.9,11.9,12,11.9,11.9,12,11.8,11.8,11.8,11.9,15.8,11.9,11.9,11.9,11.9,12,11.9,11.7,11.9,11.8,15.9,11.8,11.9,11.9,12,11.8,11.9,11.9,11.9,11.9,15.8,11.9,12,11.9,11.9,11.9,11.9,11.8,11.8,11.8,15.8,11.9,11.8,11.9,11.9,11.9,11.8,11.9,11.9,11.9,15.9,11.8,11.9,11.9,12,11.8,11.9,11.9,11.9,12,15.9,11.8,11.9,11.9,12,12,11.9,11.9,11.8,11.9,15.8,11.9,11.9,11.8,11.8,11.9,12,11.9,11.8,11.9,15.8,11.9,11.9,11.9,11.9,11.9,11.9,12.2,12.1
0.0000482,15.8,11.9,11.9,11.9,11.9,11.8,11.8,11.9,11.9,11.9,11.8,15.8,11.8,11.9,11.9,11.9,12,11.9,11.9,11.7,11.8,15.9,11.9,11.9,11.9,11.9,12,12,11.7,11.9,11.9,15.9,11.8,11.9,11.8,12,11.9,11.9,11.9,11.8,11.9,15.8,11.9,12,11.9,11.9,11.9,11.9,11.9,11.9,11.9,15.8,11.9,11.9,11.8,11.9,11.8,11.8,11.8,11.9,11.9,15.8,11.9,11.9,12,12,11.8,11.8,11.9,11.9,11.9,15.8,11.8,11.9,11.9,12,11.9,11.9,11.9,11.8,11.8,15.9,11.9,11.9,11.8,11.8,11.9,12,11.8,11.8,11.9,15.8,11.9,11.9,11.9,11.9,11.9,11.8,12.2,12.2
0.0000484,15.8,11.8,12,12,11.9,11.8,11.9,11.9,11.9,11.9,11.9,15.9,11.8,11.9,11.9,11.9,12,11.8,11.9,11.8,11.8,15.9,11.9,11.8,12,11.9,11.9,11.9,11.8,11.9,11.9,15.8,11.7,11.9,11.9,11.9,11.9,11.9,11.8,11.9,11.9,15.9,11.8,12,11.9,11.9,11.8,12,11.9,11.9,12,15.8,11.9,11.8,11.9,11.9,11.8,11.9,11.9,11.9,11.9,15.8,11.8,11.9,12,12,11.8,11.9,11.9,11.9,11.9,15.8,11.9,11.9,11.9,12,11.9,11.8,11.9,11.9,11.9,15.8,11.9,12,11.8,11.8,12,12,11.8,11.8,11.9,15.9,11.9,11.9,11.8,11.9,11.9,11.9,12.1,12.1
0.0000486,15.8,11.8,12,11.9,11.9,11.9,12,12,11.9,11.9,11.8,15.9,11.8,11.8,11.9,11.9,12,11.8,11.9,11.8,11.8,15.8,11.9,11.8,12,11.9,11.8,11.9,11.8,11.9,11.9,15.8,11.8,11.9,11.8,11.8,11.9,11.9,11.9,11.8,11.8,15.8,11.8,12,11.9,11.8,11.8,12,11.9,11.9,11.9,15.9,11.9,11.9,11.8,11.9,11.8,11.8,11.9,11.9,11.9,15.8,11.8,11.9,12,12,11.9,11.8,11.9,11.9,11.9,15.9,11.9,11.9,11.9,11.9,11.8,11.8,11.9,11.9,11.8,15.9,11.9,11.9,11.9,11.9,12,12,11.8,11.8,11.9,15.9,11.8,11.9,11.8,11.8,11.9,11.9,12.1,12.1
0.0000488,15.9,11.7,12,11.9,11.9,11.9,12,11.9,12,11.9,11.9,15.9,11.8,11.8,11.9,11.9,11.9,11.8,11.8,11.8,11.8,15.8,11.9,11.7,12,11.8,11.8,11.9,11.9,11.9,12,15.8,11.8,11.9,11.9,11.8,11.9,11.9,11.9,11.8,11.8,15.9,11.8,12,11.9,11.9,11.8,12,12,11.9,11.9,15.8,11.9,11.9,11.8,11.9,11.9,11.8,11.9,11.9,11.9,15.8,11.8,11.9,11.9,11.9,11.9,11.8,11.9,11.9,11.9,15.9,11.9,11.9,11.9,11.9,11.8,11.8,11.9,11.9,11.8,15.8,11.9,11.9,11.9,11.9,11.9,11.9,11.8,11.9,11.8,15.8,11.8,11.9,11.8,11.9,11.9,11.8,12.2,12.1
0.000049,15.9,11.7,11.9,11.9,11.8,11.9,12,11.9,11.9,11.9,11.8,15.8,11.9,11.8,11.8,11.9,11.9,11.9,11.8,11.9,11.8,15.8,12,11.7,12,11.9,11.8,11.9,11.9,11.8,11.9,15.9,11.8,11.9,11.9,11.8,12,11.9,11.9,11.8,11.8,15.8,11.9,12,11.8,11.8,11.8,12,12,11.9,11.9,15.8,11.9,11.9,11.7,11.9,11.9,11.9,11.9,11.9,11.9,15.9,11.9,11.9,11.9,11.9,11.8,11.8,11.9,12,11.9,15.8,11.9,11.9,11.9,11.8,11.8,11.8,11.9,11.9,11.8,15.8,12,11.9,11.9,11.9,11.9,11.8,11.9,11.9,11.9,15.9,11.8,11.9,11.8,11.9,11.9,11.8,12.1,12.2
0.0000492,15.9,11.7,11.9,11.9,11.9,11.9,12,11.9,11.9,11.8,11.9,15.8,11.9,11.9,11.9,11.9,11.9,11.9,11.8,11.9,11.9,15.8,11.9,11.6,12,11.8,11.8,11.8,12,11.9,11.9,15.9,11.9,11.9,11.9,11.7,11.9,12,11.9,11.9,11.9,15.8,11.9,12,11.9,11.8,11.7,12,11.9,11.9,11.8,15.9,11.8,11.9,11.7,11.9,12,11.9,11.9,11.9,11.9,15.9,11.9,11.9,11.9,11.9,11.9,11.7,11.9,11.9,11.8,15.8,11.9,11.9,11.9,11.8,11.8,11.8,11.9,11.9,11.8,15.9,12,11.9,11.9,11.9,11.9,11.9,11.8,11.9,11.9,15.8,11.9,11.9,11.8,11.9,12,11.8,12.1,12.1
0.0000494,15.8,11.8,11.8,11.9,11.9,11.9,12,11.8,11.9,11.8,11.8,15.9,12,11.9,11.9,11.9,11.8,12,11.8,11.9,11.9,15.8,11.9,11.7,11.9,11.8,11.8,11.8,12,11.9,11.9,15.8,11.8,11.8,12,11.8,11.9,11.9,11.9,11.9,11.9,15.9,11.9,12,11.8,11.8,11.8,12,12,11.9,11.8,15.9,11.9,11.9,11.7,11.9,12,12,11.9,11.9,11.9,15.8,11.8,11.8,11.8,11.9,11.8,11.7,11.9,12,11.8,15.9,11.9,11.9,11.9,11.8,11.9,11.8,12,11.9,11.8,15.9,12.1,11.9,11.9,11.9,11.9,11.9,11.8,11.9,11.8,15.9,11.8,11.8,11.9,12,11.9,11.9,12.1,12.1
0.0000496,15.9,11.9,11.8,11.9,12,11.9,11.8,11.8,11.9,11.8,11.8,15.9,12,11.9,11.9,11.9,11.8,12,11.9,11.9,11.9,15.9,11.9,11.7,11.9,11.9,11.8,11.8,11.9,11.9,11.9,15.9,11.8,11.9,11.9,11.9,11.9,11.9,11.9,11.9,11.9,15.8,12,12,11.8,11.8,11.8,11.9,11.9,11.9,11.8,15.8,11.9,11.9,11.7,11.9,12,12,11.9,11.8,11.9,15.9,11.8,11.8,11.8,11.9,11.8,11.7,11.9,11.9,11.8,15.8,11.9,11.9,11.9,11.8,11.9,11.9,12,11.9,11.8,15.8,12,11.8,11.8,11.9,11.9,11.8,11.8,11.9,11.8,15.9,11.8,11.7,11.9,12,11.9,11.9,12.2,12.1
0.0000498,15.8,11.9,11.8,11.9,11.9,11.9,11.7,11.8,11.9,11.8,11.8,15.8,12,11.9,12,11.9,11.8,12,11.9,11.9,11.9,15.9,11.8,11.8,11.8,11.8,11.9,11.9,11.9,11.9,11.8,15.9,11.8,11.9,11.9,11.9,11.8,11.9,11.9,11.9,11.8,15.8,12,11.9,11.8,11.8,11.9,11.9,11.9,11.9,11.7,15.8,11.9,11.9,11.7,11.9,12,12,11.9,11.8,11.9,15.8,11.7,11.8,11.8,11.9,11.9,11.7,11.9,12,11.8,15.8,11.9,11.9,11.9,11.9,12,11.8,12,11.9,11.8,15.8,12,11.9,11.9,11.9,12,11.9,11.9,11.8,11.9,15.8,11.9,11.7,11.9,12,11.9,11.9,12.1,12.2
0.00005,15.8,12,11.8,12,12,11.9,11.7,11.8,11.9,11.9,11.9,15.9,12,11.9,12,11.9,11.8,12,12,11.8,12,15.9,11.9,11.8,11.9,11.9,11.8,11.9,11.8,11.9,11.9,15.9,11.8,11.9,11.9,11.9,11.8,11.9,11.9,12,11.9,15.9,12,12,11.9,11.8,11.9,11.8,11.9,11.9,11.8,15.8,11.9,11.9,11.8,11.9,12,12,11.8,11.8,11.9,15.8,11.8,11.8,11.8,11.9,11.9,11.7,11.9,12,11.8,15.8,11.9,12,11.9,11.8,11.9,11.9,12,11.9,11.8,15.9,11.9,11.8,11.8,11.9,12,12,11.9,11.9,11.8,15.8,11.8,11.7,12,11.9,11.9,11.9,12.1,12.2
0.0000502,15.8,12,11.9,12,12,11.8,11.8,11.8,11.9,11.9,11.8,15.8,11.9,11.9,11.9,11.9,11.9,12,11.9,11.8,12,15.8,11.8,11.9,11.9,12,11.9,11.9,11.8,11.9,11.8,15.8,11.8,11.9,11.8,11.9,11.8,11.9,11.8,12,11.9,15.8,11.9,12,11.9,11.8,11.9,11.8,11.9,11.9,11.8,15.8,11.9,11.9,11.8,11.9,12,11.9,11.8,11.9,11.9,15.9,11.8,11.9,11.8,11.9,11.8,11.8,11.9,11.9,11.9,15.9,11.8,12,11.9,11.9,11.9,11.9,11.9,11.9,11.8,15.9,11.9,11.9,11.8,11.9,12,12,11.9,11.9,11.9,15.8,11.8,11.8,12,11.9,11.9,11.9,12.1,12.1
0.0000504,15.8,12,11.9,11.9,12,11.9,11.7,11.8,11.9,12,11.8,15.8,11.9,11.9,11.9,11.8,11.9,11.9,12,11.8,11.9,15.9,11.8,11.9,11.9,12,11.9,12,11.8,11.9,11.9,15.8,11.8,11.9,11.8,12,11.8,11.9,11.9,12,11.9,15.8,11.9,12,11.9,11.8,12,11.8,11.9,12,11.8,15.8,11.9,11.9,11.9,11.9,12,11.9,11.7,11.9,11.9,15.9,11.8,11.9,11.9,11.9,11.8,11.9,11.9,11.9,11.9,15.9,11.8,12,11.9,11.9,11.9,11.9,11.9,11.9,11.8,15.9,11.9,11.9,11.8,11.9,12,12,11.9,11.9,11.8,15.8,11.9,11.9,11.9,11.9,12,11.9,12.1,12.1
0.0000506,15.8,12,11.9,11.9,12,11.8,11.8,11.8,11.9,12,11.9,15.9,11.9,11.9,11.9,11.8,11.9,11.9,12,11.8,11.9,15.8,11.9,11.9,11.9,11.9,11.9,12,11.8,11.9,11.9,15.9,11.8,11.9,11.8,11.9,11.8,11.9,11.8,12,12,15.9,11.9,12,11.9,11.8,12,11.9,11.9,12,11.8,15.8,11.9,11.9,11.9,11.9,11.9,11.8,11.7,11.9,11.9,15.9,11.8,11.9,11.9,11.9,11.9,11.9,11.8,11.9,11.9,15.8,11.9,11.9,11.9,11.9,11.9,11.9,11.8,11.9,11.8,15.8,11.9,11.9,11.8,11.9,12,12,11.9,11.9,11.9,15.8,11.8,11.9,11.9,11.9,11.9,11.8,12.1,12.1
0.0000508,15.9,11.9,11.9,11.9,12,11.9,11.8,11.9,11.9,12,11.9,15.8,11.9,11.9,11.9,11.8,11.9,11.9,11.9,11.8,11.9,15.8,11.9,11.9,11.9,11.9,11.9,12,11.8,11.9,11.9,15.8,11.8,11.9,11.9,11.9,11.8,11.9,11.9,12,12,15.9,11.9,12,11.9,11.8,12,11.9,11.9,12,11.8,15.8,11.9,11.9,11.9,11.9,11.8,11.8,11.8,11.9,11.9,15.8,11.8,11.9,11.9,11.9,11.8,11.9,11.9,11.9,11.9,15.8,11.8,11.9,11.9,11.9,11.9,11.9,11.7,11.9,11.9,15.9,12,11.9,11.7,11.9,11.9,11.9,11.9,12,11.9,15.8,11.8,12,11.9,11.8,11.9,11.8,12.1,12
0.000051,15.9,11.9,11.9,11.9,12,11.9,11.8,11.9,11.9,12,11.9,15.9,11.9,11.9,11.9,11.8,12,11.9,11.8,11.8,11.8,15.8,11.9,11.9,11.9,11.9,11.9,11.9,11.8,11.8,11.9,15.9,11.9,11.9,11.9,11.9,11.9,11.9,11.9,12,12,15.9,11.8,12,11.9,11.8,11.9,12,11.9,12,11.9,15.8,11.9,11.8,11.9,11.9,11.8,11.8,11.8,11.8,11.9,15.8,11.8,11.9,11.9,11.9,11.8,11.9,11.9,11.9,11.9,15.9,11.9,11.8,11.9,11.9,11.8,11.9,11.8,11.9,11.8,15.8,11.9,11.9,11.8,11.9,11.9,11.9,11.9,12,11.8,15.8,11.9,11.9,11.9,11.9,11.9,11.8,12.1,12
0.0000512,15.8,11.8,11.8,11.9,12,11.8,11.8,11.9,11.9,11.9,11.9,15.9,11.9,11.9,11.8,11.8,12,11.8,11.8,11.8,11.8,15.8,11.9,11.8,11.9,11.9,11.8,11.9,11.8,11.8,11.9,15.8,11.8,11.9,11.9,11.9,11.9,11.9,11.9,11.9,12,15.9,11.8,12,11.9,11.7,11.9,12,12,12,11.9,15.9,11.9,11.8,11.9,11.9,11.8,11.9,11.9,11.8,11.9,15.9,11.9,11.9,11.9,11.9,11.9,11.9,11.9,12,11.9,15.8,11.9,11.8,11.9,11.8,11.8,11.9,11.8,11.9,11.8,15.8,12,12,11.8,11.9,11.8,12,11.9,11.9,11.9,15.9,11.8,11.9,11.9,11.9,11.9,11.7,12,12.1
0.0000514,15.7,11.8,11.8,11.9,11.9,11.8,11.8,11.9,12,11.8,11.9,15.8,11.9,11.9,11.8,11.9,12,11.8,11.7,11.8,11.8,15.8,12,11.8,12,11.9,11.8,11.8,11.8,11.8,12,15.8,11.8,11.9,12,11.9,11.9,11.9,11.9,11.9,12,15.9,11.9,11.9,11.9,11.8,11.8,12,11.9,12,11.9,15.8,11.9,11.7,11.9,11.9,11.8,11.9,11.9,11.8,11.9,15.9,11.8,11.9,11.9,11.9,11.8,11.8,11.9,12,11.9,15.9,11.9,11.8,11.9,11.7,11.8,11.9,11.8,11.9,11.9,15.9,12.1,11.9,11.8,11.9,11.8,11.9,11.8,11.8,11.9,15.9,11.8,11.8,11.9,11.9,11.9,11.8,12,12
0.0000516,15.1,11.8,11.8,11.9,11.9,11.7,11.7,11.9,11.9,11.7,11.8,15.9,11.9,11.9,11.9,11.9,12,11.8,11.7,11.8,11.8,15.8,12,11.8,11.9,11.9,11.8,11.8,11.8,11.8,11.9,15.8,11.8,11.9,12,11.8,11.8,11.9,11.9,11.9,11.9,15.9,11.8,11.9,11.8,11.8,11.8,12,12,11.9,11.9,15.8,11.9,11.8,11.9,11.9,11.8,11.9,11.9,11.9,11.9,15.9,11.9,11.8,11.9,11.9,11.8,11.9,11.9,12,11.9,15.8,11.9,11.8,11.9,11.7,11.8,11.9,11.9,11.9,11.9,15.9,12.1,11.9,11.8,12,11.8,11.9,11.9,11.7,11.9,15.8,11.8,11.8,11.9,12,11.9,11.8,12,12.1
0.0000518,12.2,11.8,11.8,11.9,11.9,11.7,11.8,11.8,11.9,11.7,11.9,15.9,11.9,12,11.8,11.8,12,11.9,11.7,11.8,11.8,15.8,12,11.7,11.9,11.9,11.8,11.8,11.8,11.9,11.9,15.8,11.8,11.9,12,11.8,11.9,11.9,11.9,12,11.9,15.8,11.9,11.9,11.8,11.9,11.7,12,11.9,11.9,11.8,15.8,11.8,11.8,11.9,11.9,11.8,11.9,11.9,11.8,11.9,15.8,11.9,11.8,11.9,11.9,11.9,11.8,12,11.9,11.9,15.8,11.9,11.8,11.9,11.7,11.8,11.9,12,11.9,11.9,15.8,12,11.9,11.9,11.9,11.8,11.9,11.9,11.7,11.8,15.9,11.9,11.8,11.9,12,11.9,11.8,12,12.1
0.000052,9.02,11.8,11.8,11.9,11.9,11.8,11.7,11.9,11.9,11.7,11.9,15.8,12,12,11.9,11.9,11.9,11.9,11.8,11.8,11.9,15.8,11.9,11.7,11.8,11.9,11.8,11.7,11.8,11.9,11.9,15.8,11.8,11.9,12,11.9,11.9,11.9,11.8,11.9,11.9,15.8,11.9,11.9,11.8,11.9,11.7,12,11.9,11.9,11.9,15.9,11.8,11.9,11.9,11.8,11.8,11.9,11.8,11.8,11.9,15.9,11.9,11.9,11.9,11.9,11.8,11.8,12,12,11.9,15.8,11.8,11.9,11.9,11.8,11.9,11.9,12,11.9,11.9,15.9,12,11.9,11.8,11.9,11.9,11.9,11.9,11.7,11.8,15.9,11.8,11.8,11.8,12,11.9,11.9,12.1,12.1
0.0000522,7.91,11.8,11.9,11.8,11.9,11.8,11.8,11.9,11.9,11.8,11.8,15.8,12,12,11.8,11.9,11.9,12,11.8,11.8,11.9,15.8,11.9,11.8,11.8,11.9,11.9,11.8,11.8,11.9,11.9,15.9,11.9,12,12,11.9,11.9,11.9,11.8,11.9,11.9,15.8,11.9,11.9,11.7,11.9,11.8,11.9,11.9,11.8,11.8,15.8,11.8,11.8,11.9,11.9,11.8,12,11.8,11.7,11.9,15.8,11.9,11.9,11.9,11.9,11.9,11.8,12,11.9,11.9,15.8,11.8,11.9,11.9,11.8,11.9,11.9,12,11.8,11.9,15.9,12,11.9,11.9,11.9,12,11.9,11.9,11.7,11.8,15.8,11.8,11.8,11.9,11.9,11.9,11.9,12.1,12.1
0.0000524,7.95,11.9,11.9,11.9,11.9,11.8,11.8,11.8,11.9,11.8,11.9,15.8,11.9,12,11.8,11.8,11.8,11.9,11.9,11.8,12,15.9,11.9,11.9,11.8,11.9,11.8,11.9,11.8,11.9,11.9,15.9,11.8,11.9,11.9,11.9,11.9,11.9,11.8,11.9,11.8,15.8,12,11.9,11.8,11.9,11.8,11.9,11.9,11.9,11.8,15.8,11.7,11.9,11.8,11.9,11.8,12,11.9,11.7,11.9,15.9,11.9,11.8,11.8,11.9,11.9,11.7,12,11.9,11.9,15.8,11.8,12,11.9,11.9,11.9,11.9,12,11.9,12,15.9,11.9,11.8,11.9,11.9,12,11.9,11.9,11.8,11.8,15.8,11.8,11.8,11.9,11.9,11.9,11.9,12.1,12.1
0.0000526,8,11.9,12,11.9,11.9,11.9,11.8,11.9,11.9,12,11.8,15.8,11.9,11.9,11.9,11.8,11.8,12,11.9,11.8,12,15.8,11.9,12,11.8,11.9,11.9,11.9,11.8,11.9,11.9,15.8,11.8,11.9,11.9,12,11.8,11.9,11.9,11.9,11.8,15.8,12,12,11.8,11.9,11.8,11.8,12,11.8,11.8,15.8,11.7,11.9,11.9,11.9,11.8,12,11.9,11.8,11.9,15.8,11.8,11.8,11.8,12,11.9,11.8,11.9,11.8,11.9,15.8,11.8,12,12,11.9,11.9,11.9,12,11.9,11.9,15.8,11.9,11.9,11.9,11.8,12,11.9,11.9,11.8,11.7,15.8,11.8,11.8,11.9,11.8,11.9,12,12.1,12.1
0.0000528,7.95,11.9,12,11.9,11.8,11.9,11.8,11.9,11.9,12.1,11.8,15.9,11.9,11.9,11.9,11.7,11.8,12,11.9,11.8,12,15.8,12,11.9,11.9,11.9,11.9,11.9,11.8,11.8,11.9,15.9,11.8,11.9,11.9,11.9,11.8,11.9,11.9,11.9,11.8,15.9,12,12,11.8,11.8,11.9,11.8,11.9,11.8,11.8,15.8,11.8,11.9,11.8,11.8,11.9,12,11.8,11.9,11.9,15.9,11.8,11.8,11.9,11.9,12,11.8,11.9,11.8,11.9,15.9,11.9,12,12,11.9,12,11.9,11.9,11.9,11.9,15.8,11.8,11.9,11.9,11.8,12,11.8,11.9,11.9,11.8,15.9,11.8,12,11.9,11.8,11.9,11.9,12.1,12.1
0.000053,8,11.9,12,11.9,11.9,11.9,11.8,11.8,12,12.1,11.8,15.8,11.9,11.9,11.9,11.7,11.8,12,11.9,11.8,11.9,15.8,11.9,11.9,12,11.9,11.9,11.9,11.8,11.8,11.9,15.8,11.9,11.8,11.9,12,11.8,11.9,11.9,11.9,11.8,15.8,11.9,12,11.9,11.8,11.9,11.9,12,11.8,11.8,15.8,11.8,11.9,11.8,11.9,11.9,11.9,11.8,11.9,11.9,15.8,11.8,11.9,12,12,11.9,11.8,11.9,11.9,12,15.8,11.8,11.9,11.9,11.9,11.9,11.9,11.9,11.9,11.8,15.8,11.9,11.9,11.9,11.8,12,11.8,11.8,12,11.8,15.8,11.8,11.9,11.9,11.9,11.9,11.9,12.1,12.1
0.0000532,8,11.9,11.9,11.9,11.8,11.9,11.8,11.9,11.9,12.1,11.9,15.8,11.9,11.8,11.9,11.7,11.9,11.9,11.9,11.8,11.9,15.8,11.9,12,12,11.9,11.9,11.9,11.8,11.9,11.9,15.9,11.8,11.8,11.9,12,11.8,11.9,12,11.9,11.9,15.9,11.9,12,11.9,11.8,11.9,11.9,12,11.8,11.8,15.8,11.8,11.8,11.9,11.9,12,11.9,11.8,11.9,11.9,15.9,11.8,11.9,12,11.9,12,11.8,11.8,11.9,11.9,15.9,11.9,12,11.9,11.9,11.9,11.9,11.9,12,11.7,15.8,11.9,11.9,11.8,11.8,11.9,11.8,11.8,11.9,11.8,15.8,11.8,11.9,11.9,11.9,11.9,11.9,12,12.1
0.0000534,7.95,11.9,11.9,11.9,11.8,11.9,11.8,11.9,11.9,12.1,11.9,15.8,11.9,11.8,11.9,11.7,11.9,11.9,11.9,11.8,11.9,15.9,11.9,11.9,12,11.9,11.9,11.9,11.8,11.9,11.9,15.9,11.9,11.8,12,12,11.8,11.9,12,11.9,11.9,15.9,11.9,11.9,11.9,11.7,11.9,11.9,12,11.9,11.9,15.8,11.9,11.8,11.9,11.9,12,11.9,11.8,11.9,11.9,15.8,11.8,11.9,12,11.9,11.9,11.8,11.8,11.9,11.9,15.9,11.9,11.9,11.9,11.8,11.9,11.9,11.9,12,11.7,15.8,11.9,11.9,11.7,11.8,11.9,11.9,11.8,12,11.9,15.8,11.8,11.9,11.9,11.8,11.9,11.8,12,12.1
0.0000536,7.95,11.9,11.9,11.9,11.8,11.8,11.8,11.9,11.9,12,11.9,15.8,11.9,11.8,11.9,11.8,11.9,11.9,11.9,11.7,11.9,15.8,12,11.9,12,11.9,11.9,11.8,11.8,12,11.9,15.8,11.8,11.8,11.9,11.9,11.8,11.9,12,11.9,11.9,15.8,11.9,11.9,11.9,11.8,11.9,11.9,12,11.8,11.9,15.8,11.9,11.8,11.8,11.9,12,11.9,11.8,11.9,12,15.8,11.8,11.9,11.9,11.9,11.9,11.9,11.8,12,11.9,15.8,11.9,11.9,11.9,11.7,11.9,11.9,11.9,12,11.7,15.8,12,11.9,11.8,11.8,11.9,12,11.8,12,12,15.8,11.8,11.9,11.9,11.8,12,11.8,12,12.1
0.0000538,8,11.9,11.9,11.8,11.9,11.9,11.8,11.9,11.8,12,11.9,15.8,11.8,11.9,11.8,11.8,12,11.9,11.8,11.7,11.8,15.8,11.9,11.9,12,11.9,12,11.8,11.9,12,11.9,15.8,11.9,11.8,12,11.8,11.9,11.9,11.9,11.9,11.9,15.9,11.9,11.9,11.9,11.8,11.8,11.9,11.9,11.8,11.8,15.8,12,11.8,11.9,11.9,12,11.9,11.8,11.9,12,15.8,11.8,11.9,11.8,11.8,11.9,11.9,11.8,12,11.9,15.8,11.9,11.9,11.9,11.7,11.9,11.9,11.9,12,11.8,15.9,12,11.9,11.8,11.8,11.9,12,11.8,12,12,15.9,11.8,11.9,11.9,11.9,11.9,11.8,12,12.1
0.000054,8,11.8,11.8,11.8,12,11.8,11.8,11.9,11.8,11.9,11.8,15.8,11.9,11.9,11.8,11.9,11.9,11.9,11.9,11.7,11.8,15.8,12,11.9,11.9,11.8,11.9,11.8,11.9,11.9,11.9,15.8,11.9,11.8,12,11.8,11.9,11.9,11.8,12,12,15.9,11.8,12,11.8,11.8,11.8,11.9,11.9,11.9,11.8,15.9,12,11.8,11.8,11.9,12,11.9,11.9,11.9,12,15.8,11.8,11.8,11.9,11.8,11.8,11.9,11.9,12,11.9,15.8,11.9,11.9,11.9,11.7,11.8,11.9,11.8,11.9,11.8,15.8,12,11.9,11.8,11.8,11.9,12,11.9,11.9,11.9,15.9,11.8,11.8,11.9,11.8,11.9,11.8,12,12.1
0.0000542,8,11.8,11.9,11.9,12,11.8,11.8,11.9,11.8,11.8,11.8,15.8,11.8,12,11.9,11.9,11.9,11.9,11.8,11.7,11.7,15.9,11.9,11.9,11.8,11.9,11.9,11.8,11.8,11.8,12,15.8,11.9,11.9,12,11.8,11.9,11.9,11.9,11.9,12,15.8,11.9,11.9,11.8,11.8,11.8,11.9,11.8,11.8,11.9,15.9,12,11.8,11.9,11.9,11.9,11.9,11.9,11.9,12,15.9,11.8,11.8,11.8,11.8,11.8,11.9,11.9,12,11.9,15.8,11.9,11.9,11.8,11.7,11.9,11.9,11.8,11.9,11.9,15.9,12,11.9,11.8,11.8,11.8,12,11.9,11.9,11.9,15.8,11.8,11.8,11.8,11.8,12,11.8,12.1,12.1
0.0000544,7.95,11.8,11.9,11.8,12,11.8,11.8,11.9,11.9,11.7,11.9,15.8,11.8,12,11.8,11.9,11.9,11.9,11.9,11.8,11.8,15.9,11.9,11.8,11.7,11.9,11.9,11.8,11.9,11.8,12,15.9,11.8,11.9,11.9,11.8,11.9,11.9,11.8,12,11.9,15.8,11.9,12,11.8,11.8,11.9,11.9,11.8,11.9,11.8,15.8,12.1,11.9,11.8,11.8,11.9,11.9,11.9,11.9,12,15.8,11.8,11.9,11.8,11.9,11.8,11.9,11.9,12,11.9,15.9,11.9,11.9,11.8,11.8,11.9,11.9,11.9,11.8,12,15.9,12,11.9,11.9,11.8,11.8,11.9,11.9,11.9,11.9,15.9,11.8,11.7,11.9,11.9,12,11.9,12.1,12
0.0000546,8,11.8,12,11.9,12,11.8,11.9,11.9,11.9,11.8,11.9,15.8,11.8,11.9,11.8,11.9,11.9,11.9,11.9,11.8,11.8,15.8,11.9,11.8,11.8,11.9,11.9,11.8,11.8,11.8,12,15.8,11.9,11.9,11.9,11.8,11.9,11.9,11.8,12,11.9,15.8,11.9,11.9,11.9,11.8,11.8,11.9,11.8,11.9,11.8,15.8,12,11.9,11.8,11.8,11.9,11.9,11.8,11.9,11.9,15.9,11.8,11.9,11.8,11.9,11.8,11.8,11.9,12,11.9,15.8,11.8,11.9,11.8,11.8,11.9,11.9,11.9,11.8,11.9,15.8,12,11.9,12,11.8,11.9,11.9,11.9,11.9,11.9,15.8,11.9,11.8,11.9,11.9,11.9,11.9,12.1,12.1
0.0000548,7.95,11.8,11.9,11.9,12,11.8,11.8,11.8,12,11.8,11.9,15.9,11.8,12,11.8,11.8,11.9,12,11.9,11.9,11.9,15.9,11.9,11.8,11.8,11.9,11.8,11.8,11.8,11.8,11.9,15.8,11.8,11.9,11.9,11.9,11.8,11.9,11.8,12,11.9,15.8,11.9,12,11.9,11.8,11.8,11.9,11.8,11.8,11.8,15.8,12,11.9,11.8,11.8,11.9,11.9,11.8,11.9,11.9,15.8,11.8,11.9,11.9,12,11.8,11.8,11.9,11.9,11.9,15.9,11.9,11.9,11.8,11.8,11.9,11.9,11.8,11.8,11.9,15.8,12,11.9,12,11.8,11.9,11.9,11.9,11.8,11.8,15.9,11.9,11.8,11.9,11.9,11.9,11.8,12.1,12
0.000055,7.95,11.9,11.9,11.9,12,11.8,11.9,11.8,12,11.8,11.9,15.8,11.8,11.8,11.8,11.8,11.9,11.9,11.9,11.9,12,15.8,11.9,11.8,11.8,11.9,11.8,11.9,11.7,11.8,11.9,15.8,11.8,11.9,11.9,11.9,11.8,11.9,11.9,12,11.9,15.9,11.9,11.9,11.9,11.8,11.9,11.9,11.8,11.8,11.8,15.8,12,11.9,11.8,11.8,11.8,12,11.9,11.9,11.9,15.8,11.8,11.9,11.9,12,11.8,11.8,11.9,11.9,11.9,15.8,11.9,11.9,11.8,11.9,11.9,11.8,11.9,11.8,11.9,15.9,12,11.8,12,11.8,11.9,11.9,11.9,11.7,11.8,15.9,11.9,11.9,11.9,11.9,12,11.9,12.1,12
0.0000552,7.95,11.8,11.8,11.9,12,11.9,11.9,11.8,12,11.9,11.9,15.8,11.9,11.9,11.9,11.7,11.9,12,11.9,12,12,15.9,12,11.8,11.9,11.9,11.8,11.9,11.8,11.8,11.9,15.8,11.8,12,11.9,12,11.8,11.9,11.9,12,11.9,15.8,12,11.9,11.9,11.9,11.8,11.9,11.8,11.9,11.8,15.8,11.9,11.9,11.8,11.8,11.9,11.9,11.8,11.9,11.9,15.8,11.8,11.9,11.9,11.9,11.8,11.8,11.9,11.8,11.9,15.8,11.9,11.9,11.8,11.9,11.9,11.8,12,11.9,11.9,15.8,12,11.8,11.9,11.9,11.9,11.9,11.9,11.7,11.8,15.8,11.9,11.9,11.9,11.9,11.9,11.9,12.1,12.1
0.0000554,7.95,11.9,11.8,12,12,11.8,11.9,11.8,11.9,11.9,11.9,15.8,11.9,11.8,11.9,11.8,11.9,12,11.9,11.9,12,15.8,11.9,11.8,11.9,11.9,11.7,11.9,11.8,11.9,11.9,15.8,11.8,11.9,11.8,12,11.8,11.8,11.9,11.9,11.9,15.9,12,11.9,11.9,11.9,11.9,11.9,11.7,11.9,11.9,15.8,11.8,11.9,11.8,12,11.9,11.9,11.8,11.9,11.8,15.9,11.8,11.8,11.9,11.9,11.9,11.7,11.9,11.9,11.9,15.9,11.9,11.9,11.9,11.9,11.9,11.9,12,11.9,11.8,15.9,12,11.7,11.9,11.9,12,11.9,11.9,11.7,11.8,15.8,11.9,12,11.9,11.8,11.9,11.9,12.1,12
0.0000556,8,11.8,11.8,11.9,11.9,11.8,11.9,11.8,12,11.9,11.9,15.8,11.9,11.8,11.8,11.8,11.8,12,11.9,11.9,12,15.8,11.9,11.7,12,11.9,11.8,11.9,11.8,11.9,11.8,15.8,11.8,11.8,11.8,12,11.8,11.8,11.9,11.9,11.9,15.8,12,11.9,11.8,11.8,11.9,11.9,11.8,11.8,11.8,15.9,11.9,11.8,11.8,11.9,12,12,11.9,11.8,11.7,15.9,11.8,11.8,11.9,12,11.9,11.8,11.9,11.9,11.9,15.8,11.9,12,11.9,11.9,11.8,11.9,12,12,11.8,15.9,11.9,11.8,11.9,11.8,11.9,11.9,11.9,11.7,11.8,15.8,11.8,12,11.9,11.9,11.9,11.9,12.1,12.2
0.0000558,7.95,11.9,11.7,11.9,12,11.9,11.8,11.7,11.9,11.9,11.9,15.8,11.9,11.8,11.8,11.9,11.8,12,11.8,11.9,11.9,15.9,11.9,11.8,12,11.9,11.8,11.9,11.8,11.9,11.8,15.9,11.8,11.8,11.8,11.9,11.8,11.9,11.9,11.9,11.9,15.8,12,11.9,11.9,11.8,11.9,11.9,11.7,11.9,11.7,15.9,11.9,11.9,11.8,12,11.9,12,11.8,11.8,11.8,15.9,11.8,11.8,11.9,12,11.9,11.7,11.8,12,11.9,15.8,11.9,11.9,12,11.9,11.9,11.9,12,11.9,11.8,15.8,11.9,11.9,11.8,11.9,12,11.9,11.9,11.8,11.8,15.9,11.9,11.9,11.9,11.9,12,11.9,12.1,12.1
0.000056,8,11.8,11.7,11.9,12,11.9,11.8,11.7,11.9,11.9,11.9,15.8,11.9,11.8,11.8,12,11.9,12,11.9,11.8,11.8,15.8,11.9,11.8,12,11.9,11.8,11.9,11.8,11.9,11.9,15.8,11.8,11.9,11.8,11.9,11.8,11.8,11.9,11.9,11.9,15.8,11.9,11.9,11.9,11.8,11.9,11.9,11.8,11.9,11.8,15.8,11.9,11.9,11.8,11.9,12,12,11.8,11.8,11.9,15.8,11.8,11.8,11.9,12,11.8,11.8,11.9,11.9,11.9,15.9,11.8,11.9,12,11.9,11.9,11.9,12,11.9,11.8,15.9,11.9,11.8,11.8,11.9,11.9,11.9,11.8,11.9,11.9,15.8,11.8,11.9,11.9,11.9,11.9,11.9,12.1,12.2
0.0000562,7.95,11.9,11.7,11.9,12,11.9,11.9,11.8,11.9,11.9,11.9,15.8,11.9,11.7,11.9,12,11.9,12,11.9,11.8,11.7,15.8,11.8,11.8,12,11.9,11.9,11.8,11.9,12,11.9,15.9,11.8,11.9,11.8,11.8,11.8,11.9,11.9,11.8,11.9,15.8,11.9,11.9,11.9,11.8,11.9,11.9,11.8,11.8,11.8,15.8,11.9,11.8,11.8,12,12,12,11.8,11.8,11.9,15.8,11.9,11.9,11.8,12,11.8,11.8,11.9,11.9,12,15.9,11.9,11.9,12,11.9,11.9,12,11.9,12,11.8,15.8,11.9,11.8,11.8,11.9,11.8,12,11.9,12,11.9,15.9,11.8,11.9,11.9,11.9,11.9,11.9,12.1,12.1
0.0000564,7.95,11.8,11.8,11.9,12,11.8,11.9,11.9,12,11.9,11.9,15.8,11.9,11.9,11.8,11.9,11.9,11.9,11.9,11.8,11.6,15.9,11.7,11.8,11.9,11.9,12,11.8,11.9,11.9,12,15.8,11.8,11.8,11.8,11.8,11.8,11.9,11.9,11.8,11.9,15.8,11.9,11.9,11.9,11.8,11.9,11.9,11.9,11.8,11.8,15.8,12,11.8,11.8,11.9,12,12,11.8,11.8,12,15.8,11.9,11.9,11.9,12,11.8,11.9,11.9,11.9,12,15.9,11.9,11.9,12,11.9,11.9,12,11.9,12,11.8,15.8,11.9,12,11.8,11.9,11.8,12,11.9,12,11.8,15.9,11.8,11.8,11.9,11.9,11.9,11.9,12.1,12.2
0.0000566,7.95,11.8,11.8,11.9,11.9,11.9,11.9,11.8,11.9,11.9,11.9,15.8,11.9,11.8,11.8,11.9,11.9,11.9,11.8,11.8,11.6,15.8,11.8,11.8,11.8,11.9,12,11.9,11.9,11.9,12,15.8,11.8,11.8,11.9,11.8,11.8,11.9,11.9,11.8,11.9,15.9,11.9,11.9,11.9,11.8,11.9,11.9,11.9,11.8,11.8,15.9,12,11.8,11.8,11.9,11.9,12,11.8,11.9,12,15.9,11.9,12,11.9,12,11.8,11.9,11.9,11.8,12,15.8,11.9,11.9,11.9,11.9,11.9,11.9,11.8,12,11.9,15.8,11.9,11.9,11.8,11.9,11.8,11.9,11.9,12,11.9,15.9,11.8,11.8,11.9,11.9,11.9,11.9,12.1,12.1
0.0000568,7.95,11.7,11.9,11.9,11.9,11.8,11.9,11.9,11.9,11.8,11.9,15.9,12,11.9,11.8,11.8,11.9,11.9,11.9,11.8,11.7,15.8,11.7,11.8,11.8,11.9,12,11.8,11.8,11.8,12,15.8,11.8,11.9,11.9,11.8,11.8,11.9,11.8,11.9,11.9,15.8,11.9,11.9,11.9,11.9,11.8,11.9,12,11.8,11.9,15.9,12,11.9,11.8,11.8,11.9,11.9,11.8,11.8,12,15.8,11.9,12,11.9,12,11.9,12,11.9,11.9,12,15.8,11.9,11.8,11.9,11.9,11.8,11.9,11.8,12,11.9,15.8,12,11.9,11.9,11.8,11.8,12,11.9,12,11.9,15.9,11.8,11.8,11.9,11.9,11.8,11.8,12.1,12.1
0.000057,8,11.8,11.9,11.9,11.8,11.8,11.9,12,11.9,11.8,11.9,15.9,12,11.9,11.9,11.8,11.9,11.8,11.9,11.8,11.7,15.8,11.7,11.8,11.9,11.9,11.9,11.9,11.9,11.8,12,15.9,11.8,11.9,11.9,11.8,11.9,11.8,11.9,11.9,11.9,15.8,12,11.9,11.9,11.8,11.8,11.9,12,11.8,11.8,15.9,12.1,11.9,11.8,11.9,12,11.9,11.9,11.8,12,15.8,11.9,11.9,11.9,12,11.8,12,11.9,11.9,12,15.9,12,11.8,11.9,11.9,11.8,11.8,11.8,12,11.9,15.8,11.9,11.9,11.9,11.8,11.9,11.9,11.9,11.9,11.8,15.8,11.8,11.8,11.9,11.9,11.8,11.8,12,12
0.0000572,7.95,11.8,11.9,11.9,11.7,11.8,11.9,12,11.9,11.9,11.9,15.8,11.9,11.9,11.9,11.8,11.9,11.8,11.9,11.8,11.8,15.8,11.7,11.8,11.9,11.9,11.9,11.8,11.9,11.8,12,15.9,11.8,11.9,11.9,11.9,11.9,11.8,11.9,11.9,11.9,15.9,11.9,11.9,11.9,11.8,11.7,11.9,12,11.9,11.7,15.9,12,11.9,11.8,11.8,11.9,11.9,11.9,11.8,12,15.9,11.9,11.9,11.9,12,11.9,12,11.9,11.9,11.9,15.8,12,11.9,11.9,11.9,11.9,11.8,11.8,12,11.9,15.9,11.9,11.9,11.8,11.8,11.9,11.9,12,11.9,11.9,15.8,11.9,11.7,11.9,11.9,11.9,11.8,12,12
0.0000574,7.95,11.8,11.9,11.9,11.7,11.8,11.9,12,11.9,11.9,11.9,15.8,12,11.9,12,11.8,12,11.8,11.9,11.8,11.9,15.8,11.8,11.8,11.8,11.9,11.8,11.8,11.8,11.8,11.9,15.8,11.7,11.9,12,11.9,11.9,11.8,11.9,11.9,11.9,15.9,11.9,11.9,11.9,11.8,11.7,11.9,12,11.8,11.7,15.8,12,11.8,11.7,11.9,11.9,12,11.9,11.8,12,15.8,11.9,11.9,11.9,11.9,11.9,11.9,11.9,11.9,11.9,15.9,12,11.8,11.8,11.9,11.9,11.8,11.9,11.9,11.8,15.8,12,11.8,11.9,11.8,11.9,11.9,12,11.8,11.9,15.9,11.9,11.8,11.9,11.9,11.9,11.8,12,12
0.0000576,7.95,11.9,11.9,11.9,11.7,11.8,11.9,12,11.9,11.9,11.9,15.8,11.9,11.9,12,11.8,11.9,11.8,11.9,11.8,12,15.8,11.8,11.9,11.9,11.9,11.8,11.9,11.8,11.8,11.9,15.8,11.8,11.9,11.9,11.9,11.9,11.7,11.9,11.9,11.9,15.8,11.9,12,11.9,11.9,11.7,11.9,11.9,11.9,11.8,15.9,12,11.9,11.8,11.9,11.9,12,11.9,11.8,11.9,15.8,11.9,11.8,11.9,11.9,11.9,11.9,11.9,11.9,11.8,15.8,11.9,11.9,11.9,11.8,11.9,11.8,11.9,11.9,11.9,15.9,11.9,11.8,11.9,11.8,12,11.9,12,11.7,11.9,15.9,11.9,11.8,12,11.9,11.9,11.8,12,12
0.0000578,8,11.9,11.9,11.9,11.8,11.8,11.8,11.9,12,11.9,11.9,15.9,12,11.8,11.9,11.9,11.9,11.9,11.9,11.9,12,15.8,11.9,11.9,11.9,11.9,11.8,11.9,11.8,11.9,11.9,15.9,11.7,12,11.9,12,11.8,11.8,11.9,11.9,11.9,15.8,11.9,12,11.9,11.8,11.8,11.9,11.9,11.8,11.8,15.9,11.9,11.8,11.8,12,11.9,12,11.9,11.7,11.9,15.8,11.9,11.9,11.9,11.9,12,11.8,11.9,11.9,11.8,15.8,11.9,11.9,11.9,11.9,11.9,11.8,12,11.8,11.9,15.9,12,11.8,11.9,11.8,12,11.9,11.9,11.7,11.9,15.8,11.8,11.8,11.9,11.9,12,11.8,12,12.1
0.000058,7.95,11.9,11.8,11.9,11.9,11.8,11.8,11.8,11.9,11.9,11.9,15.8,11.9,11.9,11.9,11.9,11.9,11.9,11.9,11.8,12,15.9,11.9,11.8,12,11.9,11.8,11.8,11.8,11.9,11.8,15.8,11.7,12,11.9,12,11.8,11.9,11.9,12,11.9,15.9,11.9,12,11.9,11.9,11.8,11.9,11.8,11.8,11.8,15.9,11.9,11.8,11.8,12,11.9,12,11.8,11.8,11.9,15.9,11.9,11.8,11.9,11.9,11.9,11.8,12,11.9,11.7,15.8,11.8,12,12,11.9,11.9,11.9,12,11.8,11.9,15.8,11.9,11.8,11.9,11.9,12,11.9,11.9,11.6,11.9,15.8,11.8,11.8,11.9,12,12,11.9,12.1,12
0.0000582,8,12,11.9,11.9,12,11.8,11.9,11.8,11.9,11.9,11.8,15.8,11.9,11.9,11.9,11.8,11.8,11.8,11.9,11.8,12,15.8,12,11.9,12,11.9,11.9,11.9,11.8,12,11.9,15.8,11.8,12,11.9,12,11.8,11.9,11.9,12,11.9,15.9,11.9,12,11.9,11.9,11.9,11.9,11.7,11.8,11.8,15.8,11.8,11.8,11.8,12,11.9,12,11.8,11.7,11.8,15.8,11.8,11.9,11.9,12,11.8,11.8,12,11.9,11.8,15.8,11.8,12,12,11.9,11.8,11.9,12,11.9,11.8,15.8,12,11.8,11.9,11.9,11.9,11.9,11.8,11.7,11.9,15.8,11.9,11.8,11.9,12,11.9,12,12.1,12
0.0000584,8,11.9,11.8,11.9,12,11.9,11.8,11.8,11.9,11.9,11.8,15.9,11.9,11.8,11.9,11.9,11.8,11.9,11.9,11.8,11.9,15.9,12,11.9,11.9,11.9,11.9,11.9,11.9,12,11.9,15.8,11.8,11.9,11.9,11.9,11.9,12,11.9,11.9,11.9,15.9,11.9,12,11.9,11.8,12,11.9,11.8,11.8,11.8,15.8,11.8,11.9,11.8,12,11.9,12,11.8,11.9,11.9,15.8,11.9,11.9,11.9,11.9,11.8,11.8,12,11.9,11.8,15.8,11.8,12,12,11.9,11.8,12,12,11.9,11.8,15.9,11.9,11.9,11.8,11.9,12,11.8,11.8,11.8,11.9,15.8,11.9,11.8,11.9,12,12,11.9,12.1,12.1
0.0000586,8,11.9,11.8,12,12,11.9,11.9,11.8,11.9,12,11.8,15.9,11.9,11.8,11.8,11.9,11.9,11.8,11.9,11.8,12,15.9,12,12,11.9,11.9,12,11.8,11.8,11.9,11.8,15.8,11.8,11.9,11.9,11.9,11.8,12,11.9,11.9,11.9,15.8,11.9,12,11.9,11.8,12,11.9,11.8,11.8,11.8,15.9,11.8,11.8,11.8,12,11.9,11.9,11.8,11.9,11.8,15.9,11.9,11.9,11.9,12,11.8,11.8,12,11.8,11.8,15.8,11.7,12,12,11.9,11.8,12,12,11.9,11.9,15.8,12,11.9,11.8,11.9,12,11.9,11.8,11.9,11.9,15.9,11.8,11.9,11.9,12,11.9,11.9,12.1,12.1
0.0000588,8,11.9,11.8,12,12,11.8,11.8,11.9,11.9,12,11.9,15.9,11.9,11.9,11.8,11.8,11.9,11.9,11.8,11.8,11.9,15.8,11.9,12,11.8,11.9,12,11.9,11.9,11.9,11.9,15.9,11.8,11.9,11.8,11.8,11.9,12,11.9,11.9,11.8,15.8,11.9,11.9,11.9,11.8,11.9,11.9,11.9,11.8,11.8,15.8,11.8,11.9,11.8,12,11.9,11.8,11.9,11.9,11.8,15.9,11.8,11.9,11.8,11.9,11.8,11.9,12,11.9,11.9,15.8,11.8,11.9,12,11.9,11.8,12,11.9,11.9,11.9,15.9,12,11.9,11.8,11.9,11.9,11.9,11.8,11.9,11.9,15.9,11.9,11.8,11.9,12,11.9,11.9,12.1,12
0.000059,7.95,11.8,11.9,11.9,11.9,11.8,11.8,11.9,11.9,11.9,11.9,15.8,11.8,11.9,11.8,11.8,11.9,11.9,11.9,11.8,11.9,15.8,11.9,11.9,12,12,12,11.9,11.9,11.9,11.9,15.9,11.8,11.9,11.9,11.8,11.8,12,11.9,11.9,11.8,15.8,11.8,11.9,11.9,11.8,11.9,11.9,11.9,11.9,11.8,15.8,11.8,11.8,11.8,11.9,11.9,11.8,11.9,11.9,11.8,15.8,11.9,11.9,11.9,11.9,11.9,11.9,11.9,11.8,11.9,15.8,11.8,12,11.9,11.9,11.9,12,11.9,12,11.9,15.9,11.9,12,11.8,12,11.9,11.9,11.8,11.8,11.9,15.8,11.9,11.7,11.9,12,11.9,11.9,12,12
0.0000592,8,11.8,11.8,11.9,11.9,11.9,11.9,12,11.9,11.9,11.8,15.8,11.9,11.9,11.7,11.7,11.9,11.9,11.9,11.8,11.9,15.8,11.9,11.9,11.9,11.9,12,11.8,11.9,11.8,12,15.8,11.8,11.8,11.9,11.7,11.9,11.9,11.9,11.8,11.9,15.8,11.9,11.8,11.9,11.8,11.8,11.9,11.9,11.8,11.8,15.8,11.9,11.8,11.8,12,12,11.7,11.9,11.8,11.9,15.9,11.9,11.9,11.9,11.9,11.9,11.9,11.9,11.9,11.9,15.8,11.8,12,11.9,11.8,11.9,11.9,11.9,12,11.9,15.9,12,11.9,11.8,11.9,11.9,12,11.9,11.9,11.9,15.8,11.9,11.8,11.9,12,11.8,11.8,12,12
0.0000594,8.04,11.7,11.8,11.9,11.9,11.8,11.9,12,11.9,11.9,11.9,15.8,11.9,11.9,11.8,11.7,11.9,11.9,11.9,11.8,11.9,15.8,11.9,11.9,11.8,11.9,11.9,11.8,11.8,11.8,11.9,15.8,11.8,11.8,11.9,11.8,11.9,11.8,11.9,11.8,11.9,15.9,11.9,11.8,11.9,11.8,11.8,11.9,11.9,11.8,11.8,15.9,11.9,11.9,11.8,11.9,11.9,11.8,11.9,11.9,11.9,15.8,11.9,11.9,11.9,11.9,11.9,11.9,11.8,11.8,11.9,15.8,11.9,12,11.8,11.8,11.9,11.9,11.9,12,11.9,15.9,12,11.9,11.8,11.9,11.8,12,11.9,11.9,11.9,15.9,11.9,11.8,11.9,11.9,11.8,11.9,12,12
0.0000596,7.95,11.7,11.8,11.8,11.9,11.9,11.9,12,11.9,11.8,11.9,15.9,12,11.9,11.8,11.8,11.9,11.9,11.9,11.8,11.9,15.8,11.9,11.8,11.8,11.9,11.9,11.8,11.9,11.8,11.9,15.8,11.8,11.8,11.9,11.8,11.9,11.7,11.9,11.9,12,15.8,11.9,11.8,11.9,11.8,11.8,11.9,11.9,11.9,11.7,15.8,12,11.9,11.7,11.9,11.9,11.8,11.8,11.9,11.9,15.9,11.9,12,11.9,11.9,11.9,11.9,11.6,11.9,11.9,15.8,11.9,11.9,11.8,11.8,11.9,11.9,11.9,12,11.9,15.8,11.9,11.9,11.9,11.9,11.8,12,11.9,11.8,11.9,15.9,11.9,11.9,11.9,11.9,11.8,11.9,12,12
0.0000598,7.95,11.8,11.8,11.9,12,11.9,11.8,12,12,11.9,11.9,15.9,12,11.9,11.8,11.8,11.9,11.9,11.9,11.8,11.9,15.8,11.9,11.8,11.8,11.9,11.8,11.8,11.8,11.8,11.9,15.8,11.8,11.8,12,11.8,11.9,11.8,11.9,11.9,12,15.9,12,11.8,11.9,11.8,11.8,12,11.9,11.8,11.7,15.8,12,11.8,11.8,11.9,11.9,11.8,11.9,11.9,11.9,15.9,11.9,12,11.9,11.9,11.9,11.9,11.7,11.9,12,15.8,11.9,11.9,11.8,11.9,11.9,12,12,12,11.9,15.8,11.9,11.9,12,11.8,11.9,12,11.9,11.8,12,15.8,11.8,11.9,11.9,11.8,11.9,11.9,11.9,12
0.00006,8.04,11.8,11.8,11.8,11.9,11.8,11.8,11.9,11.9,12,11.9,15.8,12,11.9,11.8,11.8,11.9,11.9,11.8,11.8,11.9,15.9,11.9,11.9,11.8,12,11.9,11.9,11.8,11.9,11.9,15.8,11.9,11.9,11.9,11.8,11.9,11.8,11.9,11.9,12,15.8,11.9,11.9,11.9,11.8,11.8,12,11.9,11.9,11.7,15.8,12,11.8,11.8,11.9,11.9,11.9,11.8,11.9,11.9,15.8,11.9,12,11.9,12,11.8,11.9,11.7,11.9,12,15.8,11.9,11.9,11.8,11.9,11.9,11.9,12,12,11.9,15.8,11.9,11.9,12,11.7,11.9,12,12,11.8,12,15.9,11.9,11.9,11.9,11.8,11.9,11.9,11.9,12
0.0000602,7.95,11.8,11.8,11.9,11.9,11.8,11.7,11.9,12,12,11.9,15.9,12,12,11.9,11.8,11.9,12,11.9,11.8,11.9,15.8,11.9,11.8,11.8,12,11.9,11.9,11.8,11.8,11.9,15.8,11.9,11.9,11.9,11.8,11.9,11.8,11.9,11.9,12,15.8,12,11.9,11.8,11.8,11.8,11.9,11.9,11.9,11.8,15.8,12,11.9,11.8,11.9,11.9,11.9,11.8,12,11.9,15.8,11.9,12,11.9,12,11.9,11.8,11.8,11.9,12.1,15.8,11.9,11.8,11.9,11.9,11.9,12,12,11.9,11.9,15.9,11.9,11.9,12,11.8,11.9,12,11.9,11.8,12,15.8,11.9,12,11.9,11.8,11.9,11.9,12,12
0.0000604,8,11.8,11.8,11.8,11.9,11.8,11.7,11.9,11.9,12,11.8,15.9,12,12,11.8,11.8,11.9,11.9,11.9,11.8,11.9,15.8,11.9,11.9,11.9,12,11.9,11.9,11.8,11.9,11.9,15.8,11.9,11.9,11.9,11.9,11.9,11.9,11.9,11.9,12,15.9,11.9,11.9,11.9,11.8,11.9,12,11.9,11.9,11.8,15.8,11.9,11.9,11.8,11.9,11.9,12,11.8,11.9,11.9,15.9,11.9,12,11.9,11.9,11.9,11.7,11.8,11.9,12.1,15.8,11.9,11.9,11.9,11.9,11.9,11.9,12,11.9,12,15.9,11.9,11.9,12,11.8,11.9,12,12,11.9,11.9,15.8,11.8,12,11.8,11.9,12,11.9,12,12
0.0000606,8,11.8,11.9,11.9,11.9,11.8,11.8,11.8,11.9,12,11.9,15.8,12,11.9,11.8,11.8,11.8,11.9,11.9,11.8,11.9,15.9,11.9,11.9,11.9,12,12,11.9,11.8,11.9,11.9,15.8,11.9,11.9,11.9,11.8,11.9,12,11.9,11.9,12,15.9,11.8,11.9,11.9,11.8,11.9,11.9,11.9,11.9,11.8,15.9,11.8,11.8,11.8,11.9,11.9,11.8,11.9,11.9,11.8,15.9,11.8,11.9,11.9,11.9,11.8,11.9,11.9,11.8,12,15.9,11.8,11.9,11.9,11.9,11.9,11.9,11.9,11.9,12,15.8,11.9,11.9,11.8,12,11.9,11.9,11.8,11.8,12,15.8,11.9,11.9,11.9,11.9,11.9,11.9,12,12
0.0000608,8,11.8,11.8,11.9,12,11.9,11.9,11.8,11.9,12,11.8,15.8,12,11.9,11.7,11.7,11.8,11.9,11.9,11.8,11.9,15.8,11.9,11.9,12,11.9,12,11.8,11.8,11.8,12,15.9,11.9,11.8,11.9,11.7,11.9,11.9,11.9,11.8,12,15.8,11.9,11.8,11.9,11.8,11.8,11.9,11.9,11.8,11.8,15.9,11.9,11.8,11.8,11.9,12,11.7,11.9,11.9,11.9,15.8,11.8,11.9,11.9,11.9,11.9,11.9,11.9,11.9,12,15.8,11.8,11.9,11.9,11.8,11.9,11.9,11.9,11.9,12,15.9,12,11.9,11.8,11.9,11.9,11.9,11.9,11.9,12,15.8,11.9,11.9,11.9,12,11.8,11.9,12,12
0.000061,7.95,11.7,11.8,11.9,11.9,11.8,11.9,11.8,11.9,11.9,11.9,15.8,11.9,11.9,11.8,11.7,11.9,11.9,11.9,11.8,11.9,15.9,11.9,11.9,12,11.9,11.9,11.8,11.8,11.8,11.9,15.8,11.8,11.8,11.9,11.8,11.8,11.8,11.9,11.8,11.8,15.8,11.9,11.8,11.9,11.8,11.8,11.9,12,11.8,11.8,15.8,11.9,11.9,11.8,11.9,11.9,11.8,11.9,11.9,11.9,15.8,11.8,11.9,11.9,11.9,11.9,11.9,11.8,11.8,11.9,15.8,11.9,11.9,11.8,11.8,11.9,12,11.9,11.9,11.9,15.8,12,11.9,11.8,11.9,11.8,11.9,11.9,11.9,11.9,15.8,11.9,11.8,11.9,12,11.8,11.9,12,12
0.0000612,8.04,11.7,11.8,11.8,12,11.9,11.9,11.8,11.9,11.9,11.9,15.8,11.9,11.9,11.8,11.8,11.9,11.9,11.9,11.8,11.9,15.8,11.9,11.8,12,11.9,11.9,11.8,11.8,11.8,11.9,15.9,11.8,11.8,11.9,11.8,11.9,11.7,11.9,11.9,11.8,15.8,11.9,11.8,11.9,11.8,11.8,11.9,11.9,11.9,11.7,15.9,12,11.9,11.7,11.9,11.9,11.8,11.8,11.9,11.9,15.9,11.7,12,11.9,11.9,11.9,11.9,11.6,11.9,11.9,15.8,11.9,12,11.8,11.8,11.9,12,11.9,12,11.9,15.9,11.9,11.9,11.9,11.9,11.8,12,11.9,11.8,12,15.8,11.9,11.7,11.9,12,11.8,11.9,12,12
0.0000614,7.95,11.8,11.8,11.9,12,11.9,11.8,11.8,12,11.8,11.9,15.9,11.9,11.9,11.8,11.8,12,11.9,11.9,11.8,11.9,15.8,11.9,11.8,12,11.9,11.8,11.8,11.8,11.8,11.9,15.8,11.8,11.8,12,11.8,11.8,11.8,11.9,11.9,11.8,15.8,12,11.8,12,11.8,11.8,12,11.9,11.8,11.7,15.8,12,11.8,11.8,11.9,11.9,11.8,11.9,11.9,11.9,15.8,11.7,12,11.9,11.9,12,11.9,11.7,11.9,11.8,15.8,11.9,12,11.8,11.9,11.9,11.9,12,12,11.8,15.9,11.9,11.9,12,11.8,11.9,11.9,11.9,11.8,11.9,15.8,11.8,11.7,11.9,12,11.9,11.8,11.9,12
0.0000616,8,11.8,11.8,11.8,12,11.8,11.8,11.8,11.9,11.8,11.9,15.8,11.8,11.9,11.8,11.8,12,11.9,11.8,11.8,11.9,15.8,11.9,11.9,12,12,11.9,11.9,11.9,11.9,11.9,15.8,11.8,11.9,11.9,11.8,11.9,11.8,11.9,11.9,11.8,15.8,11.9,11.9,12,11.8,11.8,12,12,11.9,11.7,15.9,12,11.8,11.8,11.9,11.9,11.9,11.8,11.8,11.9,15.8,11.8,12,11.9,12,12,11.9,11.7,11.9,11.8,15.8,11.9,12,11.8,11.9,11.9,12,12,12,11.8,15.9,11.9,11.9,12,11.7,11.9,11.9,12,11.8,11.9,15.9,11.9,11.7,11.9,11.9,11.9,11.8,11.9,12
0.0000618,7.95,11.8,11.8,11.9,12,11.8,11.7,11.9,12,11.9,11.9,15.8,11.9,12,11.9,11.8,12,12,11.9,11.8,11.9,15.9,11.9,11.8,11.9,12,11.9,11.9,11.9,11.8,11.9,15.9,11.8,11.9,11.9,11.8,11.9,11.8,11.9,11.9,11.9,15.9,12,11.9,12,11.8,11.8,11.9,12,11.9,11.8,15.8,12,11.9,11.8,12,11.9,11.9,11.8,11.8,11.9,15.9,11.9,12,11.9,12,12,11.8,11.8,11.9,11.8,15.8,11.9,12,11.9,11.9,11.9,11.9,12,12,11.8,15.9,11.9,11.9,12,11.8,11.9,11.9,11.9,11.8,11.9,15.8,11.9,11.8,11.9,12,11.9,11.9,11.9,12
0.000062,8,11.8,11.8,11.8,12,11.8,11.7,11.8,11.9,11.9,11.8,15.8,11.9,12,11.8,11.8,12,11.9,11.9,11.8,11.9,15.8,11.9,11.9,11.9,12,11.9,11.9,11.9,11.9,11.9,15.8,11.8,11.9,11.9,11.9,11.9,11.9,11.9,11.9,11.9,15.8,11.9,11.9,11.9,11.8,11.9,12,12,11.9,11.8,15.8,11.9,11.9,11.8,12,11.9,12,11.8,11.9,11.9,15.9,11.9,12,11.9,11.9,11.9,11.7,11.8,11.9,11.9,15.8,11.9,11.9,11.9,11.9,11.9,11.9,12,12,11.8,15.8,11.9,11.9,12,11.8,11.9,11.9,12,11.9,11.9,15.8,11.8,11.8,11.8,11.9,12,11.9,12,12
0.0000622,8,11.8,11.7,11.9,11.9,11.8,11.9,11.9,11.9,11.9,11.9,15.8,11.9,11.8,11.8,11.8,12,11.9,11.9,11.9,11.8,15.9,11.9,11.9,11.9,11.9,11.9,11.8,11.9,11.9,11.9,15.8,11.8,11.8,12,12,11.9,11.9,12,11.9,11.9,15.8,11.9,12,11.9,11.9,11.8,11.9,12,12,11.8,15.8,11.9,11.9,11.8,11.9,11.9,11.9,11.9,11.9,12,15.9,11.9,11.9,12,12,11.9,11.8,12,12,11.8,15.8,11.9,11.9,12,11.8,11.8,11.9,11.9,12,11.8,15.8,12,11.9,11.8,11.9,11.8,11.9,11.9,12,11.9,15.8,11.9,11.9,11.9,12,11.9,12,12,12
0.0000624,8,11.9,11.7,11.9,11.9,11.8,11.9,11.9,11.9,12,11.9,15.8,12,11.8,11.9,11.9,12,11.9,11.9,11.9,11.9,15.8,11.9,11.9,11.8,12,11.9,11.8,11.9,11.9,11.9,15.8,11.8,11.8,11.9,11.9,11.9,11.8,12,12,11.9,15.8,11.9,11.9,11.9,12,11.8,11.9,12,11.9,11.8,15.8,11.9,11.8,11.8,11.9,11.9,11.9,11.9,11.9,12,15.8,12,11.8,11.9,12,11.9,11.8,11.9,12,11.8,15.8,11.9,12,11.9,11.8,11.9,11.9,11.9,12,11.9,15.8,11.8,11.9,11.8,11.9,11.9,11.9,11.9,12,11.8,15.8,11.9,11.9,11.9,12,12,12,12.1,12
0.0000626,7.95,11.9,11.6,11.9,11.9,11.8,11.9,11.9,11.9,12,11.9,15.9,12,11.9,11.9,11.9,11.9,12,11.9,11.8,12,15.8,11.9,11.9,11.8,11.9,11.8,11.8,11.9,11.9,11.9,15.8,11.8,11.9,11.9,11.9,11.9,11.9,12,11.9,11.9,15.9,11.9,12,11.9,12,11.9,11.9,11.9,11.9,11.9,15.9,11.9,11.9,11.8,11.9,11.9,11.9,11.9,11.9,12,15.8,12,11.8,11.8,12,11.8,11.7,12,11.9,11.7,15.9,11.9,11.9,11.9,11.8,11.9,12,11.9,11.9,11.9,15.8,11.8,11.9,11.8,11.9,11.9,11.9,11.9,12,11.8,15.9,11.9,12,11.9,12,11.9,12,12.1,12
0.0000628,8,11.9,11.7,11.9,11.9,11.9,11.9,11.9,11.9,12,11.9,15.8,11.9,11.9,11.9,11.8,11.9,12,11.8,11.9,12,15.8,11.9,11.9,11.8,11.9,11.9,11.9,11.9,11.9,11.9,15.8,11.9,11.9,11.9,11.8,11.9,11.9,12,12,11.9,15.9,11.9,12,11.9,11.9,11.9,11.9,11.9,11.9,11.8,15.9,11.9,11.9,11.8,11.9,11.9,11.9,11.9,11.9,12,15.8,12,11.8,11.8,12,11.8,11.6,11.9,12,11.8,15.8,11.9,11.9,11.9,11.8,11.9,11.9,11.9,11.9,11.9,15.8,11.8,11.9,11.8,12,11.9,11.9,11.9,11.9,11.8,15.8,11.9,12,11.9,12,11.9,12,12.1,12
0.000063,8,11.9,11.8,12,11.9,11.9,11.9,11.9,11.9,12,11.9,15.9,11.8,11.9,11.9,11.9,11.8,11.9,11.9,11.9,12,15.9,11.9,11.9,11.8,12,11.9,11.8,11.9,11.9,11.9,15.8,11.9,12,11.9,11.8,12,11.8,12,11.9,11.9,15.9,12,12,11.9,11.9,11.9,11.9,11.9,11.9,11.9,15.8,11.8,11.9,11.8,11.9,11.9,11.9,11.9,11.9,12,15.8,11.9,11.8,11.8,12,11.8,11.7,11.9,12,11.8,15.8,11.9,11.9,12,11.8,11.9,12,11.9,11.7,12,15.9,11.8,11.9,11.9,12,12,11.9,11.9,11.9,11.8,15.9,11.9,11.9,11.9,12,11.9,12,12.1,12
0.0000632,8,11.9,11.9,12,11.9,11.9,11.8,11.9,12,12,11.9,15.9,11.8,12,11.9,11.9,11.8,11.9,11.9,11.9,12,15.8,11.9,11.8,11.8,11.9,11.9,11.9,11.8,11.8,12,15.8,11.8,12,11.8,11.8,12,11.8,12,12,11.9,15.9,11.9,12,11.9,11.8,11.9,11.9,11.8,11.9,11.9,15.9,11.8,11.9,11.8,11.8,11.9,11.8,11.9,11.9,11.9,15.8,11.9,11.9,11.9,12,11.8,11.7,11.9,11.9,11.9,15.9,11.9,11.9,12,11.9,11.9,12,11.9,11.8,11.9,15.8,11.8,11.9,11.9,12,12,11.9,11.9,11.9,11.8,15.9,11.9,11.8,12,12,11.9,11.9,12,12
0.0000634,8,11.9,11.9,11.9,11.9,12,11.8,11.9,11.9,11.9,11.9,15.8,11.9,12,11.9,11.9,11.8,12,11.9,11.9,11.9,15.8,11.9,11.8,11.8,11.9,11.9,11.9,11.9,11.8,11.9,15.8,11.8,12,11.9,11.8,11.9,11.9,12,12,12,15.9,11.9,12,11.9,11.8,12,11.9,11.8,11.9,11.9,15.5,11.8,11.9,11.8,11.8,12,11.8,11.9,11.9,11.9,15.8,11.8,11.9,11.9,12,11.9,11.8,11.8,11.9,11.9,15.8,11.9,11.9,12,11.9,12,11.9,11.9,11.8,11.9,15.9,11.9,11.9,12,12,12,11.9,11.9,11.8,11.9,15.9,11.9,11.8,11.9,12,11.9,11.9,12,12
0.0000636,8,11.9,12,11.9,12,12,11.8,11.9,11.9,11.8,11.9,15.8,11.9,12,11.9,11.9,11.9,11.9,11.9,11.9,11.9,15.8,11.9,11.8,11.7,12,11.9,11.9,11.9,11.8,11.9,15.8,11.7,12,11.9,11.9,11.9,11.9,12,11.9,11.9,15.8,12,12,12,11.8,11.9,11.9,11.8,11.8,11.8,15.8,11.9,11.9,11.7,11.8,12,11.9,11.8,11.9,11.9,15.8,11.8,11.9,12,12,11.9,11.9,11.8,11.9,12,15.8,11.9,11.9,12,11.9,11.9,12,11.9,11.8,11.9,15.9,11.9,11.9,12,11.9,12,11.9,11.9,11.8,11.9,15.9,11.9,11.6,11.9,12,11.9,11.9,11.9,12
0.0000638,8.13,11.8,12,11.9,12,11.9,11.8,11.8,11.9,11.8,11.9,15.9,11.9,12,11.8,11.9,11.9,11.9,11.9,11.9,11.9,15.8,11.9,11.8,11.8,11.9,11.9,11.9,11.9,11.8,11.9,15.9,11.7,11.9,11.9,11.9,11.9,11.9,12,12,11.9,15.9,12,12,13.4,11.8,11.9,11.9,11.9,11.8,11.8,15.9,11.9,11.9,11.8,11.9,12,11.9,11.9,11.9,11.8,15.8,12,11.9,12,12,11.9,12,11.8,11.9,12,15.8,11.9,11.9,12,11.9,11.9,11.9,11.9,11.9,11.9,15.8,12,11.9,12,11.9,12,11.9,11.9,11.8,12,15.8,11.9,11.6,11.9,11.9,11.9,11.9,11.9,12
0.000064,8.17,11.9,12,11.9,12,11.9,11.9,11.9,11.9,11.8,11.9,15.9,12,12,11.8,11.8,12,12,11.9,11.8,12,15.8,11.9,11.7,11.9,11.9,11.9,11.9,11.9,11.8,11.9,15.8,11.7,11.9,12,11.9,11.9,11.9,11.9,11.9,11.9,15.8,12,12,15.5,11.8,12,11.9,11.9,11.8,11.8,15.8,12,11.9,11.9,11.9,11.9,11.9,11.8,11.9,11.8,15.8,13.2,12,12,12,11.9,12,11.9,11.9,12,15.8,11.9,11.9,12,11.9,11.8,12,11.9,11.9,11.8,15.8,12,11.9,11.9,11.9,12,11.9,11.9,11.8,12,15.8,11.9,11.7,11.9,11.9,11.9,11.9,11.8,12
0.0000642,8.17,11.8,11.9,11.9,12.1,11.9,11.8,11.9,11.9,11.9,11.9,15.9,12,12,11.8,11.7,12,11.9,11.9,11.8,12,15.9,11.9,11.8,11.9,12,11.9,11.9,11.9,11.8,11.9,15.9,11.7,11.8,12,12,11.9,11.9,11.9,12,11.9,15.8,12,12,15.9,11.9,11.9,11.9,11.9,11.8,11.8,15.8,12,11.8,11.9,11.9,11.9,12,11.9,11.9,11.8,15.8,15.8,12,12,12,11.9,12,11.9,11.9,12,15.9,11.9,11.9,11.9,11.9,11.8,12,11.9,12,11.9,16.1,12,12,11.9,11.9,12,11.9,11.9,11.8,12,15.9,11.8,11.8,11.9,11.9,11.9,11.9,11.9,12
0.0000644,8.22,11.8,11.8,11.9,12,11.8,11.8,11.9,11.9,11.9,11.9,15.8,11.9,11.9,11.8,11.8,12,12,12,11.8,12,15.8,11.9,11.8,11.9,11.9,11.9,11.9,11.8,11.9,11.9,15.8,11.8,11.9,12,12,11.9,11.9,11.9,11.9,11.9,15.9,12,12,15.9,11.9,11.9,11.9,11.9,11.8,11.8,15.8,12,11.9,11.9,11.9,11.9,12,11.9,11.9,11.9,15.8,15.9,12,12,12,11.9,11.9,11.9,11.9,12.1,15.9,11.9,12,11.9,11.9,11.7,12,11.9,12.2,11.8,15.8,12,11.9,11.9,11.8,12,11.9,11.9,11.7,12,15.9,11.9,11.8,11.9,11.9,11.9,12,11.9,12
0.0000646,8.22,11.8,11.8,11.9,12,11.8,11.8,13.9,11.8,11.9,11.9,15.8,11.9,11.9,11.9,11.8,12,11.9,11.9,11.8,12,15.8,11.9,11.8,11.9,12,11.9,11.9,11.8,12,11.9,15.8,11.9,11.9,12,12,11.9,11.8,11.9,11.9,11.9,15.8,11.9,11.9,15.9,11.9,11.9,11.9,11.9,11.9,11.8,15.8,12,11.9,11.9,11.9,11.9,12,11.9,11.9,12,15.8,15.9,12,11.9,12,11.8,11.9,11.9,12,12,15.8,11.8,11.9,11.8,11.9,11.7,12,12,14.4,11.8,15.9,11.9,11.9,11.9,11.8,11.9,12,11.9,11.7,11.9,15.8,11.9,11.8,11.8,11.9,11.9,11.9,11.9,12
0.0000648,8.22,11.9,11.7,11.9,12,11.9,11.8,15.8,11.9,12,11.9,15.9,11.9,11.9,11.9,11.8,12,12,12,11.8,12,15.9,11.8,11.8,11.9,11.9,11.9,11.8,11.9,12,12,15.7,11.9,11.8,12,12,11.9,11.8,11.9,12,12,15.8,11.9,12,15.9,11.9,11.9,11.9,11.9,11.9,11.8,15.8,12,11.9,12,11.9,11.8,12,11.8,11.8,12,15.8,15.9,11.9,11.9,12,11.8,11.9,12,12,12,15.8,11.9,12,11.7,11.9,11.7,12,12,15.9,11.9,15.8,11.9,11.9,11.8,11.8,11.9,12,11.9,11.7,11.9,15.8,11.9,11.8,11.9,13.9,11.9,12,11.9,12
0.000065,8.22,11.9,11.8,11.9,11.9,11.9,11.8,15.9,11.9,12,11.8,15.7,11.9,11.9,11.9,11.8,12,12,11.9,11.8,12,15.9,11.8,11.8,11.8,11.9,11.9,11.8,11.9,12,12,15.2,12,11.8,11.9,12,11.9,11.8,11.8,11.9,12,15.8,11.9,12,15.9,11.9,11.9,11.9,11.9,11.9,11.9,15.9,12,11.9,11.9,11.9,11.9,11.9,11.8,11.9,12,15.8,15.9,11.9,11.9,12,11.8,11.8,11.9,11.9,12,15.8,11.9,11.9,11.7,11.9,11.7,12,12,15.8,11.9,15.9,12,11.9,11.8,11.8,11.9,12,11.9,11.7,11.8,15.8,11.9,11.9,11.9,15.7,11.9,11.9,12,12
0.0000652,8.22,11.8,11.8,11.9,11.9,11.9,11.8,15.9,11.9,12.1,11.8,15.6,11.8,11.9,11.9,11.9,11.9,12,12,11.9,12,15.9,11.9,11.9,11.9,12,11.9,11.8,11.8,12,11.9,12.3,12,11.9,11.9,11.9,11.9,11.8,11.9,11.9,11.9,15.8,11.9,12,15.9,11.9,11.9,11.9,11.9,11.9,11.9,15.9,11.9,11.8,11.8,11.9,11.9,11.9,11.9,11.8,12,15.9,15.9,11.9,11.9,12,11.8,11.8,12,11.9,12,15.8,11.9,11.9,11.7,11.8,11.7,11.9,12,15.9,11.9,15.8,11.9,12,11.9,11.9,11.8,12,12,11.8,11.8,15.8,12,11.9,11.9,15.9,11.9,11.9,12,12
0.0000654,8.17,11.9,11.9,11.9,12,11.9,11.8,15.9,12,12,11.9,12.9,11.8,11.9,11.9,11.9,11.9,11.9,11.9,11.8,12,15.9,11.8,11.9,11.8,11.9,12,11.8,11.9,12,12,9.11,11.9,11.9,11.9,11.9,12,11.9,11.9,12,12,15.9,11.8,12,15.9,11.9,11.9,11.9,11.8,11.9,11.8,15.9,11.9,11.8,11.8,11.9,11.9,11.8,11.9,11.9,12,15.9,15.9,11.9,11.9,12,11.8,11.8,11.9,11.9,12,15.8,11.9,12,11.8,11.8,11.7,11.8,12,15.9,11.9,15.9,11.9,12,11.9,11.9,11.9,12,11.9,11.9,11.8,15.8,12,11.9,11.9,15.9,12,11.8,12,12
0.0000656,8.22,11.9,11.9,11.9,12,11.9,11.8,15.9,12,12,11.9,9.77,11.9,11.9,11.9,11.9,11.9,11.9,11.9,11.9,11.9,15.9,11.9,11.9,11.8,11.9,12,11.8,11.9,11.9,11.9,7.91,11.9,11.9,11.9,11.8,11.9,11.9,12,11.9,12,15.8,11.8,12,15.9,11.9,11.8,11.9,11.8,11.9,11.9,15.8,11.8,11.9,11.7,11.8,11.9,11.8,11.9,12,11.9,15.8,15.9,11.8,11.9,12,11.8,11.7,11.8,11.9,11.9,15.9,11.9,11.9,11.8,11.8,11.9,11.8,12,15.9,11.9,15.9,11.9,11.9,11.9,11.9,11.8,12,12,11.9,11.9,15.9,12,11.9,12,15.9,12,11.9,12,12
0.0000658,8.17,11.9,11.9,11.9,12,11.9,11.9,15.9,12,12,12,7.91,11.9,12,11.9,11.8,11.9,11.9,11.9,11.9,11.9,15.9,11.9,11.9,11.9,12,12,11.8,11.9,11.8,11.9,7.95,12,11.9,11.9,11.8,11.9,11.9,12,11.9,12,15.8,11.9,12,15.9,11.9,11.8,11.9,11.8,11.9,11.9,15.8,11.8,11.9,11.7,11.9,11.9,11.8,11.9,11.9,11.9,15.9,15.9,11.8,11.9,12,11.9,11.7,11.9,12,12,15.9,12,11.9,11.9,11.9,11.8,11.7,12,15.9,11.9,15.8,11.9,11.9,11.9,11.9,11.8,11.9,11.9,12,11.9,15.9,11.9,11.9,11.9,15.9,11.9,11.8,12,12
0.000066,8.22,11.9,11.9,12,12,12,11.9,15.9,12,12,11.9,7.95,11.9,12,11.9,11.8,11.9,11.9,11.9,11.9,11.9,15.8,11.9,11.9,11.9,11.9,12.1,11.8,11.9,11.9,11.9,8,12,11.9,11.9,11.8,11.9,11.9,11.9,12,11.9,15.8,11.9,12,15.9,11.8,11.8,11.9,11.9,11.9,11.9,15.9,11.8,11.9,11.6,11.9,12,11.9,11.9,11.9,11.9,15.8,15.9,11.9,11.9,12,11.9,11.8,11.9,12,12,15.8,12,11.9,12,11.9,11.8,11.8,11.9,15.9,11.9,15.8,11.9,12,11.9,11.9,11.9,12,12,12,11.9,15.9,11.9,11.9,11.9,15.9,11.9,11.8,12,11.9
0.0000662,8.22,11.9,11.9,11.9,12,11.9,11.9,15.9,12,11.9,11.9,7.95,11.9,12,11.9,11.8,11.9,12,11.8,11.9,11.9,15.8,12,11.9,11.9,11.9,12.1,11.9,11.9,11.8,11.8,7.95,11.9,11.9,11.9,11.8,11.9,11.9,11.9,12,11.9,15.8,11.9,12,15.9,11.8,11.7,11.9,11.9,11.8,11.9,15.9,11.9,11.8,11.7,11.8,12,11.9,12,11.9,11.8,15.8,15.9,11.9,12,12,11.9,11.8,11.9,12,12,15.8,12,12,12,11.9,11.9,11.8,11.9,15.9,11.9,15.9,12,11.9,11.9,12,11.9,11.9,11.9,12,12,15.8,11.9,11.9,11.9,15.9,11.9,11.9,11.9,12
0.0000664,8.17,11.8,11.9,11.9,12,11.9,11.8,15.9,11.9,11.9,11.8,8,11.9,11.9,11.9,11.9,11.8,12,11.9,11.9,11.9,15.8,12,11.9,12,11.9,12.1,11.9,11.9,11.9,11.8,7.95,11.9,11.9,11.9,11.8,11.9,11.8,12,12,11.9,15.8,11.9,12,15.9,11.8,11.8,11.9,12,11.8,11.8,15.8,12,11.9,11.7,11.8,12,11.9,11.9,11.9,11.8,15.8,15.9,12,11.9,12,11.9,11.8,11.9,12,11.9,15.9,12,11.9,12,11.9,11.9,11.9,11.9,15.9,11.8,15.8,12,11.8,11.9,11.9,12,11.8,11.9,12,12,15.9,11.8,11.8,11.9,15.9,11.9,12,12,12
0.0000666,8.22,11.9,11.9,11.9,12,11.9,11.8,15.9,12,11.9,11.9,8,11.9,11.9,11.9,11.8,11.9,11.9,11.8,11.9,11.9,15.9,11.9,11.9,12,11.9,12,11.9,12,11.9,11.8,8.04,11.9,11.9,11.9,11.9,11.9,11.7,12,12,11.9,15.8,11.9,12,15.9,11.8,11.8,11.9,12,11.9,11.9,15.8,12,11.9,11.6,11.9,12,12,11.9,11.8,11.9,15.8,15.9,12,11.9,12,11.8,11.8,11.9,12,12,15.8,11.9,12,12,11.9,11.8,11.9,11.9,15.9,11.8,15.8,12,11.8,11.9,11.9,12,11.8,11.8,12,12,15.8,11.8,11.9,11.9,15.9,11.8,11.9,12,12
0.0000668,8.26,11.9,11.9,11.9,11.9,11.9,11.9,15.9,11.9,11.9,11.9,7.95,11.9,11.9,11.9,11.8,12,12,11.9,11.8,11.9,15.8,11.8,11.8,12,11.9,12,11.8,11.9,11.9,11.9,7.95,11.9,11.9,11.8,11.9,11.9,11.7,11.9,12,11.9,15.9,11.9,11.9,15.9,11.8,11.8,11.9,12,11.8,11.9,15.8,12.1,11.9,11.7,11.9,12,12,11.9,11.9,11.8,15.8,15.9,12,11.9,11.9,11.9,11.8,11.9,12,12,15.8,11.8,12,12,11.9,11.9,11.9,11.9,15.9,11.9,15.8,12,11.8,11.9,11.8,12,11.8,11.9,11.9,12,15.9,11.8,11.9,11.9,15.9,11.9,12,12,12
0.000067,8.22,11.9,11.9,11.9,11.9,11.9,11.9,15.9,11.9,11.8,11.9,8,11.9,12,11.9,11.8,11.9,12,11.9,11.8,11.9,15.8,11.8,11.9,12,11.9,12,11.9,11.9,11.9,11.9,7.95,11.9,11.9,11.9,11.9,11.9,11.7,11.9,12,11.9,15.8,12,12,15.9,11.8,11.9,11.9,12,11.9,11.9,15.8,12.1,11.9,11.7,11.9,11.9,12,11.9,11.9,11.9,15.8,15.9,12,12,11.9,11.9,11.8,12,12,11.9,15.8,11.8,12,11.9,11.9,11.8,12,11.9,15.9,11.8,15.9,12,11.9,11.8,11.9,11.9,11.8,11.8,11.8,12,15.8,11.8,11.8,11.9,15.9,11.8,12,11.9,12
0.0000672,8.17,11.9,11.9,11.9,11.9,11.9,11.9,15.9,11.9,11.9,11.9,7.95,11.9,11.9,11.9,11.9,11.8,11.9,11.9,11.8,11.8,15.9,11.8,11.8,12,11.9,12,11.8,11.9,12,11.9,8,11.9,11.9,11.9,11.9,11.9,11.8,11.9,12,11.9,15.8,11.9,12,15.9,11.9,11.9,11.9,11.9,11.9,11.8,15.8,12,11.9,11.7,11.9,11.9,12,11.9,11.9,11.9,15.8,15.9,12,11.9,11.9,11.9,11.8,12,12,11.9,15.8,11.8,12,11.8,11.9,11.9,12,11.9,15.9,11.9,15.9,12,11.9,11.8,11.8,11.9,11.8,11.9,11.7,12,15.8,11.8,11.8,11.9,15.9,11.9,11.9,11.9,12
0.0000674,8.17,11.9,11.9,11.9,11.9,11.9,11.9,15.9,11.9,11.9,11.9,7.95,11.9,11.9,11.9,11.9,11.9,12,11.9,11.8,11.9,15.8,11.8,11.9,12,12,12,11.8,11.9,11.9,12,7.95,11.9,11.9,11.9,11.9,11.9,11.9,11.9,12,11.9,15.8,12,12,15.9,11.8,11.9,11.9,12,11.9,11.8,15.8,12,11.9,11.8,11.9,11.9,11.9,11.9,11.9,12,15.9,15.9,11.9,11.9,11.9,11.9,11.9,12,12,11.8,15.8,11.8,11.9,11.8,11.9,11.8,12,11.9,15.9,11.8,15.8,12,11.9,11.9,11.8,11.9,11.9,11.8,11.7,11.9,15.8,11.9,11.8,11.9,15.9,11.9,11.9,11.9,12
0.0000676,8.22,11.9,11.8,11.9,11.9,11.9,11.9,15.9,11.9,11.9,11.9,8,12,11.9,11.9,11.9,11.9,12,11.8,11.8,11.8,15.8,11.8,11.8,12,12,11.9,11.8,12,11.9,12,7.95,11.8,11.9,11.9,11.9,11.9,12,11.9,12,11.9,15.8,11.9,12,15.9,11.8,12,11.9,11.9,11.9,11.9,15.8,11.9,11.9,11.8,11.9,11.9,11.9,11.9,11.8,12,15.8,15.9,11.9,11.9,12,11.9,11.8,12,12,11.8,15.8,11.9,11.9,11.7,11.9,11.8,11.9,11.9,15.9,11.9,15.8,12,11.9,11.9,11.8,11.9,11.9,11.9,11.7,12,15.8,12,11.8,11.9,15.9,12,11.9,11.9,12
0.0000678,8.22,11.9,11.8,12,12,11.9,11.9,15.9,11.9,11.9,11.9,8,11.9,11.9,11.9,11.9,11.9,12,11.9,11.9,11.8,15.8,11.8,11.8,12,11.9,12,11.9,12,11.8,12,7.95,11.8,11.9,11.9,11.9,11.9,12,11.9,12.1,11.9,15.9,11.9,12,15.9,11.8,11.9,11.9,11.9,12,11.9,15.8,11.8,11.9,11.8,11.9,11.9,11.9,11.9,11.9,11.9,15.8,15.9,11.8,11.9,11.9,11.9,11.9,12,12,11.8,15.8,11.9,11.9,11.8,11.9,11.9,11.9,11.9,15.9,11.8,15.8,12,11.9,11.9,11.9,11.9,11.9,11.9,11.8,12,15.8,11.9,11.9,11.9,15.9,12,11.9,11.9,12
0.000068,8.22,11.9,11.8,11.9,12,11.8,11.9,15.9,11.9,12,11.9,8,12,11.9,11.8,12,11.9,12,11.9,11.9,11.8,15.9,11.9,11.9,11.9,11.9,12,11.9,12,11.9,12,7.95,11.7,11.9,11.9,11.9,11.9,12,11.9,12,11.9,15.8,11.9,11.9,15.9,11.8,11.9,12,11.9,11.9,11.9,15.9,11.7,11.9,11.8,11.9,11.9,11.9,11.8,11.8,12,15.8,15.9,11.8,11.9,11.9,11.9,11.9,12,12,11.8,15.8,11.9,11.9,11.8,11.8,11.8,11.9,11.9,15.9,11.8,15.8,12,12,11.9,11.9,11.9,11.9,11.9,11.8,12,15.8,12,11.9,11.8,15.9,12,11.9,11.9,12
0.0000682,8.17,11.9,11.9,11.9,12.1,11.9,11.9,15.9,11.9,12,11.9,8,11.9,12,11.9,12,11.9,12,11.9,11.9,11.8,15.8,11.9,11.9,11.9,12,12,11.9,12,11.9,12,7.95,11.7,11.9,11.9,11.9,11.9,11.9,11.9,12,12,15.8,11.9,11.8,15.9,11.9,11.9,11.9,12,11.9,11.8,15.8,11.8,11.9,11.9,12,11.9,11.9,11.9,11.9,11.9,15.8,15.9,11.8,11.9,11.9,11.9,11.9,11.9,12,11.9,15.8,12,12,11.9,11.9,11.8,11.9,11.9,15.9,11.9,15.9,12,12,11.9,12,11.9,11.9,12,11.9,12,15.9,12,11.8,11.9,15.9,12.1,11.9,12,12
0.0000684,8.22,11.9,11.9,12,12.1,11.9,11.8,15.9,11.9,11.9,11.9,7.95,12,11.9,11.9,11.9,11.9,12,11.9,12,11.8,15.9,11.9,11.9,12,11.9,12,11.9,11.9,11.9,11.9,8,11.7,11.9,12,11.9,11.9,11.9,11.9,12,11.9,15.8,11.9,11.8,15.9,11.9,11.8,11.9,12,11.9,11.9,15.8,11.8,11.8,11.8,11.9,12,12,11.9,12,11.9,15.9,15.9,11.8,11.9,11.9,12,11.9,11.8,12,12,15.8,12,12,11.9,11.8,11.9,11.9,11.9,15.9,11.9,15.9,12,12,11.9,12,11.9,11.9,12,11.9,11.9,15.9,11.9,11.8,11.9,15.9,12.1,11.9,11.9,12
0.0000686,8.26,11.9,11.8,12,12.5,11.9,11.8,15.9,11.9,12.1,11.9,7.91,12,11.9,11.9,11.9,11.9,12,11.9,11.9,11.8,15.9,11.9,11.9,11.9,11.9,12,11.9,11.8,11.9,11.9,7.95,12.4,12,11.9,11.9,12.7,11.8,11.9,12,11.9,15.8,11.9,11.8,15.9,11.9,11.8,11.9,12.8,11.9,11.9,15.9,11.9,11.9,11.8,12,12,12,11.9,12.4,11.9,15.8,15.9,11.9,11.9,12,13.3,11.8,11.8,11.9,12.8,15.9,12,13.2,12,11.9,11.9,13.3,11.9,15.9,11.9,15.8,12,12.8,11.9,12,11.9,13.3,11.9,11.9,12,15.8,11.9,11.9,11.9,15.9,12,12.4,12,11.9
0.0000688,8.22,11.9,11.8,12,14.6,11.9,11.8,15.9,11.9,14.2,11.9,7.95,12.1,11.9,11.9,11.9,12.1,12,11.9,11.9,11.8,15.8,11.9,11.8,13.2,11.9,12,11.9,12.7,11.9,11.9,7.91,14.8,12,11.9,12,14.9,11.8,11.9,12,12.8,15.8,11.9,13.2,15.9,11.9,11.8,11.9,15.1,11.8,11.8,15.9,12,11.9,11.8,13.3,12,12,11.8,14.4,11.9,15.9,15.9,11.9,11.9,12,15.5,11.8,11.8,11.9,15.1,15.8,12,15.5,12,11.9,12,15.5,12,15.9,12.8,15.9,12,15.1,11.9,12,11.9,15.5,11.9,11.9,12.1,15.8,11.9,13.2,11.8,15.9,12,13.3,12,12
0.000069,8.22,11.9,11.8,13.2,15.9,11.9,11.8,15.9,12.6,15.9,11.9,7.95,14.2,11.9,11.9,11.8,14.2,11.9,11.9,11.9,11.5,15.7,11.9,11.9,15.5,11.9,12,11.9,14.9,11.9,11.9,7.95,15.9,12,12,12.8,15.8,11.8,11.9,12,15.1,15.8,11.9,15.4,15.9,11.9,11.9,12.4,15.8,11.9,11.8,15.8,12,11.8,11.8,15.5,12,12,12,15.8,11.9,15.9,15.9,12,11.9,13,15.9,11.8,11.9,12.8,15.9,15.8,12.7,15.9,12,11.8,14,15.9,12,15.9,14.9,15.8,12.3,15.8,11.8,11.9,13.1,15.8,11.9,12,14.2,15.8,11.9,15.5,11.8,15.9,12.1,15.7,11.9,11.9
0.0000692,8.22,11.9,11.5,15.5,15.9,11.8,11.7,15.9,14.9,15.9,11.9,7.95,15.9,11.9,11.8,12.7,15.9,11.9,12,11.8,13.7,14.4,11.9,13.2,15.8,11.9,11.9,12.8,15.8,11.9,11.9,7.95,15.9,11.9,11.9,15,15.9,11.8,11.9,13.4,15.9,15.8,11.5,15.8,15.9,11.9,11.8,14.5,15.9,11.9,11.8,15.8,11.9,11.9,12.7,15.8,12,12,14,15.9,11.9,15.9,15.9,12,11.9,15.5,15.9,11.8,11.9,15.3,15.9,15.9,15,15.9,12.1,12,15.9,15.9,12,15.9,15.8,15.8,14.4,15.9,11.8,11.9,15.5,15.9,11.9,12.4,15.8,15.8,12.3,15.8,11.9,15.9,14.2,15.9,11.9,12
0.0000694,8.22,11.9,13.7,15.9,15.9,11.9,11.8,15.9,15.9,15.9,11.9,7.95,15.9,11.9,11.8,14.9,15.9,11.9,11.9,12.3,15.7,11.3,12,15.5,15.9,11.9,11.9,15.1,15.9,11.9,11.9,7.95,15.9,11.9,12.4,15.8,15.9,11.9,11.9,15.5,15.9,15.8,13.7,15.9,15.9,11.9,12.7,15.8,15.9,11.9,11.5,15.6,12,11.8,15.1,15.9,12,11.9,15.9,15.9,11.9,15.8,15.9,12,12.8,15.9,15.9,11.8,13.3,15.9,15.9,15.9,15.8,15.9,12.1,14,15.9,15.9,12,15.9,15.9,15.8,15.9,15.9,11.8,11.9,15.9,15.9,11.8,13.3,15.9,15.8,14.3,15.9,11.9,15.9,15.8,15.9,11.9,12
0.0000696,8.22,12.8,15.7,15.9,15.9,11.9,12.4,15.9,15.9,15.9,12,8,15.9,12,12.6,15.9,15.9,11.9,11.9,14.4,15.9,8.13,13.3,15.8,15.9,11.9,12.7,15.9,15.9,11.8,11.7,8,15.9,11.9,14.6,15.9,15.9,12,13.9,15.9,15.9,15.8,15.8,15.9,15.9,12.4,15,15.9,15.9,11.9,13.7,14.5,11.9,12.9,15.9,15.9,11.9,13.2,15.9,15.9,11.9,15.8,15.9,12,15,15.9,15.9,11.8,15.5,15.9,15.9,15.9,15.9,15.9,12,15.8,15.9,15.9,12.4,15.9,15.9,15.9,15.8,15.9,11.8,13.8,15.9,15.9,11.8,15.6,15.9,15.9,15.8,15.9,11.9,15.9,15.9,15.9,11.9,12
0.0000698,8.22,15.2,15.9,15.9,15.9,11.9,14.8,15.9,15.9,15.9,11.8,7.95,15.9,12,14.9,15.9,15.9,11.9,12.8,15.9,15.9,7.95,15.6,15.9,15.9,11.8,15,15.9,15.9,11.8,13.9,7.95,15.9,12.3,15.9,15.9,15.9,12.5,15.7,15.9,15.9,15.8,15.9,15.9,15.9,13.2,15.8,15.9,15.9,11.9,15.7,11.5,11.9,15.4,15.9,15.9,12.6,15.5,15.9,15.8,11.9,15.7,15.9,11.7,15.8,15.9,15.9,13.8,15.9,15.9,15.9,15.8,15.9,15.9,13.7,15.9,15.9,15.9,13.5,15.9,15.9,15.9,15.9,15.9,12.5,15.7,15.9,15.9,12.9,15.9,15.9,15.8,15.9,15.9,11.9,15.9,15.9,15.9,11.9,12
0.00007,8.22,15.9,15.9,15.9,15.9,13.3,15.9,15.9,15.9,15.9,13.9,8,15.9,12.5,15.9,15.9,15.9,12.2,15,15.9,15.9,8,15.8,15.9,15.9,13.8,15.9,15.9,15.9,12.2,15.7,7.95,15.9,14.3,15.9,15.8,15.9,14.6,15.9,15.9,15.9,15.8,15.9,15.9,15.9,15.6,15.8,15.9,15.9,13.8,15.9,8.26,13.3,15.9,15.9,15.8,13.3,15.9,15.9,15.8,13.9,14.4,15.9,13.8,15.9,15.9,15.9,15.7,15.9,15.9,15.9,15.8,15.9,15.9,15.8,15.9,15.9,15.9,15.7,15.9,15.9,15.8,15.9,15.9,14.8,15.9,15.9,15.9,15.5,15.9,15.9,15.8,15.9,15.9,14,15.9,15.9,15.9,12,12
0.0000702,8.26,15.9,15.9,15.9,15.9,15.5,15.9,15.9,15.9,15.9,15.7,8,15.9,14.7,15.9,15.9,15.9,13.2,15.9,15.9,15.9,8,15.9,15.9,15.9,15.7,15.9,15.9,15.9,14.3,15.9,8,15.9,15.8,15.9,15.9,15.9,15.9,15.9,15.9,15.9,15.8,15.9,15.9,15.9,15.9,15.9,15.9,15.9,15.7,15.9,7.91,15.5,15.9,15.9,15.9,15.6,15.9,15.9,15.9,15.7,11.3,15.9,15.7,15.9,15.9,15.9,15.9,15.9,15.9,15.9,15.6,15.9,15.9,15.8,15.9,15.9,15.9,15.9,15.9,15.9,15.6,15.9,15.9,15.8,15.9,15.9,15.9,15.9,15.8,15.9,15.8,15.9,15.9,15.8,15.9,15.9,15.9,11.9,12
0.0000704,8.26,15.9,15.9,15.9,15.9,15.8,15.9,15.9,15.9,15.9,15.9,7.95,15.9,15.9,15.9,15.9,15.9,15.6,15.9,15.9,15.9,8,15.9,15.9,15.9,15.9,15.9,15.9,15.9,15.8,15.9,7.95,15.9,15.9,15.9,15.9,15.9,15.9,15.9,15.9,15.9,15.6,15.9,15.9,15.9,15.9,15.9,15.9,15.9,15.9,15.9,7.91,15.8,15.9,15.9,15.9,15.9,15.9,15.9,15.9,15.9,8.17,15.9,15.9,15.9,15.9,15.9,15.9,15.9,15.9,15.9,13.4,15.9,15.9,15.9,15.9,15.9,15.9,15.9,15.9,15.9,14.3,15.9,15.9,15.9,15.9,15.9,15.9,15.8,15.9,15.9,15.7,15.9,15.9,15.9,15.9,15.9,15.9,11.9,11.9
0.0000706,8.26,15.9,15.9,15.9,15.9,15.9,15.9,15.9,15.9,15.9,15.9,7.95,15.9,15.9,15.9,15.9,15.9,15.9,15.9,15.9,15.9,7.95,15.9,15.9,15.9,15.9,15.9,15.9,15.9,15.9,15.9,7.95,15.9,15.9,15.9,15.9,15.9,15.9,15.9,15.9,15.9,13.4,15.9,15.9,15.9,15.9,15.9,15.9,15.9,15.9,15.9,7.95,15.9,15.9,15.9,15.9,15.9,15.9,15.9,15.9,15.9,7.95,15.9,15.9,15.9,15.9,15.9,15.9,15.9,15.9,15.9,10.3,15.9,15.9,15.9,15.9,15.9,15.9,15.9,15.9,15.9,11.2,15.9,15.9,15.9,15.9,15.9,15.9,15.9,15.9,15.9,13.6,15.9,15.9,15.9,15.9,15.9,15.9,12,12
0.0000708,8.26,15.9,15.9,15.9,15.9,15.9,15.9,15.9,15.9,15.9,15.9,8,15.9,15.9,15.9,15.9,15.9,15.9,15.9,15.9,15.9,7.95,15.9,15.9,15.9,15.9,15.9,15.9,15.9,15.9,15.9,8,15.9,15.9,15.9,15.9,15.9,15.9,15.9,15.9,15.9,10.4,15.9,15.9,15.9,15.9,15.9,15.9,15.9,15.9,15.9,7.91,15.9,15.9,15.9,15.9,15.9,15.9,15.9,15.9,15.9,7.95,15.9,15.9,15.9,15.9,15.9,15.9,15.9,15.9,15.9,7.73,15.9,15.9,15.9,15.9,15.9,15.9,15.9,15.9,15.9,8,15.9,15.9,15.9,15.9,15.9,15.9,15.9,15.9,15.9,10.4,15.9,15.9,15.8,15.9,15.9,15.9,12,12
0.000071,8.26,15.9,15.9,15.9,15.9,15.9,15.8,15.9,15.9,15.9,15.9,7.95,15.9,15.9,15.9,15.9,15.9,15.9,15.9,15.9,15.9,8,15.9,15.9,15.9,15.9,15.9,15.9,15.9,15.9,15.9,7.95,15.9,15.9,15.9,15.9,15.9,15.9,15.9,15.9,15.9,7.77,15.9,15.9,15.9,15.9,15.9,15.9,15.9,15.9,15.9,8,15.9,15.9,15.9,15.9,15.9,15.9,15.9,15.9,15.9,7.95,15.9,15.8,15.9,15.9,15.9,15.9,15.9,15.9,15.9,7.95,15.9,15.9,15.9,15.9,15.9,15.9,15.9,15.9,15.9,7.91,15.9,15.9,15.9,15.9,15.9,15.9,15.9,15.9,15.9,7.77,15.9,15.9,15.9,15.9,15.9,15.9,11.9,12
0.0000712,8.26,15.9,15.9,15.9,15.9,15.9,15.9,15.9,15.9,15.9,15.9,7.95,15.9,15.9,15.9,15.9,15.9,15.9,15.9,15.9,15.9,7.95,15.9,15.9,15.9,15.9,15.9,15.9,15.9,15.9,15.9,8,15.9,15.9,15.9,15.9,15.9,15.9,15.9,15.9,15.9,7.91,15.9,15.9,15.9,15.9,15.9,15.9,15.9,15.9,15.9,7.95,15.9,15.9,15.9,15.9,15.9,15.9,15.9,15.9,15.9,8,15.9,15.9,15.9,15.9,15.9,15.9,15.9,15.9,15.9,7.95,15.9,15.9,15.9,15.9,15.9,15.9,15.9,15.9,15.9,7.95,15.9,15.9,15.9,15.9,15.9,15.9,15.9,15.9,15.9,7.95,15.9,15.9,15.9,15.9,15.9,15.9,11.9,12
0.0000714,8.31,15.9,15.9,15.9,15.9,15.9,15.9,15.9,15.9,15.9,15.9,7.95,15.9,15.9,15.9,15.9,15.9,15.9,15.9,15.9,15.9,7.95,15.9,15.9,15.9,15.9,15.9,15.9,15.9,15.9,15.9,7.95,15.9,15.9,15.9,15.9,15.9,15.9,15.9,15.9,15.9,7.95,15.9,15.9,15.9,15.9,15.9,15.9,15.9,15.9,15.9,7.95,15.9,15.9,15.9,15.9,15.9,15.9,15.9,15.9,15.9,8,15.9,15.9,15.9,15.9,15.9,15.9,15.9,15.9,15.9,7.95,15.9,15.9,15.9,15.9,15.9,15.9,15.9,15.9,15.9,7.95,15.9,15.9,15.9,15.9,15.9,15.9,15.9,15.9,15.9,7.95,15.9,15.9,15.9,15.9,15.9,15.9,11.9,12
0.0000716,8.26,15.9,15.9,15.9,15.9,15.9,15.9,15.9,15.9,15.9,15.9,7.95,15.9,15.9,15.9,15.9,15.9,15.9,15.9,15.9,15.9,7.95,15.9,15.9,15.9,15.9,15.9,15.9,15.9,15.9,15.9,7.95,15.9,15.9,15.9,15.9,15.9,15.9,15.9,15.9,15.9,7.95,15.9,15.9,15.9,15.9,15.9,15.9,15.9,15.9,15.9,8,15.9,15.9,15.9,15.9,15.9,15.9,15.9,15.9,15.9,7.95,15.9,15.9,15.9,15.9,15.9,15.9,15.9,15.9,15.9,7.95,15.9,16,15.9,15.9,15.9,15.9,15.9,15.9,15.9,8,15.9,15.9,15.9,15.9,15.9,15.9,15.9,15.9,15.9,8,15.9,15.9,15.9,15.9,15.9,15.9,11.9,12
0.0000718,8.31,15.9,15.9,15.9,15.9,15.9,15.9,15.9,15.9,15.9,15.9,7.95,15.9,15.9,15.9,15.9,15.9,15.9,15.9,15.9,15.9,7.95,15.9,15.9,15.9,15.9,15.9,15.9,15.9,15.9,15.9,8,15.9,15.9,15.9,15.9,15.9,15.9,15.9,15.9,15.9,7.95,15.9,15.9,15.9,15.9,15.9,15.9,15.9,15.9,15.9,7.95,15.9,15.9,15.9,15.9,15.9,15.9,15.9,15.9,15.9,7.95,15.9,15.9,15.9,15.9,15.9,15.9,15.9,15.9,15.9,8,15.9,15.9,15.9,15.9,15.9,15.9,15.9,15.9,15.9,7.95,15.9,15.9,15.9,15.9,15.9,15.9,15.9,15.9,15.9,8,15.9,15.9,15.9,15.9,15.9,15.9,11.9,12
0.000072,8.31,15.9,15.9,15.9,15.9,15.9,15.9,15.9,15.9,15.9,15.9,7.95,15.9,15.9,15.9,15.9,15.9,15.9,15.9,15.9,15.9,7.95,15.9,15.9,15.9,15.9,15.9,15.9,15.9,15.9,15.9,7.95,15.9,15.9,15.9,15.9,15.9,15.9,15.9,15.9,15.9,7.95,15.9,15.9,15.9,15.9,15.9,15.9,15.9,15.9,15.9,7.95,15.9,15.9,15.9,15.9,15.9,15.9,15.9,15.9,15.9,7.95,15.9,15.9,15.9,15.9,15.9,15.9,15.9,15.9,15.9,7.95,15.9,15.9,15.9,15.9,15.9,15.9,15.9,15.9,15.9,8,15.9,15.9,15.9,15.9,15.9,15.9,15.9,15.9,15.9,8,15.9,15.9,15.9,15.9,15.9,15.9,11.8,12
0.0000722,8.31,15.9,15.9,15.9,15.9,15.9,15.9,15.9,15.9,15.9,15.9,7.95,15.9,15.9,15.9,15.9,15.9,15.9,15.9,15.9,15.9,7.95,15.9,15.9,15.9,15.9,15.9,15.9,15.9,15.9,15.9,8,15.9,15.9,15.9,15.9,15.9,15.9,15.9,15.9,15.9,8,15.9,15.9,15.9,15.9,15.9,15.9,15.9,15.9,15.9,7.95,15.9,15.9,15.9,15.9,15.9,15.9,15.9,15.9,15.9,7.91,15.9,15.9,15.9,15.9,15.9,15.9,15.9,15.9,15.9,7.95,15.9,15.9,15.9,15.9,15.9,15.9,15.9,15.9,15.9,8,15.9,15.9,15.9,15.9,15.9,15.9,15.9,15.9,15.9,8,15.9,15.9,15.9,15.9,15.9,15.9,11.7,12
0.0000724,8.35,15.9,15.9,15.9,15.9,15.9,15.9,15.9,15.9,15.9,15.9,8,15.9,15.9,15.9,15.9,15.9,15.9,15.9,15.9,15.9,7.95,15.9,15.9,15.9,15.9,15.9,15.9,15.9,15.9,15.9,7.95,15.9,15.9,15.9,15.9,15.9,15.9,15.9,15.9,15.9,7.95,15.9,15.9,15.9,15.9,15.9,15.9,15.9,15.9,15.9,7.95,15.9,15.9,15.9,15.9,15.9,15.9,15.9,15.9,15.9,8,15.9,15.9,15.9,15.9,15.9,15.9,15.9,15.9,15.9,7.95,15.9,15.9,15.9,15.9,15.9,15.9,15.9,15.9,15.9,7.95,15.9,15.9,15.9,15.9,15.9,15.9,15.9,15.9,15.9,8,15.9,15.9,15.9,15.9,15.9,15.9,11.8,11.9
0.0000726,8.4,15.9,15.9,15.9,15.9,15.9,15.9,15.9,15.9,15.9,15.9,8,15.9,15.9,15.9,15.9,15.9,15.9,15.9,15.9,15.9,7.95,15.9,15.9,15.9,15.9,15.9,15.9,15.9,15.9,15.9,8,15.9,15.9,15.9,15.9,15.9,15.9,15.9,15.9,15.9,8,15.9,15.9,15.9,15.9,15.9,15.9,15.9,15.9,15.9,8,15.9,15.9,15.9,15.9,15.9,15.9,15.9,15.9,15.9,8,15.9,15.9,15.9,15.9,15.9,15.9,15.9,15.9,15.9,7.95,15.9,15.9,15.9,15.9,15.9,15.9,15.9,15.9,15.9,7.95,15.9,15.9,15.9,15.9,15.9,15.9,15.9,15.9,15.9,8,15.9,15.9,15.9,15.9,15.9,15.9,11.9,11.9
0.0000728,8.44,15.9,15.9,15.9,15.9,15.9,15.9,15.9,15.9,15.9,15.9,7.95,15.9,15.9,15.9,15.9,15.9,15.9,15.9,15.9,15.9,7.95,15.9,15.9,15.9,15.9,15.9,15.9,15.9,15.9,15.9,7.95,15.9,15.9,15.9,15.9,15.9,15.9,15.9,15.9,15.9,7.95,15.9,15.9,15.9,15.9,15.9,15.9,15.8,15.9,15.9,7.95,15.9,15.9,15.9,15.9,15.9,15.9,15.9,15.9,15.9,8,15.9,15.9,15.9,15.9,15.9,15.9,15.9,15.9,15.9,8,15.9,15.9,15.9,15.9,15.9,15.9,15.9,15.9,15.9,7.95,15.9,15.9,15.9,15.9,15.9,15.9,15.9,15.9,15.9,7.95,15.9,15.9,15.9,15.9,15.9,15.9,11.9,11.9
0.000073,8.49,15.9,15.9,15.9,15.9,15.9,15.9,15.9,15.9,15.9,15.9,8,15.9,15.9,15.9,15.9,15.9,15.9,15.9,15.9,15.9,7.95,15.9,15.9,15.9,15.9,15.9,15.9,15.9,15.9,15.9,8,15.9,15.9,15.9,15.9,15.9,15.9,15.9,15.9,15.9,7.95,15.9,15.9,15.9,15.9,15.9,15.9,15.9,15.9,15.9,8,15.9,15.9,15.9,15.9,15.9,15.9,15.9,15.9,15.9,8,15.9,15.9,15.9,15.9,15.9,15.9,15.9,15.9,15.9,7.95,15.9,15.9,15.9,15.9,15.9,15.9,15.9,15.9,15.9,7.95,15.9,15.9,15.9,15.9,15.9,15.9,15.9,15.9,15.9,7.95,15.9,15.9,15.9,15.9,15.9,15.9,12,11.9
0.0000732,8.57,15.9,15.9,15.9,15.9,15.9,15.9,15.9,15.9,15.9,15.9,8,15.9,15.9,15.9,15.9,15.9,15.9,15.9,15.9,15.9,7.95,15.9,15.9,15.9,15.9,15.9,15.9,15.9,15.9,15.9,7.95,15.9,15.9,15.9,15.9,15.9,15.9,15.9,15.9,15.9,7.95,15.9,15.9,15.9,15.9,15.9,15.9,15.9,15.9,15.9,8,15.9,15.9,15.9,15.9,15.9,15.9,15.9,15.9,15.9,7.95,15.9,15.9,15.9,15.9,15.9,15.9,15.9,15.9,15.9,7.95,15.9,15.9,15.9,15.9,15.9,15.9,15.9,15.9,15.9,7.95,15.9,15.9,15.9,15.9,15.9,15.9,15.9,15.9,15.9,8,15.9,15.9,15.9,15.9,15.9,15.9,12,11.9
0.0000734,8.75,15.9,15.9,15.9,15.9,15.9,15.9,15.9,15.9,15.9,15.9,7.95,15.9,15.9,15.9,15.9,15.9,15.9,15.9,15.9,15.9,7.95,15.9,15.9,15.9,15.9,15.9,15.9,15.9,15.9,15.9,8,15.9,15.9,15.9,15.9,15.9,15.9,15.9,15.9,15.9,8,15.9,15.9,15.9,15.9,15.9,15.9,15.9,15.9,15.9,7.95,15.8,15.9,15.9,15.9,15.9,15.9,15.9,15.9,15.9,7.95,15.9,15.9,15.9,15.9,15.9,15.9,15.9,15.9,15.9,8,15.9,15.9,15.9,15.9,15.9,15.9,15.9,15.9,15.9,8,15.9,15.9,15.9,15.9,15.9,15.9,15.9,15.9,15.9,8,15.9,15.9,15.9,15.9,15.9,15.9,12,11.9
0.0000736,8.84,15.9,15.9,15.9,15.9,15.9,15.9,15.9,15.9,15.9,15.9,7.95,15.9,15.9,15.9,15.9,15.9,15.9,15.9,15.9,15.9,8,15.9,15.9,15.9,15.9,15.9,15.9,15.9,15.9,15.9,8,15.9,15.9,15.9,15.9,15.9,15.9,15.9,15.9,15.9,8,15.9,15.9,15.9,15.9,15.9,15.9,15.9,15.9,15.9,7.95,15.9,15.9,15.9,15.9,15.9,15.9,15.9,15.9,15.9,7.95,15.9,15.9,15.9,15.9,15.9,15.9,15.9,15.9,15.9,7.91,15.9,15.9,15.9,15.9,15.9,15.9,15.9,15.9,15.9,7.95,15.9,15.9,15.9,15.9,15.9,15.9,15.9,15.9,15.9,8,15.9,15.9,15.9,15.9,15.9,15.9,12,12
0.0000738,9.02,15.9,15.9,15.9,15.9,15.9,15.9,15.9,15.9,15.9,15.9,8,15.9,15.9,15.9,15.9,15.9,15.9,15.9,15.9,15.9,8,15.9,15.9,15.9,15.9,15.9,15.9,15.9,15.9,15.9,8,15.9,15.9,15.9,15.9,15.9,15.9,15.9,15.9,15.9,7.95,15.9,15.9,15.9,15.9,15.9,15.9,15.9,15.9,15.9,7.95,15.9,15.9,15.9,15.9,15.9,15.9,15.9,15.9,15.9,7.95,15.9,15.9,15.9,15.9,15.9,15.9,15.9,15.9,15.9,8,15.9,15.9,15.9,15.9,15.9,15.9,15.9,15.9,15.9,7.95,15.9,15.9,15.9,15.9,15.9,15.9,15.9,15.9,15.9,8,15.9,15.9,15.9,15.9,15.9,15.9,12,12
0.000074,9.24,15.9,15.9,15.9,15.9,15.9,15.9,15.9,15.9,15.9,15.9,8,15.9,15.9,15.9,15.9,15.9,15.9,15.9,15.9,15.9,8,15.9,15.9,15.9,15.9,15.9,15.9,15.9,15.9,15.9,8.04,15.9,15.9,15.9,15.9,15.9,15.9,15.9,15.9,15.9,8,15.9,15.9,15.9,15.9,15.9,15.9,15.9,15.9,15.9,8,15.9,15.9,15.9,15.9,15.9,15.9,15.9,15.9,15.9,7.95,15.9,15.9,15.9,15.9,15.9,15.9,15.9,15.9,15.9,7.95,15.9,15.9,15.9,15.9,15.9,15.9,15.9,15.9,15.9,7.95,15.9,15.9,15.9,15.9,15.9,15.9,15.9,15.9,15.9,7.95,15.9,15.9,15.9,15.9,15.9,15.9,12,12
0.0000742,9.37,15.9,15.9,15.9,15.9,15.9,15.9,15.9,15.9,15.9,15.9,7.95,15.9,15.9,15.9,15.9,15.9,15.9,15.9,15.9,15.9,7.95,15.9,15.9,15.9,15.9,15.9,15.9,15.9,15.9,15.9,7.95,15.9,15.9,15.9,15.9,15.9,15.9,15.9,15.9,15.9,7.95,15.9,15.9,15.9,15.9,15.9,15.9,15.9,15.9,15.9,7.95,15.9,15.9,15.9,15.9,15.9,15.9,15.9,15.9,15.9,7.95,15.9,15.9,15.9,15.9,15.9,15.9,15.9,15.9,15.9,7.95,15.9,15.9,15.9,15.9,15.9,15.9,15.9,15.9,15.9,7.95,15.9,15.9,15.9,15.9,15.9,15.9,15.9,15.9,15.9,7.95,15.9,15.9,15.9,15.9,15.9,15.9,11.9,12
0.0000744,9.55,15.9,15.9,15.9,15.9,15.9,15.9,15.9,15.9,15.9,15.9,7.95,15.9,15.9,15.9,15.9,15.9,15.9,15.9,15.9,15.9,7.95,15.9,15.9,15.9,15.9,15.9,15.9,15.9,15.9,15.9,7.95,15.9,15.9,15.9,15.9,15.9,15.9,15.9,15.9,15.9,8,15.9,15.9,15.9,15.9,15.9,15.9,15.9,15.9,15.9,7.95,15.9,15.9,15.9,15.9,15.9,15.9,15.9,15.9,15.9,7.95,15.9,15.9,15.9,15.9,15.9,15.9,15.9,15.9,15.9,8,15.9,15.9,15.9,15.9,15.9,15.9,15.9,15.9,15.9,7.91,15.9,15.9,15.9,15.9,15.9,15.9,15.9,15.9,15.9,7.95,15.9,15.9,15.9,15.9,15.9,15.9,11.9,12
0.0000746,9.69,15.9,15.9,15.9,15.9,15.9,15.9,15.9,15.9,15.9,15.9,7.95,15.9,15.9,15.9,15.9,15.9,15.9,15.9,15.9,15.9,7.95,15.9,15.9,15.9,15.9,15.9,15.9,15.9,15.9,15.9,7.95,15.9,15.9,15.9,15.9,15.9,15.9,15.9,15.9,15.9,8,15.9,15.9,15.9,15.9,15.9,15.9,15.9,15.9,15.9,7.95,15.9,15.9,15.9,15.9,15.9,15.9,15.9,15.9,15.9,7.95,15.9,15.9,15.9,15.9,15.9,15.9,15.9,15.9,15.9,7.95,15.9,15.9,15.9,15.9,15.9,15.9,15.9,15.9,15.9,8,15.9,15.9,15.9,15.9,15.9,15.9,15.9,15.9,15.9,7.95,15.9,15.9,15.9,15.9,15.9,15.9,11.9,12
0.0000748,9.77,15.9,15.9,15.9,15.9,15.9,15.9,15.9,15.9,15.9,15.9,8,15.9,15.9,15.9,15.9,15.9,15.9,15.9,15.9,15.9,8,15.9,15.9,15.9,15.9,15.9,15.9,15.9,15.9,15.9,8,15.9,15.9,15.9,15.9,15.9,15.9,15.9,15.9,15.9,8,15.9,15.9,15.9,15.9,15.9,15.9,15.9,15.9,15.9,7.95,15.9,15.9,15.9,15.9,15.9,15.9,15.9,15.9,15.9,7.95,15.9,15.9,15.9,15.9,15.9,15.9,15.9,15.9,15.9,7.95,15.9,15.9,15.9,15.9,15.9,15.9,15.9,15.9,15.9,8,15.9,15.9,15.9,15.9,15.9,15.9,15.9,15.9,15.9,7.95,15.9,15.9,15.9,15.9,15.9,15.9,11.9,12
0.000075,9.91,15.9,15.9,15.9,15.9,15.9,15.9,15.9,15.9,15.9,15.9,7.95,15.9,15.9,15.9,15.9,15.9,15.9,15.9,15.9,15.9,7.95,15.9,15.9,15.9,15.9,15.9,15.9,15.9,15.9,15.9,8,15.9,15.9,15.9,15.9,15.9,15.9,15.9,15.9,15.9,7.95,15.9,16,15.9,15.9,15.9,15.9,15.9,15.9,15.9,7.95,15.9,15.9,15.9,15.9,15.9,16,15.9,15.9,15.9,8,15.9,15.9,15.9,15.9,15.9,15.9,15.9,16,15.9,7.91,15.9,15.9,15.9,15.9,15.9,15.9,15.9,15.9,15.9,7.95,15.9,15.9,15.9,15.9,15.9,15.9,15.9,15.9,15.9,8,15.9,15.9,15.9,15.9,15.9,15.9,11.9,12
0.0000752,10,15.9,15.9,15.9,15.9,15.9,15.9,15.9,15.9,15.9,15.9,7.95,15.9,15.9,15.9,15.9,15.9,15.9,15.9,15.9,15.9,7.95,15.9,15.9,15.9,15.9,15.9,15.9,15.9,15.9,15.9,7.95,15.9,15.9,15.9,15.9,15.9,15.9,15.9,15.9,15.9,8,15.9,15.9,15.9,15.9,15.9,15.9,15.9,15.9,15.9,7.95,15.9,15.9,15.9,15.9,15.9,15.9,15.9,15.9,15.9,7.95,15.9,15.9,15.9,15.9,15.9,15.9,15.9,15.9,15.9,8,15.9,15.9,15.9,15.9,15.9,15.9,15.9,15.9,15.9,7.95,15.9,15.9,15.9,15.9,15.9,15.9,15.9,15.9,15.9,7.91,15.9,15.9,15.9,15.9,15.9,15.9,11.9,12
0.0000754,10.1,15.9,15.9,15.9,15.9,15.9,15.9,15.9,15.9,15.9,15.9,7.91,15.9,15.9,15.9,15.9,15.9,15.9,15.9,15.9,15.9,8,15.9,15.9,15.9,15.9,15.9,15.9,15.9,15.9,15.9,7.95,15.9,15.9,15.9,15.9,15.9,15.9,15.9,15.9,15.9,7.95,15.9,15.9,15.9,15.9,15.9,15.9,15.9,15.9,15.9,7.95,15.9,15.9,15.9,15.9,15.9,15.9,15.9,15.9,15.9,7.91,15.9,15.9,15.9,15.9,15.9,15.9,15.9,15.9,15.9,8,15.9,15.9,15.9,15.9,15.9,15.9,15.8,15.9,15.9,7.95,15.9,15.9,15.9,15.9,15.9,15.9,15.9,15.9,15.9,7.95,15.9,15.9,15.9,15.9,15.9,15.9,11.9,11.9
0.0000756,10.2,15.9,15.9,15.9,15.9,15.9,15.9,15.9,15.9,15.9,15.9,7.95,15.9,15.9,15.9,15.9,15.9,15.9,15.9,15.9,15.9,8,15.9,15.9,15.9,15.9,15.9,15.9,15.9,15.9,15.9,8,15.9,15.9,15.9,15.9,15.9,15.9,15.9,15.9,16,8,15.9,15.9,15.9,15.9,15.9,15.9,15.9,15.9,15.9,8,15.9,15.9,15.9,15.9,15.9,15.9,15.9,15.9,15.9,7.95,15.9,15.9,15.9,15.9,15.9,15.9,15.9,15.9,15.9,8,15.9,15.9,15.9,15.9,15.9,15.9,15.9,15.9,15.9,7.95,15.9,15.9,15.9,15.9,15.9,15.9,15.9,15.9,15.9,7.95,15.9,15.9,15.9,15.9,15.9,15.9,11.9,11.9
0.0000758,10.3,15.9,15.9,15.9,15.9,15.9,15.9,15.9,15.9,15.9,15.9,8,15.9,15.9,15.9,15.9,15.9,15.9,15.9,15.9,15.9,7.95,15.9,15.9,15.9,15.9,15.9,15.9,15.8,15.9,15.9,7.95,15.9,15.9,15.9,15.9,15.9,15.9,15.9,15.9,15.9,7.95,15.9,15.9,15.9,15.9,15.9,15.9,15.9,15.9,15.9,8,15.9,15.9,15.9,15.9,15.9,15.9,15.9,15.9,15.9,8,15.9,15.9,15.9,15.9,15.9,15.9,15.9,15.9,15.9,7.95,15.9,15.9,15.9,15.9,15.9,15.9,15.9,15.9,15.9,7.95,15.9,15.9,15.9,15.9,15.9,15.9,15.9,15.9,15.9,7.91,15.9,15.9,15.9,15.9,15.9,15.9,11.9,11.9
0.000076,10.4,15.9,15.9,15.9,15.9,15.9,15.9,15.9,15.9,15.9,15.9,7.95,15.9,15.9,15.9,15.9,15.9,15.9,15.9,15.9,15.9,7.95,15.9,15.9,15.9,15.9,15.9,15.9,15.9,15.9,15.9,7.95,15.9,15.9,15.9,15.9,15.9,15.9,15.9,15.9,15.9,8,15.9,15.9,15.9,15.9,15.9,15.9,15.9,15.9,15.9,8,15.9,15.9,15.9,15.9,15.9,15.9,15.9,15.9,15.9,7.91,15.9,15.9,15.9,15.9,15.9,15.9,15.9,15.9,15.9,8,15.9,15.9,15.9,15.9,15.9,15.9,15.9,15.9,15.9,7.95,15.9,15.9,15.9,15.9,15.9,15.9,15.9,15.9,15.9,7.95,15.9,15.9,15.9,15.9,15.9,15.9,11.9,11.9
0.0000762,10.4,15.9,15.9,15.9,15.9,15.9,15.9,15.9,15.9,15.9,15.9,8,15.9,15.9,15.9,15.9,15.9,15.9,15.9,15.9,15.9,7.95,15.9,15.9,15.9,15.9,15.9,15.9,15.9,15.9,15.9,8,15.9,15.9,15.9,15.9,15.9,15.9,15.9,15.9,15.9,8,15.9,15.9,15.9,15.9,15.9,15.9,15.9,15.9,15.9,7.95,15.9,15.9,15.9,15.9,15.9,15.9,15.9,15.9,15.9,8,15.9,15.9,15.9,15.9,15.9,15.9,15.9,15.9,15.9,8,15.9,15.9,15.9,15.9,15.9,15.9,15.9,15.9,15.9,7.95,15.9,15.9,15.9,15.9,15.9,15.9,15.9,15.9,15.9,7.95,15.9,15.9,15.9,15.9,15.9,15.9,11.9,11.9
0.0000764,10.5,15.9,15.9,15.9,15.9,15.9,15.9,15.9,15.9,15.9,15.9,8,15.9,15.9,15.9,15.9,15.9,15.9,15.9,15.9,15.9,8,15.9,15.9,15.9,15.9,15.9,15.9,15.9,15.9,15.9,8,15.9,15.9,15.9,15.9,15.9,15.9,15.9,15.9,15.9,8,15.9,15.9,15.9,15.9,15.9,15.9,15.9,15.9,15.9,8,15.9,15.9,15.9,15.9,15.9,15.9,15.9,15.9,15.9,8,15.9,15.9,15.9,15.9,15.9,15.9,15.9,15.9,15.9,7.95,15.9,15.9,15.9,15.9,15.9,15.9,15.9,15.9,15.9,7.95,15.9,15.9,15.9,15.9,15.9,15.9,15.9,15.9,15.9,7.95,15.9,15.9,15.9,15.9,15.9,15.9,11.8,11.9
0.0000766,10.7,15.9,15.9,15.9,15.9,15.9,15.9,15.9,15.8,15.9,15.9,8,15.9,15.9,15.9,15.9,15.9,15.9,15.9,15.9,15.9,7.95,15.9,15.9,15.9,15.9,15.9,15.9,15.9,15.9,15.9,7.95,15.9,15.9,15.9,15.9,15.9,15.9,15.9,15.9,15.9,8,15.9,15.9,15.9,15.9,15.9,15.9,15.9,15.9,15.9,7.95,15.9,15.9,15.9,15.9,15.9,15.9,15.9,15.9,15.9,7.95,15.9,15.9,15.9,15.9,15.9,15.9,15.9,15.9,15.9,7.95,15.9,15.9,15.9,15.9,15.9,15.9,15.9,15.9,15.9,7.95,15.9,15.9,15.9,15.9,15.9,15.9,15.9,15.9,15.9,8,15.9,15.9,15.9,15.9,15.9,15.9,11.9,12
0.0000768,10.7,15.9,15.9,15.9,15.9,16,15.9,15.9,15.9,15.9,15.9,7.95,15.9,15.9,15.9,15.9,15.9,15.9,15.9,15.9,15.9,7.95,15.9,15.9,15.9,15.9,15.9,15.9,15.9,15.9,15.9,7.95,15.9,15.9,15.9,15.9,15.9,15.9,15.9,15.9,15.9,7.95,15.9,15.9,15.9,15.9,15.9,15.9,15.9,15.9,15.9,8,15.9,15.9,15.9,15.9,15.9,15.9,15.9,15.9,15.9,7.95,15.9,15.9,15.9,15.9,15.9,15.9,15.9,15.9,15.9,8,15.9,15.9,15.9,15.9,15.9,15.9,15.9,15.9,15.9,8,15.9,15.9,15.9,15.9,15.9,15.9,15.9,15.9,15.9,8,15.9,15.9,15.9,15.9,15.9,15.9,11.9,12
0.000077,10.8,15.9,15.9,15.9,15.9,15.9,15.9,15.9,15.9,15.9,15.9,8,15.9,15.9,15.9,15.9,15.9,15.9,15.9,15.9,15.9,8,15.9,15.9,15.9,15.9,15.9,15.9,15.9,15.9,15.9,8,15.9,15.9,15.9,15.9,15.9,15.9,15.9,15.9,15.9,7.95,15.9,15.9,15.9,15.9,15.9,15.9,15.9,15.9,15.9,7.95,15.9,15.9,15.9,15.9,15.9,15.9,15.9,15.9,15.9,8,15.9,15.9,15.9,15.9,15.9,15.9,15.9,15.9,15.9,8,15.9,15.9,15.9,15.9,15.9,15.9,15.9,15.9,15.9,8,15.9,15.9,15.9,15.9,15.9,15.9,15.9,15.9,15.9,7.95,15.9,15.9,15.9,15.9,15.9,15.9,11.9,11.9
0.0000772,10.9,15.9,15.9,15.9,15.9,15.9,15.9,15.9,15.9,15.9,15.9,7.95,15.9,15.9,15.9,15.9,15.9,15.9,15.9,15.9,15.9,7.95,15.9,15.9,15.9,15.9,15.9,15.9,15.9,15.9,15.9,8.13,15.9,15.9,15.9,15.9,15.9,15.9,15.9,15.9,15.9,8,15.9,15.9,15.9,15.9,15.9,15.9,15.9,15.9,15.9,8,15.9,15.9,15.9,15.9,15.9,15.9,15.9,15.9,15.9,8,15.9,15.9,15.9,15.9,15.9,15.9,15.9,15.9,15.9,7.95,15.9,15.9,15.9,15.9,15.9,15.9,15.9,15.9,15.9,8,15.9,15.9,15.9,15.9,15.9,15.9,15.9,15.9,15.9,7.95,15.9,15.9,15.9,15.9,15.9,15.9,11.9,12
0.0000774,11,15.9,15.9,15.8,15.9,15.9,15.9,15.9,15.9,15.9,15.9,8.09,15.9,15.9,15.9,15.9,15.9,15.9,15.9,15.9,15.9,7.95,15.9,15.9,15.9,15.9,15.9,15.9,15.9,15.9,15.9,8.17,15.9,15.9,15.9,15.9,15.9,15.9,15.9,15.9,15.9,8,15.9,15.9,15.9,15.9,15.9,15.9,15.9,15.9,15.9,7.95,15.9,15.9,15.9,15.9,15.9,15.9,15.9,15.9,15.9,8,15.9,15.9,15.9,15.9,15.9,15.9,15.9,15.9,15.9,7.95,15.9,15.9,15.9,15.9,15.9,15.9,16,15.9,15.9,8,15.9,15.9,15.9,15.9,15.9,15.9,15.9,15.9,15.9,7.95,15.9,15.9,15.9,15.9,15.9,15.9,11.9,12
0.0000776,11,15.9,15.9,15.9,15.9,15.9,15.9,15.9,15.9,15.9,15.9,8.13,15.9,15.9,15.9,15.9,15.9,15.9,15.9,15.9,15.9,8,15.9,15.9,15.9,15.9,15.9,15.9,15.9,15.9,15.9,8.22,15.9,15.9,15.9,15.9,15.9,15.9,15.9,15.9,15.9,7.95,15.9,15.9,15.9,15.9,15.9,15.9,15.9,15.9,15.9,8,15.9,15.9,15.9,15.9,15.9,15.9,15.9,15.9,15.9,7.95,15.9,15.9,15.9,15.9,15.9,15.9,15.9,15.9,15.9,8,15.9,15.9,15.9,15.9,15.9,15.9,15.9,15.9,15.9,8,15.9,15.9,15.9,15.9,15.9,15.9,15.9,15.9,15.9,8,15.9,15.9,15.9,15.9,15.9,15.9,11.9,12
0.0000778,11.1,15.9,15.9,15.9,15.9,15.9,15.9,15.9,15.9,15.9,15.9,8.17,15.9,15.9,15.9,15.9,15.9,15.9,15.9,15.9,15.9,8,15.9,15.9,15.9,15.9,15.9,15.9,15.9,15.9,15.9,8.17,15.9,15.9,15.9,15.9,15.9,15.9,15.9,15.9,15.9,7.95,15.9,15.9,15.9,15.9,15.9,15.9,15.9,15.9,15.9,7.95,15.9,15.9,15.9,15.9,15.9,15.9,15.9,15.9,15.9,7.95,15.9,15.9,15.9,15.9,15.9,15.9,15.9,15.9,15.9,8,15.9,15.9,15.9,15.9,15.9,15.9,15.9,15.9,15.9,8,15.9,15.9,15.9,15.9,15.9,15.9,15.9,15.9,15.9,7.95,15.9,15.9,15.9,15.9,15.9,15.9,11.9,11.9
0.000078,11.2,15.9,15.9,15.9,15.9,15.9,15.9,15.9,15.9,15.9,15.9,8.17,15.9,15.9,15.9,15.9,15.9,15.9,15.9,15.9,15.9,7.95,15.9,15.9,15.9,15.9,15.9,15.9,15.9,15.9,15.9,8.22,15.9,15.9,15.9,15.9,15.9,15.9,15.9,15.9,15.9,7.95,15.9,15.9,15.9,15.9,15.9,15.9,15.9,15.9,15.9,7.95,15.9,15.9,15.9,15.9,15.9,15.9,15.9,15.9,15.9,7.95,15.9,15.9,15.9,15.9,15.9,15.9,15.9,15.9,15.9,8,15.9,15.9,15.9,15.9,15.9,15.9,15.9,15.9,15.9,7.95,15.9,15.9,15.9,15.9,15.9,15.9,15.9,15.9,15.9,7.95,15.9,15.9,15.9,15.9,15.9,15.9,11.8,11.9
0.0000782,11.2,15.9,15.9,15.9,15.9,15.9,15.9,15.9,15.9,15.9,15.9,8.22,15.9,15.9,15.9,15.9,15.9,15.9,15.9,15.9,15.9,7.95,15.9,15.9,15.9,15.9,15.9,15.9,15.9,15.9,15.9,8.22,15.9,15.9,15.9,15.9,15.9,15.9,15.9,15.9,15.9,7.95,15.9,15.9,15.9,15.9,15.9,15.9,15.9,15.9,15.9,7.95,15.9,15.9,15.9,15.9,15.9,15.9,15.9,15.9,15.9,7.95,15.9,15.9,15.9,15.9,15.9,15.9,15.9,15.9,15.9,8,15.9,15.9,15.9,15.9,15.9,15.9,15.9,15.9,15.9,8,15.9,15.9,15.9,15.9,15.9,15.9,15.9,15.9,15.9,7.95,15.9,15.9,15.9,15.9,15.9,15.9,11.8,11.9
0.0000784,11.3,15.9,15.9,15.9,15.9,15.9,15.9,15.9,15.9,15.9,15.9,8.22,15.9,15.9,15.9,15.9,15.9,15.9,15.9,15.9,15.9,8,15.9,15.9,15.9,15.9,15.9,15.9,15.9,15.9,15.9,8.26,15.9,15.9,15.9,15.9,15.9,15.9,15.9,15.9,15.9,7.95,15.9,15.9,15.9,15.9,15.9,15.9,15.9,15.9,15.9,8,15.9,15.9,15.9,15.9,15.9,15.9,15.9,15.9,15.9,7.95,15.9,15.9,15.9,15.9,15.9,15.9,15.9,15.9,15.9,8,15.9,15.9,15.9,15.9,15.9,15.9,15.9,15.9,15.9,7.95,15.9,15.9,15.9,15.9,15.9,15.9,15.9,15.9,15.9,7.95,15.9,15.9,15.9,15.9,15.9,15.9,11.8,11.9
0.0000786,11.3,15.9,15.9,15.9,15.9,15.9,15.9,15.9,15.9,15.9,15.9,8.22,15.9,15.9,15.9,15.9,15.9,15.9,15.9,15.9,15.9,8,15.9,15.9,15.9,15.9,15.9,15.9,15.9,15.9,15.9,8.22,15.9,15.9,15.9,15.9,15.9,15.9,15.9,15.9,15.9,7.95,15.9,15.9,15.9,15.9,15.9,15.9,15.9,15.9,15.9,7.95,15.9,15.9,15.9,15.9,15.9,15.9,15.9,15.9,15.9,8,16,15.9,15.9,15.9,15.9,15.9,15.9,15.9,15.9,7.95,15.9,15.9,15.9,15.9,15.9,15.9,15.9,15.9,15.9,7.95,15.9,15.9,15.9,15.9,15.9,15.9,15.9,15.9,15.9,8,15.9,15.9,15.9,15.9,15.9,15.9,11.8,11.8
0.0000788,11.4,15.9,15.9,15.9,15.9,15.9,15.9,15.9,15.9,15.9,15.9,8.17,15.9,15.9,15.9,15.9,15.9,15.9,15.9,15.9,15.9,8,15.9,15.9,15.9,15.9,15.9,15.9,15.9,15.9,15.9,8.22,15.9,15.9,15.9,15.9,15.9,15.9,15.9,15.9,15.9,7.95,15.9,15.9,15.9,15.9,15.9,15.9,15.9,15.9,15.9,7.95,15.9,15.9,15.9,15.9,15.9,15.9,15.9,15.9,15.9,7.95,15.9,15.9,15.9,15.9,15.9,15.9,15.9,15.9,15.9,7.95,15.9,15.9,15.9,15.9,15.9,15.9,15.9,15.9,15.9,8,15.9,15.9,15.9,15.9,15.9,15.9,15.9,15.9,15.9,8,15.9,15.9,15.9,15.9,15.9,15.9,11.8,11.9
0.000079,11.4,15.9,15.9,15.9,15.9,15.9,15.9,15.9,15.9,15.9,15.9,8.22,15.9,15.9,15.9,15.9,15.9,15.9,15.9,15.9,15.9,7.95,15.9,15.9,15.9,15.9,15.9,15.9,15.9,15.9,15.9,8.22,15.9,15.9,15.9,15.9,15.9,15.9,15.9,15.9,15.9,7.95,15.9,15.9,15.9,15.9,15.9,15.9,15.9,15.9,15.9,8,15.9,15.9,15.9,15.9,15.9,15.9,15.9,15.9,15.9,7.95,15.9,15.9,15.9,15.9,15.9,15.9,15.9,15.9,15.9,7.95,15.9,15.9,15.9,15.9,15.9,15.9,15.9,15.9,15.9,8,15.9,15.9,15.9,15.9,15.9,15.9,15.9,15.9,15.9,8,15.9,15.9,15.9,15.9,15.9,15.9,11.8,11.9
0.0000792,11.4,15.9,15.9,15.9,15.9,15.9,15.9,15.9,15.9,15.9,15.9,8.17,15.9,15.9,15.9,15.9,15.9,15.9,15.9,15.9,15.9,7.95,15.9,15.9,15.9,15.9,15.9,15.9,15.9,15.9,15.9,8.22,15.9,15.9,15.9,15.9,15.9,15.9,15.9,15.9,15.9,7.95,15.9,15.9,15.9,15.9,15.9,15.9,15.9,15.9,15.9,7.95,15.9,15.9,15.9,15.9,15.9,15.9,15.9,15.9,15.9,8,15.9,15.9,15.9,15.9,15.9,15.9,15.9,15.9,15.9,8,15.9,15.9,15.9,15.9,15.9,15.9,15.9,15.9,15.9,8,15.9,15.9,15.9,15.9,15.9,15.9,15.9,15.9,15.9,8,15.9,15.9,15.9,15.9,15.9,15.9,11.9,11.9
0.0000794,11.5,15.9,15.9,15.9,15.9,15.9,15.9,15.9,15.9,15.9,15.9,8.22,15.9,15.9,15.9,15.9,15.9,15.9,15.9,15.9,15.9,8,15.9,15.9,15.9,15.9,15.9,15.9,15.9,15.9,15.9,8.26,15.9,15.9,15.9,15.9,15.9,15.9,15.9,15.9,15.9,7.95,15.9,15.9,15.9,15.9,15.9,15.9,15.9,15.9,15.9,7.95,15.9,15.9,15.9,15.9,15.9,15.9,15.9,15.9,15.9,8,15.9,15.9,15.9,15.9,15.9,15.9,15.9,15.9,15.9,8,15.9,15.9,15.9,15.9,15.9,15.9,15.9,15.9,15.9,8,15.9,15.9,15.9,15.9,15.9,15.9,15.9,15.9,15.9,7.95,15.9,15.9,15.9,15.9,15.9,15.9,11.9,11.9
0.0000796,11.5,15.9,15.9,15.9,15.9,15.9,15.9,15.9,15.9,15.9,15.9,8.22,15.9,15.9,15.9,15.9,15.9,15.9,15.9,15.9,15.9,7.95,15.9,15.9,15.9,15.9,15.9,15.9,15.9,15.9,15.9,8.26,15.9,15.9,15.9,15.9,15.9,15.9,15.9,15.9,15.9,7.95,15.9,15.9,15.9,15.9,15.9,15.9,15.9,15.9,15.9,7.95,15.9,15.9,15.9,15.9,15.9,15.9,15.9,15.9,15.9,7.91,15.9,15.9,15.9,15.9,15.9,15.9,15.9,15.9,15.9,7.95,15.9,15.9,15.9,15.9,15.9,15.9,15.9,15.9,15.9,8,15.9,15.9,15.9,15.9,15.9,15.9,15.9,15.9,15.9,7.95,15.9,15.9,15.9,15.9,15.9,15.9,12,11.9
0.0000798,11.6,15.9,15.9,15.9,15.9,15.9,15.9,15.9,15.9,15.9,15.9,8.22,15.9,15.9,15.9,15.9,15.9,15.9,15.9,15.9,15.9,7.95,15.9,15.9,15.9,15.9,15.9,15.9,15.9,15.9,15.9,8.26,15.9,15.9,15.9,15.9,15.9,15.9,15.9,15.9,15.9,7.95,15.9,15.9,15.9,15.9,15.9,15.9,15.9,15.9,15.9,8,15.9,15.9,15.9,15.9,15.9,15.9,15.9,15.9,15.9,8,15.9,15.9,15.9,15.9,15.9,15.9,15.9,15.9,15.9,8.04,15.9,15.9,15.9,15.9,15.9,15.9,15.9,15.9,15.9,8,15.9,15.9,15.9,15.9,15.9,15.9,15.9,15.9,15.9,8,15.9,15.9,15.9,15.9,15.9,15.9,12,11.9
0.00008,11.6,15.9,15.9,15.9,15.9,15.9,15.9,15.9,15.9,15.9,15.9,8.22,15.9,15.9,15.9,15.9,15.9,15.9,15.9,15.9,15.9,8,15.9,15.9,15.9,15.9,15.9,15.9,15.9,15.9,15.9,8.22,15.9,15.9,15.9,15.9,15.9,15.9,15.9,16,15.9,8,15.9,15.9,15.8,15.9,15.9,15.9,15.9,15.9,15.9,8,15.9,15.9,15.9,15.9,15.9,15.9,15.9,15.9,15.9,8,15.9,15.9,15.9,15.9,15.9,15.9,15.9,15.9,15.9,8,15.9,15.9,15.9,15.9,15.9,15.9,15.9,15.9,15.9,8,15.9,15.9,15.9,15.9,15.9,15.9,15.9,15.9,15.9,7.91,15.9,15.9,15.9,15.9,15.9,15.9,12,11.9
0.0000802,11.6,15.9,15.9,15.9,15.9,15.9,15.9,15.9,15.9,15.9,15.9,8.22,15.9,15.9,15.9,15.9,15.9,15.9,15.9,15.9,15.9,7.95,15.9,15.9,15.9,15.9,15.9,15.9,15.9,15.9,15.9,8.22,15.9,15.9,15.9,15.9,15.9,15.9,15.9,15.9,15.9,7.95,15.9,15.9,15.9,15.9,15.9,15.9,15.9,15.9,15.9,7.95,15.9,15.9,15.9,15.9,15.9,15.9,15.9,15.9,15.9,8,15.9,15.9,15.9,15.9,15.9,15.9,15.9,15.9,15.9,7.95,15.9,15.9,15.9,15.9,15.9,15.9,15.9,15.9,15.9,7.95,15.9,15.9,15.9,15.9,15.9,15.9,15.9,15.9,15.9,8,15.9,15.9,15.9,15.9,15.9,15.9,11.9,11.9
0.0000804,11.7,15.9,15.9,15.9,15.9,15.9,15.9,15.9,15.9,15.9,15.9,8.17,15.9,15.9,15.9,15.9,15.9,15.9,15.9,15.9,15.9,7.95,15.9,15.9,15.9,15.9,15.9,15.9,15.9,15.9,15.9,8.22,15.9,15.9,15.9,15.9,15.9,15.9,15.9,15.9,15.9,8,15.9,15.9,15.9,15.9,15.9,15.9,15.9,15.9,15.9,8,15.9,15.9,15.9,15.9,15.9,15.9,15.9,15.9,15.9,7.95,15.9,15.9,15.9,15.9,15.9,15.9,15.9,15.9,15.9,8,15.9,15.9,15.9,15.9,15.9,15.9,15.9,15.9,15.9,7.95,15.9,15.9,15.9,15.9,15.9,15.9,15.9,15.9,15.9,8,15.9,15.9,15.9,15.9,15.9,15.9,11.8,11.9
0.0000806,11.7,15.9,15.9,15.9,15.9,15.9,15.9,15.9,15.9,15.9,15.9,8.22,15.9,15.9,15.9,15.9,15.9,15.9,15.9,15.9,15.9,7.95,15.9,15.9,15.9,15.9,15.9,15.9,15.9,15.9,15.9,8.22,15.9,15.9,15.9,15.9,15.9,15.9,15.9,15.9,15.9,8,15.9,15.9,15.9,15.9,15.9,15.9,15.9,15.9,15.9,7.95,15.9,15.9,15.9,15.9,15.9,15.9,15.9,15.9,15.9,8,15.9,15.9,15.9,15.9,15.9,15.9,15.9,15.9,15.9,7.95,15.9,15.9,15.9,15.9,15.9,15.9,15.9,15.9,15.9,8,15.9,15.9,15.9,15.9,15.9,15.9,15.9,15.9,15.9,7.95,15.9,15.9,15.9,15.9,15.9,15.9,11.8,12
0.0000808,11.7,15.9,15.9,15.9,15.9,15.9,15.9,15.9,15.9,15.9,15.9,8.22,15.9,15.9,15.9,15.9,15.9,15.9,15.9,15.9,15.9,7.95,15.9,15.9,15.9,15.9,15.9,15.8,15.9,15.9,15.9,8.22,15.9,15.9,15.9,15.9,15.9,15.9,15.9,15.9,15.9,7.95,15.9,15.9,15.8,15.9,15.9,15.9,15.9,15.9,15.9,8,15.9,15.9,15.9,15.9,15.9,15.9,15.9,15.9,15.9,7.95,15.9,15.9,15.9,15.9,15.9,15.9,15.9,15.9,15.9,7.95,15.9,15.9,15.9,15.9,15.9,15.9,15.9,15.9,15.9,8.04,15.9,15.9,15.9,15.9,15.9,15.9,15.9,15.9,15.9,8,15.9,15.9,15.9,15.9,15.9,15.9,11.8,11.9
0.000081,11.7,15.9,15.9,15.9,15.9,15.9,15.9,15.9,15.9,15.9,15.9,8.17,15.9,15.9,15.9,15.9,15.9,15.9,15.9,15.9,15.9,8,15.9,15.9,15.9,15.9,15.9,15.9,15.9,15.9,15.9,8.22,15.9,16,15.9,15.9,15.9,15.9,15.9,15.9,15.9,8,15.9,15.9,15.9,15.9,15.9,15.9,15.9,15.9,15.9,7.95,15.9,15.9,15.9,15.9,15.9,15.9,15.9,15.9,15.9,8,15.9,15.9,15.9,15.9,15.9,15.9,15.9,15.9,15.9,8.04,15.9,15.9,15.9,15.9,15.9,15.9,15.9,15.9,15.9,8,15.9,15.9,15.9,15.9,15.9,15.9,15.9,15.9,15.9,8,15.9,15.9,15.9,15.9,15.9,15.9,11.9,11.9
0.0000812,11.8,15.9,15.9,15.9,15.9,15.9,15.9,15.9,15.9,15.9,15.9,8.22,15.9,15.9,15.9,15.9,15.9,15.9,15.9,15.9,15.9,8.04,15.9,15.9,15.9,15.9,15.9,15.9,15.9,15.9,15.9,8.22,15.9,15.9,15.9,15.9,15.9,15.9,15.9,15.9,15.9,8,15.9,15.9,15.9,15.9,15.9,15.9,15.9,15.9,15.9,8,15.9,15.9,15.9,15.9,15.9,15.9,15.9,15.9,15.9,7.95,15.9,15.9,15.9,15.9,15.9,15.9,15.9,15.9,15.9,8,15.9,15.9,15.9,15.9,15.9,15.9,15.9,15.9,15.9,8,15.9,15.9,15.9,15.9,15.9,15.9,15.9,15.9,15.9,7.91,15.9,15.9,15.9,15.9,15.9,15.9,11.9,11.9
0.0000814,11.9,15.9,15.9,15.9,15.9,15.9,15.9,15.9,15.9,15.9,15.9,8.17,15.9,15.9,15.9,15.9,15.9,15.9,15.9,15.9,15.9,8.13,15.9,15.9,15.9,15.9,15.9,15.9,15.9,15.9,15.9,8.22,15.9,15.9,15.9,15.9,15.9,15.9,15.9,15.9,15.9,8,15.9,15.9,15.9,15.9,15.9,15.9,15.9,15.9,15.9,7.95,15.9,15.9,15.9,15.9,15.9,15.9,15.9,15.9,15.9,8,15.9,15.9,15.9,15.9,15.9,15.9,15.9,15.9,15.9,8,15.9,15.9,15.9,15.9,15.9,15.9,15.9,15.9,15.9,8,15.9,15.9,15.9,15.9,15.9,15.9,15.9,15.9,15.9,8,15.9,15.9,15.9,15.9,15.9,15.9,11.9,11.9
0.0000816,11.9,15.9,15.9,15.9,15.9,15.9,15.9,15.9,15.9,15.9,15.9,8.17,15.9,15.9,15.9,15.9,15.9,15.9,15.9,15.9,15.9,8.17,15.9,15.9,15.9,15.9,15.9,15.9,15.9,15.9,15.9,8.22,15.9,15.9,15.9,15.9,15.9,15.9,15.9,15.9,15.9,8,15.9,15.9,15.9,15.9,15.9,15.9,15.9,15.9,15.9,8,15.9,15.9,15.9,15.9,15.9,15.9,15.9,15.9,15.9,7.95,15.9,15.9,15.9,15.9,15.9,15.9,15.9,15.9,15.9,8,15.9,15.9,15.9,15.9,15.9,15.9,15.9,15.9,15.9,8,15.9,15.9,15.9,15.9,15.9,15.9,15.9,15.9,15.9,8,15.9,15.9,15.9,15.9,15.9,15.9,11.9,12
0.0000818,11.9,15.9,15.9,15.9,15.9,15.9,15.9,15.9,15.9,15.9,15.9,8.17,15.9,15.9,15.9,15.9,15.9,15.9,15.9,15.9,15.9,8.13,15.9,15.9,15.9,15.9,15.9,15.9,15.9,15.9,15.9,8.22,15.9,15.9,15.9,15.9,15.9,15.9,15.9,15.9,15.9,8,15.9,15.9,15.9,15.9,15.9,15.9,15.9,15.9,15.9,8.13,15.9,15.9,15.9,15.9,15.9,15.9,15.9,15.9,15.9,7.95,15.9,15.9,15.9,15.9,15.9,15.9,15.9,15.9,15.9,7.95,16,15.9,15.9,15.9,15.9,15.9,15.9,15.9,15.9,7.95,15.9,15.9,15.9,15.9,15.9,15.9,15.9,15.9,15.9,7.95,15.9,15.9,15.9,15.9,15.9,15.9,11.9,11.9
0.000082,11.9,15.9,15.9,15.9,15.9,15.9,15.9,15.9,15.9,15.9,15.9,8.22,15.9,15.9,15.9,15.9,15.9,15.9,15.9,15.9,15.9,8.22,15.9,15.9,15.9,15.9,15.9,15.9,15.9,15.9,15.9,8.22,15.9,15.9,15.9,15.9,15.9,15.9,15.9,15.9,15.9,8,15.9,15.9,15.9,15.9,15.9,15.9,15.9,15.9,15.9,8.13,15.9,15.9,15.9,15.9,15.9,15.9,15.9,15.9,15.9,8.04,15.9,15.9,15.9,15.9,15.9,15.9,15.9,15.9,15.9,8,15.9,15.9,15.9,15.9,15.9,15.9,15.9,15.9,15.9,8.04,15.9,15.9,15.9,15.9,15.9,15.9,15.9,15.9,15.9,8,15.9,15.9,15.9,15.9,15.9,15.9,11.9,12
0.0000822,11.9,15.9,15.9,15.9,15.9,15.9,15.9,15.9,15.9,15.9,15.9,8.26,15.9,15.9,15.9,15.9,15.9,15.9,15.9,15.9,15.9,8.22,15.9,15.9,15.9,15.9,15.9,15.9,15.9,15.9,15.9,8.22,15.9,15.9,15.9,15.9,15.9,15.9,15.9,15.9,15.9,8,15.9,15.9,15.9,15.9,15.9,15.9,15.9,15.9,15.9,8.17,15.9,15.9,15.9,15.9,15.9,15.9,15.9,15.9,15.9,8.09,15.9,15.9,15.9,15.9,15.9,15.9,15.9,15.9,15.9,8,15.9,15.9,15.9,15.9,15.9,15.9,15.9,15.9,15.9,8,15.9,15.9,15.9,15.9,15.9,15.9,15.9,15.9,15.9,8,15.9,15.9,15.9,15.9,15.9,15.9,11.8,11.9
0.0000824,12,15.9,15.9,15.9,15.9,15.9,15.9,15.9,15.9,15.9,15.9,8.22,15.9,15.9,15.9,15.9,15.9,15.9,15.9,15.9,15.9,8.22,15.9,15.9,15.9,15.9,15.9,15.9,15.9,15.9,15.9,8.22,15.9,15.9,15.9,15.9,15.9,15.9,15.9,15.9,15.9,8,15.9,15.9,15.9,15.9,15.9,15.9,15.9,15.9,15.9,8.17,15.9,15.9,15.9,15.9,15.9,15.9,15.9,15.9,15.9,8.17,15.9,15.9,15.9,15.9,15.9,15.9,15.9,15.9,15.9,8.04,15.9,15.9,15.9,15.9,15.9,15.9,15.9,15.9,15.9,8.04,15.9,15.9,15.9,15.9,15.9,15.9,15.9,15.9,15.9,8,15.9,15.9,15.9,15.9,15.9,15.9,11.8,11.9
0.0000826,12,15.9,15.9,15.9,15.9,15.9,15.9,15.9,15.9,15.9,15.9,8.17,15.9,15.9,15.9,15.9,15.9,15.9,15.9,15.9,15.9,8.17,15.9,15.9,15.9,15.9,15.9,15.9,15.9,15.9,15.9,8.17,15.9,15.9,15.9,15.9,15.9,15.9,15.9,15.9,15.9,8.04,15.9,15.9,15.9,15.9,15.9,15.9,15.9,15.9,15.9,8.17,15.9,15.9,15.9,15.9,15.9,15.9,15.9,15.9,15.9,8.17,15.9,15.9,15.9,15.9,15.9,15.9,15.9,15.9,15.9,8.13,15.9,15.9,15.9,15.9,15.9,15.9,15.9,15.9,15.9,8.13,15.9,15.9,15.9,15.9,15.9,15.9,15.9,15.9,15.9,8.09,15.9,15.9,15.9,15.9,15.9,15.9,11.7,12
0.0000828,12,15.9,15.9,15.9,15.9,15.9,15.9,15.9,15.9,15.9,15.9,8.22,15.9,15.9,15.9,15.9,15.9,15.9,15.9,15.9,15.9,8.22,15.9,15.9,15.9,15.9,15.9,15.9,15.9,15.9,15.9,8.22,15.9,15.9,15.9,15.9,15.9,15.9,15.9,15.9,15.9,8.17,15.9,15.9,15.9,15.9,15.9,15.9,15.9,15.9,15.9,8.17,15.9,15.9,15.9,15.9,15.9,15.9,15.9,15.9,15.9,8.22,15.9,15.9,15.9,15.9,15.9,15.9,15.9,15.9,15.9,8.17,15.9,15.9,15.9,15.9,15.9,15.9,15.9,15.9,15.9,8.17,15.9,15.9,15.9,15.9,15.9,15.9,15.9,15.9,15.9,8.13,15.9,15.9,15.9,15.9,15.9,15.9,11.7,12
0.000083,12,15.9,15.9,15.9,15.9,15.9,15.9,15.9,15.9,15.9,15.9,8.26,15.9,15.9,15.9,15.8,15.9,15.9,15.9,15.9,15.9,8.22,15.9,15.9,15.9,15.9,15.9,15.9,15.9,15.9,15.9,8.22,15.9,15.9,15.9,15.9,15.9,15.9,15.9,15.9,15.9,8.13,15.9,15.9,15.9,15.9,15.9,15.9,15.9,15.9,15.9,8.22,15.9,15.9,15.9,15.9,15.9,15.9,15.9,15.9,15.9,8.22,15.9,15.9,15.9,15.9,15.9,15.9,15.9,15.9,15.9,8.22,15.9,15.9,15.9,15.9,15.9,15.9,15.9,15.9,15.9,8.17,15.9,15.9,15.9,15.9,15.9,15.9,15.9,15.9,15.9,8.26,15.9,15.9,15.9,15.9,15.9,15.9,11.8,11.9
0.0000832,12,15.9,15.9,15.9,15.9,15.9,15.9,15.9,15.9,15.9,15.9,8.17,15.9,15.9,15.9,15.9,15.9,15.9,15.9,15.9,15.9,8.17,15.9,15.9,15.9,15.9,15.9,15.9,15.9,15.9,15.9,8.22,15.9,15.9,15.9,15.9,15.9,15.9,15.9,15.9,15.9,8.22,15.9,15.9,15.9,15.9,15.9,15.9,15.9,15.9,15.9,8.22,15.9,15.9,15.9,15.9,15.9,15.9,15.9,15.9,15.9,8.22,15.9,15.9,15.9,15.9,15.9,15.9,15.9,15.9,15.9,8.22,15.9,15.9,15.9,15.9,15.9,15.9,15.9,15.9,15.9,8.22,15.9,15.9,15.9,15.9,15.9,15.9,15.9,15.9,15.9,8.17,15.9,15.9,15.9,15.9,15.9,15.9,11.8,11.9
0.0000834,12,15.9,15.9,15.9,15.9,15.9,15.9,15.9,15.9,15.9,15.9,8.22,15.9,15.9,15.9,15.9,15.9,15.9,15.9,15.9,15.9,8.17,15.9,15.9,15.9,15.9,15.9,15.9,15.9,15.9,15.9,8.22,15.9,15.9,15.9,15.9,15.9,15.9,15.9,15.9,15.9,8.22,15.9,15.9,15.9,15.9,15.9,15.9,15.9,15.9,15.9,8.22,15.9,15.9,15.9,15.9,15.9,15.9,15.9,15.9,15.9,8.22,15.9,15.9,15.9,15.9,15.9,15.9,15.9,15.9,15.9,8.17,15.9,15.9,15.9,15.9,15.9,15.9,15.9,15.9,15.9,8.22,15.9,15.9,15.9,15.9,15.9,15.9,15.9,15.9,15.9,8.22,15.9,15.9,15.9,15.9,15.9,15.9,11.9,11.9
0.0000836,11.9,15.9,15.9,15.9,15.9,15.9,15.9,15.9,15.9,15.9,15.9,8.26,15.9,15.9,15.9,15.9,15.9,15.9,15.9,15.9,15.9,8.22,15.9,15.9,15.9,15.9,15.9,15.9,15.9,15.9,15.9,8.22,15.9,15.9,15.9,15.9,15.9,15.9,15.9,15.9,15.9,8.22,15.9,15.9,15.9,15.9,15.9,15.9,15.9,15.9,15.9,8.26,15.9,15.9,15.9,15.9,15.9,15.9,15.9,15.9,15.9,8.22,15.9,15.9,15.9,15.9,15.9,15.9,15.9,15.9,15.9,8.22,15.9,15.9,15.9,15.9,15.9,15.9,15.9,15.9,15.9,8.22,15.9,15.9,15.9,15.9,15.9,15.9,15.9,15.9,15.9,8.22,15.9,15.9,15.9,15.9,15.9,15.9,11.9,11.9
0.0000838,12,15.9,15.9,15.9,15.9,15.9,15.9,15.9,15.9,15.9,15.9,8.26,15.9,15.9,15.9,15.9,15.9,15.9,15.9,15.9,15.9,8.22,15.9,15.9,15.9,15.9,15.9,15.9,15.9,15.9,15.9,8.26,15.9,15.9,15.9,15.9,15.9,15.9,15.9,15.9,15.9,8.26,15.9,15.9,15.9,15.9,15.9,15.9,15.9,15.9,15.9,8.22,15.9,15.9,15.9,15.9,15.9,15.9,15.9,15.9,15.9,8.22,15.9,15.9,15.9,15.9,15.9,15.9,15.9,15.9,15.9,8.22,15.9,15.9,15.9,15.9,15.9,15.9,15.9,15.9,15.9,8.22,15.9,15.9,15.9,15.9,15.9,15.9,15.9,15.9,15.9,8.26,15.9,15.9,15.9,15.9,15.9,15.9,11.9,11.9
0.000084,12,15.9,15.9,15.9,15.9,15.9,15.9,15.9,15.9,15.9,15.9,8.26,15.9,15.9,15.9,15.9,15.9,15.9,15.9,15.9,15.9,8.22,15.9,15.9,15.9,15.9,15.9,15.9,15.9,15.9,15.9,8.26,15.9,15.9,15.9,15.9,15.9,15.9,15.9,15.9,15.9,8.26,15.9,15.9,15.9,15.9,15.9,15.9,15.9,15.9,15.9,8.22,15.9,15.9,15.9,15.9,15.9,15.9,15.9,15.9,15.9,8.22,15.9,15.9,15.9,15.9,15.9,15.9,15.9,15.9,15.9,8.22,15.9,15.9,15.9,15.9,15.9,15.9,15.9,15.9,15.9,8.22,15.9,15.9,15.9,15.9,15.9,15.9,15.9,15.9,15.9,8.26,15.9,15.9,15.9,15.9,15.9,15.9,11.9,11.9
0.0000842,12.1,15.9,15.9,15.9,15.9,15.9,15.9,15.9,15.9,15.9,15.9,8.22,15.9,15.9,15.9,15.9,15.9,15.9,15.9,15.9,15.9,8.17,15.9,15.9,15.9,15.9,15.9,15.9,15.9,15.9,15.9,8.26,15.9,15.9,15.9,15.9,15.9,15.9,15.9,15.9,15.9,8.22,15.9,15.9,15.9,15.9,15.9,15.9,15.9,15.9,15.9,8.22,15.9,15.9,15.9,15.9,15.9,15.9,15.9,15.9,15.9,8.22,15.9,15.9,15.9,15.9,15.9,15.9,15.9,15.9,15.9,8.22,15.9,15.9,15.9,15.9,15.9,15.9,15.9,15.9,15.9,8.26,15.9,15.9,15.9,15.9,15.9,15.9,15.9,15.9,15.9,8.22,15.9,15.9,15.9,15.9,15.9,15.9,11.9,11.9
0.0000844,12.1,15.9,15.9,15.9,15.9,15.9,15.9,15.9,15.9,15.9,15.9,8.26,15.9,15.9,15.9,15.9,15.9,15.9,15.9,15.9,15.9,8.22,15.9,15.9,15.9,15.9,15.9,15.9,15.9,15.9,15.9,8.31,15.9,15.9,15.9,15.9,15.9,15.9,15.9,15.9,15.9,8.22,15.9,15.9,15.9,15.9,15.9,15.9,15.9,15.9,15.9,8.22,15.9,15.9,15.9,15.9,15.9,15.9,15.9,15.9,15.9,8.26,15.9,15.9,15.9,15.9,15.9,15.9,15.9,15.9,15.9,8.22,15.9,15.9,15.9,15.9,15.9,15.9,15.9,15.9,15.9,8.22,15.9,15.9,15.9,15.9,15.9,15.9,15.9,15.9,15.9,8.26,15.9,15.9,15.9,15.9,15.9,15.9,11.9,12
0.0000846,12.2,15.9,15.9,15.9,15.9,15.9,15.9,15.9,15.9,15.9,15.9,8.26,15.9,15.9,15.9,15.9,15.9,15.9,15.9,15.9,15.9,8.17,15.9,15.9,15.9,15.9,15.9,15.9,15.9,15.9,15.9,8.26,15.9,15.9,15.9,15.9,15.9,15.9,15.9,15.9,15.9,8.22,15.9,15.9,15.9,15.9,15.9,15.9,15.9,15.9,15.9,8.17,15.9,15.9,15.9,15.9,15.9,15.9,15.9,15.9,15.9,8.22,15.9,15.9,15.9,15.9,15.9,15.9,15.9,15.9,15.9,8.22,15.9,15.9,15.9,15.9,15.9,15.9,15.9,15.9,15.9,8.22,15.9,15.9,15.9,15.9,15.9,15.9,15.9,15.9,15.9,8.26,15.9,15.9,15.9,15.9,15.9,15.9,11.9,12
0.0000848,12.2,15.9,15.9,15.9,15.9,15.9,15.9,15.9,15.9,15.9,15.9,8.26,15.9,15.9,15.8,15.9,15.9,15.9,15.9,15.9,15.9,8.17,15.9,15.9,15.9,15.9,15.9,15.9,15.9,15.9,15.9,8.26,15.9,15.9,15.9,15.9,15.9,15.9,15.9,15.9,15.9,8.22,15.9,15.9,15.9,15.9,15.9,15.9,15.9,15.9,15.9,8.17,15.9,15.9,15.9,15.9,15.9,15.9,15.9,15.9,15.9,8.22,15.9,15.9,15.9,15.9,15.9,15.9,15.9,15.9,15.9,8.22,15.9,15.9,15.9,15.9,15.9,15.9,15.9,15.9,15.9,8.22,15.9,15.9,15.9,15.9,15.9,15.9,15.9,15.9,15.9,8.22,15.9,15.9,15.9,15.9,15.9,15.9,11.9,12
0.000085,12.2,15.9,15.9,15.9,15.9,15.9,15.9,15.9,15.9,15.9,15.9,8.26,15.9,15.9,15.9,15.9,15.9,15.9,15.9,15.9,15.9,8.22,15.9,15.9,15.9,15.9,15.9,15.9,15.9,15.9,15.9,8.31,15.9,15.9,15.9,15.9,15.9,15.9,15.9,15.9,15.9,8.17,15.9,15.9,15.9,15.9,15.9,15.9,15.9,15.9,15.9,8.22,15.9,15.9,15.9,15.9,15.9,15.9,15.9,15.9,15.9,8.22,15.9,15.9,15.9,15.9,15.9,15.9,15.9,15.9,15.9,8.17,15.9,15.9,15.9,15.9,15.9,15.9,15.9,15.9,15.9,8.22,15.9,15.9,15.9,15.9,15.9,15.9,15.9,15.9,15.9,8.22,15.9,15.9,15.9,15.9,15.9,15.9,11.8,11.9
0.0000852,12.1,15.9,15.9,15.9,15.9,15.9,15.9,15.9,15.9,15.9,15.9,8.31,15.9,15.9,15.9,15.9,15.9,15.9,15.9,15.9,15.9,8.17,15.9,15.9,15.9,15.9,15.9,15.9,15.9,15.9,15.9,8.31,15.9,15.9,15.9,15.9,15.9,15.9,15.9,15.9,15.9,8.22,15.9,15.9,15.9,15.9,15.9,15.9,15.9,15.9,15.9,8.22,15.9,15.9,15.9,15.9,15.9,15.9,15.9,15.9,15.9,8.17,15.9,15.9,15.9,15.9,15.9,15.9,15.9,15.9,15.9,8.22,15.9,15.9,15.9,15.9,15.9,15.9,15.9,15.9,15.9,8.22,15.9,15.9,15.9,15.9,15.9,15.9,15.9,15.9,15.9,8.22,15.9,15.9,15.9,15.9,15.9,15.9,11.8,12
0.0000854,12.1,15.9,15.9,15.9,15.9,15.9,15.9,15.9,15.9,15.9,15.9,8.31,15.9,15.9,15.9,15.9,15.9,15.9,15.9,15.9,15.9,8.22,15.9,15.9,15.9,15.9,15.9,15.9,15.9,15.9,15.9,8.31,15.9,15.9,15.9,15.9,15.9,15.9,15.9,15.9,15.9,8.17,15.9,15.9,15.9,15.9,15.9,15.9,15.9,15.9,15.9,8.22,15.9,15.9,15.9,15.9,15.9,15.9,15.9,15.9,15.9,8.22,15.9,15.9,15.9,15.9,15.9,15.9,15.9,15.9,15.9,8.22,15.9,15.9,15.9,15.9,15.9,15.9,15.9,15.9,15.9,8.22,15.9,15.9,15.9,15.9,15.9,15.9,15.9,15.9,15.9,8.22,15.9,15.9,15.9,15.9,15.9,15.9,11.8,11.9
0.0000856,12.1,15.9,15.9,15.9,15.9,15.8,15.9,15.9,15.9,15.9,15.9,8.31,15.9,15.9,15.9,15.9,15.9,15.9,15.9,15.9,15.9,8.22,15.9,15.9,15.9,15.9,15.9,15.9,15.9,15.9,15.9,8.35,15.9,15.9,15.9,15.8,15.9,15.9,15.9,15.9,15.9,8.22,15.9,15.9,15.9,15.9,15.9,15.9,15.9,15.9,15.9,8.22,15.9,15.9,15.9,15.9,15.9,15.9,15.9,15.9,15.9,8.17,15.9,15.9,15.8,15.9,15.9,15.9,15.9,15.9,15.9,8.22,15.9,15.9,15.9,15.9,15.9,15.9,15.9,15.9,15.9,8.22,15.9,15.9,15.9,15.9,15.9,15.9,15.9,15.9,15.9,8.22,15.9,15.9,15.9,15.9,15.9,15.9,11.9,11.9
0.0000858,12.1,15.9,15.9,15.9,15.9,15.9,15.9,15.9,15.9,15.9,15.9,8.31,15.9,15.9,15.9,15.9,15.9,15.9,15.9,15.9,15.9,8.22,15.9,15.9,15.9,15.9,15.9,15.9,15.9,15.9,15.9,8.35,15.9,15.9,15.9,15.9,15.9,15.9,15.9,15.9,15.9,8.17,15.9,15.9,15.9,15.9,15.9,15.9,15.9,15.9,15.9,8.22,15.9,15.9,15.9,15.9,15.9,15.9,15.9,15.9,15.9,8.17,15.9,15.9,15.9,15.9,15.9,15.9,15.9,15.9,15.9,8.22,15.9,15.9,15.9,15.9,15.9,15.9,15.9,15.9,15.9,8.22,15.9,15.9,15.9,15.9,15.9,15.9,15.9,15.9,15.9,8.26,15.9,15.9,15.9,15.9,15.9,15.9,11.9,11.9
0.000086,12.1,15.9,15.9,15.9,15.9,15.9,15.9,15.9,15.9,15.9,15.9,8.4,15.9,15.9,15.9,15.9,15.9,15.9,15.9,15.9,15.9,8.22,15.9,15.9,15.9,15.9,15.9,15.9,15.9,15.9,15.9,8.35,15.9,15.9,15.9,15.9,15.9,15.9,15.9,15.9,15.9,8.22,15.9,15.9,15.9,15.9,15.9,15.9,15.9,15.9,15.9,8.22,15.9,15.9,15.9,15.9,15.9,15.9,15.9,15.9,15.8,8.22,15.9,15.9,15.9,15.9,15.9,15.9,15.9,15.9,15.9,8.22,15.9,15.9,15.9,15.9,15.9,15.9,15.9,15.9,15.9,8.17,15.9,15.9,15.9,15.9,15.9,15.9,15.9,15.9,15.9,8.22,15.9,15.9,15.9,15.9,15.9,15.9,11.9,11.9
0.0000862,12.1,15.9,15.9,15.9,15.9,15.8,15.9,15.9,15.9,15.9,15.9,8.44,15.9,15.9,15.9,15.9,15.9,15.9,15.9,15.9,15.9,8.22,15.9,15.9,15.9,15.9,15.9,15.9,15.9,15.9,15.9,8.53,15.9,15.9,15.9,15.9,15.9,15.9,15.9,15.9,15.9,8.22,15.9,15.9,15.9,15.9,15.9,15.9,15.9,15.9,15.9,8.22,15.9,15.9,15.9,15.9,15.9,15.9,15.9,15.9,15.9,8.22,15.9,15.9,15.8,15.9,15.9,15.9,15.9,15.9,15.9,8.22,15.9,15.9,15.9,15.9,15.9,15.9,15.9,15.9,15.9,8.22,15.9,15.9,15.9,15.9,15.9,15.9,15.9,15.9,15.9,8.13,15.9,15.9,15.9,15.9,15.9,15.9,11.9,11.9
0.0000864,12.1,15.9,15.9,15.9,15.9,15.9,15.9,15.9,15.9,15.9,15.9,8.49,15.9,15.9,15.9,15.9,15.9,15.9,15.9,15.9,15.9,8.22,15.9,15.9,15.9,15.9,15.9,15.9,15.9,15.9,15.9,8.57,15.9,15.9,15.9,15.9,15.8,15.9,15.9,15.9,15.9,8.17,15.9,15.9,15.9,15.9,15.9,15.9,15.9,15.9,15.9,8.22,15.9,15.9,15.9,15.9,15.9,15.9,15.9,15.9,15.9,8.22,15.9,15.9,15.9,15.9,15.9,15.9,15.9,15.9,15.9,8.17,15.9,15.9,15.9,15.9,15.9,15.9,15.9,15.9,15.9,8.17,15.9,15.9,15.9,15.9,15.9,15.9,15.9,15.9,15.9,8.17,15.9,15.9,15.9,15.9,15.9,15.9,11.9,11.9
0.0000866,12.2,15.9,15.9,15.9,15.9,15.9,15.9,15.9,15.9,15.9,15.9,8.53,15.9,15.9,15.9,15.9,15.9,15.9,15.9,15.9,15.9,8.22,15.9,15.9,15.9,15.9,15.9,15.9,15.9,15.9,15.9,8.71,15.9,15.9,15.9,15.9,15.9,15.9,15.9,15.9,15.9,8.22,15.9,15.9,15.9,15.9,15.9,15.9,15.9,15.9,15.9,8.22,15.9,15.9,15.9,15.9,15.9,15.9,15.9,15.9,15.9,8.22,15.9,15.9,15.9,15.9,15.9,15.9,15.9,15.9,15.9,8.17,15.9,15.9,15.9,15.9,15.9,15.9,15.9,15.9,15.9,8.22,15.9,15.9,15.9,15.9,15.9,15.9,15.9,15.9,15.9,8.17,15.9,15.9,15.9,15.9,15.9,15.9,11.8,11.9
0.0000868,12.2,15.9,15.9,15.9,15.9,15.9,15.9,15.9,15.9,15.9,15.9,8.75,15.9,15.9,15.9,15.9,15.9,15.9,15.9,15.9,15.9,8.22,15.9,15.9,15.9,15.9,15.9,15.9,15.9,15.9,15.9,8.84,15.9,15.9,15.9,15.9,15.9,15.9,15.9,15.9,15.9,8.22,15.9,15.9,15.9,15.9,15.9,15.9,15.9,15.9,15.9,8.17,15.9,15.9,15.9,15.9,15.9,15.9,15.9,15.9,15.9,8.22,15.9,15.9,15.9,15.9,15.9,15.9,15.9,15.9,15.9,8.22,15.9,15.9,15.9,15.9,15.9,15.9,15.9,15.9,15.9,8.22,15.9,15.9,15.9,15.9,15.9,15.9,15.9,15.9,15.9,8.17,15.9,15.9,15.9,15.9,15.9,15.9,11.9,11.9
0.000087,12.2,15.9,15.9,15.9,15.9,15.9,15.9,15.9,15.9,15.9,15.9,8.93,15.9,15.9,15.9,15.9,15.9,15.9,15.9,15.9,15.9,8.22,15.9,15.9,15.9,15.9,15.9,15.9,15.9,15.9,15.9,8.97,15.9,15.9,15.9,15.9,15.9,15.9,15.9,15.9,15.9,8.17,15.9,15.9,15.9,15.9,15.9,15.9,15.9,15.9,15.9,8.17,15.9,15.9,15.9,15.9,15.9,15.9,15.9,15.9,15.9,8.22,15.9,15.9,15.9,15.9,15.9,15.9,15.9,15.9,15.9,8.22,15.9,15.9,15.9,15.9,15.9,15.9,15.9,15.9,15.9,8.22,15.9,15.9,15.9,15.9,15.9,15.9,15.9,15.9,15.9,8.22,15.9,15.9,15.9,15.9,15.9,15.9,11.8,11.9
0.0000872,12.3,15.9,15.9,15.9,15.9,15.9,15.9,15.9,15.9,15.9,15.9,9.02,15.9,15.9,15.9,15.9,15.9,15.9,15.9,15.9,15.9,8.22,15.9,15.9,15.9,15.9,15.9,15.9,15.9,15.9,15.9,9.11,15.9,15.9,15.9,15.9,15.9,15.9,15.9,15.9,15.9,8.17,15.9,15.9,15.9,15.9,15.9,15.9,15.9,15.9,15.9,8.17,15.9,15.9,15.9,15.9,15.9,15.9,15.9,15.9,15.9,8.26,15.9,15.9,15.9,15.9,15.9,15.9,15.9,15.9,15.9,8.17,15.9,15.9,15.9,15.9,15.9,15.9,15.9,15.9,15.9,8.17,15.9,15.9,15.9,15.9,15.9,15.9,15.9,15.9,15.9,8.22,15.9,15.9,15.9,15.9,15.9,15.9,11.9,11.9
0.0000874,12.2,16,15.9,15.9,15.9,15.9,15.8,15.9,15.9,15.9,15.9,9.2,15.9,15.9,15.9,15.9,15.9,15.9,15.9,15.9,15.9,8.22,15.9,15.9,15.9,15.9,15.9,15.9,15.9,15.9,15.9,9.24,15.9,15.9,15.9,15.9,15.9,15.9,15.9,15.9,15.9,8.22,15.9,15.9,15.9,15.9,15.9,15.9,15.9,15.9,15.9,8.26,15.9,15.9,15.9,15.9,15.9,15.9,15.9,15.9,15.9,8.22,15.9,15.9,15.9,15.9,15.9,15.9,15.9,15.9,15.9,8.17,15.9,15.9,15.9,15.9,15.9,15.9,15.9,15.9,15.9,8.17,15.9,15.9,15.9,15.9,15.9,15.9,15.9,15.9,15.9,8.22,15.9,15.9,15.9,15.9,15.9,15.9,11.8,11.9
0.0000876,12.2,15.9,15.9,15.9,15.9,15.9,15.9,15.9,15.9,15.9,15.9,9.29,15.9,15.9,15.9,15.9,15.9,15.9,15.9,15.9,15.9,8.26,15.9,15.9,15.9,15.9,15.9,15.9,15.9,15.9,15.9,9.33,15.9,15.9,15.9,15.9,15.9,15.9,15.9,15.9,15.9,8.17,15.9,15.9,15.9,15.9,15.9,15.9,15.9,15.9,15.9,8.26,15.9,15.9,15.9,15.9,15.9,15.9,15.9,15.9,15.9,8.22,15.9,15.9,15.9,15.9,15.9,15.9,15.9,15.9,15.9,8.22,15.9,15.9,15.9,15.9,15.9,15.9,15.9,15.9,15.9,8.22,15.9,15.9,15.9,15.9,15.9,15.9,15.9,15.9,15.9,8.22,15.9,15.9,15.9,15.9,15.9,15.9,11.9,11.9
0.0000878,12.2,15.9,15.9,15.9,15.9,15.9,15.9,15.9,15.9,15.9,15.9,9.42,15.9,15.9,15.9,15.9,15.9,15.9,15.9,15.9,15.9,8.26,15.9,15.9,15.9,15.9,15.9,15.9,15.9,15.9,15.9,9.51,15.9,15.9,15.9,15.9,15.9,15.9,15.9,15.9,15.9,8.22,15.9,15.9,15.9,15.9,15.9,15.9,15.9,15.9,15.9,8.22,15.9,15.9,15.9,15.9,15.9,15.9,15.9,15.9,15.9,8.17,15.9,15.9,15.9,15.9,15.9,15.9,15.9,15.9,15.9,8.22,15.9,15.9,15.9,15.9,15.9,15.9,15.9,15.9,15.9,8.22,15.9,15.9,15.9,15.9,15.9,15.9,15.9,15.9,15.9,8.17,15.9,15.9,15.9,15.9,15.9,15.9,11.9,11.9
0.000088,12.1,15.9,15.9,15.9,15.9,15.9,15.9,15.9,15.9,15.9,15.9,9.55,15.9,15.9,15.9,15.9,15.9,15.9,15.9,15.9,15.9,8.22,15.9,15.9,15.9,15.9,15.9,15.9,15.9,15.9,15.9,9.64,15.9,15.9,15.9,15.9,15.9,15.9,15.9,15.9,15.9,8.22,15.9,15.9,15.9,15.9,15.9,15.9,15.9,15.9,15.9,8.22,15.9,15.9,15.9,15.9,15.9,15.9,15.9,15.9,15.9,8.22,15.9,15.9,15.9,15.9,15.9,15.9,15.9,15.9,15.9,8.22,15.9,15.9,15.9,15.9,15.9,15.9,15.9,15.9,15.9,8.22,15.9,15.9,15.9,15.9,15.9,15.9,15.9,15.9,15.9,8.26,15.9,15.9,15.9,15.9,15.9,15.9,11.8,11.9
0.0000882,12.2,15.9,15.9,15.9,15.9,15.9,15.9,15.9,15.9,15.9,15.9,9.55,15.9,15.9,15.9,15.9,15.9,15.9,15.9,15.9,15.9,8.22,15.9,15.9,15.9,15.9,15.9,15.9,15.9,15.9,15.9,9.77,15.9,15.9,15.9,15.9,15.9,15.9,15.9,15.9,15.9,8.22,15.9,15.9,15.9,15.9,15.9,15.9,15.9,15.9,15.9,8.22,15.9,15.9,15.9,15.9,15.9,15.9,15.9,15.9,15.9,8.26,15.9,15.9,15.9,15.9,15.9,15.9,15.9,15.9,15.9,8.22,15.9,15.9,15.9,15.9,15.9,15.9,15.9,15.9,15.9,8.22,15.9,15.9,15.9,15.9,15.9,15.9,15.9,15.9,15.9,8.17,15.9,15.9,15.9,15.9,15.9,15.9,11.9,11.9
0.0000884,12.2,15.9,15.9,15.9,15.9,15.9,15.9,15.9,15.9,15.9,15.9,9.69,15.9,15.9,15.9,15.9,15.9,15.9,15.9,15.9,15.9,8.26,15.9,15.9,15.9,15.9,15.9,15.9,15.9,15.9,15.9,9.91,15.9,15.9,15.9,15.9,15.9,15.9,15.9,15.9,15.9,8.22,15.9,15.9,15.9,15.9,15.9,15.9,15.9,15.9,15.9,8.26,15.9,15.9,15.9,15.9,15.9,15.9,15.9,15.9,15.9,8.26,15.9,15.9,15.9,15.9,15.9,15.9,15.9,15.9,15.9,8.22,15.9,15.9,15.9,15.9,15.9,15.9,15.9,15.9,15.9,8.22,15.9,15.9,15.9,15.9,15.9,15.9,15.9,15.9,15.9,8.22,15.9,15.9,15.9,15.9,15.9,15.9,11.8,11.9
0.0000886,12.2,15.9,15.9,15.9,15.9,15.9,15.9,15.9,15.9,15.9,15.9,9.73,15.9,15.9,15.9,15.9,15.9,15.9,15.9,15.9,15.9,8.26,15.9,15.9,15.9,15.9,15.9,15.9,15.9,15.9,15.9,10,15.9,15.9,15.9,15.9,15.9,15.9,15.9,15.9,15.9,8.26,15.9,15.9,15.9,15.9,15.9,15.9,15.9,15.9,15.9,8.26,15.9,15.9,15.9,15.9,15.9,15.9,15.9,15.9,15.9,8.31,15.9,15.9,15.9,15.9,15.9,15.9,15.9,15.9,15.9,8.22,15.9,15.9,15.9,15.9,15.9,15.9,15.9,15.9,15.9,8.22,15.9,15.9,15.9,15.9,15.9,15.9,15.9,15.9,15.9,8.26,15.9,15.9,15.9,15.9,15.9,15.9,11.8,11.9
0.0000888,12.2,15.9,15.9,15.9,15.9,15.9,15.9,15.9,15.9,15.9,15.9,9.86,15.8,15.9,15.9,15.9,15.9,15.9,15.9,15.9,15.9,8.31,15.9,15.9,15.9,15.9,15.9,15.9,15.9,15.9,15.9,10.1,15.9,15.9,15.9,15.9,15.9,15.9,15.9,15.9,15.9,8.22,15.9,15.9,15.9,15.9,15.9,15.9,15.9,15.9,15.9,8.31,15.9,15.9,15.9,15.9,15.9,15.9,15.9,15.9,15.9,8.26,15.9,15.9,15.9,15.9,15.9,15.9,15.9,15.9,15.9,8.31,15.9,15.9,15.9,15.9,15.9,15.9,15.9,15.9,15.9,8.17,15.9,15.9,15.9,15.9,15.9,15.9,15.9,15.9,15.9,8.22,15.9,15.9,15.9,15.9,15.9,15.9,11.8,11.9
0.000089,12.2,15.9,15.9,15.9,15.9,15.9,15.9,15.9,15.9,15.9,15.9,10,15.9,15.9,15.9,15.9,15.9,15.9,15.9,15.9,15.9,8.26,15.9,15.9,15.9,15.9,15.9,15.9,15.9,15.9,15.9,10.2,15.9,15.9,15.9,15.9,15.9,15.9,15.9,15.9,15.9,8.26,15.9,15.9,15.9,15.9,15.9,15.9,15.9,15.9,15.9,8.26,15.9,15.9,15.9,15.8,15.9,15.9,15.9,15.9,15.9,8.26,15.9,15.9,15.9,15.9,15.9,15.9,15.9,15.9,15.9,8.26,15.9,15.9,15.9,15.9,15.9,15.9,15.9,15.9,15.9,8.22,15.9,15.9,15.9,15.9,15.9,15.9,15.9,15.9,15.9,8.22,15.9,15.9,15.9,15.9,15.9,15.9,11.8,11.9
0.0000892,12.2,15.9,15.9,15.9,15.9,15.9,15.9,15.9,15.9,15.9,15.9,10.2,15.9,15.9,15.9,15.9,15.9,15.9,15.9,15.9,15.9,8.22,15.9,15.9,15.9,15.9,15.9,15.9,15.9,15.9,15.9,10.3,15.9,15.9,15.9,15.9,15.9,15.9,15.9,15.9,15.9,8.22,15.9,15.9,15.9,15.9,15.9,15.9,15.9,15.9,15.9,8.31,15.9,15.9,15.9,15.9,15.9,15.9,15.9,15.9,15.9,8.22,15.9,15.9,15.9,15.9,15.9,15.9,15.9,15.9,15.9,8.26,15.9,15.9,15.9,15.9,15.9,15.9,15.9,15.9,15.9,8.26,15.9,15.9,15.9,15.9,15.9,15.9,15.9,15.9,15.9,8.22,15.9,15.9,15.9,15.9,15.9,15.9,11.8,12
0.0000894,12.2,15.9,15.9,15.9,15.9,15.9,15.9,15.9,15.9,15.9,15.9,10.3,15.9,15.9,15.9,15.9,15.9,15.9,15.9,15.9,15.9,8.31,15.9,15.9,15.9,15.9,15.9,15.9,15.9,15.9,15.9,10.4,15.9,15.9,15.9,15.9,15.9,15.9,15.9,15.9,15.9,8.26,15.9,15.9,15.9,15.9,15.9,15.9,15.9,15.9,15.9,8.26,15.9,15.9,15.9,15.9,15.9,15.9,15.9,15.9,15.9,8.26,15.9,15.9,15.9,15.9,15.9,15.9,15.9,15.9,15.9,8.31,15.9,15.9,15.9,15.9,15.9,15.9,15.9,15.9,15.9,8.26,15.9,15.9,15.9,15.9,15.9,15.9,15.9,15.9,15.9,8.26,15.9,15.9,15.9,15.9,15.9,15.9,11.9,11.9
0.0000896,12.2,15.9,15.9,15.9,15.9,15.9,15.9,15.9,15.9,15.9,15.9,10.4,15.9,15.9,15.9,15.9,15.9,15.9,15.9,15.9,15.9,8.31,15.9,15.9,15.9,15.9,15.9,15.9,15.9,15.9,15.9,10.5,15.9,15.9,15.9,15.9,15.9,15.9,15.9,15.9,15.9,8.26,15.9,15.9,15.9,15.9,15.9,15.9,15.9,15.9,15.9,8.26,15.9,15.9,15.9,15.9,15.9,15.9,15.9,15.9,15.9,8.26,15.9,15.9,15.9,15.9,15.9,15.9,15.9,15.9,15.9,8.31,15.9,15.9,15.9,15.9,15.9,15.9,15.9,15.9,15.9,8.26,15.9,15.9,15.9,15.9,15.9,15.9,15.9,15.9,15.9,8.22,15.9,15.9,15.9,15.9,15.9,15.9,11.9,11.9
0.0000898,12.2,15.9,15.9,15.9,15.9,15.9,15.9,15.9,15.9,15.9,15.9,10.5,15.9,15.9,15.9,15.9,15.9,15.9,15.9,15.9,15.9,8.4,15.9,15.9,15.9,15.9,15.9,15.9,15.9,15.9,15.9,10.6,15.9,15.9,15.9,15.9,15.9,15.9,15.9,15.9,15.9,8.26,15.9,15.9,15.9,15.9,15.9,15.9,15.9,15.9,15.9,8.35,15.9,15.9,15.9,15.9,15.9,15.9,15.9,15.9,15.9,8.26,15.9,15.9,15.9,15.9,15.9,15.9,15.9,15.9,15.9,8.26,15.9,15.9,15.9,15.9,15.9,15.9,15.9,15.9,15.9,8.31,15.9,15.9,15.9,15.9,15.9,15.9,15.9,15.9,15.9,8.26,15.9,15.9,15.9,15.9,15.9,15.9,11.8,11.9
0.00009,12.2,15.9,15.9,15.9,15.9,15.9,15.9,15.9,15.9,15.9,15.9,10.7,15.9,15.9,15.9,15.9,15.9,15.9,15.9,15.9,15.9,8.4,15.9,15.9,15.9,15.9,15.9,15.9,15.9,15.9,15.9,10.7,15.9,15.9,15.9,15.9,15.9,15.9,15.9,15.9,15.9,8.26,15.9,15.9,15.9,15.9,15.9,15.9,15.9,15.9,15.9,8.31,15.9,15.9,15.9,15.9,15.9,15.9,15.9,15.9,15.9,8.31,15.9,15.9,15.9,15.9,15.9,15.9,15.9,15.9,15.9,8.26,15.9,15.9,15.9,15.9,15.9,15.9,15.9,15.9,15.9,8.31,15.9,15.9,15.9,15.9,15.9,15.9,15.9,15.9,15.9,8.26,15.9,15.9,15.9,15.9,15.9,15.9,11.9,11.9
0.0000902,12.2,15.9,15.9,15.9,15.9,15.9,15.9,15.9,15.9,15.9,15.9,10.7,15.9,15.9,15.9,15.9,15.9,15.9,15.9,15.9,15.9,8.4,15.9,15.9,15.9,15.9,15.9,15.9,15.9,15.9,15.9,10.8,15.9,15.9,15.9,15.9,15.9,15.9,15.9,15.9,15.9,8.26,15.9,15.9,15.8,15.9,15.9,15.9,15.9,15.9,15.9,8.31,15.9,15.9,15.9,15.9,15.9,15.9,15.9,15.9,15.9,8.26,15.9,15.9,15.9,15.9,15.9,15.9,15.9,15.9,15.9,8.26,15.9,15.9,15.9,15.9,15.9,15.9,15.9,15.9,15.9,8.26,15.9,15.9,15.9,15.9,15.9,15.9,15.9,15.9,15.9,8.31,15.9,15.9,15.9,15.9,15.9,15.9,11.7,11.9
0.0000904,12.2,15.9,15.9,15.9,15.9,15.9,15.9,15.9,15.9,15.9,15.9,10.8,15.9,15.9,15.9,15.9,16,15.9,15.9,15.9,15.9,8.49,15.9,15.9,15.9,15.9,15.9,15.9,15.9,15.9,15.9,10.9,15.9,15.9,15.9,15.9,15.9,15.9,15.9,15.9,15.9,8.31,15.9,15.9,15.9,15.9,15.9,15.9,15.9,15.9,15.9,8.35,15.9,15.9,15.9,15.9,15.9,15.9,15.9,15.9,15.9,8.35,15.9,15.9,15.9,15.9,15.9,15.9,15.9,15.9,15.9,8.26,15.9,15.9,15.9,15.9,15.9,15.9,15.9,15.9,15.9,8.26,15.9,15.9,15.9,15.9,15.9,15.9,15.9,15.9,15.9,8.31,15.9,15.9,15.9,15.9,15.9,15.8,11.8,11.9
0.0000906,12.2,15.9,15.9,15.9,15.9,15.9,15.9,15.9,15.9,15.9,15.9,10.8,15.9,15.9,15.9,15.9,15.9,15.9,15.9,15.9,15.9,8.62,15.9,15.9,15.9,15.9,15.9,15.9,15.9,15.9,15.9,11,15.9,15.9,15.9,15.9,15.9,15.9,15.9,15.9,15.9,8.31,15.9,15.9,15.9,15.9,15.9,15.9,15.9,15.9,15.9,8.4,15.9,15.9,15.9,15.9,15.9,15.9,15.9,15.9,15.9,8.31,15.9,15.9,15.9,15.9,15.9,15.9,15.9,15.9,15.9,8.31,15.9,15.9,15.9,15.9,15.9,15.9,15.9,15.9,15.9,8.26,15.9,15.9,15.9,15.9,15.9,15.9,15.9,15.9,15.9,8.31,15.9,15.9,15.9,15.9,15.9,15.9,11.8,11.9
0.0000908,12.2,15.9,15.9,15.9,15.9,15.9,15.9,15.9,15.9,15.9,15.9,10.9,15.9,15.9,15.9,16,15.9,15.9,15.9,15.9,15.9,8.75,15.9,15.9,15.9,15.9,15.9,15.9,15.9,15.9,15.9,11,15.9,15.9,15.9,15.9,15.9,15.9,15.9,15.9,15.9,8.31,15.9,15.9,15.9,15.9,15.9,15.9,15.9,15.9,15.9,8.44,15.9,15.9,15.9,15.9,15.9,15.9,15.9,15.9,15.9,8.4,15.9,15.9,15.9,15.9,15.9,15.9,15.9,15.9,15.9,8.31,15.9,15.9,15.9,15.9,15.9,15.9,15.9,15.9,15.9,8.31,15.9,16,15.9,15.9,15.9,15.9,15.9,15.9,15.9,8.26,15.9,15.9,15.9,15.9,15.9,15.9,11.8,11.9
0.000091,12.2,15.9,15.9,15.9,15.9,15.9,15.9,15.9,15.9,15.9,15.9,11,15.9,15.9,15.9,15.9,15.9,15.9,15.9,15.9,15.9,8.97,15.9,15.9,15.9,15.9,15.9,15.9,15.9,15.9,15.9,11.1,15.9,15.9,15.9,15.9,15.9,15.9,15.9,15.9,15.9,8.35,15.9,15.9,15.9,15.9,15.9,15.9,15.9,15.9,15.9,8.57,15.9,15.9,15.9,15.9,15.9,15.9,15.9,15.9,15.9,8.49,15.9,15.9,15.9,15.9,15.9,15.9,15.9,15.9,15.9,8.31,15.9,15.9,15.9,15.9,15.9,15.9,15.9,15.9,15.9,8.35,15.9,15.9,15.9,15.9,15.9,15.9,15.9,15.9,15.9,8.35,15.9,15.9,15.9,15.9,15.9,15.9,11.8,11.8
0.0000912,12.2,15.9,15.9,15.9,15.9,15.8,15.9,15.9,15.9,15.9,15.9,11,15.9,15.9,15.9,15.9,15.9,15.9,15.9,15.9,15.9,9.11,15.9,15.9,15.9,15.9,15.9,15.9,15.9,15.9,15.9,11.1,15.9,15.9,15.9,15.9,15.9,15.9,15.9,15.9,15.9,8.31,15.9,15.9,15.9,15.9,15.9,15.9,15.9,15.9,15.9,8.62,15.9,15.9,15.9,15.9,15.9,15.9,15.9,15.9,15.9,8.49,15.9,15.9,15.9,15.9,15.9,15.9,15.9,15.9,15.9,8.35,15.9,15.9,15.9,15.9,15.9,15.9,15.9,15.9,15.9,8.35,15.9,15.9,15.9,15.9,15.9,15.9,15.9,15.9,15.9,8.35,15.9,15.9,15.9,15.9,15.9,15.9,11.9,11.8
0.0000914,12.2,15.9,15.9,15.9,15.9,15.9,15.9,15.9,15.9,15.9,15.9,11.1,15.9,15.9,15.9,15.9,15.9,15.9,15.9,15.9,15.9,9.2,15.9,15.9,15.9,15.9,15.9,15.9,15.9,15.9,15.9,11.2,15.9,15.9,15.9,15.9,15.9,15.9,15.9,15.9,15.9,8.35,15.9,15.9,15.9,15.9,15.9,15.9,15.9,15.9,15.9,8.8,15.9,15.9,15.9,15.9,15.9,15.9,15.9,15.9,15.9,8.71,15.9,15.9,15.9,15.9,15.9,15.9,15.9,15.9,15.9,8.44,15.9,15.9,15.9,15.9,15.9,15.9,15.9,15.9,15.9,8.44,15.9,15.9,15.9,15.9,15.9,15.9,15.9,15.9,15.9,8.4,15.9,15.9,15.9,15.9,15.9,15.9,11.9,11.8
0.0000916,12.2,15.9,15.9,15.9,15.9,15.9,15.9,15.9,15.9,15.9,15.9,11.2,15.9,15.9,15.9,15.9,15.9,15.9,15.9,15.9,15.9,9.33,15.9,15.9,15.9,15.9,15.9,15.9,15.9,15.9,15.9,11.3,15.9,15.9,15.9,15.9,15.9,15.9,15.9,15.9,15.9,8.4,15.9,15.9,15.9,15.9,15.9,15.9,15.9,15.9,15.9,8.93,15.9,15.9,15.9,15.9,15.9,15.9,15.9,15.9,15.9,8.8,15.9,15.9,15.9,15.9,15.9,15.9,15.9,15.9,15.9,8.49,15.9,15.9,15.9,15.9,15.9,15.9,15.9,15.9,15.9,8.62,15.9,15.9,15.9,15.9,15.9,15.9,15.9,15.9,15.9,8.44,15.9,15.9,15.9,15.9,15.9,15.9,12,11.8
0.0000918,12.1,15.9,15.9,15.9,15.9,15.9,15.9,15.9,15.9,15.9,15.9,11.2,15.9,15.9,15.9,15.9,15.9,15.9,15.9,15.9,15.9,9.42,15.9,15.9,15.9,15.9,15.9,15.9,15.9,15.9,15.9,11.3,15.9,15.9,15.9,15.9,15.9,15.9,15.9,15.9,15.9,8.57,15.9,15.9,15.9,15.9,15.9,15.9,15.9,15.9,15.9,9.11,15.9,15.9,15.9,15.9,15.9,15.9,15.9,15.9,15.9,8.97,15.9,15.9,15.9,15.9,15.9,15.9,15.9,15.9,15.9,8.62,15.9,15.9,15.9,15.9,15.9,15.9,15.9,15.9,15.9,8.66,15.9,15.9,15.9,15.9,15.9,15.9,15.9,15.9,15.9,8.49,15.9,15.9,15.9,15.9,15.9,15.9,12,11.8
0.000092,12.1,15.9,15.9,15.9,15.9,15.9,15.9,15.9,15.9,15.9,15.9,11.2,15.9,15.9,15.9,15.9,15.9,15.9,15.9,15.9,15.9,9.55,15.9,15.9,15.9,15.9,15.9,15.9,15.9,15.9,15.9,11.3,15.9,15.9,15.9,15.9,15.9,15.9,15.9,15.9,15.9,8.66,15.9,15.9,15.9,15.9,15.9,15.9,15.9,15.9,15.9,9.33,15.9,15.9,15.9,15.9,15.9,15.9,15.9,15.9,15.9,9.06,15.9,15.9,15.9,15.9,15.9,15.9,15.9,15.9,15.9,8.75,15.9,15.9,15.9,15.9,15.9,15.9,15.9,15.9,15.9,8.8,15.9,15.9,15.9,15.9,15.9,15.9,15.9,15.9,15.9,8.62,15.9,15.9,15.9,15.9,15.9,15.9,12,11.9
0.0000922,12.1,15.9,15.9,15.9,15.9,15.9,15.9,15.9,15.9,15.9,15.9,11.3,15.9,15.9,15.9,15.9,15.9,15.9,15.9,15.9,15.9,9.6,15.9,15.9,15.9,15.9,15.9,15.9,15.9,15.9,15.9,11.3,15.9,15.9,15.9,15.9,15.9,15.9,15.9,15.9,15.9,8.84,15.9,15.9,15.9,15.9,15.9,15.9,15.9,15.9,15.9,9.51,15.9,15.9,15.9,15.9,15.9,15.9,15.9,15.9,15.9,9.2,15.9,15.9,15.9,15.9,15.9,15.9,15.9,15.9,15.9,8.84,15.9,15.9,15.9,15.9,15.9,15.9,15.9,15.9,15.9,8.97,15.9,15.9,15.9,15.9,15.9,15.9,15.9,15.9,15.9,8.75,15.9,15.9,15.9,15.9,15.9,15.9,12,11.9
0.0000924,12.1,15.9,15.9,15.9,15.9,15.9,15.9,16,15.9,15.9,15.9,11.4,15.9,15.9,15.9,15.9,15.9,15.9,15.9,15.9,15.9,9.69,15.9,15.9,15.9,15.9,15.9,15.9,15.9,15.9,15.9,11.4,15.9,15.9,15.9,15.9,15.9,15.9,15.9,15.9,15.9,9.02,15.9,15.9,15.9,15.9,15.9,15.9,15.9,15.9,15.9,9.6,15.9,15.9,15.9,15.9,15.9,15.9,15.9,15.9,15.9,9.29,15.9,15.9,15.9,15.9,15.9,15.9,15.9,15.9,15.9,8.97,15.9,15.9,15.9,15.9,15.9,15.9,15.9,15.9,15.9,8.97,15.9,15.9,15.9,15.9,15.9,15.9,15.9,15.9,15.9,8.89,15.9,15.9,15.9,15.9,15.9,15.9,12,11.9
0.0000926,12.2,15.9,15.9,15.9,15.9,15.9,15.9,15.9,15.9,15.9,15.9,11.5,15.9,15.9,15.9,15.9,15.9,15.9,15.9,15.9,15.9,9.86,15.9,15.9,15.9,15.9,15.9,15.9,15.9,15.9,15.9,11.5,15.9,15.9,15.9,15.9,15.9,15.9,15.9,15.9,15.9,9.2,15.9,15.9,15.9,15.9,15.9,15.9,15.9,15.9,15.9,9.77,15.9,15.9,15.9,15.9,15.9,15.9,15.9,15.9,15.9,9.42,15.9,15.9,15.9,15.9,15.9,15.9,15.9,15.9,15.9,9.15,15.9,15.9,15.9,15.9,15.9,15.9,15.9,15.9,15.9,9.06,15.9,15.9,15.9,15.9,15.9,15.9,15.9,15.9,15.9,9.06,15.9,15.9,15.9,15.9,15.9,15.9,12,11.9
0.0000928,12.1,15.9,15.9,15.9,15.9,15.9,15.9,15.9,15.9,15.9,15.9,11.5,15.9,15.9,15.9,15.9,15.9,15.9,15.9,15.9,15.9,9.95,15.9,15.9,15.9,15.9,15.9,15.9,15.9,15.9,15.9,11.5,15.9,15.9,15.9,15.9,15.9,15.9,15.9,15.9,15.9,9.29,15.9,15.9,15.9,15.9,15.9,15.9,15.9,15.9,15.9,9.77,15.9,15.9,15.9,15.9,15.9,15.9,15.9,15.9,15.9,9.51,15.9,15.9,15.9,15.9,15.9,15.9,15.9,15.9,15.9,9.29,15.9,15.8,15.9,15.9,15.9,15.9,15.9,15.9,15.9,9.2,15.9,15.9,15.9,15.9,15.9,15.9,15.9,15.9,15.9,9.2,15.9,15.9,15.9,15.9,15.9,15.9,12,11.9
0.000093,12.2,15.9,15.9,15.9,15.9,15.9,15.9,15.9,15.9,15.9,15.9,11.5,15.9,15.9,15.9,15.9,15.9,15.9,15.9,15.9,15.9,10.2,15.9,15.9,15.9,15.9,15.9,15.9,15.9,15.9,15.9,11.6,15.9,15.9,15.9,15.9,15.9,15.9,15.9,15.9,15.9,9.42,15.9,15.9,15.9,15.9,15.9,15.9,15.9,15.9,15.9,9.95,15.9,15.9,15.9,15.9,15.9,15.9,15.9,15.9,15.9,9.6,15.9,15.9,15.9,15.9,15.9,15.8,15.9,15.9,15.9,9.42,15.9,15.9,15.9,15.9,15.9,15.9,15.9,15.9,15.9,9.33,15.9,15.9,15.9,15.9,15.9,15.9,15.9,15.9,15.9,9.42,15.9,15.9,15.9,15.9,15.9,15.9,11.9,11.9
0.0000932,12.3,15.9,15.9,15.9,15.9,15.9,15.9,15.9,15.9,15.9,15.9,11.6,15.9,15.9,15.9,15.9,15.9,15.9,15.9,15.9,15.9,10.3,15.9,15.9,15.9,15.9,15.9,15.9,15.9,15.9,15.9,11.6,15.9,15.9,15.9,15.9,15.9,15.9,15.9,15.9,15.9,9.55,15.9,15.9,15.9,15.9,15.9,15.9,15.9,15.9,15.9,9.95,15.9,15.9,15.9,15.9,15.9,15.9,15.9,15.9,15.9,9.77,15.9,15.9,15.9,15.9,15.9,15.9,15.9,15.9,15.9,9.55,15.9,15.9,15.9,15.9,15.9,15.9,15.9,15.9,15.9,9.42,15.9,15.9,15.9,15.9,15.9,15.9,15.9,15.9,15.9,9.46,15.9,15.9,15.9,15.9,15.9,15.9,11.9,11.9
0.0000934,12.2,15.9,15.9,15.9,15.9,15.9,15.9,15.9,15.9,15.9,15.9,11.6,15.9,15.9,15.9,15.9,15.9,15.9,15.9,15.9,15.9,10.4,15.9,15.9,15.9,15.9,15.9,15.9,15.9,15.9,15.9,11.6,15.9,15.9,15.9,15.9,15.9,15.9,15.9,15.9,15.9,9.6,15.9,15.9,15.9,15.9,15.9,15.9,15.9,15.9,15.9,10.1,15.9,15.9,15.9,15.9,15.9,15.9,15.9,15.9,15.9,9.91,15.9,15.9,15.9,15.9,15.9,15.9,15.9,15.9,15.9,9.64,15.9,15.9,15.9,15.9,15.9,15.9,15.9,15.9,15.9,9.6,15.9,15.9,15.9,15.9,15.9,15.9,15.9,15.9,15.9,9.55,15.9,15.9,15.9,15.9,15.9,15.9,11.7,11.9
0.0000936,12.2,15.9,15.9,15.9,15.9,15.9,15.9,15.9,15.9,15.9,15.9,11.6,15.9,15.9,15.9,15.9,15.9,15.9,15.9,15.9,15.9,10.5,15.9,15.9,15.9,15.9,15.9,15.9,15.9,15.9,15.9,11.6,15.9,15.9,15.9,15.9,15.9,15.9,15.9,15.9,15.9,9.69,15.9,15.9,15.9,15.9,15.9,15.9,15.9,15.9,15.9,10.1,15.9,15.9,15.9,15.9,15.9,15.9,15.9,15.9,15.9,10,15.9,15.9,15.9,15.9,15.9,15.9,15.9,15.9,15.9,9.77,15.9,15.9,15.9,15.9,15.9,15.9,15.9,15.9,15.9,9.77,15.9,15.9,15.9,15.9,15.9,15.9,15.9,15.9,15.9,9.69,15.9,15.9,15.9,15.9,15.9,15.9,11.7,11.8
0.0000938,12.2,15.9,15.9,15.9,15.9,15.9,15.9,15.9,15.9,15.9,15.9,11.6,15.9,15.9,15.9,15.9,15.9,15.9,15.9,15.9,15.9,10.6,15.9,15.9,15.9,15.9,15.9,15.9,15.9,15.9,15.9,11.6,15.9,15.9,15.8,15.9,15.9,15.9,15.9,15.9,15.8,9.77,15.9,15.9,15.9,15.9,15.9,15.9,15.9,15.9,15.9,10.3,15.9,15.9,15.9,15.9,15.9,15.9,15.9,15.9,15.9,10.1,15.9,15.9,15.9,15.9,15.9,15.9,15.9,15.9,15.9,9.91,15.9,15.9,15.9,15.9,15.9,15.9,15.9,15.9,15.9,9.91,15.9,15.9,15.9,15.9,15.9,15.9,15.9,15.9,15.9,9.77,15.9,15.9,15.9,15.9,15.9,15.9,11.7,11.9
0.000094,12.2,15.9,15.9,15.9,15.9,15.9,15.9,15.9,15.9,15.9,15.9,11.6,15.9,15.9,15.9,15.9,15.9,15.9,15.9,15.9,15.9,10.7,15.9,15.9,15.9,15.9,15.9,15.9,15.9,15.9,15.9,11.7,15.9,15.9,15.9,15.9,15.9,15.9,15.9,15.9,15.9,9.86,15.9,15.9,15.9,15.9,15.9,15.9,15.9,15.9,15.9,10.4,15.9,15.9,15.9,15.9,15.9,15.9,15.9,15.9,15.9,10.2,15.9,15.9,15.9,15.9,15.9,15.9,15.9,15.9,15.9,10,15.9,15.9,15.9,15.9,15.9,15.9,15.9,15.9,15.9,10.1,15.9,15.9,15.9,15.9,15.9,15.9,15.9,15.9,15.9,9.91,15.9,15.9,15.9,15.9,15.9,15.9,11.7,11.9
0.0000942,12.1,15.9,15.9,15.9,15.9,15.9,15.9,15.9,15.9,15.9,15.9,11.7,15.9,15.9,15.9,15.9,15.9,15.9,15.9,15.9,15.9,10.8,15.9,15.9,15.9,15.9,15.9,15.9,15.9,15.9,15.9,11.7,15.9,15.9,15.9,15.9,15.9,15.9,15.9,15.9,15.9,9.95,15.9,15.9,15.9,15.9,15.9,15.9,15.9,15.9,15.9,10.5,15.9,15.9,15.9,15.9,15.9,15.9,15.9,15.9,15.9,10.3,15.9,15.9,15.9,15.9,15.9,15.9,15.9,15.9,15.9,10.1,15.9,15.9,15.9,15.8,15.9,15.9,15.9,15.9,15.9,10.2,15.9,15.9,15.9,15.9,15.9,15.9,15.9,15.9,15.9,10,15.9,15.9,15.9,15.9,15.9,15.9,11.8,11.8
0.0000944,12.1,15.9,15.9,15.9,15.9,15.9,15.9,15.9,15.9,15.9,15.9,11.8,15.9,15.9,15.9,15.9,15.9,15.9,15.9,15.9,15.9,10.7,15.9,15.9,15.9,15.9,15.9,15.9,15.9,15.9,15.9,11.8,15.9,15.9,15.9,15.9,15.9,15.9,15.9,15.9,15.9,10.1,15.9,15.9,15.9,15.9,15.9,15.9,15.9,15.9,15.9,10.6,15.9,15.9,15.9,15.9,15.9,15.9,15.9,15.9,15.9,10.4,15.9,15.9,15.9,15.9,15.9,15.9,15.9,15.9,15.9,10.2,15.9,15.9,15.9,15.9,15.9,15.8,15.9,15.9,15.9,10.3,15.9,15.9,15.9,15.9,15.9,15.9,15.9,15.9,15.9,10.1,15.9,15.9,15.9,15.9,15.9,15.9,11.8,11.9
0.0000946,12.1,15.9,15.9,15.9,15.9,15.9,15.9,15.9,15.9,15.9,15.9,11.8,15.9,15.9,15.9,15.9,15.9,15.9,15.9,15.9,15.9,10.8,15.9,15.9,15.9,15.9,15.9,15.9,15.9,15.9,15.9,11.8,15.9,15.9,15.9,15.9,15.9,15.9,15.9,15.9,15.9,10.2,15.9,15.9,15.9,15.9,15.9,15.9,15.9,15.9,15.9,10.7,15.9,15.9,15.9,15.9,15.9,15.9,15.9,15.9,15.9,10.5,15.9,15.9,15.9,15.9,15.9,15.9,15.9,15.9,15.9,10.4,15.9,15.9,15.9,15.9,15.9,15.9,15.9,15.9,15.9,10.4,15.9,15.9,15.9,15.9,15.9,15.9,15.9,15.9,15.9,10.2,15.9,15.9,15.9,15.9,15.9,15.9,11.8,11.8
0.0000948,12.1,15.9,15.9,15.9,15.9,15.9,15.9,15.9,15.9,15.9,15.9,11.8,15.9,15.9,15.9,15.9,15.9,15.9,15.9,15.9,15.9,10.9,15.9,15.9,15.9,15.9,15.9,15.9,15.9,15.9,15.9,11.9,15.9,15.9,15.9,15.9,15.9,15.9,15.9,15.9,15.9,10.4,15.9,15.9,15.9,15.9,15.9,15.9,15.9,15.9,15.9,10.8,15.9,15.9,15.9,15.9,15.9,15.9,15.9,15.9,15.9,10.6,15.9,15.9,15.9,15.9,15.9,15.9,15.9,15.9,15.9,10.5,15.9,15.9,15.9,15.9,15.9,15.9,15.9,15.9,15.9,10.4,15.9,15.9,15.9,15.9,15.9,15.9,15.9,15.9,15.9,10.4,15.9,15.9,15.9,15.9,15.9,15.9,11.8,11.8
0.000095,12.1,15.9,15.9,15.9,15.9,15.9,15.9,15.9,15.9,15.9,15.9,11.8,15.9,15.9,15.9,15.9,15.9,15.9,15.9,15.9,15.9,11,15.9,15.9,15.9,15.9,15.9,15.9,15.9,15.9,15.9,11.8,15.9,15.9,15.9,15.9,15.9,15.9,15.9,15.9,15.9,10.5,15.9,15.9,15.9,15.9,15.9,15.9,15.9,15.9,15.9,10.9,15.9,15.9,15.9,15.9,16,15.9,15.9,15.9,15.9,10.7,15.9,15.8,15.9,15.9,15.9,15.9,15.9,15.9,15.9,10.6,15.9,15.9,15.9,15.9,15.9,15.9,15.9,15.9,15.9,10.5,15.9,15.9,15.9,15.9,15.9,15.9,15.9,15.9,15.9,10.5,15.9,15.9,15.9,15.9,15.9,15.9,11.8,11.9
0.0000952,12.1,15.9,15.9,15.9,15.9,15.9,15.9,15.9,15.9,15.9,15.9,11.9,15.9,15.9,15.9,15.9,15.9,15.8,15.9,15.9,15.9,11.2,15.9,15.9,15.9,15.9,15.9,15.9,15.9,15.9,15.9,11.9,15.9,15.9,15.9,15.9,15.9,15.9,15.9,15.9,15.9,10.6,15.9,15.9,15.9,15.9,15.9,15.9,15.9,15.9,15.9,11,15.9,15.9,15.9,15.9,15.9,15.9,15.9,15.9,15.9,10.8,15.9,15.9,15.9,15.9,15.9,15.9,15.9,15.9,15.9,10.7,15.9,15.9,15.9,15.9,15.9,15.9,15.9,15.9,15.9,10.6,15.9,15.9,15.9,15.9,15.9,15.9,15.9,15.9,15.9,10.6,15.9,15.9,15.9,15.9,15.9,15.9,11.8,11.9
0.0000954,12.1,15.9,15.9,15.9,15.9,15.9,15.9,15.9,15.9,15.9,15.9,11.9,15.9,15.9,15.9,15.9,15.9,15.9,15.9,15.9,15.9,11.3,15.9,15.9,15.9,15.9,15.9,15.9,15.9,15.9,15.9,11.9,15.9,15.9,15.9,15.9,15.9,15.9,15.9,15.9,15.9,10.7,15.9,15.9,15.9,15.9,15.9,15.9,15.9,15.9,15.9,11.1,15.9,15.9,15.9,15.9,15.9,15.9,15.9,15.9,15.9,10.8,15.9,15.9,15.9,15.9,15.9,15.9,15.9,15.9,15.9,10.7,15.9,15.9,15.9,15.9,15.9,15.9,15.9,15.9,15.9,10.6,15.9,15.9,15.9,15.9,15.9,15.9,15.9,15.9,15.9,10.7,15.9,15.9,15.9,15.9,15.9,15.9,11.8,11.9
0.0000956,12.1,15.9,15.9,15.9,15.9,15.9,15.9,15.9,15.9,15.9,15.9,11.9,15.9,15.9,15.9,15.9,15.9,15.9,15.9,15.9,15.9,11.3,15.9,15.9,15.9,15.9,15.9,15.9,15.9,15.9,15.9,11.9,15.9,15.9,15.9,15.9,15.9,15.9,15.9,15.9,15.9,10.8,15.9,15.9,15.9,15.9,15.9,15.9,15.9,15.9,15.9,11.1,15.9,15.9,15.9,15.9,15.9,15.9,15.9,15.9,15.9,10.9,15.9,15.9,15.9,15.9,15.9,15.9,15.9,15.9,15.9,10.8,15.9,15.9,15.9,15.9,15.9,15.9,15.9,15.9,15.9,10.8,15.9,15.9,15.9,15.9,15.9,15.9,15.9,15.9,15.9,10.8,15.9,15.9,15.9,15.9,15.9,15.9,11.8,11.9
0.0000958,12.1,15.9,15.9,15.9,15.9,15.9,15.9,15.9,15.9,15.9,15.9,11.9,15.9,15.9,15.9,15.9,15.9,15.9,15.9,15.9,15.9,11.4,15.9,15.9,15.9,15.9,15.9,15.9,15.9,15.9,15.9,11.9,15.9,15.9,15.9,15.9,15.9,15.9,15.9,15.9,15.9,10.8,15.9,15.9,15.9,15.9,15.9,15.9,15.9,15.9,15.9,11.2,15.9,15.9,15.9,15.9,15.9,15.9,15.9,15.9,15.9,10.9,15.9,15.9,15.9,15.9,15.9,15.9,15.9,15.9,15.9,10.8,15.9,15.9,15.9,15.9,15.9,15.9,15.9,15.9,15.9,10.8,15.9,15.9,15.9,15.9,15.9,15.9,15.9,15.9,15.9,10.8,15.9,15.9,15.9,15.9,15.9,15.9,11.8,11.9
0.000096,12.1,15.9,15.9,15.9,15.9,15.9,15.9,15.9,15.9,15.9,15.9,12,15.9,15.9,15.9,15.9,15.9,15.9,15.9,15.9,15.9,11.4,15.9,15.9,15.9,15.9,15.9,15.9,15.9,15.9,15.9,11.9,15.9,15.9,15.9,15.9,15.9,15.9,15.9,15.9,15.9,10.8,15.9,15.9,15.9,15.9,15.9,15.9,15.9,15.9,15.9,11.2,15.9,15.9,15.9,15.9,15.9,15.9,15.9,15.9,15.9,11.1,15.9,15.8,15.9,15.9,15.9,15.9,15.9,15.9,15.9,10.8,15.9,15.9,15.9,15.9,15.9,15.9,15.9,15.9,15.9,10.9,15.9,15.9,15.9,15.9,15.9,15.9,15.9,15.9,15.9,10.9,15.9,15.9,15.9,15.9,15.9,15.9,11.8,12
0.0000962,12.1,15.9,15.9,15.9,15.9,15.9,15.9,15.9,15.9,15.9,15.9,11.9,15.9,15.9,15.9,15.9,15.9,15.9,15.9,15.9,15.9,11.3,15.9,15.9,15.9,15.9,15.9,15.9,15.9,15.9,15.9,11.9,15.9,15.9,15.9,15.9,15.9,15.9,15.9,15.9,15.9,10.9,15.9,15.9,15.9,15.9,15.9,15.9,15.9,15.9,15.9,11.2,15.9,15.9,15.9,15.9,15.9,15.9,15.9,15.9,15.9,11.2,15.9,15.9,15.9,15.9,15.9,15.9,15.9,15.9,15.9,11,15.9,15.9,15.9,15.9,15.9,15.9,15.9,15.9,15.9,11,15.9,15.9,15.9,15.9,15.9,15.9,15.9,15.9,15.9,10.9,15.9,15.9,15.9,15.9,15.9,15.9,11.8,12
0.0000964,12.1,15.9,15.9,15.9,15.9,15.9,15.9,15.9,15.9,15.9,15.9,12,15.9,15.9,15.9,15.9,15.9,15.9,15.9,15.9,15.9,11.4,15.9,15.9,15.9,15.9,15.9,15.9,15.9,15.9,15.9,12,15.9,15.9,15.9,15.9,15.9,15.9,15.9,15.9,15.9,11,15.9,15.9,15.9,15.9,15.9,15.9,15.9,15.9,15.9,11.2,15.9,15.9,15.9,15.9,15.9,15.9,15.9,15.9,15.9,11.2,15.9,15.9,15.9,15.9,15.9,15.9,15.9,15.9,15.9,11.1,15.9,15.9,15.9,15.9,15.9,15.9,15.9,15.9,15.9,11.1,15.9,15.9,15.9,15.9,15.9,15.9,15.9,15.9,15.9,10.9,15.9,15.9,15.9,15.9,15.9,15.9,11.8,11.9
0.0000966,12.1,15.9,15.9,15.9,15.9,15.9,15.9,15.9,15.9,15.9,15.9,12,15.9,15.9,15.9,15.9,15.9,15.9,15.9,15.9,15.9,11.4,15.9,15.9,15.9,15.9,15.9,15.9,15.9,15.9,15.9,12,15.9,15.9,15.9,15.9,15.9,15.9,15.9,15.9,15.9,11,15.9,15.9,15.9,15.9,15.9,15.9,15.9,15.9,15.9,11.3,15.9,15.9,15.9,15.9,15.9,15.9,15.9,15.9,15.9,11.3,15.9,15.9,15.9,15.9,15.9,15.9,15.9,15.9,15.9,11.2,15.9,15.9,15.9,15.9,15.9,15.9,15.9,15.9,15.9,11.2,15.9,15.9,15.9,15.9,15.9,15.9,15.9,15.9,15.9,11.1,15.9,15.9,15.9,15.9,15.9,15.9,11.8,11.9
0.0000968,12.1,15.9,15.9,15.9,15.9,15.9,15.9,15.9,15.9,15.9,15.9,12,15.9,15.9,15.9,15.9,15.9,15.9,15.9,15.9,15.9,11.4,15.9,15.9,15.9,15.9,15.9,15.9,15.9,15.9,15.9,12,15.9,15.9,15.9,15.9,15.9,15.9,15.9,15.9,15.9,11.1,15.9,15.9,15.9,15.9,15.9,15.9,15.9,15.9,15.9,11.4,15.9,15.9,15.9,15.9,15.9,15.9,15.9,15.9,15.9,11.3,15.9,15.9,15.9,15.9,15.9,15.9,15.9,15.9,15.9,11.2,15.9,15.9,15.9,15.9,15.9,15.9,15.9,15.9,15.9,11.3,15.9,15.9,15.9,15.9,15.9,15.9,15.9,15.9,15.9,11.1,15.9,15.9,15.9,15.9,15.9,15.9,11.8,11.9
0.000097,12,15.9,15.9,15.9,15.9,15.9,15.9,15.9,15.9,15.9,15.9,12,15.9,15.9,15.9,15.9,15.9,15.9,15.9,15.9,15.9,11.5,15.9,15.9,15.9,15.9,15.9,15.9,15.9,15.9,15.9,12,15.9,15.9,15.9,15.9,15.9,15.9,15.9,15.9,15.9,11.2,15.9,15.9,15.9,15.9,15.9,15.9,15.9,15.9,15.9,11.5,15.9,15.9,15.9,15.9,15.9,15.9,15.9,15.9,15.9,11.4,15.9,15.9,15.9,15.9,15.9,15.9,15.9,15.9,15.9,11.2,15.9,15.9,15.9,15.9,15.9,15.9,15.9,15.9,15.9,11.3,15.9,15.9,15.9,15.9,15.9,15.9,15.9,15.9,15.9,11.2,15.9,15.9,15.9,15.9,15.9,15.9,11.8,11.9
0.0000972,12.1,15.9,15.9,15.9,15.9,15.9,15.9,15.9,15.9,15.9,15.9,12,15.9,15.9,15.9,15.9,15.9,15.9,15.9,15.9,15.9,11.6,15.9,15.9,15.9,15.9,15.9,15.9,15.9,15.9,15.9,12,15.9,15.9,15.9,15.9,15.9,15.9,15.9,15.9,15.9,11.2,15.9,15.9,15.9,15.9,15.9,15.9,15.9,15.9,15.9,11.5,15.9,15.9,15.9,15.9,15.9,15.9,15.9,15.9,15.9,11.4,15.9,15.9,15.9,15.9,15.9,15.9,15.9,15.9,15.9,11.2,15.9,15.9,15.9,15.9,15.9,15.9,15.9,15.9,15.9,11.3,15.9,15.9,15.9,15.9,15.9,15.9,15.9,15.9,15.9,11.3,15.9,15.9,15.9,15.9,15.9,15.9,11.8,11.8
0.0000974,12.1,15.9,15.9,15.9,15.9,15.9,15.9,15.9,15.9,15.9,15.9,12,15.9,15.9,15.9,15.9,15.9,15.9,15.9,15.9,15.9,11.6,15.9,15.9,15.9,15.9,15.9,15.9,15.9,15.9,15.9,12,15.9,15.9,15.9,15.9,15.9,15.9,15.9,15.9,15.9,11.3,15.9,15.9,15.9,15.9,15.9,15.9,15.9,15.9,15.9,11.6,15.9,15.9,15.9,15.9,15.9,15.9,15.9,15.9,15.9,11.5,15.9,15.9,15.9,15.9,15.9,15.9,15.9,15.9,15.9,11.3,15.9,15.9,15.9,15.9,15.9,15.9,15.9,15.9,15.9,11.4,15.9,15.9,15.9,15.9,15.9,15.9,15.9,15.9,15.9,11.4,15.9,15.9,15.9,15.9,15.9,15.9,11.8,11.8
0.0000976,12.1,15.9,15.9,15.9,15.9,15.9,15.9,15.9,15.9,15.9,15.9,12,15.9,15.9,15.9,15.9,15.9,15.9,15.9,15.9,15.9,11.8,15.9,15.9,15.9,15.9,15.9,15.9,15.9,15.9,15.9,12,15.9,15.9,15.9,15.9,15.9,15.9,15.9,15.9,15.9,11.4,15.9,15.9,15.8,15.9,15.9,15.9,15.9,15.9,15.9,11.6,15.9,15.9,15.9,15.9,15.9,15.9,15.9,15.9,15.9,11.4,15.9,15.9,15.9,15.9,15.9,15.9,15.9,15.9,15.9,11.3,15.9,15.9,15.9,15.9,15.9,15.9,15.9,15.9,15.9,11.4,15.9,15.9,15.9,15.9,15.9,15.9,15.9,15.9,15.9,11.4,15.9,15.9,15.9,15.9,15.9,15.9,11.9,11.9
0.0000978,12.1,15.9,15.9,15.9,15.9,15.9,15.9,15.9,15.9,15.9,15.9,12.1,15.9,15.9,15.9,15.9,15.9,15.9,15.9,15.9,15.9,11.8,15.9,15.9,15.9,15.9,15.9,15.9,15.9,15.9,15.9,12,15.9,15.9,15.9,15.9,15.9,15.9,15.9,15.9,15.9,11.5,15.9,15.9,15.9,15.9,15.9,15.9,15.9,15.9,15.9,11.6,15.9,15.9,15.9,15.9,15.9,15.9,15.9,15.9,15.9,11.5,15.9,15.9,15.9,15.9,15.9,15.9,15.9,15.9,15.9,11.3,15.9,15.9,15.9,15.9,15.9,15.9,15.9,15.9,15.9,11.4,15.9,15.9,15.9,15.9,15.9,15.9,15.9,15.9,15.9,11.5,15.9,15.9,15.9,15.9,15.9,15.9,12,11.9
0.000098,12.1,15.9,15.9,15.9,15.9,15.9,15.9,15.9,15.9,15.9,15.9,12.1,15.9,15.9,15.9,15.9,15.9,15.9,15.9,15.9,15.9,11.9,15.9,15.9,15.9,15.9,15.9,15.9,15.9,15.9,15.9,12,15.9,15.9,15.9,15.9,15.9,15.9,15.9,15.9,15.9,11.5,15.9,15.9,15.9,15.9,15.9,15.9,15.9,15.9,15.9,11.7,15.9,15.9,15.9,15.9,15.9,15.9,15.9,15.9,15.9,11.6,15.9,15.9,15.9,15.9,15.9,15.9,15.9,15.9,15.9,11.4,15.9,15.9,15.9,15.9,15.9,15.9,15.9,15.9,15.9,11.5,15.9,15.9,15.9,15.9,15.9,15.9,15.9,15.9,15.9,11.6,15.9,15.9,15.9,15.9,15.9,15.9,12,12
0.0000982,12.1,15.9,15.9,15.9,15.9,15.9,15.9,15.9,15.9,15.9,15.9,12,15.9,15.9,15.9,15.9,15.9,15.9,15.9,15.9,15.9,11.9,15.9,15.9,15.9,15.9,15.9,15.9,15.9,15.9,15.9,12.1,15.9,15.9,15.9,15.9,15.9,15.9,15.9,15.9,15.9,11.6,15.9,15.9,15.9,15.9,15.9,15.9,15.9,15.9,15.9,11.7,15.9,15.9,15.9,15.9,15.9,15.9,15.9,15.9,15.9,11.7,15.9,15.9,15.9,15.9,15.9,15.9,15.9,15.9,15.9,11.5,15.9,15.9,15.9,15.9,15.9,15.9,15.9,15.9,15.9,11.5,15.9,15.9,15.9,15.8,15.9,15.9,15.9,15.9,15.9,11.6,15.9,15.9,15.9,15.9,15.9,15.9,12,12
0.0000984,12.1,15.9,15.9,15.9,15.9,15.9,15.9,15.9,15.9,15.9,15.9,12.2,15.9,15.9,15.9,15.9,15.9,15.9,15.9,15.9,15.9,11.9,15.9,15.9,15.9,15.9,15.9,15.9,15.9,15.9,15.9,12.1,15.9,15.9,15.9,15.9,15.9,15.9,15.9,15.9,15.9,11.6,15.9,15.9,15.9,15.9,15.9,15.9,15.9,15.9,15.9,11.7,15.9,15.9,15.9,15.9,15.9,15.9,15.9,15.9,15.9,11.7,15.9,15.9,15.9,15.9,15.9,15.9,15.9,15.9,15.9,11.6,15.9,15.9,15.9,15.9,15.9,15.9,15.9,15.9,15.9,11.6,15.9,15.9,15.9,15.9,15.9,15.9,15.9,15.9,15.9,11.5,15.9,15.9,15.9,15.9,15.9,15.9,12,12
0.0000986,12.1,15.9,15.9,15.9,15.9,15.9,15.9,15.9,15.9,15.9,15.9,12.1,15.9,15.9,15.9,15.9,15.9,15.9,15.9,15.9,15.9,11.9,15.9,15.9,15.9,15.9,15.9,15.9,15.9,15.9,15.9,12.1,15.9,15.9,15.9,15.9,15.9,15.9,15.9,15.9,15.9,11.6,15.9,15.9,15.9,15.9,15.9,15.9,15.9,15.9,15.9,11.7,15.9,15.9,15.9,15.9,15.9,15.9,15.9,15.9,15.9,11.7,15.9,15.9,15.9,15.9,15.9,15.9,15.9,15.9,15.9,11.6,15.9,15.9,15.9,15.9,15.9,15.9,15.9,15.9,15.9,11.6,15.9,15.9,15.9,15.9,15.9,15.9,15.9,15.9,15.9,11.5,15.9,15.9,15.9,15.9,15.9,15.9,12,12
0.0000988,12,15.9,15.9,15.9,15.9,15.9,15.9,15.9,15.9,15.9,15.9,12.1,15.9,15.9,15.9,15.9,15.9,15.9,15.9,15.9,15.9,11.9,15.9,15.9,15.9,15.9,15.9,15.9,15.9,15.9,15.9,12.2,15.9,15.9,15.9,15.9,15.9,15.9,15.9,15.9,15.9,11.6,15.9,15.9,15.9,15.9,15.8,15.9,15.9,15.9,15.9,11.8,15.9,15.9,15.9,15.9,15.9,15.9,15.9,15.9,15.9,11.8,15.9,15.9,15.9,15.9,15.9,15.9,15.9,15.9,15.9,11.6,15.9,15.9,15.9,15.9,15.9,15.9,15.9,15.9,15.9,11.6,15.9,15.9,15.9,15.9,15.9,15.9,15.9,15.9,15.9,11.5,15.9,15.9,15.9,15.9,15.9,15.9,11.9,12
0.000099,12,15.9,15.9,15.9,15.9,15.9,15.9,15.9,15.9,15.9,15.9,12.1,15.9,15.9,15.9,15.9,15.9,15.9,15.9,15.9,15.9,11.9,15.9,15.9,15.9,15.9,15.9,15.9,15.9,15.9,15.9,12.1,15.9,15.9,15.9,15.9,15.9,15.9,15.9,15.9,15.9,11.6,15.9,15.9,15.9,15.9,15.9,15.9,15.9,15.9,15.9,11.8,15.9,15.9,15.9,15.9,15.9,15.9,15.9,15.9,15.9,11.8,15.9,15.9,15.9,15.9,15.9,15.9,15.9,15.9,15.9,11.6,15.9,15.9,15.9,15.9,15.9,15.9,15.9,15.9,15.9,11.6,15.9,15.9,15.9,15.9,15.9,15.9,15.9,15.9,15.9,11.5,15.9,15.9,15.9,15.9,15.9,15.9,11.9,12
0.0000992,12.1,15.9,15.9,15.9,15.9,15.9,15.9,15.9,15.9,15.9,15.9,12.1,15.9,15.9,15.9,15.9,15.9,15.9,15.9,15.9,15.9,11.9,15.9,15.9,15.9,15.9,15.9,15.9,15.9,15.9,15.9,12.2,15.9,15.9,15.9,15.9,15.9,15.9,15.9,15.9,15.9,11.6,15.9,15.9,15.9,15.9,15.9,15.9,15.9,15.9,15.9,11.8,15.9,15.9,15.9,15.9,15.9,15.9,15.9,15.9,15.9,11.7,15.9,15.9,15.9,15.9,15.9,15.9,15.9,15.9,15.9,11.7,15.9,15.9,15.9,15.9,15.9,15.9,15.9,15.9,15.9,11.7,15.9,15.9,15.9,15.9,15.9,15.9,15.9,15.9,15.9,11.6,15.9,15.9,15.9,15.9,15.9,15.9,11.9,11.9
0.0000994,12,15.9,15.9,15.9,15.9,15.9,15.9,15.9,15.9,15.9,15.9,12.1,15.9,15.9,15.9,15.9,15.9,15.9,15.9,15.9,15.9,11.9,15.9,15.9,15.9,15.9,15.9,15.9,15.9,15.9,15.9,12.1,15.9,15.9,15.9,15.9,15.9,15.9,15.9,15.9,15.9,11.6,15.9,15.9,15.9,15.9,15.9,15.9,15.9,15.9,15.9,11.8,15.9,15.9,15.9,15.9,15.9,15.9,15.9,15.9,15.9,11.8,15.9,15.9,15.9,15.9,15.9,15.9,15.9,15.9,15.9,11.6,15.9,15.9,15.9,15.9,15.9,15.9,15.9,15.9,15.9,11.7,15.9,15.9,15.9,15.9,15.9,15.9,15.9,15.9,15.9,11.6,15.9,15.9,15.9,15.9,15.9,15.9,11.9,11.9
0.0000996,12.1,15.9,15.9,15.9,15.9,15.9,15.9,15.9,15.9,15.9,15.9,12.1,15.9,15.9,15.9,15.9,15.9,15.9,15.9,15.9,15.9,11.9,15.9,15.9,15.9,15.9,15.9,15.9,15.9,15.9,15.9,12.1,15.9,15.9,15.9,15.9,15.9,15.9,15.9,15.9,15.9,11.7,15.9,15.9,15.9,15.9,15.9,15.9,15.9,15.9,15.9,11.9,15.9,15.9,15.9,15.9,15.9,15.9,15.9,15.9,15.9,11.6,15.9,15.9,15.9,15.9,15.9,15.9,15.9,15.9,15.9,11.7,15.9,15.9,15.9,15.9,15.9,15.9,15.9,15.9,15.9,11.8,15.9,15.9,15.9,15.9,15.9,15.9,15.9,15.9,15.9,11.7,15.9,15.9,15.9,15.9,15.9,15.9,11.8,11.9
0.0000998,12.1,15.9,15.9,15.9,15.9,15.9,15.9,15.9,15.9,15.9,15.9,12.1,15.9,15.9,15.9,15.9,15.9,15.9,15.9,15.9,15.9,12,15.9,15.9,15.9,15.9,15.9,15.9,15.9,15.9,15.9,12.1,15.9,15.9,15.9,15.9,15.9,15.9,15.9,15.9,15.9,11.7,15.9,15.9,15.9,15.9,15.9,15.9,15.9,15.9,15.9,11.9,15.9,15.9,15.9,15.9,15.9,15.9,15.9,15.9,15.9,11.8,15.9,15.9,15.9,15.9,15.9,15.9,15.9,15.9,15.9,11.8,15.9,15.9,15.9,15.9,15.9,15.9,15.9,15.9,15.9,11.8,15.9,15.9,15.9,15.9,15.9,15.9,15.9,15.9,15.9,11.8,15.9,15.9,15.9,15.9,15.9,15.9,11.8,11.9
0.0001,12,15.9,15.9,15.9,15.9,15.9,15.9,15.9,15.9,15.9,15.9,12.1,15.9,15.9,15.9,15.9,15.9,15.9,15.9,15.9,15.9,12,15.9,15.9,15.9,15.9,15.9,15.9,15.9,15.9,15.9,12.1,15.9,15.9,15.9,15.9,15.9,15.9,15.9,15.9,15.9,11.8,15.9,15.9,15.9,15.9,15.9,15.9,15.9,15.9,15.9,11.9,15.9,15.9,15.9,15.9,15.9,15.9,15.9,15.9,15.9,11.8,15.9,15.9,15.9,15.9,15.9,15.9,15.9,15.9,15.9,11.8,15.9,15.9,15.9,15.9,15.9,15.9,15.9,15.9,15.9,11.9,15.9,15.9,15.9,15.9,15.9,15.9,15.9,15.9,15.9,11.9,15.9,15.9,15.9,15.9,15.9,15.9,11.8,11.9
0.0001,12,15.9,15.9,15.9,15.9,15.9,15.9,15.9,15.9,15.9,15.9,12.1,15.9,15.9,15.9,15.9,15.9,15.9,15.9,15.9,15.9,12.1,15.9,15.9,15.9,15.9,15.9,15.9,15.9,15.9,15.9,12.1,15.9,15.9,15.9,15.9,15.9,15.9,15.9,15.9,15.9,11.8,15.9,15.9,15.9,15.9,15.9,15.9,15.9,15.9,15.9,12,15.9,15.9,15.9,15.9,15.9,15.9,15.9,15.9,15.9,11.8,15.9,15.9,15.9,15.9,15.9,15.9,15.9,15.9,15.9,11.9,15.9,15.9,15.9,15.9,15.9,15.9,15.9,15.9,15.9,11.9,15.9,15.9,15.9,15.9,15.9,15.9,15.9,15.9,15.9,12,15.9,15.9,15.9,15.9,15.9,15.9,11.8,11.9
0.0001,12.1,15.9,15.9,15.9,15.9,15.9,15.9,15.9,15.9,15.9,15.9,12.2,15.9,15.9,15.9,15.9,15.9,15.9,15.9,15.9,15.9,12.1,15.9,15.9,15.9,15.9,15.9,15.9,15.9,15.9,15.9,12.2,15.9,15.9,15.9,15.9,15.9,15.9,15.9,15.9,15.9,11.9,15.9,15.9,15.9,15.9,15.9,15.9,15.9,15.9,15.9,12,15.9,15.9,15.9,15.9,15.9,15.9,15.9,15.9,15.9,11.9,15.9,15.9,15.9,15.9,15.9,15.9,15.9,15.9,15.9,12,15.9,15.9,15.9,15.9,15.9,15.9,15.9,15.9,15.9,11.9,15.9,15.9,15.9,15.9,15.9,15.9,15.9,15.9,15.9,12,15.9,15.9,15.9,15.9,15.9,15.9,11.8,11.8
0.000101,12,15.9,15.9,15.9,15.9,15.9,15.9,15.9,15.9,15.9,15.9,12.2,15.9,15.9,15.9,15.8,15.9,15.9,15.9,15.9,15.9,12,15.9,15.9,15.9,15.9,15.9,15.9,15.9,15.9,15.9,12.1,15.9,15.9,15.9,15.9,15.9,15.9,15.9,15.9,15.9,11.8,15.9,15.9,15.9,15.9,15.9,15.8,15.9,15.9,15.9,12,15.9,15.9,15.9,15.9,15.9,15.9,15.9,15.9,15.9,11.9,15.9,15.9,15.9,15.9,15.9,15.9,15.9,15.9,15.9,11.9,15.9,15.9,15.9,15.9,15.9,15.9,15.9,15.9,15.9,11.9,15.9,15.9,15.9,15.9,15.9,15.9,15.9,15.9,15.9,12,15.9,15.9,15.9,15.9,15.9,15.9,11.8,11.9
0.000101,12,15.9,15.9,15.9,15.9,15.9,15.9,15.9,15.9,15.9,15.9,12.3,15.9,15.9,15.9,15.9,15.9,15.9,15.9,15.9,15.9,12.1,15.9,15.9,15.9,15.9,15.9,15.9,15.8,15.9,15.9,12.1,15.9,15.9,15.9,15.9,15.9,15.9,15.9,15.9,15.9,12,15.9,15.9,15.9,15.9,15.9,15.9,15.9,15.9,15.9,12,15.9,15.9,15.9,15.8,15.9,15.9,15.9,15.9,15.9,12,15.9,15.9,15.9,15.9,15.9,15.9,15.9,15.9,15.9,12,15.9,15.9,15.9,15.9,15.9,15.9,15.9,15.9,15.9,12,15.9,15.9,15.9,15.9,15.9,15.9,15.9,15.9,15.9,12,15.9,15.9,15.9,15.9,15.9,15.9,11.8,11.9
0.000101,12.1,15.9,15.9,15.9,15.9,15.9,15.9,15.9,15.9,15.9,15.9,12.2,15.9,15.9,15.9,15.9,15.9,15.9,15.9,15.9,15.9,12.1,15.9,15.9,15.9,15.9,15.9,15.9,15.8,15.9,15.9,12.2,15.9,15.9,15.9,15.9,15.9,15.9,15.9,15.9,15.9,11.9,15.9,15.9,15.9,15.9,15.9,15.9,15.9,15.9,15.9,12,15.9,15.9,15.9,15.9,15.9,15.9,15.9,15.9,15.9,12,15.9,15.9,15.9,15.9,15.9,15.9,15.9,15.9,15.9,11.9,15.9,15.9,15.9,15.9,15.9,15.9,15.9,15.9,15.9,12,15.9,15.9,15.9,15.9,15.9,15.9,15.9,15.9,15.9,11.9,15.9,15.9,15.9,15.9,15.9,15.9,11.8,11.9
0.000101,12.2,15.9,15.9,15.9,15.9,15.9,15.9,15.9,15.9,15.9,15.9,12.1,15.9,15.9,15.9,15.9,15.9,15.9,15.9,15.9,15.9,12.1,15.9,15.9,15.9,15.9,15.9,15.9,15.9,15.9,15.9,12.1,15.9,15.9,15.9,15.9,15.9,15.9,15.9,15.9,15.9,11.9,15.9,15.9,15.9,15.9,15.9,15.9,15.9,15.9,15.8,12.1,15.9,15.9,15.9,15.9,15.9,15.9,15.9,15.9,15.9,12,15.9,15.9,15.9,15.9,15.9,15.9,15.9,15.9,15.9,11.9,15.9,15.9,15.9,15.9,15.9,15.9,15.9,15.9,15.9,12,15.9,15.9,15.9,15.9,15.9,15.9,15.9,15.9,15.9,11.9,15.9,15.9,15.9,15.9,15.9,15.9,11.8,11.9
0.000101,12.1,15.9,15.9,15.9,15.9,15.9,15.9,15.9,15.9,15.9,15.9,12.1,15.9,15.9,15.9,15.9,15.9,15.9,15.9,15.9,15.9,12.1,15.9,15.9,15.9,15.9,15.9,15.9,15.9,15.9,15.9,12.1,15.9,15.9,15.9,15.9,15.9,15.9,15.9,15.9,15.9,12,15.9,15.9,15.9,15.9,15.9,15.9,15.9,15.9,15.9,12.1,15.9,15.9,15.9,15.9,15.9,15.9,15.9,15.9,15.9,12,15.9,15.9,15.9,15.9,15.9,15.9,15.9,15.9,15.9,11.8,15.9,15.9,15.9,15.9,15.9,15.9,15.9,15.9,15.9,12,15.9,15.9,15.9,15.9,15.9,15.9,15.9,15.9,15.9,11.9,15.9,15.9,15.9,15.9,15.9,15.9,11.7,11.9
0.000102,12.1,15.9,15.9,15.9,15.9,15.9,15.9,15.9,15.9,15.9,15.9,12.1,15.9,15.9,15.9,15.9,15.9,15.9,15.9,15.9,15.9,12,15.9,15.9,15.9,15.9,15.9,15.9,15.9,15.9,15.9,12.2,15.9,15.9,15.9,15.9,15.9,15.9,15.9,15.9,15.9,12,15.9,15.9,15.9,15.9,15.9,15.9,15.9,15.9,15.9,12.1,15.9,15.9,15.9,15.9,15.9,15.9,15.9,15.9,15.9,12,15.9,15.9,15.9,15.9,15.9,15.9,15.9,15.9,15.9,11.9,15.9,15.9,15.9,15.9,15.9,15.9,15.9,15.9,15.9,12,15.9,15.9,15.9,15.9,15.9,15.9,15.9,15.9,15.9,11.9,15.9,15.9,15.9,15.9,15.9,15.9,11.7,12
0.000102,12.1,15.9,15.9,15.9,15.9,15.9,15.9,15.9,15.9,15.9,15.9,12.1,15.9,15.9,15.9,15.9,15.9,15.9,15.9,15.9,15.9,12.1,15.9,15.9,15.9,15.9,15.9,15.9,15.9,15.9,15.9,12.2,15.9,15.9,15.9,15.9,15.9,15.9,15.9,15.9,15.9,12,15.9,15.9,15.9,15.9,15.9,15.9,15.9,15.9,15.9,12,15.9,15.9,15.9,15.9,15.9,15.9,15.9,15.9,15.9,12,15.9,15.9,15.9,15.9,15.9,15.9,15.9,15.9,15.9,11.8,15.9,15.9,15.9,15.9,15.9,15.9,15.9,15.9,15.9,12,15.9,15.9,15.9,15.9,15.9,15.9,15.9,15.9,15.9,12,15.9,15.9,15.9,15.9,15.9,15.9,11.7,12
0.000102,12,15.9,15.9,15.9,15.9,15.9,15.9,15.9,15.9,15.9,15.9,12.1,15.9,15.9,15.9,15.9,15.9,15.9,15.9,15.9,15.9,12.2,15.9,15.9,15.9,15.9,15.9,15.9,15.9,15.9,15.9,12.2,15.9,15.9,15.9,15.9,15.9,15.9,15.9,15.9,15.9,12,15.9,15.9,15.9,15.9,15.9,15.9,15.9,15.9,15.9,12,15.9,15.9,15.9,15.9,15.9,15.9,15.9,15.9,15.9,12,15.9,15.9,15.9,15.9,15.9,15.9,15.9,15.9,15.9,11.9,15.9,15.9,15.9,15.9,15.9,15.9,15.9,15.9,15.9,12,15.9,15.9,15.9,15.9,15.9,15.9,15.9,15.9,15.9,12,15.9,15.9,15.9,15.9,15.9,15.9,11.7,11.9
0.000102,12,15.9,15.9,15.9,15.9,15.9,15.9,15.9,15.9,15.9,15.9,12.1,15.9,15.9,15.9,15.9,15.9,15.9,15.9,15.9,15.9,12.1,15.9,15.9,15.9,15.9,15.9,15.9,15.9,15.9,15.9,12.2,15.9,15.9,15.9,15.9,15.9,15.9,15.9,15.9,15.9,12,15.9,15.9,15.9,15.9,15.9,15.9,15.9,15.9,15.9,12,15.9,15.9,15.9,15.9,15.9,15.9,15.9,15.9,15.9,12,15.9,15.9,15.9,15.9,15.9,15.9,15.9,15.9,15.9,12,15.9,15.9,15.9,15.9,15.9,15.9,15.9,15.9,15.9,12.1,15.9,15.9,15.9,15.9,15.9,15.9,15.9,15.9,15.9,12,15.9,15.9,15.9,15.9,15.9,15.9,11.8,12
0.000102,12.1,15.9,15.9,15.9,15.9,15.9,15.9,15.9,15.9,15.9,15.9,12.2,15.9,15.9,15.9,15.9,15.9,15.9,15.9,15.9,15.9,12.2,15.9,15.9,15.9,15.9,15.9,15.9,15.9,15.9,15.9,12.1,15.9,15.9,15.9,15.9,15.9,15.9,15.9,15.9,15.9,12,15.9,15.9,15.9,15.9,15.9,15.9,15.9,15.9,15.9,12,15.9,15.9,15.9,15.9,15.9,15.9,15.9,15.9,15.9,12,15.9,15.9,15.9,15.9,15.9,15.9,15.9,15.9,15.9,12,15.9,15.9,15.9,15.9,15.9,15.9,15.9,15.9,15.9,12,15.9,15.9,15.9,15.9,15.9,15.9,15.9,15.9,15.9,12,15.9,15.9,15.9,15.9,15.9,15.9,11.9,11.9
0.000103,12,15.9,15.9,15.9,15.9,15.9,15.9,15.9,15.9,15.9,15.9,12.2,15.9,15.9,15.9,15.9,15.9,15.9,15.9,15.9,15.9,12.2,15.9,15.9,15.9,15.9,15.9,15.9,15.9,15.9,15.9,12.2,15.9,15.9,15.9,15.9,15.9,15.9,15.9,15.9,15.9,12.1,15.9,15.9,15.9,15.9,15.9,15.9,15.9,15.9,15.9,12,15.9,15.9,15.9,15.9,15.9,15.9,15.9,15.9,15.9,12,15.9,15.9,15.9,15.9,15.9,15.9,15.9,15.9,15.9,12,15.9,15.9,15.9,15.9,15.9,15.9,15.9,15.9,15.9,12,15.9,15.9,15.9,15.9,15.9,15.9,15.9,15.9,15.9,12.1,15.9,15.9,15.9,15.9,15.9,15.9,11.9,11.9
0.000103,12.1,15.9,15.9,15.9,15.9,15.9,15.9,15.9,15.9,15.9,15.9,12.3,15.9,15.9,15.9,15.9,15.9,15.9,15.9,15.9,15.9,12.2,15.9,15.9,15.9,15.9,15.9,15.9,15.9,15.9,15.9,12.1,15.9,15.9,15.9,15.9,15.9,15.9,15.9,15.9,15.9,12.1,15.9,15.9,15.9,15.9,15.9,15.9,15.9,15.9,15.9,12,15.9,15.9,15.9,15.9,15.9,15.9,15.9,15.9,15.9,12.1,15.9,15.9,15.9,15.9,15.9,15.9,15.9,15.9,15.9,12.1,15.9,15.9,15.9,15.9,15.9,15.9,15.9,15.9,15.9,12.1,15.9,15.9,15.9,15.9,15.9,15.9,15.9,15.9,15.9,12.1,15.9,15.9,15.9,15.9,15.9,15.9,11.9,11.9
0.000103,12.2,15.9,15.9,15.9,15.9,15.9,15.9,15.9,15.9,15.9,15.9,12.3,15.9,15.9,15.9,15.9,15.9,15.9,15.9,15.9,15.9,12.2,15.9,15.9,15.9,15.9,15.9,15.9,15.9,15.9,15.9,12.2,15.9,15.9,15.9,15.9,15.9,15.9,15.9,15.9,15.9,12,15.9,15.9,15.9,15.9,15.9,15.9,15.9,15.9,15.9,12,15.9,15.9,15.9,15.9,15.9,15.9,15.9,15.9,15.9,12,15.9,15.9,15.9,15.9,15.9,15.9,15.9,15.9,15.9,12,15.9,15.9,15.9,15.9,15.9,15.9,15.9,15.9,15.9,12,15.9,15.9,15.9,15.9,15.9,15.9,15.9,15.9,15.9,12.1,15.9,15.9,15.9,15.9,15.9,15.9,11.9,11.9
0.000103,12.2,15.9,15.9,15.9,15.9,15.9,15.9,15.9,15.9,15.9,15.9,12.3,15.9,15.9,15.9,15.9,15.9,15.9,15.9,15.9,15.9,12.3,15.9,15.9,15.9,15.9,15.9,15.9,15.9,15.9,15.9,12.2,15.9,15.9,15.9,15.9,15.9,15.9,15.9,15.9,15.9,12.1,15.9,15.9,15.9,15.9,15.9,15.9,15.9,15.9,15.9,12.1,15.9,15.9,15.9,15.9,15.9,15.9,15.9,15.9,15.9,12.1,15.9,15.9,15.9,15.9,15.9,15.9,15.9,15.9,15.9,12,15.9,15.9,15.9,15.9,15.9,15.9,15.9,15.9,15.9,12.1,15.9,15.9,15.9,15.9,15.9,15.9,15.9,15.9,15.9,12.1,15.9,15.9,15.9,15.9,15.9,15.9,11.9,11.9
0.000103,12.1,15.9,15.9,15.9,15.9,15.9,15.9,15.9,15.9,15.9,15.9,12.2,15.9,15.9,15.9,15.9,15.9,15.9,15.9,15.9,15.9,12.2,15.9,15.9,15.9,15.9,15.9,15.9,15.9,15.9,15.9,12.2,15.9,15.9,15.9,15.9,15.9,15.9,15.9,15.9,15.9,12.1,15.9,15.9,15.9,15.9,15.9,15.9,15.9,15.9,15.9,12.2,15.9,15.9,15.9,15.9,15.9,15.9,15.9,15.9,15.9,12.1,15.9,15.9,15.9,15.9,15.9,15.9,15.9,15.9,15.9,11.9,15.9,15.9,15.9,15.9,15.9,15.9,15.9,15.9,15.9,12.1,15.9,15.9,15.9,15.9,15.9,15.9,15.9,15.9,15.9,12.2,15.9,15.9,15.9,15.9,15.9,15.9,11.8,11.9
0.000104,12.1,15.9,15.9,15.9,15.9,15.9,15.9,15.9,15.9,15.9,15.9,12.2,15.9,15.9,15.9,15.9,15.9,15.9,15.9,15.9,15.9,12.2,15.9,15.9,15.9,15.9,15.9,15.9,15.9,15.9,15.9,12.2,15.9,15.9,15.9,15.9,15.9,15.9,15.9,15.9,15.9,12.1,15.9,15.9,15.9,15.9,15.9,15.9,15.9,15.9,15.9,12.2,15.9,15.9,15.9,15.9,15.9,15.9,15.9,15.9,15.9,12.1,15.9,15.9,15.9,15.9,15.9,15.9,15.9,15.9,15.9,11.9,15.9,15.9,15.9,15.9,15.9,15.9,15.9,15.9,15.9,12.1,15.9,15.9,15.9,15.8,15.9,15.9,15.9,15.9,15.9,12.1,15.9,15.9,15.9,15.9,15.9,15.9,11.8,11.9
0.000104,12.1,15.9,15.9,15.9,15.9,15.9,15.9,15.9,15.9,15.9,15.9,12.2,15.9,15.9,15.9,15.9,15.9,15.9,15.9,15.9,15.9,12.2,15.9,15.9,15.9,15.9,15.9,15.9,15.9,15.9,15.9,12.2,15.9,15.9,15.9,15.9,15.9,15.9,15.9,15.9,15.9,12,15.9,15.9,15.9,15.9,15.9,15.9,15.9,15.9,15.9,12.2,15.9,15.9,15.9,15.9,15.9,15.9,15.9,15.9,15.9,12.1,15.9,15.9,15.9,15.9,15.9,15.9,15.9,15.9,15.9,11.9,15.9,15.9,15.9,15.9,15.9,15.9,15.9,15.9,15.9,12.1,15.9,15.9,15.9,15.9,15.9,15.9,15.9,15.9,15.9,12.2,15.9,15.9,15.9,15.9,15.9,15.9,11.8,11.9
0.000104,12.1,15.9,15.9,15.9,15.9,15.9,15.9,15.9,15.9,15.9,15.9,12.2,15.9,15.9,15.9,15.9,15.9,15.9,15.9,15.9,15.9,12.2,15.9,15.9,15.9,15.9,15.9,15.9,15.9,15.9,15.9,12.1,15.9,15.9,15.9,15.9,15.9,15.9,15.9,15.9,15.9,12,15.9,15.9,15.9,15.9,15.9,15.9,15.9,15.9,15.9,12.2,15.9,15.9,15.9,15.9,15.9,15.9,15.9,15.9,15.9,12.1,15.9,15.9,15.9,15.9,15.9,15.9,15.9,15.9,15.9,11.9,15.9,15.9,15.9,15.9,15.9,15.9,15.9,15.9,15.9,12.1,15.9,15.9,15.9,15.9,15.9,15.9,15.9,15.9,15.9,12.1,15.9,15.9,15.9,15.9,15.9,15.9,11.8,11.8
0.000104,12.1,15.9,15.9,15.9,15.9,15.9,15.9,15.9,15.9,15.9,15.9,12.1,15.9,15.9,15.9,15.9,15.9,15.9,15.9,15.9,15.9,12.2,15.9,15.9,15.9,15.9,15.9,15.9,15.9,15.9,15.9,12.2,15.9,15.9,15.9,15.9,15.9,15.9,15.9,15.9,15.9,12,15.9,15.9,15.9,15.9,15.9,15.9,15.9,15.9,15.9,12.2,15.9,15.9,15.9,15.9,15.9,15.9,15.9,15.9,15.9,12.1,15.9,15.9,15.9,15.9,15.9,15.9,15.9,15.9,15.9,12,15.9,15.9,15.9,15.9,15.9,15.9,15.9,15.9,15.9,12.1,15.9,15.9,15.9,15.9,15.9,15.9,15.9,15.9,15.9,12.2,15.9,15.9,15.9,15.9,15.9,15.9,11.8,11.9
0.000104,12,15.9,15.9,15.9,15.9,15.9,15.9,15.9,15.9,15.9,15.9,12.1,15.9,15.9,15.9,15.9,15.9,15.9,15.9,15.9,15.9,12.2,15.9,15.9,15.9,15.9,15.9,15.9,15.9,15.9,15.9,12.2,15.9,15.9,15.9,15.9,15.9,15.9,15.9,15.9,15.9,12,15.9,15.9,15.9,15.9,15.9,15.9,15.9,15.9,15.9,12.2,15.9,15.9,15.9,15.9,15.9,15.9,15.9,15.9,15.8,12.1,15.9,15.9,15.9,15.9,15.9,15.9,15.9,15.9,15.9,12.1,15.9,15.9,15.9,15.9,15.9,15.9,15.9,15.9,15.9,12.1,15.9,15.9,15.9,15.9,15.9,15.9,15.9,15.9,15.9,12.1,15.9,15.9,15.9,15.9,15.9,15.9,11.8,11.9
0.000105,12,15.9,15.9,15.9,15.9,15.9,15.9,15.9,15.9,15.9,15.9,12.2,15.9,15.9,15.9,15.9,15.9,15.9,15.9,15.9,15.9,12.3,15.9,15.9,15.9,15.9,15.9,15.9,15.9,15.9,15.9,12.2,15.9,15.9,15.9,15.9,15.9,15.9,15.9,15.9,15.9,12,15.9,15.9,15.9,15.9,15.9,15.9,15.9,15.9,15.9,12.1,15.9,15.9,15.9,15.9,15.9,15.9,15.9,15.9,15.9,12.1,15.9,15.9,15.9,15.9,15.9,15.9,15.9,15.9,15.9,12.2,15.9,15.9,15.9,15.9,15.9,15.9,15.9,15.9,15.9,12.2,15.9,15.9,15.8,15.9,15.9,15.9,15.9,15.9,15.9,12.1,15.9,15.9,15.9,15.9,15.9,15.9,11.8,11.9
0.000105,12,15.9,15.9,15.9,15.9,15.9,15.9,15.9,15.9,15.9,15.9,12.2,15.9,15.9,15.9,15.9,15.9,15.9,15.9,15.9,15.9,12.2,15.9,15.9,15.9,15.9,15.9,15.9,15.9,15.9,15.9,12.2,15.9,15.9,15.9,15.9,15.9,15.9,15.9,15.9,15.9,12.1,15.9,15.9,15.9,15.9,15.9,15.9,15.9,15.9,15.9,12.1,15.9,15.9,15.9,15.9,15.9,15.9,15.8,15.9,15.9,12.1,15.9,15.9,15.9,15.9,15.9,15.9,15.9,15.9,15.9,12.3,15.9,15.9,15.9,15.9,15.9,15.9,15.9,15.9,15.9,12.1,15.9,15.9,15.9,15.9,15.9,15.9,15.9,15.9,15.9,12.1,15.9,15.9,15.9,15.9,15.9,15.9,11.9,11.8
0.000105,12,15.9,15.9,15.9,15.9,15.9,15.9,15.9,15.9,15.9,15.9,12.2,15.9,15.9,15.9,15.9,15.9,15.9,15.9,15.9,15.9,12.2,15.9,15.9,15.9,15.9,15.9,15.9,15.9,15.9,15.9,12.2,15.9,15.9,15.9,15.9,15.9,15.9,15.9,15.9,15.9,12.1,15.9,15.9,15.9,15.9,15.9,15.9,15.9,15.9,15.9,12.1,15.9,15.9,15.9,15.9,15.9,15.9,15.9,15.9,15.9,12.1,15.9,15.9,15.9,15.9,15.9,15.9,15.9,15.9,15.9,12.3,15.9,15.9,15.9,15.9,15.9,15.9,15.9,15.9,15.9,12.1,15.9,15.9,15.9,15.9,15.9,15.9,15.9,15.9,15.9,12.1,15.9,15.9,15.9,15.9,15.9,15.9,11.9,11.9
0.000105,12,15.9,15.9,15.9,15.9,15.9,15.9,15.9,15.9,15.9,15.9,12.2,15.9,15.9,15.9,15.9,15.9,15.9,15.9,15.9,15.9,12.2,15.9,15.9,15.9,15.9,15.9,15.9,15.9,15.9,15.9,12.1,15.9,15.9,15.9,15.9,15.9,15.9,15.9,15.9,15.9,12.1,15.9,15.9,15.9,15.9,15.9,15.9,15.9,15.9,15.9,12.2,15.9,15.9,15.9,15.9,15.9,15.9,15.9,15.9,15.9,12.1,15.9,15.9,15.9,15.9,15.9,15.9,15.9,15.9,15.9,12.2,15.9,15.9,15.9,15.9,15.9,15.9,15.9,15.9,15.9,12.1,15.9,15.9,15.9,15.9,15.9,15.9,15.9,15.9,15.9,12.1,15.9,15.9,15.9,15.9,15.9,15.9,11.9,11.9
0.000105,12,15.9,15.9,15.9,15.9,15.9,15.9,15.9,15.9,15.9,15.9,12.2,15.9,15.9,15.9,15.9,15.9,15.9,15.9,15.9,15.9,12.3,15.9,15.9,15.9,15.9,15.9,15.9,15.9,15.9,15.9,12.1,15.9,15.9,15.9,15.9,15.9,15.9,15.9,15.9,15.9,12.1,15.9,15.9,15.9,15.9,15.9,15.9,15.9,15.9,15.9,12.2,15.9,15.9,15.9,15.9,15.9,15.9,15.9,15.9,15.9,12.1,15.9,15.9,15.9,15.9,15.9,15.9,15.9,15.9,15.9,12.2,15.9,15.9,15.9,15.9,15.9,15.9,15.9,15.9,15.9,12.1,15.9,15.9,15.9,15.9,15.9,15.9,15.9,15.9,15.9,12.1,15.9,15.9,15.9,15.9,15.9,15.9,11.9,11.9
0.000106,12,15.9,15.9,15.9,15.9,15.9,15.9,15.9,15.9,15.9,15.9,12.2,15.9,15.9,15.9,15.9,15.9,15.9,15.9,15.9,15.9,12.3,15.9,15.9,15.9,15.9,15.9,15.9,15.9,15.9,15.9,12.2,15.9,15.9,15.9,15.9,15.9,15.9,15.9,15.9,15.9,12.1,15.9,15.9,15.9,15.9,15.9,15.9,15.9,15.9,15.9,12.2,15.9,15.9,15.9,15.9,15.9,15.9,15.9,15.9,15.9,12.1,15.9,15.9,15.9,15.9,15.9,15.9,15.9,15.9,15.9,12.1,15.9,15.9,15.9,15.9,15.9,15.9,15.9,15.9,15.9,12.1,15.9,15.9,15.9,15.9,15.9,15.9,15.9,15.9,15.9,12.2,15.9,15.9,15.9,15.9,15.9,15.9,11.8,11.8
0.000106,12.1,15.9,15.9,15.9,15.9,15.9,15.9,15.9,15.9,15.9,15.9,12.2,15.9,15.9,15.9,15.9,15.9,15.9,15.9,15.9,15.9,12.3,15.9,15.9,15.9,15.9,15.9,15.9,15.9,15.9,15.9,12.1,15.9,15.9,15.9,15.9,15.9,15.9,15.9,15.9,15.9,12.1,15.9,15.9,15.9,15.9,15.9,15.9,15.9,15.9,15.9,12.2,15.9,15.9,15.9,15.9,15.9,15.9,15.9,15.9,15.9,12.1,15.9,15.9,15.9,15.9,15.9,15.9,15.9,15.9,15.9,12.1,15.9,15.9,15.9,15.9,15.9,15.9,15.9,15.9,15.9,12.2,15.9,15.9,15.9,15.9,15.9,15.9,15.9,15.9,15.9,12.2,15.9,15.9,15.9,15.9,15.9,15.9,11.9,11.9
0.000106,12.1,15.9,15.9,15.9,15.9,15.9,15.9,15.9,15.9,15.9,15.8,12.2,15.9,15.9,15.9,15.9,15.9,15.9,15.9,15.9,15.9,12.3,15.9,15.9,15.9,15.9,15.9,15.9,15.9,15.9,15.9,12.1,15.9,15.9,15.9,15.9,15.9,15.9,15.9,15.9,15.9,12.1,15.9,15.9,15.9,15.9,15.9,15.9,15.9,15.9,15.9,12.3,15.9,15.9,15.9,15.9,15.9,15.9,15.9,15.9,15.9,12.2,15.9,15.9,15.9,15.9,15.9,15.9,15.9,15.9,15.9,12.1,15.9,15.9,15.9,15.9,15.9,15.9,15.9,15.9,15.9,12.2,15.9,15.9,15.9,15.9,15.9,15.9,15.9,15.9,15.9,12.2,15.9,15.9,15.9,15.9,15.9,15.9,11.9,11.9
0.000106,12.1,15.9,15.9,15.9,15.9,15.9,15.9,15.9,15.9,15.9,15.9,12.2,15.9,15.9,15.9,15.8,15.9,15.9,15.9,15.9,15.9,12.3,15.9,15.9,15.9,15.9,15.9,15.9,15.9,15.9,15.9,12.2,15.9,15.9,15.9,15.9,15.9,15.9,15.9,15.9,15.9,12.1,15.9,15.9,15.9,15.9,15.9,15.9,15.9,15.9,15.9,12.3,15.9,15.9,15.9,15.9,15.9,15.9,15.9,15.9,15.9,12.2,15.9,15.9,15.9,15.9,15.9,15.9,15.9,15.9,15.9,12,15.9,15.9,15.9,15.9,15.9,15.9,15.9,15.9,15.9,12.2,15.9,15.9,15.9,15.9,15.9,15.9,15.9,15.9,15.9,12.2,15.9,15.9,15.9,15.9,15.9,15.9,11.9,11.9
0.000106,12.1,15.9,15.9,15.9,15.9,16,15.9,15.9,15.9,15.9,15.9,12.1,15.9,15.9,15.9,15.9,15.9,15.9,15.9,15.9,15.9,12.4,15.9,15.9,15.9,15.9,15.9,15.9,15.9,15.9,15.9,12.1,15.9,15.9,15.9,15.9,15.9,15.9,15.9,15.9,15.9,12.1,15.9,15.9,15.9,15.9,15.9,15.9,15.9,15.9,15.9,12.2,15.9,15.9,15.9,15.9,15.9,15.9,15.9,15.9,15.9,12.2,15.9,15.9,15.9,15.9,15.9,15.9,15.9,15.9,15.9,12.1,15.9,15.9,15.9,15.9,15.9,15.9,15.9,15.9,15.9,12.2,15.9,15.9,15.9,15.9,15.9,15.9,15.9,15.9,15.9,12.3,15.9,15.9,15.9,15.9,15.9,15.9,11.9,11.9
0.000107,12.1,15.9,15.9,15.8,15.9,15.9,15.9,15.9,15.9,15.9,15.9,12.2,15.9,15.9,15.9,15.9,15.9,15.9,15.9,15.9,15.9,12.3,15.9,15.9,15.9,15.9,15.9,15.9,15.9,15.8,15.9,12.1,15.9,15.9,15.9,15.9,15.9,15.9,15.9,15.9,15.9,12.2,15.9,15.9,15.9,15.9,15.9,15.9,15.9,15.9,15.9,12.2,15.9,15.9,15.9,15.9,15.9,15.9,15.9,15.9,15.9,12.2,15.9,15.9,15.9,15.9,15.9,15.9,15.9,15.9,15.9,12.2,15.9,15.9,15.9,15.9,15.9,15.9,15.9,15.9,15.9,12.1,15.9,15.9,15.9,15.9,15.9,15.9,15.9,15.9,15.9,12.2,15.9,15.9,15.9,15.9,15.9,15.9,11.9,11.9
0.000107,12,15.9,15.9,15.9,15.9,15.9,15.9,15.9,15.9,15.9,15.9,12.1,15.9,15.9,15.9,15.9,15.9,15.9,15.9,15.9,15.9,12.3,15.9,15.9,15.9,15.9,15.9,15.9,15.9,15.9,15.9,12.1,15.9,15.9,15.9,15.9,15.9,15.9,15.9,15.9,15.9,12.1,15.9,15.9,15.9,15.9,15.9,15.9,15.9,15.9,15.9,12.2,15.9,15.9,15.9,15.9,15.9,15.9,15.9,15.9,15.9,12.2,15.9,15.9,15.9,15.9,15.9,15.9,15.9,15.9,15.9,12.3,15.9,15.9,15.9,15.9,15.9,15.9,15.9,15.9,15.9,12.2,15.9,15.9,15.9,15.9,15.9,15.9,15.9,15.9,15.8,12.2,15.9,15.9,15.9,15.9,15.9,15.9,11.9,11.9
0.000107,12,15.9,15.9,15.9,15.9,15.9,15.9,15.9,15.9,15.9,15.9,12.1,15.9,15.9,15.9,15.9,15.9,15.9,15.9,15.9,15.9,12.3,15.9,15.9,15.9,15.9,15.9,15.9,15.9,15.9,15.9,12.1,15.9,15.9,15.9,15.9,15.9,15.9,15.9,15.9,15.9,12.1,15.9,15.9,15.9,15.9,15.9,15.9,15.9,15.9,15.9,12.2,15.9,15.9,15.9,15.9,15.9,15.9,15.9,15.9,15.9,12.2,15.9,15.9,15.9,15.9,15.9,15.9,15.9,15.9,15.9,12.3,15.9,15.9,15.9,15.9,15.9,15.9,15.9,15.9,15.9,12.2,15.9,15.9,15.9,15.9,15.9,15.9,15.9,15.9,15.9,12.2,15.9,15.9,15.9,15.9,15.9,15.9,11.9,11.9
0.000107,12,15.9,15.9,15.9,15.9,15.9,15.9,15.9,15.9,15.9,15.9,12.1,15.9,15.9,15.9,15.9,15.9,15.9,15.9,15.9,15.9,12.2,15.9,15.9,15.9,15.9,15.9,15.9,15.9,15.9,15.9,12.1,15.9,15.9,15.9,15.9,15.9,15.9,15.9,15.9,15.9,12.1,15.9,15.9,15.9,15.9,15.9,15.9,15.9,15.9,15.9,12.2,15.9,15.9,15.9,15.9,15.9,15.9,15.9,15.9,15.9,12.2,15.9,15.9,15.9,15.9,15.9,15.9,15.9,15.9,15.9,12.3,15.9,15.9,15.9,15.9,15.9,15.9,15.9,15.9,15.9,12.2,15.9,15.9,15.9,15.9,15.9,15.9,15.9,15.9,15.9,12.2,15.9,15.9,15.9,15.9,15.9,15.9,11.8,11.9
0.000107,12,15.9,15.9,15.9,15.9,15.9,15.9,15.9,15.9,15.9,15.9,12.1,15.9,15.9,15.9,15.9,15.9,15.9,15.9,15.9,15.9,12.2,15.9,15.9,15.9,15.9,15.9,15.9,15.9,15.9,15.9,12.2,15.9,15.9,15.9,15.9,15.9,15.9,15.9,15.9,15.9,12.1,15.9,15.9,15.9,15.9,15.9,15.9,15.9,15.9,15.9,12.2,15.9,15.9,15.9,15.9,15.9,15.9,15.9,15.9,15.9,12.3,15.9,15.9,15.9,15.9,15.9,15.9,15.9,15.9,15.9,12.2,15.9,15.9,15.9,15.9,15.9,15.9,15.9,15.9,15.9,12.2,15.9,15.9,15.9,15.9,15.9,15.9,15.9,15.9,15.9,12.2,15.9,15.9,15.9,15.9,15.9,15.9,11.8,11.9
0.000108,12,15.9,15.9,15.9,15.9,15.9,15.9,15.9,15.9,15.9,15.9,12.1,15.9,15.9,15.9,15.9,15.9,15.9,15.9,15.9,15.9,12.2,15.9,15.9,15.9,15.9,15.9,15.9,15.9,15.9,15.9,12.1,15.9,15.9,15.9,15.9,15.9,15.9,15.9,15.9,15.9,12.1,15.9,15.9,15.9,15.9,15.8,15.9,15.9,15.9,15.9,12.2,15.9,15.9,15.9,15.9,15.9,15.9,15.9,15.9,15.9,12.3,15.9,15.9,15.9,15.9,15.9,15.9,15.9,15.9,15.9,12.2,15.9,15.9,15.9,15.9,15.9,15.9,15.9,15.9,15.9,12.2,15.9,15.9,15.9,15.9,15.9,15.9,15.9,15.9,15.9,12.2,15.9,15.9,15.9,15.9,15.9,15.9,11.9,11.9
0.000108,12,15.9,15.9,15.9,15.9,15.9,15.9,15.9,15.9,15.9,15.9,12.1,15.9,15.9,15.9,15.9,15.9,15.9,15.9,15.9,15.9,12.2,15.9,15.9,15.9,15.9,15.9,15.9,15.9,15.9,15.9,12.1,15.9,15.9,15.9,15.9,15.9,15.9,15.9,15.9,15.9,12.2,15.9,15.9,15.9,15.9,15.9,15.9,15.9,15.9,15.9,12.2,15.9,15.9,15.9,15.9,15.9,15.9,15.9,15.9,15.9,12.2,15.9,15.9,15.9,15.9,15.9,15.9,15.9,15.9,15.9,12.2,15.9,15.9,15.9,15.9,15.9,15.9,15.9,15.9,15.9,12.2,15.9,15.9,15.9,15.9,15.9,15.9,15.9,15.9,15.9,12.2,15.9,15.9,15.9,15.9,15.9,15.9,11.9,11.9
0.000108,11.9,15.9,15.9,15.9,15.9,15.9,15.9,15.9,15.9,15.9,15.9,12.1,15.9,15.9,15.9,15.9,15.9,15.9,15.9,15.9,15.9,12.2,15.9,15.9,15.9,15.9,15.9,15.9,15.9,15.9,15.9,12.1,15.9,15.9,15.9,15.9,15.9,15.9,15.9,15.9,15.9,12.2,15.9,15.9,15.9,15.9,15.9,15.9,15.9,15.9,15.9,12.2,15.9,15.9,15.9,15.9,15.9,15.9,15.9,15.9,15.9,12.2,15.9,15.9,15.9,15.9,15.9,15.9,15.9,15.9,15.9,12.1,15.9,15.9,15.9,15.9,15.9,15.9,15.9,15.9,15.9,12.2,15.9,15.9,15.9,15.9,15.9,15.9,15.9,15.9,15.9,12.3,15.9,15.9,15.9,15.9,15.9,15.9,11.9,11.9
0.000108,11.9,15.9,15.9,15.9,15.9,15.9,15.9,15.9,15.9,15.9,15.9,12.1,15.9,15.9,15.9,15.9,15.9,15.9,15.9,15.9,15.9,12.2,15.9,15.9,15.9,15.9,15.9,15.9,15.9,15.9,15.9,12.1,15.9,15.9,15.9,15.9,15.9,15.9,15.9,15.9,15.9,12.2,15.9,15.9,15.9,15.9,15.9,15.9,15.9,15.9,15.9,12.2,15.9,15.9,15.9,15.9,15.9,15.9,15.9,15.9,15.9,12.1,15.9,15.9,15.9,15.9,15.9,15.9,15.9,15.9,15.9,12.1,15.9,15.9,15.9,15.9,15.9,15.9,15.9,15.9,15.9,12.2,15.9,15.9,15.9,15.8,15.9,15.9,15.9,15.9,15.9,12.3,15.9,15.9,15.9,15.9,15.9,15.9,11.9,11.9
0.000108,12,15.9,15.9,15.9,15.9,15.9,15.9,15.9,15.9,15.9,15.9,12.1,15.9,15.9,15.9,15.9,15.9,15.9,15.8,15.9,15.9,12.1,15.9,15.9,15.9,15.9,15.9,15.9,15.9,15.9,15.9,12.1,15.9,15.9,15.9,15.9,15.9,15.9,15.9,15.9,15.9,12.2,15.9,15.9,15.9,15.9,15.9,15.9,15.9,15.9,15.9,12.2,15.9,15.9,15.9,15.9,15.9,15.9,15.9,15.9,15.9,12.2,15.9,15.9,15.9,15.9,15.9,15.9,15.9,15.9,15.9,12,15.9,15.9,15.9,15.9,15.9,15.9,15.9,15.9,15.9,12.2,15.9,15.9,15.9,15.9,15.8,15.9,15.9,15.9,15.9,12.3,15.9,15.9,15.9,15.9,15.9,15.9,11.8,11.9
0.000109,12,15.9,15.9,15.9,15.9,15.9,15.9,15.9,15.9,15.9,15.9,12.2,15.9,15.9,15.9,15.9,15.9,15.9,15.9,15.9,15.9,12.2,15.9,15.9,15.9,15.9,15.9,15.9,15.9,15.9,15.9,12.1,15.9,15.9,15.9,15.9,15.9,15.9,15.9,15.9,15.9,12.3,15.9,15.9,15.9,15.9,15.9,15.9,15.9,15.9,15.9,12.2,15.9,15.9,15.9,15.9,15.9,15.9,15.9,15.9,15.9,12.2,15.9,15.9,15.9,15.9,15.9,15.9,15.9,15.9,15.9,12,15.9,15.9,15.9,15.9,15.9,15.9,15.9,15.9,15.9,12.2,15.9,15.9,15.9,15.9,15.9,15.9,15.9,15.9,15.9,12.2,15.9,15.9,15.9,15.9,15.9,15.9,11.8,11.9
0.000109,12,15.9,15.9,15.9,15.9,15.9,15.9,15.9,15.9,15.9,15.9,12.2,15.9,15.9,15.9,15.9,15.9,15.9,15.9,15.9,15.9,12.2,15.9,15.9,15.9,15.9,15.9,15.9,15.9,15.9,15.9,12.1,15.9,15.9,15.9,15.9,15.9,15.9,15.9,15.9,15.9,12.3,15.9,15.9,15.9,15.9,15.9,15.9,15.9,15.9,15.9,12.2,15.9,15.9,15.9,15.9,15.9,15.9,15.9,15.9,15.9,12.2,15.9,15.9,15.9,15.9,15.9,15.9,15.9,15.9,15.9,12.1,15.9,15.9,15.9,15.9,15.9,15.9,15.9,15.9,15.9,12.2,15.9,15.9,15.9,15.9,15.9,15.9,15.9,15.9,15.9,12.2,15.9,15.9,15.9,15.9,15.9,15.9,11.8,11.9
0.000109,12,15.9,15.9,15.9,15.9,15.9,15.9,15.9,15.9,15.9,15.9,12.2,15.9,15.9,15.9,15.9,15.9,15.9,15.9,15.9,15.9,12.2,15.9,15.9,15.9,15.9,15.9,15.9,15.9,15.9,15.9,12.1,15.9,15.9,15.9,15.9,15.9,15.9,15.9,15.9,15.9,12.3,15.9,15.9,15.9,15.9,15.9,15.9,15.9,15.9,15.9,12.2,15.9,15.9,15.9,15.9,15.9,15.9,15.9,15.9,15.9,12.1,15.9,15.9,15.9,15.9,15.9,15.9,15.9,15.9,15.9,12.1,15.9,15.9,15.9,15.9,15.9,15.9,15.9,15.9,15.9,12.2,15.9,15.9,15.9,15.9,15.9,15.9,15.9,15.9,15.9,12.2,15.9,15.9,15.9,15.9,15.9,15.9,11.8,11.9
0.000109,12,15.9,15.9,15.9,15.9,15.9,15.9,15.9,15.9,15.9,15.9,12.2,15.9,15.9,15.9,15.9,15.9,15.9,15.9,15.9,15.9,12.2,15.9,15.9,15.9,15.9,15.9,15.9,15.9,15.9,15.9,12.1,15.9,15.9,15.9,15.9,15.9,15.9,15.9,15.9,15.9,12.2,15.9,15.9,15.9,15.9,15.9,15.9,15.9,15.9,15.9,12.2,15.9,15.9,15.9,15.9,15.9,15.9,15.9,15.9,15.9,12.1,15.9,15.9,15.9,15.9,15.9,15.9,15.9,15.9,15.9,12.2,15.9,15.9,15.9,15.9,15.9,15.9,15.9,15.9,15.9,12.2,15.9,15.9,15.9,15.9,15.9,15.9,15.9,15.9,15.9,12.2,15.9,15.9,15.9,15.9,15.9,15.9,11.8,11.9
0.000109,12,15.9,15.9,15.9,15.9,15.9,15.9,15.9,15.9,15.9,15.9,12.1,15.9,15.9,15.9,15.9,15.9,15.9,15.9,15.9,15.9,12.2,15.9,15.9,15.9,15.9,15.9,15.9,15.9,15.9,15.9,12.1,15.9,15.9,15.9,15.9,15.9,15.9,15.9,15.9,15.9,12.2,15.9,15.9,15.9,15.9,15.9,15.9,15.9,15.9,15.9,12.1,15.9,15.9,15.9,15.9,15.9,15.9,15.9,15.9,15.9,12.1,15.9,15.9,15.9,15.9,15.9,15.9,15.9,15.9,15.9,12.1,15.9,15.9,15.9,15.9,15.9,15.9,15.9,15.9,15.9,12.3,15.9,15.9,15.9,15.9,15.9,15.9,15.9,15.9,15.9,12.2,15.9,15.9,15.9,15.9,15.9,15.9,11.8,11.9
0.00011,12,15.9,15.9,15.9,15.9,15.9,15.9,15.9,15.9,15.9,15.9,12.1,15.9,15.9,15.9,15.9,15.9,15.9,15.9,15.9,15.9,12.2,15.9,15.9,15.9,15.9,15.9,15.9,15.9,15.9,15.9,12.1,15.9,15.9,15.9,15.9,15.9,15.9,15.9,15.9,15.9,12.2,15.9,15.9,15.9,15.9,15.9,15.9,15.9,15.9,15.9,12.2,15.9,15.9,15.9,15.9,15.9,15.9,15.9,15.9,15.9,12.1,15.9,15.9,15.9,15.9,15.9,15.9,15.9,15.9,15.9,12.2,15.9,15.9,15.9,15.9,15.9,15.9,15.9,15.9,15.9,12.2,15.9,15.9,15.9,15.9,15.9,15.9,15.9,15.9,15.9,12.2,15.9,15.9,15.9,15.9,15.9,15.9,11.8,11.9
0.00011,12,15.9,15.9,15.9,15.9,15.9,15.9,15.9,15.9,15.9,15.9,12.1,15.9,15.9,15.9,15.9,15.9,15.9,15.9,15.9,15.9,12.2,15.9,15.9,15.9,15.9,15.9,15.9,15.9,15.9,15.9,12.1,15.9,15.9,15.9,15.9,15.9,15.9,15.9,15.9,15.9,12.1,15.9,15.9,15.9,15.9,15.9,15.9,15.9,15.9,15.9,12.2,15.9,15.9,15.9,15.9,15.9,15.9,15.9,15.9,15.9,12.2,15.9,15.9,15.9,15.9,15.9,15.9,15.9,15.9,15.9,12.1,15.9,15.9,15.9,15.9,15.9,15.9,15.9,15.9,15.9,12.2,15.9,15.9,15.9,15.9,15.9,15.9,15.9,15.9,15.9,12.1,15.9,15.9,15.9,15.9,15.9,15.9,11.9,11.9
0.00011,12,15.9,15.9,15.9,15.9,15.9,15.9,15.9,15.9,15.9,15.9,12,15.9,15.9,15.9,15.9,15.9,15.9,15.9,15.9,15.9,12.2,15.9,15.9,15.9,15.9,15.9,15.9,15.9,15.9,15.9,12.1,15.9,15.9,15.9,15.9,15.9,15.9,15.9,15.9,15.9,12.1,15.9,15.9,15.9,15.9,15.9,15.9,15.9,15.9,15.9,12.1,15.9,15.9,15.9,15.9,15.9,15.9,15.9,15.9,15.9,12.2,15.9,15.9,15.9,15.9,15.9,15.9,15.9,15.9,15.9,12.2,15.9,15.9,15.9,15.9,15.9,15.9,15.9,15.9,15.9,12.2,15.9,15.9,15.9,15.9,15.9,15.9,15.9,15.9,15.9,12.1,15.9,15.9,15.9,15.9,15.9,15.9,11.9,11.9
0.00011,12,15.9,15.9,15.9,15.9,15.9,15.9,15.9,15.9,15.9,15.9,12,15.9,15.9,15.9,15.9,15.9,15.9,15.9,15.9,15.9,12.3,15.9,15.9,15.9,15.9,15.9,15.9,15.9,15.9,15.9,12,15.9,15.9,15.9,15.9,15.9,15.9,15.9,15.9,15.9,12,15.9,15.9,15.9,15.9,15.9,15.9,15.9,15.9,15.9,12.2,15.9,15.9,15.9,15.9,15.9,15.9,15.9,15.9,15.9,12.3,15.9,15.9,15.9,15.9,15.9,15.9,15.9,15.9,15.9,12.1,15.9,15.9,15.9,15.9,15.9,15.9,15.9,15.9,15.9,12.2,15.9,15.9,15.9,15.9,15.9,15.9,15.9,15.9,15.9,12.1,15.9,15.9,15.9,15.9,15.9,15.9,11.9,11.9
0.00011,12,15.9,15.9,15.9,15.9,15.9,15.9,15.9,15.9,15.9,15.9,12,15.9,15.9,15.9,15.9,15.9,15.9,15.9,15.9,15.9,12.2,15.9,15.9,15.9,15.9,15.9,15.9,15.9,15.9,15.9,12.1,15.9,15.9,15.9,15.9,15.9,15.9,15.9,15.9,15.9,12.1,15.9,15.9,15.9,15.9,15.9,15.9,15.9,15.9,15.9,12.2,15.9,15.9,15.9,15.9,15.9,15.9,15.9,15.9,15.9,12.3,15.9,15.9,15.9,15.9,15.9,15.9,15.9,15.9,15.9,12.1,15.9,15.9,15.9,15.9,15.9,15.9,15.9,15.9,15.9,12.2,15.9,15.9,15.9,15.9,15.9,15.9,15.9,15.9,15.9,12.1,15.9,15.9,15.9,15.9,15.9,15.9,11.9,11.9
0.000111,12,15.9,15.9,15.9,15.9,15.9,15.9,15.9,15.9,15.9,15.9,12,15.9,15.9,15.9,15.9,15.9,15.9,15.9,15.9,15.9,12.3,15.9,15.9,15.9,15.9,15.9,15.9,15.9,15.9,15.9,12,15.9,15.9,15.9,15.9,15.9,15.9,15.9,15.9,15.9,12.1,15.9,15.9,15.9,15.9,15.9,15.9,15.9,15.9,15.9,12.3,15.9,15.9,15.9,15.9,15.9,15.9,15.9,15.9,15.9,12.2,15.9,15.9,15.9,15.9,15.9,15.9,15.9,15.9,15.9,12.1,15.9,15.9,15.9,15.9,15.9,15.9,15.9,15.9,15.9,12.2,15.9,15.9,15.9,15.9,15.9,15.9,15.9,15.9,15.9,12.2,15.9,15.9,15.9,15.9,15.9,15.9,11.9,11.8
0.000111,12,15.9,15.9,15.9,15.9,15.9,15.9,15.9,15.9,15.9,15.9,12.1,15.9,15.9,15.9,15.9,15.9,15.9,15.9,15.9,15.9,12.3,15.9,15.9,15.9,15.9,15.9,15.9,15.9,15.9,15.9,12,15.9,15.9,15.9,15.9,15.9,15.9,15.9,15.9,15.9,12.1,15.9,15.9,15.9,15.9,15.9,15.9,15.9,15.9,15.9,12.3,15.9,15.9,15.9,15.9,15.9,15.9,15.9,15.9,15.9,12.2,15.9,15.9,15.9,15.9,15.9,15.9,15.9,15.9,15.9,12.1,15.9,15.9,15.9,15.9,15.9,15.9,15.9,15.9,15.9,12.2,15.9,15.9,15.9,15.9,15.9,15.9,15.9,15.9,15.9,12.2,15.9,15.9,15.9,15.9,15.9,15.9,11.9,11.9
0.000111,12,15.9,15.9,15.9,15.9,15.9,15.9,15.9,15.9,15.9,15.9,12.1,15.9,15.9,15.9,15.9,15.9,15.9,15.9,15.9,15.9,12.2,15.9,15.9,15.9,15.9,15.9,15.9,15.9,15.9,15.9,12,15.9,15.9,16,15.9,15.9,15.9,15.9,15.9,15.9,12.2,15.9,15.9,15.9,15.9,15.9,15.9,15.9,15.9,15.9,12.3,15.9,15.9,15.9,15.9,15.9,15.9,15.9,15.9,15.9,12.1,15.9,15.9,15.9,15.9,15.9,15.9,15.9,15.9,15.9,12.2,15.9,15.9,15.9,15.9,15.9,15.9,15.9,15.9,15.9,12.2,15.9,15.9,15.9,15.9,15.9,15.9,15.9,15.9,15.9,12.2,15.9,15.9,15.9,15.9,15.9,15.9,11.9,12
0.000111,12,15.9,15.9,15.9,15.9,15.9,15.9,15.9,15.9,15.9,15.9,12.1,15.9,15.9,15.9,15.9,15.9,15.9,15.9,15.9,15.9,12.2,15.9,15.9,15.9,15.9,15.9,15.9,15.9,15.9,15.9,12.1,15.9,15.9,15.9,15.9,15.9,15.9,15.9,15.9,15.9,12.2,15.9,15.9,15.9,15.9,15.9,15.9,15.9,15.9,15.9,12.3,15.9,15.9,15.9,15.9,15.9,15.9,15.9,15.9,15.9,12.1,15.9,15.9,15.9,15.9,15.9,15.9,15.9,15.9,15.9,12.2,15.9,15.9,15.9,15.9,15.9,15.9,15.9,15.9,15.9,12.1,15.9,15.9,15.9,15.9,15.9,15.9,15.9,15.9,15.9,12.2,15.9,15.9,15.9,15.9,15.9,15.9,11.9,11.9
0.000111,12,15.9,15.9,15.9,15.9,15.9,15.9,15.9,15.9,15.9,15.9,12.1,15.9,15.9,15.9,15.9,15.9,15.9,15.9,15.9,15.9,12.2,15.9,15.9,15.9,15.9,15.9,15.9,15.9,15.9,15.9,12,15.9,15.9,15.9,15.9,15.9,15.9,15.9,15.9,15.9,12.2,15.9,15.9,15.9,15.9,15.9,15.9,15.9,15.9,15.9,12.2,15.9,15.9,15.9,15.9,15.9,15.9,15.9,15.9,15.9,12.1,15.9,15.9,15.9,15.9,15.9,15.9,15.9,15.9,15.9,12.1,15.9,15.9,15.9,15.9,15.9,15.9,15.9,15.8,15.9,12.1,15.9,15.9,15.9,15.9,15.9,15.9,15.9,15.9,15.9,12.1,15.9,15.9,15.9,15.9,15.9,15.9,11.9,12
0.000112,12,15.9,15.9,15.9,15.9,15.9,15.9,15.9,15.9,15.9,15.9,12.1,15.9,15.9,15.9,15.9,15.9,15.9,15.9,15.9,15.9,12.2,15.9,15.9,15.9,15.9,15.9,15.9,15.9,15.9,15.9,12.1,15.9,15.9,15.9,15.9,15.9,15.9,15.9,15.9,15.9,12.2,15.8,15.9,15.9,15.9,15.9,15.9,15.9,15.9,15.9,12.2,15.9,15.9,15.9,15.9,15.9,15.9,15.9,15.9,15.9,12.1,15.9,15.9,15.9,15.9,15.9,15.9,15.9,15.9,15.9,12.1,15.9,15.9,15.9,15.9,15.9,15.9,15.9,15.9,15.9,12.1,15.9,15.9,15.9,15.9,15.9,15.9,15.9,15.9,15.9,12.2,15.9,15.9,15.9,15.9,15.9,15.9,11.9,12
0.000112,12,15.9,15.9,15.9,15.9,15.9,15.9,15.9,15.9,15.9,15.9,12.1,15.9,15.9,15.9,15.9,15.9,15.9,15.9,15.9,15.9,12.2,15.9,15.9,15.9,15.9,15.9,15.9,15.9,15.9,15.9,12.1,15.9,15.9,15.9,15.9,15.9,15.9,15.9,15.9,15.9,12.2,15.9,15.9,15.9,15.9,15.9,15.9,15.9,15.9,15.9,12.1,15.9,15.9,15.9,15.8,15.9,15.9,15.9,15.9,15.9,12.1,15.9,15.9,15.9,15.9,15.9,15.9,15.9,15.9,15.9,12.1,15.9,15.9,15.9,15.9,15.9,15.9,15.9,15.9,15.9,12.1,15.9,15.9,15.9,15.9,15.9,15.9,15.9,15.9,15.9,12.2,15.9,15.9,15.9,15.9,15.9,15.9,11.9,12
0.000112,12,15.9,15.9,15.9,15.9,15.9,15.9,15.9,15.9,15.9,15.9,12,15.9,15.9,15.9,15.9,15.9,15.9,15.9,15.9,15.9,12.2,15.9,15.9,15.9,15.9,15.9,15.9,15.9,15.9,15.9,12,15.9,15.9,15.9,15.9,15.9,15.9,15.9,15.9,15.9,12.1,15.9,15.9,15.9,15.9,15.9,15.9,15.9,15.9,15.9,12.1,15.9,15.9,15.9,15.9,15.9,15.9,15.9,15.9,15.9,12.1,15.9,15.9,15.9,15.9,15.9,15.9,15.9,15.9,15.9,12.1,15.9,15.9,15.9,15.9,15.9,15.9,15.9,15.9,15.9,12.1,15.9,15.9,15.9,15.9,15.9,15.9,15.9,15.9,15.9,12.1,15.9,15.9,15.9,15.9,15.9,15.9,11.8,11.9
0.000112,12,15.9,15.9,15.9,15.9,15.9,15.9,15.9,15.9,15.9,15.9,12,15.9,15.9,15.9,15.9,15.9,15.9,15.9,15.9,15.9,12.2,15.9,15.9,15.9,15.9,15.9,15.9,15.9,15.9,15.9,12,15.9,15.9,15.9,15.9,15.9,15.9,15.9,15.9,15.9,12.1,15.9,15.9,15.9,15.9,15.9,15.9,15.9,15.9,15.9,12.1,15.9,15.9,15.9,15.9,15.9,15.9,15.9,15.9,15.9,12.2,15.9,15.9,15.9,15.9,15.9,15.9,15.9,15.9,15.9,12.1,15.9,15.9,15.9,15.9,15.9,15.9,15.9,15.9,15.9,12.2,15.9,15.9,15.9,15.9,15.9,15.9,15.9,15.9,15.9,12.2,15.9,15.9,15.9,15.9,15.9,15.9,11.8,11.9
0.000112,12,15.9,15.9,15.9,15.9,15.9,15.9,15.9,15.9,15.9,15.9,12.1,15.9,15.9,16,15.9,15.9,15.9,15.9,15.9,15.9,12.3,15.9,15.9,15.9,15.9,15.9,15.9,15.9,15.9,15.9,12,15.9,15.9,15.9,15.9,15.9,15.9,15.9,15.9,15.9,12,15.9,15.9,15.9,15.9,15.9,15.9,15.9,15.9,15.9,12.1,15.9,15.9,15.9,15.9,15.9,15.9,15.9,15.9,15.9,12.1,15.9,15.9,15.9,15.9,15.9,15.9,15.9,15.9,15.9,12.1,15.9,15.9,15.9,15.9,15.9,15.9,15.9,15.9,15.9,12.2,15.9,15.9,15.9,15.9,15.9,15.9,15.9,15.9,15.9,12.2,15.9,15.9,15.9,15.9,15.9,15.9,11.8,11.8
0.000113,12,15.9,15.9,15.9,15.9,15.9,15.9,15.8,15.9,15.9,15.9,12.1,15.9,15.9,15.9,15.9,15.9,15.9,15.9,15.9,15.9,12.3,15.9,15.9,15.9,15.9,15.9,15.9,15.9,15.9,15.9,12,15.9,15.9,15.9,15.9,15.9,15.9,15.9,15.9,15.9,12,15.9,15.9,15.9,15.9,15.9,15.9,15.9,15.9,15.9,12.1,15.9,15.9,15.9,15.9,15.9,15.9,15.9,15.9,15.9,12.2,15.9,15.9,15.9,15.9,15.9,15.9,15.9,15.9,15.9,12.1,15.9,15.9,15.9,15.9,15.9,15.9,15.9,15.9,15.9,12.2,15.9,15.9,15.9,15.9,15.9,15.9,15.9,15.9,15.9,12.2,15.9,15.9,15.9,15.9,15.9,15.9,11.9,11.8
0.000113,12,15.9,15.9,15.9,15.9,15.9,15.9,15.9,15.9,15.9,15.9,12,15.9,15.9,15.9,15.9,15.9,15.9,15.9,15.9,15.9,12.2,15.9,15.9,15.9,15.9,15.9,15.9,15.9,15.9,15.9,12,15.9,15.9,15.9,15.9,15.9,15.9,15.9,15.9,15.9,12,15.9,15.9,15.9,15.9,15.9,15.9,15.9,15.9,15.9,12.1,15.9,15.9,15.9,15.9,15.9,15.9,15.9,15.9,15.9,12.2,15.9,15.9,15.9,15.9,15.9,15.9,15.9,15.9,15.9,12.1,15.9,15.9,15.9,15.9,15.9,15.9,15.9,15.9,15.9,12.3,15.9,15.9,15.9,15.9,15.9,15.9,15.9,15.9,15.9,12.2,15.9,15.9,15.9,15.9,15.9,15.9,11.9,11.8
0.000113,12,15.9,15.9,15.9,15.9,15.9,15.9,15.9,15.9,15.9,15.9,12.1,15.9,15.9,15.9,15.9,15.9,15.9,15.9,15.9,15.9,12.2,15.9,15.9,15.9,15.9,15.9,15.9,15.9,15.9,15.9,12,15.9,15.9,15.9,15.9,15.9,15.9,15.9,15.9,15.9,12,15.9,15.9,15.9,15.9,15.9,15.9,15.9,15.9,15.9,12.2,15.9,15.9,15.9,15.9,15.9,15.9,15.9,15.9,15.9,12.1,15.9,15.9,15.9,15.9,15.9,15.9,15.9,15.9,15.9,12.2,15.9,15.9,15.9,15.9,15.9,15.9,15.9,15.9,15.9,12.3,15.9,15.9,15.9,15.9,15.9,15.9,15.9,15.9,15.9,12.2,15.9,15.9,15.9,15.9,15.9,15.9,11.9,11.8
0.000113,11.9,15.9,15.9,15.9,15.9,15.9,15.9,15.9,15.9,15.9,15.9,12.1,15.9,15.9,15.9,15.9,15.9,15.9,15.9,15.9,15.9,12.1,15.9,15.9,15.9,15.9,15.9,15.9,15.9,15.9,15.9,12,15.9,15.9,15.9,15.9,15.9,15.9,15.9,15.9,15.9,12.1,15.9,15.9,15.9,15.9,15.9,15.9,15.9,15.9,15.9,12.2,15.9,15.9,15.8,15.9,15.9,15.9,15.9,15.9,15.9,12.1,15.9,15.9,15.9,15.9,15.9,15.9,15.9,15.9,15.9,12.1,15.9,15.9,15.9,15.9,15.9,15.9,15.9,15.9,15.9,12.3,15.9,15.9,15.9,15.9,15.9,15.9,15.9,15.9,15.9,12.2,15.9,15.9,15.9,15.9,15.9,15.9,11.9,11.8
0.000113,11.9,15.9,15.9,15.9,15.9,15.9,15.9,15.9,15.9,15.9,15.9,12,15.9,15.9,15.9,15.9,15.9,15.9,15.9,15.9,15.9,12.1,15.9,15.9,15.9,15.9,15.9,15.9,15.9,15.9,15.9,12,15.9,15.9,15.9,15.9,15.9,15.9,15.9,15.9,15.9,12.1,15.9,15.9,15.9,15.9,15.9,15.9,15.9,15.9,15.9,12.2,15.9,15.9,15.9,15.9,15.9,15.9,15.9,15.9,15.9,12.1,15.9,15.9,15.9,15.9,15.9,15.9,15.9,15.9,15.9,12.1,15.9,15.9,15.9,15.9,15.9,15.9,15.9,15.9,15.9,12.2,15.9,15.9,15.9,15.9,15.9,15.9,15.9,15.9,15.9,12.2,15.9,15.9,15.9,15.9,15.9,15.9,11.9,11.9
0.000114,11.9,15.9,15.9,15.9,15.9,15.9,15.9,15.9,15.9,15.9,15.9,12.1,15.9,15.9,15.9,15.9,15.9,15.9,15.9,15.9,15.9,12,15.9,15.9,15.9,15.9,15.9,15.9,15.9,15.9,15.9,12.1,15.9,15.9,15.9,15.9,15.9,15.9,15.9,15.9,15.9,12.1,15.9,15.9,15.9,15.9,15.9,15.9,15.9,15.9,15.9,12.2,15.9,15.9,15.9,15.9,15.9,15.9,15.9,15.9,15.9,12.1,15.9,15.9,15.9,15.9,15.9,15.9,15.9,15.9,15.9,12.1,15.9,15.9,15.9,15.9,15.9,15.9,15.9,15.9,15.9,12.1,15.9,15.9,15.9,15.9,15.9,15.9,15.9,15.9,15.9,12.2,15.9,15.9,15.9,15.9,15.9,15.9,11.8,11.9
0.000114,11.9,15.9,15.9,15.9,15.9,15.9,15.9,15.9,15.9,15.9,15.9,12,15.9,15.9,15.9,15.9,15.9,15.9,15.9,15.9,15.9,12.1,15.9,15.9,15.9,15.9,15.9,15.9,15.9,15.9,15.9,12,15.9,15.9,15.9,15.9,15.9,15.9,15.9,15.9,15.9,12.1,15.9,15.9,15.9,15.9,15.9,15.9,15.9,15.9,15.9,12.3,15.9,15.9,15.9,15.9,15.9,15.9,15.9,15.9,15.9,12.1,15.9,15.9,15.9,15.9,15.9,15.9,15.9,15.9,15.9,12.1,15.9,15.9,15.9,15.9,15.9,15.9,15.9,15.9,15.9,12.1,15.9,15.9,15.9,15.9,15.9,15.9,15.9,15.9,15.9,12.2,15.9,15.9,15.9,15.9,15.9,15.9,11.9,11.9
0.000114,11.9,15.9,15.9,15.9,15.9,15.9,15.9,15.9,15.9,15.9,15.9,12,15.9,15.9,15.9,15.9,15.9,15.9,15.9,15.9,15.9,12.1,15.9,15.9,15.9,15.9,15.9,15.9,15.9,15.9,15.9,12,15.9,15.9,15.9,15.9,15.9,15.9,15.9,15.9,15.9,12.2,15.9,15.9,15.9,15.9,15.9,15.9,15.9,15.9,15.9,12.2,15.9,15.9,15.9,15.9,15.9,15.9,15.9,15.9,15.9,12.1,15.9,15.9,15.9,15.9,15.9,15.9,15.9,15.9,15.9,12.1,15.9,15.9,15.9,15.9,15.9,15.9,15.9,15.9,15.9,12.1,15.9,15.9,15.9,15.9,15.9,15.9,15.9,15.9,15.9,12.2,15.9,15.9,15.9,15.9,15.9,15.9,11.8,12
0.000114,12,15.9,15.9,15.9,15.9,15.9,15.9,15.9,15.9,15.9,15.9,12,15.9,15.9,15.9,15.9,15.9,15.9,15.9,15.9,15.9,12.2,15.9,15.9,15.9,15.9,15.9,15.9,15.9,15.9,15.9,12,15.9,15.9,15.9,15.9,15.9,15.9,15.9,15.9,15.9,12.1,15.9,15.9,15.9,15.9,15.9,15.9,15.9,15.9,15.9,12.2,15.9,15.9,15.9,15.9,15.9,15.9,15.9,15.9,15.9,12.1,15.9,15.9,15.9,15.9,15.9,15.9,15.9,15.9,15.9,12.1,15.9,15.9,15.9,15.9,15.9,15.9,15.9,15.9,15.9,12.1,15.9,15.9,15.9,15.9,15.9,15.9,15.9,15.9,15.9,12.2,15.9,15.9,15.9,15.9,15.9,15.9,11.9,12
0.000114,12,15.9,15.9,15.9,15.9,15.9,15.9,15.9,15.9,15.9,15.9,12.1,15.9,15.9,15.9,15.9,15.9,15.9,15.9,15.9,15.9,12.3,15.9,15.9,15.9,15.9,15.9,15.9,15.9,15.9,15.9,12,15.9,15.9,15.9,15.9,15.9,15.9,15.9,15.9,15.9,12.1,15.9,15.9,15.9,15.9,15.9,15.9,15.9,15.9,15.9,12.1,15.9,15.9,15.9,15.9,15.9,15.9,15.9,15.9,15.9,12.1,15.9,15.9,15.9,15.9,15.9,15.9,15.9,15.9,15.9,12.1,15.9,15.9,15.9,15.9,15.9,15.9,15.9,15.9,15.9,12.1,15.9,15.9,15.9,15.9,15.9,15.9,15.9,15.9,15.9,12.3,15.9,16,15.9,15.9,15.9,15.9,11.9,12
0.000115,12,15.9,15.9,15.9,15.9,15.9,15.9,15.9,15.9,15.9,15.9,12.1,15.9,15.9,15.9,15.9,15.9,15.9,15.9,15.9,15.9,12.3,15.9,15.9,15.9,15.9,15.9,15.9,15.9,15.9,15.9,12.1,15.9,15.9,15.9,15.9,15.9,15.9,15.9,15.9,15.9,12.1,15.9,15.9,15.9,15.9,15.9,15.9,15.9,15.9,15.9,12.2,15.9,15.9,15.9,15.9,15.9,15.9,15.9,15.9,15.9,12.1,15.9,15.9,15.9,15.9,15.9,15.9,15.9,15.9,15.9,12.1,15.9,15.9,15.9,15.9,15.9,15.9,15.9,15.9,15.9,12.1,15.9,15.9,15.9,15.9,15.9,15.9,15.9,15.9,15.9,12.2,15.9,15.9,15.9,15.9,15.9,15.9,11.8,12
0.000115,12,15.9,15.9,15.9,15.9,15.9,15.9,15.9,15.9,15.9,15.9,12.1,15.9,15.9,15.9,15.9,15.9,15.9,15.9,15.9,15.9,12.2,15.9,15.9,15.9,15.9,15.9,15.9,15.9,15.9,15.9,12.1,15.9,15.9,15.8,15.8,15.9,15.9,15.9,15.9,15.9,12,15.9,15.9,15.9,15.9,15.9,15.9,15.9,15.9,15.9,12.1,15.9,15.9,15.9,15.9,15.9,15.9,15.9,15.9,15.9,12.1,15.9,15.9,15.9,15.9,15.9,15.9,15.9,15.9,15.9,12.1,15.9,15.9,15.9,15.9,15.9,15.9,15.9,15.9,15.9,12.1,15.9,15.9,15.9,15.9,15.9,15.9,15.9,15.9,15.9,12.2,15.9,15.9,15.9,15.9,15.9,15.9,11.9,12
0.000115,12,15.9,15.9,15.9,15.9,15.9,15.9,15.8,15.9,15.9,15.9,12.1,15.9,15.9,15.9,15.9,15.9,15.9,15.9,15.9,15.9,12.2,15.9,15.9,15.9,15.9,15.9,15.9,15.9,15.9,15.9,12.1,15.9,15.9,15.9,15.9,15.9,15.9,15.9,15.9,15.9,12.1,15.9,15.9,15.9,15.9,15.9,15.9,15.9,15.9,15.9,12.1,15.9,15.9,15.9,15.9,15.9,15.9,15.9,15.9,15.9,12.1,15.9,15.9,15.9,15.9,15.9,15.9,15.9,15.9,15.9,12.1,15.9,15.9,15.9,15.9,15.9,15.9,15.9,15.9,15.9,12.2,15.9,15.9,15.9,15.9,15.9,15.9,15.9,15.9,15.9,12.2,15.9,15.9,15.9,15.9,15.9,15.9,11.8,11.9
0.000115,11.9,15.9,15.9,15.9,15.9,15.9,15.9,15.9,15.9,15.9,15.9,12.1,15.9,15.9,15.9,15.9,15.9,15.9,15.9,15.8,15.9,12.2,15.9,15.9,15.9,15.9,15.9,15.9,15.9,15.9,15.9,12.1,15.9,15.9,15.9,15.9,15.9,15.9,15.9,15.9,15.9,12.1,15.9,15.9,15.9,15.9,15.9,15.9,15.9,15.9,15.9,12.1,15.9,15.9,15.9,15.9,15.9,15.9,15.9,15.9,15.9,12.1,15.9,15.9,15.9,15.9,15.9,15.9,15.9,15.9,15.9,12,15.9,15.9,15.9,15.9,15.9,15.9,15.9,15.9,15.9,12.2,15.9,15.9,15.9,15.9,15.9,15.9,15.9,15.9,15.9,12.1,15.9,15.9,15.9,15.9,15.9,15.9,11.8,11.9
0.000115,11.9,15.9,15.9,15.9,15.9,15.9,15.9,15.9,15.9,15.9,15.9,12.1,15.9,15.9,15.9,15.9,15.9,15.9,15.9,15.9,15.9,12.1,15.9,15.9,15.9,15.9,15.9,15.9,15.9,15.9,15.9,12.2,15.9,15.9,15.9,15.9,15.9,15.9,15.9,15.9,15.9,12,15.9,15.9,15.9,15.9,15.9,15.9,15.9,15.9,15.9,12.2,15.9,15.9,15.9,15.9,15.9,15.9,15.9,15.9,15.9,12.1,15.9,15.9,15.9,15.9,15.9,15.9,15.9,15.9,15.9,12,15.9,15.9,15.9,15.9,15.9,15.9,15.9,15.9,15.9,12.2,15.9,15.9,15.9,15.9,15.9,15.9,15.9,15.9,15.9,12.1,15.9,15.9,15.9,15.9,15.9,15.9,11.8,11.9
0.000116,11.9,15.9,15.9,15.9,15.9,15.9,15.9,15.9,15.9,15.9,15.9,12.1,15.9,15.9,15.9,15.9,15.9,15.9,15.9,15.9,15.9,12,15.9,15.9,15.9,15.9,15.9,15.9,15.9,15.9,15.9,12.1,15.9,15.9,15.9,15.9,15.9,15.9,15.9,15.9,15.9,12,15.9,15.9,15.9,15.9,15.9,15.9,15.9,15.9,15.9,12.1,15.9,15.9,15.9,15.9,15.9,15.9,15.9,15.9,15.9,12.1,15.9,15.9,15.9,15.9,15.9,15.9,15.9,15.9,15.9,12,15.9,15.9,15.9,15.9,15.9,15.9,15.9,15.9,15.9,12.2,15.9,15.9,15.9,15.9,15.9,15.9,15.9,15.9,15.9,12,15.9,15.9,15.9,15.9,15.9,15.9,11.8,11.8
0.000116,11.9,15.9,15.9,15.9,15.9,15.9,15.9,15.9,15.9,15.9,15.9,12,15.9,15.9,15.9,15.9,15.9,15.9,15.9,15.9,15.9,12,15.9,15.9,15.9,15.9,15.9,15.9,15.9,15.9,15.9,12.1,15.9,15.9,15.9,15.9,15.9,15.9,15.9,15.9,15.9,12,15.9,15.9,15.9,15.9,15.9,15.9,15.9,15.9,15.8,12.2,15.9,15.9,15.9,15.9,15.9,15.9,15.9,15.9,15.9,12.1,15.9,15.9,15.9,15.9,15.9,15.9,15.9,15.9,15.9,12,15.9,15.9,15.9,15.9,15.9,15.9,15.9,15.9,15.9,12.2,15.9,15.9,15.9,15.9,15.9,15.9,15.9,15.9,15.9,12,15.9,15.9,15.9,15.9,15.9,15.9,11.8,11.8
0.000116,12,15.9,15.9,15.9,15.9,15.9,15.9,15.9,15.9,15.9,15.9,12,15.9,15.9,15.9,15.9,15.9,15.9,15.9,15.9,15.9,12.1,15.9,15.9,15.8,15.9,15.9,15.9,15.9,15.9,15.9,12,15.9,15.9,15.9,15.9,15.9,15.9,15.9,15.9,15.9,12.1,15.9,15.9,15.9,15.9,15.9,15.9,15.9,15.9,15.9,12.2,15.9,15.9,15.9,15.9,15.9,15.9,15.9,15.9,15.9,12.1,15.9,15.9,15.9,15.9,15.9,15.9,15.9,15.9,15.9,12,15.9,15.9,15.9,15.9,15.9,15.9,15.9,15.9,15.9,12.1,15.9,15.9,15.9,15.9,15.9,15.9,15.9,15.9,15.9,11.9,15.9,15.9,15.9,15.9,15.9,15.9,11.8,11.8
0.000116,11.9,15.9,15.9,15.9,15.9,15.9,15.9,15.9,15.9,15.9,15.9,12.1,15.9,15.9,15.9,15.9,15.9,15.9,15.9,15.9,15.9,12.1,15.9,15.9,15.9,15.9,15.9,15.9,15.9,15.9,15.9,12,15.9,15.9,15.9,15.9,15.9,15.9,15.9,15.9,15.9,12.1,15.9,15.9,15.9,15.9,15.9,15.9,15.9,15.9,15.9,12.1,15.9,15.9,15.9,15.9,15.9,15.9,15.9,15.9,15.9,12.1,15.9,15.9,15.9,15.9,15.9,15.9,15.9,15.9,15.9,12.1,15.9,15.9,15.9,15.9,15.9,15.9,15.9,15.9,15.9,12.1,15.9,15.9,15.9,15.9,15.9,15.9,15.9,15.9,15.9,12,15.9,15.9,15.9,15.9,15.9,15.9,11.8,11.8
0.000116,11.9,15.9,15.9,15.9,15.9,15.9,15.9,15.9,15.9,15.9,15.9,12,15.9,15.9,15.9,15.9,15.9,15.9,15.9,15.9,15.9,12.2,15.9,15.9,15.9,15.9,15.9,15.9,15.9,15.9,15.9,12,15.9,15.9,15.9,15.9,15.9,15.9,15.9,15.9,15.9,12.2,15.9,15.9,15.9,15.9,15.9,15.9,15.9,15.9,15.9,12.1,15.9,15.9,15.9,15.9,15.9,15.9,15.9,15.9,15.9,12.1,15.9,15.9,15.9,15.9,15.9,15.9,15.9,15.9,15.9,12.1,15.9,15.9,15.9,15.9,15.9,15.9,15.9,15.9,15.9,12.1,15.9,15.9,15.9,15.9,15.9,15.9,15.9,15.9,15.9,12,15.9,15.9,15.9,15.9,15.9,15.9,11.8,11.8
0.000117,12,15.9,15.9,15.9,15.9,15.9,15.9,15.9,15.9,15.9,15.9,12,15.9,15.9,15.9,15.9,15.9,15.9,15.9,15.9,15.9,12.2,15.9,15.9,15.9,15.9,15.9,15.9,15.9,15.9,15.9,12,15.9,15.9,15.9,15.9,15.9,15.9,15.9,15.9,15.9,12.2,15.9,15.9,15.9,15.9,15.9,15.9,15.9,15.9,15.9,12.1,15.9,15.9,15.9,15.9,15.9,15.9,15.9,15.9,15.9,12.1,15.9,15.9,15.9,15.9,15.9,15.9,15.9,15.9,15.9,12.1,15.9,15.9,15.9,15.9,15.9,15.9,15.9,15.9,15.9,12,15.9,15.9,15.9,15.9,15.9,15.9,15.9,15.9,15.9,12.1,15.9,15.9,15.9,15.9,15.9,15.9,11.8,11.9
0.000117,12,15.9,15.9,15.9,15.9,15.9,15.9,15.9,15.9,15.9,15.9,12,15.9,15.9,15.9,15.9,15.9,15.9,15.9,15.9,15.9,12.2,15.9,15.9,15.9,15.9,15.9,15.9,15.9,15.9,15.9,12,15.9,15.9,15.9,15.9,15.9,15.9,15.9,15.9,15.9,12.2,15.9,15.9,15.9,15.9,15.9,15.9,15.9,15.8,15.9,12,15.9,15.9,15.9,15.9,15.9,15.9,15.9,15.9,15.9,12.1,15.9,15.9,15.9,15.9,15.9,15.9,15.9,15.9,15.9,12,15.9,15.9,15.9,15.9,15.9,15.9,15.9,15.9,15.9,12.1,15.9,15.9,15.9,15.9,15.9,15.9,15.9,15.9,15.9,12.2,15.9,15.9,15.9,15.9,15.9,15.9,11.9,12
0.000117,12,15.8,15.9,15.9,15.9,15.9,15.9,15.9,15.9,15.9,15.9,12,15.9,15.9,15.9,15.9,15.9,15.9,15.9,15.9,15.9,12.2,15.9,15.9,15.9,15.9,15.9,15.9,15.9,15.8,15.9,12,15.9,15.9,15.9,15.9,15.9,15.9,15.9,15.8,15.9,12.1,15.9,15.9,15.9,15.9,15.9,15.9,15.9,15.9,15.9,12.1,15.9,15.9,15.9,15.9,15.9,15.9,15.9,15.9,15.9,12.1,15.9,15.9,15.9,15.9,15.9,15.9,15.9,15.9,15.9,12.1,15.9,15.9,15.9,15.9,15.9,15.9,15.9,15.9,15.9,12.1,15.9,15.9,15.9,15.9,15.9,15.9,15.9,15.9,15.9,12.2,15.9,15.9,15.9,15.9,15.9,15.9,11.9,12
0.000117,11.9,15.9,15.9,15.9,15.9,15.9,15.9,15.9,15.9,15.9,15.9,12,15.9,15.9,15.9,15.9,15.9,15.9,15.9,15.9,15.9,12.3,15.9,15.9,15.9,15.9,15.9,15.9,15.9,15.9,15.9,12,15.9,15.9,15.9,15.9,15.9,15.9,15.9,15.9,15.9,12.1,15.9,15.9,15.9,15.9,15.9,15.9,15.9,15.9,15.9,12.1,15.9,15.9,15.9,15.9,15.9,15.9,15.9,15.9,15.9,12.1,15.9,15.9,15.9,15.9,15.9,15.9,15.9,15.9,15.9,12.1,15.9,15.9,15.9,15.9,15.9,15.9,15.9,15.9,15.8,12.1,15.9,15.9,15.9,15.9,15.9,15.9,15.9,15.9,15.9,12.1,15.9,15.9,15.9,15.9,15.9,15.9,11.9,11.9
0.000117,12,15.9,15.9,15.9,15.8,15.9,15.9,15.9,15.9,15.9,15.9,12,15.9,15.9,15.9,15.9,15.9,15.9,15.9,15.9,15.9,12.1,15.9,15.9,15.9,15.9,15.9,15.9,15.9,15.9,15.9,12,15.9,15.9,15.9,15.9,15.9,15.9,15.9,15.9,15.9,12,15.9,15.9,15.9,15.9,15.9,15.9,15.9,15.9,15.9,12.1,15.9,15.9,15.9,15.9,15.9,15.9,15.9,15.9,15.9,12.1,15.9,15.9,15.9,15.8,15.9,15.9,15.9,15.9,15.9,12,15.9,15.9,15.9,15.8,15.9,15.9,15.9,15.9,15.9,12.1,15.9,15.9,15.9,15.9,15.9,15.9,15.9,15.9,15.9,12.2,15.9,15.9,15.9,15.9,15.9,15.9,11.9,11.9
0.000118,12,15.9,15.9,15.9,15.9,15.9,15.9,15.9,15.9,15.9,15.9,12,15.9,15.9,15.9,15.9,15.9,15.9,15.9,15.9,15.9,12,15.9,15.9,15.9,15.8,15.9,15.9,15.9,15.9,15.9,12,15.9,15.9,15.9,15.9,15.9,15.9,15.9,15.9,15.9,12,15.9,15.9,15.9,15.9,15.9,15.9,15.9,15.9,15.9,12.1,15.9,15.9,15.9,15.9,15.9,15.9,15.9,15.9,15.9,12.1,15.9,15.9,15.9,15.9,15.9,15.9,15.9,15.9,15.9,12,15.9,15.9,15.9,15.9,15.9,15.9,15.9,15.9,15.9,12.1,15.9,15.9,15.9,15.9,15.9,15.9,15.9,15.9,15.9,12.1,15.9,15.9,15.9,15.9,15.9,15.9,11.9,11.9
0.000118,12,15.9,15.9,15.9,15.9,15.9,15.9,15.9,15.9,15.9,15.9,12.1,15.9,15.9,15.9,15.9,15.9,15.9,15.9,15.9,15.9,12.1,15.9,15.9,15.9,15.9,15.9,15.9,15.9,15.9,15.9,12,15.9,15.9,15.9,15.9,15.9,15.9,15.9,15.9,15.9,12,15.9,15.9,15.9,15.9,15.9,15.9,15.9,15.9,15.9,12.1,15.9,15.9,15.9,15.9,15.9,15.9,15.9,15.9,15.9,12,15.9,15.9,15.9,15.9,15.9,15.9,15.9,15.9,15.9,12,15.9,15.9,15.9,15.9,15.9,15.9,15.9,15.9,15.9,12.1,15.9,15.9,15.9,15.9,15.9,15.9,15.9,15.9,15.9,12.1,15.9,15.9,15.9,15.9,15.9,15.9,11.9,11.9
0.000118,12,15.9,15.9,15.9,15.9,15.9,15.9,15.9,15.9,15.9,15.9,12,15.9,15.9,15.9,15.9,15.9,15.9,15.9,15.9,15.9,12,15.9,15.9,15.9,15.9,15.9,15.9,15.9,15.9,15.9,12,15.9,15.9,15.9,15.9,15.9,15.9,15.9,15.9,15.9,12,15.9,15.9,15.9,15.9,15.9,15.9,15.9,15.9,15.9,12.1,15.9,15.9,15.9,15.9,15.9,15.9,15.9,15.9,15.9,12,15.9,15.9,15.9,15.9,15.9,15.9,15.9,15.9,15.9,12,15.9,15.9,15.9,15.9,15.9,15.9,15.9,15.9,15.9,12.1,15.9,15.9,15.9,15.9,15.9,15.9,15.9,15.9,15.9,12.1,15.9,15.9,15.9,15.9,15.9,15.9,11.9,11.8
0.000118,12,15.9,15.9,15.9,15.9,15.9,15.9,15.9,15.9,15.9,15.9,12,15.9,15.9,15.9,15.9,15.9,15.9,15.9,15.9,15.9,12.1,15.9,15.9,15.9,15.9,15.9,15.9,15.9,15.9,15.9,12,15.9,15.9,15.9,15.9,15.9,15.9,15.9,15.9,15.9,12,15.9,15.9,15.9,15.9,15.9,15.9,15.9,15.9,15.9,12,15.9,15.9,15.9,15.9,15.9,15.9,15.9,15.9,15.9,12,15.9,15.9,15.9,15.9,15.9,15.9,15.9,15.9,15.9,12,15.9,15.9,15.9,15.9,15.9,15.9,15.9,15.9,15.9,12.1,15.9,15.9,15.9,15.9,15.9,15.9,15.9,15.9,15.9,12,15.9,15.9,15.9,15.9,15.9,15.9,11.9,11.8
0.000118,11.9,15.9,15.9,15.9,15.9,15.9,15.9,15.9,15.9,15.9,15.9,12,15.9,15.9,15.9,15.9,15.9,15.9,15.9,15.9,15.9,12,15.9,15.9,15.9,15.9,15.9,15.9,15.9,15.9,15.9,12,15.9,15.9,15.9,15.9,15.9,15.9,15.9,15.9,15.9,12,15.9,15.9,15.9,15.9,15.9,15.9,15.9,15.9,15.9,12.1,15.9,15.9,15.9,15.9,15.9,15.9,15.9,15.9,15.9,12,15.9,15.9,15.9,15.9,15.9,15.9,15.9,15.9,15.9,12,15.9,15.9,15.9,15.9,15.9,15.9,15.9,15.9,15.9,12.1,15.9,15.9,15.9,15.9,15.9,15.9,15.9,15.9,15.9,12.1,15.9,15.9,15.9,15.9,15.9,15.9,11.7,11.8
0.000119,11.9,15.9,15.9,15.9,15.9,15.9,15.9,15.9,15.9,15.9,15.9,12.1,15.9,15.9,15.9,15.9,15.9,15.9,15.9,15.9,15.9,12.2,15.9,15.9,15.9,15.9,15.9,15.9,15.9,15.9,15.9,11.9,15.9,15.9,15.9,15.9,15.9,15.9,15.9,15.9,15.9,12,15.9,15.9,15.9,15.9,15.9,15.9,15.9,15.9,15.9,12.1,15.9,15.9,15.9,15.9,15.9,15.9,15.9,15.9,15.9,12,15.9,15.9,15.9,15.9,15.9,15.9,15.9,15.9,15.9,12,15.9,15.9,15.9,15.9,15.9,15.9,15.9,15.9,15.9,12.1,15.9,15.9,15.9,15.9,15.9,15.9,15.9,15.9,15.9,12.1,15.9,15.8,15.9,15.9,15.9,15.9,11.8,11.8
0.000119,11.9,15.9,15.9,15.9,15.9,15.8,15.9,15.9,15.9,15.9,15.9,12,15.9,15.9,15.9,15.9,15.9,15.9,15.9,15.9,15.9,12.2,15.9,15.9,15.9,15.9,15.9,15.9,15.9,15.9,15.9,12,15.9,15.9,15.9,15.9,15.9,15.9,15.9,15.9,15.9,12,15.9,15.9,15.9,15.9,15.9,15.9,15.9,15.9,15.9,12.1,15.9,15.9,15.9,15.9,15.9,15.9,15.9,15.9,15.9,12,15.9,15.9,15.9,15.9,15.9,15.9,15.9,15.9,15.9,12,15.9,15.9,15.9,15.9,15.9,15.9,15.9,15.9,15.9,12,15.9,15.9,15.9,15.9,15.9,15.9,15.9,15.9,15.9,12.1,15.9,15.9,15.9,15.9,15.9,15.9,11.8,11.9
0.000119,12,15.9,15.9,15.9,15.9,15.9,15.9,15.9,15.9,15.9,15.9,12.1,15.9,15.9,15.9,15.9,15.9,15.9,15.9,15.9,15.9,12.2,15.9,15.9,15.9,15.9,15.9,15.9,15.9,15.9,15.9,12,15.9,15.9,15.9,15.9,15.9,15.9,15.9,15.9,15.9,12,15.9,15.9,15.9,15.9,15.9,15.9,15.9,15.9,15.9,12.2,15.9,15.9,15.9,15.9,15.9,15.9,15.9,15.9,15.9,12,15.9,15.9,15.9,15.9,15.9,15.9,15.9,15.9,15.9,12,15.9,15.9,15.9,15.9,15.9,15.9,15.9,15.9,15.9,12.1,15.9,15.9,15.9,15.9,15.9,15.9,15.9,15.9,15.9,12.1,15.9,15.9,15.9,15.9,15.9,15.9,11.8,11.9
0.000119,11.9,15.9,15.9,15.9,15.9,15.9,15.9,15.9,15.9,15.9,15.9,12,15.9,15.9,15.9,15.9,15.9,15.9,15.9,15.9,15.9,12.2,15.9,15.9,15.9,15.9,15.9,15.9,15.9,15.9,15.9,11.9,15.9,15.9,15.9,15.9,15.9,15.9,15.9,15.9,15.9,12.1,15.9,15.9,15.9,15.9,15.9,15.9,15.9,15.9,15.9,12.2,15.9,15.9,15.9,15.9,15.9,15.9,15.9,15.9,15.9,12,15.9,15.9,15.9,15.9,15.9,15.9,15.9,15.9,15.9,12,15.9,15.9,15.9,15.9,15.9,15.9,15.9,15.9,15.9,12.1,15.9,15.9,15.9,15.9,15.9,15.9,15.9,15.9,15.9,12.2,15.9,15.9,15.9,15.9,15.9,15.9,11.9,11.9
0.000119,11.9,15.9,15.9,15.9,15.9,15.9,15.9,15.9,15.9,15.9,15.9,12,15.9,15.9,15.9,15.9,15.9,15.9,15.9,15.9,15.9,12.1,15.9,15.9,15.9,15.9,15.9,15.9,15.9,15.9,15.9,12,15.9,15.9,15.9,15.9,15.9,15.9,15.9,15.9,15.9,12,15.9,15.9,15.9,15.9,15.9,15.9,15.9,15.9,15.9,12.1,15.9,15.9,15.9,15.9,15.9,15.9,15.9,15.9,15.9,12.2,15.9,15.9,15.9,15.9,15.9,15.9,15.9,15.9,15.9,12,15.9,15.9,15.9,15.9,15.9,15.9,15.9,15.9,15.9,12,15.9,15.9,15.9,15.9,15.9,15.9,15.9,15.9,15.9,12.2,15.9,15.9,15.9,15.9,15.9,15.9,11.9,11.9
0.00012,12,15.8,15.9,15.9,15.9,15.9,15.9,15.9,15.9,15.9,15.9,12.1,15.9,15.9,15.9,15.8,15.9,15.9,15.9,15.9,15.9,12.1,15.9,15.9,15.9,15.9,15.9,15.9,15.9,15.9,15.9,12,15.9,15.9,15.9,15.9,15.9,15.9,15.9,15.9,15.9,12.1,15.9,15.9,15.9,15.9,15.9,15.9,15.9,15.9,15.9,12.1,15.9,15.9,15.9,15.9,15.9,15.9,15.9,15.9,15.9,12.2,15.9,15.9,15.9,15.9,15.9,15.9,15.9,15.9,15.9,12,15.9,15.9,15.9,15.9,15.9,15.9,15.9,15.9,15.9,12,15.9,15.9,15.9,15.9,15.9,15.9,15.9,15.9,15.9,12.1,15.9,15.9,15.9,15.9,15.9,15.9,12,11.9
0.00012,11.9,15.9,15.9,15.9,15.9,15.9,15.9,15.9,15.9,15.9,15.9,12,15.9,15.9,15.8,15.9,15.9,15.9,15.9,15.9,15.9,12.1,15.9,15.9,15.9,15.9,15.9,15.9,15.9,15.9,15.9,12,15.9,15.9,15.9,15.9,15.9,15.9,15.9,15.9,15.9,12.1,15.9,15.9,15.9,15.9,15.9,15.9,15.9,15.9,15.9,12.1,15.9,15.9,15.9,15.9,15.9,15.9,15.9,15.9,15.9,12.2,15.9,15.9,15.9,15.9,15.9,15.9,15.9,15.9,15.9,12.1,15.9,15.9,15.9,15.9,15.9,15.9,15.9,15.9,15.9,12.1,15.9,15.9,15.9,15.9,15.9,15.9,15.8,15.9,15.9,12.1,15.9,15.9,15.9,15.9,15.9,15.9,11.9,11.9
0.00012,11.9,15.9,15.9,15.9,15.9,15.9,15.9,15.9,15.9,15.9,15.9,12,15.9,15.9,15.9,15.9,15.9,15.9,15.9,15.9,15.9,12,15.9,15.9,15.9,15.9,15.9,15.9,15.9,15.9,15.9,12,15.9,15.9,15.9,15.9,15.9,15.9,15.9,15.9,15.9,12.1,15.9,15.9,15.9,15.9,15.9,15.9,15.9,15.9,15.9,12.1,15.9,15.9,15.9,15.9,15.9,15.9,15.9,15.9,15.9,12.1,15.9,15.9,15.9,15.9,15.9,15.9,16,15.9,15.9,12,15.9,15.9,15.9,15.9,15.9,15.9,15.9,15.9,15.9,12.2,15.9,15.9,15.9,15.9,15.9,15.9,15.9,15.9,15.9,12.1,15.9,15.9,15.9,15.9,15.9,15.9,11.9,11.9
0.00012,11.9,15.9,15.9,15.9,15.9,15.9,15.9,15.9,15.9,15.9,15.9,12,15.9,15.9,15.9,15.9,15.9,15.9,15.9,15.9,15.9,12,15.9,15.9,15.9,15.9,15.9,15.9,15.9,15.9,15.9,12,15.9,15.9,15.9,15.9,15.9,15.9,15.9,15.9,15.9,12.1,15.9,15.9,15.9,15.9,15.9,15.9,15.9,15.9,15.9,12.1,15.9,15.9,15.9,15.9,15.9,15.9,15.9,15.9,15.9,12.1,15.9,15.9,15.9,15.9,15.9,15.9,15.9,15.9,15.9,12.1,15.9,15.8,15.9,15.9,15.9,15.9,15.9,15.9,15.9,12.2,15.9,15.9,15.9,15.9,15.9,15.9,15.9,15.9,15.9,12.1,15.9,15.9,15.9,15.9,15.9,15.9,11.9,11.9
0.00012,11.9,15.9,15.9,15.9,15.9,15.9,15.9,15.9,15.9,15.9,15.9,12,15.9,15.9,15.9,15.9,15.9,15.9,15.9,15.9,15.9,12.1,15.9,15.9,15.9,15.9,15.9,15.9,15.9,15.9,15.9,12,15.9,15.9,15.9,15.9,15.9,15.9,15.9,15.9,15.9,12.1,15.9,15.9,15.9,15.9,15.9,15.9,15.9,15.9,15.9,12.1,15.9,15.9,15.9,15.9,15.9,15.9,15.9,15.9,15.9,12.1,15.9,15.9,15.9,15.9,15.9,15.9,15.9,15.9,15.9,12.1,15.9,15.9,15.9,15.9,15.9,15.9,15.8,15.9,15.9,12.1,15.9,15.9,15.9,15.9,15.9,15.9,15.9,15.9,15.9,12,15.9,15.9,15.9,15.9,15.9,15.9,11.8,11.8
0.000121,11.9,15.9,15.9,15.9,15.9,15.9,15.9,15.9,15.9,15.9,15.9,11.9,15.9,15.9,15.9,15.9,15.9,15.9,15.9,15.9,15.9,12.1,15.9,15.9,15.9,15.9,15.9,15.9,15.9,15.9,15.9,12,15.9,15.9,15.9,15.9,15.9,15.9,15.9,15.9,15.9,12,15.9,15.9,15.9,15.8,15.9,15.9,15.9,15.9,15.9,12.1,15.9,15.9,15.9,15.9,15.9,15.9,15.9,15.9,15.9,12.1,15.9,15.9,15.9,15.9,15.9,15.9,15.9,15.9,15.9,12.1,15.9,15.9,15.9,15.9,15.9,15.9,15.9,15.9,15.9,12.2,15.9,15.9,15.9,15.9,15.9,15.9,15.9,15.9,15.9,12.1,15.9,15.9,15.9,15.9,15.9,15.9,11.8,11.8
0.000121,11.9,15.9,15.9,15.9,15.9,15.9,15.9,15.9,15.9,15.9,15.9,11.9,15.9,15.9,15.9,15.9,15.9,15.9,15.9,15.9,15.9,12.1,15.9,15.9,15.9,15.9,15.9,15.9,15.9,15.9,15.9,12,15.9,15.9,15.9,15.9,15.9,15.9,15.9,15.9,15.9,12.1,15.9,15.9,15.9,15.9,15.9,15.9,15.9,15.9,15.9,12.1,15.9,15.9,15.9,15.9,15.9,15.9,15.9,15.9,15.9,12,15.9,15.9,15.9,15.9,15.9,15.9,15.9,15.9,15.9,12.1,15.9,15.9,15.9,15.9,15.9,15.9,15.9,15.9,15.9,12.1,15.9,15.9,15.8,15.9,15.9,15.9,15.9,15.9,15.9,12.1,15.9,15.9,15.9,15.9,15.9,15.9,11.8,11.8
0.000121,11.9,15.9,15.9,15.9,15.9,15.9,15.9,15.9,15.9,15.9,15.9,11.9,15.9,15.9,15.9,15.9,15.9,15.9,15.9,15.9,15.9,12.2,15.9,15.9,15.9,15.9,15.9,15.9,15.9,15.9,15.9,12,15.9,15.9,15.9,15.9,15.9,15.9,15.9,15.9,15.9,12.1,15.9,15.9,15.9,15.9,15.9,15.9,15.9,15.9,15.9,12.1,15.9,15.9,15.9,15.9,15.9,15.9,15.9,15.9,15.9,12,15.9,15.9,15.9,15.9,15.9,15.9,15.9,15.9,15.9,12.1,15.8,15.9,15.9,15.9,15.9,15.9,15.9,15.9,15.9,12.1,15.9,15.9,15.9,15.9,15.9,15.9,15.9,15.9,15.9,12.2,15.9,15.9,15.9,15.9,15.9,15.9,11.8,11.8
0.000121,12,15.9,15.9,15.9,15.9,15.9,15.9,15.9,15.9,15.9,15.9,12,15.9,15.9,15.9,15.9,15.9,15.9,15.9,15.9,15.9,12.2,15.9,15.9,15.9,15.9,15.9,15.9,15.9,15.9,15.9,12,15.9,15.9,15.9,15.9,15.9,15.9,15.9,15.9,15.9,12.1,15.9,15.9,15.9,15.9,15.9,15.9,15.9,15.9,15.9,12,15.9,15.9,15.9,15.9,15.9,15.9,15.9,15.9,15.9,12,15.9,15.9,15.9,15.9,15.9,15.9,15.9,15.9,15.9,12.1,15.9,15.9,15.9,15.9,15.9,15.9,15.9,15.9,15.9,12.1,15.9,15.9,15.9,15.9,15.9,15.9,15.9,15.9,15.9,12.2,15.9,15.9,15.9,15.9,15.9,15.9,11.8,11.8
0.000121,11.9,15.9,15.8,15.9,15.9,15.9,15.9,15.9,15.9,15.9,15.9,12,15.9,15.9,15.9,15.9,15.9,15.9,15.9,15.9,15.9,12.1,15.9,15.9,15.9,15.9,15.9,15.9,15.9,15.9,15.9,11.9,15.9,15.9,15.9,15.9,15.9,15.9,15.9,15.9,15.9,12.1,15.9,15.9,15.9,15.9,15.9,15.9,15.9,15.9,15.9,12,15.9,15.9,15.9,15.9,15.9,15.9,15.9,15.9,15.9,12,15.9,15.9,15.9,15.9,15.9,15.9,15.9,15.9,15.9,12.1,15.9,15.9,15.9,15.9,15.9,15.9,15.9,15.9,15.9,12.1,15.9,15.9,15.9,15.9,15.9,15.9,15.9,15.9,15.9,12.2,15.9,15.9,15.9,15.8,15.9,15.9,11.9,11.8
0.000122,12,15.9,15.9,15.9,15.9,15.9,15.9,15.9,15.9,15.9,15.9,12,15.9,15.9,15.9,15.9,15.9,15.9,15.9,15.9,15.9,12.1,15.9,15.9,15.9,15.9,15.9,15.9,15.9,15.9,15.9,12,15.9,15.9,15.9,15.9,15.9,15.9,15.9,15.9,15.9,12.1,15.9,15.9,15.9,15.9,15.9,15.9,15.9,15.9,15.9,12,15.9,15.9,15.9,15.9,15.9,15.9,15.9,15.9,15.9,12,15.9,15.9,15.9,15.9,15.9,15.9,15.9,15.9,15.9,12.1,15.9,15.9,15.9,15.9,15.9,15.9,15.9,15.9,15.9,12,15.9,15.9,15.9,15.9,15.9,15.9,15.9,15.9,15.9,12.2,15.9,15.9,15.9,15.9,15.9,15.9,11.9,11.9
0.000122,12,15.9,15.9,15.9,15.9,15.9,15.9,15.9,15.9,15.9,15.9,12.1,15.9,15.9,15.9,15.9,15.9,15.9,15.9,15.9,15.9,12.1,15.9,15.9,15.9,15.9,15.9,15.9,15.9,15.9,15.9,11.9,15.9,15.9,15.9,15.9,15.9,15.9,15.9,15.9,15.9,12.1,15.9,15.9,15.9,15.9,15.9,15.9,15.9,15.9,15.9,12.1,15.9,15.9,15.9,15.9,15.9,15.9,15.9,15.9,15.9,12.1,15.9,15.9,15.9,15.9,15.9,15.9,15.9,15.9,15.9,12,15.9,15.9,15.9,15.9,15.9,15.9,15.9,15.9,15.9,12.1,15.9,15.9,15.9,15.9,15.9,15.9,15.9,15.9,15.9,12.2,15.9,15.9,15.9,15.9,15.9,15.9,11.9,11.9
0.000122,11.9,15.9,15.9,15.9,15.9,15.9,15.9,15.9,15.9,15.9,15.9,12.2,15.9,15.9,15.9,15.9,15.9,15.9,15.9,15.9,15.9,12.1,15.9,15.9,15.9,15.9,15.9,15.9,15.9,15.9,15.9,12,15.9,15.9,15.9,15.9,15.9,15.9,15.9,15.9,15.9,12.1,15.9,15.9,15.9,15.9,15.9,15.9,15.9,15.9,15.9,12.1,15.9,15.9,15.9,15.9,15.9,15.9,15.9,15.9,15.9,12,15.9,15.9,15.9,15.9,15.9,15.9,15.9,15.9,15.9,12,15.9,15.9,15.9,15.9,15.9,15.9,15.9,15.9,15.9,12.1,15.9,15.9,15.9,15.9,15.9,15.9,15.9,15.9,15.9,12.1,15.9,15.9,15.9,15.9,15.9,15.9,12,11.9
0.000122,11.9,15.9,15.9,15.9,15.9,15.9,15.9,15.9,15.9,15.9,15.9,12.1,15.9,15.9,15.9,15.9,15.9,15.9,15.9,15.9,15.9,12.1,15.9,15.9,15.9,15.9,15.9,15.9,15.9,15.9,15.9,12,15.9,15.9,15.9,15.9,15.9,15.9,15.9,15.9,15.9,12,15.9,15.9,15.9,15.9,15.9,15.9,15.9,15.9,15.9,12.1,15.9,15.9,15.9,15.9,15.9,15.9,15.9,15.9,15.9,12,15.9,15.9,15.9,15.9,15.9,15.9,15.9,15.9,15.9,11.9,15.9,15.9,15.9,15.9,15.9,15.9,15.9,15.9,15.9,12,15.9,15.9,15.9,15.9,15.9,15.9,15.9,15.9,15.9,12.1,15.9,15.9,15.9,15.9,15.9,15.9,11.9,11.9
0.000122,11.9,15.9,15.9,15.9,15.9,15.9,15.9,15.9,15.9,15.9,15.9,12,15.9,15.9,15.9,15.9,15.9,15.9,15.9,15.9,15.9,12.1,15.9,15.9,15.9,15.9,15.9,15.9,15.9,15.9,15.9,11.9,15.9,15.9,15.9,15.9,15.9,15.9,15.9,15.9,15.9,12,15.9,15.9,15.9,15.9,15.9,15.9,15.9,15.9,15.9,12.2,15.9,15.9,15.9,15.9,15.9,15.9,15.9,15.9,15.9,12,15.9,15.9,15.9,15.9,15.9,15.9,15.9,15.9,15.9,11.9,15.9,15.9,15.9,15.9,15.9,15.9,15.9,15.9,15.9,12.1,15.9,15.9,15.9,15.9,15.9,15.9,15.9,15.9,15.9,12,15.9,15.9,15.9,15.9,15.9,15.9,11.8,11.9
0.000123,12,15.9,15.9,15.9,15.9,15.9,15.9,15.9,15.9,15.9,15.9,12,15.9,15.9,15.9,15.9,15.9,15.9,15.9,15.9,15.9,12.1,15.9,15.9,15.9,15.9,15.9,15.9,15.9,15.9,15.9,12,15.9,15.9,15.9,15.9,15.9,15.9,15.9,15.9,15.9,12,15.9,15.9,15.9,15.9,15.9,15.9,15.9,15.9,15.9,12.1,15.9,15.9,15.9,15.9,15.9,15.9,15.9,15.9,15.9,12.1,15.9,15.9,15.9,15.9,15.9,15.9,15.9,15.9,15.9,11.9,15.9,15.9,15.9,15.9,15.9,15.9,15.9,15.9,15.9,12.1,15.9,15.9,15.9,15.9,15.9,15.9,15.9,15.9,15.9,12,15.9,15.9,15.9,15.9,15.9,15.9,11.7,11.9
0.000123,11.9,15.9,15.9,15.9,15.9,15.9,15.9,15.9,15.9,15.9,15.9,12,15.9,15.9,15.9,15.9,15.9,15.9,15.9,15.8,15.9,12.1,15.9,15.9,15.9,15.9,15.9,15.9,15.9,15.9,15.9,12,15.9,15.9,15.9,15.9,15.9,15.9,15.9,15.9,15.9,12,15.9,15.9,15.9,15.9,15.9,15.9,15.9,15.9,15.9,12.1,15.9,15.9,15.9,15.9,15.9,15.9,15.9,15.9,15.9,12.1,15.9,15.9,15.9,15.9,15.9,15.9,15.9,15.9,15.9,11.9,15.9,15.9,15.9,15.9,15.8,15.9,15.9,15.9,15.9,12.1,15.9,15.9,15.9,15.9,15.9,15.9,15.8,15.9,15.9,12,15.9,15.9,15.9,15.8,15.9,15.9,11.8,11.8
0.000123,11.9,15.9,15.9,15.9,15.9,15.9,15.9,15.9,15.9,15.9,15.9,11.9,15.9,15.9,15.9,15.9,15.9,15.9,15.9,15.9,15.9,12.1,15.9,15.9,15.9,15.9,15.9,15.9,15.9,15.9,15.9,11.9,15.9,15.9,15.9,15.9,15.9,15.9,15.9,15.9,15.9,12,15.9,15.9,15.9,15.9,15.9,15.9,15.9,15.9,15.9,12.1,15.9,15.9,15.9,15.9,15.9,15.9,15.9,15.9,15.9,12,15.9,15.9,15.9,15.9,15.9,15.9,15.9,15.9,15.9,12,15.9,15.9,15.9,15.9,15.9,15.9,15.9,15.9,15.9,12,15.9,15.9,15.9,15.9,15.9,15.9,15.9,15.9,15.9,12,15.9,15.8,15.9,15.9,15.9,15.9,11.8,11.9
0.000123,11.9,15.9,15.9,15.9,15.9,15.9,15.9,15.9,15.9,15.9,15.9,11.9,15.9,15.9,15.9,15.9,15.9,15.9,15.9,15.9,15.9,12.1,15.9,15.9,15.9,15.9,15.9,15.9,15.9,15.9,15.9,12,15.9,15.9,15.9,15.9,15.9,15.9,15.9,15.9,15.9,12,15.9,15.9,15.9,15.9,15.9,15.9,15.9,15.9,15.9,12.1,15.9,15.9,15.9,15.9,15.9,15.9,15.9,15.9,15.9,12,15.9,15.9,15.9,15.9,15.9,15.9,15.9,15.9,15.9,12,15.9,15.9,15.9,15.9,15.9,15.9,15.9,15.9,15.9,12,15.9,15.9,15.8,15.9,15.9,15.9,15.9,15.9,15.9,12,15.9,15.9,15.9,15.9,15.9,15.9,11.8,11.9
0.000123,11.9,15.9,15.9,15.9,15.9,15.9,15.9,15.9,15.9,15.9,15.9,12,15.9,15.9,15.9,15.9,15.9,15.9,15.9,15.9,15.9,12.1,15.9,15.9,15.9,15.9,15.9,15.9,15.9,15.9,15.9,12,15.9,15.9,15.9,15.9,15.9,15.9,15.9,15.9,15.9,12,15.9,15.9,15.9,15.9,15.9,15.9,15.9,15.9,15.9,12.1,15.9,15.9,15.9,15.9,15.9,15.9,15.9,15.9,15.9,12,15.9,15.9,15.9,15.9,15.9,15.9,15.9,15.9,15.9,12,15.9,15.9,15.9,15.9,15.9,15.9,15.9,15.9,15.9,12.1,15.9,15.9,15.9,15.9,15.9,15.9,15.9,15.9,15.9,12,15.9,15.9,15.9,15.9,15.9,15.9,11.9,11.9
0.000124,11.9,15.9,15.9,15.9,15.8,15.9,15.9,15.9,15.9,15.9,15.9,11.9,15.9,15.9,15.9,15.9,15.9,15.9,15.9,15.9,15.9,12,15.9,15.9,15.9,15.9,15.8,15.9,15.9,15.9,15.9,11.9,15.9,15.9,15.9,15.9,15.9,15.9,15.9,15.9,15.9,12,15.9,15.9,15.9,15.9,15.9,15.9,15.9,15.9,15.9,12,15.9,15.9,15.9,15.9,15.9,15.9,15.9,15.8,15.9,12,15.9,15.9,15.9,15.9,15.9,15.9,15.9,15.9,15.9,12.1,15.9,15.9,15.9,15.9,15.9,15.9,15.9,15.9,15.9,12.1,15.9,15.9,15.9,15.9,15.9,15.9,15.9,15.9,15.9,12,15.9,15.9,15.8,15.9,15.9,15.9,12,11.9
0.000124,11.9,15.9,15.9,15.9,15.9,15.9,15.9,15.9,15.9,15.9,15.9,12,15.9,15.9,15.9,15.9,15.9,15.9,15.9,15.9,15.9,12,15.9,15.9,15.9,15.9,15.9,15.9,15.8,15.9,15.9,12,15.9,15.9,15.9,15.9,15.9,15.9,15.9,15.9,15.9,12,15.9,15.9,15.8,15.9,15.9,15.9,15.9,15.9,15.9,12,15.9,15.9,15.9,15.9,15.9,15.9,15.9,15.9,15.9,12,15.9,15.9,15.9,15.9,15.9,15.9,15.9,15.9,15.9,12,15.9,15.9,15.9,15.9,15.9,15.9,15.9,15.9,15.9,12,15.9,15.9,15.9,15.9,15.9,15.9,15.9,15.9,15.8,12,15.9,15.9,15.9,15.9,15.9,15.9,12,11.9
0.000124,11.9,15.9,15.9,15.9,15.9,15.9,15.9,15.9,15.9,15.9,15.9,12,15.9,15.9,15.9,15.9,15.9,15.9,15.9,15.9,15.9,12.1,15.9,15.9,15.9,15.9,15.9,15.9,15.9,15.9,15.9,12,15.9,15.9,15.9,15.9,15.9,15.9,15.9,15.9,15.9,12,15.9,15.9,15.9,15.9,15.9,15.9,15.9,15.9,15.9,12,15.9,15.9,15.9,15.9,15.9,15.9,15.9,15.9,15.9,12,15.9,15.9,15.9,15.9,15.9,15.9,15.9,15.9,15.9,12,15.9,15.9,15.9,15.9,15.9,15.9,15.9,15.9,15.9,12,15.9,15.9,15.9,15.9,15.9,15.9,15.9,15.9,15.9,12.1,15.9,15.9,15.9,15.9,15.9,15.9,12,11.9
0.000124,12,15.9,15.9,15.9,15.9,15.9,15.9,15.9,15.9,15.9,15.9,12,15.9,15.9,15.9,15.9,15.9,15.9,15.9,15.9,15.9,12,15.9,15.9,15.9,15.9,15.9,15.9,15.9,15.9,15.9,12,15.9,15.9,15.9,15.9,15.9,15.9,15.9,15.9,15.9,12,15.9,15.9,15.9,15.9,15.9,15.9,15.9,15.9,15.9,12,15.9,15.9,15.9,15.9,15.9,15.9,15.9,15.9,15.9,12,15.9,15.9,15.9,15.9,15.9,15.9,15.9,15.9,15.9,12,15.9,15.9,15.9,15.9,15.9,15.9,15.9,15.9,15.9,12,15.9,15.9,15.9,15.9,15.9,15.9,15.9,15.9,15.9,12.1,15.9,15.9,15.9,15.9,15.9,15.9,12,11.9
0.000124,12,15.9,15.9,15.9,15.9,15.9,15.9,15.9,15.9,15.9,15.9,11.9,15.9,15.9,15.9,15.9,15.9,15.9,15.9,15.9,15.9,12,15.9,15.9,15.9,15.9,15.9,15.9,15.9,15.9,15.9,12,15.9,15.9,15.9,15.9,15.9,15.9,15.9,15.9,15.9,12,15.9,15.9,15.9,15.9,15.9,15.8,15.9,15.9,15.9,12,15.9,15.9,15.9,15.9,15.9,15.9,15.9,15.9,15.8,12,15.9,15.9,15.9,15.9,15.9,15.9,15.9,15.9,15.9,12,15.9,15.9,15.9,15.9,15.9,15.9,15.9,15.9,15.9,12,15.9,15.9,15.9,15.9,15.9,15.9,15.9,15.9,15.9,12.1,15.9,15.9,15.9,15.9,15.9,15.9,11.9,11.9
0.000125,12,15.9,15.9,15.9,15.9,15.9,15.9,15.9,15.9,15.9,15.9,12,15.9,15.9,15.9,15.9,15.9,15.9,15.9,15.9,15.9,12.1,15.9,15.9,15.9,15.9,15.9,15.9,15.9,15.9,15.9,12,15.9,15.9,15.9,15.9,15.9,15.9,15.9,15.9,15.9,12,15.9,15.9,15.9,15.9,15.9,15.9,15.8,15.9,15.9,12.1,15.9,15.9,15.9,15.9,15.9,15.9,15.9,15.9,15.9,12,15.9,15.9,15.9,15.9,15.9,15.9,15.9,15.9,15.9,12,15.9,15.9,15.9,15.9,15.9,15.9,15.9,15.9,15.9,12,15.9,15.9,15.9,15.9,15.9,15.9,15.9,15.9,15.9,12.1,15.9,15.9,15.9,15.9,15.9,15.9,11.9,11.9
0.000125,12,15.9,15.9,15.9,15.9,15.9,15.9,15.9,15.9,15.9,15.9,12,15.9,15.9,15.9,15.9,15.9,15.9,15.9,15.9,15.9,12.1,15.9,15.9,15.9,15.9,15.9,15.9,15.9,15.9,15.9,11.9,15.9,15.9,15.9,15.9,15.9,15.9,15.9,15.9,15.9,12,15.9,15.9,15.9,15.9,15.9,15.9,15.9,15.9,15.9,12.1,15.9,15.9,15.9,15.9,15.9,15.9,15.9,15.9,15.9,12,15.9,15.9,15.9,15.9,15.9,15.9,15.9,15.9,15.9,11.9,15.9,15.9,15.9,15.9,15.9,15.9,15.9,15.9,15.9,12,15.9,15.9,15.9,15.9,15.9,15.9,15.9,15.9,15.9,12.1,15.9,15.9,15.9,15.9,15.9,15.9,11.9,11.9
0.000125,12,15.9,15.9,15.9,15.9,15.9,15.9,15.9,15.9,15.9,15.9,11.9,15.9,15.9,15.9,15.9,15.9,15.9,15.9,15.9,15.9,12,15.9,15.9,15.9,15.9,15.9,15.9,15.9,15.9,15.9,11.9,15.9,15.9,15.9,15.9,15.9,15.9,15.9,15.9,15.9,12,15.9,15.9,15.9,15.9,15.9,15.9,15.9,15.9,15.9,12.1,15.9,15.9,15.9,15.9,15.9,15.9,15.9,15.9,15.9,12,15.9,15.9,15.9,15.9,15.9,15.9,15.9,15.9,15.9,11.9,15.9,15.9,15.9,15.9,15.9,15.9,15.9,15.9,15.9,12,15.9,15.9,15.9,15.9,15.9,15.9,15.9,15.9,15.9,12,15.9,15.9,15.9,15.9,15.9,15.9,11.9,11.9
0.000125,12,15.9,15.9,15.8,15.9,15.9,15.9,15.9,15.9,15.9,15.9,11.9,15.9,15.9,15.9,15.9,15.9,15.9,15.9,15.9,15.9,12.1,15.9,15.9,15.9,15.9,15.9,15.9,15.9,15.9,15.9,11.9,15.9,15.9,15.9,15.9,15.9,15.9,15.9,15.9,15.9,12,15.9,15.9,15.9,15.9,15.9,15.9,15.9,15.9,15.9,12.1,15.9,15.9,15.8,15.9,15.9,15.9,15.9,15.9,15.9,12,15.9,15.9,15.9,15.9,15.9,15.9,15.9,15.9,15.9,12,15.9,15.9,15.9,15.9,15.9,15.9,15.9,15.9,15.9,12,15.9,15.9,15.9,15.9,15.9,15.9,15.9,15.9,15.9,12,15.9,15.9,15.9,15.9,15.9,15.9,11.9,11.9
0.000125,12,15.9,15.9,15.9,15.9,15.9,15.9,15.9,15.9,15.9,15.9,11.9,15.9,15.9,15.9,15.9,15.9,15.9,15.9,15.9,15.9,12,15.9,15.9,15.9,15.9,15.9,15.9,15.9,15.9,15.9,11.9,15.9,15.9,15.9,15.9,15.9,15.9,15.9,15.9,15.9,12,15.9,15.9,15.9,15.9,15.9,15.9,15.9,15.9,15.9,12.1,15.9,15.9,15.9,15.9,15.9,15.9,15.9,15.9,15.9,12,15.9,15.9,15.9,15.9,15.9,15.9,15.9,15.9,15.9,12,15.9,15.9,15.9,15.9,15.9,15.9,15.9,15.9,15.9,12,15.9,15.9,15.9,15.9,15.9,15.9,15.9,15.9,15.9,12.1,15.9,15.9,15.9,15.9,15.9,15.9,11.9,11.9
0.000126,11.9,15.9,15.9,15.9,15.9,15.9,15.9,15.9,15.9,15.9,15.9,11.9,15.9,15.9,15.9,15.9,15.9,15.9,15.9,15.9,15.9,12,15.9,15.9,15.9,15.9,15.9,15.9,15.9,15.9,15.9,11.9,15.9,15.9,15.9,15.9,15.9,15.9,15.9,15.9,15.9,12,15.9,15.9,15.9,15.9,15.9,15.9,15.9,15.9,15.9,12.1,15.9,15.9,15.9,15.9,15.9,15.9,15.9,15.9,15.9,12,15.9,15.9,15.9,15.9,15.9,15.9,15.9,15.9,15.9,12,15.9,15.9,15.9,15.9,15.9,15.9,15.9,15.9,15.9,12,15.9,15.9,15.9,15.9,15.9,15.9,15.9,15.9,15.9,12.1,15.9,15.9,15.9,15.9,15.9,15.9,11.9,11.9
0.000126,11.9,15.9,15.9,15.9,15.9,15.9,15.9,15.9,15.9,15.9,15.9,11.9,15.9,15.9,15.9,15.9,15.9,15.9,15.9,15.9,15.9,12,15.9,15.9,15.9,15.9,15.9,15.9,15.9,15.9,15.9,11.9,15.9,15.9,15.9,15.9,15.9,15.9,15.9,15.9,15.9,12,15.9,15.9,15.9,15.9,15.9,15.9,15.9,15.9,15.9,12,15.9,15.9,15.9,15.9,15.9,15.9,15.8,15.9,15.9,12,15.9,15.9,15.9,15.9,15.9,15.9,15.9,15.9,15.9,12,15.9,15.9,15.9,15.9,15.9,15.9,15.9,15.9,15.9,12.1,15.9,15.9,15.9,15.9,15.9,15.9,15.9,15.9,15.9,12.1,15.9,15.9,15.9,15.9,15.9,15.9,11.9,11.9
0.000126,11.9,15.9,15.9,15.9,15.9,15.9,15.9,15.9,15.9,15.9,15.9,11.9,15.9,15.9,15.9,15.9,15.9,15.9,15.9,15.9,15.9,12,15.9,15.9,15.9,15.9,15.9,15.9,15.9,15.9,15.9,12,15.9,15.9,15.9,15.9,15.9,15.9,15.9,15.9,15.9,12,15.9,15.9,15.9,15.9,15.9,15.9,15.9,15.9,15.9,12,15.9,15.9,15.9,15.9,15.8,15.9,15.9,15.9,15.9,12,15.9,15.9,15.9,15.9,15.9,15.9,15.9,15.9,15.9,12,15.9,15.9,15.9,15.9,15.9,15.9,15.9,15.9,15.9,12,15.9,15.9,15.9,15.9,15.9,15.9,15.9,15.9,15.9,12,15.9,15.9,15.9,15.9,15.9,15.9,11.8,11.9
0.000126,11.9,15.9,15.9,15.8,15.9,15.9,15.9,15.9,15.9,15.9,15.9,11.9,15.8,15.9,15.9,15.9,15.9,15.9,15.9,15.9,15.9,12,15.9,15.9,15.9,15.9,15.9,15.9,15.9,15.9,15.9,12,15.9,15.9,15.9,15.9,15.9,15.9,15.9,15.9,15.9,12,15.9,15.9,15.9,15.9,15.9,15.9,15.9,15.9,15.9,12,15.9,15.9,15.9,15.9,15.9,15.9,15.9,15.9,15.9,12,15.9,15.9,15.9,15.9,15.9,15.9,15.9,15.9,15.9,12,15.9,15.9,15.9,15.9,15.9,15.9,15.9,15.9,15.9,12,15.9,15.9,15.9,15.9,15.9,15.9,15.9,15.9,15.9,12,15.9,15.9,15.9,15.9,15.9,15.9,11.9,12
0.000126,11.9,15.9,15.9,15.8,15.9,15.9,15.9,15.9,15.9,15.9,15.9,11.9,15.9,15.9,15.9,15.9,15.9,15.9,15.9,15.9,15.9,12,15.9,15.9,15.9,15.9,15.9,15.9,15.9,15.9,15.9,12,15.9,15.9,15.9,15.9,15.9,15.9,15.9,15.9,15.9,12,15.9,15.9,15.9,15.9,15.9,15.9,15.9,15.9,15.9,12,15.9,15.9,15.9,15.9,15.9,15.9,15.9,15.9,15.9,12,15.9,15.9,15.9,15.9,15.9,15.9,15.9,15.9,15.9,12,15.9,15.8,15.9,15.9,15.9,15.9,15.9,15.9,15.9,12,15.9,15.9,15.9,15.9,15.9,15.9,15.9,15.9,15.9,12,15.9,15.9,15.9,15.9,15.9,15.9,11.8,11.8
0.000127,11.9,15.9,15.9,15.8,15.9,15.9,15.9,15.9,15.9,15.9,15.9,12,15.9,15.9,15.9,15.9,15.9,15.9,15.9,15.9,15.9,12,15.9,15.9,15.9,15.9,15.9,15.9,15.9,15.9,15.9,12,15.9,15.9,15.9,15.9,15.9,15.9,15.9,15.9,15.9,12,15.9,15.9,15.9,15.9,15.9,15.9,15.9,15.9,15.9,12,15.9,15.9,15.9,15.9,15.9,15.9,15.9,15.9,15.9,12,15.9,15.9,15.9,15.9,15.9,15.9,15.9,15.9,15.9,11.8,15.9,15.9,15.9,15.9,15.9,15.9,15.9,15.9,15.9,12,15.9,15.9,15.9,15.9,15.9,15.9,15.9,15.9,15.9,12,15.9,15.9,15.9,15.9,15.9,15.9,11.8,11.9
0.000127,11.9,15.9,15.9,15.9,15.9,15.9,15.9,15.9,15.9,15.9,15.9,12,15.9,15.9,15.9,15.9,15.9,15.9,15.9,15.9,15.9,12,15.9,15.9,15.9,15.9,15.9,15.9,15.9,15.9,15.9,11.9,15.9,15.9,15.9,15.9,15.9,15.9,15.9,15.9,15.9,12,15.9,15.9,15.9,15.9,15.9,15.9,15.9,15.9,15.9,12,15.9,15.9,15.9,15.9,15.9,15.9,15.9,15.9,15.9,12,15.9,15.9,15.9,15.9,15.9,15.9,15.9,15.9,15.9,11.8,15.9,15.9,15.9,15.9,15.9,15.9,15.9,15.9,15.9,12,15.8,15.9,15.9,15.9,15.9,15.9,15.9,15.9,15.9,12,15.9,15.9,15.9,15.9,15.9,15.9,11.7,11.9
0.000127,12,15.9,15.9,15.9,15.9,15.9,15.9,15.9,15.9,15.9,15.9,12,15.9,15.9,15.9,15.9,15.9,15.9,15.9,15.9,15.9,12,15.9,15.9,15.9,15.9,15.9,15.9,15.9,15.9,15.9,11.9,15.9,15.9,15.9,15.9,15.9,15.9,15.9,15.9,15.9,12,15.9,15.9,15.9,15.8,15.9,15.9,15.9,15.9,15.9,12,15.9,15.9,15.9,15.9,15.9,15.9,15.9,15.9,15.9,12,15.9,15.9,15.9,15.9,15.9,15.9,15.9,15.9,15.9,11.8,15.9,15.9,15.9,15.9,15.9,15.9,15.9,15.9,15.9,12,15.9,15.9,15.9,15.9,15.9,15.9,15.9,15.9,15.9,12,15.9,15.9,15.9,15.9,15.9,15.9,11.8,11.8
0.000127,12,15.9,15.9,15.9,15.9,15.9,15.9,15.9,15.9,15.9,15.9,12,15.9,15.9,15.9,15.9,15.9,15.9,15.9,15.9,15.8,12,15.9,15.9,15.9,15.9,15.9,15.9,15.9,15.9,15.9,11.9,15.9,15.9,15.9,15.9,15.9,15.9,15.9,15.9,15.9,12,15.9,15.9,15.9,15.9,15.9,15.9,15.9,15.9,15.9,12.1,15.9,15.9,15.9,15.9,15.9,15.9,15.9,15.9,15.9,12,15.9,15.9,15.9,15.8,15.9,15.9,15.9,15.9,15.9,11.8,15.9,15.9,15.9,15.9,15.9,15.9,15.9,15.9,15.9,12,15.9,15.9,15.9,15.9,15.9,15.9,15.9,15.9,15.9,12,15.9,15.9,15.9,15.9,15.9,15.9,11.8,11.9
0.000127,12,15.9,15.9,15.9,15.9,15.9,15.9,15.9,15.9,15.9,15.9,12,15.9,15.9,15.9,15.9,15.9,15.8,15.9,15.9,15.9,12,15.9,15.9,15.9,15.9,15.9,15.9,15.9,15.9,15.9,11.9,15.9,15.9,15.9,15.9,15.9,15.9,15.9,15.9,15.9,12.1,15.9,15.9,15.9,15.9,15.9,15.9,15.9,15.9,15.9,12.1,15.9,15.9,15.9,15.9,15.9,15.9,15.9,15.9,15.9,12,15.9,15.9,15.9,15.9,15.9,15.9,15.9,15.9,15.9,11.8,15.9,15.9,15.9,15.9,15.9,15.9,15.9,15.9,15.9,12,15.9,15.9,15.9,15.9,15.9,15.9,15.9,15.9,15.9,12,15.9,15.9,15.9,15.9,15.9,15.9,11.8,11.9
0.000128,11.9,15.9,15.9,15.9,15.9,15.9,15.9,15.9,15.9,15.9,15.9,12,15.9,15.9,15.9,15.9,15.9,15.9,15.9,15.9,15.9,12,15.9,15.9,15.9,15.9,15.9,15.9,15.9,15.9,15.9,12,15.9,15.9,15.9,15.9,15.9,15.9,15.9,15.9,15.9,12.1,15.9,15.9,15.9,15.9,15.9,15.9,15.9,15.9,15.9,12.1,15.9,15.9,15.9,15.9,15.8,15.9,15.9,15.9,15.8,12,15.9,15.9,15.9,15.9,15.9,15.9,15.9,15.9,15.9,11.9,15.9,15.9,15.9,15.9,15.9,15.9,15.9,15.9,15.9,12,15.9,15.9,15.9,15.9,15.9,15.9,15.9,15.9,15.9,12,15.9,15.9,15.9,15.9,15.9,15.9,11.8,11.9
0.000128,11.9,15.9,15.9,15.9,15.9,15.9,15.9,15.9,15.9,15.9,15.9,12,15.9,15.9,15.9,15.9,15.9,15.9,15.9,15.9,15.9,12,15.9,15.9,15.9,15.9,15.9,15.9,15.9,15.9,15.9,11.9,15.9,15.9,15.9,15.9,15.9,15.9,15.9,15.9,15.9,12.1,15.9,15.9,15.9,15.9,15.9,15.9,15.9,15.9,15.9,12,15.9,15.9,15.9,15.9,15.9,15.9,15.9,15.9,15.9,12,15.9,15.9,15.9,15.9,15.9,15.9,15.9,15.9,15.9,11.9,15.9,15.9,15.9,15.9,15.9,15.9,15.9,15.9,15.9,12,15.9,15.9,15.9,15.9,15.9,15.9,15.9,15.9,15.9,12,15.9,15.9,15.9,15.9,15.9,15.9,11.8,11.9
0.000128,11.9,15.9,15.9,15.9,15.9,15.9,15.9,15.9,15.9,15.9,15.9,11.9,15.9,15.9,15.9,15.8,15.9,15.9,15.9,15.9,15.9,12,15.9,15.9,15.9,15.9,15.9,15.9,15.9,15.9,15.9,12,15.9,15.9,15.9,15.9,15.9,15.9,15.9,15.9,15.9,12,15.9,15.9,15.9,15.9,15.9,15.9,15.9,15.9,15.9,12,15.9,15.9,15.9,15.9,15.9,15.9,15.9,15.9,15.9,12,15.9,15.9,15.9,15.9,15.9,15.9,15.9,15.9,15.9,12,15.9,15.9,15.9,15.9,15.9,15.9,15.9,15.9,15.9,12.1,15.9,15.9,15.9,15.9,15.9,15.9,15.9,15.9,15.9,12,15.9,15.9,15.9,15.9,15.9,15.9,11.8,11.9
0.000128,11.9,15.9,15.9,15.9,15.9,15.9,15.9,15.9,15.9,15.9,15.9,11.9,15.9,15.9,15.9,15.8,15.9,15.9,15.9,15.9,15.9,12,15.9,15.9,15.9,15.9,15.9,15.9,15.9,15.9,15.9,11.9,15.9,15.9,15.9,15.9,15.9,15.9,15.9,15.9,15.9,12,15.9,15.9,15.9,15.9,15.9,15.9,15.9,15.9,15.9,12,15.9,15.9,15.9,15.9,15.9,15.9,15.9,15.9,15.9,12,15.9,15.9,15.9,15.9,15.9,15.9,15.9,15.9,15.9,12,15.9,15.9,15.9,15.9,15.9,15.9,15.9,15.9,15.9,12.1,15.9,15.9,15.9,15.9,15.9,15.9,15.9,15.9,15.9,12,15.9,15.9,15.9,15.9,15.9,15.9,11.9,11.9
0.000128,11.9,15.9,15.9,15.9,15.9,15.9,15.9,15.9,15.9,15.9,15.9,11.8,15.9,15.9,15.9,15.9,15.9,15.9,15.9,15.9,15.9,12,15.9,15.9,15.9,15.9,15.9,15.9,15.9,15.9,15.9,12,15.9,15.9,15.9,15.9,15.9,15.9,15.9,15.9,15.9,12,15.9,15.9,15.9,15.9,15.9,15.9,15.9,15.9,15.9,12,15.9,15.9,15.9,15.9,15.9,15.9,15.9,15.9,15.9,12,15.9,15.9,15.9,15.9,15.9,15.9,15.9,15.9,15.9,12,15.9,15.9,15.9,15.9,15.9,15.9,15.9,15.9,15.9,12,15.9,15.9,15.9,15.9,15.9,15.9,15.9,15.9,15.9,12,15.9,15.9,15.9,15.9,15.9,15.9,11.8,11.9
0.000129,11.9,15.9,15.9,15.9,15.9,15.9,15.9,15.9,15.9,15.9,15.9,11.9,15.9,15.9,15.9,15.9,15.9,15.9,15.9,15.9,15.9,12,15.9,15.9,15.9,15.9,15.9,15.9,15.9,15.9,15.9,11.9,15.9,15.9,15.9,15.9,15.9,15.9,15.9,15.9,15.9,11.9,15.9,15.9,15.9,15.9,15.9,15.9,15.9,15.9,15.9,12,15.9,15.9,15.9,15.9,15.9,15.9,15.9,15.8,15.9,12,15.9,15.9,15.9,15.9,15.9,15.9,15.9,15.9,15.9,12,15.9,15.9,15.9,15.9,15.9,15.9,15.9,15.9,15.9,12,15.9,15.9,15.9,15.9,15.9,15.9,15.9,15.9,15.9,12,15.9,15.9,15.9,15.9,15.9,15.9,11.8,11.9
0.000129,11.9,15.9,15.9,15.9,15.9,15.9,15.9,15.9,15.8,15.9,15.9,11.9,15.9,15.9,15.9,15.9,15.9,15.9,15.9,15.9,15.9,12,15.9,15.9,15.9,15.9,15.9,15.9,15.9,15.9,15.9,11.9,15.9,15.9,15.9,15.9,15.9,15.9,15.9,15.9,15.9,11.8,15.9,15.9,15.9,15.9,15.9,15.9,15.9,15.9,15.9,12,15.9,15.9,15.9,15.9,15.9,15.9,15.9,15.9,15.9,12,15.9,15.9,15.9,15.9,15.9,15.9,15.9,15.9,15.9,12,15.9,15.9,15.9,15.9,15.9,15.9,15.9,15.9,15.9,12,15.9,15.9,15.9,15.9,15.9,15.9,15.9,15.9,15.9,12,15.9,15.9,15.9,15.9,15.9,15.9,11.8,11.9
0.000129,11.9,15.9,15.9,15.9,15.9,15.9,15.9,15.9,15.9,15.9,15.9,11.9,15.9,15.9,15.9,15.9,15.9,15.9,15.9,15.9,15.9,12,15.9,15.9,15.9,15.9,15.9,15.9,15.9,15.9,15.9,11.9,15.9,15.9,15.9,15.9,15.9,15.9,15.9,15.9,15.9,11.9,15.9,15.9,15.9,15.9,15.9,15.9,15.9,15.9,15.9,12,15.9,15.9,15.9,15.9,15.9,15.9,15.9,15.9,15.9,12,15.9,15.9,15.9,15.9,15.9,15.9,15.9,15.9,15.9,11.9,15.9,15.9,15.9,15.9,15.9,15.9,15.9,15.9,15.9,12,15.9,15.9,15.9,15.9,15.9,15.9,15.9,15.9,15.9,12,15.9,15.9,15.9,15.9,15.9,15.9,11.9,11.9
0.000129,11.9,15.9,15.9,15.9,15.9,15.9,15.9,15.9,15.9,15.9,15.9,11.9,15.9,15.9,15.9,15.9,15.9,15.9,15.9,15.8,15.9,12,15.9,15.9,15.9,15.9,15.9,15.9,15.9,15.9,15.9,11.9,15.9,15.9,15.9,15.9,15.9,15.9,15.9,15.9,15.8,11.9,15.9,15.9,15.9,15.9,15.9,15.9,15.9,15.9,15.9,12,15.9,15.9,15.9,15.9,15.9,15.9,15.9,15.9,15.9,12,15.9,15.9,15.9,15.9,15.9,15.9,15.9,15.9,15.9,12,15.9,15.9,15.9,15.9,15.9,15.9,15.9,15.9,15.9,12,15.9,15.9,15.9,15.9,15.9,15.9,15.8,15.9,15.9,12,15.9,15.9,15.9,15.9,15.9,15.9,11.8,11.9
0.000129,11.9,15.9,15.9,15.9,15.9,15.9,15.9,15.9,15.9,15.9,15.9,11.9,15.9,15.9,15.9,15.9,15.9,15.9,15.9,15.9,15.9,12,15.9,15.9,15.9,15.9,15.9,15.9,15.9,15.9,15.9,11.9,15.9,15.9,15.9,15.9,15.9,15.9,15.9,15.9,15.9,12,15.9,15.9,15.9,15.9,15.9,15.9,15.9,15.9,15.9,12,15.9,15.9,15.9,15.9,15.9,15.8,15.9,15.9,15.9,12,15.9,15.9,15.9,15.9,15.9,15.9,15.9,15.9,15.9,11.9,15.9,15.9,15.9,15.9,15.9,15.9,15.9,15.9,15.9,12,15.9,15.9,15.9,15.9,15.9,15.9,15.9,15.9,15.9,12,15.9,15.9,15.9,15.9,15.9,15.9,11.9,11.9
0.00013,11.9,15.9,15.9,15.9,15.9,15.9,15.9,15.9,15.9,15.9,15.9,12,15.9,15.9,15.9,15.9,15.9,15.9,15.9,15.9,15.9,12,15.9,15.9,15.9,15.9,15.9,15.9,15.9,15.9,15.9,11.9,15.9,15.9,15.9,15.9,15.9,15.9,15.9,15.9,15.9,12,15.9,15.9,15.9,15.9,15.8,15.9,15.9,15.9,15.9,12,15.9,15.9,15.9,15.9,15.9,15.9,15.9,15.9,15.9,12,15.9,15.9,15.9,15.9,15.9,15.9,15.9,15.9,15.9,11.9,15.9,15.9,15.9,15.9,15.9,15.9,15.9,15.9,15.9,12,15.9,15.9,15.9,15.9,15.9,15.9,15.9,15.9,15.9,12,15.9,15.9,15.9,15.9,15.9,15.9,11.9,11.9
0.00013,11.9,15.9,15.9,15.9,15.9,15.9,15.9,15.9,15.9,15.9,15.9,12,15.9,15.9,15.9,15.9,15.9,15.9,15.9,15.9,15.9,12,15.9,15.9,15.9,15.9,15.9,15.9,15.9,15.9,15.9,11.9,15.9,15.9,15.9,15.9,15.9,15.9,15.9,15.9,15.9,12,15.9,15.9,15.9,15.9,15.9,15.9,15.9,15.9,15.9,12,15.9,15.9,15.9,15.9,15.9,15.9,15.9,15.9,15.9,12,15.9,15.9,15.9,15.9,15.9,15.9,15.9,15.9,15.9,11.9,15.9,15.9,15.9,15.9,15.9,15.9,15.9,15.9,15.9,12,15.9,15.9,15.9,15.9,15.9,15.9,15.9,15.9,15.9,12,15.9,15.9,15.9,15.9,15.9,15.9,11.9,11.9
0.00013,11.9,15.9,15.9,15.9,15.9,15.9,15.9,15.9,15.9,15.9,15.9,12,15.9,15.9,15.9,15.9,15.9,15.9,15.9,15.9,15.9,12,15.9,15.9,15.9,15.9,15.9,15.9,15.9,15.9,15.9,11.9,15.9,15.9,15.9,15.9,15.9,15.9,15.9,15.9,15.9,12.1,15.9,15.9,15.9,15.9,15.9,15.9,15.9,15.9,15.9,12,15.9,15.9,15.9,15.9,15.9,15.9,15.9,15.9,15.9,12,15.9,15.9,15.9,15.9,15.9,15.9,15.9,15.9,15.9,11.9,15.9,15.9,15.9,15.9,15.9,15.9,15.9,15.8,15.9,12,15.9,15.9,15.9,15.9,15.9,15.9,15.9,15.9,15.9,12,15.9,15.9,15.9,15.9,15.9,15.9,11.9,11.9
0.00013,11.9,15.9,15.9,15.9,15.9,15.9,15.9,15.9,15.9,15.9,15.9,12,15.9,15.9,15.9,15.9,15.9,15.9,15.9,15.9,15.9,12,15.9,15.9,15.9,15.9,15.9,15.9,15.9,15.9,15.9,11.9,15.9,15.9,15.9,15.9,15.9,15.9,15.9,15.9,15.9,12.1,15.9,15.9,15.9,15.9,15.9,15.9,15.9,15.9,15.9,12,15.9,15.9,15.9,15.9,15.9,15.9,15.9,15.9,15.9,11.9,15.9,15.9,15.9,15.9,15.9,15.9,15.9,15.9,15.9,11.9,15.9,15.9,15.9,15.9,15.9,15.9,15.9,15.9,15.9,12,15.9,15.9,15.9,15.9,15.9,15.9,15.9,15.9,15.9,12,15.9,15.9,15.9,15.9,15.9,15.9,11.9,11.9
0.00013,11.9,15.9,15.9,15.9,15.8,15.9,15.9,15.8,15.9,15.9,15.9,12,15.9,15.9,15.8,15.9,15.9,15.9,15.9,15.9,15.9,12,15.9,15.9,15.9,15.9,15.9,15.9,15.9,15.9,15.9,11.9,15.9,15.9,15.9,15.9,15.9,15.9,15.9,15.9,15.9,12,15.9,15.9,15.9,15.9,15.9,15.9,15.9,15.9,15.9,12,15.9,15.9,15.9,15.9,15.9,15.9,15.9,15.9,15.9,11.9,15.9,15.9,15.9,15.9,15.9,15.8,15.9,15.9,15.9,11.9,15.9,15.9,15.9,15.9,15.9,15.9,15.9,15.9,15.9,12,15.9,15.9,15.9,15.9,15.9,15.9,15.9,15.9,15.9,12.1,15.9,15.9,15.9,15.9,15.9,15.9,11.8,11.9
0.000131,12,15.9,15.9,15.9,15.9,15.9,15.9,15.9,15.9,15.9,15.9,12,15.9,15.9,15.8,15.9,15.9,15.9,15.9,15.9,15.9,12,15.9,15.9,15.9,15.9,15.9,15.9,15.9,15.9,15.9,11.9,15.9,15.9,15.9,15.9,15.9,15.9,15.9,15.9,15.9,12,15.9,15.9,15.9,15.8,15.9,15.9,15.9,15.9,15.9,11.9,15.9,15.9,15.9,15.9,15.9,15.9,15.9,15.9,15.9,11.9,15.9,15.9,15.9,15.9,15.9,15.9,15.9,15.9,15.9,11.9,15.9,15.9,15.9,15.9,15.9,15.9,15.9,15.9,15.9,12,15.9,15.9,15.9,15.9,15.9,15.9,15.9,15.9,15.9,12,15.9,15.9,15.9,15.9,15.9,15.9,11.8,11.9
0.000131,11.9,15.9,15.9,15.9,15.8,15.9,15.9,15.9,15.9,15.9,15.9,11.9,15.9,15.9,15.9,15.9,15.9,15.9,15.9,15.9,15.9,12,15.9,15.9,15.9,15.9,15.9,15.9,15.9,15.9,15.9,11.9,15.9,15.9,15.9,15.9,15.9,15.9,15.9,15.9,15.9,12,15.9,15.9,15.9,15.9,15.9,15.9,15.9,15.9,15.9,11.9,15.9,15.9,15.9,15.9,15.9,15.9,15.9,15.9,15.9,12,15.9,15.9,15.9,15.9,15.9,15.9,15.9,15.9,15.9,12,15.9,15.9,15.9,15.9,15.9,15.9,15.9,15.9,15.9,12,15.9,15.9,15.9,15.9,15.9,15.9,15.9,15.9,15.9,12.1,15.9,15.9,15.9,15.9,15.9,15.9,11.8,11.9
0.000131,11.9,15.9,15.9,15.9,15.9,15.9,15.9,15.9,15.9,15.9,15.9,12,15.9,15.9,15.9,15.9,15.9,15.9,15.9,15.9,15.9,12,15.9,15.9,15.9,15.9,15.9,15.9,15.9,15.9,15.9,11.9,15.9,15.9,15.9,15.9,15.9,15.9,15.9,15.9,15.9,12,15.9,15.9,15.9,15.9,15.9,15.9,15.9,15.9,15.9,11.9,15.9,15.9,15.9,15.9,15.9,15.9,15.9,15.9,15.9,12,15.9,15.9,15.9,15.9,15.9,15.9,15.9,15.9,15.9,12,15.9,15.9,15.9,15.9,15.9,15.9,15.9,15.9,15.9,12,15.9,15.9,15.9,15.9,15.9,15.9,15.9,15.9,15.9,12,15.9,15.9,15.9,15.9,15.9,15.9,11.8,11.9
0.000131,11.9,15.9,15.9,15.9,15.9,15.9,15.9,15.9,15.9,15.9,15.9,11.9,15.9,15.9,15.9,15.9,15.9,15.9,15.8,15.9,15.9,12,15.9,15.9,15.9,15.9,15.9,15.9,15.9,15.9,15.9,11.9,15.9,15.9,15.9,15.9,15.9,15.9,15.9,15.9,15.9,11.9,15.9,15.9,15.9,15.9,15.9,15.9,15.9,15.9,15.9,11.9,15.9,15.9,15.9,15.9,15.9,15.9,15.9,15.9,15.9,12,15.9,15.9,15.8,15.9,15.9,15.9,15.9,15.9,15.9,12,15.9,15.9,15.9,15.9,15.9,15.9,15.9,15.9,15.9,12,15.9,15.9,15.9,15.9,15.9,15.9,15.9,15.9,15.9,12,15.9,15.9,15.9,15.9,15.9,15.9,11.9,11.9
0.000131,11.9,15.9,15.9,15.9,15.9,15.9,15.9,15.9,15.9,15.9,15.9,11.9,15.9,15.9,15.9,15.9,15.9,15.9,15.9,15.9,15.9,12,15.9,15.9,15.9,15.9,15.9,15.9,15.9,15.9,15.9,11.9,15.9,15.9,15.9,15.9,15.9,15.9,15.9,15.9,15.9,11.9,15.9,15.9,15.9,15.9,15.9,15.9,15.9,15.9,15.9,11.9,15.9,15.9,15.9,15.9,15.9,15.9,15.9,15.9,15.9,12,15.9,15.9,15.9,15.9,15.9,15.9,15.9,15.9,15.9,12,15.9,15.9,15.9,15.9,15.9,15.9,15.9,15.9,15.9,12.1,15.9,15.9,15.9,15.9,15.9,15.9,15.9,15.9,15.9,12,15.9,15.9,15.9,15.9,15.9,15.9,11.9,11.9
0.000132,11.8,15.9,15.9,15.9,15.9,15.9,15.9,15.9,15.9,15.9,15.9,11.9,15.9,15.9,15.9,15.9,15.9,15.9,15.9,15.9,15.9,12,15.9,15.9,15.9,15.9,15.9,15.9,15.9,15.9,15.9,11.9,15.9,15.9,15.9,15.9,15.9,15.9,15.9,15.9,15.9,11.9,15.9,15.9,15.9,15.9,15.9,15.9,15.9,15.9,15.9,12,15.9,15.9,15.9,15.9,15.9,15.9,15.9,15.9,15.9,12,15.9,15.9,15.9,15.9,15.9,15.9,15.9,15.9,15.9,11.9,15.9,15.9,15.9,15.9,15.9,15.9,15.9,15.9,15.9,12.1,15.9,15.9,15.9,15.9,15.9,15.9,15.9,15.9,15.9,12,15.9,15.9,15.8,15.9,15.9,15.9,11.8,11.8
0.000132,11.8,15.9,15.9,15.9,15.8,15.9,15.9,15.9,15.9,15.9,15.9,11.9,15.9,15.9,15.9,15.9,15.9,15.9,15.9,15.9,15.9,12,15.9,15.9,15.9,15.9,15.9,15.9,15.9,15.9,15.9,11.9,15.9,15.9,15.9,15.9,15.9,15.9,15.9,15.9,15.9,11.9,15.9,15.9,15.9,15.9,15.9,15.9,15.9,15.9,15.9,12,15.9,15.9,15.9,15.9,15.9,15.9,15.9,15.9,15.9,12,15.9,15.9,15.9,15.9,15.9,15.9,15.9,15.9,15.9,11.9,15.9,15.9,15.9,15.9,15.9,15.9,15.9,15.9,15.9,12.1,15.9,15.9,15.9,15.9,15.9,15.9,15.8,15.9,15.9,12,15.9,15.9,15.9,15.9,15.9,15.9,11.9,11.8
0.000132,11.8,15.9,15.9,15.9,15.9,15.9,15.9,15.9,15.9,15.9,15.9,11.9,15.9,15.9,15.9,15.9,15.9,15.9,15.9,15.9,15.9,11.9,15.9,15.9,15.9,15.9,15.9,15.9,15.9,15.9,15.9,11.9,15.9,15.9,15.9,15.9,15.9,15.9,15.9,15.9,15.9,11.9,15.9,15.9,15.9,15.9,15.9,15.9,15.9,15.9,15.9,12,15.9,15.9,15.9,15.9,15.9,15.9,15.9,15.9,15.9,12,15.9,15.9,15.9,15.9,15.9,15.9,15.9,15.9,15.9,11.9,15.9,15.9,15.9,15.9,15.9,15.9,15.9,15.9,15.9,12,15.9,15.9,15.9,15.9,15.9,15.9,15.9,15.9,15.9,12,15.9,15.9,15.9,15.9,15.9,15.9,11.9,11.8
0.000132,11.8,15.9,15.8,15.9,15.9,15.9,15.9,15.9,15.9,15.9,15.9,11.9,15.9,15.9,15.9,15.9,15.9,15.9,15.9,15.9,15.9,12,15.9,15.9,15.9,15.9,15.9,15.9,15.8,15.9,15.9,11.9,15.9,15.9,15.9,15.9,15.9,15.9,15.9,15.9,15.9,12,15.9,15.9,15.9,15.9,15.9,15.9,15.9,15.9,15.9,12.1,15.9,15.9,15.9,15.9,15.9,15.9,15.9,15.9,15.9,12,15.9,15.9,15.9,15.9,15.9,15.9,15.9,15.9,15.9,11.8,15.9,15.9,15.9,15.9,15.9,15.9,15.9,15.9,15.9,12,15.9,15.9,15.9,15.9,15.9,15.9,15.9,15.9,15.9,12,15.9,15.9,15.9,15.9,15.9,15.9,11.9,11.8
0.000132,11.8,15.9,15.9,15.9,15.9,15.9,15.9,15.9,15.9,15.9,15.9,11.9,15.9,15.9,15.9,15.9,15.9,15.9,15.9,15.9,15.9,11.9,15.9,15.9,15.9,15.9,15.9,15.9,15.9,15.9,15.9,12,15.9,15.9,15.9,15.9,15.9,15.9,15.9,15.9,15.9,12,15.9,15.9,15.9,15.9,15.9,15.9,15.9,15.9,15.9,12.1,15.9,15.9,15.9,15.9,15.9,15.9,15.9,15.9,15.9,11.9,15.9,15.9,15.9,15.9,15.9,15.9,15.9,15.9,15.9,11.9,15.9,15.9,15.9,15.9,15.9,15.9,15.9,15.8,15.9,12,15.9,15.9,15.9,15.9,15.9,15.9,15.9,15.9,15.9,11.9,15.9,15.9,15.9,15.9,15.9,15.9,11.9,11.9
0.000133,11.9,15.9,15.9,15.9,15.9,15.9,15.9,15.9,15.9,15.9,15.9,11.9,15.9,15.9,15.9,15.9,15.9,15.9,15.9,15.9,15.9,12,15.9,15.9,15.9,15.9,15.9,15.9,15.9,15.9,15.9,11.9,15.9,15.9,15.9,15.9,15.8,15.9,15.9,15.8,15.9,12,15.9,15.9,15.9,15.9,15.9,15.9,15.9,15.9,15.9,12,15.9,15.9,15.9,15.9,15.9,15.9,15.9,15.9,15.9,11.9,15.9,15.9,15.9,15.9,15.9,15.9,15.9,15.9,15.9,11.8,15.9,15.9,15.9,15.9,15.9,15.9,15.8,15.9,15.9,11.9,15.9,15.9,15.9,15.9,15.9,15.9,15.9,15.9,15.9,11.9,15.9,15.9,15.9,15.9,15.9,15.9,11.9,12
0.000133,11.9,15.9,15.9,15.9,15.9,15.9,15.9,15.9,15.9,15.9,15.9,11.9,15.9,15.9,15.8,15.9,15.9,15.9,15.9,15.9,15.9,12,15.9,15.9,15.9,15.9,15.9,15.9,15.9,15.9,15.9,11.9,15.9,15.9,15.9,15.9,15.9,15.9,15.9,15.9,15.9,12,15.9,15.9,15.9,15.9,15.9,15.9,15.9,15.9,15.9,12,15.9,15.9,15.9,15.9,15.9,15.9,15.9,15.9,15.9,11.9,15.9,15.9,15.9,15.9,15.9,15.9,15.9,15.9,15.9,11.9,15.9,15.9,15.9,15.9,15.9,15.9,15.9,15.8,15.9,11.9,15.9,15.9,15.9,15.9,15.9,15.9,15.9,15.9,15.9,12,15.9,15.9,15.9,15.9,15.9,15.9,11.8,12
0.000133,12,15.9,15.9,15.9,15.9,15.9,15.9,15.9,15.9,15.9,15.9,11.9,15.9,15.9,15.9,15.9,15.9,15.9,15.9,15.9,15.9,12,15.9,15.9,15.9,15.9,15.9,15.9,15.9,15.9,15.9,11.9,15.9,15.9,15.9,15.9,15.9,15.9,15.9,15.9,15.9,12,15.9,15.9,15.9,15.9,15.9,15.9,15.9,15.9,15.9,12,15.9,15.9,15.9,15.9,15.9,15.9,15.9,15.9,15.9,11.9,15.9,15.9,15.9,15.9,15.9,15.9,15.9,15.9,15.9,11.9,15.9,15.9,15.9,15.9,15.9,15.9,15.9,15.9,15.9,11.8,15.8,15.9,15.9,15.9,15.9,15.9,15.9,15.9,15.9,12,15.9,15.9,15.9,15.9,15.8,15.9,11.8,12
0.000133,12,15.9,15.9,15.9,15.9,15.9,15.9,15.9,15.9,15.9,15.9,11.9,15.9,15.9,15.9,15.9,15.9,15.9,15.9,15.9,15.9,12.1,15.9,15.9,15.9,15.9,15.9,15.9,15.9,15.9,15.9,12,15.9,15.9,15.9,15.9,15.9,15.9,15.9,15.9,15.9,12,15.9,15.9,15.9,15.9,15.9,15.9,15.9,15.9,15.9,11.9,15.9,15.9,15.9,15.9,15.9,15.9,15.9,15.9,15.9,12,15.9,15.9,15.9,15.9,15.9,15.9,15.9,15.9,15.9,11.9,15.9,15.9,15.9,15.9,15.9,15.9,15.9,15.9,15.9,11.9,15.9,15.9,15.9,15.9,15.9,15.9,15.9,15.9,15.9,12,15.9,15.9,15.9,15.9,15.9,15.9,11.8,12
0.000133,12,15.9,15.9,15.8,15.9,15.9,15.9,15.9,15.9,15.9,15.9,11.9,15.9,15.9,15.9,15.9,15.9,15.9,15.9,15.9,15.9,12.1,15.9,15.9,15.9,15.9,15.9,15.9,15.9,15.9,15.9,11.9,15.9,15.9,15.9,15.9,15.9,15.9,15.9,15.9,15.9,12,15.9,15.9,15.9,15.9,15.9,15.9,15.9,15.9,15.9,11.9,15.9,15.9,15.9,15.9,15.9,15.9,15.9,15.9,15.9,12,15.9,15.9,15.9,15.9,15.9,15.9,15.9,15.9,15.9,11.8,15.9,15.9,15.9,15.9,15.9,15.9,15.9,15.9,15.9,11.9,15.9,15.9,15.9,15.9,15.9,15.9,15.9,15.9,15.9,12,15.9,15.9,15.9,15.9,15.9,15.9,11.9,11.9
0.000134,12,15.9,15.9,15.9,15.9,15.9,15.9,15.9,15.8,15.9,15.9,11.9,15.9,15.9,15.9,15.9,15.9,15.9,15.9,15.9,15.8,12.1,15.9,15.9,15.9,15.9,15.9,15.8,15.9,15.9,15.9,11.9,15.9,15.9,15.9,15.9,15.9,15.9,15.9,15.9,15.9,11.9,15.9,15.9,15.9,15.9,15.9,15.9,15.9,15.9,15.9,11.9,15.9,15.9,15.9,15.9,15.9,15.9,15.9,15.9,15.9,12,15.9,15.9,15.9,15.9,15.9,15.9,15.9,15.9,15.9,11.9,15.9,15.9,15.9,15.9,15.9,15.8,15.9,15.9,15.9,11.9,15.9,15.9,15.9,15.9,15.9,15.9,15.9,15.9,15.9,12,15.9,15.9,15.9,15.9,15.9,15.9,11.8,11.9
0.000134,12,15.9,15.9,15.9,15.9,15.9,15.9,15.9,15.9,15.9,15.9,12,15.9,15.9,15.9,15.9,15.9,15.9,15.9,15.9,15.9,12.1,15.9,15.9,15.9,15.9,15.9,15.9,15.9,15.9,15.9,11.9,15.9,15.9,15.9,15.9,15.9,15.9,15.9,15.9,15.9,11.9,15.9,15.9,15.8,15.9,15.9,15.9,15.9,15.9,15.9,11.9,15.9,15.9,15.9,15.9,15.9,15.9,15.9,15.9,15.9,12,15.9,15.9,15.9,15.9,15.9,15.9,15.9,15.9,15.9,11.9,15.9,15.9,15.9,15.9,15.9,15.9,15.9,15.9,15.9,12,15.9,15.9,15.8,15.9,15.9,15.9,15.9,15.9,15.9,12,15.9,15.9,15.9,15.9,15.9,15.9,11.8,11.9
0.000134,11.9,15.9,15.9,15.9,15.9,15.9,15.9,15.9,15.9,15.9,15.9,12,15.9,15.9,15.9,15.9,15.9,15.9,15.9,15.9,15.9,12,15.9,15.9,15.9,15.9,15.9,15.9,15.9,15.9,15.9,11.9,15.9,15.9,15.9,15.9,15.9,15.9,15.9,15.9,15.9,11.9,15.9,15.9,15.9,15.9,15.9,15.9,15.9,15.9,15.9,11.9,15.9,15.9,15.9,15.9,15.9,15.9,15.9,15.9,15.9,12,15.9,15.9,15.9,15.9,15.9,15.9,15.9,15.9,15.9,11.8,15.9,15.9,15.9,15.9,15.9,15.9,15.9,15.9,15.9,12,15.9,15.9,15.9,15.9,15.9,15.9,15.9,15.9,15.9,12,15.9,15.9,15.9,15.9,15.9,15.9,11.9,11.8
0.000134,11.9,15.9,15.9,15.9,15.9,15.9,15.9,15.9,15.9,15.9,15.8,11.9,15.9,15.9,15.9,15.9,15.9,15.9,15.9,15.9,15.9,12,15.9,15.9,15.9,15.9,15.9,15.9,15.9,15.9,15.9,11.9,15.9,15.9,15.8,15.9,15.9,15.9,15.9,15.9,15.9,11.9,15.9,15.9,15.9,15.9,15.9,15.9,15.9,15.9,15.9,12,15.9,15.9,15.9,15.9,15.9,15.9,15.9,15.9,15.9,11.9,15.8,15.9,15.9,15.9,15.9,15.9,15.9,15.9,15.9,11.8,15.9,15.9,15.9,15.9,15.9,15.9,15.9,15.9,15.9,12,15.9,15.9,15.8,15.9,15.9,15.9,15.9,15.9,15.9,12,15.9,15.9,15.9,15.9,15.9,15.9,11.8,11.7
0.000134,11.8,15.9,15.9,15.9,15.9,15.9,15.9,15.9,15.9,15.9,15.9,12,15.9,15.9,15.9,15.9,15.9,15.9,15.9,15.9,15.9,11.9,15.9,15.9,15.9,15.9,15.9,15.9,15.9,15.9,15.9,11.9,15.9,15.9,15.9,15.9,15.9,15.9,15.9,15.9,15.9,11.9,15.9,15.9,15.9,15.9,15.9,15.9,15.9,15.9,15.8,12,15.9,15.9,15.9,15.9,15.9,15.9,15.9,15.9,15.9,12,15.9,15.9,15.9,15.9,15.9,15.9,15.9,15.9,15.9,11.8,15.9,15.9,15.9,15.9,15.9,15.9,15.9,15.9,15.9,12.1,15.9,15.9,15.9,15.8,15.8,15.9,15.9,15.9,15.9,11.9,15.9,15.9,15.9,15.9,15.9,15.9,11.8,11.8
0.000135,11.8,15.9,15.9,15.9,15.9,15.9,15.9,15.9,15.9,15.9,15.9,11.9,15.9,15.9,15.9,15.9,15.9,15.9,15.9,15.9,15.9,12,15.9,15.9,15.9,15.9,15.9,15.9,15.9,15.9,15.9,11.9,15.9,15.9,15.9,15.9,15.9,15.9,15.9,15.9,15.9,11.9,15.9,15.9,15.9,15.9,15.9,15.9,15.9,15.9,15.9,12,15.9,15.9,15.9,15.9,15.9,15.9,15.9,15.9,15.9,11.9,15.9,15.9,15.9,15.9,15.9,15.9,15.9,15.9,15.9,11.8,15.9,15.9,15.9,15.9,15.9,15.9,15.9,15.9,15.9,12,15.9,15.9,15.9,15.9,15.9,15.9,15.9,15.9,15.9,11.9,15.9,15.9,15.9,15.9,15.9,15.9,11.8,11.7
0.000135,11.8,15.9,15.9,15.9,15.9,15.9,15.9,15.9,15.9,15.9,15.9,12,15.9,15.9,15.9,15.9,15.9,15.9,15.9,15.9,15.9,12,15.9,15.9,15.9,15.9,15.9,15.9,15.9,15.9,15.9,11.9,15.9,15.9,15.9,15.9,15.9,15.8,15.9,15.8,15.9,12,15.9,15.9,15.9,15.9,15.9,15.9,15.9,15.9,15.9,12,15.9,15.9,15.9,15.9,15.9,15.9,15.9,15.9,15.9,11.9,15.9,15.9,15.9,15.8,15.9,15.9,15.9,15.9,15.9,11.9,15.9,15.9,15.9,15.9,15.9,15.9,15.9,15.9,15.9,12,15.9,15.9,15.9,15.9,15.9,15.9,15.9,15.9,15.9,11.9,15.9,15.9,15.9,15.9,15.9,15.9,11.8,11.8
0.000135,11.9,15.9,15.9,15.9,15.9,15.9,15.9,15.9,15.9,15.9,15.9,12,15.9,15.9,15.9,15.9,15.9,15.9,15.9,15.9,15.9,12,15.9,15.9,15.9,15.9,15.9,15.9,15.9,15.9,15.9,11.8,15.9,15.9,15.9,15.9,15.9,15.9,15.9,15.9,15.9,12,15.9,15.9,15.9,15.9,15.9,15.9,15.9,15.9,15.9,12,15.9,15.9,15.9,15.9,15.9,15.9,15.9,15.9,15.9,11.9,15.9,15.9,15.9,15.9,15.9,15.9,15.9,15.9,15.9,11.8,15.9,15.9,15.9,15.9,15.9,15.9,15.9,15.9,15.9,12,15.9,15.9,15.9,15.9,15.9,15.9,15.9,15.9,15.9,11.9,15.9,15.9,15.9,15.9,15.9,15.9,11.9,11.9
0.000135,11.9,15.9,15.9,15.9,15.9,15.9,15.9,15.9,15.9,15.9,15.9,12,15.9,15.9,15.9,15.9,15.9,15.9,15.9,15.9,15.9,12,15.9,15.9,15.9,15.9,15.9,15.9,15.9,15.9,15.9,11.9,15.9,15.9,15.9,15.9,15.9,15.9,15.9,15.9,15.9,12.1,15.9,15.9,15.9,15.9,15.9,15.9,15.9,15.9,15.9,12,15.9,15.9,15.9,15.9,15.9,15.9,15.9,15.9,15.9,12,15.9,15.9,15.9,15.9,15.9,15.9,15.9,15.9,15.9,11.8,15.9,15.9,15.9,15.9,15.9,15.9,15.9,15.9,15.9,11.9,15.9,15.9,15.9,15.9,15.9,15.9,15.9,15.9,15.9,12,15.9,15.9,15.9,15.9,15.9,15.9,11.8,11.9
0.000135,11.8,15.9,15.9,15.9,15.9,15.9,15.9,15.9,15.9,15.9,15.9,11.9,15.9,15.9,15.9,15.9,15.9,15.9,15.9,15.9,15.9,12.1,15.9,15.9,15.9,15.9,15.9,15.9,15.9,15.9,15.9,11.8,15.9,15.9,15.9,15.9,15.9,15.9,15.9,15.9,15.9,12,15.9,15.9,15.9,15.9,15.9,15.9,15.9,15.9,15.9,12,15.9,15.9,15.9,15.9,15.9,15.9,15.9,15.9,15.9,11.9,15.9,15.9,15.9,15.9,15.9,15.9,15.9,15.9,15.9,11.9,15.9,15.9,15.9,15.9,15.9,15.9,15.9,15.9,15.9,11.9,15.9,15.9,15.9,15.9,15.9,15.9,15.9,15.9,15.9,12,15.9,15.9,15.9,15.9,15.9,15.9,11.8,11.9
0.000136,11.9,15.9,15.9,15.9,15.9,15.9,15.9,15.9,15.9,15.9,15.9,11.9,15.9,15.9,15.9,15.9,15.9,15.9,15.9,15.9,15.9,12.1,15.9,15.9,15.9,15.9,15.9,15.9,15.9,15.9,15.9,11.8,15.9,15.9,15.9,15.9,15.9,15.9,15.9,15.9,15.9,12,15.9,15.9,15.9,15.9,15.9,15.9,15.9,15.9,15.9,12,15.9,15.9,15.9,15.9,15.9,15.9,15.9,15.9,15.9,11.9,15.9,15.9,15.9,15.9,15.9,15.9,15.9,15.9,15.9,11.9,15.9,15.9,15.9,15.9,15.9,15.9,15.9,15.9,15.9,11.9,15.9,15.9,15.9,15.8,15.9,15.9,15.9,15.9,15.9,12,15.9,15.9,15.9,15.9,15.9,15.9,11.8,11.9
0.000136,11.9,15.9,15.9,15.9,15.9,15.9,15.9,15.9,15.9,15.9,15.9,11.9,15.9,15.9,15.9,15.9,15.9,15.9,15.9,15.9,15.9,12.1,15.9,15.9,15.9,15.9,15.9,15.9,15.9,15.9,15.9,11.8,15.9,15.9,15.9,15.9,15.9,15.9,15.9,15.9,15.9,12,15.9,15.9,15.9,15.9,15.9,15.9,15.9,15.9,15.9,11.9,15.9,15.9,15.9,15.9,15.8,15.9,15.9,15.9,15.9,11.9,15.9,15.9,15.9,15.9,15.9,15.9,15.9,15.9,15.9,12,15.9,15.9,15.9,15.9,15.9,15.9,15.9,15.9,15.9,11.9,15.9,15.9,15.9,15.9,15.9,15.9,15.9,15.9,15.9,12,15.9,15.9,15.9,15.9,15.9,15.9,11.9,12
0.000136,11.9,15.9,15.9,15.9,15.9,15.9,15.9,15.9,15.9,15.9,15.9,11.9,15.9,15.9,15.9,15.9,15.9,15.9,15.9,15.9,15.9,12,15.9,15.9,15.9,15.9,15.9,15.9,15.9,15.9,15.9,11.9,15.9,15.9,15.9,15.9,15.9,15.9,15.9,15.9,15.9,12,15.9,15.9,15.9,15.9,15.9,15.9,15.9,15.9,15.9,12,15.9,15.9,15.9,15.9,15.9,15.9,15.9,15.9,15.9,11.9,15.9,15.9,15.9,15.9,15.9,15.9,15.9,15.9,15.9,11.9,15.9,15.9,15.9,15.9,15.9,15.9,15.9,15.9,15.9,12,15.9,15.9,15.9,15.9,15.9,15.9,15.9,15.9,15.9,12,15.9,15.9,15.9,15.9,15.9,15.9,11.9,12
0.000136,11.9,15.9,15.9,15.9,15.9,15.9,15.9,15.9,15.9,15.9,15.9,11.9,15.9,15.9,15.9,15.9,15.9,15.9,15.9,15.9,15.9,12,15.9,15.9,15.9,15.9,15.9,15.9,15.9,15.9,15.9,11.9,15.9,15.9,15.9,15.9,15.9,15.9,15.9,15.9,15.9,12,15.9,15.9,15.9,15.9,15.9,15.9,15.9,15.9,15.9,11.9,15.9,15.9,15.9,15.9,15.9,15.9,15.9,15.9,15.9,11.9,15.9,15.9,15.9,15.9,15.9,15.9,15.9,15.9,15.9,11.9,15.9,15.9,15.9,15.9,15.9,15.9,15.9,15.9,15.9,12,15.9,15.9,15.9,15.9,15.9,15.9,15.9,15.9,15.9,12,15.9,15.9,15.9,15.9,15.9,15.9,11.9,11.9
0.000136,11.9,15.9,15.9,15.9,15.9,15.9,15.9,15.9,15.9,15.9,15.9,11.9,15.9,15.9,15.9,15.9,15.9,15.9,15.9,15.9,15.9,12,15.9,15.9,15.9,15.9,15.9,15.9,15.9,15.9,15.9,12,15.9,15.9,15.9,15.9,15.9,15.9,15.9,15.9,15.9,11.9,15.9,15.9,15.9,15.9,15.9,15.9,15.9,15.9,15.9,12,15.9,15.8,15.9,15.9,15.8,15.9,15.9,15.9,15.9,11.9,15.9,15.9,15.9,15.9,15.9,15.9,15.9,15.9,15.9,11.9,15.9,15.9,15.9,15.9,15.9,15.9,15.9,15.9,15.9,12,15.9,15.9,15.9,15.9,15.9,15.9,15.9,15.9,15.9,11.9,15.9,15.9,15.9,15.9,15.9,15.9,11.9,12
0.000137,11.9,15.9,15.9,15.9,15.9,15.9,15.9,15.9,15.9,15.9,15.9,11.9,15.9,15.9,15.9,15.9,15.9,15.9,15.9,15.9,15.9,11.9,15.9,15.9,15.9,15.9,15.9,15.9,15.9,15.9,15.9,12,15.9,15.9,15.9,15.9,15.9,15.8,15.9,15.9,15.9,11.9,15.9,15.9,15.9,15.9,15.9,15.9,15.9,15.9,15.9,12,15.9,15.9,15.9,15.8,15.9,15.9,15.9,15.9,15.9,12,15.9,15.9,15.9,15.9,15.9,15.9,15.9,15.9,15.9,11.8,15.9,15.9,15.9,15.9,15.9,15.9,15.9,15.9,15.9,12,15.9,15.9,15.9,15.9,15.9,15.9,15.9,15.9,15.9,11.9,15.8,15.9,15.9,15.9,15.9,15.9,11.9,11.9
0.000137,11.9,15.9,15.9,15.9,15.9,15.9,15.9,15.9,15.9,15.9,15.9,11.9,15.9,15.9,15.9,15.9,15.9,15.9,15.9,15.9,15.9,11.9,15.9,15.9,15.9,15.9,15.9,15.9,15.9,15.9,15.9,12,15.9,15.9,15.9,15.9,15.9,15.9,15.9,15.9,15.9,11.9,15.9,15.9,15.8,15.9,15.9,15.9,15.9,15.9,15.9,12,15.9,15.9,15.9,15.9,15.9,15.9,15.9,15.9,15.9,11.9,15.9,15.9,15.9,15.9,15.9,15.9,15.9,15.9,15.9,11.9,15.9,15.9,15.9,15.9,15.9,15.9,15.9,15.9,15.9,12,15.9,15.8,15.9,15.9,15.9,15.9,15.9,15.9,15.9,11.9,15.9,15.9,15.9,15.9,15.9,15.9,11.9,11.9
0.000137,11.9,15.9,15.9,15.9,15.9,15.9,15.9,15.9,15.9,15.9,15.9,11.9,15.9,15.9,15.9,15.9,15.9,15.9,15.9,15.9,15.9,11.9,15.9,15.9,15.9,15.9,15.9,15.9,15.9,15.9,15.9,11.9,15.8,15.9,15.9,15.9,15.9,15.9,15.9,15.9,15.9,11.9,15.9,15.9,15.9,15.9,15.9,15.9,15.9,15.9,15.9,12,15.9,15.9,15.9,15.9,15.9,15.9,15.9,15.9,15.9,11.9,15.9,15.9,15.9,15.9,15.9,15.9,15.9,15.9,15.9,11.9,15.9,15.9,15.9,15.9,15.9,15.9,15.9,15.9,15.9,11.9,15.9,15.9,15.9,15.9,15.9,15.9,15.9,15.9,15.9,11.9,15.9,15.9,15.9,15.9,15.9,15.9,11.8,11.8
0.000137,11.9,15.9,15.9,15.9,15.9,15.9,15.9,15.9,15.9,15.9,15.9,11.9,15.9,15.9,15.9,15.9,15.9,15.9,15.9,15.9,15.9,12,15.9,15.9,15.9,15.9,15.8,15.9,15.9,15.9,15.9,11.9,15.9,15.9,15.9,15.9,15.9,15.9,15.9,15.9,15.9,11.9,15.9,15.9,15.9,15.9,15.9,15.9,15.9,15.9,15.9,12,15.9,15.9,15.9,15.9,15.9,15.9,15.9,15.9,15.9,11.9,15.9,15.9,15.9,15.9,15.9,15.9,15.9,15.9,15.9,11.8,15.9,15.9,15.9,15.9,15.9,15.9,15.9,15.9,15.9,11.9,15.9,15.9,15.9,15.9,15.9,15.9,15.9,15.9,15.9,11.9,15.9,15.9,15.9,15.9,15.9,15.9,11.8,11.8
0.000137,11.9,15.9,15.9,15.9,15.9,15.9,15.9,15.9,15.9,15.9,15.9,11.9,15.9,15.9,15.9,15.9,15.9,15.9,15.9,15.9,15.9,12,15.9,15.9,15.9,15.9,15.9,15.9,15.9,15.9,15.9,11.8,15.9,15.9,15.9,15.9,15.9,15.9,15.9,15.9,15.9,11.9,15.9,15.9,15.9,15.9,15.9,15.9,15.9,15.9,15.9,12,15.9,15.9,15.9,15.9,15.8,15.9,15.9,15.9,15.9,11.9,15.9,15.9,15.9,15.9,15.9,15.9,15.9,15.9,15.9,11.9,15.9,15.9,15.9,15.9,15.9,15.9,15.9,15.9,15.9,11.9,15.9,15.9,15.9,15.9,15.9,15.9,15.9,15.9,15.9,12,15.9,15.9,15.9,15.9,15.8,15.9,11.8,11.8
0.000138,11.9,15.9,15.9,15.9,15.9,15.9,15.9,15.9,15.9,15.9,15.9,11.8,15.9,15.9,15.9,15.9,15.9,15.9,15.8,15.9,15.9,12,15.9,15.9,15.9,15.9,15.9,15.9,15.9,15.9,15.9,11.8,15.9,15.9,15.9,15.9,15.9,15.9,15.9,15.9,15.9,11.9,15.9,15.9,15.9,15.9,15.9,15.9,15.9,15.9,15.9,12,15.9,15.9,15.9,15.9,15.9,15.9,15.9,15.8,15.9,12,15.9,15.9,15.9,15.9,15.8,15.9,15.9,15.9,15.9,11.8,15.9,15.9,15.9,15.9,15.9,15.9,15.9,15.9,15.9,11.9,15.9,15.9,15.9,15.9,15.9,15.9,15.9,15.9,15.9,12,15.9,15.9,15.9,15.9,15.9,15.9,11.8,11.8
0.000138,11.9,15.9,15.9,15.9,15.8,15.9,15.9,15.9,15.9,15.9,15.9,11.9,15.9,15.9,15.9,15.9,15.9,15.9,15.9,15.9,15.9,12.1,15.9,15.9,15.9,15.9,15.9,15.9,15.9,15.9,15.9,11.8,15.9,15.9,15.9,15.9,15.9,15.9,15.9,15.9,15.9,11.9,15.9,15.9,15.9,15.9,15.9,15.9,15.9,15.9,15.9,12,15.9,15.9,15.9,15.9,15.9,15.9,15.9,15.9,15.9,12,15.9,15.9,15.9,15.9,15.9,15.9,15.9,15.9,15.9,11.9,15.9,15.9,15.9,15.9,15.9,15.9,15.9,15.9,15.9,11.9,15.9,15.9,15.9,15.9,15.9,15.9,15.9,15.9,15.9,12,15.9,15.9,15.9,15.9,15.9,15.9,11.8,11.9
0.000138,11.9,15.9,15.9,15.9,15.9,15.9,15.9,15.9,15.9,15.9,15.9,11.9,15.9,15.9,15.9,15.9,15.9,15.9,15.9,15.9,15.9,12,15.9,15.9,15.9,15.9,15.9,15.9,15.9,15.9,15.9,11.8,15.9,15.9,15.9,15.9,15.9,15.9,15.9,15.9,15.9,12,15.9,15.9,15.9,15.9,15.9,15.9,15.9,15.9,15.9,11.9,15.9,15.9,15.9,15.9,15.9,15.9,15.9,15.9,15.9,12,15.9,15.9,15.9,15.9,15.9,15.8,15.9,15.9,15.9,11.9,15.9,15.9,15.9,15.9,15.9,15.9,15.9,15.9,15.9,11.9,15.9,15.9,15.9,15.9,15.9,15.9,15.9,15.9,15.9,12.1,15.9,15.9,15.9,15.8,15.9,15.9,11.9,11.9
0.000138,11.9,15.9,15.9,15.9,15.9,15.9,15.9,15.9,15.9,15.9,15.9,11.9,15.9,15.9,15.9,15.9,15.8,15.9,15.9,15.9,15.9,12,15.9,15.9,15.9,15.9,15.9,15.9,15.9,15.8,15.9,11.9,15.9,15.9,15.9,15.9,15.9,15.9,15.9,15.9,15.9,12,15.9,15.9,15.9,15.9,15.9,15.9,15.9,15.9,15.9,11.9,15.9,15.9,15.9,15.9,15.9,15.9,15.9,15.9,15.9,12,15.9,15.9,15.9,15.9,15.9,15.9,15.9,15.9,15.9,11.8,15.9,15.9,15.9,15.9,15.9,15.9,15.9,15.9,15.9,11.9,15.9,15.9,15.9,15.9,15.9,15.9,15.9,15.9,15.9,12,15.9,15.9,15.9,15.9,15.9,15.9,11.9,12
0.000138,11.9,15.9,15.9,15.9,15.9,15.9,15.9,15.9,15.9,15.9,15.9,11.9,15.9,15.9,15.9,15.9,15.9,15.9,15.9,15.9,15.9,11.9,15.9,15.9,15.9,15.9,15.9,15.9,15.9,15.9,15.9,11.9,15.9,15.9,15.9,15.9,15.9,15.9,15.9,15.9,15.9,12,15.9,15.9,15.9,15.9,15.9,15.9,15.9,15.9,15.9,11.9,15.9,15.9,15.9,15.9,15.9,15.9,15.9,15.9,15.9,12,15.9,15.9,15.9,15.9,15.9,15.9,15.9,15.9,15.9,11.9,15.9,15.9,15.9,15.9,15.9,15.9,15.9,15.9,15.9,11.9,15.9,15.9,15.9,15.9,15.9,15.9,15.9,15.9,15.9,12,15.9,15.9,15.9,15.9,15.9,15.9,11.9,11.9
0.000139,11.9,15.9,15.8,15.9,15.9,15.9,15.9,15.9,15.9,15.9,15.9,11.9,15.9,15.9,15.8,15.9,15.9,15.9,15.9,15.9,15.9,11.9,15.9,15.9,15.9,15.9,15.9,15.9,15.9,15.9,15.9,11.9,15.9,15.9,15.9,15.9,15.9,15.9,15.9,15.9,15.9,11.9,15.9,15.9,15.9,15.9,15.9,15.9,15.9,15.9,15.9,11.9,15.9,15.9,15.9,15.9,15.9,15.9,15.9,15.9,15.9,12,15.9,15.9,15.9,15.9,15.9,15.9,15.9,15.9,15.9,11.9,15.9,15.9,15.9,15.9,15.9,15.9,15.9,15.9,15.9,11.9,15.9,15.9,15.9,15.9,15.9,15.9,15.9,15.9,15.9,12,15.9,15.9,15.9,15.9,15.9,15.9,12,11.9
0.000139,11.9,15.9,15.9,15.9,15.9,15.9,15.9,15.9,15.9,15.9,15.9,11.9,15.9,15.9,15.9,15.9,15.9,15.9,15.9,15.9,15.9,11.8,15.9,15.9,15.9,15.9,15.9,15.9,15.9,15.9,15.9,12,15.9,15.9,15.9,15.9,15.9,15.9,15.9,15.9,15.9,12,15.9,15.9,15.9,15.9,15.9,15.9,15.9,15.9,15.9,12,15.9,15.9,15.9,15.9,15.9,15.9,15.9,15.9,15.9,11.9,15.9,15.9,15.9,15.9,15.9,15.9,15.9,15.9,15.9,11.9,15.9,15.9,15.9,15.9,15.9,15.9,15.9,15.9,15.9,12,15.9,15.9,15.9,15.9,15.9,15.9,15.9,15.9,15.9,11.9,15.9,15.9,15.9,15.9,15.9,15.9,12,11.9
0.000139,11.9,15.9,15.9,15.9,15.9,15.9,15.9,15.9,15.9,15.9,15.9,11.8,15.9,15.9,15.9,15.9,15.9,15.9,15.9,15.9,15.9,11.8,15.9,15.9,15.9,15.9,15.9,15.9,15.9,15.9,15.9,11.9,15.9,15.9,15.9,15.9,15.9,15.9,15.9,15.9,15.9,12,15.9,15.8,15.9,15.9,15.9,15.9,15.9,15.9,15.9,11.9,15.9,15.9,15.9,15.9,15.9,15.9,15.9,15.9,15.9,11.9,15.9,15.9,15.9,15.9,15.9,15.9,15.9,15.9,15.9,11.9,15.9,15.9,15.9,15.9,15.9,15.9,15.9,15.9,15.9,12,15.9,15.9,15.9,15.9,15.9,15.9,15.9,15.9,15.9,11.9,15.9,15.9,15.9,15.9,15.9,15.9,11.9,11.9
0.000139,11.8,15.9,15.9,15.9,15.9,15.9,15.9,15.9,15.9,15.9,15.9,11.9,15.9,15.9,15.9,15.9,15.9,15.9,15.9,15.9,15.9,11.8,15.9,15.9,15.9,15.9,15.9,15.9,15.9,15.9,15.9,11.9,15.9,15.9,15.9,15.9,15.9,15.9,15.9,15.9,15.9,11.9,15.9,15.9,15.9,15.9,15.9,15.9,15.9,15.9,15.9,11.9,15.9,15.9,15.9,15.9,15.9,15.9,15.9,15.9,15.9,11.8,15.9,15.9,15.9,15.9,15.8,15.9,15.9,15.9,15.9,11.8,15.9,15.9,15.9,15.9,15.9,15.9,15.9,15.9,15.9,12,15.9,15.9,15.9,15.9,15.9,15.9,15.9,15.9,15.9,11.9,15.9,15.9,15.9,15.9,15.9,15.9,11.9,11.9
0.000139,11.9,15.8,15.9,15.9,15.9,15.9,15.9,15.9,15.9,15.9,15.9,11.8,15.9,15.9,15.9,15.9,15.9,15.9,15.9,15.9,15.9,11.9,15.9,15.9,15.9,15.9,15.9,15.9,15.9,15.9,15.9,11.9,15.9,15.9,15.9,15.9,15.9,15.9,15.9,15.9,15.9,11.9,15.9,15.9,15.9,15.9,15.9,15.9,15.9,15.9,15.9,11.9,15.9,15.9,15.9,15.9,15.9,15.9,15.9,15.9,15.9,11.8,15.9,15.9,15.9,15.9,15.9,15.9,15.9,15.9,15.9,11.8,15.9,15.9,15.9,15.9,15.9,15.9,15.9,15.9,15.9,12,15.9,15.9,15.9,15.9,15.9,15.9,15.9,15.9,15.9,11.8,15.9,15.9,15.9,15.9,15.9,15.9,11.9,11.8
0.00014,11.9,15.9,15.9,15.9,15.9,15.9,15.9,15.9,15.9,15.9,15.9,11.9,15.9,15.9,15.9,15.9,15.9,15.9,15.9,15.9,15.9,12,15.9,15.9,15.8,15.9,15.9,15.9,15.9,15.9,15.9,11.9,15.9,15.9,15.9,15.9,15.9,15.9,15.9,15.9,15.9,12,15.8,15.9,15.9,15.9,15.9,15.9,15.8,15.9,15.9,11.9,15.9,15.9,15.9,15.9,15.9,15.9,15.9,15.9,15.9,11.8,15.9,15.9,15.9,15.9,15.9,15.9,15.9,15.9,15.9,11.8,15.9,15.9,15.9,15.9,15.9,15.9,15.9,15.9,15.9,12,15.9,15.9,15.9,15.9,15.9,15.9,15.9,15.9,15.9,11.9,15.9,15.9,15.9,15.9,15.9,15.9,11.8,11.9
0.00014,11.9,15.9,15.9,15.9,15.9,15.9,15.9,15.9,15.9,15.9,15.9,11.9,15.9,15.9,15.9,15.9,15.9,15.9,15.9,15.9,15.9,12,15.9,15.9,15.9,15.9,15.9,15.9,15.9,15.9,15.9,11.9,15.9,15.9,15.9,15.9,15.9,15.9,15.9,15.9,15.9,12,15.9,15.9,15.9,15.9,15.9,15.9,15.9,15.9,15.9,12,15.9,15.9,15.9,15.9,15.9,15.9,15.9,15.9,15.9,11.8,15.9,15.9,15.9,15.9,15.9,15.9,15.9,15.9,15.9,11.8,15.9,15.9,15.9,15.9,15.9,15.9,15.9,15.9,15.9,12,15.9,15.9,15.9,15.9,15.9,15.9,15.9,15.9,15.8,11.9,15.9,15.9,15.9,15.9,15.9,15.9,11.8,11.9
0.00014,11.9,15.9,15.9,15.9,15.9,15.9,15.9,15.9,15.9,15.9,15.9,11.9,15.9,15.9,15.9,15.9,15.9,15.9,15.9,15.9,15.9,12,15.9,15.9,15.9,15.9,15.9,15.9,15.9,15.9,15.9,11.8,15.9,15.9,15.9,15.9,15.9,15.9,15.9,15.9,15.9,12,15.9,15.9,15.9,15.9,15.9,15.9,15.9,15.9,15.9,11.9,15.9,15.9,15.9,15.9,15.9,15.9,15.9,15.9,15.9,11.9,15.9,15.9,15.9,15.9,15.9,15.9,15.9,15.9,15.9,11.9,15.9,15.9,15.9,15.9,15.9,15.9,15.9,15.9,15.9,11.9,15.9,15.9,15.9,15.9,15.9,15.9,15.9,15.9,15.9,12,15.9,15.9,15.9,15.8,15.9,15.9,11.8,11.8
0.00014,11.9,15.9,15.9,15.9,15.9,15.9,15.9,15.9,15.9,15.9,15.9,12,15.9,15.9,15.9,15.9,15.9,15.9,15.9,15.9,15.9,12,15.9,15.9,15.9,15.9,15.9,15.9,15.9,15.9,15.9,11.8,15.9,15.9,15.9,15.9,15.9,15.9,15.9,15.9,15.9,12,15.9,15.9,15.9,15.9,15.9,15.9,15.9,15.9,15.9,12,15.9,15.9,15.9,15.9,15.9,15.9,15.9,15.9,15.9,11.9,15.9,15.9,15.9,15.9,15.9,15.9,15.9,15.9,15.9,11.8,15.9,15.9,15.9,15.9,15.9,15.9,15.9,15.9,15.9,12,15.9,15.9,15.9,15.9,15.9,15.9,15.9,15.9,15.9,12,15.9,15.9,15.9,15.9,15.9,15.9,11.7,11.8
0.00014,11.9,15.9,15.9,15.9,15.9,15.9,15.9,15.9,15.9,15.9,15.9,12,15.9,15.9,15.9,15.9,15.9,15.9,15.9,15.9,15.9,12,15.9,15.9,15.9,15.9,15.9,15.9,15.9,15.9,15.9,11.8,15.9,15.9,15.9,15.9,15.9,15.9,15.9,15.9,15.9,12,15.9,15.9,15.9,15.9,15.9,15.9,15.9,15.9,15.9,12,15.9,15.9,15.9,15.9,15.9,15.9,15.9,15.9,15.9,12,15.9,15.9,15.9,15.9,15.9,15.9,15.9,15.9,15.9,11.8,15.9,15.9,15.9,15.9,15.9,15.9,15.9,15.9,15.9,11.9,15.9,15.9,15.9,15.9,15.9,15.9,15.9,15.9,15.9,12.1,15.9,15.9,15.9,15.9,15.9,15.9,11.8,11.9
0.000141,11.9,15.9,15.9,15.9,15.9,15.9,15.9,15.9,15.9,15.9,15.9,12,15.9,15.9,15.9,15.9,15.9,15.9,15.9,15.9,15.9,12,15.9,15.9,15.9,15.9,15.9,15.9,15.9,15.9,15.9,11.9,15.9,15.9,15.9,15.8,15.9,15.9,15.9,15.9,15.9,12,15.9,15.9,15.9,15.9,15.9,15.9,15.9,15.9,15.9,12,15.9,15.9,15.9,15.9,15.9,15.9,15.9,15.9,15.9,12,15.8,15.9,15.9,15.9,15.9,15.9,15.9,15.9,15.9,11.8,15.9,15.9,15.9,15.9,15.9,15.9,15.9,15.9,15.9,11.9,15.9,15.9,15.9,15.9,15.9,15.9,15.9,15.9,15.9,12.1,15.9,15.9,15.9,15.9,15.9,15.9,11.8,11.9
0.000141,11.9,15.9,15.9,15.9,15.9,15.9,15.9,15.9,15.9,15.9,15.9,12,15.9,15.9,15.9,15.9,15.9,15.9,15.9,15.9,15.9,12,15.9,15.9,15.9,15.9,15.9,15.9,15.9,15.9,15.9,11.9,15.9,15.9,15.9,15.9,15.9,15.9,15.9,15.9,15.9,12,15.9,15.9,15.9,15.9,15.9,15.9,15.9,15.9,15.9,12,15.9,15.9,15.9,15.9,15.8,15.9,15.8,15.9,15.9,12,15.9,15.9,15.9,15.9,15.9,15.9,15.9,15.9,15.9,11.7,15.9,15.9,15.9,15.9,15.9,15.9,15.8,15.9,15.9,11.9,15.9,15.9,15.9,15.9,15.9,15.9,15.9,15.9,15.9,12,15.9,15.9,15.9,15.9,15.9,15.9,11.8,11.9
0.000141,11.9,15.8,15.9,15.9,15.9,15.9,15.9,15.9,15.9,15.9,15.9,12,15.9,15.9,15.9,15.8,15.9,15.9,15.9,15.9,15.9,12,15.9,15.9,15.9,15.9,15.9,15.9,15.9,15.9,15.9,11.9,15.9,15.9,15.9,15.9,15.9,15.9,15.9,15.9,15.9,11.8,15.9,15.9,15.9,15.9,15.9,15.9,15.9,15.9,15.9,12,15.9,15.9,15.9,15.9,15.9,15.9,15.9,15.9,15.9,12,15.9,15.9,15.9,15.9,15.9,15.9,15.9,15.9,15.9,11.7,15.9,15.9,15.9,15.9,15.9,15.9,15.9,15.9,15.9,11.9,15.9,15.9,15.9,15.9,15.9,15.9,15.9,15.9,15.9,12,15.9,15.9,15.9,15.9,15.9,15.9,11.8,11.9
0.000141,11.9,15.9,15.9,15.9,15.9,15.9,15.9,15.9,15.9,15.9,15.9,11.9,15.9,15.9,15.9,15.9,15.9,15.9,15.9,15.9,15.9,12,15.9,15.9,15.9,15.9,15.9,15.9,15.9,15.9,15.9,11.9,15.9,15.9,15.9,15.9,15.9,15.9,15.9,15.9,15.9,11.8,15.9,15.9,15.9,15.9,15.9,15.9,15.9,15.9,15.9,12,15.9,15.9,15.9,15.9,15.8,15.9,15.9,15.9,15.9,12,15.9,15.9,15.9,15.9,15.9,15.9,15.9,15.9,15.9,11.7,15.9,15.9,15.9,15.9,15.9,15.9,15.9,15.9,15.9,11.9,15.9,15.9,15.9,15.9,15.9,15.9,15.9,15.9,15.9,11.9,15.9,15.9,15.9,15.9,15.9,15.9,11.8,11.9
0.000141,11.9,15.9,15.9,15.9,15.9,15.9,15.9,15.9,15.9,15.9,15.9,11.9,15.9,15.9,15.9,15.9,15.9,15.9,15.9,15.9,15.9,12,15.9,15.9,15.9,15.9,15.9,15.9,15.9,15.9,15.9,11.9,15.9,15.9,15.9,15.9,15.9,15.9,15.9,15.9,15.9,11.8,15.9,15.9,15.9,15.9,15.9,15.9,15.9,15.9,15.9,12,15.9,15.9,15.9,15.9,15.9,15.9,15.9,15.9,15.9,11.9,15.9,15.9,15.9,15.9,15.9,15.9,15.9,15.9,15.9,11.8,15.9,15.9,15.9,15.9,15.9,15.9,15.9,15.9,15.9,12,15.9,15.9,15.9,15.9,15.9,15.9,15.9,15.9,15.9,11.9,15.8,15.9,15.9,15.9,15.9,15.9,11.7,12
0.000142,12,15.9,15.9,15.9,15.9,15.9,15.9,15.9,15.9,15.9,15.9,11.8,15.9,15.9,15.9,15.9,15.9,15.9,15.9,15.9,15.9,12,15.9,15.9,15.8,15.9,15.9,15.9,15.9,15.9,15.9,11.9,15.9,15.9,15.9,15.9,15.9,15.9,15.9,15.9,15.9,11.8,15.9,15.9,15.9,15.9,15.9,15.9,15.9,15.9,15.9,11.9,15.9,15.9,15.9,15.8,15.9,15.9,15.9,15.9,15.9,12,15.9,15.9,15.9,15.9,15.9,15.9,15.9,15.9,15.9,11.8,15.9,15.9,15.9,15.9,15.9,15.9,15.9,15.9,15.9,11.9,15.9,15.9,15.9,15.9,15.9,15.9,15.9,15.9,15.9,11.9,15.9,15.9,15.9,15.9,15.9,15.9,11.7,12
0.000142,11.9,15.9,15.9,15.9,15.9,15.9,15.9,15.9,15.9,15.9,15.9,11.8,15.9,15.9,15.9,15.9,15.9,15.9,15.9,15.9,15.9,12,15.9,15.9,15.9,15.9,15.9,15.9,15.9,15.9,15.9,11.9,15.9,15.9,15.9,15.9,15.9,15.9,15.9,15.9,15.9,11.9,15.8,15.9,15.9,15.9,15.9,15.9,15.8,15.9,15.9,12,15.9,15.9,15.9,15.9,15.9,15.9,15.9,15.9,15.9,11.9,15.9,15.9,15.9,15.9,15.9,15.9,15.9,15.9,15.9,11.9,15.9,15.9,15.9,15.9,15.9,15.9,15.9,15.9,15.9,11.9,15.9,15.9,15.9,15.9,15.9,15.9,15.9,15.9,15.9,11.9,15.9,15.9,15.9,15.9,15.9,15.9,11.7,11.9
0.000142,11.9,15.9,15.9,15.9,15.9,15.9,15.9,15.9,15.9,15.9,15.9,11.8,15.9,15.9,15.9,15.9,15.9,15.9,15.9,15.9,15.9,12,15.9,15.8,15.9,15.9,15.9,15.9,15.9,15.9,15.9,11.9,15.9,15.9,15.9,15.9,15.9,15.9,15.9,15.9,15.9,11.9,15.9,15.9,15.9,15.9,15.9,15.9,15.9,15.9,15.9,11.9,15.9,15.9,15.9,15.9,15.9,15.9,15.9,15.9,15.9,11.9,15.9,15.9,15.9,15.9,15.9,15.9,15.9,15.9,15.9,11.9,15.9,15.9,15.9,15.9,15.9,15.9,15.9,15.9,15.9,12,15.9,15.9,15.9,15.9,15.9,15.9,15.9,15.9,15.9,11.9,15.9,15.9,15.9,15.9,15.9,15.9,11.7,11.9
0.000142,11.9,15.9,15.9,15.9,15.9,15.9,15.9,15.9,15.9,15.9,15.9,11.8,15.9,15.9,15.9,15.9,15.9,15.9,15.9,15.9,15.9,12,15.9,15.9,15.9,15.9,15.9,15.9,15.9,15.9,15.9,11.8,15.9,15.9,15.9,15.9,15.9,15.9,15.9,15.9,15.9,11.9,15.9,15.9,15.9,15.9,15.9,15.9,15.9,15.9,15.9,11.9,15.9,15.9,15.9,15.9,15.9,15.9,15.9,15.9,15.9,11.9,15.9,15.9,15.9,15.9,15.9,15.9,15.9,15.9,15.9,12,15.9,15.9,15.9,15.9,15.9,15.9,15.9,15.9,15.9,11.9,15.9,15.9,15.9,15.9,15.9,15.9,15.9,15.9,15.9,12,15.9,15.9,15.9,15.9,15.9,15.9,11.8,11.9
0.000142,11.9,15.9,15.9,15.9,15.9,15.9,15.9,15.9,15.9,15.9,15.9,11.9,15.9,15.9,15.9,15.9,15.9,15.9,15.9,15.9,15.9,12,15.9,15.9,15.9,15.9,15.9,15.9,15.9,15.9,15.9,11.9,15.9,15.9,15.9,15.9,15.9,15.9,15.9,15.9,15.9,11.8,15.9,15.9,15.9,15.9,15.9,15.9,15.9,15.9,15.9,11.9,15.9,15.8,15.9,15.9,15.9,15.9,15.9,15.9,15.9,11.9,15.9,15.9,15.9,15.9,15.9,15.9,15.9,15.9,15.9,12,15.9,15.9,15.9,15.9,15.9,15.9,15.9,15.9,15.8,11.9,15.9,15.9,15.9,15.9,15.9,15.9,15.9,15.9,15.9,12,15.9,15.9,15.9,15.9,15.9,15.9,11.8,11.9
0.000143,11.9,15.9,15.9,15.9,15.9,15.9,15.9,15.9,15.9,15.9,15.9,11.9,15.9,15.9,15.9,15.9,15.9,15.9,15.8,15.9,15.9,12,15.9,15.9,15.9,15.9,15.9,15.9,15.8,15.8,15.9,11.9,15.9,15.9,15.9,15.9,15.9,15.9,15.9,15.9,15.9,11.9,15.9,15.9,15.9,15.9,15.9,15.9,15.9,15.9,15.9,11.9,15.9,15.9,15.9,15.9,15.9,15.9,15.9,15.9,15.9,11.9,15.9,15.9,15.9,15.9,15.9,15.9,15.9,15.9,15.9,12,15.9,15.9,15.9,15.9,15.9,15.9,15.9,15.9,15.9,11.9,15.9,15.9,15.9,15.9,15.9,15.9,15.9,15.9,15.9,12,15.9,15.9,15.9,15.9,15.9,15.9,11.9,11.9
0.000143,11.9,15.9,15.9,15.9,15.9,15.9,15.9,15.9,15.9,15.9,15.9,11.9,15.9,15.9,15.9,15.9,15.9,15.9,15.9,15.9,15.9,12,15.9,15.9,15.9,15.9,15.9,15.9,15.9,15.9,15.9,11.9,15.9,15.9,15.9,15.9,15.9,15.9,15.9,15.9,15.9,11.9,15.9,15.9,15.9,15.9,15.9,15.9,15.9,15.9,15.9,11.9,15.9,15.9,15.9,15.9,15.9,15.9,15.9,15.9,15.9,11.9,15.9,15.9,15.9,15.9,15.9,15.9,15.9,15.9,15.9,12,15.9,15.9,15.9,15.8,15.9,15.9,15.9,15.9,15.9,12,15.9,15.9,15.9,15.9,15.9,15.9,15.9,15.9,15.9,12,15.9,15.9,15.9,15.9,15.9,15.9,11.9,12
0.000143,11.9,15.9,15.9,15.9,15.9,15.9,15.9,15.9,15.9,15.8,15.9,11.9,15.9,15.9,15.9,15.9,15.9,15.9,15.9,15.9,15.9,12,15.9,15.9,15.9,15.9,15.9,15.9,15.9,15.9,15.9,11.9,15.9,15.9,15.9,15.9,15.9,15.9,15.9,15.9,15.9,11.8,15.9,15.9,15.9,15.9,15.9,15.9,15.9,15.9,15.9,11.9,15.9,15.9,15.9,15.9,15.9,15.9,15.9,15.9,15.9,11.9,15.9,15.9,15.9,15.9,15.9,15.9,15.9,15.9,15.9,11.9,15.9,15.9,15.9,15.9,15.9,15.9,15.9,15.9,15.9,11.9,15.9,15.9,15.9,15.9,15.9,15.9,15.9,15.9,15.9,12,15.9,15.9,15.9,15.9,15.9,15.9,11.9,11.9
0.000143,12,15.9,15.9,15.9,15.9,15.9,15.9,15.9,15.9,15.9,15.9,11.9,15.9,15.9,15.9,15.9,15.9,15.9,15.9,15.9,15.9,12,15.9,15.9,15.9,15.9,15.9,15.9,15.9,15.8,15.9,11.9,15.9,15.9,15.9,15.9,15.9,15.9,15.9,15.8,15.9,11.8,15.9,15.9,15.9,15.9,15.9,15.9,15.9,15.9,15.9,12,15.9,15.9,15.9,15.9,15.9,15.9,15.9,15.9,15.9,11.9,15.9,15.9,15.9,15.9,15.9,15.9,15.9,15.9,15.9,11.9,15.9,15.9,15.9,15.9,15.8,15.9,15.9,15.9,15.9,11.9,15.9,15.9,15.9,15.9,15.9,15.9,15.9,15.9,15.9,12,15.9,15.9,15.9,15.9,15.9,15.9,11.9,11.9
0.000143,12,15.9,15.9,15.9,15.9,15.9,15.9,15.9,15.9,15.9,15.9,11.9,15.9,15.9,15.9,15.9,15.9,15.9,15.9,15.9,15.9,12,15.9,15.9,15.9,15.9,15.9,15.9,15.9,15.9,15.9,11.9,15.9,15.9,15.9,15.9,15.9,15.9,15.9,15.9,15.9,11.8,15.9,15.9,15.9,15.9,15.9,15.9,15.9,15.9,15.9,12,15.9,15.9,15.9,15.9,15.9,15.9,15.9,15.9,15.9,11.9,15.9,15.9,15.9,15.9,15.9,15.9,15.9,15.9,15.8,11.8,15.9,15.9,15.9,15.9,15.9,15.9,15.9,15.9,15.9,11.9,15.9,15.9,15.9,15.9,15.9,15.9,15.9,15.9,15.9,12,15.9,15.9,15.9,15.8,15.9,15.9,11.9,11.9
0.000144,11.9,15.9,15.9,15.9,15.9,15.9,15.9,15.8,15.9,15.9,15.9,11.9,15.9,15.9,15.9,15.9,15.9,15.9,15.9,15.9,15.9,12,15.9,15.9,15.8,15.9,15.9,15.9,15.9,15.9,15.9,11.9,15.9,15.8,15.9,15.9,15.9,15.9,15.9,15.9,15.9,11.8,15.9,15.9,15.9,15.9,15.9,15.9,15.9,15.9,15.9,12,15.9,15.9,15.9,15.9,15.9,15.9,15.9,15.9,15.9,11.9,15.9,15.9,15.9,15.9,15.9,15.9,15.9,15.9,15.9,11.7,15.9,15.9,15.8,15.9,15.9,15.9,15.9,15.9,15.9,11.9,15.9,15.9,15.9,15.9,15.9,15.9,15.9,15.9,15.9,11.9,15.9,15.9,15.9,15.9,15.9,15.9,11.9,11.9
0.000144,12,15.9,15.9,15.9,15.9,15.9,15.9,15.9,15.9,15.9,15.9,11.9,15.9,15.9,15.9,15.9,15.9,15.9,15.9,15.9,15.9,12,15.9,15.9,15.9,15.9,15.9,15.9,15.9,15.9,15.9,11.9,15.9,15.9,15.9,15.9,15.9,15.9,15.9,15.8,15.9,11.9,15.9,15.9,15.9,15.9,15.9,15.9,15.9,15.9,15.9,12,15.9,15.9,15.9,15.9,15.9,15.9,15.9,15.9,15.9,11.9,15.9,15.9,15.9,15.9,15.9,15.9,15.9,15.9,15.9,11.7,15.9,15.9,15.9,15.9,15.9,15.9,15.9,15.9,15.9,11.9,15.9,15.9,15.9,15.9,15.9,15.9,15.9,15.9,15.9,12,15.9,15.9,15.9,15.9,15.9,15.9,11.8,11.9
0.000144,12,15.9,15.9,15.9,15.9,15.9,15.9,15.9,15.9,15.9,15.9,11.9,15.9,15.9,15.9,15.9,15.9,15.9,15.9,15.9,15.9,12,15.9,15.9,15.9,15.9,15.9,15.9,15.9,15.9,15.9,11.9,15.9,15.9,15.9,15.9,15.8,15.9,15.9,15.9,15.9,11.9,15.9,15.9,15.9,15.9,15.9,15.9,15.9,15.8,15.9,12,15.9,15.9,15.9,15.9,15.9,15.9,15.9,15.9,15.9,11.9,15.9,15.9,15.9,15.9,15.9,15.9,15.9,15.9,15.9,11.8,15.9,15.9,15.9,15.9,15.9,15.9,15.9,15.9,15.9,12,15.9,15.9,15.9,15.9,15.9,15.9,15.9,15.9,15.9,11.9,15.8,15.9,15.9,15.9,15.9,15.9,11.8,11.9
0.000144,11.9,15.9,15.9,15.9,15.9,15.9,15.9,15.9,15.9,15.9,15.9,11.9,15.9,15.9,15.9,15.9,15.9,15.9,15.9,15.9,15.9,12,15.9,15.9,15.9,15.9,15.9,15.9,15.9,15.9,15.9,11.9,15.9,15.9,15.9,15.9,15.9,15.9,15.9,15.9,15.9,11.9,15.9,15.9,15.9,15.9,15.9,15.9,15.9,15.9,15.9,12,15.9,15.9,15.9,15.9,15.9,15.9,15.9,15.9,15.9,11.9,15.9,15.9,15.9,15.9,15.9,15.9,15.9,15.9,15.9,11.9,15.9,15.9,15.9,15.9,15.9,15.9,15.9,15.9,15.9,12,15.9,15.9,15.9,15.9,15.9,15.9,15.9,15.9,15.9,11.9,15.9,15.9,15.9,15.9,15.9,15.9,11.8,12
0.000144,11.9,15.9,15.9,15.9,15.9,15.9,15.9,15.9,15.9,15.9,15.9,11.8,15.9,15.9,15.9,15.9,15.9,15.9,15.9,15.9,15.9,12,15.9,15.9,15.9,15.9,15.9,15.9,15.9,15.9,15.9,11.9,15.9,15.9,15.9,15.9,15.9,15.9,15.9,15.9,15.9,11.9,15.9,15.9,15.9,15.9,15.9,15.9,15.9,15.9,15.9,11.9,15.9,15.9,15.9,15.9,15.9,15.9,15.9,15.9,15.9,11.9,15.9,15.9,15.9,15.9,15.9,15.9,15.9,15.9,15.9,11.9,15.9,15.9,15.9,15.9,15.9,15.9,15.9,15.9,15.8,11.9,15.9,15.9,15.9,15.9,15.9,15.9,15.9,15.9,15.9,11.9,15.9,15.9,15.9,15.9,15.9,15.9,11.8,12
0.000145,11.8,15.9,15.9,15.9,15.9,15.9,15.9,15.9,15.9,15.9,15.9,11.9,15.9,15.9,15.9,15.9,15.9,15.9,15.9,15.9,15.9,11.9,15.9,15.9,15.9,15.9,15.9,15.9,15.9,15.9,15.9,11.8,15.9,15.9,15.9,15.9,15.9,15.9,15.9,15.9,15.9,11.9,15.9,15.9,15.9,15.9,15.9,15.9,15.9,15.9,15.9,11.9,15.9,15.9,15.9,15.9,15.9,15.9,15.9,15.9,15.9,11.9,15.9,15.9,15.9,15.9,15.9,15.9,15.9,15.9,15.9,12,15.9,15.9,15.9,15.9,15.9,15.9,15.9,15.9,15.9,12,15.9,15.9,15.9,15.9,15.9,15.9,15.9,15.9,15.9,11.9,15.9,15.9,15.9,15.9,15.9,15.9,11.8,11.9
0.000145,11.8,15.9,15.8,15.9,15.9,15.9,15.9,15.9,15.9,15.9,15.9,11.8,15.9,15.9,15.9,15.9,15.9,15.9,15.9,15.9,15.9,11.9,15.9,15.9,15.8,15.9,15.9,15.9,15.9,15.9,15.9,11.9,15.9,15.9,15.9,15.9,15.9,15.9,15.9,15.9,15.9,11.9,15.9,15.9,15.9,15.9,15.9,15.9,15.8,15.9,15.9,11.9,15.9,15.9,15.9,15.8,15.9,15.9,15.9,15.9,15.9,11.9,15.9,15.9,15.9,15.9,15.9,15.9,15.9,15.9,15.9,12,15.9,15.9,15.9,15.9,15.9,15.9,15.9,15.9,15.9,11.9,15.9,15.9,15.9,15.9,15.9,15.9,15.9,15.9,15.9,12,15.9,15.9,15.9,15.9,15.9,15.9,11.8,11.9
0.000145,11.8,15.9,15.9,15.9,15.9,15.9,15.9,15.9,15.9,15.9,15.9,11.9,15.9,15.9,15.9,15.9,15.9,15.9,15.9,15.9,15.9,11.9,15.9,15.9,15.9,15.9,15.9,15.9,15.9,15.9,15.9,11.9,15.9,15.9,15.9,15.9,15.9,15.9,15.9,15.9,15.9,11.9,15.9,15.9,15.9,15.9,15.9,15.9,15.9,15.9,15.9,11.9,15.9,15.9,15.9,15.9,15.9,15.9,15.9,15.9,15.8,11.9,15.9,15.9,15.9,15.9,15.9,15.9,15.9,15.9,15.9,12,15.9,15.9,15.9,15.9,15.9,15.9,15.9,15.9,15.9,11.9,15.9,15.9,15.9,15.9,15.9,15.9,15.9,15.9,15.9,11.9,15.9,15.9,15.9,15.9,15.9,15.9,11.8,11.9
0.000145,11.8,15.9,15.9,15.9,15.9,15.9,15.9,15.9,15.9,15.9,15.9,11.9,15.9,15.9,15.9,15.9,15.9,15.9,15.9,15.9,15.9,12,15.9,15.9,15.9,15.9,15.9,15.9,15.9,15.9,15.9,11.9,15.9,15.9,15.9,15.9,15.9,15.9,15.9,15.9,15.9,11.8,15.9,15.9,15.9,15.9,15.9,15.9,15.9,15.9,15.9,11.9,15.9,15.9,15.9,15.9,15.9,15.9,15.9,15.9,15.9,11.9,15.9,15.9,15.9,15.9,15.9,15.9,15.9,15.9,15.9,11.9,15.9,15.9,15.9,15.9,15.9,15.9,15.9,15.9,15.9,12,15.9,15.9,15.9,15.9,15.9,15.9,15.9,15.9,15.9,11.9,15.9,15.9,15.9,15.9,15.9,15.9,11.8,11.9
0.000145,11.8,15.9,15.9,15.9,15.9,15.9,15.9,15.9,15.9,15.9,15.8,11.9,15.9,15.9,15.9,15.9,15.9,15.9,15.9,15.9,15.9,12,15.9,15.9,15.9,15.9,15.9,15.9,15.9,15.9,15.9,11.9,15.9,15.9,15.9,15.9,15.9,15.9,15.9,15.9,15.9,11.9,15.9,15.9,15.9,15.9,15.9,15.9,15.9,15.9,15.9,11.9,15.9,15.9,15.9,15.9,15.9,15.9,15.9,15.9,15.9,11.9,15.9,15.9,15.9,15.9,15.9,15.8,15.9,15.9,15.9,11.8,15.9,15.9,15.9,15.9,15.9,15.9,15.9,15.9,15.9,11.9,15.9,15.9,15.9,15.9,15.9,15.9,15.9,15.9,15.9,11.9,15.9,15.9,15.9,15.9,15.9,15.9,11.8,11.9
0.000146,11.9,15.9,15.9,15.9,15.9,15.8,15.9,15.8,15.9,15.9,15.9,11.8,15.9,15.9,15.9,15.9,15.9,15.9,15.9,15.9,15.9,12,15.9,15.9,15.8,15.9,15.9,15.9,15.9,15.9,15.9,11.9,15.9,15.9,15.9,15.9,15.9,15.9,15.9,15.9,15.9,11.9,15.9,15.9,15.9,15.9,15.9,15.9,15.9,15.9,15.9,11.9,15.9,15.9,15.9,15.9,15.9,15.9,15.9,15.9,15.9,11.9,15.9,15.9,15.9,15.9,15.9,15.9,15.9,15.9,15.9,11.7,15.9,15.9,15.9,15.9,15.9,15.9,15.9,15.9,15.9,11.9,15.8,15.9,15.9,15.9,15.9,15.9,15.9,15.9,15.9,11.9,15.9,15.9,15.9,15.9,15.8,15.9,11.7,11.9
0.000146,11.9,15.9,15.9,15.9,15.9,15.9,15.9,15.9,15.9,15.9,15.9,11.9,15.9,15.9,15.9,15.9,15.9,15.9,15.9,15.9,15.9,12,15.9,15.9,15.9,15.9,15.9,15.9,15.9,15.9,15.9,11.9,15.9,15.9,15.9,15.9,15.9,15.9,15.9,15.9,15.9,11.9,15.9,15.9,15.9,15.9,15.9,15.9,15.9,15.9,15.9,11.9,15.9,15.9,15.9,15.9,15.9,15.9,15.9,15.9,15.9,11.9,15.9,15.9,15.9,15.9,15.9,15.9,15.9,15.9,15.9,11.7,15.9,15.9,15.9,15.9,15.9,15.9,15.9,15.9,15.9,11.9,15.9,15.9,15.9,15.9,15.9,15.9,15.9,15.9,15.9,12,15.9,15.9,15.9,15.9,15.9,15.9,11.7,11.9
0.000146,12,15.9,15.9,15.9,15.9,15.9,15.8,15.9,15.9,15.8,15.9,11.9,15.9,15.9,15.9,15.9,15.9,15.9,15.9,15.9,15.9,11.9,15.9,15.9,15.9,15.9,15.9,15.9,15.9,15.9,15.9,11.8,15.9,15.9,15.9,15.9,15.9,15.9,15.9,15.9,15.9,11.9,15.9,15.9,15.9,15.9,15.9,15.9,15.9,15.9,15.9,11.9,15.9,15.9,15.9,15.9,15.9,15.9,15.9,15.9,15.9,11.9,15.9,15.9,15.9,15.9,15.9,15.9,15.9,15.9,15.9,11.7,15.9,15.9,15.9,15.9,15.9,15.9,15.9,15.9,15.9,11.9,15.9,15.9,15.9,15.9,15.9,15.9,15.9,15.9,15.9,11.9,15.9,15.9,15.9,15.9,15.9,15.9,11.8,11.9
0.000146,12,15.9,15.9,15.9,15.9,15.9,15.9,15.9,15.9,15.9,15.9,11.9,15.9,15.9,15.9,15.9,15.9,15.9,15.9,15.9,15.9,12,15.9,15.9,15.9,15.9,15.9,15.9,15.9,15.9,15.9,11.9,15.9,15.9,15.9,15.9,15.9,15.9,15.9,15.9,15.9,11.9,15.9,15.9,15.9,15.9,15.9,15.9,15.9,15.9,15.9,11.9,15.9,15.9,15.9,15.9,15.9,15.9,15.9,15.9,15.9,11.9,15.9,15.9,15.9,15.9,15.9,15.9,15.9,15.9,15.9,11.7,15.9,15.9,15.9,15.9,15.9,15.9,15.9,15.8,15.9,11.9,15.9,15.9,15.8,15.9,15.9,15.9,15.9,15.9,15.9,12,15.9,15.9,15.9,15.9,15.9,15.9,11.8,11.9
0.000146,12,15.9,15.9,15.8,15.9,15.9,15.9,15.9,15.8,15.9,15.9,11.9,15.9,15.9,15.9,15.9,15.9,15.9,15.9,15.9,15.9,11.9,15.9,15.9,15.9,15.9,15.9,15.9,15.9,15.9,15.9,11.9,15.9,15.9,15.9,15.9,15.9,15.9,15.9,15.9,15.9,11.9,15.9,15.9,15.9,15.9,15.9,15.9,15.9,15.9,15.9,11.9,15.9,15.9,15.9,15.9,15.9,15.9,15.9,15.9,15.9,11.9,15.9,15.9,15.9,15.9,15.9,15.8,15.9,15.9,15.9,11.8,15.8,15.9,15.9,15.9,15.9,15.9,15.9,15.9,15.9,11.9,15.9,15.9,15.9,15.9,15.9,15.9,15.9,15.9,15.9,12,15.9,15.9,15.9,15.9,15.9,15.9,11.8,11.9
0.000147,11.9,15.9,15.9,15.9,15.9,15.9,15.9,15.9,15.9,15.9,15.9,11.9,15.9,15.9,15.9,15.9,15.9,15.9,15.8,15.9,15.9,11.9,15.9,15.9,15.9,15.9,15.9,15.9,15.9,15.9,15.9,11.9,15.9,15.8,15.9,15.9,15.9,15.9,15.9,15.9,15.9,11.9,15.9,15.9,15.9,15.9,15.9,15.9,15.9,15.9,15.9,12,15.9,15.9,15.9,15.9,15.9,15.9,15.9,15.9,15.9,11.9,15.9,15.9,15.9,15.9,15.9,15.9,15.9,15.9,15.9,11.8,15.9,15.9,15.9,15.9,15.9,15.9,15.9,15.9,15.9,11.9,15.9,15.9,15.9,15.9,15.9,15.9,15.9,15.9,15.9,12,15.9,15.9,15.9,15.9,15.9,15.9,11.9,11.9
0.000147,11.9,15.9,15.9,15.9,15.9,15.9,15.9,15.9,15.9,15.9,15.9,11.9,15.9,15.9,15.9,15.9,15.9,15.9,15.9,15.9,15.9,12,15.9,15.9,15.9,15.9,15.9,15.9,15.9,15.9,15.9,11.9,15.9,15.9,15.9,15.9,15.9,15.9,15.9,15.9,15.9,11.9,15.9,15.9,15.9,15.9,15.9,15.9,15.9,15.9,15.9,11.9,15.9,15.9,15.9,15.9,15.9,15.9,15.9,15.9,15.9,11.9,15.9,15.9,15.9,15.9,15.9,15.9,15.9,15.9,15.9,12,15.9,15.9,15.9,15.9,15.9,15.9,15.9,15.9,15.9,11.9,15.9,15.9,15.9,15.9,15.9,15.9,15.9,15.9,15.9,12,15.9,15.9,15.9,15.9,15.9,15.9,11.9,11.9
0.000147,11.9,15.9,15.9,15.9,15.9,15.9,15.9,15.9,15.9,15.9,15.9,11.9,15.9,15.9,15.9,15.9,15.9,15.9,15.9,15.9,15.9,12,15.9,15.9,15.9,15.9,15.9,15.9,15.9,15.9,15.9,11.9,15.9,15.9,15.9,15.9,15.9,15.9,15.9,15.9,15.9,11.9,15.9,15.9,15.9,15.9,15.9,15.9,15.9,15.9,15.9,12,15.8,15.9,15.9,15.9,15.9,15.9,15.9,15.9,15.9,11.9,15.9,15.9,15.9,15.9,15.9,15.9,15.9,15.9,15.9,11.9,15.9,15.9,15.9,15.8,15.9,15.9,15.9,15.9,15.9,12,15.9,15.9,15.9,15.9,15.9,15.9,15.9,15.9,15.9,12,15.9,15.9,15.9,15.9,15.9,15.9,11.9,11.9
0.000147,11.8,15.9,15.9,15.9,15.9,15.9,15.9,15.9,15.9,15.9,15.9,11.8,15.9,15.9,15.9,15.8,15.9,15.9,15.9,15.9,15.9,12,15.9,15.9,15.9,15.9,15.9,15.9,15.9,15.9,15.9,11.9,15.9,15.9,15.9,15.9,15.9,15.9,15.9,15.9,15.9,11.9,15.9,15.9,15.9,15.9,15.9,15.9,15.9,15.9,15.9,11.9,15.9,15.9,15.9,15.9,15.9,15.9,15.9,15.9,15.9,11.9,15.9,15.9,15.9,15.9,15.9,15.9,15.9,15.9,15.9,11.9,15.9,15.9,15.9,15.8,15.9,15.9,15.9,15.9,15.9,11.9,15.9,15.9,15.9,15.9,15.9,15.9,15.9,15.9,15.9,12,15.9,15.9,15.9,15.9,15.9,15.9,11.9,11.9
0.000147,11.9,15.9,15.9,15.9,15.9,15.9,15.9,15.9,15.9,15.9,15.9,11.9,15.9,15.9,15.9,15.9,15.9,15.9,15.9,15.9,15.9,12,15.9,15.9,15.9,15.8,15.9,15.9,15.9,15.9,15.9,11.8,15.9,15.9,15.9,15.9,15.9,15.9,15.9,15.9,15.9,11.9,15.9,15.9,15.9,15.9,15.9,15.9,15.9,15.9,15.9,11.9,15.9,15.9,15.9,15.9,15.9,15.9,15.9,15.9,15.9,11.9,15.9,15.9,15.9,15.8,15.9,15.9,15.9,15.9,15.9,11.9,15.9,15.9,15.9,15.9,15.9,15.9,15.9,15.9,15.9,11.9,15.9,15.9,15.9,15.9,15.9,15.9,15.9,15.8,15.9,12,15.9,15.9,15.9,15.9,15.9,15.9,11.8,11.8
0.000148,11.8,15.9,15.9,15.9,15.9,15.9,15.9,15.9,15.9,15.9,15.9,11.8,15.9,15.9,15.9,15.9,15.9,15.9,15.9,15.9,15.9,12,15.9,15.9,15.9,15.9,15.9,15.9,15.9,15.9,15.9,11.8,15.9,15.9,15.9,15.9,15.9,15.9,15.9,15.9,15.9,11.8,15.9,15.9,15.9,15.9,15.9,15.9,15.9,15.9,15.9,11.9,15.9,15.9,15.9,15.9,15.9,15.9,15.9,15.9,15.9,11.9,15.9,15.9,15.9,15.9,15.9,15.9,15.9,15.9,15.9,11.9,15.9,15.9,15.9,15.9,15.9,15.9,15.9,15.9,15.9,11.9,15.9,15.9,15.9,15.9,15.9,15.9,15.9,15.9,15.9,12,15.9,15.9,15.9,15.9,15.9,15.9,11.9,11.8
0.000148,11.8,15.9,15.9,15.9,15.9,15.9,15.9,15.9,15.9,15.9,15.9,11.8,15.9,15.9,15.9,15.9,15.9,15.9,15.9,15.9,15.9,12,15.9,15.9,15.8,15.9,15.9,15.9,15.9,15.9,15.9,11.8,15.9,15.9,15.9,15.9,15.9,15.9,15.9,15.8,15.9,11.9,15.9,15.9,15.9,15.9,15.9,15.9,15.9,15.9,15.9,11.9,15.9,15.9,15.9,15.9,15.9,15.9,15.9,15.9,15.9,11.9,15.9,15.9,15.9,15.9,15.9,15.9,15.9,15.9,15.9,11.8,15.9,15.9,15.8,15.9,15.9,15.9,15.9,15.9,15.9,11.9,15.9,15.9,15.9,15.9,15.9,15.9,15.9,15.9,15.9,12,15.9,15.8,15.9,15.9,15.9,15.9,11.9,11.9
0.000148,11.9,15.9,15.8,15.9,15.9,15.9,15.9,15.9,15.9,15.9,15.9,11.9,15.9,15.9,15.9,15.9,15.9,15.9,15.9,15.9,15.9,12,15.9,15.9,15.9,15.9,15.9,15.9,15.9,15.9,15.9,11.9,15.9,15.9,15.9,15.9,15.9,15.9,15.9,15.9,15.9,11.9,15.9,15.9,15.9,15.9,15.9,15.9,15.9,15.8,15.9,11.9,15.9,15.9,15.9,15.9,15.9,15.9,15.9,15.9,15.9,11.9,15.9,15.9,15.8,15.9,15.9,15.9,15.9,15.9,15.9,11.8,15.9,15.9,15.9,15.9,15.9,15.9,15.9,15.9,15.9,11.9,15.9,15.9,15.9,15.9,15.9,15.9,15.9,15.9,15.9,12,15.9,15.9,15.9,15.9,15.9,15.9,12,11.9
0.000148,11.9,15.9,15.9,15.9,15.9,15.8,15.9,15.9,15.9,15.9,15.9,11.9,15.9,15.9,15.9,15.9,15.9,15.9,15.9,15.9,15.9,11.9,15.9,15.9,15.9,15.9,15.9,15.9,15.9,15.9,15.9,11.9,15.8,15.9,15.9,15.9,15.9,15.9,15.9,15.9,15.9,11.9,15.9,15.9,15.9,15.9,15.9,15.9,15.9,15.9,15.9,12,15.9,15.9,15.9,15.9,15.9,15.9,15.9,15.9,15.9,11.9,15.9,15.9,15.9,15.9,15.9,15.9,15.9,15.9,15.9,11.8,15.9,15.9,15.9,15.9,15.9,15.9,15.9,15.9,15.9,11.9,15.9,15.9,15.9,15.9,15.9,15.9,15.9,15.9,15.9,12,15.9,15.9,15.9,15.9,15.9,15.9,11.9,11.9
0.000148,11.9,15.9,15.9,15.9,15.9,15.9,15.9,15.9,15.9,15.9,15.9,12,15.9,15.9,15.8,15.9,15.9,15.9,15.9,15.9,15.9,11.9,15.9,15.9,15.9,15.9,15.9,15.9,15.9,15.9,15.9,11.8,15.9,15.9,15.9,15.9,15.9,15.9,15.9,15.9,15.9,12,15.9,15.9,15.9,15.9,15.9,15.9,15.9,15.9,15.9,11.9,15.9,15.9,15.9,15.9,15.9,15.9,15.9,15.9,15.9,11.9,15.9,15.9,15.9,15.9,15.9,15.9,15.9,15.9,15.9,11.8,15.9,15.9,15.9,15.9,15.9,15.9,15.9,15.9,15.9,11.9,15.9,15.9,15.9,15.9,15.9,15.9,15.9,15.9,15.9,12,15.9,15.9,15.9,15.9,15.9,15.9,11.8,11.9
0.000149,11.9,15.9,15.9,15.9,15.9,15.9,15.9,15.9,15.9,15.9,15.9,12,15.9,15.9,15.9,15.9,15.9,15.9,15.9,15.9,15.9,11.9,15.9,15.9,15.9,15.9,15.9,15.9,15.9,15.9,15.9,11.8,15.9,15.9,15.9,15.9,15.9,15.9,15.9,15.9,15.9,12,15.9,15.9,15.9,15.9,15.9,15.9,15.9,15.9,15.9,11.9,15.9,15.9,15.9,15.9,16,15.9,15.9,15.9,15.9,11.8,15.9,15.9,15.9,15.9,15.9,15.9,15.9,15.9,15.9,11.8,15.9,15.9,15.9,15.9,15.9,15.9,15.9,15.9,15.9,11.9,15.9,15.9,15.9,15.9,15.9,15.9,15.9,15.9,15.9,11.9,15.9,15.9,15.9,15.9,15.9,15.9,11.9,11.9
0.000149,11.9,15.9,15.9,15.9,15.9,15.9,15.9,15.9,15.9,15.9,15.9,12,15.9,15.9,15.9,15.9,15.9,15.9,15.9,15.9,15.9,12,15.9,15.9,15.9,15.9,15.9,15.9,15.9,15.9,15.9,11.8,15.9,15.9,15.9,15.9,15.9,15.9,15.9,15.9,15.9,12,15.9,15.9,15.9,15.9,15.9,15.8,15.9,15.9,15.9,11.9,15.9,15.9,15.9,15.9,15.9,15.9,15.9,15.9,15.9,11.8,15.9,15.9,15.9,15.9,15.9,15.9,15.9,15.9,15.9,11.9,15.9,15.9,15.9,15.9,15.9,15.9,15.9,15.9,15.9,11.9,15.9,15.9,15.9,15.9,15.9,15.9,15.9,15.9,15.9,11.9,15.9,15.9,15.8,15.9,15.9,15.9,11.8,11.9
0.000149,11.9,15.9,15.9,15.9,15.9,15.9,15.9,15.9,15.9,15.9,15.9,11.9,15.9,15.9,15.9,15.9,15.9,15.9,15.9,15.9,15.9,12,15.9,15.9,15.9,15.9,15.9,15.9,15.9,15.9,15.9,11.8,15.9,15.9,15.9,15.9,15.9,15.9,15.9,15.9,15.9,12,15.9,15.9,15.9,15.9,15.8,15.9,15.9,15.9,15.9,11.9,15.9,15.9,15.9,15.9,15.9,15.9,15.9,15.9,15.9,11.8,15.9,15.9,15.9,15.9,15.9,15.9,15.9,15.9,15.9,11.9,15.9,15.9,15.9,15.9,15.9,15.9,15.9,15.9,15.9,11.9,15.9,15.9,15.9,15.9,15.9,15.9,15.9,15.9,15.9,11.8,15.9,15.9,15.9,15.8,15.9,15.9,11.8,11.9
0.000149,11.9,15.9,15.9,15.9,15.8,15.9,15.9,15.9,15.9,15.9,15.9,11.9,15.9,15.9,15.9,15.9,15.9,15.9,15.9,15.9,15.9,12,15.9,15.9,15.9,15.9,15.9,15.9,15.9,15.9,15.9,11.9,15.9,15.9,15.9,15.9,15.8,15.9,15.9,15.9,15.9,11.9,15.9,15.9,15.9,15.9,15.9,15.9,15.9,15.9,15.9,12,15.9,15.8,15.9,15.9,15.9,15.9,15.9,15.9,15.9,11.8,15.9,15.9,15.9,15.9,15.9,15.9,15.9,15.9,15.9,11.9,15.9,15.9,15.9,15.9,15.9,15.8,15.9,15.9,15.9,11.9,15.9,15.9,15.9,15.9,15.9,15.9,15.9,15.9,15.9,11.8,15.9,15.9,15.9,15.9,15.8,15.9,11.8,11.9
0.000149,11.9,15.9,15.9,15.9,15.9,15.9,15.9,15.9,15.9,15.9,15.9,11.8,15.9,15.9,15.9,15.9,15.9,15.9,15.9,15.9,15.9,11.9,15.9,15.9,15.9,15.9,15.9,15.9,15.9,15.9,15.9,11.9,15.9,15.9,15.9,15.9,15.9,15.9,15.9,15.9,15.9,11.9,15.9,15.9,15.9,15.9,15.9,15.9,15.9,15.9,15.9,11.9,15.9,15.9,15.9,15.9,15.9,15.9,15.9,15.9,15.9,11.8,15.9,15.9,15.9,15.9,15.9,15.9,15.9,15.9,15.9,12,15.9,15.9,15.9,15.9,15.9,15.9,15.9,15.9,15.9,11.9,15.9,15.9,15.9,15.9,15.9,15.9,15.9,15.9,15.9,11.8,15.9,15.9,15.9,15.9,15.9,15.9,11.8,11.9
0.00015,11.9,15.9,15.9,15.9,15.9,15.9,15.9,15.9,15.9,15.9,15.9,11.9,15.9,15.9,15.9,15.9,15.9,15.9,15.9,15.9,15.9,11.9,15.9,15.9,15.9,15.9,15.9,15.9,15.9,15.9,15.9,11.9,15.9,15.9,15.9,15.9,15.9,15.9,15.9,15.9,15.9,11.8,15.9,15.9,15.9,15.9,15.9,15.9,15.9,15.9,15.9,12,15.9,15.9,15.9,15.9,15.9,15.9,15.9,15.9,15.9,11.9,15.9,15.9,15.9,15.9,15.9,15.9,15.9,15.9,15.9,12,15.9,15.9,15.9,15.9,15.9,15.9,15.9,15.8,15.9,11.9,15.9,15.9,15.9,15.9,15.9,15.9,15.9,15.9,15.9,11.8,15.9,15.9,15.9,15.9,15.9,15.9,11.8,11.9
0.00015,11.9,15.9,15.9,15.9,15.9,15.9,15.9,15.9,15.9,15.9,15.9,11.8,15.9,15.9,15.9,15.9,15.9,15.9,15.9,15.9,15.9,11.9,15.9,15.9,15.9,15.9,15.9,15.9,15.9,15.9,15.9,11.9,15.9,15.9,15.9,15.9,15.9,15.9,15.9,15.9,15.9,11.8,15.9,15.9,15.8,15.9,15.9,15.9,15.9,15.9,15.9,11.9,15.9,15.9,15.9,15.9,15.9,15.9,15.9,15.9,15.9,11.9,15.9,15.9,15.9,15.9,15.9,15.9,15.9,15.9,15.9,12,15.9,15.9,15.9,15.9,15.9,15.9,15.9,15.9,15.9,11.9,15.9,15.9,15.9,15.9,15.9,15.9,15.9,15.9,15.9,11.8,15.9,15.9,15.9,15.9,15.9,15.9,11.9,11.9
0.00015,11.8,15.9,15.9,15.9,15.9,15.9,15.9,15.9,15.9,15.9,15.9,11.8,15.9,15.9,15.9,15.9,15.9,15.9,15.9,15.9,15.9,12,15.9,15.9,15.9,15.9,15.9,15.9,15.9,15.9,15.9,11.9,15.9,15.9,15.9,15.9,15.9,15.9,15.9,15.9,15.9,11.7,15.8,15.9,15.9,15.9,15.9,15.9,15.9,15.9,15.9,11.9,15.9,15.9,15.9,15.9,15.9,15.9,15.9,15.9,15.9,11.9,15.9,15.9,15.9,15.9,15.9,15.9,15.9,15.9,15.9,11.9,15.9,15.9,15.9,15.9,15.9,15.9,15.9,15.9,15.9,11.9,15.9,15.9,15.9,15.9,15.9,15.9,15.9,15.9,15.9,11.8,15.9,15.9,15.9,15.9,15.9,15.9,11.8,11.9
0.00015,11.9,15.9,15.9,15.9,15.9,15.9,15.9,15.9,15.9,15.9,15.9,11.9,15.9,15.9,15.9,15.9,15.9,15.9,15.9,15.9,15.9,11.9,15.9,15.9,15.9,15.9,15.9,15.9,15.9,15.9,15.9,11.9,15.9,15.9,15.9,15.9,15.9,15.9,15.9,15.9,15.9,11.8,15.9,15.9,15.9,15.9,15.9,15.9,15.9,15.9,15.9,11.8,15.9,15.9,15.9,15.9,15.9,15.9,15.9,15.9,15.9,12,15.9,15.9,15.9,15.9,15.9,15.8,15.9,15.9,15.9,11.9,15.9,15.9,15.9,15.9,15.9,15.9,15.9,15.9,15.9,11.9,15.8,15.9,15.9,15.9,15.9,15.9,15.9,15.9,15.9,11.9,15.9,15.9,15.9,15.9,15.9,15.9,11.8,11.9
0.00015,11.9,15.9,15.9,15.9,15.8,15.9,15.9,15.9,15.9,15.9,15.9,11.9,15.9,15.9,15.9,15.9,15.9,15.9,15.9,15.9,15.9,11.9,15.9,15.8,15.8,15.9,15.9,15.9,15.9,15.9,15.9,11.9,15.9,15.9,15.9,15.9,15.9,15.9,15.9,15.9,15.9,11.7,15.9,15.9,15.9,15.9,15.9,15.9,15.9,15.9,15.9,11.9,15.9,15.9,15.9,15.9,15.9,15.9,15.9,15.9,15.9,12,15.9,15.9,15.9,15.9,15.9,15.9,15.9,15.9,15.9,11.8,15.9,15.9,15.9,15.9,15.9,15.9,15.9,15.9,15.9,11.9,15.9,15.9,15.9,15.9,15.9,15.9,15.9,15.9,15.9,11.8,15.9,15.9,15.9,15.9,15.9,15.9,11.9,11.9
0.000151,11.9,15.9,15.9,15.9,15.9,15.9,15.9,15.9,15.9,15.9,15.9,11.9,15.9,15.9,15.9,15.9,15.9,15.9,15.9,15.9,15.9,12,15.9,15.9,15.9,15.9,15.9,15.9,15.9,15.9,15.9,11.9,15.9,15.9,15.9,15.9,15.9,15.9,15.9,15.9,15.9,11.8,15.9,15.9,15.9,15.9,15.9,15.9,15.9,15.9,15.9,12,15.9,15.9,15.9,15.9,15.9,15.9,15.9,15.9,15.9,12,15.9,15.9,15.9,15.9,15.9,15.9,15.9,15.9,15.9,11.7,15.9,15.9,15.9,15.9,15.9,15.9,15.9,15.9,15.9,11.9,15.9,15.9,15.9,15.9,15.9,15.9,15.9,15.9,15.8,11.9,15.9,15.9,15.9,15.9,15.9,15.9,11.8,11.8
0.000151,11.8,15.9,15.9,15.9,15.9,15.9,15.9,15.9,15.9,15.9,15.9,11.9,15.9,15.9,15.9,15.9,15.9,15.9,15.9,15.9,15.9,12,15.9,15.9,15.9,15.9,15.9,15.8,15.9,15.9,15.9,11.8,15.9,15.9,15.8,15.9,15.9,15.9,15.9,15.9,15.9,11.8,15.9,15.9,15.9,15.9,15.9,15.9,15.9,15.9,15.9,12,15.9,15.9,15.9,15.9,15.9,15.9,15.9,15.9,15.9,12,15.9,15.9,15.9,15.9,15.9,15.9,15.9,15.9,15.9,11.7,15.9,15.9,15.9,15.9,15.9,15.9,15.9,15.9,15.9,11.9,15.8,15.9,15.9,15.9,15.9,15.9,15.9,15.9,15.9,11.9,15.9,15.9,15.9,15.9,15.9,15.9,11.8,11.9
0.000151,11.8,15.9,15.9,15.9,15.9,15.9,15.9,15.9,15.9,15.9,15.9,12,15.9,15.9,15.9,15.9,15.9,15.9,15.9,15.9,15.9,12,15.9,15.9,15.9,15.9,15.9,15.9,15.9,15.9,15.9,11.9,15.9,15.9,15.9,15.9,15.9,15.9,15.9,15.9,15.9,11.8,15.9,15.9,15.9,15.9,15.9,15.9,15.9,15.9,15.9,12,15.9,15.9,15.9,15.9,15.8,15.9,15.9,15.9,15.9,11.9,15.8,15.9,15.9,15.9,15.9,15.9,15.9,15.9,15.9,11.7,15.9,15.9,15.9,15.9,15.9,15.9,15.9,15.9,15.9,11.8,15.9,15.9,15.9,15.9,15.9,15.9,15.9,15.9,15.9,11.9,15.9,15.9,15.9,15.9,15.9,15.9,11.9,11.9
0.000151,11.9,15.8,15.9,15.9,15.9,15.9,15.9,15.9,15.9,15.9,15.9,11.9,15.9,15.9,15.9,15.9,15.9,15.9,15.9,15.9,15.9,12,15.9,15.9,15.9,15.9,15.9,15.9,15.9,15.9,15.9,11.9,15.9,15.9,15.9,15.9,15.9,15.9,15.9,15.9,15.9,11.9,15.9,15.9,15.9,15.9,15.9,15.9,15.9,15.9,15.9,12,15.9,15.9,15.9,15.9,15.9,15.9,15.9,15.9,15.9,11.9,15.9,15.9,15.9,15.9,15.9,15.9,15.9,15.9,15.9,11.7,15.9,15.8,15.9,15.9,15.9,15.9,15.9,15.9,15.9,11.8,15.9,15.9,15.9,15.9,15.9,15.9,15.9,15.9,15.9,11.9,15.9,15.9,15.9,15.9,15.9,15.9,11.9,11.9
0.000151,11.9,15.9,15.9,15.9,15.9,15.9,15.9,15.9,15.9,15.9,15.9,12,15.8,15.9,15.9,15.9,15.9,15.9,15.8,15.9,15.9,12,15.9,15.9,15.9,15.9,15.9,15.9,15.9,15.9,15.9,11.9,15.9,15.9,15.9,15.9,15.9,15.9,15.9,15.9,15.9,11.9,15.9,15.9,15.9,15.9,15.9,15.8,15.9,15.9,15.9,12,15.9,15.9,15.9,15.8,15.9,15.9,15.9,15.9,15.9,11.9,15.9,15.9,15.9,15.9,15.9,15.9,15.9,15.9,15.9,11.7,15.9,15.9,15.9,15.9,15.9,15.9,15.9,15.9,15.9,11.8,15.9,15.8,15.9,15.9,15.9,15.9,15.9,15.9,15.9,12,15.9,15.9,15.9,15.9,15.9,15.9,11.9,12
0.000152,11.9,15.9,15.9,15.9,15.9,15.9,15.9,15.9,15.9,15.9,15.9,11.9,15.9,15.9,15.8,15.9,15.9,15.9,15.9,15.9,15.9,12,15.9,15.9,15.9,15.9,15.9,15.9,15.9,15.9,15.9,11.8,15.9,15.9,15.9,15.9,15.9,15.9,15.9,15.9,15.9,11.9,15.9,15.9,15.9,15.8,15.9,15.9,15.8,15.9,15.9,11.9,15.9,15.9,15.9,15.9,15.9,15.9,15.9,15.9,15.9,11.8,15.9,15.9,15.9,15.9,15.9,15.9,15.9,15.9,15.9,11.7,15.9,15.9,15.9,15.9,15.9,15.9,15.9,15.9,15.9,11.8,15.9,15.9,15.9,15.9,15.9,15.9,15.9,15.9,15.9,11.9,15.9,15.9,15.9,15.9,15.9,15.9,11.8,12
0.000152,12,15.9,15.9,15.9,15.9,15.9,15.9,15.9,15.9,15.9,15.9,11.9,15.9,15.9,15.9,15.9,15.9,15.9,15.9,15.9,15.9,12,15.9,15.9,15.9,15.9,15.9,15.9,15.9,15.9,15.9,11.9,15.9,15.9,15.9,15.9,15.9,15.9,15.9,15.9,15.9,11.9,15.9,15.9,15.9,15.9,15.9,15.9,15.9,15.9,15.9,11.9,15.9,15.9,15.9,15.9,15.9,15.9,15.9,15.9,15.9,11.8,15.9,15.9,15.8,15.9,15.9,15.9,15.9,15.9,15.9,11.7,15.9,15.9,15.9,15.8,15.9,15.9,15.9,15.9,15.9,11.8,15.9,15.9,15.9,15.9,15.9,15.9,15.9,15.9,15.9,11.9,15.9,15.9,15.9,15.9,15.9,15.8,11.9,12
0.000152,12,15.9,15.9,15.9,15.9,15.9,15.9,15.9,15.9,15.9,15.9,11.9,15.9,15.9,15.8,15.9,15.9,15.9,15.9,15.9,15.9,12,15.9,15.9,15.9,15.9,15.9,15.9,15.9,15.9,15.9,11.9,15.9,15.9,15.9,15.9,15.9,15.9,15.9,15.9,15.9,11.9,15.9,15.9,15.9,15.9,15.9,15.9,15.9,15.9,15.9,11.8,15.9,15.9,15.9,15.9,15.9,15.9,15.9,15.9,15.9,11.9,15.9,15.9,15.9,15.9,15.9,15.9,15.9,15.9,15.9,11.8,15.9,15.9,15.9,15.9,15.9,15.9,15.9,15.9,15.9,11.8,15.9,15.9,15.9,15.9,15.9,15.9,15.9,15.9,15.9,11.8,15.9,15.9,15.9,15.8,15.9,15.9,11.8,11.9
0.000152,12,15.8,15.9,15.9,15.9,15.9,15.9,15.9,15.9,15.9,15.9,11.9,15.9,15.9,15.9,15.9,15.9,15.9,15.9,15.9,15.9,12,15.9,15.9,15.9,15.9,15.9,15.9,15.9,15.9,15.9,11.9,15.9,15.9,15.9,15.9,15.9,15.9,15.9,15.9,15.9,11.9,15.9,15.9,15.9,15.9,15.8,15.9,15.9,15.9,15.8,11.8,15.8,15.9,15.9,15.9,15.9,15.9,15.9,15.9,15.9,11.9,15.9,15.9,15.9,15.9,15.9,15.9,15.9,15.9,15.9,11.8,15.9,15.9,15.9,15.9,15.9,15.9,15.9,15.9,15.9,11.9,15.9,15.9,15.9,15.9,15.9,15.9,15.9,15.9,15.9,11.9,15.9,15.9,15.9,15.9,15.9,15.9,11.8,11.9
0.000152,11.9,15.9,15.9,15.9,15.9,15.9,15.9,15.9,15.9,15.9,15.9,11.9,15.9,15.9,15.9,15.9,15.9,15.9,15.9,15.9,15.9,12.1,15.9,15.9,15.9,15.9,15.9,15.9,15.9,15.9,15.9,11.9,15.9,15.9,15.9,15.9,15.9,15.9,15.9,15.9,15.9,11.7,15.9,15.9,15.9,15.9,15.9,15.9,15.8,15.9,15.9,11.8,15.9,15.9,15.9,15.9,15.9,15.9,15.9,15.9,15.9,11.9,15.9,15.9,15.9,15.9,15.9,15.9,15.9,15.9,15.9,11.8,15.9,15.9,15.9,15.9,15.9,15.9,15.9,15.9,15.9,12,15.9,15.9,15.9,15.9,15.9,15.9,15.9,15.8,15.9,11.9,15.9,15.9,15.9,15.9,15.9,15.9,11.8,11.8
0.000153,11.9,15.9,15.9,15.9,15.9,15.9,15.9,15.9,15.9,15.9,15.9,11.8,15.9,15.9,15.9,15.9,15.9,15.9,15.9,15.9,15.9,12,15.9,15.9,15.9,15.9,15.9,15.9,15.9,15.9,15.9,11.9,15.8,15.9,15.9,15.9,15.9,15.9,15.9,15.9,15.9,11.7,15.9,15.9,15.9,15.9,15.9,15.9,15.9,15.9,15.9,11.8,15.9,15.9,15.9,15.9,15.9,15.9,15.9,15.9,15.9,11.9,15.9,15.9,15.9,15.9,15.9,15.9,15.9,15.9,15.9,11.9,15.9,15.9,15.9,15.9,15.9,15.9,15.9,15.9,15.9,12,15.9,15.9,15.9,15.9,15.9,15.9,15.9,15.9,15.9,11.9,15.9,15.9,15.9,15.9,15.9,15.9,11.8,11.8
0.000153,11.9,15.9,15.9,15.9,15.9,15.9,15.9,15.9,15.8,15.9,15.9,11.9,15.9,15.9,15.9,15.9,15.9,15.9,15.9,15.9,15.9,12,15.9,15.9,15.8,15.9,15.9,15.9,15.9,15.9,15.9,11.8,15.9,15.9,15.9,15.9,15.9,15.9,15.9,15.9,15.9,11.7,15.9,15.9,15.9,15.9,15.9,15.9,15.9,15.9,15.9,11.9,15.9,15.9,15.9,15.9,15.9,15.9,15.9,15.9,15.9,11.9,15.9,15.9,15.9,15.9,15.9,15.9,15.9,15.9,15.9,11.8,15.9,15.9,15.9,15.9,15.9,15.9,15.9,15.9,15.9,12,15.9,15.9,15.9,15.9,15.9,15.9,15.9,15.9,15.9,11.8,15.9,15.9,15.9,15.9,15.9,15.9,11.8,11.7
0.000153,11.9,15.9,15.9,15.9,15.9,15.9,15.9,15.9,15.9,15.9,15.9,11.9,15.9,15.9,15.9,15.9,15.9,15.9,15.9,15.9,15.9,11.9,15.9,15.9,15.9,15.9,15.9,15.9,15.9,15.9,15.9,11.9,15.9,15.9,15.9,15.9,15.9,15.9,15.9,15.9,15.9,11.7,15.9,15.9,15.9,15.9,15.9,15.9,15.9,15.9,15.9,11.9,15.9,15.9,15.9,15.9,15.9,15.9,15.9,15.9,15.9,12,15.8,15.9,15.9,15.9,15.9,15.9,15.9,15.9,15.9,11.8,15.9,15.9,15.9,15.9,15.9,15.9,15.9,15.9,15.9,12,15.9,15.9,15.9,15.9,15.9,15.9,15.9,15.9,15.9,11.9,15.9,15.9,15.9,15.9,15.9,15.9,11.8,11.8
0.000153,11.8,15.9,15.9,15.9,15.9,15.9,15.9,15.9,15.9,15.9,15.9,11.9,15.9,15.9,15.9,15.9,15.9,15.9,15.9,15.9,15.9,11.9,15.9,15.9,15.9,15.9,15.9,15.9,15.9,15.9,15.9,11.8,15.9,15.9,15.9,15.9,15.9,15.9,15.9,15.9,15.9,11.8,15.9,15.9,15.9,15.9,15.9,15.9,15.9,15.9,15.9,12,15.9,15.9,15.9,15.9,15.9,15.9,15.9,15.9,15.9,11.9,15.9,15.9,15.9,15.9,15.9,15.9,15.8,15.9,15.9,11.8,15.9,15.9,15.9,15.9,15.9,15.9,15.9,15.9,15.9,12,15.9,15.9,15.9,15.9,15.9,15.9,15.9,15.9,15.9,11.9,15.9,15.9,15.9,15.8,15.9,15.9,11.9,11.8
0.000153,11.8,15.9,15.9,15.8,15.9,15.9,15.9,15.9,15.9,15.9,15.9,11.9,15.9,15.9,15.9,15.9,15.9,15.9,15.9,15.9,15.9,11.8,15.9,15.9,15.9,15.9,15.9,15.9,15.9,15.9,15.9,11.8,15.9,15.9,15.9,15.9,15.9,15.9,15.9,15.9,15.9,11.8,15.9,15.9,15.9,15.9,15.9,15.9,15.9,15.9,15.9,12,15.9,15.9,15.9,15.9,15.9,15.9,15.9,15.9,15.9,11.9,15.9,15.9,15.8,15.9,15.9,15.9,15.9,15.9,15.9,11.8,15.9,15.9,15.9,15.9,15.9,15.9,15.8,15.9,15.9,12,15.9,15.9,15.9,15.9,15.9,15.9,15.9,15.9,15.9,11.9,15.9,15.9,15.9,15.9,15.9,15.9,11.8,11.8
0.000154,11.8,15.9,15.9,15.9,15.9,15.9,15.9,15.9,15.9,15.9,15.9,11.9,15.9,15.9,15.9,15.9,15.9,15.8,15.9,15.9,15.9,11.8,15.9,15.9,15.9,15.9,15.9,15.9,15.9,15.9,15.9,11.8,15.9,15.9,15.9,15.9,15.9,15.9,15.9,15.9,15.9,11.9,15.9,15.9,15.9,15.9,15.9,15.9,15.9,15.9,15.9,12,15.9,15.9,15.9,15.9,15.9,15.9,15.9,15.9,15.8,11.9,15.9,15.9,15.9,15.9,15.9,15.9,15.9,15.9,15.9,11.8,15.9,15.9,15.9,15.8,15.9,15.9,15.9,15.9,15.9,11.9,15.9,15.9,15.9,15.9,15.9,15.9,15.9,15.9,15.9,11.9,15.9,15.9,15.9,15.9,15.9,15.9,11.9,11.8
0.000154,11.8,15.9,15.9,15.9,15.9,15.9,15.9,15.9,15.9,15.9,15.9,11.9,15.9,15.9,15.9,15.9,15.9,15.9,15.9,15.9,15.9,11.8,15.9,15.9,15.9,15.9,15.9,15.9,15.9,15.9,15.9,11.8,15.9,15.9,15.9,15.9,15.9,15.9,15.9,15.9,15.9,11.9,15.9,15.9,15.9,15.9,15.9,15.9,15.9,15.9,15.9,12,15.9,15.9,15.9,15.9,15.9,15.9,15.9,15.9,15.9,11.9,15.9,15.9,15.9,15.9,15.9,15.9,15.9,15.9,15.9,11.8,15.9,15.9,15.9,15.9,15.9,15.9,15.9,15.9,15.9,11.8,15.9,15.9,15.9,15.9,15.9,15.9,15.9,15.9,15.9,12,15.9,15.9,15.9,15.9,15.9,15.9,11.9,11.9
0.000154,11.9,15.9,15.9,15.9,15.9,15.9,15.9,15.9,15.9,15.9,15.9,11.9,15.9,15.9,15.8,15.9,15.9,15.9,15.9,15.9,15.9,11.9,15.9,15.9,15.9,15.9,15.9,15.9,15.9,15.9,15.9,11.8,15.9,15.9,15.9,15.9,15.9,15.9,15.9,15.9,15.9,12,15.9,15.9,15.9,15.9,15.9,15.9,15.9,15.9,15.9,11.9,15.9,15.9,15.9,15.9,15.9,15.9,15.9,15.9,15.9,11.9,15.9,15.9,15.9,15.9,15.9,15.9,15.9,15.9,15.9,11.8,15.9,15.9,15.9,15.9,15.9,15.8,15.9,15.9,15.9,11.8,15.9,15.9,15.9,15.9,15.9,15.9,15.9,15.9,15.9,12,15.9,15.9,15.9,15.9,15.9,15.8,11.8,11.9
0.000154,11.9,15.9,15.9,15.9,15.9,15.9,15.9,15.9,15.9,15.9,15.9,12,15.9,15.9,15.9,15.9,15.9,15.9,15.9,15.9,15.9,11.9,15.9,15.9,15.8,15.9,15.9,15.9,15.9,15.9,15.9,11.8,15.9,15.9,15.9,15.9,15.8,15.9,15.9,15.9,15.9,12,15.9,15.9,15.9,15.9,15.9,15.9,15.9,15.9,15.8,11.9,15.9,15.9,15.9,15.9,15.9,15.9,15.9,15.9,15.9,11.9,15.9,15.9,15.9,15.9,15.9,15.9,15.9,15.9,15.9,11.8,15.9,15.9,15.9,15.9,15.9,15.9,15.9,15.9,15.9,11.8,15.9,15.9,15.9,15.9,15.9,15.9,15.9,15.9,15.9,12,15.9,15.9,15.9,15.9,15.9,15.9,11.8,12
0.000154,11.9,15.9,15.9,15.9,15.9,15.9,15.9,15.9,15.9,15.9,15.9,11.9,15.9,15.9,15.9,15.9,15.9,15.9,15.9,15.9,15.9,12,15.9,15.9,15.9,15.9,15.9,15.9,15.9,15.9,15.9,11.8,15.9,15.9,15.9,15.9,15.9,15.9,15.9,15.9,15.9,12,15.9,15.9,15.9,15.9,15.9,15.9,15.9,15.9,15.9,12,15.9,15.9,15.9,15.9,15.9,15.9,15.9,15.9,15.9,11.9,15.9,15.8,15.9,15.9,15.9,15.9,15.9,15.9,15.9,11.8,15.9,15.9,15.9,15.9,15.9,15.9,15.8,15.9,15.9,11.8,15.9,15.9,15.9,15.9,15.9,15.9,15.9,15.9,15.9,12,15.9,15.9,15.9,15.9,15.9,15.9,11.9,12
0.000155,11.9,15.9,15.9,15.9,15.9,15.9,15.9,15.9,15.9,15.9,15.9,11.9,15.9,15.9,15.9,15.9,15.9,15.9,15.9,15.9,15.9,12,15.9,15.9,15.9,15.9,15.9,15.9,15.9,15.9,15.9,11.8,15.9,15.9,15.9,15.9,15.9,15.9,15.9,15.9,15.9,11.9,15.9,15.9,15.9,15.9,15.9,15.9,15.8,15.9,15.9,11.9,15.9,15.9,15.9,15.9,15.9,15.9,15.9,15.9,15.9,11.9,15.9,15.9,15.9,15.9,15.9,15.8,15.9,15.9,15.9,11.8,15.9,15.9,15.9,15.9,15.9,15.9,15.9,15.9,15.9,11.9,15.9,15.9,15.9,15.9,15.9,15.9,15.9,15.9,15.9,11.9,15.9,15.9,15.9,15.9,15.9,15.9,11.9,12
0.000155,12,15.9,15.9,15.9,15.9,15.9,15.8,15.9,15.9,15.9,15.9,11.9,15.9,15.9,15.9,15.9,15.9,15.9,15.9,15.9,15.9,12,15.9,15.9,15.9,15.9,15.9,15.9,15.9,15.9,15.9,11.9,15.9,15.9,15.9,15.9,15.9,15.9,15.9,15.9,15.9,11.9,15.9,15.9,15.9,15.9,15.9,15.9,15.9,15.9,15.9,11.9,15.9,15.9,15.9,15.9,15.9,15.9,15.9,15.9,15.9,11.9,15.9,15.9,15.9,15.9,15.9,15.9,15.9,15.9,15.9,11.9,15.9,15.9,15.9,15.9,15.9,15.9,15.9,15.9,15.9,11.9,15.9,15.9,15.9,15.9,15.9,15.9,15.9,15.9,15.9,11.9,15.9,15.9,15.9,15.9,15.9,15.9,11.9,12
0.000155,11.9,15.9,15.9,15.9,15.9,15.8,15.9,15.9,15.9,15.8,15.9,11.9,15.9,15.9,15.9,15.9,15.9,15.9,15.9,15.9,15.9,12,15.9,15.9,15.9,15.9,15.9,15.9,15.9,15.9,15.9,11.9,15.9,15.9,15.9,15.9,15.9,15.9,15.9,15.9,15.9,11.8,15.9,15.9,15.9,15.9,15.9,15.9,15.9,15.9,15.9,11.9,15.9,15.9,15.9,15.9,15.9,15.9,15.9,15.9,15.9,11.9,15.9,15.9,15.9,15.9,15.9,15.9,15.9,15.9,15.9,11.9,15.9,15.9,15.9,15.9,15.9,15.9,15.9,15.9,15.9,12,15.9,15.9,15.9,15.9,15.9,15.9,15.9,15.9,15.8,11.9,15.9,15.9,15.9,15.9,15.9,15.9,11.9,11.9
0.000155,11.9,15.9,15.9,15.9,15.9,15.9,15.9,15.9,15.9,15.9,15.9,11.9,15.9,15.9,15.9,15.9,15.9,15.9,15.9,15.9,15.9,11.9,15.8,15.9,15.9,15.9,15.9,15.9,15.9,15.9,15.9,11.9,15.9,15.9,15.9,15.9,15.9,15.9,15.9,15.9,15.9,11.8,15.9,15.9,15.9,15.9,15.9,15.9,15.9,15.9,15.9,11.9,15.9,15.9,15.9,15.9,15.9,15.9,15.9,15.9,15.9,11.9,15.9,15.9,15.9,15.9,15.9,15.9,15.9,15.9,15.9,11.9,15.9,15.9,15.9,15.9,15.9,15.9,15.9,15.9,15.9,12,15.9,15.9,15.9,15.9,15.9,15.8,15.9,15.9,15.9,11.9,15.9,15.9,15.9,15.8,15.9,15.9,11.9,11.9
0.000155,11.9,15.9,15.9,15.9,15.9,15.9,15.9,15.9,15.9,15.9,15.9,11.9,15.9,15.9,15.9,15.9,15.9,15.9,15.9,15.9,15.9,11.8,15.9,15.9,15.9,15.9,15.9,15.9,15.9,15.9,15.9,12,15.9,15.9,15.9,15.9,15.9,15.9,15.9,15.9,15.9,11.8,15.9,15.9,15.9,15.9,15.9,15.9,15.9,15.9,15.9,11.9,15.9,15.9,15.9,15.9,15.9,15.9,15.9,15.9,15.9,11.8,15.9,15.9,15.9,15.9,15.9,15.9,15.9,15.9,15.9,11.9,15.9,15.9,15.9,15.9,15.9,15.9,15.9,15.9,15.9,12,15.9,15.9,15.9,15.9,15.9,15.9,15.9,15.9,15.9,11.9,15.9,15.9,15.9,15.9,15.9,15.9,11.9,11.9
0.000156,11.8,15.9,15.9,15.9,15.9,15.9,15.9,15.9,15.9,15.9,15.9,11.9,15.9,15.9,15.9,15.9,15.9,15.9,15.9,15.9,15.9,11.8,15.9,15.9,15.9,15.9,15.9,15.9,15.9,15.9,15.9,11.9,15.9,15.9,15.9,15.8,15.9,15.9,15.9,15.9,15.9,11.8,15.9,15.9,15.9,15.9,15.8,15.9,15.9,15.9,15.9,11.9,15.9,15.9,15.9,15.9,15.9,15.9,15.9,15.9,15.9,11.9,15.9,15.9,15.9,15.9,15.9,15.9,15.9,15.9,15.9,11.9,15.9,15.9,15.9,15.9,15.9,15.9,15.9,15.9,15.8,12,15.9,15.9,15.9,15.9,15.9,15.9,15.9,15.9,15.9,11.9,15.9,15.9,15.9,15.9,15.8,15.9,11.9,11.8
0.000156,11.8,15.9,15.9,15.9,15.9,15.9,15.9,15.9,15.9,15.9,15.9,11.9,15.9,15.9,15.9,15.9,15.9,15.9,15.9,15.9,15.9,11.8,15.9,15.9,15.9,15.9,15.9,15.9,15.9,15.9,15.9,11.9,15.9,15.9,15.9,15.9,15.9,15.9,15.9,15.9,15.9,11.8,15.9,15.9,15.9,15.9,15.9,15.9,15.9,15.9,15.9,11.9,15.9,15.9,15.9,15.9,15.8,15.9,15.9,15.9,15.9,11.9,15.8,15.9,15.8,15.9,15.9,15.9,15.9,15.9,15.9,11.9,15.9,15.9,15.9,15.9,15.9,15.9,15.9,15.9,15.9,12,15.9,15.9,15.9,15.9,15.9,15.9,15.9,15.9,15.9,11.9,15.9,15.9,15.9,15.9,15.9,15.9,11.8,11.8
0.000156,11.9,15.9,15.9,15.9,15.9,15.9,15.9,15.9,15.9,15.9,15.9,11.9,15.9,15.9,15.9,15.9,15.9,15.9,15.9,15.9,15.9,11.8,15.9,15.9,15.9,15.9,15.9,15.9,15.9,15.9,15.9,11.9,15.9,15.9,15.9,15.9,15.9,15.9,15.9,15.9,15.9,11.8,15.9,15.8,15.9,15.9,15.9,15.9,15.9,15.9,15.9,11.9,15.9,15.9,15.9,15.9,15.9,15.9,15.9,15.9,15.9,11.9,15.9,15.9,15.9,15.9,15.9,15.9,15.9,15.8,15.9,11.8,15.9,15.9,15.9,15.9,15.9,15.9,15.9,15.9,15.9,11.9,15.9,15.9,15.9,15.9,15.9,15.9,15.9,15.9,15.9,11.9,15.9,15.9,15.9,15.9,15.9,15.9,11.9,11.8
0.000156,11.9,15.9,15.9,15.9,15.9,15.9,15.9,15.9,15.9,15.9,15.9,11.9,15.9,15.9,15.9,15.9,15.9,15.9,15.9,15.9,15.9,11.9,15.9,15.9,15.9,15.9,15.9,15.9,15.9,15.9,15.9,11.8,15.9,15.9,15.9,15.9,15.9,15.9,15.9,15.9,15.9,11.8,15.9,15.9,15.9,15.9,15.9,15.9,15.9,15.8,15.9,11.9,15.9,15.8,15.9,15.9,15.9,15.9,15.9,15.9,15.9,11.8,15.9,15.8,15.9,15.9,15.9,15.9,15.9,15.9,15.9,11.8,15.9,15.9,15.9,15.9,15.9,15.9,15.9,15.9,15.9,11.9,15.9,15.9,15.9,15.9,15.9,15.9,15.8,15.9,15.9,12,15.9,15.9,15.9,15.9,15.9,15.9,11.9,11.8
0.000156,11.9,15.9,15.8,15.9,15.9,15.9,15.9,15.9,15.9,15.9,15.9,11.9,15.9,15.9,15.9,15.9,15.9,15.9,15.9,15.9,15.9,11.9,15.9,15.9,15.9,15.9,15.9,15.9,15.9,15.9,15.9,11.8,15.9,15.9,15.9,15.9,15.9,15.9,15.9,15.9,15.9,11.9,15.9,15.9,15.9,15.9,15.9,15.9,15.9,15.9,15.9,11.9,15.9,15.9,15.9,15.9,15.9,15.8,15.9,15.9,15.9,11.9,15.9,15.9,15.9,15.9,15.9,15.9,15.9,15.9,15.9,11.8,15.9,15.9,15.9,15.9,15.9,15.9,15.9,15.9,15.9,11.9,15.9,15.8,15.8,15.9,15.9,15.9,15.9,15.9,15.9,12,15.9,15.9,15.9,15.9,15.9,15.9,11.9,11.8
0.000157,11.9,15.9,15.9,15.9,15.9,15.9,15.9,15.9,15.9,15.9,15.9,11.9,15.9,15.9,15.9,15.9,15.9,15.9,15.9,15.9,15.9,12,15.9,15.9,15.9,15.9,15.9,15.9,15.9,15.9,15.9,11.8,15.9,15.9,15.9,15.9,15.9,15.9,15.9,15.9,15.9,11.9,15.9,15.9,15.9,15.9,15.9,15.9,15.9,15.9,15.9,11.9,15.9,15.9,15.9,15.9,15.9,15.9,15.9,15.9,15.9,11.9,15.9,15.9,15.9,15.9,15.9,15.9,15.9,15.9,15.9,11.8,15.9,15.9,15.9,15.9,15.9,15.9,15.8,15.9,15.9,11.9,15.9,15.9,15.9,15.9,15.9,15.9,15.9,15.9,15.9,12,15.9,15.9,15.9,15.9,15.9,15.9,11.9,11.9
0.000157,11.9,15.9,15.9,15.9,15.9,15.9,15.9,15.9,15.9,15.9,15.9,11.8,15.9,15.9,15.9,15.9,15.9,15.9,15.9,15.9,15.9,12,15.9,15.9,15.9,15.9,15.9,15.9,15.9,15.9,15.9,11.8,15.9,15.9,15.9,15.9,15.9,15.9,15.9,15.9,15.9,11.9,15.8,15.9,15.9,15.9,15.9,15.9,15.9,15.9,15.9,11.9,15.9,15.9,15.9,15.9,15.9,15.9,15.9,15.9,15.9,11.9,15.9,15.9,15.9,15.9,15.9,15.9,15.9,15.9,15.9,11.8,15.9,15.9,15.9,15.9,15.9,15.9,15.9,15.9,15.9,11.9,15.9,15.9,15.9,15.9,15.9,15.9,15.9,15.9,15.9,12,15.9,15.9,15.9,15.9,15.9,15.9,11.9,11.9
0.000157,11.9,15.9,15.9,15.9,15.9,15.9,15.9,15.9,15.9,15.9,15.9,11.9,15.9,15.9,15.9,15.9,15.9,15.9,15.9,15.9,15.9,12,15.9,15.9,15.9,15.9,15.9,15.9,15.9,15.9,15.9,11.9,15.9,15.9,15.9,15.9,15.9,15.9,15.9,15.9,15.9,11.9,15.9,15.9,15.9,15.9,15.9,15.9,15.9,15.9,15.9,11.9,15.9,15.9,15.9,15.9,15.9,15.9,15.9,15.9,15.9,11.9,15.9,15.9,15.9,15.8,15.9,15.9,15.9,15.9,15.9,11.8,15.9,15.9,15.9,15.8,15.9,15.9,15.9,15.9,15.9,11.9,15.9,15.9,15.9,15.9,15.9,15.9,15.9,15.9,15.9,12,15.9,15.9,15.9,15.9,15.9,15.9,11.9,11.9
0.000157,11.9,15.9,15.9,15.9,15.9,15.9,15.9,15.9,15.9,15.8,15.9,11.9,15.9,15.9,15.9,15.9,15.9,15.9,15.9,15.9,15.9,12,15.9,15.9,15.9,15.9,15.9,15.9,15.9,15.9,15.9,11.9,15.9,15.9,15.9,15.9,15.9,15.9,15.9,15.9,15.9,11.9,15.9,15.9,15.9,15.9,15.9,15.9,15.9,15.9,15.9,11.9,15.9,15.9,15.9,15.9,15.9,15.9,15.9,15.9,15.9,11.8,15.9,15.9,15.9,15.9,15.9,15.9,15.9,15.9,15.9,11.9,15.9,15.8,15.9,15.9,15.8,15.9,15.9,15.9,15.9,11.9,15.9,15.9,15.8,15.9,15.9,15.9,15.9,15.9,15.9,11.9,15.9,15.9,15.9,15.9,15.9,15.9,11.9,12
0.000157,11.9,15.9,15.9,15.9,15.9,15.9,15.9,15.9,15.9,15.9,15.9,11.9,15.9,15.9,15.9,15.9,15.9,15.9,15.9,15.9,15.9,12,15.9,15.8,15.9,15.9,15.9,15.9,15.9,15.9,15.9,12,15.9,15.9,15.9,15.9,15.9,15.9,15.9,15.9,15.9,11.9,15.9,15.9,15.9,15.9,15.9,15.9,15.9,15.9,15.9,11.9,15.9,15.9,15.9,15.9,15.9,15.9,15.9,15.9,15.9,11.9,15.9,15.9,15.9,15.9,15.9,15.9,15.9,15.9,15.9,11.9,15.9,15.9,15.9,15.9,15.9,15.9,15.9,15.9,15.9,11.9,15.9,15.9,15.9,15.9,15.9,15.8,15.9,15.9,15.9,11.9,15.9,15.9,15.9,15.9,15.9,15.9,11.9,11.9
0.000158,11.9,15.9,15.9,15.9,15.9,15.9,15.9,15.9,15.9,15.9,15.9,11.9,15.9,15.9,15.9,15.9,15.9,15.9,15.9,15.9,15.9,12,15.9,15.9,15.8,15.9,15.9,15.9,15.9,15.9,15.9,12,15.9,15.9,15.9,15.9,15.9,15.9,15.9,15.8,15.9,11.9,15.9,15.9,15.9,15.8,15.9,15.9,15.9,15.9,15.9,11.9,15.9,15.9,15.9,15.9,15.9,15.9,15.9,15.9,15.9,11.8,15.9,15.9,15.9,15.9,15.9,15.8,15.9,15.9,15.9,11.9,15.9,15.9,15.9,15.9,15.9,15.9,15.9,15.9,15.9,12,15.9,15.9,15.9,15.9,15.9,15.9,15.9,15.9,15.9,11.9,15.9,15.9,15.9,15.9,15.9,15.9,11.9,11.9
0.000158,11.8,15.9,15.9,15.9,15.9,15.9,15.9,15.9,15.8,15.9,15.9,11.9,15.9,15.9,15.9,15.9,15.9,15.9,15.9,15.9,15.9,11.9,15.9,15.9,15.9,15.9,15.9,15.9,15.9,15.9,15.9,12,15.9,15.9,15.9,15.9,15.9,15.9,15.9,15.9,15.9,11.8,15.9,15.9,15.9,15.9,15.9,15.9,15.9,15.9,15.9,11.9,15.9,15.9,15.9,15.8,15.9,15.9,15.9,15.9,15.9,11.8,15.9,15.9,15.9,15.9,15.9,15.9,15.9,15.9,15.9,11.9,15.8,15.9,15.9,15.9,15.9,15.9,15.9,15.9,15.9,12,15.9,15.9,15.9,15.9,15.9,15.9,15.9,15.9,15.9,11.8,15.9,15.9,15.9,15.9,15.9,15.9,11.9,11.9
0.000158,11.8,15.9,15.9,15.9,15.8,15.9,15.9,15.9,15.9,15.9,15.9,11.9,15.9,15.9,15.9,15.9,15.9,15.9,15.9,15.9,15.9,11.9,15.9,15.9,15.9,15.9,15.9,15.9,15.9,15.9,15.9,12,15.9,15.9,15.9,15.9,15.9,15.9,15.9,15.9,15.9,11.9,15.9,15.9,15.9,15.9,15.9,15.9,15.9,15.9,15.9,11.9,15.9,15.9,15.9,15.9,15.9,15.9,15.9,15.9,15.9,11.8,15.9,15.9,15.9,15.9,15.9,15.9,15.9,15.9,15.9,11.8,15.9,15.9,15.9,15.9,15.9,15.9,15.9,15.9,15.9,11.9,15.9,15.9,15.9,15.9,15.9,15.9,15.9,15.9,15.9,11.8,15.9,15.9,15.9,15.9,15.9,15.9,11.8,12
0.000158,11.7,15.9,15.9,15.9,15.9,15.9,15.9,15.9,15.9,15.9,15.9,11.8,15.9,15.9,15.9,15.9,15.9,15.9,15.9,15.9,15.9,11.9,15.9,15.9,15.9,15.9,15.9,15.9,15.9,15.9,15.8,11.9,15.9,15.9,15.9,15.9,15.9,15.9,15.9,15.8,15.9,11.9,15.9,15.9,15.9,15.8,15.9,15.9,15.9,15.9,15.9,11.9,15.9,15.9,15.9,15.9,15.9,15.9,15.9,15.9,15.9,11.7,15.9,15.9,15.9,15.9,15.9,15.9,15.9,15.9,15.9,11.8,15.9,15.9,15.9,15.9,15.9,15.9,15.9,15.9,15.9,12,15.9,15.9,15.9,15.9,15.9,15.9,15.9,15.9,15.9,11.8,15.9,15.9,15.9,15.9,15.9,15.9,11.9,11.9
0.000158,11.8,15.9,15.9,15.9,15.9,15.9,15.9,15.9,15.9,15.9,15.9,11.8,15.9,15.9,15.9,15.9,15.9,15.9,15.9,15.9,15.9,11.9,15.9,15.9,15.9,15.9,15.9,15.8,15.9,15.9,15.9,11.9,15.9,15.9,15.9,15.9,15.9,15.9,15.9,15.9,15.9,11.9,15.9,15.9,15.9,15.9,15.9,15.8,15.9,15.9,15.9,11.9,15.9,15.9,15.9,15.9,15.9,15.9,15.9,15.9,15.9,11.8,15.9,15.9,15.9,15.9,15.9,15.9,15.9,15.9,15.9,11.8,15.9,15.9,15.9,15.9,15.9,15.9,15.9,15.9,15.9,11.9,15.9,15.9,15.9,15.9,15.9,15.9,15.9,15.9,15.9,11.9,15.9,15.9,15.9,15.8,15.9,15.9,11.8,11.9
0.000159,11.9,15.9,15.9,15.9,15.9,15.9,15.9,15.9,15.9,15.9,15.9,11.8,15.9,15.9,15.9,15.9,15.9,15.9,15.9,15.9,15.9,11.9,15.9,15.9,15.9,15.9,15.9,15.9,15.9,15.9,15.9,11.8,15.9,15.9,15.9,15.9,15.9,15.9,15.9,15.9,15.9,11.9,15.9,15.9,15.9,15.9,15.9,15.9,15.9,15.9,15.9,11.9,15.9,15.9,15.9,15.9,15.9,15.9,15.9,15.9,15.9,11.8,15.9,15.9,15.9,15.9,15.9,15.9,15.9,15.9,15.9,11.8,15.9,15.8,15.9,15.9,15.9,15.9,15.9,15.9,15.9,11.9,15.9,15.9,15.9,15.9,15.9,15.9,15.9,15.8,15.9,11.9,15.9,15.9,15.9,15.9,15.9,15.9,11.8,11.9
0.000159,11.9,15.9,15.9,15.9,15.9,15.9,15.9,15.9,15.9,15.9,15.9,11.9,15.9,15.9,15.9,15.9,15.9,15.9,15.9,15.9,15.9,12,15.9,15.9,15.9,15.9,15.9,15.9,15.9,15.9,15.9,11.8,15.9,15.9,15.8,15.9,15.9,15.9,15.9,15.9,15.8,11.9,15.9,15.9,15.9,15.9,15.9,15.9,15.9,15.9,15.9,11.9,15.9,15.9,15.9,15.9,15.9,15.9,15.9,15.9,15.9,11.8,15.9,15.9,15.9,15.9,15.9,15.9,15.9,15.9,15.9,11.7,15.9,15.9,15.9,15.9,15.9,15.9,15.9,15.9,15.9,11.9,15.9,15.9,15.8,15.9,15.9,15.9,15.9,15.9,15.9,12,15.9,15.9,15.9,15.9,15.9,15.9,11.8,11.9
0.000159,11.9,15.9,15.9,15.9,15.9,15.8,15.9,15.9,15.9,15.9,15.9,11.9,15.9,15.8,15.8,15.9,15.9,15.8,15.8,15.9,15.9,12,15.9,15.9,15.9,15.9,15.9,15.9,15.9,15.9,15.9,11.8,15.9,15.9,15.9,15.9,15.9,15.9,15.9,15.9,15.8,12,15.9,15.9,15.9,15.9,15.9,15.9,15.9,15.9,15.9,11.9,15.9,15.9,15.9,15.9,15.9,15.9,15.9,15.9,15.9,11.9,15.9,15.9,15.9,15.9,15.9,15.9,15.9,15.9,15.9,11.7,15.9,15.9,15.9,15.8,15.9,15.9,15.9,15.8,15.9,11.9,15.9,15.9,15.9,15.9,15.9,15.9,15.9,15.9,15.9,12,15.9,15.9,15.9,15.8,15.9,15.9,11.8,11.9
0.000159,11.9,15.9,15.9,15.9,15.9,15.9,15.9,15.9,15.9,15.9,15.9,12,15.9,15.9,15.9,15.9,15.9,15.9,15.9,15.9,15.9,12,15.9,15.9,15.9,15.9,15.9,15.9,15.9,15.9,15.9,11.8,15.9,15.9,15.9,15.9,15.9,15.9,15.9,15.9,15.9,12,15.9,15.9,15.9,15.9,15.9,15.9,15.9,15.9,15.9,11.9,15.9,15.9,15.9,15.9,15.9,15.9,15.9,15.9,15.9,12,15.9,15.8,15.9,15.9,15.9,15.9,15.9,15.9,15.9,11.8,15.9,15.9,15.9,15.9,15.8,15.9,15.9,15.9,15.9,11.9,15.9,15.9,15.9,15.9,15.9,15.9,15.9,15.9,15.9,12,15.9,15.9,15.9,15.9,15.9,15.9,11.9,11.9
0.000159,11.9,15.9,15.8,15.9,15.9,15.9,15.9,15.9,15.9,15.9,15.9,12,15.9,15.9,15.9,15.9,15.8,15.9,15.9,15.9,15.9,12,15.9,15.9,15.9,15.9,15.9,15.9,15.9,15.9,15.9,11.9,15.9,15.9,15.9,15.9,15.9,15.9,15.9,15.9,15.9,12,15.9,15.9,15.9,15.9,15.9,15.9,15.9,15.9,15.9,11.9,15.9,15.9,15.9,15.9,15.9,15.9,15.9,15.9,15.9,12,15.9,15.9,15.8,15.8,15.9,15.9,15.9,15.9,15.9,11.8,15.9,15.9,15.9,15.9,15.9,15.9,15.9,15.8,15.9,11.9,15.9,15.9,15.9,15.9,15.9,15.9,15.9,15.9,15.9,12,15.9,15.9,15.9,15.9,15.9,15.9,11.9,11.9
0.00016,11.9,15.9,15.9,15.9,15.9,15.9,15.9,15.9,15.9,15.9,15.8,12,15.9,15.9,15.9,15.9,15.9,15.9,15.9,15.9,15.9,12,15.9,15.9,15.9,15.9,15.9,15.9,15.9,15.9,15.9,11.9,15.9,15.9,15.9,15.9,15.9,15.9,15.9,15.9,15.9,11.8,15.9,15.9,15.9,15.9,15.9,15.9,15.9,15.9,15.9,11.9,15.9,15.9,15.9,15.9,15.9,15.8,15.9,15.9,15.9,12,15.9,15.9,15.9,15.9,15.9,15.9,15.9,15.9,15.9,11.9,15.9,15.9,15.9,15.9,15.9,15.9,15.9,15.9,15.9,11.9,15.9,15.9,15.9,15.9,15.9,15.9,15.9,15.9,15.9,12,15.9,15.9,15.9,15.9,15.9,15.9,12,11.9
0.00016,11.9,15.9,15.9,15.9,15.9,15.9,15.8,15.9,15.9,15.9,15.9,12,15.9,15.9,15.9,15.9,15.9,15.9,15.9,15.9,15.9,12,15.9,15.9,15.9,15.8,15.9,15.9,15.9,15.9,15.9,11.9,15.9,15.9,15.9,15.9,15.9,15.9,15.8,15.9,15.8,11.8,15.9,15.9,15.9,15.9,15.9,15.9,15.9,15.9,15.9,12,15.9,15.9,15.9,15.9,15.9,15.9,15.9,15.9,15.9,11.9,15.9,15.9,15.9,15.9,15.9,15.9,15.9,15.9,15.9,11.9,15.9,15.9,15.9,15.8,15.9,15.9,15.9,15.9,15.9,11.9,15.9,15.9,15.9,15.9,15.9,15.9,15.9,15.9,15.9,11.9,15.9,15.8,15.9,15.9,15.9,15.9,11.9,11.9
0.00016,11.9,15.9,15.9,15.9,15.9,15.9,15.9,15.9,15.9,15.8,15.9,11.9,15.9,15.9,15.9,15.9,15.9,15.9,15.9,15.9,15.9,12,15.9,15.9,15.9,15.9,15.9,15.9,15.9,15.9,15.9,11.9,15.9,15.9,15.9,15.9,15.9,15.9,15.9,15.9,15.9,11.8,15.9,15.9,15.9,15.9,15.9,15.8,15.9,15.9,15.9,11.9,15.9,15.9,15.9,15.9,15.9,15.9,15.9,15.9,15.9,11.9,15.9,15.9,15.9,15.9,15.9,15.9,15.9,15.9,15.9,11.9,15.9,15.9,15.9,15.9,15.9,15.9,15.9,15.9,15.9,11.9,15.9,15.9,15.9,15.9,15.9,15.9,15.9,15.8,15.9,11.9,15.8,15.9,15.9,15.9,15.9,15.9,11.9,11.9
0.00016,11.9,15.9,15.9,15.9,15.9,15.9,15.9,15.9,15.9,15.9,15.8,11.8,15.9,15.9,15.9,15.9,15.9,15.9,15.9,15.9,15.9,11.9,15.9,15.9,15.9,15.9,15.9,15.9,15.9,15.9,15.9,11.9,15.9,15.9,15.9,15.9,15.9,15.9,15.9,15.9,15.9,11.8,15.9,15.9,15.9,15.9,15.9,15.9,15.9,15.9,15.9,11.9,15.9,15.9,15.9,15.9,15.9,15.9,15.9,15.9,15.9,11.8,15.9,15.9,15.9,15.9,15.9,15.9,15.9,15.9,15.9,11.9,15.9,15.9,15.9,15.9,15.9,15.9,15.9,15.9,15.9,11.9,15.9,15.9,15.9,15.9,15.9,15.9,15.9,15.9,15.8,11.8,15.9,15.9,15.9,15.9,15.9,15.9,11.9,11.9
0.00016,11.9,15.9,15.8,15.8,15.9,15.9,15.9,15.9,15.9,15.9,15.9,11.8,15.9,15.9,15.9,15.9,15.9,15.9,15.9,15.9,15.9,12,15.9,15.9,15.9,15.9,15.9,15.9,15.9,15.8,15.9,11.9,15.9,15.9,15.9,15.9,15.9,15.9,15.9,15.9,15.9,11.8,15.9,15.9,15.9,15.9,15.8,15.9,15.9,15.9,15.9,11.9,15.9,15.9,15.9,15.9,15.9,15.9,15.9,15.9,15.9,11.8,15.8,15.9,15.9,15.9,15.9,15.9,15.9,15.9,15.9,11.9,15.9,15.9,15.9,15.9,15.9,15.9,15.9,15.9,15.9,11.9,15.9,15.9,15.9,15.9,15.9,15.9,15.9,15.9,15.9,11.8,15.9,15.9,15.9,15.9,15.9,15.8,11.8,11.9
0.000161,11.9,15.9,15.9,15.9,15.9,15.9,15.9,15.9,15.9,15.8,15.9,11.8,15.9,15.9,15.9,15.9,15.9,15.9,15.9,15.9,15.9,11.9,15.9,15.9,15.9,15.9,15.9,15.9,15.9,15.8,15.9,11.8,15.9,15.9,15.9,15.9,15.9,15.9,15.8,15.9,15.8,11.8,15.9,15.9,15.9,15.9,15.9,15.9,15.9,15.9,15.9,11.9,15.9,15.9,15.9,15.9,15.9,15.9,15.9,15.9,15.9,11.8,15.9,15.9,15.9,15.9,15.9,15.9,15.9,15.9,15.9,11.9,15.9,15.9,15.9,15.9,15.9,15.9,15.9,15.9,15.9,11.9,15.9,15.9,15.9,15.9,15.9,15.9,15.9,15.9,15.9,11.9,15.9,15.9,15.9,15.9,15.9,15.9,11.8,11.9
0.000161,11.9,15.9,15.9,15.9,15.9,15.9,15.9,15.9,15.9,15.9,15.9,11.7,15.8,15.9,15.9,15.9,15.9,15.9,15.9,15.9,15.9,11.9,15.9,15.9,15.9,15.9,15.9,15.9,15.9,15.8,15.9,11.8,15.9,15.9,15.9,15.9,15.9,15.9,15.9,15.9,15.9,11.8,15.9,15.9,15.9,15.9,15.9,15.9,15.9,15.9,15.9,11.9,15.9,15.9,15.9,15.9,15.9,15.9,15.9,15.9,15.9,11.8,15.9,15.9,15.9,15.9,15.9,15.9,15.9,15.9,15.9,11.9,15.9,15.9,15.9,15.9,15.9,15.9,15.9,15.9,15.9,11.9,15.9,15.9,15.9,15.9,15.9,15.9,15.9,15.9,15.9,11.9,15.9,15.9,15.9,15.9,15.9,15.9,11.8,11.8
0.000161,11.9,15.9,15.9,15.9,15.9,15.9,15.9,15.9,15.9,15.9,15.9,11.8,15.9,15.9,15.9,15.9,15.9,15.9,15.9,15.9,15.9,11.9,15.9,15.9,15.9,15.9,15.9,15.9,15.9,15.9,15.9,11.8,15.9,15.9,15.9,15.9,15.9,15.9,15.9,15.9,15.9,11.8,15.9,15.9,15.9,15.9,15.9,15.9,15.9,15.8,15.9,11.9,15.9,15.9,15.9,15.9,15.9,15.9,15.9,15.9,15.9,11.9,15.9,15.9,15.9,15.9,15.9,15.9,15.9,15.9,15.9,11.9,15.9,15.9,15.9,15.9,15.9,15.9,15.9,15.9,15.9,11.9,15.9,15.9,15.9,15.9,15.9,15.9,15.9,15.9,15.9,12,15.9,15.9,15.9,15.9,15.9,15.9,11.8,11.9
0.000161,11.9,15.9,15.9,15.9,15.9,15.9,15.9,15.9,15.9,15.9,15.9,11.8,15.9,15.9,15.9,15.9,15.9,15.9,15.9,15.9,15.9,11.9,15.9,15.9,15.9,15.9,15.9,15.9,15.9,15.9,15.9,11.8,15.9,15.9,15.9,15.9,15.9,15.9,15.9,15.9,15.8,11.8,15.9,15.9,15.9,15.9,15.9,15.9,15.9,15.9,15.8,11.9,15.9,15.9,15.9,15.9,15.9,15.9,15.9,15.9,15.9,11.9,15.8,15.9,15.9,15.9,15.9,15.9,15.9,15.9,15.9,11.9,15.9,15.9,15.9,15.9,15.9,15.9,15.9,15.9,15.9,11.9,15.9,15.9,15.9,15.9,15.9,15.9,15.9,15.9,15.9,12,15.9,15.9,15.9,15.9,15.9,15.9,11.8,11.9
0.000161,11.9,15.9,15.9,15.9,15.8,15.9,15.9,15.9,15.9,15.9,15.9,11.9,15.9,15.9,15.9,15.9,15.9,15.9,15.9,15.9,15.9,11.9,15.9,15.9,15.9,15.9,15.9,15.9,15.9,15.9,15.9,11.9,15.9,15.9,15.9,15.9,15.9,15.9,15.9,15.9,15.9,11.8,15.9,15.9,15.9,15.9,15.9,15.9,15.9,15.9,15.9,11.9,15.9,15.9,15.9,15.9,15.9,15.9,15.9,15.9,15.9,11.9,15.9,15.9,15.9,15.9,15.8,15.9,15.9,15.9,15.9,12,15.9,15.9,15.9,15.9,15.9,15.9,15.9,15.9,15.9,11.9,15.9,15.9,15.9,15.9,15.9,15.9,15.9,15.9,15.9,12,15.9,15.9,15.9,15.9,15.8,15.9,11.9,11.9
0.000162,11.9,15.9,15.9,15.9,15.9,15.9,15.9,15.9,15.9,15.9,15.9,11.9,15.9,15.9,15.9,15.8,15.9,15.9,15.9,15.9,15.9,11.9,15.9,15.9,15.9,15.9,15.9,15.9,15.9,15.9,15.9,11.9,15.9,15.9,15.9,15.9,15.8,15.9,15.9,15.9,15.9,11.8,15.9,15.9,15.9,15.9,15.9,15.9,15.9,15.9,15.9,11.8,15.9,15.9,15.9,15.9,15.9,15.9,15.9,15.9,15.9,11.8,15.9,15.9,15.9,15.9,15.9,15.9,15.9,15.9,15.9,11.9,15.9,15.9,15.9,15.9,15.9,15.9,15.9,15.9,15.9,11.9,15.9,15.9,15.9,15.8,15.9,15.9,15.9,15.9,15.9,12,15.9,15.9,15.9,15.9,15.9,15.8,11.9,11.9
0.000162,11.9,15.9,15.9,15.9,15.9,15.9,15.9,15.9,15.9,15.9,15.9,12,15.9,15.9,15.8,15.8,15.9,15.9,15.9,15.9,15.9,11.9,15.9,15.9,15.9,15.9,15.9,15.9,15.9,15.9,15.9,11.9,15.9,15.9,15.9,15.9,15.9,15.9,15.9,15.9,15.9,11.9,15.9,15.9,15.9,15.9,15.9,15.9,15.9,15.8,15.9,12,15.9,15.9,15.9,15.9,15.9,15.9,15.9,15.9,15.9,11.9,15.9,15.9,15.9,15.9,15.9,15.9,15.9,15.9,15.9,11.9,15.9,15.9,15.9,15.9,15.9,15.9,15.9,15.9,15.9,11.9,15.9,15.9,15.9,15.9,15.9,15.9,15.9,15.9,15.9,12,15.9,15.8,15.9,15.9,15.9,15.9,11.9,11.9
0.000162,11.9,15.9,15.9,15.9,15.9,15.8,15.9,15.9,15.9,15.9,15.9,11.9,15.9,15.9,15.9,15.9,15.9,15.9,15.9,15.9,15.9,12,15.9,15.9,15.9,15.9,15.9,15.9,15.9,15.9,15.9,11.9,15.9,15.9,15.9,15.9,15.9,15.9,15.9,15.9,15.9,11.9,15.9,15.9,15.9,15.9,15.9,15.9,15.9,15.9,15.9,11.9,15.9,15.9,15.8,15.9,15.9,15.9,15.9,15.9,15.8,11.9,15.9,15.9,15.9,15.9,15.9,15.9,15.9,15.9,15.9,11.8,15.9,15.9,15.8,15.9,15.9,15.9,15.9,15.9,15.9,11.9,15.9,15.9,15.9,15.9,15.9,15.9,15.9,15.9,15.9,12,15.9,15.9,15.9,15.9,15.9,15.9,11.9,11.9
0.000162,11.9,15.9,15.9,15.9,15.9,15.9,15.9,15.9,15.9,15.9,15.9,11.9,15.9,15.9,15.9,15.9,15.9,15.9,15.9,15.9,15.9,12,15.8,15.9,15.9,15.9,15.9,15.9,15.9,15.8,15.9,11.8,15.9,15.9,15.9,15.9,15.9,15.9,15.9,15.9,15.9,11.9,15.9,15.9,15.8,15.9,15.9,15.9,15.9,15.9,15.9,11.9,15.9,15.9,15.9,15.9,15.9,15.9,15.9,15.9,15.9,11.9,15.9,15.9,15.9,15.9,15.9,15.9,15.9,15.9,15.9,11.8,15.9,15.9,15.9,15.9,15.9,15.9,15.9,15.9,15.9,11.9,15.9,15.9,15.9,15.9,15.9,15.9,15.9,15.9,15.9,12,15.9,15.9,15.9,15.9,15.9,15.9,11.9,11.9
0.000162,11.9,15.9,15.9,15.9,15.9,15.9,15.9,15.9,15.9,15.9,15.9,11.8,15.9,15.9,15.9,15.9,15.9,15.9,15.9,15.9,15.9,12,15.9,15.9,15.9,15.9,15.9,15.9,15.9,15.9,15.9,11.9,15.9,15.9,15.9,15.9,15.9,15.9,15.9,15.9,15.9,11.9,15.9,15.9,15.9,15.9,15.9,15.9,15.9,15.9,15.9,11.9,15.9,15.9,15.9,15.9,15.9,15.9,15.9,15.9,15.9,11.9,15.9,15.9,15.9,15.9,15.9,15.9,15.9,15.9,15.9,11.7,15.9,15.9,15.9,15.9,15.9,15.9,15.9,15.9,15.9,11.9,15.9,15.9,15.9,15.9,15.9,15.9,15.9,15.9,15.9,11.9,15.9,15.9,15.9,15.9,15.9,15.9,11.9,11.9
0.000163,11.9,15.9,15.9,15.9,15.9,15.9,15.9,15.8,15.9,15.9,15.9,11.9,15.9,15.9,15.9,15.9,15.9,15.9,15.9,15.9,15.9,11.9,15.9,15.9,15.9,15.9,15.9,15.9,15.9,15.9,15.9,11.9,15.9,15.9,15.8,15.9,15.9,15.9,15.9,15.9,15.9,11.9,15.9,15.9,15.9,15.9,15.9,15.9,15.9,15.9,15.9,12,15.9,15.9,15.9,15.9,15.9,15.9,15.9,15.9,15.9,11.8,15.9,15.9,15.9,15.8,15.9,15.9,15.9,15.9,15.9,11.7,15.9,15.9,15.9,15.9,15.9,15.9,15.9,15.9,15.9,11.9,15.9,15.9,15.9,15.9,15.9,15.9,15.9,15.9,15.9,11.8,15.9,15.9,15.9,15.9,15.9,15.9,11.9,11.9
0.000163,11.9,15.9,15.9,15.9,15.8,15.9,15.9,15.9,15.9,15.9,15.9,11.8,15.9,15.9,15.9,15.9,15.9,15.9,15.9,15.9,15.9,12,15.9,15.9,15.9,15.9,15.9,15.9,15.9,15.9,15.9,11.9,15.9,15.9,15.9,15.9,15.9,15.9,15.9,15.9,15.9,11.8,15.9,15.9,15.9,15.9,15.9,15.9,15.9,15.9,15.9,12,15.9,15.9,15.9,15.9,15.9,15.9,15.9,15.9,15.9,11.9,15.9,15.9,15.9,15.9,15.9,15.8,15.9,15.9,15.9,11.7,15.8,15.8,15.9,15.9,15.9,15.8,15.9,15.9,15.9,11.9,15.9,15.9,15.9,15.9,15.9,15.9,15.9,15.9,15.9,11.8,15.9,15.9,15.9,15.9,15.9,15.9,11.8,11.9
0.000163,11.9,15.9,15.9,15.9,15.9,15.9,15.8,15.9,15.9,15.9,15.9,11.9,15.9,15.8,15.9,15.9,15.9,15.9,15.9,15.9,15.9,11.9,15.8,15.9,15.9,15.9,15.9,15.9,15.9,15.9,15.9,11.8,15.9,15.9,15.9,15.9,15.9,15.9,15.9,15.9,15.9,11.9,15.9,15.9,15.9,15.9,15.8,15.9,15.9,15.9,15.9,12,15.9,15.9,15.9,15.9,15.9,15.9,15.9,15.9,15.9,11.8,15.9,15.9,15.9,15.9,15.9,15.9,15.9,15.9,15.9,11.8,15.9,15.9,15.9,15.9,15.9,15.9,15.9,15.9,15.9,11.9,15.9,15.9,15.9,15.9,15.9,15.9,15.9,15.9,15.9,11.9,15.9,15.9,15.9,15.9,15.9,15.9,11.8,11.9
0.000163,11.9,15.9,15.9,15.9,15.9,15.9,15.9,15.9,15.8,15.9,15.9,11.8,15.9,15.9,15.9,15.9,15.9,15.9,15.9,15.9,15.9,11.9,15.9,15.9,15.9,15.9,15.8,15.9,15.9,15.9,15.9,11.9,15.9,15.9,15.9,15.9,15.9,15.9,15.9,15.9,15.9,11.9,15.9,15.9,15.9,15.9,15.9,15.9,15.8,15.9,15.9,11.9,15.9,15.9,15.9,15.9,15.9,15.9,15.9,15.9,15.9,11.9,15.9,15.9,15.9,15.9,15.9,15.9,15.9,15.9,15.9,11.8,15.9,15.9,15.9,15.9,15.9,15.9,15.9,15.9,15.9,11.9,15.9,15.9,15.9,15.8,15.9,15.9,15.9,15.9,15.9,11.8,15.9,15.9,15.8,15.9,15.9,15.9,11.7,11.9
0.000163,11.9,15.9,15.9,15.9,15.9,15.9,15.9,15.9,15.9,15.9,15.9,11.9,15.9,15.9,15.9,15.9,15.9,15.9,15.9,15.9,15.9,11.9,15.9,15.9,15.9,15.9,15.9,15.9,15.9,15.9,15.9,11.9,15.9,15.9,15.9,15.9,15.9,15.9,15.9,15.9,15.8,11.9,15.9,15.9,15.9,15.8,15.9,15.9,15.8,15.9,15.9,11.9,15.9,15.9,15.9,15.9,15.9,15.9,15.9,15.9,15.9,11.8,15.9,15.9,15.9,15.9,15.9,15.9,15.9,15.9,15.9,11.9,15.9,15.9,15.9,15.9,15.9,15.9,15.9,15.9,15.9,11.9,15.9,15.9,15.9,15.9,15.9,15.9,15.9,15.9,15.9,11.9,15.9,15.9,15.9,15.9,15.9,15.8,11.7,11.9
0.000164,11.8,15.9,15.9,15.9,15.9,15.9,15.9,15.9,15.9,15.9,15.9,11.9,15.9,15.9,15.9,15.9,15.9,15.9,15.8,15.9,15.9,12,15.9,15.9,15.9,15.9,15.9,15.9,15.9,15.9,15.9,11.8,15.9,15.9,15.9,15.9,15.9,15.9,15.9,15.9,15.9,11.9,15.9,15.9,15.9,15.9,15.8,15.9,15.9,15.9,15.8,11.9,15.9,15.9,15.9,15.9,15.9,15.9,15.9,15.9,15.9,11.8,15.9,15.9,15.9,15.9,15.9,15.9,15.9,15.9,15.9,11.9,15.9,15.9,15.9,15.8,15.9,15.9,15.9,15.9,15.9,11.9,15.9,15.9,15.9,15.9,15.9,15.9,15.9,15.9,15.9,11.9,15.9,15.9,15.9,15.9,15.9,15.9,11.8,11.9
0.000164,11.8,15.9,15.9,15.9,15.9,15.9,15.9,15.9,15.9,15.9,15.9,11.9,15.9,15.9,15.9,15.9,15.9,15.9,15.9,15.9,15.9,11.9,15.8,15.9,15.9,15.9,15.9,15.9,15.9,15.9,15.9,11.8,15.9,15.9,15.9,15.9,15.9,15.9,15.9,15.8,15.9,11.9,15.9,15.9,15.9,15.9,15.9,15.9,15.9,15.9,15.9,11.8,15.9,15.9,15.9,15.9,15.9,15.9,15.9,15.9,15.9,11.8,15.9,15.9,15.9,15.9,15.9,15.9,15.9,15.9,15.9,11.9,15.9,15.9,15.9,15.9,15.9,15.9,15.9,15.9,15.9,11.9,15.9,15.9,15.9,15.9,15.9,15.9,15.9,15.9,15.8,11.9,15.9,15.9,15.9,15.9,15.9,15.9,11.8,11.8
0.000164,11.9,15.9,15.9,15.9,15.9,15.9,15.9,15.9,15.9,15.9,15.9,11.8,15.9,15.9,15.8,15.9,15.9,15.9,15.9,15.9,15.9,11.9,15.9,15.9,15.9,15.9,15.9,15.9,15.9,15.9,15.9,11.8,15.9,15.9,15.9,15.9,15.9,15.9,15.9,15.9,15.9,11.9,15.9,15.9,15.9,15.9,15.9,15.8,15.9,15.9,15.9,11.8,15.9,15.9,15.9,15.9,15.9,15.8,15.9,15.9,15.9,11.9,15.9,15.9,15.9,15.9,15.9,15.9,15.9,15.9,15.9,11.9,15.9,15.9,15.9,15.9,15.9,15.9,15.9,15.9,15.9,11.9,15.9,15.9,15.9,15.9,15.9,15.9,15.9,15.9,15.9,11.9,15.9,15.9,15.8,15.9,15.9,15.9,11.8,11.8
0.000164,11.9,15.9,15.9,15.9,15.9,15.9,15.9,15.9,15.9,15.9,15.9,11.9,15.9,15.9,15.9,15.9,15.9,15.8,15.9,15.9,15.9,12,15.9,15.9,15.9,15.9,15.9,15.9,15.9,15.9,15.9,11.9,15.9,15.9,15.9,15.9,15.9,15.9,15.9,15.9,15.9,11.9,15.9,15.9,15.9,15.9,15.9,15.9,15.9,15.9,15.9,11.8,15.9,15.9,15.9,15.9,15.9,15.9,15.9,15.9,15.8,11.8,15.9,15.9,15.9,15.9,15.9,15.9,15.9,15.9,15.9,11.8,15.9,15.9,15.8,15.9,15.9,15.9,15.9,15.9,15.9,11.9,15.8,15.9,15.8,15.9,15.9,15.9,15.9,15.9,15.9,11.9,15.9,15.8,15.9,15.9,15.9,15.9,11.9,11.8
0.000164,11.9,15.9,15.9,15.9,15.9,15.9,15.9,15.9,15.9,15.9,15.9,11.9,15.9,15.9,15.9,15.9,15.9,15.9,15.9,15.9,15.9,12,15.9,15.9,15.9,15.9,15.9,15.9,15.8,15.9,15.8,11.9,15.9,15.9,15.9,15.9,15.9,15.9,15.9,15.9,15.9,11.9,15.9,15.9,15.9,15.9,15.9,15.9,15.9,15.9,15.9,11.9,15.9,15.9,15.9,15.9,15.9,15.9,15.9,15.9,15.9,11.8,15.9,15.8,15.9,15.9,15.9,15.9,15.9,15.9,15.9,11.7,15.9,15.9,15.9,15.9,15.9,15.9,15.9,15.9,15.9,11.9,15.8,15.9,15.9,15.9,15.9,15.9,15.9,15.9,15.9,12,15.9,15.9,15.9,15.9,15.9,15.9,11.9,11.8
0.000165,12,15.9,15.9,15.9,15.9,15.9,15.9,15.9,15.9,15.9,15.9,11.9,15.9,15.9,15.9,15.9,15.9,15.9,15.9,15.9,15.9,12,15.9,15.9,15.9,15.9,15.9,15.9,15.9,15.9,15.9,11.9,15.9,15.9,15.9,15.9,15.9,15.8,15.9,15.9,15.9,11.9,15.9,15.9,15.9,15.9,15.9,15.9,15.9,15.9,15.9,11.9,15.9,15.9,15.9,15.9,15.9,15.9,15.9,15.9,15.9,11.9,15.9,15.9,15.9,15.9,15.9,15.9,15.9,15.9,15.9,11.7,15.9,15.9,15.9,15.9,15.9,15.9,15.9,15.9,15.9,11.9,15.9,15.9,15.9,15.9,15.9,15.9,15.9,15.9,15.9,12,15.9,15.9,15.9,15.9,15.9,15.9,11.9,11.8
0.000165,11.9,15.9,15.9,15.9,15.9,15.9,15.9,15.9,15.9,15.9,15.8,11.8,15.8,15.9,15.9,15.9,15.9,15.9,15.9,15.9,15.9,11.9,15.9,15.9,15.9,15.9,15.9,15.9,15.9,15.9,15.9,11.9,15.9,15.9,15.9,15.9,15.9,15.9,15.9,15.9,15.9,11.9,15.9,15.9,15.9,15.9,15.9,15.9,15.9,15.9,15.9,11.9,15.9,15.9,15.9,15.8,15.9,15.9,15.9,15.9,15.9,11.9,15.9,15.9,15.9,15.9,15.9,15.9,15.8,15.9,15.9,11.6,15.9,15.9,15.9,15.9,15.9,15.9,15.9,15.9,15.9,11.9,15.9,15.8,15.9,15.9,15.9,15.9,15.9,15.9,15.9,12,15.9,15.8,15.9,15.9,15.9,15.9,11.9,11.9
0.000165,12,15.9,15.9,15.9,15.9,15.9,15.9,15.8,15.9,15.9,15.9,11.8,15.9,15.9,15.9,15.9,15.9,15.9,15.8,15.9,15.9,12,15.9,15.9,15.9,15.9,15.9,15.9,15.8,15.9,15.9,11.9,15.9,15.9,15.9,15.9,15.9,15.9,15.9,15.9,15.9,11.9,15.9,15.9,15.9,15.9,15.9,15.9,15.9,15.9,15.9,12,15.9,15.9,15.9,15.9,15.9,15.9,15.9,15.9,15.9,11.9,15.9,15.9,15.9,15.9,15.9,15.9,15.9,15.9,15.9,11.6,15.9,15.9,15.9,15.9,15.9,15.9,15.9,15.9,15.9,11.9,15.9,15.9,15.9,15.9,15.9,15.9,15.9,15.8,15.9,12,15.9,15.9,15.9,15.9,15.9,15.9,11.9,11.9
0.000165,11.9,15.9,15.9,15.9,15.9,15.9,15.8,15.9,15.9,15.9,15.9,11.9,15.9,15.8,15.9,15.9,15.9,15.9,15.9,15.9,15.9,11.9,15.9,15.9,15.9,15.9,15.9,15.9,15.9,15.9,15.9,11.8,15.9,15.9,15.9,15.9,15.9,15.9,15.9,15.9,15.9,11.9,15.9,15.9,15.9,15.9,15.9,15.9,15.9,15.9,15.9,12,15.9,15.9,15.9,15.9,15.9,15.9,15.9,15.9,15.9,11.9,15.9,15.9,15.9,15.9,15.9,15.9,15.9,15.9,15.9,11.8,15.9,15.9,15.9,15.9,15.9,15.9,15.9,15.9,15.9,11.9,15.9,15.9,15.9,15.9,15.9,15.9,15.9,15.9,15.9,11.9,15.9,15.9,15.9,15.9,15.9,15.9,11.9,11.9
0.000165,11.9,15.9,15.9,15.8,15.9,15.9,15.9,15.9,15.9,15.9,15.9,11.9,15.9,15.9,15.9,15.9,15.9,15.9,15.9,15.9,15.9,11.9,15.9,15.9,15.9,15.9,15.9,15.9,15.9,15.9,15.9,11.9,15.9,15.9,15.9,15.9,15.9,15.8,15.9,15.9,15.9,11.8,15.9,15.9,15.9,15.9,15.9,15.9,15.9,15.9,15.9,12,15.9,15.8,15.9,15.9,15.9,15.9,15.9,15.9,15.9,11.9,15.9,15.8,15.9,15.9,15.9,15.9,15.9,15.9,15.9,11.8,15.9,15.9,15.9,15.9,15.9,15.9,15.9,15.9,15.9,11.9,15.9,15.9,15.9,15.9,15.9,15.9,15.9,15.9,15.9,11.9,15.9,15.8,15.9,15.9,15.9,15.9,11.9,11.9
0.000166,11.9,15.9,15.9,15.9,15.9,15.9,15.8,15.9,15.9,15.9,15.9,11.8,15.9,15.9,15.9,15.9,15.9,15.9,15.9,15.9,15.9,12,15.9,15.9,15.9,15.9,15.9,15.9,15.9,15.9,15.9,11.9,15.9,15.9,15.9,15.9,15.9,15.9,15.9,15.9,15.9,11.9,15.9,15.9,15.9,15.9,15.9,15.9,15.9,15.8,15.9,12,15.9,15.9,15.9,15.9,15.9,15.9,15.9,15.8,15.9,11.9,15.9,15.9,15.9,15.9,15.9,15.9,15.9,15.9,15.9,11.9,15.9,15.9,15.9,15.9,15.9,15.8,15.9,15.9,15.9,11.9,15.9,15.9,15.9,15.9,15.9,15.9,15.9,15.9,15.9,11.8,15.9,15.9,15.9,15.9,15.9,15.9,11.8,11.9
0.000166,11.9,15.9,15.8,15.9,15.9,15.9,15.9,15.9,15.9,15.9,15.9,11.9,15.9,15.9,15.9,15.9,15.9,15.9,15.9,15.9,15.9,12,15.9,15.9,15.9,15.9,15.9,15.9,15.9,15.9,15.9,11.8,15.9,15.9,15.9,15.9,15.9,15.9,15.9,15.9,15.9,11.8,15.9,15.9,15.9,15.9,15.9,15.9,15.9,15.9,15.9,11.9,15.9,15.9,15.9,15.9,15.9,15.9,15.9,15.9,15.9,11.9,15.9,15.9,15.9,15.9,15.9,15.9,15.9,15.9,15.8,11.9,15.9,15.9,15.8,15.9,15.9,15.9,15.9,15.9,15.9,11.9,15.9,15.9,15.9,15.9,15.9,15.9,15.9,15.9,15.9,11.8,15.9,15.9,15.9,15.9,15.9,15.9,11.9,11.9
0.000166,11.8,15.9,15.9,15.8,15.9,15.9,15.9,15.8,15.9,15.9,15.9,11.9,15.9,15.9,15.9,15.9,15.9,15.9,15.9,15.9,15.9,12,15.9,15.9,15.9,15.9,15.9,15.9,15.9,15.9,15.9,11.8,15.9,15.8,15.9,15.9,15.9,15.9,15.9,15.9,15.9,11.8,15.9,15.9,15.9,15.8,15.9,15.9,15.9,15.9,15.9,11.9,15.9,15.9,15.9,15.9,15.9,15.9,15.8,15.9,15.8,11.9,15.9,15.9,15.9,15.9,15.9,15.9,15.9,15.9,15.9,11.9,15.9,15.9,15.9,15.9,15.9,15.9,15.9,15.9,15.9,11.9,15.9,15.9,15.9,15.8,15.9,15.9,15.9,15.9,15.9,11.8,15.9,15.9,15.9,15.9,15.9,15.9,11.9,11.9
0.000166,11.7,15.9,15.9,15.9,15.9,15.9,15.9,15.9,15.9,15.9,15.9,11.9,15.9,15.9,15.9,15.9,15.9,15.9,15.9,15.9,15.8,11.9,15.9,15.9,15.8,15.9,15.9,15.9,15.9,15.9,15.9,11.9,15.9,15.9,15.9,15.9,15.9,15.9,15.9,15.9,15.9,11.8,15.9,15.9,15.9,15.9,15.9,15.9,15.9,15.9,15.9,11.9,15.9,15.9,15.9,15.8,15.9,15.9,15.9,15.9,15.9,11.9,15.9,15.9,15.9,15.9,15.9,15.9,15.9,15.9,15.9,11.9,15.9,15.9,15.9,15.9,15.9,15.9,15.9,15.9,15.9,11.8,15.9,15.9,15.9,15.9,15.9,15.9,15.9,15.9,15.9,11.8,15.9,15.9,15.9,15.9,15.9,15.9,11.9,11.9
0.000166,11.8,15.9,15.9,15.9,15.9,15.9,15.9,15.9,15.9,15.9,15.9,11.9,15.9,15.9,15.8,15.9,15.9,15.9,15.9,15.9,15.9,11.9,15.8,15.9,15.9,15.9,15.9,15.9,15.9,15.9,15.9,11.9,15.9,15.9,15.9,15.9,15.9,15.9,15.9,15.9,15.9,11.9,15.8,15.9,15.9,15.9,15.9,15.9,15.9,15.9,15.9,11.9,15.9,15.9,15.9,15.9,15.9,15.9,15.9,15.9,15.9,11.9,15.9,15.9,15.9,15.9,15.9,15.9,15.9,15.9,15.9,11.9,15.9,15.9,15.9,15.9,15.9,15.9,15.9,15.9,15.9,11.9,15.9,15.9,15.9,15.9,15.9,15.9,15.9,15.9,15.9,11.8,15.9,15.9,15.9,15.9,15.9,15.9,11.9,11.9
0.000167,11.8,15.9,15.9,15.9,15.9,15.9,15.9,15.9,15.9,15.9,15.9,11.9,15.9,15.9,15.8,15.9,15.9,15.9,15.9,15.9,15.9,12,15.9,15.9,15.9,15.9,15.9,15.9,15.9,15.9,15.9,11.9,15.9,15.9,15.9,15.9,15.9,15.9,15.9,15.9,15.9,11.9,15.9,15.9,15.9,15.9,15.9,15.9,15.9,15.9,15.9,11.9,15.9,15.9,15.9,15.9,15.9,15.9,15.9,15.9,15.9,11.9,15.9,15.9,15.9,15.9,15.9,15.9,15.9,15.9,15.9,11.8,15.9,15.9,15.9,15.9,15.9,15.9,15.9,15.9,15.9,11.9,15.9,15.9,15.9,15.9,15.9,15.9,15.8,15.9,15.9,11.8,15.9,15.9,15.9,15.9,15.9,15.9,11.9,11.9
0.000167,11.9,15.9,15.9,15.9,15.8,15.9,15.9,15.9,15.9,15.9,15.9,11.9,15.9,15.9,15.9,15.9,15.9,15.9,15.9,15.9,15.9,12,15.9,15.9,15.9,15.9,15.9,15.9,15.9,15.9,15.9,11.9,15.9,15.9,15.9,15.9,15.9,15.9,15.9,15.9,15.9,11.8,15.9,15.9,15.9,15.9,15.9,15.9,15.9,15.9,15.9,11.9,15.9,15.9,15.9,15.9,15.9,15.9,15.9,15.9,15.9,11.9,15.9,15.9,15.9,15.9,15.9,15.9,15.9,15.9,15.9,11.7,15.9,15.9,15.9,15.9,15.9,15.9,15.9,15.9,15.8,11.8,15.9,15.9,15.9,15.9,15.9,15.9,15.9,15.9,15.9,11.8,15.9,15.9,15.9,15.9,15.9,15.9,11.9,11.9
0.000167,11.9,15.9,15.9,15.9,15.9,15.9,15.9,15.8,15.9,15.9,15.9,11.9,15.9,15.9,15.9,15.9,15.9,15.9,15.9,15.9,15.9,12,15.9,15.9,15.9,15.8,15.9,15.9,15.9,15.9,15.9,11.9,15.9,15.9,15.9,15.9,15.9,15.9,15.9,15.9,15.9,11.8,15.9,15.9,15.9,15.9,15.9,15.9,15.9,15.8,15.9,11.9,15.9,15.9,15.9,15.9,15.9,15.9,15.9,15.9,15.9,11.9,15.9,15.9,15.9,15.9,15.9,15.8,15.9,15.9,15.9,11.6,15.8,15.9,15.9,15.9,15.8,15.9,15.9,15.9,15.9,11.8,15.9,15.9,15.8,15.9,15.9,15.9,15.9,15.9,15.9,11.9,15.9,15.9,15.9,15.9,15.9,15.9,11.9,11.9
0.000167,11.9,15.9,15.9,15.9,15.9,15.9,15.9,15.9,15.9,15.8,15.9,12,15.9,15.9,15.9,15.9,15.9,15.9,15.9,15.9,15.9,12,15.9,15.9,15.9,15.9,15.9,15.9,15.9,15.9,15.9,11.9,15.9,15.9,15.9,15.9,15.9,15.9,15.9,15.9,15.9,11.8,15.9,15.9,15.9,15.9,15.9,15.9,15.8,15.9,15.9,11.9,15.9,15.9,15.9,15.9,15.9,15.9,15.9,15.9,15.9,11.9,15.9,15.9,15.9,15.9,15.9,15.9,15.8,15.9,15.9,11.7,15.9,15.9,15.9,15.9,15.9,15.9,15.9,15.9,15.9,11.9,15.9,15.9,15.9,15.9,15.9,15.9,15.9,15.9,15.9,11.9,15.9,15.9,15.9,15.9,15.9,15.9,11.9,11.9
0.000167,12,15.9,15.9,15.9,15.9,15.9,15.9,15.9,15.9,15.9,15.9,11.9,15.9,15.9,15.9,15.9,15.9,15.9,15.9,15.9,15.9,12,15.9,15.9,15.9,15.9,15.9,15.9,15.9,15.9,15.9,11.8,15.9,15.9,15.9,15.9,15.9,15.9,15.9,15.9,15.9,11.8,15.9,15.9,15.9,15.9,15.9,15.9,15.9,15.9,15.9,11.9,15.9,15.9,15.9,15.9,15.9,15.9,15.9,15.9,15.9,11.9,15.9,15.9,15.9,15.9,15.9,15.9,15.9,15.9,15.9,11.7,15.9,15.9,15.9,15.9,15.9,15.9,15.9,15.9,15.9,11.9,15.9,15.9,15.9,15.9,15.9,15.9,15.9,15.9,15.9,11.9,15.9,15.9,15.9,15.9,15.9,15.9,11.9,11.9
0.000168,11.9,15.9,15.9,15.9,15.9,15.9,15.9,15.9,15.9,15.9,15.9,11.9,15.9,15.9,15.9,15.9,15.9,15.9,15.9,15.9,15.9,12,15.9,15.9,15.9,15.9,15.9,15.9,15.9,15.9,15.9,11.8,15.9,15.9,15.9,15.9,15.9,15.9,15.9,15.9,15.8,11.8,15.9,15.9,15.9,15.9,15.9,15.9,15.9,15.9,15.9,12,15.9,15.9,15.9,15.9,15.9,15.9,15.9,15.9,15.9,11.9,15.9,15.9,15.9,15.8,15.9,15.9,15.9,15.9,15.9,11.8,15.9,15.9,15.9,15.9,15.9,15.9,15.8,15.9,15.9,11.8,15.9,15.9,15.9,15.9,15.9,15.9,15.9,15.9,15.9,11.9,15.9,15.9,15.9,15.9,15.9,15.9,11.9,11.9
0.000168,11.9,15.9,15.9,15.9,15.9,15.9,15.9,15.9,15.9,15.9,15.9,11.9,15.9,15.9,15.9,15.9,15.8,15.9,15.9,15.9,15.9,12,15.9,15.9,15.9,15.9,15.9,15.9,15.9,15.9,15.9,11.9,15.9,15.9,15.9,15.9,15.9,15.9,15.9,15.9,15.8,11.8,15.9,15.9,15.9,15.9,15.9,15.9,15.9,15.9,15.9,11.9,15.9,15.9,15.9,15.9,15.9,15.8,15.8,15.9,15.9,11.9,15.9,15.9,15.9,15.9,15.9,15.9,15.9,15.9,15.9,11.8,15.9,15.9,15.9,15.9,15.9,15.9,15.9,15.9,15.9,11.9,15.9,15.9,15.9,15.9,15.9,15.9,15.9,15.8,15.9,11.9,15.9,15.9,15.9,15.9,15.9,15.9,11.9,11.9
0.000168,11.9,15.9,15.9,15.9,15.9,15.9,15.9,15.9,15.9,15.9,15.9,11.9,15.9,15.9,15.9,15.9,15.9,15.9,15.9,15.9,15.9,12,15.9,15.9,15.9,15.9,15.9,15.9,15.9,15.9,15.9,11.9,15.8,15.8,15.9,15.9,15.9,15.9,15.9,15.8,15.9,11.8,15.9,15.9,15.9,15.9,15.9,15.9,15.9,15.9,15.9,12,15.9,15.9,15.9,15.9,15.9,15.9,15.9,15.9,15.9,11.9,15.9,15.9,15.9,15.9,15.9,15.9,15.9,15.9,15.9,11.9,15.9,15.9,15.9,15.9,15.9,15.9,15.8,15.9,15.9,11.9,15.9,15.8,15.9,15.8,15.9,15.9,15.9,15.9,15.9,11.9,15.9,15.9,15.9,15.9,15.9,15.9,11.9,11.8
0.000168,11.9,15.9,15.9,15.9,15.9,15.9,15.9,15.9,15.9,15.9,15.9,11.9,15.9,15.9,15.9,15.9,15.9,15.9,15.9,15.9,15.9,12,15.9,15.9,15.9,15.9,15.9,15.9,15.9,15.9,15.8,11.9,15.9,15.9,15.9,15.9,15.9,15.9,15.9,15.9,15.9,11.9,15.9,15.9,15.9,15.9,15.9,15.8,15.9,15.9,15.9,12,15.8,15.9,15.9,15.9,15.9,15.9,15.9,15.9,15.9,11.9,15.9,15.9,15.9,15.9,15.9,15.9,15.9,15.9,15.9,11.9,15.9,15.9,15.9,15.9,15.9,15.9,15.9,15.9,15.9,11.9,15.9,15.9,15.9,15.9,15.9,15.9,15.9,15.9,15.9,11.8,15.9,15.9,15.9,15.9,15.9,15.9,11.9,11.8
0.000168,11.9,15.9,15.9,15.9,15.8,15.8,15.8,15.9,15.9,15.9,15.9,11.8,15.9,15.9,15.8,15.9,15.9,15.8,15.9,15.9,15.9,12,15.9,15.9,15.9,15.9,15.9,15.9,15.9,15.9,15.8,11.9,15.9,15.9,15.9,15.9,15.8,15.9,15.9,15.9,15.9,11.8,15.8,15.9,15.9,15.9,15.9,15.9,15.9,15.9,15.9,11.9,15.9,15.9,15.9,15.9,15.9,15.9,15.9,15.9,15.9,11.9,15.9,15.9,15.9,15.9,15.9,15.9,15.9,15.9,15.9,12,15.9,15.9,15.9,15.9,15.9,15.9,15.9,15.9,15.9,11.9,15.9,15.9,15.9,15.9,15.9,15.9,15.9,15.9,15.9,11.8,15.9,15.9,15.8,15.9,15.9,15.9,11.9,11.9
0.000169,11.8,15.9,15.9,15.9,15.9,15.9,15.9,15.9,15.9,15.9,15.9,11.8,15.9,15.9,15.9,15.9,15.9,15.9,15.9,15.9,15.9,12,15.9,15.9,15.9,15.9,15.9,15.9,15.9,15.9,15.9,11.9,15.9,15.9,15.9,15.9,15.9,15.9,15.9,15.8,15.9,11.8,15.9,15.9,15.9,15.9,15.9,15.9,15.9,15.9,15.9,11.9,15.9,15.9,15.9,15.9,15.9,15.9,15.9,15.9,15.9,11.9,15.9,15.9,15.9,15.9,15.9,15.9,15.9,15.9,15.9,11.9,15.9,15.9,15.8,15.9,15.9,15.9,15.9,15.9,15.9,11.9,15.9,15.9,15.9,15.8,15.9,15.9,15.9,15.9,15.9,11.8,15.9,15.9,15.9,15.9,15.8,15.9,11.9,11.9
0.000169,11.8,15.9,15.8,15.9,15.9,15.9,15.8,15.9,15.9,15.9,15.9,11.8,15.8,15.9,15.9,15.9,15.9,15.9,15.9,15.8,15.9,11.9,15.9,15.8,15.8,15.9,15.9,15.9,15.9,15.9,15.9,11.9,15.8,15.9,15.9,15.9,15.9,15.9,15.9,15.9,15.9,11.7,15.9,15.9,15.9,15.9,15.9,15.9,15.9,15.9,15.9,11.9,15.9,15.9,15.9,15.9,15.9,15.9,15.9,15.9,15.9,12,15.9,15.9,15.9,15.9,15.9,15.9,15.9,15.9,15.9,11.9,15.9,15.8,15.9,15.9,15.9,15.9,15.9,15.8,15.8,11.9,15.9,15.9,15.9,15.9,15.9,15.9,15.9,15.9,15.9,11.9,15.9,15.9,15.8,15.8,15.9,15.9,11.9,11.9
0.000169,11.9,15.9,15.9,15.9,15.9,15.9,15.9,15.9,15.9,15.9,15.9,11.8,15.9,15.9,15.9,15.9,15.9,15.9,15.9,15.9,15.8,11.9,15.9,15.9,15.8,15.9,15.9,15.9,15.9,15.9,15.9,11.9,15.9,15.9,15.9,15.9,15.9,15.9,15.9,15.9,15.9,11.7,15.9,15.9,15.9,15.9,15.9,15.9,15.9,15.9,15.9,11.9,15.9,15.9,15.8,15.9,15.9,15.9,15.9,15.9,15.9,12,15.9,15.9,15.9,15.9,15.9,15.9,15.9,15.9,15.9,11.9,15.9,15.9,15.9,15.9,15.9,15.9,15.9,15.9,15.9,11.9,15.9,15.9,15.9,15.9,15.9,15.9,15.9,15.9,15.9,11.9,15.9,15.9,15.9,15.9,15.9,15.9,11.9,11.9
0.000169,12,15.9,15.9,15.9,15.9,15.9,15.9,15.8,15.8,15.9,15.9,11.8,15.9,15.9,15.9,15.8,15.9,15.9,15.9,15.9,15.9,11.8,15.9,15.9,15.9,15.9,15.9,15.9,15.9,15.9,15.9,11.9,15.9,15.9,15.9,15.9,15.9,15.9,15.9,15.9,15.9,11.7,15.9,15.9,15.9,15.8,15.9,15.9,15.9,15.9,15.9,11.9,15.9,15.9,15.9,15.9,15.9,15.9,15.9,15.9,15.9,11.9,15.9,15.9,15.9,15.9,15.9,15.9,15.9,15.9,15.9,11.8,15.9,15.9,15.9,15.9,15.9,15.9,15.9,15.9,15.9,11.9,15.9,15.9,15.9,15.9,15.9,15.9,15.9,15.8,15.9,11.9,15.9,15.9,15.9,15.9,15.9,15.9,11.9,11.9
0.000169,11.9,15.9,15.9,15.9,15.9,15.9,15.9,15.9,15.9,15.9,15.9,11.8,15.9,15.9,15.9,15.9,15.9,15.9,15.9,15.9,15.9,11.8,15.9,15.9,15.9,15.9,15.9,15.9,15.9,15.9,15.9,11.8,15.9,15.9,15.9,15.9,15.9,15.8,15.9,15.9,15.9,11.8,15.9,15.9,15.8,15.9,15.9,15.9,15.9,15.9,15.9,12,15.9,15.9,15.9,15.9,15.9,15.9,15.9,15.9,15.9,11.9,15.9,15.9,15.9,15.9,15.8,15.9,15.9,15.9,15.9,11.8,15.9,15.9,15.9,15.9,15.9,15.9,15.9,15.9,15.9,11.9,15.9,15.9,15.9,15.9,15.9,15.9,15.9,15.9,15.9,11.9,15.9,15.9,15.9,15.9,15.9,15.9,12,11.9
0.00017,11.9,15.9,15.9,15.9,15.9,15.9,15.9,15.9,15.9,15.9,15.9,12,15.9,15.9,15.9,15.9,15.9,15.9,15.9,15.9,15.9,11.9,15.9,15.9,15.9,15.9,15.9,15.9,15.9,15.9,15.9,11.9,15.9,15.9,15.9,15.9,15.9,15.9,15.9,15.9,15.9,11.9,15.9,15.9,15.9,15.9,15.9,15.9,15.8,15.9,15.9,12,15.9,15.9,15.9,15.8,15.9,15.9,15.9,15.9,15.9,11.9,15.9,15.9,15.9,15.9,15.9,15.9,15.9,15.9,15.9,11.8,15.9,15.9,15.9,15.9,15.9,15.8,15.9,15.9,15.9,11.9,15.9,15.9,15.9,15.9,15.9,15.9,15.9,15.9,15.9,11.9,15.9,15.9,15.9,15.9,15.9,15.9,11.9,11.9
0.00017,11.9,15.9,15.8,15.9,15.9,15.9,15.9,15.9,15.9,15.9,15.8,11.9,15.9,15.9,15.9,15.9,15.9,15.9,15.9,15.9,15.9,11.9,15.9,15.9,15.9,15.9,15.9,15.9,15.9,15.9,15.9,11.9,15.8,15.8,15.9,15.9,15.9,15.9,15.8,15.9,15.9,11.9,15.9,15.9,15.9,15.9,15.9,15.9,15.9,15.9,15.9,12,15.9,15.9,15.8,15.9,15.9,15.9,15.9,15.9,15.9,11.9,15.9,15.9,15.9,15.9,15.9,15.9,15.9,15.9,15.9,11.7,15.9,15.9,15.9,15.9,15.9,15.9,15.9,15.9,15.9,11.9,15.9,15.9,15.9,15.9,15.9,15.9,15.9,15.9,15.9,11.9,15.9,15.9,15.9,15.9,15.9,15.9,11.9,11.9
0.00017,11.9,15.9,15.9,15.9,15.9,15.9,15.9,15.9,15.9,15.9,15.9,11.9,15.9,15.9,15.9,15.9,15.9,15.9,15.9,15.9,15.9,11.9,15.9,15.9,15.9,15.9,15.9,15.9,15.9,15.9,15.9,11.9,15.9,15.9,15.9,15.9,15.9,15.9,15.9,15.9,15.9,12,15.9,15.9,15.9,15.9,15.8,15.9,15.9,15.9,15.9,12,15.9,15.9,15.9,15.9,15.9,15.9,15.9,15.9,15.9,11.8,15.8,15.9,15.9,15.9,15.9,15.9,15.9,15.9,15.9,11.8,15.9,15.9,15.9,15.9,15.9,15.9,15.9,15.9,15.9,11.9,15.9,15.9,15.9,15.9,15.9,15.9,15.9,15.9,15.9,11.9,15.9,15.9,15.9,15.9,15.9,15.9,11.9,11.9
0.00017,11.9,15.9,15.9,15.8,15.9,15.9,15.9,15.9,15.9,15.9,15.9,11.9,15.9,15.9,15.9,15.8,15.8,15.9,15.9,15.9,15.9,11.9,15.9,15.9,15.9,15.9,15.9,15.9,15.9,15.8,15.9,11.9,15.9,15.9,15.9,15.9,15.9,15.9,15.9,15.9,15.9,12,15.8,15.9,15.9,15.9,15.9,15.9,15.9,15.9,15.8,12,15.9,15.9,15.9,15.9,15.9,15.9,15.9,15.8,15.9,11.8,15.9,15.9,15.9,15.9,15.9,15.9,15.9,15.9,15.9,11.8,15.9,15.8,15.9,15.9,15.9,15.9,15.9,15.9,15.9,11.9,15.9,15.9,15.9,15.9,15.9,15.9,15.9,15.8,15.9,11.9,15.9,15.9,15.9,15.9,15.9,15.8,11.9,11.9
0.00017,11.9,15.9,15.9,15.9,15.9,15.9,15.9,15.9,15.9,15.9,15.8,11.9,15.9,15.9,15.9,15.9,15.9,15.9,15.9,15.9,15.9,11.9,15.9,15.9,15.9,15.9,15.9,15.9,15.9,15.9,15.9,11.8,15.9,15.9,15.9,15.9,15.9,15.9,15.9,15.9,15.9,11.9,15.9,15.9,15.9,15.9,15.9,15.9,15.9,15.9,15.9,11.9,15.9,15.9,15.9,15.9,15.8,15.9,15.9,15.8,15.9,11.8,15.9,15.9,15.9,15.9,15.9,15.9,15.9,15.9,15.9,11.8,15.9,15.9,15.9,15.9,15.8,15.9,15.9,15.9,15.9,11.9,15.9,15.9,15.9,15.9,15.9,15.9,15.9,15.9,15.9,11.9,15.9,15.9,15.9,15.9,15.9,15.9,11.9,11.9
0.000171,11.9,15.9,15.9,15.9,15.9,15.9,15.9,15.9,15.9,15.9,15.9,11.9,15.9,15.9,15.9,15.9,15.9,15.9,15.9,15.9,15.9,11.9,15.9,15.9,15.9,15.9,15.9,15.9,15.9,15.9,15.9,11.9,15.9,15.9,15.9,15.9,15.9,15.9,15.9,15.9,15.9,11.9,15.9,15.9,15.9,15.8,15.9,15.9,15.9,15.9,15.9,11.8,15.9,15.9,15.9,15.9,15.9,15.9,15.9,15.9,15.9,11.9,15.9,15.9,15.9,15.9,15.8,15.9,15.8,15.8,15.9,11.9,15.8,15.9,15.9,15.9,15.9,15.9,15.9,15.9,15.9,11.9,15.9,15.9,15.9,15.9,15.9,15.9,15.9,15.8,15.9,11.9,15.9,15.9,15.9,15.9,15.9,15.9,11.9,11.9
0.000171,11.9,15.9,15.9,15.9,15.9,15.9,15.9,15.9,15.9,15.9,15.9,11.9,15.9,15.9,15.8,15.9,15.9,15.9,15.9,15.9,15.9,12,15.9,15.9,15.9,15.9,15.9,15.9,15.9,15.9,15.9,11.9,15.9,15.9,15.9,15.9,15.9,15.9,15.9,15.9,15.9,11.9,15.9,15.9,15.9,15.9,15.9,15.9,15.9,15.9,15.9,11.8,15.9,15.9,15.9,15.9,15.9,15.9,15.9,15.9,15.9,11.9,15.9,15.9,15.9,15.9,15.9,15.9,15.9,15.9,15.9,11.8,15.8,15.9,15.9,15.8,15.9,15.9,15.9,15.9,15.9,11.9,15.9,15.9,15.9,15.9,15.9,15.9,15.9,15.9,15.9,11.9,15.9,15.9,15.8,15.9,15.9,15.9,11.9,11.9
0.000171,11.9,15.9,15.9,15.9,15.9,15.8,15.9,15.8,15.9,15.9,15.9,11.8,15.9,15.9,15.9,15.9,15.9,15.9,15.9,15.9,15.9,12,15.9,15.9,15.9,15.9,15.8,15.9,15.9,15.9,15.9,11.9,15.9,15.9,15.9,15.9,15.9,15.9,15.9,15.9,15.9,11.8,15.9,15.8,15.9,15.9,15.9,15.9,15.9,15.9,15.9,11.8,15.9,15.9,15.9,15.9,15.9,15.9,15.9,15.9,15.9,11.9,15.9,15.9,15.9,15.9,15.9,15.9,15.9,15.9,15.9,11.8,15.9,15.9,15.9,15.8,15.9,15.9,15.9,15.9,15.9,12,15.9,15.9,15.9,15.9,15.9,15.9,15.9,15.9,15.9,11.9,15.9,15.9,15.9,15.9,15.9,15.9,11.9,11.9
0.000171,11.9,15.9,15.9,15.9,15.9,15.9,15.9,15.9,15.9,15.9,15.9,11.8,15.9,15.9,15.9,15.9,15.9,15.9,15.9,15.9,15.9,12,15.9,15.8,15.8,15.9,15.9,15.9,15.9,15.9,15.9,11.9,15.9,15.9,15.8,15.9,15.9,15.9,15.9,15.9,15.9,11.8,15.9,15.9,15.9,15.9,15.8,15.9,15.9,15.9,15.9,11.7,15.9,15.9,15.9,15.9,15.9,15.9,15.9,15.9,15.9,11.9,15.9,15.9,15.9,15.9,15.9,15.9,15.9,15.9,15.9,11.8,15.9,15.9,15.9,15.9,15.9,15.9,15.9,15.9,15.8,12,15.9,15.9,15.9,15.9,15.9,15.9,15.9,15.9,15.9,11.8,15.9,15.9,15.9,15.9,15.9,15.9,11.8,11.8
0.000171,11.8,15.9,15.9,15.9,15.9,15.9,15.9,15.9,15.9,15.9,15.9,11.8,15.9,15.9,15.9,15.9,15.9,15.9,15.9,15.9,15.9,11.9,15.9,15.9,15.9,15.9,15.9,15.9,15.9,15.9,15.9,11.9,15.9,15.9,15.9,15.8,15.9,15.9,15.9,15.9,15.8,11.8,15.9,15.9,15.9,15.9,15.9,15.9,15.9,15.9,15.9,11.8,15.9,15.9,15.9,15.9,15.9,15.9,15.9,15.9,15.8,12,15.9,15.9,15.9,15.9,15.9,15.9,15.9,15.9,15.9,11.8,15.9,15.9,15.9,15.9,15.9,15.9,15.9,15.9,15.9,12,15.9,15.9,15.9,15.9,15.9,15.9,15.9,15.9,15.9,11.8,15.9,15.9,15.9,15.9,15.9,15.9,11.8,11.8
0.000172,11.8,15.9,15.9,15.9,15.9,15.9,15.9,15.9,15.9,15.9,15.9,11.8,15.9,15.9,15.9,15.9,15.9,15.9,15.9,15.9,15.9,11.9,15.9,15.9,15.9,15.9,15.9,15.9,15.9,15.9,15.9,11.9,15.9,15.9,15.9,15.9,15.9,15.9,15.9,15.9,15.9,11.8,15.9,15.9,15.9,15.9,15.9,15.9,15.8,15.9,15.9,11.9,15.9,15.9,15.9,15.9,15.8,15.9,15.9,15.9,15.9,12,15.9,15.9,15.9,15.9,15.9,15.9,15.9,15.9,15.9,11.8,15.9,15.8,15.9,15.9,15.9,15.8,15.9,15.9,15.9,12,15.9,15.9,15.9,15.9,15.9,15.9,15.9,15.9,15.9,11.8,15.9,15.9,15.9,15.9,15.9,15.9,11.8,11.8
0.000172,11.7,15.8,15.9,15.9,15.9,15.9,15.9,15.9,15.9,15.9,15.9,11.8,15.9,15.9,15.9,15.9,15.9,15.9,15.9,15.9,15.9,11.8,15.9,15.9,15.9,15.9,15.9,15.9,15.9,15.9,15.9,11.9,15.9,15.9,15.9,15.9,15.9,15.9,15.9,15.9,15.9,11.8,15.9,15.9,15.9,15.9,15.9,15.9,15.9,15.9,15.9,11.9,15.9,15.8,15.8,15.9,15.9,15.9,15.9,15.9,15.9,12,15.9,15.9,15.9,15.9,15.9,15.9,15.9,15.9,15.9,11.8,15.9,15.9,15.9,15.9,15.9,15.8,15.9,15.9,15.9,12,15.9,15.8,15.9,15.9,15.9,15.9,15.9,15.9,15.9,11.9,15.9,15.9,15.9,15.9,15.9,15.9,11.8,11.8
0.000172,11.8,15.9,15.9,15.9,15.9,15.9,15.9,15.8,15.9,15.9,15.9,11.9,15.9,15.8,15.9,15.9,15.9,15.9,15.9,15.9,15.8,11.8,15.9,15.9,15.9,15.9,15.9,15.9,15.9,15.9,15.9,11.8,15.9,15.9,15.9,15.9,15.8,15.9,15.9,15.9,15.9,11.9,15.9,15.9,15.8,15.9,15.9,15.9,15.9,15.8,15.9,12,15.9,15.9,15.9,15.9,15.9,15.9,15.9,15.9,15.9,11.9,15.9,15.9,15.9,15.8,15.9,15.9,15.9,15.9,15.9,11.8,15.8,15.9,15.9,15.9,15.9,15.9,15.9,15.9,15.9,12,15.9,15.9,15.9,15.9,15.9,15.9,15.9,15.9,15.9,11.9,15.9,15.9,15.9,15.9,15.8,15.9,11.9,11.8
0.000172,11.8,15.9,15.8,15.9,15.9,15.9,15.9,15.9,15.9,15.9,15.9,11.9,15.9,15.9,15.9,15.9,15.9,15.9,15.9,15.9,15.9,11.8,15.9,15.9,15.9,15.9,15.9,15.9,15.9,15.9,15.9,11.8,15.9,15.9,15.9,15.9,15.8,15.9,15.9,15.9,15.9,11.9,15.9,15.8,15.9,15.9,15.9,15.9,15.9,15.9,15.9,12,15.9,15.9,15.9,15.9,15.9,15.9,15.9,15.9,15.9,11.9,15.8,15.9,15.8,15.9,15.9,15.9,15.9,15.9,15.9,11.8,15.9,15.9,15.9,15.9,15.8,15.9,15.9,15.9,15.9,11.9,15.9,15.9,15.9,15.8,15.9,15.9,15.9,15.8,15.9,11.9,15.9,15.9,15.9,15.9,15.9,15.9,11.9,11.9
0.000172,11.8,15.9,15.9,15.8,15.9,15.9,15.9,15.9,15.9,15.8,15.9,11.9,15.9,15.9,15.9,15.9,15.9,15.9,15.9,15.9,15.9,11.9,15.9,15.9,15.9,15.8,15.9,15.8,15.9,15.9,15.9,11.8,15.8,15.8,15.9,15.9,15.8,15.9,15.9,15.9,15.9,12,15.9,15.9,15.9,15.9,15.9,15.9,15.9,15.9,15.9,12,15.9,15.9,15.9,15.9,15.9,15.9,15.9,15.9,15.9,11.8,15.9,15.9,15.8,15.9,15.9,15.9,15.9,15.9,15.9,11.8,15.9,15.9,15.9,15.9,15.9,15.9,15.9,15.9,15.9,11.8,15.9,15.9,15.9,15.9,15.9,15.8,15.9,15.9,15.9,12,15.9,15.9,15.9,15.9,15.9,15.9,11.8,11.9
0.000173,11.9,15.9,15.9,15.9,15.9,15.9,15.9,15.9,15.9,15.9,15.9,11.9,15.9,15.9,15.9,15.9,15.9,15.9,15.9,15.9,15.9,11.9,15.9,15.9,15.9,15.9,15.9,15.9,15.9,15.9,15.9,11.8,15.9,15.9,15.9,15.9,15.9,15.9,15.9,15.9,15.9,12,15.9,15.9,15.8,15.9,15.8,15.9,15.9,15.9,15.9,12,15.9,15.8,15.9,15.9,15.9,15.8,15.9,15.9,15.9,11.8,15.9,15.9,15.9,15.9,15.9,15.9,15.9,15.9,15.9,11.8,15.9,15.9,15.9,15.9,15.9,15.9,15.9,15.9,15.9,11.8,15.9,15.9,15.9,15.8,15.9,15.9,15.9,15.9,15.9,12,15.9,15.9,15.9,15.9,15.8,15.9,11.9,11.9
0.000173,11.9,15.9,15.9,15.9,15.9,15.9,15.9,15.9,15.9,15.9,15.8,11.9,15.9,15.9,15.9,15.8,15.9,15.9,15.9,15.9,15.9,11.9,15.9,15.9,15.9,15.9,15.9,15.9,15.9,15.9,15.9,11.8,15.9,15.8,15.9,15.9,15.9,15.9,15.9,15.9,15.9,12.1,15.9,15.9,15.9,15.9,15.9,15.9,15.9,15.9,15.9,12,15.9,15.9,15.9,15.9,15.9,15.9,15.9,15.9,15.9,11.8,15.9,15.9,15.9,15.9,15.9,15.9,15.9,15.9,15.9,11.8,15.9,15.9,15.9,15.9,15.9,15.9,15.9,15.9,15.9,11.8,15.9,15.9,15.9,15.9,15.9,15.9,15.9,15.9,15.9,12,15.9,15.9,15.9,15.9,15.9,15.9,11.9,11.9
0.000173,11.9,15.9,15.9,15.9,15.9,15.9,15.9,15.9,15.9,15.9,15.9,11.9,15.9,15.9,15.9,15.9,15.9,15.9,15.9,15.9,15.9,12,15.9,15.9,15.9,15.9,15.9,15.9,15.9,15.9,15.9,11.8,15.9,15.9,15.9,15.9,15.9,15.9,15.9,15.9,15.9,12,15.9,15.9,15.9,15.9,15.9,15.9,15.9,15.9,15.9,11.9,15.9,15.9,15.9,15.9,15.9,15.9,15.9,15.9,15.9,11.8,15.9,15.9,15.9,15.9,15.9,15.9,15.9,15.9,15.9,11.8,15.9,15.9,15.9,15.9,15.9,15.9,15.9,15.9,15.9,11.8,15.9,15.9,15.9,15.9,15.9,15.9,15.9,15.9,15.9,12,15.8,15.9,15.9,15.9,15.9,15.9,11.9,12
0.000173,12,15.9,15.9,15.9,15.9,15.9,15.9,15.9,15.9,15.9,15.9,11.9,15.9,15.9,15.9,15.8,15.9,15.9,15.9,15.9,15.9,12,15.9,15.9,15.9,15.9,15.9,15.9,15.9,15.9,15.9,11.8,15.9,15.9,15.9,15.9,15.9,15.9,15.9,15.9,15.9,11.9,15.9,15.9,15.9,15.9,15.9,15.9,15.9,15.9,15.9,11.9,15.9,15.9,15.9,15.8,15.9,15.9,15.9,15.9,15.9,11.8,15.9,15.9,15.9,15.9,15.9,15.9,15.9,15.9,15.9,11.9,15.8,15.9,15.9,15.9,15.9,15.9,15.9,15.9,15.9,11.8,15.9,15.9,15.8,15.9,15.9,15.9,15.9,15.9,15.9,12,15.9,15.9,15.9,15.9,15.9,15.9,11.9,12
0.000173,12,15.9,15.9,15.9,15.9,15.8,15.9,15.9,15.9,15.9,15.9,11.8,15.9,15.9,15.9,15.9,15.9,15.9,15.9,15.9,15.9,12,15.9,15.9,15.9,15.9,15.9,15.9,15.9,15.9,15.9,11.9,15.9,15.9,15.9,15.9,15.9,15.9,15.9,15.9,15.9,11.9,15.9,15.9,15.9,15.9,15.9,15.9,15.9,15.9,15.9,11.8,15.9,15.9,15.9,15.9,15.9,15.9,15.9,15.9,15.9,11.9,15.9,15.9,15.9,15.9,15.9,15.9,15.9,15.9,15.9,11.9,15.9,15.9,15.9,15.9,15.9,15.9,15.9,15.9,15.9,11.8,15.9,15.9,15.9,15.9,15.9,15.9,15.9,15.9,15.9,12,15.9,15.9,15.9,15.9,15.9,15.9,12,12
0.000174,12,15.8,15.9,15.9,15.9,15.9,15.9,15.9,15.9,15.9,15.9,11.9,15.8,15.9,15.9,15.9,15.9,15.9,15.9,15.9,15.9,12,15.9,15.9,15.9,15.9,15.9,15.9,15.9,15.9,15.9,11.8,15.9,15.9,15.9,15.9,15.9,15.9,15.9,15.9,15.8,11.8,15.9,15.9,15.9,15.9,15.9,15.9,15.9,15.9,15.9,11.8,15.9,15.9,15.9,15.9,15.9,15.8,15.9,15.9,15.9,11.9,15.9,15.9,15.9,15.9,15.9,15.9,15.9,15.9,15.9,11.9,15.9,15.9,15.9,15.9,15.9,15.8,15.9,15.8,15.9,11.9,15.9,15.9,15.9,15.9,15.9,15.9,15.9,15.9,15.9,11.9,15.9,15.9,15.9,15.9,15.8,15.9,11.9,11.9
0.000174,12,15.9,15.9,15.9,15.9,15.9,15.9,15.9,15.9,15.9,15.9,11.8,15.9,15.9,15.9,15.9,15.9,15.9,15.9,15.9,15.9,12,15.9,15.9,15.9,15.9,15.9,15.9,15.9,15.9,15.9,11.9,15.9,15.9,15.9,15.9,15.8,15.9,15.9,15.9,15.9,11.8,15.9,15.9,15.9,15.9,15.9,15.9,15.9,15.9,15.9,11.9,15.9,15.9,15.9,15.9,15.9,15.9,15.8,15.9,15.9,12,15.9,15.9,15.9,15.9,15.9,15.9,15.9,15.9,15.9,11.9,15.9,15.8,15.9,15.9,15.9,15.9,15.9,15.9,15.9,11.9,15.9,15.9,15.9,15.9,15.9,15.9,15.9,15.9,15.9,11.9,15.9,15.9,15.9,15.9,15.9,15.8,11.9,11.9
0.000174,11.9,15.9,15.9,15.9,15.9,15.9,15.8,15.9,15.9,15.9,15.9,11.9,15.9,15.9,15.9,15.9,15.9,15.9,15.8,15.9,15.9,12,15.9,15.9,15.9,15.9,15.9,15.9,15.9,15.9,15.9,11.8,15.9,15.9,15.9,15.9,15.9,15.9,15.9,15.9,15.9,11.7,15.9,15.9,15.9,15.9,15.8,15.9,15.9,15.9,15.8,11.9,15.9,15.9,15.9,15.9,15.9,15.9,15.8,15.9,15.9,11.9,15.9,15.9,15.9,15.9,15.9,15.9,15.8,15.9,15.9,11.9,15.9,15.9,15.9,15.9,15.9,15.9,15.9,15.9,15.9,12,15.9,15.9,15.9,15.9,15.9,15.9,15.9,15.9,15.9,12,15.9,15.8,15.9,15.8,15.9,15.9,11.9,11.8
0.000174,11.9,15.9,15.9,15.9,15.9,15.9,15.9,15.9,15.9,15.9,15.9,11.9,15.9,15.9,15.9,15.9,15.9,15.9,15.9,15.9,15.8,11.9,15.9,15.8,15.9,15.9,15.8,15.9,15.9,15.9,15.9,11.8,15.8,15.9,15.9,15.9,15.9,15.9,15.9,15.9,15.8,11.7,15.9,15.9,15.9,15.9,15.9,15.9,15.9,15.9,15.9,12,15.8,15.9,15.9,15.9,15.9,15.9,15.9,15.9,15.9,11.9,15.9,15.9,15.8,15.9,15.9,15.9,15.9,15.9,15.9,11.8,15.9,15.9,15.9,15.9,15.9,15.9,15.9,15.9,15.9,12,15.9,15.9,15.9,15.9,15.9,15.9,15.9,15.9,15.9,11.9,15.8,15.9,15.9,15.9,15.9,15.9,11.8,11.8
0.000174,11.8,15.9,15.9,15.9,15.9,15.8,15.9,15.9,15.9,15.9,15.9,11.9,15.9,15.9,15.9,15.9,15.8,15.9,15.9,15.8,15.9,11.9,15.9,15.9,15.9,15.8,15.9,15.9,15.8,15.9,15.9,11.9,15.9,15.9,15.9,15.9,15.9,15.9,15.9,15.9,15.9,11.7,15.9,15.9,15.9,15.9,15.9,15.9,15.9,15.9,15.9,11.9,15.9,15.9,15.9,15.9,15.9,15.9,15.9,15.9,15.9,11.9,15.9,15.9,15.9,15.9,15.9,15.9,15.9,15.9,15.9,11.8,15.9,15.9,15.9,15.9,15.9,15.9,15.9,15.9,15.9,12,15.9,15.9,15.9,15.9,15.9,15.9,15.9,15.9,15.9,11.9,15.9,15.9,15.9,15.9,15.9,15.9,11.8,11.8
0.000175,11.8,15.9,15.9,15.9,15.9,15.9,15.8,15.9,15.9,15.9,15.9,11.9,15.9,15.9,15.9,15.9,15.9,15.9,15.9,15.9,15.9,11.8,15.9,15.9,15.9,15.9,15.8,15.9,15.9,15.9,15.9,11.9,15.9,15.9,15.9,15.9,15.9,15.8,15.9,15.9,15.9,11.8,15.9,15.9,15.9,15.9,15.9,15.9,15.9,15.9,15.9,11.9,15.9,15.9,15.9,15.9,15.9,15.9,15.9,15.9,15.9,11.9,15.9,15.9,15.8,15.9,15.9,15.9,15.9,15.9,15.9,11.7,15.9,15.9,15.9,15.9,15.9,15.9,15.8,15.9,15.9,12,15.9,15.9,15.9,15.9,15.9,15.9,15.8,15.9,15.9,11.9,15.9,15.9,15.9,15.9,15.9,15.9,11.8,11.8
0.000175,11.8,15.8,15.9,15.9,15.9,15.9,15.8,15.9,15.9,15.9,15.9,11.9,15.9,15.9,15.9,15.9,15.9,15.9,15.9,15.9,15.9,11.8,15.9,15.9,15.9,15.9,15.9,15.9,15.9,15.9,15.9,11.8,15.9,15.9,15.9,15.9,15.9,15.9,15.9,15.9,15.9,11.9,15.9,15.9,15.9,15.9,15.9,15.9,15.9,15.9,15.9,11.9,15.9,15.9,15.9,15.8,15.9,15.9,15.9,15.9,15.9,11.9,15.9,15.9,15.9,15.9,15.9,15.9,15.9,15.9,15.9,11.7,15.9,15.9,15.9,15.8,15.9,15.9,15.9,15.9,15.9,12,15.8,15.9,15.9,15.9,15.9,15.9,15.9,15.9,15.9,12,15.9,15.9,15.9,15.9,15.9,15.9,11.9,11.9
0.000175,11.8,15.9,15.9,15.9,15.9,15.9,15.8,15.9,15.9,15.9,15.9,11.9,15.9,15.9,15.8,15.9,15.9,15.9,15.9,15.9,15.9,11.8,15.8,15.9,15.9,15.9,15.9,15.9,15.9,15.9,15.9,11.7,15.9,15.9,15.9,15.9,15.9,15.9,15.9,15.9,15.9,12,15.9,15.9,15.9,15.9,15.9,15.9,15.9,15.9,15.9,12,15.9,15.9,15.9,15.9,15.9,15.9,15.9,15.9,15.9,11.9,15.9,15.9,15.9,15.9,15.9,15.9,15.9,15.9,15.9,11.6,15.9,15.9,15.9,15.9,15.9,15.9,15.9,15.9,15.9,11.9,15.9,15.9,15.9,15.9,15.9,15.9,15.9,15.9,15.9,12,15.9,15.9,15.9,15.9,15.8,15.8,11.9,11.9
0.000175,11.9,15.8,15.9,15.9,15.9,15.9,15.9,15.9,15.9,15.9,15.9,11.9,15.9,15.9,15.9,15.9,15.9,15.9,15.9,15.9,15.9,11.8,15.9,15.9,15.9,15.9,15.9,15.9,15.9,15.9,15.9,11.7,15.9,15.9,15.9,15.9,15.9,15.9,15.9,15.9,15.9,12,15.9,15.9,15.9,15.9,15.9,15.9,15.8,15.9,15.9,12,15.8,15.9,15.9,15.9,15.9,15.9,15.9,15.9,15.9,11.8,15.9,15.9,15.9,15.9,15.9,15.9,15.9,15.9,15.9,11.7,15.9,15.8,15.9,15.9,15.9,15.9,15.9,15.9,15.9,11.9,15.9,15.9,15.9,15.8,15.9,15.9,15.9,15.9,15.9,12,15.9,15.9,15.9,15.9,15.9,15.9,11.9,12
0.000175,11.9,15.9,15.9,15.9,15.9,15.9,15.9,15.9,15.9,15.9,15.9,11.9,15.9,15.9,15.9,15.9,15.9,15.9,15.9,15.9,15.9,12,15.9,15.9,15.9,15.9,15.9,15.9,15.9,15.9,15.9,11.7,15.9,15.9,15.9,15.9,15.9,15.9,15.9,15.9,15.9,12,15.9,15.9,15.9,15.9,15.9,15.9,15.9,15.9,15.8,12,15.9,15.9,15.9,15.9,15.9,15.9,15.9,15.8,15.9,11.8,15.9,15.9,15.9,15.9,15.9,15.9,15.9,15.9,15.9,11.7,15.9,15.9,15.9,15.9,15.9,15.9,15.9,15.9,15.8,11.9,15.9,15.9,15.9,15.9,15.9,15.9,15.9,15.9,15.9,11.9,15.9,15.9,15.9,15.9,15.9,15.9,11.9,12
0.000176,11.9,15.9,15.9,15.9,15.9,15.8,15.9,15.9,15.8,15.9,15.9,11.8,15.9,15.9,15.8,15.9,15.9,15.9,15.9,15.9,15.9,12,15.9,15.8,15.9,15.9,15.9,15.9,15.9,15.9,15.9,11.8,15.9,15.9,15.9,15.9,15.9,15.9,15.9,15.9,15.9,12,15.8,15.9,15.9,15.9,15.9,15.9,15.9,15.9,15.9,11.9,15.9,15.9,15.9,15.9,15.9,15.9,15.9,15.9,15.9,11.9,15.9,15.9,15.9,15.9,15.9,15.9,15.9,15.9,15.9,11.7,15.9,15.9,15.9,15.9,15.9,15.9,15.9,15.9,15.9,11.8,15.9,15.9,15.9,15.9,15.9,15.9,15.9,15.9,15.9,12,15.9,15.9,15.9,15.9,15.8,15.9,11.9,12
0.000176,11.9,15.9,15.9,15.8,15.9,15.9,15.9,15.9,15.8,15.9,15.9,11.9,15.9,15.9,15.9,15.9,15.9,15.9,15.9,15.9,15.9,12,15.9,15.9,15.9,15.9,15.9,15.9,15.9,15.9,15.9,11.8,15.9,15.9,15.9,15.9,15.9,15.9,15.9,15.9,15.9,11.9,15.9,15.9,15.9,15.9,15.9,15.9,15.9,15.8,15.9,11.9,15.9,15.9,15.9,15.9,15.9,15.9,15.9,15.9,15.9,11.9,15.9,15.9,15.9,15.9,15.9,15.9,15.9,15.9,15.9,11.7,15.9,15.9,15.9,15.9,15.9,15.9,15.9,15.9,15.9,11.9,15.9,15.9,15.9,15.9,15.8,15.9,15.9,15.9,15.9,11.9,15.9,15.9,15.9,15.9,15.9,15.9,11.9,12
0.000176,11.9,15.8,15.9,15.9,15.9,15.9,15.9,15.9,15.9,15.9,15.9,11.9,15.9,15.9,15.9,15.9,15.9,15.9,15.9,15.9,15.8,12,15.9,15.9,15.9,15.9,15.9,15.8,15.9,15.9,15.8,11.9,15.9,15.9,15.9,15.9,15.9,15.9,15.9,15.9,15.9,11.9,15.9,15.9,15.9,15.9,15.9,15.8,15.9,15.9,15.9,11.9,15.9,15.9,15.9,15.9,15.9,15.9,15.9,15.8,15.9,11.9,15.9,15.9,15.9,15.9,15.9,15.9,15.9,15.9,15.9,11.8,15.9,15.9,15.9,15.9,15.9,15.9,15.8,15.9,15.9,11.8,15.9,15.9,15.9,15.9,15.9,15.9,15.9,15.9,15.9,11.8,15.9,15.9,15.9,15.8,15.9,15.9,11.9,12
0.000176,11.9,15.9,15.9,15.9,15.9,15.9,15.8,15.9,15.9,15.9,15.9,11.9,15.9,15.9,15.9,15.9,15.9,15.9,15.9,15.9,15.9,12,15.9,15.9,15.9,15.9,15.9,15.9,15.9,15.9,15.9,12,15.9,15.9,15.9,15.9,15.9,15.9,15.9,15.9,15.9,11.8,15.9,15.9,15.9,15.9,15.9,15.9,15.9,15.9,15.9,11.9,15.9,15.9,15.9,15.9,15.9,15.9,15.9,15.9,15.9,11.9,15.9,15.9,15.9,15.9,15.9,15.9,15.9,15.9,15.9,11.8,15.9,15.9,15.9,15.9,15.9,15.9,15.9,15.9,15.9,11.9,15.9,15.9,15.8,15.8,15.9,15.9,15.9,15.9,15.9,11.8,15.9,15.9,15.9,15.9,15.9,15.9,11.9,12
0.000176,11.9,15.9,15.8,15.9,15.9,15.9,15.9,15.9,15.9,15.8,15.9,11.9,15.9,15.9,15.9,15.9,15.9,15.8,15.9,15.9,15.9,12,15.9,15.9,15.9,15.9,15.9,15.9,15.9,15.9,15.9,12,15.9,15.9,15.9,15.9,15.9,15.9,15.9,15.9,15.9,11.8,15.9,15.9,15.9,15.9,15.9,15.9,15.9,15.9,15.9,11.9,15.9,15.9,15.9,15.9,15.9,15.8,15.8,15.9,15.9,11.9,15.9,15.9,15.8,15.9,15.9,15.9,15.9,15.8,15.9,11.8,15.9,15.9,15.9,15.9,15.9,15.9,15.9,15.9,15.8,11.9,15.9,15.9,15.9,15.9,15.9,15.9,15.9,15.9,15.9,11.8,15.9,15.9,15.9,15.9,15.8,15.9,11.9,12
0.000177,11.9,15.9,15.9,15.8,15.9,15.9,15.9,15.9,15.9,15.9,15.9,11.9,15.9,15.9,15.9,15.8,15.9,15.9,15.9,15.9,15.9,11.9,15.9,15.9,15.9,15.9,15.9,15.9,15.9,15.9,15.9,12,15.9,15.9,15.9,15.9,15.9,15.9,15.9,15.9,15.9,11.7,15.9,15.9,15.9,15.9,15.9,15.9,15.9,15.9,15.9,11.9,15.9,15.9,15.9,15.9,15.9,15.9,15.9,15.9,15.9,11.9,15.9,15.9,15.9,15.9,15.9,15.9,15.9,15.8,15.9,11.8,15.9,15.9,15.9,15.9,15.9,15.9,15.9,15.9,15.9,12,15.9,15.9,15.9,15.9,15.9,15.8,15.9,15.9,15.9,11.8,15.9,15.9,15.9,15.9,15.9,15.8,11.8,11.9
0.000177,11.8,15.9,15.9,15.9,15.9,15.8,15.9,15.9,15.9,15.9,15.9,11.9,15.9,15.8,15.9,15.9,15.9,15.9,15.9,15.9,15.9,11.9,15.8,15.9,15.9,15.9,15.9,15.9,15.9,15.9,15.8,11.9,15.9,15.9,15.9,15.9,15.9,15.8,15.9,15.9,15.9,11.8,15.9,15.9,15.9,15.9,15.9,15.8,15.9,15.9,15.9,11.9,15.9,15.9,15.9,15.9,15.9,15.9,15.9,15.9,15.9,11.9,15.9,15.9,15.9,15.9,15.9,15.9,15.9,15.9,15.9,11.8,15.9,15.9,15.9,15.9,15.9,15.9,15.8,15.9,15.9,12,15.9,15.9,15.9,15.9,15.9,15.9,15.9,15.9,15.9,11.8,15.9,15.9,15.9,15.9,15.9,15.9,11.9,11.9
0.000177,11.9,15.9,15.9,15.9,15.9,15.9,15.9,15.9,15.9,15.9,15.9,11.9,15.9,15.9,15.9,15.9,15.9,15.9,15.9,15.9,15.9,11.9,15.9,15.9,15.9,15.9,15.9,15.9,15.9,15.9,15.9,11.8,15.9,15.9,15.8,15.9,15.8,15.9,15.9,15.9,15.9,11.8,15.9,15.9,15.9,15.9,15.9,15.9,15.9,15.9,15.9,11.9,15.9,15.9,15.9,15.9,15.8,15.9,15.9,15.9,15.9,11.9,15.9,15.9,15.9,15.9,15.9,15.9,15.9,15.9,15.9,11.7,15.9,15.9,15.9,15.9,15.9,15.9,15.9,15.9,15.9,11.9,15.8,15.9,15.9,15.9,15.8,15.9,15.9,15.9,15.9,11.8,15.9,15.9,15.9,15.9,15.9,15.9,11.9,11.8
0.000177,11.9,15.8,15.9,15.9,15.9,15.9,15.9,15.9,15.9,15.9,15.8,11.8,15.9,15.9,15.9,15.9,15.9,15.9,15.9,15.9,15.8,11.9,15.9,15.9,15.9,15.9,15.9,15.9,15.9,15.9,15.9,11.7,15.9,15.9,15.8,15.9,15.9,15.9,15.9,15.8,15.9,11.8,15.9,15.9,15.9,15.9,15.9,15.9,15.8,15.9,15.9,12,15.9,15.9,15.9,15.9,15.9,15.9,15.9,15.9,15.9,11.9,15.9,15.9,15.9,15.9,15.9,15.9,15.9,15.9,15.9,11.7,15.9,15.9,15.9,15.9,15.8,15.9,15.9,15.9,15.9,11.9,15.9,15.9,15.8,15.9,15.9,15.9,15.8,15.9,15.9,11.9,15.9,15.9,15.9,15.8,15.9,15.9,11.8,11.8
0.000177,11.9,15.9,15.9,15.9,15.9,15.9,15.9,15.9,15.9,15.9,15.9,11.8,15.9,15.9,15.9,15.8,15.9,15.9,15.9,15.9,15.8,11.9,15.9,15.9,15.9,15.9,15.9,15.9,15.9,15.9,15.9,11.7,15.8,15.9,15.9,15.9,15.9,15.9,15.9,15.9,15.9,11.9,15.9,15.9,15.9,15.9,15.9,15.9,15.9,15.9,15.9,12,15.9,15.9,15.9,15.9,15.9,15.8,15.9,15.9,15.9,11.9,15.9,15.9,15.9,15.9,15.9,15.9,15.9,15.9,15.9,11.7,15.9,15.9,15.9,15.8,15.9,15.9,15.9,15.9,15.9,11.9,15.9,15.9,15.9,15.9,15.9,15.9,15.9,15.9,15.9,12,15.9,15.9,15.9,15.9,15.9,15.8,11.9,11.9
0.000178,11.9,15.9,15.9,15.9,15.9,15.9,15.8,15.8,15.9,15.9,15.9,11.9,15.9,15.9,15.8,15.9,15.9,15.9,15.9,15.9,15.9,12,15.9,15.9,15.8,15.9,15.9,15.9,15.9,15.9,15.9,11.7,15.9,15.9,15.9,15.9,15.9,15.9,15.9,15.9,15.9,12,15.9,15.9,15.9,15.9,15.9,15.9,15.9,15.9,15.9,12,15.9,15.9,15.9,15.9,15.9,15.9,15.9,15.9,15.9,11.9,15.9,15.9,15.9,15.9,15.8,15.8,15.9,15.9,15.9,11.7,15.8,15.9,15.9,15.9,15.9,15.8,15.9,15.9,15.9,11.8,15.9,15.9,15.9,15.9,15.9,15.9,15.9,15.9,15.9,12,15.9,15.9,15.9,15.9,15.9,15.9,11.9,11.9
0.000178,11.9,15.9,15.9,15.9,15.9,15.9,15.9,15.9,15.9,15.9,15.9,11.9,15.9,15.9,15.9,15.9,15.9,15.8,15.9,15.9,15.9,12,15.9,15.9,15.9,15.9,15.9,15.9,15.9,15.9,15.9,11.7,15.9,15.9,15.9,15.9,15.9,15.9,15.9,15.9,15.9,12,15.9,15.9,15.9,15.9,15.9,15.9,15.9,15.9,15.9,11.9,15.9,15.9,15.9,15.9,15.9,15.9,15.9,15.9,15.9,11.9,15.9,15.9,15.9,15.9,15.9,15.9,15.9,15.9,15.9,11.8,15.9,15.9,15.9,15.9,15.9,15.9,15.9,15.9,15.9,11.9,15.9,15.8,15.9,15.9,15.9,15.9,15.9,15.9,15.9,12,15.9,15.9,15.8,15.9,15.9,15.9,11.9,11.9
0.000178,11.9,15.9,15.9,15.9,15.9,15.8,15.9,15.9,15.9,15.9,15.9,11.9,15.9,15.9,15.9,15.9,15.9,15.9,15.9,15.9,15.9,12,15.9,15.9,15.9,15.9,15.9,15.9,15.8,15.8,15.9,11.8,15.9,15.9,15.9,15.9,15.9,15.9,15.8,15.9,15.9,12,15.9,15.9,15.9,15.9,15.9,15.9,15.9,15.9,15.9,11.9,15.9,15.9,15.9,15.9,15.9,15.9,15.9,15.9,15.9,11.9,15.9,15.9,15.9,15.9,15.9,15.9,15.9,15.9,15.9,11.8,15.9,15.9,15.9,15.9,15.9,15.9,15.9,15.9,15.9,11.9,15.9,15.9,15.9,15.9,15.9,15.9,15.9,15.9,15.9,12,15.9,15.9,15.9,15.9,15.9,15.9,11.9,11.9
0.000178,11.9,15.9,15.9,15.8,15.9,15.9,15.9,15.9,15.9,15.9,15.9,11.9,15.9,15.9,15.9,15.9,15.9,15.9,15.9,15.9,15.9,12,15.9,15.9,15.9,15.9,15.9,15.8,15.9,15.9,15.9,11.8,15.9,15.9,15.9,15.9,15.9,15.8,15.9,15.9,15.9,11.9,15.9,15.9,15.9,15.9,15.8,15.8,15.9,15.9,15.9,11.9,15.9,15.9,15.9,15.9,15.9,15.9,15.8,15.9,15.9,11.9,15.9,15.9,15.8,15.9,15.9,15.9,15.8,15.9,15.9,11.9,15.9,15.9,15.9,15.9,15.9,15.9,15.9,15.9,15.9,11.8,15.9,15.9,15.9,15.9,15.9,15.9,15.9,15.9,15.9,12,15.9,15.9,15.9,15.9,15.9,15.8,11.9,11.9
0.000178,11.9,15.9,15.9,15.9,15.9,15.9,15.9,15.9,15.9,15.9,15.9,11.8,15.9,15.8,15.9,15.9,15.9,15.9,15.9,15.9,15.9,12,15.9,15.9,15.9,15.9,15.9,15.9,15.9,15.9,15.9,11.8,15.9,15.9,15.9,15.9,15.9,15.9,15.9,15.9,15.9,11.9,15.9,15.9,15.9,15.9,15.9,15.9,15.9,15.9,15.9,11.9,15.9,15.9,15.9,15.9,15.9,15.9,15.9,15.9,15.9,12,15.9,15.9,15.9,15.9,15.9,15.9,15.9,15.9,15.9,11.9,15.9,15.9,15.9,15.9,15.9,15.9,15.9,15.9,15.9,11.8,15.9,15.9,15.9,15.9,15.9,15.9,15.9,15.9,15.9,12,15.9,15.9,15.9,15.8,15.9,15.9,11.9,11.9
0.000179,11.9,15.9,15.9,15.9,15.9,15.9,15.9,15.9,15.9,15.9,15.9,11.9,15.9,15.9,15.9,15.9,15.9,15.9,15.8,15.9,15.9,12,15.9,15.9,15.9,15.9,15.9,15.9,15.9,15.9,15.9,11.9,15.9,15.8,15.9,15.9,15.9,15.9,15.9,15.8,15.9,11.8,15.8,15.9,15.9,15.9,15.9,15.9,15.9,15.9,15.9,11.9,15.9,15.9,15.9,15.9,15.9,15.9,15.9,15.9,15.9,11.9,15.9,15.9,15.9,15.9,15.9,15.8,15.9,15.9,15.9,11.9,15.9,15.9,15.9,15.9,15.9,15.9,15.9,15.9,15.9,11.8,15.9,15.9,15.9,15.9,15.9,15.9,15.9,15.9,15.9,11.9,15.9,15.9,15.9,15.9,15.9,15.9,11.9,12
0.000179,11.9,15.9,15.9,15.9,15.9,15.9,15.9,15.9,15.9,15.9,15.9,11.8,15.9,15.9,15.9,15.9,15.9,15.9,15.9,15.9,15.9,11.9,15.9,15.9,15.9,15.9,15.9,15.9,15.9,15.9,15.9,11.9,15.9,15.8,15.9,15.9,15.9,15.9,15.9,15.9,15.9,11.8,15.9,15.9,15.9,15.9,15.9,15.9,15.9,15.9,15.8,11.9,15.9,15.9,15.9,15.9,15.9,15.9,15.9,15.9,15.9,11.9,15.9,15.9,15.9,15.9,15.9,15.9,15.9,15.9,15.9,11.9,15.9,15.9,15.9,15.9,15.9,15.9,15.9,15.8,15.9,11.9,15.9,15.9,15.9,15.9,15.9,15.9,15.9,15.9,15.9,11.9,15.8,15.9,15.9,15.9,15.9,15.9,11.9,11.9
0.000179,11.8,15.9,15.9,15.9,15.9,15.9,15.9,15.9,15.9,15.9,15.9,11.8,15.9,15.9,15.8,15.9,15.9,15.9,15.9,15.9,15.9,11.9,15.9,15.9,15.9,15.9,15.9,15.9,15.9,15.9,15.9,11.9,15.9,15.9,15.9,15.9,15.9,15.9,15.9,15.9,15.9,11.8,15.9,15.9,15.9,15.9,15.8,15.9,15.9,15.9,15.9,12,15.9,15.9,15.8,15.9,15.8,15.8,15.8,15.9,15.8,11.8,15.9,15.9,15.9,15.9,15.9,15.9,15.9,15.9,15.9,11.9,15.9,15.9,15.9,15.9,15.9,15.9,15.9,15.9,15.9,11.9,15.9,15.9,15.9,15.9,15.9,15.9,15.9,15.9,15.9,11.8,15.9,15.9,15.9,15.9,15.9,15.9,11.8,11.9
0.000179,11.9,15.9,15.8,15.8,15.8,15.9,15.9,15.9,15.9,15.9,15.9,11.8,15.9,15.9,15.9,15.9,15.9,15.9,15.9,15.9,15.9,11.9,15.9,15.9,15.9,15.9,15.9,15.9,15.9,15.9,15.9,11.9,15.9,15.9,15.9,15.9,15.9,15.9,15.9,15.9,15.9,11.7,15.9,15.9,15.9,15.9,15.8,15.9,15.9,15.9,15.9,11.9,15.9,15.9,15.9,15.9,15.9,15.8,15.9,15.9,15.9,11.7,15.9,15.9,15.9,15.9,15.8,15.9,15.9,15.9,15.9,11.9,15.9,15.9,15.9,15.9,15.9,15.9,15.9,15.9,15.9,12,15.9,15.9,15.9,15.9,15.9,15.9,15.9,15.9,15.9,11.8,15.9,15.9,15.9,15.9,15.9,15.9,11.8,11.9
0.000179,11.8,15.9,15.9,15.9,15.9,15.9,15.9,15.9,15.9,15.9,15.9,11.8,15.9,15.9,15.9,15.9,15.9,15.8,15.9,15.9,15.8,11.9,15.9,15.9,15.9,15.9,15.9,15.9,15.9,15.9,15.9,11.9,15.9,15.9,15.9,15.9,15.9,15.9,15.8,15.9,15.9,11.7,15.9,15.9,15.8,15.9,15.9,15.9,15.9,15.8,15.9,11.9,15.9,15.9,15.9,15.9,15.9,15.9,15.8,15.8,15.9,11.8,15.9,15.9,15.9,15.9,15.9,15.9,15.9,15.9,15.9,11.9,15.9,15.9,15.9,15.9,15.9,15.9,15.9,15.9,15.9,12,15.9,15.9,15.9,15.9,15.9,15.9,15.9,15.9,15.9,11.9,15.9,15.9,15.9,15.8,15.9,15.8,11.7,11.9
0.00018,11.8,15.9,15.8,15.9,15.9,15.9,15.8,15.8,15.9,15.9,15.9,11.9,15.9,15.9,15.9,15.9,15.9,15.9,15.9,15.9,15.9,11.9,15.9,15.9,15.9,15.9,15.9,15.9,15.9,15.9,15.9,11.8,15.9,15.9,15.9,15.9,15.9,15.9,15.9,15.9,15.9,11.8,15.9,15.9,15.8,15.9,15.9,15.9,15.9,15.9,15.9,11.9,15.9,15.9,15.9,15.9,15.9,15.9,15.9,15.9,15.9,11.8,15.8,15.9,15.9,15.9,15.9,15.9,15.9,15.9,15.9,11.8,15.9,15.9,15.9,15.9,15.9,15.9,15.9,15.9,15.9,12,15.9,15.9,15.9,15.9,15.9,15.9,15.9,15.9,15.9,11.9,15.9,15.9,15.9,15.9,15.9,15.9,11.7,11.9
0.00018,11.9,15.9,15.9,15.9,15.9,15.9,15.9,15.9,15.9,15.9,15.9,11.9,15.9,15.9,15.9,15.9,15.9,15.9,15.9,15.9,15.9,11.9,15.9,15.9,15.9,15.9,15.9,15.9,15.9,15.9,15.9,11.8,15.9,15.9,15.9,15.9,15.9,15.9,15.9,15.9,15.9,11.8,15.9,15.8,15.9,15.9,15.9,15.9,15.9,15.9,15.9,11.9,15.9,15.9,15.9,15.9,15.9,15.9,15.9,15.9,15.9,11.8,15.9,15.9,15.9,15.9,15.9,15.9,15.9,15.9,15.9,11.9,15.9,15.9,15.9,15.9,15.9,15.9,15.9,15.9,15.9,12,15.9,15.9,15.9,15.9,15.9,15.9,15.9,15.9,15.9,11.9,15.9,15.9,15.9,15.9,15.9,15.9,11.7,11.9
0.00018,11.9,15.9,15.9,15.9,15.9,15.9,15.8,15.9,15.9,15.9,15.9,11.9,15.9,15.9,15.9,15.9,15.9,15.9,15.9,15.9,15.9,11.9,15.9,15.9,15.9,15.9,15.9,15.8,15.9,15.9,15.9,11.7,15.9,15.9,15.8,15.9,15.9,15.9,15.9,15.9,15.9,11.8,15.9,15.9,15.9,15.9,15.9,15.9,15.9,15.9,15.9,11.9,15.9,15.9,15.9,15.9,15.9,15.9,15.9,15.9,15.9,11.8,15.9,15.9,15.9,15.9,15.9,15.9,15.9,15.9,15.9,11.9,15.9,15.9,15.9,15.9,15.9,15.9,15.9,15.9,15.9,11.9,15.9,15.9,15.9,15.9,15.9,15.9,15.9,15.9,15.9,12,15.9,15.9,15.9,15.9,15.9,15.9,11.8,11.9
0.00018,11.9,15.9,15.9,15.9,15.9,15.9,15.9,15.9,15.9,15.9,15.9,11.9,15.9,15.9,15.9,15.9,15.9,15.9,15.8,15.9,15.9,11.9,15.9,15.9,15.9,15.8,15.8,15.8,15.9,15.9,15.9,11.8,15.9,15.9,15.9,15.9,15.9,15.9,15.9,15.9,15.9,11.9,15.9,15.9,15.9,15.9,15.9,15.9,15.9,15.9,15.9,11.9,15.8,15.9,15.9,15.9,15.9,15.9,15.8,15.9,15.9,11.9,15.9,15.9,15.9,15.9,15.9,15.9,15.9,15.9,15.9,11.8,15.9,15.9,15.9,15.9,15.9,15.9,15.9,15.9,15.9,11.9,15.9,15.9,15.9,15.9,15.9,15.9,15.9,15.9,15.9,12,15.9,15.9,15.9,15.9,15.9,15.9,11.8,11.9
0.00018,11.9,15.9,15.9,15.9,15.8,15.9,15.9,15.9,15.9,15.9,15.9,12,15.8,15.9,15.9,15.9,15.9,15.9,15.9,15.9,15.9,12,15.9,15.9,15.9,15.9,15.8,15.8,15.9,15.9,15.9,11.9,15.9,15.9,15.9,15.9,15.9,15.9,15.9,15.9,15.9,11.9,15.9,15.9,15.9,15.9,15.9,15.9,15.9,15.9,15.9,11.9,15.9,15.9,15.9,15.9,15.9,15.8,15.9,15.9,15.9,12,15.9,15.9,15.9,15.8,15.8,15.9,15.9,15.9,15.9,11.8,15.9,15.9,15.9,15.8,15.8,15.9,15.9,15.9,15.9,11.9,15.9,15.9,15.9,15.9,15.8,15.9,15.9,15.9,15.9,12,15.9,15.9,15.9,15.9,15.9,15.9,11.9,11.9
0.000181,11.9,15.9,15.9,15.9,15.9,15.9,15.9,15.9,15.9,15.9,15.9,12,15.9,15.9,15.9,15.9,15.9,15.9,15.9,15.9,15.9,12,15.9,15.9,15.9,15.9,15.8,15.9,15.9,15.9,15.9,11.9,15.9,15.9,15.9,15.9,15.9,15.9,15.9,15.9,15.9,11.9,15.9,15.9,15.9,15.9,15.9,15.9,15.9,15.9,15.9,11.9,15.9,15.9,15.9,15.9,15.9,15.9,15.9,15.9,15.9,12,15.9,15.9,15.8,15.9,15.9,15.9,15.9,15.9,15.9,11.9,15.9,15.9,15.9,15.9,15.9,15.9,15.9,15.8,15.9,11.9,15.9,15.9,15.9,15.9,15.9,15.9,15.9,15.9,15.9,12,15.9,15.9,15.9,15.9,15.9,15.9,11.9,11.9
0.000181,11.9,15.9,15.9,15.9,15.9,15.9,15.9,15.9,15.9,15.9,15.9,12,15.9,15.9,15.9,15.9,15.9,15.9,15.9,15.9,15.9,11.9,15.9,15.9,15.9,15.9,15.9,15.9,15.9,15.9,15.9,11.9,15.8,15.9,15.9,15.9,15.9,15.9,15.9,15.9,15.9,11.9,15.9,15.9,15.9,15.9,15.9,15.9,15.9,15.9,15.9,11.9,15.9,15.9,15.9,15.9,15.9,15.9,15.9,15.9,15.9,11.9,15.9,15.9,15.8,15.9,15.9,15.9,15.9,15.9,15.9,11.8,15.9,15.8,15.9,15.9,15.9,15.9,15.9,15.9,15.9,11.9,15.9,15.9,15.9,15.9,15.9,15.9,15.9,15.9,15.9,12,15.9,15.9,15.9,15.9,15.9,15.9,11.9,11.9
0.000181,11.9,15.9,15.9,15.9,15.9,15.9,15.9,15.8,15.9,15.9,15.9,12,15.9,15.8,15.9,15.9,15.9,15.9,15.9,15.9,15.9,12,15.9,15.9,15.9,15.9,15.8,15.9,15.9,15.9,15.9,11.9,15.9,15.9,15.9,15.9,15.9,15.9,15.9,15.9,15.9,11.9,15.9,15.9,15.9,15.9,15.9,15.9,15.9,15.8,15.9,11.9,15.9,15.9,15.9,15.9,15.8,15.9,15.9,15.8,15.9,11.9,15.9,15.9,15.9,15.9,15.9,15.9,15.9,15.9,15.9,11.7,15.9,15.9,15.9,15.9,15.9,15.8,15.9,15.9,15.9,12,15.9,15.9,15.9,15.9,15.9,15.8,15.9,15.9,15.9,11.9,15.9,15.9,15.9,15.9,15.9,15.9,11.9,11.9
0.000181,11.9,15.9,15.9,15.9,15.9,15.9,15.9,15.9,15.9,15.9,15.9,11.9,15.9,15.9,15.9,15.9,15.9,15.9,15.9,15.9,15.9,12,15.9,15.9,15.9,15.9,15.9,15.9,15.9,15.9,15.9,11.9,15.9,15.9,15.9,15.9,15.9,15.9,15.9,15.9,15.9,11.8,15.9,15.9,15.9,15.9,15.9,15.9,15.9,15.8,15.9,11.9,15.9,15.9,15.9,15.9,15.9,15.9,15.9,15.8,15.9,11.9,15.9,15.9,15.9,15.8,15.9,15.9,15.9,15.9,15.9,11.7,15.9,15.9,15.9,15.9,15.9,15.9,15.9,15.9,15.9,11.9,15.9,15.9,15.9,15.9,15.9,15.9,15.9,15.9,15.9,11.9,15.9,15.8,15.9,15.9,15.9,15.9,11.8,11.9
0.000181,11.9,15.9,15.8,15.9,15.9,15.8,15.9,15.9,15.9,15.9,15.9,11.9,15.9,15.9,15.9,15.9,15.9,15.9,15.9,15.9,15.9,11.9,15.9,15.9,15.9,15.9,15.9,15.9,15.9,15.9,15.9,11.9,15.9,15.9,15.9,15.9,15.9,15.9,15.9,15.9,15.8,11.9,15.9,15.9,15.9,15.9,15.9,15.9,15.9,15.9,15.9,11.9,15.9,15.9,15.8,15.9,15.9,15.8,15.9,15.9,15.9,11.8,15.9,15.9,15.8,15.9,15.9,15.9,15.8,15.9,15.9,11.7,15.9,15.9,15.9,15.9,15.8,15.8,15.9,15.9,15.9,12,15.9,15.9,15.9,15.9,15.9,15.9,15.9,15.9,15.9,11.8,15.9,15.8,15.9,15.9,15.9,15.9,11.8,11.8
0.000182,11.9,15.8,15.9,15.9,15.9,15.9,15.8,15.9,15.9,15.9,15.9,11.8,15.8,15.9,15.9,15.8,15.9,15.9,15.9,15.9,15.9,11.9,15.8,15.9,15.9,15.9,15.9,15.9,15.9,15.9,15.9,11.8,15.8,15.9,15.9,15.9,15.9,15.9,15.9,15.9,15.9,11.8,15.9,15.9,15.9,15.9,15.9,15.9,15.9,15.9,15.9,11.9,15.9,15.9,15.9,15.9,15.9,15.9,15.9,15.9,15.9,11.9,15.9,15.8,15.9,15.9,15.9,15.9,15.9,15.9,15.9,11.7,15.9,15.9,15.9,15.9,15.9,15.9,15.9,15.9,15.9,12,15.9,15.9,15.9,15.9,15.9,15.9,15.9,15.9,15.9,11.8,15.9,15.9,15.9,15.8,15.9,15.9,11.7,11.9
0.000182,11.9,15.9,15.9,15.9,15.9,15.9,15.9,15.9,15.9,15.9,15.8,11.8,15.8,15.9,15.9,15.9,15.9,15.9,15.9,15.9,15.9,12,15.9,15.8,15.9,15.9,15.9,15.9,15.9,15.9,15.9,11.9,15.9,15.9,15.9,15.9,15.9,15.9,15.8,15.9,15.9,11.8,15.9,15.9,15.9,15.9,15.9,15.9,15.8,15.9,15.9,11.9,15.9,15.9,15.9,15.9,15.9,15.9,15.9,15.8,15.8,11.8,15.9,15.9,15.9,15.9,15.9,15.9,15.8,15.9,15.9,11.8,15.9,15.9,15.9,15.9,15.9,15.9,15.9,15.9,15.9,12,15.9,15.9,15.8,15.8,15.9,15.9,15.8,15.9,15.9,11.8,15.9,15.9,15.9,15.9,15.9,15.9,11.7,11.8
0.000182,11.9,15.9,15.9,15.9,15.9,15.9,15.9,15.9,15.9,15.9,15.9,11.8,15.9,15.9,15.9,15.9,15.9,15.9,15.9,15.9,15.9,12,15.9,15.9,15.9,15.9,15.9,15.9,15.9,15.9,15.9,11.8,15.9,15.9,15.9,15.9,15.9,15.9,15.9,15.9,15.9,11.8,15.8,15.9,15.9,15.9,15.9,15.9,15.9,15.9,15.9,11.9,15.9,15.9,15.9,15.9,15.9,15.9,15.9,15.9,15.9,11.8,15.9,15.9,15.9,15.8,15.9,15.9,15.9,15.9,15.9,11.8,15.9,15.9,15.9,15.9,15.9,15.9,15.9,15.8,15.9,11.9,15.9,15.9,15.9,15.9,15.9,15.9,15.9,15.9,15.9,11.8,15.9,15.9,15.9,15.9,15.9,15.9,11.6,11.9
0.000182,11.9,15.9,15.9,15.9,15.9,15.9,15.9,15.9,15.9,15.9,15.9,11.8,15.9,15.9,15.9,15.9,15.9,15.9,15.9,15.9,15.9,12,15.9,15.9,15.9,15.9,15.9,15.9,15.9,15.8,15.9,11.9,15.9,15.9,15.9,15.9,15.9,15.9,15.9,15.9,15.9,11.8,15.8,15.9,15.9,15.9,15.9,15.9,15.8,15.9,15.9,11.9,15.8,15.9,15.9,15.9,15.9,15.9,15.9,15.9,15.9,11.9,15.9,15.9,15.9,15.9,15.9,15.9,15.9,15.9,15.9,11.9,15.8,15.9,15.9,15.9,15.9,15.9,15.9,15.9,15.9,11.9,15.9,15.9,15.9,15.9,15.9,15.9,15.9,15.9,15.8,11.9,15.8,15.9,15.9,15.9,15.9,15.9,11.7,11.8
0.000182,11.9,15.9,15.9,15.9,15.9,15.9,15.9,15.9,15.9,15.9,15.9,11.8,15.9,15.9,15.9,15.9,15.9,15.8,15.9,15.8,15.9,11.9,15.9,15.9,15.9,15.9,15.9,15.9,15.9,15.9,15.9,11.8,15.9,15.9,15.9,15.9,15.9,15.9,15.9,15.9,15.9,11.9,15.9,15.9,15.9,15.9,15.9,15.9,15.9,15.9,15.9,11.9,15.9,15.9,15.9,15.9,15.9,15.9,15.9,15.9,15.9,11.9,15.9,15.9,15.9,15.9,15.9,15.9,15.8,15.9,15.9,11.9,15.9,15.9,15.8,15.9,15.9,15.8,15.9,15.9,15.9,11.9,15.9,15.9,15.9,15.8,15.9,15.9,15.9,15.9,15.9,11.8,15.9,15.9,15.9,15.9,15.9,15.9,11.8,11.9
0.000183,11.9,15.9,15.9,15.9,15.8,15.9,15.9,15.9,15.9,15.9,15.9,11.9,15.9,15.9,15.9,15.9,15.9,15.9,15.9,15.9,15.9,11.9,15.9,15.9,15.9,15.9,15.9,15.9,15.9,15.9,15.9,11.8,15.9,15.9,15.9,15.9,15.9,15.9,15.9,15.9,15.9,11.9,15.9,15.9,15.9,15.9,15.9,15.9,15.9,15.9,15.9,11.8,15.8,15.9,15.8,15.9,15.8,15.9,15.9,15.9,15.9,11.9,15.9,15.9,15.9,15.8,15.9,15.9,15.9,15.9,15.9,11.9,15.9,15.9,15.9,15.9,15.9,15.9,15.9,15.9,15.9,11.9,15.9,15.9,15.9,15.9,15.9,15.9,15.9,15.9,15.9,11.8,15.9,15.9,15.9,15.9,15.9,15.9,11.9,11.9
0.000183,11.9,15.9,15.9,15.9,15.9,15.8,15.9,15.9,15.9,15.9,15.8,11.9,15.9,15.9,15.9,15.9,15.9,15.9,15.9,15.9,15.9,11.9,15.9,15.9,15.9,15.9,15.9,15.8,15.9,15.9,15.9,11.9,15.8,15.9,15.9,15.9,15.9,15.9,15.9,15.9,15.9,11.8,15.8,15.9,15.9,15.9,15.8,15.9,15.9,15.9,15.9,11.7,15.8,15.9,15.9,15.9,15.9,15.9,15.9,15.9,15.9,11.9,15.9,15.8,15.9,15.9,15.9,15.9,15.9,15.9,15.9,11.9,15.9,15.9,15.9,15.9,15.8,15.9,15.9,15.9,15.9,11.9,15.9,15.9,15.9,15.9,15.9,15.9,15.9,15.9,15.9,11.8,15.9,15.9,15.9,15.9,15.9,15.9,12,11.9
0.000183,11.9,15.9,15.9,15.9,15.9,15.9,15.9,15.8,15.9,15.9,15.9,11.9,15.9,15.9,15.9,15.9,15.9,15.9,15.9,15.9,15.9,11.9,15.9,15.9,15.9,15.9,15.9,15.9,15.9,15.9,15.9,11.8,15.8,15.9,15.9,15.9,15.9,15.9,15.9,15.9,15.9,11.9,15.9,15.9,15.9,15.9,15.9,15.9,15.9,15.9,15.9,11.8,15.9,15.9,15.9,15.9,15.9,15.9,15.9,15.9,15.9,11.9,15.9,15.9,15.9,15.9,15.9,15.9,15.9,15.9,15.9,11.8,15.9,15.9,15.9,15.9,15.9,15.9,15.9,15.9,15.9,11.9,15.9,15.9,15.9,15.9,15.9,15.9,15.9,15.9,15.9,11.8,15.9,15.9,15.9,15.9,15.9,15.9,12,11.9
0.000183,11.9,15.9,15.9,15.9,15.9,15.9,15.8,15.9,15.9,15.9,15.9,11.9,15.9,15.9,15.9,15.9,15.9,15.9,15.9,15.9,15.9,11.9,15.9,15.9,15.9,15.9,15.9,15.9,15.9,15.9,15.9,11.9,15.9,15.9,15.9,15.9,15.9,15.9,15.9,15.9,15.8,11.9,15.9,15.9,15.9,15.9,15.9,15.9,15.9,15.9,15.9,11.8,15.9,15.9,15.9,15.9,15.9,15.9,15.9,15.9,15.8,11.9,15.9,15.9,15.9,15.9,15.9,15.9,15.9,15.9,15.9,11.7,15.9,15.9,15.9,15.9,15.9,15.9,15.9,15.9,15.9,11.9,15.9,15.9,15.9,15.9,15.9,15.9,15.9,15.9,15.8,11.9,15.8,15.9,15.9,15.9,15.9,15.9,12,11.9
0.000183,12,15.9,15.9,15.9,15.9,15.9,15.9,15.9,15.9,15.9,15.9,11.9,15.9,15.9,15.9,15.9,15.9,15.9,15.9,15.9,15.9,11.9,15.9,15.9,15.9,15.9,15.9,15.9,15.9,15.9,15.8,11.9,15.9,15.9,15.9,15.9,15.8,15.9,15.9,15.9,15.9,11.9,15.9,15.9,15.9,15.9,15.9,15.9,15.9,15.9,15.9,11.9,15.9,15.9,15.9,15.9,15.9,15.8,15.9,15.9,15.9,12,15.9,15.9,15.9,15.9,15.9,15.9,15.9,15.9,15.9,11.7,15.9,15.9,15.9,15.9,15.9,15.9,15.9,15.9,15.9,11.9,15.9,15.9,15.9,15.9,15.9,15.9,15.9,15.9,15.9,11.8,15.8,15.9,15.9,15.9,15.9,15.8,12,11.9
0.000184,12,15.9,15.9,15.9,15.8,15.9,15.9,15.9,15.8,15.9,15.9,12,15.9,15.9,15.9,15.9,15.9,15.9,15.9,15.9,15.9,11.9,15.9,15.9,15.9,15.9,15.9,15.9,15.9,15.9,15.9,11.8,15.9,15.9,15.9,15.9,15.9,15.9,15.9,15.8,15.9,11.9,15.9,15.9,15.8,15.8,15.9,15.9,15.9,15.9,15.8,12,15.9,15.8,15.8,15.9,15.9,15.9,15.9,15.9,15.9,11.9,15.9,15.9,15.9,15.9,15.9,15.9,15.9,15.9,15.9,11.7,15.9,15.9,15.9,15.9,15.9,15.8,15.9,15.9,15.9,11.9,15.9,15.9,15.8,15.9,15.9,15.9,15.9,15.9,15.9,11.9,15.9,15.9,15.9,15.9,15.9,15.9,11.9,11.9
0.000184,12,15.9,15.9,15.9,15.9,15.9,15.9,15.9,15.9,15.9,15.9,11.9,15.8,15.9,15.9,15.9,15.9,15.9,15.9,15.9,15.9,11.9,15.9,15.9,15.9,15.9,15.9,15.9,15.9,15.9,15.9,11.9,15.9,15.9,15.9,15.9,15.9,15.9,15.9,15.9,15.9,11.9,15.9,15.9,15.9,15.9,15.9,15.9,15.9,15.9,15.8,12,15.9,15.9,15.9,15.9,15.9,15.9,15.9,15.9,15.9,11.9,15.8,15.9,15.9,15.9,15.9,15.9,15.9,15.9,15.9,11.7,15.9,15.9,15.9,15.8,15.9,15.9,15.9,15.9,15.8,11.9,15.9,15.9,15.9,15.9,15.9,15.9,15.9,15.8,15.9,11.8,15.9,15.9,15.9,15.8,15.9,15.9,11.9,11.9
0.000184,11.9,15.9,15.9,15.9,15.9,15.9,15.9,15.9,15.8,15.9,15.9,11.9,15.9,15.9,15.9,15.9,15.9,15.9,15.9,15.9,15.9,12,15.9,15.9,15.8,15.9,15.9,15.9,15.9,15.9,15.9,11.9,15.9,15.9,15.8,15.9,15.9,15.9,15.9,15.9,15.9,11.9,15.9,15.9,15.9,15.9,15.9,15.9,15.9,15.9,15.9,12,15.8,15.9,15.9,15.9,15.9,15.8,15.9,15.9,15.9,11.9,15.9,15.9,15.9,15.9,15.9,15.9,15.9,15.8,15.9,11.7,15.9,15.9,15.9,15.9,15.8,15.8,15.9,15.9,15.9,11.9,15.9,15.9,15.9,15.9,15.9,15.9,15.9,15.9,15.9,11.9,15.9,15.9,15.9,15.9,15.9,15.9,11.8,11.9
0.000184,11.9,15.9,15.9,15.9,15.8,15.9,15.9,15.9,15.9,15.9,15.9,11.9,15.9,15.9,15.9,15.9,15.9,15.9,15.9,15.9,15.9,12,15.9,15.9,15.9,15.9,15.9,15.9,15.9,15.9,15.9,11.9,15.9,15.9,15.8,15.9,15.9,15.9,15.9,15.9,15.9,11.9,15.9,15.9,15.9,15.9,15.9,15.9,15.9,15.9,15.9,12,15.9,15.9,15.9,15.9,15.9,15.9,15.9,15.9,15.9,11.9,15.9,15.9,15.9,15.9,15.8,15.9,15.9,15.9,15.9,11.8,15.9,15.9,15.8,15.9,15.9,15.9,15.9,15.9,15.9,11.9,15.9,15.9,15.9,15.9,15.9,15.9,15.9,15.9,15.9,11.9,15.9,15.9,15.9,15.9,15.8,15.9,11.9,11.9
0.000184,11.9,15.9,15.9,15.9,15.8,15.9,15.9,15.9,15.9,15.9,15.9,11.9,15.9,15.9,15.9,15.9,15.9,15.9,15.9,15.9,15.8,12,15.9,15.9,15.9,15.9,15.9,15.9,15.9,15.9,15.9,11.8,15.8,15.9,15.9,15.9,15.9,15.9,15.8,15.9,15.8,11.9,15.9,15.8,15.9,15.9,15.9,15.9,15.9,15.9,15.8,11.9,15.9,15.9,15.9,15.9,15.9,15.9,15.9,15.9,15.9,11.9,15.9,15.9,15.9,15.9,15.8,15.9,15.8,15.9,15.9,11.9,15.8,15.9,15.9,15.9,15.9,15.8,15.9,15.9,15.9,11.9,15.9,15.9,15.9,15.9,15.8,15.9,15.9,15.9,15.9,11.9,15.9,15.9,15.9,15.9,15.9,15.9,11.9,11.9
0.000185,11.8,15.9,15.9,15.9,15.9,15.9,15.9,15.9,15.9,15.9,15.9,11.9,15.9,15.9,15.9,15.9,15.8,15.9,15.8,15.9,15.8,11.9,15.9,15.9,15.9,15.9,15.9,15.9,15.9,15.9,15.9,11.9,15.9,15.9,15.9,15.9,15.9,15.9,15.9,15.9,15.9,11.9,15.9,15.9,15.9,15.9,15.9,15.9,15.9,15.9,15.9,11.9,15.9,15.9,15.9,15.9,15.9,15.9,15.9,15.9,15.9,11.9,15.9,15.9,15.8,15.9,15.9,15.9,15.9,15.9,15.9,11.9,15.9,15.9,15.9,15.9,15.9,15.9,15.9,15.9,15.9,11.9,15.9,15.9,15.8,15.8,15.8,15.9,15.9,15.9,15.9,11.8,15.9,15.9,15.9,15.9,15.9,15.9,11.9,11.9
0.000185,11.8,15.9,15.9,15.9,15.9,15.9,15.9,15.9,15.9,15.9,15.9,11.9,15.9,15.9,15.9,15.9,15.8,15.9,15.9,15.9,15.9,12,15.9,15.9,15.9,15.9,15.9,15.9,15.9,15.9,15.9,11.9,15.9,15.9,15.9,15.9,15.9,15.9,15.9,15.9,15.9,11.9,15.9,15.9,15.9,15.9,15.9,15.9,15.9,15.9,15.9,11.9,15.9,15.9,15.9,15.8,15.9,15.9,15.9,15.9,15.8,11.9,15.9,15.9,15.9,15.9,15.9,15.9,15.9,15.9,15.9,11.9,15.9,15.9,15.9,15.9,15.9,15.9,15.9,15.9,15.9,11.9,15.9,15.9,15.9,15.9,15.9,15.9,15.9,15.8,15.9,11.8,15.9,15.9,15.9,15.9,15.9,15.9,12,11.9
0.000185,11.8,15.9,15.9,15.8,15.9,15.9,15.8,15.9,15.9,15.9,15.9,11.8,15.9,15.9,15.9,15.9,15.9,15.8,15.9,15.9,15.9,11.9,15.9,15.9,15.9,15.9,15.9,15.9,15.9,15.9,15.9,11.9,15.9,15.9,15.9,15.9,15.9,15.9,15.9,15.9,15.9,11.9,15.9,15.9,15.9,15.9,15.9,15.9,15.9,15.9,15.9,11.8,15.9,15.9,15.9,15.8,15.8,15.9,15.9,15.9,15.9,11.9,15.9,15.9,15.9,15.9,15.9,15.9,15.9,15.9,15.9,11.9,15.9,15.9,15.9,15.9,15.9,15.9,15.9,15.9,15.9,11.9,15.8,15.9,15.9,15.9,15.9,15.9,15.9,15.9,15.9,11.8,15.9,15.8,15.9,15.9,15.8,15.9,11.9,11.8
0.000185,11.8,15.9,15.9,15.9,15.9,15.9,15.9,15.9,15.8,15.9,15.8,11.9,15.9,15.9,15.9,15.8,15.9,15.9,15.9,15.9,15.9,12,15.9,15.9,15.8,15.9,15.9,15.9,15.9,15.9,15.9,11.8,15.9,15.9,15.9,15.9,15.9,15.9,15.9,15.9,15.9,11.8,15.8,15.9,15.9,15.9,15.9,15.8,15.9,15.9,15.8,11.9,15.9,15.9,15.9,15.9,15.9,15.9,15.9,15.9,15.9,11.9,15.9,15.9,15.9,15.9,15.9,15.9,15.9,15.9,15.9,11.8,15.9,15.9,15.9,15.9,15.9,15.9,15.9,15.9,15.8,11.9,15.9,15.9,15.9,15.9,15.9,15.9,15.9,15.9,15.9,11.9,15.9,15.9,15.9,15.9,15.9,15.9,11.9,11.9
0.000185,11.9,15.8,15.9,15.9,15.8,15.9,15.9,15.9,15.9,15.9,15.9,11.9,15.9,15.9,15.9,15.9,15.9,15.9,15.9,15.9,15.9,11.9,15.9,15.9,15.8,15.9,15.9,15.9,15.9,15.9,15.9,11.8,15.9,15.9,15.9,15.9,15.9,15.9,15.9,15.9,15.9,11.9,15.9,15.9,15.9,15.9,15.9,15.9,15.9,15.9,15.9,11.8,15.9,15.8,15.9,15.9,15.9,15.9,15.9,15.9,15.9,11.9,15.9,15.9,15.9,15.9,15.9,15.9,15.9,15.9,15.9,11.8,15.9,15.9,15.9,15.9,15.9,15.9,15.9,15.9,15.9,11.9,15.9,15.9,15.9,15.9,15.9,15.9,15.9,15.9,15.8,11.9,15.8,15.8,15.9,15.9,15.9,15.9,11.8,11.8
0.000186,11.9,15.9,15.9,15.9,15.9,15.9,15.9,15.9,15.9,15.9,15.9,11.9,15.9,15.9,15.9,15.9,15.8,15.9,15.9,15.9,15.9,11.9,15.9,15.9,15.9,15.9,15.9,15.9,15.9,15.9,15.9,11.8,15.9,15.9,15.9,15.9,15.9,15.9,15.9,15.9,15.9,11.9,15.9,15.9,15.9,15.9,15.9,15.9,15.9,15.9,15.9,11.9,15.9,15.9,15.9,15.9,15.9,15.9,15.9,15.8,15.9,11.9,15.9,15.9,15.9,15.9,15.9,15.9,15.9,15.9,15.9,11.7,15.9,15.9,15.9,15.9,15.9,15.9,15.9,15.9,15.9,11.9,15.9,15.9,15.9,15.9,15.9,15.8,15.9,15.9,15.9,11.9,15.9,15.9,15.9,15.9,15.8,15.9,11.8,11.9
0.000186,11.9,15.9,15.9,15.9,15.9,15.9,15.9,15.9,15.9,15.9,15.9,11.9,15.9,15.9,15.9,15.9,15.9,15.8,15.9,15.9,15.9,12,15.9,15.9,15.9,15.9,15.9,15.9,15.9,15.9,15.9,11.8,15.9,15.8,15.9,15.9,15.9,15.9,15.9,15.9,15.9,11.9,15.9,15.9,15.9,15.9,15.9,15.9,15.9,15.9,15.9,11.9,15.9,15.9,15.9,15.8,15.9,15.9,15.9,15.9,15.9,11.9,15.9,15.9,15.9,15.9,15.9,15.9,15.9,15.9,15.9,11.6,15.9,15.9,15.9,15.9,15.9,15.9,15.9,15.9,15.9,11.9,15.9,15.9,15.9,15.9,15.9,15.9,15.9,15.9,15.9,11.9,15.9,15.9,15.9,15.9,15.8,15.9,11.8,11.9
0.000186,11.9,15.9,15.9,15.9,15.9,15.8,15.9,15.9,15.9,15.9,15.9,11.9,15.8,15.9,15.9,15.9,15.9,15.9,15.9,15.9,15.9,12,15.9,15.8,15.9,15.9,15.8,15.9,15.9,15.9,15.9,11.8,15.9,15.9,15.9,15.9,15.9,15.9,15.9,15.9,15.9,11.9,15.9,15.9,15.9,15.9,15.9,15.9,15.9,15.9,15.9,12,15.9,15.9,15.9,15.9,15.9,15.9,15.9,15.9,15.8,11.9,15.9,15.9,15.9,15.9,15.9,15.8,15.9,15.9,15.9,11.7,15.9,15.8,15.9,15.9,15.9,15.9,15.9,15.9,15.9,11.9,15.8,15.9,15.9,15.9,15.9,15.9,15.9,15.8,15.9,12,15.9,15.9,15.9,15.9,15.9,15.9,11.7,11.9
0.000186,11.9,15.9,15.9,15.8,15.9,15.9,15.9,15.8,15.9,15.9,15.9,11.9,15.9,15.9,15.9,15.9,15.9,15.9,15.9,15.9,15.9,12,15.9,15.9,15.9,15.9,15.9,15.9,15.8,15.9,15.9,11.8,15.9,15.9,15.9,15.9,15.9,15.8,15.9,15.9,15.9,11.9,15.9,15.9,15.9,15.9,15.9,15.9,15.8,15.9,15.9,11.9,15.9,15.9,15.9,15.9,15.9,15.9,15.8,15.9,15.9,11.9,15.9,15.9,15.9,15.9,15.9,15.9,15.9,15.8,15.9,11.7,15.9,15.9,15.9,15.9,15.9,15.9,15.9,15.8,15.9,11.9,15.9,15.9,15.8,15.9,15.9,15.9,15.9,15.8,15.9,12,15.9,15.8,15.9,15.9,15.9,15.9,11.7,11.9
0.000186,11.9,15.9,15.9,15.9,15.9,15.8,15.9,15.9,15.9,15.9,15.9,11.9,15.9,15.9,15.9,15.9,15.9,15.9,15.9,15.9,15.8,11.9,15.8,15.9,15.8,15.8,15.9,15.9,15.9,15.9,15.9,11.8,15.9,15.9,15.9,15.8,15.9,15.9,15.9,15.9,15.9,12,15.9,15.8,15.9,15.9,15.9,15.9,15.9,15.9,15.9,12,15.9,15.9,15.9,15.9,15.9,15.9,15.9,15.9,15.9,11.9,15.9,15.9,15.9,15.9,15.9,15.9,15.9,15.9,15.9,11.8,15.9,15.8,15.9,15.9,15.9,15.9,15.9,15.9,15.9,11.9,15.9,15.9,15.9,15.9,15.9,15.9,15.9,15.9,15.9,12,15.9,15.9,15.8,15.9,15.9,15.9,11.8,11.9
0.000187,11.9,15.9,15.9,15.9,15.9,15.9,15.9,15.9,15.9,15.9,15.9,11.8,15.9,15.9,15.9,15.8,15.9,15.9,15.9,15.8,15.9,11.9,15.9,15.9,15.9,15.9,15.8,15.9,15.9,15.9,15.8,11.9,15.9,15.9,15.9,15.9,15.8,15.9,15.9,15.9,15.9,11.9,15.9,15.9,15.9,15.9,15.9,15.9,15.9,15.9,15.9,12,15.9,15.9,15.9,15.9,15.9,15.9,15.9,15.9,15.9,11.9,15.9,15.9,15.8,15.9,15.9,15.9,15.9,15.9,15.9,11.8,15.9,15.9,15.9,15.9,15.9,15.9,15.9,15.9,15.9,11.9,15.9,15.9,15.9,15.9,15.9,15.8,15.9,15.9,15.9,11.9,15.9,15.9,15.9,15.8,15.9,15.9,11.7,11.9
0.000187,11.9,15.9,15.9,15.9,15.9,15.9,15.9,15.9,15.9,15.9,15.9,11.8,15.9,15.9,15.9,15.9,15.9,15.9,15.8,15.9,15.9,12,15.8,15.9,15.9,15.9,15.9,15.9,15.9,15.9,15.8,11.9,15.9,15.9,15.9,15.9,15.9,15.9,15.9,15.9,15.8,11.9,15.9,15.9,15.9,15.9,15.9,15.9,15.9,15.9,15.9,11.9,15.9,15.9,15.9,15.8,15.9,15.9,15.9,15.9,15.8,11.9,15.9,15.9,15.9,15.9,15.9,15.9,15.8,15.9,15.9,11.9,15.8,15.9,15.9,15.8,15.9,15.9,15.8,15.9,15.9,11.9,15.9,15.9,15.9,15.9,15.9,15.9,15.9,15.9,15.9,11.9,15.9,15.9,15.9,15.9,15.9,15.9,11.7,11.9
0.000187,11.9,15.9,15.9,15.9,15.9,15.9,15.9,15.9,15.8,15.9,15.8,11.8,15.9,15.9,15.9,15.9,15.9,15.9,15.9,15.9,15.9,11.9,15.8,15.9,15.9,15.9,15.9,15.9,15.9,15.9,15.9,11.9,15.9,15.9,15.9,15.9,15.9,15.9,15.9,15.9,15.9,11.9,15.9,15.9,15.9,15.9,15.9,15.9,15.9,15.9,15.9,11.9,15.9,15.9,15.9,15.9,15.9,15.9,15.9,15.9,15.9,11.9,15.9,15.9,15.9,15.9,15.9,15.8,15.9,15.9,15.9,11.9,15.9,15.9,15.9,15.8,15.9,15.9,15.9,15.9,15.9,11.9,15.9,15.8,15.9,15.9,15.9,15.8,15.9,15.9,15.9,11.9,15.9,15.9,15.9,15.9,15.9,15.9,11.8,11.9
0.000187,11.9,15.9,15.9,15.9,15.9,15.9,15.9,15.9,15.8,15.9,15.9,11.8,15.9,15.9,15.9,15.9,15.9,15.9,15.9,15.9,15.9,11.9,15.9,15.9,15.9,15.8,15.9,15.9,15.9,15.9,15.9,11.8,15.9,15.9,15.9,15.9,15.9,15.9,15.9,15.9,15.9,11.8,15.9,15.9,15.9,15.8,15.8,15.9,15.9,15.9,15.9,11.9,15.9,15.9,15.9,15.8,15.9,15.9,15.9,15.9,15.9,11.9,15.9,15.9,15.9,15.9,15.9,15.9,15.9,15.9,15.9,11.9,15.9,15.9,15.9,15.9,15.8,15.9,15.9,15.9,15.9,11.9,15.9,15.9,15.9,15.9,15.9,15.8,15.9,15.9,15.9,11.9,15.9,15.9,15.9,15.9,15.9,15.9,11.8,11.9
0.000187,11.9,15.9,15.8,15.9,15.9,15.9,15.9,15.9,15.9,15.9,15.9,11.8,15.9,15.9,15.9,15.9,15.9,15.8,15.8,15.9,15.9,12,15.9,15.9,15.9,15.9,15.9,15.9,15.8,15.9,15.8,11.9,15.9,15.9,15.8,15.9,15.9,15.9,15.9,15.9,15.9,11.8,15.9,15.9,15.9,15.9,15.9,15.9,15.9,15.9,15.9,11.9,15.9,15.9,15.9,15.9,15.9,15.9,15.9,15.9,15.9,11.9,15.9,15.9,15.9,15.9,15.9,15.9,15.9,15.9,15.8,11.9,15.9,15.9,15.8,15.9,15.9,15.9,15.9,15.9,15.9,11.9,15.9,15.9,15.9,15.8,15.9,15.9,15.9,15.9,15.9,11.9,15.9,15.9,15.9,15.9,15.9,15.9,11.8,11.8
