Time(s),0 m,0.0068 m,0.0136 m,0.0204 m,0.0272 m,0.034 m,0.0408 m,0.0476 m,0.0544 m,0.0612 m,0.068 m,0.0748 m,0.0816 m,0.0884 m,0.0952 m,0.102 m,0.1088 m,0.1156 m,0.1224 m,0.1292 m,0.136 m,0.1428 m,0.1496 m,0.1564 m,0.1632 m,0.17 m,0.1768 m,0.1836 m,0.1904 m,0.1972 m,0.204 m,0.2108 m,0.2176 m,0.2244 m,0.2312 m,0.238 m,0.2448 m,0.2516 m,0.2584 m,0.2652 m,0.272 m,0.2788 m,0.2856 m,0.2924 m,0.2992 m,0.306 m,0.3128 m,0.3196 m,0.3264 m,0.3332 m,0.34 m,0.3468 m,0.3536 m,0.3604 m,0.3672 m,0.374 m,0.3808 m,0.3876 m,0.3944 m,0.4012 m,0.408 m,0.4148 m,0.4216 m,0.4284 m,0.4352 m,0.442 m,0.4488 m,0.4556 m,0.4624 m,0.4692 m,0.476 m,0.4828 m,0.4896 m,0.4964 m,0.5032 m,0.51 m,0.5168 m,0.5236 m,0.5304 m,0.5372 m,0.544 m,0.5508 m,0.5576 m,0.5644 m,0.5712 m,0.578 m,0.5848 m,0.5916 m,0.5984 m,0.6052 m,0.612 m,0.6188 m,0.6256 m,0.6324 m,0.6392 m,0.646 m,0.6528 m,0.6596 m,0.6664 m,0.6732 m
-0.0000124,47.8,47.8,47.8,47.8,47.8,47.8,47.8,47.8,47.8,47.8,47.8,47.8,47.8,47.8,47.8,47.8,47.8,47.8,47.8,47.8,47.8,47.8,47.8,47.8,47.8,47.8,47.8,47.8,47.8,47.8,47.8,47.8,47.8,47.8,47.8,47.8,47.8,47.8,47.8,47.8,47.8,47.8,47.8,47.8,47.8,47.8,47.8,47.8,47.8,47.8,47.8,47.8,47.8,47.8,47.8,47.8,47.8,47.8,47.8,47.8,47.8,47.8,47.8,47.8,47.8,47.8,47.8,47.8,47.8,47.8,47.8,47.8,47.8,47.8,47.8,47.8,47.8,47.8,47.8,47.8,47.8,47.8,47.8,47.8,47.8,47.8,47.8,47.8,47.8,47.8,47.8,47.8,47.8,47.8,47.8,47.8,47.8,47.8,47.7,47.8
-0.0000122,47.8,47.8,47.8,47.8,47.8,47.8,47.8,47.8,47.8,47.8,47.8,47.8,47.8,47.8,47.8,47.8,47.8,47.8,47.8,47.8,47.8,47.8,47.8,47.8,47.8,47.8,47.8,47.8,47.8,47.8,47.8,47.8,47.8,47.8,47.8,47.8,47.8,47.8,47.8,47.8,47.8,47.8,47.8,47.8,47.8,47.8,47.8,47.8,47.8,47.8,47.8,47.8,47.8,47.8,47.8,47.8,47.8,47.8,47.8,47.8,47.8,47.8,47.8,47.8,47.8,47.8,47.8,47.8,47.8,47.8,47.8,47.8,47.8,47.8,47.8,47.8,47.8,47.8,47.8,47.8,47.8,47.8,47.8,47.8,47.8,47.8,47.8,47.8,47.8,47.8,47.8,47.8,47.8,47.8,47.8,47.8,47.8,47.8,47.8,47.8
-0.000012,47.7,47.7,47.7,47.7,47.7,47.7,47.7,47.7,47.7,47.7,47.7,47.7,47.7,47.7,47.7,47.7,47.7,47.7,47.7,47.7,47.7,47.7,47.7,47.7,47.7,47.7,47.7,47.7,47.7,47.7,47.7,47.7,47.7,47.7,47.7,47.7,47.7,47.7,47.7,47.7,47.7,47.7,47.7,47.7,47.7,47.7,47.7,47.7,47.7,47.7,47.7,47.7,47.7,47.7,47.7,47.7,47.7,47.7,47.7,47.7,47.7,47.7,47.7,47.7,47.7,47.7,47.7,47.7,47.7,47.7,47.7,47.7,47.7,47.7,47.7,47.7,47.7,47.7,47.7,47.7,47.7,47.7,47.7,47.7,47.7,47.7,47.7,47.7,47.7,47.7,47.7,47.7,47.7,47.7,47.7,47.7,47.7,47.7,47.7,47.7
-0.0000118,47.8,47.8,47.8,47.8,47.8,47.8,47.8,47.8,47.8,47.8,47.8,47.8,47.8,47.8,47.8,47.8,47.8,47.8,47.8,47.8,47.8,47.8,47.8,47.8,47.8,47.8,47.8,47.8,47.8,47.8,47.8,47.8,47.8,47.8,47.8,47.8,47.8,47.8,47.8,47.8,47.8,47.8,47.8,47.8,47.8,47.8,47.8,47.8,47.8,47.8,47.8,47.8,47.8,47.8,47.8,47.8,47.8,47.8,47.8,47.8,47.8,47.8,47.8,47.8,47.8,47.8,47.8,47.8,47.8,47.8,47.8,47.8,47.8,47.8,47.8,47.8,47.8,47.8,47.8,47.8,47.8,47.8,47.8,47.8,47.8,47.8,47.8,47.8,47.8,47.8,47.8,47.8,47.8,47.8,47.8,47.8,47.8,47.8,47.8,47.8
-0.0000116,47.7,47.7,47.7,47.7,47.7,47.7,47.7,47.7,47.7,47.7,47.7,47.7,47.7,47.7,47.7,47.7,47.7,47.7,47.7,47.7,47.7,47.7,47.7,47.7,47.7,47.7,47.7,47.7,47.7,47.7,47.7,47.7,47.7,47.7,47.7,47.7,47.7,47.7,47.7,47.7,47.7,47.7,47.7,47.7,47.7,47.7,47.7,47.7,47.7,47.7,47.7,47.7,47.7,47.7,47.7,47.7,47.7,47.7,47.7,47.7,47.7,47.7,47.7,47.7,47.7,47.7,47.7,47.7,47.7,47.7,47.7,47.7,47.7,47.7,47.7,47.7,47.7,47.7,47.7,47.7,47.7,47.7,47.7,47.7,47.7,47.7,47.7,47.7,47.7,47.7,47.7,47.7,47.7,47.7,47.7,47.7,47.7,47.7,47.8,47.7
-0.0000114,47.8,47.8,47.8,47.8,47.8,47.8,47.8,47.8,47.8,47.8,47.8,47.8,47.8,47.8,47.8,47.8,47.8,47.8,47.8,47.8,47.8,47.8,47.8,47.8,47.8,47.8,47.8,47.8,47.8,47.8,47.8,47.8,47.8,47.8,47.8,47.8,47.8,47.8,47.8,47.8,47.8,47.8,47.8,47.8,47.8,47.8,47.8,47.8,47.8,47.8,47.8,47.8,47.8,47.8,47.8,47.8,47.8,47.8,47.8,47.8,47.8,47.8,47.8,47.8,47.8,47.8,47.8,47.8,47.8,47.8,47.8,47.8,47.8,47.8,47.8,47.8,47.8,47.8,47.8,47.8,47.8,47.8,47.8,47.8,47.8,47.8,47.8,47.8,47.8,47.8,47.8,47.8,47.8,47.8,47.8,47.8,47.8,47.8,47.9,47.8
-0.0000112,47.7,47.7,47.7,47.7,47.7,47.7,47.7,47.7,47.7,47.7,47.7,47.7,47.7,47.7,47.7,47.7,47.7,47.7,47.7,47.7,47.7,47.7,47.7,47.7,47.7,47.7,47.7,47.7,47.7,47.7,47.7,47.7,47.7,47.7,47.7,47.7,47.7,47.7,47.7,47.7,47.7,47.7,47.7,47.7,47.7,47.7,47.7,47.7,47.7,47.7,47.7,47.7,47.7,47.7,47.7,47.7,47.7,47.7,47.7,47.7,47.7,47.7,47.7,47.7,47.7,47.7,47.7,47.7,47.7,47.7,47.7,47.7,47.7,47.7,47.7,47.7,47.7,47.7,47.7,47.7,47.7,47.7,47.7,47.7,47.7,47.7,47.7,47.7,47.7,47.7,47.7,47.7,47.7,47.7,47.7,47.7,47.7,47.7,47.9,47.7
-0.000011,47.8,47.8,47.8,47.8,47.8,47.8,47.8,47.8,47.8,47.8,47.8,47.8,47.8,47.8,47.8,47.8,47.8,47.8,47.8,47.8,47.8,47.8,47.8,47.8,47.8,47.8,47.8,47.8,47.8,47.8,47.8,47.8,47.8,47.8,47.8,47.8,47.8,47.8,47.8,47.8,47.8,47.8,47.8,47.8,47.8,47.8,47.8,47.8,47.8,47.8,47.8,47.8,47.8,47.8,47.8,47.8,47.8,47.8,47.8,47.8,47.8,47.8,47.8,47.8,47.8,47.8,47.8,47.8,47.8,47.8,47.8,47.8,47.8,47.8,47.8,47.8,47.8,47.8,47.8,47.8,47.8,47.8,47.8,47.8,47.8,47.8,47.8,47.8,47.8,47.8,47.8,47.8,47.8,47.8,47.8,47.8,47.8,47.8,47.7,47.8
-0.0000108,47.8,47.8,47.8,47.8,47.8,47.8,47.8,47.8,47.8,47.8,47.8,47.8,47.8,47.8,47.8,47.8,47.8,47.8,47.8,47.8,47.8,47.8,47.8,47.8,47.8,47.8,47.8,47.8,47.8,47.8,47.8,47.8,47.8,47.8,47.8,47.8,47.8,47.8,47.8,47.8,47.8,47.8,47.8,47.8,47.8,47.8,47.8,47.8,47.8,47.8,47.8,47.8,47.8,47.8,47.8,47.8,47.8,47.8,47.8,47.8,47.8,47.8,47.8,47.8,47.8,47.8,47.8,47.8,47.8,47.8,47.8,47.8,47.8,47.8,47.8,47.8,47.8,47.8,47.8,47.8,47.8,47.8,47.8,47.8,47.8,47.8,47.8,47.8,47.8,47.8,47.8,47.8,47.8,47.8,47.8,47.8,47.8,47.8,47.8,47.8
-0.0000106,47.7,47.7,47.7,47.7,47.7,47.7,47.7,47.7,47.7,47.7,47.7,47.7,47.7,47.7,47.7,47.7,47.7,47.7,47.7,47.7,47.7,47.7,47.7,47.7,47.7,47.7,47.7,47.7,47.7,47.7,47.7,47.7,47.7,47.7,47.7,47.7,47.7,47.7,47.7,47.7,47.7,47.7,47.7,47.7,47.7,47.7,47.7,47.7,47.7,47.7,47.7,47.7,47.7,47.7,47.7,47.7,47.7,47.7,47.7,47.7,47.7,47.7,47.7,47.7,47.7,47.7,47.7,47.7,47.7,47.7,47.7,47.7,47.7,47.7,47.7,47.7,47.7,47.7,47.7,47.7,47.7,47.7,47.7,47.7,47.7,47.7,47.7,47.7,47.7,47.7,47.7,47.7,47.7,47.7,47.7,47.7,47.7,47.7,47.7,47.7
-0.0000104,47.9,47.9,47.9,47.9,47.9,47.9,47.9,47.9,47.9,47.9,47.9,47.9,47.9,47.9,47.9,47.9,47.9,47.9,47.9,47.9,47.9,47.9,47.9,47.9,47.9,47.9,47.9,47.9,47.9,47.9,47.9,47.9,47.9,47.9,47.9,47.9,47.9,47.9,47.9,47.9,47.9,47.9,47.9,47.9,47.9,47.9,47.9,47.9,47.9,47.9,47.9,47.9,47.9,47.9,47.9,47.9,47.9,47.9,47.9,47.9,47.9,47.9,47.9,47.9,47.9,47.9,47.9,47.9,47.9,47.9,47.9,47.9,47.9,47.9,47.9,47.9,47.9,47.9,47.9,47.9,47.9,47.9,47.9,47.9,47.9,47.9,47.9,47.9,47.9,47.9,47.9,47.9,47.9,47.9,47.9,47.9,47.9,47.9,47.7,47.9
-0.0000102,47.8,47.8,47.8,47.8,47.8,47.8,47.8,47.8,47.8,47.8,47.8,47.8,47.8,47.8,47.8,47.8,47.8,47.8,47.8,47.8,47.8,47.8,47.8,47.8,47.8,47.8,47.8,47.8,47.8,47.8,47.8,47.8,47.8,47.8,47.8,47.8,47.8,47.8,47.8,47.8,47.8,47.8,47.8,47.8,47.8,47.8,47.8,47.8,47.8,47.8,47.8,47.8,47.8,47.8,47.8,47.8,47.8,47.8,47.8,47.8,47.8,47.8,47.8,47.8,47.8,47.8,47.8,47.8,47.8,47.8,47.8,47.8,47.8,47.8,47.8,47.8,47.8,47.8,47.8,47.8,47.8,47.8,47.8,47.8,47.8,47.8,47.8,47.8,47.8,47.8,47.8,47.8,47.8,47.8,47.8,47.8,47.8,47.8,47.8,47.8
-0.00001,47.9,47.9,47.9,47.9,47.9,47.9,47.9,47.9,47.9,47.9,47.9,47.9,47.9,47.9,47.9,47.9,47.9,47.9,47.9,47.9,47.9,47.9,47.9,47.9,47.9,47.9,47.9,47.9,47.9,47.9,47.9,47.9,47.9,47.9,47.9,47.9,47.9,47.9,47.9,47.9,47.9,47.9,47.9,47.9,47.9,47.9,47.9,47.9,47.9,47.9,47.9,47.9,47.9,47.9,47.9,47.9,47.9,47.9,47.9,47.9,47.9,47.9,47.9,47.9,47.9,47.9,47.9,47.9,47.9,47.9,47.9,47.9,47.9,47.9,47.9,47.9,47.9,47.9,47.9,47.9,47.9,47.9,47.9,47.9,47.9,47.9,47.9,47.9,47.9,47.9,47.9,47.9,47.9,47.9,47.9,47.9,47.9,47.9,47.7,47.9
-0.0000098,47.9,47.9,47.9,47.9,47.9,47.9,47.9,47.9,47.9,47.9,47.9,47.9,47.9,47.9,47.9,47.9,47.9,47.9,47.9,47.9,47.9,47.9,47.9,47.9,47.9,47.9,47.9,47.9,47.9,47.9,47.9,47.9,47.9,47.9,47.9,47.9,47.9,47.9,47.9,47.9,47.9,47.9,47.9,47.9,47.9,47.9,47.9,47.9,47.9,47.9,47.9,47.9,47.9,47.9,47.9,47.9,47.9,47.9,47.9,47.9,47.9,47.9,47.9,47.9,47.9,47.9,47.9,47.9,47.9,47.9,47.9,47.9,47.9,47.9,47.9,47.9,47.9,47.9,47.9,47.9,47.9,47.9,47.9,47.9,47.9,47.9,47.9,47.9,47.9,47.9,47.9,47.9,47.9,47.9,47.9,47.9,47.9,47.9,47.8,47.9
-0.0000096,35,35.9,36,35.7,35.6,35.7,35.7,35.7,35.8,35.5,35.6,47.9,35.4,35.8,35.5,36,35.5,35.6,35.5,35.2,35.3,47.8,35.1,34.8,34.8,34.6,34.4,34.3,34.3,34.3,33.6,48,33.44,33.18,32.88,33.07,32.88,32.9,32.62,32.67,32.65,47.8,32.54,32.64,32.58,32.68,32.25,32.45,32.62,32.61,32.98,47.8,33.1,33.1,33.27,33.27,33.3,33.57,34,33.9,33.9,48,34.6,34.7,34.9,34.8,35,35.1,35,35.1,35.4,47.8,35.7,35.5,35.6,35.7,35.5,35.5,35.7,35.7,35.6,47.8,35.9,35.8,35.8,35.7,35.9,35.8,35.9,35.6,35.8,47.9,35.8,36,35.6,35.7,35.8,35.9,47.7,47.9
-0.0000094,35.2,35.8,36.1,35.7,35.4,35.6,35.8,35.8,35.8,35.5,35.6,47.9,35.5,35.6,35.6,35.8,35.4,35.6,35.5,35.4,35.3,48,34.8,35,34.9,34.6,34.5,34.3,34.2,34.3,33.66,48,33.4,33.14,33.01,32.92,32.92,32.9,32.85,32.67,32.71,47.9,32.49,32.68,32.58,32.68,32.25,32.45,32.72,32.85,32.84,47.8,33.2,33.1,33.27,33.36,33.44,33.62,33.8,33.9,34,47.7,34.4,34.4,34.7,34.7,35,35.1,35,35.2,35,48,35.7,35.4,35.7,35.7,35.6,35.5,35.7,35.7,35.8,47.8,35.6,36,35.8,35.6,35.8,35.9,35.9,35.6,35.8,47.9,36,36,35.7,35.7,35.8,36,47.8,47.7
-0.0000092,35.3,35.8,36,35.7,35.4,35.6,35.8,35.8,35.8,35.4,35.7,47.9,35.5,35.5,35.5,35.6,35.6,35.7,35.7,35.3,35.3,48,34.9,35.1,34.9,34.7,34.6,34.3,34.1,34.3,33.6,47.9,33.17,33.33,33.01,32.68,32.97,32.8,32.85,32.72,32.75,47.8,32.49,32.72,32.58,32.77,32.25,32.39,32.58,32.94,32.84,47.8,33.24,33.14,33.13,33.4,33.54,33.66,33.8,33.9,34.1,47.9,34.4,34.2,34.6,34.9,35,35.1,35,35.3,35,47.9,35.7,35.5,35.7,35.6,35.6,35.4,35.6,35.7,35.8,47.8,35.6,35.8,35.9,35.6,35.9,35.9,36,35.6,35.8,47.8,35.9,36,35.8,35.6,35.7,36.1,47.7,47.7
-0.000009,35.5,35.8,35.9,35.8,35.4,35.6,35.8,35.9,35.7,35.6,35.6,47.8,35.8,35.4,35.6,35.6,35.5,35.6,35.8,35.3,35.3,47.9,34.8,35,35,34.8,34.6,34.4,34.1,34.2,33.75,47.9,33.17,33.23,33.2,32.6,32.97,32.75,32.85,32.77,33.04,47.9,32.54,32.68,32.72,32.72,32.44,32.39,32.48,32.94,32.74,47.7,33.28,33.04,33.23,33.44,33.54,33.7,33.6,34,34,47.9,34.4,34.1,34.6,34.9,35,35.1,35.1,35.4,34.9,47.9,35.6,35.5,35.6,35.6,35.7,35.4,35.6,35.8,36,47.8,35.6,35.8,36,35.8,35.9,36,36.1,35.7,35.8,48,36,35.8,35.9,35.6,35.7,36,47.8,47.9
-0.0000088,35.5,35.7,35.9,35.8,35.5,35.8,35.8,36,35.6,35.4,35.8,47.9,35.8,35.4,35.7,35.4,35.6,35.6,35.7,35.4,35.4,47.7,34.9,35,34.9,34.6,34.7,34.5,34.1,34.1,33.79,47.8,33.07,33.33,33.24,32.5,32.97,32.98,33,32.67,32.98,47.8,32.54,32.54,32.52,32.72,32.58,32.39,32.54,32.98,32.7,47.9,33.2,33.14,33.23,33.59,33.59,33.66,33.7,34,34,47.8,34.4,34.1,34.5,35,35,35.1,35.1,35.4,35,47.9,35.6,35.6,35.6,35.6,35.7,35.4,35.3,35.7,36,48,35.6,36,35.8,35.7,35.9,36,36,35.7,35.8,48,35.9,35.8,36,35.6,35.8,36.1,47.7,47.7
-0.0000086,35.5,35.9,35.9,35.9,35.6,36,35.8,36.1,35.6,35.3,35.8,47.9,35.8,35.4,35.7,35.3,35.5,35.4,35.8,35.5,35.3,47.9,35,35.1,34.6,34.6,34.7,34.5,34.1,34.1,33.9,47.8,33.36,33.37,33.24,32.6,32.97,32.7,32.9,32.62,32.98,47.8,32.45,32.35,32.67,32.62,32.71,32.48,32.48,32.98,32.74,47.8,33.05,33.04,33.13,33.59,33.44,33.66,33.8,33.9,34,47.9,34.4,34,34.5,35,34.8,35.1,35.2,35.3,35.1,47.8,35.5,35.4,35.7,35.4,35.8,35.5,35.3,35.8,36,47.8,35.8,35.9,35.9,35.9,35.9,35.8,36,36,35.8,47.9,35.8,35.8,36,35.8,35.8,36.1,47.8,47.8
-0.0000084,35.4,35.9,35.8,35.9,35.6,35.9,35.8,36.1,35.5,35.3,35.8,48,35.8,35.5,35.7,35.4,35.6,35.4,35.5,35.4,35.3,48,34.9,35.1,34.5,34.6,34.8,34.5,34.1,33.8,33.89,47.9,33.26,33.37,33.24,32.82,32.92,32.9,32.77,32.62,33.12,48,32.49,32.35,32.67,32.58,32.71,32.77,32.58,33.08,32.6,47.8,32.91,33.18,33.13,33.59,33.59,33.62,33.8,33.9,33.9,48,34.4,34.3,34.5,34.9,34.7,35,35.2,35.3,35.1,48,35.3,35.6,35.7,35.3,35.8,35.7,35.4,35.8,36,47.9,35.7,35.8,35.7,35.9,35.7,35.8,36.1,36,35.8,48,35.8,35.8,35.8,35.8,35.8,35.9,47.7,47.8
-0.0000082,35.5,35.9,36,35.8,35.9,36.1,35.8,36.2,35.6,35.4,35.7,47.7,35.8,35.5,35.8,35.4,35.6,35.3,35.5,35.5,35.3,47.8,35.2,35.1,34.4,34.6,34.7,34.5,34.2,33.7,33.89,47.7,33.4,33.37,33.15,32.92,32.97,32.8,32.67,32.62,32.98,47.9,32.54,32.35,32.62,32.58,32.71,32.81,32.62,32.98,32.7,47.9,33.05,33.14,33.23,33.54,33.34,33.66,33.9,33.9,34,47.8,34.5,34.6,34.6,34.9,34.7,34.9,35.1,35.2,35.3,48,35.3,35.6,35.5,35.6,35.9,35.6,35.3,35.7,36,48,35.8,35.8,35.9,35.9,35.6,35.7,36,36,35.7,47.9,35.8,35.9,35.8,35.9,35.8,35.8,47.9,47.8
-0.000008,35.6,35.9,36,35.7,35.8,36,35.7,35.9,35.5,35.7,35.7,48,35.8,35.5,35.6,35.5,35.6,35.2,35.3,35.5,35.2,47.9,35.1,34.9,34.3,34.5,34.6,34.5,34.3,33.8,33.89,48,33.44,33.37,33.15,33.01,32.97,32.84,32.52,32.62,33.02,47.8,32.64,32.45,32.72,32.54,32.67,32.77,32.67,32.84,32.74,47.8,33.1,33.18,33.17,33.26,33.49,33.66,34.1,34,34,48,34.6,34.8,34.6,34.8,34.7,35,35.2,35,35.4,47.7,35.3,35.5,35.5,35.5,35.8,35.5,35.5,35.7,35.8,47.9,35.7,35.9,35.7,35.9,35.5,35.7,35.9,36,35.8,47.8,35.8,35.8,35.6,35.9,35.7,35.8,47.7,47.7
-0.0000078,35.6,35.9,35.9,35.7,35.8,36,35.7,35.9,35.8,35.7,35.7,47.7,35.7,35.5,35.6,35.5,35.5,35.2,35.1,35.4,35.3,47.9,35.2,35,34.6,34.6,34.3,34.4,34.3,33.8,33.9,47.9,33.59,33.33,33.15,33.05,32.97,32.94,32.48,32.62,32.94,47.9,32.54,32.44,32.62,32.58,32.67,32.81,32.77,32.8,32.78,47.8,33.18,33.04,33.31,33.21,33.44,33.66,34.1,34,34.1,47.9,34.6,34.8,34.8,34.7,34.9,35.1,35.2,34.8,35.5,47.9,35.5,35.5,35.6,35.6,35.6,35.6,35.8,35.7,35.7,47.9,35.8,35.8,35.7,35.9,35.5,35.6,35.6,36.1,35.8,48,35.8,35.7,35.4,35.9,35.8,35.6,47.9,47.8
-0.0000076,35.7,35.9,35.9,35.6,35.8,35.8,35.6,35.7,35.8,35.9,35.7,47.7,35.6,35.6,35.7,35.7,35.4,35.3,35.1,35.6,35.3,47.9,35.2,34.8,34.6,34.6,34.3,34.4,34.4,33.9,33.8,47.8,33.63,33.28,32.91,33.05,33.01,32.78,32.58,32.52,32.84,48,32.54,32.54,32.67,32.48,32.67,32.85,32.77,32.65,33.07,47.9,33.43,33.04,33.31,33.17,33.3,33.7,34.1,34,34.2,47.9,34.5,35.1,34.8,34.8,35,35.1,35.2,34.9,35.5,48,35.7,35.3,35.6,35.6,35.4,35.5,35.9,35.7,35.6,47.8,35.7,35.8,35.7,35.9,35.6,35.7,35.7,36,35.7,47.9,35.7,35.8,35.5,35.6,35.8,35.7,47.9,47.8
-0.0000074,35.9,35.7,35.9,35.7,35.8,35.7,35.6,35.5,35.8,36,35.6,47.9,35.5,35.5,35.5,35.8,35.5,35.5,35.3,35.4,35.3,47.7,35.1,34.6,34.9,34.6,34.3,34.4,34.3,34,33.79,47.8,33.59,33.18,32.87,33.05,33.01,32.94,32.62,32.67,32.84,47.9,32.68,32.62,32.67,32.52,32.54,32.9,32.81,32.8,33.15,47.8,33.57,33.14,33.26,32.97,33.3,33.7,34.2,33.9,34.2,48,34.5,35,34.8,34.8,35.1,35,35.1,34.9,35.5,47.9,35.7,35.5,35.7,35.7,35.3,35.5,35.8,35.7,35.6,47.9,35.8,35.8,35.7,35.9,35.8,35.7,35.6,35.7,35.6,47.9,35.8,35.7,35.8,35.7,35.9,35.6,47.8,47.7
-0.0000072,36.1,35.6,35.6,35.7,35.8,35.7,35.8,35.5,35.9,35.9,35.7,47.8,35.5,35.6,35.5,35.8,35.4,35.5,35.3,35.6,35.4,48,35.1,34.6,35,34.6,34.3,34.4,34.3,34,34,47.7,33.53,33.13,32.91,32.95,33.01,32.98,32.71,32.77,32.74,47.8,32.62,32.62,32.71,32.72,32.52,32.81,32.81,32.65,33.3,47.8,33.51,33.14,33.36,33.21,33.59,33.7,34,33.8,34.2,47.8,34.6,34.8,34.8,35,35.3,35,35.1,34.9,35.4,47.9,35.7,35.6,35.7,35.6,35.2,35.5,35.9,35.7,35.7,47.8,35.9,35.8,35.8,35.8,35.8,35.8,35.7,35.6,35.7,47.9,35.8,35.6,35.8,35.7,35.9,35.7,47.8,47.8
-0.000007,36.4,35.7,35.6,35.6,35.8,35.7,35.7,35.4,35.7,35.9,35.7,47.8,35.5,35.6,35.5,35.7,35.4,35.7,35.6,35.5,35.4,47.9,35.1,34.7,35.1,34.6,34.3,34.3,34.3,34.1,33.9,47.9,33.44,33.23,32.95,32.82,32.95,33.02,32.71,32.75,32.7,48,32.58,32.62,32.67,32.52,32.62,32.85,32.75,32.7,33.3,47.8,33.51,33.18,33.36,33.26,33.39,33.85,34,33.8,34.2,47.8,34.6,34.7,34.9,34.8,35.2,35.2,35.2,35,35.4,47.9,35.7,35.4,35.8,35.7,35.2,35.7,36,35.8,35.6,47.8,35.9,35.7,35.7,35.9,35.8,35.8,35.9,35.6,35.8,47.9,35.8,35.6,35.8,35.8,35.9,35.7,47.7,47.9
-0.0000068,36.5,35.6,35.6,35.7,35.8,35.6,35.8,35.5,35.6,35.9,35.8,47.8,35.5,35.6,35.6,35.6,35.4,35.7,35.7,35.5,35.4,47.8,35.2,34.8,35.1,34.6,34.3,34.3,34.3,34.1,33.9,47.9,33.44,33.27,33.01,32.82,32.91,33.02,32.85,33.04,32.84,48,32.58,32.68,32.77,32.62,32.67,32.67,32.77,32.74,33.15,47.9,33.33,33.23,33.21,33.36,33.53,33.89,34,33.8,34.1,48,34.5,34.5,34.8,34.7,35.3,35.1,35.2,35.2,35.4,48,35.6,35.5,35.7,35.7,35.4,35.8,35.8,35.7,35.7,47.7,35.9,35.8,35.8,35.9,35.9,35.9,36,35.5,35.9,48,35.8,35.7,35.9,35.6,35.9,35.7,47.8,47.8
-0.0000066,36.5,35.7,35.6,35.7,35.6,35.7,36,35.7,35.6,35.8,35.9,48,35.6,35.7,35.7,35.8,35.5,35.6,35.8,35.3,35.3,47.8,35.1,34.8,35.1,34.6,34.4,34.3,34.2,34.2,33.9,47.9,33.34,33.27,33.1,32.91,32.91,33.02,32.9,33.04,32.78,48,32.77,32.72,32.71,32.62,32.61,32.57,32.67,32.7,33.15,47.8,33.18,33.51,33.27,33.44,33.49,33.99,33.9,33.8,34,47.9,34.5,34.4,34.8,34.6,35.3,35,35.2,35.2,35.3,47.9,35.5,35.7,35.7,35.6,35.6,35.9,35.7,35.8,35.8,47.7,35.9,35.8,35.8,35.9,36,35.9,36.1,35.6,35.8,47.9,35.8,35.8,36.1,35.8,36,35.9,47.9,47.9
-0.0000064,36.5,35.9,35.6,35.7,35.8,35.6,35.9,35.7,35.6,35.8,35.9,47.9,35.7,35.6,35.7,35.7,35.6,35.7,35.8,35.3,35.3,47.8,35.1,35,34.9,34.6,34.3,34.4,34.3,34.2,34,47.7,33.44,33.27,33.1,32.87,32.91,33.17,32.94,32.9,32.98,47.8,32.62,32.62,32.85,32.67,32.67,32.57,32.67,32.74,32.97,47.7,33.05,33.41,33.21,33.63,33.57,33.99,33.9,34,34,47.9,34.4,34.1,34.8,34.6,35,35,35.1,35.2,35.1,47.9,35.4,35.5,35.7,35.6,35.6,36,35.6,35.8,35.8,47.9,35.9,36,35.7,35.7,35.9,35.9,36,35.7,35.9,47.9,35.8,35.9,36,35.9,35.9,36.1,47.7,47.7
-0.0000062,36.4,36,35.9,35.7,35.7,35.7,36,36,35.6,35.9,35.9,48,35.7,35.6,35.7,35.6,35.6,35.6,35.7,35.4,35.3,47.9,35.1,35.2,34.8,34.5,34.4,34.5,34.3,34.2,33.9,48,33.44,33.41,33.24,32.95,32.91,33.11,32.94,32.81,32.98,47.7,32.77,32.62,32.75,32.67,32.71,32.48,32.57,32.74,32.92,47.8,32.91,33.27,33.21,33.63,33.63,33.79,33.9,34.1,33.9,47.9,34.4,34.3,34.8,34.5,34.9,35,35.2,35.4,35,47.9,35.2,35.5,35.6,35.6,35.9,35.9,35.5,35.8,35.7,47.9,35.9,36.1,35.9,35.7,35.9,35.8,36.1,35.7,35.8,47.8,35.9,35.9,36.1,35.9,35.9,36.1,47.8,47.9
-0.000006,36.3,36.1,35.9,35.8,35.6,35.7,35.9,36.1,35.7,35.9,35.8,48,35.8,35.6,35.6,35.6,35.7,35.6,35.5,35.4,35.3,47.9,35.1,35.3,34.6,34.6,34.2,34.7,34.2,34.1,33.9,48,33.34,33.37,33.24,33.1,32.87,33.11,32.9,32.71,32.92,47.8,32.72,32.58,32.71,32.75,32.75,32.52,32.61,32.82,32.68,47.7,32.81,33.41,33.21,33.72,33.57,33.7,33.9,34.2,34,47.9,34.5,34.3,34.7,34.6,34.9,35.1,35.2,35.3,34.9,47.8,35.1,35.5,35.7,35.6,35.9,35.8,35.5,35.8,35.7,47.9,35.7,36,35.8,35.7,35.9,35.8,36.1,36,35.7,48,36,36.1,35.9,35.9,35.9,36.2,47.9,47.7
-0.0000058,36.3,36.2,35.7,35.9,35.7,35.8,35.7,36,35.8,35.9,35.8,47.9,35.8,35.6,35.8,35.5,35.7,35.5,35.3,35.5,35.3,48,35.1,35.3,34.6,34.6,34.3,34.8,34.2,34.1,33.7,48,33.34,33.27,33.28,33.28,32.82,33.17,32.85,32.67,32.88,47.8,32.58,32.72,32.85,32.57,32.75,32.52,32.67,32.78,32.78,47.9,32.91,33.27,33.26,33.63,33.49,33.66,33.7,34.2,33.9,47.9,34.5,34.3,34.7,34.6,34.7,35.1,35.2,35.2,34.8,48,35.1,35.5,35.7,35.5,35.9,35.8,35.5,35.7,35.8,47.9,35.7,36,35.7,35.8,35.8,35.8,35.9,36,35.8,47.8,35.9,36.2,35.8,35.9,36,35.9,47.7,47.7
-0.0000056,36.1,36.1,35.8,35.9,35.5,35.9,35.7,36,35.7,36,35.8,47.8,35.9,35.6,35.9,35.6,35.7,35.5,35.2,35.4,35.3,47.9,35.1,35.3,34.6,34.7,34.3,34.8,34.2,33.9,33.9,47.9,33.43,33.31,33.33,33.33,32.91,32.98,32.85,32.57,32.97,47.8,32.58,32.67,32.85,32.65,32.75,32.57,32.61,32.88,32.82,47.8,33.04,33.13,33.4,33.44,33.49,33.66,33.9,34.2,33.9,47.9,34.4,34.4,34.6,34.7,34.7,35.1,35.2,35.1,34.8,47.8,35.1,35.4,35.7,35.6,35.9,35.8,35.5,35.8,35.9,47.9,35.5,36,35.7,35.8,35.6,35.7,35.9,36.1,35.6,47.9,35.9,36.1,35.6,35.8,35.9,35.9,47.9,47.7
-0.0000054,36.2,36,35.8,35.7,35.6,35.7,35.6,35.9,35.8,35.9,35.7,47.8,35.9,35.6,35.6,35.5,35.5,35.4,35.1,35.4,35.3,47.7,35,35.2,34.8,34.7,34.4,34.8,34.2,34,33.9,47.8,33.54,33.41,33.28,33.24,32.95,32.92,32.9,32.57,33.07,48,32.54,32.67,32.85,32.75,32.75,32.71,32.61,32.78,32.82,47.8,33.14,33.08,33.4,33.3,33.34,33.6,34,34,34,47.8,34.6,34.5,34.7,34.7,34.9,35,35.2,35.2,35.1,47.9,35.3,35.6,35.7,35.6,35.8,35.7,35.5,35.8,35.8,47.9,35.5,35.8,35.7,35.8,35.5,35.6,35.9,36.1,35.8,47.9,35.8,36,35.6,35.8,36,35.8,47.9,47.9
-0.0000052,36.3,35.9,35.7,35.9,35.7,35.9,35.6,35.6,35.8,35.9,35.8,47.9,35.9,35.6,35.6,35.6,35.5,35.4,35.1,35.6,35.3,47.9,35.1,35,34.9,34.8,34.5,34.5,34.3,33.9,33.9,47.7,33.43,33.23,33.28,33.24,33.05,32.78,32.85,32.57,32.92,47.8,32.54,32.67,32.7,32.71,32.75,32.9,32.65,32.88,32.87,48,33.23,32.94,33.4,33.3,33.39,33.46,34,34,34.2,47.8,34.5,34.7,34.7,34.9,35,35.1,35.3,35.1,35.1,47.8,35.3,35.5,35.7,35.7,35.7,35.5,35.8,35.8,35.7,47.7,35.5,35.7,35.7,35.7,35.7,35.7,35.6,36,35.6,47.8,35.9,35.8,35.5,35.7,35.9,35.7,47.7,47.7
-0.000005,36.5,35.8,35.7,35.7,35.7,35.9,35.5,35.5,35.8,35.9,35.6,47.9,35.8,35.7,35.7,35.6,35.2,35.4,35.3,35.6,35.3,47.9,35.2,35,35,34.8,34.5,34.5,34.2,33.9,33.9,47.8,33.53,33.27,33.14,33.14,33.14,32.74,32.71,32.48,32.92,47.9,32.48,32.67,32.8,32.61,32.75,32.94,32.75,32.82,33.15,47.9,33.23,32.94,33.4,33.3,33.39,33.46,34.1,33.9,34.3,47.8,34.5,34.7,34.9,35.1,35.1,35.1,35.3,35,35.2,47.8,35.4,35.5,35.6,35.8,35.5,35.5,35.8,35.8,35.7,47.9,35.7,35.8,35.7,35.8,35.6,35.7,35.7,36,35.7,47.9,35.9,35.8,35.5,35.6,35.9,35.7,47.8,47.7
-0.0000048,36.3,35.8,35.7,35.7,35.7,35.9,35.6,35.4,35.8,35.8,35.7,47.9,35.7,35.7,35.6,35.6,35.2,35.4,35.3,35.5,35.3,47.8,35.1,34.8,35,34.7,34.6,34.4,34.2,33.8,34.1,47.9,33.53,33.07,33.14,33,33.14,32.74,32.85,32.42,32.82,47.9,32.67,32.77,32.61,32.61,32.75,33.02,32.9,32.88,33.24,47.9,33.23,33.08,33.4,33.26,33.53,33.46,34.1,33.7,34.3,47.8,34.6,34.7,34.9,35.2,35.1,35.2,35.2,35,35.4,47.9,35.6,35.6,35.5,35.9,35.5,35.4,35.8,35.8,35.8,47.9,35.6,35.7,35.7,35.8,35.9,35.7,35.6,35.9,35.7,47.8,35.8,35.5,35.8,35.6,36,35.7,47.8,47.7
-0.0000046,36.5,35.7,35.8,35.7,35.8,35.8,35.7,35.3,35.7,35.8,35.7,47.8,35.6,36,35.6,35.6,35.2,35.5,35.5,35.5,35.3,47.9,35.1,34.7,35,34.8,34.6,34.3,34.3,34,34.1,47.9,33.53,33.13,33.14,33.05,33.23,32.78,32.75,32.61,32.82,47.9,32.67,32.67,32.61,32.65,32.8,32.98,32.8,32.74,33.2,47.9,33.27,33.13,33.44,33.34,33.53,33.46,33.9,33.7,34.2,47.8,34.6,34.7,34.7,35.1,35.3,35.3,35.3,35.1,35.5,47.8,35.6,35.6,35.6,35.9,35.5,35.5,35.8,35.9,35.7,47.9,35.9,35.8,35.7,35.8,35.8,35.7,35.7,35.7,35.8,47.9,35.7,35.6,35.9,35.6,36,35.7,47.8,47.7
-0.0000044,36.6,35.7,35.6,35.7,35.7,35.7,35.7,35.4,35.7,35.7,35.7,48,35.5,36,35.6,35.5,35.2,35.4,35.6,35.4,35.2,47.8,35.2,34.8,35,34.8,34.5,34.1,34.2,33.9,33.9,48,33.72,33.13,33.14,33,33.43,32.78,32.75,32.71,32.82,48,32.71,32.85,32.61,32.75,32.8,33.08,32.98,32.82,33.14,47.8,33.23,33.27,33.4,33.53,33.76,33.5,34.1,33.6,34.2,48,34.6,34.7,34.6,35.2,35.2,35.3,35.2,35.1,35.5,47.8,35.7,35.6,35.4,35.7,35.5,35.5,35.8,36,35.8,47.8,35.9,35.7,35.7,35.8,35.8,35.8,35.8,35.8,36,47.9,35.7,35.6,35.9,35.7,35.9,35.7,47.9,47.8
-0.0000042,36.7,35.7,35.8,35.7,35.9,35.7,36,35.6,35.7,35.7,35.8,47.9,35.2,36,35.7,35.5,35.2,35.5,35.6,35.4,35.3,48,35.2,34.7,34.8,34.8,34.4,34.3,34.5,34.1,34,47.8,33.67,33.17,33.2,33.1,33.28,32.78,32.9,32.9,33.02,47.9,32.9,32.81,32.61,32.75,32.8,32.98,32.98,32.92,33.2,47.9,33.18,33.36,33.4,33.53,33.62,33.5,34,33.7,34,47.9,34.5,34.7,34.6,35.1,35.1,35.4,35.1,35,35.6,47.8,35.6,35.5,35.5,35.7,35.6,35.6,35.8,35.9,35.7,47.8,35.9,35.7,35.8,35.8,35.8,35.8,36,35.7,36.1,47.8,35.7,35.7,35.9,35.7,35.9,35.7,47.8,47.7
-0.000004,36.7,35.6,35.9,35.7,35.7,35.8,35.9,35.9,35.7,35.7,35.8,47.9,35.2,36,35.7,35.7,35.4,35.6,35.6,35.4,35.3,47.7,35.1,34.9,34.7,34.6,34.5,34.2,34.5,34.1,34,47.9,33.57,33.31,33.18,33.14,33.28,32.82,32.94,32.94,32.82,47.9,32.9,32.81,32.61,32.61,32.8,32.9,33.17,32.92,33.1,47.8,33.18,33.46,33.34,33.63,33.67,33.69,34,33.9,34,47.9,34.6,34.6,34.6,35.1,35,35.3,35.2,35.1,35.5,47.9,35.7,35.5,35.5,35.6,35.6,35.7,35.8,35.8,35.7,47.8,36,35.8,35.7,35.7,35.9,36,36,35.6,36.1,47.9,35.8,35.8,36,35.9,35.9,35.7,47.8,47.9
-0.0000038,36.6,35.7,35.7,35.8,35.8,35.7,35.8,36,35.5,35.7,35.8,48,35.5,35.9,35.5,35.7,35.5,35.6,35.7,35.3,35.3,47.9,35,35,34.7,34.5,34.4,34.3,34.4,34.1,33.9,47.8,33.57,33.36,33.24,33.08,33.24,32.87,32.94,32.94,32.92,48,32.95,32.9,32.65,32.75,32.75,32.75,33.07,32.92,33.2,47.9,33.18,33.4,33.4,33.67,33.72,33.75,33.9,33.9,34,47.8,34.5,34.5,34.6,34.9,35,35.1,35.2,35.1,35.3,47.9,35.8,35.5,35.5,35.5,35.6,35.8,35.6,35.7,35.7,47.9,36,35.8,35.9,35.7,35.9,36.1,36,35.7,36.1,47.9,35.8,35.8,35.9,35.9,35.8,35.9,47.8,47.8
-0.0000036,36.6,35.7,35.8,35.7,35.7,35.8,35.9,36.1,35.5,35.7,35.9,47.8,35.6,35.6,35.6,35.8,35.7,35.4,35.6,35.4,35.2,47.8,34.9,35,34.8,34.5,34.4,34.3,34.4,34.2,34,47.9,33.72,33.46,33.33,33.08,33.24,32.82,33.02,32.98,32.97,47.9,32.9,32.9,32.7,32.84,32.75,32.65,33.08,33.01,32.95,47.8,33.04,33.5,33.4,33.57,33.57,33.7,33.9,34,34,47.8,34.5,34.7,34.6,34.7,34.9,35,35.2,35.2,35.1,47.7,35.6,35.4,35.7,35.5,35.6,35.9,35.5,35.5,35.7,47.9,35.9,35.7,35.7,35.8,35.9,36.2,36.1,35.7,36,47.9,35.9,35.9,35.9,35.9,35.8,36,47.8,47.7
-0.0000034,36.9,36,35.9,35.8,35.6,35.6,35.8,36.2,35.5,35.8,35.9,47.9,35.7,35.5,35.6,35.8,35.6,35.3,35.5,35.3,35.3,47.8,34.9,35.2,34.8,34.6,34.6,34.7,34.3,34.2,34,47.9,33.53,33.5,33.23,33.14,33.04,32.82,32.98,32.98,32.97,47.9,32.71,32.85,32.98,32.8,32.71,32.65,32.94,33.01,33.05,47.8,33.13,33.31,33.4,33.53,33.57,33.79,33.9,33.9,34,47.8,34.6,34.6,34.6,34.6,34.8,34.9,35.2,35.3,35,47.8,35.7,35.5,35.7,35.4,35.7,35.8,35.6,35.5,35.8,47.8,35.9,35.7,35.7,35.8,35.9,36.1,36,35.7,35.8,48,35.9,36,35.9,36,35.8,36,47.8,47.8
-0.0000032,36.7,36,35.8,35.9,35.7,35.7,35.7,36.1,35.5,35.8,35.8,47.8,35.7,35.3,35.7,35.9,35.7,35.4,35.5,35.5,35.3,48,34.8,35.1,34.8,34.5,34.5,34.7,34.1,34.2,33.9,47.8,33.63,33.54,33.33,33.18,32.95,32.82,32.98,32.94,33.01,48,32.71,32.85,33.02,32.78,32.84,32.65,32.75,32.97,32.95,47.9,33.13,33.31,33.44,33.49,33.29,33.8,34,34.3,34,47.9,34.4,34.7,34.6,34.6,35,34.9,35.2,35.2,35,47.9,35.6,35.4,35.6,35.4,35.7,35.8,35.5,35.5,35.8,47.9,35.8,35.6,35.8,35.7,35.8,36,36,35.8,35.7,47.8,35.9,36,35.9,36,35.8,36,47.7,47.7
-0.000003,36.7,36,35.6,35.8,35.6,35.8,35.7,36,35.5,35.7,35.8,47.9,35.8,35.2,35.6,35.7,35.7,35.6,35.4,35.5,35.3,47.9,35,35.1,34.8,34.5,34.7,34.7,34,34.2,33.9,47.8,33.57,33.69,33.37,33.23,32.95,33.01,32.94,32.8,33.11,47.9,32.67,32.85,33.27,32.84,32.75,32.65,32.65,32.82,32.95,48,33.23,33.26,33.53,33.39,33.24,33.8,33.9,34.4,34,48,34.6,34.6,34.7,34.7,35,34.9,35.3,35.2,34.9,47.8,35.4,35.5,35.7,35.5,35.8,35.8,35.3,35.4,35.8,47.9,35.6,35.5,35.7,35.8,35.8,35.8,36.2,35.8,35.5,47.9,36,36,35.8,36,35.8,36,47.7,47.7
-0.0000028,36.9,35.9,35.6,35.6,35.7,35.8,35.7,35.9,35.7,35.7,35.8,47.9,35.8,35.3,35.6,35.7,35.6,35.6,35.4,35.6,35.4,47.8,35.1,35,34.8,34.5,34.7,34.7,34,34.1,33.9,47.7,33.62,33.73,33.33,33.18,32.91,33.11,32.98,32.65,33.01,47.9,32.62,32.9,33.27,32.88,32.88,32.8,32.65,32.82,33,47.8,33.27,33.21,33.53,33.43,33.29,33.8,33.9,34.5,34.1,47.8,34.5,34.7,34.8,34.9,35,34.9,35.3,35.2,35,47.8,35.2,35.5,35.7,35.5,35.8,35.8,35.4,35.4,35.8,47.8,35.5,35.4,35.7,35.9,35.7,35.8,35.9,35.9,35.5,47.8,35.9,35.9,35.9,35.9,35.8,35.9,47.8,47.8
-0.0000026,36.7,35.9,35.7,35.7,35.7,35.8,35.7,35.8,35.9,35.7,35.6,47.8,35.8,35.4,35.6,35.6,35.5,35.6,35.3,35.5,35.5,47.7,35.3,35,34.9,34.7,34.7,34.7,33.8,34.1,33.9,47.9,33.72,33.59,33.18,33.18,32.9,33.15,32.98,32.75,33.15,47.8,32.52,32.75,33.21,32.88,32.88,32.9,32.45,32.78,32.95,47.8,33.23,33.21,33.53,33.53,33.33,33.8,34,34.5,34.1,47.8,34.5,34.7,35,34.9,35,35,35.3,35.2,35.1,47.8,35.1,35.5,35.5,35.5,35.7,35.6,35.5,35.1,35.8,47.8,35.6,35.4,35.8,35.8,35.6,35.4,35.9,35.9,35.6,47.7,36.1,35.9,35.9,35.9,35.9,35.7,47.7,47.9
-0.0000024,36.7,35.9,35.5,35.8,35.7,35.9,35.6,35.6,35.9,35.7,35.7,47.8,35.8,35.6,35.7,35.5,35.4,35.5,35.5,35.4,35.6,47.9,35.4,35,34.9,34.8,34.7,34.5,34.1,34.1,34,47.8,33.82,33.5,33.08,33.23,32.94,33.15,32.94,32.7,32.91,48,32.71,32.8,33.07,32.84,32.88,32.84,32.55,32.82,32.95,47.9,33.27,33.17,33.72,33.62,33.39,33.79,33.9,34.6,34.2,48,34.5,34.7,35,35,35,35.1,34.9,35.1,35.2,47.9,35,35.6,35.7,35.7,35.7,35.6,35.6,35.2,35.8,47.9,35.7,35.3,35.7,35.8,35.7,35.5,36,35.9,35.6,47.9,36,35.9,35.9,35.7,35.8,35.6,47.7,47.8
-0.0000022,36.6,35.8,35.4,35.7,35.8,35.9,35.7,35.6,35.8,35.7,35.6,47.7,35.7,35.7,35.7,35.4,35.2,35.5,35.5,35.3,35.6,47.8,35.3,35,34.9,34.8,34.6,34.4,34.2,34.1,34,47.8,33.62,33.5,33.18,33.23,33.14,33.01,32.88,32.65,32.97,47.9,32.75,32.75,32.98,32.7,32.84,33.02,32.65,32.87,33,47.8,33.17,33.36,33.57,33.76,33.47,33.69,34.1,34.3,34.3,47.8,34.6,34.7,34.8,35,35,35.3,35,35.1,35.5,47.8,35,35.4,35.4,35.7,35.7,35.5,35.7,35.1,35.7,47.8,35.7,35.5,35.7,35.8,35.8,35.4,35.9,35.9,35.8,47.9,36,35.8,35.9,35.6,35.8,35.7,47.8,47.8
-0.000002,36.6,35.8,35.5,35.7,35.8,35.9,35.7,35.5,35.8,35.7,35.7,47.9,35.5,35.8,35.8,35.4,35.2,35.4,35.5,35.4,35.5,47.8,35.4,34.8,34.7,34.9,34.7,34.3,34.4,34.1,33.9,47.8,33.66,33.3,33.18,33.18,33.18,33.05,32.88,32.7,32.87,47.7,32.61,32.8,32.74,32.74,32.84,33.02,32.88,32.82,33.04,47.8,33.36,33.31,33.53,33.8,33.76,33.59,34.1,34.1,34.1,47.8,34.6,34.7,34.9,35.1,34.9,35.3,34.9,35,35.5,47.9,35,35.4,35.6,35.7,35.6,35.5,35.8,35.2,35.8,47.9,35.8,35.6,35.9,36.1,35.6,35.4,35.9,35.9,35.8,47.7,35.8,35.8,35.8,35.5,35.8,35.7,47.9,47.7
-0.0000018,36.7,35.6,35.5,35.7,35.7,35.9,35.7,35.5,35.7,35.6,35.6,47.8,35.5,35.7,35.8,35.5,35.3,35.3,35.6,35.3,35.4,47.9,35.2,34.9,34.5,35,34.7,34.3,34.5,34.1,33.8,47.9,33.57,33.21,33.23,33.14,33.33,32.91,33.07,32.8,32.87,47.9,32.9,32.94,32.7,32.88,32.88,33.07,32.88,32.95,33,47.9,33.36,33.4,33.44,33.8,33.8,33.55,34,33.9,34.3,47.8,34.5,34.7,34.9,35.1,34.7,35.3,35,35,35.5,48,35.3,35.5,35.4,35.7,35.4,35.6,35.9,35.4,35.7,47.9,35.9,35.8,35.7,36,35.6,35.5,35.7,35.9,35.9,47.9,35.6,35.8,35.9,35.5,35.7,35.7,47.7,47.7
-0.0000016,36.8,35.6,35.7,35.7,35.7,35.8,35.7,35.5,35.5,35.6,35.7,48,35.5,35.6,35.7,35.4,35.4,35.3,35.6,35.3,35.3,47.9,35.2,34.9,34.6,34.9,34.5,34.3,34.6,34.1,33.8,47.9,33.47,33.17,33.27,33.18,33.27,32.82,33.07,32.94,33.15,47.8,32.98,32.98,32.7,32.78,32.64,33.07,32.97,33.24,33.18,47.9,33.56,33.44,33.34,33.9,33.85,33.55,34,33.7,34.2,47.8,34.5,34.8,34.8,35,34.7,35.4,35.2,34.9,35.5,47.9,35.3,35.5,35.5,35.7,35.3,35.7,35.9,35.4,35.7,47.8,35.8,35.9,35.9,36,35.7,35.6,35.9,35.9,35.8,47.9,35.5,35.8,35.6,35.5,35.8,35.7,47.8,47.9
-0.0000014,36.8,35.6,35.8,35.8,35.7,35.7,35.8,35.5,35.7,35.7,35.7,47.8,35.4,35.6,35.8,35.5,35.4,35.4,35.7,35.5,35.1,47.9,35,34.9,34.5,34.9,34.6,34.3,34.6,34.2,33.8,47.8,33.47,33.17,33.41,33.18,33.47,32.82,33.11,32.98,33.15,47.8,32.94,32.98,32.7,32.82,32.74,33.02,32.97,33.24,33.24,48,33.6,33.4,33.16,33.76,33.85,33.59,34.1,33.5,34.2,47.9,34.5,34.7,34.6,35,34.8,35.3,35.2,35,35.4,47.8,35.5,35.6,35.6,35.7,35.3,35.7,35.8,35.6,35.7,47.9,35.9,36,35.8,36.1,35.7,35.9,35.9,35.8,35.6,47.8,35.5,35.7,35.6,35.6,35.8,35.7,47.7,47.7
-0.0000012,36.8,35.5,35.8,35.7,35.6,35.6,35.8,35.7,35.7,35.7,35.7,48,35.5,35.5,35.7,35.5,35.5,35.4,35.7,35.4,35.1,47.7,34.8,35,34.4,34.7,34.4,34.3,34.5,34.3,33.8,47.8,33.43,33.21,33.41,32.94,33.41,32.82,33.15,33.02,33.24,47.9,32.84,32.98,32.84,32.92,32.78,32.98,33.02,33.34,33.18,48,33.64,33.4,33.2,33.72,33.85,33.79,34.1,33.4,34,47.9,34.6,34.7,34.6,34.9,34.9,35.1,35.2,35.1,35.3,48,35.7,35.7,35.6,35.6,35.5,35.8,35.8,35.7,35.7,47.8,35.9,36,35.7,35.9,35.6,35.9,35.9,35.8,35.5,47.8,35.4,35.8,35.9,35.6,35.9,35.7,47.7,47.7
-0.000001,36.9,35.5,36,35.7,35.9,35.5,35.9,35.8,35.5,35.7,35.6,47.8,35.5,35.3,35.6,35.5,35.6,35.7,35.8,35.5,35,47.9,34.8,35,34.4,34.7,34.4,34.3,34.4,34.2,34.1,47.9,33.43,33.4,33.41,32.94,33.51,32.91,33.07,33.02,33.24,47.7,32.84,32.94,32.92,33.02,32.92,32.84,33.07,33.24,33.28,48,33.64,33.54,33.2,33.57,33.8,33.9,34,33.5,34.2,48,34.6,34.7,34.6,34.8,35,35,35.3,35.1,35.4,47.9,35.7,35.5,35.6,35.6,35.6,35.8,35.6,36,35.7,47.8,35.9,35.9,35.7,35.9,35.7,36,35.9,35.7,35.2,47.9,35.5,35.8,35.8,35.9,35.8,35.9,47.7,47.9
-0.0000008,36.8,35.6,36,35.7,35.6,35.7,35.9,35.9,35.7,35.7,35.8,47.9,35.6,35.3,35.7,35.5,35.6,35.7,35.7,35.5,35,47.9,34.8,35,34.4,34.4,34.5,34.5,34.5,34.3,34.1,47.7,33.43,33.5,33.37,33.04,33.23,32.95,33.07,32.92,33.43,48,32.9,32.8,33.07,32.92,33.02,32.7,32.82,33.2,33.04,47.9,33.6,33.44,33.49,33.39,33.66,34,34,33.6,34.1,47.9,34.8,34.7,34.7,34.6,35.2,35.1,35.2,35.1,35.2,47.9,35.7,35.7,35.6,35.6,35.6,35.7,35.6,36.1,35.7,47.9,35.8,35.9,35.7,35.7,35.9,36,35.9,35.7,35.4,47.9,35.7,35.9,35.9,35.9,35.6,35.8,47.8,47.8
-0.0000006,37,35.7,35.9,35.8,35.8,35.7,35.9,35.9,35.9,35.7,35.8,47.9,35.7,35.2,35.7,35.5,35.6,35.7,35.7,35.5,35.3,47.9,34.7,35.1,34.3,34.5,34.6,34.5,34.2,34.2,34.1,47.9,33.39,33.63,33.23,33.23,33.18,33.14,32.88,32.98,33.33,47.9,32.84,32.75,33.11,33.07,33.17,32.7,32.78,32.95,33.24,47.9,33.6,33.44,33.53,33.39,33.52,34.1,34,33.8,34.1,47.9,34.6,34.6,34.9,34.8,35.2,35.1,35.1,35.1,35.3,47.7,35.7,35.7,35.5,35.6,35.8,35.7,35.6,36.1,35.8,47.8,35.6,35.8,35.6,35.8,35.9,36,35.9,35.7,35.6,47.9,35.8,35.9,35.9,36,35.8,35.9,47.8,47.8
-0.0000004,36.8,36,35.8,35.9,35.9,35.8,35.8,35.9,35.7,35.7,35.8,48,35.7,35.4,35.6,35.5,35.7,35.8,35.7,35.4,35.3,47.9,34.8,35.1,34.5,34.3,34.5,34.7,34.2,34.3,34.1,47.8,33.47,33.63,33.37,33.37,33.04,33.34,32.78,32.98,33.28,47.8,32.84,32.61,33.11,32.92,33.11,32.7,32.74,32.87,33.18,47.9,33.36,33.36,33.62,33.39,33.52,34.2,34,34.1,34.2,47.9,34.5,34.6,34.7,34.9,35.3,35,35.4,35.2,35.1,47.9,35.6,35.7,35.6,35.5,35.8,35.7,35.5,36.1,35.7,47.8,35.7,35.8,35.6,35.6,35.8,35.9,36.1,35.7,35.8,48,36.1,35.9,35.9,36,35.6,36,47.7,47.8
-0.0000002,36.8,36,35.6,35.6,35.7,35.9,35.8,35.8,35.8,35.8,35.7,47.8,35.8,35.6,35.5,35.6,35.7,35.8,35.6,35.5,35.6,47.8,35,35,34.8,34.3,34.5,34.7,34.2,34.1,34.1,47.8,33.57,33.63,33.41,33.66,33,33.43,32.74,33.02,33.24,48,32.8,32.37,33.01,32.97,33.21,32.74,32.64,32.95,33.18,47.7,33.31,33.4,33.62,33.52,33.52,34.2,33.9,34.3,34.1,47.9,34.6,34.7,34.8,34.8,35.1,35.1,35.4,35.2,35.3,47.7,35.3,35.7,35.6,35.6,35.7,35.8,35.5,36,35.7,47.9,35.9,35.6,35.6,35.8,35.7,35.8,35.9,35.8,36,48,36.1,35.9,35.9,35.9,35.8,36,47.8,47.8
-1.14E-20,36.8,36.1,35.6,35.8,35.9,36.1,35.8,35.9,35.8,35.7,35.8,47.8,35.8,35.7,35.4,35.6,35.5,35.5,35.5,35.5,35.7,47.8,35.2,35.1,34.8,34.4,34.5,34.6,34.2,34.1,34.1,47.9,33.47,33.63,33.21,33.8,33,33.57,32.74,32.78,33.05,47.8,32.8,32.37,32.82,32.87,32.97,32.78,32.74,32.95,33.1,47.7,33.21,33.4,33.67,33.72,33.47,34.1,34,34.4,34.2,47.8,34.6,34.7,34.8,34.9,35.1,35.1,35.4,35.2,35.2,47.8,35.3,35.6,35.6,35.5,35.7,35.7,35.5,35.8,35.7,47.7,35.8,35.6,35.7,35.8,35.8,35.6,35.9,36,36.3,47.9,36.2,35.9,35.8,36,35.8,35.8,47.8,47.7
0.0000002,36.8,36.1,35.6,35.6,35.7,36.1,35.7,35.7,35.8,35.8,35.7,47.8,35.6,35.8,35.5,35.5,35.5,35.4,35.2,35.3,35.7,47.9,35.2,35.1,34.9,34.4,34.6,34.6,34.2,34.1,33.9,48,33.62,33.59,33.36,33.74,33,33.33,32.88,32.74,32.91,47.9,32.8,32.51,32.78,32.92,32.92,33.02,32.74,32.91,33.08,47.9,33.07,33.44,33.62,33.76,33.47,34,34,34.4,34.2,47.8,34.6,34.8,34.7,35,35,35.4,35.5,35.2,35.2,47.8,35.2,35.4,35.6,35.6,35.6,35.6,35.6,35.7,35.9,47.7,35.6,35.6,35.7,35.6,35.9,35.6,35.9,35.8,36.4,47.8,36.2,35.8,35.6,35.9,35.9,36,47.8,47.8
0.0000004,36.8,36.2,35.7,35.7,35.9,36.1,35.8,35.6,35.8,35.9,35.7,47.8,35.5,35.9,35.4,35.5,35.5,35.1,35.2,35.4,35.6,47.9,35.2,35,35,34.6,34.6,34.6,34.4,33.9,33.9,47.9,33.6,33.54,33.41,33.74,33.04,33.28,32.87,32.78,32.87,47.8,32.88,32.6,32.78,32.97,32.78,33.02,32.74,32.95,33.18,47.8,33.07,33.44,33.62,33.8,33.62,34,34,34.3,34.1,47.9,34.7,34.9,34.8,35.1,35,35.3,35.6,35,35.3,47.8,35.3,35.4,35.6,35.7,35.5,35.6,35.7,35.6,35.7,47.8,35.6,35.6,35.7,35.7,35.6,35.6,36,35.9,36.4,47.9,35.9,35.9,35.5,35.7,35.9,35.8,47.7,47.8
0.0000006,36.7,36.1,35.8,35.7,35.8,36.1,35.7,35.5,35.6,35.9,35.7,48,35.5,36,35.5,35.6,35.4,35.1,35.1,35.4,35.4,47.8,35.4,34.9,35.1,34.8,34.6,34.5,34.4,34,33.9,47.9,33.7,33.34,33.36,33.6,33.18,33.14,32.97,32.92,32.87,47.9,32.84,32.8,32.74,32.97,32.78,32.97,32.92,33.04,33.18,48,33.07,33.49,33.57,33.8,33.62,33.8,34,34.2,34.3,47.9,34.7,34.8,34.7,35.1,34.9,35.5,35.5,35,35.4,48,35.1,35.5,35.5,35.7,35.4,35.8,35.7,35.5,35.9,47.8,35.7,35.7,35.8,35.7,35.7,35.6,35.7,36,36.2,47.8,35.8,35.9,35.5,35.6,36.2,35.9,47.9,47.9
0.0000008,36.8,35.9,35.9,35.8,35.9,35.8,35.7,35.5,35.7,35.7,35.7,47.8,35.5,35.8,35.6,35.6,35.3,35.1,35.2,35.5,35.3,47.9,35.2,34.9,35.2,34.9,34.7,34.4,34.4,34.1,33.9,47.7,33.66,33.3,33.27,33.46,33.27,33.05,33.15,32.92,32.91,47.9,32.88,32.88,32.78,33.11,32.68,33.07,33.11,33.04,33.23,48,33.07,33.49,33.53,33.7,33.6,33.8,34,34.1,34.3,48,34.6,34.8,34.7,35.2,34.9,35.5,35.4,35.1,35.3,47.8,35.1,35.3,35.6,35.8,35.4,35.6,35.8,35.7,35.8,47.9,35.6,35.7,36,35.8,35.8,35.6,35.7,35.8,36.1,47.9,35.7,35.9,35.5,35.5,36.2,35.7,47.9,47.7
0.000001,36.8,35.8,36,35.9,35.9,35.7,35.8,35.5,35.7,35.5,35.6,47.8,35.5,35.7,35.8,35.8,35.2,35.1,35.2,35.4,35,47.9,35.2,35,35.1,35,34.7,34.4,34.6,34.1,34,47.8,33.7,33.3,33.21,33.27,33.46,32.95,33.15,32.97,33,47.8,32.88,33.02,32.87,33.2,32.78,33.07,33.2,33.24,33.18,47.7,33.11,33.53,33.49,33.76,33.8,33.8,34,33.8,34.1,47.9,34.6,34.7,34.8,35.1,34.8,35.6,35.2,35.1,35.2,47.9,35.3,35.3,35.5,35.7,35.3,35.6,35.8,35.7,35.7,47.9,35.6,35.7,36,35.6,35.8,35.6,35.7,35.9,35.8,47.8,35.6,35.8,35.6,35.5,36.2,35.8,47.8,47.9
0.0000012,36.8,35.7,36.1,35.9,35.9,35.6,35.8,35.5,35.8,35.4,35.8,48,35.6,35.6,35.8,35.6,35.4,35.4,35.2,35.4,35,47.9,35.1,34.9,35.1,34.9,34.8,34.4,34.4,34.1,34.1,47.9,33.76,33.3,33.27,33.13,33.6,32.95,33.2,32.97,33.14,47.8,32.88,33.25,32.87,33.28,32.68,33.11,33.34,33.28,33.04,47.7,33.31,33.53,33.34,33.7,33.75,33.9,34,33.8,34.4,47.9,34.7,34.7,34.9,34.9,35,35.6,35,35.2,35.3,47.8,35.6,35.4,35.7,35.7,35.5,35.6,35.8,35.9,35.9,47.8,35.8,35.8,36.1,35.5,35.9,35.8,36,35.7,35.8,47.9,35.6,35.8,35.7,35.6,36.1,35.7,47.9,47.7
0.0000014,36.8,35.7,36.1,35.9,35.9,35.6,35.9,35.5,35.9,35.4,35.8,47.8,35.7,35.5,35.9,35.7,35.4,35.6,35.2,35.4,35.1,47.8,35,34.9,35.1,34.9,34.8,34.5,34.6,34.2,34.1,47.9,33.76,33.49,33.36,32.98,33.6,33,33.15,32.87,33.33,47.9,32.84,33.21,33.11,33.4,32.87,32.95,33.38,33.33,33.14,47.8,33.36,33.49,33.29,33.56,33.89,34,34,33.5,34.2,47.8,34.6,34.7,34.8,34.8,34.9,35.6,34.9,35.2,35.2,47.8,35.6,35.5,35.6,35.7,35.6,35.6,35.7,36,35.8,47.7,35.8,35.9,36.1,35.5,35.9,35.8,36,35.7,35.5,47.8,35.7,35.8,35.8,35.6,36,35.8,47.8,47.8
0.0000016,36.8,35.7,36,35.9,35.9,35.6,35.9,35.5,35.8,35.4,35.8,47.9,35.7,35.5,36.1,35.6,35.5,35.6,35.4,35.5,35.3,48,34.8,35,35,34.9,34.8,34.5,34.6,34.1,34.1,48,33.66,33.59,33.46,33.08,33.36,32.95,33.15,33.07,33.37,47.9,32.84,33.11,33.15,33.2,32.77,32.92,33.38,33.24,33.04,47.8,33.36,33.44,33.53,33.62,33.85,34,34,33.7,34.3,48,34.8,34.6,34.8,34.7,35,35.6,34.9,35.2,35.3,47.9,35.7,35.4,35.4,35.6,35.6,35.6,35.6,36,35.8,47.8,35.7,35.9,36,35.4,35.8,35.9,36,35.7,35.4,47.9,35.7,35.8,35.9,35.8,35.7,35.9,47.8,47.9
0.0000018,36.8,35.7,35.9,35.9,35.9,35.5,36,35.6,35.8,35.7,35.8,47.8,35.6,35.5,35.9,35.6,35.5,35.7,35.5,35.5,35.4,47.7,34.9,35,35,34.7,34.8,34.4,34.4,34.3,34.1,47.9,33.56,33.59,33.36,33.13,33.6,33,33.15,33.01,33.33,47.9,32.8,33.07,33.2,33.05,32.87,33.11,33.2,33.18,33.08,48,33.31,33.44,33.47,33.52,33.85,33.9,34,33.7,34.1,47.9,34.7,34.7,34.7,34.6,35,35.3,34.9,35.2,35.3,47.7,35.7,35.5,35.5,35.7,35.7,35.7,35.6,35.9,35.8,47.9,35.8,36.1,36,35.4,35.9,35.9,35.9,35.7,35.4,47.8,35.8,35.8,35.9,35.9,35.6,36,47.9,47.8
0.000002,36.8,35.7,35.7,35.8,35.8,35.6,35.9,35.7,35.7,35.8,35.8,47.9,35.6,35.6,35.9,35.7,35.6,35.7,35.4,35.4,35.6,48,35,35,35,34.6,34.8,34.6,34.4,34.3,34.1,47.9,33.62,33.63,33.46,33.13,33.56,33.04,32.97,33.11,33.33,47.8,32.84,32.92,32.95,32.97,32.97,33.11,33.01,33.04,33.08,47.8,33.16,33.44,33.62,33.62,33.85,33.9,34,33.9,34,47.8,34.7,34.6,34.8,34.6,35.1,35.2,35.2,35.3,35.2,47.9,35.7,35.6,35.6,35.6,35.9,35.7,35.6,35.8,35.7,47.7,35.9,36.1,35.8,35.5,35.9,35.9,36,36,35.5,47.8,35.9,35.7,35.9,35.9,35.5,36.1,47.7,47.7
0.0000022,36.8,35.7,35.6,35.7,35.8,35.7,35.8,35.8,35.7,35.9,35.9,47.8,35.5,35.6,35.8,35.7,35.6,35.6,35.4,35.3,35.7,47.9,35.2,35,35,34.4,34.5,34.6,34.3,34.2,34,47.9,33.52,33.67,33.41,33.27,33.27,33.18,32.97,33.05,33.08,48,32.88,32.98,32.97,32.91,32.97,33.11,32.82,33,33.23,47.9,33.36,33.34,33.66,33.47,33.7,33.9,34,34,34,47.8,34.6,34.6,34.7,34.6,35.2,35.1,35.4,35.2,35.4,47.9,35.7,35.6,35.6,35.6,35.9,35.7,35.6,35.7,35.8,48,35.8,35.9,35.8,35.7,35.8,35.9,35.8,35.8,35.8,47.8,36,35.8,35.9,35.9,35.4,36,47.7,47.7
0.0000024,36.7,36,35.4,35.5,35.9,35.9,35.7,35.9,35.7,36.1,35.8,47.9,35.6,35.6,35.5,35.6,35.6,35.6,35.4,35.4,35.7,47.8,35.2,35,35,34.4,34.5,34.6,34.3,34.3,34,47.8,33.7,33.49,33.5,33.31,33.17,33.33,32.97,33.11,33,47.8,32.84,32.94,32.82,32.82,33.01,33.01,32.78,33.04,33.37,47.9,33.4,33.2,33.62,33.56,33.7,33.8,34,34.2,33.9,47.8,34.6,34.6,34.8,34.9,35,35.1,35.4,35.2,35.3,47.8,35.7,35.7,35.7,35.5,35.9,35.9,35.5,35.6,35.7,48,35.9,35.9,35.7,35.8,35.7,35.9,35.9,35.8,35.8,47.8,36,35.7,35.9,36,35.4,35.9,47.8,47.8
0.0000026,36.6,36.1,35.5,35.6,35.8,35.9,35.8,35.9,35.7,36.1,35.8,47.9,35.6,35.8,35.5,35.6,35.7,35.5,35.5,35.4,35.5,47.9,35.4,35.1,35,34.3,34.3,34.5,34.2,34.1,34.1,48,33.56,33.34,33.31,33.31,33.17,33.37,32.87,33.05,32.85,48,33.02,32.74,32.78,32.78,33.05,33.15,32.72,33,33.46,47.8,33.36,33.49,33.66,33.56,33.47,33.9,34,34.5,33.9,47.8,34.6,34.6,34.7,35,35.1,35,35.6,35.2,35.4,47.9,35.6,35.7,35.7,35.6,35.8,35.8,35.6,35.5,35.8,47.9,35.7,35.8,35.7,35.9,35.8,35.8,35.8,35.8,35.9,47.9,36,35.9,35.8,35.9,35.8,35.8,47.8,47.7
0.0000028,36.8,36,35.7,35.6,35.8,35.9,35.6,35.9,35.6,36.1,35.8,48,35.6,35.8,35.5,35.5,35.7,35.4,35.5,35.4,35.5,48,35.4,35.1,34.9,34.4,34.2,34.3,34.3,34.2,34,47.8,33.85,33.34,33.27,33.46,33.13,33.51,33.05,33.01,32.95,47.8,32.92,32.88,32.82,32.87,33.1,33.15,32.87,33.14,33.46,47.9,33.4,33.39,33.9,33.66,33.37,33.9,34,34.5,33.9,47.9,34.7,34.7,34.9,35,35.1,35.1,35.5,35.2,35.5,47.8,35.6,35.7,35.8,35.6,35.8,35.6,35.5,35.5,35.7,47.9,35.7,35.8,35.7,36,35.7,35.8,35.9,36,35.9,47.8,35.9,36,35.9,35.9,35.8,35.7,47.8,47.7
0.000003,36.8,36,35.8,35.5,35.9,36.1,35.6,35.7,35.7,35.8,35.8,47.9,35.6,35.7,35.4,35.5,35.5,35.5,35.4,35.5,35.3,48,35.5,35,34.9,34.6,34.4,34.4,34.3,34.3,34.1,47.8,33.99,33.34,33.21,33.4,33.21,33.66,33.15,33.2,32.85,47.8,32.97,32.97,32.91,32.87,33.05,33.01,33.01,33.04,33.5,47.9,33.54,33.39,33.75,33.56,33.42,33.9,34,34.5,34.1,47.9,34.6,34.7,34.9,35,35.1,35.2,35.4,35.2,35.4,48,35.6,35.6,35.8,35.7,35.6,35.6,35.6,35.5,35.6,47.8,35.5,35.6,35.6,36.1,35.6,35.7,35.8,36,35.8,47.8,35.9,36.1,35.9,35.9,36,35.7,47.8,47.7
0.0000032,36.8,35.9,35.8,35.6,35.6,36,35.5,35.8,35.7,35.7,35.8,47.9,35.8,35.8,35.4,35.6,35.5,35.4,35.5,35.5,35.1,47.8,35.4,35,35.1,34.7,34.5,34.2,34.5,34.2,34.2,47.9,34.1,33.49,33.31,33.36,33.23,33.56,33.11,33.1,32.95,47.8,33.07,33.01,32.91,32.95,33.05,33.15,33.05,33.08,33.46,47.8,33.4,33.53,33.66,33.66,33.42,34,34,34.5,34.3,47.7,34.6,34.6,35,35.1,35.1,35.3,35.1,35.2,35.5,47.8,35.7,35.5,35.8,35.7,35.6,35.5,35.6,35.7,35.7,47.8,35.5,35.6,35.8,36.2,35.6,35.9,35.9,35.9,35.9,47.8,35.9,36.1,35.8,35.8,36,35.7,47.7,47.8
0.0000034,36.9,35.9,36,35.7,35.5,35.9,35.6,35.6,35.8,35.6,35.8,48,35.6,35.7,35.4,35.6,35.4,35.4,35.5,35.5,35.2,47.9,35.2,35.1,35.1,34.7,34.6,34.2,34.4,34.3,34.1,47.7,34,33.63,33.21,33.36,33.27,33.61,33.2,33.24,33.04,47.8,32.97,33.25,33.05,33.2,33.14,33.01,33.24,33.18,33.17,47.9,33.49,33.53,33.62,33.75,33.65,33.9,34,34.4,34.4,47.8,34.5,34.7,35,35.1,35,35.3,34.8,35.2,35.5,47.9,35.5,35.4,35.7,35.7,35.6,35.6,35.8,35.8,35.8,47.8,35.5,35.7,35.8,36,35.8,35.7,35.9,35.9,35.9,47.7,35.8,36.1,35.6,35.7,36,35.6,47.8,47.8
0.0000036,37.1,35.8,35.8,35.9,35.4,35.8,35.7,35.6,35.8,35.4,35.7,47.9,35.6,35.6,35.5,35.6,35.5,35.3,35.5,35.4,35.1,47.8,35,35,35,34.8,34.8,34.4,34.3,34.2,34,47.9,34.1,33.67,33.36,33.36,33.36,33.37,33.2,33.24,33.33,47.9,33.01,33.2,33.2,33.24,33.1,33.15,33.24,33.33,33.23,47.8,33.44,33.57,33.57,33.89,33.75,33.9,34,34.3,34.5,47.9,34.6,34.7,34.8,35,34.9,35.4,34.8,35.2,35.5,47.9,35.6,35.4,35.8,35.7,35.4,35.5,35.7,35.9,35.9,47.7,35.5,35.7,35.8,35.8,35.9,35.9,35.9,35.9,35.9,47.9,35.9,35.9,35.6,35.8,35.8,35.7,47.7,47.7
0.0000038,37.1,35.8,35.8,35.9,35.4,35.7,35.8,35.6,35.8,35.4,35.6,47.8,35.6,35.6,35.8,35.7,35.5,35.3,35.6,35.4,35.2,48,34.9,34.9,35,34.9,34.8,34.4,34.4,34.3,34.1,47.8,33.9,33.72,33.5,33.31,33.4,33.33,33.14,33.24,33.46,47.9,33.15,33.15,33.28,33.24,33.1,33.05,33.43,33.27,33.18,47.9,33.44,33.67,33.43,33.85,33.9,33.7,34,34.2,34.5,47.7,34.5,34.8,34.8,35,34.9,35.4,34.7,35.3,35.5,47.9,35.7,35.3,35.6,35.7,35.5,35.6,35.7,35.9,36,47.7,35.4,35.7,35.9,35.8,35.9,35.8,35.9,35.9,35.8,47.8,35.8,35.9,35.5,35.6,35.6,35.7,47.7,47.8
0.000004,36.9,35.8,35.9,36,35.4,35.7,36,35.5,35.8,35.7,35.7,47.9,35.6,35.7,36,35.6,35.7,35.4,35.6,35.3,35.3,47.9,35.1,35,34.9,34.9,34.9,34.7,34.5,34.4,34,47.8,33.7,33.8,33.54,33.36,33.44,33,33.2,33.24,33.6,47.8,33.11,33.15,33.28,33.28,33.04,33.15,33.47,33.27,33.08,47.8,33.49,33.62,33.24,33.89,34,33.69,34.1,34.2,34.6,47.8,34.6,34.7,34.7,34.9,35,35.4,34.9,35.2,35.4,47.9,35.6,35.4,35.6,35.6,35.6,35.7,35.7,35.7,36,47.7,35.5,35.8,36,35.6,35.9,35.8,35.9,35.9,35.8,47.8,35.7,35.7,35.5,35.7,35.3,36,47.8,47.7
0.0000042,36.8,35.7,35.8,36,35.5,35.6,36,35.5,35.8,35.9,35.6,47.9,35.6,35.6,36.1,35.6,35.7,35.3,35.6,35.4,35.4,47.8,35.1,35,35,34.9,34.8,34.8,34.4,34.4,34.1,47.7,33.66,33.8,33.59,33.4,33.59,32.95,33.24,33.1,33.46,47.9,33.01,33.05,33.28,33.33,33.14,33.1,33.47,33.27,33.08,47.9,33.54,33.57,33.33,33.79,34,33.59,34.1,34.1,34.5,47.9,34.6,34.8,34.7,34.8,35.1,35.3,35.1,35.2,35.3,47.8,35.6,35.5,35.3,35.6,35.6,36,35.8,35.7,36,47.8,35.7,35.8,36,35.6,35.9,35.8,35.9,35.7,35.8,47.9,35.8,35.5,35.6,35.6,35.4,36.1,47.7,47.7
0.0000044,36.8,35.7,35.7,36,35.6,35.7,36.1,35.7,35.8,36,35.7,47.8,35.7,35.7,36.1,35.6,35.7,35.5,35.6,35.3,35.5,47.8,35.1,35,34.9,34.7,34.8,34.8,34.4,34.4,33.9,47.9,33.56,33.76,33.63,33.36,33.5,32.95,33.28,32.95,33.56,47.8,32.92,33.05,33.24,33.1,33.14,33.15,33.43,33.31,33.13,47.9,33.49,33.53,33.43,33.56,34,33.59,34.1,34.1,34.5,47.8,34.6,34.8,34.7,34.7,35.1,35.3,35.1,35.2,35.2,47.8,35.6,35.4,35.4,35.6,35.7,36,35.7,35.7,36,48,35.7,35.8,35.9,35.8,35.9,35.8,35.9,35.8,35.8,47.8,35.8,35.6,35.8,35.7,35.6,36.1,47.8,48
0.0000046,36.8,35.6,35.6,35.9,35.7,35.7,36.1,35.7,35.8,36.1,35.7,47.9,35.6,35.7,36.1,35.6,35.7,35.4,35.6,35.5,35.5,48,35.2,34.9,34.9,34.7,34.8,34.8,34.4,34.4,34.1,47.9,33.56,33.76,33.59,33.36,33.5,32.85,33.28,32.91,33.6,47.9,32.97,33.01,33.24,33.14,33.14,33.05,33.28,33.27,33.27,47.9,33.59,33.49,33.43,33.6,33.9,33.7,34.1,34,34.4,47.9,34.6,34.8,34.7,34.8,35.1,35.1,35.3,35.2,35.2,47.8,35.7,35.4,35.6,35.7,35.6,35.9,35.7,35.6,35.7,47.9,35.8,35.8,35.8,35.8,36,35.8,35.8,35.8,35.8,47.9,35.8,35.5,35.8,35.7,35.7,36.2,47.8,47.9
0.0000048,36.7,35.7,35.8,35.9,35.9,35.7,36.1,35.8,35.8,36.1,35.7,48,35.7,35.8,36.1,35.6,35.7,35.4,35.6,35.4,35.4,47.8,35.2,34.9,34.8,34.7,34.8,34.8,34.5,34.2,34.1,47.8,33.52,33.72,33.63,33.36,33.4,33.04,33.24,32.95,33.6,47.7,32.97,33.01,33.05,33.1,33.1,33.05,33.24,33.27,33.21,47.9,33.63,33.49,33.7,33.56,33.89,34,34.2,34.1,34.1,47.9,34.5,34.8,34.7,34.8,35.1,35.1,35.3,35.2,35.2,47.8,35.6,35.4,35.4,35.6,35.7,35.9,35.7,35.6,35.7,47.9,35.9,35.9,35.9,36.1,35.9,35.9,35.8,35.9,35.8,47.8,35.9,35.7,36,35.8,35.9,36.1,47.7,47.7
0.000005,36.7,35.8,35.8,35.7,35.9,35.7,35.9,35.9,35.7,35.9,35.8,47.9,35.5,35.8,35.8,35.6,35.7,35.5,35.6,35.5,35.4,47.9,35.3,35.2,35,34.7,34.8,34.8,34.4,34,34.1,47.9,33.56,33.67,33.54,33.4,33.4,33.18,33.2,33.05,33.7,47.7,32.97,32.91,33.05,33,33.14,33.01,33.1,33.41,33.5,47.8,33.59,33.49,33.89,33.56,33.75,34,34.4,34.1,34,47.8,34.6,34.8,34.8,34.8,35.1,35,35.3,35.1,35.2,48,35.6,35.5,35.6,35.5,35.7,36,35.7,35.6,35.7,48,35.9,35.9,35.7,36.1,35.8,35.7,35.9,35.9,35.9,47.9,35.8,35.7,36,35.9,36.1,36,47.7,47.7
0.0000052,36.8,35.8,35.8,35.4,36,35.8,35.7,35.7,35.7,35.7,36.1,47.9,35.5,35.8,35.6,35.8,35.6,35.5,35.7,35.5,35.4,47.7,35.4,35,34.9,34.7,34.5,34.6,34.4,33.8,34.1,47.7,33.7,33.67,33.5,33.36,33.4,33.37,33.1,33.05,33.31,47.8,33.01,32.82,32.91,33,33.14,33.05,33.05,33.23,33.4,47.8,33.59,33.49,33.89,33.6,33.7,34.2,34.4,34.2,34,47.8,34.6,34.8,34.9,34.8,35.1,35.1,35.3,35.1,35.2,47.8,35.6,35.5,35.7,35.6,35.7,35.8,35.6,35.5,35.7,47.7,36,36.2,35.6,36.3,35.8,35.9,36.1,35.8,35.9,47.8,35.8,35.7,36,35.9,36.1,35.8,47.8,47.9
0.0000054,36.8,35.9,35.8,35.3,36,36,35.6,35.8,35.7,35.6,36.1,48,35.8,35.9,35.5,35.9,35.5,35.6,35.6,35.3,35.4,47.9,35.5,35,34.8,34.7,34.4,34.5,34.4,33.6,34.2,47.8,33.75,33.53,33.3,33.46,33.3,33.56,32.95,33,33.23,47.9,33.11,32.97,32.95,32.95,33.24,33.05,33,33.41,33.5,47.8,33.63,33.53,34,33.65,33.65,34.3,34.3,34.2,34,47.9,34.6,34.8,34.9,35,35,35.1,35.2,35.2,35.2,47.8,35.5,35.6,35.6,35.7,35.7,35.7,35.5,35.6,35.6,47.8,35.9,36,35.7,36.2,35.4,35.9,36.1,36,35.8,47.8,35.8,36,35.8,35.8,36.1,35.7,47.8,48
0.0000056,36.7,35.9,35.8,35.4,36,35.9,35.7,35.9,35.7,35.5,35.8,47.9,35.7,35.8,35.4,35.9,35.3,35.5,35.7,35.5,35.3,47.9,35.2,35,34.9,34.8,34.3,34.4,34.3,33.7,34,47.9,33.89,33.59,33.21,33.49,33.21,33.5,33.2,33.24,33.04,47.9,33.15,33.05,33,32.95,33.33,33.15,33,33.17,33.54,47.9,33.57,33.57,34,33.89,33.5,34.1,34.2,34.3,34,47.7,34.6,34.8,34.9,35,35.1,35.1,35.1,35.2,35.2,47.9,35.5,35.6,35.6,35.6,35.7,35.5,35.6,35.7,35.6,47.9,35.8,35.8,35.7,35.9,35.5,35.8,36.1,35.9,35.8,47.9,35.8,36.1,35.9,35.9,36,35.6,47.7,47.7
0.0000058,36.7,35.8,35.8,35.4,35.9,36,35.6,35.9,35.8,35.4,35.8,48,35.6,35.7,35.5,36,35.3,35.5,35.6,35.5,35.4,47.7,35.2,35,35,34.7,34.3,34.5,34.5,33.6,34.2,47.9,33.89,33.49,33.26,33.54,33.3,33.5,33.24,33.28,32.98,47.9,33.15,33.05,33.14,32.95,33.47,33,33.04,33.31,33.4,47.8,33.59,33.62,34,33.79,33.65,34,34.1,34.2,34.1,47.9,34.8,34.7,35,35,35.1,35.1,35.1,35.4,35.2,47.9,35.4,35.5,35.5,35.7,35.7,35.6,35.5,35.9,35.6,48,35.6,35.7,35.8,35.8,35.5,35.7,36.2,35.8,35.8,48,35.9,36,35.7,35.9,35.8,35.6,47.9,47.6
0.000006,36.6,35.9,35.8,35.4,35.7,35.9,35.6,35.8,35.7,35.5,35.8,47.9,35.8,35.7,35.4,36,35.3,35.4,35.6,35.4,35.3,47.8,35.3,35,35.1,34.7,34.4,34.4,34.4,33.8,34.2,47.9,34,33.39,33.3,33.54,33.3,33.56,33.24,33.33,33.08,47.9,33.1,33.2,33.14,33.04,33.51,33.14,33.24,33.17,33.4,47.8,33.53,33.62,33.75,33.85,33.65,34,34.1,34.3,34.2,47.8,34.6,34.7,34.9,35,35,35.2,35.1,35.4,35.2,47.8,35.5,35.4,35.4,35.7,35.6,35.5,35.7,35.9,35.8,47.9,35.5,35.5,35.8,35.6,35.5,35.8,36.4,35.8,35.8,47.9,35.9,36,35.6,35.9,35.5,35.6,47.8,47.5
0.0000062,36.4,35.9,35.8,35.7,35.5,35.9,35.7,35.7,35.7,35.7,35.7,47.9,35.8,35.6,35.6,35.7,35.4,35.3,35.6,35.4,35.3,47.8,35.1,35.1,35.1,34.7,34.4,34.4,34.5,33.9,34.1,47.8,33.8,33.43,33.3,33.44,33.2,33.41,33.28,33.33,33.17,47.9,33.15,33.24,33.28,33.18,33.51,33.14,33.14,33.27,33.36,48,33.63,33.66,33.66,33.69,33.89,33.9,34,34.3,34.3,47.7,34.7,34.8,34.9,35.1,35.1,35.3,35.1,35.4,35.3,47.7,35.4,35.5,35.3,35.7,35.6,35.5,35.6,35.9,35.9,47.9,35.5,35.4,35.7,35.4,35.7,35.8,36.2,35.7,35.7,47.7,35.8,35.9,35.7,35.7,35.3,35.7,47.7,45.3
0.0000064,36.3,35.8,35.7,35.9,35.6,36,35.9,35.7,35.8,35.8,35.5,47.9,35.5,35.5,35.5,35.6,35.5,35.3,35.6,35.5,35.3,47.8,35,35,35.1,34.8,34.7,34.5,34.4,34.1,34.1,48,33.8,33.43,33.49,33.59,33.3,33.27,33.28,33.47,33.17,47.9,33.05,33.34,33.18,33.33,33.51,33.24,33.18,33.26,33.36,47.8,33.53,33.62,33.46,33.75,33.89,33.7,34,34.2,34.5,47.8,34.7,34.8,34.9,35.1,35.1,35.2,35.3,35.4,35.2,47.7,35.4,35.4,35.4,35.7,35.6,35.3,35.7,35.7,35.8,47.8,35.5,35.5,35.7,35.6,35.9,35.7,36,35.6,35.8,47.8,35.9,35.9,35.6,35.7,35.3,35.8,47.5,42
0.0000066,36.5,35.8,35.8,36,35.5,35.9,35.9,35.7,35.7,35.9,35.6,47.9,35.5,35.4,35.7,35.5,35.6,35.4,35.6,35.4,35.3,47.8,35.1,35.2,35.1,34.8,34.8,34.7,34.4,34.3,34.2,47.8,33.79,33.43,33.59,33.44,33.39,33.13,33.28,33.33,33.36,47.8,33.15,33.38,33.14,33.33,33.33,33.28,33.23,33.36,33.27,47.9,33.63,33.66,33.37,33.79,34,33.7,34,34.2,34.5,47.8,34.6,34.9,34.7,35,35.1,35.3,35.3,35.4,35.3,48,35.3,35.5,35.4,35.7,35.6,35.3,35.7,35.8,35.9,47.8,35.5,35.4,35.8,35.7,35.9,35.8,35.9,35.6,35.8,47.8,35.9,35.8,35.6,35.7,35.4,35.9,47.4,36.41
0.0000068,36.5,35.7,35.8,36,35.4,35.7,36,35.6,35.7,36.1,35.5,47.8,35.5,35.5,35.8,35.5,35.7,35.4,35.6,35.5,35.3,47.8,35.1,35.2,35,34.7,34.9,34.7,34.3,34.3,34.1,47.9,33.79,33.53,33.63,33.4,33.39,33.04,33.18,33.33,33.54,47.8,33.05,33.28,33.28,33.37,33.18,33.2,33.33,33.26,33.17,47.8,33.53,33.66,33.37,33.8,34,33.9,33.9,34.1,34.5,47.7,34.6,34.8,34.9,35.1,35.1,35.3,35.4,35.4,35.4,47.8,35.6,35.4,35.6,35.8,35.6,35.2,35.9,35.7,35.9,47.7,35.5,35.6,35.9,35.7,36,35.8,35.8,35.6,35.9,47.9,35.9,35.7,35.7,35.6,35.3,36,45.2,32.06
0.000007,36.5,35.9,35.8,35.9,35.5,35.8,36.1,35.7,35.7,35.9,35.5,47.9,35.5,35.5,35.9,35.3,35.7,35.3,35.6,35.4,35.3,47.9,35.1,35.3,34.9,34.8,35,34.8,34.3,34.2,34.2,47.8,33.65,33.29,33.67,33.44,33.49,33.08,33.24,33.18,33.69,47.9,33.01,33.1,33.04,33.51,33.1,33.24,33.33,33.4,33.36,47.8,33.57,33.62,33.32,33.79,33.9,34.1,34.1,34,34.5,48,34.6,34.7,34.8,35.1,35,35.2,35.4,35.3,35.3,47.7,35.6,35.4,35.7,35.7,35.6,35.1,35.8,35.7,35.9,47.7,35.7,35.7,35.8,35.8,36,35.8,35.6,35.7,35.9,47.7,36,35.7,35.8,35.7,35.5,36.1,41.8,28.57
0.0000072,36.5,35.7,36,35.9,35.5,35.7,36,35.6,35.8,36,35.7,48,35.6,35.4,36,35.3,35.7,35.4,35.6,35.4,35.4,47.9,35.2,35.3,35,34.8,35.1,34.8,34.3,34.2,34.1,47.8,33.65,33.34,33.63,33.44,33.49,33.04,33.14,33.18,33.59,47.8,33.05,33.05,33.14,33.51,32.9,33.18,33.27,33.5,33.36,47.8,33.57,33.62,33.42,33.9,34,34.3,34.1,34,34.3,47.9,34.5,34.7,34.7,34.9,34.9,35.2,35.3,35.1,35.4,47.9,35.6,35.5,35.8,35.5,35.7,35.2,35.8,35.7,36,47.9,35.8,35.7,35.8,35.9,36,35.7,35.6,35.7,35.8,47.8,36,35.7,35.8,35.7,35.5,35.9,36.27,25.21
0.0000074,36.8,35.8,35.8,35.9,35.6,35.7,35.9,35.7,35.6,35.9,35.7,48.1,35.7,35.4,35.8,35.5,35.7,35.4,35.5,35.4,35.4,47.9,35.3,35.3,34.9,34.7,34.9,34.7,34.2,34.2,34.1,47.8,33.65,33.29,33.67,33.4,33.43,33.13,33.18,33.14,33.54,47.8,33.05,33.05,33.23,33.37,33.04,33.04,33.33,33.54,33.4,47.8,33.43,33.62,33.6,33.89,34,34.3,34.2,33.9,34.3,47.8,34.6,34.5,34.9,35,34.9,35.2,35.3,35,35.5,47.9,35.5,35.5,35.9,35.5,35.7,35.4,35.8,35.7,36,47.8,35.8,35.8,35.8,36.1,35.9,35.8,35.6,35.8,35.8,47.8,36,35.7,35.8,35.9,35.8,36,31.96,24.26
0.0000076,36.8,35.7,35.8,35.9,35.9,35.7,36,35.6,35.8,35.8,35.8,47.8,35.8,35.4,35.9,35.5,35.7,35.5,35.4,35.5,35.3,48,35.2,35.1,34.8,34.8,34.9,34.7,34.3,34,34.1,47.9,33.75,33.24,33.63,33.44,33.49,33.13,33.14,33,33.46,47.9,33.05,32.87,33.18,33.23,33.04,33.24,33.23,33.44,33.36,48,33.43,33.62,33.69,33.79,33.8,34.2,34.3,34.1,34.2,47.8,34.6,34.5,34.8,35,35,35.2,35.1,35.1,35.4,47.8,35.5,35.6,35.8,35.5,35.6,35.5,35.6,35.8,35.7,47.7,35.9,35.9,35.7,35.9,35.9,35.8,35.6,36,35.8,47.9,35.9,35.8,35.9,35.9,35.7,36,28.42,24.34
0.0000078,36.8,35.9,35.8,35.7,35.9,35.8,36,35.5,35.6,35.7,35.8,47.9,35.8,35.5,35.8,35.5,35.5,35.4,35.6,35.5,35.4,47.7,35.2,35,34.9,34.8,34.8,34.5,34.3,33.9,34.2,47.9,33.79,33.29,33.49,33.63,33.53,33.21,33.18,33,33.46,48,33.1,32.87,33.23,33.14,33.18,33.08,33.23,33.3,33.4,47.9,33.53,33.62,33.65,33.79,33.9,34,34.3,34.2,34.2,47.7,34.7,34.5,34.7,34.8,35.1,35,35.2,35,35.4,47.8,35.5,35.6,35.8,35.5,35.7,35.5,35.6,35.7,36,48,35.9,35.9,35.7,35.9,35.7,35.9,35.8,36.1,35.8,47.8,35.8,35.8,35.9,35.8,35.8,35.9,25.12,24.39
0.000008,36.8,35.9,35.8,35.6,36.1,35.9,35.8,35.5,35.8,35.7,35.9,47.9,35.6,35.7,35.7,35.5,35.4,35.5,35.6,35.5,35.5,48,35.2,34.9,35.1,34.7,34.5,34.5,34.3,33.9,34.1,47.9,33.7,33.43,33.44,33.63,33.34,33.46,33.08,33.14,33.4,47.9,33.1,32.77,33.33,33.04,33.23,33.28,33.33,33.31,33.4,47.9,33.34,33.47,33.8,33.65,33.7,34,34.4,34.2,34.2,47.7,34.8,34.5,34.9,34.8,35.1,35.1,35.3,35.2,35.3,47.8,35.3,35.6,35.7,35.5,35.7,35.7,35.7,35.7,35.9,47.7,35.9,35.9,35.7,35.8,35.7,35.8,35.9,36,35.8,47.8,35.6,35.8,35.9,35.9,35.9,36,24.3,24.39
0.0000082,36.6,35.9,35.7,35.6,36.2,35.9,35.7,35.6,35.6,35.7,36,47.8,35.6,35.8,35.7,35.8,35.3,35.6,35.7,35.4,35.5,47.8,35.3,35,35.1,34.7,34.5,34.5,34.5,34.1,34.1,47.8,33.9,33.43,33.34,33.57,33.53,33.41,33.14,33.18,33.21,47.8,33.24,32.95,33.18,32.94,33.27,33.33,33.23,33.21,33.36,47.8,33.29,33.52,33.69,33.69,33.8,33.7,34.3,34.2,33.9,47.8,34.8,34.7,35.1,34.9,35.1,35,35.3,35.1,35.4,47.8,35.5,35.6,35.4,35.6,35.7,35.9,35.7,35.7,35.7,47.8,35.7,36,35.7,35.6,35.6,35.8,36,36,35.9,47.7,35.6,35.9,35.9,35.9,36,35.9,24.35,24.34
0.0000084,36.7,35.9,35.8,35.6,36.2,35.9,35.7,35.7,35.7,35.6,35.8,47.8,35.5,35.8,35.7,35.9,35.3,35.5,35.6,35.3,35.4,47.8,35.3,34.9,35.1,34.7,34.4,34.5,34.6,34.1,34.2,47.8,34,33.72,33.3,33.63,33.49,33.36,33.14,33.33,33.36,47.8,33.28,33.05,33.08,32.95,33.37,33.33,33.23,33.13,33.4,47.8,33.2,33.57,33.89,33.69,33.69,33.7,34.5,34.3,34.2,47.9,34.9,34.9,35.1,35,35.1,35.1,35.3,35.1,35.5,47.9,35.3,35.5,35.4,35.6,35.7,35.9,35.6,35.4,35.7,47.8,35.8,35.9,35.7,35.6,35.6,35.8,35.9,35.9,35.9,47.7,35.6,35.9,35.9,35.7,36,35.8,24.34,24.35
0.0000086,36.5,35.9,35.8,35.6,36,35.8,35.8,35.8,35.8,35.7,35.8,47.8,35.3,35.8,35.6,35.9,35.3,35.4,35.7,35.5,35.5,47.8,35.2,34.9,34.9,34.6,34.5,34.5,34.8,34.4,34.2,47.8,34.1,33.62,33.2,33.72,33.39,33.5,33.18,33.23,33.36,47.9,33.28,33.18,33.18,33,33.23,33.33,33.18,33.03,33.4,47.7,33.29,33.66,33.8,33.69,33.7,33.8,34.4,34.2,34.3,47.9,35,34.9,35.1,35.1,35.1,35.1,35.3,35.2,35.4,47.9,35.4,35.7,35.3,35.9,35.6,35.9,35.8,35.5,35.7,47.8,35.7,35.9,35.7,35.4,35.6,35.8,36,35.9,35.8,47.8,35.7,35.9,35.8,35.7,35.9,35.8,24.35,24.43
0.0000088,36.4,35.9,35.8,35.6,35.9,35.7,35.8,35.9,35.6,35.7,35.6,47.8,35.4,35.9,35.6,35.9,35.4,35.6,35.7,35.3,35.4,47.8,35.2,35.1,35.1,34.8,34.5,34.7,34.8,34.5,34.1,47.8,34,33.72,33.3,33.53,33.49,33.36,33.33,33.37,33.41,47.9,33.18,33.33,33.08,33.08,33.23,33.18,33.23,33.03,33.36,47.9,33.37,33.66,33.79,33.8,33.8,34,34.2,34.3,34.3,47.8,34.8,35.1,35.1,35,35.1,35.1,35.3,35.2,35.5,47.7,35.6,35.7,35.3,35.9,35.6,35.9,35.8,35.6,35.5,47.7,35.8,36,35.7,35.5,35.7,35.8,36,35.8,35.9,47.9,35.7,36,35.8,35.7,36,35.7,24.39,24.29
0.000009,36.3,35.8,35.9,35.7,35.9,35.7,35.7,35.8,35.8,35.7,35.7,47.8,35.5,35.8,35.6,35.9,35.5,35.6,35.7,35.5,35.2,47.9,35.2,35.2,34.9,34.7,34.6,34.6,34.7,34.7,34.1,47.7,33.9,33.72,33.3,33.49,33.49,33.5,33.23,33.23,33.36,47.9,33.14,33.33,33.08,33.18,33.23,33.08,33.23,33.21,33.4,47.9,33.62,33.7,33.69,33.8,33.9,34,34.2,34.2,34.4,47.7,34.7,35,35.1,35,35.1,35.2,35.1,35.3,35.4,47.9,35.7,35.6,35.4,36,35.6,35.8,35.8,35.5,35.5,47.7,35.5,35.9,35.9,35.6,35.7,36,35.9,35.7,35.8,47.8,35.7,35.9,35.8,35.6,35.8,35.7,24.3,24.35
0.0000092,36.6,35.9,36,35.8,35.6,35.5,35.8,35.9,35.8,35.8,35.5,48,35.5,35.7,35.7,35.7,35.6,35.6,35.7,35.4,35.1,47.8,35.1,35.3,35,34.8,34.7,34.5,34.6,34.8,34.1,48,33.8,33.72,33.49,33.53,33.52,33.5,33.23,33.37,33.5,47.7,33.23,33.43,33.23,33.37,33.08,33.18,33.27,33.26,33.44,47.8,33.7,33.6,33.69,33.8,34,34,34.1,34.2,34.4,47.8,34.8,34.9,35,35,35.1,35.1,35.1,35.4,35.3,47.9,35.7,35.6,35.5,36,35.7,35.6,35.8,35.7,35.7,47.7,35.7,36,36,35.7,35.7,36,35.8,35.6,35.8,47.9,36,35.8,35.9,35.7,35.6,35.7,24.35,24.39
0.0000094,36.6,35.9,36,35.8,35.4,35.6,35.7,35.8,35.8,35.7,35.6,47.8,35.5,35.6,35.7,35.7,35.6,35.6,35.9,35.5,35.1,47.8,35.1,35.3,34.9,34.9,34.7,34.6,34.5,34.7,34.1,47.9,33.69,33.72,33.52,33.49,33.57,33.4,33.41,33.27,33.64,47.9,33.18,33.33,33.41,33.41,33.18,33.04,33.27,33.59,33.3,47.8,33.95,33.75,33.79,33.8,34,33.9,34,34.2,34.5,47.8,34.6,34.8,35,35,35,35.3,35,35.4,35.2,47.7,35.7,35.5,35.8,35.8,35.6,35.5,35.6,35.8,35.7,47.8,35.8,35.8,35.9,35.8,35.9,36.1,35.8,35.7,35.7,47.8,35.9,35.8,35.9,35.7,35.7,35.8,24.3,24.25
0.0000096,36.6,35.8,36,35.9,35.3,35.6,35.7,35.9,35.6,35.8,35.7,47.8,35.8,35.5,35.8,35.5,35.6,35.7,35.9,35.5,35.1,47.9,35.1,35.3,35,34.8,34.7,34.7,34.4,34.5,34.3,47.9,33.75,33.72,33.76,33.2,33.47,33.5,33.46,33.37,33.59,47.9,33.14,33.27,33.27,33.56,33.23,33.08,33.31,33.63,33.26,47.8,33.99,33.75,33.69,34,34,34,33.9,34.1,34.5,47.7,34.6,34.5,34.8,34.9,35,35.2,35.1,35.4,35.3,47.8,35.7,35.4,35.8,35.8,35.6,35.5,35.8,35.8,35.9,47.8,35.6,35.8,35.9,35.9,35.9,36.1,35.8,35.7,35.6,47.9,36.1,35.8,36,35.8,35.7,35.8,24.3,24.39
0.0000098,36.7,35.9,35.9,36,35.3,35.6,35.8,35.9,35.7,35.7,35.7,47.9,35.8,35.5,35.8,35.3,35.6,35.7,35.9,35.5,35.1,47.9,35.1,35.3,35,34.8,34.7,34.7,34.4,34.5,34.2,48,33.55,33.72,33.76,33.16,33.57,33.5,33.46,33.37,33.59,47.9,33.14,33.08,33.31,33.46,33.23,33.23,33.31,33.77,33.26,47.8,33.95,33.7,33.7,33.9,34.1,34,34,34.1,34.5,47.9,34.6,34.4,34.6,35,35,35.2,35.1,35.4,35.1,47.8,35.7,35.5,35.9,35.5,35.7,35.4,35.5,35.8,35.9,47.7,35.8,35.8,35.9,35.9,35.9,36.2,35.8,35.7,35.7,47.8,35.9,35.7,36,35.6,35.8,36.1,24.34,24.38
0.00001,36.5,35.8,35.9,35.9,35.4,35.8,35.9,35.9,35.6,35.7,35.7,47.8,35.8,35.5,35.8,35.2,35.7,35.7,35.8,35.5,35.4,47.7,35.3,35.2,35.1,34.8,34.9,34.7,34.3,34.5,34.2,47.7,33.6,33.72,33.8,33.2,33.57,33.56,33.41,33.23,33.63,47.8,33.14,33.08,33.37,33.36,33.23,33.23,33.36,33.77,33.3,47.8,33.76,33.75,33.69,33.8,34,33.9,34.1,34,34.5,47.8,34.6,34.4,34.6,34.9,35,35.1,35.3,35.5,35.1,48,35.5,35.5,35.8,35.5,35.7,35.5,35.7,35.8,36,47.8,35.8,35.9,35.9,35.8,35.9,36.1,35.9,35.7,35.7,48,36,35.8,36.1,35.7,35.6,36.1,24.3,24.25
0.0000102,36.5,35.8,35.9,35.9,35.5,36,35.9,35.9,35.7,35.8,35.8,47.8,35.9,35.6,35.8,35.3,35.7,35.7,35.7,35.4,35.4,47.9,35.3,35.1,35.1,34.8,34.9,34.7,34.3,34.3,34.4,48,33.65,33.72,33.8,33.24,33.53,33.36,33.41,33.28,33.4,48,33.23,33.18,33.37,33.37,33.18,33.37,33.31,33.63,33.3,47.9,33.67,33.66,33.7,33.9,34,33.9,34.1,34.1,34.4,47.8,34.6,34.7,34.6,35.1,35,35.1,35.3,35.3,35.3,47.7,35.3,35.5,35.8,35.4,35.7,35.5,35.6,35.8,36.1,47.9,35.6,35.8,36,35.8,35.9,36,36,36,35.8,47.8,35.9,35.7,36,35.8,35.8,36,24.34,24.25
0.0000104,36.4,36,35.9,35.8,35.7,36.1,35.9,35.9,35.8,35.7,35.7,47.8,35.8,35.5,35.8,35.2,35.7,35.5,35.6,35.3,35.6,47.7,35.4,35,34.8,34.7,34.8,34.7,34.5,34.1,34.3,47.8,33.9,33.66,33.9,33.34,33.53,33.5,33.41,33.18,33.3,47.8,33.18,33.18,33.27,33.27,33.23,33.41,33.5,33.54,33.34,47.9,33.43,33.7,33.7,33.8,33.9,34,34.2,34.2,34.3,47.9,34.7,34.8,34.7,35,35,35.1,35.4,35.3,35.5,47.7,35.4,35.6,35.6,35.5,35.7,35.8,35.6,35.7,35.9,47.9,35.9,35.8,35.8,35.9,35.7,35.8,36,36.1,35.8,47.9,35.8,35.8,35.8,35.9,35.6,35.9,24.25,24.35
0.0000106,36.2,35.9,35.9,35.8,35.8,36.1,35.8,35.9,35.6,35.8,35.8,47.8,35.7,35.6,35.8,35.5,35.6,35.4,35.5,35.4,35.4,48,35.3,35.1,34.8,34.7,34.8,34.7,34.5,34.1,34.3,47.9,33.9,33.66,33.9,33.47,33.57,33.36,33.23,33.13,33.3,47.9,33.18,33.18,33.17,33.17,33.31,33.5,33.36,33.3,33.34,47.9,33.43,33.6,34,33.79,33.9,34,34.4,34.3,34.3,47.8,34.7,34.9,34.7,35.1,34.9,35.1,35.4,35.2,35.8,47.9,35.2,35.4,35.4,35.5,35.7,35.8,35.8,35.7,35.8,47.9,35.8,35.9,35.7,35.9,35.8,35.6,36,35.9,35.8,47.9,35.8,35.8,35.7,35.7,35.8,35.7,24.34,24.3
0.0000108,36.2,35.9,35.8,35.6,35.9,36.1,35.8,35.9,35.7,35.8,35.8,47.8,35.6,35.7,35.8,35.5,35.6,35.4,35.3,35.5,35.5,48,35.3,35,34.8,34.8,34.7,34.8,34.5,34,34.3,47.9,34,33.76,33.76,33.62,33.57,33.36,33.08,33.23,33.3,48,33.23,33.18,33.27,33.13,33.27,33.46,33.36,33.3,33.53,47.8,33.57,33.52,33.9,33.69,33.9,34.1,34.4,34.2,34.2,47.8,34.6,35.1,34.9,35.1,35,35.1,35.3,35.1,35.7,47.9,35.2,35.6,35.4,35.5,35.6,35.8,35.7,35.7,35.7,47.8,35.7,35.9,35.8,36.1,35.6,35.5,35.8,35.9,35.8,47.7,35.7,35.8,35.6,35.8,35.8,35.7,24.3,24.39
0.000011,36.2,35.8,35.9,35.6,35.9,36,35.7,35.7,35.9,35.8,35.8,47.9,35.6,35.6,35.6,35.8,35.6,35.3,35.2,35.4,35.5,47.8,35.3,34.9,35,34.8,34.9,34.8,34.6,33.9,34.1,47.8,34.1,33.66,33.76,33.76,33.57,33.31,33.03,33.23,33.3,47.9,33.18,33.28,33.23,33.08,33.41,33.46,33.46,33.26,33.67,47.8,33.57,33.52,33.9,33.65,34,33.9,34.6,34.4,34.3,47.9,34.8,35.1,35,35.1,35.1,35.2,35.3,35.1,35.8,47.7,35.3,35.6,35.5,35.6,35.6,35.8,35.8,35.7,35.7,47.8,35.7,35.9,35.7,35.9,35.6,35.6,35.7,35.9,35.8,47.8,35.7,35.9,35.4,35.8,35.8,35.7,24.35,24.39
0.0000112,36.4,35.8,35.9,35.7,36,35.8,35.7,35.6,35.8,35.6,35.7,48,35.5,35.7,35.5,35.8,35.5,35.3,35.1,35.5,35.5,47.8,35.2,35,35,34.7,34.8,34.6,34.5,33.9,34,47.8,34.2,33.72,33.7,33.76,33.62,33.36,32.98,33.23,33.3,48,33.33,33.23,33.13,33.17,33.41,33.46,33.5,33.26,33.72,47.8,33.66,33.66,34,33.55,33.8,33.9,34.4,34.1,34.3,47.9,34.7,35,35,35.1,35.2,35.1,35.4,34.9,35.7,47.9,35.4,35.5,35.6,35.8,35.5,35.8,35.8,35.7,35.6,47.7,35.7,36,35.7,36,35.7,35.6,35.8,35.8,35.8,47.8,35.8,35.9,35.4,35.9,35.8,35.7,24.25,24.35
0.0000114,36.5,35.8,35.7,35.7,36,35.8,35.7,35.6,35.9,35.7,35.7,47.9,35.5,35.8,35.6,36,35.4,35.5,35.4,35.5,35.5,47.8,35.3,35,35,34.7,34.8,34.5,34.7,34,34.3,47.9,34.1,33.66,33.6,33.8,33.62,33.3,33.08,33.27,33.26,47.7,33.33,33.27,33.27,33.17,33.31,33.46,33.46,33.26,33.76,47.9,33.8,33.66,33.8,33.55,33.9,33.9,34.5,34.2,34.2,47.8,34.7,34.9,35,35.1,35.3,35.1,35.1,35,35.6,47.8,35.5,35.6,35.7,35.7,35.5,35.8,35.8,35.7,35.5,48,35.7,35.8,35.7,35.8,35.8,35.8,35.7,35.7,35.8,47.9,35.7,35.9,35.5,35.8,36,35.7,24.35,24.35
0.0000116,36.7,35.7,35.6,35.5,35.8,35.7,35.7,35.5,35.9,35.7,35.8,47.9,35.6,35.8,35.6,36,35.5,35.6,35.5,35.4,35.4,47.9,35.2,34.9,35.1,34.8,34.8,34.6,34.6,34.4,34.2,47.8,34,33.76,33.75,33.95,33.62,33.3,33.27,33.41,33.26,47.8,33.37,33.37,33.26,33.21,33.21,33.41,33.5,33.44,33.76,47.8,33.75,33.7,33.7,33.65,33.9,33.9,34.3,34.2,34.5,47.7,34.7,34.8,35,34.9,35.4,35.2,35.1,35.2,35.5,48,35.7,35.5,35.8,35.9,35.5,35.7,35.9,35.8,35.7,47.9,35.5,35.8,35.7,35.8,35.8,35.8,35.8,35.6,35.8,48,35.8,35.9,35.6,35.7,35.9,35.8,24.35,24.21
0.0000118,36.7,35.7,35.6,35.7,35.6,35.5,35.7,35.5,35.9,35.7,35.8,47.9,35.5,35.8,35.6,35.9,35.4,35.6,35.5,35.4,35.4,47.8,35.2,35,35.1,34.8,34.7,34.5,34.6,34.5,34.3,47.9,33.9,33.76,33.79,33.95,33.52,33.4,33.41,33.41,33.3,48,33.33,33.33,33.21,33.31,33.23,33.23,33.46,33.39,33.76,47.9,33.75,33.7,33.7,33.7,33.9,34.1,34.2,34.1,34.5,47.7,34.7,34.8,35,34.9,35.3,35.2,35.1,35.2,35.4,47.8,35.7,35.5,35.7,35.7,35.4,35.7,35.8,35.7,35.7,47.8,35.5,35.6,35.7,35.8,35.9,35.9,35.8,35.5,35.8,47.8,35.9,35.7,35.8,35.8,36,35.8,24.34,24.35
0.000012,36.7,35.8,35.4,35.7,35.7,35.5,35.7,35.5,35.8,35.7,35.8,47.8,35.6,35.7,35.6,35.8,35.5,35.7,35.6,35.4,35.4,47.9,35.2,35.1,35.3,34.8,34.7,34.6,34.5,34.6,34.2,47.8,33.7,33.8,33.89,33.62,33.57,33.44,33.46,33.4,33.26,48,33.23,33.46,33.46,33.26,33.23,33.23,33.36,33.63,33.72,47.8,33.62,33.75,33.69,33.9,33.9,34.1,34.2,34.2,34.5,47.7,34.7,34.7,34.9,34.8,35.1,35.2,35.3,35.3,35.2,47.8,35.7,35.4,35.7,35.8,35.6,35.8,35.8,35.8,35.7,47.7,35.7,35.8,35.7,35.7,35.9,36,36.1,35.4,35.8,47.8,35.9,35.9,36,35.7,36,36.1,24.25,24.25
0.0000122,36.7,35.9,35.5,35.8,35.6,35.6,35.9,35.8,35.7,35.7,35.9,47.8,35.8,35.6,35.8,35.6,35.5,35.7,35.7,35.3,35.4,47.8,35.1,35.1,35.2,34.8,34.6,34.7,34.5,34.5,34.3,47.8,33.8,33.85,33.9,33.57,33.62,33.36,33.5,33.5,33.4,47.8,33.33,33.37,33.41,33.5,33.17,33.23,33.4,33.72,33.53,47.8,33.47,33.75,33.69,34,34,34.4,34.1,34.2,34.4,47.7,34.7,34.7,34.9,34.9,35.1,35.2,35.3,35.5,35.1,47.8,35.4,35.5,35.7,35.7,35.7,35.8,35.6,35.8,35.7,47.9,35.7,35.8,35.8,35.7,35.8,36,36.1,35.3,35.8,47.8,35.9,35.8,36,35.9,36,36.1,24.3,24.34
0.0000124,36.6,36,35.6,35.9,35.6,35.7,36,35.8,35.6,35.8,35.8,47.7,35.8,35.6,35.8,35.5,35.5,35.6,36,35.4,35.4,47.8,35.3,35.2,35.2,34.8,34.5,34.7,34.5,34.5,34.3,47.7,33.8,33.79,34,33.39,33.57,33.4,33.64,33.5,33.59,47.9,33.33,33.31,33.5,33.26,33.31,33.03,33.36,33.67,33.39,47.7,33.47,33.79,33.69,34.1,34,34.5,34.1,34.3,34.4,47.7,34.6,34.7,34.9,34.7,34.9,35.2,35.1,35.5,35.1,47.9,35.5,35.4,35.6,35.7,35.7,35.8,35.5,35.7,35.8,47.8,35.7,35.8,35.8,35.8,35.9,36,36.4,35.6,35.7,47.8,35.9,35.9,36,35.7,36,36.2,24.35,24.26
0.0000126,36.4,36.1,35.6,35.8,35.6,35.7,35.9,35.9,35.6,35.8,35.8,47.7,35.8,35.5,35.7,35.4,35.7,35.6,35.8,35.3,35.4,47.7,35.1,35.3,35,34.8,34.7,34.7,34.5,34.5,34.3,47.9,33.79,33.85,33.9,33.33,33.62,33.3,33.54,33.41,33.49,47.8,33.27,33.27,33.46,33.54,33.37,33.13,33.4,33.67,33.39,47.9,33.37,33.79,33.7,34.1,33.9,34.4,34,34.5,34.2,47.9,34.6,34.8,34.9,34.8,34.7,35.2,35.4,35.3,35.1,48,35.2,35.5,35.6,35.6,35.7,35.9,35.5,35.8,35.9,47.8,35.6,35.8,35.8,35.7,35.9,36,36.2,35.7,35.7,48,36,36,36,35.9,35.9,36.1,24.35,24.3
0.0000128,36.3,36.1,35.6,35.9,35.7,35.7,35.7,36.1,35.7,35.8,35.8,47.7,35.8,35.7,35.7,35.4,35.7,35.4,35.7,35.3,35.4,47.8,35.1,35.3,34.8,34.8,34.5,34.7,34.5,34.5,34.2,47.9,33.8,33.79,33.9,33.53,33.62,33.3,33.54,33.36,33.39,47.7,33.27,33.27,33.31,33.54,33.36,33.27,33.36,33.72,33.34,47.9,33.37,33.79,33.7,34.1,33.9,34.5,34,34.4,34.3,47.7,34.8,34.8,34.9,34.9,34.7,35.2,35.3,35.3,35.2,47.8,35.1,35.6,35.6,35.5,35.8,35.8,35.4,35.8,35.9,47.8,35.7,35.8,35.8,35.8,35.6,35.9,36.1,36,35.8,47.9,35.9,36.1,35.7,35.7,35.9,36,24.3,24.3
0.000013,36.3,36.1,35.6,35.8,35.7,35.8,35.8,36,35.7,35.7,35.8,47.8,35.8,35.6,35.8,35.3,35.7,35.3,35.5,35.2,35.4,47.9,35.2,35.5,34.5,34.9,34.6,34.7,34.3,34.3,34.3,47.7,33.9,33.75,33.89,33.62,33.47,33.26,33.46,33.21,33.43,47.8,33.23,33.23,33.26,33.4,33.46,33.21,33.4,33.62,33.3,47.9,33.37,33.75,33.9,34.1,33.9,34.3,34.1,34.5,34.2,47.8,34.7,34.9,35,35,34.7,35.1,35.1,35.3,35.1,48,35.1,35.4,35.5,35.6,36,35.8,35.5,35.8,35.8,47.7,35.6,35.8,35.9,35.8,35.7,35.8,36,36.1,35.9,47.8,35.8,36,35.6,35.8,35.9,35.9,24.25,24.3
0.0000132,36.2,36,35.7,35.8,35.8,35.9,35.8,36,35.8,35.9,35.6,47.8,35.8,35.7,35.7,35.4,35.7,35.4,35.2,35.3,35.4,47.8,35.3,35.2,34.4,34.8,34.6,34.7,34.5,34,34.3,47.9,33.9,33.65,33.89,33.7,33.57,33.21,33.31,33.13,33.43,47.9,33.27,33.23,33.27,33.4,33.5,33.36,33.34,33.67,33.39,47.8,33.52,33.6,33.9,34,33.9,34.2,34.3,34.3,34.3,47.8,34.7,34.9,35,34.9,34.7,35.3,35.1,35.3,35.3,47.8,35.1,35.4,35.7,35.6,36,35.5,35.5,35.6,35.9,47.8,35.6,35.7,35.8,35.8,35.6,35.7,35.8,36,35.8,47.7,35.8,36.1,35.5,35.8,35.9,35.8,24.3,24.34
0.0000134,36.2,35.9,35.7,35.8,35.9,35.9,35.6,35.9,35.9,35.7,35.7,47.9,35.7,35.8,35.8,35.6,35.7,35.4,35.1,35.5,35.4,47.7,35.3,35.1,34.3,34.8,34.7,34.8,34.5,34.1,34.1,47.8,33.9,33.6,33.85,33.9,33.66,33.3,33.17,33.13,33.53,47.8,33.23,33.23,33.26,33.54,33.5,33.5,33.4,33.49,33.43,47.9,33.66,33.6,33.9,34,33.9,34.1,34.3,34.1,34.5,48,34.6,35,35,35,35,35.1,35.2,35.3,35.4,47.8,35.3,35.5,35.6,35.7,35.8,35.4,35.6,35.7,35.8,47.9,35.6,35.7,35.8,35.8,35.5,35.6,35.7,36.2,35.9,47.8,35.8,35.9,35.5,35.7,35.9,35.7,24.34,24.3
0.0000136,36.2,35.8,35.8,35.6,35.8,35.8,35.6,35.8,35.9,35.7,35.6,47.9,35.7,35.7,35.7,35.6,35.7,35.3,34.9,35.4,35.4,47.8,35.1,35,34.5,34.7,34.7,34.7,34.6,34.2,34.1,47.9,34.2,33.5,33.8,33.95,33.66,33.26,33.21,33.13,33.39,47.9,33.27,33.37,33.26,33.3,33.36,33.54,33.44,33.43,33.67,47.9,33.75,33.56,33.9,33.9,33.9,34,34.4,33.9,34.5,47.8,34.7,34.9,35.1,35.2,35.1,35.1,35.2,35.3,35.5,48,35.5,35.6,35.6,35.6,35.7,35.2,35.8,35.7,35.7,47.9,35.7,35.6,35.8,35.8,35.5,35.5,35.6,36.1,35.8,47.8,35.9,35.8,35.4,35.8,35.9,35.7,24.26,24.34
0.0000138,36.4,35.7,35.8,35.7,35.9,35.9,35.6,35.5,35.9,35.7,35.5,47.9,35.8,35.7,35.6,35.6,35.6,35.4,35.1,35.4,35.4,47.8,35.2,34.9,34.9,34.9,34.6,34.6,34.6,34.2,34,47.7,34.2,33.56,33.8,33.8,33.76,33.39,33.17,33.08,33.34,47.8,33.27,33.41,33.26,33.4,33.4,33.54,33.59,33.39,33.76,47.8,33.89,33.6,34,33.9,33.9,33.9,34.3,34,34.6,47.7,34.7,34.9,35.1,35.3,35.2,35.3,35.2,35.1,35.6,47.9,35.7,35.5,35.6,35.6,35.6,35.2,35.8,35.7,35.7,47.7,35.7,35.6,35.7,35.9,35.7,35.7,35.5,36,35.8,47.8,35.7,35.7,35.6,35.7,35.8,35.7,24.25,24.3
0.000014,36.4,35.6,35.8,35.6,35.8,35.8,35.7,35.4,35.9,35.7,35.7,47.9,35.6,35.7,35.6,35.7,35.3,35.6,35.2,35.4,35.4,48,35.2,34.8,35.1,34.9,34.6,34.4,34.6,34.2,34.2,47.8,34.1,33.6,33.66,33.66,33.8,33.4,33.26,33.27,33.34,47.8,33.31,33.41,33.36,33.3,33.31,33.59,33.44,33.43,33.76,47.8,33.9,33.6,33.9,33.8,33.8,33.8,34.4,33.8,34.6,47.9,34.7,34.9,35.3,35.3,35.4,35.3,35.3,35.2,35.8,47.7,35.7,35.5,35.5,35.7,35.6,35.4,35.8,35.8,35.7,47.7,35.7,35.3,35.9,35.8,35.7,35.7,35.5,35.9,35.9,47.8,35.7,35.6,35.6,35.6,35.8,35.7,24.35,24.25
0.0000142,36.4,35.5,35.9,35.6,35.8,35.8,35.7,35.2,35.7,35.7,35.7,47.8,35.6,35.4,35.6,35.6,35.4,35.6,35.6,35.4,35.4,47.8,35.2,34.8,35.2,34.9,34.6,34.4,34.6,34.3,34.2,47.8,34.1,33.75,33.56,33.57,33.85,33.44,33.26,33.31,33.39,47.9,33.36,33.41,33.4,33.36,33.36,33.59,33.4,33.43,33.85,47.8,33.9,33.69,33.9,33.8,33.9,33.8,34.3,33.8,34.5,47.7,34.7,34.9,35.3,35.3,35.3,35.3,35.1,35.3,35.8,47.8,35.7,35.5,35.5,35.7,35.6,35.5,35.8,35.8,35.7,47.8,35.8,35.5,35.8,35.8,35.7,35.7,35.7,35.8,35.8,47.8,35.7,35.6,35.8,35.8,35.9,35.7,24.3,24.34
0.0000144,36.4,35.7,35.9,35.6,35.9,35.7,36,35.3,35.6,35.7,35.8,47.7,35.6,35.7,35.6,35.6,35.4,35.7,35.8,35.3,35.4,47.7,35.2,34.9,35.2,35,34.7,34.5,34.6,34.5,34.2,47.9,34,33.85,33.62,33.37,33.95,33.44,33.36,33.4,33.39,48,33.5,33.41,33.36,33.4,33.31,33.44,33.53,33.43,33.8,47.8,33.89,33.8,33.9,33.8,33.9,34,34.4,34,34.3,47.7,34.7,34.8,35.3,35.2,35.2,35.4,35.3,35.3,35.8,47.9,35.7,35.4,35.5,35.7,35.4,35.5,35.9,35.7,35.8,47.9,35.9,35.6,35.7,35.7,35.9,35.8,35.8,35.8,35.8,47.8,35.7,35.5,36,35.8,35.9,35.7,24.34,24.34
0.0000146,36.5,35.7,35.8,35.8,35.8,35.7,36.1,35.5,35.6,35.6,35.8,47.8,35.5,35.8,35.7,35.7,35.5,35.7,36,35.3,35.5,47.9,35.1,34.9,35.2,34.8,34.7,34.5,34.6,34.4,34.3,47.9,34,33.79,33.76,33.37,33.75,33.44,33.46,33.59,33.47,47.8,33.6,33.4,33.3,33.4,33.4,33.4,33.44,33.67,33.7,47.8,33.79,33.9,34,33.9,34.1,33.9,34.3,34.2,34.2,47.7,34.7,34.8,35.1,35.2,35.1,35.4,35.3,35.3,35.6,47.8,35.7,35.4,35.6,35.7,35.6,35.7,35.6,35.7,35.7,47.7,36,35.7,35.9,35.7,35.9,35.9,36.1,35.6,35.7,47.8,35.7,35.6,36.1,35.7,35.9,35.9,24.34,24.34
0.0000148,36.4,35.8,35.9,35.7,35.8,35.7,36.2,35.8,35.5,35.8,35.9,47.7,35.4,35.9,35.6,35.7,35.7,35.7,36,35.3,35.5,47.9,35.2,35.1,34.9,34.8,34.6,34.5,34.6,34.5,34.2,47.9,33.9,33.9,33.66,33.42,33.7,33.49,33.5,33.59,33.53,47.8,33.64,33.46,33.4,33.34,33.4,33.36,33.53,33.47,33.62,47.9,33.75,34.1,34,33.9,34,34,34.2,34.3,34.2,47.8,34.8,34.8,35.1,34.9,34.9,35.2,35.4,35.3,35.4,47.8,35.7,35.6,35.6,35.6,35.7,35.9,35.7,35.7,35.7,47.9,36,35.9,35.8,35.7,35.9,35.9,36.1,35.7,35.8,47.8,35.7,35.7,36.2,35.7,35.9,35.9,24.34,24.29
0.000015,36.4,35.8,35.8,35.8,35.9,35.7,36.3,36,35.5,35.7,35.8,47.9,35.5,35.8,35.7,35.6,35.6,35.7,35.9,35.3,35.5,47.8,35.1,35.3,34.8,34.7,34.6,34.7,34.6,34.5,34.1,47.9,33.9,33.9,33.8,33.62,33.66,33.53,33.54,33.59,33.57,47.8,33.5,33.46,33.4,33.39,33.36,33.11,33.44,33.57,33.57,47.8,33.65,33.9,33.9,33.9,34,34.1,34.3,34.4,34,47.9,34.8,34.6,35.1,34.9,34.8,35.1,35.3,35.3,35.3,48,35.6,35.4,35.6,35.4,35.7,36,35.6,35.7,35.7,47.9,35.9,36.1,35.7,35.8,35.8,36,36.1,35.7,35.8,47.8,35.9,35.7,36.2,35.9,35.8,35.9,24.3,24.34
0.0000152,36.4,36,35.8,35.9,35.8,35.8,36,36.2,35.6,35.8,35.9,47.9,35.6,35.7,35.6,35.6,35.7,35.6,35.6,35.2,35.3,47.8,35.2,35.2,34.7,34.6,34.7,34.8,34.6,34.5,34.2,47.9,33.9,34,33.8,33.75,33.42,33.53,33.54,33.63,33.72,47.8,33.36,33.46,33.54,33.34,33.5,33.13,33.44,33.66,33.47,47.9,33.46,34,33.8,34,34,34.1,34.2,34.5,34,47.8,34.7,34.8,35.1,34.8,34.9,35.1,35.1,35.4,35.2,47.9,35.5,35.7,35.5,35.5,35.8,35.9,35.5,35.6,35.8,47.8,35.9,36.1,35.8,35.8,35.8,35.9,36.2,35.7,35.8,47.7,35.8,35.7,36.2,35.9,35.8,36,24.26,24.34
0.0000154,36.4,36,35.9,35.8,35.9,35.8,35.8,36.3,35.7,35.7,35.8,48,35.8,35.5,35.8,35.5,35.7,35.7,35.5,35.3,35.4,47.8,35.1,35.4,34.8,34.5,34.7,35,34.5,34.6,34.2,48,33.9,34,33.85,33.79,33.33,33.53,33.44,33.59,33.82,47.9,33.36,33.36,33.59,33.39,33.4,33.17,33.34,33.66,33.47,47.8,33.5,33.8,33.7,33.8,34,34.2,34.2,34.5,34.2,47.8,34.7,34.9,35,34.7,34.8,35,35.2,35.3,35.1,47.9,35.4,35.6,35.6,35.5,35.8,35.9,35.5,35.6,35.7,47.9,35.7,36.2,35.8,35.8,35.7,35.9,36.1,35.9,35.6,47.7,35.9,36,36.1,35.9,35.7,35.9,24.3,24.3
0.0000156,36.2,36,35.9,35.9,35.8,35.8,35.8,36.1,35.7,35.7,35.8,47.9,35.8,35.3,35.7,35.6,35.8,35.7,35.2,35.5,35.3,47.8,35.2,35.4,34.7,34.7,34.8,35,34.4,34.5,34.2,48,33.9,33.9,33.8,33.99,33.42,33.67,33.54,33.5,33.76,47.9,33.17,33.36,33.59,33.39,33.4,33.31,33.16,33.66,33.43,47.9,33.56,33.8,33.8,33.8,33.9,34.1,34.2,34.5,34.2,47.8,34.7,34.9,35,34.8,34.8,35,35.3,35.4,35,47.7,35.4,35.7,35.6,35.5,35.8,35.9,35.5,35.6,35.9,47.9,35.7,36.1,35.7,35.8,35.7,35.9,36.1,35.9,35.5,47.8,35.9,36,35.9,35.8,35.7,36.1,24.25,24.3
0.0000158,36.3,36,35.8,35.8,35.8,35.8,35.7,36,35.8,35.7,35.7,47.8,35.9,35.2,35.7,35.6,35.7,35.6,35.3,35.5,35.4,47.9,35.2,35.4,34.9,34.8,34.8,35,34.4,34.5,34.2,48,33.9,33.9,33.75,33.9,33.47,33.57,33.5,33.3,33.72,47.8,33.03,33.4,33.63,33.49,33.4,33.3,33.26,33.66,33.47,47.8,33.7,33.69,33.8,33.8,33.9,34.2,34.2,34.4,34.2,47.9,34.8,34.9,35.2,34.8,34.8,35.2,35.1,35.3,35.1,47.9,35.4,35.6,35.6,35.6,35.8,35.7,35.6,35.6,35.9,47.8,35.6,36,35.8,35.8,35.6,35.6,36,36,35.6,47.7,35.9,35.9,35.9,35.6,35.8,35.9,24.39,24.34
0.000016,36.2,35.9,35.7,35.9,35.8,35.8,35.7,35.8,35.8,35.7,35.7,47.9,36,35.1,35.6,35.6,35.7,35.6,35.4,35.5,35.3,48,35.2,35.2,35,34.9,34.8,34.9,34.4,34.4,34.1,47.7,33.9,33.9,33.85,33.89,33.42,33.49,33.3,33.26,33.67,47.7,33.03,33.36,33.72,33.34,33.44,33.4,33.3,33.66,33.52,47.8,33.75,33.55,33.9,33.8,33.9,34,34.3,34.5,34.4,47.8,34.7,34.9,35.1,35,34.9,35.2,35.1,35.3,35.1,47.8,35.4,35.7,35.6,35.7,35.7,35.5,35.6,35.6,35.8,47.7,35.6,35.8,35.9,35.9,35.5,35.6,36,36,35.4,47.9,35.9,35.9,35.6,35.8,35.7,35.8,24.35,24.35
0.0000162,36.2,35.8,35.6,35.8,35.8,35.9,35.6,35.5,35.8,35.8,35.7,47.9,35.9,35.4,35.7,35.6,35.5,35.4,35.3,35.6,35.5,47.8,35.4,35,35.2,35,34.9,34.8,34.5,34.5,34.2,47.8,33.9,33.9,33.85,33.75,33.5,33.39,33.44,33.21,33.57,47.8,33.13,33.36,33.77,33.34,33.4,33.63,33.39,33.52,33.52,47.8,33.8,33.65,34,33.8,34,33.9,34.3,34.5,34.6,47.9,34.7,35,35.1,35.1,35,35.2,35.1,35.3,35.3,47.9,35.4,35.6,35.6,35.8,35.6,35.5,35.8,35.6,35.9,47.8,35.6,35.8,35.8,35.9,35.6,35.4,35.9,35.8,35.5,47.9,35.8,35.9,35.6,35.6,35.7,35.8,24.34,24.38
0.0000164,36.2,35.8,35.6,35.8,35.7,35.9,35.6,35.4,35.9,35.6,35.7,47.9,35.8,35.6,35.6,35.6,35.4,35.4,35.5,35.5,35.5,47.8,35.4,34.9,35.2,35,34.8,34.7,34.6,34.4,34.2,47.9,34,33.8,33.85,33.7,33.65,33.34,33.4,33.36,33.47,47.7,33.27,33.36,33.53,33.49,33.36,33.59,33.57,33.52,33.66,47.9,33.75,33.59,34,34,34,33.7,34.3,34.2,34.6,47.8,34.7,34.9,35.2,35.3,35,35.4,35.1,35.3,35.5,48,35.5,35.6,35.6,35.8,35.6,35.5,35.8,35.7,35.9,47.9,35.5,35.7,35.9,35.8,35.7,35.5,35.9,35.8,35.5,47.8,35.8,35.8,35.3,35.4,35.8,35.7,24.3,24.39
0.0000166,36.1,35.7,35.6,35.8,35.7,35.9,35.6,35.5,35.9,35.7,35.8,48,35.7,35.8,35.8,35.6,35.2,35.4,35.5,35.4,35.7,47.8,35.5,35,35.2,35,34.8,34.6,34.7,34.4,34.2,47.7,34.1,33.7,33.8,33.66,33.75,33.3,33.4,33.21,33.57,47.8,33.36,33.4,33.44,33.39,33.3,33.67,33.76,33.43,33.8,47.9,33.8,33.8,34,34.1,34,33.7,34.3,34.2,34.6,47.8,34.7,34.9,35,35.2,35,35.5,35.2,35.3,35.8,47.8,35.5,35.6,35.5,35.8,35.6,35.6,35.9,35.7,35.8,47.8,35.8,35.6,35.9,35.8,35.6,35.4,36,35.9,35.7,47.9,35.8,35.7,35.3,35.7,35.9,35.8,24.3,24.39
0.0000168,36.2,35.7,35.6,35.8,35.6,36,35.6,35.5,35.8,35.7,35.7,47.7,35.7,36.1,35.6,35.6,35.2,35.5,35.6,35.4,35.6,47.9,35.5,34.9,35,35.1,35,34.5,34.7,34.4,34.2,47.8,34,33.65,33.8,33.52,33.8,33.43,33.4,33.4,33.52,47.8,33.4,33.5,33.3,33.34,33.2,33.63,33.85,33.66,33.79,47.8,33.89,33.79,34,34.1,34.1,33.9,34.3,34,34.6,47.9,34.7,34.9,35,35.2,35.1,35.5,35.1,35.3,35.7,47.7,35.5,35.6,35.5,35.7,35.5,35.6,35.9,35.6,35.7,48,35.9,35.7,35.9,35.8,35.8,35.5,35.8,35.8,35.8,47.9,35.7,35.8,35.4,35.4,35.8,35.9,24.34,24.21
0.000017,36.3,35.7,35.8,35.7,35.6,35.8,35.7,35.6,35.7,35.9,35.7,47.9,35.4,36.1,35.6,35.6,35.2,35.5,35.6,35.3,35.5,47.9,35.5,35,34.9,35.1,34.9,34.6,34.8,34.4,34.3,47.8,34,33.55,33.66,33.42,34,33.43,33.54,33.44,33.62,47.8,33.54,33.44,33.26,33.34,33.11,33.63,33.9,33.62,33.85,47.9,33.79,33.8,33.9,34.2,34.2,34,34.4,33.9,34.6,47.9,34.7,34.9,35,35.1,34.9,35.4,35.2,35.2,35.8,47.9,35.6,35.6,35.6,35.7,35.6,35.6,36,35.7,35.7,47.8,35.9,35.7,35.8,35.8,35.7,35.7,35.9,35.8,35.8,47.8,35.7,35.8,35.5,35.7,35.9,35.8,24.25,24.34
0.0000172,36.4,35.7,36,35.7,35.7,35.9,35.8,35.7,35.7,35.9,35.8,47.8,35.4,36,35.6,35.7,35.4,35.4,35.6,35.4,35.5,47.9,35.4,35.1,34.7,35,34.8,34.6,34.9,34.4,34.3,47.8,34,33.69,33.8,33.52,33.8,33.53,33.54,33.44,33.62,47.8,33.63,33.4,33.26,33.43,33.16,33.59,33.95,33.75,33.7,47.8,33.89,33.9,33.6,34.1,34.2,34.1,34.5,33.9,34.4,47.9,34.8,34.9,34.7,35.2,34.8,35.5,35.2,35.3,35.5,47.8,35.7,35.7,35.5,35.7,35.5,35.6,35.9,35.7,35.7,47.9,35.9,36,35.9,35.8,35.8,35.8,36,35.9,35.8,47.7,35.7,35.8,35.5,35.6,35.8,35.9,24.39,24.34
0.0000174,36.2,35.7,36,35.7,35.8,35.9,35.8,35.8,35.8,35.9,35.7,47.9,35.4,35.8,35.7,35.6,35.5,35.5,35.6,35.4,35.3,47.9,35.3,35.1,34.8,34.9,34.8,34.6,34.8,34.4,34.3,47.9,34,33.69,33.7,33.56,34,33.57,33.59,33.49,33.52,47.9,33.49,33.4,33.26,33.53,33.3,33.44,33.76,33.9,33.56,47.8,33.79,33.9,33.59,34.1,34.2,34.2,34.3,33.8,34.4,47.7,34.7,34.9,34.8,35,35,35.3,35.3,35.3,35.6,47.9,35.7,35.6,35.6,35.6,35.6,35.7,35.8,35.8,35.8,47.7,35.9,36.1,35.9,35.8,35.7,36,35.9,35.8,35.9,47.8,35.7,35.8,35.7,35.7,35.8,36,24.34,24.3
0.0000176,36.4,35.7,36,35.7,35.9,35.8,35.8,35.9,35.7,35.9,35.7,47.9,35.5,35.6,35.8,35.7,35.7,35.6,35.6,35.4,35.1,47.9,35.2,35.2,34.8,34.7,34.8,34.6,34.8,34.5,34.3,48,34,33.8,33.8,33.65,33.89,33.62,33.59,33.54,33.56,47.7,33.59,33.36,33.3,33.57,33.3,33.4,33.62,33.85,33.52,47.8,33.89,33.9,33.6,33.9,34.2,34.4,34.4,34,34.3,47.9,34.8,34.8,34.8,34.9,34.9,35.2,35.4,35.3,35.5,47.8,35.7,35.6,35.6,35.6,35.7,35.8,35.7,36,35.7,47.9,35.8,36.1,35.8,35.8,35.9,36,36,35.9,35.9,47.7,35.8,35.9,35.7,35.6,35.7,35.9,24.3,24.26
0.0000178,36.4,35.8,35.9,35.7,35.9,35.7,35.9,35.9,35.8,35.6,35.8,47.7,35.6,35.5,35.7,35.7,35.7,35.7,35.5,35.6,35.1,47.7,35.1,35.2,35.1,34.6,34.8,34.8,34.6,34.5,34.4,47.9,34,34,33.85,33.79,33.79,33.66,33.59,33.54,33.66,47.9,33.5,33.4,33.39,33.53,33.44,33.39,33.57,33.85,33.52,47.8,33.89,33.9,33.7,33.9,34,34.5,34.3,34.3,34.3,47.8,34.8,34.9,34.8,34.9,35.1,35.2,35.3,35.3,35.4,47.8,35.7,35.7,35.6,35.6,35.9,35.7,35.6,36,35.8,47.9,35.9,36.1,35.6,35.9,35.8,36.1,36,35.8,35.9,47.9,35.8,35.9,35.8,35.8,35.7,36,24.39,24.39
0.000018,36.4,35.7,35.7,35.7,35.9,35.7,35.9,35.9,35.6,35.5,35.8,47.9,35.6,35.5,35.6,35.7,35.7,35.7,35.6,35.4,35.2,47.8,35.1,35.1,35.2,34.5,34.8,34.9,34.5,34.5,34.3,47.8,33.9,34.1,33.89,33.79,33.6,33.66,33.63,33.49,33.76,47.7,33.49,33.4,33.57,33.67,33.49,33.4,33.53,33.7,33.47,47.8,33.85,33.8,33.8,33.9,34,34.4,34.3,34.4,34.4,47.9,34.7,34.8,34.8,35,35.3,35.1,35.3,35.4,35.1,47.7,35.7,35.7,35.5,35.5,36,35.7,35.4,36.3,35.8,47.8,35.8,36,35.6,35.8,35.8,36,36,35.9,35.9,47.8,35.8,35.9,35.9,35.9,35.7,35.9,24.39,24.3
0.0000182,36.3,36,35.6,35.9,35.9,35.7,35.8,36,35.6,35.6,35.7,47.8,35.8,35.5,35.7,35.7,35.7,35.7,35.5,35.5,35.4,47.7,35,35.2,35.2,34.5,34.8,35,34.4,34.5,34.2,47.7,33.9,34.2,33.75,33.9,33.56,33.76,33.54,33.44,33.7,48,33.36,33.44,33.67,33.57,33.49,33.4,33.33,33.56,33.56,47.9,33.85,33.9,34,33.8,33.8,34.5,34.3,34.6,34.3,47.9,34.8,34.9,34.9,34.9,35.1,35,35.4,35.3,35.1,47.7,35.5,35.7,35.6,35.5,35.9,35.7,35.4,36.3,35.7,47.7,35.8,35.8,35.8,35.9,35.8,35.8,36,35.8,36,47.8,36,35.9,35.9,35.9,35.8,36,24.39,24.38
0.0000184,36.2,36,35.6,35.8,35.9,35.8,35.8,35.9,35.7,35.8,35.8,47.8,35.8,35.5,35.6,35.7,35.7,35.6,35.6,35.7,35.6,47.8,35.1,35.3,35.4,34.4,34.9,35,34.2,34.5,34.2,47.8,33.9,34.2,33.89,33.8,33.42,33.86,33.26,33.49,33.56,47.8,33.36,33.49,33.76,33.53,33.72,33.54,33.53,33.56,33.7,47.8,33.75,33.9,34,33.8,33.8,34.5,34.3,34.8,34.3,47.8,34.9,34.9,34.9,34.9,35.5,35.1,35.4,35.4,35.3,47.8,35.5,35.4,35.6,35.6,36,35.7,35.4,36.3,35.9,47.9,35.7,35.7,35.9,35.9,35.7,35.9,36.1,35.8,36.1,47.8,36,35.7,35.8,36,35.8,36,24.34,24.43
0.0000186,36.2,36.1,35.4,35.6,35.9,35.8,35.8,35.8,35.7,35.8,35.8,47.8,35.8,35.7,35.6,35.6,35.6,35.5,35.6,35.6,35.7,47.9,35.3,35.2,35.3,34.6,34.8,34.9,34.2,34.4,34.3,47.8,33.8,34.1,33.89,33.9,33.42,33.9,33.3,33.49,33.66,47.8,33.3,33.44,33.76,33.47,33.67,33.5,33.43,33.47,33.6,47.8,33.69,33.9,34.1,33.8,33.7,34.4,34.4,34.8,34.4,47.8,34.8,34.9,35.1,34.9,35.4,35,35.4,35.4,35.2,48,35.4,35.4,35.6,35.7,35.9,35.6,35.5,36.3,35.9,47.7,35.6,35.6,36.1,35.8,35.8,35.6,36,36,36.1,47.9,36.1,35.8,35.9,36,35.8,36,24.29,24.52
0.0000188,36.1,36.1,35.4,35.7,35.9,36,35.7,35.7,35.6,35.9,35.8,47.8,35.8,35.9,35.6,35.6,35.6,35.4,35.6,35.7,35.9,47.9,35.3,35.2,35.2,34.8,34.8,34.8,34.4,34.3,34.4,47.9,33.8,34.1,33.85,33.9,33.37,33.9,33.34,33.3,33.52,47.7,33.36,33.44,33.76,33.57,33.63,33.63,33.47,33.47,33.75,47.8,33.65,33.8,34.2,34,33.8,34.4,34.4,34.8,34.6,47.9,34.9,34.9,35,35,35.2,35.1,35.4,35.3,35.4,47.8,35.3,35.4,35.6,35.7,35.7,35.6,35.5,36.1,35.8,47.8,35.6,35.6,36.2,35.8,35.7,35.5,35.9,35.9,36.2,47.8,36.1,35.9,35.7,35.9,35.8,35.8,24.3,24.42
0.000019,36.1,36.1,35.5,35.7,35.8,36,35.7,35.6,35.7,35.9,35.7,47.8,35.7,35.9,35.6,35.6,35.6,35.3,35.4,35.5,35.9,47.8,35.5,35.2,35.1,35.1,34.8,34.8,34.5,34.3,34.4,47.8,34,34.1,33.89,34,33.56,33.85,33.44,33.49,33.52,47.8,33.4,33.44,33.72,33.43,33.67,33.63,33.47,33.37,33.75,47.8,33.7,33.8,34.1,34.1,33.9,34.3,34.3,34.7,34.5,47.9,34.9,34.9,35.1,35.1,35.2,35.2,35.4,35.3,35.4,47.8,35.3,35.5,35.5,35.8,35.6,35.6,35.7,35.7,35.9,47.8,35.6,35.6,36.1,35.8,35.6,35.6,35.9,35.9,36.3,47.7,35.9,35.8,35.6,35.8,35.8,35.8,24.39,24.52
0.0000192,36.1,36.1,35.5,35.7,35.8,36,35.6,35.6,35.7,35.9,35.6,47.8,35.7,36,35.6,35.4,35.4,35.3,35.4,35.5,35.7,47.8,35.5,35.2,35,35.1,34.8,34.7,34.5,34.2,34.3,47.8,34,33.8,33.79,34,33.6,33.66,33.59,33.39,33.47,47.7,33.44,33.49,33.57,33.47,33.63,33.63,33.66,33.52,33.75,47.8,33.69,33.8,34,34.2,33.9,34.3,34.2,34.5,34.5,47.7,34.7,34.9,35.1,35.1,35.1,35.3,35.4,35.3,35.5,47.8,35.2,35.4,35.6,35.9,35.5,35.6,35.8,35.4,35.9,47.8,35.6,35.7,36.1,35.8,35.6,35.5,36,35.9,36.2,47.7,35.9,35.7,35.6,35.7,35.8,35.8,24.39,24.61
0.0000194,36.1,35.9,35.7,35.7,35.9,35.9,35.8,35.6,35.8,35.9,35.6,47.9,35.6,36,35.6,35.5,35.4,35.2,35.4,35.5,35.5,47.8,35.7,35,34.8,35.1,34.8,34.6,34.7,34.4,34.3,47.9,33.9,33.7,33.85,33.89,33.75,33.57,33.67,33.53,33.37,47.7,33.49,33.49,33.53,33.57,33.63,33.72,33.66,33.7,33.6,47.8,33.69,33.9,34,34.2,34,34.3,34.2,34.4,34.6,47.8,34.7,34.9,35.1,35.2,35,35.5,35.4,35.3,35.7,47.7,35.3,35.4,35.5,35.7,35.4,35.7,35.8,35.3,35.8,47.8,35.7,35.7,36.2,35.8,35.6,35.5,35.9,35.9,36,47.8,35.7,35.8,35.7,35.7,35.8,36,24.52,24.52
0.0000196,36.2,35.7,35.9,35.6,35.8,35.7,35.7,35.5,35.6,35.7,35.7,47.8,35.6,35.8,35.8,35.5,35.5,35.3,35.5,35.5,35.4,47.9,35.8,35.1,34.7,35.1,34.8,34.6,34.9,34.2,34.3,47.9,34.1,33.69,33.75,33.9,33.79,33.57,33.67,33.63,33.56,47.9,33.34,33.53,33.59,33.57,33.53,33.72,33.85,33.7,33.75,47.8,33.8,33.9,33.7,34.2,34.1,34.2,34.3,33.9,34.6,47.9,34.6,34.9,35,35.2,34.9,35.5,35.3,35.3,35.7,47.9,35.4,35.5,35.6,35.9,35.3,35.7,35.9,35.3,35.8,48,35.6,35.8,36.1,35.8,35.8,35.6,35.9,35.9,36,47.8,35.6,35.8,35.6,35.6,35.9,35.8,24.47,24.6
0.0000198,36.4,35.7,36,35.7,35.8,35.7,35.8,35.5,35.7,35.6,35.7,47.9,35.6,35.7,35.8,35.5,35.5,35.3,35.6,35.5,35.2,47.8,35.6,35,34.6,35.1,34.9,34.6,35,34.4,34.3,47.9,34.2,33.65,33.89,33.79,34,33.24,33.76,33.59,33.56,47.7,33.49,33.63,33.62,33.67,33.53,33.72,33.99,33.89,33.65,47.9,33.8,34,33.8,34.2,34.2,34.2,34.3,33.9,34.6,47.8,34.7,34.8,34.9,35.2,34.9,35.4,35.1,35.3,35.7,47.8,35.5,35.4,35.6,35.7,35.4,35.8,35.9,35.1,35.7,47.7,35.8,35.9,36,35.8,35.8,35.7,35.8,35.8,35.7,47.9,35.5,35.8,35.6,35.6,35.8,35.8,24.56,24.56
0.00002,36.3,35.6,36.1,35.7,35.9,35.6,35.8,35.7,35.8,35.5,35.6,47.7,35.5,35.5,35.8,35.6,35.5,35.4,35.4,35.5,35.4,47.9,35.5,35.1,34.9,35.1,34.9,34.6,34.8,34.4,34.3,47.9,34.2,33.7,33.85,33.75,34,33.19,33.76,33.63,33.6,47.9,33.44,33.57,33.72,33.62,33.57,33.67,33.95,33.79,33.65,47.9,33.79,34,33.7,34.1,34.1,34.1,34.3,33.7,34.6,47.9,34.8,34.8,35.1,35,35,35.4,35,35.3,35.6,47.9,35.7,35.6,35.6,35.6,35.6,35.8,35.8,35.3,35.8,47.8,35.7,35.9,36,35.8,35.7,35.8,35.9,35.8,35.4,47.9,35.6,35.8,35.9,35.5,35.8,35.9,24.47,24.52
0.0000202,36.1,35.6,36,35.9,35.8,35.6,36,35.8,35.8,35.5,35.8,47.8,35.6,35.5,35.9,35.7,35.5,35.6,35.6,35.4,35.2,47.9,35.3,35,34.8,35.1,34.9,34.6,34.7,34.5,34.4,47.7,34.1,33.8,33.75,33.75,34,33.43,33.72,33.63,33.79,47.8,33.53,33.67,33.62,33.66,33.72,33.53,33.8,33.8,33.69,47.8,33.8,34,33.7,33.9,34.2,34.1,34.4,34,34.5,47.9,34.8,34.9,34.8,34.9,35.1,35.2,35,35.3,35.6,47.7,35.7,35.6,35.7,35.5,35.7,35.8,35.8,35.6,35.8,47.9,35.9,36,35.9,35.8,35.9,36,35.9,35.7,35.4,48,35.6,35.8,35.9,35.7,35.8,35.9,24.52,24.65
0.0000204,36.1,35.6,36,35.8,35.8,35.5,36,35.9,35.7,35.6,35.9,47.8,35.6,35.6,35.9,35.7,35.7,35.7,35.6,35.6,35.4,47.9,35.1,35.1,34.8,34.9,34.9,34.6,34.6,34.4,34.4,47.9,33.9,34,33.9,33.79,33.8,33.47,33.63,33.72,34,47.9,33.53,33.53,33.8,33.72,33.72,33.63,33.75,33.89,33.69,47.9,33.69,33.9,33.8,33.9,34.1,34.2,34.4,34,34.4,47.7,34.9,34.8,34.9,34.9,35.2,35.2,35,35.3,35.6,47.8,35.7,35.6,35.7,35.6,35.9,35.9,35.7,35.7,35.9,47.7,35.9,36,36,35.8,35.8,36,36,35.9,35.4,47.8,35.7,35.8,35.9,35.8,35.6,35.9,24.61,24.56
0.0000206,36.1,35.7,35.9,35.8,35.8,35.7,35.9,36,35.7,35.7,35.7,47.7,35.6,35.8,35.9,35.7,35.7,35.8,35.6,35.6,35.4,47.9,35,35.1,35,34.8,34.8,34.6,34.5,34.5,34.3,47.9,34.1,34,33.79,33.75,33.9,33.66,33.63,33.67,33.9,47.7,33.49,33.53,33.76,33.62,33.76,33.43,33.66,33.89,33.75,47.8,33.7,33.8,33.9,33.9,34,34.2,34.4,34.3,34.4,47.8,34.9,34.9,34.9,34.9,35.3,35.3,35.1,35.3,35.4,47.7,35.7,35.7,35.6,35.5,36,35.9,35.5,35.7,35.8,47.8,35.9,35.9,35.8,35.7,35.9,36,35.9,35.8,35.4,47.9,35.8,35.8,36,35.9,35.6,35.9,24.52,24.56
0.0000208,36.1,35.8,35.9,35.7,35.8,35.7,36.2,35.9,35.7,35.8,36,47.7,35.6,36,35.7,35.6,35.7,35.7,35.6,35.5,35.6,47.8,35,35.1,34.9,34.7,34.8,34.7,34.4,34.6,34.4,47.9,33.9,34.1,33.79,33.75,33.79,33.7,33.53,33.67,34.1,47.7,33.49,33.44,33.47,33.47,33.86,33.49,33.62,33.65,33.65,47.7,33.65,33.9,34,33.9,34,34.3,34.3,34.5,34.3,47.8,34.8,34.9,34.8,34.9,35.2,35.1,35.3,35.3,35.3,47.7,35.7,35.7,35.6,35.5,36,35.9,35.6,35.7,35.6,47.8,35.9,35.9,35.8,35.7,35.9,35.8,36,35.8,35.5,47.8,35.9,35.9,36,35.9,35.4,36.1,24.57,24.52
0.000021,36.1,35.9,35.6,35.7,35.7,35.9,35.9,35.9,35.7,35.9,35.9,47.7,35.7,36.1,35.6,35.5,35.7,35.7,35.6,35.6,35.8,47.8,35,35.4,35,34.5,34.5,34.8,34.3,34.6,34.3,47.8,33.9,34.1,33.8,33.79,33.65,33.89,33.39,33.62,34,47.9,33.49,33.3,33.47,33.47,33.9,33.53,33.47,33.56,33.69,47.8,33.69,33.7,34.1,33.9,34,34.2,34.3,34.7,34.3,47.8,34.8,34.8,35,34.8,35.3,35.1,35.5,35.3,35.2,47.8,35.6,35.7,35.6,35.5,36,35.8,35.5,35.6,35.6,47.9,35.8,35.9,35.9,35.8,35.7,35.9,36,35.9,35.7,47.8,36.1,35.9,36,35.8,35.4,36,24.52,24.56
0.0000212,36.1,36,35.6,35.6,35.8,36.1,35.8,35.9,35.7,36.1,35.8,47.9,35.6,36.2,35.5,35.5,35.6,35.7,35.6,35.5,35.8,47.9,35.1,35.4,35.1,34.5,34.5,34.9,34.5,34.6,34.3,47.8,34,34.1,33.89,33.79,33.55,33.99,33.39,33.67,33.79,47.8,33.49,33.3,33.33,33.29,33.76,33.53,33.33,33.56,33.8,47.8,33.69,33.8,34.1,33.9,33.9,34.3,34.3,34.8,34.3,48,34.8,34.9,35,35,35.2,35.1,35.7,35.3,35.1,47.8,35.4,35.7,35.8,35.6,35.9,35.8,35.5,35.7,35.7,47.9,35.7,35.8,35.7,35.8,35.7,35.8,35.9,35.9,35.8,47.9,36,35.9,36,35.9,35.6,36,24.52,24.43
0.0000214,36.1,36.1,35.6,35.6,35.8,36.1,35.9,35.8,35.8,35.9,35.9,47.8,35.7,36.1,35.4,35.5,35.5,35.5,35.6,35.4,35.8,48,35.2,35.2,34.9,34.8,34.6,34.8,34.5,34.4,34.3,47.8,34.1,34,33.8,33.79,33.55,33.95,33.43,33.67,33.6,47.7,33.53,33.34,33.29,33.34,33.62,33.47,33.33,33.56,33.9,47.9,33.7,33.8,34.1,34.2,33.9,34.3,34.3,34.8,34.3,47.7,34.8,34.9,35,35,35.2,35.1,35.9,35.4,35,47.8,35.5,35.6,35.7,35.5,35.7,35.5,35.5,35.5,35.7,47.7,35.7,35.7,35.7,36.1,35.6,35.9,35.9,35.9,35.8,47.7,36.1,35.9,35.9,35.8,35.6,35.9,24.48,24.51
0.0000216,36.1,36.1,35.8,35.5,35.8,36.2,35.8,35.6,35.8,35.8,35.8,47.9,35.8,36.1,35.5,35.6,35.6,35.2,35.4,35.5,35.6,47.9,35.2,35.2,35.1,34.8,34.7,34.7,34.6,34.3,34.2,47.8,34.1,34,33.79,33.8,33.65,33.89,33.53,33.57,33.52,47.7,33.57,33.49,33.24,33.33,33.72,33.67,33.33,33.6,34,47.8,33.8,33.9,34.1,34.1,33.9,34.2,34.3,34.8,34.3,47.8,34.9,34.9,35,35.1,35.2,35.2,35.9,35.3,35.1,47.9,35.5,35.6,35.8,35.7,35.7,35.5,35.5,35.6,35.7,47.7,35.5,35.8,35.8,36.2,35.7,35.7,36,35.9,35.8,47.9,36,35.9,35.8,35.8,35.9,35.6,24.56,24.47
0.0000218,36.1,36.1,35.8,35.6,35.8,36.1,35.7,35.6,35.7,35.8,35.8,47.9,35.7,35.8,35.4,35.6,35.7,35.3,35.5,35.6,35.4,47.8,35.2,35.2,35,34.9,34.7,34.6,34.7,34.3,34.3,47.8,34.2,33.9,33.69,33.79,33.79,33.85,33.57,33.57,33.56,47.7,33.57,33.53,33.34,33.47,33.43,33.62,33.43,33.6,33.89,47.8,33.8,34,34,34.2,33.9,34.2,34.3,34.8,34.7,47.9,34.8,34.9,35.1,35.2,35.2,35.2,35.7,35.2,35.1,47.8,35.4,35.4,35.7,35.7,35.5,35.4,35.5,35.6,35.8,47.7,35.5,35.7,35.8,36.2,35.7,35.7,35.9,35.7,36,47.7,35.9,36,35.7,35.7,35.9,35.5,24.6,24.52
0.000022,36.1,35.8,35.9,35.7,35.9,36.1,35.6,35.5,35.6,35.7,35.7,47.9,35.8,35.6,35.5,35.6,35.6,35.3,35.6,35.4,35.2,47.8,35.3,35.1,35.1,35.1,34.8,34.6,34.8,34.3,34.4,47.9,34.2,33.9,33.65,33.8,33.65,33.75,33.76,33.67,33.56,47.9,33.57,33.57,33.43,33.52,33.44,33.72,33.62,33.69,33.8,47.9,33.9,34.1,34,34.2,34.1,34.2,34.4,34.6,34.4,47.8,34.8,34.9,34.9,35.3,35,35.4,35.4,35.3,35.2,47.8,35.4,35.6,35.7,35.8,35.4,35.4,35.8,35.7,35.9,47.7,35.6,35.6,35.9,36.2,35.7,35.7,35.9,35.8,35.9,47.7,35.9,35.9,35.6,35.7,36.2,35.6,24.56,24.69
0.0000222,36.1,35.8,36,35.8,35.8,35.8,35.8,35.4,35.6,35.5,35.7,47.7,35.7,35.5,35.7,35.6,35.6,35.3,35.7,35.5,35.3,47.7,35.2,35.2,35.1,35.1,35,34.6,34.7,34.3,34.4,47.9,34.1,34.1,33.79,33.8,33.8,33.7,33.72,33.47,33.75,47.7,33.57,33.72,33.56,33.95,33.43,33.76,33.8,33.65,33.7,47.8,33.9,34,34,34.2,34.2,34.2,34.5,34.6,34.5,47.8,34.8,34.9,35,35.3,35.1,35.5,35.3,35.2,35.3,47.8,35.6,35.4,35.6,35.8,35.4,35.6,35.8,35.9,36,47.9,35.5,35.6,35.9,36.2,35.7,35.8,35.9,35.8,35.8,47.8,35.8,35.9,35.6,35.8,36.1,35.7,24.52,24.7
0.0000224,36.2,35.7,36,35.9,35.6,35.7,35.9,35.3,35.7,35.4,35.8,47.8,35.7,35.4,35.8,35.6,35.6,35.5,35.6,35.5,35.2,47.8,35.2,35.2,35.2,35.1,35.2,34.6,34.7,34.3,34.3,47.9,34.3,34.1,33.7,33.79,33.9,33.52,33.76,33.72,33.9,47.8,33.57,33.66,33.7,33.89,33.29,33.76,33.85,33.79,33.65,47.8,33.9,34.1,33.9,34.2,34.3,34.3,34.5,34.5,34.7,47.9,34.7,34.9,35,35.1,35.2,35.5,35.1,35.3,35.3,47.7,35.7,35.4,35.4,35.7,35.4,35.5,35.8,36,35.9,47.7,35.6,35.7,36,36,35.8,35.8,36,35.8,35.8,47.8,35.7,35.8,35.6,35.7,36.1,35.7,24.52,24.78
0.0000226,36.2,35.7,35.9,36.1,35.5,35.7,35.9,35.4,35.7,35.3,35.9,47.8,35.6,35.4,35.9,35.6,35.6,35.3,35.8,35.5,35.2,48,35.2,35.1,35,35.2,35.2,34.6,34.8,34.3,34.4,47.7,34.1,34.1,34,33.69,34,33.43,33.8,33.67,34.1,47.7,33.53,33.76,33.95,33.89,33.43,33.76,34,33.9,33.6,47.8,33.8,34,33.9,34.2,34.3,34.1,34.6,34.4,34.7,47.9,34.8,34.9,34.9,35.1,35.2,35.4,34.9,35.2,35.3,47.8,35.7,35.4,35.3,36,35.5,35.5,35.8,36.1,36,47.7,35.7,35.6,36,35.9,35.8,35.8,36.1,35.7,35.7,47.7,35.7,35.8,35.7,35.7,35.9,35.9,24.74,24.78
0.0000228,36.3,35.7,36,36,35.4,35.6,36.3,35.4,35.7,35.5,35.8,47.9,35.5,35.5,36.1,35.7,35.6,35.6,35.8,35.6,35.4,47.8,35.2,35.1,35.1,35,35.2,34.9,34.6,34.4,34.4,47.8,34,34.3,34,33.79,34.1,33.33,33.72,33.76,34.4,47.9,33.53,33.72,33.85,33.8,33.57,33.76,34.2,33.9,33.5,47.8,33.9,34,33.9,34.2,34.3,34.1,34.4,34.3,34.7,47.9,34.8,34.9,34.8,34.9,35.1,35.5,34.9,35.3,35.4,47.7,35.7,35.4,35.3,35.7,35.6,35.7,35.8,35.8,35.9,47.9,35.7,35.8,36,35.8,35.7,35.8,36,35.8,35.7,47.8,35.7,35.8,35.8,35.8,35.8,36.1,24.7,24.82
0.000023,36.3,35.7,35.8,35.9,35.4,35.6,36.2,35.5,35.6,35.7,35.8,47.8,35.6,35.4,36.1,35.6,35.7,35.5,35.7,35.4,35.5,47.8,35.2,35.1,35.1,35.1,35.2,35,34.7,34.4,34.3,47.7,33.9,34.3,34,33.79,33.9,33.37,33.72,33.76,34.3,47.8,33.49,33.72,33.89,33.85,33.53,33.76,34.1,33.8,33.6,47.9,33.8,34,33.8,34.1,34.3,34.2,34.3,34.3,34.4,48,34.9,34.8,34.9,34.9,35.3,35.3,35.1,35.2,35.6,47.7,35.7,35.5,35.3,35.5,35.7,35.7,35.8,35.9,35.8,47.7,35.9,35.9,35.9,35.7,35.7,35.9,36.1,35.8,35.7,47.9,35.7,35.6,36,35.9,35.6,36.1,24.74,24.78
0.0000232,36.3,35.7,35.7,35.8,35.5,35.7,36,35.6,35.7,35.9,35.7,47.9,35.5,35.6,36.1,35.7,35.6,35.6,35.6,35.4,35.7,47.9,35.2,35.1,35,34.8,35.1,35,34.7,34.5,34.4,47.8,33.8,34.3,34,33.69,34,33.37,33.76,33.76,34.1,47.7,33.39,33.53,33.85,33.6,33.57,33.72,33.99,33.9,33.65,47.8,33.9,33.9,34,34,34.2,34.1,34.3,34.1,34.4,47.8,35,34.9,34.8,34.9,35.3,35.3,35.2,35.3,35.5,47.8,35.6,35.6,35.4,35.5,35.7,35.7,35.7,35.8,35.7,47.7,35.9,36,35.9,35.4,35.8,36,36,35.7,35.7,47.9,35.7,35.5,36,35.8,35.6,36.2,24.78,24.69
0.0000234,36.2,35.8,35.6,35.9,35.8,35.7,35.9,35.8,35.6,35.9,35.8,47.8,35.5,35.6,35.9,35.7,35.7,35.7,35.6,35.6,35.8,47.8,35.2,35.2,35.2,34.7,34.9,35.1,34.7,34.6,34.3,47.9,33.9,34.1,33.9,33.8,33.9,33.62,33.72,33.62,34.1,47.7,33.43,33.43,33.66,33.56,33.62,33.76,33.75,33.8,33.69,47.7,33.8,33.9,34,34,34.3,34.2,34.5,34.1,34.4,47.8,34.9,34.8,34.9,34.8,35.3,35.2,35.3,35.3,35.3,47.7,35.7,35.6,35.4,35.4,35.8,35.8,35.7,35.7,35.7,47.9,36.1,35.9,35.9,35.4,35.8,35.9,36,35.9,35.9,47.8,35.8,35.7,36,35.9,35.5,36.2,24.73,24.82
0.0000236,36.2,35.9,35.6,35.7,36,35.8,35.7,35.8,35.6,36.1,35.8,47.9,35.7,35.6,35.7,35.7,35.7,35.7,35.4,35.6,35.6,47.8,35.4,35.3,35.1,34.9,35,35.1,34.7,34.6,34.4,47.9,33.9,34.1,33.89,33.8,33.8,33.66,33.62,33.57,33.79,47.7,33.47,33.49,33.6,33.7,33.62,33.66,33.85,33.8,33.8,47.8,33.8,33.9,34,33.9,34.1,34.4,34.5,34.2,34.3,47.7,35,34.8,35,34.9,35.2,35.2,35.3,35.2,35.4,47.9,35.6,35.7,35.5,35.5,35.8,35.8,35.6,35.6,35.6,47.8,36.1,36,35.7,35.5,35.9,35.9,36,35.8,35.8,47.9,35.9,35.7,36,35.9,35.8,36.1,24.82,24.74
0.0000238,36.1,35.7,35.7,35.6,36.2,36,35.7,35.9,35.7,35.9,35.9,47.7,35.6,35.6,35.6,35.9,35.6,35.6,35.4,35.6,35.5,47.8,35.5,35.2,35.1,34.7,34.8,35.1,34.7,34.4,34.3,47.7,33.9,34,33.75,33.9,33.7,33.7,33.72,33.53,33.6,47.7,33.57,33.39,33.47,33.56,33.62,33.62,33.75,33.9,33.9,47.7,33.9,34,34.1,34.1,33.8,34.5,34.4,34.3,34.2,47.7,35.1,34.9,34.9,34.9,35.4,35.1,35.4,35.3,35.3,47.8,35.5,35.7,35.6,35.6,35.8,35.7,35.5,35.7,35.6,47.8,35.8,36.1,35.6,35.8,35.9,35.9,35.9,35.9,35.8,47.8,35.8,35.8,35.9,35.9,35.9,36,24.74,24.74
0.000024,36.2,35.9,35.8,35.4,36.2,36.1,35.6,35.9,35.8,35.8,35.8,47.8,35.6,35.6,35.6,35.9,35.5,35.6,35.2,35.6,35.5,47.8,35.6,35.2,35.2,34.7,34.6,34.9,34.7,34.3,34.3,48,34,34,33.65,33.9,33.7,33.99,33.62,33.43,33.56,47.8,33.57,33.39,33.47,33.52,33.72,33.76,33.75,33.9,34,47.8,33.9,34,34.2,34,33.8,34.5,34.5,34.4,34.3,47.9,35,34.8,35,35.1,35.4,35.2,35.3,35.2,35.5,47.9,35.5,35.7,35.6,35.6,35.7,35.7,35.5,35.6,35.7,47.9,35.9,36.1,35.7,35.7,35.7,35.8,35.8,35.9,35.8,47.7,35.8,36,35.8,35.8,36.2,35.8,24.65,24.82
0.0000242,36.2,35.8,35.8,35.4,36.2,36.1,35.5,35.9,35.9,35.6,35.8,47.9,35.7,35.8,35.4,36,35.5,35.5,35.3,35.6,35.5,47.8,35.5,35.1,35.2,34.9,34.5,34.7,34.6,34.4,34.3,47.9,34.3,34,33.65,33.9,33.59,34,33.62,33.57,33.47,47.9,33.62,33.53,33.52,33.52,33.66,33.72,33.85,33.7,34,47.9,34,33.9,34.4,34,33.8,34.5,34.5,34.5,34.3,47.8,35,34.9,35.1,35.1,35.3,35.1,35.3,35.3,35.3,47.7,35.4,35.6,35.6,35.7,35.7,35.6,35.5,35.8,35.5,47.8,35.7,36.1,35.7,35.8,35.6,35.6,36,35.9,36,47.7,35.9,36.1,35.8,35.8,36.2,35.7,24.78,24.83
0.0000244,36.1,35.9,35.9,35.4,36.3,36.2,35.6,35.9,35.7,35.5,35.8,47.8,35.6,35.8,35.5,35.8,35.5,35.4,35.4,35.6,35.4,47.8,35.4,35.1,35.2,34.9,34.7,34.6,34.6,34.3,34.5,47.8,34.3,34,33.65,34,33.5,34,33.62,33.72,33.46,47.8,33.62,33.39,33.57,33.66,33.76,33.62,33.66,33.69,34,47.7,33.9,34,34.1,34.1,33.9,34.5,34.4,34.5,34.3,47.8,34.9,34.8,35,35.3,35.2,35.3,35.2,35.2,35.3,47.8,35.4,35.7,35.6,35.8,35.7,35.7,35.5,35.9,35.6,47.8,35.6,36,35.7,35.7,35.6,35.6,36,36,36,47.9,35.9,36.2,35.6,35.9,36.2,35.6,24.74,24.78
0.0000246,36.1,35.9,35.9,35.5,36.1,35.9,35.6,35.7,35.8,35.3,35.7,47.9,35.7,35.9,35.5,35.8,35.2,35.4,35.4,35.7,35.5,47.8,35.4,35.1,35.2,34.9,34.8,34.6,34.6,34.4,34.5,47.9,34.4,34,33.65,34,33.7,34,33.66,33.8,33.56,47.8,33.66,33.62,33.56,33.7,33.76,33.72,33.7,33.79,33.8,47.7,33.9,34,34,34.1,34,34.3,34.3,34.5,34.4,47.9,34.9,34.8,34.9,35.2,35.2,35.2,35,35.4,35.4,47.7,35.4,35.4,35.7,35.7,35.7,35.7,35.6,36,35.8,47.8,35.5,36,35.7,35.7,35.6,35.5,36,35.8,35.9,47.9,36,36.1,35.6,35.8,35.9,35.6,24.77,24.78
0.0000248,35.9,35.8,36,35.6,35.8,35.9,35.6,35.9,35.6,35.5,35.7,47.7,35.6,35.8,35.4,35.6,35.3,35.4,35.4,35.5,35.5,47.9,35.3,35.1,35.2,35,34.7,34.6,34.7,34.6,34.4,47.7,34.4,34.2,33.69,34.1,33.9,33.89,33.72,33.85,33.65,47.7,33.62,33.66,33.75,33.85,33.8,33.8,33.7,33.65,33.9,47.8,33.9,34,34,34.1,34,34.2,34.3,34.4,34.6,47.7,34.8,34.8,35.1,35.2,35.2,35.3,35.2,35.4,35.4,47.7,35.5,35.5,35.5,35.8,35.7,35.5,35.8,36.1,35.9,47.9,35.4,35.7,35.8,35.5,35.6,35.5,36,35.9,35.8,47.8,36,36.1,35.4,35.7,35.8,35.5,24.78,24.82
0.000025,35.8,35.9,35.9,35.8,35.6,35.8,35.7,35.6,35.6,35.5,35.7,47.7,35.6,35.9,35.6,35.6,35.4,35.3,35.4,35.5,35.6,47.8,35.2,35.1,35.1,35.1,34.9,34.7,34.6,34.5,34.4,47.8,34.3,34,34,34.2,33.7,33.7,33.7,33.85,33.79,47.8,33.62,33.76,33.85,33.75,33.76,33.76,33.56,33.65,33.7,47.9,33.9,34,34,34.1,34,34.1,34.3,34.5,34.7,47.8,34.9,34.8,35,35.3,35.2,35.3,35.3,35.6,35.5,47.9,35.4,35.4,35.4,35.7,35.6,35.6,35.6,36,35.8,47.8,35.4,35.6,35.9,35.4,35.7,35.6,35.8,35.8,35.9,47.8,36,35.9,35.6,35.7,35.8,35.7,24.83,24.82
0.0000252,35.8,35.8,35.9,35.9,35.3,35.9,35.9,35.6,35.7,35.7,35.5,47.8,35.6,35.8,35.9,35.3,35.6,35.4,35.4,35.4,35.7,47.8,35.2,35.2,35.2,35.1,35,34.7,34.7,34.6,34.5,47.9,34.3,34.1,34,34.1,33.7,33.66,33.85,33.85,33.79,47.7,33.66,33.8,33.85,33.89,33.8,33.8,33.7,33.69,33.7,47.9,33.9,34.1,33.8,34.1,34.3,34.1,34.3,34.3,34.8,48,34.7,34.8,35,35.1,35.2,35.4,35.4,35.5,35.5,47.9,35.6,35.4,35.3,35.7,35.7,35.5,35.8,35.9,36,47.8,35.5,35.5,36,35.5,35.8,35.6,35.9,35.8,35.9,47.8,35.9,35.7,35.6,35.7,35.6,35.8,24.87,24.91
0.0000254,35.8,35.7,35.9,36,35.3,35.7,36,35.5,35.7,35.9,35.6,47.9,35.6,35.8,35.8,35.3,35.7,35.5,35.4,35.4,35.8,47.8,35.2,35.2,35.1,35.1,35.1,34.9,34.7,34.7,34.4,47.7,34.2,34.1,34,34.1,33.7,33.66,33.7,33.75,33.9,47.9,33.72,33.76,33.9,33.79,33.66,33.7,33.6,33.65,33.69,47.8,34,34.1,33.8,34.1,34.3,34,34.3,34.4,34.9,47.9,34.7,34.8,35,35.2,35.2,35.4,35.5,35.5,35.4,47.7,35.7,35.5,35.4,35.7,35.5,35.6,35.7,35.8,36,47.7,35.4,35.3,35.9,35.5,35.9,35.6,35.9,35.7,35.8,47.8,35.9,35.8,35.6,35.7,35.4,35.9,24.86,24.86
0.0000256,36.1,35.9,35.9,35.9,35.3,35.7,36,35.5,35.8,35.9,35.6,47.9,35.7,35.7,35.9,35.1,35.7,35.6,35.1,35.4,35.7,47.7,35.3,35.3,34.9,35.1,35.2,35,34.8,34.7,34.4,47.8,34.1,34,34,33.9,33.8,33.66,33.85,33.85,34.1,47.8,33.62,33.8,33.89,33.89,33.66,33.8,33.79,33.69,33.7,47.8,34.1,34.2,34,34.2,34.4,34.1,34.3,34.4,34.7,47.8,34.8,34.9,35,35.1,35,35.2,35.5,35.5,35.4,47.7,35.8,35.5,35.4,35.6,35.6,35.6,35.7,35.7,36,47.9,35.7,35.3,35.9,35.6,36,35.8,35.9,35.8,35.8,47.8,35.8,35.7,35.8,35.8,35.6,36,24.78,24.91
0.0000258,36.1,35.8,35.8,36,35.5,35.7,36.1,35.7,35.7,36.1,35.5,47.9,35.8,35.7,35.9,35,35.8,35.6,35.2,35.4,35.7,47.7,35.2,35.3,34.9,35,35.2,35,34.7,34.7,34.4,47.8,33.9,34,34,33.9,33.9,33.66,33.85,33.72,34,47.8,33.57,33.57,33.85,33.75,33.56,33.75,33.65,33.7,33.9,47.8,33.9,34,33.9,34.1,34.3,34.2,34.3,34.3,34.6,47.7,34.8,34.8,35,35,35.2,35.3,35.5,35.2,35.4,47.9,36.1,35.6,35.7,35.7,35.6,35.6,35.8,35.7,35.9,47.8,35.8,35.5,35.9,35.8,36.1,35.8,35.5,35.9,35.9,47.8,35.8,35.7,35.8,35.8,35.8,36.1,24.87,24.91
0.000026,36.3,35.8,35.8,35.9,35.6,35.7,36.1,35.5,35.7,36,35.8,47.8,35.7,35.6,36,35.2,35.8,35.5,35.2,35.4,35.5,47.9,35.3,35.3,35.1,34.9,35.2,35,34.6,34.6,34.3,47.9,33.9,33.9,34,33.9,33.9,33.66,33.76,33.52,34,47.7,33.62,33.43,33.85,33.6,33.56,33.85,33.65,33.7,33.8,47.8,33.9,33.9,34,34.1,34.1,34.3,34.5,34.3,34.5,47.9,34.8,34.8,34.9,35,35.2,35.2,35.4,35.3,35.5,47.9,36,35.7,35.8,35.7,35.7,35.6,35.8,35.6,35.8,47.9,36,35.5,35.9,36.1,36,35.9,35.6,35.8,35.9,47.7,35.7,35.8,36,35.7,35.8,36.1,24.95,24.91
0.0000262,36.4,35.7,35.7,35.9,35.8,35.7,35.9,35.6,35.7,35.9,35.8,47.8,35.7,35.7,36,35.3,35.8,35.7,35.4,35.6,35.5,47.8,35.4,35.4,35.1,35,35.1,35,34.7,34.5,34.3,47.7,34,33.8,33.7,33.8,34,33.89,33.8,33.52,34,47.7,33.57,33.43,33.75,33.69,33.52,33.76,33.75,33.7,34,47.7,33.9,33.9,34.1,34.1,34.2,34.4,34.7,34.4,34.4,47.8,34.8,34.8,34.9,35,35.1,35.2,35.3,35.1,35.4,47.9,36.1,35.6,36,35.6,35.7,35.7,35.7,35.7,35.8,47.7,36,35.7,35.7,36.1,36,35.9,35.7,35.9,35.9,47.7,35.8,35.8,36,35.7,36,36.1,25.01,24.95
0.0000264,36.6,35.8,35.8,35.7,35.8,35.8,35.9,35.7,35.8,35.8,35.9,47.8,35.6,35.7,35.9,35.6,35.6,35.7,35.5,35.6,35.3,47.8,35.5,35.1,35.1,34.9,35,34.9,34.6,34.3,34.5,47.8,34,33.8,33.8,33.8,34,33.79,33.8,33.52,33.9,47.9,33.62,33.43,33.75,33.6,33.57,33.8,33.66,33.8,33.8,47.9,33.8,33.9,34.3,34,34,34.5,34.6,34.5,34.3,48,34.8,34.7,35,35,35.2,35.1,35.3,35.2,35.5,47.9,35.7,35.7,36,35.6,35.9,35.8,35.7,35.6,35.8,47.8,35.9,36,35.7,36.1,35.9,35.9,35.9,36,36,47.7,35.7,35.9,36,35.8,36.1,36,24.96,25
0.0000266,36.5,35.9,35.8,35.6,35.9,35.9,35.7,35.8,35.6,35.6,36,48,35.7,35.8,35.6,35.7,35.5,35.7,35.5,35.7,35.3,47.8,35.4,35.2,35.1,34.9,34.9,34.8,34.6,34.3,34.4,47.8,34.2,33.7,33.69,33.7,34.1,33.79,33.8,33.56,33.79,47.9,33.66,33.39,33.65,33.5,33.66,33.8,33.75,33.7,33.9,47.7,33.7,33.8,34.3,34,34,34.4,34.7,34.5,34.2,47.9,34.9,34.7,35,35,35.3,35.1,35.3,35.1,35.5,47.8,35.7,35.5,36,35.6,35.8,35.8,35.7,35.6,35.7,47.9,35.9,35.8,35.7,35.9,35.7,36,36,36.1,36,47.8,35.8,35.9,36,35.9,36.1,35.9,25.01,25.05
0.0000268,36.5,36,35.9,35.6,36,35.9,35.6,35.9,35.7,35.6,36,47.7,35.7,35.9,35.6,35.8,35.4,35.7,35.6,35.6,35.2,47.7,35.5,35.1,35.1,34.8,34.6,34.8,34.6,34.2,34.4,47.8,34.2,33.9,33.79,33.8,34,33.79,33.76,33.66,33.75,47.9,33.76,33.53,33.65,33.56,33.8,33.85,33.6,33.7,34,48,33.7,34,34.3,34.1,34,34.3,34.6,34.5,34.2,47.9,35,34.7,35,35.1,35.2,35.2,35.2,35.1,35.5,47.8,35.6,35.6,35.9,35.7,35.7,35.9,35.5,35.7,35.7,47.7,35.9,36,35.7,35.9,35.6,35.8,36.3,36.1,36,47.8,35.8,36,35.9,35.8,36.2,35.8,24.86,25.13
0.000027,36.3,35.7,35.8,35.4,36.1,35.9,35.6,35.9,35.7,35.5,36.1,47.8,35.7,36,35.5,35.9,35.4,35.6,35.7,35.7,35.3,47.7,35.3,35.1,35.1,34.8,34.5,34.7,34.7,34.3,34.4,47.8,34.2,34,33.7,33.8,33.9,33.79,33.66,33.7,33.65,47.7,33.66,33.62,33.65,33.56,33.95,33.8,33.75,33.7,34,47.8,33.6,33.9,34.2,34,34,34.1,34.7,34.5,34.3,47.7,35,34.9,35,35.1,35.3,35.3,35.2,35.2,35.4,48,35.2,35.5,35.7,35.6,35.8,35.9,35.6,35.7,35.5,47.9,35.7,36,35.7,35.7,35.5,35.8,36.4,35.9,36,47.7,35.7,36.1,35.9,35.8,36,35.7,25.01,25.32
0.0000272,36.1,35.7,35.9,35.5,36.2,36,35.7,35.9,35.6,35.8,35.9,47.7,35.6,36.1,35.5,35.9,35.3,35.5,35.7,35.6,35.2,47.8,35.3,35.1,34.9,34.9,34.4,34.6,34.9,34.3,34.5,47.8,34.3,34,33.7,33.6,33.8,33.79,33.7,33.85,33.65,47.8,33.8,33.66,33.65,33.52,33.9,33.75,33.7,33.69,33.8,47.8,33.7,34.1,34.1,34.2,34,34,34.5,34.6,34.6,47.9,34.9,35,35,35.1,35.2,35.3,35.3,35.2,35.4,47.7,35.2,35.6,35.4,35.7,35.7,36,35.7,35.6,35.5,47.8,35.7,35.9,35.6,35.4,35.5,35.8,36.5,35.8,35.8,47.8,35.7,36,35.9,35.7,35.8,35.7,25,25.45
0.0000274,35.9,35.7,35.9,35.5,35.9,36,35.6,35.9,35.7,35.7,35.8,47.9,35.6,36.1,35.6,35.9,35.3,35.6,35.8,35.7,35.3,47.8,35.1,35.1,35,35.1,34.5,34.7,35,34.4,34.5,47.8,34.3,34,33.7,33.8,33.9,33.75,33.7,33.75,33.65,47.8,33.66,33.85,33.75,33.56,33.9,33.65,33.79,33.69,33.7,47.7,34,34.1,34.1,34.2,34,34,34.3,34.5,34.7,47.7,34.9,35,35.2,35.1,35.3,35.2,35.3,35.3,35.4,47.8,35.1,35.5,35.3,35.7,35.8,35.9,35.5,35.7,35.6,47.9,35.4,35.8,35.7,35.3,35.6,35.8,36.3,35.7,35.8,47.8,35.7,36,35.8,35.7,35.8,35.7,25.13,25.48
0.0000276,35.7,35.7,35.9,35.7,35.8,36,35.7,35.9,35.7,35.8,35.7,47.8,35.6,35.8,35.6,35.8,35.6,35.5,35.8,35.7,35,47.8,35.1,35.1,34.9,35.1,34.7,34.7,34.9,34.7,34.5,47.8,34.2,34.1,33.7,33.7,33.8,33.59,33.85,33.79,33.65,47.7,33.66,33.85,33.69,33.6,34,33.7,33.75,33.8,33.8,47.8,33.9,34.2,34.1,34.3,34.2,34,34.3,34.6,34.7,47.7,34.9,35,35,35.2,35.2,35.2,35.4,35.6,35.4,47.8,35.2,35.6,35.3,35.8,35.7,35.8,35.7,35.7,35.6,47.8,35.5,35.8,35.7,35.3,35.7,35.8,36.1,35.7,35.8,47.8,35.8,35.9,35.9,35.7,35.8,35.7,25.22,25.83
0.0000278,35.5,35.8,35.8,35.8,35.7,35.7,35.8,35.9,35.8,35.9,35.5,47.8,35.7,35.9,35.8,35.7,35.7,35.5,35.8,35.6,35,47.7,35.1,35.4,35.1,35.1,34.8,34.7,34.9,34.7,34.5,47.9,34.3,34.2,33.8,33.7,33.8,33.46,33.75,33.89,33.69,47.8,33.8,33.89,33.75,33.69,33.89,33.65,33.75,34,33.9,47.8,34,34.1,34,34.2,34.1,34.2,34.3,34.5,34.7,47.9,34.9,34.9,35,35.3,35.2,35.3,35.3,35.6,35.3,47.8,35.3,35.5,35.3,35.9,35.6,35.7,35.7,35.7,35.6,47.8,35.5,35.9,35.8,35.6,35.8,35.8,35.9,35.7,35.7,47.7,35.9,35.9,35.7,35.8,35.8,35.7,25.39,26.19
0.000028,35.6,35.8,35.9,35.9,35.5,35.8,35.7,35.9,35.6,36,35.4,47.7,35.6,35.7,35.7,35.6,35.7,35.6,35.7,35.5,35,47.8,35.2,35.4,34.9,35.1,35,34.8,34.9,34.8,34.4,47.9,34.2,34.2,34.1,33.8,34,33.66,33.89,33.85,33.8,47.8,33.7,33.85,33.79,33.8,33.7,33.75,33.79,33.9,33.8,48,34,34.1,34,34.2,34.2,34.3,34.2,34.5,34.7,47.8,34.8,34.9,35,35.2,35.2,35.3,35.3,35.6,35.3,47.7,35.5,35.6,35.6,35.8,35.7,35.5,35.7,35.8,35.8,47.7,35.7,35.7,35.8,35.7,35.8,35.8,35.6,35.5,35.7,47.7,36.1,35.8,35.7,35.7,35.8,35.7,25.44,26.45
0.0000282,35.6,35.8,35.9,35.9,35.4,35.7,35.8,35.9,35.7,35.9,35.5,47.7,35.8,35.6,35.8,35.5,35.7,35.6,35.9,35.4,35.4,47.8,35.2,35.4,34.9,35.1,35.1,34.9,34.7,34.9,34.5,47.7,34.2,34.1,34.1,33.8,33.9,33.65,33.9,33.75,33.9,47.8,33.8,33.8,33.89,33.9,33.46,33.6,33.8,33.9,33.8,47.8,34.1,34.1,33.9,34.1,34.2,34.4,34.2,34.5,34.7,47.7,34.8,34.9,35,35.3,35.2,35.2,35.3,35.5,35.4,47.8,35.7,35.5,35.8,35.7,35.7,35.5,35.8,35.8,35.9,47.7,35.7,35.8,35.9,35.9,35.9,35.8,35.6,35.6,35.6,47.8,36.1,35.7,35.7,35.8,35.6,35.8,25.83,26.88
0.0000284,35.8,35.8,35.9,35.9,35.3,35.7,36,35.8,35.8,35.9,35.7,47.9,35.8,35.6,35.7,35.3,35.7,35.6,35.8,35.5,35.3,47.7,35.2,35.5,34.9,35,35.1,34.9,34.6,34.7,34.5,47.7,34,34.1,34.1,33.9,34,33.5,33.89,33.75,34,47.9,33.75,33.66,33.79,34,33.52,33.65,33.8,34,33.8,47.9,34.2,34,34,34.2,34.2,34.6,34.3,34.5,34.7,47.9,34.8,34.6,34.9,35.1,35.3,35.3,35.3,35.5,35.4,47.8,35.7,35.5,35.9,35.6,35.7,35.5,35.8,35.8,36.1,47.8,35.7,35.8,35.8,36.1,35.9,36,35.6,35.7,35.6,47.7,36.1,35.8,35.8,35.8,35.7,35.9,26.18,27.41
0.0000286,35.8,35.8,35.8,35.9,35.4,35.7,35.9,35.9,35.7,35.9,35.8,47.9,35.8,35.6,35.7,35.2,35.7,35.7,35.9,35.5,35.4,47.7,35.2,35.4,34.9,35,35.2,34.9,34.4,34.7,34.4,47.8,34.1,34.2,34.1,33.9,34,33.6,33.89,33.75,34.1,47.8,33.76,33.76,33.8,33.9,33.56,33.75,33.8,34.1,33.7,47.7,34.1,34,34.1,34.1,34.4,34.6,34.3,34.5,34.4,47.8,34.8,34.6,34.7,35,35.3,35.2,35.3,35.4,35.5,47.8,35.6,35.6,35.8,35.5,35.6,35.5,35.8,35.8,36.1,47.7,35.9,35.9,35.9,36.3,35.9,35.9,35.6,35.8,35.6,47.9,36.1,35.7,35.8,35.8,35.7,35.9,26.58,27.86
0.0000288,36,35.8,35.7,35.8,35.6,35.8,35.9,35.8,35.7,35.8,35.8,48,35.8,35.5,35.8,35.3,35.7,35.6,35.7,35.6,35.6,47.8,35.2,35.4,34.9,35,35,34.9,34.4,34.4,34.4,47.8,34.1,34.1,34.1,33.9,34,33.65,33.89,33.75,34.3,47.8,33.66,33.66,33.89,33.8,33.7,33.79,33.8,34.1,33.8,47.9,34,33.9,34.1,34.2,34.3,34.5,34.4,34.5,34.5,47.8,34.8,34.6,34.8,35,35.2,35.3,35.3,35.5,35.4,47.8,35.5,35.5,36,35.5,35.6,35.5,35.7,35.8,36,47.8,35.8,35.8,35.8,36.2,35.9,35.9,35.9,36,35.7,47.7,36.1,35.7,35.9,35.9,35.7,35.9,26.94,28.34
0.000029,36.1,35.8,35.7,35.7,35.7,35.9,36.1,35.9,35.7,35.6,35.8,47.8,35.9,35.6,35.8,35.3,35.7,35.6,35.7,35.5,35.7,47.9,35.3,35.3,34.9,34.9,35,34.9,34.4,34.3,34.5,47.9,34.1,34,34.1,33.9,33.9,33.69,33.76,33.66,34.1,47.8,33.7,33.66,33.79,33.9,33.79,33.89,33.8,34.1,33.8,47.7,34,33.9,34.1,34.1,34.2,34.5,34.5,34.6,34.5,47.7,34.8,34.6,34.7,35,35.2,35.3,35.3,35.3,35.4,47.7,35.4,35.5,35.8,35.3,35.6,35.5,35.8,35.8,36,47.8,35.8,35.9,35.8,36.2,35.8,35.8,36.1,36,35.8,47.8,35.9,35.7,36,35.8,35.7,35.8,27.24,28.72
0.0000292,36.1,35.9,35.6,35.8,35.8,36.1,35.8,35.8,35.7,35.6,35.9,47.7,35.7,35.6,35.7,35.4,35.6,35.6,35.5,35.6,35.8,47.7,35.3,35.1,34.9,34.9,35,34.8,34.5,34.1,34.5,47.8,34.3,34.1,34.1,33.9,33.9,33.8,33.56,33.7,34,47.7,33.62,33.6,33.8,33.79,33.9,33.9,33.9,33.9,34,47.8,33.9,34,34.2,34.2,34.1,34.3,34.7,34.6,34.4,47.9,34.9,34.8,34.9,34.9,35.2,35.3,35.3,35.3,35.5,47.7,35.1,35.6,35.7,35.4,35.7,35.7,35.8,35.7,35.9,47.9,35.9,36,35.8,36.1,35.8,35.8,36.1,36,35.8,47.7,35.9,35.7,35.9,35.9,35.9,35.8,27.51,29.05
0.0000294,36,35.9,35.8,35.7,36,36.2,35.8,35.8,35.5,35.4,35.8,47.8,35.6,35.8,35.7,35.6,35.5,35.4,35.5,35.6,35.7,47.7,35.4,35.1,35,34.9,34.9,34.8,34.6,34.1,34.5,47.8,34.4,34.1,34.1,34.1,34,33.9,33.52,33.75,33.9,47.8,33.7,33.66,33.79,33.6,34,33.9,33.9,33.9,34.1,47.8,33.8,34,34.2,34.3,34.1,34.3,34.7,34.6,34.5,47.8,34.9,35,35,34.9,35.2,35.3,35.3,35.1,35.6,47.8,35.1,35.7,35.6,35.4,35.6,35.7,35.7,35.7,35.7,47.9,35.9,36,35.7,36,35.6,35.6,36.1,35.9,35.8,47.7,35.7,35.8,35.9,35.9,36.1,35.9,27.78,29.41
0.0000296,36.1,35.8,35.6,35.7,36,36.1,35.8,35.9,35.7,35.4,35.8,47.7,35.5,35.6,35.6,35.7,35.5,35.4,35.4,35.5,35.7,47.8,35.4,35.2,35.1,34.8,34.8,34.8,34.7,34.3,34.4,47.8,34.4,34.1,33.8,34.2,33.9,34,33.52,33.75,33.7,47.9,33.66,33.7,33.65,33.6,33.9,34,34,33.7,34,47.8,33.8,34,34.2,34.2,34.2,34.3,34.8,34.6,34.4,47.8,35,35.2,35.1,35,35.2,35.2,35.4,35,35.6,47.9,35.2,35.6,35.4,35.6,35.7,35.7,35.6,35.6,35.7,47.8,35.8,35.7,35.7,35.9,35.7,35.7,36.1,35.9,35.8,47.8,35.7,35.9,35.7,35.9,36.2,35.9,28.21,29.45
0.0000298,36.1,35.9,35.6,35.5,36.2,36,35.7,35.8,35.8,35.5,35.8,47.9,35.5,35.8,35.8,36,35.4,35.4,35.2,35.5,35.7,47.8,35.6,35.2,35,35.1,34.9,34.7,34.6,34.4,34.5,47.9,34.5,34.1,33.8,34.3,33.8,34,33.52,33.79,33.69,47.8,33.7,33.7,33.79,33.5,33.9,34,33.9,33.69,34.1,47.9,33.9,34,34.2,34.1,34.1,34.3,34.8,34.6,34.6,47.7,35,35.3,35.3,35,35.3,35.3,35.2,35,35.6,47.8,35.4,35.6,35.4,35.7,35.7,35.8,35.5,35.8,35.5,47.8,35.8,35.7,35.7,35.8,35.6,35.7,36,35.9,35.8,47.8,35.7,35.9,35.5,35.9,36.3,35.9,28.48,29.65
0.00003,36.1,36,35.8,35.5,36,36,35.7,35.7,35.8,35.6,35.8,47.8,35.4,35.7,35.6,36.2,35.4,35.5,35.4,35.6,35.5,47.9,35.4,35.1,35.1,35,34.9,34.7,34.8,34.7,34.4,47.9,34.5,34,33.7,34.4,33.9,34.1,33.6,33.79,33.7,47.8,33.85,33.89,33.8,33.69,33.65,33.9,34,33.7,34.1,47.8,34,34.1,34.2,34.2,34.2,34.3,34.8,34.6,34.5,47.8,35,35.4,35.3,35,35.3,35.3,35.3,35.1,35.6,47.8,35.6,35.5,35.5,35.7,35.7,35.9,35.7,35.8,35.5,47.8,35.7,35.7,35.7,35.8,35.7,35.7,35.9,35.7,35.8,47.8,35.7,35.9,35.5,35.8,36.3,35.8,29.08,29.83
0.0000302,36.1,36,35.8,35.7,36,35.8,35.6,35.6,35.8,35.5,35.8,47.7,35.4,35.8,35.6,36.2,35.5,35.6,35.4,35.6,35.7,47.8,35.3,35.3,35.2,35.1,35,34.7,34.9,34.8,34.4,47.7,34.4,34.2,33.7,34.4,33.9,34,33.75,33.79,33.7,47.7,33.89,33.89,33.69,33.79,33.75,33.79,33.8,33.7,34.2,47.8,34.1,34.1,34,34.2,34.1,34.3,34.5,34.6,34.6,47.8,35,35.4,35.2,35.1,35.4,35.3,35.3,35.2,35.6,47.8,35.6,35.6,35.6,35.8,35.7,35.7,35.8,35.7,35.6,47.8,35.6,35.7,35.7,35.8,35.6,35.7,35.8,35.7,35.8,47.9,35.7,35.9,35.5,35.9,36.2,35.7,29.5,30.22
0.0000304,36,35.9,35.8,35.8,35.8,35.7,35.7,35.5,35.8,35.4,35.8,47.8,35.5,35.8,35.5,36,35.6,35.7,35.6,35.5,35.6,47.9,35.3,35.4,35.2,35.1,35.1,34.7,34.8,34.9,34.4,47.8,34.2,34.2,33.7,34.2,33.9,33.8,33.9,33.79,33.8,47.7,33.79,33.75,33.65,33.89,33.75,33.65,33.8,33.8,34,47.8,34.3,34.2,34,34.2,34.3,34.4,34.5,34.6,34.7,47.7,35,35.2,35.2,35.1,35.3,35.3,35.3,35.2,35.5,47.8,35.7,35.6,35.6,35.8,35.4,35.7,35.7,35.6,35.6,47.7,35.6,36,35.7,35.8,35.7,35.8,35.9,35.7,35.8,47.7,35.9,35.9,35.5,35.9,36.1,35.9,29.88,30.54
0.0000306,36.1,35.9,35.8,35.8,35.8,35.7,35.7,35.7,35.9,35.7,35.6,47.7,35.6,35.7,35.5,36,35.5,35.8,35.7,35.5,35.6,47.8,35.3,35.3,35.1,35.1,35.2,34.8,34.7,35,34.4,47.8,34.1,34.1,33.9,34,34,33.9,34,33.8,33.9,47.7,33.85,33.65,33.65,34,33.56,33.65,33.79,33.9,34.1,47.8,34.5,34.1,34.1,34.2,34.3,34.5,34.4,34.4,34.6,47.8,34.9,35,35.2,35.1,35.3,35.3,35.2,35.4,35.3,47.7,35.7,35.5,35.7,35.9,35.7,35.6,35.7,35.7,35.7,47.8,35.6,35.9,35.8,35.8,35.8,35.9,35.8,35.7,35.8,47.9,36,35.9,35.6,35.8,36.2,35.8,30.46,31.08
0.0000308,36.2,35.8,35.9,35.9,35.4,35.5,35.7,35.8,35.7,35.7,35.7,47.9,35.8,35.9,35.7,35.7,35.6,36,35.8,35.7,35.5,47.7,35.1,35.4,35.1,35.1,35.2,35,34.7,34.9,34.4,47.7,33.9,34.1,34,33.9,34,33.8,34.2,33.8,33.8,47.7,33.79,33.89,33.7,34,33.6,33.6,33.8,34.1,33.9,47.9,34.5,34.1,34,34.2,34.3,34.6,34.3,34.5,34.7,47.7,34.9,34.7,35,35.1,35.2,35.2,35.2,35.6,35.1,47.7,35.6,35.4,35.7,35.7,35.7,35.5,35.6,35.7,35.9,47.8,35.6,36,35.8,35.7,35.9,35.9,35.8,35.7,35.8,47.8,36.2,35.9,35.9,35.8,36,36,30.8,31.5
0.000031,36.2,35.7,35.9,35.8,35.6,35.6,35.8,35.8,35.7,35.6,35.7,47.8,35.8,35.7,35.7,35.6,35.7,36,35.8,35.5,35.7,47.8,35.2,35.2,35.1,35.1,35,34.8,34.6,34.8,34.4,47.9,33.9,34.2,34.1,33.9,33.9,33.8,34,33.8,33.8,47.8,33.79,33.89,33.8,34,33.65,33.6,33.8,34.1,33.9,47.9,34.3,34.2,34,34.3,34.4,34.6,34.3,34.5,34.7,47.7,34.9,34.5,34.9,35.2,35.1,35.3,35.3,35.6,35.2,47.8,35.6,35.6,35.7,35.6,35.8,35.5,35.5,35.8,36,47.8,35.6,36,35.8,35.7,35.8,35.9,36,35.8,35.8,47.8,35.9,35.8,36,35.8,36,35.9,31.13,32
0.0000312,36,35.8,35.9,35.9,35.6,35.7,35.9,35.9,35.6,35.7,35.7,47.9,35.8,35.7,35.9,35.4,35.7,35.9,35.8,35.5,35.6,47.7,35.2,35.3,35.1,35.1,35,34.7,34.6,34.8,34.5,47.7,34,34.1,34.1,33.8,33.9,33.7,34,33.9,34,47.8,33.7,33.89,33.8,34,33.79,33.69,33.79,34.3,33.8,47.9,34.1,34.1,34.1,34.2,34.4,34.6,34.3,34.4,34.5,47.9,34.8,34.5,34.9,35.2,35.1,35.2,35.3,35.6,35.2,47.8,35.6,35.4,35.7,35.7,36,35.5,35.5,35.8,36,47.7,35.7,36,35.9,35.8,35.9,36,36.1,35.7,35.8,47.7,36,35.9,36.1,35.9,36,35.9,31.22,32.3
0.0000314,36.1,35.9,35.9,35.9,35.7,35.7,35.9,35.9,35.5,35.8,35.8,47.9,35.8,35.6,35.9,35.3,35.7,35.9,35.8,35.5,35.6,47.8,35.3,35.2,34.9,35,34.9,34.8,34.6,34.7,34.5,47.8,34,34.1,34.2,33.8,33.9,33.8,33.9,33.79,34,47.7,33.89,33.9,33.9,34,33.8,33.69,33.8,34.1,33.8,47.7,34,34.1,34.1,34.5,34.4,34.7,34.3,34.4,34.5,47.9,34.9,34.6,34.9,35.1,34.9,35.3,35.3,35.5,35.2,47.9,35.6,35.4,35.6,35.5,36,35.5,35.5,36,36,47.7,35.8,35.7,35.8,35.8,35.7,35.9,36.1,36,35.8,47.7,35.8,35.9,36.1,35.9,35.9,35.9,31.4,32.7
0.0000316,35.9,35.9,35.7,35.9,35.7,35.9,35.8,36,35.5,35.8,35.8,47.9,35.8,35.7,36,35.3,35.6,35.8,35.6,35.5,35.6,47.7,35.3,35.3,34.9,35,34.7,34.8,34.6,34.5,34.5,47.8,34.1,34,34.2,34,33.8,33.8,33.89,33.8,33.8,47.8,33.75,33.9,33.8,33.8,34,33.9,33.9,34.1,33.8,47.8,33.9,34.1,34.3,34.3,34.4,34.6,34.5,34.6,34.6,47.8,34.9,34.7,34.8,35.2,35.1,35.2,35.3,35.3,35.3,47.7,35.4,35.5,35.6,35.5,36,35.5,35.5,35.8,36,47.8,35.8,35.7,35.9,35.8,35.6,35.8,36.2,36,35.9,47.8,35.9,35.9,36,35.8,35.8,35.9,31.5,32.9
0.0000318,35.6,35.9,35.8,35.9,35.8,36,35.9,35.9,35.6,35.7,35.8,47.9,35.5,35.7,35.9,35.5,35.7,35.8,35.5,35.5,35.6,47.9,35.3,35.2,34.9,35,34.7,34.9,34.6,34.4,34.4,47.7,34.2,33.9,34.1,34.1,33.8,33.8,33.65,33.75,34,47.7,33.75,33.89,33.8,33.8,34,33.9,33.9,33.9,33.8,47.7,33.8,34.1,34.3,34.3,34.2,34.6,34.6,34.6,34.6,47.8,34.9,34.9,34.9,35,35.1,35.2,35.3,35.3,35.4,47.8,35.4,35.6,35.6,35.6,36,35.5,35.5,35.8,36,47.8,35.8,35.8,35.9,35.9,35.7,35.8,36.1,36.1,36,47.8,35.8,35.9,35.7,35.9,35.9,35.8,31.7,33
0.000032,35.7,35.9,35.7,35.7,35.9,36.1,35.8,35.9,35.6,35.8,35.6,47.8,35.6,35.6,35.8,35.5,35.7,35.6,35.5,35.5,35.5,47.9,35.3,35.1,34.7,35,34.6,34.9,34.6,34.5,34.4,47.9,34.4,33.8,34.1,34.2,33.8,33.9,33.56,33.79,34.1,47.7,33.79,33.89,33.8,33.69,33.9,34,33.8,33.8,34,47.7,34,34.1,34.2,34.1,34.3,34.4,34.5,34.5,34.6,47.8,34.8,35.1,35,35.2,35.2,35.3,35.3,35.2,35.5,47.7,35.7,35.5,35.5,35.4,35.8,35.5,35.5,35.7,35.8,47.8,35.6,35.7,35.8,35.8,35.6,35.7,36,36.1,35.8,47.8,35.8,35.9,35.6,35.9,36,35.7,32.1,33.1
0.0000322,35.8,35.8,35.7,35.6,35.9,36.1,35.8,35.8,35.5,35.8,35.5,47.9,35.5,35.6,35.6,35.6,35.6,35.8,35.4,35.5,35.5,47.8,35.3,35.2,34.9,35,34.7,35,34.7,34.4,34.3,47.8,34.5,33.9,34.1,34.2,33.8,34,33.6,33.75,34,47.7,33.75,33.85,33.69,33.7,33.8,34,33.9,33.8,34.1,47.7,34.1,34.1,34.3,34.1,34.2,34.4,34.8,34.5,34.6,47.9,34.9,35.2,35.1,35.3,35.3,35.2,35.3,35.2,35.6,47.9,35.7,35.6,35.5,35.6,35.7,35.5,35.7,35.7,35.8,47.8,35.7,35.9,35.8,35.8,35.6,35.6,35.9,36.1,35.8,47.7,35.8,36,35.5,35.8,36,35.6,32.3,33.2
0.0000324,35.8,35.8,35.7,35.7,35.9,36,35.7,35.6,35.8,35.7,35.5,47.9,35.5,35.7,35.8,35.7,35.7,35.8,35.4,35.6,35.5,47.7,35.3,35,34.9,35,34.7,34.9,34.8,34.4,34.3,47.9,34.5,34,34.1,34.2,33.8,34.1,33.6,33.69,33.8,47.7,33.79,33.75,33.7,33.69,33.9,34.2,33.9,33.8,34.2,47.8,34.2,34,34.4,33.9,34.1,34.4,34.6,34.4,34.8,47.8,34.9,35.1,35.2,35.1,35.4,35.3,35.2,35.1,35.6,47.8,35.8,35.7,35.5,35.5,35.4,35.5,35.8,35.6,35.8,47.8,35.7,35.8,35.8,35.9,35.8,35.7,35.7,36,35.8,47.8,35.8,35.7,35.5,35.8,35.9,35.7,32.6,33.3
0.0000326,36,35.7,35.9,35.7,36,35.8,35.7,35.5,35.9,35.6,35.5,47.7,35.5,35.6,35.6,35.8,35.4,35.7,35.4,35.5,35.6,47.8,35.3,35.1,35.1,35,34.8,34.8,34.8,34.5,34.3,47.9,34.7,34.2,33.9,34,33.9,34,33.6,33.79,33.8,47.8,33.79,33.85,33.69,33.7,33.8,34.1,33.9,33.8,34.4,47.8,34.2,34,34.4,33.7,34.4,34.3,34.8,34.3,34.8,47.9,34.9,35,35.3,35.2,35.5,35.2,35.3,35.1,35.6,47.8,35.9,35.5,35.5,35.7,35.4,35.5,35.9,35.7,35.6,47.7,35.7,35.7,35.7,35.8,35.9,35.8,35.6,35.9,35.8,47.9,35.6,35.7,35.6,35.7,35.9,35.7,32.9,33.4
0.0000328,36,35.7,35.7,35.7,35.9,35.7,35.7,35.4,35.9,35.8,35.7,47.9,35.5,35.7,35.6,35.8,35.5,35.7,35.5,35.7,35.5,47.8,35.3,35,35.3,35.1,34.8,34.8,34.9,34.6,34.4,47.8,34.6,34.2,33.9,34,33.9,34.1,33.69,33.8,33.8,47.7,33.8,33.79,33.7,33.7,33.79,34.1,33.9,33.8,34.2,47.8,34.5,34,34.5,34.1,34.2,34.3,34.7,34.3,34.8,47.8,34.9,35,35.2,35.2,35.6,35.3,35.4,35.2,35.6,47.9,35.8,35.6,35.5,35.7,35.4,35.5,35.9,35.6,35.6,47.9,35.9,35.8,35.8,35.8,35.9,35.8,35.5,35.7,35.8,47.7,35.7,35.7,35.9,35.7,35.7,35.8,33.3,33.5
0.000033,36.2,35.7,35.7,35.7,35.7,35.7,35.7,35.4,35.8,35.7,35.7,47.9,35.6,35.7,35.7,35.9,35.4,35.8,35.6,35.7,35.5,47.9,35.3,34.9,35.3,35,34.9,34.8,34.9,34.6,34.5,47.7,34.6,34.1,33.9,33.9,33.9,34.1,33.79,33.9,33.8,47.7,33.8,33.75,33.7,33.8,33.7,34.1,33.9,33.9,34.3,47.8,34.5,34,34.4,34.1,34.2,34.1,34.7,34.2,34.7,47.8,35,34.9,35.1,35.3,35.3,35.2,35.4,35.2,35.6,47.8,35.8,35.6,35.6,35.8,35.4,35.6,35.8,35.7,35.6,47.8,35.9,35.7,35.8,35.8,35.9,35.8,35.6,35.6,35.8,47.8,35.8,35.6,35.9,35.8,35.7,35.8,33.5,33.8
0.0000332,36.2,35.8,35.8,35.7,35.8,35.6,36,35.5,35.7,35.7,36,47.8,35.5,35.8,35.6,35.8,35.5,35.9,35.9,35.6,35.7,47.8,35.3,35,35.5,34.9,34.9,34.7,34.8,34.8,34.5,47.9,34.3,34.3,33.9,33.9,33.9,34.1,34,33.9,33.8,47.8,33.79,33.7,34,33.9,33.9,33.9,33.9,33.9,34.2,47.7,34.3,34.2,34.3,34.3,34.3,34,34.6,34.2,34.8,47.8,35,34.8,35.2,35.2,35.3,35.2,35.3,35.3,35.3,47.7,35.7,35.6,35.6,35.8,35.4,35.8,35.7,35.8,35.6,47.7,35.9,35.8,35.8,35.7,35.9,35.9,35.7,35.6,35.8,47.7,35.8,35.7,36.1,35.8,35.8,35.9,33.8,34
0.0000334,36.3,35.9,35.8,35.8,35.8,35.7,36,35.6,35.6,35.8,36,47.8,35.6,35.8,35.8,35.7,35.5,35.9,35.9,35.5,35.5,47.7,35.3,35.1,35.2,34.9,34.8,34.8,34.8,34.8,34.6,47.7,34.2,34.3,34,33.9,33.9,34.2,34,34,33.8,47.8,33.8,33.79,33.9,34,33.8,33.7,33.9,33.9,34.1,47.8,34.1,34.3,34.3,34.3,34.2,34.1,34.5,34.5,34.6,47.9,35,34.8,35,35.1,35.2,35.2,35.4,35.4,35.3,47.8,35.7,35.4,35.6,35.8,35.6,35.8,35.6,35.7,35.7,47.7,35.9,35.8,35.8,35.8,36,35.8,35.9,35.5,35.8,47.8,35.7,35.7,36,35.8,35.8,36.1,34,34.2
0.0000336,36.2,36,35.7,35.8,35.7,35.7,36,35.8,35.5,35.8,36,47.8,35.6,35.8,35.7,35.6,35.7,35.8,36,35.7,35.5,47.9,35.3,35.2,35.3,35,35,34.9,34.7,34.8,34.6,47.8,34.1,34.2,34,33.9,33.8,34.2,34,34.2,33.9,47.7,33.9,33.79,34.1,33.8,33.7,33.65,33.9,34.1,33.9,47.9,34.1,34.4,34.2,34.5,34.3,34,34.5,34.6,34.5,47.7,35,34.8,34.9,35,35.1,35.3,35.3,35.4,35.2,47.9,35.5,35.5,35.7,35.7,35.7,35.9,35.6,35.7,35.6,47.7,35.9,36,35.9,35.9,35.9,36.1,36,35.4,35.8,47.8,35.7,35.7,36,35.8,35.9,36.1,34.1,34.5
0.0000338,35.8,36.1,35.7,35.8,35.7,35.9,36.1,35.9,35.5,35.9,36.1,47.7,35.7,35.6,35.8,35.5,35.8,35.7,35.9,35.5,35.4,47.7,35.3,35.3,35.2,35,34.9,35,34.7,34.8,34.6,47.8,34,34.2,34.1,33.9,33.8,34.2,34.1,34.1,33.9,47.8,33.8,33.9,34,33.8,33.9,33.65,33.9,34,33.9,47.8,33.9,34.2,34.1,34.5,34.3,34.3,34.4,34.8,34.4,47.7,34.9,34.9,35.1,35,35.1,35.2,35.4,35.4,35.1,47.7,35.4,35.6,35.7,35.6,35.8,35.9,35.5,35.6,35.7,48,35.9,36.1,35.9,35.8,35.9,35.9,36,35.7,35.9,47.8,35.8,35.8,36,35.8,35.9,36,34.2,34.7
0.000034,35.8,36.2,35.7,35.8,35.7,35.8,35.8,36,35.5,35.9,35.9,47.7,35.7,35.6,35.9,35.6,35.7,35.6,35.7,35.6,35.5,47.8,35.3,35.5,35.1,34.9,35,35.2,34.6,34.8,34.6,47.8,34,34.2,34,34.2,33.8,34.1,34,34,34,47.8,33.79,33.79,34,33.8,33.8,33.5,33.9,34.1,33.9,47.7,33.8,34.5,34.1,34.5,34.3,34.3,34.4,34.8,34.4,47.8,35,35,34.9,34.8,34.9,35.3,35.2,35.4,35.1,47.8,35.4,35.6,35.6,35.6,35.8,35.9,35.5,35.6,35.9,47.8,35.8,36.2,35.7,35.9,35.9,36,36.1,35.7,35.8,47.7,35.9,35.9,35.9,35.7,35.9,35.9,34.3,34.9
0.0000342,35.7,36.1,35.9,35.9,35.8,35.7,35.8,36,35.5,35.8,35.8,47.9,35.9,35.6,35.8,35.5,35.7,35.6,35.5,35.6,35.4,47.7,35.3,35.4,34.9,35,35,35.2,34.6,34.8,34.5,47.8,34.1,34.2,34.1,34.2,33.8,34,34,33.9,34,47.7,33.79,33.79,33.9,33.9,33.8,33.59,34,34,33.9,47.7,33.9,34.2,34.1,34.4,34.4,34.5,34.5,34.9,34.4,47.8,35,35,34.9,34.9,35,35.3,35.1,35.5,34.9,47.8,35.4,35.6,35.6,35.7,35.8,35.9,35.5,35.6,35.9,47.7,35.6,36.1,35.9,35.8,35.7,35.8,35.9,35.8,35.9,47.8,35.9,36.1,35.8,35.8,35.9,35.9,34.5,35
0.0000344,35.7,36.1,35.9,35.8,35.7,35.7,35.7,36,35.7,35.9,35.7,47.8,35.8,35.6,35.8,35.6,35.7,35.6,35.4,35.7,35.5,47.9,35.3,35.4,34.9,34.9,35,35.1,34.6,34.8,34.4,47.9,34.1,34.1,34,34.3,33.8,34.1,34,33.79,34.1,47.7,33.75,33.79,33.9,34,33.9,33.69,33.9,34,33.9,47.7,34,34.1,34.1,34.3,34.3,34.3,34.5,35,34.5,47.8,34.9,35.1,34.9,34.8,34.9,35.2,35.1,35.4,35.2,47.7,35.4,35.6,35.6,35.7,35.8,35.9,35.6,35.6,35.9,47.7,35.5,36,35.9,35.8,35.6,35.8,35.8,36.1,35.8,47.8,35.9,36.1,35.5,35.9,35.8,35.8,34.4,35.1
0.0000346,35.9,35.9,35.9,35.7,35.7,35.7,35.6,35.8,35.9,35.9,35.6,47.7,35.8,35.6,35.8,35.6,35.6,35.5,35.4,35.7,35.5,47.7,35.3,35.3,35,35,35,35.1,34.7,34.7,34.5,47.7,34.1,34.3,34,34.2,33.7,34.1,33.79,33.6,34.1,47.7,33.65,33.79,34,33.9,33.8,33.8,33.8,34,33.9,47.7,34.1,34,34.2,34.2,34.3,34.2,34.5,34.8,34.6,47.9,34.9,35.2,35.1,35,35,35.2,35.1,35.4,35.2,47.8,35.4,35.6,35.5,35.7,35.7,35.7,35.7,35.7,35.9,47.8,35.4,36,35.9,35.8,35.6,35.7,35.9,36,35.8,47.8,35.9,36,35.6,35.7,35.7,35.7,34.6,35.2
0.0000348,35.9,35.8,35.9,35.8,35.7,35.7,35.6,35.6,35.9,35.7,35.6,47.8,35.8,35.6,35.8,35.6,35.6,35.5,35.3,35.8,35.5,47.9,35.3,35.3,35.3,35.1,35,35.1,34.6,34.7,34.4,47.7,34.1,34.2,34,34.2,33.8,34.1,33.69,33.65,34,47.8,33.65,33.8,33.9,33.9,33.7,34,33.9,33.9,33.9,47.7,34.2,33.9,34.2,34.1,34.3,34.1,34.6,34.7,34.7,47.9,35,35.1,35,35.2,35.1,35.4,35.1,35.4,35.3,47.8,35.5,35.6,35.6,35.7,35.7,35.6,35.8,35.7,35.8,47.7,35.3,35.8,35.9,35.7,35.5,35.7,35.7,36,35.7,47.8,35.8,35.8,35.5,35.9,35.7,35.7,34.8,35.2
0.000035,36.1,35.8,36,35.8,35.6,35.9,35.5,35.4,35.9,35.6,35.6,47.7,35.8,35.7,35.7,35.5,35.4,35.5,35.4,35.8,35.4,47.7,35.4,35.2,35.4,35.1,35,34.8,34.6,34.4,34.3,47.9,34.3,34.1,34,33.9,34,34.1,33.7,33.5,34,47.8,33.65,33.8,34.1,34,33.6,34.1,34,33.9,34.1,47.7,34.5,33.8,34.3,34.1,34.4,34.1,34.7,34.6,34.8,47.8,34.9,35,34.9,35.2,35.1,35.5,35.2,35.3,35.5,47.7,35.4,35.6,35.6,35.8,35.7,35.5,35.8,35.8,35.8,47.7,35.5,35.6,35.9,35.6,35.5,35.7,35.9,36,35.6,47.7,35.8,35.7,35.6,35.7,35.8,35.7,34.8,35.3
0.0000352,36,35.6,35.9,35.8,35.6,35.9,35.5,35.3,35.9,35.8,35.8,47.9,35.8,35.8,35.8,35.7,35.2,35.6,35.5,35.7,35.5,47.8,35.3,35,35.3,35.2,35,34.8,34.7,34.4,34.5,48,34.2,34.3,33.9,33.9,34,34.1,33.69,33.75,34,47.9,33.75,34,34,33.9,33.6,34.1,34.1,33.9,34.2,47.8,34.3,33.9,34.1,34.1,34.4,34.2,34.7,34.6,34.8,47.8,34.9,35,35,35.5,35.2,35.5,35.4,35.2,35.7,47.7,35.7,35.6,35.7,35.8,35.6,35.5,35.8,35.8,35.7,47.7,35.4,35.6,35.7,35.7,35.7,35.6,35.7,35.9,35.6,47.7,35.8,35.6,35.7,35.6,35.8,35.7,34.9,35.4
0.0000354,36,35.6,36,35.7,35.7,36,35.7,35.4,35.9,35.7,35.8,47.8,35.7,35.9,35.8,35.8,35.1,35.5,35.5,35.5,35.5,47.7,35.3,35.1,35.2,35.1,35,34.7,34.8,34.4,34.5,47.7,34.2,34.1,33.9,33.8,34.1,34.1,33.7,33.79,34,47.8,33.9,33.9,33.9,33.9,33.8,34.1,34.1,33.9,34.2,47.7,34.2,34,34.2,34.1,34.3,34.1,34.7,34.5,34.8,47.7,34.9,35,35,35.3,35.3,35.5,35.4,35.3,35.8,47.8,35.6,35.6,35.7,35.7,35.4,35.5,35.9,35.8,35.7,47.8,35.6,35.3,36,35.8,35.8,35.7,35.9,35.9,35.5,47.9,35.8,35.6,35.7,35.6,35.9,35.7,35.1,35.5
0.0000356,35.9,35.7,35.9,35.8,35.8,35.9,35.9,35.5,35.7,35.6,35.9,48,35.5,35.9,35.8,35.8,35.4,35.6,35.7,35.6,35.6,47.7,35.4,35,35.1,35.2,34.9,34.7,34.7,34.5,34.6,47.9,34.3,34,34,33.9,34.2,34,33.7,33.9,33.9,47.8,34,33.8,33.8,33.8,34,34.1,34.1,33.9,34.2,47.8,34.2,34.1,34.1,34.3,34.5,34.4,34.8,34.5,34.8,47.8,35,34.9,34.9,35.3,35.3,35.5,35.3,35.2,36,47.8,35.7,35.6,35.6,35.7,35.4,35.5,35.9,35.8,35.7,47.8,35.8,35.5,35.9,35.8,35.9,35.8,36,35.7,35.7,47.7,35.8,35.6,35.9,35.8,35.8,35.8,35.4,35.5
0.0000358,36,35.7,35.9,35.7,35.8,35.8,35.9,35.7,35.7,35.7,36,47.9,35.5,35.9,35.6,35.7,35.4,35.6,35.8,35.7,35.6,47.8,35.5,35.1,34.9,35.1,35,34.7,34.8,34.6,34.6,47.8,34.3,34,34,33.9,34.1,34.1,33.7,34.1,33.9,47.7,34.1,34,33.7,33.9,34,34,34.1,33.9,34.3,47.7,34.2,34.3,34.1,34.2,34.4,34.5,34.6,34.5,34.8,47.9,34.9,35,35,35.3,35.4,35.5,35.4,35.3,36,47.9,35.7,35.6,35.5,35.7,35.5,35.8,35.9,35.9,35.7,47.7,35.8,35.5,35.8,35.8,35.9,35.8,36,35.7,35.8,47.8,35.8,35.7,35.9,35.8,35.9,35.9,35.5,35.8
0.000036,35.9,35.7,35.6,35.8,35.9,35.7,36.1,35.7,35.5,35.8,35.9,47.7,35.5,35.8,35.7,35.9,35.5,35.6,35.8,35.4,35.5,47.9,35.3,35.1,34.9,35.1,34.9,34.7,34.8,34.6,34.5,47.8,34.3,34,34,33.9,34,34,33.8,34.1,34,47.7,34.1,34,33.6,33.9,34,33.9,34.1,33.9,34.2,47.8,34.2,34.3,34.1,34.3,34.4,34.5,34.7,34.6,34.7,47.7,34.9,34.9,34.9,35.3,35.3,35.4,35.4,35.2,35.8,47.9,35.8,35.6,35.6,35.7,35.5,35.9,35.8,35.8,35.7,47.7,36,35.8,35.8,35.8,35.8,35.9,36,35.7,36.1,47.7,35.8,35.8,35.9,35.9,35.7,35.8,35.9,35.8
0.0000362,35.9,35.9,35.3,35.9,35.9,35.7,36.2,35.8,35.6,35.8,35.8,47.8,35.4,35.8,35.7,35.7,35.8,35.6,35.8,35.4,35.5,47.7,35.3,35.1,34.8,35,34.9,34.8,35,34.7,34.6,47.7,34.3,34.1,34,33.9,34,34.1,33.9,34.1,34,47.9,34.2,33.9,33.8,33.8,34.1,33.9,34.1,33.9,34.1,47.7,34.2,34.4,34.2,34.3,34.4,34.7,34.6,34.7,34.5,47.8,35,35,34.9,35.2,35.3,35.3,35.4,35.3,35.6,47.9,35.7,35.5,35.5,35.5,35.7,35.9,35.8,35.7,35.7,47.7,35.9,35.9,35.8,36,35.8,36,36,35.7,36.2,47.8,35.8,35.9,35.9,36,35.8,36,36,35.8
0.0000364,35.9,35.9,35.3,35.8,35.9,35.7,36,36.1,35.7,35.9,35.8,47.8,35.5,35.9,35.6,35.7,35.8,35.7,35.8,35.6,35.4,47.8,35.3,35.3,34.9,34.7,35,35,34.8,34.8,34.6,47.8,34.2,34.1,34.1,34,34,34.2,34,34.1,34,47.7,34.2,34,33.8,33.9,34,33.7,33.9,34,33.9,47.8,34.2,34.4,34.1,34.3,34.2,34.8,34.5,34.8,34.5,47.8,34.9,35.1,34.9,35,35.3,35.2,35.5,35.4,35.4,47.8,35.7,35.6,35.7,35.4,35.8,36,35.6,35.8,35.7,47.8,35.9,36,35.8,35.9,35.9,36.2,36,35.7,36.3,47.8,35.9,35.8,35.9,35.9,35.8,35.9,36,36
0.0000366,35.8,36,35.3,35.9,35.8,35.7,35.9,36.2,35.7,35.9,35.7,47.8,35.6,35.6,35.6,35.7,35.8,35.7,35.8,35.5,35.5,47.7,35.2,35.4,34.9,34.6,34.9,35.2,34.8,34.9,34.6,47.9,34.2,34.3,34.1,34,33.9,34.1,33.9,34.1,34,47.7,34,33.9,33.9,34,34,33.7,33.8,34.2,34.1,47.8,34.2,34.4,34.1,34.1,34.3,34.7,34.5,35,34.5,47.8,35,35.1,34.9,34.9,35.3,35.2,35.4,35.3,35.3,47.8,35.6,35.6,35.7,35.5,35.7,35.9,35.5,35.8,35.8,47.8,35.8,36,35.8,35.8,35.7,36.2,36.1,35.7,36.2,47.8,35.8,36,35.8,36,35.8,36.1,36.1,36
0.0000368,36,35.9,35.4,35.7,35.9,35.7,35.8,36,35.8,35.9,35.8,47.7,35.8,35.6,35.6,35.7,35.9,35.7,35.5,35.6,35.5,47.7,35,35.4,35.1,34.6,35,35.1,34.5,34.8,34.5,47.8,34.2,34.4,34.2,34.2,33.8,34.1,33.9,34,34.1,47.7,33.8,33.9,34.2,34,34,33.7,33.6,34,33.9,47.7,34.2,34.2,34.2,34.1,34.3,34.8,34.5,35.1,34.5,47.7,35,35.3,35,35.1,35.3,35.1,35.6,35.4,35.3,47.9,35.4,35.7,35.8,35.6,35.8,35.9,35.5,35.8,35.9,47.8,35.7,35.8,35.9,35.8,35.8,35.9,36,35.7,36.1,47.8,35.9,36,35.9,36,35.8,36,36.1,36.2
0.000037,36,36,35.5,35.7,35.8,35.7,35.7,36,35.7,35.9,35.8,47.8,35.9,35.6,35.6,35.7,35.8,35.6,35.4,35.7,35.5,47.8,35.1,35.4,35.1,34.7,35,35.1,34.5,34.8,34.6,47.7,34.2,34.5,34.2,34.3,33.8,34,34.1,33.9,34.1,47.9,33.8,34,34.2,34,34,33.8,33.7,34,34,48,34.1,34.2,34.2,34.1,34.1,34.6,34.5,35.3,34.5,47.8,34.9,35.1,35.2,35.2,35.4,35.2,35.4,35.3,35.3,47.9,35.4,35.6,35.9,35.7,35.8,35.7,35.5,35.8,35.9,47.7,35.6,35.7,35.8,35.8,35.7,35.8,36,35.7,36.1,47.8,35.9,35.9,35.8,36,35.8,35.9,35.9,36.2
0.0000372,36,36,35.4,35.8,35.8,35.9,35.7,35.9,35.7,35.9,35.8,47.8,36,35.7,35.6,35.6,35.7,35.7,35.4,35.8,35.5,47.7,35.2,35.4,35.3,34.8,35.1,35.1,34.6,34.5,34.5,47.9,34.1,34.4,34.2,34.4,33.8,34,33.9,33.9,34.2,47.7,33.8,34,34.3,33.9,34,34,33.7,34,33.9,47.8,34,34.1,34.5,34.1,34.1,34.5,34.5,35.3,34.7,47.8,34.9,35.2,35.2,35.2,35.4,35.2,35.4,35.3,35.2,47.8,35.2,35.6,35.7,35.6,35.8,35.5,35.4,35.8,35.9,47.8,35.5,35.6,35.8,35.8,35.7,35.6,36,35.8,35.8,47.8,35.9,36.1,35.7,35.9,35.8,36,35.8,36.3
0.0000374,35.8,35.8,35.6,35.7,35.7,35.8,35.7,35.8,35.8,35.9,35.7,47.7,35.9,35.8,35.8,35.7,35.7,35.7,35.4,35.6,35.6,47.7,35.3,35.3,35.4,34.9,35.1,35.1,34.6,34.6,34.6,47.8,34.2,34.4,34.2,34.4,33.9,34,33.9,33.7,34,47.8,33.8,34,34.3,34,34.1,34,33.8,33.9,33.9,47.7,34,34,34.5,34.1,34,34.6,34.5,35.4,34.6,47.7,34.9,35.1,35.2,35.3,35.3,35.2,35.4,35.4,35.3,47.8,35.2,35.5,35.7,35.7,35.7,35.5,35.5,35.9,35.9,47.8,35.5,35.4,35.8,35.7,35.7,35.4,35.9,35.9,35.8,47.8,35.7,36,35.6,35.9,35.8,35.8,35.7,36.4
0.0000376,35.8,35.8,35.4,35.8,35.8,36,35.7,35.8,35.9,35.9,35.7,47.7,35.9,35.9,35.7,35.7,35.4,35.6,35.5,35.5,35.7,47.8,35.4,35.3,35.5,35.1,35,34.9,34.6,34.5,34.5,47.8,34.2,34.2,34.2,34.3,33.9,34.1,33.8,33.7,34,47.7,33.69,34,34.1,34,34,34.1,33.9,33.9,34,47.7,34.1,34.1,34.5,34.1,34.2,34.5,34.6,35.2,34.7,47.8,34.9,35,35.1,35.4,35.3,35.2,35.4,35.4,35.3,47.9,35.1,35.5,35.7,35.9,35.7,35.3,35.5,35.7,36,47.8,35.6,35.4,35.8,35.7,35.7,35.6,35.9,36,35.8,47.8,35.8,35.9,35.6,35.8,36,35.8,35.7,36.5
0.0000378,35.8,35.8,35.4,35.9,35.7,36,35.7,35.5,35.9,35.9,35.6,47.7,35.9,35.9,35.6,35.6,35.3,35.4,35.5,35.5,35.7,47.7,35.5,35.1,35.4,35.2,35.1,34.8,34.7,34.5,34.6,47.7,34.5,34.1,34.2,34.2,33.8,34,33.9,33.9,34,47.7,33.89,33.9,34,33.9,34.3,34.1,34.1,33.9,34.1,47.7,34,34,34.5,34.4,34.4,34.5,34.6,34.9,34.8,47.8,34.9,35,35.2,35.6,35.3,35.5,35.4,35.3,35.2,47.9,35.2,35.5,35.5,35.9,35.7,35.5,35.9,35.6,35.9,47.7,35.6,35.4,35.8,35.7,35.6,35.6,36,35.9,35.8,47.7,35.7,36,35.6,35.6,36,35.7,35.7,36.4
0.000038,35.8,35.8,35.5,35.8,35.7,35.9,35.7,35.5,35.7,35.7,35.7,47.9,35.7,35.9,35.9,35.7,35.5,35.5,35.8,35.4,35.8,47.8,35.7,35.2,35.3,35.2,35,34.8,35,34.5,34.5,47.9,34.5,34,34.1,34.1,34.1,34,34,33.9,33.9,47.7,33.9,34,34,34,34.2,34.1,34.1,33.9,34.2,47.7,34.2,34.2,34.4,34.5,34.5,34.5,34.5,34.6,34.8,47.8,34.9,35,35.2,35.4,35.2,35.5,35.4,35.2,35.3,47.7,35.4,35.6,35.5,35.8,35.7,35.3,35.9,35.5,35.9,47.9,35.6,35.5,36,35.7,35.8,35.6,35.9,35.8,35.8,47.8,35.7,35.9,35.5,35.6,35.9,35.7,35.8,36.5
0.0000382,35.8,35.7,35.7,35.8,35.7,36,35.8,35.5,35.8,35.8,35.7,47.7,35.5,35.8,35.7,35.7,35.4,35.4,35.7,35.4,35.6,47.7,35.5,35.1,35.3,35.2,35,34.7,35.2,34.7,34.4,47.8,34.5,33.9,34.2,33.9,34.4,34,34,34,33.9,47.8,33.9,33.9,33.8,34,34.1,34.1,34,34,34.2,47.7,34.2,34.1,34.2,34.5,34.5,34.5,34.5,34.4,34.8,47.7,35,35,35,35.4,35.1,35.5,35.4,35.3,35.3,47.7,35.6,35.6,35.5,35.7,35.7,35.5,36,35.5,35.8,47.8,35.8,35.8,35.9,35.7,35.8,35.8,35.9,35.9,35.7,47.9,35.7,35.9,35.5,35.7,35.9,35.7,36,36.3
0.0000384,35.8,35.7,35.8,35.7,35.8,35.9,35.7,35.6,35.7,35.7,35.8,47.8,35.5,35.7,35.8,35.8,35.4,35.4,35.8,35.4,35.4,47.7,35.5,35.2,35.1,35.2,35.1,34.8,35.1,34.8,34.6,47.9,34.5,33.7,34.1,33.9,34.5,33.8,34.1,34,33.9,47.7,34,34,33.8,34,34,34.1,34.1,34.3,34.2,47.8,34.4,34.2,34.2,34.5,34.5,34.5,34.7,34.3,34.7,47.8,34.9,35,34.9,35.1,35.1,35.5,35.4,35.3,35.2,47.7,35.7,35.7,35.5,35.7,35.7,35.5,35.9,35.4,35.8,47.7,35.7,35.8,35.8,35.7,35.7,35.8,35.9,35.7,35.7,47.7,35.5,35.7,35.7,35.6,35.9,35.9,36.1,36.4
0.0000386,35.8,35.6,35.9,35.8,35.8,35.6,35.8,35.6,35.7,35.5,35.7,47.9,35.5,35.6,35.8,35.7,35.6,35.5,35.6,35.5,35.3,47.7,35.3,35.3,35.3,35.2,35,34.8,35.1,34.8,34.5,47.7,34.5,33.8,34.1,33.9,34.5,33.9,34.2,34.1,33.9,47.7,34,33.9,33.8,33.9,34,34.1,34,34.3,34.1,47.8,34.3,34.3,34,34.5,34.6,34.5,34.7,34.3,34.8,47.8,35,35,35,35,35,35.4,35.4,35.3,35.2,47.7,35.7,35.7,35.6,35.6,35.7,35.6,35.9,35.5,35.7,47.8,35.8,35.9,35.7,35.7,35.8,35.8,35.9,35.8,35.7,47.8,35.5,35.8,35.7,35.6,35.7,36,36.4,36.3
0.0000388,35.8,35.6,36,35.9,35.7,35.7,35.8,35.7,35.8,35.6,36,48,35.5,35.6,35.8,35.7,35.7,35.7,35.7,35.6,35.2,47.9,35.3,35.3,35.3,35,34.8,34.8,35.1,34.8,34.6,47.8,34.4,34,34.2,33.9,34.5,33.8,34.1,34.1,34.2,47.9,34.1,34,33.7,34,34,34.1,34.2,34.4,34.1,47.7,34.2,34.3,34,34.3,34.5,34.4,34.6,34.4,34.6,47.8,34.9,34.9,34.9,34.8,35.1,35.3,35.3,35.4,35.3,47.7,35.8,35.6,35.7,35.6,35.7,35.5,35.8,35.6,35.7,47.7,35.9,36,35.7,35.7,35.8,35.8,35.9,35.7,35.5,47.7,35.7,35.7,35.8,35.7,35.8,35.9,36.6,36.4
0.000039,35.9,35.6,36.2,35.8,35.8,35.7,35.8,35.7,35.7,35.6,36,47.9,35.6,35.3,35.9,35.6,35.7,35.7,35.6,35.6,35.1,47.8,35.3,35.3,35.3,35,34.8,34.8,35,34.8,34.5,47.8,34.3,34.2,34.2,33.9,34.4,33.8,34.1,34.1,34.3,47.7,34.1,34.1,33.8,34.1,34,33.9,34.1,34.2,34.1,47.8,34.2,34.3,34.1,34.3,34.4,34.5,34.6,34.5,34.7,47.8,34.9,34.9,34.9,34.9,35.3,35.2,35.3,35.3,35.4,47.7,35.7,35.7,35.9,35.6,35.7,35.5,35.7,35.8,35.7,47.9,35.8,36,35.7,35.8,35.9,35.9,35.9,35.7,35.4,47.7,35.7,35.9,35.9,35.7,35.7,35.8,36.9,36.4
0.0000392,35.9,35.6,36.2,35.7,35.8,35.7,35.9,35.9,35.7,35.5,35.7,47.8,35.5,35.1,35.8,35.7,35.7,35.8,35.6,35.6,35.2,47.8,35.1,35.3,35.4,34.9,34.6,35,34.9,34.8,34.6,47.8,34.2,34.3,34.2,34.1,34.2,34,34.1,34.1,34.2,47.7,34,34.1,34,34.1,34,34,33.8,34.2,34,47.7,34.1,34.3,34.2,34.1,34.3,34.4,34.5,34.7,34.6,47.7,34.9,35,34.9,34.9,35.3,35.3,35.4,35.3,35.3,47.7,35.8,35.7,35.8,35.6,35.7,35.7,35.5,35.9,35.7,47.8,35.7,36,35.7,35.6,35.8,35.9,36,35.7,35.4,47.8,35.8,35.8,36,35.8,35.7,35.8,36.7,36.5
0.0000394,35.9,35.8,36.1,35.8,35.9,35.9,35.9,36,35.7,35.5,36,47.7,35.8,35.3,35.8,35.5,35.7,35.7,35.6,35.7,35.4,47.8,35.2,35.3,35.5,34.7,34.8,35,34.7,34.5,34.5,47.7,34.3,34.4,34.2,34.1,34.1,34,34,34.1,34.5,47.8,33.9,34,34,34,34.1,33.9,33.6,34.1,34.1,47.8,34,34.3,34.3,34.1,34.2,34.4,34.5,34.9,34.7,47.8,34.9,35,35,35,35.3,35.2,35.4,35.4,35.4,47.8,35.7,35.7,35.8,35.7,35.7,35.8,35.5,36,35.9,47.8,35.6,35.9,35.7,35.8,35.8,35.9,36,35.8,35.5,47.7,35.8,35.8,36,35.9,35.7,35.9,36.8,36.5
0.0000396,35.8,35.9,35.9,35.7,35.7,36,35.9,36.1,35.7,35.7,36,47.7,35.7,35.4,35.7,35.5,35.7,35.7,35.6,35.6,35.5,47.8,35.1,35.3,35.5,34.7,34.8,35,34.6,34.5,34.6,47.8,34.3,34.4,34.2,34,34,34.2,33.9,34,34.3,47.8,33.9,34,34.2,34,34,33.9,33.6,33.9,34,47.8,34.2,34.3,34.5,34.2,34.1,34.5,34.5,35.2,34.6,47.9,35,34.9,35.1,35.1,35.6,35.2,35.5,35.4,35.3,47.8,35.6,35.7,35.9,35.6,35.8,35.8,35.5,36.1,35.8,47.8,35.7,35.8,35.7,35.8,35.7,36,36,35.7,35.6,47.7,36,35.8,36.1,35.9,35.7,35.9,36.7,36.7
0.0000398,35.9,36,35.9,35.8,35.9,36.1,35.9,36.1,35.7,35.7,35.8,47.8,35.7,35.7,35.7,35.6,35.7,35.7,35.7,35.7,35.6,47.7,35.2,35.3,35.3,34.7,34.7,34.9,34.6,34.5,34.7,47.8,34.5,34.5,34,34.1,34,34.4,33.7,33.9,34.1,47.8,33.9,33.9,34.2,33.9,34,34,33.7,33.9,34,47.8,34.1,34.2,34.5,34.3,34.2,34.4,34.5,35.1,34.7,47.8,34.9,34.9,35.2,35.2,35.3,35.2,35.7,35.5,35.3,47.8,35.5,35.7,35.6,35.6,35.7,35.8,35.5,36,35.8,47.7,35.7,35.7,35.7,35.6,35.8,35.9,36,35.7,35.7,47.7,36.2,36,36.1,35.9,35.8,35.9,36.7,36.7
0.00004,36,36.1,35.6,35.7,35.8,36.1,35.7,36,35.7,35.7,35.8,47.9,35.9,35.9,35.6,35.5,35.6,35.5,35.7,35.5,35.5,47.7,35.2,35.4,35.3,34.7,34.9,35,34.6,34.3,34.6,47.9,34.4,34.4,34.1,34.1,33.8,34.5,33.7,34,34.1,47.8,33.9,33.69,34.3,33.9,34,34.1,33.8,33.9,34.2,47.8,34.1,34.3,34.5,34.4,34.2,34.3,34.5,35.1,34.6,47.9,34.9,35,35.2,35.2,35.5,35.2,35.8,35.4,35.4,47.7,35.4,35.5,35.7,35.6,35.7,35.8,35.5,35.9,35.8,47.7,35.8,35.8,35.7,35.9,35.6,35.8,36,35.8,35.8,47.7,36.1,36,36,35.9,35.7,35.8,36.6,36.7
0.0000402,36,36.1,35.6,35.7,35.8,36.1,35.7,36,35.6,35.8,35.7,47.8,35.8,36.1,35.4,35.6,35.6,35.5,35.6,35.5,35.6,47.7,35.5,35.4,35.2,34.9,35,35,34.7,34.3,34.5,47.9,34.5,34.4,34.1,34,33.8,34.2,33.8,33.8,34,47.7,33.9,33.9,34.2,33.9,34,34,33.8,33.9,34,47.8,34.1,34.3,34.5,34.5,34.2,34.4,34.5,35.1,34.6,47.9,34.9,35,35.2,35.2,35.3,35.2,35.8,35.4,35.4,47.7,35.4,35.6,35.5,35.7,35.6,35.8,35.8,35.6,35.7,47.8,35.9,35.8,35.7,35.8,35.7,35.8,35.9,35.8,36,47.8,36.1,36.1,36,35.9,35.8,35.8,36.5,36.8
0.0000404,35.9,36.1,35.8,35.8,35.5,36.2,35.7,35.9,35.7,35.9,35.8,47.7,35.8,36.2,35.4,35.7,35.4,35.2,35.5,35.6,35.5,47.7,35.4,35.3,35.1,35,35,34.8,34.8,34.5,34.6,47.8,34.5,34.2,34.2,34,34,34.1,33.9,33.8,34,47.8,33.9,33.8,34,34.1,34.1,34.1,33.9,34,34,47.7,34.2,34.5,34.5,34.7,34.3,34.3,34.5,35.1,34.6,47.9,34.9,35.1,35.1,35.2,35.3,35.3,35.8,35.3,35.4,47.8,35.4,35.5,35.5,35.8,35.4,35.7,35.7,35.5,35.9,47.9,35.9,35.7,35.7,35.8,35.8,35.7,36,35.9,36.1,47.7,36,36.1,35.9,35.9,36.1,35.7,36.4,36.8
0.0000406,35.8,36.1,35.9,35.8,35.6,36,35.7,35.6,35.7,35.7,35.8,47.7,35.7,36.1,35.4,35.8,35.4,35.2,35.6,35.5,35.5,47.8,35.4,35.3,35.1,35.2,35,34.8,34.9,34.5,34.5,47.8,34.5,34.2,34.2,34.1,34.1,34,34,33.7,33.9,47.7,33.9,33.9,34.1,34.2,34,34,34.1,34,34,47.8,34.2,34.5,34.4,34.8,34.4,34.5,34.5,34.7,34.7,47.8,35,35,35.1,35.3,35.2,35.4,35.7,35.2,35.5,47.8,35.4,35.5,35.5,35.7,35.3,35.7,35.8,35.6,35.9,47.8,35.6,35.6,35.7,35.8,35.6,35.7,36,35.8,36.1,47.7,35.8,36,35.7,35.6,36,35.7,36.5,36.8
0.0000408,35.9,35.9,36,35.9,35.7,35.8,35.6,35.4,35.7,35.6,35.6,47.8,35.8,35.8,35.6,35.7,35.5,35,35.5,35.5,35.3,47.8,35.5,35.1,35,35.2,35,34.8,35,34.5,34.4,47.8,34.3,34.2,34.2,34.1,34.2,33.9,34.1,33.8,33.9,47.8,33.9,34.1,34,34.2,34,34.1,34,34.1,34,47.8,34.2,34.4,34.4,34.5,34.5,34.4,34.5,34.7,34.8,47.8,34.9,35,35.1,35.3,35.1,35.5,35.4,35.3,35.5,47.9,35.6,35.5,35.3,35.7,35.4,35.8,36,35.8,35.7,47.7,35.7,35.6,35.8,35.8,35.7,35.6,35.9,35.7,36.1,47.8,35.7,36,35.8,35.7,36.1,35.8,36.6,36.8
0.000041,35.9,35.8,36,35.9,35.7,35.7,35.7,35.3,35.8,35.6,35.6,47.8,35.5,35.7,35.8,35.7,35.6,35.2,35.5,35.6,35.3,47.7,35.4,35.2,35.1,35.3,35.1,34.8,35,34.5,34.5,47.7,34.4,34.2,34.2,34.2,34.2,33.7,34.1,33.8,34.1,47.9,33.9,34.2,34.2,34.2,34,34.2,34.2,34.2,34.1,47.9,34.2,34.5,34.3,34.5,34.5,34.4,34.6,34.4,34.8,47.8,35,35,35.2,35.2,35.2,35.6,35.3,35.3,35.6,47.7,35.7,35.5,35.5,35.7,35.4,35.7,35.9,36,35.7,47.8,35.7,35.7,35.8,35.8,35.8,35.7,35.9,35.7,35.9,47.8,35.8,35.7,35.6,35.5,36.2,35.8,36.6,36.7
0.0000412,35.9,35.6,36.1,35.9,35.8,35.6,35.7,35.4,35.7,35.5,35.8,47.8,35.6,35.6,35.9,35.8,35.4,35.3,35.5,35.5,35.3,47.7,35.4,35.2,35,35.2,35.1,34.9,34.9,34.5,34.4,47.9,34.4,34.2,34.2,34.1,34.2,33.9,34.2,33.8,34,47.7,33.9,34.1,34.1,34.2,34,34.1,34.2,34.3,34,47.7,34.2,34.3,34.2,34.5,34.5,34.5,34.7,34.4,34.8,47.7,34.9,35,35.1,35.2,35.2,35.7,35.1,35.5,35.6,47.7,35.7,35.6,35.5,35.7,35.4,35.7,35.9,36,35.7,47.8,35.6,35.8,36,35.6,35.9,35.7,35.9,35.8,35.7,47.7,35.7,35.7,35.6,35.5,36.1,35.8,36.8,36.7
0.0000414,35.8,35.6,36.1,36,35.8,35.6,35.8,35.5,35.7,35.3,35.8,47.8,35.6,35.6,35.9,35.8,35.5,35.5,35.6,35.5,35.4,47.8,35.4,35.1,35.1,35.2,35.2,34.9,35,34.7,34.6,47.8,34.3,34.3,34.1,34,34.5,34,34.2,33.9,34.4,47.8,34,34.1,34,34.3,34,34.1,34.3,34.2,34,47.7,34.1,34.2,34.1,34.2,34.6,34.4,34.5,34.3,34.8,47.7,34.9,35,34.9,35.1,35.3,35.6,34.9,35.4,35.6,47.7,35.7,35.5,35.5,35.8,35.6,35.8,35.7,36.2,35.9,47.8,35.8,35.8,36,35.6,35.9,35.8,35.9,35.8,35.7,47.7,35.7,35.7,35.6,35.5,36.1,35.9,36.9,36.7
0.0000416,35.9,35.6,36.2,36,35.8,35.6,35.9,35.6,35.7,35.5,35.8,47.8,35.6,35.5,36,35.7,35.6,35.7,35.6,35.5,35.5,47.7,35.4,35.2,34.9,35,35.3,34.9,35,34.7,34.4,47.7,34.3,34.3,34.3,34,34.5,34.1,34.1,34,34.5,47.9,33.8,34,34,34.3,33.9,34,34.2,34.2,34,47.9,34.3,34.2,34.3,34.2,34.5,34.5,34.5,34.4,34.8,47.8,35,34.9,34.9,35,35.3,35.4,34.8,35.4,35.6,47.7,35.7,35.5,35.5,35.7,35.7,35.8,35.6,36.1,35.8,47.7,35.8,35.8,36,35.5,35.9,35.8,35.8,35.8,35.8,47.8,35.8,35.7,35.7,35.6,35.8,35.8,37,36.7
0.0000418,36,35.6,36,35.9,35.9,35.7,36,35.7,35.7,35.6,35.8,47.8,35.6,35.6,36,35.6,35.5,35.7,35.6,35.5,35.6,47.8,35.4,35.1,35,35,35.3,35,35,34.6,34.6,47.8,34.2,34.3,34.2,34,34.2,34.2,34.1,34,34.5,47.8,33.9,34.1,34,34.2,34.1,33.9,34.3,34.3,34,47.9,34.3,34,34.2,34.1,34.5,34.5,34.5,34.5,34.6,47.7,34.9,34.9,34.9,35,35.4,35.3,34.8,35.5,35.5,47.8,35.7,35.7,35.5,35.7,35.7,35.8,35.7,35.9,35.8,47.8,35.8,35.9,35.9,35.5,35.9,35.9,35.9,35.7,35.7,47.8,35.8,35.7,35.8,35.7,35.8,36.1,37.1,36.9
0.000042,35.9,35.7,35.9,35.8,35.8,35.7,36.1,35.8,35.6,35.8,35.8,47.7,35.7,35.7,35.9,35.7,35.7,35.7,35.6,35.6,35.6,47.8,35.3,35.2,34.9,34.9,35.2,35.1,34.8,34.6,34.6,47.7,34.3,34.4,34.2,34,34.3,34.4,34,34.1,34.6,47.7,33.8,34,33.9,34.1,34.2,34,34.2,34.3,34,47.8,34.3,34,34.2,34,34.5,34.5,34.5,34.5,34.7,47.7,35,34.9,34.9,34.9,35.3,35.3,35,35.4,35.5,47,35.7,35.5,35.5,35.6,35.8,35.8,35.7,35.8,35.7,47.8,35.9,35.9,36,35.6,35.9,35.8,35.9,35.8,35.8,48.1,35.9,35.7,35.8,35.8,35.8,36,37,36.8
0.0000422,35.8,35.8,35.9,35.7,35.8,35.9,36,35.8,35.8,36.1,35.8,47.7,35.6,35.7,35.8,35.7,35.6,35.7,35.6,35.5,35.7,47.8,35.4,35.3,34.9,35,35,35.1,34.8,34.7,34.7,48.3,34.4,34.2,34.1,34.1,34.2,34.4,33.8,34.1,34.4,47.7,34,34,33.9,33.9,34.3,34,34.1,34.2,34.1,47.8,34.4,34.1,34.3,34.1,34.3,34.5,34.5,34.6,34.5,47.8,35,35,35.1,35,35.3,35.2,35.2,35.5,35.4,47.8,35.7,35.4,35.6,35.6,35.8,35.8,35.5,35.5,35.7,47.8,36,36.1,35.8,35.7,35.8,35.8,36,35.7,35.8,47.9,36,35.7,35.8,35.7,35.6,35.9,37,36.8
0.0000424,36,35.9,35.7,35.6,35.8,36,36,36,35.8,36.2,35.7,47.8,35.7,35.8,35.6,35.7,35.7,35.7,35.6,35.5,35.7,47.8,35.6,35.4,34.9,34.7,34.7,35,34.8,34.7,34.6,47.9,34.2,34.3,34,34,34.1,34.3,33.8,33.9,34.3,47.9,34,34,33.8,33.9,34.2,33.9,34,34.1,34.3,47.8,34.5,34,34.4,34.1,34.4,34.5,34.4,34.8,34.4,47.8,34.9,35.1,35.2,35,35.3,35.1,35.3,35.4,35.4,47.8,35.7,35.5,35.6,35.6,35.7,35.8,35.6,35.3,35.8,47.7,35.9,36.1,35.7,35.8,35.7,35.8,36,35.8,36,47.7,36.1,35.9,35.8,35.6,35.6,35.8,37,36.8
0.0000426,35.8,36.1,35.6,35.6,35.9,36.1,35.7,35.8,35.7,36.2,35.8,47.9,35.8,35.9,35.6,35.7,35.7,35.5,35.6,35.5,35.6,47.9,35.6,35.3,35.1,34.7,34.6,35.1,34.7,34.8,34.6,47.7,34.3,34.1,34,34.2,34,34.5,33.9,34.1,33.9,47.9,34,34,33.7,33.9,34.4,33.9,33.9,34.1,34.3,47.8,34.3,34.2,34.4,34.1,34.2,34.5,34.5,34.9,34.5,47.7,34.9,35.1,35.2,35.2,35.3,35.2,35.4,35.3,35.4,47.8,35.4,35.5,35.6,35.6,35.7,35.8,35.8,35.3,35.7,47.7,35.9,35.8,35.7,35.9,35.8,35.9,35.9,35.9,36,47.8,36,36.1,35.8,35.5,35.6,35.9,36.9,36.8
0.0000428,35.8,36,35.6,35.5,36,36,35.6,35.9,35.7,36.1,35.7,47.8,35.7,35.7,35.4,35.7,35.7,35.6,35.6,35.7,35.5,47.8,35.6,35.3,35,34.9,34.5,35,34.7,34.8,34.5,47.8,34.3,34.1,33.9,34.1,34,34.3,33.9,33.9,33.9,47.8,34.1,33.9,33.7,33.9,34.3,34.1,33.8,34,34.6,47.8,34.3,34.3,34.4,34.2,34.2,34.4,34.5,34.9,34.5,47.9,34.9,35.1,35.1,35.2,35.3,35,35.5,35.4,35.3,47.7,35.4,35.6,35.6,35.6,35.8,35.7,35.7,35.3,35.7,47.7,35.8,35.9,35.7,36.2,35.7,35.9,35.9,35.7,36.1,47.8,36,36.1,35.8,35.5,35.8,35.7,36.9,36.8
0.000043,35.8,36,35.7,35.5,35.9,36.1,35.5,35.8,35.7,35.9,35.7,47.7,35.8,35.7,35.4,35.7,35.6,35.5,35.6,35.6,35.4,47.8,35.4,35.3,35.2,34.9,34.7,34.8,34.8,34.8,34.5,47.7,34.4,34.1,33.9,34.2,34.1,34.2,33.9,34.1,33.9,47.9,34.1,34,33.8,34,34.2,34,33.8,34.1,34.5,47.8,34.3,34.3,34.4,34.3,34.1,34.6,34.5,34.7,34.6,47.9,34.9,35,35.1,35.2,35.3,35.2,35.3,35.5,35.3,47.8,35.4,35.7,35.6,35.7,35.7,35.6,35.7,35.4,35.8,47.7,35.5,35.7,35.7,36.2,35.6,35.8,36.1,35.9,36.1,47.7,35.8,36.1,35.6,35.8,35.8,35.7,36.9,36.8
0.0000432,35.9,36,35.8,35.5,35.9,36,35.6,35.9,35.8,35.7,35.8,47.9,35.9,35.8,35.4,35.7,35.5,35.3,35.6,35.6,35.4,47.7,35.3,35.2,35.3,35,34.9,34.7,34.9,34.5,34.6,47.8,34.5,34.1,34,34.2,34,34.3,34.1,34.1,34,47.8,34.1,33.9,33.8,34.1,34,34,33.8,34.1,34.5,48,34.1,34.3,34.4,34.4,34.1,34.5,34.5,34.7,34.7,47.8,34.9,35,35.2,35.5,35.2,35.3,35.4,35.3,35.5,47.7,35.4,35.7,35.6,35.7,35.7,35.6,35.8,35.6,35.8,47.7,35.5,35.7,35.7,36.2,35.8,35.7,35.8,35.9,36.1,47.8,35.9,36,35.4,35.8,35.9,35.7,36.8,36.9
0.0000434,35.8,35.9,35.8,35.7,35.9,35.9,35.7,35.7,35.7,35.4,35.7,47.7,35.9,35.8,35.5,35.6,35.5,35.4,35.5,35.6,35.2,47.8,35.2,35.3,35.2,35.1,34.9,34.6,34.9,34.4,34.5,47.8,34.6,34.3,34.2,34.1,34.1,34.1,34.1,34,34.1,48,34.1,34,33.9,34.2,33.9,34,33.9,34,34.4,47.8,34,34.4,34.3,34.4,34.2,34.5,34.5,34.7,34.8,48.4,34.8,35,35.2,35.4,35.3,35.5,35.2,35.4,35.5,47.7,35.4,35.6,35.6,35.7,35.7,35.5,35.6,35.7,35.7,47.8,35.5,35.4,35.7,36,35.7,35.8,35.9,35.8,36.1,47.7,35.8,36.1,35.3,35.7,35.7,35.6,36.8,36.9
0.0000436,35.8,35.9,35.9,35.8,35.6,35.7,35.7,35.7,35.8,35.5,35.8,47.7,35.9,35.8,35.6,35.7,35.5,35.4,35.4,35.5,35.4,47.7,35.1,35.3,35.2,35.2,35,34.8,34.9,34.4,34.7,47.7,34.6,34.5,34.2,34.1,34.1,33.9,34.1,34.1,34.3,47.9,34.1,34.1,34.1,34.1,33.9,33.9,34.1,34,34.2,47.7,33.9,34.3,34.2,34.4,34.4,34.3,34.5,34.5,34.9,47.8,34.9,35,35.1,35.4,35.1,35.6,35.3,35.4,35.6,47.8,35.7,35.7,35.6,35.8,35.7,35.5,35.7,35.7,36,47.7,35.5,35.4,35.8,35.9,35.7,35.8,35.9,35.9,36,47.7,35.8,35.9,35.4,35.8,35.7,35.7,36.9,37
0.0000438,35.8,35.9,36,36,35.5,35.8,35.7,35.6,35.8,35.5,35.7,47.8,35.8,35.7,35.8,35.5,35.6,35.4,35.4,35.5,35.2,47.7,35,35.2,35.2,35.2,35.2,34.8,35.1,34.3,34.7,47.7,34.7,34.5,34.4,34.2,34.1,33.9,34,34.1,34.5,47.7,34,34,34.1,34.3,33.9,34,34.2,34.2,34,47.7,33.9,34.4,34.1,34.5,34.6,34.2,34.5,34.5,34.9,47.8,34.9,35,35.1,35.3,35.1,35.6,35.2,35.4,35.4,47.8,35.5,35.7,35.5,35.7,35.7,35.6,35.7,35.8,35.9,47.8,35.5,35.5,35.9,35.5,35.8,35.8,35.9,35.7,35.9,47.9,35.8,35.8,35.5,35.8,35.4,35.7,36.9,37
0.000044,35.8,35.7,35.9,36,35.4,35.7,36,35.5,35.8,35.7,35.7,47.8,35.7,35.7,36,35.5,35.5,35.4,35.3,35.5,35.5,47.8,35,35.3,35.2,35.2,35.1,34.8,34.9,34.5,34.7,47.8,34.5,34.6,34.4,34.2,34.3,33.6,34.1,34.1,34.6,47.7,34,34.1,34.3,34.3,33.8,34.1,34.2,34.2,34,47.7,33.8,34.3,34.1,34.5,34.6,34.2,34.5,34.4,34.9,47.9,34.9,35,35.1,35.3,35,35.6,35.3,35.4,35.5,47.8,35.6,35.4,35.6,35.6,35.7,35.6,35.8,35.7,35.9,47.7,35.6,35.6,35.9,35.6,35.9,35.8,35.8,35.8,35.9,47.8,35.7,35.7,35.7,35.6,35.4,35.8,36.9,36.8
0.0000442,35.8,35.7,35.7,36,35.4,35.7,36.1,35.6,35.7,35.9,35.6,47.8,35.8,35.7,36.1,35.5,35.7,35.7,35.3,35.5,35.4,47.7,35,35.3,35.2,35.2,35.2,35,34.9,34.7,34.6,47.8,34.4,34.5,34.4,34.2,34.3,33.6,34.1,34.2,34.6,47.7,34,34.2,34.3,34.2,34,34.1,34.3,34.3,33.9,47.8,34,34.3,34.1,34.4,34.7,34.2,34.4,34.4,34.9,47.9,34.9,35,35,35.3,35.3,35.5,35.4,35.4,35.5,47.8,35.7,35.6,35.6,35.6,35.7,35.8,35.8,35.7,36.1,47.7,35.8,35.8,35.8,35.6,35.9,35.9,35.9,35.8,35.9,47.7,35.8,35.7,35.9,35.5,35.4,36,36.9,36.8
0.0000444,35.9,35.8,35.8,36,35.7,35.7,36.3,35.4,35.6,36.1,35.7,47.7,35.7,35.7,36.1,35.5,35.7,35.7,35.3,35.5,35.7,47.8,35.2,35.2,35.2,35.1,35.1,35.1,35,34.8,34.5,47.7,34.4,34.5,34.4,34.1,34.3,33.6,34.1,34.1,34.5,47.9,33.9,34,34.2,34.1,34,34,34.3,34.2,33.9,47.7,34,34.4,34.2,34.4,34.7,34.2,34.5,34.5,34.6,47.9,35.1,35,35,35.1,35.2,35.4,35.4,35.4,35.6,47.7,35.6,35.5,35.6,35.6,35.8,35.7,35.8,35.7,36,47.7,35.9,35.9,35.7,35.8,36,35.9,35.8,35.8,35.9,47.7,35.7,35.6,35.8,35.5,35.4,36.1,36.9,36.6
0.0000446,36,35.8,35.6,35.9,35.7,35.7,36.1,35.6,35.7,36,35.7,47.8,35.6,35.7,36.1,35.6,35.8,35.7,35.6,35.5,35.7,47.9,35.3,35.3,35.2,35,35.1,35.2,34.9,34.7,34.6,47.8,34.1,34.3,34.3,34.2,34.3,33.6,34.1,34,34.6,47.7,33.9,34.1,34.1,34.1,34,34.1,34.3,34.2,34,47.7,34,34.3,34.3,34.4,34.5,34.4,34.6,34.5,34.7,47.8,35.1,35,35,35,35.1,35.3,35.5,35.3,35.6,47.9,35.7,35.6,35.7,35.6,35.7,35.8,35.7,35.5,35.7,47.8,36,36,35.8,35.8,36,36,35.9,35.8,36,47.7,35.8,35.6,36.1,35.5,35.6,36.1,36.9,36.5
0.0000448,36.1,35.8,35.7,35.8,35.8,35.8,36.1,35.8,35.7,36,35.8,47.7,35.7,35.7,36,35.5,35.8,35.7,35.6,35.5,35.6,47.8,36,35.3,35.1,34.9,35,35.3,34.9,34.8,34.6,47.7,34.1,34.1,34.2,34.3,34.3,33.8,34.1,33.9,34.4,47.8,34,34,34.1,34,33.9,34,34.2,34.1,34.2,47.8,34,34.3,34.4,34.4,34.4,34.4,34.7,34.6,34.6,47.7,35.1,35,34.9,35,35.3,35.2,35.6,35.3,35.5,47.9,35.7,35.5,35.8,35.6,35.7,35.7,35.7,35.6,35.8,47.7,36,36.2,35.7,36,35.9,35.8,36,35.7,36,47.9,35.7,35.7,36.1,35.5,35.8,36.1,36.9,36.5
0.000045,36.1,35.8,35.7,35.6,36,35.7,35.9,35.9,35.8,35.9,35.8,47.7,35.5,35.7,36,35.6,35.8,35.7,35.8,35.5,35.6,47.9,36,35.4,35.3,34.9,35,35,34.7,34.8,34.6,47.8,34,33.9,34.2,34.2,34.2,34,34,33.9,34.4,47.7,33.9,34,34,34,33.9,33.9,34,34.2,34.4,47.7,34,34.2,34.5,34.4,34.5,34.6,34.8,34.6,34.3,47.9,35.1,35,35.1,35,35.3,35.1,35.5,35.1,35.5,47.7,35.6,35.7,36,35.6,35.8,35.6,35.7,35.5,35.7,47.8,35.9,36.2,35.7,36.2,35.8,35.9,36,35.9,35.9,47.8,35.9,35.7,36.1,35.6,36,36,37,36.6
0.0000452,36.2,35.9,35.8,35.6,35.9,35.8,35.7,35.9,35.8,35.6,36,47.7,35.6,35.7,35.8,35.7,35.6,35.7,35.8,35.5,35.5,47.8,36,35.3,35.3,34.9,34.8,35,34.8,34.8,34.6,47.8,34.2,34,34,34.1,34.2,34.2,34,33.9,34.1,47.9,34,33.9,33.8,34,33.9,33.9,33.9,34.1,34.3,47.9,33.9,34.2,34.7,34.4,34.4,34.8,34.7,34.7,34.4,47.8,35.1,35,35,35.1,35.3,35.2,35.3,35.1,35.4,47.7,35.6,35.7,36,35.6,35.8,35.6,35.7,35.6,35.7,47.9,36,36.2,35.7,36.2,35.7,35.9,36.1,35.8,35.9,47.7,35.8,35.9,36,35.7,36.2,35.9,36.9,36.6
0.0000454,36.2,36,35.9,35.5,36.1,36,35.7,35.9,35.8,35.5,35.9,47.9,35.8,35.7,35.6,35.9,35.5,35.6,35.8,35.5,35.4,47.8,36,35.3,35.3,35,34.8,34.9,34.7,34.6,34.5,47.8,34.3,34,34,34.2,34.2,34.3,34,33.8,34.1,47.7,34.1,33.9,33.9,34,34,34.1,33.9,34.2,34.6,47.7,34,34.3,34.7,34.4,34.5,34.9,34.8,34.7,34.2,47.8,35.2,35.2,35.1,35.2,35.3,35.2,35.2,35.2,35.4,47.9,35.5,35.6,35.8,35.7,35.8,35.7,35.6,35.5,35.6,47.9,35.8,35.9,35.8,36.2,35.6,35.9,36.2,35.9,35.8,47.9,35.8,36.1,36,35.7,36.2,35.9,37.1,36.7
0.0000456,36.1,35.9,35.9,35.4,36,36,35.7,35.9,35.7,35.3,36,47.8,35.8,35.7,35.5,35.9,35.4,35.5,35.9,35.5,35.2,47.7,36,35.2,35.3,34.9,34.5,34.8,34.8,34.6,34.6,47.7,34.5,34.1,34,34.2,34.1,34.5,34.1,34,34,47.8,34.1,34,34,34,34.1,34.2,33.9,34.2,34.5,47.7,34.1,34.2,34.4,34.5,34.5,34.9,34.7,34.8,34.6,47.7,35,35,35.2,35.3,35.3,35.2,35.1,35.2,35.5,47.7,35.5,35.7,35.8,35.7,35.8,35.7,35.5,35.7,35.5,47.8,35.6,35.8,35.8,36,35.5,35.8,36.1,35.9,35.8,47.7,35.9,36.1,36,35.7,36.1,35.7,36.9,36.6
0.0000458,35.8,35.9,35.9,35.5,35.9,36,35.5,35.9,35.9,35.3,36,47.9,35.7,35.7,35.5,35.9,35.4,35.5,35.8,35.6,35.2,47.8,35.9,35.3,35.3,35,34.5,34.8,34.9,34.7,34.7,47.7,34.6,34,34,34.2,34.2,34.5,34,34,33.9,47.9,34.2,34.1,34.1,33.9,34.1,34,33.8,34.1,34.4,47.7,34.3,34.4,34.4,34.4,34.4,34.6,34.6,34.7,34.6,47.7,35.1,35,35.2,35.3,35.3,35.3,35.1,35.3,35.4,47.9,35.6,35.7,35.5,35.7,35.7,35.8,35.7,35.7,35.6,47.8,35.6,35.8,35.7,36,35.5,35.7,36.2,35.8,35.7,47.7,35.8,36.1,35.9,35.7,36.1,35.7,36.9,36.7
0.000046,35.7,35.9,35.9,35.5,35.8,36,35.7,35.9,35.6,35.4,35.8,47.8,35.8,35.7,35.5,36,35.3,35.5,35.9,35.7,35.2,47.8,35.9,35.3,35.2,35,34.5,34.7,34.9,34.8,34.7,47.8,34.6,34.2,34.1,34.2,34.1,34.4,34,34.1,34,47.7,34.1,34.2,34.1,34,34.3,33.9,33.9,34.1,34.3,47.8,34.4,34.3,34.4,34.4,34.7,34.6,34.5,34.7,34.8,47.7,35.1,34.9,35.1,35.3,35.3,35.4,35.3,35.5,35.3,47.7,35.5,35.7,35.2,35.7,35.8,35.8,35.7,35.7,35.7,47.8,35.5,35.7,35.7,35.7,35.5,35.9,36,35.7,35.7,47.7,35.8,36.1,35.8,35.7,35.8,35.7,36.9,36.7
0.0000462,35.7,35.9,35.8,35.6,35.6,36,35.7,35.9,35.8,35.4,35.8,47.9,35.7,35.7,35.6,35.8,35.4,35.6,35.7,35.5,35.2,47.7,35.7,35.3,35.2,35,34.8,34.8,35,34.8,34.7,47.7,34.7,34.3,34.1,34.2,34.2,34.3,34.1,34.2,34,47.8,34.1,34.2,34.2,34,34.4,34.1,34,34.1,34.4,47.7,34.4,34.4,34.3,34.6,34.8,34.4,34.5,35,34.8,47.8,35.2,35,35.2,35.3,35.3,35.4,35.3,35.5,35.3,47.7,35.5,35.7,35.2,35.7,35.7,35.7,35.7,35.7,35.8,47.7,35.5,35.7,35.8,35.7,35.5,35.7,36.1,35.7,35.8,47.8,35.7,36,35.9,35.6,35.8,35.7,36.9,36.7
0.0000464,35.4,35.8,35.7,35.7,35.8,36,35.8,35.9,35.7,35.4,35.7,47.9,35.7,35.7,35.6,35.7,35.5,35.6,35.5,35.6,35.4,47.8,35.7,35.3,35.2,35.1,34.8,34.8,34.9,34.9,34.8,47.8,34.5,34.5,34.3,34.2,34.2,34,34,34.3,34.4,47.7,34.1,34.4,34.2,34.2,34.4,34.1,34,34.2,34.1,47.7,34.5,34.4,34.1,34.6,34.8,34.3,34.7,34.9,34.9,47.7,35,34.9,35.1,35.3,35.3,35.4,35.4,35.5,35.3,47.7,35.7,35.5,35.1,35.7,35.7,35.6,35.9,35.7,35.8,47.8,35.5,35.6,35.8,35.5,35.7,35.7,35.9,35.7,35.8,47.8,35.7,35.8,35.9,35.5,35.6,35.7,36.8,36.8
0.0000466,35.5,35.9,35.6,36,36,35.7,35.8,35.7,35.8,35.6,35.4,47.8,35.6,35.7,35.8,35.6,35.7,35.3,35.4,35.5,35.5,47.7,35.7,35.5,35,35.1,35.1,35,34.9,35,34.8,47.7,34.5,34.4,34.3,34.2,34.3,34,34.1,34.2,34.4,47.7,34.1,34.3,34.1,34.2,34.1,34.1,34.2,34.2,34.1,47.9,34.5,34.3,34.3,34.5,34.8,34.5,34.8,34.8,34.9,47.8,35.1,35,35.1,35.3,35.3,35.3,35.3,35.6,35.4,47.7,35.6,35.4,35.2,35.7,35.6,35.6,35.9,35.8,35.9,47.7,35.4,35.8,35.8,35.5,35.9,35.8,35.7,35.9,35.8,47.9,35.9,35.8,35.9,35.6,35.4,35.8,37,36.9
0.0000468,35.6,35.8,35.7,35.9,35.9,35.7,36,35.7,35.8,35.8,35.4,47.8,35.6,35.7,35.8,35.5,35.7,35.2,35.4,35.5,35.5,47.8,35.7,35.5,35.1,35,35.1,35,34.9,35,34.8,47.8,34.4,34.5,34.5,34.2,34.4,33.9,34.1,34.1,34.1,47.7,34,34.2,34.3,34.4,34.1,34.2,34.3,34.3,34.1,47.9,34.4,34.4,34.3,34.4,34.8,34.5,34.7,34.8,34.9,47.8,35,35.1,35.1,35.2,35.3,35.3,35.4,35.6,35.6,47.7,35.6,35.6,35.4,35.6,35.6,35.6,35.8,35.8,35.9,47.8,35.6,35.8,35.9,35.6,35.9,35.9,35.6,35.8,35.7,47.7,35.9,35.7,35.9,35.6,35.3,35.8,36.9,36.9
0.000047,35.8,35.8,35.6,35.9,36.1,35.7,36,35.7,35.8,35.8,35.5,47.7,35.7,35.6,35.9,35.5,35.8,35.4,35.4,35.5,35.5,47.8,35.6,35.5,35.1,35.2,35.2,35,34.7,35.1,34.8,47.8,34.3,34.4,34.4,34.1,34.3,33.9,34.1,34.1,34.1,47.7,34.1,34.1,34.1,34.4,33.8,34.2,34.3,34.4,34.1,48,34.4,34.4,34.4,34.6,34.8,34.6,34.8,34.7,34.7,47.7,34.9,34.9,35,35,35.2,35.3,35.4,35.5,35.6,47.7,35.5,35.6,35.6,35.7,35.6,35.4,35.8,35.9,36,47.7,35.7,35.8,35.9,35.5,36,35.9,35.6,35.9,35.8,47.7,35.9,35.7,35.8,35.6,35.2,36,36.9,36.8
0.0000472,35.8,35.7,35.7,35.9,36,35.7,35.9,35.8,35.7,35.8,35.5,47.7,35.8,35.7,35.9,35.5,35.8,35.4,35.4,35.6,35.5,47.7,35.7,35.4,35.1,35.2,35.3,35.1,34.7,34.9,34.6,47.8,34.3,34.4,34.4,34.2,34.3,33.9,34.1,33.9,34,47.7,34,34,34.1,34.4,33.8,34.1,34.3,34.4,34.1,47.7,34.5,34.3,34.4,34.5,34.8,34.8,34.7,34.7,34.6,47.8,34.9,34.9,35,35.1,35.2,35.4,35.5,35.4,35.6,47.9,35.5,35.6,35.9,35.6,35.7,35.3,35.8,35.8,36,47.8,35.8,35.8,35.8,35.8,36,35.9,35.6,35.9,35.7,47.8,36,35.7,35.8,35.8,35.4,35.9,36.9,36.8
0.0000474,36,35.7,35.8,35.9,35.9,35.7,36,35.6,35.9,35.8,35.6,47.7,35.8,35.6,35.9,35.5,35.8,35.7,35.4,35.5,35.6,47.7,35.9,35.4,35.1,35,35.2,35.1,34.5,34.9,34.7,47.7,34.4,34.3,34.2,34.3,34.3,34,34.2,33.8,33.9,47.8,34,33.9,34.2,34.5,33.8,34.1,34.3,34.5,34.1,47.8,34.6,34.3,34.4,34.5,34.8,34.8,34.6,34.7,34.6,47.8,34.9,34.9,35,35,35.3,35.3,35.4,35.3,35.7,47.8,35.6,35.6,35.9,35.5,35.6,35.5,35.7,35.9,35.9,47.7,35.9,36,35.8,35.8,35.9,35.8,35.6,35.8,35.6,47.7,36,35.8,35.9,35.8,35.7,35.9,36.9,36.8
0.0000476,36.1,35.8,35.8,35.8,35.8,35.6,35.9,35.8,35.6,35.8,35.8,47.8,35.8,35.5,35.9,35.5,35.7,35.7,35.4,35.6,35.6,47.7,36.1,35.3,35.1,35,35.2,35,34.6,34.8,34.6,47.8,34.4,34.3,34.2,34.2,34.3,34.3,34.1,33.8,34,47.7,34,33.7,34.1,34.3,33.8,34.1,34.3,34.4,34.1,47.7,34.5,34.3,34.4,34.5,34.7,34.8,34.5,34.4,34.7,47.7,34.9,34.8,35,35,35.3,35.3,35.4,35.2,35.5,47.6,35.5,35.6,36,35.4,35.7,35.5,35.7,35.8,36,47.5,36,36,35.8,35.8,35.8,35.8,35.8,35.7,35.8,47.6,36,35.8,35.8,35.7,35.8,35.9,37,36.8
0.0000478,36.1,35.8,35.6,35.6,35.6,35.7,36,35.8,35.8,35.8,35.8,47.8,35.8,35.6,35.8,35.6,35.6,35.7,35.5,35.6,35.7,47.7,36.2,35.3,35.2,35,35.1,35,34.7,34.6,34.8,47.7,34.3,34.3,34.3,34.2,34.2,34.3,34.1,33.7,34,47.9,34,33.8,34.1,34.1,33.9,34.2,34.2,34.2,34.2,47.8,34.6,34.3,34.5,34.4,34.7,34.8,34.5,34.5,34.6,47.8,34.9,34.8,35.1,35.1,35.3,35.2,35.4,35.1,35.4,47.5,35.5,35.6,35.9,35.5,35.6,35.7,35.6,35.8,35.9,47.3,35.9,35.9,35.8,35.8,35.8,35.8,36,35.7,35.7,47.6,35.8,35.9,36,35.8,36,35.8,37,36.8
0.000048,36,35.9,35.7,35.6,35.7,35.7,35.8,35.9,35.7,35.8,36,47.7,35.5,35.7,35.9,35.7,35.6,35.7,35.6,35.5,35.5,47.8,36.3,35.3,35.2,34.9,35,35,34.8,34.5,34.5,47.6,34.4,34.2,34.1,34.2,34.3,34.4,33.9,33.9,36.1,47.8,33.9,33.8,34.1,33.9,34.2,34,34.1,34.2,34.1,47.7,34.5,34.3,34.5,34.5,34.5,34.6,36,34.4,34.6,47.7,34.9,35,35.1,35,35.3,35.2,35.4,35,35.5,46.7,36.1,35.6,35.7,35.5,35.7,35.8,35.5,35.7,35.7,45.1,35.9,35.9,35.9,35.8,35.6,35.8,36.1,35.9,35.8,46.5,35.7,35.9,36,35.8,36,35.8,36.9,36.7
0.0000482,35.9,35.9,35.7,35.6,35.8,35.9,35.7,35.9,35.7,35.7,36,47.6,35.5,35.7,35.8,36,35.4,35.7,35.5,35.5,35.6,47.7,36.2,35.1,35.2,35,35,35,34.8,34.5,34.4,46.5,34.4,34.4,34.2,34.3,34.2,34.5,33.9,34,36,47.7,33.9,34,34.1,33.9,34.4,34.1,34.1,34.2,34.2,47.8,34.4,34.4,34.4,34.5,34.6,34.4,35.9,34.5,34.6,47.8,35,35.1,35.2,35.1,35.3,35.2,35.4,35,35.4,44.4,36,35.5,35.4,35.5,35.7,35.8,35.5,35.6,35.7,41.5,35.8,35.9,35.7,35.8,35.5,35.8,36.1,36,35.8,44.2,35.7,35.9,35.7,35.8,36.1,35.7,36.8,36.7
0.0000484,36,35.8,35.8,35.4,35.7,35.8,35.7,35.9,35.8,35.8,35.8,47.5,35.5,35.6,35.6,36.1,35.5,35.6,35.6,35.6,35.6,47.7,36.1,35.1,35.2,35,34.7,34.9,35.1,34.6,34.5,44.1,34.5,34.4,34.1,34.4,34.3,34.4,34,34,36.2,47.5,34,34.1,34.1,34,34.4,34.2,34.1,34,34.3,47.8,34.4,34.4,34.4,34.4,34.4,34.4,36,34.4,34.7,47.9,35.1,35.2,35.3,35.2,35.3,35.2,35.3,35,35.4,39.7,36,35.5,35.2,35.7,35.7,35.9,35.5,35.7,35.6,35.89,35.8,35.8,35.7,35.7,35.5,35.8,36.2,36,35.8,39.37,35.6,35.9,35.7,35.8,36,35.7,36.8,36.6
0.0000486,35.8,35.9,35.7,35.5,35.7,35.7,35.7,35.9,35.9,35.9,35.8,46,35.4,35.8,35.6,36.3,35.5,35.4,35.5,35.5,35.6,47.7,36.1,35.2,35.2,35,34.8,34.9,35,34.8,34.5,39.22,34.6,34.4,34,34.3,34.3,34.4,33.9,34,36.2,47.3,34.1,34.1,34.1,34,34.4,34.2,34,34,34.3,47.7,34.6,34.4,34.4,34.4,34.5,34.3,36,34.6,34.7,47.8,35.1,35.3,35.3,35.3,35.3,35.3,35.4,35.2,35.5,34.39,35.9,35.6,35.3,35.9,35.7,35.9,35.7,35.6,35.5,31.5,35.7,35.7,35.8,35.8,35.5,35.6,36.1,36,35.8,34.09,35.7,36,35.6,35.8,36,35.8,36.8,36.5
0.0000488,35.8,35.9,35.7,35.6,35.8,35.8,35.7,35.6,36,35.8,35.7,43.2,35.5,35.8,35.6,36.2,35.6,35.5,35.5,35.6,35.5,47.6,35.9,35.2,35.2,35,34.9,35,35.1,34.9,34.5,34.09,34.5,34.4,34,34.3,34.3,34.2,34.1,34,36.3,45.2,34.2,34.2,34.1,34,34.4,34.1,34,34,34.4,47.7,34.5,34.4,34.3,34.5,34.6,34.4,36.1,34.6,34.7,47.7,35.1,35.5,35.3,35.1,35.3,35.3,35.4,35.3,35.6,30.29,35.8,35.5,35.3,36,35.7,35.8,35.7,35.7,35.6,28.04,35.6,35.8,35.8,35.8,35.5,35.6,36.2,36,35.8,30.09,35.6,35.9,35.7,35.7,35.9,35.7,36.9,36.5
0.000049,35.8,35.9,35.8,35.7,35.8,35.7,35.7,35.8,36,35.8,35.6,37.94,35.5,35.9,35.8,36.2,35.5,35.5,35.5,35.6,35.6,47.6,35.7,35.2,35.3,35,35,35,35.1,34.9,34.5,29.89,34.5,34.4,34,34.4,34.2,34.2,34.2,34.2,36.2,41.7,34.1,34.2,34.1,34,34.2,34,34,34.1,34.3,47.6,34.7,34.4,34.4,34.4,34.5,34.6,36,34.6,34.8,47.6,35,35.4,35.5,35.2,35.3,35.3,35.3,35.4,35.5,27.13,35.9,35.6,35.5,36,35.7,35.7,35.8,35.6,35.6,24.86,35.6,35.7,35.8,35.8,35.6,35.8,36,36,35.9,26.97,35.8,35.9,35.8,35.8,35.9,35.8,37.1,36.5
0.0000492,35.7,35.8,35.8,35.8,35.8,35.7,35.7,35.7,35.9,35.8,35.7,33.4,35.7,35.7,35.7,35.9,35.6,35.7,35.6,35.7,35.6,47,35.7,35.3,35.2,35,35.1,34.9,34.8,35.2,34.7,26.87,34.3,34.4,34.1,34.4,34.3,34.2,34.3,34,36.2,36.12,34.1,34.1,34.1,34.2,34,33.9,34,34.2,34.4,46.2,34.6,34.4,34.4,34.3,34.6,34.7,36.1,34.5,34.8,47.6,34.9,35.4,35.3,35.3,35.3,35.3,35.3,35.5,35.3,24.08,35.8,35.5,35.7,36.1,35.7,35.6,35.8,35.7,35.7,24.25,35.7,35.6,35.7,35.7,35.7,35.8,35.8,36.1,35.9,24.12,35.8,35.7,35.9,35.9,35.9,35.7,37.1,36.7
0.0000494,35.8,35.9,35.8,35.9,35.7,35.6,35.9,35.6,35.9,35.8,35.7,29.33,35.8,35.8,35.8,35.6,35.7,35.7,35.8,35.5,35.5,44.7,35.7,35.3,35.2,35.2,35.3,35,34.9,35,34.8,24.25,34.3,34.4,34.2,34.2,34.2,34.1,34.3,34.1,36.2,31.88,34.1,34.3,34.1,34.4,34,33.9,34,34.5,34.4,43.6,34.7,34.5,34.3,34.4,34.7,34.7,35.9,34.5,34.8,46.4,34.9,35.3,35.3,35.4,35.2,35.4,35.4,35.6,35.3,24.3,36,35.7,35.8,35.8,35.7,35.6,35.7,35.8,35.8,24.35,35.6,35.8,35.8,35.7,35.9,35.8,35.8,35.8,35.8,24.44,36,35.7,36,35.8,35.9,35.9,37.1,36.6
0.0000496,36,35.7,35.8,35.6,35.6,35.7,35.8,35.6,35.8,35.8,35.7,26.21,35.9,35.7,35.9,35.5,35.7,35.7,35.8,35.5,35.5,40.6,35.8,35.4,35.2,34.9,35.3,34.8,34.8,35,34.8,24.34,34.4,34.2,34.4,34.2,34.3,34.1,34.3,33.9,36,28.37,34.1,34.3,34.1,34.4,34,34,34.2,34.5,34.1,38.41,34.5,34.4,34.4,34.5,34.7,34.6,35.9,34.6,34.6,44.1,34.9,35,35.1,35,35.3,35.4,35.4,35.6,35.2,24.39,36.1,35.6,36,35.7,35.7,35.5,35.7,35.7,35.9,24.35,35.9,35.8,35.8,35.8,35.9,36,36.1,35.9,35.8,24.39,35.7,35.7,36,35.7,35.9,35.8,37.1,36.7
0.0000498,36.1,35.8,35.8,35.6,35.7,35.7,35.7,35.6,35.8,35.7,35.7,24.34,35.9,35.7,35.8,35.4,35.7,35.7,35.8,35.6,35.6,34.83,35.8,35.4,35.3,35,35.4,35,34.8,34.9,34.8,24.29,34.3,34.4,34.4,34.2,34.2,34,34.3,34,35.8,25.08,34.1,34.3,34.1,34.4,34,34.1,34.3,34.5,34.2,33.71,34.4,34.4,34.4,34.5,34.7,34.4,35.9,34.6,34.6,39.08,35,35,34.8,35.1,35.2,35.4,35.4,35.6,35.2,24.3,36.2,35.5,35.9,35.7,35.7,35.3,35.8,35.6,36,24.34,35.8,35.7,35.8,35.8,35.9,36.1,36.1,35.9,35.8,24.34,35.7,35.9,35.7,35.9,35.9,35.7,37.1,36.9
0.00005,36.1,35.9,35.8,35.4,35.8,35.7,35.7,35.7,35.9,35.8,35.7,24.25,35.9,35.6,35.6,35.5,35.7,35.6,35.8,35.6,35.6,30.6,35.7,35.4,35.3,35,35.3,35,35.1,34.8,34.8,24.38,34.3,34.4,34.5,34.2,34.3,34,34.2,34,35.6,24.38,34,34.1,34.1,34.4,34.1,34.2,34.2,34.5,34.3,29.62,34.4,34.4,34.4,34.4,34.6,34.4,35.9,34.6,34.7,34.14,35.1,34.9,34.7,35.2,35.3,35.3,35.3,35.6,35.3,24.34,36,35.5,35.9,35.6,35.7,35.4,35.5,35.7,35.9,24.35,35.8,35.8,35.8,35.7,35.9,36.1,36.2,35.8,35.7,24.35,35.6,35.8,35.7,35.8,35.8,35.7,36.8,36.9
0.0000502,36,35.8,35.8,35.5,35.8,35.8,35.7,35.8,35.7,35.9,35.8,24.38,35.9,35.7,35.6,35.4,35.8,35.4,35.7,35.6,35.6,27.67,35.9,35.2,35.2,35,35.1,35,35,34.7,34.8,24.35,34.4,34.4,34.5,34.2,34.3,34,34.2,34,35.7,24.38,34,34.1,34.1,34.3,34.2,34.2,34.3,34.5,34.3,26.37,34.6,34.4,34.4,34.4,34.7,34.3,35.9,34.7,34.7,29.89,35.1,35,34.8,35.3,35.3,35.4,35.4,35.4,35.3,24.39,36,35.6,35.8,35.5,35.7,35.5,35.5,35.6,36,24.39,35.7,35.9,35.7,35.8,35.8,35.9,36.1,35.8,35.7,24.34,35.7,35.7,35.6,35.8,35.8,35.8,36.8,36.8
0.0000504,35.8,35.9,35.8,35.6,35.9,35.9,35.7,35.8,35.9,35.8,35.8,24.39,35.7,35.7,35.6,35.5,35.7,35.5,35.6,35.6,35.5,24.3,35.8,35.2,35,35,35.1,35,35.1,34.4,34.7,24.34,34.6,34.4,34.5,34.3,34.3,34,33.9,34,35.6,24.38,34,34.1,34.1,34.2,34.4,34.1,34.3,34.4,34.4,24.3,34.5,34.4,34.5,34.5,34.5,34.4,35.8,34.6,34.7,26.64,35.1,35.1,34.8,35.1,35.3,35.3,35.4,35.4,35.4,24.35,35.9,35.5,35.7,35.5,35.7,35.6,35.5,35.7,35.9,24.34,35.6,35.8,35.9,35.8,35.8,35.8,36.2,35.9,35.8,24.34,35.6,35.7,35.7,35.9,35.8,35.7,36.6,36.9
0.0000506,35.7,35.8,35.8,35.7,36,36.2,35.7,35.7,35.9,35.8,35.8,24.35,35.5,35.7,35.8,35.6,35.6,35.5,35.6,35.7,35.6,24.3,35.9,35.2,35.1,35,34.8,35,35.1,34.4,34.8,24.35,34.7,34.4,34.5,34.5,34.2,34.2,33.9,34.2,35.7,24.38,34.1,34.1,34.1,34.1,34.6,34,34.3,34.2,34.3,24.39,34.7,34.4,34.5,34.4,34.5,34.6,35.8,34.6,34.8,24.31,35,35.1,35.1,35.2,35.3,35.3,35.3,35.2,35.5,24.3,35.8,35.6,35.6,35.5,35.7,35.7,35.6,35.6,35.9,24.3,35.6,35.8,35.8,35.8,35.6,35.7,36,35.9,35.8,24.3,35.8,36,35.8,35.9,35.8,35.8,36.5,36.9
0.0000508,35.5,35.9,35.7,35.8,36,36.1,35.7,35.8,35.8,35.8,35.8,24.34,35.5,35.7,35.7,35.9,35.6,35.7,35.5,35.7,35.6,24.44,36,35.2,35.1,35,34.6,34.9,34.8,34.5,34.8,24.3,34.7,34.4,34.4,34.4,34.3,34.1,33.8,34,35.8,24.35,34.1,34.1,34.1,34,34.5,33.9,34.4,34.1,34.4,24.34,34.6,34.4,34.5,34.3,34.4,34.7,35.9,34.7,34.8,24.34,34.9,35.4,35.2,35.3,35.3,35.2,35.3,35.2,35.6,24.3,35.7,35.5,35.4,35.6,35.7,35.8,35.8,35.7,35.7,24.25,35.7,35.9,35.8,35.7,35.8,35.5,35.8,36,35.8,24.34,35.8,36,35.9,35.9,35.8,35.7,36.5,36.7
0.000051,35.5,35.8,35.8,35.9,36,36,35.9,35.7,35.9,35.8,35.8,24.35,35.5,35.9,35.8,36,35.5,35.7,35.3,35.7,35.5,24.38,36.1,35.2,35.2,35.2,34.6,35,34.9,34.6,34.7,24.26,34.8,34.4,34.3,34.4,34.2,34.1,33.8,34.1,35.8,24.3,34.1,34.1,34.1,34,34.3,33.9,34.4,34.1,34.4,24.43,34.7,34.4,34.5,34.4,34.4,34.7,35.8,34.7,34.8,24.3,34.9,35.5,35.3,35.4,35.3,35.2,35.4,35.1,35.6,24.34,35.7,35.7,35.4,35.8,35.7,35.6,35.6,35.8,35.7,24.3,35.6,35.8,35.8,35.7,35.6,35.5,35.8,36,35.9,24.38,36,36.1,36,35.8,35.8,35.9,36.5,36.5
0.0000512,35.4,35.9,36.2,35.6,36,36.1,36.1,36,35.9,35.9,36,24.34,35.9,35.8,35.7,36,35.7,35.6,35.8,36.1,35.5,24.34,36.1,36,35.8,35.8,35.8,35.9,35.8,35.8,35.9,24.29,35.8,35.7,35.9,36,35.9,36,35.7,35.8,35.9,24.3,36,35.7,35.7,36.1,35.9,35.9,36.1,36,36.1,24.39,35.8,36.2,35.9,35.8,35.8,35.9,35.9,35.7,35.8,24.35,36,35.9,35.9,35.8,36,35.7,35.6,35.9,35.9,24.35,35.7,35.9,35.9,36,35.8,35.8,35.9,36.1,36,24.43,35.9,35.7,36.2,35.8,35.8,35.8,36,36.1,35.9,24.26,35.9,36.1,35.5,35.8,35.7,35.8,36.6,36.4
0.0000514,35.6,36,35.9,35.6,36.1,36,36.1,35.8,35.9,36.1,35.9,24.29,35.9,35.9,35.8,35.9,35.8,35.6,35.8,36.2,35.7,24.43,36.1,36,35.8,36,35.6,36,36,35.8,35.9,24.39,35.7,35.6,35.8,36,35.9,36,35.6,35.8,35.9,24.34,35.9,35.8,35.5,36.1,35.9,36,36,35.8,36.1,24.29,35.9,36.2,35.8,35.8,35.9,35.9,35.8,35.7,35.8,24.43,36.1,35.8,35.7,35.6,36,35.9,35.6,35.8,35.9,24.3,35.7,35.9,35.8,36,35.8,36,35.9,35.9,35.8,24.39,35.9,35.8,36,35.9,35.8,35.9,35.9,36,35.9,24.25,35.7,36.1,35.8,35.9,35.5,35.8,36.8,36.3
0.0000516,35.7,36.1,35.9,35.7,36.3,35.8,36,35.8,35.9,36.2,35.7,24.34,35.9,36,35.7,35.9,35.7,35.8,35.7,36.2,35.9,24.35,36.2,36,35.8,35.9,35.4,35.8,36,36.1,35.9,24.35,36,35.6,35.9,36.1,36,36,35.7,35.9,36,24.34,35.8,36,35.5,36.1,36.1,36,35.6,35.8,36.2,24.34,35.8,36.2,35.9,35.8,35.9,35.9,36.1,35.8,35.8,24.43,36,35.9,35.8,35.5,36,36,35.7,35.8,35.7,24.39,35.7,36,35.7,36,35.9,35.9,36,35.8,36,24.26,35.8,35.9,35.9,36.1,35.9,36,36.1,36,35.9,24.3,35.7,36.1,35.9,35.9,35.7,35.6,36.8,36.4
0.0000518,35.7,36.1,35.7,35.6,36.2,35.8,36,35.5,36,36.2,35.9,24.3,35.9,36,35.7,35.9,35.7,35.8,35.7,36.1,36.2,24.34,36.1,36,36,35.9,35.4,35.7,36.1,36.1,35.8,24.38,36,35.6,35.9,36.2,35.9,35.9,35.7,36,35.9,24.3,35.6,36,35.4,36.2,36,35.9,35.4,36.1,36.2,24.25,36,36.1,36,35.8,35.9,35.9,36,36.2,35.8,24.39,35.9,35.9,35.7,35.6,36.1,36,35.8,35.8,35.8,24.3,35.7,36.1,35.5,35.9,35.9,35.9,36,35.5,36.1,24.35,35.6,35.9,35.9,36.1,35.8,36,36.1,36,36,24.3,35.7,36,36,35.9,35.8,35.5,36.8,36.5
0.000052,35.9,36,35.5,35.9,36.3,35.7,35.9,35.5,36,36.2,35.9,24.43,35.9,36,35.9,35.9,35.7,35.8,35.7,35.9,36.3,24.3,36,35.8,35.9,36,35.5,35.6,36,36.2,35.7,24.3,36.1,35.6,35.9,36.2,36,35.8,35.8,36,35.8,24.29,35.6,35.9,35.6,36.2,35.9,36,35.3,35.8,36.4,24.3,36,35.9,36,35.8,35.9,35.9,36,36.1,36,24.26,35.9,35.8,35.8,35.5,35.9,36.1,35.8,35.9,35.7,24.25,35.7,36,35.6,35.8,36,35.9,35.9,35.5,35.9,24.3,35.8,36.1,35.9,36.2,35.8,36,36.1,36,36.2,24.39,35.7,35.9,36.2,36,36,35.6,37,36.5
0.0000522,36,36,35.6,35.9,36.2,35.8,36,35.6,35.9,36,35.9,24.3,35.9,35.9,36,36,35.9,36,35.8,35.7,36.3,24.3,35.9,35.9,35.9,36,35.6,35.6,36.1,36.2,35.7,24.3,36.2,35.6,36,36.2,36,35.9,35.9,36.2,35.7,24.39,35.6,36,35.9,36.2,36,35.9,35.3,35.8,36.2,24.3,35.8,35.7,36.1,35.9,36,35.9,35.9,36.1,35.9,24.3,36.1,35.9,35.8,35.7,35.8,36.1,35.9,35.9,35.9,24.25,35.8,36,35.5,35.8,36.1,35.9,36,35.6,36,24.34,35.8,36.1,35.8,36.2,36,36,36,36,36.2,24.16,36,35.8,36,35.9,36.2,35.6,36.8,36.7
0.0000524,36.1,36,35.7,36,36,35.8,35.9,35.8,35.8,35.8,35.8,24.34,35.8,35.9,36,36.2,35.9,36,35.8,35.8,36.3,24.3,35.6,35.8,35.8,35.9,35.8,35.6,35.9,36.1,35.9,24.3,36.1,35.8,35.9,36.1,35.9,36.1,35.9,36.1,35.7,24.2,35.6,36,36,36.1,35.8,35.9,35.3,35.9,36,24.3,35.6,35.7,36.1,35.8,36.1,36,35.9,36,35.9,24.3,36.1,35.8,35.7,35.8,35.9,36.1,36,35.9,35.8,24.3,35.7,36,35.6,35.8,36.2,35.9,36,35.8,36.2,24.3,35.9,36.1,35.9,36.2,36,36,35.9,35.9,36.1,24.39,35.9,35.8,36.1,35.9,36.2,35.8,36.8,36.7
0.0000526,35.9,35.9,35.8,36,35.9,36,35.9,35.8,35.9,35.6,36,24.3,35.9,36,36.1,36.2,35.9,36,35.9,35.7,36.2,24.3,35.5,35.9,35.9,35.9,36,35.8,36,36,35.8,24.3,36.1,35.8,35.9,36.1,35.9,36.1,36,36,35.8,24.35,35.6,36,36.1,36.1,35.9,35.9,35.6,36,35.9,24.35,35.6,35.7,36,35.9,36.1,35.9,35.8,36.1,35.9,24.3,35.9,35.9,35.8,35.9,35.7,36.1,35.8,35.9,35.7,24.39,35.8,35.9,35.8,35.7,36.1,35.9,35.9,35.8,36.1,24.3,35.9,36.1,35.9,35.9,36,35.8,35.8,35.9,36.1,24.34,35.9,35.7,36.1,35.9,36.2,35.9,36.8,36.7
0.0000528,35.8,36,36,35.9,35.8,36.1,36,35.9,35.9,35.5,35.9,24.3,35.8,35.8,36.1,36,35.9,36,35.8,35.9,35.9,24.25,35.4,35.8,35.8,35.9,36.2,36.1,35.9,35.8,35.9,24.34,36.1,36.1,35.8,35.9,35.9,36.2,35.9,35.9,35.8,24.29,35.8,36,36.2,35.9,35.9,35.9,35.8,36,35.9,24.3,35.6,35.7,36,35.9,36,35.9,35.9,35.9,35.8,24.34,35.8,35.8,35.8,36,35.7,36,35.6,35.9,35.9,24.34,35.8,35.8,35.7,35.7,35.9,35.8,35.7,35.9,36.3,24.3,35.9,35.9,35.9,35.6,36.2,35.9,35.9,35.9,35.9,24.3,36.1,35.8,36.1,35.9,36,35.9,36.6,36.7
0.000053,35.8,35.9,36.2,36,35.5,36.1,35.9,35.9,35.8,35.6,35.8,24.25,35.8,35.8,36,35.8,36,35.9,35.9,35.8,35.6,24.25,35.3,35.7,35.8,35.7,36.1,36.2,35.8,35.8,35.9,24.34,35.8,36.2,35.8,35.8,36,36.2,35.9,35.7,35.8,24.25,35.9,36,36.3,35.8,35.8,35.7,36,36.1,35.7,24.21,35.8,35.8,35.9,35.9,36,35.7,35.9,35.9,35.9,24.35,35.8,35.8,35.9,36.2,35.7,35.9,35.5,35.9,35.9,24.3,35.7,35.6,35.7,35.9,35.9,35.8,35.8,36.1,36.2,24.35,35.9,35.9,35.9,35.4,36.2,35.9,35.8,35.9,35.8,24.35,36.1,36.1,36,35.9,35.9,36.2,36.4,36.7
0.0000532,35.7,35.9,36.3,36,35.5,36.2,35.9,35.9,35.8,35.7,35.9,24.25,35.9,35.8,36,35.8,36,35.8,35.9,36,35.5,24.3,35.3,35.9,35.9,35.8,36.2,36.3,35.8,35.8,35.9,24.21,35.9,36.2,35.7,35.8,35.8,36,35.9,35.6,35.9,24.25,36,36,36.1,35.8,35.9,35.7,36,36,35.7,24.3,35.9,35.8,35.9,36,36,35.6,36,35.9,35.8,24.25,35.9,35.8,35.9,36.2,35.9,35.8,35.6,35.8,35.9,24.3,35.9,35.5,35.7,35.8,36,35.9,35.9,36,36,24.35,36,35.8,36.1,35.2,36.2,35.9,35.7,36,35.8,24.39,36.1,36,35.9,35.8,35.7,36.1,36.3,36.6
0.0000534,35.6,35.8,36.2,35.9,35.6,36.2,35.8,35.8,35.9,35.9,36,24.25,35.8,35.8,35.7,35.7,36.1,35.8,36,35.9,35.5,24.25,35.6,35.8,35.8,35.7,36.1,36.3,35.7,35.7,35.9,24.38,35.7,36,35.5,35.7,35.8,35.9,36,35.6,36,24.26,36.1,35.9,36.1,35.8,36,35.7,36.1,36.1,35.7,24.2,36,36.1,35.8,36,35.6,35.5,36,35.8,35.8,24.34,35.7,35.8,35.9,36.1,35.8,35.7,35.5,35.7,35.9,24.3,35.9,35.5,35.5,35.9,35.9,35.9,35.9,36,35.8,24.34,35.9,35.8,36,35.2,36,35.8,35.8,35.8,35.8,24.3,36.1,36.1,36,35.8,35.5,36.2,36.3,36.6
0.0000536,35.6,36,35.9,35.8,35.6,36.2,35.8,35.9,35.9,36.2,36,24.3,35.9,36.1,35.7,35.7,36.1,35.8,36,36.1,35.5,24.29,36,35.8,35.8,35.7,36,36.2,35.8,35.8,35.9,24.35,35.7,36,35.7,35.8,35.7,35.7,35.9,35.6,35.9,24.25,36.2,35.9,36,35.8,35.9,35.8,36.1,36.1,35.9,24.3,36.1,36.1,35.7,36,35.5,35.6,36.1,35.8,35.9,24.29,35.6,35.7,35.9,35.9,35.8,35.7,35.8,35.8,35.9,24.3,35.8,35.6,35.7,35.9,35.8,35.9,35.8,36,35.7,24.3,35.8,35.8,36.2,35.2,36,35.7,35.9,35.8,35.8,24.3,36,36.2,35.9,35.6,35.4,36.2,36.3,36.5
0.0000538,35.7,36,35.8,35.7,35.8,36.1,35.7,35.8,35.9,36.4,36.1,24.39,35.9,35.8,35.7,35.8,35.9,35.7,36,36,35.7,24.21,36.2,36,35.8,35.8,36.1,36.2,35.9,35.8,35.9,24.17,35.6,36,35.6,35.8,35.9,35.6,35.7,35.7,36.1,24.34,36.1,35.9,35.9,36,36,35.7,36.1,36.1,35.9,24.25,36.2,36.2,35.7,36,35.4,35.5,36.1,35.7,35.8,24.35,35.7,35.8,35.9,35.9,35.9,35.8,35.9,35.6,35.9,24.25,36,35.8,35.9,36,35.7,35.8,35.9,35.8,35.9,24.34,35.8,35.9,36.1,35.2,36,35.9,35.9,35.9,35.8,24.33,35.9,36.2,35.9,35.5,35.4,36,36.6,36.5
0.000054,35.8,36,35.7,35.7,35.9,36,35.9,36,35.9,36.5,36.1,24.39,35.9,35.8,35.7,35.7,35.8,35.8,35.8,36.2,35.9,24.25,36.3,36,35.8,35.7,35.9,36.1,35.9,35.9,35.9,24.34,35.7,35.8,35.9,35.8,35.7,35.6,35.9,35.8,36,24.25,36.1,35.8,35.7,36.1,36,35.8,36,35.9,36.1,24.3,36.2,36.2,35.7,36,35.5,35.8,36.1,35.9,35.9,24.26,35.7,35.9,36,35.8,36.1,35.8,35.9,35.6,35.9,24.3,36.1,35.9,36,35.9,35.7,35.9,35.8,35.8,35.7,24.39,35.7,36,36.1,35.6,35.6,35.8,36,35.9,35.8,24.25,35.9,36.1,35.9,35.7,35.4,35.8,36.5,36.4
0.0000542,36,35.9,35.5,35.8,36.1,36,35.9,36,35.9,36.4,36.3,24.34,35.9,35.8,35.9,35.9,35.6,35.9,36,36.1,36,24.3,36.5,35.8,35.8,35.9,36,35.8,36,36,35.8,24.25,35.9,35.5,36,35.8,35.8,35.7,35.7,35.8,36,24.3,35.9,35.8,35.7,36.1,36,36,35.9,36.1,36.1,24.3,36.2,36.2,35.7,35.9,35.7,35.9,36.1,35.9,36,24.25,35.7,35.8,35.8,35.7,36.1,35.8,36,35.8,35.9,24.25,36,35.9,36.2,35.8,35.8,35.8,35.8,35.8,35.8,24.35,35.5,36.2,36.1,36,35.6,35.8,36,35.9,35.9,24.21,35.7,36.1,35.9,35.9,35.5,35.8,36.8,36.4
0.0000544,36,36.2,35.6,35.9,36.2,35.7,36,36,35.9,36.3,36.1,24.29,35.9,35.8,35.9,36,35.5,35.8,36,36,36.2,24.35,36.4,36,35.8,35.8,35.9,35.7,35.8,36,35.9,24.2,36,35.5,36,35.8,35.9,35.7,35.8,35.8,35.9,24.25,35.7,35.8,35.7,36.1,35.9,35.8,35.9,35.9,36.1,24.3,36.2,36.1,35.7,35.9,35.9,36.1,36,36,36.1,24.25,35.9,35.8,35.7,35.6,36,36,36,35.9,35.9,24.25,36.1,36,36.2,36,35.8,35.9,35.8,35.7,35.9,24.25,35.5,36.1,36,36.3,35.5,35.9,35.9,35.9,35.8,24.39,35.8,36,36.1,35.9,35.7,35.6,36.8,36.4
0.0000546,36,36,35.7,36,36.2,35.7,36.1,36.1,35.9,35.9,36,24.35,35.9,35.8,36,36,35.5,35.9,36,35.9,36.2,24.3,36.3,35.9,35.8,35.9,35.8,35.6,36,35.9,35.6,24.26,36.1,35.5,36.1,35.8,36,35.8,35.8,35.9,35.9,24.3,35.6,35.8,35.7,36.1,35.8,36,35.8,35.8,36.1,24.34,36.2,36,35.7,35.9,35.9,36.2,35.9,36,36.1,24.29,35.9,35.9,35.7,35.7,36.1,36,36.1,35.9,35.9,24.34,36.1,36,36.2,36,35.9,35.8,35.9,35.6,36,24.29,35.5,36.1,36,36.4,35.5,35.9,35.9,36,35.8,24.34,35.7,35.9,36,36,35.9,35.7,36.8,36.4
0.0000548,36.1,36,35.8,36,36.2,35.8,36.1,36.1,35.8,35.7,35.9,24.3,35.9,35.8,36.1,36.2,35.5,35.9,35.9,35.9,36.2,24.25,36.1,35.8,35.8,35.9,35.8,35.6,36,35.9,35.9,24.26,36.2,35.6,36,35.8,36.1,35.9,35.9,36.1,35.9,24.3,35.6,35.8,35.9,36.1,35.9,35.9,35.9,35.8,36.1,24.26,36.1,36,35.9,35.9,36,36.2,35.8,36,36,24.25,36,35.8,35.6,35.8,36.1,36.1,35.9,36,35.9,24.3,36,36,36.2,36,35.8,35.9,35.9,35.8,36,24.35,35.6,36.1,35.8,36.5,35.6,36,35.9,35.8,35.8,24.34,35.8,35.9,36,36,36.1,35.7,36.9,36.4
0.000055,36,36.1,35.8,36.1,35.9,35.9,36.1,36.2,35.9,35.5,35.7,24.35,35.9,35.9,36.1,36.1,35.6,35.8,36,35.9,36.2,24.3,35.3,35.9,35.8,35.9,35.7,35.7,36,35.8,35.8,24.3,36.1,35.9,36,35.8,36,36.3,35.9,36,36.1,24.29,35.6,35.9,35.9,36.1,36,35.8,35.9,36,36.1,24.3,36,35.9,36.1,35.8,36.1,36.2,35.7,36.1,35.9,24.34,36.2,35.8,35.6,35.7,36.1,36.1,35.8,36,35.8,24.26,36,35.9,35.9,35.9,36.1,35.8,35.9,35.8,36.1,24.25,35.9,35.9,35.8,36.4,35.8,36,36,35.7,35.9,24.3,35.8,35.7,35.9,36,36.2,35.7,36.8,36.4
0.0000552,35.8,36.1,35.8,35.9,35.8,35.9,36.1,36.1,35.9,35.3,35.7,24.43,35.9,36,36.1,36.1,35.7,36,35.9,35.9,36,24.39,40.6,35.9,35.8,35.8,35.6,35.8,36,35.8,35.9,24.29,36.3,35.8,35.9,35.8,35.9,36.3,35.8,36,36,24.22,35.6,35.8,36.1,36.1,36.1,35.9,35.9,36.1,35.8,24.26,36,35.7,36.2,35.9,36.1,36,35.7,36.1,35.9,24.21,36.2,35.7,35.9,35.8,36,36.1,35.8,36,35.8,24.3,36,35.9,35.9,35.9,36,35.7,36,35.8,36,24.39,36,35.9,35.8,36.2,35.8,35.9,36.2,35.8,35.8,24.43,35.8,35.7,35.9,35.9,36.2,35.8,36.8,36.5
0.0000554,35.8,36.1,35.8,36,35.8,35.9,36.1,36,36.5,35.3,35.7,24.3,35.8,35.9,36.1,36,36,36,35.8,35.9,36,24.26,46.7,36,35.8,35.9,35.5,35.9,36,35.6,35.9,24.3,36.1,36,35.8,35.8,36,36.3,36,36,35.9,24.29,35.6,36,36.1,36,36.2,35.9,36,36,35.8,24.21,36,35.9,36.4,36,36,35.9,35.8,36.1,35.9,24.3,36.2,35.9,35.7,35.8,35.8,36.1,35.8,36,35.8,24.3,37.8,35.9,35.8,35.8,36,35.8,36,35.8,36.2,24.25,36,35.8,35.9,36.1,36,36,36.1,35.8,35.8,24.29,36.1,35.7,35.9,35.9,36.2,35.9,36.8,36.5
0.0000556,35.9,36,35.8,35.9,35.8,36.1,36.1,36,42.5,35.4,35.7,24.3,35.8,36.1,36,36,35.9,35.9,35.8,35.8,36,24.25,47.8,35.9,35.9,35.8,35.6,36,35.7,35.5,35.9,24.3,35.9,36,35.6,35.8,36,36.3,35.9,35.8,35.9,24.26,35.8,36,36,36.1,36.4,35.9,36,36.1,35.9,24.34,36,35.9,36.4,36,35.9,35.8,35.9,36.1,35.7,24.25,36.1,35.9,35.8,35.7,36,35.8,36,36,35.9,24.34,44.4,35.8,35.8,35.8,35.9,35.8,36,35.9,36.1,24.3,36,35.8,35.9,35.8,36,35.8,36.1,35.9,35.8,24.3,36.2,35.7,35.8,35.9,35.9,35.9,36.6,36.6
0.0000558,35.8,36,35.8,35.8,35.7,36,36,35.9,47.3,35.5,35.7,24.26,35.9,36.1,36,35.9,36.1,35.9,35.8,35.9,35.9,24.35,47.9,36,35.9,35.6,35.7,36.1,35.7,35.6,35.9,24.17,35.9,36,35.8,35.9,35.8,36.2,36,35.9,35.9,24.21,35.9,36.1,36.1,36,36.5,35.9,35.9,36.1,35.8,24.3,35.8,35.8,36.1,35.9,35.9,35.8,36,36,35.6,24.3,36.1,35.9,35.9,35.8,35.9,35.9,36,35.8,35.7,24.2,47.7,35.7,35.8,35.8,36.1,35.9,36,35.9,36,24.3,36,35.8,35.8,35.6,36.1,36,36.2,35.9,35.9,24.29,36.2,35.8,35.8,35.9,35.9,35.9,36.6,36.6
0.000056,35.9,35.9,35.8,35.7,38.1,36.1,35.8,35.8,47.9,35.8,35.8,24.3,35.8,36,35.9,35.9,36,35.8,35.9,36,35.9,24.35,47.9,35.8,35.8,35.6,35.9,36.1,35.6,35.8,35.9,24.3,35.7,36,35.8,35.8,35.9,35.9,36,35.7,35,24.34,36,36.1,36.1,36,36.5,35.8,35.9,36.1,35.9,24.38,36,35.9,36,36,35.7,35.9,36.1,35.8,35.6,24.3,35.8,35.8,35.9,35.8,36,35.9,36.2,35.8,35.8,24.38,47.8,35.8,35.8,35.7,36,35.9,35.9,35.8,36,24.25,36,35.8,36.1,35.5,36.1,35.9,36.2,39.3,35.9,24.34,36.3,36,35.8,35.9,35.8,35.9,36.4,36.7
0.0000562,35.8,36,35.8,35.7,44.5,36.1,35.8,35.8,47.9,36,36,24.29,35.9,36,35.9,35.8,36,35.8,35.8,36,35.8,24.25,47.9,36,35.8,35.8,36.1,36.2,35.6,35.8,35.9,24.34,35.6,35.9,35.7,35.8,35.8,35.7,36,35.8,40.6,24.26,36,36.1,36.1,36.1,36.2,35.8,36,36,35.9,24.34,35.8,36,35.7,36,35.6,35.9,37.2,35.8,35.8,24.25,35.7,35.8,35.9,35.9,36,35.8,36.1,35.6,35.8,24.26,47.8,35.7,36.1,35.8,35.9,35.9,35.8,35.8,35.9,24.3,35.9,35.8,36,35.4,35.9,35.8,36,45.9,35.8,24.3,36.4,36.1,35.7,35.9,35.8,35.9,36.3,36.4
0.0000564,35.8,36,35.8,35.6,47.7,36.2,35.8,35.8,48,35.9,36,24.34,35.9,36,35.8,35.8,35.9,35.8,35.8,36,35.8,24.35,48,35.8,35.8,35.7,36.2,36.2,35.6,36,35.8,24.29,35.7,36,35.7,35.8,35.8,35.7,36,35.8,46.8,24.3,36,36.1,35.9,35.9,36.1,35.9,36,36,35.9,24.29,35.8,35.9,35.7,35.9,35.9,35.9,43.2,35.8,35.8,24.25,35.7,35.8,35.8,36,36,35.8,35.9,35.6,35.9,24.3,48,35.8,36.2,35.8,36,35.9,35.9,35.8,35.9,24.34,35.7,35.8,36,35.5,35.9,35.8,35.9,47.8,35.8,24.25,36.3,36.2,35.8,35.9,35.8,36.1,36.1,36.4
0.0000566,35.8,36,35.9,35.6,47.9,36.2,35.7,35.9,47.8,36.1,36.1,24.3,35.9,36.1,35.7,35.8,35.9,35.8,35.8,36.1,35.8,24.29,48,35.9,35.9,35.8,36.2,36.1,35.7,36.2,35.9,24.3,35.8,35.9,35.6,35.9,36,35.6,36,35.7,47.7,24.26,36,36,35.9,35.9,35.6,35.9,36,36.1,35.9,24.26,36,36.2,35.7,35.9,36,36.2,47.4,35.8,35.8,24.26,35.7,35.7,35.9,35.9,35.9,35.7,35.9,35.6,35.8,24.38,48,35.8,36.3,35.7,35.9,35.7,35.8,35.8,35.8,24.3,35.7,35.9,36.1,35.8,35.8,35.7,35.7,47.9,35.8,24.39,36.1,36.2,35.9,35.7,35.8,35.9,36.1,36.3
0.0000568,35.7,36,36,35.8,48,36,36,35.9,48,36.1,36.1,24.39,35.9,36,35.8,35.7,35.7,35.9,35.9,36,35.8,24.35,47.9,35.9,35.8,35.8,36.3,36.1,35.7,36.2,35.7,24.17,35.8,35.9,35.6,35.8,35.7,35.6,35.9,35.9,48,24.3,36,35.9,35.8,35.8,35.5,36,36,36,36,24.3,36,36.1,35.7,35.7,35.7,36.2,47.8,35.8,35.8,24.25,35.8,35.6,35.9,35.9,36,35.8,35.8,35.7,35.9,24.21,48,35.9,36.4,35.7,35.8,35.6,35.6,35.8,35.7,24.34,35.6,35.9,35.9,35.8,35.8,35.8,35.6,48,35.8,24.3,35.9,36.1,35.8,35.9,35.8,35.9,36.1,36.3
0.000057,35.8,36.1,36,35.8,48,36.2,35.9,35.8,48,35.9,36.1,24.34,35.9,35.9,35.8,35.7,35.8,35.8,35.8,36,35.9,24.29,48,36,35.8,35.9,36.1,35.8,36,36.2,35.8,24.3,36.1,35.7,35.6,35.8,35.9,35.7,35.9,35.8,48,24.26,35.9,35.9,35.7,35.8,35.3,35.8,36,36,36,24.34,35.8,36,35.8,35.6,35.9,36.2,48,35.8,36,24.21,35.8,35.5,36,35.9,35.9,35.9,35.7,35.6,35.8,24.34,48,36,36.2,36,35.9,35.6,35.9,35.9,35.9,24.34,35.6,36.1,35.9,36,35.8,35.8,35.7,48,35.8,24.3,35.7,36.1,35.8,35.8,36,35.9,36.2,36.2
0.0000572,35.8,36,35.9,35.9,47.9,36.1,36,36,47.9,36,35.9,24.34,35.9,35.9,35.9,35.9,35.7,35.8,35.9,36,35.8,24.3,48,36.1,35.9,35.9,36,35.8,36,36.2,35.9,24.3,36.1,35.7,35.8,35.8,36,35.9,35.8,35.9,48,24.26,35.9,35.8,35.6,35.8,35.4,36,35.9,36.1,36.1,24.26,35.8,36,35.8,35.6,35.9,35.9,47.9,35.8,35.8,24.2,35.9,35.5,36.1,35.9,36,36,35.7,35.8,35.9,24.3,48,35.9,36.2,36,35.7,35.5,35.8,35.9,35.9,24.3,35.6,35.9,35.9,36.2,35.9,35.8,35.6,47.9,35.7,24.25,35.7,36.1,35.9,35.9,36.1,35.8,36.4,36.4
0.0000574,35.7,36.1,35.9,36,48,36.1,36,35.9,48,35.9,35.9,24.3,35.8,35.8,36.1,35.8,35.7,35.8,35.9,35.9,35.9,24.34,48,36.1,35.8,35.9,35.8,35.8,36.1,36.1,35.8,24.34,36.1,35.8,35.8,35.9,36,35.9,35.9,36,48,24.29,35.9,35.6,35.7,35.9,35.6,35.9,35.7,36,36.1,24.34,35.8,36,36,35.6,35.9,35.8,47.9,35.9,35.8,24.25,36.1,35.5,36.2,35.8,36.1,35.9,35.6,35.9,35.9,24.29,48,35.9,36,36.1,35.9,35.4,35.9,35.8,36.1,24.3,35.7,36,35.9,36.2,35.8,35.9,35.7,48,35.7,24.26,35.6,35.9,35.8,35.8,36.1,35.8,36.5,36.3
0.0000576,35.8,36,35.8,36,47.9,35.8,36.1,35.9,48,35.8,35.9,24.3,35.9,35.8,36.1,35.9,35.9,35.9,36,35.9,35.9,24.3,48,36.2,36,35.9,35.6,35.9,36.2,35.9,35.9,24.25,36.2,35.9,35.9,35.8,35.9,35.9,35.9,36,48,24.26,35.7,35.6,35.7,36.1,35.7,35.9,35.7,36.1,36,24.25,35.8,36,36.1,35.7,35.9,35.6,48,35.9,35.8,24.29,36.1,35.7,36,35.8,35.9,36,35.7,36,35.8,24.2,48,35.9,35.7,36.1,35.8,35.6,35.8,35.8,36.3,24.25,35.9,36,35.9,36.2,35.7,35.9,35.7,47.8,35.8,24.29,35.7,35.9,35.8,35.9,36.2,35.8,36.7,36.3
0.0000578,35.9,36.1,35.8,36,47.9,35.7,36.1,35.9,48.1,35.9,35.8,24.3,36,35.8,36,35.9,35.9,36,35.9,35.9,35.8,24.38,48.1,36.2,35.8,35.9,35.4,35.8,36.2,35.8,35.8,24.25,36.1,35.9,36,35.8,35.9,36.1,35.9,36,48,24.26,35.9,35.6,35.8,36.1,35.8,35.9,35.9,36.1,35.9,24.3,35.9,35.9,36.1,35.9,35.9,35.6,47.9,36.1,35.7,24.3,36.1,36.1,36,35.9,35.8,35.9,35.7,36,35.9,24.29,47.9,35.9,35.5,36.3,35.9,35.5,35.9,35.8,36.2,24.35,35.9,36,35.9,36.2,35.8,36,36,48,35.8,24.3,35.6,35.8,35.8,35.9,36.2,35.8,36.8,36.2
0.000058,35.9,36.1,35.9,35.9,48,35.6,36.1,35.9,48,35.9,35.9,24.39,35.9,35.6,36,36.1,35.9,36,35.9,35.9,35.9,24.29,48,36,35.8,35.9,35.4,35.8,36,35.8,35.9,24.26,36.1,35.8,36,35.9,36,35.9,35.9,36,48,24.26,35.9,35.8,35.9,36,35.9,35.8,35.7,36.1,35.9,24.34,35.9,35.8,36.1,35.9,35.9,35.6,48,36,35.8,24.26,36.1,36.2,35.9,35.9,35.8,36.1,35.7,36,35.9,24.3,48,36,35.4,36.1,36.1,35.7,35.9,35.8,36.3,24.25,35.9,35.8,35.9,36.2,35.8,36.1,36,48.1,35.8,24.35,35.9,35.8,35.8,35.9,36.1,35.8,36.9,36.3
0.0000582,36,36,35.8,35.9,48,35.5,36.1,36,48,35.8,35.8,24.3,35.9,35.5,36.2,36,36,36.1,35.8,35.9,35.8,24.3,48,36,35.8,35.9,35.4,35.9,35.8,35.8,35.9,24.34,36.1,35.7,36,36.1,36.1,36,36,36,48.1,24.25,35.7,35.9,35.9,36.1,36,35.7,35.9,36.1,35.9,24.3,36.2,35.8,36.1,35.9,35.9,35.7,48,36.1,35.6,24.25,36.1,36.2,35.9,35.8,35.8,35.9,35.7,36,35.9,24.3,48,36,35.4,36.1,36,35.9,35.9,35.8,36.2,24.25,35.9,35.9,35.8,35.9,35.9,36.1,36.1,48.1,35.9,24.3,36.1,35.8,35.8,35.9,35.9,35.7,36.8,36.3
0.0000584,36,35.9,36,35.9,48,35.6,36,35.8,48,35.8,35.7,24.38,35.9,35.7,36.1,36.1,35.9,36.1,35.8,35.9,35.8,24.3,48,35.8,35.8,35.9,35.4,36,35.8,35.8,35.9,24.34,35.9,35.9,36,35.9,35.9,36.1,36,36,48,24.34,35.8,36,36.1,36.1,35.9,35.6,35.8,35.9,35.9,24.21,36.2,35.9,36.2,36,35.9,35.8,47.9,36.1,35.8,24.25,36,36.2,35.8,35.9,35.7,35.9,35.8,35.8,35.8,24.3,48,36,35.5,35.8,35.9,36,35.8,35.8,36.1,24.39,36,35.7,35.9,35.7,36,36.2,36.1,48,35.9,24.35,36.1,35.8,35.8,35.9,35.9,35.8,36.6,36.4
0.0000586,35.9,35.9,35.9,35.9,48,35.6,36.1,35.8,48,35.8,35.9,24.26,35.6,35.7,35.9,36.2,35.9,36,35.8,36,35.8,24.3,48,35.8,35.8,35.6,35.6,35.9,35.7,35.9,35.9,24.3,36.1,35.9,36,36,36,36.1,35.9,35.9,47.9,24.3,35.9,36,36.1,36.1,35.9,35.7,35.9,35.8,35.9,24.16,36.2,35.9,36.1,36,36,35.8,48,36.1,35.7,24.21,36.1,36.2,35.7,35.9,35.8,36,35.8,35.7,35.9,24.3,48,35.9,35.8,35.8,36,36.1,35.8,35.8,36.1,24.34,35.9,35.8,35.9,35.8,36,36.2,36.1,48,35.9,24.38,36.2,35.9,35.8,35.9,35.9,35.9,36.5,36.4
0.0000588,35.8,36,35.9,35.9,48,35.8,36.1,35.8,48,35.8,36,24.3,35.7,35.8,35.9,36,35.9,36,35.8,36,35.8,24.34,48,35.6,35.8,35.7,35.8,35.9,35.6,36,35.9,24.34,36.1,36,36,35.8,35.9,36.2,35.9,36,48.1,24.3,35.8,36.1,36.2,36,35.8,36,35.9,35.8,35.8,24.26,36.2,35.9,36.1,36,36,35.9,47.9,36.1,35.8,24.26,35.8,35.9,35.6,35.9,35.8,35.8,35.8,35.7,35.7,24.35,48,35.9,35.9,35.7,35.9,36,35.8,35.8,35.9,24.34,35.9,35.8,35.9,35.8,36,36,36.2,48,35.9,24.35,36.2,36.1,35.8,35.9,35.8,36,36.2,36.4
0.000059,35.9,35.9,36,35.8,48,36,36,35.8,48.1,35.9,35.9,24.39,35.9,35.8,35.9,35.9,35.8,35.8,36,36,35.8,24.35,48,35.7,35.9,35.7,35.8,36.1,35.6,36.1,35.6,24.26,35.9,35.9,35.9,35.8,35.9,36,35.9,35.9,48,24.34,35.9,36.1,36.1,35.9,35.8,36,36,35.7,35.9,24.29,36.1,35.8,36.1,36,35.9,35.9,48,36,35.9,24.34,35.9,35.8,35.5,35.9,35.9,35.8,35.9,35.6,35.8,24.26,48,35.9,36.2,35.7,36,36.1,35.8,37.6,35.7,24.3,35.8,35.9,35.9,35.6,36,35.9,36.1,48,35.8,24.39,36.1,36.1,35.9,35.9,35.8,36.1,36.2,36.4
0.0000592,35.9,36.1,35.9,35.8,48,36.1,35.8,35.8,48,36,36,24.25,35.8,35.8,35.8,35.8,35.8,35.6,36.1,36,35.8,24.25,48,35.7,35.8,35.9,36,36,35.7,36.1,35.6,24.34,35.8,35.9,35.7,35.6,35.9,36.1,35.8,35.8,48,24.26,35.9,36.1,36.2,35.9,35.7,36,36,35.8,35.9,24.26,35.9,35.8,35.9,36,35.9,35.9,48,36.1,35.9,24.3,35.8,35.5,35.5,36,35.9,35.8,35.8,35.6,35.9,24.25,48,35.9,36.3,35.7,36,36.1,35.8,43.9,35.7,24.29,35.9,35.8,35.9,35.6,36,35.9,36,48,36,24.38,36.1,36.1,36,35.9,35.8,36,36.1,36.2
0.0000594,35.9,35.9,35.9,35.9,48,36.2,35.9,35.8,48,36,36.1,24.38,35.5,35.8,35.9,35.6,35.6,35.6,36.2,36,35.8,24.26,48,35.8,35.9,35.8,36.1,36.1,35.7,36,35.6,24.34,35.7,36,35.7,35.6,35.8,35.9,35.8,35.8,48,24.26,36,36,36.1,35.8,35.9,36.1,36,35.8,35.9,24.26,35.8,36,35.9,36,35.8,35.9,48,35.9,35.9,24.3,35.8,35.5,35.8,35.9,35.9,35.8,35.9,35.8,35.9,24.26,48.1,35.8,36.2,35.7,35.9,36,35.9,47.6,35.7,24.21,35.9,36,35.9,35.8,35.9,35.7,35.9,48.1,35.9,24.21,35.8,36.1,36,35.7,35.8,35.9,36.2,36.4
0.0000596,36,36.1,35.9,36.7,48,36.2,36,35.7,48,36,36,24.25,35.6,35.8,36.1,35.5,35.8,35.6,36.2,36,35.8,24.26,48,35.8,35.9,35.9,36,36,35.9,35.8,35.8,24.3,35.6,36.5,35.8,35.5,35.9,35.9,35.8,35.8,47.9,24.25,35.9,36,35.9,35.8,36.1,36.1,36,35.9,36.1,24.26,35.7,36.1,35.8,38.5,35.8,35.8,47.9,36.1,36,24.3,35.8,35.5,35.9,35.9,36.1,35.9,37.2,35.8,35.9,24.3,48.1,35.9,36.2,35.8,35.3,35.9,35.9,47.9,35.7,24.38,35.8,35.9,36,35.9,35.9,35.7,35.7,48,35.8,24.3,35.8,36.1,36.2,35.8,35.8,35.9,36.2,36.4
0.0000598,36,35.9,35.9,42.6,48.1,36.1,41.4,35.8,48,39.8,35.9,24.34,35.9,35.8,40,35.5,35.6,39.5,36.2,36,36.3,24.38,48,35.9,35.9,35.9,36.1,35.9,36.5,35.8,35.9,24.3,35.6,40.1,35.8,35.7,38.5,35.8,36,36.8,48.1,24.3,36,35.8,36.4,35.7,36.2,38.2,36,36,37.8,24.3,41.1,36.1,35.8,44.9,35.8,35.8,48,36.1,36,24.21,37.3,35.7,36,37.7,35.9,35.8,40,35.8,35.9,24.3,48,39,36.2,35.9,41.4,35.9,35.8,47.8,35.8,24.3,35.9,36,35.9,35.5,35.8,35.6,38.8,48,36,24.34,41.2,36.1,36.2,35.7,35.8,35.9,36.3,36.2
0.00006,35.9,36,35.9,47.4,48,36,47,35.9,48,46,36,24.26,36,35.9,46.1,35.5,35.6,45.9,36.1,36.1,42.4,24.3,48.1,36,35.9,40.4,35.9,35.9,42.8,35.8,35.9,24.25,35.6,46.7,35.7,35.9,45.1,35.7,36,42.6,48.1,24.3,35.9,35.8,42.5,35.8,36.1,44.7,36,36.2,44.3,24.26,47.1,35.9,35.9,47.7,35.8,36.7,48,36.2,40,24.3,43.3,35.8,36,44.2,35.9,35.9,46.6,36,36,24.34,48.1,45.9,35.8,36,46.7,35.9,36.7,47.9,35.9,24.3,36,36,36.1,40.7,35.7,35.6,45.5,48.1,36.2,24.3,46.9,35.8,38,35.8,35.9,39.8,36.4,36.2
0.0000602,35.9,36.1,39.7,47.8,48,36.7,47.9,36,48,47.7,35.9,24.3,35.9,37.9,47.9,35.7,36.1,47.7,36,35.9,47.2,24.25,48,36,36,46.8,35.8,35.9,47.4,35.8,36.2,24.26,37.2,47.7,35.9,37.1,47.7,35.7,36,47.3,48.1,24.16,35.8,35.7,47.2,35.9,36.2,47.7,36,36.2,47.7,24.34,47.9,36,37.5,47.9,35.9,42.6,48,36.1,46.1,24.3,47.6,36.1,36.1,47.5,35.9,36,47.9,36,36.2,24.25,48,47.8,35.9,36.4,47.9,35.8,40,48,38,24.34,41.8,36.2,36,46.8,35.7,35.8,47.8,48,38.1,24.34,48,35.9,44.1,35.8,35.8,45.8,36.6,36.2
0.0000604,35.9,36,45.8,47.9,48,42.7,47.9,36,48,47.9,35.9,24.43,36.1,44.3,48,35.8,41.9,47.8,36,38,47.9,24.34,48,35.8,37.5,47.8,35.8,38.4,47.8,35.7,37.3,24.34,42.8,47.8,35.9,43,47.9,35.7,38.4,47.8,48.1,24.3,35.9,37.8,47.9,36,39.7,47.7,36,40.3,47.8,24.17,47.9,35.9,43,47.9,35.9,47.3,48,37.2,47.8,24.34,47.9,36.2,39.9,47.8,36,39.8,47.9,36,41.6,24.34,48,47.9,35.7,42.4,48,35.7,46.7,47.9,44.6,24.47,47.3,36.1,35.8,47.9,35.8,38.4,47.9,48,44.7,24.38,47.9,35.8,47.8,35.9,36,47.7,36.6,36.1
0.0000606,35.9,37,47.7,47.9,48.1,47.1,47.9,36.1,48,47.9,35.9,24.3,36.2,47.6,47.9,36,47.3,48,35.8,44.4,48,24.3,47.9,36,43.1,48,35.8,44.6,47.9,35.8,43.2,24.33,47.5,48,35.8,47.3,47.9,35.7,44.8,48,48,24.3,35.9,44.4,48,36,46.1,47.9,35.9,46.1,48,24.26,47.9,36.1,47.6,48,36.2,47.9,48,40.3,48,24.3,47.9,36.3,46,48,35.9,45.9,47.9,36,47.2,24.42,48,48,35.6,47.3,47.9,35.9,47.8,48,47.5,24.47,47.9,35.9,40.5,47.8,35.8,45.2,47.9,48,47.6,24.52,47.9,35.9,47.8,35.9,38.5,47.9,36.7,36.2
0.0000608,35.9,42.9,47.9,48.1,48,47.8,48,40,48.1,48,36.1,24.38,40.1,48,48,39.1,47.9,47.9,35.9,47.5,48,24.25,48,36.1,47.5,48,35.6,47.5,48,35.8,47.5,24.43,47.8,47.9,39.9,48,47.9,34.8,47.7,47.8,48,24.21,36.7,47.6,48,36.1,47.7,48,37.2,47.8,48.1,24.26,47.9,37.2,48,48.1,42.2,48,48,46.7,47.9,24.25,47.9,36.5,47.8,48,36,47.7,47.9,38.5,47.8,24.51,48,48,37.2,47.9,48,41.9,47.9,48,47.8,24.57,48,35.9,46.7,48,35.7,47.8,48,48,47.9,24.52,48,41.2,48,35.9,44.8,48,36.5,36.1
0.000061,36,47.3,48,48,48,47.8,48,46.1,48,47.9,41.8,24.43,46.3,48,47.9,46,48,48,40.1,47.9,48,24.34,48,39.7,47.9,48,37.3,48.1,47.8,38.4,47.9,24.43,47.9,48,46,47.9,48.1,40.8,47.9,48,48,24.34,39.8,48,47.9,39.7,47.9,47.9,42.8,47.9,47.9,24.26,47.9,42.9,47.9,47.9,47.3,47.9,48,47.9,48,24.25,48.1,41.9,47.9,47.9,41.4,48,48,44.8,48,24.56,48,48,43.3,47.8,47.9,47.3,47.9,47.9,47.9,24.52,48.1,34.8,47.7,48,41.4,47.9,47.8,48.1,47.8,24.56,48,46.9,48,37.4,47.5,48,36.5,36.2
0.0000612,35.9,47.8,48,48,48,47.9,47.9,47.7,48,48,47.2,24.52,47.9,47.9,48,47.7,48,48.1,46.7,48,48,24.34,48,46,48,47.8,43,48,48,45.2,47.9,24.51,47.9,47.9,47.8,48,48,46.8,47.9,47.8,48,24.47,46.5,48,48,45.9,48,48,47.4,47.9,48,24.34,47.9,47.4,48,48,47.9,48,48,48,48,24.26,48,47.2,48,47.9,46.9,48,48,47.4,48,24.61,48,48,47.6,48,48,47.9,48,47.9,48,24.61,47.9,41,47.9,48,47,47.9,47.9,48,47.9,24.61,48,48,48,42.9,47.9,48,36.5,36.3
0.0000614,35.9,48,48,48,48,48,48.1,48,48,48.1,47.9,24.51,48,48,48,47.9,47.9,48,47.7,48,48,24.26,48.1,47.7,47.9,48,47.6,47.9,47.9,47.7,47.9,24.52,47.9,48,47.9,47.9,47.9,47.8,47.9,47.8,48,24.43,47.9,47.9,48.1,47.6,47.9,48,48,48,48,24.3,48,47.9,47.9,48,47.9,48,48,48,48,24.25,48,47.9,47.8,48,47.9,48,48,48,48,24.52,48,47.9,47.7,48,48,47.9,48,48,47.9,24.56,48,46.7,48.1,48,48,48,47.9,48.1,48,24.47,48,48,48,47.6,47.9,47.9,36.4,36.1
0.0000616,35.8,48,48,48,48,47.8,48,47.9,48,48,47.8,24.52,48,48,48.1,47.9,48,48,48,48,47.9,24.33,48,47.9,47.9,48,48,48,48,47.9,47.9,24.6,48,48,47.9,47.9,48,48,48,48,48,24.44,47.8,48,48,48,47.9,48,47.9,47.9,47.9,24.43,48,47.9,47.9,48.1,48,48,48,47.9,47.9,24.34,47.9,48,48,48,48,47.9,48,47.9,47.9,24.56,48,48,47.8,48,47.9,48,48,48,47.9,24.57,47.9,47.8,48,48,48,48,47.9,48,48,24.57,48,48,47.9,48,48,47.8,36.2,36.1
0.0000618,35.8,47.9,47.9,48,48,48,48.1,47.8,48,48,47.9,24.48,47.9,47.9,48,48,48,48,48,47.9,48,24.38,47.9,48,48,48,48,48,48,48,48,24.52,47.9,48.1,48,47.9,48.1,47.9,48,48,48,24.52,47.9,47.9,47.9,47.8,47.9,48,47.9,48,47.9,24.52,47.9,48,48,47.9,48,47.9,48,48,48,24.34,48,48,47.9,48,47.9,48,48,47.7,48,24.56,48,48,48,48,48,47.9,48,48,48,24.52,48,48,47.9,48,48,47.9,48,48,48,24.52,48,47.9,48,47.9,47.8,48,36.2,36.2
0.000062,35.8,48,48.1,48,48,48,48.1,47.9,48,47.9,48,24.52,48,47.9,48,47.9,48,48,47.8,48,48.1,24.48,48,48,48,48,47.9,48,48,48,47.9,24.52,48,48.1,48,47.9,48.1,48,47.9,48.1,48.1,24.48,48.1,48,48,47.9,47.9,48.1,47.8,48,48,24.48,48,47.8,47.9,47.9,47.9,48,48,48,48,24.56,48,48,47.9,48,47.9,47.9,48,47.9,47.9,24.56,48,48,48,48,48,47.8,48,48,47.9,24.52,48,47.9,47.9,48.1,48,47.9,47.8,48,48,24.52,47.9,48,47.9,47.9,48,47.9,36.1,36.3
0.0000622,35.7,48,48,47.9,48,48,48,48,48,48,47.9,24.44,48,48,48,47.9,48,48.1,48,48,47.9,24.47,48,47.9,48.1,48,47.9,48,48,48,48.1,24.48,47.9,47.9,47.9,48,48,47.9,47.9,47.9,48.1,24.56,47.9,48,48,48,48,48,48,47.9,48,24.44,48,47.9,48,48,47.9,48,48,47.9,48,24.52,48,48,48,48.1,48,48,48,47.8,48,24.56,48,48,48,48,48,47.9,47.9,48,48,24.61,48,48,48,48.1,47.9,48,48.1,48.1,48,24.47,48,48,48,48,47.9,47.9,36.3,36.2
0.0000624,35.9,48,47.9,48,48,48,48,48,48,47.9,47.9,24.47,47.9,47.9,48,48,48.1,47.9,47.9,48.1,48.1,24.56,48,48,48,48,48,48,48,47.9,48,24.43,48,48,48,47.9,48.1,48,48,48,48,24.52,48,47.9,48,48.1,48,48,47.9,47.9,48,24.48,48,48,48,48,48,47.9,48,47.9,48.1,24.44,48,47.9,47.9,47.9,48,48,48.1,47.9,48,24.52,48,48,48,48,48,47.9,48,48.1,48,24.51,48,48,47.9,48,48,48,48,48.1,48,24.52,48,48,48.1,47.9,47.9,48,36.2,36.2
0.0000626,35.8,48,48,48,48,48,48.1,47.9,48,48,48,24.52,47.9,47.9,48,48,48,47.9,47.9,48,47.9,24.6,48,48,48,48,48,48,48,48,48,24.47,48,47.9,47.9,48,48,47.9,48,48,48.1,24.52,48,48,48,48,48,48,48,48,48,24.56,48,48,48,48,48,48,48,48.1,48,24.56,48,47.9,48,48,48,48,48,48,48,24.56,48,48,47.9,48,47.9,47.9,48,48,48,24.56,48,48,48,48,47.9,47.9,47.9,48,48,24.48,48,48,47.9,48,48,47.9,36.1,36.3
0.0000628,35.8,48.1,48,48,48.1,48,48,48,48,48,48,24.51,48,48,48,48.1,48.1,48,48,48,48,24.52,48,48.1,48.1,48,48,48,48,48,48,24.48,48,47.9,47.9,48,48,48,48,47.9,48.1,24.38,47.9,47.9,47.9,47.9,48,48,48,48,47.9,24.6,48,47.9,48,47.9,48,48,48,48,48,24.48,48,48,48,48,48,48,48,48,48.1,24.56,48,48,48,48,48,48,48,48,48,24.56,47.9,48,48,47.9,48,47.9,47.9,48,48,24.47,48,48,48,48,47.9,48,36.2,36.2
0.000063,35.9,47.9,47.9,47.9,48,48,48,48,48,48,48.1,24.51,48.1,48,48.1,48,47.9,48,48,48,48.1,24.52,48,48,48,47.9,48,47.9,48,48,48.1,24.52,47.9,48,48,48,47.9,48,48,48,48,24.48,48,48,48.1,48,48,47.9,48,48,48,24.48,48,48,48,48,48,48,48,48,48,24.56,48,48,48,48,48.1,48.1,48,47.9,47.9,24.52,48,48,48,48,48,48,48,48.1,48,24.52,48,47.9,47.9,48,48,48,48,48,48,24.61,48.1,48,48,48.1,47.9,47.9,36.3,36.1
0.0000632,35.9,48.1,48,48.1,48.1,48,48.1,48,48.1,47.9,48.1,24.47,47.9,48,48,48,48,48,48.1,48,48,24.57,48,48,48,48,47.9,48,47.9,47.9,48,24.52,48,48,48,48,48,47.9,48,47.9,48,24.52,47.9,48,48,48,48,48.1,48,48,48,24.47,48,48,48,48,48,48,48,48,47.9,24.56,48,48,48,48,48,48,48,48.1,48,24.56,48,48,48,48.1,48,48,48,48.1,48,24.56,48,48,48,48,48,48,48,48,48,24.7,48.1,48.1,48,48,48,48,36.3,35.9
0.0000634,36,48.1,48.1,48,48.1,48,48,48.1,48,48,48,24.52,48,48,48.1,48,48,48.1,47.9,48,48,24.48,48,48,48.1,48.1,48.1,48,48.1,48.1,47.9,24.52,48,48,48,48,48,48,48,47.9,48,24.56,47.9,48,48.1,48,48,48,48,47.9,47.9,24.43,48,48,48,48.1,48,48,48,48,48,24.52,48.1,47.9,48.1,48,48,48.1,48,47.9,48,24.52,48,48.1,48,48.1,48,48,47.9,48.1,48,24.47,48,48,48.1,48,48,48,48,48,48,24.6,48.1,48,48,48,48,48,36.2,36
0.0000636,35.9,47.9,47.9,48.1,48.1,48,48,47.9,48,48,48,24.52,47.9,48.1,48,48,47.9,48.1,48,47.9,48.1,24.47,48,48,48,47.9,48.1,48.1,48,48,48,24.47,48,48,48,48,48,48,47.9,48.1,48,24.48,47.9,47.9,48,48,48.1,48.1,48,48.1,48,24.47,48,48,48.1,48,48,48,48,48,48,24.48,48,48,48,48,48,48,48,47.9,48,24.56,48,48,48,48,48,47.9,48,48,48,24.61,48,48,47.9,48,48,47.9,48,48.1,48,24.57,48,48,48,48,48,48,36.3,35.7
0.0000638,36,48,48.1,48,48.1,48.1,48,47.9,48.1,48.1,48,24.52,48.1,48.1,48.1,48,48,48.1,48,47.9,48,24.51,48,48,48,47.9,47.9,48,48.1,48,48,24.52,48,47.9,48,48,48,48,48.1,48,48,24.52,48,48,48.1,48,47.9,48,48,48,48,24.52,48,47.9,48,48,48,48,48,48.1,48,24.48,48,48.1,48,48,48,48,47.9,48,47.9,24.61,48,48,48,48,48.1,48,48,48.1,48.1,24.65,48,48,48,48,48.1,48,48,48,48,24.51,48,48,48,48,48.1,48,36.3,35.7
0.000064,36,48,48,48,47.9,48,48,48,48.1,48,47.9,24.56,48,48,48,48,48.1,48,48.1,48,48,24.52,48,48,48.1,48,48,48,48,47.9,47.9,24.65,48.1,48,48.1,48,48,48,48.1,48,48.1,24.43,48,48,48,48,48,48.1,48,48,48.1,24.39,48,48,48.1,47.9,48,48,48,48,48,24.52,48,48,48,47.9,48,48,48,48,48,24.74,48.1,47.9,48,48,48,48,48,48,48,24.65,48,48,48,48,48,48,48,48,48,24.74,48,47.9,48,48,48,48,36.3,35.7
0.0000642,35.9,48,47.9,48,48,48,48,48,48,48.1,48,24.65,48,48,48,48,48,48,48,48,48,24.51,48,48,48,48,48,48,48,48,48,24.65,48,48,48,48,48,47.9,48,48,48.1,24.56,48.1,48,48,48,48,48,48,48,48.1,24.48,48,48,48,48,48,48,48,48,47.9,24.47,48,48,48,48,48,48.1,48,47.9,48,24.65,48,48,48,48,48,48,48,48,48,24.69,48,47.9,48,48,48,48,47.9,48,48,24.74,48,48,48,48,48,48,36.3,35.8
0.0000644,35.8,48.1,48,48,48,48,48.1,47.9,48,48,48,24.6,48.1,48,48,48,48,48,48,48.1,48.1,24.52,48,48,48,48,48,48,48,48.1,48.1,24.78,48,48.1,48.1,48,48.1,48,48,48,48.1,24.56,48,47.9,48,48,48,48,48.1,48,48,24.52,48.1,48.1,48.1,48.1,48,48,48,48.1,48,24.43,48,47.9,48,47.9,48,48,48,48,48,24.82,48,48,48,47.9,48,47.9,48.1,48,48,24.78,48,48.1,47.9,48,48.1,48,48,48.1,48,24.74,48.1,48,48,48,48,48,36.3,35.9
0.0000646,35.8,48,48,48,48.1,48,48.1,48.1,48,48,48,24.69,47.9,48,48.1,48,48,48,48,48.1,47.9,24.52,48,48,48.1,48,48,48,48,48,48,24.7,48,48.1,48.1,48,48,48,48,48,48,24.65,48.1,48,47.9,48,48.1,48,48.1,48,48,24.48,48,48,48,48,48,48.1,48,48.1,48,24.56,48,48,48,48,48,48,48,47.9,48,24.69,48,48,48,48,48.1,48,48,48,48,24.74,48,48,48.1,48,48.1,48,48,48,48,24.78,48,48.1,48,48,48,48,36.2,36.1
0.0000648,35.7,48,47.9,48,48,48.1,48.1,48,48,48,48.1,24.78,48,48,48.1,48,48,48,48,48.1,47.9,24.47,48.1,48.1,48,48.1,48,48,48,48,48,24.74,48.1,48,48.1,48,48,48,48.1,48,48,24.65,48,48,48,48,48.1,48,48,48,48,24.52,48,48,48.1,48,48.1,48,48,48,48,24.43,48,48,48,48.2,48,48,48,48,47.9,24.7,48,48.1,48,48.1,48,48,47.9,48.1,48,24.7,48,48,48,48,48,47.9,48,48,48,24.69,48.1,47.9,48,48,48,48,36.2,36.3
0.000065,35.6,48,48,48,48.1,48.1,48,48,48,48,48,24.7,48,48,48,48,48,47.9,47.9,48,48,24.6,48.1,48.1,47.9,48,48,48,48,48,48.1,24.78,48.1,48.1,48,48,48.1,47.9,48,47.9,48,24.73,48,48,48.1,48,48,48,48,48,48,24.65,48,48,48,48.1,48,48.1,48,48,48,24.51,48,47.9,48,48,48,47.9,48,47.9,47.9,24.74,48,48,48,48,48,47.9,48.1,48,48,24.74,48,47.9,48.1,48,48,48,48,48.1,48,24.65,48,48,48,48,48,48,36.2,36.4
0.0000652,35.6,48,48,48.1,48,48.1,48,48,48,48.1,48,24.78,48,48,48,48,48,48,48,48,48,24.74,48,48,48,48,48.1,48,48,48,48,24.78,48.1,48,48,48,48,48,48,48,48,24.65,48,47.9,48,48.1,47.9,48,48,48,48,24.65,48,48,48,47.9,48.1,48,48,48,48,24.65,48,48,48.1,48.1,48,48,48,48,48,24.65,48.1,48,48,48,48,48.1,48,48,48,24.78,48,48,48,48,48,48,48,48.1,48,24.83,48,48,48.1,48,48,48.1,36.1,36.5
0.0000654,35.7,48,48.1,48,48,48,48,48.1,48,48.1,48.1,24.78,48,48,48,48,48,48,48,48,48.1,24.65,48,48,48,48,48.1,48,48,48.1,48,24.65,48,48,48,48,48,48,48,48,48,24.78,48,48,48,48,48,48,48,48,48,24.7,48,48,48,48,48,48.1,48,48,48,24.7,48.1,48,48.1,48.1,48,48,48,48,48,24.78,48,48,48,48,48.1,48,48,48,48,24.78,48,48,48,48.1,48,48,48,48,48.1,24.78,48,48,48.1,48,48,48,36.2,36.4
0.0000656,35.7,48,48,48,48.2,48,48.1,48.1,48,48,48,24.7,48,48,48,48,48.1,48,48,48,48,24.74,48,48,48.1,48.1,47.9,48,48,48.1,48,24.65,48.1,48,48,47.9,48,48,48,48,48,24.74,48,48.1,48.1,48,48,48,48.1,48,48,24.69,48,48.2,48,48,48,47.9,48,48,48,24.74,48,48.2,48.1,48,48,48,48.1,48,47.9,24.78,48.1,48.1,47.9,48,48,48,48,48,48,24.86,48,48,48,48.1,47.9,48,48.1,48,48,24.69,48,48,48,48,48,48,36.1,36.2
0.0000658,35.9,48.1,48,47.9,48,48.1,48,48,48,48,48.1,24.74,48.1,47.9,48,48,48,48,48.1,48,48,24.7,48.1,48.1,48,48,48.1,48,48.1,48,48,24.7,48,48,48,47.9,48,48,47.9,48,48,24.7,48,48.1,48,48,48,48,48,48,48.1,24.73,48,48,48,48,48.1,47.9,48,48,48,24.7,48.1,48,48,48,48.1,48.1,48,47.8,48,24.83,48.1,48,48,48,48,48,48,48,48,24.78,48.1,48,48.1,48,48.1,48,48,48.1,48,24.82,48,48,48.1,48,48,48,36.2,36.1
0.000066,36,48.1,48,48.1,48.1,48,48,48.1,48,48,48,24.78,48,48,48,48,48,48,48.1,48,48,24.78,48,48.1,48,48,48.1,48,48,48,48,24.69,48,48,48.1,48,48,48.1,48.1,47.9,48,24.69,48,48.1,48,48,48,48,48,48,48,24.74,48.1,48,48,48,48,48,48.1,47.9,48,24.74,48,48,48,48,48,47.9,47.9,48,48,24.78,48,48.1,48.1,48,48,48.1,48,48,48.1,24.82,48,48,48.1,48,48.1,48,48,48,48,24.7,48,48.1,48,48,48,48.1,36.2,36
0.0000662,36.1,48,48,48,48,48,48,48.1,48,48.1,48,24.86,48,48,48,48.1,48,48,48,48,48,24.74,48,48.1,48,48,48.1,48,48,48,48.1,24.74,48.1,48,48,48.1,48,48.1,48.1,47.9,48,24.7,48,48.1,48,48.2,48,48,48.1,48.1,48.1,24.7,48,48,48,47.9,48,48,48,48,48,24.74,48,48,48,48,48,48,48,48,48,24.82,48,48,48,48,48.1,48,48.1,48,48,24.78,48,48,48,48.1,48,48,48,48,48,24.78,48,48,48,48,48,48.1,36.3,35.9
0.0000664,36.2,48,48.1,48.1,48.2,48,48.1,48,48.1,47.9,48,24.82,48,48,48,48.1,48,48.1,47.9,48,48,24.78,48,48,48.1,48,48,48,48,47.9,48,24.78,48.1,48,48,48,48.1,48,48.2,48,48,24.74,48,48.1,47.9,48,48,48,48.1,48,48,24.69,48,48,48,48,48,48,48.1,48.1,48,24.6,48,48,48,48,48,48.1,48,48,48,24.7,48,48,48,48,48,48,48.1,48,48,24.86,48,48,47.9,48,47.9,48,47.9,47.9,48,24.74,48,48,48,48,48.1,48,36.2,35.8
0.0000666,36.2,48,48,48.1,48,48,48,47.9,48,48,48,24.78,48,48,48,48,48,48,48.1,48,48,24.6,48,48.1,48,48,48,48,48,48.1,48,24.82,48,48,48,48,48,48,48,48,48,24.74,48,48,48,48,48,48.1,48,48,48,24.74,48,48.1,48,48,48,48,47.9,48,47.9,24.7,48,48,48.1,48,48,48,48.1,48,48,24.82,47.9,48,48,48,48,48,48,48,48.1,24.83,48,48,48,48.1,48,48,48,48,48,24.78,48,48,48,48,48,48.2,36.3,36
0.0000668,36.1,48,47.9,48,48.2,48,48,48,48,48,48,24.82,48,48,48,48.1,48,48,48,48.1,47.9,24.69,48,48,48,48,48,48.1,48.1,48.1,48,24.74,48,48,48,48,48,48,47.9,48,48,24.82,48,48,48.2,48,48.1,48,48,48,48,24.65,48.1,48.1,48,48,48,48.1,48.1,48,48,24.7,48,48,47.9,48,48,48,48,48,48,24.87,48.1,48,48,48,48,48,47.9,48,48.1,24.86,48,48,48,48,48,48,48,48,48,24.78,48,48.1,48,48,48.1,48,36.2,36.1
0.000067,35.9,48,48.1,48,48,48.1,48,48,48.1,48.1,48,24.86,48,48,47.9,48,48,48,48,48,48,24.7,47.9,48,48.1,48.1,48.1,48.1,48.1,48,48,24.82,48,48,48,48,48,48,48,48,48,24.74,48.1,48,48,48,48,48,48,48,47.9,24.74,48,48,48,48,48.1,48,48,48,48,24.74,48,48,48,48,48,48.1,48,48,48,24.79,48.1,48,48,48,48,48.2,48.1,48,48.1,24.86,48,48,48,48,48,48,48,48,48,24.86,48,48,48.1,48,48,48,36.2,36.1
0.0000672,35.9,48,48,48,48,48,48,48,48,48,48,24.83,48,48,48.1,48.1,48,48,48,48.1,48,24.78,48.1,48,48.1,48,48,48,48,48,48.1,24.87,48,48,48,48.1,48,48,48,47.9,48,24.82,48,48.1,48,48.1,48,48.1,48,48.1,48.1,24.7,48,48,48,48,48,48,48,48,48,24.74,48.1,48,48,48,48,48,47.9,48.2,48,24.82,48.1,48,48,48,48,48,48,48,48,24.86,48,48,48,48,48,47.8,48,48,48,24.82,48,48,48,48,48.1,48,36,36.4
0.0000674,35.6,48,48,48,48.1,48,48,48,48,48,48,24.91,48,48.1,48,48.1,48,48,48,48,48,24.78,48,48,48,48,48,47.9,48,48.1,48.1,24.87,48,48,48,47.9,48,48,48,48,48.1,24.79,48,48,48,48,48,48.1,48.1,48,48,24.78,48,48,47.9,48.1,48,48,48,48.1,48,24.78,48,48.1,48,48,48,48,48,48,47.9,24.82,48,48,48,48,48,48,48,48,47.8,24.91,47.9,48,48,48,48,48,48,48,48,24.86,48,48,48,48,48,48,36.1,36.4
0.0000676,35.6,48,48.1,48,48,48,48.1,48,48.1,48,48.1,24.87,48,48.1,48.1,48.1,48,48,48,48,48,24.82,48,48,48,48,48.1,48,48,48.1,48,24.87,48,48,48,48,48,48,48,48,48,24.83,48,48.1,48.1,48,48.1,48.1,48,48,48,24.82,48.1,48,48,48,48,48,48,48,48,24.78,48,48,48,48,48,48,48,48.1,48,24.96,48,48,48,48,48,48.1,48.1,48,48,24.96,48,47.9,48,48,48,48,48.1,48,48,24.91,48,48,48,48,48,48,36,36.5
0.0000678,35.6,48,48,48,48,48,48,48.1,48,48,48,24.91,48,48.1,48.1,48,48,48,48,48,48,24.87,48,48,48,48.1,48.1,48,48,48,48.1,24.82,48,48,48.1,48.1,48,48,48,48,48,24.82,48,48,48,48,48,48.1,48.1,48.1,48,24.78,48,48,48,48,48,48,48,48,48,24.78,48,48,48,48,48,48.2,48,48,48.1,24.96,48.1,48,48,48.1,48,48,48,48,48,24.96,48,48,48,48,48,48.1,48,47.9,48,24.96,48,48,48,48,48,48,35.9,36.5
0.000068,35.6,48,48.1,48,48,48,48,48.1,48,48,48,24.91,47.9,48,48,48,48.1,48,48,48,48,24.91,48,48,48,48,48,48,48,48,48,24.87,48.1,48.1,48,48,48,48,48.1,48,48.1,24.78,48.1,48,48,48,48.1,48,48,48,48.1,24.78,48,48,48,48.1,48,47.9,48,48,48,24.86,48,48,48.1,48,48,48.1,48,48,48,24.91,48.1,48,48,48.1,48,48.1,48,48,48,24.96,48,48,48,48,48.1,48.1,48,48,48,24.96,48,48.1,48,48,48,47.9,36.1,36.3
0.0000682,35.7,48,48,48.1,48,48,48,48,48.1,48,48,25,48,48,48,48.1,48,48,48.1,48,48,24.91,48,48,48,48.1,48,48,48,48,48,24.88,48,48,48,48,48,48.1,48,48,48,24.83,48,47.9,48.1,48,48.1,48.1,48.1,48,48.1,24.82,48,48,48,48,48.1,48,48,48,47.9,24.83,48,48,48,48.1,48,48,48,48,47.9,25.01,48.1,48,48,48,48,48.1,48,48,48,24.91,48,48,48,48,47.9,48,48,48,48,24.96,48,48,48,48,48,48,36.1,36.2
0.0000684,35.7,48.1,48,48,48,48.1,48,48,48,48,48,24.96,48,48.1,48,48,48,48,48,48,48,24.87,48,48.1,48,48,48,48,48.1,48,48,24.83,48,48,48,48,48,48,48,48,48,24.82,48,48,48,48,48,48,48,48,48,24.92,48.1,48.1,48,48,48,48,48,48,48,24.92,48.1,48,48,48,48,48.1,48,48,48,24.96,48,48,48.1,48,48,48,48,48.1,48.2,25.05,48,48.1,48,48,48,48.1,48,48,48,24.96,48,48,48,48,48,48,36.1,36.1
0.0000686,36,48,48,48,48,48.1,48,48,48,48.1,48,25.01,48,48,48,48.1,48,48.1,48.1,48,48,24.92,48,48,48,48.1,48,48,48,48.1,48.1,25,48,48,48,48,48.1,48,48,48.1,48.2,24.83,48.1,48.1,48,48,47.9,48,48,48,47.9,24.78,48,48,48,48,48,48,48,48,48,24.82,48,48,48,48,48,48,48,48,48.1,25,48,48.1,48,48,48,48.1,48.1,48,48,25.05,48,48,48.1,48,48,48.1,48,48,48.1,25.09,48,48.1,48,48,48,48,36,36
0.0000688,36,48,48,48,48.1,48.1,48,48,48,48.1,48,25.01,48.1,48,48,48.1,48,48.1,48,48,48.1,24.86,48,48.1,48.1,48,48.1,48,48,48,48,24.96,48,48,48,48,48,48,48.1,48,48,24.83,47.9,48,48,48,48,48.1,48,48.1,48,24.82,48,48,48.1,48.1,48.1,48,48.1,48,48,24.78,48.1,48,48,48,48,48,48,48,48,25,47.9,48,48,47.9,48.1,48,48.1,48.1,48.1,25.09,48.1,48,48,48.1,48,48.1,48,48.2,48,25.17,48,48.1,48,48,47.9,48,35.9,36
0.000069,36,48.2,48,48.1,48,48,48.1,48,48,48,48.1,25,48.1,48,48,48,48,48,48.1,48,48,24.87,48,48,48,48,48.1,48,47.9,48,48,24.96,48,48.1,48,48,48,48,48,48,48,24.87,48,48.1,48,48,48.1,48,48,48,48,24.96,48,48,48,48,48,48.1,48,48,48,24.82,48,48,48.1,48,48,48,48.1,48.1,48,25.18,48,48,48,48,48,48,48,48,48,25.22,48,48,48,48.1,48,48.1,48,48,48,25.31,48,48,48.1,48,48,48,35.8,36
0.0000692,36,48.1,48.1,48.2,48,48.1,48,48,48,48,48,25.05,48,48.1,48,48,48,48.1,48,48,48,24.92,48,47.9,48,48,48,48.1,48,48,48,25.05,48.1,48,48,48.1,48,48.1,48,48,48,24.96,48,48,48.1,48,48,48.1,48,48,48,24.83,48,48.1,48,48,48,48,48,48,48,24.92,48.1,48,48,48,48,48.1,48,48,48,25.23,48,48,48,48,48.1,48,48,48,48,25.39,48,48,48.1,48,48,48,48,48,48,25.35,48,48,48,48,48.1,48,35.9,36
0.0000694,35.9,48,48,48,48,48,48,48,48.1,48,48,25.13,48,48,48,48,48.1,48,48.1,48,48,24.96,48,48.1,48.1,48,48,48,48.1,48,48,25.14,48,48,48,48,48,48,48,48,48,25,48,48,48.1,48,48,48.1,48,48,48.1,24.82,48,48.1,48.1,48.1,48,48.1,48.1,48,48,24.96,48.2,48,48,48,48,48,48.1,48,48,25.4,48.1,48.1,48.1,47.8,48,48,48.1,48,48.2,25.8,48,48,48,48,48,48,48,48,48,25.57,48,48,48.1,48,48,48.1,35.8,35.9
0.0000696,35.9,48.1,48,48,48,48,48,47.9,48,48.1,48.1,25.22,48,48,48,48,48,48,48,48,48,25.01,48,47.9,48,48,48,48,48,48,48,25.23,48.1,48.1,48,48,48.2,48,48,48.1,48,24.92,48.1,48.1,48.1,48,48,48.1,48,48.1,48,24.92,48,48.1,48,48,48,48.1,48.1,48,48,24.87,48,48,48,48,48.1,48,48,48.2,48,25.57,48,48,48,48,48,48,48,48,48,25.92,48,48.1,48,48,48,48,48.1,48,48,25.74,48,48,48,48,48,48,35.8,35.9
0.0000698,35.7,48,48,48,48,48,48,48,48,48.1,48,25.27,48,48,48,48.1,48,48,48,48,48,25.01,48,48,48,48.1,48,48.1,48,48,48,25.36,48,48,47.9,48,48,48,48,48,48.1,25.05,48,48.1,48.1,48.1,48.1,48,48,48.2,47.9,24.92,48,48,48,48,48,48,48,48,48,24.92,48.1,47.9,48,48,48,48,48.1,48.1,48,25.79,48,48.1,48,48,48,48,48,48,48,26.19,48,48.1,48,48,48,48,48,48,48,25.97,48,48,48,48,48,48,35.9,35.9
0.00007,35.7,48.1,48,48,48,48.1,48,48,48,48,47.9,25.57,48.1,48,47.9,48.1,48,48.1,48,48,48,24.96,48,48,48,48,48.1,48,48.1,48,48,25.58,48,48,48,48,48,48.1,48,48,48,25.14,47.9,48.1,48,48,48.1,48,48.1,48.1,48.1,24.96,48.1,48.1,48,48,48.1,48,48,48,48,25,48,48,48,48,48,48,48.1,48,48,26.28,48,48,48,48,48,48,48,48,48,26.54,48,48,48,48,48,48,48.1,48,48,26.31,48,48,48,48.1,48,48,35.9,35.8
0.0000702,35.7,48.2,48,48,48,48,48.1,48,48,48,48,25.7,48,48,48,48,48,48,48,48,48.1,25.13,48,48,48,48,48,48,48,48,48,25.63,48,48,48,48,48,48,48.1,48,48,25.32,48,48,48,48,48,48,48,48,48,25,48,48,48,48.1,48.1,48.1,48,48,48,25,48.1,48,48,48,48,48,48,48,48,26.59,48,48.1,48.1,48,48.1,48,48,48,48,26.89,48,48.1,48,48,48,48,48,48.1,48,26.58,48,48,48,48,48,48,36,35.6
0.0000704,35.8,48.1,48,48,48.1,48,48,48,48,48,48,25.88,48,48,48,48,48.1,48.1,48,48,48,25.23,48.1,48,48,48,48,48.1,48,47.9,48,25.76,48,48,48,48.1,48,48,48,48,48,25.41,48,48,48,48,48,48,48.1,48,48,24.96,48,48,48.1,48.1,48,48.1,48,48.1,48,25.09,48,48,48,48,48,48,47.9,48,48,26.9,48.1,48,48,48,48,48,48,48,48,27.3,48,48.1,48,48.1,48,48,48,48,48.1,27.06,48,48,48,48.1,48.1,48,36.3,35.8
0.0000706,35.9,48,48,48,48,48,48,48.1,48,48,48,26.1,48,48,48,48,48.1,48,48,48.1,48,25.32,48,48,47.9,48,48.1,48.3,48,48.1,48,26.07,48,48.1,48,48,48,48,48,48,48,25.72,48,48,48,48.1,48,48,48.1,48,48.1,25.09,48,48.1,48,48,48,48,48,48,48,25.09,48,48,48.1,48,48,48,48,48,48,27.08,48,48,48,48,48,48.1,48,48.1,48,27.56,48,48,48,48.1,48,48,48,48,48,27.47,48,48,48,48.1,48,48,36.2,35.7
0.0000708,36.1,48.1,48,48,48,48,47.9,48,47.9,48,48.1,26.49,48,48,48.2,48,48.1,48.1,48,48.1,48.1,25.54,48,48,48,48,48,48,48,48,48,26.3,48,48,48,48,48,48,48,48,48,25.86,48,48,48,48,48.1,48.1,48,48,48,25.23,48,48.1,48,48,48,48.1,48,48,48,25.26,48,48.1,48.1,48,48.1,48,48,48,48,27.3,48.1,48,48.1,48,48,48,48,48,48,27.96,48,48,48,48.1,48,48.1,47.9,48,48.1,27.86,48.1,48.1,48,48.1,48,48,36.3,35.9
0.000071,36,48.1,48,48.1,48,48,48,48.1,48.1,48.1,48,26.98,48,48,48,48.1,48,48,48.1,48.1,48,25.63,48,48.1,48,48,48,48.1,48,48,48,26.61,48,48,48,48,48,48.1,48,48,48,26.13,48.1,48,48,48.1,48,48,48,48,48,25.5,48.1,48,48,48,48,48,48,48,48,25.32,48,48,48,48,48,48,48,48,48.1,27.57,48,48,48,48,48,48,48,48,48,28.53,48,48,48,48,48.1,48,48.1,48.1,48,28.35,48,48,48,48,48,48,36.2,36.1
0.0000712,36.1,48,48,48,48,48.1,48.1,48.1,48,48.1,48,27.47,48,48,48,48.1,48.1,48.1,48,48,48.1,25.81,48,48,48,48,48,48,48,48,48,26.87,48,48,48.1,48.1,48,48,47.9,48,48,26.3,48,48,48,48.1,48.1,48.1,48,48,48,25.63,48,48,48,48,48,48,47.9,48,48,25.45,48.1,48.1,48,48,48,48.1,48,48,48,27.75,48,48,48,48,48.1,48,48,48,48,29.12,48,48,48,48,48.1,48,48.1,48,48,28.71,48,48,48.1,48.1,48,48,36.1,36.3
0.0000714,36.1,48,48,48,48,48,48.1,48.1,47.9,48,48,28,48,48,48,48.1,48,48,48.2,48,48,25.94,48,48.1,48,48,48,48,48,48,48,27.06,48,48.1,48,48.1,48,48.1,48.1,48,48.1,26.57,48,48,48,48,48,48,48,48.1,48.1,25.94,48,48,48,48.1,48,48,48,48,48,25.72,48.1,48,48,48,48,48,48,48,48.1,28.18,48,48,48,48.1,48,48,48,48,48,29.49,48,48,48,48,48,48.1,48,48.1,48,29.22,48,48,48,47.9,48.1,48,35.9,36.3
0.0000716,36,48.1,48,48,48,48,48.1,48,48,48,48,28.44,48,48.1,48.1,48,48,47.9,48,48,48.1,26.21,48,48.1,48,48.2,48,48,48,48.1,48,27.5,48.1,48,48.1,48,48,48,48,48,48,26.93,48,48,48,48,48,48,48,48.1,48,26.29,48.1,48,48,48,48,48,48,47.9,48.1,25.89,48,48,48,48,48.1,48,48,48,48,28.44,48,48,48,48,48,48,48,48,48,29.73,48,48,48,48,48,48,48,48.1,48,29.59,48,48,48,48,48,48,35.8,36.3
0.0000718,35.7,48,48.2,48,48,48,48,48,48,48.1,48,28.71,48,48.1,48.2,48,48,48,48,48,48,26.34,48,48,48,48.1,48,48.1,48,48,48,27.68,48,48,48.1,48,48,48,48,48,48.1,27.15,48.1,48,48,48,48,48.1,48,48,48,26.65,48,48,48.1,48.1,48,48.2,48,48,48,26.2,48,48,48,48,48,48,48,48,48.1,28.76,48.1,48,48,48.1,48,48,48,48,48,30.06,48,48,48.1,48,47.9,48,48,48,48,30.03,48,48,48,48.2,48,48,35.8,36.2
0.000072,35.7,48,48,48.1,48,48,48,48,48,48,48,29.01,48,48,48,48,48,48,48,48,48,26.56,48,48.1,48,48,48.1,48,48.1,48,48,27.83,48,48,48,48,48,48,48.1,48,48,27.42,48,48,48,48.1,48,48,48,48,48,26.84,47.9,48,48,48,48,48,48.1,48,48,26.43,48.1,48,48,48,48.1,48,48.1,48.1,48,29.13,48,48.1,48,48.1,48,48,48,48,48.1,30.4,47.9,48,48.1,48,48,48,48,48.1,48,30.55,48,48,48,48,48,48,35.8,36.2
0.0000722,35.7,48.2,48,48,48,48,48.1,48,48,47.9,48,29.3,48,48,48.1,48,48,48,48.1,48,48,26.87,48,48,48.1,48.1,48,48,48,48,48,28.1,48,48,48,48.1,48.2,48.1,48,48,48,27.69,48.1,48,48,48,48,48,48,48,48.1,27.11,48,48,48,47.9,48.1,48,48,48,48,26.7,48,48,48,48,48,48.1,48,48.1,48,29.64,48,48,48.1,47.9,48.1,48,48,48.1,48,30.88,48,48,48,48,48,48.1,48.1,48,48,30.99,48.1,48,48,48,48,48,35.8,35.8
0.0000724,35.7,48,48,48,48,48.1,47.9,48,48,48,48,29.48,48,48,48.1,48,48,48,48,48,48,27.01,48,48,48.1,48,48.1,48,48.1,48,48,28.44,47.9,48,48.1,48,48,48.1,48,48,48,27.84,48,48,48.1,48,48,48,48,48,48,27.32,48,48.1,48,48,48,48,48,48,48.1,26.87,48,48.1,48.1,48,47.9,48,48.1,48,48,30.05,48,48,48,48,48,48.1,48.1,48.2,48,30.97,48,48,48,48,48,48,48,48,48,31.32,48,48.2,47.9,48,48,48,35.9,35.8
0.0000726,36,48,48,48,48,48,48.1,48.1,48,48,48,29.86,48,48,48,48,48,48,48,48,48,27.41,48,48,48,48.1,48,48,48,48,48,28.58,48,48.1,48,48,48,48,48,48,48,27.99,48,48,48,48,48,48.1,48,48.1,48,27.51,48.1,48,48,48,48,48.1,48,48.1,48,27.15,48,48,48,48,48,48.1,48,48.1,48,30.37,48,48,48.1,48.1,48,48,48,48,48,31.2,48.1,48,48,48.1,48,48,48.1,48.1,48.1,31.6,48,48,48,48,48,48,35.9,35.8
0.0000728,36.1,48,48,48,48,48,48.1,48,48.2,48,48,30.24,48,48,48,48.1,48,48,48,48,48,27.81,48,48,48,48,48.1,48,48,48.2,48,28.73,48,48.1,48,48,48.1,48.1,48,48,47.9,28.31,48,48,48.1,48,48,48,48,48,48,27.64,48,48,48,48,48.1,48,48.1,48.1,48,27.32,48.1,48,48,48,48,48.1,48,48,48,30.79,48,48,48.1,48,48,48,48,48.1,48,31.3,48.1,48,48.2,48,48,48,48,48,48.1,31.7,48,48,48,48,48,48.1,36.1,35.7
0.000073,36.1,48,48,48,48.1,48.1,48,48,48,48,48,30.68,48,48.1,48,48,48,48,48,48.1,48,28.12,48,48.1,48,48,48,48,48.1,48.1,48.1,28.86,48.1,48,48,48,48.1,48,48,48,48,28.46,48,48.1,48,48,48,48.1,48,48.1,48,27.87,48,48,48,48,48,47.9,48,48.1,48,27.59,48,48,48,48,48,48.1,48,48,48,30.8,48,48,48,48,48,48.1,48,48,48.1,31.6,48.1,47.9,48,48,48,48.1,48,48,48,31.9,48.1,48,48,48,48,48.1,36.1,35.8
0.0000732,36.2,48.1,48,48.1,48,48,48.1,48,48,48,48,31,48,48,48,48.1,48,48.1,48,48,48,28.4,48,48,48,48,48,48,48,48,47.9,29.19,48.1,48,48,48,48,48,48,47.9,48.1,28.82,48,48,48,48,48,48,48.1,48,48,28.06,48,48.1,48,48,48.1,48,48,48.1,48,27.77,48,48,48,48,48,48,48,48,48,31.1,48,48,48.1,48,48,48,48,48.1,48,31.9,48,48,48,48,48,48.1,48,48,48,32,48,48.1,48,48,48,48,36.1,36
0.0000734,36.1,48.1,48,48,48,48.1,48,48,48,48,48.1,31.5,48,48.1,48,48,48,48,48,48,48,28.76,48,48,48,48,48,48,48,48,48.1,29.25,48,48.1,48,48,48.1,48,48,48,48,28.88,48,48.1,47.9,48,48,48,48,48,48,28.3,48,48,48,48,48.1,47.9,48.1,48,48,28.1,48,48,48,48,48,47.9,48,48,48,31.2,48,48,48,48,48,48,48.1,48,48.1,32.3,48,48,48,48,48,48.1,48.1,48,48,32.1,48,48.1,48,48,48.1,48.1,36.1,36.1
0.0000736,36,48,48,48,48,48,48,48,47.9,48,48,31.9,48,48,48,48,48.1,48.1,48,48,48,28.95,48,48,48,48,47.9,48,48.1,48,48,29.35,48,48,48,48,48.1,48,48,48,48,29.35,48,48,48,48,48,48,48,48,48.1,28.54,48.1,48,48,48,48.1,48.1,48.1,48,48.2,28.24,48,48,48,48,48,48.1,48.1,48,48.1,31.4,48,48.1,48,48,48,48,48,48,48.2,32.5,48,48,48,48,48,48.1,48,48,48,32.3,48,48.1,48,48,48,48,36,36.1
0.0000738,35.9,48,48,48,48,48.1,48,48,48.1,48,48,32.1,48,48,48.1,48,48,48,48,48.1,48,29.24,48.1,48,48,48.1,48,48,48.2,48,48,29.55,48,48.2,48,48,48.1,48.1,48,48,48,29.49,48,48,48,48,48.1,48,48.1,48,48,28.83,48,48,48,48,48,48,48,48.2,48,28.48,48,48,48,48.1,47.9,48,48.1,48,48,31.7,48,48,48,48,48.1,48,48,48,48,32.9,48,48,48,48,48,48,48,48,48,32.6,48,48,48,48,48,48,36.2,36.1
0.000074,35.8,48,48.1,48,48,48.1,48,48.1,48,48,48.1,32.2,48,48,48,48,48.2,48,48,48,48.1,29.37,48,48,47.9,48,48,48,48.1,48.1,48.1,29.79,48,48,48,48,48,48,47.9,48,48,29.69,48,48,48.1,48,48.1,48,48,48,48,29.05,48.1,48,48,48,48.1,48,48,48,48,28.71,48,48.1,48,48,48,48,48,48,48,31.7,48,48,48,48,48,48,48,48,48,33.1,48,48,48,48,48,48,48,48,48,32.7,48.1,48,48,48,48.1,48,36,36.1
0.0000742,35.7,48,48,48,48,48,48,48.1,48.1,48,48,32.3,48.1,48,48.1,48,48,48,48.1,47.9,48.1,29.57,48,48,48,48.1,48,48,48.1,48.1,48,29.99,48,48.1,48.1,48,48,48,48,48,48,29.89,48.1,47.9,48.2,47.9,48,48,48.1,48,48.1,29.25,48,48.1,48,48,48,48,48,48,48,28.83,48.1,48.1,48,48.1,48,48.1,48.1,48.1,48,31.9,48,48,48,48,48,48,48,48,48,33.3,48.1,48,48,48,48,48.1,48,48,48,33.1,48,48,48.1,48,48,48,35.9,36.1
0.0000744,35.7,48,48,48,48,48,48.1,48,48,48,48,32.6,48,48,48.1,48,48.1,48,48,48.1,48,29.67,48,48,48,48,48,48,48,48,48.1,30.23,48,48.1,48.1,48,48,48,48,48,48.1,29.95,48,48,48.1,48,48,48,48,48,48,29.49,48,48,48.1,48,48.1,48,47.9,48,48,29.03,48,48.1,48,48.2,48,48,48,48,48,32,48,48.2,48,48,48,48,48,48,48,33.5,48,48,48,48.1,48,48.1,48,48,48,33.4,48,48,48,48,48,48,36,36.1
0.0000746,35.6,48,48,48.1,48,48,48,48.1,48,48,48,32.5,48,48.1,48,48,48,48,48.1,48,48.1,29.91,48,48,48,48,48,48,48,48,48,30.39,48,48,48,48,48,48,48,48,48,30.05,48,48.1,48,48,48,47.9,48,48.1,48,29.69,48.1,48,48,48.2,48,48,48,48,48,29.38,48,48.1,48,48,48,48.2,48,48,48,32.2,48,48,48,48,48.1,48,48,48,48,33.6,48,48,48,48,48,48,48,48,48,33.6,48,48,48,48,48,48,36,36
0.0000748,35.6,48,48,48,48,48,48,48.1,48,48.1,48,32.7,48,48,48,48,48,48,48,48,48.1,30.01,48,48,48,48.1,48,48,48,48,48,30.49,48,48,48,48,48.1,48,48.1,48,48,30.29,48,48,48,48.2,48,48,48,48.2,48.1,29.89,48,48,48,48,48,48,48.1,48,48.1,29.53,48,48,48,48,48.1,48,48,48,48,32.4,48,48,48,48.1,48,48,48,48,48,33.7,48,48,48.1,48,48.1,48.1,48,48,48,33.9,48,48,48,48,48,48.1,35.9,35.9
0.000075,35.6,48,48,48,48.1,48.1,48,48,48,48,48,32.9,48,48.1,48.1,48,48,48,48,48,48.1,30.11,48,48,48,48,48,48,48,48,48,30.59,48,48,48,48,48.1,48,48,48,48.1,30.45,48,48,48,48,48,48,48,48.1,48,30.05,48,48,48,48,48,48,48,48,48,29.69,48.1,48.1,48.1,48,48,48,48,48,48.1,32.6,48.1,48,48,48,48,48,48,48,48,33.9,48,48,48.2,48,48,48,48,48,48,34.2,48,48,48,48.1,48,48,35.9,35.9
0.0000752,35.6,48,48,48,48,48,48,48,48,48.2,48,32.9,48,48,48,48,48.1,48,48,48,48,30.31,48,48,48,48,48,48,48.1,48,48,30.69,48,48,48,48,48,48.1,48,48.1,48.1,30.45,48,48.1,48,48,48,48,48,48,48,30.15,48,48,48,48.1,48,48,48,48,48,29.83,48,48,48,48,48.1,48,47.9,48,47.9,32.8,48,48.1,48,48,48,48,48,48,48.1,33.9,48,48.1,48.1,48.1,48,48,48,48,48,34.2,48.1,48,48,48,48,48,35.9,35.8
0.0000754,35.7,48,48,48,48,48.1,48,48,48,48,48,33.3,48,48,48.1,48.1,48.1,48,48,48,48,30.41,48,48,48.1,48,48.1,48,48,48.1,48,30.89,48,48,48,48.1,48.1,48,48,48,48,30.59,48,48.1,48.1,48,48,48,48,48,48,30.25,48.1,48,48.1,48,48,48,48.1,48,48,30.03,48.1,48.1,48,48,48,48,48,48,48,32.9,48,48.1,48,48,48,48,48,48.1,48,34.1,48,48,48,48,48,48.1,48.1,48.1,48,34.3,48,48,48,48,48,48,35.9,35.7
0.0000756,35.7,48,48,48,48.1,48.1,48.1,48,48,48,48,33.5,48.1,48,48,48.1,48,48,48,48,48.1,30.7,48,48,48,48.1,48,48,48.1,48,48,30.99,48,48,48,48,48,48,48,48,48,30.65,48,48.1,48.1,48,48,48,48.1,48,48.1,30.39,48,48,48,48.1,48,48,48,48,48,30.09,48.1,48.1,48.1,48,48,48,48,48,48,33.1,48.1,48,48.1,48,48.1,48,48,48,48,34.3,48,48,48.1,48,48,48,48,48,48.2,34.4,48,48.1,47.9,48,48,48,35.9,35.7
0.0000758,35.8,48.1,48,48,48,48,48,48.1,48,48,48,33.8,48,48,48,48,48,48.1,48,48.1,48,31.04,48,48,48.1,48,48,48.1,48,48.1,48,30.99,48.1,48,48.1,48.1,48,48,48,48,48,30.65,48.1,48,48.1,48,48,48.2,48.1,48,48,30.35,48.1,48.1,48.1,48,48,48,48,48,48,30.29,48,48.1,48,48,48,48,48,48,48,33.4,48,48,48,48.1,48,47.9,48.1,48,47.9,34.3,48,48.1,48,48,48,48,48,48.1,48,34.6,48,48,48,48,48,48.1,35.9,35.8
0.000076,35.9,48,48,48,48,48,48,48,48,48,48,34,48,48,48.1,48,48,48,48,48,48.1,31.32,47.9,48,48,48,48,48.1,48,48,48,31.05,48,48,48.1,48,48.1,48,48.1,48,48,30.89,48,48,48,48,48,48.1,48,48.1,48,30.55,48,48,48.1,48,48.2,48,48,48,48,30.39,48,48.2,48,48.1,48,48,48,48,48,33.4,48,47.9,48,48,48,48,48,48,48,34.6,48.1,48,48.1,48,48.1,48,48,48,48,34.6,48,48,48,48,48,47.9,36,35.7
0.0000762,35.9,48,48,48,48,48.1,48,48,48,48,48,34.2,48,48,48.1,48.2,48,48,48,48,48,31.55,48,48,48.1,48,48,48.1,48,48,48,31.09,48,48,48,48,48,48,48,48,48,30.99,48,48,48,48,48,48.1,48,48.1,48,30.65,48,48,48,48,48.1,48,48.1,48,48,30.59,48,48,48,48,48,48,48.1,48,48.1,33.4,48,48,48,48,48.1,48,48,48,48,34.6,48.1,48.1,48,48,48,48,48,48.1,48.1,34.5,48,48,48.2,48,48,48,36,35.7
0.0000764,36.1,48,48.1,48,48,48,48,48,48,48,48.1,34.3,48,48,48.2,48,48.1,48,48,48,48.1,31.75,48.1,48.1,48,48,48,48,48.1,48,48,31.05,48,48,48,48,48,48,48.1,48,48.1,31.15,48,48,48.1,48,48,48,48,48.1,48.1,30.95,48,48,48,48.1,48,48,48,48.1,48,30.59,48,48.1,48,48,48,48,48,48,48.1,33.5,47.9,48,48,48,47.9,47.9,48,48.1,48.1,34.8,48,48,48,48.2,48,48,48,48,48,34.9,48,48.1,48.1,48,48,48,36.1,35.6
0.0000766,36,48,48,48,48,48,48,48,48.1,48.1,48,34.3,48,48,48,48,48.1,48,48.1,48,48.1,31.75,48.1,48,48,48,48.1,48,48,48,48,31.29,48,48.1,48,48,48,48.1,48,48.1,48.1,31.35,48,48,48,48,48,48,48,48,48,30.99,48.1,48,48,48,48.1,48,48,48,48,30.69,48,48,48,48,48,48,48,48,48,33.6,48,48,48,48,48,48.1,48,48.1,48.1,34.9,48.1,48,48,48.1,48,48,48,48.1,48,34.9,48,48,48,48.1,48,48.1,36.2,35.8
0.0000768,36.1,48,48.1,48.1,48,48.1,48.1,48,48,48,48,34.4,48,48,48.1,48,48,48.1,48,48,48,31.81,48.1,48,48,48,48,48,48.1,48,48,31.43,48.1,48,48,48,48.1,48,48,48,48.1,31.45,48,48,48,48.1,48.1,48,48,48.2,48.1,30.99,47.9,48,48,47.9,48,48,48,48.1,48,30.83,48.1,48,48.1,48,48,48,48,48,48,33.6,48,48,48,48,48.1,48.1,48,48,48.1,35.2,48,48,48,47.9,48,48.1,48,47.9,48.1,35.1,48,48,48,48,48,48,36.2,36.1
0.000077,36.1,48,48,48,48,48,48,48,48,48,48,34.5,48,48.1,48.1,48.1,48,48,48.1,48,48,31.77,48,48,47.9,48,48.1,48,48,48,48,31.39,48,48,48,48.1,48,48,48,48,48,31.55,48,48,48,48,48,48,48,48,48,31.15,48,48,48.1,48.1,48,48,48,48,48,30.99,48,48,48,48,48,48,48,48,48,33.6,48,48,48,48.1,48.1,48,48,48,48,35.3,48,48.1,48.1,48,48,48.1,48,48,48,35.2,48,48,48,48,48,48,36,35.8
0.0000772,36,48,48,48,48.1,48.1,48,48,48,48,48,34.5,48,48,48.1,48,48,48.1,48,48.1,48,31.82,48,48.1,48.1,48,48.1,48,48,48,48,31.65,48,48,48.1,48,48,48,48.1,48.1,48,31.6,48,48,48.1,48,48,48,48,48,48,31.25,48,48,48.1,48,48,48,48,48,48,30.99,48,48.1,48,48,48,48,48,48,48,33.8,48,48,48,48,48.1,48,48.1,48.1,48.1,35.4,48,48,48,48,48.1,48,48,48.1,48,35.5,48,48,48.1,48,48.1,48,36,36
0.0000774,35.9,48,48,48,48,48,48,48,48.1,48,48,34.5,48,48,48.1,48,48,48,48,48,48,31.88,48,48,48,48,48,48,48,48.1,48,31.65,47.9,48,48,48,48,48,48,48,48,31.75,48,48,48,48,48.1,48,48,48,48.1,31.35,48.1,48,48,48,48.1,48,48.1,48,48.1,31.13,48,47.9,48.1,48,48,48,48,48,48,33.8,48,48.1,48,48,48,48.1,48,48,48,35.5,48,48,48,48.1,48,48,48,48,48,35.6,48,48.1,48,48.1,48,48,35.8,35.9
0.0000776,35.9,48,48,48.1,48,48,48,48,48,48,48.1,34.6,48,48,48,48,48,48,48,48.1,48,31.88,48.1,48,47.9,48.1,48,48.1,48,48.1,48.1,31.75,48,48,48,48,48.1,48.1,48,48,48,31.55,48.1,48,48,48,48.1,48.1,48,48.1,48,31.45,48,48,48,48.1,48,48,48,48,48,31.19,48,48,48,48,48.1,48,48,48,48,33.9,48,48,48,48,48,48,48,48.1,48,35.5,48,48,48.1,48,48,48,48.1,48,48,35.8,48,48,48,48,48.1,48,35.6,35.9
0.0000778,35.8,48,48.1,48,48.1,48.1,48.1,48,48,48,48.1,34.6,48,48,48.1,48,48,48,48.1,48,48,31.88,48,48,48,48.1,48.1,48.1,48,48,48,31.89,48,48,48,48,48,48,48,48,48,31.75,48,48,48,48,48,48.1,48.1,48,48,31.65,48,48.1,48.1,48,48.1,48,48,48,48,31.29,48,48,47.9,48,48,48,48,48,48,34.2,48,48.1,48,48,48.1,48,48,48.1,48,35.6,48.1,48,48,48,48,48,48,48.1,48,35.9,48,48.1,48,48,48,48,35.5,35.8
0.000078,35.8,48,48.1,48,48,48,48,48,48,48.1,48,34.8,48,48,48.1,48.1,48,48,48,48,48,31.94,48,48,48.1,48,48.1,48,48.1,48,48.1,31.99,48,48,48,48,48,48,48,48,48,31.65,47.9,48.1,48,48,48,48,48,48,48,31.65,48.1,48,48,48,48.1,48,48,48,48,31.39,48.2,48,48,48,48,48,48,48,48,34.2,48,48,48,48.1,48,48.1,48,48,48,35.5,48,48.1,48,48,48.1,48,48,48,48,36,48.1,48.2,48,48.1,48,48.2,35.6,35.8
0.0000782,35.9,48,48,48,48,48,48,48.1,48,48,48,35.1,48,48.1,48,48,48,48,48,48.1,48.1,32.08,48,48,48,48,48,48.1,48,48,48,31.95,48,48.1,48,48,48,48.1,48,48,48.1,31.85,48.1,48,48,48,48,48,48,48,48,31.65,48.1,48,48,48,48,48,48,48.1,48,31.39,48,48,48.1,48,48,48.1,48,48,48,34.3,48.1,48.1,48,48.1,48,48,48,48,48.1,35.6,48,48,48,48,48,48,48,48,47.9,36,48,48,48,47.9,48,48,35.5,35.8
0.0000784,35.7,48,48.1,48,48,48,48.1,48,48.1,48,48,35.1,48.1,48,48,48.1,48,48.1,48,48.1,48.1,32.22,48.1,47.9,48,48,48,47.9,48,48,48,32.05,48,48,48,48,48,48,48,48,48,31.95,48,48.1,48,48,48,48,48,48.1,48,31.75,48,48.1,48,48,48,48,48,48.1,48,31.49,48,47.9,48,48,48,48,48,48,48,34.4,48.1,48,48,48.1,48,48,48,48,48,35.6,48,48,48,48,48,48,48,48.1,48,36,48,48,48,48.1,48,48.1,35.8,35.8
0.0000786,35.9,48,48,48,48,48,48,48,48,48,48,35.3,48.1,48.1,48.1,48.1,48,48,48.1,48,48,32.55,48,48,48,48,48.1,48,48,48,48,31.99,48,48.1,48,48,48,48,48,48,48,31.95,48,48,48,48,48,48,48.1,48,48.1,31.89,48,48,48.1,48,48,48,48,48,48,31.59,48.1,48,48,48.1,48,48,48,48,48,34.6,48,48,48,48,48,48.1,48.1,48,48,35.6,48,48.1,48.1,48,48,48,48,48,48,36,48,48,48,48,48.1,47.9,36.1,35.7
0.0000788,35.9,48,48,48,48,48.1,48,48,48,48,48,35.4,48,48,48.1,48,48.1,48.1,48,48.1,48,32.84,48,48,48,48,48,48.1,48,48.1,48.1,32.05,48,48,48,48,48,48,48.1,48,48,32.15,48,48,48,48,48,48,48,48,48,31.85,48.1,48,48,48,48.1,48,48,48,48,31.73,48,48,48,48,48,48.1,48.1,48.1,48.1,34.6,48,48.1,48,48.1,48,48,48,48,48,35.6,48,48,48.1,48,48,48,48,48,48,36,48,48,48,48.1,48,48,36.2,35.7
0.000079,36,48,48,48,48,48.2,48.1,48,48,48,48,35.5,48.1,48,48.1,48.1,48,48,48,48,48,32.93,48,48,48,48,47.9,48,48.1,48,48,32.09,48,48,48,48,48,48.1,48,48,48,32.25,48,48.1,48,48,48.1,48,48,48,48.2,31.99,48,48,48,48,48,48,48.1,48,48.2,31.83,48,48,48,48,48,48,48,48,48,34.7,48.1,48,48,48,48,48,47.9,48,48,35.7,48,48.1,48,48,48,48,48,48,48,36.1,48,48,48.1,48.1,48.1,48,36.3,35.7
0.0000792,35.9,48,48,48,48,48.1,48.1,47.9,48,48,48,35.6,48,48,48,48,48.1,48,48,48.1,48.1,32.98,47.9,48,48,48,48,48.1,48,48.1,48.1,32.09,48,48,48,48.1,48,48,48.1,48,48,32.45,48,48,48.2,48,48,48.1,48.1,48,48.1,31.89,48,48,48,48,48,48,48,48,48,31.79,48,48,48,48,48,48,48,48,48,34.9,48,48,48,48,48,48,48,48,48,35.9,48,48,48.1,48,48,48,48,48.1,48,36.1,48.1,48,48,48,48.1,48,36.3,35.8
0.0000794,35.9,48.1,48,47.9,48,48,48.1,48,48,48,48.1,35.7,48,48,48.1,48.1,48,48,48,48,48,33.13,48,48,48,48,48.1,48,48,48.1,48,32.15,48,48,48,48,48,48.1,48,48.2,48,32.45,48,48,48,48,48,48,48,48,48,31.95,48,48,48,48,48,48,48,48,48,31.79,48,48,48,48,48,48,48.1,48,48,34.9,48,48,48,48,48.1,48,48,48,48,35.9,48,48.1,48,48,48,48.1,48,48,48,36.1,48,48,48.1,48.1,48,47.9,36.2,35.8
0.0000796,36,48,48.1,48.2,48,48.1,48.1,48.1,48,48,48,35.7,48,48,48,48.1,48.2,48,48,48,48,33.04,48,48,48,48,48,48,48,48,48,32.29,48.1,48,48,48,48,48,48,48.1,48,32.45,48,48,48,48,48,48.1,48,48,48,32.05,48,48,48,48,48,48,48,48,48,31.99,48,48,48,48,48,48.1,48.1,48,48,34.9,48.1,48,48,48,48,48,48,48,48,35.9,48,48.1,48.1,48.1,48,48,48,48,48,36.2,48,48,48,48,48,48.1,36.1,35.8
0.0000798,35.9,48,48,48,48.1,48,48,48,48,48,48,35.7,48,48,48.1,48,48.1,48,48.1,48.1,48,32.95,48,48,48,48,48,48,48,48,48,32.29,48,48,48,48.1,48,48.1,48,48,48,32.49,48,48,48,48,48,48,48,48,48.1,32.05,48.1,48,48,48.1,48,48,48,48.1,48,31.99,48.1,48.1,48.2,48,48,48,48,48,48,34.8,48,48,48,48,48,48,48,48,48,36.2,48,48.1,48,48,48,48,48,48,47.9,36.2,48,48,48,48.1,48,48,36,35.8
0.00008,35.9,48,48.1,48,48,48,48,48,48,48,48,35.8,48,48,48.1,48,48.1,48.1,48.1,48,48.1,32.85,48,48,48,48,48,48,48,48.1,48,32.35,48.1,48.2,48,48.1,48,48.1,48,48,48.1,32.3,48,48,48,48.2,48,48,48.1,48.2,48,32.15,48.1,48,48.1,48,48.1,48.1,48,48,48,32.03,48.1,47.9,48,48,48.1,48,48,48.1,48.1,34.8,48,48,48,48.1,48,48,48,48,48.1,36.2,48,48.1,48,48.1,48,48.1,48,48,48,36.3,48,48.1,48,48.1,48,48,35.9,35.9
0.0000802,35.7,48,48,48,48,48,48,48,48.1,48.2,48,35.7,48.1,48,48,48,48,48,48.2,48,48.1,32.85,48.1,48,48.1,48,48,48,48.1,48,48,32.45,48,48,48.1,48.1,48,48.1,48,48,48,32.25,48,48,48,48.1,48,48.2,48,48,48,32.39,48,48,48,48,48,48,48,48,48.1,31.99,48,48,48,48,48,48,48.1,48,47.9,34.7,48,48,48,48,48,48,48,48,48.1,36.2,48,47.9,48,48,48.1,48.1,48,48,48,36.3,48,48,48,48,48,48.1,35.8,35.9
0.0000804,35.7,48,48,48.1,48.1,48.2,48,48,48,48,48,35.7,48.2,48.1,48,48,48.1,48,48,48,48.1,32.91,48,48,48,48.1,48.1,48,48,48,48,32.45,48,48,48,48,48,48,48,48,48,32.3,48,48,48,48.1,48.1,48,48,48.1,48.1,32.35,48,48,48,48,48,48,48,48,48,32.03,48,48,48,48,48,48,48,48,47.9,34.7,48,48,48,48,48,48.1,48,48.1,48,36.3,48,48.1,48,48,48,48,47.8,48,48.1,36.5,48,48,48,48,48,48,35.8,35.8
0.0000806,35.7,48.1,48,48,48,48.1,48.1,48,47.8,48,48,35.7,48,48,47.9,48.1,48,48,48.1,48.1,48.1,32.91,48,48,48,48,48,48,48.1,48,48,32.49,48,48,48,47.9,48,48.1,48,48,48,32.35,48.1,48,48.1,48,48,48,48,48,48,32.35,48,48,48,48.1,48.1,48,48.1,48.1,48.1,32.09,48,48,48,48,48,48.1,48,48,48,34.7,47.9,48,48,48,48,48,48,48,48,36.4,48.1,48,48,48,48,48,48,48,48,36.5,48,48,48,48,48.1,48,35.9,36
0.0000808,35.8,48.1,48,48,48,48.1,48,48.1,48,48.1,48,35.8,48,48,48,48,48.1,48,48,48,48,33.1,48,48.2,48,48,48.1,48.1,48,48,48,32.45,48,48,48,48,48.1,48,48,48,48,32.5,48,48,48,48,48,48,48,48.1,48,32.45,48,48,47.9,48,48,48,48,48,48,32.19,48,48.1,48,48,48,48,48.1,48,48.1,34.7,48,48,48,48,48.1,48,48,48.1,48.1,36.4,47.9,48,48,48,48,48,48,48,48,36.5,48,48,48,48,48,48,35.9,35.8
0.000081,35.7,48,48,48,48,48,48,48,48,48,48,35.9,48,48,48.2,48,48.1,48,48,48,48.1,33.2,48,48,48,48,48,48,48,48,48,32.55,48.2,48,48.1,48,48.1,48.1,48,48,48,32.5,48,48.1,48,48,48,48,48,48.1,48,32.4,48,48,48.1,48,48,48,48.1,48,48.1,32.29,48.1,48.1,48,48,48,48,48.1,48,48,34.9,48,48,48,48,48.1,48,48,48.1,48,36.3,48,48,48,48,48,48,48,48,48,36.7,48,48,48.1,48,48,48.1,35.9,35.9
0.0000812,35.7,48,48,48,48,48.1,48.1,48.1,48,48,48,35.8,48,48,48,48,48.1,48,48,48,48,33.14,48,48,48,48,48,48.1,48,48,48,32.45,48,48,48,48,48.1,48.1,48,48.1,48,32.65,48,48,48,48,48,48,48.1,48,48,32.45,48.1,48.1,48.1,48,48,47.9,48,48,48,32.29,48,48.1,48,48,48,47.9,48,48,48,35,48,48,48,48,48,48,48,48,48,36.4,48,48,48,48,48,48,48,48,48.1,36.7,48,48,48,48,48,48,35.9,35.8
0.0000814,35.7,48,48,48.1,48,48,48.1,47.9,48,48,48,35.9,48,48,48,48,48,48.1,48,48,48.1,33.38,48,48,48,48,48.1,48,48,48,48,32.49,48.1,48,48.1,48,48,48,48,48,48.1,32.7,48,48,48,48,48,48.1,48,48,48,32.45,48,47.9,48,48,48,48.1,48,48,48,32.43,48,48.1,48,48.1,48,48,48,48,48,35.1,48,48.1,48,48,48,48,48,48,48.1,36.4,48,48,48.1,48,48,48,48,48,48,36.7,48,48,48,48.1,48,48,36,35.8
0.0000816,35.8,48,48,48,48,48,48,48,48,48.1,48.1,36,48,48,48.2,48,48,48,48,48,48,33.34,48.1,48.1,48,48,48,48,48,48,48,32.45,48,48,48,48,48,48.1,48,48,48.1,32.75,48.1,48,48.1,48,48,48,48,48,48,32.5,48,48.1,47.9,48,48,48,48,48,48,32.39,48,48.1,48,48,48,48,48.1,48.1,48.1,35.2,48.1,48,48.1,48,48,48,48,48,48,36.5,48,48,48,48,48.1,48,47.9,48,48,36.7,48,48,48,48,48.1,48,36,35.7
0.0000818,35.9,48,48,48,48.2,47.9,48,48.1,48,48,48,36,48.1,48.1,48.1,48.1,48,48,48,48,48.1,33.44,48,48,48,48,48.1,48,48,48,48,32.5,48,47.9,48.1,48,48,48.1,48,48.1,48.1,32.75,48.1,48,48,48,48,48.1,48,48,48,32.45,48,48,48,48,48,48,48,48.1,47.9,32.33,48,47.9,48,48,48,48,48,48,48,35.3,48,48,48.2,48,48,48,48,48,48,36.3,48,48.1,48,48.1,48.1,48.2,48,48,48,36.6,48,48.1,48,48.1,48,48,36.1,35.8
0.000082,35.9,48,48,48.1,48.1,48.1,48,48,48,48,48.1,35.9,48,48,48,48,48,48,48,48.2,48,33.48,48,48.1,48,48.1,48,48,48.1,48.1,48,32.69,48,48,48,48.1,48.1,48,48,48,48.1,32.79,48,48,48,48.2,48,48,48,48,48,32.5,48,48,48,48,48,48,48,48,48,32.25,48,48,48,48,48,48,48.1,48,48,35.5,48,48,48,48,48,48,48,48,48,36.2,48.1,48.1,48.1,48,48,48,48,48,48,36.6,48,48.1,48,48,48,48,36,35.7
0.0000822,35.7,48,48,48,48.1,48,48,48,48.1,48,48,36,48.1,48,48,48,48.1,48,48,48,48,33.48,48.1,48,48,48.1,48,48.1,48,48,48,32.65,48,48,48.1,48,48,48,48.1,48,48,32.75,48,48.1,48,48,48,48.2,48,48,48,32.65,48.1,48,48,48,48.1,48,48.1,48,48,32.39,48,48,48,48,48,48,48,48,48,35.3,48,48.1,48,48,48.1,48.1,48,48,48,36.2,48.1,47.9,48.1,48.1,48,48,48,48,48,36.8,48,48,48,48,48,48,36,35.7
0.0000824,35.8,48,48,48,48,48,48,48,48.1,48,48,36.1,48.1,48,48,48,48,48.1,48,48,48,33.48,48,48,48,48,48,48,48,48,48.1,32.75,48,48,48,48,48,48,48.1,48,48,32.85,48.2,48,48,48,48,48,48,48.1,48,32.6,48,48.1,48.1,48,48,48,48,48,48,32.39,48,48,48,48,48,48,48,48,48,35.4,48,48.1,48,48,48,48,48,48,48.1,36.2,48,48.1,48,48,48,48,48.1,48,48.1,36.7,48,48,48,48,48,48,36,35.6
0.0000826,35.7,48.2,48,48,48.1,48,48,48.1,48.1,48.1,48,36.1,48,48,48,48,48,48.1,48.1,48,48,33.54,48,48,48,48,48,48,48,48,48,32.85,48,48,48.1,48,48,48,48,48,48,32.65,48,48,48,48,48.1,48,48,48.1,48,32.6,48.1,48.1,48,48,48,48.1,48,48,48,32.43,48,48,48.1,48,48,48.1,48.1,48,48,35.3,48,48,48.2,48,48,48,48,48.1,48,36.3,48,48,48.1,48,48.1,48.1,48,48,48.1,36.7,48.2,48.1,48,48,48,48,36.1,35.6
0.0000828,35.8,48,48.1,48,48,48,48.1,48,48,48,48,36.1,48,48,48,48,48,48,48,48,48.1,33.48,48,48,48,48,48,48.1,48,48.1,48,32.85,47.9,48,48,48.1,48,48,48,47.9,48,32.65,48,48,48,48,48.1,48.1,48,48,48,32.75,48,48,48,48,48,48,48,48,48,32.53,48.1,48,48.1,48,48.1,48,48.1,48,48,35.2,48.1,48,48,48,48.1,48.1,48,48,48.1,36.4,48,48,48,48,48,48,48.1,48,48,36.8,48,48,48,48.1,48,48,36,35.6
0.000083,35.8,48,48,48,48,48,48.1,48,48.1,48,48,36.2,48,48,48.1,48,48,48,47.9,48,48,33.58,48,48,48,48,48.1,48,48,48,48,32.89,48,48.1,48,48,48,48,48,48,48,32.65,48.1,48,48.1,48,48,48,48,48,48.1,32.75,48,48,48,48,48,48.1,48,48.1,48,32.63,48,48,48,48,48,48.1,48,48,47.9,35.2,48,48,48,48,48,48,48,48,48,36.5,48,48,48,48,48,48,48,48.1,48,36.8,48,48,48,48.1,48.1,48,35.9,35.7
0.0000832,35.8,48.1,48.1,48.1,48.1,48,48,48.1,48,48,48,36.1,48,48.1,48,48,48,48.1,48,48,48,33.44,48,48,48,48.1,48,48,48,48,48,32.85,48,48,48,48,48,48,48,48,48,32.75,48,47.9,47.9,48,48,48,48,48,48,32.65,48,48,48,48,48,48,48,48,48,32.73,48,48,48,48,48,48,48.1,48,48.1,35.2,48,48,48,48,48.1,48,48,48,48,36.7,48,48,48,48,48,48,48,48,48,36.8,48,48,48,48.1,48,48,35.9,35.8
0.0000834,35.8,48,48,48.1,48.1,48.1,48,48.1,48,48.1,48,36.1,48.1,48,47.9,48,48,48.1,48,48,48.1,33.44,48,48.1,48,48,48.1,48,48,48,48,32.85,48,48,48.1,48,48,48,48,48,48.1,32.8,48.1,48,48,48,48,48,48.1,48.1,48.1,32.89,48,48.1,48,48,48,48,47.9,48,47.9,32.93,48,48,48,48.1,48,48.1,48,48,48,35,48,48,48.1,48,48,48,48.1,48,48,36.6,48,48,48,48,48.1,48,48,48,48,36.8,48,48,48,48,48,48,35.8,36
0.0000836,35.7,48,48,48,48,48,48,48.1,48,48.1,48,36.2,48,48,48,48,48,48,48,48,48,33.48,48,48,48.1,48,48,48,48,48,48,32.75,48,48,48,48,48,48,48,48,48,32.95,48,48,48,48,48,48.1,48,48,48,32.85,48.1,48.1,48,48,48,48,48,47.9,48,32.89,48,48,48,48,48,48,48,48,48,35.1,48,48,48,48.1,48,48.1,48,48,48,36.8,48,48,48,48,48,48,48,48,48,36.8,48.1,48,48,48,48.1,48,35.9,36.2
0.0000838,35.6,48,48.1,48,48,48,48.1,48.1,48,48.1,48,36.2,48,48,48.1,48,48,48,48,48,48.1,33.64,48,48,48,48.1,48.1,48.1,48,48.1,48,32.75,48,48,48,48,48,48,48,48,48.1,33.15,48.1,48,48.1,48,48,48,48.1,48,48,32.75,48,48.1,48,48.1,48,48,48,48,48.1,32.79,48,48,48,48,48,48,48,48,48,35.2,48,48,48,48,48,48,48,48,48,36.8,48,48,48,48,48,48,48,48.2,48,37,48,48.1,48,48,48.1,48,35.9,36.1
0.000084,35.6,48,48,48,48.1,48,48,48,48,48,48,36.1,48,48,48,48.1,48,48.1,48.1,48,48,33.58,48,48,47.9,48,48,48,48,48,48,32.75,48,48.1,48,48.1,48,48,48,48.1,48,33.05,48,48,48,48,48,48,48.1,48,48,32.69,48,48,48,48,47.9,48,48,48,48,32.79,48,48,48,48,48.1,48,48,48,48,35.2,48,48,48.1,48,48.1,48,48,48.1,48.1,36.9,48,48,48,48,48,48,48,48,48,37,48,48.1,48.1,48.1,48,48,35.9,36
0.0000842,35.7,48.1,48,48,48,48,48,48,48,48,48,36.2,48,48,48.1,48,48,48.1,48.1,48,48,33.68,48,48,48.1,48,48.1,48,48,48,48,32.75,48,48,48,48,48,48,48,48,48,33.2,48,48,48,48,48,48,48,48,48.1,32.85,48,48,48,48,48,48,48,48,48,32.75,48,48,48,48,48,48,48,48,48,35.2,48,48.1,48,48,48,48,48.1,48,48,36.7,48,48,48,48,48,48,48,48,48.1,37,48,48,48,48,48,48,35.9,36
0.0000844,35.9,48.1,48.1,47.9,48,48,48,48,48,48.1,48,36.1,48,48.1,48,48,48,48.1,48,48.1,48.1,33.63,48,48.1,48,48,48,48,48,48,48.1,32.79,48.1,48.1,48.1,48,48,48,48,48,48,33.25,48,48,48,48,48.1,48,48,48,48,32.85,48,48,48,48.1,48,48,48,48,48,32.55,48.1,48,48,48,48.1,48.1,48,48,48,35.3,48.1,48,48,48.1,47.9,48,48,48.1,48.1,36.7,48,48,48,48.1,48,48.1,48,48,48.1,36.9,48.1,48,48,48,48.1,48,35.9,35.7
0.0000846,36.1,48,48,48,48.1,48,48.1,48.1,48,48,48,36.2,48,48.1,48.1,48,48,48,48,48.1,48,33.68,48,48,48.1,48.1,48,48.1,48,48,48,32.7,48.1,48,47.9,48,48.2,48,48,48,48,33.1,48,48,48,48,48.1,48,48.1,48,48.1,32.8,48,48.1,48,48,48,48,48,48,48,32.45,48.1,48.1,48.1,48.1,48,48,48,48,48,35.4,48,48.1,48,48,48,48,48,48.1,48,36.5,48,48,48,48,48,48,48,48,48.1,37,48,48,48,48,48.1,48,36,35.7
0.0000848,36.2,48.1,48.2,48,48,48,48,48.1,48,48,48,36.3,48,48,48.2,48.1,48,48,48,48,48,33.73,48,48,48.1,48,48.1,48,48,48,48.1,32.8,48.1,48,48,48.1,48,48,48,48,48.1,33.05,48,48,48,48,48,48,48,48,48,32.95,48,48,48,48,48,48.1,48,48,48,32.59,48.1,48,48.1,48,48.1,48.1,48,48,48,35.5,48.1,48,48,48,48,48.1,48,48,48,36.5,48,48,48,48.1,48,48,48,48,48,37,48,48,48,48.1,48,48,36,35.5
0.000085,36.3,48,48,48,48,48,48,48.1,48,48.1,48,36.4,48,48,48,48,48.1,48,48,48.1,48,33.77,48,48.1,48,48,48,48,48.1,48,48.1,32.89,48,48.1,48,48.1,48.1,48,48,48,48,32.9,48,48.1,48,48,48,48,48,48.1,48,32.9,48,48,48.2,48,48,48,48,48,48,32.73,48.1,48,48.1,48,48.2,48.1,48.1,48,48,35.4,48,48,48,48,48,48,48.1,48.1,48.1,36.4,47.9,48,48,48,48,48,48,48,48,36.8,48,48.1,48,48,48,48.1,35.9,35.5
0.0000852,36.2,48,48,48,48,48,48,48,48,48.1,48.1,36.3,48,48,48.1,48,48.1,48,48,48.1,48,33.87,48.1,48,48,48,48,48,48,48,48,32.9,48,48,48,48,48,48,48,48,48.1,32.95,48,48,48,48,48,48.1,48,48,48,32.85,48.1,48.1,48.1,48,48.1,48,48,48,48,32.69,48,48.1,48,47.9,48,48,48.1,48.1,48,35.5,48,48,48,48,48,48,48,48,48.1,36.5,48,48,48.1,48.1,48,48,48,48,48,36.7,48,48,48,48,48,48,36,35.5
0.0000854,36.1,48.1,48,48,48,48,48.1,48,48,48,48,36.3,48.1,48.1,48,48.1,48,48,48.1,48.1,48,33.91,48.1,48,47.9,48.1,48,48,48,48.1,48.1,32.99,48,48,48,48,48,48,48,48,48,32.85,48,48,48,48,48,48.1,48,48,48,32.89,48,48,48,48.1,48,48,48,48,48,32.93,48,48,48,48,48,48,48,48.1,48,35.4,48.1,48,48.1,48,48,48,48.1,48.1,48,36.6,48,48.1,48,48,48,48,48,48,48,36.8,48,48,48,48,48,48.1,36,35.5
0.0000856,36,48,48,48.1,48,48,48,48,48,48.1,48.1,36.3,48.1,48,48,48,48.1,48,48,48,48,33.87,48,48,48,48,48,48,48,47.9,48.1,32.9,48,48,47.9,48,48.1,48,48,48,48,32.85,48,48,48,48,48,48,48,48.1,47.9,32.85,48,48.1,48,48,48,48,48,48.1,48,32.89,48,48.1,48,48,48,48,48,48,48,35.4,48,48,48,48,48,48,48,48,48,36.7,48,48.1,48,48,48,48,48.2,48,48,36.7,48,48,48,48,48,48,35.9,35.8
0.0000858,35.7,48,48,48,48,48,48.1,48.1,48.1,48,48,36.3,48,48.1,48.1,48,48,48.1,48,48,48,33.77,48.1,48,48.1,48,48,48.2,48,48.1,48,32.95,48,48.1,48.1,48,48,48.1,48.1,48,48.3,32.66,48,48,48,48.1,48,48,48,48,48.1,32.8,48,48.1,48,48,48,48,48,48,48,32.85,48,48.1,48,47.9,48,48,48,48,48,35.3,48,48,48,48,48,48,48,48,48,36.8,48,48,48,48,48,48,48,48,48,36.8,48,48.1,48,48,48.1,48,35.9,35.8
0.000086,35.6,48,48,48,48.1,48,48,48,48.1,48,48,36.3,48,48,48,48.1,48.1,48.1,48,48,48,33.68,48,48,48,48.1,48.1,48.1,48,48,48,32.95,48,48,48,48,48,48,48,48,48,32.85,48.2,48,48,48,48,48,48.1,48.1,48,32.9,48,48,48,48,48,48,48.1,48,48.1,32.93,48,48,48,48,48,48,48,48,48,35.2,48,48.1,48.1,48,48,48,48.1,48,48,36.8,48,48,48,48,48,48,48,48,48,36.8,48.1,48,48,48,48,48,35.8,35.9
0.0000862,35.6,48.1,48,48,48,48.1,48,48,48,48.1,48,36.3,48.1,48,48.1,48,48,48,48,48.1,48,33.81,48,48,48,48.1,48,48,48.1,48.1,48.1,32.95,48,48,48,48,48,48,48,48,48,32.75,48,48,48,48,48,48,48,48.1,48,32.9,48,48,48,48,48,48,48,48.1,48,32.85,48,48,48,48,48.1,48.1,48.1,48,48,35.3,48,48,48,48,48,48,48,48,48,36.8,48,48,48.1,48,48,48,48,48,48,36.7,48,48,48,47.9,48,48.1,35.8,36
0.0000864,35.3,48,48,48,48,48,48,48,48,48,48.1,36.3,48.1,48,48,48.1,48,48,48,48.1,48,33.77,48,48,48,48.1,48,48.1,48,48,48,32.89,48,48.1,48,48.1,48,48,48,48.1,48,32.75,48,48,48,48,48,48,48.1,48,48.1,32.9,48.2,48,48.1,48,48,48,48.2,48,48,32.75,48.1,48,48,48.1,48.1,48,48,48,48,35.3,48,48.1,48,48,48,48,48,48,48,36.8,48,48,48.2,48,48,48,48,48,48,36.8,48,48.1,48,48,48,48,35.8,36.1
0.0000866,35.5,48,48,48,48,48,48,48,48,48,48,36.2,48,48,48,48,48,48,48,48.2,48,33.91,48,48,48,48,48,48,48,48,48,32.85,48,48,48.1,48,48,48,48,48,48,32.9,48.1,47.9,48,48,48,48,48.1,48,48.2,32.9,48,48.1,48.1,47.9,48,48,48,48,47.9,32.65,48.1,48,48,48,48,48,48,48.1,48,35.3,48,48,48,48,48,48,48,48.1,48.1,36.8,48,48.1,48,48,47.9,48,48.1,48.1,48,36.7,48,48.1,48,48,48,48,35.9,36
0.0000868,35.7,48,48,48,48,48,48,48,48,48,48,36,48,48,48,48,48,48,48,48.1,48.1,33.73,48.1,48.1,48,48,48.1,48,48,48,48,32.95,48,48,48,48,48,48,48,48,48,32.95,48.1,48,48,48,48,48,48,48,48,32.85,48,48,48,48,48,48,48.1,48,48.1,32.73,48,48.1,48,48,48,48.1,48,48,48,35.4,48,48,48.1,48,48,48,48,48,48,36.6,48,48,48,48,48,48,48.1,48,48,36.8,48.1,48.1,48,48,48,47.9,35.8,35.8
0.000087,35.8,48,48,48,48,48,48,48.1,48,48.1,48.1,36,48,48,48,48,48,48,48.1,48,48.1,33.87,48,48.1,48,48,47.9,48,48,48.1,48,32.85,48,48.1,48,48,48,48,48,48,48,32.9,48,48,48,48.1,48,48,48.1,48,48,32.95,48.1,48,48,48.1,48.1,48,48,48.1,48,32.59,48.1,48,48,48,48,48,48,48,48,35.5,48,48,48,48,48,48,48,48,47.9,36.6,48,48,48,48,48,48,48,48,48,36.9,48,48.1,48.1,48,48.1,48,35.9,35.8
0.0000872,35.8,48,48,48,47.9,48,48,48,48,48.1,48,36.1,48,48,48.1,48,48,48.1,48,48,48,33.91,48,48,48,48,48,48,48,48,48,32.9,48,48.1,48,48.1,48.1,48.1,48,48,48,33.05,48,48,48.2,48,48,48,48,48,48,32.9,48,48.1,48.1,48,48.1,47.9,48,48.1,48,32.55,48,48,48,48,48,47.9,48,48.1,48.1,35.5,48.1,48.1,48,47.9,48,48.1,48,48,48.2,36.4,48,48,48,48,48,48,48,48,48,36.9,48,48,48.1,48,48,48,36,35.6
0.0000874,36.1,48,48.1,48.1,48,48.1,48,48,48,48.1,48,36.1,48,48,48,48,48,48,48,48,48,33.91,48,48,48,48,48,48,48,48,48,32.95,48,48,48,48,48,48.1,48,48,48,33.15,47.9,48.1,48,48,48.1,48,48,48,48,32.86,48,48,48.1,48.2,48,48,48.1,48,48,32.59,48,48,48,48,48,48,48,48,48,35.5,48,48,48,48,48,48,48,48,48,36.5,48,48.1,48,48,48,48,48,48,48,37,48,48,48,48,48,48,35.9,35.7
0.0000876,36.1,48,48,48,48,48.1,48,48,48.1,48,48.1,36.1,48,48,48,48,48,48,48,48.1,48.1,34.06,48.2,48.1,48,48,48,48,48,48.1,48.1,32.95,48.1,48.2,48,48,48.1,48,48,48,48,33.1,48,48,48,48,48,48,48,48,48,32.95,48,48,48,48.1,48,48,48,48,48.1,32.63,47.9,48,48,48.1,48,48,48,48,48,35.5,48,48,48,48,48,48,48,48,48,36.6,48,48,48,48,48,48,48,48.1,48.1,37.1,48,48.1,48,48,48,48,35.9,35.7
0.0000878,36.1,48,48,48.1,48.1,48,48,48,48,48,48,36.3,48,48,48.1,48,48,48,48,48,48,33.97,48,48,48,48,48,48,48,48.1,48,32.95,48,48.1,48.1,48.1,48,48.1,48,48,48.1,33.05,48,48.1,48,48,48,48,48,48,48,32.95,48,48,48,48,48,48,48,48,48.1,32.79,48.1,48,48,48,48,48,48.1,48,48,35.5,48,48,48,48,48,48,48,48.1,48,36.5,48,48.1,48,48.1,48,48.1,48,48.1,48,37,48.1,48,48,48,48.1,48,35.9,35.7
0.000088,36.1,48.2,48,48,48,48,48,48,48,48,48.1,36.4,48.1,48,48.1,48,48,48.1,48.1,48,48,34,48,48,48,48,48,48,48,48.1,48,32.85,48,48,48.1,48.1,48,48.1,48,48,48,33.09,48,48.1,48,48.1,48,48,48,48,48,32.95,48,48,48,48,48,47.9,48,48,48,32.89,48,48,48.1,48.1,48,48,48,47.9,48,35.5,48,48,48,48,48,48,47.9,48,48,36.6,48,48,48,48,48,48,48,48,48,37.1,48,48,48,48,48,48,35.8,35.7
0.0000882,35.8,48,48.1,48,48,48,48.1,48.1,48,48,48,36.4,48,48.2,48,48,48.1,48,48,48,48,33.91,48,48.1,48,48,48,48,48,48,47.9,32.95,48,48,48,48.1,48,48,48,48,48,32.9,48,48,48,48.1,48,48,48.1,48.1,48,32.95,48,48,48,48,48,48,48,48,48.1,32.89,48,48,48,48,48.1,48,48.1,48,48,35.6,48,48.1,48,48,48,48,48,48,48,36.5,48,48,48,48,48,48,48,48.1,48.1,37.1,48.1,48,48,48.1,47.9,48,35.8,35.7
0.0000884,35.8,48,48,48,48,48,48,48,48,48,48,36.4,48,48.1,48.1,48,48,48,48.1,48.1,48,33.96,48,48.1,48,48.1,48,48,48,48,48.1,32.99,48,48,48,48,48,48,48,48,48,32.86,48,48.1,48.1,48,48.1,48,48,48,48,32.95,48.1,48,48,48,48,48,48,48,48,32.89,48,48,48,48,48.1,48.1,48,48,48,35.6,48,48,48,48,48,48.1,48.1,48,48,36.6,48,48,48.1,48,48,48.1,48,48,48,36.9,48.1,48,48,48,48,48,35.9,35.7
0.0000886,35.7,48,48,48,48,48.1,48,48,48,48,48.1,36.5,48,48,48.1,48,48.1,48,48,48,48,33.81,48.1,48,48,48.1,48,48,48.1,48.1,48,32.85,48.1,48,48.1,48.1,48,48,48,48,48.1,32.9,48.1,48,48,48.1,48,48,48,48,48,32.85,48.1,48,48,48,48,48.1,48,48,48,32.75,48,48.1,48,48,48,48,48,48,48.1,35.6,48,48,48.1,48,48,48,48,48,48,36.6,48,48,48,48,48,48,48,48,48.1,36.6,48,48,48,48,48,48,35.9,35.6
0.0000888,35.7,47.9,48,48,48.1,47.9,48,47.9,48,48,48,36.4,48,48,48.1,48,48,48,48,48,48,34.06,48.1,48,48,48,48,48,48,47.9,48.1,32.95,48,48,48,48,48,48,48.1,48,48,32.99,48,48,48,48.1,48,48.1,48,48.1,48,32.76,48,48,48.1,48,48,48,48,48.1,48,32.99,48,48,48.1,48,48.1,48,48,48,48,35.6,48,48,47.9,48.1,48,48,48,48,48,36.6,48,48,48,48,48,48,48,48.1,48,36.6,48.1,48.1,48,48,48,48,36,35.5
0.000089,35.7,48.1,48.1,48,48,48.1,48,48,48,48,48,36.4,48,48,48,48,48.1,48,48.1,48,48.1,34.14,48.1,48,47.8,48,48,48,48,47.9,48,32.75,48,48,48,48,48,48,48,48,48,32.9,48,48,48,48,48.1,48,48,48.1,48,32.7,48,48.2,48,48,48,48.1,48,48,48,32.79,48.1,48,48,48,48,48,48,47.9,48,35.4,48,48,48,48,48.1,48,48,47.9,48,36.6,48,48,48,48,48,48.1,48,48,48,36.6,48,48,48,48,48,48.1,35.9,35.5
0.0000892,35.6,48,48,48,48,48,48,48,48,48,48.1,36.2,48.1,48,48,48,48,48,48,48.1,48.1,34.19,48,48,48,48.1,48,48,48,48.1,48,32.7,48,48.1,48,48,48.1,48.1,48,48,48,32.95,48,48,48,48,48,48,48.1,48.2,48,32.89,47.9,48.1,48,48,48,48,48,48,48,32.89,48,48,48,48,48.1,48,48,47.9,47.9,35.5,48,48,48,48,48.2,48.1,48,48,48,36.5,48,48,48,48,48,48,48,48,48,36.6,48,48,48,48.1,48,48,36.1,35.5
0.0000894,35.7,48.2,48,48,48,48,48.1,48.1,48.1,48,48.1,36,48,48,48,48,48,48,47.9,48,48,34.27,48,48.1,48.1,48,48,48,48.1,48,48,32.7,48,48,48,48.1,48.1,48,48,48,48,33,48,48,48.1,48.1,48,48,48,48,48,32.85,48,48.2,48,48,48,48.1,48,48.1,48,32.89,48,48,48,48,48,48.1,48,48,48,35.4,48,48,48,48.1,48,48,48,48,48,36.6,48.1,48,48,48,48,48,48,48,48,36.6,48.1,48,48,48.1,48,48,36.1,35.6
0.0000896,35.8,48,48,48,48,47.9,48,48,48,48.1,48,36,48,48.1,48.1,48,48,48,48.1,48,48.1,34.23,48,48,48,48,48,48,48,48,48,32.75,48,48,48,48,48,48.2,48,48.1,48,32.9,48,48.1,48,48.1,48,48,48,48,48,32.75,48,48,48,48,47.9,48,48,48,48.1,32.85,48,48,48,48,48,48.1,48,48,48.1,35.3,48,48,48,48.1,48,48,48,48,48,36.5,48,48,48,48,48,48,48,48.1,48,36.7,48.1,48,48,48,48,48,36,35.7
0.0000898,35.9,48,48,48.1,48.2,48.1,48,48,48,48,48,35.9,48,48.1,48.1,48,48,48,48.1,48,48,34.37,48,48,48,48,48,48,48,48,48,32.79,48,48,48,48,48,48,48.1,48,48,32.95,48,48,48,48,48,48,48.1,48,48,32.7,48.1,48,48,48.1,48,48.1,48,48,48.1,32.79,48,48,48.1,48.1,48,48,48,48,48,35.4,48.1,48,48,48.1,48,48.1,48,48,48.1,36.6,48,48,48,48,48,48,48.1,48,48,36.8,48.1,48,48,48,48,48.1,36,35.8
0.00009,35.9,48,48,48,48,48,48,48,48,48,48,36.1,48,48,48,48,48,48,48,48,48,34.27,48,48,48,48,48,48,48,48.1,48,32.85,48.1,48,48.1,48,48,48,48,48.1,47.9,33,48,48,48,48,48,48,48,48,48,32.75,48,48,48,48,48,48,48,48,48,32.75,48,48,48,48,48.1,48.1,48,48,48.1,35.3,48,48.1,48,48.1,48.1,48,48,48.1,48,36.8,48,48,48,48,48,48,48.1,48,48.1,36.9,48,48,48.1,48,48.1,48,36,35.9
0.0000902,35.8,48,48.1,48,48.1,48.1,48,48,48,48,48.1,36.2,48,48,48.2,48.2,48.1,48,48.1,48,48.1,34.37,48,48,48,48,48,48,48,48,48,32.85,48,48,48.1,48.1,48,48,48.2,48,48,32.8,48.1,48,48,48,48,48.1,48,48,48,32.9,48,48,48,48.1,48.1,48,48,48.1,48,32.75,48,48,48,48,48.1,48,48,48,48,35.3,48,48,48.1,48.1,48,48,48,48,48,36.6,48,48,48,48.1,48,48,48,48.1,48,37.1,48,48,48,48,48.2,48,35.9,36
0.0000904,35.8,48,48.1,48,48.1,48,48.1,48,48,48,48.1,36.2,48,48,48.1,48,48,48,48.1,48,48.1,34.19,48,48.1,48,48,48,48,48,48.1,48,32.95,48,48,48.1,48.1,48,48.1,48,48.1,48,33,48,48.1,48,48,48,48,48,48.1,48,32.95,48,48,48,48,48,48,48,48,48,32.79,48,48,48,48,48,48,48,48.1,48,35.3,48,48,48,48,48,48,48.1,48,48,36.7,48.1,48,48,48,48,48,48.1,48,48,37,48,48,48.1,48,48,48,35.8,36
0.0000906,35.7,48,48,48,48,48,48,48,48,48,48.1,36.3,48,48,48,48,48.1,48,48.1,48,48,34,48,48,48.1,48,48,48,48,48,48,32.95,48,48,48,48,48.1,48,48.1,48,48,32.9,48,48,48,48,48.1,48,48.1,48,48.1,32.9,48,48,48,48.1,48,48,48,48,48,32.79,48,48.1,48,48,48,48,48,47.9,48,35.4,48,48,47.9,48,48,47.9,48,48,48,36.7,48,48,48.1,48,48,48,48,48,48,37.1,48,48.1,48.1,48,48.1,48,35.6,35.9
0.0000908,35.7,48,48,48.1,48,48,48,48.1,48,48,48.1,36.4,48,48,48.1,48,48.1,48,48,48,48.1,34,48,48,48,47.9,48.1,48,48,48,48,32.95,48,48,48,48,48,48,48,48,48.1,32.86,48,48,48.1,48,48,48.1,48,48,48,33,48,48,48,48,48,48,48,48,48,32.75,48,48.1,48,48.1,48,48,48.1,48,48,35.4,48,48,48,48,48,48,48.1,48.1,48,36.7,48,48.1,48,48,48,48,48.1,48.1,48,37.1,48,48,48,48,48,48,35.6,35.8
0.000091,35.6,48,48,48.1,48,48,48,48,48,48.1,48,36.3,48.1,48.1,48.1,48,48.1,48,48,48,48.1,33.76,48,48,48,48,48.1,48,48,48.1,48,32.95,48,48,48.1,48,48,48,48,48,48.1,32.95,48,48,48,48.1,48,48,48,48.1,48,32.9,48,48.1,48,48.1,48.1,48,48,48,48,32.79,48,48,48,48,48.1,48,48,48,48,35.6,48,48,48,48,48.1,48,48,48,48.1,36.6,48,48,48,48,48,48,48,48,48,37,48,48,48,48,48,48,35.6,35.8
0.0000912,35.6,48,48,48,48,48,48,48,48,48.1,48,36.3,48.1,48,48,48,48,48,48,48,48.1,33.76,48.1,48,48.1,48,48,48,48,48.1,48,32.95,48,48,48.1,48.1,48,48,48,48,48,32.9,48.1,48,48.1,48,48,48,48,48,48,32.99,48,48,48,48,48,48,48.2,48,48,32.79,48,48,48,48,48,48,48.1,48,48,35.8,48.1,48,48,48,48,48,48,48,48.2,36.5,48.1,48,48,48,48,48,48,48,48,37,48.1,48,48,48,47.9,48,35.8,35.6
0.0000914,35.7,48,48,48,48.1,48,48,48.1,48.1,48,48,36.2,48,48.2,48,48,48,48,48,48.1,48,33.9,48,48,48,48,48.1,48,48,48.2,48,32.85,48,48,48,48.1,48,48,48,48,48,32.95,48,48,48.1,48,48,48.1,48,48,48.1,32.76,48,48,48,48,48,48,48,47.9,48.1,32.79,48,48,48,48,48,48,48.1,48,48,35.7,48,48,48,48,48,48,48,48.1,48,36.3,48,48,48.1,48,48,48,48,48,48,36.9,48,48.1,48,47.9,48,48,35.8,35.8
0.0000916,35.8,48,48,48.1,48.1,48,48.1,48.1,48,48,48.1,36.2,48.1,48,48.1,48,48,48.1,48.2,48,47.9,33.9,48,48.1,48,48,48,48,48.1,48,48,32.75,48,48,48,48,48,48,48,48,48.2,32.85,48,48.1,48.1,48,48,48.1,48,48.1,48,32.8,48.1,48,48,48,48,48,48,48.1,48,32.79,48.1,47.9,48,48,48,48,48,48,48,35.7,48,48,48.1,48,48.1,48,48,48,48,36.2,48,48,48,48,48,48,48,48,48,36.9,48,48,48,48,48,48,35.9,35.8
0.0000918,36,48.2,48.1,48,48,48,48.1,48,48,48,48,36.1,48.1,48,48,48,48,48,48,48,48,33.9,48,48,48,48,48,48,48,47.9,48,32.75,48.1,48,48,48,48.1,48,48,48,48,33,48,48,48.1,48,48,48,48,48.1,48,32.7,48,48,47.9,48,48,48.1,48,48,48,32.75,48,48,48,48,48.1,48,48,48,47.9,35.6,48.2,48,48,48,48,48,48,48,48.1,36.3,48,48,48,48,48,48,48,48,47.9,36.8,48,48.1,48,48.1,48,48,36,35.9
0.000092,36.1,48,48,48,48,48,48,48,48,48.1,48,36.2,48,48,48,48,48,48.1,48,48,48,34.13,48,48.1,48.1,48,48,48.1,48.1,48,48,32.75,48,48,48.1,48,48.1,48,48,48,48,33.05,48,48,47.9,47.9,48,48,48.1,48,48,32.8,48,48.1,48,48.1,48,48,48.1,48,48.1,32.79,48,48,48,48.1,48.1,48.1,48,48,48,35.4,48,48,48,48,48,48,48.1,48,48,36.2,48,48,48,48,48,48,48,48,48,36.5,48,48,48,48.1,48,48,36.1,35.8
0.0000922,36,48,48,48.1,48,48.1,48,48.1,48,48,48,36.3,48,48.1,48,48.1,48,48,48,48,48,34.23,48,48,48,48,48,48.1,48.1,48,48.1,32.79,48,48,48,48.1,48,48,48.1,48,48.1,32.95,48,48.1,48,48.1,48.1,48,48,48,48,32.7,48,48,48,48,48,48,48,48.1,48,32.79,48,48,48,48,48,48,48,48,48,35.3,48,48,48,48,48,48.1,48,48,48,36.3,48.1,48,48,48,48,48,48,48.1,48,36.4,48,48.1,48,48,48,48,36,35.7
0.0000924,36.1,48,48,48,48,48.1,48,48,48,48,48,36.3,48,48,48.1,48,48,48,48,48.1,48.1,34.27,48,48,48,48,48,48,48.1,48,48,32.65,48,48,48,48,48,48,48,48.1,48,33.05,48.1,48,48,48,48,48,48,48,48,32.75,48,47.9,48.1,48,48,48,48.1,48,48,32.79,48.1,48.1,48,48.1,48,48,48,48,48,35.2,48,48,48,48,48,48.1,48.1,48,48.1,36.3,48,48,48,48,48,48,48,48.1,48,36.4,48.1,48.1,48,48.1,48,48.1,36,35.6
0.0000926,35.9,48,48,48,48.2,48.1,48,48,48,48,48,36.4,48.1,48,48,48,48,48,48,48.1,48.1,34.17,48,48,48.1,48,48,48.1,48.1,48,48,32.75,48.1,48,48,48,48,48,48,48,48,32.85,48,48,48.1,48,48,48.1,48,48,48,32.7,48,48,48,48.1,48,48,48,48.1,48,32.75,48,48.1,48,48,48.1,48,48,48,48,35.1,48,48,48.1,48,48,48,48,48.1,48,36.6,48,48,48,48,48,48,48,48,48.1,36.3,48,48,48,48.1,48,48,35.8,35.6
0.0000928,35.8,48,48,48,48.1,48,48,48,48,48.1,48.1,36.3,48.1,48,48,48,48,48.1,48,48,48,34.13,48,48.1,48.1,48,48,48,48,48.1,48.1,32.79,48,48.1,48,48,48,48.1,48,48,48,32.85,48.1,48,48,48,48,48,48,48,48,32.8,48,48,48,48,48,48,48.1,48.1,48.1,32.79,48.1,47.9,48,48,48,48,48,48,48,35.2,48.1,48.1,48,48,48,48.1,48,48,48,36.6,48,48,48,48,48,48,48,48,48,36.2,48,48,48,48,48,48,35.7,35.5
0.000093,35.8,48,48,48,48,48,48,48,48,48,48,36.4,48,48,48,48,48,48,48,48,48.1,34.03,48,48.1,48,48,48,48,48,48,48,32.85,48.1,48.1,48,48,48,48,48,48,48,32.85,48,47.9,48,48,48,48,48.1,48,48,32.75,48,48,48,48,48.1,48,48,48,48,32.55,48,48,48,48,48,48.1,48,48.1,48,35.3,48,48,48,48,48,47.9,48,48,48,36.8,48,48.1,48,48,48,48,48,48,48,36.4,48,48,47.9,48,48,48,35.9,35.6
0.0000932,35.7,48,48,48.1,48,48,48,48,48.1,48,48,36.3,48,48,48,48,48,48,48,48,48.1,33.99,48,48.1,48.1,48,48,48,48.1,48,48,32.75,48.1,48,48,48,48,48,48,48.1,48,32.7,48,48,48,48.1,47.9,48,48,48.1,48,32.85,48,48,48,48,48,48,48,48,48,32.55,48,48.1,48.1,48.1,47.9,48,48,48,48,35.3,48,48,48,48,48,48.1,48,48,48.1,36.6,48,48,48,48,48,48.1,48,47.9,48,36.3,48,48.1,48,48,48,48.1,35.8,35.5
0.0000934,35.5,48.1,48,48,48,48,48,48.1,48.1,48,48,36.2,48.1,48,48,48,48,48,48,48,48.1,33.99,48,48,48,48,48,48,48,48,48,32.95,48.1,48,48,48,48.1,48,48.1,48,48,32.75,48,48,48,48,48,48,48,48,48,32.9,48,48,48.1,48,48,48.1,47.9,48,48,32.55,48,48,48,48,48,48,48,48,48,35.4,48.1,48,48.1,48,48,48,48,48,48,36.6,48,48,48,48,48,48,48,48,48,36.5,48,48,48,48,48,48,35.8,35.6
0.0000936,35.7,48,48,48,48,48.1,48,48,48,48.1,48.1,36.3,48.1,48,48,48.1,48,48,48.1,48,48,33.99,48,48.1,48.2,48,47.9,48.1,48,48,48,32.95,48,48,48,48.1,48,48.1,48,48.1,48.1,32.85,48,48,48.1,48,48,48,48.1,48,48,32.95,48,48,48,48,48,48,48.1,48,48,32.69,48,48.1,48.1,48,48,48.1,48,47.9,48,35.5,48,48,48,48.1,48.1,48,48,48,48,36.4,48,48,48,48,48,48,48,48,48,36.5,48,48,48.1,48,48,48,35.8,35.5
0.0000938,35.7,48,48,48,48,48,48,48,48,48,48,36,48,48.1,48,48,48,48,48,48,48,34.03,47.9,48.1,48,48,48.1,48,48.1,48,48,32.9,48.1,48,48,48.1,48,48,48,48,48,32.8,48.1,48,48.1,48,48,48.1,48,48,48,32.85,48,48,48,47.9,48,48,48,48.1,48,32.83,48.1,48,48,48,48,48.1,48,48,48,35.5,48,48,48,48,48,48.1,48.1,48,48,36.4,48.1,48,48,48,48.1,48,48,48,48,36.6,48,48,48,48.1,48,48.1,35.9,35.5
0.000094,35.7,48,48,48,48,48,48.1,48,48,48,48,35.9,48.1,48,48,48,48,48,48.1,48,48.1,34.07,48,48.1,48.1,48,48,48,48,48,48,32.79,48,48,48,48,48,48.1,48,48,48,32.75,48,48,48,48,48,48,48,48,48,32.8,48,48,48,48,48,48,48,48,48.1,32.83,48.1,48.1,48.1,48,48,48,47.9,48,48.1,35.5,48,48.1,48,48,48,48,48,48,48,36.2,48.1,48,48,48,48.1,48,48,48,48,36.8,48,48,48,48,48,48,36.1,35.5
0.0000942,35.9,48,48,48.1,47.9,48,48,48,48,48,48,35.8,48,48,48,48.1,48,48,48.1,48,48,34.07,48,48,48.1,48,48,48,48,48,48,32.79,48,48,48,48,48,48.1,48,48,48.1,32.72,48,48,48.1,48.1,48,47.9,48,48,48,32.6,48,48.1,48,48,48,48,48,48,48,32.79,48,48,48,48,48,48.1,48,48,48.1,35.5,48,48,48,48,48,48,48.1,48,48.1,36.2,48,48,48,48,47.9,48,48,48,48,36.7,48,48,48,48,48,48,36,35.5
0.0000944,35.9,48,48,48,48,48,48,48,47.9,48.1,48,35.8,48,48.2,48.1,48,48,48.1,48,48,48.1,34.12,48,48,48,48.1,48,48,48,48,48,32.75,48.1,48,48.1,48,48,48,48,48,48,32.7,48,48.1,48,48,48.1,48,48,48,48,32.8,48,48,48,48,48,48,48,48.1,48,32.83,48,48,48,48,48,48,48.1,48,48,35.5,48,48,48,48,48,48.1,48.1,48,48,36.2,48,48,48,48,48.1,48,47.9,48,48.1,36.5,47.9,48,48,48,48,48.1,36,35.5
0.0000946,36.1,48,48.1,48,48,48,48.1,48.1,48,48.1,48,35.9,48,48,48.1,48,48,48,48,48.1,48,34.16,48.1,48,48.1,48.1,48,48.1,48.1,48,48,32.7,48,48,48.1,48.1,48,48,48,48,48,32.7,48,48,48,48.1,48,48,48,48.1,48,32.7,48,48.1,48.2,48,48.1,48.1,48,48,48,32.85,48,48,48.1,48,48,48.1,48.1,48,48,35.5,48.1,48.1,48.2,48.1,48.1,48,48,48,48,36.1,48,48,48,48.1,48,48,48,48,48.1,36.6,48,48,48,48,48,47.9,35.9,35.6
0.0000948,35.9,48.1,48,48,48,48,48,48,48,48,48,35.9,48,48.1,48.1,48,48.1,48,48,48,48.2,34.26,48,48,48,48,48,48,48,48,48,32.65,48,48,48,48,48.1,48.1,48,48,48.1,32.65,47.9,48,48,48,48,48,48,48.1,48.2,32.6,48.1,48,48,48,48.1,48,48,48.1,48,32.75,48,48,48.1,47.9,48,48.1,48.1,48,48,35.5,48,48,48,48,48,48.1,48.1,48,48.1,36.1,47.9,48.1,48.1,48.1,48,48,48,48,48,36.5,48,48,48,48.1,48,48,35.9,35.6
0.000095,36.1,48,48,48.1,48.1,48.1,48,48,48,48,48.1,36.1,48.1,48,48,48.1,48,48,48,48,48,34.2,48,48,48,48,48,48,48,48,48.1,32.75,48,48,48,48,48,48,48,48,48,32.75,48,48,48,48,48,48,48,48,48,32.6,48,48.1,48,48,48,48,48,48.1,48,32.65,48.1,48,48,48,48,48,48,48,48,35.3,48,48,48.1,48,48.1,48.1,48,48,48,36.3,48,48.1,48,48,48,48,48,48,48,36.4,48,48,48,48,48,48,35.9,35.8
0.0000952,36,48,48,48,48.1,48,48,48,48,48,48,36.1,48,48,48,48,48.1,48.1,48.1,48,48,34.3,48,48,48,48,48,48,48.1,48,48.1,32.65,48,48,48,48,48,48,48.1,48,48,32.7,48,48,48,48,48,48.2,48,48,48,32.69,48,48,48,48,48,48,48,48,48,32.75,48,48,48,48,48,48.1,48,48,48,35.3,48.1,48.1,48,47.9,48,48,48,48,48,36.4,48,48,48,48,48,48.1,48,48,48.1,36.3,48,48,48,48.1,48.1,48,35.8,35.8
0.0000954,36.1,48,48,48,48.1,48.1,48,48,48,48.1,48.2,36.1,48.1,48,48,48,48,48.1,48,48,48,34.25,48,48,48,48,48,48,48,48,48,32.6,47.9,48,48,48,48,48,48,48.1,48,32.75,48,48,48,48.1,48,48,48.1,48,48.1,32.75,48,48,48,48,48,48,48,48,48,32.65,48,48,48,48,48,48,48,48,48.1,35.2,48,48,48,48.1,48,48,48,48,48,36.4,48,48.1,48,48,48,48,48.1,48,48.1,36.5,48.1,48,48,48,48.1,48,35.9,35.8
0.0000956,35.9,48,48,48.1,48,48.1,48,48,48.1,48.2,48,36,48,48,48.1,48.1,48.2,48.1,48,48,48,34.16,48,48,48.1,48.1,48.1,48,48,48,48,32.65,48,48.1,48,48,48,48,48.1,48,48,32.9,48,48,48,48.1,48,48,48,48,48.1,32.75,48,48,48,48,48.1,48.1,48.1,48,48,32.55,48,48,48,48,48,48,48,48,48,35.2,48,48,48.1,48,48.1,48,48,48,48,36.4,48,48,48,48,48,48.1,48.1,48.1,48,36.5,48,48,48,48,48,48,35.8,35.8
0.0000958,36,48,48,48,48,48,48,48,48,48,48,35.9,48,48,48,48,48.1,48,48,47.9,47.9,34.16,48,48,48,48,47.9,48,48,48,48,32.79,48,48,48.1,48,48,48,48,48,48,32.95,48.1,48,48,48,48,48,48,48,48,32.6,48,48,48,48,48,48,48.2,48,48,32.69,48,48,48,48,48,48,48.1,48,48,35.2,48,48,48.1,48,48,48.2,48,48,48,36.4,48,48.2,48.1,48.1,48,48,48,48.1,48,36.6,48.1,48,48,48,48,48,35.7,35.8
0.000096,35.9,48,48,48,48,48,48,48,48.1,48,48,36,48,48,48,48,48,48,48,48,47.9,34.02,48.1,48,48,48,48,48,48,48.1,48,32.6,48,48.1,48.2,48.1,48,48,48,48.1,48,32.9,48,48.1,48,48,48,48,48.1,48,48,32.6,48,48.1,48,48,48,48,48,48.1,48,32.69,48,48,48,48,48,48,48,48,48.1,35.2,48,48,48,48,48,48,48.1,48,48.1,36.4,48,48,48,48,48,48.1,48,48,48,36.8,48,48,48,48,48,48,35.6,35.9
0.0000962,35.9,48,48,48,48,48,48,48,48,48.1,48,35.9,48,48,48,48,48,48.2,48,48,48.1,33.87,48,48,48,48,48,48,48,48,48,32.79,48.1,47.9,48,48,48,48,48,48,48.1,32.8,48,48,48,48,48,48,48,48,48,32.75,47.9,48,48,48,48,48,48,48,48,32.83,48,48,48,48,48,48,48,48,48,35.3,48,48,48.1,48,48,48,48,48.1,48,36.4,48.1,48,48,48,48,48,48.1,48,48.1,36.8,48,48,48,48,48,48,35.5,35.8
0.0000964,35.8,48.1,48,48,48,48,48,48,48,48,48,35.9,48,48,48,48,48,48,48.1,48,48,34.02,48,48,48,48,48,48,48,48,48,32.75,48,48,48,48,48,48,48,48,47.9,32.7,48,48,48,48,48.1,48,48.1,48,48.1,32.66,48,48.1,48,48,47.9,48,48,48,48,32.79,48,48,48,48,48,48,48.1,48,48.1,35.3,48,48,48,48,48.1,48,48,48.1,48,36.2,48,48,48,48,48,48,48,48,48,37,48,48,48,48,48,48,35.4,35.8
0.0000966,35.6,48,48,48,48,48,48.1,48,48,48,48,35.9,48,48,48,48,48,48,48.1,48.1,48,33.92,48.1,48.1,48,48,48,48,48,48,48,32.7,48,48,48.1,48,48,48,48.1,48,48,32.5,48,48,48,48.1,48,48.1,48.1,47.9,48,32.65,48,48,48,48,48,48,48,48,48.1,32.93,48,48,48,48,48,48,48,48,48,35.4,48,48,48,48,48,48,48,48,48,36.4,48,48,48,48,48,48,48,48,48,36.8,48,48.1,48,48,48,48,35.4,35.7
0.0000968,35.5,48,48,48.1,48,48,48.1,48,48,48,48,36,48,48,48.1,48,48,48,48,48,48.1,33.92,48.1,48,48,48,48,48.1,47.9,48,48,32.6,48,48.1,48,48,48,48,48,48,48,32.46,48,48.1,48,48,48,48,48,48.2,48,32.6,48,48.1,48,48,48.1,48,48,48.1,48.1,32.93,48,48,48,48.1,48.1,48,48.1,48,48.1,35.4,48,48,48,48,48,48,48,48.1,48,36.4,48.1,48.1,48,48,48,48.1,48,48,48,36.7,48,48.1,47.9,48,48,48,35.6,35.8
0.000097,35.6,48,48,48.1,48,48.1,48.1,48,48,48,48,36,48,48,48,48,48,48,48,48,48,34.16,48,48,47.9,48.1,48,48,48,48.1,48,32.75,48.1,48,48,48,47.9,48.1,48,48,48,32.5,48,48,48,48,48,48,48.1,48,48,32.7,48,48,48,48,48,48.1,48,48,48,32.89,48,48,47.9,48,48,48,48.1,48,48,35.4,48,48.1,48,48,48,48.1,48.1,48,48,36.3,48,48,48,48.1,48,48,48.1,48,48,36.6,48,48,48.1,48,48,48,35.8,35.5
0.0000972,35.6,48,48,48,48,48,48,47.9,48,48.1,48,36.1,47.9,48,48,48,48,48,48,48,48,34.25,48,48,48,48,48,48,48,48,48,32.5,48,48.1,48,48,48,48.1,48,48,48,32.55,48,48,48,48,48,48,48.1,48,48.1,32.6,48,48,48,48,48,48.1,48,48,48,32.65,47.9,48,48,48,48.1,48,48,48,48,35.4,48,48,48,48,48,48,48.1,48.1,48,36.3,48,48,48,48,48,48,48,48,48,36.5,48,47.9,48,48.1,48,48,35.9,35.6
0.0000974,35.7,48.1,48.1,48.1,48,48,48,48.1,48,48,48.1,36.3,48,48,48,48,48,48,48,48.1,48,34.39,48,48,48,48,48,48.1,48,48,48.1,32.55,48,48,48,48,48,48,48,48,48,32.6,48.1,48,48,48,48,48,48,48,48,32.55,48.1,48,48,48,48,48,48,48,48,32.59,48,48,48,48,48,48,48,48,48,35.4,48,48.1,48.1,48,48.1,48,48,48,48.1,36.3,48,48.1,48.1,48,48,48,48,48,48.1,36.5,48,48,48,48,48,48,36.2,35.8
0.0000976,35.7,48,48,48,48,48,48,48,48,48,48,36.2,48,48,48.1,48.1,48.1,48,48,48,48.1,34.29,48,48,48,47.9,48,48.1,48,48,48,32.59,48,48,48,48,48.1,48,48,48.1,48,32.75,48.1,48,48,48,48,48,48,48,48.1,32.65,48,48,48.1,48,48.1,48.1,48,48,48,32.55,48,48,48,48,48,48,48,48,48,35.4,48.1,48,48,48.1,48,48,48,48,48,36.3,48,48,48.1,48,48,48,48.1,48,48,36.5,48,48.1,48.1,48,48,48.1,36.3,35.7
0.0000978,35.7,48,48,48,48,48,48,48,48.1,48,48,36.3,48,48.1,48.1,48,48,48,48,48,48.1,34.3,48,48,48,48,48,48,48.1,48,48,32.65,48,48.1,48,48,48,48,48,48,48,32.7,48,48,48,48.1,48,48,48,48,48,32.65,48,48.1,48,48,48,48,48,48,48,32.49,48,48,48,48,48,48,48,48,48,35.6,47.9,48,48.1,48,48,48,48,48,48,36.1,48,48,48,48,48,48,48,48,48,36.6,48,48,48.1,48,48.1,48,36.2,35.8
0.000098,35.8,48,48.1,48,47.9,48,48,48,48,48.1,48,36.1,48,48.1,48,48,48.1,48,48.1,48,48,34.4,48.1,48.1,48,48,48,47.9,48.1,48,48,32.65,48,48,48,48,48.1,48,48,48,48.1,32.9,48,48,48,48,48,48.1,48.1,48,48.1,32.5,48,48,48,48,48,48,48,48,48,32.35,48,48,48.1,48,48,48,48.1,48,48,35.4,48,47.9,48,48,48,48,48,48,48,36.2,48,48,48,48,48,48.1,48,48,48,36.4,48,48,48,48,48,48.1,36.3,35.8
0.0000982,35.8,48,48,48,48,48,48,48,48.1,48,48,36.2,48,48,48,48,48.1,48,48.1,48,48,34.3,48,48,48,48,48,47.9,48.1,48.1,48,32.65,48,48,48.1,48,48,48,48,48,48,32.9,48,48,48,48.1,48.1,48,48,48,48,32.65,48,48,48,48,48,48,48,48,48,32.45,48,48,48,48,48.1,48.1,48,48.1,48,35.3,48,48,48,48,48,48,48,48,48,36.2,48,47.9,47.9,48,48.1,48,48,47.9,47.9,36.4,48,48,48,48,48,48,36.2,35.8
0.0000984,35.7,48,48,48,48,48,48.1,48,48,48,48,36.2,48,48,48,47.9,48,48,48,48,48.1,34.25,48,48.1,48,48,48,48,48,48,48,32.65,48,48.1,48,48,48,48,48,48.1,48,32.85,48,48.1,48,48,48,48,48,48,48,32.6,48,48,48,48.1,48,48,48,48,48,32.25,48,48,48,48,48,48,48,48,48,35.3,48.1,48,48,48.1,48.1,48,48.1,48,48,36.2,48,48,48.1,48,48,48.1,48.1,48.1,48,36.5,48,48,48.1,48,48.1,48,36.1,35.8
0.0000986,35.8,48.1,48,48,48,48,48,48,48,48,48,36.1,48,48,48,48,48,48,48.1,48,48,33.96,48,48,48,48,48.1,48,48.1,48,48,32.55,48,48,48,47.9,48,48,48,48.1,47.9,32.7,48,48.1,48,48,48,48,48,48,48.1,32.6,48,48,48,48,48,48,48,48,48,32.25,48,48,48,48.1,48,48,48,48,47.9,35.1,48.1,48.1,48,48,48,48,48,48.1,48,36.2,48,48,48.2,48,48.1,48,48,48,48,36.5,48,48,48,48,48,48,35.8,35.8
0.0000988,35.8,48.1,48.1,48,48,48,48.1,48,48,48,48,36,48.1,48,48,48.1,48,48,48,48,48,33.86,48,48,48,48,48.1,48,48,48,48,32.59,48.1,48,48,48,48.1,48,48.1,48,48,32.7,48,48,48,47.9,47.9,48,48.1,48.1,48,32.75,48,48,48,48,48.1,48,48,48,48,32.29,48,48,48,48,48,48,48.1,48,48.1,35.1,48.1,48,48,48,48,48,48,48,48,36.3,47.9,48.1,48,48,48,48,48,48,48,36.5,48,48,48,48,48,48.1,35.8,35.7
0.000099,35.8,48,48,48,48,48,48,48.1,48,48,48.1,35.9,48,48,48,48,48,48.1,48,48.1,48,33.86,48.1,48,48.1,48,48,48,48,48,48,32.69,48,48,48,48,48,48,48,48,48,32.5,48,48.1,48,48.1,48,48,48,48,48,32.7,48.1,48,48,48,48,48,48,48,48,32.43,48,48,48.1,48,48,48,48,48,48,35.1,48,48,48,48,48,48,48.1,48,48,36.1,48,48,48.1,48,48.1,48,48,48,48,36.6,48,48,48,48,48,48,35.7,35.7
0.0000992,35.8,48,48,48,48,48.1,48,48,48.1,48,48,35.9,48,48,48.1,48,48,48.1,48.1,48,48,33.86,48,48,48,48,48,48,48.1,48,48,32.65,48,48,48,48,48,48,48,48,48,32.5,48,48,48,48.2,48,48,48,48.1,48,32.7,48,48,48,48,48,48,48,48,48,32.39,48.1,48,48,48.1,48,48,48,48,48,35,48,48,48.1,48,48,48,48,48,48,36.2,48,48,48,48,48,48,48,48,48,36.5,48,48,48,48,48.1,48,35.7,35.7
0.0000994,35.8,48,48,48,48,48,48,48,48,48,48.1,35.8,48,48,48,48.1,48.1,48,48.1,48,48,33.96,48,48.1,48,48,48,48,48,48,48,32.65,48.1,48.1,48,48,48,48,48,48.1,48,32.5,48,47.9,48,48,48,47.9,48,48,48,32.6,48,48.1,48,48,48,48,48,48.1,48,32.53,48,48,48,48,48.1,48,48,48,48,35,48.1,48,48,48,48,48.1,48,48,48,36.2,48,48.1,48,47.9,48,48.1,48,48,48,36.6,48,48,48,48,48,48,35.8,35.6
0.0000996,35.8,48.1,48.1,48,48,48,48,48,48,48,48,35.9,47.9,48.2,48,48.1,48,48,48,48,48,34.05,48,48.1,48.1,48,48,48,48,48,48,32.56,48,48.1,48,48,48,48,48,48.2,48,32.5,48,48,48,48,48,48,48,48,48.1,32.5,48,48.1,48,48,48,48.1,48,48,48.1,32.63,48,48,48,48,48,48.1,48,48,48,35.1,48,48,48,48,48,48,48,48,48,36.2,48.1,48.1,48,48,48,48.1,48,48.1,48,36.6,48.1,48,48,48,48.1,48,35.8,35.8
0.0000998,35.8,48,48,48.1,48.1,48,48,48.1,48,48,48,35.8,48,48,48.1,48,48,48.1,48.2,48,48,34.15,48,48,48,48,47.9,48,48,48.1,48,32.46,48,48,48,48.1,48,48.1,48,48,48,32.6,48,48,48,48,48,48.1,48,48,48.1,32.65,48,48.2,48,48,48,48,48,48,48,32.78,48,47.9,48,48,48,48,48,48,47.8,35.1,48.1,47.9,47.9,48,48,48,48.1,48,48,36.1,48,48,48.1,48.1,48,48,48,48,48,36.6,48,48,48,48,48,48,35.9,35.6
0.0001,35.8,48,48,48.1,48,48.1,48,48.1,48.1,48,48,35.8,48,48.1,48,48.1,48,48,48,48,48,34.2,48,48,48,48,48,48,48,48,48,32.5,48.1,47.9,48.1,48.1,48,48,48,48,48.1,32.66,48,48,48,48.1,48,48,48,48.1,48,32.5,48,48,48,48,48,48.1,48,48,48,32.83,48,48,48.1,48,48.1,48,48,48,48,35.3,48,48,48,48.1,48,48,48,48,48,36.1,48,48,48,48,48,48,48,48,48,36.5,48.1,48.1,48,48,48,48,35.8,35.5
0.0001,35.8,48,48.1,48,48.1,48,48,48.1,48.1,48.1,48,35.8,48,47.9,48,48,48,48.1,48.1,48,48,34.4,48,48,48,47.9,48,48,48,48.1,48,32.46,48.1,48.1,48,48,48.1,48,48,48,48,32.72,48,48,48,48,48,48,48,48.1,48.1,32.5,48,48,48,48,47.9,48,48,48,48,32.78,48,48,48,47.9,48,48.1,48,48,48,35.4,48.1,48,48,48,48,48,48,48,48,36.2,48.1,48.1,48,48,48,48,48,48,48,36.5,48,48,48,48,48,48,36.1,35.5
0.0001,35.8,48,48,48,48,48.1,48.2,48,48,48,48,36,48,48,48.1,48,48.1,48,48,48,48,34.2,47.9,48,48,48,48,48.1,48,48,48,32.56,48,48,48,48.1,48,48,48,48,48.1,32.72,48.1,48,48,48,48,48.1,48.1,48,48,32.46,47.9,48.1,48,48,48.1,48,48,48,48,32.88,48,48.1,48,48,48,48,48,48,47.9,35.5,48,48,48,48,48,48,48.1,48,48,36,48,48,48,48.1,48,48,48,47.9,48,36.4,48,48,48,48,48,48,36,35.6
0.000101,35.8,48.1,48.1,48,48,48,48.1,48,48,48,48,36,48,48,48,48.1,48.1,48,48,48,48,34.3,48,48,48,48,48,48,48,48,48,32.5,47.9,48,48,48,48.1,48,48,48,47.9,32.62,48.1,48,48,48,48,48,47.9,48,48,32.42,48.1,48,48,48.1,48,48,48,48,48,32.75,48.1,48,48.1,48,48,48,48,48,48,35.5,48,48,48.1,48.1,47.9,48,48,48,48,36.1,48.1,48,48,48,48,48,48,48,48,36.2,48.1,48,48,48,48,48,36,35.5
0.000101,35.8,48,48,48,48.1,48,48.1,48.1,48,48,48,35.9,47.9,48,48,48,48,48,48.1,48,48,34.4,48,47.9,48,48,48,48,48,48,48,32.46,48,48,48,48,47.9,48,48,47.9,48,32.62,48,48,48.1,48,48,48,48,48,48,32.52,48,48,48,48,48,48,48,48,48,32.5,48,48,48,48,48,48,48.2,48,48.1,35.5,48.1,48,48,48.1,48,48,48,48,48,36.1,48,48,48,48,48,48,48,48.1,48,36.4,48,48.1,48,48,48,48.1,36.1,35.5
0.000101,35.9,48,48.1,48,48,48,48,48,48,48,48,35.9,48,48.1,48,48,48,48,48,48,48,34.2,48,48,48,48,48,48,48,48,48.1,32.46,48,48,48,48,48,48,48.1,48.1,48.1,32.52,48,48,48,48,48,48,48.1,48,48,32.52,48,48,48,48,48.1,48,48,48,48.1,32.5,48,48,48,48,48,48,48,48,48,35.5,48,48,48,48,48.1,48,48,48,48.1,36.1,48,48,48,48,48,48,48,48,48,36.3,48,48,48,48,48,48,36.1,35.5
0.000101,35.9,48.1,48,48,47.9,48,48,48.1,48,48,48,36,48.1,48,48,48,48,48,48,48,48,34.4,48,48,48,48,48.1,48,48,48,48,32.46,48,48,48,48,48.1,48,48.1,48,48,32.42,48,48,48,48,48.1,48.1,48,48,48,32.52,48,48,48,48,48,48,48,48,48,32.36,48,48,48,48,48,48,48,48,48,35.4,48,48,48.1,48,48,48,48,48,47.9,36.1,48,48.1,48,48,48,48,48.1,48,48,36.2,48,48,48,48,48,47.9,35.9,35.5
0.000101,35.9,48,48,48,48,48,48,48,48,48,48,36,48.1,48,48.1,48,48.1,48,47.9,48,48,34.1,48,48,48,48,48,48.1,48,48,48,32.5,48,48,48,48,48,48,48,48,48.1,32.42,48.1,48,48,48,48,48,48,48,48,32.42,48.1,48,48,48,48,48.1,48,48.2,48,32.4,47.9,48,48,48,48.1,48,48,48,48,35.4,48,48.1,48,48,48.1,48.1,48,48,48,36.1,48.1,48,48.1,48,48,47.9,48,48,48,36.2,48,48,48,48,48,48,35.8,35.5
0.000102,35.8,48.1,48.1,48.1,48,48.1,48,48,48,48,48,35.8,48,48,48,48,48,48,48,48,48,34.1,48.1,48,48,48,48.1,48,48,47.9,48,32.52,48,48,48,48.1,48,48,48.1,48,48,32.46,48,48,48,48.1,48,48.1,48,48.2,48,32.42,48,48,47.9,48,48,48,48,48,48,32.55,48.1,48,48,48,48,48.1,48,48,48,35.2,48,48,48,48.1,48.1,48,48.1,48,48.1,36.2,48,48,48,48,48,48,48,48,48.1,36.3,48,48,48,48,48,48,35.8,35.8
0.000102,35.9,48,48.1,48,48,48,48,48,48,48,48,35.9,48,48,48.1,48,48.1,48,48,48,48.1,34.09,48,48,48,48.1,48.1,48,48,48,48.1,32.56,48,48,48.1,48,48,48.2,48,48,48,32.42,47.9,48,48,48,48,48,48,48,48,32.6,48,48,48,48,48,48,48,48,48,32.59,48,48,48,48,48,48,48,48.1,48,35.1,48,48,48,48,48,48,47.9,48,48,36.3,48,47.9,48,48,48,48,48,48,48.1,36.4,48,48,48,48,48,48.1,35.9,35.8
0.000102,35.7,48,48,48,48.1,48,47.9,48,48,48.1,48,35.8,48,48,48,48,48,48,48,47.9,48.1,34.09,48,48,48,48,48,48,48,48,48,32.6,48,48.1,48,48,48,48,48,48,48.1,32.46,48,48,48,48,48,48,48,48.1,48.1,32.52,48,48.1,48,48,48.1,48,48,48,48,32.73,48.1,48,48,48,48.1,48,48,48,47.9,35.1,48,48,48,48,48,48,48,48,48,36.3,48,48,48,48,48,48,48,48,48,36.5,48,48,48.1,48.1,48,48,35.9,35.8
0.000102,35.8,48.1,48,48,48.2,48,48,48,48.1,48,48,35.8,48.1,48.1,48,48,48,48.2,48,48,48,34.1,48,48,48,48,48.1,48,48,48,48,32.5,48,48,48,48,48,48,48,48,48,32.47,48,47.9,48,48,48,48.1,48.1,48,48,32.46,48,48.1,48,48,48,48,48,48,48,32.83,48.2,48,48,48,48,48,48,48,48,35,48,48,48,48,48.1,48,48,48.1,48,36.4,48,48,48,48.1,48,48.1,47.9,48,48,36.4,48,48,48,48,48.1,48,35.8,35.8
0.000102,35.9,48.1,48,48,48,48.1,48,47.9,48,48,48,35.8,48,48,48,48,48,48,48.1,48,48,34.1,48,48.1,48,48,48,48,48.1,47.9,48,32.4,48,48.1,48,48.2,48,48,48,48,48,32.52,48,48,48,48.1,48,48,48,48.1,48,32.42,48,48.1,48.1,48,48.1,48,48,48,48,32.79,48,48,48,48,48,48,48,48,48,35.1,48,48,48,48,48,48,48,48,47.9,36.4,48,48,48,48,48,48.1,48,48,48,36.5,48,48,48,48,48,48,35.8,35.9
0.000103,35.9,48,48,48,48,48,48,48.1,48,48,48,35.8,48,48,48,48,48,48,48,47.9,48,34.2,48,48,48,48,48,48,48,48,48,32.3,48.1,48,48,48,48,48,48.1,48,48.1,32.56,48.1,48,48,48,48,48,48,48,48,32.32,48,48,48,48,48,48,48,48.1,48,32.73,48,48,48,48,48,48,48,48.1,48,35.2,48,48,48,48.1,48,48,48,48,48,36.3,48,48,48,48,48.1,48.2,48,48,48,36.5,48.1,48,48.1,48,48,48,35.9,35.8
0.000103,35.9,48,47.9,48,48,48,48,48,48,48,48.1,35.8,48,48,48,48,48,48,48,48,48,34.3,48,48,48,48,48.1,48,48.1,48.1,48,32.26,48.1,48.1,48,48,48,48.2,48,48,48.1,32.52,48.1,47.9,48,48,48,48,48,48,48,32.46,48,48,48,48,48,48,48,48,48,32.6,48,48.1,48.1,48.1,48.1,48,48,48,48,35.3,48,48.1,48,48,48,48,48,48,48,36.2,48,48,48,48,48,48.1,48,48,48,36.3,48,48,48.1,48,48,48,35.8,35.8
0.000103,35.9,48,48.1,48,48.1,47.9,48,48,48,48,48,35.8,48,48.1,48,48.1,48,48,48.1,48,48,34.3,48,48,48,48,48,48,48.1,48,48,32.26,48,48,48.1,48,48.1,48.1,48,48,48,32.62,48.1,48,48,48,48,48,48,48,48,32.32,48.1,48,48.1,48,48,48,48,48,48,32.35,48.1,48,48,48,48,48,48,48,48,35.4,48,48,48,48,48,48,48,48.1,48,36,48.1,48,48,48,48,48,48,48,48,36.3,48,48,48,48,48,48.1,35.9,35.8
0.000103,36,48,48.1,48,48,48,48.1,48,48,48,48,35.8,48.1,48.1,48,48,48,48.1,48,48,48,34.2,48,48.1,48,48,48,48,48,48,48,32.3,48,48,48,48,48,48.1,48,48,48,32.66,48,48,48.1,48,48,48,48,48,48,32.32,48.1,48,48,48,48,48,48,48,48,32.26,48,48,48,48,48,48,48,48.1,47.9,35.3,48,48,48,48,48,48,47.9,48,48.1,35.9,48.1,48,48,48,48,48,48,48,47.9,36.3,48,48.1,48,48,48,48,35.8,35.6
0.000103,35.9,48,48.1,48,47.9,48.1,48,48,48.1,48.1,48,36,48,48,48,48,48,48,48,48,48,34.2,48,48.1,48.1,48.1,48,48,48.1,47.9,47.9,32.3,48.1,48.1,48,48,48,48,48,48,48,32.52,48,48,47.9,48,48,48,48.1,48,48,32.42,48.1,48.2,48,48.1,48,48,48,48,48,32.16,48,48,48,48,48,48,48,48,48.1,35.4,48,48,48,48,48,48,48,48,48,35.8,48,48,48.1,48,48,48.1,48,48.1,48.1,36.3,48,48.1,48,48,48,48,35.8,35.6
0.000104,36,48,48,48.1,48.1,48,48,48,48,48,48,35.9,48,47.9,48,48,48.1,48,48,48,48,34.4,48,48.1,47.9,48,48,48,48.1,48,48,32.36,48,48,48,48,48,48.1,48.1,48,48,32.66,47.9,48,48,47.9,48.1,48.1,48,48,48.1,32.42,48,48,48,48,48,48,48,48.1,48,32.16,48,48,48,48,48,48,48,48,48,35.3,48,48,48,48,48,48,48,48,48,35.8,48,48,48,48,48,48.1,48,48.1,48,36,48,48,48,48,48,48,35.9,35.5
0.000104,36,48,48.1,48,48,48,48,48,48.1,48.1,48,35.8,48,48,48,48.1,48,48.1,48,48,48.1,34.3,48,48,48,48,48,48,48,48,48,32.5,48,48,48.1,48,48,48,48,48,48.1,32.52,48,48,48,48.1,48,48,48,48,48,32.32,48,48,48,48.1,48,48,48.1,48,48,32.16,48,48,48.1,48,48,48,48,48,48,35.4,48.1,48,48.2,48.1,48,48,48,48,48,35.8,48,48,48,48,48,48,48,48,48,36,48,48,48,48,48,48,35.8,35.5
0.000104,35.9,48,48,48,48,48,48,48,48,48.1,48,35.9,48,48,48,48,48,48.2,48,48,48.1,34.3,48,48.1,48,48,48.1,48,48,48,48,32.56,48.1,48,48.1,48,48,48.1,48,48,48,32.42,48,48.1,48,48,48,48,48,48.1,48,32.36,48,48,48,48,48,48,48.1,48,48,32.25,48,48,48,48,48,48,48,48,48,35.3,48,48,48,47.9,48,48,48,48.2,48,36,48.1,48,48,48,48,48,48,48,48,36.1,48,48,48,48,48,48,35.8,35.5
0.000104,35.9,48,48,48,48,48.1,48,48,48,48,48,35.8,48.1,48,48.1,48,48,48,47.9,48,48,34.3,48.1,48,48,48,48,48,48,47.9,48,32.56,48,48,48.1,48,48,48,48.1,48,48,32.42,48,48,48,48.1,47.9,48,48,48,48,32.32,48,48,48,48,48,48,48,48,48,32.35,48,48,48,48,48,48,48.1,48.1,48,35.3,48,48,48,48,48.1,48.1,48,48,48,36,48,48,48.1,48,47.9,48,48,47.9,48,36,48,48,48,48,48.1,48,35.9,35.6
0.000104,35.8,48,48,48,48,48.1,48,48,47.9,48.1,48,35.8,48,48,48.1,48,48.1,48,48,48,47.9,34.2,48,48,48,48,48,48,48,47.9,48,32.6,48.1,48,48,48.1,48,48,48,48,48.1,32.42,48,48,48,48,48,48,48,48,48.1,32.36,48,48.1,48,48,48,48,48,48,48.1,32.63,48,48,48,48,48,48,48,48,48,35.1,48.1,48,48,48,48,48.1,48,48,48.1,36.2,48,48,48,48,48,48,48,48,48,36,48,48,48,48,48.1,48.1,35.9,35.5
0.000105,35.7,48,48.1,48,48,48,48,48,48,48.1,48,35.8,48,48,48.1,48,48.1,48.1,48,48,48,34.2,48,48,48,48,48,48,48,48,48.1,32.46,48,48.1,48.1,48,48,48,48.1,48,48,32.42,48,48,48,48,48,48,48,48.1,48,32.32,48,48,48,48.1,48,48,48,48,48,32.68,48,48,48,48,48.1,48,48,48,48,35.1,48,48,48,48,48,48,48,48,48.1,36.3,48,48,48,48,48,48,48,48.1,48,36.1,48,48,48,48,48,48,35.9,35.8
0.000105,35.7,48,48,48,48,48,48,48,48,48,48,35.8,48,48,48,48,48.1,47.9,48,48.1,48,34.1,48,48,48,48,47.9,48,48,48,48,32.42,48,48,48,48,48,48,48,48.1,48,32.42,48,48,48,48,48,48,48,48,48,32.36,48,48,48,48,48,48,48.1,48,48,32.68,48,48,48,48,48.1,48,48.1,48,48,35,48,48,48,48,48,48.1,48,48.1,48,36.4,48,48,48,48,48,48,48,48,48,36.1,48,48,48,48,48,48.1,35.8,36
0.000105,35.5,48.1,48,48,48,48,48,48.1,48,48,48,35.8,48,48,48,48,48,48,48,48,48,34.1,48,48,48,48,48,48,48,48,48,32.3,48,48.1,48.1,47.9,48,48,48,48,48,32.42,48,48,48,48.1,48,48,48,48,48,32.36,48,48,48,48,48.1,48,48,48,48,32.68,48,48.1,48.1,48,48,48,47.9,48,48,35,48,48,48,48,48,47.9,48,48,48,36.3,48,48,48,47.9,48,48,48.1,48,48,36,48,48,48,48,48,48,35.8,36
0.000105,35.6,48,48,47.9,48,48,48,48,48,48,48,35.8,48.1,48,48,48,48,48,48,48,48,34.2,48,48,48,48,48,48,48,48,48.1,32.26,48,48,48,48.1,48,48.1,48,48.1,47.9,32.42,48,48,48,48,48,48,47.9,48,48.1,32.36,48,48.1,48,48,48,48,48,48,48,32.49,48,48,48,48,48,47.9,48,48,48,35.2,48,47.9,48,48,48,47.9,48,48,48.1,36.2,48,48.1,48,48,48,48,48,48,48,36,48,48,48,48,48,48,35.7,36.1
0.000105,35.6,48.1,48,48,48,47.9,48,48,48,48,48,35.7,48,48,48.1,48,48,48,48,48,48,34.1,48,48,48,48,47.9,48,48,48,48,32.22,48,48.1,48,47.9,48,48,48,48,48,32.37,48,48,48,48,48,48,48,48,48,32.32,48,48,48.1,48,48.1,48,48,48.1,48,32.3,48,48,47.9,48,48,48,48,48,48,35.1,48.1,48,48,48,48,48,48,48,48,36.2,48,48,48.1,48.1,48,48,48,48,48,36.1,48,48,48.1,48,48,48,35.8,35.8
0.000106,35.7,48,48,48,48,48,48,48,48,48,48,35.8,48,48,48,48,48.1,48.1,48,48.2,48,34.3,48,48,48,48,48,48,47.9,48,48.1,32.3,48.1,48,48,48,48,48,48,48,48.1,32.42,48,48,48,48,48,48,48,48,47.9,32.32,48.1,48.1,48.1,48,48.1,48,48,48.1,48,32.2,48.2,48,48,48,48,48,48,48,48,35.2,48,48,48.1,48.1,48,48.1,47.9,48,48,36,48,48.1,48.1,48,48,48,48,48,48,36.3,48.1,48,48,48,48,48,35.8,35.7
0.000106,35.9,48.1,48,48,48,48,48.1,48,48,48.1,48,35.8,48,48,48,48,48.1,48,48,48,48,34.2,48,48.1,48,48,48,48,48,48,48.1,32.3,48.1,48.1,48,48.1,48,48,48.1,48,48.1,32.42,48,48,48,48,48.1,48,48,48,48,32.36,48,48,48,48,47.9,48,47.9,48,48,32.2,48,47.9,48.2,48,48,48.1,47.9,48,48,35.3,48,48,48,48,48,48.1,48.1,47.9,48,35.9,48,48,48,48,48,48,48,48,48,36.1,48,48,48,48,48,48,35.9,35.7
0.000106,36.1,48,48,48,48,48,47.8,48,47.9,48,48,35.7,48,48,48,48,48,48.1,48,48.1,48,34.2,48,48,48.2,48,48,48,48,48,47.9,32.22,48,48,48,48,48.1,48,48,48,48.2,32.42,48,48,48,48,48,48,48.1,48,48,32.32,48,48,48,48,48,48,48,48,48,32.25,48,48,48,48.1,48,48,48,48,48,35.3,48,48,48,48,48,48,48,48,48,35.9,48,48.1,48,48,48,48,48,48.1,47.9,36.1,48,48,48,48,48,48,35.8,35.4
0.000106,36.1,48,48,48,48,48,48.1,48,48,48,47.9,35.7,48,48,48,48,48.1,48.1,48,48,48,34.2,48,48,48,48,48,48.1,48,48,48,32.36,47.9,48,48,48,48,48,48.1,48,48,32.6,48,48,48,48,48,48,48.1,48,48,32.32,48.1,48,48,48,48,48.1,48,48.1,48,32.25,48,48,48,48,48,48,48,48,48,35.3,48.1,48,48,48,48,48,48,48,48,35.8,48,48,48,48,48,48,48,48,47.9,36.1,48,48,48,48,48,48,36,35.4
0.000106,36.2,48,48,48,48,48.1,48,48,48,48,48.1,35.7,48,48.1,48,48,48,48,48,48,47.9,34.3,48,48,48,48,48,48,48,47.9,48,32.26,48,48.1,48,48,48,48.1,48,48,48,32.37,48,48,48,48,48,48,48,48,48.1,32.32,48.1,48.1,48,48,48,48,47.9,48.1,48,32.39,48,48,48,47.9,48,48,48,48.1,48.1,35.3,48,48,48,48.1,48,48,48,48.1,48.1,35.7,48,48,48,48,48,48,48,48,48,36.2,48,48,48,48.1,48,48,35.9,35.4
0.000107,36.1,48.1,48,48,48,48,48,47.9,48.1,48.1,48,35.8,48,48.1,48,48,48.1,48,48,48.1,48.1,34.3,48,48,48,48,48,48,48,48,48.1,32.3,48,48,48,48,48.1,48,48,48,48,32.52,48.1,48,48,48,48,48.1,48.1,48,48,32.32,48,48.1,48,48.1,48,48,48.1,48.1,48,32.43,48,48,48,48,48,48,48,48,48,35.4,48,48,48,48,48,48,48,48,48.1,35.8,47.9,48,48,48,48,48,48,48,48,36.2,48,48.1,48,48,48,48,35.8,35.5
0.000107,36.1,48.1,47.9,48.1,48,48.1,48,48,48,48,48,35.9,48,48,48,48,48,48,48,48.1,48,34.2,48,48.1,48,48.1,48.1,48.1,48,48.1,48,32.4,48,48.1,48.1,48,48.1,48,48,48,48.1,32.62,48,48,48,48.1,48.1,48,48,48,48.1,32.3,48.1,48,48.2,48,48.2,48,48.1,48,47.9,32.68,48,48,48,48,48,48,48,48,48,35.3,48,48,48,48,48,48,48,48,48,35.9,48,47.9,48,48,48,48,48,48,48,36.2,48,48,48.1,48,48,48,35.8,35.5
0.000107,35.9,48,48,48,48,48.1,48,48,48,48.1,48,35.9,48,48.1,48,48,48.1,48.1,48,48.1,48,34.2,48,48,48,48,48.1,48,48,48,48,32.3,48,48,48,48,48,48.1,48,48,48,32.56,48,48.1,48,48,48,48,48,48,48,32.36,48.1,48,48,48,48,48.1,48,48,48,32.76,48,48,48,48,48,48,48,48,48,35.3,47.9,48,48,48,48.1,48.1,48,48,48,36,48,48,48,48,48,48.1,48,48,48.1,36,48,48,48,48.1,48,48,35.8,35.5
0.000107,35.9,48,48,48.1,48.1,48,48,48,48,48,47.9,35.9,48,48,48,48.1,48,48,48,48,48,34.2,48,48,48.1,48,48,48,48,48,48.1,32.4,48,48,48,48.1,48,48,48,48,48.1,32.47,48.1,48,48,48,48,48,48,48,48,32.32,48,48,48,48,48.1,48,48,48.1,48,32.62,48,48,48,48,48,48,48,48,48,35.2,48,48,48.1,48,48,48.1,48,48,48,36,48,48,48,48,48.1,48,48,48,48,36,48,48.1,48,48,48,48,35.8,35.7
0.000107,35.7,48.1,48,48,48,48,48,48,48,48,48,35.9,48,48.1,48,48,48.1,48,48,48,48,34.2,48,48,48,48.1,48,48,48,48,48,32.46,48,48,48,48,48,47.9,48,48,48.1,32.52,48,48,48,48,48,48,48,48,48,32.32,48.1,48,48,48,48,48.1,48,48,48,32.72,48.1,48,48,48.1,48,48,48,48,48.1,35.2,48,48,48,48,48,48,47.9,48,48.1,36,48,47.9,48,48.1,48,48,48,48,48,36,48,48,48,48,48,48,35.9,35.7
0.000108,35.6,48,48,48,48,47.9,48,48,48,48,48,35.8,48,48,48,48,48,47.9,48.1,48,48,34.2,48,48,48,48,48.1,48,47.9,48,48,32.36,48,48,48.1,48,48,48,48,48,47.9,32.46,48,48,48,48,47.9,48,48,48,48,32.26,48,48,48,48.1,48,48.1,48,48,48,32.48,48.1,48,48,48,48,48,48,48,48,35.1,48,48,48,48.1,48,48,48,48,48,36.1,48,48,48,48,48,48,48,48,48,35.8,48.1,48,48,48,48,48,35.9,35.7
0.000108,35.7,48,48,48,48,48,48,48,48,48.1,48,35.7,48,48,48.2,48,48,48,48.1,48,48,34.3,48,48,48,47.9,48,48,48,48,48.1,32.3,48,48,48,48.1,48,48,48,48.1,48,32.36,48,48,48.1,48,48,48,48,48,48,32.22,48,48,48,48,48,48,48,48,48,32.43,48,48,48,48,48.2,48,48.1,48,48,35.1,48,48,48,47.9,48,48,48,48,48,36,48,48,48.1,48,48,48,48,48,48.1,35.7,48,48,48,48,48,48.1,35.8,35.8
0.000108,35.8,48,48,48,48.1,48,48,48,48,48.1,48,35.5,48,48,48,48,48,48.1,47.9,48,48,34.3,48,48,48,48,48,47.9,48.1,48,48,32.26,48,48,48,48,48,48,48,48,48,32.22,48,48,48,48,48,48,48,48.1,48,32.22,48,48,48.1,48,48,48,47.9,48.2,48,32.39,48,48,48,48,48,48,48,48,48,35.1,48,48,48,48.1,48,48.1,48.1,48.1,48,36,48,48,48,48,48,48,48,48,48,35.8,48,48,48,48,48,48,35.8,35.7
0.000108,35.8,48,48,48,48,48,48,48,48.1,48,48,35.5,48,48,48.1,48,48.2,48.1,48.1,48,48,34.3,48.1,48,48,48,48,48,48,48,48,32.16,48,48,48,48,48,47.9,48,48,48,32.22,48,48,48,48.1,48,48,48,48.1,48,32.36,48,48,48,48,48.1,48,47.9,48,48.1,32.43,48.1,48,48,48.1,48.1,48,48,48,48,35.1,48,48.1,48,48,48,48,48,48,48,35.9,48.1,48,48.1,48,48.1,48,48,48,48,35.9,48,48,48,48,48,48.1,35.9,35.8
0.000108,35.8,48.1,48,48,48,48,48,48,48.1,48,48,35.5,48,48,48.1,48,48,48.1,48.1,48,48,34.4,48,48,48.2,48,48,48,48,48,48,32.26,48,48.1,48,48,48,48,48,48,48,32.22,48,48,48,48,48,48,48,48,48,32.27,48,48,48,48.1,48,48,48,48,48,32.39,48,48,48,48,48,48.1,48,48,48.1,35.1,48,48,48,48.1,48,48,48.1,48,48.1,36,48,48,48,48,48,48,48,48,48.1,35.9,48,48,48.1,48,48,48,35.8,35.7
0.000109,35.9,48,48,48,48,48,48,48,48.1,48,48,35.5,48,48,48,48,48,48,48,48,48.1,34.3,48,48,48,48,48,48,48,48,48,32.3,48.1,48.1,48,48.1,48,48,48.1,48,48,32.32,48,48,48,48,48,48,48,48.2,48,32.36,48,48,48,47.9,48,48,48,48,48,32.25,47.9,48,48,48,48,48,48,48,48,35.2,48,48,48.1,48,48,48,48.1,48,48.1,36,47.9,48,48,48,48,48,48,48,48,36,48,48,48,48,48,48,36,35.8
0.000109,35.9,48,48,48,48,48,48,48,48,48,48,35.5,48,48,48,48,48.1,48,48,48,48,34.4,48,48,48,48,48,48,48,48.1,48,32.3,48,48,48,48,48.1,48,48.1,48,48,32.26,48,48,48,48,48,48,48,48,48,32.36,48.1,47.9,48,48,48,48,48,48,48,32.25,48,48,48,48,48,48,48,48,48,35.1,48,48,48,48,48,48,48.1,47.9,48,35.9,48,48,48,48,48,48,48,48,48,36.3,48,48,48,48,48.1,47.9,35.8,35.9
0.000109,35.9,48,48,48,48,48,48,48,48,48.1,48,35.7,48,48,48,48,48,48.1,48,48,48,34.3,48,48,48,48,48,48,48.1,48,48,32.3,48,48,48,48.1,48,48,48.1,48,48,32.22,47.9,48.1,48,48,48,48,48.1,48,48,32.32,48,48,48,47.9,48,48,48.1,48,48,32.25,48,48,47.9,48,48,48.1,48,48.1,48,35.4,48,48,48,48.1,48,48,48,48,48,35.9,48,47.9,47.9,48,48,48,48,47.9,48,36.4,48,48,48,48,48,48.1,35.8,35.9
0.000109,36.1,48.1,48,48,48.1,48,48.1,48,48.1,48,48,35.8,48,48,48,48,48,48.1,48,48,48.1,34.3,48,48,48,48,48,48,48,48,48,32.36,48,48,48,48,47.9,48.1,48,48,48,32.32,47.9,48.2,48,48,48,48,48.1,48,48,32.32,48.1,48.1,48,48,48,48,48,48,48,32.25,48.1,48,48,48,48,48,48,48,48,35.4,48,48,48,48,48,48,48,48.1,48,35.9,48,48,48,48,48,48,47.9,48,48,36.3,48,48,48.1,48,48,48,35.7,35.9
0.000109,36.1,48,48,48,48.1,48.1,48,48,48,48,47.9,35.9,48,48,48,48,48,48,48,48,48,34,48.1,48,48.1,48,48,48,48,48,48,32.55,48,48,48.1,48,48,48,48,48,48,32.22,48,48,48,48,48,47.9,48,47.9,48,32.36,48,48,48.1,48.1,48,48.1,48,48,48,32.25,48.1,48,48,48,48,48,48,47.9,48,35.5,48,48,48.1,48,48,48,48.1,47.9,48,35.9,48,48,48,48,48,48,48,48,48.1,36.3,48,48.1,48,48,48,48,35.6,35.9
0.00011,35.9,48,48,48.1,48,48.1,48,47.9,48,48,48.1,35.9,48.1,48.2,48,48,48,48,48.1,48,48,34.1,48,48,48,48.1,48,48,48,48.1,48,32.26,48,48,48,48,48.1,48,48,47.9,48.1,32.26,48,47.9,48,48,48,48,48,48,48.1,32.32,48,48,48.1,48.1,48,48,48,48,48,32.39,48,48.1,48,48.1,48,48,48,48,48,35.6,48,48,48,48,48,48.1,48,48,48,35.9,48,48,48,48,48,48,48,48,47.9,36.1,48,48,48,48,48.1,48,35.5,35.8
0.00011,35.9,48,48,48,48,48,48,48.1,48,48,48,35.9,48,48.1,48.1,48.1,48,48,48,48.1,48,34.1,48,48,48,48,47.9,48,48,48.1,48,32.22,48,48,48,48,48,48,48.1,48,48,32.26,48,48,48,48,48,48,48,48,48.1,32.32,48,48,48,48,48,48,48.1,48,48,32.43,48,48,47.9,48,48,48.1,48,48,48,35.6,48,48,48,48,48,48.1,48,47.9,48,35.7,48,48,48,48,48,48,48,48,48,36.1,48,48.1,48,48,48,48,35.5,35.6
0.00011,35.8,48,48,48,48,48,48.1,48,48,48,48,35.9,48,47.9,48,48,48,48,48,48,48.1,34.2,48.2,48,48,48,47.9,48,48,48,48,32.26,48,48,48,48,48,48,48,48.1,48,32.36,48,48.1,48,48,48,48,48,48,48,32.17,48,48.1,47.9,48,48,48,48,48,48,32.48,48,48,47.9,48,48,48,48.1,48,48,35.5,48,48,48.1,48,48,48,48,47.9,48,35.7,48,48,48,48,48,48,48,48,48,35.8,48,48,48,48,48,48,35.7,35.6
0.00011,35.7,48,48,48,48,48,48,48,48,48.1,48,35.8,48,48,48,48.1,48.1,48,48,47.9,48,34.3,48,48,48.1,48.2,48,48,48,48.1,48,32.16,48,48,48,48,48,47.9,48.1,48,48,32.42,48,48,48,48,48,48,48,48,48,32.22,48,48,48,48,48,48,48,48.1,48,32.48,48.1,48,48,48,48,48.1,48,48,48.2,35.4,48.1,48,48.1,48,48,48,48,48,48,35.8,48,48,48,48.1,48,48,48,48,48,35.7,48,48,48,48,48,48,35.9,35.4
0.00011,35.7,48,48,48,48,48,48,48,48,48,48,35.7,48,48,48,48,48,48,48,48,48,34.4,48,48,48,48,47.9,48,48.1,48,48,32.2,48,48,48,48,48.1,48,48.1,48,48,32.42,48,48,48.1,48,48,48,48,48.1,48.1,32.22,48,48,48,48,48,48,48,48.1,48,32.53,48,48.2,48,48.1,48,48,48,48,48,35.3,48,48,48,48,48,48,48,48,48,35.8,48,48,48,48,48,48.1,48,48,48,35.8,48,48,48,48,47.9,48,35.9,35.5
0.000111,35.7,48.1,48,48,48,48,48,48,48.1,48,48.1,35.6,48,48,48.1,48,48,48,48.1,48,48.1,34.5,48,48.1,48,48,48,48,48,48,48,32.06,48.1,48,48,48,48,48.1,48,48,48,32.46,48,48,48,48.1,48,48.1,48,48,48.1,32.16,48,48,48,48,48.1,48,48,48,48,32.48,48,48,48,48,48,48,48,48,48,35.1,47.9,48,48,48,48,48,48,48,48,35.7,48,48,48,48,48,48,48,48,48,35.8,48,48.1,48,48.1,48,48.1,36.1,35.5
0.000111,36,48,48,48,48,48.1,48,48,48,48,48.1,35.6,48,48,48,48,48,48,48,48.1,47.9,34.6,48,48,48,48,48,48,48,48,48,32.12,48,48,48,48,48,48,47.9,48.1,48,32.46,48,48,48,48,48,48.1,48,48.1,48.1,32.16,48,48,48,48,47.9,48,48,48,48.1,32.38,48,48,48,48,48,48,48,48,47.9,35.1,48,48,48,48,48,48,48,48,48,35.8,48,48.1,48,48,48,48,48,48,48,35.8,48,48,48,48,48,48,36,35.6
0.000111,36.1,48,48,48,48,48,48,48,48,48,48,35.5,48,48,48,48,48,48,48,48,48,34.6,48,48.1,48,48,48,48,48,48,48,32.16,48,48,48,48,48,48,48,48,48,32.46,48,48,48,48,48,48,48,48,48.1,32.12,48,48.1,48,48.1,48,48,48,48,48,32.33,48,48,48,48,48.1,48,48,48,48,34.9,48,48,48,48,48,48,48,48,48,35.8,48,48,48,48,48,48,47.9,48,48,35.9,48,48,47.9,48,48,48,36.2,35.7
0.000111,36.1,48,48,48.2,48.1,48,48,48.1,48,48.1,48,35.6,48,48,48,48,48.1,48,48.1,48.1,48,34.5,48,48,48,48,48,48,48,48,48,32.3,48.1,48,48,48.1,48,48.1,48,48,48,32.46,48,48,48,48,48,48,48,48,48,32.16,48.1,48,47.9,48,47.9,48,48,48,48,32.38,48,48,48,48,48,48,48.1,48,48,35,48,48,48,48,48,48,48,48,48,35.9,48,48,48,48,48,48,48,48,47.9,35.9,48,48,48,48.1,48,48,36,35.8
0.000111,36.1,48,48.1,48.1,48.1,48,48,48,48,48,48,35.6,48,48,48,48,48,48,48,48,48,34.4,48,48,48,48,48,48,48,48.1,48,32.26,48,48,48.1,48,48,48,48,48,48,32.32,48,48,48,48,48.1,48,48,48,48,32.12,48,48,48,48,48,48,48,48,48.1,32.29,48,48,48,48.1,48,48,48,48,48,34.8,48,48,48,48,47.9,48,48,48,48,35.9,48,48,48,48,47.9,48,48,48,48,35.9,48,48,48,48,47.8,48,35.8,35.9
0.000112,35.9,48,48,48,48,48,48,48,48,48,48,35.6,48,48,48,48.1,48.1,48,48,48.1,48,34.4,48.1,48,48,48,48.1,48,48,48,48,32.2,48,48,48,48.1,48,48,48,48.1,48,32.36,48,48,48,48,48,48,48,48,48,32.4,48.1,48,48,48,48,48.1,48,48.1,48,32.19,48,48,48,48,48,48.1,48,48,48,34.9,48,48,48,48.1,48,48,48,48,48.1,36.1,48,48,48.1,48,48,48.1,48,48,48,35.9,48,48,48,48,48,48,35.7,35.9
0.000112,35.8,48,48,48.1,48,48,48,48,48.1,48,48.1,35.7,48,48,48.1,48,48.1,48,48,48,48,34.3,48,48,48,48,48,48,48,48,48,32.36,48,48,48,48,48,48.1,48,48,48,32.22,48,48,48,48,48.1,48,48,48,48,32.26,48,47.9,48,48,48,48,48,48,48,32.29,48,48.1,48,48,48,48,48,48,48,35,48,48,48,48,48,48,48,48,48,36.2,48,48,48.1,48,48,48,48,48,48,36,48,48,48,48,48,48,35.8,35.8
0.000112,35.7,48,48,48,48,48,48,48,48,48,48,35.5,48,48,48.1,48,48,48,48,48,48.1,34.1,48,48,48,48.1,48,48,48,48,48,32.3,48,48.1,48,48,48,48,48,48.1,48,32.32,48,48,48,48,48,48.1,48,48,48.1,32.32,48,48.1,48,48,48,48,48,48,48.2,32.33,48,48,48,48,48,48,48,48,48,35.1,48,48.1,48,48.1,48,48,48,48,48,36,48,48,48,48,48,48,48,48,48,36.2,48,48,48,48.1,48,48,35.7,35.7
0.000112,35.4,48,48,48.1,48,48,48,48,48,48,48,35.5,48,48,48.1,48,48.1,48,48,48,48,34.2,48,48,48.1,48,48,48,48,48,48,32.4,48,48,48,48,48,48.1,48,48,48,32.26,48,48,48,48,48,48,48,48,48,32.32,48.1,48,48,48,48,48,48,48,48,32.38,48,48,48.2,48,48.1,48,48,48,48,35.3,48,48,48,48,48,48,48,48,48.1,36,48,48.1,48,48,48,48,48,48,48,36.3,48,48,48.1,48,48,48,35.7,35.7
0.000112,35.6,48,48,48.1,48,48,48,48,48,48,48.1,35.5,48,48,48,48.1,48,48,48,48.1,48,34.2,48,48.1,48,48,48,48,48,48,48,32.36,48,48.1,48,48,48,48,48,48.1,48,32.22,47.9,48,48,48,48.1,48.1,48,48,48,32.26,48,48,48,48,48,48,48,48,48,32.46,48,48,48,48,48.1,48.1,48,48,48,35.3,48,48,48,48,48,48,48,48,48,35.9,48,48,48.1,48,48,48.1,48,48,47.9,36.3,48,48,48,48.2,48,48,35.8,35.6
0.000113,35.7,48,48,48,48,48,48.1,48,48.1,48,48,35.4,48,48,48,48,48,48,48.1,48,48,34.3,48,48,48,48.1,48,48,48,48,48,32.26,48,48,48.1,48,48,48,48,48,48,32.32,48,48,48,48,48,48,48,48,48,32.22,48,48.1,48,48,48,48,48,48,48,32.46,48,48,48,48,48,48,48,48,48,35.4,48,48,48,48,48,48,48.1,48,48,35.7,48,48.1,48,48,48,48.1,48,47.9,48,36.3,48.1,48,48,48,48,48,35.8,35.5
0.000113,35.7,48,48,48,48,48,48,48,48,48.1,48,35.4,48,48,48,48,48,48,48,48,48.1,34.3,48,48,48,47.9,48,48,48.1,48,48,32.26,48,48,48,48,48,48,48,48,48,32.5,48,48,48,47.9,48,48,48,48,48,32.26,48,48,48,48,48.1,48,48,48,48,32.51,48.2,48.1,48,48.1,48,48,48,48,48.1,35.5,48,48,48,48,48,48,48,48,48,35.6,48,48.1,48,48,48,48,48,48,48,36.2,48,48,48,48,48,48.1,35.8,35.5
0.000113,35.8,48.1,48,47.9,48,48,48,48,48,48,48,35.6,48,48,48,48,48,48,48.1,48.1,48,34.3,48.1,48.1,48,48,48,48,48,48,48,32.3,48,48,48.1,48,48,48,48.1,48,48,32.42,48,47.9,48,48.1,48,48.1,48,48.1,48,32.16,48,48,48,47.9,48,48,48,48,48,32.69,48,48,48,48,48,48,48,48.1,48,35.4,48,48,47.9,48,48,47.9,48,48,47.9,35.6,48,48,48,48,48,48,48,48.1,48,36,48.1,48,48,48,48,48,35.9,35.5
0.000113,36.1,48,48,48,48,48,48,48,48,48,48,35.7,48,48,48,48,48.1,48,48,48,48.1,34.5,48,48,48,48,48,48,48,48,48,32.2,48,48,48,47.9,48,48,48,48,48,32.4,48,48,48,48,48,48,48,48,48,32.12,48,48,48.1,48,48,48,48,47.9,48,32.61,48,48,48,48.2,48,47.9,48,48,48,35.3,48,48,48,48,48,48,48,48,48,35.6,48,48,48,48,48,48,48,48,48,36,48,47.9,48,48,48,48,36.1,35.5
0.000113,36.1,48,48,48,48,48,48,48.1,48,48,48,35.8,48,48,48.1,48,48,48,48.1,48,48,34.5,48,48,48,48,48.1,48,48,48,48,32.16,48,48,48,47.9,48,48.1,48,48,48.1,32.42,48,47.9,48,48,48,48,48,48,48,32.16,48,48,48,48,48,48.1,48,48,48,32.46,48,48.1,48,48,47.9,48,48,48,48,35.2,48,48,48,48,48,48,48,48.1,48,35.7,48,48,48,48,48,48,48,48,48,35.7,48,48,48,48,48,48.1,36,35.6
0.000114,36.2,48,48.1,48,48,48,48,48,48,48,48,35.8,48,48,48,48,48,48.1,48.1,48,48,34.6,48.1,48,48,48,48,48,47.9,48.1,48,32.1,48,48,48,48,48.1,48.1,48,48,48,32.42,48,47.9,48,48,48,48,48,48,48,32.16,48,48.1,48,48,48,48,47.9,48,48,32.46,48.1,48,48.1,48,48,48,48,48,48,35,48,48,48.1,48,48,48,48,48,48,35.7,47.9,48,48.1,48.1,48,48,48,48,48,35.6,48,48,47.9,48,48,48,35.8,35.7
0.000114,36.1,48,47.9,48,48,48,48,48,48,48.1,48,35.9,47.9,48,48,48,48,47.9,48,47.9,48,34.5,48.1,48,48.1,48,48,48,48.1,48,48,32.25,48,48.1,48,48,47.9,48,48,48,48,32.26,48,48,48,48,48,48,48,48.1,48,32.12,48,48,48.1,48,48,48,48,48,48,32.46,48.1,48,48,48,48,48,48,48,48,35,48,48,48,48,48.1,48,48,48,48,35.7,48,48,48,48,48,48.1,48,48,48,35.6,48,48,48,48,48,48.1,35.9,35.8
0.000114,35.9,48,48.1,48,48,48,48,48,48,48.1,48,35.9,48,48.1,48,48,48,48,48,48.1,48.1,34.5,48,48,48,48,48,48,48,48,48,32.2,48,48,48,48.2,48,48,48.1,48,48,32.26,48,48,48,48,48,48,48,48,48,32.2,48,48,48,48,48,48,48,48,48,32.46,48,48,48,48,48,48,48,48,48,35,48.1,48,48,48,48,48,48,48,48,35.8,48,48,48,48.1,48,48,48,48,48,35.6,48,48.1,48,48.1,48,48,35.9,35.8
0.000114,35.8,48,48,48,47.9,48,48,48,48,48.1,48,35.8,48,48,48,48.1,48.1,48,48,48,48,34.4,48,48,48,48,48,48,48,48,48,32.3,48,48,48,48,48,48,48,48.1,48,32.36,48,48.1,48,48,48.1,48,48,48,48,32.2,48,48,48.1,48.1,48,48,48,48,48,32.42,48,48,48,48.1,48,48.1,48,48,48.1,35,48.1,48,48,48,48,48,48,48,48,36,48,48,48,48,48,48.1,48,48,48,35.8,48,48,48.1,48,48,47.9,35.8,35.8
0.000114,35.7,48.1,48,48,48,48,48.1,48,48,48,48,35.8,48,48,48,48,48,48,48,47.9,48,34.4,48,48,48,48,48,48,48,48,48,32.3,48,48,48,48,48,48.1,48,48,48,32.22,48,48,47.9,47.9,48,48,48,48,48,32.12,48,48,48,47.9,48,48,48,48,48,32.46,48,48,48,48,48,48,48,48,48,35,48.1,48,48.1,48,48,48,48,48,48,35.9,48,48,48.1,48,48.1,48,48,48,48,35.9,48,48,48.1,48,48,48,35.7,35.7
0.000115,35.7,48.1,48,48,48,48,48,48,48,48,48,35.6,48.1,48,48,48,48,48,48.1,48,48,34.3,48,48,48,48,48,48,48,47.9,48.1,32.4,48,48,48,48,48,48,48,48,48.1,32.26,48,48,48,48,47.9,48,48.2,48,48,32.36,48,48,48,48,48,48,48,48,48,32.42,48.1,48.1,48,48,48.1,48,48.1,48,48,35.1,48,48,48,48,48,48,48,48,48,35.9,48,48,48,48,48,48,48,48,48,35.9,48,48,48,48,48,48,35.6,35.7
0.000115,35.7,48,48.1,48,48,48,48.1,48,48,48,48,35.5,48,48,48,48,48,48,48,48,48,34.2,48,48,48,48.1,48,47.9,48,48,48,32.3,48,48,48,48,48,48,48,48,48,32.22,48,48,48.1,48,48.1,48,47.9,48,48,32.22,48,48,48,48,48,48,48,48,47.9,32.42,48,48,48,48,48,48,48,47.9,48,35.2,48,48,48,48,48,48,47.9,48,48,35.9,48,48,48,48,48,48,48,48,48,36.2,48,48,48,48,48,48,35.6,35.7
0.000115,35.7,48,48,48,48,48.1,48,48,48,48,48,35.5,48,48,48,48,47.9,48.1,48.1,48,48.1,34.3,48,48,48,48,48,48,48,48,48.1,32.26,48,48,48,48,48.1,47.9,48,48,47.8,32.36,48,48,48,48,48,48,48,48,48,32.36,48.1,48,48.1,48.1,48,48,48,48,48,32.42,48,48,48,48,48,48,48,48,48,35.3,48,48.1,48,48,48,48,48,48,48,35.9,48,48,48,48,47.9,48,48,48,48,36.3,48,48,48,48,48,48,35.5,35.7
0.000115,35.8,48.1,48,48,48,48.1,48,48.1,48,48,48,35.6,48.1,48,48,48,48,48,48,48.1,48,34.2,48,48,48,48,48,48,48.1,48,48,32.3,48,48,48,48,48,48,48,47.9,47.9,32.26,48,48,48,48.1,48,48,48,48,48,32.3,48.1,48,48,48,48,48,48,48,48,32.46,48,48,48,48,48,48.1,48,48,48,35.4,48,48,48,48,48,48,48,48,48.1,35.8,48,48,48,48,48,48,48,48,48,36.5,48,48,48,48,48,48,35.6,35.7
0.000115,35.8,48,48,48.1,48,48,48,48,48,48,48,35.7,48,48,48,48,48,48,48,48,48,34.4,47.9,48,48,48,48,48,48,48,48,32.26,48,48,48,48,48,48,48,48,48,32.12,48,48,48,48,48,48,48,48.1,48,32.26,48,48,48,48,48,48,48.1,48,48,32.51,48.1,48,48,48,48,48,48,48,48.1,35.4,48,48.1,48,48,48,48,48,48,48,35.8,48,48,48.1,48,48,48,48,48,48,36.4,48,48,48,48.1,48,48,35.6,35.8
0.000116,36,48,48.1,48,48,48,48,48.1,48,48,48,35.8,48,48,48,48,48,48,48,48,48,34.3,48,48.1,48.1,48,48,48,47.9,48,48,32.12,47.9,48,48,48,48,48.1,48,48,48,32.12,48,48,48,48,48,48,48,48,48,32.16,47.9,48.1,48.1,48.1,48,48,48,48,48,32.69,48,48,48,48,48,48,48,48,48,35.4,48,47.9,48,48,48,48,48,48,48.1,35.7,48,48,48,48,48,48,48,48,48,36.3,48,48,48,48,48,48,35.8,35.9
0.000116,35.9,48,48,48,48,48,48,48.1,48,48,48,35.8,48,48.1,48,48,48,48,48,48,48.1,34.4,48,48.2,48,48,48,48,48,48,48,32.16,48,48.1,48.1,48,48,48,48,48,48.1,32.06,48,48,48,48,48,48,48,48,48,32.16,48.1,48,48,48,48,48,48,48,48.1,32.74,48,48,48,48,48,48,48,48,48,35.4,48.1,48,48,48,48,48,48,48,48,35.7,48,48,48,48,48,48,48,48.1,48,36.1,48,48,48,48,48,47.9,35.8,35.8
0.000116,35.8,48,48,48,48,48,48.1,48,48,48,48,35.9,48,48,48,47.9,48,48,48,48,48,34.6,48,48,48.1,48.1,48,48,48,48,48,32.16,48,48,47.9,48,48,48,48,47.9,48,32.06,48,48,48,48,48,48,48,48,48,32.12,48,48,48,48,48,48,48,48,48,32.64,48,48.1,48,48,48,47.9,48,48,48.1,35.3,48,48,48,48,48,47.9,48,48,48,35.7,48.1,48.1,48,48,48,48,47.9,48,48,36,48,48,48,48.1,48,48,35.9,35.9
0.000116,35.8,48,48,48,48.1,48,48,48.1,48,48,48,35.8,48,47.9,48,48,48,48,48,48.1,48,34.6,48,48,48,48,48,48,48.1,48,48,32.06,48,48,48,48,48,48.1,48,48,48,32.06,48,48,48.1,48.1,48.1,47.9,48,48.1,48,32.16,48,48,48,48.1,48,48,48,48,48.1,32.78,47.9,48,48,48.1,48,47.9,48,48,48,35.2,48,48,48,48,48,48,48,48,48,35.7,48,48,48,48,48,48,48,48,48.1,35.7,48,48,48,48,48,48,36.1,35.7
0.000116,35.9,48,48,48,48,48,48,48.1,48,48,48,35.8,48,48,48,48.1,48,48,48,48,48,34.6,48.1,48,48,48,48,48,48,48.1,48,32.15,48,48,48,48,48,48,48,48,48,32.26,48,48,48,48,48.1,48,48,48,48.1,32.2,48.1,48,48,48,48.1,48,48,48,48,32.49,47.9,48,48,48,48,48,48,48,48,35.1,48,48,48.1,48,48,48,48,48,48.1,35.8,48,48,48,48,48,48,48,48,48,35.6,48,48.1,48,48,48,47.9,36.3,35.7
0.000117,35.8,47.9,48,48,48,48,48,48,48,48,48,35.8,48,48,47.9,48,48,48,48,48,48,34.6,48,48,48,48,48,48,48,48.2,48,32.3,48,48,48,48,48,48,48,48,48,32.46,47.9,48,48,48,47.9,48,48,48,48.1,32.16,48,48,48,48,48,48,48,48,48,32.59,48,48,48,48,48,48,48,48,48,35.1,48,48,48,48,48,48,48,48,48,35.9,48.1,48,48,48,48,48,48,48,48.1,35.7,48,48.1,48,48.1,48,48,36.2,35.7
0.000117,35.8,48,48,48.1,48,48,48,48,48,48,48,35.8,48,48,48,48,48,48,48,48,48,34.6,48,48,48,48,48,48,48,48,48.1,32.26,48,48,48.1,47.9,48,48,48,48,48.1,32.46,48,48,48,48,48.1,48,48.2,48,48,32.16,48,48,48,48,48,48,48.1,48.1,48,32.26,48,48,48,48,48,48.1,47.9,48,48,35.1,48,48,47.9,48,48,48,48,48,48.1,35.8,48,48,48,47.9,48,48,48,48,48,35.5,48,48,48,48,48.1,47.9,36.1,35.7
0.000117,35.8,48,48,48,48,48,48,48,48,48,48,35.7,47.9,48,48,48,48,48.1,48,48,48,34.4,48,48,48.1,48,48,48,48,48,48,32.1,48,48,48,48,48,48,48,48,48,32.56,48,48,48,48,48,48,48.1,48,48,32.12,48,48,48,48.1,48,48,48.1,48,48,32.12,48,48,48,48,48,48,48,48,48,35.2,48,48.1,48,48,48,48,48,48,48,35.8,48,48,48,48,48,48,48,48,48,35.6,48,48,48.1,48,48,48,36,35.6
0.000117,35.8,48,48,48,48,48,48,48,48,48,48,35.7,48.1,48,48,48,48,48,48.1,48,48,34.4,48,48,48,48.1,48,48,48.1,48.1,48,32.3,48,48,48,48,48,48,48,48,48,32.5,48,48,48,48,48,48.1,48,48,48,32.12,48,48,48,48,48,48,48,48,48,32.16,47.9,48,48,48,48,48.1,47.9,48,48,35.1,48,48,48,48,48,48,47.9,48,48,35.9,48,48,48,48.1,48,48,48,48,48,35.5,48,48,48,48,48,48,35.8,35.7
0.000117,35.8,48,48,48,48.1,48,48,48,48,48,48,35.5,47.9,48,48,48,48,48,48.1,48,48.1,34.2,48,48,47.9,48,48,48,48,48,48,32.16,48,48,48,48.1,48.1,48,48,48,48,32.46,48,48,48,48,48,48.1,48.1,48,48,32.16,48,48,47.9,48,48,48,48,48,48,32.16,48,48,48,48,48,48,48,48,48,35.1,48,48,48,48,48,48,48,48,48,36,48,48.1,48,48,48,48,48,48,48,35.7,48,48,48,48,48,48.1,35.6,35.6
0.000118,35.9,48,48.1,48.1,47.9,48,48,48,48,48,48,35.8,48,48,48,48,48,48,48.1,48,48,34.2,48,48,48,48.1,48,48,48,48,48,32.3,48,48,48,48,48,48,48.1,48,47.9,32.36,47.9,48,48,48,48,48,48,48,48.1,32.26,48,48,48.1,48,48,48,48,48,48,32.45,48,48,48,48,48,47.9,48,48,48,35.1,48,48,48,48,48,47.9,47.9,48,48,35.9,48,48.1,48,48,48,48,48,48,48,35.7,48.1,48,48,48,48.1,48,35.5,35.7
0.000118,35.9,48,48,48.1,48,48,48.1,48,48,48,47.9,35.7,48,48,48,48.1,48,48,48,48.1,48,34.1,47.9,48,48,48,48,48,48,48,48,32.3,48,48,48,48,48,48,48,48,48,32.12,47.9,47.9,48,48,48,48.1,48,48,48,32.16,48,48,48,48,47.9,48,48,48,48,32.54,48,48,48,48,48,48,48,47.9,48.1,35.1,48,48,48,48.1,48,48.1,48,48,48,35.7,48,48.1,48,48,48,48,48,48,47.9,35.9,48,48,48,48,48,48,35.4,35.7
0.000118,35.9,48,48,48,48,48.1,48,48,48,48,48.1,35.7,48,48,48,48,48,48.1,48,48,48,34.2,48.1,48,48.1,48,48.1,48,48.1,48,48,32.26,48,48,48,48,48,48,48.1,48,48,32.06,48,48,48,48,48,48,48,48,48,32.12,47.9,48,48,48,48,48,48,48,48,32.68,48,48,48,48,48,47.9,48,48,48,35.1,48.1,48,48.1,48.1,48,48,48,48,48,35.8,48,48,48.1,48,48,48.1,47.9,48,48,36,48,48,48,47.9,48,48,35.4,35.7
0.000118,36,48,48,48,48,48,48,48,47.9,48,48,35.8,48,48,48,48,48,48,48,48,48,34.3,48,48,48,48,48,48,48,48,48,32.16,48,48,48,48.1,48,48,48,48,48,32.16,48,48,48,48.1,48,48,48,48,48,32.16,48.1,48,48,48,48,48,47.9,48,48,32.82,48,48.1,48,48,48,48,48,48.1,48,35.2,48,48,48,48,48,48,47.9,48,48,35.7,48,48,48,48,47.9,48,48,48,48,36,48,48,48,48,48,48,35.5,35.6
0.000118,36,47.9,48,48,48,48,48,48,48,48,48.1,35.7,48,48,48,48,48,48,48,48,48,34.5,48,48,48,48,48,48,48,48.1,47.9,32.16,48.1,48.1,48,48,48,48,48,48,48,32.2,48,47.9,48,48,48,48,48,48,48,32.2,48,48.1,48.1,48,48.1,48,47.9,48,48,32.82,48,48,48,48,48,48,48,48,48,35.2,48,48,48,48,48.1,48,48,48,48,35.7,48,48,48,48,47.9,48,48,48,48,36,48,48,48,48,48,48,35.8,35.6
0.000119,36,48,48,48,48,48,48,48.1,48,48,48,35.8,48,48,48,48,48,48,48,48,48,34.5,48,48,48,47.9,48,48,48,48.1,48,32.06,48,48,48,48,48,48.1,48,48,48.1,32.16,48,48,48,48,48,48,48.1,48,48,32.06,48,48,48,48,48,48,48,47.9,48,32.87,48,48,48,48.1,48,48,48,48,48.1,35.2,48,48,48,48,48,48,48,48,48,35.7,48,48,48,48,48,47.9,48,48,48,35.8,48,48.1,48,48,48,48,35.9,35.6
0.000119,36,48,48,48,48,48,48,48,48,48.1,48,35.8,48,48,48,48,48,48,48,48.1,48,34.5,48,48,48,48,48,48.1,48,48,48,32.3,48,48,48,48,48,48.1,48,48,48,32.26,48,48,47.9,48,48,48,48,48,48,32.12,48,48,48,48,48,48,48,48,48,32.91,48.1,48,48,48,48.1,48,48,48,48,35.3,48,48,48,48,48,47.9,48.1,48,48,35.6,48,48,48,48,48,48,48,47.8,48,35.8,48,48,48,48.1,48,48,36.1,35.5
0.000119,35.9,48,48,48,48.1,48.1,48,48,48,47.9,48,35.6,48,48,47.9,48,48,48.1,48,48,48,34.5,48,48.1,48,48,48,48,48,48,48,32.3,48,48.1,48,48,48.1,48.1,48,48,48,32.46,48,48,48,48.1,48,48.1,48.2,48,48,32.12,48,48,48,47.9,48,48,48,48,48.1,32.87,48,48,48,48,48,48,48,48,48,35.4,48.1,48,48,48,48,48,48,48,48,35.6,48,48,48,48,48,48,48,48,48,35.7,48,48,48,48,48,48,36.2,35.5
0.000119,35.7,48,48,48,48,48,48,48.1,48.1,48,48,35.6,48,48,48,48.1,48,47.9,48,48,48,34.5,47.9,48,48.1,48,48,48.1,47.8,48,48,32.3,48,48,47.9,48.1,48,48,48,48,47.9,32.42,48,48,48,48,48,48,48,48,48,32.2,48,48,48.1,48,48,48,48,48.1,48,32.81,48.1,48,48,48,48,48,48,48,48,35.4,48,48,48,48,48,47.9,48,48,48,35.7,48,48,48,48,48,48,48,48,48,35.7,48,48,48,48,48,48,36.2,35.5
0.000119,35.9,48,48,48,48,48,48,48.1,48,48,48,35.6,48,48,48,48,48.1,48,48,48,48,34.7,48,48,48,48,48.1,48,48,48,48,32.16,48,48.1,48,48,48,48,48,48,48,32.32,48,48,48,48,48,48,48,47.9,48,32.16,48,48,48,48,48,48,48,48,48,32.72,48,48,48,48,48,48,48,48,48,35.3,48,47.9,48,47.9,48.1,48,48,48,48,35.7,48,48,48,48,48,48,48,48,48,35.7,48,48,48,48,48,48,36.1,35.6
0.00012,35.7,48,48,48.1,48,48,48,48,48,48,48,35.5,48,48,48,48,48.1,48,48,47.9,48,34.5,48,48,48,47.9,48,48,48,48,48,32.3,48,47.9,48,48,48,48,48,48,48,32.46,48,48,48,48,48,48,48,48,48,32.22,48,48,48,48,48,48,48,48,48,32.81,48,48,48,48,48,48,48,48,48,35.4,48,48,48,48,48,47.9,48,48.1,48,35.7,48,48,48,47.9,48,48,48,48,48,35.7,48,48,48,48,48,48,36.1,35.7
0.00012,35.7,48,48.1,48,48,47.9,48,48,48,48,47.9,35.6,48,48,47.9,48,48,48,48,48,48,34.5,48,48.1,48.1,48,48,48,48,48,48,32.3,48,48,48,48,48,48,48,48,48,32.16,48,48,48,48,48.1,48,48.1,48,48.1,32.16,48.1,48,48,48,48,48,48,48,48.1,32.67,48,48,48,48,48,48,48,48,48,35.4,48,48,48,48,48,48,48,48,48,35.9,48.1,48,48,48,48.1,48,48,48,48,35.9,48,48,48,48,48,48,35.8,35.7
0.00012,35.6,48.1,48,48,48,48,48,48,48,48,48,35.6,48,48,48,47.9,48,48,48,48,48.1,34.3,48,48.1,48,48.1,47.9,48,48,48,48,32.1,48,47.9,48,48,47.9,48,48.1,48,48.1,32.12,48,48,48,48,48,48,48,48,48,32.16,48,48.1,48,48,48.1,48,48,48,48,32.67,48.1,48,48,48,48,48,47.9,48,48,35.3,48,48,48,48,48,48,47.9,48,48,35.7,48,48,47.9,48,48,48,48,48,48,35.9,47.9,48.1,48,48,48,48,35.8,35.8
0.00012,35.7,47.9,48,48,48.1,48,48.1,48,47.9,48,48,35.5,48,48,48,48,48,48,48,48,48,34.3,48,48,48,48.1,48,48,48,48,48,32.3,48,48,48,48,48.1,48,47.9,48.1,48,32.02,48,48,48,48,48,48,48,48,48,32.16,48,48.1,48,48,48,48,48,47.9,48.1,32.67,48,48,48,48,48.1,48,48,48,48,35.2,48,48,48,48,48,48,48,48,48,35.8,48,48,48,48,48,48,48,48.1,48,35.9,48,48,48,48,48,48,35.8,35.9
0.00012,35.6,48.2,48,48,48,48,48,48,48,48,48,35.4,48,48,48,48,48,48,48,48,48.1,34.4,48,48,48,47.9,48,48,48,48.1,48,32.3,48,48,47.9,48.1,48,48,48,48,48,32.06,48,48,48,48,48,48,48,48,48,32.16,48,48,48,47.9,48,48,48,48,48,32.91,47.9,48,48,47.9,48,48,48,48,48,35,48,48,48,48,48,47.9,48,48,48,35.7,48,48,48,48,48,48.1,48,48,48,35.9,48,48,48,48,48,48,35.6,35.9
0.000121,35.7,48,47.9,48.1,48,48,48,48,48.1,48,48,35.5,48,48,48,48.1,48,48,48,48,48,34.4,48.1,48,48,47.9,48,48,48.1,48,48,32.2,48,48,48,48,48,47.9,48,48,48,32.02,48,48,48,48,48,48,48,48,48,32.12,48,48,48,48,48,48,48,48.1,48,32.81,48,48,48,48,47.9,48,48,48,48,35,48,48,48,48,48.1,48,48,48,48,35.9,48,48,48,48,48,48,48,48,48.1,36,48,48.1,48,48,48,48,35.6,35.7
0.000121,35.8,48,48,48,48.1,48,48.1,48,48.1,48,48,35.5,48,47.9,48,48.1,48,48,48,48,48,34.4,48,48,48,48,48,48,48,48,48,32.2,48,48,48,48,48,48,48.1,48,48,32.16,48,48,48,48,48,48,48,48,48,32.12,48,48,48,48,48,48,48,48,48.1,32.81,48.1,47.9,48,48,48,48,48,48,48,35,48,48,48.1,48,47.9,48,48,48,48,35.8,48,48,48.2,48,48,48,48,48,48,36,48,48,48,48,48,48,35.8,35.8
0.000121,35.7,48,48,48,48,48.1,48.1,48,48,48.1,48.1,35.5,48,48,48,48,48.1,48,48,48.1,48,34.4,48,48,48,48.1,48,48,47.9,48,48,32.15,48.1,48,48,48,48.1,48,48,48,48,32.2,48,48,48,48.1,48,48,48,48,48,32.16,48,48,48,47.9,48,48,48,48,48.1,32.85,48,48,48,48,48,48,48,47.9,48,35,48.1,48,48,48,48,48,48,47.9,48,35.8,48,48,48,48,48,48.1,48,48,47.9,35.9,48,48,48,48,48,47.9,35.7,35.8
0.000121,35.8,48,48,48,48,48,48.1,48,48.1,48,48,35.5,48,48,48,48,48.1,48,48.1,48,48,34.5,48,48,48,48,48,48,48,48,48,32.1,48.1,47.9,48,48,48,48.1,48,48,48,32.26,48,48,48,48,48,48,48,48,48,32.2,48,48,48,48,48,48,48,48,48,32.75,48,47.9,48,48,48,48,48,48,48,34.9,48,48,48,48,48,48,48,47.9,48,35.8,48,48,48,48,47.9,48,48,48,48,36,48,48,48,48,48,48,35.9,35.8
0.000121,35.9,48,48,48,48,48,48,48,48,47.9,48,35.6,48,48,48,48,48,47.9,48,48,48,34.5,48,48.1,47.9,48,48,48,47.9,48,48,32.15,48,48,48,48,48,48,48,47.9,48,32.46,48,48,48,48,48,48.1,48.1,48,48.1,32.16,48,48,48,48,48,48,48,48,48,32.85,48,48,48,47.9,48,48.1,48,48,48,35.1,48,48,48,48,48,48,48,48,48,35.7,48,48,48,48,48,48,48,48,48,35.9,48,48,48,48,48.1,48,35.8,35.7
0.000122,35.9,47.9,48,48,48,48,48,48.1,48,48,48,35.7,48,48,48,48,48,48,48,48,48.1,34.5,48,48,48,48,48,48,48,48,48,32.1,48.1,48,48,48,48,48,48.1,48,48,32.36,48,48,48.1,48.1,48.1,48,48,48,47.9,32.16,48,48,48,48,48,48,48,48,48.1,32.75,48,48.1,48.1,48,48,47.9,48,48,48,35.4,48,48,48.1,48.1,48,48,48,48,48,35.7,48,48,48,48,48,48,48,47.9,48,36,48.1,48,48,48,48.1,48,36,35.7
0.000122,35.8,48,48,48.1,48,48,48,48,48,48,48,35.7,48,48,48,48,48,48,48.1,48,48,34.5,48,48,48,48,48,48,48,48.1,47.9,32.15,48,48,48,48,48,48,48,48,48,32.36,48,48,48,48,48,48,48,48,48,32.16,48,48,48,48,47.9,48,48,48,48,32.75,48,48.1,48,48,48,48,48,48,48,35.4,48.1,47.9,48,48,48,48.1,48,48,48,35.6,48,48,48,48,48,48,48,47.9,48,35.8,48,48.1,48,48,48,47.9,36,35.8
0.000122,35.9,48,47.9,48,48,48,48,48,48,48,48,35.7,48,48,48,48.1,48.1,48,48,48,48,34.6,48,48,48,48,48,48,48,48,48.1,32.1,48,48,48,48,48,48,48,48,48,32.36,48,48,48,48,48.1,48,48,48.1,48,32.16,47.9,48.1,48,48,48,48,48,48,48,32.71,48,48,48.1,48,48.1,48,48,48,48,35.5,48,47.9,48,48,48.1,48,48,48,48,35.6,48,48,48,48,48,48,48,48,48,35.8,48,48,48,48,48,48,36,35.8
0.000122,35.9,48.1,48,48,48,48,48,48,48.1,48,48,35.7,48,48,48,48,48.1,48,48,48.1,48,34.5,48,48,48.1,48,48,48,48,47.9,48,32.1,47.9,48,48,48,48,48,48,48,48,32.36,48,48,48,48,48,48,48,48,48,32.12,48,48,48,48,48,48,48,48.1,48,32.67,48,48,47.9,48.1,48,48,48,48,48.1,35.5,48,48,48,48,48,48,48,48.1,48,35.5,48,48,48,48,48,48,48,48,48.1,35.8,47.9,48,48,48,48,48,35.9,35.7
0.000122,35.8,48,48,48.1,48,48,48,48,47.8,48.1,48,35.7,48,48,48,48,48,48,47.9,48,48,34.6,48,48,48,48,48,48,48,48,47.9,32.15,48,48,48,48,48,48,48,48.1,48,32.12,48,48.1,48,48,48,48,48,48,48.1,32.2,48,48,48,48,48,48,48,48,48,32.57,48,48,48.1,48,48,48,48,48,48,35.4,48,48,48,48,48,48,48,48,48,35.5,48,48.1,48,48,48,48,48,48,48,35.8,48,48,47.9,48,48,48,35.9,35.6
0.000123,35.8,48.1,48,48,48,48,48,48,48,48,48,35.7,48,48,48.1,48,48,48,48,48,48,34.5,48,48,48.1,48,48,48,48,48.1,48,32.35,48.1,48,48,48,48,48,48,48,48,32.16,48,48,48,48.1,48,48,48,48,48,32.16,48,48.1,48,48,48,48,48,48,48,32.71,48,47.9,47.9,48,48,48,48,48,48,35.3,48,48,48,48,48.1,48,48,48,48,35.6,48,48,48,48,48,48,48,48,48,35.7,48,48,48,48,48,48,35.8,35.7
0.000123,35.7,48.1,48.1,48,48,48,48,48,48.1,48.1,48,35.7,48,48,48,48,48.1,48,48.1,48.1,48,34.4,48,48,48,48,48,48,48,47.9,48,32.39,48,48,48,48,48,48,48,48,48,32.02,48,48,48,48,48,48,48,48,48,32.2,48,47.9,48,48,48,48,48,48,48,32.75,48,48,48.1,48,48,48,48,48,48,35.2,48,48,48,48,48,48,48,48,48.1,35.7,47.9,48,48.1,48,48,48,48,48,48,35.8,48,48,48,48,48.1,48,35.8,35.6
0.000123,35.7,48,48,48,48,48,47.9,48,47.9,48,48,35.6,48,48,48,48,48.1,48,48,48,48,34.4,48,48,48,48,48,48,48,48.1,48,32.3,48,48,48.1,48,48.1,48,48,48,48,31.92,48,48,48.1,48,48,48,48,48,48,32.1,48,48.1,48,48,48,48,48,48,48,32.8,48,48,48,48,48,48,48,48,48,35.1,48,48.2,48,48,48,47.9,48,48,48,35.8,48,48,48,48,48,48,48,48,48,35.8,47.9,48,48,48,47.9,48,35.8,35.7
0.000123,35.7,48,48,48.1,48,48,48.1,48,47.9,48,48,35.6,48,48,48.1,48,48.1,48,48,48,48,34.4,48.1,48,48,48,48,48,48,48,48,32.3,48,48,48,48,48,48.2,48,48,47.9,32.1,48,48,48,48,48,48,48,48,48,32.2,48,48.1,48,48.1,48,48,48,48,48,33.08,47.9,48,48,48,48,48,48,48,48,35,48,48,48,48,47.9,48,47.9,48,48,35.9,48,48,48,48,48,48,48,48,48,35.7,48,48,48,48,48,48,35.7,35.8
0.000123,35.7,48,48,48,48,48,48,48,48.1,48.1,48.1,35.6,48,48,48,48,48,48,48,48,48,34.3,48,48,48,48.1,48,48,47.9,48,48,32.26,48,48,48,48,48,48,48,48,48,32.2,48,47.9,47.9,48,48,48,48,48,48.1,32.16,48,48,48,48,48,48.1,48,48,48,33.12,48,48,48,48,48,48,48,48,48,35.1,48,48,48,48.1,48.1,48,48.1,48,48,35.9,48,47.9,48,48,48,48.1,48,48,48.1,35.8,48,48,48,48,48,48,35.6,35.9
0.000124,35.7,48,48.1,48,48,48,48,48,48,48.1,48,35.5,48,48,48,48,48,48,48,48,47.9,34.4,48,48,48,48,48,48,48.1,48.1,48,32.3,48,48,48,48,48,48,48,48,48,32.12,48,48,48,48,48,48,48,48,48,32.16,48,48.1,48,48,48,48,48,48,48,33.17,48,48,48,48,48.1,48,48,48,48,35.1,48,48,48,48,48.1,48.1,48,48.1,48,36.1,48,48,48,48,48,48,48,48,48,35.8,48,48,48,48,48,48,35.7,36.1
0.000124,35.7,48,48,48,48,48,48,48,48.1,48,48,35.6,48,48,48,48,48,48,48,48,48,34.4,48,48,48,48,48,48,48,48,48,32.12,48.1,48.1,48,48,48.1,48,48,48,47.9,32.16,48,48,48,48,48,48,48,48,48.1,32.12,48,48.1,48,48,48,48,48,48,48,33.17,48,48,48,48,48,48,48,48.1,48,35.1,48.1,48,48,47.9,48,48.1,47.9,48,47.9,35.9,48,48,48,48,48,48,48,48,48,35.9,48,48,48.1,48,48,48,35.8,35.9
0.000124,35.8,48,48,48,48,48.1,48,48,48,48,48,35.6,48,48,48,48,48,48,48,48.1,48,34.4,48,48,48,48,48,48,48,48,48,32.1,48,47.9,48,48.1,48,48,48,48,47.9,32.2,48,48,48,48,48,48,48,48,48,32.2,48,48,48,48,48,48,48,48,48,33.02,48,47.9,48,48,48,48,48,48,48,35.2,48,48,48,48,48,48,48,48,48,35.8,48,48,48,48,48,48,48,48,48,35.9,48,48,48,48.1,48,48,35.7,35.9
0.000124,35.9,48,48,48,48,48,47.9,48,48,48,48,35.7,48,48,48,48,48,48,48,48,48.1,34.5,48,48,48,48,48,48,48.1,48,48,32.1,48,48.1,47.9,48,48,48,48,48,48,32.12,48,48,48,48.1,48,48,48,48,48.1,32.16,48,48,48,48,48.1,48,48,48,48,32.84,48,48,48,48,48,48,47.9,48,48.1,35.3,48,48,48.2,48,48,48.1,48,48,48,35.7,48,48,48,48,48,48,48,48,48,35.8,48,48,48,48,48.1,48,35.7,35.8
0.000124,35.9,48,48.1,48,48,48,48,48,48,48,48.1,35.8,48,48,48,48,48,48.1,48,48.1,48,34.6,48,48,47.9,48,48,48,48,48,48,32,48.1,48,48,48,48,48,48,48,48,32.16,48,48,48,48,48,48,48,48,48,32.12,47.9,48,48,48,48,48,48,48,48,32.84,48,48,47.9,48,48.1,48.1,48,48,48,35.3,48,48,48,48,48,48,48,48,48.1,35.7,48,48,48,48.1,48,47.9,48,48,48,35.7,48,48.1,48,48.1,48,48,35.8,35.7
0.000125,36.1,48,48,48,48,48,48.1,48,48,48,47.9,35.5,48,48,48,48,48.1,48,48,48,48,34.5,47.9,48,48,48.1,48,48,48,48,48.1,32.1,48,48,48,48,48,48,48,48,47.9,32.2,48,48,48,48,47.9,48.1,48,48.1,48,32.2,48,48,48.1,48,48,48,48,48,48,32.65,48,48,48,48,48,48,48,48,48,35.2,48.1,48,48,48,47.9,48,48,48,48,35.6,48,48,48.1,48,48,48,48,48,48,35.8,48,48,48,48,48,48,35.8,35.6
0.000125,36.2,48,48,48,48,48,48,48,48.1,48.1,48.1,35.6,48,48,48,48,48,48,48,47.9,48,34.6,48,48,48.1,48.1,48,48,48,48,48,32.2,48,48,48,48,48,48,48,48,48,32.16,48,48,48,48,48.1,48,48,48,48,32.2,48,48,48,48,48,48,48,48,48,32.65,48,48,48,48,48,48,48,48,48,35.4,48,48,48,48.1,48,48,48,48,48,35.5,48,48.1,48,48,47.9,48,48,48,48,36,48,48,48,48,48,47.9,35.8,35.5
0.000125,36.1,48,48,48.1,48,48,48,48,48,48,48,35.5,48,48,48,48,48,48.1,48,48,48,34.7,48,48,48,48,48,48,48,48,48,32.2,48,48,48,48.1,48,48,48,48,48,32.3,48.1,48.1,48,48,48,48,48,48,48,32.16,48,48,48,48,48,48,48,48,48,32.8,48,48,48,48,48,48,48,47.9,48,35.2,48,47.9,48,48,48,48,48,48,48,35.6,48,47.9,48,48,48,48,48,48,48,35.7,48,48,48,48,48,48,35.9,35.5
0.000125,36.1,48,48,48,48.1,48,48,48,48,48,48,35.5,48,48,48,48,48,48,48,48,48,34.7,48,48,47.9,48,48,48,48,48,48,32.25,48,48,48,48,48.1,47.9,48,48,48,32.16,48,48,48,48,48,48,48,48,47.9,32.12,48,48,48,48,48.1,48,48,48,48,32.88,48,48,48,48,48,48,48,48,48,35.3,48,48.1,48,48,48,48,48,48,48,35.5,48.1,48,48.1,48,48,48,48,48,48,35.8,48,48,48,48,48,48,35.8,35.5
0.000125,36.1,48,48,48,48,48,48,48,48,48,48,35.5,48,48,48,48,48,48,48,48,48,34.7,48.1,48,48,48,48,48,48,48,48,32.25,48,48,48,48,48,48,48,48,47.9,32.16,48,48,48,48,48,48,48,48,48,32.2,48,48,48,47.9,48,48,48,48,48,32.97,48,48,48,48,48,48,48,48,48,35.3,48,48,48,48,48,48,47.9,48,48,35.7,48,48,48,48,48,48.2,48,48,48,35.9,48,48,48,48,48,48,35.9,35.4
0.000126,36,48,48,48,48,47.9,48.1,48,48,48.1,48,35.6,48,48,48,48,48,48,48,48,48,34.6,48,48,48,48,48,48,48,48,48.2,32.35,48,48,48,48,48,48,48,48,48,32.16,48,48,48,47.9,48,48,48,48,48,32.2,48,48,48,47.9,48,48,48,48,48,33.25,48,48,48,47.9,48.1,48,47.9,48,48,35.2,48,48,48,48,47.9,48,48,48.1,48,35.8,48.1,48,48,48.1,48,48,48,48,48,35.7,48,48,48,48,48,48,35.8,35.6
0.000126,35.7,48,48,48,48,48,48,48,48,48,48,35.7,48,48,48,48,48,48,48,48,48,34.5,48,48,48,48,48,48,48,48,48,32.35,48,48,48,48,48.1,48,48,48,48,32.16,48,48.1,48,48,48,48,48,48,48,32.2,48,48,48,48,48,48,47.9,48.1,48,33.44,48,48,48,48,48,48,48,48,48,35.2,48,48.1,48,48,48,48,48,48,48,35.8,48,48,48,48,48,48,48,48,48,35.8,48,48,48,48,48,48,35.8,35.8
0.000126,35.7,48,48,48,48,48,48,47.9,48,48,48,35.7,48,48,48,47.9,48.1,48,48,48,48,34.5,48,48,48.1,48,48,48,48,48,48.1,32.25,48,48,48,48,48,48.1,48,48,48,32.16,48,48,48,48,48,48,48,48,48,32.2,48,48,48,48,48,48,48,48,48,33.58,48,48,48,48,48,48,48,48,48,35.3,48.1,48,48,48,48,48,48,48,48,35.8,48,48,48,48,48,48,48,48,48,35.8,48,48,48,48,48,48.1,35.6,35.8
0.000126,35.6,48,48.1,48.1,48.1,48.1,48,48,48,48,48,35.8,48,48,48,48,48,48,48,48,48.1,34.6,48,48,48,48,48,48,48,48,48,32.16,48,48,48,48,48,48,48,48,48,32.16,48,48,48.1,48,48,48,48,48,48,32.16,48.1,48,48,48,48,48,48,48,48,33.58,48,48,48.1,48,48,48,48.1,48,48,35.3,48,48,48,48,47.9,48,48,48.1,48,35.9,48,48.1,47.9,48.1,48,48,48,48,48,35.9,48,48,48,48,48,48,35.7,36
0.000126,35.6,48,48,47.9,48,48,48,48,48,48,48,35.7,47.9,48,48,48,48,47.9,48,47.9,48.1,34.5,48,48,48,48,48,48,48,48,48,32.06,48,48.1,48,48,48,48,48,48,48,31.92,48,48,48,48,48,48.1,48,48,48,32.12,48,48,48,47.9,48,48,48,48,48,33.3,48,48,48,48,48,48,48,48,48,35.2,48,47.9,48,48.1,47.9,48,48,48,48,35.8,47.9,48,47.9,48,48,48,48,48.1,48,35.8,48,48,47.9,48,48,48,35.7,36
0.000127,35.6,48,48,48,48,48,48,48,48,48,48,35.5,48.1,48,48,48.1,48,48,48,48,48,34.7,48,48,48,48.1,48.1,48,48,48,48,32.1,48,48,48,48,48,48,48.1,48.1,48,32.06,48,48.1,48,48,48,48,48,48,47.9,32.2,48,48,48,48.1,48,48,48,48,48,33.35,48,48,48,48,47.9,48,48,48.1,48,35.2,48,48,48.1,48,48,48,48,48.1,48,35.8,48.1,48,47.9,48,48,48,48,48,48,35.8,48,48,48,48,48,48,35.8,35.8
0.000127,35.7,48,48,48,48,48.1,48,48,48,48,48,35.5,48,47.9,48,48.1,48.1,47.9,48,48,48,34.7,48,48,48.2,48,48,48,48,48,48.1,32.1,48,48,48,48.1,48,48,48,48,48,32.16,48,48.1,48,48,48,48,47.9,48,48,32.16,48,48,48,48,48,48,48,48,48,33.07,48,48,48,48,48,48,48,48,48,35.2,48,47.9,48.1,48,48,48,48,48,48,35.8,48,48.1,48,48,47.9,48,48,48,48,35.8,48,48,48,48,48,48,35.8,35.9
0.000127,35.8,48,48,48,48.1,48,47.9,48,48,48,48,35.5,48,48,47.9,48,48,48,48,48,48,34.7,48,48,48,48,48.1,48,48,48,48,32.15,48.1,48,48,48,48,48,48,48.1,48,32.2,48,47.9,48,48,48,48,48,48,48,32.16,48,47.9,48,48,48,48,48,48,48,32.88,48.1,48,48,48,48,47.9,47.9,48,48,35.2,48,48.1,48,48,48,48,48,48,48,35.7,48,48,48,48,48,48,47.9,48.1,48,35.9,48,48,48,48,48,48,35.8,35.7
0.000127,36.1,48,48,48,47.9,48,48,47.9,48,48,48,35.5,48,48,48,48,48,48,48,48.1,48,34.7,48,48,48,48,48.1,48,48,48,47.9,32.1,48,47.9,48,48,48,48,48,48,48,32.12,48,48,47.9,48,48,48,48,48,48,32.12,48,48.1,48,48,48,48,48,48,48,32.6,48,48,48,48,48,48,48,48,48,35.2,48,48,48,48,48,48,48,48,48,35.7,48,48,48.1,48,48,47.9,47.9,47.9,48,35.9,48,48,48,48,48,48,35.9,35.6
0.000127,36,48.1,48,48,48,48.1,48,48,48,48,48,35.4,48,48,48,48,48.1,48,48.1,48,48,34.7,48,48,48,48,48,48,48,48,48,32.15,48,47.9,48,48,48,48,48,48,48,32.16,48,48,48,48,47.9,48,48.1,48,48.1,32.2,48,48,48,48,48,48,48,48,48,32.45,48,48,48,48,48,48,47.9,48,48,35.3,48,48,48,48,48,48,48,48,48,35.7,48,48,48,48,48,48,48,47.9,48,36,48.1,48,48,48,48,48,35.9,35.6
0.000128,36.1,48,48,48,48,48,48,48,48,48,48,35.5,48,48,48,48,48,48,48,48.1,48,34.8,47.9,48,48,48,48.1,48,48,48,48,32.1,48,48,48.1,48,48.1,48,48.1,48.1,48,32.16,48,48,48,48.1,48,48.1,48,48,48,32.2,48,48,48,48.1,48.1,48,47.9,48,48,32.64,48,48,48,48,48.1,48,48,48.1,48,35.2,47.9,48,48,48,48,48,48,48,48,35.6,48,48,48,48,48,48,48,48,48,36,48,48,48,48,48,47.9,35.9,35.5
0.000128,36.1,48,48,48,48,48,48,48,48,48,48,35.7,48,48,48,48,48,47.9,48,47.9,48.1,34.8,48,48.1,48,48,48.1,48,48.1,48,48,32.25,48,48,48,48,48,48,48,48.1,48,32.2,48,48,48,48,48,48,48,48,48.1,32.2,48,48,48,48,48,48,48,48,48,32.64,48,48,48,48,48,48,48,48,48,35.3,48,48,48,48,48,48,48,48,48.1,35.6,48,48,48,48,48,48,47.9,48,48,36,48,48,48,48,48,48.1,35.9,35.6
0.000128,36.1,48,48,47.9,48.1,48,48,48,47.9,48,48,35.7,48.1,48,48,48,48,48,48.1,48,48,34.9,48,48,47.9,48.1,48,48,48,47.8,48,32.25,48,48,48,48,48,48,48.1,48,48,32.26,48,48,48,48,48.1,48,48,48,48.1,32.16,48.1,48,48,48,48,48,48,48,48,32.68,48,48,48,48,48.1,48,48,48,48,35.3,48.1,48,48,48,47.9,48,48,48,48.1,35.8,48,48,48,48,48,47.9,48,48,48,36.1,48,48,48,48,48,48,35.8,35.7
0.000128,36,48,48,48,47.9,48,48,48,48,48,48,35.9,48,48,48,48,48,48,48,48.1,47.9,34.4,48,48,48,48,48,48,48,48,48,32.25,48,48,48,48,48,48,48,48,48.1,32.2,47.9,47.9,48,48,48,48,48,48,48,32.2,48,48,48,48,48,48,48,48,48.1,32.72,48,48,47.9,48,48,48,48,48,48,35.4,48,48,48,48,48,48,47.9,48,48,35.7,48,48,48,48,48.1,48,48,48,48,35.9,48.1,48,48,48,47.9,48,35.6,35.7
0.000128,35.8,48.1,48,48,48,48,48,48,48,48,48,35.9,48,48,48,48,48,48,48.1,48,48,34.3,48.1,48,48,48,48,48,48,48,47.9,32.3,48,48,48,48,48.1,48,48,48,48,32.12,48.1,48,48,48,48,48,48,48,48,32.02,48,48,47.8,48,48,48,48,48,48,32.91,48,47.9,48,48,48.1,48,47.9,48,48,35.4,48,48,48,48,48,48,48,47.9,48,35.7,47.8,48,48,48,48,48,48,48,48,35.9,48,48,48,48,48,48,35.6,35.8
0.000129,35.7,48,48,48,48,48,48,48,47.9,48,48,35.9,48,48,48,48,48,48,48,48,48,34.2,48,48,48,48,47.9,48,48.1,48,48,32.1,48,48,48,48,48,48,48,48.1,48,32.22,48,48,48,48,48,48,48,48,48,32.16,47.9,48,48,48,48,48,48,47.9,48,33.01,48,48,48.1,48,48,48,48,48,48,35.4,48,48,48.2,48,48,48,48,47.9,48,35.7,48,48,48,48,48.1,48,48,48,48,35.7,48,48,48,48,48,48.1,35.8,35.7
0.000129,35.7,48.1,48,48,48,48,48,48,48,48,48,35.7,48,48,48,48,48,48,48,48,48,34.2,48,48.1,48,48,48,48,48,48.1,48,32.15,48.1,48,48.1,48,48,48,48,48,48,32.26,48,48.1,48,48,48,48,48,47.9,48,32.02,47.9,48,47.9,48,48,48,48,48,48.1,33.05,48,48,48,48,47.9,48,48,47.9,48,35.3,48.1,48,48,48,48,48,48,48,48,35.7,48,48,48,47.9,48,48,48,48,47.9,35.7,48,48,48,48,48,47.9,35.9,35.7
0.000129,35.7,48,48,47.9,48,48,48,48,48,48,48,35.5,48,48,48,48,48,48,48.1,48,48.1,34.4,48,48,48,48,48,48,48,48,48,32.1,48,48,48.1,48.1,48,48,48,48.2,48,32.26,48,48,48,48,48,48,48,48,48,31.96,48,48,48,47.9,48,48,48,48,48,33.1,48,47.9,48,48,47.9,48,48,48,48,35.3,48,47.9,48,48,48,48,47.9,47.9,48,35.8,48,47.9,48,48,48,48,48,48,48,35.6,48,48,48,48,48.1,48,35.9,35.5
0.000129,35.7,48,48,48,48,48,48,48,48,48.1,48,35.5,48,48,48,48,48,48,48,48,48,34.6,48,48,48.1,48,48,48,48,48,48,32.1,48,48,48,48,48,48,48,48.1,48,32.4,48,48,48,48,48.1,48,48,48,48,31.86,47.9,48,48,48,48,48,48,48.1,48,33.1,48.1,48,48,48.1,48,48.1,48,48,48,35.2,48,48,48,48.1,48,48,48,47.9,48,35.7,48,47.9,48,48,48,47.9,48,48,48,35.5,48,48,48,48,48,48,35.9,35.5
0.000129,35.7,48,48,48,48,48,48.1,48,48,48,48,35.5,48,48,48,48,48,48,48,48,48,34.8,48,48,48,48,47.9,48,47.9,48,48,32.1,48,48,48,48,48,48,48,48,48,32.26,48,48.1,48.1,48,48,48,48,48,47.9,31.9,48,48,48,47.9,48,48,48,48,48.1,33.1,48,48,48.1,48,48,48,48,48,48,35.2,48,48,48,48,48,48,47.9,48,48,35.7,48,48,48,48,48,48,48,48,48,35.5,48,48,48,48.1,48,48,36.1,35.5
0.00013,35.8,48,48,48,48,48,48,48,48,48,48,35.5,48,48,48,48,48,48,48,48.1,47.9,34.8,47.9,48,48,47.9,48,48,48,48,48,32,48,47.9,48,48,48,48,48,48,48,32.26,48,48,48,48,48,48,48,48,48,32,48,48,48,48,48,48,47.9,48.1,48,33.05,48,48,48,48,48,48,48,48,48,35.2,48,48,48,48.1,48,48,48,48,48.1,35.8,48,48,48,48,48,48,48,48,48,35.7,48.1,48,48,48,48,47.9,36,35.6
0.00013,35.8,48,47.9,48,48,48,47.9,48,48,48,48,35.5,48,48,47.9,48.1,48,48,48,48,48,34.8,48,48,48,48,48,48,48,48,48.1,32.1,48,48,48,48,48,48,48,48.1,48,32.26,48,48,48,47.9,48,48,48,48,48,32.06,48.1,48,48,47.9,48,48,48,48,48,33,48,48,48,48,48,48,48,48,48.1,35.1,47.9,48,48,48,48,48,48.1,48,48,35.8,48,48,48,48,47.9,48,48.1,48,48,35.7,48,47.9,48,48,48,48,35.9,35.7
0.00013,35.9,48,47.9,47.9,48,48,48,48.1,48,48,48,35.5,48,48,48,48,48,48,48,48,48,34.8,47.9,48,48,48,48,48,48.1,48,48,32.15,48,48,48.1,48,48,48,48,48,48.1,32.22,48,48,47.9,48,48,48.1,48,47.9,48,32.16,48,48,48,48,48,48,48,48,48,33.05,48,48,48,48,48,48,48,48,48.1,35,48,48,48,48.1,48,48,48,48,48,35.8,48,48,48,48,47.9,48,48,48,48,35.8,48,48,47.9,48,48,48,35.8,35.7
0.00013,35.7,48,48.1,48,48,48,48,48,48,48,48,35.7,47.9,48,48,48,48.1,48,48,48,48,34.7,48,48,48,48,48,48,48,48,47.9,32.19,48,48,48,48,48,48,48,48,48,32.3,48,48,48.1,48,48,48,48,48,48,32.2,48,48.1,48,48,48,48,47.9,48,48,32.9,48,48,47.9,48,48,48,48,48,48,35.2,48,48,48.1,48,48,48,48,48,48,35.8,48,48,47.9,48,47.9,47.8,48,48,48,35.9,48,48,48,48,48,48,35.6,35.9
0.00013,35.7,48,48,48.1,48,48,48,48.1,48,48,48,35.7,48,48,48,48,48,48,47.9,48,48,34.6,48,48,48,48,48,48,48,48,48,32.39,48.1,48,48,48,48,48,48,48,48,32.16,48,48,48,48,48.1,47.9,48,48,48,32.25,48,48.2,47.9,48,48,48,48,48.1,48,33.05,48.1,48,48,48,48,48,48.1,48,48,35.2,48.1,48,48,48,47.9,48,48,48,48,35.8,48,48,48,48,48,48,48,48,48,35.9,48,48,48,48,48,48,35.7,36
0.000131,35.7,48,48,48,48,48,48.1,48,48,48,48,35.7,47.9,48,48,48,48,47.9,48,48,48,34.6,48,48,48,48.1,48,48,48,48,48,32.39,48.1,48,48,48.1,48,48,48,48,48,32.16,48,48,47.9,48,48,48,48,48,48,32.16,47.9,48,48,48,47.9,48,48,48,48,32.95,48,48,48,47.8,48,48.1,48,48,48,35.3,48,48,48,48,48.1,48,48,48,48,35.9,47.9,48,48,48,47.9,48,48,48,48,36,48,48,48,48,48,48,35.7,35.9
0.000131,35.6,48,48,48,48,48,48,48,48,48,48,35.8,48,48,48,48,48.1,48.1,48,48,48,34.4,48,48,48,48,48,48,48,48,48.1,32.29,48,48,48,48,48.1,48,48,48,48,32.06,48,48,48,48.1,48.1,48,48,48,48,32.2,48,48,48,48,48,48,48,48,48,33.1,48,48,47.9,48,48,48,48,48,48,35.4,48,48,48,48,48,48,48,48,48,35.8,48,47.9,48,47.8,48,48,48,48,48,36,48.1,48,48,48,48,48,35.7,35.7
0.000131,35.6,47.9,48,48,48,48,48,48,48,48,48,35.7,48.1,48,48,48.1,48,48,48,48,48,34.4,48,48,48,48,48,47.9,48.1,48,48,32.39,48,48,48.1,48,48,48,48,48,48.1,32.06,48,48,48,47.9,47.9,48,48.1,48,48.1,32.2,48,48,48.1,48,48.1,48,48.1,48,48,33.14,48,48,48,48,48,48,48,48,48,35.6,48,48,48,48,48,48,48,48,48,35.9,48,48,48,48,48,48,48.1,48,48,36,48,47.9,48,48,48,48,35.7,35.7
0.000131,35.6,48,48,48,48.1,48,48,48,48,48.1,48,35.7,48,48,48,48.1,48,48,48,48,48,34.5,48,48,47.9,48,48,48,48,48,48,32.25,48,48,48,48.1,48,48,48,48,48,32.06,48,48,48,48,48,48,48,48,48,32.16,48,48,48,48,48.1,48,48,48,48,33.18,48,48,48,48,48,48,48,48,48,35.5,48,48,48,48,48,48.1,48,48,48,35.8,48,48,48,48,48,48,48.1,48,48,35.9,48,48,48,48,48,48,35.8,35.5
0.000131,35.7,48,48,48,48,48,48,48,48,48.1,48,35.7,48,48,48,48,48,48,48,48.1,48,34.6,48,48,48.1,48,48,48,48,48,48.1,32.15,48,47.9,48,48,48,47.9,48,48,48,32.02,48,48,48,48,48,48,48.1,48.2,48.1,32.16,48.1,48,48,48.1,48,48,48,48,48,33.33,48,48,48,48,48,48,48,48,48,35.6,48,48,48,48,48,48,48,48.1,48,35.6,48,48,48,48,48,48,48,48,48,35.8,48,48,48.1,48,48,48,35.8,35.5
0.000132,35.7,48,48,48,48,48,48.1,48,48,48,48,35.6,48,48,48,48,48,48,48,48,48,34.8,48,48,48,48,48,48,48,48,48,32.1,47.8,48,48,48,48.1,48,48,48.1,48,32.06,48,48,48,48,48,48,48,48,48,32.16,48,48,48,48,48,48,48,48,48,33.33,48,48,48,48,48,48.1,48,47.9,48,35.4,48,48,48,48,47.9,48,48,48,48,35.7,48,48,48,48,48,48,47.9,48,48,35.7,48,48,48,48,48,47.9,36,35.5
0.000132,35.9,48.1,48,48,48,48.1,48,48,48,48.2,48,35.6,48.1,48.1,48,48,47.9,48,48,48.1,48,34.8,48,48,48.1,48,48,48,48,48,48,32.1,48,48,48,48,48,48,48,48,48,32.1,47.9,47.9,48,48,48,47.9,48,48.1,48,32.2,48,48,48,48,48,48,48,48,48,33.33,48,48,48,48,48,48,48,48.1,48,35.4,48,48,48,47.9,48,48,48,48.1,48,35.6,48,48,48,48,48,48,48,48,48,35.8,48,48.1,48,48,48,48,35.9,35.5
0.000132,36.1,48,48,47.9,48,47.9,48,48,48,48,48,35.7,48,48,48,48.1,48,48,48.1,48,48,34.8,48,48,48,48,48,48,48,48.1,48,32.1,48,48,48,48,48,48,48,48,48,32.06,48,48,48,48,48.1,48,48,48,48,31.96,47.9,48,48.1,48,48,48,47.9,48.1,48,33.37,48,48,48,48,48,48,48,48,48,35.3,48,48,48,47.9,48,48,48,48,48,35.6,48,48,48,48,48,47.9,48,48,48,35.6,48,48,48,48,48,47.9,35.8,35.5
0.000132,36.1,48,48,48,48,48,48,48,48,48,48,35.7,48,48,48,48,48,48,48,48,48,34.8,48,48,48,48,48,48,48.1,48,48,32.05,48,48,48,47.9,48,48,48,48.1,48,32.06,48,48,48,48,48,48,48,48,48,32.1,48,48,48,48,48,48,48,48,48,33.37,48,48,48,47.9,48.1,48,48,48,48,35.3,48,48,48,48,47.9,48,48,48,48.1,35.6,48,48,48,48,48,48,48,48,48,35.6,48.1,48,48,48,48,48,35.9,35.7
0.000132,36.1,48,48,48,48,48,47.9,48,48,48,48,35.7,48,48,48,48,48,48,48,48,48,34.8,48,47.9,48,48,48,48,47.9,48,48,32.15,48,48,48,48,48,48,48,48,48,32.2,48,48.1,48,48,48,48,48,48,48,32.2,47.9,48,47.9,48,48,47.9,47.9,48,48.1,33.33,48,47.9,48,48,48,48,47.9,48,48,35.1,48,48,48,48,48.1,48,48,48,48,35.8,48,48.1,48,48,48,48,48,48,48,35.6,48,48,48,48,48,48,35.8,35.8
0.000133,36.1,48,48,48,48,47.9,48,48,48,48,48,35.7,48,48,48,48,48,48,48,48,48,34.8,48,48,48,48,48,48,48,48,48,32.15,48,48,47.9,48,48,48,48,48,48,32.06,48,48,48,48.1,48,48,48,48,48,32.2,48,48,48,48,48.1,48,48,48.1,48,33.33,48,48,48,48,48,48,48,48,47.9,35.1,48,48,48,48,48,48,48,48,48,35.9,48,47.9,48,48,48,48,48,48,48,35.6,47.9,48,48,48,48,48,35.8,35.8
0.000133,36,48,48,48,48,48,48,48,48,48,48,35.9,48,48,48,48,48,48,48,48,48,34.8,48,48,48,48,48,48,48,48,48,32.23,48,48,48,48,48,48,48,48,48,32.16,48,48,48,47.9,48,47.9,48,48,48,32.06,47.9,48,48,48,48,48,48,48,48,33.23,48,48,47.9,48,48,48,48,48,48,35.1,48,48,48,48,47.9,48,47.9,48,48.1,35.9,48,48,48,48.1,48,48,48,47.9,48,35.7,48,48,48,48,48,48,35.7,35.9
0.000133,35.8,48.1,48,48,48,48,48,48,48,48.1,48,35.7,48,48,48,48,48,48,48,48,48,34.8,47.9,48,48,48,48,48,48,48,48,32.33,48,48,48,48,48,48.1,47.9,48,47.9,32.2,48,48,48,48,48,48.1,48,47.9,48,32.16,48,48,48,48,48,47.9,48,47.9,48,33.08,48,48,48,48,48,48,48,48,47.9,35.2,48,48,48,48,48,48,48,48,48,35.9,48,48,48,48,48,48,47.9,48,48,35.9,48,48,48,47.9,48,48,35.6,35.8
0.000133,35.7,47.9,48,48,48,47.8,48,47.9,48,48,48.1,35.7,48,48,48,48,48,48,48,48,48,34.8,48,48,48.1,48,48,48,48,48,48,32.33,48,48,48,48.1,48,48,48,47.9,48,32.06,48,48,48,48,48,48,48,48,48,32.2,48,48,48,48,48,48,47.9,48,48,33.18,47.9,48,48,48,48,48,48,48,48,35.2,48,48.1,48,48,47.9,48,48,48,48,35.8,47.9,48,47.9,48,48,48,48,48,48,36,48,48,48,48,48,48,35.6,35.8
0.000133,35.7,48,48,47.9,48,48,48,48,48,48,48,35.6,48.1,48,48,48,48,48,48,48,48,34.7,48,48,48,48,48,48,48,48,48.1,32.33,48,48,48,48,48,48,48,48,48,32.3,48,48,48,48,48,48,48.1,48,48,32.2,48,48.1,48,48,48,47.9,48,48,48,33.18,48,48,48,48,48,48,48,48.1,48,35.3,48,48,48,48,48,48,48,48,48,35.8,48.1,48,48,48,48,48,48,47.9,48,36.1,48,48,48,48,48,48,35.5,35.8
0.000134,35.8,48,48,48,48,48,48,48,48,48,48,35.5,48,48,48,48,48,48.1,48,48,48,34.7,48,48,48,48,48,48,48,48,48,32.33,48,48,48,48,48,48,48,48,48,32.2,48,48,48,47.9,48,48,48,48,48,32.2,48,48,48.1,48,48,48,47.9,48,48,33.23,48,48,48,47.9,48,48,48,48,48,35.4,48,48,48,48,48,48,48.1,48,48,35.7,47.9,48,47.9,48,48,48,48,48,48,36.2,48,48,48,48.1,48,48,35.5,35.6
0.000134,35.6,48,48.1,48,48,48.1,47.9,48,48,48,48,35.4,48,48,48.1,48,48,48,48,47.9,48.1,34.7,48,48,47.9,48,48,48,48,48,48,32.38,47.9,48,48,48,48,48,48,47.9,48,32.26,48,48,48,48,48,48,47.9,48,48,32.2,48,48.1,48,48,48,48,48,47.9,48.1,33.27,48,48,48,47.9,48,48,48,48,48,35.4,48.1,48,48,48,48,48,48,47.9,48,35.8,48,48,48,48,48,48,47.9,48,48,36.2,48,48,48,47.9,48.1,48,35.7,35.6
0.000134,35.6,48,48,48,48,48,48,48,48,48,48,35.5,48,48,48,48.1,48.1,48,48,48,48,34.6,48,48,48,48,47.9,48,47.9,48,48.1,32.33,48,48,48,48,48,48,48,48,48.1,32.3,48,48,48,48,48.1,48,47.9,48,48,32.16,48,48,48,48,48,48,48,48.1,48.1,33.31,48,48,48,48,47.9,48,48.1,48,48,35.5,48.1,48,48,48.1,48,48,48,48,48,35.7,48,48,48,48,48,48,48,48,48,36.1,48,48,48,48,47.9,48,35.7,35.6
0.000134,35.7,48,48.1,48,48,48,48,48,48,47.9,48,35.6,48,48,48.1,48,48,47.9,48,48,47.9,34.6,48,48.1,48,48,48,48,48,48,48,32.19,48,48,48,48,48,48,48,48,48,32.16,48,47.9,48,48,48,48,48,48.1,48,32.16,48,48,48,47.9,48,48,48,47.9,47.9,33.36,48,48,48,48,48,48,48,48,48,35.4,48,48,48,48,48,47.9,48,48,48,35.7,48,48,48,48,48,48,48,47.9,48,36.1,48,48,48,48,48,48,35.8,35.7
0.000134,35.7,48,48,48.1,48,48,47.9,47.9,47.9,47.9,48,35.7,48,48,48.1,48,48,48,48,48,48,34.6,48,48,48,48,48,48,48,48,47.9,32.19,48,48,48,48,48,48,48,48,48,32.16,48,48,48,48,48,48,48,48,48,32.2,48,47.9,48,48,48,48,48,48,48,33.31,48,48,48,47.9,48,47.9,48,48,48,35.3,47.9,47.9,48,48,48,48,48,48,48,35.6,48,48,48,48,48,48.1,47.9,48,48,35.9,48,47.9,48,48,48,48,35.8,35.7
0.000135,35.8,48,48.1,48,47.9,48,48,48,48,48.1,48,35.7,48,48,48,48,48,48,48,48.1,48,34.7,48,48,48,48,48,48,48,48,48,32.19,48,48.1,48.1,48,48,48,48,48,48,32.06,48,48.1,48,48,48.1,48,48,48,48,32.16,48,48,48,48,48,48,48,48,48,33.4,48,48,47.9,48,48,48,48,48.1,48,35.3,48,47.9,48,48.1,48,48,48,48.1,48,35.8,48,48,48,48,48,48,48,48,48,35.7,48,48,48,48,48,48,35.8,35.7
0.000135,36.1,48,48,48,48,48,48,48,48,48,48,35.7,48,47.9,48,48,48,48,48,48,48,34.8,48,48.2,48,48,48,48,47.9,48,48,32.09,48,48,48,48,48,48.1,48,48,48,32.02,48,48,48,48,48,48,48,48,48,32.02,48,47.9,48,48,47.9,48,48,48,47.9,33.36,48,48,48,47.9,48,48,47.9,48,48,35.3,48,48,48.1,48,48,48,48,48,48,35.6,48,47.9,48,48,48,48,48,48,48,35.6,48.1,48,47.9,48,48,48,36,35.5
0.000135,36,48,48,48,48,48,48,48,48,48.1,48,35.7,48,48,48,48,48,48,48,48,48,34.8,48,48,48,48,48,48,48,48,48,32.05,48,48,48,48,48,48,48,48,48,32.2,47.9,48,48,48,48,48,48,48.1,48,32.16,48,48,48,48,48,48,48,48,48,33.17,48,48,47.9,47.9,48,48.1,48,48,48,35.3,48,48.1,48,47.9,48,48.1,48,47.9,48,35.7,48,48,48,48,48,48,48,48,48,35.4,48,48,48,48,48,48,36.2,35.7
0.000135,36,48,48,48,48,48,48.1,48,48,48,48,35.7,48,47.9,48,48,47.9,48,48,48.1,48,34.8,48,48,48,48,48,48,47.9,48,48,32.23,48,48,47.9,48,48,48,48,48,48,32.3,48,48,48,48,48,47.9,48,48,48,32.2,48,48,48,48,48.1,48,48,47.9,48,33.13,48,48,48,48,48,48.1,48,48,47.9,35.3,48,48,48,48,48,48,48,48,48,35.8,48,48,48,48,48.1,48,47.9,48,48,35.5,48,48.1,48,48,48,48,36.1,35.7
0.000135,36.1,48,48,48,48,48,48,48,48,48,48,35.6,47.9,48,48,48,48,48,48,48,48,34.9,48,48,48,47.9,48,47.9,48,47.9,48,32.23,48,48,48,48,48,48,48,48,48,32.22,48,48,48,48,48,48,48,48,48,32.16,48.1,48,48,48,48,47.8,48,48,48,32.83,48.1,48,48,48,48.1,48,48,48,48,35.2,48,48,48,48,48,48,48,48,48,35.8,48,48,48,48,48,48,48,47.9,48,35.7,48,48,48,48,48,48,36,35.6
0.000136,35.9,48,48,48,48,48,48,48.1,48,48,48,35.6,48,48,48,48,48,48,48,48,48,34.7,48,48,48,48,48,48,48,48,48,32.28,48,48,48,48,48,48,48,48,48,32.4,48,48,48,48.1,48,48.1,48,48,48.1,32.06,48,48.1,48,48,48,48,47.9,48,48,32.88,48,48,48,48,47.9,48,48,48,47.9,35.2,47.9,47.9,48,48,47.9,48,48,48,48,35.8,48.1,48,48,48,48,48,48,47.9,48,35.8,48,48,48,48,48.1,48,35.8,35.7
0.000136,35.9,48,48,47.9,47.9,48,48,48,48,48,48.1,35.5,47.9,48,48,48,48,48,48,47.9,48,34.7,48,47.9,48,48,48,47.9,48,48,48,32.33,48,48,48,48,48,48,48,48,48,32.4,48,48,48,48,47.9,48,48,48.1,47.9,32.2,47.9,48,48,48,48,48,48,48,48,33.03,48,48,48,48,48,48,48,48,48,35.2,48,47.9,48,48,48,47.9,47.9,48,48,35.8,48,48,48,48,48,48,48,48,48,35.8,47.9,48,48.1,48,48,48,35.9,35.7
0.000136,35.8,48,48,48,48,48,48,48,47.9,48,48,35.5,48,48,48,48.1,48,48,47.9,48,47.9,34.6,48,48,48,48,48,48,48,48,48,32.28,48,48,47.9,47.9,48,48,48,48,48,32.36,48.1,48,47.9,47.9,48.1,48,48,48,48,32.2,47.9,48,48,47.9,48,48,48,48,48,33.17,48,48,48,48,48,48,48,48,48,35.2,48,48,48,48,48,48,48,48,48,35.9,48,48,48,47.9,48,48,47.9,48,47.9,36,48,48,48,48,48,48,35.6,35.7
0.000136,35.7,48,48,48,47.9,48,48,48,48,48,47.9,35.4,48,48,48,48,47.9,48.1,48,48,48,34.4,48,48,48,48,48,48,48,48,48,32.23,48,48,47.9,48,48,48,48,48,48,32.3,48,48,48,48,48,48,48,48,48,32.2,48,48,48.1,48,47.9,48,48,48,48,33.26,48,48,47.9,48,48,48,48.1,48,48,35.3,48,48,48.1,48,48,48,48,48,48,35.9,48.1,48,47.9,48,48.1,48,48,47.9,48,36.2,48,48,47.9,48,47.9,48,35.4,35.8
0.000136,35.8,47.9,48,48,48,47.9,48,48,48,48,48.1,35.4,48,48,48,48,48,48,48,48,48,34.4,48,48,48,48,48,48,47.9,48,48,32.38,48,48,48,48.1,48,48,47.9,48,48,32.26,48,48,48,48,48,48,48,48,48,32.2,48,48,48,48,48,48.1,48,48,48,33.4,48,48,48,47.9,48.1,48,48,48,48,35.3,48,48,48,47.9,48.1,48,48,48,48,35.8,48,48,48,48,48,48,48,48,47.9,36.2,48,48,48,48.1,48,47.9,35.2,35.7
0.000137,35.7,48,48,47.9,47.9,48,48,47.9,48,48,48,35.5,47.9,48,48,48,48,48,48,47.9,48,34.5,48,48,48,48,48,48,48,48.1,48,32.23,48,48,48,48,48,48,48,48,48,32.06,48,48.1,48,48,48,48.1,48,48,48,32.2,48,48,48,48,48.1,48,48,48,48,33.44,48,47.9,48,48,47.9,48,48,48,48,35.4,48,48,48,48,48,48,48,48,48,35.9,48,47.9,48,48,48,48,48,48,48,36.1,48.1,48,48,48,48,48,35.4,35.7
0.000137,35.8,47.9,48,47.9,48,48,48,48,48,48,48,35.5,48,48,48,47.9,48,48,48,48,48,34.5,48,48,47.9,48,48,48.1,48,48,47.9,32.42,48,48,47.9,48,47.9,48,48,48,48,32.06,48,48,48,48,48,48,48,48,48,32.16,48,48,48,48,48,48,48,48,48,33.49,47.9,48,48,48,48,48.1,48,48,48,35.3,48,48,48,48,48,48,48,48,48,35.8,48,47.9,48,47.9,48,48,48,48,47.9,36,48,48,48,48,48,48,35.6,35.7
0.000137,35.8,48,48.1,48,47.9,48,48,48,48,48.1,48,35.6,48,48,48,48,48,48,48,48,47.9,34.7,48,48,48,48,48,48,48,47.9,47.9,32.28,48,48.1,48,48,48,48,48,47.9,48,32,48,48,48,48.1,48,48,48,48,48,32.06,48,48,48,48,48,48.1,48,48,48,33.54,48,48,48,48,48,48,48,48,48,35.4,48,47.9,47.9,48,48,48,48,48,48,35.6,48,48,48,48,48,48,48,48,48,36,47.9,48,47.9,48,48,47.9,35.8,35.7
0.000137,35.9,48,48,48,48,48,48,48,48,48,48,35.6,48,47.9,48,48,48,48,48,48,48,34.9,48,48,48,48,48,48,48,48,48,32.28,47.9,47.9,48,48,48,48,48,48,48,32.06,48,48,48,48,47.9,48.1,48.1,48,48,32.16,48,47.9,48.1,48,48,48,48,48,48,33.59,48,48,48,48,48,47.9,48,48,48,35.3,47.9,48,47.9,48,48,48,48,48,48,35.5,48,47.9,48,48.1,48,48,48,48,48,35.9,48,48,48,48,48,48,35.9,35.6
0.000137,36,48,48,47.9,48,48,48,48,48,48,48,35.7,47.9,48,48,48,48,48,47.9,48,48,35,48,48,48.1,48,48,48,48,48,47.9,32.28,48,48,48,48,48,48,48,48,48,31.96,48,48,48,48,48.1,48,48,48,48,32.06,47.9,48,48,48,48,48,47.9,48,48,33.59,48,47.8,48,48,48,48,48,48,47.9,35.4,48,48,48,48,48,48,48,48,48,35.5,48,48,48,47.9,48,48,48,47.9,47.9,35.8,48,47.9,48,48,48,48.1,36.2,35.6
0.000138,35.9,48,48,48,47.9,48,48,47.9,48,48,48,35.6,48,47.9,48,48,48,48,48,48,48,34.9,48,48,47.9,48,48,48,48,48,48,32.23,48,47.9,48,48,48,48,47.9,48,48,31.96,48,48,48,48,48,48,48,48,48,32.12,48,48,48,48,48,48,48,48.1,48,33.54,48,47.9,48.1,48,48,48,48,48.1,48,35.4,48,48,48,48,48,48,48,48,48,35.6,48,48,47.9,48,48,47.9,47.9,48,47.9,35.8,48,48,48,48,48,48,36.2,35.5
0.000138,35.8,48,48,47.9,48,48,48,48,48,48,48,35.6,47.9,48,48,48,48,48,48,48,48,35,48,48,48.1,48,48.1,48.1,48,48,48,32.23,48,48,47.9,48,48,48,47.9,48,48,32.1,48,48,48,48,48,48,48,48,48,32.25,48,47.9,48,47.9,48,48,48,47.9,48,33.59,48,48,48,48,48,48,48,48,48,35.3,48,48,48,48,48,48,48,48,48.1,35.5,47.9,48,48,48,48,48,48,48,48,35.8,48,48,48,48,48,47.9,36.3,35.5
0.000138,35.9,48.1,48,47.8,48,48,48,48,48,48,48,35.7,47.9,48,47.9,48,48,48,48,48,48,35,48,48,48,48,48,48.1,48,48,47.9,32.23,48,47.9,48,48,48,47.9,48,48.1,48,32.2,48,48.1,48,48,48,48.1,48,48.1,48,32.2,48,48,48,48,48,48,47.9,48,48,33.49,48,47.9,48,48,48,48,48,48,48,35.3,48,47.9,48,48,48,48,47.8,48.1,48,35.5,48,47.9,48,48,48,48,48,48,48,35.7,48,48,48,48,48,48,36.2,35.7
0.000138,35.9,48,48,48,48,48,48,48,48,48,48,35.7,48,48,48,48,48,48,48,48,48,34.9,48,48,48,47.9,48,48,47.9,48,48,32.28,48,48,48,48,48,48,48,48,48,32.1,48,48,48,48.1,48,48,48,48,48,32.15,48,48,48,48,48,47.8,48,48,48,33.44,48,48,48,48,48,48,48,47.9,48,35.3,48,48,48,48,48,48,48,48,48,35.6,48,48,48.1,48,48,48,48,48,47.9,35.6,47.9,48,48,48,48,48,36.2,35.7
0.000138,35.8,48,48,48,48,48,48,48,48,48,48,35.6,48,48,48,48,48,47.9,47.8,48,48,34.7,48,47.9,48,48,48,48,48,48,48,32.28,47.9,47.9,48,48,48,48,48,48,48,32.02,48,48,48,48,48,48.1,48,48,48,32.2,48,48,48.1,48,48,48,48,48,48,33.4,48,48,47.9,48,48,48,48,48,48,35.2,48,47.9,47.9,48,48,48,48,48,48,35.8,48,47.9,48,48,48,48,47.9,48,48,35.8,48,48,48,48,48,48,36,35.7
0.000139,35.8,48.1,48,48,48,48,48,47.9,48,48,48,35.5,48,47.9,48,48,48,48,48,48,48,34.7,47.8,48,48,48,48,48,48,48,48,32.18,48,48,48,48,48,48,47.9,48,47.9,32.06,48,48,48,48,48,48.1,48,48,48.1,32.1,48,48.1,48.1,48,48,48,48,48,48,33.44,48,48,47.9,48,48.1,48,48,48,48,35.3,48,48,48,48,48,48,47.9,48,48,35.8,48,48,48,48,48,48,48,48,48,35.9,48,48,48,48,48,47.9,35.8,35.8
0.000139,35.8,48,48,48.2,48,48,47.9,47.9,48,47.9,48,35.6,47.9,48,48,48,48,48,48,48,48,34.5,47.9,48.1,48,48,47.9,48,48,47.9,48,32.32,48,48,48,47.9,48,48,48,48,48,32.06,48,48,47.9,48,48,48,48,48,48,32.1,48,48,48,48,48,48,47.9,48,47.9,33.44,48.1,48,48,47.9,48,48.1,48,47.9,48,35.2,48,48,48,47.9,47.9,48.1,48,48,48,35.7,48,48,48,48,47.9,48,48,48,48,36,48,48,48,48,48,48.1,35.6,35.7
0.000139,35.9,48,48,48,48.1,48,48.1,47.9,48,48,48,35.5,48,48,48,47.9,48,48,48,48.1,48,34.5,48,48.1,48,48.1,48,48,48,47.9,48,32.42,48,48,48,48,48,47.9,48,48,48,32.06,48,48,48.1,48,48,48,48,48,48.1,32.25,48,48,48.1,48,48,48,48,48,47.9,33.44,48.1,48,48,48,48,48,48,48,48,35.1,48,48,48,48,48,47.9,48,48,48,35.8,48,48,47.9,48,48,48,48,48,48,36.1,48,48,48,48,48,48,35.6,35.8
0.000139,35.9,48,48,48,48,48,48,48,48,48,48,35.6,48,48,48,48,48,48,48,48,47.9,34.6,48,48,48,48,48,48,48,48,48,32.32,47.8,48,47.9,48,48,48,48,48,48,32,48,48,48,48.1,47.9,48,48,48,48,32.2,48.1,48,48,48,48,48,48,48,48,33.49,48,48,48,48,48,48,48,48,48,35.1,48,48,48,48,48,47.9,48,48,48,35.8,48,48,48,48,48,48,47.9,48,48,36.2,48,48,48,48,48,47.9,35.6,35.8
0.000139,35.8,48,48,48,48,47.8,47.9,48,48,48,48,35.5,47.9,48,48,47.9,48,48,48,48,48,34.6,48,48,48,48,48,48,48,48,48,32.32,48,48,48,48,48,48,48,48,48,32,48,47.9,48,48,48,48,48,48,48,32.2,48,48,48,48,48,48,47.9,48,48,33.53,47.9,48,47.9,48,48,48,48,48,48,35.1,48,48,48,47.9,47.9,48,48,48,48,35.7,48,48,47.9,48,48,48,48,47.9,48,36.1,48,47.9,48,48,48,48,35.6,35.7
0.00014,35.8,48,48,48,48,48,47.9,48,48,48,48,35.6,48,48,48,48,47.9,48,48,48,47.9,34.7,47.9,48,48,47.9,48,48,48,48,48,32.28,48,47.9,48,48,48,48,47.9,48,48,32,47.9,47.9,48,48,48,48,48,48,48,32.2,48,48.1,48,48,48,47.9,48,48,48,33.53,48,48,48.1,48,48,48,48,48,48,35.1,48,48,48,48,48,47.9,48,48,48,35.7,48,48,48,48,48,48,48,48,48,36,48,48,48,48,48,48,35.8,35.8
0.00014,35.8,48,48,48,48,48.1,48,48,48.1,48,48,35.6,48,48,48,48.1,48,48.1,48,48,48,34.9,48,48,48,48.1,47.9,48,48,48,48,32.32,47.9,48,48,48,48,48,48,48,48,32.2,47.9,48,48,48,48,47.9,48,48,48,32.2,48,48,48,48,48,48,48,48,48,33.53,48,48,48.1,48,48,48,47.9,48,48,35.1,48,48,48,48,48.1,48,48,48,48,35.7,48,48.1,48,48.1,48,47.9,48,48,48,36,48,47.9,48,48,48,48,35.8,35.8
0.00014,35.8,48,48,48.1,48,48,48,48,48,48.1,48,35.5,48,48,48,48,47.9,48,48,48,48,34.9,48.1,47.9,48,48,47.8,48,48,48,48,32.32,48,48,48,48,48,48,48,47.9,48,32.25,48,48,47.9,48,48,48,48,48,48,32.2,48,48,48,48,48,48,48,48,48,33.53,47.9,48,48,48,48,48,48,48,48,35.3,48,48,48,48,48,48,48,48,48,35.8,48,48.1,47.9,48,47.9,48,48,48,48,35.7,48,48,47.9,48,48,48,35.9,35.7
0.00014,36,48,48,48,48,47.9,48,48.1,48,48.1,48,35.7,48,48,48,48,48,47.9,48,48,47.9,34.9,48,48,48,47.9,48.1,48,48,48,48,32.32,48,48.1,48,48,48,48,48,48,47.9,32.45,48,48,48,48,48,48,48,48,47.9,32.12,48,48,48,48,48,48,48,48,48,33.67,48,48,48,47.9,48,48,48,48,48,35.3,48,48,48,48,48,48.1,48,48,47.9,35.7,47.9,48,48,48,48,48,48,48,48,35.5,48,48,48,47.9,48,48,35.9,35.9
0.00014,36,48,48,48.1,48,48,48,48,48,48,48,35.7,48,48,47.9,48,48,48,48,48,48,35,47.9,48,48,48,48,48,48,48,48,32.28,48,48,48,47.9,48,48,48,48,48.1,32.4,47.9,48,48.1,48,48,48.1,48,48.1,48.1,32.06,47.9,48,48,48,48,48,48,48,48,33.76,48,48,48,48.1,48,47.9,48,48,48,35.4,48,48,48,48,48,48,48,48,48,35.7,48,48,48,48,47.9,48,48,48,48,35.5,48,47.9,48,48,48,48,35.9,36
0.000141,36,48.1,48,48,48,48,48.1,48,48,48,48,35.7,48,48,48,48,48,48,48,47.9,48,34.9,48,47.9,48,48,48,48,48,48,48,32.32,48,48,48,48,47.9,48,48,48,48,32.36,48,48,48,48,48,48,48,48,48,32.16,47.9,48,48,48.1,48,48,48,48,48,33.72,48,47.9,48,48,48,48,48,48,48,35.5,48,48,48,48,47.8,47.9,48,48,48,35.7,47.9,48,48,48,48,48,47.9,48,48,35.4,48,48,48,48,47.9,48,36,35.8
0.000141,36,48.1,48,48,48,48,48,48,48,48,48,35.7,48,48,48,48,48,48,48,47.8,48,34.9,48,47.9,48,48,47.9,48,47.9,48,48,32.32,48,48,48,47.9,48,48,48,48,48,32.36,48,48,48,48,48.1,48,47.9,48,48,32.06,48,48,48,47.9,48,48,48,48,47.9,33.57,48,48,48,48,48,48,48,48,47.9,35.6,48,48,48,48,48,48,48,48,48,35.6,48,48,48,48,48.1,48,48,47.9,48,35.4,48,48,48,47.9,48.1,47.9,36.1,35.7
0.000141,36.2,48,48,48,48,48,48,48,48,48,48,35.7,48,48,48,48,47.9,48,48,48,48,34.8,48,48,48,48,48.1,48,48,48,47.9,32.36,48,47.9,48,48,48,48,48,48,48,32.16,48,48,48,47.9,47.9,48,47.9,48,48,32.06,48,48,48,48,48,48,48,48,48,33.53,48.1,48,48,48.1,48,48,48,48,48,35.4,48,48,48,48,48,48,48,48,47.9,35.6,47.9,48,48,48,48,48,48,48,48,35.4,48,48.1,48,48,48,48,36,35.7
0.000141,36.2,48,48,48,48,48,48,48,47.9,48,48,35.6,47.9,47.9,48,48.1,48,48,47.9,48,48,34.8,47.9,48,48,47.9,48,48,48,48,48,32.55,48,48,48,48,48,48,48,48,48,32.16,48,48,48,48,48,47.9,48,48,48,32.1,48,48,48,48,48,48,48,48,48,33.33,48,47.9,48,48,48,48,48,48,48,35.5,48,48,48,48,48,48,48,48,48,35.7,48,47.9,47.9,47.9,48,48,48,48,48.1,35.6,48,47.9,48,48,47.9,48,35.8,35.6
0.000141,35.9,47.9,48,48.1,48,48,48,47.9,48,48,48,35.6,48,48,48,48,48,48,48,48,48,34.8,48,48,48,47.9,48,48,48,48,48,32.59,48,48.1,48,48,48,48,48,48,48,32.02,48,48,48,48,48,48,48,48,48,32.2,48,48,48,48,47.9,48,48,48,48,33.43,48,47.9,48,48,48,48,48,48,48,35.4,48,47.9,48,48,48,48,48,48,47.9,35.8,48,48.1,48,48,48,48,48,48,48,35.6,48,48,48,48,48,48,35.8,35.6
0.000142,36,48,48,48.1,48,48,48,48,48,47.9,48,35.6,48,48,48,48,48,48,48,48.1,48,34.7,48,48,48,48,48,48,48,48,48,32.79,48,48,48,48,48,48,48,48,48,32,48,47.9,48,48,48,48,48,48,48,32.2,48,48,48,48,48,48,48,48,48,33.53,48,48,47.9,48,47.9,48,48,48,48,35.3,48,47.9,48.1,48,48,48,48,48,48,35.9,48,48,48,48,48,48,48,48,47.9,35.5,48,48,47.9,48,48,48,35.7,35.6
0.000142,35.8,48.1,48,48.1,48,48,48,47.9,48,48,48,35.6,47.9,48,48,48,48,48,48.1,48,48,34.6,48,48,48,47.9,48.1,48,47.7,48,48,32.74,48,48,48.1,48,48,48,48,48,48,31.96,48,48,48,48,48,48,48,48,48,32.1,48,48,48,47.9,48,47.9,48,48,48,33.62,48,48,48,48,48,48,48,48,48,35.1,48,48,47.8,48,48,47.9,47.9,48,48,35.9,48,48,48,48,48,48,47.9,48,48,35.8,48,48,48,48,48,48,35.7,35.5
0.000142,35.7,48,48,48,47.9,48,48,48,48,48,48,35.5,48,48,48,48,48,48,48,48,48,34.6,47.9,48,47.9,48,48,48,48,48,47.9,32.64,48,48,48,48,48,48,48,48,48,32.1,47.8,48,48,48,48,48,48,48,48,32.16,48,48,48,48,48,48,48,48,48,33.8,48,48,48.1,48,48,48,47.9,48,48,35.1,48,48,48,48,48,48,48,47.9,48.1,35.9,48,48,48,47.9,48,48,48,48,48,35.9,48,48,48,47.9,48,48,35.7,35.5
0.000142,35.6,48,48.1,47.9,48,47.9,48,48,48,48,48,35.6,47.9,48,48,48,48,48,48.1,48,47.9,34.6,48,48,47.9,48,48,48,48,48.1,48,32.49,48.1,48,48.1,48.1,48,48.1,48,48,48,32.2,48,48,48,48,48,48,48.1,48,47.9,32.15,48,48,48,48,48,47.9,48,48,48,33.99,48,48,48,48,48,48,48,48,48,35.2,48,48,48,48,47.9,48,48,48,48,36,48,48,48,48,48,47.9,48,48,48,35.8,48,48,48,48,48,48,35.8,35.4
0.000142,35.7,48,48,47.9,48,48.1,48,48,48,47.9,48,35.7,47.9,48.1,48,48,48,47.9,48,48,48,34.9,48,48,48,48,47.9,48,48,48,48,32.45,48,48,48,48,48,48.1,48,48,48,32.2,48,48,48.1,47.9,48,48,48.1,48,48,32.25,48,48,48,48,48.1,48.1,48,48,48,34.09,48,47.9,48,48,48,48,48,48,48,35.2,48,48,47.9,48,48,48,48,48,48,35.9,48.1,48,48,48,48,48,48,48,48,35.8,48,48.1,48,48,48,48,35.7,35.5
0.000143,35.7,48,48,48,48,48.1,48,48,48.1,48,48,35.6,48,48,48,48,47.9,48,48,48,48,34.8,48,48,48,48,48,48,48,48,48,32.36,48,48,48,48,48,48,47.9,48,48,32.25,48,48,48,48,48,48,48,48,47.9,32.1,48,48,48,48,48,48,48,48,48,33.99,48,48,48,48,48,48,48,48,48,35.3,48,48,48,48,48,48,47.9,48,48,35.9,47.9,48,48,47.9,48,48,48,48,48,35.9,48,48,48,48,48,48,35.8,35.5
0.000143,35.6,48,48,48,48,48,47.9,47.9,47.9,48,47.9,35.6,48,48,48,48,48,48,48,48,48,34.9,47.9,48,48,48,48,48,48,48,48,32.32,48,48,48,48,47.9,48,47.9,48,48,32.2,48,48,48,48,48,48,48,48,48,32.06,48,48,48,48,48,47.9,48,48,48,33.75,47.9,48,48,48,48,48,48,48,48,35.3,48,47.9,48.1,47.9,47.9,48,48,48,48.1,35.8,48,48,48,48,48,48,47.9,48,48,36.1,48,48,48,48,48,48,35.8,35.5
0.000143,35.7,48,48,48,48,48,48,48,47.9,48,48.1,35.7,47.9,47.9,48,48,48.1,48,48,48,48,34.9,47.9,48,48.1,48,48.1,48,48,48,48,32.12,48,48,48,48,48,48,48,47.9,48,32.2,48,48,47.9,48,48.1,48,48,48,48,32.2,48,48,48,48,48,48,48,48,48,33.66,48,48,48,48,48,48,48,48,48,35.3,47.9,48,48,48,48,48,48.1,48,48,35.6,48,47.9,48,48,48,48,47.9,48,48,36,48,48,47.9,48,48.1,48,35.9,35.5
0.000143,35.8,48,48,48,48,48,48,48,48,48.1,48,35.7,48,48,48,48,48,47.9,47.8,48,48,34.9,48,48,48,48,48,48,48,48.1,48,32.32,48,48,48,48,48,48,48,48,48,32.16,48,48,48,48,48,48,48,48,48,32.2,48,48,48,48,48,48,48,48,48,33.33,47.9,48,48,48,48,47.9,48,47.9,48,35.5,47.9,48,47.9,48,48,47.9,48,48,48,35.5,48,48,48,48,47.9,48,48,48,48,36,48,48,48,48,47.9,48,35.9,35.5
0.000143,35.8,48,48,48,48,48.1,47.9,48,48.1,48,48,35.7,48,48,48,48,48,48,48,48,47.9,34.9,48,47.9,47.9,47.9,48,48,48,48,48,32.22,48,48,48,47.9,48,48,48,48,48,32.16,48,48,48,48,48,48,48,48,48,32.1,48,48,48.1,48,48,48.1,48,48,48,33.23,48,48,48,47.9,48,47.9,48,48,48,35.5,48,48,48,48,48,48,48,48,48,35.3,47.9,48,48,48,48,48,48,48,48,35.8,47.9,48,47.9,48,48,48,35.9,35.5
0.000144,35.8,48,48,48,48,48,48,48,48,48,48,35.8,48,47.9,48,48,48,48,48,48,47.9,35,48,48,48,48,48,48,48,48.1,48,32.26,48,48,48,48,48,48,48,48,48,32.2,47.8,48.1,48,48,48,48,48,48,48,32.2,47.9,48,48.1,48,48,48,47.9,48,48,33.24,48,48,48,47.9,48.1,48,48,48,48,35.5,48,48,47.9,48,48,48,48,48,48,35.5,48,48,48,48,48,48,48,48,47.9,35.7,48,48,48,47.9,48,48,35.9,35.5
0.000144,35.9,48,48,47.9,48,47.9,47.9,48,48,48,48,35.7,48,48,48,47.9,48,48,48,48,47.9,34.9,48,47.9,48.1,48,48,48,48,48,48,32.49,48.1,48,47.9,48,47.9,48,48,48,48,32.2,48,47.9,48,48,48,47.9,48,47.9,48,32.25,47.9,48,48,48,48,48,48,48,48,33.33,48,48,48,48,48,47.9,47.9,48,48,35.3,48,48,48,48,48,47.9,48.1,48,48,35.5,48,48,48,48,47.9,48,47.9,48,48,35.7,48,48,47.9,48,48,47.9,35.8,35.5
0.000144,35.9,48,48,48,48,48,48,48,48,48,47.9,35.5,48,48,48,48,48,48,48,48,48,34.8,48,48,48,48,48,48,48,48,48,32.54,48.1,48,48,47.9,48,48,48,48,48,32.16,48,48,48,48,48,48,48,48,48,32.16,48,47.9,48,48,47.9,48,48,48,48,33.62,48,47.9,48,48,48,48,48,48,48,35.3,48,48,48,48,47.9,47.9,48,48,48,35.5,48,48,48,47.9,48,48,48,48,48,35.7,48,48,48,48,48,48,35.9,35.5
0.000144,35.9,48,48,48,48,47.9,48,47.9,48,48,48,35.3,47.9,48,48,48,48,48,48,48,48,34.9,48,48,48,48,47.9,48,48,47.9,48.1,32.64,48,48,48,48,48,48,48,48,48,32.2,48,48,48,48,48.1,48,48,48,48,32.2,48,48,47.9,48,48,47.9,48,47.9,48,33.75,48,48,48,47.9,47.9,48,48,48,48,35.3,48.1,48,48,47.9,48,48,48,48,48,35.7,48,48,48,48,48,48,48,48,48,35.7,48,48,47.9,48,47.9,48,35.8,35.6
0.000144,35.8,47.9,48,48,48,48,48,48,47.9,48,48,35.3,48,48,48.1,48,48,48,48,48,48,34.8,48,48,48,47.9,48,47.9,48,48,48,32.54,48,48,48,48,48,48,48,48,48,32.2,48,48,48,48,48,48,47.9,48,48,32.16,48,47.9,48,48,48,48,48,48,48,33.9,48,48,48,48,48,48,48,47.9,48,35.4,48,48,48,48,48,48,48,48,47.9,35.8,48,48,48,48,48,48,48,48,48,35.8,48,48,47.9,48,48,48,35.8,35.7
0.000145,35.7,47.9,48,48,48,48,48,48,48,48,48,35.2,48,48,48,48,48,48,48,48,48,34.8,47.9,48,48,48,47.9,48,47.9,48,48,32.74,48,48,48,48,48,48,48,48,48,32.2,47.8,47.9,48,48,48,48,48,48,48,32.2,48,48,48,48,48,48,48,48,48,34.1,48,48,48,47.9,48,48,48,47.9,48,35.3,48,48,48,48,48,48,48,48,48,35.9,48,48,47.9,48,48,48,48,48,48,35.9,48,48,48,48,48,48,35.8,35.7
0.000145,35.5,48,48,48,48,48,48,48,48,48,47.9,35.3,48,48,47.9,48,48,47.9,48,48,48,34.7,48,47.9,48,48,48,48,48,48,48,32.58,48.1,48,48,48,48,48,48,48,47.9,32.1,48,48,48,48,48,48,48,48,48,32.2,47.9,48,47.9,48,48,47.9,48,48,48,34,48,47.9,47.9,48,48,48,48,48,48,35.3,48,48,48,48,48,48,48,47.9,48,35.9,47.9,48,48,48,48,48,48,48,48,35.9,48,48,48,48,48,47.9,35.8,36
0.000145,35.6,48,48,47.9,48,48,48,48.1,48,48,48,35.4,48,48,48,48.1,48,48,48,47.9,48,34.8,48,48,48,48,48,48,48,48,48,32.49,48,48,48.1,48,47.9,48,47.9,48,48,32.16,48,48,48,48,48,47.9,48,48,47.9,32.06,48,48,48,48,48,48,48,48,48,33.9,48,48,48,48,47.9,48.1,48,48,48,35.2,48,48,48,48,48,48,48,48,47.9,35.9,47.9,48,48,48,48,48,48,48,48,35.9,48,48,48,47.9,48,48.1,35.8,36
0.000145,35.6,48,47.9,48,48,48,48,47.9,48,48,48,35.5,48,48,48,48,48,48.1,48,47.9,48,34.6,48,48.1,48,48.1,48,48,48,48,48,32.49,48,48,48,48,48.1,48,48.1,48,47.9,32.2,48,48,48,48,48,48,48,48,48,32.2,48,48,48.1,48,48,48,48,48,48,33.7,48,48,47.9,48,48,48,48,47.9,48,35.3,47.9,48,48,48,48,48,48,48,48,35.8,48,48,48,48,48,48,48,47.9,48,36,48,48,48,48,48.1,48,35.8,35.9
0.000145,35.7,48,48,48,48,48,48,47.9,48,48,48,35.4,48,48,48,48,48,47.9,48,48,48,34.7,48,48,48,48,48,48,47.9,48,48,32.49,47.9,48,48,48,48,48,48,48,48,32.2,48,48,47.8,48,48,48,48,48,48,32.2,48,48,48.1,48,48,48,48,48,48,33.42,48,48,47.9,48,48,48,48,47.9,48,35.3,48,48,48,48,48,48,48,48,47.9,35.8,48,48,48,48,48,48,47.9,48,48,35.9,48,48,48,48,47.9,48,36,36
0.000146,35.8,48,48,48,47.9,48,48,48,48,48,48,35.6,48,48,48,47.8,48,48,48,48,48,34.8,48,48,48,48,48,48,48,48,48,32.45,48,47.9,48,48,48,48,47.8,47.9,48,32.25,48,48,48,47.9,48,48,47.9,48,48,32.2,48,48,48,48,48,48,48,48,48,33.33,48,48,47.9,48,48,48,48,48,48,35.3,48,48,48,48,48,47.9,48,48.1,47.9,35.7,48,48,48,47.9,48,48,48,47.9,48,35.8,47.9,48,48,48,48,47.8,35.8,35.8
0.000146,35.9,48,48,48,48,48,48,47.9,48,48,48,35.6,47.9,48,48,48,48,48,48,47.9,48,34.8,48,48,47.9,48,48,48,48,48,48,32.49,48,48,47.9,48,48,48,48,48,48,32.2,48,47.9,48,48,48,48,47.9,48,48,32.15,48,48,48,48,48,48,48,48,48,33.27,48,48,48,48,48,48,48,48,48,35.3,47.9,48,48,48,47.9,48,48,47.9,48,35.5,48,48,48,48,48.1,48,48,47.9,48,35.8,48,48,48,48,48,48,35.9,35.6
0.000146,36.1,48,48,47.9,48,48,48,47.9,48,48,48,35.6,48,47.9,48,48.1,48,48,48,47.9,47.9,34.8,48,48,48,48,48,48,48,47.9,48,32.54,48,47.9,48,48,48.1,48,48,48,48,32.2,48,48,47.9,48,47.9,48,48,47.9,48,32.2,48,48,48,48,48,48,48.1,48.1,48,33.23,48,48,48,48,48,48,47.9,48,48,35.3,47.9,47.9,48,48,48,47.9,48,48,48,35.5,47.9,47.9,48,47.9,48,48,48,48,48,35.9,48,48,48,47.9,48,47.9,35.9,35.5
0.000146,36.2,48,48,48,48,48,48,48,48,48,48.1,35.6,47.9,48,48,47.9,48,47.9,48,48,48,34.9,48,48,48,48,48,48,48,48,48,32.54,48,48,48,47.9,48,48,48.1,48,47.9,32.16,48,48,48,48,48.1,48,48,48,48,32.2,48,47.9,48,48,47.9,48,48,48.1,48,33.42,48,48,48,48,48,48,48,48,48,35.3,48,48,48,48,48.1,48,47.9,48,48,35.5,47.9,48,48,48,48,48,47.9,48,47.9,35.9,47.9,48,48,48,48,48,35.9,35.5
0.000146,36.1,48,48,48,48,48,48,47.9,48,48,48.1,35.7,48,48,48,48,48,48,48,48,48,34.8,48,48,47.9,48,48,47.9,48,48.1,48,32.58,47.9,48,48,47.9,48,48,48,47.9,48,32.06,48,48,48,48,48,47.9,48,48,47.9,32.1,47.9,48,47.9,48,48,48,47.9,48,48,33.56,48,48,48,47.9,48,48,48,48,48,35.5,48,48,48,48,48,48,48,48,48,35.5,47.9,48,48,48,48,48,48,48,48,35.9,48,47.9,47.9,47.9,47.9,48,35.8,35.5
0.000147,36.1,48,48,48,48,48.2,48,47.9,48,47.9,48.1,35.8,48,48,48,48,48,48,48,48,48,34.8,48,48,48,47.9,47.9,48,47.9,48,48,32.58,48,48,48,48,48,48,48,48.1,48,32.1,48,48,47.9,48,48,48,48,48,48.1,32.05,47.9,48,48,48,48,48,47.9,48,48,33.65,48,48,48,48,48,48,48,48,48,35.4,48,48,48,48,47.9,48,48,48,48,35.5,48,47.9,48,47.9,48,48,48,48,48,35.9,48,48,48,47.9,48,48,35.8,35.6
0.000147,36.1,48,48,48,48,48,47.9,48,48,48,48,35.9,48.1,47.9,47.9,48,48,48,47.9,48,47.9,34.8,48,47.9,48,47.9,48,48,48,48,48,32.72,48,47.9,47.9,47.9,48,48,48,48,48,32.1,48,48,47.9,48,48,48,48,48,48,32.06,48,48,48,48,48,48,48,48,47.9,33.8,48,48,47.9,48,48,48,48,48,48,35.5,48,47.9,47.9,48,47.9,48,48,48,48,35.5,48,47.9,48,47.9,48,47.9,47.9,48,48,35.8,48,48.1,47.9,48,48,48,35.8,35.8
0.000147,35.9,48,48,48,48,48,48,48,48,48,47.9,35.9,48,48,48,48,47.9,48,48,48,48,34.8,48,48,48.1,48.1,48,48,48,48,48,32.67,48,47.9,48,48,48,48,48,48,48,32.1,47.9,48,47.9,48,48,48,48,48,48,32.25,47.8,48,48,48,48,48,48,48,48,33.9,48,48,48,48,48,48,48,48,48.1,35.3,48,48,48,48,48,48,48,48,48,35.8,48,47.9,47.9,47.9,48,47.9,48,48,48,35.8,48,47.9,48,48.1,48,48,35.8,35.8
0.000147,36.2,48,48,48,47.9,48,48,47.9,47.9,48,48,35.8,48,47.9,48,48,48,48,48,47.9,48,34.9,48,48,48,48,47.9,47.8,48,48,48,32.62,48.1,48,48,48,48,48,48,48,48,32.25,48,48.1,48,48,48,48,48,48,48,32,48,48,48,47.9,48,47.9,48,48.1,48,34,48,47.9,48.1,48,47.9,48,48,48,48,35.3,48,47.9,48,48,48,48,48,48,48,35.7,48,48,48,48,48.1,48,48,48,48,35.8,47.8,48,47.9,47.9,48,48,35.8,35.9
0.000147,36,48,48,48,48.1,48,48,48,48,48,47.9,35.8,48,48,47.9,48,47.9,48,48,48,48,34.9,47.9,48,48,48,47.9,48,48,48,48,32.77,48,48,48,48,48,48,48,47.9,48,32.25,47.9,48,48,47.9,48,48,47.9,47.9,48,32.1,48.1,48,48,47.9,47.9,48,48,48,48,33.8,48.1,47.9,47.9,48,47.9,48,48,48,48,35.3,48,48,48,48,48,48,47.9,48,47.9,35.8,48,48,48,48,48,48,48,48,47.9,35.7,48,48,48,48,48,48,35.7,36
0.000148,35.8,48,48.1,48,48,48,48,48,47.9,47.8,47.9,35.6,47.9,47.9,48,48,47.9,48,48,48,48,34.7,48,48.1,48,48,48,47.9,48,48,48,32.67,48,48,48,48.1,48,48,48,48,48,32.2,48,48,48,47.9,48,48,48,48,48,32.1,47.9,48,48,48,48,48,48,48,48,33.9,48,48.1,48,48.1,48,47.9,47.9,48.1,47.9,35.3,48,48,48,48,48,48,48,48,48,35.8,48,48,48,48,48,47.9,48,48,48,35.7,48,47.9,48,48,48,48,35.7,36
0.000148,35.7,48,48,48,48,48,48,48,48,47.9,48,35.6,48,48,48,48,48,48,48,48,48.2,34.9,48,48,48,48,48,48,47.9,47.9,48,32.67,48,48,47.9,48,48,48,48,48,48,32.16,47.9,48,48,47.9,47.9,48,48,48,48,32.1,47.9,48.1,48.1,48,48,47.9,48,48,48,33.75,48,48,48,48,48,47.9,48,48,48,35.3,47.9,48,48,48,47.9,48,48,48,47.9,35.9,48,48,48,48,48,48,48,48,48,35.4,47.9,48,48,48,48,48,35.6,36.1
0.000148,35.7,48,48,48,48,47.9,48,48,48,48,48,35.5,48,48,48,48,48,48,48,48,47.8,34.7,47.9,48,48,48,48,48,48,48,48,32.62,48,48,47.9,48,48,47.9,48,48.1,48,32.1,48,48,48,48,48,48,48,47.9,48,32.05,47.9,48.1,48,48,48,48,48,48,47.9,33.75,48,48,48,48,47.9,48,48,48,48,35.3,48,48,48,48,47.9,47.9,48,48,48,35.9,48,48,48,48,48,48,48,48,48,35.3,48,48,47.9,48,48,48,35.7,35.8
0.000148,35.6,48,48,47.8,48.1,48,48,48,48,48,48,35.3,48,48,48,47.9,48,47.8,48,48,48,34.7,48,48,48,48,48,48,48,48,48,32.67,48,47.9,48,48,47.9,48,47.9,48,47.9,32.1,48,48,48,48,48,48,48,48,48,32.2,48,48,48,48,48,48,47.9,48,48,33.65,48,47.9,48,48,47.9,48,47.9,48,48,35.2,48,48,48,47.9,48,48,48,48,47.9,35.8,48,48,48,48,48,48,48,48,48,35.4,48,48,48,48,48,48,35.8,35.9
0.000148,35.7,48,48,48,48,48,48,48,48,48,48,35.2,48.1,48,48,47.9,48,48,47.9,48,48,34.8,48,48,48,48,48,48.1,48,48,48,32.62,48,47.9,48,48,48,48,47.9,48,48,32.1,48,47.9,48,48,48,48,48,48,48,32.2,47.9,48,48,48,47.9,48,47.9,48,48,33.5,48,48,48,48,48,48,48,48,47.9,35.1,48.1,48,47.9,48,48,48,48,48,48,35.8,48,48,48,48,48,48,48,48,48,35.4,48,48,48,48,48,48,35.9,35.9
0.000149,35.7,48,48,48,48,47.9,48,48,48,48,47.9,35.4,48,48,48,48.1,48,47.8,48,48,48,34.9,48,48,48,48,48,48,48,48,48,32.67,48,48,47.9,48,48,48,48,48,48,32.15,48,48,48,48,47.9,48,47.9,48,48,32.29,47.9,48,48,47.8,48,48,47.9,48,48,33.6,48,47.9,48,47.9,48,47.9,48.1,48,48,35.2,48.1,47.9,48,48,47.9,48,48,48,48,35.9,48,48,48.1,48,48,48,48,47.9,48,35.7,48,48.1,48,48,48,48,35.9,35.9
0.000149,35.7,48,48,48,48,48,48,48,48,48,48,35.5,47.9,48,48,48,48,48,48,47.9,48,34.8,48,48,48.1,48,48,48,48,48,48.1,32.71,48,48,48,47.9,48,48,48,47.9,47.9,32.1,48,48,48,48,48,48,48,48.1,48,32.19,48,48,48,48,48,47.9,48,48,48,33.65,48,48,48,48,48,48,48,48,47.8,35.3,47.9,48,47.9,47.9,47.9,47.9,48,48,48,35.6,48,47.9,47.9,47.9,47.9,48,47.9,48,48,36,48,48,48,47.9,48,48,35.9,36
0.000149,35.6,48,48,48,48,48,48.1,48,47.9,48,48,35.6,48,48,48,48,48,48,48,48,48,34.9,48,48,48,48,47.9,48,48,48.1,48,32.85,48,48,48,47.9,48,48.1,48.1,48,48,32.15,48,48,48,47.9,48,48,48,48,48,32.29,48,48,48,48,47.9,48,48,48,48.1,33.65,48,48,48,48,48,48,48,48,48,35.3,48,48,48,48,48.1,48,48,48,48,35.7,48,48,48,48,48,48,48,48,48.1,36.1,48,48,48,48,48,48,35.8,36.1
0.000149,35.7,48,48,48,47.9,48,48,48,48,48,47.9,35.7,48,48,48,48,48,48,48,47.9,48,34.8,48,48,48,48,48,48,48,48,48.1,32.71,48,48,48,47.7,48,48,48,48,48.1,32.15,48,48.1,48,48,48,48,48,47.9,48,32.25,48,47.9,48,47.9,48,48,48,48,48,33.69,47.9,48,47.9,48,48,48,48,47.9,48,35.4,48,48,47.9,48.1,48,47.9,48,48,48,35.5,48,48,48,48,48,48,48,48,48,36.2,48,47.9,48,48,48,47.9,35.9,36
0.000149,35.8,48,48,48,48,48,48,48,48,48,48,35.8,48,48,47.9,48,48,47.9,48,48,47.9,34.7,47.9,47.9,48,48,48,48,48,48.1,48,32.85,48,47.9,48,48,48,48,48.1,48,47.9,32.1,48,47.9,48,48.1,48,48,48.1,48,47.9,32.25,48,48.1,48,47.9,48,48,48,48,48.1,33.69,48,48,48,48,47.9,48,48,48,47.9,35.6,48,48,47.9,48,47.9,47.9,47.9,48,48,35.8,48,48,48,47.9,48,47.9,48,48,48,36.2,47.8,48,47.9,48,48,48,35.8,36.2
0.00015,35.9,48,47.9,48,48,47.9,48,48,47.9,48,48,35.9,48,47.9,48,48,48,47.9,48,48,48,34.6,48,47.9,48,48,48,48,48,48,48.1,32.81,48,48,48,48,48,48,47.9,48,48,32.1,48,48,48,48,48,48,47.9,48,47.9,32.25,48,48,48,48,48,48,47.9,48,47.9,33.8,48,48,48,48,48,48,48,48,48,35.6,48,48,48,48,48,48,48,48,48,35.5,48,48,48.1,48,48,48.1,48,48,47.9,36.2,48,48,47.9,48,48,48,35.6,36
0.00015,36,48,48,47.9,48,48,48,48,48,48,48,35.8,48,48.1,48,48,48,47.9,48,48,48,34.6,48,47.9,48,48,48,48,48,48,48,32.75,48,48,48,48,48,48,48,48,48,32.06,48,47.9,48,48,48,48,48,48,48,32.25,48,47.9,48.1,47.9,48,48,48,48,48,33.8,48,48,47.9,48,48,48,47.9,48,48,35.8,48,48,48,48,48,48,47.9,48,48,35.7,48,48,48,47.9,48,48,48,48,48,36,48,48,48,48,47.9,48,35.6,35.8
0.00015,35.8,48,48,48,48,48,48,48,47.9,48,48,35.8,47.9,48,48,48,48,48,48,48,48,34.6,48,48,47.9,48,48,47.9,48,48,47.9,32.67,48,48,48,48,48,48,48,47.9,48,32.06,48,48,48,48,48,48,48,48.1,48,32.2,47.9,48,48,48,48,48,47.9,47.9,47.9,33.9,48,48,48,48,48,47.9,48,48,47.9,35.7,48,48,48,47.9,48,48,48,48,48,35.6,48,48,48,48,48,48,48,48,47.9,36,48,48,48,48,48,48,35.6,35.7
0.00015,35.9,48,48,47.9,48,48,48,48,48,48,48,35.6,47.9,48,48,48,48,48,48,47.9,48,34.6,48,48,48,48,47.8,47.9,48,48,47.9,32.67,48,48,48,47.9,47.9,48,48,48,48,32.2,48,48,48,48,48,48,48,48,48,32.1,48,47.9,48,48,48,48,48,47.9,47.9,33.9,48.1,47.9,48,47.9,48,48,48,47.9,48.1,35.5,48,48,47.9,48.1,48,48,48,48,48,35.7,48,47.9,48,48.1,48,48,48,47.9,48,35.8,48,48,48,48,48,48,35.7,35.6
0.00015,36,48,47.9,48,48,48,48,48,48,47.9,48,35.6,47.9,47.9,48,48,48,48,48,48,48,34.9,48,48,48,47.9,48,48,48,48.1,48,32.57,48,48,48,48,48,48,47.9,47.9,48,32.1,48,48,48,48,48,48,48,48,48,32.1,47.9,48.1,48,48,48,48,48,48,48,34.1,48,48,48,48,47.9,48,48,48,48,35.4,48,47.9,48,48,48,47.9,48,48,47.9,35.5,47.9,48,48,48,48,48,48,48,48,35.8,48,48,48,47.9,48,48,35.8,35.7
0.000151,35.9,48,48,48,48,48,48,48,48,48,48,35.5,48,48,48,47.9,48.1,48,48,48,48,35,47.9,48,47.9,48,48,48,48,48,48,32.52,47.8,48,48,48,48,47.9,48,48,47.9,32.25,47.9,47.9,48,48,48,48,48,48,48,32,48,48,48,48,48,48,47.9,48,48,33.9,47.9,48,48,48,48,48,47.9,48,48,35.3,48,48.1,48,47.9,47.9,47.9,47.9,48,48,35.6,47.9,48,48,48,48,48,48,48,48,35.7,48,48,47.9,48,48,48,35.9,35.5
0.000151,35.9,48,48,48.1,48,48,48,48,48,48,47.9,35.5,48,48,47.9,48,47.9,48,48,47.9,48,35.1,48,48,48,48,48,48,47.8,48,48,32.65,48,48,48,48,48,48.1,48,48,48,32.1,48,48,48,48,47.9,47.9,48,48.1,48,32,48,48,48,48,48,48,48,48,48,33.9,48,48,48,48,48,48,48,48,48,35.1,48,48,47.9,48,48,48,48,48,48,35.5,48,48,48,48,47.9,47.9,48,48,48,35.8,48.1,48,48,48.1,48,48,35.9,35.7
0.000151,35.8,48,48,48,48,48,48,48,47.9,48,48,35.5,48,48,48,48,48,48,48,48,48,35.1,48,48,48,48,48,48,47.9,48,47.9,32.65,48,48,48,47.9,48,47.9,47.9,47.9,48,32.2,48,48,48,48,47.9,48.1,48,48,48,32.05,47.9,48,48,48,47.9,48,48.1,48,47.9,33.9,48,48,48,47.9,48,48,48,48,48,35.1,48,47.9,48,48,48,48,48,48,48,35.6,48,47.9,47.9,48,47.9,48,48,48,48,35.8,47.9,48,47.9,48,48,48,36,35.7
0.000151,35.8,48,48,48,48,48,48,48,48,48,48,35.6,48,48,48,47.9,48,48,47.9,47.9,47.9,35.1,48,47.9,47.9,48,48,48,48,48,47.9,32.8,48,48,48,47.9,48,48,48,47.9,48.1,32.2,48,48,48,48,48,48,47.9,48,48,32.15,48,47.9,48,47.9,48,48,47.9,48,48,33.8,48,48,48,48,47.9,48,47.9,48,48.1,35.1,48,48,48,48,48,48,47.9,48,48,35.8,48,48,48,48,48,48,47.9,47.9,47.9,35.8,48,48,47.9,48,48,48,35.9,35.9
0.000151,35.8,47.9,48,47.9,48,48,48.1,47.9,48,48,47.9,35.6,47.9,48,48,48,48,48,48,47.9,48,35.1,48,48,48,48,48,48,48,48,48,32.8,48,48,48,47.9,48,48,48,47.9,48,32.2,48,48,47.9,48.1,47.9,48,47.9,48,48,32.05,48,47.9,48,48,47.9,48,48,48,48,33.69,47.9,47.9,48,47.9,48,48,48.1,48,48,35.1,48,48,47.9,48,47.9,48,48,48,47.9,35.9,48,48,47.8,48,48,48,48,48.1,48,35.8,48,47.9,48,48,48,48,35.9,36.1
0.000152,35.8,48,48,48,48,47.9,48,48,48,48,47.9,35.7,48.1,48,48.1,48,48,48,47.9,48,48,35,48,48,48,47.9,47.9,48,48,48,48,32.94,48,47.9,48,47.9,47.9,48,48,47.9,48,32.2,48,47.9,48,48,48,48,48,48,48,32.33,47.9,48,47.9,48,48,48,48,47.9,48,33.7,48,47.9,48,48,48.1,48,48,48,48,35.3,47.9,48,48,48,48,48,48,48,48,35.9,47.9,48,47.9,48,48,48,48,48,48,36,48,48,48.1,48,48,47.9,35.8,36.1
0.000152,35.8,47.9,48,48,48,48,48,48,47.9,48,48,35.7,48,48,48,47.9,48,48,48,47.9,48,35,48,48,47.9,48,48,47.9,48,48,48,32.98,48,48,47.9,48,48,48,48,48,48,32.25,48,48,48,48,48,47.9,48,48,48,32.29,47.9,47.9,48,47.9,48,47.9,48,48,47.9,33.7,48,48,48,47.9,48,47.9,48,47.9,48,35.4,48,48,48,47.9,48,48,48,48,48,35.9,47.9,48,48,48,48,48,47.8,48,48,35.9,47.9,48,48,48,48,48,35.6,36
0.000152,35.9,47.9,47.9,48,48,48,48,48,48,48,47.9,35.6,48,48,48,47.9,48,48,48,48,48,34.8,48,48,48,48,48,48,48,48,48,32.88,48,48,48,48,48,48,47.9,48,48,32.25,48,48,48,48,48,48,48,48,48,32.33,47.9,48,48,48,47.9,48,48,47.9,48,33.8,47.9,48,47.9,47.9,47.9,48,48,48,48,35.4,48,48,48,47.9,47.9,47.9,47.9,48,47.9,36,48,48,47.9,48,48,48,48,47.9,47.9,36.2,48,48,48,48,48,48,35.5,35.9
0.000152,35.9,48,48,48,48,48.1,47.9,48,48,48,48,35.7,48,48,48,48,48,47.9,48,48,48,34.7,48,48,48,48.1,48,48,48,48,48,32.98,48,48,48,47.9,47.9,48,47.9,48,48,32.45,48,48.1,48,48,48,48,48,48,48,32.33,48,48,48,48,47.9,48.1,48,48,48,33.8,48,48,48,48,48,48,48,48,48,35.4,48,48,48,48,48,48,48,48,48,35.9,48,48,48,48,48,48,48,48,48,36.2,48,48,48,48,48,48,35.6,35.7
0.000152,36,48,48,48,48,48,48,47.9,47.9,48,48,35.6,48,48,48,48,48,48,48,48,48,34.8,48,48,48,48,48,48,48,48,48,32.98,48,48,48,48,48,48,48,48,47.9,32.2,48,48,48,48,48,48,48,48,47.9,32.29,48,48,48,48,48,48,48,47.8,47.8,33.9,48,48,48,48,48,48,48,47.9,47.9,35.5,48,48,48,47.9,48,48,48,48,48,35.9,47.9,48.1,48,48,48,48,47.9,48,48,36.2,48,48,48,48,47.9,47.9,35.7,35.7
0.000153,36,48,48,47.9,47.9,48,48,47.9,48,48,48,35.7,48,48,48,48,48,48,48,48,48,34.7,48,48,48,47.9,48,47.9,48,48,47.9,32.84,48,48,47.9,48,48,48.1,48,48,47.9,32.2,47.9,48,47.9,48,48,47.8,48,48,48,32.23,48,48,48,48,48,48,48,47.9,47.9,33.9,48,48,48,48,48,48,48,48,48,35.7,48,48,48,48,48,48,47.9,48,48,35.8,47.9,48,48,48,47.9,48,48,48,47.9,36.2,48,48,48,48,48,48,35.9,35.6
0.000153,36,48,48,47.9,48,48,48,48,48,48,48,35.5,48,48,48,48,48,48,48,48,48,34.8,48,47.9,48,47.9,48,48,48,48,48,32.84,48,48,48,48,48,48,48,48,47.9,32.1,47.9,48,48,47.9,48,48,47.9,48,48,32.15,48,48,48,48,48,48,48,48,48,34,48.1,48,48,48,48,48,48,48,47.9,35.6,48,48,48,47.8,48,48,48,47.9,48,35.7,48,48,48,47.9,48,48,47.9,47.9,48,36.2,48,48,48,48,47.9,48,35.8,35.5
0.000153,36,48,48,48,48,48,48,47.9,47.9,47.9,48,35.6,48,48,48,48,48,48,48,48,48,35,48,47.9,48,48,48,48,48,48,48,32.84,48,48,48,48,48,48,48,48,48,32,48,48,47.8,48,48,48,48,48,48,32.05,48,48,47.9,48,48,48,48,48,48,34.1,48,48,48,48,48,48,48,47.8,48,35.5,48,47.9,48,48,48,48,48.1,48,48,35.5,48,48,48,48,48,48,48,48,47.9,35.9,48,48,47.9,48,48,48,35.9,35.5
0.000153,35.9,47.9,48,47.9,48,48,48,48,48,48,48,35.6,47.9,48,48,48,48,48,48,48,48,35.1,48,47.9,48,48,47.9,47.9,48,48,48,32.7,48,48,48,48,48,48,48,47.9,48,32,48,47.9,48,48,48,48,48.1,48,48,32,48,48,48,48,48,48,48,48,48,34,48,48,48,48,48,48,48,48,48,35.4,48,47.9,48,48,48,47.9,48,48,48,35.5,48,48,48,48,48,47.9,48,48,48,35.7,48,48,48,48,48,47.9,35.9,35.5
0.000153,35.9,48,48,48,48,48,48,47.9,48,48,48,35.7,48,48,48,48,48,48,48,48,48,35.1,48,48,48,48,48,48.1,48,47.9,48,32.75,48,48,48,48,48.1,48,47.9,48,48,31.96,48,48,48,47.9,48,48,48,47.8,48,32,48,48,48,47.9,48,48,48,48,48,33.8,48,47.9,48,48,47.9,48,48,48,48,35.3,48,48,48,48,48,48,48,48,48,35.5,48,48,48,48,48,47.9,48,48,48,35.6,47.9,47.9,48,47.9,48,48,35.9,35.7
0.000154,36,47.9,48,48,48,48,48,48,48,48,48,35.7,47.8,48,48,48,48,48,48,48,47.9,35.1,47.9,48,48,48,48,48,47.9,48,48,32.84,47.9,48,48,48,48,48,48,48,48,32.05,48,48,48,47.9,48.1,48,48,48,47.9,32.05,47.9,48,48,48,48,48,48,48,47.9,33.8,48,47.8,48,47.9,48,48,48,48,48,35.3,48,48,48,48,48,48.1,48,48,48,35.5,48,48,48,48,47.9,48,48,48,47.9,35.3,48,48,48,48,48,48,35.8,35.7
0.000154,35.9,48,48,48,48,48,47.9,48,48,48,48,35.7,48,48,48,48,48,48,48,48,47.9,35.1,48,48,48,48,48,48,48,48,48,32.74,48,48,48,48,48,48,48,48,48,32,48,48,48,48,48,48,48,48.1,47.9,32.19,48,48,48,47.9,48,48,48,48,48,33.8,48.1,47.8,48,48,48,48,48,48.1,48,35.3,48,47.9,48,48,48,47.9,47.9,48,48,35.8,48,48,48,48,48,48.1,48,48,48,35.4,48,48,48,47.9,48,47.9,35.8,35.7
0.000154,36.1,48,48,48,48,48,47.9,48,48,48,48,35.8,48,47.9,48,47.9,48,48,48,48,48,35.1,47.8,48,48,47.9,48,48,48,48,47.9,32.84,48,47.9,48,48,48,48,48,48,48,32,48,48,48,47.9,47.9,48,48,48,48,32.09,48,48,48,48,48,47.8,48,47.9,48,33.7,48,47.9,48,48,48,48,47.9,48.1,48,35.3,48,48,48,48,48,48,47.9,48,48,35.9,48,48,48,48,48,47.9,48,48,48,35.4,48,48,48,47.9,48,47.9,35.8,35.7
0.000154,35.9,48,48,48,48,48,48,48,48,47.9,48.1,35.6,48,48,48,48,48,48,48,48,48,35.1,47.9,48,47.9,48,48,48,48,47.9,48,32.88,48,48,48,48,48,47.9,48,48,47.9,32,48,47.9,48,48,48,48,47.9,47.9,48,32.05,48,47.9,48,47.9,47.9,47.9,48,48,48.1,33.8,48,48,48,47.9,48.1,48,48,48,48,35.3,48,47.9,48,48,48,47.9,48,48,47.9,35.9,47.9,48,48,48,48,48,48,47.9,47.8,35.5,48,48,48,48,47.9,48,35.9,35.7
0.000154,35.9,48,48,48,48,48,48,48,47.9,48,48,35.7,48,47.9,48,48,48,48,47.9,48,48,35,48,48,47.9,48,48,48,48,47.9,47.9,33.02,47.8,48,48,48,48,48,48,48,48,32,48,47.9,47.9,47.9,48,48,48,48,47.9,32.19,48,48,48,48,48.1,47.9,47.9,48,48,33.8,48,48,48,47.8,48,48,48,48,48,35.2,48,48,48,47.8,48,48,48,47.9,48,35.9,48,48,47.9,48,48,48,48,48,48,35.8,48,48,48,48,47.9,48,35.8,35.7
0.000155,35.8,47.9,48,47.9,48,48,47.9,48,48,48,48,35.6,48,48.1,48,48,48,48,48,48,48,34.9,48,48,48,47.9,48,48,48,48,48,32.92,48,48,48,48,48,48,48,48,48,32.1,48,48,48,48,48,47.9,48,48,48,32.19,48,48,48,48,48,48,48,48,48,33.8,48,48,48,47.8,48,47.9,48,47.9,47.9,35.3,48,48,48,48,48,48,48,48,48,35.9,48,48,48,48,47.9,48,48,48,48,35.8,47.9,48,48,48,48,48,35.8,35.8
0.000155,35.7,47.9,48,48,47.9,48,48,48,47.9,48,48,35.3,48,47.9,48,48,48,47.9,48,48,48,34.8,48,48,47.9,48,48,48,47.9,48,48,32.92,48,48,48,48,48,48,48,48,48,32.19,48,48,48,48,47.9,48,48,48,47.9,32.23,48,47.9,48,48,48,48,48,48.1,48,33.9,48,48,48,47.9,48,48,48,48,48,35.4,48,48,48,48,48,48,48,48,48,35.9,48,48,47.9,48.1,48,48,48,48,48,36,48,48,47.9,48,48,48,35.7,35.7
0.000155,35.7,47.9,48,47.9,48,48,47.9,48,48,48,48,35.3,48,48,48,48,48,47.9,48,48,48,34.7,48,47.9,48,47.9,47.9,48,47.9,48,47.9,32.97,48,47.9,47.9,48,48,48,48,48,47.8,32.05,48,47.9,48,48,48,48,48,48,48,32.33,48,48,48,48.1,48,47.9,48,48,48,34,47.9,48,48,48,48.1,48,48,48,48,35.4,47.9,48,48,47.9,47.9,47.9,48,48,48,35.9,48,48,48,48,48,48,47.8,48,47.9,36.2,48,48,48,48,47.9,48,35.6,35.7
0.000155,35.7,48,48,48,48,48,48,47.9,47.9,47.9,48,35.4,47.9,48,48,48,48,48,47.8,48,48,34.8,48,48,48,48,48,47.9,48,48,48,33.01,48,48,47.9,48,48,48,47.9,48,48,32,48,47.9,47.9,48,48,48,48,48,48,32.33,47.9,48,47.8,48,48,48,48,48,48,34.1,48,48,48,48,48,48,48,47.9,48,35.4,47.9,48,48,47.8,48.1,47.9,47.9,48,48.1,35.8,47.9,48,48,47.8,48,47.9,48,48,48,36.3,48,48,48,48,47.9,48,35.7,35.7
0.000155,35.7,48,48,48,48,48,48,48,48,48,48,35.5,48,48,48,48,47.9,48,48,48,48,35,48,48,48,48,47.9,47.9,48,48,48,32.92,48,48,47.9,48,47.8,47.9,48,48,48,32.05,48,48,48,48,48,48,48,48,47.9,32.23,48,48,48,48,48,48,48,48,48,34.3,48,47.9,48,48,48,48,47.9,47.9,47.9,35.4,48,48,47.9,48,48,48,48,48,48,35.7,48,48,48,48,48,48,48,48,48,36.2,48,48,48,48,48,48,35.7,35.6
0.000156,35.7,48,48,48,48,48.1,48,48,48,48,48,35.6,48,48,47.9,47.9,48,48,47.9,48,48,34.9,48,48,48,48,48,47.9,48,48,47.9,32.88,48,48,48,48,48,48,48,48,48,32,47.9,48,48,48,48.1,47.9,48,48,48,32.23,47.9,47.9,48,48,48,48,47.9,47.9,48,34.4,47.9,48,48,48,48,48,48,48,48,35.4,48,48,48,47.9,48,48,48,48,47.9,35.5,47.9,48,48,48,47.9,48,48,48,47.9,36,48,47.9,48,48,47.8,48,35.8,35.5
0.000156,35.8,48,47.9,48,48,47.9,48,48.1,48,48,48,35.6,48,48,48,48,48,47.9,48,48,48,35.1,48,48,48,48,48,48,48,48,48,32.97,48,48,48,48,48,47.9,47.9,48,48,31.8,48,48,47.9,48,47.8,48,48,48,48,32.19,48,48,48,47.9,48,48,48.1,48,48,34.3,48,48,48,48,47.9,48,48,48.1,48,35.5,47.9,48,47.9,48,48,47.9,47.9,48,47.9,35.6,47.9,48,48,48,48,48,48,48,48,35.8,48,48,48,48,48,48,36,35.4
0.000156,36,48,48,48,48,47.9,48,48,47.8,48,48,35.7,47.9,47.9,48,48,47.9,48,48,48,48,35.2,48,48,48,48,48,47.9,48,48,48,32.78,47.9,48,48,48,48,48,47.9,48,48,31.8,48,48,48,48,48,48,48,48,48,32.19,47.9,48,48.1,48,48,48,48,48,48,34.4,48,47.9,48,48,48,48,47.9,48,47.9,35.4,48,48,48,48,47.9,48,48,48,48,35.5,48,47.9,47.9,48,48,48,48,48,48,35.7,48,48,47.9,48.1,47.9,48,36.1,35.5
0.000156,36,48,47.9,48,48,48,48,48,48,48,48,35.8,48,48,47.9,48,48,48,48,48,48,35.2,48,47.9,48,48,48,48,48,48,48,32.87,47.9,48,48,48,47.9,48,48,48,48,31.7,47.9,48,48,48,47.9,48,47.9,48,48,32.19,48,48,48,48,48,48,48,48,48,34.3,48,48,48,48,48,48,48,47.9,48,35.4,48,48,48,47.9,48,48,48,48,48,35.5,48,48,48,48,48,48,47.9,48,48,35.6,48,48.1,48,48,48,48,36.2,35.7
0.000156,36.1,48,48.1,48,47.9,48,48,48,48,47.9,48,35.7,48.1,48,48,48,47.9,48,48,48,48,35.2,48,48,48,47.9,47.9,48,47.9,48,48,32.97,48,48,48,48,48,48,48,47.8,48,31.95,47.9,48,48,48,47.9,48,48,48,47.9,32.23,47.9,48,48,48,47.9,48,48,48,48,34.1,47.9,48,47.9,48,48,48,47.9,48,47.9,35.4,48,48,47.9,48,47.9,48,47.9,48,48,35.5,48,48,47.9,48,48,48,48,48,47.9,35.6,48,48,48,48,48,48,36.2,35.5
0.000157,36.1,48,48,48,47.9,48,48,48.1,48,48,48,35.7,48,47.9,48,48,48,48,48,47.9,48,35.2,48,48,48,48,48,48,48,48,48,32.87,48,48,48,48,48,48,48,48,47.8,32.03,48,48,48,47.9,47.9,48,48,48,48,32.23,48,48,48,47.9,47.9,48,48,48,48,34,48,47.9,48,48,47.9,48,47.9,47.9,48,35.4,48,48,47.9,48,48,48,47.9,47.9,48,35.6,48,48,47.9,48,48,48,47.8,47.9,48,35.3,48,48,47.9,48,48,48,36.2,35.7
0.000157,36,48,48,48,48,48,48,48,48,48,48,35.7,47.9,48,48.1,48,48.1,47.9,48,48,48,35.1,47.9,47.9,48,48,48,48,48,48,47.9,32.97,47.9,47.9,47.8,48,48,48,48,48,48,32.32,48,48.1,47.9,48,48,48,47.9,48,48,32.18,48,48,47.9,48,48,48.1,48,47.9,48,33.9,48,48,48,48,48,48,48,48,48,35.3,47.9,47.9,48,48,48,48,48,48,48,35.5,48,47.9,48,48,48,48,48,48,48,35.5,48,48,48,48,48,48,36.2,35.6
0.000157,37,47.9,48,48,48,48,48,48,47.9,48,48,35.7,48,48,48,48,47.9,48,48,48.1,47.9,35.1,48,48,48,48,48,47.9,47.8,48,48,32.97,48,48,48.1,48,48,48,48,48,47.9,32.46,48,48,48,48,48,47.9,48,48,48,32.23,48,48,48,48,48,48,48,48,47.9,33.7,48,47.9,48,48,48,48,47.9,48,48,35.2,48,47.9,47.8,48,48,48,48,48,48,35.7,48,48,48,47.9,47.9,48,48,47.8,48,35.6,48,48,48,48,47.9,48,35.9,35.7
0.000157,40,48,47.9,48,48,48,48,47.8,48,48,47.9,35.6,48,48,48,48,48,48,48,48,48,34.9,48,48.1,48,48,47.9,48,48,48,48,33.07,48,47.9,48,47.8,48,48,47.9,48,47.9,32.71,48,48.1,47.9,48,47.9,48,48,48,48,32.38,48,48,48,48,47.9,47.9,48,48,48,33.7,48,48,48,48,48,47.9,48,48,48,35.4,48,48,48,48,48,48,48,48,48,35.6,47.9,48,48,48,48,48,48,47.9,48,35.8,48,48,47.9,48,48.1,48,35.8,35.7
0.000157,46.4,48,48,48,48,47.9,48,48,48,48,48,35.6,48,48.1,48,48,48,48,48,48,47.9,34.8,48,48,48,48,48,48,48,48,48,33.01,48,48,48,48,48,48,48,48,47.9,32.61,48,47.9,47.9,48,48,48,48,48,48,32.38,48,48,48,48,47.9,48,48,48,47.8,33.8,47.9,48,48,47.8,47.9,48,47.9,48,48.1,35.4,48,48,48,47.9,48,48,48,48,47.9,35.7,48,47.9,48,48.1,48,47.8,48,48,48,35.9,48,47.9,48,48,48,47.9,35.5,35.7
0.000158,47.9,48,48,48,48,48,48,48,48,48,47.9,35.5,48,48,47.9,48,48,48,47.9,48,48,34.6,47.9,47.9,48,47.9,48,47.9,47.9,48,48,33.11,48,48,47.9,48,48,47.9,48,48,48,32.62,48,48,48,48,47.9,47.9,48,48,48,32.23,48,48,48,48,48,48,48,48,48,33.7,48,48,48,48,48,48,48,48,48,35.4,48,48,48,47.9,47.9,47.9,48,48,48,35.7,48,48,48,47.9,48,48,48,48,48,36,48,48,47.8,48,48,47.9,35.4,35.7
0.000158,47.9,48,48,48,48,48,48,48,48,47.9,47.9,35.6,48,48,48,48,48,48,48,48,48,34.8,48,48,48,47.9,48,48,48,48,47.9,33.2,48,48.1,48,48,48,48,48,48,47.9,32.52,48,47.9,48,48,47.9,48.1,48,48,47.8,32.38,48,47.8,47.9,48,47.9,48,48,48,47.9,33.9,48,47.9,48,47.8,48,48,48,48,48,35.3,47.9,47.9,47.9,47.9,48,48,48,48,48,35.7,48,48,48,48,48,48,47.9,47.9,47.9,36.1,47.9,47.9,48,48,48,48,35.4,35.7
0.000158,47.9,48,48,48,47.9,48,48,48,48,48,48,35.6,48,48,48,48,47.9,48,48,48,48,34.8,48,47.9,48,48,48,47.9,48,48,48,33.2,48,48,48,47.9,47.9,47.9,48,48,48,32.33,48,48,48,47.9,47.9,48,48,48,47.9,32.28,47.9,48,48,48,48,48,48,48,48,33.8,48,48,48,47.9,48,48,48,48,48,35.4,48,48,48,47.9,48,48,48,48,48,35.7,47.9,48,48,48,47.9,48,47.9,48,48,36,48,48,48,47.9,48,48,35.5,35.7
0.000158,47.9,47.9,48,48,48,48,48,48,48,48,48,35.6,48,48,48,48,48,48,47.9,47.9,48,34.8,48,48,48,48,48,48,47.9,48,47.9,33.1,48,47.9,48,47.9,48,48,48,48,47.9,32.33,48,48,47.9,48,48,48,48,48,48,32.32,48,48,48,48,48,48,48,48,48,33.9,48,48,48,48,48,48,48,48,48,35.4,47.8,48,47.9,47.9,48,48,48.1,48,48,35.8,48,47.9,47.9,48,48,48,48,48,48,36,47.9,48,48.1,48,47.9,48,35.7,35.7
0.000158,47.9,48,48,47.9,47.9,48,48,48,47.9,48,48,35.6,48,48,48.1,48,48,48,48,48,48,34.9,48,48,48,48,48,48,48,48,47.9,33.05,48,47.9,48,48.1,48,47.9,48,48,48,32.39,48,48,48,47.9,48,48,48,48,48,32.38,47.9,48,47.9,47.8,47.9,48,48,47.9,48,34,47.8,47.9,48,47.9,48,47.9,48,48,48,35.4,48,48,48,47.9,48,48,48.1,48,48,35.9,47.9,48,48,48,48,48,48,47.9,47.9,36,48,48,48,48,47.9,48,35.9,35.7
0.000159,48,48,48,47.9,48,48,48,48,47.8,48,47.9,35.6,48,47.9,48,48,48,47.9,48,48,48,35.1,48,48,48,48,48,47.9,48,48,47.9,33.05,48,48,48,48,48,48,48,48,48,32.33,47.9,48,48,48,48,47.9,48,48,48,32.28,47.9,48,47.9,48,48,47.9,47.9,48,48,34.1,48,48,48,48,48,48,48,48,47.9,35.4,47.9,48,48,48,47.9,48,48,47.9,48,35.9,48,48,48,48,48,48,48,48,48,35.8,48,48,48,48,47.9,48,36,35.6
0.000159,48.1,48,48,48,48,48,48,48,47.9,48,48,35.6,47.9,48,48,48,48,48,48,48,48,35.1,47.9,48,47.9,48,48,48,48,48,48,33.05,48,48,47.9,48,48,48,48,48,48,32.48,48,48.1,48,48,48,48,48,48,48,32.23,47.9,48,47.9,48,48,47.9,47.9,48,48,34.1,48,48,47.9,48,47.9,47.9,48,47.9,48,35.4,48,48,48,48,48,47.9,48,48,48,35.8,48,48,48,47.9,48,48,48,48,48,35.7,48,48,48,48,48,47.9,36.2,35.6
0.000159,48,47.9,48,48,47.9,48,47.9,48,48,47.9,47.9,35.6,48,48,47.9,47.8,48,47.8,48,48,48,35.2,48,48,48,48,48,47.9,47.9,48,47.9,32.95,48,48,48,48,48,48,48,48,48,32.52,48,48,48,48,48,48,48,48,47.9,32.28,48,48,48,48,48,48,48,48,48,34.1,48,48,48,48,48,48,48,48,47.9,35.4,48,48,47.9,48,48,47.9,47.9,48,47.9,35.6,48,48,48,47.9,48,48,47.9,48,47.9,35.6,48,48,48,48,48,48,36.2,35.7
0.000159,48,48,47.9,48,48,48,48,48,47.8,47.9,48,35.7,48,47.9,48,48,48,47.9,48,48,48,35.2,47.9,48,48,48,48,47.9,48,48,48,33.05,47.9,48,48,48,48,48,48,48,48,32.76,48,48,47.9,47.9,48,48,48,48,48,32.28,48,48,48,47.9,48.1,47.9,47.9,47.9,48,34.1,48,47.8,48,47.9,47.9,48,47.9,48,48,35.6,48,48,48,47.9,47.9,48,48,48,48,35.6,47.9,47.8,48,48,48,47.9,47.9,48,48,35.5,48,48,48,48,48,48,36.2,35.7
0.000159,48.1,47.9,48,48,48,48,48,48,48,48,48,35.6,48,47.9,48,48,48,48,48,47.9,48,35.2,48,48,47.9,48,47.9,48,48,48,48,33.05,48,48,48,48,48,48,48,48,47.9,32.56,48,47.9,48,48,47.9,48,48,48,48,32.42,48,47.9,48,48,48,47.8,48,47.9,47.9,34,48,48,47.9,48,47.9,48,48,47.9,48,35.7,48,48,47.9,48,48,48,48,47.9,48,35.6,47.8,48.1,48,48,48,48,47.9,48,48,35.3,47.9,47.9,47.9,47.9,48,48,36,35.6
0.00016,48,47.9,48,48,47.9,48.1,48,48,48,47.9,48.1,35.7,47.9,48,48,48,48,47.9,48,48,47.9,35.1,48,47.9,48,48,48,48,47.9,48,48,33.1,48,47.9,48,47.9,48,47.9,48,48,48,32.48,48,48,47.9,48,47.8,48,48,48,48,32.32,48,48,48,47.9,48,47.9,47.9,48,48,34.1,47.9,48,48,48,47.9,48,48,48,47.9,35.8,48,48,48,48,48,48,48,48,48,35.5,48,48,48,48,48,48,48,48,48,35.5,48,48,47.9,48,48,48,35.8,35.7
0.00016,48,48,48,48,48,48,47.9,48,48,48,48,35.7,48,48,48,48,48,47.9,48,48,47.9,35,48,48,48,48.1,47.9,48,48,47.9,47.9,33.1,47.9,48,48,48,48,48,47.9,48,48,32.33,48,48,48,48,48,48,48,47.9,48,32.18,47.9,47.9,48.1,48,48,48,48,47.9,47.9,33.9,48,48,48,48,48,48,48,48,48,35.6,47.9,47.9,48,48,48,48,48,48,48,35.6,48,48,48,48,48,47.9,47.9,48,48,35.4,48,48,48,48,47.9,48,35.8,35.7
0.00016,48,48,48,48,48,48,48,48,48,48,48,35.6,47.8,47.9,48,47.9,48,48,48,48.1,48,34.8,48,48,48,48,48,48,48,47.9,48,33,48,48,47.9,48,48,48,48,48,48,32.05,47.9,48,48,47.9,47.9,48,48,48,48,32.38,48,48,48,48,48,48,48,48,48,34,48,48,48,48,48,47.9,48,48,48,35.6,48,48,48,48,48,48,48,48,48,35.7,48,48,48,48,47.9,47.9,47.9,48,48,35.5,48,48.1,47.8,48,47.9,48,35.7,35.7
0.00016,48.1,48,48,48,48,48,48,47.9,48,48,48,35.6,48,48,47.9,48,47.8,48,48,48,47.9,34.8,48,48.1,48,48,47.9,48,48,48,48,33.18,48,47.8,48,48,47.9,48,48,48,48,32,47.9,48.1,47.9,48,48,48,47.9,48,48,32.36,48,48,48,48,48,47.8,48,48,48,33.9,47.9,48,48,48,47.9,48,48,47.9,47.9,35.4,48,47.9,47.9,48,48,47.9,48,48,48,35.8,47.9,48,48,48,48,47.9,48,47.9,48,35.8,48,47.9,48,48,47.9,48,35.6,35.8
0.00016,48,48,48,47.9,47.9,48,47.9,47.9,48,47.9,48,35.6,47.9,48.1,48,47.9,47.9,47.9,48.1,47.9,48,34.8,48,48,48,48,48,47.9,48,48,48,33.23,47.9,48,48,48,48,48,47.9,48,48,32,48,48.1,48,47.9,48,48,48,48,48,32.42,48,47.9,47.9,48,48,47.9,47.9,48,47.9,33.9,48,47.8,48,48,48,48,47.9,48,48,35.4,48,48,48,48,47.9,48,48,48,47.9,35.9,48,47.9,48,48,48,48,48,48,48,35.9,48,48,48,48,48,48,35.5,35.7
0.000161,48,48,48,48,48,47.9,48,48,47.9,48,48.1,35.6,48,48,48,48,48,48,47.9,48,48,34.8,47.9,47.9,48,48,48,48,48.1,47.9,47.9,33.13,48,48,48,47.9,47.9,48,48,48,47.9,32.05,48,48,48,47.9,48,48,47.9,48,48,32.36,48.1,48,48,47.9,48,48,48,47.8,48,34.1,48,48,47.8,48,48,48,48,48,48,35.2,48,48,48,48,47.9,48,47.9,47.9,48,35.9,47.9,48,48,48,47.9,48,48,48,48,35.8,48,47.9,48,47.9,48,48,35.6,35.7
0.000161,48,47.9,48,48,48,47.9,48,47.9,48,47.9,47.9,35.6,48,48,48,48,48,48,48,48,48,34.9,47.9,48,48,48,48,48,47.9,48,48,33.28,48,48,48,48,48,47.9,48,48.1,48,32.05,48,48,48,48,48,48,48,48,47.9,32.46,48.1,48.1,48,48,48,48,47.9,48,47.9,34.1,48,48,48,47.9,47.9,48,48,47.9,48,35.1,48,48,47.9,48,47.8,47.9,48,48,48,35.9,48,48,48,48,48,48,48,48,48,36,48,48,48,48,47.9,47.8,35.7,35.7
0.000161,48,48,48,47.9,48,48,48,48,48,48,48.1,35.6,47.9,48,48,48,47.9,48,48,47.9,47.9,34.9,48,47.9,48,48.1,48,48,48,48,48,33.23,48,48,48,48,48,47.9,48,47.9,48,32.28,47.9,48,48,48,48,48,47.9,48,47.9,32.41,48,47.9,48,48,48,47.9,48,48,48,34.1,48,48,47.9,48,48,47.9,48,48,48,35.1,48,48,48,48,48,48,47.9,48,47.8,35.8,48,48,48,48,48,48,48,48,47.9,35.9,48,47.9,48,47.8,47.9,48,35.6,35.7
0.000161,47.9,48,48,48,48,48,48,48,48.1,48,48,35.6,48,48,47.9,48,48,48,48,48,48,35,47.9,48,48,48,48,47.9,48,48,47.9,33.18,47.9,48,48,48,48,48,47.9,48,48,32.28,48,48,47.9,48,47.9,48,48,48,48,32.51,48,47.9,48,48,48,48,47.9,48,48,34.1,48,48,48.1,47.8,48,48,48,48,48,35.2,48,48,47.9,48,48,47.9,48,48,48,35.8,48,48,48,48,47.9,48,48,47.9,48,35.9,47.9,48,48,48,48,48,35.7,35.7
0.000161,48,48,48,48,48,48,48,48,48,48,48,35.5,47.9,48,48.1,48.1,48,48,48,48,48,35,47.9,48,48,48,48,48,48,48,48,33.14,47.9,48,48.1,48,48,48,48,48,48,32.38,47.9,47.9,48,48,47.9,48,48,48,48,32.46,48,48,48,48,48,48,47.9,48,48,34.1,48,48,48,48,48,47.9,48,48,47.9,35.2,47.9,48,48,48,47.8,48,48,48,47.9,35.7,48,47.9,48,48,47.9,47.8,47.9,48,48,35.9,48,48,48,48,48,48,35.8,35.6
0.000162,48,48,48,48,48,48,48,47.9,47.9,48,48,35.6,48,48,48,48,48,48,47.9,48,48,35,48,48,48,48,47.9,48,48,47.9,48,33.1,48,48,48,48,47.9,47.9,48,48.1,48,32.52,48,47.9,48,48,47.9,48,48,48,48,32.36,48,48,47.9,47.9,48,48,48,47.9,47.9,34.1,48,48,47.9,47.9,48,47.9,48,48,48,35.4,48,48,47.9,48,48,48,48,48,47.9,35.5,47.9,47.9,48,48,48,48,48,48,48,35.6,47.9,48,48,47.9,48,48,35.8,35.6
0.000162,48.1,48,48,48,48,47.9,48,48,48,48,48,35.5,48,48,48,48,47.9,48,48,48,48,35.2,47.8,48,47.8,47.9,48,47.9,48,48,48,33.08,48,48,47.9,48,48,48,48,48,48,32.52,48,48,48,47.9,48,48,48,48,47.9,32.41,47.9,48,47.9,48,48,48,48,48,47.9,34.1,48,48,48,48,48,48,47.9,48,48,35.5,48,47.9,48,48,48,47.9,47.9,48,47.8,35.5,47.9,47.9,48,47.9,48,48,48,48,48,35.7,47.9,48,48.1,48,48,48,35.8,35.7
0.000162,48,48,47.9,48,48,48,48,48,48,48,48,35.5,48,48,48,47.9,47.9,48,48,48,48,35.2,48,47.9,48,48,47.9,48,48,48,48,33.08,48,47.9,48,47.9,48,48,48,48,47.8,32.38,48,48,47.9,48,48,48,48,47.9,48,32.41,48,48,48,48,48,48,48,47.8,48,33.9,48,47.9,48,47.9,47.9,48,47.8,48,48,35.6,48,48,48,48,48,47.9,48,48,48,35.5,48,47.9,47.9,48,48,47.9,48,48,48,35.6,48,48,48,48,47.9,48,35.8,35.7
0.000162,48.1,47.8,48,48,48,48,48,48,48,48,48,35.6,48,48,47.9,47.9,48,47.9,48,48,48,35.2,48,48,48,48,48,48,48,48,47.9,33.27,48,48,48,48,48,48,48,48,48,32.33,47.9,48,48,48,47.9,48,47.9,47.9,48,32.41,48,48,48,48,48,48,48,47.8,48,33.8,48,48,47.9,47.9,48,48,48,47.9,48,35.5,48,47.9,48,48,48,48,48,48,48,35.6,47.9,48,48,48,48,48,48,47.9,47.9,35.7,48,48,48,48,48,48,35.8,35.6
0.000162,48,48,48,48,48,47.9,47.9,48,48,48,48,35.7,48,48,47.9,48,48,48,48,47.9,48,35.2,48,48,48,47.9,48,48,48,47.9,48,33.44,48,48,48,47.9,48,47.9,48,48,48,32.29,48,48,48,48,48,47.9,47.9,48,48,32.46,48,48,48,47.9,47.9,47.9,47.9,47.9,48,34,47.9,48,48,47.9,48,48,48,47.9,48,35.4,48,47.9,48,48,48,48,48,48,47.9,35.5,47.8,48,47.9,47.9,48,48,47.9,48,48,35.8,48,47.9,48,48.1,48,48,35.8,35.4
0.000163,48,48,48,48,48.1,47.9,48,47.9,48,48,48,35.7,48,47.9,48,48,47.9,48,48,48,47.8,35.2,47.9,48,48,48,48,48,48,48,48,33.49,48,48,47.9,48,48,48,48,48,48,32.19,48,48,47.9,48,48,48,48,48,47.9,32.41,48,48,48,48,48,48,48,48,48,33.9,47.9,48,48,47.8,48,48,48,48,48,35.4,48,48,48,47.9,48,48,48,47.9,48,35.5,48,48,48,48,48,47.9,47.9,48,48,35.9,48,48,47.9,48,48,48,35.7,35.7
0.000163,48,48,48,48.1,48,48,48,48,48,48,47.9,35.8,48,48,48,48,48,47.9,48,48,47.9,35.2,47.9,48,48,48,47.9,48,48,48,48,33.63,47.9,47.9,48,47.9,48,48,48,48,47.9,32.09,48,48,47.9,48,47.8,48,48,47.9,48,32.45,48,48,48,48,48,48,48,48,47.9,34,48,48,47.9,48,48,48,47.9,47.9,48,35.3,47.9,48,48,48,48,48,48,47.9,47.9,35.7,48,48,48,48,47.9,47.9,47.9,48,48,35.9,48,48,48,48,48,48,35.7,35.7
0.000163,48.1,48,48,48,48,48,48,48,48,48,48,35.7,48,47.9,48,48,48,48,48,48,48,35.1,48,48,48,48,47.8,48,48,48,48,33.73,48,48,47.9,48,48,48.1,48,48,47.9,32.09,48,48,47.9,48,48,48.1,48,48,47.9,32.45,48,48,48,48,48,48,48,48,48,34.2,48,47.9,48,47.9,47.9,48.1,48,47.9,48,35.2,47.9,48,47.9,48,48,48,48,48,47.9,35.8,47.9,47.9,48,47.8,47.9,47.9,48,47.9,48,35.9,48,48,48,48,47.8,47.8,35.7,35.9
0.000163,48.1,48,48,48,48,48,47.9,48,48,48,48,35.8,47.9,48,47.9,48,48,47.9,48,48,48,35.1,48,48,48,48,48,48,48,47.9,48,33.73,48,48,48,48,48,48.1,48,48,47.8,32.09,47.9,48,48,47.8,48,47.9,47.9,48,48,32.45,48,48,48,48,48,48,48,47.9,47.9,34.4,48,48,48,47.9,48,48,48,48,48,35.1,47.9,48,48,48,48,48,48,47.9,48,35.9,48,47.9,48,48,47.9,48,48,48,48,35.9,48,48,47.9,48,48,47.9,35.5,35.9
0.000163,48.1,47.9,47.9,47.9,48,48,48,48,48,48,48,35.8,47.9,47.9,48,47.9,48,47.9,48,48,48,34.9,48,47.9,48,47.9,48,48,48,48,48,33.64,48,48,47.8,48,48,47.9,48,48,47.9,32.19,48,47.9,48,48,48,47.9,48,48,48,32.45,48,48,48,47.9,47.9,48,48,48,48,34.4,48,48,47.9,48,47.9,47.9,48,48,47.9,35.3,48,48,47.9,47.9,48,48,48,48,48.1,36,48,47.9,47.9,48,48,48,47.9,47.9,48,35.9,48,48,47.9,48,48,48,35.7,35.9
0.000164,48,48,48,48,48,48,48,48,48.1,48,48,35.6,47.9,48,48,48,48,47.9,48,48,48,34.9,48,48,48,48,47.9,48,48,48,48,33.5,48,48,48,48,47.9,48,48,48,47.9,32.13,47.8,48,48,48,48,48,47.9,48.1,47.9,32.45,48,48,47.9,48,48,48,48,48,48,34.4,47.9,47.9,47.9,47.9,48,48,48,47.8,48,35.3,48,47.9,47.9,48,48,48,47.9,48,48,35.9,48,48,47.9,48,47.9,48,48,48,48,35.8,48,48,47.8,48,48,48,35.7,36.1
0.000164,48,48,48,48.1,48,48,47.9,48,47.9,48,47.9,35.8,47.9,48,48,48,48,47.9,48,47.9,48,34.9,48,48,47.9,48,48,48,48,47.9,47.9,33.31,47.9,48,47.9,48,48.1,48,48,48,48,32.19,48,48,48,47.8,48,48,47.9,47.9,48,32.55,48,48,48,48,48,48,48,47.9,48,34.3,48,48,48,48,47.9,48,47.9,48,47.9,35.2,48,48,48,48,48,48,47.9,48,48,35.9,48,47.9,48,48,48,48,48,48,47.9,35.6,47.9,48,47.9,48,48,48,35.7,36.1
0.000164,48.1,48,48,48,47.9,47.9,47.9,47.8,47.9,48,48,35.6,48,48,48,48,47.9,48,48,47.9,48,34.9,48,48,48,48,47.9,48,48,48,48,33.17,48,48.1,48,48,48,48,48,48,47.9,32.23,48,47.9,48,48,48,48,47.9,48,47.9,32.49,48,48,48,48,48,48,48,47.9,48,34.2,48,48,48,48,48,48,48,48,48,35.3,48,47.9,48,48,47.9,47.9,48,47.9,48,35.7,47.9,48,48,48,48,48,48,47.9,47.9,35.7,47.9,47.9,47.8,48,48,47.9,35.8,36
0.000164,48,48,48,48,48,48,48,48,48,48,48,35.6,48,48,48,47.9,47.9,47.9,48,48,47.9,34.9,47.9,48,48,47.9,48,48,48,47.9,48,33.13,47.9,47.9,48,47.9,47.9,47.9,48,47.9,47.9,32.28,48,47.9,48,48,48,48,48,48,47.9,32.55,48,48,48,48,47.9,48,47.9,47.9,48,34,48,48,47.9,47.9,48,48,48,48,48,35.4,48,48,48,48,48,48,48,48,48,35.6,48,47.9,48,48,48,48,48,47.9,48,35.6,48,48,48,48,47.8,48,35.8,35.9
0.000164,48.1,47.9,47.9,48,48.1,48,48,47.8,48,48,47.9,35.7,47.9,48,48,48,48,48,47.9,48,48,34.9,48,48,47.9,48,48,48,47.9,48,48,33.23,47.9,47.9,48,48,47.9,47.9,47.9,48,47.9,32.23,48,47.9,48,48,48,47.9,48,48,47.9,32.35,48,48.1,48,48,48,48,47.8,48,48,33.7,47.9,47.9,48,47.9,48,48,48,47.9,47.9,35.3,48,48,48,47.9,47.9,48,48,48,47.9,35.5,48,47.9,47.9,48,48,47.9,48,47.9,48,35.6,48,48,48,47.9,48,48,35.8,35.9
0.000165,48,48,47.9,48,48,47.8,48,48,48,47.9,48.1,35.7,47.9,48,48,48,48,47.8,48,47.9,48,34.9,47.9,48,48,48,48,48,48,48,48,33.13,48,48,48,48,48,48,47.9,47.9,47.8,32.28,48,48,48,47.9,48,48,48,48,48,32.45,47.9,47.9,47.9,48,48,48,47.9,48,48,33.8,48,48,48,48,47.9,48,48,47.9,48,35.4,47.9,48,48,48,48,48,48,48,48.1,35.6,47.9,47.9,47.9,48,48,48,48,48,48,35.6,47.8,48,47.9,48.1,47.9,48,35.8,35.6
0.000165,48,47.9,48,47.9,48,48,48.1,48,47.9,48,48,35.8,48,47.9,48,48,47.9,48,48,48,48,35,48,48,48,48,48,48,48,47.9,48,33.23,48,48,48,48,48,48,48,48,48,32.23,48,48,48,47.9,48,48,48,48,48,32.49,48,47.9,48,48,48,48,48,48,48,33.7,48,48,48,48,48,47.9,48,48,48,35.4,48,48,47.9,47.9,48,47.9,48,48,48,35.4,48,47.9,48,48,48,47.9,48,47.9,48,35.6,47.9,48,48,48,48,47.9,35.8,35.5
0.000165,48,48,48,48,48,48,47.9,48,48,48.1,48,35.8,48,48,48,48,48,48,48,47.9,48,35.1,48,48,47.9,48,47.9,48,48,48,47.9,33.27,48,48,48,48,48,48,48,48,48,32.38,48,47.9,48,48,48,48,48,47.9,47.8,32.59,48,48,48,48,48,48,48,47.7,47.9,33.7,47.9,48,48,47.9,48,47.9,48.1,48,48,35.4,48,48,48,48,48,47.8,48,47.8,48,35.5,47.9,47.9,48,48,47.9,48,48,48,48,35.5,48,47.9,48,48,47.9,47.9,35.7,35.4
0.000165,48,48,47.9,48,48,48,47.9,48,47.9,47.9,48,35.8,47.9,48,48,48,48,48,47.9,47.8,48,35,48,48,48,47.9,48,48,47.9,48,48,33.31,47.9,48,48,48,48,48,48.1,48,47.9,32.38,48,48,48,48,48,47.9,48,48,48,32.49,48,48,48,48,47.9,48,48,48,48,33.8,48,48,47.9,48,48,47.9,47.8,48,47.9,35.4,47.9,48,48,47.9,47.9,47.9,48,48,48,35.5,48,48,47.8,48.1,47.9,48,48,48,47.9,35.5,48,48,47.9,48,47.9,48,35.7,35.4
0.000165,47.9,48,48,48,48,47.9,48,48,47.9,48,47.9,35.8,48,47.9,48,48,47.9,47.9,47.9,48,48,34.9,48,48,48,48,47.9,48,48,48,48,33.41,48,47.9,47.9,47.9,48,47.9,47.9,48,47.9,32.42,48,48,48,48,47.9,48,48,48,48,32.49,48,47.9,48,47.9,48,48,47.9,48,47.9,34.1,48,48,48,47.9,48,47.9,48,47.9,48,35.4,48,48,48,48,47.9,48,47.9,48,48,35.7,48,47.9,48,48,47.9,48,48,48,48,35.6,48,48,48,48,47.9,47.9,35.7,35.4
0.000166,48,48,48,48,47.9,48,48,48,47.9,47.9,48,35.8,47.9,48,48,48,48,48,48,48,47.9,35,48,48,48,48,48,47.9,47.8,47.9,48,33.36,48,48,48,48,48,48,48,48,48,32.23,48,47.9,48,47.9,47.9,48,48,48,48,32.54,48,48,48,48,47.9,47.9,48,47.8,48,34.3,48,48,48,48,47.9,48,47.9,47.9,47.9,35.3,48,48,48,47.9,47.9,47.9,48,48,47.9,35.8,48,47.9,48,48,48,48,48,48,48,35.6,48,47.9,48,48,48,48,35.7,35.5
0.000166,48,48,48,48,48,48,48,48,48,48,47.9,35.8,48,48.1,47.9,47.9,48,48,47.9,48,47.9,34.9,47.9,48,48.1,48,48,48,48,47.9,48,33.36,48,48,48,47.9,48,48,48,48,47.9,32.38,48,48,48,48,47.9,48,48,47.9,47.9,32.49,48,48,47.9,48,48,47.9,47.9,48,47.9,34.5,48,47.9,47.9,47.8,48,48,48,48,48,35.3,47.9,47.9,48,48,47.9,48,48,48,48,35.9,48,48,48,48,48,48,48,47.9,48,35.9,48,47.9,48,48,47.9,48,35.7,35.7
0.000166,47.9,48,48,47.9,48,47.8,47.9,47.9,47.9,48,47.9,35.6,48,48,48,48,48,48,48,48,48,35.1,48,48,48,48,48,48,48,48,48,33.36,48,47.9,48,48,47.9,48,48,48,47.8,32.18,47.8,47.9,48,48,47.9,48,48,48,48,32.49,48,48,48,47.9,48,48,48,48,48,34.7,48,48,47.9,48,48,47.9,48,48,48,35.2,48,48,48,48,48,47.9,48,47.9,48,35.9,48,48,47.9,47.9,48,48,47.8,48,47.8,35.6,48,47.9,48,48,47.9,48,35.7,35.8
0.000166,48,48,47.9,48,48,48,47.9,48,47.9,48,47.9,35.6,48,48,48,48,48,48,48,47.9,48,35.2,48,48,48,48,48,48,48,48,48,33.31,48,48,47.9,48,48,48,47.9,48.1,48,32.28,47.9,48,48,48,48,48,48,48,48,32.54,48,48,47.9,47.9,48,48,48,48,48,34.6,48,48,48,48,48.1,48,47.9,48,47.9,35.4,47.9,48,48,48,48,48,48,48,48,35.9,48,48,47.9,48,47.9,48,47.9,48,48,35.5,48,48,47.9,48,48,47.9,35.7,35.9
0.000166,48,48,48,47.9,47.9,48,47.9,47.9,48,48,48,35.7,47.9,48,48,48,48,48,48,47.9,48,35.1,48,48,48,48,48,47.8,47.8,48,48,33.36,47.9,48,48,48,48,48,48,48,48,32.28,48,48,48,47.9,47.9,48,48,48,48,32.68,47.9,47.9,47.9,48,47.9,48,47.9,48,47.9,34.4,48,48,48,48,48,48,48,48,48,35.2,47.9,48,48,47.8,48,48,48,48,48,35.9,48,48,48,48,48,48,47.9,48,48,35.6,47.9,48,48,47.9,48,48,35.7,35.9
0.000167,48,48,47.9,47.9,48,48,48,47.9,48,48,47.9,35.6,48,48,47.9,48,48,47.9,48,48,47.9,35.1,47.9,48,48,48,48,47.9,48,48.1,48,33.31,48,48,48,48,47.9,47.9,48,47.9,48,32.13,48,48,48,47.8,48,48,48,47.9,48,32.54,47.9,48,47.9,48,48,48,48,48,48,34.2,48,48,48,47.9,48,48,47.9,48,48,35.2,48,48,47.9,48,47.9,47.9,47.9,48,48,35.9,47.9,48,48,48,48,48,47.9,47.9,48,35.5,47.9,48,48,47.9,48,48,35.9,35.6
0.000167,48,48,48,47.9,48,48,48,47.9,47.9,48,48,35.5,48,48,48,48,48,47.9,48,48,48,35.1,48,48,47.9,48,47.9,48.1,48,48,47.8,33.27,48,48,48,47.9,47.9,48,47.9,48,48,32.13,48,48,48,47.9,48,48,47.9,47.9,48,32.54,48,47.9,48,48,47.9,48,47.9,48,48,33.9,47.9,48,48,48,48,47.9,48,47.9,48,35.3,48,47.9,47.9,48,48,48,47.9,47.9,48,35.8,48,47.9,48,48,48,48,48,48,48,35.6,48,48,47.9,48,48,48,35.9,35.6
0.000167,48,48,48,47.9,48,47.9,48,48,48,47.9,47.9,35.4,48,48,47.9,48,48,48,48,47.9,48,35.1,48,48,48,48.1,48,48,48,48,48,33.31,47.9,48,48,48,48,48,48,48,48,32.18,47.9,47.9,47.9,48,48,47.9,48,48,47.9,32.52,48,48,48,48,47.9,47.9,48,48,48,33.8,48,48,48,48,48,48,47.9,48,47.9,35.3,48,48,48,47.9,48,48,48,48,48,35.8,48,48,47.9,48,48,47.9,48,48,48,35.7,48,48,48,48,47.8,48,36.1,35.4
0.000167,48,48,48,48,48,48,48.1,47.9,48,47.9,48,35.5,48.1,47.9,48,48,48,47.9,48,48,48,35.1,47.9,47.9,48,48,48,48,47.9,48,48,33.17,47.9,47.9,48,48,47.9,48,48,48,48,32.28,48,47.9,48,48,48,48,48,47.9,47.9,32.58,47.9,48,48,48,48,48,47.9,47.8,48,33.9,47.9,47.9,48,47.9,48.1,48,48,48,48,35.3,48,48,48,48,48,47.9,47.9,48,47.9,35.8,48,47.9,48,47.9,48,48,47.8,48,47.9,35.6,48,47.9,48,48,48,48,35.8,35.4
0.000167,48,48,47.9,48,48,48,48,47.9,47.9,48,48,35.5,47.9,48,48,48,47.9,48,48,47.9,48,35.1,48,48,47.8,48,48,48,48,48,48,33.27,48,48,48,48,48,48,47.9,47.9,47.9,32.42,48,47.9,48,48,47.9,48,48,48,47.9,32.72,48,48,48,48,48,48,48,47.9,48,33.9,48,48,48,47.9,48,48,48,48,48,35.2,48,48,47.9,48,47.8,48,47.9,48,48,35.5,48,48,48,47.9,48,48,47.9,48,48,35.8,47.9,48,48,47.9,48,47.9,35.8,35.4
0.000168,48.1,48,48,47.9,48,48,48,48,47.9,48,48.1,35.8,48,48,48,48,48,48,47.9,47.9,48,35.1,48,48,48,47.9,47.9,48,47.9,47.9,47.9,33.17,47.9,48,48,48,47.9,48,48,47.9,48,32.28,47.9,48,48,48,48,48,48.1,48,47.9,32.62,48,48,48,48,48,47.9,48,48,47.9,34,48,48,47.9,47.9,47.9,47.9,47.9,48,48,35.2,48,47.8,48,48,48,47.9,48,48,48,35.6,48,47.8,48,48,47.8,48,47.9,47.9,48,35.9,48,48,48,48,48,48,35.8,35.6
0.000168,48,48,48,48,47.9,48,48,48,48,48,47.9,36,48,47.9,48,48,48,47.9,47.9,48,48,35,48,48,47.9,48,47.9,48,47.9,48,47.9,33.36,48,48,48,48,48,48,48,47.9,48,32.32,47.9,48,48,48,48,48,47.9,48,48,32.72,48,48,47.9,48,47.9,48,47.9,48,48,34.1,48,48,48,48,47.9,48,48,48,48,35.5,48,48,48,48,47.9,47.9,47.9,47.9,48,35.5,48,48,48,48,48,48,47.9,48,48,36.1,48,48,48,48,48,47.9,35.7,35.7
0.000168,48,48,48,48,47.9,48,47.9,48,48,48,47.9,36,48,48,47.9,48,47.9,48,48,48,48,35.2,47.9,48,47.9,48,48,47.9,48,47.9,47.9,33.31,48,48,47.9,48,48,48,47.8,48,48,32.18,47.9,47.9,47.9,47.9,48,48,48,47.9,48,32.77,47.8,48,48,47.9,47.9,48,47.8,48,48,34.3,48,47.9,48,47.9,48,48,48,48,47.9,35.4,48,48,47.9,47.9,47.8,48,47.9,48,48,35.6,47.9,48,47.9,47.9,47.9,47.9,48,48,48,36.2,48,47.8,48,48,48,47.9,35.7,35.9
0.000168,48,47.8,48,48,48,48,47.9,48,47.9,48,47.9,36.2,48,48,47.8,48,47.9,47.9,48,48,47.8,35.2,48,48,47.9,48,47.9,47.9,47.9,48,48,33.4,47.8,47.9,47.9,47.9,48,48,48,48,47.9,32.46,48,48,48,48,48,48,48,48,47.9,32.62,47.9,47.9,47.9,48,48,47.8,48,48,47.8,34.4,48,48,48,48,47.9,48,47.9,47.9,48,35.4,47.9,48,48,47.9,47.9,47.9,47.9,47.9,47.9,35.7,47.9,48,48,48,47.9,48,48,48,48,36.3,48,48,48,47.9,47.9,48,35.5,35.9
0.000168,48.2,48,48,48,48,48,48,47.9,48,48,47.9,36,47.9,48,47.8,48,48,47.9,47.9,47.9,48,35.1,48,47.9,48,48,48,47.9,47.9,48.1,48,33.31,48,47.9,48,48,48,48,47.9,48,48,32.26,48,47.9,48,48,47.9,48,48,47.9,47.9,32.62,48,47.9,48,48,48,47.9,47.8,48,48,34.5,48,48,47.9,48,48,48,47.9,47.9,47.9,35.4,48,48,48,48,48,48,47.9,48,47.9,35.6,48,48,48,48,48,48,48,47.7,48,36.2,48,48,48,48,48,47.9,35.5,35.9
0.000169,48,47.9,48,48,48,48,48,47.9,48,48,48,35.9,47.9,48,47.9,48,48,47.8,48,47.9,48,35.2,48,48,47.9,47.9,48,48,47.9,47.9,48,33.31,47.8,48,47.9,48,48,48,47.8,48.1,47.8,32.32,48,48,48,48.1,48,48,48,48,47.9,32.58,47.9,48,48,48,48,48,48,48,48,34.4,47.8,48,47.8,47.9,48,48,47.9,48,48,35.5,48,47.9,48,48,47.9,48,48,48,48,35.8,48,48,48,47.9,48,48,48,47.8,47.9,36,47.9,48,47.9,47.9,47.9,47.9,35.6,35.7
0.000169,48.1,48,47.9,48,48,47.9,48,48,48,48,47.8,35.8,47.8,48,48,48,48,48,48,48,48,35.2,48,47.9,48,47.9,48,48,48,48,48,33.4,48,47.9,48,48,48,48,47.9,48,48,32.32,48,48,48,47.9,47.9,48,48,48,48,32.48,48,47.9,48.1,48,48,47.9,48,48,48,34.3,48,48,48,48,48,47.9,47.8,47.7,48,35.3,47.9,48,47.9,48,47.9,48,48,48,48,35.8,47.9,48,47.9,48,48,48,48,48,47.9,35.9,48,47.9,48,48.1,48,48,35.8,35.6
0.000169,48.1,48,47.9,48,47.9,47.9,47.9,47.9,48,48,48,35.4,47.9,47.9,48,47.9,48,48,47.9,48,48,35.2,48,48,48,48,48,47.9,48,47.9,48,33.4,47.8,48,48,48,47.9,48,48,47.9,47.9,32.22,48,48,47.9,48,47.9,48,48,48,48,32.48,48,48,48,48,48,47.9,47.9,48,47.9,34.2,48,48,48,48,48,48,48,47.9,48,35.4,48,48.1,47.9,48,48,48,48,48,48,35.8,47.9,48,48,48,48,48,47.9,47.9,48,35.7,48,47.9,47.9,48,48,47.9,35.8,35.4
0.000169,48.1,47.9,48,48,47.8,48,48,47.9,47.9,48,48,35.3,48,48,48,48,47.9,48,48,48,48,35.2,48,48,48,48,47.9,48,48,48,48,33.31,47.9,48,48,48,47.9,48,47.9,48,48,32.26,47.9,48,47.9,48,48,47.9,47.9,47.9,48,32.48,47.8,48,48,47.9,48,47.9,48,48,48,34.2,48,47.9,47.9,47.9,48,47.9,47.9,47.9,48,35.3,47.9,48,48,48,48,48,48,48,47.8,35.8,48,48,48,48,47.9,47.9,48,47.9,48,35.5,48,48,47.9,48,48,48,35.9,35.4
0.000169,47.9,48,48,47.9,48,47.9,47.9,47.9,47.9,48,48,35.2,47.9,48,47.9,48,48,48,48,48,47.9,35.3,48,48,47.9,48,48,48,47.9,48,48,33.26,48,48,48,48,48,48,47.9,47.9,48,32.26,47.9,48,47.9,48,48,48,48,48,48,32.52,48,48,48,48,48,48,48,47.8,47.8,34.2,48,48,48,48,48,47.9,48,48,48,35.2,48,48,47.9,48,48,48,47.9,48,48,35.8,48,48,47.9,47.9,48,48,48,48,47.9,35.4,47.9,47.9,48,48,47.9,48,35.9,35.5
0.00017,48,47.9,48,47.9,47.8,48,48,48,48,48,48,35.2,48,48,48,48,48,48,48,48,48,35.3,47.9,48,47.9,48,48,48,47.9,47.9,48,33.36,47.9,48,48,48,48,48,48,48,48,32.36,48,48,47.9,48,48,48,48,48,48,32.57,48,48,47.8,48,48,48,47.9,48,48,34.3,47.9,47.9,47.9,48,48,48,47.9,48,48,35.1,48,48,47.9,48,47.9,48,48,48,47.9,35.8,48,47.8,47.9,48,47.9,48,48,48,48,35.6,48,48,47.9,48,48,48,35.9,35.7
0.00017,48,48,48,48,47.9,48,48,47.9,47.8,48,48,35.4,48,47.9,48,47.9,48,48,47.9,48,48,35.3,48,47.9,47.9,48,47.9,47.9,48,48,47.9,33.36,48,47.9,48,48,48,47.9,47.9,48,48,32.36,48,48,48,48,47.9,48,47.9,48,47.8,32.67,48,47.9,47.8,48,47.9,48,47.9,48,47.9,34.2,47.9,48,48,48,48,47.9,47.9,47.9,48,35.2,47.9,47.8,48,48,48,48,48,48.1,48,35.7,48,48,48,48,48,48,47.9,48,48,35.7,48,47.9,47.9,48,47.9,48,36,35.9
0.00017,48.1,47.9,48,48,47.9,48,47.9,48,48,47.9,48,35.5,47.9,48,48,48,48,48,48,47.8,48,35.4,47.9,48,48,48,48,47.8,48,47.8,48,33.4,48,48,47.9,48,47.9,48,48,48,48,32.31,47.9,48,48,48,48,48,48,48,47.9,32.77,48,48,48,48,48,48,47.9,48,48,34.1,48,47.9,47.8,47.9,48,47.9,47.9,48,47.9,35.3,48,48,48,48,48,48,48,48,48,35.7,47.9,47.9,47.9,48,48,48,48,47.9,48,35.9,47.9,48,48,48,48,48,36,36
0.00017,48,48,48,48,48,48,47.9,47.9,47.8,48,48,35.7,48,48,48,48,47.9,47.9,48,48,48,35.2,47.9,48,48,47.9,48,48,47.8,48,48,33.44,48,48,48,48,48,48,47.9,47.9,48,32.26,48,47.8,48,47.9,48,47.9,47.9,48,47.9,32.75,47.9,47.9,48.1,47.8,48,48,48,47.9,48,34.1,47.9,47.9,48,47.9,48,47.9,47.9,47.9,48,35.2,47.9,48,48,48,47.9,47.8,48,48,48,35.9,47.8,48,48,48,48,48,48.1,48,47.9,35.9,48,48,47.9,48,47.9,48,35.9,36
0.00017,48.1,48,48,48,48,48,47.9,48,47.8,48,47.9,35.7,47.8,48,48,48,48,47.9,47.9,48,47.9,35.3,48,48,48,48,47.9,47.9,48,48,47.9,33.44,48,47.9,47.9,47.9,48,48,48,48,48,32.26,48,48,47.9,48,48,48,48,48,48,32.75,48,48,48,47.9,47.9,47.8,48,48,48,34.1,48,48,48,48,48,48.1,47.9,48,48,35.4,48,47.9,48,47.9,48,47.8,48,48,47.9,35.9,47.9,48,47.9,48,48,47.9,48,48,48,36,48,48,48,48,48,48,35.8,36.1
0.000171,48,47.9,48,47.9,47.9,48,48,48,48,48,48,35.8,48,48,48,48,48,47.9,48,47.9,47.9,34.9,47.9,48,48,48,48,48,47.9,48,48,33.49,48,48,48,47.9,48,48,47.9,48,48,32.31,48,48,48,47.9,48,47.8,47.9,48,47.9,32.85,47.9,48,48,48,48,48,48,47.9,47.9,34.1,48,48,48,48,48,48,48,47.9,47.8,35.6,48,47.9,48,48,48,48,47.9,47.9,47.9,35.9,48,48,47.9,47.8,48,48,48,48,47.9,36,48,47.9,47.9,48,48,48,35.5,36
0.000171,48,48,48,48,48,48,48,48,48,47.8,47.9,35.8,47.9,48,48,48,47.9,48,48,47.9,48,34.9,48,47.8,48,48,48,48,47.9,48,47.8,33.4,48,48,48,48,48,48,48,48,47.9,32.31,47.9,48,48,48,47.9,48,48,48,47.9,32.9,47.9,48,48,48,48,48,48,47.9,48,34.2,48,47.9,47.9,48,48,48,47.9,47.9,48,35.7,47.9,47.9,47.9,48,48,47.9,47.8,48,48,35.9,48,48,47.9,48,47.9,48,48,48,47.8,36,47.8,47.9,48,48,48,47.9,35.7,35.9
0.000171,48,48,47.9,47.9,48,47.9,48,47.9,47.9,48,47.9,35.8,48,47.9,48,47.9,48,47.9,48,48,47.8,34.9,48,48,48,48,48,47.9,47.9,47.9,48,33.49,47.9,47.9,47.9,48,48,48,48,48.1,48,32.31,47.9,48,48,47.9,48.1,48,47.9,48,48,32.9,48,48,47.9,48,48,48,47.9,47.9,48,34.2,48,48,48,48,47.9,48,48,48,47.9,35.7,47.9,48,47.9,47.9,48,47.9,47.9,48,47.8,35.9,48,47.9,48,47.9,47.9,48,47.8,48,48,36,48,47.9,48,48,48,47.9,35.4,35.8
0.000171,48.1,47.9,47.9,48,48,48,48,47.9,48,48,48,35.8,48,48,48,47.9,48,47.8,48,47.9,47.9,34.8,48,48,48,47.9,48,48,48,48,48,33.44,48,48,48,47.9,48,48,48,47.9,48,32.31,47.9,47.9,48,48,47.8,48,48,48,47.9,32.9,47.9,48,48,48,48,48,48,47.9,48,34.2,48,48,47.9,48,48,48,48,48,48,35.8,48,48,48,48,47.9,48,48,47.9,48,35.8,48,48.1,48,48,48,48,47.9,47.9,48,35.9,48,47.9,47.9,48,48,48,35.5,35.7
0.000171,48,48,47.9,48,47.9,48,48,47.9,48,47.9,48,35.6,48,48,47.9,48,48,48,48,48,48,34.9,47.9,47.9,48,47.9,48,47.9,48,48,48.1,33.44,47.9,47.9,48,48,48,48,48,47.9,47.9,32.51,47.9,48,48,48,48,48,47.9,48,48,32.9,48,47.8,48,48,47.9,48,48,48,48,34.3,48,48,48,47.9,48,47.9,47.9,48,48,35.7,48,48,48,48,48,48,47.9,48,48,35.6,48,48,48,48,48,48,48,48,48,35.8,48,48,47.8,48,48,48,35.7,35.6
0.000172,48.1,48,48,47.9,48,48,47.9,47.8,47.9,48,48,35.6,47.9,48,48,48,48,47.9,47.9,48,48,34.9,48,47.8,48,48,47.9,48,48,48,48,33.44,48,48,47.9,48,48,48,48,47.9,48,32.39,47.9,48,48,48,48,48,48,48,48,32.65,47.9,48,48,47.8,48,48,48.1,47.9,48,34.3,47.9,48,48,48,48,47.9,47.9,48,48,35.7,48,48,47.9,48,48,48,47.9,48,47.9,35.5,48,48,47.9,48,47.7,48,48,48,48,35.6,48,48,48,48,48,48,35.9,35.6
0.000172,48.1,47.9,48,48,48,47.9,48,47.9,48,47.9,48,35.6,48,48,47.9,48,48,48,47.9,48,47.9,35.2,47.9,47.9,47.9,48,47.9,48,48,48,48,33.4,47.8,48,48,48,48,47.9,48,47.9,48,32.54,48,47.9,48,47.9,47.8,47.9,48,48,47.9,32.75,48,48.1,47.9,47.9,48,48,47.9,47.9,48,34.2,48,48,48,48,48,48,47.9,48,48,35.5,48,48,48,48,48,48,48,48,48,35.5,47.9,48,48,48,48,48,48,47.8,48,35.5,48.1,48,48,48,47.9,47.9,36.1,35.5
0.000172,48,48,47.9,48,48,47.9,48,48,48,48,48,35.5,47.9,48,48,47.9,48,48,48,47.9,48,35.3,48,48,48,48,47.9,47.9,48,48,48,33.4,48,48,47.9,48,48,48,48,48,48,32.64,48,48,47.9,48,48,47.9,48,48,48,32.75,47.9,48,48,47.9,48,48,48,47.9,48,34.2,48,47.9,48,48,48,48,47.9,48,48,35.5,48,48,47.9,48,48,47.9,48,48,48,35.5,48,47.9,47.9,47.9,47.8,48,48,47.8,47.9,35.3,48,48,48,47.9,47.9,47.9,36.2,35.7
0.000172,48,48,48,48,48,47.9,48,47.9,47.9,48,48,35.7,48,48,47.9,48,48,48,48,48,48.1,35.3,47.9,47.9,47.9,47.9,48,47.9,48,48,48,33.44,48,48,48,48,48,48,47.9,47.9,48,32.64,48,47.9,47.9,48,48,48,48,48,48,32.65,48,48,48,47.9,47.9,47.9,47.9,48,48,34.3,47.9,48,47.9,47.9,48,48,47.9,48,48,35.3,48,48,48,47.9,48,47.9,48,48,48,35.5,48,48,48,48,48,48,48,48,47.9,35.4,48,48,48.1,48,48,48,36.2,35.7
0.000172,48.1,47.8,48,48,48,47.9,48,48,48,48,48,35.7,48,48,47.9,47.9,48,48,47.9,48,48.1,35.3,48,48,47.9,48,47.9,48,47.9,48,47.8,33.49,48,48,48,47.9,48,48,48,48,47.9,32.58,47.9,48,48,48,48,48,48,48,47.9,32.65,48,48,48,48,47.9,48,47.9,47.9,48,34.3,47.9,47.9,48,47.9,48,48,48,48,48,35.3,47.9,48,48,47.9,47.9,48,48,48.1,47.9,35.6,47.9,48,47.9,48,48,48,48,48,47.8,35.4,47.9,47.9,48,48,48,48,36.1,35.7
0.000173,48.1,48,48,48,48,48,47.9,48,48,47.9,47.9,35.8,48,47.9,47.9,48,48,47.8,48,48,48,35.3,47.8,48,48,48,48,48,47.9,48,48,33.49,48,48,48,47.9,48,48,48,48,48,32.39,47.9,47.9,48,48,48,47.9,48,47.8,48,32.8,48,47.9,47.9,48,48,48,48,47.9,47.9,34.2,48,48,47.8,47.9,48,47.9,48,48,47.9,35.3,48,47.9,48,48,48,48,48,48,47.8,35.8,48,48,48,47.9,48,48,47.9,47.9,47.9,35.5,48,48,47.9,48,48,48,35.9,35.8
0.000173,48,48,48,48,48,48,47.9,48,47.9,48,48,35.8,48,48,48,47.9,47.8,48,48,48,47.9,35.3,47.9,47.9,48,47.9,47.7,48,47.9,48,48,33.53,47.9,48,47.9,47.9,47.9,48,47.9,48,47.9,32.35,48,48,48,47.9,48.1,48,48,48,48,32.84,48,47.9,48,47.9,47.8,48,48,47.9,48,34.2,48,47.9,48,48,48,48,48,48,48,35.3,48,47.9,48,48,47.9,47.9,48,48,48,35.9,48,47.9,48,48,48,48,48,48,48,35.5,48,48,48,47.9,48,48,35.8,35.9
0.000173,48,48,48,47.9,48,47.9,48,48,48,47.9,48,35.8,47.9,47.9,47.9,47.8,48,47.9,48,48,48,35.2,47.8,48,48,48,48,47.9,48,47.9,47.9,33.53,48,47.8,47.9,47.9,47.9,48,47.9,48,48,32.35,48,47.9,48,48,48,48,48,48,48,32.98,48,48,48,48,48,48,47.9,47.9,47.9,34.2,47.9,48,48,47.9,48,48,47.9,48,48,35.3,48,48,48,47.9,48,47.9,48,48,47.9,35.9,47.9,48,48,48,48,48,48,48,48,35.6,48,48,48,48,48,48,35.5,35.8
0.000173,48,48,47.9,48,48,48,48,48,48,48,48,35.7,48,48,48,48,48,48,48,48,47.9,35.1,47.9,47.9,48,48,48,48,47.9,47.9,47.9,33.59,48,47.9,47.9,48,48,48,48,48,48,32.35,47.9,47.9,47.9,48,48,48,48,47.9,48,32.74,48,48,48,48,48,48,48,47.9,48,34.3,48,48,48,48,48,48,48,47.9,47.9,35.4,48,48,48,48,47.9,48,48,48,48,36.1,48,47.9,47.9,48,48,48,48,48,48,35.9,47.9,48,48,48,48,47.9,35.5,35.7
0.000173,48,48,47.9,47.9,47.9,47.8,47.9,47.9,48,48,48.1,35.6,47.9,48,47.9,47.9,48,48,48,48,48,35.1,48,48,48,48,48,47.9,47.9,48,48,33.53,47.9,48,47.9,48,48,47.9,48,47.8,48,32.44,48,47.9,48,47.9,48,48,48,47.9,48,33.02,47.9,48,48,48,47.9,48,48,47.9,48,34.4,47.9,48,47.9,47.9,48,48,48,48,48,35.5,48,47.9,47.9,47.9,48,47.9,47.8,47.9,48,36,48,48,48,48,47.8,48,48,48,48,36,48,48,47.9,48,48.1,48,35.5,35.8
0.000174,48,48,48,47.9,48,48,48,48,47.9,48,48,35.5,48,48,48,48,48,47.9,48,48,48,35,48,47.8,47.9,47.9,47.9,47.9,47.9,48,48,33.53,47.9,47.9,47.9,48,48,48,48,47.9,48,32.68,48,48,48,47.9,47.9,47.9,48,47.9,48,32.88,48,47.9,47.9,48,48,48,48,48,48,34.4,47.9,47.9,48,48,48,47.9,48,48,48,35.7,48,48,48,47.9,47.9,47.9,47.8,48,48,35.9,48,48,47.9,47.9,48,47.8,48,48,47.9,36,47.9,47.9,48,47.9,48,47.9,35.7,35.7
0.000174,48,48,48,47.9,48,47.8,48,47.8,48,48,48,35.5,47.9,48,48,47.9,48,48,48,48,47.8,34.9,47.8,47.9,48,47.9,48,48,47.9,48,48,33.53,48,48,48,48,48,47.9,48,48,48,32.72,48,48,48,48,47.9,48,47.9,48,47.9,32.88,48,47.9,47.8,48,48,48,48,48,48,34.4,47.9,48,47.9,48,48,48,48,48,47.9,35.7,47.9,48,48,48,47.9,47.9,48,48,48,35.8,48,47.9,48,47.9,48,48,48,47.9,47.9,36.2,48,47.9,48,47.9,48,48,35.7,35.6
0.000174,48,48,47.9,47.9,48,48,48,47.9,48,47.9,47.9,35.5,47.9,48.1,47.9,48,47.9,47.9,48,47.9,48,35,48,47.9,47.8,48,47.9,48,47.9,48,48,33.53,48,48,48,48,47.9,47.9,48,48,47.9,32.77,48,48,47.9,48,47.9,48,47.9,48,48,32.98,48,48,47.9,48,48,48,48,48,47.9,34.5,47.9,48,48,48,47.9,48,48,48,47.9,35.7,48,48,48,48,47.9,48,48,48,47.9,35.8,47.9,48,48,47.9,47.9,47.9,48,48,48,36.2,48,48,47.9,48,48,47.9,35.9,35.5
0.000174,48,48,47.9,47.9,48,47.9,48,47.9,48,48,48,35.4,48,48,48,48,47.9,48,48,47.9,47.8,35.1,48,48,48,47.9,47.9,48,48,48,47.9,33.49,48,47.9,47.9,48,48,48,48,47.9,47.9,32.68,47.9,48,47.9,48,47.9,48,48,48,48,33.02,48,47.9,48,47.9,48,48,47.9,48,48,34.5,47.9,48.1,48,48,48,48,48,48,48,35.7,47.9,48,48,48,48,48,48,47.9,47.9,35.5,48,48,48,48,48,47.9,47.9,47.9,47.9,36,48,48,47.9,47.9,47.8,48,35.8,35.4
0.000174,47.9,47.9,48,48,48,47.9,48,48,47.8,48,47.9,35.5,48.1,47.8,48,47.9,47.9,48,48,47.9,48,35.1,47.9,48,48,48,48,48,47.9,48,48,33.49,48,48,47.9,48,47.9,47.9,47.9,48,47.9,32.58,47.9,48,48,48,48,48,48,47.9,47.9,32.98,48,47.9,48,48,48,47.9,48,48,48,34.4,47.9,48,48,48,47.9,48,48,47.9,47.9,35.7,48,47.8,48,48,47.9,48,47.9,48,47.9,35.5,48,48,48,47.9,48,48,48,48,47.9,35.9,48,48,47.9,47.8,47.9,48,35.9,35.6
0.000175,48,48,48,47.9,48,48,48,48,47.8,48,48,35.7,48,48,48,48,47.9,47.9,47.9,48,47.9,35.2,48,48,48,48,47.9,48,48,48,48,33.49,47.9,47.8,48,47.8,48,47.9,47.9,48,48,32.48,48,48,47.9,48,48,47.9,47.9,47.9,48,32.88,47.9,48,47.9,47.9,48,48,47.8,48,48,34.4,48,47.9,47.9,47.9,48,48,47.9,48,47.9,35.5,48,48,48,48,47.8,48,48,48,47.9,35.5,48,47.9,48,48,48,47.9,47.9,47.9,47.8,35.7,48,48,47.9,47.9,48,48,36,35.7
0.000175,48,47.9,48,47.9,47.9,48,47.9,48,47.8,48,47.9,35.8,48,47.8,47.9,48,47.8,48,47.9,48,47.9,35.2,48,48,47.9,47.9,48,48,48,47.9,47.8,33.53,47.9,47.9,47.9,47.9,47.9,47.9,47.9,48,48,32.44,48,47.9,48,48,47.9,48,48,48,48,32.88,48,48,48,48,47.9,47.8,47.9,48,48,34.4,48,48,48,47.9,48,48,48,48,47.9,35.4,47.9,48,47.8,47.9,48,48,48,48,48,35.5,47.9,48,48,47.9,47.9,48,48,48,48,35.5,47.9,48,48,47.9,48,48,36,35.7
0.000175,48,48,47.8,48,47.9,48,48,47.9,47.9,48,47.9,35.8,48,48,48,48,48,48,48,48,48,35.2,48,48,48,47.9,48,48,48,48,48,33.43,48,48,48,47.9,48,47.9,48,48,48,32.44,48,48,48,47.8,48,48,48,48,48,32.92,48,48,47.9,47.9,47.9,47.9,48,48,48,34.4,47.9,48,48,47.9,48,48,48,48,47.9,35.5,47.9,47.9,47.9,48,48,48,47.9,47.9,48,35.5,47.9,47.9,48,47.9,47.9,47.9,47.8,48,48,35.3,48,48,47.9,48,48,48,36.2,35.7
0.000175,48,48,48,48,48,47.9,47.9,48,48,48,48,35.8,48,48,48,48,47.8,48,47.9,48,48,35.3,48,47.9,47.9,48,48,48,48,48,48,33.57,48,48,48,48,48,48,48,47.9,48,32.58,48,48,48,47.8,48,47.9,48,48,47.9,32.98,48,47.9,47.9,48,48,47.9,48,48,47.9,34.4,48,47.9,48,48,48,48,48,48,47.8,35.4,48,48,48,48,48,48,47.9,48,48,35.5,48,48,48,48,47.9,47.9,48,48,48,35.4,47.8,48,48,48,48,48,36.1,35.7
0.000175,48,48,47.9,47.9,48,47.9,48,48,47.9,48,48,35.8,47.8,48,48,47.9,48,48,47.9,48,47.9,35.3,48,48,47.9,48,48,47.9,48,48,48,33.57,48.1,47.9,48,47.9,48.1,47.9,48,47.9,48,32.52,48,48,47.9,48,48,47.9,48,47.9,48,32.98,48,48,47.9,48,48,48,47.9,48,48,34.3,48,48,47.9,48,48,47.9,47.9,47.9,48,35.4,48,48,47.9,47.9,48,47.8,48,48,48,35.7,48,48,47.9,48,48,47.9,48,48,48,35.5,47.8,48,48,47.8,47.9,48,36.1,35.9
0.000176,48,48,48,47.9,48,48,48,48,48,47.9,48,35.8,48,47.9,48,48,48,48,48,48,48,35,47.9,47.9,47.9,47.9,47.9,48,48,48,48,33.53,48,48,47.9,48,47.9,47.9,47.9,47.9,47.9,32.67,48,47.9,47.8,47.9,47.9,48,47.9,48,48,33.02,48,48,48,48,47.9,47.9,48,48,48,34.3,48,48,48,48,47.9,47.9,48,48,48,35.4,48,47.9,48,48,47.9,47.9,48,48,48,35.6,48,48,47.9,47.9,48,48,48,48,48,35.5,48,48,47.9,48,48,47.9,35.9,35.7
0.000176,48,48,48,47.9,47.9,48,48,48,48,48,47.9,35.6,48,47.9,47.9,47.9,48,48,48,48,47.8,35.1,48,48,48,48,48,47.9,48,48,47.9,33.62,48,47.8,48,48,48,47.9,47.9,48,48,32.85,48,48,47.9,48,47.9,48,47.9,47.9,48,32.92,48,48,48,48,47.9,47.9,47.9,48,48,34.3,48,48,47.9,47.9,48,48,47.9,48,48,35.5,47.9,48,47.9,48,48,47.9,48,48,47.9,35.7,47.9,47.9,47.8,47.9,48,48,48,47.9,47.9,35.7,48,48,48,48,48,48,35.8,35.9
0.000176,48,48,48,47.9,48,48,47.9,48,48,48,48,35.6,47.9,47.8,47.9,48,47.9,47.8,48,48,48,34.9,47.9,48,48,48,48,48,48,48,47.9,33.76,47.9,48,48,48,47.9,48,48,48,48,32.9,47.9,48,48,48,48,47.9,48,48,47.9,33.07,47.9,47.8,48,48,48,48,47.9,47.9,48,34.4,48,48,47.9,48,48,48,48,47.9,48,35.5,48,48,47.9,47.9,48,48,48,47.9,48,35.8,47.9,48,48,48,48,48,48,48,48,35.9,47.9,47.9,47.9,47.9,48,48,35.8,35.9
0.000176,48,48,48,47.9,47.9,48,47.9,47.9,48,48,47.9,35.6,47.9,48,47.9,47.9,47.9,47.9,47.9,48,47.9,34.8,48,48,48,48,48,48,48,48,48,33.72,47.9,47.9,48,47.9,47.9,47.9,47.8,48,48,32.81,48,48,48,47.8,48,48,48,48,47.9,33.07,48,48,48,47.9,48,48,47.9,48,48,34.2,48,47.8,48,48,47.9,48,48,48,48,35.5,47.9,48,48,48,47.9,47.9,47.9,48,48,35.8,48,47.9,47.9,47.9,48,48,48,48,48,36,47.9,48,48,47.9,48,48,35.7,36
0.000176,48,47.9,47.8,48,48,48,48,47.9,48,48,48,35.7,48,48,48,48,48,48,48,48,47.9,34.8,48,47.9,47.8,48,47.9,47.8,48,48,48,33.76,47.9,47.8,47.9,48,48,47.9,47.9,48,48,32.57,48,48,48,48,48,48,48,47.9,48,33.11,48,48,48,47.9,47.9,48,47.9,48,47.9,34.4,48,47.9,47.9,47.8,47.9,48,47.9,47.9,48,35.6,47.9,48,47.8,48,48,48,48,48,48,35.9,47.9,48,47.9,47.9,47.9,48,48,47.9,47.9,36,48,48,48,48,48,48,35.5,35.8
0.000177,48,48,48,48,48,48,48,47.9,47.8,48,47.9,35.6,48,47.9,48,47.9,48,48,48,48,47.9,34.9,47.9,48,48,47.9,48,48,47.9,48,47.9,33.62,48,48,47.9,48,48,48,48,48,47.9,32.52,47.9,47.9,48,48,47.9,47.9,48,48,48,33.07,48,48,47.9,48,47.9,48,48,48,47.9,34.4,47.7,47.9,48,47.9,48,48,48.1,48,48,35.5,48,47.9,47.9,48,48,48,48,47.9,47.9,35.9,48,48,47.9,48,48,48,47.9,47.9,48,36,47.9,47.9,47.9,48,47.9,47.9,35.5,35.7
0.000177,48,48,47.9,47.8,48,48,48,47.9,47.9,48,48,35.6,48,48,47.9,48,48,47.9,48,48,48,35,48,48,47.9,48,48,48,48,48,47.8,33.66,47.9,48,48,47.9,47.9,48,48,48,47.9,32.44,48,48,47.8,48,48,47.9,47.8,48,47.9,33.11,48,48.1,48,47.9,48,48,47.8,48,47.9,34.4,48,48,48,47.9,48,48,48,48,48.1,35.6,47.9,48,48,48,48,47.9,47.9,48,47.9,35.8,47.9,48,47.9,48,48,48,47.9,48,47.9,36,47.9,47.9,48.1,48,48,48,35.7,35.7
0.000177,48,48,47.8,48,48,47.9,48,48,48,48,48,35.5,47.9,47.9,47.9,48,48,48,47.8,47.9,47.8,35.2,47.9,48,48,48,48,48,48,47.9,48,33.62,47.9,48,47.9,48,48,47.9,48,48,48,32.19,47.9,47.9,47.9,47.9,47.9,48,48,47.9,48,32.97,47.9,48,48,48,47.9,48,48,48,47.9,34.4,47.9,48,47.9,47.9,48,48,48,48,47.8,35.7,47.9,48,48,48,48,48,48,47.8,48,35.8,48,48,48,48,48,48,48,48,48,36,48,48,48,48,48,48,35.8,35.7
0.000177,48,47.9,48,48,47.9,48,47.8,48,48,47.9,48,35.6,48,47.9,48,47.9,48,48,47.9,48,48,35.2,48,48,47.9,47.9,48,48,48,48,47.9,33.62,47.9,48,48,47.9,48,48,48,48,47.8,32.29,48,47.9,47.9,48,48,47.8,47.9,48,48,33.07,47.9,47.8,48,48,47.7,48,47.9,48,48,34.4,48,48,47.8,48,47.9,48,48,47.9,47.9,35.5,48,47.9,48,48,47.9,48,47.9,47.9,48,35.7,48,47.9,48,48,47.9,48,48,47.9,48,35.9,47.9,48,47.9,47.9,48,48,35.8,35.7
0.000177,48,48,47.9,47.9,48,47.9,47.9,48,48,47.7,48,35.6,47.9,47.9,47.8,48,48,47.9,48,47.9,48,35.4,48,47.9,48,48,47.9,48,48,47.9,47.9,33.62,47.9,48,47.9,48,47.9,47.9,47.9,47.9,47.9,32.48,47.9,48,48,48,48,48,48,48,48,33.07,48,48,47.9,47.9,47.9,47.9,48,47.9,48,34.4,48,48,47.9,47.8,47.9,48,48,48,47.9,35.4,47.9,48,47.9,48,48,47.9,47.9,48,47.9,35.7,47.9,47.8,48,48.1,48,47.9,47.9,47.9,47.9,35.6,47.9,47.9,47.9,48,47.9,47.9,36.1,35.6
0.000178,48,48,48,48,48,48,47.9,47.9,48,48.1,48,35.8,48,48,48,47.9,48,48,48,48,48,35.4,48,48,47.9,47.9,48,48,48,47.8,47.9,33.57,48,47.9,48,48,48,47.9,48,47.9,48,32.67,47.9,48,47.9,47.9,48,47.9,48,48,48,33.01,48,47.9,48,47.9,48,48,48,47.9,48,34.4,48,47.9,48,47.9,47.9,48,47.9,48,48,35.5,47.9,48,48,48,48,47.9,48,48,47.8,35.7,48,48,48,48,47.9,48,48,47.9,48,35.4,48,47.9,48,48,47.9,48,36.2,35.7
0.000178,48,47.8,48,48,48,48,48,48,48,48,48,35.8,48,48,47.9,48,48,47.9,47.9,47.9,47.9,35.5,47.9,48,48,47.9,48,47.8,48,47.9,47.9,33.66,47.8,48,48,47.9,48,48,47.9,47.9,48,32.75,47.9,48,48,48.1,48,47.8,47.9,47.9,47.9,33.01,47.9,48.1,48,48,48,47.9,48,48,48,34.4,48,48,48,47.9,47.9,47.9,48,47.9,47.9,35.4,48,47.8,47.9,48,48,48,47.8,47.9,48,35.6,48,48,47.9,48,48,47.9,48,47.8,48,35.4,48,48,48,47.9,47.9,48,36.2,35.7
0.000178,47.9,48,47.8,47.9,48,47.9,48,47.7,47.9,48,48,35.8,47.9,48,48,48,47.9,48,48,48,47.9,35.4,48,48,47.9,48,47.9,48,48,47.9,47.9,33.66,48,48,48,47.9,48,48,48,48,48,32.94,48,48,48,48,47.9,48,48,48,48,32.92,48,48,48,47.9,48,48,48,47.9,48,34.4,47.8,48,47.9,47.9,47.9,48,48,48,48,35.4,47.9,47.9,47.9,47.9,47.9,47.9,48,48,48,35.7,48,48,47.9,48,47.9,48,48,47.9,48,35.5,48,47.9,47.9,47.9,48,48,36.2,35.7
0.000178,48.1,48,48,48,47.9,48,47.9,47.9,47.9,48,47.9,35.8,47.9,48,48,48,48,48,48,48,48,35.1,48,48,48,47.9,47.9,47.8,47.9,48,47.9,33.66,48,48,48,47.9,48,48,47.8,48,47.9,33.18,48,48,48,48,48,47.9,48,47.9,48,33.11,47.9,47.9,47.9,47.9,48,48,47.7,48,47.9,34.3,47.9,48,48,47.8,47.9,48,47.8,48,47.9,35.5,48,48,47.9,48,48,47.9,47.9,48,47.9,35.7,48,48,47.9,48,48,47.8,47.8,47.9,48,35.5,48,47.9,48,47.9,48,48,36,35.7
0.000178,48,47.9,48,47.9,48,47.9,48,48,48,48,48,35.7,47.9,48,48,48,48,48,48,48,48,34.7,48,48,48,48,48,48,47.9,48,48,33.7,48,48,47.9,48,48,48,48,48,47.9,33.14,48,48,48,48,48,47.8,47.9,48,48,33.01,47.9,48,47.9,48,48,48,48,48,47.9,34.3,48,48,47.9,48,48,48,47.9,48,47.9,35.6,48,48,48,48,48,47.8,47.9,47.9,47.8,35.7,47.9,47.9,48,48,48,48,48,47.9,47.9,35.6,47.9,47.9,48,47.9,47.9,48,35.9,35.6
0.000179,48,48,48,47.9,47.9,47.9,48,47.9,47.9,48,48,35.8,47.9,48,48,48,48,47.9,48,48,48,34.8,48,47.9,47.9,48,47.8,47.9,47.9,48,48,33.7,47.8,47.9,48,48,48,48,48,48,48,32.75,48,47.9,47.9,48,48,48,48,48,48,33.15,47.9,47.9,48,48,48,47.9,48,48,48,34.4,48,48,48,48,48,47.9,48,48,47.9,35.4,47.9,48,48,48,48,48,47.9,47.9,48,35.8,48,47.9,48,47.9,48,47.9,48,48,47.8,35.7,47.9,48,47.9,48,48,48,35.8,35.7
0.000179,48,48,47.9,47.9,47.9,48,47.9,48,48,48,48,35.7,47.9,48,47.9,48,48,48,48,48,48,34.7,48,48,47.9,48,47.8,48,48,48,48,33.66,48,48,48,47.9,47.9,48.1,48,48,48,32.67,48,48,47.9,48,48,47.9,48,47.9,47.9,33.2,48,47.9,48,48,48,48,47.9,48,48,34.4,48,47.9,48,48,48,48,47.9,47.9,48,35.5,47.9,47.9,48,47.9,48,47.9,47.9,47.9,47.9,35.7,48,48,48,48,48,48,47.9,47.9,48,35.9,47.9,48,47.9,48,48,47.9,35.7,35.8
0.000179,48,47.9,48,48,48,48,48,47.8,48,48,47.9,35.6,48,48,47.9,48,48,48,48,47.9,47.9,34.8,48,47.9,47.8,48,47.9,48,47.9,48,48,33.7,48,48,48,47.9,47.9,47.9,47.9,48,47.9,32.57,47.9,48,48,47.9,47.9,47.9,47.9,47.9,47.9,33.01,48,48,48,48,48,47.9,48,48,48,34.3,47.9,47.9,48,48,47.8,48,47.9,48,48.1,35.4,47.9,48,48,47.9,48,47.9,47.9,47.9,47.9,35.8,47.9,48,48,47.9,47.9,47.9,47.9,47.8,48,35.9,48,47.9,48,47.9,47.9,48,35.8,35.7
0.000179,48,47.9,48,48,47.9,48,47.9,47.9,48,48,48,35.6,48,48,47.9,48,48,47.9,48,47.9,47.9,35,48,47.9,48,47.9,48,47.9,48,48,48,33.75,47.9,48,48,48,48,48,47.9,48,47.9,32.38,48,47.9,48,48,48,47.9,48,48,48,33.01,48,48,48,48,48,48,48,47.9,47.9,34.4,48,48,48,47.9,47.9,48,48,48,47.9,35.3,48,47.9,47.9,48,47.8,47.9,48,48,48,35.9,48,48,48,48,48,48,48,47.8,47.9,36,47.9,47.9,47.8,47.9,48,47.9,35.7,35.7
0.000179,48.1,48,48,47.9,48,48,47.9,48,48,47.9,48,35.5,48,48,48,48,47.9,48,47.9,47.9,47.9,35.3,48,47.8,47.8,47.9,47.9,47.9,47.9,47.9,48,33.7,47.9,47.8,47.9,48,47.9,48,48,47.8,47.9,32.52,48,47.9,47.9,48,47.9,47.9,48,48,48,32.91,48,47.9,47.9,47.9,48,48,48,48,48,34.3,47.9,48,47.9,47.8,48,47.9,47.9,47.9,48,35.3,48,48,48,48,48,47.9,47.9,48,47.9,35.9,47.9,47.9,47.9,47.9,48,47.9,48,48,47.8,36,48,47.9,47.9,48,47.8,48,35.8,35.7
0.00018,48,48,48,47.9,47.8,47.9,48,48,47.9,47.9,48,35.6,48,48,48,48,48,48,48,47.9,48,35.3,47.9,47.9,48,48,48,47.9,48,47.9,48,33.7,47.9,48,47.9,48,48,48,48,48,47.9,32.67,48,48,47.9,48,47.9,48,48,48,47.9,32.87,48,47.9,48,48,48,47.8,48,47.9,47.9,34.4,47.9,47.9,48,47.9,47.8,48,48,48,48,35.3,48,47.9,47.9,48,48,48,48,48,47.9,35.7,47.9,48,47.8,48,48,48,47.8,47.9,47.9,36,48,48,47.9,47.9,47.9,48,35.8,35.7
0.00018,48,47.9,48,48,48,48,48,47.9,48,48,48,35.5,47.9,47.8,48,47.9,48,48,47.9,48,47.9,35.3,48,48,47.9,48,47.9,48,48,48,48,33.56,48,48,48,47.9,48,47.9,47.9,48,47.9,32.75,48,47.9,48,47.9,48,48,48,47.9,48,32.95,48,48,48,48,48,47.8,48,48.1,48,34.3,47.9,48,48,48,48,48,48,47.9,47.9,35.3,48,47.9,47.9,47.9,48,48,47.9,48,48,35.8,48,48,48,48,48,47.8,47.9,47.9,48,35.9,48,47.9,47.9,47.9,47.9,47.9,35.9,35.7
0.00018,48.1,48,48,47.9,47.9,48,47.9,48,47.9,48,48,35.5,47.9,47.9,47.9,48,48,47.8,48,47.9,47.9,35.3,47.9,47.8,48,48,48,48,48,47.9,47.9,33.75,48,48,48,47.9,47.9,48,48,48,48,32.94,47.9,48,48,48,47.9,48,48,48,47.9,33.2,48,48,47.9,48,47.9,48,47.9,48,48,34.4,48,47.9,47.9,47.9,47.8,48,47.9,47.9,48,35.4,47.9,48,48,47.9,48,48,48,47.9,48,35.6,48,48,48,48,48,48,48,47.9,47.9,36,47.9,48,47.8,47.9,47.9,47.9,35.9,35.7
0.00018,48,47.8,47.9,47.9,47.8,47.9,47.9,47.8,48,48,48,35.6,48,47.9,48,47.9,48,47.9,48,47.9,48,35.3,47.9,48,48,48,48,48,47.8,48,47.8,33.6,48,48,48,48,47.9,48,47.9,48,48,33.18,47.9,47.9,47.9,48,47.9,47.9,47.9,48,48,33.05,47.9,47.9,48,47.9,48,48,48,47.8,47.9,34.4,48,48,48,48,48,48,48,47.9,48,35.4,48,47.9,48,47.9,47.9,47.9,48,48,48,35.6,47.9,47.9,48,48,48,47.9,48,47.9,47.9,35.8,48,48,47.9,48,48,48,36,35.7
0.00018,48,48,47.9,48,47.9,47.9,48,47.9,48,48,48,35.6,48,48,48,48,48,48,47.9,48,47.8,35.3,47.9,48,48,47.8,47.8,47.9,48,48,48,33.66,48,47.9,47.9,48,48,48,48,48,47.9,33.27,48,48,47.9,48,48,48,47.8,48,47.9,33.15,47.8,47.9,48,48,48,47.9,48,47.9,48,34.4,47.9,48,48,47.9,47.9,48,47.9,47.9,48,35.5,48,47.8,47.9,48,48,48,48,48,47.9,35.6,48,48,48,48,47.9,47.9,47.9,47.9,48,35.8,47.9,48,48,48,47.9,48,35.9,35.7
0.000181,48,48,48,47.9,48,48,47.9,48,47.9,48,48,35.8,48,48,48,48,48,48,48,47.9,47.8,35.3,48,48,47.9,48,48,48,47.9,48,47.8,33.66,48,47.8,47.8,47.8,47.9,47.8,48,47.9,47.9,33.08,48,47.9,47.9,48,47.9,48,48,48,48,33.24,48,47.9,47.9,48,48,48,48,48,47.9,34.4,48,48,47.9,47.9,47.8,48,47.9,48,48,35.6,48,48,47.8,47.9,48,47.9,48,48,48,35.5,48,47.9,47.9,48,48,48,48,48,48,35.7,47.9,48,47.9,47.8,48,48,36,35.7
0.000181,48,47.9,48,48,47.9,48,47.9,48,47.9,48,47.8,35.8,47.9,48,48,48,48,47.9,47.9,47.9,48,35.3,47.9,48,48,47.9,47.8,47.9,47.9,47.9,48,33.6,47.8,47.9,48,47.9,48,47.9,48,48,47.9,33.08,47.8,48,48,47.9,48,47.9,48,48,47.9,33.1,47.9,47.9,48,48,48,47.9,48,47.9,47.8,34.3,48,48,47.9,48,48,48,48,48,47.9,35.7,48,47.9,48,48,48,48,47.9,47.9,48,35.7,48,48,48,47.9,47.9,47.8,48,47.9,48,35.6,48,47.9,48,48,47.9,48,36,35.7
0.000181,48,48,48,48,48,48,47.8,48,47.9,47.9,47.9,35.8,48,48,47.9,48,47.9,48,47.9,48,48,35.3,47.9,48,48,47.8,48,47.9,47.9,48,47.9,33.7,47.9,47.9,47.9,48,48,48,47.8,48,48,32.9,48,48,47.9,48,48,48,47.9,47.9,48,33,48,48,48,48,47.9,48,48,47.9,48,34.3,48,48,48,48,47.9,48,48,47.8,48,35.8,48,48,48,48,48,47.9,47.9,47.9,47.9,35.6,48,48,47.9,48,48,48,48,48,47.8,35.6,47.9,47.9,48,48,48,48,36,35.7
0.000181,48,48,48,48,48,47.9,47.8,48,47.8,48,48,35.8,47.9,48,47.9,48,47.9,48,48,48,48,35.3,47.9,48,47.9,47.9,48,48,47.9,47.9,47.9,33.75,48,48,47.9,47.9,48,48,47.9,47.8,48,32.75,47.9,47.9,48,48,47.9,47.9,48,48,48,33.05,47.9,48,47.8,47.9,47.9,48,47.9,48,47.9,34.3,47.9,48,48,47.8,47.9,47.8,48,48,48,35.8,47.9,48,47.9,48,47.9,47.9,47.9,47.9,47.9,35.6,48,48,48,47.9,48,47.9,47.9,48,47.9,35.6,48,48,48,48,47.9,47.9,36,35.7
0.000181,48,47.9,47.8,48,48,48,47.9,47.9,48,47.9,47.9,35.8,48,48,48,48,48,48,47.9,47.9,47.8,35.3,48,48,48,48,47.9,47.9,48,47.9,47.9,33.79,48,47.9,48,47.9,47.9,48,48,48,47.9,32.61,47.9,48,48,48,48,47.8,48,47.8,48,33.15,47.9,47.9,48,47.9,47.9,48,47.9,48,48,34.4,47.7,48,48,48,48,47.9,48,47.9,48,35.7,47.9,48,47.8,48,48,48,48,48,48,35.8,48,47.9,48,48,48,48,47.9,47.9,47.9,35.8,48,47.7,48,47.9,48,47.9,35.8,35.7
0.000182,48,48,48,47.9,47.9,48,48,47.9,47.9,48,47.8,35.6,48,48,48,48,48,47.8,47.9,47.9,47.9,35.3,47.9,47.8,47.9,48,47.9,48,48,48,47.9,33.89,47.8,47.9,48,48,47.9,47.9,47.9,47.9,48,32.75,48,48,48,47.9,48,47.9,47.9,47.9,48,32.95,48,47.9,48,48,48,48,48,48,48,34.4,48,48,48,48,48,47.9,48,48,48,35.6,47.9,48,47.9,47.9,48,48,47.8,47.9,47.9,35.9,47.8,48,47.9,48,48,48,48,48,47.9,35.8,48,48,47.9,47.9,48,47.9,35.8,35.7
0.000182,48,47.9,48,47.8,48,48,48,47.9,48,48,48,35.8,48,48,47.9,48,48,48,48,48,48,35.3,47.9,47.9,48,48,48,47.8,47.9,48,48,33.9,48,47.9,48,47.9,48,47.9,47.9,47.9,48,32.71,48,48,47.9,48,48,48,47.9,48,48,33,47.9,48,48,47.9,48,47.9,47.9,48,48,34.5,48,47.9,47.9,48,48,48,47.9,48,48,35.3,48,47.9,47.9,48,47.8,48,48,47.9,47.9,35.9,47.9,48,48,48,48,47.9,48,48,48,35.8,47.9,47.9,48,47.8,48,48,35.8,35.8
0.000182,48,48,48,48,48,47.9,48,48,47.8,48,47.9,35.7,48,48,47.7,47.9,47.9,47.8,48,48,47.9,35.2,48,47.9,47.9,48,48,47.9,48,47.8,47.9,33.8,48,47.9,47.9,47.9,47.9,48,48,48,48,32.65,48,48,47.8,47.9,48,48,48,47.9,47.8,33.28,48,48,47.9,48,47.8,48,47.9,48,48,34.7,48,48,47.9,48,47.9,47.9,47.9,47.9,47.9,35.4,48,47.9,48,48,48,48,48,48,48,35.9,47.9,48,48,48,48,48,48,48,48,36,47.9,48,48,47.9,47.9,48,35.8,35.8
0.000182,48,47.9,48,47.9,48,47.8,47.9,48,47.9,48,48,35.7,47.9,48,47.9,47.9,48,47.9,48,48,47.9,35,48,48,47.9,48,47.8,48,48,47.9,48,33.9,48,48,47.9,48,47.9,47.9,48,48,48,32.65,48,48,47.9,48,47.9,47.9,48,48,48,33.18,48,47.9,47.8,48,48,48,48,48,48,34.7,48,47.9,47.9,48,48,47.9,47.9,48,48,35.3,48,48,47.8,47.9,48,47.8,48,48,48,36.1,48,48,47.9,48,47.8,48,47.9,47.9,48,35.9,48,48,47.9,47.9,47.9,48,35.8,35.7
0.000182,48,47.8,47.9,48,47.9,48,47.9,47.9,48,47.9,48,35.7,47.8,48,48,47.9,48,47.8,48,48,48,35.2,47.8,48,47.9,48,47.9,48,47.9,47.8,47.9,33.79,47.9,47.9,48,48,47.9,48,48,47.8,47.9,32.84,47.9,48,47.9,47.9,47.9,48,48,47.8,48,33.2,47.9,48,47.9,48,48,48,48,48,48,34.6,47.9,47.9,48,47.8,47.9,48,48,47.8,48,35.3,47.8,47.9,47.8,47.9,48,48,48,47.9,47.9,36,48,47.9,47.9,47.9,48,48,47.9,48,47.9,36,48,47.9,48,48,47.9,47.9,35.8,35.7
0.000183,48,48,48,48,47.9,48,48,48,47.9,48,48,35.7,48,48,48,48,47.9,48,48,48,47.9,35.2,47.9,48,47.9,48,48,48,48,48,47.8,33.7,48,47.9,48,47.9,48,48,48,48,47.9,32.98,48,48,48,48,47.9,47.9,48,48,48,33.28,47.9,48,47.9,48,48,48,48,48,47.9,34.6,47.9,47.9,47.9,48,47.9,47.9,47.8,47.9,48,35.4,48,48,48,48,48,48,47.8,48,48,35.9,48,48,47.9,48,48,48,48,48,47.8,36,47.9,48,47.9,47.9,48,48,35.8,35.7
0.000183,48,48,47.9,47.9,47.9,47.9,47.9,48,48,48,48,35.7,47.8,47.9,47.9,48,48,48,48,48,48,35.2,47.9,48,48,48,47.9,48,48,48,48,33.56,48,48,47.9,48,47.9,48,48,47.9,48,32.84,47.9,48,48,47.9,48,47.9,48,47.9,47.9,33.18,48,48,48,48,48,48,48,48,48,34.5,47.9,48,47.9,47.9,47.9,48,47.9,48,48,35.5,48,48,48,47.9,48,48,48,47.9,48,35.6,48,48,47.8,48,48,48,47.9,47.9,48,36,48,48,47.9,47.8,47.9,48,35.9,35.7
0.000183,48,47.8,48,47.9,48,47.9,48,48,48,47.9,47.9,35.6,47.9,48,48,47.9,48,47.9,48,47.9,47.9,35.3,47.8,48,47.7,48,48,47.9,48,48,47.9,33.42,47.9,48,48,47.9,47.9,47.9,48,47.9,48,33.02,48,47.8,48,48,48,48,48,48,48,33.14,48,47.9,48,48,48,48,48,47.8,48,34.3,48,47.9,48,47.9,47.8,47.9,48,47.9,48,35.5,48,47.9,48,47.9,47.9,47.8,48,47.8,48,35.5,48,47.9,47.9,48,48,48,48,47.9,48,35.8,47.9,48,48,47.9,47.9,48,35.9,35.6
0.000183,48,48,47.9,47.9,48,48,48,48,47.9,48,47.9,35.8,48,47.9,47.9,48,48,47.9,48,47.9,48,35.3,47.8,48,48,48,48,48,48,48,48,33.52,48,47.9,47.9,47.8,48,48,47.9,48,48,32.97,47.9,48,47.9,47.9,48,47.9,47.9,48,48,33.24,47.9,48,48,48,47.9,48,47.9,47.9,47.8,34.2,47.9,48,48,47.9,48,47.9,48,47.9,48,35.6,47.9,48,48,48,47.9,47.9,47.8,47.9,48,35.4,47.9,47.9,47.9,48,47.9,48,47.9,48,47.9,35.8,48,47.9,48,47.9,47.9,48,35.8,35.6
0.000183,48,47.9,47.9,47.9,48,48,47.8,48,48,47.9,48,35.7,48,48,47.7,48,47.8,47.9,48,48,47.9,35.3,48,48,47.8,48,48,48,48,47.9,47.9,33.46,48,47.8,47.9,48,48,48,47.8,48,48,32.88,48,47.9,47.9,48,48,48,48,48,48,33.1,47.9,48,48,47.9,47.9,48,47.8,47.8,48,34.2,48,47.9,47.9,48,48,48,48,47.9,48,35.7,47.9,48,48,48,48,47.8,47.9,47.9,48,35.3,48,48,47.9,47.9,48,47.9,47.9,47.9,48,35.7,47.9,48,47.9,48,48,48,35.9,35.5
0.000184,48,48,48,47.9,47.9,47.9,48,48,47.9,48,48,35.8,48,47.9,47.9,47.9,48,48,47.9,48,48,35.3,47.9,48,47.9,48,47.9,47.9,48,47.9,47.9,33.56,47.9,48,47.9,47.8,47.8,48,48,47.9,47.8,33.02,47.9,47.9,47.8,47.9,47.9,48,47.9,47.9,48,33.08,47.9,48,47.9,47.9,47.9,48,48,48,48,34.2,48,48,47.9,47.9,47.9,48,47.9,47.9,48,35.7,47.9,48,47.9,48,47.9,48,47.9,47.9,48,35.2,47.9,48,47.9,47.9,48,47.9,48,47.8,48,35.7,48,47.9,47.9,48,47.9,47.9,35.9,35.4
0.000184,48.1,47.9,48,47.9,48,48,48,47.9,47.8,48,47.9,35.7,48,48,47.9,47.9,48,48,48,48,48,35.3,48,47.9,47.9,48,47.9,48,48,48,48,33.65,48,47.8,48,48,48,48,48,48,48,32.92,47.9,47.9,48,48,48,48,48,47.9,48,33.04,47.9,48,47.8,47.9,48,47.8,47.8,48,48,34.4,47.8,48,47.9,48,48,48,47.8,48,47.9,35.7,48,47.9,48,47.9,48,48,47.9,47.9,47.9,35.5,48,48,48,47.8,48,48,48,48,47.9,35.7,47.8,48,47.9,47.9,47.9,47.8,35.9,35.4
0.000184,48,48,48,47.9,47.9,47.9,48,48,48,47.9,48,35.8,48,48,47.9,48,47.9,47.9,47.8,47.9,48,35.3,48,47.9,48,48,47.9,48,47.9,47.9,48,33.89,47.9,48,47.9,48,48,48,48,47.8,48,32.88,48,48,47.8,48,48,48,48,47.9,48,33.08,48,48,48,48,48,47.9,48,48,47.9,34.5,47.9,47.8,48,48,48,47.9,47.9,47.8,48,35.5,48,47.9,47.9,47.9,47.8,48,48,47.8,48,35.7,48,48,47.9,47.8,48,48,47.9,48,48,35.7,48,48,48,47.9,47.8,48,35.8,35.5
0.000184,48,48,48,48,47.9,48,47.9,47.9,48,47.9,48,35.6,47.9,48,48,48,47.9,47.7,47.9,47.9,48,35.3,48,47.9,48,48,47.9,48,48,48,48,33.8,47.9,47.9,47.9,47.8,48,47.9,48,47.9,47.9,32.92,48,47.9,48,48,48,48,47.9,48,48,33.13,47.9,47.9,48,48,47.9,48,47.9,47.9,48,34.8,48,47.9,48,48,48,48,47.8,48,48,35.6,48,48,48,48,47.9,47.8,47.9,47.9,48,35.9,48,47.9,47.9,48,47.9,47.9,48,47.9,48,35.7,47.9,47.9,48,47.9,47.9,47.8,35.8,35.4
0.000184,48.1,48,48,48,48,48,47.9,48,47.8,47.9,48,35.7,48,47.9,48,48,48,48,48,47.9,47.9,35.1,48,48,48,48,47.8,48,47.8,48,47.9,33.9,48,48,47.9,47.9,48,48,47.9,47.9,48,32.78,48,47.9,47.9,48,48,47.9,47.9,48,48,33.28,48,48,48,48,47.9,47.9,47.9,48,48,34.9,47.9,48,48,48,48,48,48,47.9,47.9,35.5,47.9,47.8,47.9,47.9,48,47.9,48,48,47.9,36,47.9,48,48,48,48,48,47.9,48,48,35.8,47.9,47.9,48,47.8,48,48,35.9,35.8
0.000185,48,48,47.9,47.9,48,47.8,48,48,48,48,47.9,35.5,47.9,47.9,48,48,48,48,47.9,48,47.9,35.1,47.9,47.9,47.9,47.9,47.9,47.8,47.9,47.9,48,34,47.9,48,47.8,47.9,48,47.9,48,48,47.9,32.88,47.9,47.9,48,48,48,48,48,48,47.9,33.18,47.9,47.9,47.9,47.8,48,48,47.8,47.8,48,34.9,47.8,47.9,48,48,48,48,48,47.9,47.9,35.5,48,48,48,48,48,47.9,47.9,48,48,36,48,47.8,47.9,48,48,47.9,48,48,47.9,35.7,48,48,47.9,48,47.9,48,35.8,35.8
0.000185,48,48,47.8,47.9,48,47.9,48,47.9,47.8,47.9,48,35.7,48,48,48,48,48,48,48,48,48,35.1,48,48,48,47.9,48,47.9,48,48,47.9,33.8,47.9,48,47.8,47.9,47.9,48,47.8,47.9,47.9,32.88,47.9,48,47.9,48,48,48,48,48,48,33.33,47.9,48,47.9,48,47.9,47.9,47.8,47.9,47.9,34.9,47.8,47.9,47.9,47.7,48,47.9,47.9,47.9,48,35.4,48,48,47.9,47.9,47.8,48,47.9,48,48,36,48,47.8,48,47.9,48,48,48,48,47.9,35.8,48,47.9,48,47.9,47.8,48,35.8,35.9
0.000185,48,47.9,48,48,48,47.9,48,48,47.9,47.7,47.9,35.5,47.9,48,48,48,48,48,48,48,47.8,35.1,48,47.9,48,47.9,47.9,48,48,48.1,48,33.8,47.9,48,48,48,48,48,48,48,48,32.78,47.9,48,47.8,48,48,47.8,48,48,48,33.13,48,48,47.9,47.9,47.8,48,47.8,48,47.9,34.6,47.9,48,47.8,47.9,48,47.9,47.9,48,48,35.5,47.9,48,47.9,48,48,47.7,47.9,48,48,35.9,48,48,48,47.9,48,47.9,47.9,47.9,47.9,35.8,47.9,47.9,47.8,47.9,47.9,47.9,35.8,35.9
0.000185,48.1,48,48,47.9,48,48,47.9,47.8,48,47.9,48,35.6,47.9,47.9,47.9,48,47.9,47.9,48,48,48,35.2,47.8,47.9,48,47.8,47.9,47.9,47.8,48,47.9,33.79,48,47.9,47.7,47.8,48,47.9,47.9,47.9,47.9,32.82,48,48,47.9,47.9,47.9,47.9,48,47.9,48,33.08,47.9,48,48,48,47.9,48,48,48,48,34.4,48,48,47.9,48,47.9,47.9,48,48,47.9,35.4,48,48,48,48,48,47.7,47.9,47.9,48,35.9,48,47.9,48,47.9,48,47.9,48,48,47.9,36,48,47.8,48,47.9,48,47.8,35.7,35.9
0.000185,48,47.9,48,47.9,48,48,48,48,47.8,48,48,35.5,48,48,47.9,48,47.9,47.9,47.9,48,47.9,35.3,47.9,47.9,48,47.9,48,47.9,48,48,47.8,33.79,47.9,47.9,48,48,47.9,48,48,48,48,32.82,48,47.9,47.9,48,48,47.9,48,48,47.9,33.18,48,48,47.8,47.9,47.9,48,48,48,48,34.2,48,47.9,47.9,47.8,47.9,48,48,48,47.9,35.4,47.9,47.9,47.9,48,47.8,47.8,47.9,48,47.8,35.6,47.9,47.9,47.9,48,47.9,47.9,47.9,48,48,36,47.9,48,47.9,48,48,48,35.8,35.9
0.000186,48,48,48,48,47.9,48,48,48,47.9,48,47.8,35.5,48,47.8,47.9,48,48,47.9,47.9,48,47.9,35.2,47.9,48,48,47.9,47.9,48,47.9,47.9,48,33.75,47.9,48,47.9,48,48,47.9,48,47.9,48,32.92,47.9,48,48,47.9,47.9,47.9,47.9,48,47.9,33.17,48,48,48,48,47.8,48,47.8,48,48,34,48,48,48,48,47.9,48,47.9,48,47.9,35.5,47.8,48,47.9,47.9,48,47.9,48,47.8,48,35.5,48,47.9,47.8,47.9,47.9,47.8,47.9,48,48,36,48,48,47.9,47.9,47.9,47.8,35.7,35.8
0.000186,48,48,47.9,47.9,47.9,47.9,47.9,47.8,47.9,48,48,35.6,48,47.9,47.9,47.9,48,48,47.9,47.9,48,35.3,48,47.9,47.9,47.8,47.9,48,47.9,47.9,48,33.75,47.9,48,48,47.9,48,48,47.8,48,47.9,32.92,48,47.9,48,48,48,47.9,47.8,47.9,48,33.33,48,47.9,47.9,48,47.9,47.9,47.8,47.9,47.9,33.8,47.8,48,48,48,47.9,48,48,48,47.9,35.5,47.9,47.9,48,47.9,48,47.9,48,48,47.7,35.5,48,48,48,48,48,47.9,47.9,47.9,48,36.2,47.9,47.9,47.9,48,48,48,35.8,35.7
0.000186,48.1,47.9,48,48,47.9,47.9,47.9,47.9,48,47.9,48,35.5,48,48,48,48,47.9,48,47.9,47.9,47.9,35.2,47.8,47.8,47.9,47.9,47.9,48,47.9,47.8,48,33.75,48,48,47.7,47.9,48,48,47.9,48,47.9,32.82,47.8,48,47.9,47.8,47.9,47.9,47.9,47.9,48,33.13,47.9,48,48,47.9,47.8,48,47.9,48,48,33.8,47.8,48,48,48,48,48,47.9,48,48,35.5,48,48,47.9,47.9,48,48,48,47.8,48,35.5,47.9,48,47.9,47.8,47.9,48,48,47.9,47.9,36.1,48,48,48,48,48,48,35.7,35.5
0.000186,48,48,48,47.8,48,48,47.9,48,47.9,48,48,35.6,48,47.8,47.9,47.8,48,47.9,47.9,48,48,35.2,47.9,47.9,48,48,48,48,47.9,48,47.9,33.65,48,48,48,48,48,47.9,48,47.9,48,32.97,47.9,47.8,47.9,48,48,47.9,48,47.9,48,33.37,47.9,48,47.9,47.9,47.9,48,47.8,47.9,47.9,34,47.9,47.9,47.9,48,47.9,48,47.9,48,48,35.6,48,47.9,47.9,48,47.9,48,48,47.9,47.9,35.5,48,47.9,47.8,48,48,47.9,47.9,47.9,47.9,36,47.9,48,48,48,47.8,47.9,35.7,35.5
0.000186,48,47.9,48,47.8,48,48,47.9,48,48,47.9,48,35.7,48,47.9,47.9,47.9,48,48,48,47.9,47.9,35.3,47.9,48,47.9,48,48,48,47.9,48,48,33.69,47.9,48,47.9,47.9,48,48,48,48,47.9,32.87,48,47.9,48,47.8,47.9,48,48,48,48,33.31,47.9,48,47.9,47.9,48,47.9,47.8,47.9,47.9,34.2,47.9,47.9,48,47.9,47.9,48,47.9,47.9,48,35.6,47.9,47.9,48,48,47.9,48,48,48,47.9,35.5,48,48,48,48,48,48,47.8,47.9,48,35.8,48,48,47.9,48,48,48,35.7,35.5
0.000187,48,47.9,48,48,48,47.9,47.9,48,48,47.9,48,35.8,48,47.9,48,48,47.8,47.9,47.9,48,48,35.2,47.9,48,48,48,48,47.9,47.9,47.9,47.9,33.79,48,48,48,47.9,48,48,47.9,47.9,47.9,32.82,48,48,48,48,48,48,48,48,47.9,33.27,48,48,47.9,47.9,48,48,48,47.9,47.9,34.4,47.9,47.9,48,47.9,47.9,47.8,47.7,48,47.9,35.5,47.9,48,48,48,48,47.9,48,47.9,47.9,35.7,47.9,48,47.8,47.9,47.9,48,47.8,48,48,35.8,47.9,47.9,47.9,48,48,48,35.8,35.7
0.000187,48,48,48,47.9,47.9,48,47.7,48,47.9,47.9,48,35.8,48,47.9,48,47.9,48,48,47.9,47.8,48,35.1,47.9,47.9,47.9,48.1,48,48,47.9,48,48,33.8,48,47.9,48,48,48,48,48,48,47.9,32.87,47.9,47.9,47.9,48,48,48,47.9,47.9,48,33.27,48,47.9,47.9,47.9,48,48,47.9,48,48,34.7,47.9,48,47.9,47.9,47.9,47.8,47.9,47.9,47.9,35.5,48,47.8,48,47.9,48,48,48,48,47.8,35.7,48,47.9,47.8,48,48,48,48,47.9,47.9,35.8,48,48,48,47.9,47.9,47.9,35.8,35.7
0.000187,48,48,47.9,48,47.9,47.9,47.9,47.9,48,47.9,47.9,35.9,47.8,48,48,47.9,47.9,48,47.9,48,48,35.2,47.9,47.9,47.9,48,47.9,48,47.9,48,48,33.8,48,48,47.9,48,48,47.9,47.9,48,48,32.91,48,48,48,48,47.9,47.9,48,48,48,33.37,48,47.9,47.9,47.9,47.9,47.9,47.9,48,47.9,34.8,47.9,47.8,47.9,48,48,48,47.9,47.9,47.8,35.5,47.9,47.9,47.9,47.9,48,47.9,47.9,47.9,48,35.8,48,48,48,47.9,47.9,48,47.9,48,48,35.7,47.7,47.9,48,48,48,48,35.8,35.9
0.000187,48,47.9,48,48,47.8,48,47.9,47.9,47.9,48,48,35.8,48,47.9,48,48,48,48,47.8,47.9,48,35.2,48,48,48,47.9,48,47.9,47.9,48,48,33.9,48,48,47.9,47.9,47.9,47.9,47.9,47.9,48,33.01,48,48,48,48,47.9,48,47.9,48,47.8,33.17,47.9,47.9,47.9,47.9,48,48,47.9,48,48,34.8,47.9,47.9,47.9,47.8,47.9,48,47.9,47.9,48,35.4,47.9,48,47.8,48,47.8,48,47.9,47.8,47.9,35.9,47.9,48,47.9,47.9,48,48,48,47.8,48,35.6,47.9,48,48,48,48,47.8,35.8,36
0.000187,48,47.9,48,48,48,47.8,47.9,47.9,47.8,47.9,48,35.8,48,48,48,48,47.9,47.9,48,48,48,35.3,47.8,47.9,48,47.9,47.9,48,48,48,47.9,33.9,47.9,48,48,47.9,48,48,48,48,48,33.05,48,47.8,48,48,47.9,48,48,48,48,33.13,47.9,47.9,48,47.8,47.9,48,48,48,48,34.8,47.9,48,47.9,48,48,48,47.9,48,48,35.6,47.8,47.9,48,48,48,48,47.9,48,47.9,35.9,48,47.8,48,48,48,47.9,47.8,47.9,48,35.6,48,48,47.8,48,48,48,35.9,36
