Time(s),0 m,0.0068 m,0.0136 m,0.0204 m,0.0272 m,0.034 m,0.0408 m,0.0476 m,0.0544 m,0.0612 m,0.068 m,0.0748 m,0.0816 m,0.0884 m,0.0952 m,0.102 m,0.1088 m,0.1156 m,0.1224 m,0.1292 m,0.136 m,0.1428 m,0.1496 m,0.1564 m,0.1632 m,0.17 m,0.1768 m,0.1836 m,0.1904 m,0.1972 m,0.204 m,0.2108 m,0.2176 m,0.2244 m,0.2312 m,0.238 m,0.2448 m,0.2516 m,0.2584 m,0.2652 m,0.272 m,0.2788 m,0.2856 m,0.2924 m,0.2992 m,0.306 m,0.3128 m,0.3196 m,0.3264 m,0.3332 m,0.34 m,0.3468 m,0.3536 m,0.3604 m,0.3672 m,0.374 m,0.3808 m,0.3876 m,0.3944 m,0.4012 m,0.408 m,0.4148 m,0.4216 m,0.4284 m,0.4352 m,0.442 m,0.4488 m,0.4556 m,0.4624 m,0.4692 m,0.476 m,0.4828 m,0.4896 m,0.4964 m,0.5032 m,0.51 m,0.5168 m,0.5236 m,0.5304 m,0.5372 m,0.544 m,0.5508 m,0.5576 m,0.5644 m,0.5712 m,0.578 m,0.5848 m,0.5916 m,0.5984 m,0.6052 m,0.612 m,0.6188 m,0.6256 m,0.6324 m,0.6392 m,0.646 m,0.6528 m,0.6596 m,0.6664 m,0.6732 m
-0.0000124,0.1,0.1,0.1,0.1,0.1,0.1,0.1,0.1,0.1,0.1,0.1,0.1,0.1,0.1,0.1,0.1,0.1,0.1,0.1,0.1,0.1,0.1,0.1,0.1,0.1,0.1,0.1,0.1,0.1,0.1,0.1,0.1,0.1,0.1,0.1,0.1,0.1,0.1,0.1,0.1,0.1,0.1,0.1,0.1,0.1,0.1,0.1,0.1,0.1,0.1,0.1,0.1,0.1,0.1,0.1,0.1,0.1,0.1,0.1,0.1,0.1,0.1,0.1,0.1,0.1,0.1,0.1,0.1,0.1,0.1,0.1,0.1,0.1,0.1,0.1,0.1,0.1,0.1,0.1,0.1,0.1,0.1,0.1,0.1,0.1,0.1,0.1,0.1,0.1,0.1,0.1,0.1,0.1,0.1,0.1,0.1,0.1,0.1,0.2,0.1
-0.0000122,0.2,0.2,0.2,0.2,0.2,0.2,0.2,0.2,0.2,0.2,0.2,0.2,0.2,0.2,0.2,0.2,0.2,0.2,0.2,0.2,0.2,0.2,0.2,0.2,0.2,0.2,0.2,0.2,0.2,0.2,0.2,0.2,0.2,0.2,0.2,0.2,0.2,0.2,0.2,0.2,0.2,0.2,0.2,0.2,0.2,0.2,0.2,0.2,0.2,0.2,0.2,0.2,0.2,0.2,0.2,0.2,0.2,0.2,0.2,0.2,0.2,0.2,0.2,0.2,0.2,0.2,0.2,0.2,0.2,0.2,0.2,0.2,0.2,0.2,0.2,0.2,0.2,0.2,0.2,0.2,0.2,0.2,0.2,0.2,0.2,0.2,0.2,0.2,0.2,0.2,0.2,0.2,0.2,0.2,0.2,0.2,0.2,0.2,0.2,0.2
-0.000012,0.2,0.2,0.2,0.2,0.2,0.2,0.2,0.2,0.2,0.2,0.2,0.2,0.2,0.2,0.2,0.2,0.2,0.2,0.2,0.2,0.2,0.2,0.2,0.2,0.2,0.2,0.2,0.2,0.2,0.2,0.2,0.2,0.2,0.2,0.2,0.2,0.2,0.2,0.2,0.2,0.2,0.2,0.2,0.2,0.2,0.2,0.2,0.2,0.2,0.2,0.2,0.2,0.2,0.2,0.2,0.2,0.2,0.2,0.2,0.2,0.2,0.2,0.2,0.2,0.2,0.2,0.2,0.2,0.2,0.2,0.2,0.2,0.2,0.2,0.2,0.2,0.2,0.2,0.2,0.2,0.2,0.2,0.2,0.2,0.2,0.2,0.2,0.2,0.2,0.2,0.2,0.2,0.2,0.2,0.2,0.2,0.2,0.2,0.2,0.2
-0.0000118,0.2,0.2,0.2,0.2,0.2,0.2,0.2,0.2,0.2,0.2,0.2,0.2,0.2,0.2,0.2,0.2,0.2,0.2,0.2,0.2,0.2,0.2,0.2,0.2,0.2,0.2,0.2,0.2,0.2,0.2,0.2,0.2,0.2,0.2,0.2,0.2,0.2,0.2,0.2,0.2,0.2,0.2,0.2,0.2,0.2,0.2,0.2,0.2,0.2,0.2,0.2,0.2,0.2,0.2,0.2,0.2,0.2,0.2,0.2,0.2,0.2,0.2,0.2,0.2,0.2,0.2,0.2,0.2,0.2,0.2,0.2,0.2,0.2,0.2,0.2,0.2,0.2,0.2,0.2,0.2,0.2,0.2,0.2,0.2,0.2,0.2,0.2,0.2,0.2,0.2,0.2,0.2,0.2,0.2,0.2,0.2,0.2,0.2,0.2,0.2
-0.0000116,0.2,0.2,0.2,0.2,0.2,0.2,0.2,0.2,0.2,0.2,0.2,0.2,0.2,0.2,0.2,0.2,0.2,0.2,0.2,0.2,0.2,0.2,0.2,0.2,0.2,0.2,0.2,0.2,0.2,0.2,0.2,0.2,0.2,0.2,0.2,0.2,0.2,0.2,0.2,0.2,0.2,0.2,0.2,0.2,0.2,0.2,0.2,0.2,0.2,0.2,0.2,0.2,0.2,0.2,0.2,0.2,0.2,0.2,0.2,0.2,0.2,0.2,0.2,0.2,0.2,0.2,0.2,0.2,0.2,0.2,0.2,0.2,0.2,0.2,0.2,0.2,0.2,0.2,0.2,0.2,0.2,0.2,0.2,0.2,0.2,0.2,0.2,0.2,0.2,0.2,0.2,0.2,0.2,0.2,0.2,0.2,0.2,0.2,0.3,0.2
-0.0000114,0.2,0.2,0.2,0.2,0.2,0.2,0.2,0.2,0.2,0.2,0.2,0.2,0.2,0.2,0.2,0.2,0.2,0.2,0.2,0.2,0.2,0.2,0.2,0.2,0.2,0.2,0.2,0.2,0.2,0.2,0.2,0.2,0.2,0.2,0.2,0.2,0.2,0.2,0.2,0.2,0.2,0.2,0.2,0.2,0.2,0.2,0.2,0.2,0.2,0.2,0.2,0.2,0.2,0.2,0.2,0.2,0.2,0.2,0.2,0.2,0.2,0.2,0.2,0.2,0.2,0.2,0.2,0.2,0.2,0.2,0.2,0.2,0.2,0.2,0.2,0.2,0.2,0.2,0.2,0.2,0.2,0.2,0.2,0.2,0.2,0.2,0.2,0.2,0.2,0.2,0.2,0.2,0.2,0.2,0.2,0.2,0.2,0.2,0.3,0.2
-0.0000112,0.2,0.2,0.2,0.2,0.2,0.2,0.2,0.2,0.2,0.2,0.2,0.2,0.2,0.2,0.2,0.2,0.2,0.2,0.2,0.2,0.2,0.2,0.2,0.2,0.2,0.2,0.2,0.2,0.2,0.2,0.2,0.2,0.2,0.2,0.2,0.2,0.2,0.2,0.2,0.2,0.2,0.2,0.2,0.2,0.2,0.2,0.2,0.2,0.2,0.2,0.2,0.2,0.2,0.2,0.2,0.2,0.2,0.2,0.2,0.2,0.2,0.2,0.2,0.2,0.2,0.2,0.2,0.2,0.2,0.2,0.2,0.2,0.2,0.2,0.2,0.2,0.2,0.2,0.2,0.2,0.2,0.2,0.2,0.2,0.2,0.2,0.2,0.2,0.2,0.2,0.2,0.2,0.2,0.2,0.2,0.2,0.2,0.2,0.1,0.2
-0.000011,0.3,0.3,0.3,0.3,0.3,0.3,0.3,0.3,0.3,0.3,0.3,0.3,0.3,0.3,0.3,0.3,0.3,0.3,0.3,0.3,0.3,0.3,0.3,0.3,0.3,0.3,0.3,0.3,0.3,0.3,0.3,0.3,0.3,0.3,0.3,0.3,0.3,0.3,0.3,0.3,0.3,0.3,0.3,0.3,0.3,0.3,0.3,0.3,0.3,0.3,0.3,0.3,0.3,0.3,0.3,0.3,0.3,0.3,0.3,0.3,0.3,0.3,0.3,0.3,0.3,0.3,0.3,0.3,0.3,0.3,0.3,0.3,0.3,0.3,0.3,0.3,0.3,0.3,0.3,0.3,0.3,0.3,0.3,0.3,0.3,0.3,0.3,0.3,0.3,0.3,0.3,0.3,0.3,0.3,0.3,0.3,0.3,0.3,0.2,0.3
-0.0000108,0.1,0.1,0.1,0.1,0.1,0.1,0.1,0.1,0.1,0.1,0.1,0.1,0.1,0.1,0.1,0.1,0.1,0.1,0.1,0.1,0.1,0.1,0.1,0.1,0.1,0.1,0.1,0.1,0.1,0.1,0.1,0.1,0.1,0.1,0.1,0.1,0.1,0.1,0.1,0.1,0.1,0.1,0.1,0.1,0.1,0.1,0.1,0.1,0.1,0.1,0.1,0.1,0.1,0.1,0.1,0.1,0.1,0.1,0.1,0.1,0.1,0.1,0.1,0.1,0.1,0.1,0.1,0.1,0.1,0.1,0.1,0.1,0.1,0.1,0.1,0.1,0.1,0.1,0.1,0.1,0.1,0.1,0.1,0.1,0.1,0.1,0.1,0.1,0.1,0.1,0.1,0.1,0.1,0.1,0.1,0.1,0.1,0.1,0.2,0.1
-0.0000106,0.2,0.2,0.2,0.2,0.2,0.2,0.2,0.2,0.2,0.2,0.2,0.2,0.2,0.2,0.2,0.2,0.2,0.2,0.2,0.2,0.2,0.2,0.2,0.2,0.2,0.2,0.2,0.2,0.2,0.2,0.2,0.2,0.2,0.2,0.2,0.2,0.2,0.2,0.2,0.2,0.2,0.2,0.2,0.2,0.2,0.2,0.2,0.2,0.2,0.2,0.2,0.2,0.2,0.2,0.2,0.2,0.2,0.2,0.2,0.2,0.2,0.2,0.2,0.2,0.2,0.2,0.2,0.2,0.2,0.2,0.2,0.2,0.2,0.2,0.2,0.2,0.2,0.2,0.2,0.2,0.2,0.2,0.2,0.2,0.2,0.2,0.2,0.2,0.2,0.2,0.2,0.2,0.2,0.2,0.2,0.2,0.2,0.2,0.2,0.2
-0.0000104,0.1,0.1,0.1,0.1,0.1,0.1,0.1,0.1,0.1,0.1,0.1,0.1,0.1,0.1,0.1,0.1,0.1,0.1,0.1,0.1,0.1,0.1,0.1,0.1,0.1,0.1,0.1,0.1,0.1,0.1,0.1,0.1,0.1,0.1,0.1,0.1,0.1,0.1,0.1,0.1,0.1,0.1,0.1,0.1,0.1,0.1,0.1,0.1,0.1,0.1,0.1,0.1,0.1,0.1,0.1,0.1,0.1,0.1,0.1,0.1,0.1,0.1,0.1,0.1,0.1,0.1,0.1,0.1,0.1,0.1,0.1,0.1,0.1,0.1,0.1,0.1,0.1,0.1,0.1,0.1,0.1,0.1,0.1,0.1,0.1,0.1,0.1,0.1,0.1,0.1,0.1,0.1,0.1,0.1,0.1,0.1,0.1,0.1,0.2,0.1
-0.0000102,0.1,0.1,0.1,0.1,0.1,0.1,0.1,0.1,0.1,0.1,0.1,0.1,0.1,0.1,0.1,0.1,0.1,0.1,0.1,0.1,0.1,0.1,0.1,0.1,0.1,0.1,0.1,0.1,0.1,0.1,0.1,0.1,0.1,0.1,0.1,0.1,0.1,0.1,0.1,0.1,0.1,0.1,0.1,0.1,0.1,0.1,0.1,0.1,0.1,0.1,0.1,0.1,0.1,0.1,0.1,0.1,0.1,0.1,0.1,0.1,0.1,0.1,0.1,0.1,0.1,0.1,0.1,0.1,0.1,0.1,0.1,0.1,0.1,0.1,0.1,0.1,0.1,0.1,0.1,0.1,0.1,0.1,0.1,0.1,0.1,0.1,0.1,0.1,0.1,0.1,0.1,0.1,0.1,0.1,0.1,0.1,0.1,0.1,0.1,0.1
-0.00001,0.1,0.1,0.1,0.1,0.1,0.1,0.1,0.1,0.1,0.1,0.1,0.1,0.1,0.1,0.1,0.1,0.1,0.1,0.1,0.1,0.1,0.1,0.1,0.1,0.1,0.1,0.1,0.1,0.1,0.1,0.1,0.1,0.1,0.1,0.1,0.1,0.1,0.1,0.1,0.1,0.1,0.1,0.1,0.1,0.1,0.1,0.1,0.1,0.1,0.1,0.1,0.1,0.1,0.1,0.1,0.1,0.1,0.1,0.1,0.1,0.1,0.1,0.1,0.1,0.1,0.1,0.1,0.1,0.1,0.1,0.1,0.1,0.1,0.1,0.1,0.1,0.1,0.1,0.1,0.1,0.1,0.1,0.1,0.1,0.1,0.1,0.1,0.1,0.1,0.1,0.1,0.1,0.1,0.1,0.1,0.1,0.1,0.1,0.2,0.1
-0.0000098,0.1,0.1,0.1,0.1,0.1,0.1,0.1,0.1,0.1,0.1,0.1,0.1,0.1,0.1,0.1,0.1,0.1,0.1,0.1,0.1,0.1,0.1,0.1,0.1,0.1,0.1,0.1,0.1,0.1,0.1,0.1,0.1,0.1,0.1,0.1,0.1,0.1,0.1,0.1,0.1,0.1,0.1,0.1,0.1,0.1,0.1,0.1,0.1,0.1,0.1,0.1,0.1,0.1,0.1,0.1,0.1,0.1,0.1,0.1,0.1,0.1,0.1,0.1,0.1,0.1,0.1,0.1,0.1,0.1,0.1,0.1,0.1,0.1,0.1,0.1,0.1,0.1,0.1,0.1,0.1,0.1,0.1,0.1,0.1,0.1,0.1,0.1,0.1,0.1,0.1,0.1,0.1,0.1,0.1,0.1,0.1,0.1,0.1,0.1,0.1
-0.0000096,0.7,0.3,0.2,0,0.1,0.3,0.3,0.1,0,0,0.2,0.3,-0.1,0.2,0.1,0.1,-0.2,-0.2,-0.1,-0.2,-0.3,0.2,-0.5,-0.6,-0.8,-1.1,-1.2,-1.1,-1.3,-1.6,-1.9,0.2,-2.16,-2.42,-2.72,-2.73,-2.62,-2.8,-2.98,-2.93,-2.75,0.1,-3.06,-3.16,-3.02,-3.02,-3.05,-3.25,-2.98,-2.79,-2.72,0.1,-2.5,-2.5,-2.33,-2.33,-2.2,-2.03,-1.7,-1.5,-1.6,0.2,-1,-1.1,-0.9,-0.9,-0.6,-0.5,-0.5,-0.6,-0.4,0.2,-0.1,-0.2,0,0.1,0.1,0,0,0.1,0.2,0.2,0.1,0.2,0.4,0.1,0.1,0.2,0.4,0.2,0.2,0.3,0.2,0.3,0.1,0,0.2,0.3,0.2,0.3
-0.0000094,0.7,0.2,0.2,0,0,0.2,0.2,0,0,0,0.1,0.2,0,0,0,0.1,-0.1,-0.2,-0.1,-0.2,-0.3,0.2,-0.5,-0.6,-0.9,-1.1,-1.3,-1.1,-1.2,-1.6,-2.04,0.2,-2.2,-2.46,-2.59,-2.68,-2.58,-2.8,-2.95,-2.93,-2.89,0.1,-3.11,-3.12,-3.02,-3.02,-3.05,-3.25,-3.08,-2.85,-2.76,0.2,-2.6,-2.5,-2.33,-2.24,-2.16,-1.98,-1.6,-1.5,-1.6,0.2,-1,-1.1,-1,-0.8,-0.6,-0.5,-0.5,-0.5,-0.4,0.2,-0.1,-0.3,-0.1,0.1,0,0,0,0.1,0.3,0.3,0.1,0.1,0.4,0.1,0,0.3,0.4,0.2,0.2,0.1,0.2,0.4,0.1,0,0.2,0.3,0.1,0.2
-0.0000092,0.7,0.2,0.2,0,0,0.2,0.2,0,0,0.1,0.1,0.2,0,0.1,0.1,0,-0.2,-0.1,0,-0.1,-0.3,0.2,-0.6,-0.6,-0.9,-1.1,-1.2,-1.1,-1.3,-1.6,-1.9,0.3,-2.23,-2.47,-2.59,-2.62,-2.53,-2.7,-2.95,-3.08,-2.85,0.2,-3.11,-3.08,-3.02,-2.93,-3.05,-3.11,-3.12,-2.76,-2.76,0.2,-2.46,-2.46,-2.27,-2.2,-2.26,-1.94,-1.6,-1.7,-1.7,0.1,-1,-1.2,-0.9,-0.9,-0.6,-0.5,-0.5,-0.5,-0.4,0.1,-0.1,-0.2,-0.1,0,0,0.1,-0.1,0.1,0.3,0.3,0,0.2,0.2,0.1,0.1,0.3,0.5,0.2,0.2,0.1,0.3,0.3,0.1,0.1,0.3,0.4,0.2,0.2
-0.000009,0.8,0.2,0.1,0,0.1,0.2,0.4,0.1,0,0.1,0.2,0.3,0,0.1,0.2,0,-0.3,-0.2,-0.1,-0.1,-0.3,0.1,-0.5,-0.6,-0.8,-1,-1.2,-1.2,-1.3,-1.6,-1.95,0.1,-2.23,-2.37,-2.6,-2.7,-2.53,-2.75,-2.95,-3.03,-2.76,0.3,-3.06,-3.12,-2.98,-2.98,-2.96,-3.11,-3.02,-2.76,-2.66,0.2,-2.52,-2.36,-2.37,-2.16,-2.26,-1.9,-1.6,-1.6,-1.7,0.1,-1,-1.1,-0.9,-0.8,-0.6,-0.5,-0.5,-0.4,-0.5,0.2,-0.2,-0.2,0,0,0.1,-0.1,-0.1,0,0.3,0.1,0,0.2,0.3,0.2,0.1,0.2,0.5,0.3,0.2,0.2,0.3,0.2,0.3,0.1,0.3,0.4,0.3,0.1
-0.0000088,0.6,0.3,0.1,0.1,0,0.2,0.2,0.2,-0.1,0.1,0.2,0.1,0,0.1,0.2,0,-0.2,-0.2,0,0,-0.2,0.2,-0.5,-0.6,-0.9,-1.1,-1.1,-1.2,-1.3,-1.7,-1.91,0.3,-2.23,-2.47,-2.56,-2.7,-2.53,-2.72,-2.9,-2.93,-2.72,0.1,-3.06,-3.06,-2.88,-2.98,-3.02,-3.11,-3.16,-2.72,-2.7,0.2,-2.6,-2.46,-2.37,-2.21,-2.21,-1.94,-1.6,-1.6,-1.7,0.2,-1,-1.1,-1,-0.8,-0.6,-0.5,-0.5,-0.4,-0.5,0.3,-0.2,-0.2,0,0,0.1,0.1,-0.1,0.1,0.3,0.2,0.1,0.1,0.2,0.1,0.1,0.2,0.5,0.3,0.2,0.2,0.3,0.2,0.2,0.1,0.2,0.4,0.2,0.2
-0.0000086,0.6,0.3,0.1,0.1,0.1,0.3,0.2,0.2,-0.1,0,0.2,0.1,0,0.1,0.2,0,-0.2,-0.1,-0.1,-0.2,-0.3,0.3,-0.6,-0.6,-0.9,-1.1,-1.1,-1.2,-1.3,-1.7,-1.9,0.3,-2.24,-2.43,-2.56,-2.7,-2.53,-2.7,-2.9,-2.98,-2.72,0.3,-3.15,-3.15,-2.93,-2.98,-2.89,-3.02,-3.02,-2.72,-2.66,0.1,-2.55,-2.36,-2.27,-2.21,-2.16,-1.94,-1.6,-1.5,-1.7,0.1,-1,-1,-0.8,-0.8,-0.7,-0.5,-0.4,-0.4,-0.4,0.3,-0.2,-0.1,-0.1,0.1,0,0,-0.1,0,0.3,0.1,0,0.3,0.2,0.1,0.1,0.2,0.5,0.3,0.2,0.1,0.2,0.2,0.2,0,0.2,0.4,0.1,0.2
-0.0000084,0.6,0.3,0.2,0.1,0.1,0.4,0.2,0.2,0,0.1,0.2,0.2,0,0.1,0.2,0,-0.2,-0.3,-0.1,0,-0.3,0.2,-0.5,-0.6,-0.8,-1.1,-1.1,-1.1,-1.3,-1.7,-1.91,0.1,-2.14,-2.43,-2.56,-2.58,-2.58,-2.8,-3.03,-2.98,-2.78,0.2,-3.11,-3.15,-2.93,-3.02,-2.89,-3.03,-3.02,-2.82,-2.6,0.1,-2.49,-2.42,-2.27,-2.21,-2.21,-1.98,-1.6,-1.5,-1.6,0.2,-1,-1,-1,-0.7,-0.7,-0.4,-0.4,-0.5,-0.4,0.2,-0.2,-0.2,-0.1,0,0.2,-0.1,-0.1,0,0.3,0.1,0.1,0.2,0.3,0.1,0,0.2,0.4,0.3,0.2,0.2,0.2,0.2,0.2,0.2,0.2,0.3,0.2,0.3
-0.0000082,0.6,0.4,0.2,0.1,0.1,0.4,0.4,0.1,-0.1,0.1,0.3,0.2,0,0.1,0.1,0,-0.2,-0.2,-0.1,-0.1,-0.3,0.1,-0.6,-0.6,-1,-1.1,-1.1,-1.2,-1.2,-1.8,-1.91,0.2,-2.2,-2.43,-2.65,-2.68,-2.53,-2.7,-2.93,-2.98,-2.72,0.3,-3.06,-3.15,-2.98,-3.02,-2.89,-2.99,-3.08,-2.72,-2.7,0.1,-2.55,-2.46,-2.37,-2.26,-2.16,-1.94,-1.5,-1.7,-1.7,0.1,-0.9,-1,-0.9,-0.8,-0.6,-0.5,-0.5,-0.5,-0.4,0.2,-0.2,-0.2,0,0,0.1,0,-0.1,0.1,0.3,0.2,0,0.2,0.3,0.1,-0.1,0.1,0.5,0.3,0.3,0.3,0.2,0.1,0.1,0.1,0.2,0.2,0.1,0.3
-0.000008,0.5,0.3,0.2,0,0.2,0.3,0.3,0.1,0,0.1,0.3,0.2,0,0.1,0.2,0.1,-0.2,-0.3,-0.3,-0.1,-0.3,0.1,-0.5,-0.7,-0.9,-1,-1.2,-1.2,-1.3,-1.7,-1.91,0.2,-2.16,-2.43,-2.65,-2.59,-2.53,-2.66,-2.98,-2.98,-2.68,0.1,-3.16,-3.15,-2.98,-3.06,-2.93,-3.03,-2.93,-2.76,-2.66,0.1,-2.5,-2.42,-2.23,-2.24,-2.21,-1.94,-1.6,-1.6,-1.7,0.2,-1.1,-1,-0.9,-0.7,-0.6,-0.4,-0.4,-0.6,-0.4,0.2,-0.2,-0.2,0,0.1,0.2,0,0,0.1,0.2,0.1,0.1,0.1,0.3,0.1,0,0.1,0.4,0.3,0.2,0.1,0.2,0.2,0.1,0.1,0.3,0.2,0.2,0.2
-0.0000078,0.5,0.3,0.1,0,0,0.3,0.1,0.1,0,0.1,0.1,0.2,0,0.1,0.2,0.1,-0.2,-0.3,-0.2,0,-0.3,0.1,-0.6,-0.6,-0.9,-1.1,-1.2,-1.2,-1.3,-1.7,-1.8,0.1,-2.11,-2.47,-2.65,-2.55,-2.53,-2.76,-3.02,-2.98,-2.76,0.3,-3.06,-3.06,-2.98,-3.02,-2.93,-2.99,-3.03,-2.8,-2.62,0.1,-2.42,-2.36,-2.29,-2.29,-2.26,-1.94,-1.6,-1.6,-1.7,0.2,-1,-1,-1,-0.8,-0.6,-0.5,-0.4,-0.6,-0.3,0.1,-0.3,-0.2,0,0,0,-0.1,0,0.1,0.3,0.3,0.2,0.2,0.3,0.1,0,0.2,0.4,0.4,0.2,0.2,0.2,0.3,0.1,0.1,0.2,0.2,0.1,0.1
-0.0000076,0.5,0.3,0.1,0.1,0,0.2,0.2,0,0,0.1,0.1,0.2,-0.1,0,0.2,0.1,-0.3,-0.2,-0.2,-0.1,-0.3,0.1,-0.4,-0.6,-0.9,-1.1,-1.2,-1.2,-1.3,-1.6,-1.9,0.1,-2.07,-2.52,-2.59,-2.55,-2.49,-2.62,-3.12,-2.98,-2.76,0.2,-3.06,-3.06,-2.93,-2.92,-2.93,-2.95,-3.03,-2.75,-2.63,0.3,-2.47,-2.36,-2.29,-2.33,-2.2,-1.9,-1.6,-1.6,-1.6,0.1,-0.9,-0.9,-0.8,-0.9,-0.6,-0.5,-0.4,-0.5,-0.3,0.2,-0.1,-0.2,0,0,0.1,0,0.1,0.1,0.2,0.3,0.1,0.2,0.3,0.1,0.1,0.1,0.3,0.3,0.1,0.2,0.3,0.2,0.1,0.1,0.2,0.3,0.3,0.1
-0.0000074,0.5,0.3,0.1,0,0.2,0.3,0.2,0,0.1,0.1,0.2,0.1,0,0.1,0.1,0.1,-0.2,-0.1,-0.1,0,-0.3,0.2,-0.5,-0.7,-0.9,-1.1,-1.2,-1.2,-1.3,-1.6,-1.91,0.2,-2.11,-2.42,-2.63,-2.55,-2.49,-2.76,-2.98,-2.93,-2.76,0.1,-3.12,-2.98,-2.93,-2.88,-3.06,-2.9,-2.99,-2.8,-2.55,0.3,-2.43,-2.46,-2.14,-2.23,-2.2,-1.9,-1.5,-1.7,-1.6,0.2,-1,-0.9,-1,-0.8,-0.5,-0.4,-0.5,-0.5,-0.3,0.1,-0.1,-0.2,-0.1,0.1,0,0,0,0.1,0.2,0.1,0,0.2,0.3,0.1,0,0.1,0.4,0.3,0.3,0.1,0.2,0.3,0.2,0.1,0.3,0.2,0.1,0.2
-0.0000072,0.6,0.2,0.1,0,0.2,0.3,0.2,0,0.1,0.1,0.1,0.2,0,0,0.1,0.1,-0.3,-0.1,-0.1,-0.1,-0.4,0.2,-0.5,-0.7,-0.8,-1.1,-1.2,-1.2,-1.3,-1.6,-1.8,0.2,-2.07,-2.37,-2.59,-2.45,-2.49,-2.72,-2.99,-3.03,-2.66,0.2,-2.98,-2.98,-2.89,-2.98,-2.88,-2.99,-2.99,-2.75,-2.5,0.3,-2.39,-2.46,-2.24,-2.29,-2.21,-1.9,-1.5,-1.6,-1.6,0.1,-1,-1,-0.8,-0.8,-0.5,-0.4,-0.5,-0.5,-0.4,0.1,-0.1,-0.2,-0.1,0,-0.1,0,0.1,0.1,0.3,0.1,0.1,0.2,0.2,0,0.2,0.2,0.5,0.2,0.3,0.1,0.2,0.2,0.2,0.1,0.3,0.3,0.1,0.1
-0.000007,0.5,0.3,0.1,0.1,0,0.3,0.1,0.1,0,0.1,0.1,0.1,0,0,0.1,0.1,-0.3,-0.1,0,0,-0.2,0.3,-0.5,-0.7,-0.7,-1.1,-1.2,-1.1,-1.3,-1.7,-1.9,0.1,-2.16,-2.37,-2.55,-2.58,-2.45,-2.68,-2.89,-2.85,-2.7,0.2,-3.02,-2.98,-2.93,-2.88,-2.98,-2.95,-2.85,-2.7,-2.6,0.2,-2.39,-2.42,-2.24,-2.24,-2.11,-1.95,-1.5,-1.6,-1.6,0.2,-1,-0.9,-0.9,-0.9,-0.5,-0.4,-0.4,-0.5,-0.4,0.2,-0.1,-0.1,0,0.1,0,0.1,0,0,0.2,0.3,0.1,0.1,0.3,0.1,0.2,0.2,0.4,0.2,0.2,0.1,0.2,0.2,0.2,0,0.3,0.3,0.2,0.1
-0.0000068,0.5,0.2,0.1,0,0.2,0.2,0.2,0,-0.1,0.1,0.2,0.2,0,0,0.2,0,-0.1,-0.1,0,-0.1,-0.4,0.1,-0.6,-0.6,-0.8,-1.1,-1.2,-1.1,-1.3,-1.5,-1.9,0.1,-2.16,-2.33,-2.59,-2.58,-2.49,-2.68,-2.95,-2.86,-2.76,0.2,-3.02,-3.12,-2.93,-2.98,-2.93,-2.93,-3.03,-2.66,-2.55,0.1,-2.47,-2.37,-2.19,-2.34,-2.17,-1.91,-1.5,-1.6,-1.7,0.2,-0.9,-1,-0.8,-0.8,-0.6,-0.3,-0.4,-0.5,-0.4,0.2,-0.2,-0.2,-0.1,0.1,0.1,0,0,-0.1,0.3,0.2,0.1,0.2,0.4,0.1,0.1,0.1,0.5,0.3,0.3,0.2,0.2,0.3,0.1,0.1,0.1,0.3,0.1,0.1
-0.0000066,0.5,0.3,0.1,0.1,0.1,0.3,0.3,0.1,-0.1,0,0.3,0.2,0.1,0.1,0.1,0.1,-0.1,-0.2,-0.1,-0.1,-0.3,0.1,-0.5,-0.6,-0.7,-1.1,-1.2,-1.1,-1.2,-1.6,-1.8,0.1,-2.06,-2.33,-2.5,-2.49,-2.49,-2.68,-2.9,-2.86,-2.62,0.2,-3.03,-3.08,-2.89,-2.98,-2.79,-2.93,-3.03,-2.7,-2.55,0.1,-2.42,-2.39,-2.33,-2.16,-2.11,-1.91,-1.5,-1.5,-1.7,0.1,-0.9,-1.1,-0.9,-0.9,-0.6,-0.4,-0.4,-0.5,-0.4,0.1,-0.2,-0.1,-0.1,0,0,0.1,-0.1,0,0.3,0.2,0.1,0.2,0.4,0.1,0.2,0.3,0.5,0.2,0.2,0.2,0.2,0.2,0.3,0.2,0.2,0.3,0.3,0.1
-0.0000064,0.5,0.3,0.1,0,0.2,0.2,0.3,0.1,-0.1,0.2,0.2,0.3,-0.1,0,0.2,0.1,-0.2,-0.1,-0.1,-0.1,-0.3,0.1,-0.5,-0.6,-0.9,-1.1,-1.2,-1.2,-1.3,-1.6,-1.8,0.2,-2.16,-2.33,-2.5,-2.53,-2.49,-2.63,-2.86,-2.9,-2.72,0.2,-2.98,-2.98,-2.85,-2.93,-2.93,-2.93,-3.03,-2.66,-2.53,0.2,-2.55,-2.29,-2.19,-2.17,-2.13,-1.91,-1.5,-1.6,-1.7,0.3,-1,-1.1,-0.8,-0.8,-0.6,-0.4,-0.4,-0.5,-0.5,0.1,-0.2,-0.2,-0.1,0,0,0.1,-0.1,0,0.3,0.1,0.1,0.2,0.3,0.1,0.1,0.1,0.5,0.3,0.3,0.2,0.2,0.3,0.2,0.1,0.3,0.4,0.2,0.2
-0.0000062,0.4,0.3,0.1,0,0.1,0.3,0.3,0.2,-0.1,0.1,0.2,0.2,-0.1,0,0.2,0,-0.2,-0.2,0,0,-0.3,0.3,-0.5,-0.5,-0.9,-1,-1.1,-1.1,-1.3,-1.6,-1.9,0.2,-2.16,-2.39,-2.56,-2.45,-2.49,-2.59,-2.86,-2.99,-2.72,0.2,-3.03,-2.98,-2.85,-2.93,-2.89,-3.02,-2.93,-2.66,-2.68,0.1,-2.59,-2.33,-2.19,-2.17,-2.17,-1.81,-1.5,-1.5,-1.6,0.3,-1,-1,-1,-0.9,-0.6,-0.4,-0.4,-0.4,-0.4,0.2,-0.3,-0.2,0,0,0,0.1,0,0,0.3,0.1,0.1,0.2,0.3,0.1,0.1,0.2,0.5,0.3,0.2,0.1,0.3,0.3,0.2,0.1,0.3,0.4,0.2,0.3
-0.000006,0.4,0.4,0.1,0,0.1,0.3,0.2,0.2,0,0.1,0.2,0.2,0,0,0.2,0,-0.1,-0.2,-0.1,0,-0.3,0.2,-0.5,-0.6,-0.9,-1.1,-1.1,-1,-1.4,-1.5,-1.9,0.2,-2.06,-2.43,-2.56,-2.5,-2.53,-2.59,-2.9,-2.89,-2.68,0.2,-3.08,-3.02,-2.89,-2.75,-2.85,-2.98,-2.89,-2.58,-2.52,0.2,-2.49,-2.29,-2.19,-2.08,-2.13,-1.9,-1.5,-1.5,-1.7,0.1,-0.9,-1,-0.9,-0.9,-0.5,-0.5,-0.4,-0.4,-0.5,0.1,-0.3,-0.2,-0.1,0,0.1,0,0,0,0.3,0.1,0.1,0.3,0.3,0.1,0.1,0.2,0.5,0.3,0.3,0.2,0.2,0.4,0.1,0.1,0.3,0.3,0.1,0.2
-0.0000058,0.4,0.3,0,0.1,-0.1,0.2,0.3,0.2,0,0.1,0.2,0.1,0,0,0.1,0.1,-0.1,-0.3,-0.1,-0.1,-0.3,0.2,-0.5,-0.6,-0.9,-0.9,-1.2,-1,-1.4,-1.5,-1.8,0.2,-2.06,-2.33,-2.52,-2.42,-2.58,-2.73,-2.95,-2.93,-2.62,0.3,-3.02,-3.08,-2.85,-2.83,-2.85,-2.98,-3.03,-2.62,-2.62,0.3,-2.49,-2.33,-2.14,-2.17,-2.21,-1.94,-1.5,-1.5,-1.6,0.3,-0.9,-1,-1,-0.9,-0.6,-0.5,-0.4,-0.5,-0.4,0.2,-0.2,-0.2,-0.1,0.1,0.2,0,0,0.1,0.3,0.2,0.1,0.2,0.3,0.2,0.1,0.2,0.4,0.3,0.2,0.2,0.3,0.3,0.1,0.1,0.2,0.3,0.2,0.2
-0.0000056,0.3,0.4,0,0.1,0,0.3,0.1,0.2,0,0.2,0.2,0.1,0.1,0,0.2,0,-0.1,-0.2,-0.1,0,-0.3,0.3,-0.5,-0.6,-0.9,-1,-1.2,-1.1,-1.4,-1.6,-1.8,0.3,-1.97,-2.29,-2.47,-2.37,-2.49,-2.72,-2.95,-2.93,-2.63,0.1,-3.02,-2.93,-2.85,-2.75,-2.85,-2.93,-2.89,-2.62,-2.58,0.2,-2.46,-2.27,-2.2,-2.16,-2.21,-1.94,-1.5,-1.5,-1.6,0.2,-1,-0.9,-0.9,-0.8,-0.6,-0.5,-0.4,-0.6,-0.4,0.1,-0.3,-0.3,-0.1,0,0.1,0,0,0,0.3,0.3,0,0.2,0.3,0.2,0.1,0.1,0.4,0.4,0.2,0.1,0.3,0.4,0.1,0.1,0.3,0.3,0.1,0.2
-0.0000054,0.4,0.3,0.2,0,0.1,0.3,0.2,0.1,0,0.1,0.1,0.2,0.1,0,0.2,0.1,-0.2,-0.2,-0.2,0,-0.3,0.2,-0.6,-0.7,-0.8,-1,-1.1,-1.1,-1.2,-1.7,-1.8,0.2,-2.16,-2.39,-2.52,-2.46,-2.45,-2.68,-2.9,-2.93,-2.63,0.2,-3.06,-2.93,-2.85,-2.85,-2.85,-2.89,-2.89,-2.62,-2.58,0.2,-2.46,-2.32,-2.2,-2.2,-2.16,-1.8,-1.5,-1.6,-1.7,0.1,-1,-0.9,-0.9,-0.8,-0.7,-0.4,-0.4,-0.5,-0.4,0.1,-0.2,-0.2,-0.1,0,0,-0.1,0,0,0.3,0.1,0,0.2,0.3,0.2,0,0.1,0.4,0.4,0.2,0.1,0.2,0.2,0.1,0.1,0.2,0.2,0.1,0.1
-0.0000052,0.4,0.3,0,0.1,0.1,0.3,0,0.1,0.1,0.1,0.2,0.1,0.1,0,0.2,0,-0.2,-0.1,-0.2,-0.1,-0.3,0.1,-0.5,-0.6,-0.9,-1,-1.1,-1.1,-1.3,-1.6,-1.8,0.2,-1.97,-2.37,-2.52,-2.46,-2.45,-2.62,-2.95,-2.93,-2.68,0.1,-3.06,-2.93,-2.7,-2.79,-2.85,-2.9,-2.85,-2.72,-2.53,0.2,-2.37,-2.36,-2.2,-2.2,-2.11,-1.84,-1.5,-1.6,-1.6,0.2,-0.9,-0.9,-0.9,-0.7,-0.6,-0.3,-0.5,-0.6,-0.4,0.2,-0.2,-0.2,-0.1,0.1,0.1,0,0,0,0.3,0.2,0,0.1,0.3,0.1,0,0.2,0.4,0.3,0.1,0.3,0.3,0.2,0,0.2,0.3,0.3,0.2,0.2
-0.000005,0.3,0.2,0.2,0,0.1,0.3,0.1,0,0,0.1,0.2,0.3,0,0.1,0.2,0,-0.2,-0.2,-0.1,-0.1,-0.3,0.3,-0.4,-0.6,-0.8,-1,-1.1,-1.1,-1.4,-1.6,-1.8,0.2,-2.07,-2.33,-2.46,-2.46,-2.36,-2.66,-2.89,-3.02,-2.68,0.1,-3.02,-2.93,-2.8,-2.79,-2.85,-2.86,-2.85,-2.58,-2.55,0.1,-2.37,-2.36,-2.2,-2.2,-2.11,-1.84,-1.4,-1.5,-1.5,0.2,-0.9,-0.9,-0.9,-0.7,-0.5,-0.3,-0.3,-0.5,-0.3,0.2,-0.2,-0.2,0,0.1,0,0,0,0,0.3,0.1,0.1,0.2,0.3,0.2,0.1,0.1,0.5,0.3,0.3,0.2,0.3,0.2,0,0.1,0.3,0.3,0.2,0.2
-0.0000048,0.4,0.2,0,0,0.1,0.3,0.2,0,0,0,0.1,0.1,0.1,0.1,0.2,0,-0.2,-0.1,-0.1,-0.1,-0.3,0.2,-0.5,-0.6,-0.8,-1,-1,-1.2,-1.4,-1.5,-1.7,0.1,-2.07,-2.23,-2.46,-2.4,-2.36,-2.66,-2.95,-2.88,-2.58,0.1,-2.93,-3.03,-2.79,-2.79,-2.85,-2.78,-2.9,-2.62,-2.46,0.1,-2.37,-2.32,-2.2,-2.24,-2.17,-1.84,-1.4,-1.6,-1.5,0.1,-1,-0.9,-0.9,-0.7,-0.5,-0.4,-0.4,-0.5,-0.4,0.1,-0.2,-0.1,-0.1,0.2,0,0,0,0,0.3,0.1,0.1,0.1,0.3,0.2,0.1,0.1,0.4,0.3,0.3,0.2,0.2,0.2,0,0.1,0.2,0.3,0.2,0.2
-0.0000046,0.3,0.3,0,0,0.2,0.2,0.3,0.1,0,0,0.1,0.2,0,0.1,0.2,0,-0.2,-0.1,-0.1,-0.2,-0.3,0.3,-0.5,-0.6,-0.8,-1,-1.2,-1.1,-1.3,-1.6,-1.7,0.2,-2.07,-2.37,-2.56,-2.55,-2.27,-2.62,-2.95,-2.89,-2.58,0.1,-2.93,-2.93,-2.79,-2.75,-2.8,-2.82,-2.8,-2.66,-2.5,0.2,-2.33,-2.27,-2.16,-2.16,-2.17,-1.84,-1.5,-1.6,-1.6,0.1,-1,-0.9,-1,-0.7,-0.6,-0.4,-0.3,-0.6,-0.3,0.2,-0.2,-0.1,-0.2,0,0,0,0,0.1,0.3,0.1,0.1,0.2,0.3,0.2,0,0.1,0.5,0.3,0.2,0.1,0.3,0.3,0.1,0.1,0.2,0.3,0.2,0.2
-0.0000044,0.3,0.3,0.1,0,0.1,0.3,0.3,0.1,0,0.1,0.1,0.2,0,0.1,0.1,0.1,-0.2,-0.1,0,-0.2,-0.2,0.2,-0.4,-0.6,-0.8,-1,-1.1,-1.2,-1.2,-1.6,-1.8,0.2,-1.98,-2.37,-2.46,-2.4,-2.37,-2.62,-2.85,-2.89,-2.58,0.2,-2.89,-2.95,-2.79,-2.85,-2.8,-2.82,-2.82,-2.58,-2.36,0.3,-2.37,-2.33,-2.2,-2.07,-2.04,-1.8,-1.4,-1.7,-1.6,0.2,-1,-0.9,-0.9,-0.7,-0.6,-0.4,-0.4,-0.6,-0.3,0.2,-0.1,-0.2,-0.1,0.1,0,0,0,0.1,0.2,0.1,0.1,0.1,0.3,0.2,0.2,0.2,0.4,0.4,0.3,0.1,0.3,0.2,0.1,0.1,0.3,0.3,0.1,0.3
-0.0000042,0.3,0.3,0.2,0,0.1,0.3,0.3,0.1,0,0.1,0.2,0.2,0,0.1,0.2,0.1,-0.2,-0.1,0,0,-0.3,0.2,-0.6,-0.6,-0.8,-1,-1.1,-1.1,-1.2,-1.5,-1.8,0.3,-2.03,-2.33,-2.6,-2.5,-2.42,-2.62,-2.9,-2.9,-2.68,0.1,-2.9,-2.99,-2.79,-2.85,-2.8,-2.82,-2.82,-2.68,-2.5,0.1,-2.42,-2.24,-2.2,-2.07,-2.08,-1.8,-1.6,-1.6,-1.5,0.1,-0.9,-0.9,-0.9,-0.7,-0.5,-0.3,-0.4,-0.5,-0.2,0.1,-0.2,-0.2,0,0.1,0,0,0,0.1,0.3,0.1,0.1,0.1,0.3,0.2,0.2,0.2,0.5,0.3,0.2,0.1,0.3,0.3,0.1,0.1,0.3,0.3,0.2,0.2
-0.000004,0.3,0.2,0.1,0,0.1,0.2,0.3,0.1,0,0.1,0.2,0.1,0,0.1,0.2,0,-0.1,-0.2,0,0,-0.3,0.2,-0.5,-0.7,-0.8,-1.1,-1.1,-1.2,-1.2,-1.5,-1.8,0.1,-2.03,-2.29,-2.42,-2.46,-2.42,-2.58,-2.86,-2.86,-2.58,0.1,-2.9,-2.99,-2.79,-2.79,-2.8,-2.9,-2.73,-2.58,-2.5,0.3,-2.42,-2.24,-2.06,-2.17,-2.13,-1.71,-1.5,-1.5,-1.5,0.1,-1,-1,-0.9,-0.7,-0.6,-0.4,-0.4,-0.6,-0.3,0.3,-0.1,-0.2,0,0,0,0.1,0,0,0.3,0.1,0.2,0.2,0.3,0.1,0.1,0.1,0.5,0.2,0.2,0.3,0.2,0.2,0.2,0.1,0.3,0.3,0.1,0.3
-0.0000038,0.2,0.3,0.1,0,0,0.1,0.4,0.1,0,0.1,0.2,0.2,0,0,0.1,0,-0.2,-0.2,0,-0.1,-0.3,0.3,-0.6,-0.6,-0.8,-1.1,-1.1,-1.1,-1.2,-1.5,-1.8,0.1,-2.03,-2.24,-2.56,-2.32,-2.46,-2.53,-2.86,-2.86,-2.68,0.2,-2.95,-2.9,-2.75,-2.75,-2.85,-2.95,-2.73,-2.68,-2.5,0.1,-2.42,-2.2,-2.2,-2.13,-2.08,-1.85,-1.5,-1.5,-1.5,0.1,-0.9,-1,-0.9,-0.7,-0.6,-0.3,-0.4,-0.6,-0.4,0.3,-0.2,-0.2,0,0,0,0,-0.1,0.1,0.3,0.1,0.2,0.2,0.2,0.1,0.1,0.2,0.5,0.3,0.2,0.1,0.2,0.4,0.1,0.1,0.2,0.3,0.2,0.2
-0.0000036,0.2,0.3,0.2,0,0.1,0.2,0.3,0.2,0,0.1,0.2,0.1,0,0,0.2,0.1,-0.1,-0.1,0,0,-0.2,0.1,-0.5,-0.6,-0.8,-1.1,-1.1,-1.1,-1.2,-1.6,-1.8,0.2,-1.98,-2.34,-2.47,-2.32,-2.46,-2.58,-2.78,-2.82,-2.63,0.1,-2.9,-2.9,-2.7,-2.66,-2.85,-2.85,-2.82,-2.59,-2.45,0.1,-2.46,-2.2,-2.2,-2.03,-2.13,-1.7,-1.5,-1.6,-1.5,0.3,-0.9,-0.9,-0.9,-0.8,-0.6,-0.4,-0.4,-0.5,-0.4,0.2,-0.2,-0.1,-0.1,0.1,0,0.1,0,0,0.3,0.2,0.1,0.3,0.3,0.2,0.1,0.3,0.5,0.3,0.3,0.1,0.3,0.3,0.1,0.1,0.2,0.3,0.1,0.2
-0.0000034,0.2,0.3,0.1,0,0.1,0.2,0.2,0.3,0,0.2,0.1,0.2,-0.1,0,0.2,0.1,-0.2,-0.2,-0.1,-0.1,-0.3,0.1,-0.5,-0.5,-0.8,-1.1,-1.2,-1,-1.3,-1.6,-1.7,0.1,-2.07,-2.3,-2.37,-2.46,-2.36,-2.58,-2.82,-2.82,-2.63,0.2,-2.89,-2.95,-2.72,-2.8,-2.89,-2.85,-2.86,-2.59,-2.55,0.2,-2.27,-2.29,-2.2,-2.07,-2.13,-1.81,-1.5,-1.5,-1.5,0.2,-1,-1,-0.9,-0.7,-0.5,-0.4,-0.4,-0.5,-0.4,0.3,-0.1,-0.2,-0.1,0,0.1,0,-0.1,0,0.3,0.3,0.1,0.3,0.3,0.2,0.1,0.2,0.5,0.3,0.2,0.2,0.3,0.3,0.1,0.2,0.2,0.3,0.3,0.1
-0.0000032,0.3,0.3,0.2,0.1,0.1,0.1,0.3,0.2,0,0,0.2,0.1,-0.1,0,0.1,0,-0.1,-0.1,-0.1,-0.1,-0.3,0.2,-0.5,-0.5,-0.8,-1.1,-1.1,-1,-1.3,-1.4,-1.8,0.3,-2.07,-2.26,-2.47,-2.42,-2.45,-2.58,-2.82,-2.86,-2.59,0.2,-2.89,-2.95,-2.68,-2.62,-2.76,-2.85,-2.95,-2.63,-2.45,0.1,-2.27,-2.29,-2.16,-2.11,-2.11,-1.8,-1.5,-1.4,-1.5,0.1,-1,-0.9,-0.9,-0.7,-0.6,-0.5,-0.4,-0.5,-0.4,0.1,-0.2,-0.1,0,0.1,0.1,0,0,0,0.3,0.1,0,0.2,0.3,0.1,0.1,0.2,0.5,0.4,0.1,0.1,0.3,0.3,0.1,0.2,0.2,0.3,0.2,0.2
-0.000003,0.2,0.3,0.1,0,0.1,0.2,0.3,0.2,0,0.1,0.2,0.2,0,-0.1,0.2,0.1,-0.1,-0.2,-0.2,-0.1,-0.3,0.1,-0.6,-0.6,-0.8,-1.1,-1.1,-1,-1.3,-1.6,-1.8,0.2,-2.03,-2.21,-2.43,-2.37,-2.45,-2.49,-2.86,-2.8,-2.59,0.3,-2.93,-2.95,-2.73,-2.66,-2.85,-2.85,-2.85,-2.58,-2.45,0.2,-2.37,-2.14,-2.07,-2.11,-2.16,-1.8,-1.5,-1.5,-1.5,0.2,-1,-0.8,-0.8,-0.8,-0.6,-0.3,-0.5,-0.5,-0.5,0.1,-0.3,-0.2,-0.1,0.1,0,0,-0.1,0.1,0.3,0.1,0.1,0.2,0.3,0.2,0,0.2,0.4,0.4,0.2,0.2,0.2,0.4,0.2,0.2,0.2,0.3,0.2,0.2
-0.0000028,0.2,0.3,0.1,0.1,0.2,0.2,0.3,0.1,0,0.2,0.2,0.1,0,0,0.2,0.1,-0.1,-0.2,0,-0.1,-0.2,0.2,-0.5,-0.6,-0.8,-1,-1.1,-1,-1.3,-1.5,-1.8,0.2,-1.98,-2.17,-2.47,-2.42,-2.49,-2.59,-2.82,-2.85,-2.59,0.1,-2.98,-2.9,-2.73,-2.62,-2.72,-2.9,-2.85,-2.58,-2.4,0.1,-2.33,-2.19,-2.07,-2.07,-2.11,-1.8,-1.5,-1.5,-1.5,0.1,-0.9,-0.9,-0.8,-0.7,-0.6,-0.5,-0.5,-0.5,-0.3,0.2,-0.3,-0.2,-0.1,0.1,0,0,-0.1,0.1,0.4,0.2,0,0.1,0.3,0.1,0,0,0.4,0.4,0,0.1,0.3,0.3,0.1,0.3,0.2,0.4,0.2,0.1
-0.0000026,0.1,0.3,0.1,0,0.2,0.2,0.3,0,0.1,0.1,0.2,0.1,0,-0.1,0.2,0,-0.2,-0.2,-0.1,-0.1,-0.2,0.2,-0.5,-0.6,-0.7,-1,-1.1,-1,-1.3,-1.5,-1.8,0.3,-2.08,-2.21,-2.42,-2.42,-2.3,-2.55,-2.82,-2.85,-2.55,0.2,-2.98,-2.85,-2.69,-2.62,-2.72,-2.9,-2.75,-2.62,-2.45,0.1,-2.37,-2.19,-2.07,-2.17,-2.07,-1.8,-1.5,-1.4,-1.4,0.2,-0.9,-0.9,-0.8,-0.7,-0.6,-0.4,-0.5,-0.5,-0.4,0.3,-0.3,0,-0.1,0.1,0.1,0,0,0.1,0.3,0.1,0.1,0.1,0.2,0.2,0.1,0.1,0.4,0.3,0.2,0.2,0.2,0.3,0.1,0.1,0.1,0.3,0.2,0.1
-0.0000024,0.2,0.1,0,0,0.1,0.3,0.2,0.1,0.1,0.1,0.1,0.2,0,0,0.2,0.1,-0.3,-0.2,-0.1,-0.2,-0.3,0.1,-0.3,-0.6,-0.7,-1,-1.1,-1.1,-1.3,-1.5,-1.8,0.2,-2.08,-2.3,-2.42,-2.37,-2.26,-2.55,-2.86,-2.8,-2.49,0.2,-2.89,-2.8,-2.63,-2.76,-2.72,-2.86,-2.75,-2.58,-2.45,0.2,-2.33,-2.23,-1.98,-1.98,-2.11,-1.81,-1.5,-1.4,-1.4,0.2,-0.9,-0.9,-0.8,-0.8,-0.6,-0.3,-0.4,-0.6,-0.3,0.1,-0.2,-0.2,-0.1,0.1,0.1,0,-0.1,0,0.3,0.2,0.1,0.2,0.3,0.2,0,0,0.5,0.3,0.2,0.2,0.2,0.3,0.1,0,0.2,0.3,0.2,0.1
-0.0000022,0.2,0.2,0.1,0,0,0.3,0.1,0,0,0.1,0.2,0.2,-0.1,0.1,0.2,0,-0.2,-0.2,-0.1,-0.1,-0.1,0.1,-0.5,-0.6,-0.7,-1,-1.1,-1,-1.2,-1.5,-1.7,0.2,-1.98,-2.3,-2.42,-2.37,-2.36,-2.59,-2.72,-2.85,-2.63,0.1,-2.85,-2.85,-2.72,-2.7,-2.76,-2.78,-2.85,-2.53,-2.4,0.2,-2.23,-2.24,-2.03,-2.04,-2.03,-1.71,-1.4,-1.6,-1.5,0.2,-1,-0.9,-0.8,-0.6,-0.6,-0.4,-0.4,-0.6,-0.3,0.1,-0.2,-0.1,-0.1,0.1,-0.1,0,-0.1,0.1,0.3,0.1,0.1,0.1,0.3,0.2,0,0,0.4,0.3,0.2,0.1,0.2,0.2,0.1,0.1,0.2,0.3,0.1,0.2
-0.000002,0.2,0.2,0,0,0.2,0.3,0.3,0,0.1,0.1,0.3,0.2,0,0,0.1,0,-0.2,-0.2,-0.1,-0.2,-0.1,0.1,-0.5,-0.6,-0.8,-0.9,-1.1,-1.1,-1.2,-1.5,-1.8,0.2,-1.94,-2.2,-2.42,-2.42,-2.32,-2.55,-2.72,-2.8,-2.53,0.2,-2.79,-2.8,-2.66,-2.66,-2.76,-2.78,-2.72,-2.58,-2.36,0.1,-2.24,-2.29,-2.07,-2,-2.04,-1.71,-1.4,-1.5,-1.4,0.2,-1,-0.9,-0.9,-0.7,-0.5,-0.4,-0.4,-0.6,-0.3,0.2,-0.2,-0.1,0,0,0,0,0,0,0.3,0.2,0,0.2,0.2,0.2,0.1,0.1,0.4,0.3,0.2,0.2,0.2,0.2,0,0,0.2,0.3,0.1,0.2
-0.0000018,0.1,0.2,0,0,0,0.3,0.3,0,0,0.1,0.2,0.2,0,0.1,0.1,0.1,-0.2,-0.2,-0.1,-0.1,-0.2,0.3,-0.4,-0.5,-0.8,-1,-1.1,-1.1,-1.2,-1.5,-1.7,0.2,-2.03,-2.29,-2.37,-2.46,-2.37,-2.49,-2.73,-2.8,-2.53,0.1,-2.9,-2.86,-2.7,-2.62,-2.72,-2.73,-2.72,-2.45,-2.4,0.1,-2.24,-2.2,-2.16,-2,-2,-1.75,-1.4,-1.6,-1.5,0.2,-0.9,-0.9,-0.9,-0.7,-0.6,-0.4,-0.3,-0.6,-0.3,0.2,-0.2,-0.2,-0.1,0.1,-0.1,0,0.1,0.1,0.3,0.2,0.1,0.2,0.3,0.2,0.1,0,0.5,0.3,0.3,0.1,0.2,0.2,0.1,0,0.1,0.3,0.2,0.2
-0.0000016,0.1,0.2,0.1,0,0,0.2,0.3,0,0,0.1,0.1,0.2,0,0,0.1,0.2,-0.3,-0.2,-0.1,-0.1,-0.3,0.1,-0.4,-0.5,-0.7,-0.9,-1.1,-1.1,-1.1,-1.5,-1.7,0.1,-1.93,-2.33,-2.33,-2.42,-2.23,-2.58,-2.73,-2.86,-2.55,0.1,-2.82,-2.82,-2.7,-2.62,-2.66,-2.73,-2.63,-2.46,-2.42,0.2,-2.34,-2.16,-2.16,-2,-1.95,-1.75,-1.4,-1.6,-1.4,0.2,-0.9,-1,-0.9,-0.6,-0.6,-0.3,-0.4,-0.5,-0.3,0.2,-0.2,-0.2,-0.1,0.1,0,0.1,0.1,0.1,0.3,0.1,0,0.3,0.2,0.2,0,0.1,0.4,0.3,0.2,0.2,0.2,0.2,0.1,0,0.2,0.3,0.2,0.1
-0.0000014,0.1,0.2,0.2,0.1,0,0.3,0.2,0,0,0.1,0.1,0.2,0,0,0.1,0.1,-0.3,-0.3,0,-0.1,-0.2,0.1,-0.4,-0.5,-0.8,-0.9,-1.1,-1.1,-1.1,-1.4,-1.7,0.1,-1.93,-2.33,-2.39,-2.42,-2.33,-2.58,-2.69,-2.82,-2.55,0.1,-2.86,-2.82,-2.7,-2.58,-2.66,-2.78,-2.63,-2.46,-2.46,0.2,-2.3,-2.2,-2.14,-2.04,-1.95,-1.71,-1.4,-1.7,-1.4,0.1,-0.9,-0.9,-0.9,-0.8,-0.5,-0.4,-0.4,-0.5,-0.2,0.2,-0.1,-0.2,0,0.1,0,0.1,0,0,0.3,0.3,0.1,0.3,0.3,0.2,0,0.1,0.4,0.2,0.3,0.2,0.2,0.3,0.1,0.1,0.2,0.3,0.2,0.2
-0.0000012,0.1,0.2,0.2,0,0.1,0.2,0.2,0.1,0,0.1,0.1,0.2,0,0,0.1,0.1,-0.2,-0.3,0,0,-0.2,0.2,-0.5,-0.6,-0.8,-1,-1.1,-1.1,-1.2,-1.5,-1.9,0.3,-1.97,-2.29,-2.39,-2.36,-2.29,-2.58,-2.65,-2.78,-2.46,0.1,-2.76,-2.82,-2.76,-2.58,-2.62,-2.82,-2.78,-2.56,-2.42,0.2,-2.26,-2.2,-2.1,-2.08,-1.95,-1.81,-1.4,-1.6,-1.5,0.1,-1,-0.9,-0.9,-0.6,-0.5,-0.1,-0.4,-0.6,-0.4,0.2,-0.1,-0.1,0,0,0.1,0,0,0.1,0.3,0.3,0.1,0.3,0.3,0.1,0.1,0.1,0.4,0.2,0.2,0.3,0.1,0.2,0.1,0.1,0.1,0.3,0.2,0.2
-0.000001,0.2,0.2,0.2,0,0.1,0.3,0.3,0.2,0,0.1,0.2,0.1,0,0,0.2,0.1,-0.2,-0.1,-0.1,-0.1,-0.3,0.2,-0.5,-0.6,-0.8,-1,-1.1,-1.1,-1.2,-1.4,-1.7,0.1,-1.97,-2.2,-2.39,-2.36,-2.29,-2.49,-2.73,-2.78,-2.46,0.2,-2.76,-2.86,-2.68,-2.68,-2.68,-2.86,-2.73,-2.46,-2.42,0.2,-2.26,-2.16,-2.1,-2.13,-2,-1.7,-1.4,-1.6,-1.4,0.2,-0.8,-0.9,-0.9,-0.7,-0.6,-0.2,-0.5,-0.6,-0.4,0.1,-0.1,-0.1,0,0,0,0,-0.1,0.1,0.3,0.2,0.1,0.3,0.3,0.1,0,0.2,0.4,0.3,0.2,0.1,0.2,0.2,0.2,0.1,0.2,0.4,0.2,0.1
-0.0000008,0.1,0.2,0.2,0,0.1,0.3,0.2,0.1,0,0.1,0.2,0.3,-0.1,0,0.1,0.1,-0.2,-0.1,-0.1,-0.1,-0.3,0.2,-0.5,-0.6,-0.8,-1,-1.2,-1.1,-1.2,-1.5,-1.7,0.2,-1.97,-2.3,-2.43,-2.36,-2.27,-2.45,-2.73,-2.68,-2.37,0.2,-2.9,-2.8,-2.63,-2.58,-2.68,-2.8,-2.68,-2.5,-2.36,0.1,-2.3,-2.16,-2.11,-2.11,-2.04,-1.7,-1.4,-1.5,-1.6,0.1,-0.9,-0.9,-1,-0.7,-0.6,-0.3,-0.4,-0.6,-0.3,0.1,-0.1,-0.1,0,0,0,0.1,-0.1,0.2,0.3,0.1,0.2,0.3,0.3,0.1,0.1,0.2,0.4,0.3,0.1,0.1,0.3,0.3,0.1,0.1,0.2,0.4,0.2,0.1
-0.0000006,0.2,0.3,0.1,0.1,0,0.3,0.3,0.1,0.1,0.1,0.2,0.2,-0.1,0,0.2,0.1,-0.1,-0.1,-0.1,-0.1,-0.3,0.3,-0.4,-0.6,-0.7,-1,-1.1,-1.1,-1.2,-1.6,-1.7,0.1,-2.01,-2.17,-2.37,-2.37,-2.32,-2.36,-2.72,-2.82,-2.37,0.1,-2.76,-2.85,-2.59,-2.63,-2.73,-2.8,-2.72,-2.45,-2.46,0.3,-2.3,-2.16,-2.07,-2.11,-2.08,-1.7,-1.4,-1.5,-1.5,0.2,-0.8,-0.9,-0.9,-0.7,-0.5,-0.3,-0.4,-0.6,-0.4,0.2,-0.1,-0.1,-0.1,0,0,-0.1,-0.1,0.2,0.4,0.1,0.1,0.2,0.2,0.2,0.1,0.2,0.4,0.3,0.3,0.3,0.2,0.3,0.1,0.2,0.2,0.3,0.1,0.1
-0.0000004,0.1,0.3,0.2,0.1,0.1,0.2,0.2,0.1,0.1,0,0.2,0.2,-0.1,-0.1,0.2,0.1,-0.1,-0.2,-0.1,-0.2,-0.3,0.1,-0.5,-0.5,-0.8,-1.1,-1,-1,-1.2,-1.5,-1.7,0.2,-1.93,-2.17,-2.43,-2.33,-2.36,-2.46,-2.72,-2.82,-2.42,0.2,-2.76,-2.89,-2.59,-2.58,-2.69,-2.8,-2.76,-2.53,-2.42,0.2,-2.24,-2.24,-1.98,-2.11,-1.98,-1.7,-1.4,-1.5,-1.4,0.3,-0.9,-0.9,-1,-0.7,-0.4,-0.4,-0.4,-0.5,-0.4,0.1,-0.2,-0.1,0,0.1,0.1,-0.1,0,0.2,0.3,0.2,0,0.2,0.2,0.1,0.1,0.1,0.5,0.3,0.2,0.2,0.4,0.3,0.1,0.2,0.1,0.3,0.2,0.1
-0.0000002,0.1,0.3,0.1,0.1,0,0.3,0.2,0.2,0,0.2,0.1,0.1,0,0,0.1,0,-0.1,-0.2,0,-0.1,-0.1,0.2,-0.4,-0.6,-0.7,-1.1,-1.1,-1,-1.2,-1.5,-1.7,0.3,-2.03,-2.17,-2.39,-2.34,-2.4,-2.37,-2.76,-2.78,-2.46,0.2,-2.8,-2.83,-2.59,-2.53,-2.69,-2.76,-2.66,-2.45,-2.42,0.2,-2.29,-2.2,-1.98,-1.98,-1.98,-1.7,-1.5,-1.4,-1.4,0.1,-0.8,-0.9,-0.9,-0.7,-0.5,-0.3,-0.4,-0.5,-0.4,0.2,-0.2,-0.1,0,0,0.1,0,0,0.1,0.3,0.3,0.1,0.2,0.2,0.2,0,0.2,0.4,0.2,0.2,0.2,0.4,0.3,0.1,0.1,0.2,0.3,0.2,0.1
-1.14E-20,0.1,0.4,0.1,0,0.1,0.4,0.2,0.1,0,0.1,0.2,0.2,0,0.1,0.2,0,-0.2,-0.2,-0.1,-0.1,-0.2,0.2,-0.4,-0.5,-0.7,-1,-1,-1,-1.2,-1.5,-1.7,0.1,-1.93,-2.17,-2.29,-2.4,-2.4,-2.43,-2.76,-2.72,-2.55,0.1,-2.8,-2.83,-2.58,-2.53,-2.63,-2.72,-2.76,-2.45,-2.5,0.2,-2.29,-2.2,-2.03,-2.08,-2.03,-1.8,-1.4,-1.3,-1.4,0.2,-0.8,-0.9,-0.8,-0.7,-0.5,-0.3,-0.4,-0.5,-0.3,0.3,-0.2,0,0,0.1,0.1,0.1,-0.2,0,0.3,0.2,0.1,0.2,0.3,0.2,0,0.1,0.4,0.3,0.3,0.1,0.3,0.2,0,0.2,0.2,0.3,0.2,0.2
0.0000002,0.1,0.4,0.1,0.1,0,0.4,0.3,0.1,0,0.2,0.1,0.1,-0.1,0.1,0.1,0.1,-0.2,-0.3,-0.1,-0.1,-0.2,0.1,-0.4,-0.5,-0.7,-1,-1.1,-1,-1.2,-1.5,-1.6,0.2,-1.98,-2.21,-2.24,-2.26,-2.4,-2.37,-2.72,-2.76,-2.49,0.1,-2.8,-2.79,-2.62,-2.58,-2.68,-2.78,-2.76,-2.49,-2.32,0.1,-2.23,-2.16,-1.98,-2.04,-2.03,-1.8,-1.4,-1.3,-1.5,0.1,-0.8,-1,-0.9,-0.6,-0.6,-0.3,-0.4,-0.5,-0.3,0.2,-0.2,-0.1,0,0,0,0,-0.1,0.1,0.4,0.2,0.1,0.2,0.3,0.2,0.1,0.1,0.4,0.4,0.2,0.2,0.3,0.2,0.1,0.1,0.1,0.3,0.1,0.3
0.0000004,0.1,0.3,0.1,0,0.1,0.4,0.2,0.1,0,0.1,0.3,0.1,0,0.1,0.2,0.1,-0.2,-0.3,-0.1,-0.2,-0.3,0.1,-0.4,-0.6,-0.6,-0.9,-1.1,-1,-1.2,-1.6,-1.8,0.1,-1.8,-2.26,-2.39,-2.26,-2.36,-2.42,-2.63,-2.72,-2.53,0.3,-2.72,-2.7,-2.62,-2.53,-2.72,-2.78,-2.76,-2.45,-2.42,0.3,-2.23,-2.16,-1.98,-2,-2.08,-1.8,-1.4,-1.4,-1.4,0.1,-0.9,-0.9,-0.9,-0.7,-0.6,-0.3,-0.3,-0.6,-0.3,0.2,-0.2,-0.1,-0.1,0.1,0.1,0,-0.1,0,0.3,0.2,0.1,0.2,0.3,0.1,0.1,0.1,0.5,0.3,0.4,0.1,0.3,0.3,0,0.1,0.3,0.4,0.2,0.2
0.0000006,0.1,0.4,0.2,0,0.1,0.4,0.3,0,-0.1,0.1,0.1,0.2,0,0.1,0.1,0,-0.3,-0.3,-0.2,-0.2,-0.2,0.1,-0.5,-0.5,-0.7,-1,-1.2,-1.1,-1.2,-1.5,-1.6,0.1,-1.9,-2.16,-2.24,-2.3,-2.32,-2.46,-2.63,-2.78,-2.53,0.3,-2.76,-2.8,-2.66,-2.53,-2.62,-2.63,-2.68,-2.36,-2.42,0.2,-2.23,-2.11,-2.03,-2,-2.08,-1.8,-1.4,-1.4,-1.5,0.1,-0.9,-1,-0.8,-0.7,-0.6,-0.2,-0.4,-0.6,-0.4,0.2,-0.1,-0.2,0,0.1,-0.1,0,-0.1,0,0.4,0.1,0.1,0.3,0.2,0.2,0.2,0.1,0.5,0.3,0.3,0.1,0.2,0.3,0.1,0.1,0.3,0.3,0.1,0.1
0.0000008,0.1,0.3,0.1,0,0.1,0.4,0.3,0,0.1,0.1,0.1,0.1,0,0,0.2,0.2,-0.3,-0.3,-0.1,-0.1,-0.3,0.1,-0.4,-0.5,-0.7,-0.9,-1.1,-1,-1.2,-1.5,-1.6,0.2,-1.94,-2.2,-2.33,-2.34,-2.23,-2.55,-2.65,-2.68,-2.49,0.1,-2.72,-2.72,-2.62,-2.59,-2.62,-2.73,-2.69,-2.36,-2.37,0.2,-2.23,-2.11,-2.07,-1.9,-1.9,-1.8,-1.4,-1.5,-1.5,0.2,-1,-1,-0.8,-0.6,-0.6,-0.2,-0.4,-0.6,-0.4,0.1,-0.1,-0.2,0,0.1,0.1,0,0,0.1,0.3,0.1,0.1,0.3,0.3,0.2,0.1,0.1,0.3,0.4,0.2,0.1,0.1,0.3,0,0,0.3,0.3,0.3,0.2
0.000001,0.1,0.2,0.2,0.1,0.1,0.3,0.2,0,0,0,0.2,0.3,0,0.1,0.1,0.1,-0.2,-0.3,-0.1,-0.2,-0.3,0.2,-0.4,-0.6,-0.7,-1,-1.1,-1,-1.1,-1.5,-1.6,0.1,-1.9,-2.2,-2.29,-2.33,-2.24,-2.45,-2.65,-2.63,-2.4,0.2,-2.72,-2.68,-2.53,-2.5,-2.62,-2.73,-2.6,-2.46,-2.42,0.2,-2.19,-2.07,-2.11,-2.04,-2,-1.8,-1.4,-1.5,-1.4,0.1,-0.8,-0.9,-0.9,-0.7,-0.5,-0.1,-0.4,-0.6,-0.3,0.1,-0.2,-0.2,-0.1,0.1,0,0,0,0.1,0.3,0.1,0.1,0.3,0.3,0.1,0,0.1,0.4,0.3,0.2,0.2,0.2,0.2,0.1,0,0.3,0.2,0.2,0.3
0.0000012,0.1,0.1,0.2,0.1,0.1,0.2,0.2,0,0,0.1,0.2,0.2,-0.1,0,0.3,0,-0.1,-0.3,-0.1,0,-0.3,0.3,-0.3,-0.5,-0.7,-0.9,-1,-1,-1.2,-1.5,-1.7,0.2,-1.94,-2.2,-2.43,-2.37,-2.2,-2.45,-2.6,-2.63,-2.46,0.1,-2.72,-2.65,-2.53,-2.42,-2.62,-2.69,-2.56,-2.42,-2.36,0.2,-2.29,-2.07,-2.16,-1.9,-1.95,-1.7,-1.4,-1.5,-1.4,0.3,-0.9,-0.9,-0.9,-0.6,-0.6,-0.1,-0.5,-0.5,-0.4,0.2,0,-0.1,-0.1,0.1,0,0,0,0.1,0.4,0.1,0,0.2,0.4,0.2,0.1,0.2,0.5,0.3,0.2,0.1,0.2,0.2,0.1,0.1,0.2,0.3,0.1,0.2
0.0000014,0.1,0.1,0.2,0.1,0.1,0.2,0.4,0,0.1,0.1,0.2,0.2,-0.1,0,0.2,0.1,-0.3,-0.2,-0.1,-0.2,-0.2,0.1,-0.4,-0.5,-0.7,-0.9,-1,-1.1,-1.1,-1.4,-1.7,0.2,-1.94,-2.11,-2.34,-2.32,-2.2,-2.4,-2.65,-2.63,-2.37,0.1,-2.76,-2.69,-2.59,-2.6,-2.53,-2.55,-2.52,-2.37,-2.46,0.2,-2.24,-2.11,-2.01,-1.94,-1.91,-1.8,-1.4,-1.5,-1.4,0.1,-0.8,-0.9,-0.9,-0.7,-0.6,-0.1,-0.4,-0.5,-0.3,0.2,0,-0.2,0,0.1,0,0,0,0.1,0.3,0.2,0,0.2,0.4,0.2,0.1,0.2,0.5,0.3,0.2,0.1,0.3,0.2,0.2,0.1,0.2,0.4,0.2,0.1
0.0000016,0.1,0.3,0.2,0.1,0.1,0.2,0.3,0,0,0.1,0.2,0.3,-0.1,0,0.3,0.2,-0.2,-0.2,0,-0.1,-0.3,0.2,-0.5,-0.6,-0.8,-0.9,-1,-1.1,-1.1,-1.5,-1.7,0.2,-1.94,-2.21,-2.34,-2.32,-2.14,-2.45,-2.65,-2.73,-2.33,0.1,-2.76,-2.59,-2.55,-2.5,-2.53,-2.78,-2.52,-2.46,-2.36,0.2,-2.24,-2.16,-2.07,-2.08,-1.95,-1.8,-1.4,-1.6,-1.5,0.2,-0.9,-0.9,-0.9,-0.8,-0.6,-0.1,-0.5,-0.5,-0.4,0.2,-0.1,-0.1,-0.1,0,0,0,-0.1,0.2,0.4,0.1,0.1,0.3,0.3,0.1,0,0.1,0.5,0.3,0.1,0.1,0.1,0.2,0.1,0.1,0.1,0.4,0.3,0.1
0.0000018,0.1,0.3,0.1,0.1,0.1,0.2,0.3,0.1,0,0.1,0.2,0.2,-0.1,0,0.2,0,-0.2,-0.1,-0.1,-0.1,-0.2,0.2,-0.5,-0.6,-0.8,-1,-1,-1,-1.2,-1.5,-1.7,0.1,-1.84,-2.21,-2.34,-2.37,-2.2,-2.4,-2.65,-2.59,-2.37,0.1,-2.8,-2.73,-2.5,-2.45,-2.53,-2.69,-2.6,-2.32,-2.32,0.2,-2.29,-2.16,-1.93,-1.98,-1.95,-1.7,-1.4,-1.4,-1.4,0.3,-0.9,-0.9,-0.8,-0.7,-0.6,-0.3,-0.4,-0.5,-0.3,0.2,-0.1,-0.2,-0.1,0.1,0.1,0.1,-0.1,0.1,0.3,0.1,0,0.2,0.3,0.1,0.1,0.1,0.4,0.3,0.1,0.2,0.2,0.2,0.1,0.1,0.1,0.3,0.3,0.1
0.000002,0.1,0.3,0.1,0,0,0.2,0.2,0.2,0,0.2,0.2,0.3,-0.1,0,0.2,0.1,-0.1,-0.1,0,-0.2,-0.3,0.2,-0.4,-0.6,-0.8,-0.9,-1,-1,-1,-1.5,-1.7,0.1,-1.98,-2.17,-2.34,-2.27,-2.24,-2.36,-2.73,-2.69,-2.37,0.1,-2.76,-2.68,-2.45,-2.53,-2.63,-2.69,-2.59,-2.36,-2.32,0.1,-2.14,-2.16,-1.98,-1.98,-1.95,-1.7,-1.4,-1.5,-1.5,0.3,-0.9,-0.9,-0.9,-0.7,-0.3,-0.2,-0.4,-0.5,-0.3,0.3,-0.1,-0.1,0,0,0,0.1,-0.1,0,0.3,0.2,0.1,0.2,0.4,0.2,0.1,0.1,0.5,0.3,0.2,0.1,0.3,0.3,0.1,0.1,0,0.4,0.2,0.2
0.0000022,0.1,0.3,0.1,0,0.2,0.3,0.2,0.2,0,0.2,0.2,0.3,0,0,0.2,0.1,-0.1,-0.1,0,-0.1,-0.2,0.1,-0.4,-0.6,-0.8,-1,-1,-1,-1.1,-1.4,-1.7,0.1,-1.88,-2.13,-2.39,-2.33,-2.23,-2.32,-2.73,-2.55,-2.32,0.2,-2.72,-2.82,-2.63,-2.49,-2.63,-2.69,-2.68,-2.4,-2.37,0.2,-2.24,-2.06,-1.94,-2.03,-2,-1.7,-1.4,-1.4,-1.5,0.2,-0.8,-0.9,-0.8,-0.7,-0.4,-0.3,-0.4,-0.5,-0.4,0.1,-0.1,0,0,0,0.1,0.1,-0.1,0.1,0.3,0.2,0,0.3,0.2,0.1,0,0.1,0.4,0.4,0.2,0.1,0.3,0.2,0.1,0.3,0.1,0.4,0.2,0.2
0.0000024,0,0.3,0.1,0,0.1,0.4,0.3,0.1,0,0.2,0.2,0.3,-0.1,0,0.1,0,-0.1,-0.2,0,-0.2,-0.2,0.2,-0.4,-0.4,-0.8,-1,-1.2,-1,-1.1,-1.5,-1.6,0.2,-1.9,-2.21,-2.3,-2.29,-2.23,-2.37,-2.63,-2.69,-2.4,0.1,-2.76,-2.86,-2.58,-2.58,-2.59,-2.69,-2.72,-2.36,-2.33,0.1,-2.2,-2.1,-1.98,-1.94,-2,-1.7,-1.4,-1.4,-1.5,0.3,-0.8,-0.9,-0.9,-0.7,-0.6,-0.3,-0.4,-0.5,-0.3,0.2,-0.1,-0.1,-0.1,0.1,0.1,0.1,0,0,0.3,0.2,0.1,0.3,0.3,0.2,0,0.1,0.4,0.3,0.2,0.2,0.3,0.3,0.1,0.2,0.1,0.3,0.2,0.3
0.0000026,0,0.4,0,-0.1,0,0.4,0.2,0.1,0,0.2,0.2,0.2,-0.1,0,0.1,0,-0.1,-0.2,-0.1,-0.2,-0.3,0.1,-0.3,-0.5,-0.8,-1.1,-1.1,-1.1,-1.2,-1.4,-1.7,0.2,-1.84,-2.16,-2.39,-2.29,-2.23,-2.33,-2.63,-2.55,-2.45,0.2,-2.78,-2.76,-2.62,-2.62,-2.55,-2.65,-2.68,-2.4,-2.24,0.1,-2.24,-2.11,-1.94,-1.94,-2.13,-1.7,-1.4,-1.4,-1.5,0.2,-0.8,-0.9,-0.8,-0.6,-0.5,-0.4,-0.3,-0.5,-0.4,0.1,-0.2,-0.1,-0.1,0,0.2,0,-0.1,0,0.3,0.2,0,0.2,0.3,0.3,0,0.2,0.4,0.2,0.3,0.1,0.3,0.3,0.2,0.1,0.2,0.2,0.1,0.2
0.0000028,0.1,0.3,0.1,0.1,0.2,0.4,0.2,0.1,0.1,0.2,0.2,0.2,-0.1,0,0.1,0.1,-0.1,-0.3,-0.1,-0.2,-0.3,0.2,-0.3,-0.5,-0.7,-1,-1,-1.1,-1.1,-1.4,-1.6,0.2,-1.85,-2.16,-2.43,-2.24,-2.27,-2.29,-2.55,-2.59,-2.45,0.2,-2.68,-2.72,-2.58,-2.53,-2.5,-2.65,-2.63,-2.46,-2.24,0.1,-2.2,-2.11,-2,-1.94,-2.03,-1.7,-1.4,-1.4,-1.4,0.1,-0.9,-0.9,-0.9,-0.6,-0.5,-0.3,-0.4,-0.5,-0.3,0.2,-0.2,-0.1,0,0,0,0,0,0,0.3,0.1,0,0.2,0.3,0.2,0.1,0.2,0.4,0.3,0.3,0.1,0.3,0.3,0.1,0.1,0.2,0.3,0.3,0.2
0.000003,0.1,0.3,0.2,0,0.1,0.4,0.2,0.1,0.1,0.2,0.2,0.1,0.1,0.1,0.2,0.1,-0.2,-0.2,0,-0.1,-0.3,0.2,-0.4,-0.6,-0.7,-0.9,-1.1,-1,-1.1,-1.5,-1.7,0.2,-1.91,-2.16,-2.29,-2.2,-2.19,-2.34,-2.65,-2.6,-2.35,0.2,-2.63,-2.63,-2.49,-2.53,-2.55,-2.69,-2.59,-2.36,-2.2,0.1,-2.26,-2.01,-1.85,-1.94,-1.98,-1.7,-1.4,-1.4,-1.4,0.3,-0.8,-0.9,-0.9,-0.6,-0.5,-0.2,-0.4,-0.5,-0.4,0.2,-0.2,-0.2,0,0.1,0,0,-0.1,0,0.4,0.2,0,0.2,0.2,0.2,0.1,0.1,0.4,0.3,0.2,0.1,0.3,0.4,0.1,0.1,0.2,0.3,0.1,0.2
0.0000032,0.1,0.3,0.2,0.1,0.1,0.3,0.2,0,0,0.1,0.2,0.2,0,0,0.2,0,-0.2,-0.3,-0.1,-0.1,-0.3,0.2,-0.3,-0.6,-0.7,-1,-1,-1.1,-1.2,-1.4,-1.6,0.1,-1.9,-2.11,-2.39,-2.24,-2.27,-2.24,-2.69,-2.5,-2.45,0.2,-2.73,-2.59,-2.49,-2.45,-2.55,-2.65,-2.55,-2.32,-2.24,0.2,-2.2,-2.07,-1.94,-1.94,-1.98,-1.8,-1.4,-1.4,-1.5,0.2,-0.8,-0.9,-0.8,-0.7,-0.5,-0.3,-0.4,-0.5,-0.3,0.2,-0.1,-0.2,0,0.1,0,0,-0.1,0.1,0.3,0.2,0,0.2,0.3,0.3,0.1,0.1,0.4,0.3,0.3,0.2,0.3,0.4,0,0.1,0.2,0.3,0.2,0.1
0.0000034,0,0.3,0.2,0,0,0.4,0.2,0.1,0,0.1,0.2,0.2,-0.1,-0.1,0.2,0,-0.3,-0.3,-0.1,-0.1,-0.3,0.2,-0.4,-0.5,-0.7,-1,-1,-1.1,-1.2,-1.5,-1.7,0.2,-1.9,-2.17,-2.29,-2.24,-2.23,-2.39,-2.6,-2.56,-2.36,0.3,-2.63,-2.65,-2.55,-2.5,-2.46,-2.69,-2.56,-2.42,-2.23,0.1,-2.11,-2.07,-1.98,-1.85,-1.85,-1.7,-1.4,-1.4,-1.4,0.2,-0.9,-0.9,-0.8,-0.7,-0.6,-0.3,-0.3,-0.5,-0.3,0.3,-0.2,-0.1,-0.1,0.1,0,0,0,0,0.4,0.2,0,0.3,0.2,0.2,0,0.1,0.4,0.3,0.3,0.2,0.4,0.4,0.1,0.1,0.2,0.2,0.2,0.2
0.0000036,0.1,0.2,0.2,0.1,0,0.2,0.3,-0.1,0,0.1,0.1,0.2,0.1,0,0.1,0,-0.2,-0.3,-0.1,-0.2,-0.2,0.3,-0.4,-0.6,-0.6,-1,-1,-1,-1.1,-1.4,-1.6,0.3,-1.8,-2.13,-2.34,-2.24,-2.14,-2.33,-2.6,-2.56,-2.37,0.1,-2.59,-2.6,-2.5,-2.46,-2.5,-2.65,-2.56,-2.37,-2.37,0.2,-2.16,-2.03,-2.03,-1.91,-1.95,-1.7,-1.4,-1.5,-1.3,0.3,-0.8,-0.9,-0.9,-0.6,-0.5,-0.3,-0.4,-0.5,-0.3,0.2,-0.2,-0.1,0,0.1,0.1,0,0,0.1,0.4,0.2,0,0.1,0.4,0.2,0.1,0.1,0.4,0.3,0.3,0.3,0.3,0.3,0.1,0,0.2,0.3,0.2,0.2
0.0000038,0.1,0.4,0.2,0.1,0,0.3,0.2,0.1,0,0.1,0.2,0.1,0,0,0.3,0.1,-0.2,-0.2,0,0,-0.3,0.2,-0.4,-0.5,-0.8,-0.9,-1,-1,-1.2,-1.5,-1.7,0.1,-1.8,-2.08,-2.3,-2.29,-2.1,-2.37,-2.46,-2.56,-2.24,0.1,-2.65,-2.65,-2.42,-2.46,-2.5,-2.65,-2.47,-2.33,-2.42,0.2,-2.16,-2.03,-2.07,-1.95,-1.9,-1.8,-1.4,-1.4,-1.3,0.2,-0.9,-0.8,-0.8,-0.6,-0.5,-0.3,-0.5,-0.4,-0.3,0.2,-0.1,-0.2,0,0.1,0,0,-0.1,0.1,0.3,0.2,0.1,0.3,0.4,0.2,0.1,0.2,0.4,0.3,0.2,0.1,0.2,0.3,0,0.1,0.1,0.3,0.2,0.3
0.000004,0.1,0.2,0.1,0.2,0,0.3,0.3,0,0,0.1,0.1,0.1,-0.1,0.1,0.2,0,-0.1,-0.3,0,-0.1,-0.3,0.1,-0.3,-0.6,-0.8,-0.9,-0.9,-1,-1.1,-1.4,-1.7,0.1,-1.9,-2,-2.26,-2.24,-2.06,-2.4,-2.6,-2.56,-2.2,0.2,-2.69,-2.65,-2.42,-2.32,-2.36,-2.65,-2.43,-2.33,-2.32,0.1,-2.11,-1.98,-2.06,-1.91,-1.8,-1.81,-1.4,-1.4,-1.4,0.1,-0.8,-0.9,-0.8,-0.6,-0.6,-0.3,-0.4,-0.5,-0.4,0.1,-0.2,-0.3,0,0,0,0.1,-0.1,0.1,0.3,0.2,0,0.2,0.3,0.1,0.1,0,0.4,0.3,0.2,0.3,0.3,0.3,0,0,0.1,0.3,0.1,0.2
0.0000042,0.1,0.3,0.2,0.2,0,0.2,0.3,0.2,0.1,0.1,0.2,0.3,-0.1,0,0.3,0,-0.1,-0.2,0,0,-0.2,0.1,-0.3,-0.4,-0.6,-0.9,-1,-0.9,-1,-1.4,-1.7,0.2,-1.94,-2,-2.21,-2.2,-2.01,-2.45,-2.56,-2.5,-2.24,0.3,-2.59,-2.55,-2.42,-2.37,-2.46,-2.5,-2.43,-2.33,-2.32,0.1,-2.26,-2.03,-1.97,-1.91,-1.8,-1.71,-1.3,-1.5,-1.3,0.1,-0.8,-0.8,-0.8,-0.7,-0.5,-0.3,-0.4,-0.5,-0.4,0.3,-0.2,-0.2,0,0,0,0.1,0,0.1,0.3,0.2,0,0.2,0.3,0.1,0.1,0.2,0.4,0.3,0.2,0.1,0.2,0.2,0.1,0.1,0,0.4,0.2,0.2
0.0000044,0.1,0.3,0.2,0.2,0.1,0.3,0.4,0.1,0.2,0.3,0.1,0.2,-0.1,0.1,0.3,0,-0.1,-0.2,0,-0.1,-0.3,0.2,-0.5,-0.6,-0.7,-1,-1,-0.9,-1.2,-1.4,-1.6,0.3,-1.84,-2.04,-2.17,-2.24,-2.2,-2.45,-2.52,-2.55,-2.24,0.1,-2.68,-2.55,-2.46,-2.4,-2.46,-2.65,-2.47,-2.29,-2.27,0.2,-2.11,-2.07,-1.97,-1.94,-1.8,-1.71,-1.3,-1.5,-1.3,0.2,-0.8,-0.8,-0.8,-0.6,-0.5,-0.3,-0.3,-0.5,-0.3,0.2,-0.2,-0.1,-0.1,0,0.1,0.1,0,0.1,0.3,0.2,0.1,0.2,0.4,0.2,0.1,0,0.4,0.4,0.2,0.2,0.2,0.2,0.2,0,0.1,0.4,0.1,0.2
0.0000046,0.1,0.2,0.2,0.1,0.1,0.3,0.4,0.1,0,0.2,0.1,0.1,-0.1,0.1,0.3,0,-0.1,-0.1,0,-0.1,-0.3,0.2,-0.4,-0.5,-0.7,-1,-1,-0.9,-1.2,-1.4,-1.7,0.2,-1.94,-2.04,-2.21,-2.24,-2.2,-2.35,-2.52,-2.59,-2.2,0.1,-2.63,-2.59,-2.46,-2.36,-2.46,-2.65,-2.52,-2.33,-2.33,0.1,-2.21,-2.11,-1.97,-1.9,-1.9,-1.6,-1.3,-1.5,-1.4,0.2,-0.8,-0.8,-0.8,-0.7,-0.5,-0.3,-0.3,-0.5,-0.3,0.1,-0.1,-0.1,0,0.1,0,0.1,-0.1,0,0.3,0.1,0.2,0.2,0.4,0.2,0.2,0.2,0.5,0.2,0.2,0.3,0.2,0.2,0.2,0.1,0.1,0.3,0.2,0.1
0.0000048,0,0.1,0.2,0.1,0.1,0.3,0.2,0.2,0,0.2,0.1,0.2,-0.1,0,0.3,0,-0.1,-0.3,0,-0.2,-0.2,0.1,-0.4,-0.5,-0.7,-1,-1,-0.9,-1,-1.5,-1.5,0.2,-1.88,-2.08,-2.17,-2.24,-2.1,-2.36,-2.56,-2.55,-2.2,0.2,-2.63,-2.59,-2.55,-2.5,-2.5,-2.65,-2.56,-2.33,-2.19,0.1,-2.17,-2.11,-1.9,-1.94,-1.91,-1.6,-1.3,-1.5,-1.6,0.1,-0.7,-0.8,-0.8,-0.7,-0.5,-0.3,-0.3,-0.5,-0.3,0.2,-0.2,-0.1,0.1,0,0.1,0.1,0,0,0.3,0.1,0.1,0.3,0.4,0.3,0.1,0.1,0.5,0.3,0.2,0.2,0.3,0.3,0.2,0.1,0.1,0.4,0.2,0.2
0.000005,0.2,0.2,0.2,0,0.1,0.3,0.3,0.1,0,0.1,0.2,0.1,0,0,0.3,0,-0.1,-0.2,-0.1,-0.1,-0.2,0.3,-0.3,-0.5,-0.6,-1,-1,-0.9,-1.2,-1.5,-1.5,0.2,-1.84,-2.13,-2.26,-2.2,-2.1,-2.42,-2.6,-2.55,-2.3,0.2,-2.63,-2.59,-2.55,-2.4,-2.46,-2.69,-2.5,-2.29,-2.2,0.1,-2.21,-2.11,-1.81,-1.94,-1.95,-1.6,-1.3,-1.5,-1.5,0.2,-0.8,-0.8,-0.7,-0.7,-0.5,-0.4,-0.3,-0.6,-0.3,0.2,-0.2,-0.2,0,0.1,0.1,0,-0.1,0.1,0.3,0.2,0.1,0.2,0.3,0.2,0.2,0.1,0.4,0.3,0.3,0.1,0.2,0.3,0.2,0.1,0.3,0.3,0.2,0.2
0.0000052,0.1,0.2,0.2,0,0.2,0.2,0.3,0.2,0,0.1,0.2,0.1,0,0,0.2,0.1,-0.1,-0.2,-0.1,-0.1,-0.2,0.2,-0.3,-0.4,-0.7,-1,-1,-1,-1,-1.4,-1.5,0.2,-1.9,-2.13,-2.3,-2.24,-2.1,-2.33,-2.6,-2.55,-2.29,0.1,-2.59,-2.68,-2.49,-2.4,-2.46,-2.65,-2.55,-2.37,-2.2,0.1,-2.21,-2.11,-1.81,-1.9,-2,-1.6,-1.3,-1.4,-1.5,0.1,-0.8,-0.8,-0.7,-0.5,-0.5,-0.3,-0.3,-0.4,-0.3,0.1,-0.2,-0.2,-0.1,0,0.1,0,-0.1,0,0.3,0.2,0.2,0.3,0.4,0.3,0,0.1,0.5,0.2,0.3,0.3,0.2,0.3,0.2,0.1,0.3,0.4,0.1,0.1
0.0000054,0.1,0.2,0.2,-0.1,0.2,0.3,0.2,0.2,0,0.1,0.2,0.2,0,0,0.1,0.2,-0.2,-0.2,0,-0.1,-0.2,0.1,-0.4,-0.4,-0.7,-1,-1.1,-1.1,-1,-1.5,-1.6,0.2,-1.85,-2.07,-2.2,-2.34,-2.1,-2.34,-2.55,-2.5,-2.37,0.2,-2.69,-2.63,-2.45,-2.45,-2.46,-2.65,-2.5,-2.29,-2.3,0.2,-2.17,-2.07,-1.9,-1.85,-1.85,-1.6,-1.4,-1.4,-1.5,0.3,-0.8,-0.8,-0.8,-0.6,-0.6,-0.3,-0.4,-0.5,-0.3,0.1,-0.2,-0.1,0,0.1,0.1,-0.1,0,0,0.2,0.1,0.1,0.3,0.3,0.3,0,0.1,0.5,0.3,0.2,0.2,0.2,0.3,0.2,0.1,0.3,0.3,0.2,0.2
0.0000056,0.2,0.3,0.2,0,0.2,0.4,0.3,0.1,0,0,0.2,0.1,-0.1,0,0.2,0.2,-0.3,-0.2,0,-0.1,-0.3,0.1,-0.4,-0.4,-0.7,-0.9,-1.1,-1,-1.1,-1.5,-1.5,0.1,-1.81,-2.21,-2.29,-2.11,-2.19,-2.2,-2.6,-2.56,-2.36,0.3,-2.65,-2.55,-2.4,-2.45,-2.37,-2.65,-2.5,-2.23,-2.26,0.2,-2.03,-2.03,-1.9,-1.91,-1.9,-1.5,-1.4,-1.5,-1.5,0.2,-0.8,-0.8,-0.7,-0.6,-0.5,-0.3,-0.3,-0.5,-0.3,0.1,-0.2,-0.1,0,0,0.1,0,0,0.1,0.2,0.1,0,0.2,0.3,0.1,0,0.2,0.5,0.3,0.2,0.2,0.2,0.4,0.1,0.1,0.2,0.2,0.2,0.2
0.0000058,0,0.2,0.2,0,0.1,0.3,0.1,0.1,0,0.1,0.2,0.2,-0.1,0.1,0.1,0.1,-0.3,-0.2,0,-0.1,-0.2,0.2,-0.4,-0.4,-0.6,-1,-1.1,-0.9,-1.1,-1.5,-1.6,0.1,-1.81,-2.11,-2.24,-2.26,-2.1,-2.2,-2.56,-2.52,-2.32,0.1,-2.65,-2.55,-2.46,-2.45,-2.33,-2.5,-2.46,-2.29,-2.2,0.2,-2.21,-1.98,-1.9,-1.81,-1.85,-1.6,-1.3,-1.4,-1.4,0.1,-0.7,-0.9,-0.8,-0.6,-0.5,-0.3,-0.3,-0.4,-0.4,0.3,-0.1,-0.1,0,0.1,0.1,0,0,0,0.2,0.2,0.1,0.1,0.2,0.2,0,0.1,0.4,0.4,0.2,0.2,0.3,0.3,0.1,0.1,0.2,0.3,0.1,0.5
0.000006,0.1,0.3,0.2,0,0.2,0.3,0.2,0,0,0,0.2,0.3,0,0.1,0.2,0.1,-0.2,-0.3,0,0,-0.3,0.1,-0.3,-0.4,-0.7,-1,-1.1,-1,-1,-1.4,-1.6,0.1,-1.7,-2.11,-2.2,-2.26,-2.1,-2.34,-2.56,-2.47,-2.32,0.1,-2.5,-2.6,-2.46,-2.36,-2.39,-2.56,-2.56,-2.23,-2.2,0.2,-2.07,-1.98,-1.85,-1.95,-1.85,-1.6,-1.3,-1.5,-1.5,0.1,-0.8,-0.9,-0.7,-0.6,-0.6,-0.4,-0.4,-0.4,-0.3,0.1,-0.2,-0.1,-0.1,0.1,0,0,-0.1,0.1,0.3,0.2,0,0.2,0.2,0.1,0,0.2,0.5,0.2,0,0.1,0.3,0.4,0.1,0.1,0.2,0.2,0.2,0.6
0.0000062,0.2,0.3,0.2,0.2,0,0.3,0.3,0.1,0.1,0.1,0.1,0.1,0,0,0.2,0.1,-0.3,-0.2,0,0,-0.3,0.2,-0.5,-0.5,-0.7,-1,-1.1,-1,-1.1,-1.4,-1.6,0.2,-1.8,-2.07,-2.2,-2.16,-2,-2.29,-2.52,-2.47,-2.23,0.1,-2.65,-2.56,-2.42,-2.32,-2.39,-2.56,-2.56,-2.33,-2.24,0.2,-2.17,-1.94,-1.94,-1.81,-1.91,-1.7,-1.4,-1.5,-1.4,0.2,-0.9,-0.8,-0.7,-0.7,-0.5,-0.3,-0.4,-0.4,-0.4,0.2,-0.1,-0.2,0,0.1,0,0,-0.1,0.1,0.4,0.2,0,0.1,0.3,0.1,0,0.2,0.4,0.3,0.1,0.2,0.2,0.3,0.1,0.2,0.1,0.1,0.2,2.5
0.0000064,0,0.2,0.3,0.1,0.1,0.3,0.3,0.1,0,0.2,0,0.3,0,0,0.1,0,-0.2,-0.2,0,-0.1,-0.3,0.1,-0.4,-0.4,-0.7,-0.9,-0.9,-0.9,-1,-1.4,-1.5,0.2,-1.8,-2.07,-2.11,-2.11,-2.1,-2.33,-2.52,-2.43,-2.23,0.1,-2.55,-2.56,-2.42,-2.37,-2.39,-2.56,-2.42,-2.14,-2.24,0.2,-2.07,-1.98,-1.84,-1.85,-1.91,-1.6,-1.4,-1.4,-1.3,0.2,-0.9,-0.8,-0.7,-0.7,-0.5,-0.4,-0.3,-0.4,-0.3,0.2,-0.1,-0.1,-0.1,0.1,0,0.1,0,0.1,0.4,0.3,0,0.2,0.3,0,0.1,0.1,0.5,0.2,0.2,0.2,0.3,0.3,0.1,0,0.1,0.2,0.4,5
0.0000066,0.1,0.4,0.2,0.2,0,0.3,0.2,0.1,0,0.1,0,0.1,0,0.1,0.2,0.1,-0.1,-0.3,0,-0.2,-0.3,0.1,-0.3,-0.3,-0.7,-0.9,-1,-0.9,-1,-1.3,-1.6,0.2,-1.81,-2.07,-2.21,-2.16,-2.01,-2.27,-2.52,-2.47,-2.24,0.3,-2.65,-2.52,-2.46,-2.37,-2.47,-2.52,-2.37,-2.24,-2.33,0.1,-2.17,-1.94,-1.93,-1.81,-1.8,-1.6,-1.4,-1.4,-1.3,0.1,-0.8,-0.9,-0.8,-0.6,-0.5,-0.3,-0.3,-0.4,-0.3,0.2,-0.2,-0.2,-0.1,0.1,0,0,0,0,0.4,0.1,0,0.1,0.2,0.1,0.1,0.2,0.4,0.3,0.2,0.2,0.3,0.2,0.1,0,0.1,0.4,0.5,7.19
0.0000068,0.1,0.3,0.2,0.2,0,0.3,0.3,0.1,0,0.2,0.1,0.3,0,0,0.3,0.1,-0.1,-0.3,0,-0.1,-0.3,0.1,-0.3,-0.3,-0.6,-1,-0.9,-0.9,-1.1,-1.5,-1.6,0.1,-1.81,-2.07,-2.17,-2.2,-2.01,-2.36,-2.42,-2.47,-2.16,0.2,-2.55,-2.52,-2.42,-2.33,-2.42,-2.6,-2.47,-2.14,-2.23,0.2,-2.07,-1.94,-1.93,-1.8,-1.8,-1.5,-1.3,-1.5,-1.3,0.2,-0.8,-0.8,-0.7,-0.7,-0.5,-0.3,-0.4,-0.4,-0.3,0.2,-0.2,-0.1,-0.1,0.2,0,0,0.1,0.1,0.4,0.2,0,0.2,0.3,0.1,0.1,0.2,0.3,0.2,0.3,0.1,0.3,0.3,0.1,0.1,0.1,0.3,2.6,7.36
0.000007,0.1,0.3,0.2,0.1,0,0.4,0.4,0.1,0.2,0.1,0.1,0.2,0,0,0.2,0,-0.1,-0.2,0,0,-0.3,0.1,-0.3,-0.4,-0.7,-0.9,-0.9,-0.9,-1.1,-1.4,-1.6,0.2,-1.75,-2.01,-2.13,-2.16,-2.01,-2.32,-2.56,-2.42,-2.21,0.1,-2.59,-2.5,-2.36,-2.29,-2.5,-2.56,-2.47,-2.2,-2.24,0.2,-2.03,-1.98,-1.78,-1.81,-1.9,-1.7,-1.3,-1.5,-1.3,0.2,-0.8,-0.8,-0.8,-0.7,-0.6,-0.4,-0.4,-0.4,-0.3,0.2,-0.2,-0.1,-0.1,0.1,0,-0.1,0,-0.1,0.4,0.2,0.1,0.3,0.4,0.2,0.2,0.2,0.4,0.3,0.3,0.2,0.3,0.3,0.2,0,0.2,0.4,5,4.32
0.0000072,0.1,0.3,0.2,0.1,0,0.3,0.3,0.1,0,0.2,0.1,0.2,-0.1,0.1,0.3,0,-0.1,-0.3,0,0,-0.2,0.1,-0.4,-0.4,-0.6,-0.9,-0.8,-0.9,-1.1,-1.4,-1.5,0.3,-1.75,-2.16,-2.17,-2.16,-2.01,-2.36,-2.46,-2.42,-2.11,0.2,-2.55,-2.55,-2.46,-2.29,-2.4,-2.52,-2.33,-2.2,-2.24,0.2,-2.03,-1.98,-1.88,-1.9,-1.8,-1.6,-1.3,-1.5,-1.4,0.1,-0.9,-0.8,-0.8,-0.6,-0.6,-0.4,-0.3,-0.5,-0.4,0.1,-0.2,-0.2,0,0.1,0.1,0,0,0.1,0.3,0.2,0,0.3,0.4,0.3,0.2,0.2,0.4,0.3,0.2,0.2,0.3,0.3,0.2,0,0.2,0.4,7.23,0.96
0.0000074,0.2,0.2,0.2,0.1,0.1,0.3,0.3,0.1,0.1,0.1,0.1,0.2,-0.1,0.1,0.3,-0.1,-0.1,-0.1,0.1,0,-0.2,0.3,-0.3,-0.4,-0.7,-1,-0.9,-0.9,-1,-1.3,-1.5,0.1,-1.75,-2.01,-2.13,-2.2,-1.97,-2.27,-2.42,-2.46,-2.16,0.1,-2.55,-2.55,-2.37,-2.33,-2.36,-2.46,-2.47,-2.16,-2.2,0.2,-2.07,-1.98,-1.8,-1.91,-1.8,-1.6,-1.2,-1.4,-1.4,0.1,-0.8,-0.8,-0.9,-0.7,-0.5,-0.4,-0.3,-0.4,-0.3,0.2,-0.2,0,0,0.1,0.1,-0.1,0,0.1,0.3,0.1,0,0.2,0.3,0.3,0.1,0.2,0.4,0.4,0.2,0.2,0.3,0.3,0.2,0.1,0.2,0.4,7.41,0.09
0.0000076,0.1,0.3,0.2,0.1,0.1,0.3,0.3,0.1,0,0.2,0.2,0.1,0,0.1,0.3,0.1,-0.1,-0.2,0.1,-0.1,-0.3,0.2,-0.4,-0.5,-0.7,-0.9,-0.9,-1,-1.1,-1.4,-1.5,0.1,-1.85,-2.06,-2.17,-2.16,-2.01,-2.27,-2.46,-2.5,-2.24,0.3,-2.55,-2.63,-2.42,-2.37,-2.46,-2.56,-2.37,-2.16,-2.24,0.2,-2.07,-1.98,-1.71,-1.81,-1.9,-1.6,-1.2,-1.4,-1.3,0.2,-0.8,-0.8,-0.8,-0.6,-0.4,-0.4,-0.4,-0.5,-0.2,0.1,-0.2,0,0,0.1,0,0,-0.1,0.2,0.3,0.2,0.1,0.3,0.3,0.3,0.1,0.2,0.5,0.3,0.2,0.1,0.3,0.2,0.1,0.1,0.1,0.3,4.22,0.13
0.0000078,0.1,0.3,0.2,0,0.1,0.2,0.3,0,0.1,0.1,0.2,0.1,0,0,0.3,0.1,-0.2,-0.1,0.1,-0.1,-0.2,0.2,-0.2,-0.4,-0.7,-0.9,-1,-0.9,-1.1,-1.5,-1.6,0.1,-1.81,-2.01,-2.21,-2.17,-1.97,-2.19,-2.42,-2.5,-2.24,0.2,-2.5,-2.63,-2.37,-2.46,-2.42,-2.42,-2.37,-2.1,-2.2,0.1,-2.07,-1.98,-1.75,-1.81,-1.9,-1.6,-1.2,-1.4,-1.3,0.2,-0.9,-0.8,-0.8,-0.7,-0.5,-0.4,-0.3,-0.4,-0.2,0.1,-0.2,-0.2,0,0.1,0.1,0,0,0.1,0.3,0.2,0.1,0.3,0.3,0.3,0,0.1,0.5,0.4,0.2,0.1,0.2,0.4,0.1,0,0.2,0.3,0.87,0.14
0.000008,0.1,0.3,0.2,0.1,0.3,0.3,0.3,0,0,0.1,0.3,0.3,-0.1,0.1,0.2,0.1,-0.3,-0.1,0.2,-0.1,-0.3,0.2,-0.4,-0.5,-0.7,-1,-1,-0.9,-1.1,-1.5,-1.6,0.1,-1.7,-2.07,-2.26,-2.07,-2.06,-2.24,-2.42,-2.46,-2.2,0.1,-2.5,-2.53,-2.37,-2.36,-2.37,-2.52,-2.47,-2.29,-2.2,0.2,-2.16,-1.93,-1.8,-1.85,-1.8,-1.6,-1.1,-1.4,-1.5,0.2,-0.8,-0.8,-0.7,-0.7,-0.5,-0.3,-0.3,-0.5,-0.3,0.2,-0.2,-0.2,-0.1,0.1,0.1,0.1,-0.1,0.1,0.4,0.2,0.1,0.3,0.3,0.2,0,0.2,0.4,0.3,0.2,0.1,0.2,0.2,0.1,0.1,0.3,0.3,0.05,0.14
0.0000082,0.1,0.3,0.1,0.1,0.2,0.3,0.3,0.2,0.1,0.2,0.1,0.3,-0.1,0,0.2,0.1,-0.2,-0.2,0.1,0,-0.3,0.1,-0.3,-0.6,-0.7,-1,-1,-0.9,-1.1,-1.4,-1.6,0.1,-1.7,-2.07,-2.16,-2.03,-1.97,-2.29,-2.46,-2.42,-2.19,0.1,-2.56,-2.55,-2.42,-2.26,-2.33,-2.47,-2.37,-2.19,-2.24,0.2,-2.01,-1.88,-1.71,-1.81,-1.9,-1.6,-1.2,-1.4,-1.5,0.2,-0.8,-0.9,-0.7,-0.6,-0.5,-0.4,-0.3,-0.4,-0.2,0.3,-0.1,-0.2,-0.1,0.2,0.1,0.1,-0.1,0.1,0.3,0.2,0.1,0.3,0.3,0.1,0.1,0.2,0.6,0.3,0.1,0.2,0.2,0.3,0.1,0.1,0.2,0.3,0.18,0.09
0.0000084,0.2,0.3,0.2,0.1,0.3,0.3,0.3,0,0.1,0.1,0.2,0.3,0,0,0.2,0.2,-0.2,-0.2,0,-0.1,-0.2,0.1,-0.3,-0.5,-0.7,-1,-0.9,-0.9,-1,-1.4,-1.6,0.2,-1.7,-2.08,-2.2,-2.07,-2.01,-2.24,-2.46,-2.47,-2.24,0.1,-2.52,-2.55,-2.32,-2.45,-2.43,-2.47,-2.37,-2.27,-2.2,0.2,-2.1,-2.03,-1.81,-1.81,-1.81,-1.6,-1.2,-1.3,-1.3,0.1,-0.8,-0.7,-0.7,-0.7,-0.5,-0.5,-0.3,-0.5,-0.3,0.2,-0.2,-0.2,-0.1,0.2,0.1,0.1,0.1,0.1,0.3,0.2,0,0.3,0.3,0.1,0,0.2,0.6,0.3,0.1,0.2,0.2,0.3,0.1,0,0.2,0.4,0.09,0.18
0.0000086,0.1,0.2,0.2,0.1,0.2,0.4,0.2,0,0,0.1,0.2,0.1,-0.1,0,0.2,0.2,-0.2,-0.3,0.1,-0.1,-0.3,0.1,-0.4,-0.5,-0.6,-0.9,-1,-0.9,-1.1,-1.4,-1.6,0.1,-1.8,-1.98,-2.2,-1.98,-2.01,-2.2,-2.52,-2.37,-2.24,0.1,-2.52,-2.42,-2.42,-2.4,-2.37,-2.47,-2.42,-2.17,-2.2,0.2,-2.01,-1.94,-1.8,-1.81,-1.8,-1.5,-1.1,-1.4,-1.4,0.1,-0.9,-0.7,-0.7,-0.7,-0.5,-0.3,-0.3,-0.5,-0.2,0.1,-0.1,-0.1,-0.2,0.2,0.2,0.1,0,0,0.3,0.2,0.1,0.3,0.3,0.1,0.1,0.2,0.5,0.3,0.2,0.1,0.3,0.2,0.2,0.2,0.3,0.4,0.18,0.14
0.0000088,0.2,0.3,0.2,0.1,0.1,0.3,0.2,0.1,0.1,0.1,0.2,0.2,0,0,0.1,0.2,-0.1,-0.2,0.1,-0.1,-0.2,0.3,-0.4,-0.5,-0.7,-0.9,-1,-0.9,-1.1,-1.3,-1.4,0.2,-1.7,-2.08,-2.2,-2.07,-2.01,-2.24,-2.47,-2.43,-2.29,0.1,-2.42,-2.47,-2.32,-2.32,-2.37,-2.52,-2.37,-2.17,-2.24,0.2,-1.93,-1.94,-1.81,-1.8,-1.9,-1.6,-1.2,-1.3,-1.4,0.1,-0.7,-0.6,-0.7,-0.7,-0.5,-0.3,-0.3,-0.5,-0.3,0.2,-0.2,-0.1,-0.2,0.2,0.2,0.1,0,0.2,0.3,0.2,0,0.2,0.3,0.2,0.1,0.2,0.5,0.2,0.1,0.2,0.3,0.4,0.2,0.2,0.2,0.3,0.14,0.09
0.000009,0,0.4,0.3,0,0.1,0.3,0.3,0,0.1,0.1,0.1,0.1,0,0,0.2,0.2,-0.2,-0.2,0.1,-0.1,-0.3,0.2,-0.4,-0.5,-0.7,-1,-0.9,-1,-1,-1.2,-1.5,0.2,-1.7,-2.08,-2.2,-2.11,-2.01,-2.2,-2.37,-2.37,-2.24,0.3,-2.46,-2.47,-2.32,-2.32,-2.37,-2.42,-2.37,-2.19,-2.2,0.1,-1.98,-1.9,-1.71,-1.8,-1.8,-1.6,-1.2,-1.4,-1.4,0.2,-0.9,-0.7,-0.7,-0.7,-0.5,-0.4,-0.4,-0.4,-0.2,0.1,-0.1,-0.2,-0.1,0.3,0,0,0,0,0.3,0.2,0,0.3,0.4,0.3,0.1,0.2,0.6,0.3,0.2,0.1,0.3,0.3,0.2,0.1,0,0.3,0.18,0.18
0.0000092,0,0.3,0.2,0,0.1,0.2,0.2,0.1,0,0,0.1,0.2,0,0.1,0.2,0.1,-0.2,-0.2,0.1,0,-0.2,0.1,-0.3,-0.4,-0.6,-1,-0.9,-0.9,-1,-1.3,-1.6,0.2,-1.8,-2.08,-2.21,-2.07,-1.78,-2.2,-2.37,-2.43,-2.2,0.2,-2.37,-2.47,-2.37,-2.33,-2.42,-2.52,-2.33,-2.14,-2.16,0.2,-1.9,-1.8,-1.71,-1.9,-1.8,-1.6,-1.3,-1.4,-1.2,0.3,-0.8,-0.7,-0.8,-0.7,-0.5,-0.3,-0.4,-0.4,-0.3,0.1,-0.1,-0.2,0,0.1,0.1,-0.1,0,0.1,0.3,0.2,0,0.3,0.3,0.3,0.1,0.3,0.5,0.2,0.2,0.3,0.4,0.2,0.1,0,0.1,0.3,0.18,0.22
0.0000094,0.1,0.3,0.2,0,0,0.2,0.3,0,0,0.1,0.2,0.2,0,0,0.2,0.1,-0.2,-0.2,0,-0.1,-0.2,0.2,-0.3,-0.4,-0.6,-0.9,-0.9,-1,-1.1,-1.3,-1.5,0.1,-1.71,-2.08,-1.98,-2.11,-1.93,-2.2,-2.39,-2.33,-2.26,0.1,-2.42,-2.47,-2.29,-2.29,-2.42,-2.46,-2.33,-2.11,-2.1,0.2,-1.95,-1.85,-1.81,-1.8,-1.8,-1.5,-1.4,-1.4,-1.3,0.3,-0.8,-0.8,-0.8,-0.7,-0.6,-0.3,-0.3,-0.4,-0.3,0.2,-0.1,-0.2,0,0.2,0,0,0,0.2,0.3,0.1,0,0.2,0.4,0.2,0.1,0.4,0.6,0.1,0.1,0.2,0.3,0.2,0.3,0,0.2,0.4,0.23,0.13
0.0000096,0.1,0.2,0.2,0.1,0.1,0.2,0.3,0.1,0.1,0.2,0.1,0.1,0,0,0.3,0.1,0,-0.1,0,-0.1,-0.2,0.1,-0.3,-0.4,-0.8,-0.9,-0.9,-0.9,-1.2,-1.3,-1.5,0.1,-1.85,-2.08,-2.04,-2.1,-1.93,-2.2,-2.34,-2.43,-2.11,0.3,-2.46,-2.33,-2.33,-2.24,-2.37,-2.42,-2.29,-2.07,-2.14,0.3,-1.91,-1.85,-1.71,-1.8,-1.8,-1.6,-1.4,-1.4,-1.3,0.2,-0.8,-0.8,-0.8,-0.6,-0.6,-0.4,-0.4,-0.4,-0.3,0.2,-0.1,-0.1,0,0.2,0,0,0,0.2,0.4,0.2,0.1,0.2,0.4,0.3,0.1,0.2,0.5,0.3,0.3,0.3,0.4,0.2,0.2,0.1,0.1,0.4,0.13,0.18
0.0000098,0,0.3,0.1,0.2,0.1,0.2,0.2,0.1,0.1,0.1,0.1,0.3,0,0,0.3,0,-0.2,-0.1,0,-0.1,-0.2,0.1,-0.3,-0.4,-0.7,-0.9,-0.9,-0.9,-1.2,-1.3,-1.6,0.2,-1.75,-2.08,-2.04,-2.14,-1.93,-2.2,-2.34,-2.43,-2.11,0.3,-2.46,-2.42,-2.29,-2.24,-2.37,-2.47,-2.29,-2.03,-2.14,0.1,-1.95,-1.9,-1.7,-1.8,-1.7,-1.6,-1.4,-1.4,-1.3,0.3,-0.8,-0.7,-0.7,-0.6,-0.6,-0.4,-0.4,-0.4,-0.2,0.2,-0.1,-0.2,0.1,0.1,0.1,0,0,0.2,0.4,0.2,0,0.2,0.4,0.1,0.1,0.3,0.5,0.3,0.2,0.3,0.3,0.3,0.2,0.1,0.2,0.4,0.09,0.09
0.00001,0.1,0.2,0.3,0.1,0.1,0.2,0.4,0.1,0.1,0.1,0.1,0.1,0,0,0.3,0,-0.1,-0.1,-0.1,-0.1,-0.2,0.2,-0.3,-0.4,-0.7,-0.9,-0.9,-0.9,-1.1,-1.3,-1.6,0.2,-1.8,-2.08,-2,-2.1,-1.93,-2.34,-2.39,-2.37,-2.07,0.1,-2.46,-2.42,-2.33,-2.14,-2.37,-2.47,-2.24,-2.03,-2.1,0.1,-2.04,-1.85,-1.71,-1.8,-1.8,-1.5,-1.3,-1.5,-1.3,0.3,-0.8,-0.9,-0.9,-0.6,-0.6,-0.3,-0.3,-0.3,-0.2,0.2,-0.2,-0.2,0,0.1,0.1,0,0.1,0.2,0.3,0.1,0,0.1,0.3,0.2,0.1,0.3,0.4,0.3,0.1,0.2,0.3,0.2,0.2,0,0.1,0.4,0.13,0.13
0.0000102,0.1,0.2,0.1,0.1,0,0.3,0.3,0.1,0.2,0,0.2,0.1,0.1,0,0.3,0,-0.1,-0.1,-0.1,-0.2,-0.2,0.1,-0.3,-0.3,-0.7,-0.9,-0.9,-0.9,-1.2,-1.4,-1.4,0.2,-1.75,-2.08,-2,-2.06,-1.97,-2.24,-2.39,-2.52,-2.2,0.2,-2.37,-2.42,-2.33,-2.33,-2.42,-2.43,-2.29,-2.07,-2.1,0.3,-2.13,-1.94,-1.7,-1.7,-1.8,-1.5,-1.3,-1.4,-1.4,0.1,-0.8,-0.7,-0.7,-0.7,-0.6,-0.3,-0.3,-0.4,-0.3,0.2,-0.2,0,0,0.1,0.1,0,-0.1,0.2,0.4,0.1,0.1,0.2,0.3,0.2,0.1,0.2,0.5,0.3,0.2,0.2,0.3,0.3,0.2,0,0.2,0.3,0.09,0.18
0.0000104,0.2,0.3,0.1,0.1,0.1,0.4,0.3,0.1,0,0.1,0.3,0.1,0,0,0.3,0.1,-0.1,-0.2,0,-0.1,-0.2,0.2,-0.3,-0.4,-0.7,-1,-1,-0.9,-1.1,-1.4,-1.5,0.1,-1.8,-1.94,-2,-2.06,-1.97,-2.2,-2.39,-2.42,-2.1,0.1,-2.42,-2.42,-2.33,-2.23,-2.37,-2.39,-2.3,-2.16,-2.06,0.1,-2.07,-1.9,-1.7,-1.8,-1.8,-1.6,-1.2,-1.4,-1.4,0.3,-0.7,-0.8,-0.7,-0.7,-0.6,-0.3,-0.4,-0.4,-0.3,0.2,-0.1,-0.1,0,0.1,0.1,0,0.1,0.1,0.4,0.1,0.1,0.2,0.3,0.3,0.1,0.2,0.5,0.4,0.2,0.3,0.2,0.2,0.2,0.1,0.1,0.4,0.13,0.18
0.0000106,0.1,0.3,0.1,0.1,0.2,0.4,0.2,0.1,0.1,0.2,0.2,0.3,-0.1,0,0.3,0.1,-0.1,-0.3,-0.1,-0.2,-0.2,0.2,-0.3,-0.5,-0.7,-1,-1,-0.9,-1.1,-1.4,-1.5,0.1,-1.7,-1.94,-2.1,-1.93,-1.93,-2.24,-2.47,-2.37,-2.1,0.1,-2.42,-2.52,-2.23,-2.23,-2.29,-2.3,-2.24,-2.1,-2.06,0.2,-2.07,-1.8,-1.7,-1.91,-1.8,-1.4,-1.1,-1.3,-1.4,0.3,-0.7,-0.7,-0.7,-0.7,-0.5,-0.3,-0.4,-0.5,-0.1,0.2,-0.3,-0.1,-0.1,0.1,0.1,0,0,0.1,0.3,0.2,0,0.3,0.3,0.1,0,0.1,0.5,0.3,0.2,0.1,0.2,0.2,0.1,0,0.2,0.3,0.13,0.13
0.0000108,0.1,0.3,0.2,0.1,0.1,0.4,0.2,0.1,0.1,0.2,0.2,0.3,-0.1,0.1,0.3,0.1,-0.1,-0.3,-0.2,-0.1,-0.1,0.2,-0.3,-0.4,-0.7,-1,-0.9,-0.9,-1.1,-1.4,-1.5,0.3,-1.6,-2.04,-2.04,-1.98,-1.93,-2.24,-2.42,-2.37,-2.1,0.2,-2.37,-2.42,-2.33,-2.27,-2.33,-2.34,-2.24,-2.1,-2.07,0.1,-2.03,-1.88,-1.7,-1.81,-1.8,-1.5,-1.1,-1.3,-1.3,0.2,-0.8,-0.6,-0.7,-0.7,-0.6,-0.3,-0.3,-0.5,-0.2,0.3,-0.2,-0.2,-0.1,0.1,0.2,0,-0.1,0.1,0.3,0.1,0,0.3,0.2,0.2,0.1,0.2,0.5,0.3,0.2,0.2,0.3,0.2,0.1,0.1,0.2,0.3,0.13,0.18
0.000011,0.1,0.2,0.1,0.1,0.1,0.3,0.3,0.1,0.1,0.2,0.2,0.1,-0.1,0,0.2,0.1,-0.2,-0.2,-0.1,-0.2,-0.1,0.2,-0.3,-0.5,-0.6,-0.9,-0.9,-0.9,-1.1,-1.5,-1.6,0.2,-1.6,-1.94,-2.04,-1.94,-1.93,-2.29,-2.27,-2.37,-2.1,0.1,-2.42,-2.52,-2.37,-2.32,-2.39,-2.34,-2.34,-2.14,-2.03,0.2,-2.03,-1.88,-1.7,-1.85,-1.8,-1.5,-1.2,-1.4,-1.4,0.2,-0.8,-0.6,-0.6,-0.7,-0.5,-0.4,-0.3,-0.5,-0.1,0.2,-0.2,-0.1,-0.2,0.2,0,0,0,0.1,0.3,0.1,0,0.3,0.3,0.3,0.1,0.1,0.5,0.4,0.2,0.1,0.3,0.3,0,0,0.2,0.3,0.18,0.18
0.0000112,0.2,0.4,0.1,0,0.2,0.4,0.3,0.1,0.2,0.1,0.3,0.2,0,0.1,0.1,0.1,-0.2,-0.2,-0.2,-0.1,-0.3,0.1,-0.4,-0.4,-0.6,-1,-1,-1,-1.1,-1.5,-1.5,0.1,-1.7,-2.08,-2,-1.94,-1.88,-2.24,-2.42,-2.37,-2.1,0.2,-2.47,-2.37,-2.27,-2.23,-2.39,-2.34,-2.3,-2.14,-1.98,0.1,-1.94,-1.94,-1.7,-1.85,-1.7,-1.5,-1.1,-1.4,-1.4,0.1,-0.7,-0.8,-0.6,-0.7,-0.4,-0.3,-0.4,-0.5,-0.2,0.3,-0.1,-0.1,-0.1,0.1,0,0,0,0.1,0.4,0.2,0,0.3,0.3,0.2,0,0.1,0.5,0.2,0.2,0.2,0.2,0.3,0.1,0.1,0.2,0.3,0.13,0.18
0.0000114,0.1,0.4,0.1,0,0.2,0.2,0.3,0.1,0.1,0.1,0.1,0.1,-0.1,0,0.2,0.1,-0.1,-0.1,-0.2,-0.2,-0.3,0.1,-0.3,-0.4,-0.6,-1,-1,-0.9,-1,-1.4,-1.5,0.3,-1.6,-1.94,-1.9,-1.9,-1.88,-2.1,-2.42,-2.33,-2.14,0.2,-2.47,-2.33,-2.33,-2.23,-2.29,-2.34,-2.34,-2.14,-1.94,0.3,-2,-1.94,-1.6,-1.85,-1.8,-1.5,-1.2,-1.4,-1.3,0.1,-0.7,-0.7,-0.6,-0.7,-0.5,-0.3,-0.4,-0.4,-0.2,0.2,-0.2,-0.1,-0.1,0.1,0,0,0,0.3,0.3,0.2,0.1,0.2,0.3,0.2,0,0.2,0.4,0.3,0.2,0.1,0.3,0.3,0,0.1,0.2,0.3,0.18,0.18
0.0000116,0.2,0.3,0.1,0,0.2,0.1,0.3,0,0.1,0.1,0.2,0.1,-0.1,0,0.2,0.1,-0.2,-0.2,-0.1,-0.2,-0.2,0.1,-0.4,-0.3,-0.7,-0.9,-1,-1,-1,-1.4,-1.6,0.2,-1.6,-2.04,-1.95,-1.95,-1.88,-2.1,-2.33,-2.39,-2.14,0.2,-2.43,-2.43,-2.14,-2.19,-2.29,-2.39,-2.3,-2.16,-1.94,0.3,-1.85,-1.9,-1.7,-1.85,-1.8,-1.5,-1.1,-1.4,-1.3,0.2,-0.7,-0.8,-0.6,-0.6,-0.5,-0.2,-0.4,-0.5,-0.3,0.2,-0.1,-0.2,0,0.1,0,0.1,0.1,0.2,0.3,0.2,0,0.2,0.3,0.2,0,0.2,0.5,0.2,0.1,0.2,0.2,0.3,0.1,0,0.1,0.4,0.18,0.09
0.0000118,0.1,0.3,0.1,0.2,0.1,0.2,0.3,0,0.1,0.1,0.2,0.1,0,0,0.2,0.2,-0.1,-0.2,-0.1,0,-0.2,0.1,-0.2,-0.4,-0.7,-0.9,-0.9,-0.9,-1,-1.3,-1.5,0.1,-1.7,-2.04,-1.81,-1.95,-1.78,-2.2,-2.39,-2.39,-2.1,0.2,-2.47,-2.47,-2.19,-2.19,-2.37,-2.47,-2.34,-2.01,-1.94,0.1,-1.85,-1.9,-1.7,-1.8,-1.8,-1.5,-1.2,-1.4,-1.3,0.2,-0.9,-0.8,-0.6,-0.6,-0.4,-0.4,-0.4,-0.3,-0.2,0.1,-0.1,-0.2,-0.1,0.1,0.1,-0.1,0,0.1,0.3,0.1,0,0.2,0.3,0.2,0.1,0.1,0.5,0.2,0.2,0.2,0.3,0.3,0.2,0.1,0.2,0.4,0.13,0.18
0.000012,0.1,0.2,0.1,0.1,0.1,0.3,0.3,0,0,0.1,0.2,0.2,-0.1,0.1,0.2,0.2,-0.2,-0.1,0,-0.2,-0.2,0.1,-0.2,-0.3,-0.6,-0.9,-0.9,-0.8,-1.1,-1.2,-1.5,0.2,-1.7,-2,-1.91,-1.98,-1.93,-2.16,-2.34,-2.2,-2.14,0.2,-2.37,-2.34,-2.24,-2.14,-2.37,-2.47,-2.24,-2.07,-1.98,0.1,-1.98,-1.85,-1.71,-1.7,-1.8,-1.4,-1.3,-1.4,-1.3,0.2,-0.7,-0.7,-0.6,-0.7,-0.5,-0.2,-0.4,-0.4,-0.3,0.1,-0.1,-0.1,-0.1,0.1,0,0,0,0.2,0.3,0.2,0.1,0.2,0.3,0.1,0.1,0.2,0.5,0.1,0,0.2,0.3,0.3,0.2,0,0.2,0.4,0.18,0.18
0.0000122,0.1,0.3,0.2,0,0.1,0.2,0.4,0.2,0.1,0.1,0.2,0.2,0,0,0.3,0,-0.1,-0.1,0,-0.1,-0.2,0.1,-0.3,-0.3,-0.6,-0.9,-0.9,-0.9,-1.1,-1.3,-1.5,0.2,-1.8,-1.95,-1.9,-2.03,-1.88,-2.24,-2.3,-2.3,-2.1,0.1,-2.47,-2.43,-2.29,-2.2,-2.33,-2.47,-2.2,-1.98,-2.07,0.2,-2.03,-1.85,-1.71,-1.8,-1.7,-1.5,-1.1,-1.4,-1.3,0.2,-0.7,-0.7,-0.6,-0.6,-0.5,-0.2,-0.5,-0.3,-0.2,0.1,-0.1,-0.2,-0.1,0.1,0.1,0,-0.1,0.2,0.3,0.1,0,0.2,0.4,0.1,0,0.2,0.5,0.2,0.2,0.2,0.3,0.4,0.2,0.1,0.2,0.4,0.23,0.13
0.0000124,0.1,0.3,0.1,0.1,0.1,0.3,0.3,0.2,0.1,0.2,0.2,0.2,0,0,0.3,0.1,-0.1,0,0,-0.2,-0.2,0.1,-0.3,-0.4,-0.6,-0.9,-1,-0.9,-1.1,-1.3,-1.5,0.2,-1.8,-1.81,-1.8,-2.01,-1.93,-2.2,-2.26,-2.3,-2.11,0.1,-2.47,-2.29,-2.2,-2.14,-2.29,-2.37,-2.24,-2.03,-2.01,0.2,-2.03,-1.81,-1.71,-1.7,-1.7,-1.4,-1.3,-1.3,-1.3,0.2,-0.8,-0.8,-0.7,-0.6,-0.5,-0.2,-0.4,-0.3,-0.2,0.3,-0.2,-0.1,0,0.1,0.1,0,0,0.1,0.3,0.1,0,0.2,0.4,0.2,0.1,0.2,0.5,0.2,0.2,0.1,0.3,0.3,0.2,0,0.2,0.4,0.18,0.09
0.0000126,0.2,0.4,0.1,0.1,0.1,0.3,0.3,0.1,0.1,0.2,0.2,0.2,0,0,0.2,0.1,-0.1,-0.2,-0.1,-0.1,-0.2,0.2,-0.3,-0.4,-0.7,-0.9,-0.9,-0.9,-1.1,-1.3,-1.5,0.1,-1.81,-1.95,-1.9,-1.97,-1.88,-2.1,-2.26,-2.39,-2.01,0.3,-2.33,-2.33,-2.24,-2.16,-2.43,-2.37,-2.2,-2.03,-2.01,0.1,-1.93,-1.81,-1.7,-1.7,-1.8,-1.5,-1.2,-1.3,-1.3,0.1,-0.8,-0.8,-0.7,-0.7,-0.6,-0.2,-0.4,-0.4,-0.2,0.2,-0.2,-0.1,0,0,0.1,0.1,0,0.2,0.4,0.1,0.1,0.2,0.4,0.1,0.1,0.2,0.6,0.3,0.2,0.2,0.3,0.3,0.2,0.1,0.1,0.4,0.18,0.23
0.0000128,0.1,0.4,0.1,0.1,0.1,0.3,0.3,0.2,0.1,0,0.2,0.2,0,0.1,0.2,0.1,-0.1,-0.1,-0.1,-0.1,-0.2,0.3,-0.3,-0.4,-0.7,-0.9,-0.8,-0.9,-1.1,-1.3,-1.5,0.1,-1.6,-1.81,-1.9,-2.07,-1.88,-2.1,-2.26,-2.24,-2.01,0.2,-2.33,-2.33,-2.29,-2.16,-2.24,-2.43,-2.24,-1.98,-2.06,0.3,-2.03,-1.81,-1.7,-1.7,-1.8,-1.4,-1.2,-1.2,-1.3,0.2,-0.8,-0.8,-0.7,-0.6,-0.6,-0.4,-0.3,-0.4,-0.3,0.1,-0.3,-0.1,-0.1,0.1,0.1,0,0,0.2,0.4,0.2,0,0.2,0.4,0.2,0.1,0.1,0.5,0.3,0.2,0.3,0.3,0.4,0.1,0.1,0.1,0.3,0.13,0.13
0.000013,0.1,0.4,0.1,0.1,0.1,0.4,0.4,0.2,0.1,0.1,0.2,0.1,0,0,0.3,0,-0.1,-0.2,-0.1,-0.2,-0.2,0.3,-0.2,-0.4,-0.7,-0.8,-0.9,-0.9,-1.1,-1.4,-1.5,0.2,-1.7,-1.85,-1.91,-1.98,-1.83,-2.14,-2.34,-2.29,-1.97,0.1,-2.37,-2.37,-2.14,-2.2,-2.34,-2.29,-2.2,-1.98,-2.1,0.1,-1.93,-1.85,-1.7,-1.7,-1.8,-1.4,-1.1,-1.3,-1.3,0.2,-0.7,-0.7,-0.6,-0.6,-0.6,-0.3,-0.4,-0.4,-0.2,0.2,-0.3,-0.1,0,0,0.1,0,0,0.2,0.3,0.2,0.1,0.2,0.4,0.2,0,0.2,0.5,0.4,0.1,0.2,0.4,0.3,0.1,0.1,0.1,0.3,0.13,0.23
0.0000132,0.1,0.3,0.1,0,0.2,0.3,0.2,0.2,0,0.1,0.2,0.2,0,0.1,0.3,0.1,-0.1,-0.1,-0.1,-0.1,-0.2,0.2,-0.3,-0.4,-0.8,-0.9,-0.9,-0.9,-1.1,-1.4,-1.5,0.1,-1.7,-1.85,-1.91,-1.9,-1.93,-2.19,-2.39,-2.37,-1.97,0.1,-2.33,-2.37,-2.33,-2.1,-2.3,-2.24,-2.16,-2.03,-2.01,0.2,-1.98,-1.8,-1.7,-1.8,-1.8,-1.4,-1.1,-1.3,-1.2,0.3,-0.7,-0.7,-0.6,-0.6,-0.6,-0.3,-0.4,-0.4,-0.3,0.2,-0.3,-0.1,-0.1,0.2,0.1,0,0,0.2,0.4,0.1,-0.1,0.3,0.3,0.2,0.1,0.1,0.5,0.3,0.2,0.2,0.2,0.4,0,0,0.1,0.2,0.18,0.13
0.0000134,0.1,0.3,0.2,0.1,0.1,0.3,0.2,0.1,0.1,0.1,0.1,0.2,0,0,0.3,0,-0.1,-0.1,-0.2,-0.1,-0.2,0.2,-0.3,-0.3,-0.8,-0.9,-0.9,-0.9,-1.1,-1.3,-1.6,0.1,-1.7,-1.9,-1.95,-2,-1.84,-2.1,-2.33,-2.37,-1.97,0.1,-2.37,-2.37,-2.14,-2.16,-2.3,-2.3,-2.2,-2.01,-1.97,0.2,-1.94,-1.8,-1.7,-1.8,-1.8,-1.5,-1.1,-1.4,-1.3,0.2,-0.8,-0.6,-0.6,-0.6,-0.4,-0.3,-0.5,-0.4,-0.2,0.3,-0.2,0,0,0.1,0.1,0,0.1,0.1,0.3,0.1,0.1,0.3,0.3,0.2,0,0.1,0.5,0.3,0.1,0.3,0.2,0.3,0,0,0.1,0.3,0.09,0.23
0.0000136,0.1,0.2,0.2,0.1,0.2,0.4,0.2,0.1,0.1,0.1,0.2,0.2,0,0.1,0.2,0,-0.1,-0.2,-0.3,-0.2,-0.2,0.1,-0.3,-0.4,-0.7,-0.8,-0.9,-0.9,-1,-1.3,-1.4,0.2,-1.7,-1.8,-2,-1.95,-1.84,-2.14,-2.29,-2.37,-2.01,0.1,-2.33,-2.43,-2.14,-2.1,-2.24,-2.26,-2.16,-1.97,-2.03,0.2,-1.85,-1.84,-1.7,-1.8,-1.8,-1.4,-1.1,-1.4,-1.3,0.1,-0.7,-0.7,-0.5,-0.6,-0.5,-0.3,-0.5,-0.4,-0.1,0.2,-0.1,-0.1,0,0,0.1,0,0,0.1,0.3,0.1,0,0.2,0.4,0.2,0,0,0.4,0.4,0.2,0.1,0.3,0.2,0,0.2,0.1,0.3,0.09,0.13
0.0000138,0.2,0.3,0.2,0,0.1,0.3,0.2,0,0.1,0.1,0.1,0.1,0,0.1,0.2,0,0,-0.1,-0.2,-0.2,-0.2,0.1,-0.2,-0.5,-0.7,-0.9,-0.9,-0.8,-1,-1.3,-1.5,0.2,-1.7,-1.94,-2,-1.9,-1.84,-2.01,-2.33,-2.42,-2.06,0.3,-2.33,-2.39,-2.14,-2.1,-2.2,-2.26,-2.21,-2.01,-1.94,0.1,-1.91,-1.8,-1.7,-1.8,-1.8,-1.5,-1.1,-1.4,-1.2,0.2,-0.7,-0.7,-0.5,-0.5,-0.5,-0.2,-0.3,-0.4,-0.2,0.1,-0.1,-0.2,0,0,0,0,0,0.3,0.3,0.2,0,0.2,0.3,0.1,0,0.1,0.5,0.3,0.2,0.3,0.3,0.3,0.1,0,0.2,0.3,0.18,0.13
0.000014,0.2,0.2,0.2,0.1,0.1,0.2,0.3,0,0.1,0.1,0.1,0.1,-0.1,0.1,0.2,0.1,-0.1,-0.2,-0.1,-0.1,-0.2,0.2,-0.2,-0.5,-0.5,-0.9,-0.9,-0.9,-1,-1.3,-1.5,0.2,-1.6,-1.9,-1.94,-1.94,-1.8,-2.2,-2.24,-2.33,-2.06,0.1,-2.29,-2.39,-2.24,-2.1,-2.29,-2.21,-2.16,-1.97,-1.94,0.1,-1.9,-1.8,-1.7,-1.7,-1.7,-1.5,-1.1,-1.4,-1.2,0.2,-0.7,-0.7,-0.5,-0.6,-0.5,-0.3,-0.3,-0.5,-0.1,0.2,-0.1,-0.2,0,0.1,0,0.1,0,0.2,0.3,0.2,0.1,0.2,0.4,0.2,0,0.1,0.5,0.3,0.1,0.1,0.3,0.2,0.1,0.1,0.2,0.3,0.18,0.18
0.0000142,0.2,0.2,0.1,0.1,0.2,0.2,0.3,0,0.2,0.1,0.1,0.2,-0.1,0.1,0.2,0,-0.1,-0.2,0,-0.2,-0.2,0.3,-0.2,-0.5,-0.6,-0.9,-0.9,-0.9,-1,-1.2,-1.5,0.2,-1.6,-1.85,-1.94,-2.03,-1.75,-2.16,-2.24,-2.29,-2.01,0.1,-2.24,-2.39,-2.2,-2.14,-2.24,-2.21,-2.2,-1.97,-1.85,0.1,-1.9,-1.71,-1.7,-1.7,-1.8,-1.3,-1.1,-1.4,-1.3,0.2,-0.7,-0.7,-0.5,-0.5,-0.4,-0.3,-0.4,-0.4,-0.1,0.2,-0.1,-0.1,0,0.1,0,0,0,0.2,0.3,0.3,0.2,0.1,0.4,0.2,0,0.1,0.4,0.2,0,0.1,0.3,0.2,0.2,0,0.1,0.3,0.13,0.13
0.0000144,0.2,0.3,0.1,0.1,0.1,0.3,0.3,0.1,0.1,0.1,0.2,0.2,-0.1,0.1,0.2,0,-0.1,-0.1,-0.1,-0.1,-0.2,0.2,-0.2,-0.5,-0.6,-0.8,-0.9,-0.9,-1,-1.3,-1.5,0.1,-1.6,-1.95,-1.98,-1.93,-1.85,-2.16,-2.24,-2.2,-2.01,0.2,-2.2,-2.39,-2.24,-2.1,-2.29,-2.26,-2.07,-1.97,-1.9,0.1,-1.91,-1.8,-1.7,-1.7,-1.6,-1.4,-1.2,-1.3,-1.2,0.2,-0.7,-0.8,-0.5,-0.6,-0.4,-0.3,-0.3,-0.4,-0.1,0.1,-0.1,-0.1,0,0.1,0.1,0,0.1,0.1,0.3,0.1,0.1,0.2,0.3,0.1,0.1,0.2,0.5,0.2,0.2,0.3,0.3,0.2,0.2,0.1,0.1,0.3,0.09,0.13
0.0000146,0.1,0.3,0,0,0.2,0.3,0.4,0,0.1,0.1,0.2,0.2,0,0.2,0.2,0.1,-0.2,-0.1,0,-0.1,-0.1,0.3,-0.3,-0.5,-0.6,-0.9,-0.9,-0.9,-1,-1.2,-1.5,0.3,-1.6,-1.81,-2.04,-1.93,-1.75,-2.16,-2.34,-2.21,-1.93,0.2,-2.3,-2.2,-2.1,-2.1,-2.2,-2.3,-2.16,-2.03,-1.9,0.2,-1.81,-1.7,-1.6,-1.8,-1.7,-1.3,-1.1,-1.3,-1.3,0.2,-0.7,-0.8,-0.5,-0.6,-0.5,-0.3,-0.3,-0.4,-0.2,0.2,-0.1,-0.1,0,0.1,0,0.1,0,0.2,0.3,0.2,0.2,0.3,0.4,0.1,0.1,0.1,0.5,0.2,0.1,0.2,0.3,0.2,0.2,0,0.1,0.2,0.13,0.13
0.0000148,0.2,0.4,0.1,0,0.2,0.3,0.3,0.2,0,0.2,0.2,0.2,0,0.1,0.2,0.1,-0.1,-0.1,0,-0.1,-0.1,0.1,-0.4,-0.5,-0.6,-0.9,-0.9,-0.9,-1,-1.3,-1.5,0.1,-1.7,-1.9,-1.94,-1.88,-1.8,-2.11,-2.3,-2.21,-1.97,0.2,-2.26,-2.34,-2.2,-2.06,-2.2,-2.34,-2.07,-1.93,-1.98,0.1,-1.85,-1.8,-1.6,-1.7,-1.7,-1.4,-1.2,-1.3,-1.3,0.2,-0.8,-0.8,-0.5,-0.6,-0.5,-0.2,-0.4,-0.4,-0.2,0.2,-0.1,0,-0.1,0,0.1,0.1,0,0.3,0.3,0.1,0.2,0.3,0.3,0.2,0.1,0.1,0.5,0.3,0.2,0.1,0.3,0.3,0.3,0,0.1,0.4,0.13,0.18
0.000015,0.2,0.2,0.2,0.1,0.1,0.3,0.3,0.2,0,0.1,0.2,0.1,0,0.2,0.3,0,0,-0.1,0,-0.1,-0.1,0.1,-0.3,-0.4,-0.7,-0.9,-0.9,-0.8,-1,-1.3,-1.4,0.1,-1.7,-1.9,-2,-1.98,-1.84,-2.07,-2.26,-2.21,-1.93,0.2,-2.3,-2.34,-2.2,-2.01,-2.24,-2.29,-2.16,-1.93,-2.03,0.1,-1.85,-1.7,-1.7,-1.6,-1.7,-1.3,-1.2,-1.2,-1.4,0.1,-0.8,-0.7,-0.5,-0.6,-0.5,-0.3,-0.4,-0.4,-0.3,0.2,-0.1,-0.1,0,0.1,0.1,0.1,-0.1,0.3,0.3,0.1,0.1,0.4,0.3,0.2,0,0.3,0.5,0.3,0.1,0.2,0.3,0.3,0.2,0.1,0.2,0.4,0.13,0.05
0.0000152,0.2,0.3,0.2,0.1,0.2,0.2,0.3,0.3,0.1,0,0.3,0.1,-0.1,0.1,0.2,0,-0.1,0,0,-0.2,-0.3,0.1,-0.4,-0.4,-0.8,-0.8,-0.9,-0.8,-1,-1.3,-1.5,0.1,-1.7,-1.8,-2,-1.85,-1.78,-2.07,-2.26,-2.17,-1.98,0.2,-2.24,-2.34,-2.16,-2.06,-2.3,-2.37,-2.16,-1.84,-1.93,0.1,-1.84,-1.7,-1.8,-1.6,-1.7,-1.3,-1.2,-1.3,-1.2,0.2,-0.7,-0.8,-0.5,-0.7,-0.5,-0.3,-0.4,-0.4,-0.3,0.2,-0.2,-0.1,0,0.1,0,0.1,0,0.2,0.3,0.2,0.1,0.4,0.3,0.2,0,0.1,0.6,0.3,0.2,0.2,0.2,0.3,0.3,0.1,0,0.3,0.09,0.13
0.0000154,0.2,0.3,0.1,0,0.1,0.2,0.2,0.2,0,0.1,0.2,0.2,0,0,0.3,0.1,-0.1,-0.1,-0.1,-0.1,-0.2,0.2,-0.3,-0.3,-0.7,-0.9,-0.9,-0.7,-1.1,-1.2,-1.5,0.2,-1.7,-1.8,-1.95,-1.81,-1.87,-2.07,-2.16,-2.21,-1.98,0.2,-2.24,-2.24,-2.11,-2.01,-2.2,-2.33,-2.06,-1.84,-1.93,0.2,-1.8,-1.8,-1.7,-1.7,-1.7,-1.4,-1.2,-1.3,-1.3,0.2,-0.7,-0.7,-0.6,-0.6,-0.5,-0.2,-0.4,-0.4,-0.2,0.3,-0.1,-0.1,0,0.1,0,0.1,0,0.2,0.3,0.1,0,0.4,0.4,0.2,0,0.1,0.5,0.3,0.1,0.2,0.3,0.4,0.2,0.1,0,0.4,0.13,0.13
0.0000156,0.1,0.3,0.1,0.1,0.2,0.4,0.2,0.2,0.1,0.1,0.2,0.1,0,0,0.3,0,0,-0.1,-0.1,-0.1,-0.1,0.1,-0.2,-0.3,-0.6,-1,-0.8,-0.7,-1,-1.3,-1.5,0.2,-1.7,-1.9,-2,-1.91,-1.78,-2.03,-2.26,-2.3,-1.94,0.1,-2.33,-2.24,-2.11,-2.01,-2.2,-2.39,-2.14,-1.84,-1.97,0.1,-1.94,-1.8,-1.6,-1.7,-1.8,-1.3,-1.2,-1.3,-1.3,0.1,-0.7,-0.7,-0.6,-0.5,-0.5,-0.2,-0.3,-0.4,-0.3,0.2,-0.1,-0.1,0,0.1,0.1,0.1,0,0.2,0.4,0.1,-0.1,0.4,0.3,0.2,0,0.1,0.5,0.3,0.2,0.1,0.3,0.3,0.1,0.1,0.1,0.4,0.18,0.13
0.0000158,0.2,0.3,0.2,0,0.2,0.2,0.3,0.2,0.2,0.1,0.1,0.2,0.1,0,0.2,0,-0.1,-0.2,-0.1,-0.1,-0.2,0.1,-0.2,-0.3,-0.7,-0.9,-0.8,-0.7,-1,-1.3,-1.5,0.2,-1.5,-1.9,-1.85,-2,-1.93,-2.03,-2.3,-2.2,-1.98,0.2,-2.27,-2.2,-2.07,-2.11,-2.2,-2.2,-2.14,-1.84,-1.93,0.2,-1.9,-1.71,-1.8,-1.7,-1.7,-1.4,-1.2,-1.2,-1.3,0.1,-0.8,-0.7,-0.6,-0.7,-0.5,-0.2,-0.4,-0.4,-0.2,0.1,-0.1,-0.1,0,0,0.2,0.1,-0.1,0.2,0.4,0.1,0.1,0.3,0.4,0.2,0.1,0.1,0.5,0.3,0.1,0.2,0.3,0.3,0.1,0.1,0.2,0.5,0.18,0.13
0.000016,0.1,0.3,0.1,0.1,0.2,0.4,0.3,0,0,0.1,0.1,0.1,0.2,0.1,0.2,0,-0.1,-0.2,-0.2,-0.1,-0.1,0.2,-0.2,-0.4,-0.6,-0.8,-0.8,-0.8,-1,-1.2,-1.6,0.2,-1.7,-1.9,-1.95,-1.81,-1.78,-2.11,-2.2,-2.24,-2.03,0.2,-2.27,-2.24,-1.98,-2.06,-2.16,-2.3,-2.2,-1.94,-1.88,0.1,-1.85,-1.75,-1.7,-1.7,-1.6,-1.4,-1.1,-1.3,-1.2,0.2,-0.7,-0.7,-0.5,-0.6,-0.4,-0.2,-0.4,-0.4,-0.2,0.3,-0.1,-0.1,0,0.1,0.1,0,-0.1,0.2,0.3,0.2,0.1,0.4,0.4,0.3,0,0.1,0.5,0.3,0,0.1,0.3,0.3,0.1,0.1,0.1,0.4,0.18,0.18
0.0000162,0.1,0.4,0.1,0,0.2,0.3,0.2,0,0,0.2,0.3,0.1,0.1,0.1,0.2,0,-0.2,-0.1,-0.1,0,-0.1,0.1,-0.3,-0.4,-0.6,-0.8,-0.9,-0.8,-0.9,-1.3,-1.5,0.2,-1.5,-1.9,-1.95,-1.85,-1.7,-2.01,-2.26,-2.29,-1.93,0.1,-2.37,-2.24,-2.03,-2.06,-2.2,-2.17,-2.01,-1.88,-1.88,0.1,-1.8,-1.75,-1.6,-1.7,-1.7,-1.3,-1.1,-1.3,-1.2,0.1,-0.7,-0.6,-0.7,-0.5,-0.4,-0.2,-0.4,-0.4,-0.1,0.3,-0.1,-0.1,0,0.1,0.2,0,0,0.2,0.4,0.3,0.1,0.2,0.4,0.3,0.1,0,0.4,0.4,0,0.1,0.2,0.3,0.1,0.1,0.2,0.4,0.09,0.09
0.0000164,0.1,0.4,0.1,0.1,0.2,0.3,0.2,0,0.1,0,0.3,0.1,0.1,0,0.2,0,-0.1,-0.1,-0.1,-0.1,-0.1,0.2,-0.3,-0.4,-0.6,-0.8,-0.8,-0.9,-1,-1.3,-1.4,0.1,-1.6,-1.8,-1.95,-1.9,-1.75,-2.06,-2.2,-2.24,-1.93,0.2,-2.33,-2.24,-2.07,-2.01,-2.24,-2.21,-2.03,-1.88,-1.94,0.1,-1.85,-1.71,-1.6,-1.6,-1.7,-1.4,-1.1,-1.3,-1.2,0.1,-0.7,-0.7,-0.6,-0.5,-0.4,-0.3,-0.4,-0.4,-0.1,0.2,-0.1,-0.1,0,0.1,0,0,0,0.3,0.4,0.1,0,0.3,0.4,0.2,0,0.2,0.4,0.2,0.2,0.1,0.2,0.2,0.1,0,0.2,0.3,0.13,0.18
0.0000166,0.2,0.3,0.1,0.1,0.1,0.3,0.3,0,0.1,0.1,0.2,0.2,0,0.2,0.3,0,-0.2,-0.1,-0.1,0,-0.1,0.1,-0.2,-0.4,-0.6,-0.8,-0.8,-0.8,-1,-1.3,-1.5,0.2,-1.6,-1.8,-2,-1.94,-1.75,-2.1,-2.3,-2.29,-2.03,0.1,-2.24,-2.2,-2.16,-2.01,-2.2,-2.13,-1.94,-1.97,-1.9,0.2,-1.8,-1.8,-1.6,-1.7,-1.7,-1.4,-1.1,-1.4,-1.2,0.1,-0.7,-0.7,-0.6,-0.6,-0.4,-0.2,-0.4,-0.4,-0.1,0.1,-0.1,0,-0.1,0.2,0,0,0.1,0.1,0.3,0.1,0,0.2,0.4,0.2,0.1,0.1,0.5,0.3,0.1,0.1,0.2,0.3,0.1,0,0.1,0.4,0.13,0.14
0.0000168,0.1,0.3,0.1,0.1,0.1,0.3,0.2,0,0,0.1,0.1,0.2,-0.1,0.2,0.2,0,-0.2,-0.1,0,0,-0.1,0.1,-0.2,-0.5,-0.6,-0.7,-0.8,-0.9,-0.9,-1.3,-1.5,0.3,-1.6,-1.85,-2,-1.88,-1.7,-1.97,-2.2,-2.2,-1.88,0.1,-2.2,-2.3,-2.1,-2.06,-2.1,-2.17,-1.85,-1.94,-1.81,0.2,-1.91,-1.81,-1.6,-1.7,-1.7,-1.4,-1.1,-1.3,-1.2,0.1,-0.7,-0.7,-0.6,-0.6,-0.5,-0.2,-0.4,-0.4,0,0.2,-0.2,-0.1,0,0.1,0.1,0,0.1,0.2,0.3,0.2,0.1,0.3,0.4,0.2,0,0,0.5,0.2,0.2,0.1,0.3,0.2,0.1,0,0.2,0.3,0.09,0.18
0.000017,0.1,0.3,0.2,0,0.1,0.4,0.3,0,0,0.1,0.1,0.3,0,0.2,0.2,0,-0.2,-0.1,0,-0.1,-0.1,0.2,-0.2,-0.4,-0.6,-0.7,-0.9,-0.8,-0.9,-1.2,-1.4,0.2,-1.6,-1.75,-1.94,-1.88,-1.8,-1.97,-2.26,-2.16,-1.88,0.2,-2.26,-2.16,-2.14,-2.06,-2.19,-2.17,-2,-1.88,-1.85,0.3,-1.81,-1.8,-1.5,-1.6,-1.6,-1.4,-1.1,-1.3,-1.2,0.1,-0.7,-0.7,-0.6,-0.5,-0.4,-0.3,-0.3,-0.3,-0.1,0.1,0,0,0,0.1,0,0.1,0,0.1,0.3,0.2,0.1,0.3,0.4,0.2,0.1,0.1,0.6,0.4,0.2,0.1,0.3,0.2,0.2,0,0.1,0.3,0.13,0.09
0.0000172,0.2,0.3,0.2,0,0.1,0.3,0.2,0.1,0.1,0.1,0.2,0.2,-0.1,0.1,0.2,0.1,-0.1,-0.1,0.1,-0.2,-0.1,0.2,-0.3,-0.5,-0.6,-0.8,-0.8,-0.8,-1,-1.3,-1.5,0.1,-1.6,-1.81,-2,-1.88,-1.7,-2.07,-2.26,-2.16,-1.88,0.2,-2.17,-2.2,-2.14,-1.97,-2.14,-2.21,-1.95,-1.75,-1.9,0.2,-1.91,-1.7,-1.7,-1.7,-1.6,-1.3,-1.2,-1.3,-1.2,0.1,-0.6,-0.7,-0.6,-0.6,-0.5,-0.2,-0.3,-0.4,-0.1,0.1,-0.1,-0.1,0,0.1,0.1,0,0.1,0.3,0.3,0.1,0.1,0.3,0.4,0.2,0,0.2,0.5,0.3,0.2,0.2,0.3,0.2,0.1,0.1,0.2,0.4,0.18,0.13
0.0000174,0.1,0.3,0.2,0,0,0.3,0.2,0.2,0,0.1,0.3,0.1,-0.1,0.1,0.2,0,-0.2,-0.2,0,0,-0.1,0.1,-0.3,-0.3,-0.7,-0.9,-0.8,-0.8,-0.9,-1.3,-1.5,0.1,-1.6,-1.81,-2,-1.84,-1.8,-2.03,-2.21,-2.11,-1.88,0.2,-2.11,-2.2,-2.14,-1.97,-2.2,-2.26,-1.94,-1.9,-1.84,0.2,-1.81,-1.7,-1.71,-1.7,-1.6,-1.4,-1.1,-1.4,-1.3,0.2,-0.7,-0.7,-0.7,-0.6,-0.5,-0.3,-0.3,-0.4,-0.2,0.1,-0.1,-0.1,0,0,0,0.1,0,0.2,0.3,0.2,0.1,0.4,0.4,0.2,0,0.2,0.4,0.2,0.3,0.2,0.3,0.2,0.2,0,0.2,0.3,0.09,0.13
0.0000176,0.2,0.3,0.2,0,0.1,0.2,0.2,0.1,0,0.1,0.3,0.3,-0.2,0.2,0.3,0.1,-0.1,-0.1,0,0,-0.2,0.1,-0.2,-0.4,-0.7,-0.8,-0.8,-0.8,-0.9,-1.3,-1.4,0.2,-1.6,-1.8,-2,-1.75,-1.81,-1.98,-2.21,-2.26,-1.84,0.2,-2.21,-2.24,-2.1,-1.93,-2.2,-2.3,-1.98,-1.85,-1.88,0.2,-1.91,-1.7,-1.7,-1.6,-1.6,-1.3,-1.2,-1.3,-1.2,0.1,-0.8,-0.8,-0.7,-0.6,-0.4,-0.2,-0.4,-0.4,-0.1,0.2,-0.1,-0.1,0,0,0.1,0,0,0.3,0.3,0.2,0.2,0.4,0.5,0.2,0.1,0.2,0.5,0.3,0.3,0.2,0.2,0.3,0.2,0.1,0.2,0.4,0.13,0.09
0.0000178,0.2,0.4,0.3,0,0.1,0.3,0.3,0.1,0,0.1,0.2,0.2,-0.1,0.1,0.3,0.1,-0.1,-0.1,0.1,-0.1,-0.2,0.2,-0.3,-0.3,-0.7,-0.9,-0.8,-0.8,-1,-1.3,-1.4,0.1,-1.6,-1.8,-1.95,-1.81,-1.71,-1.94,-2.21,-2.26,-1.84,0.1,-2.3,-2.2,-2.01,-2.07,-2.16,-2.11,-2.03,-1.85,-1.88,0.1,-1.91,-1.7,-1.7,-1.6,-1.7,-1.4,-1.1,-1.3,-1.2,0.3,-0.6,-0.7,-0.7,-0.6,-0.5,-0.2,-0.3,-0.4,-0.2,0.2,-0.1,-0.1,0,0,0.1,0.1,-0.1,0.3,0.3,0.1,0.1,0.4,0.2,0.3,0,0.3,0.5,0.4,0.3,0.2,0.2,0.3,0.2,0.2,0.1,0.3,0.18,0.14
0.000018,0.2,0.3,0.2,0,0.1,0.3,0.3,0.1,0.1,0,0.2,0.3,-0.1,0.1,0.2,0.1,-0.1,-0.1,0,0,-0.2,0.2,-0.3,-0.3,-0.6,-0.9,-0.8,-0.8,-0.9,-1.3,-1.4,0.1,-1.5,-1.7,-1.91,-1.81,-1.8,-1.94,-2.17,-2.11,-1.94,0.2,-2.11,-2.2,-1.93,-2.03,-2.11,-2.2,-2.07,-1.9,-1.93,0.1,-1.95,-1.8,-1.6,-1.8,-1.7,-1.3,-1.1,-1.2,-1.3,0.1,-0.7,-0.8,-0.7,-0.6,-0.3,-0.3,-0.3,-0.4,-0.2,0.2,-0.1,-0.1,0,0.1,0.1,0.1,-0.1,0.3,0.4,0.2,0,0.3,0.4,0.2,0,0.2,0.5,0.3,0.1,0.2,0.4,0.3,0.1,0.1,0.2,0.5,0.14,0.13
0.0000182,0.2,0.3,0.1,0.1,0.1,0.3,0.2,0.2,0.1,0.1,0.3,0.3,0,0.1,0.3,0.1,-0.1,-0.1,-0.1,-0.1,-0.2,0.2,-0.3,-0.4,-0.6,-0.9,-0.8,-0.7,-1,-1.3,-1.5,0.2,-1.5,-1.7,-1.85,-1.8,-1.84,-1.94,-2.26,-2.16,-1.8,0.2,-2.24,-2.16,-2.03,-1.93,-2.11,-2.3,-1.97,-1.84,-1.84,0.1,-1.95,-1.7,-1.6,-1.7,-1.7,-1.4,-1.1,-1.2,-1.2,0.1,-0.6,-0.7,-0.6,-0.6,-0.3,-0.3,-0.4,-0.4,-0.2,0.2,0,-0.1,0,0.1,0.1,0.1,-0.1,0.3,0.3,0.2,0,0.2,0.4,0.3,0,0.2,0.5,0.4,0.2,0.2,0.4,0.3,0.1,0.1,0.2,0.3,0.18,0.09
0.0000184,0.1,0.5,0.1,0,0.1,0.2,0.2,0.1,0,0,0.2,0.2,0,0.1,0.2,0.1,-0.1,-0.2,0,0,-0.2,0.1,-0.3,-0.4,-0.5,-0.8,-0.9,-0.7,-0.9,-1.3,-1.4,0.1,-1.7,-1.7,-1.91,-1.8,-1.78,-2.04,-2.24,-2.11,-1.84,0.1,-2.24,-2.11,-1.94,-2.07,-2.08,-2.26,-2.07,-1.84,-1.9,0.2,-1.85,-1.7,-1.6,-1.7,-1.6,-1.4,-1.1,-1.1,-1.2,0.2,-0.7,-0.7,-0.6,-0.6,-0.4,-0.3,-0.4,-0.4,-0.2,0.1,-0.2,-0.1,0,0,0.1,-0.1,-0.1,0.3,0.4,0.1,0.1,0.3,0.4,0.3,0,0.1,0.5,0.2,0.2,0.1,0.3,0.3,0.2,0.2,0.2,0.3,0.13,0.18
0.0000186,0.2,0.4,0.1,-0.1,0.1,0.2,0.2,0,0,0.2,0.2,0.1,0,0.1,0.2,0,-0.1,-0.2,0,0,0,0.3,-0.3,-0.4,-0.5,-0.9,-0.8,-0.8,-1.1,-1.3,-1.5,0.1,-1.6,-1.7,-1.91,-1.8,-1.78,-2,-2.2,-2.21,-1.84,0.2,-2.1,-2.16,-1.94,-1.93,-2.13,-2.3,-1.97,-1.93,-1.8,0.1,-1.81,-1.7,-1.6,-1.7,-1.7,-1.3,-1.1,-1.1,-1.2,0.1,-0.6,-0.7,-0.7,-0.6,-0.3,-0.2,-0.4,-0.4,-0.1,0.2,-0.3,-0.1,0,0.1,0.1,-0.1,0,0.3,0.4,0.2,0.1,0.2,0.5,0.2,0,0.1,0.5,0.3,0.2,0.1,0.4,0.4,0.1,0,0.2,0.3,0.18,0.14
0.0000188,0.2,0.4,0.1,0,0.1,0.3,0.3,0.1,0.1,0.1,0.2,0.2,0,0.2,0.2,0,-0.1,-0.1,0,0,-0.1,0.2,-0.3,-0.4,-0.6,-0.9,-0.8,-0.8,-1,-1.2,-1.4,0.2,-1.6,-1.7,-1.95,-1.8,-1.83,-2,-2.16,-2.2,-1.88,0.2,-2.24,-2.16,-1.94,-2.03,-2.17,-2.17,-1.93,-1.93,-1.85,0.2,-1.85,-1.8,-1.5,-1.6,-1.7,-1.3,-1.2,-1.1,-1.2,0.1,-0.7,-0.7,-0.6,-0.5,-0.4,-0.3,-0.4,-0.4,-0.2,0.1,-0.2,-0.1,0,0.1,0.1,0,0,0.2,0.4,0.2,0.1,0.2,0.4,0.2,0,0,0.6,0.2,0.3,0.2,0.4,0.3,0.2,0.1,0.2,0.4,0.13,0.18
0.000019,0.2,0.4,0,0,0.2,0.3,0.3,0.1,0.1,0.1,0.3,0.1,0,0.2,0.2,0,-0.1,-0.2,0,-0.1,-0.1,0.2,-0.2,-0.4,-0.7,-0.7,-0.8,-0.8,-0.9,-1.4,-1.4,0.1,-1.6,-1.7,-1.91,-1.9,-1.84,-1.85,-2.16,-2.11,-1.88,0.3,-2.2,-2.16,-1.98,-1.97,-2.13,-2.17,-1.93,-1.83,-1.85,0.2,-1.9,-1.8,-1.5,-1.7,-1.6,-1.3,-1.1,-1.2,-1.2,0.1,-0.7,-0.7,-0.7,-0.5,-0.4,-0.2,-0.4,-0.4,-0.2,0.1,-0.2,-0.2,0,0.1,0.1,0,-0.1,0.1,0.4,0.1,0.1,0.2,0.5,0.2,0.1,0.1,0.4,0.3,0.2,0.2,0.3,0.4,0.1,0.1,0.2,0.3,0.14,0.13
0.0000192,0.2,0.4,0,0.1,0.2,0.3,0.2,0.1,0.2,0.1,0.2,0.2,0,0.1,0.2,-0.1,-0.1,-0.2,0,0.1,0,0.1,-0.2,-0.4,-0.7,-0.7,-0.8,-0.9,-0.9,-1.3,-1.4,0.1,-1.6,-1.8,-1.81,-1.9,-1.8,-1.94,-2.21,-2.11,-1.93,0.2,-2.16,-2.11,-2.03,-1.93,-2.17,-2.17,-1.94,-1.88,-1.85,0.3,-1.81,-1.6,-1.6,-1.6,-1.6,-1.3,-1.2,-1.3,-1.2,0.2,-0.7,-0.7,-0.7,-0.5,-0.5,-0.2,-0.4,-0.4,-0.1,0.2,-0.2,-0.1,0,0.2,0,0,0,0.1,0.4,0.1,0.1,0.3,0.5,0.2,0.1,0,0.5,0.3,0.3,0.2,0.3,0.3,0.1,0,0.2,0.3,0.09,0.18
0.0000194,0.2,0.3,0.1,0,0.1,0.3,0.2,0.1,0,0.1,0.2,0.2,-0.1,0.1,0.2,0,-0.1,-0.2,0,-0.1,-0.1,0.2,-0.3,-0.4,-0.7,-0.7,-0.8,-0.8,-0.9,-1.3,-1.4,0.1,-1.5,-1.8,-1.95,-1.81,-1.75,-2.03,-2.03,-2.07,-1.83,0.2,-2.11,-2.11,-1.97,-1.93,-2.17,-2.08,-1.94,-1.8,-1.8,0.2,-1.81,-1.7,-1.6,-1.6,-1.7,-1.3,-1.2,-1.2,-1.2,0.2,-0.7,-0.7,-0.7,-0.4,-0.4,-0.2,-0.4,-0.4,-0.2,0.2,-0.2,-0.1,0,0.1,0.1,0.1,0,0.2,0.3,0.1,0,0.3,0.4,0.2,0.1,0,0.4,0.3,0.2,0.2,0.3,0.4,0.1,0,0.2,0.3,0.13,0.13
0.0000196,0.3,0.3,0.1,0.1,0.2,0.3,0.3,0,0.1,0.1,0.3,0.1,-0.1,0.2,0.3,0.1,-0.2,-0.2,-0.1,-0.1,-0.2,0.3,-0.2,-0.3,-0.7,-0.7,-0.8,-0.8,-1,-1.3,-1.4,0.2,-1.5,-1.81,-1.85,-1.9,-1.71,-2.03,-2.13,-2.17,-1.84,0.1,-2.06,-2.07,-2.11,-2.03,-2.07,-2.08,-1.85,-1.8,-1.85,0.1,-1.9,-1.7,-1.6,-1.6,-1.7,-1.4,-1.1,-1.3,-1.2,0.2,-0.8,-0.7,-0.6,-0.6,-0.4,-0.2,-0.3,-0.4,-0.1,0.3,-0.1,-0.2,0,0.2,0,0.1,0.1,0.2,0.3,0.2,0.1,0.2,0.5,0.2,0,0.1,0.4,0.3,0.2,0.2,0.2,0.2,0.1,-0.1,0.3,0.4,0.23,0.09
0.0000198,0.2,0.3,0.2,0,0.2,0.3,0.2,0,0,0.1,0.1,0.3,-0.1,0.1,0.3,0.1,-0.2,-0.2,0,-0.1,-0.1,0.1,-0.3,-0.4,-0.6,-0.7,-0.7,-0.8,-0.9,-1.3,-1.3,0.2,-1.5,-1.85,-1.91,-1.81,-1.8,-2.06,-2.04,-2.21,-1.84,0.2,-2.11,-2.17,-1.98,-2.03,-2.07,-2.08,-1.91,-1.81,-1.75,0.1,-1.9,-1.6,-1.6,-1.6,-1.6,-1.4,-1.1,-1.3,-1.2,0.1,-0.7,-0.6,-0.6,-0.6,-0.4,-0.3,-0.4,-0.4,-0.1,0.1,-0.1,-0.1,0,0.1,0.1,0,0.1,0.1,0.3,0.2,0.2,0.3,0.5,0.2,0,0.2,0.5,0.2,0.1,0.1,0.2,0.2,0.1,-0.1,0.2,0.4,0.13,0.13
0.00002,0.1,0.2,0.2,0,0.1,0.2,0.2,0.1,0,0,0.2,0.2,0,0.1,0.3,0,-0.2,-0.1,0,-0.1,-0.2,0.1,-0.2,-0.3,-0.6,-0.7,-0.7,-0.8,-0.9,-1.3,-1.4,0.1,-1.5,-1.8,-1.95,-1.85,-1.6,-1.91,-2.04,-2.17,-1.8,0.2,-2.16,-2.03,-1.98,-1.98,-2.03,-2.13,-1.95,-1.81,-1.75,0.1,-1.81,-1.6,-1.6,-1.7,-1.6,-1.3,-1.1,-1.2,-1.2,0.1,-0.6,-0.8,-0.7,-0.5,-0.4,-0.3,-0.3,-0.4,-0.2,0.1,-0.1,0,0,0.2,0,0,0,0.2,0.3,0.1,0.1,0.4,0.5,0.2,0.1,0.2,0.4,0.2,0.2,0.1,0.3,0.2,0.1,0,0.2,0.5,0.18,0.09
0.0000202,0.2,0.4,0.2,0.1,0.2,0.2,0.3,0,0,0,0.2,0.1,-0.1,0.2,0.2,0.1,0,-0.2,0,0,-0.2,0.2,-0.3,-0.4,-0.7,-0.7,-0.7,-0.8,-0.9,-1.3,-1.4,0.2,-1.5,-1.7,-1.85,-1.85,-1.8,-1.97,-2.08,-2.17,-1.71,0.1,-2.07,-2.13,-1.88,-1.94,-2.08,-2.17,-1.9,-1.7,-1.71,0.1,-1.8,-1.6,-1.6,-1.6,-1.6,-1.3,-1.1,-1.3,-1.2,0.1,-0.6,-0.7,-0.7,-0.6,-0.5,-0.2,-0.3,-0.4,-0.2,0.2,-0.1,-0.1,-0.1,0.1,0.1,0,0,0.2,0.3,0.2,0.1,0.3,0.4,0.2,0.1,0.2,0.4,0.3,0.1,0.2,0.2,0.2,0.1,0,0.2,0.3,0.09,0.14
0.0000204,0.2,0.2,0.2,0,0.2,0.3,0.3,0.1,0.1,0.1,0.2,0.1,-0.1,0.2,0.2,0.1,-0.1,-0.1,0,0,-0.2,0.1,-0.3,-0.3,-0.7,-0.8,-0.7,-0.8,-0.8,-1.3,-1.4,0.3,-1.5,-1.6,-1.9,-1.81,-1.7,-1.93,-2.17,-2.08,-1.8,0.1,-2.07,-2.07,-1.9,-1.98,-2.08,-2.17,-1.85,-1.81,-1.71,0.1,-1.81,-1.7,-1.7,-1.6,-1.6,-1.2,-1.2,-1.3,-1.2,0.2,-0.7,-0.6,-0.8,-0.6,-0.4,-0.4,-0.3,-0.4,-0.2,0.1,-0.1,-0.1,0.1,0.2,0.1,0.1,0,0.3,0.2,0.2,0.1,0.3,0.5,0.2,0,0.2,0.5,0.3,0.1,0.2,0.3,0.4,0.1,0.1,0.1,0.4,0.18,0.23
0.0000206,0.2,0.3,0.1,0,0.2,0.3,0.3,0.2,0,0.1,0.3,0.2,-0.1,0.2,0.2,0.1,-0.1,0,0,0,-0.2,0.1,-0.3,-0.3,-0.6,-0.9,-0.8,-0.8,-0.9,-1.3,-1.4,0.3,-1.5,-1.6,-1.81,-1.85,-1.8,-1.94,-2.17,-2.13,-1.8,0.2,-2.11,-2.07,-1.94,-1.98,-2.04,-2.07,-1.94,-1.81,-1.85,0.1,-1.8,-1.6,-1.5,-1.6,-1.7,-1.4,-1.1,-1.2,-1.3,0.1,-0.6,-0.7,-0.7,-0.6,-0.3,-0.3,-0.4,-0.4,-0.2,0.2,-0.1,-0.1,0,0.1,0.3,0.1,0,0.1,0.3,0.1,0.1,0.2,0.4,0.1,0.1,0.2,0.6,0.2,0.1,0.2,0.4,0.2,0.2,0.1,0.1,0.3,0.09,0.13
0.0000208,0.2,0.4,0.1,0,0.2,0.3,0.3,0.1,0,0.2,0.3,0.2,-0.1,0.3,0.2,0,-0.1,-0.1,0,-0.1,-0.1,0.3,-0.3,-0.3,-0.6,-0.8,-0.8,-0.8,-1,-1.2,-1.4,0.3,-1.5,-1.7,-1.81,-1.85,-1.71,-1.9,-2.07,-2.13,-1.7,0.2,-2.11,-2.16,-1.93,-1.93,-2.04,-2.21,-1.98,-1.75,-1.75,0.2,-1.85,-1.7,-1.6,-1.6,-1.7,-1.3,-1.1,-1.1,-1.2,0.1,-0.6,-0.7,-0.7,-0.6,-0.4,-0.3,-0.3,-0.4,-0.2,0.2,-0.1,-0.1,0,0.1,0.1,0.1,-0.1,0.1,0.2,0.3,0.1,0.3,0.4,0.1,0.1,0.2,0.5,0.4,0.2,0.1,0.3,0.3,0.2,0.1,0.1,0.4,0.18,0.13
0.000021,0.2,0.4,0.1,0,0.1,0.4,0.3,0.1,0,0.1,0.3,0.2,-0.1,0.2,0.2,0.1,-0.1,-0.1,0,0,-0.1,0.1,-0.3,-0.3,-0.7,-0.9,-0.8,-0.8,-1,-1.2,-1.4,0.3,-1.5,-1.7,-1.8,-1.81,-1.75,-1.81,-2.11,-1.98,-1.8,0.1,-2.11,-2.2,-1.93,-1.93,-2,-2.17,-1.93,-1.84,-1.71,0.1,-1.81,-1.7,-1.5,-1.6,-1.7,-1.4,-1.1,-1.2,-1.2,0.2,-0.6,-0.6,-0.6,-0.5,-0.3,-0.3,-0.3,-0.4,-0.3,0.2,-0.1,-0.1,0,0.1,0.1,0,0,0.2,0.2,0.2,0.2,0.3,0.4,0.2,0,0.1,0.5,0.3,0.1,0.1,0.4,0.3,0.2,0.1,0.1,0.4,0.13,0.13
0.0000212,0.2,0.3,0.1,0.1,0.2,0.4,0.2,0.1,0,0.2,0.2,0.1,-0.1,0.2,0.1,0.1,0,-0.1,0,-0.1,-0.1,0.1,-0.1,-0.3,-0.7,-0.9,-0.8,-0.8,-0.9,-1.2,-1.4,0.1,-1.4,-1.7,-1.91,-1.81,-1.65,-1.91,-2.11,-2.13,-1.71,0.2,-2.11,-2.2,-1.97,-1.91,-2.04,-2.07,-1.97,-1.84,-1.8,0.2,-1.81,-1.6,-1.5,-1.6,-1.6,-1.3,-1.1,-1.1,-1.2,0.2,-0.6,-0.7,-0.6,-0.6,-0.4,-0.3,-0.2,-0.4,-0.2,0.2,-0.3,-0.1,0,0,0.1,0,0,0.1,0.3,0.3,0.1,0.4,0.4,0.2,0,0.2,0.6,0.3,0.2,0.1,0.3,0.3,0.2,0.1,0.1,0.3,0.13,0.14
0.0000214,0.2,0.4,0.1,-0.1,0.2,0.4,0.3,0,0.1,0.1,0.3,0.2,-0.1,0.2,0.2,0,0,-0.2,0,0,-0.1,0.2,-0.2,-0.2,-0.6,-0.9,-0.9,-0.8,-0.9,-1.3,-1.4,0.2,-1.5,-1.6,-1.8,-1.81,-1.65,-1.95,-2.07,-2.13,-1.8,0.2,-2.07,-2.16,-1.91,-2.06,-1.98,-2.03,-1.97,-1.84,-1.8,0.2,-1.8,-1.6,-1.6,-1.6,-1.6,-1.3,-1.1,-1.1,-1.2,0.2,-0.6,-0.7,-0.6,-0.6,-0.4,-0.3,-0.1,-0.3,-0.2,0.1,-0.2,0,-0.1,0.1,0.1,0,0,0.2,0.3,0.2,0.1,0.3,0.3,0.2,0.1,0.1,0.4,0.3,0.2,0.2,0.4,0.3,0.1,0.1,0.2,0.4,0.09,0.18
0.0000216,0.2,0.4,0.2,0,0.2,0.4,0.2,0.1,0,0.2,0.2,0.1,0,0.2,0.1,0,-0.1,-0.2,0,0.1,-0.2,0.1,-0.2,-0.4,-0.7,-0.9,-0.7,-0.7,-1,-1.2,-1.3,0.2,-1.5,-1.6,-1.81,-1.8,-1.75,-1.81,-2.07,-2.03,-1.88,0.2,-2.03,-2.11,-1.96,-1.87,-2.08,-2.13,-1.97,-1.8,-1.7,0.2,-1.8,-1.7,-1.5,-1.5,-1.6,-1.2,-1.1,-1.1,-1.2,0.1,-0.6,-0.7,-0.6,-0.5,-0.4,-0.2,-0.1,-0.4,-0.2,0.1,-0.2,-0.1,0,0.1,0.1,0,0,0.2,0.3,0.2,0,0.2,0.4,0.3,0,0.1,0.5,0.3,0.2,0.2,0.3,0.3,0.1,0.1,0.2,0.4,0.09,0.18
0.0000218,0.2,0.4,0.2,-0.1,0,0.4,0.3,0.1,0,0,0.2,0.1,-0.1,0.2,0.2,0,-0.1,-0.2,-0.1,0,-0.2,0.2,-0.2,-0.3,-0.6,-0.8,-0.7,-0.8,-0.9,-1.2,-1.4,0.2,-1.5,-1.6,-1.81,-1.81,-1.71,-1.95,-2.03,-2.13,-1.84,0.2,-2.03,-2.07,-2.06,-1.93,-2.07,-1.98,-1.97,-1.8,-1.81,0.2,-1.8,-1.6,-1.6,-1.6,-1.6,-1.4,-1.1,-1.1,-1.1,0.1,-0.6,-0.7,-0.7,-0.4,-0.4,-0.2,-0.2,-0.3,-0.2,0.2,-0.1,-0.1,-0.1,0.1,0,0.1,0,0.2,0.3,0.2,0,0.3,0.4,0.3,0,0.1,0.4,0.3,0.2,0.2,0.3,0.3,0.1,0,0.3,0.3,0.09,0.18
0.000022,0.2,0.4,0.3,0,0.1,0.4,0.2,0,0.1,0,0.3,0.1,0,0.2,0.1,0,-0.1,-0.2,0,0,-0.3,0.1,-0.1,-0.3,-0.7,-0.7,-0.8,-0.8,-0.9,-1.2,-1.4,0.1,-1.5,-1.7,-1.85,-1.8,-1.75,-1.85,-2.04,-2.13,-1.84,0.2,-2.03,-2.03,-1.97,-1.88,-2.16,-2.08,-1.98,-1.71,-1.8,0.1,-1.9,-1.6,-1.6,-1.6,-1.6,-1.2,-1,-1.2,-1.1,0.2,-0.6,-0.7,-0.6,-0.5,-0.5,-0.2,-0.4,-0.4,-0.1,0.3,-0.1,-0.2,-0.1,0.2,0.1,0.1,0,0.1,0.4,0.2,0.1,0.2,0.4,0.3,0,0.2,0.4,0.2,0.3,0.2,0.3,0.3,0.1,0,0.3,0.2,0.13,0.22
0.0000222,0.2,0.4,0.2,0,0.2,0.4,0.2,0.1,0.1,0,0.3,0.2,-0.1,0.1,0.2,0,-0.1,-0.2,0,-0.1,-0.1,0.2,-0.2,-0.4,-0.7,-0.7,-0.7,-0.8,-0.8,-1.2,-1.3,0.1,-1.5,-1.7,-1.91,-1.8,-1.7,-1.9,-2.08,-2.03,-1.75,0.2,-2.03,-2.08,-1.84,-1.85,-2.07,-2.04,-1.9,-1.75,-1.7,0.2,-1.7,-1.6,-1.6,-1.6,-1.6,-1.2,-1,-1.2,-1.1,0.2,-0.6,-0.7,-0.6,-0.5,-0.5,-0.2,-0.3,-0.3,-0.2,0.2,-0.2,-0.3,-0.1,0.2,0.1,0,0,0.2,0.3,0.3,0.1,0.2,0.4,0.3,0,0.2,0.4,0.4,0.2,0.2,0.2,0.3,0.1,0,0.4,0.3,0.18,0.31
0.0000224,0.2,0.3,0.2,0.1,0.1,0.3,0.3,0.1,0,0,0.2,0.2,0,0.1,0.3,0,-0.1,-0.2,0,-0.1,-0.2,0.2,-0.2,-0.4,-0.6,-0.7,-0.7,-0.8,-0.9,-1.2,-1.4,0.1,-1.4,-1.7,-1.8,-1.71,-1.6,-1.88,-2.04,-2.08,-1.7,0.1,-2.03,-1.94,-1.9,-1.81,-2.01,-2.04,-1.85,-1.81,-1.75,0.1,-1.7,-1.6,-1.5,-1.6,-1.5,-1.3,-1.1,-1.3,-1.1,0.2,-0.7,-0.7,-0.7,-0.5,-0.4,-0.2,-0.2,-0.4,-0.2,0.2,-0.1,-0.1,-0.1,0.1,0.1,0,0,0.1,0.3,0.2,0.1,0.3,0.5,0.2,0,0.2,0.5,0.2,0.2,0.2,0.3,0.2,0.1,0,0.2,0.3,0.31,0.31
0.0000226,0.3,0.3,0.3,0.1,0.2,0.3,0.3,0,0,0.1,0.2,0.2,-0.1,0.1,0.2,0,-0.1,-0.2,-0.1,-0.1,-0.1,0.2,-0.2,-0.3,-0.6,-0.8,-0.7,-0.8,-0.9,-1.2,-1.3,0.2,-1.5,-1.7,-1.8,-1.71,-1.7,-1.97,-2,-2.13,-1.7,0.2,-2.07,-2.04,-1.85,-1.81,-2.07,-2.04,-1.9,-1.8,-1.8,0.2,-1.8,-1.6,-1.5,-1.6,-1.5,-1.3,-1.1,-1.2,-1.1,0.3,-0.6,-0.7,-0.7,-0.6,-0.4,-0.2,-0.3,-0.3,-0.2,0.3,-0.1,-0.1,0,0.1,0.1,0,0,0.2,0.3,0.2,0.1,0.2,0.5,0.1,0,0.2,0.5,0.3,0.1,0.2,0.3,0.2,0.2,0,0.3,0.4,0.31,0.35
0.0000228,0.3,0.3,0.2,0.2,0.1,0.2,0.3,0.1,0,0,0.2,0.1,0,0.1,0.3,0.1,-0.1,-0.1,-0.1,0,-0.2,0.2,-0.2,-0.3,-0.7,-0.8,-0.7,-0.8,-0.8,-1.3,-1.4,0.2,-1.6,-1.6,-1.8,-1.81,-1.5,-1.97,-2.08,-2.04,-1.7,0.1,-2.07,-2.08,-1.75,-1.9,-2.03,-2.04,-1.8,-1.8,-1.8,0.1,-1.8,-1.6,-1.5,-1.6,-1.5,-1.3,-1,-1.2,-1.1,0.3,-0.6,-0.7,-0.7,-0.6,-0.3,-0.2,-0.3,-0.4,-0.2,0.4,-0.1,-0.1,0,0.1,0,0.1,0,0.2,0.4,0.1,0.1,0.2,0.5,0.2,0,0.2,0.5,0.2,0.1,0.2,0.3,0.2,0.2,0.1,0.2,0.4,0.31,0.39
0.000023,0.3,0.3,0.2,0.1,0.1,0.2,0.3,0,0.1,0.1,0.2,0.2,0,0.1,0.3,0,-0.1,-0.1,-0.1,0,-0.1,0.2,-0.2,-0.3,-0.7,-0.7,-0.7,-0.7,-0.9,-1.3,-1.2,0.2,-1.5,-1.6,-1.8,-1.81,-1.6,-1.93,-2.08,-2.04,-1.7,0.1,-2.11,-2.08,-1.81,-1.85,-2.07,-2.04,-1.8,-1.8,-1.8,0.1,-1.7,-1.6,-1.6,-1.5,-1.5,-1.2,-1.1,-1.2,-1.1,0.2,-0.6,-0.8,-0.6,-0.6,-0.3,-0.3,-0.4,-0.3,-0.2,0.2,-0.1,-0.1,0,0.1,0.1,0.1,0,0.2,0.2,0.2,0.1,0.3,0.4,0.1,0,0.1,0.5,0.4,0.1,0.1,0.3,0.2,0.2,0.1,0.2,0.4,0.35,0.31
0.0000232,0.3,0.3,0.1,0.1,0.2,0.3,0.3,0.1,0,0.1,0.3,0.3,0,0.2,0.3,-0.1,-0.1,0,0,0,0,0.1,-0.2,-0.3,-0.7,-0.7,-0.7,-0.7,-0.9,-1.2,-1.4,0.1,-1.5,-1.6,-1.8,-1.71,-1.7,-1.93,-2.04,-2.04,-1.7,0.2,-2.01,-2.07,-1.85,-1.8,-2.03,-2.08,-1.91,-1.8,-1.75,0.2,-1.7,-1.5,-1.6,-1.5,-1.5,-1.3,-1.1,-1.2,-1.1,0.1,-0.7,-0.7,-0.7,-0.6,-0.3,-0.3,-0.2,-0.4,-0.3,0.2,0,0,-0.1,0.1,0.1,-0.1,0.1,0.2,0.3,0.2,0.1,0.3,0.4,0.1,0.1,0.2,0.5,0.3,0.3,0.1,0.3,0.2,0.2,0.2,0.2,0.4,0.35,0.4
0.0000234,0.3,0.4,0.1,0.1,0.2,0.3,0.3,0,0.1,0.1,0.2,0.2,0,0.2,0.2,0.1,-0.1,-0.1,0,0,-0.1,0.2,-0.2,-0.4,-0.6,-0.8,-0.7,-0.8,-0.9,-1.2,-1.3,0.1,-1.5,-1.7,-1.9,-1.8,-1.6,-1.98,-2.08,-2.08,-1.7,0.2,-2.07,-2.07,-1.94,-1.84,-1.98,-2.04,-1.85,-1.8,-1.71,0.2,-1.7,-1.5,-1.6,-1.7,-1.5,-1.2,-1.1,-1.2,-1.3,0.1,-0.6,-0.8,-0.6,-0.5,-0.3,-0.2,-0.3,-0.4,-0.2,0.2,-0.1,-0.1,-0.1,0.1,0.2,0,0.1,0.1,0.3,0.1,0.2,0.3,0.4,0.1,0.1,0.3,0.5,0.3,0.3,0.2,0.4,0.3,0.2,0.1,0.2,0.4,0.39,0.31
0.0000236,0.3,0.4,0.1,0,0.2,0.4,0.3,0.2,0.1,0.2,0.2,0.2,-0.1,0.2,0.2,-0.1,-0.1,-0.1,-0.1,0,0,0.2,-0.2,-0.3,-0.7,-0.8,-0.8,-0.8,-0.9,-1.2,-1.3,0.3,-1.5,-1.7,-1.91,-1.8,-1.7,-1.94,-1.98,-2.03,-1.81,0.2,-1.93,-2.11,-1.8,-1.9,-1.98,-1.94,-1.95,-1.8,-1.8,0.2,-1.7,-1.5,-1.6,-1.6,-1.6,-1.3,-1.1,-1.1,-1.2,0.2,-0.6,-0.8,-0.6,-0.6,-0.4,-0.2,-0.3,-0.3,-0.2,0.1,-0.2,-0.1,0,0.1,0.2,0.2,0,0.2,0.2,0.2,0.2,0.3,0.3,0.2,0.1,0.3,0.5,0.4,0.2,0.3,0.3,0.3,0.2,0.1,0.2,0.4,0.39,0.35
0.0000238,0.2,0.3,0.1,-0.1,0.3,0.5,0.3,0.1,0,0.1,0.2,0.2,-0.1,0.2,0.2,0,-0.1,-0.1,0,0,-0.1,0.2,-0.2,-0.4,-0.7,-0.8,-0.8,-0.8,-0.9,-1.3,-1.4,0.2,-1.5,-1.6,-1.95,-1.7,-1.6,-1.9,-2.08,-2.07,-1.8,0.2,-2.03,-2.11,-1.93,-1.84,-1.98,-1.98,-1.85,-1.8,-1.7,0.2,-1.7,-1.6,-1.5,-1.5,-1.6,-1.2,-1.2,-1.1,-1.2,0.2,-0.6,-0.7,-0.6,-0.6,-0.4,-0.3,-0.4,-0.4,-0.2,0.2,-0.2,-0.1,0,0,0.2,0.1,0,0.1,0.2,0.1,0.2,0.4,0.2,0.2,0.1,0.1,0.4,0.2,0.2,0.2,0.2,0.2,0.1,0.1,0.3,0.4,0.35,0.31
0.000024,0.3,0.3,0.2,0,0.3,0.4,0.2,0.1,0,0,0.2,0.1,-0.1,0.2,0.2,0.1,-0.2,-0.2,-0.1,0,-0.1,0.3,-0.1,-0.4,-0.6,-0.8,-0.9,-0.8,-0.9,-1.2,-1.4,0.2,-1.4,-1.6,-1.85,-1.6,-1.6,-1.91,-1.98,-2.07,-1.84,0.2,-2.03,-2.11,-1.93,-1.88,-2.08,-2.04,-1.85,-1.8,-1.7,0.3,-1.7,-1.6,-1.6,-1.5,-1.6,-1.2,-1.1,-1.2,-1.2,0.1,-0.5,-0.8,-0.7,-0.5,-0.4,-0.2,-0.3,-0.3,-0.3,0.2,-0.2,-0.1,0,0,0.1,0.1,0,0.2,0.3,0.1,0.1,0.2,0.3,0.3,0,0.2,0.5,0.4,0.2,0.2,0.4,0.3,0.2,0.1,0.3,0.4,0.36,0.35
0.0000242,0.3,0.4,0.2,0,0.3,0.4,0.2,0.1,0.1,0.1,0.2,0.2,0,0.2,0.2,0.1,-0.2,-0.1,0,0,-0.1,0.2,0,-0.3,-0.6,-0.8,-0.8,-0.7,-0.8,-1.3,-1.2,0.3,-1.4,-1.6,-1.85,-1.7,-1.61,-1.9,-1.98,-2.03,-1.93,0.2,-1.98,-2.07,-1.88,-1.88,-1.94,-2.08,-1.95,-1.7,-1.7,0.1,-1.6,-1.5,-1.5,-1.5,-1.6,-1.2,-1.1,-1.1,-1.2,0.1,-0.5,-0.7,-0.7,-0.5,-0.3,-0.3,-0.3,-0.4,-0.2,0.2,-0.1,-0.1,0,0.1,0.1,0,0,0.2,0.3,0.1,0.1,0.2,0.3,0.2,0.1,0.2,0.5,0.3,0.2,0.2,0.4,0.4,0.2,0,0.3,0.3,0.35,0.26
0.0000244,0.2,0.4,0.1,0,0.3,0.4,0.2,0.1,0,0,0.2,0.3,-0.1,0.2,0.1,0,-0.2,-0.1,0,0,-0.2,0.1,-0.2,-0.3,-0.6,-0.8,-0.7,-0.8,-0.8,-1.2,-1.3,0.2,-1.4,-1.6,-1.85,-1.7,-1.5,-1.9,-1.98,-2.08,-1.74,0.2,-1.98,-2.01,-2.03,-1.94,-2.04,-1.98,-1.94,-1.71,-1.7,0.2,-1.7,-1.6,-1.5,-1.5,-1.6,-1.2,-1,-1.1,-1.2,0.2,-0.6,-0.8,-0.6,-0.5,-0.4,-0.3,-0.3,-0.3,-0.2,0.3,-0.1,-0.1,0,0.1,0.1,0.1,0,0.2,0.2,0.2,0.1,0.3,0.3,0.3,0.1,0.1,0.5,0.3,0.3,0.2,0.3,0.3,0.1,0.1,0.3,0.4,0.35,0.39
0.0000246,0.2,0.4,0.3,0,0.2,0.4,0.2,0,0,0,0.3,0.1,0,0.2,0.1,0.2,-0.2,-0.1,0,0,-0.1,0.2,-0.3,-0.3,-0.6,-0.8,-0.8,-0.8,-0.8,-1.1,-1.3,0.1,-1.3,-1.6,-1.85,-1.7,-1.7,-1.9,-2.04,-2,-1.84,0.1,-1.94,-1.98,-1.84,-1.8,-2.04,-2.08,-1.9,-1.81,-1.6,0.2,-1.7,-1.6,-1.6,-1.5,-1.5,-1.3,-1.1,-1.1,-1.1,0.2,-0.6,-0.8,-0.6,-0.6,-0.4,-0.2,-0.3,-0.4,-0.2,0.2,-0.1,-0.1,-0.1,0.1,0.1,0.1,0.1,0.1,0.2,0.1,0.2,0.3,0.3,0.3,-0.1,0.2,0.5,0.3,0.2,0.2,0.3,0.4,0.1,0.1,0.3,0.2,0.44,0.31
0.0000248,0.2,0.4,0.2,0.1,0.2,0.4,0.2,0.1,0.1,0,0.3,0.2,-0.1,0.2,0.2,0,-0.2,-0.1,0,0,-0.1,0.3,-0.3,-0.3,-0.6,-0.8,-0.7,-0.8,-0.9,-1.2,-1.4,0.2,-1.3,-1.6,-1.81,-1.6,-1.6,-1.91,-2.08,-1.95,-1.75,0.2,-1.98,-1.94,-1.85,-1.85,-2,-2,-1.9,-1.75,-1.8,0.2,-1.7,-1.6,-1.6,-1.5,-1.5,-1.2,-1.1,-1,-1.2,0.2,-0.6,-0.6,-0.7,-0.4,-0.4,-0.1,-0.3,-0.2,-0.2,0.2,-0.1,-0.2,0,0.2,0.1,0,0,0.2,0.4,0.1,0.1,0.3,0.4,0.2,0.1,0.2,0.5,0.3,0.2,0.3,0.3,0.4,0.1,0,0.2,0.3,0.39,0.31
0.000025,0.2,0.3,0.1,0,0.1,0.4,0.3,0.1,0.1,0,0.3,0.2,-0.1,0.2,0.2,0,-0.1,-0.2,0,-0.1,-0.1,0.2,-0.2,-0.3,-0.6,-0.7,-0.7,-0.7,-0.8,-1.1,-1.3,0.1,-1.4,-1.6,-1.8,-1.6,-1.7,-1.9,-1.9,-1.95,-1.71,0.2,-1.98,-2.04,-1.85,-1.75,-2.04,-2.04,-1.94,-1.75,-1.7,0.2,-1.7,-1.6,-1.6,-1.5,-1.5,-1.3,-1.1,-1.1,-1.1,0.1,-0.6,-0.8,-0.6,-0.5,-0.4,-0.3,-0.3,-0.2,-0.3,0.1,-0.1,-0.2,-0.1,0.1,0,0,0.1,0.2,0.3,0.1,0.1,0.2,0.4,0.1,0,0.2,0.5,0.4,0.1,0.3,0.3,0.3,0.1,0,0.2,0.3,0.26,0.35
0.0000252,0.2,0.4,0.1,0.1,0.1,0.4,0.3,0.1,0,0,0.2,0.2,-0.1,0.2,0.2,0,-0.2,-0.1,0,0,-0.2,0.2,-0.2,-0.4,-0.6,-0.7,-0.6,-0.7,-0.8,-1.2,-1.3,0.1,-1.4,-1.5,-1.8,-1.6,-1.6,-1.94,-1.95,-1.95,-1.71,0.2,-1.94,-1.9,-1.85,-1.81,-2,-2,-1.9,-1.71,-1.7,0.3,-1.7,-1.6,-1.5,-1.5,-1.5,-1.3,-1.1,-1.1,-1,0.2,-0.5,-0.8,-0.7,-0.5,-0.4,-0.3,-0.4,-0.3,-0.1,0.1,0,-0.3,0,0.1,0.1,0,0,0.2,0.3,0.2,0,0.2,0.5,0.2,0,0.1,0.4,0.2,0.3,0.2,0.4,0.3,0.1,0,0.1,0.4,0.3,0.3
0.0000254,0.2,0.3,0.1,0.2,0.1,0.3,0.3,0,0,0.1,0.2,0.3,-0.1,0.2,0.3,0,-0.1,-0.1,0,0,-0.1,0.1,-0.4,-0.4,-0.7,-0.7,-0.6,-0.6,-0.9,-1.1,-1.3,0.2,-1.4,-1.5,-1.8,-1.6,-1.5,-1.94,-1.9,-1.85,-1.8,0.1,-2.08,-2.04,-1.8,-1.71,-1.94,-1.9,-1.8,-1.75,-1.71,0.1,-1.6,-1.5,-1.5,-1.5,-1.5,-1.3,-1.1,-1.2,-1,0.1,-0.5,-0.6,-0.6,-0.6,-0.4,-0.3,-0.3,-0.3,-0.2,0.2,-0.1,-0.2,-0.1,0.1,0.1,0,0.1,0.2,0.3,0.2,0.1,0.2,0.4,0.2,0.1,0.1,0.4,0.3,0.2,0.2,0.3,0.2,0.1,0,0.1,0.4,0.35,0.35
0.0000256,0.2,0.3,0.1,0.1,0.2,0.3,0.3,0,0,0.1,0.2,0.1,-0.1,0.1,0.2,-0.1,-0.1,-0.2,0,0,0,0.2,-0.3,-0.3,-0.6,-0.7,-0.7,-0.7,-0.9,-1.1,-1.3,0.1,-1.5,-1.6,-1.8,-1.7,-1.7,-1.94,-1.95,-1.95,-1.7,0.2,-1.98,-2,-1.81,-1.81,-1.94,-2,-1.81,-1.71,-1.7,0.1,-1.7,-1.5,-1.6,-1.6,-1.4,-1.2,-1.1,-1.2,-1.1,0.1,-0.6,-0.7,-0.6,-0.6,-0.3,-0.2,-0.3,-0.3,-0.3,0.2,0,-0.2,-0.1,0.2,0.2,0,0.1,0.1,0.3,0.1,0,0.2,0.4,0.2,0.2,0.2,0.4,0.2,0.2,0.1,0.2,0.3,0.2,0.1,0.1,0.3,0.31,0.3
0.0000258,0.2,0.4,0.1,0,0.2,0.3,0.4,0,0,0.2,0.2,0.1,0,0.1,0.2,0,0,-0.2,-0.1,0,0,0.2,-0.2,-0.3,-0.6,-0.8,-0.7,-0.7,-0.9,-1.1,-1.3,0.2,-1.5,-1.6,-1.8,-1.5,-1.6,-1.94,-1.95,-2.08,-1.7,0.1,-2.03,-2.03,-1.85,-1.75,-1.94,-1.95,-1.75,-1.7,-1.7,0.1,-1.6,-1.6,-1.5,-1.5,-1.5,-1.2,-1.1,-1.1,-1,0.2,-0.6,-0.8,-0.6,-0.7,-0.4,-0.3,-0.3,-0.3,-0.2,0.1,0,-0.1,-0.1,0.1,0,0,0,0.1,0.4,0.2,0.2,0.2,0.4,0.2,0.2,0.2,0.5,0.3,0.3,0.3,0.2,0.3,0.2,0,0.2,0.4,0.4,0.4
0.000026,0.3,0.3,0.2,0.1,0.2,0.3,0.4,0,0,0.2,0.2,0.2,-0.1,0.2,0.2,-0.1,0,-0.1,0.1,0,-0.1,0.1,-0.1,-0.3,-0.7,-0.8,-0.7,-0.7,-0.8,-1.2,-1.4,0.1,-1.5,-1.6,-1.8,-1.7,-1.6,-1.94,-2.04,-1.98,-1.7,0.2,-1.98,-2.07,-1.85,-1.8,-1.94,-1.95,-1.75,-1.7,-1.6,0.1,-1.7,-1.5,-1.4,-1.4,-1.5,-1.1,-1.1,-1.2,-1.1,0.3,-0.6,-0.6,-0.6,-0.5,-0.4,-0.2,-0.2,-0.4,-0.3,0.2,0.1,-0.1,0,0.1,0.1,0,0,0.2,0.4,0.3,0.2,0.3,0.4,0.4,0.2,0.1,0.4,0.3,0.3,0.2,0.3,0.2,0.2,0,0.2,0.4,0.35,0.3
0.0000262,0.4,0.3,0,0.1,0.2,0.3,0.3,0.1,0,0.1,0.2,0.1,0.1,0.3,0.3,0,0,-0.1,0,0,-0.1,0.2,-0.2,-0.3,-0.7,-0.7,-0.6,-0.7,-0.9,-1.2,-1.2,0.2,-1.4,-1.5,-1.8,-1.6,-1.5,-1.91,-2,-1.98,-1.7,0.2,-2.03,-2.07,-1.85,-1.71,-1.98,-2.04,-1.85,-1.7,-1.7,0.2,-1.7,-1.5,-1.5,-1.5,-1.5,-1.2,-1,-1.2,-1.1,0.1,-0.6,-0.6,-0.6,-0.5,-0.3,-0.2,-0.3,-0.3,-0.2,0.1,0,-0.1,0.1,0,0.1,0.1,0.1,0.1,0.2,0.2,0.2,0.3,0.3,0.4,0.2,0.3,0.4,0.4,0.3,0.2,0.4,0.2,0.2,0,0.3,0.4,0.35,0.26
0.0000264,0.3,0.4,0.2,0,0.2,0.4,0.2,0.1,0,0,0.3,0.1,-0.1,0.1,0.2,0,-0.1,-0.1,-0.1,0,-0.1,0.3,-0.2,-0.3,-0.7,-0.8,-0.6,-0.8,-0.8,-1.2,-1.3,0.1,-1.4,-1.5,-1.8,-1.6,-1.5,-1.81,-2,-1.98,-1.8,0.1,-1.98,-2.07,-1.85,-1.8,-2.03,-2,-1.94,-1.6,-1.6,0.1,-1.7,-1.5,-1.4,-1.5,-1.5,-1.2,-0.9,-1.1,-1.2,0.2,-0.6,-0.7,-0.6,-0.5,-0.4,-0.3,-0.3,-0.3,-0.3,0.2,-0.1,-0.1,0.1,0,0.2,0,0.1,0.2,0.2,0.2,0.1,0.3,0.3,0.4,0.1,0.1,0.6,0.3,0.3,0.2,0.3,0.3,0.2,0,0.2,0.4,0.4,0.35
0.0000266,0.3,0.3,0.2,-0.1,0.2,0.4,0.3,0,-0.1,0.1,0.4,0.2,-0.1,0.2,0.2,0.1,0,-0.1,0.1,0,-0.1,0.2,-0.2,-0.4,-0.7,-0.8,-0.7,-0.7,-0.8,-1.2,-1.3,0.2,-1.4,-1.6,-1.81,-1.5,-1.7,-1.81,-2,-1.94,-1.81,0.1,-1.94,-2.11,-1.75,-1.7,-1.94,-2,-1.85,-1.7,-1.7,0.2,-1.6,-1.5,-1.4,-1.4,-1.5,-1.2,-1,-1.1,-1.2,0.1,-0.5,-0.7,-0.6,-0.6,-0.3,-0.3,-0.3,-0.4,-0.3,0.2,-0.1,-0.2,0.1,0,0.2,0,0,0.2,0.3,0.2,0.1,0.4,0.3,0.3,0,0.2,0.5,0.4,0.3,0.1,0.4,0.3,0.2,0.1,0.2,0.3,0.35,0.35
0.0000268,0.2,0.3,0.1,-0.1,0.4,0.4,0.2,0.1,0,0.1,0.3,0.2,-0.1,0.2,0.2,0.2,-0.1,-0.1,0,0.1,-0.1,0.2,-0.2,-0.3,-0.7,-0.7,-0.7,-0.8,-0.8,-1.2,-1.2,0.2,-1.4,-1.6,-1.91,-1.6,-1.5,-1.81,-2.04,-1.94,-1.85,0.1,-2.04,-2.07,-1.75,-1.84,-2,-1.95,-1.8,-1.7,-1.6,0.2,-1.6,-1.6,-1.5,-1.5,-1.5,-1.1,-0.9,-1.1,-1.2,0.1,-0.6,-0.7,-0.6,-0.5,-0.4,-0.2,-0.3,-0.4,-0.3,0.3,-0.2,-0.1,0.1,0.1,0.1,0.1,0.1,0.1,0.3,0.2,0.1,0.3,0.3,0.3,0.1,0.2,0.6,0.4,0.2,0.2,0.2,0.3,0.1,0.1,0.3,0.4,0.35,0.43
0.000027,0.3,0.3,0.2,0,0.4,0.4,0.2,0.1,0,0,0.2,0.2,-0.1,0.1,0.1,0.1,-0.1,0,0,0,-0.1,0.2,-0.3,-0.3,-0.7,-0.7,-0.8,-0.7,-0.9,-1.2,-1.3,0.1,-1.4,-1.6,-1.8,-1.6,-1.6,-1.81,-1.94,-1.9,-1.75,0.2,-1.94,-1.98,-1.75,-1.84,-1.95,-2,-1.85,-1.7,-1.6,0.2,-1.7,-1.5,-1.5,-1.5,-1.5,-1.2,-1,-1.1,-1.2,0.2,-0.5,-0.7,-0.6,-0.5,-0.3,-0.3,-0.3,-0.3,-0.2,0.2,-0.2,-0.2,-0.1,0.2,0.2,0.1,0,0.1,0.2,0.1,0.1,0.3,0.3,0.3,0,0.2,0.5,0.3,0.2,0.2,0.3,0.4,0.1,0.1,0.3,0.3,0.35,0.39
0.0000272,0.2,0.3,0.1,0,0.3,0.5,0.3,0.1,-0.1,0,0.3,0.2,-0.1,0.2,0.1,0.1,-0.2,0,0,0,-0.1,0.2,-0.3,-0.3,-0.6,-0.8,-0.7,-0.8,-0.8,-1.2,-1.3,0.2,-1.3,-1.6,-1.8,-1.6,-1.6,-1.81,-1.9,-1.95,-1.75,0.2,-2,-1.94,-1.75,-1.88,-1.9,-1.85,-1.9,-1.71,-1.6,0.1,-1.6,-1.5,-1.5,-1.6,-1.5,-1.1,-1.1,-1,-1.2,0.2,-0.5,-0.6,-0.6,-0.5,-0.4,-0.3,-0.3,-0.3,-0.2,0.2,-0.2,-0.1,-0.1,0.1,0.1,0.1,0.1,0.2,0.3,0.1,0.1,0.4,0.4,0.1,0,0.2,0.6,0.4,0.2,0.3,0.3,0.3,0.1,0,0.2,0.3,0.44,0.52
0.0000274,0.1,0.3,0.1,0,0.3,0.3,0.2,0.1,0,0.1,0.2,0.1,-0.1,0.2,0.2,0,-0.1,0,0.1,0,-0.1,0.2,-0.2,-0.3,-0.7,-0.7,-0.8,-0.7,-0.9,-1.3,-1.3,0.2,-1.4,-1.6,-1.8,-1.6,-1.6,-1.85,-1.9,-1.85,-1.75,0.1,-1.94,-1.95,-1.85,-1.84,-1.9,-1.85,-1.81,-1.71,-1.7,0.2,-1.6,-1.4,-1.5,-1.4,-1.5,-1.1,-1.1,-1.1,-1.1,0.2,-0.5,-0.6,-0.6,-0.6,-0.3,-0.2,-0.3,-0.4,-0.2,0.2,-0.1,-0.2,0,0.1,0.2,0.1,0,0.1,0.2,0.1,0,0.3,0.3,0.1,0.1,0.2,0.6,0.3,0.2,0.2,0.3,0.3,0.2,0,0.2,0.3,0.35,0.65
0.0000276,0.1,0.3,0.1,0,0.2,0.3,0.3,0.1,0,0,0.1,0.2,-0.1,0.2,0.2,0,-0.1,-0.1,-0.1,0,-0.1,0.1,-0.3,-0.3,-0.6,-0.7,-0.8,-0.7,-0.8,-1.1,-1.3,0.2,-1.4,-1.5,-1.8,-1.5,-1.6,-1.71,-1.95,-1.81,-1.75,0.2,-1.94,-1.95,-1.71,-1.8,-1.9,-1.9,-1.85,-1.6,-1.6,0.1,-1.5,-1.5,-1.5,-1.5,-1.4,-1.1,-1.1,-1,-1.1,0.2,-0.5,-0.6,-0.6,-0.4,-0.2,-0.2,-0.2,-0.2,-0.2,0.1,-0.1,-0.1,-0.2,0.2,0.1,0,0,0.1,0.2,0.2,0,0.3,0.3,0.2,0.1,0.2,0.5,0.3,0.2,0.2,0.4,0.3,0.1,0,0.2,0.3,0.44,0.69
0.0000278,0.2,0.4,0.2,0,0.1,0.3,0.2,0.1,0,0.1,0.2,0.1,0,0.2,0.3,0.1,-0.1,-0.1,0.1,0,0,0.2,-0.3,-0.3,-0.7,-0.7,-0.6,-0.7,-0.8,-1.1,-1.3,0.1,-1.5,-1.6,-1.8,-1.5,-1.6,-1.84,-1.85,-1.91,-1.71,0.2,-2,-1.91,-1.85,-1.71,-1.91,-1.85,-1.85,-1.7,-1.7,0.1,-1.6,-1.5,-1.6,-1.4,-1.4,-1.2,-1.1,-1.1,-1.1,0.1,-0.5,-0.7,-0.6,-0.5,-0.4,-0.3,-0.3,-0.2,-0.2,0.1,0,-0.2,0,0.2,0,0.1,0.1,0.1,0.2,0.3,0,0.2,0.4,0.2,0,0.2,0.4,0.3,0.3,0.2,0.3,0.3,0.1,0.1,0.2,0.3,0.48,0.86
0.000028,0.2,0.4,0.1,0.1,0,0.4,0.3,0.1,-0.1,0.2,0.1,0.2,-0.1,0.1,0.3,0,-0.1,0,0,0.1,-0.1,0.3,-0.2,-0.3,-0.6,-0.7,-0.6,-0.6,-0.8,-1,-1.3,0.1,-1.4,-1.6,-1.7,-1.6,-1.5,-1.94,-1.91,-1.95,-1.8,0.2,-1.9,-1.95,-1.81,-1.7,-1.9,-1.85,-1.81,-1.7,-1.6,0.2,-1.6,-1.5,-1.4,-1.4,-1.3,-1.1,-1,-1.1,-1.1,0.3,-0.6,-0.7,-0.5,-0.6,-0.4,-0.3,-0.3,-0.2,-0.2,0.2,0,-0.1,0,0.2,0.1,0,0.1,0.2,0.2,0.2,0.1,0.3,0.3,0.3,0.2,0.2,0.6,0.2,0.3,0.2,0.4,0.2,0.1,0.1,0.2,0.3,0.69,0.95
0.0000282,0.2,0.4,0.1,0.1,0.1,0.3,0.4,0.1,0,0.1,0.1,0.2,0,0.2,0.3,0,-0.1,0,0,0,0,0.2,-0.2,-0.3,-0.6,-0.7,-0.6,-0.8,-0.9,-1,-1.3,0.2,-1.4,-1.5,-1.7,-1.6,-1.6,-1.75,-1.9,-1.85,-1.7,0.1,-2,-2,-1.81,-1.8,-1.84,-1.9,-1.8,-1.6,-1.6,0.1,-1.5,-1.5,-1.5,-1.5,-1.5,-1.1,-1.1,-1.1,-1.1,0.2,-0.6,-0.7,-0.6,-0.5,-0.4,-0.2,-0.3,-0.3,-0.2,0.1,-0.1,-0.2,0,0.1,0.1,0,0,0.2,0.3,0.2,0.1,0.2,0.4,0.3,0.1,0.2,0.4,0.2,0.2,0.1,0.4,0.3,0,0.1,0.3,0.2,0.69,1.03
0.0000284,0.2,0.4,0.1,0.1,0.2,0.3,0.3,0,0,0.1,0.1,0.1,0,0.2,0.1,0,-0.1,0,0.1,-0.1,-0.1,0.2,-0.2,-0.4,-0.6,-0.8,-0.6,-0.7,-0.8,-1.1,-1.3,0.2,-1.4,-1.5,-1.7,-1.5,-1.5,-1.8,-1.91,-1.85,-1.7,0.1,-1.85,-1.94,-1.81,-1.7,-1.98,-1.85,-1.8,-1.6,-1.6,0.3,-1.6,-1.4,-1.4,-1.4,-1.4,-1.1,-1.1,-1.1,-1.1,0.1,-0.6,-0.7,-0.6,-0.5,-0.3,-0.3,-0.3,-0.3,-0.2,0.1,-0.1,-0.2,0,0,0.1,0,0,0.2,0.4,0.1,0.1,0.2,0.4,0.2,0.1,0.2,0.4,0.3,0.2,0.2,0.4,0.2,0.2,0.1,0.4,0.3,0.77,1.02
0.0000286,0.2,0.4,0,0.1,0.1,0.3,0.3,0.1,0.1,0.1,0.2,0.3,0,0.2,0.3,0,-0.1,-0.1,0,0.1,0,0.2,-0.2,-0.3,-0.6,-0.7,-0.7,-0.7,-0.9,-1.1,-1.3,0.1,-1.5,-1.6,-1.7,-1.5,-1.5,-1.8,-1.91,-1.85,-1.6,0.2,-2.04,-2.04,-1.8,-1.8,-1.94,-1.85,-1.8,-1.6,-1.7,0.2,-1.5,-1.4,-1.3,-1.5,-1.4,-1.1,-1.1,-1.1,-1.1,0.2,-0.6,-0.7,-0.6,-0.5,-0.3,-0.2,-0.3,-0.3,-0.3,0.2,0,-0.1,0,0.1,0,0,0,0.2,0.4,0.2,0.1,0.4,0.4,0.3,0.1,0.3,0.4,0.3,0.2,0.2,0.4,0.3,0.1,0.1,0.3,0.3,0.81,1.11
0.0000288,0.3,0.4,0,0.1,0.2,0.3,0.3,0,0,0,0.2,0.2,0,0.3,0.4,0,-0.1,0,0.1,0,0,0.3,-0.2,-0.3,-0.6,-0.8,-0.6,-0.6,-0.9,-1.3,-1.3,0.2,-1.3,-1.5,-1.7,-1.5,-1.5,-1.75,-1.91,-1.85,-1.7,0.2,-1.94,-1.94,-1.81,-1.7,-1.9,-1.81,-1.8,-1.6,-1.6,0.1,-1.6,-1.5,-1.5,-1.4,-1.3,-1.1,-1,-1.1,-1,0.1,-0.6,-0.7,-0.5,-0.5,-0.4,-0.3,-0.3,-0.3,-0.2,0.1,-0.2,-0.2,0.1,0.1,0.2,0,0.1,0.2,0.3,0.1,0.2,0.2,0.4,0.3,0.1,0.1,0.4,0.3,0.3,0.2,0.4,0.3,0.1,0.1,0.3,0.3,0.94,1.1
0.000029,0.2,0.4,0,0,0.3,0.4,0.4,0.1,0,0.1,0.2,0.1,0.1,0.2,0.2,0,-0.1,-0.1,0.1,0.1,0,0.1,-0.3,-0.3,-0.6,-0.8,-0.6,-0.7,-0.8,-1.2,-1.3,0.3,-1.3,-1.6,-1.7,-1.5,-1.5,-1.71,-2.04,-1.94,-1.6,0.1,-1.9,-1.94,-1.81,-1.8,-1.81,-1.91,-1.8,-1.6,-1.6,0.2,-1.6,-1.5,-1.5,-1.5,-1.4,-1.2,-1,-1,-1,0.2,-0.6,-0.7,-0.6,-0.5,-0.4,-0.3,-0.3,-0.4,-0.2,0.2,-0.1,-0.2,0,0,0,0,0,0.2,0.3,0.3,0,0.2,0.4,0.3,0,0.2,0.5,0.3,0.2,0.1,0.3,0.3,0.2,0.2,0.3,0.2,0.94,1.12
0.0000292,0.2,0.3,0.1,0,0.2,0.4,0.2,0.2,0,0,0.2,0.2,0,0.2,0.3,0.1,-0.1,0,0.1,0,-0.1,0.2,-0.3,-0.3,-0.6,-0.6,-0.8,-0.7,-0.9,-1.1,-1.3,0.1,-1.3,-1.5,-1.7,-1.5,-1.6,-1.8,-1.94,-1.9,-1.7,0.2,-1.98,-1.9,-1.8,-1.81,-1.9,-1.9,-1.7,-1.7,-1.6,0.1,-1.5,-1.4,-1.4,-1.4,-1.4,-1.1,-1,-1,-1.1,0.1,-0.5,-0.6,-0.6,-0.6,-0.4,-0.3,-0.3,-0.4,-0.1,0.2,-0.1,-0.2,-0.1,0.1,0.1,0.1,0,0.3,0.2,0.3,0.1,0.3,0.4,0.2,0,0.2,0.5,0.3,0.2,0.2,0.3,0.3,0.1,0.1,0.3,0.2,0.93,1.04
0.0000294,0.3,0.4,0,0,0.2,0.4,0.2,0.1,0,0.1,0.2,0.2,-0.1,0.3,0.3,0,0,-0.1,-0.1,0,0,0.2,-0.2,-0.3,-0.5,-0.6,-0.7,-0.6,-0.8,-1.1,-1.3,0.2,-1.3,-1.7,-1.7,-1.6,-1.5,-1.7,-1.98,-1.85,-1.7,0.1,-1.9,-1.94,-1.81,-1.8,-1.9,-1.9,-1.7,-1.7,-1.6,0.2,-1.6,-1.4,-1.4,-1.5,-1.4,-1.1,-1,-1,-1.2,0.2,-0.5,-0.6,-0.6,-0.6,-0.2,-0.3,-0.3,-0.4,-0.2,0.2,-0.3,-0.1,0,0.1,0.2,0.1,0,0.1,0.1,0.3,0.1,0.3,0.3,0.3,0.1,0.1,0.5,0.3,0.2,0.2,0.3,0.4,0.1,0.1,0.4,0.3,0.97,1.05
0.0000296,0.2,0.4,0.1,0,0.3,0.4,0.2,0.1,0,0.1,0.2,0.2,0,0.2,0.2,0.1,-0.2,-0.1,0,0.1,0,0.2,-0.2,-0.4,-0.5,-0.7,-0.6,-0.6,-0.8,-1.2,-1.3,0.2,-1.3,-1.5,-1.7,-1.5,-1.6,-1.7,-1.98,-1.85,-1.7,0.2,-1.94,-1.9,-1.75,-1.8,-1.9,-1.8,-1.8,-1.7,-1.6,0.3,-1.5,-1.4,-1.4,-1.4,-1.4,-1.1,-0.9,-1,-1.1,0.1,-0.5,-0.5,-0.5,-0.5,-0.4,-0.2,-0.4,-0.4,0,0.3,-0.1,-0.2,-0.1,0,0.1,0.1,0,0.2,0.3,0.2,0.1,0.3,0.5,0.1,0.2,0.1,0.5,0.3,0.2,0.3,0.3,0.3,0,0.1,0.3,0.3,1.05,1.01
0.0000298,0.2,0.3,0.1,0,0.3,0.3,0.3,0,0,0,0.2,0.3,0,0.3,0.2,0.1,-0.1,-0.1,-0.1,0.1,-0.1,0.1,-0.3,-0.4,-0.6,-0.7,-0.7,-0.7,-0.8,-1.1,-1.3,0.1,-1.4,-1.7,-1.7,-1.5,-1.6,-1.7,-1.98,-1.81,-1.71,0.2,-1.9,-1.9,-1.81,-1.7,-1.9,-1.8,-1.7,-1.71,-1.6,0.1,-1.5,-1.4,-1.4,-1.4,-1.4,-1.1,-1,-1,-1.1,0.2,-0.5,-0.6,-0.5,-0.5,-0.3,-0.3,-0.2,-0.4,-0.2,0.1,-0.1,-0.2,-0.1,0.1,0.1,0,0,0.2,0.1,0.1,0.1,0.3,0.3,0.2,0.1,0.1,0.5,0.3,0.2,0.2,0.3,0.3,0,0.1,0.4,0.3,1.01,1.06
0.00003,0.2,0.3,0.2,0,0.2,0.3,0.3,0.2,0,0.1,0.2,0.1,0,0.3,0.2,0.2,-0.1,0,0,0.1,-0.1,0.1,-0.2,-0.3,-0.5,-0.7,-0.7,-0.7,-0.8,-1.1,-1.3,0.1,-1.4,-1.6,-1.8,-1.4,-1.6,-1.8,-1.9,-1.81,-1.7,0.2,-1.95,-1.91,-1.8,-1.71,-1.85,-1.9,-1.8,-1.7,-1.6,0.2,-1.6,-1.5,-1.4,-1.4,-1.5,-1.1,-0.9,-1,-1,0.3,-0.5,-0.5,-0.5,-0.5,-0.3,-0.3,-0.3,-0.3,-0.2,0.2,0,-0.2,0,0.1,0.1,0.1,-0.1,0.2,0.1,0.1,0.1,0.3,0.3,0.2,0,0.1,0.4,0.3,0.2,0.1,0.3,0.3,0,0.1,0.4,0.2,1.09,0.97
0.0000302,0.3,0.3,0.2,0,0.2,0.4,0.2,0.1,0.1,0,0.2,0.2,0,0.3,0.2,0.2,0,0,0,0.1,0,0.1,-0.3,-0.3,-0.6,-0.7,-0.6,-0.7,-0.8,-1,-1.3,0.2,-1.4,-1.6,-1.8,-1.6,-1.6,-1.8,-1.85,-1.81,-1.7,0.2,-1.91,-1.91,-1.71,-1.71,-1.85,-1.91,-1.8,-1.7,-1.5,0.3,-1.5,-1.5,-1.4,-1.4,-1.4,-1.1,-0.9,-1,-1,0.2,-0.5,-0.5,-0.6,-0.5,-0.3,-0.3,-0.3,-0.3,-0.2,0.1,0,-0.1,0,0.1,0.1,0.1,0,0.1,0.2,0.2,0.1,0.3,0.3,0.2,0.1,0.1,0.4,0.3,0.2,0.2,0.3,0.3,0,0.1,0.5,0.3,1.01,1.08
0.0000304,0.3,0.4,0.2,0,0.2,0.3,0.3,0,0,0.1,0.2,0.2,0,0.2,0.3,0.1,-0.1,-0.1,0,0.1,-0.1,0.1,-0.3,-0.3,-0.6,-0.7,-0.7,-0.7,-0.8,-1,-1.3,0.2,-1.4,-1.6,-1.8,-1.5,-1.5,-1.8,-1.9,-1.81,-1.6,0.2,-1.81,-1.85,-1.75,-1.81,-1.85,-1.85,-1.8,-1.6,-1.6,0.1,-1.4,-1.4,-1.4,-1.4,-1.5,-1.2,-0.9,-1,-1.1,0.2,-0.5,-0.7,-0.6,-0.5,-0.3,-0.3,-0.3,-0.3,-0.3,0.3,-0.1,-0.1,0,0.2,0.1,0.1,0,0.2,0.2,0.2,0.1,0.3,0.3,0.2,0,0.2,0.4,0.3,0.2,0.2,0.3,0.3,0,0.1,0.5,0.3,1.12,0.86
0.0000306,0.4,0.3,0.2,0,0.2,0.3,0.3,0,0.1,0.1,0.2,0.2,0.1,0.3,0.1,0.1,0,0,0,0.1,-0.1,0.3,-0.3,-0.3,-0.5,-0.7,-0.7,-0.6,-0.9,-0.9,-1.3,0.1,-1.5,-1.5,-1.6,-1.6,-1.5,-1.7,-1.8,-1.8,-1.7,0.2,-1.95,-1.85,-1.75,-1.7,-1.94,-1.85,-1.81,-1.6,-1.6,0.2,-1.5,-1.5,-1.5,-1.4,-1.3,-1.2,-1,-1,-1,0.2,-0.5,-0.6,-0.6,-0.5,-0.3,-0.3,-0.3,-0.3,-0.2,0.2,-0.1,-0.2,0.1,0.1,0.1,0.1,0.1,0.3,0.3,0.3,0.1,0.4,0.3,0.2,0,0.1,0.5,0.3,0.2,0.2,0.3,0.3,0.1,0.1,0.5,0.4,1.14,0.92
0.0000308,0.2,0.2,0.1,0.1,0.1,0.3,0.3,0,0,0.1,0.1,0.1,0,0.2,0.3,0.1,0,0.1,0.1,0,-0.1,0.2,-0.4,-0.3,-0.5,-0.7,-0.7,-0.6,-0.9,-1,-1.3,0.2,-1.4,-1.5,-1.6,-1.5,-1.5,-1.8,-1.7,-1.8,-1.6,0.2,-1.81,-1.91,-1.7,-1.7,-1.9,-1.9,-1.8,-1.5,-1.5,0.1,-1.4,-1.5,-1.4,-1.4,-1.3,-1.1,-1.1,-0.9,-0.9,0.2,-0.5,-0.7,-0.6,-0.5,-0.4,-0.2,-0.3,-0.2,-0.2,0.2,0,-0.1,0.1,0.1,0.1,0,-0.1,0.3,0.2,0.1,0.1,0.3,0.3,0.1,0.1,0.2,0.5,0.3,0.2,0.2,0.3,0.3,0.1,0,0.4,0.3,1.1,1
0.000031,0.3,0.3,0.1,0.1,0.1,0.2,0.2,0,0,0.1,0.1,0.1,0,0.3,0.3,0,-0.1,0.1,0.1,0.1,0,0.1,-0.4,-0.4,-0.6,-0.7,-0.6,-0.8,-0.8,-1,-1.3,0.2,-1.4,-1.6,-1.7,-1.5,-1.6,-1.8,-1.8,-1.8,-1.6,0.1,-1.81,-1.91,-1.8,-1.7,-1.85,-1.9,-1.8,-1.5,-1.5,0.2,-1.5,-1.4,-1.4,-1.3,-1.4,-1.1,-0.9,-1.1,-1.1,0.2,-0.5,-0.7,-0.6,-0.4,-0.3,-0.3,-0.3,-0.2,-0.3,0.3,0,-0.1,0.1,0,0.2,0,0,0.2,0.3,0.1,0.1,0.3,0.4,0.1,0,0.3,0.5,0.2,0.2,0.1,0.3,0.4,0.2,0.2,0.4,0.3,1.07,1
0.0000312,0.3,0.2,0.1,0.1,0.1,0.3,0.3,0.1,-0.1,0.1,0.3,0.2,0,0.3,0.2,0.1,-0.1,0.1,0.1,0.1,-0.1,0.2,-0.2,-0.3,-0.5,-0.7,-0.6,-0.7,-0.8,-1,-1.3,0.2,-1.4,-1.5,-1.7,-1.6,-1.6,-1.7,-1.8,-1.9,-1.5,0.1,-1.9,-1.91,-1.8,-1.7,-1.81,-1.81,-1.81,-1.5,-1.6,0.1,-1.5,-1.5,-1.3,-1.4,-1.4,-1.1,-1.1,-1,-1,0.2,-0.6,-0.6,-0.6,-0.4,-0.5,-0.2,-0.4,-0.2,-0.3,0.1,-0.1,-0.1,0.1,0.1,0.1,0,0,0.2,0.3,0.2,0,0.3,0.4,0.2,0.1,0.2,0.5,0.3,0.2,0.2,0.3,0.3,0.3,0.1,0.4,0.4,0.98,0.9
0.0000314,0.2,0.3,0.1,0.1,0.1,0.3,0.3,0.1,0,0.2,0.2,0.2,0,0.2,0.2,0,-0.1,0.1,0.1,0.1,0,0.1,-0.3,-0.4,-0.6,-0.6,-0.7,-0.6,-0.8,-1.1,-1.3,0.2,-1.4,-1.5,-1.6,-1.6,-1.6,-1.8,-1.9,-1.81,-1.5,0.2,-1.91,-1.9,-1.7,-1.7,-1.8,-1.81,-1.8,-1.6,-1.6,0.2,-1.6,-1.5,-1.3,-1.3,-1.4,-1.2,-0.9,-1,-1,0.2,-0.5,-0.7,-0.6,-0.5,-0.4,-0.3,-0.3,-0.3,-0.3,0.3,0,-0.1,0,0,0.3,0,0,0.2,0.3,0.2,0,0.3,0.3,0.2,0,0.1,0.5,0.3,0.2,0.2,0.2,0.3,0.3,0.1,0.3,0.3,0.9,1
0.0000316,0.1,0.3,0.1,0.1,0.1,0.3,0.2,0.2,0,0.2,0.2,0.3,0,0.1,0.3,0,-0.1,0.1,0,0.1,0,0.2,-0.3,-0.3,-0.6,-0.7,-0.6,-0.6,-0.8,-1,-1.3,0.2,-1.3,-1.6,-1.6,-1.6,-1.6,-1.6,-1.91,-1.8,-1.6,0.1,-1.85,-1.9,-1.8,-1.6,-1.8,-1.9,-1.7,-1.6,-1.6,0.1,-1.6,-1.5,-1.3,-1.3,-1.4,-1.1,-1,-1,-1.1,0.2,-0.5,-0.6,-0.5,-0.4,-0.3,-0.2,-0.3,-0.4,-0.2,0.2,-0.1,-0.2,0,0.1,0.1,0,0,0.2,0.3,0.3,0,0.3,0.4,0.2,0.1,0.2,0.4,0.3,0.3,0.2,0.3,0.3,0.2,0.2,0.4,0.3,0.8,1
0.0000318,0.2,0.3,0.2,0.1,0.2,0.3,0.3,0.1,-0.1,0.1,0.2,0.1,0,0.3,0.2,0.1,-0.1,0,0.1,0.1,-0.1,0.1,-0.3,-0.4,-0.6,-0.7,-0.6,-0.6,-0.8,-1.1,-1.3,0.2,-1.4,-1.6,-1.7,-1.6,-1.6,-1.6,-1.85,-1.85,-1.5,0.2,-1.85,-1.91,-1.8,-1.8,-1.8,-1.9,-1.7,-1.5,-1.6,0.2,-1.5,-1.5,-1.4,-1.3,-1.3,-1.1,-0.9,-1,-1,0.2,-0.5,-0.5,-0.6,-0.5,-0.3,-0.2,-0.3,-0.4,-0.2,0.1,-0.1,-0.1,0,0,0.1,0.1,0,0.2,0.3,0.1,0.2,0.4,0.4,0.1,0,0.2,0.4,0.4,0.2,0.1,0.2,0.3,0.1,0.1,0.3,0.2,0.9,0.8
0.000032,0.1,0.3,0.1,0,0.1,0.4,0.2,0.1,0.1,0.2,0,0.2,-0.1,0.2,0.1,0.1,-0.1,0.1,0.1,0.1,-0.1,0.2,-0.3,-0.3,-0.5,-0.7,-0.7,-0.6,-0.8,-1.1,-1.3,0.1,-1.3,-1.5,-1.7,-1.5,-1.6,-1.7,-1.94,-1.81,-1.6,0.2,-1.81,-1.91,-1.8,-1.71,-1.7,-1.8,-1.8,-1.6,-1.6,0.2,-1.6,-1.5,-1.4,-1.4,-1.3,-1.2,-0.9,-0.9,-1,0.2,-0.6,-0.5,-0.6,-0.4,-0.4,-0.3,-0.3,-0.3,-0.1,0.2,-0.1,0,0.1,0.1,0.2,0,0,0.1,0.2,0.2,0.1,0.3,0.4,0.2,0.1,0.1,0.5,0.4,0.2,0.2,0.2,0.3,0.1,0.1,0.3,0.3,0.8,0.9
0.0000322,0.2,0.2,0.2,0.1,0.1,0.4,0.2,0.1,0,0.2,0,0.2,0,0.2,0.2,0,-0.1,0,0,0.1,-0.1,0.1,-0.3,-0.4,-0.6,-0.7,-0.6,-0.6,-0.7,-1.1,-1.2,0.1,-1.2,-1.6,-1.7,-1.5,-1.6,-1.7,-1.9,-1.85,-1.7,0.2,-1.85,-1.95,-1.71,-1.7,-1.8,-1.8,-1.7,-1.6,-1.5,0.2,-1.5,-1.5,-1.3,-1.5,-1.4,-1.2,-0.9,-0.9,-1,0.1,-0.5,-0.5,-0.5,-0.5,-0.3,-0.2,-0.3,-0.3,-0.2,0.1,-0.1,-0.1,0,0,0.1,0,0.1,0.1,0.2,0.1,0,0.2,0.4,0.2,0.1,0.1,0.4,0.4,0.2,0.2,0.2,0.3,0,0.2,0.4,0.2,0.9,0.9
0.0000324,0.2,0.2,0.1,0,0.1,0.3,0.3,0.1,0.2,0.1,0.1,0.1,0,0.1,0.2,0.1,-0.1,0,0,0.1,-0.1,0.2,-0.3,-0.4,-0.6,-0.7,-0.6,-0.6,-0.8,-1.1,-1.2,0.1,-1.2,-1.5,-1.7,-1.5,-1.6,-1.6,-1.9,-1.71,-1.6,0.2,-1.81,-1.85,-1.7,-1.71,-1.7,-1.7,-1.7,-1.6,-1.5,0.2,-1.4,-1.4,-1.3,-1.5,-1.4,-1.2,-0.9,-1,-1,0.1,-0.5,-0.5,-0.6,-0.5,-0.3,-0.3,-0.3,-0.3,-0.2,0.2,0,-0.1,0,0.1,0.1,0,0,0.2,0.1,0.1,0,0.2,0.3,0.1,0,0.1,0.5,0.4,0.2,0.1,0.2,0.3,0,0.2,0.3,0.3,0.9,0.8
0.0000326,0.2,0.3,0.1,0,0.2,0.4,0.3,0,0.1,0.1,0.1,0.2,0,0.2,0.2,0.1,-0.1,0.2,0,0.1,0,0.1,-0.3,-0.3,-0.5,-0.8,-0.6,-0.6,-0.8,-1,-1.2,0.2,-1.3,-1.6,-1.6,-1.6,-1.6,-1.6,-1.9,-1.81,-1.6,0.2,-1.81,-1.95,-1.71,-1.7,-1.8,-1.7,-1.7,-1.6,-1.4,0.1,-1.4,-1.4,-1.3,-1.5,-1.4,-1.1,-0.9,-1,-1,0.1,-0.5,-0.6,-0.5,-0.4,-0.4,-0.2,-0.3,-0.3,-0.2,0.2,0,0,0,0.1,0.1,0,0.1,0.1,0.2,0.2,0.1,0.3,0.3,0.2,0.1,0.2,0.4,0.3,0.2,0.1,0.2,0.3,0.1,0.2,0.3,0.3,0.9,0.8
0.0000328,0.3,0.3,0.1,0,0.1,0.3,0.3,0,0.1,0.2,0.3,0.1,0,0.3,0.2,0.2,0,0.1,0.1,0,-0.1,0.2,-0.3,-0.4,-0.5,-0.7,-0.7,-0.6,-0.8,-1,-1.3,0.2,-1.3,-1.4,-1.6,-1.6,-1.7,-1.6,-1.81,-1.8,-1.6,0.2,-1.8,-1.81,-1.7,-1.7,-1.81,-1.7,-1.7,-1.6,-1.5,0.1,-1.4,-1.4,-1.2,-1.4,-1.3,-1.1,-0.8,-1,-1,0.2,-0.5,-0.6,-0.6,-0.6,-0.3,-0.3,-0.2,-0.3,-0.2,0.1,0,-0.1,0.1,0.1,0.1,0,0.1,0.2,0.2,0.1,0.1,0.4,0.3,0.2,0.1,0.2,0.5,0.3,0.2,0.2,0.3,0.3,0.1,0,0.3,0.2,0.9,0.7
0.000033,0.3,0.3,0.2,0.1,0.2,0.3,0.3,0,0.1,0.1,0.3,0.2,-0.1,0.3,0.3,0.2,-0.1,0.2,0.1,0,-0.1,0.1,-0.3,-0.5,-0.5,-0.7,-0.7,-0.6,-0.7,-1,-1.2,0.2,-1.3,-1.5,-1.6,-1.5,-1.6,-1.6,-1.81,-1.7,-1.6,0.2,-1.8,-1.85,-1.7,-1.6,-1.8,-1.7,-1.8,-1.5,-1.4,0.2,-1.4,-1.4,-1.3,-1.4,-1.3,-1.2,-0.8,-0.9,-1.1,0.1,-0.5,-0.6,-0.7,-0.5,-0.3,-0.2,-0.2,-0.3,-0.2,0.1,0,-0.1,0,0.2,0.1,0,0,0.1,0.2,0.3,0.1,0.3,0.3,0.2,0.1,0.2,0.4,0.2,0.2,0.2,0.2,0.2,0.3,0.2,0.3,0.2,0.9,0.7
0.0000332,0.3,0.4,0.2,0,0.2,0.2,0.3,0,0,0.1,0.3,0.1,0,0.2,0.2,0.1,0,0.1,0.2,0.1,0,0.2,-0.3,-0.4,-0.4,-0.8,-0.7,-0.7,-0.8,-1,-1.1,0.1,-1.3,-1.5,-1.6,-1.5,-1.6,-1.5,-1.8,-1.7,-1.6,0.1,-1.81,-1.9,-1.7,-1.7,-1.7,-1.7,-1.7,-1.5,-1.5,0.2,-1.5,-1.4,-1.4,-1.3,-1.3,-1.1,-0.9,-1.1,-1,0.1,-0.6,-0.5,-0.6,-0.4,-0.3,-0.2,-0.3,-0.3,-0.2,0.2,-0.1,-0.1,0,0.2,0.1,0,0,0.2,0.2,0.2,0.1,0.3,0.4,0.1,0.1,0.3,0.5,0.2,0.2,0.2,0.2,0.3,0.2,0.1,0.2,0.4,0.9,0.7
0.0000334,0.3,0.3,0,0,0.2,0.3,0.3,0.1,0.1,0.2,0.3,0.2,0,0.2,0.3,0.1,0,0.1,0.1,0.1,-0.1,0.2,-0.3,-0.3,-0.4,-0.6,-0.6,-0.6,-0.8,-1,-1.2,0.2,-1.4,-1.5,-1.6,-1.5,-1.6,-1.5,-1.8,-1.8,-1.6,0.2,-1.8,-1.81,-1.7,-1.7,-1.8,-1.8,-1.7,-1.5,-1.5,0.2,-1.5,-1.3,-1.3,-1.3,-1.3,-1.3,-0.9,-0.9,-1,0.1,-0.5,-0.5,-0.6,-0.5,-0.4,-0.2,-0.2,-0.3,-0.2,0.1,-0.1,-0.1,0,0.2,0.2,0,-0.1,0.1,0.3,0.2,0.1,0.2,0.4,0.2,0.2,0.2,0.6,0.2,0.2,0.1,0.3,0.3,0.2,0.2,0.4,0.4,0.8,0.8
0.0000336,0.3,0.3,0,0.1,0.2,0.3,0.3,0.2,0,0.2,0.3,0.1,-0.1,0.2,0.3,0.2,-0.1,0,0.2,0,-0.1,0.1,-0.3,-0.2,-0.5,-0.7,-0.6,-0.6,-0.9,-1,-1.2,0.2,-1.3,-1.6,-1.6,-1.5,-1.6,-1.4,-1.8,-1.7,-1.5,0.2,-1.9,-1.81,-1.6,-1.6,-1.8,-1.85,-1.7,-1.6,-1.5,0.1,-1.5,-1.3,-1.4,-1.3,-1.3,-1.1,-0.9,-1,-1,0.2,-0.5,-0.5,-0.6,-0.5,-0.3,-0.3,-0.3,-0.3,-0.3,0.1,0,-0.1,0.1,0.1,0.1,0.1,-0.1,0.1,0.2,0.2,0.1,0.3,0.4,0.2,0.1,0.2,0.5,0.3,0.2,0.1,0.3,0.3,0.2,0.2,0.3,0.4,0.9,0.6
0.0000338,0.2,0.4,0.1,0,0.2,0.4,0.4,0.1,0,0.1,0.2,0.2,-0.1,0.2,0.2,0.1,0,-0.1,0.2,0.1,0,0.2,-0.3,-0.3,-0.6,-0.6,-0.7,-0.5,-0.9,-1,-1.2,0.2,-1.4,-1.6,-1.7,-1.5,-1.6,-1.5,-1.7,-1.8,-1.5,0.2,-1.8,-1.9,-1.7,-1.6,-1.7,-1.85,-1.7,-1.6,-1.5,0.2,-1.6,-1.4,-1.3,-1.3,-1.3,-1.1,-1,-0.9,-1.1,0.2,-0.5,-0.5,-0.7,-0.5,-0.3,-0.2,-0.4,-0.3,-0.3,0.2,-0.1,-0.1,0.1,0.2,0.2,0.1,0,0.2,0.3,0.2,0.1,0.4,0.4,0.2,0.1,0.3,0.5,0.3,0.3,0.1,0.2,0.4,0.2,0.1,0.3,0.4,0.8,0.7
0.000034,0.2,0.3,0.1,0,0.1,0.2,0.2,0.2,0,0.1,0.3,0.2,-0.1,0.2,0.2,0,-0.1,0,0,0.1,-0.1,0.1,-0.3,-0.4,-0.5,-0.6,-0.6,-0.6,-0.8,-1,-1.2,0.1,-1.3,-1.4,-1.6,-1.5,-1.6,-1.5,-1.8,-1.8,-1.6,0.1,-1.81,-1.81,-1.6,-1.6,-1.8,-1.9,-1.7,-1.6,-1.5,0.2,-1.5,-1.4,-1.3,-1.3,-1.3,-1.1,-1,-0.9,-1.1,0.1,-0.5,-0.6,-0.6,-0.5,-0.4,-0.3,-0.3,-0.3,-0.2,0.2,-0.1,-0.1,0,0.2,0.2,0.1,0,0.2,0.2,0.2,0,0.3,0.3,0.1,0.1,0.2,0.5,0.3,0.2,0.2,0.3,0.4,0.1,0.2,0.3,0.3,0.9,0.7
0.0000342,0.3,0.4,0.1,0.1,0.2,0.3,0.2,0.2,0,0.2,0.2,0.1,0.1,0.2,0.3,0.1,-0.1,0,0.1,0,0,0.2,-0.3,-0.3,-0.6,-0.7,-0.6,-0.5,-0.8,-1,-1.1,0.1,-1.3,-1.6,-1.7,-1.5,-1.6,-1.4,-1.8,-1.7,-1.5,0.2,-1.81,-1.81,-1.7,-1.7,-1.8,-1.71,-1.8,-1.6,-1.5,0.2,-1.6,-1.4,-1.3,-1.4,-1.4,-1.1,-0.9,-0.8,-1.1,0.2,-0.6,-0.6,-0.6,-0.4,-0.3,-0.3,-0.2,-0.3,-0.3,0.2,-0.1,-0.1,0,0.1,0.2,0.1,0,0.2,0.2,0.2,0.1,0.4,0.4,0.2,0,0.2,0.6,0.4,0.3,0.2,0.3,0.4,0,0.1,0.3,0.3,0.8,0.6
0.0000344,0.1,0.4,0.1,0,0.1,0.3,0.3,0.2,0,0.1,0.3,0.2,0,0.2,0.2,0,-0.1,-0.1,0,0,-0.1,0.2,-0.3,-0.3,-0.6,-0.6,-0.6,-0.6,-0.8,-1,-1.3,0.3,-1.3,-1.5,-1.6,-1.4,-1.6,-1.5,-1.8,-1.81,-1.6,0.2,-1.85,-1.81,-1.7,-1.7,-1.7,-1.81,-1.7,-1.5,-1.5,0.2,-1.6,-1.5,-1.3,-1.3,-1.3,-1.1,-0.9,-0.9,-1,0.2,-0.5,-0.5,-0.6,-0.5,-0.4,-0.2,-0.2,-0.3,-0.3,0.2,-0.1,-0.1,0,0.1,0.2,0.1,0,0.1,0.3,0.2,0,0.3,0.4,0.2,0.1,0.2,0.5,0.4,0.2,0.3,0.3,0.4,0,0.1,0.2,0.2,0.7,0.6
0.0000346,0.3,0.3,0.1,0,0.2,0.3,0.2,0.2,0.1,0.1,0.2,0.2,0,0.2,0.3,0,0,0,0,0,-0.1,0.2,-0.3,-0.3,-0.6,-0.7,-0.6,-0.6,-0.9,-1.1,-1.2,0.2,-1.3,-1.5,-1.6,-1.5,-1.7,-1.5,-1.91,-1.9,-1.4,0.2,-1.85,-1.81,-1.6,-1.7,-1.8,-1.7,-1.7,-1.5,-1.5,0.2,-1.5,-1.4,-1.2,-1.3,-1.3,-1.1,-0.9,-0.9,-1.1,0.2,-0.5,-0.6,-0.7,-0.5,-0.3,-0.2,-0.2,-0.3,-0.3,0.2,-0.1,-0.1,0.1,0.1,0.1,-0.1,0.1,0.1,0.4,0.3,0,0.3,0.4,0.2,0.1,0.2,0.4,0.3,0.2,0.2,0.3,0.5,0.1,0.1,0.3,0.3,0.8,0.7
0.0000348,0.3,0.2,0.1,0.1,0.2,0.3,0.2,0.1,0.1,0.1,0.2,0.2,0,0.2,0.3,0.2,-0.1,-0.1,-0.1,0.1,-0.1,0.1,-0.3,-0.3,-0.5,-0.7,-0.6,-0.6,-0.8,-1.1,-1.3,0.2,-1.3,-1.4,-1.6,-1.5,-1.6,-1.5,-1.81,-1.85,-1.5,0.2,-1.85,-1.8,-1.5,-1.7,-1.7,-1.8,-1.7,-1.5,-1.5,0.2,-1.4,-1.4,-1.2,-1.4,-1.2,-1,-0.9,-0.9,-1,0.3,-0.6,-0.5,-0.7,-0.4,-0.3,-0.2,-0.2,-0.3,-0.2,0.2,-0.2,-0.1,0,0.1,0.1,0,0.2,0.1,0.4,0.2,0.1,0.2,0.4,0.2,0,0.1,0.5,0.5,0.2,0.2,0.2,0.4,0,0.1,0.3,0.3,0.6,0.7
0.000035,0.2,0.2,0.2,0.1,0.1,0.2,0.2,0.1,0.1,0.1,0.2,0.2,0,0.1,0.3,0.1,-0.1,0,0,0.1,0,0.2,-0.4,-0.4,-0.5,-0.7,-0.6,-0.6,-0.8,-1.1,-1.2,0.1,-1.3,-1.5,-1.6,-1.5,-1.5,-1.6,-1.8,-1.8,-1.5,0.2,-1.85,-1.8,-1.6,-1.7,-1.7,-1.7,-1.6,-1.5,-1.5,0.2,-1.4,-1.5,-1.3,-1.4,-1.4,-1,-0.8,-0.8,-1,0.3,-0.5,-0.6,-0.6,-0.4,-0.3,-0.2,-0.2,-0.4,-0.3,0.2,-0.1,-0.1,0,0.2,0.1,0,0,0.2,0.3,0.2,0,0.2,0.4,0.3,0,0.1,0.4,0.4,0.2,0.2,0.2,0.3,-0.1,0,0.2,0.3,0.6,0.6
0.0000352,0.3,0.2,0.1,0,0.1,0.4,0.2,0.1,0.1,0.2,0.2,0.1,0,0.3,0.3,0.1,-0.2,0,0.1,0.2,-0.1,0.1,-0.3,-0.4,-0.5,-0.6,-0.6,-0.6,-0.7,-1.1,-1.2,0.2,-1.2,-1.5,-1.6,-1.5,-1.5,-1.6,-1.81,-1.85,-1.5,0.1,-1.85,-1.8,-1.6,-1.5,-1.7,-1.7,-1.7,-1.5,-1.5,0.1,-1.4,-1.4,-1.3,-1.4,-1.4,-1.2,-0.8,-0.8,-1,0.1,-0.5,-0.6,-0.7,-0.4,-0.2,-0.2,-0.2,-0.3,-0.1,0.2,-0.1,-0.1,0.1,0.2,0,0,0,0.2,0.3,0.2,0.1,0.2,0.3,0.1,0,0.2,0.5,0.3,0.2,0.2,0.2,0.2,0,0.1,0.2,0.3,0.7,0.6
0.0000354,0.3,0.2,0.2,0,0.2,0.3,0.3,0.1,0.1,0.1,0.2,0.2,0.1,0.2,0.2,0.2,-0.1,-0.1,0.1,0.1,-0.1,0.2,-0.3,-0.3,-0.4,-0.7,-0.6,-0.7,-0.8,-1.1,-1.1,0.2,-1.2,-1.5,-1.6,-1.5,-1.6,-1.5,-1.8,-1.81,-1.5,0.2,-1.9,-1.9,-1.7,-1.7,-1.6,-1.7,-1.7,-1.5,-1.5,0.2,-1.4,-1.4,-1.2,-1.4,-1.4,-1.2,-0.8,-0.9,-1,0.2,-0.5,-0.6,-0.5,-0.3,-0.3,-0.2,-0.2,-0.4,-0.1,0.1,-0.1,-0.2,-0.1,0.1,0.1,0,0.1,0,0.3,0.2,0.1,0.2,0.3,0.2,0,0.3,0.6,0.3,0.2,0.1,0.2,0.2,0,0.1,0.3,0.3,0.6,0.5
0.0000356,0.3,0.3,0.1,0,0.2,0.2,0.3,0,0,0.1,0.2,0.2,0,0.2,0.3,0.2,-0.3,0,0.2,0,-0.1,0.2,-0.2,-0.3,-0.5,-0.6,-0.7,-0.7,-0.7,-1,-1.1,0.3,-1.3,-1.4,-1.6,-1.5,-1.5,-1.6,-1.8,-1.7,-1.5,0.1,-1.9,-1.8,-1.6,-1.6,-1.6,-1.7,-1.7,-1.5,-1.5,0.2,-1.4,-1.3,-1.3,-1.3,-1.3,-1.2,-0.9,-0.9,-1,0.2,-0.6,-0.6,-0.6,-0.3,-0.3,-0.2,-0.3,-0.3,-0.1,0.1,-0.1,-0.1,0,0.1,0.1,0,0.1,0.2,0.3,0.3,0.2,0.2,0.4,0.2,0.1,0.2,0.5,0.3,0.3,0.2,0.2,0.2,0.1,0,0.2,0.3,0.8,0.5
0.0000358,0.3,0.3,0.1,0.2,0.2,0.2,0.3,0.1,0,0.1,0.3,0.1,0,0.2,0.2,0.1,-0.1,0,0.1,0,0,0.2,-0.3,-0.3,-0.4,-0.7,-0.6,-0.7,-0.8,-1,-1.2,0.1,-1.3,-1.5,-1.6,-1.5,-1.4,-1.6,-1.8,-1.7,-1.5,0.2,-1.8,-1.8,-1.7,-1.6,-1.6,-1.7,-1.7,-1.5,-1.6,0.2,-1.4,-1.3,-1.3,-1.3,-1.4,-1.1,-0.8,-0.9,-1,0.1,-0.5,-0.6,-0.6,-0.5,-0.3,-0.2,-0.2,-0.4,-0.1,0.3,-0.1,-0.1,0,0.1,0.1,0,0.1,0.1,0.3,0.2,0.2,0.2,0.4,0.2,0.1,0.2,0.5,0.3,0.2,0.2,0.2,0.3,0.1,0.2,0.3,0.3,0.7,0.5
0.000036,0.3,0.3,0.1,0.2,0.1,0.3,0.4,0.3,0,0,0.3,0.2,0,0.2,0.1,0.2,0,0,0.1,0,-0.1,0.1,-0.3,-0.3,-0.6,-0.7,-0.7,-0.7,-0.8,-1,-1.2,0.2,-1.3,-1.5,-1.6,-1.5,-1.5,-1.6,-1.8,-1.7,-1.5,0.2,-1.7,-1.8,-1.6,-1.5,-1.6,-1.7,-1.7,-1.5,-1.5,0.2,-1.4,-1.3,-1.3,-1.4,-1.3,-1.1,-0.8,-0.8,-0.9,0.2,-0.5,-0.5,-0.6,-0.3,-0.3,-0.2,-0.2,-0.3,-0.1,0.3,0,-0.1,0,0.1,0.1,0.1,0,0.2,0.3,0.2,0.2,0.2,0.4,0.2,0,0.3,0.5,0.3,0.4,0.2,0.2,0.2,0.1,0.1,0.3,0.4,0.7,0.5
0.0000362,0.1,0.3,0.1,0.1,0.1,0.3,0.3,0.2,-0.1,0,0.2,0.1,0.1,0.2,0.3,0.1,0,0,0.1,0,-0.1,0.2,-0.3,-0.3,-0.5,-0.7,-0.7,-0.6,-0.7,-1.1,-1.2,0.2,-1.3,-1.5,-1.6,-1.5,-1.5,-1.5,-1.7,-1.7,-1.5,0.1,-1.7,-1.7,-1.6,-1.6,-1.6,-1.8,-1.7,-1.5,-1.5,0.2,-1.4,-1.3,-1.2,-1.3,-1.4,-1,-0.9,-0.8,-1,0.2,-0.5,-0.6,-0.6,-0.4,-0.3,-0.3,-0.2,-0.4,-0.2,0.1,-0.1,-0.2,0,0.1,0.1,0.1,0,0.1,0.3,0.2,0.1,0.3,0.4,0.2,0.1,0.2,0.5,0.3,0.3,0.2,0.2,0.3,0.1,0.2,0.4,0.3,0.6,0.5
0.0000364,0.3,0.3,0.1,0.1,0.1,0.3,0.3,0.2,0,0.1,0.2,0.3,0,0.2,0.2,0.1,0,-0.1,0.1,0.1,-0.2,0.1,-0.3,-0.3,-0.6,-0.7,-0.6,-0.6,-0.8,-1,-1.2,0.1,-1.2,-1.5,-1.5,-1.4,-1.5,-1.5,-1.8,-1.7,-1.5,0.2,-1.7,-1.8,-1.6,-1.5,-1.6,-1.8,-1.7,-1.6,-1.5,0.2,-1.4,-1.3,-1.3,-1.2,-1.3,-1.1,-0.9,-0.7,-1,0.2,-0.5,-0.5,-0.6,-0.5,-0.3,-0.2,-0.1,-0.3,-0.3,0.3,-0.1,-0.1,0.1,0.1,0.2,0.1,-0.1,0,0.3,0.3,0.1,0.3,0.4,0.1,0.1,0.3,0.5,0.3,0.3,0.2,0.3,0.4,0.1,0.1,0.2,0.3,0.6,0.4
0.0000366,0.2,0.3,0.1,0.1,0.2,0.3,0.3,0.3,0,0.1,0.3,0.2,0.1,0.2,0.2,0.1,0,-0.1,0.1,0.1,-0.1,0.2,-0.2,-0.3,-0.6,-0.8,-0.7,-0.6,-0.8,-1,-1.2,0.1,-1.2,-1.5,-1.5,-1.4,-1.5,-1.6,-1.7,-1.7,-1.5,0.2,-1.8,-1.7,-1.5,-1.6,-1.6,-1.8,-1.7,-1.5,-1.5,0.1,-1.4,-1.3,-1.3,-1.4,-1.4,-1,-0.9,-0.7,-1,0.1,-0.6,-0.5,-0.6,-0.4,-0.3,-0.2,-0.2,-0.4,-0.4,0.1,-0.1,-0.1,0.1,0.1,0.1,0.1,0,0,0.3,0.1,0,0.3,0.3,0.2,0,0.3,0.5,0.3,0.3,0.1,0.2,0.3,0,0.2,0.2,0.4,0.7,0.4
0.0000368,0.3,0.3,0.2,0,0.1,0.3,0.2,0.2,0,0.1,0.2,0.2,0,0.2,0.2,0.1,0,-0.1,0.1,0.1,-0.1,0.2,-0.3,-0.3,-0.5,-0.8,-0.6,-0.6,-0.7,-1,-1.2,0.1,-1.2,-1.4,-1.6,-1.5,-1.4,-1.6,-1.7,-1.8,-1.4,0.2,-1.8,-1.7,-1.5,-1.6,-1.6,-1.8,-1.6,-1.6,-1.5,0.2,-1.4,-1.4,-1.2,-1.4,-1.4,-1.1,-0.9,-0.6,-1,0.2,-0.6,-0.6,-0.6,-0.5,-0.3,-0.3,-0.2,-0.3,-0.3,0.1,-0.1,-0.1,0.1,0,0.2,0.1,0,0,0.2,0.2,0.1,0.4,0.4,0.2,0.1,0.3,0.5,0.3,0.2,0.2,0.3,0.3,0.1,0.2,0.4,0.3,0.5,0.4
0.000037,0.3,0.3,0.2,0,0.2,0.3,0.3,0.2,0,0.1,0.2,0.2,0.1,0,0.2,0.1,0,0,0,0,-0.1,0.1,-0.2,-0.3,-0.5,-0.7,-0.6,-0.6,-0.8,-1,-1.2,0.2,-1.2,-1.4,-1.6,-1.5,-1.4,-1.6,-1.7,-1.7,-1.6,0.1,-1.8,-1.8,-1.5,-1.6,-1.6,-1.7,-1.8,-1.6,-1.4,0.2,-1.5,-1.4,-1.2,-1.4,-1.4,-1,-0.9,-0.5,-1,0.1,-0.5,-0.5,-0.6,-0.4,-0.3,-0.2,-0.2,-0.4,-0.2,0.3,-0.3,-0.1,0.1,0.1,0,-0.1,0,0.2,0.4,0.2,0.1,0.3,0.4,0.2,0,0.2,0.5,0.3,0.2,0.2,0.3,0.3,0.2,0.2,0.2,0.3,0.5,0.4
0.0000372,0.2,0.2,0.1,0,0.2,0.2,0.3,0.1,0,0.1,0.2,0.1,0.1,0.1,0.2,0.2,-0.1,-0.1,0,0.1,-0.1,0.2,-0.2,-0.3,-0.5,-0.7,-0.7,-0.6,-0.8,-1,-1.2,0.1,-1.3,-1.4,-1.6,-1.4,-1.6,-1.5,-1.7,-1.7,-1.5,0.2,-1.8,-1.8,-1.7,-1.5,-1.6,-1.6,-1.6,-1.6,-1.5,0.2,-1.5,-1.3,-1.2,-1.4,-1.4,-1.1,-0.9,-0.7,-1,0.2,-0.5,-0.6,-0.6,-0.4,-0.3,-0.2,-0.2,-0.4,-0.3,0.2,-0.2,-0.1,-0.1,0.2,0.2,0,0,0.2,0.4,0.1,0,0.2,0.4,0.2,0,0.2,0.5,0.4,0.2,0.2,0.3,0.4,0,0.1,0.2,0.3,0.5,0.4
0.0000374,0.2,0.2,0.1,0,0.1,0.4,0.3,0.2,0,0.1,0.3,0.2,0.1,0.1,0.3,0.1,-0.1,-0.1,0,0,0,0.2,-0.3,-0.3,-0.4,-0.6,-0.7,-0.6,-0.8,-1,-1.2,0.2,-1.2,-1.4,-1.6,-1.5,-1.5,-1.6,-1.8,-1.8,-1.6,0.2,-1.8,-1.8,-1.6,-1.6,-1.6,-1.8,-1.7,-1.5,-1.5,0.2,-1.5,-1.4,-1.2,-1.4,-1.4,-1,-0.9,-0.6,-0.9,0.2,-0.5,-0.5,-0.6,-0.3,-0.3,-0.2,-0.2,-0.3,-0.2,0.2,-0.2,0,0.1,0.1,0.1,0,0,0.1,0.3,0.1,0,0.1,0.4,0.1,0,0.1,0.4,0.3,0.2,0.2,0.3,0.3,0.1,0.1,0.4,0.4,0.4,0.3
0.0000376,0.2,0.2,0.1,0.1,0.2,0.3,0.3,0,0.1,0.1,0.3,0.2,0.1,0.2,0.2,0.1,-0.1,-0.2,0.1,0.1,0,0.1,-0.2,-0.3,-0.4,-0.7,-0.6,-0.7,-0.8,-1,-1.2,0.1,-1.2,-1.6,-1.6,-1.4,-1.5,-1.6,-1.7,-1.8,-1.5,0.2,-1.81,-1.8,-1.6,-1.6,-1.6,-1.7,-1.7,-1.5,-1.4,0.2,-1.5,-1.5,-1.2,-1.4,-1.3,-1.1,-0.9,-0.7,-1,0.2,-0.5,-0.6,-0.5,-0.4,-0.3,-0.2,-0.2,-0.3,-0.2,0.2,-0.1,-0.2,-0.1,0.2,0.1,0.1,0,0.1,0.3,0.1,0,0.1,0.4,0.1,0.1,0.2,0.4,0.3,0.2,0.1,0.2,0.3,0.1,0,0.3,0.2,0.4,0.4
0.0000378,0.2,0.2,0.1,0.1,0.1,0.3,0.3,0,0.1,0.1,0.2,0.2,0.1,0.2,0.2,0.2,-0.1,-0.1,0.1,0.1,0,0.2,-0.3,-0.3,-0.4,-0.6,-0.7,-0.8,-0.7,-1,-1.2,0.2,-1.2,-1.5,-1.6,-1.5,-1.4,-1.6,-1.7,-1.9,-1.5,0.2,-1.91,-1.7,-1.6,-1.5,-1.6,-1.7,-1.7,-1.5,-1.5,0.2,-1.4,-1.4,-1.2,-1.2,-1.3,-1.1,-0.8,-0.7,-1,0.1,-0.5,-0.6,-0.6,-0.3,-0.3,-0.2,-0.2,-0.4,-0.3,0.1,-0.2,0,0,0.2,0.1,0,0.1,0.1,0.2,0.2,0.1,0.1,0.3,0.2,0.1,0.1,0.5,0.3,0.2,0.2,0.3,0.3,0.1,0.1,0.3,0.3,0.4,0.4
0.000038,0.2,0.2,0,0.1,0.1,0.4,0.3,0,0.1,0.1,0.3,0.3,0.1,0.2,0.2,0.1,-0.2,-0.1,0.1,0,-0.1,0.1,-0.2,-0.4,-0.5,-0.6,-0.6,-0.6,-0.7,-1,-1.2,0.1,-1.2,-1.5,-1.5,-1.5,-1.4,-1.6,-1.6,-1.7,-1.5,0.2,-1.7,-1.8,-1.6,-1.6,-1.6,-1.7,-1.7,-1.5,-1.5,0.2,-1.4,-1.4,-1.2,-1.3,-1.3,-1.1,-0.9,-0.8,-1,0.1,-0.5,-0.6,-0.6,-0.4,-0.3,-0.2,-0.2,-0.3,-0.2,0.2,-0.1,-0.1,0,0.2,0.1,0.1,0.1,0,0.4,0.3,0.1,0.2,0.3,0.1,0,0.2,0.4,0.2,0.2,0.1,0.3,0.2,0,0.1,0.3,0.3,0.4,0.4
0.0000382,0.2,0.3,0.1,0,0.1,0.3,0.4,0.2,0.1,0,0.3,0.2,0,0.2,0.1,0.1,-0.1,-0.1,0.2,0,0,0.2,-0.2,-0.3,-0.5,-0.6,-0.6,-0.7,-0.6,-1.1,-1.1,0.2,-1.2,-1.6,-1.6,-1.5,-1.4,-1.6,-1.6,-1.8,-1.5,0.2,-1.7,-1.7,-1.6,-1.6,-1.7,-1.7,-1.6,-1.4,-1.5,0.2,-1.4,-1.3,-1.4,-1.3,-1.3,-1.1,-0.9,-0.9,-1,0.2,-0.6,-0.6,-0.7,-0.4,-0.3,-0.2,-0.2,-0.4,-0.2,0.2,-0.2,-0.1,0,0.1,0.1,0,0.2,0,0.2,0.1,0.1,0.2,0.4,0.1,0,0.2,0.4,0.3,0.3,0.1,0.1,0.3,0.2,0,0.3,0.3,0.4,0.3
0.0000384,0.2,0.3,0.2,0,0.2,0.2,0.3,0.1,0,0.1,0.2,0.1,0,0.3,0.2,0.1,-0.1,-0.1,0.1,0.2,-0.2,0.2,-0.3,-0.2,-0.5,-0.6,-0.7,-0.6,-0.6,-1,-1.2,0.1,-1.2,-1.5,-1.5,-1.5,-1.3,-1.6,-1.7,-1.8,-1.5,0.2,-1.6,-1.8,-1.8,-1.6,-1.6,-1.7,-1.7,-1.4,-1.5,0.2,-1.4,-1.2,-1.4,-1.3,-1.3,-1.1,-0.8,-0.8,-0.9,0.3,-0.5,-0.6,-0.6,-0.5,-0.4,-0.2,-0.2,-0.4,-0.3,0.2,-0.1,-0.1,0,0.1,0.1,0,0.1,0.1,0.2,0.2,0.1,0.2,0.4,0.2,0,0.4,0.4,0.3,0.3,0.2,0.2,0.3,0.1,0.1,0.3,0.3,0.3,0.3
0.0000386,0.2,0.2,0.3,0,0,0.2,0.2,0.1,0,0,0.3,0.2,0,0.2,0.2,0.1,-0.2,-0.1,0.1,0.1,-0.1,0.2,-0.3,-0.3,-0.5,-0.6,-0.6,-0.6,-0.6,-1,-1.2,0.2,-1.2,-1.5,-1.5,-1.5,-1.3,-1.5,-1.7,-1.7,-1.5,0.2,-1.6,-1.7,-1.6,-1.5,-1.6,-1.7,-1.6,-1.4,-1.5,0.2,-1.3,-1.3,-1.3,-1.3,-1.2,-1.1,-0.8,-0.8,-1,0.2,-0.6,-0.6,-0.7,-0.5,-0.3,-0.2,-0.2,-0.4,-0.3,0.2,-0.1,-0.1,0,0.2,0.1,0,0.1,0,0.3,0.1,0.2,0.2,0.3,0.1,0,0.2,0.6,0.2,0.3,0.3,0.2,0.4,0.2,0.1,0.3,0.3,0.5,0.3
0.0000388,0.2,0.2,0.2,0.1,0.1,0.3,0.2,0.1,0,0.1,0.3,0.2,0,0.2,0.3,0.1,-0.1,-0.1,0,0.1,-0.1,0.1,-0.3,-0.3,-0.5,-0.7,-0.7,-0.6,-0.6,-1,-1.2,0.1,-1.2,-1.5,-1.6,-1.5,-1.3,-1.6,-1.7,-1.7,-1.5,0.1,-1.7,-1.8,-1.6,-1.6,-1.6,-1.7,-1.6,-1.4,-1.5,0.2,-1.4,-1.3,-1.3,-1.3,-1.3,-1,-0.8,-0.8,-0.9,0.2,-0.5,-0.5,-0.6,-0.4,-0.2,-0.1,-0.3,-0.3,-0.2,0.2,0,-0.1,0.1,0.2,0.1,0,0,0,0.3,0.2,0.1,0.3,0.3,0.1,0.1,0.2,0.4,0.3,0.3,0.2,0.3,0.3,0.2,0,0.2,0.3,0.4,0.3
0.000039,0.3,0.2,0.3,0,0.2,0.3,0.3,0.2,0,0.1,0.3,0.1,0,0.1,0.2,0.2,-0.1,-0.1,0.1,0.1,-0.2,0.1,-0.3,-0.3,-0.5,-0.7,-0.7,-0.6,-0.7,-1,-1.2,0.2,-1.3,-1.4,-1.6,-1.5,-1.2,-1.6,-1.7,-1.7,-1.4,0.2,-1.7,-1.7,-1.6,-1.6,-1.6,-1.8,-1.7,-1.3,-1.5,0.2,-1.4,-1.3,-1.3,-1.3,-1.3,-1.1,-0.8,-0.9,-0.9,0.2,-0.5,-0.5,-0.6,-0.4,-0.3,-0.2,-0.1,-0.4,-0.3,0.2,-0.1,-0.1,0.1,0.2,0.1,0,0.1,0.2,0.3,0.1,0.2,0.3,0.3,0.2,0.1,0.3,0.4,0.3,0.3,0.2,0.3,0.3,0.1,0,0.3,0.4,0.4,0.3
0.0000392,0.3,0.2,0.3,0,0,0.3,0.3,0.1,0,0,0.3,0.3,0,0.1,0.3,0.1,-0.1,0,0,0,-0.1,0.1,-0.2,-0.3,-0.4,-0.8,-0.7,-0.6,-0.7,-1,-1.1,0.1,-1.2,-1.3,-1.6,-1.5,-1.3,-1.6,-1.7,-1.7,-1.5,0.2,-1.8,-1.7,-1.6,-1.6,-1.6,-1.7,-1.7,-1.4,-1.4,0.2,-1.4,-1.3,-1.2,-1.4,-1.4,-1.2,-0.9,-0.9,-1.1,0.2,-0.5,-0.6,-0.6,-0.4,-0.3,-0.3,-0.2,-0.2,-0.2,0.2,-0.2,-0.1,0,0.2,0.1,0.1,0,0.1,0.3,0.1,0.1,0.3,0.3,0.1,0,0.3,0.5,0.3,0.1,0.1,0.2,0.4,0.2,0,0.3,0.4,0.5,0.2
0.0000394,0.3,0.2,0.2,0,0.1,0.2,0.3,0.2,0,0,0.3,0.2,0,0,0.2,0.1,-0.1,-0.1,0,0,-0.2,0.3,-0.2,-0.3,-0.4,-0.7,-0.7,-0.6,-0.7,-1,-1.2,0.2,-1.3,-1.4,-1.6,-1.5,-1.4,-1.6,-1.8,-1.7,-1.5,0.3,-1.7,-1.8,-1.6,-1.6,-1.6,-1.6,-1.8,-1.4,-1.5,0.1,-1.4,-1.3,-1.3,-1.4,-1.3,-1.2,-0.9,-0.8,-1.1,0.1,-0.5,-0.6,-0.5,-0.4,-0.3,-0.2,-0.2,-0.3,-0.3,0.2,-0.1,-0.1,0,0.1,0.1,0,0,0.2,0.3,0.1,0.1,0.3,0.3,0.2,0,0.3,0.5,0.2,0.2,0.2,0.2,0.4,0.2,0.1,0.3,0.3,0.4,0.2
0.0000396,0.2,0.3,0.1,0,0.1,0.3,0.4,0.2,0,0.1,0.3,0.2,0.1,0.1,0.2,0.1,-0.1,-0.1,0,0.1,-0.1,0.2,-0.2,-0.3,-0.4,-0.7,-0.7,-0.6,-0.8,-1,-1.1,0.1,-1.2,-1.4,-1.6,-1.4,-1.4,-1.5,-1.7,-1.6,-1.4,0.1,-1.7,-1.8,-1.5,-1.6,-1.6,-1.6,-1.8,-1.5,-1.4,0.3,-1.4,-1.3,-1.2,-1.3,-1.4,-1.1,-0.9,-0.8,-0.9,0.1,-0.6,-0.5,-0.5,-0.4,-0.3,-0.2,-0.1,-0.3,-0.2,0.2,-0.1,-0.1,0,0.2,0.2,0,0,0.2,0.3,0.2,0.1,0.2,0.3,0.2,0,0.2,0.5,0.3,0.2,0.2,0.3,0.4,0.2,0.1,0.3,0.3,0.3,0.1
0.0000398,0.3,0.3,0.1,0.1,0.1,0.3,0.3,0.2,0,0.1,0.2,0.1,0.1,0.1,0.1,0.2,-0.1,-0.1,0.2,0,0,0.2,-0.2,-0.3,-0.5,-0.7,-0.6,-0.6,-0.8,-1,-1.1,0.2,-1.2,-1.3,-1.5,-1.5,-1.4,-1.4,-1.8,-1.6,-1.5,0.2,-1.7,-1.7,-1.5,-1.5,-1.6,-1.6,-1.8,-1.5,-1.4,0.1,-1.4,-1.2,-1.2,-1.3,-1.3,-1,-0.9,-0.7,-1,0.2,-0.5,-0.6,-0.6,-0.4,-0.3,-0.2,-0.2,-0.3,-0.2,0.1,-0.1,-0.1,0,0.2,0.1,0,0,0.2,0.2,0.2,0.1,0.3,0.3,0.1,0,0.1,0.5,0.3,0.3,0.2,0.3,0.3,0.2,0.1,0.2,0.3,0.3,0.3
0.00004,0.2,0.4,0.1,0,0.2,0.4,0.3,0.2,0,0.1,0.4,0.1,0.1,0.2,0.2,0.1,-0.1,-0.2,0.1,0.1,-0.1,0.2,-0.2,-0.3,-0.5,-0.7,-0.7,-0.5,-0.8,-1.1,-1.2,0.1,-1.2,-1.4,-1.5,-1.5,-1.4,-1.5,-1.8,-1.8,-1.5,0.1,-1.7,-1.81,-1.6,-1.5,-1.6,-1.7,-1.7,-1.5,-1.5,0.2,-1.5,-1.3,-1.2,-1.2,-1.3,-1.1,-0.9,-0.7,-0.9,0.2,-0.5,-0.4,-0.6,-0.4,-0.3,-0.2,-0.1,-0.3,-0.3,0.2,-0.1,0,-0.1,0.2,0.1,0,0,0.1,0.4,0.2,0.2,0.2,0.3,0.1,0.1,0.2,0.5,0.4,0.4,0.2,0.4,0.3,0.2,0.1,0.3,0.4,0.4,0.1
0.0000402,0.3,0.4,0.1,0.1,0,0.4,0.3,0.2,-0.1,0.2,0.3,0.2,0,0.2,0.2,0.2,-0.1,-0.2,0,0.1,0,0.2,-0.3,-0.3,-0.6,-0.6,-0.6,-0.7,-0.7,-1,-1.2,0.1,-1.2,-1.4,-1.5,-1.4,-1.4,-1.5,-1.7,-1.7,-1.6,0.2,-1.7,-1.7,-1.5,-1.5,-1.6,-1.6,-1.7,-1.5,-1.4,0.1,-1.5,-1.3,-1.2,-1.3,-1.3,-1,-0.9,-0.9,-0.9,0.1,-0.5,-0.6,-0.6,-0.4,-0.3,-0.2,-0.1,-0.3,-0.3,0.2,-0.1,-0.1,0,0.1,0,0,0,0.1,0.3,0.1,0.1,0.2,0.3,0.2,0.1,0.2,0.4,0.4,0.3,0.3,0.4,0.4,0.2,0.1,0.2,0.4,0.2,0.2
0.0000404,0.3,0.4,0,0,0,0.3,0.3,0.1,0,0.1,0.2,0.2,0.2,0.2,0.2,0.1,-0.1,-0.2,0.1,0.1,-0.1,0.2,-0.2,-0.3,-0.5,-0.6,-0.6,-0.6,-0.8,-1,-1.1,0.3,-1.2,-1.5,-1.6,-1.4,-1.4,-1.5,-1.7,-1.7,-1.6,0.1,-1.7,-1.7,-1.6,-1.4,-1.5,-1.7,-1.6,-1.4,-1.4,0.2,-1.4,-1.2,-1.2,-1.2,-1.2,-1.1,-0.9,-0.9,-0.9,0.1,-0.5,-0.5,-0.5,-0.4,-0.3,-0.2,-0.1,-0.2,-0.3,0.1,-0.1,0,0,0.2,0.1,0.1,0.1,0,0.2,0.1,0.1,0.1,0.3,0.2,0,0.1,0.5,0.3,0.4,0.2,0.3,0.4,0.1,0.1,0.4,0.3,0.3,0.2
0.0000406,0.2,0.4,0.1,0.1,0.1,0.3,0.3,0.1,0,0.1,0.2,0.2,0.1,0.2,0.2,0.1,-0.1,-0.1,0,0.1,-0.1,0.1,-0.2,-0.3,-0.5,-0.6,-0.6,-0.6,-0.8,-1,-1,0.1,-1.2,-1.4,-1.6,-1.5,-1.4,-1.6,-1.6,-1.8,-1.5,0.2,-1.7,-1.7,-1.5,-1.5,-1.6,-1.6,-1.7,-1.4,-1.4,0.3,-1.4,-1.2,-1.2,-1.1,-1.3,-1.1,-0.9,-0.9,-0.9,0.2,-0.6,-0.4,-0.5,-0.3,-0.4,-0.1,-0.2,-0.3,-0.3,0.1,-0.1,0,0,0.1,0,-0.1,0.2,0,0.4,0.2,0.1,0.2,0.3,0.2,0.1,0.2,0.5,0.4,0.4,0.2,0.2,0.3,0.1,0.1,0.3,0.3,0.3,0.2
0.0000408,0.2,0.2,0.2,0.1,0.1,0.2,0.2,0.1,0.1,0.1,0.2,0.1,0,0.2,0.2,0.1,-0.2,-0.2,0.1,0.1,-0.2,0.2,-0.2,-0.3,-0.5,-0.6,-0.6,-0.6,-0.7,-1,-1.1,0.2,-1.1,-1.4,-1.6,-1.5,-1.3,-1.5,-1.7,-1.7,-1.5,0.2,-1.7,-1.6,-1.6,-1.5,-1.6,-1.7,-1.6,-1.5,-1.4,0.1,-1.4,-1.2,-1.2,-1.3,-1.3,-1,-0.9,-0.9,-1,0.2,-0.5,-0.6,-0.6,-0.3,-0.4,-0.2,-0.2,-0.3,-0.3,0.1,-0.2,0,0,0.2,0.1,0,0.1,0,0.3,0.2,0.1,0.2,0.4,0.2,0,0.1,0.4,0.3,0.4,0.3,0.3,0.3,0.2,0,0.4,0.4,0.2,0.2
0.000041,0.1,0.2,0.2,0.1,0.2,0.3,0.3,0.1,0,0.1,0.2,0.2,0,0.1,0.3,0.1,-0.1,-0.2,0.1,0.1,-0.1,0.2,-0.2,-0.4,-0.5,-0.5,-0.7,-0.6,-0.7,-1,-1.2,0.2,-1.2,-1.4,-1.6,-1.4,-1.3,-1.6,-1.7,-1.7,-1.5,0.2,-1.7,-1.7,-1.5,-1.5,-1.6,-1.6,-1.6,-1.4,-1.5,0.1,-1.4,-1.2,-1.3,-1.3,-1.1,-1,-0.9,-0.9,-1,0.1,-0.6,-0.6,-0.6,-0.4,-0.3,-0.1,-0.3,-0.2,-0.2,0.2,-0.1,0,0,0.1,0.1,0.1,0.1,0.1,0.3,0.2,0.2,0.1,0.4,0.2,0.1,0.1,0.4,0.3,0.3,0.1,0.2,0.3,0.1,0,0.3,0.4,0.2,0.1
0.0000412,0.3,0.2,0.3,0.1,0.2,0.2,0.3,0.1,0,0,0.2,0.1,0.1,0.2,0.2,0.1,-0.1,-0.2,0.1,0.1,-0.2,0.2,-0.2,-0.4,-0.5,-0.6,-0.7,-0.7,-0.7,-1,-1.1,0.1,-1.2,-1.4,-1.6,-1.5,-1.3,-1.5,-1.6,-1.7,-1.4,0.2,-1.7,-1.6,-1.6,-1.5,-1.6,-1.7,-1.6,-1.4,-1.4,0.2,-1.4,-1.3,-1.2,-1.3,-1.3,-1.1,-0.9,-1,-1,0.2,-0.5,-0.6,-0.6,-0.4,-0.4,-0.2,-0.2,-0.3,-0.2,0.2,-0.1,-0.1,0,0.1,0.1,-0.1,0.1,0.1,0.3,0.3,0.1,0.2,0.5,0.1,0.1,0.1,0.5,0.2,0.3,0.2,0.3,0.3,0.1,0,0.4,0.4,0.3,0.1
0.0000414,0.2,0.2,0.3,0.2,0.2,0.2,0.2,0.1,0,0.1,0.2,0.1,0,0,0.2,0.1,-0.2,-0.1,0,0.1,-0.2,0.1,-0.2,-0.3,-0.5,-0.6,-0.6,-0.7,-0.7,-0.9,-1.1,0.2,-1.1,-1.3,-1.5,-1.4,-1.3,-1.6,-1.7,-1.7,-1.3,0.2,-1.6,-1.7,-1.5,-1.4,-1.6,-1.7,-1.6,-1.3,-1.4,0.2,-1.3,-1.2,-1.2,-1.3,-1.2,-1.2,-0.9,-1,-0.8,0.2,-0.5,-0.6,-0.6,-0.5,-0.3,-0.1,-0.3,-0.3,-0.2,0.2,-0.1,-0.1,0,0.2,0,0,0,0.3,0.4,0.2,0.2,0.2,0.3,0.1,0.1,0.2,0.4,0.2,0.3,0.2,0.3,0.3,0.2,0,0.2,0.4,0.3,0.1
0.0000416,0.3,0.2,0.3,0.2,0.2,0.2,0.2,0.1,0,0,0.2,0.2,0,0,0.3,0.1,-0.1,-0.1,0,0.1,-0.1,0.2,-0.2,-0.4,-0.4,-0.7,-0.6,-0.7,-0.7,-1.1,-1.1,0.2,-1.1,-1.3,-1.5,-1.4,-1.3,-1.6,-1.7,-1.6,-1.3,0.2,-1.7,-1.6,-1.6,-1.4,-1.5,-1.7,-1.6,-1.4,-1.4,0.1,-1.3,-1.4,-1.3,-1.3,-1.3,-1.1,-0.9,-1,-1,0.1,-0.6,-0.5,-0.6,-0.5,-0.3,-0.2,-0.2,-0.3,-0.2,0.2,-0.1,0,0,0.1,0.1,0,0.1,0.2,0.4,0.2,0.2,0.4,0.3,0.2,0.1,0.2,0.5,0.2,0.2,0.2,0.2,0.3,0.1,0.1,0.2,0.4,0.3,0.1
0.0000418,0.2,0.2,0.2,0.1,0.1,0.3,0.3,0.1,0,0,0.2,0.2,0,0.2,0.3,0.2,-0.2,-0.1,0,0.1,-0.1,0.2,-0.2,-0.3,-0.5,-0.7,-0.6,-0.6,-0.7,-1,-1.1,0.1,-1.2,-1.3,-1.6,-1.4,-1.3,-1.5,-1.7,-1.6,-1.3,0.1,-1.7,-1.7,-1.6,-1.5,-1.5,-1.6,-1.5,-1.4,-1.4,0.1,-1.5,-1.3,-1.2,-1.2,-1.3,-1.1,-0.9,-0.9,-0.9,0.2,-0.5,-0.6,-0.6,-0.5,-0.3,-0.1,-0.2,-0.3,-0.2,0.3,-0.1,-0.1,0,0.1,0.1,0,0,0.1,0.3,0.2,0.2,0.3,0.4,0.2,0.1,0.3,0.4,0.3,0.3,0.3,0.2,0.3,0.2,0.1,0.2,0.4,0.3,0.1
0.000042,0.1,0.3,0.1,0,0.2,0.3,0.4,0.2,0.1,0.2,0.2,0.2,0.1,0.1,0.2,0.1,-0.1,-0.1,0,0.1,0,0.2,-0.3,-0.4,-0.6,-0.6,-0.6,-0.6,-0.8,-1,-1.2,0.2,-1.1,-1.4,-1.6,-1.4,-1.4,-1.4,-1.8,-1.7,-1.4,0.2,-1.8,-1.6,-1.5,-1.5,-1.6,-1.7,-1.6,-1.4,-1.4,0.2,-1.3,-1.4,-1.2,-1.3,-1.3,-1.1,-0.9,-0.9,-1,0.2,-0.6,-0.5,-0.6,-0.4,-0.3,-0.3,-0.3,-0.3,-0.2,0.2,-0.1,-0.2,0,0.2,0.2,0,0.1,0,0.3,0.1,0.1,0.3,0.3,0.1,0.1,0.2,0.4,0.2,0.2,0.2,0.3,0.3,0.2,0,0.2,0.3,0.3,0
0.0000422,0.2,0.2,0.1,0,0.2,0.4,0.3,0.2,0,0.2,0.2,0.2,0,0.1,0.3,0.1,-0.1,-0.1,0,0.1,0,0.2,-0.2,-0.3,-0.6,-0.7,-0.6,-0.6,-0.8,-0.9,-1.1,0.3,-1.2,-1.4,-1.5,-1.5,-1.3,-1.4,-1.7,-1.7,-1.4,0.2,-1.6,-1.6,-1.5,-1.5,-1.6,-1.7,-1.7,-1.4,-1.5,0.2,-1.4,-1.3,-1.3,-1.2,-1.4,-1.1,-0.9,-0.8,-1,0.1,-0.4,-0.6,-0.6,-0.5,-0.3,-0.2,-0.2,-0.3,-0.3,0.3,-0.1,-0.1,0,0.2,0.2,0,0,0,0.3,0.3,0.2,0.2,0.4,0.3,0,0.2,0.5,0.3,0.4,0.1,0.3,0.3,0.2,0,0.2,0.3,0.3,0
0.0000424,0.2,0.3,0,0.1,0.2,0.3,0.3,0.2,0,0.3,0.3,0.1,0.1,0.2,0.2,0.3,-0.1,-0.1,0,0.1,-0.1,0.1,-0.1,-0.3,-0.4,-0.7,-0.6,-0.6,-0.8,-1,-1.1,0.1,-1.2,-1.3,-1.5,-1.4,-1.3,-1.4,-1.7,-1.6,-1.4,0.2,-1.6,-1.6,-1.5,-1.5,-1.6,-1.6,-1.7,-1.5,-1.4,0.2,-1.4,-1.3,-1.2,-1.2,-1.3,-1.1,-1,-0.9,-1,0.1,-0.5,-0.5,-0.6,-0.5,-0.3,-0.3,-0.1,-0.3,-0.3,0.3,-0.1,0,0,0.2,0.1,0,0.1,0.1,0.4,0.2,0.1,0.2,0.3,0.2,0,0.2,0.5,0.2,0.3,0.2,0.4,0.3,0.2,0.1,0.2,0.4,0.3,0
0.0000426,0.2,0.4,0.1,0.1,0.1,0.4,0.3,0.2,0,0.3,0.2,0.1,0,0.2,0.2,0.1,-0.1,-0.2,0,0.1,0,0.2,-0.3,-0.3,-0.5,-0.7,-0.9,-0.6,-0.7,-1,-1.1,0.2,-1.3,-1.4,-1.5,-1.4,-1.4,-1.5,-1.7,-1.7,-1.5,0.2,-1.6,-1.6,-1.6,-1.5,-1.5,-1.6,-1.6,-1.5,-1.2,0.1,-1.3,-1.2,-1.2,-1.2,-1.3,-1.1,-0.9,-0.8,-1,0.2,-0.5,-0.5,-0.6,-0.4,-0.3,-0.2,-0.2,-0.3,-0.3,0.1,-0.1,0,0.1,0.2,0.1,0,0,0.1,0.3,0.2,0.1,0.2,0.3,0.3,0.1,0.1,0.6,0.3,0.3,0.2,0.3,0.4,0.2,0,0.2,0.3,0.2,0
0.0000428,0.2,0.3,0.1,0,0.2,0.3,0.2,0.1,0,0.2,0.3,0.1,0.1,0.1,0.2,0.1,-0.1,-0.2,0,0,-0.1,0.1,-0.3,-0.3,-0.5,-0.6,-0.7,-0.6,-0.7,-1,-1.2,0.2,-1.1,-1.4,-1.6,-1.3,-1.4,-1.4,-1.7,-1.6,-1.5,0.2,-1.7,-1.7,-1.6,-1.5,-1.6,-1.7,-1.6,-1.4,-1.2,0.1,-1.3,-1.3,-1.2,-1.3,-1.3,-1,-0.9,-0.8,-1,0.1,-0.5,-0.5,-0.5,-0.4,-0.3,-0.2,-0.3,-0.3,-0.4,0.2,-0.1,-0.1,0,0.2,0.2,0,0.1,0.1,0.3,0.2,0,0.3,0.3,0.3,0,0.1,0.4,0.3,0.3,0.2,0.3,0.4,0.2,0,0.2,0.3,0.2,0
0.000043,0.2,0.4,0.1,0,0.1,0.4,0.3,0.2,0,0.1,0.3,0.2,0,0.1,0.2,0.1,-0.1,-0.2,0,0,-0.2,0.1,-0.2,-0.3,-0.4,-0.6,-0.8,-0.6,-0.8,-1,-1.2,0.2,-1.2,-1.4,-1.6,-1.4,-1.4,-1.5,-1.7,-1.7,-1.4,0.1,-1.7,-1.6,-1.6,-1.4,-1.6,-1.7,-1.7,-1.5,-1.2,0.2,-1.3,-1.3,-1.2,-1.3,-1.3,-1,-0.9,-0.9,-0.9,0.1,-0.5,-0.6,-0.5,-0.4,-0.3,-0.2,-0.2,-0.3,-0.2,0.3,-0.1,-0.1,0,0.1,0.1,0,0.1,0.1,0.2,0.2,0,0.3,0.3,0.3,0.1,0.2,0.5,0.3,0.4,0.2,0.2,0.4,0.1,0,0.2,0.3,0.2,0
0.0000432,0.3,0.3,0.2,0,0.3,0.3,0.2,0.1,0,0.1,0.2,0.1,0.1,0.2,0.2,0.1,-0.2,-0.2,0,0.1,-0.2,0.2,-0.1,-0.2,-0.5,-0.7,-0.7,-0.7,-0.7,-1,-1.1,0.2,-1.2,-1.4,-1.5,-1.4,-1.4,-1.4,-1.7,-1.7,-1.4,0.1,-1.7,-1.5,-1.5,-1.4,-1.6,-1.6,-1.6,-1.5,-1.4,0.2,-1.3,-1.3,-1.2,-1.2,-1.3,-1.1,-0.9,-0.9,-1,0.1,-0.5,-0.6,-0.6,-0.4,-0.2,-0.3,-0.2,-0.2,-0.2,0.2,-0.1,-0.1,0,0.1,0.1,0,0,0,0.4,0.2,0,0.1,0.3,0.3,0.1,0.1,0.5,0.3,0.2,0.1,0.3,0.4,0.1,0,0.3,0.3,0.1,0.1
0.0000434,0.2,0.3,0.2,0,0.1,0.3,0.3,0.1,0,0.1,0.3,0.2,0.1,0.2,0.1,0,-0.2,-0.1,0.1,0.1,-0.2,0.1,-0.2,-0.3,-0.4,-0.7,-0.7,-0.7,-0.7,-1,-1.2,0.1,-1.1,-1.5,-1.6,-1.5,-1.3,-1.5,-1.7,-1.6,-1.3,0.2,-1.7,-1.6,-1.5,-1.5,-1.5,-1.7,-1.6,-1.4,-1.3,0.1,-1.3,-1.2,-1.1,-1.2,-1.2,-1.1,-0.9,-0.9,-1,0.2,-0.6,-0.4,-0.6,-0.4,-0.3,-0.2,-0.2,-0.3,-0.2,0.2,-0.1,-0.1,0,0.1,0.1,0,0.1,0.1,0.3,0.2,0,0.1,0.3,0.2,0,0.2,0.4,0.4,0.4,0.2,0.2,0.4,0.1,0.1,0.3,0.4,0.1,0.1
0.0000436,0.2,0.3,0.1,0,0.1,0.3,0.3,0.1,0,0,0.2,0.2,0.1,0.2,0.2,0.1,0,-0.1,0,0.1,-0.2,0.2,-0.2,-0.3,-0.4,-0.6,-0.6,-0.6,-0.7,-0.9,-1.1,0.2,-1.1,-1.3,-1.6,-1.5,-1.3,-1.5,-1.7,-1.7,-1.3,0.1,-1.7,-1.7,-1.5,-1.4,-1.5,-1.6,-1.7,-1.4,-1.4,0.2,-1.4,-1.3,-1.2,-1.2,-1.3,-1.1,-0.9,-0.9,-0.9,0.2,-0.5,-0.6,-0.5,-0.4,-0.3,-0.1,-0.3,-0.3,-0.2,0.2,-0.1,-0.1,0,0.2,0.1,0,0,0.1,0.3,0.2,0,0.1,0.4,0.3,0,0.2,0.4,0.3,0.3,0.2,0.2,0.3,0.1,0,0.2,0.3,0.2,0.1
0.0000438,0.2,0.3,0.2,0.2,0,0.2,0.3,0.1,0,0,0.3,0.2,0,0.1,0.3,0.1,-0.1,-0.1,0,0.1,-0.1,0.2,-0.3,-0.2,-0.4,-0.6,-0.6,-0.6,-0.6,-0.9,-1.1,0.2,-1.2,-1.3,-1.4,-1.4,-1.3,-1.5,-1.7,-1.7,-1.2,0.2,-1.6,-1.6,-1.5,-1.4,-1.5,-1.7,-1.6,-1.4,-1.4,0.2,-1.4,-1.2,-1.2,-1.3,-1.2,-1.1,-0.9,-0.9,-0.9,0.1,-0.5,-0.6,-0.5,-0.5,-0.4,-0.1,-0.2,-0.3,-0.3,0.1,-0.1,-0.1,0.1,0.1,0.1,0,0.1,0.2,0.4,0.1,0,0.2,0.4,0.2,0,0.2,0.6,0.3,0.3,0.1,0.2,0.4,0.2,0,0.1,0.3,0.2,0.1
0.000044,0.2,0.3,0.1,0.2,0.1,0.3,0.3,0,0.1,0.1,0.3,0.2,0.1,0.1,0.2,0.1,0,-0.1,0,0.1,-0.1,0.1,-0.3,-0.3,-0.4,-0.6,-0.7,-0.6,-0.7,-1,-1.1,0.2,-1.2,-1.3,-1.4,-1.4,-1.2,-1.5,-1.7,-1.7,-1.2,0.2,-1.6,-1.7,-1.5,-1.4,-1.5,-1.5,-1.6,-1.4,-1.4,0.2,-1.3,-1.3,-1.2,-1.3,-1,-1.1,-0.9,-0.9,-0.9,0.1,-0.5,-0.6,-0.4,-0.5,-0.3,-0.1,-0.3,-0.3,-0.1,0.1,0,-0.1,0,0.2,0.1,-0.1,0,0.1,0.4,0.2,0.1,0.2,0.4,0.2,0.1,0.2,0.5,0.2,0.3,0.2,0.3,0.3,0.1,-0.1,0.1,0.4,0.2,0
0.0000442,0.2,0.3,0.2,0.2,0.1,0.3,0.4,0.1,0,0.2,0.2,0.2,0,0.1,0.3,0.1,-0.1,-0.1,0,0.1,-0.2,0.2,-0.3,-0.3,-0.4,-0.6,-0.6,-0.6,-0.7,-1,-1,0.1,-1.2,-1.3,-1.4,-1.4,-1.2,-1.5,-1.7,-1.6,-1.3,0.2,-1.6,-1.6,-1.4,-1.5,-1.6,-1.7,-1.5,-1.3,-1.4,0.2,-1.3,-1.3,-1.2,-1.2,-1.1,-1.1,-0.8,-0.9,-0.9,0.1,-0.5,-0.6,-0.5,-0.5,-0.3,-0.2,-0.2,-0.3,-0.3,0.1,-0.1,0,0,0.2,0.1,0,0,0.1,0.4,0.2,0,0.2,0.4,0.1,0.1,0.1,0.4,0.4,0.3,0.2,0.2,0.3,0.1,0,0.1,0.3,0.2,0
0.0000444,0.1,0.4,0.1,0.2,0.1,0.3,0.3,0.1,0.1,0.2,0.3,0.2,0.1,0.1,0.2,0.1,-0.1,-0.1,0,0.1,-0.1,0.1,-0.2,-0.2,-0.4,-0.7,-0.7,-0.6,-0.7,-1,-1,0.2,-1.2,-1.3,-1.4,-1.5,-1.2,-1.5,-1.7,-1.7,-1.2,0.1,-1.7,-1.6,-1.4,-1.4,-1.6,-1.7,-1.5,-1.4,-1.4,0.2,-1.3,-1.2,-1.2,-1.2,-1.1,-1.1,-0.9,-0.9,-0.9,0.3,-0.4,-0.6,-0.5,-0.4,-0.4,-0.2,-0.2,-0.3,-0.2,0.2,0,0,0,0,0,0,0,0.1,0.3,0.2,0.1,0.3,0.3,0.2,0.2,0.3,0.5,0.4,0.3,0.2,0.3,0.2,0.2,0,0.1,0.4,0.2,-0.1
0.0000446,0.2,0.2,0.1,0.1,0.1,0.3,0.4,0.1,0.1,0.1,0.3,0.3,0.1,0.1,0.2,0.2,0,-0.1,0,0.1,-0.1,0.3,-0.3,-0.3,-0.4,-0.7,-0.7,-0.5,-0.7,-0.9,-1.1,0.1,-1.2,-1.4,-1.5,-1.4,-1.2,-1.5,-1.7,-1.6,-1.2,0.2,-1.6,-1.5,-1.5,-1.4,-1.6,-1.7,-1.5,-1.2,-1.4,0.2,-1.3,-1.3,-1.1,-1.2,-1.2,-1,-0.8,-0.9,-1,0.2,-0.4,-0.6,-0.6,-0.5,-0.4,-0.1,-0.1,-0.2,-0.2,0.1,-0.1,-0.1,0.1,0.2,0.1,0,0.1,0,0.3,0.1,0.2,0.1,0.4,0.2,0.2,0.2,0.4,0.2,0.2,0.2,0.2,0.2,0.2,0,0.2,0.4,0.2,0
0.0000448,0.2,0.3,0.1,0,0.2,0.4,0.4,0.2,0,0.2,0.2,0.2,-0.1,0.1,0.3,0.1,0,-0.1,0,0.1,0,0.1,0.3,-0.3,-0.5,-0.6,-0.7,-0.6,-0.7,-1,-1.1,0.2,-1.3,-1.4,-1.4,-1.5,-1.2,-1.4,-1.7,-1.6,-1.3,0.1,-1.6,-1.6,-1.5,-1.4,-1.6,-1.7,-1.6,-1.3,-1.4,0.1,-1.3,-1.3,-1.2,-1.2,-1.3,-1,-0.8,-1,-0.9,0.2,-0.5,-0.6,-0.6,-0.5,-0.3,-0.2,-0.2,-0.4,-0.1,0.1,-0.1,-0.1,0,0,0.1,0,0,0.1,0.4,0.2,0.2,0.3,0.3,0.3,0.1,0.2,0.5,0.3,0.3,0.1,0.3,0.3,0.2,0,0.2,0.4,0.2,-0.2
0.000045,0.2,0.4,0.1,0.1,0.2,0.3,0.3,0.1,0,0.1,0.2,0.2,0,0.1,0.3,0.2,0,-0.1,0.1,0.1,-0.1,0.1,0.3,-0.3,-0.5,-0.7,-0.6,-0.6,-0.7,-1,-1.1,0.3,-1.3,-1.4,-1.6,-1.4,-1.3,-1.4,-1.6,-1.6,-1.3,0.2,-1.6,-1.6,-1.6,-1.4,-1.5,-1.6,-1.7,-1.4,-1.3,0.2,-1.3,-1.3,-1.1,-1.2,-1.3,-1,-0.7,-0.8,-1.1,0.1,-0.5,-0.6,-0.5,-0.5,-0.3,-0.1,-0.3,-0.3,-0.3,0.2,0,-0.1,0.1,0.2,0.2,0.1,0.1,0,0.3,0.3,0.1,0.3,0.3,0.3,0.2,0.1,0.5,0.3,0.3,0.1,0.3,0.3,0.3,0.1,0.3,0.3,0.1,-0.1
0.0000452,0.3,0.3,0.2,0.1,0.1,0.3,0.3,0.1,0,0.1,0.3,0.2,0,0.1,0.2,0.2,-0.1,-0.1,-0.1,0.1,-0.1,0.2,0.3,-0.3,-0.5,-0.6,-0.7,-0.6,-0.8,-1,-1.1,0.1,-1.2,-1.5,-1.5,-1.5,-1.3,-1.3,-1.6,-1.6,-1.3,0.1,-1.6,-1.7,-1.5,-1.4,-1.5,-1.6,-1.6,-1.3,-1.3,0.1,-1.2,-1.2,-1.2,-1.2,-1.1,-1,-0.8,-0.9,-1,0.1,-0.4,-0.6,-0.6,-0.5,-0.3,-0.2,-0.3,-0.3,-0.2,0.2,-0.2,-0.1,0.1,0.2,0.2,-0.1,0,0.1,0.3,0.1,0.2,0.3,0.3,0.3,0,0.1,0.5,0.4,0.3,0.2,0.4,0.3,0.2,0.1,0.3,0.3,0.2,-0.1
0.0000454,0.3,0.3,0.1,0,0.2,0.3,0.3,0.1,0.1,0,0.3,0.1,0,0.1,0.2,0.2,-0.2,-0.1,0.1,0.1,0,0.1,0.3,-0.3,-0.5,-0.7,-0.7,-0.7,-0.7,-0.9,-1,0.3,-1.3,-1.4,-1.5,-1.4,-1.3,-1.4,-1.7,-1.7,-1.5,0.2,-1.7,-1.5,-1.5,-1.4,-1.6,-1.7,-1.6,-1.4,-1.3,0.2,-1.3,-1.3,-1.1,-1.2,-1.2,-1,-0.9,-0.9,-1,0.2,-0.5,-0.6,-0.5,-0.4,-0.3,-0.2,-0.3,-0.3,-0.1,0.1,-0.1,-0.1,0,0.1,0,0,0.1,0.2,0.2,0.1,0,0.3,0.2,0.3,0.1,0.1,0.6,0.3,0.2,0.3,0.4,0.4,0.2,0.1,0.3,0.3,0.1,-0.1
0.0000456,0.2,0.3,0.1,0,0.2,0.3,0.3,0.1,0,0.1,0.3,0.1,0,0.1,0.3,0.2,-0.2,0,0,0.1,-0.1,0.2,0.3,-0.2,-0.5,-0.6,-0.7,-0.8,-0.6,-1.1,-1.1,0.2,-1.1,-1.4,-1.5,-1.4,-1.3,-1.3,-1.7,-1.6,-1.4,0.1,-1.7,-1.6,-1.6,-1.4,-1.5,-1.6,-1.6,-1.4,-1.4,0.2,-1.3,-1.2,-1.2,-1.3,-1.1,-1,-0.8,-0.9,-0.9,0.2,-0.4,-0.5,-0.4,-0.5,-0.3,-0.2,-0.2,-0.3,-0.3,0.2,0,-0.1,0,0.1,0.2,0,0,0.1,0.3,0.2,0.1,0.2,0.3,0.2,0,0.2,0.5,0.3,0.2,0.2,0.3,0.4,0.2,0.1,0.3,0.3,0.2,-0.1
0.0000458,0.2,0.3,0.1,0,0.1,0.3,0.3,0.1,0.1,0,0.3,0.1,0,0.1,0.3,0.2,-0.3,-0.2,-0.1,0.1,-0.1,0.1,0.3,-0.3,-0.5,-0.6,-0.7,-0.6,-0.7,-1.1,-1,0.2,-1.1,-1.3,-1.5,-1.4,-1.3,-1.3,-1.6,-1.6,-1.4,0.1,-1.6,-1.5,-1.5,-1.3,-1.5,-1.7,-1.5,-1.3,-1.3,0.2,-1.3,-1.2,-1.2,-1.2,-1.1,-1,-0.8,-0.9,-0.9,0.2,-0.4,-0.6,-0.6,-0.5,-0.3,-0.1,-0.2,-0.4,-0.3,0.1,0,-0.1,0,0.1,0.1,0,-0.1,0.1,0.4,0.1,0.1,0.2,0.3,0.2,0,0.1,0.4,0.2,0.3,0.2,0.4,0.4,0.1,0,0.3,0.3,0.2,-0.1
0.000046,0.1,0.3,0.1,0,0.2,0.3,0.3,0.1,0.1,0.1,0.2,0.1,0,0.1,0.3,0.3,-0.1,-0.2,0,0,-0.1,0.2,0.3,-0.3,-0.4,-0.7,-0.7,-0.7,-0.6,-1,-1.1,0.2,-1.1,-1.4,-1.5,-1.4,-1.3,-1.3,-1.6,-1.7,-1.4,0.2,-1.7,-1.6,-1.5,-1.4,-1.4,-1.6,-1.6,-1.3,-1.3,0.1,-1.2,-1.1,-1.2,-1.2,-1.1,-1,-0.7,-0.9,-1,0.2,-0.4,-0.6,-0.5,-0.5,-0.3,-0.1,-0.3,-0.3,-0.2,0.2,-0.1,-0.1,0,0.1,0,0,0.1,0.1,0.3,0.1,0,0.1,0.3,0.1,0,0.1,0.5,0.3,0.3,0.2,0.2,0.4,0.2,0.1,0.2,0.3,0.2,-0.1
0.0000462,0.1,0.3,0,0.1,0.1,0.3,0.3,0.1,0,0.1,0.2,0.1,0.1,0.1,0.2,0.2,-0.1,-0.1,-0.1,0.1,-0.1,0.2,0.3,-0.3,-0.4,-0.7,-0.7,-0.6,-0.7,-1,-1.1,0.2,-1.2,-1.3,-1.5,-1.4,-1.3,-1.4,-1.7,-1.6,-1.4,0.2,-1.7,-1.5,-1.6,-1.4,-1.5,-1.7,-1.7,-1.3,-1.3,0.2,-1.2,-1.2,-1.3,-1.2,-1,-1,-0.9,-0.9,-0.8,0.2,-0.5,-0.6,-0.4,-0.5,-0.3,-0.2,-0.3,-0.3,-0.2,0.2,0,-0.1,-0.2,0.1,0.1,0,0.1,0.1,0.3,0.2,0,0.1,0.2,0.1,0,0.2,0.5,0.3,0.2,0.1,0.3,0.3,0.1,-0.1,0.2,0.3,0.2,-0.1
0.0000464,0.1,0.2,0.1,0.1,0.2,0.3,0.3,0.1,0,0.1,0.1,0.1,-0.1,0.1,0.2,0.1,0,-0.2,0.1,0,0,0.3,0.3,-0.1,-0.4,-0.6,-0.7,-0.6,-0.7,-0.9,-1,0.1,-1.1,-1.3,-1.5,-1.4,-1.2,-1.4,-1.6,-1.6,-1.3,0.2,-1.7,-1.5,-1.5,-1.5,-1.5,-1.7,-1.5,-1.4,-1.3,0.2,-1.3,-1.2,-1.2,-1.2,-1,-1,-0.8,-0.8,-0.9,0.2,-0.5,-0.6,-0.5,-0.5,-0.3,-0.2,-0.2,-0.3,-0.2,0.2,-0.1,0,-0.1,0.1,0.1,-0.1,0.1,0.1,0.3,0.3,0,0.2,0.4,0,0,0.1,0.4,0.3,0.2,0.1,0.3,0.2,0.1,0,0.1,0.3,0.1,0
0.0000466,0.2,0.3,0.1,0.2,0.2,0.3,0.3,0.1,0,0.2,0.1,0.1,0.1,0.1,0.3,0.2,-0.1,-0.2,0,0.1,-0.1,0.2,0.3,-0.2,-0.5,-0.6,-0.7,-0.6,-0.7,-0.8,-1,0.2,-1.1,-1.4,-1.5,-1.4,-1.2,-1.4,-1.7,-1.6,-1.3,0.2,-1.7,-1.6,-1.5,-1.3,-1.5,-1.6,-1.6,-1.3,-1.3,0.3,-1.2,-1.1,-1.3,-1.1,-1,-1.1,-0.7,-0.9,-0.9,0.1,-0.4,-0.5,-0.5,-0.5,-0.3,-0.1,-0.3,-0.2,-0.3,0.2,0,-0.1,-0.1,0.1,0.1,-0.1,0.1,0.2,0.4,0.2,0,0.2,0.2,0.2,0.1,0.2,0.5,0.3,0.2,0.2,0.3,0.2,0.1,0,0.1,0.2,0.2,0
0.0000468,0.2,0.2,0.2,0.1,0.1,0.3,0.3,0.1,0,0.2,0.1,0.2,0,0.1,0.3,0.1,-0.1,-0.2,0,0.1,-0.1,0.2,0.3,-0.2,-0.5,-0.7,-0.7,-0.6,-0.7,-0.8,-1,0.1,-1.2,-1.3,-1.4,-1.4,-1.3,-1.5,-1.7,-1.5,-1.3,0.2,-1.6,-1.6,-1.5,-1.3,-1.5,-1.6,-1.5,-1.4,-1.3,0.1,-1.2,-1.2,-1.3,-1.2,-1,-1.1,-0.8,-0.9,-0.9,0.2,-0.4,-0.5,-0.5,-0.4,-0.3,-0.1,-0.2,-0.2,-0.2,0.2,-0.2,-0.1,-0.1,0.2,0,-0.1,0,0.2,0.4,0.2,-0.1,0.2,0.4,0.1,0.1,0.1,0.4,0.4,0.3,0.2,0.3,0.3,0.1,0.1,0.1,0.4,0.2,0
0.000047,0.2,0.2,0.1,0.1,0.2,0.3,0.3,0.1,0.1,0.2,0.2,0.2,0.1,0.1,0.4,0.1,0,-0.1,0,0.1,-0.1,0.1,0.2,-0.2,-0.5,-0.6,-0.6,-0.6,-0.7,-0.8,-1,0.2,-1.1,-1.2,-1.4,-1.3,-1.2,-1.5,-1.7,-1.7,-1.5,0.2,-1.7,-1.5,-1.5,-1.3,-1.5,-1.6,-1.5,-1.3,-1.3,0.2,-1.2,-1.2,-1.2,-1.2,-1,-1,-0.9,-0.9,-1,0.2,-0.5,-0.6,-0.5,-0.5,-0.3,-0.1,-0.2,-0.2,-0.2,0.2,-0.1,-0.1,0,0.1,0,0,0,0.1,0.5,0.2,0.1,0.2,0.4,0.2,0.2,0.1,0.4,0.3,0.2,0.2,0.3,0.3,0.2,0.1,0,0.3,0.2,0
0.0000472,0.2,0.3,0.1,0.1,0.2,0.3,0.4,0.1,0,0.2,0.1,0.2,0,0.1,0.2,0.1,0,-0.1,0,0,-0.1,0.2,0.3,-0.2,-0.5,-0.6,-0.5,-0.6,-0.7,-0.9,-1,0.2,-1.1,-1.4,-1.4,-1.4,-1.2,-1.5,-1.5,-1.6,-1.4,0.2,-1.6,-1.6,-1.5,-1.3,-1.5,-1.6,-1.5,-1.3,-1.3,0.2,-1.2,-1.1,-1.2,-1.1,-1,-0.9,-0.8,-0.9,-0.9,0.2,-0.5,-0.6,-0.5,-0.4,-0.2,-0.2,-0.3,-0.3,-0.2,0.1,0,-0.1,0,0,0.1,-0.1,0,0.2,0.5,0.1,0,0.2,0.4,0.2,0.2,0.1,0.4,0.3,0.3,0.1,0.5,0.3,0.2,0,0.1,0.3,0.2,0
0.0000474,0.2,0.3,0.2,0.1,0.1,0.3,0.3,0.1,0.1,0.2,0.2,0.2,0,0,0.2,0.1,0,-0.1,0,0.1,0,0.2,0.4,-0.4,-0.5,-0.7,-0.6,-0.6,-0.8,-0.9,-1.1,0.2,-1.2,-1.3,-1.5,-1.3,-1.2,-1.4,-1.6,-1.7,-1.4,0.2,-1.6,-1.6,-1.4,-1.3,-1.5,-1.6,-1.5,-1.2,-1.3,0.3,-1.2,-1.3,-1.2,-1.1,-1,-1,-0.8,-0.9,-0.9,0.3,-0.5,-0.6,-0.5,-0.5,-0.3,-0.1,-0.2,-0.4,-0.1,0.1,0,0,0.1,0.1,0,-0.1,0,0.1,0.4,0.2,0.1,0.3,0.4,0.2,0.1,0.1,0.4,0.2,0.2,0.2,0.4,0.2,0.1,0,0.1,0.3,0.2,0
0.0000476,0.2,0.4,0.2,0,0.2,0.2,0.3,0.2,0.1,0.2,0.2,0.3,0,0.1,0.4,0.1,-0.1,-0.1,0,0,0,0.2,0.4,-0.3,-0.5,-0.7,-0.6,-0.5,-0.8,-1,-1,0.2,-1.2,-1.3,-1.4,-1.4,-1.2,-1.4,-1.5,-1.7,-1.4,0.2,-1.6,-1.6,-1.5,-1.4,-1.5,-1.6,-1.5,-1.3,-1.3,0.2,-1.1,-1.3,-1.2,-1.3,-1.1,-1,-0.7,-0.9,-1,0.2,-0.5,-0.7,-0.5,-0.5,-0.3,-0.1,-0.2,-0.3,-0.1,0.3,-0.1,-0.1,0.1,0.1,0.1,0,0,0.2,0.3,0.4,0.2,0.3,0.4,0.2,0,0.2,0.5,0.3,0.2,0.3,0.4,0.4,0.2,0.1,0.2,0.4,0.1,-0.2
0.0000478,0.2,0.2,0.2,0.1,0.1,0.3,0.3,0.2,0,0.2,0.2,0.1,0,0,0.3,0.2,-0.1,-0.1,0.1,0,-0.1,0.2,0.3,-0.3,-0.4,-0.7,-0.7,-0.6,-0.7,-0.9,-1,0.3,-1.1,-1.3,-1.5,-1.4,-1.2,-1.4,-1.6,-1.6,-1.4,0.1,-1.6,-1.5,-1.5,-1.3,-1.5,-1.6,-1.6,-1.4,-1.2,0.1,-1.3,-1.1,-1.1,-1.2,-1.1,-1,-0.9,-0.9,-0.9,0.2,-0.5,-0.7,-0.5,-0.4,-0.3,-0.2,-0.2,-0.3,-0.2,0.4,0,0,0.1,0.1,0,0,-0.1,0.2,0.3,0.6,0.1,0.3,0.4,0.2,0,0.2,0.5,0.3,0.3,0.4,0.2,0.3,0.2,0,0.2,0.4,0.1,0
0.000048,0.2,0.3,0.1,0.1,0.3,0.3,0.4,0.1,0,0.2,0.3,0.2,0,0.1,0.2,0.2,-0.1,-0.1,0,0.1,-0.1,0.2,0.3,-0.3,-0.4,-0.6,-0.7,-0.6,-0.6,-1,-1,0.4,-1.2,-1.3,-1.4,-1.4,-1.2,-1.4,-1.6,-1.6,0.2,0.1,-1.6,-1.5,-1.5,-1.5,-1.4,-1.7,-1.5,-1.4,-1.3,0.2,-1.3,-1.2,-1.1,-1.3,-1,-1,0.3,-0.9,-0.9,0.2,-0.5,-0.6,-0.5,-0.5,-0.3,-0.2,-0.2,-0.4,-0.1,1.2,0.2,0,-0.1,0.1,0.1,0,0,0.1,0.3,2.7,0.1,0.3,0.3,0.2,0.1,0.2,0.5,0.4,0.2,1.4,0.3,0.3,0.2,0,0.2,0.4,0.2,-0.1
0.0000482,0.3,0.3,0.1,-0.1,0.2,0.4,0.3,0.1,0,0.1,0.2,0.3,0,0.1,0.3,0.3,-0.1,-0.1,0.1,0.1,0,0.2,0.4,-0.3,-0.4,-0.7,-0.7,-0.6,-0.6,-1,-1.1,1.4,-1.2,-1.4,-1.4,-1.3,-1.2,-1.4,-1.6,-1.6,0.2,0.2,-1.6,-1.6,-1.5,-1.5,-1.5,-1.6,-1.5,-1.4,-1.2,0.1,-1.2,-1.2,-1.2,-1.1,-1.2,-1.1,0.4,-0.9,-0.9,0.2,-0.4,-0.5,-0.4,-0.4,-0.3,-0.2,-0.2,-0.4,-0.2,3.4,0.2,0,-0.1,0.1,0.1,0,0,0.1,0.3,5.1,0,0.3,0.3,0.2,0,0.2,0.5,0.3,0.2,3.6,0.3,0.3,0.1,0,0.2,0.3,0.1,-0.1
0.0000484,0.2,0.2,0.2,0.1,0.3,0.2,0.3,0.1,0.2,0.2,0.2,0.4,0,0.2,0.3,0.4,0,-0.1,0,0,-0.2,0.2,0.4,-0.3,-0.4,-0.7,-0.8,-0.5,-0.6,-1,-1,3.7,-1.1,-1.4,-1.4,-1.3,-1.2,-1.3,-1.6,-1.6,0.3,0.4,-1.6,-1.5,-1.5,-1.4,-1.3,-1.6,-1.6,-1.4,-1.3,0.1,-1.2,-1.2,-1.2,-1.2,-1.1,-1.1,0.5,-0.9,-1,0.1,-0.4,-0.6,-0.5,-0.4,-0.3,-0.2,-0.3,-0.4,-0.3,5.9,0.2,0,0,0.1,0.1,0.1,0,0,0.2,7.41,0,0.2,0.3,0.1,0,0.2,0.6,0.3,0.2,6.03,0.2,0.3,0.1,0.2,0.2,0.3,0.1,-0.1
0.0000486,0.2,0.3,0.1,0,0.3,0.3,0.3,0.1,0.1,0.1,0.2,1.9,0,0,0.2,0.3,-0.2,-0.1,0.1,0.1,0,0.2,0.2,-0.2,-0.4,-0.7,-0.7,-0.5,-0.6,-1,-1,6.08,-1.1,-1.4,-1.5,-1.3,-1.2,-1.3,-1.6,-1.6,0.3,0.6,-1.5,-1.5,-1.5,-1.4,-1.3,-1.6,-1.5,-1.4,-1.3,0.2,-1.3,-1.2,-1.2,-1.2,-1.1,-1,0.5,-0.8,-0.9,0.1,-0.4,-0.5,-0.5,-0.5,-0.3,-0.1,-0.2,-0.3,-0.1,7.91,0.3,0,0,0.2,0.1,0.1,0,0.1,0.3,7.16,0,0.3,0.2,0.2,0,0.1,0.5,0.4,0.2,7.81,0.3,0.3,0.1,0,0.2,0.2,0.1,-0.2
0.0000488,0.2,0.3,0.1,0.1,0.2,0.2,0.3,0.1,0.2,0.2,0.1,4.3,0,0.2,0.2,0.4,-0.1,-0.2,0.1,0,-0.1,0.3,0.3,-0.2,-0.4,-0.7,-0.6,-0.6,-0.6,-0.9,-1,7.91,-1.1,-1.2,-1.5,-1.3,-1.2,-1.4,-1.7,-1.6,0.3,2.6,-1.6,-1.4,-1.5,-1.4,-1.5,-1.6,-1.5,-1.4,-1.2,0.3,-1.2,-1.2,-1.1,-1.1,-1.2,-1.1,0.4,-0.8,-0.9,0.2,-0.4,-0.4,-0.5,-0.4,-0.3,-0.1,-0.2,-0.4,-0.2,6.22,0.2,0,0,0.1,0.1,0,0.1,0.1,0.2,3.96,-0.1,0.2,0.4,0.2,0,0.1,0.4,0.5,0.2,6.06,0.2,0.3,0.1,0.1,0.1,0.3,0,-0.2
0.000049,0.2,0.3,0.2,0,0.2,0.3,0.3,0,0.2,0.2,0.2,6.66,0,0.1,0.3,0.2,0,0,0.1,0,0,0.4,0.3,-0.2,-0.5,-0.7,-0.8,-0.6,-0.6,-0.9,-1,5.82,-1.1,-1.2,-1.5,-1.4,-1.2,-1.3,-1.6,-1.6,0.3,5,-1.5,-1.4,-1.3,-1.4,-1.4,-1.7,-1.5,-1.3,-1.3,0.4,-1.2,-1.2,-1.2,-1.2,-1.2,-1,0.5,-0.8,-1,0.3,-0.4,-0.5,-0.4,-0.4,-0.3,-0.1,-0.3,-0.3,-0.1,2.96,0.3,0,0,0.3,0.1,0,0,0,0.4,0.61,0.1,0.3,0.2,0.2,0.1,0.2,0.5,0.3,0.3,2.72,0.2,0.3,0.2,0,0.1,0.4,0.1,-0.2
0.0000492,0.1,0.4,0.2,0.2,0.2,0.3,0.3,0.1,0.1,0.2,0.1,7.86,0,0.1,0.3,0.2,-0.1,-0.1,0,0,0,0.9,0.3,-0.1,-0.4,-0.7,-0.7,-0.5,-0.6,-0.7,-1.1,2.62,-1.1,-1.2,-1.4,-1.3,-1.2,-1.4,-1.5,-1.6,0.3,7.28,-1.5,-1.5,-1.5,-1.3,-1.4,-1.6,-1.5,-1.2,-1.3,1.7,-1.1,-1.2,-1,-1.2,-1.2,-1.1,0.4,-0.9,-1,0.3,-0.5,-0.5,-0.5,-0.5,-0.3,-0.3,-0.3,-0.3,-0.2,-0.04,0.2,0,0.1,0.2,0.1,-0.1,0,0.1,0.3,0.05,0,0.2,0.3,0.1,0,0.2,0.5,0.4,0.1,-0.08,0.4,0.3,0.1,0.1,0.1,0.3,0.1,-0.1
0.0000494,0.2,0.3,0.2,0.1,0.3,0.2,0.4,0.1,0.1,0.2,0.1,5.16,0,0.2,0.3,0.2,-0.1,-0.1,0.1,0.1,-0.1,3.1,0.3,-0.3,-0.4,-0.6,-0.6,-0.6,-0.7,-0.8,-1,-0.04,-1.1,-1.2,-1.4,-1.4,-1.2,-1.3,-1.5,-1.5,0.3,7.41,-1.5,-1.5,-1.5,-1.3,-1.4,-1.6,-1.5,-1.2,-1.2,4,-1.2,-1.2,-1.1,-1.2,-1.1,-1.1,0.4,-0.8,-1,1.5,-0.5,-0.5,-0.5,-0.4,-0.2,-0.2,-0.2,-0.2,-0.2,0.13,0.2,-0.1,0.2,0.2,0.1,-0.1,0,0.2,0.4,0.18,0.1,0.2,0.3,0.1,0.1,0.2,0.4,0.4,0.2,0.09,0.3,0.3,0.2,0.1,0.1,0.3,0.1,-0.1
0.0000496,0.2,0.3,0.2,0.1,0.2,0.3,0.4,-0.1,0.1,0.2,0.1,1.82,0.1,0.1,0.2,0.1,-0.1,-0.1,0.1,0.1,-0.1,5.5,0.2,-0.1,-0.4,-0.6,-0.6,-0.6,-0.6,-0.8,-1,0.09,-1.2,-1.3,-1.4,-1.4,-1.2,-1.5,-1.5,-1.6,0.2,4.12,-1.5,-1.5,-1.5,-1.3,-1.4,-1.7,-1.6,-1.2,-1.3,6.39,-1.3,-1.2,-1.2,-1.3,-1.1,-1,0.4,-0.8,-0.9,3.7,-0.5,-0.5,-0.5,-0.5,-0.3,-0.2,-0.2,-0.2,-0.1,0.18,0.2,0,0.1,0.1,0.1,0,0,0.1,0.4,0.18,0.1,0.2,0.4,0.2,0.1,0.2,0.5,0.4,0.2,0.14,0.3,0.3,0.2,0.2,0.1,0.4,0.1,-0.1
0.0000498,0.2,0.2,0.2,-0.1,0.3,0.3,0.3,0.1,0,0.1,0.3,0.09,0.1,0.1,0.3,0.1,-0.1,-0.1,0.1,0,0,7.67,0.2,-0.3,-0.5,-0.7,-0.5,-0.6,-0.6,-0.9,-1,0.18,-1.1,-1.4,-1.4,-1.4,-1.2,-1.4,-1.5,-1.6,0.2,0.83,-1.5,-1.5,-1.5,-1.3,-1.4,-1.6,-1.5,-1.2,-1.2,7.82,-1.2,-1.2,-1.2,-1.1,-1.1,-1.1,0.4,-0.8,-0.9,6.12,-0.4,-0.6,-0.6,-0.4,-0.2,-0.2,-0.2,-0.2,-0.3,0.13,0.3,0,0.2,0.1,0.1,-0.1,0,0.1,0.5,0.09,0,0.3,0.4,0.2,0.1,0.2,0.5,0.4,0.2,0.09,0.3,0.3,0.1,0.1,0.1,0.3,0.1,-0.1
0.00005,0.2,0.4,0.2,0.1,0.2,0.3,0.3,0,0.1,0.2,0.3,0.05,0.1,0,0.3,0.1,-0.1,-0.1,0.1,0,-0.2,6.66,0.3,-0.3,-0.5,-0.7,-0.6,-0.6,-0.6,-1,-1,0.09,-1.1,-1.4,-1.3,-1.4,-1.2,-1.4,-1.6,-1.6,0.2,0.09,-1.6,-1.5,-1.5,-1.3,-1.3,-1.6,-1.5,-1.2,-1.3,5.42,-1.2,-1.2,-1.2,-1.2,-1.1,-1.1,0.4,-0.9,-1,7.86,-0.4,-0.6,-0.5,-0.4,-0.3,-0.1,-0.3,-0.2,-0.2,0.09,0.2,0,0.1,0,0.1,-0.1,0,0,0.4,0.18,0,0.2,0.4,0.1,0.1,0.2,0.6,0.4,0.3,0.18,0.2,0.4,0.1,0.2,0.2,0.3,0.1,-0.1
0.0000502,0.2,0.4,0.2,0,0.2,0.4,0.3,0,0,0.1,0.2,0.09,0.1,0.1,0.2,0.1,0,-0.1,0.1,0,0,3.42,0.3,-0.2,-0.4,-0.7,-0.7,-0.6,-0.6,-1,-1,0.18,-1,-1.4,-1.3,-1.4,-1.2,-1.4,-1.6,-1.6,0.2,0.09,-1.5,-1.5,-1.5,-1.4,-1.4,-1.6,-1.5,-1.2,-1.3,2.12,-1.3,-1.2,-1,-1.2,-1.1,-1,0.4,-0.9,-0.9,5.86,-0.4,-0.6,-0.5,-0.5,-0.3,-0.2,-0.2,-0.3,-0.2,0.18,0.2,0,0.2,0.1,0.1,0,0,0.1,0.3,0.14,0,0.1,0.3,0.2,0,0.1,0.5,0.4,0.3,0.09,0.3,0.3,0.1,0.2,0.2,0.2,0.1,0
0.0000504,0.2,0.3,0.2,0.1,0.3,0.4,0.3,0.2,0.1,0.2,0.2,0.14,0,0.1,0.2,0.1,-0.1,-0.2,0,0,-0.1,0.18,0.2,-0.2,-0.5,-0.7,-0.7,-0.6,-0.6,-1,-1,0.14,-1.1,-1.2,-1.3,-1.3,-1.2,-1.4,-1.6,-1.6,0.1,0.09,-1.6,-1.5,-1.5,-1.3,-1.3,-1.6,-1.5,-1.2,-1.2,0.05,-1.2,-1.2,-1.1,-1.1,-1.1,-1.1,0.4,-0.8,-0.9,2.56,-0.4,-0.5,-0.5,-0.4,-0.3,-0.1,-0.2,-0.3,-0.2,0.18,0.3,0,0.1,0.1,0.1,-0.1,0,0.1,0.4,0.14,-0.1,0.2,0.4,0.2,0.1,0.2,0.4,0.3,0.2,0.09,0.2,0.3,0.1,0.1,0.2,0.3,0,-0.1
0.0000506,0.1,0.4,0.2,0,0.3,0.4,0.3,0.1,0.1,0.2,0.2,0.18,0,0.1,0.3,0.2,0,0,0,0,0,0.13,0.3,-0.2,-0.5,-0.7,-0.7,-0.6,-0.6,-1,-1,0.18,-1,-1.2,-1.3,-1.3,-1.2,-1.4,-1.6,-1.6,0.1,0.09,-1.5,-1.5,-1.3,-1.5,-1.3,-1.7,-1.5,-1.2,-1.3,0.04,-1.2,-1.2,-1.1,-1.2,-1.2,-1,0.4,-0.8,-1,-0.04,-0.4,-0.5,-0.5,-0.4,-0.3,-0.1,-0.3,-0.3,-0.1,0.13,0.2,0,0,0.1,0.1,0,0,0,0.4,0.13,0.1,0.2,0.4,0.2,0.1,0.2,0.5,0.3,0.2,0.13,0.2,0.3,0.2,0.1,0.2,0.4,0.1,-0.1
0.0000508,0.2,0.3,0.1,0.2,0.3,0.4,0.3,0,0,0.2,0.2,0.22,0,0.1,0.3,0.2,-0.1,-0.1,0.1,0,0,0.09,0.3,-0.2,-0.4,-0.7,-0.6,-0.5,-0.6,-1,-1,0.13,-1,-1.2,-1.4,-1.3,-1.2,-1.3,-1.5,-1.6,0.2,0.18,-1.5,-1.5,-1.5,-1.4,-1.2,-1.6,-1.4,-1.3,-1.3,0.13,-1.1,-1.2,-1.1,-1.2,-1.1,-1.1,0.4,-0.9,-1,0.09,-0.5,-0.5,-0.4,-0.5,-0.3,-0.2,-0.3,-0.4,0,0.05,0.3,0,0.1,0,0.1,0,0,0.1,0.3,0.13,0,0.3,0.3,0.1,0,0,0.5,0.3,0.2,0.09,0.4,0.3,0.1,0.1,0.2,0.3,0.1,-0.1
0.000051,0.2,0.2,0.2,0.1,0.3,0.3,0.4,0,0.1,0.2,0.2,0.18,-0.2,0.1,0.3,0.2,0,-0.1,0,0,-0.1,0.09,0.4,-0.2,-0.4,-0.6,-0.6,-0.6,-0.7,-0.9,-1.1,0.09,-1.1,-1.2,-1.5,-1.2,-1.2,-1.4,-1.5,-1.5,0.2,0.13,-1.5,-1.5,-1.5,-1.4,-1.3,-1.6,-1.4,-1.3,-1.2,0.14,-1.2,-1.2,-1.1,-1.2,-1.1,-1.1,0.4,-0.9,-1,0.13,-0.5,-0.4,-0.5,-0.4,-0.3,-0.2,-0.2,-0.3,0,0.09,0.3,-0.1,0.1,0.2,0.1,-0.1,0.1,0.2,0.3,0.13,0.1,0.2,0.4,0.1,0.1,0.2,0.4,0.3,0.1,0.09,0.3,0.4,0.2,0.2,0.2,0.3,0.1,-0.2
0.0000512,0.1,0.4,0.3,0.1,0.3,0.5,0.4,0.2,0.1,0.3,0.3,0.14,0.1,0.2,0.3,0.3,0,0.1,0.2,0.4,0.1,0.09,0.4,0.3,0.2,0.2,0.2,0.4,0.2,0.2,0.1,0.09,0.4,0.1,0.1,0.3,0.3,0.3,0,0.2,0.3,0.13,0.2,0.2,0.3,0.4,0.3,0.1,0.3,0.4,0.4,0.18,0.2,0.5,0.3,0.2,0.2,0.3,0.5,0.3,0.2,0.18,0.3,0.3,0.1,0.2,0.3,0.3,0.1,0.1,0.1,0.18,0.3,0.1,0.1,0.3,0.2,0.2,0.1,0.2,0.3,0.14,0.1,0.3,0.4,0.2,0.2,0.2,0.3,0.4,0.3,0.09,0.3,0.4,0.2,0.2,0.1,0.2,0,-0.1
0.0000514,0.2,0.5,0.3,0.1,0.3,0.5,0.4,0.2,0.1,0.2,0.3,0.09,0.1,0.3,0.2,0.2,0.1,0.1,0.2,0.4,0.3,0.22,0.2,0.3,0.2,0.2,0.2,0.3,0.3,0.2,0.1,0.14,0.3,0.1,0.1,0.3,0.3,0.3,0.1,0.2,0.3,0.14,0.1,0.2,0.3,0.4,0.3,0.2,0.2,0.4,0.4,0.09,0.3,0.4,0.4,0.2,0.1,0.3,0.4,0.3,0.2,0.14,0.4,0.2,0.2,0.1,0.3,0.4,0.1,0.2,0.1,0.13,0.3,0.1,0.2,0.3,0.2,0.2,0.1,0.1,0.4,0.18,0.1,0.2,0.5,0.1,0.2,0.3,0.3,0.5,0.3,0.13,0.3,0.4,0.2,0.1,0.2,0.2,0.1,-0.1
0.0000516,0.3,0.4,0.1,0.1,0.3,0.5,0.3,0.2,0.1,0.3,0.3,0.09,0.1,0.3,0.3,0.3,0,0.2,0.3,0.4,0.3,0.18,0.3,0.3,0.2,0.1,0.1,0.2,0.3,0.2,0.1,0.18,0.5,0.1,0.1,0.4,0.3,0.2,0.2,0.1,0.4,0.09,0.1,0.2,0.2,0.4,0.3,0.2,0.1,0.4,0.4,0.09,0.2,0.3,0.3,0.2,0.1,0.3,0.4,0.4,0.1,0.14,0.4,0.3,0.1,0.2,0.3,0.5,0.1,0.2,0,0.18,0.3,0.2,0.2,0.5,0.3,0.1,0.2,0.2,0.3,0.09,0.1,0.3,0.4,0.2,0.3,0.2,0.4,0.4,0.3,0.05,0.3,0.4,0.3,0.1,0.1,0.2,0.1,-0.1
0.0000518,0.3,0.4,0.1,0.1,0.3,0.5,0.3,0.2,0.2,0.3,0.3,0.13,0.1,0.3,0.3,0.3,0.1,0.2,0.3,0.4,0.4,0.09,0.4,0.3,0.3,0.1,0.1,0.3,0.4,0.4,0.2,0.09,0.3,0.1,0.1,0.3,0.4,0.3,0.2,0.2,0.3,0.13,0.1,0.2,0.3,0.4,0.3,0.1,0.2,0.4,0.4,0.18,0.2,0.4,0.3,0.2,0.1,0.3,0.5,0.4,0.2,0.18,0.4,0.3,0.2,0.1,0.4,0.5,0.2,0.1,0.1,0.13,0.3,0.2,0.2,0.3,0.3,0.1,0.2,0.2,0.4,0.18,0.1,0.3,0.4,0.2,0.2,0.2,0.4,0.5,0.2,0.13,0.3,0.3,0.2,0.1,0.2,0.2,0.1,-0.2
0.000052,0.3,0.5,0.2,0.1,0.3,0.5,0.3,0.2,0.2,0.3,0.3,0.14,0.1,0.3,0.4,0.3,0,0.2,0.3,0.4,0.3,0.13,0.3,0.2,0.1,0.2,0.2,0.4,0.2,0.3,0.2,0.13,0.4,0.1,0.1,0.3,0.4,0.2,0.1,0.2,0.2,0.18,0.1,0.3,0.2,0.5,0.3,0.2,0.1,0.4,0.4,0.13,0.2,0.3,0.4,0.2,0.1,0.3,0.5,0.4,0.2,0.09,0.4,0.2,0,0,0.3,0.4,0.2,0.1,0,0.18,0.3,0.2,0.1,0.4,0.3,0.1,0.3,0.2,0.5,0.13,0.1,0.3,0.4,0.3,0.2,0.2,0.4,0.3,0.3,0.14,0.3,0.4,0.3,0.2,0.2,0.2,0.1,-0.2
0.0000522,0.3,0.3,0.1,0.1,0.3,0.5,0.3,0.3,0.1,0.2,0.3,0.13,0.1,0.3,0.3,0.3,0.1,0.2,0.2,0.3,0.4,0.13,0.2,0.4,0.3,0.2,0.2,0.4,0.4,0.3,0.1,0.05,0.4,0.1,0.2,0.3,0.3,0.3,0.1,0.3,0.3,0.18,0.1,0.2,0.4,0.5,0.4,0.1,0.1,0.4,0.3,0.13,0.2,0.3,0.4,0.1,0.2,0.3,0.4,0.4,0.1,0.13,0.4,0.1,0.2,0.1,0.2,0.4,0.3,0.1,0.1,0.18,0.2,0.2,0.2,0.2,0.4,0.1,0.2,0.1,0.5,0.13,0,0.4,0.4,0.3,0.2,0.2,0.3,0.3,0.3,0.14,0.3,0.4,0.2,0.1,0.3,0.2,0.1,-0.1
0.0000524,0.2,0.3,0.1,0.2,0.4,0.5,0.4,0.2,0.1,0.2,0.4,0.09,0.2,0.3,0.4,0.3,0.1,0.2,0.2,0.4,0.3,0.13,0.2,0.4,0.2,0.1,0.2,0.4,0.3,0.2,0.1,0.13,0.4,0.2,0.1,0.2,0.3,0.4,0.1,0.3,0.3,0.18,0.1,0.2,0.5,0.4,0.4,0.1,0.1,0.5,0.3,0.13,0.3,0.3,0.4,0.2,0.3,0.2,0.3,0.3,0.1,0.13,0.4,0.2,0.2,0.2,0.3,0.4,0.2,0.1,0,0.13,0.3,0.2,0.3,0.4,0.3,0.1,0.2,0.2,0.4,0.23,0.1,0.3,0.4,0.3,0.2,0.2,0.3,0.3,0.3,0.18,0.3,0.4,0.2,0.1,0.3,0.2,0.1,-0.1
0.0000526,0.3,0.4,0.2,0.2,0.3,0.5,0.4,0.2,0.1,0.1,0.3,0.13,0.1,0.2,0.4,0.3,0.1,0.2,0.1,0.5,0.3,0.23,0.2,0.3,0.3,0.1,0.3,0.4,0.3,0.2,0,0.13,0.4,0.2,0.1,0.2,0.4,0.4,0.2,0.2,0.2,0.18,0.1,0.2,0.4,0.4,0.3,0.1,0.1,0.5,0.3,0.18,0.1,0.3,0.4,0.3,0.3,0.3,0.4,0.4,0.3,0.18,0.4,0.3,0.2,0.1,0.3,0.4,0.2,0.1,0,0.18,0.2,0.1,0.2,0.3,0.4,0.1,0.1,0.2,0.4,0.13,0.1,0.2,0.4,0.3,0.2,0.2,0.2,0.5,0.3,0.09,0.4,0.3,0.3,0.1,0.3,0.3,0.1,-0.1
0.0000528,0.2,0.3,0.2,0.1,0.2,0.5,0.4,0.3,0.1,0,0.3,0.13,0.2,0.2,0.4,0.3,0.1,0.2,0.2,0.4,0.3,0.18,0.3,0.4,0.2,0.1,0.3,0.4,0.3,0.2,0.1,0.09,0.4,0.2,0.2,0.3,0.3,0.3,0.1,0.1,0.2,0.09,0.1,0.2,0.4,0.5,0.3,0.1,0.2,0.5,0.3,0.13,0.3,0.3,0.4,0.3,0.2,0.3,0.4,0.4,0.2,0.13,0.4,0.2,0.2,0.2,0.3,0.5,0.1,0.1,0.1,0.09,0.2,0,0.3,0.3,0.3,0.2,0.1,0.3,0.3,0.13,0.1,0.3,0.4,0.3,0.3,0.1,0.3,0.4,0.3,0.13,0.4,0.4,0.2,0.1,0.2,0.3,0,-0.1
0.000053,0.2,0.4,0.3,0.2,0.2,0.5,0.3,0.3,0.1,0.1,0.3,0.18,0.2,0.2,0.3,0.2,0.2,0.1,0.3,0.4,0.1,0.18,0.2,0.3,0.2,0.2,0.4,0.4,0.2,0.2,0.1,0.13,0.4,0.3,0,0.2,0.3,0.3,0.1,0.2,0.2,0.13,0.1,0.2,0.3,0.4,0.4,0.1,0.2,0.4,0.3,0.09,0.2,0.4,0.3,0.3,0.2,0.3,0.4,0.4,0.1,0.18,0.4,0.2,0.1,0.3,0.3,0.4,0.2,0.1,0.1,0.13,0.3,0.1,0.3,0.3,0.3,0.2,0.2,0.3,0.4,0.18,0.1,0.3,0.4,0.1,0.3,0.1,0.2,0.3,0.2,0.18,0.4,0.4,0.2,0.1,0.3,0.3,0.1,-0.1
0.0000532,0.1,0.3,0.3,0.2,0.2,0.6,0.3,0.3,0.2,0.2,0.3,0.13,0.1,0.2,0.3,0.2,0.2,0.2,0.3,0.3,0.2,0.13,0.2,0.3,0.1,0.2,0.3,0.5,0.2,0.2,0.1,0.09,0.3,0.3,0,0.2,0.4,0.3,0.1,0.1,0.3,0.13,0.2,0.2,0.4,0.4,0.3,0.2,0.2,0.4,0.3,0.13,0.3,0.4,0.3,0.2,0.2,0.1,0.3,0.3,0.2,0.13,0.3,0.2,0.1,0.3,0.3,0.4,0.1,0.1,0.1,0.13,0.3,0,0.3,0.4,0.3,0.1,0.1,0.2,0.5,0.18,0.2,0.2,0.4,0.2,0.3,0.1,0.3,0.3,0.2,0.18,0.4,0.3,0.1,0.1,0.2,0.4,0,-0.1
0.0000534,0.2,0.4,0.3,0.1,0.2,0.6,0.2,0.2,0.1,0.1,0.3,0.18,0.2,0.2,0.3,0.3,0.1,0.2,0.2,0.4,0.2,0.18,0.2,0.3,0.2,0.1,0.4,0.5,0.3,0.3,0.1,0.09,0.3,0.2,0,0.3,0.4,0.3,0.2,0.1,0.3,0.09,0.3,0.1,0.4,0.4,0.4,0.2,0.3,0.4,0.3,0.18,0.2,0.4,0.4,0.2,0.1,0.2,0.3,0.4,0.2,0.09,0.3,0.2,0.1,0.2,0.4,0.3,0.2,0,0.1,0.13,0.3,0,0.2,0.3,0.3,0.1,0.1,0.2,0.4,0.09,0.1,0.2,0.5,0.2,0.2,0.2,0.4,0.4,0.2,0.13,0.4,0.4,0.2,0,0,0.3,0,-0.1
0.0000536,0.2,0.3,0.1,0.2,0.3,0.4,0.4,0.3,0.1,0.3,0.3,0.13,0.1,0.2,0.3,0.1,0.1,0.1,0.2,0.4,0.2,0.18,0.3,0.4,0.2,0,0.3,0.4,0.2,0.2,0.1,0.18,0.3,0.2,0,0.2,0.3,0.3,0.1,0.1,0.3,0.18,0.3,0.1,0.4,0.4,0.3,0.2,0.3,0.4,0.3,0.13,0.3,0.4,0.3,0.2,0,0.1,0.4,0.2,0.1,0.18,0.4,0.3,0.1,0.3,0.2,0.3,0.2,0,0.1,0.13,0.2,0.1,0.3,0.3,0.2,0.1,0.2,0.2,0.5,0.23,0.1,0.2,0.4,0.2,0.2,0.2,0.3,0.4,0.2,0.13,0.3,0.4,0.3,0.1,0.1,0.3,0,0
0.0000538,0.1,0.3,0.2,0.1,0.2,0.5,0.3,0.2,0.1,0.2,0.4,0.14,0.1,0.2,0.3,0.2,0.1,0.1,0.2,0.5,0.3,0.14,0.4,0.3,0.2,0.2,0.2,0.4,0.2,0.2,0.1,0.1,0.2,0.2,0.1,0.2,0.3,0.2,0.2,0.1,0.4,0.13,0.3,0.1,0.3,0.5,0.4,0.2,0.3,0.4,0.3,0.18,0.3,0.5,0.3,0.2,0,0.2,0.4,0.3,0.2,0.18,0.3,0.2,0.1,0.3,0.3,0.4,0.3,0.1,0.1,0.18,0.2,0.2,0.3,0.3,0.3,0,0.1,0.2,0.4,0.23,0.2,0.3,0.4,0.2,0.2,0.1,0.3,0.3,0.2,0.18,0.3,0.4,0.1,0,0.1,0.3,0,-0.2
0.000054,0.2,0.3,0.2,0.1,0.3,0.5,0.4,0.3,0.1,0.3,0.4,0.14,0.1,0.2,0.3,0.3,0.1,0,0.2,0.4,0.3,0.13,0.3,0.3,0.2,0.1,0.3,0.4,0.3,0.3,0.1,0.09,0.3,0,0.1,0.2,0.3,0.2,0.1,0.2,0.4,0.18,0.3,0.2,0.3,0.4,0.4,0.2,0.2,0.3,0.4,0.13,0.3,0.4,0.3,0.2,0,0.2,0.4,0.3,0.3,0.09,0.3,0.3,0.2,0.2,0.4,0.4,0.3,0.1,0.1,0.13,0.2,0.1,0.3,0.4,0.3,0.1,0.2,0.2,0.5,0.18,0,0.3,0.4,0.2,0.1,0.2,0.3,0.4,0.2,0.13,0.3,0.4,0.3,0.1,0.1,0.2,0.1,-0.1
0.0000542,0.3,0.4,0.2,0.2,0.3,0.5,0.4,0.3,0.1,0.2,0.3,0.13,0.1,0.2,0.4,0.3,0.1,0.1,0.2,0.4,0.3,0.13,0.4,0.4,0.2,0.1,0.2,0.4,0.3,0.2,0,0.18,0.3,0,0.2,0.2,0.4,0.1,0,0.2,0.3,0.13,0.1,0.2,0.3,0.4,0.4,0.2,0.1,0.4,0.4,0.13,0.3,0.4,0.3,0.1,0.2,0.3,0.4,0.4,0.2,0.13,0.3,0.2,0.2,0.1,0.4,0.4,0.3,0.2,0.1,0.18,0.2,0.1,0.3,0.4,0.2,0.2,0.2,0.2,0.4,0.18,0,0.3,0.4,0.3,0.1,0.2,0.3,0.4,0.3,0.13,0.3,0.4,0.3,0.1,0.2,0.2,0.1,-0.1
0.0000544,0.3,0.4,0.1,0.1,0.3,0.5,0.5,0.3,0.1,0.2,0.4,0.18,0.1,0.2,0.3,0.3,0,0.2,0.2,0.5,0.3,0.18,0.4,0.3,0.2,0.2,0.3,0.3,0.2,0.2,0.1,0.18,0.3,0,0.2,0.2,0.3,0.3,0.2,0.2,0.3,0.18,0.2,0.2,0.3,0.4,0.3,0.2,0.1,0.5,0.4,0.13,0.3,0.4,0.3,0.1,0.1,0.3,0.5,0.4,0.2,0.13,0.4,0.2,0.1,0.1,0.4,0.5,0.3,0.1,0.1,0.23,0.2,0.2,0.3,0.3,0.4,0.1,0.2,0.3,0.4,0.18,0,0.4,0.5,0.3,0.2,0.1,0.4,0.4,0.2,0.18,0.4,0.5,0.3,0.1,0.3,0.1,0.1,-0.1
0.0000546,0.3,0.4,0.1,0.2,0.3,0.4,0.4,0.4,0.1,0.1,0.3,0.18,0.1,0.2,0.3,0.4,0,0.1,0.2,0.4,0.3,0.23,0.3,0.3,0.2,0.1,0.2,0.2,0.3,0.3,0.1,0.09,0.4,0,0.3,0.2,0.3,0.2,0,0.3,0.3,0.09,0.1,0.2,0.3,0.4,0.4,0.2,0,0.4,0.4,0.23,0.3,0.3,0.3,0.1,0.1,0.3,0.4,0.5,0.3,0.09,0.4,0.3,0.2,0.1,0.4,0.5,0.2,0.1,0.1,0.09,0.3,0.2,0.3,0.3,0.3,0.2,0.1,0.1,0.5,0.18,0,0.4,0.5,0.4,0,0.1,0.3,0.3,0.2,0.23,0.3,0.3,0.2,0.2,0.3,0.1,0.1,-0.1
0.0000548,0.2,0.3,0.2,0.2,0.3,0.4,0.4,0.2,0.1,0.1,0.3,0.13,0.1,0.2,0.4,0.3,0,0.1,0.3,0.4,0.3,0.13,0.4,0.4,0.2,0.1,0.2,0.4,0.3,0.1,0.1,0.09,0.4,0.1,0.2,0.2,0.4,0.3,0.1,0.3,0.3,0.13,0.1,0.2,0.3,0.4,0.3,0.1,0.1,0.4,0.4,0.09,0.3,0.3,0.3,0.1,0.2,0.3,0.4,0.3,0.2,0.18,0.5,0.2,0.1,0,0.4,0.4,0.3,0.2,0.1,0.13,0.2,0.2,0.3,0.4,0.4,0.1,0.1,0.2,0.5,0.18,0.1,0.4,0.4,0.3,0.1,0.2,0.3,0.4,0.2,0.14,0.4,0.4,0.2,0.2,0.4,0.1,0,-0.1
0.000055,0.3,0.4,0.2,0.3,0.3,0.4,0.4,0.3,0.1,0,0.3,0.18,0.1,0.3,0.4,0.4,-0.1,0.2,0.2,0.4,0.3,0.13,0.2,0.4,0.2,0.1,0.1,0.3,0.3,0.2,0,0.13,0.4,0.1,0.2,0.2,0.3,0.3,0.1,0.2,0.4,0.18,0.1,0.1,0.3,0.4,0.4,0.2,0.1,0.5,0.4,0.05,0.2,0.3,0.4,0.2,0.3,0.3,0.3,0.4,0.1,0.13,0.4,0.2,0.1,0.2,0.4,0.5,0.2,0.2,0,0.09,0.2,0.1,0.3,0.3,0.4,0.1,0.1,0.2,0.4,0.18,0.1,0.3,0.4,0.4,0.2,0.2,0.3,0.3,0.3,0.13,0.4,0.3,0.3,0.2,0.3,0.3,0.1,-0.1
0.0000552,0.2,0.4,0.2,0.3,0.2,0.4,0.4,0.4,0.1,0.1,0.3,0.14,0.1,0.3,0.4,0.4,0,0.2,0.1,0.4,0.3,0.18,0.8,0.4,0.2,0.1,0.1,0.4,0.3,0.2,0.1,0.09,0.3,0.2,0.1,0.2,0.3,0.3,0.2,0.2,0.3,0.05,0.1,0.2,0.4,0.4,0.4,0.1,0.1,0.4,0.4,0.09,0.2,0.3,0.3,0.3,0.3,0.2,0.3,0.4,0.1,0.14,0.4,0.3,0.1,0.2,0.4,0.4,0.2,0.2,0.1,0.13,0.2,0.1,0.3,0.3,0.3,0.2,0.2,0.2,0.5,0.14,0.2,0.3,0.4,0.3,0.2,0.1,0.4,0.3,0.2,0.14,0.4,0.3,0.1,0.1,0.3,0.2,0.1,-0.2
0.0000554,0.2,0.4,0.2,0.2,0.2,0.4,0.4,0.3,0.2,0,0.3,0.13,0.1,0.1,0.4,0.3,0.2,0.2,0.2,0.4,0.3,0.09,1.2,0.3,0.2,0.1,0.2,0.4,0.3,0.1,0.1,0.09,0.4,0.2,0.1,0.2,0.3,0.3,0.2,0.2,0.3,0.18,0.1,0.2,0.3,0.5,0.3,0.1,0.2,0.5,0.4,0.14,0.2,0.3,0.4,0.2,0.2,0.3,0.4,0.4,0.1,0.09,0.4,0.3,0.1,0.2,0.4,0.4,0.2,0.2,0.1,0.13,0.5,0.1,0.2,0.4,0.3,0.2,0.2,0.2,0.4,0.13,0.2,0.2,0.3,0.2,0.4,0.2,0.4,0.2,0.2,0.09,0.4,0.3,0.1,0.1,0.3,0.3,0.1,-0.2
0.0000556,0.3,0.4,0.2,0.1,0.2,0.5,0.4,0.2,0.9,0.1,0.3,0.13,0.2,0.2,0.4,0.3,0.1,0.1,0.2,0.5,0.3,0.18,0.4,0.3,0.1,0.1,0.1,0.5,0.3,0.2,0.1,0.13,0.3,0.2,0.1,0.2,0.4,0.3,0.1,0.2,0.3,0.09,0.1,0.2,0.3,0.4,0.4,0.1,0.2,0.4,0.3,0.13,0.2,0.2,0.4,0.2,0.1,0.2,0.4,0.4,0,0.18,0.4,0.3,0.2,0.2,0.3,0.4,0.2,0.2,0.1,0.13,1.3,0.1,0.2,0.4,0.3,0.1,0.2,0.1,0.4,0.13,0.2,0.2,0.4,0.2,0.2,0.2,0.4,0.2,0.2,0.13,0.4,0.3,0.2,0.1,0.3,0.3,0,-0.1
0.0000558,0.2,0.3,0.2,0.2,0.2,0.5,0.3,0.3,0.6,0.2,0.3,0.09,0.1,0.2,0.3,0.3,0.2,0.1,0.2,0.4,0.3,0.18,0.1,0.3,0.3,0.1,0.1,0.4,0.3,0.2,0.1,0.1,0.3,0.2,0,0.3,0.4,0.3,0.2,0.1,0.3,0.14,0.3,0.3,0.4,0.5,0.3,0.1,0.1,0.4,0.4,0.13,0.2,0.2,0.4,0.1,0.1,0.2,0.5,0.3,0.1,0.13,0.4,0.3,0.1,0.2,0.4,0.4,0.3,0,0,0.18,0.4,0.2,0.2,0.4,0.4,0.1,0.2,0.1,0.5,0.13,0.2,0.2,0.4,0.1,0.3,0.2,0.4,0.2,0.3,0.18,0.4,0.4,0.2,0.1,0.3,0.3,0,-0.2
0.000056,0.2,0.4,0.2,0.2,0.7,0.5,0.4,0.2,0.1,0.2,0.4,0.13,0.2,0.3,0.3,0.3,0.2,0.2,0.1,0.5,0.3,0.18,0.1,0.4,0.2,0.1,0.1,0.4,0.2,0.2,0.1,0.13,0.3,0.2,0.1,0.2,0.3,0.3,0.2,0.2,0.3,0.05,0.2,0.3,0.4,0.5,0.3,0.1,0.1,0.4,0.3,0.09,0.2,0.3,0.3,0.2,0.1,0.3,0.4,0.4,0.1,0.09,0.4,0.2,0.1,0.2,0.3,0.4,0.3,0.1,0.1,0.09,0.2,0.1,0.2,0.3,0.4,0.1,0.1,0.2,0.5,0.18,0.2,0.2,0.4,0.2,0.2,0.1,0.3,0.5,0.1,0.05,0.5,0.5,0.2,0.1,0.2,0.3,0.1,-0.1
0.0000562,0.2,0.4,0.2,0.1,1.4,0.5,0.4,0.2,0.1,0.2,0.3,0.09,0.1,0.3,0.3,0.2,0.2,0.2,0.2,0.5,0.2,0.13,0.1,0.3,0.2,0.1,0.2,0.4,0.2,0.2,0.1,0.05,0.2,0.3,0,0.2,0.4,0.3,0.2,0.2,0.8,0.09,0.2,0.3,0.4,0.4,0.3,0.2,0.2,0.4,0.3,0.13,0.2,0.3,0.3,0.2,0.1,0.3,0.4,0.4,0.2,0.14,0.3,0.2,0.3,0.1,0.3,0.4,0.2,0.1,0,0.09,0.2,0,0.2,0.2,0.3,0.1,0.2,0.2,0.5,0.13,0.1,0.2,0.5,0.1,0.1,0.2,0.3,1.4,0.2,0.13,0.4,0.4,0.2,0.1,0.2,0.3,0,-0.1
0.0000564,0.2,0.5,0.2,0.1,0.3,0.4,0.4,0.2,0.1,0.1,0.3,0.13,0.1,0.2,0.4,0.2,0.1,0.2,0.2,0.5,0.2,0.18,0.3,0.4,0.2,0,0.3,0.4,0.2,0.2,0,0.09,0.3,0.2,0,0.2,0.4,0.3,0.2,0.2,1.1,0.13,0.2,0.3,0.3,0.5,0.4,0.1,0.2,0.5,0.3,0.09,0.2,0.3,0.3,0.1,0.1,0.3,1.4,0.4,0.2,0.13,0.3,0.2,0.2,0.2,0.3,0.4,0.3,0.1,0.1,0.05,0.2,0.1,0.3,0.2,0.3,0.1,0.1,0.2,0.4,0.13,0,0.2,0.5,0.2,0.1,0.2,0.3,0.4,0.2,0.13,0.3,0.4,0.2,0.1,0.2,0.2,0,-0.1
0.0000566,0.2,0.3,0.1,0.1,0.1,0.4,0.3,0.2,0.2,0.2,0.4,0.23,0.1,0.2,0.3,0.2,0.1,0.2,0.2,0.4,0.2,0.18,0.2,0.3,0.3,0.1,0.3,0.4,0.3,0.3,0.1,0.13,0.4,0.1,0.1,0.3,0.3,0.2,0.2,0.1,0.2,0.09,0.2,0.2,0.3,0.5,0.3,0.1,0.2,0.4,0.3,0.09,0.2,0.3,0.3,0.1,0.2,0.3,0.6,0.4,0.2,0.09,0.3,0.2,0.1,0.1,0.3,0.3,0.3,0.1,0.1,0.09,0.2,0.2,0.3,0.1,0.3,0,0.2,0.2,0.4,0.13,0,0.3,0.4,0.2,0.2,0.1,0.3,0.1,0.2,0.18,0.4,0.4,0.3,0,0.2,0.3,0,-0.2
0.0000568,0.3,0.5,0.2,0.2,0.2,0.5,0.3,0.3,0.2,0.2,0.4,0.18,0.1,0.2,0.4,0.3,0,0.1,0.1,0.5,0.2,0.18,0.1,0.4,0.2,0.1,0.3,0.4,0.3,0.3,0.2,0.1,0.4,0.1,0.1,0.2,0.3,0.2,0.1,0.1,0.1,0.13,0.2,0.1,0.2,0.4,0.2,0.2,0.2,0.4,0.4,0.09,0.2,0.4,0.3,0.1,0,0.3,0.2,0.4,0.2,0.18,0.4,0.2,0.1,0.1,0.3,0.4,0.2,0.1,0.1,0.14,0.2,0.1,0.4,0.3,0.2,0.1,0.1,0.2,0.3,0.13,0.1,0.3,0.4,0.2,0.2,0.2,0.2,0.1,0.2,0.13,0.3,0.4,0.2,0.1,0.2,0.3,0,-0.2
0.000057,0.2,0.4,0.2,0.2,0.2,0.4,0.4,0.2,0.2,0.3,0.4,0.09,0.1,0.1,0.4,0.3,0,0.2,0.2,0.5,0.3,0.18,0.2,0.3,0.2,0.1,0.2,0.4,0.3,0.3,0,0.13,0.4,0.1,0.1,0.2,0.3,0.3,0.1,0.2,0.1,0.09,0.1,0.1,0.3,0.4,0.3,0.1,0.2,0.5,0.4,0.13,0.2,0.4,0.4,0.1,0.1,0.3,0.1,0.4,0.2,0.14,0.4,0.2,0.2,0.1,0.3,0.4,0.3,0.1,0.1,0.13,0.1,0.2,0.3,0.3,0.3,0.1,0.1,0.1,0.4,0.13,-0.1,0.4,0.4,0.3,0.2,0.2,0.3,0.3,0.2,0.13,0.3,0.4,0.2,0.2,0.2,0.3,0.1,-0.2
0.0000572,0.2,0.5,0.3,0.1,0.1,0.5,0.3,0.3,0.3,0.2,0.3,0.13,0.1,0.3,0.3,0.3,0,0.2,0.3,0.5,0.2,0.13,0.2,0.4,0.3,0.1,0.2,0.3,0.3,0.3,0.1,0.13,0.4,0.2,0.2,0.2,0.3,0.3,0.2,0.1,0.2,0.09,0.1,0.2,0.3,0.4,0.3,0.2,0.1,0.4,0.4,0.09,0.2,0.4,0.4,0.1,0.1,0.3,0.2,0.4,0.2,0.18,0.4,0.2,0.2,0.1,0.3,0.5,0.3,0,0.1,0.13,0.2,0.1,0.3,0.3,0.3,0,0.2,0.3,0.4,0.13,0.1,0.3,0.4,0.3,0.1,0.2,0.2,0.1,0.3,0.18,0.3,0.4,0.1,0.1,0.2,0.2,0.2,-0.1
0.0000574,0.3,0.4,0.1,0.2,0.2,0.4,0.4,0.3,0.2,0.1,0.3,0.09,0.2,0.2,0.4,0.2,0,0.2,0.3,0.4,0.3,0.13,0.2,0.4,0.2,0.1,0.2,0.3,0.4,0.2,0,0.23,0.4,0.2,0,0.3,0.3,0.3,0.1,0.2,0.2,0.18,0.1,0.1,0.3,0.3,0.2,0.1,0.2,0.3,0.4,0.13,0.2,0.5,0.4,0.1,0.1,0.2,0.1,0.3,0.2,0.14,0.4,0.2,0.1,0.2,0.4,0.4,0.2,0.1,0.1,0.18,0.2,0.1,0.2,0.4,0.3,0,0.1,0.2,0.5,0.09,0.2,0.3,0.4,0.3,0.2,0.1,0.3,0.2,0.3,0.09,0.4,0.4,0.2,0.1,0.3,0.2,0.1,-0.1
0.0000576,0.2,0.5,0.2,0.2,0.1,0.4,0.4,0.3,0.2,0.2,0.3,0.13,0.1,0.2,0.4,0.3,0.1,0.1,0.2,0.4,0.3,0.13,0.2,0.4,0.2,0.1,0.1,0.4,0.3,0.3,0.1,0.18,0.3,0.1,0.1,0.2,0.4,0.3,0.1,0.2,0.2,0.09,0,0.1,0.3,0.4,0.3,0.1,0.2,0.4,0.3,0.13,0.2,0.3,0.4,0.2,0.1,0.3,0.2,0.3,0.2,0.18,0.4,0.3,0.2,0,0.3,0.4,0.3,0.2,0.1,0.18,0.2,0.1,0.1,0.4,0.4,0.1,0.2,0.2,0.5,0.13,0.1,0.3,0.4,0.3,0.1,0.3,0.3,0.2,0.2,0.09,0.3,0.3,0.2,0.1,0.3,0.2,0.2,-0.1
0.0000578,0.3,0.4,0.2,0.2,0.3,0.5,0.4,0.3,0.2,0.1,0.2,0.13,0.2,0.2,0.3,0.3,0.1,0.2,0.3,0.4,0.2,0.09,0.2,0.4,0.2,0.1,0,0.4,0.3,0.2,0.1,0.14,0.4,0.1,0.2,0.2,0.3,0.4,0.1,0.2,0.2,0.09,0.1,0.1,0.4,0.4,0.4,0.1,0.1,0.4,0.3,0.09,0.3,0.3,0.4,0.1,0.1,0.1,0.1,0.4,0.2,0.13,0.4,0.3,0.2,0.1,0.4,0.4,0.3,0.2,0.1,0.18,0.1,0.1,0.2,0.3,0.3,0,0.1,0.2,0.4,0.18,0.1,0.4,0.4,0.3,0.2,0.2,0.3,0.2,0.2,0.09,0.4,0.4,0.2,0.1,0.3,0.2,0.2,-0.2
0.000058,0.3,0.4,0.3,0.1,0.2,0.4,0.4,0.3,0.2,0.1,0.3,0.18,0.1,0.2,0.3,0.2,0.1,0.2,0.1,0.4,0.3,0.18,0.2,0.3,0.2,0.1,0.1,0.4,0.3,0.2,0.1,0.09,0.4,0.2,0.2,0.3,0.5,0.3,0.1,0.2,0.2,0.09,0.1,0.1,0.3,0.5,0.3,0.1,0.2,0.4,0.3,0.13,0.3,0.4,0.4,0.1,0.1,0.1,0.2,0.4,0.2,0.09,0.4,0.3,0.1,0.1,0.4,0.4,0.3,0.2,0.1,0.13,0.2,0.2,0.1,0.4,0.4,0.1,0.1,0.2,0.5,0.18,0.1,0.4,0.4,0.3,0.2,0.2,0.3,0.2,0.2,0.18,0.4,0.4,0.2,0.1,0.2,0.2,0.2,-0.1
0.0000582,0.3,0.5,0.2,0.1,0.2,0.3,0.4,0.2,0.2,0.2,0.2,0.13,0.1,0.2,0.3,0.3,0,0.3,0.2,0.4,0.2,0.13,0.2,0.3,0.2,0.1,0.1,0.4,0.2,0.2,0.1,0.09,0.2,0.1,0.2,0.2,0.4,0.3,0.2,0.2,0.2,0.18,0.2,0.1,0.3,0.4,0.4,0,0.1,0.4,0.3,0.09,0.3,0.4,0.4,0.1,0.1,0.2,0.3,0.4,0.1,0.13,0.5,0.3,0.1,0.2,0.4,0.3,0.2,0.2,0.1,0.13,0.2,0.2,0.1,0.4,0.3,0.3,0.1,0.2,0.4,0.18,0.1,0.3,0.4,0.3,0.3,0.3,0.4,0.2,0.3,0.13,0.4,0.4,0.2,0.1,0.3,0.3,0.3,-0.1
0.0000584,0.3,0.4,0.2,0.1,0.2,0.4,0.5,0.2,0.2,0.2,0.3,0.09,0.1,0.3,0.4,0.4,0.1,0.3,0.2,0.4,0.2,0.23,0.2,0.2,0.2,0.1,0.1,0.3,0.2,0.2,0.1,0.13,0.3,0.1,0.2,0.3,0.5,0.4,0.2,0.2,0.2,0.05,0.2,0.2,0.4,0.4,0.3,0.1,0.1,0.3,0.3,0.09,0.3,0.3,0.3,0.2,0.1,0.2,0.1,0.4,0.2,0.14,0.3,0.3,0.1,0.1,0.3,0.4,0.2,0.2,0.1,0.13,0.2,0.2,0.2,0.4,0.3,0.2,0.2,0.2,0.4,0.18,0.2,0.3,0.4,0.3,0.2,0.3,0.4,0.2,0.3,0.18,0.4,0.4,0.2,0.1,0.3,0.2,0.2,-0.1
0.0000586,0.3,0.3,0.3,0.1,0.2,0.4,0.4,0.2,0.2,0.2,0.3,0.09,0.1,0.1,0.3,0.3,0.1,0.2,0.2,0.5,0.2,0.13,0.2,0.2,0.2,0.1,0.2,0.4,0.1,0.1,0.1,0.13,0.2,0.1,0.2,0.2,0.3,0.4,0.1,0.3,0.2,0.13,0.1,0.2,0.4,0.4,0.3,0.2,0.1,0.4,0.3,0.14,0.3,0.3,0.4,0.2,0.2,0.2,0.1,0.4,0.2,0.14,0.4,0.3,0.2,0.1,0.4,0.3,0.2,0.2,0.1,0.13,0.2,0.3,0.2,0.2,0.3,0.2,0.2,0.2,0.4,0.13,0.1,0.2,0.4,0.2,0.2,0.3,0.4,0.2,0.3,0.09,0.4,0.4,0.2,0.1,0.3,0.3,0.1,-0.1
0.0000588,0.2,0.3,0.3,0.1,0.2,0.5,0.4,0.2,0.2,0.2,0.3,0.13,0,0.2,0.4,0.3,0.1,0.2,0.2,0.5,0.2,0.13,0.2,0.2,0.2,0.1,0.2,0.4,0.2,0.2,0.1,0.09,0.2,0.2,0.2,0.2,0.4,0.3,0.1,0.2,0.2,0.09,0.2,0.3,0.3,0.5,0.4,0.2,0.1,0.4,0.4,0.09,0.3,0.3,0.4,0.2,0.2,0.3,0.1,0.4,0.2,0.09,0.4,0.3,0.1,0.1,0.4,0.4,0.2,0.2,0,0.18,0.2,0.1,0.3,0.3,0.3,0.2,0.2,0.2,0.3,0.13,0.1,0.2,0.5,0.2,0.2,0.2,0.3,0.2,0.3,0.18,0.4,0.4,0.2,0.1,0.2,0.2,0.1,-0.1
0.000059,0.3,0.4,0.2,0.2,0.2,0.5,0.3,0.2,0.2,0.1,0.3,0.18,0.1,0.2,0.3,0.3,0,0.2,0.2,0.5,0.2,0.18,0.2,0.3,0.3,0,0.2,0.4,0.2,0.3,0.1,0.09,0.3,0.3,0.1,0.2,0.3,0.3,0.1,0.1,0.2,0.13,0.1,0.3,0.4,0.3,0.2,0.2,0.2,0.3,0.3,0.18,0.3,0.4,0.4,0.2,0.1,0.3,0.2,0.4,0.1,0.05,0.4,0.2,0,0.1,0.4,0.4,0.3,0.1,0,0.09,0.2,0.1,0.3,0.3,0.3,0.2,0,0.4,0.3,0.13,0.1,0.3,0.4,0.3,0.2,0.3,0.4,0.2,0.2,0.18,0.4,0.4,0.3,0.1,0.2,0.2,0.1,-0.1
0.0000592,0.2,0.4,0.3,0.2,0.2,0.5,0.4,0.2,0.2,0.2,0.3,0.18,0.1,0.2,0.2,0.2,0.1,0.1,0.2,0.5,0.2,0.18,0.2,0.3,0.2,0.1,0.3,0.5,0.3,0.2,0.1,0.13,0.2,0.1,0.2,0.2,0.4,0.2,0.1,0.2,0.2,0.09,0.1,0.3,0.3,0.3,0.3,0.2,0.2,0.4,0.3,0.05,0.3,0.4,0.3,0.2,0.1,0.3,0.2,0.4,0.1,0.13,0.3,0.2,0,0.2,0.3,0.2,0.2,0.1,0.1,0.18,0.2,0.1,0.3,0.3,0.3,0.3,0,1.1,0.3,0.18,0.1,0.2,0.4,0.2,0.2,0.1,0.3,0.2,0.3,0.09,0.4,0.4,0.2,0.1,0.2,0.4,0.1,0
0.0000594,0.3,0.4,0.1,0.1,0.2,0.6,0.3,0.2,0.2,0.2,0.4,0.13,0,0.2,0.3,0.2,0.1,0.1,0.3,0.3,0.2,0.09,0.2,0.4,0.3,0.2,0.2,0.4,0.3,0.2,0.1,0.09,0.1,0.2,0.2,0.1,0.4,0.3,0.2,0.2,0.2,0.01,0.2,0.2,0.4,0.4,0.3,0.3,0.2,0.4,0.5,0.09,0.2,0.3,0.3,0.2,0.1,0.3,0.2,0.5,0.1,0.13,0.3,0.2,0.2,0.1,0.3,0.4,0.3,0.2,0.1,0.09,0.2,0.2,0.3,0.3,0.3,0.2,0.1,0.4,0.3,0.09,0.1,0.3,0.4,0.2,0.3,0,0.3,0.2,0.3,0.14,0.4,0.4,0.2,0.1,0.2,0.3,0.1,-0.1
0.0000596,0.2,0.4,0.3,0.1,0.1,0.4,0.7,0.1,0.2,0.2,0.4,0.18,0.1,0.2,0.3,0.2,0,0.1,0.3,0.5,0.2,0.09,0.2,0.4,0.1,0.1,0.2,0.5,0.3,0.2,0,0.13,0.3,0.2,0.2,0.2,0.3,0.3,0.2,0.2,0.1,0.14,0.1,0.2,0.3,0.4,0.4,0.3,0.2,0.5,0.4,0.09,0.6,0.4,0.4,0.6,0.1,0.2,0.1,0.4,0.2,0.05,0.4,0.2,0.1,0.1,0.4,0.4,0.5,0.2,0.1,0.13,0.3,0.1,0.3,0.2,0.2,0.1,0.1,0.3,0.5,0.09,0.1,0.3,0.5,0.3,0.3,0.1,0.3,0.2,0.2,0.13,0.6,0.4,0.3,0,0.2,0.3,0.1,-0.1
0.0000598,0.3,0.3,0.3,1,0.2,0.5,1.2,0.2,0.2,0.5,0.5,0.09,0.1,0.2,1,0.2,0.1,0.6,0.3,0.5,0.4,0.09,0.2,0.3,0.1,0.1,0.2,0.4,0.3,0.2,0.1,0.13,0.3,0.8,0.2,0.1,1,0.2,0.2,0.2,0.2,0.13,0.2,0.1,0.4,0.3,0.3,0.3,0.2,0.5,0.6,0.13,1,0.4,0.4,1.5,0.1,0.2,0.2,0.4,0.2,0.14,0.8,0.3,0.2,0.4,0.3,0.4,1,0.2,0.1,0.13,0.2,0.5,0.3,0.3,1.1,0.1,0.2,0.2,0.5,0.13,0.1,0.2,0.4,0.3,0.2,0.1,0.6,0.2,0.2,0.13,1.3,0.4,0.3,0.1,0.2,0.3,0.2,-0.2
0.00006,0.3,0.5,0.3,0.7,0.2,0.5,0.9,0.1,0.2,1.4,0.3,0.09,0.2,0.1,1.4,0.1,0.1,1.5,0.3,0.3,1,0.23,0.2,0.5,0.1,0.6,0.3,0.4,1.2,0.2,0.1,0.14,0.3,1,0.1,0.3,1.5,0.3,0.2,1.2,0.2,0.05,0.1,0.2,1,0.4,0.4,1.4,0.2,0.4,1.4,0.09,0.8,0.5,0.3,0.3,0.1,0.1,0.2,0.4,1,0.09,1.3,0.2,0.2,1.2,0.4,0.4,1.1,0.2,0.2,0.13,0.2,1.3,0.2,0.3,1.1,0.1,0.2,0.1,0.4,0.23,0.4,0.4,0.4,0.7,0.2,0.1,1.4,0.2,0.3,0.13,1,0.4,0.6,0,0.3,0.7,0.2,-0.2
0.0000602,0.3,0.4,0.7,0.2,0.2,0.4,0.1,0.2,0.2,0.4,0.4,0.13,0.1,0.5,0.3,0.3,0.2,0.3,0.2,0.4,0.7,0.18,0.2,0.3,0.2,0.9,0.2,0.4,0.7,0.2,0.3,0.09,0.5,0.3,0.1,0.3,0.3,0.3,0.2,0.6,0.2,0.14,0.1,0.2,0.7,0.4,0.3,0.3,0.2,0.4,0.5,0.13,0.1,0.4,0.7,0.1,0.1,1.2,0.2,0.4,1.3,0.13,0.4,0.4,0.2,0.4,0.3,0.3,0.3,0.2,0.6,0.18,0.2,0.4,0.3,0.4,0.1,0.1,0.7,0.2,0.5,0.09,0.9,0.3,0.5,1.1,0.2,0.2,0.4,0.2,0.4,0.09,0.2,0.4,1.1,0.2,0.2,1.5,0.2,-0.2
0.0000604,0.3,0.3,1.5,0.1,0.2,1.3,0.3,0.2,0.2,0.1,0.3,0.18,0.2,1.1,0.2,0.2,0.9,0.2,0.2,0.5,0.3,0.09,0.2,0.4,0.6,0.2,0.2,0.6,0.3,0.1,0.2,0.05,1.3,0.2,0.1,1.3,0.1,0.3,0.6,0.2,0.2,0.09,0.1,0.2,0.2,0.3,0.6,0.2,0.2,1.1,0.2,0.1,0.1,0.3,1.4,0.3,0.1,0.6,0.2,0.4,0.2,0.13,0.3,0.3,0.6,0.2,0.3,0.7,0.1,0.2,1,0.09,0.2,0.1,0.2,1,0.2,0.2,1,0.1,1.6,0.13,0.6,0.2,0.4,0.3,0.2,0.7,0.3,0.2,1.3,0.13,0.3,0.4,0.4,0.1,0.3,0.3,0.2,-0.1
0.0000606,0.3,0.5,0.3,0.1,0.2,0.8,0.1,0.3,0.2,0.1,0.3,0.13,0.3,0.4,0.2,0.3,0.7,0.2,0,1.4,0.2,0.13,0.1,0.3,1.3,0.2,0.2,1.7,0.2,0.2,1.3,0.18,0.5,0.2,0.2,0.6,0.3,0.3,1.6,0.2,0.2,0.09,0.1,1.2,0.1,0.3,1.4,0.1,0.1,1.4,0.2,0.09,0.1,0.4,0.4,0.2,0.3,0.1,0.2,1.1,0.2,0.05,0.1,0.3,1.4,0.2,0.4,1.5,0.3,0.2,0.7,0.18,0.2,0.1,0.3,0.6,0.1,0.3,0.2,0.2,0.4,0.13,0.3,0.3,0.9,0.2,0.2,1.4,0.1,0.2,0.4,0.13,0.3,0.4,0.2,0.1,0.6,0.1,0.2,-0.2
0.0000608,0.3,1.4,0.1,0.2,0.2,0.2,0.2,0.9,0.2,0.2,0.6,0.13,0.8,0.3,0.2,0.7,0.1,0.1,0.1,0.5,0.2,0.13,0.2,0.4,0.5,0.2,0.1,0.4,0.2,0.2,0.5,0.14,0.2,0.3,0.7,0.2,0.1,0.2,0.3,0.2,0.2,0.01,0.1,0.5,0.2,0.4,0.4,0.2,0.2,0.2,0.2,0.09,0.1,0.3,0.1,0.2,0.9,0.2,0.2,1.2,0.1,0.14,0.1,0.7,0.2,0.2,0.5,0.3,0.1,0.4,0.2,0.09,0.2,0.2,0.8,0.3,0.2,0.9,0.3,0.2,0.2,0.18,0.2,0.3,1.2,0.1,0.3,0.2,0.2,0.2,0.3,0.13,0.2,1.3,0.2,0.1,1.5,0.2,0.1,-0.1
0.000061,0.1,0.6,0.2,0.2,0.2,0.2,0.2,1.3,0.2,0.1,1,0.13,1.2,0.2,0.1,1.3,0.2,0.2,0.7,0.3,0.2,0.13,0.2,0.7,0.1,0.2,0.7,0.2,0.2,0.9,0.1,0.14,0.3,0.2,1.4,0.3,0.2,0.9,0.3,0.2,0.2,0.09,0.9,0.2,0.1,0.6,0.1,0.1,1.2,0.3,0.1,0.05,0.1,1.4,0.3,0.1,0.6,0.1,0.2,0.3,0.2,0.18,0.2,1.3,0.1,0.1,1.4,0.2,0.2,1.5,0.2,0.13,0.2,0.2,1.2,0.2,0.1,0.7,0.1,0.1,0.3,0.23,0.2,0.2,0.3,0.1,1.1,0.3,0.2,0.2,0.2,0.09,0.2,1,0.2,0.5,0.4,0.2,0.1,-0.2
0.0000612,0.3,0.2,0.2,0.2,0.2,0.3,0.1,0.3,0.2,0.2,0.8,0.18,0.3,0.1,0.2,0.3,0.2,0.2,1,0.2,0.2,0.09,0.2,1.5,0.2,0.1,1.2,0.2,0.2,1.4,0.1,0.18,0.3,0.1,0.2,0.2,0.2,1.1,0.1,0.2,0.2,0.13,1.1,0.2,0.2,1.5,0.2,0.2,0.5,0.1,0.2,0.05,0.2,0.7,0.2,0.2,0.3,0.2,0.2,0.2,0.2,0.09,0.2,0.7,0.2,0.2,0.8,0.2,0.2,0.5,0.2,0.18,0.2,0.2,0.4,0.1,0.2,0.1,0.2,0.1,0.2,0.14,0.1,0.7,0.1,0.2,0.9,0.1,0.1,0.2,0.1,0.14,0.2,0.1,0.2,1.2,0.1,0.2,0.1,0
0.0000614,0.3,0.2,0.1,0.2,0.2,0.2,0.2,0.2,0.2,0.2,0.3,0.18,0.2,0.2,0.2,0.3,0.1,0.1,0.3,0.2,0.2,0.09,0.2,0.4,0.3,0.2,0.4,0.1,0.3,0.3,0.3,0.09,0.1,0.2,0.1,0.1,0.1,0.2,0.1,0.2,0.2,0.09,0.3,0.1,0.3,0.3,0.1,0.2,0.1,0.2,0.2,0.09,0.2,0.1,0.1,0.2,0.3,0.2,0.2,0.2,0.2,0.18,0.2,0.1,0.2,0.2,0.3,0.2,0.2,0.2,0.2,0.23,0.2,0.1,0.2,0.2,0.2,0.1,0.2,0.2,0.1,0.13,0.2,1.1,0.2,0.2,0.2,0.2,0.1,0.2,0.2,0.18,0.2,0.2,0.2,0.4,0.1,0.1,0.2,-0.1
0.0000616,0.2,0.2,0.2,0.2,0.2,0.2,0.3,0.1,0.2,0.2,0.2,0.05,0.2,0.2,0.2,0.1,0.2,0.2,0.2,0.1,0.1,0.18,0.2,0.3,0.3,0.2,0.2,0.2,0.2,0.3,0.1,0.09,0.2,0.2,0.1,0.1,0.2,0.2,0.2,0.2,0.2,0.05,0.2,0.2,0.2,0.2,0.1,0.2,0.1,0.1,0.3,0.13,0.2,0.1,0.3,0.2,0.2,0.2,0.2,0.1,0.1,0.09,0.3,0.2,0.2,0.2,0.2,0.1,0.2,0.1,0.1,0.13,0.2,0.2,0.2,0.2,0.1,0.2,0.2,0.2,0.3,0.18,0.1,0.2,0.2,0.2,0.2,0.1,0.1,0.2,0.2,0.18,0.2,0.2,0.1,0.2,0.2,0.2,0.1,-0.1
0.0000618,0.2,0.1,0.1,0.2,0.2,0.2,0.2,0.2,0.2,0.2,0.1,0.09,0.1,0.1,0.2,0.2,0.2,0.2,0.2,0.1,0.2,0.14,0.1,0.2,0.2,0.2,0.2,0.2,0.2,0.2,0.2,0.13,0.3,0.2,0.2,0.3,0.2,0.1,0.1,0.2,0.2,0.13,0.1,0.1,0.1,0.2,0.1,0.2,0.3,0.2,0.1,0.09,0.1,0.2,0.2,0.1,0.2,0.1,0.2,0.2,0.2,0.14,0.2,0.2,0.1,0.2,0.3,0.2,0.2,0.2,0.2,0.13,0.2,0.2,0.2,0.2,0.2,0.1,0.2,0.2,0.2,0.13,0.2,0.2,0.1,0.2,0.2,0.1,0.2,0.2,0.2,0.13,0.2,0.1,0.2,0.3,0.1,0.2,0.1,-0.2
0.000062,0.2,0.2,0.2,0.2,0.2,0.2,0.2,0.1,0.2,0.1,0.2,0.09,0.2,0.1,0.2,0.1,0.2,0.2,0.2,0.2,0.3,0.09,0.2,0.2,0.2,0.2,0.3,0.1,0.2,0.2,0.1,0.09,0.2,0.2,0.2,0.1,0.2,0.2,0.1,0.2,0.3,0.09,0.2,0.2,0.2,0.1,0.1,0.2,0.2,0.2,0.2,0.09,0.2,0.2,0.1,0.1,0.1,0.2,0.2,0.2,0.2,0.13,0.2,0.1,0.1,0.2,0.3,0.1,0.2,0.1,0.1,0.13,0.2,0.2,0.2,0.2,0.2,0.2,0.2,0.2,0.1,0.23,0.2,0.1,0.1,0.3,0.2,0.1,0.2,0.2,0.2,0.09,0.1,0.2,0.1,0.1,0.2,0.1,0,-0.1
0.0000622,0.3,0.2,0.2,0.1,0.2,0.2,0.2,0.2,0.2,0.2,0.1,0.05,0.2,0.2,0.2,0.1,0.2,0.2,0.2,0.2,0.1,0.05,0.2,0.1,0.2,0.2,0.1,0.2,0.2,0.2,0.2,0.09,0.1,0.1,0.1,0.2,0.2,0.1,0.1,0.1,0.2,0.05,0.1,0.2,0.2,0.2,0.2,0.2,0.2,0.1,0.2,0.05,0.2,0.1,0.2,0.2,0.1,0.2,0.2,0.1,0.2,0.05,0.2,0.2,0.2,0.2,0.2,0.2,0.2,0.2,0.2,0.13,0.2,0.2,0.2,0.2,0.2,0.1,0.1,0.2,0.2,0.14,0.2,0.2,0.2,0.2,0.3,0.2,0.2,0.1,0.2,0.18,0.2,0.2,0.2,0.2,0.1,0.1,0.2,-0.2
0.0000624,0.3,0.2,0.1,0.2,0.2,0.2,0.2,0.2,0.2,0.1,0.1,0.13,0.1,0.1,0.2,0.2,0.2,0.1,0.1,0.2,0.2,0.13,0.2,0.2,0.2,0.2,0.2,0.2,0.2,0.1,0.1,0.14,0.2,0.2,0.2,0.1,0.2,0.2,0.2,0.2,0.2,0.09,0.2,0.1,0.2,0.2,0.2,0.2,0.1,0.1,0.2,0.09,0.2,0.2,0.2,0.2,0.2,0.1,0.2,0.1,0.2,0.05,0.2,0.1,0.1,0.1,0.2,0.2,0.2,0.2,0.2,0.13,0.2,0.2,0.2,0.2,0.3,0.1,0.2,0.2,0.2,0.09,0.2,0.2,0.1,0.2,0.2,0.2,0.2,0.3,0.2,0.13,0.2,0.2,0.2,0.3,0.1,0.2,0.1,-0.2
0.0000626,0.2,0.2,0.2,0.2,0.2,0.2,0.2,0.1,0.2,0.2,0.2,0.13,0.1,0.1,0.2,0.2,0.2,0.1,0.1,0.2,0.1,0.09,0.2,0.2,0.2,0.2,0.2,0.2,0.2,0.2,0.2,0.18,0.2,0.1,0.1,0.2,0.2,0.1,0.2,0.2,0.2,0.09,0.2,0.2,0.2,0.2,0.2,0.2,0.2,0.2,0.2,0.05,0.2,0.2,0.2,0.2,0.2,0.2,0.2,0.2,0.2,0.13,0.2,0.1,0.2,0.2,0.2,0.2,0.2,0.2,0.2,0.09,0.2,0.2,0.1,0.2,0.1,0.3,0.2,0.2,0.2,0.18,0.2,0.2,0.2,0.2,0.1,0.1,0.1,0.2,0.2,0.09,0.2,0.2,0.1,0.2,0.2,0.3,0.2,-0.1
0.0000628,0.2,0.2,0.2,0.2,0.2,0.2,0.2,0.2,0.2,0.2,0.2,0.18,0.2,0.2,0.2,0.2,0.2,0.2,0.2,0.2,0.2,0.09,0.2,0.2,0.2,0.2,0.2,0.2,0.2,0.2,0.2,0.09,0.2,0.3,0.1,0.2,0.2,0.2,0.2,0.1,0.2,0.14,0.1,0.1,0.1,0.1,0.2,0.2,0.2,0.2,0.1,0.09,0.2,0.1,0.2,0.1,0.2,0.2,0.2,0.2,0.2,0.09,0.2,0.2,0.2,0.2,0.2,0.2,0.2,0.2,0.2,0.13,0.2,0.2,0.2,0.2,0.2,0.2,0.2,0.1,0.2,0.13,0.3,0.2,0.2,0.1,0.2,0.1,0.1,0.2,0.2,0.13,0.2,0.2,0.2,0.2,0.1,0.2,0.1,-0.2
0.000063,0.3,0.3,0.1,0.1,0.2,0.2,0.2,0.1,0.2,0.2,0.2,0.18,0.2,0.1,0.2,0.2,0.1,0.2,0.2,0.2,0.2,0.09,0.2,0.2,0.2,0.3,0.2,0.1,0.2,0.2,0.2,0.09,0.1,0.2,0.2,0.2,0.1,0.2,0.2,0.2,0.2,0.09,0.1,0.2,0.3,0.2,0.2,0.1,0.2,0.2,0.2,0.09,0.2,0.1,0.2,0.2,0.2,0.2,0.2,0.2,0.2,0.13,0.2,0.2,0.2,0.2,0.2,0.2,0.2,0.2,0.1,0.13,0.2,0.2,0.2,0.2,0.2,0.2,0.2,0.2,0.2,0.13,0.2,0.1,0.1,0.2,0.2,0.2,0.2,0.2,0.2,0.18,0.2,0.2,0.2,0.2,0.1,0.1,0.2,-0.1
0.0000632,0.3,0.2,0.2,0.2,0.2,0.2,0.2,0.2,0.3,0.3,0.2,0.18,0.1,0.2,0.2,0.2,0.2,0.2,0.2,0.2,0.2,0.18,0.2,0.2,0.2,0.2,0.1,0.2,0.3,0.1,0.2,0.09,0.2,0.2,0.2,0.2,0.2,0.1,0.2,0.1,0.2,0.05,0.1,0.2,0.2,0.2,0.2,0.2,0.2,0.2,0.2,0.14,0.2,0.2,0.2,0.2,0.2,0.2,0.2,0.2,0.1,0.05,0.2,0.2,0.2,0.2,0.2,0.2,0.2,0.2,0.2,0.13,0.2,0.2,0.2,0.2,0.2,0.2,0.2,0.2,0.2,0.13,0.2,0.2,0.2,0.2,0.2,0.1,0.2,0.2,0.2,0.14,0.2,0.2,0.2,0.2,0.2,0.2,0.2,-0.2
0.0000634,0.3,0.2,0.2,0.2,0.3,0.2,0.2,0.2,0.2,0.2,0.2,0.13,0.2,0.2,0.2,0.2,0.2,0.2,0.1,0.2,0.2,0.09,0.2,0.2,0.2,0.2,0.2,0.2,0.2,0.2,0.1,0.09,0.2,0.2,0.2,0.2,0.2,0.2,0.2,0.1,0.2,0.13,0.1,0.2,0.2,0.2,0.2,0.2,0.2,0.3,0.1,0.14,0.2,0.2,0.2,0.2,0.2,0.2,0.2,0.2,0.2,0.09,0.2,0.1,0.2,0.2,0.2,0.2,0.2,0.1,0.2,0.09,0.2,0.2,0.2,0.2,0.2,0.2,0.1,0.2,0.2,0.05,0.2,0.2,0.2,0.2,0.2,0.2,0.2,0.2,0.2,0.09,0.2,0.2,0.2,0.2,0.2,0.2,0.3,-0.1
0.0000636,0.3,0.1,0.3,0.2,0.2,0.2,0.2,0.1,0.2,0.2,0.2,0.13,0.1,0.2,0.2,0.2,0.1,0.2,0.2,0.1,0.2,0.14,0.2,0.2,0.2,0.1,0.2,0.2,0.2,0.2,0.2,0.14,0.2,0.2,0.2,0.2,0.2,0.2,0.1,0.2,0.2,0.09,0.1,0.1,0.2,0.2,0.2,0.2,0.2,0.2,0.2,0.13,0.2,0.2,0.2,0.2,0.2,0.2,0.2,0.2,0.2,0.09,0.2,0.2,0.2,0.2,0.2,0.2,0.2,0.1,0.2,0.13,0.2,0.2,0.2,0.2,0.2,0.1,0.2,0.2,0.2,0.22,0.2,0.2,0.2,0.2,0.2,0.1,0.2,0.3,0.2,0.18,0.2,0.1,0.2,0.2,0.2,0.2,0.2,-0.2
0.0000638,0.3,0.2,0.2,0.2,0.2,0.3,0.2,0.3,0.2,0.2,0.2,0.13,0.3,0.2,0.2,0.2,0.2,0.2,0.2,0.3,0.2,0.18,0.2,0.2,0.2,0.1,0.1,0.2,0.2,0.2,0.2,0.13,0.2,0.1,0.2,0.2,0.2,0.2,0.2,0.2,0.2,0.09,0.2,0.2,0.2,0.2,0.1,0.2,0.2,0.2,0.2,0.05,0.2,0.1,0.2,0.2,0.2,0.2,0.2,0.2,0.2,0.09,0.2,0.2,0.2,0.2,0.2,0.2,0.1,0.2,0.3,0.22,0.2,0.2,0.2,0.2,0.2,0.2,0.2,0.2,0.2,0.26,0.2,0.2,0.2,0.2,0.1,0.2,0.2,0.2,0.2,0.27,0.1,0.2,0.2,0.2,0.2,0.2,0.2,-0.2
0.000064,0.3,0.2,0.2,0.2,0.1,0.2,0.2,0.2,0.3,0.2,0.1,0.04,0.2,0.2,0.2,0.2,0.2,0.2,0.2,0.2,0.2,0.13,0.2,0.2,0.2,0.2,0.2,0.2,0.2,0.1,0.1,0.26,0.2,0.2,0.2,0.2,0.2,0.2,0.2,0.2,0.2,0.14,0.2,0.2,0.2,0.1,0.2,0.2,0.2,0.2,0.2,0.05,0.2,0.2,0.3,0.3,0.2,0.2,0.2,0.2,0.1,0.23,0.2,0.2,0.2,0.1,0.2,0.2,0.2,0.2,0.2,0.27,0.2,0.1,0.2,0.2,0.2,0.2,0.2,0.2,0.2,0.26,0.2,0.2,0.2,0.2,0.2,0.2,0.2,0.2,0.2,0.31,0.2,0.1,0.2,0.2,0.2,0.2,0.2,-0.2
0.0000642,0.3,0.2,0.1,0.2,0.2,0.2,0.2,0.2,0.1,0.2,0.2,0.14,0.2,0.2,0.2,0.2,0.2,0.2,0.2,0.2,0.2,0.18,0.2,0.2,0.2,0.2,0.2,0.2,0.2,0.2,0.2,0.26,0.2,0.2,0.2,0.2,0.2,0.1,0.2,0.2,0.2,0.09,0.2,0.2,0.2,0.2,0.2,0.2,0.2,0.2,0.2,0.09,0.2,0.2,0.2,0.2,0.2,0.2,0.2,0.2,0.1,0.13,0.2,0.2,0.2,0.2,0.2,0.2,0.2,0.1,0.2,0.36,0.2,0.2,0.2,0.2,0.2,0.2,0.2,0.2,0.2,0.4,0.2,0.1,0.2,0.2,0.2,0.2,0.1,0.2,0.2,0.35,0.2,0.2,0.2,0.1,0.2,0.2,0.2,-0.1
0.0000644,0.2,0.2,0.2,0.2,0.2,0.2,0.2,0.1,0.2,0.2,0.2,0.31,0.3,0.2,0.2,0.2,0.2,0.2,0.2,0.2,0.2,0.13,0.2,0.2,0.2,0.2,0.2,0.2,0.2,0.2,0.2,0.35,0.2,0.3,0.2,0.2,0.2,0.2,0.2,0.2,0.2,0.23,0.2,0.2,0.2,0.2,0.2,0.2,0.2,0.2,0.2,0.09,0.2,0.2,0.2,0.2,0.2,0.2,0.2,0.2,0.2,0.14,0.2,0.1,0.2,0.3,0.2,0.2,0.2,0.2,0.2,0.31,0.2,0.2,0.2,0.1,0.2,0.1,0.2,0.2,0.2,0.31,0.2,0.2,0.1,0.2,0.2,0.2,0.2,0.2,0.2,0.35,0.3,0.2,0.2,0.2,0.2,0.2,0.2,-0.1
0.0000646,0.4,0.2,0.2,0.2,0.2,0.2,0.2,0.2,0.2,0.2,0.2,0.22,0.1,0.1,0.2,0.2,0.2,0.2,0.2,0.2,0.1,0.13,0.2,0.2,0.1,0.2,0.2,0.2,0.2,0.2,0.2,0.31,0.2,0.2,0.2,0.2,0.2,0.2,0.2,0.2,0.2,0.26,0.2,0.2,0.1,0.2,0.2,0.2,0.2,0.2,0.2,0.09,0.2,0.2,0.2,0.2,0.2,0.2,0.2,0.2,0.2,0.05,0.2,0.2,0.2,0.2,0.2,0.2,0.2,0.1,0.2,0.27,0.2,0.2,0.2,0.2,0.2,0.2,0.1,0.2,0.2,0.35,0.2,0.2,0.2,0.2,0.2,0.2,0.2,0.2,0.2,0.35,0.2,0.2,0.2,0.2,0.2,0.2,0.1,-0.1
0.0000648,0.3,0.2,0.1,0.2,0.2,0.2,0.2,0.2,0.2,0.2,0.2,0.31,0.2,0.2,0.2,0.2,0.2,0.2,0.2,0.2,0.1,0.18,0.3,0.2,0.2,0.2,0.2,0.2,0.2,0.2,0.2,0.31,0.2,0.2,0.2,0.2,0.2,0.2,0.2,0.2,0.2,0.26,0.2,0.2,0.2,0.2,0.2,0.2,0.2,0.2,0.2,0.13,0.2,0.2,0.2,0.2,0.2,0.2,0.2,0.2,0.2,0.14,0.2,0.2,0.2,0.3,0.2,0.2,0.2,0.2,0.1,0.31,0.2,0.3,0.2,0.2,0.2,0.1,0.1,0.2,0.2,0.31,0.2,0.2,0.2,0.2,0.2,0.1,0.2,0.2,0.2,0.4,0.2,0.1,0.2,0.2,0.2,0.2,0.1,-0.1
0.000065,0.2,0.2,0.2,0.2,0.2,0.2,0.2,0.2,0.2,0.2,0.2,0.31,0.2,0.2,0.2,0.2,0.2,0.1,0.1,0.2,0.2,0.31,0.2,0.2,0.1,0.2,0.2,0.2,0.2,0.2,0.2,0.27,0.2,0.2,0.2,0.2,0.2,0.3,0.2,0.3,0.2,0.22,0.2,0.2,0.2,0.2,0.2,0.2,0.2,0.2,0.2,0.26,0.2,0.2,0.2,0.2,0.2,0.2,0.2,0.2,0.2,0.18,0.2,0.2,0.2,0.2,0.2,0.1,0.2,0.3,0.1,0.35,0.2,0.2,0.2,0.2,0.2,0.1,0.2,0.2,0.2,0.35,0.2,0.1,0.2,0.2,0.2,0.2,0.2,0.3,0.2,0.36,0.2,0.2,0.2,0.2,0.2,0.2,0.1,0.1
0.0000652,0.2,0.2,0.2,0.2,0.2,0.2,0.2,0.2,0.2,0.2,0.2,0.35,0.2,0.2,0.2,0.2,0.2,0.2,0.2,0.2,0.1,0.31,0.2,0.2,0.2,0.2,0.2,0.2,0.2,0.2,0.2,0.27,0.2,0.2,0.2,0.2,0.2,0.2,0.2,0.2,0.2,0.4,0.2,0.1,0.2,0.2,0.1,0.2,0.2,0.2,0.2,0.26,0.2,0.2,0.2,0.1,0.2,0.2,0.2,0.2,0.2,0.22,0.2,0.2,0.2,0.2,0.2,0.2,0.2,0.2,0.2,0.36,0.2,0.2,0.2,0.2,0.2,0.2,0.2,0.2,0.2,0.39,0.2,0.2,0.2,0.2,0.2,0.2,0.2,0.3,0.2,0.35,0.2,0.2,0.2,0.2,0.2,0.2,0.1,0
0.0000654,0.3,0.2,0.2,0.2,0.2,0.2,0.2,0.2,0.2,0.2,0.2,0.27,0.2,0.2,0.2,0.2,0.2,0.2,0.2,0.2,0.2,0.26,0.2,0.2,0.2,0.2,0.2,0.2,0.2,0.3,0.2,0.31,0.2,0.2,0.2,0.2,0.2,0.2,0.2,0.2,0.2,0.27,0.2,0.2,0.2,0.2,0.2,0.2,0.2,0.2,0.2,0.31,0.2,0.2,0.2,0.2,0.2,0.3,0.2,0.2,0.2,0.31,0.2,0.2,0.2,0.2,0.2,0.2,0.2,0.2,0.2,0.35,0.2,0.2,0.2,0.2,0.2,0.2,0.2,0.2,0.2,0.31,0.2,0.2,0.2,0.2,0.2,0.2,0.2,0.2,0.2,0.39,0.2,0.2,0.3,0.2,0.2,0.2,0.1,-0.1
0.0000656,0.3,0.2,0.2,0.2,0.3,0.2,0.2,0.2,0.2,0.2,0.2,0.31,0.2,0.2,0.2,0.2,0.2,0.2,0.2,0.1,0.2,0.35,0.2,0.2,0.2,0.2,0.1,0.2,0.2,0.2,0.2,0.44,0.2,0.2,0.2,0.1,0.2,0.2,0.2,0.2,0.2,0.35,0.2,0.2,0.2,0.2,0.2,0.2,0.2,0.2,0.2,0.26,0.2,0.3,0.2,0.2,0.2,0.1,0.2,0.2,0.2,0.27,0.2,0.3,0.2,0.2,0.2,0.2,0.2,0.2,0.3,0.39,0.2,0.2,0.1,0.2,0.2,0.2,0.2,0.2,0.2,0.35,0.2,0.2,0.2,0.2,0.1,0.2,0.2,0.2,0.2,0.4,0.2,0.2,0.2,0.2,0.2,0.2,0.2,-0.2
0.0000658,0.3,0.2,0.2,0.1,0.2,0.2,0.2,0.2,0.2,0.2,0.2,0.35,0.2,0.1,0.2,0.2,0.2,0.2,0.2,0.2,0.2,0.31,0.2,0.1,0.2,0.2,0.2,0.2,0.2,0.2,0.2,0.31,0.2,0.2,0.2,0.1,0.2,0.2,0.1,0.2,0.2,0.31,0.2,0.2,0.2,0.2,0.2,0.2,0.2,0.2,0.2,0.4,0.2,0.2,0.2,0.2,0.2,0.1,0.2,0.2,0.2,0.31,0.2,0.2,0.2,0.2,0.3,0.3,0.2,0.1,0.2,0.35,0.2,0.2,0.2,0.2,0.2,0.2,0.2,0.2,0.2,0.31,0.2,0.2,0.2,0.2,0.2,0.2,0.2,0.2,0.2,0.39,0.2,0.2,0.3,0.2,0.2,0.2,0.1,-0.1
0.000066,0.3,0.2,0.2,0.3,0.3,0.2,0.2,0.2,0.2,0.2,0.2,0.31,0.2,0.2,0.2,0.2,0.2,0.2,0.2,0.2,0.2,0.27,0.2,0.2,0.2,0.2,0.2,0.2,0.2,0.2,0.2,0.36,0.2,0.2,0.2,0.2,0.2,0.2,0.2,0.1,0.2,0.35,0.2,0.3,0.2,0.2,0.2,0.2,0.2,0.2,0.2,0.31,0.2,0.2,0.2,0.2,0.2,0.2,0.3,0.1,0.2,0.35,0.2,0.2,0.2,0.2,0.2,0.3,0.1,0.2,0.2,0.27,0.2,0.2,0.3,0.2,0.2,0.2,0.2,0.2,0.2,0.39,0.2,0.2,0.3,0.2,0.2,0.2,0.2,0.2,0.2,0.31,0.2,0.2,0.2,0.2,0.2,0.2,0.1,-0.2
0.0000662,0.4,0.2,0.2,0.2,0.2,0.2,0.2,0.2,0.2,0.2,0.2,0.35,0.2,0.2,0.2,0.2,0.2,0.2,0.2,0.2,0.2,0.35,0.2,0.3,0.2,0.2,0.2,0.2,0.2,0.2,0.2,0.31,0.3,0.2,0.2,0.3,0.2,0.2,0.2,0.1,0.2,0.31,0.2,0.2,0.2,0.3,0.2,0.2,0.2,0.2,0.3,0.31,0.2,0.2,0.2,0.2,0.2,0.2,0.2,0.2,0.2,0.31,0.2,0.2,0.2,0.2,0.2,0.2,0.2,0.2,0.2,0.39,0.2,0.2,0.2,0.2,0.2,0.2,0.2,0.2,0.2,0.35,0.2,0.2,0.2,0.3,0.2,0.2,0.2,0.2,0.2,0.31,0.2,0.2,0.2,0.2,0.2,0.2,0.2,-0.2
0.0000664,0.4,0.2,0.2,0.2,0.3,0.2,0.3,0.2,0.3,0.1,0.2,0.39,0.2,0.2,0.2,0.2,0.2,0.2,0.1,0.2,0.2,0.39,0.2,0.2,0.2,0.2,0.2,0.2,0.2,0.3,0.2,0.35,0.2,0.2,0.2,0.2,0.2,0.2,0.1,0.2,0.2,0.27,0.2,0.2,0.1,0.2,0.2,0.2,0.2,0.2,0.2,0.22,0.2,0.2,0.2,0.2,0.2,0.2,0.2,0.3,0.2,0.26,0.2,0.2,0.2,0.2,0.2,0.3,0.2,0.2,0.2,0.31,0.2,0.2,0.2,0.2,0.2,0.2,0.2,0.2,0.2,0.35,0.2,0.2,0.1,0.2,0.1,0.2,0.1,0.1,0.2,0.35,0.2,0.2,0.2,0.2,0.2,0.2,0.1,-0.1
0.0000666,0.4,0.2,0.2,0.2,0.2,0.2,0.2,0.1,0.2,0.2,0.2,0.35,0.2,0.2,0.2,0.2,0.2,0.1,0.2,0.2,0.2,0.36,0.2,0.2,0.2,0.2,0.2,0.2,0.2,0.2,0.2,0.31,0.2,0.2,0.2,0.2,0.2,0.2,0.2,0.2,0.2,0.35,0.2,0.2,0.2,0.2,0.2,0.2,0.2,0.2,0.2,0.27,0.2,0.2,0.2,0.2,0.2,0.2,0.3,0.2,0.1,0.31,0.2,0.2,0.2,0.2,0.2,0.2,0.2,0.2,0.2,0.31,0.1,0.2,0.2,0.2,0.2,0.2,0.2,0.2,0.2,0.26,0.2,0.2,0.2,0.2,0.2,0.2,0.2,0.2,0.2,0.39,0.2,0.2,0.2,0.2,0.2,0.3,0.2,-0.2
0.0000668,0.4,0.2,0.1,0.2,0.3,0.2,0.2,0.2,0.2,0.2,0.2,0.31,0.2,0.2,0.2,0.2,0.2,0.2,0.2,0.2,0.1,0.35,0.2,0.2,0.2,0.2,0.2,0.2,0.2,0.2,0.2,0.31,0.2,0.2,0.2,0.2,0.2,0.2,0.3,0.2,0.2,0.31,0.2,0.2,0.3,0.2,0.2,0.2,0.2,0.2,0.2,0.26,0.2,0.2,0.2,0.2,0.2,0.2,0.2,0.2,0.2,0.31,0.2,0.2,0.1,0.2,0.2,0.2,0.2,0.2,0.2,0.31,0.3,0.2,0.2,0.2,0.2,0.2,0.1,0.2,0.3,0.35,0.2,0.2,0.2,0.2,0.2,0.2,0.2,0.2,0.2,0.31,0.2,0.2,0.2,0.2,0.2,0.2,0.1,-0.1
0.000067,0.3,0.2,0.2,0.2,0.2,0.2,0.2,0.1,0.3,0.2,0.2,0.35,0.2,0.2,0.1,0.2,0.2,0.2,0.2,0.2,0.2,0.31,0.1,0.2,0.2,0.2,0.2,0.2,0.3,0.2,0.2,0.31,0.2,0.2,0.2,0.2,0.2,0.2,0.2,0.2,0.2,0.31,0.3,0.2,0.2,0.2,0.2,0.2,0.2,0.2,0.1,0.35,0.2,0.2,0.2,0.2,0.2,0.2,0.2,0.2,0.2,0.31,0.2,0.2,0.2,0.2,0.2,0.2,0.2,0.2,0.2,0.22,0.2,0.2,0.2,0.2,0.2,0.3,0.2,0.2,0.2,0.35,0.2,0.2,0.2,0.2,0.2,0.2,0.2,0.2,0.2,0.35,0.2,0.2,0.1,0.2,0.2,0.2,0.1,-0.1
0.0000672,0.3,0.2,0.2,0.2,0.2,0.2,0.2,0.2,0.2,0.2,0.2,0.26,0.2,0.2,0.2,0.2,0.2,0.2,0.2,0.2,0.2,0.31,0.2,0.2,0.3,0.2,0.2,0.2,0.2,0.2,0.2,0.26,0.2,0.2,0.2,0.2,0.2,0.2,0.2,0.3,0.2,0.31,0.2,0.2,0.2,0.3,0.2,0.2,0.2,0.2,0.2,0.31,0.2,0.2,0.2,0.2,0.2,0.2,0.2,0.2,0.2,0.35,0.3,0.2,0.2,0.2,0.2,0.2,0.1,0.3,0.2,0.39,0.2,0.2,0.2,0.2,0.2,0.2,0.2,0.2,0.2,0.35,0.2,0.2,0.2,0.2,0.2,0.3,0.2,0.2,0.2,0.39,0.2,0.2,0.2,0.2,0.2,0.2,0.2,-0.1
0.0000674,0.2,0.2,0.2,0.2,0.3,0.2,0.2,0.2,0.2,0.2,0.2,0.35,0.2,0.2,0.2,0.2,0.2,0.2,0.2,0.2,0.2,0.35,0.2,0.2,0.2,0.2,0.2,0.1,0.2,0.3,0.2,0.26,0.2,0.2,0.2,0.3,0.2,0.2,0.2,0.2,0.2,0.31,0.2,0.2,0.2,0.2,0.2,0.2,0.2,0.2,0.2,0.27,0.2,0.2,0.1,0.2,0.2,0.2,0.2,0.2,0.2,0.35,0.2,0.2,0.2,0.2,0.2,0.2,0.2,0.2,0.1,0.39,0.2,0.2,0.2,0.2,0.2,0.2,0.2,0.2,0.2,0.4,0.1,0.2,0.2,0.2,0.1,0.2,0.2,0.2,0.2,0.35,0.2,0.1,0.2,0.2,0.2,0.2,0.1,0.1
0.0000676,0.2,0.2,0.3,0.2,0.2,0.2,0.2,0.2,0.3,0.2,0.2,0.31,0.2,0.2,0.2,0.3,0.2,0.2,0.2,0.2,0.2,0.31,0.2,0.2,0.2,0.2,0.3,0.2,0.2,0.3,0.2,0.26,0.2,0.2,0.2,0.2,0.2,0.2,0.2,0.2,0.2,0.22,0.2,0.2,0.3,0.2,0.3,0.2,0.2,0.2,0.2,0.31,0.2,0.2,0.2,0.2,0.2,0.2,0.2,0.2,0.2,0.35,0.2,0.2,0.2,0.2,0.2,0.2,0.2,0.2,0.2,0.3,0.2,0.2,0.2,0.2,0.2,0.2,0.2,0.2,0.2,0.3,0.2,0.1,0.2,0.2,0.2,0.2,0.2,0.2,0.2,0.3,0.2,0.2,0.2,0.2,0.2,0.2,0.2,0
0.0000678,0.2,0.2,0.2,0.2,0.2,0.2,0.2,0.2,0.2,0.2,0.2,0.3,0.2,0.1,0.3,0.1,0.2,0.2,0.2,0.2,0.2,0.31,0.2,0.2,0.2,0.3,0.2,0.2,0.2,0.2,0.2,0.31,0.2,0.2,0.3,0.2,0.2,0.2,0.2,0.2,0.2,0.31,0.2,0.2,0.2,0.2,0.2,0.2,0.2,0.2,0.2,0.27,0.2,0.2,0.2,0.2,0.2,0.2,0.2,0.2,0.2,0.35,0.2,0.2,0.2,0.2,0.1,0.3,0.2,0.2,0.3,0.3,0.3,0.2,0.2,0.1,0.2,0.2,0.2,0.2,0.2,0.35,0.2,0.2,0.2,0.2,0.2,0.2,0.2,0.1,0.2,0.4,0.2,0.2,0.2,0.2,0.2,0.2,0.1,0
0.000068,0.2,0.2,0.2,0.2,0.2,0.2,0.2,0.2,0.2,0.2,0.2,0.3,0.1,0.2,0.2,0.2,0.2,0.2,0.2,0.2,0.2,0.3,0.2,0.2,0.2,0.2,0.2,0.2,0.2,0.2,0.2,0.26,0.2,0.2,0.2,0.2,0.2,0.2,0.2,0.2,0.2,0.27,0.2,0.2,0.2,0.2,0.2,0.2,0.2,0.2,0.3,0.27,0.2,0.2,0.2,0.3,0.2,0.1,0.2,0.2,0.2,0.35,0.2,0.2,0.2,0.2,0.2,0.3,0.2,0.2,0.2,0.3,0.2,0.2,0.2,0.2,0.2,0.2,0.2,0.2,0.2,0.35,0.2,0.2,0.2,0.2,0.2,0.3,0.2,0.2,0.2,0.3,0.2,0.2,0.2,0.2,0.2,0.1,0.1,0
0.0000682,0.3,0.2,0.2,0.2,0.2,0.2,0.2,0.2,0.2,0.2,0.2,0.26,0.2,0.2,0.2,0.2,0.2,0.2,0.3,0.2,0.2,0.3,0.2,0.2,0.2,0.2,0.2,0.2,0.2,0.2,0.2,0.22,0.2,0.2,0.2,0.2,0.2,0.2,0.2,0.2,0.2,0.27,0.2,0.2,0.2,0.2,0.2,0.2,0.2,0.2,0.2,0.31,0.2,0.2,0.2,0.2,0.2,0.2,0.2,0.2,0.1,0.27,0.2,0.2,0.2,0.2,0.2,0.2,0.2,0.2,0.1,0.35,0.2,0.2,0.2,0.2,0.2,0.2,0.2,0.2,0.2,0.4,0.2,0.2,0.2,0.2,0.1,0.2,0.2,0.2,0.2,0.3,0.2,0.2,0.2,0.2,0.2,0.2,0.1,0
0.0000684,0.3,0.2,0.2,0.2,0.2,0.2,0.2,0.2,0.2,0.2,0.2,0.4,0.2,0.2,0.2,0.2,0.2,0.2,0.2,0.2,0.2,0.31,0.2,0.3,0.2,0.2,0.2,0.2,0.3,0.2,0.2,0.27,0.2,0.2,0.2,0.2,0.2,0.2,0.1,0.2,0.2,0.31,0.2,0.2,0.2,0.2,0.2,0.2,0.2,0.2,0.2,0.26,0.3,0.3,0.2,0.2,0.2,0.2,0.2,0.2,0.2,0.26,0.2,0.2,0.2,0.2,0.2,0.2,0.2,0.2,0.2,0.3,0.2,0.2,0.2,0.2,0.2,0.1,0.2,0.2,0.3,0.35,0.2,0.2,0.2,0.2,0.2,0.2,0.2,0.2,0.2,0.4,0.2,0.2,0.2,0.2,0.2,0.2,0.1,-0.1
0.0000686,0.3,0.2,0.2,0.2,0.2,0.2,0.2,0.2,0.2,0.2,0.2,0.35,0.2,0.2,0.2,0.3,0.2,0.2,0.2,0.2,0.2,0.26,0.2,0.2,0.2,0.2,0.2,0.2,0.2,0.2,0.2,0.3,0.2,0.2,0.2,0.2,0.2,0.2,0.2,0.1,0.3,0.22,0.2,0.2,0.2,0.2,0.1,0.2,0.2,0.2,0.1,0.27,0.2,0.2,0.2,0.2,0.2,0.2,0.2,0.2,0.2,0.31,0.2,0.2,0.2,0.2,0.2,0.2,0.2,0.2,0.2,0.3,0.2,0.2,0.2,0.2,0.2,0.2,0.3,0.2,0.2,0.39,0.2,0.2,0.3,0.2,0.2,0.2,0.2,0.2,0.2,0.39,0.2,0.2,0.2,0.2,0.2,0.2,0.2,0
0.0000688,0.3,0.2,0.2,0.2,0.2,0.3,0.2,0.2,0.2,0.3,0.2,0.35,0.3,0.2,0.2,0.3,0.2,0.2,0.2,0.2,0.3,0.35,0.2,0.2,0.2,0.2,0.3,0.2,0.2,0.2,0.2,0.26,0.2,0.2,0.2,0.2,0.2,0.2,0.3,0.2,0.2,0.22,0.1,0.2,0.2,0.2,0.2,0.3,0.2,0.2,0.2,0.31,0.2,0.2,0.2,0.2,0.2,0.2,0.2,0.2,0.2,0.27,0.2,0.2,0.2,0.2,0.2,0.2,0.2,0.2,0.2,0.4,0.1,0.2,0.2,0.1,0.3,0.2,0.2,0.2,0.2,0.35,0.2,0.2,0.2,0.2,0.2,0.2,0.2,0.3,0.2,0.39,0.2,0.2,0.2,0.2,0.1,0.2,0.1,0
0.000069,0.3,0.3,0.2,0.3,0.2,0.2,0.3,0.2,0.2,0.2,0.1,0.3,0.2,0.1,0.2,0.2,0.2,0.2,0.2,0.2,0.2,0.31,0.2,0.2,0.2,0.2,0.2,0.2,0.1,0.2,0.2,0.18,0.2,0.2,0.2,0.2,0.2,0.2,0.2,0.2,0.2,0.31,0.2,0.2,0.2,0.2,0.2,0.2,0.2,0.2,0.2,0.22,0.2,0.2,0.2,0.2,0.2,0.2,0.2,0.2,0.2,0.31,0.2,0.2,0.2,0.2,0.2,0.2,0.2,0.2,0.2,0.35,0.2,0.2,0.2,0.2,0.2,0.2,0.2,0.2,0.2,0.44,0.2,0.2,0.2,0.2,0.2,0.2,0.2,0.2,0.2,0.48,0.2,0.2,0.2,0.2,0.2,0.2,0,0
0.0000692,0.3,0.3,0.3,0.1,0.2,0.2,0.2,0.2,0.2,0.2,0.2,0.31,0.2,0.2,0.2,0.2,0.2,0.2,0.2,0.1,0.2,0.26,0.2,0.1,0.2,0.2,0.2,0.3,0.2,0.2,0.2,0.26,0.3,0.2,0.2,0.3,0.2,0.3,0.2,0.2,0.2,0.18,0.2,0.2,0.2,0.2,0.2,0.2,0.2,0.2,0.2,0.22,0.2,0.2,0.2,0.2,0.2,0.2,0.2,0.2,0.2,0.26,0.3,0.2,0.2,0.2,0.2,0.2,0.2,0.2,0.1,0.3,0.2,0.2,0.2,0.2,0.3,0.2,0.2,0.2,0.2,0.52,0.2,0.2,0.3,0.2,0.2,0.2,0.2,0.2,0.2,0.52,0.2,0.2,0.2,0.2,0.2,0.2,0.1,0
0.0000694,0.3,0.2,0.2,0.2,0.2,0.2,0.2,0.2,0.3,0.2,0.2,0.35,0.2,0.2,0.2,0.2,0.2,0.2,0.2,0.2,0.2,0.3,0.2,0.3,0.3,0.2,0.2,0.2,0.2,0.2,0.2,0.17,0.2,0.2,0.2,0.2,0.2,0.2,0.2,0.2,0.2,0.22,0.2,0.2,0.2,0.2,0.2,0.2,0.2,0.2,0.2,0.31,0.2,0.2,0.2,0.2,0.2,0.2,0.2,0.2,0.2,0.3,0.3,0.2,0.2,0.2,0.2,0.2,0.2,0.2,0.2,0.39,0.2,0.2,0.3,0.2,0.2,0.2,0.2,0.2,0.3,0.56,0.2,0.2,0.2,0.2,0.2,0.2,0.2,0.2,0.2,0.52,0.2,0.2,0.2,0.2,0.2,0.3,0,-0.1
0.0000696,0.3,0.3,0.2,0.2,0.2,0.2,0.2,0.1,0.2,0.3,0.3,0.44,0.2,0.2,0.2,0.2,0.2,0.2,0.2,0.2,0.2,0.35,0.2,0.1,0.2,0.2,0.2,0.2,0.2,0.2,0.2,0.17,0.2,0.2,0.2,0.2,0.3,0.2,0.2,0.1,0.2,0.22,0.2,0.2,0.1,0.2,0.2,0.2,0.2,0.2,0.2,0.26,0.2,0.3,0.2,0.2,0.2,0.2,0.3,0.2,0.2,0.31,0.2,0.2,0.2,0.2,0.2,0.2,0.2,0.3,0.2,0.39,0.2,0.2,0.2,0.2,0.2,0.2,0.2,0.2,0.2,0.74,0.2,0.2,0.2,0.2,0.2,0.2,0.2,0.2,0.2,0.73,0.2,0.2,0.2,0.2,0.2,0.2,0,0
0.0000698,0.3,0.2,0.2,0.2,0.2,0.2,0.2,0.2,0.2,0.3,0.2,0.52,0.2,0.2,0.2,0.2,0.2,0.2,0.2,0.2,0.2,0.35,0.2,0.2,0.2,0.2,0.2,0.2,0.2,0.2,0.2,0.13,0.2,0.2,0.3,0.2,0.2,0.2,0.2,0.2,0.2,0.22,0.2,0.3,0.2,0.3,0.2,0.2,0.2,0.3,0.1,0.22,0.2,0.2,0.2,0.2,0.2,0.2,0.2,0.2,0.2,0.26,0.2,0.3,0.2,0.2,0.2,0.2,0.3,0.2,0.2,0.34,0.2,0.2,0.2,0.2,0.2,0.2,0.2,0.2,0.2,0.77,0.2,0.2,0.2,0.2,0.2,0.2,0.2,0.2,0.2,0.74,0.2,0.2,0.2,0.2,0.2,0.2,0.1,-0.1
0.00007,0.3,0.2,0.2,0.1,0.2,0.2,0.2,0.2,0.1,0.2,0.1,0.6,0.2,0.2,0.1,0.2,0.2,0.2,0.2,0.2,0.2,0.3,0.2,0.2,0.2,0.2,0.2,0.2,0.3,0.2,0.2,0.08,0.2,0.2,0.2,0.2,0.2,0.2,0.2,0.2,0.2,0.13,0.1,0.3,0.2,0.2,0.2,0.2,0.3,0.2,0.2,0.18,0.2,0.2,0.2,0.2,0.2,0.2,0.2,0.2,0.2,0.26,0.2,0.2,0.2,0.2,0.2,0.2,0.2,0.2,0.2,0.33,0.2,0.2,0.2,0.2,0.2,0.2,0.2,0.2,0.2,0.81,0.2,0.2,0.2,0.2,0.2,0.2,0.2,0.2,0.2,0.77,0.2,0.2,0.2,0.3,0.2,0.2,0.1,-0.1
0.0000702,0.3,0.3,0.2,0.2,0.2,0.2,0.2,0.2,0.2,0.2,0.2,0.56,0.2,0.2,0.2,0.2,0.2,0.2,0.2,0.2,0.2,0.35,0.2,0.2,0.2,0.2,0.2,0.2,0.2,0.2,0.2,0,0.2,0.2,0.2,0.2,0.2,0.2,0.2,0.2,0.2,0.17,0.2,0.2,0.2,0.2,0.2,0.2,0.2,0.2,0.2,0.22,0.2,0.2,0.2,0.2,0.2,0.2,0.2,0.2,0.2,0.22,0.2,0.2,0.2,0.2,0.2,0.2,0.2,0.2,0.2,0.42,0.2,0.2,0.2,0.2,0.2,0.2,0.2,0.2,0.2,0.81,0.2,0.2,0.2,0.2,0.2,0.2,0.2,0.2,0.2,0.85,0.2,0.2,0.2,0.2,0.2,0.2,0.2,-0.1
0.0000704,0.4,0.2,0.2,0.2,0.3,0.2,0.2,0.2,0.2,0.2,0.2,0.65,0.2,0.2,0.2,0.2,0.2,0.2,0.2,0.2,0.2,0.26,0.3,0.2,0.2,0.2,0.2,0.2,0.2,0.1,0.2,0.03,0.2,0.2,0.2,0.2,0.2,0.2,0.2,0.2,0.2,0.17,0.2,0.2,0.2,0.2,0.2,0.2,0.2,0.2,0.2,0.18,0.2,0.2,0.2,0.3,0.2,0.2,0.2,0.2,0.2,0.21,0.2,0.2,0.2,0.2,0.2,0.2,0.1,0.2,0.2,0.42,0.3,0.2,0.2,0.2,0.2,0.2,0.2,0.2,0.2,0.76,0.2,0.2,0.2,0.2,0.2,0.2,0.2,0.2,0.2,0.94,0.2,0.2,0.2,0.2,0.3,0.2,0.2,-0.1
0.0000706,0.4,0.1,0.2,0.2,0.2,0.2,0.2,0.2,0.2,0.2,0.2,0.65,0.2,0.2,0.2,0.2,0.2,0.2,0.2,0.2,0.2,0.26,0.2,0.2,0.1,0.2,0.2,0.2,0.2,0.3,0.2,-0.14,0.2,0.2,0.2,0.2,0.2,0.2,0.2,0.2,0.2,0,0.2,0.2,0.2,0.2,0.2,0.2,0.2,0.2,0.3,0.22,0.2,0.2,0.2,0.2,0.2,0.2,0.2,0.2,0.2,0.26,0.2,0.2,0.2,0.2,0.2,0.2,0.2,0.2,0.2,0.37,0.2,0.2,0.2,0.2,0.2,0.2,0.2,0.3,0.1,0.75,0.2,0.2,0.2,0.2,0.2,0.2,0.2,0.2,0.2,0.85,0.2,0.2,0.2,0.2,0.2,0.2,0.3,-0.2
0.0000708,0.4,0.2,0.2,0.2,0.2,0.2,0.1,0.2,0.1,0.2,0.2,0.68,0.2,0.2,0.3,0.2,0.3,0.3,0.2,0.2,0.3,0.17,0.2,0.2,0.2,0.2,0.2,0.2,0.2,0.2,0.2,-0.23,0.2,0.2,0.2,0.2,0.2,0.2,0.2,0.2,0.2,-0.05,0.2,0.2,0.2,0.2,0.2,0.2,0.2,0.2,0.2,0.09,0.2,0.3,0.2,0.2,0.2,0.3,0.2,0.2,0.2,0.17,0.2,0.2,0.2,0.2,0.2,0.2,0.2,0.2,0.2,0.28,0.3,0.2,0.3,0.2,0.2,0.2,0.2,0.2,0.2,0.84,0.2,0.2,0.2,0.2,0.2,0.2,0.1,0.2,0.3,0.89,0.2,0.3,0.2,0.2,0.2,0.2,0.2,-0.1
0.000071,0.3,0.2,0.2,0.2,0.2,0.2,0.2,0.3,0.2,0.2,0.2,0.63,0.2,0.2,0.2,0.2,0.2,0.2,0.2,0.2,0.2,0.03,0.2,0.2,0.2,0.2,0.2,0.2,0.2,0.2,0.2,-0.33,0.2,0.2,0.2,0.2,0.2,0.2,0.2,0.2,0.2,-0.14,0.2,0.2,0.2,0.3,0.2,0.2,0.2,0.2,0.2,0.08,0.2,0.2,0.2,0.2,0.2,0.2,0.2,0.2,0.2,0.08,0.2,0.2,0.2,0.2,0.2,0.2,0.2,0.2,0.2,0.28,0.2,0.2,0.2,0.2,0.2,0.2,0.2,0.2,0.2,0.97,0.2,0.2,0.2,0.2,0.2,0.2,0.2,0.3,0.2,0.88,0.2,0.2,0.2,0.2,0.2,0.2,0.2,-0.1
0.0000712,0.4,0.2,0.2,0.2,0.2,0.2,0.3,0.2,0.2,0.2,0.2,0.71,0.2,0.2,0.2,0.3,0.3,0.2,0.2,0.2,0.2,0.12,0.2,0.2,0.2,0.2,0.2,0.2,0.2,0.2,0.2,-0.46,0.2,0.2,0.2,0.2,0.2,0.2,0.1,0.2,0.2,-0.23,0.2,0.2,0.2,0.2,0.2,0.2,0.2,0.2,0.2,0,0.2,0.2,0.2,0.2,0.2,0.2,0.1,0.2,0.2,0.08,0.3,0.2,0.2,0.2,0.2,0.2,0.2,0.2,0.2,0.19,0.2,0.2,0.2,0.2,0.2,0.2,0.2,0.2,0.2,0.9,0.2,0.2,0.2,0.2,0.2,0.2,0.2,0.2,0.2,0.93,0.2,0.2,0.3,0.2,0.2,0.2,0.1,0
0.0000714,0.4,0.2,0.2,0.2,0.2,0.2,0.3,0.3,0.1,0.2,0.2,0.84,0.2,0.2,0.2,0.2,0.2,0.2,0.3,0.2,0.2,-0.01,0.2,0.2,0.2,0.2,0.2,0.2,0.2,0.2,0.2,-0.55,0.2,0.2,0.2,0.2,0.2,0.2,0.2,0.2,0.2,-0.36,0.2,0.2,0.2,0.2,0.2,0.2,0.2,0.2,0.2,-0.05,0.2,0.2,0.2,0.2,0.2,0.2,0.2,0.2,0.2,0.03,0.2,0.2,0.2,0.2,0.2,0.2,0.2,0.2,0.3,0.23,0.2,0.2,0.2,0.2,0.2,0.2,0.2,0.2,0.2,0.86,0.2,0.2,0.2,0.2,0.2,0.2,0.2,0.3,0.2,0.95,0.2,0.2,0.3,0.1,0.2,0.2,0.1,0
0.0000716,0.3,0.2,0.2,0.2,0.2,0.2,0.2,0.2,0.2,0.2,0.2,0.7,0.2,0.2,0.3,0.2,0.2,0.1,0.2,0.2,0.2,-0.14,0.2,0.2,0.2,0.3,0.2,0.2,0.2,0.2,0.2,-0.73,0.2,0.2,0.2,0.2,0.2,0.2,0.2,0.2,0.2,-0.46,0.2,0.2,0.2,0.2,0.2,0.2,0.2,0.3,0.2,-0.19,0.3,0.2,0.2,0.2,0.2,0.2,0.2,0.1,0.2,-0.01,0.2,0.2,0.2,0.2,0.2,0.4,0.2,0.2,0.2,0.18,0.2,0.2,0.2,0.2,0.2,0.2,0.2,0.2,0.2,0.87,0.2,0.2,0.2,0.2,0.2,0.2,0.2,0.2,0.2,0.96,0.2,0.2,0.2,0.2,0.2,0.2,0,0.1
0.0000718,0.3,0.2,0.3,0.2,0.2,0.2,0.2,0.2,0.2,0.3,0.2,0.7,0.2,0.2,0.3,0.2,0.2,0.2,0.2,0.2,0.2,-0.15,0.2,0.2,0.2,0.3,0.2,0.2,0.2,0.2,0.2,-0.9,0.2,0.2,0.2,0.2,0.2,0.2,0.2,0.2,0.2,-0.63,0.2,0.2,0.2,0.2,0.2,0.2,0.2,0.2,0.2,-0.41,0.2,0.2,0.2,0.3,0.2,0.3,0.2,0.2,0.2,-0.19,0.2,0.2,0.2,0.2,0.2,0.2,0.2,0.2,0.3,0.18,0.3,0.2,0.2,0.3,0.2,0.2,0.2,0.2,0.2,0.84,0.2,0.2,0.2,0.2,0.1,0.2,0.2,0.2,0.2,1.07,0.2,0.2,0.2,0.3,0.2,0.2,0,0
0.000072,0.3,0.2,0.2,0.2,0.2,0.2,0.2,0.2,0.2,0.2,0.2,0.74,0.2,0.2,0.2,0.2,0.2,0.2,0.2,0.2,0.2,-0.28,0.2,0.2,0.2,0.2,0.2,0.2,0.2,0.2,0.2,-0.95,0.2,0.2,0.2,0.2,0.2,0.2,0.3,0.2,0.2,-0.72,0.2,0.2,0.2,0.2,0.2,0.2,0.2,0.2,0.2,-0.54,0.3,0.2,0.2,0.2,0.2,0.2,0.2,0.2,0.2,-0.28,0.2,0.2,0.2,0.2,0.3,0.2,0.2,0.2,0.2,0.17,0.2,0.2,0.2,0.3,0.2,0.2,0.2,0.2,0.3,0.8,0.1,0.2,0.2,0.2,0.2,0.2,0.2,0.2,0.2,0.95,0.2,0.2,0.2,0.2,0.2,0.2,0,0
0.0000722,0.3,0.3,0.2,0.2,0.2,0.2,0.2,0.2,0.2,0.1,0.2,0.76,0.2,0.2,0.2,0.2,0.2,0.2,0.2,0.2,0.2,-0.37,0.2,0.2,0.2,0.2,0.2,0.2,0.2,0.2,0.2,-1.04,0.2,0.2,0.2,0.3,0.3,0.2,0.2,0.2,0.2,-0.81,0.2,0.2,0.2,0.2,0.2,0.2,0.2,0.2,0.3,-0.68,0.2,0.2,0.2,0.2,0.2,0.2,0.2,0.2,0.2,-0.42,0.2,0.2,0.2,0.2,0.2,0.2,0.2,0.3,0.2,0.04,0.2,0.2,0.2,0.1,0.2,0.2,0.2,0.3,0.2,0.72,0.2,0.2,0.2,0.2,0.2,0.2,0.2,0.2,0.2,1.01,0.2,0.2,0.2,0.2,0.2,0.2,0,-0.1
0.0000724,0.3,0.2,0.2,0.2,0.2,0.2,0.1,0.2,0.2,0.2,0.2,0.67,0.2,0.2,0.2,0.2,0.2,0.2,0.2,0.2,0.2,-0.38,0.2,0.2,0.2,0.2,0.2,0.2,0.2,0.2,0.2,-1.26,0.1,0.2,0.2,0.2,0.2,0.2,0.2,0.2,0.2,-0.94,0.2,0.2,0.3,0.2,0.2,0.2,0.2,0.2,0.2,-0.72,0.2,0.2,0.2,0.2,0.2,0.2,0.2,0.2,0.2,-0.46,0.2,0.3,0.2,0.2,0.1,0.2,0.3,0.2,0.2,-0.01,0.2,0.2,0.2,0.2,0.2,0.2,0.2,0.3,0.2,0.63,0.2,0.2,0.2,0.2,0.2,0.2,0.2,0.2,0.2,0.98,0.2,0.1,0.1,0.2,0.2,0.2,0.1,-0.1
0.0000726,0.3,0.2,0.2,0.2,0.2,0.2,0.3,0.2,0.2,0.2,0.2,0.64,0.2,0.2,0.2,0.2,0.2,0.2,0.2,0.2,0.2,-0.5,0.2,0.2,0.2,0.2,0.2,0.2,0.2,0.2,0.2,-1.4,0.2,0.3,0.2,0.2,0.2,0.2,0.2,0.2,0.2,-0.99,0.2,0.2,0.2,0.2,0.2,0.2,0.2,0.3,0.2,-0.9,0.3,0.2,0.2,0.2,0.2,0.3,0.2,0.3,0.2,-0.68,0.2,0.2,0.2,0.2,0.2,0.2,0.2,0.3,0.2,-0.07,0.2,0.2,0.2,0.2,0.2,0.2,0.2,0.2,0.2,0.7,0.3,0.2,0.2,0.2,0.2,0.2,0.2,0.3,0.3,0.9,0.2,0.2,0.2,0.2,0.2,0.2,0.1,-0.1
0.0000728,0.4,0.2,0.2,0.2,0.2,0.2,0.2,0.2,0.3,0.2,0.2,0.56,0.2,0.2,0.2,0.2,0.2,0.2,0.2,0.2,0.2,-0.73,0.2,0.2,0.2,0.2,0.3,0.2,0.2,0.2,0.2,-1.53,0.2,0.3,0.2,0.2,0.2,0.3,0.2,0.2,0.2,-1.13,0.2,0.2,0.1,0.2,0.2,0.2,0.2,0.2,0.2,-0.94,0.2,0.2,0.2,0.2,0.2,0.2,0.2,0.2,0.2,-0.81,0.1,0.2,0.2,0.2,0.2,0.2,0.2,0.2,0.2,-0.11,0.2,0.2,0.2,0.2,0.2,0.2,0.2,0.2,0.2,0.6,0.2,0.2,0.3,0.2,0.2,0.2,0.2,0.2,0.3,0.9,0.2,0.2,0.2,0.2,0.2,0.3,0.2,-0.2
0.000073,0.4,0.2,0.2,0.2,0.3,0.1,0.2,0.2,0.2,0.2,0.2,0.52,0.2,0.2,0.2,0.2,0.2,0.2,0.2,0.2,0.2,-0.69,0.2,0.2,0.2,0.2,0.2,0.2,0.3,0.3,0.2,-1.58,0.3,0.2,0.2,0.2,0.3,0.2,0.2,0.2,0.2,-1.26,0.2,0.2,0.2,0.2,0.2,0.3,0.2,0.2,0.2,-0.99,0.2,0.2,0.2,0.2,0.2,0.1,0.2,0.2,0.2,-0.9,0.2,0.2,0.2,0.2,0.2,0.3,0.2,0.2,0.2,-0.1,0.2,0.2,0.2,0.2,0.2,0.3,0.2,0.2,0.2,0.6,0.3,0.1,0.2,0.2,0.2,0.3,0.2,0.2,0.2,0.9,0.2,0.2,0.2,0.2,0.2,0.2,0.1,-0.1
0.0000732,0.4,0.3,0.2,0.2,0.2,0.2,0.2,0.2,0.2,0.2,0.2,0.6,0.2,0.2,0.2,0.3,0.2,0.2,0.2,0.2,0.2,-0.74,0.2,0.2,0.2,0.2,0.2,0.2,0.2,0.2,0.1,-1.71,0.2,0.2,0.2,0.2,0.2,0.2,0.2,0.1,0.2,-1.36,0.2,0.2,0.2,0.2,0.2,0.2,0.3,0.2,0.2,-1.08,0.2,0.2,0.2,0.2,0.2,0.2,0.2,0.3,0.2,-0.99,0.2,0.2,0.2,0.2,0.2,0.2,0.2,0.2,0.2,-0.1,0.2,0.2,0.2,0.2,0.2,0.2,0.2,0.3,0.2,0.6,0.2,0.2,0.2,0.2,0.2,0.3,0.2,0.2,0.2,0.7,0.2,0.2,0.2,0.2,0.2,0.2,0.2,-0.2
0.0000734,0.4,0.2,0.2,0.2,0.2,0.2,0.2,0.2,0.2,0.2,0.2,0.5,0.2,0.3,0.2,0.2,0.2,0.2,0.2,0.2,0.2,-0.92,0.2,0.2,0.2,0.2,0.2,0.2,0.2,0.2,0.2,-1.75,0.2,0.2,0.2,0.2,0.3,0.2,0.2,0.2,0.2,-1.58,0.2,0.2,0.1,0.2,0.2,0.2,0.2,0.2,0.2,-1.22,0.2,0.2,0.2,0.2,0.3,0.1,0.3,0.2,0.2,-1.04,0.2,0.2,0.2,0.2,0.2,0.1,0.2,0.2,0.2,-0.2,0.2,0.2,0.2,0.2,0.2,0.2,0.2,0.2,0.2,0.7,0.2,0.2,0.2,0.2,0.2,0.2,0.3,0.2,0.2,0.8,0.2,0.2,0.2,0.2,0.3,0.2,0.1,-0.1
0.0000736,0.5,0.2,0.2,0.2,0.2,0.2,0.2,0.2,0.3,0.2,0.2,0.6,0.2,0.2,0.2,0.2,0.2,0.2,0.2,0.2,0.2,-1.01,0.2,0.2,0.2,0.2,0.1,0.2,0.3,0.2,0.2,-1.85,0.2,0.2,0.2,0.2,0.3,0.2,0.2,0.2,0.2,-1.75,0.2,0.2,0.2,0.2,0.2,0.2,0.2,0.2,0.2,-1.44,0.2,0.2,0.2,0.2,0.2,0.2,0.2,0.2,0.3,-1.26,0.2,0.2,0.2,0.2,0.2,0.3,0.3,0.2,0.2,-0.3,0.2,0.3,0.2,0.2,0.2,0.2,0.2,0.2,0.3,0.6,0.2,0.2,0.2,0.2,0.2,0.2,0.2,0.2,0.2,0.7,0.2,0.3,0.2,0.2,0.2,0.2,0.2,-0.1
0.0000738,0.5,0.2,0.2,0.1,0.2,0.3,0.2,0.2,0.3,0.2,0.2,0.5,0.2,0.2,0.2,0.2,0.2,0.2,0.2,0.2,0.2,-1.1,0.2,0.2,0.2,0.2,0.2,0.2,0.3,0.2,0.2,-1.95,0.2,0.3,0.2,0.2,0.3,0.2,0.2,0.2,0.2,-1.71,0.2,0.2,0.2,0.2,0.2,0.2,0.2,0.2,0.2,-1.53,0.2,0.2,0.2,0.2,0.2,0.2,0.2,0.3,0.2,-1.4,0.2,0.2,0.2,0.2,0.1,0.2,0.3,0.2,0.2,-0.3,0.2,0.2,0.2,0.2,0.2,0.2,0.1,0.2,0.2,0.6,0.2,0.2,0.2,0.2,0.2,0.2,0.2,0.2,0.2,0.7,0.2,0.2,0.2,0.2,0.2,0.2,0.1,-0.1
0.000074,0.4,0.2,0.3,0.2,0.2,0.2,0.2,0.2,0.2,0.2,0.2,0.4,0.2,0.2,0.2,0.2,0.3,0.2,0.2,0.2,0.2,-1.23,0.2,0.2,0.1,0.2,0.2,0.2,0.2,0.2,0.3,-2.01,0.2,0.2,0.2,0.2,0.2,0.2,0.1,0.2,0.2,-1.81,0.2,0.2,0.2,0.2,0.2,0.2,0.2,0.2,0.2,-1.75,0.2,0.2,0.2,0.2,0.3,0.2,0.2,0.2,0.2,-1.45,0.2,0.2,0.2,0.2,0.2,0.2,0.2,0.2,0.2,-0.5,0.2,0.2,0.2,0.2,0.2,0.2,0.2,0.2,0.2,0.6,0.2,0.2,0.2,0.2,0.2,0.2,0.2,0.2,0.2,0.6,0.3,0.2,0.2,0.2,0.2,0.2,0.2,-0.1
0.0000742,0.3,0.2,0.2,0.2,0.2,0.2,0.2,0.2,0.3,0.2,0.2,0.4,0.2,0.2,0.3,0.2,0.2,0.2,0.2,0.3,0.2,-1.33,0.2,0.2,0.2,0.2,0.2,0.2,0.2,0.2,0.2,-2.11,0.2,0.3,0.2,0.2,0.2,0.2,0.2,0.2,0.2,-1.91,0.2,0.1,0.3,0.3,0.2,0.2,0.2,0.2,0.2,-1.75,0.2,0.2,0.2,0.2,0.2,0.2,0.2,0.2,0.2,-1.57,0.2,0.2,0.2,0.3,0.2,0.2,0.2,0.3,0.2,-0.4,0.2,0.2,0.2,0.2,0.2,0.2,0.2,0.2,0.2,0.7,0.3,0.2,0.2,0.2,0.2,0.2,0.2,0.2,0.2,0.8,0.2,0.2,0.3,0.2,0.2,0.2,0.1,-0.1
0.0000744,0.3,0.2,0.2,0.2,0.2,0.2,0.3,0.2,0.2,0.2,0.2,0.4,0.2,0.2,0.3,0.2,0.3,0.2,0.2,0.2,0.2,-1.33,0.2,0.2,0.2,0.2,0.2,0.2,0.2,0.2,0.2,-2.17,0.2,0.3,0.2,0.2,0.2,0.2,0.2,0.2,0.2,-1.95,0.2,0.2,0.2,0.2,0.2,0.2,0.2,0.2,0.2,-1.81,0.2,0.2,0.3,0.2,0.3,0.2,0.1,0.2,0.2,-1.67,0.2,0.2,0.2,0.1,0.2,0.2,0.2,0.2,0.2,-0.5,0.2,0.3,0.2,0.2,0.2,0.2,0.2,0.2,0.2,0.6,0.2,0.2,0.2,0.2,0.2,0.2,0.2,0.2,0.2,0.8,0.2,0.2,0.2,0.2,0.2,0.2,0.2,-0.1
0.0000746,0.4,0.2,0.2,0.3,0.2,0.2,0.2,0.2,0.2,0.2,0.2,0.3,0.2,0.2,0.2,0.2,0.2,0.2,0.2,0.2,0.2,-1.39,0.2,0.2,0.2,0.2,0.2,0.2,0.2,0.2,0.2,-2.31,0.2,0.2,0.2,0.2,0.2,0.2,0.2,0.2,0.2,-2.05,0.2,0.3,0.2,0.2,0.2,0.2,0.2,0.2,0.2,-1.91,0.2,0.2,0.2,0.3,0.2,0.2,0.2,0.2,0.2,-1.72,0.2,0.2,0.2,0.2,0.2,0.3,0.2,0.2,0.2,-0.4,0.2,0.2,0.2,0.2,0.2,0.2,0.2,0.2,0.2,0.5,0.2,0.2,0.2,0.2,0.2,0.2,0.2,0.2,0.2,0.8,0.2,0.2,0.2,0.2,0.2,0.2,0.2,0
0.0000748,0.4,0.2,0.2,0.2,0.2,0.2,0.2,0.2,0.2,0.2,0.2,0.3,0.2,0.2,0.2,0.2,0.2,0.2,0.2,0.2,0.2,-1.49,0.2,0.2,0.2,0.3,0.2,0.2,0.2,0.2,0.2,-2.31,0.2,0.2,0.2,0.2,0.2,0.2,0.2,0.2,0.2,-2.11,0.2,0.2,0.2,0.3,0.2,0.2,0.2,0.3,0.2,-2.01,0.2,0.2,0.2,0.2,0.2,0.2,0.2,0.2,0.2,-1.87,0.2,0.2,0.2,0.2,0.2,0.2,0.2,0.2,0.2,-0.5,0.2,0.2,0.2,0.2,0.2,0.2,0.2,0.2,0.2,0.6,0.2,0.2,0.2,0.2,0.2,0.2,0.2,0.2,0.2,0.8,0.2,0.2,0.2,0.2,0.2,0.2,0.1,-0.1
0.000075,0.4,0.2,0.2,0.2,0.3,0.2,0.2,0.2,0.2,0.2,0.2,0.2,0.2,0.2,0.2,0.2,0.2,0.2,0.2,0.2,0.2,-1.49,0.2,0.2,0.2,0.2,0.2,0.2,0.2,0.2,0.2,-2.41,0.2,0.2,0.2,0.2,0.2,0.2,0.2,0.2,0.2,-2.25,0.2,0.2,0.2,0.2,0.2,0.2,0.2,0.2,0.2,-2.15,0.2,0.2,0.2,0.2,0.2,0.2,0.2,0.2,0.2,-2.01,0.3,0.2,0.2,0.2,0.2,0.2,0.2,0.2,0.2,-0.4,0.2,0.2,0.2,0.2,0.2,0.2,0.2,0.2,0.2,0.5,0.2,0.2,0.3,0.2,0.2,0.2,0.2,0.2,0.2,0.8,0.2,0.2,0.2,0.2,0.2,0.2,0.1,-0.2
0.0000752,0.4,0.2,0.2,0.2,0.2,0.2,0.2,0.2,0.2,0.3,0.2,0.2,0.2,0.2,0.2,0.2,0.3,0.2,0.2,0.2,0.2,-1.59,0.2,0.2,0.2,0.2,0.2,0.2,0.3,0.2,0.2,-2.41,0.2,0.2,0.2,0.2,0.2,0.2,0.2,0.2,0.2,-2.25,0.2,0.2,0.2,0.2,0.2,0.2,0.2,0.2,0.2,-2.25,0.2,0.2,0.2,0.2,0.2,0.2,0.2,0.2,0.2,-2.07,0.2,0.2,0.2,0.2,0.2,0.2,0.2,0.2,0.1,-0.6,0.2,0.3,0.2,0.2,0.2,0.2,0.2,0.2,0.2,0.5,0.2,0.2,0.3,0.2,0.2,0.2,0.2,0.2,0.2,0.8,0.2,0.2,0.2,0.2,0.2,0.2,0.1,-0.1
0.0000754,0.3,0.2,0.2,0.2,0.2,0.3,0.2,0.2,0.2,0.2,0.2,0.3,0.2,0.2,0.2,0.3,0.2,0.2,0.2,0.2,0.2,-1.69,0.2,0.2,0.3,0.2,0.2,0.2,0.2,0.2,0.2,-2.51,0.2,0.2,0.2,0.2,0.2,0.2,0.2,0.2,0.2,-2.21,0.2,0.2,0.3,0.2,0.2,0.2,0.2,0.2,0.2,-2.25,0.3,0.2,0.3,0.2,0.2,0.2,0.3,0.2,0.2,-2.17,0.2,0.3,0.2,0.2,0.2,0.2,0.2,0.2,0.2,-0.5,0.2,0.3,0.2,0.2,0.2,0.2,0.2,0.2,0.2,0.4,0.2,0.2,0.2,0.2,0.2,0.2,0.2,0.3,0.2,0.7,0.2,0.2,0.2,0.2,0.2,0.2,0.1,0
0.0000756,0.3,0.2,0.2,0.2,0.3,0.2,0.2,0.2,0.2,0.2,0.2,0.2,0.2,0.2,0.2,0.3,0.2,0.2,0.2,0.2,0.2,-1.6,0.2,0.2,0.2,0.3,0.2,0.2,0.2,0.2,0.2,-2.61,0.2,0.2,0.2,0.2,0.2,0.2,0.2,0.2,0.2,-2.35,0.2,0.2,0.2,0.2,0.2,0.2,0.2,0.2,0.2,-2.31,0.2,0.2,0.2,0.3,0.2,0.2,0.2,0.2,0.2,-2.21,0.3,0.3,0.3,0.2,0.2,0.2,0.2,0.2,0.2,-0.6,0.2,0.2,0.3,0.2,0.2,0.2,0.2,0.2,0.2,0.4,0.2,0.2,0.3,0.2,0.2,0.2,0.2,0.2,0.3,0.7,0.2,0.2,0.1,0.2,0.2,0.2,0.1,-0.1
0.0000758,0.3,0.3,0.2,0.2,0.2,0.2,0.2,0.2,0.2,0.2,0.2,0.4,0.2,0.2,0.2,0.2,0.2,0.3,0.2,0.2,0.2,-1.76,0.2,0.2,0.1,0.2,0.2,0.2,0.2,0.3,0.2,-2.61,0.2,0.2,0.2,0.2,0.2,0.2,0.2,0.2,0.2,-2.35,0.2,0.2,0.2,0.2,0.2,0.3,0.3,0.2,0.2,-2.35,0.3,0.3,0.2,0.2,0.2,0.2,0.2,0.2,0.2,-2.31,0.2,0.2,0.2,0.2,0.2,0.2,0.2,0.2,0.2,-0.6,0.2,0.2,0.2,0.2,0.2,0.1,0.3,0.2,0.3,0.4,0.2,0.2,0.2,0.2,0.2,0.2,0.2,0.2,0.2,0.6,0.2,0.2,0.2,0.2,0.2,0.3,0.1,-0.1
0.000076,0.4,0.2,0.2,0.2,0.2,0.2,0.2,0.2,0.2,0.2,0.2,0.3,0.2,0.2,0.3,0.2,0.2,0.2,0.2,0.2,0.2,-1.78,0.1,0.2,0.2,0.2,0.2,0.2,0.2,0.2,0.2,-2.75,0.2,0.2,0.3,0.2,0.2,0.2,0.2,0.2,0.2,-2.41,0.2,0.2,0.2,0.2,0.2,0.3,0.2,0.2,0.2,-2.45,0.2,0.2,0.2,0.2,0.3,0.2,0.2,0.2,0.2,-2.41,0.2,0.3,0.2,0.3,0.2,0.2,0.2,0.2,0.2,-0.6,0.2,0.3,0.2,0.2,0.2,0.2,0.2,0.2,0.2,0.4,0.3,0.2,0.1,0.2,0.3,0.2,0.2,0.2,0.2,0.6,0.2,0.2,0.2,0.2,0.2,0.1,0.2,0
0.0000762,0.4,0.2,0.2,0.2,0.2,0.2,0.2,0.2,0.2,0.2,0.2,0.3,0.2,0.2,0.2,0.3,0.2,0.2,0.2,0.2,0.2,-1.75,0.2,0.2,0.2,0.2,0.2,0.3,0.2,0.2,0.2,-2.71,0.2,0.2,0.2,0.2,0.2,0.2,0.2,0.2,0.2,-2.51,0.2,0.2,0.2,0.2,0.2,0.3,0.2,0.2,0.2,-2.45,0.2,0.2,0.2,0.2,0.2,0.2,0.2,0.2,0.2,-2.51,0.2,0.2,0.2,0.2,0.2,0.2,0.2,0.2,0.2,-0.6,0.2,0.2,0.2,0.2,0.2,0.2,0.2,0.2,0.2,0.4,0.3,0.2,0.2,0.2,0.2,0.2,0.2,0.3,0.3,0.6,0.2,0.2,0.3,0.2,0.2,0.2,0.2,0
0.0000764,0.4,0.2,0.3,0.2,0.2,0.2,0.2,0.2,0.2,0.2,0.2,0.2,0.2,0.2,0.3,0.2,0.3,0.2,0.2,0.2,0.2,-1.85,0.3,0.2,0.2,0.2,0.2,0.2,0.2,0.2,0.2,-2.75,0.2,0.2,0.2,0.2,0.2,0.2,0.2,0.2,0.2,-2.65,0.2,0.2,0.3,0.2,0.2,0.2,0.2,0.2,0.2,-2.65,0.2,0.2,0.2,0.1,0.2,0.2,0.2,0.3,0.2,-2.51,0.2,0.3,0.2,0.2,0.2,0.2,0.2,0.2,0.3,-0.7,0.3,0.2,0.2,0.2,0.1,0.3,0.2,0.2,0.3,0.3,0.2,0.2,0.2,0.3,0.2,0.2,0.2,0.2,0.2,0.5,0.2,0.3,0.2,0.2,0.2,0.2,0.2,-0.1
0.0000766,0.3,0.2,0.2,0.2,0.2,0.2,0.2,0.2,0.3,0.2,0.2,0.2,0.2,0.2,0.2,0.2,0.3,0.2,0.3,0.2,0.3,-1.85,0.3,0.2,0.2,0.2,0.2,0.2,0.2,0.2,0.2,-2.81,0.2,0.2,0.2,0.2,0.2,0.2,0.2,0.3,0.2,-2.75,0.2,0.2,0.2,0.2,0.2,0.2,0.2,0.2,0.2,-2.61,0.3,0.2,0.2,0.2,0.2,0.2,0.2,0.2,0.2,-2.61,0.2,0.2,0.2,0.2,0.2,0.2,0.2,0.2,0.2,-0.8,0.2,0.2,0.2,0.2,0.2,0.3,0.2,0.2,0.2,0.4,0.2,0.2,0.2,0.2,0.2,0.2,0.2,0.2,0.2,0.5,0.2,0.2,0.2,0.2,0.2,0.3,0.3,-0.1
0.0000768,0.4,0.2,0.2,0.2,0.2,0.2,0.2,0.2,0.1,0.2,0.2,0.2,0.2,0.2,0.3,0.2,0.2,0.3,0.2,0.2,0.2,-1.99,0.1,0.2,0.2,0.2,0.2,0.2,0.3,0.2,0.2,-2.87,0.2,0.2,0.2,0.2,0.2,0.2,0.2,0.2,0.2,-2.75,0.2,0.2,0.2,0.2,0.3,0.2,0.2,0.3,0.3,-2.61,0.1,0.2,0.2,0.1,0.2,0.2,0.2,0.3,0.2,-2.57,0.2,0.2,0.3,0.2,0.2,0.2,0.2,0.2,0.2,-0.8,0.2,0.2,0.2,0.2,0.2,0.2,0.2,0.2,0.2,0.2,0.2,0.2,0.2,0.1,0.2,0.3,0.2,0.1,0.3,0.6,0.2,0.2,0.2,0.2,0.2,0.2,0.3,-0.1
0.000077,0.4,0.2,0.2,0.2,0.2,0.2,0.2,0.2,0.2,0.2,0.2,0.1,0.2,0.2,0.2,0.3,0.2,0.2,0.2,0.2,0.2,-2.03,0.2,0.2,0.3,0.2,0.2,0.2,0.2,0.2,0.2,-2.91,0.2,0.2,0.2,0.3,0.2,0.2,0.2,0.2,0.2,-2.85,0.2,0.2,0.2,0.2,0.2,0.2,0.2,0.2,0.2,-2.75,0.2,0.2,0.2,0.2,0.2,0.2,0.2,0.2,0.2,-2.71,0.2,0.2,0.2,0.2,0.2,0.2,0.2,0.2,0.2,-0.8,0.2,0.2,0.2,0.3,0.3,0.2,0.2,0.2,0.2,0.3,0.2,0.3,0.3,0.2,0.2,0.3,0.2,0.2,0.2,0.5,0.2,0.2,0.2,0.2,0.2,0.2,0.2,-0.1
0.0000772,0.3,0.2,0.2,0.2,0.2,0.3,0.2,0.2,0.2,0.2,0.2,0.1,0.2,0.2,0.2,0.2,0.2,0.2,0.2,0.3,0.2,-2.18,0.2,0.3,0.2,0.2,0.2,0.2,0.2,0.2,0.2,-3.05,0.2,0.2,0.2,0.2,0.2,0.2,0.2,0.2,0.2,-2.9,0.2,0.2,0.2,0.2,0.2,0.2,0.2,0.2,0.2,-2.85,0.2,0.2,0.2,0.2,0.2,0.2,0.2,0.2,0.2,-2.71,0.2,0.2,0.2,0.2,0.2,0.2,0.2,0.2,0.2,-0.7,0.2,0.2,0.2,0.2,0.2,0.2,0.2,0.3,0.3,0.2,0.2,0.2,0.2,0.2,0.2,0.2,0.2,0.2,0.2,0.6,0.2,0.2,0.2,0.2,0.2,0.2,0.2,0
0.0000774,0.3,0.2,0.2,0.2,0.2,0.2,0.2,0.2,0.2,0.2,0.2,0.1,0.2,0.2,0.2,0.2,0.2,0.2,0.2,0.2,0.2,-2.22,0.2,0.2,0.2,0.2,0.2,0.2,0.2,0.3,0.2,-3.05,0.1,0.2,0.2,0.2,0.2,0.2,0.2,0.2,0.2,-2.95,0.2,0.2,0.2,0.2,0.3,0.2,0.2,0.2,0.2,-2.85,0.2,0.2,0.2,0.2,0.3,0.2,0.3,0.2,0.3,-2.77,0.2,0.1,0.3,0.2,0.2,0.2,0.2,0.2,0.2,-0.9,0.2,0.2,0.2,0.2,0.2,0.3,0.2,0.2,0.2,0.2,0.2,0.2,0.2,0.3,0.2,0.2,0.2,0.2,0.2,0.4,0.2,0.3,0.2,0.2,0.2,0.2,0,0
0.0000776,0.4,0.2,0.2,0.2,0.2,0.2,0.2,0.2,0.2,0.2,0.2,0,0.2,0.2,0.2,0.2,0.2,0.2,0.2,0.3,0.2,-2.22,0.3,0.2,0.1,0.2,0.2,0.2,0.2,0.2,0.2,-3.15,0.2,0.2,0.2,0.2,0.2,0.2,0.2,0.2,0.2,-2.85,0.3,0.2,0.2,0.2,0.2,0.2,0.2,0.2,0.2,-2.95,0.2,0.2,0.2,0.2,0.2,0.2,0.2,0.2,0.2,-2.91,0.2,0.2,0.2,0.2,0.2,0.2,0.2,0.2,0.2,-0.9,0.2,0.2,0.2,0.2,0.2,0.2,0.2,0.3,0.2,0.2,0.2,0.2,0.3,0.2,0.2,0.2,0.2,0.2,0.2,0.5,0.2,0.2,0.2,0.2,0.3,0.2,0.1,0
0.0000778,0.4,0.2,0.2,0.2,0.2,0.3,0.3,0.2,0.2,0.2,0.2,0,0.2,0.2,0.2,0.2,0.2,0.2,0.2,0.2,0.2,-2.22,0.2,0.2,0.2,0.2,0.2,0.3,0.2,0.2,0.2,-3.11,0.2,0.2,0.2,0.2,0.2,0.2,0.2,0.2,0.2,-2.95,0.2,0.2,0.2,0.2,0.2,0.3,0.2,0.2,0.2,-3.05,0.2,0.2,0.1,0.2,0.3,0.2,0.2,0.2,0.2,-2.91,0.2,0.2,0.2,0.2,0.2,0.2,0.2,0.2,0.2,-0.9,0.2,0.3,0.2,0.2,0.2,0.2,0.2,0.2,0.2,0.1,0.3,0.2,0.2,0.2,0.2,0.2,0.2,0.3,0.2,0.4,0.2,0.2,0.2,0.2,0.2,0.2,0,-0.1
0.000078,0.4,0.2,0.2,0.2,0.2,0.2,0.2,0.2,0.2,0.2,0.2,0.1,0.2,0.2,0.2,0.3,0.2,0.2,0.2,0.2,0.2,-2.36,0.2,0.2,0.2,0.2,0.3,0.2,0.2,0.2,0.3,-3.21,0.2,0.2,0.2,0.2,0.2,0.2,0.2,0.2,0.2,-2.95,0.1,0.3,0.2,0.2,0.2,0.2,0.2,0.2,0.2,-3.05,0.3,0.2,0.2,0.2,0.3,0.2,0.2,0.2,0.2,-3.01,0.3,0.2,0.2,0.2,0.2,0.2,0.2,0.2,0.2,-0.9,0.2,0.2,0.2,0.2,0.2,0.3,0.2,0.2,0.2,0.2,0.2,0.3,0.2,0.2,0.3,0.2,0.2,0.2,0.2,0.4,0.2,0.3,0.2,0.2,0.2,0.1,0.1,-0.1
0.0000782,0.4,0.2,0.2,0.2,0.2,0.2,0.2,0.3,0.2,0.2,0.2,-0.1,0.2,0.3,0.2,0.2,0.2,0.2,0.2,0.2,0.3,-2.32,0.2,0.2,0.2,0.2,0.2,0.2,0.2,0.2,0.2,-3.25,0.2,0.2,0.2,0.2,0.2,0.3,0.2,0.2,0.2,-3.05,0.2,0.2,0.2,0.2,0.2,0.2,0.2,0.2,0.2,-3.05,0.3,0.2,0.2,0.2,0.2,0.2,0.2,0.2,0.2,-3.01,0.2,0.2,0.2,0.2,0.2,0.3,0.2,0.2,0.2,-1,0.2,0.2,0.2,0.2,0.2,0.2,0.2,0.2,0.2,0.1,0.2,0.2,0.2,0.2,0.2,0.2,0.2,0.2,0.1,0.4,0.2,0.2,0.2,0.1,0.3,0.2,0.2,-0.1
0.0000784,0.3,0.2,0.3,0.2,0.2,0.2,0.3,0.2,0.2,0.2,0.2,-0.1,0.2,0.2,0.2,0.2,0.2,0.3,0.2,0.3,0.2,-2.38,0.2,0.1,0.2,0.2,0.2,0.1,0.2,0.2,0.2,-3.35,0.2,0.2,0.2,0.2,0.2,0.2,0.2,0.2,0.2,-3.05,0.2,0.2,0.2,0.2,0.2,0.2,0.2,0.2,0.2,-3.15,0.2,0.2,0.2,0.2,0.2,0.2,0.2,0.3,0.2,-3.01,0.2,0.3,0.2,0.2,0.2,0.2,0.2,0.2,0.2,-0.9,0.3,0.2,0.2,0.2,0.2,0.2,0.2,0.2,0.2,0.1,0.2,0.2,0.2,0.2,0.2,0.2,0.2,0.3,0.2,0.4,0.2,0.2,0.2,0.2,0.2,0.2,0.2,-0.1
0.0000786,0.2,0.2,0.2,0.2,0.2,0.2,0.2,0.2,0.2,0.2,0.2,-0.2,0.3,0.2,0.3,0.3,0.2,0.2,0.3,0.2,0.2,-2.35,0.2,0.2,0.2,0.2,0.3,0.2,0.2,0.2,0.2,-3.21,0.2,0.2,0.2,0.2,0.2,0.2,0.2,0.2,0.2,-3.05,0.2,0.2,0.2,0.2,0.2,0.2,0.3,0.2,0.3,-3.11,0.2,0.2,0.3,0.2,0.2,0.2,0.2,0.2,0.2,-3.11,0.2,0.2,0.2,0.3,0.2,0.2,0.2,0.2,0.2,-1,0.2,0.2,0.2,0.2,0.2,0.2,0.3,0.2,0.2,0.1,0.2,0.3,0.3,0.2,0.2,0.2,0.2,0.2,0.2,0.4,0.2,0.2,0.2,0.2,0.3,0.2,0.2,-0.2
0.0000788,0.3,0.2,0.2,0.2,0.2,0.3,0.2,0.2,0.2,0.2,0.2,-0.1,0.2,0.2,0.3,0.2,0.3,0.2,0.2,0.2,0.2,-2.36,0.2,0.2,0.2,0.2,0.2,0.2,0.2,0.3,0.2,-3.35,0.2,0.2,0.2,0.2,0.2,0.2,0.2,0.2,0.2,-3.15,0.2,0.2,0.2,0.2,0.2,0.2,0.2,0.2,0.2,-3.15,0.2,0.2,0.2,0.2,0.2,0.2,0.2,0.2,0.2,-3.07,0.2,0.2,0.2,0.2,0.2,0.2,0.2,0.2,0.3,-1,0.2,0.2,0.2,0.3,0.2,0.2,0.2,0.2,0.2,0.1,0.2,0.2,0.2,0.2,0.2,0.2,0.2,0.2,0.2,0.4,0.2,0.2,0.2,0.3,0.2,0.2,0.3,0
0.000079,0.3,0.2,0.2,0.2,0.2,0.3,0.3,0.2,0.2,0.2,0.2,-0.2,0.2,0.2,0.2,0.2,0.2,0.2,0.2,0.2,0.2,-2.27,0.2,0.2,0.2,0.2,0.3,0.2,0.3,0.2,0.2,-3.31,0.2,0.2,0.2,0.2,0.2,0.2,0.2,0.2,0.2,-3.25,0.2,0.2,0.2,0.2,0.3,0.2,0.2,0.2,0.3,-3.21,0.2,0.2,0.2,0.2,0.2,0.2,0.2,0.2,0.3,-3.17,0.2,0.2,0.3,0.2,0.2,0.2,0.2,0.2,0.2,-0.9,0.3,0.2,0.2,0.2,0.2,0.2,0.1,0.2,0.2,0.1,0.2,0.2,0.2,0.2,0.2,0.2,0.2,0.2,0.2,0.3,0.2,0.2,0.3,0.2,0.2,0.2,0.3,0
0.0000792,0.3,0.2,0.2,0.2,0.2,0.3,0.2,0.1,0.2,0.2,0.2,0,0.2,0.2,0.2,0.2,0.2,0.2,0.2,0.3,0.2,-2.32,0.1,0.2,0.2,0.2,0.2,0.2,0.2,0.2,0.2,-3.31,0.2,0.2,0.2,0.2,0.2,0.2,0.2,0.2,0.2,-3.35,0.2,0.2,0.3,0.2,0.2,0.2,0.3,0.2,0.3,-3.21,0.2,0.2,0.2,0.2,0.2,0.2,0.2,0.2,0.2,-3.21,0.2,0.2,0.2,0.2,0.2,0.2,0.2,0.2,0.2,-1,0.2,0.2,0.2,0.2,0.2,0.2,0.2,0.2,0.2,0.1,0.2,0.2,0.2,0.2,0.2,0.2,0.2,0.2,0.2,0.3,0.3,0.2,0.2,0.2,0.1,0.2,0.2,-0.1
0.0000794,0.3,0.3,0.2,0.1,0.2,0.2,0.2,0.2,0.2,0.2,0.2,-0.1,0.2,0.2,0.2,0.2,0.2,0.2,0.2,0.2,0.2,-2.37,0.2,0.2,0.2,0.2,0.3,0.2,0.2,0.2,0.2,-3.45,0.2,0.2,0.2,0.2,0.2,0.2,0.2,0.3,0.2,-3.35,0.2,0.2,0.2,0.2,0.2,0.2,0.2,0.2,0.2,-3.25,0.2,0.2,0.2,0.2,0.2,0.2,0.2,0.2,0.2,-3.21,0.2,0.2,0.2,0.2,0.2,0.2,0.2,0.2,0.2,-1,0.2,0.2,0.2,0.2,0.3,0.2,0.2,0.2,0.2,0.1,0.2,0.3,0.2,0.2,0.2,0.2,0.2,0.2,0.2,0.3,0.2,0.2,0.3,0.2,0.2,0.1,0.3,-0.1
0.0000796,0.3,0.2,0.2,0.3,0.2,0.2,0.2,0.2,0.2,0.2,0.2,-0.1,0.2,0.2,0.2,0.3,0.3,0.2,0.2,0.2,0.2,-2.46,0.2,0.2,0.2,0.2,0.2,0.2,0.2,0.2,0.2,-3.41,0.3,0.2,0.2,0.2,0.2,0.2,0.2,0.2,0.1,-3.35,0.2,0.2,0.2,0.2,0.2,0.3,0.2,0.2,0.2,-3.35,0.2,0.2,0.2,0.2,0.2,0.2,0.2,0.2,0.2,-3.31,0.2,0.2,0.2,0.2,0.2,0.3,0.2,0.2,0.2,-1,0.3,0.2,0.2,0.2,0.2,0.2,0.2,0.2,0.2,0.1,0.2,0.2,0.3,0.2,0.2,0.2,0.2,0.2,0.2,0.3,0.2,0.2,0.2,0.2,0.2,0.2,0.3,-0.1
0.0000798,0.3,0.2,0.2,0.2,0.2,0.2,0.2,0.2,0.2,0.2,0.2,-0.1,0.2,0.2,0.3,0.2,0.2,0.2,0.2,0.2,0.2,-2.55,0.2,0.2,0.2,0.2,0.2,0.2,0.2,0.2,0.2,-3.41,0.2,0.2,0.2,0.3,0.3,0.2,0.2,0.2,0.2,-3.31,0.2,0.2,0.2,0.2,0.2,0.2,0.2,0.2,0.3,-3.35,0.2,0.2,0.2,0.2,0.2,0.2,0.2,0.3,0.2,-3.31,0.3,0.3,0.3,0.2,0.2,0.2,0.2,0.2,0.2,-1,0.2,0.2,0.2,0.2,0.2,0.2,0.2,0.2,0.2,0.1,0.2,0.2,0.2,0.2,0.2,0.2,0.2,0.2,0.1,0.3,0.2,0.2,0.2,0.3,0.2,0.2,0.2,-0.1
0.00008,0.3,0.2,0.3,0.2,0.2,0.2,0.2,0.2,0.2,0.2,0.2,-0.2,0.2,0.2,0.3,0.2,0.2,0.3,0.2,0.2,0.2,-2.55,0.2,0.2,0.2,0.2,0.2,0.2,0.2,0.2,0.2,-3.55,0.3,0.3,0.2,0.2,0.2,0.2,0.2,0.2,0.2,-3.4,0.2,0.2,0.2,0.3,0.2,0.2,0.3,0.3,0.2,-3.35,0.2,0.2,0.2,0.2,0.3,0.2,0.2,0.2,0.2,-3.27,0.2,0.1,0.2,0.2,0.3,0.2,0.2,0.3,0.3,-1.1,0.2,0.2,0.2,0.2,0.2,0.2,0.2,0.2,0.2,0.1,0.2,0.2,0.2,0.3,0.2,0.2,0.2,0.2,0.2,0.4,0.2,0.3,0.2,0.2,0.2,0.2,0.1,-0.1
0.0000802,0.3,0.2,0.2,0.2,0.2,0.2,0.2,0.2,0.3,0.3,0.2,-0.1,0.2,0.2,0.2,0.2,0.2,0.2,0.2,0.2,0.2,-2.55,0.3,0.2,0.3,0.2,0.2,0.2,0.3,0.2,0.2,-3.55,0.2,0.2,0.3,0.2,0.2,0.2,0.2,0.2,0.2,-3.25,0.2,0.2,0.2,0.2,0.2,0.3,0.2,0.2,0.2,-3.41,0.2,0.2,0.2,0.2,0.2,0.2,0.2,0.2,0.3,-3.31,0.2,0.2,0.2,0.2,0.2,0.2,0.2,0.2,0.1,-1.1,0.2,0.2,0.2,0.2,0.2,0.2,0.2,0.2,0.3,0.2,0.2,0.1,0.2,0.2,0.3,0.3,0.2,0.2,0.2,0.2,0.2,0.2,0.2,0.2,0.2,0.3,0,-0.1
0.0000804,0.3,0.2,0.2,0.3,0.2,0.1,0.2,0.2,0.2,0.2,0.2,-0.1,0.3,0.3,0.2,0.2,0.3,0.2,0.2,0.2,0.2,-2.59,0.2,0.2,0.2,0.3,0.2,0.2,0.2,0.1,0.2,-3.55,0.2,0.2,0.2,0.2,0.2,0.2,0.2,0.2,0.2,-3.4,0.2,0.2,0.2,0.3,0.3,0.2,0.2,0.2,0.3,-3.45,0.2,0.2,0.2,0.2,0.2,0.2,0.2,0.2,0.2,-3.27,0.2,0.2,0.2,0.2,0.2,0.2,0.2,0.2,0.2,-1.1,0.2,0.2,0.2,0.2,0.2,0.2,0.2,0.3,0.2,0,0.2,0.2,0.2,0.2,0.2,0.2,0.2,0.2,0.3,0.2,0.2,0.2,0.2,0.2,0.2,0.2,0.2,-0.1
0.0000806,0.3,0.3,0.2,0.2,0.2,0.3,0.2,0.2,0.3,0.2,0.2,-0.1,0.2,0.2,0.3,0.2,0.2,0.2,0.3,0.3,0.3,-2.59,0.2,0.2,0.2,0.2,0.2,0.2,0.2,0.2,0.2,-3.51,0.2,0.2,0.2,0.3,0.2,0.2,0.2,0.2,0.2,-3.35,0.2,0.2,0.2,0.2,0.2,0.2,0.2,0.2,0.2,-3.45,0.2,0.2,0.2,0.3,0.3,0.2,0.2,0.2,0.2,-3.41,0.2,0.2,0.2,0.2,0.2,0.3,0.2,0.2,0.2,-1.1,0.1,0.2,0.2,0.2,0.2,0.2,0.2,0.2,0.2,0,0.2,0.2,0.2,0.2,0.2,0.2,0.2,0.2,0.2,0.3,0.2,0.2,0.2,0.2,0.2,0.2,0.1,0
0.0000808,0.2,0.3,0.2,0.2,0.2,0.2,0.2,0.2,0.2,0.2,0.2,-0.2,0.2,0.2,0.2,0.2,0.3,0.2,0.2,0.2,0.2,-2.6,0.2,0.3,0.2,0.2,0.2,0.3,0.2,0.2,0.2,-3.55,0.2,0.2,0.2,0.2,0.3,0.2,0.2,0.2,0.2,-3.5,0.2,0.1,0.2,0.2,0.2,0.2,0.2,0.3,0.2,-3.55,0.2,0.2,0.3,0.2,0.2,0.2,0.2,0.2,0.2,-3.41,0.2,0.3,0.2,0.2,0.2,0.2,0.3,0.2,0.2,-1.1,0.2,0.2,0.2,0.2,0.3,0.2,0.2,0.3,0.2,0.1,0.1,0.2,0.2,0.2,0.2,0.2,0.2,0.2,0.2,0.2,0.2,0.2,0.3,0.2,0.2,0.2,0.1,-0.1
0.000081,0.3,0.2,0.2,0.2,0.2,0.2,0.2,0.2,0.2,0.2,0.2,-0.3,0.2,0.2,0.3,0.2,0.3,0.2,0.2,0.2,0.2,-2.6,0.2,0.2,0.2,0.2,0.2,0.2,0.2,0.2,0.2,-3.65,0.3,0.2,0.2,0.2,0.2,0.2,0.2,0.2,0.2,-3.5,0.2,0.3,0.2,0.2,0.2,0.2,0.2,0.2,0.2,-3.6,0.2,0.2,0.3,0.2,0.2,0.2,0.2,0.2,0.2,-3.51,0.2,0.3,0.2,0.2,0.2,0.2,0.2,0.2,0.2,-1.2,0.2,0.2,0.2,0.2,0.2,0.2,0.2,0.2,0.2,0,0.2,0.2,0.1,0.2,0.2,0.2,0.2,0.2,0.2,0.3,0.2,0.2,0.2,0.2,0.2,0.2,0.1,0
0.0000812,0.3,0.2,0.2,0.2,0.2,0.2,0.2,0.3,0.2,0.2,0.2,-0.2,0.2,0.2,0.2,0.2,0.3,0.2,0.2,0.2,0.2,-2.56,0.2,0.2,0.2,0.2,0.2,0.3,0.2,0.2,0.2,-3.55,0.2,0.2,0.2,0.2,0.2,0.3,0.2,0.2,0.2,-3.55,0.2,0.2,0.2,0.2,0.2,0.2,0.2,0.2,0.2,-3.55,0.2,0.3,0.3,0.2,0.2,0.1,0.2,0.2,0.2,-3.51,0.2,0.2,0.2,0.2,0.2,0.3,0.2,0.2,0.2,-1.1,0.2,0.2,0.2,0.2,0.2,0.2,0.2,0.2,0.2,0.1,0.2,0.2,0.2,0.2,0.2,0.2,0.2,0.2,0.2,0.3,0.2,0.2,0.2,0.2,0.2,0.2,0.1,-0.1
0.0000814,0.3,0.2,0.2,0.3,0.2,0.2,0.2,0.1,0.2,0.2,0.2,-0.3,0.2,0.2,0.2,0.2,0.2,0.3,0.2,0.2,0.3,-2.62,0.2,0.2,0.2,0.2,0.3,0.2,0.2,0.2,0.2,-3.51,0.2,0.2,0.2,0.2,0.2,0.2,0.2,0.2,0.2,-3.6,0.2,0.2,0.2,0.2,0.2,0.3,0.2,0.2,0.2,-3.55,0.2,0.1,0.2,0.2,0.2,0.3,0.2,0.2,0.2,-3.47,0.2,0.3,0.2,0.2,0.2,0.2,0.2,0.2,0.2,-1.1,0.2,0.2,0.2,0.2,0.2,0.2,0.2,0.2,0.2,-0.1,0.2,0.2,0.2,0.2,0.2,0.2,0.2,0.2,0.2,0.3,0.2,0.2,0.2,0.2,0.2,0.2,0.2,-0.1
0.0000816,0.4,0.2,0.2,0.2,0.2,0.2,0.2,0.2,0.2,0.3,0.2,-0.3,0.2,0.2,0.3,0.2,0.2,0.2,0.2,0.2,0.2,-2.66,0.3,0.3,0.2,0.2,0.2,0.2,0.2,0.2,0.2,-3.55,0.2,0.2,0.2,0.2,0.2,0.3,0.2,0.2,0.3,-3.55,0.2,0.2,0.2,0.2,0.2,0.2,0.2,0.2,0.2,-3.6,0.2,0.2,0.1,0.2,0.2,0.2,0.2,0.2,0.2,-3.51,0.2,0.2,0.2,0.2,0.2,0.2,0.3,0.3,0.3,-1.2,0.3,0.2,0.2,0.2,0.2,0.2,0.2,0.2,0.2,-0.1,0.2,0.2,0.2,0.2,0.2,0.2,0.1,0.2,0.2,0.3,0.2,0.2,0.2,0.2,0.2,0.2,0.2,0
0.0000818,0.3,0.2,0.2,0.2,0.3,0.2,0.2,0.3,0.2,0.2,0.2,-0.3,0.2,0.2,0.2,0.2,0.2,0.2,0.2,0.2,0.2,-2.76,0.2,0.2,0.2,0.2,0.3,0.2,0.2,0.2,0.2,-3.7,0.2,0.2,0.2,0.2,0.2,0.2,0.2,0.1,0.3,-3.55,0.3,0.2,0.2,0.2,0.2,0.3,0.2,0.2,0.2,-3.55,0.2,0.2,0.2,0.2,0.2,0.2,0.2,0.2,0.2,-3.47,0.2,0.1,0.2,0.2,0.2,0.2,0.2,0.2,0.2,-1.1,0.2,0.2,0.3,0.2,0.2,0.2,0.2,0.2,0.2,0,0.2,0.3,0.2,0.2,0.2,0.3,0.2,0.2,0.2,0.2,0.2,0.2,0.2,0.2,0.2,0.2,0.2,-0.1
0.000082,0.3,0.2,0.2,0.2,0.3,0.3,0.2,0.2,0.2,0.2,0.2,-0.3,0.2,0.2,0.2,0.2,0.2,0.2,0.2,0.3,0.2,-2.72,0.2,0.3,0.2,0.1,0.2,0.2,0.2,0.2,0.2,-3.61,0.2,0.2,0.2,0.2,0.2,0.2,0.2,0.2,0.3,-3.51,0.2,0.2,0.2,0.3,0.2,0.2,0.2,0.2,0.2,-3.6,0.2,0.2,0.2,0.2,0.2,0.2,0.2,0.2,0.2,-3.55,0.2,0.2,0.2,0.2,0.2,0.2,0.3,0.2,0.2,-1.2,0.2,0.2,0.2,0.2,0.2,0.2,0.2,0.2,0.2,-0.1,0.3,0.2,0.3,0.2,0.2,0.2,0.2,0.2,0.2,0.2,0.2,0.3,0.2,0.2,0.2,0.2,0.2,0
0.0000822,0.3,0.2,0.2,0.2,0.3,0.2,0.2,0.2,0.2,0.2,0.2,-0.2,0.3,0.2,0.2,0.2,0.3,0.2,0.2,0.2,0.2,-2.72,0.3,0.2,0.2,0.3,0.2,0.3,0.2,0.2,0.2,-3.65,0.2,0.2,0.2,0.2,0.2,0.2,0.2,0.2,0.2,-3.55,0.2,0.2,0.2,0.2,0.2,0.3,0.2,0.2,0.2,-3.65,0.2,0.2,0.2,0.2,0.2,0.2,0.2,0.2,0.2,-3.61,0.2,0.2,0.2,0.2,0.2,0.2,0.2,0.2,0.2,-1.1,0.2,0.3,0.2,0.2,0.3,0.3,0.2,0.2,0.2,-0.1,0.3,0.1,0.2,0.2,0.2,0.2,0.2,0.2,0.2,0.2,0.2,0.2,0.2,0.2,0.2,0.2,0.2,-0.2
0.0000824,0.4,0.2,0.2,0.2,0.2,0.2,0.2,0.2,0.2,0.2,0.2,-0.4,0.2,0.2,0.2,0.2,0.2,0.3,0.2,0.2,0.2,-2.72,0.2,0.2,0.2,0.2,0.2,0.2,0.2,0.2,0.3,-3.75,0.2,0.2,0.2,0.2,0.2,0.2,0.2,0.2,0.2,-3.65,0.3,0.2,0.2,0.2,0.2,0.2,0.2,0.2,0.2,-3.7,0.2,0.3,0.2,0.2,0.2,0.2,0.2,0.2,0.2,-3.61,0.2,0.2,0.2,0.2,0.2,0.2,0.2,0.2,0.2,-1.2,0.2,0.2,0.2,0.2,0.2,0.2,0.2,0.2,0.3,-0.1,0.2,0.2,0.2,0.2,0.2,0.2,0.2,0.2,0.3,0.1,0.2,0.2,0.2,0.2,0.2,0.2,0.2,-0.1
0.0000826,0.3,0.3,0.2,0.2,0.3,0.2,0.2,0.2,0.2,0.3,0.2,-0.4,0.2,0.2,0.2,0.2,0.2,0.3,0.3,0.2,0.2,-2.76,0.2,0.2,0.2,0.2,0.2,0.2,0.2,0.2,0.2,-3.75,0.2,0.2,0.3,0.2,0.2,0.2,0.2,0.2,0.2,-3.55,0.2,0.2,0.2,0.2,0.3,0.2,0.2,0.3,0.2,-3.7,0.3,0.2,0.2,0.2,0.2,0.3,0.2,0.2,0.2,-3.57,0.2,0.2,0.2,0.2,0.2,0.2,0.3,0.2,0.2,-1.1,0.2,0.2,0.3,0.2,0.2,0.2,0.2,0.3,0.2,-0.2,0.2,0.2,0.2,0.2,0.2,0.3,0.2,0.2,0.3,0.1,0.3,0.2,0.2,0.2,0.2,0.2,0.2,-0.1
0.0000828,0.2,0.2,0.2,0.2,0.2,0.2,0.3,0.2,0.2,0.2,0.2,-0.4,0.2,0.2,0.2,0.2,0.2,0.2,0.2,0.2,0.2,-2.72,0.2,0.2,0.2,0.2,0.2,0.2,0.2,0.3,0.2,-3.75,0.3,0.2,0.2,0.2,0.2,0.2,0.2,0.2,0.2,-3.55,0.2,0.2,0.2,0.2,0.2,0.2,0.2,0.2,0.2,-3.65,0.2,0.2,0.2,0.2,0.2,0.2,0.2,0.2,0.2,-3.57,0.3,0.2,0.2,0.2,0.2,0.2,0.2,0.2,0.2,-1.2,0.2,0.2,0.2,0.2,0.3,0.3,0.2,0.2,0.2,0,0.2,0.2,0.2,0.2,0.2,0.2,0.3,0.2,0.2,0.2,0.2,0.2,0.2,0.3,0.2,0.2,0.2,-0.1
0.000083,0.4,0.2,0.2,0.2,0.2,0.2,0.3,0.2,0.3,0.2,0.2,-0.4,0.2,0.2,0.2,0.2,0.2,0.2,0.1,0.2,0.2,-2.72,0.2,0.2,0.2,0.2,0.2,0.2,0.2,0.2,0.2,-3.71,0.2,0.2,0.2,0.2,0.2,0.2,0.2,0.2,0.2,-3.55,0.2,0.2,0.3,0.2,0.2,0.2,0.2,0.2,0.3,-3.65,0.2,0.2,0.2,0.2,0.2,0.3,0.2,0.2,0.2,-3.57,0.2,0.2,0.2,0.2,0.2,0.3,0.2,0.2,0.1,-1.2,0.2,0.2,0.2,0.2,0.2,0.2,0.2,0.2,0.2,-0.1,0.2,0.2,0.2,0.2,0.2,0.2,0.2,0.2,0.2,0.2,0.2,0.2,0.2,0.2,0.2,0.2,0.1,0
0.0000832,0.4,0.2,0.2,0.2,0.3,0.2,0.2,0.3,0.2,0.2,0.2,-0.4,0.2,0.1,0.2,0.2,0.2,0.2,0.2,0.2,0.2,-2.76,0.2,0.2,0.2,0.2,0.2,0.2,0.2,0.2,0.2,-3.75,0.2,0.2,0.2,0.2,0.2,0.2,0.2,0.2,0.2,-3.55,0.2,0.1,0.1,0.2,0.2,0.2,0.2,0.2,0.2,-3.65,0.2,0.2,0.2,0.2,0.2,0.2,0.2,0.2,0.2,-3.67,0.2,0.2,0.2,0.2,0.2,0.2,0.3,0.2,0.3,-1.2,0.2,0.2,0.2,0.2,0.3,0.2,0.2,0.2,0.2,-0.1,0.2,0.2,0.2,0.2,0.2,0.2,0.2,0.2,0.2,0.2,0.2,0.2,0.2,0.3,0.2,0.2,0.1,-0.1
0.0000834,0.2,0.2,0.2,0.3,0.3,0.2,0.2,0.2,0.2,0.3,0.2,-0.4,0.2,0.2,0.3,0.2,0.2,0.2,0.2,0.2,0.2,-2.76,0.2,0.3,0.2,0.2,0.2,0.2,0.2,0.2,0.2,-3.75,0.2,0.2,0.2,0.2,0.2,0.2,0.2,0.2,0.3,-3.7,0.3,0.2,0.2,0.2,0.2,0.2,0.2,0.2,0.2,-3.71,0.2,0.3,0.2,0.2,0.2,0.2,0.2,0.2,0.2,-3.77,0.2,0.2,0.2,0.2,0.2,0.3,0.2,0.2,0.2,-1.1,0.2,0.2,0.2,0.2,0.2,0.2,0.2,0.2,0.2,0,0.2,0.2,0.2,0.2,0.2,0.2,0.2,0.2,0.2,0.2,0.2,0.2,0.2,0.2,0.2,0.2,0.2,0
0.0000836,0.3,0.2,0.2,0.2,0.2,0.2,0.2,0.2,0.2,0.3,0.2,-0.4,0.2,0.2,0.2,0.2,0.2,0.2,0.2,0.2,0.2,-2.72,0.2,0.2,0.2,0.2,0.2,0.2,0.2,0.2,0.2,-3.75,0.2,0.2,0.2,0.2,0.2,0.2,0.2,0.2,0.2,-3.75,0.2,0.2,0.2,0.2,0.2,0.3,0.2,0.2,0.2,-3.75,0.2,0.2,0.2,0.2,0.2,0.2,0.2,0.1,0.2,-3.81,0.2,0.2,0.2,0.2,0.2,0.2,0.2,0.2,0.2,-1.3,0.2,0.2,0.2,0.2,0.2,0.2,0.2,0.2,0.2,-0.1,0.2,0.2,0.2,0.2,0.2,0.2,0.2,0.2,0.2,0.1,0.2,0.2,0.2,0.2,0.3,0.2,0.1,0
0.0000838,0.2,0.2,0.2,0.2,0.2,0.2,0.2,0.2,0.2,0.3,0.2,-0.4,0.2,0.2,0.2,0.2,0.2,0.2,0.2,0.2,0.3,-2.86,0.2,0.2,0.2,0.2,0.3,0.3,0.2,0.2,0.2,-3.75,0.2,0.2,0.2,0.2,0.2,0.2,0.2,0.2,0.3,-3.75,0.2,0.2,0.2,0.2,0.2,0.2,0.3,0.2,0.2,-3.75,0.2,0.3,0.2,0.2,0.2,0.2,0.2,0.2,0.2,-3.81,0.2,0.2,0.2,0.2,0.2,0.2,0.2,0.2,0.2,-1.2,0.2,0.2,0.2,0.2,0.2,0.2,0.2,0.2,0.2,-0.1,0.2,0.2,0.2,0.2,0.2,0.2,0.2,0.3,0.2,0.1,0.2,0.3,0.2,0.2,0.3,0.2,0.1,-0.1
0.000084,0.2,0.2,0.2,0.2,0.2,0.2,0.2,0.2,0.2,0.2,0.2,-0.4,0.2,0.2,0.2,0.3,0.2,0.3,0.2,0.2,0.2,-2.82,0.2,0.2,0.1,0.2,0.2,0.2,0.2,0.2,0.2,-3.75,0.2,0.2,0.1,0.2,0.2,0.2,0.2,0.3,0.2,-3.75,0.2,0.2,0.2,0.2,0.2,0.2,0.3,0.2,0.2,-3.61,0.2,0.2,0.2,0.2,0.2,0.2,0.2,0.2,0.2,-3.81,0.2,0.2,0.2,0.2,0.3,0.2,0.2,0.2,0.2,-1.2,0.2,0.2,0.3,0.2,0.3,0.2,0.2,0.3,0.3,-0.1,0.2,0.2,0.2,0.2,0.2,0.2,0.2,0.2,0.2,0.1,0.2,0.3,0.2,0.3,0.2,0.2,0.1,0
0.0000842,0.3,0.3,0.2,0.2,0.2,0.2,0.2,0.2,0.2,0.2,0.2,-0.4,0.2,0.2,0.3,0.2,0.2,0.3,0.2,0.2,0.2,-2.82,0.2,0.2,0.2,0.2,0.2,0.2,0.2,0.2,0.2,-3.75,0.2,0.2,0.2,0.2,0.2,0.2,0.2,0.2,0.2,-3.9,0.2,0.2,0.2,0.2,0.2,0.2,0.2,0.2,0.2,-3.75,0.2,0.2,0.2,0.2,0.2,0.2,0.2,0.2,0.2,-3.85,0.2,0.2,0.2,0.2,0.2,0.2,0.2,0.2,0.2,-1.2,0.2,0.2,0.2,0.2,0.2,0.2,0.1,0.2,0.2,-0.1,0.2,0.2,0.2,0.2,0.2,0.2,0.2,0.2,0.2,0.1,0.2,0.2,0.2,0.2,0.2,0.2,0.1,0
0.0000844,0.3,0.2,0.2,0.3,0.2,0.2,0.2,0.2,0.2,0.2,0.2,-0.4,0.2,0.3,0.2,0.2,0.2,0.2,0.2,0.3,0.2,-2.67,0.2,0.3,0.2,0.2,0.2,0.2,0.2,0.2,0.2,-3.71,0.2,0.1,0.3,0.2,0.2,0.2,0.2,0.2,0.2,-3.85,0.2,0.2,0.2,0.2,0.3,0.2,0.2,0.2,0.2,-3.75,0.2,0.2,0.2,0.2,0.2,0.2,0.2,0.2,0.2,-3.75,0.2,0.2,0.2,0.2,0.3,0.2,0.2,0.2,0.2,-1.3,0.2,0.2,0.2,0.3,0.3,0.2,0.2,0.2,0.2,-0.1,0.2,0.2,0.2,0.3,0.2,0.1,0.2,0.2,0.2,0.2,0.3,0.2,0.2,0.2,0.2,0.2,0.1,-0.2
0.0000846,0.4,0.2,0.2,0.2,0.2,0.2,0.2,0.3,0.2,0.2,0.2,-0.5,0.2,0.3,0.3,0.2,0.2,0.2,0.2,0.2,0.2,-2.82,0.2,0.2,0.2,0.2,0.2,0.3,0.2,0.2,0.2,-3.8,0.3,0.2,0.1,0.2,0.3,0.2,0.2,0.2,0.2,-3.9,0.2,0.2,0.2,0.2,0.3,0.2,0.3,0.2,0.3,-3.8,0.2,0.2,0.2,0.2,0.2,0.2,0.2,0.2,0.2,-3.65,0.3,0.3,0.2,0.2,0.2,0.2,0.2,0.2,0.2,-1.3,0.2,0.2,0.2,0.2,0.2,0.2,0.2,0.3,0.2,-0.1,0.2,0.2,0.2,0.2,0.2,0.2,0.2,0.2,0.2,0.1,0.2,0.2,0.2,0.2,0.3,0.2,0.2,0
0.0000848,0.4,0.3,0.3,0.2,0.2,0.2,0.2,0.2,0.2,0.2,0.2,-0.5,0.2,0.2,0.3,0.3,0.2,0.2,0.2,0.2,0.2,-2.77,0.2,0.2,0.3,0.2,0.3,0.2,0.2,0.2,0.2,-3.8,0.2,0.2,0.2,0.3,0.2,0.2,0.2,0.2,0.2,-3.75,0.2,0.2,0.2,0.2,0.2,0.2,0.2,0.2,0.2,-3.85,0.2,0.2,0.2,0.2,0.2,0.3,0.2,0.2,0.2,-3.71,0.3,0.2,0.3,0.2,0.2,0.3,0.2,0.2,0.2,-1.2,0.3,0.2,0.2,0.2,0.2,0.2,0.2,0.2,0.2,-0.3,0.2,0.2,0.2,0.2,0.2,0.2,0.2,0.2,0.2,0.1,0.2,0.2,0.2,0.2,0.2,0.2,0.2,-0.1
0.000085,0.3,0.2,0.2,0.2,0.2,0.2,0.2,0.3,0.2,0.3,0.2,-0.4,0.2,0.2,0.2,0.2,0.2,0.2,0.2,0.2,0.2,-2.73,0.2,0.3,0.2,0.2,0.2,0.2,0.3,0.2,0.3,-3.71,0.2,0.2,0.2,0.2,0.3,0.2,0.2,0.2,0.2,-3.8,0.2,0.2,0.2,0.2,0.2,0.2,0.2,0.3,0.2,-3.9,0.2,0.2,0.3,0.2,0.2,0.2,0.2,0.2,0.2,-3.67,0.3,0.2,0.3,0.2,0.3,0.2,0.3,0.2,0.2,-1.2,0.2,0.2,0.2,0.2,0.2,0.2,0.3,0.3,0.2,-0.2,0.2,0.2,0.2,0.2,0.2,0.2,0.2,0.2,0.2,0,0.2,0.2,0.2,0.2,0.2,0.2,0.1,-0.1
0.0000852,0.4,0.2,0.2,0.2,0.2,0.2,0.2,0.2,0.2,0.2,0.2,-0.5,0.2,0.2,0.2,0.2,0.3,0.2,0.2,0.3,0.2,-2.83,0.3,0.2,0.2,0.2,0.2,0.2,0.2,0.2,0.2,-3.9,0.2,0.2,0.2,0.2,0.2,0.2,0.2,0.2,0.2,-3.75,0.2,0.2,0.2,0.2,0.2,0.2,0.2,0.2,0.2,-3.75,0.3,0.2,0.2,0.2,0.2,0.2,0.2,0.2,0.2,-3.71,0.2,0.2,0.2,0.3,0.2,0.2,0.3,0.3,0.2,-1.2,0.2,0.2,0.2,0.2,0.2,0.2,0.2,0.2,0.3,-0.3,0.2,0.2,0.3,0.2,0.2,0.2,0.2,0.2,0.2,0.1,0.2,0.2,0.2,0.2,0.2,0.2,0.2,-0.1
0.0000854,0.4,0.3,0.2,0.2,0.2,0.2,0.2,0.2,0.2,0.2,0.2,-0.5,0.3,0.3,0.2,0.3,0.2,0.2,0.3,0.2,0.2,-2.79,0.3,0.2,0.2,0.3,0.2,0.2,0.2,0.3,0.2,-3.81,0.2,0.2,0.2,0.2,0.2,0.2,0.2,0.2,0.2,-3.65,0.2,0.2,0.2,0.2,0.2,0.2,0.2,0.2,0.2,-3.71,0.2,0.2,0.2,0.3,0.2,0.2,0.2,0.2,0.2,-3.77,0.2,0.2,0.2,0.2,0.2,0.2,0.2,0.2,0.2,-1.3,0.3,0.2,0.2,0.2,0.2,0.2,0.3,0.3,0.2,-0.2,0.2,0.2,0.2,0.2,0.2,0.2,0.2,0.2,0.2,0.1,0.2,0.2,0.2,0.2,0.2,0.2,0.2,-0.1
0.0000856,0.3,0.2,0.2,0.2,0.2,0.2,0.2,0.2,0.2,0.3,0.3,-0.5,0.3,0.2,0.2,0.2,0.2,0.2,0.2,0.2,0.2,-2.83,0.2,0.2,0.2,0.2,0.2,0.2,0.2,0.1,0.3,-3.9,0.2,0.2,0.1,0.2,0.2,0.2,0.2,0.2,0.2,-3.75,0.2,0.2,0.2,0.2,0.2,0.2,0.2,0.2,0.1,-3.75,0.2,0.3,0.2,0.2,0.2,0.2,0.2,0.2,0.2,-3.81,0.2,0.3,0.2,0.2,0.2,0.2,0.2,0.2,0.2,-1.2,0.2,0.2,0.2,0.2,0.2,0.2,0.2,0.2,0.2,-0.2,0.2,0.2,0.2,0.2,0.2,0.2,0.3,0.2,0.2,0.1,0.2,0.2,0.2,0.2,0.2,0.2,0.1,-0.1
0.0000858,0.3,0.2,0.2,0.2,0.2,0.2,0.3,0.2,0.3,0.2,0.2,-0.5,0.2,0.3,0.3,0.2,0.2,0.2,0.2,0.2,0.2,-2.73,0.3,0.2,0.3,0.2,0.2,0.3,0.2,0.2,0.2,-3.85,0.2,0.2,0.2,0.2,0.2,0.3,0.2,0.2,0.2,-3.74,0.2,0.2,0.2,0.3,0.2,0.2,0.2,0.2,0.3,-3.8,0.2,0.3,0.2,0.2,0.2,0.2,0.2,0.2,0.2,-3.85,0.2,0.2,0.2,0.3,0.2,0.2,0.2,0.2,0.2,-1.3,0.2,0.2,0.2,0.2,0.2,0.2,0.2,0.2,0.2,-0.1,0.2,0.2,0.2,0.2,0.2,0.2,0.2,0.2,0.2,0,0.2,0.2,0.2,0.2,0.2,0.2,0.1,-0.1
0.000086,0.2,0.2,0.2,0.2,0.3,0.2,0.2,0.2,0.2,0.2,0.2,-0.5,0.2,0.2,0.2,0.2,0.3,0.2,0.2,0.2,0.2,-2.82,0.2,0.2,0.2,0.3,0.2,0.2,0.2,0.2,0.2,-3.85,0.2,0.2,0.2,0.2,0.2,0.2,0.2,0.2,0.2,-3.65,0.3,0.2,0.2,0.2,0.2,0.2,0.2,0.2,0.2,-3.9,0.2,0.2,0.2,0.2,0.2,0.2,0.2,0.2,0.3,-3.77,0.2,0.2,0.2,0.2,0.2,0.2,0.2,0.2,0.2,-1.2,0.2,0.3,0.3,0.2,0.2,0.2,0.3,0.2,0.2,-0.1,0.2,0.2,0.2,0.2,0.2,0.1,0.2,0.2,0.2,0.1,0.2,0.2,0.2,0.2,0.2,0.2,0.2,0
0.0000862,0.2,0.3,0.2,0.2,0.2,0.3,0.2,0.2,0.2,0.2,0.2,-0.5,0.2,0.2,0.3,0.2,0.2,0.2,0.2,0.3,0.2,-2.69,0.2,0.2,0.2,0.3,0.2,0.2,0.3,0.3,0.3,-3.85,0.2,0.2,0.2,0.2,0.2,0.2,0.2,0.2,0.2,-3.65,0.2,0.2,0.2,0.2,0.2,0.2,0.2,0.3,0.2,-3.9,0.2,0.2,0.2,0.2,0.2,0.2,0.2,0.3,0.2,-3.85,0.2,0.2,0.2,0.2,0.2,0.2,0.3,0.2,0.2,-1.3,0.2,0.2,0.2,0.2,0.2,0.2,0.2,0.2,0.2,-0.1,0.2,0.2,0.3,0.2,0.2,0.2,0.2,0.2,0.2,0.1,0.2,0.2,0.2,0.2,0.2,0.3,0.2,0
0.0000864,0.2,0.2,0.2,0.2,0.2,0.2,0.2,0.2,0.2,0.2,0.3,-0.5,0.2,0.2,0.2,0.2,0.2,0.2,0.2,0.2,0.2,-2.73,0.2,0.2,0.2,0.3,0.2,0.2,0.2,0.2,0.2,-3.81,0.2,0.3,0.2,0.2,0.2,0.2,0.2,0.2,0.2,-3.65,0.2,0.2,0.2,0.2,0.2,0.2,0.2,0.2,0.3,-3.9,0.3,0.2,0.3,0.2,0.2,0.2,0.3,0.2,0.2,-3.85,0.3,0.2,0.2,0.2,0.3,0.2,0.2,0.2,0.2,-1.3,0.2,0.3,0.2,0.2,0.2,0.2,0.2,0.2,0.2,-0.1,0.2,0.2,0.3,0.2,0.2,0.2,0.2,0.2,0.2,0,0.2,0.2,0.2,0.2,0.2,0.2,0.2,0.1
0.0000866,0.3,0.2,0.2,0.2,0.2,0.2,0.2,0.2,0.2,0.2,0.2,-0.5,0.2,0.2,0.2,0.2,0.2,0.2,0.2,0.3,0.2,-2.79,0.2,0.2,0.2,0.2,0.2,0.2,0.2,0.2,0.2,-3.85,0.2,0.2,0.2,0.2,0.2,0.2,0.2,0.2,0.2,-3.8,0.2,0.1,0.2,0.2,0.2,0.2,0.3,0.2,0.1,-3.9,0.2,0.3,0.2,0.3,0.2,0.2,0.2,0.2,0.1,-3.75,0.2,0.2,0.2,0.2,0.2,0.2,0.2,0.2,0.2,-1.3,0.2,0.2,0.2,0.2,0.2,0.2,0.2,0.2,0.3,-0.1,0.2,0.3,0.2,0.2,0.2,0.2,0.3,0.2,0.2,0.1,0.2,0.2,0.2,0.2,0.2,0.2,0.1,0
0.0000868,0.3,0.2,0.2,0.2,0.2,0.2,0.2,0.2,0.2,0.2,0.2,-0.5,0.2,0.2,0.2,0.2,0.2,0.2,0.2,0.3,0.3,-2.77,0.3,0.2,0.2,0.2,0.3,0.4,0.2,0.2,0.2,-3.85,0.2,0.2,0.2,0.2,0.2,0.2,0.2,0.2,0.2,-3.75,0.3,0.2,0.2,0.2,0.2,0.2,0.2,0.2,0.2,-3.85,0.2,0.2,0.2,0.2,0.2,0.2,0.3,0.2,0.2,-3.77,0.2,0.3,0.2,0.2,0.2,0.2,0.2,0.2,0.2,-1.3,0.2,0.2,0.3,0.2,0.2,0.2,0.2,0.2,0.2,-0.2,0.2,0.2,0.2,0.2,0.2,0.2,0.3,0.2,0.2,0.1,0.2,0.2,0.2,0.2,0.2,0.2,0.2,-0.1
0.000087,0.4,0.2,0.2,0.2,0.2,0.2,0.2,0.2,0.2,0.3,0.3,-0.5,0.2,0.2,0.2,0.2,0.2,0.2,0.2,0.2,0.2,-2.83,0.2,0.3,0.2,0.2,0.1,0.2,0.2,0.1,0.2,-3.75,0.2,0.2,0.2,0.2,0.2,0.2,0.2,0.2,0.2,-3.8,0.2,0.2,0.2,0.2,0.2,0.2,0.2,0.2,0.2,-3.85,0.2,0.2,0.2,0.3,0.3,0.2,0.2,0.3,0.2,-3.71,0.3,0.2,0.2,0.2,0.2,0.2,0.2,0.2,0.2,-1.2,0.2,0.2,0.2,0.2,0.2,0.2,0.2,0.2,0.2,-0.2,0.2,0.2,0.2,0.2,0.2,0.2,0.2,0.2,0.2,0,0.2,0.3,0.1,0.2,0.3,0.2,0.1,-0.1
0.0000872,0.4,0.2,0.2,0.2,0.3,0.2,0.2,0.2,0.2,0.3,0.2,-0.4,0.2,0.2,0.3,0.2,0.2,0.3,0.2,0.2,0.2,-2.79,0.2,0.2,0.2,0.2,0.2,0.2,0.2,0.2,0.2,-3.9,0.2,0.2,0.2,0.3,0.2,0.2,0.2,0.2,0.2,-3.85,0.2,0.2,0.1,0.2,0.2,0.2,0.2,0.2,0.2,-3.9,0.2,0.2,0.3,0.2,0.3,0.2,0.2,0.2,0.2,-3.75,0.2,0.2,0.2,0.2,0.2,0.1,0.2,0.3,0.3,-1.2,0.2,0.3,0.2,0.1,0.2,0.2,0.2,0.2,0.3,-0.2,0.2,0.2,0.2,0.2,0.2,0.2,0.2,0.2,0.2,0,0.2,0.2,0.3,0.2,0.2,0.2,0.2,-0.2
0.0000874,0.4,0.2,0.3,0.2,0.2,0.3,0.2,0.2,0.2,0.3,0.2,-0.6,0.2,0.2,0.2,0.2,0.2,0.2,0.2,0.2,0.2,-2.69,0.2,0.2,0.2,0.2,0.2,0.2,0.2,0.2,0.2,-3.85,0.2,0.2,0.2,0.2,0.2,0.3,0.2,0.2,0.2,-3.85,0.1,0.2,0.2,0.2,0.3,0.2,0.2,0.2,0.2,-3.94,0.2,0.2,0.2,0.3,0.2,0.2,0.3,0.2,0.2,-3.71,0.2,0.2,0.2,0.2,0.2,0.2,0.2,0.2,0.2,-1.2,0.2,0.2,0.2,0.2,0.2,0.2,0.2,0.2,0.2,-0.3,0.2,0.1,0.2,0.2,0.2,0.2,0.2,0.2,0.2,0.1,0.2,0.2,0.2,0.2,0.2,0.2,0.1,0
0.0000876,0.4,0.2,0.2,0.2,0.2,0.2,0.2,0.2,0.2,0.2,0.3,-0.4,0.2,0.2,0.2,0.2,0.2,0.2,0.2,0.3,0.2,-2.74,0.3,0.2,0.2,0.2,0.2,0.2,0.2,0.3,0.1,-3.85,0.3,0.3,0.2,0.2,0.2,0.2,0.2,0.2,0.2,-3.9,0.2,0.2,0.2,0.2,0.2,0.2,0.2,0.2,0.2,-3.85,0.2,0.2,0.2,0.2,0.2,0.2,0.2,0.2,0.3,-3.67,0.3,0.2,0.2,0.3,0.2,0.2,0.2,0.2,0.2,-1.3,0.2,0.2,0.2,0.2,0.2,0.2,0.2,0.2,0.2,-0.2,0.2,0.2,0.2,0.2,0.2,0.2,0.2,0.3,0.3,0.2,0.2,0.2,0.2,0.2,0.2,0.2,0.1,0
0.0000878,0.4,0.2,0.2,0.2,0.3,0.2,0.2,0.2,0.2,0.2,0.2,-0.5,0.2,0.2,0.3,0.2,0.2,0.2,0.2,0.2,0.2,-2.83,0.2,0.2,0.2,0.2,0.2,0.2,0.2,0.3,0.2,-3.85,0.2,0.3,0.2,0.2,0.2,0.3,0.2,0.2,0.3,-3.85,0.2,0.3,0.2,0.2,0.2,0.2,0.2,0.2,0.2,-3.85,0.2,0.2,0.2,0.2,0.2,0.2,0.2,0.2,0.3,-3.81,0.3,0.2,0.2,0.2,0.2,0.2,0.2,0.2,0.2,-1.2,0.2,0.2,0.2,0.2,0.2,0.2,0.2,0.3,0.2,-0.3,0.2,0.2,0.2,0.2,0.2,0.2,0.2,0.2,0.2,0.1,0.2,0.2,0.2,0.2,0.3,0.2,0.1,-0.1
0.000088,0.4,0.3,0.2,0.2,0.2,0.2,0.2,0.2,0.2,0.2,0.2,-0.4,0.2,0.2,0.3,0.2,0.2,0.3,0.2,0.2,0.2,-2.7,0.2,0.2,0.2,0.2,0.2,0.2,0.2,0.2,0.2,-3.75,0.2,0.2,0.3,0.2,0.2,0.2,0.2,0.2,0.2,-3.81,0.2,0.2,0.2,0.2,0.2,0.2,0.2,0.2,0.2,-3.85,0.2,0.2,0.2,0.2,0.2,0.2,0.2,0.2,0.2,-3.81,0.2,0.2,0.3,0.3,0.2,0.2,0.2,0.1,0.2,-1.2,0.2,0.2,0.2,0.2,0.2,0.2,0.1,0.2,0.2,-0.2,0.2,0.2,0.2,0.1,0.2,0.2,0.2,0.2,0.2,0.1,0.2,0.2,0.2,0.2,0.2,0.2,0.2,-0.2
0.0000882,0.4,0.2,0.2,0.2,0.2,0.2,0.2,0.2,0.2,0.2,0.2,-0.4,0.2,0.3,0.2,0.2,0.2,0.2,0.2,0.2,0.2,-2.79,0.2,0.3,0.2,0.2,0.2,0.2,0.2,0.2,0.3,-3.85,0.2,0.2,0.2,0.2,0.2,0.2,0.2,0.2,0.2,-3.8,0.2,0.2,0.2,0.3,0.2,0.2,0.2,0.2,0.2,-3.85,0.2,0.2,0.2,0.2,0.2,0.2,0.2,0.2,0.2,-3.81,0.2,0.2,0.2,0.2,0.2,0.2,0.2,0.2,0.2,-1.1,0.2,0.2,0.1,0.2,0.2,0.2,0.2,0.2,0.2,-0.3,0.2,0.2,0.2,0.2,0.2,0.2,0.2,0.2,0.3,0.1,0.3,0.2,0.2,0.3,0.1,0.2,0,-0.2
0.0000884,0.2,0.2,0.2,0.2,0.2,0.2,0.2,0.2,0.2,0.2,0.2,-0.4,0.2,0.3,0.3,0.2,0.2,0.2,0.2,0.2,0.2,-2.74,0.2,0.3,0.2,0.3,0.2,0.2,0.2,0.2,0.2,-3.81,0.2,0.2,0.2,0.2,0.2,0.2,0.2,0.2,0.2,-3.84,0.2,0.3,0.2,0.2,0.2,0.2,0.2,0.2,0.2,-3.85,0.2,0.2,0.2,0.2,0.2,0.2,0.2,0.2,0.2,-3.81,0.2,0.2,0.2,0.2,0.2,0.2,0.2,0.2,0.2,-1.1,0.2,0.2,0.2,0.2,0.2,0.2,0.2,0.2,0.2,-0.2,0.2,0.2,0.2,0.2,0.2,0.2,0.2,0.2,0.2,0,0.2,0.2,0.2,0.2,0.2,0.2,0.1,0
0.0000886,0.3,0.2,0.2,0.2,0.2,0.3,0.2,0.2,0.2,0.2,0.3,-0.4,0.2,0.2,0.2,0.2,0.2,0.2,0.2,0.2,0.2,-2.69,0.3,0.2,0.2,0.2,0.2,0.2,0.2,0.3,0.2,-3.75,0.3,0.2,0.3,0.2,0.2,0.2,0.2,0.2,0.2,-3.8,0.2,0.2,0.2,0.2,0.2,0.2,0.2,0.2,0.2,-3.75,0.2,0.2,0.2,0.2,0.2,0.3,0.2,0.2,0.2,-3.85,0.2,0.2,0.2,0.2,0.2,0.2,0.2,0.2,0.3,-1.1,0.2,0.2,0.2,0.2,0.2,0.2,0.2,0.2,0.2,-0.2,0.2,0.2,0.2,0.2,0.2,0.2,0.2,0.2,0.2,0,0.2,0.2,0.2,0.2,0.2,0.2,0.1,-0.2
0.0000888,0.3,0.1,0.2,0.2,0.3,0.1,0.2,0.3,0.2,0.2,0.2,-0.4,0.2,0.2,0.3,0.2,0.2,0.2,0.2,0.2,0.2,-2.74,0.3,0.2,0.2,0.2,0.2,0.2,0.2,0.1,0.2,-3.85,0.2,0.2,0.2,0.2,0.2,0.2,0.3,0.2,0.2,-3.71,0.2,0.2,0.2,0.2,0.2,0.2,0.2,0.2,0.2,-3.94,0.2,0.2,0.2,0.2,0.2,0.2,0.2,0.3,0.2,-3.91,0.2,0.2,0.2,0.2,0.3,0.2,0.2,0.2,0.2,-1.1,0.2,0.2,0.3,0.3,0.2,0.2,0.2,0.2,0.2,-0.2,0.2,0.2,0.2,0.2,0.2,0.2,0.2,0.2,0.2,0,0.2,0.3,0.2,0.2,0.2,0.2,0.2,-0.1
0.000089,0.3,0.3,0.2,0.2,0.2,0.3,0.2,0.2,0.2,0.2,0.2,-0.4,0.2,0.2,0.2,0.2,0.2,0.2,0.3,0.2,0.2,-2.66,0.2,0.2,0.1,0.2,0.2,0.2,0.2,0.2,0.2,-3.75,0.2,0.2,0.2,0.2,0.2,0.2,0.2,0.2,0.2,-3.8,0.2,0.2,0.2,0.2,0.2,0.2,0.2,0.3,0.2,-3.8,0.2,0.3,0.2,0.2,0.2,0.2,0.2,0.2,0.2,-3.81,0.2,0.2,0.2,0.2,0.2,0.2,0.2,0.1,0.2,-1.2,0.2,0.2,0.2,0.2,0.3,0.2,0.2,0.1,0.2,-0.2,0.2,0.2,0.2,0.2,0.2,0.2,0.2,0.2,0.2,0,0.2,0.2,0.2,0.2,0.2,0.2,0.1,-0.1
0.0000892,0.2,0.2,0.2,0.2,0.2,0.2,0.2,0.2,0.2,0.2,0.3,-0.5,0.3,0.2,0.2,0.2,0.2,0.2,0.2,0.3,0.2,-2.61,0.2,0.2,0.2,0.2,0.2,0.2,0.2,0.3,0.2,-3.8,0.2,0.3,0.2,0.2,0.3,0.3,0.2,0.2,0.2,-3.75,0.2,0.2,0.2,0.2,0.2,0.2,0.2,0.3,0.2,-3.81,0.2,0.2,0.2,0.2,0.2,0.2,0.2,0.2,0.2,-3.91,0.2,0.2,0.2,0.2,0.2,0.2,0.2,0.3,0.1,-1.1,0.2,0.2,0.2,0.2,0.3,0.2,0.2,0.2,0.2,-0.1,0.2,0.2,0.2,0.2,0.2,0.2,0.2,0.2,0.2,0,0.2,0.2,0.2,0.3,0.2,0.2,0.2,-0.1
0.0000894,0.3,0.3,0.2,0.2,0.2,0.2,0.3,0.3,0.2,0.2,0.2,-0.5,0.2,0.2,0.2,0.2,0.2,0.2,0.1,0.2,0.2,-2.53,0.2,0.3,0.2,0.2,0.2,0.2,0.3,0.2,0.2,-3.8,0.2,0.2,0.2,0.3,0.3,0.2,0.2,0.2,0.2,-3.9,0.2,0.2,0.2,0.2,0.2,0.2,0.2,0.1,0.2,-3.85,0.2,0.3,0.2,0.2,0.2,0.2,0.2,0.2,0.2,-3.81,0.2,0.2,0.2,0.2,0.2,0.3,0.2,0.2,0.2,-1.2,0.2,0.2,0.2,0.3,0.2,0.2,0.2,0.2,0.2,-0.2,0.3,0.2,0.2,0.2,0.2,0.2,0.2,0.2,0.2,0,0.2,0.2,0.2,0.2,0.2,0.2,0.3,-0.1
0.0000896,0.2,0.2,0.2,0.2,0.2,0.3,0.2,0.2,0.2,0.2,0.2,-0.5,0.2,0.3,0.2,0.2,0.2,0.2,0.3,0.2,0.2,-2.57,0.2,0.2,0.2,0.2,0.2,0.2,0.2,0.2,0.2,-3.75,0.2,0.2,0.2,0.2,0.2,0.3,0.2,0.3,0.2,-3.8,0.2,0.2,0.2,0.2,0.2,0.2,0.2,0.2,0.2,-3.75,0.2,0.2,0.2,0.2,0.1,0.2,0.2,0.2,0.2,-3.85,0.2,0.2,0.2,0.2,0.2,0.2,0.2,0.2,0.2,-1.3,0.2,0.2,0.2,0.2,0.2,0.2,0.2,0.2,0.2,-0.3,0.2,0.2,0.2,0.2,0.2,0.2,0.2,0.2,0.2,0,0.3,0.2,0.2,0.2,0.2,0.2,0.2,-0.1
0.0000898,0.3,0.2,0.2,0.3,0.3,0.3,0.2,0.2,0.2,0.2,0.2,-0.5,0.2,0.2,0.2,0.2,0.2,0.2,0.3,0.2,0.2,-2.53,0.2,0.2,0.2,0.2,0.2,0.2,0.2,0.2,0.2,-3.71,0.2,0.2,0.2,0.2,0.2,0.2,0.3,0.2,0.2,-3.75,0.2,0.2,0.2,0.2,0.2,0.2,0.3,0.2,0.2,-3.8,0.3,0.2,0.2,0.3,0.2,0.3,0.2,0.2,0.2,-3.81,0.2,0.2,0.3,0.2,0.2,0.2,0.2,0.2,0.2,-1.2,0.2,0.2,0.2,0.3,0.2,0.2,0.2,0.2,0.3,-0.2,0.2,0.2,0.2,0.2,0.2,0.2,0.3,0.2,0.2,0.1,0.3,0.2,0.2,0.2,0.2,0.3,0.2,-0.1
0.00009,0.3,0.2,0.2,0.2,0.2,0.2,0.2,0.2,0.2,0.2,0.2,-0.4,0.2,0.2,0.2,0.2,0.2,0.2,0.2,0.2,0.2,-2.53,0.2,0.2,0.2,0.2,0.2,0.2,0.2,0.2,0.2,-3.75,0.3,0.2,0.2,0.2,0.2,0.2,0.2,0.3,0.1,-3.9,0.2,0.2,0.2,0.2,0.2,0.2,0.2,0.2,0.2,-3.75,0.2,0.2,0.1,0.2,0.2,0.2,0.2,0.2,0.2,-3.85,0.2,0.2,0.2,0.2,0.3,0.2,0.2,0.2,0.3,-1.3,0.2,0.2,0.2,0.3,0.3,0.2,0.2,0.2,0.2,-0.1,0.2,0.2,0.2,0.2,0.2,0.2,0.2,0.2,0.2,0.1,0.2,0.2,0.3,0.2,0.2,0.2,0.2,0
0.0000902,0.2,0.2,0.3,0.2,0.3,0.3,0.2,0.2,0.2,0.2,0.2,-0.5,0.2,0.2,0.3,0.3,0.2,0.2,0.3,0.2,0.3,-2.53,0.2,0.2,0.2,0.2,0.2,0.2,0.2,0.2,0.2,-3.75,0.2,0.2,0.2,0.2,0.2,0.2,0.3,0.2,0.2,-3.8,0.3,0.2,0.2,0.2,0.2,0.3,0.2,0.2,0.2,-3.9,0.2,0.2,0.2,0.2,0.2,0.2,0.2,0.3,0.2,-3.85,0.2,0.2,0.2,0.2,0.3,0.2,0.2,0.2,0.2,-1.3,0.2,0.2,0.3,0.2,0.2,0.2,0.2,0.2,0.2,-0.2,0.2,0.2,0.2,0.3,0.2,0.2,0.2,0.2,0.2,0.1,0.2,0.2,0.2,0.2,0.3,0.2,0.1,0
0.0000904,0.2,0.2,0.2,0.2,0.3,0.2,0.2,0.2,0.2,0.2,0.3,-0.5,0.2,0.2,0.3,0.2,0.2,0.2,0.3,0.2,0.3,-2.61,0.2,0.2,0.2,0.2,0.2,0.2,0.2,0.2,0.2,-3.85,0.2,0.2,0.2,0.3,0.2,0.2,0.2,0.2,0.2,-3.9,0.2,0.2,0.2,0.2,0.2,0.2,0.2,0.2,0.2,-3.85,0.2,0.2,0.2,0.2,0.2,0.2,0.2,0.2,0.2,-3.81,0.2,0.2,0.2,0.2,0.2,0.2,0.2,0.3,0.2,-1.3,0.2,0.2,0.2,0.2,0.2,0.2,0.1,0.2,0.2,-0.2,0.2,0.2,0.2,0.2,0.2,0.2,0.2,0.2,0.2,0.1,0.2,0.2,0.2,0.2,0.2,0.2,0.2,-0.1
0.0000906,0.3,0.2,0.2,0.2,0.2,0.2,0.2,0.2,0.2,0.2,0.3,-0.5,0.2,0.2,0.2,0.2,0.2,0.2,0.2,0.2,0.2,-2.7,0.2,0.2,0.2,0.2,0.2,0.2,0.2,0.2,0.2,-3.85,0.2,0.2,0.2,0.2,0.2,0.2,0.2,0.2,0.2,-3.8,0.2,0.2,0.2,0.2,0.3,0.2,0.2,0.2,0.3,-3.9,0.2,0.2,0.2,0.3,0.2,0.2,0.2,0.2,0.2,-3.81,0.2,0.3,0.2,0.2,0.2,0.2,0.2,0.1,0.2,-1.2,0.2,0.2,0.1,0.2,0.2,0.2,0.2,0.2,0.2,-0.2,0.2,0.2,0.3,0.2,0.2,0.2,0.2,0.2,0.2,0.1,0.2,0.2,0.3,0.2,0.3,0.2,0.1,-0.2
0.0000908,0.3,0.2,0.2,0.3,0.2,0.2,0.2,0.2,0.2,0.2,0.2,-0.4,0.2,0.2,0.2,0.2,0.3,0.2,0.2,0.2,0.3,-2.7,0.2,0.2,0.2,0.1,0.3,0.2,0.2,0.2,0.2,-3.85,0.2,0.2,0.2,0.2,0.2,0.2,0.2,0.2,0.3,-3.84,0.2,0.2,0.2,0.2,0.2,0.2,0.2,0.2,0.2,-4,0.2,0.2,0.2,0.2,0.2,0.2,0.2,0.2,0.2,-3.85,0.2,0.2,0.2,0.2,0.2,0.2,0.3,0.2,0.2,-1.2,0.2,0.2,0.2,0.2,0.2,0.2,0.2,0.3,0.2,-0.1,0.2,0.2,0.2,0.2,0.2,0.2,0.2,0.3,0.2,0.1,0.2,0.2,0.2,0.2,0.2,0.2,0.1,-0.1
0.000091,0.3,0.2,0.2,0.2,0.2,0.2,0.2,0.2,0.2,0.3,0.2,-0.5,0.2,0.3,0.3,0.2,0.3,0.2,0.1,0.2,0.2,-2.64,0.2,0.2,0.2,0.2,0.3,0.2,0.2,0.3,0.2,-3.85,0.2,0.2,0.2,0.2,0.2,0.2,0.2,0.2,0.3,-3.75,0.2,0.2,0.2,0.2,0.2,0.2,0.2,0.2,0.2,-3.9,0.2,0.2,0.2,0.3,0.3,0.2,0.2,0.2,0.2,-3.81,0.2,0.2,0.2,0.2,0.2,0.2,0.2,0.2,0.2,-1.1,0.2,0.2,0.2,0.2,0.2,0.2,0.2,0.3,0.3,-0.2,0.2,0.2,0.2,0.2,0.2,0.2,0.2,0.2,0.2,0.1,0.2,0.2,0.2,0.2,0.2,0.2,0.1,-0.1
0.0000912,0.2,0.2,0.2,0.2,0.2,0.2,0.2,0.2,0.2,0.2,0.2,-0.5,0.3,0.2,0.2,0.2,0.2,0.2,0.2,0.2,0.3,-2.64,0.2,0.2,0.3,0.2,0.2,0.2,0.2,0.3,0.2,-3.85,0.2,0.2,0.2,0.2,0.2,0.2,0.2,0.2,0.2,-3.8,0.2,0.2,0.3,0.2,0.2,0.2,0.2,0.2,0.2,-3.81,0.2,0.2,0.2,0.2,0.2,0.2,0.3,0.2,0.2,-3.81,0.2,0.2,0.2,0.2,0.2,0.2,0.2,0.2,0.2,-1.2,0.3,0.2,0.2,0.2,0.2,0.2,0.2,0.2,0.3,-0.3,0.2,0.2,0.2,0.2,0.2,0.2,0.2,0.2,0.2,0.1,0.3,0.2,0.2,0.2,0.1,0.2,0,-0.2
0.0000914,0.3,0.2,0.2,0.2,0.2,0.2,0.2,0.3,0.2,0.2,0.2,-0.5,0.2,0.3,0.2,0.2,0.2,0.2,0.2,0.2,0.2,-2.6,0.2,0.2,0.2,0.2,0.3,0.2,0.2,0.3,0.2,-3.75,0.2,0.2,0.2,0.3,0.2,0.2,0.2,0.2,0.2,-3.75,0.2,0.2,0.3,0.2,0.2,0.3,0.2,0.2,0.3,-3.94,0.2,0.2,0.2,0.2,0.2,0.2,0.2,0.2,0.3,-3.81,0.2,0.2,0.2,0.2,0.2,0.2,0.2,0.2,0.2,-1,0.2,0.2,0.2,0.2,0.2,0.2,0.2,0.3,0.2,-0.2,0.2,0.2,0.2,0.2,0.2,0.2,0.2,0.2,0.2,0,0.2,0.2,0.2,0.3,0.2,0.2,0.2,-0.1
0.0000916,0.4,0.2,0.2,0.2,0.3,0.2,0.3,0.3,0.2,0.2,0.2,-0.5,0.3,0.2,0.3,0.2,0.2,0.2,0.3,0.2,0.1,-2.6,0.2,0.3,0.2,0.2,0.2,0.2,0.2,0.2,0.2,-3.75,0.2,0.2,0.2,0.2,0.2,0.2,0.2,0.2,0.3,-3.75,0.2,0.2,0.2,0.2,0.2,0.2,0.2,0.3,0.2,-3.9,0.2,0.2,0.2,0.2,0.2,0.2,0.2,0.3,0.2,-3.81,0.3,0.1,0.2,0.2,0.2,0.2,0.2,0.2,0.2,-1,0.2,0.2,0.2,0.2,0.3,0.2,0.2,0.2,0.2,-0.3,0.2,0.2,0.2,0.2,0.2,0.2,0.2,0.2,0.2,0,0.2,0.2,0.2,0.2,0.2,0.2,0.3,-0.1
0.0000918,0.3,0.3,0.3,0.2,0.2,0.2,0.2,0.2,0.2,0.2,0.2,-0.4,0.2,0.2,0.2,0.2,0.2,0.2,0.2,0.2,0.2,-2.6,0.2,0.2,0.2,0.2,0.2,0.2,0.2,0.1,0.2,-3.75,0.2,0.2,0.2,0.2,0.3,0.2,0.2,0.2,0.2,-3.9,0.2,0.2,0.2,0.2,0.2,0.2,0.2,0.3,0.2,-3.9,0.2,0.2,0.1,0.2,0.2,0.3,0.2,0.2,0.2,-3.85,0.2,0.2,0.2,0.2,0.2,0.2,0.2,0.2,0.1,-1.1,0.3,0.2,0.2,0.2,0.2,0.2,0.2,0.2,0.3,-0.3,0.2,0.2,0.2,0.2,0.2,0.2,0.2,0.2,0.1,0.1,0.2,0.3,0.2,0.3,0.2,0.2,0.2,-0.2
0.000092,0.4,0.2,0.2,0.2,0.2,0.2,0.2,0.2,0.2,0.2,0.2,-0.5,0.2,0.2,0.2,0.2,0.2,0.3,0.2,0.2,0.2,-2.47,0.2,0.3,0.3,0.2,0.2,0.3,0.3,0.2,0.2,-3.75,0.2,0.2,0.2,0.2,0.2,0.2,0.2,0.2,0.2,-3.85,0.2,0.2,0.1,0.2,0.2,0.2,0.3,0.2,0.2,-3.9,0.2,0.3,0.2,0.2,0.2,0.2,0.3,0.2,0.3,-3.81,0.2,0.2,0.2,0.3,0.3,0.3,0.3,0.2,0.2,-1.2,0.2,0.2,0.2,0.2,0.2,0.2,0.2,0.2,0.2,-0.3,0.2,0.2,0.2,0.2,0.2,0.2,0.2,0.2,0.2,0.1,0.2,0.2,0.2,0.3,0.2,0.2,0.2,-0.1
0.0000922,0.4,0.2,0.2,0.3,0.2,0.3,0.2,0.3,0.2,0.2,0.2,-0.5,0.2,0.3,0.2,0.3,0.2,0.2,0.2,0.2,0.2,-2.57,0.2,0.2,0.2,0.2,0.2,0.2,0.2,0.2,0.2,-3.71,0.2,0.2,0.2,0.3,0.2,0.2,0.3,0.2,0.2,-3.75,0.2,0.3,0.2,0.2,0.3,0.2,0.2,0.2,0.2,-3.8,0.2,0.2,0.2,0.2,0.2,0.2,0.2,0.2,0.2,-3.81,0.2,0.2,0.2,0.2,0.2,0.2,0.2,0.2,0.2,-1.1,0.2,0.2,0.2,0.2,0.2,0.2,0.2,0.2,0.2,-0.3,0.3,0.2,0.2,0.2,0.2,0.2,0.2,0.2,0.2,0.1,0.2,0.3,0.2,0.2,0.2,0.2,0.2,-0.2
0.0000924,0.2,0.2,0.2,0.2,0.2,0.3,0.2,0.2,0.2,0.2,0.2,-0.5,0.2,0.2,0.2,0.2,0.2,0.2,0.2,0.2,0.3,-2.53,0.2,0.2,0.2,0.2,0.2,0.2,0.2,0.2,0.2,-3.65,0.2,0.2,0.2,0.2,0.2,0.2,0.2,0.3,0.2,-3.85,0.2,0.2,0.2,0.2,0.2,0.2,0.2,0.2,0.2,-3.75,0.2,0.1,0.2,0.2,0.2,0.2,0.2,0.2,0.2,-3.81,0.2,0.2,0.2,0.3,0.2,0.2,0.2,0.2,0.2,-1.1,0.2,0.2,0.2,0.2,0.2,0.2,0.3,0.2,0.3,-0.2,0.2,0.2,0.2,0.2,0.2,0.2,0.2,0.2,0.2,0.1,0.2,0.2,0.2,0.2,0.2,0.3,0.2,-0.2
0.0000926,0.3,0.2,0.2,0.2,0.3,0.3,0.2,0.2,0.2,0.2,0.2,-0.4,0.2,0.2,0.2,0.2,0.2,0.2,0.2,0.3,0.3,-2.43,0.2,0.2,0.2,0.2,0.2,0.2,0.3,0.2,0.2,-3.75,0.2,0.2,0.2,0.2,0.2,0.2,0.2,0.2,0.2,-3.75,0.2,0.2,0.3,0.2,0.2,0.2,0.2,0.2,0.2,-3.8,0.2,0.2,0.2,0.3,0.2,0.2,0.2,0.2,0.2,-3.85,0.2,0.3,0.2,0.2,0.2,0.2,0.2,0.2,0.2,-1.2,0.2,0.2,0.2,0.2,0.2,0.2,0.2,0.2,0.2,-0.2,0.2,0.2,0.2,0.2,0.2,0.2,0.2,0.2,0.3,0.1,0.2,0.2,0.2,0.3,0.2,0.2,0.2,-0.1
0.0000928,0.2,0.2,0.2,0.2,0.2,0.2,0.2,0.2,0.2,0.3,0.3,-0.5,0.2,0.2,0.2,0.2,0.2,0.3,0.2,0.2,0.2,-2.47,0.2,0.2,0.2,0.2,0.2,0.2,0.2,0.3,0.2,-3.71,0.2,0.2,0.2,0.2,0.2,0.3,0.2,0.2,0.2,-3.75,0.2,0.2,0.2,0.2,0.2,0.2,0.2,0.2,0.2,-3.9,0.2,0.2,0.2,0.2,0.2,0.2,0.2,0.2,0.3,-3.81,0.3,0.1,0.2,0.2,0.2,0.2,0.2,0.2,0.2,-1.2,0.3,0.1,0.2,0.2,0.2,0.3,0.2,0.2,0.2,-0.3,0.2,0.2,0.2,0.2,0.2,0.2,0.2,0.2,0.2,0.1,0.2,0.2,0.2,0.2,0.2,0.2,0.1,-0.1
0.000093,0.2,0.2,0.2,0.2,0.2,0.2,0.2,0.2,0.2,0.2,0.2,-0.4,0.2,0.2,0.2,0.2,0.2,0.2,0.2,0.2,0.2,-2.47,0.2,0.3,0.2,0.2,0.2,0.2,0.2,0.2,0.2,-3.75,0.3,0.3,0.2,0.2,0.2,0.2,0.2,0.2,0.2,-3.75,0.2,0.1,0.2,0.2,0.2,0.2,0.3,0.2,0.2,-3.75,0.2,0.2,0.2,0.2,0.2,0.2,0.2,0.2,0.2,-3.75,0.2,0.2,0.2,0.2,0.2,0.3,0.2,0.2,0.2,-1.1,0.2,0.2,0.2,0.2,0.2,0.3,0.2,0.2,0.2,-0.1,0.2,0.2,0.2,0.2,0.2,0.2,0.2,0.2,0.2,0.1,0.2,0.2,0.1,0.2,0.2,0.2,0.1,0
0.0000932,0.3,0.2,0.2,0.3,0.2,0.2,0.2,0.2,0.3,0.2,0.2,-0.5,0.2,0.2,0.2,0.2,0.2,0.2,0.2,0.2,0.3,-2.51,0.2,0.3,0.2,0.2,0.2,0.2,0.2,0.2,0.2,-3.75,0.2,0.2,0.2,0.2,0.2,0.2,0.2,0.2,0.2,-3.7,0.2,0.2,0.2,0.2,0.2,0.2,0.2,0.2,0.2,-3.85,0.2,0.2,0.2,0.2,0.2,0.2,0.2,0.2,0.2,-3.75,0.2,0.3,0.3,0.3,0.1,0.2,0.2,0.2,0.2,-1.1,0.2,0.2,0.2,0.2,0.2,0.2,0.2,0.2,0.2,-0.2,0.2,0.2,0.2,0.2,0.2,0.2,0.2,0.2,0.2,0.2,0.2,0.3,0.2,0.2,0.2,0.2,0.2,-0.1
0.0000934,0.2,0.3,0.2,0.2,0.2,0.2,0.2,0.3,0.3,0.2,0.2,-0.5,0.3,0.2,0.2,0.2,0.2,0.2,0.2,0.2,0.2,-2.51,0.2,0.2,0.2,0.2,0.2,0.2,0.2,0.2,0.2,-3.85,0.3,0.2,0.2,0.2,0.2,0.2,0.2,0.2,0.2,-3.65,0.2,0.2,0.2,0.2,0.2,0.2,0.2,0.2,0.2,-3.9,0.2,0.2,0.3,0.2,0.2,0.2,0.2,0.2,0.2,-3.75,0.2,0.2,0.2,0.2,0.2,0.2,0.2,0.2,0.2,-1.2,0.2,0.2,0.2,0.2,0.2,0.2,0.2,0.2,0.2,-0.2,0.2,0.2,0.2,0.2,0.2,0.2,0.2,0.2,0.2,0.1,0.2,0.2,0.2,0.2,0.2,0.2,0.2,-0.2
0.0000936,0.3,0.2,0.2,0.2,0.2,0.2,0.2,0.2,0.2,0.3,0.3,-0.5,0.2,0.2,0.2,0.2,0.2,0.2,0.2,0.2,0.2,-2.51,0.2,0.3,0.3,0.2,0.3,0.2,0.2,0.2,0.2,-3.85,0.2,0.2,0.2,0.2,0.2,0.2,0.2,0.2,0.3,-3.75,0.2,0.2,0.3,0.2,0.2,0.2,0.3,0.2,0.2,-3.85,0.2,0.2,0.2,0.2,0.2,0.2,0.3,0.2,0.2,-3.71,0.2,0.3,0.1,0.2,0.2,0.3,0.2,0.2,0.2,-1.1,0.2,0.2,0.2,0.2,0.2,0.2,0.2,0.2,0.2,-0.2,0.2,0.2,0.2,0.2,0.2,0.2,0.2,0.2,0.2,0.1,0.2,0.1,0.3,0.2,0.2,0.2,0.2,-0.1
0.0000938,0.3,0.2,0.2,0.2,0.2,0.2,0.2,0.2,0.2,0.2,0.2,-0.5,0.2,0.3,0.2,0.2,0.2,0.2,0.2,0.2,0.2,-2.47,0.1,0.2,0.2,0.2,0.3,0.2,0.3,0.2,0.2,-3.9,0.2,0.2,0.2,0.2,0.2,0.2,0.2,0.2,0.2,-3.8,0.3,0.2,0.3,0.2,0.2,0.2,0.2,0.2,0.2,-3.85,0.2,0.2,0.2,0.1,0.2,0.2,0.2,0.2,0.2,-3.77,0.3,0.2,0.2,0.2,0.2,0.2,0.2,0.2,0.2,-1.1,0.2,0.2,0.2,0.2,0.2,0.2,0.2,0.2,0.2,-0.2,0.2,0.2,0.2,0.2,0.2,0.2,0.2,0.2,0.2,0.2,0.2,0.2,0.2,0.2,0.2,0.2,0.1,-0.1
0.000094,0.3,0.2,0.2,0.2,0.2,0.2,0.3,0.2,0.2,0.2,0.2,-0.6,0.3,0.2,0.2,0.2,0.2,0.2,0.2,0.2,0.3,-2.43,0.2,0.2,0.3,0.2,0.2,0.2,0.2,0.2,0.2,-3.71,0.2,0.2,0.2,0.2,0.2,0.2,0.2,0.2,0.2,-3.65,0.2,0.2,0.2,0.2,0.2,0.2,0.2,0.2,0.2,-3.9,0.2,0.2,0.2,0.2,0.2,0.2,0.2,0.2,0.2,-3.77,0.2,0.3,0.3,0.2,0.2,0.2,0.1,0.2,0.2,-1.1,0.2,0.2,0.2,0.2,0.2,0.2,0.2,0.2,0.2,-0.3,0.3,0.2,0.2,0.2,0.3,0.2,0.2,0.2,0.2,0.1,0.2,0.2,0.2,0.2,0.2,0.2,0.2,-0.1
0.0000942,0.3,0.2,0.2,0.3,0.3,0.2,0.2,0.2,0.2,0.2,0.2,-0.6,0.2,0.2,0.2,0.2,0.2,0.2,0.2,0.2,0.2,-2.43,0.2,0.2,0.3,0.2,0.2,0.2,0.2,0.2,0.2,-3.71,0.2,0.2,0.2,0.2,0.2,0.3,0.2,0.2,0.2,-3.88,0.2,0.2,0.3,0.2,0.2,0.2,0.2,0.2,0.2,-3.8,0.2,0.2,0.2,0.2,0.2,0.2,0.2,0.2,0.2,-3.81,0.2,0.2,0.2,0.2,0.2,0.2,0.2,0.2,0.3,-1.1,0.2,0.2,0.2,0.2,0.2,0.2,0.2,0.2,0.3,-0.3,0.2,0.2,0.2,0.2,0.1,0.2,0.2,0.2,0.2,0.2,0.2,0.2,0.2,0.2,0.2,0.2,0.2,-0.1
0.0000944,0.3,0.2,0.2,0.2,0.2,0.2,0.2,0.2,0.3,0.2,0.2,-0.6,0.2,0.3,0.2,0.2,0.2,0.3,0.2,0.2,0.3,-2.38,0.2,0.2,0.2,0.2,0.2,0.2,0.2,0.2,0.2,-3.75,0.2,0.2,0.3,0.2,0.2,0.2,0.2,0.2,0.2,-3.7,0.2,0.3,0.2,0.2,0.3,0.2,0.2,0.2,0.2,-3.9,0.2,0.2,0.2,0.2,0.2,0.2,0.2,0.2,0.2,-3.77,0.2,0.2,0.2,0.2,0.2,0.2,0.2,0.2,0.2,-1.1,0.2,0.2,0.2,0.2,0.1,0.3,0.3,0.2,0.2,-0.3,0.2,0.2,0.2,0.2,0.2,0.2,0.1,0.2,0.2,0.1,0.3,0.2,0.2,0.2,0.2,0.2,0.2,-0.1
0.0000946,0.2,0.2,0.2,0.2,0.2,0.2,0.2,0.3,0.2,0.3,0.2,-0.5,0.2,0.2,0.2,0.2,0.2,0.2,0.2,0.3,0.2,-2.34,0.2,0.2,0.3,0.2,0.2,0.3,0.2,0.2,0.2,-3.8,0.2,0.2,0.2,0.2,0.2,0.2,0.2,0.2,0.2,-3.7,0.2,0.2,0.2,0.2,0.2,0.2,0.2,0.2,0.2,-3.9,0.2,0.2,0.3,0.2,0.2,0.3,0.2,0.2,0.2,-3.85,0.2,0.2,0.2,0.2,0.2,0.2,0.2,0.2,0.2,-1.1,0.2,0.3,0.1,0.3,0.3,0.2,0.2,0.2,0.2,-0.2,0.2,0.2,0.2,0.3,0.2,0.2,0.2,0.2,0.2,0.1,0.2,0.2,0.2,0.2,0.2,0.2,0.3,-0.2
0.0000948,0.3,0.3,0.2,0.2,0.2,0.2,0.2,0.2,0.2,0.2,0.2,-0.5,0.2,0.2,0.2,0.2,0.1,0.2,0.2,0.2,0.3,-2.44,0.2,0.2,0.2,0.2,0.2,0.2,0.2,0.2,0.2,-3.65,0.2,0.2,0.2,0.2,0.2,0.2,0.2,0.2,0.3,-3.55,0.1,0.2,0.2,0.2,0.2,0.2,0.2,0.2,0.3,-3.8,0.3,0.2,0.2,0.2,0.3,0.2,0.2,0.3,0.2,-3.85,0.2,0.2,0.2,0.1,0.2,0.2,0.3,0.2,0.2,-1.1,0.2,0.2,0.2,0.2,0.2,0.3,0.3,0.2,0.3,-0.2,0.1,0.2,0.2,0.2,0.2,0.2,0.2,0.2,0.2,0.1,0.2,0.2,0.2,0.3,0.2,0.2,0.1,-0.1
0.000095,0.4,0.2,0.2,0.3,0.3,0.2,0.2,0.2,0.2,0.2,0.3,-0.4,0.3,0.2,0.2,0.2,0.2,0.2,0.2,0.2,0.2,-2.3,0.2,0.2,0.2,0.2,0.2,0.2,0.2,0.2,0.2,-3.75,0.2,0.2,0.2,0.2,0.2,0.2,0.2,0.2,0.2,-3.65,0.2,0.2,0.2,0.2,0.2,0.2,0.2,0.2,0.2,-3.8,0.2,0.1,0.2,0.2,0.2,0.2,0.2,0.2,0.1,-3.85,0.3,0.2,0.2,0.2,0.2,0.2,0.2,0.2,0.2,-1.1,0.2,0.2,0.2,0.2,0.2,0.2,0.2,0.2,0.2,-0.1,0.2,0.2,0.2,0.2,0.2,0.2,0.2,0.2,0.2,0,0.2,0.2,0.2,0.2,0.2,0.2,0.3,-0.1
0.0000952,0.2,0.2,0.2,0.2,0.3,0.2,0.2,0.2,0.2,0.2,0.2,-0.4,0.2,0.2,0.2,0.2,0.2,0.3,0.2,0.2,0.2,-2.4,0.2,0.2,0.2,0.2,0.2,0.2,0.2,0.2,0.2,-3.65,0.2,0.2,0.2,0.2,0.2,0.2,0.3,0.2,0.2,-3.7,0.2,0.2,0.2,0.2,0.2,0.3,0.2,0.2,0.2,-3.71,0.2,0.2,0.2,0.2,0.2,0.2,0.2,0.2,0.2,-3.85,0.2,0.2,0.2,0.2,0.2,0.3,0.2,0.2,0.2,-1.1,0.3,0.3,0.2,0.1,0.2,0.2,0.2,0.2,0.2,-0.2,0.2,0.2,0.2,0.2,0.2,0.3,0.2,0.2,0.2,0.1,0.2,0.2,0.2,0.2,0.2,0.2,0.2,-0.1
0.0000954,0.4,0.2,0.2,0.2,0.2,0.3,0.2,0.2,0.2,0.3,0.3,-0.4,0.2,0.2,0.2,0.2,0.2,0.3,0.2,0.2,0.2,-2.25,0.2,0.2,0.2,0.2,0.2,0.2,0.2,0.2,0.2,-3.7,0.1,0.2,0.2,0.2,0.2,0.2,0.2,0.3,0.2,-3.65,0.2,0.2,0.2,0.3,0.2,0.2,0.3,0.2,0.2,-3.75,0.2,0.2,0.2,0.2,0.2,0.2,0.2,0.2,0.2,-3.85,0.2,0.2,0.4,0.2,0.2,0.2,0.2,0.2,0.3,-1.1,0.2,0.2,0.2,0.2,0.2,0.2,0.2,0.2,0.2,-0.2,0.2,0.3,0.2,0.2,0.2,0.2,0.2,0.2,0.2,0.1,0.3,0.2,0.2,0.2,0.2,0.2,0.1,-0.1
0.0000956,0.3,0.2,0.2,0.3,0.2,0.2,0.2,0.2,0.2,0.3,0.2,-0.4,0.2,0.2,0.3,0.2,0.3,0.3,0.2,0.2,0.2,-2.34,0.2,0.2,0.2,0.3,0.2,0.2,0.2,0.2,0.2,-3.65,0.2,0.2,0.2,0.2,0.2,0.2,0.2,0.2,0.2,-3.8,0.2,0.2,0.2,0.2,0.2,0.2,0.2,0.2,0.3,-3.75,0.2,0.2,0.2,0.2,0.3,0.3,0.2,0.2,0.2,-3.75,0.2,0.2,0.2,0.2,0.2,0.2,0.2,0.2,0.2,-1.1,0.2,0.2,0.2,0.2,0.2,0.2,0.2,0.2,0.2,-0.2,0.2,0.2,0.2,0.2,0.2,0.3,0.3,0.3,0.2,0.1,0.2,0.2,0.2,0.2,0.2,0.2,0.2,-0.1
0.0000958,0.3,0.2,0.2,0.2,0.2,0.2,0.2,0.2,0.2,0.2,0.2,-0.5,0.2,0.2,0.2,0.2,0.2,0.2,0.2,0.1,0.2,-2.34,0.2,0.2,0.2,0.2,0.1,0.2,0.2,0.2,0.2,-3.71,0.2,0.2,0.2,0.2,0.2,0.2,0.2,0.2,0.2,-3.75,0.2,0.2,0.2,0.2,0.2,0.2,0.2,0.2,0.2,-3.8,0.2,0.2,0.2,0.2,0.2,0.2,0.2,0.2,0.2,-3.81,0.2,0.2,0.2,0.2,0.2,0.2,0.3,0.2,0.2,-1.1,0.2,0.2,0.2,0.2,0.2,0.3,0.2,0.2,0.2,-0.2,0.2,0.3,0.3,0.2,0.2,0.2,0.2,0.3,0.2,0,0.3,0.2,0.2,0.2,0.2,0.2,0.2,-0.1
0.000096,0.3,0.2,0.2,0.2,0.2,0.2,0.2,0.2,0.3,0.2,0.2,-0.5,0.2,0.2,0.2,0.2,0.2,0.2,0.2,0.2,0.1,-2.38,0.2,0.2,0.2,0.2,0.2,0.2,0.2,0.3,0.2,-3.7,0.2,0.2,0.3,0.2,0.2,0.2,0.2,0.3,0.2,-3.8,0.2,0.3,0.2,0.2,0.2,0.2,0.3,0.2,0.2,-3.8,0.2,0.3,0.2,0.2,0.2,0.2,0.2,0.2,0.2,-3.71,0.2,0.2,0.2,0.2,0.2,0.2,0.2,0.2,0.3,-1.1,0.2,0.2,0.2,0.2,0.2,0.2,0.3,0.2,0.3,-0.2,0.2,0.2,0.2,0.2,0.2,0.2,0.2,0.2,0.2,0.1,0.2,0.2,0.2,0.2,0.2,0.2,0.1,0
0.0000962,0.3,0.2,0.2,0.2,0.2,0.2,0.2,0.2,0.2,0.2,0.2,-0.5,0.2,0.2,0.2,0.2,0.2,0.3,0.2,0.2,0.2,-2.33,0.2,0.2,0.2,0.2,0.2,0.2,0.2,0.2,0.2,-3.71,0.2,0.1,0.2,0.2,0.2,0.2,0.2,0.2,0.2,-3.8,0.2,0.2,0.2,0.2,0.2,0.2,0.2,0.2,0.2,-3.85,0.1,0.2,0.2,0.2,0.2,0.2,0.2,0.2,0.2,-3.77,0.2,0.2,0.2,0.2,0.2,0.2,0.2,0.2,0.2,-1.1,0.2,0.2,0.2,0.2,0.2,0.2,0.2,0.3,0.2,-0.2,0.3,0.2,0.2,0.2,0.2,0.2,0.2,0.2,0.3,0.1,0.2,0.2,0.2,0.2,0.2,0.2,0,-0.1
0.0000964,0.2,0.3,0.2,0.2,0.2,0.2,0.2,0.2,0.2,0.2,0.2,-0.5,0.2,0.2,0.2,0.2,0.2,0.2,0.2,0.2,0.2,-2.38,0.2,0.2,0.2,0.2,0.2,0.2,0.2,0.2,0.2,-3.75,0.2,0.2,0.2,0.2,0.2,0.2,0.2,0.2,0.1,-3.7,0.2,0.2,0.2,0.2,0.3,0.2,0.1,0.2,0.3,-3.84,0.2,0.2,0.2,0.2,0.1,0.2,0.2,0.2,0.2,-3.81,0.2,0.2,0.2,0.2,0.2,0.2,0.2,0.2,0.2,-1,0.2,0.2,0.2,0.2,0.3,0.2,0.2,0.3,0.2,-0.3,0.2,0.2,0.2,0.2,0.2,0.2,0.2,0.2,0.2,0.1,0.2,0.2,0.2,0.2,0.2,0.2,0.1,-0.1
0.0000966,0.2,0.2,0.2,0.2,0.2,0.2,0.2,0.2,0.2,0.2,0.2,-0.5,0.2,0.2,0.2,0.2,0.2,0.2,0.2,0.2,0.2,-2.28,0.3,0.3,0.2,0.2,0.2,0.2,0.2,0.2,0.2,-3.8,0.2,0.2,0.2,0.2,0.2,0.2,0.2,0.2,0.2,-3.6,0.2,0.2,0.2,0.3,0.2,0.2,0.3,0.3,0.2,-3.75,0.2,0.2,0.2,0.2,0.2,0.2,0.2,0.2,0.2,-3.77,0.2,0.2,0.2,0.2,0.2,0.2,0.2,0.2,0.2,-1,0.2,0.2,0.2,0.2,0.2,0.2,0.2,0.2,0.2,-0.2,0.2,0.2,0.2,0.2,0.2,0.2,0.2,0.2,0.2,0.1,0.2,0.3,0.2,0.2,0.2,0.2,0.1,-0.2
0.0000968,0.2,0.2,0.2,0.3,0.2,0.2,0.2,0.2,0.2,0.2,0.2,-0.4,0.2,0.2,0.3,0.2,0.2,0.2,0.2,0.2,0.3,-2.28,0.3,0.2,0.2,0.2,0.2,0.2,0.2,0.2,0.2,-3.7,0.2,0.3,0.2,0.2,0.2,0.2,0.2,0.2,0.2,-3.64,0.2,0.2,0.2,0.2,0.2,0.2,0.2,0.3,0.2,-3.8,0.2,0.2,0.2,0.2,0.2,0.2,0.2,0.2,0.2,-3.77,0.2,0.2,0.2,0.2,0.3,0.2,0.3,0.2,0.2,-1,0.2,0.2,0.2,0.2,0.2,0.2,0.2,0.2,0.2,-0.2,0.3,0.3,0.2,0.2,0.2,0.2,0.2,0.2,0.2,0.1,0.2,0.3,0.1,0.2,0.2,0.2,0.2,-0.1
0.000097,0.2,0.2,0.2,0.2,0.2,0.3,0.2,0.2,0.2,0.2,0.2,-0.3,0.2,0.2,0.2,0.2,0.2,0.2,0.2,0.2,0.2,-2.34,0.2,0.2,0.1,0.2,0.2,0.2,0.2,0.2,0.2,-3.75,0.2,0.2,0.2,0.2,0.1,0.2,0.2,0.2,0.2,-3.6,0.2,0.2,0.2,0.2,0.2,0.2,0.3,0.2,0.2,-3.9,0.2,0.2,0.2,0.2,0.2,0.2,0.2,0.2,0.2,-3.81,0.2,0.2,0.1,0.2,0.2,0.2,0.3,0.2,0.2,-1,0.2,0.3,0.2,0.2,0.2,0.2,0.2,0.2,0.2,-0.2,0.2,0.2,0.2,0.3,0.2,0.2,0.3,0.2,0.2,0,0.2,0.2,0.3,0.2,0.2,0.2,0.2,-0.1
0.0000972,0.2,0.2,0.2,0.2,0.2,0.2,0.2,0.1,0.2,0.3,0.2,-0.4,0.1,0.2,0.2,0.2,0.2,0.2,0.2,0.2,0.2,-2.25,0.2,0.2,0.2,0.2,0.2,0.2,0.2,0.2,0.2,-3.7,0.2,0.2,0.2,0.2,0.2,0.3,0.2,0.2,0.2,-3.55,0.2,0.2,0.2,0.2,0.2,0.2,0.2,0.2,0.1,-3.8,0.2,0.2,0.2,0.2,0.2,0.2,0.2,0.2,0.2,-3.75,0.2,0.2,0.2,0.2,0.2,0.2,0.2,0.2,0.2,-1,0.2,0.2,0.2,0.2,0.2,0.2,0.2,0.3,0.2,-0.2,0.2,0.2,0.2,0.2,0.2,0.2,0.2,0.2,0.2,0.1,0.2,0.1,0.2,0.2,0.2,0.2,0.3,-0.1
0.0000974,0.3,0.2,0.3,0.3,0.2,0.2,0.2,0.3,0.2,0.2,0.2,-0.5,0.2,0.2,0.2,0.2,0.2,0.2,0.2,0.3,0.2,-2.21,0.2,0.2,0.2,0.2,0.2,0.2,0.2,0.2,0.3,-3.65,0.2,0.2,0.2,0.2,0.2,0.2,0.2,0.2,0.2,-3.6,0.3,0.2,0.2,0.2,0.2,0.2,0.2,0.2,0.2,-3.65,0.2,0.2,0.2,0.2,0.2,0.2,0.2,0.2,0.2,-3.71,0.2,0.2,0.2,0.2,0.2,0.2,0.2,0.2,0.2,-1,0.2,0.3,0.3,0.2,0.3,0.2,0.2,0.2,0.3,-0.2,0.2,0.2,0.2,0.2,0.2,0.2,0.2,0.2,0.3,0.1,0.2,0.2,0.2,0.2,0.2,0.2,0.3,-0.1
0.0000976,0.3,0.2,0.2,0.2,0.2,0.2,0.2,0.2,0.2,0.2,0.2,-0.5,0.2,0.2,0.3,0.3,0.2,0.2,0.2,0.2,0.2,-2.21,0.2,0.2,0.2,0.3,0.2,0.2,0.2,0.2,0.2,-3.61,0.2,0.2,0.2,0.2,0.2,0.2,0.2,0.1,0.2,-3.65,0.2,0.2,0.2,0.2,0.2,0.2,0.2,0.2,0.3,-3.75,0.2,0.2,0.2,0.2,0.3,0.2,0.2,0.2,0.2,-3.75,0.2,0.2,0.2,0.2,0.2,0.2,0.2,0.2,0.2,-1,0.3,0.2,0.2,0.2,0.2,0.2,0.2,0.2,0.2,-0.1,0.2,0.2,0.3,0.2,0.2,0.2,0.3,0.2,0.2,0.1,0.2,0.2,0.3,0.2,0.2,0.2,0.3,-0.1
0.0000978,0.3,0.2,0.2,0.2,0.2,0.2,0.2,0.2,0.2,0.2,0.2,-0.4,0.2,0.2,0.3,0.2,0.2,0.2,0.2,0.2,0.2,-2.2,0.2,0.2,0.2,0.2,0.2,0.2,0.3,0.2,0.2,-3.65,0.2,0.2,0.2,0.2,0.2,0.2,0.2,0.2,0.2,-3.7,0.2,0.2,0.2,0.3,0.2,0.2,0.2,0.2,0.2,-3.75,0.2,0.2,0.2,0.2,0.2,0.2,0.2,0.2,0.2,-3.61,0.2,0.2,0.2,0.2,0.2,0.2,0.2,0.2,0.2,-0.9,0.1,0.2,0.3,0.2,0.2,0.2,0.2,0.2,0.2,-0.2,0.2,0.2,0.2,0.2,0.2,0.2,0.2,0.2,0.2,0.1,0.2,0.2,0.2,0.2,0.3,0.2,0.3,-0.1
0.000098,0.2,0.2,0.3,0.2,0.3,0.2,0.2,0.2,0.2,0.2,0.2,-0.4,0.2,0.3,0.2,0.2,0.2,0.2,0.3,0.2,0.2,-2.2,0.3,0.3,0.2,0.2,0.2,0.3,0.2,0.2,0.2,-3.65,0.2,0.2,0.2,0.2,0.2,0.2,0.2,0.2,0.3,-3.8,0.2,0.2,0.2,0.2,0.2,0.3,0.2,0.2,0.3,-3.7,0.2,0.2,0.2,0.2,0.2,0.2,0.2,0.2,0.2,-3.65,0.2,0.2,0.2,0.2,0.2,0.2,0.2,0.2,0.2,-1,0.2,0.1,0.2,0.2,0.2,0.2,0.2,0.2,0.2,-0.2,0.2,0.2,0.2,0.2,0.2,0.3,0.2,0.2,0.2,0,0.2,0.2,0.2,0.2,0.2,0.2,0.3,-0.1
0.0000982,0.2,0.2,0.2,0.2,0.2,0.2,0.2,0.2,0.3,0.2,0.2,-0.4,0.2,0.2,0.2,0.2,0.3,0.2,0.3,0.2,0.2,-2.2,0.2,0.2,0.2,0.2,0.2,0.1,0.1,0.2,0.2,-3.65,0.2,0.2,0.3,0.2,0.2,0.2,0.2,0.2,0.2,-3.8,0.2,0.2,0.2,0.3,0.2,0.2,0.2,0.2,0.2,-3.75,0.2,0.2,0.2,0.2,0.2,0.2,0.2,0.2,0.2,-3.65,0.2,0.2,0.2,0.2,0.3,0.2,0.2,0.3,0.2,-1,0.2,0.2,0.2,0.2,0.2,0.2,0.2,0.2,0.2,-0.2,0.2,0.3,0.1,0.2,0.2,0.2,0.2,0.1,0.1,0,0.2,0.2,0.2,0.2,0.2,0.2,0.3,-0.1
0.0000984,0.3,0.2,0.2,0.2,0.2,0.2,0.3,0.2,0.2,0.2,0.2,-0.4,0.2,0.2,0.2,0.3,0.2,0.2,0.2,0.2,0.2,-2.25,0.2,0.3,0.2,0.2,0.2,0.2,0.2,0.2,0.2,-3.65,0.2,0.2,0.2,0.2,0.2,0.2,0.2,0.2,0.2,-3.65,0.2,0.2,0.2,0.2,0.2,0.2,0.2,0.2,0.2,-3.8,0.2,0.2,0.2,0.2,0.2,0.2,0.2,0.2,0.2,-3.55,0.2,0.2,0.2,0.2,0.2,0.2,0.2,0.2,0.2,-1,0.2,0.2,0.2,0.3,0.3,0.2,0.3,0.2,0.2,-0.1,0.2,0.2,0.2,0.2,0.2,0.3,0.2,0.3,0.2,0.1,0.2,0.2,0.3,0.2,0.2,0.2,0.2,-0.1
0.0000986,0.2,0.2,0.2,0.2,0.2,0.2,0.2,0.2,0.2,0.2,0.2,-0.4,0.2,0.2,0.2,0.2,0.2,0.2,0.2,0.2,0.2,-2.24,0.2,0.2,0.2,0.2,0.2,0.2,0.2,0.2,0.2,-3.65,0.2,0.2,0.2,0.1,0.2,0.2,0.2,0.3,0.3,-3.7,0.2,0.2,0.2,0.2,0.2,0.2,0.2,0.2,0.3,-3.8,0.2,0.2,0.2,0.2,0.2,0.2,0.2,0.2,0.2,-3.55,0.2,0.2,0.2,0.2,0.2,0.2,0.2,0.2,0.1,-1,0.2,0.2,0.2,0.2,0.2,0.2,0.2,0.3,0.2,-0.3,0.2,0.2,0.1,0.2,0.2,0.2,0.2,0.2,0.2,0.1,0.2,0.2,0.2,0.2,0.2,0.2,0.2,-0.1
0.0000988,0.2,0.3,0.3,0.2,0.2,0.2,0.2,0.2,0.2,0.2,0.2,-0.5,0.3,0.2,0.2,0.3,0.2,0.2,0.2,0.2,0.2,-2.14,0.2,0.2,0.2,0.2,0.2,0.2,0.2,0.2,0.2,-3.61,0.3,0.2,0.2,0.2,0.3,0.2,0.3,0.2,0.2,-3.7,0.2,0.2,0.2,0.1,0.2,0.2,0.2,0.2,0.2,-3.75,0.2,0.2,0.2,0.2,0.3,0.2,0.2,0.2,0.2,-3.51,0.1,0.2,0.2,0.2,0.2,0.2,0.2,0.2,0.2,-1,0.2,0.2,0.2,0.2,0.2,0.2,0.2,0.2,0.2,-0.1,0.2,0.3,0.2,0.2,0.2,0.2,0.2,0.2,0.2,0.1,0.2,0.2,0.2,0.2,0.2,0.2,0.2,-0.2
0.000099,0.2,0.2,0.2,0.2,0.2,0.2,0.2,0.2,0.2,0.2,0.2,-0.4,0.2,0.2,0.2,0.2,0.2,0.2,0.2,0.3,0.2,-2.14,0.3,0.2,0.2,0.2,0.2,0.2,0.2,0.2,0.2,-3.61,0.2,0.2,0.2,0.2,0.2,0.2,0.2,0.2,0.2,-3.6,0.2,0.3,0.2,0.2,0.2,0.2,0.2,0.2,0.2,-3.8,0.3,0.2,0.2,0.2,0.2,0.2,0.2,0.2,0.2,-3.47,0.2,0.2,0.3,0.2,0.2,0.2,0.2,0.2,0.2,-1,0.2,0.2,0.2,0.2,0.2,0.2,0.3,0.2,0.2,-0.2,0.2,0.2,0.2,0.2,0.3,0.2,0.2,0.2,0.2,0,0.2,0.2,0.2,0.2,0.2,0.2,0.1,0
0.0000992,0.2,0.2,0.2,0.2,0.2,0.2,0.2,0.2,0.2,0.2,0.2,-0.4,0.2,0.2,0.2,0.2,0.2,0.3,0.2,0.2,0.2,-2.14,0.2,0.2,0.2,0.2,0.2,0.2,0.3,0.2,0.2,-3.65,0.2,0.2,0.2,0.2,0.2,0.2,0.2,0.2,0.2,-3.6,0.2,0.2,0.2,0.3,0.2,0.2,0.2,0.3,0.2,-3.8,0.2,0.2,0.2,0.2,0.2,0.2,0.2,0.2,0.2,-3.51,0.2,0.2,0.2,0.2,0.2,0.2,0.2,0.2,0.2,-0.9,0.2,0.2,0.3,0.2,0.2,0.2,0.2,0.2,0.2,-0.1,0.2,0.2,0.2,0.2,0.2,0.2,0.2,0.2,0.2,0.1,0.2,0.2,0.2,0.2,0.2,0.2,0.2,-0.2
0.0000994,0.2,0.2,0.2,0.2,0.2,0.2,0.2,0.2,0.2,0.2,0.3,-0.4,0.2,0.2,0.2,0.2,0.3,0.2,0.2,0.2,0.2,-2.24,0.2,0.2,0.2,0.2,0.2,0.2,0.2,0.2,0.2,-3.65,0.2,0.2,0.2,0.2,0.2,0.2,0.2,0.2,0.2,-3.6,0.2,0.2,0.2,0.2,0.2,0.1,0.2,0.2,0.2,-3.8,0.2,0.3,0.2,0.2,0.2,0.2,0.2,0.3,0.2,-3.47,0.2,0.2,0.2,0.2,0.2,0.2,0.2,0.2,0.2,-0.9,0.2,0.2,0.2,0.2,0.2,0.2,0.2,0.2,0.2,-0.1,0.2,0.3,0.2,0.1,0.2,0.2,0.2,0.2,0.2,0.2,0.2,0.2,0.2,0.2,0.2,0.2,0.2,-0.2
0.0000996,0.2,0.3,0.3,0.2,0.2,0.2,0.2,0.2,0.2,0.2,0.2,-0.5,0.1,0.1,0.2,0.3,0.2,0.2,0.2,0.2,0.2,-2.15,0.2,0.3,0.2,0.2,0.2,0.2,0.2,0.2,0.2,-3.74,0.2,0.3,0.2,0.2,0.2,0.2,0.2,0.3,0.2,-3.6,0.2,0.2,0.2,0.2,0.2,0.2,0.2,0.2,0.3,-3.7,0.2,0.3,0.2,0.2,0.2,0.3,0.2,0.2,0.2,-3.57,0.2,0.2,0.2,0.2,0.2,0.1,0.2,0.2,0.2,-1,0.2,0.2,0.2,0.2,0.2,0.2,0.2,0.2,0.2,-0.1,0.2,0.2,0.2,0.2,0.2,0.3,0.2,0.2,0.2,0,0.3,0.2,0.2,0.2,0.2,0.2,0.2,-0.1
0.0000998,0.2,0.2,0.2,0.2,0.3,0.2,0.2,0.3,0.2,0.2,0.2,-0.4,0.2,0.2,0.3,0.2,0.2,0.2,0.3,0.2,0.2,-2.15,0.2,0.2,0.2,0.2,0.3,0.2,0.2,0.2,0.2,-3.74,0.2,0.2,0.2,0.2,0.2,0.2,0.2,0.2,0.2,-3.6,0.2,0.2,0.2,0.2,0.2,0.2,0.2,0.2,0.3,-3.75,0.2,0.3,0.2,0.2,0.2,0.2,0.2,0.2,0.2,-3.62,0.2,0.1,0.2,0.2,0.2,0.2,0.2,0.2,0.2,-0.9,0.3,0.1,0.1,0.2,0.2,0.2,0.3,0.2,0.2,-0.2,0.2,0.2,0.3,0.3,0.2,0.2,0.2,0.2,0.2,0,0.2,0.2,0.2,0.2,0.2,0.2,0.1,0
0.0001,0.2,0.2,0.2,0.2,0.2,0.3,0.2,0.2,0.2,0.2,0.2,-0.4,0.2,0.3,0.2,0.1,0.2,0.2,0.2,0.2,0.2,-2.1,0.2,0.2,0.2,0.2,0.2,0.2,0.2,0.2,0.2,-3.7,0.2,0.2,0.3,0.2,0.2,0.2,0.2,0.2,0.2,-3.74,0.2,0.2,0.2,0.2,0.2,0.2,0.2,0.3,0.2,-3.7,0.2,0.2,0.2,0.2,0.2,0.2,0.2,0.2,0.2,-3.67,0.2,0.2,0.2,0.2,0.2,0.2,0.2,0.2,0.2,-0.9,0.2,0.2,0.2,0.3,0.2,0.2,0.2,0.2,0.2,-0.2,0.2,0.2,0.2,0.2,0.2,0.2,0.2,0.2,0.2,0.1,0.2,0.3,0.2,0.2,0.2,0.2,0.2,-0.1
0.0001,0.2,0.2,0.3,0.2,0.3,0.2,0.2,0.3,0.2,0.3,0.2,-0.4,0.2,0.1,0.2,0.2,0.2,0.2,0.3,0.2,0.2,-2.2,0.2,0.2,0.2,0.1,0.2,0.2,0.2,0.3,0.2,-3.74,0.3,0.3,0.2,0.2,0.2,0.2,0.2,0.2,0.2,-3.88,0.2,0.2,0.2,0.2,0.2,0.2,0.2,0.2,0.3,-3.7,0.2,0.2,0.2,0.2,0.2,0.2,0.2,0.2,0.2,-3.52,0.2,0.2,0.2,0.1,0.2,0.2,0.2,0.2,0.2,-1,0.2,0.2,0.2,0.2,0.2,0.2,0.2,0.2,0.2,-0.1,0.3,0.3,0.2,0.2,0.2,0.2,0.2,0.2,0.2,0.1,0.2,0.2,0.2,0.2,0.2,0.2,0.3,-0.1
0.0001,0.2,0.2,0.2,0.2,0.2,0.3,0.3,0.2,0.2,0.2,0.2,-0.4,0.2,0.2,0.3,0.2,0.3,0.2,0.2,0.2,0.2,-2.1,0.2,0.2,0.2,0.2,0.2,0.3,0.2,0.2,0.2,-3.74,0.2,0.2,0.2,0.3,0.2,0.2,0.2,0.2,0.3,-3.78,0.2,0.2,0.2,0.2,0.2,0.2,0.2,0.2,0.2,-3.74,0.1,0.3,0.2,0.2,0.2,0.2,0.2,0.2,0.2,-3.62,0.2,0.3,0.2,0.2,0.2,0.2,0.2,0.2,0.1,-0.9,0.2,0.2,0.2,0.2,0.2,0.2,0.2,0.2,0.2,-0.1,0.2,0.2,0.2,0.2,0.2,0.2,0.2,0.1,0.2,0.1,0.2,0.2,0.2,0.2,0.2,0.2,0.2,-0.2
0.000101,0.2,0.2,0.3,0.2,0.2,0.2,0.3,0.2,0.2,0.2,0.2,-0.5,0.2,0.2,0.2,0.3,0.3,0.2,0.2,0.2,0.2,-2,0.2,0.2,0.2,0.2,0.2,0.2,0.2,0.2,0.2,-3.7,0.3,0.2,0.2,0.2,0.3,0.2,0.2,0.2,0.1,-3.78,0.2,0.2,0.2,0.2,0.2,0.2,0.3,0.2,0.2,-3.78,0.2,0.2,0.2,0.3,0.2,0.2,0.2,0.2,0.2,-3.75,0.3,0.2,0.2,0.2,0.2,0.2,0.2,0.2,0.2,-0.9,0.2,0.2,0.2,0.3,0.1,0.2,0.2,0.2,0.2,-0.2,0.3,0.2,0.2,0.2,0.2,0.2,0.2,0.2,0.2,0.1,0.3,0.2,0.2,0.2,0.2,0.2,0.2,-0.1
0.000101,0.2,0.2,0.2,0.2,0.2,0.2,0.2,0.3,0.2,0.2,0.2,-0.5,0.1,0.2,0.2,0.2,0.2,0.2,0.3,0.2,0.2,-2.1,0.2,0.3,0.2,0.2,0.2,0.2,0.2,0.2,0.2,-3.74,0.2,0.2,0.2,0.2,0.3,0.2,0.2,0.2,0.2,-3.78,0.2,0.2,0.2,0.2,0.2,0.2,0.2,0.2,0.2,-3.88,0.2,0.2,0.2,0.2,0.2,0.2,0.2,0.2,0.2,-3.7,0.2,0.2,0.1,0.2,0.2,0.2,0.1,0.2,0.2,-0.9,0.3,0.2,0.2,0.1,0.2,0.2,0.2,0.2,0.2,-0.2,0.2,0.2,0.2,0.2,0.2,0.2,0.2,0.2,0.2,0,0.2,0.1,0.2,0.2,0.2,0.2,0.2,-0.1
0.000101,0.3,0.2,0.3,0.2,0.2,0.2,0.2,0.2,0.2,0.2,0.2,-0.3,0.2,0.3,0.2,0.2,0.2,0.2,0.2,0.2,0.3,-2.1,0.2,0.2,0.2,0.2,0.2,0.2,0.2,0.2,0.2,-3.74,0.2,0.2,0.2,0.2,0.2,0.3,0.3,0.3,0.2,-3.68,0.2,0.2,0.2,0.2,0.2,0.2,0.3,0.2,0.2,-3.88,0.2,0.2,0.2,0.2,0.3,0.2,0.2,0.2,0.3,-3.7,0.2,0.2,0.2,0.2,0.2,0.2,0.2,0.2,0.2,-0.9,0.2,0.2,0.2,0.2,0.3,0.2,0.2,0.2,0.3,-0.2,0.2,0.2,0.2,0.2,0.2,0.2,0.2,0.2,0.2,0,0.2,0.2,0.2,0.2,0.2,0.2,0.2,-0.1
0.000101,0.3,0.2,0.2,0.2,0.1,0.2,0.2,0.2,0.2,0.2,0.2,-0.5,0.3,0.2,0.2,0.2,0.2,0.2,0.2,0.2,0.2,-2.1,0.2,0.2,0.2,0.2,0.2,0.2,0.2,0.2,0.2,-3.74,0.2,0.2,0.2,0.2,0.2,0.2,0.3,0.2,0.2,-3.68,0.2,0.2,0.2,0.2,0.2,0.3,0.2,0.2,0.2,-3.88,0.2,0.2,0.2,0.2,0.2,0.2,0.2,0.2,0.2,-3.74,0.2,0.2,0.2,0.2,0.2,0.2,0.2,0.2,0.2,-0.8,0.2,0.2,0.3,0.2,0.2,0.2,0.2,0.2,0.1,-0.2,0.2,0.3,0.2,0.2,0.2,0.2,0.2,0.2,0.2,0.1,0.2,0.2,0.2,0.2,0.2,0.2,0.1,-0.1
0.000101,0.3,0.2,0.2,0.2,0.2,0.2,0.2,0.2,0.2,0.2,0.2,-0.4,0.3,0.2,0.3,0.2,0.3,0.2,0.3,0.2,0.2,-2.1,0.2,0.2,0.2,0.2,0.2,0.2,0.2,0.2,0.2,-3.7,0.2,0.2,0.2,0.2,0.2,0.2,0.2,0.2,0.2,-3.68,0.3,0.2,0.2,0.2,0.2,0.2,0.2,0.2,0.2,-3.78,0.2,0.2,0.2,0.2,0.2,0.2,0.2,0.3,0.2,-3.7,0.1,0.2,0.2,0.2,0.2,0.2,0.2,0.2,0.2,-0.9,0.2,0.3,0.2,0.2,0.2,0.2,0.2,0.2,0.2,0,0.3,0.2,0.2,0.2,0.2,0.3,0.2,0.2,0.2,0.1,0.2,0.2,0.2,0.2,0.2,0.2,0.2,-0.1
0.000102,0.2,0.2,0.2,0.2,0.2,0.3,0.2,0.2,0.2,0.2,0.2,-0.4,0.2,0.2,0.2,0.2,0.2,0.2,0.2,0.2,0.2,-2.1,0.2,0.2,0.2,0.2,0.3,0.2,0.2,0.1,0.2,-3.78,0.2,0.2,0.2,0.2,0.2,0.2,0.2,0.2,0.2,-3.64,0.2,0.2,0.2,0.3,0.2,0.2,0.2,0.3,0.2,-3.88,0.2,0.2,0.1,0.3,0.2,0.2,0.2,0.2,0.2,-3.65,0.2,0.2,0.2,0.2,0.2,0.3,0.2,0.2,0.2,-0.9,0.2,0.2,0.2,0.2,0.3,0.2,0.2,0.2,0.3,-0.1,0.2,0.2,0.2,0.2,0.2,0.2,0.2,0.2,0.3,0,0.2,0.2,0.2,0.2,0.2,0.2,0.2,-0.1
0.000102,0.3,0.2,0.2,0.2,0.2,0.2,0.2,0.2,0.2,0.2,0.2,-0.5,0.2,0.2,0.2,0.2,0.3,0.2,0.2,0.2,0.2,-2.11,0.2,0.2,0.2,0.2,0.3,0.2,0.2,0.2,0.2,-3.74,0.2,0.2,0.2,0.2,0.2,0.3,0.2,0.2,0.2,-3.68,0.1,0.2,0.2,0.2,0.2,0.2,0.2,0.2,0.2,-3.8,0.2,0.2,0.2,0.2,0.2,0.2,0.2,0.2,0.2,-3.61,0.2,0.2,0.2,0.2,0.2,0.2,0.2,0.3,0.2,-0.8,0.2,0.2,0.2,0.2,0.2,0.2,0.1,0.2,0.2,-0.1,0.2,0.1,0.2,0.2,0.2,0.2,0.2,0.2,0.2,0.1,0.2,0.2,0.2,0.2,0.2,0.3,0.1,-0.1
0.000102,0.3,0.2,0.2,0.2,0.2,0.2,0.3,0.2,0.2,0.2,0.2,-0.4,0.2,0.2,0.2,0.2,0.2,0.2,0.2,0.1,0.2,-2.11,0.2,0.2,0.2,0.2,0.2,0.2,0.2,0.2,0.2,-3.7,0.2,0.3,0.2,0.2,0.2,0.2,0.2,0.2,0.3,-3.64,0.2,0.2,0.2,0.2,0.2,0.2,0.2,0.2,0.2,-3.88,0.2,0.2,0.2,0.2,0.3,0.2,0.2,0.2,0.2,-3.67,0.3,0.2,0.2,0.2,0.3,0.2,0.2,0.2,0.1,-0.9,0.2,0.2,0.2,0.2,0.2,0.2,0.2,0.2,0.2,0,0.2,0.2,0.2,0.2,0.2,0.2,0.2,0.2,0.2,0.1,0.2,0.2,0.3,0.3,0.2,0.2,0.1,-0.1
0.000102,0.2,0.3,0.2,0.2,0.3,0.2,0.2,0.2,0.2,0.2,0.2,-0.4,0.3,0.3,0.2,0.3,0.2,0.3,0.2,0.2,0.2,-2.1,0.2,0.2,0.2,0.2,0.2,0.2,0.2,0.2,0.2,-3.7,0.2,0.2,0.2,0.2,0.2,0.2,0.2,0.2,0.2,-3.73,0.2,0.2,0.2,0.2,0.2,0.1,0.3,0.2,0.2,-3.74,0.2,0.3,0.2,0.2,0.2,0.2,0.2,0.2,0.2,-3.67,0.3,0.2,0.2,0.2,0.2,0.2,0.2,0.2,0.2,-0.8,0.2,0.2,0.2,0.2,0.3,0.2,0.2,0.2,0.2,0,0.2,0.2,0.2,0.3,0.2,0.2,0.1,0.2,0.2,0,0.2,0.2,0.2,0.2,0.2,0.2,0.2,-0.1
0.000102,0.3,0.2,0.2,0.2,0.2,0.2,0.2,0.1,0.2,0.2,0.2,-0.4,0.2,0.2,0.2,0.2,0.2,0.2,0.2,0.2,0.2,-2.1,0.2,0.3,0.2,0.2,0.2,0.2,0.2,0.3,0.2,-3.7,0.2,0.3,0.2,0.3,0.2,0.2,0.2,0.2,0.2,-3.68,0.2,0.2,0.2,0.2,0.2,0.2,0.2,0.2,0.2,-3.88,0.2,0.3,0.3,0.2,0.2,0.2,0.2,0.2,0.2,-3.71,0.2,0.2,0.2,0.2,0.2,0.2,0.2,0.2,0.2,-0.9,0.2,0.2,0.2,0.2,0.2,0.2,0.2,0.2,0.1,0,0.2,0.2,0.2,0.2,0.2,0.2,0.2,0.2,0.2,0.1,0.2,0.2,0.2,0.2,0.2,0.2,0.2,0
0.000103,0.3,0.2,0.2,0.2,0.2,0.2,0.2,0.3,0.2,0.2,0.2,-0.4,0.2,0.2,0.2,0.2,0.2,0.2,0.2,0.2,0.2,-2,0.2,0.2,0.2,0.2,0.2,0.2,0.2,0.2,0.2,-3.6,0.3,0.2,0.2,0.2,0.2,0.2,0.3,0.2,0.3,-3.64,0.2,0.2,0.2,0.2,0.2,0.2,0.2,0.2,0.2,-3.78,0.2,0.2,0.2,0.2,0.2,0.2,0.2,0.3,0.2,-3.57,0.2,0.2,0.2,0.2,0.2,0.2,0.2,0.3,0.2,-0.9,0.2,0.2,0.2,0.2,0.2,0.2,0.2,0.2,0.2,-0.1,0.2,0.2,0.2,0.2,0.3,0.3,0.2,0.2,0.2,0.1,0.3,0.2,0.2,0.2,0.2,0.2,0.1,-0.1
0.000103,0.2,0.2,0.2,0.2,0.2,0.2,0.2,0.2,0.2,0.2,0.3,-0.4,0.2,0.2,0.2,0.2,0.2,0.2,0.2,0.2,0.2,-2,0.2,0.2,0.2,0.2,0.2,0.2,0.3,0.3,0.2,-3.64,0.2,0.2,0.2,0.2,0.2,0.3,0.2,0.2,0.3,-3.68,0.2,0.3,0.2,0.2,0.2,0.2,0.2,0.2,0.2,-3.74,0.2,0.2,0.2,0.2,0.2,0.2,0.2,0.2,0.2,-3.8,0.2,0.2,0.2,0.2,0.2,0.2,0.2,0.2,0.2,-0.8,0.2,0.3,0.2,0.2,0.2,0.2,0.2,0.2,0.2,-0.1,0.2,0.2,0.2,0.2,0.2,0.3,0.2,0.2,0.2,0,0.2,0.2,0.2,0.2,0.2,0.2,0.2,-0.1
0.000103,0.4,0.2,0.2,0.2,0.3,0.1,0.2,0.2,0.2,0.2,0.2,-0.4,0.2,0.3,0.2,0.2,0.2,0.2,0.2,0.2,0.2,-2,0.2,0.2,0.2,0.2,0.2,0.2,0.3,0.2,0.2,-3.64,0.2,0.2,0.2,0.2,0.2,0.2,0.2,0.2,0.2,-3.78,0.2,0.2,0.2,0.2,0.2,0.2,0.2,0.2,0.2,-3.78,0.2,0.2,0.3,0.2,0.2,0.2,0.2,0.2,0.2,-3.55,0.2,0.2,0.2,0.2,0.2,0.2,0.2,0.2,0.2,-0.8,0.2,0.2,0.2,0.2,0.2,0.2,0.2,0.2,0.2,-0.1,0.2,0.2,0.2,0.2,0.2,0.2,0.2,0.2,0.2,0,0.2,0.2,0.2,0.2,0.2,0.2,0.1,-0.1
0.000103,0.3,0.2,0.2,0.2,0.2,0.2,0.3,0.2,0.2,0.2,0.2,-0.4,0.2,0.3,0.2,0.2,0.2,0.2,0.2,0.2,0.2,-2,0.2,0.2,0.2,0.2,0.2,0.2,0.2,0.2,0.2,-3.6,0.2,0.2,0.2,0.2,0.2,0.2,0.2,0.2,0.2,-3.74,0.2,0.2,0.2,0.2,0.2,0.2,0.2,0.2,0.2,-3.78,0.2,0.2,0.2,0.2,0.2,0.2,0.2,0.2,0.2,-3.74,0.2,0.2,0.2,0.2,0.2,0.2,0.2,0.3,0.1,-0.8,0.2,0.2,0.2,0.2,0.2,0.2,0.3,0.2,0.2,-0.2,0.3,0.2,0.2,0.2,0.2,0.2,0.2,0.2,0.1,0,0.2,0.3,0.2,0.2,0.2,0.2,0.2,-0.2
0.000103,0.3,0.2,0.3,0.2,0.1,0.3,0.2,0.2,0.3,0.2,0.2,-0.3,0.2,0.2,0.2,0.2,0.2,0.2,0.2,0.2,0.2,-2,0.2,0.3,0.2,0.2,0.2,0.2,0.3,0.2,0.1,-3.6,0.3,0.3,0.2,0.2,0.2,0.2,0.2,0.2,0.2,-3.68,0.2,0.2,0.2,0.2,0.2,0.2,0.2,0.2,0.2,-3.78,0.1,0.3,0.2,0.3,0.2,0.2,0.2,0.2,0.2,-3.64,0.2,0.2,0.2,0.2,0.2,0.2,0.2,0.2,0.3,-0.8,0.2,0.2,0.2,0.2,0.2,0.2,0.2,0.2,0.2,-0.2,0.2,0.2,0.3,0.2,0.2,0.2,0.2,0.3,0.2,0,0.2,0.3,0.2,0.2,0.2,0.2,0.2,-0.2
0.000104,0.3,0.2,0.2,0.2,0.3,0.2,0.2,0.2,0.2,0.2,0.2,-0.3,0.2,0.2,0.2,0.2,0.3,0.2,0.2,0.2,0.2,-1.9,0.2,0.3,0.2,0.2,0.2,0.2,0.3,0.2,0.2,-3.64,0.2,0.2,0.2,0.2,0.2,0.3,0.2,0.2,0.2,-3.74,0.3,0.2,0.2,0.1,0.2,0.3,0.2,0.2,0.3,-3.78,0.2,0.2,0.2,0.2,0.2,0.2,0.2,0.2,0.2,-3.64,0.2,0.2,0.2,0.2,0.2,0.2,0.2,0.2,0.2,-0.8,0.2,0.2,0.2,0.2,0.2,0.2,0.2,0.2,0.2,-0.2,0.2,0.2,0.2,0.2,0.2,0.2,0.2,0.3,0.2,0,0.2,0.2,0.2,0.2,0.2,0.2,0.1,-0.1
0.000104,0.3,0.2,0.3,0.2,0.2,0.2,0.2,0.2,0.3,0.2,0.2,-0.4,0.2,0.2,0.2,0.2,0.2,0.3,0.2,0.2,0.2,-1.9,0.2,0.2,0.2,0.2,0.2,0.2,0.2,0.2,0.2,-3.7,0.2,0.2,0.3,0.2,0.2,0.2,0.2,0.2,0.3,-3.68,0.2,0.2,0.2,0.3,0.2,0.2,0.2,0.2,0.2,-3.78,0.2,0.2,0.2,0.3,0.2,0.2,0.2,0.2,0.2,-3.64,0.2,0.2,0.2,0.2,0.2,0.2,0.2,0.2,0.2,-0.9,0.2,0.2,0.3,0.2,0.2,0.2,0.2,0.2,0.2,-0.2,0.2,0.2,0.2,0.2,0.2,0.2,0.2,0.2,0.2,0,0.2,0.2,0.2,0.2,0.2,0.2,0.2,-0.1
0.000104,0.4,0.2,0.2,0.2,0.2,0.2,0.2,0.2,0.2,0.2,0.2,-0.4,0.2,0.2,0.2,0.2,0.2,0.3,0.2,0.2,0.2,-1.9,0.2,0.2,0.2,0.2,0.3,0.2,0.2,0.2,0.2,-3.74,0.3,0.2,0.2,0.2,0.2,0.3,0.2,0.2,0.2,-3.68,0.2,0.3,0.2,0.2,0.2,0.2,0.2,0.2,0.2,-3.74,0.2,0.2,0.2,0.2,0.2,0.2,0.2,0.2,0.2,-3.55,0.2,0.2,0.2,0.2,0.2,0.2,0.2,0.2,0.2,-0.8,0.2,0.2,0.2,0.2,0.2,0.2,0.2,0.3,0.2,-0.1,0.3,0.2,0.2,0.2,0.2,0.2,0.2,0.2,0.2,0.1,0.2,0.2,0.2,0.2,0.2,0.2,0.2,-0.1
0.000104,0.3,0.2,0.2,0.2,0.2,0.3,0.2,0.2,0.2,0.2,0.2,-0.4,0.3,0.2,0.2,0.2,0.2,0.2,0.1,0.2,0.2,-1.9,0.3,0.2,0.2,0.2,0.2,0.2,0.2,0.1,0.2,-3.74,0.2,0.2,0.3,0.2,0.2,0.2,0.3,0.2,0.2,-3.68,0.2,0.2,0.2,0.3,0.2,0.2,0.2,0.2,0.2,-3.78,0.2,0.2,0.2,0.2,0.2,0.2,0.2,0.2,0.2,-3.55,0.2,0.2,0.2,0.2,0.2,0.2,0.3,0.2,0.2,-0.8,0.2,0.2,0.2,0.2,0.3,0.2,0.2,0.2,0.2,-0.1,0.2,0.2,0.2,0.2,0.1,0.2,0.2,0.1,0.2,0,0.2,0.2,0.2,0.2,0.3,0.2,0.1,-0.1
0.000104,0.2,0.2,0.2,0.2,0.2,0.2,0.2,0.2,0.1,0.3,0.2,-0.4,0.2,0.2,0.2,0.2,0.3,0.2,0.2,0.2,0.1,-2,0.2,0.2,0.2,0.2,0.2,0.2,0.2,0.1,0.2,-3.7,0.2,0.2,0.1,0.2,0.2,0.2,0.2,0.2,0.2,-3.68,0.2,0.2,0.2,0.2,0.2,0.2,0.2,0.2,0.2,-3.74,0.2,0.3,0.2,0.2,0.2,0.2,0.2,0.2,0.3,-3.57,0.2,0.2,0.2,0.2,0.2,0.2,0.2,0.2,0.2,-0.8,0.3,0.2,0.2,0.2,0.2,0.2,0.2,0.2,0.3,0,0.2,0.2,0.2,0.2,0.2,0.2,0.2,0.2,0.2,0,0.2,0.2,0.2,0.2,0.3,0.2,0.1,-0.1
0.000105,0.3,0.2,0.3,0.2,0.2,0.2,0.2,0.2,0.2,0.2,0.2,-0.4,0.2,0.2,0.3,0.2,0.2,0.3,0.2,0.2,0.2,-2,0.2,0.2,0.2,0.2,0.2,0.2,0.2,0.2,0.3,-3.74,0.2,0.3,0.2,0.2,0.2,0.2,0.3,0.2,0.2,-3.68,0.2,0.2,0.2,0.2,0.2,0.2,0.2,0.2,0.2,-3.78,0.2,0.2,0.2,0.2,0.2,0.2,0.2,0.2,0.2,-3.52,0.2,0.2,0.2,0.2,0.2,0.2,0.2,0.2,0.2,-0.9,0.2,0.2,0.2,0.2,0.2,0.2,0.2,0.2,0.3,-0.1,0.2,0.2,0.2,0.2,0.2,0.2,0.2,0.2,0.2,0,0.2,0.2,0.2,0.2,0.2,0.2,0.3,0.1
0.000105,0.3,0.2,0.2,0.2,0.2,0.2,0.2,0.2,0.2,0.2,0.2,-0.4,0.2,0.2,0.2,0.2,0.3,0.1,0.2,0.3,0.2,-1.8,0.2,0.2,0.2,0.2,0.3,0.2,0.2,0.2,0.2,-3.78,0.2,0.2,0.2,0.2,0.2,0.2,0.2,0.3,0.2,-3.68,0.2,0.2,0.2,0.2,0.2,0.2,0.2,0.2,0.2,-3.74,0.2,0.2,0.2,0.2,0.2,0.2,0.3,0.2,0.2,-3.52,0.2,0.2,0.2,0.2,0.2,0.2,0.3,0.2,0.2,-0.8,0.2,0.2,0.2,0.2,0.2,0.2,0.2,0.3,0.2,0,0.2,0.2,0.2,0.2,0.2,0.2,0.2,0.2,0.2,0,0.2,0.2,0.2,0.2,0.2,0.3,0.2,0
0.000105,0.2,0.3,0.2,0.2,0.2,0.2,0.2,0.3,0.2,0.2,0.2,-0.4,0.2,0.2,0.2,0.2,0.2,0.2,0.2,0.2,0.2,-1.9,0.2,0.2,0.2,0.2,0.2,0.2,0.2,0.2,0.2,-3.6,0.2,0.2,0.3,0.2,0.2,0.2,0.2,0.2,0.2,-3.68,0.2,0.2,0.2,0.2,0.2,0.2,0.2,0.2,0.2,-3.74,0.2,0.2,0.2,0.2,0.2,0.2,0.2,0.2,0.2,-3.52,0.2,0.3,0.3,0.2,0.2,0.2,0.1,0.2,0.2,-0.8,0.2,0.2,0.2,0.2,0.2,0.2,0.2,0.2,0.2,-0.1,0.2,0.2,0.2,0.1,0.2,0.2,0.3,0.2,0.2,0,0.2,0.2,0.2,0.2,0.2,0.2,0.2,0
0.000105,0.2,0.2,0.2,0.1,0.2,0.2,0.2,0.2,0.2,0.2,0.2,-0.4,0.2,0.2,0.2,0.2,0.2,0.2,0.2,0.2,0.2,-1.8,0.2,0.2,0.2,0.2,0.2,0.2,0.2,0.2,0.3,-3.64,0.2,0.2,0.2,0.3,0.2,0.2,0.2,0.3,0.1,-3.68,0.2,0.2,0.2,0.2,0.2,0.2,0.1,0.2,0.3,-3.74,0.2,0.3,0.2,0.2,0.2,0.2,0.2,0.2,0.2,-3.61,0.2,0.2,0.2,0.2,0.2,0.3,0.2,0.2,0.2,-0.7,0.2,0.1,0.2,0.2,0.2,0.2,0.2,0.2,0.2,0,0.2,0.3,0.2,0.2,0.2,0.2,0.2,0.2,0.2,0,0.2,0.2,0.2,0.2,0.2,0.2,0.1,-0.1
0.000105,0.2,0.3,0.2,0.2,0.2,0.1,0.2,0.2,0.2,0.2,0.2,-0.3,0.2,0.2,0.2,0.2,0.2,0.2,0.2,0.2,0.2,-1.9,0.2,0.2,0.2,0.2,0.1,0.2,0.2,0.2,0.2,-3.68,0.2,0.2,0.2,0.3,0.2,0.2,0.2,0.2,0.2,-3.73,0.2,0.2,0.2,0.2,0.2,0.2,0.2,0.2,0.2,-3.78,0.1,0.2,0.3,0.2,0.2,0.2,0.2,0.2,0.2,-3.6,0.2,0.2,0.1,0.2,0.2,0.2,0.2,0.2,0.2,-0.7,0.3,0.2,0.2,0.2,0.2,0.2,0.2,0.2,0.2,-0.1,0.2,0.2,0.2,0.3,0.2,0.2,0.2,0.2,0.2,0,0.2,0.2,0.2,0.2,0.2,0.2,0.2,-0.1
0.000106,0.3,0.2,0.2,0.2,0.2,0.2,0.2,0.2,0.2,0.2,0.2,-0.4,0.2,0.2,0.2,0.2,0.3,0.2,0.2,0.3,0.2,-1.9,0.2,0.2,0.2,0.2,0.2,0.2,0.2,0.2,0.2,-3.6,0.2,0.2,0.2,0.2,0.2,0.2,0.2,0.2,0.3,-3.68,0.2,0.2,0.2,0.2,0.2,0.2,0.2,0.2,0.1,-3.78,0.2,0.3,0.3,0.2,0.2,0.2,0.2,0.3,0.2,-3.6,0.3,0.2,0.2,0.2,0.2,0.2,0.2,0.2,0.2,-0.7,0.2,0.2,0.3,0.2,0.2,0.2,0.1,0.2,0.2,-0.1,0.2,0.3,0.3,0.2,0.2,0.2,0.2,0.2,0.2,0,0.2,0.2,0.2,0.2,0.2,0.2,0.2,-0.1
0.000106,0.4,0.3,0.2,0.2,0.2,0.2,0.3,0.2,0.2,0.3,0.2,-0.4,0.2,0.2,0.2,0.2,0.2,0.2,0.2,0.2,0.2,-1.8,0.2,0.2,0.2,0.2,0.2,0.2,0.2,0.2,0.2,-3.6,0.1,0.3,0.2,0.2,0.2,0.2,0.2,0.2,0.3,-3.68,0.2,0.2,0.2,0.2,0.3,0.2,0.2,0.2,0.3,-3.74,0.2,0.2,0.2,0.2,0.1,0.2,0.3,0.2,0.2,-3.6,0.2,0.1,0.3,0.2,0.2,0.2,0.1,0.2,0.2,-0.8,0.2,0.2,0.2,0.2,0.2,0.2,0.2,0.2,0.2,-0.2,0.2,0.2,0.2,0.2,0.2,0.2,0.2,0.2,0.2,0,0.2,0.2,0.2,0.2,0.2,0.2,0.1,-0.1
0.000106,0.4,0.2,0.2,0.2,0.2,0.2,0.2,0.2,0.1,0.2,0.2,-0.5,0.2,0.2,0.2,0.2,0.2,0.2,0.2,0.2,0.2,-1.8,0.2,0.2,0.3,0.2,0.2,0.2,0.2,0.2,0.1,-3.68,0.2,0.2,0.2,0.2,0.3,0.2,0.2,0.2,0.3,-3.68,0.2,0.2,0.2,0.2,0.2,0.2,0.3,0.2,0.2,-3.78,0.2,0.2,0.2,0.2,0.2,0.2,0.2,0.2,0.2,-3.55,0.2,0.2,0.2,0.3,0.2,0.2,0.2,0.2,0.2,-0.8,0.2,0.2,0.2,0.2,0.2,0.2,0.2,0.2,0.2,-0.2,0.2,0.3,0.2,0.2,0.2,0.2,0.2,0.3,0.1,0,0.2,0.2,0.2,0.2,0.2,0.2,0.2,-0.1
0.000106,0.4,0.2,0.2,0.2,0.2,0.2,0.2,0.2,0.2,0.2,0.1,-0.3,0.2,0.2,0.2,0.2,0.2,0.2,0.2,0.2,0.2,-1.8,0.2,0.2,0.2,0.2,0.2,0.2,0.2,0.2,0.2,-3.64,0.1,0.2,0.2,0.2,0.2,0.2,0.3,0.2,0.2,-3.6,0.2,0.2,0.2,0.2,0.2,0.2,0.2,0.2,0.2,-3.78,0.3,0.2,0.2,0.2,0.2,0.3,0.2,0.2,0.2,-3.55,0.2,0.2,0.2,0.2,0.2,0.2,0.2,0.2,0.2,-0.8,0.3,0.2,0.2,0.2,0.2,0.2,0.2,0.2,0.2,-0.2,0.2,0.2,0.2,0.2,0.2,0.2,0.2,0.2,0.3,0.1,0.2,0.2,0.2,0.2,0.2,0.2,0.2,-0.1
0.000106,0.3,0.2,0.2,0.2,0.2,0.3,0.2,0.2,0.2,0.2,0.3,-0.3,0.2,0.3,0.2,0.2,0.2,0.2,0.2,0.2,0.1,-1.9,0.2,0.2,0.2,0.2,0.2,0.2,0.2,0.2,0.2,-3.64,0.2,0.2,0.2,0.2,0.2,0.2,0.2,0.2,0.2,-3.73,0.2,0.2,0.2,0.2,0.2,0.2,0.2,0.2,0.2,-3.78,0.2,0.3,0.2,0.2,0.2,0.2,0.3,0.2,0.2,-3.51,0.2,0.2,0.2,0.1,0.2,0.2,0.2,0.2,0.2,-0.8,0.2,0.2,0.2,0.2,0.2,0.2,0.2,0.2,0.3,-0.1,0.2,0.2,0.2,0.2,0.2,0.2,0.2,0.2,0.2,0.1,0.2,0.2,0.2,0.3,0.2,0.2,0.1,-0.2
0.000107,0.4,0.2,0.2,0.2,0.2,0.2,0.2,0.3,0.2,0.2,0.2,-0.4,0.2,0.2,0.2,0.2,0.2,0.2,0.2,0.2,0.2,-1.9,0.2,0.2,0.2,0.2,0.2,0.2,0.2,0.2,0.2,-3.6,0.2,0.2,0.2,0.2,0.2,0.2,0.2,0.2,0.2,-3.68,0.3,0.2,0.2,0.2,0.2,0.2,0.2,0.2,0.2,-3.78,0.2,0.3,0.2,0.2,0.2,0.2,0.3,0.2,0.2,-3.47,0.2,0.2,0.2,0.2,0.2,0.2,0.2,0.2,0.2,-0.7,0.2,0.2,0.2,0.2,0.2,0.2,0.2,0.2,0.2,-0.2,0.3,0.2,0.2,0.2,0.2,0.2,0.2,0.2,0.2,0.1,0.2,0.2,0.2,0.2,0.2,0.2,0.2,-0.1
0.000107,0.4,0.2,0.1,0.1,0.2,0.2,0.2,0.2,0.2,0.2,0.2,-0.3,0.2,0.2,0.2,0.2,0.2,0.2,0.2,0.2,0.2,-1.8,0.2,0.3,0.2,0.3,0.2,0.3,0.2,0.3,0.2,-3.6,0.2,0.2,0.3,0.2,0.2,0.2,0.2,0.2,0.3,-3.78,0.2,0.2,0.2,0.2,0.3,0.3,0.2,0.2,0.2,-3.7,0.3,0.2,0.3,0.2,0.3,0.2,0.2,0.2,0.1,-3.52,0.2,0.2,0.2,0.2,0.2,0.2,0.2,0.2,0.2,-0.6,0.2,0.2,0.2,0.2,0.2,0.2,0.2,0.2,0.2,-0.1,0.2,0.1,0.2,0.2,0.2,0.2,0.2,0.2,0.2,0.1,0.2,0.2,0.3,0.2,0.2,0.2,0.2,-0.1
0.000107,0.3,0.2,0.2,0.2,0.2,0.2,0.2,0.2,0.2,0.2,0.2,-0.3,0.2,0.2,0.2,0.2,0.2,0.2,0.2,0.2,0.2,-1.8,0.2,0.2,0.2,0.2,0.3,0.2,0.2,0.2,0.2,-3.6,0.2,0.2,0.2,0.2,0.2,0.3,0.2,0.2,0.2,-3.64,0.2,0.3,0.2,0.2,0.2,0.2,0.2,0.2,0.2,-3.74,0.2,0.2,0.2,0.2,0.2,0.3,0.2,0.2,0.2,-3.44,0.2,0.2,0.2,0.2,0.2,0.2,0.2,0.2,0.2,-0.8,0.1,0.2,0.2,0.2,0.3,0.3,0.2,0.2,0.2,-0.1,0.2,0.2,0.2,0.2,0.2,0.3,0.2,0.2,0.3,0,0.2,0.2,0.2,0.2,0.2,0.2,0.2,-0.1
0.000107,0.3,0.2,0.2,0.3,0.3,0.2,0.2,0.2,0.2,0.2,0.2,-0.3,0.2,0.2,0.2,0.3,0.2,0.2,0.2,0.2,0.2,-1.8,0.2,0.2,0.3,0.2,0.2,0.2,0.2,0.2,0.3,-3.7,0.2,0.2,0.2,0.2,0.2,0.2,0.2,0.2,0.2,-3.73,0.2,0.2,0.2,0.2,0.2,0.2,0.2,0.2,0.2,-3.78,0.2,0.2,0.2,0.2,0.2,0.2,0.2,0.2,0.2,-3.38,0.2,0.2,0.2,0.2,0.2,0.2,0.2,0.2,0.2,-0.7,0.2,0.2,0.2,0.2,0.2,0.3,0.2,0.2,0.2,-0.1,0.2,0.2,0.2,0.2,0.3,0.2,0.2,0.2,0.2,0,0.2,0.2,0.2,0.2,0.2,0.2,0.2,0
0.000107,0.3,0.2,0.2,0.2,0.2,0.2,0.2,0.2,0.2,0.2,0.2,-0.3,0.2,0.3,0.2,0.2,0.3,0.2,0.2,0.2,0.1,-1.8,0.2,0.2,0.2,0.3,0.2,0.2,0.2,0.2,0.2,-3.74,0.2,0.2,0.2,0.2,0.2,0.1,0.2,0.2,0.2,-3.68,0.2,0.2,0.2,0.2,0.2,0.2,0.2,0.2,0.2,-3.78,0.3,0.2,0.2,0.2,0.2,0.3,0.2,0.2,0.2,-3.48,0.3,0.2,0.2,0.3,0.2,0.2,0.2,0.2,0.2,-0.7,0.2,0.2,0.2,0.2,0.2,0.2,0.1,0.2,0.3,-0.1,0.2,0.1,0.2,0.3,0.2,0.2,0.2,0.2,0.2,0,0.2,0.2,0.2,0.2,0.2,0.2,0.1,0
0.000108,0.4,0.2,0.2,0.2,0.2,0.3,0.2,0.2,0.2,0.2,0.2,-0.2,0.2,0.2,0.2,0.2,0.2,0.2,0.3,0.2,0.2,-1.8,0.2,0.2,0.2,0.2,0.2,0.2,0.1,0.2,0.2,-3.64,0.2,0.2,0.2,0.2,0.2,0.2,0.2,0.2,0.1,-3.64,0.2,0.2,0.2,0.2,0.2,0.2,0.2,0.2,0.2,-3.74,0.2,0.2,0.2,0.3,0.2,0.3,0.2,0.2,0.2,-3.42,0.3,0.2,0.2,0.2,0.2,0.2,0.2,0.2,0.2,-0.7,0.2,0.2,0.2,0.2,0.2,0.2,0.2,0.2,0.2,0,0.2,0.2,0.2,0.2,0.2,0.2,0.2,0.2,0.2,0,0.3,0.2,0.2,0.2,0.2,0.2,0.1,0
0.000108,0.3,0.2,0.2,0.2,0.2,0.2,0.2,0.2,0.2,0.2,0.2,-0.3,0.2,0.2,0.1,0.2,0.2,0.2,0.3,0.2,0.2,-1.7,0.2,0.2,0.2,0.3,0.2,0.2,0.2,0.2,0.2,-3.6,0.2,0.2,0.2,0.3,0.2,0.2,0.2,0.3,0.2,-3.54,0.2,0.2,0.3,0.2,0.2,0.2,0.2,0.2,0.2,-3.78,0.2,0.2,0.2,0.2,0.2,0.2,0.2,0.2,0.2,-3.47,0.2,0.2,0.2,0.2,0.3,0.2,0.3,0.2,0.2,-0.7,0.2,0.2,0.2,0.1,0.2,0.2,0.2,0.2,0.2,-0.1,0.2,0.2,0.2,0.2,0.2,0.2,0.2,0.2,0.3,-0.1,0.2,0.2,0.2,0.2,0.2,0.2,0,-0.1
0.000108,0.2,0.2,0.2,0.2,0.2,0.2,0.2,0.2,0.2,0.3,0.2,-0.4,0.2,0.2,0.2,0.2,0.2,0.2,0.1,0.2,0.2,-1.7,0.2,0.2,0.2,0.2,0.2,0.3,0.2,0.2,0.2,-3.64,0.2,0.2,0.2,0.2,0.2,0.2,0.2,0.2,0.2,-3.58,0.2,0.2,0.2,0.2,0.2,0.2,0.2,0.2,0.2,-3.78,0.2,0.2,0.3,0.2,0.2,0.2,0.1,0.3,0.2,-3.51,0.2,0.2,0.2,0.2,0.2,0.2,0.2,0.2,0.2,-0.7,0.2,0.2,0.2,0.2,0.2,0.3,0.2,0.3,0.2,0,0.2,0.2,0.2,0.2,0.2,0.2,0.2,0.2,0.2,0,0.2,0.2,0.2,0.2,0.2,0.2,0.2,0
0.000108,0.4,0.2,0.2,0.2,0.2,0.2,0.2,0.2,0.3,0.2,0.2,-0.4,0.2,0.2,0.3,0.2,0.3,0.3,0.2,0.2,0.2,-1.7,0.3,0.2,0.2,0.2,0.2,0.2,0.2,0.2,0.2,-3.54,0.2,0.2,0.2,0.2,0.2,0.1,0.2,0.2,0.2,-3.58,0.2,0.2,0.2,0.2,0.2,0.2,0.2,0.3,0.2,-3.74,0.2,0.2,0.2,0.2,0.2,0.2,0.2,0.2,0.3,-3.47,0.3,0.2,0.2,0.2,0.2,0.2,0.2,0.2,0.2,-0.7,0.2,0.3,0.2,0.2,0.2,0.2,0.2,0.2,0.2,-0.1,0.2,0.2,0.3,0.2,0.2,0.2,0.2,0.2,0.2,-0.1,0.2,0.2,0.2,0.2,0.2,0.3,0.1,-0.1
0.000108,0.2,0.2,0.2,0.2,0.2,0.2,0.2,0.2,0.2,0.2,0.2,-0.4,0.2,0.2,0.3,0.2,0.2,0.2,0.3,0.2,0.2,-1.8,0.2,0.2,0.3,0.2,0.2,0.2,0.2,0.2,0.2,-3.64,0.2,0.2,0.2,0.2,0.2,0.2,0.2,0.2,0.2,-3.58,0.2,0.2,0.2,0.2,0.2,0.2,0.2,0.2,0.2,-3.83,0.2,0.2,0.2,0.3,0.2,0.2,0.2,0.2,0.2,-3.51,0.2,0.2,0.2,0.2,0.2,0.3,0.2,0.2,0.3,-0.7,0.2,0.2,0.2,0.2,0.2,0.2,0.3,0.2,0.3,-0.1,0.2,0.2,0.2,0.2,0.2,0.2,0.2,0.2,0.2,0.1,0.2,0.2,0.2,0.2,0.2,0.2,0.2,0
0.000109,0.3,0.2,0.2,0.2,0.2,0.2,0.2,0.2,0.2,0.2,0.2,-0.4,0.2,0.2,0.2,0.2,0.2,0.2,0.2,0.2,0.2,-1.7,0.2,0.2,0.2,0.2,0.2,0.2,0.2,0.2,0.2,-3.6,0.3,0.2,0.2,0.3,0.2,0.2,0.2,0.2,0.2,-3.58,0.2,0.2,0.2,0.2,0.2,0.2,0.2,0.3,0.2,-3.74,0.2,0.2,0.2,0.3,0.2,0.2,0.2,0.2,0.2,-3.55,0.1,0.2,0.2,0.2,0.2,0.2,0.2,0.2,0.2,-0.7,0.2,0.2,0.3,0.2,0.2,0.2,0.2,0.2,0.3,-0.2,0.3,0.2,0.2,0.2,0.2,0.2,0.2,0.2,0.2,0,0.2,0.2,0.2,0.2,0.2,0.2,0.2,-0.1
0.000109,0.4,0.2,0.2,0.2,0.2,0.2,0.2,0.2,0.2,0.2,0.2,-0.4,0.2,0.2,0.2,0.2,0.3,0.2,0.2,0.2,0.2,-1.6,0.2,0.2,0.2,0.2,0.2,0.2,0.2,0.3,0.2,-3.6,0.2,0.2,0.2,0.2,0.3,0.2,0.2,0.2,0.2,-3.54,0.2,0.2,0.2,0.2,0.2,0.2,0.2,0.2,0.2,-3.74,0.3,0.1,0.2,0.2,0.2,0.2,0.2,0.2,0.2,-3.55,0.2,0.2,0.2,0.2,0.2,0.2,0.2,0.2,0.2,-0.7,0.2,0.2,0.2,0.2,0.2,0.2,0.2,0.2,0.2,-0.1,0.2,0.2,0.2,0.2,0.2,0.2,0.2,0.2,0.2,0.2,0.2,0.2,0.2,0.2,0.3,0.2,0.2,0
0.000109,0.3,0.2,0.2,0.2,0.2,0.2,0.2,0.2,0.2,0.2,0.2,-0.3,0.2,0.2,0.2,0.2,0.2,0.3,0.2,0.2,0.2,-1.7,0.2,0.2,0.2,0.2,0.2,0.2,0.2,0.2,0.2,-3.6,0.2,0.2,0.2,0.2,0.2,0.2,0.3,0.2,0.2,-3.58,0.1,0.2,0.2,0.2,0.2,0.2,0.2,0.2,0.2,-3.78,0.2,0.2,0.2,0.3,0.2,0.2,0.3,0.2,0.2,-3.55,0.2,0.2,0.2,0.2,0.2,0.2,0.2,0.2,0.2,-0.7,0.2,0.1,0.2,0.2,0.2,0.2,0.2,0.2,0.2,-0.1,0.2,0.3,0.2,0.2,0.2,0.2,0.2,0.2,0.2,0.1,0.2,0.2,0.2,0.2,0.2,0.3,0.2,0
0.000109,0.4,0.2,0.2,0.2,0.2,0.2,0.2,0.2,0.2,0.2,0.2,-0.2,0.2,0.2,0.2,0.2,0.2,0.3,0.2,0.2,0.2,-1.7,0.2,0.2,0.2,0.2,0.2,0.2,0.2,0.2,0.2,-3.64,0.2,0.2,0.2,0.2,0.1,0.3,0.2,0.2,0.2,-3.68,0.3,0.3,0.2,0.2,0.2,0.2,0.3,0.2,0.2,-3.78,0.2,0.2,0.2,0.2,0.2,0.2,0.2,0.2,0.2,-3.55,0.2,0.2,0.2,0.2,0.2,0.2,0.2,0.2,0.2,-0.7,0.2,0.2,0.2,0.2,0.2,0.2,0.2,0.3,0.2,-0.1,0.2,0.2,0.2,0.2,0.2,0.2,0.2,0.2,0.2,0.2,0.2,0.2,0.2,0.2,0.2,0.2,0.1,0
0.000109,0.4,0.2,0.2,0.2,0.2,0.2,0.2,0.2,0.2,0.2,0.3,-0.3,0.2,0.2,0.2,0.2,0.2,0.2,0.2,0.2,0.2,-1.7,0.2,0.2,0.3,0.2,0.2,0.2,0.2,0.2,0.2,-3.65,0.2,0.2,0.3,0.2,0.2,0.2,0.2,0.2,0.2,-3.58,0.2,0.2,0.2,0.2,0.2,0.1,0.2,0.3,0.2,-3.74,0.2,0.2,0.3,0.2,0.2,0.2,0.2,0.2,0.2,-3.55,0.1,0.2,0.2,0.2,0.2,0.2,0.2,0.1,0.2,-0.7,0.2,0.2,0.3,0.2,0.2,0.2,0.2,0.1,0.2,-0.1,0.2,0.2,0.2,0.2,0.2,0.2,0.2,0.2,0.3,0.2,0.2,0.2,0.2,0.2,0.1,0.2,0.1,0
0.00011,0.3,0.2,0.2,0.2,0.2,0.2,0.2,0.2,0.2,0.2,0.3,-0.3,0.2,0.3,0.2,0.2,0.2,0.2,0.2,0.2,0.2,-1.7,0.2,0.2,0.2,0.3,0.2,0.2,0.2,0.3,0.2,-3.64,0.2,0.2,0.2,0.2,0.3,0.2,0.2,0.1,0.2,-3.54,0.2,0.2,0.2,0.2,0.2,0.2,0.2,0.2,0.3,-3.78,0.2,0.2,0.3,0.3,0.2,0.2,0.2,0.2,0.2,-3.51,0.2,0.3,0.2,0.2,0.2,0.2,0.2,0.2,0.2,-0.6,0.2,0.2,0.2,0.2,0.2,0.2,0.2,0.2,0.2,-0.1,0.2,0.2,0.2,0.2,0.2,0.2,0.2,0.2,0.1,0.1,0.2,0.2,0.2,0.2,0.2,0.2,0.2,-0.1
0.00011,0.3,0.2,0.2,0.2,0.2,0.2,0.2,0.2,0.2,0.2,0.2,-0.3,0.2,0.3,0.3,0.3,0.2,0.2,0.2,0.2,0.2,-1.7,0.2,0.2,0.2,0.2,0.1,0.2,0.2,0.3,0.2,-3.68,0.2,0.2,0.2,0.2,0.2,0.2,0.3,0.2,0.2,-3.54,0.2,0.2,0.2,0.2,0.2,0.2,0.2,0.2,0.3,-3.78,0.2,0.2,0.2,0.2,0.2,0.2,0.3,0.2,0.2,-3.47,0.2,0.2,0.1,0.2,0.2,0.2,0.2,0.2,0.2,-0.6,0.2,0.2,0.2,0.2,0.2,0.2,0.2,0.1,0.2,-0.1,0.2,0.2,0.2,0.2,0.2,0.2,0.2,0.2,0.2,0.1,0.2,0.2,0.2,0.2,0.2,0.2,0.2,-0.2
0.00011,0.4,0.2,0.2,0.2,0.1,0.2,0.2,0.2,0.2,0.2,0.2,-0.3,0.2,0.1,0.3,0.2,0.2,0.2,0.2,0.2,0.2,-1.6,0.3,0.2,0.2,0.2,0.1,0.2,0.2,0.2,0.2,-3.64,0.2,0.2,0.2,0.2,0.2,0.2,0.2,0.3,0.2,-3.54,0.2,0.3,0.2,0.2,0.2,0.2,0.2,0.2,0.2,-3.83,0.2,0.3,0.1,0.2,0.2,0.2,0.2,0.2,0.2,-3.42,0.2,0.2,0.1,0.2,0.2,0.2,0.3,0.2,0.2,-0.5,0.2,0.2,0.3,0.2,0.2,0.2,0.2,0.2,0.2,-0.1,0.2,0.2,0.2,0.2,0.2,0.2,0.2,0.2,0.2,0,0.2,0.2,0.2,0.2,0.2,0.2,0.1,-0.1
0.00011,0.3,0.2,0.2,0.2,0.2,0.2,0.2,0.2,0.1,0.2,0.2,-0.4,0.2,0.2,0.2,0.2,0.3,0.2,0.2,0.3,0.2,-1.7,0.2,0.2,0.3,0.3,0.2,0.2,0.2,0.2,0.2,-3.64,0.2,0.2,0.2,0.2,0.2,0.1,0.3,0.2,0.2,-3.68,0.2,0.2,0.2,0.2,0.2,0.2,0.2,0.2,0.2,-3.78,0.2,0.2,0.2,0.2,0.2,0.2,0.2,0.3,0.2,-3.42,0.2,0.2,0.2,0.2,0.2,0.3,0.2,0.2,0.3,-0.7,0.3,0.2,0.2,0.2,0.2,0.2,0.2,0.2,0.2,-0.2,0.2,0.2,0.2,0.2,0.2,0.2,0.2,0.2,0.2,0,0.2,0.2,0.2,0.2,0.2,0.2,0.1,-0.1
0.00011,0.3,0.2,0.2,0.2,0.2,0.2,0.2,0.2,0.2,0.2,0.2,-0.3,0.2,0.2,0.2,0.2,0.2,0.2,0.2,0.2,0.2,-1.6,0.2,0.2,0.2,0.2,0.2,0.2,0.2,0.2,0.2,-3.6,0.2,0.2,0.2,0.2,0.3,0.2,0.2,0.2,0.2,-3.58,0.2,0.2,0.3,0.2,0.2,0.2,0.2,0.3,0.3,-3.78,0.2,0.2,0.2,0.2,0.2,0.2,0.2,0.2,0.2,-3.57,0.2,0.3,0.2,0.2,0.2,0.2,0.2,0.2,0.2,-0.6,0.2,0.2,0.2,0.2,0.2,0.2,0.2,0.2,0.2,-0.2,0.2,0.2,0.2,0.2,0.2,0.3,0.2,0.2,0.2,0,0.2,0.2,0.2,0.2,0.1,0.2,0.1,-0.1
0.000111,0.3,0.2,0.2,0.2,0.2,0.2,0.2,0.2,0.2,0.2,0.3,-0.3,0.2,0.2,0.3,0.2,0.2,0.2,0.3,0.2,0.2,-1.6,0.2,0.3,0.2,0.2,0.2,0.2,0.2,0.2,0.2,-3.54,0.3,0.2,0.2,0.2,0.2,0.3,0.2,0.2,0.2,-3.64,0.2,0.2,0.2,0.2,0.2,0.3,0.2,0.2,0.2,-3.64,0.2,0.2,0.2,0.2,0.3,0.2,0.2,0.2,0.2,-3.42,0.2,0.2,0.2,0.2,0.2,0.2,0.2,0.2,0.2,-0.7,0.1,0.2,0.2,0.2,0.2,0.2,0.2,0.2,0.2,-0.1,0.2,0.2,0.2,0.2,0.2,0.2,0.2,0.2,0.2,0,0.2,0.3,0.2,0.3,0.2,0.3,0.2,-0.1
0.000111,0.3,0.2,0.2,0.2,0.2,0.3,0.2,0.2,0.2,0.2,0.2,-0.2,0.2,0.2,0.2,0.2,0.2,0.2,0.2,0.2,0.2,-1.5,0.2,0.2,0.2,0.2,0.2,0.2,0.2,0.2,0.2,-3.68,0.2,0.2,0.2,0.2,0.2,0.2,0.3,0.3,0.2,-3.64,0.2,0.2,0.2,0.2,0.2,0.3,0.2,0.3,0.2,-3.64,0.2,0.2,0.2,0.2,0.1,0.2,0.2,0.2,0.3,-3.42,0.2,0.2,0.2,0.2,0.2,0.2,0.2,0.2,0.1,-0.7,0.2,0.2,0.2,0.2,0.2,0.2,0.2,0.2,0.2,-0.2,0.2,0.2,0.2,0.2,0.2,0.2,0.2,0.2,0.2,0,0.2,0.2,0.2,0.2,0.2,0.2,0.3,0
0.000111,0.4,0.2,0.2,0.2,0.2,0.2,0.2,0.2,0.2,0.2,0.2,-0.3,0.2,0.2,0.2,0.2,0.2,0.2,0.2,0.2,0.2,-1.5,0.2,0.2,0.2,0.2,0.2,0.2,0.2,0.2,0.2,-3.64,0.2,0.2,0.2,0.2,0.2,0.2,0.2,0.2,0.2,-3.64,0.2,0.2,0.2,0.2,0.2,0.2,0.2,0.2,0.2,-3.68,0.1,0.2,0.2,0.3,0.2,0.2,0.2,0.2,0.2,-3.47,0.2,0.2,0.2,0.2,0.2,0.2,0.2,0.2,0.2,-0.7,0.2,0.2,0.2,0.2,0.2,0.2,0.2,0.2,0.2,-0.2,0.2,0.2,0.2,0.2,0.2,0.2,0.1,0.2,0.2,0.1,0.2,0.2,0.1,0.2,0.2,0.2,0.3,0
0.000111,0.4,0.2,0.2,0.3,0.2,0.2,0.2,0.2,0.2,0.3,0.2,-0.3,0.2,0.2,0.2,0.2,0.2,0.2,0.3,0.2,0.2,-1.5,0.2,0.2,0.2,0.2,0.2,0.2,0.2,0.2,0.2,-3.6,0.3,0.2,0.2,0.3,0.2,0.3,0.2,0.2,0.2,-3.64,0.2,0.2,0.2,0.2,0.2,0.2,0.2,0.2,0.2,-3.64,0.2,0.2,0.3,0.2,0.1,0.2,0.2,0.2,0.2,-3.42,0.2,0.2,0.2,0.2,0.2,0.2,0.2,0.2,0.2,-0.6,0.2,0.2,0.2,0.2,0.2,0.2,0.2,0.2,0.2,-0.1,0.2,0.2,0.2,0.2,0.2,0.2,0.2,0.2,0.2,0.1,0.2,0.2,0.2,0.2,0.2,0.2,0.2,0.1
0.000111,0.4,0.2,0.3,0.2,0.3,0.2,0.2,0.2,0.2,0.2,0.2,-0.3,0.2,0.2,0.2,0.2,0.2,0.2,0.2,0.2,0.2,-1.4,0.2,0.2,0.2,0.2,0.2,0.2,0.2,0.3,0.2,-3.64,0.2,0.2,0.3,0.2,0.2,0.2,0.2,0.2,0.2,-3.58,0.2,0.2,0.2,0.2,0.3,0.2,0.2,0.2,0.2,-3.68,0.2,0.2,0.2,0.2,0.2,0.2,0.2,0.2,0.2,-3.51,0.2,0.2,0.2,0.2,0.2,0.2,0.2,0.2,0.2,-0.7,0.2,0.2,0.2,0.2,0.1,0.2,0.2,0.2,0.2,-0.1,0.2,0.2,0.2,0.2,0.2,0.2,0.2,0.2,0.2,0.1,0.2,0.2,0.2,0.2,0.2,0.2,0.2,0
0.000112,0.3,0.2,0.2,0.2,0.2,0.2,0.2,0.2,0.2,0.2,0.2,-0.3,0.2,0.2,0.2,0.3,0.2,0.2,0.2,0.2,0.2,-1.6,0.3,0.2,0.2,0.2,0.3,0.2,0.2,0.2,0.2,-3.6,0.2,0.2,0.2,0.2,0.2,0.2,0.2,0.3,0.2,-3.64,0.2,0.2,0.2,0.2,0.2,0.2,0.2,0.2,0.2,-3.7,0.3,0.2,0.2,0.2,0.2,0.2,0.2,0.2,0.2,-3.41,0.2,0.2,0.2,0.2,0.2,0.2,0.2,0.2,0.2,-0.7,0.2,0.2,0.2,0.2,0.2,0.2,0.2,0.2,0.2,0,0.2,0.2,0.3,0.2,0.2,0.3,0.2,0.2,0.2,0.1,0.2,0.2,0.2,0.2,0.2,0.2,0.2,0
0.000112,0.2,0.2,0.2,0.2,0.2,0.2,0.2,0.2,0.2,0.2,0.2,-0.3,0.2,0.2,0.2,0.2,0.2,0.2,0.2,0.2,0.2,-1.5,0.2,0.2,0.2,0.2,0.2,0.2,0.2,0.2,0.2,-3.64,0.2,0.2,0.2,0.2,0.2,0.2,0.2,0.2,0.2,-3.58,0.2,0.2,0.2,0.2,0.2,0.2,0.2,0.2,0.2,-3.74,0.2,0.3,0.2,0.2,0.2,0.2,0.2,0.2,0.2,-3.51,0.2,0.3,0.2,0.2,0.2,0.2,0.2,0.2,0.2,-0.6,0.2,0.2,0.2,0.2,0.2,0.2,0.2,0.2,0.2,-0.1,0.2,0.2,0.3,0.2,0.2,0.2,0.2,0.2,0.2,0.2,0.2,0.2,0.2,0.2,0.2,0.2,0.2,-0.1
0.000112,0.3,0.2,0.2,0.2,0.2,0.2,0.2,0.2,0.2,0.2,0.2,-0.2,0.2,0.2,0.2,0.2,0.2,0.2,0.2,0.2,0.2,-1.6,0.2,0.2,0.2,0.2,0.2,0.2,0.2,0.2,0.2,-3.6,0.2,0.2,0.2,0.2,0.2,0.2,0.2,0.3,0.2,-3.58,0.2,0.2,0.2,0.2,0.2,0.2,0.2,0.2,0.3,-3.78,0.2,0.3,0.2,0.2,0.2,0.2,0.2,0.2,0.3,-3.47,0.2,0.2,0.2,0.2,0.2,0.2,0.2,0.2,0.2,-0.7,0.2,0.3,0.2,0.3,0.2,0.2,0.2,0.2,0.2,0,0.3,0.2,0.2,0.2,0.2,0.2,0.2,0.2,0.2,0.1,0.2,0.2,0.2,0.2,0.2,0.2,0.1,0
0.000112,0.3,0.2,0.2,0.3,0.2,0.2,0.2,0.2,0.2,0.2,0.2,-0.2,0.2,0.2,0.2,0.2,0.3,0.2,0.2,0.2,0.2,-1.5,0.2,0.2,0.2,0.2,0.2,0.2,0.2,0.2,0.2,-3.6,0.2,0.2,0.2,0.2,0.2,0.2,0.2,0.2,0.2,-3.54,0.2,0.2,0.2,0.2,0.2,0.2,0.2,0.2,0.2,-3.78,0.3,0.2,0.2,0.2,0.2,0.2,0.2,0.2,0.2,-3.42,0.2,0.2,0.3,0.2,0.2,0.2,0.2,0.2,0.2,-0.6,0.2,0.2,0.2,0.2,0.2,0.2,0.2,0.2,0.3,-0.1,0.2,0.2,0.2,0.2,0.2,0.2,0.2,0.2,0.2,0.2,0.2,0.2,0.3,0.2,0.2,0.2,0.1,0
0.000112,0.2,0.2,0.2,0.3,0.2,0.2,0.2,0.2,0.2,0.2,0.2,-0.4,0.2,0.2,0.2,0.3,0.2,0.2,0.2,0.3,0.2,-1.6,0.2,0.2,0.2,0.2,0.2,0.2,0.2,0.2,0.2,-3.64,0.2,0.2,0.2,0.2,0.2,0.2,0.2,0.3,0.2,-3.58,0.1,0.2,0.2,0.2,0.3,0.2,0.2,0.2,0.2,-3.74,0.2,0.2,0.2,0.2,0.2,0.2,0.2,0.2,0.2,-3.34,0.2,0.2,0.2,0.2,0.3,0.2,0.2,0.2,0.2,-0.6,0.2,0.2,0.2,0.2,0.2,0.2,0.2,0.2,0.2,-0.1,0.2,0.2,0.2,0.2,0.2,0.2,0.2,0.2,0.3,0.2,0.2,0.2,0.2,0.3,0.2,0.2,0.2,-0.1
0.000113,0.3,0.2,0.2,0.2,0.2,0.2,0.3,0.2,0.3,0.2,0.2,-0.3,0.2,0.2,0.2,0.2,0.2,0.2,0.2,0.2,0.2,-1.5,0.2,0.2,0.2,0.3,0.2,0.2,0.2,0.2,0.2,-3.64,0.2,0.1,0.2,0.2,0.2,0.2,0.2,0.2,0.2,-3.68,0.2,0.2,0.2,0.2,0.2,0.2,0.2,0.2,0.2,-3.78,0.2,0.3,0.2,0.2,0.2,0.2,0.2,0.2,0.2,-3.34,0.2,0.2,0.2,0.2,0.2,0.2,0.2,0.2,0.2,-0.5,0.2,0.2,0.2,0.2,0.2,0.2,0.2,0.2,0.2,-0.2,0.2,0.2,0.2,0.2,0.2,0.3,0.2,0.3,0.2,0.2,0.2,0.2,0.2,0.2,0.2,0.2,0.2,-0.1
0.000113,0.3,0.2,0.2,0.2,0.2,0.2,0.2,0.2,0.2,0.3,0.2,-0.3,0.2,0.2,0.2,0.2,0.2,0.2,0.2,0.2,0.2,-1.5,0.2,0.2,0.2,0.1,0.2,0.2,0.1,0.2,0.2,-3.64,0.2,0.2,0.2,0.2,0.2,0.2,0.2,0.2,0.2,-3.6,0.2,0.2,0.2,0.3,0.2,0.2,0.2,0.2,0.2,-3.74,0.2,0.2,0.2,0.2,0.2,0.2,0.2,0.2,0.2,-3.29,0.3,0.3,0.2,0.3,0.2,0.2,0.2,0.2,0.3,-0.6,0.2,0.2,0.2,0.2,0.2,0.2,0.2,0.2,0.2,-0.1,0.2,0.3,0.2,0.2,0.2,0.2,0.2,0.2,0.2,0.1,0.2,0.2,0.2,0.2,0.2,0.3,0.2,-0.1
0.000113,0.4,0.3,0.2,0.1,0.2,0.2,0.2,0.2,0.2,0.2,0.2,-0.3,0.2,0.2,0.2,0.2,0.2,0.2,0.3,0.3,0.2,-1.5,0.3,0.3,0.2,0.2,0.2,0.2,0.2,0.2,0.2,-3.6,0.2,0.2,0.2,0.2,0.2,0.2,0.3,0.2,0.2,-3.68,0.2,0.3,0.2,0.2,0.2,0.2,0.2,0.3,0.2,-3.64,0.2,0.2,0.2,0.3,0.2,0.2,0.2,0.2,0.2,-3.21,0.2,0.2,0.2,0.2,0.2,0.2,0.2,0.3,0.2,-0.5,0.2,0.2,0.3,0.2,0.2,0.1,0.2,0.2,0.3,-0.1,0.2,0.2,0.2,0.2,0.2,0.2,0.2,0.2,0.2,0,0.2,0.2,0.2,0.2,0.2,0.2,0.3,-0.1
0.000113,0.4,0.2,0.2,0.2,0.2,0.2,0.2,0.2,0.2,0.2,0.2,-0.3,0.2,0.2,0.2,0.2,0.2,0.2,0.2,0.2,0.3,-1.5,0.2,0.2,0.2,0.2,0.2,0.2,0.2,0.2,0.2,-3.6,0.2,0.2,0.2,0.2,0.2,0.2,0.2,0.2,0.2,-3.6,0.2,0.2,0.2,0.2,0.2,0.2,0.2,0.2,0.2,-3.68,0.2,0.2,0.3,0.2,0.2,0.2,0.2,0.2,0.2,-3.29,0.2,0.1,0.2,0.3,0.2,0.1,0.2,0.2,0.2,-0.6,0.2,0.2,0.2,0.2,0.2,0.2,0.2,0.2,0.2,-0.1,0.2,0.2,0.2,0.2,0.2,0.2,0.2,0.2,0.2,0,0.2,0.2,0.2,0.2,0.2,0.2,0.2,-0.1
0.000113,0.4,0.2,0.2,0.2,0.2,0.2,0.2,0.2,0.2,0.2,0.2,-0.2,0.2,0.2,0.2,0.2,0.2,0.2,0.3,0.2,0.2,-1.5,0.2,0.2,0.2,0.2,0.3,0.2,0.2,0.2,0.2,-3.64,0.2,0.2,0.2,0.3,0.2,0.3,0.2,0.2,0.3,-3.68,0.2,0.2,0.2,0.2,0.2,0.2,0.2,0.2,0.2,-3.64,0.2,0.2,0.2,0.2,0.2,0.3,0.2,0.2,0.2,-3.34,0.2,0.3,0.2,0.2,0.1,0.2,0.2,0.2,0.2,-0.6,0.2,0.2,0.2,0.2,0.2,0.2,0.2,0.3,0.2,-0.1,0.2,0.2,0.2,0.2,0.2,0.2,0.2,0.2,0.2,0,0.2,0.2,0.2,0.2,0.2,0.3,0.2,-0.1
0.000114,0.4,0.2,0.2,0.2,0.2,0.2,0.2,0.2,0.2,0.2,0.2,-0.2,0.2,0.2,0.2,0.2,0.2,0.3,0.3,0.2,0.2,-1.4,0.3,0.2,0.2,0.2,0.2,0.2,0.3,0.3,0.2,-3.5,0.2,0.2,0.2,0.2,0.3,0.3,0.2,0.2,0.2,-3.68,0.2,0.2,0.2,0.2,0.2,0.2,0.2,0.2,0.2,-3.64,0.2,0.2,0.2,0.2,0.2,0.2,0.2,0.2,0.2,-3.34,0.2,0.2,0.2,0.2,0.2,0.2,0.2,0.2,0.2,-0.6,0.2,0.2,0.2,0.2,0.2,0.2,0.2,0.2,0.2,-0.1,0.1,0.2,0.3,0.3,0.2,0.2,0.2,0.2,0.2,-0.1,0.2,0.2,0.2,0.2,0.2,0.2,0.2,0
0.000114,0.4,0.2,0.3,0.2,0.2,0.2,0.2,0.2,0.2,0.2,0.2,-0.3,0.1,0.2,0.2,0.2,0.2,0.1,0.2,0.3,0.2,-1.5,0.2,0.2,0.2,0.2,0.2,0.2,0.3,0.2,0.2,-3.55,0.2,0.2,0.2,0.2,0.1,0.2,0.2,0.2,0.2,-3.54,0.2,0.2,0.2,0.2,0.2,0.2,0.2,0.2,0.2,-3.68,0.2,0.2,0.2,0.2,0.2,0.2,0.2,0.2,0.2,-3.34,0.3,0.2,0.2,0.2,0.2,0.2,0.2,0.2,0.2,-0.6,0.2,0.2,0.2,0.2,0.3,0.2,0.2,0.2,0.2,-0.1,0.2,0.2,0.2,0.2,0.2,0.2,0.2,0.2,0.2,-0.1,0.2,0.2,0.2,0.2,0.2,0.3,0.1,-0.1
0.000114,0.3,0.2,0.2,0.2,0.2,0.2,0.2,0.2,0.2,0.2,0.2,-0.3,0.2,0.2,0.2,0.2,0.2,0.2,0.2,0.3,0.3,-1.5,0.2,0.2,0.2,0.2,0.2,0.2,0.2,0.2,0.2,-3.6,0.2,0.2,0.2,0.3,0.2,0.2,0.3,0.2,0.2,-3.54,0.2,0.2,0.2,0.2,0.2,0.2,0.2,0.2,0.2,-3.6,0.2,0.2,0.2,0.2,0.2,0.2,0.2,0.2,0.2,-3.34,0.2,0.2,0.2,0.2,0.2,0.2,0.2,0.3,0.2,-0.6,0.2,0.2,0.2,0.2,0.2,0.2,0.2,0.2,0.2,0,0.2,0.2,0.2,0.2,0.2,0.2,0.2,0.2,0.2,-0.1,0.2,0.2,0.2,0.3,0.2,0.2,0.1,0.1
0.000114,0.4,0.2,0.2,0.2,0.1,0.2,0.2,0.2,0.2,0.3,0.2,-0.2,0.2,0.2,0.2,0.2,0.2,0.2,0.2,0.2,0.2,-1.4,0.2,0.2,0.2,0.2,0.2,0.2,0.2,0.2,0.2,-3.6,0.2,0.2,0.2,0.2,0.2,0.2,0.2,0.2,0.2,-3.64,0.2,0.3,0.2,0.2,0.3,0.2,0.2,0.2,0.2,-3.6,0.2,0.2,0.2,0.3,0.2,0.2,0.2,0.2,0.2,-3.38,0.2,0.2,0.2,0.2,0.2,0.3,0.2,0.2,0.3,-0.6,0.3,0.2,0.2,0.2,0.2,0.2,0.2,0.2,0.2,-0.1,0.2,0.2,0.2,0.2,0.2,0.3,0.2,0.2,0.2,0,0.2,0.2,0.3,0.2,0.2,0.2,0.2,-0.1
0.000114,0.3,0.3,0.2,0.2,0.2,0.2,0.3,0.2,0.2,0.2,0.2,-0.2,0.2,0.2,0.2,0.2,0.2,0.2,0.2,0.2,0.2,-1.4,0.2,0.2,0.2,0.2,0.2,0.2,0.2,0.2,0.2,-3.6,0.2,0.2,0.2,0.2,0.2,0.2,0.2,0.2,0.2,-3.58,0.2,0.2,0.1,0.2,0.2,0.2,0.2,0.2,0.2,-3.68,0.2,0.2,0.2,0.2,0.2,0.2,0.2,0.2,0.2,-3.34,0.2,0.2,0.2,0.2,0.2,0.2,0.2,0.2,0.2,-0.6,0.2,0.2,0.3,0.2,0.2,0.2,0.2,0.2,0.2,-0.1,0.2,0.2,0.3,0.2,0.2,0.2,0.2,0.2,0.2,0.1,0.2,0.2,0.3,0.2,0.2,0.2,0.1,0
0.000115,0.3,0.3,0.2,0.2,0.2,0.2,0.2,0.2,0.2,0.2,0.2,-0.2,0.2,0.2,0.2,0.2,0.2,0.2,0.2,0.2,0.2,-1.5,0.2,0.2,0.2,0.2,0.2,0.2,0.2,0.3,0.2,-3.6,0.2,0.2,0.2,0.2,0.2,0.2,0.2,0.2,0.2,-3.54,0.2,0.2,0.2,0.2,0.1,0.2,0.3,0.2,0.2,-3.74,0.2,0.2,0.2,0.2,0.2,0.2,0.2,0.2,0.2,-3.38,0.2,0.3,0.2,0.2,0.3,0.2,0.2,0.2,0.2,-0.5,0.2,0.2,0.2,0.2,0.2,0.2,0.2,0.2,0.2,-0.1,0.2,0.2,0.2,0.2,0.2,0.2,0.2,0.2,0.2,0.1,0.2,0.2,0.2,0.2,0.2,0.2,0.1,0
0.000115,0.3,0.2,0.2,0.2,0.2,0.2,0.2,0.2,0.2,0.2,0.2,-0.2,0.2,0.2,0.2,0.2,0.2,0.2,0.2,0.2,0.2,-1.5,0.2,0.2,0.2,0.2,0.2,0.3,0.2,0.2,0.2,-3.6,0.2,0.2,0.2,0.2,0.2,0.2,0.2,0.2,0.2,-3.58,0.2,0.2,0.2,0.2,0.2,0.2,0.1,0.2,0.2,-3.78,0.2,0.2,0.2,0.2,0.2,0.2,0.2,0.2,0.2,-3.38,0.2,0.2,0.2,0.2,0.2,0.2,0.2,0.3,0.2,-0.6,0.2,0.2,0.2,0.2,0.2,0.2,0.2,0.2,0.2,-0.1,0.2,0.2,0.2,0.2,0.2,0.2,0.2,0.2,0.2,0.1,0.2,0.2,0.2,0.2,0.2,0.2,0.1,0
0.000115,0.3,0.2,0.2,0.2,0.2,0.2,0.2,0.2,0.2,0.2,0.2,-0.2,0.2,0.2,0.2,0.2,0.1,0.2,0.3,0.2,0.2,-1.5,0.2,0.2,0.2,0.2,0.2,0.2,0.2,0.2,0.3,-3.64,0.2,0.2,0.2,0.2,0.2,0.1,0.2,0.2,0.1,-3.64,0.2,0.2,0.2,0.2,0.2,0.2,0.2,0.2,0.2,-3.74,0.2,0.2,0.2,0.2,0.2,0.2,0.2,0.2,0.2,-3.38,0.2,0.2,0.2,0.2,0.2,0.2,0.2,0.2,0.2,-0.6,0.2,0.2,0.2,0.2,0.2,0.2,0.2,0.2,0.2,-0.1,0.2,0.2,0.2,0.2,0.3,0.2,0.2,0.2,0.2,0.2,0.2,0.2,0.2,0.2,0.2,0.2,0.2,0
0.000115,0.2,0.3,0.2,0.2,0.2,0.2,0.2,0.2,0.2,0.2,0.2,-0.3,0.3,0.2,0.2,0.2,0.2,0.2,0.2,0.2,0.2,-1.5,0.2,0.2,0.2,0.2,0.2,0.2,0.3,0.2,0.2,-3.6,0.2,0.2,0.2,0.2,0.2,0.2,0.2,0.1,0.2,-3.54,0.2,0.2,0.2,0.3,0.2,0.2,0.2,0.2,0.2,-3.7,0.2,0.2,0.2,0.2,0.2,0.2,0.2,0.2,0.2,-3.34,0.2,0.2,0.2,0.2,0.2,0.2,0.2,0.2,0.2,-0.5,0.2,0.2,0.2,0.2,0.2,0.2,0.2,0.2,0.2,0,0.2,0.2,0.2,0.2,0.2,0.2,0.2,0.2,0.2,0.1,0.2,0.2,0.2,0.2,0.2,0.2,0.2,0
0.000115,0.4,0.3,0.2,0.2,0.2,0.2,0.2,0.2,0.2,0.2,0.2,-0.3,0.2,0.2,0.2,0.2,0.2,0.2,0.2,0.2,0.2,-1.4,0.1,0.2,0.2,0.2,0.2,0.2,0.2,0.2,0.2,-3.64,0.2,0.2,0.2,0.2,0.2,0.2,0.2,0.2,0.3,-3.58,0.2,0.2,0.2,0.2,0.2,0.2,0.2,0.2,0.2,-3.74,0.2,0.2,0.2,0.2,0.2,0.2,0.3,0.2,0.2,-3.29,0.3,0.2,0.2,0.2,0.2,0.2,0.2,0.2,0.2,-0.5,0.2,0.3,0.2,0.2,0.2,0.2,0.2,0.2,0.2,0,0.2,0.2,0.3,0.2,0.2,0.2,0.2,0.2,0.2,0.1,0.2,0.2,0.2,0.3,0.2,0.2,0.2,-0.1
0.000116,0.3,0.2,0.3,0.2,0.2,0.2,0.2,0.2,0.2,0.2,0.2,-0.2,0.2,0.2,0.2,0.2,0.2,0.2,0.2,0.2,0.2,-1.4,0.2,0.2,0.2,0.2,0.2,0.2,0.1,0.2,0.2,-3.68,0.3,0.2,0.2,0.2,0.2,0.2,0.2,0.2,0.2,-3.58,0.2,0.2,0.2,0.2,0.2,0.2,0.2,0.2,0.2,-3.64,0.1,0.2,0.2,0.3,0.2,0.2,0.2,0.2,0.2,-3.21,0.2,0.2,0.2,0.2,0.2,0.2,0.2,0.2,0.2,-0.5,0.2,0.3,0.2,0.2,0.2,0.2,0.2,0.2,0.3,-0.1,0.2,0.2,0.2,0.2,0.2,0.2,0.2,0.2,0.2,0,0.2,0.2,0.2,0.2,0.2,0.2,0.2,0
0.000116,0.3,0.2,0.2,0.2,0.2,0.2,0.2,0.2,0.2,0.2,0.2,-0.2,0.2,0.2,0.2,0.2,0.2,0.2,0.2,0.2,0.2,-1.4,0.2,0.1,0.2,0.2,0.2,0.2,0.2,0.2,0.2,-3.64,0.2,0.2,0.3,0.2,0.2,0.2,0.2,0.2,0.2,-3.44,0.2,0.2,0.2,0.2,0.2,0.2,0.2,0.2,0.2,-3.64,0.1,0.2,0.2,0.2,0.2,0.2,0.2,0.2,0.3,-3.16,0.2,0.2,0.2,0.2,0.2,0.2,0.2,0.2,0.2,-0.5,0.3,0.2,0.2,0.2,0.2,0.2,0.2,0.2,0.2,-0.1,0.2,0.2,0.2,0.2,0.2,0.2,0.2,0.2,0.2,0.1,0.2,0.2,0.2,0.2,0.2,0.2,0.2,-0.1
0.000116,0.4,0.2,0.2,0.2,0.2,0.2,0.2,0.2,0.2,0.2,0.2,-0.3,0.2,0.2,0.2,0.1,0.2,0.2,0.2,0.2,0.2,-1.4,0.2,0.2,0.2,0.2,0.2,0.2,0.2,0.2,0.2,-3.54,0.2,0.2,0.3,0.2,0.2,0.2,0.2,0.3,0.2,-3.44,0.2,0.2,0.2,0.2,0.2,0.2,0.2,0.2,0.2,-3.68,0.2,0.2,0.2,0.2,0.2,0.2,0.2,0.2,0.2,-3.16,0.2,0.3,0.2,0.2,0.2,0.3,0.2,0.2,0.3,-0.5,0.2,0.2,0.2,0.2,0.2,0.3,0.2,0.2,0.2,-0.1,0.2,0.2,0.2,0.2,0.2,0.2,0.2,0.2,0.2,0,0.2,0.2,0.2,0.2,0.2,0.2,0.3,-0.1
0.000116,0.4,0.2,0.2,0.2,0.3,0.2,0.2,0.2,0.2,0.2,0.2,-0.2,0.2,0.1,0.2,0.2,0.2,0.2,0.2,0.2,0.2,-1.4,0.2,0.2,0.2,0.2,0.2,0.2,0.3,0.2,0.2,-3.54,0.2,0.2,0.2,0.2,0.2,0.2,0.2,0.2,0.2,-3.44,0.2,0.2,0.3,0.3,0.2,0.1,0.2,0.3,0.2,-3.64,0.2,0.2,0.2,0.2,0.2,0.2,0.2,0.2,0.2,-3.12,0.1,0.2,0.2,0.2,0.2,0.1,0.2,0.2,0.2,-0.6,0.2,0.2,0.2,0.2,0.2,0.2,0.2,0.2,0.2,-0.1,0.2,0.2,0.2,0.2,0.2,0.2,0.2,0.2,0.3,0,0.2,0.2,0.2,0.2,0.2,0.2,0.3,0
0.000116,0.3,0.2,0.2,0.2,0.2,0.2,0.2,0.2,0.2,0.2,0.2,-0.2,0.2,0.2,0.2,0.2,0.2,0.2,0.2,0.2,0.2,-1.4,0.3,0.2,0.2,0.2,0.2,0.2,0.2,0.3,0.2,-3.45,0.2,0.2,0.2,0.2,0.2,0.2,0.2,0.2,0.2,-3.54,0.2,0.2,0.2,0.2,0.2,0.2,0.2,0.2,0.2,-3.6,0.2,0.2,0.2,0.2,0.2,0.2,0.2,0.2,0.2,-3.11,0.1,0.2,0.2,0.2,0.2,0.2,0.2,0.2,0.2,-0.5,0.2,0.2,0.3,0.2,0.2,0.2,0.2,0.2,0.3,0,0.2,0.2,0.2,0.2,0.2,0.2,0.2,0.2,0.2,-0.1,0.2,0.2,0.2,0.2,0.2,0.1,0.3,0
0.000117,0.4,0.1,0.2,0.2,0.2,0.2,0.2,0.2,0.2,0.2,0.2,-0.2,0.2,0.2,0.2,0.2,0.2,0.2,0.2,0.2,0.2,-1.4,0.2,0.2,0.2,0.2,0.2,0.2,0.2,0.3,0.2,-3.6,0.2,0.2,0.2,0.2,0.2,0.2,0.2,0.2,0.2,-3.64,0.1,0.2,0.2,0.2,0.1,0.2,0.2,0.2,0.3,-3.64,0.2,0.2,0.2,0.2,0.2,0.2,0.2,0.2,0.2,-3.21,0.2,0.2,0.2,0.2,0.2,0.2,0.2,0.2,0.2,-0.5,0.2,0.2,0.2,0.2,0.2,0.2,0.2,0.2,0.2,-0.1,0.2,0.2,0.2,0.2,0.2,0.2,0.2,0.2,0.3,0,0.2,0.2,0.2,0.2,0.2,0.2,0.3,0
0.000117,0.4,0.2,0.2,0.2,0.2,0.2,0.2,0.2,0.2,0.2,0.2,-0.2,0.2,0.2,0.2,0.2,0.2,0.2,0.2,0.2,0.2,-1.4,0.2,0.2,0.2,0.2,0.2,0.2,0.2,0.2,0.2,-3.64,0.2,0.2,0.3,0.3,0.2,0.2,0.2,0.2,0.2,-3.64,0.2,0.2,0.2,0.2,0.2,0.2,0.3,0.2,0.2,-3.64,0.2,0.2,0.2,0.2,0.2,0.2,0.2,0.3,0.2,-3.24,0.2,0.2,0.2,0.2,0.2,0.2,0.2,0.2,0.2,-0.7,0.2,0.2,0.3,0.2,0.2,0.2,0.2,0.2,0.3,0,0.2,0.2,0.2,0.3,0.2,0.2,0.2,0.2,0.2,0,0.2,0.2,0.2,0.2,0.3,0.2,0.2,0
0.000117,0.4,0.2,0.2,0.2,0.2,0.2,0.2,0.2,0.2,0.2,0.2,-0.3,0.2,0.2,0.2,0.2,0.2,0.2,0.2,0.2,0.2,-1.4,0.2,0.2,0.3,0.2,0.2,0.2,0.2,0.2,0.2,-3.5,0.2,0.2,0.2,0.2,0.2,0.2,0.2,0.2,0.2,-3.64,0.2,0.2,0.2,0.2,0.2,0.2,0.2,0.2,0.2,-3.68,0.2,0.2,0.2,0.2,0.2,0.2,0.2,0.2,0.2,-3.18,0.2,0.2,0.2,0.2,0.2,0.2,0.2,0.2,0.2,-0.6,0.2,0.2,0.2,0.2,0.2,0.2,0.2,0.2,0.2,0,0.2,0.2,0.2,0.2,0.2,0.2,0.2,0.2,0.2,-0.1,0.2,0.2,0.2,0.2,0.2,0.2,0.2,0
0.000117,0.4,0.2,0.2,0.2,0.2,0.2,0.2,0.2,0.2,0.2,0.2,-0.1,0.2,0.2,0.2,0.2,0.2,0.2,0.3,0.2,0.2,-1.4,0.2,0.2,0.2,0.3,0.2,0.2,0.2,0.3,0.2,-3.6,0.2,0.2,0.2,0.2,0.2,0.2,0.2,0.2,0.2,-3.6,0.2,0.2,0.2,0.2,0.2,0.3,0.2,0.2,0.2,-3.68,0.2,0.2,0.2,0.2,0.2,0.2,0.2,0.2,0.2,-3.14,0.2,0.2,0.2,0.2,0.2,0.2,0.3,0.2,0.2,-0.5,0.2,0.2,0.2,0.2,0.2,0.2,0.1,0.2,0.2,0.1,0.2,0.2,0.2,0.3,0.2,0.2,0.2,0.2,0.2,0,0.2,0.2,0.2,0.2,0.2,0.2,0.2,0
0.000117,0.4,0.2,0.2,0.2,0.2,0.2,0.2,0.2,0.2,0.2,0.2,-0.2,0.1,0.2,0.2,0.2,0.2,0.2,0.2,0.2,0.3,-1.5,0.2,0.2,0.1,0.2,0.2,0.2,0.2,0.2,0.2,-3.64,0.2,0.2,0.2,0.2,0.3,0.2,0.2,0.2,0.2,-3.64,0.2,0.2,0.2,0.2,0.2,0.3,0.3,0.2,0.2,-3.64,0.2,0.2,0.1,0.2,0.2,0.2,0.2,0.2,0.2,-3.14,0.2,0.2,0.2,0.2,0.2,0.2,0.2,0.2,0.2,-0.5,0.2,0.2,0.2,0.2,0.2,0.2,0.2,0.2,0.2,0,0.2,0.3,0.2,0.2,0.2,0.2,0.2,0.2,0.2,0,0.2,0.2,0.2,0.2,0.2,0.2,0.1,-0.1
0.000118,0.3,0.2,0.3,0.2,0.1,0.2,0.2,0.2,0.2,0.2,0.2,-0.2,0.2,0.2,0.2,0.2,0.2,0.2,0.3,0.2,0.2,-1.5,0.2,0.2,0.2,0.2,0.2,0.2,0.2,0.2,0.2,-3.6,0.2,0.2,0.2,0.2,0.2,0.2,0.2,0.2,0.1,-3.64,0.1,0.2,0.2,0.2,0.2,0.2,0.2,0.2,0.3,-3.64,0.2,0.2,0.2,0.2,0.2,0.2,0.2,0.2,0.2,-3.15,0.2,0.2,0.2,0.2,0.2,0.1,0.2,0.2,0.2,-0.5,0.2,0.2,0.2,0.2,0.2,0.1,0.1,0.2,0.2,-0.1,0.2,0.3,0.2,0.2,0.2,0.2,0.2,0.2,0.2,0,0.2,0.2,0.2,0.2,0.3,0.2,0,0
0.000118,0.3,0.2,0.2,0.3,0.2,0.2,0.3,0.2,0.2,0.2,0.1,-0.1,0.2,0.2,0.2,0.2,0.2,0.2,0.2,0.3,0.2,-1.5,0.1,0.2,0.2,0.2,0.2,0.2,0.2,0.2,0.2,-3.6,0.2,0.2,0.2,0.2,0.2,0.2,0.2,0.2,0.2,-3.58,0.2,0.3,0.2,0.2,0.2,0.3,0.2,0.2,0.2,-3.64,0.2,0.2,0.2,0.2,0.2,0.2,0.2,0.2,0.2,-3.06,0.2,0.2,0.2,0.2,0.2,0.2,0.2,0.3,0.3,-0.5,0.2,0.2,0.2,0.3,0.2,0.2,0.2,0.2,0.2,-0.1,0.2,0.3,0.2,0.2,0.2,0.2,0.2,0.2,0.1,0.1,0.2,0.2,0.2,0.2,0.2,0.2,0.1,0
0.000118,0.3,0.2,0.2,0.2,0.2,0.3,0.2,0.2,0.2,0.2,0.2,-0.3,0.2,0.2,0.2,0.2,0.2,0.2,0.2,0.2,0.2,-1.5,0.3,0.2,0.2,0.2,0.2,0.2,0.2,0.2,0.2,-3.64,0.2,0.2,0.2,0.2,0.2,0.2,0.2,0.2,0.2,-3.44,0.2,0.2,0.2,0.2,0.2,0.2,0.2,0.2,0.2,-3.68,0.3,0.2,0.2,0.2,0.2,0.2,0.2,0.2,0.2,-3.12,0.2,0.2,0.2,0.2,0.2,0.1,0.2,0.2,0.2,-0.5,0.3,0.2,0.2,0.3,0.2,0.2,0.2,0.2,0.2,0,0.2,0.2,0.2,0.2,0.2,0.2,0.3,0.2,0.2,0.2,0.2,0.2,0.2,0.1,0.2,0.2,0.1,0
0.000118,0.3,0.2,0.2,0.2,0.2,0.2,0.2,0.2,0.1,0.2,0.2,-0.2,0.2,0.2,0.2,0.2,0.2,0.2,0.2,0.2,0.2,-1.4,0.2,0.2,0.2,0.2,0.2,0.2,0.2,0.2,0.2,-3.54,0.2,0.2,0.2,0.3,0.2,0.2,0.2,0.2,0.2,-3.54,0.2,0.2,0.2,0.3,0.2,0.2,0.2,0.2,0.2,-3.64,0.3,0.2,0.1,0.2,0.2,0.2,0.3,0.2,0.2,-3.08,0.2,0.3,0.2,0.2,0.2,0.2,0.2,0.3,0.2,-0.6,0.2,0.2,0.2,0.2,0.2,0.2,0.1,0.2,0.2,-0.1,0.2,0.2,0.2,0.2,0.1,0.2,0.2,0.2,0.2,0.2,0.2,0.2,0.2,0.2,0.2,0.2,0.2,0
0.000118,0.3,0.1,0.2,0.2,0.2,0.2,0.2,0.2,0.2,0.2,0.2,-0.3,0.2,0.2,0.2,0.2,0.2,0.2,0.2,0.2,0.2,-1.3,0.2,0.2,0.2,0.2,0.2,0.2,0.2,0.3,0.2,-3.64,0.2,0.2,0.2,0.2,0.2,0.2,0.2,0.2,0.2,-3.5,0.2,0.1,0.2,0.2,0.2,0.2,0.2,0.2,0.2,-3.6,0.2,0.2,0.2,0.2,0.2,0.2,0.1,0.2,0.2,-3.08,0.2,0.2,0.2,0.2,0.2,0.2,0.2,0.2,0.2,-0.6,0.2,0.2,0.2,0.2,0.3,0.2,0.2,0.2,0.2,-0.1,0.2,0.2,0.2,0.2,0.2,0.2,0.2,0.2,0.2,0,0.2,0.2,0.2,0.2,0.2,0.2,0.2,-0.1
0.000119,0.3,0.2,0.2,0.2,0.2,0.2,0.2,0.3,0.2,0.2,0.2,-0.2,0.2,0.2,0.2,0.2,0.2,0.2,0.2,0.2,0.2,-1.3,0.2,0.2,0.2,0.1,0.2,0.2,0.2,0.3,0.2,-3.54,0.2,0.2,0.2,0.2,0.2,0.2,0.2,0.2,0.2,-3.54,0.2,0.2,0.2,0.2,0.2,0.2,0.2,0.2,0.2,-3.64,0.2,0.2,0.2,0.2,0.2,0.2,0.2,0.1,0.2,-3.03,0.2,0.2,0.2,0.2,0.2,0.2,0.2,0.2,0.2,-0.4,0.2,0.2,0.2,0.2,0.2,0.2,0.2,0.2,0.2,-0.1,0.2,0.2,0.2,0.2,0.2,0.1,0.2,0.2,0.2,0,0.2,0.3,0.2,0.2,0.2,0.2,0.1,0
0.000119,0.3,0.2,0.2,0.2,0.2,0.2,0.2,0.2,0.2,0.2,0.2,-0.2,0.2,0.2,0.2,0.2,0.2,0.2,0.2,0.2,0.2,-1.3,0.2,0.2,0.2,0.2,0.2,0.3,0.2,0.2,0.2,-3.6,0.2,0.2,0.2,0.2,0.2,0.2,0.2,0.2,0.2,-3.54,0.2,0.2,0.1,0.2,0.2,0.2,0.2,0.2,0.2,-3.68,0.2,0.2,0.2,0.2,0.2,0.2,0.2,0.2,0.2,-2.99,0.3,0.2,0.2,0.2,0.3,0.2,0.2,0.2,0.2,-0.4,0.2,0.2,0.2,0.2,0.2,0.1,0.3,0.2,0.2,-0.1,0.2,0.2,0.2,0.2,0.2,0.2,0.2,0.3,0.2,0,0.2,0.2,0.2,0.2,0.2,0.2,0.2,-0.1
0.000119,0.3,0.2,0.3,0.2,0.2,0.3,0.2,0.2,0.2,0.3,0.2,-0.2,0.2,0.2,0.3,0.2,0.2,0.2,0.2,0.2,0.2,-1.3,0.2,0.2,0.2,0.2,0.2,0.2,0.2,0.2,0.2,-3.6,0.2,0.2,0.2,0.2,0.2,0.3,0.2,0.2,0.2,-3.64,0.2,0.2,0.2,0.2,0.2,0.3,0.3,0.2,0.2,-3.68,0.2,0.2,0.2,0.1,0.2,0.2,0.2,0.2,0.3,-3.03,0.2,0.2,0.2,0.2,0.2,0.2,0.2,0.2,0.2,-0.5,0.2,0.2,0.2,0.2,0.2,0.2,0.2,0.2,0.2,-0.1,0.2,0.2,0.2,0.2,0.2,0.2,0.2,0.2,0.2,0,0.2,0.2,0.2,0.2,0.2,0.2,0.3,-0.1
0.000119,0.3,0.2,0.2,0.2,0.2,0.2,0.2,0.3,0.3,0.2,0.2,-0.2,0.2,0.2,0.2,0.3,0.2,0.2,0.2,0.2,0.2,-1.3,0.1,0.2,0.2,0.2,0.2,0.2,0.2,0.2,0.2,-3.6,0.2,0.2,0.1,0.3,0.2,0.2,0.2,0.2,0.3,-3.68,0.2,0.2,0.2,0.2,0.2,0.2,0.2,0.2,0.2,-3.6,0.2,0.2,0.3,0.2,0.2,0.2,0.2,0.3,0.2,-2.99,0.2,0.2,0.2,0.2,0.2,0.2,0.2,0.2,0.2,-0.5,0.2,0.2,0.2,0.2,0.2,0.1,0.2,0.2,0.2,-0.1,0.2,0.2,0.2,0.2,0.2,0.2,0.2,0.2,0.2,-0.1,0.2,0.2,0.2,0.2,0.2,0.2,0.3,-0.1
0.000119,0.3,0.2,0.2,0.2,0.2,0.2,0.2,0.3,0.2,0.2,0.2,-0.1,0.2,0.2,0.2,0.2,0.2,0.2,0.2,0.2,0.2,-1.3,0.2,0.2,0.2,0.2,0.2,0.2,0.2,0.2,0.2,-3.54,0.2,0.3,0.2,0.2,0.2,0.2,0.2,0.2,0.2,-3.68,0.2,0.2,0.2,0.2,0.2,0.2,0.2,0.1,0.2,-3.64,0.2,0.2,0.2,0.2,0.2,0.2,0.2,0.2,0.2,-3.08,0.2,0.2,0.2,0.2,0.2,0.2,0.2,0.2,0.2,-0.5,0.2,0.3,0.2,0.3,0.2,0.2,0.2,0.2,0.2,-0.1,0.2,0.2,0.2,0.2,0.1,0.2,0.2,0.2,0.2,0,0.2,0.2,0.2,0.2,0.2,0.2,0.3,-0.1
0.00012,0.3,0.2,0.2,0.2,0.2,0.2,0.2,0.2,0.2,0.2,0.2,-0.2,0.2,0.2,0.2,0.2,0.3,0.2,0.3,0.1,0.2,-1.3,0.2,0.2,0.2,0.1,0.2,0.2,0.2,0.2,0.2,-3.6,0.2,0.3,0.2,0.2,0.2,0.2,0.2,0.2,0.2,-3.64,0.2,0.2,0.2,0.2,0.2,0.2,0.2,0.2,0.2,-3.78,0.2,0.2,0.2,0.2,0.2,0.2,0.2,0.2,0.2,-2.99,0.2,0.2,0.2,0.2,0.2,0.2,0.2,0.2,0.2,-0.5,0.2,0.2,0.2,0.2,0.2,0.3,0.2,0.3,0.2,-0.1,0.2,0.2,0.2,0.1,0.2,0.2,0.2,0.2,0.2,0,0.2,0.2,0.2,0.2,0.2,0.2,0.3,0
0.00012,0.3,0.2,0.3,0.2,0.2,0.1,0.2,0.2,0.2,0.2,0.1,-0.1,0.2,0.2,0.1,0.2,0.2,0.2,0.2,0.2,0.2,-1.3,0.2,0.3,0.3,0.2,0.2,0.2,0.2,0.2,0.2,-3.6,0.2,0.2,0.2,0.2,0.2,0.2,0.2,0.2,0.2,-3.54,0.2,0.2,0.2,0.2,0.2,0.2,0.2,0.2,0.3,-3.64,0.2,0.2,0.2,0.2,0.2,0.2,0.2,0.2,0.2,-2.93,0.2,0.2,0.2,0.2,0.2,0.2,0.2,0.2,0.2,-0.5,0.2,0.2,0.2,0.2,0.2,0.2,0.2,0.2,0.2,-0.1,0.3,0.2,0.2,0.2,0.2,0.2,0.2,0.2,0.2,0.1,0.2,0.2,0.2,0.2,0.2,0.2,0.2,0
0.00012,0.2,0.2,0.2,0.2,0.2,0.2,0.2,0.2,0.2,0.2,0.2,-0.2,0.2,0.2,0.2,0.3,0.2,0.2,0.2,0.2,0.2,-1.4,0.2,0.2,0.2,0.2,0.2,0.2,0.2,0.2,0.2,-3.5,0.2,0.2,0.2,0.2,0.3,0.2,0.2,0.2,0.2,-3.58,0.2,0.2,0.2,0.2,0.2,0.2,0.2,0.2,0.2,-3.64,0.2,0.2,0.2,0.2,0.3,0.2,0.2,0.2,0.2,-2.93,0.2,0.2,0.2,0.2,0.2,0.2,0.1,0.2,0.2,-0.6,0.2,0.2,0.2,0.2,0.2,0.2,0.1,0.2,0.2,-0.1,0.2,0.2,0.3,0.2,0.2,0.2,0.2,0.2,0.2,0.1,0.3,0.3,0.2,0.2,0.2,0.2,0.2,0
0.00012,0.3,0.3,0.2,0.2,0.3,0.2,0.3,0.2,0.1,0.2,0.2,-0.2,0.2,0.2,0.2,0.2,0.2,0.2,0.2,0.2,0.2,-1.4,0.2,0.2,0.2,0.3,0.2,0.2,0.2,0.2,0.2,-3.6,0.2,0.2,0.2,0.2,0.3,0.2,0.1,0.3,0.2,-3.58,0.2,0.2,0.2,0.2,0.2,0.2,0.2,0.2,0.2,-3.64,0.2,0.2,0.2,0.2,0.2,0.2,0.2,0.2,0.2,-2.93,0.2,0.2,0.2,0.2,0.2,0.2,0.2,0.2,0.2,-0.6,0.2,0.2,0.2,0.2,0.2,0.2,0.2,0.2,0.2,0,0.2,0.2,0.2,0.2,0.2,0.2,0.2,0.3,0.2,0.1,0.2,0.2,0.2,0.2,0.2,0.2,0.2,-0.1
0.00012,0.2,0.1,0.2,0.2,0.2,0.2,0.2,0.2,0.2,0.2,0.2,-0.3,0.2,0.2,0.2,0.2,0.2,0.2,0.2,0.2,0.2,-1.3,0.2,0.2,0.2,0.2,0.2,0.2,0.2,0.3,0.2,-3.6,0.2,0.2,0.1,0.2,0.2,0.2,0.2,0.2,0.2,-3.54,0.2,0.2,0.2,0.2,0.2,0.2,0.2,0.2,0.2,-3.64,0.2,0.2,0.2,0.3,0.2,0.2,0.2,0.2,0.2,-2.99,0.2,0.2,0.2,0.3,0.2,0.2,0.2,0.2,0.2,-0.6,0.2,0.2,0.2,0.2,0.2,0.3,0.2,0.2,0.2,-0.1,0.2,0.2,0.2,0.2,0.2,0.3,0.2,0.2,0.2,0.1,0.2,0.2,0.2,0.2,0.2,0.2,0.1,0
0.000121,0.3,0.2,0.2,0.2,0.2,0.2,0.2,0.2,0.3,0.2,0.2,-0.2,0.2,0.2,0.2,0.3,0.2,0.2,0.2,0.2,0.2,-1.3,0.2,0.2,0.2,0.1,0.2,0.2,0.3,0.2,0.2,-3.5,0.2,0.2,0.2,0.2,0.2,0.1,0.2,0.2,0.2,-3.48,0.2,0.2,0.2,0.2,0.2,0.2,0.2,0.2,0.2,-3.68,0.2,0.2,0.2,0.2,0.2,0.2,0.2,0.1,0.2,-2.99,0.2,0.2,0.2,0.2,0.2,0.2,0.2,0.2,0.2,-0.6,0.2,0.2,0.2,0.2,0.3,0.2,0.2,0.2,0.2,-0.1,0.2,0.2,0.2,0.2,0.2,0.2,0.2,0.2,0.3,0.2,0.2,0.2,0.2,0.2,0.2,0.2,0.1,0
0.000121,0.4,0.2,0.2,0.2,0.2,0.2,0.2,0.2,0.2,0.2,0.2,-0.2,0.2,0.1,0.2,0.2,0.2,0.2,0.2,0.2,0.2,-1.3,0.2,0.2,0.2,0.2,0.2,0.2,0.2,0.2,0.2,-3.6,0.2,0.2,0.2,0.2,0.2,0.2,0.2,0.2,0.2,-3.54,0.2,0.2,0.2,0.2,0.2,0.2,0.3,0.2,0.2,-3.68,0.2,0.2,0.2,0.2,0.2,0.2,0.2,0.2,0.2,-2.99,0.3,0.1,0.2,0.2,0.2,0.2,0.2,0.2,0.2,-0.6,0.2,0.2,0.3,0.2,0.3,0.2,0.2,0.2,0.2,0,0.2,0.2,0.3,0.2,0.2,0.2,0.2,0.2,0.2,0,0.2,0.2,0.2,0.2,0.2,0.2,0.2,-0.1
0.000121,0.3,0.2,0.2,0.2,0.2,0.3,0.2,0.2,0.2,0.2,0.3,-0.2,0.2,0.2,0.2,0.2,0.3,0.2,0.2,0.2,0.2,-1.3,0.2,0.2,0.2,0.3,0.2,0.2,0.2,0.2,0.2,-3.45,0.2,0.2,0.2,0.2,0.3,0.2,0.2,0.2,0.2,-3.5,0.2,0.2,0.2,0.3,0.2,0.2,0.2,0.2,0.2,-3.64,0.2,0.2,0.2,0.1,0.2,0.2,0.2,0.2,0.3,-2.95,0.2,0.2,0.2,0.2,0.2,0.2,0.2,0.2,0.2,-0.6,0.2,0.2,0.2,0.2,0.2,0.2,0.2,0.2,0.2,0,0.2,0.2,0.2,0.2,0.2,0.3,0.2,0.2,0.3,0.1,0.2,0.2,0.2,0.2,0.2,0.1,0.1,0
0.000121,0.4,0.2,0.2,0.2,0.2,0.2,0.2,0.2,0.3,0.2,0.2,-0.2,0.2,0.2,0.2,0.2,0.2,0.2,0.3,0.2,0.2,-1.3,0.2,0.2,0.2,0.2,0.2,0.2,0.2,0.2,0.2,-3.5,0.2,0.1,0.2,0.2,0.2,0.2,0.2,0.2,0.2,-3.54,0.2,0.2,0.2,0.2,0.2,0.2,0.2,0.2,0.2,-3.6,0.2,0.2,0.2,0.2,0.2,0.2,0.2,0.2,0.2,-2.85,0.2,0.1,0.2,0.2,0.2,0.2,0.2,0.2,0.2,-0.6,0.2,0.2,0.2,0.2,0.2,0.2,0.2,0.2,0.2,0,0.2,0.2,0.2,0.2,0.1,0.2,0.2,0.2,0.2,0,0.2,0.2,0.2,0.2,0.2,0.2,0.1,-0.1
0.000121,0.3,0.2,0.2,0.2,0.2,0.2,0.2,0.2,0.2,0.1,0.2,-0.1,0.2,0.2,0.2,0.2,0.2,0.1,0.2,0.2,0.2,-1.3,0.2,0.2,0.3,0.2,0.2,0.2,0.2,0.2,0.2,-3.45,0.2,0.2,0.2,0.2,0.2,0.2,0.2,0.2,0.2,-3.64,0.2,0.2,0.2,0.2,0.2,0.3,0.2,0.2,0.3,-3.64,0.2,0.2,0.2,0.2,0.2,0.2,0.2,0.2,0.2,-2.95,0.2,0.2,0.2,0.3,0.2,0.2,0.2,0.2,0.2,-0.5,0.2,0.2,0.2,0.2,0.2,0.2,0.2,0.2,0.2,-0.1,0.2,0.2,0.2,0.2,0.2,0.2,0.2,0.2,0.2,0,0.2,0.2,0.2,0.2,0.2,0.2,0.2,0
0.000122,0.4,0.2,0.2,0.2,0.2,0.2,0.2,0.3,0.2,0.2,0.2,-0.1,0.2,0.2,0.2,0.2,0.2,0.2,0.2,0.2,0.2,-1.3,0.2,0.2,0.2,0.2,0.2,0.2,0.2,0.2,0.2,-3.5,0.3,0.2,0.2,0.2,0.2,0.2,0.2,0.2,0.2,-3.64,0.2,0.2,0.2,0.3,0.2,0.2,0.2,0.2,0.1,-3.64,0.2,0.2,0.2,0.2,0.2,0.2,0.2,0.2,0.3,-2.85,0.2,0.3,0.3,0.2,0.2,0.1,0.2,0.2,0.2,-0.5,0.2,0.2,0.3,0.3,0.2,0.2,0.2,0.2,0.2,-0.1,0.2,0.2,0.2,0.2,0.2,0.2,0.2,0.1,0.2,0,0.2,0.2,0.2,0.2,0.2,0.2,0.2,0
0.000122,0.4,0.2,0.2,0.2,0.2,0.2,0.2,0.2,0.2,0.2,0.2,-0.1,0.2,0.2,0.2,0.2,0.2,0.2,0.3,0.2,0.2,-1.3,0.2,0.2,0.2,0.2,0.2,0.2,0.2,0.3,0.2,-3.45,0.2,0.2,0.2,0.2,0.2,0.2,0.2,0.2,0.2,-3.64,0.2,0.2,0.2,0.2,0.2,0.2,0.2,0.2,0.2,-3.64,0.2,0.4,0.2,0.2,0.1,0.2,0.2,0.2,0.2,-2.85,0.2,0.3,0.2,0.2,0.2,0.2,0.2,0.2,0.2,-0.3,0.3,0.1,0.2,0.2,0.2,0.4,0.2,0.2,0.2,-0.1,0.2,0.2,0.2,0.2,0.2,0.2,0.2,0.1,0.2,0,0.2,0.2,0.2,0.2,0.2,0.2,0.2,0
0.000122,0.4,0.2,0.3,0.2,0.2,0.2,0.2,0.2,0.2,0.2,0.2,-0.1,0.2,0.2,0.2,0.3,0.3,0.2,0.2,0.2,0.2,-1.2,0.2,0.2,0.2,0.2,0.2,0.2,0.2,0.2,0.3,-3.5,0.2,0.2,0.2,0.2,0.2,0.2,0.2,0.2,0.2,-3.64,0.2,0.2,0.2,0.2,0.2,0.2,0.2,0.2,0.2,-3.64,0.1,0.3,0.2,0.2,0.2,0.2,0.2,0.2,0.2,-2.89,0.2,0.2,0.3,0.2,0.3,0.2,0.2,0.2,0.2,-0.4,0.2,0.2,0.2,0.2,0.3,0.2,0.2,0.2,0.2,-0.1,0.2,0.2,0.2,0.2,0.2,0.2,0.2,0.2,0.2,0,0.2,0.2,0.2,0.2,0.2,0.2,0.2,0.1
0.000122,0.3,0.3,0.2,0.2,0.2,0.2,0.2,0.2,0.3,0.2,0.2,-0.1,0.3,0.2,0.2,0.2,0.3,0.2,0.2,0.2,0.2,-1.3,0.2,0.2,0.2,0.2,0.2,0.2,0.2,0.1,0.2,-3.5,0.1,0.2,0.2,0.2,0.2,0.2,0.2,0.2,0.2,-3.64,0.2,0.2,0.2,0.2,0.2,0.2,0.2,0.2,0.2,-3.68,0.2,0.2,0.2,0.2,0.2,0.2,0.2,0.3,0.2,-2.93,0.2,0.2,0.1,0.3,0.2,0.2,0.2,0.2,0.3,-0.4,0.2,0.2,0.2,0.2,0.2,0.2,0.2,0.2,0.2,0,0.2,0.2,0.2,0.2,0.2,0.2,0.2,0.2,0.2,0,0.2,0.2,0.2,0.2,0.2,0.2,0.1,0
0.000122,0.4,0.2,0.2,0.3,0.2,0.2,0.2,0.2,0.1,0.3,0.2,-0.1,0.2,0.2,0.2,0.2,0.2,0.2,0.3,0.2,0.2,-1.2,0.2,0.2,0.2,0.2,0.2,0.2,0.2,0.2,0.1,-3.45,0.2,0.2,0.2,0.2,0.2,0.2,0.2,0.3,0.3,-3.58,0.2,0.3,0.2,0.2,0.2,0.2,0.2,0.2,0.2,-3.6,0.2,0.2,0.2,0.2,0.2,0.2,0.2,0.2,0.2,-2.83,0.2,0.2,0.2,0.2,0.2,0.2,0.2,0.2,0.2,-0.5,0.2,0.2,0.2,0.2,0.2,0.2,0.2,0.2,0.2,0,0.2,0.3,0.2,0.2,0.2,0.2,0.2,0.2,0.2,0,0.2,0.2,0.1,0.2,0.2,0.2,0.1,-0.1
0.000123,0.2,0.3,0.2,0.2,0.2,0.2,0.2,0.2,0.2,0.2,0.2,-0.1,0.2,0.2,0.2,0.2,0.2,0.2,0.2,0.2,0.2,-1.3,0.2,0.2,0.3,0.2,0.2,0.2,0.2,0.3,0.2,-3.55,0.2,0.2,0.2,0.2,0.2,0.2,0.2,0.2,0.2,-3.54,0.2,0.2,0.2,0.3,0.2,0.2,0.2,0.2,0.2,-3.64,0.2,0.2,0.2,0.2,0.2,0.2,0.2,0.2,0.2,-2.89,0.2,0.1,0.1,0.2,0.2,0.2,0.2,0.2,0.2,-0.5,0.2,0.2,0.2,0.2,0.2,0.2,0.2,0.2,0.2,-0.1,0.2,0.2,0.2,0.2,0.2,0.2,0.2,0.2,0.2,0,0.2,0.2,0.2,0.2,0.2,0.2,0.2,0
0.000123,0.3,0.3,0.3,0.2,0.2,0.2,0.2,0.2,0.3,0.3,0.2,-0.1,0.2,0.2,0.2,0.2,0.2,0.2,0.2,0.3,0.2,-1.3,0.2,0.2,0.2,0.2,0.2,0.2,0.2,0.1,0.2,-3.51,0.2,0.2,0.2,0.2,0.2,0.2,0.2,0.2,0.2,-3.48,0.2,0.2,0.2,0.2,0.2,0.2,0.2,0.2,0.2,-3.6,0.2,0.1,0.2,0.2,0.2,0.2,0.2,0.3,0.2,-2.85,0.2,0.2,0.2,0.2,0.2,0.2,0.2,0.2,0.2,-0.4,0.2,0.2,0.2,0.2,0.2,0.2,0.2,0.2,0.3,-0.1,0.1,0.2,0.3,0.2,0.2,0.2,0.2,0.2,0.2,0,0.2,0.2,0.2,0.2,0.2,0.2,0.2,-0.1
0.000123,0.3,0.2,0.2,0.2,0.2,0.2,0.1,0.2,0.1,0.2,0.2,-0.1,0.2,0.2,0.2,0.2,0.2,0.2,0.2,0.2,0.2,-1.3,0.2,0.2,0.2,0.2,0.2,0.2,0.2,0.2,0.2,-3.6,0.2,0.2,0.2,0.2,0.3,0.2,0.2,0.2,0.2,-3.48,0.2,0.2,0.3,0.2,0.2,0.2,0.2,0.2,0.2,-3.5,0.2,0.3,0.2,0.2,0.2,0.2,0.2,0.2,0.2,-2.8,0.2,0.2,0.2,0.2,0.2,0.2,0.2,0.2,0.2,-0.5,0.2,0.3,0.2,0.2,0.2,0.1,0.2,0.2,0.2,0,0.2,0.2,0.2,0.2,0.2,0.2,0.2,0.2,0.2,0,0.3,0.2,0.2,0.2,0.1,0.2,0.2,0
0.000123,0.3,0.2,0.2,0.2,0.2,0.2,0.2,0.2,0.3,0.2,0.2,-0.2,0.2,0.2,0.3,0.2,0.3,0.2,0.2,0.2,0.2,-1.3,0.3,0.2,0.2,0.2,0.2,0.2,0.2,0.2,0.2,-3.6,0.2,0.2,0.2,0.2,0.2,0.3,0.2,0.2,0.1,-3.4,0.2,0.2,0.2,0.2,0.2,0.2,0.2,0.2,0.2,-3.6,0.2,0.2,0.2,0.2,0.2,0.2,0.2,0.2,0.2,-2.82,0.1,0.2,0.2,0.2,0.2,0.2,0.2,0.2,0.2,-0.5,0.2,0.2,0.2,0.2,0.1,0.2,0.1,0.2,0.2,0.1,0.2,0.2,0.2,0.2,0.2,0.2,0.2,0.2,0.2,0,0.2,0.2,0.2,0.2,0.2,0.2,0.1,0.1
0.000123,0.3,0.2,0.2,0.2,0.2,0.2,0.2,0.2,0.2,0.3,0.2,-0.1,0.2,0.2,0.2,0.2,0.2,0.2,0.2,0.2,0.2,-1.2,0.2,0.2,0.2,0.2,0.2,0.2,0.3,0.2,0.2,-3.64,0.2,0.2,0.2,0.2,0.2,0.2,0.2,0.2,0.2,-3.5,0.2,0.3,0.3,0.2,0.2,0.2,0.2,0.2,0.2,-3.64,0.2,0.2,0.2,0.2,0.2,0.3,0.2,0.2,0.2,-2.78,0.2,0.2,0.2,0.2,0.2,0.2,0.2,0.2,0.2,-0.5,0.2,0.2,0.2,0.3,0.3,0.2,0.2,0.2,0.2,0.1,0.2,0.1,0.2,0.2,0.2,0.3,0.2,0.2,0.2,0,0.2,0.2,0.2,0.2,0.2,0.2,0.1,0.1
0.000124,0.3,0.2,0.2,0.2,0.2,0.2,0.2,0.2,0.2,0.2,0.2,-0.2,0.2,0.2,0.2,0.2,0.2,0.2,0.2,0.2,0.2,-1.3,0.2,0.2,0.2,0.2,0.2,0.2,0.3,0.3,0.2,-3.6,0.2,0.2,0.2,0.2,0.2,0.2,0.2,0.2,0.2,-3.58,0.2,0.2,0.2,0.2,0.2,0.2,0.2,0.2,0.2,-3.64,0.2,0.2,0.2,0.2,0.2,0.2,0.2,0.2,0.2,-2.73,0.2,0.2,0.2,0.2,0.2,0.2,0.2,0.2,0.2,-0.5,0.2,0.2,0.2,0.2,0.2,0.3,0.2,0.3,0.2,0,0.2,0.2,0.2,0.2,0.2,0.2,0.2,0.2,0.2,0,0.2,0.2,0.2,0.2,0.2,0.2,0.2,0.1
0.000124,0.3,0.2,0.2,0.2,0.2,0.2,0.2,0.2,0.2,0.2,0.2,-0.2,0.2,0.2,0.2,0.2,0.2,0.2,0.2,0.2,0.2,-1.3,0.2,0.2,0.2,0.2,0.2,0.2,0.2,0.2,0.2,-3.68,0.2,0.3,0.2,0.2,0.2,0.2,0.2,0.1,0.3,-3.54,0.2,0.2,0.2,0.2,0.2,0.2,0.2,0.2,0.3,-3.68,0.2,0.2,0.2,0.2,0.2,0.2,0.2,0.2,0.2,-2.73,0.2,0.2,0.2,0.2,0.2,0.2,0.2,0.2,0.2,-0.5,0.2,0.2,0.2,0.2,0.2,0.3,0.2,0.2,0.2,-0.1,0.2,0.2,0.2,0.2,0.2,0.2,0.2,0.2,0.2,0.1,0.2,0.2,0.2,0.2,0.2,0.2,0.2,0
0.000124,0.4,0.2,0.2,0.2,0.2,0.1,0.2,0.2,0.2,0.2,0.2,-0.2,0.2,0.2,0.2,0.2,0.2,0.2,0.2,0.2,0.2,-1.3,0.2,0.2,0.2,0.2,0.2,0.2,0.2,0.2,0.2,-3.5,0.2,0.2,0.2,0.2,0.2,0.2,0.2,0.2,0.2,-3.5,0.2,0.2,0.2,0.2,0.2,0.2,0.2,0.2,0.2,-3.6,0.2,0.2,0.2,0.2,0.2,0.2,0.2,0.2,0.2,-2.78,0.2,0.1,0.2,0.2,0.2,0.2,0.2,0.2,0.2,-0.4,0.2,0.2,0.2,0.2,0.2,0.2,0.2,0.2,0.2,0,0.2,0.2,0.2,0.2,0.2,0.2,0.2,0.2,0.2,0.1,0.2,0.2,0.2,0.2,0.2,0.2,0.1,0.1
0.000124,0.4,0.2,0.2,0.2,0.2,0.2,0.1,0.2,0.2,0.2,0.2,-0.1,0.2,0.2,0.2,0.2,0.2,0.2,0.2,0.2,0.3,-1.2,0.2,0.2,0.2,0.2,0.2,0.2,0.1,0.2,0.2,-3.5,0.2,0.2,0.1,0.2,0.2,0.2,0.2,0.2,0.2,-3.58,0.2,0.2,0.2,0.3,0.2,0.2,0.2,0.2,0.2,-3.64,0.2,0.2,0.2,0.2,0.2,0.2,0.2,0.2,0.2,-2.76,0.2,0.2,0.2,0.2,0.2,0.2,0.2,0.2,0.2,-0.5,0.2,0.2,0.3,0.2,0.2,0.3,0.2,0.2,0.2,-0.1,0.2,0.2,0.2,0.2,0.2,0.2,0.2,0.2,0.2,0,0.2,0.2,0.2,0.2,0.2,0.2,0.1,-0.1
0.000124,0.4,0.2,0.2,0.2,0.2,0.2,0.2,0.2,0.2,0.2,0.2,-0.2,0.2,0.2,0.2,0.2,0.2,0.3,0.2,0.2,0.2,-1.2,0.2,0.2,0.3,0.2,0.2,0.2,0.2,0.2,0.2,-3.5,0.3,0.2,0.2,0.2,0.2,0.2,0.2,0.2,0.2,-3.54,0.2,0.2,0.2,0.2,0.2,0.2,0.2,0.2,0.2,-3.68,0.1,0.2,0.2,0.2,0.2,0.2,0.2,0.2,0.2,-2.76,0.2,0.2,0.2,0.2,0.2,0.2,0.2,0.2,0.2,-0.3,0.2,0.2,0.2,0.2,0.2,0.2,0.2,0.2,0.2,-0.1,0.2,0.2,0.2,0.3,0.2,0.1,0.2,0.2,0.2,0,0.2,0.3,0.2,0.2,0.2,0.2,0.2,0
0.000125,0.4,0.2,0.2,0.2,0.2,0.2,0.3,0.2,0.2,0.2,0.1,-0.2,0.2,0.2,0.2,0.2,0.2,0.2,0.2,0.2,0.2,-1.2,0.3,0.2,0.2,0.3,0.2,0.2,0.2,0.2,0.2,-3.5,0.2,0.2,0.2,0.2,0.2,0.2,0.2,0.2,0.1,-3.5,0.2,0.2,0.2,0.2,0.2,0.2,0.2,0.2,0.2,-3.6,0.2,0.2,0.2,0.2,0.2,0.2,0.2,0.2,0.2,-2.75,0.2,0.2,0.2,0.2,0.2,0.2,0.2,0.2,0.2,-0.4,0.3,0.2,0.2,0.2,0.3,0.2,0.2,0.2,0.2,-0.1,0.2,0.2,0.2,0.2,0.2,0.2,0.2,0.2,0.2,0,0.2,0.2,0.2,0.2,0.2,0.2,0.2,-0.1
0.000125,0.4,0.2,0.2,0.2,0.2,0.2,0.2,0.2,0.2,0.3,0.3,-0.1,0.2,0.2,0.2,0.2,0.2,0.2,0.2,0.2,0.2,-1.2,0.2,0.2,0.2,0.2,0.2,0.2,0.2,0.2,0.2,-3.6,0.2,0.2,0.2,0.2,0.2,0.2,0.2,0.2,0.2,-3.54,0.2,0.2,0.2,0.2,0.2,0.2,0.2,0.2,0.2,-3.6,0.2,0.2,0.2,0.2,0.2,0.2,0.2,0.2,0.2,-2.85,0.2,0.2,0.2,0.2,0.2,0.2,0.2,0.2,0.2,-0.3,0.2,0.2,0.2,0.3,0.2,0.2,0.2,0.2,0.2,0,0.2,0.2,0.2,0.2,0.2,0.2,0.2,0.2,0.2,0,0.2,0.2,0.2,0.2,0.2,0.1,0.2,-0.1
0.000125,0.4,0.2,0.2,0.3,0.2,0.2,0.2,0.2,0.2,0.2,0.2,-0.2,0.2,0.2,0.2,0.2,0.2,0.3,0.2,0.2,0.2,-1.1,0.2,0.2,0.2,0.2,0.2,0.2,0.2,0.2,0.2,-3.6,0.2,0.2,0.2,0.3,0.2,0.2,0.2,0.2,0.2,-3.5,0.2,0.2,0.2,0.2,0.2,0.2,0.2,0.2,0.2,-3.64,0.2,0.2,0.2,0.2,0.2,0.2,0.2,0.2,0.2,-2.8,0.2,0.2,0.2,0.2,0.2,0.2,0.2,0.1,0.2,-0.4,0.2,0.3,0.2,0.2,0.2,0.2,0.2,0.2,0.2,-0.1,0.2,0.2,0.4,0.2,0.2,0.2,0.2,0.2,0.2,0,0.2,0.2,0.2,0.2,0.2,0.2,0.1,-0.1
0.000125,0.4,0.2,0.2,0.2,0.2,0.2,0.2,0.2,0.2,0.2,0.2,-0.2,0.2,0.2,0.2,0.2,0.2,0.2,0.2,0.2,0.2,-1.1,0.2,0.2,0.2,0.2,0.2,0.2,0.2,0.2,0.2,-3.55,0.2,0.2,0.2,0.2,0.2,0.2,0.2,0.2,0.2,-3.54,0.2,0.2,0.2,0.2,0.2,0.2,0.2,0.2,0.2,-3.68,0.2,0.2,0.2,0.2,0.3,0.2,0.2,0.2,0.2,-2.72,0.2,0.2,0.2,0.2,0.2,0.2,0.2,0.2,0.2,-0.5,0.2,0.3,0.2,0.2,0.2,0.2,0.2,0.2,0.2,0,0.3,0.2,0.2,0.2,0.2,0.2,0.2,0.2,0.2,0,0.2,0.2,0.2,0.2,0.2,0.2,0.2,-0.1
0.000125,0.4,0.2,0.2,0.2,0.2,0.2,0.2,0.2,0.2,0.2,0.2,-0.2,0.2,0.2,0.2,0.2,0.2,0.2,0.2,0.2,0.2,-1.1,0.3,0.2,0.2,0.2,0.2,0.2,0.2,0.2,0.2,-3.45,0.2,0.2,0.2,0.2,0.2,0.2,0.2,0.2,0.1,-3.54,0.2,0.2,0.2,0.2,0.2,0.2,0.2,0.2,0.2,-3.6,0.2,0.2,0.2,0.1,0.2,0.2,0.2,0.2,0.2,-2.63,0.2,0.2,0.2,0.2,0.2,0.2,0.2,0.2,0.2,-0.5,0.2,0.2,0.2,0.2,0.2,0.2,0.1,0.2,0.2,-0.1,0.2,0.2,0.2,0.2,0.2,0.3,0.2,0.2,0.2,0.1,0.2,0.2,0.2,0.2,0.2,0.2,0.3,0
0.000126,0.3,0.2,0.2,0.2,0.2,0.1,0.3,0.2,0.2,0.3,0.2,-0.1,0.2,0.2,0.2,0.2,0.2,0.2,0.2,0.2,0.2,-1.2,0.2,0.2,0.2,0.2,0.2,0.2,0.2,0.2,0.3,-3.55,0.2,0.2,0.2,0.2,0.2,0.2,0.2,0.2,0.2,-3.54,0.2,0.2,0.2,0.1,0.2,0.2,0.2,0.2,0.2,-3.6,0.2,0.2,0.2,0.2,0.2,0.2,0.2,0.2,0.2,-2.65,0.2,0.2,0.2,0.1,0.2,0.2,0.1,0.2,0.2,-0.4,0.2,0.2,0.2,0.2,0.3,0.2,0.2,0.2,0.2,0,0.2,0.2,0.2,0.3,0.2,0.2,0.2,0.2,0.2,0,0.2,0.2,0.2,0.2,0.2,0.2,0.2,-0.1
0.000126,0.3,0.2,0.2,0.2,0.2,0.2,0.2,0.2,0.2,0.2,0.2,-0.1,0.2,0.2,0.2,0.2,0.2,0.2,0.2,0.2,0.2,-1.2,0.2,0.2,0.2,0.2,0.2,0.2,0.2,0.2,0.2,-3.55,0.2,0.2,0.2,0.2,0.2,0.2,0.2,0.2,0.2,-3.54,0.2,0.2,0.2,0.2,0.2,0.2,0.2,0.2,0.2,-3.6,0.2,0.2,0.2,0.2,0.2,0.3,0.1,0.2,0.2,-2.56,0.2,0.2,0.2,0.2,0.2,0.2,0.2,0.2,0.2,-0.4,0.2,0.3,0.2,0.2,0.2,0.2,0.2,0.2,0.2,0,0.2,0.2,0.2,0.2,0.2,0.2,0.2,0.2,0.2,0,0.2,0.2,0.2,0.2,0.2,0.2,0.2,0.1
0.000126,0.3,0.2,0.2,0.2,0.2,0.1,0.2,0.3,0.2,0.2,0.2,-0.1,0.2,0.2,0.2,0.1,0.2,0.2,0.2,0.2,0.2,-1.2,0.2,0.2,0.3,0.2,0.2,0.2,0.2,0.2,0.2,-3.55,0.2,0.2,0.2,0.2,0.2,0.3,0.2,0.2,0.2,-3.54,0.2,0.2,0.2,0.2,0.2,0.2,0.2,0.2,0.2,-3.6,0.2,0.2,0.2,0.2,0.2,0.2,0.2,0.2,0.2,-2.62,0.2,0.2,0.4,0.2,0.2,0.2,0.2,0.2,0.2,-0.5,0.3,0.2,0.2,0.2,0.2,0.2,0.2,0.2,0.2,0,0.2,0.2,0.2,0.2,0.2,0.2,0.2,0.2,0.2,0.1,0.2,0.2,0.2,0.2,0.2,0.3,0.2,0.1
0.000126,0.2,0.2,0.2,0.2,0.2,0.2,0.2,0.2,0.2,0.2,0.2,-0.2,0.2,0.2,0.2,0.2,0.2,0.2,0.2,0.2,0.2,-1.2,0.2,0.2,0.2,0.2,0.2,0.2,0.2,0.2,0.2,-3.64,0.2,0.2,0.2,0.2,0.2,0.2,0.2,0.2,0.2,-3.54,0.2,0.2,0.2,0.2,0.2,0.2,0.2,0.2,0.2,-3.64,0.2,0.2,0.2,0.2,0.2,0.2,0.2,0.2,0.2,-2.62,0.2,0.2,0.2,0.2,0.2,0.2,0.3,0.2,0.2,-0.5,0.2,0.2,0.2,0.2,0.2,0.2,0.2,0.2,0.2,0.1,0.2,0.2,0.1,0.3,0.3,0.2,0.2,0.2,0.2,0.1,0.2,0.2,0.2,0.2,0.2,0.2,0.1,0
0.000126,0.2,0.2,0.2,0.1,0.2,0.2,0.2,0.2,0.2,0.2,0.2,-0.1,0.1,0.2,0.2,0.2,0.2,0.1,0.2,0.1,0.3,-1.2,0.2,0.2,0.2,0.2,0.2,0.2,0.2,0.2,0.2,-3.54,0.2,0.2,0.2,0.2,0.2,0.2,0.2,0.2,0.2,-3.48,0.2,0.2,0.2,0.2,0.2,0.2,0.2,0.2,0.2,-3.68,0.2,0.2,0.2,0.3,0.2,0.2,0.2,0.2,0.2,-2.6,0.2,0.2,0.2,0.2,0.2,0.2,0.2,0.2,0.2,-0.4,0.2,0.1,0.2,0.3,0.1,0.2,0.2,0.2,0.2,0,0.1,0.2,0.1,0.2,0.2,0.2,0.2,0.3,0.2,0.1,0.2,0.2,0.2,0.2,0.2,0.2,0.1,0
0.000127,0.2,0.2,0.2,0.2,0.1,0.2,0.2,0.2,0.2,0.2,0.2,-0.2,0.3,0.2,0.2,0.2,0.2,0.2,0.2,0.2,0.2,-1.1,0.2,0.2,0.2,0.2,0.3,0.2,0.2,0.2,0.2,-3.5,0.2,0.2,0.2,0.2,0.2,0.2,0.2,0.3,0.2,-3.54,0.2,0.2,0.2,0.2,0.2,0.2,0.2,0.2,0.1,-3.6,0.2,0.2,0.2,0.3,0.2,0.2,0.2,0.2,0.2,-2.75,0.2,0.2,0.2,0.2,0.1,0.2,0.2,0.3,0.2,-0.4,0.2,0.2,0.2,0.2,0.2,0.2,0.2,0.2,0.2,0,0.3,0.2,0.1,0.2,0.2,0.2,0.2,0.2,0.2,0,0.2,0.2,0.2,0.2,0.2,0.2,0.2,0.1
0.000127,0.3,0.2,0.2,0.2,0.2,0.3,0.2,0.2,0.2,0.2,0.2,-0.2,0.2,0.1,0.2,0.2,0.3,0.1,0.2,0.2,0.2,-1.1,0.2,0.2,0.3,0.2,0.2,0.2,0.2,0.2,0.3,-3.5,0.2,0.2,0.2,0.2,0.2,0.2,0.2,0.2,0.2,-3.54,0.2,0.3,0.2,0.2,0.2,0.2,0.3,0.2,0.2,-3.64,0.2,0.2,0.2,0.2,0.2,0.2,0.2,0.2,0.2,-2.73,0.2,0.2,0.2,0.2,0.2,0.2,0.2,0.2,0.2,-0.4,0.2,0.1,0.3,0.2,0.2,0.2,0.2,0.2,0.2,0,0.2,0.3,0.2,0.2,0.3,0.2,0.2,0.2,0.2,0,0.2,0.2,0.2,0.2,0.2,0.2,0.2,0
0.000127,0.4,0.2,0.2,0.2,0.3,0.2,0.1,0.2,0.2,0.2,0.2,-0.2,0.2,0.2,0.1,0.2,0.2,0.2,0.2,0.2,0.2,-1.1,0.2,0.2,0.2,0.2,0.3,0.2,0.2,0.2,0.2,-3.45,0.2,0.2,0.2,0.2,0.2,0.2,0.2,0.3,0.2,-3.5,0.2,0.2,0.2,0.2,0.2,0.2,0.2,0.2,0.2,-3.64,0.2,0.2,0.2,0.2,0.2,0.2,0.2,0.2,0.2,-2.82,0.2,0.2,0.2,0.2,0.2,0.1,0.1,0.2,0.2,-0.4,0.2,0.2,0.2,0.2,0.2,0.2,0.2,0.2,0.2,-0.1,0.2,0.2,0.2,0.2,0.2,0.2,0.1,0.3,0.2,0.1,0.2,0.2,0.2,0.2,0.2,0.2,0.2,0
0.000127,0.4,0.2,0.2,0.2,0.1,0.2,0.2,0.2,0.2,0.2,0.2,-0.2,0.2,0.2,0.2,0.2,0.2,0.2,0.2,0.2,0.2,-1.1,0.2,0.2,0.2,0.2,0.2,0.2,0.2,0.2,0.3,-3.5,0.2,0.1,0.2,0.2,0.2,0.2,0.2,0.2,0.2,-3.58,0.2,0.2,0.1,0.2,0.2,0.2,0.2,0.2,0.2,-3.68,0.2,0.2,0.2,0.2,0.2,0.2,0.2,0.2,0.2,-2.8,0.2,0.2,0.2,0.2,0.2,0.2,0.2,0.2,0.2,-0.4,0.2,0.2,0.2,0.2,0.2,0.2,0.2,0.2,0.2,-0.1,0.2,0.2,0.3,0.2,0.2,0.1,0.1,0.1,0.2,0.1,0.2,0.2,0.2,0.2,0.2,0.2,0.3,-0.1
0.000127,0.3,0.2,0.2,0.2,0.2,0.3,0.2,0.2,0.2,0.2,0.2,-0.3,0.2,0.2,0.2,0.2,0.2,0.2,0.1,0.2,0.2,-1.1,0.2,0.2,0.2,0.2,0.2,0.2,0.2,0.2,0.2,-3.45,0.2,0.2,0.2,0.2,0.2,0.2,0.2,0.2,0.2,-3.54,0.2,0.2,0.2,0.2,0.1,0.2,0.3,0.2,0.3,-3.6,0.2,0.2,0.2,0.2,0.2,0.2,0.2,0.2,0.2,-2.75,0.2,0.2,0.2,0.2,0.2,0.2,0.1,0.2,0.2,-0.5,0.2,0.2,0.2,0.2,0.2,0.2,0.2,0.2,0.2,-0.1,0.2,0.2,0.2,0.2,0.2,0.2,0.2,0.1,0.2,0.2,0.3,0.2,0.2,0.2,0.3,0.2,0.3,0
0.000128,0.4,0.2,0.2,0.2,0.2,0.2,0.2,0.2,0.2,0.2,0.2,-0.2,0.2,0.2,0.2,0.2,0.2,0.2,0.2,0.3,0.2,-1,0.1,0.2,0.2,0.2,0.3,0.2,0.2,0.2,0.2,-3.5,0.2,0.2,0.3,0.2,0.3,0.2,0.3,0.3,0.2,-3.54,0.2,0.2,0.2,0.2,0.2,0.2,0.2,0.2,0.2,-3.6,0.2,0.2,0.2,0.2,0.2,0.2,0.1,0.2,0.2,-2.66,0.2,0.2,0.2,0.2,0.3,0.2,0.2,0.2,0.2,-0.4,0.2,0.2,0.2,0.2,0.2,0.2,0.2,0.2,0.2,-0.1,0.2,0.2,0.2,0.2,0.2,0.2,0.2,0.2,0.2,0.2,0.2,0.2,0.2,0.2,0.2,0.1,0.3,-0.1
0.000128,0.4,0.2,0.2,0.2,0.2,0.2,0.2,0.2,0.2,0.2,0.2,-0.1,0.2,0.2,0.2,0.2,0.2,0.1,0.2,0.1,0.2,-1,0.2,0.2,0.2,0.2,0.3,0.2,0.2,0.2,0.2,-3.55,0.2,0.2,0.2,0.2,0.2,0.2,0.2,0.3,0.2,-3.5,0.2,0.2,0.2,0.2,0.2,0.2,0.2,0.2,0.2,-3.6,0.2,0.2,0.2,0.2,0.2,0.2,0.2,0.2,0.2,-2.66,0.2,0.2,0.2,0.2,0.2,0.2,0.2,0.2,0.2,-0.3,0.2,0.2,0.2,0.2,0.2,0.2,0.2,0.2,0.3,-0.1,0.2,0.2,0.2,0.2,0.2,0.2,0.1,0.2,0.2,0.2,0.2,0.2,0.2,0.2,0.2,0.2,0.3,-0.1
0.000128,0.4,0.2,0.4,0.1,0.2,0.2,0.2,0.2,0.3,0.2,0.2,-0.1,0.2,0.2,0.2,0.2,0.2,0.2,0.2,0.2,0.2,-1.1,0.2,0.2,0.2,0.2,0.2,0.2,0.2,0.3,0.2,-3.55,0.2,0.2,0.2,0.2,0.2,0.2,0.3,0.2,0.2,-3.64,0.2,0.2,0.2,0.2,0.3,0.2,0.2,0.2,0.2,-3.64,0.2,0.2,0.2,0.2,0.2,0.2,0.2,0.2,0.2,-2.62,0.2,0.2,0.2,0.2,0.2,0.2,0.2,0.2,0.2,-0.3,0.2,0.2,0.2,0.2,0.3,0.2,0.2,0.2,0.2,0,0.2,0.2,0.2,0.2,0.2,0.1,0.2,0.2,0.2,0.1,0.2,0.2,0.2,0.2,0.2,0.2,0.2,0
0.000128,0.3,0.2,0.2,0.2,0.2,0.2,0.2,0.2,0.2,0.2,0.2,-0.1,0.2,0.2,0.2,0.2,0.2,0.2,0.2,0.3,0.1,-1.1,0.2,0.2,0.2,0.2,0.2,0.2,0.2,0.2,0.2,-3.55,0.2,0.2,0.2,0.2,0.2,0.2,0.2,0.2,0.3,-3.5,0.1,0.1,0.2,0.2,0.2,0.2,0.2,0.2,0.2,-3.6,0.2,0.2,0.2,0.2,0.2,0.2,0.2,0.2,0.2,-2.58,0.2,0.2,0.1,0.2,0.2,0.2,0.2,0.2,0.2,-0.4,0.2,0.2,0.2,0.2,0.2,0.2,0.1,0.2,0.2,-0.1,0.2,0.2,0.2,0.2,0.2,0.2,0.2,0.2,0.2,0.1,0.3,0.2,0.2,0.2,0.1,0.2,0.1,0
0.000128,0.4,0.2,0.2,0.2,0.2,0.2,0.2,0.2,0.2,0.2,0.2,-0.1,0.2,0.2,0.2,0.2,0.2,0.2,0.2,0.2,0.2,-1.2,0.3,0.2,0.2,0.2,0.2,0.2,0.2,0.2,0.1,-3.6,0.2,0.2,0.2,0.2,0.3,0.2,0.2,0.2,0.2,-3.58,0.3,0.2,0.2,0.2,0.2,0.2,0.2,0.2,0.2,-3.68,0.2,0.2,0.1,0.2,0.2,0.2,0.2,0.2,0.2,-2.59,0.2,0.2,0.2,0.2,0.3,0.2,0.3,0.2,0.2,-0.4,0.2,0.2,0.2,0.2,0.2,0.2,0.2,0.2,0.2,-0.1,0.2,0.2,0.2,0.2,0.2,0.2,0.2,0.2,0.2,0.1,0.2,0.2,0.2,0.2,0.2,0.2,0.1,-0.1
0.000129,0.3,0.2,0.2,0.2,0.2,0.2,0.3,0.2,0.1,0.2,0.2,-0.1,0.2,0.2,0.2,0.2,0.2,0.2,0.2,0.2,0.2,-1.2,0.2,0.2,0.2,0.2,0.1,0.2,0.2,0.2,0.2,-3.5,0.2,0.2,0.2,0.2,0.2,0.2,0.2,0.2,0.2,-3.68,0.2,0.2,0.2,0.2,0.2,0.2,0.2,0.2,0.2,-3.64,0.3,0.2,0.2,0.2,0.2,0.2,0.2,0.1,0.2,-2.59,0.2,0.2,0.3,0.2,0.2,0.2,0.2,0.2,0.2,-0.4,0.2,0.2,0.3,0.2,0.2,0.2,0.2,0.3,0.2,-0.1,0.2,0.2,0.2,0.2,0.2,0.2,0.2,0.2,0.2,0,0.2,0.2,0.2,0.2,0.2,0.3,0.2,0
0.000129,0.3,0.2,0.2,0.2,0.2,0.2,0.2,0.2,0.2,0.2,0.2,-0.1,0.2,0.2,0.2,0.2,0.2,0.2,0.2,0.2,0.2,-1.2,0.2,0.3,0.2,0.2,0.2,0.2,0.2,0.3,0.2,-3.45,0.3,0.2,0.3,0.2,0.2,0.2,0.2,0.2,0.2,-3.64,0.2,0.3,0.2,0.2,0.2,0.2,0.2,0.2,0.2,-3.68,0.1,0.2,0.3,0.2,0.2,0.2,0.2,0.2,0.2,-2.55,0.2,0.2,0.2,0.2,0.2,0.2,0.2,0.2,0.2,-0.3,0.2,0.2,0.2,0.2,0.2,0.2,0.2,0.2,0.2,-0.1,0.2,0.2,0.2,0.2,0.2,0.2,0.2,0.2,0.2,0,0.2,0.2,0.2,0.2,0.2,0.1,0.3,0
0.000129,0.3,0.2,0.2,0.1,0.2,0.2,0.2,0.2,0.2,0.2,0.2,-0.2,0.2,0.2,0.2,0.2,0.2,0.2,0.2,0.2,0.2,-1.1,0.2,0.2,0.2,0.2,0.2,0.2,0.2,0.2,0.2,-3.5,0.2,0.2,0.2,0.2,0.2,0.2,0.2,0.3,0.2,-3.64,0.2,0.2,0.2,0.2,0.2,0.2,0.2,0.2,0.2,-3.54,0.2,0.2,0.2,0.2,0.2,0.2,0.2,0.2,0.2,-2.5,0.2,0.1,0.2,0.2,0.3,0.2,0.2,0.2,0.2,-0.3,0.2,0.3,0.2,0.2,0.2,0.2,0.3,0.3,0.2,0,0.2,0.1,0.2,0.2,0.2,0.2,0.2,0.2,0.2,0.1,0.3,0.2,0.2,0.2,0.2,0.2,0.3,-0.1
0.000129,0.3,0.2,0.2,0.2,0.2,0.2,0.2,0.2,0.2,0.3,0.2,-0.2,0.2,0.2,0.2,0.2,0.2,0.2,0.2,0.2,0.2,-1,0.2,0.2,0.3,0.2,0.2,0.2,0.2,0.2,0.2,-3.5,0.2,0.2,0.2,0.2,0.2,0.2,0.2,0.3,0.2,-3.6,0.2,0.2,0.2,0.2,0.2,0.2,0.2,0.2,0.2,-3.54,0.1,0.2,0.2,0.2,0.2,0.2,0.2,0.2,0.2,-2.5,0.2,0.2,0.2,0.3,0.2,0.3,0.2,0.2,0.2,-0.4,0.2,0.2,0.2,0.3,0.2,0.2,0.2,0.1,0.2,0,0.2,0.3,0.2,0.2,0.2,0.1,0.2,0.2,0.2,0,0.2,0.2,0.2,0.2,0.2,0.2,0.3,-0.1
0.000129,0.3,0.2,0.2,0.2,0.2,0.2,0.3,0.2,0.2,0.2,0.2,-0.2,0.2,0.2,0.2,0.2,0.2,0.2,0.2,0.2,0.2,-1,0.2,0.2,0.2,0.2,0.1,0.2,0.2,0.2,0.2,-3.5,0.2,0.2,0.2,0.2,0.2,0.2,0.2,0.2,0.2,-3.64,0.2,0.3,0.3,0.2,0.2,0.2,0.2,0.2,0.1,-3.5,0.2,0.2,0.2,0.2,0.2,0.2,0.2,0.2,0.3,-2.5,0.2,0.2,0.2,0.2,0.2,0.2,0.2,0.2,0.2,-0.4,0.2,0.2,0.2,0.2,0.2,0.2,0.1,0.2,0.2,-0.1,0.2,0.2,0.2,0.2,0.2,0.2,0.2,0.2,0.2,0,0.2,0.2,0.2,0.2,0.2,0.2,0.3,-0.1
0.00013,0.2,0.2,0.2,0.2,0.2,0.2,0.2,0.2,0.2,0.2,0.2,-0.2,0.2,0.2,0.2,0.2,0.2,0.2,0.2,0.2,0.1,-1,0.1,0.2,0.2,0.1,0.2,0.2,0.2,0.2,0.2,-3.4,0.2,0.2,0.2,0.2,0.2,0.2,0.2,0.2,0.2,-3.64,0.2,0.2,0.2,0.2,0.2,0.2,0.2,0.2,0.2,-3.5,0.2,0.2,0.2,0.2,0.2,0.2,0.3,0.2,0.2,-2.55,0.2,0.2,0.2,0.2,0.2,0.2,0.2,0.2,0.2,-0.4,0.2,0.2,0.2,0.2,0.2,0.2,0.2,0.2,0.2,0,0.2,0.2,0.2,0.2,0.2,0.2,0.2,0.2,0.2,0,0.2,0.2,0.2,0.2,0.2,0.1,0.2,-0.1
0.00013,0.4,0.2,0.1,0.2,0.2,0.2,0.1,0.2,0.2,0.2,0.2,-0.2,0.2,0.2,0.1,0.3,0.2,0.2,0.2,0.2,0.2,-1,0.2,0.2,0.2,0.2,0.2,0.2,0.2,0.2,0.2,-3.5,0.2,0.2,0.2,0.1,0.2,0.2,0.2,0.3,0.2,-3.64,0.2,0.2,0.2,0.1,0.2,0.2,0.2,0.2,0.2,-3.64,0.3,0.2,0.2,0.2,0.2,0.2,0.2,0.2,0.2,-2.4,0.2,0.2,0.2,0.2,0.2,0.2,0.2,0.2,0.3,-0.3,0.1,0.2,0.2,0.2,0.2,0.2,0.2,0.2,0.2,0,0.2,0.2,0.2,0.2,0.1,0.2,0.3,0.2,0.2,0.2,0.2,0.1,0.2,0.2,0.2,0.2,0.1,0
0.00013,0.3,0.2,0.1,0.1,0.2,0.2,0.2,0.2,0.2,0.2,0.2,-0.2,0.2,0.2,0.2,0.2,0.2,0.2,0.2,0.2,0.2,-1,0.1,0.2,0.2,0.2,0.2,0.2,0.2,0.2,0.2,-3.45,0.2,0.2,0.2,0.2,0.2,0.2,0.2,0.2,0.2,-3.68,0.2,0.2,0.1,0.2,0.2,0.2,0.2,0.1,0.2,-3.64,0.1,0.2,0.2,0.2,0.2,0.2,0.2,0.2,0.2,-2.55,0.2,0.2,0.2,0.2,0.2,0.2,0.2,0.2,0.3,-0.4,0.2,0.2,0.2,0.3,0.2,0.2,0.2,0.2,0.2,0,0.2,0.2,0.2,0.2,0.1,0.2,0.2,0.2,0.2,0.2,0.2,0.2,0.2,0.2,0.2,0.2,0.2,0
0.00013,0.3,0.2,0.2,0.2,0.2,0.2,0.2,0.2,0.2,0.2,0.2,-0.1,0.2,0.2,0.2,0.2,0.3,0.2,0.2,0.2,0.2,-1.1,0.2,0.2,0.2,0.2,0.2,0.2,0.2,0.2,0.1,-3.41,0.2,0.2,0.2,0.2,0.2,0.2,0.2,0.2,0.2,-3.6,0.2,0.2,0.3,0.2,0.2,0.2,0.2,0.2,0.2,-3.6,0.2,0.2,0.2,0.2,0.2,0.2,0.3,0.2,0.2,-2.4,0.2,0.2,0.2,0.2,0.2,0.2,0.2,0.2,0.2,-0.4,0.2,0.2,0.3,0.2,0.2,0.2,0.2,0.2,0.2,0,0.2,0.2,0.1,0.2,0.1,0.1,0.2,0.2,0.2,0.1,0.2,0.2,0.2,0.2,0.2,0.2,0.1,0
0.00013,0.3,0.2,0.2,0.2,0.2,0.2,0.2,0.2,0.2,0.2,0.2,-0.1,0.2,0.2,0.2,0.2,0.2,0.2,0.1,0.2,0.2,-1.1,0.2,0.2,0.2,0.2,0.2,0.2,0.2,0.2,0.2,-3.51,0.2,0.2,0.2,0.2,0.2,0.2,0.2,0.2,0.2,-3.64,0.2,0.2,0.2,0.2,0.2,0.1,0.2,0.2,0.2,-3.55,0.2,0.3,0.1,0.2,0.2,0.2,0.2,0.2,0.2,-2.55,0.2,0.2,0.2,0.2,0.2,0.2,0.2,0.2,0.2,-0.4,0.3,0.2,0.2,0.2,0.1,0.2,0.2,0.2,0.2,0,0.2,0.2,0.2,0.2,0.2,0.2,0.2,0.2,0.2,0.1,0.2,0.2,0.2,0.2,0.2,0.2,0.1,0
0.000131,0.3,0.2,0.2,0.2,0.2,0.2,0.3,0.2,0.2,0.2,0.2,-0.1,0.2,0.2,0.2,0.2,0.2,0.1,0.2,0.2,0.2,-1.1,0.2,0.2,0.2,0.3,0.2,0.2,0.2,0.2,0.2,-3.51,0.2,0.2,0.2,0.3,0.2,0.2,0.2,0.2,0.2,-3.64,0.2,0.2,0.2,0.2,0.2,0.2,0.2,0.2,0.2,-3.64,0.3,0.2,0.2,0.2,0.2,0.2,0.2,0.2,0.2,-2.55,0.2,0.2,0.2,0.2,0.2,0.2,0.2,0.2,0.2,-0.3,0.2,0.2,0.2,0.2,0.3,0.2,0.2,0.2,0.2,0.1,0.3,0.2,0.2,0.2,0.1,0.2,0.2,0.2,0.2,0.2,0.2,0.2,0.2,0.2,0.2,0.2,0.1,0
0.000131,0.2,0.2,0.2,0.2,0.2,0.2,0.2,0.2,0.2,0.2,0.2,0,0.2,0.2,0.2,0.2,0.3,0.2,0.2,0.2,0.2,-1.2,0.2,0.2,0.2,0.2,0.2,0.2,0.2,0.2,0.3,-3.41,0.2,0.2,0.2,0.2,0.3,0.2,0.2,0.2,0.2,-3.54,0.2,0.2,0.2,0.3,0.3,0.2,0.2,0.2,0.2,-3.6,0.2,0.2,0.2,0.2,0.2,0.2,0.2,0.2,0.2,-2.5,0.2,0.2,0.2,0.2,0.2,0.2,0.2,0.2,0.2,-0.3,0.2,0.2,0.2,0.2,0.2,0.2,0.2,0.2,0.2,0,0.2,0.3,0.2,0.3,0.2,0.2,0.2,0.2,0.2,0.2,0.3,0.2,0.2,0.2,0.2,0.2,0.2,0
0.000131,0.2,0.1,0.2,0.2,0.2,0.2,0.2,0.2,0.2,0.2,0.2,-0.1,0.3,0.2,0.2,0.3,0.2,0.2,0.2,0.4,0.2,-1.1,0.2,0.2,0.2,0.2,0.2,0.1,0.3,0.2,0.2,-3.51,0.2,0.2,0.3,0.2,0.2,0.2,0.2,0.2,0.2,-3.54,0.2,0.2,0.2,0.2,0.1,0.2,0.2,0.2,0.2,-3.6,0.2,0.2,0.2,0.2,0.2,0.2,0.2,0.2,0.2,-2.46,0.2,0.2,0.2,0.2,0.2,0.2,0.2,0.2,0.2,-0.3,0.2,0.2,0.2,0.2,0.2,0.2,0.2,0.2,0.2,0.1,0.2,0.2,0.2,0.2,0.2,0.2,0.3,0.2,0.2,0.2,0.2,0.1,0.2,0.2,0.2,0.2,0.1,0
0.000131,0.2,0.2,0.2,0.2,0.3,0.1,0.2,0.2,0.2,0.2,0.2,-0.1,0.2,0.2,0.2,0.2,0.2,0.2,0.2,0.2,0.2,-1.2,0.2,0.2,0.1,0.2,0.2,0.2,0.2,0.2,0.2,-3.55,0.2,0.2,0.2,0.1,0.2,0.2,0.2,0.2,0.2,-3.54,0.2,0.2,0.2,0.2,0.2,0.2,0.2,0.2,0.2,-3.64,0.2,0.2,0.2,0.2,0.3,0.2,0.2,0.2,0.2,-2.42,0.2,0.2,0.2,0.2,0.2,0.2,0.2,0.2,0.2,-0.2,0.2,0.2,0.2,0.2,0.2,0.3,0.2,0.2,0.2,0,0.2,0.2,0.2,0.2,0.2,0.2,0.3,0.2,0.2,0.1,0.2,0.2,0.2,0.2,0.2,0.2,0.2,-0.1
0.000131,0.3,0.2,0.2,0.2,0.2,0.2,0.2,0.2,0.2,0.2,0.2,-0.1,0.2,0.2,0.2,0.2,0.2,0.2,0.2,0.3,0.2,-1.1,0.2,0.2,0.1,0.2,0.2,0.2,0.2,0.2,0.3,-3.45,0.2,0.3,0.2,0.2,0.2,0.3,0.2,0.2,0.2,-3.58,0.2,0.2,0.2,0.2,0.2,0.2,0.3,0.3,0.3,-3.64,0.2,0.2,0.2,0.2,0.2,0.2,0.2,0.2,0.2,-2.47,0.2,0.2,0.2,0.2,0.2,0.2,0.2,0.2,0.2,-0.3,0.2,0.2,0.2,0.2,0.2,0.2,0.2,0.3,0.2,-0.1,0.2,0.2,0.2,0.2,0.2,0.2,0.2,0.2,0.2,0.1,0.2,0.2,0.2,0.2,0.2,0.2,0.2,-0.1
0.000132,0.3,0.2,0.2,0.2,0.2,0.2,0.3,0.2,0.2,0.2,0.2,-0.1,0.2,0.2,0.2,0.2,0.2,0.2,0.2,0.2,0.2,-1,0.4,0.2,0.2,0.2,0.2,0.2,0.2,0.2,0.2,-3.5,0.1,0.2,0.2,0.2,0.3,0.2,0.2,0.2,0.2,-3.54,0.2,0.2,0.2,0.2,0.2,0.2,0.2,0.2,0.2,-3.64,0.2,0.2,0.2,0.2,0.2,0.2,0.2,0.2,0.2,-2.47,0.2,0.2,0.2,0.2,0.2,0.2,0.2,0.3,0.2,-0.2,0.2,0.2,0.2,0.2,0.1,0.2,0.2,0.2,0.2,0,0.2,0.2,0.2,0.2,0.2,0.2,0.1,0.2,0.2,0.1,0.2,0.2,0.2,0.2,0.2,0.1,0.2,-0.1
0.000132,0.4,0.2,0.2,0.2,0.2,0.2,0.2,0.2,0.2,0.3,0.2,-0.1,0.2,0.3,0.2,0.2,0.1,0.2,0.2,0.2,0.2,-1,0.2,0.2,0.3,0.2,0.2,0.2,0.2,0.2,0.2,-3.5,0.2,0.2,0.2,0.2,0.2,0.2,0.2,0.2,0.2,-3.5,0.1,0.1,0.2,0.2,0.2,0.1,0.2,0.3,0.2,-3.6,0.2,0.2,0.2,0.2,0.2,0.2,0.2,0.2,0.2,-2.47,0.2,0.2,0.2,0.2,0.2,0.2,0.2,0.3,0.2,-0.3,0.2,0.2,0.2,0.1,0.2,0.2,0.2,0.2,0.2,-0.1,0.2,0.2,0.2,0.2,0.2,0.2,0.2,0.2,0.2,0.1,0.2,0.3,0.2,0.2,0.2,0.2,0.1,-0.1
0.000132,0.4,0.2,0.2,0.1,0.2,0.1,0.2,0.2,0.2,0.2,0.2,-0.1,0.2,0.2,0.2,0.2,0.2,0.2,0.3,0.2,0.2,-1,0.2,0.2,0.2,0.2,0.2,0.2,0.2,0.3,0.2,-3.5,0.2,0.2,0.2,0.2,0.2,0.2,0.2,0.2,0.2,-3.54,0.2,0.2,0.2,0.2,0.3,0.2,0.2,0.2,0.2,-3.54,0.1,0.2,0.2,0.2,0.2,0.2,0.2,0.2,0.2,-2.43,0.2,0.2,0.2,0.2,0.2,0.2,0.2,0.2,0.2,-0.3,0.2,0.2,0.2,0.1,0.2,0.2,0.2,0.2,0.2,-0.1,0.2,0.2,0.2,0.2,0.2,0.3,0.2,0.2,0.2,0.1,0.2,0.2,0.2,0.2,0.2,0.3,0.2,-0.1
0.000132,0.4,0.2,0.2,0.2,0.2,0.2,0.2,0.2,0.2,0.2,0.2,-0.1,0.2,0.2,0.2,0.2,0.2,0.2,0.2,0.2,0.2,-1,0.2,0.2,0.2,0.2,0.2,0.2,0.3,0.2,0.2,-3.35,0.2,0.2,0.2,0.2,0.2,0.2,0.2,0.2,0.2,-3.54,0.2,0.2,0.2,0.2,0.2,0.2,0.2,0.2,0.2,-3.5,0.2,0.2,0.2,0.2,0.2,0.2,0.2,0.2,0.2,-2.43,0.2,0.2,0.2,0.1,0.3,0.2,0.2,0.2,0.2,-0.3,0.2,0.2,0.2,0.2,0.1,0.2,0.2,0.2,0.2,-0.1,0.2,0.2,0.2,0.2,0.2,0.2,0.2,0.2,0.2,-0.1,0.3,0.2,0.2,0.2,0.2,0.2,0.3,0
0.000132,0.4,0.2,0.2,0.2,0.2,0.2,0.1,0.2,0.2,0.2,0.2,-0.1,0.2,0.2,0.2,0.2,0.2,0.2,0.2,0.2,0.2,-1,0.2,0.1,0.2,0.2,0.2,0.2,0.3,0.2,0.2,-3.45,0.2,0.2,0.2,0.2,0.2,0.2,0.2,0.2,0.2,-3.6,0.2,0.3,0.2,0.2,0.2,0.2,0.2,0.2,0.2,-3.6,0.1,0.2,0.3,0.2,0.2,0.3,0.1,0.2,0.3,-2.47,0.2,0.1,0.2,0.2,0.2,0.2,0.3,0.2,0.2,-0.3,0.2,0.2,0.2,0.2,0.2,0.2,0.2,0.2,0.2,0,0.2,0.2,0.2,0.2,0.2,0.2,0.2,0.2,0.2,0.1,0.2,0.2,0.2,0.2,0.2,0.2,0.2,-0.1
0.000133,0.4,0.2,0.2,0.2,0.2,0.1,0.2,0.2,0.2,0.2,0.2,-0.1,0.2,0.2,0.2,0.2,0.2,0.2,0.2,0.2,0.2,-1,0.2,0.2,0.2,0.2,0.2,0.2,0.2,0.2,0.2,-3.45,0.2,0.2,0.1,0.2,0.2,0.2,0.2,0.2,0.2,-3.54,0.2,0.2,0.2,0.3,0.2,0.2,0.2,0.2,0.2,-3.6,0.2,0.2,0.2,0.2,0.3,0.2,0.2,0.3,0.2,-2.47,0.2,0.2,0.2,0.2,0.2,0.2,0.2,0.2,0.1,-0.3,0.2,0.2,0.2,0.2,0.2,0.2,0.2,0.2,0.2,0.1,0.2,0.1,0.2,0.2,0.2,0.2,0.2,0.2,0.2,0.1,0.3,0.2,0.2,0.2,0.2,0.2,0.1,0.1
0.000133,0.3,0.2,0.2,0.2,0.2,0.2,0.2,0.2,0.2,0.2,0.2,-0.1,0.2,0.2,0.2,0.2,0.2,0.2,0.2,0.2,0.2,-1,0.2,0.2,0.2,0.2,0.2,0.2,0.2,0.2,0.2,-3.37,0.2,0.2,0.2,0.2,0.2,0.2,0.2,0.2,0.2,-3.64,0.2,0.2,0.2,0.3,0.2,0.2,0.2,0.2,0.2,-3.54,0.2,0.2,0.2,0.2,0.2,0.2,0.2,0.2,0.2,-2.37,0.2,0.2,0.1,0.2,0.2,0.2,0.2,0.2,0.2,-0.3,0.2,0.2,0.2,0.2,0.3,0.2,0.1,0.2,0.2,0.1,0.2,0.2,0.2,0.2,0.2,0.2,0.2,0.2,0.2,0,0.2,0.2,0.2,0.2,0.2,0.2,0.2,0
0.000133,0.4,0.2,0.2,0.2,0.2,0.2,0.2,0.2,0.2,0.2,0.2,-0.1,0.2,0.2,0.2,0.2,0.2,0.2,0.2,0.2,0.2,-1,0.1,0.2,0.2,0.2,0.2,0.2,0.2,0.2,0.2,-3.37,0.2,0.2,0.2,0.2,0.2,0.2,0.2,0.2,0.2,-3.5,0.2,0.2,0.2,0.2,0.2,0.2,0.2,0.2,0.2,-3.64,0.2,0.3,0.2,0.2,0.2,0.3,0.2,0.3,0.2,-2.42,0.2,0.2,0.2,0.2,0.2,0.2,0.2,0.2,0.2,-0.4,0.2,0.2,0.2,0.2,0.2,0.2,0.2,0.2,0.2,0.1,0.2,0.2,0.2,0.2,0.2,0.2,0.3,0.2,0.2,0.1,0.2,0.2,0.2,0.2,0.2,0.2,0.1,-0.1
0.000133,0.3,0.1,0.2,0.2,0.2,0.1,0.2,0.1,0.2,0.2,0.3,-0.1,0.2,0.2,0.2,0.2,0.2,0.2,0.2,0.2,0.2,-1,0.2,0.2,0.2,0.2,0.2,0.2,0.2,0.2,0.2,-3.47,0.2,0.2,0.2,0.2,0.2,0.2,0.2,0.1,0.2,-3.54,0.2,0.2,0.2,0.2,0.2,0.2,0.2,0.2,0.2,-3.6,0.2,0.2,0.2,0.2,0.2,0.2,0.2,0.2,0.2,-2.42,0.1,0.2,0.2,0.2,0.2,0.2,0.2,0.2,0.2,-0.2,0.2,0.2,0.2,0.2,0.2,0.2,0.2,0.2,0.2,0,0.1,0.2,0.1,0.2,0.2,0.2,0.2,0.2,0.2,0.2,0.2,0.2,0.2,0.2,0.2,0.2,0.1,-0.1
0.000133,0.3,0.2,0.2,0.2,0.2,0.2,0.2,0.2,0.2,0.2,0.2,-0.1,0.2,0.2,0.2,0.2,0.2,0.2,0.2,0.2,0.2,-1,0.2,0.2,0.2,0.2,0.2,0.2,0.2,0.2,0.3,-3.37,0.2,0.2,0.2,0.2,0.2,0.2,0.2,0.2,0.2,-3.6,0.2,0.2,0.2,0.2,0.2,0.2,0.2,0.2,0.2,-3.6,0.2,0.3,0.2,0.2,0.2,0.1,0.2,0.2,0.2,-2.42,0.2,0.2,0.2,0.2,0.2,0.2,0.2,0.3,0.2,-0.3,0.2,0.2,0.2,0.2,0.2,0.2,0.2,0.2,0.2,0,0.3,0.2,0.2,0.2,0.2,0.2,0.2,0.1,0.2,0.2,0.2,0.2,0.2,0.2,0.2,0.2,0.2,0.1
0.000134,0.2,0.2,0.2,0.2,0.2,0.2,0.2,0.2,0.2,0.2,0.2,-0.2,0.2,0.2,0.2,0.2,0.2,0.3,0.2,0.2,0.2,-1.1,0.2,0.2,0.2,0.2,0.2,0.2,0.2,0.2,0.2,-3.37,0.2,0.2,0.2,0.2,0.2,0.2,0.2,0.2,0.2,-3.5,0.2,0.2,0.2,0.1,0.2,0.2,0.2,0.2,0.2,-3.6,0.2,0.2,0.2,0.2,0.2,0.2,0.3,0.2,0.2,-2.37,0.2,0.2,0.2,0.2,0.2,0.2,0.2,0.2,0.2,-0.3,0.2,0.2,0.2,0.2,0.2,0.2,0.2,0.2,0.2,0,0.1,0.2,0.2,0.2,0.2,0.2,0.2,0.2,0.2,0.3,0.2,0.2,0.2,0.3,0.2,0.2,0.2,-0.1
0.000134,0.2,0.2,0.2,0.2,0.2,0.2,0.1,0.2,0.2,0.2,0.2,-0.2,0.2,0.2,0.3,0.2,0.2,0.2,0.2,0.3,0.2,-1,0.2,0.2,0.2,0.2,0.2,0.2,0.2,0.2,0.2,-3.32,0.1,0.2,0.2,0.2,0.2,0.2,0.2,0.1,0.2,-3.64,0.2,0.2,0.2,0.2,0.2,0.2,0.3,0.2,0.2,-3.6,0.2,0.3,0.2,0.2,0.2,0.2,0.2,0.2,0.2,-2.33,0.2,0.2,0.2,0.1,0.2,0.2,0.2,0.2,0.2,-0.4,0.2,0.2,0.2,0.2,0.2,0.2,0.2,0.1,0.2,0,0.2,0.2,0.2,0.2,0.2,0.2,0.1,0.2,0.2,0.3,0.2,0.2,0.2,0.1,0.1,0.2,0.2,-0.1
0.000134,0.2,0.2,0.2,0.2,0.2,0.2,0.2,0.2,0.2,0.2,0.2,-0.2,0.2,0.2,0.2,0.3,0.2,0.2,0.2,0.2,0.2,-1.1,0.2,0.2,0.2,0.2,0.1,0.2,0.1,0.2,0.2,-3.37,0.2,0.2,0.2,0.2,0.2,0.2,0.2,0.2,0.3,-3.6,0.2,0.2,0.2,0.2,0.3,0.2,0.1,0.2,0.2,-3.64,0.2,0.2,0.2,0.2,0.2,0.2,0.2,0.2,0.3,-2.29,0.2,0.2,0.2,0.2,0.2,0.2,0.3,0.2,0.2,-0.2,0.2,0.2,0.2,0.3,0.2,0.2,0.2,0.2,0.2,-0.1,0.2,0.2,0.2,0.2,0.2,0.2,0.2,0.2,0.2,0.3,0.2,0.2,0.2,0.2,0.2,0.2,0.2,-0.1
0.000134,0.3,0.2,0.3,0.2,0.2,0.2,0.2,0.2,0.2,0.1,0.2,-0.1,0.2,0.2,0.3,0.2,0.2,0.2,0.2,0.2,0.1,-1.1,0.2,0.3,0.2,0.2,0.2,0.2,0.2,0.2,0.2,-3.41,0.2,0.2,0.2,0.2,0.2,0.2,0.2,0.2,0.2,-3.64,0.2,0.1,0.2,0.2,0.2,0.2,0.2,0.2,0.2,-3.64,0.2,0.2,0.2,0.2,0.2,0.2,0.2,0.1,0.2,-2.24,0.2,0.2,0.2,0.2,0.2,0.2,0.2,0.2,0.2,-0.3,0.2,0.2,0.2,0.2,0.2,0.1,0.2,0.2,0.2,-0.1,0.2,0.2,0.2,0.2,0.2,0.2,0.2,0.1,0.2,0.2,0.2,0.2,0.2,0.2,0.2,0.2,0.2,0
0.000134,0.3,0.2,0.2,0.2,0.2,0.2,0.1,0.1,0.1,0.1,0.2,-0.1,0.2,0.2,0.2,0.2,0.2,0.2,0.2,0.2,0.2,-1.1,0.2,0.2,0.2,0.2,0.2,0.2,0.2,0.2,0.3,-3.41,0.2,0.2,0.2,0.2,0.2,0.2,0.2,0.2,0.2,-3.54,0.2,0.2,0.2,0.2,0.2,0.2,0.2,0.2,0.2,-3.6,0.2,0.3,0.2,0.2,0.2,0.2,0.2,0.2,0.2,-2.29,0.2,0.2,0.2,0.2,0.2,0.2,0.2,0.2,0.2,-0.3,0.3,0.1,0.2,0.2,0.2,0.2,0.2,0.2,0.2,-0.1,0.2,0.2,0.2,0.2,0.1,0.2,0.2,0.2,0.2,0.1,0.2,0.2,0.2,0.2,0.2,0.2,0.2,0
0.000135,0.4,0.2,0.3,0.2,0.1,0.2,0.2,0.2,0.2,0.2,0.2,-0.1,0.2,0.2,0.2,0.2,0.2,0.2,0.2,0.2,0.2,-1,0.2,0.2,0.2,0.2,0.2,0.2,0.2,0.2,0.2,-3.41,0.2,0.2,0.3,0.2,0.2,0.2,0.2,0.2,0.2,-3.54,0.2,0.2,0.2,0.2,0.2,0.2,0.2,0.2,0.2,-3.64,0.2,0.2,0.2,0.2,0.2,0.2,0.2,0.2,0.2,-2.2,0.2,0.2,0.3,0.2,0.2,0.2,0.2,0.2,0.2,-0.3,0.2,0.1,0.2,0.2,0.2,0.2,0.2,0.2,0.2,0,0.2,0.2,0.2,0.2,0.2,0.2,0.2,0.2,0.2,0.1,0.2,0.2,0.2,0.2,0.2,0.2,0.2,0
0.000135,0.4,0.2,0.2,0.2,0.2,0.2,0.2,0.2,0.2,0.2,0.2,-0.1,0.2,0.1,0.2,0.2,0.2,0.2,0.2,0.2,0.2,-1,0.2,0.3,0.2,0.2,0.2,0.2,0.2,0.2,0.2,-3.31,0.2,0.2,0.2,0.2,0.2,0.3,0.2,0.2,0.2,-3.58,0.2,0.2,0.2,0.2,0.2,0.2,0.2,0.2,0.2,-3.58,0.2,0.1,0.2,0.2,0.3,0.2,0.2,0.2,0.1,-2.24,0.2,0.2,0.2,0.2,0.2,0.2,0.1,0.2,0.2,-0.3,0.2,0.2,0.2,0.2,0.2,0.2,0.2,0.2,0.2,0,0.2,0.1,0.2,0.2,0.2,0.2,0.2,0.2,0.2,0.1,0.3,0.2,0.1,0.2,0.2,0.2,0.2,-0.1
0.000135,0.3,0.2,0.2,0.2,0.2,0.2,0.2,0.2,0.2,0.3,0.2,-0.1,0.2,0.2,0.2,0.2,0.2,0.2,0.2,0.2,0.2,-1,0.2,0.2,0.3,0.2,0.2,0.2,0.2,0.2,0.2,-3.35,0.2,0.2,0.2,0.2,0.2,0.2,0.2,0.2,0.2,-3.6,0.1,0.2,0.2,0.2,0.2,0.2,0.2,0.3,0.2,-3.64,0.2,0.2,0.2,0.2,0.2,0.2,0.2,0.2,0.2,-2.33,0.2,0.2,0.2,0.1,0.2,0.2,0.2,0.2,0.2,-0.3,0.2,0.3,0.2,0.1,0.2,0.2,0.2,0.3,0.2,-0.1,0.2,0.2,0.2,0.2,0.2,0.2,0.2,0.2,0.2,0,0.2,0.2,0.2,0.2,0.2,0.2,0.3,0
0.000135,0.3,0.2,0.2,0.2,0.2,0.2,0.2,0.2,0.2,0.2,0.2,-0.1,0.2,0.1,0.2,0.2,0.3,0.2,0.2,0.2,0.2,-1,0.2,0.2,0.2,0.2,0.2,0.2,0.1,0.2,0.2,-3.37,0.2,0.2,0.1,0.2,0.2,0.2,0.2,0.2,0.2,-3.6,0.2,0.2,0.2,0.2,0.2,0.1,0.2,0.2,0.2,-3.6,0.2,0.2,0.2,0.2,0.3,0.2,0.2,0.3,0.2,-2.37,0.2,0.2,0.2,0.2,0.2,0.2,0.2,0.2,0.3,-0.3,0.2,0.2,0.2,0.2,0.2,0.2,0.2,0.2,0.2,0,0.2,0.2,0.2,0.2,0.3,0.2,0.2,0.2,0.2,0,0.2,0.3,0.2,0.2,0.2,0.2,0.4,0
0.000135,0.4,0.2,0.2,0.2,0.2,0.2,0.2,0.2,0.2,0.2,0.2,-0.1,0.1,0.2,0.2,0.2,0.2,0.2,0.2,0.2,0.2,-0.9,0.2,0.2,0.2,0.1,0.2,0.3,0.2,0.1,0.2,-3.37,0.2,0.2,0.2,0.2,0.2,0.2,0.2,0.2,0.2,-3.68,0.2,0.2,0.2,0.2,0.2,0.2,0.2,0.2,0.2,-3.64,0.3,0.2,0.2,0.2,0.2,0.1,0.2,0.2,0.2,-2.17,0.2,0.2,0.2,0.2,0.2,0.2,0.2,0.2,0.2,-0.3,0.2,0.2,0.2,0.2,0.2,0.2,0.2,0.2,0.2,0,0.2,0.2,0.2,0.2,0.2,0.2,0.2,0.2,0.2,0.1,0.2,0.2,0.2,0.2,0.2,0.2,0.2,-0.1
0.000136,0.3,0.2,0.2,0.2,0.2,0.2,0.2,0.2,0.2,0.2,0.2,-0.1,0.2,0.2,0.2,0.2,0.2,0.2,0.2,0.2,0.2,-1,0.2,0.2,0.2,0.2,0.2,0.2,0.2,0.2,0.2,-3.32,0.2,0.2,0.2,0.2,0.2,0.2,0.2,0.2,0.2,-3.6,0.2,0.2,0.2,0.3,0.2,0.3,0.2,0.2,0.3,-3.64,0.2,0.2,0.2,0.2,0.2,0.2,0.1,0.2,0.2,-2.22,0.2,0.2,0.2,0.2,0.2,0.2,0.2,0.2,0.3,-0.2,0.3,0.1,0.2,0.2,0.1,0.2,0.2,0.2,0.2,0,0.2,0.2,0.2,0.2,0.2,0.2,0.2,0.1,0.2,0.2,0.2,0.2,0.2,0.2,0.3,0.2,0.2,0
0.000136,0.3,0.2,0.2,0.1,0.2,0.2,0.2,0.2,0.2,0.2,0.3,-0.2,0.3,0.2,0.2,0.2,0.2,0.2,0.2,0.2,0.2,-1,0.2,0.3,0.2,0.2,0.2,0.1,0.2,0.2,0.2,-3.37,0.2,0.2,0.2,0.2,0.2,0.2,0.2,0.2,0.2,-3.6,0.2,0.2,0.2,0.2,0.1,0.2,0.2,0.2,0.3,-3.6,0.2,0.2,0.2,0.2,0.2,0.2,0.2,0.2,0.2,-2.27,0.2,0.2,0.2,0.2,0.2,0.2,0.2,0.2,0.2,-0.2,0.2,0.2,0.2,0.2,0.2,0.2,0.1,0.2,0.2,0,0.2,0.2,0.2,0.2,0.2,0.2,0.2,0.2,0.2,0.2,0.1,0.2,0.3,0.2,0.2,0.2,0.1,0
0.000136,0.2,0.2,0.2,0.2,0.2,0.2,0.2,0.2,0.1,0.2,0.2,-0.2,0.2,0.2,0.2,0.3,0.2,0.2,0.1,0.2,0.1,-1.1,0.2,0.2,0.2,0.2,0.2,0.2,0.2,0.2,0.2,-3.32,0.2,0.2,0.2,0.2,0.2,0.2,0.2,0.2,0.2,-3.64,0.3,0.2,0.1,0.3,0.2,0.2,0.2,0.2,0.2,-3.6,0.3,0.2,0.2,0.1,0.2,0.2,0.3,0.2,0.2,-2.33,0.2,0.2,0.2,0.2,0.2,0.2,0.2,0.2,0.2,-0.2,0.2,0.2,0.2,0.2,0.2,0.2,0.2,0.2,0.2,0.1,0.2,0.2,0.2,0.3,0.2,0.2,0.1,0.2,0.2,0.2,0.2,0.2,0.2,0.2,0.2,0.2,0.1,0
0.000136,0.3,0.2,0.2,0.2,0.1,0.2,0.2,0.2,0.2,0.2,0.3,-0.1,0.2,0.2,0.2,0.2,0.1,0.2,0.2,0.2,0.2,-1,0.2,0.2,0.2,0.2,0.2,0.2,0.2,0.2,0.2,-3.37,0.2,0.2,0.3,0.2,0.2,0.2,0.2,0.2,0.2,-3.6,0.2,0.2,0.2,0.2,0.2,0.2,0.2,0.3,0.2,-3.6,0.2,0.2,0.2,0.2,0.3,0.2,0.2,0.2,0.2,-2.14,0.2,0.2,0.2,0.2,0.2,0.2,0.2,0.2,0.2,-0.3,0.2,0.2,0.2,0.2,0.2,0.2,0.2,0.2,0.2,0.1,0.2,0.2,0.3,0.2,0.2,0.2,0.2,0.1,0.2,0.3,0.2,0.2,0.1,0.2,0.1,0.2,0.1,-0.1
0.000136,0.2,0.1,0.2,0.2,0.2,0.3,0.2,0.2,0.2,0.2,0.2,-0.3,0.2,0.2,0.2,0.2,0.2,0.2,0.2,0.2,0.2,-1,0.2,0.2,0.2,0.2,0.2,0.2,0.3,0.2,0.2,-3.32,0.2,0.2,0.2,0.2,0.2,0.2,0.1,0.2,0.2,-3.64,0.2,0.2,0.2,0.2,0.2,0.2,0.2,0.2,0.2,-3.6,0.2,0.2,0.2,0.2,0.2,0.3,0.2,0.2,0.2,-2.2,0.2,0.2,0.2,0.3,0.3,0.2,0.2,0.2,0.2,-0.3,0.2,0.2,0.2,0.2,0.2,0.2,0.2,0.2,0.2,0.1,0.2,0.2,0.2,0.2,0.2,0.2,0.2,0.2,0.2,0.3,0.2,0.2,0.2,0.3,0.2,0.1,0.2,0
0.000137,0.3,0.2,0.2,0.2,0.2,0.2,0.2,0.2,0.2,0.2,0.2,-0.2,0.1,0.2,0.2,0.2,0.2,0.2,0.2,0.2,0.2,-1,0.2,0.2,0.2,0.2,0.2,0.2,0.2,0.2,0.2,-3.37,0.2,0.2,0.2,0.2,0.2,0.2,0.2,0.2,0.2,-3.54,0.2,0.3,0.2,0.2,0.2,0.3,0.2,0.2,0.2,-3.6,0.2,0.2,0.2,0.2,0.3,0.2,0.2,0.2,0.2,-2.16,0.2,0.1,0.2,0.2,0.1,0.2,0.2,0.2,0.2,-0.3,0.2,0.2,0.2,0.2,0.2,0.2,0.2,0.2,0.2,0.1,0.2,0.2,0.2,0.2,0.2,0.2,0.2,0.2,0.2,0.3,0.2,0.2,0.2,0.2,0.2,0.2,0.2,0
0.000137,0.4,0.1,0.2,0.1,0.2,0.2,0.2,0.2,0.2,0.2,0.2,-0.2,0.2,0.2,0.2,0.1,0.2,0.2,0.2,0.2,0.2,-1,0.2,0.2,0.2,0.2,0.2,0.3,0.2,0.2,0.1,-3.28,0.2,0.2,0.2,0.2,0.1,0.2,0.2,0.2,0.2,-3.54,0.2,0.2,0.2,0.2,0.2,0.2,0.2,0.2,0.2,-3.64,0.2,0.2,0.2,0.2,0.2,0.2,0.2,0.2,0.2,-2.11,0.2,0.2,0.2,0.2,0.2,0.2,0.2,0.2,0.2,-0.3,0.2,0.2,0.2,0.2,0.2,0.2,0.2,0.2,0.2,0,0.2,0.2,0.2,0.1,0.2,0.2,0.2,0.2,0.1,0.2,0.2,0.2,0.2,0.2,0.2,0.2,0.1,0
0.000137,0.4,0.2,0.2,0.2,0.1,0.2,0.2,0.2,0.2,0.3,0.2,-0.1,0.2,0.2,0.2,0.2,0.2,0.2,0.2,0.2,0.1,-1,0.2,0.2,0.2,0.2,0.2,0.2,0.2,0.1,0.2,-3.32,0.2,0.2,0.2,0.2,0.2,0.2,0.2,0.1,0.2,-3.5,0.2,0.2,0.2,0.3,0.2,0.2,0.2,0.2,0.2,-3.54,0.2,0.2,0.2,0.2,0.2,0.3,0.2,0.2,0.2,-2.26,0.2,0.2,0.2,0.2,0.2,0.2,0.2,0.2,0.2,-0.4,0.2,0.1,0.2,0.2,0.2,0.2,0.2,0.2,0.2,-0.1,0.2,0.2,0.2,0.2,0.2,0.2,0.2,0.2,0.2,0.2,0.1,0.2,0.1,0.2,0.2,0.1,0.2,0
0.000137,0.4,0.2,0.2,0.2,0.2,0.2,0.2,0.2,0.2,0.2,0.2,-0.1,0.2,0.3,0.2,0.2,0.2,0.2,0.2,0.2,0.2,-0.9,0.2,0.2,0.2,0.2,0.2,0.2,0.2,0.2,0.2,-3.32,0.2,0.1,0.2,0.2,0.2,0.2,0.2,0.2,0.2,-3.54,0.2,0.2,0.2,0.2,0.3,0.3,0.3,0.2,0.2,-3.64,0.2,0.2,0.3,0.2,0.2,0.2,0.2,0.2,0.2,-2.21,0.2,0.2,0.2,0.2,0.2,0.2,0.2,0.2,0.2,-0.3,0.3,0.2,0.1,0.2,0.2,0.2,0.2,0.2,0.2,0,0.2,0.2,0.2,0.2,0.2,0.2,0.2,0.2,0.2,0.1,0.2,0.2,0.2,0.2,0.2,0.2,0.3,-0.1
0.000137,0.3,0.2,0.2,0.3,0.2,0.2,0.2,0.2,0.2,0.2,0.2,-0.1,0.1,0.2,0.2,0.2,0.2,0.2,0.3,0.2,0.2,-1,0.2,0.2,0.3,0.2,0.2,0.2,0.2,0.2,0.2,-3.32,0.2,0.2,0.2,0.2,0.2,0.2,0.2,0.2,0.2,-3.44,0.2,0.2,0.2,0.2,0.2,0.2,0.2,0.2,0.2,-3.54,0.1,0.2,0.2,0.2,0.2,0.2,0.1,0.2,0.2,-2.21,0.2,0.3,0.2,0.2,0.2,0.2,0.2,0.2,0.1,-0.2,0.2,0.2,0.2,0.2,0.2,0.2,0.2,0.2,0.2,0,0.2,0.2,0.2,0.3,0.2,0.2,0.2,0.1,0.1,0.2,0.2,0.1,0.2,0.2,0.2,0.3,0.3,-0.1
0.000138,0.3,0.2,0.2,0.2,0.1,0.2,0.2,0.2,0.2,0.2,0.2,-0.1,0.2,0.3,0.2,0.2,0.2,0.2,0.2,0.2,0.2,-0.9,0.2,0.2,0.2,0.2,0.2,0.2,0.2,0.2,0.2,-3.37,0.2,0.1,0.2,0.2,0.2,0.2,0.1,0.2,0.2,-3.44,0.2,0.2,0.2,0.2,0.2,0.2,0.2,0.2,0.2,-3.68,0.2,0.2,0.2,0.2,0.2,0.2,0.2,0.3,0.2,-2.26,0.2,0.2,0.2,0.2,0.2,0.2,0.2,0.2,0.2,-0.4,0.2,0.2,0.2,0.2,0.2,0.2,0.2,0.2,0.2,-0.1,0.2,0.2,0.2,0.2,0.2,0.2,0.1,0.2,0.2,0.2,0.2,0.2,0.2,0.2,0.2,0.2,0.3,-0.1
0.000138,0.4,0.2,0.2,0.1,0.2,0.2,0.2,0.2,0.2,0.2,0.2,-0.1,0.1,0.2,0.2,0.2,0.2,0.2,0.2,0.2,0.2,-0.8,0.2,0.2,0.3,0.2,0.2,0.2,0.2,0.2,0.2,-3.37,0.2,0.2,0.1,0.2,0.2,0.2,0.2,0.2,0.2,-3.5,0.2,0.2,0.2,0.2,0.2,0.2,0.2,0.2,0.2,-3.55,0.2,0.3,0.2,0.1,0.2,0.2,0.2,0.1,0.2,-2.21,0.2,0.2,0.2,0.2,0.2,0.2,0.2,0.2,0.2,-0.3,0.2,0.2,0.2,0.2,0.2,0.2,0.2,0.2,0.2,0,0.1,0.2,0.2,0.2,0.2,0.2,0.2,0.2,0.2,0.2,0.2,0.2,0.2,0.2,0.2,0.1,0.4,-0.1
0.000138,0.4,0.3,0.2,0.2,0.2,0.2,0.2,0.2,0.2,0.2,0.2,-0.1,0.2,0.2,0.1,0.2,0.2,0.2,0.2,0.2,0.2,-0.8,0.2,0.2,0.2,0.2,0.2,0.2,0.2,0.2,0.1,-3.37,0.2,0.1,0.2,0.2,0.2,0.1,0.2,0.3,0.2,-3.5,0.2,0.3,0.2,0.2,0.2,0.2,0.2,0.2,0.2,-3.6,0.2,0.2,0.2,0.2,0.2,0.2,0.2,0.2,0.2,-2.11,0.2,0.1,0.2,0.2,0.2,0.2,0.2,0.2,0.2,-0.3,0.2,0.1,0.2,0.2,0.2,0.2,0.1,0.2,0.2,0,0.2,0.1,0.2,0.2,0.2,0.2,0.2,0.2,0.2,0.1,0.2,0.2,0.2,0.2,0.2,0.2,0.3,0
0.000138,0.3,0.2,0.2,0.2,0.2,0.2,0.2,0.2,0.2,0.2,0.2,-0.1,0.2,0.2,0.2,0.2,0.2,0.2,0.2,0.2,0.2,-0.9,0.2,0.2,0.2,0.1,0.2,0.2,0.1,0.2,0.2,-3.32,0.2,0.2,0.2,0.2,0.2,0.2,0.2,0.2,0.2,-3.5,0.2,0.2,0.2,0.2,0.2,0.2,0.2,0.2,0.2,-3.55,0.2,0.2,0.2,0.2,0.2,0.2,0.2,0.2,0.2,-2.16,0.2,0.2,0.2,0.2,0.2,0.2,0.2,0.2,0.2,-0.3,0.2,0.2,0.2,0.2,0.2,0.2,0.2,0.2,0.2,0,0.2,0.2,0.2,0.2,0.2,0.2,0.2,0.2,0.2,0.1,0.1,0.2,0.2,0.2,0.2,0.2,0.3,0
0.000138,0.2,0.2,0.2,0.2,0.2,0.2,0.2,0.2,0.2,0.2,0.2,-0.1,0.2,0.2,0.2,0.2,0.2,0.2,0.1,0.2,0.2,-1,0.2,0.1,0.2,0.2,0.2,0.2,0.2,0.2,0.2,-3.32,0.2,0.2,0.2,0.2,0.2,0.2,0.2,0.2,0.2,-3.58,0.2,0.2,0.2,0.2,0.2,0.2,0.2,0.2,0.2,-3.6,0.2,0.2,0.3,0.2,0.2,0.2,0.2,0.2,0.2,-2.2,0.2,0.2,0.1,0.2,0.2,0.2,0.2,0.2,0.2,-0.2,0.2,0.1,0.1,0.2,0.2,0.2,0.2,0.2,0.2,0,0.2,0.2,0.2,0.2,0.2,0.2,0.1,0.2,0.2,0,0.2,0.2,0.2,0.2,0.2,0.2,0.2,0
0.000139,0.2,0.3,0.2,0.2,0.2,0.2,0.2,0.2,0.2,0.2,0.2,-0.2,0.2,0.1,0.2,0.2,0.2,0.2,0.2,0.2,0.2,-1,0.2,0.2,0.2,0.2,0.2,0.2,0.2,0.2,0.2,-3.22,0.2,0.2,0.2,0.2,0.2,0.2,0.1,0.2,0.1,-3.54,0.2,0.2,0.2,0.2,0.2,0.3,0.2,0.2,0.3,-3.5,0.2,0.2,0.3,0.2,0.2,0.2,0.2,0.2,0.2,-2.16,0.2,0.2,0.1,0.2,0.2,0.2,0.2,0.2,0.2,-0.3,0.2,0.2,0.2,0.2,0.2,0.2,0.1,0.2,0.2,0,0.2,0.2,0.2,0.2,0.2,0.2,0.2,0.2,0.2,0.1,0.2,0.2,0.2,0.2,0.2,0.3,0.2,0.1
0.000139,0.2,0.2,0.2,0.1,0.2,0.2,0.3,0.1,0.2,0.1,0.2,-0.1,0.1,0.2,0.2,0.2,0.2,0.2,0.2,0.2,0.2,-1,0.1,0.3,0.2,0.2,0.1,0.2,0.2,0.2,0.2,-3.28,0.2,0.2,0.2,0.1,0.2,0.2,0.2,0.2,0.2,-3.54,0.2,0.2,0.3,0.2,0.2,0.2,0.2,0.2,0.2,-3.6,0.2,0.2,0.2,0.2,0.2,0.2,0.1,0.2,0.1,-2.16,0.3,0.2,0.2,0.2,0.2,0.3,0.2,0.2,0.2,-0.4,0.2,0.2,0.2,0.1,0.3,0.2,0.2,0.2,0.2,0.1,0.2,0.2,0.2,0.2,0.3,0.2,0.2,0.2,0.2,0.1,0.2,0.2,0.2,0.2,0.2,0.2,0.3,0
0.000139,0.3,0.2,0.2,0.2,0.2,0.2,0.3,0.1,0.2,0.2,0.2,-0.2,0.2,0.2,0.2,0.1,0.2,0.2,0.2,0.2,0.2,-0.9,0.2,0.2,0.2,0.2,0.2,0.2,0.2,0.2,0.2,-3.28,0.2,0.2,0.2,0.2,0.2,0.2,0.2,0.2,0.2,-3.54,0.2,0.2,0.3,0.2,0.2,0.2,0.2,0.2,0.3,-3.55,0.2,0.2,0.3,0.2,0.2,0.2,0.2,0.2,0.1,-2.16,0.2,0.2,0.2,0.2,0.2,0.2,0.2,0.2,0.2,-0.4,0.2,0.2,0.2,0.2,0.2,0.1,0.2,0.2,0.2,0,0.2,0.1,0.2,0.2,0.2,0.2,0.2,0.2,0.2,0.2,0.2,0.2,0.2,0.2,0.2,0.2,0.1,0
0.000139,0.2,0.2,0.2,0.2,0.2,0.2,0.2,0.2,0.2,0.2,0.2,-0.1,0.2,0.2,0.2,0.2,0.2,0.2,0.2,0.2,0.3,-0.9,0.2,0.2,0.2,0.2,0.2,0.2,0.2,0.2,0.2,-3.28,0.2,0.2,0.2,0.2,0.2,0.2,0.2,0.2,0.2,-3.4,0.2,0.2,0.2,0.3,0.1,0.2,0.2,0.2,0.2,-3.6,0.2,0.2,0.2,0.2,0.2,0.2,0.2,0.2,0.2,-2.11,0.2,0.2,0.2,0.2,0.2,0.2,0.2,0.2,0.2,-0.3,0.2,0.1,0.2,0.2,0.2,0.1,0.2,0.2,0.2,0,0.2,0.2,0.2,0.2,0.2,0.2,0.1,0.2,0.2,0.3,0.2,0.2,0.2,0.2,0.2,0.2,0.1,-0.1
0.000139,0.2,0.2,0.2,0.2,0.2,0.3,0.1,0.2,0.2,0.2,0.2,-0.2,0.1,0.2,0.2,0.3,0.2,0.2,0.2,0.2,0.2,-0.9,0.2,0.2,0.2,0.2,0.2,0.2,0.2,0.2,0.2,-3.28,0.2,0.2,0.2,0.2,0.2,0.2,0.2,0.2,0.2,-3.4,0.2,0.3,0.2,0.2,0.2,0.2,0.2,0.2,0.2,-3.6,0.2,0.2,0.2,0.2,0.2,0.2,0.1,0.2,0.2,-2.07,0.1,0.2,0.1,0.2,0.2,0.2,0.2,0.2,0.2,-0.3,0.2,0.2,0.2,0.1,0.1,0.2,0.2,0.2,0.2,0.1,0.2,0.2,0.1,0.2,0.2,0.2,0.2,0.3,0.2,0.2,0.2,0.1,0.2,0.2,0.2,0.2,0.1,0
0.00014,0.2,0.2,0.2,0.2,0.2,0.2,0.3,0.2,0.2,0.2,0.2,-0.1,0.2,0.2,0.2,0.2,0.1,0.2,0.2,0.2,0.3,-1,0.2,0.2,0.2,0.1,0.2,0.2,0.2,0.2,0.2,-3.32,0.2,0.1,0.2,0.2,0.2,0.2,0.2,0.2,0.2,-3.4,0.1,0.1,0.2,0.2,0.2,0.2,0.2,0.2,0.2,-3.6,0.2,0.3,0.2,0.2,0.2,0.1,0.2,0.2,0.2,-2.07,0.2,0.2,0.2,0.2,0.2,0.2,0.2,0.2,0.2,-0.3,0.2,0.2,0.2,0.2,0.2,0.2,0.2,0.2,0.2,0.1,0.2,0.2,0.2,0.2,0.2,0.2,0.2,0.2,0.2,0.2,0.2,0.2,0.2,0.2,0.2,0.2,0.2,0
0.00014,0.2,0.2,0.2,0.2,0.2,0.2,0.2,0.2,0.3,0.2,0.2,-0.1,0.2,0.3,0.2,0.3,0.2,0.2,0.2,0.2,0.2,-0.9,0.2,0.2,0.2,0.3,0.1,0.2,0.2,0.2,0.2,-3.28,0.3,0.2,0.2,0.2,0.2,0.2,0.2,0.2,0.2,-3.5,0.1,0.2,0.2,0.2,0.2,0.3,0.2,0.2,0.2,-3.6,0.2,0.2,0.2,0.2,0.2,0.2,0.2,0.2,0.2,-2.07,0.2,0.2,0.3,0.2,0.2,0.2,0.1,0.2,0.2,-0.3,0.2,0.2,0.2,0.2,0.2,0.2,0.2,0.2,0.2,0,0.2,0.3,0.2,0.2,0.2,0.2,0.2,0.2,0.2,0.2,0.2,0.2,0.2,0.2,0.2,0.2,0.2,-0.1
0.00014,0.2,0.2,0.2,0.2,0.2,0.2,0.2,0.2,0.2,0.2,0.2,0,0.2,0.2,0.2,0.2,0.1,0.2,0.2,0.2,0.2,-0.9,0.3,0.1,0.2,0.2,0.2,0.2,0.2,0.2,0.2,-3.28,0.2,0.2,0.2,0.2,0.2,0.2,0.2,0.1,0.2,-3.45,0.2,0.2,0.1,0.2,0.2,0.2,0.2,0.2,0.2,-3.6,0.2,0.2,0.2,0.2,0.2,0.2,0.2,0.2,0.2,-2.07,0.1,0.2,0.2,0.2,0.2,0.2,0.2,0.2,0.2,-0.3,0.2,0.2,0.2,0.2,0.2,0.2,0.2,0.2,0.2,0,0.2,0.2,0.1,0.2,0.1,0.2,0.2,0.2,0.2,0.2,0.2,0.2,0.2,0.2,0.2,0.2,0.2,0
0.00014,0.3,0.2,0.2,0.2,0.2,0.1,0.2,0.3,0.2,0.2,0.2,-0.1,0.2,0.2,0.2,0.2,0.2,0.3,0.2,0.2,0.1,-0.9,0.2,0.2,0.2,0.1,0.3,0.2,0.2,0.2,0.2,-3.28,0.2,0.3,0.2,0.2,0.2,0.2,0.2,0.2,0.1,-3.55,0.2,0.2,0.2,0.2,0.2,0.2,0.2,0.2,0.2,-3.68,0.2,0.2,0.2,0.2,0.2,0.2,0.2,0.2,0.2,-2.13,0.2,0.2,0.2,0.3,0.2,0.2,0.2,0.2,0.2,-0.3,0.2,0.2,0.2,0.2,0.2,0.2,0.2,0.2,0.1,0.1,0.2,0.2,0.2,0.2,0.2,0.2,0.2,0.2,0.2,0.2,0.2,0.2,0.2,0.2,0.2,0.2,0.1,-0.1
0.00014,0.3,0.2,0.2,0.3,0.2,0.2,0.2,0.2,0.2,0.2,0.2,-0.1,0.2,0.2,0.2,0.2,0.2,0.2,0.2,0.2,0.2,-0.8,0.1,0.2,0.2,0.2,0.2,0.2,0.2,0.2,0.2,-3.32,0.2,0.2,0.2,0.1,0.2,0.2,0.2,0.2,0.2,-3.6,0.1,0.2,0.2,0.2,0.2,0.2,0.2,0.2,0.2,-3.54,0.1,0.2,0.2,0.2,0.2,0.2,0.2,0.2,0.2,-2.04,0.2,0.2,0.2,0.2,0.2,0.1,0.2,0.2,0.2,-0.4,0.2,0.2,0.2,0.2,0.2,0.2,0.2,0.2,0.2,0.1,0.2,0.2,0.2,0.2,0.2,0.2,0.2,0.2,0.2,0.2,0.2,0.1,0.2,0.2,0.2,0.2,0.3,0
0.000141,0.3,0.2,0.2,0.2,0.2,0.2,0.2,0.2,0.2,0.2,0.2,-0.1,0.2,0.2,0.2,0.2,0.2,0.2,0.2,0.1,0.2,-0.9,0.2,0.1,0.2,0.2,0.2,0.2,0.2,0.2,0.2,-3.28,0.2,0.2,0.2,0.2,0.3,0.2,0.2,0.2,0.2,-3.64,0.2,0.2,0.2,0.2,0.2,0.2,0.2,0.2,0.2,-3.64,0.1,0.2,0.2,0.3,0.2,0.2,0.2,0.2,0.2,-2.08,0.2,0.1,0.2,0.2,0.2,0.2,0.2,0.2,0.2,-0.3,0.2,0.2,0.2,0.2,0.3,0.1,0.2,0.2,0.2,0.1,0.2,0.2,0.2,0.2,0.2,0.2,0.1,0.2,0.2,0.1,0.2,0.2,0.2,0.2,0.1,0.2,0.3,-0.1
0.000141,0.3,0.2,0.2,0.2,0.2,0.2,0.2,0.2,0.2,0.2,0.2,-0.1,0.2,0.2,0.2,0.2,0.2,0.2,0.2,0.2,0.2,-0.9,0.2,0.3,0.2,0.2,0.1,0.2,0.1,0.2,0.2,-3.28,0.2,0.2,0.2,0.1,0.2,0.2,0.2,0.2,0.2,-3.64,0.2,0.2,0.2,0.2,0.2,0.2,0.3,0.2,0.2,-3.54,0.2,0.2,0.2,0.3,0.2,0.2,0.2,0.2,0.1,-2.03,0.2,0.2,0.2,0.2,0.2,0.2,0.2,0.2,0.3,-0.3,0.2,0.2,0.2,0.2,0.2,0.2,0.2,0.2,0.2,0.1,0.2,0.2,0.2,0.2,0.2,0.2,0.2,0.1,0.2,0.1,0.2,0.2,0.2,0.1,0.3,0.1,0.2,0
0.000141,0.3,0.2,0.2,0.2,0.2,0.2,0.2,0.2,0.2,0.2,0.2,-0.1,0.2,0.2,0.2,0.2,0.1,0.2,0.2,0.2,0.2,-0.9,0.2,0.2,0.2,0.2,0.2,0.2,0.2,0.2,0.1,-3.24,0.2,0.1,0.2,0.2,0.2,0.2,0.2,0.2,0.2,-3.54,0.2,0.2,0.2,0.1,0.3,0.2,0.2,0.2,0.2,-3.54,0.2,0.2,0.2,0.2,0.2,0.2,0.2,0.2,0.2,-2.07,0.3,0.2,0.2,0.3,0.2,0.2,0.2,0.2,0.2,-0.2,0.2,0.2,0.2,0.2,0.2,0.2,0.2,0.2,0.1,0,0.1,0.2,0.2,0.2,0.2,0.2,0.2,0.2,0.2,0.1,0.2,0.1,0.2,0.2,0.2,0.2,0.2,0
0.000141,0.3,0.2,0.2,0.2,0.2,0.2,0.2,0.2,0.1,0.2,0.2,-0.1,0.1,0.3,0.2,0.3,0.2,0.2,0.2,0.2,0.2,-1,0.1,0.2,0.2,0.1,0.2,0.2,0.2,0.2,0.2,-3.15,0.2,0.2,0.2,0.2,0.2,0.2,0.2,0.2,0.2,-3.54,0.2,0.2,0.2,0.2,0.2,0.3,0.2,0.2,0.2,-3.5,0.2,0.2,0.2,0.2,0.2,0.2,0.2,0.2,0.2,-1.97,0.2,0.3,0.2,0.2,0.2,0.2,0.2,0.2,0.2,-0.3,0.2,0.2,0.2,0.2,0.2,0.2,0.2,0.2,0.2,0.1,0.2,0.3,0.2,0.3,0.2,0.2,0.2,0.2,0.2,0.1,0.2,0.2,0.2,0.2,0.3,0.2,0.2,-0.1
0.000141,0.2,0.1,0.2,0.2,0.2,0.2,0.2,0.1,0.2,0.2,0.2,-0.1,0.2,0.2,0.2,0.2,0.2,0.2,0.2,0.2,0.2,-0.9,0.2,0.2,0.2,0.3,0.2,0.2,0.2,0.2,0.2,-3.11,0.2,0.3,0.2,0.2,0.2,0.2,0.2,0.2,0.2,-3.58,0.2,0.2,0.2,0.2,0.2,0.2,0.2,0.2,0.2,-3.6,0.2,0.2,0.2,0.2,0.3,0.2,0.2,0.2,0.2,-1.97,0.2,0.1,0.2,0.2,0.2,0.2,0.2,0.2,0.2,-0.2,0.2,0.1,0.2,0.2,0.2,0.2,0.2,0.2,0.1,0,0.2,0.2,0.2,0.2,0.2,0.2,0.2,0.2,0.2,0.1,0.2,0.2,0.2,0.2,0.2,0.2,0.2,-0.1
0.000142,0.3,0.2,0.2,0.2,0.2,0.2,0.2,0.2,0.2,0.3,0.2,-0.1,0.2,0.2,0.2,0.2,0.2,0.2,0.2,0.2,0.2,-1,0.2,0.2,0.2,0.2,0.2,0.2,0.2,0.2,0.2,-3.21,0.2,0.2,0.2,0.2,0.2,0.2,0.2,0.2,0.2,-3.4,0.2,0.2,0.2,0.2,0.2,0.2,0.2,0.2,0.2,-3.6,0.2,0.2,0.2,0.2,0.2,0.2,0.2,0.2,0.2,-2.07,0.2,0.2,0.3,0.2,0.1,0.2,0.2,0.2,0.2,-0.3,0.2,0.1,0.2,0.2,0.2,0.2,0.2,0.2,0.2,0.1,0.2,0.2,0.2,0.2,0.2,0.2,0.2,0.2,0.2,0.2,0.2,0.2,0.3,0.2,0.2,0.2,0.1,0
0.000142,0.2,0.2,0.2,0.3,0.2,0.2,0.2,0.1,0.2,0.2,0.2,-0.1,0.2,0.2,0.2,0.2,0.2,0.2,0.2,0.2,0.2,-0.9,0.2,0.2,0.2,0.3,0.2,0.2,0.2,0.2,0.2,-3.16,0.2,0.2,0.3,0.2,0.2,0.2,0.2,0.2,0.2,-3.44,0.2,0.2,0.2,0.2,0.2,0.2,0.2,0.2,0.2,-3.6,0.2,0.2,0.2,0.1,0.2,0.2,0.2,0.2,0.2,-1.98,0.2,0.2,0.2,0.2,0.2,0.2,0.2,0.2,0.2,-0.3,0.2,0.2,0.1,0.2,0.2,0.1,0.1,0.2,0.2,0.1,0.2,0.2,0.2,0.2,0.2,0.2,0.1,0.2,0.2,0.2,0.2,0.2,0.2,0.2,0.2,0.2,0.2,-0.1
0.000142,0.3,0.1,0.2,0.2,0.1,0.2,0.2,0.2,0.2,0.2,0.2,-0.2,0.2,0.2,0.2,0.2,0.2,0.2,0.2,0.2,0.2,-0.9,0.3,0.2,0.2,0.2,0.2,0.2,0.2,0.2,0.1,-3.06,0.2,0.2,0.2,0.2,0.2,0.2,0.2,0.2,0.2,-3.5,0.1,0.2,0.2,0.2,0.2,0.2,0.2,0.2,0.2,-3.64,0.2,0.2,0.2,0.2,0.2,0.2,0.2,0.2,0.2,-1.9,0.2,0.2,0.2,0.2,0.2,0.2,0.1,0.2,0.2,-0.3,0.2,0.2,0.2,0.2,0.2,0.2,0.2,0.1,0.3,0.1,0.2,0.2,0.2,0.1,0.2,0.2,0.2,0.2,0.2,0.3,0.2,0.2,0.2,0.1,0.2,0.2,0.1,-0.1
0.000142,0.2,0.2,0.3,0.1,0.2,0.1,0.2,0.2,0.2,0.2,0.2,-0.1,0.2,0.2,0.2,0.2,0.2,0.2,0.3,0.2,0.3,-0.9,0.2,0.2,0.3,0.2,0.2,0.2,0.2,0.2,0.2,-3.11,0.3,0.2,0.3,0.2,0.2,0.2,0.2,0.2,0.2,-3.5,0.2,0.2,0.2,0.2,0.2,0.2,0.2,0.2,0.1,-3.45,0.2,0.2,0.2,0.2,0.2,0.3,0.2,0.2,0.2,-1.91,0.2,0.2,0.2,0.2,0.2,0.2,0.2,0.2,0.2,-0.4,0.2,0.2,0.2,0.2,0.1,0.2,0.2,0.2,0.2,0.2,0.2,0.2,0.2,0.2,0.2,0.1,0.2,0.2,0.2,0.2,0.2,0.2,0.2,0.2,0.2,0.2,0.2,0
0.000142,0.3,0.2,0.2,0.2,0.2,0.2,0.2,0.2,0.2,0.1,0.2,-0.1,0.1,0.2,0.2,0.2,0.2,0.1,0.2,0.2,0.2,-0.9,0.2,0.2,0.2,0.2,0.1,0.2,0.2,0.2,0.2,-3.15,0.2,0.2,0.2,0.2,0.2,0.2,0.2,0.2,0.2,-3.5,0.2,0.2,0.3,0.3,0.2,0.2,0.2,0.2,0.2,-3.55,0.2,0.2,0.2,0.2,0.3,0.3,0.2,0.2,0.2,-1.91,0.2,0.2,0.2,0.2,0.2,0.2,0.2,0.2,0.2,-0.4,0.2,0.2,0.3,0.2,0.2,0.2,0.2,0.2,0.2,0.1,0.3,0.2,0.2,0.2,0.2,0.2,0.2,0.2,0.2,0.2,0.2,0.2,0.2,0.2,0.2,0.2,0.3,-0.1
0.000143,0.3,0.2,0.2,0.2,0.2,0.3,0.2,0.2,0.2,0.2,0.2,-0.1,0.2,0.2,0.2,0.2,0.1,0.2,0.2,0.2,0.2,-0.9,0.2,0.2,0.2,0.2,0.2,0.2,0.2,0.2,0.2,-3.24,0.2,0.2,0.2,0.2,0.2,0.2,0.3,0.2,0.2,-3.45,0.2,0.2,0.2,0.2,0.2,0.2,0.2,0.2,0.1,-3.6,0.2,0.2,0.2,0.2,0.2,0.2,0.2,0.2,0.2,-1.91,0.2,0.2,0.2,0.2,0.2,0.2,0.2,0.2,0.2,-0.3,0.2,0.2,0.2,0.2,0.2,0.2,0.1,0.2,0.2,0.1,0.3,0.2,0.2,0.1,0.2,0.2,0.2,0.2,0.2,0.1,0.2,0.2,0.2,0.2,0.2,0.2,0.2,-0.1
0.000143,0.2,0.2,0.2,0.2,0.2,0.2,0.1,0.3,0.1,0.2,0.2,-0.1,0.2,0.2,0.2,0.2,0.2,0.2,0.2,0.2,0.2,-0.9,0.2,0.2,0.2,0.2,0.2,0.2,0.2,0.2,0.2,-3.28,0.2,0.2,0.2,0.2,0.2,0.2,0.3,0.2,0.2,-3.5,0.2,0.2,0.2,0.2,0.2,0.2,0.2,0.2,0.2,-3.54,0.2,0.2,0.4,0.2,0.2,0.1,0.2,0.2,0.2,-1.85,0.1,0.2,0.2,0.2,0.2,0.2,0.2,0.2,0.2,-0.3,0.2,0.1,0.3,0.1,0.1,0.2,0.2,0.2,0.3,0,0.2,0.2,0.2,0.2,0.2,0.2,0.1,0.2,0.2,0.2,0.2,0.2,0.2,0.2,0.2,0.2,0.2,-0.1
0.000143,0.3,0.2,0.2,0.2,0.2,0.2,0.2,0.2,0.1,0.2,0.3,-0.1,0.1,0.3,0.2,0.2,0.3,0.2,0.2,0.2,0.2,-0.9,0.3,0.2,0.2,0.2,0.2,0.2,0.2,0.2,0.2,-3.18,0.2,0.2,0.2,0.2,0.2,0.2,0.2,0.1,0.2,-3.5,0.2,0.2,0.1,0.2,0.2,0.2,0.2,0.2,0.2,-3.6,0.2,0.2,0.2,0.2,0.2,0.2,0.2,0.2,0.2,-1.94,0.2,0.2,0.2,0.2,0.2,0.2,0.2,0.2,0.2,-0.3,0.3,0.2,0.2,0.2,0.2,0.2,0.3,0.2,0.2,0.1,0.2,0.1,0.2,0.2,0.2,0.2,0.3,0.2,0.2,0.2,0.2,0.2,0.1,0.2,0.1,0.2,0.3,-0.1
0.000143,0.2,0.2,0.2,0.2,0.2,0.2,0.2,0.2,0.2,0.2,0.2,-0.1,0.2,0.2,0.2,0.2,0.2,0.1,0.2,0.2,0.2,-0.7,0.2,0.2,0.2,0.2,0.2,0.2,0.2,0.3,0.2,-3.28,0.2,0.2,0.2,0.2,0.2,0.2,0.2,0.2,0.2,-3.54,0.2,0.2,0.2,0.2,0.2,0.2,0.2,0.2,0.2,-3.6,0.2,0.2,0.2,0.2,0.2,0.2,0.2,0.2,0.2,-1.97,0.2,0.2,0.2,0.2,0.2,0.1,0.2,0.1,0.2,-0.3,0.3,0.2,0.2,0.2,0.2,0.2,0.2,0.2,0.2,0,0.2,0.2,0.2,0.2,0.3,0.2,0.2,0.2,0.2,0.2,0.2,0.2,0.2,0.2,0.1,0.2,0.3,-0.1
0.000143,0.2,0.2,0.2,0.2,0.2,0.3,0.1,0.2,0.2,0.2,0.2,-0.1,0.2,0.2,0.2,0.2,0.2,0.2,0.2,0.2,0.1,-0.9,0.2,0.1,0.1,0.1,0.2,0.2,0.2,0.2,0.2,-3.18,0.2,0.2,0.2,0.1,0.2,0.2,0.2,0.2,0.2,-3.54,0.2,0.2,0.2,0.2,0.2,0.2,0.2,0.2,0.2,-3.5,0.2,0.2,0.3,0.2,0.2,0.2,0.2,0.2,0.2,-1.87,0.2,0.2,0.2,0.1,0.2,0.3,0.2,0.2,0.2,-0.3,0.2,0.2,0.2,0.2,0.2,0.2,0.2,0.2,0.2,0.1,0.1,0.2,0.2,0.2,0.2,0.2,0.2,0.2,0.2,0.2,0.1,0.2,0.2,0.2,0.2,0.2,0.3,-0.1
0.000144,0.4,0.2,0.2,0.2,0.2,0.2,0.2,0.2,0.2,0.2,0.2,-0.2,0.2,0.1,0.2,0.2,0.2,0.2,0.2,0.2,0.1,-0.8,0.2,0.2,0.2,0.2,0.2,0.2,0.2,0.3,0.2,-3.14,0.2,0.2,0.2,0.2,0.2,0.2,0.2,0.2,0.2,-3.5,0.2,0.2,0.2,0.2,0.2,0.2,0.2,0.2,0.2,-3.6,0.1,0.2,0.2,0.2,0.2,0.2,0.1,0.2,0.2,-2.06,0.2,0.2,0.2,0.2,0.2,0.2,0.2,0.2,0.2,-0.3,0.2,0.2,0.1,0.2,0.2,0.2,0.2,0.2,0.2,0,0.2,0.2,0.2,0.2,0.2,0.2,0.2,0.2,0.2,0.2,0.2,0.2,0.2,0.1,0.2,0.2,0.2,-0.1
0.000144,0.3,0.2,0.2,0.3,0.2,0.2,0.1,0.2,0.2,0.2,0.2,-0.1,0.2,0.2,0.2,0.2,0.2,0.2,0.2,0.2,0.1,-0.9,0.2,0.1,0.3,0.2,0.2,0.2,0.2,0.2,0.2,-3.11,0.3,0.2,0.2,0.2,0.2,0.2,0.2,0.2,0.2,-3.5,0.2,0.1,0.2,0.2,0.2,0.2,0.2,0.2,0.2,-3.55,0.1,0.2,0.2,0.2,0.2,0.2,0.2,0.2,0.2,-1.97,0.2,0.2,0.2,0.2,0.2,0.3,0.2,0.2,0.2,-0.3,0.2,0.2,0.2,0.2,0.2,0.2,0.2,0.2,0.2,0,0.2,0.2,0.2,0.2,0.2,0.2,0.1,0.2,0.2,0.1,0.2,0.2,0.2,0.2,0.2,0.1,0.2,-0.1
0.000144,0.3,0.2,0.2,0.2,0.2,0.2,0.2,0.2,0.2,0.2,0.2,-0.2,0.2,0.2,0.2,0.2,0.2,0.2,0.2,0.2,0.2,-0.9,0.2,0.2,0.2,0.2,0.2,0.2,0.2,0.2,0.2,-3.06,0.2,0.2,0.2,0.1,0.2,0.2,0.2,0.2,0.2,-3.54,0.2,0.2,0.2,0.2,0.2,0.2,0.2,0.2,0.2,-3.64,0.2,0.1,0.2,0.2,0.1,0.2,0.2,0.2,0.2,-1.98,0.2,0.1,0.2,0.2,0.2,0.2,0.2,0.2,0.2,-0.3,0.2,0.2,0.2,0.2,0.1,0.1,0.2,0.2,0.2,0,0.2,0.2,0.2,0.1,0.2,0.2,0.2,0.2,0.2,0.1,0.2,0.2,0.2,0.2,0.2,0.2,0.3,-0.1
0.000144,0.3,0.2,0.2,0.2,0.2,0.1,0.2,0.1,0.2,0.2,0.2,-0.1,0.2,0.2,0.2,0.2,0.2,0.2,0.2,0.2,0.2,-0.9,0.2,0.3,0.2,0.2,0.1,0.2,0.2,0.3,0.2,-3.06,0.2,0.2,0.2,0.2,0.2,0.2,0.2,0.2,0.2,-3.5,0.2,0.2,0.2,0.2,0.2,0.2,0.2,0.2,0.2,-3.6,0.2,0.2,0.2,0.2,0.2,0.1,0.2,0.1,0.2,-1.85,0.2,0.2,0.2,0.3,0.1,0.2,0.2,0.2,0.2,-0.3,0.2,0.2,0.2,0.1,0.2,0.2,0.2,0.2,0.2,0.1,0.2,0.2,0.2,0.2,0.2,0.2,0.2,0.2,0.2,0.1,0.2,0.2,0.1,0.2,0.1,0.2,0.2,-0.1
0.000144,0.2,0.2,0.2,0.2,0.2,0.2,0.2,0.2,0.1,0.2,0.2,-0.2,0.2,0.2,0.2,0.2,0.2,0.2,0.2,0.2,0.2,-0.9,0.2,0.2,0.2,0.3,0.2,0.3,0.2,0.2,0.2,-3.06,0.2,0.2,0.2,0.2,0.2,0.2,0.2,0.2,0.2,-3.5,0.2,0.2,0.2,0.2,0.2,0.2,0.3,0.2,0.2,-3.64,0.2,0.1,0.2,0.2,0.2,0.2,0.2,0.2,0.2,-1.8,0.2,0.2,0.2,0.2,0.2,0.2,0.2,0.3,0.2,-0.4,0.2,0.2,0.2,0.2,0.2,0.2,0.2,0.2,0.3,0,0.2,0.2,0.2,0.2,0.2,0.2,0.2,0.2,0.2,0.2,0.2,0.2,0.3,0.2,0.2,0.2,0.2,0
0.000145,0.3,0.3,0.2,0.2,0.2,0.2,0.2,0.2,0.2,0.2,0.2,-0.2,0.2,0.2,0.2,0.2,0.2,0.2,0.2,0.2,0.2,-1,0.1,0.2,0.2,0.2,0.2,0.2,0.1,0.2,0.2,-3.16,0.2,0.2,0.2,0.2,0.2,0.2,0.2,0.2,0.2,-3.5,0.1,0.3,0.2,0.2,0.2,0.2,0.2,0.2,0.2,-3.6,0.2,0.2,0.2,0.2,0.2,0.2,0.2,0.2,0.2,-1.9,0.2,0.2,0.2,0.3,0.2,0.2,0.2,0.3,0.2,-0.3,0.2,0.2,0.2,0.2,0.2,0.2,0.2,0.2,0.2,0.1,0.2,0.2,0.2,0.2,0.2,0.2,0.2,0.2,0.2,0.1,0.2,0.2,0.2,0.2,0.2,0.2,0.2,0
0.000145,0.2,0.2,0.2,0.2,0.2,0.2,0.2,0.2,0.2,0.2,0.1,-0.2,0.2,0.2,0.1,0.2,0.2,0.2,0.2,0.2,0.2,-1,0.2,0.2,0.2,0.2,0.2,0.2,0.2,0.2,0.2,-3.02,0.3,0.2,0.2,0.2,0.2,0.2,0.2,0.2,0.1,-3.5,0.2,0.2,0.2,0.2,0.2,0.2,0.2,0.2,0.2,-3.6,0.3,0.2,0.1,0.2,0.2,0.1,0.2,0.2,0.2,-1.9,0.2,0.3,0.1,0.2,0.2,0.2,0.2,0.2,0.2,-0.3,0.2,0.2,0.2,0.2,0.2,0.2,0.2,0.1,0.2,0.1,0.1,0.2,0.2,0.2,0.2,0.2,0.2,0.2,0.2,0.1,0.2,0.2,0.2,0.2,0.2,0.1,0.2,0
0.000145,0.2,0.2,0.2,0.1,0.2,0.2,0.2,0.2,0.2,0.2,0.2,-0.1,0.2,0.2,0.2,0.2,0.2,0.2,0.2,0.1,0.2,-0.9,0.2,0.2,0.2,0.1,0.2,0.2,0.2,0.2,0.2,-3.11,0.2,0.2,0.3,0.2,0.3,0.2,0.1,0.2,0.2,-3.54,0.2,0.2,0.2,0.2,0.2,0.1,0.2,0.2,0.1,-3.64,0.2,0.2,0.2,0.2,0.2,0.2,0.2,0.2,0.2,-1.9,0.2,0.2,0.2,0.2,0.3,0.3,0.2,0.2,0.2,-0.3,0.2,0.2,0.2,0.2,0.2,0.2,0.2,0.2,0.3,0.1,0.1,0.2,0.2,0.2,0.2,0.2,0.2,0.2,0.2,0.1,0.2,0.2,0.2,0.3,0.2,0.3,0.2,0
0.000145,0.2,0.2,0.1,0.2,0.2,0.2,0.2,0.1,0.2,0.2,0.2,0,0.2,0.2,0.2,0.2,0.2,0.3,0.2,0.2,0.2,-0.9,0.2,0.3,0.2,0.2,0.2,0.2,0.2,0.2,0.2,-3.11,0.2,0.2,0.2,0.2,0.2,0.2,0.3,0.2,0.1,-3.5,0.2,0.2,0.2,0.2,0.2,0.2,0.2,0.2,0.2,-3.6,0.2,0.2,0.3,0.2,0.2,0.2,0.2,0.2,0.2,-1.9,0.2,0.2,0.3,0.2,0.2,0.2,0.2,0.1,0.2,-0.3,0.3,0.2,0.2,0.2,0.2,0.2,0.2,0.2,0.2,0,0.2,0.2,0.2,0.2,0.2,0.2,0.2,0.1,0.2,0.2,0.2,0.2,0.2,0.2,0.2,0.2,0.2,0
0.000145,0.3,0.2,0.2,0.2,0.2,0.2,0.2,0.1,0.2,0.2,0.2,-0.1,0.2,0.2,0.2,0.2,0.2,0.1,0.2,0.2,0.2,-1,0.2,0.2,0.2,0.2,0.2,0.2,0.1,0.2,0.2,-3.11,0.1,0.2,0.2,0.2,0.2,0.2,0.2,0.2,0.2,-3.5,0.2,0.2,0.1,0.2,0.2,0.2,0.2,0.2,0.2,-3.6,0.2,0.2,0.3,0.2,0.2,0.2,0.2,0.2,0.2,-1.88,0.2,0.2,0.3,0.2,0.2,0.2,0.2,0.3,0.2,-0.3,0.2,0.2,0.2,0.2,0.2,0.2,0.2,0.2,0.3,0,0.2,0.2,0.2,0.2,0.2,0.2,0.2,0.2,0.2,0.1,0.2,0.2,0.2,0.2,0.1,0.2,0.2,0
0.000146,0.2,0.2,0.2,0.2,0.1,0.2,0.2,0.2,0.2,0.2,0.2,-0.1,0.2,0.2,0.2,0.3,0.2,0.2,0.2,0.2,0.2,-1,0.2,0.2,0.2,0.2,0.2,0.2,0.2,0.2,0.2,-3.15,0.2,0.3,0.2,0.2,0.2,0.2,0.3,0.1,0.2,-3.45,0.2,0.2,0.2,0.3,0.2,0.2,0.1,0.2,0.2,-3.6,0.2,0.2,0.2,0.2,0.2,0.2,0.2,0.2,0.2,-1.97,0.2,0.2,0.1,0.2,0.2,0.2,0.2,0.2,0.2,-0.3,0.2,0.2,0.2,0.2,0.2,0.3,0.2,0.3,0.3,-0.1,0.2,0.2,0.2,0.1,0.2,0.2,0.2,0.1,0.2,0.2,0.1,0.2,0.2,0.2,0.2,0.1,0.2,0.1
0.000146,0.3,0.2,0.2,0.2,0.2,0.2,0.2,0.1,0.2,0.2,0.2,-0.1,0.1,0.2,0.2,0.2,0.2,0.2,0.2,0.1,0.2,-0.9,0.2,0.2,0.2,0.2,0.2,0.2,0.2,0.2,0.2,-3.11,0.2,0.2,0.1,0.2,0.2,0.2,0.2,0.2,0.2,-3.5,0.2,0.1,0.2,0.2,0.2,0.2,0.1,0.2,0.2,-3.45,0.2,0.2,0.2,0.2,0.2,0.2,0.2,0.2,0.2,-1.83,0.2,0.2,0.2,0.2,0.2,0.2,0.2,0.2,0.2,-0.3,0.2,0.2,0.2,0.2,0.1,0.2,0.2,0.3,0.2,0,0.2,0.2,0.2,0.2,0.3,0.2,0.2,0.1,0.2,0.2,0.2,0.2,0.2,0.2,0.2,0.2,0.3,-0.1
0.000146,0.4,0.2,0.2,0.1,0.2,0.2,0.2,0.3,0.2,0.2,0.2,-0.1,0.2,0.3,0.2,0.2,0.2,0.2,0.2,0.1,0.2,-1,0.2,0.2,0.2,0.2,0.2,0.2,0.2,0.1,0.2,-3.06,0.2,0.3,0.2,0.2,0.2,0.2,0.2,0.2,0.2,-3.5,0.2,0.2,0.2,0.2,0.1,0.2,0.2,0.1,0.2,-3.6,0.2,0.2,0.2,0.2,0.2,0.2,0.3,0.3,0.2,-1.87,0.2,0.2,0.2,0.2,0.2,0.2,0.2,0.2,0.2,-0.3,0.2,0.1,0.2,0.2,0.2,0.1,0.2,0.2,0.2,0,0.1,0.3,0.2,0.1,0.2,0.2,0.2,0.2,0.2,0.1,0.2,0.2,0.2,0.3,0.2,0.3,0.1,-0.1
0.000146,0.3,0.2,0.2,0.2,0.2,0.2,0.2,0.2,0.2,0.2,0.3,-0.1,0.2,0.2,0.2,0.2,0.2,0.3,0.2,0.2,0.2,-0.9,0.2,0.2,0.2,0.2,0.2,0.2,0.2,0.2,0.2,-3.06,0.2,0.2,0.2,0.3,0.2,0.2,0.3,0.2,0.1,-3.54,0.2,0.2,0.2,0.2,0.2,0.2,0.2,0.2,0.2,-3.6,0.2,0.1,0.2,0.2,0.1,0.2,0.2,0.3,0.2,-1.88,0.2,0.2,0.2,0.2,0.2,0.2,0.2,0.2,0.2,-0.3,0.2,0.2,0.2,0.2,0.2,0.2,0.1,0.2,0.2,0,0.1,0.2,0.2,0.2,0.2,0.2,0.1,0.2,0.3,0.1,0.2,0.2,0.2,0.2,0.2,0.2,0.3,-0.1
0.000146,0.4,0.2,0.2,0.2,0.2,0.2,0.2,0.3,0.2,0.2,0.3,-0.1,0.2,0.2,0.2,0.2,0.2,0.2,0.2,0.2,0.2,-0.9,0.2,0.2,0.3,0.2,0.2,0.2,0.2,0.2,0.2,-3.02,0.1,0.2,0.2,0.3,0.2,0.2,0.2,0.2,0.2,-3.54,0.2,0.2,0.2,0.2,0.2,0.1,0.2,0.2,0.2,-3.6,0.3,0.2,0.1,0.2,0.2,0.2,0.1,0.2,0.2,-1.84,0.2,0.2,0.2,0.1,0.2,0.2,0.2,0.2,0.2,-0.3,0.2,0.2,0.2,0.2,0.2,0.2,0.2,0.2,0.4,0,0.1,0.2,0.2,0.2,0.2,0.2,0.2,0.2,0.2,0.1,0.2,0.1,0.2,0.1,0.1,0.2,0.2,-0.1
0.000147,0.4,0.2,0.2,0.2,0.2,0.3,0.2,0.3,0.2,0.1,0.2,0,0.2,0.2,0.2,0.2,0.2,0.2,0.2,0.2,0.2,-1,0.2,0.2,0.2,0.2,0.2,0.2,0.1,0.2,0.2,-3.02,0.2,0.2,0.2,0.2,0.2,0.2,0.2,0.3,0.2,-3.5,0.2,0.2,0.1,0.2,0.2,0.2,0.2,0.2,0.2,-3.45,0.2,0.2,0.2,0.2,0.2,0.2,0.3,0.2,0.2,-1.75,0.2,0.2,0.2,0.2,0.2,0.2,0.2,0.2,0.2,-0.2,0.2,0.2,0.2,0.2,0.3,0.2,0.2,0.2,0.2,0,0.2,0.3,0.2,0.3,0.2,0.2,0.2,0.2,0.2,0.1,0.2,0.2,0.2,0.3,0.2,0.2,0.2,0
0.000147,0.2,0.2,0.2,0.2,0.2,0.2,0.1,0.2,0.2,0.2,0.2,-0.1,0.3,0.1,0.1,0.2,0.2,0.2,0.2,0.2,0.1,-0.9,0.2,0.2,0.2,0.3,0.2,0.2,0.2,0.2,0.2,-2.98,0.2,0.2,0.2,0.1,0.2,0.2,0.2,0.2,0.2,-3.5,0.2,0.2,0.3,0.1,0.2,0.2,0.2,0.2,0.2,-3.64,0.2,0.2,0.2,0.2,0.2,0.2,0.2,0.2,0.2,-1.8,0.2,0.2,0.1,0.2,0.2,0.2,0.2,0.2,0.2,-0.3,0.2,0.1,0.2,0.2,0.3,0.2,0.2,0.2,0.2,0,0.2,0.1,0.2,0.1,0.2,0.2,0.2,0.2,0.2,0.2,0.2,0.2,0.1,0.2,0.2,0.2,0.2,0.1
0.000147,0.3,0.2,0.2,0.2,0.2,0.2,0.2,0.2,0.2,0.2,0.1,-0.1,0.2,0.2,0.2,0.2,0.1,0.2,0.2,0.2,0.2,-0.9,0.2,0.2,0.2,0.2,0.2,0.2,0.2,0.2,0.2,-2.93,0.2,0.1,0.2,0.2,0.2,0.2,0.2,0.2,0.2,-3.5,0.1,0.2,0.3,0.2,0.2,0.2,0.2,0.2,0.2,-3.55,0.1,0.2,0.2,0.2,0.2,0.2,0.2,0.2,0.2,-1.8,0.2,0.2,0.2,0.2,0.2,0.2,0.2,0.2,0.3,-0.3,0.2,0.2,0.2,0.2,0.2,0.2,0.2,0.2,0.2,0,0.2,0.1,0.1,0.2,0.2,0.1,0.2,0.2,0.2,0.2,0.2,0.1,0.2,0.2,0.2,0.2,0.2,0.1
0.000147,0.3,0.2,0.2,0.2,0.1,0.2,0.2,0.1,0.2,0.2,0.2,0,0.2,0.1,0.2,0.2,0.2,0.2,0.2,0.1,0.2,-0.9,0.2,0.2,0.2,0.2,0.1,0.2,0.2,0.2,0.2,-2.98,0.3,0.2,0.2,0.2,0.2,0.2,0.2,0.2,0.2,-3.45,0.2,0.2,0.2,0.2,0.2,0.2,0.2,0.2,0.2,-3.5,0.2,0.2,0.2,0.2,0.2,0.2,0.2,0.2,0.2,-1.7,0.2,0.1,0.3,0.2,0.1,0.2,0.2,0.2,0.2,-0.3,0.2,0.3,0.2,0.2,0.2,0.2,0.2,0.2,0.2,0.1,0.2,0.2,0.2,0.2,0.2,0.2,0.2,0.2,0.2,0.2,0.1,0.2,0.1,0.1,0.2,0.2,0.2,0.1
0.000147,0.3,0.2,0.2,0.2,0.3,0.2,0.2,0.2,0.2,0.2,0.1,0,0.2,0.2,0.1,0.2,0.2,0.2,0.2,0.2,0.2,-0.9,0.3,0.2,0.2,0.2,0.1,0.2,0.2,0.2,0.2,-3.03,0.2,0.2,0.2,0.2,0.2,0.2,0.2,0.3,0.2,-3.45,0.1,0.2,0.2,0.1,0.2,0.2,0.3,0.3,0.2,-3.5,0.2,0.2,0.2,0.1,0.1,0.2,0.2,0.2,0.2,-1.8,0.2,0.1,0.3,0.2,0.1,0.2,0.2,0.2,0.2,-0.3,0.2,0.2,0.2,0.2,0.2,0.2,0.3,0.2,0.3,0,0.2,0.2,0.2,0.2,0.2,0.2,0.2,0.2,0.3,0.1,0.2,0.2,0.2,0.2,0.2,0.2,0.1,0
0.000148,0.4,0.2,0.2,0.2,0.2,0.2,0.2,0.2,0.3,0.2,0.1,-0.1,0.3,0.1,0.2,0.2,0.1,0.2,0.2,0.2,0.2,-1,0.2,0.3,0.2,0.2,0.2,0.3,0.2,0.2,0.2,-2.93,0.2,0.2,0.2,0.2,0.2,0.2,0.2,0.2,0.2,-3.5,0.2,0.2,0.2,0.3,0.2,0.2,0.2,0.2,0.2,-3.6,0.1,0.2,0.2,0.2,0.2,0.2,0.2,0.2,0.2,-1.8,0.2,0.2,0.2,0.2,0.2,0.1,0.1,0.3,0.2,-0.3,0.2,0.2,0.2,0.2,0.2,0.2,0.2,0.2,0.2,0,0.2,0.2,0.2,0.2,0.2,0.3,0.2,0.2,0.2,0.1,0.2,0.1,0.2,0.2,0.2,0.2,0.1,0.2
0.000148,0.3,0.2,0.2,0.2,0.2,0.2,0.2,0.2,0.2,0.1,0.2,-0.1,0.2,0.2,0.2,0.2,0.2,0.2,0.2,0.2,0.3,-0.9,0.2,0.2,0.2,0.2,0.2,0.2,0.1,0.2,0.2,-2.93,0.2,0.2,0.1,0.2,0.2,0.2,0.2,0.2,0.2,-3.54,0.2,0.2,0.2,0.3,0.1,0.2,0.2,0.2,0.2,-3.6,0.1,0.3,0.3,0.2,0.2,0.1,0.2,0.2,0.2,-1.85,0.2,0.2,0.2,0.2,0.2,0.1,0.2,0.2,0.2,-0.3,0.2,0.2,0.2,0.2,0.1,0.2,0.2,0.2,0.2,0.1,0.2,0.2,0.2,0.2,0.2,0.2,0.2,0.2,0.2,0.1,0.1,0.2,0.2,0.2,0.2,0.1,0.1,0.1
0.000148,0.3,0.2,0.2,0.2,0.2,0.2,0.2,0.2,0.2,0.2,0.2,-0.2,0.2,0.2,0.2,0.2,0.2,0.2,0.2,0.2,0.2,-0.8,0.1,0.2,0.2,0.2,0.2,0.2,0.2,0.2,0.2,-2.98,0.2,0.2,0.1,0.2,0.2,0.1,0.2,0.3,0.2,-3.5,0.2,0.2,0.2,0.2,0.2,0.2,0.2,0.1,0.2,-3.45,0.1,0.2,0.2,0.2,0.2,0.2,0.2,0.2,0.1,-1.85,0.2,0.2,0.2,0.2,0.1,0.2,0.2,0.2,0.2,-0.3,0.2,0.2,0.2,0.2,0.1,0.1,0.2,0.2,0.2,0.1,0.2,0.2,0.2,0.2,0.2,0.2,0.2,0.2,0.2,0.1,0.2,0.2,0.1,0.2,0.2,0.2,0.1,0.1
0.000148,0.4,0.2,0.2,0.2,0.3,0.2,0.2,0.2,0.2,0.2,0.2,-0.3,0.2,0.2,0.2,0.3,0.2,0.3,0.2,0.2,0.2,-0.8,0.2,0.2,0.2,0.2,0.2,0.2,0.2,0.2,0.2,-2.93,0.2,0.3,0.2,0.2,0.1,0.2,0.2,0.2,0.3,-3.5,0.2,0.2,0.2,0.2,0.2,0.2,0.2,0.2,0.2,-3.6,0.2,0.2,0.2,0.2,0.2,0.2,0.1,0.2,0.2,-1.75,0.2,0.3,0.2,0.2,0.1,0.2,0.1,0.2,0.2,-0.2,0.2,0.2,0.2,0.3,0.2,0.2,0.2,0.2,0.3,0,0.2,0.2,0.2,0.2,0.2,0.2,0.2,0.2,0.2,0.1,0.2,0.2,0.2,0.2,0.2,0.2,0.2,0.2
0.000148,0.3,0.2,0.2,0.2,0.2,0.2,0.2,0.2,0.2,0.2,0.2,-0.2,0.2,0.2,0.2,0.2,0.2,0.2,0.1,0.2,0.2,-0.9,0.2,0.2,0.2,0.2,0.2,0.2,0.2,0.2,0.2,-2.98,0.2,0.3,0.2,0.2,0.2,0.2,0.2,0.2,0.2,-3.5,0.2,0.1,0.2,0.2,0.2,0.2,0.2,0.2,0.2,-3.6,0.1,0.2,0.2,0.2,0.1,0.2,0.2,0.2,0.2,-1.8,0.2,0.2,0.2,0.2,0.2,0.2,0.2,0.2,0.1,-0.4,0.2,0.2,0.1,0.2,0.2,0.2,0.2,0.2,0.2,0,0.2,0.2,0.2,0.2,0.2,0.2,0.2,0.2,0.2,0.1,0.2,0.2,0.2,0.2,0.2,0.2,0.3,0.2
0.000149,0.3,0.2,0.2,0.2,0.2,0.3,0.2,0.2,0.2,0.2,0.3,-0.2,0.2,0.2,0.2,0.3,0.2,0.2,0.2,0.2,0.2,-0.9,0.2,0.2,0.2,0.2,0.2,0.2,0.2,0.2,0.2,-2.93,0.2,0.2,0.1,0.2,0.2,0.2,0.2,0.2,0.2,-3.45,0.2,0.2,0.2,0.2,0.2,0.2,0.1,0.2,0.2,-3.51,0.1,0.2,0.2,0.1,0.2,0.2,0.3,0.2,0.2,-1.8,0.2,0.1,0.2,0.1,0.2,0.1,0.3,0.2,0.2,-0.3,0.2,0.3,0.2,0.2,0.3,0.2,0.2,0.2,0.2,0.1,0.2,0.2,0.2,0.2,0.2,0.2,0.2,0.1,0.2,0.3,0.2,0.3,0.2,0.2,0.2,0.2,0.1,0.2
0.000149,0.3,0.2,0.2,0.2,0.2,0.2,0.2,0.2,0.2,0.2,0.2,-0.2,0.1,0.2,0.2,0.2,0.2,0.2,0.2,0.3,0.2,-0.9,0.2,0.2,0.2,0.2,0.2,0.2,0.2,0.2,0.2,-2.89,0.2,0.2,0.2,0.3,0.2,0.2,0.2,0.2,0.3,-3.5,0.2,0.2,0.2,0.2,0.2,0.2,0.2,0.3,0.2,-3.51,0.2,0.2,0.2,0.2,0.2,0.1,0.2,0.2,0.2,-1.75,0.2,0.2,0.2,0.2,0.2,0.2,0.2,0.2,0.1,-0.3,0.1,0.2,0.1,0.2,0.2,0.2,0.2,0.2,0.2,0.1,0.2,0.2,0.1,0.3,0.3,0.2,0.1,0.2,0.2,0.2,0.2,0.2,0.2,0.1,0.2,0.2,0.1,0.3
0.000149,0.4,0.2,0.2,0.2,0.2,0.2,0.2,0.2,0.1,0.2,0.2,-0.1,0.2,0.2,0.2,0.2,0.2,0.2,0.2,0.2,0.2,-0.9,0.2,0.2,0.2,0.2,0.1,0.2,0.2,0.2,0.2,-2.85,0.2,0.2,0.2,0.2,0.2,0.2,0.2,0.2,0.2,-3.45,0.2,0.2,0.2,0.2,0.2,0.2,0.2,0.2,0.2,-3.51,0.2,0.2,0.2,0.2,0.1,0.2,0.2,0.2,0.3,-1.75,0.2,0.2,0.2,0.2,0.2,0.2,0.2,0.2,0.2,-0.3,0.2,0.2,0.2,0.2,0.3,0.2,0.2,0.2,0.2,0.1,0.2,0.2,0.2,0.2,0.2,0.2,0.2,0.2,0.2,0.3,0.2,0.2,0.2,0.2,0.2,0.2,0.2,0.3
0.000149,0.3,0.2,0.2,0.2,0.2,0.2,0.2,0.2,0.2,0.2,0.1,-0.1,0.2,0.2,0.2,0.2,0.2,0.2,0.2,0.1,0.2,-0.9,0.2,0.2,0.2,0.2,0.2,0.2,0.2,0.2,0.2,-2.89,0.2,0.2,0.2,0.2,0.2,0.2,0.2,0.2,0.2,-3.45,0.2,0.2,0.2,0.2,0.2,0.2,0.2,0.1,0.2,-3.55,0.2,0.1,0.2,0.2,0.2,0.2,0.2,0.2,0.2,-1.71,0.1,0.2,0.1,0.2,0.2,0.2,0.2,0.1,0.2,-0.2,0.2,0.2,0.1,0.3,0.2,0.1,0.2,0.2,0.2,0,0.2,0.2,0.2,0.2,0.2,0.2,0.2,0.2,0.2,0.3,0.2,0.1,0.2,0.2,0.2,0.2,0.1,0.3
0.000149,0.4,0.2,0.2,0.2,0.2,0.2,0.2,0.2,0.2,0.2,0.2,0,0.2,0.2,0.1,0.2,0.2,0.2,0.2,0.2,0.1,-1,0.2,0.1,0.2,0.2,0.2,0.2,0.2,0.2,0.2,-2.85,0.2,0.2,0.2,0.2,0.2,0.2,0.3,0.2,0.2,-3.5,0.2,0.3,0.2,0.2,0.2,0.2,0.2,0.2,0.3,-3.55,0.2,0.2,0.2,0.3,0.2,0.2,0.2,0.2,0.2,-1.71,0.2,0.2,0.2,0.2,0.3,0.2,0.2,0.2,0.2,-0.2,0.2,0.2,0.1,0.2,0.2,0.2,0.3,0.2,0.2,0,0.2,0.2,0.2,0.2,0.2,0.2,0.2,0.2,0.2,0.3,0.2,0.2,0.2,0.2,0.2,0.2,0.2,0.2
0.00015,0.3,0.2,0.3,0.2,0.2,0.1,0.2,0.2,0.3,0.2,0.2,-0.1,0.2,0.1,0.2,0.2,0.2,0.1,0.2,0.2,0.2,-0.9,0.2,0.2,0.2,0.2,0.2,0.2,0.2,0.2,0.2,-2.89,0.2,0.2,0.2,0.2,0.2,0.2,0.1,0.2,0.2,-3.5,0.2,0.2,0.2,0.2,0.2,0.2,0.1,0.2,0.3,-3.55,0.2,0.2,0.2,0.2,0.2,0.2,0.1,0.2,0.1,-1.6,0.2,0.2,0.2,0.2,0.2,0.2,0.2,0.2,0.2,-0.1,0.2,0.2,0.2,0.2,0.2,0.2,0.2,0.2,0.2,0,0.2,0.2,0.3,0.1,0.2,0.3,0.2,0.2,0.1,0.3,0.2,0.2,0.1,0.2,0.2,0.2,0.1,0.2
0.00015,0.3,0.2,0.2,0.1,0.2,0.2,0.2,0.2,0.2,0.2,0.2,0,0.2,0.2,0.2,0.2,0.2,0.1,0.2,0.2,0.2,-0.9,0.2,0.3,0.2,0.2,0.2,0.2,0.2,0.2,0.2,-2.85,0.2,0.2,0.2,0.2,0.2,0.2,0.2,0.2,0.2,-3.44,0.2,0.1,0.2,0.2,0.2,0.2,0.2,0.2,0.2,-3.55,0.2,0.3,0.2,0.3,0.2,0.2,0.2,0.2,0.2,-1.6,0.2,0.2,0.2,0.2,0.2,0.2,0.1,0.2,0.2,-0.1,0.2,0.2,0.1,0.2,0.2,0.2,0.1,0.2,0.2,0,0.2,0.2,0.2,0.4,0.2,0.2,0.2,0.2,0.2,0.2,0.2,0.2,0.2,0.2,0.1,0.2,0.2,0.1
0.00015,0.4,0.2,0.2,0.2,0.2,0.2,0.2,0.2,0.3,0.2,0.2,0,0.2,0.2,0.2,0.2,0.2,0.2,0.2,0.2,0.2,-0.9,0.2,0.2,0.2,0.2,0.2,0.1,0.2,0.2,0.1,-2.93,0.2,0.2,0.2,0.2,0.2,0.2,0.2,0.1,0.2,-3.54,0.2,0.2,0.2,0.2,0.2,0.2,0.2,0.3,0.2,-3.6,0.1,0.2,0.2,0.2,0.2,0.2,0.2,0.3,0.3,-1.5,0.2,0.2,0.2,0.2,0.2,0.1,0.2,0.2,0.3,-0.2,0.2,0.2,0.2,0.1,0.2,0.2,0.2,0.2,0.2,0.1,0.2,0.2,0.2,0.2,0.2,0.2,0.2,0.2,0.1,0.2,0.2,0.2,0.2,0.2,0.2,0.2,0.2,0.1
0.00015,0.3,0.2,0.2,0.1,0.2,0.2,0.2,0.2,0.2,0.2,0.2,-0.1,0.2,0.2,0.2,0.2,0.2,0.2,0.2,0.1,0.2,-0.9,0.2,0.2,0.2,0.2,0.1,0.2,0.2,0.2,0.1,-2.93,0.2,0.2,0.2,0.2,0.3,0.2,0.2,0.2,0.2,-3.5,0.2,0.2,0.2,0.2,0.2,0.2,0.2,0.2,0.2,-3.6,0.2,0.2,0.2,0.2,0.2,0.2,0.2,0.1,0.1,-1.7,0.2,0.2,0.2,0.1,0.2,0.2,0.2,0.1,0.2,-0.1,0.2,0.2,0.3,0.3,0.2,0.2,0.2,0.2,0.2,0,0.2,0.1,0.2,0.3,0.2,0.2,0.2,0.3,0.2,0.2,0.2,0.2,0.2,0.2,0.2,0.2,0.3,0
0.00015,0.3,0.2,0.2,0.2,0.2,0.2,0.2,0.2,0.2,0.1,0.2,-0.1,0.2,0.1,0.2,0.2,0.2,0.2,0.2,0.2,0.2,-0.8,0.2,0.2,0.2,0.1,0.2,0.2,0.2,0.3,0.2,-2.83,0.2,0.2,0.2,0.2,0.2,0.2,0.1,0.1,0.2,-3.5,0.2,0.2,0.2,0.2,0.2,0.2,0.2,0.2,0.2,-3.6,0.2,0.2,0.2,0.2,0.2,0.2,0.2,0.2,0.2,-1.6,0.2,0.2,0.2,0.2,0.1,0.2,0.2,0.2,0.2,-0.2,0.2,0.1,0.2,0.2,0.2,0.1,0.2,0.2,0.2,0,0.1,0.2,0.2,0.2,0.2,0.2,0.2,0.2,0.2,0.2,0.2,0.2,0.2,0.1,0.2,0.2,0.2,0
0.000151,0.3,0.2,0.2,0.2,0.2,0.2,0.2,0.2,0.2,0.2,0.2,-0.2,0.2,0.2,0.2,0.2,0.3,0.2,0.2,0.2,0.2,-0.8,0.1,0.2,0.2,0.2,0.2,0.2,0.2,0.2,0.2,-2.88,0.2,0.2,0.2,0.2,0.2,0.1,0.2,0.2,0.3,-3.45,0.2,0.1,0.2,0.2,0.2,0.2,0.2,0.2,0.2,-3.5,0.2,0.2,0.2,0.2,0.2,0.2,0.1,0.2,0.2,-1.7,0.1,0.2,0.2,0.2,0.2,0.2,0.3,0.2,0.2,-0.3,0.2,0.3,0.2,0.1,0.1,0.1,0.3,0.2,0.2,-0.1,0.1,0.2,0.2,0.2,0.2,0.2,0.2,0.2,0.2,0.1,0.2,0.2,0.1,0.2,0.2,0.2,0.3,-0.1
0.000151,0.3,0.2,0.2,0.2,0.2,0.2,0.2,0.2,0.2,0.2,0.1,-0.2,0.2,0.2,0.1,0.2,0.1,0.2,0.2,0.3,0.2,-0.7,0.2,0.2,0.2,0.2,0.2,0.2,0.2,0.2,0.2,-2.75,0.2,0.2,0.2,0.2,0.2,0.2,0.2,0.2,0.2,-3.4,0.2,0.2,0.2,0.2,0.1,0.2,0.2,0.2,0.2,-3.5,0.2,0.2,0.2,0.2,0.2,0.2,0.2,0.2,0.2,-1.7,0.2,0.2,0.2,0.2,0.2,0.2,0.2,0.2,0.2,-0.2,0.2,0.2,0.3,0.2,0.2,0.2,0.2,0.2,0.2,0,0.2,0.2,0.2,0.2,0.2,0.1,0.1,0.2,0.2,0.2,0.2,0.2,0.2,0.2,0.2,0.2,0.3,0
0.000151,0.4,0.2,0.2,0.2,0.2,0.2,0.2,0.2,0.3,0.2,0.2,-0.2,0.2,0.2,0.2,0.2,0.2,0.2,0.2,0.2,0.2,-0.7,0.2,0.2,0.2,0.2,0.2,0.2,0.1,0.2,0.1,-2.75,0.2,0.2,0.2,0.3,0.2,0.1,0.1,0.2,0.2,-3.5,0.2,0.2,0.2,0.2,0.1,0.2,0.2,0.2,0.2,-3.45,0.2,0.2,0.2,0.2,0.1,0.2,0.2,0.2,0.1,-1.7,0.2,0.2,0.2,0.1,0.2,0.2,0.2,0.2,0.2,-0.2,0.2,0.2,0.2,0.2,0.2,0.2,0.2,0.2,0.2,-0.1,0.2,0.2,0.1,0.2,0.1,0.2,0.2,0.2,0.2,0.2,0.1,0.2,0.2,0.2,0.2,0.2,0.4,0
0.000151,0.4,0.2,0.2,0.2,0.2,0.2,0.2,0.2,0.2,0.2,0.2,-0.1,0.2,0.2,0.2,0.1,0.2,0.2,0.1,0.1,0.2,-0.7,0.2,0.2,0.1,0.2,0.2,0.2,0.2,0.2,0.1,-2.8,0.2,0.2,0.2,0.3,0.2,0.2,0.2,0.3,0.3,-3.5,0.2,0.2,0.2,0.2,0.2,0.2,0.2,0.2,0.2,-3.55,0.2,0.2,0.1,0.1,0.2,0.2,0.2,0.2,0.2,-1.6,0.2,0.2,0.2,0.2,0.1,0.2,0.2,0.2,0.3,-0.3,0.2,0.2,0.2,0.2,0.2,0.2,0.3,0.2,0.2,0,0.2,0.2,0.2,0.2,0.2,0.2,0.2,0.1,0.1,0.2,0.2,0.2,0.1,0.2,0.2,0.2,0.3,0.1
0.000151,0.4,0.3,0.2,0.1,0.2,0.2,0.2,0.1,0.2,0.2,0.2,-0.1,0.1,0.2,0.2,0.2,0.2,0.2,0.2,0.3,0.2,-0.7,0.2,0.2,0.2,0.2,0.2,0.2,0.2,0.2,0.2,-2.8,0.2,0.2,0.2,0.1,0.2,0.2,0.2,0.2,0.2,-3.5,0.2,0.2,0.2,0.2,0.3,0.2,0.1,0.2,0.2,-3.45,0.2,0.1,0.2,0.2,0.1,0.2,0.2,0.2,0.2,-1.71,0.1,0.1,0.2,0.2,0.2,0.2,0.2,0.2,0.2,-0.2,0.2,0.2,0.2,0.2,0.1,0.2,0.2,0.2,0.2,0.1,0.2,0.2,0.1,0.2,0.2,0.2,0.2,0.2,0.2,0.2,0.2,0.1,0.2,0.2,0.2,0.2,0.1,0.1
0.000152,0.2,0.2,0.2,0.2,0.2,0.1,0.2,0.2,0.2,0.2,0.1,-0.1,0.2,0.2,0.3,0.2,0.2,0.2,0.1,0.2,0.2,-0.7,0.2,0.2,0.2,0.1,0.1,0.2,0.2,0.2,0.2,-2.76,0.2,0.1,0.2,0.1,0.1,0.2,0.2,0.3,0.2,-3.5,0.2,0.1,0.2,0.2,0.2,0.2,0.2,0.2,0.2,-3.47,0.1,0.2,0.1,0.2,0.2,0.2,0.2,0.1,0.2,-1.7,0.2,0.1,0.2,0.2,0.2,0.2,0.2,0.2,0.2,-0.3,0.1,0.2,0.2,0.2,0.2,0.2,0.2,0.2,0.2,0.1,0.1,0.2,0.1,0.2,0.2,0.2,0.2,0.2,0.2,0.2,0.2,0.2,0.2,0.2,0.2,0.3,0.2,0.1
0.000152,0.4,0.2,0.2,0.2,0.2,0.2,0.2,0.2,0.3,0.2,0.2,-0.1,0.2,0.2,0.2,0.1,0.2,0.2,0.2,0.1,0.2,-0.8,0.2,0.2,0.2,0.2,0.2,0.2,0.2,0.2,0.2,-2.72,0.2,0.2,0.2,0.2,0.2,0.2,0.2,0.2,0.2,-3.45,0.2,0.2,0.2,0.2,0.2,0.3,0.2,0.2,0.2,-3.51,0.1,0.1,0.2,0.2,0.2,0.3,0.2,0.2,0.2,-1.7,0.2,0.2,0.2,0.3,0.2,0.1,0.2,0.1,0.2,-0.2,0.2,0.2,0.2,0.1,0.2,0.2,0.2,0.2,0.2,0.1,0.3,0.2,0.2,0.2,0.2,0.2,0.3,0.2,0.2,0.3,0.3,0.2,0.2,0.2,0.2,0.2,0.1,0.1
0.000152,0.3,0.3,0.3,0.2,0.2,0.2,0.2,0.2,0.2,0.2,0.2,-0.1,0.2,0.2,0.2,0.1,0.2,0.2,0.2,0.2,0.2,-0.7,0.2,0.2,0.2,0.2,0.2,0.2,0.2,0.2,0.2,-2.72,0.2,0.2,0.2,0.2,0.2,0.2,0.1,0.2,0.2,-3.45,0.2,0.2,0.2,0.2,0.2,0.2,0.2,0.2,0.2,-3.47,0.1,0.2,0.2,0.2,0.2,0.2,0.2,0.3,0.2,-1.6,0.3,0.2,0.3,0.3,0.1,0.2,0.2,0.2,0.2,-0.2,0.2,0.2,0.2,0.2,0.1,0.1,0.1,0.2,0.1,0.1,0.2,0.2,0.3,0.2,0.2,0.2,0.2,0.1,0.1,0.3,0.2,0.2,0.2,0.2,0.2,0.2,0.2,0
0.000152,0.3,0.2,0.2,0.2,0.2,0.2,0.1,0.2,0.2,0.2,0.2,-0.1,0.2,0.2,0.2,0.2,0.2,0.2,0.2,0.2,0.2,-0.8,0.2,0.2,0.2,0.2,0.2,0.2,0.2,0.2,0.2,-2.72,0.2,0.2,0.2,0.2,0.1,0.2,0.1,0.2,0.2,-3.55,0.2,0.2,0.2,0.2,0.2,0.2,0.2,0.2,0.2,-3.47,0.2,0.2,0.2,0.2,0.1,0.2,0.2,0.2,0.2,-1.6,0.2,0.2,0.2,0.2,0.2,0.2,0.2,0.2,0.2,-0.2,0.2,0.2,0.2,0.2,0.2,0.2,0.2,0.2,0.2,0.1,0.2,0.2,0.2,0.2,0.2,0.2,0.2,0.2,0.2,0.3,0.2,0.2,0.2,0.2,0.2,0.2,0.1,0
0.000152,0.3,0.2,0.2,0.2,0.2,0.2,0.2,0.1,0.1,0.2,0.2,-0.1,0.2,0.2,0.2,0.2,0.2,0.2,0.2,0.2,0.2,-0.7,0.2,0.2,0.2,0.2,0.2,0.2,0.2,0.2,0.2,-2.72,0.2,0.2,0.2,0.2,0.2,0.2,0.2,0.2,0.1,-3.5,0.2,0.2,0.2,0.2,0.2,0.2,0.2,0.2,0.3,-3.51,0.2,0.2,0.2,0.2,0.2,0.2,0.2,0.2,0.2,-1.7,0.2,0.2,0.2,0.2,0.2,0.2,0.2,0.2,0.1,-0.3,0.2,0.2,0.2,0.2,0.2,0.2,0.2,0.2,0.2,0.1,0.1,0.3,0.2,0.2,0.2,0.2,0.2,0.2,0.2,0.3,0.2,0.2,0.2,0.2,0.1,0.2,0.2,0
0.000153,0.3,0.2,0.2,0.1,0.2,0.2,0.2,0.1,0.2,0.2,0.2,-0.1,0.2,0.2,0.2,0.2,0.2,0.2,0.2,0.2,0.2,-0.8,0.2,0.2,0.2,0.1,0.2,0.1,0.2,0.2,0.2,-2.76,0.2,0.2,0.1,0.2,0.2,0.2,0.2,0.2,0.1,-3.5,0.2,0.2,0.3,0.2,0.2,0.1,0.2,0.2,0.2,-3.47,0.2,0.2,0.2,0.2,0.2,0.2,0.2,0.1,0.1,-1.5,0.2,0.2,0.2,0.2,0.2,0.2,0.2,0.2,0.2,-0.2,0.2,0.2,0.2,0.2,0.2,0.2,0.2,0.2,0.2,0,0.2,0.2,0.2,0.2,0.3,0.2,0.2,0.2,0.1,0.3,0.2,0.2,0.2,0.2,0.2,0.2,0.1,-0.1
0.000153,0.3,0.2,0.2,0.1,0.2,0.2,0.2,0.2,0.2,0.2,0.2,-0.2,0.2,0.2,0.2,0.2,0.2,0.2,0.2,0.2,0.2,-0.7,0.2,0.3,0.2,0.1,0.2,0.2,0.2,0.2,0.2,-2.76,0.2,0.2,0.2,0.2,0.2,0.3,0.2,0.2,0.1,-3.5,0.1,0.2,0.2,0.3,0.2,0.2,0.1,0.2,0.2,-3.55,0.2,0.2,0.2,0.2,0.2,0.2,0.2,0.2,0.2,-1.7,0.2,0.2,0.2,0.2,0.2,0.2,0.2,0.2,0.3,-0.3,0.2,0.2,0.2,0.2,0.2,0.2,0.2,0.2,0.2,-0.1,0.2,0.2,0.2,0.3,0.2,0.2,0.1,0.1,0.2,0.3,0.2,0.2,0.2,0.2,0.3,0.2,0.2,-0.1
0.000153,0.3,0.2,0.2,0.2,0.2,0.2,0.2,0.1,0.3,0.1,0.2,-0.1,0.2,0.2,0.2,0.2,0.2,0.2,0.2,0.2,0.2,-0.8,0.2,0.3,0.2,0.2,0.2,0.2,0.2,0.2,0.2,-2.76,0.2,0.2,0.2,0.2,0.2,0.2,0.2,0.2,0.2,-3.4,0.2,0.2,0.1,0.2,0.2,0.2,0.2,0.2,0.2,-3.45,0.2,0.2,0.1,0.2,0.2,0.2,0.2,0.2,0.2,-1.6,0.2,0.2,0.2,0.2,0.2,0.2,0.2,0.2,0.2,-0.2,0.2,0.1,0.2,0.2,0.2,0.2,0.2,0.2,0.2,0,0.2,0.2,0.2,0.2,0.2,0.2,0.2,0.2,0.2,0.1,0.2,0.2,0.1,0.2,0.2,0.2,0.3,-0.1
0.000153,0.3,0.1,0.2,0.3,0.2,0.2,0.2,0.2,0.2,0.2,0.2,-0.1,0.1,0.2,0.2,0.2,0.2,0.2,0.2,0.2,0.2,-0.7,0.2,0.2,0.2,0.2,0.2,0.1,0.2,0.2,0.2,-2.7,0.2,0.2,0.2,0.2,0.2,0.2,0.2,0.3,0.2,-3.4,0.2,0.2,0.2,0.2,0.2,0.2,0.3,0.2,0.2,-3.6,0.2,0.2,0.2,0.2,0.2,0.2,0.2,0.2,0.2,-1.6,0.2,0.2,0.2,0.2,0.2,0.2,0.2,0.2,0.2,-0.2,0.2,0.1,0.2,0.2,0.2,0.3,0.2,0.2,0.2,0,0.2,0.2,0.2,0.2,0.2,0.3,0.2,0.2,0.2,0.1,0.2,0.2,0.2,0.2,0.2,0.2,0.3,-0.1
0.000153,0.3,0.2,0.2,0.2,0.2,0.2,0.2,0.1,0.2,0.2,0.2,-0.1,0.2,0.2,0.2,0.2,0.2,0.2,0.2,0.2,0.2,-0.7,0.2,0.2,0.2,0.2,0.2,0.3,0.2,0.3,0.2,-2.85,0.2,0.2,0.2,0.2,0.2,0.2,0.3,0.2,0.2,-3.44,0.2,0.2,0.2,0.3,0.2,0.2,0.2,0.1,0.2,-3.5,0.2,0.2,0.2,0.2,0.2,0.2,0.2,0.2,0.2,-1.6,0.2,0.1,0.2,0.2,0.1,0.2,0.2,0.2,0.2,-0.3,0.2,0.2,0.2,0.2,0.2,0.2,0.2,0.2,0.2,0,0.2,0.2,0.2,0.2,0.2,0.2,0.2,0.2,0.2,0.1,0.1,0.1,0.2,0.2,0.2,0.2,0.3,0
0.000154,0.3,0.1,0.2,0.2,0.2,0.2,0.2,0.2,0.2,0.2,0.2,-0.1,0.1,0.2,0.2,0.2,0.2,0.2,0.2,0.2,0.1,-0.7,0.2,0.2,0.2,0.2,0.2,0.2,0.1,0.2,0.2,-2.76,0.1,0.2,0.2,0.2,0.2,0.2,0.2,0.2,0.2,-3.35,0.2,0.2,0.2,0.1,0.2,0.2,0.2,0.2,0.1,-3.45,0.1,0.2,0.2,0.2,0.2,0.2,0.2,0.2,0.3,-1.6,0.2,0.1,0.2,0.3,0.2,0.2,0.2,0.2,0.2,-0.3,0.2,0.2,0.2,0.2,0.2,0.2,0.2,0.2,0.2,0,0.2,0.2,0.2,0.2,0.1,0.2,0.2,0.2,0.1,0.1,0.2,0.2,0.2,0.2,0.2,0.2,0.2,0
0.000154,0.3,0.2,0.2,0.2,0.2,0.2,0.1,0.2,0.2,0.2,0.2,-0.1,0.2,0.2,0.2,0.2,0.2,0.2,0.2,0.2,0.1,-0.7,0.2,0.2,0.2,0.2,0.2,0.2,0.2,0.2,0.2,-2.66,0.2,0.2,0.2,0.2,0.2,0.2,0.2,0.2,0.2,-3.4,0.2,0.2,0.2,0.2,0.2,0.2,0.2,0.3,0.3,-3.51,0.2,0.2,0.2,0.3,0.2,0.2,0.2,0.2,0.2,-1.6,0.2,0.1,0.2,0.2,0.2,0.2,0.2,0.2,0.2,-0.3,0.2,0.1,0.2,0.2,0.2,0.2,0.3,0.2,0.2,0,0.2,0.2,0.2,0.2,0.2,0.2,0.2,0.2,0.2,0.1,0.2,0.2,0.2,0.1,0.2,0.2,0.2,0
0.000154,0.4,0.2,0.2,0.2,0.2,0.2,0.3,0.2,0.2,0.2,0.2,0,0.2,0.1,0.2,0.2,0.2,0.2,0.2,0.2,0.2,-0.7,0.2,0.2,0.2,0.1,0.2,0.2,0.2,0.2,0.1,-2.76,0.2,0.1,0.2,0.2,0.2,0.2,0.2,0.2,0.2,-3.4,0.2,0.2,0.2,0.2,0.2,0.2,0.2,0.2,0.2,-3.41,0.2,0.2,0.2,0.2,0.2,0.3,0.2,0.1,0.2,-1.7,0.2,0.1,0.2,0.2,0.2,0.2,0.1,0.2,0.2,-0.3,0.2,0.2,0.2,0.2,0.2,0.2,0.1,0.2,0.2,0.1,0.2,0.2,0.2,0.2,0.2,0.1,0.2,0.2,0.2,0.1,0.2,0.2,0.2,0.1,0.2,0.1,0.2,0
0.000154,0.3,0.2,0.2,0.2,0.2,0.2,0.2,0.2,0.2,0.3,0.3,-0.1,0.2,0.2,0.2,0.2,0.2,0.2,0.2,0.2,0.2,-0.7,0.1,0.2,0.1,0.2,0.2,0.2,0.2,0.2,0.2,-2.72,0.2,0.2,0.2,0.2,0.2,0.2,0.2,0.2,0.1,-3.4,0.2,0.2,0.2,0.2,0.2,0.2,0.3,0.1,0.2,-3.45,0.2,0.1,0.2,0.1,0.1,0.1,0.2,0.2,0.3,-1.6,0.2,0.2,0.2,0.3,0.3,0.2,0.2,0.2,0.2,-0.3,0.2,0.3,0.2,0.2,0.2,0.1,0.2,0.2,0.1,0.1,0.2,0.2,0.2,0.2,0.2,0.2,0.2,0.3,0.2,0.2,0.2,0.2,0.2,0.2,0.1,0.2,0.3,0
0.000154,0.3,0.2,0.2,0.2,0.2,0.2,0.2,0.2,0.1,0.2,0.2,-0.1,0.2,0.3,0.2,0.2,0.2,0.2,0.1,0.2,0.2,-0.6,0.2,0.2,0.1,0.2,0.2,0.2,0.2,0.3,0.1,-2.68,0.1,0.2,0.2,0.2,0.2,0.2,0.2,0.2,0.2,-3.4,0.2,0.3,0.2,0.1,0.2,0.2,0.2,0.2,0.1,-3.51,0.2,0.2,0.2,0.2,0.3,0.3,0.1,0.2,0.2,-1.6,0.2,0.2,0.2,0.1,0.2,0.2,0.2,0.2,0.2,-0.3,0.2,0.2,0.2,0.1,0.2,0.2,0.2,0.2,0.2,0.1,0.2,0.2,0.1,0.2,0.2,0.2,0.2,0.2,0.2,0.2,0.2,0.2,0.2,0.2,0.2,0.2,0.2,0
0.000155,0.2,0.1,0.2,0.1,0.2,0.2,0.1,0.2,0.2,0.2,0.2,-0.1,0.2,0.3,0.2,0.2,0.2,0.2,0.2,0.2,0.2,-0.7,0.2,0.2,0.2,0.3,0.2,0.2,0.2,0.2,0.2,-2.68,0.2,0.2,0.2,0.2,0.2,0.2,0.2,0.2,0.2,-3.4,0.2,0.2,0.2,0.2,0.2,0.1,0.2,0.2,0.2,-3.51,0.2,0.2,0.2,0.2,0.2,0.2,0.2,0.2,0.2,-1.6,0.2,0.2,0.2,0.1,0.2,0.3,0.2,0.3,0.3,-0.3,0.2,0.2,0.2,0.2,0.2,0.2,0.2,0.2,0.2,0.1,0.2,0.2,0.2,0.2,0.1,0.2,0.2,0.2,0.2,0.2,0.3,0.2,0.2,0.2,0.2,0.2,0.2,0.1
0.000155,0.3,0.1,0.2,0.2,0.1,0.2,0.2,0.2,0.1,0.2,0.2,-0.1,0.2,0.1,0.2,0.2,0.2,0.1,0.2,0.2,0.2,-0.7,0.2,0.2,0.1,0.2,0.2,0.2,0.3,0.2,0.2,-2.68,0.2,0.2,0.2,0.2,0.2,0.2,0.2,0.2,0.2,-3.31,0.2,0.2,0.2,0.2,0.3,0.2,0.2,0.2,0.2,-3.37,0.2,0.2,0.2,0.2,0.2,0.2,0.2,0.2,0.2,-1.7,0.2,0.2,0.2,0.1,0.2,0.2,0.2,0.2,0.2,-0.2,0.2,0.2,0.2,0.2,0.2,0.2,0.2,0.2,0.2,0.1,0.2,0.2,0.3,0.3,0.2,0.2,0.2,0.2,0.2,0.2,0.2,0.2,0.1,0.2,0.2,0.2,0.3,0
0.000155,0.3,0.2,0.2,0.1,0.2,0.2,0.1,0.2,0.2,0.2,0.2,-0.1,0.2,0.2,0.2,0.2,0.2,0.1,0.2,0.2,0.2,-0.8,0.2,0.3,0.2,0.3,0.2,0.2,0.1,0.2,0.1,-2.63,0.2,0.1,0.3,0.2,0.2,0.2,0.2,0.2,0.2,-3.35,0.2,0.1,0.2,0.2,0.2,0.2,0.2,0.2,0.2,-3.47,0.2,0.2,0.2,0.3,0.2,0.1,0.2,0.2,0.2,-1.7,0.1,0.2,0.2,0.2,0.3,0.2,0.2,0.2,0.2,-0.2,0.3,0.2,0.2,0.2,0.1,0.1,0.2,0.2,0.2,0.1,0.2,0.2,0.2,0.2,0.2,0.2,0.1,0.2,0.1,0.3,0.2,0.2,0.2,0.2,0.1,0.2,0.1,0
0.000155,0.3,0.2,0.2,0.2,0.2,0.2,0.2,0.1,0.1,0.1,0.2,-0.1,0.1,0.2,0.2,0.2,0.2,0.2,0.2,0.2,0.2,-0.7,0.2,0.2,0.3,0.2,0.2,0.1,0.2,0.2,0.2,-2.59,0.2,0.2,0.1,0.2,0.2,0.2,0.1,0.2,0.2,-3.4,0.2,0.1,0.3,0.2,0.2,0.2,0.2,0.2,0.2,-3.47,0.1,0.2,0.1,0.2,0.2,0.2,0.2,0.2,0.2,-1.6,0.2,0.2,0.2,0.2,0.2,0.2,0.2,0.2,0.2,-0.2,0.1,0.2,0.2,0.2,0.3,0.2,0.1,0.2,0.2,0,0.1,0.2,0.2,0.1,0.2,0.1,0.2,0.2,0.2,0.3,0.2,0.2,0.2,0.2,0.1,0.2,0.1,0
0.000155,0.3,0.2,0.2,0.2,0.2,0.2,0.2,0.2,0.2,0.2,0.2,-0.2,0.2,0.2,0.2,0.2,0.3,0.2,0.2,0.2,0.2,-0.6,0.2,0.2,0.2,0.2,0.1,0.3,0.2,0.2,0.2,-2.68,0.2,0.2,0.3,0.2,0.2,0.1,0.2,0.2,0.2,-3.35,0.2,0.2,0.2,0.2,0.2,0.2,0.2,0.2,0.1,-3.47,0.2,0.2,0.2,0.2,0.2,0.2,0.2,0.2,0.2,-1.6,0.2,0.1,0.2,0.2,0.2,0.2,0.2,0.2,0.3,-0.2,0.2,0.2,0.1,0.2,0.2,0.2,0.2,0.2,0.2,0.1,0.2,0.2,0.2,0.2,0.2,0.2,0.2,0.2,0.2,0.3,0.2,0.2,0.2,0.2,0.4,0.2,0.1,-0.1
0.000156,0.3,0.2,0.2,0.2,0.2,0.3,0.2,0.2,0.2,0.2,0.2,-0.1,0.2,0.2,0.3,0.2,0.2,0.2,0.3,0.2,0.2,-0.6,0.2,0.2,0.2,0.2,0.2,0.2,0.2,0.2,0.1,-2.72,0.2,0.2,0.2,0.2,0.2,0.2,0.2,0.2,0.2,-3.4,0.1,0.2,0.2,0.2,0.2,0.1,0.2,0.2,0.2,-3.47,0.3,0.3,0.2,0.2,0.2,0.2,0.1,0.2,0.2,-1.6,0.2,0.2,0.2,0.2,0.2,0.2,0.2,0.2,0.2,-0.2,0.2,0.2,0.2,0.3,0.2,0.2,0.2,0.2,0.2,0,0.2,0.2,0.2,0.2,0.1,0.2,0.2,0.2,0.1,0.2,0.2,0.1,0.2,0.2,0.2,0.2,0.2,-0.1
0.000156,0.4,0.2,0.1,0.2,0.2,0.1,0.2,0.3,0.2,0.2,0.2,-0.1,0.2,0.2,0.2,0.2,0.2,0.1,0.2,0.2,0.2,-0.7,0.2,0.2,0.2,0.2,0.2,0.2,0.2,0.2,0.2,-2.63,0.2,0.2,0.2,0.2,0.2,0.3,0.1,0.2,0.2,-3.3,0.2,0.2,0.3,0.2,0.2,0.2,0.2,0.2,0.2,-3.51,0.2,0.2,0.2,0.1,0.2,0.2,0.2,0.2,0.2,-1.6,0.2,0.2,0.2,0.2,0.1,0.2,0.2,0.3,0.2,-0.1,0.2,0.2,0.1,0.2,0.2,0.1,0.2,0.2,0.1,0,0.1,0.2,0.2,0.2,0.2,0.2,0.2,0.2,0.2,0.2,0.2,0.2,0.2,0.2,0.2,0.2,0.2,0
0.000156,0.4,0.2,0.2,0.2,0.2,0.2,0.2,0.2,0.2,0.2,0.2,-0.1,0.1,0.3,0.2,0.2,0.1,0.2,0.2,0.2,0.2,-0.6,0.2,0.2,0.2,0.2,0.2,0.1,0.2,0.2,0.2,-2.62,0.3,0.2,0.2,0.2,0.2,0.2,0.1,0.2,0.2,-3.3,0.2,0.2,0.2,0.2,0.2,0.2,0.2,0.2,0.2,-3.51,0.2,0.2,0.2,0.2,0.2,0.2,0.2,0.2,0.2,-1.6,0.2,0.2,0.2,0.2,0.2,0.2,0.2,0.2,0.2,-0.2,0.2,0.2,0.2,0.2,0.2,0.2,0.2,0.2,0.2,0,0.2,0.1,0.1,0.2,0.2,0.2,0.2,0.2,0.2,0.2,0.2,0.2,0.1,0.3,0.2,0.2,0.3,0
0.000156,0.4,0.2,0.1,0.2,0.2,0.2,0.2,0.2,0.2,0.2,0.2,0,0.2,0.2,0.1,0.2,0.2,0.2,0.2,0.2,0.2,-0.6,0.2,0.1,0.2,0.2,0.2,0.2,0.2,0.2,0.2,-2.53,0.2,0.2,0.2,0.2,0.1,0.2,0.2,0.2,0.2,-3.2,0.1,0.2,0.2,0.2,0.2,0.2,0.1,0.2,0.2,-3.51,0.2,0.2,0.2,0.2,0.2,0.2,0.2,0.2,0.2,-1.6,0.2,0.2,0.2,0.2,0.2,0.2,0.2,0.1,0.2,-0.2,0.2,0.2,0.2,0.1,0.2,0.2,0.2,0.2,0.2,0,0.2,0.2,0.2,0.2,0.2,0.2,0.2,0.2,0.2,0.1,0.2,0.2,0.2,0.2,0.2,0.2,0.3,0
0.000156,0.4,0.2,0.2,0.2,0.1,0.2,0.2,0.2,0.2,0.2,0.2,-0.1,0.3,0.2,0.2,0.2,0.3,0.2,0.2,0.2,0.2,-0.6,0.2,0.2,0.2,0.2,0.1,0.2,0.2,0.2,0.2,-2.63,0.2,0.2,0.2,0.2,0.2,0.2,0.2,0.2,0.2,-3.25,0.3,0.2,0.2,0.2,0.1,0.2,0.2,0.2,0.2,-3.47,0.1,0.2,0.2,0.2,0.1,0.2,0.2,0.2,0.2,-1.5,0.1,0.2,0.1,0.2,0.2,0.2,0.3,0.2,0.2,-0.2,0.2,0.2,0.2,0.2,0.2,0.2,0.1,0.2,0.2,0,0.2,0.2,0.3,0.2,0.2,0.2,0.2,0.2,0.1,0.1,0.2,0.2,0.2,0.2,0.2,0.2,0.3,-0.1
0.000157,0.4,0.2,0.2,0.2,0.3,0.2,0.2,0.2,0.2,0.2,0.2,-0.1,0.2,0.1,0.2,0.2,0.2,0.2,0.2,0.2,0.2,-0.6,0.2,0.2,0.2,0.2,0.2,0.2,0.2,0.2,0.2,-2.53,0.2,0.2,0.2,0.2,0.2,0.2,0.2,0.2,0.1,-3.17,0.2,0.2,0.2,0.3,0.3,0.2,0.2,0.2,0.2,-3.47,0.2,0.2,0.2,0.1,0.2,0.2,0.2,0.2,0.2,-1.6,0.2,0.1,0.2,0.2,0.3,0.2,0.2,0.3,0.2,-0.2,0.2,0.2,0.3,0.2,0.2,0.2,0.1,0.1,0.2,0.1,0.2,0.2,0.1,0.2,0.2,0.2,0.1,0.2,0.2,0.1,0.2,0.2,0.1,0.2,0.2,0.2,0.3,0
0.000157,0.4,0.2,0.2,0.2,0.2,0.2,0.2,0.2,0.2,0.2,0.2,-0.1,0.2,0.2,0.3,0.2,0.3,0.1,0.2,0.2,0.2,-0.7,0.1,0.1,0.2,0.2,0.2,0.2,0.2,0.2,0.2,-2.63,0.1,0.1,0.1,0.2,0.2,0.2,0.2,0.2,0.2,-3.18,0.2,0.2,0.1,0.2,0.2,0.1,0.3,0.2,0.2,-3.32,0.2,0.2,0.2,0.2,0.2,0.2,0.2,0.3,0.2,-1.5,0.2,0.2,0.2,0.2,0.2,0.2,0.2,0.2,0.2,-0.3,0.1,0.1,0.2,0.2,0.2,0.2,0.2,0.2,0.2,0,0.2,0.3,0.2,0.2,0.2,0.2,0.2,0.2,0.2,0,0.2,0.2,0.2,0.2,0.2,0.2,0.3,-0.1
0.000157,0.4,0.3,0.2,0.2,0.2,0.2,0.2,0.2,0.3,0.2,0.2,-0.1,0.2,0.2,0.2,0.2,0.1,0.2,0.2,0.3,0.2,-0.7,0.2,0.2,0.2,0.2,0.2,0.3,0.1,0.2,0.2,-2.63,0.2,0.2,0.2,0.2,0.2,0.2,0.2,0.2,0.3,-3.14,0.2,0.2,0.2,0.2,0.2,0.1,0.2,0.2,0.2,-3.47,0.2,0.2,0.2,0.2,0.2,0.2,0.2,0.2,0.2,-1.6,0.2,0.2,0.2,0.2,0.2,0.2,0.3,0.2,0.2,-0.2,0.2,0.2,0.1,0.2,0.2,0.2,0.2,0.2,0.2,0.1,0.2,0.2,0.2,0.3,0.3,0.2,0.2,0.2,0.2,0.1,0.2,0.2,0.2,0.2,0.1,0.2,0.1,0
0.000157,1.1,0.2,0.1,0.2,0.2,0.2,0.2,0.2,0.2,0.2,0.1,-0.1,0.2,0.2,0.2,0.2,0.2,0.2,0.2,0.2,0.2,-0.6,0.2,0.2,0.2,0.2,0.3,0.2,0.2,0.2,0.2,-2.63,0.2,0.1,0.2,0.1,0.2,0.2,0.1,0.2,0.1,-3.19,0.2,0.2,0.3,0.2,0.2,0.2,0.2,0.2,0.2,-3.42,0.2,0.2,0.2,0.2,0.1,0.1,0.2,0.2,0.2,-1.6,0.2,0.2,0.2,0.2,0.2,0.2,0.2,0.2,0.2,-0.2,0.2,0.2,0.2,0.2,0.2,0.2,0.2,0.2,0.2,0.1,0.1,0.2,0.2,0.2,0.2,0.2,0.2,0.2,0.2,0.2,0.2,0.2,0.2,0.2,0.3,0.2,0.2,0
0.000157,1.2,0.2,0.2,0.2,0.2,0.1,0.2,0.2,0.2,0.2,0.2,-0.1,0.2,0.2,0.2,0.2,0.2,0.2,0.2,0.2,0.1,-0.7,0.2,0.2,0.2,0.2,0.2,0.2,0.2,0.2,0.2,-2.59,0.2,0.2,0.2,0.2,0.2,0.2,0.2,0.2,0.3,-3.19,0.2,0.2,0.1,0.2,0.2,0.2,0.2,0.2,0.2,-3.42,0.2,0.2,0.2,0.2,0.1,0.2,0.2,0.2,0.1,-1.6,0.1,0.2,0.2,0.1,0.2,0.2,0.1,0.2,0.3,-0.2,0.2,0.2,0.2,0.1,0.2,0.2,0.2,0.2,0.1,0.1,0.2,0.2,0.2,0.2,0.2,0.1,0.2,0.2,0.2,0.1,0.2,0.2,0.2,0.2,0.2,0.2,0,0
0.000158,0.3,0.2,0.2,0.2,0.2,0.2,0.2,0.2,0.2,0.2,0.1,-0.2,0.2,0.2,0.1,0.2,0.2,0.2,0.1,0.2,0.2,-0.6,0.1,0.1,0.2,0.1,0.2,0.1,0.1,0.2,0.2,-2.59,0.2,0.2,0.2,0.2,0.2,0.1,0.2,0.2,0.2,-3.38,0.2,0.2,0.2,0.2,0.2,0.1,0.2,0.2,0.2,-3.37,0.2,0.2,0.2,0.2,0.2,0.2,0.2,0.2,0.2,-1.6,0.2,0.2,0.2,0.2,0.2,0.2,0.2,0.2,0.2,-0.2,0.2,0.2,0.2,0.2,0.3,0.1,0.2,0.2,0.2,0.1,0.2,0.2,0.2,0.1,0.2,0.2,0.2,0.2,0.2,0.2,0.2,0.2,0.2,0.2,0.2,0.1,0.1,0
0.000158,0.3,0.2,0.2,0.2,0.2,0.2,0.2,0.2,0.2,0.3,0.1,-0.1,0.2,0.2,0.2,0.2,0.2,0.2,0.2,0.2,0.2,-0.7,0.2,0.2,0.2,0.1,0.2,0.2,0.2,0.2,0.2,-2.5,0.2,0.3,0.2,0.2,0.2,0.2,0.2,0.2,0.1,-3.28,0.2,0.3,0.2,0.2,0.1,0.3,0.2,0.2,0.2,-3.42,0.2,0.2,0.1,0.2,0.3,0.2,0.2,0.2,0.1,-1.5,0.2,0.1,0.2,0.3,0.2,0.2,0.2,0.2,0.2,-0.3,0.2,0.1,0.1,0.1,0.2,0.2,0.2,0.2,0.2,-0.1,0.2,0.2,0.2,0.2,0.2,0.2,0.1,0.1,0.2,0.2,0.1,0.2,0.2,0.2,0.2,0.2,0.1,0
0.000158,0.1,0.2,0.2,0.2,0.1,0.2,0.2,0.2,0.2,0.2,0.2,-0.1,0.2,0.2,0.2,0.2,0.1,0.2,0.2,0.2,0.2,-0.7,0.2,0.2,0.2,0.2,0.2,0.2,0.2,0.2,0.2,-2.5,0.2,0.2,0.2,0.2,0.1,0.1,0.2,0.2,0.2,-3.37,0.2,0.2,0.2,0.1,0.1,0.2,0.2,0.2,0.2,-3.42,0.1,0.2,0.2,0.2,0.2,0.2,0.3,0.2,0.2,-1.4,0.2,0.2,0.2,0.1,0.2,0.2,0.2,0.2,0.2,-0.2,0.2,0.2,0.2,0.1,0.2,0.2,0.2,0.2,0.2,0.1,0.1,0.2,0.2,0.2,0.1,0.2,0.3,0.2,0.2,0.2,0.2,0.2,0.2,0.1,0.2,0.2,0.2,0
0.000158,0.1,0.1,0.2,0.2,0.2,0.2,0.2,0.2,0.2,0.2,0.2,-0.1,0.2,0.2,0.2,0.2,0.2,0.2,0.1,0.3,0.2,-0.7,0.2,0.2,0.2,0.2,0.2,0.2,0.3,0.2,0.2,-2.5,0.2,0.1,0.2,0.2,0.2,0.2,0.2,0.2,0.1,-3.37,0.2,0.2,0.1,0.2,0.2,0.2,0.2,0.2,0.2,-3.38,0.2,0.2,0.2,0.2,0.2,0.2,0.2,0.2,0.2,-1.5,0.2,0.2,0.2,0.2,0.2,0.2,0.2,0.2,0.2,-0.2,0.3,0.2,0.1,0.1,0.2,0.2,0.2,0.2,0.2,0,0.2,0.1,0.1,0.2,0.2,0.2,0.2,0.2,0.2,0.2,0.1,0.2,0.2,0.2,0.1,0.2,0.1,0
0.000158,0.1,0.2,0.2,0.1,0.1,0.2,0.2,0.2,0.3,0.2,0.2,-0.1,0.2,0.2,0.3,0.2,0.2,0.2,0.2,0.2,0.2,-0.6,0.2,0.2,0.2,0.2,0.2,0.1,0.2,0.2,0.1,-2.55,0.2,0.2,0.2,0.3,0.2,0.1,0.2,0.2,0.2,-3.41,0.2,0.2,0.2,0.2,0.2,0.2,0.2,0.2,0.2,-3.42,0.1,0.2,0.3,0.3,0.2,0.2,0.2,0.2,0.2,-1.6,0.2,0.1,0.2,0.3,0.2,0.1,0.2,0.2,0.2,-0.2,0.2,0.2,0.2,0.2,0.2,0.2,0.2,0.2,0.2,0.1,0.2,0.2,0.2,0.2,0.2,0.2,0.2,0.2,0.1,0.2,0.2,0.2,0.2,0.2,0.2,0.2,0.3,0
0.000159,0.2,0.2,0.2,0.1,0.2,0.2,0.2,0.2,0.1,0.2,0.1,-0.1,0.2,0.1,0.2,0.2,0.2,0.1,0.2,0.2,0.2,-0.7,0.2,0.2,0.2,0.2,0.2,0.1,0.2,0.2,0.2,-2.55,0.2,0.2,0.2,0.2,0.2,0.2,0.2,0.2,0.2,-3.37,0.1,0.2,0.2,0.2,0.2,0.2,0.2,0.2,0.2,-3.42,0.1,0.2,0.1,0.2,0.2,0.1,0.1,0.2,0.2,-1.5,0.2,0.2,0.2,0.2,0.2,0.2,0.2,0.2,0.1,-0.2,0.2,0.2,0.2,0.2,0.2,0.2,0.2,0.2,0.2,0.1,0.2,0.2,0.2,0.2,0.2,0.2,0.2,0.2,0.2,0.2,0.2,0.2,0.2,0.2,0.1,0.2,0.2,-0.1
0.000159,0.2,0.2,0.2,0.2,0.2,0.2,0.2,0.2,0.1,0.2,0.2,-0.1,0.2,0.2,0.2,0.2,0.2,0.2,0.2,0.2,0.2,-0.7,0.1,0.2,0.2,0.2,0.2,0.2,0.2,0.2,0.2,-2.55,0.2,0.2,0.1,0.2,0.2,0.2,0.2,0.2,0.2,-3.32,0.2,0.2,0.2,0.2,0.2,0.2,0.2,0.2,0.2,-3.47,0.1,0.2,0.1,0.2,0.2,0.1,0.3,0.2,0.2,-1.5,0.2,0.2,0.3,0.2,0.1,0.2,0.2,0.2,0.2,-0.2,0.2,0.2,0.2,0.2,0.2,0.1,0.2,0.2,0.2,0,0.2,0.2,0.2,0.3,0.2,0.2,0.2,0.2,0.2,0.2,0.2,0.2,0.2,0.2,0.2,0.3,0.3,-0.1
0.000159,0.2,0.1,0.2,0.2,0.1,0.2,0.2,0.2,0.2,0.3,0.2,-0.1,0.2,0.2,0.1,0.1,0.2,0.2,0.2,0.2,0.2,-0.6,0.2,0.2,0.2,0.2,0.2,0.1,0.1,0.2,0.1,-2.45,0.3,0.2,0.2,0.2,0.2,0.2,0.2,0.2,0.2,-3.28,0.2,0.2,0.2,0.2,0.2,0.2,0.2,0.2,0.1,-3.42,0.2,0.2,0.2,0.2,0.2,0.2,0.2,0.2,0.2,-1.5,0.2,0.2,0.2,0.2,0.2,0.2,0.2,0.2,0.2,-0.2,0.2,0.2,0.1,0.2,0.2,0.1,0.1,0.2,0.1,0,0.2,0.2,0.2,0.3,0.2,0.2,0.1,0.2,0.3,0.1,0.2,0.2,0.2,0.2,0.2,0.2,0.3,0
0.000159,0.2,0.2,0.3,0.2,0.2,0.2,0.2,0.2,0.2,0.2,0.2,-0.1,0.2,0.1,0.2,0.2,0.2,0.1,0.2,0.2,0.2,-0.6,0.1,0.2,0.2,0.2,0.2,0.1,0.2,0.2,0.2,-2.55,0.2,0.2,0.2,0.2,0.2,0.2,0.2,0.2,0.2,-3.34,0.2,0.2,0.1,0.1,0.2,0.2,0.2,0.2,0.2,-3.42,0.2,0.2,0.2,0.1,0.3,0.1,0.3,0.1,0.1,-1.5,0.2,0.2,0.2,0.3,0.3,0.2,0.1,0.2,0.2,-0.1,0.2,0.2,0.2,0.2,0.2,0.2,0.2,0.2,0.2,-0.1,0.2,0.2,0.2,0.2,0.2,0.1,0.1,0.2,0.2,0,0.2,0.2,0.2,0.2,0.2,0.2,0.3,0
0.000159,0.2,0.2,0.2,0.2,0.2,0.2,0.2,0.2,0.2,0.2,0.2,-0.1,0.2,0.1,0.2,0.2,0.2,0.2,0.2,0.1,0.2,-0.6,0.2,0.2,0.2,0.2,0.2,0.2,0.2,0.2,0.2,-2.55,0.2,0.2,0.2,0.2,0.2,0.2,0.2,0.2,0.3,-3.24,0.2,0.2,0.2,0.2,0.1,0.2,0.2,0.2,0.2,-3.38,0.2,0.1,0.2,0.2,0.2,0.1,0.2,0.2,0.2,-1.6,0.2,0.2,0.1,0.2,0.2,0.2,0.2,0.1,0.2,-0.2,0.2,0.2,0.1,0.2,0.2,0.2,0.2,0.1,0.2,0.1,0.2,0.3,0.2,0.2,0.2,0.2,0.2,0.2,0.2,0.1,0.3,0.2,0.1,0.1,0.2,0.2,0.2,-0.1
0.00016,0.2,0.1,0.2,0.2,0.2,0.2,0.2,0.2,0.2,0.3,0.2,-0.1,0.1,0.2,0.2,0.2,0.2,0.3,0.2,0.2,0.2,-0.7,0.2,0.2,0.2,0.2,0.2,0.2,0.1,0.2,0.2,-2.5,0.2,0.3,0.2,0.2,0.2,0.2,0.2,0.2,0.2,-3.32,0.2,0.2,0.2,0.2,0.1,0.2,0.2,0.2,0.2,-3.38,0.2,0.2,0.2,0.3,0.2,0.1,0.1,0.2,0.2,-1.5,0.3,0.2,0.2,0.2,0.3,0.2,0.2,0.2,0.1,-0.1,0.2,0.2,0.2,0.2,0.2,0.2,0.2,0.2,0.2,0,0.2,0.2,0.2,0.2,0.2,0.2,0.2,0.2,0.2,0,0.2,0.2,0.3,0.2,0.2,0.2,0.2,0
0.00016,0.2,0.2,0.2,0.2,0.2,0.2,0.1,0.2,0.2,0.2,0.2,-0.1,0.2,0.2,0.2,0.1,0.2,0.1,0.2,0.2,0.1,-0.6,0.2,0.2,0.2,0.2,0.1,0.2,0.1,0.1,0.2,-2.5,0.2,0.2,0.2,0.2,0.2,0.2,0.2,0.2,0.2,-3.37,0.2,0.2,0.2,0.2,0.2,0.2,0.2,0.3,0.2,-3.32,0.3,0.3,0.3,0.2,0.2,0.2,0.2,0.1,0.1,-1.5,0.2,0.2,0.2,0.2,0.2,0.2,0.2,0.2,0.2,-0.1,0.1,0.2,0.2,0.2,0.2,0.2,0.2,0.2,0.2,0,0.2,0.2,0.2,0.2,0.2,0.1,0.3,0.2,0.2,0.1,0.2,0.2,0.2,0.2,0.1,0.2,0.2,0
0.00016,0.2,0.2,0.2,0.2,0.2,0.2,0.2,0.2,0.2,0.2,0.2,-0.1,0.1,0.1,0.2,0.2,0.2,0.2,0.2,0.2,0.2,-0.7,0.2,0.2,0.2,0.2,0.2,0.2,0.2,0.1,0.2,-2.4,0.2,0.2,0.1,0.2,0.2,0.2,0.2,0.2,0.2,-3.35,0.1,0.2,0.2,0.1,0.2,0.2,0.2,0.2,0.2,-3.42,0.2,0.2,0.2,0.2,0.2,0.2,0.2,0.2,0.2,-1.6,0.2,0.2,0.1,0.2,0.2,0.1,0.2,0.2,0.2,-0.1,0.2,0.2,0.2,0.2,0.2,0.2,0.2,0.2,0.2,0,0.2,0.2,0.2,0.2,0.3,0.1,0.2,0.2,0.2,0,0.2,0.2,0.3,0.2,0.2,0.2,0.1,0
0.00016,0.2,0.2,0.2,0.2,0.2,0.2,0.2,0.1,0.2,0.2,0.2,-0.1,0.2,0.2,0.1,0.2,0.2,0.2,0.2,0.2,0.1,-0.7,0.2,0.3,0.2,0.2,0.1,0.2,0.2,0.2,0.2,-2.42,0.2,0.3,0.2,0.2,0.3,0.2,0.2,0.2,0.2,-3.4,0.3,0.3,0.1,0.2,0.2,0.2,0.1,0.2,0.2,-3.34,0.2,0.2,0.2,0.2,0.2,0.2,0.2,0.2,0.2,-1.5,0.1,0.2,0.2,0.2,0.1,0.2,0.2,0.1,0.1,-0.2,0.2,0.1,0.2,0.2,0.2,0.2,0.2,0.2,0.2,0,0.2,0.2,0.2,0.2,0.2,0.1,0.2,0.3,0.2,0.2,0.2,0.1,0.2,0.2,0.1,0.2,0.1,0.1
0.00016,0.2,0.2,0.2,0.1,0.2,0.2,0.1,0.1,0.2,0.1,0.2,-0.1,0.1,0.3,0.2,0.3,0.1,0.3,0.3,0.2,0.2,-0.7,0.2,0.2,0.2,0.2,0.2,0.1,0.2,0.2,0.2,-2.37,0.1,0.2,0.2,0.2,0.2,0.2,0.3,0.2,0.2,-3.4,0.2,0.3,0.2,0.2,0.2,0.2,0.2,0.2,0.2,-3.38,0.2,0.1,0.2,0.2,0.2,0.3,0.3,0.2,0.3,-1.5,0.2,0.3,0.2,0.2,0.2,0.2,0.1,0.2,0.2,-0.2,0.2,0.2,0.2,0.2,0.3,0.2,0.2,0.2,0.3,0.1,0.2,0.1,0.2,0.2,0.2,0.2,0.2,0.2,0.2,0.1,0.2,0.2,0.2,0.2,0.2,0.2,0.2,0
0.000161,0.2,0.2,0.2,0.2,0.2,0.3,0.2,0.2,0.1,0.2,0.2,-0.1,0.2,0.2,0.2,0.2,0.2,0.2,0.2,0.2,0.2,-0.5,0.3,0.2,0.2,0.2,0.2,0.2,0.3,0.3,0.1,-2.27,0.2,0.2,0.2,0.1,0.3,0.2,0.2,0.2,0.1,-3.35,0.2,0.2,0.2,0.1,0.2,0.2,0.1,0.2,0.2,-3.34,0.3,0.2,0.2,0.2,0.2,0.2,0.2,0.1,0.2,-1.5,0.2,0.2,0.1,0.2,0.2,0.2,0.2,0.2,0.2,-0.2,0.2,0.2,0.2,0.2,0.3,0.2,0.1,0.2,0.2,0.1,0.1,0.2,0.2,0.2,0.1,0.2,0.2,0.2,0.2,0.2,0.2,0.2,0.2,0.1,0.2,0.2,0.2,0
0.000161,0.2,0.2,0.2,0.2,0.2,0.2,0.2,0.1,0.2,0.1,0.3,-0.1,0.2,0.2,0.2,0.2,0.2,0.2,0.2,0.2,0.2,-0.6,0.1,0.2,0.2,0.2,0.2,0.2,0.1,0.2,0.2,-2.52,0.2,0.2,0.2,0.2,0.2,0.1,0.2,0.2,0.2,-3.35,0.2,0.2,0.2,0.2,0.2,0.2,0.2,0.2,0.1,-3.34,0.3,0.2,0.2,0.2,0.2,0.2,0.1,0.2,0.1,-1.5,0.2,0.2,0.2,0.1,0.1,0.2,0.2,0.1,0.2,-0.2,0.2,0.2,0.1,0.2,0.3,0.1,0.2,0.2,0.2,0.1,0.2,0.2,0.2,0.2,0.2,0.2,0.2,0.2,0.2,0.2,0.2,0.2,0.2,0.2,0.2,0.1,0.1,0
0.000161,0.2,0.2,0.2,0.3,0.2,0.2,0.2,0.2,0.2,0.2,0.2,-0.1,0.2,0.2,0.2,0.2,0.1,0.2,0.2,0.1,0.1,-0.6,0.2,0.1,0.2,0.2,0.2,0.2,0.2,0.2,0.2,-2.37,0.2,0.2,0.2,0.2,0.2,0.3,0.2,0.3,0.2,-3.22,0.1,0.2,0.2,0.2,0.2,0.2,0.1,0.2,0.1,-3.29,0.2,0.1,0.2,0.2,0.2,0.3,0.2,0.2,0.2,-1.5,0.2,0.2,0.3,0.2,0.2,0.3,0.2,0.2,0.2,-0.2,0.2,0.2,0.2,0.2,0.2,0.2,0.1,0.2,0.2,0,0.2,0.2,0.2,0.2,0.2,0.2,0.2,0.2,0.1,0.1,0.2,0.3,0.2,0.1,0.1,0.2,0.1,0
0.000161,0.1,0.2,0.2,0.2,0.2,0.2,0.2,0.2,0.3,0.2,0.2,-0.1,0.2,0.2,0.1,0.2,0.2,0.2,0.2,0.2,0.2,-0.6,0.1,0.2,0.2,0.2,0.2,0.1,0.2,0.2,0.1,-2.42,0.1,0.2,0.2,0.2,0.2,0.2,0.3,0.2,0.2,-3.22,0.2,0.2,0.1,0.2,0.1,0.2,0.2,0.2,0.2,-3.29,0.2,0.2,0.2,0.2,0.2,0.2,0.2,0.2,0.2,-1.5,0.2,0.2,0.2,0.2,0.2,0.2,0.2,0.2,0.2,-0.2,0.2,0.2,0.1,0.2,0.2,0.2,0.2,0.2,0.2,0,0.2,0.2,0.2,0.2,0.3,0.2,0.2,0.1,0.2,0.1,0.1,0.2,0.2,0.2,0.2,0.2,0.1,0
0.000161,0.2,0.2,0.2,0.2,0.2,0.2,0.2,0.2,0.2,0.2,0.2,0,0.1,0.2,0.3,0.2,0.2,0.2,0.2,0.2,0.2,-0.7,0.1,0.2,0.2,0.2,0.2,0.2,0.2,0.2,0.2,-2.46,0.1,0.2,0.2,0.2,0.2,0.2,0.2,0.2,0.2,-3.32,0.1,0.3,0.2,0.2,0.2,0.2,0.2,0.2,0.2,-3.34,0.2,0.2,0.2,0.2,0.2,0.2,0.1,0.2,0.2,-1.5,0.2,0.2,0.2,0.2,0.2,0.3,0.2,0.2,0.1,-0.2,0.3,0.2,0.2,0.2,0.1,0.2,0.2,0.2,0.2,0,0.2,0.1,0.2,0.2,0.1,0.1,0.3,0.2,0.2,0.1,0.2,0.2,0.2,0.2,0.2,0.2,0.2,-0.1
0.000162,0.2,0.2,0.2,0.2,0.2,0.2,0.2,0.1,0.1,0.2,0.2,-0.1,0.2,0.2,0.2,0.2,0.2,0.2,0.1,0.2,0.2,-0.6,0.2,0.2,0.2,0.2,0.1,0.2,0.2,0.3,0.2,-2.5,0.2,0.2,0.2,0.2,0.1,0.2,0.2,0.3,0.2,-3.28,0.2,0.1,0.2,0.2,0.2,0.2,0.2,0.2,0.2,-3.34,0.2,0.2,0.1,0.1,0.2,0.2,0.2,0.3,0.2,-1.5,0.2,0.2,0.3,0.1,0.2,0.1,0.2,0.2,0.2,-0.2,0.2,0.2,0.2,0.2,0.2,0.2,0.2,0.2,0.3,0,0.1,0.1,0.2,0.2,0.2,0.2,0.2,0.2,0.2,0.1,0.1,0.2,0.2,0.1,0.2,0.2,0.2,-0.1
0.000162,0.2,0.2,0.2,0.2,0.2,0.1,0.2,0.2,0.2,0.2,0.2,0,0.2,0.2,0.2,0.2,0.1,0.2,0.2,0.2,0.2,-0.6,0.1,0.2,0.2,0.1,0.2,0.3,0.2,0.2,0.2,-2.32,0.2,0.2,0.3,0.2,0.2,0.2,0.2,0.2,0.2,-3.28,0.2,0.2,0.2,0.3,0.2,0.2,0.2,0.2,0.3,-3.29,0.1,0.2,0.1,0.2,0.2,0.2,0.2,0.2,0.2,-1.5,0.2,0.2,0.2,0.2,0.2,0.2,0.3,0.2,0.2,-0.1,0.2,0.1,0.2,0.2,0.2,0.1,0.1,0.2,0.2,0,0.1,0.3,0.2,0.2,0.2,0.2,0.2,0.2,0.2,0.2,0.1,0.2,0.3,0.2,0.2,0.2,0.2,0
0.000162,0.2,0.2,0.1,0.2,0.2,0.2,0.2,0.2,0.2,0.2,0.2,0,0.2,0.2,0.2,0.1,0.3,0.2,0.2,0.2,0.2,-0.6,0.2,0.3,0.2,0.2,0.1,0.2,0.2,0.2,0.2,-2.32,0.2,0.1,0.2,0.1,0.2,0.2,0.2,0.2,0.2,-3.32,0.2,0.2,0.3,0.2,0.2,0.2,0.2,0.1,0.2,-3.29,0.2,0.2,0.2,0.2,0.2,0.2,0.2,0.1,0.2,-1.5,0.2,0.1,0.2,0.1,0.1,0.2,0.1,0.2,0.2,-0.1,0.2,0.2,0.2,0.2,0.2,0.1,0.2,0.2,0.2,0,0.2,0.1,0.3,0.2,0.2,0.3,0.2,0.2,0.2,0.1,0.2,0.2,0.2,0.2,0.2,0.2,0.2,0
0.000162,0.2,0.3,0.2,0.2,0.2,0.2,0.2,0.2,0.2,0.2,0.2,-0.1,0.2,0.2,0.1,0.1,0.2,0.2,0.2,0.2,0.2,-0.6,0.2,0.2,0.2,0.2,0.2,0.2,0.2,0.2,0.1,-2.33,0.2,0.2,0.2,0.2,0.2,0.2,0.2,0.2,0.2,-3.37,0.1,0.2,0.2,0.2,0.1,0.2,0.1,0.2,0.2,-3.29,0.2,0.2,0.2,0.2,0.2,0.2,0.2,0.1,0.2,-1.5,0.2,0.2,0.1,0.2,0.2,0.2,0.2,0.1,0.2,-0.1,0.2,0.1,0.2,0.2,0.2,0.2,0.2,0.2,0.2,-0.1,0.2,0.2,0.2,0.2,0.2,0.2,0.2,0.1,0.1,0.1,0.2,0.2,0.2,0.2,0.2,0.2,0.2,-0.1
0.000162,0.2,0.2,0.2,0.2,0.2,0.1,0.2,0.2,0.2,0.2,0.2,-0.1,0.2,0.2,0.3,0.2,0.2,0.2,0.2,0.2,0.2,-0.6,0.2,0.2,0.2,0.1,0.2,0.2,0.2,0.3,0.2,-2.16,0.2,0.2,0.2,0.1,0.2,0.1,0.2,0.2,0.2,-3.41,0.2,0.2,0.2,0.2,0.2,0.2,0.1,0.2,0.2,-3.34,0.2,0.2,0.2,0.3,0.1,0.2,0.1,0.1,0.2,-1.6,0.1,0.2,0.2,0.1,0.2,0.2,0.2,0.3,0.2,-0.2,0.2,0.1,0.2,0.2,0.2,0.2,0.2,0.2,0.3,0,0.2,0.2,0.1,0.2,0.2,0.2,0.1,0.2,0.2,0.1,0.2,0.1,0.2,0.3,0.2,0.2,0.2,0
0.000163,0.2,0.2,0.2,0.2,0.2,0.1,0.2,0.1,0.2,0.2,0.2,-0.1,0.2,0.1,0.2,0.2,0.1,0.2,0.2,0.2,0.1,-0.6,0.2,0.2,0.2,0.2,0.2,0.2,0.2,0.2,0.2,-2.11,0.2,0.2,0.1,0.2,0.2,0.2,0.2,0.2,0.2,-3.31,0.2,0.2,0.1,0.2,0.2,0.2,0.2,0.2,0.1,-3.29,0.2,0.2,0.2,0.2,0.2,0.2,0.2,0.2,0.2,-1.5,0.3,0.2,0.2,0.1,0.2,0.2,0.2,0.2,0.2,-0.2,0.2,0.2,0.2,0.1,0.2,0.2,0.2,0.1,0.2,0,0.2,0.2,0.2,0.2,0.2,0.3,0.2,0.2,0.2,0.1,0.2,0.2,0.2,0.2,0.2,0.2,0.1,0
0.000163,0.2,0.2,0.2,0.2,0.2,0.2,0.2,0.2,0.2,0.2,0.1,0,0.2,0.2,0.2,0.2,0.2,0.1,0.2,0.2,0.2,-0.6,0.1,0.2,0.2,0.2,0.2,0.2,0.2,0.2,0.2,-2.07,0.2,0.1,0.2,0.2,0.2,0.2,0.2,0.2,0.1,-3.31,0.2,0.2,0.1,0.2,0.1,0.2,0.2,0.1,0.2,-3.25,0.2,0.2,0.2,0.2,0.2,0.2,0.2,0.2,0.3,-1.4,0.2,0.2,0.2,0.2,0.2,0.2,0.3,0.1,0.2,-0.1,0.1,0.2,0.2,0.2,0.2,0.2,0.2,0.1,0.1,0.1,0.2,0.2,0.2,0.2,0.1,0.1,0.2,0.2,0.2,0.1,0.2,0.2,0.2,0.2,0.2,0.2,0.1,0
0.000163,0.2,0.2,0.2,0.2,0.2,0.2,0.2,0.2,0.2,0.2,0.2,-0.1,0.2,0.1,0.2,0.2,0.2,0.2,0.2,0.2,0.2,-0.7,0.2,0.2,0.2,0.2,0.2,0.2,0.2,0.2,0.2,-2.17,0.2,0.2,0.3,0.2,0.2,0.2,0.2,0.2,0.3,-3.31,0.2,0.2,0.1,0.2,0.2,0.2,0.2,0.2,0.2,-3.25,0.2,0.2,0.2,0.2,0.2,0.2,0.2,0.2,0.2,-1.4,0.2,0.1,0.2,0.3,0.1,0.2,0.2,0.3,0.2,-0.2,0.1,0.2,0.3,0.2,0.2,0.2,0.2,0.2,0.1,0,0.1,0.1,0.2,0.1,0.2,0.2,0.2,0.2,0.2,0.1,0.2,0.2,0.2,0.2,0.1,0.2,0.1,0.1
0.000163,0.2,0.2,0.2,0.2,0.2,0.2,0.2,0.2,0.2,0.2,0.2,0,0.1,0.2,0.3,0.2,0.2,0.1,0.2,0.2,0.2,-0.7,0.2,0.2,0.2,0.2,0.2,0.2,0.2,0.2,0.2,-2.17,0.2,0.2,0.2,0.2,0.2,0.1,0.2,0.2,0.3,-3.31,0.1,0.2,0.2,0.1,0.2,0.3,0.1,0.2,0.2,-3.25,0.2,0.2,0.2,0.2,0.2,0.2,0.2,0.1,0.1,-1.3,0.2,0.2,0.2,0.1,0.2,0.2,0.2,0.2,0.2,-0.2,0.1,0.2,0.2,0.2,0.2,0.2,0.2,0.2,0.2,0.1,0.2,0.1,0.2,0.2,0.2,0.2,0.2,0.2,0.2,0.1,0.2,0.2,0.3,0.2,0.2,0.2,0.1,0.1
0.000163,0.3,0.2,0.1,0.2,0.2,0.2,0.2,0.2,0.2,0.2,0.2,0,0.1,0.1,0.2,0.3,0.2,0.2,0.2,0.2,0.2,-0.6,0.2,0.2,0.2,0.1,0.2,0.2,0.2,0.2,0.2,-2.26,0.2,0.2,0.1,0.2,0.2,0.3,0.2,0.2,0.1,-3.31,0.2,0.1,0.2,0.2,0.2,0.1,0.2,0.2,0.2,-3.25,0.2,0.2,0.2,0.1,0.1,0.2,0.2,0.2,0.2,-1.3,0.2,0.2,0.3,0.2,0.2,0.1,0.2,0.2,0.2,-0.3,0.2,0.2,0.2,0.3,0.2,0.2,0.2,0.2,0.3,0.1,0.2,0.1,0.3,0.2,0.2,0.2,0.1,0.1,0.2,0.1,0.2,0.2,0.1,0.2,0.2,0.2,0.1,0.1
0.000164,0.2,0.2,0.2,0.2,0.2,0.2,0.2,0.2,0.2,0.2,0.2,-0.1,0.1,0.2,0.2,0.2,0.2,0.3,0.2,0.2,0.2,-0.6,0.2,0.2,0.2,0.2,0.3,0.2,0.2,0.2,0.2,-2.3,0.2,0.2,0.2,0.2,0.3,0.2,0.2,0.2,0.1,-3.27,0.1,0.2,0.2,0.2,0.2,0.2,0.1,0.3,0.2,-3.25,0.2,0.2,0.1,0.2,0.2,0.2,0.2,0.2,0.2,-1.3,0.1,0.1,0.1,0.1,0.2,0.2,0.2,0.3,0.2,-0.3,0.2,0.1,0.3,0.2,0.2,0.2,0.1,0.2,0.2,0.1,0.2,0.2,0.1,0.2,0.1,0.2,0.2,0.2,0.2,0.2,0.2,0.2,0.2,0.2,0.2,0.2,0.1,0.1
0.000164,0.2,0.2,0.2,0.2,0.2,0.2,0.2,0.2,0.1,0.2,0.1,0,0.2,0.2,0.2,0.2,0.2,0.1,0.2,0.1,0.2,-0.6,0.2,0.2,0.1,0.2,0.2,0.2,0.2,0.3,0.2,-2.29,0.1,0.2,0.1,0.2,0.3,0.2,0.2,0.2,0.2,-3.31,0.2,0.2,0.2,0.1,0.2,0.2,0.1,0.1,0.2,-3.25,0.2,0.2,0.2,0.2,0.2,0.2,0.2,0.1,0.2,-1.4,0.2,0.2,0.2,0.2,0.1,0.2,0.1,0.2,0.1,-0.2,0.2,0.2,0.2,0.2,0.2,0.2,0.1,0.2,0.2,0.1,0.2,0.1,0.2,0.2,0.2,0.2,0.2,0.2,0.3,0.1,0.2,0.2,0.3,0.2,0.2,0.2,0.1,0.1
0.000164,0.2,0.2,0.2,0.2,0.2,0.1,0.1,0.2,0.3,0.2,0.2,-0.1,0.2,0.2,0.2,0.2,0.1,0.2,0.2,0.3,0.2,-0.6,0.2,0.2,0.2,0.2,0.1,0.2,0.2,0.2,0.2,-2.23,0.2,0.3,0.2,0.2,0.2,0.2,0.2,0.2,0.1,-3.27,0.2,0.3,0.2,0.2,0.2,0.2,0.3,0.2,0.2,-3.21,0.2,0.2,0.2,0.2,0.2,0.2,0.2,0.3,0.2,-1.4,0.2,0.2,0.2,0.2,0.2,0.2,0.2,0.2,0.2,-0.3,0.2,0.1,0.2,0.2,0.1,0.1,0.2,0.1,0.2,0,0.2,0.2,0.2,0.2,0.2,0.2,0.2,0.1,0.2,0.1,0.1,0.1,0.2,0.2,0.2,0.2,0.2,0
0.000164,0.2,0.2,0.2,0.2,0.2,0.2,0.2,0.2,0.2,0.2,0.2,-0.1,0.2,0.2,0.2,0.2,0.2,0.1,0.2,0.2,0.2,-0.6,0.1,0.2,0.2,0.1,0.2,0.2,0.2,0.1,0.2,-2.37,0.3,0.1,0.2,0.3,0.2,0.3,0.2,0.1,0.2,-3.22,0.2,0.3,0.2,0.2,0.2,0.2,0.2,0.2,0.3,-3.25,0.2,0.2,0.2,0.2,0.2,0.2,0.3,0.1,0.2,-1.4,0.2,0.2,0.1,0.1,0.2,0.2,0.2,0.2,0.2,-0.2,0.2,0.2,0.2,0.2,0.2,0.2,0.2,0.2,0.2,-0.1,0.2,0.1,0.2,0.2,0.2,0.2,0.2,0.3,0.2,0.1,0.2,0.2,0.2,0.2,0.3,0.2,0.2,0.1
0.000164,0.3,0.1,0.3,0.2,0.3,0.1,0.2,0.3,0.2,0.2,0.2,-0.1,0.1,0.2,0.2,0.2,0.2,0.2,0.2,0.2,0.2,-0.6,0.2,0.2,0.3,0.2,0.2,0.2,0.1,0.2,0.2,-2.37,0.1,0.1,0.2,0.2,0.1,0.3,0.2,0.2,0.2,-3.27,0.2,0.1,0.2,0.2,0.2,0.1,0.2,0.2,0.1,-3.15,0.2,0.3,0.2,0.2,0.2,0.2,0.1,0.2,0.2,-1.4,0.1,0.3,0.2,0.1,0.2,0.2,0.2,0.2,0.1,-0.1,0.2,0.2,0.2,0.3,0.1,0.2,0.2,0.2,0.1,0,0.2,0.1,0.2,0.2,0.2,0.3,0.2,0.1,0.2,0.1,0.2,0.2,0.2,0.2,0.2,0.2,0.2,0.1
0.000165,0.2,0.2,0.2,0.2,0.2,0.1,0.2,0.2,0.2,0.1,0.2,0,0.3,0.2,0.2,0.2,0.2,0.3,0.2,0.1,0.2,-0.6,0.1,0.2,0.2,0.2,0.2,0.2,0.2,0.2,0.2,-2.27,0.2,0.2,0.2,0.2,0.2,0.2,0.3,0.1,0.2,-3.22,0.2,0.2,0.2,0.1,0.2,0.2,0.2,0.2,0.2,-3.25,0.1,0.1,0.2,0.2,0.2,0.2,0.2,0.2,0.2,-1.5,0.2,0.2,0.2,0.2,0.3,0.2,0.2,0.3,0.2,-0.2,0.1,0.2,0.2,0.2,0.2,0.2,0.2,0.2,0.2,-0.1,0.3,0.3,0.3,0.2,0.2,0.2,0.2,0.2,0.2,0.1,0.1,0.2,0.2,0.3,0.1,0.2,0.2,-0.1
0.000165,0.2,0.3,0.2,0.1,0.2,0.2,0.3,0.2,0.1,0.2,0.2,0,0.2,0.2,0.2,0.2,0.3,0.2,0.2,0.2,0.2,-0.6,0.2,0.2,0.2,0.2,0.2,0.2,0.2,0.2,0.2,-2.37,0.2,0.2,0.2,0.2,0.2,0.2,0.2,0.2,0.2,-3.27,0.2,0.2,0.2,0.1,0.2,0.2,0.2,0.2,0.2,-3.21,0.2,0.1,0.2,0.2,0.2,0.2,0.2,0.2,0.2,-1.4,0.2,0.2,0.2,0.2,0.2,0.2,0.2,0.2,0.2,-0.2,0.2,0.2,0.1,0.1,0.2,0.1,0.2,0.2,0.2,0,0.2,0.1,0.2,0.2,0.2,0.2,0.2,0.1,0.2,0.1,0.1,0.2,0.2,0.2,0.2,0.1,0.2,-0.1
0.000165,0.2,0.2,0.2,0.2,0.2,0.2,0.1,0.2,0.2,0.2,0.2,0,0.2,0.2,0.2,0.2,0.2,0.2,0.2,0.3,0.2,-0.6,0.2,0.2,0.1,0.2,0.1,0.2,0.2,0.2,0.1,-2.33,0.2,0.2,0.2,0.2,0.2,0.2,0.2,0.2,0.2,-3.32,0.2,0.3,0.2,0.2,0.2,0.2,0.2,0.2,0.2,-3.21,0.2,0.2,0.2,0.2,0.2,0.2,0.2,0.2,0.1,-1.4,0.2,0.2,0.2,0.3,0.2,0.1,0.2,0.2,0.2,-0.2,0.2,0.2,0.2,0.2,0.2,0.1,0.2,0.2,0.2,0,0.2,0.1,0.2,0.2,0.2,0.2,0.2,0.4,0.2,0,0.2,0.3,0.2,0.2,0.3,0.1,0.1,-0.1
0.000165,0.2,0.2,0.1,0.2,0.2,0.2,0.2,0.2,0.3,0.2,0.2,0,0.1,0.2,0.2,0.2,0.2,0.2,0.1,0.2,0.2,-0.5,0.2,0.2,0.2,0.1,0.2,0.2,0.1,0.2,0.2,-2.29,0.1,0.2,0.2,0.2,0.2,0.2,0.2,0.2,0.1,-3.32,0.2,0.2,0.2,0.2,0.2,0.1,0.2,0.2,0.2,-3.21,0.2,0.2,0.2,0.2,0.3,0.2,0.2,0.2,0.2,-1.4,0.2,0.2,0.1,0.2,0.2,0.3,0.1,0.2,0.3,-0.2,0.2,0.2,0.2,0.1,0.2,0.1,0.2,0.2,0.2,0,0.2,0.2,0.2,0.2,0.1,0.2,0.2,0.2,0.1,0,0.2,0.2,0.3,0.2,0.2,0.2,0.1,0
0.000165,0.3,0.2,0.2,0.2,0.2,0.3,0.2,0.2,0.1,0.2,0.2,0,0.2,0.3,0.2,0.2,0.3,0.1,0.1,0.2,0.2,-0.6,0.2,0.2,0.2,0.2,0.1,0.2,0.2,0.2,0.2,-2.39,0.2,0.3,0.2,0.2,0.2,0.2,0.1,0.2,0.2,-3.28,0.2,0.2,0.2,0.2,0.3,0.2,0.2,0.2,0.2,-3.21,0.2,0.3,0.2,0.3,0.2,0.2,0.3,0.2,0.1,-1.3,0.2,0.2,0.2,0.1,0.2,0.3,0.2,0.1,0.2,-0.2,0.2,0.2,0.2,0.2,0.1,0.2,0.1,0.2,0.2,0.1,0.2,0.2,0.2,0.2,0.1,0.2,0.2,0.2,0.2,0.1,0.2,0.2,0.2,0.2,0.1,0.2,0.1,0
0.000166,0.2,0.2,0.2,0.2,0.1,0.2,0.2,0.2,0.1,0.3,0.2,0,0.1,0.2,0.2,0.2,0.2,0.2,0.2,0.2,0.2,-0.6,0.2,0.2,0.2,0.2,0.2,0.1,0.2,0.1,0.2,-2.24,0.2,0.2,0.2,0.2,0.2,0.2,0.2,0.2,0.2,-3.27,0.2,0.3,0.2,0.1,0.1,0.2,0.2,0.2,0.2,-3.06,0.2,0.2,0.2,0.2,0.3,0.1,0.2,0.1,0.2,-1.2,0.2,0.2,0.2,0.2,0.3,0.2,0.3,0.3,0.1,-0.3,0.2,0.2,0.2,0.3,0.1,0.1,0.2,0.2,0.3,0,0.2,0.1,0.2,0.2,0.2,0.2,0.2,0.2,0.2,0.1,0.2,0.1,0.2,0.2,0.2,0.2,0.1,0.1
0.000166,0.2,0.2,0.2,0.2,0.2,0.2,0.2,0.2,0.2,0.2,0.2,0,0.2,0.2,0.1,0.1,0.2,0.2,0.1,0.2,0.3,-0.6,0.1,0.2,0.3,0.2,0.2,0.2,0.2,0.2,0.2,-2.24,0.2,0.2,0.2,0.2,0.2,0.2,0.2,0.2,0.1,-3.32,0.2,0.2,0.2,0.2,0.1,0.2,0.2,0.1,0.2,-3.21,0.2,0.2,0.2,0.2,0.2,0.3,0.2,0.2,0.2,-1.2,0.2,0.1,0.3,0.2,0.2,0.2,0.2,0.2,0.2,-0.3,0.1,0.2,0.2,0.2,0.1,0.2,0.2,0.2,0.2,0.1,0.2,0.2,0.2,0.2,0.2,0.2,0.2,0.1,0.2,0.1,0.2,0.1,0.2,0.2,0.1,0.2,0.1,0
0.000166,0.2,0.2,0.2,0.1,0.2,0.2,0.1,0.2,0.1,0.2,0.1,-0.1,0.2,0.2,0.2,0.2,0.2,0.2,0.2,0.2,0.2,-0.7,0.2,0.2,0.2,0.2,0.2,0.2,0.2,0.2,0.2,-2.24,0.2,0.1,0.2,0.2,0.2,0.2,0.2,0.2,0.3,-3.22,0.2,0.1,0.2,0.2,0.3,0.2,0.2,0.2,0.2,-3.21,0.2,0.2,0.2,0.1,0.2,0.2,0.2,0.2,0.2,-1.3,0.2,0.2,0.1,0.2,0.2,0.1,0.2,0.2,0.2,-0.2,0.2,0.2,0.2,0.2,0.2,0.1,0.2,0.1,0.2,0.1,0.2,0.2,0.1,0.1,0.2,0.2,0.1,0.2,0.1,0.1,0.2,0.2,0.2,0.2,0.3,0.2,0.1,0.1
0.000166,0.2,0.2,0.1,0.2,0.2,0.2,0.3,0.2,0.1,0.2,0.1,-0.1,0.2,0.2,0.2,0.2,0.2,0.2,0.2,0.2,0.2,-0.6,0.2,0.2,0.2,0.2,0.2,0.2,0.2,0.2,0.2,-2.29,0.2,0.2,0.1,0.2,0.2,0.2,0.1,0.2,0.2,-3.32,0.1,0.2,0.2,0.2,0.2,0.2,0.2,0.2,0.2,-3.16,0.2,0.2,0.1,0.2,0.2,0.2,0.2,0.2,0.2,-1.2,0.2,0.2,0.2,0.2,0.3,0.2,0.3,0.2,0.2,-0.2,0.1,0.2,0.2,0.2,0.2,0.2,0.2,0.2,0.2,0.1,0.2,0.2,0.1,0.2,0.1,0.2,0.2,0.2,0.2,0,0.2,0.2,0.1,0.2,0.2,0.3,0.1,0.1
0.000166,0.2,0.2,0.2,0.3,0.3,0.2,0.1,0.1,0.2,0.2,0.2,-0.1,0.1,0.2,0.2,0.2,0.2,0.2,0.2,0.3,0.2,-0.7,0.2,0.2,0.2,0.2,0.2,0.2,0.1,0.2,0.2,-2.24,0.1,0.2,0.2,0.2,0.2,0.2,0.2,0.2,0.2,-3.22,0.2,0.2,0.2,0.1,0.1,0.2,0.2,0.2,0.2,-3.12,0.1,0.3,0.1,0.2,0.3,0.2,0.1,0.2,0.2,-1.3,0.2,0.2,0.2,0.2,0.2,0.2,0.2,0.2,0.2,-0.2,0.2,0.2,0.2,0.2,0.2,0.2,0.2,0.2,0.2,0.1,0.2,0.2,0.2,0.2,0.2,0.2,0.3,0.2,0.2,0.1,0.1,0.2,0.2,0.1,0.2,0.2,0.1,0.1
0.000167,0.2,0.2,0.1,0.1,0.2,0.2,0.2,0.1,0.2,0.2,0.1,-0.1,0.2,0.2,0.3,0.2,0.2,0.1,0.2,0.2,0.1,-0.5,0.1,0.2,0.2,0.2,0.2,0.1,0.2,0.2,0.2,-2.29,0.2,0.2,0.2,0.2,0.1,0.1,0.2,0.2,0.2,-3.27,0.2,0.2,0.2,0.1,0.2,0.2,0.2,0.1,0.2,-3.06,0.1,0.2,0.1,0.2,0.2,0.2,0.2,0.2,0.2,-1.4,0.2,0.2,0.2,0.3,0.2,0.2,0.3,0.2,0.2,-0.2,0.2,0.2,0.3,0.2,0.1,0.2,0.3,0.2,0.2,0.1,0.2,0.2,0.2,0.2,0.2,0.2,0.3,0.3,0.2,0,0.2,0.2,0.2,0.3,0.2,0.2,0.1,0.1
0.000167,0.2,0.2,0.2,0.1,0.2,0.2,0.2,0.1,0.1,0.2,0.2,0,0.2,0.2,0.2,0.2,0.2,0.1,0.2,0.2,0.2,-0.5,0.2,0.2,0.1,0.2,0.1,0.2,0.2,0.2,0.3,-2.33,0.2,0.2,0.2,0.1,0.1,0.2,0.2,0.2,0.2,-3.27,0.2,0.2,0.2,0.1,0.2,0.2,0.1,0.2,0.2,-3.16,0.2,0.1,0.2,0.2,0.2,0.2,0.1,0.2,0.2,-1.4,0.3,0.2,0.2,0.2,0.2,0.1,0.2,0.1,0.2,-0.3,0.2,0.1,0.1,0.2,0.2,0.2,0.1,0.2,0.2,0,0.2,0.1,0.2,0.2,0.2,0.2,0.2,0.2,0.2,0.1,0.2,0.2,0.2,0.2,0.2,0.2,0.3,-0.1
0.000167,0.2,0.2,0.2,0.3,0.2,0.2,0.2,0.2,0.2,0.1,0.3,0,0.2,0.2,0.2,0.2,0.2,0.2,0.2,0.1,0.2,-0.5,0.2,0.2,0.2,0.3,0.2,0.2,0.2,0.2,0.2,-2.29,0.1,0.2,0.2,0.2,0.2,0.2,0.2,0.2,0.2,-3.22,0.1,0.2,0.3,0.2,0.2,0.2,0.2,0.2,0.1,-2.98,0.2,0.2,0.2,0.2,0.3,0.1,0.2,0.2,0.2,-1.5,0.2,0.2,0.2,0.2,0.2,0.2,0.1,0.2,0.2,-0.3,0.2,0.2,0.2,0.3,0.2,0.2,0.2,0.2,0.2,0,0.2,0.2,0.1,0.2,0.2,0.1,0.2,0.2,0.2,0.1,0.2,0.2,0.2,0.2,0.1,0.2,0.2,0
0.000167,0.2,0.2,0.2,0.2,0.2,0.2,0.2,0.1,0.2,0.2,0.2,0,0.2,0.1,0.2,0.2,0.2,0.1,0.2,0.2,0.2,-0.5,0.1,0.1,0.2,0.2,0.2,0.2,0.2,0.2,0.2,-2.23,0.2,0.3,0.2,0.2,0.3,0.2,0.2,0.2,0.2,-3.22,0.2,0.3,0.2,0.2,0.2,0.2,0.2,0.1,0.1,-3.12,0.3,0.2,0.2,0.2,0.2,0.2,0.2,0.2,0.2,-1.4,0.1,0.3,0.2,0.1,0.3,0.2,0.2,0.2,0.2,-0.3,0.2,0.2,0.2,0.2,0.2,0.1,0.1,0.2,0.2,0,0.2,0.1,0.2,0.1,0.2,0.2,0.1,0.2,0.1,0.1,0.2,0.1,0.2,0.2,0.2,0.2,0.2,0
0.000167,0.2,0.2,0.1,0.2,0.2,0.2,0.2,0.1,0.1,0.2,0.2,0,0.2,0.2,0.2,0.2,0.3,0.2,0.2,0.3,0.2,-0.5,0.2,0.2,0.2,0.2,0.2,0.2,0.2,0.2,0.2,-2.33,0.2,0.2,0.2,0.2,0.1,0.2,0.1,0.1,0.1,-3.28,0.2,0.1,0.2,0.2,0.1,0.2,0.2,0.2,0.1,-3.08,0.2,0.2,0.2,0.2,0.2,0.2,0.2,0.1,0.2,-1.3,0.2,0.2,0.2,0.1,0.2,0.2,0.2,0.2,0.2,-0.2,0.2,0.2,0.1,0.2,0.2,0.2,0.3,0.2,0.2,0,0.2,0.2,0.2,0.1,0.2,0.2,0.3,0.2,0.2,0.2,0.1,0.2,0.2,0.2,0.2,0.2,0.2,0
0.000168,0.2,0.2,0.2,0.1,0.2,0.2,0.2,0.2,0.1,0.2,0.2,0,0.2,0.2,0.2,0.2,0.2,0.2,0.2,0.2,0.2,-0.7,0.2,0.2,0.2,0.1,0.1,0.2,0.1,0.2,0.1,-2.23,0.3,0.2,0.2,0.2,0.3,0.2,0.2,0.1,0.2,-3.32,0.3,0.2,0.2,0.2,0.2,0.2,0.2,0.2,0.1,-3.08,0.2,0.2,0.2,0.2,0.2,0.1,0.2,0.2,0.1,-1.4,0.2,0.2,0.3,0.3,0.1,0.2,0.1,0.2,0.2,-0.2,0.2,0.1,0.2,0.2,0.2,0.1,0.2,0.2,0.2,-0.1,0.2,0.1,0.2,0.2,0.1,0.2,0.2,0.3,0.2,0.1,0.2,0.2,0.2,0.2,0.2,0.2,0.2,0.1
0.000168,0.2,0.2,0.2,0.2,0.2,0.2,0.2,0.2,0.2,0.2,0.1,0.1,0.2,0.1,0.2,0.2,0.2,0.3,0.1,0.2,0.2,-0.7,0.2,0.2,0.2,0.2,0.3,0.2,0.1,0.2,0.1,-2.24,0.2,0.2,0.2,0.2,0.2,0.2,0.2,0.1,0.2,-3.28,0.1,0.2,0.2,0.2,0.2,0.2,0.3,0.2,0.2,-3.08,0.2,0.2,0.1,0.2,0.1,0.2,0.1,0.2,0.2,-1.3,0.2,0.1,0.2,0.2,0.1,0.2,0.2,0.2,0.2,-0.1,0.2,0.2,0.2,0.2,0.1,0.2,0.3,0.1,0.2,0,0.2,0.2,0.2,0.2,0.2,0.2,0.2,0.2,0.2,0.3,0.2,0.2,0.2,0.2,0.2,0.1,0.3,0
0.000168,0.2,0.2,0.2,0.2,0.3,0.2,0.1,0.2,0.2,0.2,0.1,0,0.2,0.2,0.1,0.2,0.3,0.2,0.2,0.2,0.2,-0.6,0.1,0.2,0.1,0.2,0.2,0.1,0.2,0.1,0.3,-2.29,0.2,0.2,0.3,0.2,0.2,0.2,0.2,0.2,0.2,-3.22,0.3,0.1,0.1,0.1,0.2,0.2,0.2,0.1,0.2,-3.03,0.2,0.2,0.2,0.1,0.2,0.2,0.1,0.2,0.2,-1.2,0.2,0.1,0.2,0.3,0.2,0.2,0.2,0.2,0.1,-0.2,0.2,0.2,0.3,0.3,0.1,0.2,0.3,0.2,0.2,0.1,0.2,0.2,0.1,0.1,0.2,0.1,0.2,0.2,0.2,0.3,0.2,0.1,0.2,0.2,0.2,0.1,0.3,0.1
0.000168,0.2,0.1,0.2,0.2,0.2,0.2,0.2,0.2,0.1,0.2,0.3,0.1,0.2,0.2,0.2,0.2,0.2,0.1,0.2,0.2,0.2,-0.6,0.2,0.2,0.1,0.2,0.3,0.1,0.1,0.2,0.2,-2.2,0.1,0.3,0.1,0.3,0.2,0.2,0.2,0.2,0.1,-3.24,0.2,0.2,0.2,0.2,0.2,0.2,0.2,0.2,0.1,-3.08,0.1,0.3,0.2,0.2,0.2,0.1,0.2,0.2,0.1,-1.3,0.2,0.2,0.2,0.2,0.1,0.2,0.2,0.1,0.2,0,0.1,0.2,0.2,0.3,0.3,0.1,0.1,0.1,0.1,0.1,0.1,0.2,0.2,0.2,0.1,0.2,0.2,0.2,0.2,0.2,0.2,0.2,0.2,0.1,0.1,0.2,0.2,0.1
0.000168,0.3,0.2,0.2,0.2,0.2,0.2,0.2,0.1,0.2,0.2,0.1,0.1,0.2,0.2,0.2,0.2,0.2,0.1,0.1,0.1,0.2,-0.7,0.2,0.2,0.2,0.2,0.2,0.3,0.2,0.2,0.2,-2.29,0.2,0.2,0.2,0.2,0.2,0.2,0.3,0.2,0.2,-3.14,0.2,0.1,0.2,0.2,0.1,0.2,0.2,0.3,0.3,-3.08,0.2,0.1,0.2,0.2,0.2,0.2,0.2,0.2,0.2,-1.2,0.2,0.2,0.1,0.2,0.2,0.2,0.3,0.2,0.2,-0.2,0.2,0.2,0.2,0.2,0.2,0.2,0.1,0.2,0.1,0.1,0.2,0.2,0.2,0.2,0.2,0.2,0.2,0.2,0.2,0.3,0.2,0.2,0.2,0.2,0.2,0.1,0.2,0.1
0.000169,0.2,0.3,0.2,0.2,0.2,0.2,0.2,0.1,0.2,0.2,0.2,0.1,0.3,0.2,0.1,0.2,0.2,0.2,0.2,0.2,0.2,-0.6,0.2,0.2,0.1,0.1,0.2,0.2,0.2,0.1,0.2,-2.29,0.2,0.2,0.2,0.2,0.2,0.2,0.2,0.2,0.3,-3.28,0.2,0.2,0.2,0.3,0.2,0.2,0.2,0.2,0.3,-3.12,0.1,0.2,0.2,0.2,0.2,0.2,0.2,0.2,0.2,-1.3,0.3,0.2,0.1,0.1,0.2,0.2,0.1,0.2,0.2,-0.1,0.2,0.1,0.2,0.2,0.1,0.2,0.2,0.2,0.2,0,0.2,0.2,0.2,0.1,0.2,0.2,0.2,0.2,0.1,0.2,0.1,0.2,0.1,0.2,0.3,0.1,0.1,0
0.000169,0.3,0.2,0.2,0.2,0.2,0.1,0.2,0.2,0.2,0.2,0.3,0,0.3,0.2,0.2,0.2,0.2,0.2,0.2,0.2,0.2,-0.6,0.2,0.1,0.2,0.2,0.2,0.2,0.2,0.2,0.2,-2.2,0.2,0.2,0.2,0.2,0.2,0.2,0.1,0.2,0.2,-3.28,0.2,0.2,0.2,0.1,0.1,0.2,0.2,0.2,0.2,-3.02,0.2,0.1,0.2,0.2,0.2,0.2,0.2,0.2,0.2,-1.3,0.2,0.2,0.2,0.2,0.2,0.3,0.2,0.2,0.2,-0.1,0.1,0.2,0.2,0.2,0.1,0.2,0.2,0.2,0.2,0,0.2,0.2,0.1,0.2,0.2,0.2,0.2,0.2,0.1,0.1,0.2,0.1,0.2,0.3,0.2,0.2,0.2,0
0.000169,0.3,0.2,0.2,0.2,0.1,0.3,0.1,0.2,0.2,0.2,0.2,-0.1,0.2,0.1,0.2,0.1,0.2,0.2,0.1,0.2,0.2,-0.6,0.2,0.2,0.2,0.2,0.2,0.1,0.2,0.1,0.2,-2.2,0.1,0.2,0.2,0.2,0.2,0.2,0.2,0.1,0.2,-3.18,0.2,0.2,0.1,0.2,0.1,0.2,0.2,0.2,0.2,-3.02,0.2,0.2,0.2,0.2,0.2,0.1,0.2,0.2,0.1,-1.2,0.2,0.2,0.2,0.2,0.2,0.2,0.2,0.3,0.2,-0.2,0.2,0.3,0.3,0.2,0.2,0.2,0.2,0.2,0.2,0,0.2,0.2,0.2,0.2,0.2,0.2,0.2,0.1,0.2,0,0.2,0.1,0.1,0.2,0.2,0.1,0.2,0
0.000169,0.3,0.1,0.2,0.2,0.1,0.2,0.2,0.3,0.1,0.2,0.2,-0.1,0.2,0.2,0.2,0.2,0.2,0.2,0.2,0.2,0.2,-0.6,0.2,0.2,0.2,0.2,0.1,0.2,0.2,0.2,0.2,-2.29,0.2,0.2,0.2,0.2,0.1,0.2,0.1,0.2,0.2,-3.14,0.1,0.2,0.1,0.2,0.2,0.1,0.3,0.2,0.2,-3.02,0.1,0.2,0.2,0.1,0.2,0.2,0.2,0.2,0.2,-1.2,0.2,0.1,0.1,0.1,0.2,0.1,0.1,0.1,0.2,-0.1,0.3,0.2,0.2,0.2,0.2,0.2,0.2,0.2,0.2,0.1,0.2,0.2,0.2,0.2,0.1,0.1,0.2,0.1,0.2,0,0.2,0.2,0.1,0.2,0.2,0.2,0.3,0
0.000169,0.3,0.2,0.2,0.1,0.2,0.2,0.2,0.1,0.2,0.2,0.2,0,0.1,0.2,0.2,0.2,0.2,0.2,0.2,0.2,0.1,-0.5,0.2,0.2,0.2,0.2,0.2,0.2,0.1,0.2,0.2,-2.14,0.2,0.2,0.2,0.2,0.2,0.2,0.1,0.1,0.2,-3.14,0.1,0.2,0.2,0.2,0.2,0.2,0.2,0.2,0.2,-2.98,0.2,0.2,0.2,0.2,0.2,0.2,0.2,0.1,0.2,-1.2,0.2,0.2,0.2,0.2,0.2,0.1,0.2,0.2,0.2,-0.2,0.2,0.2,0.1,0.2,0.2,0.2,0.3,0.2,0.2,0,0.2,0.2,0.1,0.1,0.2,0.2,0.2,0.2,0.1,0,0.1,0.1,0.2,0.2,0.1,0.2,0.3,0
0.00017,0.2,0.2,0.2,0.1,0.1,0.2,0.2,0.2,0.2,0.2,0.2,0,0.2,0.2,0.2,0.2,0.2,0.2,0.2,0.2,0.2,-0.5,0.2,0.2,0.1,0.2,0.2,0.2,0.1,0.2,0.2,-2.24,0.1,0.2,0.2,0.2,0.2,0.2,0.2,0.2,0.2,-3.24,0.2,0.2,0.3,0.2,0.2,0.2,0.2,0.2,0.2,-2.93,0.2,0.2,0.1,0.2,0.2,0.2,0.2,0.2,0.2,-1.3,0.1,0.3,0.1,0.2,0.2,0.2,0.1,0.2,0.2,-0.2,0.2,0.2,0.2,0.2,0.2,0.2,0.2,0.2,0.1,0.1,0.2,0.1,0.1,0.2,0.1,0.2,0.2,0.2,0.2,-0.1,0.2,0.2,0.2,0.2,0.2,0.2,0.3,0
0.00017,0.2,0.2,0.2,0.2,0.1,0.2,0.2,0.3,0.3,0.2,0.2,-0.1,0.2,0.1,0.2,0.1,0.2,0.2,0.1,0.2,0.2,-0.5,0.2,0.1,0.1,0.2,0.1,0.1,0.2,0.2,0.1,-2.24,0.2,0.3,0.2,0.2,0.2,0.1,0.1,0.2,0.2,-3.24,0.2,0.2,0.2,0.2,0.2,0.2,0.2,0.2,0.2,-3.03,0.2,0.1,0.2,0.2,0.2,0.2,0.1,0.2,0.1,-1.4,0.2,0.2,0.2,0.2,0.2,0.1,0.1,0.3,0.2,-0.2,0.1,0.1,0.2,0.2,0.2,0.2,0.2,0.2,0.2,0.1,0.2,0.2,0.2,0.2,0.2,0.2,0.3,0.2,0.2,0.1,0.2,0.1,0.1,0.2,0.1,0.2,0.3,0.1
0.00017,0.2,0.1,0.2,0.2,0.1,0.2,0.1,0.2,0.2,0.1,0.2,0,0.1,0.2,0.2,0.2,0.2,0.2,0.2,0.2,0.2,-0.4,0.1,0.2,0.2,0.2,0.2,0.1,0.2,0.1,0.2,-2.2,0.2,0.2,0.1,0.2,0.3,0.2,0.2,0.2,0.2,-3.09,0.1,0.2,0.2,0.2,0.2,0.2,0.2,0.2,0.1,-3.03,0.2,0.2,0.2,0.2,0.2,0.2,0.1,0.2,0.2,-1.3,0.2,0.3,0.2,0.2,0.2,0.1,0.2,0.2,0.1,-0.1,0.2,0.2,0.2,0.2,0.2,0.2,0.2,0.2,0.2,0.1,0.2,0.3,0.2,0.2,0.2,0.2,0.2,0.1,0.2,0.1,0.1,0.2,0.2,0.2,0.2,0.2,0.4,0.2
0.00017,0.2,0.2,0.2,0.2,0.2,0.2,0.3,0.1,0.2,0.2,0.2,-0.1,0.2,0.2,0.2,0.2,0.1,0.3,0.2,0.2,0.2,-0.6,0.2,0.2,0.2,0.2,0.2,0.2,0.1,0.2,0.2,-2.16,0.2,0.2,0.2,0.2,0.2,0.2,0.1,0.2,0.2,-3.14,0.2,0.1,0.2,0.1,0.2,0.1,0.1,0.2,0.2,-2.95,0.3,0.3,0.2,0.1,0.2,0.2,0.2,0.1,0.2,-1.3,0.2,0.2,0.2,0.3,0.2,0.2,0.2,0.3,0.2,-0.2,0.1,0.2,0.2,0.2,0.1,0.1,0.2,0.2,0.2,0.1,0.3,0.2,0.2,0.2,0.2,0.2,0.2,0.2,0.1,0.1,0.2,0.2,0.1,0.2,0.1,0.2,0.1,0.2
0.00017,0.2,0.2,0.2,0.2,0.2,0.2,0.2,0.2,0.1,0.2,0.2,0.1,0.1,0.2,0.2,0.2,0.2,0.3,0.1,0.2,0.2,-0.5,0.2,0.2,0.2,0.2,0.1,0.1,0.2,0.2,0.1,-2.16,0.2,0.3,0.1,0.1,0.2,0.2,0.2,0.2,0.2,-3.14,0.2,0.2,0.1,0.2,0.2,0.2,0.2,0.2,0.2,-2.85,0.2,0.2,0.2,0.2,0.1,0.2,0.2,0.2,0.2,-1.3,0.2,0.2,0.2,0.2,0.2,0.3,0.3,0.2,0.2,0,0.2,0.1,0.2,0.3,0.2,0.2,0.2,0.2,0.1,0.1,0.1,0.2,0.1,0.2,0.2,0.1,0.2,0.2,0.2,0.2,0.2,0.2,0.2,0.2,0.2,0.2,0.2,0.1
0.000171,0.2,0.1,0.2,0.1,0.2,0.2,0.2,0.2,0.2,0.2,0.2,0,0.2,0.2,0.2,0.2,0.2,0.3,0.2,0.3,0.3,-0.6,0.2,0.2,0.2,0.2,0.2,0.2,0.2,0.2,0.2,-2.11,0.2,0.2,0.2,0.1,0.2,0.2,0.2,0.2,0.2,-3.09,0.2,0.2,0.2,0.1,0.2,0.2,0.1,0.2,0.1,-2.95,0.1,0.2,0.2,0.3,0.2,0.2,0.2,0.2,0.3,-1.3,0.2,0.2,0.2,0.2,0.2,0.2,0.2,0.2,0.1,-0.1,0.2,0.2,0.2,0.2,0.2,0.2,0.2,0.1,0.1,0.1,0.2,0.2,0.3,0.2,0.2,0.2,0.2,0.2,0.1,0.2,0.2,0.1,0.1,0.2,0.2,0.2,0.2,0.2
0.000171,0.2,0.2,0.2,0.2,0.2,0.2,0.2,0.2,0.2,0.3,0.1,0,0.1,0.2,0.2,0.2,0.2,0.2,0.2,0.1,0.2,-0.6,0.2,0.2,0.2,0.2,0.2,0.2,0.3,0.2,0.2,-2.2,0.2,0.2,0.2,0.2,0.2,0.2,0.2,0.2,0.1,-3.09,0.3,0.2,0.2,0.2,0.1,0.2,0.2,0.2,0.3,-2.9,0.1,0.2,0.2,0.2,0.2,0.2,0.2,0.2,0.2,-1.2,0.2,0.3,0.1,0.2,0.2,0.2,0.2,0.3,0.2,0,0.1,0.3,0.1,0.2,0.2,0.1,0.1,0.2,0.2,0.1,0.2,0.2,0.3,0.2,0.1,0.2,0.2,0.2,0.1,0.2,0.2,0.1,0.2,0.2,0.2,0.1,0.1,0.1
0.000171,0.2,0.2,0.1,0.1,0.2,0.1,0.2,0.3,0.3,0.2,0.3,0,0.2,0.3,0.2,0.1,0.2,0.3,0.2,0.2,0.2,-0.6,0.2,0.2,0.2,0.2,0.2,0.1,0.2,0.1,0.2,-2.11,0.2,0.2,0.1,0.2,0.2,0.2,0.2,0.2,0.2,-3.09,0.2,0.2,0.2,0.2,0.2,0.2,0.2,0.2,0.2,-2.9,0.2,0.2,0.3,0.2,0.2,0.2,0.1,0.2,0.2,-1.2,0.2,0.2,0.2,0.2,0.1,0.2,0.2,0.2,0.1,0,0.3,0.2,0.1,0.3,0.2,0.2,0.1,0.2,0.1,0.1,0.2,0.1,0.2,0.2,0.1,0.2,0.2,0.2,0.2,0.2,0.2,0.1,0.2,0.2,0.2,0.1,0.1,0.1
0.000171,0.2,0.1,0.2,0.2,0.2,0.2,0.2,0.1,0.2,0.2,0.2,0,0.2,0.2,0.2,0.1,0.2,0.2,0.2,0.1,0.1,-0.7,0.2,0.2,0.2,0.3,0.2,0.2,0.2,0.2,0.2,-2.16,0.2,0.2,0.2,0.1,0.2,0.2,0.2,0.3,0.2,-3.09,0.1,0.3,0.2,0.2,0.1,0.2,0.2,0.2,0.3,-2.9,0.3,0.2,0.2,0.2,0.2,0.2,0.2,0.1,0.2,-1.2,0.2,0.2,0.2,0.2,0.2,0.2,0.2,0.2,0.2,-0.1,0.2,0.2,0.2,0.2,0.2,0.2,0.2,0.3,0.2,0,0.2,0.2,0.2,0.2,0.2,0.2,0.1,0.1,0.2,0.1,0.2,0.1,0.1,0.2,0.2,0.2,0.2,0
0.000171,0.2,0.2,0.1,0.2,0.3,0.2,0.2,0.3,0.2,0.1,0.2,0,0.2,0.2,0.1,0.2,0.2,0.2,0.2,0.2,0.2,-0.6,0.1,0.1,0.2,0.1,0.2,0.1,0.2,0.2,0.3,-2.16,0.1,0.3,0.2,0.2,0.2,0.2,0.2,0.1,0.3,-3.19,0.1,0.2,0.2,0.2,0.2,0.2,0.2,0.2,0.2,-2.9,0.2,0.1,0.2,0.2,0.1,0.2,0.2,0.2,0.2,-1.3,0.2,0.2,0.2,0.2,0.2,0.1,0.2,0.2,0.2,0,0.2,0.2,0.2,0.2,0.2,0.2,0.3,0.2,0.2,0.1,0.2,0.2,0.2,0.2,0.2,0.2,0.2,0.2,0.2,0.1,0.2,0.2,0.1,0.2,0.2,0.2,0.3,0
0.000172,0.3,0.2,0.2,0.1,0.2,0.2,0.3,0.2,0.1,0.2,0.2,-0.1,0.3,0.2,0.2,0.2,0.2,0.2,0.3,0.2,0.2,-0.6,0.2,0.1,0.2,0.2,0.2,0.2,0.2,0.2,0.2,-2.16,0.2,0.2,0.3,0.2,0.2,0.2,0.2,0.1,0.2,-3.01,0.1,0.2,0.2,0.2,0.2,0.2,0.2,0.2,0.2,-2.85,0.1,0.2,0.2,0.1,0.2,0.2,0.3,0.1,0.2,-1.3,0.1,0.2,0.2,0.2,0.2,0.3,0.2,0.2,0.2,0,0.2,0.2,0.2,0.2,0.2,0.2,0.1,0.2,0.3,0,0.2,0.2,0.2,0.2,0.2,0.2,0.2,0.2,0.2,0.1,0.2,0.2,0.2,0.2,0.2,0.2,0.3,0
0.000172,0.2,0.3,0.2,0.2,0.2,0.3,0.2,0.2,0.2,0.1,0.2,-0.1,0.2,0.2,0.1,0.2,0.2,0.2,0.3,0.2,0.3,-0.6,0.3,0.1,0.1,0.2,0.2,0.2,0.2,0.2,0.2,-2.2,0.1,0.2,0.2,0.2,0.2,0.2,0.2,0.1,0.2,-2.96,0.2,0.3,0.2,0.1,0.2,0.1,0.2,0.2,0.1,-2.95,0.2,0.2,0.1,0.2,0.2,0.2,0.3,0.1,0.2,-1.2,0.2,0.2,0.2,0.2,0.2,0.2,0.2,0.2,0.2,-0.1,0.2,0.2,0.2,0.2,0.2,0.2,0.2,0.2,0.2,0,0.2,0.2,0.2,0.2,0.2,0.2,0.2,0.2,0.2,0,0.3,0.2,0.2,0.2,0.1,0.2,0.4,0
0.000172,0.2,0.2,0.1,0.2,0.2,0.1,0.2,0.2,0.2,0.2,0.2,0,0.2,0.2,0.2,0.3,0.2,0.2,0.2,0.1,0.2,-0.5,0.2,0.2,0.2,0.2,0.1,0.1,0.2,0.2,0.2,-2.2,0.2,0.2,0.2,0.2,0.2,0.2,0.2,0.2,0.2,-3.06,0.2,0.2,0.1,0.2,0.2,0.1,0.2,0.2,0.2,-2.95,0.1,0.2,0.2,0.3,0.2,0.2,0.2,0.1,0.2,-1.2,0.2,0.3,0.2,0.2,0.2,0.2,0.2,0.2,0.2,-0.1,0.2,0.2,0.2,0.2,0.2,0.1,0.2,0.2,0.2,0,0.2,0.1,0.1,0.1,0.1,0.2,0.2,0.3,0.1,0.1,0.2,0.2,0.2,0.1,0.1,0.2,0.3,0
0.000172,0.2,0.2,0.2,0.2,0.2,0.2,0.2,0.3,0.2,0.2,0.2,-0.1,0.2,0.2,0.3,0.2,0.2,0.2,0.2,0.2,0.2,-0.5,0.3,0.3,0.1,0.2,0.2,0.1,0.2,0.2,0.2,-2.16,0.2,0.2,0.2,0.2,0.2,0.2,0.2,0.1,0.2,-3.06,0.2,0.2,0.1,0.2,0.2,0.2,0.2,0.2,0.2,-2.85,0.2,0.2,0.2,0.2,0.1,0.1,0.3,0.2,0.2,-1.3,0.2,0.2,0.1,0.3,0.2,0.2,0.2,0.2,0.2,-0.1,0.2,0.2,0.2,0.2,0.2,0.1,0.2,0.2,0.2,0,0.2,0.2,0.2,0.2,0.2,0.2,0.2,0.2,0.1,0,0.2,0.2,0.3,0.2,0.2,0.2,0.3,0
0.000172,0.2,0.3,0.2,0.2,0.2,0.2,0.2,0.2,0.2,0.2,0.2,0.1,0.2,0.2,0.2,0.3,0.2,0.2,0.1,0.2,0.2,-0.5,0.2,0.2,0.2,0.2,0.1,0.2,0.1,0.2,0.1,-2.11,0.2,0.2,0.2,0.1,0.2,0.2,0.2,0.2,0.2,-2.92,0.1,0.2,0.2,0.2,0.2,0.2,0.2,0.2,0.3,-2.85,0.2,0.2,0.2,0.2,0.2,0.2,0.1,0.1,0.2,-1.3,0.1,0.1,0.2,0.2,0.2,0.2,0.2,0.2,0.2,-0.1,0.1,0.2,0.2,0.1,0.3,0.2,0.2,0.3,0.1,-0.1,0.1,0.2,0.1,0.2,0.2,0.2,0.2,0.2,0.1,0,0.3,0.1,0.2,0.2,0.2,0.2,0.3,0
0.000173,0.3,0.2,0.2,0.2,0.2,0.2,0.3,0.2,0.2,0.1,0.1,0,0.2,0.1,0.1,0.2,0.2,0.2,0.2,0.2,0.2,-0.5,0.1,0.2,0.2,0.2,0.2,0.2,0.2,0.2,0.2,-2.11,0.2,0.2,0.2,0.2,0.2,0.2,0.2,0.2,0.2,-3.01,0.1,0.2,0.2,0.2,0.2,0.2,0.2,0.3,0.2,-2.9,0.2,0.1,0.1,0.2,0.2,0.2,0.2,0.1,0.1,-1.2,0.2,0.2,0.2,0.1,0.2,0.3,0.2,0.2,0.1,-0.1,0.2,0.1,0.2,0.2,0.2,0.2,0.2,0.2,0.2,0,0.2,0.2,0.2,0.1,0.2,0.2,0.1,0.1,0.1,0,0.2,0.2,0.1,0.2,0.2,0.2,0.3,0.1
0.000173,0.2,0.2,0.2,0.2,0.2,0.2,0.1,0.2,0.1,0.2,0.2,0,0.2,0.2,0.2,0.2,0.2,0.2,0.2,0.2,0.2,-0.5,0.1,0.2,0.2,0.3,0.2,0.2,0.1,0.2,0.2,-2.07,0.1,0.2,0.2,0.2,0.1,0.2,0.2,0.2,0.3,-3.05,0.3,0.2,0.2,0.1,0.2,0.2,0.2,0.2,0.2,-2.86,0.2,0.2,0.2,0.1,0.1,0.2,0.2,0.1,0.2,-1.2,0.2,0.1,0.2,0.2,0.2,0.2,0.2,0.2,0.2,-0.1,0.2,0.3,0.2,0.2,0.1,0.3,0.2,0.2,0.2,0.1,0.2,0.1,0.2,0.2,0.2,0.2,0.2,0.2,0.2,0.2,0.2,0.2,0.2,0.1,0.2,0.2,0.2,0.1
0.000173,0.2,0.2,0.2,0.2,0.2,0.2,0.2,0.2,0.2,0.1,0.2,0,0.1,0.1,0.1,0.1,0.2,0.1,0.2,0.2,0.2,-0.5,0.1,0.2,0.2,0.2,0.2,0.1,0.2,0.3,0.3,-2.07,0.2,0.1,0.2,0.1,0.1,0.2,0.1,0.2,0.3,-3.05,0.2,0.2,0.2,0.2,0.2,0.2,0.2,0.2,0.2,-2.82,0.2,0.2,0.2,0.2,0.2,0.2,0.1,0.3,0.1,-1.2,0.2,0.2,0.2,0.3,0.2,0.2,0.3,0.2,0.2,-0.1,0.2,0.2,0.2,0.1,0.2,0.3,0.2,0.2,0.3,0.1,0.1,0.2,0.2,0.2,0.2,0.2,0.2,0.2,0.2,0.1,0.2,0.2,0.2,0.2,0.2,0.2,0.2,0.1
0.000173,0.2,0.2,0.1,0.2,0.2,0.2,0.2,0.2,0.2,0.2,0.2,-0.1,0.2,0.2,0.2,0.2,0.2,0.2,0.2,0.2,0.2,-0.5,0.2,0.2,0.2,0.2,0.2,0.2,0.2,0.1,0.2,-2.11,0.2,0.2,0.3,0.2,0.2,0.2,0.2,0.2,0.2,-3.05,0.1,0.2,0.1,0.2,0.2,0.2,0.2,0.1,0.2,-2.76,0.2,0.2,0.2,0.2,0.2,0.2,0.2,0.1,0.2,-1.3,0.2,0.2,0.2,0.2,0.2,0.2,0.2,0.1,0.3,0,0.2,0.2,0.2,0.2,0.2,0.2,0.2,0.2,0.2,0.2,0.2,0.1,0.1,0.2,0.2,0.2,0.2,0.2,0.2,0.1,0.1,0.2,0.2,0.2,0.2,0.1,0.2,0
0.000173,0.2,0.2,0.3,0.1,0.2,0.3,0.1,0.3,0.2,0.2,0.2,-0.1,0.2,0.2,0.1,0.3,0.2,0.2,0.2,0.2,0.2,-0.5,0.2,0.2,0.2,0.2,0.2,0.3,0.2,0.2,0.2,-2.07,0.1,0.2,0.1,0.2,0.2,0.3,0.2,0.1,0.2,-2.96,0.2,0.3,0.2,0.1,0.2,0.2,0.2,0.3,0.2,-2.78,0.1,0.2,0.2,0.2,0.3,0.2,0.2,0.3,0.2,-1.2,0.1,0.2,0.3,0.1,0.2,0.2,0.2,0.2,0.2,-0.1,0.2,0.3,0.1,0.1,0.2,0.3,0.2,0.1,0.2,0.1,0.2,0.2,0.2,0.2,0.1,0.2,0.2,0.2,0.2,0.2,0.2,0.2,0.3,0.2,0.2,0.2,0.2,0.1
0.000174,0.2,0.2,0.2,0.1,0.2,0.2,0.2,0.2,0.1,0.2,0.2,0,0.2,0.2,0.2,0.2,0.2,0.1,0.2,0.2,0.2,-0.5,0.2,0.2,0.1,0.1,0.1,0.1,0.1,0.2,0.2,-2.07,0.1,0.1,0.1,0.2,0.2,0.2,0.2,0.2,0.2,-2.92,0.2,0.2,0.2,0.1,0.3,0.1,0.2,0.1,0.2,-2.72,0.2,0.1,0.2,0.2,0.2,0.2,0.2,0.2,0.2,-1.2,0.1,0.1,0.2,0.2,0.2,0.1,0.2,0.2,0.2,0,0.2,0.2,0.2,0.2,0.1,0.3,0.2,0.2,0.2,0.1,0.2,0.2,0.1,0.1,0.2,0.2,0.2,0.2,0.1,0.2,0.2,0.1,0.2,0.2,0.2,0.1,0.3,0
0.000174,0.2,0.2,0.2,0.1,0.2,0.3,0.2,0.1,0.2,0.2,0.2,0,0.1,0.2,0.2,0.2,0.2,0.2,0.2,0.2,0.1,-0.6,0.3,0.2,0.2,0.1,0.2,0.2,0.1,0.2,0.2,-2.07,0.2,0.2,0.2,0.2,0.2,0.3,0.2,0.2,0.2,-2.98,0.2,0.2,0.2,0.2,0.3,0.2,0.2,0.2,0.3,-2.72,0.2,0.1,0.2,0.1,0.2,0.2,0.2,0.2,0.2,-1.2,0.1,0.2,0.1,0.2,0.2,0.2,0.2,0.2,0.1,0,0.1,0.2,0.2,0.2,0.3,0.1,0.2,0.2,0.2,0,0.2,0.1,0.2,0.3,0.2,0.2,0.2,0.1,0.1,0.3,0.2,0.2,0.2,0.1,0.2,0.2,0.1,-0.1
0.000174,0.2,0.2,0.1,0.1,0.2,0.2,0.2,0.1,0.2,0.1,0.1,0,0.1,0.3,0.3,0.2,0.1,0.2,0.2,0.2,0.2,-0.7,0.2,0.1,0.1,0.2,0.3,0.2,0.1,0.2,0.2,-2.07,0.2,0.2,0.2,0.2,0.1,0.1,0.2,0.2,0.2,-2.93,0.2,0.2,0.1,0.2,0.1,0.2,0.1,0.2,0.2,-2.82,0.2,0.2,0.2,0.2,0.2,0.2,0.2,0.2,0.2,-1.2,0.1,0.2,0.2,0.2,0.1,0.2,0.2,0.2,0.1,0,0.2,0.2,0.2,0.2,0.2,0.2,0.2,0.2,0.1,0,0.1,0.2,0.2,0.3,0.3,0.1,0.2,0.2,0.2,0.3,0.2,0.2,0.1,0.2,0.2,0.2,0.1,-0.1
0.000174,0.2,0.2,0.2,0.1,0.2,0.1,0.2,0.1,0.2,0.2,0.2,0,0.2,0.2,0.2,0.2,0.1,0.2,0.2,0.1,0.1,-0.6,0.2,0.2,0.2,0.3,0.1,0.2,0.2,0.2,0.1,-2.11,0.2,0.3,0.1,0.2,0.2,0.2,0.2,0.3,0.3,-3.02,0.2,0.2,0.2,0.2,0.3,0.2,0.2,0.2,0.2,-2.78,0.2,0.2,0.2,0.1,0.2,0.2,0.2,0.2,0.2,-1.2,0.1,0.3,0.2,0.2,0.2,0.2,0.2,0.2,0.2,0,0.1,0.2,0.2,0.2,0.2,0.2,0.2,0.2,0.3,0,0.2,0.2,0.2,0.2,0.2,0.1,0.1,0.1,0.2,0.2,0.2,0.2,0.1,0.1,0.1,0.2,0.2,0
0.000174,0.1,0.1,0.2,0.2,0.2,0.1,0.2,0.2,0.1,0.2,0.1,0,0.2,0.1,0.2,0.3,0.2,0.2,0.2,0.2,0.2,-0.5,0.3,0.2,0.2,0.2,0.2,0.2,0.3,0.2,0.2,-2.11,0.2,0.2,0.3,0.2,0.2,0.1,0.1,0.2,0.2,-3.02,0.1,0.2,0.2,0.2,0.2,0.3,0.2,0.1,0.1,-2.82,0.2,0.1,0.2,0.2,0.2,0.1,0.2,0.2,0.2,-1.2,0.2,0.2,0.2,0.2,0.1,0.2,0.2,0.3,0.1,0,0.2,0.3,0.2,0.2,0.2,0.2,0.1,0.2,0.1,0,0.2,0.2,0.2,0.1,0.2,0.2,0.2,0.2,0.2,0.1,0.2,0.2,0.1,0.1,0.3,0.2,0.3,0.1
0.000175,0.2,0.2,0.2,0.2,0.2,0.2,0.2,0.2,0.1,0.2,0.2,-0.1,0.2,0.2,0.2,0.2,0.2,0.2,0.2,0.2,0.2,-0.6,0.2,0.2,0.2,0.2,0.3,0.2,0.2,0.2,0.2,-2.11,0.1,0.1,0.2,0.2,0.2,0.3,0.1,0.2,0.2,-2.92,0.2,0.2,0.2,0.2,0.2,0.1,0.1,0.2,0.2,-2.72,0.2,0.2,0.1,0.3,0.2,0.2,0.1,0.2,0.2,-1.2,0.2,0.3,0.1,0.2,0.2,0.2,0.3,0.2,0.3,-0.1,0.2,0.2,0.2,0.2,0.2,0.2,0.2,0.2,0.1,0,0.2,0.1,0.2,0.2,0.2,0.3,0.2,0.1,0.2,0,0.2,0.2,0.1,0.2,0.2,0.2,0.2,0
0.000175,0.2,0.1,0.2,0.1,0.1,0.2,0.2,0.2,0.2,0.2,0.3,0,0.2,0.3,0.2,0.2,0.2,0.2,0.1,0.2,0.1,-0.4,0.2,0.2,0.2,0.1,0.2,0.2,0.2,0.2,0.2,-2.07,0.3,0.1,0.1,0.1,0.1,0.2,0.2,0.2,0.2,-2.96,0.2,0.1,0.2,0.2,0.3,0.2,0.2,0.2,0.2,-2.82,0.2,0.2,0.2,0.2,0.1,0.2,0.3,0.2,0.2,-1.2,0.2,0.2,0.2,0.1,0.2,0.2,0.2,0.2,0.2,0,0.3,0.2,0.2,0.1,0.2,0.2,0.2,0.2,0.2,0,0.2,0.2,0.2,0.2,0.1,0.2,0.2,0.2,0.2,0,0.3,0.2,0.2,0.2,0.2,0.2,0.2,0
0.000175,0.2,0.2,0.1,0.2,0.3,0.2,0.2,0.1,0.1,0.2,0.1,0,0.2,0.2,0.2,0.2,0.2,0.2,0.2,0.2,0.2,-0.4,0.2,0.2,0.2,0.3,0.2,0.1,0.2,0.2,0.2,-1.97,0.2,0.2,0.2,0.1,0.2,0.2,0.2,0.2,0.2,-2.96,0.2,0.2,0.2,0.2,0.2,0.2,0.2,0.2,0.2,-2.68,0.2,0.2,0.1,0.1,0.3,0.1,0.2,0.2,0.2,-1.2,0.3,0.2,0.2,0.2,0.2,0.2,0.2,0.2,0.3,-0.1,0.1,0.3,0.1,0.2,0.2,0.2,0.1,0.2,0.2,0,0.2,0.3,0.2,0.3,0.1,0.1,0.1,0.2,0.2,-0.1,0.2,0.2,0.2,0.2,0.2,0.2,0.3,0
0.000175,0.2,0.2,0.2,0.2,0.2,0.2,0.1,0.2,0.2,0.2,0.2,0,0.2,0.2,0.2,0.2,0.2,0.2,0.2,0.2,0.2,-0.5,0.2,0.1,0.1,0.2,0.2,0.2,0.2,0.2,0.2,-2.03,0.2,0.2,0.2,0.2,0.2,0.2,0.2,0.3,0.2,-2.92,0.2,0.2,0.2,0.2,0.2,0.3,0.2,0.2,0.3,-2.82,0.2,0.1,0.1,0.2,0.2,0.2,0.2,0.2,0.2,-1.2,0.2,0.3,0.2,0.2,0.2,0.2,0.2,0.2,0.2,0,0.2,0.2,0.2,0.2,0.2,0.2,0.1,0.2,0.2,0.2,0.2,0.2,0.2,0.2,0.3,0.3,0.2,0.2,0.2,0,0.2,0.2,0.2,0.2,0.2,0.2,0.3,0
0.000175,0.2,0.2,0.3,0.1,0.2,0.1,0.2,0.2,0.1,0.2,0.2,0,0.2,0.2,0.2,0.3,0.2,0.2,0.3,0.2,0.3,-0.5,0.2,0.2,0.3,0.2,0.2,0.1,0.2,0.2,0.2,-2.03,0.3,0.2,0.2,0.3,0.3,0.1,0.2,0.1,0.2,-2.88,0.2,0.2,0.1,0.2,0.2,0.1,0.2,0.1,0.2,-2.82,0.2,0.2,0.1,0.2,0.2,0.2,0.1,0.2,0.2,-1.3,0.2,0.2,0.1,0.2,0.2,0.2,0.1,0.1,0.2,0,0.2,0.2,0.3,0.1,0.2,0.2,0.2,0.2,0.2,0.1,0.2,0.2,0.2,0.2,0.2,0.2,0.2,0.2,0.2,0,0.1,0.2,0.2,0.3,0.2,0.2,0.2,0.1
0.000176,0.2,0.2,0.2,0.3,0.2,0.2,0.2,0.2,0.2,0.1,0.2,0,0.2,0.2,0.2,0.2,0.2,0.2,0.2,0.2,0.2,-0.5,0.3,0.1,0.1,0.3,0.2,0.2,0.2,0.2,0.2,-2.07,0.2,0.2,0.1,0.2,0.1,0.1,0.1,0.3,0.2,-2.83,0.2,0.1,0.1,0.1,0.1,0.2,0.2,0.2,0.2,-2.78,0.2,0.2,0.2,0.2,0.1,0.3,0.2,0.2,0.2,-1.3,0.2,0.2,0.2,0.2,0.1,0.3,0.2,0.2,0.2,0,0.2,0.2,0.2,0.2,0.1,0.1,0.2,0.2,0.2,0.1,0.2,0.2,0.1,0.2,0.2,0.2,0.2,0.2,0.2,0,0.2,0.2,0.2,0.2,0.2,0.1,0.3,0
0.000176,0.2,0.2,0.2,0.1,0.3,0.2,0.2,0.2,0.2,0.2,0.1,-0.1,0.2,0.1,0.1,0.1,0.2,0.2,0.2,0.2,0.3,-0.6,0.2,0.2,0.4,0.2,0.2,0.2,0.2,0.2,0.1,-1.98,0.2,0.2,0.2,0.2,0.2,0.1,0.3,0.2,0.2,-2.85,0.2,0.2,0.1,0.2,0.2,0.2,0.3,0.1,0.2,-2.68,0.2,0.2,0.2,0.2,0.2,0.2,0.1,0.2,0.2,-1.3,0.2,0.2,0.1,0.3,0.2,0.2,0.3,0.2,0.2,-0.1,0.1,0.2,0.2,0.2,0.2,0.1,0.2,0.2,0.1,0.1,0.1,0.1,0.2,0.1,0.2,0.2,0.2,0.3,0.1,0.1,0.2,0.2,0.2,0.2,0.2,0.2,0.2,0.1
0.000176,0.2,0.2,0.2,0.2,0.2,0.2,0.1,0.2,0.2,0.2,0.2,-0.1,0.2,0.2,0.3,0.2,0.1,0.1,0.2,0.2,0.2,-0.6,0.1,0.2,0.2,0.2,0.2,0.2,0.2,0.2,0.3,-1.94,0.3,0.2,0.2,0.2,0.2,0.2,0.2,0.2,0.2,-2.8,0.1,0.2,0.2,0.2,0.2,0.1,0.2,0.2,0.2,-2.73,0.1,0.1,0.2,0.2,0.2,0.2,0.2,0.3,0.2,-1.2,0.2,0.2,0.1,0.2,0.2,0.2,0.2,0.1,0.2,-0.1,0.2,0.2,0.1,0.1,0.2,0.2,0.2,0.1,0.2,0.2,0.3,0.2,0.2,0.2,0.2,0.2,0.2,0.2,0.2,0.1,0.1,0.1,0.1,0.3,0.2,0.2,0.2,0.1
0.000176,0.2,0.2,0.2,0.1,0.3,0.2,0.3,0.3,0.2,0.2,0.1,-0.1,0.1,0.2,0.1,0.1,0.1,0.2,0.1,0.2,0.1,-0.6,0.2,0.2,0.2,0.2,0.2,0.2,0.2,0.2,0.2,-1.98,0.3,0.3,0.2,0.1,0.2,0.1,0.1,0.2,0.2,-2.89,0.2,0.2,0.2,0.1,0.2,0.2,0.2,0.2,0.1,-2.73,0.2,0.2,0.2,0.1,0.2,0.2,0.1,0.2,0.2,-1.2,0.2,0.1,0.2,0.2,0.1,0.2,0.2,0.2,0.2,0,0.1,0.2,0.2,0.2,0.3,0.2,0.3,0.2,0.2,0,0.2,0.1,0.1,0.2,0.2,0.2,0.2,0.2,0.2,0.2,0.3,0.2,0.2,0.2,0.2,0.2,0.2,0
0.000176,0.2,0.1,0.2,0.2,0.2,0.2,0.2,0.1,0.2,0.2,0.2,-0.1,0.2,0.2,0.2,0.2,0.2,0.2,0.2,0.2,0.1,-0.5,0.2,0.3,0.1,0.2,0.2,0.2,0.2,0.2,0.2,-1.94,0.1,0.2,0.1,0.2,0.2,0.1,0.1,0.2,0.2,-2.83,0.2,0.2,0.2,0.2,0.2,0.2,0.2,0.3,0.2,-2.69,0.2,0.2,0.2,0.3,0.1,0.2,0.2,0.2,0.2,-1.2,0.2,0.2,0.1,0.1,0.1,0.2,0.1,0.1,0.2,0,0.1,0.2,0.2,0.2,0.2,0.2,0.2,0.2,0.2,0.1,0.2,0.2,0.1,0.3,0.1,0.2,0.2,0.2,0.1,0.2,0.2,0.2,0.2,0.2,0.2,0.2,0.2,0
0.000177,0.2,0.2,0.2,0.2,0.2,0.2,0.2,0.3,0.1,0.2,0.3,-0.1,0.2,0.1,0.2,0.1,0.2,0.2,0.2,0.2,0.1,-0.6,0.2,0.2,0.2,0.1,0.2,0.2,0.2,0.2,0.2,-1.98,0.2,0.2,0.1,0.2,0.2,0.2,0.2,0.2,0.1,-2.88,0.1,0.2,0.2,0.2,0.1,0.2,0.2,0.2,0.2,-2.73,0.2,0.2,0.1,0.2,0.3,0.2,0.2,0.2,0.2,-1.2,0.2,0.1,0.2,0.3,0.2,0.2,0.2,0.2,0.2,0.1,0.2,0.1,0.1,0.2,0.2,0.2,0.2,0.1,0.2,0.1,0.2,0.2,0.1,0.2,0.2,0.2,0.1,0.1,0.2,0.2,0.1,0.1,0.1,0.2,0.1,0.1,0.2,0
0.000177,0.2,0.2,0.1,0.1,0.2,0.3,0.2,0.1,0.2,0.2,0.2,-0.1,0.2,0.2,0.3,0.2,0.2,0.1,0.2,0.2,0.2,-0.5,0.2,0.2,0.1,0.2,0.2,0.2,0.2,0.2,0.1,-1.94,0.2,0.2,0.2,0.1,0.1,0.2,0.2,0.2,0.2,-2.96,0.2,0.2,0.3,0.2,0.2,0.3,0.1,0.2,0.3,-2.69,0.2,0.2,0.2,0.2,0.2,0.2,0.3,0.2,0.1,-1.2,0.2,0.2,0.2,0.1,0.2,0.2,0.2,0.2,0.2,-0.1,0.2,0.2,0.2,0.2,0.2,0.2,0.3,0.2,0.1,0,0.1,0.2,0.3,0.2,0.2,0.2,0.3,0.2,0.3,0.2,0.1,0.3,0.2,0.2,0.2,0.2,0.1,0
0.000177,0.2,0.2,0.1,0.2,0.2,0.1,0.2,0.2,0.2,0.2,0.2,0,0.3,0.1,0.3,0.2,0.2,0.2,0.1,0.1,0.3,-0.6,0.1,0.2,0.2,0.2,0.2,0.2,0.2,0.3,0.2,-1.98,0.3,0.2,0.1,0.2,0.2,0.3,0.2,0.2,0.2,-2.91,0.3,0.3,0.1,0.1,0.1,0.2,0.2,0.3,0.2,-2.73,0.2,0.2,0.2,0.2,0.2,0.2,0.2,0.2,0.2,-1.2,0.1,0.2,0.1,0.2,0.2,0.2,0.2,0.2,0.3,0,0.1,0.2,0.2,0.2,0.2,0.2,0.2,0.2,0.2,0,0.2,0.2,0.2,0.2,0.2,0.2,0.2,0.2,0.2,0.2,0.2,0.2,0.2,0.2,0.2,0.2,0.2,0
0.000177,0.2,0.1,0.2,0.2,0.3,0.2,0.2,0.2,0.2,0.3,0.2,-0.1,0.2,0.1,0.2,0.1,0.2,0.2,0.2,0.2,0.2,-0.4,0.2,0.2,0.3,0.3,0.2,0.2,0.2,0.2,0.1,-1.98,0.2,0.2,0.2,0.1,0.2,0.2,0.2,0.2,0.2,-3.01,0.2,0.2,0.2,0.2,0.2,0.1,0.1,0.2,0.2,-2.73,0.1,0.1,0.2,0.2,0.2,0.2,0.1,0.2,0.2,-1.2,0.2,0.2,0.1,0.2,0.1,0.2,0.2,0.1,0.2,-0.1,0.2,0.1,0.2,0.2,0.3,0.2,0.1,0.3,0.2,0.1,0.2,0.3,0.2,0.2,0.2,0.2,0.2,0.1,0.2,0.1,0.2,0.2,0.1,0.1,0.2,0.2,0.2,0
0.000177,0.2,0.2,0.3,0.3,0.2,0.3,0.1,0.2,0.2,0.2,0.2,-0.1,0.2,0.3,0.1,0.2,0.2,0.2,0.2,0.2,0.2,-0.4,0.2,0.3,0.2,0.2,0.2,0.2,0.2,0.2,0.1,-1.98,0.2,0.2,0.1,0.2,0.2,0.3,0.2,0.1,0.3,-2.92,0.3,0.2,0.2,0.2,0.2,0.2,0.2,0.2,0.2,-2.73,0.2,0.2,0.1,0.1,0.2,0.1,0.2,0.1,0.2,-1.2,0.2,0.2,0.2,0.1,0.1,0.2,0.2,0.2,0.1,0,0.2,0.2,0.2,0.2,0.2,0.1,0.3,0.2,0.3,0.1,0.1,0.3,0.2,0.2,0.2,0.3,0.1,0.2,0.3,0.1,0.1,0.1,0.1,0.2,0.2,0.2,0.4,-0.1
0.000178,0.2,0.2,0.2,0.2,0.2,0.2,0.3,0.1,0.2,0.2,0.2,0,0.2,0.2,0.2,0.1,0.2,0.2,0.2,0.2,0.2,-0.4,0.2,0.2,0.2,0.1,0.2,0.2,0.2,0.2,0.1,-2.03,0.2,0.3,0.2,0.2,0.2,0.1,0.2,0.1,0.2,-2.93,0.1,0.2,0.1,0.2,0.2,0.3,0.2,0.2,0.2,-2.69,0.2,0.3,0.2,0.2,0.2,0.2,0.2,0.3,0.2,-1.2,0.2,0.1,0.2,0.2,0.1,0.2,0.1,0.2,0.2,-0.1,0.1,0.2,0.2,0.2,0.2,0.2,0.2,0.2,0.1,0.1,0.2,0.2,0.2,0.2,0.2,0.2,0.2,0.1,0.2,0,0.2,0.1,0.2,0.2,0.1,0.2,0.3,0
0.000178,0.2,0.1,0.2,0.2,0.2,0.2,0.2,0.2,0.2,0.2,0.2,0,0.2,0.2,0.1,0.2,0.2,0.1,0.3,0.2,0.3,-0.4,0.1,0.2,0.2,0.3,0.2,0.1,0.2,0.1,0.1,-1.94,0.3,0.2,0.2,0.1,0.2,0.2,0.3,0.1,0.2,-2.85,0.1,0.2,0.2,0.2,0.2,0.1,0.1,0.1,0.1,-2.69,0.2,0.2,0.2,0.2,0.2,0.1,0.2,0.2,0.2,-1.2,0.2,0.2,0.2,0.3,0.2,0.1,0.2,0.1,0.3,0,0.2,0.1,0.1,0.2,0.2,0.2,0.3,0.3,0.2,0.1,0.2,0.2,0.3,0.2,0.2,0.1,0.2,0.2,0.2,0,0.2,0.2,0.2,0.1,0.1,0.2,0.3,0
0.000178,0.2,0.2,0.3,0.2,0.2,0.1,0.2,0.2,0.3,0.2,0.2,0,0.1,0.2,0.2,0.2,0.1,0.2,0.2,0.2,0.3,-0.4,0.2,0.2,0.2,0.2,0.3,0.2,0.2,0.1,0.1,-1.94,0.2,0.2,0.2,0.3,0.2,0.2,0.2,0.2,0.2,-2.76,0.2,0.2,0.2,0.2,0.3,0.2,0.2,0.2,0.2,-2.78,0.2,0.2,0.2,0.1,0.2,0.2,0.2,0.2,0.2,-1.2,0.2,0.2,0.3,0.3,0.1,0.2,0.2,0.2,0.2,0,0.1,0.3,0.2,0.1,0.3,0.3,0.2,0.2,0.2,0.1,0.2,0.2,0.1,0.2,0.1,0.2,0.2,0.3,0.2,0,0.2,0.3,0.1,0.1,0.2,0.2,0.3,0
0.000178,0.2,0.2,0.2,0.2,0.1,0.2,0.1,0.1,0.3,0.2,0.1,0,0.1,0.2,0.2,0.2,0.2,0.2,0.2,0.2,0.2,-0.4,0.2,0.2,0.2,0.1,0.1,0.2,0.1,0.2,0.1,-1.84,0.2,0.2,0.2,0.1,0.2,0.2,0.1,0.2,0.1,-2.82,0.2,0.2,0.2,0.2,0.2,0.2,0.2,0.3,0.2,-2.69,0.1,0.3,0.2,0.2,0.2,0.2,0.2,0.2,0.3,-1.1,0.1,0.2,0.2,0.1,0.2,0.2,0.1,0.2,0.3,-0.1,0.2,0.2,0.1,0.2,0.2,0.1,0.2,0.2,0.1,0.1,0.2,0.2,0.3,0.2,0.2,0.2,0.1,0.3,0.2,0,0.2,0.1,0.2,0.1,0.2,0.2,0.4,0
0.000178,0.2,0.1,0.2,0.1,0.2,0.1,0.2,0.2,0.2,0.2,0.2,0,0.1,0.2,0.2,0.2,0.2,0.2,0.2,0.2,0.2,-0.5,0.2,0.2,0.2,0.2,0.2,0.2,0.2,0.2,0.2,-1.9,0.2,0.2,0.3,0.2,0.2,0.2,0.2,0.2,0.2,-2.86,0.2,0.2,0.2,0.2,0.2,0.1,0.2,0.2,0.2,-2.69,0.1,0.2,0.1,0.2,0.2,0.2,0.2,0.2,0.2,-1.1,0.2,0.2,0.1,0.2,0.2,0.2,0.1,0.2,0.2,0,0.2,0.2,0.2,0.2,0.2,0.1,0.2,0.1,0.2,0.1,0.2,0.1,0.2,0.2,0.2,0.2,0.2,0.1,0.1,0.1,0.1,0.1,0.2,0.2,0.3,0.2,0.3,0.1
0.000179,0.2,0.2,0.2,0.3,0.1,0.1,0.2,0.1,0.1,0.2,0.2,0,0.3,0.2,0.2,0.2,0.2,0.1,0.2,0.2,0.2,-0.6,0.2,0.1,0.1,0.2,0.3,0.1,0.1,0.2,0.2,-1.9,0.3,0.2,0.2,0.2,0.2,0.2,0.2,0.2,0.2,-2.85,0.2,0.2,0.3,0.2,0.2,0.2,0.2,0.2,0.2,-2.65,0.3,0.1,0.2,0.2,0.2,0.3,0.2,0.2,0.2,-1.2,0.2,0.2,0.2,0.2,0.2,0.3,0.2,0.2,0.3,0,0.3,0.2,0.2,0.2,0.2,0.2,0.2,0.1,0.2,0,0.2,0.2,0.2,0.1,0.2,0.1,0.2,0.2,0.2,0.1,0.1,0.2,0.3,0.2,0.2,0.2,0.2,0
0.000179,0.2,0.2,0.1,0.1,0.1,0.2,0.1,0.2,0.2,0.2,0.2,0.1,0.1,0.2,0.1,0.2,0.2,0.2,0.2,0.2,0.2,-0.5,0.2,0.2,0.1,0.2,0.1,0.2,0.2,0.2,0.2,-1.94,0.2,0.2,0.2,0.1,0.1,0.2,0.2,0.2,0.2,-2.93,0.2,0.2,0.1,0.2,0.2,0.1,0.2,0.1,0.2,-2.6,0.2,0.1,0.2,0.2,0.2,0.2,0.3,0.2,0.2,-1.2,0.2,0.3,0.2,0.2,0.2,0.2,0.2,0.1,0.2,-0.1,0.1,0.2,0.2,0.1,0.2,0.2,0.3,0.1,0.2,0.1,0.2,0.2,0.2,0.2,0.2,0.2,0.1,0.2,0.2,0.1,0.1,0.2,0.1,0.2,0.2,0.1,0.3,0.1
0.000179,0.2,0.1,0.2,0.2,0.2,0.2,0.2,0.3,0.2,0.2,0.1,-0.1,0.2,0.2,0.1,0.2,0.2,0.2,0.2,0.3,0.2,-0.6,0.2,0.1,0.2,0.2,0.2,0.2,0.1,0.2,0.2,-1.9,0.2,0.2,0.2,0.1,0.2,0.1,0.1,0.2,0.1,-2.83,0.1,0.2,0.2,0.3,0.2,0.3,0.3,0.1,0.1,-2.69,0.2,0.2,0.2,0.2,0.2,0.1,0.2,0.2,0.2,-1.1,0.3,0.1,0.2,0.2,0.1,0.2,0.1,0.2,0.3,0,0.3,0.2,0.2,0.3,0.2,0.1,0.1,0.3,0.1,0,0.2,0.2,0.2,0.1,0.1,0.1,0.1,0.3,0.2,0.3,0.2,0.1,0.2,0.1,0.2,0.2,0.2,0
0.000179,0.2,0.1,0.2,0.2,0.1,0.2,0.1,0.1,0.2,0.2,0.2,0,0.2,0.2,0.1,0.2,0.2,0.1,0.2,0.3,0.1,-0.5,0.2,0.3,0.2,0.1,0.2,0.1,0.2,0.2,0.2,-1.85,0.1,0.2,0.2,0.2,0.2,0.2,0.1,0.2,0.1,-2.92,0.2,0.1,0.2,0.2,0.2,0.1,0.2,0.2,0.2,-2.69,0.2,0.2,0.2,0.2,0.2,0.2,0.2,0.1,0.1,-1.2,0.2,0.2,0.2,0.3,0.3,0.2,0.2,0.2,0.1,-0.1,0.2,0.2,0.2,0.2,0.2,0.3,0.2,0.2,0.2,0.1,0.2,0.2,0.2,0.2,0.2,0.2,0.2,0.1,0.1,0.2,0.1,0.1,0.1,0.1,0.2,0.1,0.3,0
0.000179,0.2,0.2,0.2,0.2,0.2,0.2,0.1,0.2,0.2,0.1,0.2,0,0.2,0.2,0.2,0.2,0.2,0.2,0.1,0.1,0.1,-0.5,0.2,0.2,0.2,0.1,0.3,0.2,0.1,0.2,0.2,-1.9,0.1,0.1,0.1,0.2,0.3,0.2,0.2,0.1,0.1,-2.88,0.2,0.2,0.1,0.2,0.1,0.1,0.2,0.2,0.2,-2.59,0.2,0.1,0.1,0.1,0.2,0.2,0.2,0.2,0.2,-1.1,0.2,0.2,0.1,0.2,0.2,0.1,0.3,0.3,0.2,-0.1,0.2,0.2,0.2,0.2,0.2,0.3,0.2,0.2,0.2,0.1,0.3,0.1,0.1,0.2,0.2,0.1,0.2,0.2,0.1,0.2,0.2,0.1,0.2,0.2,0.1,0.2,0.2,0
0.00018,0.2,0.2,0.2,0.1,0.2,0.1,0.2,0.2,0.1,0.1,0.2,-0.1,0.2,0.2,0.2,0.2,0.2,0.2,0.2,0.1,0.2,-0.5,0.2,0.2,0.2,0.2,0.2,0.1,0.2,0.1,0.2,-1.9,0.1,0.2,0.1,0.2,0.2,0.2,0.2,0.2,0.3,-2.93,0.2,0.2,0.1,0.2,0.1,0.2,0.2,0.2,0.3,-2.63,0.2,0.1,0.2,0.2,0.2,0.2,0.2,0.1,0.1,-1.2,0.1,0.1,0.2,0.1,0.1,0.2,0.2,0.2,0.2,-0.1,0.2,0.1,0.1,0.2,0.2,0.2,0.2,0.2,0.1,0.1,0.2,0.2,0.1,0.2,0.2,0.2,0.1,0.2,0.1,0.2,0.2,0.2,0.1,0.1,0.1,0.2,0.2,0
0.00018,0.2,0.3,0.2,0.2,0.2,0.2,0.2,0.1,0.2,0.2,0.2,0,0.1,0.1,0.2,0.1,0.2,0.2,0.2,0.2,0.1,-0.5,0.2,0.2,0.1,0.2,0.1,0.2,0.2,0.2,0.2,-1.84,0.2,0.2,0.2,0.1,0.2,0.1,0.1,0.2,0.1,-2.85,0.2,0.1,0.2,0.1,0.2,0.2,0.2,0.3,0.2,-2.55,0.2,0.2,0.2,0.2,0.2,0.1,0.2,0.2,0.2,-1.1,0.3,0.2,0.2,0.2,0.2,0.2,0.2,0.1,0.2,-0.1,0.2,0.2,0.1,0.1,0.2,0.2,0.2,0.2,0.2,0.2,0.2,0.2,0.2,0.2,0.2,0.1,0.2,0.1,0.2,0.3,0.2,0.1,0.1,0.2,0.1,0.1,0.3,0
0.00018,0.2,0.2,0.2,0.1,0.1,0.2,0.2,0.2,0.1,0.2,0.2,0,0.2,0.1,0.1,0.2,0.2,0.2,0.2,0.1,0.1,-0.5,0.1,0.1,0.2,0.2,0.2,0.2,0.2,0.1,0.3,-1.85,0.2,0.2,0.2,0.3,0.1,0.2,0.2,0.2,0.2,-2.76,0.1,0.2,0.2,0.2,0.2,0.2,0.2,0.2,0.1,-2.6,0.2,0.2,0.1,0.2,0.1,0.2,0.3,0.2,0.2,-1.2,0.2,0.3,0.1,0.1,0.3,0.2,0.2,0.1,0.2,0,0.1,0.2,0.2,0.2,0.2,0.2,0.2,0.3,0.2,0.1,0.2,0.2,0.2,0.2,0.2,0.2,0.2,0.2,0.1,0.2,0.1,0.2,0.1,0.1,0.2,0.1,0.3,0
0.00018,0.2,0.2,0.3,0.2,0.1,0.1,0.3,0.2,0.2,0.2,0.2,0,0.2,0.1,0.2,0.1,0.2,0.1,0.2,0.3,0.2,-0.5,0.1,0.2,0.2,0.2,0.2,0.2,0.1,0.2,0.1,-1.8,0.2,0.2,0.2,0.2,0.2,0.2,0.1,0.2,0.2,-2.82,0.3,0.1,0.3,0.2,0.1,0.3,0.1,0.2,0.2,-2.65,0.3,0.1,0.2,0.3,0.2,0.2,0.2,0.2,0.1,-1,0.2,0.2,0.2,0.2,0.2,0.2,0.2,0.1,0.2,0,0.2,0.1,0.2,0.3,0.3,0.1,0.2,0.2,0.2,0.1,0.1,0.2,0.2,0.2,0.2,0.1,0.2,0.1,0.3,0.2,0.2,0.2,0.1,0.2,0.2,0.2,0.3,0
0.00018,0.2,0.2,0.2,0.2,0.3,0.3,0.2,0.2,0.2,0.2,0.2,0.1,0.2,0.2,0.2,0.2,0.2,0.2,0.3,0.2,0.2,-0.5,0.1,0.2,0.2,0.2,0.2,0.1,0.2,0.2,0.2,-1.94,0.2,0.2,0.1,0.2,0.2,0.2,0.2,0.2,0.1,-2.73,0.2,0.2,0.1,0.2,0.2,0.2,0.1,0.2,0.1,-2.65,0.1,0.3,0.2,0.2,0.2,0.3,0.2,0.1,0.2,-1.2,0.1,0.2,0.2,0.1,0.1,0.2,0.3,0.1,0.2,-0.1,0.2,0.2,0.1,0.2,0.2,0.2,0.2,0.2,0.2,0.1,0.2,0.2,0.2,0.2,0.1,0.1,0.1,0.1,0.2,0.2,0.1,0.2,0.2,0.2,0.2,0.2,0.3,0
0.000181,0.2,0.2,0.2,0.3,0.2,0.2,0.1,0.2,0.1,0.2,0.2,0,0.2,0.2,0.2,0.2,0.2,0.2,0.2,0.1,0.1,-0.5,0.2,0.2,0.3,0.2,0.2,0.2,0.2,0.2,0.2,-1.94,0.3,0.2,0.3,0.2,0.3,0.2,0.2,0.1,0.2,-2.82,0.2,0.1,0.1,0.2,0.1,0.2,0.2,0.2,0.2,-2.56,0.2,0.1,0.3,0.2,0.2,0.2,0.2,0.2,0.3,-1.2,0.2,0.2,0.2,0.1,0.1,0.2,0.2,0.2,0.2,0,0.2,0.2,0.3,0.3,0.2,0.3,0.2,0.2,0.2,0,0.2,0.1,0.3,0.2,0.2,0.2,0.2,0.2,0.2,0.1,0.1,0.2,0.1,0.2,0.2,0.2,0.2,0
0.000181,0.2,0.1,0.2,0.2,0.1,0.2,0.1,0.2,0.2,0.2,0.1,0,0.1,0.2,0.2,0.2,0.2,0.3,0.2,0.1,0.2,-0.5,0.1,0.2,0.2,0.1,0.3,0.1,0.1,0.1,0.2,-1.8,0.2,0.1,0.2,0.1,0.2,0.1,0.2,0.2,0.1,-2.82,0.2,0.2,0.2,0.1,0.2,0.1,0.2,0.2,0.2,-2.6,0.1,0.2,0.2,0.2,0.2,0.1,0.2,0.1,0.1,-1.1,0.2,0.2,0.1,0.2,0.2,0.2,0.2,0.2,0.1,0,0.2,0.1,0.2,0.2,0.2,0.2,0.1,0.1,0.2,0.1,0.2,0.2,0.2,0.1,0.2,0.1,0.2,0.1,0.2,0.1,0.2,0.1,0.2,0.2,0.1,0.2,0.2,0
0.000181,0.2,0.2,0.2,0.2,0.2,0.2,0.1,0.2,0.3,0.3,0.1,0,0.2,0.2,0.2,0.2,0.3,0.2,0.1,0.2,0.2,-0.5,0.1,0.2,0.2,0.2,0.2,0.1,0.1,0.2,0.1,-1.9,0.2,0.3,0.2,0.2,0.2,0.2,0.3,0.2,0.2,-2.8,0.2,0.2,0.1,0.2,0.2,0.2,0.2,0.3,0.2,-2.5,0.2,0.2,0.2,0.2,0.2,0.2,0.2,0.3,0.2,-1.1,0.2,0.2,0.2,0.2,0.2,0.2,0.2,0.2,0.2,-0.1,0.2,0.2,0.2,0.2,0.2,0.3,0.1,0.2,0.1,0.1,0.2,0.2,0.2,0.2,0.2,0.2,0.2,0.2,0.1,0.1,0.1,0.1,0.2,0.2,0.2,0.2,0.2,0
0.000181,0.2,0.2,0.2,0.2,0.2,0.1,0.1,0.2,0.1,0.2,0.2,0,0.1,0.2,0.3,0.2,0.3,0.2,0.2,0.2,0.2,-0.5,0.1,0.2,0.1,0.1,0.2,0.2,0.2,0.2,0.1,-1.85,0.2,0.2,0.1,0.1,0.2,0.2,0.1,0.1,0.2,-2.85,0.1,0.3,0.2,0.2,0.1,0.1,0.2,0.2,0.2,-2.65,0.1,0.2,0.3,0.2,0.1,0.2,0.1,0.2,0.1,-1.1,0.3,0.2,0.2,0.3,0.1,0.1,0.2,0.2,0.2,-0.1,0.3,0.2,0.1,0.2,0.3,0.2,0.1,0.3,0.1,0.1,0.2,0.2,0.2,0.1,0.2,0.1,0.3,0.2,0.1,0.1,0.2,0.2,0.2,0.2,0.1,0.2,0.2,0
0.000181,0.2,0.1,0.1,0.2,0.2,0.2,0.1,0.1,0.2,0.1,0.2,0,0.2,0.2,0.2,0.2,0.2,0.2,0.1,0.3,0.1,-0.5,0.2,0.2,0.2,0.2,0.2,0.1,0.2,0.2,0.1,-1.81,0.2,0.1,0.2,0.3,0.3,0.2,0.2,0.2,0.1,-2.79,0.1,0.2,0.2,0.2,0.2,0.2,0.1,0.2,0.2,-2.65,0.1,0.3,0.2,0.2,0.2,0.2,0.1,0.2,0.2,-1,0.2,0.2,0.2,0.2,0.2,0.3,0.2,0.2,0.2,0,0.1,0.2,0.1,0.2,0.2,0.2,0.2,0.2,0.2,0.2,0.2,0.1,0.2,0.2,0.2,0.2,0.1,0.2,0.3,0.2,0.2,0.2,0.2,0.3,0.2,0.2,0.2,0
0.000182,0.2,0.2,0.2,0.2,0.1,0.2,0.2,0.1,0.1,0.2,0.2,-0.1,0.2,0.2,0.2,0.2,0.2,0.1,0.2,0.1,0.1,-0.5,0.1,0.1,0.1,0.2,0.2,0.2,0.2,0.2,0.1,-1.81,0.1,0.1,0.2,0.2,0.1,0.1,0.2,0.1,0.2,-2.85,0.2,0.2,0.2,0.2,0.2,0.3,0.1,0.1,0.2,-2.55,0.2,0.1,0.2,0.2,0.2,0.2,0.2,0.2,0.2,-1,0.2,0.2,0.2,0.2,0.2,0.1,0.2,0.2,0.2,0,0.3,0.2,0.1,0.1,0.2,0.2,0.2,0.2,0.1,0.1,0.1,0.2,0.1,0.2,0.2,0.2,0.2,0.2,0.3,0.2,0.2,0.2,0.1,0.1,0.2,0.1,0.2,0
0.000182,0.2,0.1,0.2,0.2,0.2,0.2,0.2,0.1,0.2,0.2,0.2,0,0.2,0.2,0.3,0.2,0.2,0.2,0.2,0.2,0.2,-0.5,0.3,0.1,0.2,0.2,0.2,0.2,0.2,0.2,0.2,-1.8,0.2,0.3,0.2,0.3,0.2,0.3,0.2,0.1,0.2,-2.89,0.2,0.2,0.2,0.2,0.2,0.2,0.2,0.2,0.2,-2.5,0.3,0.2,0.2,0.2,0.2,0.3,0.3,0.2,0.2,-1.1,0.2,0.1,0.3,0.2,0.2,0.2,0.1,0.2,0.2,-0.1,0.2,0.1,0.1,0.2,0.2,0.2,0.2,0.3,0.2,0.1,0.3,0.2,0.2,0.2,0.2,0.1,0.2,0.2,0.2,0.1,0.1,0.1,0.2,0.2,0.2,0.2,0.2,0
0.000182,0.2,0.2,0.2,0.2,0.2,0.3,0.2,0.2,0.2,0.2,0.1,0.1,0.2,0.2,0.2,0.3,0.3,0.1,0.2,0.2,0.1,-0.4,0.2,0.1,0.1,0.2,0.2,0.3,0.2,0.2,0.2,-1.8,0.2,0.2,0.1,0.1,0.1,0.2,0.2,0.2,0.2,-2.75,0.2,0.2,0.1,0.1,0.2,0.2,0.2,0.3,0.2,-2.52,0.2,0.2,0.3,0.2,0.2,0.2,0.1,0.2,0.2,-1,0.2,0.2,0.1,0.2,0.1,0.1,0.1,0.1,0.1,-0.2,0.2,0.3,0.2,0.2,0.2,0.2,0.2,0.2,0.2,0.1,0.1,0.2,0.2,0.2,0.2,0.2,0.2,0.2,0.2,0.2,0.2,0.2,0.2,0.1,0.1,0.2,0.2,0
0.000182,0.2,0.1,0.2,0.1,0.2,0.2,0.1,0.2,0.1,0.2,0.2,0,0.1,0.2,0.1,0.1,0.2,0.2,0.2,0.2,0.3,-0.5,0.2,0.2,0.1,0.2,0.2,0.2,0.2,0.1,0.2,-1.8,0.2,0.2,0.3,0.2,0.2,0.2,0.2,0.2,0.2,-2.75,0.2,0.2,0.3,0.2,0.1,0.1,0.2,0.2,0.2,-2.52,0.2,0.1,0.2,0.2,0.2,0.2,0.2,0.2,0.2,-1,0.2,0.3,0.3,0.2,0.2,0.2,0.1,0.2,0.2,-0.1,0.2,0.2,0.3,0.2,0.2,0.1,0.2,0.2,0.2,0.2,0.2,0.2,0.3,0.2,0.1,0.2,0.1,0.1,0.2,0.1,0.2,0.2,0.1,0.2,0.2,0.2,0.2,0
0.000182,0.2,0.1,0.1,0.2,0.1,0.2,0.1,0.1,0.2,0.3,0.2,0,0.1,0.2,0.2,0.3,0.2,0.1,0.2,0.2,0.2,-0.5,0.2,0.2,0.1,0.2,0.1,0.2,0.1,0.1,0.1,-1.81,0.3,0.3,0.2,0.2,0.2,0.2,0.2,0.2,0.1,-2.76,0.1,0.2,0.1,0.1,0.3,0.2,0.2,0.3,0.2,-2.6,0.1,0.2,0.2,0.2,0.2,0.2,0.2,0.2,0.2,-1,0.1,0.3,0.2,0.3,0.1,0.2,0.2,0.1,0.2,-0.1,0.1,0.1,0.2,0.3,0.2,0.2,0.2,0.3,0.2,0.2,0.2,0.3,0.1,0.1,0.2,0.2,0.1,0.2,0.2,0.2,0.2,0.1,0.2,0.2,0.3,0.1,0.2,0
0.000183,0.2,0.2,0.2,0.2,0.1,0.2,0.2,0.2,0.3,0.2,0.2,-0.1,0.2,0.2,0.2,0.2,0.1,0.2,0.2,0.2,0.3,-0.4,0.2,0.2,0.1,0.2,0.2,0.2,0.2,0.2,0.2,-1.9,0.2,0.1,0.2,0.2,0.2,0.2,0.2,0.2,0.1,-2.72,0.2,0.2,0.2,0.2,0.1,0.1,0.2,0.2,0.2,-2.52,0.1,0.2,0.1,0.2,0.2,0.2,0.2,0.2,0.2,-1,0.1,0.3,0.1,0.2,0.2,0.2,0.2,0.1,0.2,0,0.2,0.2,0.2,0.2,0.2,0.2,0.1,0.2,0.2,0.1,0.2,0.2,0.1,0.2,0.2,0.2,0.2,0.2,0.3,0.4,0.3,0.2,0.1,0.3,0.2,0.2,0.2,0
0.000183,0.2,0.2,0.1,0.1,0.3,0.2,0.1,0.2,0.2,0.2,0.2,-0.1,0.2,0.1,0.2,0.2,0.2,0.2,0.2,0.2,0.2,-0.6,0.1,0.2,0.2,0.2,0.2,0.2,0.2,0.2,0.2,-1.84,0.2,0.2,0.3,0.2,0.1,0.2,0.2,0.2,0.2,-2.76,0.1,0.2,0.2,0.1,0.2,0.1,0.2,0.1,0.3,-2.52,0.2,0.2,0.2,0.2,0.2,0.2,0.2,0.2,0.2,-1.1,0.1,0.2,0.1,0.2,0.2,0.2,0.3,0.2,0.2,-0.1,0.2,0.2,0.2,0.2,0.2,0.2,0.2,0.1,0.2,0.1,0.2,0.2,0.1,0.2,0.2,0.2,0.1,0.3,0.2,0.2,0.2,0.2,0.3,0.2,0.1,0.2,0.3,0
0.000183,0.2,0.2,0.2,0.2,0.2,0.1,0.2,0.2,0.2,0.3,0.3,0,0.1,0.2,0.2,0.2,0.2,0.1,0.2,0.3,0.1,-0.5,0.2,0.2,0.2,0.2,0.2,0.2,0.2,0.2,0.1,-1.88,0.3,0.2,0.2,0.1,0.2,0.1,0.2,0.2,0.2,-2.68,0.2,0.3,0.2,0.2,0.2,0.2,0.2,0.2,0.2,-2.56,0.2,0.3,0.2,0.2,0.2,0.2,0.2,0.2,0.2,-1.1,0.2,0.2,0.2,0.1,0.3,0.3,0.2,0.1,0.2,-0.1,0.2,0.1,0.2,0.2,0.1,0.2,0.2,0.3,0.2,0,0.2,0.1,0.1,0.2,0.2,0.2,0.2,0.1,0.2,0.2,0.1,0.2,0.2,0.1,0.1,0.2,0.3,-0.1
0.000183,0.2,0.2,0.1,0.1,0.2,0.2,0.2,0.2,0.3,0.2,0.1,0,0.2,0.1,0.1,0.2,0.2,0.1,0.2,0.1,0.2,-0.5,0.1,0.2,0.2,0.2,0.2,0.2,0.2,0.2,0.2,-1.88,0.2,0.1,0.3,0.1,0.2,0.2,0.1,0.2,0.2,-2.63,0.1,0.2,0.1,0.1,0.2,0.1,0.2,0.2,0.2,-2.56,0.1,0.2,0.2,0.2,0.3,0.2,0.1,0.2,0.1,-1.1,0.2,0.2,0.2,0.1,0.2,0.1,0.2,0.1,0.2,0,0.3,0.2,0.2,0.2,0.1,0.1,0.1,0.2,0.2,0,0.3,0.1,0.1,0.2,0.1,0.2,0.2,0.2,0.2,0.2,0.2,0.1,0.2,0.2,0.1,0.2,0.2,-0.1
0.000183,0.2,0.1,0.1,0.1,0.2,0.2,0.2,0.2,0.2,0.1,0.2,0.1,0.2,0.2,0.2,0.2,0.1,0.2,0.2,0.2,0.1,-0.5,0.2,0.2,0.1,0.2,0.2,0.2,0.2,0.1,0.1,-1.84,0.2,0.3,0.1,0.2,0.2,0.2,0.1,0.2,0.2,-2.72,0.2,0.1,0.1,0.2,0.2,0.2,0.2,0.2,0.2,-2.6,0.3,0.2,0.2,0.1,0.1,0.2,0.1,0.2,0.2,-1.1,0.2,0.1,0.1,0.2,0.2,0.2,0.2,0.1,0.2,-0.1,0.2,0.2,0.2,0.2,0.2,0.1,0.1,0.2,0.2,0.1,0.2,0.2,0.1,0.1,0.2,0.1,0.1,0.2,0.2,0.1,0.1,0.2,0.1,0.2,0.2,0.2,0.3,-0.1
0.000184,0.2,0.2,0.2,0.1,0.1,0.3,0.2,0.2,0.2,0.2,0.2,0,0.2,0.1,0.1,0.1,0.2,0.2,0.2,0.2,0.2,-0.5,0.1,0.2,0.1,0.2,0.3,0.1,0.2,0.1,0.1,-1.84,0.2,0.2,0.1,0.2,0.2,0.2,0.2,0.2,0.3,-2.68,0.2,0.1,0.3,0.3,0.1,0.2,0.1,0.3,0.2,-2.42,0.1,0.2,0.3,0.2,0.1,0.2,0.2,0.2,0.2,-1.1,0.2,0.2,0.1,0.3,0.1,0.2,0.1,0.1,0.2,0,0.2,0.2,0.1,0.2,0.1,0.2,0.3,0.2,0.2,0,0.3,0.2,0.2,0.2,0.2,0.1,0.2,0.1,0.2,0.2,0.2,0.1,0.1,0.2,0.2,0.1,0.3,0
0.000184,0.3,0.1,0.2,0.3,0.2,0.2,0.2,0.3,0.2,0.2,0.1,-0.1,0.2,0.2,0.2,0.1,0.2,0.2,0.2,0.2,0.2,-0.5,0.2,0.2,0.2,0.2,0.2,0.2,0.2,0.2,0.2,-1.75,0.2,0.1,0.2,0.2,0.2,0.1,0.2,0.2,0.2,-2.68,0.1,0.1,0.2,0.2,0.2,0.2,0.2,0.1,0.2,-2.46,0.2,0.2,0.1,0.3,0.2,0.3,0.3,0.2,0.2,-1.2,0.2,0.2,0.1,0.2,0.2,0.2,0.1,0.2,0.3,0,0.2,0.2,0.2,0.1,0.2,0.2,0.1,0.1,0.1,0,0.2,0.1,0.2,0.2,0.2,0.2,0.2,0.2,0.1,0.2,0.1,0.2,0.2,0.2,0.2,0.1,0.3,0
0.000184,0.2,0.2,0.2,0.1,0.2,0.1,0.2,0.2,0.2,0.1,0.2,0,0.2,0.2,0.2,0.2,0.1,0.1,0.1,0.2,0.2,-0.5,0.2,0.1,0.2,0.2,0.2,0.2,0.1,0.1,0.2,-1.81,0.1,0.2,0.1,0.2,0.2,0.2,0.2,0.2,0.2,-2.72,0.2,0.2,0.2,0.2,0.2,0.2,0.2,0.1,0.2,-2.42,0.2,0.2,0.2,0.2,0.2,0.1,0.2,0.2,0.1,-1.1,0.3,0.1,0.2,0.2,0.2,0.1,0.3,0.1,0.2,-0.1,0.2,0.3,0.3,0.1,0.3,0.2,0.2,0.1,0.2,0.1,0.2,0.2,0.1,0.1,0.2,0.2,0.1,0.2,0.2,0.2,0.2,0.2,0.2,0.1,0.2,0.2,0.2,-0.1
0.000184,0.2,0.2,0.2,0.2,0.1,0.2,0.1,0.2,0.2,0.1,0.2,-0.1,0.2,0.2,0.2,0.2,0.1,0.2,0.1,0.3,0.2,-0.5,0.2,0.1,0.2,0.2,0.1,0.2,0.2,0.2,0.2,-1.8,0.1,0.1,0.2,0.1,0.2,0.1,0.2,0.1,0.2,-2.68,0.2,0.1,0.2,0.2,0.2,0.2,0.2,0.2,0.2,-2.37,0.2,0.1,0.2,0.2,0.1,0.2,0.2,0.1,0.2,-1.1,0.2,0.2,0.2,0.2,0.2,0.2,0.2,0.2,0.2,-0.2,0.2,0.2,0.2,0.2,0.3,0.2,0.3,0.1,0.2,0.1,0.2,0.1,0.1,0.2,0.1,0.3,0.2,0.3,0.2,0.1,0.1,0.1,0.2,0.3,0.1,0.1,0.2,0
0.000184,0.3,0.2,0.2,0.2,0.2,0.2,0.2,0.2,0.2,0.1,0.2,-0.1,0.2,0.2,0.2,0.2,0.2,0.2,0.2,0.3,0.1,-0.4,0.2,0.2,0.2,0.2,0.1,0.2,0.2,0.2,0.1,-1.7,0.2,0.2,0.1,0.1,0.2,0.2,0.1,0.3,0.2,-2.62,0.2,0.1,0.1,0.2,0.2,0.3,0.1,0.2,0.2,-2.52,0.2,0.2,0.2,0.2,0.1,0.1,0.1,0.2,0.2,-1,0.1,0.2,0.2,0.2,0.2,0.2,0.2,0.1,0.1,-0.1,0.1,0.3,0.1,0.1,0.2,0.1,0.2,0.2,0.1,0.2,0.3,0.2,0.2,0.2,0.2,0.2,0.1,0.2,0.2,0.2,0.1,0.1,0.2,0.1,0.2,0.2,0.3,0
0.000185,0.2,0.2,0.1,0.1,0.2,0.2,0.2,0.2,0.2,0.2,0.1,0,0.1,0.3,0.2,0.2,0.2,0.2,0.1,0.2,0.1,-0.6,0.1,0.1,0.3,0.1,0.1,0.3,0.1,0.2,0.2,-1.9,0.3,0.2,0.1,0.1,0.2,0.1,0.2,0.2,0.2,-2.72,0.2,0.1,0.2,0.2,0.2,0.2,0.2,0.2,0.1,-2.42,0.1,0.1,0.2,0.1,0.2,0.2,0.1,0.2,0.2,-1,0.1,0.3,0.2,0.2,0.2,0.2,0.2,0.1,0.3,-0.1,0.2,0.2,0.2,0.2,0.2,0.1,0.1,0.2,0.2,0.2,0.2,0.2,0.2,0.2,0.2,0.3,0.2,0.2,0.2,0.2,0.2,0.2,0.2,0.2,0.1,0.2,0.2,0.1
0.000185,0.2,0.2,0.1,0.1,0.2,0.2,0.2,0.3,0.2,0.2,0.2,0.1,0.2,0.2,0.2,0.2,0.2,0.2,0.2,0.2,0.2,-0.6,0.2,0.2,0.2,0.1,0.2,0.1,0.2,0.2,0.2,-1.8,0.2,0.2,0.2,0.3,0.2,0.2,0.1,0.1,0.1,-2.72,0.2,0.2,0.2,0.2,0.2,0.2,0.2,0.2,0.2,-2.47,0.1,0.2,0.3,0.2,0.1,0.1,0.3,0.1,0.2,-1,0.1,0.2,0.1,0.2,0.2,0.3,0.1,0.1,0.2,0,0.2,0.2,0.3,0.1,0.1,0.2,0.2,0.2,0.2,0.2,0.2,0.1,0.2,0.3,0.2,0.2,0.2,0.2,0.3,0.2,0.2,0.1,0.2,0.1,0.2,0.2,0.2,0.1
0.000185,0.2,0.1,0.2,0.2,0.2,0.3,0.2,0.2,0.1,0.2,0.1,0,0.1,0.2,0.2,0.2,0.2,0.2,0.2,0.2,0.1,-0.6,0.2,0.3,0.2,0.1,0.2,0.2,0.2,0.3,0.2,-1.8,0.1,0.2,0.2,0.2,0.2,0.2,0.2,0.2,0.2,-2.62,0.2,0.2,0.2,0.2,0.2,0.2,0.2,0.2,0.2,-2.37,0.2,0.2,0.1,0.1,0.3,0.2,0.2,0.2,0.1,-1,0.3,0.2,0.2,0.1,0.2,0.3,0.3,0.2,0.2,-0.1,0.2,0.2,0.1,0.2,0.2,0.2,0.2,0.2,0.2,0.1,0.2,0.2,0.2,0.1,0.2,0.1,0.2,0.2,0.2,0.2,0.1,0.1,0.2,0.1,0.3,0.1,0.2,0.1
0.000185,0.3,0.2,0.2,0.1,0.2,0.2,0.2,0.3,0.2,0.1,0.2,-0.1,0.2,0.3,0.3,0.2,0.1,0.3,0.2,0.2,0.2,-0.5,0.1,0.3,0.2,0.1,0.2,0.1,0.1,0.2,0.1,-1.81,0.2,0.1,0.2,0.1,0.2,0.3,0.2,0.1,0.2,-2.58,0.2,0.2,0.2,0.1,0.1,0.1,0.2,0.2,0.2,-2.42,0.1,0.2,0.2,0.2,0.3,0.2,0.2,0.2,0.2,-1,0.2,0.2,0.1,0.2,0.3,0.3,0.2,0.2,0.3,0,0.2,0.2,0.2,0.2,0.2,0.2,0.1,0.3,0.2,0.1,0.2,0.1,0.2,0.3,0.2,0.3,0.2,0.2,0.2,0.2,0.2,0.2,0.2,0.1,0.2,0.3,0.3,0.1
0.000185,0.2,0.3,0.2,0.1,0.2,0.2,0.2,0.2,0.3,0.2,0.2,0,0.2,0.2,0.1,0.2,0.1,0.3,0.2,0.2,0.1,-0.5,0.1,0.1,0.2,0.1,0.2,0.1,0.2,0.2,0.1,-1.81,0.1,0.1,0.2,0.2,0.1,0.2,0.2,0.2,0.2,-2.58,0.2,0.1,0.1,0.2,0.2,0.1,0.2,0.2,0.2,-2.42,0.2,0.2,0.1,0.1,0.1,0.2,0.2,0.2,0.2,-1.1,0.2,0.3,0.1,0.1,0.1,0.2,0.2,0.2,0.2,0,0.3,0.1,0.1,0.2,0.2,0.2,0.1,0.2,0.2,0.1,0.3,0.1,0.1,0.2,0.1,0.1,0.1,0.2,0.2,0.2,0.3,0.2,0.1,0.2,0.2,0.2,0.2,0.1
0.000186,0.2,0.2,0.2,0.2,0.1,0.2,0.2,0.2,0.1,0.2,0.2,0,0.2,0.1,0.2,0.2,0.2,0.1,0.1,0.2,0.1,-0.5,0.1,0.2,0.2,0.2,0.2,0.2,0.1,0.1,0.2,-1.85,0.2,0.2,0.2,0.2,0.2,0.2,0.2,0.3,0.2,-2.68,0.1,0.2,0.2,0.3,0.1,0.1,0.2,0.2,0.2,-2.33,0.2,0.2,0.2,0.2,0.2,0.2,0.1,0.2,0.2,-1.2,0.2,0.2,0.2,0.2,0.1,0.2,0.1,0.2,0.3,-0.1,0.2,0.2,0.1,0.1,0.2,0.3,0.2,0.1,0.2,0,0.2,0.2,0.3,0.1,0.2,0.3,0.1,0.2,0.2,0.2,0.2,0.2,0.1,0.2,0.2,0.2,0.3,0.1
0.000186,0.2,0.2,0.1,0.3,0.2,0.3,0.1,0.1,0.1,0.2,0.2,-0.1,0.2,0.3,0.1,0.3,0.2,0.2,0.1,0.1,0.2,-0.5,0.2,0.3,0.1,0.2,0.3,0.2,0.1,0.2,0.2,-1.85,0.3,0.2,0.2,0.3,0.2,0.2,0.2,0.2,0.3,-2.68,0.2,0.3,0.2,0.2,0.2,0.1,0.1,0.1,0.2,-2.47,0.2,0.1,0.3,0.2,0.1,0.1,0.1,0.2,0.2,-1.2,0.1,0.2,0.2,0.2,0.1,0.2,0.2,0.2,0.1,-0.1,0.1,0.2,0.2,0.2,0.2,0.1,0.2,0.2,0.2,0,0.2,0.2,0.2,0.2,0.2,0.1,0.1,0.1,0.2,0.3,0.3,0.1,0.2,0.2,0.2,0.2,0.2,0
0.000186,0.2,0.2,0.2,0.2,0.2,0.1,0.1,0.3,0.2,0.1,0.2,0,0.2,0.2,0.2,0.2,0.3,0.2,0.3,0.1,0.1,-0.5,0.1,0.2,0.1,0.1,0.3,0.2,0.3,0.3,0.2,-1.85,0.2,0.2,0.2,0.1,0.2,0.2,0.2,0.2,0.1,-2.58,0.1,0.2,0.2,0.3,0.1,0.1,0.2,0.1,0.2,-2.37,0.3,0.2,0.2,0.1,0.2,0.2,0.2,0.2,0.2,-1,0.1,0.2,0.2,0.2,0.2,0.2,0.1,0.2,0.2,-0.1,0.2,0.2,0.1,0.3,0.2,0.2,0.2,0.1,0.2,0,0.1,0.2,0.1,0.1,0.3,0.2,0.2,0.1,0.1,0.2,0.2,0.2,0.2,0.2,0.2,0.2,0.1,-0.1
0.000186,0.2,0.2,0.2,0.2,0.2,0.2,0.1,0.2,0.3,0.2,0.2,-0.1,0.2,0.1,0.1,0.2,0.2,0.1,0.2,0.2,0.2,-0.4,0.3,0.1,0.2,0.2,0.2,0.2,0.1,0.2,0.3,-1.75,0.2,0.2,0.2,0.2,0.2,0.1,0.2,0.1,0.2,-2.63,0.2,0.2,0.1,0.2,0.2,0.1,0.2,0.1,0.2,-2.43,0.2,0.2,0.1,0.1,0.1,0.2,0.3,0.1,0.1,-1,0.3,0.1,0.3,0.2,0.3,0.2,0.1,0.2,0.2,0,0.2,0.1,0.1,0.2,0.3,0.2,0.2,0.1,0.3,0,0.2,0.3,0.3,0.2,0.2,0.1,0.1,0.1,0.1,0.2,0.1,0.2,0.2,0.2,0.2,0.3,0.3,-0.1
0.000186,0.2,0.3,0.2,0.1,0.2,0.2,0.1,0.2,0.2,0.3,0.2,0,0.2,0.2,0.3,0.2,0.2,0.2,0.2,0.1,0.3,-0.5,0.1,0.2,0.2,0.2,0.2,0.2,0.1,0.2,0.2,-1.71,0.3,0.2,0.1,0.1,0.2,0.2,0.2,0.2,0.1,-2.53,0.2,0.2,0.2,0.2,0.1,0.2,0.2,0.2,0.2,-2.29,0.1,0.2,0.1,0.3,0.2,0.1,0.1,0.1,0.1,-1.1,0.1,0.2,0.2,0.1,0.3,0.2,0.2,0.3,0.2,0,0.1,0.2,0.2,0.2,0.2,0.2,0.2,0.2,0.3,0,0.2,0.2,0.2,0.2,0.2,0.2,0.2,0.1,0.2,0.2,0.2,0.2,0.1,0.2,0.2,0.2,0.3,-0.1
0.000187,0.2,0.1,0.2,0.2,0.2,0.1,0.1,0.2,0.2,0.1,0.2,0,0.2,0.2,0.2,0.2,0.2,0.2,0.3,0.2,0.2,-0.5,0.2,0.2,0.2,0.2,0.2,0.3,0.3,0.1,0.1,-1.81,0.2,0.2,0.2,0.1,0.2,0.2,0.1,0.2,0.1,-2.58,0.2,0.2,0.2,0.2,0.2,0.2,0.2,0.2,0.1,-2.33,0.3,0.2,0.1,0.1,0.2,0.2,0.2,0.1,0.2,-1,0.2,0.2,0.2,0.1,0.3,0.3,0.2,0.2,0.2,-0.1,0.1,0.2,0.2,0.2,0.2,0.2,0.2,0.2,0.3,0.1,0.1,0.2,0.1,0.1,0.1,0.2,0.2,0.2,0.2,0.2,0.1,0.1,0.3,0.2,0.2,0.2,0.2,0
0.000187,0.2,0.2,0.2,0.1,0.3,0.2,0.2,0.2,0.1,0.3,0.2,0,0.2,0.3,0.2,0.2,0.2,0.2,0.2,0.2,0.2,-0.6,0.1,0.1,0.2,0.3,0.2,0.2,0.3,0.2,0.2,-1.8,0.2,0.2,0.2,0.2,0.2,0.2,0.2,0.2,0.1,-2.53,0.1,0.1,0.1,0.2,0.2,0.2,0.1,0.3,0.2,-2.33,0.2,0.1,0.1,0.1,0.2,0.2,0.3,0.2,0.2,-1,0.1,0.2,0.1,0.1,0.3,0.1,0.2,0.2,0.1,-0.1,0.2,0.1,0.2,0.1,0.2,0.2,0.2,0.2,0.1,0.1,0.2,0.1,0.2,0.2,0.2,0.2,0.2,0.1,0.1,0.2,0.2,0.2,0.2,0.2,0.1,0.2,0.2,0
0.000187,0.2,0.2,0.2,0.2,0.3,0.2,0.1,0.1,0.2,0.1,0.1,0.1,0.1,0.2,0.2,0.1,0.1,0.2,0.2,0.2,0.2,-0.5,0.1,0.2,0.1,0.2,0.3,0.2,0.3,0.2,0.2,-1.8,0.2,0.2,0.2,0.2,0.2,0.1,0.1,0.2,0.2,-2.49,0.2,0.2,0.2,0.2,0.1,0.2,0.2,0.2,0.2,-2.43,0.2,0.2,0.1,0.1,0.1,0.3,0.3,0.2,0.1,-0.9,0.2,0.2,0.2,0.2,0.2,0.2,0.2,0.1,0.2,-0.1,0.1,0.1,0.1,0.1,0.2,0.1,0.3,0.3,0.2,0,0.2,0.2,0.2,0.1,0.1,0.2,0.1,0.2,0.2,0.1,0.2,0.2,0.2,0.2,0.2,0.2,0.2,0.1
0.000187,0.2,0.1,0.2,0.2,0.1,0.2,0.1,0.1,0.1,0.2,0.2,0,0.2,0.1,0.2,0.2,0.2,0.2,0.2,0.2,0.2,-0.4,0.2,0.2,0.2,0.1,0.2,0.2,0.3,0.2,0.2,-1.7,0.2,0.2,0.1,0.1,0.2,0.3,0.1,0.1,0.2,-2.59,0.2,0.2,0.2,0.2,0.2,0.2,0.2,0.2,0.2,-2.33,0.2,0.1,0.3,0.1,0.2,0.2,0.2,0.2,0.2,-0.9,0.1,0.1,0.1,0.2,0.1,0.2,0.1,0.3,0.2,0,0.3,0.2,0.2,0.2,0.3,0.2,0.1,0.2,0.2,0.1,0.1,0.2,0.3,0.1,0.2,0.2,0.2,0.2,0.2,0.1,0.3,0.2,0.2,0.2,0.2,0.2,0.2,0
0.000187,0.2,0.1,0.2,0.2,0.2,0.2,0.3,0.2,0.2,0.3,0.2,0,0.2,0.2,0.2,0.2,0.1,0.1,0.2,0.2,0.2,-0.5,0.2,0.3,0.2,0.1,0.1,0.2,0.2,0.2,0.2,-1.7,0.1,0.2,0.2,0.1,0.2,0.2,0.2,0.2,0.2,-2.55,0.2,0.1,0.2,0.2,0.1,0.2,0.2,0.2,0.2,-2.37,0.1,0.3,0.2,0.1,0.1,0.2,0.2,0.2,0.2,-0.9,0.1,0.2,0.2,0.2,0.2,0.2,0.1,0.2,0.2,0,0.2,0.1,0.2,0.2,0.2,0.2,0.1,0.2,0.1,0.1,0.2,0.2,0.2,0.2,0.2,0.2,0.1,0.1,0.2,0.1,0.2,0.2,0.1,0.2,0.2,0.2,0.3,0.2
