Time(s),0 m,0.0068 m,0.0136 m,0.0204 m,0.0272 m,0.034 m,0.0408 m,0.0476 m,0.0544 m,0.0612 m,0.068 m,0.0748 m,0.0816 m,0.0884 m,0.0952 m,0.102 m,0.1088 m,0.1156 m,0.1224 m,0.1292 m,0.136 m,0.1428 m,0.1496 m,0.1564 m,0.1632 m,0.17 m,0.1768 m,0.1836 m,0.1904 m,0.1972 m,0.204 m,0.2108 m,0.2176 m,0.2244 m,0.2312 m,0.238 m,0.2448 m,0.2516 m,0.2584 m,0.2652 m,0.272 m,0.2788 m,0.2856 m,0.2924 m,0.2992 m,0.306 m,0.3128 m,0.3196 m,0.3264 m,0.3332 m,0.34 m,0.3468 m,0.3536 m,0.3604 m,0.3672 m,0.374 m,0.3808 m,0.3876 m,0.3944 m,0.4012 m,0.408 m,0.4148 m,0.4216 m,0.4284 m,0.4352 m,0.442 m,0.4488 m,0.4556 m,0.4624 m,0.4692 m,0.476 m,0.4828 m,0.4896 m,0.4964 m,0.5032 m,0.51 m,0.5168 m,0.5236 m,0.5304 m,0.5372 m,0.544 m,0.5508 m,0.5576 m,0.5644 m,0.5712 m,0.578 m,0.5848 m,0.5916 m,0.5984 m,0.6052 m,0.612 m,0.6188 m,0.6256 m,0.6324 m,0.6392 m,0.646 m,0.6528 m,0.6596 m,0.6664 m,0.6732 m
-0.0000124,0.1,0.1,0.1,0.1,0.1,0.1,0.1,0.1,0.1,0.1,0.1,0.1,0.1,0.1,0.1,0.1,0.1,0.1,0.1,0.1,0.1,0.1,0.1,0.1,0.1,0.1,0.1,0.1,0.1,0.1,0.1,0.1,0.1,0.1,0.1,0.1,0.1,0.1,0.1,0.1,0.1,0.1,0.1,0.1,0.1,0.1,0.1,0.1,0.1,0.1,0.1,0.1,0.1,0.1,0.1,0.1,0.1,0.1,0.1,0.1,0.1,0.1,0.1,0.1,0.1,0.1,0.1,0.1,0.1,0.1,0.1,0.1,0.1,0.1,0.1,0.1,0.1,0.1,0.1,0.1,0.1,0.1,0.1,0.1,0.1,0.1,0.1,0.1,0.1,0.1,0.1,0.1,0.1,0.1,0.1,0.1,0.1,0.1,0.1,0.1
-0.0000122,0,0,0,0,0,0,0,0,0,0,0,0,0,0,0,0,0,0,0,0,0,0,0,0,0,0,0,0,0,0,0,0,0,0,0,0,0,0,0,0,0,0,0,0,0,0,0,0,0,0,0,0,0,0,0,0,0,0,0,0,0,0,0,0,0,0,0,0,0,0,0,0,0,0,0,0,0,0,0,0,0,0,0,0,0,0,0,0,0,0,0,0,0,0,0,0,0,0,0,0
-0.000012,0.1,0.1,0.1,0.1,0.1,0.1,0.1,0.1,0.1,0.1,0.1,0.1,0.1,0.1,0.1,0.1,0.1,0.1,0.1,0.1,0.1,0.1,0.1,0.1,0.1,0.1,0.1,0.1,0.1,0.1,0.1,0.1,0.1,0.1,0.1,0.1,0.1,0.1,0.1,0.1,0.1,0.1,0.1,0.1,0.1,0.1,0.1,0.1,0.1,0.1,0.1,0.1,0.1,0.1,0.1,0.1,0.1,0.1,0.1,0.1,0.1,0.1,0.1,0.1,0.1,0.1,0.1,0.1,0.1,0.1,0.1,0.1,0.1,0.1,0.1,0.1,0.1,0.1,0.1,0.1,0.1,0.1,0.1,0.1,0.1,0.1,0.1,0.1,0.1,0.1,0.1,0.1,0.1,0.1,0.1,0.1,0.1,0.1,0.1,0.1
-0.0000118,0,0,0,0,0,0,0,0,0,0,0,0,0,0,0,0,0,0,0,0,0,0,0,0,0,0,0,0,0,0,0,0,0,0,0,0,0,0,0,0,0,0,0,0,0,0,0,0,0,0,0,0,0,0,0,0,0,0,0,0,0,0,0,0,0,0,0,0,0,0,0,0,0,0,0,0,0,0,0,0,0,0,0,0,0,0,0,0,0,0,0,0,0,0,0,0,0,0,0,0
-0.0000116,0.1,0.1,0.1,0.1,0.1,0.1,0.1,0.1,0.1,0.1,0.1,0.1,0.1,0.1,0.1,0.1,0.1,0.1,0.1,0.1,0.1,0.1,0.1,0.1,0.1,0.1,0.1,0.1,0.1,0.1,0.1,0.1,0.1,0.1,0.1,0.1,0.1,0.1,0.1,0.1,0.1,0.1,0.1,0.1,0.1,0.1,0.1,0.1,0.1,0.1,0.1,0.1,0.1,0.1,0.1,0.1,0.1,0.1,0.1,0.1,0.1,0.1,0.1,0.1,0.1,0.1,0.1,0.1,0.1,0.1,0.1,0.1,0.1,0.1,0.1,0.1,0.1,0.1,0.1,0.1,0.1,0.1,0.1,0.1,0.1,0.1,0.1,0.1,0.1,0.1,0.1,0.1,0.1,0.1,0.1,0.1,0.1,0.1,0.2,0.1
-0.0000114,0,0,0,0,0,0,0,0,0,0,0,0,0,0,0,0,0,0,0,0,0,0,0,0,0,0,0,0,0,0,0,0,0,0,0,0,0,0,0,0,0,0,0,0,0,0,0,0,0,0,0,0,0,0,0,0,0,0,0,0,0,0,0,0,0,0,0,0,0,0,0,0,0,0,0,0,0,0,0,0,0,0,0,0,0,0,0,0,0,0,0,0,0,0,0,0,0,0,0.1,0
-0.0000112,0.1,0.1,0.1,0.1,0.1,0.1,0.1,0.1,0.1,0.1,0.1,0.1,0.1,0.1,0.1,0.1,0.1,0.1,0.1,0.1,0.1,0.1,0.1,0.1,0.1,0.1,0.1,0.1,0.1,0.1,0.1,0.1,0.1,0.1,0.1,0.1,0.1,0.1,0.1,0.1,0.1,0.1,0.1,0.1,0.1,0.1,0.1,0.1,0.1,0.1,0.1,0.1,0.1,0.1,0.1,0.1,0.1,0.1,0.1,0.1,0.1,0.1,0.1,0.1,0.1,0.1,0.1,0.1,0.1,0.1,0.1,0.1,0.1,0.1,0.1,0.1,0.1,0.1,0.1,0.1,0.1,0.1,0.1,0.1,0.1,0.1,0.1,0.1,0.1,0.1,0.1,0.1,0.1,0.1,0.1,0.1,0.1,0.1,0,0.1
-0.000011,0.2,0.2,0.2,0.2,0.2,0.2,0.2,0.2,0.2,0.2,0.2,0.2,0.2,0.2,0.2,0.2,0.2,0.2,0.2,0.2,0.2,0.2,0.2,0.2,0.2,0.2,0.2,0.2,0.2,0.2,0.2,0.2,0.2,0.2,0.2,0.2,0.2,0.2,0.2,0.2,0.2,0.2,0.2,0.2,0.2,0.2,0.2,0.2,0.2,0.2,0.2,0.2,0.2,0.2,0.2,0.2,0.2,0.2,0.2,0.2,0.2,0.2,0.2,0.2,0.2,0.2,0.2,0.2,0.2,0.2,0.2,0.2,0.2,0.2,0.2,0.2,0.2,0.2,0.2,0.2,0.2,0.2,0.2,0.2,0.2,0.2,0.2,0.2,0.2,0.2,0.2,0.2,0.2,0.2,0.2,0.2,0.2,0.2,0.1,0.2
-0.0000108,0.1,0.1,0.1,0.1,0.1,0.1,0.1,0.1,0.1,0.1,0.1,0.1,0.1,0.1,0.1,0.1,0.1,0.1,0.1,0.1,0.1,0.1,0.1,0.1,0.1,0.1,0.1,0.1,0.1,0.1,0.1,0.1,0.1,0.1,0.1,0.1,0.1,0.1,0.1,0.1,0.1,0.1,0.1,0.1,0.1,0.1,0.1,0.1,0.1,0.1,0.1,0.1,0.1,0.1,0.1,0.1,0.1,0.1,0.1,0.1,0.1,0.1,0.1,0.1,0.1,0.1,0.1,0.1,0.1,0.1,0.1,0.1,0.1,0.1,0.1,0.1,0.1,0.1,0.1,0.1,0.1,0.1,0.1,0.1,0.1,0.1,0.1,0.1,0.1,0.1,0.1,0.1,0.1,0.1,0.1,0.1,0.1,0.1,0,0.1
-0.0000106,0.1,0.1,0.1,0.1,0.1,0.1,0.1,0.1,0.1,0.1,0.1,0.1,0.1,0.1,0.1,0.1,0.1,0.1,0.1,0.1,0.1,0.1,0.1,0.1,0.1,0.1,0.1,0.1,0.1,0.1,0.1,0.1,0.1,0.1,0.1,0.1,0.1,0.1,0.1,0.1,0.1,0.1,0.1,0.1,0.1,0.1,0.1,0.1,0.1,0.1,0.1,0.1,0.1,0.1,0.1,0.1,0.1,0.1,0.1,0.1,0.1,0.1,0.1,0.1,0.1,0.1,0.1,0.1,0.1,0.1,0.1,0.1,0.1,0.1,0.1,0.1,0.1,0.1,0.1,0.1,0.1,0.1,0.1,0.1,0.1,0.1,0.1,0.1,0.1,0.1,0.1,0.1,0.1,0.1,0.1,0.1,0.1,0.1,0.1,0.1
-0.0000104,0,0,0,0,0,0,0,0,0,0,0,0,0,0,0,0,0,0,0,0,0,0,0,0,0,0,0,0,0,0,0,0,0,0,0,0,0,0,0,0,0,0,0,0,0,0,0,0,0,0,0,0,0,0,0,0,0,0,0,0,0,0,0,0,0,0,0,0,0,0,0,0,0,0,0,0,0,0,0,0,0,0,0,0,0,0,0,0,0,0,0,0,0,0,0,0,0,0,0.1,0
-0.0000102,0.1,0.1,0.1,0.1,0.1,0.1,0.1,0.1,0.1,0.1,0.1,0.1,0.1,0.1,0.1,0.1,0.1,0.1,0.1,0.1,0.1,0.1,0.1,0.1,0.1,0.1,0.1,0.1,0.1,0.1,0.1,0.1,0.1,0.1,0.1,0.1,0.1,0.1,0.1,0.1,0.1,0.1,0.1,0.1,0.1,0.1,0.1,0.1,0.1,0.1,0.1,0.1,0.1,0.1,0.1,0.1,0.1,0.1,0.1,0.1,0.1,0.1,0.1,0.1,0.1,0.1,0.1,0.1,0.1,0.1,0.1,0.1,0.1,0.1,0.1,0.1,0.1,0.1,0.1,0.1,0.1,0.1,0.1,0.1,0.1,0.1,0.1,0.1,0.1,0.1,0.1,0.1,0.1,0.1,0.1,0.1,0.1,0.1,0.1,0.1
-0.00001,0,0,0,0,0,0,0,0,0,0,0,0,0,0,0,0,0,0,0,0,0,0,0,0,0,0,0,0,0,0,0,0,0,0,0,0,0,0,0,0,0,0,0,0,0,0,0,0,0,0,0,0,0,0,0,0,0,0,0,0,0,0,0,0,0,0,0,0,0,0,0,0,0,0,0,0,0,0,0,0,0,0,0,0,0,0,0,0,0,0,0,0,0,0,0,0,0,0,0.1,0
-0.0000098,0,0,0,0,0,0,0,0,0,0,0,0,0,0,0,0,0,0,0,0,0,0,0,0,0,0,0,0,0,0,0,0,0,0,0,0,0,0,0,0,0,0,0,0,0,0,0,0,0,0,0,0,0,0,0,0,0,0,0,0,0,0,0,0,0,0,0,0,0,0,0,0,0,0,0,0,0,0,0,0,0,0,0,0,0,0,0,0,0,0,0,0,0,0,0,0,0,0,0.1,0
-0.0000096,0.3,0.1,0.1,0,0,0,0,-0.1,-0.1,-0.1,-0.1,0.1,-0.2,0,-0.2,-0.1,-0.2,-0.3,-0.3,-0.5,-0.5,0,-0.7,-0.9,-1,-1.1,-1.4,-1.4,-1.5,-1.8,-2,0.1,-2.36,-2.62,-2.92,-2.83,-3.02,-3.1,-3.18,-3.13,-3.05,0.1,-3.26,-3.26,-3.22,-3.32,-3.25,-3.25,-3.18,-3.09,-3.02,0.1,-2.7,-2.7,-2.53,-2.53,-2.3,-2.23,-2,-1.8,-1.7,0.1,-1.2,-1.2,-1,-0.9,-0.8,-0.7,-0.6,-0.6,-0.5,0,-0.2,-0.2,-0.2,-0.1,-0.2,-0.1,0,-0.1,-0.1,0,0,0,0.1,-0.1,0,0,0,-0.1,0,0.1,0,0,0,0,0,0.1,0.1,0.1
-0.0000094,0.4,0,0,0,0,-0.1,0,-0.1,-0.1,-0.1,0,0.2,-0.1,-0.2,-0.2,-0.2,-0.2,-0.3,-0.3,-0.4,-0.5,0.1,-0.7,-0.8,-1,-1.1,-1.4,-1.4,-1.5,-1.8,-2.04,0.1,-2.4,-2.66,-2.79,-2.88,-2.98,-3.1,-3.05,-3.13,-3.09,0,-3.31,-3.22,-3.22,-3.32,-3.25,-3.25,-3.18,-3.15,-2.96,0,-2.7,-2.7,-2.53,-2.44,-2.36,-2.18,-1.9,-1.8,-1.8,0.1,-1.3,-1.2,-1,-0.9,-0.8,-0.7,-0.6,-0.5,-0.4,0.1,-0.2,-0.3,-0.2,-0.1,-0.2,-0.1,0,-0.1,-0.1,0.2,0,-0.1,0.1,0,-0.1,0.1,0,-0.1,0,0,0.1,0.2,-0.1,0,0,0,0.1,0.1
-0.0000092,0.3,0,0.1,0,0,-0.1,0,-0.1,-0.1,-0.1,-0.1,0.2,-0.1,-0.2,-0.2,-0.2,-0.3,-0.2,-0.3,-0.4,-0.5,0.1,-0.7,-0.9,-1,-1.2,-1.3,-1.4,-1.6,-1.8,-2,0.1,-2.53,-2.57,-2.79,-2.82,-2.93,-3.1,-3.05,-3.18,-3.05,0,-3.31,-3.18,-3.22,-3.23,-3.25,-3.21,-3.12,-3.06,-2.96,0,-2.76,-2.66,-2.57,-2.4,-2.36,-2.14,-1.9,-1.9,-1.8,0,-1.3,-1.2,-1,-1,-0.8,-0.7,-0.6,-0.6,-0.4,0,-0.2,-0.2,-0.2,-0.2,-0.2,-0.1,-0.1,-0.1,-0.1,0.2,-0.2,0,-0.1,0,0,0.1,0.1,-0.1,0,0.1,0.1,0,0.1,0,0,0.1,0.1,0.1
-0.000009,0.3,0,0,-0.1,-0.1,-0.1,0.1,0,0,0,-0.1,0.2,-0.1,-0.1,-0.1,-0.2,-0.4,-0.3,-0.3,-0.4,-0.5,0,-0.7,-0.8,-0.9,-1.1,-1.3,-1.4,-1.6,-1.7,-1.95,0,-2.53,-2.57,-2.7,-2.9,-2.93,-3.15,-3.05,-3.13,-3.16,0.1,-3.26,-3.22,-3.28,-3.28,-3.26,-3.21,-3.12,-3.06,-2.96,0.1,-2.62,-2.66,-2.57,-2.36,-2.36,-2.1,-2,-1.8,-1.7,0,-1.3,-1.2,-1,-0.8,-0.8,-0.7,-0.7,-0.5,-0.5,0.2,-0.3,-0.2,-0.2,-0.2,-0.1,-0.2,-0.1,-0.1,0,0.1,-0.2,0,0,0,0,0.1,0,0,0,0.1,0,0,0.1,0,0,0.2,0.2,0
-0.0000088,0.2,0,0,0.1,-0.1,0,0,0.1,-0.1,-0.1,0,0,-0.1,-0.1,-0.2,-0.3,-0.3,-0.3,-0.3,-0.3,-0.4,0.1,-0.8,-0.8,-1,-1.1,-1.2,-1.5,-1.6,-1.8,-1.91,0.2,-2.43,-2.57,-2.66,-2.8,-2.93,-3.02,-3.1,-3.13,-3.02,0.1,-3.26,-3.26,-3.18,-3.28,-3.22,-3.21,-3.16,-3.02,-3,0.2,-2.7,-2.66,-2.57,-2.31,-2.31,-2.14,-1.8,-1.8,-1.7,0,-1.3,-1.2,-1.1,-0.9,-0.8,-0.7,-0.7,-0.5,-0.6,0.1,-0.3,-0.3,-0.2,-0.2,-0.1,-0.1,-0.1,-0.1,0,0.1,0,-0.1,0,-0.1,0,0.1,0.1,0,0,0.1,0.1,0,0.1,0,0,0.1,0.1,0.1
-0.0000086,0.2,0.1,0,0,0,0,0,0,-0.1,-0.2,0,0,-0.1,-0.1,-0.2,-0.2,-0.2,-0.2,-0.3,-0.5,-0.5,0.1,-0.8,-0.9,-1,-1.1,-1.2,-1.5,-1.6,-1.8,-2,0.2,-2.44,-2.53,-2.66,-2.9,-2.93,-3,-3,-3.18,-3.02,0.2,-3.35,-3.25,-3.13,-3.18,-3.09,-3.12,-3.12,-3.02,-2.96,0.1,-2.75,-2.66,-2.57,-2.31,-2.36,-2.14,-1.9,-1.8,-1.7,0,-1.3,-1.2,-1,-0.9,-0.8,-0.7,-0.6,-0.4,-0.5,0.2,-0.2,-0.2,-0.2,-0.1,-0.1,-0.1,-0.1,-0.1,0,0.1,-0.1,0.1,-0.1,0,0,0,0.1,0,0,0,0,0,0.1,-0.1,0,0.1,0.1,0
-0.0000084,0.3,0.1,0,0,0,0,0,0,-0.1,0,0,0.1,-0.1,-0.2,-0.2,-0.3,-0.3,-0.3,-0.3,-0.3,-0.5,0.1,-0.8,-0.9,-1,-1.1,-1.3,-1.3,-1.6,-1.8,-2.01,0,-2.44,-2.53,-2.66,-2.88,-2.98,-3.1,-3.13,-3.18,-2.98,0.1,-3.31,-3.25,-3.13,-3.22,-3.09,-3.13,-3.22,-3.02,-3,0.1,-2.79,-2.62,-2.57,-2.31,-2.31,-2.18,-1.9,-1.8,-1.7,0.1,-1.3,-1.2,-1.1,-0.9,-1,-0.7,-0.6,-0.6,-0.5,0.1,-0.3,-0.3,-0.2,-0.2,0,-0.2,-0.2,-0.1,0,0,-0.1,0,0,0,0,0,0.1,0,0,0.1,0,0,0,0,0,0.1,0.1,0.2
-0.0000082,0.2,0,0.1,0.1,0,0.1,0.1,0,-0.1,-0.1,0,0.1,-0.1,-0.2,-0.2,-0.3,-0.3,-0.3,-0.3,-0.3,-0.5,0.1,-0.7,-0.9,-1,-1.1,-1.2,-1.5,-1.5,-1.9,-2.01,0.1,-2.4,-2.53,-2.75,-2.88,-2.93,-3.1,-3.13,-3.18,-3.02,0.1,-3.26,-3.25,-3.18,-3.22,-3.09,-3.09,-3.08,-3.02,-3,0,-2.75,-2.66,-2.57,-2.36,-2.26,-2.14,-1.8,-1.9,-1.7,0.1,-1.2,-1.2,-1,-0.8,-0.8,-0.8,-0.7,-0.5,-0.4,0.1,-0.3,-0.3,-0.1,-0.2,0,-0.2,-0.1,-0.1,0,0.1,-0.1,0,0.1,0,-0.1,-0.1,0.1,0,0,0.1,0,0,0.1,0,0,0,0,0.2
-0.000008,0.2,0.1,0.1,0,0,0,0,0,-0.1,-0.1,0,0.1,-0.1,-0.2,-0.1,-0.2,-0.3,-0.4,-0.5,-0.3,-0.4,0,-0.7,-0.9,-1,-1.1,-1.3,-1.5,-1.5,-1.8,-2.01,0.1,-2.36,-2.53,-2.75,-2.79,-2.93,-3.06,-3.08,-3.18,-2.98,0.1,-3.26,-3.35,-3.28,-3.26,-3.13,-3.13,-3.13,-2.96,-2.96,0.1,-2.7,-2.62,-2.53,-2.34,-2.21,-2.14,-1.9,-1.8,-1.7,0.1,-1.4,-1.1,-1,-0.8,-0.8,-0.7,-0.6,-0.5,-0.5,0.1,-0.3,-0.2,-0.1,-0.2,0,-0.1,-0.1,-0.1,0,0,-0.1,0,0,0,-0.1,-0.1,0,0,0,0.1,0,0,0,0,0,0,0.1,0.1
-0.0000078,0.2,0.1,0,0,-0.1,0,-0.1,0,-0.1,-0.1,-0.1,0.1,0,-0.2,-0.1,-0.2,-0.2,-0.4,-0.4,-0.3,-0.5,0,-0.7,-0.8,-1,-1.1,-1.3,-1.4,-1.5,-1.8,-1.8,0,-2.41,-2.57,-2.75,-2.75,-2.93,-3.06,-3.12,-3.18,-3.06,0.1,-3.26,-3.16,-3.18,-3.22,-3.13,-3.09,-3.13,-3,-2.92,0.1,-2.62,-2.66,-2.49,-2.39,-2.26,-2.14,-1.9,-1.8,-1.8,0.2,-1.2,-1.1,-1.1,-0.9,-0.7,-0.7,-0.6,-0.6,-0.4,0,-0.4,-0.2,-0.2,-0.2,-0.2,-0.1,-0.1,-0.1,0,0.1,0,0,0,0,-0.1,-0.1,0,0.1,0,0.1,0,0,-0.1,0,0,-0.1,0,0.1
-0.0000076,0.1,0.1,0,0,-0.1,0,-0.1,0,-0.1,0,-0.1,0.1,-0.1,-0.2,-0.2,-0.1,-0.3,-0.3,-0.4,-0.4,-0.5,0,-0.6,-0.9,-1,-1.1,-1.3,-1.4,-1.6,-1.7,-1.9,0.1,-2.37,-2.62,-2.69,-2.75,-2.89,-2.92,-3.12,-3.08,-2.96,0.1,-3.26,-3.26,-3.13,-3.22,-3.13,-3.05,-3.13,-3.05,-2.93,0.1,-2.67,-2.66,-2.49,-2.43,-2.3,-2.1,-1.9,-1.8,-1.7,0,-1.2,-1.2,-1,-0.9,-0.8,-0.7,-0.6,-0.5,-0.4,0.1,-0.2,-0.3,-0.2,-0.2,-0.1,-0.1,0,-0.1,-0.1,0.2,-0.1,0,0,0,0,-0.1,0,0,-0.1,0.2,0,0,0.1,0,0,0,0.1,0.1
-0.0000074,0.2,0,0,0,0,0,-0.1,-0.1,0.1,-0.1,-0.1,0,-0.1,-0.2,-0.2,-0.2,-0.2,-0.3,-0.4,-0.3,-0.5,0.1,-0.7,-0.9,-1,-1.1,-1.3,-1.4,-1.5,-1.8,-1.91,0,-2.41,-2.62,-2.73,-2.75,-2.89,-3.06,-3.18,-3.13,-2.96,0,-3.22,-3.18,-3.13,-3.18,-3.26,-3,-3.09,-3,-2.85,0.2,-2.73,-2.66,-2.44,-2.33,-2.3,-2.1,-1.8,-1.9,-1.7,0.1,-1.4,-1.1,-1.1,-1,-0.7,-0.7,-0.7,-0.5,-0.4,0,-0.2,-0.2,-0.2,-0.1,-0.2,-0.1,-0.1,-0.1,-0.1,0,-0.1,0,0,0,-0.1,-0.1,0,0,0.1,0,0,0,0,-0.1,0.1,-0.1,0.1,0.1
-0.0000072,0.2,-0.1,0,0,0,0,0,-0.1,0,0,-0.1,0,-0.1,-0.2,-0.2,-0.2,-0.3,-0.3,-0.4,-0.4,-0.5,0.1,-0.7,-0.9,-0.9,-1.1,-1.3,-1.4,-1.5,-1.8,-1.9,0.1,-2.27,-2.47,-2.69,-2.75,-2.89,-3.02,-2.99,-3.13,-2.96,0,-3.18,-3.18,-3.09,-3.28,-3.18,-3.09,-3.09,-3.05,-2.9,0.2,-2.59,-2.66,-2.44,-2.39,-2.31,-2.1,-1.9,-1.9,-1.7,0.1,-1.2,-1.1,-1,-0.9,-0.6,-0.7,-0.7,-0.5,-0.5,0,-0.2,-0.3,-0.2,-0.2,-0.3,-0.1,0,-0.1,0,0.1,0,0,0,-0.1,0,0,0.1,-0.1,0,0,0,-0.1,0,-0.1,0.1,0,0.1,0.1
-0.000007,0.3,0,0,0,-0.1,0,-0.1,-0.1,0,0,-0.1,0.1,-0.1,-0.2,-0.2,-0.1,-0.3,-0.2,-0.2,-0.4,-0.4,0.1,-0.7,-1,-0.8,-1.1,-1.3,-1.4,-1.5,-1.8,-2,0,-2.36,-2.57,-2.65,-2.88,-2.75,-2.98,-3.09,-3.05,-3,0.1,-3.22,-3.18,-3.13,-3.18,-3.18,-3.05,-3.05,-3,-2.8,0,-2.59,-2.62,-2.44,-2.34,-2.21,-2.05,-1.9,-1.9,-1.7,0,-1.2,-1.1,-1,-0.9,-0.8,-0.6,-0.6,-0.6,-0.5,0.2,-0.2,-0.2,-0.1,-0.1,-0.1,-0.1,0,-0.1,-0.1,0.2,0,-0.1,0,0,0,0,0,-0.1,0,0,0,-0.1,0,-0.1,0.1,0,0.1,0
-0.0000068,0.2,-0.1,0,0,0,-0.1,0,-0.1,-0.1,0,0,0,-0.1,-0.2,-0.1,-0.2,-0.2,-0.2,-0.3,-0.3,-0.5,0.1,-0.7,-0.9,-1,-1.1,-1.3,-1.4,-1.5,-1.7,-2,0,-2.36,-2.53,-2.79,-2.88,-2.79,-2.98,-3.05,-3.06,-2.96,0.1,-3.22,-3.22,-3.23,-3.18,-3.13,-3.13,-3.13,-2.96,-2.85,0,-2.57,-2.57,-2.49,-2.34,-2.17,-2.01,-1.9,-1.9,-1.8,0.1,-1.2,-1.1,-1,-0.9,-0.8,-0.6,-0.6,-0.5,-0.5,0.1,-0.3,-0.2,-0.2,-0.1,-0.1,-0.1,-0.1,-0.2,0,0.1,0,0,0.1,0,0,0,0.1,-0.1,0.1,0.1,0,0,0,0,0,0,0.1,0.1
-0.0000066,0.2,0,0,-0.1,0,0,0,-0.1,-0.1,-0.1,0.1,0.1,0,-0.1,-0.1,-0.2,-0.3,-0.3,-0.3,-0.4,-0.5,0.1,-0.7,-0.9,-0.8,-1.1,-1.4,-1.4,-1.5,-1.7,-1.8,0,-2.36,-2.53,-2.7,-2.79,-2.79,-2.98,-3,-3.06,-2.92,0.1,-3.13,-3.18,-3.09,-3.18,-3.09,-3.03,-3.03,-3,-2.85,0.1,-2.62,-2.59,-2.53,-2.36,-2.31,-2.11,-1.8,-1.7,-1.7,0,-1.2,-1.2,-0.9,-1,-0.8,-0.7,-0.6,-0.5,-0.4,0,-0.2,-0.2,-0.2,-0.2,-0.2,0,-0.2,-0.1,-0.1,0.1,0,0,0.1,0,0.1,0.1,0,-0.1,0,0.2,0,0,0.2,0,0.1,0.1,0.1,0
-0.0000064,0.2,0.1,0,0,0,-0.1,0.1,-0.1,-0.1,0,-0.1,0.1,-0.2,-0.2,-0.2,-0.1,-0.3,-0.2,-0.3,-0.4,-0.5,0.1,-0.7,-0.8,-1,-1.1,-1.3,-1.4,-1.5,-1.7,-1.9,0.1,-2.36,-2.53,-2.7,-2.83,-2.79,-3.03,-2.96,-3,-3.02,0,-3.18,-3.18,-3.15,-3.13,-3.13,-3.03,-3.03,-2.96,-2.93,0.1,-2.75,-2.59,-2.49,-2.27,-2.13,-2.11,-1.8,-1.8,-1.7,0.1,-1.3,-1.2,-1,-0.8,-0.8,-0.7,-0.5,-0.5,-0.4,0,-0.4,-0.2,-0.2,-0.2,-0.2,-0.1,-0.1,-0.1,-0.1,0,0,0.1,0,-0.1,0,0,0.1,0,0.1,0.2,0,0.1,0.1,0,0.1,0.1,0.1,0.1
-0.0000062,0.1,0,0,0,-0.1,0,0,0.1,-0.1,0,-0.1,0.1,-0.2,-0.2,-0.2,-0.2,-0.3,-0.3,-0.3,-0.3,-0.5,0.1,-0.7,-0.8,-0.9,-1.1,-1.2,-1.3,-1.5,-1.7,-2,0.1,-2.36,-2.49,-2.66,-2.75,-2.79,-2.89,-2.96,-3.09,-3.02,0.1,-3.13,-3.18,-3.05,-3.13,-3.09,-3.12,-3.03,-2.96,-2.88,0.1,-2.69,-2.53,-2.49,-2.27,-2.27,-2.01,-1.8,-1.7,-1.7,0.1,-1.3,-1.2,-1.1,-0.9,-0.7,-0.7,-0.6,-0.5,-0.4,0.2,-0.4,-0.2,-0.2,-0.2,-0.2,0,-0.1,-0.1,0,0,0,0,0.1,-0.1,0,0,0,0,0,0.1,0.1,0.1,0,0,0.1,0.1,0,0.1
-0.000006,0.2,0.1,0,-0.1,0,0,-0.1,0,0,0,0,0.1,-0.1,-0.2,-0.1,-0.2,-0.2,-0.3,-0.3,-0.3,-0.5,0.2,-0.7,-0.8,-1,-1.1,-1.3,-1.3,-1.6,-1.7,-2,0.1,-2.36,-2.53,-2.66,-2.7,-2.83,-2.89,-3,-3.09,-2.88,0,-3.18,-3.22,-3.09,-3.15,-3.05,-3.08,-2.99,-2.88,-2.92,0.1,-2.69,-2.59,-2.49,-2.18,-2.13,-2.1,-1.8,-1.8,-1.7,0,-1.2,-1.2,-1.1,-1,-0.8,-0.7,-0.6,-0.4,-0.5,0.1,-0.3,-0.2,-0.2,-0.2,0,-0.1,-0.1,-0.1,0,0,-0.1,0,-0.1,-0.1,0,0,0,0,0,0.1,0.1,0.1,0,0,0.1,0.1,0,0.1
-0.0000058,0.2,0.1,0,0,-0.2,0,0,0.1,-0.1,0,0,0,-0.1,-0.2,-0.2,-0.2,-0.2,-0.4,-0.4,-0.3,-0.5,0.1,-0.7,-0.8,-1,-1,-1.3,-1.4,-1.6,-1.7,-1.9,0.1,-2.36,-2.53,-2.62,-2.72,-2.88,-2.93,-3.05,-3.13,-3.02,0.2,-3.22,-3.18,-3.15,-3.13,-3.05,-3.08,-3.03,-2.92,-2.92,0.1,-2.79,-2.53,-2.44,-2.27,-2.21,-2.14,-1.9,-1.8,-1.7,0.1,-1.2,-1.2,-1,-1,-0.8,-0.7,-0.6,-0.5,-0.5,0.1,-0.4,-0.2,-0.2,-0.2,-0.1,-0.1,-0.1,-0.1,-0.1,0.2,-0.1,0.1,0,0,0.1,0,0,0,0,0,0.1,0.1,0.1,0,0.1,0.1,0.1,0.1
-0.0000056,0.2,0.1,-0.1,0,-0.1,0.1,-0.1,0.1,0,0.1,0,0.1,0,-0.2,-0.1,-0.2,-0.2,-0.2,-0.3,-0.3,-0.5,0.1,-0.7,-0.8,-1,-1,-1.3,-1.3,-1.6,-1.7,-1.8,0.1,-2.27,-2.49,-2.57,-2.67,-2.79,-3.02,-3.05,-3.03,-2.83,0.1,-3.22,-3.13,-3.15,-3.05,-3.05,-3.03,-2.99,-3.02,-2.88,0,-2.56,-2.57,-2.4,-2.36,-2.21,-2.14,-1.8,-1.8,-1.7,0.2,-1.3,-1.1,-1,-0.9,-0.8,-0.7,-0.6,-0.6,-0.5,0.1,-0.3,-0.3,-0.2,-0.2,0,-0.1,-0.1,-0.1,0.1,0.1,-0.1,0.1,0,0,0,-0.1,0,0.1,-0.1,0,0.1,0.1,0,0.1,0.1,0.1,0,0.1
-0.0000054,0.3,0,0,0,0,0,-0.1,0,-0.1,0,-0.1,0,0,-0.2,-0.1,-0.2,-0.2,-0.4,-0.4,-0.3,-0.5,0.1,-0.8,-0.9,-1,-1,-1.2,-1.3,-1.5,-1.7,-1.8,0,-2.46,-2.49,-2.62,-2.76,-2.75,-2.88,-3,-3.03,-2.93,0.1,-3.26,-3.13,-3.15,-3.05,-3.05,-3.09,-2.99,-2.92,-2.88,0,-2.66,-2.62,-2.4,-2.3,-2.26,-2.1,-1.9,-1.8,-1.7,0.1,-1.2,-1.2,-1.1,-0.9,-0.9,-0.7,-0.6,-0.5,-0.5,0,-0.3,-0.3,-0.2,-0.2,-0.1,-0.2,-0.1,-0.1,-0.1,0,-0.1,0,0,0,-0.1,0,0,0.1,0,0,0,0.1,0,0.1,0.1,0,0,0
-0.0000052,0.2,0.1,0,0,-0.1,0.1,-0.2,0,0.1,0,0,0,0,-0.2,-0.1,-0.2,-0.2,-0.2,-0.4,-0.4,-0.5,0,-0.7,-0.8,-1,-1.1,-1.3,-1.3,-1.5,-1.7,-1.8,0.1,-2.27,-2.57,-2.62,-2.76,-2.85,-2.92,-3.05,-3.03,-2.88,0.1,-3.26,-3.13,-3,-3.19,-3.05,-3,-2.95,-2.92,-2.83,0.1,-2.57,-2.56,-2.4,-2.3,-2.21,-2.04,-1.9,-1.8,-1.7,0,-1.2,-1.1,-1.1,-0.9,-0.8,-0.6,-0.6,-0.6,-0.5,0,-0.3,-0.2,-0.2,-0.1,-0.1,-0.1,-0.1,-0.1,0,0.1,-0.1,-0.1,0,-0.1,0,0.1,0,0,0,0.2,0.1,0,-0.1,0.1,0.1,0,0.1,0.1
-0.000005,0.1,0,0.1,0,-0.1,0.1,-0.2,-0.1,-0.1,0,-0.1,0.1,-0.1,-0.1,-0.2,-0.2,-0.2,-0.4,-0.4,-0.4,-0.5,0.1,-0.6,-0.8,-0.9,-1.1,-1.3,-1.3,-1.6,-1.7,-1.8,0,-2.27,-2.53,-2.66,-2.66,-2.76,-2.96,-3.09,-3.12,-2.88,0,-3.12,-3.13,-3,-3.09,-3.05,-2.96,-3.05,-2.88,-2.85,0,-2.57,-2.56,-2.4,-2.3,-2.21,-2.04,-1.8,-1.8,-1.6,0,-1.2,-1.1,-1,-0.8,-0.7,-0.6,-0.5,-0.6,-0.4,0,-0.4,-0.2,-0.2,-0.2,-0.1,-0.1,-0.1,-0.1,0,0,-0.1,0,0,0,0,-0.1,0.1,0,0,0.2,0.1,0,-0.1,0,0.1,0,0,0.1
-0.0000048,0.2,0,0,0,-0.1,0.1,-0.1,0,-0.1,-0.1,-0.1,0,-0.1,-0.1,-0.1,-0.2,-0.2,-0.2,-0.4,-0.3,-0.5,0,-0.7,-0.9,-0.9,-1,-1.2,-1.4,-1.6,-1.7,-1.8,0,-2.27,-2.43,-2.66,-2.7,-2.76,-2.96,-3.05,-3.08,-2.88,0,-3.13,-3.13,-3.09,-3.09,-3.05,-2.88,-3,-3.02,-2.76,0,-2.57,-2.62,-2.4,-2.34,-2.17,-2.04,-1.8,-1.8,-1.6,0.1,-1.2,-1.1,-1,-0.9,-0.7,-0.6,-0.6,-0.6,-0.5,0,-0.3,-0.1,-0.3,-0.1,-0.1,0,-0.1,-0.1,-0.1,0,0,-0.1,0,0,0,-0.1,0,0.1,0,0,0,0,-0.1,0,0.1,0,0,0.1
-0.0000046,0.1,0,-0.1,0,0,0,0,0,0,-0.1,-0.1,0,-0.2,-0.1,-0.1,-0.2,-0.2,-0.3,-0.3,-0.5,-0.5,0.1,-0.7,-0.8,-0.9,-1.1,-1.3,-1.4,-1.5,-1.8,-1.8,0.2,-2.27,-2.47,-2.56,-2.75,-2.67,-2.92,-2.95,-2.99,-2.88,0,-3.13,-3.13,-3.09,-3.05,-3,-2.92,-3,-2.96,-2.8,0.2,-2.53,-2.57,-2.36,-2.26,-2.17,-2.04,-1.8,-1.8,-1.7,0.1,-1.2,-1.1,-1,-0.8,-0.8,-0.7,-0.5,-0.6,-0.4,0,-0.3,-0.1,-0.3,-0.2,-0.1,-0.1,-0.1,0,0,0,0,0,0,0,-0.1,-0.1,0.1,0,0,0,0,0.1,0,0,0.1,0,0,0.1
-0.0000044,0,0,0,0,-0.1,0,0,-0.1,0,-0.1,-0.1,0.1,-0.1,-0.1,-0.3,-0.2,-0.2,-0.2,-0.2,-0.4,-0.5,0,-0.6,-0.9,-0.9,-1.1,-1.3,-1.4,-1.5,-1.7,-1.8,0.1,-2.28,-2.47,-2.66,-2.7,-2.77,-2.92,-3.05,-3.09,-2.88,0.1,-3.09,-3.05,-3.09,-3.05,-3,-3.02,-2.92,-2.88,-2.76,0.2,-2.57,-2.53,-2.4,-2.27,-2.14,-2,-1.8,-1.9,-1.7,0.1,-1.2,-1.1,-1,-0.9,-0.7,-0.7,-0.6,-0.6,-0.4,0,-0.2,-0.3,-0.2,-0.1,-0.1,-0.1,-0.1,-0.1,0,0.1,0,-0.1,0,0,0,0,0.1,0.1,0,0,0,-0.1,0,-0.1,0.1,0,0,0.2
-0.0000042,0.2,0,0,0,0,0,0,0,0,-0.1,0,0.2,-0.1,-0.1,-0.2,-0.2,-0.2,-0.3,-0.2,-0.3,-0.5,0.1,-0.7,-0.8,-1,-1.1,-1.2,-1.4,-1.5,-1.7,-1.9,0.2,-2.33,-2.43,-2.7,-2.7,-2.72,-2.92,-3,-3,-2.98,0,-3,-3.09,-3.09,-3.05,-3,-2.92,-2.92,-2.88,-2.8,0,-2.62,-2.44,-2.4,-2.27,-2.08,-2,-1.8,-1.8,-1.6,0,-1.2,-1.1,-1,-0.8,-0.7,-0.6,-0.5,-0.6,-0.3,0.1,-0.3,-0.2,-0.1,-0.1,-0.2,-0.2,-0.1,0,0,0.1,0,-0.1,-0.1,0,0,0,0.1,0,0,0.1,0,0,0,-0.1,0.1,0,0,0.1
-0.000004,0.2,-0.1,0,0,-0.1,0,0.1,0,0,-0.1,0,0,-0.1,-0.1,-0.2,-0.3,-0.2,-0.3,-0.2,-0.3,-0.5,0.1,-0.7,-0.9,-0.9,-1.1,-1.3,-1.5,-1.5,-1.7,-1.9,0,-2.23,-2.49,-2.62,-2.66,-2.72,-2.88,-2.96,-2.96,-2.88,0,-3,-3.09,-3.09,-3.09,-3,-3,-2.93,-2.98,-2.7,0.2,-2.62,-2.54,-2.36,-2.27,-2.23,-2.01,-1.9,-1.8,-1.6,0,-1.2,-1.2,-1,-0.8,-0.8,-0.7,-0.6,-0.6,-0.4,0.1,-0.2,-0.2,-0.1,-0.2,-0.2,-0.1,-0.1,-0.1,0,0.1,0.1,0,0,-0.1,0,-0.1,0.1,-0.1,0,0.1,0,0,0.1,0,0.1,0,0.1,0.1
-0.0000038,0.1,0,-0.1,-0.1,-0.1,-0.1,0.1,-0.1,-0.1,-0.1,0,0.1,-0.1,-0.2,-0.2,-0.3,-0.2,-0.3,-0.3,-0.4,-0.5,0.1,-0.8,-0.8,-0.9,-1,-1.2,-1.4,-1.4,-1.7,-1.8,0.1,-2.23,-2.44,-2.66,-2.62,-2.76,-2.83,-2.96,-2.96,-2.88,0.1,-3.15,-3,-3.05,-3.15,-3.05,-2.95,-2.83,-2.88,-2.8,0,-2.62,-2.4,-2.4,-2.23,-2.18,-2.05,-1.8,-1.8,-1.6,0.1,-1.2,-1.1,-1,-0.9,-0.8,-0.6,-0.6,-0.6,-0.4,0.1,-0.2,-0.2,-0.1,-0.1,-0.2,-0.1,-0.1,-0.1,0,0,0.1,0,-0.1,-0.1,0,0,0.1,0,0,0,0,0.1,0,0,0,0.1,0,0
-0.0000036,0.1,0,0,0,-0.1,0,0.1,0,-0.1,-0.1,-0.1,0.1,-0.2,-0.2,-0.1,-0.2,-0.2,-0.2,-0.2,-0.3,-0.5,0.1,-0.8,-0.8,-1,-1,-1.2,-1.4,-1.4,-1.7,-1.9,0.2,-2.28,-2.44,-2.57,-2.62,-2.76,-2.88,-2.88,-2.92,-2.83,0,-3,-3,-3,-3.06,-3.05,-2.95,-3.02,-2.79,-2.75,0.1,-2.56,-2.5,-2.4,-2.23,-2.13,-2,-1.8,-1.8,-1.6,0.2,-1.2,-1.1,-1,-0.9,-0.7,-0.7,-0.6,-0.5,-0.5,0.1,-0.3,-0.2,-0.2,-0.2,-0.2,0,-0.1,-0.1,0,0.2,0,0,0,0,0,0.1,0,0,0,0,0.1,0.1,0,0,0,0,0.1,0.1
-0.0000034,0.1,0,0,-0.1,0,-0.1,0,0.1,-0.1,0,0,0.2,-0.2,-0.1,-0.1,-0.2,-0.3,-0.3,-0.3,-0.4,-0.5,0.1,-0.8,-0.8,-1,-1.1,-1.3,-1.3,-1.5,-1.7,-1.7,0,-2.27,-2.4,-2.57,-2.66,-2.66,-2.88,-2.92,-2.92,-2.83,0.2,-3.09,-3.05,-3.02,-3,-3.09,-2.95,-2.96,-2.79,-2.75,0,-2.57,-2.49,-2.4,-2.27,-2.13,-2.01,-1.8,-1.8,-1.6,0,-1.2,-1.2,-1,-0.9,-0.7,-0.6,-0.6,-0.6,-0.4,0.2,-0.2,-0.2,-0.2,-0.3,-0.1,-0.1,-0.1,-0.1,-0.1,0.2,0,0,0,0,0,0,0.1,0,0,0.1,0.1,0,0,0.1,0,0,0.2,0.1
-0.0000032,0.2,0,0,0,-0.1,-0.1,0,0,-0.1,-0.1,0,0.1,-0.2,-0.2,-0.1,-0.2,-0.2,-0.2,-0.3,-0.3,-0.5,0.1,-0.7,-0.7,-1,-1,-1.3,-1.3,-1.6,-1.6,-1.8,0.2,-2.37,-2.36,-2.57,-2.62,-2.75,-2.88,-2.92,-2.96,-2.79,0.1,-3.09,-3.05,-2.98,-2.92,-2.96,-2.95,-2.95,-2.83,-2.75,0,-2.57,-2.49,-2.36,-2.31,-2.11,-2,-1.9,-1.7,-1.6,0,-1.3,-1.1,-1,-0.9,-0.8,-0.8,-0.6,-0.5,-0.4,0,-0.3,-0.2,-0.2,-0.1,-0.1,-0.1,-0.1,-0.1,-0.1,0,-0.1,-0.1,-0.1,-0.1,0.1,0.1,0.1,0.1,-0.1,0.1,0.1,0,0,0.1,0,0,0.1,0.1
-0.000003,0,0,0,-0.1,0,0,0,0.1,-0.1,-0.1,0,0.2,-0.1,-0.3,-0.1,-0.1,-0.2,-0.3,-0.4,-0.3,-0.5,0,-0.8,-0.9,-1,-1,-1.2,-1.3,-1.5,-1.7,-1.8,0,-2.23,-2.41,-2.53,-2.57,-2.75,-2.89,-2.96,-3,-2.89,0.1,-3.13,-3.05,-3.03,-3.06,-3.05,-2.95,-2.95,-2.88,-2.75,0.1,-2.57,-2.44,-2.27,-2.21,-2.16,-2,-1.8,-1.7,-1.6,0.1,-1.2,-1.1,-0.9,-0.9,-0.8,-0.7,-0.6,-0.5,-0.5,0.1,-0.3,-0.2,-0.2,-0.2,-0.1,-0.1,-0.1,-0.1,-0.1,0,0,0,0,0,-0.1,0,0,0.1,0,0.2,0.1,0.2,0,0.1,0,0,0.1,0.1
-0.0000028,0.1,0.1,0,0,0.1,0,0,0,0,0.1,0,0,-0.1,-0.2,-0.1,-0.1,-0.1,-0.3,-0.3,-0.4,-0.4,0,-0.7,-0.8,-1,-1.1,-1.2,-1.3,-1.5,-1.7,-1.8,0.1,-2.18,-2.37,-2.57,-2.62,-2.79,-2.89,-2.92,-2.95,-2.79,0,-3.18,-3,-3.03,-3.02,-2.92,-2.9,-2.95,-2.88,-2.7,0.1,-2.53,-2.49,-2.27,-2.17,-2.11,-2,-1.8,-1.8,-1.7,0.1,-1.2,-1.1,-1,-0.9,-0.8,-0.8,-0.6,-0.5,-0.5,0,-0.4,-0.2,-0.2,-0.2,-0.1,-0.1,-0.2,-0.1,0.1,0,-0.1,-0.1,0,0,0,-0.1,0,0,-0.1,0.1,0.1,0.1,0,0.1,0,0,0,0.1
-0.0000026,0.1,0.1,-0.1,0,0.1,0,0,-0.1,0,-0.1,-0.1,0.1,-0.1,-0.2,-0.1,-0.2,-0.2,-0.3,-0.4,-0.3,-0.5,0.1,-0.6,-0.8,-0.9,-1,-1.2,-1.3,-1.6,-1.7,-1.8,0.1,-2.18,-2.31,-2.62,-2.62,-2.7,-2.85,-2.92,-3.05,-2.85,0,-3.08,-3.05,-2.89,-3.02,-2.92,-3,-2.85,-2.92,-2.75,0.1,-2.57,-2.49,-2.27,-2.17,-2.07,-2,-1.9,-1.6,-1.5,0,-1.2,-1.1,-0.9,-0.9,-0.8,-0.7,-0.6,-0.5,-0.5,0.2,-0.3,-0.1,-0.3,-0.2,-0.1,-0.2,-0.1,-0.1,-0.1,0.1,0,-0.1,0,0,0,-0.1,0,0.1,-0.1,0.1,0,0.1,0,0,0,0,0.1,0
-0.0000024,0,0,-0.1,-0.1,-0.1,0.1,-0.1,0,0,-0.1,-0.1,0,-0.1,-0.2,-0.2,-0.2,-0.3,-0.2,-0.3,-0.4,-0.5,0,-0.6,-0.8,-0.9,-1.1,-1.2,-1.3,-1.6,-1.7,-1.9,0,-2.28,-2.4,-2.52,-2.57,-2.66,-2.85,-2.96,-2.9,-2.79,0.1,-3.09,-3,-2.93,-2.96,-2.92,-2.86,-2.95,-2.88,-2.75,0.2,-2.53,-2.53,-2.28,-2.18,-2.21,-2.01,-1.8,-1.7,-1.6,0.1,-1.2,-1.1,-0.9,-0.9,-0.8,-0.6,-0.6,-0.6,-0.4,0,-0.3,-0.3,-0.2,-0.1,-0.1,-0.2,-0.1,-0.1,-0.1,0.2,-0.1,-0.1,0,0,0,-0.1,0.1,0.1,-0.1,0.2,0.1,0.1,0,0,0,0.1,0.1,0.1
-0.0000022,0.1,0,-0.1,0,-0.1,0.1,-0.1,-0.2,-0.1,-0.1,-0.1,0.1,-0.2,-0.1,-0.2,-0.3,-0.2,-0.2,-0.3,-0.4,-0.4,0.1,-0.6,-0.8,-0.9,-1.1,-1.1,-1.3,-1.5,-1.7,-1.7,0,-2.18,-2.4,-2.62,-2.57,-2.76,-2.79,-2.92,-2.95,-2.83,0,-3.05,-3.05,-3.02,-3,-2.96,-2.88,-2.95,-2.83,-2.7,0,-2.53,-2.44,-2.23,-2.14,-2.13,-2.01,-1.8,-1.8,-1.6,0,-1.2,-1.1,-1,-0.8,-0.8,-0.7,-0.7,-0.6,-0.4,0.1,-0.3,-0.2,-0.2,-0.1,-0.2,-0.1,-0.2,-0.1,0,0.1,-0.1,-0.2,0,0,-0.1,0,0,0.1,0,0,0.1,0,0,0,0,0,0.1,0
-0.000002,0.1,0,-0.1,0,0,0.1,0,-0.1,0.1,-0.1,0,0.2,-0.1,-0.1,-0.2,-0.3,-0.2,-0.4,-0.3,-0.4,-0.3,0.1,-0.7,-0.9,-0.9,-1,-1.2,-1.4,-1.4,-1.7,-1.8,0,-2.14,-2.3,-2.62,-2.62,-2.72,-2.75,-2.92,-2.9,-2.83,0.1,-3.09,-3,-2.96,-2.96,-2.96,-2.88,-2.92,-2.88,-2.66,0.1,-2.44,-2.49,-2.27,-2.1,-2.14,-1.91,-1.8,-1.7,-1.5,0,-1.2,-1.1,-1,-0.8,-0.8,-0.7,-0.6,-0.5,-0.4,0.2,-0.3,-0.2,-0.2,-0.3,-0.2,-0.1,-0.1,-0.1,-0.1,0.2,-0.1,-0.1,-0.1,0,0,-0.1,0,0.1,0,0.1,0,0,-0.1,-0.1,0,0,0,0.1
-0.0000018,0.1,-0.1,-0.1,0,0,0.1,0,-0.1,0,0,-0.1,0,-0.1,-0.1,-0.2,-0.2,-0.3,-0.3,-0.4,-0.4,-0.4,0.1,-0.6,-0.8,-1,-1,-1.2,-1.4,-1.5,-1.7,-1.8,0.2,-2.23,-2.39,-2.57,-2.66,-2.67,-2.79,-2.83,-3,-2.83,0,-3,-2.96,-3,-3.02,-2.92,-2.83,-2.92,-2.75,-2.7,0,-2.44,-2.4,-2.36,-2.1,-2.1,-1.95,-1.7,-1.7,-1.6,0,-1.2,-1.1,-1,-0.8,-0.8,-0.7,-0.5,-0.5,-0.4,0.1,-0.3,-0.2,-0.2,-0.1,-0.2,-0.2,0,-0.1,0,0.2,0,0,0,0.1,0,-0.1,0.1,0.1,0.1,0,-0.1,0,0,-0.1,-0.1,0,0.1,0.1
-0.0000016,0,-0.1,-0.1,0,0,0,0,-0.1,-0.1,0,-0.1,0.1,-0.1,-0.2,-0.1,-0.2,-0.3,-0.3,-0.4,-0.4,-0.5,0,-0.6,-0.8,-0.9,-1,-1.3,-1.4,-1.4,-1.7,-1.8,0,-2.23,-2.43,-2.53,-2.62,-2.63,-2.88,-2.83,-2.96,-2.85,0.1,-2.92,-2.92,-3,-2.92,-2.86,-2.83,-2.83,-2.76,-2.62,0.2,-2.54,-2.36,-2.26,-2.2,-2.05,-1.95,-1.7,-1.8,-1.6,0,-1.2,-1.1,-0.9,-0.8,-0.8,-0.6,-0.6,-0.5,-0.4,0.2,-0.3,-0.2,-0.3,-0.1,-0.2,-0.1,0,-0.1,0,0.1,-0.1,0.1,-0.1,0.1,0,0,0,0.1,0,0.2,0,0,0,-0.1,0,0,0,0
-0.0000014,0,-0.1,0,0.1,0,0,0,-0.1,0,-0.1,-0.1,0,0,-0.2,-0.2,-0.2,-0.3,-0.3,-0.3,-0.3,-0.4,0,-0.7,-0.8,-1,-1,-1.1,-1.4,-1.4,-1.6,-1.8,0.1,-2.23,-2.43,-2.49,-2.62,-2.73,-2.88,-2.79,-2.92,-2.85,0.1,-2.96,-2.92,-3,-2.88,-2.96,-2.88,-2.83,-2.76,-2.76,0.1,-2.5,-2.4,-2.34,-2.14,-2.05,-1.91,-1.8,-1.8,-1.6,0,-1.2,-1.1,-1,-0.9,-0.7,-0.7,-0.6,-0.6,-0.4,0,-0.3,-0.3,-0.2,-0.1,-0.2,-0.1,-0.1,-0.2,0,0.1,0,0,-0.1,0,0,0,0,0,0.1,0,0,0,0,0,0,0,0.1,0.1
-0.0000012,0,0,0,0,0,-0.1,0,-0.1,0,-0.1,-0.1,0.1,-0.1,-0.1,-0.1,-0.2,-0.2,-0.3,-0.3,-0.3,-0.4,0.1,-0.7,-0.8,-0.9,-1,-1.2,-1.4,-1.5,-1.6,-1.9,0.2,-2.27,-2.39,-2.49,-2.56,-2.59,-2.88,-2.75,-2.88,-2.76,0,-2.96,-2.92,-2.96,-2.98,-2.92,-2.92,-2.88,-2.76,-2.62,0.1,-2.46,-2.4,-2.3,-2.18,-2.05,-2.01,-1.8,-1.8,-1.6,0,-1.2,-1.1,-1,-0.7,-0.8,-0.5,-0.6,-0.6,-0.4,0.1,-0.2,-0.2,-0.2,-0.2,-0.2,-0.1,-0.1,-0.1,0,0.2,0,0,0,0,0,0,0,0,0,0.2,-0.1,0,0,0,0,0,0.1,0.1
-0.000001,0.1,0,0.1,0,0,-0.1,0.1,0,-0.1,-0.1,-0.1,0.1,-0.1,-0.2,-0.1,-0.2,-0.3,-0.2,-0.3,-0.3,-0.5,0.2,-0.7,-0.8,-0.9,-1,-1.2,-1.4,-1.4,-1.6,-1.8,0,-2.27,-2.4,-2.49,-2.56,-2.69,-2.79,-2.83,-2.88,-2.76,0.1,-2.96,-2.96,-2.88,-2.98,-2.88,-2.86,-2.83,-2.76,-2.72,0.1,-2.46,-2.46,-2.3,-2.13,-2.1,-1.9,-1.7,-1.9,-1.6,0.1,-1.1,-1.1,-1,-0.8,-0.8,-0.6,-0.6,-0.6,-0.5,0,-0.2,-0.3,-0.2,-0.2,-0.2,-0.1,-0.1,-0.1,0,0,0,0.1,0,0,0,0.1,0,0,0,0,0,0,0,0,0,0,0.1,0
-0.0000008,0,-0.1,0.1,0,0,0,-0.1,0,0,-0.1,0,0.1,-0.1,-0.2,-0.1,-0.2,-0.3,-0.2,-0.2,-0.3,-0.5,0.2,-0.7,-0.8,-0.9,-1,-1.2,-1.3,-1.5,-1.6,-1.8,0.1,-2.27,-2.4,-2.53,-2.66,-2.67,-2.75,-2.83,-2.88,-2.77,0.1,-3,-3,-2.93,-2.98,-2.98,-2.9,-2.78,-2.8,-2.66,0,-2.5,-2.36,-2.31,-2.21,-2.04,-2,-1.7,-1.8,-1.6,0,-1.2,-1.1,-1,-0.9,-0.7,-0.6,-0.6,-0.6,-0.4,0,-0.2,-0.2,-0.2,-0.2,-0.2,-0.1,-0.1,0,0,0,0,0.1,0,-0.1,0,0.1,0,0,-0.1,0,0,0.1,0,0,-0.1,0.1,0,0.1
-0.0000006,0,0,0,0.1,-0.1,0,0.1,0,0,-0.1,0,0.2,-0.2,-0.1,-0.2,-0.2,-0.1,-0.2,-0.2,-0.3,-0.5,0.1,-0.7,-0.9,-0.9,-1.1,-1.1,-1.3,-1.5,-1.7,-1.8,0,-2.31,-2.27,-2.57,-2.57,-2.72,-2.76,-2.92,-2.92,-2.67,0,-2.96,-3.05,-2.89,-2.93,-2.93,-2.9,-2.82,-2.75,-2.76,0.1,-2.5,-2.36,-2.27,-2.21,-1.98,-1.8,-1.7,-1.7,-1.7,0.2,-1.1,-1,-1,-0.8,-0.8,-0.6,-0.5,-0.6,-0.4,0.1,-0.2,-0.2,-0.3,-0.2,-0.1,-0.2,-0.1,0,0.1,0.1,0,0,-0.1,0,0,0.1,0,0,0.1,0.1,0,0.1,0,0.1,0,0.1,0.1,0.1
-0.0000004,0,0,0,0,0,0,0,0,-0.1,0,0,0.1,-0.2,-0.2,-0.1,-0.2,-0.2,-0.2,-0.2,-0.4,-0.5,0,-0.7,-0.7,-1,-1.1,-1.1,-1.3,-1.5,-1.6,-1.8,0,-2.23,-2.27,-2.53,-2.63,-2.66,-2.86,-2.82,-2.92,-2.72,0,-2.96,-2.99,-2.89,-2.98,-2.79,-2.9,-2.86,-2.83,-2.62,0.2,-2.44,-2.44,-2.18,-2.21,-2.08,-1.9,-1.7,-1.7,-1.6,0.1,-1.2,-1,-1,-0.9,-0.7,-0.7,-0.5,-0.5,-0.5,0,-0.3,-0.2,-0.2,-0.2,-0.2,-0.2,-0.1,0,0,0,0,0,-0.1,0,0.1,0,0,0,0,0.1,0.1,0.1,0,0.1,0,0,0.1,0.1
-0.0000002,0,0,0,0,0,0.1,0,0,-0.1,0,-0.1,0.1,-0.1,-0.2,-0.2,-0.2,-0.2,-0.2,-0.2,-0.3,-0.4,0,-0.7,-0.8,-0.8,-1.1,-1.3,-1.3,-1.5,-1.7,-1.8,0.2,-2.23,-2.27,-2.49,-2.64,-2.7,-2.77,-2.86,-2.88,-2.76,0.1,-3,-2.93,-2.79,-2.93,-2.89,-2.86,-2.86,-2.75,-2.62,0.1,-2.49,-2.4,-2.18,-2.08,-2.08,-1.9,-1.8,-1.7,-1.5,0,-1.1,-1.1,-0.9,-0.8,-0.7,-0.6,-0.5,-0.5,-0.4,0.1,-0.3,-0.2,-0.2,-0.2,-0.1,-0.1,-0.1,-0.1,0,0.1,0,-0.1,-0.1,0,0,0,0,0,0.1,0.1,0.1,0.1,0,0,0,0,0,0.1
-1.14E-20,0,0.1,0,-0.1,0,0.1,0,0,-0.1,-0.1,0,0,-0.1,-0.1,-0.2,-0.2,-0.2,-0.2,-0.3,-0.3,-0.4,0,-0.6,-0.7,-0.8,-1,-1.1,-1.2,-1.5,-1.7,-1.8,0,-2.23,-2.27,-2.39,-2.6,-2.7,-2.73,-2.86,-2.82,-2.75,0.1,-3,-2.93,-2.88,-2.83,-2.83,-2.82,-2.86,-2.75,-2.7,0.1,-2.39,-2.4,-2.33,-2.18,-2.13,-2,-1.7,-1.6,-1.6,0,-1.1,-1.1,-1,-0.9,-0.7,-0.6,-0.5,-0.5,-0.4,0.2,-0.3,-0.2,-0.2,-0.2,-0.1,-0.1,-0.2,-0.1,0,0.1,0.1,-0.1,0,0,-0.1,0,0,0,0,0,0.1,-0.1,-0.1,0.1,0,-0.1,0,0.1
0.0000002,0,0.1,0,0,0,0.1,0,-0.1,-0.1,0,-0.1,0.1,-0.1,-0.2,-0.2,-0.2,-0.2,-0.3,-0.3,-0.4,-0.4,0,-0.6,-0.7,-0.9,-1,-1.1,-1.2,-1.5,-1.7,-1.7,0.1,-2.18,-2.31,-2.44,-2.56,-2.7,-2.67,-2.92,-2.86,-2.79,0,-3,-2.99,-2.92,-2.98,-2.88,-2.88,-2.86,-2.79,-2.62,0,-2.43,-2.36,-2.18,-2.14,-2.13,-1.9,-1.7,-1.6,-1.5,0.1,-1.1,-1.1,-1.1,-0.8,-0.8,-0.6,-0.6,-0.5,-0.4,0,-0.2,-0.2,-0.2,-0.2,-0.2,-0.2,-0.1,-0.1,0,0.1,0,-0.1,0,-0.1,0,0,0,0.1,0,0,0.1,0,0,0,0,0,0.1,0.2
0.0000004,0,0.1,-0.1,0,0,0.1,0,0,-0.1,0,0,0.1,-0.1,0,-0.2,-0.2,-0.2,-0.3,-0.3,-0.4,-0.5,0,-0.6,-0.8,-0.8,-1,-1.1,-1.2,-1.4,-1.7,-1.8,0,-2.1,-2.36,-2.49,-2.56,-2.66,-2.72,-2.73,-2.82,-2.83,0.2,-2.92,-2.9,-2.92,-2.93,-2.82,-2.88,-2.86,-2.75,-2.62,0.2,-2.43,-2.36,-2.18,-2.1,-2.08,-1.9,-1.7,-1.7,-1.5,0,-1.1,-1,-0.9,-0.8,-0.8,-0.5,-0.5,-0.5,-0.5,0,-0.3,-0.2,-0.1,-0.1,-0.2,-0.2,-0.2,-0.2,0,0,0,-0.1,0,-0.1,0,0,0.1,0.1,0.1,0,0.1,0.1,-0.1,-0.1,0.1,0.1,0.1,0
0.0000006,0.1,0.1,0,0,0.1,0.1,0,-0.1,-0.1,0,-0.1,0.1,-0.1,-0.1,-0.2,-0.2,-0.3,-0.3,-0.4,-0.4,-0.4,0.1,-0.7,-0.8,-0.8,-1.1,-1.3,-1.3,-1.4,-1.6,-1.7,0,-2.1,-2.26,-2.44,-2.5,-2.72,-2.66,-2.83,-2.78,-2.83,0.1,-2.96,-3,-2.96,-2.93,-2.92,-2.83,-2.88,-2.66,-2.62,0.1,-2.43,-2.31,-2.23,-2.1,-2.08,-2,-1.7,-1.6,-1.6,0,-1.1,-1.1,-0.9,-0.8,-0.7,-0.5,-0.6,-0.5,-0.5,0.1,-0.2,-0.2,-0.1,-0.1,-0.2,-0.1,-0.2,-0.1,0,0.1,-0.1,0,0,0.1,0.1,0,0.1,0,0.1,0.1,0,0.1,0.1,0,0.1,0.1,0,0
0.0000008,0,0.1,0,-0.1,0,0.1,0,-0.1,-0.1,-0.1,-0.1,0.1,-0.1,-0.1,-0.1,-0.1,-0.2,-0.3,-0.3,-0.3,-0.5,0,-0.6,-0.8,-0.9,-1,-1.2,-1.3,-1.4,-1.7,-1.7,0.1,-2.14,-2.3,-2.53,-2.44,-2.63,-2.75,-2.75,-2.88,-2.79,0,-2.92,-2.92,-2.92,-2.89,-2.82,-2.83,-2.79,-2.66,-2.57,0.1,-2.43,-2.31,-2.27,-2.1,-2,-2,-1.7,-1.7,-1.6,0.1,-1.2,-1.1,-0.9,-0.7,-0.7,-0.5,-0.5,-0.6,-0.4,0.1,-0.2,-0.3,-0.2,-0.2,-0.1,-0.2,-0.1,-0.1,-0.1,0,0,0,0,0,0.1,0,0,0.1,0,0,-0.1,0.1,-0.1,-0.1,0.1,0,0.1,0.1
0.000001,0,0,0.1,0,0,0,0,-0.1,0,-0.1,-0.1,0.2,-0.1,-0.1,-0.2,-0.2,-0.2,-0.3,-0.3,-0.4,-0.5,0.2,-0.6,-0.8,-0.8,-1,-1.2,-1.3,-1.4,-1.7,-1.8,0.1,-2.1,-2.3,-2.39,-2.53,-2.54,-2.75,-2.75,-2.83,-2.7,0,-2.92,-2.98,-2.83,-2.8,-2.92,-2.83,-2.7,-2.76,-2.62,0.1,-2.39,-2.27,-2.31,-2.14,-2.1,-2,-1.7,-1.7,-1.5,0,-1.1,-1.1,-0.9,-0.8,-0.7,-0.4,-0.6,-0.6,-0.4,0,-0.3,-0.3,-0.3,-0.1,-0.2,-0.2,-0.1,-0.1,0,0,0,0,0,0,-0.1,0,-0.1,0.1,0,0,-0.1,0,0,-0.1,0.1,0,0,0.1
0.0000012,0,-0.1,0,0,0,-0.1,0,-0.1,-0.1,-0.1,0,0.1,-0.1,-0.2,-0.1,-0.2,-0.2,-0.3,-0.3,-0.3,-0.5,0.1,-0.6,-0.8,-0.8,-1,-1.1,-1.3,-1.4,-1.7,-1.8,0.2,-2.24,-2.3,-2.43,-2.47,-2.6,-2.75,-2.7,-2.83,-2.66,0.1,-2.92,-2.85,-2.83,-2.72,-2.82,-2.79,-2.76,-2.72,-2.66,0.1,-2.49,-2.27,-2.26,-2.1,-1.95,-1.9,-1.7,-1.7,-1.5,0.1,-1.1,-1.1,-1,-0.7,-0.8,-0.4,-0.6,-0.5,-0.4,0,-0.2,-0.2,-0.2,-0.1,-0.1,-0.2,-0.1,0,0,0.1,-0.1,0,0.1,0,0,0,0.1,0,0,0,-0.1,0,-0.1,0,0,0,0,0.1
0.0000014,0,-0.1,0,0,0,-0.1,0,-0.1,0,-0.1,0,0,-0.2,-0.1,-0.1,-0.1,-0.3,-0.3,-0.3,-0.4,-0.4,0.1,-0.7,-0.8,-0.8,-1,-1.1,-1.3,-1.4,-1.6,-1.8,0.2,-2.24,-2.31,-2.34,-2.52,-2.6,-2.7,-2.75,-2.73,-2.67,0,-2.96,-2.89,-2.89,-2.9,-2.83,-2.65,-2.72,-2.67,-2.66,0,-2.44,-2.31,-2.21,-2.04,-2.01,-1.9,-1.7,-1.7,-1.6,0.1,-1.1,-1.1,-0.9,-0.8,-0.7,-0.4,-0.6,-0.5,-0.4,0,-0.2,-0.2,-0.2,-0.1,-0.2,-0.2,0,-0.1,-0.1,0.1,-0.1,-0.1,0.1,0,0,0,0.1,0,0,0.1,0,0,0,0,0.1,0.1,0,0.1
0.0000016,0,0,0.1,0,0,-0.1,0.1,-0.1,-0.1,-0.1,0,0.1,-0.2,-0.1,-0.1,-0.1,-0.2,-0.3,-0.3,-0.3,-0.5,0.1,-0.7,-0.8,-0.9,-1,-1.1,-1.3,-1.4,-1.7,-1.8,0.1,-2.14,-2.31,-2.44,-2.62,-2.54,-2.75,-2.75,-2.83,-2.63,0,-2.96,-2.89,-2.85,-2.8,-2.73,-2.78,-2.72,-2.76,-2.66,0,-2.44,-2.36,-2.27,-2.08,-2.05,-1.9,-1.7,-1.8,-1.6,0.1,-1.2,-1,-0.9,-0.9,-0.8,-0.4,-0.5,-0.5,-0.4,0.2,-0.2,-0.2,-0.2,-0.2,-0.2,-0.2,-0.1,0.1,0.1,0.1,-0.1,0.1,0,-0.1,-0.1,0,0.1,0,-0.1,0,-0.1,0,0,0.1,-0.1,0,0.2,0
0.0000018,0,0,0,0,0,0,0,0,-0.1,-0.1,0,0,-0.1,-0.1,-0.1,-0.2,-0.2,-0.2,-0.3,-0.3,-0.4,0.1,-0.8,-0.8,-0.9,-1,-1.1,-1.3,-1.4,-1.6,-1.8,0,-2.14,-2.31,-2.34,-2.47,-2.6,-2.7,-2.75,-2.79,-2.67,0,-3,-2.83,-2.8,-2.85,-2.83,-2.79,-2.7,-2.72,-2.62,0.1,-2.49,-2.36,-2.23,-2.08,-2.05,-1.9,-1.7,-1.7,-1.5,0.1,-1.1,-1.1,-0.9,-0.9,-0.8,-0.5,-0.6,-0.5,-0.5,0.1,-0.2,-0.2,-0.3,-0.1,-0.1,-0.1,-0.1,0,-0.1,0,-0.1,0,0,-0.1,0,0,0,0,-0.1,0,0,0,0,0,0,0,0.1,0.1
0.000002,0,0,-0.1,-0.1,-0.1,-0.1,-0.1,0.1,0,0,0,0.1,-0.1,-0.2,-0.1,-0.1,-0.1,-0.2,-0.3,-0.4,-0.5,0.1,-0.7,-0.8,-0.9,-1,-1.1,-1.2,-1.3,-1.6,-1.8,0,-2.18,-2.27,-2.44,-2.57,-2.64,-2.66,-2.73,-2.79,-2.67,0.1,-2.96,-2.88,-2.75,-2.93,-2.83,-2.79,-2.79,-2.66,-2.62,0.1,-2.34,-2.36,-2.18,-2.18,-2.05,-1.9,-1.7,-1.8,-1.6,0.2,-1.1,-1,-0.9,-0.9,-0.6,-0.5,-0.6,-0.6,-0.4,0.1,-0.2,-0.1,-0.2,-0.2,-0.2,-0.1,-0.1,-0.1,0,0.1,0,0,0.1,0,0,0,0.1,0,0,0.1,0.1,0,0,0,-0.1,0.1,0.1,0.1
0.0000022,0,0,0,0,0,0,0,0,0,-0.1,-0.1,0.2,-0.1,-0.2,0,-0.1,-0.1,-0.1,-0.3,-0.4,-0.4,0,-0.6,-0.8,-0.9,-1,-1.1,-1.2,-1.4,-1.6,-1.7,0,-2.18,-2.23,-2.49,-2.53,-2.63,-2.72,-2.73,-2.75,-2.62,0.1,-2.92,-2.92,-2.83,-2.79,-2.83,-2.79,-2.78,-2.7,-2.57,0.2,-2.44,-2.36,-2.14,-2.13,-2,-1.9,-1.7,-1.7,-1.6,0,-1.1,-1,-0.9,-0.9,-0.6,-0.6,-0.5,-0.5,-0.5,0,-0.2,-0.2,-0.2,-0.2,0,-0.1,-0.1,-0.1,-0.1,0.1,-0.1,0.1,0,-0.1,-0.1,0,0.1,0.1,0,0.1,0,0,0,0.1,-0.1,0.2,0.1,0.1
0.0000024,-0.1,0,-0.1,-0.1,0,0,0,0,0,0,0,0.1,-0.1,-0.2,-0.2,-0.2,-0.1,-0.3,-0.3,-0.4,-0.4,0,-0.6,-0.7,-0.9,-1,-1.2,-1.2,-1.4,-1.6,-1.8,0,-2.1,-2.21,-2.4,-2.49,-2.53,-2.67,-2.83,-2.79,-2.7,0.1,-2.96,-2.96,-2.88,-2.88,-2.79,-2.69,-2.82,-2.66,-2.63,0,-2.4,-2.3,-2.18,-2.04,-2,-1.8,-1.7,-1.6,-1.5,0.2,-1.1,-1,-0.9,-0.9,-0.8,-0.6,-0.5,-0.5,-0.5,0,-0.2,-0.2,-0.2,-0.2,0,0,-0.1,-0.2,0,0.1,0,0.1,0,0,0,0,0,-0.1,0,0,0,0,0,0.1,-0.1,0.1,0,0.2
0.0000026,0,0.1,-0.1,-0.1,-0.1,0,0,0,0,0,0,0.2,-0.1,-0.1,-0.2,-0.2,-0.2,-0.2,-0.3,-0.4,-0.4,0,-0.6,-0.7,-0.9,-1.1,-1.1,-1.3,-1.5,-1.5,-1.8,0.1,-2.14,-2.26,-2.39,-2.49,-2.53,-2.63,-2.73,-2.75,-2.65,0.1,-2.88,-2.86,-2.92,-2.92,-2.75,-2.75,-2.68,-2.7,-2.54,0.1,-2.44,-2.31,-2.14,-2.04,-2.03,-1.9,-1.7,-1.6,-1.5,0,-1.1,-1,-0.9,-0.8,-0.7,-0.7,-0.5,-0.5,-0.5,0,-0.3,-0.2,-0.2,-0.2,0,-0.1,-0.1,-0.1,-0.1,0.2,0,0,0,0.1,-0.1,0,0.1,0,0.1,0,0,0.1,0,0,0,0,0.1,0.1
0.0000028,0,0,-0.1,0,0,0,-0.1,0,0,0,0,0.1,-0.1,-0.1,-0.2,-0.2,-0.2,-0.3,-0.3,-0.4,-0.4,0.1,-0.6,-0.7,-0.9,-1,-1.1,-1.4,-1.4,-1.6,-1.8,0,-2.15,-2.26,-2.43,-2.54,-2.57,-2.69,-2.75,-2.79,-2.75,0,-2.88,-2.92,-2.88,-2.83,-2.7,-2.75,-2.73,-2.66,-2.54,0,-2.4,-2.21,-2.2,-2.14,-2.03,-1.9,-1.7,-1.6,-1.6,0,-1.1,-1.1,-1,-0.8,-0.7,-0.6,-0.6,-0.5,-0.4,0,-0.3,-0.2,-0.1,-0.2,-0.1,-0.2,-0.1,-0.1,0,0,0,0,0,0.1,-0.1,0,0,0,0.1,0.1,0.1,0,0,0,0,0,0.2,0.1
0.000003,0,0,0,-0.1,0,0.1,-0.1,-0.1,-0.1,0,0,0,0,-0.1,-0.2,-0.2,-0.2,-0.2,-0.3,-0.3,-0.5,0.1,-0.6,-0.8,-0.9,-1,-1.2,-1.3,-1.4,-1.6,-1.8,0,-2.11,-2.26,-2.39,-2.4,-2.49,-2.64,-2.75,-2.7,-2.75,0,-2.83,-2.83,-2.79,-2.83,-2.75,-2.69,-2.79,-2.66,-2.5,0,-2.36,-2.31,-2.05,-2.04,-1.98,-1.9,-1.7,-1.6,-1.5,0.1,-1.1,-1.1,-1,-0.8,-0.7,-0.5,-0.5,-0.5,-0.5,0.1,-0.3,-0.3,-0.1,-0.1,-0.2,-0.2,-0.1,-0.1,0,0,-0.1,-0.1,-0.1,0,0,-0.1,0.1,0,0,0.1,0.1,0.1,0,0,0.1,0,0.1,0.1
0.0000032,0,0.1,0,0,0,0,0,-0.1,0,-0.1,0,0.2,-0.1,-0.1,-0.2,-0.2,-0.2,-0.3,-0.3,-0.3,-0.3,0,-0.6,-0.8,-0.8,-1,-1.1,-1.3,-1.5,-1.6,-1.7,0,-2.2,-2.31,-2.39,-2.44,-2.67,-2.64,-2.79,-2.7,-2.75,0,-2.83,-2.79,-2.79,-2.75,-2.75,-2.75,-2.75,-2.62,-2.54,0,-2.4,-2.27,-2.14,-2.14,-1.98,-1.9,-1.7,-1.6,-1.6,0.1,-1.1,-1,-0.9,-0.8,-0.7,-0.5,-0.5,-0.5,-0.4,0,-0.2,-0.2,-0.1,-0.1,-0.2,-0.1,-0.1,-0.1,0,0,-0.1,-0.1,-0.1,0.1,0,0,0,0.1,0.1,0,0.1,0.1,-0.1,0.1,0.1,0,0.1,0.1
0.0000034,0,0.1,0.1,0,-0.1,0,-0.1,0,-0.1,0,0,0.1,-0.1,-0.2,-0.2,-0.2,-0.3,-0.3,-0.3,-0.3,-0.4,0.2,-0.6,-0.7,-0.8,-1,-1.2,-1.3,-1.4,-1.6,-1.8,0.1,-2.1,-2.27,-2.39,-2.44,-2.63,-2.69,-2.7,-2.66,-2.66,0.2,-2.83,-2.85,-2.75,-2.8,-2.66,-2.69,-2.66,-2.62,-2.53,0,-2.31,-2.27,-2.18,-2.05,-1.95,-1.9,-1.7,-1.5,-1.5,0,-1.2,-1.1,-0.9,-0.8,-0.8,-0.5,-0.6,-0.5,-0.4,0.1,-0.2,-0.2,-0.2,-0.1,-0.2,-0.2,-0.1,-0.1,0.1,0,-0.1,0,0,0.1,-0.1,-0.1,0,0.1,0.1,0.1,0.1,0.1,0,-0.1,0.1,-0.1,0,0
0.0000036,0,0,0,0,0,0,0,-0.1,-0.1,-0.1,-0.1,0.2,0,-0.2,-0.2,-0.2,-0.2,-0.2,-0.3,-0.4,-0.4,0.2,-0.7,-0.8,-0.8,-1.1,-1.1,-1.3,-1.4,-1.6,-1.8,0.1,-2,-2.23,-2.34,-2.44,-2.54,-2.63,-2.7,-2.66,-2.67,0,-2.79,-2.7,-2.8,-2.76,-2.7,-2.75,-2.66,-2.67,-2.57,0,-2.36,-2.23,-2.23,-2.01,-1.95,-1.9,-1.7,-1.6,-1.4,0.1,-1.1,-1.1,-0.9,-0.8,-0.8,-0.6,-0.5,-0.5,-0.4,0.2,-0.3,-0.2,-0.1,-0.1,-0.1,-0.1,0,0,0,0.1,-0.1,-0.1,0.1,0,0,0,0,0.1,0.1,0.1,0.1,0.1,0,-0.1,0,0,0.1,0.1
0.0000038,0,0.1,0,0,0,0,0,0,-0.1,-0.1,-0.1,0.1,-0.2,-0.2,-0.1,-0.1,-0.2,-0.3,-0.2,-0.3,-0.4,0.1,-0.6,-0.8,-0.9,-1,-1.1,-1.3,-1.4,-1.6,-1.8,0.1,-2.1,-2.18,-2.4,-2.49,-2.5,-2.67,-2.66,-2.66,-2.54,0,-2.75,-2.75,-2.72,-2.76,-2.7,-2.65,-2.67,-2.53,-2.62,0.2,-2.36,-2.33,-2.17,-2.05,-2,-1.9,-1.7,-1.6,-1.4,0.1,-1.2,-1,-1,-0.8,-0.8,-0.6,-0.6,-0.4,-0.4,0.2,-0.2,-0.3,-0.2,-0.1,-0.1,-0.2,-0.2,0,0,0.1,-0.1,0,0,0,0,0,0,0.1,0,0.1,0,0.1,-0.1,0,0,0,0.1,0.2
0.000004,-0.1,0,0,0.1,0,0,0,-0.1,-0.1,-0.1,-0.1,0,-0.1,-0.1,-0.2,-0.2,-0.2,-0.3,-0.2,-0.4,-0.5,0,-0.6,-0.8,-0.8,-1,-1,-1.3,-1.3,-1.5,-1.7,0.1,-2.1,-2.1,-2.36,-2.44,-2.46,-2.7,-2.7,-2.66,-2.6,0,-2.79,-2.75,-2.72,-2.82,-2.66,-2.75,-2.63,-2.53,-2.62,0.1,-2.31,-2.18,-2.26,-2.01,-1.9,-1.91,-1.8,-1.6,-1.4,0.1,-1.1,-1.1,-0.9,-0.7,-0.8,-0.6,-0.6,-0.5,-0.5,0,-0.3,-0.3,-0.2,-0.2,-0.2,-0.1,-0.2,-0.1,0,0.1,-0.1,0,0,0,0,-0.1,0,0.1,0,0.2,0,0,-0.1,0,0,0,0.1,0.1
0.0000042,0,0,0,0.1,-0.1,-0.1,0,0,0.1,0,-0.1,0.1,-0.1,-0.2,-0.1,-0.2,-0.2,-0.3,-0.2,-0.3,-0.4,0.1,-0.6,-0.7,-0.8,-1,-1.1,-1.2,-1.3,-1.5,-1.8,0.1,-2.14,-2.1,-2.31,-2.4,-2.51,-2.75,-2.66,-2.7,-2.54,0.1,-2.79,-2.75,-2.72,-2.67,-2.66,-2.7,-2.63,-2.53,-2.62,0,-2.36,-2.23,-2.17,-1.91,-1.9,-1.91,-1.6,-1.7,-1.4,0,-1.1,-1,-0.9,-0.8,-0.7,-0.5,-0.5,-0.5,-0.4,0.2,-0.3,-0.2,-0.2,-0.2,-0.2,-0.1,-0.1,-0.1,0,0,0,0,0,0,0,0,0,0,0,0,0,0,0,0,0,0.1,0.1,0.1
0.0000044,0,0,0.1,0.1,0,0,0.1,-0.1,0,0,-0.1,0,-0.2,-0.1,-0.1,-0.2,-0.2,-0.2,-0.2,-0.4,-0.4,0,-0.7,-0.8,-0.9,-1,-1.1,-1.2,-1.4,-1.5,-1.7,0.1,-2.14,-2.14,-2.27,-2.44,-2.5,-2.75,-2.62,-2.65,-2.64,0.1,-2.88,-2.75,-2.76,-2.8,-2.66,-2.75,-2.67,-2.49,-2.57,0.2,-2.31,-2.27,-2.27,-2.04,-1.9,-1.91,-1.6,-1.7,-1.4,0,-1.1,-1,-0.9,-0.8,-0.7,-0.5,-0.6,-0.5,-0.4,0,-0.3,-0.2,-0.2,-0.2,-0.1,-0.1,0,-0.1,0,0.1,-0.1,0,0,0,0,-0.1,0,0.1,0,0,0,-0.1,0,0,0,0.1,0.1,0.1
0.0000046,0,-0.1,-0.1,0,-0.1,0,0.1,-0.1,-0.1,0,-0.1,0,-0.1,-0.1,-0.1,-0.2,-0.2,-0.2,-0.2,-0.3,-0.4,0.1,-0.6,-0.8,-0.9,-1,-1.1,-1.2,-1.4,-1.5,-1.8,0.2,-2.04,-2.14,-2.31,-2.44,-2.5,-2.75,-2.62,-2.69,-2.6,0,-2.83,-2.79,-2.76,-2.76,-2.66,-2.65,-2.62,-2.53,-2.53,0,-2.31,-2.31,-2.27,-2,-2,-1.8,-1.6,-1.6,-1.5,0.2,-1.1,-1,-0.9,-0.8,-0.7,-0.6,-0.5,-0.5,-0.4,0.1,-0.2,-0.2,-0.2,-0.1,-0.2,0,-0.2,-0.2,0,0,0,0,0.1,0,0.1,0,0,0,0,0.1,0,0,0,-0.1,-0.1,0.1,0,0
0.0000048,-0.1,-0.1,0,0,0,0,0,0,-0.1,0,-0.1,0.1,-0.2,-0.1,-0.1,-0.2,-0.2,-0.3,-0.2,-0.4,-0.4,0.1,-0.6,-0.8,-0.8,-1,-1.1,-1.2,-1.4,-1.5,-1.7,0,-2.18,-2.18,-2.27,-2.44,-2.5,-2.66,-2.66,-2.65,-2.6,0.1,-2.83,-2.79,-2.75,-2.7,-2.7,-2.65,-2.66,-2.53,-2.49,0,-2.27,-2.31,-2.1,-2.04,-2.01,-1.8,-1.7,-1.7,-1.6,0,-1.1,-1,-0.9,-0.8,-0.7,-0.6,-0.5,-0.5,-0.4,0,-0.3,-0.2,-0.1,-0.2,-0.1,0,0,-0.2,0,0,0,0.1,0,0.2,0,0,0,0.1,0,0,0.1,0,0.1,0.1,0,0.1,0.1,0.1
0.000005,0,0,0,0,0,0,0.1,0,0,0,0,0,-0.1,-0.1,-0.1,-0.2,-0.2,-0.2,-0.4,-0.3,-0.4,0.1,-0.5,-0.8,-0.8,-1,-1.1,-1.2,-1.4,-1.6,-1.7,0.2,-2.14,-2.23,-2.36,-2.4,-2.5,-2.62,-2.7,-2.75,-2.6,0.1,-2.83,-2.69,-2.75,-2.7,-2.66,-2.69,-2.7,-2.59,-2.5,0.1,-2.31,-2.31,-2.11,-2.04,-1.95,-1.8,-1.6,-1.7,-1.6,0,-1.1,-1,-0.8,-0.8,-0.7,-0.7,-0.5,-0.6,-0.4,0.1,-0.3,-0.2,-0.2,-0.2,-0.1,0,-0.2,0,0,0.1,0,-0.1,0,0,0,-0.1,0,0.1,0.1,0,0,0,0.1,0,0.2,0,0.1,0.1
0.0000052,0,0,0,0,0.1,0,0,0.1,0,-0.1,0,0,-0.1,-0.1,-0.1,-0.2,-0.1,-0.2,-0.2,-0.3,-0.4,0.1,-0.6,-0.7,-0.9,-1,-1.1,-1.2,-1.3,-1.5,-1.7,0.1,-2.1,-2.23,-2.4,-2.44,-2.5,-2.63,-2.6,-2.75,-2.49,0.1,-2.79,-2.78,-2.79,-2.7,-2.66,-2.65,-2.75,-2.57,-2.4,0.1,-2.31,-2.31,-2.11,-2,-2,-1.7,-1.6,-1.6,-1.6,0.1,-1.1,-1,-0.9,-0.7,-0.7,-0.6,-0.5,-0.5,-0.4,0.1,-0.3,-0.2,-0.2,-0.2,-0.1,-0.1,-0.1,-0.1,0,0.1,0.1,0.1,0,0,-0.1,0,0,0,0.1,0.2,0,0,0.1,0,0.2,0.1,0.1,0
0.0000054,0,-0.1,0,-0.1,0.1,0,-0.1,0,0,0,0,0.1,-0.1,-0.2,-0.2,-0.1,-0.2,-0.3,-0.2,-0.4,-0.4,0,-0.6,-0.7,-0.8,-1,-1.2,-1.3,-1.3,-1.5,-1.7,0,-2.05,-2.27,-2.3,-2.44,-2.4,-2.54,-2.65,-2.6,-2.57,0.2,-2.79,-2.83,-2.75,-2.75,-2.76,-2.65,-2.6,-2.59,-2.4,0,-2.27,-2.27,-2.1,-1.95,-1.95,-1.8,-1.7,-1.6,-1.6,0.1,-1.1,-1,-0.8,-0.8,-0.8,-0.6,-0.6,-0.5,-0.4,0.1,-0.2,-0.1,-0.2,-0.1,-0.1,-0.2,-0.1,-0.2,-0.1,0.1,0,0,0,0.1,0,0,0,0,0,0,0,0,0,0.1,0.2,0,0,0.1
0.0000056,0,0.1,0,0,0.1,0,0,0,0,-0.1,0,0,-0.2,-0.1,-0.2,-0.1,-0.2,-0.2,-0.3,-0.3,-0.5,0,-0.6,-0.7,-0.9,-0.9,-1.1,-1.3,-1.4,-1.6,-1.6,0,-2.11,-2.31,-2.39,-2.31,-2.49,-2.5,-2.7,-2.66,-2.66,0.1,-2.75,-2.75,-2.7,-2.75,-2.67,-2.75,-2.6,-2.53,-2.36,0.2,-2.23,-2.23,-2.1,-2.01,-1.9,-1.7,-1.6,-1.6,-1.6,0.1,-1.1,-1,-0.9,-0.8,-0.7,-0.6,-0.6,-0.5,-0.4,0,-0.2,-0.1,-0.2,-0.2,-0.1,-0.1,-0.2,-0.1,-0.1,0,-0.1,0,0,0,-0.1,0,0,0.1,0,0.2,0,0.1,0,0,0.1,-0.1,0.1,0.1
0.0000058,-0.1,0,0,0,0,0,0,0,-0.1,-0.1,0,0.1,-0.1,-0.1,-0.2,-0.1,-0.2,-0.2,-0.2,-0.3,-0.4,0.1,-0.6,-0.7,-0.8,-1,-1.1,-1.2,-1.3,-1.5,-1.7,0,-2.11,-2.31,-2.34,-2.36,-2.4,-2.5,-2.66,-2.62,-2.52,0,-2.75,-2.75,-2.66,-2.75,-2.73,-2.6,-2.56,-2.49,-2.4,0,-2.31,-2.18,-2.1,-2.01,-1.95,-1.8,-1.6,-1.6,-1.5,0,-1.1,-1.1,-0.9,-0.8,-0.7,-0.6,-0.6,-0.5,-0.6,0.1,-0.2,-0.3,-0.1,-0.1,-0.1,-0.2,-0.1,-0.2,-0.1,0.1,0,-0.1,0,0,-0.1,-0.1,0,0.1,0,0.1,0.1,0,-0.1,0,0,0.1,0,0.2
0.000006,-0.1,0.1,0,0,0.1,0.1,-0.1,-0.1,0,-0.1,0,0.1,-0.1,-0.1,-0.2,-0.1,-0.3,-0.3,-0.2,-0.3,-0.5,0.1,-0.5,-0.7,-0.8,-1,-1.2,-1.3,-1.3,-1.5,-1.7,0,-2,-2.21,-2.3,-2.36,-2.4,-2.54,-2.66,-2.57,-2.62,0,-2.7,-2.7,-2.66,-2.66,-2.59,-2.56,-2.66,-2.53,-2.4,0,-2.27,-2.18,-2.05,-2.05,-1.95,-1.8,-1.6,-1.6,-1.5,0.1,-1.1,-1.1,-0.9,-0.8,-0.8,-0.6,-0.5,-0.5,-0.4,0.1,-0.2,-0.2,-0.2,-0.1,-0.2,-0.1,-0.2,0,-0.1,0.2,-0.1,0,0,0,-0.1,0,0,0,-0.1,0,0.1,0.2,0,0,0,-0.1,0,0.2
0.0000062,0,0.1,0,0.1,-0.1,0.1,0,-0.1,-0.1,-0.1,-0.1,0,-0.1,-0.2,-0.1,-0.1,-0.3,-0.3,-0.2,-0.3,-0.5,0,-0.7,-0.7,-0.8,-1,-1.2,-1.3,-1.3,-1.6,-1.6,0,-2,-2.17,-2.3,-2.36,-2.4,-2.59,-2.62,-2.57,-2.53,0,-2.75,-2.66,-2.72,-2.72,-2.59,-2.56,-2.56,-2.53,-2.44,0.1,-2.27,-2.14,-2.14,-1.91,-2.01,-1.9,-1.7,-1.6,-1.4,0.1,-1.1,-1,-0.9,-0.8,-0.7,-0.5,-0.5,-0.5,-0.4,0.1,-0.2,-0.2,-0.2,-0.1,-0.2,-0.1,-0.1,0,0,0.2,-0.1,-0.1,0,-0.1,0,0,0,0,-0.1,0.1,0,0.1,-0.1,0.1,0,-0.1,0.1,0.2
0.0000064,0,0,0,0,0,0,0.1,-0.1,-0.1,0,-0.1,0.1,-0.1,-0.1,-0.2,-0.2,-0.2,-0.3,-0.2,-0.3,-0.5,0.1,-0.7,-0.7,-0.8,-0.9,-1.1,-1.2,-1.3,-1.5,-1.7,0.1,-2,-2.17,-2.31,-2.41,-2.4,-2.53,-2.62,-2.63,-2.53,0,-2.75,-2.76,-2.62,-2.67,-2.59,-2.66,-2.62,-2.44,-2.44,0,-2.27,-2.18,-2.04,-2.05,-2.01,-1.8,-1.7,-1.6,-1.4,0,-1.1,-1,-0.9,-0.8,-0.7,-0.6,-0.5,-0.5,-0.4,0.1,-0.2,-0.2,-0.2,-0.1,-0.2,0,0,-0.1,0.1,0.2,-0.1,0,0,-0.2,0,-0.1,0.1,-0.1,0,0,0.1,0.1,0,0,0,0,0.1,1.3
0.0000066,0,0.1,0,0.1,-0.1,0.1,-0.1,-0.1,0,0,-0.2,0,-0.1,-0.1,-0.2,-0.2,-0.1,-0.3,-0.2,-0.4,-0.5,0.1,-0.6,-0.7,-0.8,-0.9,-1.1,-1.1,-1.3,-1.5,-1.7,0,-2.01,-2.17,-2.31,-2.36,-2.31,-2.57,-2.62,-2.57,-2.44,0.2,-2.75,-2.72,-2.66,-2.67,-2.57,-2.62,-2.57,-2.44,-2.53,0,-2.27,-2.14,-2.13,-2.01,-1.9,-1.8,-1.7,-1.6,-1.4,0.1,-1.1,-1,-0.9,-0.8,-0.7,-0.5,-0.5,-0.5,-0.5,0.1,-0.3,-0.2,-0.2,-0.1,-0.2,-0.2,0,-0.1,0,0.1,-0.1,-0.1,0,-0.1,0,0,0,0.1,0,0,0.1,0,0,0,-0.1,0,0.1,4.1
0.0000068,0,0,0,0.1,0,0,0,0,0,0,-0.2,0.2,-0.1,-0.1,-0.1,-0.2,-0.2,-0.3,-0.2,-0.3,-0.5,0.1,-0.6,-0.7,-0.8,-1,-1,-1.1,-1.4,-1.6,-1.6,0,-2.01,-2.27,-2.27,-2.4,-2.31,-2.66,-2.62,-2.57,-2.46,0,-2.75,-2.62,-2.72,-2.63,-2.62,-2.7,-2.57,-2.44,-2.53,0,-2.27,-2.14,-2.13,-2,-1.9,-1.8,-1.7,-1.7,-1.4,0.1,-1.1,-1,-0.9,-0.8,-0.7,-0.5,-0.5,-0.5,-0.3,0,-0.3,-0.2,-0.1,0,-0.2,-0.1,0,-0.1,0,0.1,-0.1,-0.1,0.1,-0.1,-0.1,0,-0.1,-0.1,0.1,0,0.1,0,-0.1,0,0,0,0.2,6.78
0.000007,0,0.1,0,0,-0.1,0.1,0.1,-0.1,0.1,0,-0.2,0.2,-0.1,-0.1,-0.1,-0.2,-0.2,-0.3,-0.2,-0.3,-0.5,0,-0.6,-0.7,-0.9,-0.9,-1.1,-1.2,-1.4,-1.6,-1.7,0,-2.05,-2.21,-2.23,-2.36,-2.41,-2.62,-2.66,-2.62,-2.41,0,-2.79,-2.7,-2.66,-2.69,-2.7,-2.66,-2.57,-2.4,-2.44,0,-2.23,-2.18,-2.08,-2.01,-2,-1.8,-1.6,-1.6,-1.4,0.1,-1.1,-0.9,-1,-0.8,-0.8,-0.6,-0.5,-0.4,-0.5,0.1,-0.3,-0.2,-0.2,-0.1,-0.2,-0.2,-0.1,-0.2,0,0.1,-0.1,0,0.1,0,0.1,0,0,0,0.1,0.1,0,0,0,0,0,0.1,1.2,4.31
0.0000072,0,0,0.1,0,-0.1,0,0,0,-0.1,0.1,-0.1,0.1,-0.1,-0.1,0,-0.2,-0.2,-0.3,-0.2,-0.3,-0.4,0,-0.6,-0.7,-0.8,-0.9,-1,-1.2,-1.4,-1.6,-1.7,0.2,-2.05,-2.26,-2.27,-2.36,-2.41,-2.66,-2.66,-2.62,-2.41,0,-2.75,-2.75,-2.66,-2.69,-2.6,-2.52,-2.53,-2.5,-2.44,0,-2.23,-2.18,-2.08,-2,-1.9,-1.8,-1.6,-1.6,-1.4,0,-1.2,-0.9,-0.9,-0.7,-0.7,-0.6,-0.5,-0.4,-0.5,0,-0.3,-0.2,-0.1,-0.2,-0.1,-0.1,-0.1,-0.1,0,0.2,-0.1,0,0.1,0.1,0.1,0.1,0,0,0,0,0,0,0,0,0,0,4.2,0.95
0.0000074,-0.1,0,0,0,0,0,0.1,-0.1,0,0,-0.1,0,-0.2,-0.1,-0.1,-0.3,-0.2,-0.2,-0.2,-0.3,-0.4,0.1,-0.5,-0.7,-0.9,-1,-1,-1.1,-1.4,-1.4,-1.7,0.1,-2.05,-2.21,-2.23,-2.4,-2.27,-2.57,-2.62,-2.66,-2.46,0.1,-2.75,-2.75,-2.57,-2.63,-2.66,-2.56,-2.57,-2.46,-2.4,0,-2.17,-2.18,-2.1,-2.01,-1.9,-1.8,-1.5,-1.6,-1.4,0.1,-1.1,-1,-1,-0.7,-0.8,-0.6,-0.5,-0.4,-0.4,0.2,-0.2,-0.1,-0.2,-0.2,-0.1,-0.2,-0.1,-0.1,0,0.1,-0.1,0,-0.1,0.2,0,0,0,0.1,0,0,0,0,0,0,0,0.2,6.83,0.04
0.0000076,0,0,0,0,0,0,0,0,-0.1,0,0,0.1,-0.1,-0.1,-0.2,-0.2,-0.2,-0.2,-0.1,-0.3,-0.5,0.1,-0.6,-0.7,-0.8,-0.9,-1,-1.3,-1.4,-1.4,-1.7,0,-2.05,-2.26,-2.27,-2.36,-2.41,-2.57,-2.66,-2.6,-2.54,0.1,-2.75,-2.73,-2.62,-2.57,-2.56,-2.66,-2.57,-2.36,-2.44,0.1,-2.17,-2.18,-2.01,-2.01,-1.9,-1.7,-1.6,-1.5,-1.4,0,-1.1,-1,-1,-0.8,-0.7,-0.6,-0.5,-0.4,-0.4,0.1,-0.2,-0.2,-0.1,-0.2,-0.2,-0.1,-0.1,0,0,0.1,0,0.1,0,0.1,0,0,-0.1,0,0,0,0.1,0,0,0,-0.1,0,4.26,0.04
0.0000078,0,0.1,0,0,0,0,0,-0.1,0,-0.1,0,0,-0.1,-0.1,-0.1,-0.2,-0.2,-0.2,0,-0.3,-0.4,0.1,-0.5,-0.7,-0.9,-0.9,-1.1,-1.2,-1.4,-1.5,-1.7,0,-2.01,-2.21,-2.21,-2.27,-2.37,-2.49,-2.62,-2.6,-2.54,0.1,-2.7,-2.73,-2.57,-2.66,-2.62,-2.52,-2.57,-2.4,-2.4,0,-2.27,-2.18,-2.05,-2.01,-2,-1.8,-1.6,-1.6,-1.4,0.1,-1.1,-1,-0.9,-0.8,-0.7,-0.7,-0.4,-0.4,-0.4,0.1,-0.2,-0.3,-0.1,-0.2,-0.1,-0.1,-0.2,-0.1,0,0.1,0,0.1,0,0.1,0,0,0,0.1,0,0.1,0,0.1,0,-0.1,0,0.1,0.86,0.13
0.000008,0,0.1,0,0,0.2,0.1,-0.1,-0.1,-0.1,-0.1,0.1,0.1,-0.1,-0.1,-0.2,-0.2,-0.3,-0.3,-0.1,-0.3,-0.4,0.1,-0.6,-0.8,-0.8,-1,-1.1,-1.2,-1.4,-1.5,-1.6,0,-2,-2.17,-2.26,-2.37,-2.36,-2.54,-2.52,-2.66,-2.4,0,-2.7,-2.73,-2.67,-2.66,-2.57,-2.62,-2.57,-2.49,-2.4,0.2,-2.26,-2.23,-2,-1.95,-1.9,-1.8,-1.5,-1.6,-1.5,0.1,-1,-1,-0.9,-0.8,-0.7,-0.6,-0.5,-0.5,-0.5,0,-0.3,-0.3,-0.2,-0.2,-0.1,-0.1,-0.2,-0.1,0,0.1,0,0.1,0,0,0,0,0,0,0,0.1,-0.1,0,0,0,0.1,0,0.04,0.13
0.0000082,-0.1,0.1,-0.1,0,0.2,0.1,0,-0.1,0,0.1,-0.1,0.2,-0.1,-0.1,-0.2,-0.2,-0.3,-0.3,-0.1,-0.3,-0.4,0.1,-0.5,-0.8,-0.8,-1,-1.1,-1.2,-1.3,-1.5,-1.6,0.1,-1.9,-2.17,-2.26,-2.23,-2.37,-2.59,-2.66,-2.62,-2.49,0.1,-2.66,-2.65,-2.62,-2.66,-2.53,-2.57,-2.57,-2.49,-2.44,0,-2.21,-2.18,-2.01,-1.91,-1.9,-1.8,-1.6,-1.6,-1.5,0,-1,-1.1,-0.8,-0.7,-0.7,-0.7,-0.5,-0.5,-0.4,0.2,-0.3,-0.3,-0.2,-0.1,-0.1,0,-0.2,-0.1,0,0,-0.1,0,0,0,0,0,0,0,0,0.1,-0.1,0.1,0,0,0.1,0.1,0.13,0.08
0.0000084,0,0.1,0,0,0.1,0.1,0,0,-0.1,0,0,0.2,-0.1,-0.1,-0.2,-0.1,-0.3,-0.2,-0.2,-0.4,-0.4,0.1,-0.5,-0.8,-0.8,-1,-1.1,-1.2,-1.2,-1.5,-1.7,0,-2,-2.18,-2.3,-2.37,-2.41,-2.44,-2.66,-2.57,-2.44,0.1,-2.62,-2.75,-2.62,-2.75,-2.53,-2.57,-2.57,-2.57,-2.4,0,-2.3,-2.23,-2.11,-1.91,-1.91,-1.8,-1.5,-1.5,-1.4,0,-1.1,-0.9,-0.8,-0.7,-0.7,-0.7,-0.5,-0.4,-0.4,0.2,-0.3,-0.2,-0.2,-0.1,-0.1,0,0,-0.1,0,0,-0.1,0.1,0,0,-0.2,0,0.1,0.1,0,0.1,-0.1,0.1,0,0,0.1,0.1,0.08,0.13
0.0000086,0,-0.1,0,0,0.1,0.1,0,-0.1,-0.1,-0.1,0,0.1,-0.1,-0.1,-0.1,-0.1,-0.3,-0.3,-0.1,-0.3,-0.4,0.1,-0.6,-0.8,-0.7,-1,-1.1,-1.2,-1.3,-1.5,-1.7,0.1,-2,-2.18,-2.2,-2.28,-2.31,-2.5,-2.52,-2.57,-2.44,0,-2.62,-2.62,-2.62,-2.7,-2.57,-2.57,-2.62,-2.57,-2.4,0.1,-2.21,-2.14,-2,-1.91,-1.9,-1.7,-1.5,-1.6,-1.4,0,-1.1,-0.9,-0.8,-0.8,-0.7,-0.6,-0.5,-0.5,-0.4,0,-0.2,-0.2,-0.3,-0.1,-0.1,0,-0.1,-0.1,0,0,-0.1,0.1,0,-0.1,0,0,0.1,0.1,0,0.1,0,-0.1,0,0.1,0.1,0.1,0.13,0.09
0.0000088,0,0.1,0,0,0,0,0,0,0,-0.1,-0.1,0,0,-0.2,-0.3,-0.1,-0.2,-0.3,-0.1,-0.4,-0.4,0.2,-0.6,-0.7,-0.8,-0.9,-1.1,-1.1,-1.3,-1.4,-1.5,0,-2,-2.18,-2.3,-2.27,-2.41,-2.44,-2.57,-2.53,-2.59,0,-2.62,-2.57,-2.62,-2.62,-2.57,-2.52,-2.57,-2.57,-2.44,0.2,-2.13,-2.14,-2.01,-2,-1.9,-1.8,-1.5,-1.5,-1.4,0.1,-1.1,-0.9,-0.8,-0.7,-0.7,-0.6,-0.5,-0.5,-0.4,0.1,-0.3,-0.2,-0.3,-0.1,-0.1,0,-0.1,-0.1,-0.1,0.1,-0.1,0.1,0,0,-0.1,0,0.1,0,0,0.2,0,0.2,0,0.1,0.1,0,0.13,0.13
0.000009,0,0.1,0.1,0,0,0,0,-0.1,0.1,-0.1,-0.1,0.1,-0.1,-0.1,-0.1,-0.1,-0.2,-0.3,-0.1,-0.3,-0.4,0.2,-0.6,-0.8,-0.9,-1,-1,-1.2,-1.3,-1.4,-1.7,0.1,-1.9,-2.18,-2.3,-2.31,-2.41,-2.5,-2.57,-2.57,-2.44,0.1,-2.66,-2.57,-2.62,-2.72,-2.57,-2.52,-2.57,-2.49,-2.4,0,-2.18,-2.1,-2.01,-2,-1.8,-1.8,-1.5,-1.6,-1.5,0.1,-1.1,-1,-0.8,-0.7,-0.7,-0.6,-0.5,-0.4,-0.4,0,-0.2,-0.3,-0.2,0,-0.2,-0.1,-0.1,-0.1,-0.1,0.1,-0.1,0.1,0,0.1,-0.1,0.1,0.1,0,0,0.1,0,0.1,0,0,-0.1,0,0.18,0.13
0.0000092,0,0.1,0.1,-0.1,0,0,0,0,-0.1,-0.1,-0.2,0.1,-0.1,-0.1,-0.2,-0.1,-0.3,-0.3,-0.1,-0.3,-0.4,0.1,-0.6,-0.7,-0.8,-1.1,-1.1,-1.2,-1.2,-1.4,-1.6,0.1,-2,-2.18,-2.21,-2.27,-2.28,-2.5,-2.57,-2.53,-2.5,0.1,-2.57,-2.67,-2.57,-2.63,-2.52,-2.52,-2.53,-2.44,-2.36,0,-2.1,-2.1,-2.01,-1.9,-1.9,-1.8,-1.6,-1.6,-1.4,0.2,-1,-0.9,-0.9,-0.7,-0.7,-0.6,-0.5,-0.5,-0.5,0,-0.2,-0.3,-0.1,-0.1,-0.1,-0.1,-0.1,-0.1,0,0.1,0,0,0,0,-0.1,0,0,-0.1,0,0.1,0.2,0,0,0,0,0,0.13,0.17
0.0000094,-0.1,0.1,0.1,-0.1,0,-0.1,0,-0.1,-0.1,-0.1,-0.1,0,-0.1,-0.2,-0.2,-0.1,-0.3,-0.3,-0.2,-0.3,-0.4,0,-0.6,-0.7,-0.7,-1,-1.1,-1.2,-1.3,-1.3,-1.7,0,-2.01,-2.18,-2.08,-2.31,-2.33,-2.4,-2.49,-2.53,-2.46,0,-2.62,-2.57,-2.59,-2.59,-2.62,-2.56,-2.53,-2.41,-2.4,0,-2.15,-2.05,-2.01,-2,-1.9,-1.8,-1.7,-1.6,-1.4,0.2,-1.1,-1,-0.9,-0.7,-0.8,-0.5,-0.5,-0.5,-0.4,0.1,-0.2,-0.2,-0.1,0,-0.2,-0.1,-0.2,0,0,0.1,-0.1,0,0,0,0,0.1,0.2,-0.1,-0.1,0,0.1,0,0.1,0,0.1,0.1,0.13,0.13
0.0000096,-0.1,0,0.1,0,0,-0.1,0,0,0,0,-0.1,0.1,-0.1,-0.1,-0.1,-0.2,-0.2,-0.2,-0.2,-0.3,-0.4,0,-0.6,-0.7,-0.9,-0.9,-1.1,-1.1,-1.4,-1.4,-1.6,0,-2.05,-2.18,-2.14,-2.3,-2.23,-2.5,-2.44,-2.53,-2.41,0.1,-2.66,-2.53,-2.53,-2.64,-2.57,-2.52,-2.49,-2.37,-2.44,0.2,-2.11,-2.05,-2.01,-1.9,-1.9,-1.8,-1.6,-1.5,-1.4,0.1,-1.1,-1,-1,-0.7,-0.8,-0.6,-0.5,-0.5,-0.5,0,-0.2,-0.2,-0.1,0,-0.2,-0.1,-0.1,0,0,0,0,0,0,0.1,0,0,0,0,0.1,0.1,0.1,0,0.1,0.1,-0.1,0.1,0.08,0.09
0.0000098,-0.1,0.1,0,0.1,0,-0.1,0,0,-0.1,-0.1,-0.1,0.1,-0.1,-0.1,-0.1,-0.2,-0.3,-0.2,-0.2,-0.3,-0.4,0,-0.6,-0.7,-0.7,-0.9,-1.1,-1.1,-1.4,-1.4,-1.7,0.1,-1.95,-2.18,-2.14,-2.34,-2.33,-2.5,-2.44,-2.53,-2.41,0.1,-2.66,-2.52,-2.49,-2.54,-2.57,-2.47,-2.49,-2.43,-2.44,0.1,-2.15,-2.1,-2,-1.8,-1.8,-1.8,-1.7,-1.5,-1.4,0.1,-1.1,-1,-0.9,-0.8,-0.8,-0.6,-0.5,-0.5,-0.4,0,-0.2,-0.2,0,-0.2,-0.1,0,-0.1,0,0,0.1,-0.1,0,0,0,0,0.1,0,0,0.1,0.2,0.1,0,0.1,0,0,0.1,0.08,0.04
0.00001,0,0,0.1,0,-0.1,0,0,0,0,-0.1,-0.1,0.1,-0.1,-0.1,-0.1,-0.1,-0.2,-0.2,-0.3,-0.3,-0.4,0.1,-0.5,-0.6,-0.8,-0.9,-1,-1.1,-1.4,-1.4,-1.7,0.1,-2.1,-2.18,-2.1,-2.3,-2.33,-2.54,-2.49,-2.57,-2.37,0.1,-2.66,-2.52,-2.63,-2.54,-2.57,-2.47,-2.44,-2.43,-2.4,0.1,-2.14,-2.05,-2.01,-2,-1.9,-1.8,-1.6,-1.6,-1.4,0.2,-1.1,-1.1,-1,-0.7,-0.8,-0.6,-0.5,-0.4,-0.4,0.1,-0.2,-0.2,-0.1,-0.2,-0.1,-0.1,-0.1,0,0,0.1,-0.1,0,0.1,0,0,0.2,0,0,-0.1,0.1,0,0,0,0,0,0.1,0.08,0.13
0.0000102,0,0,0,0,-0.1,0,0.1,0,0.1,-0.1,0,0.1,0,-0.2,-0.1,-0.2,-0.2,-0.2,-0.2,-0.4,-0.4,0,-0.5,-0.6,-0.8,-0.9,-1,-1.1,-1.3,-1.4,-1.5,0.1,-2.05,-2.18,-2.1,-2.26,-2.37,-2.44,-2.49,-2.62,-2.4,0.1,-2.57,-2.62,-2.63,-2.63,-2.62,-2.53,-2.49,-2.37,-2.4,0.1,-2.23,-2.14,-2,-1.9,-1.9,-1.8,-1.6,-1.5,-1.5,0.1,-1.1,-1,-0.9,-0.8,-0.8,-0.6,-0.5,-0.4,-0.5,0.1,-0.3,-0.1,-0.1,-0.1,-0.1,-0.1,-0.1,0,0.1,0,0,0,0,0,0,0.1,0.1,0,0,0,0.1,0,0.1,-0.1,0,0,0.08,0.08
0.0000104,0,0,0,0.1,-0.1,0.1,0.1,0,-0.1,-0.1,0,0.1,-0.1,-0.1,-0.1,-0.2,-0.2,-0.2,-0.2,-0.4,-0.3,0.1,-0.6,-0.7,-0.8,-1,-1.1,-1.1,-1.3,-1.5,-1.6,0.1,-2.1,-2.14,-2.2,-2.36,-2.37,-2.5,-2.49,-2.62,-2.4,0.1,-2.62,-2.62,-2.53,-2.63,-2.57,-2.49,-2.4,-2.46,-2.36,0,-2.17,-2.1,-2,-2,-1.8,-1.8,-1.5,-1.6,-1.4,0.1,-1,-1,-1,-0.7,-0.8,-0.6,-0.5,-0.4,-0.4,0.1,-0.2,-0.1,-0.2,-0.2,-0.1,-0.1,0,-0.1,0,0,0,0,-0.1,0.1,-0.1,0,0.1,0.1,0,0.1,0,0,0,0,0,0,0.13,0.13
0.0000106,0,0.1,0,0.1,0,0.1,0,0,0,0,0,0.2,-0.2,-0.2,-0.1,-0.2,-0.1,-0.3,-0.3,-0.4,-0.4,0.1,-0.5,-0.7,-0.8,-1,-1.1,-1.1,-1.3,-1.5,-1.6,0,-1.9,-2.14,-2.1,-2.23,-2.33,-2.44,-2.47,-2.47,-2.4,0,-2.62,-2.52,-2.53,-2.53,-2.49,-2.4,-2.44,-2.4,-2.36,0.2,-2.17,-2.1,-2,-1.91,-1.8,-1.7,-1.5,-1.5,-1.4,0.2,-1,-0.9,-1,-0.8,-0.8,-0.6,-0.5,-0.5,-0.3,0.2,-0.4,-0.2,-0.2,-0.2,-0.1,-0.1,-0.1,-0.1,-0.1,0.2,-0.1,0.1,0,0,-0.1,0,0.1,0.1,0,0,0,0,-0.1,0,0,0,0.04,0.08
0.0000108,0,0.1,0,0,0,0.1,0,0,-0.1,0,0,0.2,-0.1,-0.1,-0.1,-0.2,-0.1,-0.3,-0.3,-0.3,-0.3,0.1,-0.5,-0.7,-0.8,-1.1,-1.1,-1.2,-1.3,-1.4,-1.6,0.1,-1.8,-2.14,-2.14,-2.18,-2.33,-2.44,-2.52,-2.57,-2.4,0.1,-2.57,-2.62,-2.53,-2.57,-2.53,-2.44,-2.44,-2.4,-2.27,0.1,-2.23,-2.18,-1.9,-1.91,-1.8,-1.7,-1.5,-1.4,-1.4,0,-1.1,-0.9,-0.9,-0.8,-0.8,-0.6,-0.5,-0.4,-0.4,0.1,-0.2,-0.3,-0.2,-0.2,-0.1,-0.1,-0.2,-0.1,0,0.1,0,0.1,0,0,0,0,0,0.1,0,0.1,0,0,0,0.1,0,0,0.08,0.09
0.000011,0,0,0,0,0,0,0,-0.1,0,0,0,0,-0.1,-0.2,-0.1,-0.2,-0.3,-0.3,-0.3,-0.4,-0.3,0,-0.5,-0.8,-0.8,-0.9,-1,-1.2,-1.4,-1.5,-1.6,0,-1.9,-2.14,-2.14,-2.24,-2.33,-2.49,-2.47,-2.57,-2.4,0,-2.62,-2.62,-2.57,-2.62,-2.49,-2.44,-2.44,-2.44,-2.33,0,-2.23,-2.18,-1.9,-1.95,-1.9,-1.8,-1.6,-1.5,-1.4,0.2,-1,-0.9,-0.8,-0.8,-0.7,-0.6,-0.5,-0.4,-0.3,0.1,-0.3,-0.1,-0.2,-0.1,-0.2,-0.1,-0.1,-0.1,0,0.1,0,0.1,0,0.1,0,0,0.1,0,0,0.1,0,0.1,0,-0.1,0,0,0.13,0.09
0.0000112,0,0.1,0,0,0.1,0.1,0,0,0,0,0,0.1,-0.1,-0.1,-0.2,-0.2,-0.2,-0.3,-0.4,-0.3,-0.4,0.1,-0.6,-0.7,-0.8,-1,-1.1,-1.2,-1.3,-1.5,-1.6,0.1,-1.9,-2.18,-2,-2.24,-2.28,-2.44,-2.42,-2.57,-2.4,0.1,-2.57,-2.57,-2.57,-2.53,-2.49,-2.44,-2.4,-2.44,-2.28,0.1,-2.14,-2.14,-2,-1.85,-1.8,-1.8,-1.5,-1.5,-1.4,0,-1,-0.9,-0.8,-0.8,-0.6,-0.6,-0.5,-0.5,-0.4,0.1,-0.2,-0.3,-0.1,-0.2,-0.1,-0.1,-0.1,-0.1,0,0.1,0,0,0,0.1,0,0,0,0,0,0,0,0.1,-0.1,0,0,0,0.13,0.13
0.0000114,0,0.1,-0.1,0,0.1,0,0,0,0,-0.1,-0.1,0,0,-0.1,-0.1,-0.1,-0.2,-0.3,-0.4,-0.5,-0.4,0.1,-0.5,-0.7,-0.8,-1,-1.1,-1.2,-1.3,-1.4,-1.6,0.1,-1.9,-2.14,-2,-2.2,-2.28,-2.4,-2.52,-2.53,-2.44,0.1,-2.57,-2.53,-2.53,-2.53,-2.49,-2.44,-2.44,-2.44,-2.24,0.1,-2.1,-2.14,-1.9,-1.85,-1.8,-1.8,-1.5,-1.6,-1.4,0.1,-1,-0.9,-0.8,-0.8,-0.6,-0.6,-0.5,-0.4,-0.3,0,-0.2,-0.1,-0.2,-0.1,-0.1,-0.1,-0.1,0,-0.1,0.1,-0.1,0,0,0,-0.1,0,-0.1,0,0,0,0,0.1,-0.1,0.1,0.1,0,0.13,0.13
0.0000116,0,0,0,-0.1,0,-0.1,0,-0.1,0,-0.1,0,0,-0.1,-0.1,-0.1,-0.1,-0.2,-0.3,-0.3,-0.4,-0.4,0,-0.6,-0.7,-0.8,-0.9,-1.1,-1.2,-1.2,-1.5,-1.7,0,-1.8,-2.14,-1.95,-2.15,-2.28,-2.4,-2.53,-2.49,-2.44,0,-2.53,-2.53,-2.44,-2.49,-2.39,-2.49,-2.4,-2.36,-2.24,0.2,-2.05,-2.1,-2,-1.95,-1.8,-1.8,-1.4,-1.6,-1.4,0.1,-1,-1,-0.8,-0.7,-0.7,-0.5,-0.5,-0.5,-0.4,0.1,-0.2,-0.2,-0.1,0,-0.1,-0.1,0,0,0,0.2,-0.1,0,0,0,-0.1,0,0,-0.1,0.1,0.1,0,0.1,0,0,0,0.1,0.13,0.09
0.0000118,-0.2,0,0,0.1,0,0,0,-0.1,0,-0.1,0,0,-0.1,-0.1,-0.1,-0.1,-0.2,-0.3,-0.3,-0.3,-0.4,0.1,-0.5,-0.7,-0.8,-0.9,-1.1,-1.2,-1.2,-1.4,-1.6,0,-1.9,-2.14,-2.01,-2.15,-2.28,-2.4,-2.49,-2.49,-2.4,0.1,-2.57,-2.57,-2.49,-2.59,-2.57,-2.47,-2.44,-2.31,-2.24,0,-2.05,-2.1,-2,-1.9,-1.8,-1.7,-1.5,-1.5,-1.4,0.1,-1.1,-1,-0.8,-0.7,-0.7,-0.6,-0.5,-0.4,-0.4,0.1,-0.2,-0.2,-0.2,-0.1,-0.1,-0.2,-0.1,-0.1,0,0.1,-0.1,-0.1,0,0,0,0,0,0,0,0,0.1,0,0,0.1,0.1,0.1,0.04,0.13
0.000012,-0.2,0,-0.1,-0.1,-0.1,-0.1,0,-0.1,-0.1,-0.1,0,0,-0.1,-0.1,-0.1,0,-0.2,-0.2,-0.2,-0.4,-0.4,0,-0.5,-0.6,-0.8,-0.9,-1.1,-1.1,-1.3,-1.3,-1.5,0,-2,-2.1,-2.01,-2.18,-2.33,-2.36,-2.44,-2.4,-2.44,0.1,-2.57,-2.44,-2.54,-2.44,-2.57,-2.47,-2.44,-2.37,-2.28,0.1,-2.18,-2.05,-2.01,-1.9,-1.8,-1.8,-1.7,-1.6,-1.4,0.1,-1,-1,-0.7,-0.8,-0.7,-0.5,-0.4,-0.4,-0.4,0.1,-0.2,-0.2,-0.2,-0.2,-0.2,-0.1,-0.1,0,0,0.1,-0.1,0,0,-0.1,0,0.1,0,-0.1,-0.1,0,0.1,0.1,0.1,0,0.1,0.1,0.08,0.08
0.0000122,-0.2,0.1,0,-0.1,0,-0.1,0,0,-0.1,-0.1,-0.1,0,-0.1,-0.2,-0.1,-0.2,-0.3,-0.2,-0.3,-0.4,-0.4,0.1,-0.6,-0.6,-0.7,-0.9,-1,-1.1,-1.3,-1.4,-1.6,0,-2,-2.05,-2,-2.23,-2.28,-2.44,-2.4,-2.4,-2.5,0.1,-2.57,-2.53,-2.59,-2.5,-2.43,-2.47,-2.4,-2.28,-2.27,0,-2.13,-2.05,-2.01,-1.9,-1.7,-1.7,-1.5,-1.6,-1.3,0.1,-1,-1,-0.7,-0.7,-0.7,-0.5,-0.6,-0.4,-0.4,0.1,-0.2,-0.2,-0.2,-0.1,-0.1,-0.1,-0.1,0,0,0,0,0,0.1,-0.1,-0.1,0.1,0,-0.1,0,0,0.1,0.1,0.1,0,0.1,0.1,0.13,0.04
0.0000124,-0.1,0,0,0,0,0,0,0,0,0,0,0.1,-0.1,-0.2,-0.1,-0.2,-0.3,-0.2,-0.3,-0.4,-0.4,0.1,-0.5,-0.6,-0.7,-0.9,-1.1,-1.1,-1.3,-1.4,-1.6,0.1,-2,-2.01,-1.9,-2.31,-2.33,-2.4,-2.46,-2.4,-2.41,0,-2.57,-2.49,-2.5,-2.44,-2.49,-2.37,-2.44,-2.33,-2.31,0.1,-2.13,-2.01,-2.01,-1.8,-1.7,-1.6,-1.6,-1.5,-1.3,0.1,-1.1,-0.9,-0.9,-0.8,-0.8,-0.5,-0.5,-0.4,-0.4,0.1,-0.2,-0.2,-0.2,-0.1,-0.1,-0.1,-0.1,-0.1,-0.1,0.1,0,0,0.1,0,0,0.1,0,-0.1,0.1,0.1,0.1,0.1,0.1,0,0.1,0,0.13,0.04
0.0000126,0,0.1,0,0.1,0,0,0.1,0,0,0,0,0.1,-0.1,-0.1,-0.2,-0.1,-0.2,-0.3,-0.3,-0.4,-0.4,0.1,-0.6,-0.7,-0.7,-0.9,-1.1,-1.1,-1.3,-1.4,-1.6,0,-2.01,-2.05,-2,-2.17,-2.28,-2.4,-2.36,-2.49,-2.41,0.2,-2.53,-2.53,-2.54,-2.46,-2.53,-2.47,-2.4,-2.33,-2.31,0,-2.13,-2.01,-2,-1.8,-1.8,-1.7,-1.6,-1.4,-1.4,0,-1.1,-1,-0.9,-0.8,-0.8,-0.5,-0.5,-0.4,-0.4,0.1,-0.2,-0.3,-0.2,-0.2,-0.1,0,-0.1,0,0,0.1,0,0,0.1,-0.1,0,0.1,0.1,0,0.1,0.1,0,0,0.1,0,0,0.1,0.13,0.13
0.0000128,-0.1,0.1,0,0,-0.1,0,0,0,-0.1,-0.1,0,0.1,-0.1,-0.1,-0.2,-0.1,-0.2,-0.2,-0.2,-0.4,-0.4,0.2,-0.6,-0.7,-0.8,-0.9,-1,-1.1,-1.3,-1.4,-1.5,0,-1.9,-2.01,-2,-2.27,-2.28,-2.4,-2.36,-2.44,-2.31,0.1,-2.53,-2.53,-2.49,-2.46,-2.44,-2.43,-2.44,-2.28,-2.36,0.1,-2.03,-2.01,-2,-1.8,-1.8,-1.6,-1.6,-1.4,-1.5,0.1,-1,-1,-0.9,-0.7,-0.8,-0.6,-0.5,-0.4,-0.4,0.1,-0.3,-0.1,-0.1,-0.2,-0.2,-0.1,0,0,0,0,0,0,0.1,0,0,0,0,0,0,0.1,0.1,0.1,-0.1,-0.1,0,0,0.08,0.08
0.000013,-0.1,0.1,0,0.1,-0.1,0.1,0.1,0.1,-0.1,-0.1,0,0.1,-0.1,-0.2,-0.1,-0.2,-0.2,-0.3,-0.3,-0.5,-0.4,0.1,-0.5,-0.6,-0.8,-0.8,-1,-1.1,-1.4,-1.4,-1.6,0.1,-1.9,-2.05,-2.01,-2.18,-2.33,-2.44,-2.44,-2.39,-2.27,0.1,-2.57,-2.57,-2.44,-2.4,-2.44,-2.39,-2.4,-2.18,-2.4,0,-2.13,-2.05,-1.9,-1.8,-1.8,-1.7,-1.5,-1.4,-1.4,0,-1,-0.9,-0.8,-0.8,-0.8,-0.6,-0.5,-0.4,-0.4,0.1,-0.3,-0.2,-0.1,-0.2,-0.1,-0.1,-0.1,0,-0.1,0.1,0,0,0,0,0,0,0.1,0.1,0,0,0.1,0,0,0.1,0,0.1,0.13,0.13
0.0000132,0,0,-0.1,-0.1,0,0.1,0,0.1,-0.1,0,-0.1,0,-0.1,-0.1,0,-0.1,-0.2,-0.2,-0.3,-0.4,-0.4,0,-0.5,-0.6,-0.9,-0.9,-1,-1.1,-1.3,-1.4,-1.6,0,-1.9,-1.95,-2.01,-2.1,-2.33,-2.49,-2.39,-2.47,-2.27,0,-2.53,-2.57,-2.53,-2.5,-2.4,-2.44,-2.26,-2.33,-2.31,0,-2.08,-2.1,-1.9,-1.9,-1.8,-1.6,-1.4,-1.5,-1.3,0.2,-1,-0.9,-0.8,-0.7,-0.8,-0.5,-0.5,-0.4,-0.5,0,-0.3,-0.2,-0.2,-0.1,-0.1,-0.1,-0.1,-0.1,0,0.1,-0.1,0,-0.1,0,0,-0.1,0,0,0,0.1,0,0.1,-0.1,-0.1,0,0,0.18,0.04
0.0000134,0,0.1,0.1,0.1,0,0.1,-0.1,0,0,-0.1,-0.1,0.2,0,-0.1,-0.1,-0.2,-0.2,-0.2,-0.4,-0.3,-0.4,0.1,-0.5,-0.6,-0.8,-0.9,-1.1,-1.2,-1.3,-1.3,-1.6,0.1,-1.9,-2,-2.05,-2.2,-2.24,-2.4,-2.43,-2.47,-2.37,0.1,-2.57,-2.57,-2.44,-2.46,-2.4,-2.4,-2.4,-2.41,-2.27,0.2,-2.14,-2.1,-1.9,-1.9,-1.8,-1.7,-1.4,-1.5,-1.4,0.1,-1.1,-0.8,-0.8,-0.8,-0.7,-0.6,-0.5,-0.4,-0.4,0.2,-0.3,-0.1,-0.2,-0.1,-0.2,0,0,-0.1,-0.1,0,0,0,-0.1,0,-0.1,0,0.1,0.1,0,0.2,0,0.1,-0.1,0,0,0,0.08,0.13
0.0000136,0,0,0,0,0,0.1,-0.1,0.1,0,-0.1,-0.1,0.2,0,-0.1,-0.2,-0.2,-0.2,-0.3,-0.4,-0.4,-0.4,0.1,-0.6,-0.7,-0.8,-0.9,-1.1,-1.1,-1.2,-1.4,-1.5,0.2,-1.9,-2,-2.1,-2.15,-2.24,-2.44,-2.39,-2.47,-2.31,0,-2.53,-2.53,-2.44,-2.4,-2.44,-2.36,-2.36,-2.27,-2.33,0.2,-2.05,-2.14,-1.9,-1.8,-1.8,-1.7,-1.5,-1.6,-1.4,0.1,-1,-0.9,-0.7,-0.7,-0.7,-0.6,-0.5,-0.4,-0.3,0.1,-0.3,-0.1,-0.2,-0.2,-0.1,-0.1,-0.1,-0.1,0,0,0,-0.1,0.1,0,-0.1,-0.1,0,0.1,0,0.1,0.1,0,0,0,0,0,0.04,0.04
0.0000138,0,0,0,0,0,0.1,-0.1,-0.1,0,-0.1,-0.2,0,-0.1,-0.1,-0.1,-0.2,-0.2,-0.2,-0.4,-0.4,-0.4,0.1,-0.5,-0.8,-0.9,-1,-1,-1.1,-1.2,-1.4,-1.6,0.1,-1.9,-2.04,-2.1,-2.2,-2.34,-2.31,-2.43,-2.52,-2.36,0.2,-2.53,-2.49,-2.44,-2.5,-2.4,-2.36,-2.31,-2.31,-2.24,0.1,-2.01,-2.1,-2,-1.8,-1.8,-1.8,-1.4,-1.4,-1.3,0.1,-1,-0.9,-0.7,-0.6,-0.8,-0.6,-0.4,-0.5,-0.3,0,-0.2,-0.2,-0.2,-0.2,-0.2,-0.1,-0.1,0,0,0.1,0,-0.1,0,0,0,-0.1,0,0,0,0.2,0,0,0,0,0,0,0.08,0.08
0.000014,0,-0.1,0,0,0.1,0,0,0,0,-0.1,-0.1,0,-0.1,-0.1,-0.1,-0.1,-0.1,-0.3,-0.3,-0.5,-0.4,0.1,-0.5,-0.7,-0.7,-1,-1,-1.1,-1.2,-1.4,-1.5,0,-1.9,-2,-2.14,-2.14,-2.3,-2.4,-2.34,-2.53,-2.36,0.1,-2.49,-2.49,-2.44,-2.4,-2.49,-2.31,-2.36,-2.27,-2.24,0.1,-2,-2.1,-1.9,-1.8,-1.8,-1.7,-1.5,-1.5,-1.3,0.2,-1,-0.9,-0.6,-0.8,-0.7,-0.5,-0.5,-0.5,-0.3,0.1,-0.2,-0.2,-0.1,-0.1,-0.2,-0.1,-0.1,0,0,0.1,-0.1,-0.1,0,0,0,-0.1,0,0.1,0,0.1,0,-0.1,0,0,0,0,0.13,0.08
0.0000142,0,0,0,0,0,0,0,-0.1,0.1,-0.1,-0.1,0,-0.1,-0.1,-0.1,-0.2,-0.2,-0.3,-0.2,-0.4,-0.4,0.2,-0.5,-0.7,-0.7,-1,-1,-1.1,-1.2,-1.3,-1.5,0,-1.9,-2.05,-2.04,-2.23,-2.25,-2.36,-2.34,-2.49,-2.31,0,-2.44,-2.49,-2.4,-2.54,-2.44,-2.31,-2.4,-2.27,-2.15,0.1,-2,-2.01,-1.9,-1.8,-1.8,-1.6,-1.4,-1.5,-1.4,0.1,-1,-0.9,-0.6,-0.6,-0.7,-0.5,-0.5,-0.4,-0.3,0,-0.2,-0.3,-0.1,-0.1,-0.2,-0.1,-0.1,0,0,0.2,0,-0.2,0.1,0,0,-0.1,-0.1,0,-0.1,0.1,0,-0.1,0,-0.1,0,0,0.08,0.04
0.0000144,0,0,0,0,0,0,0,0,0,-0.1,0,0.1,-0.1,-0.1,-0.1,-0.2,-0.2,-0.2,-0.3,-0.4,-0.4,0.1,-0.5,-0.8,-0.7,-0.9,-1.1,-1.2,-1.2,-1.4,-1.5,0,-1.8,-2.05,-2.18,-2.13,-2.25,-2.36,-2.44,-2.4,-2.31,0.1,-2.5,-2.49,-2.44,-2.5,-2.49,-2.26,-2.27,-2.27,-2.2,0.1,-2.01,-2,-1.9,-1.8,-1.7,-1.7,-1.4,-1.5,-1.3,0.1,-1,-1,-0.6,-0.7,-0.6,-0.6,-0.5,-0.4,-0.3,0,-0.2,-0.2,-0.1,-0.1,-0.1,-0.1,0,-0.1,-0.1,0,0,-0.1,0,-0.1,0,0,0,0,0,0.2,0,0,0.1,0.1,0,0,0.08,0.04
0.0000146,0,0,-0.1,-0.1,0,0,0.1,-0.1,0,0,0,0,-0.1,0,-0.2,-0.1,-0.2,-0.2,-0.3,-0.4,-0.3,0.1,-0.6,-0.8,-0.7,-0.9,-1.1,-1.2,-1.2,-1.4,-1.6,0.1,-1.8,-2.01,-2.14,-2.13,-2.15,-2.36,-2.44,-2.31,-2.23,0,-2.5,-2.4,-2.4,-2.5,-2.4,-2.3,-2.36,-2.33,-2.1,0,-2.01,-1.9,-1.8,-1.8,-1.8,-1.7,-1.4,-1.4,-1.4,0.1,-1,-1,-0.7,-0.7,-0.7,-0.6,-0.5,-0.4,-0.3,0,-0.2,-0.2,-0.2,-0.1,-0.2,-0.1,-0.2,-0.2,0,0.1,0.1,0,0,-0.1,0,0,0,-0.1,-0.1,0,0,-0.1,0,0,0,-0.1,0.04,0.04
0.0000148,0,0.1,0,0,0,0,0.1,0,-0.1,0,-0.1,0.1,0,0,-0.1,-0.1,-0.2,-0.2,-0.3,-0.4,-0.3,0,-0.6,-0.7,-0.7,-0.9,-1,-1.2,-1.2,-1.4,-1.5,0,-1.9,-2,-2.14,-2.08,-2.2,-2.31,-2.4,-2.31,-2.37,0,-2.46,-2.44,-2.4,-2.36,-2.4,-2.34,-2.27,-2.23,-2.18,0,-2.05,-2,-1.8,-1.9,-1.7,-1.7,-1.5,-1.5,-1.4,0,-1,-1,-0.7,-0.7,-0.8,-0.5,-0.5,-0.4,-0.4,0,-0.2,-0.2,-0.1,-0.2,-0.1,0,0,0,0,0,0.1,0.1,-0.1,0.1,0,0,0,0,0,0.1,0,0,0.1,0,0,0,0.04,0.04
0.000015,0,0,0,0.1,0,0,0,0.1,-0.1,-0.1,0,0,-0.1,0,0,-0.2,-0.2,-0.2,-0.2,-0.4,-0.3,0.1,-0.6,-0.7,-0.8,-0.8,-1,-1.2,-1.2,-1.4,-1.5,0,-1.9,-2,-2.1,-2.18,-2.24,-2.27,-2.36,-2.31,-2.33,0,-2.4,-2.44,-2.4,-2.31,-2.44,-2.29,-2.36,-2.33,-2.23,0.1,-1.95,-1.9,-1.9,-1.7,-1.7,-1.6,-1.6,-1.4,-1.4,0,-1,-0.9,-0.7,-0.7,-0.7,-0.6,-0.4,-0.4,-0.5,0.1,-0.1,-0.2,-0.2,-0.1,-0.1,-0.1,-0.1,0,0,0,0,0.1,0,0,-0.1,0,0,0,0.1,0,0.1,0,0.2,0,0,0,0.08,0
0.0000152,0,0,0,0,0,0,0,0.1,0,-0.1,0.1,0,-0.1,-0.1,-0.1,-0.2,-0.2,-0.2,-0.2,-0.5,-0.5,0.1,-0.6,-0.6,-0.9,-0.8,-1.1,-1,-1.2,-1.4,-1.5,0,-1.9,-1.9,-2.1,-2.05,-2.18,-2.27,-2.36,-2.27,-2.28,0,-2.44,-2.44,-2.46,-2.36,-2.4,-2.47,-2.36,-2.24,-2.23,0,-2.04,-2,-2,-1.8,-1.7,-1.6,-1.5,-1.4,-1.3,0,-1,-1,-0.7,-0.8,-0.8,-0.6,-0.5,-0.5,-0.4,0.2,-0.2,-0.2,-0.1,-0.2,-0.1,0,-0.1,-0.1,-0.1,0,0,0.1,-0.1,0,-0.1,0,0.1,0,0,0.1,0,0,0.1,0,-0.1,0,0.04,0.04
0.0000154,0,0,0,-0.1,0,0,0,0.1,0,-0.1,0,0.1,-0.1,-0.1,-0.1,-0.2,-0.2,-0.2,-0.3,-0.4,-0.4,0,-0.6,-0.6,-0.8,-0.9,-1.1,-1,-1.3,-1.3,-1.5,0.1,-1.9,-1.9,-2.05,-2.01,-2.27,-2.27,-2.36,-2.31,-2.38,0.2,-2.44,-2.44,-2.41,-2.31,-2.4,-2.43,-2.36,-2.24,-2.23,0,-2,-2,-2,-1.8,-1.7,-1.6,-1.5,-1.4,-1.4,0,-1,-0.9,-0.8,-0.8,-0.7,-0.6,-0.6,-0.4,-0.4,0.1,-0.2,-0.1,-0.2,-0.2,-0.1,0,-0.1,-0.1,0,0,0,0,0.1,0,0,0,0,0.1,0,0.1,0.1,0.2,0,0,0,0,0.08,0.08
0.0000156,0,0,0,0,0,0.1,0,0,-0.1,-0.1,0,0,-0.1,-0.2,0,-0.2,-0.1,-0.2,-0.3,-0.3,-0.4,0.1,-0.5,-0.6,-0.8,-1,-1,-1,-1.3,-1.4,-1.5,0.1,-1.9,-2,-2.1,-2.11,-2.18,-2.33,-2.36,-2.4,-2.24,0,-2.43,-2.44,-2.41,-2.31,-2.4,-2.39,-2.34,-2.24,-2.27,0,-2.04,-2,-1.9,-1.8,-1.8,-1.6,-1.5,-1.4,-1.4,0.1,-1,-0.9,-0.8,-0.7,-0.7,-0.6,-0.5,-0.5,-0.5,0.1,-0.2,-0.2,-0.2,-0.2,-0.2,0,-0.1,-0.1,0,0,-0.2,0.1,0,0,0,0,0,0.1,0,0.1,0.1,0,0,0.1,-0.1,0.1,0.08,0.08
0.0000158,0.1,0,0,-0.1,0,0,0,0.1,0,-0.1,-0.1,0,0,-0.1,-0.2,-0.2,-0.2,-0.3,-0.4,-0.3,-0.4,0,-0.5,-0.6,-0.9,-0.9,-1,-1,-1.3,-1.4,-1.5,0.1,-1.8,-2,-2.05,-2.2,-2.23,-2.23,-2.4,-2.3,-2.28,0,-2.47,-2.4,-2.37,-2.31,-2.4,-2.3,-2.44,-2.24,-2.23,0,-2.1,-2.01,-2,-1.8,-1.6,-1.6,-1.5,-1.4,-1.4,0,-1,-0.9,-0.7,-0.8,-0.7,-0.5,-0.5,-0.4,-0.4,0,-0.2,-0.1,-0.2,-0.2,0,-0.1,-0.1,-0.1,0,0.1,0,0,0.1,0,0,0,0.1,0,0,0.1,0.1,0.1,0,0,0,0.2,0.09,0.04
0.000016,0,0.1,-0.1,0,0,0.1,0,-0.1,-0.1,-0.1,-0.1,0,0.1,-0.1,-0.1,-0.2,-0.2,-0.3,-0.4,-0.3,-0.4,0.1,-0.5,-0.6,-0.8,-0.8,-1,-1.1,-1.3,-1.4,-1.6,0.1,-1.9,-2,-2.05,-2.11,-2.18,-2.31,-2.3,-2.34,-2.33,0.1,-2.47,-2.44,-2.28,-2.36,-2.36,-2.3,-2.3,-2.14,-2.18,0.1,-2.05,-1.95,-1.9,-1.8,-1.7,-1.7,-1.4,-1.4,-1.4,0,-1,-0.9,-0.7,-0.8,-0.6,-0.5,-0.5,-0.4,-0.4,0.2,-0.2,-0.2,-0.2,-0.1,-0.1,-0.1,-0.1,-0.1,-0.1,0.1,0,0.1,0,0.1,-0.1,0,0.1,0,0,0,0.1,0.1,0,0.1,-0.1,0.1,0.13,0.13
0.0000162,0,0.1,0,-0.1,0,0.1,-0.1,-0.1,-0.1,0,0,0,0,-0.1,-0.2,-0.2,-0.2,-0.2,-0.4,-0.2,-0.3,0.1,-0.6,-0.7,-0.7,-0.9,-1,-1,-1.2,-1.4,-1.5,0,-1.8,-2,-2.05,-2.05,-2.1,-2.31,-2.26,-2.39,-2.33,0.1,-2.47,-2.44,-2.43,-2.36,-2.4,-2.27,-2.31,-2.18,-2.18,0.1,-2,-2.05,-1.8,-1.8,-1.7,-1.7,-1.4,-1.4,-1.3,0,-1,-0.8,-0.8,-0.7,-0.7,-0.5,-0.5,-0.4,-0.4,0.1,-0.2,-0.1,-0.2,-0.2,-0.1,-0.1,-0.1,-0.1,0,0.2,0,0,0.1,0.1,0,0,0,0.1,-0.1,0,0,0.1,0,0,0.1,0.1,0.08,0.04
0.0000164,0,0.1,0,0.1,0.1,0.1,-0.1,0,0,-0.2,0,0,0.1,-0.2,-0.1,-0.2,-0.2,-0.2,-0.3,-0.3,-0.3,0,-0.6,-0.6,-0.7,-0.9,-1,-1.1,-1.2,-1.3,-1.6,0,-1.8,-2,-2.05,-2.1,-2.05,-2.36,-2.4,-2.44,-2.23,0.1,-2.53,-2.44,-2.27,-2.41,-2.44,-2.31,-2.23,-2.18,-2.14,0,-2.05,-1.91,-1.8,-1.8,-1.7,-1.7,-1.4,-1.4,-1.3,0.1,-1,-0.9,-0.7,-0.6,-0.7,-0.6,-0.5,-0.4,-0.3,0.1,-0.3,-0.1,-0.2,-0.2,-0.2,-0.1,-0.1,0,0,0,-0.1,0,0,0,0,0,0,0,0,0.1,0,0,0,0,0,0,0.08,0.09
0.0000166,0,0,0,0.1,-0.1,0.1,0.1,-0.1,0,-0.1,0,0.1,0,0,-0.1,-0.2,-0.2,-0.2,-0.3,-0.3,-0.2,0.1,-0.5,-0.7,-0.7,-0.9,-1,-1.1,-1.3,-1.3,-1.5,0.1,-1.9,-1.9,-2.1,-2.14,-2.15,-2.4,-2.3,-2.39,-2.23,0.1,-2.44,-2.4,-2.36,-2.31,-2.3,-2.23,-2.24,-2.27,-2.2,0.2,-2,-2,-1.8,-1.8,-1.7,-1.7,-1.4,-1.6,-1.3,0.1,-1,-0.9,-0.8,-0.7,-0.7,-0.5,-0.6,-0.4,-0.3,0.1,-0.3,-0.2,-0.3,0,-0.2,-0.2,0,-0.1,-0.1,0.1,-0.1,-0.1,0,0,0,-0.1,0.1,0.1,-0.1,0,0,0,0,0,0,0.1,0.08,0.13
0.0000168,0,0,0,0.1,0,0,-0.1,-0.1,-0.1,-0.1,-0.1,0.1,-0.2,0,-0.1,-0.2,-0.2,-0.3,-0.2,-0.3,-0.4,0,-0.5,-0.8,-0.8,-0.8,-0.9,-1.2,-1.1,-1.3,-1.5,0.2,-1.8,-1.95,-2.1,-2.18,-2.1,-2.27,-2.4,-2.4,-2.18,0.1,-2.4,-2.4,-2.4,-2.36,-2.3,-2.27,-2.15,-2.14,-2.01,0,-2.01,-2.01,-1.8,-1.8,-1.8,-1.6,-1.4,-1.5,-1.3,0,-1,-0.9,-0.8,-0.7,-0.7,-0.5,-0.5,-0.4,-0.3,0.1,-0.2,-0.1,-0.1,-0.1,-0.2,-0.2,0,-0.1,0,0.1,0,0,0,0,-0.1,-0.1,0,0,0,0,0,0,-0.1,0,0,0.1,0.08,0
0.000017,-0.1,0,0,0,0,0.1,0,-0.2,0,0,-0.1,0.1,0,0,-0.1,-0.2,-0.2,-0.3,-0.2,-0.4,-0.3,0.2,-0.5,-0.7,-0.7,-0.8,-1,-1.1,-1.2,-1.4,-1.4,0,-1.8,-1.95,-2.14,-2.08,-2.2,-2.27,-2.36,-2.36,-2.28,0,-2.36,-2.36,-2.44,-2.36,-2.39,-2.27,-2.2,-2.28,-2.15,0.1,-2.01,-2,-1.8,-1.7,-1.7,-1.7,-1.5,-1.4,-1.3,0,-1,-0.9,-0.8,-0.7,-0.6,-0.6,-0.4,-0.4,-0.3,0,-0.2,-0.2,-0.2,-0.1,-0.2,0,0,-0.1,0,0,0,0,0.1,0,-0.1,-0.1,0.1,0.1,0,0.1,0,0,0,0,0,-0.1,0.13,0.08
0.0000172,0,0,0.1,0,-0.1,0.1,0,-0.1,-0.1,0,0,0,-0.2,-0.1,-0.1,-0.1,-0.2,-0.2,-0.3,-0.4,-0.3,0.2,-0.6,-0.7,-0.8,-0.9,-1,-1.1,-1.2,-1.3,-1.6,0.1,-1.8,-1.91,-2.1,-2.18,-2.1,-2.27,-2.36,-2.36,-2.28,0,-2.27,-2.4,-2.44,-2.27,-2.34,-2.31,-2.15,-2.15,-2.1,0,-2.01,-1.9,-1.9,-1.8,-1.7,-1.6,-1.5,-1.4,-1.4,0,-0.9,-0.9,-0.8,-0.7,-0.7,-0.5,-0.4,-0.4,-0.3,0.1,-0.2,-0.2,-0.1,-0.1,-0.2,-0.2,0,0,0,0,0,0,0,0,-0.1,0,0.1,0.1,0,0.1,0,0,0.1,0,0,0,0.09,0.04
0.0000174,0,0,0.1,0,-0.1,0.1,0,0,-0.1,0,0,0,-0.2,-0.2,-0.2,-0.2,-0.2,-0.2,-0.2,-0.3,-0.4,0,-0.5,-0.6,-0.8,-1,-1,-1.1,-1.2,-1.3,-1.6,0,-1.8,-1.91,-2,-2.14,-2.2,-2.23,-2.31,-2.31,-2.18,0.2,-2.31,-2.4,-2.44,-2.37,-2.3,-2.26,-2.24,-2.3,-2.14,0,-2.01,-1.9,-1.91,-1.8,-1.7,-1.6,-1.4,-1.5,-1.3,0.1,-1,-0.9,-0.8,-0.8,-0.6,-0.5,-0.5,-0.4,-0.3,0,-0.2,-0.1,-0.2,-0.2,-0.2,-0.1,-0.1,0,-0.1,0.1,0,0.1,0,0,0,0.1,0,0,0.1,0,0,0,0.1,0,0,0,0.08,0.08
0.0000176,0,0,0.1,0,0,0,0,0,0,0,0,0.1,-0.2,-0.1,-0.1,-0.1,-0.2,-0.1,-0.2,-0.3,-0.4,0,-0.5,-0.6,-0.8,-0.9,-1,-1.1,-1.2,-1.4,-1.4,0.1,-1.8,-2,-2.1,-2.05,-2.11,-2.18,-2.31,-2.36,-2.14,0.1,-2.31,-2.44,-2.4,-2.33,-2.3,-2.3,-2.18,-2.15,-2.18,0,-2.01,-1.9,-1.9,-1.7,-1.7,-1.6,-1.4,-1.5,-1.3,0,-1,-1,-0.8,-0.7,-0.6,-0.5,-0.5,-0.4,-0.3,0,-0.2,-0.1,-0.2,-0.2,-0.1,-0.1,0,0,0,0.2,0,0.1,0,0,0,0.1,0.1,0.1,0.1,0.1,0,0.1,0.1,0,0.1,0,0.08,0.04
0.0000178,0,0.1,0.1,0,0,0,0.1,0,-0.1,0,0,0.1,-0.1,-0.2,0,-0.1,-0.2,-0.2,-0.2,-0.4,-0.4,0.1,-0.6,-0.7,-0.8,-1,-1,-1,-1.2,-1.4,-1.5,0,-1.8,-1.9,-2.05,-2.01,-2.11,-2.14,-2.31,-2.36,-2.24,0,-2.4,-2.4,-2.31,-2.27,-2.36,-2.21,-2.23,-2.15,-2.18,0.1,-2.01,-1.9,-2,-1.7,-1.7,-1.6,-1.4,-1.5,-1.3,0.2,-0.9,-0.9,-0.8,-0.7,-0.7,-0.5,-0.5,-0.4,-0.4,0,-0.2,-0.2,-0.2,-0.2,0,-0.1,-0.1,0,-0.1,0,0,0.1,-0.1,0.1,-0.1,0.2,0.1,0.1,0.1,0.2,0,0.1,0,0,-0.1,0,0.09,0.13
0.000018,0,0,0.1,0,0,0,0.1,0,0,-0.1,0,0.1,-0.1,-0.2,-0.1,-0.1,-0.2,-0.2,-0.2,-0.3,-0.5,0,-0.6,-0.6,-0.7,-0.9,-1,-1.1,-1.2,-1.4,-1.4,0.1,-1.8,-1.8,-2.01,-2.01,-2.1,-2.14,-2.27,-2.31,-2.24,0.1,-2.31,-2.4,-2.33,-2.33,-2.31,-2.4,-2.27,-2.1,-2.23,0.1,-2.05,-2,-1.9,-1.8,-1.7,-1.6,-1.4,-1.4,-1.3,0,-1,-1,-0.8,-0.8,-0.5,-0.6,-0.5,-0.5,-0.4,0.1,-0.2,-0.2,-0.1,-0.2,-0.1,-0.1,-0.2,0,0.1,0,-0.1,0,0,0,-0.1,0.1,0.1,0.1,0,0,0.1,0.1,0,0,0.1,0.2,0.13,0.08
0.0000182,0.1,0,0,0,0,0,0,0.1,0,0,0,0.2,-0.1,-0.2,0,-0.1,-0.2,-0.2,-0.3,-0.3,-0.4,0.1,-0.5,-0.6,-0.7,-0.9,-1,-1,-1.3,-1.4,-1.5,0.1,-1.8,-1.9,-2.05,-2.1,-2.14,-2.24,-2.36,-2.36,-2.2,0.1,-2.44,-2.36,-2.33,-2.33,-2.31,-2.3,-2.17,-2.14,-2.14,0,-2.05,-1.9,-1.8,-1.8,-1.8,-1.6,-1.4,-1.3,-1.3,0,-0.9,-0.9,-0.7,-0.7,-0.6,-0.5,-0.5,-0.4,-0.4,0.1,-0.1,-0.2,-0.2,-0.2,0,-0.1,-0.2,0,0,0.1,-0.1,0,0.1,0.1,-0.1,0,0.1,0.1,0.1,0,0.2,0.1,0,0,0,0,0.09,0.04
0.0000184,0,0.1,0,-0.1,0,0,0,0,0,-0.1,0,0,-0.1,-0.2,-0.1,-0.1,-0.2,-0.3,-0.2,-0.3,-0.3,0.1,-0.6,-0.7,-0.7,-0.9,-1,-1,-1.2,-1.4,-1.6,0.1,-1.9,-1.9,-2.01,-2,-2.18,-2.24,-2.34,-2.31,-2.14,0.1,-2.44,-2.31,-2.24,-2.27,-2.18,-2.36,-2.27,-2.14,-2.1,0,-2.05,-1.9,-1.8,-1.8,-1.6,-1.6,-1.4,-1.3,-1.3,0,-0.9,-0.9,-0.7,-0.7,-0.6,-0.6,-0.5,-0.5,-0.3,0.1,-0.2,-0.2,-0.2,-0.2,-0.1,-0.2,-0.2,0,0,0,-0.1,0,0,0.1,0,0,0,0,0,0.1,0,0,0,0.1,0,0,0.04,0.05
0.0000186,-0.1,0.1,-0.1,-0.1,0,0,0,-0.1,0,0,0,0.1,-0.1,-0.1,-0.1,-0.2,-0.1,-0.2,-0.2,-0.2,-0.3,0.1,-0.5,-0.6,-0.6,-1,-1,-1.1,-1.3,-1.3,-1.6,0.1,-1.9,-1.8,-2.01,-2.1,-2.18,-2.2,-2.3,-2.21,-2.24,0,-2.4,-2.36,-2.24,-2.23,-2.23,-2.4,-2.27,-2.23,-2.1,0.1,-1.91,-1.9,-1.9,-1.8,-1.7,-1.6,-1.5,-1.3,-1.4,0.1,-0.9,-0.9,-0.8,-0.7,-0.6,-0.6,-0.5,-0.5,-0.3,0.1,-0.3,-0.2,-0.2,-0.1,0,-0.1,-0.1,0,0,0.1,0,-0.1,0,0,-0.1,0,0.1,0,0,0,0.1,0.1,0,0,0,0,0.04,0
0.0000188,0,0.1,-0.1,0,0,0,0,-0.1,0,0,0,0,-0.1,-0.1,-0.1,-0.2,-0.1,-0.2,-0.2,-0.3,-0.4,0.2,-0.5,-0.6,-0.7,-0.9,-1,-1,-1.3,-1.3,-1.5,0.2,-1.9,-1.8,-2.05,-2.1,-2.23,-2.2,-2.26,-2.3,-2.18,0.1,-2.44,-2.36,-2.24,-2.23,-2.27,-2.27,-2.23,-2.23,-2.05,0,-1.95,-2,-1.8,-1.8,-1.8,-1.6,-1.4,-1.3,-1.3,0,-0.9,-0.9,-0.8,-0.6,-0.6,-0.6,-0.5,-0.4,-0.4,0.1,-0.3,-0.2,-0.2,-0.1,-0.1,-0.2,-0.1,0,0.1,0,0,-0.1,0,0,0,-0.1,0.1,-0.1,0.1,0,0.1,0.1,0.1,0,0,0.1,0.08,-0.09
0.000019,0,0.1,-0.1,0,0,0,0,0,-0.1,0,0,0.1,0,-0.1,-0.1,-0.2,-0.1,-0.3,-0.3,-0.3,-0.4,0,-0.5,-0.6,-0.8,-0.8,-1,-1,-1.2,-1.4,-1.5,0.1,-1.8,-1.8,-2.01,-2.1,-2.14,-2.15,-2.36,-2.31,-2.18,0.2,-2.4,-2.36,-2.28,-2.27,-2.23,-2.27,-2.23,-2.23,-2.05,0,-2.1,-2,-1.7,-1.8,-1.7,-1.5,-1.4,-1.4,-1.2,0,-0.9,-0.9,-0.8,-0.7,-0.6,-0.5,-0.5,-0.4,-0.4,0.1,-0.3,-0.2,-0.1,-0.2,0,-0.2,-0.2,-0.1,0,0.1,0,-0.1,0,0,0,0,0,0.1,0.1,0.1,0.1,0.1,0,0.1,0,-0.1,0.13,-0.14
0.0000192,0,0.1,-0.1,-0.1,0,0,-0.1,0,0.1,0,-0.1,0,0,-0.1,-0.1,-0.2,-0.2,-0.3,-0.3,-0.2,-0.3,0.1,-0.5,-0.6,-0.7,-0.8,-1,-1.1,-1.2,-1.4,-1.4,0.1,-1.8,-2,-2.01,-2.1,-2.1,-2.14,-2.31,-2.21,-2.23,0.1,-2.36,-2.31,-2.23,-2.23,-2.27,-2.27,-2.14,-2.18,-2.05,0.2,-1.91,-1.9,-1.8,-1.7,-1.7,-1.5,-1.5,-1.4,-1.2,0.1,-1,-0.9,-0.8,-0.7,-0.7,-0.6,-0.5,-0.4,-0.3,0,-0.2,-0.2,-0.2,-0.1,-0.1,-0.2,-0.1,-0.1,0,0.1,0,0,0,0,0,-0.1,0.1,0.1,0.1,0.1,0.1,0,0,0,0,-0.1,-0.09,-0.13
0.0000194,0,0.1,-0.1,0,0,0.1,0,0,-0.1,0,-0.1,0.2,-0.1,-0.1,-0.1,-0.1,-0.2,-0.2,-0.3,-0.3,-0.3,0,-0.6,-0.7,-0.8,-0.8,-1,-1.1,-1.1,-1.3,-1.4,0,-1.8,-1.9,-2.05,-2.11,-2.15,-2.23,-2.33,-2.27,-2.23,0.1,-2.31,-2.31,-2.37,-2.33,-2.27,-2.18,-2.14,-2.2,-2.1,0,-1.91,-1.9,-1.8,-1.7,-1.7,-1.5,-1.5,-1.4,-1.3,0,-1,-0.9,-0.8,-0.6,-0.7,-0.5,-0.5,-0.4,-0.4,0.1,-0.3,-0.2,-0.1,-0.1,-0.1,-0.1,-0.1,-0.1,-0.1,0.1,0,0,0,0,0,-0.1,0,0.1,0.1,0,0,0.1,-0.1,0,0,0,-0.14,-0.14
0.0000196,0.1,0,0,0,0,0,0,-0.1,0,-0.1,0,0.1,-0.1,0,-0.1,-0.2,-0.2,-0.3,-0.3,-0.3,-0.4,0.1,-0.5,-0.6,-0.7,-0.8,-1,-1.1,-1.2,-1.4,-1.4,0.2,-1.7,-1.91,-2.05,-2,-2.11,-2.23,-2.23,-2.27,-2.14,0,-2.36,-2.27,-2.41,-2.23,-2.27,-2.18,-2.15,-2.2,-2.05,0.1,-1.9,-1.9,-1.8,-1.7,-1.8,-1.6,-1.4,-1.4,-1.3,0.2,-1.1,-0.9,-0.8,-0.7,-0.6,-0.5,-0.5,-0.4,-0.2,0.1,-0.2,-0.2,-0.2,-0.1,-0.2,-0.1,0,-0.1,-0.1,0.1,0,0,0,0,-0.1,0,0,0.1,0.1,0,-0.1,0,0,-0.1,0.1,0.1,-0.04,-0.18
0.0000198,0,0,0.1,0,0,0,0,-0.1,0,0,-0.1,0.1,-0.1,-0.1,-0.1,-0.2,-0.2,-0.3,-0.2,-0.3,-0.3,0.1,-0.5,-0.7,-0.7,-0.8,-0.9,-1.1,-1.1,-1.3,-1.5,0.2,-1.8,-1.95,-2.01,-2.01,-2.2,-2.26,-2.14,-2.31,-2.14,0.1,-2.31,-2.27,-2.18,-2.33,-2.27,-2.18,-2.11,-2.11,-2.05,0,-1.9,-1.8,-1.9,-1.7,-1.7,-1.6,-1.4,-1.4,-1.3,0.1,-1,-0.9,-0.7,-0.7,-0.6,-0.6,-0.5,-0.4,-0.2,0.1,-0.3,-0.2,-0.2,-0.1,-0.1,-0.1,0,-0.1,0,0.1,0,0.1,0.1,0,-0.1,0.1,0,0,-0.1,0,0,0,0,-0.1,0,0.1,-0.18,-0.18
0.00002,-0.1,-0.1,0,0,0,-0.1,0,-0.1,-0.1,-0.1,-0.1,0.1,-0.1,-0.2,-0.1,-0.2,-0.2,-0.2,-0.3,-0.3,-0.4,0,-0.5,-0.6,-0.7,-0.8,-0.9,-1.1,-1.2,-1.3,-1.4,0,-1.8,-1.9,-2.05,-2.05,-2.1,-2.21,-2.14,-2.27,-2.1,0.2,-2.36,-2.23,-2.28,-2.18,-2.23,-2.23,-2.15,-2.01,-2.05,0,-2.01,-1.8,-1.8,-1.8,-1.6,-1.6,-1.4,-1.3,-1.3,0,-0.9,-1,-0.8,-0.6,-0.7,-0.6,-0.5,-0.4,-0.3,0,-0.2,-0.2,-0.2,-0.1,-0.2,-0.1,-0.1,-0.1,-0.1,0.1,-0.1,0,0.1,0,-0.1,0,0,0,0.1,0,0.1,0,0,-0.1,0,0.2,-0.14,-0.22
0.0000202,0,0,0.1,0,0,-0.1,0,-0.1,-0.1,-0.1,0,0.1,-0.1,0,-0.1,-0.1,-0.1,-0.3,-0.2,-0.3,-0.5,0.2,-0.5,-0.7,-0.8,-0.8,-0.9,-1.1,-1.1,-1.4,-1.5,0.1,-1.7,-1.8,-2.05,-2.05,-2.2,-2.27,-2.18,-2.27,-2.11,0.1,-2.27,-2.23,-2.28,-2.14,-2.18,-2.17,-2.2,-2.1,-2.01,0.1,-2,-1.8,-1.8,-1.7,-1.7,-1.6,-1.5,-1.5,-1.2,0,-0.9,-0.9,-0.8,-0.7,-0.7,-0.5,-0.5,-0.4,-0.3,0.1,-0.2,-0.1,-0.2,-0.2,-0.1,-0.1,-0.1,-0.1,-0.1,0.2,0,0,0,0,0,0.1,0,0,-0.1,0.1,-0.1,0,0,0,0,0.1,-0.22,-0.13
0.0000204,0,-0.1,0.1,-0.1,0,-0.1,0,0,-0.1,0,-0.1,0.1,-0.1,-0.1,-0.1,-0.1,-0.2,-0.2,-0.2,-0.2,-0.4,0,-0.6,-0.6,-0.8,-0.8,-0.9,-1.1,-1.1,-1.3,-1.5,0.1,-1.8,-1.8,-2,-2.01,-2.1,-2.23,-2.27,-2.18,-2.2,0,-2.27,-2.27,-2.2,-2.28,-2.18,-2.27,-2.05,-2.11,-2.01,0,-1.91,-1.9,-1.8,-1.7,-1.6,-1.5,-1.4,-1.5,-1.4,0.1,-0.9,-0.9,-0.8,-0.7,-0.6,-0.6,-0.5,-0.4,-0.3,0.1,-0.2,-0.1,-0.1,-0.1,0,0,0,0,-0.1,0.1,0,0,0.1,0,-0.1,0.1,0.1,0.1,-0.1,0,0,0.1,0,0.1,0,0,-0.13,-0.13
0.0000206,0,0,0,-0.1,0,0,0.1,0.1,0,-0.1,0,0.1,-0.1,0,-0.1,-0.1,-0.2,-0.1,-0.2,-0.2,-0.4,0,-0.5,-0.6,-0.8,-0.9,-1,-1.1,-1.2,-1.4,-1.4,0.1,-1.7,-1.8,-2.01,-2.05,-2.1,-2.14,-2.27,-2.23,-2.1,0.1,-2.31,-2.27,-2.24,-2.18,-2.14,-2.17,-2.14,-2.11,-2.05,0.1,-1.9,-1.9,-1.8,-1.7,-1.7,-1.6,-1.5,-1.3,-1.3,0.1,-1,-0.9,-0.9,-0.7,-0.5,-0.5,-0.5,-0.4,-0.4,0.1,-0.2,-0.2,-0.2,-0.2,0,0,-0.1,-0.1,-0.1,0.1,0,-0.1,0.1,-0.1,0,0.1,0.1,0,-0.1,0.2,0.1,0,0.1,0,0,0.1,-0.22,-0.18
0.0000208,0,0.1,0,0,0,0,0.1,0,0,0,0,0.1,-0.1,0,-0.2,-0.2,-0.2,-0.2,-0.2,-0.3,-0.4,0.2,-0.5,-0.6,-0.7,-0.9,-1,-1.2,-1.3,-1.3,-1.5,0.1,-1.8,-1.8,-2.01,-2.05,-2.11,-2.1,-2.27,-2.23,-2.1,0.1,-2.31,-2.36,-2.23,-2.23,-2.24,-2.21,-2.18,-2.05,-2.05,0.1,-1.95,-1.9,-1.8,-1.7,-1.7,-1.5,-1.4,-1.3,-1.3,0.1,-0.9,-0.9,-0.8,-0.7,-0.6,-0.6,-0.5,-0.4,-0.3,0.1,-0.2,-0.2,-0.2,-0.2,-0.1,0,-0.1,-0.1,-0.1,0.2,0,0.1,0.1,-0.1,0,0,0.1,0.1,0,0.1,0.1,0.1,0.1,0,-0.1,0.1,-0.09,-0.14
0.000021,0,0,0,0,-0.1,0,0.1,0,0,0,0.1,0.1,-0.2,0,-0.1,-0.2,-0.2,-0.2,-0.2,-0.2,-0.3,0.1,-0.5,-0.6,-0.7,-0.9,-1,-1,-1.2,-1.3,-1.4,0.2,-1.8,-1.8,-2,-2.01,-2.05,-2.11,-2.21,-2.18,-2.2,0,-2.31,-2.3,-2.23,-2.23,-2.2,-2.17,-2.23,-2.14,-2.01,0.1,-1.91,-2,-1.7,-1.7,-1.7,-1.6,-1.4,-1.4,-1.3,0,-0.9,-0.9,-0.8,-0.7,-0.5,-0.6,-0.4,-0.4,-0.4,0,-0.1,-0.2,-0.2,-0.2,-0.1,-0.1,-0.1,-0.1,-0.1,0.2,0,0.1,0,0,0,0,0.1,0.1,-0.1,0.1,0.1,0.1,0.1,0.1,-0.1,0.2,-0.14,-0.18
0.0000212,0,0,0,0,0,0.1,0,0,0,0,0,0,-0.1,-0.1,-0.2,-0.2,-0.2,-0.2,-0.2,-0.3,-0.3,0,-0.5,-0.6,-0.8,-0.9,-1,-1.1,-1.2,-1.3,-1.4,0.1,-1.7,-1.8,-2.01,-2.01,-2.05,-2.11,-2.21,-2.23,-2.11,0,-2.31,-2.3,-2.17,-2.31,-2.14,-2.27,-2.17,-2.14,-2,0,-1.91,-1.9,-1.7,-1.7,-1.7,-1.5,-1.4,-1.3,-1.3,0.1,-0.9,-0.9,-0.8,-0.8,-0.6,-0.6,-0.4,-0.4,-0.4,0,-0.3,-0.2,-0.1,-0.2,0,-0.1,-0.1,-0.1,0,0.1,-0.1,0.1,-0.1,0,0,0,0.1,0.1,0,0,0,0.1,0.1,0,0,0,-0.14,-0.18
0.0000214,0,0.1,0,-0.1,0,0.1,0.1,-0.1,0.1,0,0.1,0,-0.2,0,-0.2,-0.1,-0.1,-0.2,-0.2,-0.3,-0.3,0.1,-0.5,-0.5,-0.7,-0.9,-1,-1,-1.2,-1.3,-1.4,0,-1.7,-1.8,-2,-2.01,-2.05,-2.15,-2.17,-2.23,-2.1,0.1,-2.27,-2.26,-2.31,-2.36,-2.18,-2.13,-2.17,-2.14,-2.1,0.2,-1.9,-1.9,-1.9,-1.7,-1.7,-1.5,-1.4,-1.3,-1.3,0.1,-0.9,-0.9,-0.8,-0.8,-0.6,-0.6,-0.4,-0.3,-0.3,0.1,-0.2,-0.2,-0.2,-0.2,-0.1,-0.1,-0.1,0,0,0.1,-0.1,0,0,0,0,0,0,0.1,0,0.1,0.1,0.1,0,0.1,-0.1,0,-0.18,-0.18
0.0000216,0,0.1,0,-0.1,0,0,0,0,-0.1,0,0,0,-0.1,0,-0.2,-0.2,-0.1,-0.2,-0.3,-0.2,-0.3,0,-0.5,-0.6,-0.8,-0.9,-1,-1,-1.2,-1.3,-1.4,0,-1.7,-1.8,-2.01,-2,-2.05,-2.11,-2.27,-2.23,-2.18,0.1,-2.23,-2.31,-2.36,-2.27,-2.18,-2.23,-2.17,-2.1,-2,0,-2,-1.9,-1.7,-1.7,-1.7,-1.5,-1.4,-1.3,-1.3,0.1,-1,-0.9,-0.8,-0.7,-0.6,-0.5,-0.4,-0.4,-0.4,0,-0.2,-0.1,-0.1,-0.1,-0.1,-0.1,-0.1,-0.1,0,0.1,-0.1,0,0.1,0.1,0,-0.1,0.1,0.1,0,0.2,0,0.1,0.1,0.1,-0.1,0,-0.14,-0.14
0.0000218,0,0.1,0,-0.1,-0.1,0.1,0,0,0,-0.1,0,0,-0.2,0,-0.2,-0.2,-0.2,-0.3,-0.3,-0.2,-0.4,0,-0.5,-0.7,-0.8,-0.8,-1,-1.1,-1.1,-1.3,-1.4,0,-1.8,-1.7,-1.91,-2.01,-2.11,-2.05,-2.23,-2.13,-2.14,0.1,-2.23,-2.27,-2.36,-2.23,-2.17,-2.18,-2.27,-2.1,-2.11,0,-2,-1.8,-1.8,-1.7,-1.7,-1.6,-1.4,-1.3,-1.2,0,-0.9,-0.9,-0.8,-0.6,-0.6,-0.5,-0.4,-0.4,-0.4,0,-0.2,-0.2,-0.2,-0.1,-0.1,-0.1,-0.1,-0.1,-0.1,0.1,-0.1,0,0.1,0.1,0,-0.1,0,0,0.1,0.1,0.1,0,-0.1,0,0.1,-0.1,-0.18,-0.04
0.000022,0,0.1,0.1,0,0,0.1,-0.1,-0.1,0,0,0,0,-0.1,-0.1,-0.2,-0.2,-0.1,-0.3,-0.2,-0.3,-0.4,0.1,-0.4,-0.6,-0.8,-0.8,-1,-1.1,-1.2,-1.3,-1.5,0,-1.8,-1.9,-1.95,-2,-2.05,-2.05,-2.14,-2.23,-2.14,0.2,-2.23,-2.23,-2.27,-2.18,-2.36,-2.18,-2.18,-2.01,-2,0,-2,-1.9,-1.8,-1.7,-1.6,-1.5,-1.3,-1.3,-1.2,0,-0.9,-0.9,-0.7,-0.6,-0.6,-0.4,-0.5,-0.4,-0.3,0.2,-0.2,-0.3,-0.2,0,-0.1,-0.1,-0.1,-0.1,0,0.1,0,-0.1,0,0.1,0,0.1,0,0,0.1,0.1,0.1,0.1,0,0,0.1,-0.1,-0.18,-0.01
0.0000222,0,0.1,0.1,-0.1,0,0.1,0,-0.1,0,-0.1,0,0.1,-0.2,-0.2,-0.2,-0.2,-0.1,-0.3,-0.3,-0.3,-0.4,0.1,-0.5,-0.6,-0.8,-0.8,-1,-1.1,-1.2,-1.3,-1.3,0,-1.7,-1.8,-1.91,-2,-2.1,-2.1,-2.18,-2.13,-2.15,0.1,-2.23,-2.18,-2.14,-2.25,-2.17,-2.14,-2.2,-2.05,-2,0,-1.9,-1.8,-1.8,-1.7,-1.7,-1.5,-1.4,-1.3,-1.3,0,-0.9,-0.9,-0.8,-0.6,-0.7,-0.5,-0.5,-0.4,-0.3,0,-0.3,-0.3,-0.1,0,-0.1,-0.2,-0.1,-0.1,0,0.1,-0.2,-0.1,0,0.1,0,0,0,0.1,0,0,0,0.1,0,-0.1,0.1,0,-0.04,0.04
0.0000224,-0.1,0,0.1,0,0,0,0.1,0,0,0,0,0,0,-0.1,-0.1,-0.2,-0.1,-0.2,-0.2,-0.3,-0.5,0,-0.5,-0.6,-0.7,-0.8,-0.9,-1.1,-1.1,-1.3,-1.4,0,-1.7,-1.8,-1.9,-2.11,-2,-2.18,-2.14,-2.18,-2.2,0.1,-2.23,-2.14,-2.1,-2.11,-2.21,-2.14,-2.15,-2.01,-2.05,0.1,-1.9,-1.9,-1.8,-1.7,-1.6,-1.5,-1.3,-1.4,-1.2,0.2,-1,-0.9,-0.7,-0.7,-0.6,-0.5,-0.4,-0.4,-0.3,0.1,-0.2,-0.2,-0.2,-0.1,-0.1,-0.1,-0.1,-0.1,0.1,0.1,0,0,0.1,0.1,-0.1,0,0.1,0,0,0,0,0,0,0,0,0,-0.05,0.08
0.0000226,0.1,0,0.1,0.1,0,0,0.1,0,0,0,-0.1,0,-0.1,-0.1,-0.1,-0.2,-0.1,-0.3,-0.3,-0.3,-0.3,0.1,-0.5,-0.6,-0.8,-0.8,-0.9,-1.1,-1.2,-1.3,-1.3,0.1,-1.7,-1.8,-1.9,-2.01,-2,-2.27,-2.1,-2.23,-2.1,0.1,-2.27,-2.14,-2.25,-2.11,-2.17,-2.14,-2.1,-2.1,-2.1,0,-2,-1.8,-1.8,-1.7,-1.6,-1.6,-1.4,-1.4,-1.2,0.1,-0.9,-0.9,-0.9,-0.6,-0.6,-0.4,-0.4,-0.4,-0.3,0.2,-0.2,-0.2,-0.2,-0.1,-0.2,-0.1,-0.1,0,0,0.1,-0.1,-0.1,0.1,0,-0.1,0,0,0,-0.1,0.1,0,0,0.1,0,0.1,0,0,0.04
0.0000228,0,0,0.1,0.1,-0.1,-0.1,0,-0.1,0,-0.1,0,0,-0.1,-0.2,-0.1,-0.1,-0.1,-0.1,-0.3,-0.2,-0.4,0,-0.5,-0.6,-0.8,-0.9,-0.9,-1.1,-1.1,-1.3,-1.5,0,-1.8,-1.8,-1.9,-2.01,-2,-2.17,-2.18,-2.14,-2.1,0,-2.27,-2.18,-2.25,-2.2,-2.23,-2.14,-2.1,-2.1,-2,0.1,-1.8,-1.8,-1.8,-1.7,-1.6,-1.6,-1.3,-1.3,-1.2,0.1,-0.9,-0.9,-0.8,-0.7,-0.6,-0.5,-0.4,-0.4,-0.4,0.2,-0.2,-0.2,-0.2,-0.1,-0.2,-0.1,-0.1,0,0,0,-0.1,0,0.1,0,0,0,0.1,0,-0.1,0,0,0,0,0.1,0,0.1,0.04,0.08
0.000023,0,0,0,0,-0.1,-0.1,0.1,-0.1,0,-0.1,0,0,-0.2,-0.1,-0.1,-0.2,-0.2,-0.3,-0.2,-0.3,-0.3,0,-0.5,-0.6,-0.8,-0.8,-0.9,-1,-1.1,-1.3,-1.3,0.1,-1.8,-1.8,-1.9,-2.01,-2,-2.13,-2.18,-2.14,-2,0.1,-2.31,-2.18,-2.11,-2.15,-2.27,-2.14,-2,-2,-2.1,0,-1.8,-1.8,-1.9,-1.7,-1.6,-1.5,-1.4,-1.3,-1.2,0.1,-1,-1,-0.7,-0.7,-0.5,-0.5,-0.5,-0.4,-0.3,0.1,-0.2,-0.3,-0.2,-0.2,-0.1,-0.1,-0.1,-0.1,0,0.1,0,0.1,0,-0.1,0,0,0,0.1,-0.1,0,0,-0.1,0.1,0,-0.1,0.1,0.08,0.08
0.0000232,0,0,-0.1,0.1,0,0,0,0,0,0,0,0.1,-0.1,-0.1,-0.1,-0.2,-0.1,-0.2,-0.2,-0.3,-0.3,0,-0.5,-0.6,-0.7,-0.8,-0.8,-1,-1.1,-1.2,-1.5,0.1,-1.7,-1.8,-1.9,-2.01,-2,-2.13,-2.14,-2.14,-2.1,0.1,-2.31,-2.27,-2.15,-2.1,-2.23,-2.18,-2.11,-2.1,-2.05,0,-1.9,-1.8,-1.8,-1.6,-1.5,-1.6,-1.4,-1.4,-1.2,0.1,-1,-0.9,-0.8,-0.7,-0.5,-0.5,-0.5,-0.4,-0.4,0,-0.2,-0.2,-0.2,-0.2,-0.1,-0.2,-0.1,0,0,0.1,0,0,0,-0.1,0.1,0.1,0.1,0,0,0,0,0,0.1,0,-0.1,0,0.04,0.08
0.0000234,0.1,0.1,0,0,0,0,0.1,-0.1,0,0,0,0,-0.1,-0.1,-0.1,-0.1,-0.2,-0.2,-0.2,-0.2,-0.3,0,-0.5,-0.6,-0.7,-0.9,-0.9,-1,-1.1,-1.3,-1.5,0,-1.8,-1.8,-2,-2,-2,-2.18,-2.18,-2.08,-2.1,0.1,-2.17,-2.17,-2.14,-2.14,-2.18,-2.14,-2.05,-2,-2.01,0.1,-1.8,-1.8,-1.8,-1.7,-1.6,-1.5,-1.3,-1.4,-1.3,0.1,-1,-1,-0.7,-0.7,-0.5,-0.5,-0.5,-0.4,-0.3,0.1,-0.2,-0.1,-0.2,-0.1,0,-0.1,-0.1,-0.1,0,0,0,0.1,0,-0.1,0.1,0.1,0.1,0.1,0.1,0,0.1,0,0.1,0,0,0,0.17,0.04
0.0000236,0.1,0,0,0,0.1,0.1,0,0,0,0,0,0.2,-0.2,-0.1,-0.2,-0.2,-0.2,-0.2,-0.2,-0.2,-0.2,0,-0.4,-0.5,-0.8,-0.8,-0.9,-1,-1.1,-1.3,-1.3,0.1,-1.8,-1.8,-2.01,-2,-2.1,-2.14,-2.18,-2.23,-2.01,0.1,-2.23,-2.31,-2.1,-2.1,-2.18,-2.14,-2.05,-2,-2,0,-1.8,-1.8,-1.8,-1.7,-1.6,-1.6,-1.3,-1.3,-1.3,0.1,-0.8,-1,-0.8,-0.7,-0.6,-0.5,-0.5,-0.4,-0.4,0,-0.3,-0.2,-0.1,-0.2,0,0,-0.2,-0.1,-0.1,0,0,0,0,0,0,0.1,0.1,0.1,0,0.1,0.1,0,0.1,0,0,0.1,0.08,0.08
0.0000238,0,0,-0.1,-0.1,0.1,0.1,0,0,0,0,-0.1,0.1,-0.1,-0.1,-0.1,-0.2,-0.1,-0.1,-0.3,-0.2,-0.3,0,-0.5,-0.6,-0.8,-0.9,-1,-1,-1.1,-1.3,-1.4,0.1,-1.8,-1.8,-1.95,-1.9,-2.1,-2.1,-2.18,-2.27,-2.1,0.1,-2.23,-2.21,-2.23,-2.14,-2.18,-2.18,-2.05,-2.1,-1.9,0.1,-1.9,-1.8,-1.7,-1.7,-1.6,-1.5,-1.4,-1.4,-1.2,0.1,-0.9,-0.9,-0.7,-0.7,-0.5,-0.6,-0.5,-0.4,-0.3,0,-0.2,-0.2,-0.2,-0.2,0,-0.1,-0.1,-0.1,-0.1,0.1,0,0.1,-0.1,0,0,0,0,-0.1,0,0,0,0,0,0,0.1,0.2,0.08,0
0.000024,0.1,0.1,0,0,0.1,0.1,-0.1,0,-0.1,-0.1,0,0.1,-0.1,-0.1,-0.1,0,-0.2,-0.3,-0.3,-0.2,-0.3,0.2,-0.4,-0.6,-0.7,-0.9,-1,-1.1,-1.1,-1.3,-1.4,0.1,-1.7,-1.8,-1.95,-2,-2.1,-2.11,-2.18,-2.17,-2.14,0,-2.23,-2.21,-2.23,-2.18,-2.18,-2.14,-2.05,-2.1,-2,0.2,-1.9,-1.8,-1.7,-1.6,-1.6,-1.5,-1.3,-1.4,-1.3,0,-0.9,-1,-0.7,-0.7,-0.5,-0.5,-0.5,-0.4,-0.4,0.2,-0.2,-0.2,-0.2,-0.2,-0.1,-0.1,-0.1,-0.1,0,0,0,0,0,0,0,0,0,0,0,0.1,0.1,0,0,0.1,0.1,0.1,0.04,0.12
0.0000242,0.1,0.1,0,0,0.1,0.1,0,0,0,0,0,0.2,0,0,-0.2,-0.1,-0.2,-0.3,-0.2,-0.2,-0.3,0,-0.4,-0.6,-0.7,-0.8,-1,-1,-1.1,-1.3,-1.3,0.1,-1.7,-1.8,-1.95,-1.9,-2.01,-2.1,-2.18,-2.23,-2.23,0.2,-2.18,-2.27,-2.18,-2.18,-2.14,-2.18,-2.05,-2,-2,0,-1.8,-1.8,-1.7,-1.6,-1.6,-1.5,-1.3,-1.3,-1.3,0.1,-0.9,-0.9,-0.8,-0.7,-0.5,-0.6,-0.5,-0.4,-0.3,0.1,-0.2,-0.1,-0.2,-0.1,-0.1,-0.2,-0.1,0,-0.1,0.1,-0.1,0,0,0,0,-0.1,0.1,0.1,0.1,0.1,0,0.1,0,-0.1,0.1,0,0.04,0.08
0.0000244,0,0,0,0,0,0,-0.1,0,0,-0.1,0,0.2,-0.1,0,-0.2,-0.1,-0.2,-0.2,-0.3,-0.2,-0.4,0.1,-0.4,-0.6,-0.7,-0.8,-1,-1.1,-1.1,-1.3,-1.4,0,-1.7,-1.8,-1.95,-2,-2,-2.1,-2.18,-2.18,-2.14,0,-2.18,-2.31,-2.23,-2.14,-2.14,-2.18,-2.14,-2.01,-2,0.1,-1.9,-1.8,-1.7,-1.7,-1.7,-1.5,-1.3,-1.3,-1.3,0,-1,-1,-0.8,-0.6,-0.6,-0.5,-0.4,-0.4,-0.3,0.2,-0.2,-0.2,-0.2,-0.2,-0.1,-0.1,-0.1,-0.1,-0.1,0,0,0,0,0,0,0,0.1,0,0,0.2,0.1,0.1,0,0,0.1,0,0.08,0.12
0.0000246,0,0,0.1,-0.1,0,0,-0.1,0,-0.1,-0.2,0,0,0,-0.1,-0.2,0,-0.2,-0.2,-0.3,-0.3,-0.3,0,-0.6,-0.6,-0.7,-0.8,-1,-1.1,-1.1,-1.2,-1.4,0,-1.6,-1.8,-1.95,-2,-2,-2.1,-2.04,-2.1,-2.14,0.1,-2.14,-2.18,-2.14,-2.2,-2.14,-2.18,-2.1,-2.01,-1.9,0.1,-1.9,-1.8,-1.8,-1.7,-1.6,-1.5,-1.4,-1.3,-1.2,0.2,-1,-1,-0.7,-0.7,-0.6,-0.5,-0.5,-0.5,-0.4,0.1,-0.2,-0.2,-0.2,-0.1,-0.1,-0.1,0,-0.1,0,0.1,0,0,0,0,-0.1,0,0.1,-0.1,-0.1,0.2,0,0.1,0,0.1,0.1,-0.1,0.08,0.08
0.0000248,-0.1,0.1,0.1,0,0,0,-0.1,0,0,-0.1,0,0.1,-0.1,0,-0.2,-0.2,-0.3,-0.2,-0.3,-0.4,-0.3,0.1,-0.5,-0.6,-0.7,-0.9,-1,-1.1,-1.1,-1.3,-1.5,0.1,-1.6,-1.7,-1.91,-1.9,-2,-2.01,-2.18,-2.05,-2.05,0.1,-2.18,-2.14,-2.05,-2.15,-2.1,-2.1,-2.1,-2.05,-2.1,0,-1.9,-1.8,-1.8,-1.7,-1.6,-1.5,-1.4,-1.3,-1.3,0.1,-0.9,-0.9,-0.8,-0.6,-0.6,-0.4,-0.4,-0.4,-0.4,0.1,-0.3,-0.2,-0.1,0,-0.1,-0.1,-0.1,0,0,0,-0.1,0,0.1,0,0,0,0.1,0.1,0,0.2,0,0.1,-0.1,0,0,-0.1,0.12,0.04
0.000025,0,0.1,0,-0.1,0,0.1,0,0,0,-0.1,0,0.1,-0.1,-0.1,-0.1,-0.2,-0.2,-0.3,-0.3,-0.3,-0.4,0,-0.5,-0.6,-0.6,-0.8,-0.9,-1,-1.1,-1.3,-1.3,0.1,-1.7,-1.8,-1.9,-2,-2,-2.1,-2.1,-2.05,-2.11,0,-2.18,-2.14,-2.15,-2.15,-2.14,-2.14,-2.04,-2.05,-2,0.2,-1.9,-1.8,-1.8,-1.7,-1.6,-1.6,-1.4,-1.3,-1.2,0.1,-1,-1,-0.8,-0.6,-0.6,-0.5,-0.5,-0.3,-0.4,0,-0.2,-0.1,-0.2,-0.1,-0.2,-0.2,0,0.1,-0.1,0.1,-0.1,-0.1,0,-0.1,0,-0.1,0,0.1,0,0.2,0,0.1,0,0,0,0,0.08,0.12
0.0000252,0,0.1,0,0,0,0,0.1,0,0,0,0,0,-0.1,0,-0.1,-0.2,-0.3,-0.2,-0.3,-0.3,-0.4,0,-0.5,-0.6,-0.7,-0.8,-0.8,-1,-1.2,-1.3,-1.4,0,-1.7,-1.7,-1.9,-1.9,-2.1,-2.14,-2.05,-2.05,-2.11,0.1,-2.14,-2.2,-2.15,-2.11,-2.1,-2.1,-2.1,-2.01,-2,0.1,-1.9,-1.9,-1.7,-1.7,-1.6,-1.6,-1.4,-1.4,-1.1,0.1,-0.9,-1,-0.7,-0.7,-0.6,-0.6,-0.5,-0.4,-0.3,0,-0.2,-0.3,-0.2,-0.1,-0.1,-0.1,-0.1,-0.1,0,0,-0.1,0,0.1,0,-0.1,0,0,0,0.1,0,0,0,0,0,0,0.1,0.12,0.08
0.0000254,0,0,0,0.1,0,0,0,-0.1,0,0,-0.1,0.1,-0.1,0,-0.1,-0.2,-0.2,-0.3,-0.3,-0.3,-0.3,0.1,-0.6,-0.6,-0.8,-0.8,-0.9,-1,-1.1,-1.2,-1.3,0.1,-1.6,-1.7,-1.9,-1.9,-1.9,-2.14,-2.1,-2.05,-2.1,0,-2.18,-2.14,-2.1,-2.11,-2.14,-2.1,-2.1,-2.05,-2.01,0.1,-1.8,-1.7,-1.7,-1.7,-1.6,-1.5,-1.4,-1.4,-1.2,0,-0.9,-0.9,-0.8,-0.7,-0.6,-0.6,-0.4,-0.4,-0.4,0.1,-0.2,-0.2,-0.2,-0.1,-0.2,-0.2,-0.1,0,0,0.1,-0.1,-0.1,0,0,0,0,0,0,0,0,0.1,0,0,0,-0.1,0,0.08,0.08
0.0000256,0,0.1,0,0,-0.1,0,0,-0.1,-0.1,0,-0.1,0,-0.2,-0.1,-0.1,-0.2,-0.2,-0.3,-0.3,-0.3,-0.3,0.1,-0.5,-0.5,-0.7,-0.8,-0.9,-1,-1.2,-1.2,-1.3,0.1,-1.7,-1.8,-1.9,-1.9,-2.1,-2.14,-2.05,-2.05,-2.1,0,-2.18,-2.1,-2.11,-2.11,-2.14,-2.1,-2.01,-2.01,-2,0.1,-1.8,-1.8,-1.8,-1.7,-1.5,-1.4,-1.4,-1.4,-1.2,0.1,-0.9,-0.9,-0.8,-0.6,-0.5,-0.5,-0.4,-0.4,-0.3,0.1,-0.1,-0.2,-0.2,-0.1,-0.1,-0.2,-0.1,-0.1,0,0,0,-0.1,0,-0.1,0.1,0,0,0,0,0.1,0,0,0,0.1,0,0,0.08,0.08
0.0000258,0,0.1,0.1,0,0,0,0.1,0,0,0,0,0,-0.1,-0.1,-0.1,-0.2,-0.1,-0.3,-0.3,-0.3,-0.3,0.1,-0.5,-0.5,-0.7,-0.9,-0.9,-1,-1.1,-1.2,-1.3,0,-1.8,-1.8,-1.9,-1.8,-2,-2.14,-2.05,-2.18,-2,0.1,-2.23,-2.23,-2.15,-2.15,-2.04,-1.95,-2.05,-2,-1.9,0.1,-1.7,-1.8,-1.8,-1.7,-1.6,-1.5,-1.4,-1.4,-1.2,0.1,-0.9,-1,-0.8,-0.7,-0.6,-0.5,-0.4,-0.4,-0.4,0,-0.1,-0.1,-0.2,-0.1,-0.2,-0.2,-0.1,-0.1,0,0,0,0,0,0,0,0,0,0.1,0.1,0.2,0,0,0,-0.1,0,0.1,0.17,0.13
0.000026,0,-0.1,0,0,-0.1,0,0.1,-0.1,0,0.1,0,0,-0.2,-0.1,-0.2,-0.3,-0.1,-0.3,-0.2,-0.3,-0.3,0,-0.4,-0.5,-0.8,-0.8,-0.9,-1,-1.1,-1.3,-1.4,0,-1.8,-1.7,-1.9,-1.9,-2,-2.14,-2.14,-2.08,-2,0.1,-2.18,-2.17,-2.15,-2.1,-2.04,-2.05,-2.05,-2,-1.9,0.1,-1.9,-1.8,-1.7,-1.5,-1.7,-1.4,-1.3,-1.3,-1.3,0.1,-0.9,-0.9,-0.7,-0.6,-0.6,-0.5,-0.4,-0.4,-0.4,0.2,-0.1,-0.2,-0.1,-0.1,-0.1,-0.2,-0.1,-0.1,0.1,0.1,0.1,-0.1,0,0.1,0.1,0,0,-0.1,0.1,0.1,0,0,0.1,0,0,0.1,-0.01,0.08
0.0000262,0.1,0,0,0,0,0,0.1,0,0,0,0,0.1,-0.1,0,0,-0.2,-0.1,-0.2,-0.3,-0.2,-0.3,0,-0.4,-0.6,-0.8,-0.7,-0.9,-1,-1.1,-1.2,-1.3,0.1,-1.7,-1.7,-1.9,-1.9,-1.9,-2.01,-2.1,-2.08,-2,0.1,-2.23,-2.17,-2.05,-2.01,-2.08,-2.14,-2.05,-2,-2,0.1,-1.9,-1.8,-1.7,-1.7,-1.5,-1.4,-1.3,-1.4,-1.2,0.1,-0.9,-0.9,-0.7,-0.6,-0.6,-0.5,-0.5,-0.3,-0.4,0,-0.1,-0.1,-0.1,-0.2,-0.1,-0.1,-0.1,-0.1,0,0.1,0.1,0,0,0.1,0.1,0.1,-0.1,0,0.1,0.1,0.1,0,0.1,0,0,0.1,0.08,0.08
0.0000264,0,0.1,0,0,0,0.1,-0.1,-0.1,-0.1,-0.1,0.1,0.1,-0.1,-0.1,-0.1,-0.2,-0.1,-0.2,-0.3,-0.2,-0.4,0.2,-0.5,-0.6,-0.8,-0.8,-0.8,-1.1,-1.1,-1.3,-1.4,0.1,-1.7,-1.7,-2,-1.9,-1.9,-2.01,-2.1,-2.08,-2.1,0,-2.18,-2.17,-2.05,-2.1,-2.23,-2.1,-2.14,-1.9,-1.9,0,-1.8,-1.8,-1.7,-1.6,-1.6,-1.5,-1.3,-1.3,-1.3,0.1,-0.9,-1,-0.8,-0.6,-0.6,-0.6,-0.5,-0.4,-0.4,0.2,-0.2,-0.2,-0.1,-0.2,-0.1,-0.1,-0.1,-0.1,0,0,0,0,0,0.1,0,0,0.1,0,0,0.1,0,0.1,0.1,-0.1,0,0.2,0.08,-0.06
0.0000266,0.1,0.1,0,-0.1,-0.1,0,0,-0.1,-0.1,0,0.2,0.1,-0.2,0,-0.1,-0.1,-0.1,-0.2,-0.2,-0.3,-0.4,0,-0.4,-0.6,-0.8,-0.8,-0.9,-1.1,-1.1,-1.3,-1.3,0,-1.6,-1.8,-1.91,-1.9,-2.1,-2.01,-2.1,-2.04,-2.01,0,-2.14,-2.21,-2.05,-2.1,-2.14,-2.1,-2.05,-2,-1.9,0.1,-1.8,-1.7,-1.7,-1.7,-1.6,-1.4,-1.3,-1.3,-1.2,0,-0.8,-1,-0.8,-0.8,-0.5,-0.6,-0.5,-0.5,-0.4,0,-0.2,-0.2,-0.1,-0.2,0,-0.1,0,-0.1,0,0.2,0,0.1,0,0.1,0,0.1,0.1,0.1,0,0.1,0.1,0.1,0.1,0,0,0.1,0.08,0.04
0.0000268,-0.1,0,0,-0.1,0.2,0,-0.1,0,0,0,0,0.1,-0.2,-0.1,-0.1,0,-0.2,-0.2,-0.2,-0.3,-0.3,0.1,-0.5,-0.6,-0.8,-0.8,-0.9,-1,-1.1,-1.2,-1.4,0,-1.6,-1.7,-1.91,-1.9,-1.9,-2.01,-2.14,-2.14,-2.05,0,-2.14,-2.27,-2.05,-2.14,-2.1,-2.05,-2.1,-2,-1.8,0.1,-1.8,-1.8,-1.6,-1.7,-1.6,-1.4,-1.3,-1.3,-1.2,0,-0.8,-1,-0.8,-0.7,-0.6,-0.5,-0.4,-0.5,-0.4,0.2,-0.3,-0.1,0,-0.1,-0.1,0,-0.2,-0.1,0,0.1,0,0,0,0.1,0,0,0,0.1,0.1,0,0,0,0,0.1,0.1,0.1,0.08,0.12
0.000027,0,0,0,0,0.1,0,-0.1,0,0,-0.1,0,0,-0.2,-0.1,-0.2,0,-0.2,-0.2,-0.3,-0.3,-0.4,0.1,-0.5,-0.6,-0.8,-0.8,-1,-1,-1.1,-1.3,-1.3,0.1,-1.6,-1.8,-1.9,-1.9,-2,-2.01,-2.14,-2.1,-2.05,0.1,-2.14,-2.18,-2.05,-2.14,-2.15,-2.1,-2.05,-2,-1.8,0,-1.9,-1.8,-1.8,-1.6,-1.6,-1.4,-1.3,-1.3,-1.3,0.1,-0.9,-0.9,-0.8,-0.7,-0.5,-0.5,-0.4,-0.4,-0.4,0.1,-0.2,-0.2,-0.2,-0.1,0,0,-0.2,-0.1,0,0,-0.1,0,0,0,-0.1,0,0,0.1,0.1,0.1,0,0.1,0,0.1,0,0,0.08,0.12
0.0000272,0,0,0,-0.1,0.1,0.1,0,0,-0.1,-0.1,0.1,0.1,-0.1,0,-0.2,0,-0.3,-0.1,-0.3,-0.2,-0.3,0,-0.5,-0.6,-0.7,-0.8,-1,-1.1,-1.1,-1.3,-1.4,0,-1.5,-1.8,-1.9,-2,-1.9,-2.01,-2.1,-2.05,-2.05,0,-2.1,-2.14,-2.05,-2.18,-2,-2.05,-2.1,-2.01,-1.9,0.1,-1.8,-1.7,-1.7,-1.7,-1.6,-1.4,-1.3,-1.2,-1.3,0.2,-0.8,-0.8,-0.8,-0.7,-0.6,-0.5,-0.5,-0.4,-0.4,0.1,-0.2,-0.1,-0.2,-0.1,-0.1,-0.1,-0.1,-0.1,-0.1,0.1,-0.1,0,0,-0.1,-0.1,0,0.1,0.1,0,0.2,0,0,0,0,0,0,0.12,0.25
0.0000274,0,0,0,-0.1,0.1,0,-0.1,0,0,-0.1,0,0,-0.1,0,-0.1,-0.2,-0.1,-0.2,-0.2,-0.3,-0.4,0,-0.4,-0.6,-0.7,-0.8,-1,-1,-1.1,-1.3,-1.4,0,-1.7,-1.8,-1.9,-1.9,-2,-2.05,-2.1,-2.05,-2.05,0.1,-2.14,-2.05,-2.05,-2.14,-2,-1.95,-2.01,-2.01,-2,0.1,-1.8,-1.8,-1.7,-1.6,-1.6,-1.4,-1.4,-1.3,-1.2,0.1,-0.8,-0.8,-0.7,-0.6,-0.5,-0.5,-0.5,-0.4,-0.4,0,-0.2,-0.2,-0.2,-0.1,0,0,-0.1,-0.1,-0.1,0,0,-0.1,0,0,0,0,0,0,0,0,0,0,0,0,0,0,0.08,0.33
0.0000276,-0.1,0,0,0,0,0,0,0,0,-0.1,-0.1,0,-0.1,0,-0.1,-0.1,-0.1,-0.3,-0.3,-0.3,-0.4,0.1,-0.6,-0.6,-0.7,-0.8,-0.9,-1,-1.1,-1.2,-1.4,0,-1.6,-1.7,-1.9,-1.9,-1.9,-1.91,-2.05,-2.01,-2.05,0.1,-2.14,-2.05,-2.01,-2.1,-2.1,-2.1,-2.05,-1.9,-1.9,0.1,-1.8,-1.8,-1.7,-1.6,-1.6,-1.4,-1.4,-1.2,-1.2,0.1,-0.8,-0.8,-0.8,-0.6,-0.5,-0.5,-0.4,-0.3,-0.4,0.1,-0.3,-0.1,-0.3,0,-0.1,-0.1,0,-0.1,-0.1,0,-0.1,-0.1,0,-0.1,-0.1,0,0,0,0,0,0.1,0.1,0,0,0,0,0.17,0.33
0.0000278,0,0.1,0,-0.1,-0.1,0,0,0,-0.1,0,0,0.1,0,-0.1,-0.1,-0.1,-0.2,-0.3,-0.2,-0.2,-0.5,0.1,-0.6,-0.6,-0.8,-0.8,-0.9,-1,-1.1,-1.2,-1.4,0,-1.6,-1.7,-2,-1.9,-1.9,-2.04,-2.05,-2.01,-2.01,0,-2.1,-2.01,-2.05,-2.01,-2.01,-1.95,-2.05,-2,-1.9,0.1,-1.8,-1.7,-1.8,-1.6,-1.5,-1.5,-1.4,-1.3,-1.2,0,-0.8,-0.9,-0.8,-0.6,-0.6,-0.5,-0.5,-0.3,-0.3,0.1,-0.2,-0.2,-0.2,-0.1,-0.2,-0.1,-0.1,-0.1,-0.1,0.2,-0.1,-0.1,0.1,-0.1,-0.1,0,0,0,0,0.1,0.1,0.1,-0.1,0.1,0,0,0.08,0.46
0.000028,-0.1,0.1,0,0,-0.1,0.1,0,0,-0.1,0.1,-0.1,0.1,-0.1,-0.1,0,-0.2,-0.2,-0.2,-0.3,-0.2,-0.4,0.2,-0.5,-0.6,-0.7,-0.8,-0.8,-0.9,-1.1,-1.1,-1.3,0,-1.6,-1.7,-1.8,-1.9,-1.9,-2.14,-2.01,-2.05,-2,0,-2.1,-2.05,-2.01,-2.1,-2.1,-2.05,-2.01,-1.9,-1.9,0.1,-1.8,-1.7,-1.7,-1.6,-1.4,-1.4,-1.4,-1.3,-1.2,0.2,-0.9,-0.9,-0.6,-0.7,-0.6,-0.5,-0.5,-0.3,-0.3,0.1,-0.1,-0.1,-0.2,0,-0.1,-0.1,-0.1,0,0,0.1,-0.1,0,-0.1,0,0,0,0.1,0,0,0.1,0.1,0,-0.1,-0.1,0,0,0.33,0.5
0.0000282,-0.1,0.1,0,0,-0.1,0,0.1,0,0,0,-0.2,0.1,-0.1,-0.1,-0.1,-0.1,-0.2,-0.2,-0.2,-0.3,-0.3,0,-0.5,-0.6,-0.7,-0.8,-0.9,-1.1,-1.1,-1.2,-1.4,0.1,-1.6,-1.7,-1.8,-1.9,-2,-2.05,-2,-2.05,-1.9,0.1,-2.1,-2.1,-2.11,-2.1,-2.04,-2,-2,-2,-1.9,0.1,-1.7,-1.7,-1.8,-1.7,-1.5,-1.5,-1.3,-1.3,-1.2,0.1,-0.9,-0.9,-0.8,-0.6,-0.6,-0.5,-0.5,-0.4,-0.4,0.1,-0.2,-0.2,-0.1,-0.1,-0.1,-0.1,-0.1,0,0.1,0.1,-0.1,0,0,0.1,0,0,0,-0.1,-0.1,0.1,0.1,0,0,0.1,0.1,0,0.33,0.5
0.0000284,0,0.1,0,0,-0.1,0,0,-0.1,-0.1,0,-0.1,0,-0.1,-0.1,-0.1,-0.2,-0.2,-0.2,-0.2,-0.3,-0.4,0.1,-0.5,-0.6,-0.7,-0.9,-0.9,-0.9,-1.1,-1.2,-1.4,0.1,-1.7,-1.7,-1.8,-1.8,-1.9,-2,-2.01,-2.05,-2,0,-2.05,-2.14,-2.01,-2,-2.08,-1.95,-2,-1.8,-1.9,0.1,-1.7,-1.7,-1.7,-1.6,-1.6,-1.4,-1.4,-1.3,-1.2,0,-0.9,-0.9,-0.7,-0.7,-0.5,-0.5,-0.5,-0.4,-0.4,0.1,-0.2,-0.2,-0.2,-0.2,-0.1,-0.1,-0.1,0,0.1,0.1,-0.1,0,0.1,0,0,0.1,0,0,-0.1,0.1,0.1,0,0,0.1,0.2,0.1,0.41,0.49
0.0000286,0,0.1,-0.1,0,-0.1,0,0.1,0,-0.1,0,0,0.1,-0.1,-0.1,0,-0.1,-0.2,-0.2,-0.2,-0.2,-0.3,0.1,-0.5,-0.6,-0.7,-0.7,-0.9,-0.9,-1.1,-1.2,-1.3,0.1,-1.7,-1.7,-1.8,-1.8,-1.9,-2.1,-2.01,-2.05,-1.9,0,-2.14,-2.14,-2,-2.1,-2.04,-2.05,-2,-1.9,-2,0.1,-1.7,-1.7,-1.6,-1.7,-1.5,-1.4,-1.4,-1.3,-1.2,0,-0.9,-0.9,-0.8,-0.6,-0.5,-0.5,-0.5,-0.3,-0.4,0,-0.2,-0.1,-0.1,-0.2,-0.2,-0.1,-0.1,0,0.1,0.1,0,0,0,0,0,0.1,0,-0.1,-0.1,0.2,0.1,0,0.1,0.1,0,0.1,0.36,0.49
0.0000288,0,0.1,0,0.1,-0.1,-0.1,0.1,-0.1,0,-0.1,0,0.1,-0.1,-0.1,0.1,-0.2,-0.2,-0.2,-0.1,-0.2,-0.2,0.2,-0.5,-0.6,-0.7,-0.9,-0.8,-1,-1.1,-1.3,-1.3,0,-1.6,-1.7,-1.8,-1.8,-1.9,-2.05,-2.01,-2.05,-2,0,-2.14,-2.14,-2.11,-2.1,-2.1,-2.01,-2,-1.9,-1.9,0,-1.8,-1.8,-1.7,-1.6,-1.5,-1.3,-1.3,-1.3,-1.1,0.1,-0.9,-0.9,-0.7,-0.6,-0.6,-0.5,-0.5,-0.4,-0.4,0.1,-0.2,-0.2,-0.1,-0.2,-0.1,-0.1,-0.1,0,0,0.1,0,0,0.1,0.1,0,0,0,0,0,0.1,0.1,0,0,0,0,0.1,0.41,0.53
0.000029,0,0.1,0,0,0,0,0.1,0,0,0,0,0.1,0,-0.1,0,-0.2,-0.2,-0.1,-0.1,-0.2,-0.3,0,-0.5,-0.5,-0.7,-0.8,-0.8,-0.9,-1.2,-1.3,-1.4,0.1,-1.6,-1.8,-1.8,-1.8,-1.8,-2.01,-2.14,-2.14,-1.9,0.1,-2.1,-2.14,-2.01,-2.1,-2.01,-2.01,-2,-1.9,-1.9,0.1,-1.8,-1.8,-1.7,-1.7,-1.6,-1.5,-1.4,-1.2,-1.1,0.1,-0.9,-0.9,-0.8,-0.6,-0.6,-0.5,-0.5,-0.4,-0.4,0.1,-0.2,-0.2,-0.1,-0.2,-0.2,-0.1,-0.1,0,0,0.2,-0.1,-0.1,0.1,0.1,-0.1,0,0,0,0,0.1,0.1,0,0.1,0,0,0,0.5,0.46
0.0000292,0,0.1,0,-0.1,0,0.1,0,0,0,-0.2,-0.1,0.1,0,-0.1,0,-0.1,-0.1,-0.2,-0.2,-0.2,-0.3,0.1,-0.5,-0.6,-0.7,-0.7,-0.9,-1.1,-1.2,-1.2,-1.4,0.1,-1.5,-1.7,-1.8,-1.8,-2,-2,-2.04,-2.1,-2,0.1,-2.18,-2,-2,-2.01,-2,-2,-1.9,-1.9,-1.8,0.1,-1.8,-1.7,-1.6,-1.6,-1.5,-1.4,-1.3,-1.2,-1.2,0,-0.8,-0.9,-0.7,-0.7,-0.6,-0.5,-0.5,-0.4,-0.3,0.1,-0.2,-0.3,-0.2,-0.1,-0.1,-0.1,-0.1,0,-0.1,0.1,0,0,0.1,0,-0.1,0,0,0,0,0.1,0.1,0,0,0,0.1,0,0.36,0.51
0.0000294,0,0,-0.1,0,0.1,0,0,0.1,-0.1,-0.1,0,0,-0.1,-0.1,0,-0.2,-0.1,-0.2,-0.3,-0.2,-0.3,0.1,-0.4,-0.6,-0.6,-0.7,-0.9,-0.9,-1.1,-1.2,-1.4,0,-1.6,-1.8,-1.8,-1.9,-1.9,-1.9,-2.08,-2.05,-1.9,0.1,-2.1,-2.14,-2.01,-2.1,-2.1,-2,-1.9,-1.9,-1.9,0,-1.9,-1.7,-1.6,-1.6,-1.5,-1.4,-1.3,-1.2,-1.2,0,-0.8,-0.8,-0.8,-0.7,-0.5,-0.5,-0.5,-0.5,-0.3,0,-0.3,-0.2,-0.2,-0.1,-0.1,-0.1,0,-0.1,-0.1,0.1,0,0,0,0,0,0,0,0.1,0,0.1,0,0.1,0,0,0.1,0.1,0.44,0.44
0.0000296,0,0.1,0,0,0,0.1,0,0,0,-0.1,0,0.1,-0.1,-0.1,-0.1,-0.1,-0.2,-0.2,-0.3,-0.2,-0.3,0,-0.4,-0.6,-0.7,-0.8,-0.9,-0.9,-1.2,-1.3,-1.3,0,-1.6,-1.7,-1.8,-1.8,-2,-2,-2.08,-2.05,-2,0.2,-2.14,-2.1,-2.05,-2.1,-2,-1.9,-1.9,-2,-1.8,0.2,-1.7,-1.7,-1.6,-1.6,-1.6,-1.4,-1.2,-1.2,-1.2,0.1,-0.9,-0.8,-0.7,-0.6,-0.6,-0.5,-0.5,-0.4,-0.2,0.1,-0.3,-0.3,-0.2,-0.2,-0.1,-0.1,-0.2,-0.1,0,0,0.1,0,0.1,0,0.1,-0.1,0,0.1,0,0.2,0,0.1,0,0,0.1,0.1,0.44,0.44
0.0000298,0,0.1,0,-0.1,0.1,0,0,-0.1,-0.1,-0.1,0,0.1,-0.1,-0.1,0,-0.1,-0.2,-0.2,-0.3,-0.2,-0.2,0.1,-0.5,-0.6,-0.8,-0.8,-0.9,-1,-1.1,-1.2,-1.4,0,-1.6,-1.8,-1.8,-1.9,-1.9,-2,-2.08,-2.01,-2.01,0,-2.1,-2.1,-2.01,-2.1,-2,-1.9,-1.9,-2.01,-1.9,0,-1.8,-1.7,-1.6,-1.5,-1.5,-1.4,-1.4,-1.2,-1.1,0.1,-0.9,-0.8,-0.6,-0.6,-0.5,-0.5,-0.5,-0.4,-0.3,0.1,-0.2,-0.3,-0.2,-0.1,-0.1,-0.1,-0.1,0,-0.2,0.1,0.1,0,0,0,0,-0.1,0.1,0.1,0,0,0,0.1,-0.1,0,0.2,0.1,0.48,0.49
0.00003,0,0,0,-0.1,0.1,0,0,0.1,-0.1,0,0,0.1,0,0,-0.1,-0.1,-0.2,-0.1,-0.3,-0.3,-0.3,0,-0.4,-0.6,-0.7,-0.7,-0.9,-1,-1,-1.2,-1.3,0,-1.6,-1.8,-1.9,-1.8,-2,-2,-2,-2.01,-2,0,-2.05,-2.01,-2,-2.01,-1.95,-2,-1.9,-2,-1.9,0,-1.8,-1.7,-1.6,-1.6,-1.5,-1.4,-1.2,-1.2,-1.1,0.2,-0.9,-0.7,-0.6,-0.6,-0.5,-0.5,-0.5,-0.3,-0.3,0,-0.2,-0.2,-0.1,-0.1,-0.1,0,-0.2,0,-0.2,0.1,-0.1,0,0,0,0,-0.1,0,0,0,0.1,0,0.1,-0.1,0.1,0.2,0,0.43,0.4
0.0000302,-0.1,0,0,0,0.1,0.1,-0.1,0,0.1,-0.1,0,0.1,0,-0.1,-0.1,-0.1,-0.1,-0.2,-0.3,-0.3,-0.3,0.1,-0.5,-0.5,-0.7,-0.8,-0.8,-1,-1.1,-1.1,-1.3,0.1,-1.5,-1.7,-1.9,-1.9,-2,-1.9,-2.05,-2.01,-2,0.1,-2.01,-2.01,-2.01,-2.11,-2.05,-1.91,-2,-2,-1.8,0.2,-1.7,-1.7,-1.7,-1.6,-1.5,-1.4,-1.2,-1.2,-1.2,0,-0.9,-0.7,-0.7,-0.7,-0.6,-0.5,-0.5,-0.4,-0.3,0.1,-0.2,-0.1,-0.2,-0.2,-0.1,-0.1,-0.1,-0.1,-0.1,0,0,0,0,0,0,-0.1,0.1,0,0,0.2,0,0.1,-0.1,0,0.2,0,0.39,0.5
0.0000304,0,0,0,-0.1,0,0,0,-0.1,-0.1,-0.1,0,0,-0.1,0,-0.1,-0.1,-0.1,-0.2,-0.2,-0.2,-0.4,0,-0.5,-0.6,-0.7,-0.8,-0.8,-1,-1,-1.2,-1.3,0,-1.6,-1.7,-1.9,-1.8,-1.8,-2,-2,-2.01,-1.9,0.1,-2.01,-2.05,-2.05,-2.11,-2.05,-1.95,-2,-1.9,-1.8,0.1,-1.7,-1.6,-1.7,-1.6,-1.6,-1.4,-1.2,-1.2,-1.2,0.1,-0.9,-0.9,-0.7,-0.7,-0.5,-0.5,-0.5,-0.4,-0.4,0.2,-0.2,-0.1,-0.2,0,-0.1,-0.1,0,-0.1,-0.1,0.1,0,0,0,0,0,0,0,0,0,0.1,0.1,0.1,-0.1,0,0.3,0.1,0.5,0.4
0.0000306,0.1,0.1,0,-0.1,0,0,0,0,0,-0.1,-0.1,0.1,0,0,-0.2,-0.1,-0.1,-0.1,-0.3,-0.2,-0.4,0.2,-0.5,-0.5,-0.7,-0.8,-0.9,-0.9,-1.1,-1.1,-1.3,0.1,-1.7,-1.7,-1.7,-1.8,-1.9,-1.9,-1.9,-2,-1.9,0.1,-2.05,-1.95,-2.05,-2,-2.04,-1.95,-2.01,-2,-1.9,0,-1.8,-1.7,-1.7,-1.6,-1.5,-1.5,-1.3,-1.3,-1.2,0,-0.8,-0.8,-0.7,-0.7,-0.5,-0.5,-0.4,-0.3,-0.3,0.1,-0.2,-0.2,-0.1,0,-0.1,0,-0.1,0,0,0.2,0,0,-0.1,0,-0.1,0,0,0,0,0.2,0,0.1,0,0.1,0.2,0.1,0.5,0.4
0.0000308,-0.1,0,0,0,-0.1,-0.1,0,-0.1,0,-0.1,-0.1,0,-0.1,-0.1,0,-0.1,-0.2,-0.1,-0.2,-0.3,-0.3,0.1,-0.5,-0.6,-0.7,-0.8,-0.9,-0.8,-1.1,-1.2,-1.3,0.1,-1.6,-1.7,-1.8,-1.8,-1.9,-2,-1.9,-2,-1.9,0.1,-2.01,-2.01,-2,-2,-2,-2,-2,-2,-1.8,0,-1.6,-1.7,-1.7,-1.6,-1.5,-1.4,-1.4,-1.2,-1.1,0.1,-0.8,-0.7,-0.8,-0.7,-0.6,-0.5,-0.4,-0.3,-0.4,0.1,-0.2,-0.2,-0.1,-0.1,-0.1,-0.1,-0.1,0,-0.1,0.1,0,0,-0.1,-0.1,0,-0.1,0,0,0,0,0.1,0.1,0,-0.1,0.2,0,0.5,0.5
0.000031,0.1,0,0,0.1,0,-0.1,0,-0.1,0,0,-0.1,0.1,-0.1,0,0,-0.2,-0.2,-0.1,-0.2,-0.2,-0.3,0.1,-0.6,-0.6,-0.6,-0.8,-0.8,-1,-1.1,-1.1,-1.3,0.2,-1.6,-1.7,-1.8,-1.8,-2,-2,-1.9,-2,-1.9,0.1,-2.01,-2.01,-2,-2,-1.95,-2,-2,-1.7,-1.8,0.2,-1.6,-1.6,-1.7,-1.5,-1.5,-1.4,-1.3,-1.3,-1.2,0.1,-0.8,-0.8,-0.7,-0.6,-0.6,-0.5,-0.5,-0.3,-0.4,0.2,-0.2,-0.1,-0.1,-0.2,0,-0.1,-0.1,0,0,0.1,0,0,0.1,-0.1,-0.1,0.1,0.1,0,0,0.1,0.1,0.1,0.1,0,0.2,0.1,0.5,0.6
0.0000312,0,0,0,0,0,0,0.1,0,-0.1,-0.1,0,0.2,-0.1,0,-0.1,-0.1,-0.2,0,-0.2,-0.2,-0.4,0.1,-0.5,-0.5,-0.7,-0.8,-0.8,-1,-1.1,-1.1,-1.4,0.1,-1.7,-1.7,-1.8,-1.9,-2,-2,-1.9,-2,-1.9,0.1,-2.1,-2.01,-2,-2,-2.01,-1.91,-2.01,-1.9,-1.9,0,-1.7,-1.7,-1.6,-1.6,-1.5,-1.4,-1.4,-1.3,-1.1,0.2,-0.9,-0.9,-0.7,-0.6,-0.7,-0.5,-0.4,-0.3,-0.4,0.1,-0.1,-0.2,-0.1,-0.1,-0.1,-0.1,-0.1,0,0,0.1,0,0,0,0,0,0.1,0,0,0,0.1,0,0.1,0.2,0,0.2,0,0.5,0.4
0.0000314,0,0.1,0,0,-0.1,0,0.1,0,-0.1,0,0,0.2,-0.1,-0.1,-0.1,-0.2,-0.2,0,-0.2,-0.2,-0.2,0.1,-0.5,-0.6,-0.7,-0.8,-0.9,-0.9,-1.1,-1.2,-1.4,0,-1.7,-1.7,-1.7,-1.9,-2,-2,-2,-2.01,-1.9,0.1,-2.01,-2,-1.9,-2,-2,-1.91,-2,-1.9,-1.9,0.1,-1.8,-1.7,-1.6,-1.4,-1.5,-1.4,-1.3,-1.3,-1.1,0.2,-0.8,-0.9,-0.7,-0.7,-0.6,-0.5,-0.5,-0.4,-0.4,0.1,-0.2,-0.2,-0.2,-0.1,0,-0.1,-0.1,0.1,0,0.1,-0.1,0,-0.1,0,0,0,0,0,0,0.1,0,0.1,0.2,0,0.1,0.1,0.4,0.5
0.0000316,0,0.1,-0.1,0,-0.1,0.1,0,0.1,-0.1,0,0,0.1,-0.1,-0.1,0,-0.2,-0.1,0.1,-0.2,-0.2,-0.2,0.1,-0.5,-0.5,-0.7,-0.7,-0.8,-0.9,-1.1,-1.1,-1.4,0,-1.6,-1.8,-1.7,-1.8,-1.9,-1.9,-2.01,-2,-1.9,0.1,-2.05,-2,-2,-1.9,-1.9,-2,-1.9,-1.9,-1.9,0.1,-1.7,-1.7,-1.5,-1.5,-1.5,-1.4,-1.4,-1.2,-1.1,0,-0.8,-0.8,-0.7,-0.6,-0.6,-0.5,-0.5,-0.4,-0.3,0.1,-0.2,-0.2,-0.2,-0.2,-0.1,-0.1,-0.1,0,0,0.2,-0.1,0,0,0,0,0,0,0,0.1,0,0.1,0.1,0.1,0,0.1,0.1,0.4,0.6
0.0000318,-0.1,0.1,0,0,0,0,0.1,0,-0.1,-0.1,0,0,-0.1,0,-0.1,-0.2,-0.2,-0.1,-0.2,-0.2,-0.4,0,-0.5,-0.6,-0.7,-0.7,-0.8,-1,-1.1,-1.2,-1.3,0.1,-1.6,-1.7,-1.8,-1.9,-1.9,-1.9,-1.95,-2.05,-1.9,0.1,-2.05,-2.01,-2,-2,-1.9,-2,-1.9,-1.8,-1.9,0.1,-1.7,-1.7,-1.7,-1.5,-1.4,-1.4,-1.3,-1.2,-1.2,0,-0.8,-0.8,-0.7,-0.6,-0.6,-0.5,-0.5,-0.4,-0.4,0.1,-0.2,-0.1,-0.2,-0.2,-0.1,-0.2,-0.1,0,0,0.1,0,0.1,0,0,0,0,0.1,0.1,0.1,0.1,0,0.1,-0.1,0,0.1,0,0.4,0.4
0.000032,-0.1,0.1,-0.1,0,0,0.1,0,0,0,0,-0.2,0,-0.1,-0.1,-0.2,-0.2,-0.2,0,-0.2,-0.2,-0.3,0.2,-0.5,-0.6,-0.6,-0.7,-0.9,-1,-1.1,-1.3,-1.3,0,-1.6,-1.7,-1.8,-1.8,-1.9,-1.9,-2.04,-2.01,-1.9,0.1,-2.01,-2.01,-2,-2.01,-1.9,-1.9,-2,-1.9,-1.8,0.1,-1.8,-1.7,-1.6,-1.5,-1.5,-1.4,-1.2,-1.2,-1.2,0,-0.9,-0.7,-0.8,-0.6,-0.6,-0.5,-0.5,-0.4,-0.3,0.1,-0.2,-0.1,-0.2,-0.1,0,-0.1,-0.1,-0.1,0,0,0,0,0.1,0,0,-0.1,0.1,0.1,0,0,0,0.1,0,0,0,0,0.4,0.5
0.0000322,0,0,0.1,0,0,0.1,0,0.1,-0.1,0,-0.1,0.2,-0.1,-0.1,-0.1,-0.2,-0.1,-0.1,-0.3,-0.2,-0.3,0.1,-0.5,-0.6,-0.7,-0.7,-0.8,-0.8,-1,-1.2,-1.3,0.1,-1.5,-1.7,-1.8,-1.8,-1.9,-2,-2,-2.05,-2,0.1,-2.05,-2.05,-2.01,-2,-2,-1.9,-1.9,-1.9,-1.7,0.1,-1.7,-1.7,-1.5,-1.7,-1.6,-1.4,-1.2,-1.2,-1.2,0,-0.8,-0.8,-0.7,-0.6,-0.5,-0.5,-0.5,-0.4,-0.3,0,-0.2,-0.1,-0.1,-0.2,-0.1,-0.1,-0.1,-0.1,0,0.1,0,-0.1,0.1,0,0,0,0,0.1,0,0.1,0,0,-0.1,0,0.2,-0.1,0.4,0.4
0.0000324,0,0,-0.1,0,0,0,0,0,0,-0.1,-0.2,0,-0.1,-0.1,0,-0.1,-0.2,-0.1,-0.3,-0.3,-0.3,0.1,-0.5,-0.7,-0.7,-0.7,-0.8,-1,-1,-1.2,-1.3,0,-1.5,-1.6,-1.8,-1.8,-1.9,-1.9,-2,-2.01,-1.9,0.1,-2.01,-2.05,-2,-2.01,-1.9,-1.9,-1.9,-1.9,-1.8,0,-1.6,-1.7,-1.6,-1.5,-1.5,-1.4,-1.3,-1.3,-1.1,0.1,-0.8,-0.7,-0.7,-0.7,-0.6,-0.5,-0.4,-0.3,-0.3,0,-0.1,-0.2,-0.1,-0.2,-0.1,-0.1,-0.1,-0.1,-0.2,0.1,0,0,-0.1,0,-0.1,-0.1,0.1,0.2,0,0.1,0,0,-0.1,0,0.1,0,0.4,0.4
0.0000326,0.1,0,0,0,0.1,0.1,0,-0.1,0,0,-0.2,0.1,-0.1,-0.1,-0.1,-0.2,-0.2,0.1,-0.3,-0.2,-0.2,0.1,-0.5,-0.6,-0.7,-0.9,-0.9,-0.9,-1,-1.1,-1.3,0.2,-1.6,-1.7,-1.7,-1.8,-2,-1.8,-2,-2.01,-1.9,0,-2.01,-2.05,-2.01,-2,-2,-1.8,-1.9,-1.9,-1.8,0.1,-1.6,-1.7,-1.6,-1.6,-1.5,-1.4,-1.2,-1.2,-1.1,0,-0.8,-0.8,-0.6,-0.6,-0.6,-0.5,-0.5,-0.3,-0.3,0,-0.2,-0.1,-0.1,-0.1,-0.1,-0.1,0,-0.1,-0.1,0.1,-0.1,0,0,0,0,0,0,0.1,0,0,-0.1,0,0,0.1,0.1,0,0.4,0.3
0.0000328,0,0,-0.1,0,0,0,0,0,0,0,0,0,-0.1,0,-0.1,0,-0.1,-0.1,-0.2,-0.3,-0.3,0,-0.5,-0.7,-0.6,-0.8,-0.8,-0.9,-1.1,-1.2,-1.3,0,-1.5,-1.6,-1.7,-1.8,-1.9,-1.9,-1.91,-2,-1.9,0.1,-2,-2.01,-2,-2,-2.01,-1.8,-1.9,-1.9,-1.8,0.1,-1.6,-1.7,-1.5,-1.5,-1.4,-1.4,-1.2,-1.2,-1.1,0,-0.8,-0.8,-0.7,-0.7,-0.5,-0.5,-0.4,-0.4,-0.3,0,-0.1,-0.1,-0.2,-0.1,-0.1,-0.1,0,-0.1,-0.1,0,0,0.1,-0.1,0,0,0,0,0,0,0.1,0,0,0,0,0,0,0.3,0.3
0.000033,0.1,0,0.1,-0.1,0.1,0,0,0,0.1,-0.1,0,0.2,-0.1,0,0,-0.1,-0.2,0,-0.3,-0.3,-0.3,0,-0.5,-0.8,-0.6,-0.7,-0.9,-0.9,-0.9,-1.2,-1.2,0.1,-1.5,-1.7,-1.7,-1.8,-2,-1.9,-2.01,-1.9,-1.9,0.1,-2,-2.05,-2,-1.9,-1.9,-1.8,-1.8,-1.8,-1.7,0,-1.6,-1.7,-1.6,-1.5,-1.4,-1.4,-1.2,-1.2,-1.2,0.1,-0.9,-0.7,-0.8,-0.6,-0.5,-0.5,-0.4,-0.4,-0.3,0.1,-0.1,-0.1,-0.2,0,-0.1,-0.2,-0.1,-0.1,-0.1,0.2,0,0,-0.1,0,0,0,0,-0.1,0,0,0,-0.1,0.1,0,0,0,0.4,0.3
0.0000332,0.1,0.1,0,0,0,-0.1,0,-0.1,0,-0.1,0,0.1,-0.1,0,-0.1,-0.2,-0.1,0,-0.1,-0.3,-0.3,0,-0.5,-0.7,-0.6,-0.8,-0.9,-1,-1,-1.1,-1.3,0,-1.5,-1.6,-1.7,-1.8,-2,-1.7,-1.9,-1.9,-1.9,0.1,-2.01,-2.1,-2,-1.9,-1.9,-1.9,-1.9,-1.8,-1.8,0.1,-1.6,-1.6,-1.7,-1.5,-1.5,-1.4,-1.3,-1.3,-1.1,0.1,-0.8,-0.7,-0.7,-0.6,-0.5,-0.5,-0.5,-0.5,-0.3,0.1,-0.2,-0.1,-0.2,0,-0.1,-0.1,0,0,-0.1,0.1,0,-0.1,0.1,-0.1,0,0.1,0.1,-0.1,0,0.1,0,0,0,0.1,0,0,0.4,0.4
0.0000334,0,0.1,-0.1,-0.1,0,0,0,0,0,0,0,0,-0.2,0,-0.1,-0.1,-0.1,0,-0.3,-0.2,-0.3,0.1,-0.5,-0.6,-0.6,-0.7,-0.9,-0.9,-1,-1.1,-1.3,0.1,-1.6,-1.6,-1.8,-1.8,-2,-1.8,-1.9,-1.9,-1.9,0,-2,-2.01,-1.9,-2,-2,-1.9,-1.9,-1.8,-1.7,0,-1.7,-1.5,-1.5,-1.5,-1.4,-1.6,-1.2,-1.2,-1.2,0,-0.9,-0.7,-0.8,-0.7,-0.6,-0.5,-0.4,-0.3,-0.3,0.1,-0.2,-0.2,-0.2,0,-0.1,-0.1,-0.1,-0.1,0,0.1,0,0,0.1,0,0.1,0,0.1,0,0,0.1,0,0,0.1,0,0.1,0.1,0.3,0.4
0.0000336,0.1,0,0,0.1,0.1,0,0,0,-0.1,0,0,0.1,-0.1,0,0,-0.1,-0.2,-0.1,-0.2,-0.3,-0.3,0,-0.5,-0.5,-0.6,-0.7,-0.8,-1,-1.1,-1.1,-1.3,0,-1.6,-1.7,-1.8,-1.8,-1.9,-1.6,-1.9,-1.9,-1.8,0.1,-2,-2.01,-1.9,-1.9,-1.9,-1.95,-1.9,-1.9,-1.8,0,-1.7,-1.6,-1.6,-1.4,-1.5,-1.4,-1.2,-1.2,-1.1,0.1,-0.9,-0.7,-0.7,-0.6,-0.6,-0.5,-0.5,-0.3,-0.4,0,-0.1,-0.3,-0.1,-0.1,-0.1,0,-0.1,-0.1,-0.1,0.1,0,0,0,-0.1,0,0,0.1,0,0,0.1,0,0,0.1,0,0.1,0.1,0.4,0.3
0.0000338,0,0.1,-0.1,-0.1,0.1,0,0.1,0,-0.1,0,0,0.1,-0.2,-0.1,0,-0.2,-0.1,-0.2,-0.1,-0.2,-0.3,0.1,-0.5,-0.5,-0.7,-0.8,-0.9,-0.9,-1.1,-1.1,-1.3,0,-1.7,-1.7,-1.8,-1.8,-1.9,-1.8,-1.8,-2,-1.8,0,-2,-2,-2,-1.9,-1.9,-1.95,-1.9,-1.8,-1.8,0,-1.7,-1.6,-1.6,-1.4,-1.5,-1.4,-1.3,-1.2,-1.2,0.1,-0.8,-0.8,-0.8,-0.6,-0.6,-0.5,-0.5,-0.3,-0.3,0.1,-0.2,-0.1,-0.1,-0.1,0,0,-0.1,-0.1,0,0.1,0,0.1,0,0,0,0.1,0.1,0,0.1,0.1,0,0.1,0.1,0.1,0.1,0.2,0.4,0.3
0.000034,0,0.1,-0.1,-0.1,-0.1,0,0,0.1,-0.1,0,0.1,0.1,-0.2,-0.1,-0.1,-0.2,-0.2,-0.2,-0.3,-0.3,-0.3,0.1,-0.5,-0.6,-0.7,-0.7,-0.8,-1,-1.1,-1.1,-1.3,0.1,-1.5,-1.6,-1.8,-1.8,-1.9,-1.7,-1.9,-1.9,-1.8,0.1,-2.01,-2.01,-1.8,-1.9,-2,-1.9,-1.9,-1.9,-1.8,0.1,-1.7,-1.6,-1.6,-1.4,-1.5,-1.4,-1.3,-1.2,-1.2,0.1,-0.9,-0.8,-0.7,-0.7,-0.6,-0.5,-0.4,-0.3,-0.4,0,-0.2,-0.1,-0.2,-0.1,0,0,-0.1,-0.1,-0.1,0,-0.1,0.1,0,0,0,0.1,0,0,0,0.1,0.1,0,0,0.1,0.1,0.1,0.5,0.4
0.0000342,0,0.1,0,0,0,0,0,0.1,-0.1,0,0,0,0,-0.1,-0.1,-0.2,-0.2,-0.2,-0.2,-0.2,-0.3,0.1,-0.5,-0.6,-0.7,-0.7,-0.8,-0.8,-1.1,-1.1,-1.3,0.1,-1.6,-1.7,-1.8,-1.8,-1.9,-1.7,-1.9,-1.9,-1.9,0.1,-2.01,-2.01,-1.9,-1.9,-2,-1.91,-1.9,-1.8,-1.8,0.1,-1.7,-1.6,-1.6,-1.5,-1.5,-1.3,-1.2,-1.1,-1.2,0,-0.8,-0.8,-0.7,-0.6,-0.5,-0.5,-0.4,-0.4,-0.4,0,-0.2,-0.1,-0.2,-0.1,0,0,-0.1,-0.1,-0.1,0.1,0,0.1,0,0,0,0,0.1,0.1,0.1,0,0.1,0.1,-0.1,0.1,0.1,0.1,0.4,0.4
0.0000344,-0.1,0.1,0,-0.1,-0.1,0,0,0.1,0,0,0,0,-0.1,-0.1,0,-0.2,-0.2,-0.1,-0.3,-0.3,-0.3,0.2,-0.5,-0.6,-0.7,-0.7,-0.8,-0.9,-1.1,-1.1,-1.3,0.1,-1.6,-1.7,-1.8,-1.7,-1.9,-1.7,-1.9,-2.01,-1.9,0.1,-2.05,-2.01,-1.9,-2,-1.9,-1.91,-1.9,-1.9,-1.8,0.1,-1.8,-1.7,-1.6,-1.5,-1.5,-1.4,-1.2,-1.1,-1.1,0,-0.8,-0.7,-0.7,-0.7,-0.6,-0.5,-0.4,-0.3,-0.4,0.1,-0.2,-0.1,-0.2,-0.1,0,0,-0.2,0,0.1,0.1,-0.1,0,0,0,0,0,0,0.1,0,0.2,0.1,0.1,-0.1,0,0,0,0.3,0.3
0.0000346,0.1,0.1,0,0,0.1,0,-0.1,0,0,0,-0.1,0.1,-0.1,-0.1,-0.1,-0.2,-0.2,-0.1,-0.3,-0.3,-0.3,0.1,-0.5,-0.5,-0.8,-0.7,-0.8,-0.9,-1.1,-1.2,-1.2,0.1,-1.6,-1.6,-1.8,-1.8,-2,-1.7,-1.91,-2,-1.8,0.1,-1.95,-2.01,-1.8,-1.9,-2,-1.8,-1.8,-1.9,-1.8,0.1,-1.7,-1.7,-1.5,-1.4,-1.5,-1.3,-1.2,-1.2,-1.1,0.2,-0.8,-0.7,-0.8,-0.6,-0.5,-0.5,-0.4,-0.3,-0.4,0,-0.2,-0.1,-0.2,-0.1,-0.1,-0.2,-0.1,-0.1,0,0.2,0,0,0,0,0,0.1,0,0,0,0,0.1,0.1,0,-0.1,0,0,0.3,0.4
0.0000348,0.1,0,0,0.1,0.1,0,-0.1,0,0,-0.1,-0.1,0,-0.1,-0.1,-0.1,-0.1,-0.1,-0.3,-0.4,-0.2,-0.3,0,-0.5,-0.5,-0.6,-0.8,-0.8,-0.9,-1.1,-1.2,-1.3,0.1,-1.6,-1.6,-1.8,-1.8,-1.9,-1.7,-1.91,-1.95,-1.9,0,-1.95,-2,-1.8,-1.9,-2,-1.9,-1.9,-1.8,-1.8,0.1,-1.6,-1.6,-1.5,-1.5,-1.3,-1.3,-1.3,-1.1,-1,0.1,-0.8,-0.7,-0.7,-0.6,-0.6,-0.4,-0.4,-0.3,-0.3,0,-0.2,-0.1,-0.2,-0.1,-0.1,-0.2,0,-0.1,0.1,0.1,0,0,0,0.1,-0.1,-0.1,0.1,0.1,0.1,0,0,0.1,-0.1,0,0,0,0.3,0.4
0.000035,0,0,0.1,0.1,0,-0.1,0,-0.1,0,0,-0.1,0.1,-0.1,-0.1,0,-0.2,-0.2,-0.1,-0.3,-0.2,-0.3,0.1,-0.5,-0.6,-0.7,-0.8,-0.8,-0.9,-1.1,-1.2,-1.3,0,-1.5,-1.7,-1.8,-1.8,-1.9,-1.9,-1.9,-2,-1.9,0,-1.95,-2,-1.9,-2,-1.9,-1.8,-1.8,-1.8,-1.7,0.1,-1.6,-1.7,-1.5,-1.5,-1.5,-1.3,-1.2,-1.1,-1.1,0.2,-0.8,-0.8,-0.7,-0.6,-0.6,-0.5,-0.5,-0.4,-0.4,0.1,-0.2,-0.1,-0.2,0,-0.1,-0.1,-0.1,0,-0.1,0.1,-0.1,-0.1,0,0.1,-0.1,-0.1,0,0.2,-0.1,0.1,0,0,-0.1,0,0,0,0.3,0.4
0.0000352,0,-0.1,0,-0.1,0,0,0,0,0,0,0,0,-0.1,-0.1,-0.1,-0.1,-0.2,-0.2,-0.2,-0.2,-0.3,0.1,-0.5,-0.7,-0.6,-0.7,-0.8,-0.9,-1,-1.2,-1.2,0.1,-1.5,-1.6,-1.7,-1.8,-1.9,-1.9,-1.91,-2.05,-1.9,0,-2.05,-1.9,-1.8,-1.8,-1.9,-1.8,-1.8,-1.8,-1.8,0.1,-1.7,-1.6,-1.6,-1.5,-1.5,-1.5,-1.2,-1.1,-1.1,0.1,-0.8,-0.8,-0.7,-0.6,-0.5,-0.5,-0.4,-0.4,-0.2,0.1,-0.2,-0.1,-0.1,0,-0.2,-0.1,-0.1,0,0,0.1,-0.1,-0.1,0,-0.1,0,-0.1,0.1,0.1,-0.1,0.1,0,-0.1,0,0,0,0,0.4,0.3
0.0000354,0,-0.1,0.1,0,0.1,0,0,-0.1,0,-0.1,0,0,-0.1,-0.1,0,0,-0.2,-0.3,-0.2,-0.2,-0.3,0.1,-0.5,-0.6,-0.6,-0.8,-0.8,-1,-1,-1.2,-1.3,0.1,-1.5,-1.7,-1.7,-1.7,-1.9,-1.7,-1.9,-2.01,-1.9,0,-2,-2,-1.9,-1.9,-1.9,-1.8,-1.8,-1.8,-1.8,0.1,-1.6,-1.7,-1.5,-1.5,-1.4,-1.4,-1.2,-1.2,-1.1,0.1,-0.8,-0.8,-0.6,-0.5,-0.5,-0.5,-0.4,-0.4,-0.3,0.1,-0.1,-0.3,-0.2,-0.1,-0.1,-0.1,0,-0.1,0,0,0,-0.1,0,0,-0.1,0,0.1,0.1,0,0,0,-0.1,0,0,0.1,0,0.3,0.3
0.0000356,0.1,0,0,-0.1,0,-0.1,0.1,-0.1,0,0,-0.1,0.1,-0.1,-0.1,-0.1,0,-0.3,-0.2,-0.2,-0.2,-0.4,0.1,-0.4,-0.5,-0.7,-0.7,-0.9,-1,-1,-1.1,-1.1,0.1,-1.5,-1.7,-1.8,-1.8,-1.8,-1.8,-1.9,-1.9,-1.8,0.1,-2.1,-2,-1.9,-1.9,-1.8,-1.8,-1.8,-1.8,-1.8,0,-1.6,-1.6,-1.6,-1.5,-1.4,-1.4,-1.2,-1.2,-1.1,0,-0.8,-0.7,-0.7,-0.5,-0.5,-0.5,-0.5,-0.4,-0.2,0.1,-0.2,-0.1,-0.2,-0.1,-0.1,-0.1,0,0,0,0.2,0,0,0,0,0,0,0.1,0,0,0.1,0,-0.1,0,-0.1,0,-0.1,0.4,0.3
0.0000358,0,0,0,0.1,0,0,0.1,-0.1,0,-0.1,0,0,-0.1,-0.1,-0.1,-0.1,-0.2,-0.2,-0.2,-0.3,-0.2,0,-0.4,-0.6,-0.6,-0.8,-0.8,-1,-1,-1.2,-1.3,0.1,-1.5,-1.6,-1.8,-1.8,-1.8,-1.9,-1.9,-1.8,-1.8,0.1,-2,-1.9,-2,-2,-1.8,-1.7,-1.8,-1.8,-1.8,0.1,-1.6,-1.5,-1.6,-1.4,-1.5,-1.3,-1.1,-1.2,-1.1,0,-0.8,-0.8,-0.8,-0.6,-0.6,-0.5,-0.4,-0.4,-0.2,0.1,-0.2,-0.1,-0.1,-0.1,-0.2,-0.1,0,0,0,0.1,0,0,0.1,0,0,0,0.1,0,0,0,0,0,0,0,0.1,0.1,0.4,0.3
0.000036,0.1,0,0,0,0,0,0.1,0,-0.1,-0.1,0.1,0.1,-0.1,0,-0.1,-0.1,-0.1,-0.2,-0.2,-0.3,-0.3,0,-0.5,-0.6,-0.7,-0.8,-0.9,-1,-1,-1.2,-1.2,0,-1.5,-1.6,-1.8,-1.8,-1.9,-1.8,-2,-1.8,-1.9,0.1,-1.8,-1.9,-2,-1.8,-1.8,-1.9,-1.8,-1.8,-1.8,0,-1.6,-1.5,-1.6,-1.4,-1.3,-1.3,-1.2,-1.1,-1.1,0.1,-0.8,-0.8,-0.7,-0.5,-0.5,-0.4,-0.4,-0.4,-0.3,0.1,-0.1,-0.1,-0.2,-0.1,-0.2,0,-0.1,0,0,0.1,0.1,0,0.1,0,-0.1,0.1,0.1,0,0.1,0.1,0,0,0,0,0,0.1,0.3,0.3
0.0000362,0,0.1,0,0,0,0,0.1,0,-0.1,-0.1,0,0.1,-0.1,0,0,-0.1,-0.1,-0.2,-0.2,-0.3,-0.3,0.1,-0.5,-0.6,-0.7,-0.7,-0.9,-0.9,-1,-1.2,-1.3,0.1,-1.5,-1.7,-1.8,-1.8,-1.9,-1.7,-1.9,-1.8,-1.9,0,-1.9,-1.9,-1.9,-1.9,-1.9,-1.8,-1.8,-1.8,-1.7,0.1,-1.6,-1.6,-1.5,-1.5,-1.5,-1.3,-1.3,-1.2,-1.1,0,-0.9,-0.8,-0.7,-0.6,-0.5,-0.5,-0.4,-0.4,-0.3,0,-0.2,-0.2,-0.1,-0.2,-0.1,0,-0.1,-0.1,0,0.1,0,0.1,0.1,0.1,0.1,0.1,0.1,0,0.1,0,0,0.1,0,0.1,0.1,0,0.3,0.3
0.0000364,0.1,0.1,0,0.1,0,0,0,0,0,0,0,0.2,-0.1,-0.1,-0.1,-0.1,-0.1,-0.2,-0.2,-0.3,-0.4,0.1,-0.5,-0.5,-0.7,-0.7,-0.8,-0.8,-1,-1.1,-1.3,0.1,-1.5,-1.7,-1.7,-1.7,-1.9,-1.8,-1.9,-1.8,-1.9,0.1,-1.9,-1.9,-1.9,-1.8,-1.8,-1.9,-1.9,-1.8,-1.8,0,-1.6,-1.6,-1.6,-1.3,-1.4,-1.3,-1.2,-1.1,-1.1,0,-0.8,-0.7,-0.7,-0.6,-0.5,-0.5,-0.3,-0.3,-0.3,0.2,-0.2,-0.1,-0.1,-0.1,0,-0.1,-0.1,-0.1,0,0.2,0,0,0.1,0,0,0.1,0.1,0,0,0,0.1,0.1,0,0,0,0.1,0.3,0.2
0.0000366,0,0,0,0,0,0,0.1,0.1,0,0,0,0,0,-0.1,-0.1,-0.1,-0.1,-0.2,-0.2,-0.2,-0.3,0.1,-0.5,-0.6,-0.7,-0.8,-0.9,-1,-1,-1.2,-1.3,0,-1.5,-1.6,-1.7,-1.7,-1.8,-1.9,-1.9,-1.8,-1.9,0.1,-1.9,-1.9,-1.8,-1.8,-1.8,-1.9,-1.8,-1.8,-1.7,0.1,-1.6,-1.6,-1.6,-1.5,-1.4,-1.3,-1.2,-1,-1.1,0.1,-0.8,-0.7,-0.7,-0.6,-0.5,-0.5,-0.4,-0.4,-0.4,0.1,-0.1,-0.1,-0.1,-0.2,-0.1,0,-0.1,-0.1,-0.1,0.1,-0.1,0,-0.1,0,0,0.1,0,0,0.1,0.1,0,0,-0.1,0.1,0,0.1,0.4,0.2
0.0000368,0,0.1,0.1,0,0,0,0,0.1,-0.1,0,0,0.1,-0.1,-0.1,-0.1,-0.1,-0.2,-0.2,-0.2,-0.3,-0.3,0.1,-0.5,-0.6,-0.7,-0.8,-0.8,-0.9,-1.1,-1.1,-1.2,0.1,-1.5,-1.5,-1.7,-1.8,-1.8,-1.9,-1.9,-1.9,-1.8,0.1,-2,-1.9,-1.8,-1.8,-1.8,-1.9,-1.7,-1.8,-1.8,0.1,-1.6,-1.6,-1.5,-1.5,-1.4,-1.3,-1.2,-0.9,-1.1,0.1,-0.8,-0.8,-0.8,-0.7,-0.5,-0.6,-0.3,-0.3,-0.5,0,-0.2,-0.2,-0.2,-0.2,0,0,-0.1,-0.1,-0.1,0,-0.1,0.1,0,0,0.1,0.1,0.1,0,0,0,0.1,0,0,0.1,0.1,0,0.3,0.3
0.000037,0,0,0,0,0,0,0,0.1,0,0,0,0,0,-0.2,-0.1,-0.1,-0.1,-0.2,-0.3,-0.3,-0.3,0.1,-0.4,-0.6,-0.7,-0.7,-0.8,-0.9,-1,-1.1,-1.3,0.1,-1.5,-1.6,-1.7,-1.9,-1.8,-1.8,-1.8,-1.9,-1.9,0,-2,-1.9,-1.8,-1.8,-1.8,-1.8,-1.9,-1.8,-1.7,0.1,-1.7,-1.6,-1.5,-1.5,-1.5,-1.2,-1.2,-0.9,-1.1,0.1,-0.8,-0.7,-0.7,-0.6,-0.6,-0.5,-0.4,-0.4,-0.3,0.1,-0.3,-0.1,0,-0.1,-0.1,-0.2,-0.1,0,0,0.1,0,0,0.1,0,0,0,0.1,0,0,0,0.1,0.1,0,0.1,0,0.1,0.2,0.3
0.0000372,0.1,0.1,-0.1,-0.1,0,-0.1,0,0,0,0,0,0.1,-0.1,-0.1,-0.1,-0.1,-0.2,-0.2,-0.3,-0.2,-0.3,0.1,-0.5,-0.6,-0.6,-0.8,-0.8,-0.9,-1.1,-1.1,-1.2,0,-1.6,-1.5,-1.7,-1.8,-1.9,-1.9,-1.9,-1.9,-1.8,0.1,-2,-1.9,-2,-1.8,-1.8,-1.8,-1.8,-1.8,-1.8,0,-1.6,-1.6,-1.5,-1.5,-1.5,-1.3,-1.2,-1,-1,0,-0.8,-0.7,-0.7,-0.6,-0.6,-0.5,-0.4,-0.4,-0.4,0,-0.2,-0.1,-0.2,-0.1,0,-0.1,0,0,0,0.1,-0.1,-0.1,0.1,0,0,-0.1,0.1,0.1,0,0,0.1,0.1,0,0,0,0,0.3,0.2
0.0000374,0,0,0,0,-0.1,0.1,0,0,-0.1,0,0,0.1,0,-0.2,-0.1,-0.1,-0.2,-0.2,-0.3,-0.2,-0.2,0.1,-0.5,-0.5,-0.5,-0.7,-0.8,-0.9,-1.1,-1.2,-1.3,0,-1.5,-1.5,-1.7,-1.7,-1.8,-1.8,-1.8,-1.9,-1.8,0,-2,-1.9,-1.8,-1.8,-1.9,-1.9,-1.8,-1.8,-1.8,0.1,-1.6,-1.7,-1.5,-1.5,-1.4,-1.2,-1.2,-0.9,-1,0.1,-0.8,-0.7,-0.7,-0.5,-0.5,-0.5,-0.4,-0.3,-0.3,0,-0.2,-0.1,-0.1,-0.1,-0.1,-0.1,-0.1,0,0.1,0.1,-0.1,-0.1,0.1,-0.1,0,-0.1,0,0.1,0,0,0,0,0,0,0.1,0.1,0.2,0.2
0.0000376,0,0,-0.1,0.1,0,0,0,-0.1,0,0,0,0.1,0,-0.1,-0.2,-0.1,-0.2,-0.3,-0.2,-0.2,-0.3,0.1,-0.4,-0.5,-0.6,-0.8,-0.8,-0.9,-1.1,-1.1,-1.2,0.1,-1.5,-1.7,-1.7,-1.7,-1.8,-1.9,-1.8,-1.9,-1.9,0.1,-1.91,-1.9,-1.9,-1.8,-1.8,-1.8,-1.9,-1.8,-1.7,0.1,-1.7,-1.7,-1.5,-1.5,-1.4,-1.3,-1.3,-0.9,-1,0,-0.8,-0.8,-0.7,-0.5,-0.5,-0.5,-0.4,-0.3,-0.3,0.2,-0.2,-0.2,-0.2,-0.1,-0.1,0,-0.1,-0.1,0,0.1,-0.2,-0.1,0.1,-0.1,-0.1,-0.1,0,0,0,0.1,0,0.1,0,-0.1,0,0,0.2,0.3
0.0000378,0,0,-0.1,0,-0.1,0,0,-0.1,0,0,-0.1,0.1,0,-0.1,-0.1,-0.1,-0.1,-0.2,-0.2,-0.2,-0.3,0.1,-0.4,-0.6,-0.5,-0.7,-0.8,-1,-1,-1.1,-1.3,0.1,-1.5,-1.7,-1.7,-1.8,-1.8,-1.8,-1.9,-2,-1.9,0.1,-2.01,-1.9,-1.8,-1.8,-1.8,-1.8,-1.8,-1.8,-1.7,0.1,-1.7,-1.7,-1.5,-1.4,-1.3,-1.3,-1.1,-0.9,-1.1,0.1,-0.8,-0.8,-0.7,-0.5,-0.5,-0.5,-0.4,-0.4,-0.4,0,-0.2,-0.1,-0.1,-0.1,-0.1,-0.1,0,0,-0.1,0.1,0,-0.1,-0.1,0.1,0,0,0.1,0.1,0,0.1,0,0,0,0,0,0,0.2,0.4
0.000038,0,0,-0.1,0.1,-0.1,0,0,-0.1,-0.1,-0.1,0,0.1,-0.1,-0.1,-0.1,-0.1,-0.2,-0.3,-0.2,-0.3,-0.3,0.1,-0.4,-0.6,-0.6,-0.7,-0.8,-0.9,-1,-1.1,-1.2,0,-1.5,-1.6,-1.7,-1.7,-1.8,-1.8,-1.8,-1.9,-1.8,0.1,-1.9,-1.9,-1.8,-1.8,-1.7,-1.8,-1.8,-1.8,-1.8,0.1,-1.6,-1.6,-1.4,-1.4,-1.4,-1.3,-1.2,-1.1,-1.1,0.1,-0.8,-0.8,-0.7,-0.5,-0.4,-0.5,-0.4,-0.4,-0.3,0.1,-0.2,-0.1,-0.1,0,-0.1,0,0,-0.1,0,0.1,0,0,0,-0.1,-0.1,-0.1,0,0,0,0.1,0,-0.1,-0.1,0,0.1,0,0.1,0.3
0.0000382,0,0,-0.1,-0.1,-0.1,0,0.1,0,0.1,-0.1,0,0.1,-0.1,0,-0.1,-0.1,-0.2,-0.2,-0.2,-0.3,-0.2,0.1,-0.5,-0.6,-0.6,-0.7,-0.8,-1,-1,-1.2,-1.2,0,-1.5,-1.7,-1.7,-1.8,-1.8,-1.8,-1.8,-1.9,-1.8,0,-1.9,-1.9,-1.9,-1.8,-1.8,-1.8,-1.8,-1.7,-1.8,0.1,-1.6,-1.6,-1.6,-1.4,-1.4,-1.3,-1.2,-1.1,-1.1,0.1,-0.8,-0.8,-0.7,-0.5,-0.6,-0.5,-0.4,-0.4,-0.3,0.1,-0.3,-0.1,-0.1,-0.1,-0.1,-0.1,0.1,-0.1,0,0.1,0.1,0,0,-0.1,-0.1,0,0,0.1,0,0,-0.1,0.1,0,0,0.1,0,0.2,0.3
0.0000384,0,0,0,0,0,-0.1,0,0,0,-0.1,0,0.1,-0.1,0,0,-0.2,-0.2,-0.2,-0.2,-0.2,-0.4,0.1,-0.4,-0.5,-0.7,-0.7,-0.8,-0.9,-0.9,-1.1,-1.3,0,-1.5,-1.6,-1.7,-1.8,-1.7,-1.9,-1.8,-1.9,-1.8,0.1,-1.8,-1.9,-2,-1.8,-1.8,-1.8,-1.8,-1.7,-1.8,0,-1.5,-1.5,-1.6,-1.4,-1.4,-1.3,-1.2,-1.1,-1.1,0.2,-0.8,-0.8,-0.7,-0.7,-0.5,-0.5,-0.4,-0.4,-0.4,0.1,-0.2,-0.2,-0.1,-0.1,-0.1,-0.1,0,-0.1,0,0.1,-0.1,0,0.1,0.1,0,0.1,0,0,0,0.1,0,0,-0.1,0,0.1,0.1,0.2,0.2
0.0000386,0,-0.1,0.1,-0.1,-0.1,-0.1,0,0,0,-0.1,0,0.2,-0.1,-0.1,0,-0.1,-0.3,-0.3,-0.3,-0.2,-0.4,0.1,-0.5,-0.5,-0.6,-0.7,-0.8,-0.9,-0.9,-1.1,-1.2,0.1,-1.5,-1.7,-1.7,-1.8,-1.7,-1.8,-1.9,-1.8,-1.8,0.1,-1.8,-1.9,-1.9,-1.8,-1.8,-1.8,-1.8,-1.7,-1.7,0,-1.5,-1.5,-1.5,-1.4,-1.3,-1.3,-1.2,-1.1,-1.1,0,-0.8,-0.8,-0.7,-0.6,-0.5,-0.4,-0.4,-0.4,-0.4,0.1,-0.2,-0.2,-0.2,-0.1,-0.1,-0.2,0,-0.1,0,0.1,0,-0.1,0,-0.1,-0.1,0,0.1,0,0,0.2,0,0.1,0.1,0,0,0,0.3,0.3
0.0000388,0,-0.1,0.1,0,-0.1,0,0,-0.1,-0.1,0,0,0.1,-0.1,-0.1,-0.1,-0.1,-0.2,-0.2,-0.3,-0.3,-0.3,0,-0.5,-0.5,-0.6,-0.7,-0.8,-0.9,-0.9,-1.1,-1.3,0.1,-1.4,-1.6,-1.7,-1.8,-1.7,-1.9,-1.8,-1.8,-1.8,0,-1.8,-1.9,-1.8,-1.8,-1.8,-1.8,-1.7,-1.8,-1.7,0.1,-1.6,-1.5,-1.5,-1.5,-1.4,-1.3,-1.1,-1.2,-1,0,-0.8,-0.8,-0.7,-0.5,-0.4,-0.4,-0.5,-0.3,-0.3,0.1,-0.1,-0.1,-0.1,-0.1,-0.1,-0.1,-0.1,-0.2,0,0.1,0,0,0,-0.1,0.1,0,0,0,-0.1,0.1,0,0,0,0,0,0.1,0.2,0.2
0.000039,0.1,-0.1,0.1,-0.1,0,0,-0.1,0.1,0,0,0,0,-0.2,0,-0.1,-0.1,-0.2,-0.2,-0.3,-0.3,-0.4,0.1,-0.5,-0.5,-0.6,-0.7,-0.8,-0.9,-1,-1.1,-1.2,0,-1.5,-1.6,-1.7,-1.8,-1.7,-1.9,-1.8,-1.8,-1.7,0.1,-1.8,-1.8,-1.9,-1.9,-1.8,-1.8,-1.8,-1.7,-1.7,0,-1.6,-1.5,-1.6,-1.5,-1.3,-1.3,-1.1,-1.2,-1.1,0,-0.8,-0.8,-0.7,-0.6,-0.5,-0.5,-0.4,-0.4,-0.3,0.1,-0.2,-0.2,0,-0.1,-0.1,-0.1,-0.1,0,0,0,0,0,0,0,0,0.1,0,0,0,0.1,0,0.1,0,0,0,0.1,0.2,0.2
0.0000392,0.1,-0.1,0.1,0,-0.1,0,0.1,0,0,-0.1,0,0.2,-0.1,-0.1,-0.1,-0.1,-0.2,-0.1,-0.2,-0.2,-0.3,0.1,-0.4,-0.5,-0.5,-0.8,-0.9,-0.8,-0.9,-1.1,-1.1,0.1,-1.5,-1.5,-1.7,-1.7,-1.7,-1.8,-1.8,-1.8,-1.8,0.1,-1.9,-1.8,-1.8,-1.9,-1.8,-1.7,-1.8,-1.6,-1.7,0.1,-1.5,-1.5,-1.5,-1.5,-1.4,-1.4,-1.2,-1.1,-1.1,0.1,-0.8,-0.8,-0.7,-0.6,-0.5,-0.5,-0.4,-0.3,-0.3,0.1,-0.2,-0.2,-0.1,-0.1,-0.1,-0.1,-0.1,0,0,0.1,-0.1,0,0,0,-0.1,0.1,0.1,0,-0.1,0.1,0,0.1,0.1,-0.1,0,0.1,0.3,0.2
0.0000394,0.1,0,0,-0.1,0,-0.1,0.1,0.1,0,-0.1,0,0.1,-0.1,-0.2,0,-0.2,-0.2,-0.2,-0.2,-0.3,-0.4,0.2,-0.5,-0.5,-0.6,-0.7,-0.8,-0.8,-1,-1.1,-1.2,0.1,-1.5,-1.5,-1.7,-1.7,-1.8,-1.8,-1.9,-1.8,-1.8,0.2,-1.9,-1.9,-1.8,-1.8,-1.9,-1.7,-1.8,-1.8,-1.7,0.1,-1.7,-1.5,-1.5,-1.5,-1.4,-1.4,-1.2,-1.1,-1.2,0.1,-0.8,-0.8,-0.6,-0.7,-0.5,-0.5,-0.4,-0.3,-0.3,0,-0.2,-0.2,-0.1,-0.1,-0.1,-0.1,-0.1,0.1,0.1,0.1,0,0.1,0,0,-0.1,0.1,0.1,0,0,0.1,0,0.1,0.1,0,0,0.1,0.3,0.2
0.0000396,0,0.1,0,0,-0.1,0,0,0,0,-0.1,0,0.1,-0.1,-0.1,-0.2,-0.2,-0.2,-0.2,-0.2,-0.3,-0.3,0,-0.4,-0.5,-0.6,-0.7,-0.8,-0.8,-1.1,-1.1,-1.1,0.1,-1.6,-1.5,-1.7,-1.7,-1.7,-1.8,-1.9,-1.8,-1.7,0.1,-1.9,-1.9,-1.8,-1.8,-1.8,-1.7,-1.8,-1.8,-1.7,0.2,-1.6,-1.5,-1.5,-1.4,-1.5,-1.3,-1.2,-1.1,-1,0,-0.8,-0.8,-0.7,-0.5,-0.5,-0.5,-0.3,-0.3,-0.3,0,-0.1,-0.2,-0.2,-0.1,0,-0.1,-0.1,0,-0.1,0,-0.1,0,0,0,0,0.1,0.1,0,-0.1,0.1,0,0.1,0,0,0,0.1,0.2,0.1
0.0000398,0.1,0,0,0.1,0,-0.1,0.1,0,0,-0.1,0,0.1,-0.1,-0.1,-0.1,-0.1,-0.2,-0.2,-0.2,-0.3,-0.2,0.1,-0.5,-0.5,-0.6,-0.7,-0.8,-1,-1.1,-1.1,-1.2,0,-1.5,-1.4,-1.6,-1.7,-1.7,-1.8,-1.9,-1.7,-1.7,0,-1.9,-1.9,-1.8,-1.8,-1.8,-1.8,-1.9,-1.8,-1.7,0.1,-1.5,-1.5,-1.5,-1.5,-1.4,-1.3,-1.2,-1.1,-1,0,-0.8,-0.7,-0.7,-0.6,-0.5,-0.5,-0.4,-0.4,-0.3,0.1,-0.3,-0.2,-0.2,-0.1,-0.1,-0.1,-0.1,0.1,0,0.1,-0.1,0,0,0,-0.1,0,0.1,0,0,0.1,0.1,0,0,0,0,0.1,0.2,0.2
0.00004,0.1,0.1,0,0,0,0.1,0,0.1,0,-0.1,0.1,0,0,-0.1,-0.1,-0.2,-0.1,-0.2,-0.1,-0.2,-0.3,0.1,-0.5,-0.6,-0.6,-0.7,-0.9,-0.9,-1.1,-1.1,-1.3,0,-1.4,-1.5,-1.7,-1.7,-1.8,-1.8,-1.9,-1.9,-1.7,0.1,-1.9,-1.91,-1.8,-1.8,-1.8,-1.8,-1.8,-1.8,-1.8,0,-1.7,-1.5,-1.5,-1.4,-1.4,-1.4,-1.2,-1.1,-1,0.2,-0.8,-0.7,-0.7,-0.6,-0.4,-0.5,-0.3,-0.3,-0.3,0.1,-0.2,-0.1,-0.2,-0.1,-0.1,-0.1,-0.1,0,0.1,0.1,0,0,0,0,0,0,0.1,0.1,0.1,0.1,0.1,0,0.1,0,0,0.1,0.2,0.1
0.0000402,0,0.1,0,-0.1,-0.1,0.1,0,0.1,-0.1,0,0,0,-0.1,0,-0.2,-0.1,-0.1,-0.2,-0.2,-0.2,-0.2,0.1,-0.4,-0.6,-0.7,-0.7,-0.8,-1,-1,-1.2,-1.2,0,-1.5,-1.5,-1.7,-1.7,-1.8,-1.8,-1.8,-1.8,-1.8,0.1,-1.9,-1.9,-1.8,-1.8,-1.8,-1.8,-1.8,-1.8,-1.7,0.1,-1.7,-1.5,-1.5,-1.4,-1.4,-1.3,-1.2,-1.2,-1,0,-0.8,-0.8,-0.7,-0.6,-0.5,-0.5,-0.3,-0.3,-0.3,0.1,-0.2,-0.1,-0.1,-0.1,-0.2,-0.1,-0.1,0,0,0.1,0,0,0,0,-0.1,0,0,0.1,0,0.2,0.1,0.1,0.1,0,0,0.1,0.2,0.2
0.0000404,0.1,0.1,-0.1,-0.1,-0.1,0.1,0,0,0,0,0,0.1,0,-0.1,-0.2,-0.1,-0.2,-0.2,-0.2,-0.3,-0.3,0.1,-0.4,-0.5,-0.7,-0.8,-0.8,-0.9,-1,-1.1,-1.1,0.2,-1.5,-1.5,-1.7,-1.7,-1.7,-1.7,-1.9,-1.8,-1.8,0.1,-1.9,-1.8,-1.8,-1.8,-1.7,-1.8,-1.7,-1.7,-1.7,0.1,-1.6,-1.5,-1.5,-1.4,-1.3,-1.4,-1.2,-1.2,-1,0,-0.8,-0.7,-0.7,-0.6,-0.5,-0.6,-0.3,-0.3,-0.3,0.1,-0.2,-0.1,-0.1,0,-0.1,-0.1,-0.1,-0.1,-0.1,0,0,-0.1,0,0,-0.1,-0.1,0.1,0.1,0.1,0.1,0,0.1,0,0,0.1,0,0.2,0.2
0.0000406,0,0.1,0,0.1,0,0,0,0,0,-0.1,0,0.1,-0.1,0,-0.2,-0.2,-0.2,-0.3,-0.2,-0.2,-0.3,0.1,-0.4,-0.5,-0.7,-0.7,-0.8,-0.9,-1.1,-1.1,-1.1,0.1,-1.5,-1.6,-1.7,-1.7,-1.8,-1.8,-1.8,-1.9,-1.8,0.1,-1.9,-1.9,-1.7,-1.8,-1.8,-1.8,-1.8,-1.7,-1.7,0.2,-1.6,-1.5,-1.4,-1.3,-1.3,-1.3,-1.2,-1.1,-1.1,0,-0.8,-0.7,-0.7,-0.5,-0.6,-0.5,-0.4,-0.4,-0.4,0.1,-0.2,-0.1,-0.1,-0.1,-0.2,-0.2,0,-0.2,0,0,0,-0.1,0,0,0,0.1,0.1,0.1,0.1,0.1,0,0,-0.1,0,0,0,0.1,0.2
0.0000408,-0.1,-0.1,0.1,0,-0.1,0,-0.1,-0.1,-0.1,0,-0.1,0.1,-0.1,0,-0.1,-0.1,-0.2,-0.3,-0.2,-0.2,-0.3,0,-0.5,-0.6,-0.6,-0.7,-0.8,-0.9,-1,-1.1,-1.2,0,-1.4,-1.6,-1.7,-1.7,-1.7,-1.8,-1.8,-1.8,-1.8,0,-1.9,-1.9,-1.8,-1.8,-1.8,-1.8,-1.8,-1.7,-1.7,0.1,-1.6,-1.4,-1.4,-1.4,-1.4,-1.3,-1.2,-1.1,-1.1,0,-0.8,-0.8,-0.6,-0.5,-0.5,-0.5,-0.4,-0.5,-0.4,0,-0.3,-0.1,-0.2,-0.2,-0.1,-0.1,-0.1,-0.1,0,0.1,-0.1,-0.1,0.1,0,0,0,0,0,0.1,0.2,0,0,0,0,0.1,0.1,0.1,0.2
0.000041,0,0,0.1,0,0.1,0,0,0,-0.1,0,-0.1,0,-0.1,-0.1,-0.1,-0.1,-0.1,-0.2,-0.2,-0.3,-0.4,0.1,-0.4,-0.6,-0.7,-0.6,-0.8,-0.9,-1,-1.1,-1.2,0.1,-1.4,-1.6,-1.7,-1.6,-1.7,-1.8,-1.8,-1.8,-1.7,0.2,-1.9,-1.9,-1.8,-1.8,-1.8,-1.7,-1.7,-1.6,-1.7,0,-1.6,-1.5,-1.5,-1.4,-1.3,-1.3,-1.3,-1.1,-1.1,0.1,-0.8,-0.8,-0.7,-0.6,-0.4,-0.4,-0.5,-0.3,-0.3,0.1,-0.2,-0.1,-0.1,-0.1,-0.1,-0.1,0,-0.1,0,0,0.1,-0.1,0.1,0,0.1,-0.1,0,0,0.1,0.1,0,0,0,-0.1,0.1,0.1,0.1,0.1
0.0000412,0.1,-0.1,0.2,0,0,-0.1,0,-0.1,0,-0.1,0,0.1,0,-0.1,-0.1,-0.2,-0.2,-0.3,-0.2,-0.2,-0.3,0.1,-0.4,-0.6,-0.6,-0.7,-0.8,-0.9,-0.9,-1.1,-1.2,0,-1.4,-1.6,-1.7,-1.7,-1.7,-1.8,-1.7,-1.8,-1.7,0.1,-1.9,-1.9,-1.9,-1.8,-1.8,-1.8,-1.7,-1.7,-1.7,0.1,-1.6,-1.5,-1.5,-1.4,-1.4,-1.3,-1.1,-1.3,-1.1,0.1,-0.8,-0.8,-0.6,-0.6,-0.6,-0.4,-0.4,-0.4,-0.3,0.1,-0.2,-0.1,-0.1,-0.1,-0.1,-0.2,0,-0.1,0,0.2,0,0,0.1,0,0,-0.1,0.2,0,0,0.1,0,0,0,-0.1,0.1,0.1,0.1,0.1
0.0000414,0,-0.1,0.2,0.1,0,-0.1,0,-0.2,0,0,0,0.1,-0.2,-0.2,-0.1,-0.2,-0.2,-0.3,-0.2,-0.2,-0.4,0.1,-0.4,-0.6,-0.7,-0.7,-0.7,-0.9,-1,-1.1,-1.1,0,-1.4,-1.5,-1.7,-1.7,-1.7,-1.8,-1.9,-1.9,-1.6,0,-1.8,-1.8,-1.9,-1.7,-1.8,-1.8,-1.8,-1.7,-1.7,0.1,-1.6,-1.5,-1.4,-1.4,-1.3,-1.4,-1.2,-1.2,-1,0.1,-0.8,-0.8,-0.7,-0.7,-0.5,-0.4,-0.4,-0.3,-0.3,0.1,-0.2,-0.3,-0.1,0,-0.2,-0.1,0,0.1,0,0,0,0,0,0,0,0,0,0,0,0.1,0,0,-0.1,-0.1,0,0,0.3,0.1
0.0000416,0.1,-0.1,0.1,0.1,0,-0.1,-0.1,0,0,-0.1,0,0,-0.2,-0.1,0,-0.1,-0.1,-0.2,-0.2,-0.2,-0.3,0.1,-0.4,-0.6,-0.6,-0.7,-0.8,-0.9,-1,-1.2,-1.2,0.1,-1.4,-1.5,-1.6,-1.7,-1.7,-1.9,-1.8,-1.8,-1.7,0.2,-1.8,-1.8,-1.8,-1.7,-1.8,-1.7,-1.7,-1.6,-1.7,0,-1.5,-1.6,-1.5,-1.4,-1.4,-1.3,-1.2,-1.3,-1.1,0.1,-0.8,-0.8,-0.7,-0.6,-0.5,-0.4,-0.4,-0.3,-0.3,0.1,-0.2,-0.1,-0.1,-0.1,-0.1,-0.1,0,0,0.1,0.1,0,0.1,0,0,0,0,0,0,0,0,0,0,-0.1,0,0,0.1,0.2,0.1
0.0000418,0.1,-0.1,0.1,0,0,0,0,-0.1,0,-0.2,0,0,-0.2,-0.1,0,-0.1,-0.2,-0.2,-0.2,-0.2,-0.4,0,-0.4,-0.6,-0.6,-0.7,-0.8,-0.8,-1,-1.2,-1.1,0.1,-1.5,-1.5,-1.7,-1.7,-1.7,-1.8,-1.8,-1.8,-1.7,0.1,-1.9,-1.8,-1.8,-1.8,-1.7,-1.7,-1.6,-1.7,-1.7,0,-1.6,-1.5,-1.5,-1.4,-1.4,-1.3,-1.2,-1.2,-1,0.1,-0.8,-0.7,-0.7,-0.6,-0.6,-0.4,-0.4,-0.4,-0.2,0.2,-0.2,-0.2,-0.1,-0.1,-0.1,-0.1,0,0,-0.1,0,0,0.1,0,0,0,0.1,0,0,0,0.2,0,0,0,-0.1,0,0.1,0.1,0.2
0.000042,0,0,0,-0.1,0,0,0.1,0,0,0,0,0.1,-0.1,-0.1,-0.1,-0.1,-0.2,-0.2,-0.2,-0.3,-0.2,0,-0.5,-0.6,-0.7,-0.7,-0.7,-0.9,-1,-1.2,-1.3,0.1,-1.4,-1.5,-1.7,-1.7,-1.7,-1.8,-1.9,-1.8,-1.7,0.1,-2,-1.8,-1.8,-1.7,-1.7,-1.7,-1.7,-1.7,-1.7,0,-1.5,-1.7,-1.5,-1.5,-1.4,-1.3,-1.2,-1.2,-1,0.1,-0.8,-0.8,-0.7,-0.6,-0.5,-0.5,-0.5,-0.3,-0.2,0.2,-0.2,-0.2,-0.1,-0.1,0,-0.1,-0.1,-0.1,0,0.1,0,0.1,0,0,0,0,0,0,0,0,0.1,0,0,-0.1,0,0,0.2,0.1
0.0000422,0,0,0,0,0,0,0,0,-0.1,0,0,0.1,-0.2,-0.1,-0.1,-0.1,-0.1,-0.2,-0.2,-0.2,-0.3,0,-0.4,-0.5,-0.7,-0.7,-0.8,-0.9,-1,-1.1,-1.2,0,-1.4,-1.6,-1.7,-1.7,-1.7,-1.8,-1.8,-1.8,-1.8,0.1,-1.8,-1.8,-1.8,-1.8,-1.8,-1.7,-1.8,-1.6,-1.7,0,-1.5,-1.6,-1.5,-1.4,-1.4,-1.3,-1.2,-1.1,-1.1,0.1,-0.7,-0.8,-0.6,-0.6,-0.5,-0.5,-0.5,-0.4,-0.3,0.2,-0.2,-0.2,-0.2,-0.1,0,-0.1,-0.1,-0.1,0,0.2,0.1,0,0.1,0,-0.1,0,0.1,0,0.1,0,0,0,0,0,-0.1,0.1,0.2,0.1
0.0000424,0.1,0.1,0,0,0,0,0,0.1,-0.1,0.1,0,0.1,-0.1,0,-0.1,0,-0.2,-0.2,-0.2,-0.2,-0.2,0.1,-0.4,-0.6,-0.6,-0.7,-0.8,-0.8,-1,-1,-1.1,0,-1.5,-1.5,-1.6,-1.7,-1.6,-1.7,-1.8,-1.7,-1.7,0.2,-1.8,-1.8,-1.7,-1.8,-1.7,-1.7,-1.7,-1.7,-1.7,0,-1.6,-1.5,-1.4,-1.4,-1.3,-1.3,-1.3,-1.2,-1,0.1,-0.8,-0.7,-0.7,-0.6,-0.5,-0.6,-0.4,-0.3,-0.3,0.2,-0.2,-0.1,-0.2,-0.1,-0.1,-0.1,0,0,0.1,0.1,0,0,0,0,0,0,0.1,0,0,0.1,0.1,0.1,0,0,-0.1,0.1,0.2,0.1
0.0000426,0,0.1,0,0,0,0.1,0,0,0,0.1,0,0,-0.1,-0.1,-0.1,-0.1,-0.2,-0.2,-0.2,-0.2,-0.2,0.2,-0.5,-0.5,-0.7,-0.7,-1,-0.9,-1,-1.1,-1.1,0.1,-1.5,-1.5,-1.6,-1.6,-1.7,-1.8,-1.9,-1.8,-1.8,0.2,-1.8,-1.8,-1.8,-1.8,-1.7,-1.7,-1.7,-1.7,-1.6,0.1,-1.5,-1.5,-1.4,-1.4,-1.4,-1.3,-1.2,-1.1,-1.1,0.1,-0.8,-0.7,-0.7,-0.6,-0.5,-0.5,-0.4,-0.5,-0.3,0.1,-0.2,-0.1,0,-0.1,-0.1,-0.1,-0.1,0,0,0.1,0,0,0,0.1,0.1,0,0.1,0.1,0,0,0,0.1,0,-0.1,-0.1,0.1,0.1,0.1
0.0000428,0,0,0,-0.1,0.1,0,-0.1,0,0,0,0,0.1,-0.1,-0.1,-0.2,-0.1,-0.2,-0.3,-0.2,-0.3,-0.3,0.1,-0.5,-0.5,-0.6,-0.7,-0.8,-0.8,-1,-1.1,-1.2,0,-1.4,-1.5,-1.7,-1.6,-1.7,-1.7,-1.9,-1.7,-1.8,0,-1.8,-1.9,-1.8,-1.8,-1.8,-1.8,-1.6,-1.7,-1.6,0.1,-1.5,-1.5,-1.4,-1.4,-1.4,-1.3,-1.2,-1.1,-1.1,0,-0.8,-0.7,-0.7,-0.6,-0.5,-0.6,-0.4,-0.3,-0.4,0.1,-0.2,-0.1,-0.2,-0.1,0,0,-0.1,0,0,0.1,-0.1,0.1,0,0.1,0,0,0,0,-0.1,0,0,0.1,0,-0.1,0,0,0.1,0.1
0.000043,0,0.2,-0.1,-0.1,0,0.1,-0.1,0,0,0,0,0.1,-0.1,-0.1,-0.2,-0.1,-0.1,-0.2,-0.2,-0.2,-0.4,0.1,-0.4,-0.5,-0.6,-0.7,-0.9,-0.9,-1,-1.1,-1.2,0.1,-1.4,-1.5,-1.7,-1.6,-1.8,-1.8,-1.9,-1.8,-1.6,0,-1.8,-1.8,-1.9,-1.7,-1.7,-1.7,-1.8,-1.7,-1.5,0,-1.5,-1.5,-1.4,-1.5,-1.3,-1.2,-1.2,-1.1,-1,0,-0.8,-0.8,-0.7,-0.6,-0.5,-0.5,-0.3,-0.4,-0.3,0.2,-0.2,-0.2,-0.2,-0.1,-0.1,-0.2,-0.1,-0.1,0,0.1,-0.1,0,0,0.1,0,0,0,0.1,0.1,0.1,0,0.1,0,-0.1,0,0,0.1,0.1
0.0000432,0.1,0,0,-0.1,0.1,0,-0.1,0,-0.1,-0.1,0,0,0,0,-0.2,-0.1,-0.2,-0.3,-0.2,-0.3,-0.4,0.1,-0.4,-0.5,-0.6,-0.7,-0.9,-1,-0.9,-1.1,-1.1,0,-1.5,-1.5,-1.6,-1.6,-1.7,-1.7,-1.8,-1.8,-1.7,0.1,-1.8,-1.8,-1.7,-1.8,-1.8,-1.8,-1.6,-1.7,-1.6,0.1,-1.6,-1.5,-1.4,-1.4,-1.3,-1.3,-1.2,-1.1,-1,0.1,-0.8,-0.8,-0.7,-0.6,-0.5,-0.5,-0.4,-0.3,-0.2,0.1,-0.2,-0.2,-0.2,-0.1,-0.1,-0.2,-0.1,-0.2,0.1,0.1,-0.1,-0.1,0,0.1,0.1,-0.1,0,0.1,0,0.1,0.1,0.2,-0.1,-0.1,0.1,0,0,0.2
0.0000434,0,0.1,0,0,0,0.1,0,-0.1,0,-0.1,0,0.1,0,0,-0.2,-0.2,-0.2,-0.2,-0.2,-0.3,-0.5,0.1,-0.5,-0.5,-0.6,-0.8,-0.9,-0.9,-0.9,-1,-1.2,0.1,-1.4,-1.6,-1.7,-1.7,-1.6,-1.7,-1.8,-1.8,-1.6,0.1,-1.8,-1.8,-1.8,-1.8,-1.8,-1.7,-1.7,-1.7,-1.6,0.1,-1.5,-1.4,-1.4,-1.4,-1.2,-1.3,-1.2,-1.1,-1.1,0,-0.9,-0.7,-0.7,-0.5,-0.5,-0.5,-0.5,-0.3,-0.2,0.1,-0.2,-0.1,-0.2,-0.1,-0.1,-0.1,0,-0.1,0,0,-0.1,-0.1,0,0.1,0,0,0,0.1,0.1,0.1,0,0.1,0,-0.1,0,0,0,0.2
0.0000436,0,0.1,0,-0.1,0,0,0,-0.1,-0.1,-0.1,0,0.1,0,0,-0.1,-0.1,-0.1,-0.2,-0.3,-0.2,-0.4,0.1,-0.4,-0.5,-0.6,-0.7,-0.8,-0.9,-0.9,-1.1,-1.2,0.1,-1.4,-1.4,-1.7,-1.7,-1.6,-1.8,-1.8,-1.8,-1.5,0,-1.8,-1.8,-1.7,-1.8,-1.8,-1.7,-1.8,-1.7,-1.6,0.1,-1.6,-1.5,-1.5,-1.4,-1.3,-1.4,-1.2,-1.2,-1,0,-0.8,-0.8,-0.7,-0.5,-0.6,-0.4,-0.5,-0.3,-0.3,0,-0.2,-0.2,-0.2,0,-0.1,-0.1,0,-0.1,0,0.1,-0.1,-0.1,0.1,0.1,0,0,0,0.1,0,0.1,0,0.1,-0.1,-0.1,0.1,0,0.1,0.1
0.0000438,0,0.1,0.1,0.1,-0.1,0,0,0,-0.1,-0.1,0,0,-0.1,-0.1,-0.1,-0.2,-0.1,-0.2,-0.3,-0.2,-0.3,0.1,-0.5,-0.5,-0.6,-0.7,-0.7,-0.9,-0.9,-1,-1.2,0.1,-1.4,-1.4,-1.5,-1.6,-1.6,-1.8,-1.7,-1.8,-1.5,0.1,-1.8,-1.8,-1.7,-1.7,-1.8,-1.7,-1.7,-1.6,-1.7,0.1,-1.6,-1.4,-1.4,-1.4,-1.3,-1.3,-1.2,-1.2,-1,0.1,-0.8,-0.8,-0.7,-0.6,-0.5,-0.4,-0.5,-0.3,-0.3,0.1,-0.3,-0.2,-0.2,-0.1,-0.1,-0.2,-0.1,0,0,0.1,-0.1,0,0,0,-0.1,0,0.1,0,0.1,0,0,0.1,0,-0.1,-0.1,0,0.1,0.1
0.000044,0,0,0,0.1,-0.1,0,0,-0.1,0.1,-0.1,0,0,-0.1,-0.1,-0.2,-0.2,-0.1,-0.2,-0.2,-0.2,-0.3,0.1,-0.5,-0.5,-0.6,-0.7,-0.8,-0.9,-0.9,-1.1,-1.2,0,-1.5,-1.5,-1.5,-1.6,-1.6,-1.8,-1.8,-1.8,-1.6,0.1,-1.8,-1.8,-1.6,-1.7,-1.7,-1.7,-1.7,-1.6,-1.7,0.1,-1.6,-1.5,-1.4,-1.4,-1.2,-1.3,-1.2,-1.1,-1,0,-0.8,-0.8,-0.5,-0.6,-0.5,-0.4,-0.5,-0.3,-0.3,0.1,-0.2,-0.2,-0.2,-0.1,-0.1,-0.1,-0.1,-0.1,0,0.1,0,-0.1,0,-0.1,0,0,0,0,0.1,0,0,0,-0.1,-0.1,-0.1,0.1,0.1,0.1
0.0000442,0,0,0.1,0.1,-0.1,0,0.1,0,0,-0.1,-0.1,0,-0.1,-0.1,-0.1,-0.2,-0.2,-0.2,-0.2,-0.2,-0.4,0.1,-0.5,-0.5,-0.6,-0.7,-0.7,-0.8,-0.9,-1,-1.2,0.1,-1.4,-1.4,-1.5,-1.6,-1.6,-1.8,-1.8,-1.7,-1.5,0.1,-1.8,-1.7,-1.7,-1.8,-1.8,-1.8,-1.6,-1.5,-1.6,0,-1.5,-1.5,-1.4,-1.4,-1.2,-1.3,-1.2,-1.1,-1,0,-0.8,-0.8,-0.6,-0.6,-0.5,-0.5,-0.4,-0.3,-0.4,0.1,-0.2,-0.2,-0.2,-0.1,-0.1,-0.1,-0.1,-0.1,0.1,0.1,-0.1,0,0.1,0,0,0,0,0.1,0.1,0.1,0,0,0,-0.1,-0.1,0,0.1,0.1
0.0000444,0,0.1,0.1,0.1,-0.1,0,0,-0.1,0,0,0,0.1,-0.1,-0.1,0,-0.2,-0.2,-0.2,-0.2,-0.2,-0.2,0.1,-0.5,-0.5,-0.6,-0.8,-0.8,-0.9,-1,-1.1,-1.1,0.1,-1.4,-1.4,-1.5,-1.7,-1.6,-1.8,-1.8,-1.8,-1.5,0,-1.9,-1.8,-1.6,-1.8,-1.8,-1.7,-1.6,-1.6,-1.6,0.1,-1.5,-1.4,-1.5,-1.4,-1.2,-1.3,-1.2,-1.2,-1,0.1,-0.8,-0.8,-0.6,-0.5,-0.6,-0.4,-0.4,-0.3,-0.3,0.1,-0.2,-0.1,-0.2,-0.2,-0.1,0,-0.1,-0.1,0,0.1,0,0.1,0,0,0.1,0.1,0,0.1,0.1,0.1,0,-0.1,0,-0.1,-0.1,0.1,0.1,0.1
0.0000446,0.1,0,0,0,-0.1,0,0.1,0,-0.1,-0.1,0,0.2,0,-0.1,0,-0.1,-0.1,-0.2,-0.2,-0.2,-0.2,0.1,-0.5,-0.5,-0.6,-0.7,-0.8,-0.8,-0.9,-1.1,-1.1,0.1,-1.4,-1.4,-1.6,-1.6,-1.6,-1.8,-1.8,-1.8,-1.6,0.1,-1.7,-1.7,-1.7,-1.8,-1.8,-1.8,-1.6,-1.5,-1.7,0.1,-1.5,-1.5,-1.4,-1.4,-1.2,-1.3,-1.1,-1.2,-1,0,-0.8,-0.8,-0.8,-0.6,-0.5,-0.4,-0.3,-0.3,-0.3,0,-0.2,-0.1,-0.1,-0.1,-0.1,-0.1,-0.1,-0.1,0,0.1,0.1,-0.1,0.1,0,0.1,0.1,0,0,0.1,0.1,0,-0.1,0,-0.1,-0.1,0.1,0.1,0.1
0.0000448,0,-0.1,-0.1,-0.1,0,0.1,0.1,0,0,0.1,0,0.1,-0.2,-0.1,0,-0.2,-0.1,-0.2,-0.2,-0.2,-0.2,0.1,0,-0.5,-0.7,-0.7,-0.7,-0.8,-0.9,-1.1,-1.1,0.1,-1.6,-1.5,-1.6,-1.6,-1.6,-1.8,-1.8,-1.7,-1.6,0.1,-1.8,-1.8,-1.7,-1.7,-1.7,-1.7,-1.7,-1.6,-1.6,0.1,-1.5,-1.5,-1.4,-1.4,-1.3,-1.3,-1.2,-1.2,-1,0.1,-0.7,-0.8,-0.7,-0.6,-0.5,-0.5,-0.3,-0.4,-0.3,0,-0.2,-0.3,-0.1,-0.2,-0.1,0,0,0,0.1,0.1,0.1,0.1,0,0,0,0,0.1,0,0,0,0,0,0,-0.1,0,0.1,0.1,0
0.000045,0,0.1,-0.1,0,0.1,0,0.1,0,-0.1,0,0,0.1,-0.1,-0.1,0,-0.1,-0.1,-0.2,-0.2,-0.2,-0.4,0,0,-0.6,-0.6,-0.6,-0.8,-0.8,-1,-1.1,-1.1,0.2,-1.5,-1.6,-1.7,-1.6,-1.7,-1.7,-1.8,-1.7,-1.6,0.1,-1.7,-1.8,-1.8,-1.7,-1.8,-1.7,-1.7,-1.6,-1.6,0.1,-1.5,-1.4,-1.3,-1.4,-1.4,-1.2,-1.1,-1.1,-1.1,0,-0.7,-0.8,-0.7,-0.6,-0.5,-0.5,-0.4,-0.3,-0.4,0.1,-0.2,-0.2,-0.1,-0.1,0,0,-0.1,-0.1,0,0.2,0,0.1,0,0.1,0,0,0.1,0.1,0.1,0.1,0.1,0,0.2,0,0,0,0.1,0.1
0.0000452,0.1,0.1,0,0,0,-0.1,0,0,-0.1,0,0,0.1,-0.2,-0.1,0,-0.2,-0.1,-0.2,-0.3,-0.2,-0.3,0,0,-0.5,-0.6,-0.7,-0.8,-0.8,-1,-1.1,-1.1,0.1,-1.5,-1.6,-1.6,-1.7,-1.7,-1.7,-1.8,-1.7,-1.6,0,-1.8,-1.9,-1.7,-1.7,-1.8,-1.7,-1.7,-1.6,-1.5,0,-1.5,-1.5,-1.4,-1.4,-1.2,-1.1,-1.2,-1.1,-1,0.1,-0.8,-0.8,-0.8,-0.7,-0.5,-0.5,-0.5,-0.3,-0.4,0.1,-0.3,-0.2,-0.1,-0.1,0,-0.1,0,0,0,0,0.1,0.1,0,0.1,0,0,0,0.1,0.1,0.1,0.1,0.1,0.1,-0.1,0.1,0.1,0.1,0.1
0.0000454,0.1,0,0,-0.1,0,0,0,0,0.1,-0.1,0.1,0,-0.1,-0.1,-0.1,-0.1,-0.2,-0.1,-0.2,-0.2,-0.3,0.1,0,-0.5,-0.6,-0.7,-0.8,-0.9,-1,-1,-1.1,0.2,-1.5,-1.4,-1.6,-1.6,-1.7,-1.7,-1.7,-1.8,-1.7,0.1,-1.8,-1.8,-1.8,-1.7,-1.8,-1.8,-1.7,-1.6,-1.5,0.1,-1.5,-1.5,-1.2,-1.4,-1.2,-1.2,-1.2,-1.1,-1.1,0,-0.8,-0.7,-0.7,-0.6,-0.5,-0.5,-0.4,-0.4,-0.2,0,-0.3,-0.1,-0.1,-0.1,-0.1,0,0,0,-0.1,0,-0.1,0.1,0,0.1,0,0,0.1,0.1,0,0.1,0.1,0.1,0.1,-0.1,0.1,0.1,0,0
0.0000456,0,0.1,0,0,0.1,0,0,0,0,0,0,0.1,-0.1,-0.1,-0.1,-0.1,-0.1,-0.1,-0.2,-0.2,-0.3,0.1,0,-0.5,-0.6,-0.7,-0.8,-1,-0.9,-1.1,-1.1,0.1,-1.3,-1.5,-1.6,-1.6,-1.6,-1.7,-1.8,-1.8,-1.7,0.1,-1.8,-1.8,-1.8,-1.7,-1.7,-1.7,-1.7,-1.6,-1.6,0.1,-1.6,-1.5,-1.4,-1.4,-1.3,-1.2,-1.2,-1.2,-1,0.1,-0.7,-0.6,-0.6,-0.6,-0.5,-0.5,-0.4,-0.4,-0.4,0.1,-0.1,-0.2,-0.1,-0.1,0,0,-0.1,-0.1,-0.1,0,0,0,-0.1,0.1,-0.1,0,0,0.1,0,0.1,0.1,0.1,0.1,-0.1,0.2,0,0.1,0.1
0.0000458,0,0.1,0,-0.1,0,0,-0.1,0,0,-0.2,0,0,0,-0.1,-0.1,-0.1,-0.3,-0.2,-0.3,-0.3,-0.3,0.1,0.1,-0.5,-0.6,-0.8,-0.8,-0.9,-0.9,-1.2,-1,0.1,-1.4,-1.5,-1.6,-1.6,-1.7,-1.7,-1.8,-1.8,-1.6,0,-1.7,-1.7,-1.7,-1.7,-1.7,-1.7,-1.7,-1.6,-1.6,0.1,-1.5,-1.4,-1.4,-1.4,-1.2,-1.2,-1.1,-1.1,-1,0.1,-0.8,-0.8,-0.7,-0.6,-0.5,-0.4,-0.4,-0.4,-0.3,0,-0.2,-0.2,-0.1,-0.1,-0.1,-0.1,-0.2,-0.1,0,0.1,0,0,0,0.1,-0.1,-0.1,0,0,0,0.1,0.1,0.1,0,0,0.2,0,0.1,0
0.000046,-0.1,0.1,0,-0.1,0,0,0,0,0,-0.1,0,0.1,-0.1,-0.1,-0.1,0,-0.1,-0.2,-0.2,-0.3,-0.3,0,0.1,-0.5,-0.6,-0.7,-0.8,-1,-1,-1.1,-1.2,0,-1.4,-1.6,-1.7,-1.6,-1.6,-1.6,-1.8,-1.8,-1.7,0.1,-1.8,-1.7,-1.7,-1.7,-1.7,-1.7,-1.7,-1.6,-1.5,0.1,-1.4,-1.4,-1.4,-1.4,-1.2,-1.2,-1.1,-1.1,-1.1,0.1,-0.8,-0.7,-0.7,-0.6,-0.5,-0.5,-0.5,-0.4,-0.3,0.1,-0.3,-0.2,-0.1,-0.1,-0.1,-0.1,-0.1,-0.1,0,0.1,-0.1,-0.1,0,-0.1,-0.1,0,0.1,0,0,0.1,0,0.1,0,-0.1,0,0,0.1,0
0.0000462,-0.1,0.1,-0.1,0,0,0,0,0,-0.1,-0.1,0,0,-0.1,-0.1,-0.1,0,-0.2,-0.1,-0.2,-0.2,-0.3,0.1,0,-0.5,-0.6,-0.7,-0.8,-0.9,-1,-1.1,-1.2,0.1,-1.4,-1.5,-1.7,-1.6,-1.7,-1.7,-1.8,-1.7,-1.7,0,-1.8,-1.8,-1.7,-1.7,-1.7,-1.8,-1.7,-1.6,-1.6,0.1,-1.4,-1.4,-1.5,-1.3,-1.1,-1.3,-1.2,-1.1,-1,0,-0.8,-0.8,-0.6,-0.6,-0.5,-0.4,-0.5,-0.4,-0.3,0.1,-0.1,-0.2,-0.2,-0.1,-0.1,0,-0.1,-0.1,-0.1,0.1,-0.1,-0.1,0,-0.1,-0.1,0.1,0,0,0,0.1,0,0,0,-0.1,0,0,0.1,0
0.0000464,-0.1,0,-0.1,-0.1,0,0,-0.1,0,0,-0.1,-0.1,0,-0.2,-0.1,-0.1,-0.1,-0.1,-0.3,-0.2,-0.2,-0.3,0.2,0,-0.4,-0.6,-0.6,-0.8,-0.9,-0.9,-1,-1.1,0.1,-1.3,-1.4,-1.6,-1.6,-1.5,-1.7,-1.8,-1.8,-1.6,0.1,-1.8,-1.7,-1.8,-1.8,-1.7,-1.8,-1.6,-1.6,-1.6,0.1,-1.4,-1.4,-1.4,-1.3,-1.1,-1.2,-1.2,-1.1,-1,0.1,-0.9,-0.7,-0.7,-0.6,-0.5,-0.4,-0.4,-0.4,-0.3,0.1,-0.2,-0.1,-0.2,-0.1,-0.1,-0.1,0,-0.1,-0.1,0.2,-0.1,-0.1,0.1,-0.1,0,-0.1,0,0,0,0.1,0,0,0,-0.1,0,0,0,0.1
0.0000466,0,0.1,0,0.1,0.1,0,-0.1,-0.1,-0.1,-0.1,-0.1,0.1,0,-0.1,-0.1,-0.1,-0.2,-0.3,-0.3,-0.2,-0.3,0.1,0,-0.5,-0.6,-0.6,-0.8,-0.8,-0.9,-0.9,-1.1,0.1,-1.3,-1.5,-1.6,-1.6,-1.6,-1.7,-1.8,-1.7,-1.6,0.1,-1.8,-1.8,-1.7,-1.7,-1.7,-1.6,-1.7,-1.7,-1.6,0.1,-1.5,-1.4,-1.5,-1.3,-1.1,-1.3,-1.1,-1.2,-1,0.1,-0.8,-0.6,-0.7,-0.6,-0.5,-0.4,-0.5,-0.3,-0.3,0.1,-0.2,-0.2,-0.3,-0.1,0,-0.1,0,0,0,0.1,0,0,0,0,0,0,0.1,0.1,0,0.2,0.1,0,0,-0.2,-0.1,0,0,0
0.0000468,-0.1,0,0.1,0,0,0,0,-0.1,-0.1,0,-0.1,0,-0.2,-0.1,-0.1,-0.2,-0.2,-0.2,-0.3,-0.2,-0.3,0,0,-0.5,-0.7,-0.7,-0.8,-0.8,-0.9,-0.9,-1.1,0.1,-1.4,-1.4,-1.6,-1.6,-1.6,-1.8,-1.8,-1.7,-1.6,0.1,-1.8,-1.7,-1.6,-1.6,-1.7,-1.7,-1.6,-1.7,-1.6,0,-1.4,-1.4,-1.5,-1.4,-1.1,-1.3,-1.2,-1.2,-1,0,-0.7,-0.7,-0.7,-0.6,-0.5,-0.4,-0.4,-0.3,-0.3,0.1,-0.3,-0.1,-0.2,-0.1,-0.2,-0.1,-0.1,0,0,0,-0.1,0,0,0,0,0,0,0.1,0,0.1,0.1,0,0,0,0,0.1,0.1,0
0.000047,0,0,0,0,0,0,0,-0.1,0.1,0,0,0.1,-0.1,0,0,-0.2,-0.1,-0.2,-0.3,-0.2,-0.3,0.1,-0.1,-0.5,-0.7,-0.7,-0.7,-0.8,-1,-1,-1.1,0,-1.4,-1.4,-1.5,-1.6,-1.6,-1.8,-1.8,-1.8,-1.7,0.1,-1.8,-1.7,-1.7,-1.6,-1.7,-1.7,-1.6,-1.6,-1.6,0.1,-1.4,-1.4,-1.4,-1.3,-1.1,-1.2,-1.2,-1.1,-1,0.1,-0.8,-0.7,-0.6,-0.6,-0.4,-0.4,-0.4,-0.2,-0.3,0.1,-0.3,-0.1,-0.2,-0.1,-0.2,0,-0.1,0,0.1,0.1,-0.1,0,0,0,0.1,0,0,0.1,0,0.1,0.1,0,0,0,-0.1,0,0.1,0.1
0.0000472,0,0,-0.1,0,0.1,0,0,0.1,0,0,-0.2,0.1,-0.1,-0.1,-0.1,-0.2,-0.1,-0.2,-0.3,-0.2,-0.3,0.1,0,-0.4,-0.7,-0.7,-0.6,-0.9,-1,-1,-1.2,0,-1.4,-1.5,-1.5,-1.6,-1.6,-1.8,-1.7,-1.7,-1.7,0.1,-1.8,-1.8,-1.7,-1.6,-1.7,-1.6,-1.6,-1.6,-1.6,0.1,-1.5,-1.4,-1.4,-1.3,-1.1,-1.2,-1.2,-1.1,-1,0,-0.8,-0.7,-0.6,-0.5,-0.5,-0.4,-0.4,-0.3,-0.3,0,-0.1,-0.1,-0.2,-0.2,-0.1,-0.1,-0.1,0,0.1,0.1,-0.1,0,0.1,0,0.1,0,0,0.1,0,0.1,0.1,0,0,-0.1,-0.1,0.1,0.1,0.1
0.0000474,0.1,0,0,0,0,0,0,0,0,0,-0.1,0.1,-0.1,-0.2,-0.1,-0.2,-0.1,-0.2,-0.3,-0.2,-0.2,0.1,0,-0.5,-0.7,-0.7,-0.7,-0.9,-1,-1,-1.2,0.1,-1.4,-1.5,-1.5,-1.5,-1.6,-1.7,-1.7,-1.8,-1.6,0,-1.8,-1.7,-1.6,-1.7,-1.7,-1.6,-1.6,-1.5,-1.6,0.2,-1.3,-1.5,-1.4,-1.3,-1.1,-1.1,-1.1,-1.1,-1,0.2,-0.8,-0.7,-0.6,-0.6,-0.5,-0.4,-0.4,-0.4,-0.2,0.1,-0.2,-0.2,0,-0.2,-0.2,0,0,0,0,0.1,0,0,0.1,0,0,0.1,0,0,-0.1,0.1,0.2,0,0,-0.1,-0.1,0.1,0.1,0.1
0.0000476,0,0.1,0,-0.1,0,-0.1,0.1,0,0,0,0,0.2,-0.1,-0.2,0,-0.2,-0.2,-0.2,-0.3,-0.2,-0.2,0.1,0.1,-0.5,-0.7,-0.7,-0.7,-0.9,-1.1,-1.1,-1.2,0,-1.4,-1.5,-1.6,-1.6,-1.6,-1.7,-1.7,-1.8,-1.7,0.1,-1.8,-1.8,-1.7,-1.7,-1.7,-1.6,-1.6,-1.6,-1.6,0.1,-1.3,-1.5,-1.4,-1.4,-1.2,-1.1,-1.1,-1.1,-1,0.1,-0.8,-0.8,-0.6,-0.6,-0.5,-0.4,-0.4,-0.4,-0.3,0.1,-0.3,-0.1,-0.1,-0.1,-0.1,-0.1,0,0,0,0.1,0.1,0,0.1,0,-0.1,0,0,0,0,0.1,0.2,0.1,0,-0.1,0,0,0.1,0
0.0000478,0,0,-0.1,0,0,0,0,0,-0.1,0,0,0.1,-0.1,-0.2,-0.1,-0.1,-0.1,-0.2,-0.2,-0.2,-0.2,0.1,0.1,-0.5,-0.6,-0.7,-0.8,-0.8,-1,-1,-1.1,0,-1.4,-1.5,-1.6,-1.6,-1.5,-1.7,-1.6,-1.8,-1.7,0,-1.8,-1.7,-1.7,-1.6,-1.8,-1.7,-1.7,-1.6,-1.5,0.1,-1.5,-1.4,-1.3,-1.4,-1.2,-1.1,-1.2,-1.2,-1,0,-0.8,-0.8,-0.7,-0.5,-0.5,-0.5,-0.4,-0.3,-0.4,0.1,-0.1,-0.2,0,-0.2,-0.2,0,-0.1,0,0.1,0.1,0,0.1,0.1,0,-0.1,0,0.1,0,0,0,0,0.1,0.1,-0.1,0.1,0.1,0.1,0.1
0.000048,0.1,0.1,-0.1,0,0,0,0.1,0,0,0,0,0.1,-0.1,-0.1,-0.1,-0.2,-0.1,-0.2,-0.2,-0.2,-0.3,0,0,-0.5,-0.6,-0.7,-0.7,-0.8,-0.9,-1.1,-1.1,0,-1.4,-1.4,-1.5,-1.6,-1.6,-1.8,-1.7,-1.7,0,0.1,-1.7,-1.7,-1.7,-1.8,-1.6,-1.7,-1.7,-1.6,-1.6,0.1,-1.4,-1.3,-1.3,-1.4,-1.1,-1.2,0,-1.1,-1,0.1,-0.8,-0.8,-0.7,-0.6,-0.5,-0.5,-0.4,-0.4,-0.3,0.1,0,-0.2,-0.2,-0.2,-0.1,-0.1,-0.1,-0.1,0,0.2,0,0.1,0.1,0,0,0,0,0,0,0.1,0,0.1,0.1,-0.1,0.1,0.1,0.1,0
0.0000482,0.1,0.1,-0.1,-0.1,0,0,0,0,0,-0.1,0.1,0.1,-0.1,-0.1,-0.1,0,-0.2,-0.2,-0.2,-0.2,-0.2,0.1,0,-0.6,-0.6,-0.7,-0.7,-0.8,-0.9,-1.1,-1.2,0.1,-1.4,-1.5,-1.6,-1.5,-1.5,-1.6,-1.7,-1.8,0.1,0.1,-1.7,-1.8,-1.7,-1.8,-1.7,-1.6,-1.7,-1.6,-1.5,0.1,-1.4,-1.4,-1.4,-1.3,-1.3,-1.2,0,-1.2,-1,0,-0.7,-0.7,-0.6,-0.5,-0.5,-0.5,-0.4,-0.4,-0.4,0.2,0.1,-0.1,-0.2,-0.2,-0.1,-0.1,-0.1,0,0,1.4,-0.1,0.1,0,0,-0.1,0,0,0,0,0.2,0,0.1,-0.1,-0.1,0,0,0,0
0.0000484,0.1,0,0,-0.1,0,0,0,0,0,0,0,0.1,-0.1,-0.1,-0.2,0.1,-0.1,-0.1,-0.2,-0.2,-0.3,0.1,0.1,-0.6,-0.6,-0.7,-0.9,-0.8,-0.9,-1.2,-1.1,0.2,-1.3,-1.5,-1.5,-1.6,-1.6,-1.6,-1.8,-1.8,0.1,0.1,-1.8,-1.7,-1.7,-1.7,-1.6,-1.7,-1.6,-1.7,-1.5,0.1,-1.4,-1.4,-1.4,-1.4,-1.2,-1.2,0.1,-1.1,-1,0,-0.8,-0.7,-0.6,-0.6,-0.5,-0.5,-0.5,-0.4,-0.3,2.4,0.1,-0.1,-0.1,-0.1,-0.1,0,-0.1,0,-0.1,4.4,-0.1,0,0,-0.1,-0.1,0,0.1,0,0,2.6,-0.1,0.1,-0.1,0,0.1,0,0,0.1
0.0000486,0,0.1,-0.1,-0.1,0,0,0,0,0,0,0,0.1,0,-0.1,-0.1,0,-0.2,-0.2,-0.2,-0.2,-0.2,0.1,0,-0.5,-0.6,-0.7,-0.8,-0.8,-0.8,-1.1,-1.1,2.7,-1.4,-1.5,-1.6,-1.5,-1.6,-1.6,-1.7,-1.8,0.1,0.1,-1.7,-1.7,-1.7,-1.7,-1.6,-1.7,-1.6,-1.7,-1.5,0.1,-1.5,-1.4,-1.4,-1.4,-1.3,-1.2,0.1,-1.1,-1.1,0.1,-0.8,-0.6,-0.6,-0.6,-0.5,-0.4,-0.4,-0.4,-0.3,5.4,0.1,-0.2,-0.2,-0.1,-0.1,0,0,0,-0.1,6.94,0,0,0,0,-0.1,0,0,0.2,0,5.5,0,0,0,-0.1,0.1,0,0,0
0.0000488,0,0.1,-0.1,0,0,0,0,0,0.1,0,-0.1,0.5,-0.1,0,-0.1,0,-0.1,-0.2,-0.2,-0.2,-0.3,0.1,0.1,-0.5,-0.6,-0.7,-0.7,-0.8,-0.9,-1,-1.1,5.7,-1.3,-1.4,-1.6,-1.5,-1.6,-1.6,-1.8,-1.8,0,0.2,-1.7,-1.6,-1.7,-1.7,-1.7,-1.6,-1.6,-1.7,-1.4,0,-1.5,-1.4,-1.4,-1.3,-1.3,-1.2,0.1,-1.1,-1.1,0.1,-0.8,-0.6,-0.6,-0.5,-0.5,-0.4,-0.4,-0.4,-0.3,6.39,0,-0.1,-0.2,-0.1,-0.1,-0.1,-0.1,-0.1,-0.1,4,-0.1,0,0.1,0,-0.1,0,0,0.1,0,6.15,-0.1,0.1,-0.1,-0.1,0,0,0,0
0.000049,0,0.1,0,0,0,0,0,-0.1,0.1,0,-0.1,3.4,-0.1,0,-0.1,-0.1,-0.1,-0.1,-0.2,-0.2,-0.2,0,0,-0.5,-0.6,-0.7,-0.9,-0.8,-0.9,-1,-1.1,5.99,-1.3,-1.4,-1.6,-1.5,-1.5,-1.7,-1.7,-1.7,0.1,1.3,-1.7,-1.6,-1.6,-1.7,-1.6,-1.7,-1.6,-1.6,-1.5,0,-1.4,-1.4,-1.4,-1.4,-1.2,-1.2,0.1,-1.1,-1.1,0.1,-0.7,-0.7,-0.6,-0.6,-0.5,-0.4,-0.5,-0.3,-0.3,2.91,0.1,-0.2,-0.1,0,-0.1,0,-0.1,-0.2,0,0.6,0,0,0,0,0,0,0.1,0,0.1,2.71,0,0.1,0,-0.1,0,0.1,0,0
0.0000492,-0.1,0.1,0,0,0,0,0,-0.1,0,0,-0.1,6.44,0,-0.1,0,-0.1,-0.1,-0.2,-0.2,-0.3,-0.2,0.1,0,-0.4,-0.6,-0.7,-0.8,-0.8,-0.9,-0.9,-1.2,2.61,-1.4,-1.4,-1.5,-1.6,-1.6,-1.6,-1.6,-1.8,0.1,4.3,-1.7,-1.7,-1.7,-1.7,-1.7,-1.7,-1.6,-1.5,-1.6,0.1,-1.4,-1.4,-1.3,-1.3,-1.3,-1.2,0.1,-1.2,-1.1,0.1,-0.8,-0.7,-0.6,-0.6,-0.5,-0.5,-0.5,-0.4,-0.3,-0.04,0,-0.1,-0.1,0,-0.1,-0.1,-0.1,-0.1,0,0.09,0,-0.1,0,-0.1,0,0,0,0.1,0,-0.04,0.1,0,0,0,0,0,0,0
0.0000494,0,0.1,0,0,0,-0.1,0,0,0,0,-0.1,5.11,-0.1,0,-0.1,-0.1,-0.2,-0.2,-0.2,-0.2,-0.3,0.2,0,-0.5,-0.6,-0.7,-0.8,-0.8,-0.9,-0.9,-1.1,-0.09,-1.4,-1.4,-1.6,-1.6,-1.5,-1.6,-1.6,-1.7,0.1,6.91,-1.7,-1.6,-1.7,-1.6,-1.7,-1.7,-1.6,-1.5,-1.4,0.4,-1.4,-1.5,-1.4,-1.4,-1.2,-1.2,0,-1,-1.1,0.1,-0.8,-0.6,-0.6,-0.5,-0.5,-0.4,-0.4,-0.3,-0.3,0.08,0.1,-0.2,0,0,-0.1,-0.1,0,0,0.1,0.13,0,0,-0.1,-0.1,0,0,0.1,0.1,0,0.13,0,0,0.1,0.1,0,0.1,0,0.1
0.0000496,0.1,0,0,0,-0.1,0,0.1,-0.1,0.1,0,-0.1,1.82,0,-0.1,-0.1,-0.2,-0.2,-0.2,-0.2,-0.2,-0.3,1.9,0,-0.5,-0.6,-0.7,-0.8,-0.9,-0.9,-0.9,-1.1,0.08,-1.4,-1.4,-1.5,-1.6,-1.6,-1.7,-1.6,-1.7,0.1,4.11,-1.7,-1.6,-1.7,-1.6,-1.7,-1.7,-1.7,-1.5,-1.6,3.2,-1.4,-1.4,-1.4,-1.4,-1.2,-1.2,0,-1.1,-1,0.2,-0.8,-0.6,-0.7,-0.6,-0.5,-0.4,-0.4,-0.3,-0.3,0.09,0,-0.2,-0.1,-0.1,-0.1,-0.1,0,-0.1,0,0.13,0,0,0.1,0,0,0.1,0,0,0,0.13,0,0,0.1,0.1,0,0.1,0,0
0.0000498,0,0,0,-0.1,0,0,0,0,-0.1,-0.1,0,0.08,0,-0.1,-0.1,-0.1,-0.2,-0.2,-0.2,-0.2,-0.2,4.9,0,-0.6,-0.6,-0.7,-0.7,-0.8,-0.9,-1,-1.1,0.04,-1.4,-1.5,-1.5,-1.6,-1.5,-1.7,-1.6,-1.8,0,0.82,-1.7,-1.6,-1.7,-1.6,-1.7,-1.6,-1.6,-1.5,-1.5,6.17,-1.4,-1.4,-1.4,-1.3,-1.2,-1.2,0,-1.1,-1,2.8,-0.7,-0.8,-0.6,-0.5,-0.5,-0.4,-0.4,-0.3,-0.4,0.08,0.1,-0.1,-0.1,-0.1,-0.1,-0.1,-0.1,0,0.1,0.08,-0.1,0,0.1,0,0,0,0,0,0,0.08,0,0.1,-0.1,0,0,0,0,0.1
0.00005,0,0,0,-0.1,0,0,0,0,0,0,0,0.09,0,-0.2,-0.2,-0.2,-0.2,-0.1,-0.2,-0.2,-0.3,6.84,0,-0.6,-0.6,-0.7,-0.8,-0.8,-0.9,-1.1,-1.1,0.04,-1.4,-1.5,-1.4,-1.6,-1.6,-1.7,-1.7,-1.8,-0.1,0.04,-1.8,-1.7,-1.7,-1.6,-1.6,-1.7,-1.5,-1.5,-1.5,5.46,-1.4,-1.4,-1.4,-1.4,-1.1,-1.2,0,-1,-1,5.7,-0.8,-0.7,-0.6,-0.6,-0.5,-0.4,-0.5,-0.3,-0.3,0.08,0.1,-0.1,0,-0.2,-0.1,-0.2,-0.1,0,0,0.13,-0.1,0,0.1,-0.1,0,0,0.1,0.1,0,0.13,-0.1,0.1,-0.1,0,0,0,0,0.1
0.0000502,0.1,0.1,0,-0.1,0,0.1,0,-0.1,0,0,0,0.04,0,-0.1,-0.1,-0.1,-0.1,-0.2,-0.1,-0.2,-0.2,3.41,0.1,-0.5,-0.6,-0.7,-0.8,-0.8,-0.8,-1,-1.1,0.13,-1.3,-1.5,-1.4,-1.6,-1.6,-1.7,-1.7,-1.8,0.1,0.04,-1.6,-1.7,-1.7,-1.7,-1.6,-1.7,-1.6,-1.5,-1.5,2.11,-1.5,-1.4,-1.3,-1.4,-1.2,-1.2,0,-1.1,-1.1,5.95,-0.8,-0.8,-0.7,-0.6,-0.5,-0.4,-0.4,-0.3,-0.3,0.09,0.1,-0.2,0,-0.2,-0.1,-0.1,-0.1,0,0,0.13,0,0,0,0,-0.1,0,0,0.1,0,0.08,0,0,0,0,0,0,0,0.1
0.0000504,0,0.1,0,0,0.1,0,0,0,0,0,0,0.13,0,-0.1,-0.1,-0.2,-0.2,-0.2,-0.2,-0.2,-0.3,0.18,0,-0.5,-0.6,-0.7,-0.8,-0.8,-0.9,-1,-1,0.18,-1.4,-1.4,-1.4,-1.5,-1.6,-1.7,-1.7,-1.8,0,0.04,-1.8,-1.7,-1.7,-1.7,-1.6,-1.6,-1.6,-1.4,-1.4,0.04,-1.5,-1.4,-1.3,-1.3,-1.3,-1.2,0.1,-1.1,-1.1,2.6,-0.8,-0.7,-0.7,-0.5,-0.5,-0.4,-0.4,-0.3,-0.4,0.13,0.1,-0.1,-0.1,-0.2,-0.1,-0.1,-0.1,-0.1,0,0.18,-0.1,0,0,0,0.1,0,0,0.1,0,0.08,-0.1,0,-0.1,0,0,0,0,0.1
0.0000506,-0.1,0.1,0,0,0,0,0,-0.1,0,0,0,0.13,-0.1,-0.1,-0.1,-0.1,-0.2,-0.1,-0.2,-0.3,-0.2,0.08,0.1,-0.5,-0.7,-0.7,-0.8,-0.8,-0.9,-1,-1.1,0.13,-1.3,-1.4,-1.4,-1.4,-1.5,-1.6,-1.7,-1.7,-0.1,0.04,-1.7,-1.7,-1.6,-1.7,-1.5,-1.7,-1.6,-1.5,-1.5,0.08,-1.4,-1.4,-1.3,-1.4,-1.2,-1.2,0.1,-1.1,-1.1,0,-0.7,-0.7,-0.7,-0.6,-0.5,-0.4,-0.5,-0.4,-0.3,0.08,0,-0.2,-0.2,-0.2,-0.1,0,-0.2,-0.2,0,0.08,0,0,0.1,0,0,0.1,0.1,0.1,0,0.08,0,0,0,0,0,0.1,0,0.1
0.0000508,0,0.1,-0.1,0,0,0.1,0,-0.1,-0.1,0,0,0.22,-0.1,-0.1,0,-0.1,-0.1,-0.2,-0.2,-0.3,-0.2,0.13,0,-0.5,-0.5,-0.7,-0.7,-0.8,-0.9,-1.1,-1.1,0.08,-1.3,-1.4,-1.5,-1.6,-1.6,-1.6,-1.7,-1.8,0,0.13,-1.7,-1.7,-1.7,-1.7,-1.5,-1.7,-1.5,-1.6,-1.6,0.04,-1.4,-1.4,-1.3,-1.3,-1.2,-1.2,0,-1.1,-1.1,0.08,-0.8,-0.7,-0.6,-0.6,-0.5,-0.5,-0.5,-0.3,-0.2,0.04,0,-0.1,-0.1,-0.2,-0.1,-0.1,-0.1,-0.1,0,0.13,0,0.1,-0.1,-0.1,-0.1,-0.1,0,0,0,0.08,0.1,0,0,0,0,0,0,0
0.000051,0,0,0,0,0,0,0,0,0,0,0,0.13,-0.2,0,-0.1,-0.2,-0.1,-0.2,-0.2,-0.3,-0.3,0.04,0.1,-0.5,-0.6,-0.7,-0.7,-0.8,-0.9,-1,-1.2,0.04,-1.3,-1.4,-1.6,-1.4,-1.5,-1.8,-1.7,-1.7,0,0.08,-1.7,-1.7,-1.7,-1.7,-1.5,-1.7,-1.5,-1.6,-1.4,0.09,-1.4,-1.4,-1.3,-1.4,-1.2,-1.2,0.1,-1.1,-1.1,0.08,-0.8,-0.6,-0.6,-0.5,-0.5,-0.5,-0.4,-0.3,-0.2,0.08,0,-0.2,-0.1,0,-0.1,-0.1,0,0,0,0.08,0,0,0.1,-0.1,0,0,0.1,0,0,0.04,0,0.1,0.1,0,0,0.1,0,0
0.0000512,-0.1,0,0.1,0,0,0,0.1,0.1,0,0.1,0,0.18,0,0,0,0,0,0,0,0.1,-0.2,0.08,0.1,0,0,0,0,0,0,0,0,0.13,0.1,-0.1,0,0,0.1,0,0,0,0.1,0.08,0.1,0.1,0,0.1,0.1,0,0.2,0.2,0.1,0.09,0,0.2,0.1,0,0,0.1,0.2,0,0,0.13,0,0.1,0,0,0,0,0,0,0,0.13,0,0,0,0,0,0,0,0,0,0.09,0,0,0,0,0,0,0,0.1,0.1,0.04,0.1,0.1,0,0,-0.1,0,0,0
0.0000514,-0.1,0.1,0.1,0,0.2,0.1,0.1,0,0,0,0.1,0.13,0,0.1,0,-0.1,0.1,0,0,0,0,0.13,0,0,0,0.1,-0.1,0,0,0,0,0.13,0,0,0.1,0,0.1,0,0,0,0.1,0.18,0,0,-0.1,0.1,0.1,0.1,0.1,0.1,0.1,0.13,0.1,0,0.1,0,0,0.1,0.1,0,0,0.09,0.1,0,0.1,0,0,0,0,0,0,0.08,0,0,0,0,0,0.1,0,0,0.1,0.09,0,0,0.1,0,0,0.1,0.1,0.1,0.1,0.13,0,0.1,0,0,0,0,0,0.1
0.0000516,0,0.1,0,-0.1,0,0,0,0,0,0.1,0,0.08,0,0,0,0.1,0,0,0,0,0.1,0.13,0.1,0,0,0,-0.1,0,0,0,0,0.13,0.1,0,0,0.1,0,0.1,0.1,0,0.2,0.08,0.1,0.1,0,0.1,0.2,0.1,0,0.1,0,0.08,0,0.1,0.1,0,0,0.1,0.1,0.1,0.1,0.09,0.2,0.1,0.1,0,0,0.1,-0.1,0,0,0.09,0,0.1,0.1,0.1,0.1,0,0.1,0,0,0.04,0.1,0.1,0,0,0.1,0.1,0.1,0.2,0.1,0.04,0,0.1,0.1,0,-0.1,-0.1,0,0
0.0000518,0,0.1,-0.1,0,0.1,0,0,0,0.1,0.1,0.1,0.08,0,0,0,0.1,-0.1,0,0,0.1,0,0.08,0.1,0,0,0,-0.1,0,0.1,0.1,0,0.04,0,0,0,0.1,0,0.1,0.1,0.1,0.1,0.08,0,0.1,0,0,0,0,0.1,0.1,0,0.08,0.1,0.1,0,0,0,0.1,0.1,0,0,0.09,0,0.1,0.1,0,0.1,0.1,0,0.1,0.1,0.08,0,0,0,0.1,0.1,0,0.1,0,0.1,0.13,0,0.1,0,0,0,0.1,0.1,0.1,0.1,0.08,0,0,0.1,0,0,0,0,0
0.000052,0.1,0.1,0,0,0,0.1,0.1,0,0.1,0.1,0.1,0.09,0,0,0,0.1,0,0,0,0,0,0.08,0,0,0,0.1,0,0,0.1,0.1,0.1,0.08,0.1,0,0,0.1,0.2,0,0.1,0.1,0,0.04,0,0.1,-0.1,0.2,0.1,0.1,0,0.1,0.1,0.08,0.1,0.1,0.2,0,0,0.1,0.1,0.1,0.1,0.04,0,0,-0.1,-0.1,0.1,0.1,0,0,0,0.08,0,0.1,0,0.1,0,0,0.1,0,0.2,0.08,0.1,0.2,0,0.1,0,0.1,0.1,0,0.1,0.13,0,0,0.1,0.1,0.1,-0.1,0.1,0
0.0000522,0,0,0,0,0.1,0,0,0.1,0,0.1,0.1,0.08,0,0.1,0,0,0,0.1,0,0,0.2,0.08,-0.1,0,0.1,0.1,-0.1,0,0.1,0.1,-0.1,0.04,0,0,0.1,0.1,0,0.1,0,0.1,0,0.09,0,0.1,0,0.2,0.2,0,0,0.1,0.1,0.08,0,0,0.1,0,0.1,0.1,0,0.1,0,0.08,0.1,0,0,-0.1,0,0.1,0.1,0,0,0.08,0,0.1,0,0,0.1,0,0.1,0,0.1,0.04,-0.1,0.1,0.1,0.1,0.1,0.1,0,0,0.1,0.09,0,0.1,0.1,0,0.1,-0.1,0,0
0.0000524,0,0,-0.1,0.1,0.2,0,0,0,0.1,0,0.1,0.08,0,0.1,0.2,0.1,0,0.1,0,0.1,0,0.08,-0.1,0.1,0,0,0,0,0.1,0,0,0.08,0.1,0,0,0,0.1,0.1,0,0.2,0,0.13,0,0.1,0.1,0.1,0.1,0,0,0.2,0,0.08,0.1,0,0.1,0,0.2,0.1,0.1,0,0,0.08,0.1,0,0.1,0,0.1,0.1,0.1,0,-0.1,0.08,0,0.1,0.1,0.1,0.1,0,0.1,0,0,0.13,0,0.2,0,0.1,0.1,0.1,0.1,0.1,0.2,0.09,0.1,0.1,0,0,0.1,0,0,0
0.0000526,0.1,0,0,0.1,0.1,0.1,0,0,0,0,0,0.08,0,0.1,0.1,0.1,0,0.1,0,0.1,0.1,0.13,0,0.1,0.1,0,0,0.1,0,0.1,-0.1,0.08,0.1,0,0,0,0,0.1,0.1,0.1,0,0.13,0,0.1,0.1,0.1,0.1,0,0,0.1,0.1,0.13,0,0,0.2,0.1,0.2,0.1,0.1,0.1,0.1,0.18,0,0.1,0,0,0,0.1,0,0,0,0.09,0,0,0,0,0.1,0,0,0,0.1,0.08,0,0,0,0.1,0.1,0,0,0.2,0.2,0.08,0,0,0.2,0,0.1,0.1,0,0
0.0000528,0,0,0.1,0,0,0,0.2,0.1,0,-0.1,0.1,0.08,0,0,0.1,0,0,0.1,0,0,0.1,0.08,0,0.1,0,0,0.1,0.1,0.1,0,0,0.08,0.1,0,0,0.1,0.1,0.1,0,0,0,0.13,0.1,0.1,0,0.2,0.1,0,0,0.1,0.1,0.08,0.1,0,0.2,0.1,0.1,0.1,0,0,0,0.04,0.1,0,0,0.1,0,0.1,0,0,0,0.08,0,-0.1,0,0,0.1,0,-0.1,0.1,0,0.08,0,0.1,0,0.1,0.1,0,0.1,0,0.1,0.08,0.1,0.1,0,0,0.1,0.1,0,0
0.000053,0,0,0.1,0.1,0,0,0.1,0.1,0.1,0,-0.1,0.08,0,0,0,0,0.1,0,0.1,0.1,0,0.08,-0.1,0,0,0.1,0.1,0,0,0,0,0.04,0.1,0.1,-0.1,0,0,0.1,0,0.1,0,0.13,0,0.1,0,0.1,0.1,-0.1,0.1,0.1,0,0.09,0,0.1,0.1,0.1,0.1,0,0,0,0,0.13,0.1,0,0,0.1,0,0,0,0,0,0.08,0,0,0,0.1,0.1,0,0,0.2,0,0.13,0,0.1,0,-0.1,0.1,0,0,0.1,0,0.13,0.1,0.1,0.1,0,0.1,0.1,0.1,0
0.0000532,-0.1,0.1,0,0.1,0,0.1,0.1,0.1,0,0.1,0.1,0.13,0,0,0,0,0.1,0,0.1,0,0,0.08,-0.1,0.1,0,0,0.1,0.1,0,0,0,0.09,0.1,0.1,0,0,0.1,0,0,0,0.1,0.13,0.1,0.1,0.1,0.1,0.1,0.1,0.1,0.2,0,0.08,0.1,0.1,0.1,0.1,0.1,0,0,0.1,0,0.13,0.1,0,0,0.1,0.1,0.1,0,0.1,0,0.08,0.1,-0.1,0,0.1,0,0,0,0.1,0.1,0.13,0.1,0,0.1,0,0.1,0,0,0,0,0.09,0.1,0,0,0.1,0.1,0.1,0,0.1
0.0000534,-0.1,0.1,0.1,0,-0.1,0.1,0,0,0,0,0,0.08,0,0,0,0,0.1,0,0.1,0,0,0.08,-0.1,-0.1,0,-0.1,0.1,0.1,0,0,0,0.04,0,0.1,-0.1,0,0.1,0.1,0.1,0,0,0.04,0.2,0,0.1,0.1,0.2,0.1,0.2,0.1,0,0.13,0.1,0.1,0.1,0.1,0,0,0,0.1,0,0.08,0,0,0,0,0.1,0,0,0,0,0.08,0.1,-0.1,0,0.1,0.1,0,0,0.1,0.1,0.08,0,0,0.1,0,0.1,0,0.1,0.1,0,0.08,0.1,0.1,0.1,-0.1,-0.1,0.1,0,0.1
0.0000536,-0.1,0,0,0,0.1,0,0.1,0.1,0,0.1,0,0.08,0,0,0,-0.1,0.1,0.1,0.1,0.1,0,0.04,0,0.1,0,0,0,0,0,0,0,0.13,0,0.1,0,0,0,0,0,0,0.1,0.08,0.1,0,0.2,0.1,0.1,0,0.2,0.1,0.1,0.08,0.2,0.1,0,0.1,-0.1,0,0.1,0,0,0.04,0,0,0,0.1,0,0,0,-0.1,0,0.08,0,0,0,0.1,0,0,0,0.1,0.1,0.13,0.1,0,0,0,0.1,0.1,0.1,0.1,0,0.08,0,0,0.1,0,-0.1,0.1,0,0.1
0.0000538,-0.1,0,0,-0.1,0,0,0,0,0,0,0.1,0.13,0,0,0,0,0,-0.1,0.1,0.1,0,0.04,0,0,0,0,0,0,-0.1,0,0,0,-0.1,0.1,0,0,0.1,-0.1,0.1,-0.1,0.1,0.04,0.2,0,0.1,0.1,0.2,0.1,0.2,0.1,0.1,0.08,0.1,0.2,0,0.1,0,0,0.1,0,0,0.13,0,0,0,0.1,0.1,0.1,0.1,0,0,0.08,0.1,0,0.1,0,0,-0.1,0,0,0,0.09,0,0.1,0.1,0,0.1,0,0.1,0.1,0,0,0.1,0,0,-0.1,-0.1,0,0,0
0.000054,0,0,0.1,-0.1,0.1,0.1,0,0,0,0.1,0.1,0.13,0,0,0,0,0.1,-0.1,0,0,0.1,0.13,0,0,0,-0.1,0.1,0.1,0.1,0.1,0,0.08,0,-0.1,0,0,0,-0.1,0,0,0.2,0.08,0.2,0,0,0.1,0.2,0,0.1,0.1,0.1,0.08,0.1,0,0,0.1,-0.1,0,0.1,0.1,0.1,0.04,0,0.1,0.1,0,0.1,0.1,0.1,0,0,0.08,0,0,0,0,0,0,0,0,0.1,0.09,0,0,0.1,-0.1,0,0,0,0,0,0.13,0.1,0.1,0.1,-0.1,-0.1,0,0,0
0.0000542,0,0,0,0,0.2,0.1,0,0,0,0,0,0.04,0,0,0,0.1,0,0,0.1,0.1,0,0.08,0,0.1,0,0,0.1,0.1,0,0.1,-0.1,0.08,0.1,-0.1,0.1,0,0.1,-0.1,0,0,0,0.08,0,0,0,0.1,0.2,0.1,0,0.1,0.1,0.08,0.1,0,0,0,0.1,0.1,0.1,0,0.1,0.13,0,0,0,-0.1,0.1,0.1,0,0,0,0.08,0.1,0,0.1,0.1,0,0,0,0,0.1,0.13,-0.1,0.1,0.1,0,0,0,0,0,0.1,0.17,0,0.1,0.1,0,0,0,0,0
0.0000544,0,0,0,0,0.1,0.1,0.1,0,0,0.1,0.1,0.04,0,0,0.1,0,-0.1,0,0.1,0.1,0.1,0.13,0.1,0,0,0,0.1,0,0,0.1,0,0.13,0,-0.1,0.1,0,0.1,0,0,0,0.1,0.08,0.1,0,0,0.1,0.1,0,0,0.2,0.1,0.08,0.1,0.1,0,0,0,0.2,0.1,0.2,0,0.13,0,0,-0.1,0,0.2,0.1,0,0,0,0.18,0,0.1,0.1,0,0.1,0,0,0,0,0.08,-0.1,0.1,0.1,0,0,0,0,0,0,0.09,0.1,0.1,0.2,0,0,0,0,0
0.0000546,0,0.2,-0.1,0.1,0.1,-0.1,0.1,0.1,0,0,0,0.13,0,0,0,0.2,-0.1,0,0.1,0,0.1,0.13,0,0.1,0,0,0,-0.1,0,0.1,0,0.04,0.1,-0.1,0.2,0,0,0,-0.1,0.1,0.1,0,0,0,0,0.1,0.1,0.1,-0.1,0.1,0.1,0.09,0.1,0,0,0,0,0.1,0,0.1,0.2,0.13,0,0.1,0.1,-0.1,0.1,0.1,0,0,0,0.08,0.2,0.1,0.1,0,0.1,0,0,0,0.1,0.04,-0.1,0.1,0.1,0.1,-0.1,0,0.1,0,0,0.09,0,0.1,0.1,0.1,0.1,-0.1,0,0
0.0000548,0,0,0,0.1,0.1,0.1,0.1,0,0.1,-0.1,0.1,0.08,0,0,0.1,0.1,-0.1,0,0.1,0,0.1,0.13,0.1,0.1,0,0,0,0,0,0,0,0.04,0,0,0.1,0,0.1,0.1,0,0.2,0.1,0.08,0,0,0.1,0.1,0.1,0,0,0.1,0.1,0.04,0.2,0,0.1,0,0.1,0.1,0.1,0,0.1,0.08,0.1,0,0,-0.1,0.1,0.1,0.1,0.1,0,0.08,0.1,0.1,0.1,0.2,0.1,0,0,0,0.1,0.13,0,0.1,0.1,0.1,0,0.1,0.1,0.1,0,0.18,0.1,0,0.1,0.1,0.1,-0.1,0,0
0.000055,0,0.1,0,0.2,0.1,0,0.1,0.1,0,-0.1,0,0.13,0,0.1,0.1,0.1,-0.1,0,0.1,0,0.1,0.08,0.2,0,0,0,-0.1,0,0,0,-0.1,0.08,0.1,0,0.1,0,0,0,0,0.1,0.1,0.04,0,0,0.1,0.1,0.2,0,0,0.1,0.1,0.04,0.1,0.1,0.1,0,0.2,0.1,0,0.1,0,0.04,0,0,0,0.1,0.1,0,0,0.1,-0.1,0.04,0.1,0,0.1,0.1,0.1,0.1,0,0,0.1,0.08,0,0.1,0.1,0.1,0,0.1,0,0,0.1,0.08,0.1,0,0.1,0.1,0.1,0,0,0
0.0000552,0,0.1,0,0.1,0,0,0.1,0.1,0,0,0,0.09,0,0,0.1,0.1,0,0.1,0,0,0,0.09,0,0,0,0.1,0,0.1,0,0,0,0.13,0,0,0,0,0.1,0,0,0.1,0,0,0,0,0.1,0.1,0.1,0,0,0.1,0.1,0.04,0.1,0,0.1,0.1,0.2,0.1,0,0.1,0,0.04,0,0,0,0,0.2,0.1,0,0.1,0.1,0.08,0.1,0,0.1,0.1,0,0.1,0.1,0,0.1,0.13,0.1,0.1,0.1,0.1,0,0,0,-0.1,0,0.09,0.1,0,0,0,0.1,0,0,0
0.0000554,0,0.1,0,0.1,0,0,0.1,0,-0.1,-0.2,0,0.08,0.1,0,0.1,0,0.1,0.1,0,0,0,0.04,0.1,0,0,0,0,0,0,0,0,0,0.1,0.1,0.1,0,0,0,0.1,0.1,0.1,0.04,0,0.1,0.2,0.1,0.1,0,0.1,0.1,0.1,0.04,0.1,0.1,0.1,0.1,0.1,0.1,0.1,0.1,0,0,0,0.1,-0.1,0,0.1,0.1,0,0.1,0.1,0.08,0.1,0,0,0.1,0,0,0.1,0,0,0.13,0.1,0,0.1,0,0.2,0.1,0.1,0,0,0.13,0.1,0,0,0,0.1,0.1,0,0
0.0000556,0.1,0.2,0,0,0,0,0.1,0.1,0.1,-0.1,0,0.08,0,0,0.2,0,0,0,0,0,0,0.08,0.1,0.1,0,0.1,0,0.1,0,0,0,0.08,0.1,0.1,0,0,0.2,0,0,0,0.1,0.04,0.1,0.1,0,0.1,0.1,0,0.1,0.1,0.1,0.04,0.1,-0.1,0.1,0.1,0,0,0,0.1,0,0.08,0.1,0.1,0,0.1,0,0.1,0.1,0.1,0,0.04,0.2,0.1,0,0.1,0.1,0.1,0.1,0,0.1,0.08,0.1,0,0,0,0.1,0,0.1,-0.1,0,0.08,0,0,0,0,0.1,0.1,0,0.1
0.0000558,0,0,0,0,0.1,0.1,0,0.1,0.1,0,0,0.04,0,0,0,0.1,0,0,0,0,0.1,0.13,0,0,0.1,0,-0.1,0.1,0,-0.1,0,0,0.1,0.1,-0.1,0.1,0.1,0.1,0.1,0,0.1,0.04,0.1,0.2,0.1,0.1,0.1,0,0,0.1,0.1,0.08,0,0,0.1,0,0,0,0.1,0,0,0.08,0.1,0.1,0,0,0,0,0,-0.1,0,0.13,0.2,0.1,0,0.1,0.1,0,0.1,0,0.1,0.08,0.1,0,0.1,0,0.2,0.1,0,-0.1,0.1,0.04,0,0.1,0,0,0.1,0.1,0,-0.1
0.000056,-0.1,0,0,0.1,0.2,0,0.1,0,0,0,0.1,0.08,0,0,0.1,0.1,0.1,0,0,0.1,0.1,0.13,0,0.1,0,0,0,0.1,-0.1,0,0,0.08,0,0.1,0.1,0,0.1,0.1,0.1,0.1,0.1,0,0.1,0.2,0.1,0.1,0.1,0.1,0,0.1,0.1,0.04,0.1,0.1,0,0.1,-0.1,0.1,0.1,0.1,0,0,0.1,0,0,0,0,0,0.1,0.1,0.1,0.04,0,0.1,0,0,0.2,0,0,0,0.1,0.08,0.1,0,0.1,0,0,0,0.1,-0.2,0,0,0.1,0.1,0,0,0,0.1,0.1,0
0.0000562,0,0.2,0,-0.1,0.3,0,0.1,0,0,0.1,0,0.13,0,0,0.1,0,0.1,0,0,0.1,0,0.13,0,0,0,0.1,0,0,-0.1,0,0,0,-0.1,0.1,0,0,0.1,0,0.1,0,0,0.04,0.1,0.2,0.1,0.1,0.1,0,0.1,0.2,0.1,0.04,0,0,0,0.1,0,0.1,-0.1,0.1,0,0,0,0,0.1,0,0,0.1,0,0,-0.1,0.04,0,0,0,0,0.1,0,0,0,0.2,0.08,0,0,0.1,-0.1,0,0,0,0.1,0,0.08,0.1,0.1,0.1,0,0,0.1,0,0
0.0000564,0,0.1,0,0,0,0,0.1,0,-0.1,0,0,0.04,0,0.1,0.1,0,0,0,0,0.1,0,0.13,0,0.1,0,0,0.1,0,-0.1,0.1,-0.1,0.13,0,0.1,0,0,0.1,0,0.1,0,0.1,0.08,0.1,0.2,0.1,0.2,0.1,0,0.1,0.1,0.1,0.13,0,0.1,0,0,0,0.1,0.4,0.1,0,0.13,0,0,0,0.1,0,0.1,0.1,0,0,0.04,0.1,0.1,0.1,0,0,0,0,0,0,0.04,0,0,0.1,0,0,0,0.1,0.1,0,0.13,0,0,0,0,0,0,-0.1,0
0.0000566,0,0,0,0,0,0,0,-0.1,0,0,0.1,0.13,0,0,0,0,0,0,0,0.1,0,0.04,0.1,0.1,0.1,0.1,0.1,0.1,0,0.1,0,0.08,0.1,0,0,0.1,0,-0.1,0.1,-0.1,0.1,0.04,0.1,0.1,0.1,0.2,0.1,0,0.1,0.1,0.1,0.04,0.1,0.1,0,0,0.1,0.1,0,0.1,0,0.04,0,0.1,0,0,0.1,0,0.1,0,0.1,0.04,0.1,0,0,-0.1,0.1,0,0,0,0.1,0.08,0,0.1,0.1,0,0,-0.1,0,0,0,0.09,0.1,0,0.1,0,0,0.1,-0.1,-0.1
0.0000568,0,0.1,0.1,0,0.1,0.1,0,0.1,0.1,0,0.1,0.09,0,0.1,0.1,0,0,0,0,0.1,0,0.13,0,0,0,0.1,0,0.1,0,0.1,0.1,0,0.1,0,0,0,0,-0.1,0,0,-0.1,0.08,0.1,0,0,0.1,0,0.1,0.1,0.2,0.2,0,0.1,0.1,0,-0.1,0,0.1,0,0.1,0,0.08,0.1,-0.1,0,0,0,0.1,0,-0.1,0,0.04,0.1,0,0.1,0,0,0,0,0,0,0.04,0,0.1,0,0,0,0,-0.1,-0.1,0,0.08,0.1,0.1,0,0,0,0.1,-0.1,-0.1
0.000057,0,0.1,0.1,0,0.1,0,0,0,0.1,0.1,0.1,0.08,0,0,0.1,0,-0.1,0,0,0.1,0.1,0.04,0.1,0,0,0,0,0.1,0,0.1,-0.1,0.08,0.1,-0.1,0,0,0.1,0,0,0,-0.1,0.04,0,0,0,0.1,0.1,0.1,0.1,0.1,0.2,0.04,0,0.2,0.1,0,0,0.1,-0.1,0.1,0.1,0.04,0.1,0,0.1,0,0.1,0,0,0,0.1,0.04,-0.1,0.1,0.1,0,0.1,0,0,0,0,0.04,-0.1,0.1,0,0,0,0,0,0,0,0.08,0,0.1,0,0,0.1,0.1,0,0
0.0000572,0,0.1,0.1,0,0,0,0,0,0.1,0.1,0.1,0.04,0,0.1,0.1,0.1,0,0,0.1,0.1,0,0.08,0.1,0.1,0.1,0,0.1,-0.1,0,0.1,0,0.08,0.1,0.1,0,0,0,0.1,0,0,0.1,0.04,0,0,0.1,0.1,0,0.1,0,0.1,0.1,0.04,0,0.2,0.1,0,0,0.1,-0.1,0.1,0,0.13,0,0,0,0,0,0.1,0,-0.1,0,0.08,0.1,0,0.1,0,0,-0.1,0,0.1,0,0.08,0,0.1,0,0.1,0,0,-0.1,0,0,0.08,0,0.1,0,0,0,0,0,0
0.0000574,0,0.1,0,0.1,0.1,0.1,0.2,0.1,0.1,0,0.1,0,0,0,0.1,0,0,0,0.1,0,0.1,0.04,0.1,0.1,0,0,0,-0.1,0.1,0,-0.1,0.09,0.1,0,-0.1,0.1,0,0.1,0,0.1,0.1,0.04,0,0,0,0.1,-0.1,0,0.1,0,0.1,0.04,0,0.1,0.2,0,0,0,0,0.1,0,0,0.1,0,0,0,0.1,0,-0.1,0,0,0.04,0.1,0,0.1,0.1,0.1,0,0,0,0,0,0.1,0,0,0.1,0,0,0,0.1,0,0.04,0,0,0,0.1,0.2,0,0,0.1
0.0000576,0,0.1,0,0.1,0,0.1,0.1,0.1,0.1,0,0.1,0.08,0,0,0.1,0.1,0,0,0.1,0,0.1,0.08,0.1,0,0.1,0,0,0,0.1,0.1,0,0.08,0.1,0,0,0,0,0.1,0,0.1,0.1,0.04,0,0,0,0.1,0,0,0.1,0.1,0,0.13,0,0,0.1,0.1,0,0.1,0.1,0.1,0,0.04,0.1,0,0.1,-0.1,0.1,0.2,0,0.1,0.1,0.13,0.1,0,-0.1,0.1,0.1,0,0,0,0.1,0.13,0,0,0,0.1,-0.1,0.1,0,0,0,0.13,0,0.1,0,0,0.1,0,0,0.1
0.0000578,0.1,0.1,0,0.1,0.1,0.1,0.1,0.1,0,0,0,0.08,0.1,0,0,0.1,0,0.1,0.1,0,0,0.04,0,0,0,0,0,0.1,0.1,0,0.1,0,0.1,0,0.1,0,0.1,0.1,0,0.1,0.1,0.04,0,0,0.1,0.1,0.1,0,0,0.1,0.1,0,0.1,0.1,0.1,0,0,0,0,0.1,0.1,0.08,0.1,0.2,0.1,0,0.1,0,0,0.1,0,0.04,0,0,0,0,0.1,-0.1,0,0,0,0.13,0,0.2,0,0.1,0,0.1,0,0.1,0,0,0,0.1,0,0,0.1,0,-0.1,0
0.000058,0.1,0.1,0.1,0,0.1,0,0.1,0.1,0.1,0,0.1,0.09,0,-0.1,0,0,0,0.1,0,0,0.1,0.04,0.1,0,0,0,-0.1,0.1,0,0,0,0.04,0.1,0,0.1,0.1,0.1,0.1,0,0.1,0.1,0.04,0,0.1,0.1,0.1,0.1,0.1,0.1,0.1,0.1,0.04,0.1,0.1,0.1,0,0,0,0.1,0.2,0,0.04,0.1,0.1,0,0,0.1,0.1,0,0.1,0,0.08,0.1,0.1,-0.1,0.1,0.1,-0.1,0,0,0.1,0.08,0,0.1,0,0.1,0,0,0,0,0,0.13,0,0.1,0,0,0,0,0.1,0.1
0.0000582,0,0.1,0,0,0.1,-0.1,0.1,0.1,0.1,0,0,0.08,0,0,0.1,0,0,0.2,0,0,0,0.08,0.1,0,0,0,-0.1,0,0,0,0,0.08,0,-0.1,0.1,0,0.1,0,0.1,0.1,0,0.08,0.1,0,0.1,0.1,0.2,0,0,0.1,0.1,0,0.1,0.1,0.1,0,0,0.1,0,0.1,0,0.13,0,0.1,0,0,0.1,0.1,0.1,0.1,0,0.08,0.1,0.1,-0.1,0.1,0,0.1,0,0,0,0.08,0,0.1,0.1,0.1,0.1,0.2,0.1,0,0.1,0.08,0.1,0.1,0,0,0.1,0,0.1,0.1
0.0000584,0,0,0.1,0,0.1,0,0.1,0,0.1,0,0,0.04,0,0,0.1,0.1,0,0.2,0,0,0,0.13,0.1,0,0,0,-0.1,0,0,0,0,0.04,0.1,0,0.1,0.1,0.2,0.1,0.1,0.1,0.1,0,0,0.1,0.1,0.1,0.1,0,0.1,0.1,0.1,0.09,0.1,0.1,0.1,0.1,0,0,0,0.1,0,0,0,0.1,0.1,0,0,0,0,0,0.1,0.08,0.1,0.1,0,0.1,0.1,0.1,0,0,0.1,0.09,0.1,0,0,0,0.1,0.1,0.1,0.1,0.1,0.13,0.1,0.1,0,0,0.1,0,0.1,0
0.0000586,0.1,0.1,0.1,0,0.1,0,0.1,0,0.1,0,0.1,0.04,0,-0.1,0.1,0.1,0,0.1,0,0.1,0,0.08,0.1,0,0,0,-0.1,0,-0.1,0,0,0.08,0,0,0.1,0.1,0,0.1,0,0.1,0.2,0.08,0,0.1,0.1,0.1,0.1,0.1,0,0.1,0.1,0.09,0.1,0.1,0.1,0.1,0.1,0,-0.1,0.1,0.1,0.04,0.1,0.1,0.1,0,0.1,0,0,0.1,0,0.08,0.1,0.1,0,0,0,0,0,0,0.1,0.04,0,0,0,0,0.1,0.1,0.1,0.1,0.1,0.04,0,0,0,0,0.1,0.1,0,0
0.0000588,0,0,0.1,0,0.1,0,0.1,0,0.1,0,0,0.08,0,0,0,0,0,0.1,0,0.1,0,0.04,0.1,-0.1,0,-0.1,0,0,-0.1,0.1,0,-0.04,0,0.1,0.1,0,0,0.1,0,0.1,0,0,0,0.2,0.1,0.1,0.1,0.1,0,0.1,0.1,0.04,0.1,0.1,0.1,0.1,0.1,0.1,0,0.1,0,0.04,0.1,0.1,0,0,0.1,0.1,0,0.1,0,0.13,0.1,0,0.1,0,0.1,0.1,0,0,0.1,0.04,0,0,0.2,0,0.1,0.1,0.1,0.1,0.1,0.13,0,0.1,0,0,0,0.1,0,0
0.000059,0.1,0,0.1,0,0.1,0.1,0,0,0,0,0.1,0.09,0,0,0.1,0.1,-0.1,0,0.1,0.1,0,0.13,0.1,0,0.1,0,0,0.1,-0.1,0.2,0,0.04,0.1,0.1,0,0,0.1,0,0,0,0.1,0.04,0,0.2,0.1,0.1,0,0.1,0.1,0,0.1,0.04,0.2,0.1,0.1,0.1,0,0.1,0.1,0.2,0,0,0,0,-0.1,0,0,0.1,0.1,0,-0.1,0.04,0.1,0,0.1,0,0,0,-0.1,0.1,0,0.08,0.1,0.1,0,0.1,0.1,0.1,0.1,0.1,0,0.09,0.1,0.1,0.1,0,0,0,0,0
0.0000592,-0.1,0.1,0.1,0,0.1,0,0.1,0,0.1,0.1,0,0.08,0.1,0,0,0,0.1,0,0,0.1,0,0.08,0.1,0,0,0,0,0.1,0,0,0,0.04,0,0,0.1,-0.1,0,0,0.1,0,0.1,0.04,0,0.2,0.1,0.1,0,0.1,0.1,0.1,0.1,-0.04,0.1,0.1,0.1,0.1,0,0.1,0.1,0.1,0,0.08,-0.1,0,-0.1,0.1,0.1,0,0,0,0,0.08,0.1,0,0,0,0,0.2,-0.1,0,0,0.04,0,0,0,-0.1,0.1,0,0,0.1,0,0.04,0.1,0.1,0.1,0,0,0.2,0.1,0.1
0.0000594,0.1,0,0,0,0.1,0.1,0.1,0,0.1,0.1,0.1,0,-0.1,0,0.1,-0.1,0,0,0.1,0,0,0.04,0.1,0.1,0.1,0,0,0.1,0,0.1,0,0.08,-0.1,0.1,0.1,0,0.1,0.1,0,0,0.1,0,0.1,0.1,0.1,0.1,0.1,0.2,0.1,0.1,0.2,0.04,0,0,0.1,0.1,0.1,0.1,0.1,0.2,0,0.08,-0.1,0,0,0,0.1,0.1,0.1,0,0,0.04,0,0,0.1,0,0.1,0.1,0,0,0,0.09,0,0,0,0,0.1,0,0.1,0,0.1,0.04,0.1,0.1,0.1,-0.1,0,0.1,0,0
0.0000596,0.1,0.1,0.1,-0.2,-0.1,0,0.2,-0.1,0.1,0.1,0.2,0.08,0,0,-0.1,0,-0.1,0,0.1,0.1,0,0.04,0.1,0.1,0,0,0.1,0.1,0.1,0,-0.1,0.08,0.1,-0.1,0,0,0.1,0.1,0,0,0,0,0,0.1,0.1,0.1,0.1,0.2,0.1,0.2,0.1,0.04,0.3,0.1,0.1,0.2,0.1,0,0,0.1,0.1,0.04,0.1,0,0,0,0.1,0,-0.2,0,0,0.08,0.2,0,0.1,0,-0.1,0,0,0.1,0.1,0.04,0.1,0.1,0.1,0.1,0.1,-0.1,0,0.1,0,0.08,0.2,0.1,0.1,-0.1,0,0.1,0,0
0.0000598,0,0.1,0.1,0.2,0,0,0.3,0,0.1,-0.1,0.2,0.08,0,0,0.4,0,0,0.1,0.1,0.1,-0.1,0.04,0.1,0.1,0,0,0,0,-0.2,0,0,0.08,0.1,0.2,0,-0.1,0.4,0,0.1,-0.1,0,0.08,0.1,0.1,0.1,0,0.1,-0.1,0.1,0.1,0,0.08,0.2,0.1,0.1,0.4,0.1,0,0.1,0.1,0.1,0.04,0.3,0,0.1,0,0.1,0.1,0.4,0,0,0.08,0.1,-0.2,0.1,0.1,0.4,0,0,0,0,0.08,0,0.1,0,0.2,0,0,-0.1,0.1,0.1,0.04,0.4,0.1,0.1,-0.1,0,0.1,0.1,0
0.00006,0.1,0.1,0.1,0.2,0.1,0.1,0.1,0,0.1,0.3,0,0.04,0.1,0,0.2,-0.2,0,0.3,0.2,-0.1,0.1,0.13,0,0.1,0,0.1,0.1,0,0.1,0,0,0,0.1,0,-0.1,0.1,0.2,0,0.1,0.3,0,0.04,0,0,0,0.1,0.1,0.4,0.1,0,0.2,0.04,0.1,0.2,0.1,0,0.1,-0.2,0.1,0,0.4,0,0.1,0,0.1,0.2,0,0,0,0.1,0.1,0.04,0,0.2,0,0,0.2,0,0,0,0,0.13,0.2,0.2,0.1,0,0.1,0,0.2,0,0.1,0.08,0.1,0.1,0.1,-0.1,0.1,0,0,0
0.0000602,0.1,0.1,0.1,0,0.1,-0.2,0,0.1,0.1,0.2,0,0.08,0,0,0.1,0,0,0,0.1,0,0.1,0.08,0.1,0,0.1,0,0,0,0.2,0,0.1,0.04,0.1,0,0,0.1,0,0,0.1,0.1,0,0.09,0.1,0.1,0.1,0,0.1,0,0.1,0,0.1,0.04,0,0.2,0.2,0,0,0.3,0.1,0.1,0.3,0.08,0,0.1,0,0.1,0.1,0,0.1,0.1,0.4,0.08,0.1,0.1,0.1,0.1,0,0.1,0.1,0.1,-0.1,-0.04,0.2,0.1,0.1,0.1,0.1,0,0.1,0.1,-0.1,0.08,0.1,0,0.1,0,0,0.4,0.1,0
0.0000604,0.1,0,0.4,0,0.1,0.1,0.1,0.1,0.1,0,0.1,0.05,0,0.2,0.1,0,0.1,0,0.1,-0.1,0.1,0.08,0.1,0.1,0.3,0,0,0,0.2,-0.1,0,0,0.3,0,0,0.4,0,0,0.3,0,0,0,0,-0.2,0.2,0,-0.1,0.1,0.1,0.3,0,0,0,0.1,0.3,0.1,0,0.1,0.1,-0.1,0,0.04,0.1,0.1,0,0,0,0,0,0.1,0.3,-0.04,0.1,0,0.1,0.1,0.1,0.1,0,0,0.3,-0.09,0.1,0,0.1,0.1,0,0.2,0.1,0.1,0.2,0,0.1,0.1,0.1,0,0,0,0.1,0
0.0000606,0.1,0,0,0,0,0.1,0,0.2,0.1,0,0.1,0.08,0.1,0,-0.1,0,0,0.1,-0.1,0.1,0.1,0.08,0,0,0.3,0.1,0,0.5,-0.1,0,0.5,0,0,0.1,0,0.1,0.1,0,0.4,0.1,0.1,0,0,0.3,-0.1,0,0.2,0,0,0.2,0.1,0.04,0,0.1,0,0.1,0.1,0,0.1,0.3,0.1,0.04,0,0,0.3,0.1,0,0.3,0.1,0.1,0.1,-0.09,0.1,-0.1,0.1,0.1,0,0.1,0,0.1,0.1,-0.09,0.1,0.1,0,0,0,0.2,0,0.1,0,-0.14,0.1,0,0,0,0.2,0,0,0
0.0000608,0.1,0.4,0,0,0.1,0,0.1,0.2,0,0.1,0.2,0,0.2,0,0.1,0.1,0,0,0,0,0.1,0.13,0.1,0.1,0,0.1,0,0.1,0.1,0,0,-0.18,0,0.1,0.2,0.1,0,0.1,0,0,0.1,0.05,-0.2,0.2,0.1,0.1,0.2,0.1,0.1,0,0,0.04,0,0,-0.1,0,0.1,0.1,0.1,0.1,0,0,0,0.3,0,0.1,0.1,0,0,0.1,0,-0.09,0.1,0.1,0.4,0.1,0.1,0.1,0.1,0.1,0,-0.09,0.1,0.1,0.1,-0.1,0,0,0.1,0.1,0.1,-0.14,0.1,0.4,0.1,0,0.5,0.1,0,0
0.000061,-0.1,0.1,0.1,0.1,0.1,0,0.1,0.3,0.1,0,0.1,-0.05,0.2,0.1,0,0.1,0.1,0.1,0,0.1,0.1,0.04,0.1,-0.2,0,0.1,0.4,0,0,0.3,0,-0.18,0.1,0.1,0.3,0.1,0,0,0.1,0.1,0.1,-0.04,0.4,0.1,0,-0.1,0,0,0.4,0.1,0,-0.04,0,0.4,0.1,0,0.1,0,0.1,0.1,0.1,0.08,0,0.3,0,0,0.4,0.1,0.1,0.5,0.1,-0.18,0.1,0.1,0.2,0,0,0,0,0,0.1,-0.09,0,0.1,0,-0.1,0.4,0.1,0,0,0,-0.14,0.1,0.1,0.1,0.2,0.1,0.1,0,0
0.0000612,0.1,0,0.1,0.1,0.1,0.1,0,0,0.1,0.1,0,-0.04,0.1,0,0.1,0,0.1,0,0,0.1,0.1,0.08,0.1,0.2,0.1,0.1,0.2,0.1,0.1,0.2,0,-0.18,0.1,0,0,0.1,0.1,0.1,0,0,0.1,-0.09,0.1,0.1,0.1,0.3,0.1,0.1,0.1,0,0.1,0,-0.1,0.2,0.1,0.1,0.1,0.1,0.1,0.1,0.1,0.04,0.1,0.1,0.1,0.2,0,0.1,0.1,0.1,0.1,-0.13,0.1,0.1,0,-0.1,0.1,0,0.1,0,0.1,-0.09,0,0,0,0.1,0.1,0,0,0.1,0,-0.09,0.1,-0.1,0.1,0.3,0,0.1,0,0
0.0000614,0.1,0.1,-0.1,0.1,0.1,0.1,0,0.1,0.1,0,0.1,-0.18,0.1,0.1,0.1,0.1,0,-0.1,0,0.1,0.1,0.04,0,0.2,0.1,0.1,0,0,0.1,0,0.1,-0.22,0,0.1,0,0,0,0,0,0,0.1,-0.13,0.1,0,0.2,0.1,0,0.1,-0.1,0.1,0.1,0,0.1,0,0,0.1,0.1,0.1,0.1,0.1,0.1,0.08,0.1,0,0,0.1,0.1,0.1,0.1,0.1,0.1,-0.09,0.1,0,0.1,0.1,0.1,0,0.1,0.1,0,-0.18,0.1,0.2,0,0.1,0.1,0.1,0,0,0.1,-0.14,0.1,0.1,0.1,0,0,0,0,0
0.0000616,0,0.1,0.1,0.1,0.1,0,0,0,0.1,0.1,0,-0.18,0.1,0.1,0,0,0.1,0.1,0.1,-0.1,0,0,0.1,0.1,0.1,0.1,0.1,0.1,0.1,0.1,0,-0.18,0.1,0.1,0,0,0.1,0.1,0.1,0.1,0.1,-0.22,0,0.1,0.1,0.1,0,0.1,0,0,0.1,-0.05,0.1,0,0.1,0,0.1,0.1,0.1,0,0,-0.04,0.1,0.1,0.1,0.1,0.1,0,0.1,0,0,-0.18,0.1,0.1,0,0.1,0,0.1,0.1,0.1,0.1,-0.09,0,0,0.1,0.1,0.1,-0.1,0,0.1,0.1,-0.09,0.1,0.1,0,0.1,0.1,0,0,0
0.0000618,0,0,0,0.1,0.1,0.1,0,0,0.1,0.1,0,-0.18,0,0,0.1,0.1,0.1,0.1,0.1,0,0.1,-0.13,0,0.1,0.1,0.1,0.1,0.1,0.1,0.1,0.1,-0.14,0.1,0,0.1,0.1,0,0,-0.1,0.1,0.1,-0.14,0,0,0,0,0,0.1,0.1,0.1,0,-0.22,0,0.1,0.1,0,0.1,0,0.1,0.1,0.1,-0.09,0.1,0.1,0,0.1,0.1,0.1,0.1,0.1,0.1,-0.18,0.1,0.1,0.1,0.1,0.1,0,0.1,0.1,0.1,-0.14,0.1,0.1,0,0.1,0.1,0,0.1,0.1,0.1,-0.14,0.1,0,0.1,0.1,0.1,0.1,0,0
0.000062,0,0.1,0,0.1,0.1,0.1,0,0,0.1,0,0.1,-0.22,0.1,0,0.1,0,0.1,0.1,0,0.1,0.2,-0.18,0.1,0.1,0.1,0.1,0.1,-0.1,0.1,0.1,0,-0.22,0.1,0,0.1,0,0,0.1,0,0,0.2,-0.18,0,0.1,0.1,0,0,0,0,0.1,0.1,-0.18,0.1,0,0,0,0,0.1,0.1,0.1,0.1,-0.18,0.1,-0.1,0,0.1,0.1,0,0.1,0,0,-0.18,0.1,0.1,0.1,0.1,0.1,0,0.1,0.1,0,-0.09,0.1,0,0,0.2,0.1,0,0,0.1,0.1,-0.22,0,0.1,0,0,0.1,0,-0.1,0.1
0.0000622,0,0.1,0.1,0,0.1,0.1,0.1,0.1,0.1,0.1,0,-0.22,0.1,0.1,0.1,0,0.1,0,0.1,0.1,0,-0.13,0.1,0,0,0.1,0,0.1,0.1,0.1,0,-0.18,0,0,0,0.1,0.1,0,0,0,0,-0.22,0,0.1,0.1,0.1,0.1,0.1,0.1,0,0.1,-0.22,0.1,0,0.1,0.1,0,0.1,0.1,0,0.1,-0.18,0.1,0.1,0.1,0,0.1,0.1,0.1,0,0.1,-0.18,0.1,0.1,0.1,0.1,0.1,0,0,0.1,0.1,-0.09,0.1,0.1,0.1,0,0.1,0.1,0,0.1,0.1,-0.14,0.1,0.1,0.1,0.1,0,0,0.1,0
0.0000624,0.1,0.1,0,0.1,0.1,0.1,0.1,0.1,0.1,0,0,-0.09,0,0,0.1,0.1,0,0,0,0,0,-0.18,0.1,0.1,0.1,0.1,0.1,0.1,0.1,0,-0.1,-0.18,0.1,0.1,0.1,0,0,0.1,0.1,0.1,0.1,-0.22,0.1,0,0.1,0,0.1,0.1,0,0,0.1,-0.18,0.1,0.1,0.1,0.1,0.1,0,0.1,0,0,-0.22,0.1,0,0,0,0.1,0.1,0,-0.1,0.1,-0.14,0.1,0.1,0.1,0.1,0,0,0.1,0,0.1,-0.09,0.1,0.1,0,0.1,0.1,0.1,0.1,0.2,0.1,-0.14,0.1,0.1,0,0.1,0,0.1,0,0
0.0000626,0,0.1,0.1,0.1,0.1,0.1,0,0,0.1,0.1,0.1,-0.14,0,0,0.1,0.1,0.1,0,0,0.1,0,-0.18,0.1,0.1,0.1,0.1,0.1,0.1,0.1,0.1,0.1,-0.14,0.1,0,0,0.1,0.1,0,0.1,0.1,0,-0.22,0.1,0.1,0.1,0.1,0.1,0.1,0.1,0.1,0.1,-0.22,0.1,0.1,0.1,0.1,0.1,0.1,0.1,0,0.1,-0.18,0.1,0,0.1,0.1,0.1,0.1,0.1,0.1,0.1,-0.14,0.1,0.1,0,0.1,0,0.1,0.1,0.1,0.1,-0.23,0.1,0.1,0.1,0.1,0,0,0,0.1,0.1,-0.18,0.1,0.1,0,0.1,0.1,0.1,0,0.1
0.0000628,0,0,0.1,0.1,0,0.1,0.1,0.1,0.1,0.1,0.1,-0.18,0.1,0.1,0.1,0,0,0.1,0.1,0.1,0.1,-0.22,0.1,0,0,0.1,0.1,0.1,0.1,0.1,0.1,-0.18,0.1,0.1,0,0.1,0.1,0.1,0.1,0,0,-0.13,0,0,0,0,0.1,0.1,0.1,0.1,0,-0.18,0.1,0,0.1,0,0.1,0.1,0.1,0.1,0.1,-0.18,0.1,0.1,0.1,0.1,0.1,0.1,0.1,0.1,0,-0.18,0.1,0.1,0.1,0.1,0.1,0.1,0.1,-0.1,0.1,-0.18,0.1,0.1,0.1,0,0.1,0,0,0.1,0.1,-0.09,0.1,0.1,0.1,0.1,0,0.1,0,0
0.000063,0.1,0.1,0,0,0.1,0.1,0.1,-0.1,0.1,0.1,0,-0.18,0,-0.1,0,0.1,0,0.1,0.1,0.1,0,-0.22,0.1,0.1,0.1,0.1,0.1,0,0.1,0.1,0,-0.22,0,0.1,0.1,0.1,0,0.1,0.1,0.1,0.1,-0.18,-0.1,0.1,0.2,0.1,0.1,0,0.1,0.1,0.1,-0.18,0.1,-0.1,0.1,0.1,0.1,0.1,0.1,0.1,0.1,-0.18,0.1,0.1,0.1,0.1,0,0,0.1,0.2,0,-0.14,0.1,0.1,0.1,0.1,0.1,0.1,0.1,0,0.1,-0.14,0.1,0,0,0.1,0.1,0.1,0.1,0.1,0.1,-0.13,0,0.1,0.1,0,0,0,0.1,0
0.0000632,0.1,0,0.1,0,0,0.1,0,0.1,0.2,0.1,0,-0.14,0,0.1,0.1,0.1,0.1,0.1,0,0.1,0.1,-0.09,0.1,0.1,0.1,0.1,0,0.1,0.1,0,0.1,-0.22,0.1,0.1,0.1,0.1,0.1,0,0.1,0,0.1,-0.18,0,0.1,0.1,0.1,0.1,0,0.1,0.1,0.1,-0.22,0.1,0.1,0.1,0.1,0.1,0.1,0.1,0.1,0,-0.22,0.1,0.1,0.1,0.1,0.1,0.1,0.1,0,0.1,-0.18,0.1,0.1,0.1,0,0.1,0.1,0.1,0,0.1,-0.18,0.1,0.1,0.1,0.1,0.1,-0.1,0.1,0.1,0.1,-0.18,0,0,0.1,0.1,0.1,0.1,0.1,0
0.0000634,0,0,0,0.1,0.2,0.1,0.1,0,0.1,0.1,0.1,-0.14,0.1,0.1,0,0.1,0.1,0,0,0.1,0.1,-0.18,0.1,0.1,0,0,0,0.1,0,0,0,-0.22,0.1,0.1,0.1,0.1,0.1,0.1,0.1,0,0.1,-0.18,0,0.1,0,0.1,0.1,0.1,0.1,0.1,0,-0.18,0.1,0.1,0.1,0,0.1,0.1,0.1,0.1,0.1,-0.22,0,0,0,0.1,0.1,0,0.1,0,0.1,-0.22,0.1,0,0.1,0,0.1,0.1,0,0,0.1,-0.13,0.1,0.1,0,0.1,0.1,0.1,0.1,0.1,0.1,-0.18,0,0.1,0.1,0.1,0.1,0.1,0.1,0.1
0.0000636,0.1,0,0.1,0,0,0.1,0.1,0,0.1,0.1,0.1,-0.14,0,0,0.1,0.1,0,0,0.1,0,0,-0.22,0.1,0.1,0.1,0,0,0,0.1,0.1,0.1,-0.22,0.1,0.1,0.1,0.1,0.1,0.1,0,0,0.1,-0.18,0,0,0.1,0.1,0,0,0.1,0,0.1,-0.09,0.1,0.1,0,0.1,0.1,0.1,0.1,0.1,0.1,-0.18,0.1,0.1,0.1,0.1,0.1,0.1,0.1,0,0.1,-0.18,0.1,0.1,0.1,0.1,0.1,0,0.1,0.1,0.1,-0.05,0.1,0.1,-0.1,0.1,0.1,0,0.1,0.2,0.1,-0.09,0.1,-0.1,0.1,0.1,0.1,0.1,0.1,-0.1
0.0000638,0,0.1,0,0.1,0,0.2,0.1,0.1,0,0,0.1,-0.14,0.2,0,0,0.1,0.1,0,0.1,0.1,0.1,-0.18,0.1,0.1,0.1,0,0,0.1,0,0.1,0.1,-0.14,0.1,0,0.1,0.1,0.1,0.1,0,0.1,0.1,-0.22,0.1,0.1,0,0.1,0,0.1,0.1,0.1,0.1,-0.18,0.1,0,0.1,0.1,0.1,0.1,0.1,0,0.1,-0.18,0.1,0,0.1,0.1,0.1,0.1,0,0.1,0.1,-0.05,0.1,0.1,0.1,0.1,0,0.1,0.1,0,0,-0.01,0.1,0.1,0.1,0.1,0.1,0.1,0.1,0.1,0.1,0,-0.1,0.1,0.1,0.1,0,0.1,0.1,-0.1
0.000064,0,0.1,0.1,0.1,0,0.1,0.1,0.1,0.2,0.1,0,-0.09,0.1,0.1,0.1,0.1,0,0.1,0,0.1,0.1,-0.14,0.1,0.1,0,0.1,0.1,0.1,0.1,0,0,-0.01,0,0.1,0,0.1,0.1,0.1,0,0.1,0,-0.18,0.1,0.1,0.1,-0.1,0.1,0,0.1,0.1,0,-0.17,0.1,0.1,0.2,0.1,0.1,0.1,0.1,0.1,-0.1,-0.09,0.1,0.1,0.1,0,0.1,0.1,0.1,0.1,0.1,0.04,0,0,0.1,0.1,0.1,0.1,0.1,0.1,0.1,-0.01,0.1,0.1,0.1,0.1,0.1,0.1,0.1,0.1,0.1,0,0.1,0,0.1,0.1,0.1,0.1,0.1,-0.1
0.0000642,0.1,0.1,0,0.1,0.1,0.1,0.1,0.1,-0.1,0,0.1,-0.13,0.1,0.1,0.1,0.1,0.1,0.1,0.1,0.1,0.1,-0.18,0.1,0.1,0.1,0.1,0.1,0.1,0.1,0.1,0.1,-0.01,0.1,0.1,0.1,0.1,0.1,0,0.1,0.1,0,-0.14,0,0.1,0.1,0.1,0.1,0.1,0.1,0.1,0,-0.18,0.1,0.1,0.1,0.1,0.1,0.1,0.1,0.1,0,-0.09,0.1,0.1,0.1,0.1,0.1,0,0.1,0,0.1,0.04,0.1,0.1,0.1,0.1,0.1,0.1,0.1,0.1,0.1,0.08,0.1,0,0.1,0.1,0.1,0.1,0,0.1,0.1,0.08,0.1,0.1,0.1,-0.1,0.1,0.1,0.1,0
0.0000644,0,0,0.1,0.1,0.1,0.1,0,0,0.1,0.1,0.1,-0.01,0.2,0.1,0.1,0.1,0.1,0.1,0.1,0,0,-0.14,0.1,0.1,0.1,0.1,0.1,0.1,0.1,0,0,0.04,0.1,0.2,0,0.1,0,0.1,0.1,0.1,0,-0.13,0.1,0.2,0.1,0.1,0.1,0.1,0,0.1,0.1,-0.22,0,0,0,0,0.1,0.1,0.1,0,0.1,-0.18,0.1,0,0.1,0.1,0.1,0.1,0.1,0.1,0.1,0.04,0.1,0.1,0.1,0,0.1,0,0,0.1,0.1,0.08,0.1,0,0,0.1,0,0.1,0.1,0,0.1,0.08,0.2,0.1,0.1,0.1,0.1,0.1,0.1,-0.1
0.0000646,0.1,0.1,0.1,0.1,0,0.1,0,0,0.1,0.1,0.1,-0.01,0,-0.1,0,0.1,0.1,0.1,0.1,0,0,-0.14,0.1,0.1,0.1,0.1,0.1,0.1,0.1,0.1,0.1,0.04,0.1,0,0,0.1,0.1,0.1,0.1,0.1,0.1,-0.01,0,0.1,0,0.1,0,0.1,0,0.1,0.1,-0.18,0.1,0.1,0.1,0.1,0.1,0,0.1,0,0.1,-0.22,0.1,0.1,0.1,0.1,0.1,0.1,0.1,0,0.1,0.09,0.1,0.1,0.1,0.1,0,0.1,-0.1,0.1,0.1,0.08,0.1,0.1,0,0.1,0,0.1,0.1,0.1,0.1,0.04,0.1,0,0.1,0.1,0.1,0.1,0,0
0.0000648,0,0.1,0,0.1,0.1,0,0,0.1,0.1,0.1,0,0.08,0.1,0.1,0,0.1,0.1,0.1,0.1,0,0,-0.14,0.2,0,0.1,0,0.1,0.1,0.1,0.1,0.1,0,0,0.1,0,0.1,0.1,0.1,0,0.1,0.1,-0.01,0.1,0.1,0.1,0.1,0,0.1,0.1,0.1,0.1,-0.14,0.1,0.1,0,0.1,0,0.1,0.1,0.1,0.1,-0.18,0.1,0.1,0.1,0.1,0.1,0.1,0.1,0.1,0,0.04,0.1,0.2,0.1,0,0.1,-0.1,0,0,0.1,0.04,0.1,0.1,0.1,0.1,0.1,0,0.1,0.1,0.1,0.08,0,0,0.1,0.1,0.1,0.1,0,0.1
0.000065,-0.1,0.1,0.1,0.1,0,0,0.1,0.1,0.1,0.1,0.1,0.04,0.1,0.1,0.1,0.1,0.1,0,0,0.1,0.1,-0.01,0,0,0,0.1,0.1,0.1,0.1,0.1,0,0,0,0,0.1,0.1,0,0.1,0.1,0.1,0.1,-0.05,0.1,0.1,0,0.1,0.1,0.1,0.1,0.1,0.1,-0.01,0.1,0.1,0.1,0,0.1,0,0.1,0.1,0.1,-0.18,0.1,0.2,0.1,0.1,0.1,0,0.1,0.1,0,0.08,0.1,0.1,0.1,0.1,0.1,0,0,0.1,0.1,0.08,0.1,0,0,0.1,0.1,0.1,0.1,0.2,0.1,0.04,0.1,0.1,0.1,0.1,0.1,0.1,0,0.1
0.0000652,-0.1,0.1,0.1,0,0.1,0,0.1,0.1,0.1,0,0.1,0.04,0.1,0.1,0.1,0.1,0.1,0.1,0.1,0.1,-0.1,0,0.1,0.1,0.1,0.1,0,0.1,0.1,0.1,0.1,0,0,0.1,0.1,0.1,0.1,0.1,0.1,0.1,0.1,0,0.1,0,0.1,0,0,0.1,0.1,0.1,0.1,-0.01,0.1,0.1,0.1,0,0,0.1,0.1,0.1,0.1,-0.09,0.1,0.1,0,0,0.1,0.1,0.1,0.1,0.1,0.04,0,0.1,0.1,0.1,0.1,0,0.1,0.1,0.1,0.12,0.1,0.1,0.1,0.1,0.1,0.1,0.1,0.2,0.1,-0.01,0.1,0.1,0,0.1,0.1,0,0.1,0.1
0.0000654,0,0.1,0,0.1,0.1,0.1,0.1,0,0.1,0,0,0,0.1,0.1,0.1,0.1,0.1,0.1,0.1,0.1,0,-0.01,0.1,0.1,0.1,0.1,0,0.1,0.1,0.2,0.1,0.09,0.1,0.1,0.1,0.1,0.1,0.1,0.1,0.1,0.1,0,0.1,0.1,0.1,0.1,0.1,0.1,0.1,0.1,0.1,0.04,0.1,0.1,0.1,0.1,0.1,0.2,0.1,0.1,0.1,0.04,0,0.1,0,0,0.1,0.1,0.1,0.1,0.1,0.04,0.1,0.1,0.1,0.1,0,0.1,0.1,0.1,0.1,0.08,0.1,0.1,0.1,0,0.1,0.1,0.1,0.1,0,0.12,0.1,0.1,0.2,0.1,0.1,0.1,0,0
0.0000656,0,0.1,0.1,0.1,0.1,0.1,0,0,0.1,0.1,0.1,0.04,0.1,0.1,0.1,0.1,0,0.1,0.1,-0.1,0.1,0.08,0.1,0.1,0,0,0,0.1,0.1,0,0.1,0.08,0,0.1,0.1,0,0.1,0.1,0.1,0.1,0.1,0.08,0.1,0,0,0.1,0.1,0.1,0,0.1,0.1,-0.05,0.1,0.1,0.1,0.1,0.1,0,0.1,0.1,0.1,0.04,0.1,0.1,0,0.1,0.1,0.1,0,0.1,0.1,0.12,0,0,0,0.1,0.1,0.1,0.1,0.1,0.1,0.08,0.1,0.1,0.1,0,0,0.1,0,0.1,0.1,0.08,0.1,0.1,0.1,0.1,0.1,0.1,0,0
0.0000658,0.1,0,0.1,0,0.1,0,0.1,0.1,0.1,0.1,0,0.08,0,0,0.1,0.1,0.1,0.1,0,0.1,0.1,0.04,0,0.1,0.1,0.1,0,0.1,0,0.1,0.1,0.04,0.1,0.1,0.1,0,0.1,0.1,0,0.1,0.1,0.04,0.1,0,0.1,0.1,0.1,0.1,0.1,0.1,0,0.04,0.1,0.1,0.1,0.1,0,0,0.1,0.1,0.1,0.04,0,0.1,0.1,0.1,0.2,0.2,0.1,0.1,0.1,-0.01,0,0.1,0.1,0.1,0.1,0.1,0.1,0.1,0.1,0.08,0,0.1,0,0.1,0,0.1,0.1,0,0.1,0.08,0.1,0.1,0.2,0.1,0.1,0.1,0,0
0.000066,0,0,0.1,0.2,0.2,0.1,0.1,0,0.1,0.1,0.1,0.08,0.1,0.1,0.1,0.1,0.1,0.1,0,0.1,0.1,0,0.1,0,0.1,0.1,0,0.1,0.1,0.1,0.1,0,0.1,0.1,0,0.1,0.1,0,0,0,0.1,0.13,0.1,0.2,0.1,0.1,0.1,0.1,0.1,0.1,0.1,0,0,0.1,0.1,0.1,0.1,0.1,0.2,0,0.1,0.08,0.1,0.1,0.1,0.1,0.1,0.1,0,0.1,0.1,0,0.1,0,0.2,0.1,0.1,0,0.1,0.1,0,0.08,0.1,0.1,0.2,0.1,0,0.1,0.1,0.1,0.1,0.04,0.1,0,0.1,0.1,0.1,0,0,-0.1
0.0000662,0.1,0.1,0.1,0.1,0.1,0.1,0.1,0,0.1,0,0.1,0.08,0.1,0.1,0.1,0,0.1,0.1,0.1,0.1,0.1,0.08,0.1,0.2,0.1,0.1,0,0.1,0.1,0.1,0,0,0.2,0.1,0.1,0.2,0.1,0,0,0,0.1,0.04,0.1,0,0.1,0.1,0.1,0.1,0,0,0.2,0.04,0.1,0.1,0.1,-0.1,0.1,0.1,0.1,0.1,0.1,0,0.1,0.1,0.1,0.1,0.1,0.1,0.1,0.1,0.1,0.08,0.1,0.1,0.1,0.1,0,0.1,0,0.1,0.1,0.04,0.1,0.1,0.1,0.2,0.1,0.1,0.1,0.1,0.1,0.08,0.1,0.1,0.1,0.1,0.1,0,0.1,0
0.0000664,0,0.1,0,0,0.1,0.1,0.2,0.1,0.2,0,0.1,0.08,0.1,0.1,0.1,0,0.1,0,0,0.1,0.1,0.12,0.1,0.1,0,0.1,0.1,0.1,0.1,0.1,0.1,0.04,0,0.1,0.1,0.1,0,0.1,0,0.1,0.1,0.04,0.1,0,0,0.1,0.1,0.1,0,0.1,0.1,-0.01,0.1,0.1,0.1,0.1,0.1,0.1,0,0.2,0.1,0.04,0.1,0.1,0.1,0.1,0.1,0.2,0.1,0.1,0.1,0.04,0.1,0.1,0.1,0.1,0.1,0.1,0,0.1,0.1,0.08,0.1,0.1,0,0.1,0,0.1,0,0,0.1,0.08,0.1,0.1,0.1,0.1,0,0.1,0,0
0.0000666,0,0.1,0.1,0,0.1,0.1,0.1,0,0.1,0.1,0.1,0.04,0.1,0.1,0.1,0.1,0.1,-0.1,0,0.1,0.1,0.09,0.1,0,0.1,0.1,0.1,0.1,0.1,0,0.1,0.04,0.1,0.1,0.1,0.1,0.1,0.1,0.1,0.1,0.1,0.08,0.1,0.1,0.1,0.1,0.1,0,0.1,0.1,0.1,0.04,0.1,0,0.1,0.1,0.1,0.1,0.1,0.1,0,0.04,0.1,0.1,0,0.1,0.1,0.1,0,0.1,0.1,0.04,0,0.1,0.1,0.1,0.1,0.1,0.1,0.1,0,0.08,0.1,0.1,0.1,0,0.1,0.1,0.1,0.1,0.1,0.12,0.1,0.1,0.1,0.1,0.1,0.1,0.1,-0.1
0.0000668,0.1,0.1,0,0.1,0.1,0.1,0.1,0.1,0.1,0.1,0.1,0.04,0.1,0.1,0.1,0,0.1,0.1,0.1,0,0,0.13,0.1,0.1,0.1,0.1,0.1,0,0,0,0.1,0,0.1,0.1,0.1,0.1,0.1,0.1,0.1,0.1,0.1,0.04,0.1,0.1,0.1,0.1,0,0.1,0.1,0.1,0.1,-0.01,0,0,0.1,0.1,0.1,0,0,0.1,0.1,0.04,0.1,0.1,0,0.1,0.1,0.1,0.1,0.1,0.1,-0.01,0.2,0.1,0.1,0.1,0.1,0.1,0,0.1,0.2,0.08,0.1,0.1,0.1,0.1,0.1,0.1,0.1,0.1,0.1,0.08,0.1,0,0.1,0.1,0,0.1,0,0
0.000067,0.1,0.1,0,0.1,0.1,0,0.1,-0.1,0.2,0,0.1,0.08,0.1,0.1,0,0.1,0.1,0.1,0.1,0.1,0.1,0.04,0,0.1,0,0,0,0,0.2,0.1,0.1,0.04,0.1,0.1,0.1,0.1,0.1,0.1,0.1,0.1,0.1,0,0.2,0.1,0.1,0.1,0.1,0.1,0.1,0.1,0,0.08,0.1,0.1,0.1,0.1,0,0.1,0.1,0.1,0.1,0,0.1,0.1,0.1,0.1,0.1,0,0.1,0.1,0.1,0.04,0,0.1,0.1,0.1,0.1,0.1,0,0.1,0,0.08,0.1,0.1,0.1,0.1,0.1,0.1,0.1,0.1,0.1,0.08,0.1,0.1,0.1,0.1,0.1,0.1,0,0
0.0000672,0.1,0.1,0.1,0.1,0.1,0.1,0.1,0.1,0.1,0.1,0.1,0.08,0.1,0.1,0,0,0.1,0.1,0.1,0,0.1,0.08,0,0.1,0.2,0.1,0.1,0.1,0.1,0.1,0,0.04,0.1,0.1,0.1,0,0.1,0.1,0.1,0.1,0.1,0.04,0.1,0,0.1,0.2,0.1,0,0.1,0,0,0.04,0.1,0.1,0.1,0.1,0.1,0.1,0.1,0.1,0.1,0.08,0.2,0.1,0.1,0.1,0.1,0.1,0,0.1,0.1,0.08,0,0.1,0.1,0.1,0.1,0.1,0.1,0.1,0.1,0.08,0.1,0.1,0.1,0.1,0.1,0.2,0.1,0.1,0.1,0.08,0.1,0.1,0.1,0.1,0,0.1,0.1,0
0.0000674,-0.1,0.1,0.1,0.1,0.2,0.1,0.1,0.1,0.1,0.1,0.1,0.03,0.1,0,0.1,0,0.1,0.1,0.1,0.1,0.1,0.04,0.1,0.1,0.1,0.1,0.1,0,0.1,0.2,0,0.04,0.1,0.1,0.1,0.1,0.1,0.1,0.1,0.1,0,-0.05,0.1,0.1,0.1,0.1,0.1,0,0,0.1,0.1,0,0.1,0.1,0,0,0.1,0.1,0.1,0,0.1,0.04,0.1,0,0.1,0.1,0.1,0.1,0.1,0.1,0,0.08,0.1,0.1,0.1,0.1,0.1,0.1,0.1,0.1,0,0.13,0,0.1,0.1,0.1,-0.1,0.1,0.1,0.1,0.1,0.08,0.1,-0.1,0.1,0.1,0.1,0.1,0.1,0.1
0.0000676,-0.1,0.1,0.2,0.1,0.1,0.1,0,0.1,0.2,0.1,0,-0.01,0.1,0,0,0.2,0.1,0.1,0.1,0.1,0.1,0.04,0.1,0.1,0.1,0.1,0.2,0.1,0.1,0.2,0.1,0.04,0.1,0.1,0.1,0.1,0.1,0.1,0.1,0.1,0.1,0,0.1,0,0.2,0.1,0.2,0,0.1,0.1,0.1,0.04,0,0.1,0.1,0.1,0.1,0.1,0.1,0.1,0.1,0.04,0.1,0.1,0.1,0.1,0.1,0.1,0.1,0,0.1,0.03,0.1,0.1,0.1,0.1,0.1,0,0,0.1,0.1,0.03,0.1,0,0.1,0.1,0.1,0.1,0,0.1,0.1,0.08,0.1,0.1,0.1,0.1,0.1,0.1,0.1,0.1
0.0000678,-0.1,0.1,0.1,0.1,0.1,0.1,0.1,0,0.1,0.1,0.1,0.08,0.1,0.1,0.2,-0.1,0.1,0.1,0.1,0.1,0.1,-0.01,0.1,0.1,0.1,0.2,0,0.1,0.1,0.1,0,0.04,0.1,0.1,0.2,0,0.1,0.1,0.1,0.1,0.1,0.04,0.1,0.1,0.1,0.1,0.1,0,0,0,0.1,0,0.1,0.1,0.1,0.1,0.1,0.1,0.1,0.1,0.1,0.04,0.1,0.1,0.1,0.1,-0.1,0.1,0.1,0.1,0.2,0.03,0.2,0.1,0.1,0.1,0.1,0.1,0.1,0.1,0.1,0.13,0.1,0.1,0.1,0.1,0.1,0,0.1,0,0.1,0.08,0.1,0.1,0.1,0.1,0.1,0.1,0,0.1
0.000068,-0.1,0.1,0,0.1,0.1,0.1,0.1,0,0.1,0.1,0.1,0.08,0,0.1,0.1,0.1,0,0.1,0.1,0.1,0.1,0.08,0.1,0.1,0.1,0.1,0.1,0.1,0.1,0.1,0.1,0.04,0,0,0.1,0.1,0.1,0.1,0,0.1,0,0,0,0.1,0.1,0.1,0,0.1,0.1,0.1,0.2,0,0.1,0.1,0.1,0.2,0.1,0,0.1,0.1,0.1,0.08,0.1,0.1,0,0.1,0.1,0.2,0.1,0.1,0.1,0.08,0,0.1,0.1,0,0.1,0,0.1,0.1,0.1,0.13,0.1,0.1,0.1,0.1,0,0.2,0.1,0.1,0.1,0.03,0.1,0,0.1,0.1,0.1,0,0.1,0
0.0000682,0,0.1,0.1,0,0.1,0.1,0.1,0.1,0,0.1,0.1,0.03,0.1,0.1,0.1,0,0.1,0.1,0.2,0.1,0.1,0.08,0.1,0.1,0.1,0,0.1,0.1,0.1,0.1,0.1,-0.05,0.1,0.1,0.1,0.1,0.1,0,0.1,0.1,0.1,-0.05,0.1,0.2,0,0.1,0,0,0,0.1,0,0.04,0.1,0.1,0.1,0.1,0,0.1,0.1,0.1,0,-0.05,0.1,0.1,0.1,0,0.1,0.1,0.1,0.1,0,0.08,0,0.1,0.1,0.1,0.1,0,0.1,0.1,0.1,0.13,0.1,0.1,0.1,0.1,0,0.1,0.1,0.1,0.1,0.03,0.1,0.1,0.1,0.1,0.1,0.1,0.1,0.1
0.0000684,0,0,0.1,0.1,0.1,0,0.1,0.1,0.1,0.1,0.1,0.08,0.1,0,0.1,0.1,0.1,0.1,0.1,0.1,0.1,-0.01,0.1,0.2,0.1,0.1,0.1,0.1,0.2,0.1,0.1,-0.05,0.1,0.1,0.1,0.1,0.1,0.1,-0.1,0.1,0.1,0.04,0.1,0.1,0.1,0.1,0.1,0.1,0.1,0.1,0.1,-0.01,0.2,0.2,0.1,0.1,0.1,0.1,0.1,0.1,0.1,-0.01,0,0.1,0.1,0.1,0.1,0,0.1,0.1,0.1,0.03,0.1,0.1,0,0.1,0.1,-0.1,0.1,0,0.1,0.04,0.1,0,0.1,0.1,0.1,0,0.1,0.1,0.1,0.08,0.1,0.1,0.1,0.1,0.1,0.1,0.1,0
0.0000686,0,0.1,0.1,0.1,0.1,0,0.1,0.1,0.1,0,0.1,0.08,0.1,0.1,0.1,0.2,0.1,0,0,0.1,0.1,-0.01,0.1,0.1,0.1,0,0.1,0.1,0.1,0,0,-0.01,0.1,0.1,0.1,0.1,0,0.1,0.1,0.1,0.1,0,0,0,0.1,0.1,0,0.1,0.1,0.1,0,0,0.1,0.1,0.1,0.1,0.1,0.1,0.1,0.1,0.1,0.04,0.1,0.1,0.1,0.1,0.1,0.1,0.1,0.1,0,-0.01,0.1,0,0.1,0.1,0.1,0,0.2,0.1,0.1,0.12,0.1,0.1,0.2,0.1,0.1,0,0.1,0.1,0,0.08,0.1,0,0.1,0.1,0.1,0.1,0.1,0
0.0000688,0,0.1,0.1,0.1,0,0.2,0.1,0.1,0.1,0.2,0.1,0.08,0.2,0.1,0.1,0.2,0.1,0,0.1,0.1,0.2,0.08,0.1,0,0,0.1,0.2,0.1,0.1,0.1,0.1,-0.05,0.1,0.1,0.1,0.1,0.1,0.1,0.2,0.1,0.1,0,0,0.1,0.1,0.1,0.1,0.2,0.1,0,0.1,0.04,0.1,0.1,0,0,0,0.1,0,0.1,0.1,0,0,0.1,0.1,0.1,0.1,0.1,0.1,0.1,0.1,0.04,0,0.1,0.1,0,0.2,0.1,0,0,0,0.12,0,0.1,0.1,0,0.1,0,0.1,0.1,0.1,0.12,0.1,0,0.1,0.1,0,0.1,0,0
0.000069,0,0.1,0.1,0.2,0.1,0.1,0.2,0.1,0.1,0.1,0.1,-0.01,0,-0.1,0.1,0.1,0.1,0.1,0,0.1,0.1,-0.01,0.1,0.1,0.1,0.1,0,0.1,0,0.1,0.1,-0.09,0.1,0,0.1,0.1,0.1,0.1,0.1,0.1,0.1,-0.01,0.1,0,0.1,0.1,0,0.1,0.1,0.1,0.1,-0.01,0.1,0.1,0.1,0.1,0.1,0,0.1,0.1,0.1,0.04,0.1,0.1,0,0.1,0.1,0.1,0,0,0.1,0.03,0.1,0.1,0.1,0.1,0.1,0.1,0.1,0.1,0.1,0.17,0.1,0.1,0.1,0,0.1,0,0.1,0.1,0.1,0.16,0.1,0.1,0,0.1,0.1,0.1,-0.1,0
0.0000692,0,0.2,0.2,0,0.1,0,0.1,0.1,0.1,0.1,0.1,0.08,0.1,0,0.1,0.1,0.1,0,0.1,-0.1,0.1,-0.01,0.1,0,0.1,0.1,0.1,0.2,0.1,0.1,0.1,-0.14,0.2,0.1,0.1,0.2,0.1,0.2,0.1,0.1,0.1,-0.09,0.1,0.1,0,0.1,0.1,0,0.1,0.1,0.1,0,0.1,0,0.1,0.1,0.1,0.1,0.1,0.1,0.1,-0.01,0.2,0.1,0.1,0.1,0.1,0,0.1,0.1,-0.1,0.03,0.1,0.1,0.1,0.1,0.2,0.1,0.1,0.1,0.1,0.16,0.1,0.1,0.2,0.1,0.1,0.1,0.1,0.1,0.1,0.2,0.1,0.1,0.1,0.1,0,0.1,0,0
0.0000694,0.1,0.1,0.1,0.1,0.1,0.1,0.1,0.1,0.2,0.1,0.1,0.08,0.1,0.1,0.1,0.1,0,0.1,0,0.1,0.1,0.03,0.1,0.2,0.2,0.1,0.1,0.1,0,0.1,0.1,-0.14,0.1,0.1,0.1,0.1,0.1,0.1,0.1,0.1,0.1,-0.05,0.1,0.1,0,0.1,0.1,0,0.1,0.1,0,0.04,0.1,0,0,0,0.1,0,0,0.1,0.1,0.03,0.1,0.1,0.1,0.1,0.1,0.1,0,0.1,0.1,0.04,0,0,0.2,0,0.1,0.1,0,0.1,0.1,0.25,0.1,0.1,0.1,0.1,0.1,0.1,0.1,0.1,0.1,0.25,0.1,0.1,0,0.1,0.1,0.2,-0.1,-0.1
0.0000696,0.1,0.2,0.1,0.1,0.1,0.1,0.1,0,0.1,0.2,0.2,0.17,0.1,0.1,0.1,0.1,0.1,0.1,0.1,0.1,0.1,0.08,0.1,0,0.1,0.1,0.1,0.1,0.1,0.1,0.1,-0.23,0,0,0.1,0.1,0.1,0.1,0.1,0.1,0.1,-0.09,0,0,0.1,0.1,0.1,0,0.1,0,0.1,-0.01,0.1,0.2,0.1,0.1,0.1,0,0.2,0.1,0.1,-0.01,0.1,0.1,0.1,0.1,0,0.1,0.1,0.1,0.1,-0.01,0.1,0.1,0.1,0.1,0.1,0.1,0.1,0.1,0.1,0.34,0.1,0,0.1,0.1,0.1,0.1,0,0.1,0.1,0.38,0.1,0.1,0.1,0.1,0.1,0.1,-0.1,0.1
0.0000698,0,0.1,0.1,0.1,0.1,0.1,0.1,0.1,0.1,0.2,0.1,0.16,0.1,0.1,0.1,0,0.1,0.1,0.1,0.1,0.1,0.08,0.1,0.1,0.1,0,0.1,0,0.1,0.1,0.1,-0.32,0.1,0.1,0.1,0.1,0.1,0.1,0.1,0.1,0,-0.1,0.1,0.2,0,0.2,0,0.1,0.1,0.1,0,-0.09,0.1,0.1,0.1,0.1,0.1,0.1,0.1,0.1,0.1,-0.01,0,0.1,0.1,0.1,0.1,0.1,0.2,0,0.1,-0.06,0.1,0,0.1,0.1,0.1,0.1,0.1,0.1,0.1,0.28,0.1,0,0.1,0.1,0.1,0.1,0.1,0.1,0.1,0.29,0.1,0.1,0.1,0.1,0.1,0.1,0,-0.1
0.00007,0,0,0.1,-0.1,0.1,0,0.1,0.1,-0.1,0.1,0,0.29,0,0.1,0,0,0.1,0,0.1,0.1,0.1,0.03,0.1,0.1,0.1,0.1,0,0.1,0.2,0.1,0.1,-0.37,0.1,0.1,0.1,0.1,0.1,0,0.1,0.1,0.1,-0.22,0,0.2,0.1,0.1,0,0.1,0.2,0,0,-0.09,0,0,0.1,0.1,0,0.1,0.1,0.1,0.1,0.03,0.1,0.1,0.1,0.1,0.1,0.1,0,0.1,0.1,-0.15,0.1,0.1,0.1,0.1,0.1,0.1,0.1,0.1,0.1,0.28,0.1,0.1,0.1,0.1,0.1,0.1,0,0.1,0.1,0.28,0.1,0.1,0.1,0.2,0.1,0.1,0,0
0.0000702,0,0.1,0.1,0.1,0.1,0.1,0,0.1,0.1,0.1,0.1,0.2,0.1,0.1,0.1,0.1,0.1,0.1,0.1,0.1,0,0.08,0.1,0.1,0.1,0.1,0.1,0.1,0.1,0.1,0.1,-0.58,0.1,0.1,0.1,0.1,0.1,0.1,0,0.1,0.1,-0.32,0.1,0.1,0.1,0.1,0.1,0.1,0.1,0.1,0.1,-0.05,0.1,0.1,0.1,0,0,0,0.1,0.1,0.1,-0.05,0,0.1,0.1,0.1,0.1,0.1,0.1,0.1,0.1,-0.16,0.1,0,0,0.1,0,0.1,0.1,0.1,0.1,0.32,0.1,0,0.1,0.1,0.1,0.1,0.1,0,0.1,0.32,0.1,0.1,0.1,0.1,0.1,0.1,0.1,-0.1
0.0000704,0.1,0,0.1,0.1,0.2,0.1,0.1,0.1,0.1,0.1,0.1,0.2,0.1,0.1,0.1,0.1,0,0,0.1,0.1,0.1,-0.05,0.2,0.1,0.1,0.1,0.1,0,0.1,0,0.1,-0.5,0.1,0.1,0.1,0,0.1,0.1,0.1,0.1,0.1,-0.41,0.1,0.1,0.1,0.1,0.1,0.1,0,0.1,0.1,-0.09,0.1,0.1,0,0.2,0.1,0,0.1,0,0.1,-0.01,0.1,0.1,0.1,0.1,0.1,0.1,0,0.1,0.1,-0.2,0.2,0.1,0.1,0.1,0.1,0.1,0.1,0.1,0.1,0.23,0.1,0,0.1,0,0.1,0.1,0.1,0.1,0,0.41,0.1,0.1,0.1,0,0.2,0.1,0.1,0
0.0000706,0,-0.1,0.1,0.1,0.1,0.1,0.1,0,0.1,0.1,0.1,0.25,0.1,0.1,0.1,0.1,0,0.1,0.1,0,0.1,-0.14,0.1,0.1,0,0.1,0,0.1,0.1,0.2,0.1,-0.76,0.1,0,0.1,0.1,0.1,0.1,0.1,0.1,0.1,-0.67,0.1,0.1,0.1,0,0.1,0.1,0,0.1,0.2,-0.14,0.1,0,0.1,0.1,0.1,0.1,0.1,0.1,0.1,-0.06,0.1,0.1,0,0.1,0.1,0.1,0.1,0.1,0.1,-0.21,0.1,0.1,0.1,0.1,0.1,0,0.1,0.2,-0.1,0.22,0.1,0.1,0.1,0,0.1,0.1,0.1,0.1,0.1,0.36,0.1,0.1,0.1,0,0.1,0.1,0.1,-0.1
0.0000708,0.1,0,0.1,0.1,0.1,0.1,0,0.1,0,0.1,0,0.19,0.1,0.1,0.1,0.1,0.2,0.2,0.1,0,0.2,-0.27,0.1,0.1,0.1,0.1,0.1,0.1,0.1,0.1,0.1,-0.9,0.1,0.1,0.1,0.1,0.1,0.1,0.1,0.1,0.1,-0.76,0.1,0.1,0.1,0.1,0,0,0.1,0.1,0.1,-0.27,0.1,0.2,0.1,0.1,0.1,0.2,0.1,0.1,0.1,-0.14,0.1,0,0,0.1,0,0.1,0.1,0.1,0.1,-0.34,0.2,0.1,0.2,0.1,0.1,0.1,0.1,0.1,0.1,0.27,0.1,0.1,0.1,0,0.1,0,0,0.1,0.2,0.32,0,0.2,0.1,0,0.1,0.1,0.1,-0.1
0.000071,0,0,0.1,0,0.1,0.1,0.1,0.2,0,0,0.1,0.14,0.1,0.1,0.1,0,0.1,0.1,0,0,0.1,-0.37,0.1,0,0.1,0.1,0.1,0,0.1,0.1,0.1,-0.99,0.1,0.1,0.1,0.1,0.1,0,0.1,0.1,0.1,-0.94,0,0.1,0.1,0.2,0.1,0.1,0.1,0.1,0.1,-0.41,0,0.1,0.1,0.1,0.1,0.1,0.1,0.1,0.1,-0.23,0.1,0.1,0.1,0.1,0.1,0.1,0.1,0.1,0,-0.34,0.1,0.1,0.1,0.1,0.1,0.1,0.1,0.1,0.1,0.35,0.1,0.1,0.1,0.1,0,0.1,0,0.2,0.1,0.35,0.1,0.1,0.1,0.1,0.1,0.1,0.2,0
0.0000712,0.1,0.1,0.1,0.1,0.1,0,0.2,0,0.1,0,0.1,0.23,0.1,0.1,0.1,0.2,0.2,0,0.1,0.1,0,-0.37,0.1,0.1,0.1,0.1,0.1,0.1,0.1,0.1,0.1,-1.12,0.1,0.1,0,0,0.1,0.1,0,0.1,0.1,-1.02,0.1,0.1,0.1,0,0,0,0.1,0.1,0.1,-0.58,0.1,0.1,0.1,0.1,0.1,0.1,0,0.1,0.1,-0.36,0.2,0,0.1,0.1,0.1,0,0.1,0.1,0.1,-0.43,0.1,0.1,0.1,0.1,0,0.1,0.1,0.1,0.1,0.28,0.1,0.1,0.1,0.1,0,0.1,0,0.1,0.1,0.36,0.1,0.1,0.2,0,0.1,0.1,0.1,0
0.0000714,0.1,0.1,0.1,0.1,0.1,0.1,0.2,0.2,0,0.1,0.1,0.23,0.1,0.1,0.1,0,0.1,0.1,0.1,0.1,0.1,-0.49,0.1,0,0.1,0.1,0.1,0.1,0.1,0.1,0.1,-1.34,0.1,0,0.1,0,0.1,0,0,0.1,0,-1.16,0.1,0.1,0.1,0.1,0.1,0.1,0.1,0,0,-0.72,0.1,0.1,0.1,0,0.1,0.1,0.1,0.1,0.1,-0.46,0,0.1,0.1,0.1,0.1,0.1,0.1,0.1,0.2,-0.39,0.1,0.1,0.1,0,0.1,0.1,0.1,0.1,0.1,0.25,0.1,0.1,0.1,0.1,0.1,0,0.1,0.2,0.1,0.43,0.1,0.1,0,0,0,0.1,0,0
0.0000716,0,0,0.1,0.1,0.1,0.1,0,0.1,0.1,0.1,0.1,0.17,0.1,0,0.2,0.1,0.1,0,0.1,0.1,0,-0.63,0.1,0,0.1,0.1,0.1,0.1,0.1,0,0.1,-1.48,0,0.1,0,0.1,0.1,0.1,0.1,0.1,0.1,-1.3,0.1,0.1,0.1,0.1,0.1,0.1,0.1,0.2,0.1,-0.81,0.2,0.1,0.1,0.1,0.1,0.1,0.1,0,0,-0.59,0.1,0.1,0.1,0.1,0,0.2,0.1,0.1,0.1,-0.48,0.1,0.1,0.1,0.1,0.1,0.1,0.1,0.1,0.1,0.3,0.1,0.1,0.1,0.1,0.1,0.1,0.1,0,0.1,0.35,0.1,0.1,0.1,0.1,0.1,0.1,-0.1,0.2
0.0000718,0,0.1,0.1,0.1,0.1,0.1,0.1,0.1,0.1,0.2,0.1,0.17,0.1,0,0.1,0.1,0.1,0.1,0.1,0.1,0.1,-0.63,0.1,0.1,0.1,0.2,0.1,0,0.1,0.1,0.1,-1.61,0.1,0.1,0,0.1,0.1,0.1,0.1,0.1,0,-1.47,0,0.1,0.1,0.1,0.1,0,0.1,0.1,0.1,-1.07,0.1,0.1,0,0.2,0.1,0.1,0.1,0.1,0.1,-0.72,0.1,0.1,0.1,0.1,0.1,0.1,0.1,0.1,0.2,-0.53,0.2,0.1,0.1,0.2,0.1,0.1,0.1,0.1,0.1,0.3,0.1,0.1,0,0.1,0,0.1,0.1,0.1,0.1,0.4,0.1,0.1,0.1,0.1,0.1,0.1,-0.1,0.1
0.000072,0,0.1,0.1,0,0.1,0.1,0.1,0.1,0.1,0.1,0.1,0.22,0.1,0.1,0.1,0.1,0.1,0.1,0.1,0.1,0.1,-0.72,0.1,0,0.1,0.1,0,0.1,0,0.1,0.1,-1.71,0.1,0.1,0.1,0.1,0.1,0.1,0.2,0.1,0.1,-1.65,0.1,0.1,0.1,0,0.1,0.1,0.1,0.1,0.1,-1.25,0.1,0.1,0.1,0.1,0.1,0.1,0,0.1,0.1,-0.86,0,0.1,0.1,0.1,0.2,0.1,0,0,0.1,-0.5,0.1,0,0.1,0.2,0.1,0.1,0.1,0.1,0.2,0.3,0,0.1,0,0.1,0.1,0.1,0.1,0,0.1,0.3,0.1,0.1,0.1,0.1,0.1,0.1,-0.1,0.1
0.0000722,0,0.1,0.1,0.1,0.1,0.1,0,0.1,0.1,0,0.1,0.24,0.1,0.1,0,0.1,0.1,0.1,0,0.1,0.1,-0.94,0.1,0.1,0,0,0.1,0.1,0.1,0.1,0.1,-1.77,0.1,0.1,0.1,0.2,0.1,0,0.1,0.1,0.1,-1.71,0,0.1,0.1,0.1,0.1,0.1,0.1,0.1,0.2,-1.38,0.1,0.1,0.1,0.2,0,0.1,0.1,0.1,0.1,-0.99,0.1,0.1,0.1,0.1,0.1,0,0.1,0.2,0.1,-0.61,0.1,0.1,0,0,0,0.1,0.1,0.2,0.1,0.2,0.1,0.1,0.1,0.1,0.1,0,0,0.1,0.1,0.4,0,0.1,0.1,0.1,0.1,0.1,-0.1,0
0.0000724,0,0.1,0.1,0.1,0.1,0,0,0.1,0.1,0.1,0.1,0.15,0.1,0.1,0,0.1,0.1,0.1,0.1,0.1,0.1,-0.95,0.1,0.1,0,0.1,0,0.1,0,0.1,0.1,-2.01,0,0.1,0,0.1,0.1,0,0.1,0.1,0.1,-1.85,0.1,0.1,0.2,0.1,0.1,0.1,0.1,0.1,0.1,-1.43,0.1,0,0.1,0.1,0.1,0.1,0.1,0.1,0,-1.12,0.1,0.2,0,0.1,0,0.1,0.2,0.1,0.1,-0.58,0.1,0.1,0.1,0.1,0.1,0,0,0.1,0.1,0.2,0.1,0.1,0.1,0.1,0.1,0.1,0.1,0.1,0.1,0.4,0.1,0,0,0.1,0.1,0.1,0,0
0.0000726,0,0.1,0.1,0.1,0.1,0.1,0.2,0,0.1,0.1,0.1,0.1,0.1,0.1,0.1,0.1,0.1,0.1,0.1,0.1,0.1,-1.08,0.1,0.1,0.1,0,0.1,0.1,0.1,0.1,0.1,-2.01,0.1,0.2,0.1,0.1,0.1,0.1,0.1,0.1,0.1,-1.95,0.1,0.1,0.1,0.1,0.1,0,0.1,0.2,0.1,-1.56,0.2,0.1,0.1,0.1,0.1,0.2,0.1,0.2,0.1,-1.3,0.1,0.1,0.1,0.1,0.1,0,0.1,0.2,0.1,-0.6,0.1,0.1,0,0,0.1,0.1,0.1,0.1,0.1,0.2,0.2,0.1,0.1,0,0.1,0.1,0,0.2,0.2,0.5,0.1,0.1,0.1,0.1,0.1,0.1,0,0
0.0000728,0.1,0.1,0.1,0.1,0.1,0.1,0,0.1,0.1,0.1,0.1,0.1,0.1,0.1,0.1,0,0.1,0.1,0.1,0.1,0.1,-1.25,0.1,0.1,0.1,0.1,0.2,0.1,0.1,0.2,0.1,-2.15,0.1,0.2,0.1,0.1,0,0.2,0.1,0.1,0.2,-2.01,0.1,0.1,0.1,0.1,0.1,0.1,0.1,0.1,0.1,-1.65,0.1,0.1,0.1,0.1,0,0.1,0,0,0.1,-1.34,0.1,0.1,0.1,0.1,0.1,0,0.1,0.1,0.1,-0.71,0.1,0.1,0,0.1,0.1,0.1,0.1,0,0.1,0.2,0,0.1,0.1,0.1,0.1,0.1,0.1,0.1,0.2,0.4,0.1,0.1,0.1,0.1,0.1,0.2,0,-0.1
0.000073,0.1,0.1,0.1,0.1,0.2,0.1,0.1,0.1,0.1,0.1,0.1,0,0.1,0,0.1,0.1,0.1,0.1,0.1,0,0.1,-1.21,0.1,0,0.1,0.1,0.1,0.1,0.2,0.2,0,-2.11,0.2,0.1,0.1,0.1,0.2,0.1,0.1,0.1,0.1,-2.15,0.1,0,0.1,0.1,0.1,0.2,0.1,0,0.1,-1.71,0.1,0.1,0.1,0.1,0.1,0,0.1,0,0.1,-1.52,0.1,0.1,0.1,0.1,0.1,0.2,0.1,0.1,0.1,-0.7,0.1,0.1,0.1,0.1,0.1,0.2,0.1,0.1,0,0.2,0.2,0,0.1,0.1,0.1,0.2,0.1,0.1,0.1,0.5,0,0.1,0.1,0.1,0.1,0,0.1,0
0.0000732,0,0.2,0.1,0,0.1,0.1,0,0.1,0.1,0.1,0.1,0.2,0.1,0.1,0.1,0.2,0.1,0,0.1,0.1,0.1,-1.32,0.1,0.1,0.1,0.1,0.1,0.1,0.1,0.1,0,-2.31,0,0.1,0.1,0.1,0.1,0.1,0.1,0,0,-2.17,0.1,0.1,0.1,0.1,0.1,0.1,0.2,0.1,0.1,-1.81,0.1,0,0.1,0.1,0,0.1,0.1,0.2,0.1,-1.61,0.1,0.1,0.1,0.1,0.1,0.1,0.1,0.1,0.1,-0.7,0.1,0.1,0,0.1,0.1,0.1,0.1,0.2,0.1,0.2,0.1,0.1,0.1,0.1,0.1,0.2,0.1,0.1,0.1,0.3,0.1,0,0.1,0.1,0.1,0.1,0,-0.1
0.0000734,0.1,0,0.1,0.1,0.1,0,0.1,0.1,0.1,0.1,0,0.1,0.1,0.2,0.1,0.1,0.1,0.1,0.1,0.1,0.1,-1.38,0.1,0.1,0.1,0.1,0.1,0.1,0.1,0.1,0,-2.45,0.1,0,0.1,0.1,0.2,0.1,0.1,0.1,0.1,-2.4,0.1,0,0,0.1,0.1,0.1,0.1,0.1,0.1,-1.91,0.1,0.1,0.1,0.1,0.2,0,0.2,0.1,0.1,-1.62,0.1,0.1,0.1,0.1,0.1,0,0.1,0.1,0.1,-0.7,0.1,0.1,0.1,0.1,0.1,0.1,0,0.1,0,0.3,0.1,0.1,0.1,0.1,0.1,0,0.2,0.1,0.1,0.4,0.1,0,0.1,0.1,0.2,0,0.1,0
0.0000736,0.1,0.1,0.1,0.1,0.1,0.1,0.1,0.1,0.1,0.1,0.1,0.2,0.1,0.1,0.1,0.1,0,0,0.1,0.1,0.1,-1.48,0.1,0.1,0.1,0.1,0,0.1,0.2,0.1,0.1,-2.45,0.1,0.1,0.1,0.1,0.2,0.1,0.1,0.1,0.1,-2.55,0.1,0.1,0.1,0.1,0.1,0.1,0.1,0.1,0,-2.05,0,0.1,0.1,0.1,0,0,0,0.1,0.1,-1.81,0.1,0.1,0.1,0.1,0.1,0.2,0.2,0.1,0,-0.8,0.1,0.2,0.1,0.1,0.1,0.1,0.1,0.1,0.1,0.2,0.1,0.1,0.1,0.1,0.1,0,0.1,0.1,0.1,0.3,0.1,0.2,0.1,0.1,0.1,0.1,0.1,0
0.0000738,0.2,0.1,0.1,-0.1,0.1,0.2,0.1,0.1,0.2,0.1,0.1,0.1,0.1,0.1,0,0.1,0.1,0.1,0.1,0,0.1,-1.53,0,0.1,0.1,0,0.1,0.1,0.1,0.1,0.1,-2.55,0.1,0.1,0.1,0.1,0.2,0,0.1,0.1,0.1,-2.61,0.1,0.1,0.1,0.1,0,0.1,0,0.1,0.1,-2.25,0.1,0.1,0.1,0.1,0.1,0.1,0.1,0.1,0.1,-1.91,0.1,0.1,0.1,0,0,0.1,0.2,0.1,0.1,-0.8,0.1,0.1,0.1,0.1,0,0.1,-0.1,0.1,0.1,0.1,0.1,0.1,0.1,0.1,0.1,0.1,0.1,0.1,0.1,0.3,0.1,0.1,0.1,0.1,0.1,0.1,0,0
0.000074,0.1,0.1,0.2,0.1,0.1,0,0.1,0,0.1,0.1,0,0.1,0.1,0.1,0.1,0.1,0.1,0.1,0.1,0.1,0,-1.53,0.1,0.1,0,0.1,0.1,0.1,0,0,0.2,-2.61,0.1,0.1,0.1,0.1,0.1,0.1,0,0.1,0.1,-2.71,0.1,0.1,0,0.1,0,0.1,0.1,0.1,0.1,-2.25,0,0.1,0.1,0.1,0.2,0.1,0.1,0.1,0.1,-1.97,0.1,0,0.1,0.1,0.1,0.1,0.1,0.1,0.1,-0.9,0.1,0.1,0.1,0.1,0.1,0.1,0.1,0.1,0.1,0.2,0.1,0.1,0.1,0.1,0.1,0.1,0.1,0.1,0.1,0.3,0.2,0.1,0.1,0.1,0,0.1,0.1,0
0.0000742,0,0.1,0.1,0.1,0.1,0.1,0.1,0,0.2,0.1,0.1,0,0,0.1,0.2,0.1,0.1,0.1,0,0.1,0,-1.63,0.1,0.1,0.1,0,0.1,0.1,0,0,0.1,-2.71,0.1,0.2,0,0.1,0.1,0.1,0.1,0.1,0.1,-2.81,0,0,0.1,0.1,0.1,0.1,0,0.1,0,-2.45,0.1,0,0.1,0.1,0.1,0.1,0.1,0.1,0.1,-1.97,0,0,0.1,0.2,0.1,0,0,0.2,0.1,-0.9,0.1,0.1,0.1,0.1,0.1,0.1,0.1,0.1,0.1,0.2,0.2,0.1,0.1,0.1,0.1,0,0.1,0.1,0.1,0.3,0.1,0.1,0.2,0.1,0.1,0.1,0,0
0.0000744,0,0.1,0.1,0.1,0.1,0.1,0.2,0.1,0.1,0.1,0.1,0,0.1,0.1,0.2,0.1,0.2,0.1,0.1,0,0.1,-1.73,0.1,0.1,0.1,0.1,0.1,0.1,0.1,0.1,0,-2.77,0.1,0.2,0,0.1,0.1,0.1,0.1,0.1,0,-2.95,0.1,0.1,0,0.1,0.1,0.1,0.1,0.1,0.1,-2.51,0.1,0.1,0.2,0.1,0.2,0.1,0,0.1,0.1,-2.07,0.1,0,0.1,0,0.1,0.1,0.1,0.1,0.1,-0.9,0.1,0.1,0.1,0.1,0.1,0.1,0.1,0.1,0.1,0.1,0.1,0.1,0.1,0,0.1,0,0.1,0.1,0.1,0.3,0.1,0.1,0.1,0.1,0.1,0.1,0.1,0
0.0000746,0,0.1,0.1,0.2,0.1,0.1,0.1,0,0.1,0.1,0.1,-0.1,0.1,0,0.1,0.1,0.1,0.1,0,0.1,0,-1.79,0.1,0.1,0.1,0.1,0.1,0.1,0.1,0.1,0.1,-2.91,0.1,0.1,0.1,0.1,0.1,0.1,0.1,0.1,0.1,-2.95,0.1,0.2,0.1,0.1,0.1,0.2,0.1,0,0.1,-2.61,0,0.1,0.1,0.1,0.1,0.1,0.1,0.1,0.1,-2.22,0.1,0,0.1,0.1,0.1,0.1,0.1,0.1,0.1,-0.9,0.1,0.1,0.1,0.1,0,0.1,0.1,0.1,0.1,0.1,0.1,0.1,0.1,0.1,0.1,0.1,0.1,0.1,0.1,0.4,0.1,0.1,0.1,0.1,0.1,0.1,0.1,0
0.0000748,0,0.1,0.1,0.1,0.1,0.1,0.1,0,0.1,0,0.1,0,0.1,0.1,0.1,0.1,0.1,0.1,0.1,0.1,0,-1.79,0.1,0.1,0.1,0.2,0.1,0.1,0.1,0.1,0.1,-3.01,0.1,0.1,0.1,0.1,0,0.1,0,0.1,0.1,-3.01,0.1,0.1,0.1,0.1,0.1,0.1,0.1,0.1,0,-2.71,0.1,0.1,0.1,0.1,0.1,0.1,0,0.1,0,-2.37,0.1,0.1,0.1,0.1,0,0.1,0.1,0.1,0.1,-1,0.1,0.1,0.1,0,0.1,0.1,0.1,0.1,0.1,0.2,0.1,0.1,0,0.1,0,0,0.1,0.1,0.1,0.4,0.1,0.1,0.1,0.1,0.1,0,0,-0.1
0.000075,0,0.1,0.1,0.1,0.2,0,0.1,0.1,0.1,0.1,0.1,-0.1,0.1,0,0,0.1,0.1,0.1,0.1,0.1,0,-1.89,0.1,0.1,0.1,0.1,0.1,0.1,0.1,0.1,0.1,-3.01,0.1,0.1,0.1,0.1,0,0.1,0.1,0.1,0,-3.15,0.1,0.1,0.1,0.1,0.1,0.1,0.1,0,0.1,-2.85,0.1,0.1,0.1,0.1,0.1,0.1,0.1,0.1,0.1,-2.51,0.2,0,0,0.1,0.1,0.1,0.1,0.1,0,-1,0,0.1,0.1,0.1,0.1,0.1,0.1,0.1,0.1,0.1,0.1,0.1,0.1,0.1,0.1,0.1,0.1,0.1,0.1,0.4,0.1,0.1,0.1,0,0.1,0.1,0,0
0.0000752,0,0.1,0.1,0.1,0.1,0.1,0.1,0.1,0.1,0.1,0.1,-0.1,0.1,0.1,0.1,0.1,0.2,0.1,0.1,0.1,0.1,-1.99,0.1,0.1,0.1,0.1,0.1,0.1,0.2,0.1,0.1,-3.11,0.1,0.1,0.1,0.1,0.1,0,0.1,0,0,-3.15,0.1,0,0.1,0.1,0.1,0.1,0.1,0.1,0.1,-2.85,0.1,0.1,0.1,0,0.1,0.1,0.1,0.1,0.1,-2.47,0.1,0.1,0.1,0.1,0,0.1,0.2,0.1,0,-1,0.1,0.2,0.1,0.1,0.1,0.1,0.1,0.1,0,0.1,0.1,0,0.2,0,0.1,0.1,0.1,0.1,0.1,0.4,0,0.1,0.1,0.1,0.1,0.1,0,0
0.0000754,0,0.1,0.1,0.1,0.1,0.2,0.1,0.1,0.1,0.1,0.1,0,0.1,0.1,0,0.2,0,0.1,0.1,0.1,0.1,-1.99,0.1,0.1,0.2,0.1,0,0.1,0.1,0,0.1,-3.21,0.1,0.1,0.1,0,0,0.1,0.1,0.1,0.1,-3.21,0.1,0,0.2,0.1,0.1,0.1,0.1,0.1,0.1,-2.95,0.2,0.1,0.2,0.1,0.1,0.1,0.2,0.1,0.1,-2.57,0,0.2,0.1,0.1,0.1,0.1,0.1,0.1,0.1,-0.9,0.1,0.2,0.1,0.1,0.1,0.1,0.1,0,0.1,0,0.1,0.1,0.1,0.1,0.1,0,0,0.2,0.1,0.4,0.1,0.1,0.1,0.1,0.1,0.1,0,0
0.0000756,0,0.1,0.1,0.1,0.2,0,0,0.1,0.1,0.1,0.1,-0.1,0,0.1,0.1,0.2,0.1,0.1,0.1,0.1,0,-2.1,0.1,0.1,0.1,0.2,0.1,0.1,0,0.1,0.1,-3.21,0.1,0.1,0.1,0.1,0.1,0.1,0.1,0.1,0.1,-3.25,0.1,0,0,0.1,0.1,0.1,0,0.1,0,-2.91,0.1,0.1,0.1,0.2,0.1,0.1,0.1,0.1,0.1,-2.71,0.2,0.2,0.2,0.1,0.1,0.1,0.1,0.1,0.1,-1,0,0.1,0.2,0.1,0,0.1,0.1,0.1,0.1,0.1,0.1,0.1,0.2,0.1,0.1,0.1,0.1,0.1,0.1,0.3,0.1,0,0,0.1,0.1,0.1,0,0.1
0.0000758,-0.1,0.2,0.1,0.1,0.1,0.1,0.1,0,0.1,0.1,0.1,0,0.1,0.1,0.1,0.1,0.1,0.2,0.1,0,0.1,-2.16,0.1,0.1,0.1,0.1,0.1,0,0.1,0.2,0.1,-3.21,0,0.1,0,0,0.1,0.1,0.1,0.1,0.1,-3.25,0,0.1,0,0.1,0.1,0.1,0.2,0.1,0.1,-2.95,0.2,0.2,0,0.1,0.1,0.1,0.1,0.1,0.1,-2.81,0.1,0,0.1,0.1,0.1,0.1,0.1,0.1,0.1,-1,0.1,0.1,0.1,0,0.1,0,0.2,0.1,0.1,0.1,0.1,0,0.1,0.1,0.1,0.1,0.1,0,0.1,0.2,0.1,0.1,0.1,0.1,0.1,0.2,0,0
0.000076,0,0.1,0.1,0.1,0.1,0.1,0.1,0.1,0.1,0.1,0.1,-0.1,0.1,0.1,0.2,0.1,0.1,0.1,0.1,0.1,0,-2.18,0,0.1,0.1,0.1,0.1,0,0.1,0.1,0.1,-3.25,0.1,0.1,0.2,0.1,0,0.1,0,0.1,0.1,-3.31,0.1,0.1,0.1,0.1,0.1,0.2,0.1,0,0.1,-3.05,0.1,0.1,0,0.1,0.1,0.1,0.1,0.1,0.1,-2.81,0.1,0.1,0.1,0.2,0.1,0.1,0.1,0.1,0.1,-1,0.1,0.1,0.1,0.1,0.1,0.1,0.1,0.1,0.1,0.1,0.2,0.1,0.1,0.1,0.2,0.1,0.1,0.1,0.1,0.2,0.1,0.1,0.1,0.1,0.1,0,0.1,0
0.0000762,0,0.1,0.1,0.1,0.1,0,0.1,0.1,0.1,0.1,0.1,0,0.1,0.1,0,0.1,0.1,0.1,0.1,0.1,0.1,-2.05,0.1,0.1,0,0.1,0.1,0.2,0.1,0.1,0.1,-3.21,0.1,0.1,0.1,0.1,0.1,0.1,0.1,0.1,0.1,-3.31,0.1,0.1,0.1,0.1,0.1,0.2,0.1,0,0.1,-3.15,0.1,0.1,0.1,0.1,0,0.1,0,0.1,0.1,-2.91,0.1,0.1,0.1,0.1,0.1,0.1,0,0.1,0,-1,0.1,0.1,0.1,0.1,0,0.1,0.1,0.1,0.1,0.1,0.2,0,0.1,0.1,0.1,0.1,0.1,0.2,0.2,0.3,0.1,0.1,0.1,0.1,0.1,0.1,0.1,0
0.0000764,0.1,0.1,0.2,0.1,0.1,0.1,0.1,0.1,0.1,0.1,0,0,0.1,0.1,0.1,0.1,0.2,0.1,0.1,0.1,0,-2.15,0.2,0,0.1,0.1,0.1,0.1,0,0.1,0.1,-3.25,0.1,0.1,0.1,0.1,0.1,0.1,0,0.1,0,-3.45,0.1,0.1,0.2,0.1,0.1,0.1,0.1,0,0,-3.25,0.1,0.1,0.1,0.1,0.1,0.1,0.1,0.2,0.1,-2.91,0.1,0.2,0.1,0.1,0.1,0.1,0.1,0.1,0.2,-1,0.1,0.1,0.1,0.1,0,0.1,0.1,0,0.2,0,0.1,0.1,0.1,0.1,0.1,0.1,0.1,0.1,0.1,0.3,0.1,0.2,0,0.1,0.1,0.1,0,-0.1
0.0000766,0,0.1,0.1,0.1,0.1,0.1,0.1,0.1,0.2,0,0.1,0,0.1,0.1,0.1,0.1,0.2,0.1,0.2,0.1,0.2,-2.15,0.2,0.1,0.1,0.1,0,0.1,0.1,0.1,0.1,-3.31,0.1,0,0.1,0.1,0.1,0,0.1,0.2,0,-3.55,0.1,0.1,0.1,0.1,0.1,0.1,0.1,0.1,0.1,-3.21,0.2,0.1,0.1,0.1,0,0.1,0.1,0.1,0.1,-2.91,0.1,0.1,0.1,0.1,0.1,0.1,0.1,0.1,0.1,-1,0.1,0.1,0.1,0.1,0.1,0.2,0.1,0,0,0.1,0,0.1,0.1,0,0.1,0.1,0.1,0,0.1,0.3,0.1,0.1,0.1,0,0.1,0.2,0.1,0
0.0000768,0.1,0.1,0,0,0.1,0,0,0.1,-0.1,0.1,0.1,-0.1,0.1,0.1,0.2,0.1,0.1,0.2,0.1,0.1,0.1,-2.19,0.1,0.1,0.1,0.1,0.1,0.1,0.2,0.1,0.1,-3.27,0,0.1,0.1,0.1,0,0.1,0.1,0.1,0,-3.65,0.1,0.1,0.1,0,0.2,0.1,0.1,0.1,0.2,-3.21,0,0.1,0.1,0,0.1,0.1,0.1,0.2,0.1,-2.97,0,0.1,0.2,0.1,0.1,0.1,0.1,0.1,0.1,-1,0.1,0.1,0.1,0.1,0,0,0.1,0.1,0,0,0.1,0.1,0.1,0,0.1,0.2,0.1,0,0.2,0.3,0.1,0.1,0.1,0.1,0.1,0.1,0.1,0
0.000077,0.1,0.1,0.1,0.1,0.1,0.1,0.1,0.1,0.1,0.1,0.1,-0.1,0.1,0,0,0.2,0.1,0.1,0,0.1,0.1,-2.23,0.1,0.1,0.1,0.1,0,0.1,0.1,0.1,0.1,-3.31,0.1,0.1,0.1,0.2,0.1,0.1,0.1,0.1,0.1,-3.65,0.1,0.1,0.1,0.1,0.1,0.1,0.1,0.1,0.1,-3.35,0.1,0.1,0,0,0.1,0.1,0.1,0.1,0.1,-3.11,0.1,0.1,0.1,0.1,0.1,0.1,0.1,0.1,0.1,-1,0.1,0.1,0.1,0.2,0.2,0.1,0.1,0.1,0.1,0.1,0.1,0.2,0.2,0.1,0.1,0.2,0.1,0.1,0.1,0.3,0.1,0.1,0.1,0.1,0.1,0.1,0.1,0
0.0000772,0,0.1,0.1,0.1,0,0.2,0.1,0.1,0.1,0.1,0.1,-0.1,0.1,0.1,0,0.1,0.1,0,0.1,0.2,0.1,-2.28,0.1,0.2,0,0.1,0,0.1,0.1,0.1,0.1,-3.55,0.1,0.1,0,0.1,0.1,0.1,0,0,0.1,-3.8,0.1,0.1,0,0.1,0.1,0.1,0.1,0.1,0.1,-3.35,0.1,0.1,0,0.1,0.1,0.1,0.1,0.1,0.1,-3.11,0.1,0,0.1,0.1,0.1,0.1,0.1,0.1,0.1,-1,0.1,0.1,0.1,0.1,0,0.1,0,0.2,0.2,0.1,0.1,0.1,0.1,0.1,0,0.1,0.1,0,0.1,0.2,0.1,0.1,0,0.1,0,0.1,0.1,0
0.0000774,0.1,0.1,0.1,0.1,0.1,0.1,0.1,0.1,0,0.1,0.1,-0.1,0.1,0.1,0,0.1,0.1,0.1,0.1,0.1,0.1,-2.42,0.1,0.1,0.1,0.1,0.1,0.1,0.1,0.2,0.1,-3.55,0,0.1,0.1,0.1,0.1,0.1,0.1,0.1,0.1,-3.75,0.1,0.1,0.1,0.1,0.2,0.1,0.1,0.1,0,-3.45,0,0.1,0.1,0.1,0.2,0.1,0.2,0.1,0.2,-3.07,0.1,0,0.2,0.1,0.1,0.1,0.1,0.1,0.1,-1.1,0.1,0,0.1,0.1,0.1,0.2,0.1,0.1,0.1,0,0.1,0.1,0.1,0.2,0.1,0.1,0.1,0.1,0.1,0.3,0.1,0.2,0.1,0,0.1,0.1,-0.1,0.1
0.0000776,0,0.1,0.1,0,0.1,0.1,0.1,0.1,0.1,0.1,0,-0.1,0.1,0.1,0.1,0.1,0.1,0.1,0.1,0.2,0.1,-2.42,0.2,0.1,0,0,0.1,0,0.1,0,0,-3.55,0.1,0.1,0.1,0.1,0,0,0.1,0.1,0.1,-3.65,0.2,0.1,0.1,0.1,0,0,0.1,0,0.1,-3.45,0.1,0.1,0.1,0,0.1,0.1,0.1,0.1,0.1,-3.11,0.1,0.1,0.1,0.1,0,0.1,0.1,0.1,0.1,-1.2,0.1,0.1,0.1,0.1,0.1,0.1,0.1,0.2,0.1,0,0.1,0.1,0.2,0.1,0.1,0.1,0,0.1,0.1,0.3,0.1,0.1,0.1,0.1,0.2,0.1,0,0.1
0.0000778,0.1,0.1,0,0.1,0,0.2,0.2,0.1,0.1,0.1,0,-0.1,0.1,0.1,0,0.1,0.1,0.1,0,0.1,0.1,-2.42,0.1,0.1,0.1,0,0,0.2,0.1,0.1,0.1,-3.61,0.1,0.1,0.1,0.1,0.1,0.1,0.1,0.1,0.1,-3.75,0.1,0.1,0.1,0.1,0.1,0.2,0,0.1,0.1,-3.55,0.1,0,0.1,0.1,0.2,0.1,0.1,0.1,0.1,-3.21,0.1,0.1,0.2,0.1,0.1,0.1,0.1,0.1,0.1,-1.2,0.1,0.2,0.1,0.1,0,0.1,0.1,0,0.1,0,0.2,0.1,0.1,0.1,0.1,0.1,0.1,0.2,0.1,0.3,0.1,0,0.1,0.1,0.1,0.1,-0.1,0
0.000078,0.1,0.1,0,0.1,0.1,0.1,0.1,0.1,0.1,0,0.1,-0.1,0.1,0.1,0,0.2,0.1,0.1,0.1,0.1,0.1,-2.46,0.1,0.1,0,0.1,0.2,0.1,0,0.1,0.2,-3.61,0.1,0.1,0.1,0.1,0.1,0.1,0.1,0.1,0.1,-3.65,0,0.2,0.1,0.1,0.1,0.1,0.1,0.1,0.1,-3.55,0.2,0.1,0.1,0.1,0.2,0.1,0.1,0.1,0.1,-3.21,0.1,0.1,0.1,0.1,0.1,0.1,0.1,0.1,0.1,-1.2,0.1,0.1,0.1,0,0.1,0.2,0.1,0.1,0.1,0,0.1,0.2,0.1,0.1,0.2,0.1,0.1,0.1,0.1,0.2,0,0.1,0.1,0,0.1,0,0,0
0.0000782,0,0.1,0.1,0.1,0.1,0.1,0.1,0.2,0.1,0.1,0.1,-0.2,0.1,0.2,0.1,0.1,0.1,0.1,0.1,0,0.2,-2.52,0.1,0.1,0.1,0.1,0.1,0,0.1,0.1,0.1,-3.65,0.1,0,0.1,0.1,0.1,0.2,0.1,0.1,0,-3.75,0,0.1,0.1,0.1,0.1,0.1,0.1,0.1,0.1,-3.55,0.2,0.1,0.1,0.1,0.1,0.1,0.1,0,0.1,-3.21,0.1,0.1,0,0.1,0.1,0.2,0.1,0.1,0.1,-1.2,0,0,0.1,0,0.1,0.1,0.1,0.1,0,0,0.1,0.1,0.1,0.1,0.1,0.1,0.1,0.1,0,0.2,0.1,0.1,0.1,0,0.3,0.1,0,0
0.0000784,0,0.1,0.2,0.1,0.1,0.1,0.2,0.1,0,0.1,0.1,-0.2,0,0.1,0.1,0,0.1,0.2,0.1,0.2,0,-2.48,0,0,0.1,0.1,0.1,0,0.1,0.1,0.1,-3.65,0.1,0.1,0.1,0.1,0.1,0.1,0.1,0.1,0.1,-3.85,0.1,0,0.1,0.1,0.1,0.1,0.1,0,0.1,-3.55,0.1,0,0.1,0.1,0.1,0.1,0.1,0.2,0.1,-3.31,0.1,0.1,0.1,0.1,0.1,0.1,0.1,0.1,0.1,-1.1,0.2,0.1,0.1,0,0.1,0.1,0.1,0.1,0.1,0,0.1,0.1,0.1,0.1,0.1,0.1,0.1,0.2,0.1,0.2,0.1,0.1,0.1,0,0.1,0,0,0
0.0000786,-0.1,0.1,0.1,0.1,0.1,0.1,0.1,0.1,0.1,0.1,0.1,-0.3,0.2,0,0.2,0.2,0.1,0.1,0.2,0.1,0.1,-2.45,0.1,0.1,0.1,0.1,0.2,0.1,0.1,0.1,0.1,-3.61,0.1,0,0.1,0.1,0.1,0.1,0.1,0.1,0.1,-3.85,0.1,0.1,0.1,0.1,0.1,0.1,0.2,0.1,0.2,-3.61,0.1,0.1,0.2,0.1,0.1,0.1,0.1,0.1,0.1,-3.31,0,0.1,0.1,0.2,0.1,0.1,0.1,0.1,0.1,-1.2,0.1,0.1,0.1,0.1,0.1,0,0.2,0.1,0.1,0,0.1,0.2,0.2,0.1,0.1,0.1,0.1,0.1,0.1,0.2,0.1,0.1,0.1,0.1,0.2,0.2,0,-0.1
0.0000788,0.1,0.1,0.1,0.1,0.1,0.2,0.1,0.1,0.1,0.1,0.1,-0.2,0.1,0.1,0.2,0.1,0.2,0,0.1,0,0.1,-2.46,0.1,0.1,0.1,0.1,0.1,0,0.1,0.2,0,-3.65,0.1,0.1,0.1,0.1,0.1,0.1,0,0.1,0.1,-3.95,0.1,0.1,0.1,0.1,0.1,0.1,0.1,0.1,0.1,-3.65,0,0.1,0.1,0.1,0,0.1,0.1,0.1,0.1,-3.37,0.1,0.1,0.1,0.1,0.1,0,0,0,0.2,-1.2,0.1,0,0.1,0.2,0.1,0.1,0.1,0.1,0.1,0,0.1,0.1,0,0.1,0.1,0.1,0.1,0.1,0.1,0.2,0.1,0.1,0.1,0.2,0.1,0.1,0.1,0
0.000079,0,0.1,0.1,0.1,0.1,0.1,0.2,0.1,0.1,0.1,0.1,-0.2,0,0.1,0,0,0.1,0.1,0.1,0.1,0.1,-2.37,0.1,0.1,0.1,0.1,0.1,0.1,0.2,0.1,0.1,-3.61,0.1,0.1,0.1,0.1,0.1,0,0.1,0.1,0.1,-3.95,0.1,0,0.1,0.1,0.2,0.1,0.1,0.1,0.1,-3.61,0.1,0.1,0.1,0.1,0.1,0.1,0,0.1,0.1,-3.37,0.1,0.1,0,0.1,0.1,0.1,0.1,0.1,0.1,-1.1,0.2,0.1,0.1,0.1,0.1,0.1,0,0.1,0.1,-0.1,0.1,0,0.1,0.1,0.1,0.1,0.1,0.1,0.1,0.2,0.1,0.1,0.2,0,0,0.1,0,0
0.0000792,0.1,0.1,0.1,0.1,0.1,0.2,0,0,0.1,0.1,0.1,-0.2,0.1,0.1,0.1,0.1,0,0.1,0.1,0.2,0,-2.52,0,0.1,0.1,0.1,0.1,0,0.1,0,0,-3.61,0.1,0.1,0.1,0,0.1,0.1,0,0.1,0.1,-4.05,0.1,0.1,0.1,0.1,0.1,0,0.2,0.1,0.2,-3.51,0.1,0.1,0.1,0.1,0.1,0.1,0.1,0.1,0.1,-3.41,0.1,0.1,0.1,0.1,0.1,0.1,0.1,0.1,0.1,-1.2,0.1,0.1,0.1,0.1,0.1,0.1,0.1,0.1,0.1,0,0.1,0.1,0,0.1,0.1,0.1,0.1,0,0.1,0.2,0.2,0.1,0.1,0.1,0.1,0.1,0.1,0
0.0000794,0.1,0.2,0.1,0,0.1,0.1,0,0.1,0.1,0.1,0,-0.2,0.1,0.1,0,0,0.1,0.1,0.1,0.1,0.1,-2.47,0.1,0.1,0.1,0.1,0.2,0.1,0.1,0,0.1,-3.65,0.1,0.1,0.1,0.1,0.1,0,0.1,0.1,0.1,-4.05,0.1,0.1,0.1,0.1,0.1,0.1,0.1,0.1,0.1,-3.65,0.1,0.1,0.1,0.1,0.1,0.1,0.1,0.1,0.1,-3.41,0.1,0.1,0.1,0.1,0.1,0.1,0,0.1,0.1,-1.2,0.1,0.1,0.1,0.1,0.2,0.1,0.1,0.1,0.1,0,0.1,0.2,0.1,0.1,0.1,0,0.1,0.1,0.1,0.2,0.1,0.1,0.2,0,0.1,0,0.1,0
0.0000796,0,0.1,0,0.1,0.1,0,0,0,0.1,0.1,0.1,-0.2,0.1,0.1,0.1,0.2,0.1,0.1,0.1,0.1,0.1,-2.56,0.1,0.1,0.1,0.1,0.1,0.1,0.1,0.1,0.1,-3.71,0.2,0.1,0.1,0.1,0.1,0.1,0.1,0,-0.1,-4.05,0.1,0.1,0.1,0.1,0.1,0.2,0.1,0.1,0.1,-3.65,0.1,0.1,0.1,0.1,0.1,0.1,0.1,0.1,0.1,-3.51,0.1,0.1,0.1,0.1,0.1,0.2,0,0.1,0.1,-1.2,0.2,0.1,0.1,0.1,0.1,0.1,0.1,0.1,0.1,0,0.1,0,0.2,0,0.1,0.1,0.1,0.1,0.1,0.1,0.1,0.1,0.1,0.1,0.1,0,0.2,0
0.0000798,0.1,0.1,0.1,0.1,0,0.1,0.1,0.1,0.1,0.1,0.1,-0.2,0.1,0.1,0.2,0.1,0,0.1,0,0,0.1,-2.65,0.1,0.1,0.1,0.1,0.1,0.1,0.1,0.1,0.1,-3.71,0.1,0.1,0.1,0.2,0,0,0.1,0.1,0.1,-4.01,0.1,0.1,0.1,0.1,0.1,0.1,0.1,0.1,0.2,-3.65,0,0.1,0.1,0,0.1,0.1,0.1,0.2,0.1,-3.51,0.2,0.2,0.1,0.1,0.1,0.1,0.1,0.1,0.1,-1.1,0.1,0.1,0.1,0.1,0.1,0.1,0.1,0.1,0.1,0,0.1,0,0.1,0.1,0.1,0.1,0.1,0.1,0,0.1,0.1,0.1,0.1,0.2,0.1,0.1,0.1,0
0.00008,0.1,0.1,0.2,0.1,0.1,0.1,0.1,0.1,0.1,0.1,0.1,-0.2,0.1,0.1,0.2,0.1,0,0.2,0,0.1,0,-2.55,0.1,0.1,0.1,0.1,0.1,0.1,0.1,0,0.1,-3.75,0.2,0.1,0.1,0,0.1,0,0.1,0.1,0,-4,0.1,0.1,0.1,0.1,0.1,0.1,0.2,0.1,0.1,-3.75,0,0.1,0,0.1,0.2,0,0.1,0.1,0.1,-3.47,0,0,0.1,0.1,0.2,0.1,0.1,0.2,0.2,-1.3,0.1,0.1,0.1,0,0.1,0.1,0.1,0.1,0,0,0.1,0,0.1,0.2,0.1,0,0.1,0.1,0.1,0.2,0.1,0.2,0.1,0,0.1,0.1,0,-0.1
0.0000802,0,0.1,0.1,0.1,0.1,0.1,0.1,0.1,0.2,0.1,0.1,-0.2,0,0.1,0.1,0.1,0.1,0.1,0.2,0.1,0,-2.55,0.2,0.1,0.2,0.1,0.1,0.1,0.2,0.1,0.1,-3.85,0.1,0.1,0.2,0,0.1,0,0.1,0.1,0.1,-3.95,0.1,0.1,0.1,0,0.1,0.1,0.1,0.1,0.1,-3.81,0.1,0.1,0.1,0.1,0.1,0.1,0.1,0.1,0.2,-3.51,0.1,0.1,0.1,0.1,0.1,0.1,0,0.1,0,-1.2,0.1,0.1,0.1,0.1,0.1,0.1,0.1,0.1,0.2,0.2,0.1,0,0.1,0.1,0.2,0.2,0.1,0.1,0.1,0.1,0.1,0.1,0.1,0.1,0.1,0.2,-0.1,-0.1
0.0000804,0,0.1,0.1,0.2,0,0,0.1,0.1,0.1,0.1,0.1,-0.2,0.1,0.2,0.1,0.1,0.2,0.1,0.1,0.1,0,-2.69,0.1,0.1,0.1,0.2,0,0.1,0.1,-0.1,0.1,-3.85,0.1,0.1,0.1,0.1,0.1,0.1,0.1,0.1,0.1,-4,0.1,0.1,0.1,0.2,0.2,0.1,0.1,0,0.2,-3.85,0.1,0.1,0.1,0.1,0.1,0.1,0.1,0.1,0.1,-3.47,0.1,0.1,0.1,0.1,0.1,0.1,0.1,0.1,0.2,-1.2,0.1,0.1,0.1,0.1,0.1,0,0.1,0.2,0.1,0,0.1,0,0.1,0.1,0.1,0.1,0,0.1,0.2,0.2,0.1,0.1,0.1,0.1,0.1,0.1,0,0
0.0000806,0,0.2,0.1,0.1,0.1,0.2,0,0.1,0.2,0.1,0.1,-0.2,0.1,0.1,0.1,0,0.1,0.1,0.2,0.2,0.2,-2.69,0.1,0.1,0.1,0.1,0.1,0.1,0,0.1,0.1,-3.81,0.1,0.1,0.1,0.1,0.1,0,0.1,0.1,0.1,-3.95,0,0.1,0,0.1,0.1,0.1,0.1,0.1,0.1,-3.85,0.1,0.1,0.1,0.2,0.2,0.1,0,0,0,-3.51,0.1,0.1,0.1,0.1,0.1,0.2,0.1,0.1,0.1,-1.2,0,0.1,0.1,0.1,0.1,0.1,0.1,0.1,0.1,-0.1,0,0.1,0.1,0.1,0.1,0.1,0.1,0.1,0.1,0.1,0.1,0.1,0.1,0.1,0,0.1,0,0
0.0000808,0,0.2,0.1,0.1,0.1,0,0.1,0,0.1,0,0.1,-0.2,0.1,0.1,0.1,0.1,0.2,0.1,0.1,0.1,0.1,-2.6,0.1,0.1,0.1,0.1,0,0.2,0.1,0.1,0.1,-3.85,0.1,0.1,0.1,0.1,0.2,0.1,0.1,0.1,0.1,-4.1,0.1,-0.1,0.1,0.1,0.1,0.1,0.1,0.2,0.1,-3.85,0.1,0.1,0.1,0.1,0.1,0.1,0.1,0.1,0.1,-3.61,0.1,0.2,0.1,0.1,0.1,0.1,0.2,0.1,0,-1.2,0.1,0.1,0.1,0.1,0.2,0.1,0.1,0.2,0,0.1,0,0.1,0.1,0.1,0.1,0.1,0.1,0.1,0.1,0.2,0.1,0.1,0,0.1,0.1,0.1,0,0
0.000081,0,0.1,0.1,0.1,0.1,0.1,0.1,0.1,0.1,0.1,0.1,-0.2,0.1,0.1,0.1,0.1,0.2,0.1,0.1,0.1,0,-2.7,0.1,0.1,0.1,0.1,0.1,0.1,0.1,0.1,0.1,-3.85,0.1,0.1,0,0.1,0,0,0.1,0.1,0.1,-4.1,0.1,0.2,0.1,0.1,0.1,0.1,0.1,0,0.1,-3.9,0.1,0.1,0.2,0.1,0.1,0.1,0,0.1,0,-3.61,0,0.2,0.1,0.1,0.1,0.1,0,0.1,0.1,-1.3,0.1,0.1,0.1,0.1,0,0.1,0.1,0,0.1,0,0.1,0.1,-0.1,0.1,0.1,0.1,0.1,0.1,0.1,0.2,0.1,0.1,0,0.1,0.1,0,0,0.1
0.0000812,0,0.1,0.1,0.1,0.1,0,0,0.2,0.1,0.1,0.1,-0.2,0.1,0.1,0.1,0.1,0.2,0.1,0.1,0.1,0.1,-2.56,0.1,0.1,0.1,0.1,0.1,0.2,0.1,0.1,0.1,-3.85,0.1,0.1,0.1,0.1,0,0.2,0.1,0,0.1,-4.05,0.1,0.1,0.1,0.1,0.1,0.1,0,0.1,0.1,-3.85,0,0.2,0.2,0.1,0.1,0,0.1,0.1,0.1,-3.61,0.1,0,0.1,0.1,0.1,0.1,0.1,0.1,0.1,-1.2,0.1,0.1,0.1,0.1,0.1,0.1,0.1,0.1,0.1,0.1,0.1,0.1,0.1,0.1,0.1,0.1,0.1,0.1,0,0.2,0.1,0.1,0.1,0.1,0.1,0.1,0,0
0.0000814,0,0.1,0.1,0.2,0.1,0.1,0,0,0.1,0.1,0.1,-0.2,0.1,0.1,0.1,0.1,0.1,0.2,0.1,0.1,0.2,-2.62,0.1,0.1,0.1,0.1,0.2,0.1,0.1,0.1,0.1,-3.81,0,0.1,0,0.1,0.1,0.1,0.1,0.1,0,-4.2,0.1,0.1,0.1,0.1,0.1,0.2,0.1,0.1,0.1,-3.85,0.1,0,0.1,0.1,0.1,0.2,0.1,0.1,0.1,-3.67,0.1,0.2,0.1,0,0.1,0.1,0.1,0.1,0.1,-1.3,0.1,0,0.1,0.1,0.1,0.1,0.1,0.1,0,0,0.1,0.1,0,0.1,0.1,0.1,0.1,0.1,0.1,0.2,0.1,0.1,0.1,0,0.1,0.1,0.1,0
0.0000816,0.1,0.1,0.1,0.1,0.1,0.1,0.1,0.1,0.1,0.2,0,-0.3,0.1,0.1,0.1,0.1,0.1,0.1,0.1,0.1,0.1,-2.66,0.2,0.2,0.1,0.1,0.1,0.1,0.1,0.1,0.1,-3.85,0.1,0.1,0.1,0.1,0.1,0.2,0.1,0.1,0.2,-4.15,0,0.1,0,0.1,0.1,0.1,0.1,0.1,0.1,-4,0.1,0,0,0.1,0.1,0.1,0.1,0.1,0.1,-3.71,0.1,0,0.1,0.1,0.1,0.1,0.2,0.2,0.2,-1.3,0.2,0.1,0,0.1,0.1,0.1,0.1,0.1,0.1,-0.1,0.1,0.1,0.1,0.1,0,0.1,0,0.1,0.1,0.2,0.1,0.1,0.1,0.1,0,0.1,0.1,0
0.0000818,0.1,0.1,0.1,0.1,0.1,0.2,0.1,0.2,0.1,0.1,0.1,-0.3,0,0,0,0,0.1,0.1,0.1,0.1,0,-2.66,0.1,0.1,0.1,0.1,0.2,0.1,0.1,0.1,0.1,-3.9,0.1,0.2,0,0.1,0.1,0,0.1,0.1,0.2,-4.15,0.2,0.1,0.1,0.1,0.1,0.2,0.1,0.1,0.1,-3.85,0.1,0.1,0.1,0.1,0.1,0.1,0.1,0,0.2,-3.57,0.1,0,0.1,0.1,0.1,0.1,0.1,0.1,0.1,-1.2,0.1,0.1,0.1,0.1,0.1,0.1,0.1,0.1,0.1,0,0.1,0.2,0.1,0,0,0.1,0.1,0.1,0.1,0.1,0.1,0,0.1,0,0.1,0.1,0,0
0.000082,0.1,0.1,0.1,0,0.2,0.2,0.1,0.1,0.1,0.1,0,-0.2,0.1,0.1,0.1,0.1,0.1,0.1,0.1,0.1,0.1,-2.62,0.1,0.2,0.1,0.1,0.1,0.1,0,0,0.1,-3.91,0.1,0.1,0.1,0,0,0.1,0.1,0.1,0.2,-4.11,0.1,0.1,0.1,0.1,0.1,0.1,0.1,0.1,0.1,-4,0.1,0.1,0.1,0.1,0.1,0.1,0.1,0.1,0.1,-3.65,0.1,0.1,0.1,0.1,0.1,0.1,0.2,0.1,0.1,-1.3,0.1,0.1,0.1,0.1,0.1,0.1,0.1,0.1,0.1,-0.1,0.2,0,0.2,0.1,0.1,0.1,0.1,0.1,0.1,0.1,0.1,0.2,0.1,0.1,0.1,0.1,0.1,0
0.0000822,0,0.1,0.1,0.1,0.2,0.1,0.1,0.1,0,0.1,0.1,-0.1,0.2,0.1,0.1,0.1,0.2,0.1,0.1,0.1,0.1,-2.62,0.2,0.1,0.1,0.2,0.1,0.2,0.1,0.1,0.1,-3.95,0.1,0.1,0,0.1,0.1,0.1,0,0.1,0.1,-4.15,0.1,0,0.1,0.1,0.1,0.1,0.1,0.1,0.1,-3.95,0,0.1,0.1,0.1,0,0.1,0,0.1,0.1,-3.61,0.1,0.1,0.1,0.1,0.1,0.1,0.1,0.1,0.1,-1.2,0.1,0.2,0.1,0.1,0.2,0.2,0.1,0.1,0.1,-0.1,0.2,0,0,0,0.1,0.1,0.1,0.1,0.1,0.2,0.1,0.1,0.1,0.1,0.1,0.1,0.1,-0.1
0.0000824,0.1,0.1,0.1,0.1,0.1,0.1,0.1,0.1,0,0.1,0.1,-0.3,0,0.1,0.1,0.1,0.1,0.2,0.1,0.1,0.1,-2.62,0.1,0.1,0.1,0.1,0.1,0.1,0.1,0.1,0.2,-3.95,0.1,0.1,0.1,0.1,0.1,0.1,0,0.1,0.1,-4.15,0.1,0.1,0.1,0.1,0.1,0.1,0.1,0,0.1,-4,0.1,0.2,0,0.1,0.1,0.1,0.1,0.1,0.1,-3.61,0.1,0.1,0.1,0.1,0.1,0.1,0.1,0.1,0.1,-1.2,0.1,0,0.1,0.1,0.1,0.1,0.1,0.1,0.2,-0.1,0.1,0,0.1,0.1,0.1,0.1,0,0.1,0.2,0.1,0.1,0.1,0.1,0.1,0.1,0.1,0.1,-0.1
0.0000826,0,0.1,0.1,0.1,0.2,0.1,0.1,0,0,0.2,0.1,-0.3,0.1,0.1,0.1,0.1,0.1,0.2,0.2,0.1,0.1,-2.76,0.1,0.1,0.1,0.1,0.1,0.1,0.1,0.1,0.1,-4.05,0.1,0.1,0.2,0.1,0.1,0.1,0.1,0.1,0.1,-4.05,0.1,0.1,0.1,0.1,0.2,0.1,0.1,0.2,0.1,-4,0.2,0,0.1,0.1,0.1,0.2,0.1,0.1,0.1,-3.57,0.1,0.1,0,0.1,0.1,0,0.2,0.1,0.1,-1.2,0.1,0.1,0.1,0.1,0.1,0.1,0.1,0.2,0.1,-0.1,0.1,0.1,0,0.1,0,0.2,0.1,0.1,0.2,0.1,0.1,0,0.1,0.1,0.1,0.1,0,-0.1
0.0000828,0,0.1,0,0.1,0.1,0.1,0.2,0.1,0.1,0.1,0.1,-0.3,0.1,0.1,0.1,0.1,0.1,0.1,0.1,0.1,0,-2.62,0.1,0.1,0.1,0.1,0.1,0,0.1,0.2,0.1,-4.05,0.1,0.1,0.1,0,0.1,0.1,0.1,0.2,0.1,-4.05,0.1,0.1,0.1,0.1,0,0,0.1,0.1,0.1,-4.05,0.1,0.1,0.1,0.1,0.1,0.1,0.1,0.1,0.1,-3.67,0.2,0.1,0,0.1,0,0.1,0,0.1,0.1,-1.3,0,0.1,0.1,0.1,0.2,0.2,0.1,0.1,0,-0.1,0.1,0.1,0.1,0.1,0.1,0.1,0.2,0.1,0.1,0.2,0.1,0.1,0.1,0.2,0.1,0.1,0.1,-0.1
0.000083,0.1,0.1,0.1,0.1,0.1,0.1,0.2,0.1,0.2,0.1,0.1,-0.4,0.1,0.1,0,0.1,0.1,0.1,0,0.1,0.1,-2.72,0.1,0.1,0.1,0.1,0,0.1,0.1,0.1,0.1,-4.01,0.1,0,0.1,0.1,0.1,0.1,0.1,0.1,0.1,-4.05,0,0.1,0.2,0.1,0.1,0.1,0.1,0.1,0.2,-4.05,0.1,0.1,0.1,0.1,0.1,0.2,0.1,0,0.1,-3.77,0.1,0.1,0.1,0.1,0.1,0.2,0.1,0.1,0,-1.3,0.1,0.1,0.1,0.1,0.1,0.1,0.1,0.1,0.1,-0.1,0.1,0.1,0.1,0.1,0.1,0.1,0.1,0,0.1,0.2,0.1,0.1,0.1,0,0,0.1,0,0
0.0000832,0.1,0,0,0,0.2,0.1,0.1,0.2,0.1,0.1,0.1,-0.3,0.1,0.1,0.1,0.1,0.1,0,0.1,0.1,0.1,-2.66,0.1,0.1,0.1,0,0.1,0.1,0.1,0.1,0.1,-4.05,0.1,0.1,0.1,0.1,0.1,0.1,0.1,0.1,0.1,-4.15,0.1,0,0,0.1,0.1,0.1,0.1,0.1,0.1,-3.95,0.1,0.1,0.1,0.1,0.1,0.1,0.1,0.1,0.1,-3.77,0.1,0.1,0.1,0.1,0.1,0.1,0.2,0.1,0.2,-1.3,0.1,0.1,0.1,0.1,0.2,0.1,0.1,0.1,0.1,0,0.1,0.1,0.1,0.1,0.1,0.1,0.1,0.1,0.1,0.2,0.1,0.1,0.1,0.2,0.1,0.1,0,0
0.0000834,0,0.1,0.1,0.2,0.2,0,0.1,0,0.1,0.2,0.1,-0.3,0,0.1,0.1,0.1,0.1,0,0.1,0.1,0,-2.66,0.1,0.2,0.1,0.1,0,0.1,0.1,0.1,0.1,-4.05,0.1,0.1,0,0.1,0.1,0.1,0.1,0.1,0.2,-4.2,0.2,0.1,0.1,0.1,0.1,0.1,0,0,0,-4.01,0.1,0.2,0.1,0.1,0.1,0.1,0.2,0.1,0.2,-3.87,0.1,0.1,0.1,0,0.1,0.2,0.1,0.1,0.1,-1.2,0.1,0.1,0,0.1,0.1,0.1,0,0.1,0.1,0,0.1,0.1,0.1,0.1,0,0.1,0.1,0.1,0.1,0.2,0.1,0.1,0.1,0.1,0.1,0.1,0,0
0.0000836,0,0.1,0.1,0.1,0.1,0.1,0.1,0,0.1,0.2,0.1,-0.4,0.1,0.1,0.1,0.1,0.1,0.1,0.1,0.1,0.1,-2.62,0.1,0.1,0,0.1,0.1,0.1,0.1,0.1,0.1,-3.95,0.1,0.1,0.1,0.1,0.1,0.1,0.1,0.1,0.1,-4.15,0.1,0.1,0.1,0.1,0.1,0.2,0.1,0.1,0.1,-4.05,0,0,0.1,0.1,0.1,0.1,0.1,0,0.1,-3.91,0.1,0.1,0.1,0.1,0.1,0.1,0.1,0.1,0.1,-1.4,0.1,0.1,0.1,0,0.1,0,0.1,0.1,0.1,-0.1,0.1,0.1,0.1,0.1,0.1,0.1,0.1,0.1,0.1,0,0,0.1,0.1,0.1,0.2,0.1,0,0.1
0.0000838,-0.1,0.1,0,0.1,0.1,0.1,0,0,0.1,0.2,0.1,-0.4,0.1,0.1,0,0.1,0.1,0.1,0.1,0.1,0.2,-2.76,0.1,0.1,0.1,0,0.2,0.2,0.1,0,0.1,-3.95,0.1,0.1,0.1,0.1,0.1,0.1,0.1,0.1,0.2,-4.35,0,0.1,0,0.1,0.1,0.1,0.2,0.1,0.1,-3.95,0.1,0.2,0.1,0,0.1,0.1,0.1,0.1,0,-3.81,0.1,0.1,0.1,0.1,0.1,0.1,0.1,0.1,0.1,-1.3,0.1,0.1,0.1,0.1,0.1,0.1,0.1,0.1,0.1,-0.1,0.1,0.1,0.1,0.1,0.1,0.1,0.1,0.1,0.1,0.1,0.1,0.2,0.1,0.1,0.2,0.1,0,0
0.000084,-0.1,0.1,0.1,0.1,0,0.1,0.1,0.1,0.1,0.1,0.1,-0.3,0.1,0.1,0.1,0.2,0.1,0.2,0,0.1,0.1,-2.62,0.1,0.1,0,0.1,0.1,0.1,0.1,0.1,0.1,-3.95,0.1,0,-0.1,0,0.1,0.1,0.1,0.2,0.1,-4.25,0.1,0.1,0.1,0.1,0.1,0.1,0.2,0.1,0.1,-3.91,0.1,0.1,0.1,0.1,0.2,0.1,0.1,0.1,0.1,-3.81,0.1,0.1,0.1,0.1,0.2,0.1,0.1,0.1,0.1,-1.3,0.1,0.1,0.2,0.1,0.2,0.1,0.1,0.2,0.2,-0.2,0.1,0.1,0.1,0.1,0.1,0.1,0.1,0.1,0.1,0.1,0.1,0.2,0,0.2,0.1,0.1,0,0
0.0000842,0,0.2,0.1,0.1,0.1,0.1,0.1,0.1,0.1,0.1,0.1,-0.4,0.1,0.1,0.2,0.1,0.1,0.2,0,0.1,0.1,-2.72,0.1,0.1,0,0.1,0,0.1,0.1,0.1,0.1,-3.95,0.1,0.1,0.1,0.1,0.1,0.1,0.1,0.1,0.1,-4.4,0.1,0.1,0.1,0.1,0.1,0.1,0.1,0.1,0,-4.05,0.1,0.1,0.1,0.1,0.1,0.1,0.1,0.1,0.1,-3.85,0.1,0.1,0.1,0.1,0.1,0.1,0.1,0.1,0.1,-1.3,0.1,0,0.1,0.1,0.1,0.1,0.1,0.1,0.1,0,0.1,0.1,0.1,0.1,0.1,0.1,0.1,0.1,0,0.1,0.1,0.1,0.1,0.1,0.1,0.1,0,0
0.0000844,0.1,0,0,0.1,0.1,0.1,0.1,0.1,0.1,0,0.1,-0.3,0.1,0.2,0.1,0.1,0.1,0,0.1,0.2,0,-2.67,0.1,0.2,0.1,0.1,0.1,0.1,0.1,0.1,0,-3.91,0,0.1,0.2,0.1,0.1,0.1,0.1,0.1,0.1,-4.35,0.1,0.1,0.1,0.1,0.2,0.1,0.1,0.1,0.1,-4.05,0.1,0.1,0.1,0,0.1,0.1,0.1,0.1,0.1,-3.75,0,0.1,0.1,0.1,0.2,0,0.1,0.1,0.1,-1.3,0,0.1,0.1,0.2,0.1,0.1,0.1,0,0,0,0.1,0.1,0.1,0.2,0.1,0.1,0.1,0.1,0,0.1,0.2,0.1,0.1,0.1,0,0.1,0,-0.1
0.0000846,0.1,0.1,0.1,0.1,0,0.1,0,0.2,0.1,0.1,0.1,-0.3,0.1,0.2,0.2,0.1,0.1,0.1,0.1,0,0.1,-2.72,0.1,0.1,0,0,0.1,0.2,0.1,0.1,0.1,-4,0.2,0.1,0,0.1,0.1,0.1,0.1,0.1,0.1,-4.3,0.1,0.1,0.1,0.1,0.2,0.1,0.2,0.1,0.2,-4.1,0.1,0,0.1,0.1,0.1,0.1,0.1,0.1,0.1,-3.75,0.2,0.2,0,0,0.1,0.1,0.1,0.1,0.1,-1.4,0.1,0,0.1,0.1,0.1,0.1,0.1,0.2,0.1,-0.1,0.1,0.1,0.1,0.1,0.1,0.1,0.1,0.1,0,0.1,0.1,0.1,0.1,0.1,0.2,0.1,0.1,0
0.0000848,0,0.2,0.1,0.1,0.1,0.1,0.1,0,0.1,0.1,0.1,-0.4,0.1,0.1,0.1,0.2,0.1,0.1,0.1,0.1,0.1,-2.67,0.1,0.1,0.2,0.1,0.2,0.1,0.1,0.1,0,-4.1,0,0.1,0.1,0.2,0.1,0.1,0.1,0.1,0,-4.25,0.1,0.1,0.1,0.1,0.1,0.1,0.1,0.1,0.1,-4.05,0.1,0.1,0.1,0.1,0.1,0.2,0.1,0.1,0.1,-3.71,0.2,0.1,0.2,0.1,0,0.2,0.1,0.1,0.1,-1.3,0.2,0.1,0.1,0.1,0.1,0,0.1,0.1,0.1,-0.2,0.1,0.1,0.1,0,0.1,0.1,0.1,0.1,0.1,0.1,0.1,0.1,0.1,0,0.1,0.1,0.1,0
0.000085,0,0.1,0.1,0.1,0.1,0.1,0.1,0.2,0.1,0.2,0.1,-0.3,0.1,0.1,0.1,0.1,0,0.1,0.1,0,0.1,-2.63,0.1,0.2,0.1,0.1,0.1,0.1,0.2,0.1,0.2,-4.01,0.1,0,0.1,0,0.2,0.1,0.1,0.1,0.1,-4.2,0.1,0,0.1,0.1,0.1,0.1,0.1,0.2,0.1,-4.1,0.1,0.1,0.1,0.1,0.1,0.1,0.1,0.1,0.1,-3.77,0.2,0.1,0.2,0.1,0.1,0,0.2,0.1,0.1,-1.2,0.1,0.1,0.1,0.1,0.1,0.1,0.2,0.2,0,-0.2,0.2,0.1,0.1,0.1,0.1,0.1,0.1,0.1,0.1,0.1,0.1,0,0.1,0.1,0.1,0,0,0
0.0000852,0,0.1,0.1,0.1,0.1,0.1,0.1,0.1,0.1,0,0,-0.4,0.1,0.1,0,0.1,0.2,0.1,0.1,0.2,0.1,-2.63,0.2,0.1,0.1,0.1,0.1,0.1,0.1,0.1,0.1,-4.1,0.1,0.1,0.1,0.1,0.1,0.1,0.1,0.1,0,-4.15,0.1,0.1,0.1,0.1,0.1,0,0.1,0.1,0.1,-4.05,0.2,0,0,0.1,0,0.1,0.1,0.1,0.1,-3.81,0.1,0,0.1,0.1,0.1,0.1,0.2,0.2,0.1,-1.3,0.1,0.1,0.1,0.1,0.1,0.1,0.1,0.1,0.2,-0.2,0.1,0.1,0.2,0,0.1,0.1,0.1,0.1,0.1,0.1,0.1,0.1,0.1,0.1,0.1,0.1,0.1,0
0.0000854,0.1,0.2,0.1,0.1,0.1,0.1,0,0.1,0.1,0.1,0.1,-0.4,0.2,0.2,0.1,0.2,0.1,0.1,0.2,0,0.1,-2.59,0.2,0.1,0.2,0.2,0.1,0.1,0.1,0.2,0,-4.01,0.1,0.1,0.1,0.1,0.1,0.1,0.1,0.1,0.1,-4.15,0.1,0.1,0.1,0.1,0.1,0,0.1,0.1,0.1,-4.01,0.1,0.1,0.1,0.2,0.1,0.1,0.1,0.1,0.1,-3.87,0.1,0.1,0.1,0.1,0.1,0.1,0.1,0,0.1,-1.4,0.2,0.1,0,0.1,0.1,0.1,0.2,0.2,0.1,-0.1,0.1,0,0.1,0.1,0.1,0.1,0.1,0.1,0.1,0,0.1,0.1,0.1,0.1,0.1,0,0.1,0
0.0000856,0,0.1,0.1,0,0.1,0.1,0.1,0.1,0.1,0.2,0.2,-0.4,0.2,0.1,0.1,0.1,0,0.1,0.1,0.1,0.1,-2.63,0.1,0.1,0.1,0.1,0.1,0.1,0.1,0,0.2,-4.1,0.1,0.1,0,0.1,0,0.1,0.1,0.1,0.1,-4.05,0.1,0.1,0.1,0.1,0.1,0.1,0.1,0,0,-4.05,0.1,0.2,0.1,0.1,0.1,0.1,0.1,0,0.1,-3.91,0.1,0.2,0.1,0.1,0.1,0.1,0.1,0.1,0.1,-1.2,0.1,0.1,0.1,0.1,0.1,0.1,0.1,0.1,0.1,-0.2,0.1,0,0.1,0.1,0.1,0.1,0.1,0.1,0.1,0.1,0.1,0.1,0.1,0.1,0.1,0.1,0,0
0.0000858,0,0.1,0.1,0.1,0.1,0.1,0.2,0,0.2,0.1,0.1,-0.4,0.1,0.2,0.2,0.1,0.1,0,0.1,0.1,0.1,-2.63,0.2,0.1,0.2,0.1,0.1,0.1,0.1,0,0.1,-4.05,0.1,0,0,0.1,0.1,0.2,0,0.1,0.1,-4.14,0.1,0.1,0.1,0.2,0.1,0.1,0.1,0.1,0.2,-4.1,0.1,0.2,0.1,0.1,0.1,0.1,0.1,0.1,0.1,-3.95,0.1,0,0.1,0.1,0.1,0.1,0.1,0.1,0.1,-1.3,0.1,0.1,0.1,0.1,0.1,0.1,0.1,0.1,0.1,-0.1,0.1,0.1,0.1,0.1,0.1,0.1,0.1,0.1,0.1,0.1,0.1,0,0.1,0.1,0,0.1,0,0
0.000086,-0.1,0.1,0.1,0.1,0.2,0.1,0.1,0.1,0,0.1,0.1,-0.4,0.1,0.1,0.1,0,0.2,0,0.1,0.1,0.1,-2.72,0.1,0.1,0.1,0.2,0,0,0.1,0.1,0.1,-4.05,0.1,0.1,0.1,0.1,0.1,0.1,0.1,0.1,0.1,-4.15,0.1,0.1,0.1,0.1,0.1,0.1,0,0,0.1,-4.1,0.1,0.1,0.1,0.1,0.1,0.1,0,0.1,0.2,-3.87,0.1,0.1,0.1,0.1,0.1,0.1,0.1,0.1,0.1,-1.3,0.1,0.2,0.2,0.1,0.1,0.1,0.2,0.1,0.1,-0.1,0.1,0.1,0.1,0.1,0.1,-0.1,0.1,0.1,0.1,0,0,0.1,0.1,0.1,0.1,0.1,0,0.1
0.0000862,-0.1,0.2,0.1,0.1,0.1,0.2,0.1,0.1,0.1,0,0.1,-0.4,0,0.1,0.2,0.1,0.1,0.1,0.1,0.2,0.1,-2.59,0.1,0.1,0.1,0.2,0.1,0.1,0.2,0.2,0.2,-4.05,0.1,0.1,0.1,0.1,0.1,0.1,0.1,0.1,0.1,-4.05,0.1,0.1,0.1,0.1,0.1,0.1,0.1,0.2,0.1,-4.1,0.1,0.1,0.1,0.1,0.1,0.1,0.1,0.2,0.1,-3.95,0.1,0.1,0.1,0.1,0,0,0.2,0.1,0.1,-1.3,0.1,0.1,0.1,0.1,0.1,0.1,0.1,0.1,0.1,-0.1,0.1,0.1,0.2,0.1,0.1,0.1,0.1,0.1,0.1,0.1,0.1,0.1,0.1,0.2,0.1,0.2,0,0
0.0000864,-0.1,0.1,0.1,0.1,0.1,0.1,0.1,0.1,0.1,0.1,0.2,-0.4,0,0.1,0.1,0,0.1,0.1,0.1,0,0.1,-2.63,0.1,0.1,0.1,0.2,0.1,0,0.1,0.1,0.1,-3.91,0.1,0.2,0.1,0,0.1,0.1,0.1,0,0.1,-4.05,0.1,0.1,0.1,0.1,0.1,0.1,0,0.1,0.2,-4.1,0.1,0.1,0.2,0.1,0.1,0.1,0.1,0.1,0.1,-3.85,0.2,0.1,0.1,0,0.2,0.1,0.1,0.1,0.1,-1.3,0.1,0.2,0.1,0.1,0.1,0.1,0.1,0.1,0.1,-0.1,0.1,0.1,0.1,0.1,0.1,0.1,0.1,0.1,0.1,0.1,0.1,0,0.1,0.1,0.1,0.1,0,0.1
0.0000866,-0.1,0.1,0.1,0.1,0.1,0.1,0.1,0.1,0.1,0.1,0.1,-0.3,0.1,0.1,0.1,0.1,0.1,0.1,0.1,0.1,0.1,-2.59,0.1,0.1,0.1,0.1,0.1,0.1,0.1,0.1,0.1,-3.95,0.1,0.1,0,0.1,0.1,0.1,0.1,0.1,0.1,-4.2,0,0,0.1,0.1,0.1,0.1,0.2,0.1,0,-4.1,0.1,0.2,0,0.1,0.1,0.1,0.1,0.1,0,-3.85,0,0.1,0.1,0.1,0.1,0.1,0.1,0,0.1,-1.3,0.1,0.1,0.1,0.1,0.1,0.1,0.1,0,0.2,-0.1,0.1,0.2,0.1,0.1,0.2,0.1,0.2,0,0.1,0.1,0.1,0,0.1,0.1,0.1,0.1,0,0
0.0000868,0,0.1,0.1,0.1,0.1,0.1,0.1,0.1,0.1,0.1,0.1,-0.4,0.1,0.1,0.1,0.1,0.1,0.1,0.1,0.2,0.2,-2.67,0.2,0,0.1,0.1,0.2,0.2,0.1,0.1,0.1,-4.05,0.1,0.1,0.1,0.1,0.1,0.1,0.1,0.1,0.1,-4.15,0.2,0.1,0.1,0.1,0.1,0.1,0.1,0.1,0.1,-3.95,0.1,0.1,0.1,0.1,0.1,0.1,0.2,0.1,0,-3.67,0.1,0.2,0.1,0.1,0.1,0,0.1,0.1,0.1,-1.4,0.1,0.1,0.2,0.1,0.1,0.1,0.1,0.1,0.1,-0.1,0.1,0.1,0.1,0.1,0.1,0.1,0.2,0.1,0.1,0,0,0,0.1,0.1,0.1,0.2,0,0
0.000087,0.1,0.1,0.1,0.1,0.1,0.1,0.1,0,0.1,0.2,0.2,-0.4,0.1,0.1,0.1,0.1,0.1,0.1,0,0.1,0,-2.63,0.1,0.2,0.1,0.1,0,0.1,0.1,0.1,0.1,-4.05,0.1,0,0.1,0.1,0.1,0.1,0.1,0.1,0.1,-4.2,0.1,0.1,0.1,0,0.1,0.1,0,0.1,0.1,-4.05,0,0.1,0.1,0.2,0.2,0.1,0.1,0.2,0.1,-3.71,0.2,0.1,0.1,0.1,0.1,0.1,0.1,0.1,0.1,-1.3,0.1,0.1,0.1,0.1,0.1,0.1,0.1,0.1,0.2,-0.1,0.1,0.1,0.1,0.1,0.1,0.1,0.1,0.1,0.1,0,0.1,0.2,0.1,0.1,0.2,0.1,0,0
0.0000872,0.1,0.1,0.1,0.1,0.1,0.1,0.1,0.1,0.1,0.2,0.1,-0.3,0.1,0.1,0.2,0.1,0.1,0.2,0.1,0.1,0.1,-2.59,0.1,0.1,0.1,0.1,0.1,0.1,0.1,0.1,0.1,-4.1,0.1,0,0.1,0.2,0,0,0.1,0.1,0.1,-4.15,0.1,0.1,0,0.1,0.1,0.1,0.1,0.1,0.1,-4.1,0.1,0,0.2,0.1,0.2,0.2,0.1,0,0.1,-3.75,0.1,0.1,0.1,0.1,0.1,0,0.1,0.2,0.2,-1.3,0,0.2,0.1,0,0.1,0,0.1,0.1,0.1,-0.2,0.1,0.1,0.1,0.1,0.1,0.1,0.1,0.1,0.1,0,0.1,0.1,0.2,0.1,0.1,0.1,0.1,0
0.0000874,0.1,0.1,0.2,0,0.1,0.2,0.1,0.1,0.1,0.2,0.1,-0.4,0.1,0.1,0.1,0.1,0.1,0.1,0.1,0.1,0.1,-2.69,0.1,0.1,0.1,0.1,0.1,0.1,0.1,0.1,0.1,-4.05,0.1,0.1,0.1,0.1,0.1,0.2,0.1,0.1,0.1,-4.25,0,0,0.1,0.1,0.2,0.1,0.1,0.1,0.1,-4.14,0.1,0.1,0,0.1,0.1,0.1,0.2,0.1,0.1,-3.71,0.1,0.1,0.1,0.1,0.1,0.1,0.1,0.1,0.1,-1.3,0.1,0.1,0.1,0.1,0.1,0.1,0.1,0.1,0.1,-0.2,0.1,0.1,0.1,0.1,0.1,0.1,0.1,0.1,0.1,0.1,0.1,0.1,0.1,0.1,0.1,0.1,0,0
0.0000876,0.1,0.1,0.1,0.1,0.1,0,0.1,0.1,0,0.1,0.2,-0.3,0.1,0.1,0.1,0.1,0.1,0.1,0.1,0.2,0,-2.64,0.1,0,0.1,0.1,0.1,0.1,0.1,0.2,0.1,-4.05,0.2,0.1,0.1,0.1,0,0.1,0.1,0.1,0.1,-4.3,0.1,0.1,0.1,0.1,0.1,0.1,0.1,0.1,0.1,-4.05,0.1,0.1,0.1,0,0.1,0.1,0.1,0.1,0.2,-3.67,0.1,0.1,0.1,0.2,0.1,0.1,0.1,0.1,0.1,-1.2,0.1,0.1,0.1,0.1,0.1,0.1,0.1,0.1,0.1,-0.1,0.1,0.1,0.1,0.1,0.1,0.1,0.1,0.2,0.2,0.2,0.1,0,0.1,0.1,0.1,0.1,0,0
0.0000878,0.1,0.1,0.1,0,0.2,0.1,0.1,0.1,0.1,0.1,0.1,-0.4,0.1,0.1,0.2,0.1,0.1,0.1,0.1,0.1,0.1,-2.73,0.1,0.1,0.1,0.1,0.1,0.1,0.1,0.2,0.1,-4.05,0.1,0.2,0,0,0.1,0.2,0.1,0.1,0.2,-4.15,0.1,0.2,0.1,0.1,0.1,0.1,0.1,0.1,0.1,-4.05,0.1,0.1,0.1,0.1,0.1,0.1,0.1,0.1,0.2,-3.81,0.2,0.1,0.1,0.1,0.1,0.1,0,0.1,0.1,-1.3,0.1,0.1,0.1,0.1,0.1,0.1,0.1,0.2,0.1,-0.2,0.1,0,0.1,0,0.1,0,0.1,0,0.1,0.1,0,0.1,0.1,0.1,0.2,0.1,0,0.1
0.000088,0.1,0.1,0.1,0.1,0.1,0.1,0.1,0.1,0.1,0.1,0,-0.3,0,0.1,0.2,0.1,0.1,0.2,0,0.1,0.1,-2.5,0.1,0.1,0.1,0.1,0.1,0.1,0.1,0,0.1,-4.05,0.1,0.1,0.2,0,0.1,0,0.1,0.1,0.1,-4.11,0.1,0,0.1,0,0.1,0.1,0.1,0.1,0.1,-4.05,0.1,0.1,0.1,0.1,0.1,0.2,0.1,0.1,0.1,-3.91,0.1,0.1,0.2,0.2,0.1,0.1,0.1,0,0.1,-1.3,0.1,0.1,0.1,0.1,0.1,0.1,0,0.1,0.1,-0.1,0.1,0.1,0.1,-0.1,0.1,0.1,0.1,0.1,0.1,0,0.1,0.1,0.1,0.1,0.1,0.1,0,-0.1
0.0000882,0.1,0.1,0,0.1,0.1,0.1,0,0,0.1,0.1,0.1,-0.3,0.1,0.1,0.1,0.1,0,0.1,0.1,0.1,0.1,-2.59,0.1,0.2,0.1,0.1,0.1,0.1,0.1,0.1,0.1,-4.05,0.1,0.1,0.1,0,0.1,0.1,0.1,0.1,0.1,-4.2,0.1,0.1,0.1,0.2,0.1,0.1,0,0,0.1,-4.05,0.1,0.1,0.1,0.1,0.1,0.1,0.1,0.1,0,-3.91,0.1,0.1,0.1,0.1,0,0.1,0,0.1,0.1,-1.2,0.1,0,-0.1,0.1,0.1,0.1,0.1,0.1,0.1,-0.2,0.1,0.1,0.1,0.1,0.1,0.1,0.1,0,0.2,0,0.2,0.1,0.1,0.2,0,0.1,-0.1,-0.1
0.0000884,0,0.1,0.1,0.1,0.1,0.1,0.1,0.1,0.1,0.1,0.1,-0.3,0.1,0.2,0.2,0.1,0.1,0.1,0,0,0.1,-2.54,0.1,0.2,0.1,0.2,0.1,0.1,0.1,0.1,0,-4.01,0.1,0.1,0.1,0.1,0.1,0.1,0.1,0.1,0.1,-4.24,0.1,0.2,0,0.1,0,0.1,0.1,0.1,0.1,-4.05,0,0.1,0.1,0.1,0.1,0.1,0.1,0.1,0.1,-3.91,0.1,0.1,0.1,0.1,0,0,0.1,0.1,0.1,-1.2,0.1,0.1,0.1,0.1,0.1,0,0,0.1,0.1,-0.1,0.1,0.1,0,0.1,0.1,0,0.1,0.1,0.1,0,0,0.1,0.1,0.1,0.1,0.1,0,0
0.0000886,0,0.1,0.1,0.1,0.1,0.2,0.1,0.1,0.1,0.1,0.2,-0.4,0.1,0.1,0,0.1,0,0.1,0.1,0.1,0.1,-2.59,0.2,0.1,0.1,0,0.1,0.1,0,0.2,0.1,-4.05,0.2,0.1,0.2,0,0.1,0.1,0.1,0.1,0,-4.2,0,0.1,0.1,0,0.1,0.1,0.1,0.1,0.1,-4.05,0,0.1,0.1,0.1,0.1,0.2,0.1,0.1,0.1,-3.85,0.1,0,0.1,0.1,0.1,0.1,0.1,0.1,0.2,-1.2,0.1,0.1,0,0.1,0.1,0.1,0.1,0.1,0.1,-0.1,0.1,0.1,0.1,0.1,0.1,0.1,0.1,0.1,0,0,0.1,0.1,0.1,0.1,0.1,0.1,0,0
0.0000888,0,0,0.1,0.1,0.2,0,0.1,0.1,0.1,0.1,0.1,-0.3,0.1,0.1,0.2,0.1,0.1,0.1,0.1,0.1,0.1,-2.64,0.2,0.1,0.1,0.1,0.1,0.1,0.1,0,0,-4.05,0.1,0.1,0.1,0.1,0.1,0.1,0.2,0.1,0.1,-4.11,0.1,0.1,0.1,0,0.1,0,0.1,0,0.1,-4.04,0.1,0.1,0,0.1,0.1,0.1,0.1,0.2,0.1,-3.91,0.1,0.1,0,0.1,0.2,0.1,0.1,0.1,0.1,-1.2,0.1,0.1,0.1,0.2,0.1,0.1,0.1,0.1,0.1,-0.1,0.1,0.1,0.1,0.1,0.1,0.1,0.1,0,0.1,0,0,0.2,0.1,0.1,0.1,0.1,0.1,0
0.000089,0,0.2,0,0.1,0.1,0.2,0.1,0.1,0.1,0.1,0.1,-0.3,0.1,0.1,0.1,0.1,0,0.1,0.2,0.1,0,-2.56,0,0.1,0.1,0.1,0.1,0.1,0.1,0.2,0.1,-3.95,0.1,0.1,0.1,0.1,0.1,0.1,0.1,0.1,0.1,-4.2,0.1,0.1,0.1,0.1,0,0.1,0.1,0.2,0.1,-4,0.1,0.1,0.1,0.1,0.1,0,0.1,0.1,0.1,-3.81,0,0.1,0.1,0.1,0.1,0.1,0.1,0,0.1,-1.2,0.1,0.1,0.1,0.1,0.2,0.1,0.1,0,0.1,-0.1,0.1,0.1,0.1,0.1,0.1,0,0.1,0.1,0.1,0,0.1,0.1,0.1,0.1,0.1,0,0,0
0.0000892,-0.1,0.1,0.1,0.1,0.1,0.1,0.1,0.1,0.1,0.1,0.2,-0.3,0.2,0.1,0.1,0.1,0.1,0.1,0.1,0.2,0,-2.51,0.1,0.1,0.1,0,0.1,0.1,0.1,0.2,0.1,-4,0.1,0.2,0.1,0.1,0.2,0.2,0.1,0.1,0.1,-4.15,0.1,0.1,0.1,0.1,0.1,0.1,0,0.1,0.1,-3.91,0.2,0,0.1,0.1,0.1,0.1,0.1,0.1,0.1,-3.81,0.1,0.1,0.1,0.1,0,0.1,0.1,0.1,0,-1.1,0.1,0.1,0.1,0.1,0.1,0,0.1,0.1,0.1,-0.1,0.1,0.1,0.1,0.1,0.1,0.1,0.1,0.1,0.1,0,0.1,0.1,0.1,0.2,0.1,0.1,0,0
0.0000894,0,0.1,0.1,0.1,0.1,0.1,0.2,0.2,0,0.1,0,-0.4,0.1,0.1,0.1,0.1,0.1,0.1,0,0.1,0.1,-2.43,0.1,0.2,0,0.1,0.1,0.1,0.2,0.1,0.1,-4,0.1,0.1,0.1,0.2,0.2,0.1,0.1,0.1,0.1,-4.2,0.1,0.1,0,0,0.1,0.1,0.1,-0.1,0.1,-3.95,0.1,0.1,0.1,0.1,0.1,0,0.1,0,0.1,-3.91,0.1,0.1,0.1,0.1,0.1,0.2,0.1,0.1,0.1,-1.2,0.1,0.1,0.1,0.2,0.1,0.1,0.1,0.1,0.1,-0.1,0.2,0.1,0.1,0.1,0.1,0.1,0.1,0.1,0.1,0,0,0.1,0.1,0,0.1,0.1,0.2,-0.1
0.0000896,0,0.1,0.1,0.1,0.1,0.1,0.1,0.1,0.1,0,0.1,-0.4,0.1,0.2,0,0.1,0.1,0.1,0.2,0.1,0,-2.47,0.1,0.1,0.1,0.1,0.1,0.1,0.1,0.1,0.1,-3.95,0.1,0.1,0.1,0.1,0.1,0.1,0.1,0.2,0.1,-4.2,0.1,0,0.1,0,0.1,0.1,0.1,0.1,0.1,-3.95,0.1,0.1,0.1,0.1,0,0.1,0.1,0.1,0,-3.95,0.1,0.1,0.1,0.1,0.1,0,0.1,0.1,0,-1.3,0.1,0.1,0.1,0,0.1,0.1,0.1,0.1,0.1,-0.2,0.1,0.1,0.1,0.1,0.1,0.1,0.1,0,0.1,-0.1,0.2,0.1,0.1,0.1,0.1,0.1,0.1,0.1
0.0000898,0.1,0.1,0.1,0.2,0.1,0.2,0.1,0.1,0.1,0.1,0.1,-0.3,0.1,0,0,0.1,0.1,0.1,0.2,0.1,0.1,-2.53,0.1,0.1,0.1,0.1,0.1,0.1,0.1,0.1,0.1,-3.91,0.1,0.1,0.1,0.1,0.1,0.1,0.2,0.1,0.1,-4.15,0.1,0.1,0.1,0.1,0.1,0.1,0.2,0.1,0.1,-4,0.2,0.1,0.1,0.2,0.1,0.2,0.1,0.1,0,-3.81,0.1,0.1,0.2,0,0.1,0.1,0.1,0.1,0.1,-1.2,0,0.1,0.1,0.2,0.1,0,0.1,0.1,0.2,-0.1,0.1,0.1,0.1,0.1,0.1,0.1,0.2,0.1,0.1,0,0.2,0.1,0.1,0.1,0.1,0.2,0.1,0
0.00009,0.1,0.1,0.1,0.1,0.1,0.1,0.1,0.1,0.1,0.1,0.1,-0.3,0.1,0.1,0.1,0.1,0.1,0.1,0.1,0.1,0.1,-2.43,0.1,0.1,0.1,0.1,0.1,0.1,0.1,0,0.1,-4.05,0.2,0.1,0,0.1,0.1,0.1,0.1,0.2,0,-4.2,0.1,0.1,0.1,0.1,0.1,0.1,0.1,0.1,0.1,-3.95,0.1,0.1,-0.1,0.1,0.1,0.1,0.1,0.1,0.1,-3.85,0.1,0.1,0.1,0.1,0.2,0,0.1,0.1,0.2,-1.3,0.1,0,0.1,0.2,0.2,0.1,0.1,0,0.1,-0.1,0.1,0.1,0.1,0.1,0.1,0.1,0,0.1,0,-0.1,0.1,0.1,0.2,0.1,0,0.1,0.1,0.1
0.0000902,0,0.1,0.2,0.1,0.2,0.2,0.1,0.1,0.1,0.1,0,-0.3,0.1,0.1,0.1,0.1,0,0.1,0.2,0.1,0.2,-2.53,0.1,0.1,0.1,0.1,0.1,0.1,0.1,0.1,0.1,-4.05,0.1,0.1,0,0,0.1,0.1,0.1,0.1,0.1,-4.1,0.2,0.1,0.1,0.1,0.1,0.2,0.1,0.1,0.1,-4.1,0.1,0.1,0.1,0,0,0.1,0.1,0.2,0.1,-3.85,0.1,0.1,0.1,0.1,0.2,0.1,0.1,0.1,0.1,-1.3,0.1,0.1,0.2,0,0.1,0.1,0.1,0.1,0.1,-0.1,0.1,0.1,0.1,0.2,0.1,0.1,0.1,0,0.1,0,0.1,0.1,0.1,0.1,0.1,0.1,0,0
0.0000904,0,0.1,0,0.1,0.2,0.1,0,0.1,0.1,0.1,0.2,-0.3,0.1,0.1,0.2,0.1,0.1,0.1,0.2,0.1,0.2,-2.51,0.1,0,0.1,0.1,0.1,0.1,0.1,0,0.1,-4.05,0.1,0.1,0,0.2,0.1,0,0.1,0,0.1,-4.2,0.1,0,0.1,0.1,0.1,0.1,0.1,0,0.1,-4.05,0.1,0.1,0.1,0.1,0.1,0.1,0.1,0.1,0.1,-3.81,0.1,0.1,0.1,0.1,0.1,0.1,0.1,0.2,0.1,-1.3,0.1,0.1,0.1,0.1,0.1,0.1,0.1,0.1,0.1,-0.2,0,0.1,0.1,0.1,0.1,0.1,0,0.1,0.1,0.1,0.1,0.1,0,0.1,0.1,0.1,0,0.1
0.0000906,0,0.1,0.1,0.1,0.1,0.1,0.1,0.1,0.1,0.1,0.2,-0.4,0.1,0.1,0.1,0.1,0,0.1,0,0.1,0.1,-2.5,0.1,0.1,0,0.1,0.1,0.1,0.1,0.1,0.1,-4.05,0.1,0.1,0.1,0.1,0,0.1,0,0.1,0.1,-4.2,0.1,0.1,0.1,0.1,0.2,0.1,0,0.1,0.2,-4.1,0.1,0.1,0.1,0.2,0.1,0.1,0.1,0.1,0.1,-3.81,0.1,0.2,0.1,0.1,0.1,0.1,0.1,0,0.1,-1.2,0.1,0.1,0,0.1,0.1,0.2,0.1,0.1,0.1,-0.2,0.1,0.1,0.2,0.1,0.1,0.1,0.1,0.1,0.1,0,0.1,0,0.2,0.1,0.2,0.1,0,0
0.0000908,0,0.1,0.1,0.2,0.1,0.1,0.1,0,0.1,0.1,0,-0.3,0.1,0.1,0,0.1,0.2,0.1,0.1,0.1,0.2,-2.5,0.1,0.1,0.1,0,0.2,0.1,0.1,0.1,0.1,-4.05,0.1,0.1,0.1,0.1,0.1,0.1,0.1,0.1,0.2,-4.24,0.1,0.1,0,0.1,0.1,0,0.1,0.1,0.1,-4.1,0.1,0.1,0.1,0.1,0.1,0.1,0.1,0.1,0.1,-3.85,0.1,0,0.1,0,0.1,0.1,0.2,0.1,0.1,-1.2,0.1,0.1,0.1,0.1,0.1,0.1,0,0.2,0.1,0,0.1,0,0.1,0.1,0.1,0.1,0,0.2,0.1,0,0.1,0.1,0.1,0.1,0.1,0.1,0,0
0.000091,0.1,0.1,0.1,0,0.1,0.1,0.1,0.1,0.1,0.2,0.1,-0.4,0,0.2,0.2,0.1,0.2,0.1,-0.1,0.1,0,-2.44,0.1,0.1,0.1,0.1,0.2,0.1,0.1,0.2,0.1,-4.05,0.1,0.1,0,0.1,0.1,0.1,0.1,0.1,0.2,-4.15,0.1,0.1,0.1,0,0.1,0.1,0.1,0,0.1,-4.1,0.1,0,0.1,0.2,0.2,0.1,0.1,0.1,0.1,-3.81,0.1,0.1,0.1,0.1,0,0.1,0.1,0.1,0.1,-1.2,0.1,0.1,0.1,0.1,0,0.1,0.1,0.3,0.2,-0.1,0.1,0.1,0.1,0.1,0.1,0.1,0.1,0.1,0.1,0.1,0.1,0.1,0.1,0.1,0.1,0.1,0,0
0.0000912,-0.1,0.1,0.1,0.1,0.1,0.1,0.1,0.1,0.1,0,0.1,-0.4,0.2,0.1,0.1,0.1,0.1,0.1,0.1,0.1,0.2,-2.44,0,0.1,0.2,0.1,0.1,0.1,0.1,0.2,0.1,-4.05,0.1,0.1,0,0,0.1,0.1,0.1,0.1,0.1,-4.2,0,0.1,0.2,0.1,0.1,0.1,0.1,0.1,0.1,-4.01,0.1,0.1,0.1,0.1,0.1,0.1,0.1,0.1,0.1,-3.81,0.1,0.1,0.1,0.1,0.1,0.1,0,0.1,0.1,-1.3,0.2,0.1,0.1,0.1,0.1,0.1,0.1,0.1,0.1,-0.2,0,0.1,0.1,0.1,0.1,0.1,0.1,0.1,0.1,0.1,0.2,0.1,0.1,0.1,0,0.1,-0.1,0
0.0000914,0,0.1,0.1,0.1,0,0.1,0.1,0.2,0,0.1,0.1,-0.3,0.1,0.1,0.1,0.1,0.1,0.1,0.1,0,0.1,-2.5,0.1,0.1,0.1,0.1,0.2,0.1,0.1,0.1,0.1,-4.05,0.1,0.1,0.1,0.2,0.1,0.1,0.1,0.1,0.1,-4.15,0.1,0.1,0.2,0.1,0.1,0.2,0.1,0.1,0.2,-4.04,0.1,0.1,0.1,0.1,0.1,0.1,0.1,0.2,0.2,-3.81,0.1,0.1,0.1,0.1,0.1,0.1,0,0.1,0.1,-1.1,0.1,0.1,0.1,0.1,0.1,0.1,0.1,0.2,0.1,-0.1,0.1,0.1,0,0.1,0.1,0.1,0.1,0.1,0.1,0,0.1,0,0.1,0.1,0.1,0.1,0,0
0.0000916,0.1,0.1,0.1,0,0.2,0.1,0.2,0.2,0.1,0.1,0,-0.3,0.2,0.1,0.2,0.1,0.1,0,0.1,0.1,0,-2.5,0.1,0.2,0.1,0.1,0.1,0.1,0,0.1,0.1,-3.95,0.1,0.1,0.1,0.1,0.1,0.1,0.1,0.1,0.1,-4.05,0.1,0,0,0.1,0.1,0,0.1,0.2,0.1,-4,0,0.1,0.1,0.1,0.1,0.1,0.1,0.2,0.1,-3.81,0.2,0,0.1,0.1,0.1,0.1,0.1,0.1,0.1,-1.1,0.1,0.1,0,0.1,0.2,0.1,0.1,0.1,0.1,-0.2,0.1,0.1,0.1,0.1,0.1,0.1,0.1,0.1,0.1,0,0.1,0.1,0.1,0.1,0.1,0.1,0.1,0
0.0000918,0,0.1,0.2,0.1,0.1,0.1,0,0.1,0.1,0.1,0.1,-0.3,0,0.1,0.1,0.1,0.1,0.1,0.1,0.1,0.1,-2.5,0.1,0.1,0.1,0.1,0.1,0.1,0.1,0,0.1,-3.95,0,0.1,0.1,0.1,0.2,0.1,0.1,0.1,0.1,-4.2,0.1,0.1,0,0.1,0.1,0.1,0.1,0.2,0.1,-3.9,0.1,0.1,0,0.1,0.1,0.2,0.1,0.1,0.1,-3.85,0.1,0.1,0.1,0.1,0,0.1,0.1,0.1,0,-1.2,0.1,0.1,0.1,0.1,0.1,0.1,0.1,0.1,0.2,-0.3,0.1,0.1,0.1,0.1,0.1,0.1,0.1,0.1,0,0,0.1,0.2,0.1,0.2,0.1,0.1,0.1,0
0.000092,0.1,0.1,0.1,0.1,0.1,0.1,0.1,0.1,0.1,0,0.1,-0.3,0.1,0.1,0.1,0.1,0.1,0.2,0.1,0.1,0.1,-2.47,0.1,0.2,0.2,0.1,0.1,0.2,0.2,0.1,0.1,-3.95,0.1,0.1,0,0.1,0,0.1,0.1,0.1,0.1,-4.15,0.1,0.1,0,0.2,0.1,0.1,0.2,0.1,0.1,-4,0.1,0.2,0.1,0,0.1,0.1,0.2,0.1,0.2,-3.81,0.1,0.1,0.1,0.2,0.2,0.2,0,0.1,0.1,-1.2,0.1,0.1,0.1,0.1,0.1,0.1,0,0.1,0.1,-0.2,0.1,0.1,0.1,0.1,0.1,0.1,0.1,0.1,0.1,0,0.1,0.1,0.1,0.2,0.1,0.1,0,0
0.0000922,0.2,0.1,0.1,0.2,0.1,0.2,0.1,0.2,0.1,0.1,0.1,-0.4,0.1,0.2,0.1,0.2,0.1,0.1,0.1,0.1,0.1,-2.47,0.1,0.1,0.1,0.1,0.1,0,0,0.1,0,-3.91,0.1,0.1,0.1,0.2,0.1,0.1,0.2,0.1,0,-4.15,0.1,0.2,0.1,0,0.2,0.1,0.1,0.1,0.1,-4,0.1,0.1,0.1,0.1,0.1,0.1,0.1,0,0.1,-3.81,0.1,0.1,0.1,0.1,0.1,0.1,0.1,0.1,0.1,-1.2,0.1,0.1,0.1,0.1,0.1,0,0.1,0.1,0.1,-0.3,0.2,0.1,0.1,0.1,0.1,0.1,0.1,0,0.1,0.1,0.1,0.2,0.1,0.1,0.1,0.1,0.1,-0.1
0.0000924,0,0.1,0.1,0.1,0.1,0.2,0.1,0.1,0.1,0.1,0.1,-0.4,0.1,0.1,0,0.1,0.1,0.1,0.1,0,0.2,-2.43,0.1,0.1,0.1,0.1,0.1,0.1,0,0.1,0.1,-3.95,0.1,0.1,0.1,0.1,0.1,0.1,0.1,0.2,0.1,-4.15,0,0.1,0.1,0.1,0.1,0.1,0.1,0.1,0.1,-3.95,0.1,0,0,0.1,0.1,0.1,0,0.1,0.1,-3.81,0,0,0.1,0.2,0.1,0.1,0.1,0.1,0.1,-1.1,0.1,0.1,0.1,0.1,0.1,0,0.2,0.1,0.2,-0.1,0.1,0.1,0.1,0.1,0.1,0.1,0.1,0,0.1,0.1,0,0,0.1,0,0.1,0.2,0.1,0
0.0000926,0.1,0.1,0.1,0.1,0.1,0.2,0.1,0.1,0.1,0.1,0.1,-0.3,0,0.1,0.1,0.1,0.1,0.1,0.1,0.2,0.2,-2.43,0.1,0.1,0,0.1,0.1,0,0.2,0.1,0.1,-3.95,0,0.1,0.1,0.1,0.1,0.1,0.1,0.1,0.1,-4.05,0.1,0.1,0.2,0.1,0.1,0,0.1,0.1,0.1,-4,0.1,0.1,0.1,0.2,0.1,0.1,0.1,0,0.1,-3.85,0.1,0.2,0.1,0.1,0,0.1,0.1,0.1,0.1,-1.2,0.1,0.1,0,0.1,0.1,0.1,0.1,0,0.1,-0.1,0.1,0.1,0.1,0.1,0.1,0.1,0.1,0.1,0.2,-0.1,0.1,0.1,0.1,0.2,0.1,0.1,0,-0.1
0.0000928,0,0.1,0.1,0.1,0,0.1,0.1,0.1,0.1,0.2,0.2,-0.4,0,0.1,0.1,0.1,0.1,0.2,0.1,0.1,0.1,-2.47,0.1,0,0,0.1,0.1,0.1,0.1,0.2,0,-3.91,0.1,0,0.1,0.1,0.1,0.2,0.1,0.1,0.1,-4.05,0,0.1,0.1,0.1,0.1,0.1,0.1,0.1,0.1,-4,0.1,0.1,0.1,0.1,0.1,0.1,0,0,0.2,-3.81,0.2,0,0.1,0.1,0.1,0.1,0.1,0.1,0.1,-1.3,0.2,0.1,0.1,0.1,0.1,0.2,0.1,0.1,0.1,-0.3,0.1,0.1,0.1,0.1,0.1,0.1,0.1,0.1,0.1,0,0.1,0.1,0.1,0.1,0.1,0.1,-0.1,0
0.000093,0,0.1,0.1,0.1,0.1,0.1,0.1,0.1,0.1,0.1,0.1,-0.3,0.1,0.1,0.1,0.1,0.1,0.1,0.1,0.1,0,-2.37,0.1,0.2,0.1,0.1,0.1,0.1,0.1,0.1,0.1,-4.05,0.2,0.2,0.1,0.1,0.1,0.1,0.1,0.1,0.1,-4.05,0.1,0,0.1,0.1,0.1,0.1,0.2,0.1,0.1,-3.95,0.1,0.1,0.1,0.1,0,0.1,0.1,0.1,0.1,-3.75,0.1,0.1,0.1,0.1,0.1,0.2,0.1,0,0.1,-1.2,0.1,0.1,0.1,0.1,0.1,0.1,0.1,0.1,0.1,-0.1,0.1,0,0.1,0.1,0.1,0.1,0.1,0.1,0.1,0.1,0.1,0.1,0,0.1,0.1,0.1,0,0.1
0.0000932,0,0.1,0.1,0.2,0.1,0.1,0.1,0.1,0.2,0.1,0.1,-0.4,0.1,0.1,0.1,0.1,0.1,0.1,0.1,0.1,0.2,-2.41,0.1,0.2,0,0.1,0.1,0.1,0,0.1,0.1,-3.95,0,0.1,0.1,0.1,0.1,0.1,0.1,0,0.1,-4.1,0.1,0.1,0.1,0,0.2,0.1,0.1,0,0.1,-3.95,0.1,0.1,0.1,0.1,0.1,0.1,0.1,0.1,0.1,-3.75,0.1,0.2,0.2,0.2,0,0.1,0.1,0.1,0.1,-1.2,0.1,0.1,0.1,0.1,0.1,0,0.1,0.1,0,-0.1,0.1,0.1,0.1,0.1,0.1,0,0.1,0.2,0.1,0.1,0.1,0.2,0.1,0.1,0.1,0,0,0
0.0000934,0,0.2,0.1,0.1,0.1,0.1,0.1,0.2,0.2,0.1,0.1,-0.3,0.2,0.1,0.1,0.1,0.1,0.1,0.1,0.1,0,-2.41,0.1,0.1,0.1,0.1,0.1,0.1,0.1,0.1,0.1,-4.05,0.2,0.1,0.1,0.1,0,0.1,0,0.1,0.1,-4.05,0.1,0.1,0.1,0.1,0.1,0.1,0.1,0.1,0.1,-4.1,0.1,0.1,0.2,0.1,0.1,0,0.2,0.1,0.1,-3.75,0.1,0.1,0.1,0.1,0.1,0.1,0.1,0.1,0.1,-1.2,0,0.1,0,0.1,0.1,0.1,0.1,0.1,0.1,-0.1,0.1,0.1,0.1,0.1,0.1,0.1,0.1,0.1,0.1,0,0.1,0.1,0.1,0.1,0.1,0.1,0,0
0.0000936,0,0.1,0.1,0.1,0.1,0,0.1,0.1,0.1,0.2,0.2,-0.4,0,0.1,0.1,0,0.1,0.1,0,0.1,0.1,-2.41,0.1,0.2,0.1,0.1,0.1,0,0.1,0.1,0.1,-4.05,0.1,0.1,0.1,0,0.1,0,0.1,0,0.2,-4.05,0.1,0.1,0.2,0.1,0.1,0.1,0.2,0.1,0.1,-4.05,0.1,0.1,0.1,0.1,0.1,0.1,0.2,0.1,0.1,-3.81,0.1,0.2,0.1,0.1,0.1,0.2,0.1,0.2,0.1,-1.1,0.1,0.1,0.1,0,0,0.1,0.1,0.1,0.1,-0.2,0.1,0.1,0.1,0.1,0.1,0.1,0.1,0.1,0.1,0,0.1,-0.1,0.2,0.1,0.1,0.1,0,0
0.0000938,0,0.1,0.1,0.1,0.1,0.1,0.1,0.1,0.1,0.1,0.1,-0.4,0.1,0.2,0.1,0.1,0.1,0.1,0.1,0.1,0.1,-2.37,0,0,0.1,0.1,0.2,0.1,0.2,0.1,0.1,-4.1,0,0.1,0.1,0,0.1,0.1,0.1,0.1,0.1,-4.1,0.2,0.1,0.2,0.1,0.1,0,0.1,0.1,0.1,-3.95,0.1,0.1,0.1,0,0.1,0.1,0.1,0,0.1,-3.77,0.2,0.1,0.1,0.1,0.1,0,0.1,0.1,0.1,-1.1,0.1,0.1,0.1,0.1,0.1,0,0,0.1,0.1,-0.2,0,0.1,0.1,0.1,0,0.1,0.1,0.1,0.1,0.1,0.1,0.1,0.1,0,0.1,0,0,0
0.000094,0,0.1,0.1,0.1,0.1,0.1,0.2,0.1,0.1,0.1,0.1,-0.5,0.2,0.1,0.1,0.1,0.1,0.1,0,0.1,0.2,-2.33,0.1,0,0.2,0.1,0.1,0.1,0.1,0.1,0.1,-3.91,0.1,0.1,0.1,0.1,0.1,0,0.1,0.1,0.1,-4.05,0.1,0.1,0.1,0.1,0.1,0.1,0.1,0.1,0.1,-4,0.1,0.1,0.1,0.1,0.1,0.1,0.1,0.1,0,-3.77,0,0.2,0.2,0.1,0.1,0.1,0,0.1,0,-1.1,0.1,0,0.1,0.1,0.1,0.1,0.1,0.1,0.1,-0.2,0.2,0.1,0.1,0.1,0.2,0.1,0.1,0.1,0.1,0,0.1,0.1,0.1,0.1,0.1,0.1,0,0
0.0000942,0.1,0.1,0.1,0.2,0.1,0.1,0.1,0.1,0.1,0.1,0.1,-0.4,0.1,0.1,0.1,0,0.1,0.1,0,0.1,0.1,-2.33,0.1,0.1,0.2,0.1,0.1,0.1,0.1,0.1,0.1,-3.91,0.1,0.1,0.1,0.1,0.1,0.2,0.1,0.1,0,-4.18,0.1,0.1,0.2,0,0.1,0.2,0.1,0.1,0.1,-3.9,0.1,0,0.1,0.1,0.1,0.1,0.1,0.1,0.1,-3.81,0.1,0.1,0.1,0.1,0.1,0,0.1,0.1,0.2,-1.1,0.1,0.1,0.1,0.1,0.1,0.1,0,0.1,0.2,-0.2,0.1,0.1,0.1,0.1,0,0.1,0.1,0.1,0.1,0,0.1,0.1,0.1,0.1,0.1,0.1,0.1,0
0.0000944,0.1,0.1,0.1,0.1,0.1,0.1,0.1,0.1,0.1,0,0.1,-0.4,0.1,0.1,0,0.1,0.1,0.2,0.1,0.1,0.2,-2.28,0.1,0.1,0.1,0,0.1,0.1,0.1,0.1,0.1,-3.95,0,0.1,0.2,0.1,0.1,0.1,0.1,0.1,0.1,-4.1,0.1,0.2,0.1,0.1,0.2,0.1,0.1,0.1,0.1,-4,0.1,0.1,0.1,0.1,0.1,0.1,0.1,0,0.1,-3.77,0.1,0.1,0.1,0.1,0.1,0.1,0,0.1,0.1,-1.1,0.1,0.1,0.1,0.1,-0.1,0.2,0.2,0.1,0.1,-0.2,0.1,0.1,0.1,0.1,0,0.1,0,0.1,0,0,0.1,0.1,0.1,0.1,0.1,0,0.1,0
0.0000946,0,0.1,0,0.1,0.1,0.1,0,0.2,0.1,0.2,0.1,-0.3,0.1,0.1,0,0.1,0.1,0.1,0.1,0.2,0.1,-2.24,0,0.1,0.2,0,0.1,0.2,0,0.1,0.1,-4,0.1,0.1,0,0,0.1,0.1,0.1,0.1,0.1,-4.1,0.1,0.1,0.1,0,0.1,0.1,0.1,0,0.1,-3.9,0.1,0,0.1,0.1,0,0.2,0.1,0.1,0.1,-3.95,0.1,0.1,0,0.1,0.1,0,0,0.1,0.1,-1.1,0,0.2,0,0.2,0.2,0.1,0.1,0.1,0.1,-0.2,0.1,0.1,0.1,0.2,0.1,0.1,0.1,0.1,0,-0.1,0.1,0.1,0.1,0.1,0.1,0.2,0.1,0
0.0000948,0.1,0.2,0.1,0.1,0.1,0.1,0.1,0.1,0.1,0.1,0.1,-0.3,0.1,0,0,0.1,0.1,0.1,0.1,0.1,0.1,-2.24,0.1,0.1,0.1,0.1,0.1,0.1,0.1,0.1,0.1,-3.95,0.1,0.1,0.1,0.1,0,0,0.1,0.1,0.2,-4.05,0,0.1,0.1,0.1,0.1,0.1,0.1,0,0.1,-3.9,0.2,0.1,0.1,0.1,0.2,0.1,0.1,0.2,0.1,-3.85,0.1,0.1,0,0,0.1,0,0.2,0.1,0.1,-1.1,0.1,0.1,0.1,0.1,0.1,0.2,0.2,0.1,0.2,-0.2,0,0,0,0,0.1,0.1,0.1,0.1,0.1,0,0.1,0.1,0.1,0.2,0.1,0.1,0,-0.1
0.000095,0.1,0.1,0.1,0.2,0.2,0,0.1,0.1,0.1,0.1,0.2,-0.3,0.2,0.1,0.1,0,0.1,0.1,0.1,0.1,0.1,-2.2,0.1,0.1,0.1,0.1,0.1,0.1,0.1,0.1,0,-3.95,0.1,0.1,0.1,0.1,0.1,0.1,0.1,0.1,0.1,-4.05,0.1,0.1,0.1,0.1,0.1,0.1,0.1,0.1,0.1,-3.9,0.1,0.1,0.1,0.1,0.1,0.1,0.1,0,-0.1,-3.75,0.2,0.1,0.1,0.1,0.1,0.1,0.1,0.1,0.1,-1.2,0.1,0.1,0,0.1,0,0,0.1,0.1,0.1,-0.2,0.1,0,0.1,0.1,0.1,0.1,0.1,0.1,0.1,-0.1,0.1,0.1,0.1,0.1,0.1,0.1,0.1,0
0.0000952,0.1,0.1,0.1,0.1,0.2,0.1,0.1,0.1,0.1,0.1,0.1,-0.3,0.1,0.1,0.1,0.1,0,0.2,0,0.1,0.1,-2.2,0.1,0.1,0.1,0.1,0.1,0.1,0,0.1,0,-3.95,0.1,0.1,0.1,0.1,0.1,0.1,0.2,0.1,0.1,-4.1,0.1,0.1,0.1,0.1,0.1,0.1,0.1,0.1,0.1,-3.81,0.1,0.1,0.1,0.1,0.1,0.1,0.1,0.1,0.1,-3.85,0.1,0.1,0.1,0.1,0.1,0.2,0.1,0.1,0.1,-1.2,0.2,0.2,0.1,0,0.1,0.1,0.1,0.1,0.1,-0.2,0.1,0.1,0.1,0.1,0.1,0.2,0.1,0.1,0,-0.1,0.1,0.1,0.1,0,0,0.1,0,0
0.0000954,0.1,0.1,0.1,0.1,0,0.2,0.1,0.1,0.1,0.2,0.1,-0.3,0,0.1,0.1,0.1,0.1,0.2,0.1,0.1,0.1,-2.15,0.1,0.1,0.1,0.1,0.1,0.1,0.1,0.1,0.1,-4,0,0.1,0.1,0.1,0.1,0.1,0.1,0.2,0.1,-4.05,0.1,0.1,0.1,0.2,0.1,0.1,0.2,0.1,0,-3.95,0.1,0.1,0.1,0.1,0.1,0.1,0.1,0.1,0.1,-3.75,0.1,0.1,0.2,0.1,0.1,0.1,0.1,0.1,0.2,-1.1,0.1,0.1,0.1,0,0.1,0.1,0.1,0.1,0.1,-0.2,0.1,0.2,0.1,0.1,0.1,0.1,0,0.1,0,0,0.2,0.1,0.1,0.1,0,0.1,0,0
0.0000956,0.1,0.1,0.1,0.2,0.1,0,0.1,0.1,0,0.1,0.1,-0.2,0.1,0.1,0.2,0,0.1,0.2,0.1,0.1,0.1,-2.24,0.1,0.1,0,0.2,0,0.1,0.1,0.1,0.1,-3.95,0.1,0,0.1,0.1,0.1,0.1,0,0.1,0.1,-4.2,0.1,0.1,0.1,0,0.1,0.1,0.1,0.1,0.2,-3.95,0.1,0.1,0.1,0.1,0.2,0.2,0,0.1,0.1,-3.75,0.1,0.1,0.1,0.1,0.1,0.1,0.1,0.1,0.1,-1.1,0.1,0.1,0,0.1,0,0.1,0.1,0.1,0.1,-0.2,0.1,0.1,0.1,0.1,0.1,0.2,0.2,0.2,0.1,0,0.1,0.1,0.1,0.1,0.1,0.1,0,0
0.0000958,0,0.1,0.1,0.1,0.1,0.1,0.1,0.1,0.1,0.1,0.1,-0.3,0.1,0.1,0.1,0.1,0,0.1,0.1,0,0.2,-2.24,0.1,0.1,0.1,0.1,0,0.1,0.1,0.1,0.1,-3.91,0.1,0.1,0,0.1,0.1,0.1,0.1,0.1,0.1,-4.15,0,0.1,0.1,0.1,0.1,0.1,0.1,0.1,0.1,-3.9,0.1,0.1,0.1,0.1,0.1,0.1,0.2,0.1,0.1,-3.71,0.1,0.1,0.1,0.1,0.1,0.1,0.2,0.1,0.1,-1.1,0.1,0.1,0,0.1,0.1,0.1,0.1,0.1,0.1,-0.2,0.1,0.1,0.2,0,0.1,0.1,0.1,0.2,0.1,0,0.2,0.1,0.1,0.1,0.1,0.1,0.1,0
0.000096,0.1,0.1,0.1,0.1,0.1,0.1,0.1,0.1,0.2,0.1,0.1,-0.4,0.1,0.1,0.1,0.1,0.1,0.1,0.1,0.1,0,-2.18,0,0.1,0.1,0.1,0.1,0.1,0.1,0.2,0.1,-4,0.1,0,0.1,0,0.1,0.1,0.1,0.2,0.1,-4.2,0.1,0.2,0.1,0.1,0.1,0.1,0.2,0.1,0.1,-3.9,0.1,0.2,0.1,0.1,0.1,0.1,0.1,0,0.1,-3.81,0.1,0.1,0.1,0.1,0.1,0.1,0.1,0.1,0.2,-1.1,0.1,0.1,0.1,0.1,0.1,0.1,0.2,0.1,0.2,-0.2,0.1,0.1,0.1,0.1,0.1,0,0.1,0.1,0.1,0,0.1,0.1,0.1,0.1,0.1,0.1,0,0.1
0.0000962,0.1,0.1,0.1,0.1,0.1,0.1,0.1,0.1,0.1,0,0.1,-0.3,0.1,0.1,0.1,0.1,0.1,0.1,0.1,0.1,0,-2.23,0.1,0.1,0.1,0.1,0.1,0.1,0.1,0.1,0.1,-3.91,0,0,0.1,0.1,0.1,0.1,0.1,0.1,0,-4.1,0.1,0.1,0.1,0.1,0.1,0.1,0.1,0.1,0.1,-3.85,0,0.1,0.1,0.1,0.1,0.1,0.1,0.1,0.1,-3.77,0.1,0.1,0.1,0.1,0.1,0.1,0.1,0.1,0.1,-1.2,0.1,0.1,0,0.1,0.1,0.1,0.1,0.2,0.1,-0.2,0.2,0.1,0.1,0.1,0.1,0.1,0,0.1,0.2,0,0.1,0.1,0.1,0.1,0.1,0.1,-0.1,0
0.0000964,0,0.2,0.1,0.1,0.1,0.1,0.1,0.1,0.1,0.1,0.1,-0.3,0.1,0.1,0.1,0.1,0.1,0.1,0,0.1,0.1,-2.18,0.1,0.1,0.1,0.1,0.1,0.1,0.1,0.1,0.1,-3.95,0.1,0.1,0.1,0.1,0.1,0.1,0.1,0.1,0,-4.1,0.1,0.1,0.1,0.1,0.2,0.1,0.1,0.1,0.2,-4.04,0.1,0,0.1,0.1,0,0.1,0.1,0.1,0.1,-3.81,0.1,0.1,0.1,0.1,0.1,0.1,0,0.1,0,-1,0.1,0.1,0.1,0.1,0.2,0.1,0.1,0.2,0.1,-0.2,0.1,0.1,0.1,0.1,0.1,0.1,0.1,0.1,0.1,0.1,0.1,0.1,0.1,0.1,0.1,0.1,-0.1,0
0.0000966,-0.1,0.1,0.1,0.1,0.1,0.1,0,0.1,0.1,0.1,0.1,-0.3,0.1,0.1,0.1,0.1,0.1,0.1,0,0,0.1,-2.18,0.2,0.2,0.1,0.1,0.1,0.1,0.1,0.1,0.1,-4,0.1,0.1,0,0.1,0.1,0.1,0,0.1,0.1,-4,0.1,0.1,0.1,0.2,0.1,0,0.2,0.1,0.1,-3.85,0.1,0.1,0.1,0.1,0.1,0.1,0.1,0.1,0,-3.87,0.1,0.1,0.1,0.1,0.1,0.1,0.1,0.1,0.1,-1.1,0.1,0.1,0.1,0.1,0.1,0.1,0.1,0.1,0.1,-0.2,0.1,0.1,0.1,0.1,0.1,0.1,0.1,0.1,0.1,0,0.1,0.2,0.1,0.1,0.1,0.1,-0.1,-0.1
0.0000968,0,0.1,0.1,0.2,0.1,0.1,0,0.1,0.1,0.1,0.1,-0.2,0.1,0.1,0.2,0.1,0.1,0.1,0.1,0.1,0.2,-2.18,0.2,0.1,0.1,0.1,0.1,0,0.2,0.1,0.1,-4,0.1,0.2,0.1,0.1,0.1,0.1,0.1,0.1,0.1,-4.04,0.1,0,0.1,0.1,0.1,0.1,0.1,0.1,0.1,-3.9,0.1,0,0.1,0.1,0,0.1,0.1,0,0,-3.87,0.1,0.1,0.1,0,0.2,0.1,0.2,0.1,0,-1.1,0.1,0.1,0.1,0.1,0.1,0.1,0.1,0,0.1,-0.2,0.2,0.2,0.1,0.1,0.1,0,0.1,0.1,0.1,0.1,0.1,0.2,0,0.1,0.1,0.1,-0.1,0
0.000097,-0.1,0.1,0.1,0,0.1,0.2,0,0.1,0.1,0.1,0.1,-0.3,0.1,0.1,0.1,0.1,0.1,0.1,0.1,0.1,0.1,-2.24,0.1,0.1,0,0,0.1,0.1,0.1,0,0.1,-3.95,0,0.1,0.1,0.1,0,0,0.1,0.1,0.1,-4,0.1,0.1,0.1,0.1,0.1,0.1,0.2,0.1,0.1,-3.9,0.1,0.1,0.1,0.1,0.1,0,0.1,0.1,0.1,-3.91,0.1,0.1,0,0.1,0.1,0.1,0.2,0.1,0.1,-1.1,0.1,0.2,0.1,0.1,0.1,0,0,0.1,0.1,-0.1,0.1,0.1,0.1,0.2,0.1,0.1,0.2,0.1,0.1,0,0.1,0.1,0.2,0.1,0.1,0.1,0,0
0.0000972,-0.1,0.1,0.1,0.1,0.1,0.1,0.1,0,0.1,0.2,0.1,-0.3,0,0.1,0.1,0.1,0.1,0.1,0.1,0.1,0.1,-2.15,0.1,0.1,0.1,0.1,0.1,0.1,0.1,0.1,0.1,-3.9,0.1,0,0.1,0.1,0.1,0.2,0.1,0.1,0.1,-3.95,0.1,0.1,0.1,0.1,0.1,0.1,0,0.1,0.1,-3.9,0.1,0.1,0.1,0.1,0.1,0,0.1,0.1,0.1,-3.85,0.2,0.1,0.1,0.1,0,0.1,0.1,0.1,0.1,-1.1,0.1,0.1,0.1,0.1,0.1,0.1,0,0.2,0.1,-0.1,0.1,0.1,0.1,0.1,0.1,0.1,0.1,0.1,0.1,0,0.1,0,0.1,0,0.1,0.1,0.1,-0.1
0.0000974,0,0,0.2,0.2,0.1,0.1,0.1,0.2,0.1,0.1,0,-0.4,0.1,0.1,0.1,0.1,0.1,0.1,0.1,0.2,0.1,-2.21,0.1,0.1,0.1,0.1,0.1,0,0.1,0.1,0.2,-3.85,0.1,0.1,0.1,0.1,0.1,0.1,0.1,0.1,0.1,-4.1,0.2,0.1,0.1,0.1,0.1,0.1,0.1,0.1,0.1,-3.85,0,0.1,0.1,0.1,0.1,0.1,0.1,0.1,0.1,-3.71,0.1,0.1,0.1,0.1,0.1,0.1,0.1,0.1,0.1,-1.1,0.1,0.2,0.2,0.1,0.2,0.1,0.1,0.1,0.2,-0.1,0.1,0,0,0.1,0.1,0.1,0.1,0.1,0.2,0,0.1,0.1,0.1,0.1,0.1,0.1,0.1,0
0.0000976,0,0.1,0.1,0.1,0.1,0.1,0.1,0.1,0.1,0.1,0.1,-0.3,0.1,0.1,0.2,0.2,0,0.1,0.1,0.1,0,-2.11,0.1,0.1,0.1,0.1,0.1,0,0.1,0.1,0.1,-3.81,0.1,0.1,0.1,0.1,0,0.1,0.1,0.1,0.1,-4.05,0,0.1,0.1,0.1,0.1,0.1,0.1,0.1,0.2,-3.85,0.1,0.1,0,0.1,0.2,0,0.1,0.1,0.1,-3.75,0.1,0.1,0.1,0.1,0.1,0.1,0.1,0.1,0.1,-1.1,0.2,0.1,0.1,0,0.1,0.1,0.1,0.1,0.1,-0.2,0.1,0.1,0.2,0.1,0.1,0.1,0.2,0.1,0.1,0,0.1,0,0.2,0.1,0.1,0,0,0.1
0.0000978,0,0.1,0.1,0.1,0.1,0.1,0.1,0.1,0,0.1,0.1,-0.2,0.1,0,0.2,0.1,0.1,0.1,0.1,0.1,0,-2.1,0.1,0.1,0.1,0.1,0.1,0.1,0.2,0.1,0.1,-3.95,0.1,0,0.1,0.1,0.1,0.1,0.1,0.1,0.1,-4.1,0.1,0.1,0.1,0.2,0.1,0.1,0.1,0.1,0.1,-3.85,0.1,0,0.1,0.1,0.1,0.1,0.1,0.1,0.1,-3.71,0.1,0.1,0.1,0.1,0.1,0.1,0.1,0.1,0.1,-1.1,0,0.1,0.2,0.1,0.1,0.1,0.1,0.1,0.1,-0.2,0.1,0.1,0.1,0.1,0.1,0.1,0.1,0.1,0.1,-0.1,0.1,0.1,0,0.1,0.2,0.1,0.1,0
0.000098,0,0.1,0.2,0.1,0.1,0.1,0.1,0.1,0.1,0,0.1,-0.3,0.1,0.2,0.1,0.1,0,0.1,0.2,0.1,0.1,-2.2,0.2,0.2,0.1,0.1,0.1,0.1,0,0.1,0.1,-3.95,0.1,0.1,0.1,0.1,0,0.1,0.1,0.1,0.2,-4.2,0.1,0.1,0.1,0.1,0.1,0.2,0,0.1,0.2,-3.9,0.1,0.1,0.1,0.1,0.1,0.1,0.1,0.1,0.1,-3.65,0.1,0.1,0,0.1,0.1,0.1,0,0.1,0.1,-1.1,0.1,0,0.1,0.1,0.1,0.1,0.1,0.1,0.1,-0.3,0.1,0.1,0.1,0.1,0.1,0.2,0.1,0.1,0.1,-0.1,0.1,0.1,0.1,0.1,0.1,0,0,0
0.0000982,0,0.1,0.1,0.1,0.1,0.1,0.1,0.1,0.2,0.1,0.1,-0.4,0.1,0.1,0.1,0.1,0.2,0.1,0.2,0.1,0.1,-2.1,0.1,0.1,0.1,0.1,0.1,0,0.1,0,0.1,-3.95,0.1,0.1,0.2,0.1,0.1,0.1,0.1,0.1,0.1,-4.2,0.1,0.1,0.1,0.2,0,0.1,0.1,0.1,0.1,-3.85,0.1,0.1,0.1,0.1,0.1,0.1,0.1,0.1,0.1,-3.75,0.1,0.1,0.1,0.1,0.2,0,0.1,0.2,0.1,-1,0.1,0.1,0.1,0.1,0.1,0.1,0.1,0.1,0.1,-0.3,0.1,0.1,0,0.1,0,0.1,0.1,0,0,-0.1,0.1,0.1,0.1,0.1,0.1,0.1,0.1,0
0.0000984,0,0.1,0.1,0.1,0.1,0.1,0.2,0.1,0.1,0.1,0.1,-0.4,0.1,0.1,0.1,0.1,0.1,0.1,0.1,0.1,0,-2.15,0.1,0.2,0.1,0.1,0.1,0.1,0.1,0.1,0.1,-3.95,0.1,0,0.1,0.1,0.1,0.1,0.1,0,0.1,-4.15,0.1,0,0.1,0.1,0.1,0.1,0.1,0.1,0.1,-3.9,0.1,0.1,0.1,0,0.1,0.1,0.1,0.1,0.1,-3.65,0.1,0.1,0.1,0.1,0.1,0.1,0.1,0.1,0.1,-1,0,0.1,0.1,0.2,0.2,0.1,0.2,0.1,0.1,-0.1,0.1,0.1,0,0.1,0.1,0.2,0,0.2,0.1,0,0.1,0.1,0.2,0.1,0,0.1,0,0
0.0000986,0,0,0.1,0.1,0.1,0.1,0.1,0.1,0.1,0.1,0.1,-0.3,0.1,0.1,0.1,0.1,0.1,0.1,0,0.1,0.1,-2.14,0.1,0.1,0.1,0.1,0,0.1,0,0.1,0.1,-3.85,0.1,0.1,0.1,0,0.1,0.1,0.1,0.2,0.1,-4.1,0.1,0,0.1,0.1,0.1,0.1,0.1,0.1,0.2,-3.9,0.1,0.1,0.1,0.1,0.1,0.1,0.1,0.1,0.1,-3.65,0.1,0.1,0.1,0,0.1,0.1,0.1,0.1,0,-1.1,0,0,0.1,0.1,0.1,0.1,0.1,0.2,0.1,-0.2,0.1,0.1,0,0.1,0,0.1,0.1,0.1,0.1,0,0.1,0.1,0.1,0.1,0.1,0.1,0,0
0.0000988,0,0.2,0.2,0.1,0.1,0.1,0,0.1,0.1,0.1,0.1,-0.4,0.2,0.1,0.1,0.2,0.1,0.1,0.1,0.1,0.1,-2.14,0.1,0.1,0.1,0.1,0,0.1,0.1,0.1,0.1,-3.81,0.2,0.1,0.1,0.1,0.2,0.1,0.2,0.1,0.1,-4.1,0.1,0.1,0.1,0,0.2,0.1,0,0,0.1,-3.95,0.1,0.1,0.1,0.1,0.2,0.1,0.1,0.1,0.1,-3.61,-0.1,0.1,0.1,0.1,0.1,0.1,0,0.1,0,-1.1,0,0.1,0.1,0.1,0.1,0.1,0.1,0.1,0.1,-0.2,0.2,0.2,0.1,0.1,0.1,0.1,0.1,0.1,0.1,0,0.1,0.1,0.1,0.1,0.1,0,0,-0.1
0.000099,0,0.1,0.1,0.1,0.1,0.1,0.1,0,0.1,0.1,0,-0.4,0.1,0.1,0.1,0.1,0.1,0,0.1,0.2,0.1,-2.14,0.2,0.1,0,0.1,0.1,0.1,0.1,0.1,0.1,-3.91,0.1,0.1,0.1,0.1,0.1,0.1,0.1,0.1,0.1,-4,0.1,0.2,0.1,0,0.1,0.1,0.1,0.1,0.1,-4,0.2,0.1,0.1,0.1,0.1,0.1,0.1,0.1,0.1,-3.67,0.1,0.1,0.2,0.1,0.1,0.1,0.1,0.1,0.1,-1.1,0.1,0.1,0.1,0.1,0.1,0.1,0.2,0.1,0.1,-0.2,0.1,0.1,0,0.1,0.2,0.1,0.1,0.1,0.1,0,0.1,0.1,0.1,0.1,0.1,0.1,-0.1,0
0.0000992,0,0.1,0.1,0.1,0.1,0,0.1,0.1,0,0.1,0.1,-0.4,0.1,0.1,0,0.1,0.1,0.2,0,0.1,0.1,-2.14,0.1,0.1,0.1,0.1,0.1,0.1,0.2,0.1,0.1,-3.95,0.1,0.1,0.1,0.1,0.1,0.1,0.1,0.1,0.1,-4,0.1,0.1,0.1,0.1,0.1,0.1,0.1,0.2,0.1,-4,0.1,0.1,0.1,0.1,0.1,0.1,0.1,0.1,0.1,-3.71,0,0.1,0.1,0,0.1,0.1,0.1,0.1,0.1,-1.1,0.1,0.1,0.2,0.1,0.1,0.1,0.1,0.1,0.1,-0.1,0.1,0.1,0.1,0.1,0.1,0.1,0.1,0.1,0.1,0,0.1,0.1,0.1,0.1,0,0.1,0.1,-0.1
0.0000994,0,0.1,0.1,0.1,0.1,0.1,0.1,0.1,0.1,0.1,0.2,-0.3,0.1,0.1,0.1,0,0.2,0.1,0,0.1,0.1,-2.14,0.1,0,0.1,0.1,0.1,0.1,0.1,0.1,0.1,-3.95,0,0,0.1,0.1,0.1,0.1,0.1,0,0.1,-4,0.1,0.2,0.1,0.1,0.1,0,0.1,0.1,0.1,-3.9,0.1,0.2,0.1,0.1,0.1,0.1,0.1,0.2,0.1,-3.77,0.1,0.1,0.1,0.1,0,0.1,0.1,0.1,0.1,-1.1,0,0.1,0.1,0.1,0.1,0,0.1,0.1,0.1,-0.1,0.1,0.2,0.1,0,0.1,0,0.1,0.1,0.1,0.1,0.1,0.1,0.1,0.1,0.1,0.1,0,0
0.0000996,0,0.2,0.2,0.1,0.1,0.1,0.1,0.1,0.1,0.1,0.1,-0.3,0,0,0.1,0.2,0.1,0.1,0.1,0.1,0.1,-2.05,0.1,0.2,0,0.1,0.1,0.1,0.1,0.1,0.1,-4.04,0.1,0.2,0.1,0.1,0.1,0.1,0.1,0.1,0.1,-4,0.1,0.1,0.1,0.1,0.1,0.1,0.1,0.1,0.2,-3.9,0.1,0.2,0.1,0.1,0.1,0.2,0.1,0.1,0,-3.77,0.1,0.1,0.1,0.1,0.1,0.1,0.1,0.1,0.1,-1.1,0.1,0.1,0.1,0.1,0.1,0.1,0.1,0.1,0.1,-0.1,0,0,0.1,0.1,0.1,0.2,0.1,0,0.1,0,0.2,0.1,0.1,0.1,0,0.1,0,0
0.0000998,0,0.1,0.1,0,0.2,0.1,0.1,0.2,0.1,0.1,0.1,-0.3,0.1,0.1,0.2,0.1,0.1,0,0.1,0.1,0.1,-2.15,0.1,0.1,0.1,0.1,0.1,0.1,0.1,0,0.1,-3.94,0.1,0.1,0.1,0,0.1,0,0.1,0.1,0.1,-4.1,0.1,0.1,0.1,0.1,0.1,0,0.1,0.1,0.2,-3.85,0.1,0.1,0.1,0.1,0.1,0.1,0.1,0.1,0.1,-3.72,0.1,0,0.1,0.1,0.1,0.1,0.1,0.1,0,-0.9,0.2,0,0,0.1,0.1,0.1,0.2,0.1,0.1,-0.2,0.1,0.1,0.2,0.2,0.1,0.1,0.1,0.1,0.1,0,0.1,0.1,0.1,0.1,0.1,0.1,0,0.1
0.0001,0,0.1,0.1,0,0.1,0.2,0.1,0,0,0.1,0.1,-0.3,0.1,0.2,0.1,0.1,0.1,0.1,0.1,0.1,0.1,-2.1,0.1,0.1,0.1,0.1,0.1,0.1,0.1,0.1,0.1,-3.9,0,0.2,0.2,0,0.1,0.1,0.1,0.1,0,-4.14,0.1,0.1,0.1,0,0.1,0.1,0.1,0.2,0.1,-3.9,0.1,0.1,0.1,0.1,0.1,0,0.1,0.1,0.1,-3.87,0.1,0.1,0,0.1,0,0.1,0.1,0.1,0.1,-1.1,0.1,0.1,0.1,0.2,0.1,0.1,0.1,0.1,0.1,-0.2,0.1,0.1,0.1,0.1,0.1,0.1,0.1,0.1,0.1,0,0,0.2,0.1,0.1,0.1,0.1,0,0
0.0001,0,0.1,0.2,0.1,0.2,0.1,0.1,0.2,0,0.2,0.1,-0.3,0.1,0,0.1,0.1,0.1,0,0.2,0.1,0.1,-2.2,0.1,0.1,0.1,0,0.1,0.1,0.1,0.2,0.1,-3.94,0.2,0.2,0.1,0.1,0,0.1,0.1,0.1,0.1,-4.18,0.1,0.1,0.1,0.1,0.1,0.1,0.1,0,0.2,-3.9,0.1,0.1,0.1,0.1,0.2,0.1,0.1,0.1,0.1,-3.82,0.1,0.1,0.1,0,0.1,0,0.1,0.1,0.1,-1.1,0,0.1,0.1,0.1,0.1,0.1,0.1,0.1,0.1,-0.1,0.2,0.2,0.1,0.1,0.1,0.1,0.1,0.1,0.1,0,0.1,0.1,0.1,0.1,0.1,0.1,0.2,0
0.0001,0,0.1,0.1,0.1,0.1,0.2,0.1,0.1,0.1,0.1,0.1,-0.2,0.1,0.1,0.2,0.1,0.2,0.1,0.1,0.1,0.1,-2.1,0.2,0.1,0.1,0.1,0.1,0.2,0.1,0.1,0.1,-4.04,0.1,0.1,0.1,0.2,0.1,0.1,0.1,0.1,0.2,-4.28,0,0.1,0.1,0.1,0.1,0,0,0.1,0.1,-3.94,0,0.2,0.1,0.1,0,0.1,0.1,0.1,0.1,-3.82,0.1,0.2,0.1,0.1,0.1,0.1,0.1,0.1,0,-1,0.1,0.1,0.1,0.1,0.1,0.1,0,0.1,0.1,-0.2,0.1,0.1,0.1,0,0.1,0.1,0.1,0,0.1,0.1,0.1,0.1,0.1,0.1,0.1,0.1,0.1,0
0.000101,0,0,0.2,0.1,0.1,0.1,0.2,0.1,0.1,0.1,0.1,-0.4,0.1,0.1,0.1,0.2,0.2,0.1,0.1,0.1,0.1,-2,0.1,0.1,0.1,0.1,0.1,0.1,0.1,0.1,0.1,-3.9,0.1,0.1,0.1,0.1,0.2,0.1,0.1,0.1,0,-4.18,0,0.1,0.1,0.1,0.1,0.1,0.1,0.1,0.1,-3.98,0,0.1,0.1,0.2,0.1,0.1,0.1,0.1,0.1,-3.95,0.2,0.1,0,0.1,0.1,0.1,0.1,0.1,0.1,-1,0.1,0.1,0,0.2,0,0.1,0.1,0.1,0.1,-0.2,0.2,0.1,0.1,0.1,0.1,0.1,0.1,0.1,0.1,0,0.2,0.1,0.1,0.1,0.1,0.1,0.1,0
0.000101,0,0.1,0.1,0.1,0,0.1,0,0.2,0.1,0.1,0.1,-0.3,0,0.1,0.1,0.1,0.1,0.1,0.2,0.1,0.1,-2,0.1,0.1,0.1,0.1,0.1,0.1,0.1,0.1,0.1,-3.94,0.1,0.1,0.1,0.1,0.1,0.1,0.1,0.2,0.1,-4.18,0.1,0.1,0,0.1,0.1,0.1,0.1,0.1,0.1,-3.98,0.1,0.1,0.1,0.1,0.1,0.1,0.1,0.1,0.1,-3.9,0.1,0.1,-0.1,0.1,0.1,0.1,0,0.1,0,-1,0.2,0.1,0.1,0.1,0.1,0.1,0.1,0.1,0.1,-0.2,0.1,0.1,0.1,0.1,0.1,0.1,0.1,0,0.1,-0.1,0.1,0.1,0.1,0.1,0.1,0,0,0
0.000101,0.1,0.1,0.2,0.1,0.1,0.1,0.1,0.1,0.1,0.1,0.1,-0.2,0.1,0.2,0.1,0.1,0.1,0.1,0.1,0.1,0.3,-2.1,0.1,0.1,0.1,0.1,0.1,0.1,0.1,0.1,0,-3.94,0.1,0.1,0.1,0.1,0.1,0.3,0.2,0.2,0,-4.18,0.1,0.1,0.1,0.1,0.1,0.1,0.2,0.1,0.1,-3.98,0.1,0.1,0.1,0.1,0.2,0.1,0.1,0.1,0.2,-3.9,0.1,0.1,0.1,0.1,0.1,0.1,0.1,0.1,0.1,-1,0.1,0.1,0.1,0.1,0.2,0.1,0.1,0.1,0.2,-0.2,0.1,0.1,0.1,0.1,0.1,0.1,0.1,0.1,0.1,0,0.1,0.1,0.1,0.1,0.1,0.1,0,0
0.000101,0.1,0,0.1,0.1,0,0.1,0.1,0,0.1,0.1,0.1,-0.4,0.2,0.1,0.1,0.1,0.1,0.1,0.1,0.1,0.1,-2,0.1,0.1,0.1,0.1,0,0.1,0.1,0.1,0.1,-3.94,0.1,0.1,0.1,0.1,0,0.1,0.2,0.1,0.1,-4.08,0.1,0.1,0.1,0.1,0,0.2,0.1,0.1,0.1,-3.98,0.1,0.1,0.1,0.1,0.1,0.1,0.1,0.1,0.1,-3.84,0.1,0.1,0.1,0.1,0.1,0.1,0.1,0.1,0.1,-1,0.1,0.1,0.2,0.1,0.1,0.1,0.1,0.1,0,-0.2,0.1,0.2,0.1,0.1,0.1,0.1,0,0.1,0.1,0,0.1,0.1,0.1,0.1,0.1,0.2,0,0
0.000101,0.1,0.1,0.1,0.1,0.1,0.1,0.1,0.1,0.1,0.1,0.1,-0.2,0.2,0.1,0.2,0.1,0.2,0.1,0.1,0.1,0.1,-2,0.1,0.1,0.1,0.1,0.1,0,0.1,0.1,0.1,-3.9,0.1,0.1,0.1,0.1,0.1,0.1,0.1,0.1,0,-4.08,0.2,0.1,0.1,0.1,0.1,0.1,0.1,0.1,0.1,-3.98,0,0.1,0.1,0.1,0.1,0,0.1,0.1,0.1,-3.8,0,0.1,0.1,0.1,0,0.1,0.1,0.1,0.1,-0.9,0.1,0.2,0.1,0.1,0,0,0.1,0.1,0.1,-0.1,0.2,0.1,0,0.1,0.1,0.1,0.1,0.1,0.1,0,0.1,0.1,0.1,0.1,0.1,0.1,0,0
0.000102,0,0,0,0,0.1,0.2,0.1,0.1,0.1,0.1,0.1,-0.3,0.1,0.1,0.1,0.1,0.1,0.1,0.1,0.1,0.1,-2,0,0.1,0.1,0.1,0.2,0.1,0.1,0,0.1,-4.08,0.1,0.1,0.1,0,0.1,0.1,0,0.1,0.1,-4.04,0.1,0.1,0.1,0.2,0.1,0,0.1,0.1,0.1,-3.88,0.1,0.1,0,0.3,0.1,0.1,0.1,0.1,0.1,-3.85,0,0.1,0.1,0.1,0.1,0.2,0.1,0.1,0.1,-1,0.1,0.1,0.1,0,0.2,0.1,0,0.1,0.2,-0.1,0.1,0.1,0.1,0.1,0.1,0.1,0.1,0.1,0.2,0,0.1,0.1,0.1,0.1,0.1,0.1,0,0
0.000102,0.1,0.1,0,0.1,0.1,0.1,0.1,0.1,0.1,0.1,0.1,-0.3,0.1,0.1,0,0.1,0.2,0.1,0.1,0.1,0,-2.01,0.1,0.1,0.1,0,0.2,0.1,0.1,0.1,0,-4.04,0.1,0.1,0,0.1,0.1,0.1,0.1,0.1,0.1,-4.08,0,0.1,0.1,0.1,0.1,0.1,0.1,0.1,0.1,-3.9,0.1,0.1,0.1,0.1,0.1,0.1,0.1,0.1,0.1,-3.81,0.1,0.1,0.1,0.1,0.1,0.1,0.1,0.2,0.1,-1,0.1,0.1,0.1,0.1,0.1,0.1,0,0.1,0.1,-0.2,0.1,0,0.1,0.1,0.1,0.1,0.1,0.1,0,0.1,0.1,0.1,0.1,0.1,0.1,0.2,0,0
0.000102,0,0.1,0.1,0.1,0,0.1,0.1,0.1,0.1,0,0.1,-0.3,0.1,0.1,0.1,0.1,0.1,0.1,0.1,0,0,-2.01,0.1,0.1,0.1,0.1,0.1,0.1,0.1,0.1,0.1,-4,0.1,0.2,0.1,0.1,0.1,0.1,0.1,0.1,0.2,-4.04,0.1,0.1,0.1,0.1,0.1,0.1,0.1,0,0,-3.98,0.1,0,0.1,0.1,0.2,0.1,0.1,0.1,0.1,-3.77,0.2,0.1,0.1,0.1,0.2,0.1,0.1,0.1,0,-0.9,0.1,0.1,0.1,0.1,0.1,0.1,0.1,0.1,0.1,0,0.1,0.1,0.1,0.1,0.1,0.1,0.1,0.1,0.1,0,0.1,0.1,0.2,0.2,0.1,0.1,0,0
0.000102,0,0.2,0.1,0.1,0.1,0.1,0.1,0.1,0,0.1,0.1,-0.3,0.2,0.2,0.1,0.3,0.1,0.1,0.1,0.1,0.1,-2,0.1,0.1,0.1,0.1,0,0.1,0.1,0.1,0.1,-3.9,0.1,0.1,0.1,0.1,0.1,0.1,0.1,0.1,0.1,-4.23,0.1,0.2,0.1,0.1,0.1,0.1,0.2,0.1,0.1,-3.94,0.1,0.2,0.1,0.1,0.1,0.1,0.1,0.1,0.1,-3.87,0.1,0.1,0.1,0.1,0.1,0.1,0.1,0.1,0.1,-0.9,0.1,0.1,0.1,0.1,0.2,0.1,0.1,0,0.1,-0.1,0.1,0.1,0.1,0.2,0.1,0,0,0.1,0.1,-0.1,0.1,0.1,0.1,0.1,0,0.1,0,0
0.000102,0.1,0,0.1,0.1,0.1,0,0.1,0,0.1,0.1,0.1,-0.3,0.1,0.1,0.1,0.1,0.1,0.1,0,0.1,0.1,-2,0.1,0.2,0.1,0.1,0.1,0.1,0,0.1,0.1,-3.8,0.1,0.2,0.1,0.1,0.1,0.1,0.1,0.1,0.1,-4.18,0.1,0.1,0.1,0,0.1,0.1,0.1,0,0.1,-3.88,0.1,0.2,0.2,0.1,0,0.1,0.1,0.1,0.1,-3.91,0.1,0.1,0.1,0.1,0.1,0.1,0.1,0.1,0.1,-0.9,0.1,0.1,0.1,0.1,0.1,0.1,0.1,0.1,0,-0.1,0.1,0.1,0.1,0.1,0.1,0,0.1,0.1,0.1,0,0.1,0.1,0.1,0.1,0.1,0.1,0,0.1
0.000103,0.1,0.1,0.1,0.1,0.1,0.1,0.1,0.2,0.1,0.1,0.1,-0.3,0.1,0.1,0.1,0.1,0.1,0.1,0.1,0.2,0.1,-1.9,0.1,0.1,0.1,0.1,0.1,0.1,0.1,0.1,0.1,-3.8,0.2,0.1,0.1,0.1,0.1,0.1,0.2,0.1,0.2,-4.14,0,0.1,0.1,0.1,0.1,0.1,0.1,0.1,0.1,-3.88,0.1,0.1,0.1,0.1,0.1,0.1,0.1,0.2,0.1,-3.87,0.1,0.1,0.1,0.1,0.1,0.1,0.1,0.2,0.1,-1,0.1,0.1,0.1,0,0.1,0.1,0.1,0.1,0.1,-0.2,0.1,0.1,0.1,0.1,0.2,0.1,0.1,0.1,0.1,0,0.2,0.1,0,0.1,0.1,0.1,0,0
0.000103,-0.1,0.1,0.2,0.1,0.1,0.1,0.1,0.1,0.1,0.1,0.2,-0.3,0.1,0.1,0.1,0.1,0.1,0.1,0.1,0.1,0.1,-2,0.1,0.1,0.1,0.1,0,0.1,0.2,0.2,0.1,-3.84,0,0,0.1,0.1,0.1,0.1,0.1,0.1,0.2,-4.18,0,0.1,0.1,0.1,0.1,0.1,0.1,0.1,0.1,-3.94,0.1,0.1,0.1,0.1,0.1,0.1,0.1,0.1,0.1,-3.9,0.1,0,0,0,0,0.1,0.1,0.1,0.1,-0.9,0.1,0.2,0.1,0.1,0.1,0.1,0.1,0.1,0.1,-0.1,0.1,0.1,0.1,0.1,0.1,0.2,0.1,0.1,0.1,0,0.1,0.1,0,0.1,0.1,0.1,0,0
0.000103,0,0.1,0,0.1,0.2,0,0.1,0.1,0.1,0.1,0.1,-0.3,0.1,0.2,0.1,0,0.1,0.1,0,0.1,0.1,-2,0.1,0.1,0.1,0.1,0.1,0.1,0.2,0.1,0.1,-3.84,0.1,0.1,0,0.1,0,0,0.1,0.1,0.1,-4.18,0,0.1,0.1,0.1,0.1,0.1,0.1,0.1,0.1,-3.88,0,0.1,0.2,0.1,0.1,0.1,0.1,0.1,0.1,-3.75,0,0.1,0.1,0.1,0.1,0.1,0.1,0.1,0.1,-1,0.1,0.1,0.1,0.1,0.1,0.1,0.1,0,0.1,-0.2,0,0.1,0.1,0.1,0.1,0.1,0.1,0.1,0.1,0,0.1,0.1,0.1,0.1,0.1,0,0,0
0.000103,0,0.1,0,0.1,0.1,0.1,0.2,0.1,0.1,0.1,0.1,-0.3,0,0.2,0.1,0.1,0.1,0,0.1,0.1,0.1,-1.9,0.1,0,0.1,0.1,0.1,0.1,0.1,0.1,0.1,-3.8,0.1,0.1,0.1,0.1,0.1,0,0.1,0.1,0.1,-4.14,0.1,0.1,0,0.1,0.1,0.1,0.1,0.1,0.1,-3.88,0,0.1,0.1,0.1,0.1,0.1,0.1,0.1,0.1,-3.74,0.1,0.1,0.1,0.1,0.1,0.1,0.1,0.2,0,-0.9,0.1,0.1,0.1,0.1,0.1,0.1,0.1,0.1,0,-0.3,0.2,0.1,0.1,0.1,0.1,0.1,0.1,0.1,0,0,0.1,0.2,0.1,0.1,0.1,0.1,0,0
0.000103,0.1,0.1,0.2,0.1,0,0.2,0.1,0.1,0.2,0,0.1,-0.3,0.1,0.1,0.1,0.1,0.1,0.1,0.1,0.1,0.1,-1.9,0.1,0.2,0,0,0.1,0.1,0.2,0.2,0,-3.8,0.2,0.2,0.1,0.1,0.1,0.1,0.1,0.1,0.1,-4.18,0.1,0.1,0.2,0.1,0.1,0.1,0,0.1,0.1,-3.98,0.1,0.1,0.1,0.2,0.1,0.1,0.1,0.1,0.1,-3.74,0.1,0.1,0.1,0.1,0.1,0.1,0.1,0.1,0.2,-1,0.1,0.1,0.1,0.1,0.1,0.1,0.1,0.1,0.1,-0.2,0.1,0.1,0.2,0.1,0.1,0,0.1,0.2,0,0,0.1,0.2,0.1,0.1,0.1,0.1,0,0
0.000104,0,0.1,0.1,0,0.2,0.1,0.1,0.1,0.1,0.1,0.1,-0.2,0.1,0.2,0.1,0.1,0.2,0.1,0.1,0.1,0.1,-1.9,0.1,0.2,0.2,0.1,0.1,0.1,0.2,0.1,0.1,-3.94,0.1,0.1,0.1,0.1,0.1,0.2,0,0.1,0.1,-4.14,0.1,0.1,0.1,0,0,0.2,0.1,0.1,0.2,-3.98,0.1,0.1,0.1,0.1,0.1,0.1,0.1,0,0.1,-3.74,0.1,0.1,0.1,0.1,0.1,0.1,0.1,0.1,0.1,-0.9,0.1,0.1,0.1,0.1,0.1,0.1,0.1,0.1,0.1,-0.2,0.1,0.1,0.1,0.1,0.1,0,0.1,0.2,0.1,0,0.1,0.1,0.1,0.1,0.1,0.1,0,0
0.000104,0,0.1,0.2,0.1,0.1,0.1,0.1,0.1,0.2,0,0.1,-0.3,0.1,0.1,0.1,0,0.1,0.2,0.1,0.1,0,-1.8,0.1,0.1,0.1,0.1,0.1,0.1,0.1,0.1,0.1,-3.9,0.1,0.1,0.2,0.1,0.1,0.1,0.1,0.1,0.2,-4.18,0.1,0.1,0.1,0.2,0.1,0.1,0.1,0.1,0.1,-3.88,0.1,0.1,0.1,0.2,0.1,0.1,0,0.1,0.1,-3.74,0.1,0.1,0,0.1,0.1,0.1,0.1,0.1,0.1,-0.9,0,0.1,0.1,0,0.1,0.1,0.1,0.1,0.1,-0.2,0.1,0.1,0.1,0.1,0.1,0.1,0.1,0.1,0.1,0,0.1,0.1,0.1,0.1,0.1,0.1,0,0
0.000104,0,0.1,0.1,0.1,0.1,0.1,0.1,0.1,0.1,0,0.1,-0.4,0.1,0.1,0.1,0.1,0.1,0.1,0.1,0.1,0,-1.8,0.1,0,0.1,0.1,0.2,0.1,0.1,0.1,0.1,-4.04,0.2,0.1,0,0.1,0.1,0.2,0.1,0.1,0.1,-4.08,0.1,0.2,0.1,0.1,0.1,0.1,0.1,0,0.1,-3.84,0.1,0.1,0.1,0.1,0.1,0.1,0,0.1,0.1,-3.65,0.1,0.1,0.1,0.1,0.1,0.1,0.1,0.1,0.1,-0.9,0.1,0.1,0.1,0.2,0.1,0.1,0.1,0.1,0.1,-0.2,0.2,0.1,0.1,0.1,0.1,0.1,0.1,0.1,0.1,0.1,0.1,0.1,0.1,0.1,0.1,0.1,0,0
0.000104,0.1,0.1,0.1,0.1,0.1,0.2,0.1,0.1,0.1,0.1,0.1,-0.3,0.2,0.1,0,0.1,0.1,0.1,0,0.1,0.1,-1.8,0.2,0.1,0.1,0.1,0.1,0.1,0.1,0,0.1,-4.04,0.1,0.1,0.2,0.1,0.1,0.1,0.2,0.1,0.1,-4.08,0.1,0.1,0.1,0.2,0.2,0.1,0.1,0.1,0.1,-3.88,0.1,0.1,0.1,0.1,0.1,0.1,0.1,0.1,0.1,-3.75,0.1,0.1,0.1,0.1,0.1,0.1,0.2,0,0.1,-0.9,0.1,0.1,0.1,0.1,0.2,0,0.1,0.1,0.1,-0.2,0.1,0.1,0,0.1,0,0.1,0.1,0,0.1,0,0.1,0.1,0.1,0.1,0.2,0.1,0,-0.1
0.000104,0,0.1,0.1,0.1,0.1,0,0.1,0.1,0,0.2,0.1,-0.3,0.1,0.1,0,0.1,0.2,0.1,0.1,0.1,0,-1.9,0.1,0.1,0.1,0.1,0.1,0.1,0.1,0,0.1,-4,0,0.1,-0.1,0,0.1,0.1,0.1,0.1,0,-4.08,0.1,0.1,0.1,0.1,0.1,0.1,0.1,0.1,0,-3.84,0.1,0.2,0.1,0.1,0.1,0.1,0.1,0.1,0.2,-3.77,0.1,0.1,0.1,0.1,0.1,0.1,0.1,0.1,0.1,-1,0.2,0.1,0.1,0.1,0.1,0,0.1,0.1,0.2,-0.2,0.1,0.1,0.1,0.1,0.1,0.1,0.1,0.1,0.1,0,0.1,0.1,0.1,0.1,0.2,0,0,0
0.000105,0,0.1,0.2,0.1,0.1,0.1,0.1,0.1,0.1,0,0.1,-0.3,0.1,0.1,0.2,0.1,0,0.2,0.1,0.1,0.1,-1.9,0.1,0.1,0.1,0.1,0.1,0.1,0.1,0.1,0.2,-3.94,0.1,0.2,0,0.1,0.1,0.1,0.2,0.1,0.1,-4.08,0.1,0.1,0.1,0.1,0.1,0.1,0.1,0,0.1,-3.88,0.1,0.1,0.1,0,0.1,0.1,0.1,0.1,0.1,-3.72,0.1,0.1,0.1,0.1,0,0.1,0.1,0.1,0.1,-0.9,0.1,0.1,0.1,0.1,0.1,0.1,0.1,0.1,0.2,-0.2,0.1,0.1,0.1,0.1,0.1,0.1,0.1,0,0.1,-0.1,0.1,0.1,0.1,0.1,0.1,0.1,0.1,0.1
0.000105,0,0.1,0.1,0.1,0.1,0.1,0.1,0.1,0.1,0.1,0.1,-0.3,0.1,0.1,0.1,0.1,0.2,0,0.1,0.2,0.1,-1.7,0.1,0.1,0.1,0.1,0.1,0.1,0.1,0.1,0.1,-3.98,0.1,0.1,0.1,0.1,0.1,0.1,0.1,0.2,0.1,-4.08,0.1,0.1,0.1,0.1,0.1,0.1,0.1,0.1,0.1,-3.84,0.1,0.1,0.1,0.1,0.1,0.1,0.2,0.1,0.1,-3.72,0.1,0.1,0.1,0.1,0,0.1,0.2,0.1,0.1,-0.9,0.1,0.1,0.1,0.1,0.1,0,0.1,0.2,0.1,-0.1,0.1,0.1,0.1,0.1,0.1,0.1,0.1,0.1,0.1,-0.1,0.1,0.1,0.1,0.1,0.1,0.2,0,0
0.000105,0,0.2,0.1,0.1,0.1,0.1,0.1,0.2,0.1,0.1,0.1,-0.3,0.1,0.1,0.1,0.1,0.1,0.1,0.1,0.1,0.1,-1.9,0.1,0.1,0.1,0.1,0.1,0.1,0.1,0.1,0.1,-3.8,0.1,0,0.2,0.2,0.1,0.1,0.1,0.1,0.1,-4.08,0.1,0.1,0.1,0,0.1,0.1,0.1,0.1,0.1,-3.84,0.1,0.1,0.1,0.1,0,0.1,0.1,0.1,0.1,-3.72,0.1,0.2,0.2,0.1,0.1,0.1,0,0.1,0.1,-0.9,0.1,0.1,0.1,0.1,0.1,0.2,0.1,0.1,0.1,-0.2,0.1,0.1,0.1,0,0.1,0.1,0.2,0.1,0.1,0,0.1,0.1,0.1,0.1,0.1,0.1,0,0
0.000105,-0.1,0.1,0.1,0,0.1,0.1,0.1,0.1,0.1,0.1,0.1,-0.3,0,0.1,0.1,0.1,0.1,0.1,0.1,0.1,0.1,-1.8,0.1,0.1,0.1,0.1,0.1,0.1,0.1,0.1,0.2,-3.84,0.1,0.1,0.1,0.2,0.1,0,0.1,0.2,0,-4.08,0.1,0.1,0.1,0.1,0.1,0.1,0,0.1,0.2,-3.84,0.1,0.2,0.1,0.1,0.1,0.1,0.1,0.1,0.1,-3.71,0.1,0.1,0.1,0.1,0.1,0.1,0.1,0.1,0.1,-0.9,0.1,0,0.1,0.1,0.1,0.2,0.1,0.1,0,-0.2,0.1,0.2,0.1,0.1,0.1,0.1,0.1,0.1,0.1,0,0.1,0.1,0.1,0.1,0.1,0.1,-0.1,0
0.000105,-0.1,0.2,0.1,0.1,0.1,0,0.1,0.1,0.1,0.1,0.1,-0.3,0.1,0.1,0,0.1,0.1,0.1,0.1,0.1,0.1,-1.9,0.1,0.1,0.1,0.1,0,0.1,0.1,0.1,0.1,-3.88,0.1,0,0.1,0.1,0.1,0.1,0.1,0.1,0.1,-4.13,0.1,0.1,0.1,0.1,0.1,0.1,0.1,0.1,0.1,-3.88,-0.1,0.1,0.2,0.1,0,0.1,0.1,0,0.1,-3.8,0.1,0.1,0,0.1,0.1,0.1,0.1,0.1,0.1,-0.8,0.2,0.1,0.1,0.1,0.1,0.1,0.1,0.1,0.1,-0.1,0.1,0.1,0,0.2,0.1,0.1,0.1,0.1,0.1,-0.1,0.1,0.1,0,0.1,0.1,0.1,0,0
0.000106,0,0.1,0.1,0.1,0.1,0.1,0.1,0.1,0.1,0.1,0.1,-0.3,0.1,0.1,0.1,0.1,0.2,0,0.1,0.1,0.1,-1.8,0.1,0.1,0.1,0.1,0.1,0.1,0.2,0.1,0,-3.8,0,0.1,0.1,0.1,0.1,0.1,0.1,0.1,0.2,-4.08,0.1,0.1,0.1,0.1,0.1,0.1,0.1,0.1,0,-3.88,0,0.2,0.2,0.1,0,0.1,0.1,0.2,0.1,-3.7,0.1,0.1,0.1,0.1,0.1,0.1,0.1,0.1,0.1,-0.9,0.1,0.1,0.2,0,0.1,0,0,0.1,0.1,-0.2,0.1,0.2,0.2,0.1,0.1,0.1,0.1,0.1,0.1,0,0,0.1,0.1,0.1,0.1,0.1,0,0.1
0.000106,0,0.2,0.1,0.1,0.1,0.1,0.2,0.1,0.1,0.2,0.1,-0.3,0.1,0.1,0.1,0.1,0,0.1,0.1,0.1,0.1,-1.8,0.1,0,0.1,0.1,0.1,0.1,0.1,0.1,0,-3.8,0.1,0.2,0.1,0,0.1,0.1,0,0.1,0.2,-4.08,0.1,0.1,0.1,0.1,0.2,0.1,0.1,0.1,0.3,-3.84,0.1,0.1,0.1,0.1,0,0.1,0.1,0.1,0.1,-3.7,0.1,0,0.1,0.1,0.1,0,0,0.1,0.1,-0.9,0.1,0.1,0.1,0.1,0.1,0,0,0.2,0.1,-0.3,0.1,0.1,0.1,0.1,0.1,0.1,0.1,0.1,0.1,-0.1,0.1,0.1,0.1,0.1,0.1,0.1,0,0.1
0.000106,0.1,0.1,0.1,0.1,0.1,0.1,0,0.1,0,0.1,0.1,-0.4,0.1,0.1,0.1,0.1,0.1,0,0.1,0,0.1,-1.8,0.1,0.1,0.1,0.1,0.1,0.1,0.1,0.1,0,-3.88,0.1,0.1,0.1,0.1,0.2,0.1,0.1,0.1,0.1,-4.08,0.1,0.1,0.1,0.1,0.1,0.1,0.2,0.1,0.1,-3.88,0.1,0.1,0.1,0.1,0.1,0.1,0.1,0.1,0.1,-3.65,0.1,0.1,0.1,0.2,0.1,0.1,0.1,0.1,0.1,-0.9,0.1,0.1,0.1,0.1,0.1,0.1,0.1,0.1,0.1,-0.3,0.1,0.2,0.1,0.1,0.1,0.1,0.1,0.2,0,-0.1,0.1,0.1,0.1,0.1,0.1,0.1,0,0.1
0.000106,0.1,0.1,0.1,0.1,0.1,0.1,0,0.1,0.1,0.1,0,-0.3,0.1,0.1,0.1,0.1,0,0,0.1,0.1,0.1,-1.8,0.1,0.1,0.1,0.1,0.1,0,0.1,0.1,0.1,-3.94,0,0.1,0.1,0.1,0.1,0.1,0.2,0.1,0.1,-4.1,0.1,0.1,0.1,0.1,0.1,0.1,0,0.1,0.1,-3.88,0.2,0.1,0.1,0.1,0.1,0.2,0.1,0,0.1,-3.65,0.1,0.1,0.1,0.1,0.1,0.1,0.1,0.1,0.1,-0.9,0.2,0.1,0.1,0.1,0.1,0.1,0.1,0.1,0.1,-0.2,0.1,0.1,0.1,0.1,0.1,0.1,0.1,0.1,0.1,0.1,0.1,0.1,0.1,0.1,0.1,0.1,0.1,0.1
0.000106,0.1,0.1,0.1,0.1,0.1,0.2,0.1,0.1,0.1,0.1,0.2,-0.3,0.1,0.2,0.1,0.1,0.1,0.1,0.1,0.1,0,-1.8,0.1,0.1,0.1,0.1,0.1,0.1,0.1,0.2,0.1,-3.84,0.1,0,0.1,0.1,0.1,0,0.1,0.1,0.1,-4.13,0.1,0.1,0.1,0.1,0.1,0.1,0.1,0.1,0,-3.88,0,0.2,0.1,0.1,0.1,0.1,0.1,0,0.1,-3.71,0.1,0.1,0.1,0,0.1,0.1,0.1,0,0,-0.9,0.1,0.1,0.1,0,0.1,0.1,0.1,0,0.2,-0.2,0.1,0.1,0.1,0.1,0.1,0.1,0.1,0.1,0.1,0,0.1,0.1,0.1,0.2,0.1,0.1,0,-0.1
0.000107,0.1,0,0.1,0.1,0.1,0.1,0.1,0.1,0,0,0.1,-0.3,0.1,0,0.1,0.1,0,0.1,0.1,0,0,-1.8,0.1,0.1,0.1,0.1,0.1,0.1,0.1,0.1,0,-3.8,0.1,0.1,0.1,0.1,0,0.1,0.1,0.1,0.1,-4.18,0.2,0.1,0.1,0.1,0.1,0,0,0.1,0.1,-3.88,0.1,0.2,0.1,0,0.1,0.1,0.2,0,0.1,-3.67,0.1,0.1,0.1,0.1,0.1,0.1,0.1,0.1,0.1,-0.8,0.1,0.1,0.1,0.1,0.1,0.1,0.1,0.1,0,-0.2,0.1,0.1,0.1,0.1,0.1,0.1,0.1,0.1,0.1,0,0.1,0,0.1,0.1,0.1,0.1,0,0
0.000107,0.1,0,0,0.1,0.1,0,0.1,0.1,0.1,0.1,0.1,-0.2,0.1,0.1,0.1,0.1,0.1,0.1,0.1,0,0.1,-1.8,0.1,0.2,0.1,0.2,0,0.2,0.1,0.2,0.1,-3.9,0.1,0,0.2,0.1,0,0.1,0.1,0.1,0.2,-4.18,0.1,0.1,0.1,0,0.2,0,0.1,0.1,0,-3.7,0.2,0.1,0.1,0.1,0.1,0.1,0,0.1,0,-3.72,0.1,0.1,0.1,0.1,0.1,0.1,0.1,0.1,0.1,-0.8,0.1,0.1,0.1,0.1,0.1,0.1,0.1,0.1,0.1,-0.1,0.1,0,0.1,0.1,0.1,0.1,0.1,0.1,0.1,0,0.1,0.1,0.2,0.1,0.1,0.1,0,0
0.000107,0.1,0.1,0.1,0.1,0.1,0,0.1,0.1,0.1,0,0.1,-0.2,0.1,0,0.1,0.1,0,0,0.1,0,0.1,-1.8,0.1,0.1,0.1,0.1,0.2,0.1,0.1,0.1,0.1,-3.8,0.1,0.1,0.1,0.1,0.1,0.2,0.1,0.1,0.1,-4.14,0.1,0.2,0.1,0.1,0.1,0.1,0.1,0.1,0.1,-3.84,0,0.1,0.1,0.1,0.1,0.2,0.1,0.1,0.1,-3.64,0.1,0.1,0.1,0.1,0.1,0.1,0.1,0.1,0.1,-0.9,0,0.1,0.1,0.1,0.2,0.2,0.1,0.1,0.1,-0.2,0.1,0.1,0.1,0.1,0.1,0.2,0.1,0.1,0.2,0,0.1,0.1,0.1,0,0.1,0.1,0,0
0.000107,0.1,0.1,0.1,0.2,0.2,0.1,0.1,0.1,0.1,0.1,0.2,-0.2,0.1,0.1,0.1,0.2,0.1,0.1,0.1,0.1,0.1,-1.8,0.1,0.1,0.2,0.1,0.1,0.1,0.1,0.1,0.2,-3.8,0.1,0.1,0.1,0,0.1,0.1,0.1,0.1,0,-4.23,0,0.1,0.1,0.1,0.1,0.1,0.1,0.1,0.1,-3.88,0.1,0.1,0.1,0.1,0,0.1,0.1,0,0.1,-3.68,0.1,0.1,0.1,0.1,0.1,0.1,0.1,0.1,0.1,-0.9,0.1,0.1,0,0.1,0.1,0.2,0.1,0.1,0.1,-0.2,0.1,0.1,0.1,0.1,0.2,0.1,0.1,0.1,0.1,0,0.1,0,0.1,0.1,0.1,0.1,0,0
0.000107,0,0,0.1,0.1,0.1,0.1,0.1,0.1,0.1,0.1,0.1,-0.2,0.1,0.2,0.1,0.1,0.2,0.1,0.1,0.1,-0.1,-1.8,0.1,0.1,0.1,0.2,0.1,0.1,0.1,0.1,0.1,-3.94,0.1,0.1,0.1,0.1,0.1,0,0.1,0.1,0,-4.18,0.1,0.1,0.1,0.1,0.1,0.1,0.1,0.1,0.1,-3.88,0.2,0.1,0.1,0.1,0.1,0.2,0.1,0.1,0.1,-3.68,0.2,0.1,0.1,0.2,0.1,0.1,0.1,0.1,0,-0.9,0.1,0.1,0.1,0.1,0.1,0.1,0,0.1,0.2,-0.2,0.1,0,0.1,0.2,0.1,0.1,0.1,0.1,0.1,0,0.1,0.1,0.1,0.1,0.1,0.1,0,0
0.000108,0,0.1,0.1,0.1,0.1,0.1,0.1,0.1,0.1,0.1,0.1,-0.2,0.1,0.1,0.1,0.1,0.1,0.2,0.2,0.1,0.1,-1.8,0.1,0.1,0.1,0.1,0,0.1,0,0.1,0.1,-3.94,0.1,0.1,0,0.1,0.1,0.1,0.1,0.1,0,-4.04,0.1,0.1,0.1,0.1,0.2,0.1,0.1,0.1,0.1,-3.74,0.1,0.1,0.1,0.2,0.1,0.2,0.1,0.1,0.1,-3.62,0.2,0.1,0.1,0.1,0.1,0.1,0.1,0.1,0.1,-0.8,0.1,0.1,0.1,0,0.1,0.1,0.1,0.1,0.1,-0.1,0.1,0.1,0.1,0.1,0.1,0.1,0.1,0.1,0.1,-0.1,0.2,0.1,0.1,0.1,0.1,0.1,0,0
0.000108,0,0.1,0.1,0.1,0.1,0.1,0.1,0.1,0.1,0,0.1,-0.3,0.1,0.1,0,0.1,0.1,0.1,0.2,0.1,0.1,-1.7,0.1,0.1,0.1,0.1,0.1,0.1,0.1,0.1,0,-3.8,0.1,0.1,0.1,0.2,0.1,0.1,0.1,0.2,0.1,-4.04,0.1,0.1,0.2,0.1,0.1,0.1,0.1,0.1,0.1,-3.78,0.1,0.1,0.1,0.1,0.1,0.1,0.1,0.1,0.1,-3.67,0.1,0.1,0.1,0.1,0.1,0.1,0.2,0.1,0.1,-0.8,0.1,0.1,0.1,0,0.1,0.1,0.1,0.1,0.1,-0.2,0.1,0.1,0,0.1,0.1,0.1,0.1,0.1,0.2,-0.2,0.1,0.1,0.1,0.1,0.1,0,-0.1,0
0.000108,0,0.1,0.1,0.1,0,0.1,0.1,0.1,0.1,0.2,0.1,-0.3,0.1,0.1,0.1,0.1,0.1,0,0,0.1,0.1,-1.7,0.1,0.1,0.1,0.1,0.1,0.1,0,0.1,0.1,-3.84,0.1,0.1,0.1,0.1,0.1,0.1,0.1,0.1,0.1,-3.98,0.1,0.1,0.1,0.1,0.1,0.1,0.1,0,0.1,-3.78,0.1,0.1,0.2,0.1,0.1,0.1,0,0.1,0.1,-3.71,0.1,0.1,0.1,0.1,0.1,0.1,0.1,0.1,0.1,-0.8,0.1,0.1,0.1,0,0.1,0.2,0,0.2,0.1,0,0.1,0.1,0.1,0.1,0.1,0.1,0.1,0.1,0.1,-0.1,0.1,0.1,0.1,0.1,0.1,0.1,0,0
0.000108,0.1,0.1,0.1,0.1,0.1,0.1,0.1,0.1,0.2,0.1,0.1,-0.3,0.1,0.1,0.2,0.1,0.1,0.2,0,0.1,0.1,-1.7,0.2,0.1,0.1,0.1,0.1,0.1,0.1,0.1,0.1,-3.84,0.1,0.1,0.1,0.1,0.1,0,0.1,0.1,0.1,-3.98,0.1,0.1,0.1,0,0.1,0.1,0.1,0.2,0.1,-3.84,0.1,0.1,0.1,0.1,0,0.1,0.2,0.1,0.2,-3.67,0.2,0.1,0.1,0,0,0.1,0.1,0.1,0.1,-0.8,0.1,0.2,0.1,0.1,0.1,0.1,0.1,0.1,0.1,-0.1,0,0.1,0.2,0.1,0,0.1,0.1,0.1,0.1,-0.1,0.1,0.1,0.1,0.1,0.1,0.2,0,0
0.000108,0,0,0.1,0.1,0.1,0.1,0.1,0.1,0,0.1,0.1,-0.3,0.1,0.1,0.2,0.1,0.1,0,0.2,0.1,0.1,-1.7,0.1,0.1,0.1,0.1,0.1,0.1,0.1,0.1,0.1,-3.84,0.1,0,0.1,0.1,0.1,0.1,0.1,0.1,0.1,-3.98,0.1,0.1,0.1,0.1,0.1,0.1,0.1,0.1,0.1,-3.93,0.1,0.1,0.1,0.2,0.1,0.1,0.1,0.1,0.1,-3.71,0.1,0.1,0.1,0.1,0.1,0.2,0.1,0.1,0.2,-0.8,0.1,0.1,0.1,0,0.1,0.1,0.2,0.1,0.2,-0.2,0.1,0.1,0.1,0.1,0.1,0.1,0.1,0.1,0,0,0.1,0.1,0,0.1,0.1,0.1,0,0
0.000109,0.1,0.1,0.1,0.1,0.1,0.1,0.1,0.1,0,0.1,0.1,-0.3,0.1,0.1,0.1,0.1,0.1,0.1,0.1,0.1,0,-1.7,0.1,0.1,0.1,0.1,0.1,0.1,0.1,0.1,0.1,-3.8,0.2,0,0.1,0.2,0.1,0.1,0,0.1,0.1,-4.08,0.1,0.1,0.1,0.1,0.1,0.1,0.1,0.1,0.1,-3.84,0.1,0.1,0.1,0.1,0.1,0.1,0.1,0.1,0.1,-3.65,0,0.1,0.1,0.1,0.1,0.1,0.1,0.1,0.1,-0.9,0.1,0.1,0.2,0.1,0.1,0.1,0,0.1,0.2,-0.1,0.1,0.1,0.1,0.1,0.1,0.1,0.1,0.1,0.1,0,0.1,0.1,0.1,0.1,0.1,0.1,0.1,0
0.000109,0,0.1,0.1,0.1,0.1,0.1,0.1,0.1,0.1,0.1,0.1,-0.3,0.1,0.1,0.1,0.1,0.2,0.1,0.1,0.1,0.1,-1.6,0.1,0.1,0.1,0.1,0.1,0.1,0.1,0.2,0.1,-3.8,0.1,0.1,0.1,0.1,0.2,0.1,0,0.1,0.1,-3.94,0.1,0.1,0.1,0.1,0.1,0.1,0.1,0.1,0.1,-3.84,0.2,0,0.1,0.1,0.1,0.1,0.1,0.1,0.1,-3.65,0.1,0.1,0.1,0.1,0.1,0.1,0.1,0.1,0.1,-0.8,0.1,0.1,0.1,0.1,0.1,0.1,0,0.2,0.1,-0.1,0.1,0.1,0.1,0.1,0.1,0.1,0.1,0.1,0.1,0.1,0.1,0.1,0.1,0.1,0.2,0.2,0,0.1
0.000109,0.1,0.1,0.1,0.1,0.1,0.1,0.1,0.1,0.1,0,0.1,-0.3,0.1,0.1,0.1,0.1,0.1,0.2,0.1,0.1,0.1,-1.7,0.1,0.1,0.1,0.1,0.1,0.1,0,0.1,0.1,-3.8,0.1,0.1,0.1,0,0.1,0.1,0.2,0.1,0.1,-3.98,0,0,0.1,0.1,0.1,0.1,0,0.1,0.1,-3.88,0.1,0.1,0.1,0.1,0.1,0.1,0.2,0.1,0.1,-3.65,0.1,0.1,0.2,0.1,0.1,0,0.1,0,0.1,-0.8,0.1,-0.1,0.1,0,0.1,0.1,0.1,0.1,0.1,-0.1,0.1,0.1,0.2,0.1,0.1,0.1,0.1,0.2,0.1,0.1,0.1,0.1,0.1,0.1,0.1,0.2,0,0.1
0.000109,0.1,0,0.1,0.1,0,0.1,0,0.1,0,0.1,0.1,-0.2,0.1,0.1,0.1,0.1,0.1,0.2,0.1,0.1,0,-1.7,0.1,0.1,0.1,0.1,0.1,0.1,0.1,0.1,0.1,-3.94,0.1,0.1,0.1,0.1,0,0.2,0.1,0.1,0.1,-3.98,0.1,0.1,0.1,0.1,0.1,0.1,0.2,0.1,0.1,-3.88,0,0,0.1,0.1,0.1,0.1,0.1,0.1,0.1,-3.65,0,0.1,0.1,0.1,0.1,0.1,0.1,0.1,0.1,-0.8,0.1,0.1,0.1,0.1,0.1,0.1,0.1,0.2,0.1,-0.1,0.1,0.1,0.1,0.1,0.1,0.1,0.2,0.1,0.1,0.1,0.1,0.1,0,0.1,0.1,0.1,-0.1,0.1
0.000109,0.1,0.1,0.1,0.1,0,0,0.1,0.1,0.1,0.1,0.1,-0.2,0.1,0.1,0.1,0.1,0.1,0.1,0.1,0.1,0.1,-1.7,0,0.1,0.2,0.1,0.1,0.1,0.1,0.1,0.1,-3.85,0.1,0.1,0.2,0.1,0.1,0.1,0.1,0.1,0.1,-3.98,0.1,0.1,0.1,0.1,0.1,0,0.1,0.1,0.1,-3.84,0.1,0.1,0.2,0,0.1,0,0.1,0.1,0.1,-3.65,0.1,0.1,0.1,0.1,0.1,0.1,0.1,0,0.1,-0.9,0.1,0.1,0.2,0.1,0.1,0.1,0,0,0.1,-0.1,0.1,0.1,0.1,0.1,0.1,0.1,0.1,0.1,0.2,0.1,0.1,0,0.1,0.1,-0.1,0.1,0,0.1
0.00011,0.1,0.1,0.1,0,0.1,0,0.1,0.2,0.1,0.1,0.2,-0.2,0,0.1,0.1,0.1,0.1,0.1,0,0.1,0.1,-1.8,0.1,0.1,0.1,0.2,0.1,0.1,0.1,0.2,0.1,-3.84,0.1,0.1,0.1,0.1,0.2,0.1,0.1,0,0,-3.94,0.1,0.2,0.1,0.1,0.1,0.1,0.1,0.1,0.2,-3.88,0.1,0.1,0.2,0.2,0.1,0.1,0.1,0.1,0.1,-3.71,0.1,0.2,0.1,0,0.1,0.1,0.1,0.1,0.1,-0.8,0.1,0.1,0.1,0.1,0.1,0,0.1,0.1,0.1,-0.1,0.1,0.1,0.1,0.1,0.1,0.1,0.1,0.1,0,0.1,0.1,0.1,0.1,0.1,0,0.1,0,0
0.00011,0.1,0.1,0.1,0.1,0.1,0.1,0.1,0,0.1,0.1,0.1,-0.2,0.1,0.2,0.2,0.2,0.1,0.1,0.1,0,0.1,-1.8,0.1,0.1,0.1,0.1,0,0.1,0.1,0.2,0.1,-3.88,0.1,0.1,0.1,0.1,0.1,0.1,0.2,0.1,0.1,-3.94,0.1,0.1,0.1,0.1,0.1,0.1,0.1,0.1,0.2,-3.88,0.1,0.1,0.1,0.1,0.1,0.1,0.2,0.1,0.1,-3.67,0.1,0.1,0,0.1,0.1,0,0.1,0.1,0.1,-0.8,0.1,0.1,0.1,0.1,0.1,0,0.1,0,0.1,-0.2,0.1,0.1,0.1,0.1,0.1,0.1,0.1,0.1,0.1,0.1,0.1,0,0.1,0.1,0.1,0.1,0,0
0.00011,0.1,0.1,0.1,0.1,-0.1,0.1,0,0.1,0.1,0.1,0.1,-0.2,0.1,0,0.3,0.1,0.1,0.1,0.1,0.1,0,-1.7,0.1,0.1,0.1,0.1,0,0.1,0.1,0.1,0.1,-3.84,0.1,0.1,0.1,0.1,0.1,0.1,0.1,0.2,0.1,-4.04,0.1,0.2,0.1,0.1,0.1,0.1,0.1,0.1,0.1,-3.83,0.1,0.2,0,0.1,0.1,0.1,0.1,0.1,0.1,-3.62,0.1,0.1,0,0.1,0.1,0.1,0.2,0.1,0.1,-0.8,0.1,0.1,0.2,0.1,0.1,0.1,0.1,0.2,0.1,-0.2,0.1,0.1,0.1,0.1,0.1,0.1,0.1,0.1,0.1,-0.1,0.1,0.1,0.1,0.1,0.1,0.1,-0.1,-0.1
0.00011,0,0.1,0.1,0.1,0.1,0.1,0.1,0.1,-0.1,0,0.1,-0.3,0.1,0.1,0.1,0,0.2,0.1,0.1,0.1,0.1,-1.7,0.1,0.1,0.2,0.1,0.1,0.1,0.1,0,0.1,-3.74,0.1,0.1,0.1,0.1,0.1,0,0.2,0.1,0.1,-4.08,0.1,0.1,0.1,0.1,0.1,0.1,0.1,0.1,0.1,-3.78,0.1,0.1,0.1,0.1,0.1,0.1,0.1,0.2,0.1,-3.62,0,0.1,0.1,0.1,0.1,0.2,0.1,0.1,0.1,-0.8,0.2,0.1,0,0.1,0.1,0.1,0.1,0.1,0.1,-0.2,0.1,0.1,0.1,0,0.1,0.1,0.1,0.1,0.1,0,0.1,0.1,0.1,0.1,0.1,0.1,0,0.1
0.00011,0,0.1,0.1,0.1,0.1,0.1,0.1,0.1,0.1,0.1,0.1,-0.3,0.1,0.1,0.1,0.1,0.1,0.1,0.1,0.1,0.1,-1.6,0.1,0.1,0.1,0.1,0.2,0.1,0,0.1,0.1,-3.7,0.1,0.1,0.1,0.1,0.2,0.1,0,0.1,0.1,-4.18,0.1,0.1,0.2,0.1,0.1,0.1,0.1,0.2,0.2,-3.78,0.1,0.1,0.1,0.1,0.1,0.1,0.1,0,0.1,-3.67,0.1,0.1,0.1,0,0.1,0.1,0.1,0.1,0.1,-0.8,0.1,0.1,0.1,0.1,0.1,0.1,0.1,0.1,0.1,-0.2,0.1,0.1,0.1,0.1,0.1,0.2,0.1,0.1,0.1,-0.1,0.1,0.1,0.1,0.1,0,0.1,0,0
0.000111,0,0,0.1,0.1,0.1,0.1,0.1,0.1,0,0.1,0.2,-0.2,0.1,0.1,0.2,0.1,0.1,0.1,0.2,0.1,0,-1.7,0.1,0.2,0.1,0.1,0.1,0.1,0.1,0.1,0.1,-3.74,0.2,0.1,0.1,0.1,0.1,0.2,0.1,0.1,0.1,-4.04,0.1,0.1,0.1,0,0.1,0.2,0.1,0.1,0,-3.74,0.1,0.1,0.1,0.1,0.2,0.1,0.1,0.1,0.1,-3.62,0.1,0.1,0.1,0.1,0.1,0.1,0.1,0.1,0.1,-0.8,0,0.1,0.1,0.1,0.1,0.1,0.1,0.1,0.1,-0.2,0.1,0.1,0.1,0.1,0.1,0.1,0.1,0.1,0.1,-0.1,0.1,0.2,0.1,0.2,0.1,0.2,0,0
0.000111,0,0.1,0.1,0.1,0.1,0.2,0.1,0.1,0.1,0.1,0,-0.3,0.1,0.1,0.1,0.1,0.1,0.1,0.1,0,0.2,-1.6,0.1,0.1,0.1,0.1,0.1,0.1,0.1,0.1,0.1,-3.78,0.1,0.1,0.1,0.1,0.1,0.1,0.1,0.2,0.1,-4.04,0.1,0.1,0.1,0.1,0.1,0.2,0.1,0.2,0,-3.74,0.1,0.1,0.1,0.1,0,0.1,0.1,0.1,0.2,-3.52,0.1,0.1,0.1,0.1,0.1,0.1,0.1,0.1,0,-0.8,0.1,0.1,0.1,0.1,0.1,0.1,0.1,0.1,0.1,-0.2,0.1,0,0.1,0.1,0.1,0.1,0.1,0.1,0.1,-0.1,0.1,0.1,0.1,0.1,0.1,0.1,0,0.1
0.000111,0.1,0.1,0.1,0.1,0.1,0.1,0.1,0.1,0.1,0.1,0.1,-0.4,0.1,0.1,0.1,0.1,0.1,0.1,0.1,0.1,0.1,-1.6,0.1,0,0.1,0.1,0.1,0.1,0.1,0.1,0.1,-3.74,0.1,0.1,0.1,0.1,0.1,0.1,0.1,0.1,0.1,-4.04,0.1,0.1,0.1,0.1,0.1,0.1,0.1,0.1,0,-3.78,-0.1,0,0.1,0.2,0.1,0.1,0.1,0.1,0.1,-3.57,0.1,0.1,0.1,0.1,0,0.1,0.1,0.1,0.1,-0.9,0.1,0.1,0.1,0.1,0.1,0.1,0.1,0.1,0.1,-0.2,0.1,0.1,0.1,0.1,0.1,0.1,0,0.1,0.1,0,0.1,0.1,0,0.1,0.1,0.1,0.1,0
0.000111,0.1,0.1,0.1,0.1,0,0.1,0.1,0,0.1,0.2,0.1,-0.2,0.1,0.1,0.1,0.1,0,0.1,0.2,0,0.1,-1.5,0.1,0.1,0.1,0.1,0.1,0.1,0.1,0.1,0.1,-3.8,0.2,0.1,0.1,0.2,0.1,0.2,0.1,0.1,0.1,-4.04,0.1,0.1,0.1,0.1,0.1,0.1,0.1,0.1,0.1,-3.74,0,0.1,0.1,0.1,0,0.1,0.1,0.1,0.1,-3.52,0.1,0.1,0.1,0.1,0.1,0.1,0,0.1,0.1,-0.8,0.1,0.1,0.1,0.1,0.1,0.1,0.1,0.1,0.1,-0.1,0.1,0.1,0.1,0.1,0.1,0.1,0.1,0.1,0.2,0,0.1,0.1,0.1,0,0.1,0.1,0.1,0.1
0.000111,0.1,0.1,0.2,0,0.2,0.1,0.1,0.1,0.1,0.1,0.1,-0.2,0.1,0.1,0.1,0.1,0.1,0.1,0.1,0.1,0.1,-1.5,0.1,0.1,0.1,0.1,0.1,0.1,0.1,0.2,0.1,-3.84,0.1,0.1,0.2,0.1,0.1,0.1,0.1,0.1,0.1,-4.08,0.1,0.1,0.1,0.1,0.2,0.1,0.1,0.1,0.1,-3.78,0.1,0.1,0.1,0.1,0.1,0.1,0.1,0.1,0,-3.61,0.1,0.1,0.1,0,0.1,0.1,0.1,0.1,0.1,-0.8,0.1,0.1,0.1,0.1,0,0.1,0.1,0.1,0.1,-0.1,0.1,0.1,0.1,0.1,0.2,0.1,0.1,0.1,0.1,0,0.1,0.1,0.1,0.1,0,0.1,0,0.1
0.000112,0.1,0.1,0.1,0.1,0.1,0.1,0.1,0.1,0.1,0.1,0.1,-0.2,0.1,0.1,0.1,0.2,0,0.1,0.1,0,0.1,-1.6,0.2,0.1,0.1,0.1,0.2,0.1,0.1,0.1,0.1,-3.7,0.1,0.1,0.1,0,0.1,0.1,0.1,0.2,0.1,-3.94,0.1,0.1,0.1,0.1,0.1,0.1,0.1,0.1,0.1,-3.8,0.2,0.1,0.1,0.1,0.1,0,0.1,0,0.1,-3.61,0.1,0.1,0.1,0.1,0.1,0,0.1,0.1,0.1,-0.9,0.1,0.1,0.1,0,0.1,0.1,0.1,0.1,0,-0.1,0.1,0.1,0.2,0.1,0.1,0.2,0.1,0.1,0.1,0,0.1,0.1,0.1,0.1,0.1,0.1,0.1,0.1
0.000112,0,0.1,0.1,0,0.1,0.1,0.1,0.1,0,0.1,0,-0.3,0.1,0.1,0,0.1,0,0.1,0.1,0.1,0.1,-1.6,0.1,0.1,0.1,0.1,0.1,0.1,0.1,0.1,0.1,-3.94,0.1,0.1,0.1,0.1,0.1,0,0.1,0.1,0.1,-3.98,0.1,0.1,0.1,0.1,0,0.1,0.1,0.1,0.1,-3.74,0.1,0.1,0.1,0.1,0.1,0.1,0.1,0.1,0.1,-3.61,0.1,0.2,0.1,0.1,0.1,0.1,0.1,0.1,0.1,-0.8,0.1,0.1,0.1,0.1,0.1,0.1,0.1,0.1,0.1,-0.1,0.1,0.1,0.2,0.1,0.1,0.1,0.1,0.1,0.1,0.1,0.1,0.1,0.1,0.1,0.1,0.1,0,0
0.000112,0,0.1,0.1,0.1,0.1,0.1,0.1,0.1,0.1,0.1,0.1,-0.2,0.1,0.1,0,0.1,0.1,0.1,0.1,0.1,0,-1.6,0.1,0.1,0.1,0,0.1,0.1,0.1,0.1,0.1,-3.8,0.1,0,0.1,0.1,0.1,0.1,0.1,0.2,0.1,-4.08,0.1,0.1,0.1,0.1,0.1,0,0.1,0.1,0.2,-3.88,0.1,0.2,0.1,0.1,0.1,0.1,0.1,0.1,0.1,-3.57,0.1,0.1,0.1,0.1,0.1,0.1,0.1,0.1,0.1,-0.8,0.1,0.2,0.1,0.2,0.1,0.1,0.1,0.1,0.1,0,0,0.1,0.1,0.1,0.1,0.1,0.1,0.1,0.1,0,0.1,0.1,0.1,0,0.1,0.1,-0.1,0
0.000112,0,0.1,0.1,0.2,0.1,0.1,0.1,0.1,0.1,0.1,0.1,-0.2,0.1,0.1,0,0.1,0.2,0.1,0.1,0.1,0.1,-1.5,0.1,0.1,0,0.1,0.1,0.1,0.1,0.1,0.1,-3.9,0.1,0.1,0.1,0.1,0.1,0,0.1,0.1,0.1,-3.94,0.1,0.1,0.1,0.1,0.1,0.1,0.1,0.1,0.1,-3.88,0.2,0.1,0.1,0.1,0.1,0.1,0.1,0.1,0.1,-3.52,0.1,0.1,0.1,0.1,0,0.1,0.1,0.1,0.1,-0.8,0.1,0.1,0.1,0.1,0.1,0.1,0.1,0.1,0.2,-0.2,0.1,0,0.1,0.1,0.1,0.1,0.1,0.1,0.1,0.1,0.1,0.1,0.2,0.1,0.1,0.1,-0.1,0
0.000112,-0.1,0.1,0.1,0.2,0.1,0.1,0.1,0.1,0.1,0.1,0,-0.3,0.1,0.1,0.1,0.2,0.1,0.1,0.1,0.2,0.1,-1.7,0.1,0,0.1,0.1,0.1,0.1,0.1,0.1,0.1,-3.94,0.1,0,0.1,0.1,0.1,0.1,0.1,0.2,0.1,-3.98,0,0.1,0.1,0.1,0.2,0,0.1,0.1,0.1,-3.74,0.1,0.1,0.1,0.1,0.1,0.1,0.1,0.1,0.1,-3.44,0.1,0.1,0.1,0.1,0.2,0,0.1,0.1,0.1,-0.8,0.1,0.1,0.1,0.1,0.1,0.1,0.1,0.1,0.1,-0.1,0.1,0.1,0,0.1,0.1,0,0.1,0.1,0.1,0.1,0.1,0.1,0.1,0.1,0.1,0.1,0,-0.1
0.000113,0,0.1,0.1,0.1,0.1,0.1,0.2,0.1,0.2,0.1,0.1,-0.3,0.1,0.1,0.1,0.1,0.1,0.1,0,0.1,0.1,-1.6,0.1,0.1,0.1,0.2,0.1,0.1,0.1,0.1,0.1,-3.84,0.1,-0.1,0,0.1,0.1,0.1,0.1,0.1,0.1,-3.98,0.1,0.1,0.1,0.1,0.1,0.1,0.1,0.1,0.1,-3.78,0.1,0.2,0.1,0.1,0.1,0.1,0.1,0.1,0.1,-3.44,0.1,0.1,0.1,0.1,0.1,0.1,0.1,0.1,0.1,-0.7,0.1,0.1,0.1,0.1,0.1,0.1,0,0.1,0.1,-0.1,0.1,0,0.1,0.1,0.1,0.2,0.1,0.1,0.1,0.1,0,0.1,0.1,0.1,0.1,0.1,0,0
0.000113,0,0.1,0.1,0.1,0.1,0.1,0.1,0.1,0.1,0.2,0.1,-0.3,0.1,0.1,0.1,0.1,0.1,0.1,0.1,0.1,0,-1.6,0.1,0.1,0.1,0,0.1,0.1,0.1,0.1,0.1,-3.84,0.1,0.1,0.1,0.1,0.1,0.1,0.1,0.1,0.1,-4,0.1,0.1,0.1,0.1,0.1,0.1,0.1,0.1,0.1,-3.74,0.1,0.1,0.1,0.1,0,0.1,0.1,0.1,0.1,-3.39,0.1,0.2,0.1,0.2,0.1,0.1,0.1,0.1,0.2,-0.7,0.1,0.1,0.1,0.1,0.1,0.1,0.1,0.1,0.1,-0.1,0.1,0.2,0.1,0.1,0.1,0.1,0.1,0.1,0.1,0,0.1,0.1,0.1,0.1,0.1,0.2,0,0
0.000113,0.1,0.2,0.1,0,0.1,0.1,0.1,0.1,0.1,0.1,0.1,-0.2,0.1,0.1,0.1,0.1,0.1,0.1,0.2,0.2,0.1,-1.6,0.2,0.2,0.1,0.1,0.1,0.1,0.1,0.1,0.1,-3.8,0.1,0.1,0,0.1,0.1,0.1,0.2,0.1,0.1,-4.08,0.1,0.1,0.1,0,0.1,0,0.1,0.2,0.1,-3.74,0.1,0.1,0.1,0.1,0.1,0.1,0.1,0.1,0.1,-3.41,0.1,0.1,0.1,0.1,0.1,0.1,0.1,0.2,0.1,-0.7,0.1,0.1,0.1,0.1,0.1,0,0.1,0.1,0.1,-0.1,0.1,0.1,0.1,0.1,0.1,0.1,0.1,0,0.1,0,0,0.1,0.1,0.1,0.1,0.1,0.1,0
0.000113,0.1,0.1,0.1,0.1,0.1,0.1,0.1,0.1,0.1,0.1,0.1,-0.3,0.1,0.1,0.1,0.1,0,0.1,0.1,0.1,0.2,-1.5,0.1,0.1,0.1,0.1,0.1,0.1,0.1,0.1,0.1,-3.7,0.1,0.1,0.1,0.2,0.1,0.1,0.1,0.1,0.1,-3.9,0.1,0.1,0.1,0.1,0.1,0.1,0.1,0.1,0.1,-3.78,0.1,0.1,0.2,0.1,0.1,0.1,0.1,0.2,0.1,-3.49,0.1,-0.1,0.1,0.1,0.1,0,0.1,0.1,0.1,-0.8,0.1,0.1,0.1,0.1,0.1,0.1,0.1,0.1,0.1,-0.1,0.1,0.1,0.1,0.1,0.1,0.1,0.1,0.1,0.1,0,0.1,0.2,0.1,0.1,0.1,0.1,0,0
0.000113,0.1,0.1,0.1,0.1,0.1,0.1,0.1,0,0.1,0.1,0.1,-0.2,0.1,0.1,0,0.1,0.1,0.1,0.2,0.1,0.1,-1.5,0.1,0.1,0.1,0.1,0.2,0.1,0.1,0.1,0.1,-3.74,0.1,0.1,0.1,0.1,0.1,0.2,0.1,0.1,0.2,-4.08,0.1,0.2,0.1,0.1,0.1,0.1,0.1,0.1,0.1,-3.74,0.1,0.1,0.1,0.1,0.1,0.2,0.1,0.1,0.1,-3.44,0.1,0.2,0.1,0.1,0,0.1,0.1,0.1,0.1,-0.7,0.1,0.1,0.1,0.1,0.1,0.1,0.1,0.2,0.1,-0.2,0.1,0.1,0.1,0.1,0.1,0.1,0.1,0.1,0.1,0,0.1,0.1,0.1,0.1,0.1,0.2,0.1,-0.1
0.000114,0,0.1,0,0.1,0.1,0.1,0.1,0.1,0.1,0.1,0.1,-0.2,0.1,0.1,0.1,0.1,0.1,0.2,0.2,0.1,0.1,-1.4,0.2,0.1,0.1,0.1,0.1,0.1,0.1,0.2,0.1,-3.7,0.1,0.1,0.1,0.1,0.2,0.2,0.1,0.1,0.1,-4.08,0.1,0.2,0.1,0.1,0.1,0.1,0.1,0.1,0.1,-3.74,0.1,0,0.1,0.1,0.1,0.1,0.2,0.1,0.1,-3.44,0,0.1,0,0.1,0.1,0.1,0.1,0.1,0.1,-0.8,0.1,0.1,0,0.1,0.1,0.1,0.1,0.1,0.1,-0.2,0,0.1,0.2,0.2,0.1,0.1,0.1,0.1,0.1,-0.1,0.1,0.1,0.2,0.1,0.1,0.1,0,0
0.000114,0.1,0.1,0.1,0.1,0.1,0.1,0.1,0.1,0.1,0,0.1,-0.2,0,0.1,0.1,0.1,0.1,0,0.1,0.1,0.1,-1.5,0,0.1,0,0.1,0.1,0.1,0.2,0.1,0.1,-3.65,0.1,0,0.1,0.1,0,0.1,0.1,0.1,0.1,-3.94,0.1,0.1,0.1,0.1,0.1,0.1,0.1,0,0.1,-3.78,0.1,0.1,0,0.1,0.1,0.1,0.1,0.1,0.1,-3.44,0.2,0.1,0.1,0.1,0.1,0.1,0.1,0.1,0.1,-0.8,0.1,0.1,0.1,0.1,0.2,0.1,0.1,0.1,0.1,-0.2,0.1,0.1,0.1,0.1,0.1,0,0.1,0.1,0.1,-0.1,0.1,0.1,0.1,0.1,0.1,0.2,0,0
0.000114,0.1,0.1,0,0.1,0.1,0.1,0.1,0.1,0.1,0,0.1,-0.2,0.1,0,0.1,0.1,0.1,0.1,0.1,0.2,0.2,-1.5,0.1,0.1,0.1,0.1,0.1,0.1,0.1,0.1,0.1,-3.7,0.1,0.1,0.1,0.1,0.1,0.1,0.2,0.1,0.1,-3.94,0.1,0.1,0.1,0.1,0.1,0.1,0.1,0.1,0.1,-3.7,0.1,0.1,0.1,0.1,0.1,0.1,0.1,0.1,0.1,-3.44,0.1,0.1,0.1,0.1,0.1,0.1,0.1,0,0.1,-0.8,0,0.1,0.1,0.1,0.1,0.1,0.1,0.1,0.1,-0.1,0.1,0.1,0.1,0,0.1,0.1,0.1,0.1,0.1,-0.1,0.1,0,0.1,0.2,0.1,0.1,0,0.1
0.000114,0.1,0.1,0.1,0.1,0,0.1,0.1,0.1,0.1,0.2,0.1,-0.2,0.1,0.1,0.1,0,0,0.1,0.1,0.1,0.1,-1.5,0.1,0.1,0.1,0.1,0.1,0.1,0.1,0.1,0.1,-3.8,0.1,0.1,0.1,0.1,0.1,0.1,0.1,0,0.1,-3.94,0.1,0.2,0.1,0.1,0.2,0.1,0.1,0.1,0.1,-3.7,0.1,0.1,0,0.2,0.1,0.1,0.1,0.1,0.1,-3.48,0.1,0.1,0.1,0,0.1,0.2,0.1,0.1,0.2,-0.8,0.2,0.1,0.1,0.1,0.1,0.1,0.1,0.1,0.1,-0.2,0.1,0.1,0.1,0.1,0.1,0.2,0.1,0.1,0.1,-0.1,0.1,0.1,0.2,0.1,0.1,0.2,0,0
0.000114,0,0.2,0.1,0.1,0.1,0.1,0.2,0.1,0.1,0.1,0.1,-0.2,0.1,0.1,0.1,0.1,0.1,0.1,0.1,0.2,0.1,-1.5,0.1,0.1,0.1,0.1,0.1,0.1,0.1,0.1,0.1,-3.8,0.1,0.1,0.1,0.1,0.1,0,0.1,0.1,0.1,-3.98,0.1,0.1,0,0.2,0.1,0.1,0.1,0.1,0.1,-3.78,0.1,0.1,0.1,0.2,0.1,0.1,0.1,0.1,0.1,-3.44,0.1,0.1,0.1,0.1,0.1,0.1,0.1,0.1,0.1,-0.8,0,0.1,0.2,0.1,0.1,0.1,0.1,0.1,0.1,-0.1,0.1,0.1,0.2,0.1,0,0.1,0.1,0.1,0.1,0,0.1,0.1,0.2,0.1,0.1,0.1,-0.1,0
0.000115,0,0.2,0.1,0.1,0.1,0.1,0.1,0.1,0.1,0.1,0.1,-0.3,0,0.1,0.1,0.1,0.1,0.1,0,0.1,0.1,-1.6,0.1,0.1,0.1,0.1,0.1,0.1,0.1,0.1,0,-3.9,0.1,0.1,0.1,0.1,0.1,0.1,0.1,0.1,0,-3.94,0.1,0.1,0.1,0.1,0,0.1,0.1,0.1,0.1,-3.84,0.1,0.1,0.1,0.1,0.1,0.1,0.1,0.1,0.1,-3.48,0,0.2,0.1,0.1,0.2,0.1,0,0.1,0.1,-0.7,0.1,0.1,0.1,0.1,0.1,0.1,0.1,0.1,0.1,-0.1,0.1,0.1,0.1,0.1,0.1,0.1,0.1,0.1,0.1,0,0.1,0.1,0.1,0.1,0.1,0.1,0,0
0.000115,0,0.1,0,0.1,0.1,0.1,0,0.1,0.1,0.1,0.1,-0.2,0.1,0.1,0.1,0.1,0.1,0.1,0.1,0.1,0.1,-1.5,0.1,0.1,0.1,0,0.1,0.1,0.1,0.1,0.1,-3.8,0.1,0.1,0.1,0.1,0.1,0.1,0.1,0.1,0.1,-3.98,0.1,0.1,0,0.1,0,0.1,0,0.1,0.1,-3.78,0.1,0.1,0.1,0.1,0.1,0.1,0.1,0.1,0.2,-3.48,0.1,0.1,0.1,0.1,0.1,0.1,0.1,0.1,0.1,-0.7,0.1,0.1,0.1,0.1,0.1,0.1,0.2,0.1,0.1,-0.1,0.1,0.1,0.1,0.1,0.1,0.1,0.1,0.1,0.1,0,0.1,0.1,0.1,0.1,0.1,0.1,0,0
0.000115,0,0.1,0.1,0.1,0.1,0,0.1,0.1,0.1,0.1,0.1,-0.2,0.1,0.1,0.1,0.1,0,0,0.2,0.1,0,-1.6,0.1,0.1,0.1,0.1,0.1,0.1,0.1,0.1,0.2,-3.84,0.1,0.1,0.1,0.1,0,0,0.1,0.1,0.1,-3.94,0.1,0.1,0.1,0.1,0.1,0.1,0.1,0.1,0.1,-3.84,0,0.1,0,0,0.1,0.1,0.1,0.1,0.1,-3.48,0.1,0.1,0.1,0.1,0.1,0.1,0.1,0.1,0.1,-0.8,0.1,0,0.1,0.1,0.1,0.1,0.1,0.1,0.1,-0.1,0.1,0.1,0.1,0.1,0.1,0.1,0.1,0.1,0.1,0.1,0.1,0.1,0.1,0.1,0.1,0.1,0,0
0.000115,0,0.2,0.1,0.1,0.1,0,0.1,0,0.1,0.1,0.1,-0.2,0.2,0.1,0.1,0.1,0.1,0.1,0.1,0,0.1,-1.5,0.1,0.1,0.1,0.1,0.1,0.1,0.2,0.1,0.1,-3.8,0.1,0.1,0.1,0.1,0.1,0.1,0.1,0,0.2,-3.94,0.1,0.1,0.1,0.2,0.1,0.1,0.1,0.1,0.1,-3.7,0,0.1,0.1,0.1,0.1,0.1,0.1,0.1,0.1,-3.44,0.1,0.1,0.1,0.1,0.1,0,0.1,0.1,0.1,-0.7,0.1,0.1,0.1,0.1,0.1,0.1,0.1,0.1,0,-0.1,0.1,0.1,0.1,0.1,0.1,0.1,0.1,0.1,0.1,0,0.1,0.1,0.1,0.1,0.1,0.1,-0.1,0
0.000115,0.1,0,0.1,0,0.1,0.1,0.1,0.1,0.1,0.1,0.1,-0.3,0.1,0.1,0.1,0.1,0.1,0.1,0.1,0.1,0.1,-1.5,0,0.1,0.1,0.1,0.1,0.1,0.1,0.1,0.1,-3.84,0.1,0.1,0.1,0.1,0.1,0.1,0.1,0.1,0.3,-3.88,0.1,0.1,0.1,0.1,0.1,0.1,0.1,0,0.1,-3.74,0.1,0.1,0.1,0.1,0.1,0.1,0.2,0.1,0.1,-3.39,0.2,0.1,0.1,0.1,0.1,0.1,0.1,0.1,0,-0.7,0.1,0.2,0.1,0.1,0.1,0.1,0.1,0.1,0.1,-0.1,0.1,0.1,0.2,0.1,0.1,0.1,0.1,0.1,0.1,0.1,0.1,0.1,0.1,0.2,0.1,0.1,-0.1,0
0.000116,0,0.1,0.2,0.1,0.1,0.1,0.1,0,0.1,0.1,0.1,-0.2,0.1,0.1,0.1,0.1,0.1,0.1,0.1,0.1,0.1,-1.4,0.1,0,0,0.1,0.1,0.1,0,0.1,0.1,-3.78,0.1,0.1,0.1,0.1,0.1,0,0.1,0.1,0.1,-3.88,0.1,0.1,0.1,0.1,0.1,0.1,0.1,0.1,0.1,-3.74,0,0,0,0.2,0.1,0.1,0.1,0.1,0.1,-3.41,0.1,0.1,0.1,0.1,0.1,0.1,0.1,0.1,0.1,-0.7,0.1,0.1,0.1,0.1,0.1,0.1,0.1,0.1,0.2,-0.2,0.1,0.1,0.1,0.1,0.1,0.1,0.1,0.1,0.1,0,0.1,0.1,0.1,0.1,0.1,0.1,0,0.1
0.000116,0.1,0.1,0.1,0.1,0.1,0.1,0.1,0,0.1,0.1,0.1,-0.2,0.1,0,0.1,0.1,0.1,0.1,0.1,0.1,0,-1.5,0.1,0,0.1,0.1,0.1,0.1,0.1,0.1,0.1,-3.74,0.1,0,0.2,0.1,0.1,0.1,0.1,0.1,0,-3.84,0.1,0.1,0.1,0.1,0.1,0.1,0.1,0.1,0.1,-3.74,0.1,0.1,0.1,0.1,0.1,0.1,0.1,0.1,0.2,-3.36,0.1,0.1,0.1,0.1,0.1,0.1,0.1,0.1,0.1,-0.7,0.2,0.1,0.1,0.1,0.1,0.1,0.1,0.1,0.1,-0.2,0.1,0.1,0.1,0.1,0.1,0.1,0.1,0,0.1,0.1,0.1,0.1,0.1,0.1,0.1,0.2,0,0
0.000116,0.1,0.1,0.1,0.1,0.1,0.1,0,0.1,0.1,0.1,0.1,-0.2,0.1,0.1,0.1,0,0.1,0.1,0.1,0.1,0.1,-1.4,0.1,0.1,0,0,0.1,0.1,0.1,0.1,0.1,-3.84,0.1,0.1,0.1,0.1,0.1,0.1,0.1,0.1,0.1,-3.84,0.1,0.1,0.1,0.1,0.1,0.1,0.1,0.1,0.1,-3.78,0.1,0.1,0.1,0.1,0.1,0.1,0.1,0.1,0.1,-3.26,0.1,0.2,0.1,0.1,0.1,0.1,0.1,0.1,0.2,-0.6,0.1,0.1,0.1,0.1,0.1,0.1,0.1,0.1,0.1,-0.2,0,0,0.1,0.1,0.1,0.1,0.2,0.1,0.1,0,0.1,0.1,0.1,0,0.1,0.1,0.1,-0.1
0.000116,0.1,0.1,0.1,0.1,0.2,0.1,0.1,0,0.1,0.1,0.1,-0.2,0.1,0,0.1,0.1,0.1,0.1,0.1,0,0.1,-1.4,0.1,0.1,0.1,0.1,0.1,0.1,0.2,0.1,0.1,-3.74,0.1,0.1,0.1,0.1,0.1,0,0.1,0.1,0.1,-3.84,0.1,0.1,0.2,0.2,0,0,0.1,0.2,0.1,-3.74,0.1,0.1,0.1,0,0.1,0.1,0.1,0.1,0,-3.32,0,0.1,0.1,0,0.1,0,0.1,0.1,0.1,-0.7,0.1,0.1,0.1,0.1,0.1,0.1,0.1,0.1,0.1,-0.2,0.1,0.1,0.1,0.1,0.1,0.1,0.1,0.1,0.2,0,0.1,0.1,0.1,0.1,0.1,0.1,0.2,0
0.000116,0.1,0.1,0.1,0.1,0.1,0.1,0.1,0,0.1,0.1,0.1,-0.2,0.1,0.1,0.1,0,0.1,0.1,0.1,0.1,0.1,-1.4,0.2,0.1,0.1,0.1,0.1,0.1,0.1,0.2,0.1,-3.65,0.1,0.1,0.1,0.1,0.1,0.1,0.1,0.1,0.1,-3.94,0.1,0.1,0.1,0.1,0,0.1,0.1,0.1,0,-3.7,0,0.1,0.1,0.1,0,0.1,0.1,0.1,0.1,-3.31,0,0.1,0.1,0.1,0.1,0.1,0.1,0.1,0.1,-0.7,0.1,0.1,0.2,0.1,0.1,0.1,0.1,0.1,0.2,-0.1,0.1,0.1,0.1,0.1,0.1,0.1,0.1,0.1,0.1,-0.1,0.1,0,0.1,0.1,0.1,0,0,0
0.000117,0.1,0,0.1,0.1,0.1,0.1,0.1,0.1,0.1,0.1,0.1,-0.2,0.1,0.1,0.2,0.1,0.1,0.1,0.1,0.1,0.1,-1.4,0.1,0.1,0.1,0.1,0.1,0.1,0.1,0.1,0.1,-3.8,0.1,0.1,0.1,0.1,0.1,0.1,0.1,0.1,0.1,-4.04,0,0.1,0.1,0.1,0,0.1,0.1,0.1,0.2,-3.74,0.1,0.1,0.1,0.1,0.1,0.1,0.1,0.1,0.1,-3.31,0.1,0.1,0.1,0.1,0.1,0.1,0.1,0.1,0.1,-0.7,0.1,0.1,0.1,0.1,0.1,0.1,0.1,0.1,0.1,-0.1,0,0.1,0.1,0.1,0.1,0.1,0.1,0.1,0.2,0,0.1,0,0.1,0,0.1,0.1,0.1,0
0.000117,0.1,0.1,0.1,0,0.1,0.1,0.1,0.1,0.1,0.1,0.1,-0.2,0.1,0.1,0.1,0.1,0.1,0.1,0.1,0.1,0.1,-1.4,0.1,0.1,0.1,0.1,0.1,0.1,0.1,0.1,0,-3.84,0.1,0.1,0.2,0.1,0.1,0.1,0.1,0.1,0,-4.04,0.1,0.1,0.1,0.1,0,0.1,0.1,0.1,0.1,-3.74,0.1,0.1,0.1,0.1,0.1,0.1,0,0.2,0.1,-3.34,0.1,0.1,0.1,0.1,0.1,0,0.2,0.1,0.1,-0.8,0.1,0.1,0.1,0.1,0.1,0.1,0.1,0.1,0.2,-0.1,0.1,0.1,0.1,0.1,0.1,0.1,0.1,0.1,0.1,-0.1,0.1,0.1,0.1,0.1,0.2,0.2,0,0
0.000117,0.1,0.1,0.1,0.1,0.1,0.1,0.1,0.1,0.1,0.1,0.1,-0.3,0.2,0.1,0.1,0.1,0.1,0,0.1,0.1,0.1,-1.5,0.1,0.1,0.2,0.1,0.1,0.1,0.1,0.1,0.1,-3.7,0.1,0.1,0.1,0.1,0.1,0.1,0.1,0.1,0.1,-4.14,0.1,0.1,0.1,0.1,0.1,0.1,0,0.1,0.1,-3.78,0.1,0.1,0.1,0,0.1,0.1,0,0.1,0.1,-3.38,0.1,0.1,0.1,0.1,0.1,0.1,0.1,0.1,0.1,-0.7,0.1,0,0.1,0.1,0.1,0.1,0.1,0.1,0.1,-0.1,0.1,0.1,0.1,0.1,0.1,0.1,0.1,0.1,0.1,-0.1,0.1,0.1,0,0.1,0.1,0.1,0.1,0.1
0.000117,0.1,0.1,0.1,0.1,0.1,0.1,0.1,0.1,0.1,0.1,0.1,-0.2,0,0.1,0.1,0.1,0.1,0.1,0.2,0.1,0.1,-1.5,0.1,0.1,0.1,0.2,0.1,0.1,0,0.2,0.1,-3.8,0.1,0.1,0.1,0.1,0.1,0.1,0.1,0.1,0.1,-4,0.1,0.1,0.1,0.1,0.1,0.2,0.1,0.1,0.1,-3.78,0.1,0.1,0.1,0.1,0.1,0.1,0.1,0.1,0.1,-3.34,0.2,0.1,0.1,0.1,0.1,0,0.1,0.1,0.1,-0.7,0.1,0.1,0.1,0.1,0.1,0.1,0,0.1,0.1,0,0.1,0.1,0.1,0.2,0.1,0.1,0.1,0.1,0.1,-0.1,0.1,0.1,0.1,0.1,0.1,0.1,0,0
0.000117,0.1,0.1,0.1,0.1,0,0.1,0.1,0.1,0.1,0.1,0.1,-0.2,0,0.1,0.1,0.1,0.1,0.1,0,0.1,0.2,-1.5,0.1,0.1,0,0.1,0.1,0.1,0.1,0.1,0.1,-3.74,0.1,0.1,0.1,0,0.2,0.1,0.1,0.1,0.1,-4.04,0.1,0.1,0.1,0.1,0.1,0.2,0.2,0.1,0.1,-3.74,0.1,0.1,0,0.1,0.1,0.1,0.1,0.1,0.1,-3.34,0.1,0.1,0.1,0.1,0.1,0.1,0.1,0.1,0.1,-0.7,0.1,0.1,0.1,0.1,0.1,0.1,0.1,0.1,0.1,0,0.1,0.2,0.1,0.1,0.1,0.1,0.1,0.1,0.1,0,0.1,0.1,0.1,0.1,0.1,0,0,-0.1
0.000118,0.1,0.1,0.2,0,0,0.1,0.1,0.1,0.1,0.1,0.1,-0.2,0.1,0.1,0.1,0.1,0.1,0.1,0.2,0.1,0.1,-1.5,0.1,0.1,0.1,0,0.1,0.1,0.1,0.1,0.1,-3.8,0.1,0.1,0.1,0.1,0.1,0.1,0,0.1,0,-3.94,0,0.1,0.1,0.1,0.1,0.1,0.1,0.1,0.2,-3.84,0.1,0.1,0,0.1,0.1,0.1,0.1,0.1,0.1,-3.35,0.1,0.1,0.1,0.1,0.1,0,0.1,0.1,0.1,-0.7,0.1,0.1,0.1,0.1,0.1,0,0,0.1,0.1,-0.1,0.1,0.2,0.1,0.1,0.1,0.1,0.1,0.1,0.1,0,0,0.1,0.1,0.1,0.2,0.1,-0.1,0
0.000118,0.1,0.1,0.1,0.2,0.1,0.1,0.2,0.1,0.1,0.1,0,-0.2,0.1,0.1,0.1,0,0.1,0.1,0.1,0.2,0.1,-1.4,0,0.1,0.1,0.1,0.1,0.1,0.1,0.1,0.1,-3.8,0.1,0.1,0.1,0.1,0.1,0.1,0.1,0.1,0.1,-3.88,0.2,0.1,0.1,0.1,0.1,0.2,0.1,0.1,0.1,-3.74,0.1,0.1,0.1,0.1,0.2,0.1,0.1,0.1,0.1,-3.26,0.1,0.1,0.1,0.1,0.1,0.1,0.1,0.1,0.2,-0.7,0.1,0.1,0.1,0.2,0.1,0,0.1,0.1,0.1,-0.2,0.1,0.2,0.1,0.1,0.1,0.1,0.1,0.1,0,0,0.1,0.1,0.1,0.1,0.1,0.1,-0.1,0
0.000118,0.1,0.1,0.1,0.1,0.1,0.2,0.1,0.1,0.1,0.1,0,-0.3,0.1,0.1,0.1,0.1,0.1,0,0.1,0.1,0.1,-1.5,0.2,0.1,0,0.1,0,0.1,0,0.1,0.1,-3.84,0.1,0.1,0.1,0.1,0.1,0.1,0,0.1,0.1,-3.84,0.1,0.1,0.1,0.1,0.1,0.1,0.1,0.1,0.1,-3.78,0.1,0.1,0.1,0.1,0.1,0.1,0.1,0.1,0.1,-3.22,0.1,0.1,0.1,0.1,0.1,0,0.1,0.1,0.1,-0.7,0.2,0.1,0,0.2,0.1,0.1,0.1,0.1,0.1,-0.1,0.1,0.1,0,0.1,0.1,0,0.1,0.1,0.1,0.1,0.1,0.1,0.1,0,0.1,0.1,-0.1,0
0.000118,0,0.1,0.1,0.1,0.1,0.1,0.1,0.1,0,0.1,0.1,-0.2,0.1,0.1,0.1,0.1,0.1,0.1,0.1,0.1,0.1,-1.4,0.1,0.1,0.1,0.1,0.1,0.1,0.1,0.1,0.1,-3.84,0.1,0.1,0.1,0.2,0.1,0.1,0.1,0.1,0.1,-3.84,0.1,0.1,0.1,0.2,0.1,0.1,0.1,0.1,0.1,-3.74,0.2,0.1,-0.1,0.1,0.1,0.1,0.1,0.1,0.1,-3.28,0.1,0.2,0.1,0.1,0.1,0.1,0.1,0.2,0.1,-0.7,0.1,0.1,0.1,0.1,0.1,0.1,0,0.1,0.1,-0.2,0.1,0.1,0.1,0.1,0,0.1,0.1,0.1,0.1,0.1,0.1,0.1,0.1,0.1,0.1,0.1,0,0.1
0.000118,0,0,0.1,0.1,0.1,0.1,0.1,0.1,0.1,0.1,0,-0.3,0.1,0.1,0.1,0.1,0.1,0.1,0.1,0.1,0.1,-1.4,0.1,0.1,0.1,0.1,0.1,0.1,0.1,0.2,0.2,-3.74,0,0,0.1,0.1,0.1,0.1,0.1,0.1,0.1,-3.8,0.1,0,0.1,0.1,0.1,0.1,0.1,0.1,0.1,-3.7,0.1,0,0,0.1,0,0.1,0,0.1,0.1,-3.28,0.1,0.1,0.1,0.1,0.1,0.1,0.1,0.1,0.1,-0.7,0.1,0.1,0.1,0.1,0.2,0.1,0.1,0.1,0.1,-0.2,0.1,0.1,0.1,0.1,0.2,0.1,0.1,0.1,0.1,0,0.1,0.1,0.1,0.1,0.1,0.1,0,-0.1
0.000119,0,0.1,0.1,0.1,0.1,0.1,0.1,0.2,0.1,0.1,0.1,-0.2,0.1,0.1,0.1,0.1,0.1,0.1,0.1,0.1,0.1,-1.4,0.1,0.1,0.1,0,0.1,0.1,0.1,0.2,0.1,-3.74,0.1,0.1,0.1,0.1,0.1,0,0.1,0.1,0,-3.84,0.1,0.1,0.1,0.1,0.1,0.1,0,0.1,0.1,-3.64,0.1,0.1,0.1,0.1,0.1,0.1,0.1,0,0.1,-3.23,0.1,0.1,0.1,0,0.1,0.1,0.1,0.1,0,-0.6,0.1,0.1,0.1,0.1,0.1,0.1,0.1,0.1,0.1,-0.2,0.1,0.1,0.1,0.1,0.1,0,0.1,0.1,0.1,-0.1,0.1,0.2,0.1,0.1,0.1,0.1,0,0.1
0.000119,0,0.1,0.1,0.1,0.1,0.1,0.1,0.1,0.1,0,0.1,-0.2,0.1,0.1,0.1,0.1,0.1,0.1,0.1,0,0.1,-1.4,0.1,0.1,0.1,0.1,0.1,0.2,0.1,0.1,0.1,-3.8,0.1,0.1,0.1,0.1,0.1,0,0.1,0.1,0.1,-3.94,0.1,0.1,0,0.1,0.1,0.1,0.1,0.1,0.1,-3.78,0.1,0.1,0.1,0.1,0.1,0.1,0.1,0.1,0.1,-3.19,0.2,0.1,0.1,0.1,0.2,0.1,0.1,0.1,0.1,-0.7,0.1,0.1,0.1,0.1,0.1,0,0.2,0.1,0.1,-0.1,0.1,0.1,0.1,0.1,0.1,0.1,0.1,0.2,0.1,-0.1,0.1,0.1,0.1,0,0.1,0.1,0,0
0.000119,0.1,0.1,0,0.1,0,0.2,0.1,0.1,0.1,0.1,0.1,-0.3,0.1,0.1,0.1,0.1,0.1,0,0.1,0.1,0.1,-1.4,0.1,0,0.1,0.1,0.1,0.1,0.1,0.1,0.1,-3.8,0.1,0,0.1,0.1,0,0.2,0.1,0.1,0.1,-4.04,0.1,0.1,0.1,0,0.1,0.2,0.1,0.1,0.1,-3.78,0.1,0.1,0.1,0,0.1,0.1,0.1,0.1,0.2,-3.23,0.1,0.1,0.1,0.1,0.1,0.1,0.1,0.1,0.1,-0.7,0,0.1,0.1,0.1,0.1,0.1,0.1,0.1,0.1,-0.1,0.1,0.1,0.1,0.1,0.1,0.1,0.1,0.1,0.1,0,0.1,0.1,0.1,0.1,0.1,0.1,0.1,0
0.000119,0,0.1,0.1,0.1,0.1,0.1,0.1,0.2,0.2,0.1,0.1,-0.3,0.1,0.1,0.1,0.2,0.1,0.2,0.1,0.1,0.1,-1.4,0,0.1,0,0.1,0.1,0,0,0.1,0.1,-3.8,0.1,0.1,0,0.2,0.1,0.1,0.1,0.1,0.1,-4.08,0.1,0.1,0.1,0.1,0.1,0.1,0.1,0.1,0.1,-3.7,0.1,0.1,0.2,0.1,0.1,0.1,0.1,0.2,0.1,-3.09,0,0.1,0.1,0.1,0.1,0.1,0.1,0.1,0.1,-0.7,0.1,0.1,0.1,0.1,0.1,0,0.1,0.1,0.1,-0.2,0.1,0.1,0.1,0.1,0.1,0.1,0.1,0.1,0.1,-0.2,0.1,0.1,0.1,0.1,0.1,0.1,0.1,0
0.000119,0.1,0.1,0.1,0.1,0.1,0.1,0.1,0.2,0.1,0.1,0.1,-0.1,0.1,0.1,0.1,0.1,0,0.1,0.1,0.1,0.1,-1.3,0.1,0.1,0.1,0.1,0,0.1,0.1,0.1,0.1,-3.84,0.1,0.2,0.1,0.1,0.1,0.1,0.1,0.1,0.1,-3.98,0.1,0.1,0.1,0.1,0.1,0.1,0.1,0,0.1,-3.74,0.1,0.1,0.1,0.1,0.1,0.1,0.1,0.1,0.1,-3.18,0.1,0.1,0.1,0.1,0.1,0.1,0.1,0.1,0.1,-0.6,0.1,0.1,0.1,0.1,0,0.1,0.1,0.1,0.1,-0.2,0.1,0.1,0.1,0.1,-0.1,0.1,0.1,0.1,0.1,0,0.1,0.1,0.1,0.1,0.1,0.1,0.2,-0.1
0.00012,0,0.1,0.1,0,0.1,0.1,0.1,0.1,0.1,0.1,0.1,-0.2,0.1,0.1,0.1,0.1,0.2,0.1,0.3,0,0.1,-1.4,0.1,0.1,0.1,0,0.1,0.1,0.1,0.1,0.1,-3.8,0.1,0.1,0.1,0.1,0.1,0.1,0.1,0.1,0.1,-4.04,0.1,0.1,0.1,0.1,0.1,0.1,0.1,0.1,0.1,-3.78,0.1,0.1,0.1,0.1,0.1,0.1,0.1,0.1,0.1,-3.09,0.1,0.1,0.1,0.1,0.1,0.1,0.1,0.1,0.1,-0.7,0.1,0.1,0.1,0.1,0.1,0.1,0.1,0.2,0.1,-0.2,0.1,0.1,0.1,0,0.1,0.1,0.1,0.1,0.1,0,0.1,0.1,0.1,0.1,0.1,0.1,0.2,0
0.00012,0,0.1,0.2,0.1,0.1,0,0.1,0.1,0.1,0.1,0,-0.1,0.1,0.1,0,0.1,0.1,0.1,0.1,0.1,0.1,-1.4,0.1,0.2,0.2,0.1,0.1,0.1,0.1,0.1,0.1,-3.8,0.1,0.1,0.1,0.1,0.1,0.1,0.1,0.1,0.1,-3.84,0.1,0.1,0.1,0.1,0,0.1,0,0.1,0.2,-3.74,0,0.1,0.1,0.1,0.1,0.1,0.1,0.1,0,-3.13,0.1,0.1,0.1,0.1,0.1,0.1,0.1,0.1,0.1,-0.7,0.1,0.1,0.1,0.1,0.1,0.1,0.1,0.1,0.1,-0.1,0.2,0.1,0.1,0.1,0,0.1,0.1,0.1,0.1,0,0.1,0.1,0.1,0.1,0.1,0.1,0,0
0.00012,-0.1,0,0.1,0.1,0.1,0.1,0.1,0.1,0.1,0.1,0.1,-0.3,0.1,0.1,0.1,0.1,0.1,0.1,0.1,0.1,0,-1.4,0.1,0,0.1,0,0.2,0.1,0.1,0.1,0.1,-3.7,0.1,0.2,0.1,0.1,0.1,0.1,0,0.1,0,-3.88,0.1,0.1,0.1,0.1,0.1,0.1,0.1,0.1,0.1,-3.74,0.1,0,0.1,0.1,0.2,0.1,0.1,0.1,0.1,-3.13,0,0.1,0.1,0.1,0.1,0.1,0,0.1,0.1,-0.8,0.1,0.1,0.1,0.1,0.1,0.1,0,0.1,0.1,-0.2,0.1,0.1,0.1,0.1,0.1,0.1,0.1,0.1,0.1,0,0.1,0.2,0.1,0.1,0.1,0.1,0,-0.1
0.00012,0,0.1,0.1,0.1,0.2,0.1,0.2,0.1,0,0.1,0.1,-0.2,0.1,0.1,0.1,0.1,0.1,0.1,0.1,0.1,0.1,-1.4,0.1,0.1,0.1,0.2,0.1,0.1,0.1,0.1,0.1,-3.8,0.1,0.1,0.1,0.1,0.2,0.1,0,0.2,0.1,-3.78,0.1,0.1,0.1,0.1,0.1,0.1,0.1,0.1,0.1,-3.74,0.1,0,0.1,0.1,0.1,0.1,0.1,0.2,0,-3.13,0.1,0.1,0.1,0.1,0,0.1,0.1,0.1,0.1,-0.7,0.1,0.1,0.1,0.1,0.1,0.1,0.1,0.1,0.1,-0.1,0.1,0.1,0.1,0.1,0.1,0.1,0.1,0.2,0.1,0,0.1,0.1,0.1,0.1,0.1,0.1,0,-0.1
0.00012,-0.1,0,0.1,0.1,0.1,0.1,0.1,0.1,0.1,0.1,0.1,-0.3,0.1,0.1,0.1,0.1,0.1,0.1,0.1,0.1,0,-1.3,0.1,0.1,0.1,0.2,0.1,0.1,0.1,0.2,0.1,-3.8,0.1,0.1,0,0,0.1,0.1,0.1,0.1,0.1,-3.74,0.1,0.1,0.1,0.1,0.1,0.1,0.1,0.1,0.1,-3.74,0.1,0.1,0.1,0.1,0.1,0.1,0.1,0.1,0.1,-3.19,0.2,0.1,0.1,0.1,0.1,0.1,0.1,0.1,0.1,-0.8,0.1,0.1,0.1,0.1,0.1,0.1,0.1,0.1,0.1,-0.2,0.1,0.1,0.1,0.1,0.1,0.2,0.1,0.1,0.1,0,0.1,0.1,0.1,0.1,0.1,0.1,0,0.1
0.000121,0,0.1,0.2,0,0.1,0.1,0.1,0.1,0.2,0.1,0.1,-0.2,0.1,0.1,0.1,0.2,0.1,0.1,0.1,0.1,0.1,-1.3,0,0.1,0.1,0,0.1,0.1,0.2,0.1,0.1,-3.8,0.1,0.1,0.1,0.1,0.1,0,0.1,0.1,0.1,-3.88,0.1,0.1,0.1,0.1,0.1,0.1,0.1,0.1,0.1,-3.78,0.1,0.1,0.1,0.1,0.1,0.1,0.1,0.1,0.1,-3.09,0.1,0.1,0.1,0.1,0.2,0.1,0.1,0.1,0.1,-0.8,0.1,0.1,0.1,0.1,0.2,0.1,0.1,0.1,0.1,-0.1,0.1,0.1,0.1,0.1,0.1,0.1,0.1,0.1,0.2,0.1,0.1,0,0.1,0.1,0.1,0.1,0,0
0.000121,0.1,0.1,0.1,0.1,0,0.1,0,0.1,0,0.1,0.1,-0.2,0.1,0,0.1,0,0.1,0.1,0.1,0.1,0.1,-1.3,0.1,0.1,0.1,0.1,0.1,0.1,0.1,0.1,0.1,-3.7,0.1,0.1,0.1,0.1,0.1,0.1,0,0.1,0.1,-3.84,0.1,0.1,0.1,0.1,0.1,0.1,0,0.1,0.1,-3.78,0.1,0.1,0.1,0.1,0.1,0.1,0.1,0.1,0,-3.09,0.2,0,0.1,0.1,0.1,0.1,0.1,0.1,0.1,-0.8,0.1,0.1,0.2,0.1,0.1,0.1,0.1,0.1,0.1,-0.1,0.1,0.1,0.1,0.1,0.1,0.1,0.1,0.1,0.1,0,0.1,0.1,0.1,0.1,0.1,0.1,0,0
0.000121,0,0.1,0.1,0.1,0.1,0.2,0,0.1,0.1,0,0.2,-0.2,0.1,0.1,0.1,0.1,0.2,0.1,0.1,0,0.1,-1.3,0.1,0.1,0.1,0.2,0.1,0.1,0.2,0.1,0.1,-3.65,0,0.1,0.1,0.1,0.2,0.1,0.1,0.1,0.1,-3.8,0.1,0.1,0.1,0.2,0.1,0.1,0.1,0.1,0.1,-3.74,0.1,0.1,0.1,0,0.1,0.1,0.1,0.1,0.2,-3.05,0.1,0.1,0.1,0.1,0.1,0.1,0.1,0.2,0.1,-0.8,0,0.1,0.1,0.1,0.1,0.1,0.1,0.2,0.1,-0.1,0.1,0.1,0.1,0.1,0.1,0.2,0.1,0.1,0.1,0,0.1,0.1,0.1,0.1,0.1,0,-0.1,-0.1
0.000121,0.1,0.1,0.1,0.1,0.1,0.1,0,0.1,0.2,0.1,0.1,-0.2,0.1,0.1,0.1,0.1,0,0.1,0.2,0.1,0.1,-1.4,0.1,0.1,0.1,0.1,0.1,0.1,0.1,0.1,0.1,-3.7,0,0,0.1,0.1,0.1,0,0.1,0.1,0.1,-3.94,0.1,0.1,0.1,0.1,0.1,0.1,0.1,0.1,0.1,-3.7,0.1,0.1,0.1,0.1,0.1,0.1,0.1,0.1,0.1,-3.05,0.1,0,0.1,0.1,0.1,0.1,0.1,0.1,0.1,-0.7,0.1,0.1,0.1,0.1,0.1,0.1,0.1,0.2,0.1,-0.1,0.1,0.1,0.1,0.1,0,0.1,0.1,0.1,0.1,0,0.1,0.1,0.1,0.1,0.1,0.1,0,0
0.000121,0.1,0.1,0.1,0.1,0.1,0.1,0.1,0.1,0.1,0,0.1,-0.1,0.1,0.1,0.1,0.1,0.1,0,0.1,0.1,0.1,-1.4,0.1,0,0.1,0.1,0.1,0.1,0.2,0.1,0.1,-3.65,0.1,0.1,0.1,0.1,0.1,0.1,0.1,0.2,0.1,-4.04,0.1,0.1,0.1,0.1,0.1,0.2,0,0.1,0.2,-3.74,0.1,0.1,0.1,0.1,0.1,0.1,0.1,0.1,0.1,-3.05,0.1,0.1,0.1,0.1,0.1,0,0.1,0.1,0.1,-0.7,0.1,0.1,0.1,0.1,0.1,0.1,0.1,0.1,0.1,-0.2,0.1,0.1,0.1,0.1,0.1,0.1,0.1,0.1,0.1,0.1,0.1,0.1,0.1,0.1,0,0.1,0,0
0.000122,0,0.2,0.1,0.1,0.1,0.1,0.1,0.2,0.1,0.1,0.1,-0.2,0.1,0.1,0.1,0.1,0.1,0.1,0.1,0.1,0,-1.4,0.1,0.1,0.1,0.1,0.1,0.1,0.1,0.1,0.1,-3.7,0.2,0.1,0.1,0.1,0.1,0.1,0,0.1,0.1,-3.94,0.1,0.1,0,0.2,0,0.1,0.1,0.1,0,-3.74,0.1,0.1,0.1,0.1,0.1,0.1,0.1,0.1,0.2,-3.05,0.1,0.2,0.2,0.1,0.1,0,0.1,0.1,0.1,-0.7,0.1,0.1,0.2,0.2,0.1,0.1,0.1,0.1,0.1,-0.2,0.1,0.1,0.1,0.1,0.1,0.1,0.1,0,0.1,0,0,0.1,0.1,0.1,0,0.1,0.1,0
0.000122,0.1,0.1,0.1,0,0.1,0.1,0.1,0.1,0.1,0.1,0.1,-0.2,0.1,0.1,0.1,0.1,0.1,0.1,0.2,0.1,0.1,-1.4,0.1,0.1,0.1,0.1,0.1,0.1,0.1,0.2,0.2,-3.65,0.1,0.1,0.1,0.1,0.1,0.1,0.1,0.1,0.1,-3.94,0.1,0.1,0.1,0.1,0.1,0.1,0.1,0.1,0.1,-3.74,0.1,0.2,0.1,0.1,0,0.1,0.1,0.1,0.1,-3.05,0.1,0.2,0.1,0.1,0.1,0.1,0.1,0.1,0.1,-0.6,0.2,0,0.1,0.1,0.1,0.1,0.1,0.1,0.1,-0.1,0.1,0.1,0.1,0.1,0.1,0.1,0.1,0,0.1,-0.1,0.1,0,0.1,0.1,0.1,0.2,0.1,-0.1
0.000122,0,0.1,0.1,0.1,0.1,0.1,0.1,0.1,0.1,0.1,0.1,-0.2,0.1,0.1,0.1,0.2,0.2,0.1,0.1,0.1,0.1,-1.3,0.1,0.1,0.1,0.1,0.1,0.1,0.1,0.1,0.2,-3.7,0.1,0.1,0.1,0.1,0.1,0.1,0.1,0.1,0.1,-3.94,0.1,0.1,0.1,0.1,0,0.1,0.1,0,0.1,-3.74,0,0.2,0.1,0.1,0.1,0.1,0.1,0.1,0.1,-3.09,0.1,0.1,0.2,0.1,0.2,0.1,0.1,0.1,0.1,-0.6,0.1,0.2,0.1,0.1,0.2,0.1,0.1,0.1,0.1,-0.1,0.1,0.1,0.1,0.1,0.1,0.1,0.1,0.1,0.1,-0.1,0.1,0.1,0.1,0.1,0.1,0.1,0.1,0.1
0.000122,0.1,0.2,0.1,0.1,0.1,0.1,0.1,0.1,0.2,0.1,0.1,-0.2,0.3,0.1,0.1,0.1,0.2,0.1,0.1,0,0.1,-1.4,0.1,0.1,0,0.1,0.1,0.1,0.1,0,0.1,-3.7,0,0.1,0.1,0.1,0.1,0.1,0.1,0.1,0.1,-3.94,0.1,0.1,0.1,0.1,0.1,0.1,0.1,0.1,0.1,-3.78,0.1,0.1,0.1,0.1,0.1,0.1,0.1,0.2,0.1,-3.13,0.1,0.1,0,0.2,0.1,0.1,0.1,0.1,0.2,-0.6,0.1,0.1,0.1,0.1,0.1,0.1,0.1,0,0.1,-0.1,0.1,0.1,0.1,0.1,0.1,0.1,0.1,0.1,0,-0.1,0.2,0.1,0.1,0.1,0.1,0.1,0,0
0.000122,0.1,0.1,0.1,0.2,0.1,0.1,0.1,0.1,0.1,0.2,0.1,-0.2,0.1,0.1,0.1,0.1,0.1,0.1,0.1,0.1,0.1,-1.3,0.1,0.1,0.1,0.1,0.1,0.1,0.1,0.1,0,-3.65,0.1,0.1,0.1,0.1,0.1,0.1,0.1,0.2,0.3,-3.88,0.1,0.2,0.1,0.1,0.1,0.1,0.1,0.1,0,-3.7,0.1,0.1,0.1,0.1,0.1,0.1,0.1,0.1,0.1,-3.13,0.1,0.1,0,0.1,0.1,0.1,0.1,0.1,0.1,-0.7,0.1,0.1,0.1,0.1,0.1,0.1,0.1,0.1,0.1,-0.1,0.1,0.2,0.1,0.1,0.1,0.1,0.1,0.1,0.1,-0.1,0.1,0.1,0,0.1,0.1,0.1,0,-0.1
0.000123,0,0.2,0.1,0.1,0.1,0.1,0.1,0.1,0.1,0.1,0.1,-0.2,0.1,0.1,0,0.1,0.1,0.1,0.1,0.1,0.1,-1.4,0.1,0.1,0.2,0.1,0.1,0.1,0.1,0.2,0.1,-3.75,0,0.1,0.1,0.1,0.1,0.1,0.1,0.1,0.1,-3.84,0.1,0.1,0.1,0.2,0.1,0.1,0.1,0.1,0.1,-3.74,0.1,0,0.1,0.1,0.1,0.1,0.1,0.1,0.1,-3.09,0.1,0,0,0.1,0.1,0.1,0.1,0.1,0.1,-0.6,0.1,0.1,0.1,0.1,0,0.1,0.1,0.1,0.1,-0.1,0.1,0.1,0.1,0.1,0.1,0.1,0.1,0.1,0.1,0,0.1,0.1,0.1,0.1,0.1,0.1,0,0
0.000123,0,0.2,0.2,0.1,0.1,0.1,0.1,0.1,0.2,0.2,0.1,-0.2,0.1,0.1,0.1,0.1,0,0.1,0,0.2,0.1,-1.3,0.1,0.1,0.1,0.1,0.1,0.1,0.1,0,0.1,-3.71,0.1,0.1,0.1,0.1,0.1,0.1,0.1,0.1,0.1,-3.88,0.1,0.1,0.1,0.1,0.1,0.1,0.1,0.1,0.1,-3.7,0.1,0,0.1,0.1,0.1,0.1,0.1,0.3,0.1,-3.05,0.1,0.1,0,0.1,0.1,0.1,0.1,0.1,0.1,-0.6,0.1,0.1,0.1,0.1,0.1,0.1,0.1,0.1,0.2,-0.2,0,0.1,0.2,0.1,0.1,0.1,0.1,0.1,0.1,-0.1,0.1,0.1,0.1,0.1,0,0.1,0,-0.1
0.000123,0,0.1,0.1,0.1,0.1,0.1,0,0.1,0,0.1,0.1,-0.1,0.1,0.1,0.1,0.1,0,0.1,0.1,0.1,0.1,-1.3,0.1,0.1,0.1,0.1,0.1,0.1,0.1,0,0.1,-3.8,0.1,0.1,0,0.1,0.2,0.1,0.1,0.1,0.1,-3.78,0.1,0.1,0.2,0.1,0.1,0.1,0.1,0.1,0.1,-3.7,0.1,0.2,0.1,0.1,0.1,0.1,0.1,0.1,0.1,-3,0.1,0.1,0.1,0.1,0.1,0.1,0.1,0.1,0.1,-0.7,0.1,0.1,0.1,0.1,0.1,0,0.1,0.1,0.1,-0.1,0.1,0.1,0.1,0.1,0.1,0.1,0.1,0.1,0.1,-0.1,0.1,0.1,0.1,0.1,0,0.1,0,0
0.000123,0,0.1,0.1,0,0.1,0.1,0,0.1,0.1,0.1,0.1,-0.3,0.1,0.1,0.2,0.1,0.2,0.1,0.1,0.1,0.1,-1.3,0.2,0.1,0.1,0.1,0.1,0.1,0.1,0.1,0.1,-3.8,0.1,0.1,0.1,0.1,0.1,0.1,0.1,0.1,0,-3.8,0.1,0.1,0.1,0.1,0.1,0.1,0.1,0.1,0.1,-3.7,0.1,0,0.1,0,0.1,0.1,0.1,0.1,0.1,-3.02,0,0.1,0.1,0.1,0.1,0.1,0.1,0.1,0.1,-0.6,0.1,0.1,0.1,0.1,0,0.1,0,0.1,0.1,0,0.1,0.1,0.1,0.1,0.1,0.1,0.1,0.1,0.1,0,0.1,0.1,0.1,0.1,0.1,0.1,-0.1,0.1
0.000123,0,0.1,0.1,0.1,0.1,0.1,0.1,0.1,0,0.2,0,-0.1,0.1,0.1,0.1,0.1,0.1,0.1,0.1,0.1,0.1,-1.3,0.1,0.1,0.1,0,0.1,0.1,0.1,0.1,0.1,-3.84,0.1,0.1,0.1,0.1,0.1,0.1,0.1,0.1,0.1,-3.8,0.1,0.1,0.1,0.1,0.1,0.1,0.1,0.1,0,-3.74,0.1,0.1,0.1,0.1,0.1,0.2,0.1,0.1,0.1,-2.98,0.1,0.1,0.1,0.1,0.1,0.1,0.1,0.1,0.1,-0.7,0.1,0.1,0.1,0.2,0.2,0.1,0,0.1,0.1,0,0.1,0,0.1,0.1,0.1,0.2,0.1,0.1,0,-0.1,0.1,0.1,0.1,0.1,0.1,0.1,0,0
0.000124,0,0.1,0,0.1,0.1,0.1,0.1,0.1,0.1,0,0.1,-0.2,0.1,0.1,0.1,0.1,0.1,0.1,0.1,0.1,0.2,-1.3,0.1,0.1,0.1,0.1,0.1,0.1,0.2,0.2,0.1,-3.8,0.1,0.1,0.1,0.1,0.1,0.1,0.1,0.1,0.1,-3.88,0.1,0.1,0.1,0.1,0.1,0.1,0.1,0.1,0.1,-3.74,0.1,0,0.1,0.1,0.1,0.1,0.1,0.1,0.1,-2.93,0.1,0.1,0.1,0.1,0,0.1,0.1,0.1,0.1,-0.7,0.1,0.1,0.1,0.1,0,0.2,0.1,0.2,0.1,-0.1,0.1,0.1,0.1,0.1,0.1,0.1,0.1,0.1,0.1,-0.1,0.1,0.1,0.1,0.1,0.1,0.1,0.1,0.1
0.000124,0,0.1,0.1,0.1,0.1,0.1,0.1,0.1,0,0.1,0.1,-0.3,0.1,0.1,0.1,0.1,0.1,0.1,0.1,0.1,0.1,-1.3,0.1,0.1,0.1,0.1,0.1,0.1,0.1,0.1,0.1,-3.78,0,0.2,0.1,0.1,0,0.1,0.1,-0.1,0.1,-3.84,0.1,0.1,0.1,0.1,0.1,0.1,0.1,0.1,0.2,-3.78,0.1,0,0.1,0.1,0.1,0.1,0.1,0.1,0.1,-2.93,0.1,0.1,0.1,0.1,0.1,0.1,0.1,0,0.1,-0.7,0,0.1,0.1,0.2,0.1,0.2,0.2,0.1,0.2,-0.1,0.1,0.1,0.1,0.1,0.1,0.1,0.1,0.1,0.1,0,0.1,0.1,0,0.1,0.1,0.1,0,0.1
0.000124,0.1,0.1,0.1,0.1,0.1,0.1,0.1,0.1,0.1,0.1,0.1,-0.3,0.1,0.1,0.1,0.1,0.1,0.1,0.1,0,0.1,-1.3,0.1,0.1,0.1,0.1,0.1,0.1,0.1,0.1,0.1,-3.7,0.1,0.2,0.1,0,0.1,0.1,0.1,0.1,0.2,-3.8,0.1,0.1,0.1,0.1,0.1,0.1,0.1,0.1,0.1,-3.7,0.1,0.1,0.1,0.1,0.1,0.1,0.1,0.1,0.1,-2.88,0.1,0,0.1,0.1,0.1,0.1,0.1,0.1,0.1,-0.6,0.1,0.1,0.1,0.1,0.1,0.1,0.1,0.1,0.1,-0.1,0.1,0.1,0.1,0.1,0.1,0.1,0.1,0.1,0.1,0,0.1,0.1,0.1,0,0.1,0.1,-0.1,0
0.000124,0,0.1,0.1,0.1,0.1,0.1,0,0.1,0.1,0.1,0.1,-0.2,0.1,0.1,0.1,0.1,0.1,0.1,0.1,0.1,0.2,-1.2,0.1,0.1,0.1,0.1,0.1,0.1,0.1,0.1,0.1,-3.7,0.1,0,0,0.1,0.1,0.1,0.1,0.1,0.1,-3.88,0.1,0.1,0.1,0.2,0.1,0.1,0.1,0.1,0,-3.74,0.1,0.1,0.1,0.1,0,0.1,0.1,0.1,0.1,-2.96,0.1,0.1,0.1,0.1,0.1,0.1,0.2,0.1,0,-0.6,0.1,0.1,0.1,0.1,0.1,0.2,0.1,0.1,0.1,-0.2,0.1,0.1,0.1,0.1,0.1,0.1,0.1,0.1,0.1,-0.1,0.1,0.1,0.1,0.1,0,0.1,-0.1,0
0.000124,0,0.1,0,0.1,0.1,0.1,0.1,0.1,0.1,0.1,0,-0.2,0.1,0.1,0.1,0.1,0.1,0.2,0.1,0,0.1,-1.3,0.1,0.1,0.1,0.1,0.1,0.1,0.1,0.1,0.1,-3.6,0.2,0.1,0.1,0.1,0.1,0.1,0.1,0.1,0.1,-3.84,0.1,0.1,0.1,0.1,0.1,0.1,0.1,0.1,0.1,-3.78,0,0.1,0.1,0.1,0.1,0.1,0.1,0.1,0.1,-2.96,0.1,0.1,0.2,0.1,0,0,0.1,0.1,0.1,-0.5,0.1,0.1,0.1,0.1,0.1,0.1,0.1,0.1,0,-0.2,0.1,0.1,0.1,0.2,0.1,0,0.1,0.1,0.1,0,0.1,0.2,0.1,0,0.1,0.1,0,0
0.000125,0.1,0.1,0.1,0.1,0.1,0.1,0.2,0.1,0.1,0.1,0,-0.2,0.1,0.1,0.1,0.1,0,0.1,0.1,0.1,0.1,-1.2,0.1,0.1,0.1,0.2,0.1,0.1,0.1,0.1,0,-3.7,0.1,0.1,0.1,0.1,0.1,0.1,0.1,0.1,0,-3.8,0.1,0.1,0.1,0.1,0.2,0,0.1,0,0.1,-3.7,0.1,0.1,0,0.1,0.1,0.1,0.1,0.1,0.1,-3.05,0.1,0.1,0.1,0.1,0.1,0.1,0.1,0.1,0.1,-0.6,0.2,0.1,0.1,0.1,0.1,0.1,0.1,0.1,0.1,-0.1,0.1,0.1,0,0.1,0.1,0.1,0.1,0.1,0.1,-0.1,0.1,0.1,0.1,0.1,0.1,0.1,0,-0.1
0.000125,0,0.1,0.1,0.1,0.1,0.1,0.1,0.1,0,0.2,0.2,-0.1,0.1,0.1,0.1,0.1,0.1,0.1,0.1,0.2,0.1,-1.3,0.1,0.1,0,0,0.1,0.1,0.1,0.1,0.1,-3.7,0.1,0.1,0.1,0.1,0.1,0.1,0.1,0.1,0.1,-3.84,0.1,0.1,0.1,0.1,0,0.1,0.1,0.1,0.1,-3.7,0.1,0.1,0.1,0.1,0.1,0.1,0.1,0.1,0.1,-2.95,0.1,0.1,0.1,0.1,0.1,0.1,0.1,0.1,0.1,-0.6,0.1,0.1,0.1,0.2,0.1,0.1,0.1,0.1,0.1,-0.1,0.1,0,0.1,0.1,0.2,0.1,0.1,0.1,0.1,0,0.1,0.1,0.1,0.1,0.1,0,0,0
0.000125,0.1,0.1,0.1,0.2,0.1,0.1,0.1,0.1,0.1,0.1,0.1,-0.2,0.1,0.1,0.1,0.1,0.1,0.2,0.1,0.1,0.1,-1.2,0.1,0.1,0.1,0.1,0.1,0.1,0.1,0.1,0.1,-3.7,0.1,0.1,0.1,0.2,0.1,0.1,0.1,0.1,0.1,-3.9,0,0,0.1,0.1,0.1,0.1,0.1,0.1,0.1,-3.74,0.1,0.1,0.1,0.1,0.1,0.1,0.1,0.1,0.1,-3,0.1,0.1,0.1,0.1,0.1,0.1,0.1,0,0.1,-0.6,0.1,0.1,0.1,0.1,0.1,0.1,0.1,0.1,0.1,-0.1,0.1,0.2,0.2,0.1,0.1,0.1,0.1,0.1,0.1,0,0.1,0.1,0.1,0.1,0.1,0.1,0,0
0.000125,0.1,0.1,0.1,0.1,0,0.1,0.1,0.1,0.1,0.1,0.1,-0.2,0.1,0.1,0.1,0.1,0.1,0.1,0.1,0.1,0.1,-1.2,0.1,0.1,0.2,0.1,0.1,0.1,0.1,0.1,0.1,-3.65,0.1,0.1,0.1,0.1,0,0.2,0.1,0.1,0.1,-3.84,0.1,0.1,0.1,0.1,0.1,0.1,0.1,0.1,0.2,-3.78,0.1,0.1,0.1,0.1,0.2,0.1,0.1,0.1,0.1,-2.92,0.1,0.1,0.1,0.1,0.1,0.1,0.1,0.1,0.1,-0.6,0.1,0.2,0.1,0.1,0.1,0.1,0.1,0.1,0.1,-0.1,0.2,0.1,0,0.1,0.1,0.1,0.1,0.1,0.1,-0.1,0.1,0.1,0.1,0.1,0.1,0.1,0,0
0.000125,0.1,0.1,0.1,0.1,0.1,0.1,0.1,0.1,0.1,0.1,0.1,-0.2,0.1,0.1,0.1,0.1,0.1,0.1,0.1,0.1,0.1,-1.2,0.2,0.1,0.1,0.1,0.1,0.1,0.1,0.1,0.1,-3.75,0.1,0.1,0.1,0.1,0.1,0.1,0.1,0.1,0,-3.84,0.1,0.1,0.1,0.1,0.1,0.1,0.1,0.1,0.1,-3.7,0.1,0.1,0.1,0,0.1,0.1,0.1,0.1,0.1,-2.83,0.1,0.1,0.1,0.1,0.1,0.1,0.1,0.1,0.1,-0.6,0.1,0.1,0.1,0.1,0.1,0.1,0,0.1,0.1,-0.2,0.1,0.1,0.1,0.1,0.1,0.1,0.1,0.1,0.1,0,0.1,0.1,0.1,0.1,0.1,0.1,0.1,0
0.000126,0,0.1,0.1,0.1,0.1,0,0.2,0.1,0.1,0.2,0.1,-0.1,0.1,0.1,0.1,0.1,0.1,0.1,0.1,0.1,0.1,-1.3,0.1,0.1,0.1,0.1,0.1,0.1,0.1,0.1,0.1,-3.75,0.1,0.1,0.1,0.1,0.1,0.1,0.1,0.1,0.1,-3.84,0.1,0.1,0.1,0,0.1,0.1,0.1,0.1,0.1,-3.7,0.1,0.1,0.1,0.2,0.1,0.1,0.1,0.1,0.1,-2.85,0.1,0.1,0.1,0,0,0.1,0,0.1,0.1,-0.6,0.1,0.1,0.1,0.1,0.1,0.1,0.1,0,0.1,-0.1,0,0.1,0.1,0.2,0.1,0.1,0.1,0.1,0.1,0,0.1,0.1,0.1,0.1,0.1,0.1,0,-0.1
0.000126,0,0.1,0.1,0.1,0.1,0.1,0.1,0.1,0.1,0.1,0.1,-0.2,0.1,0.1,0.1,0.1,0.1,0.1,0.1,0.1,0.1,-1.2,0.1,0.1,0.1,0.1,0.1,0.1,0.1,0.1,0.1,-3.75,0.1,0.1,0.1,0.1,0,0.1,0.1,0.1,0.1,-3.84,0.1,0,0.1,0.1,0.1,0.1,0.1,0.1,0.1,-3.7,0.1,0.1,0.1,0.1,0.1,0,0,0,0.1,-2.86,0.1,0.1,0.1,0.1,0.1,0.1,0.1,0.1,0.1,-0.6,0.1,0.2,0.1,0.1,0.1,0.1,0.1,0.1,0.1,-0.1,0.1,0.1,0.1,0.1,0.1,0.1,0.1,0.1,0.1,-0.1,0.1,0.1,0.1,0.1,0.1,0.1,0,0.1
0.000126,0,0.1,0.1,0.1,0.1,-0.1,0.1,0.1,0.1,0.1,0.1,-0.2,0.1,0.1,0.1,0,0,0.1,0.1,0.1,0.1,-1.2,0.1,0.1,0.2,0.1,0.1,0.1,0.1,0.1,0,-3.65,0.1,0.1,0.1,0.1,0.1,0.2,0.1,0.1,0.1,-3.84,0.1,0.1,0.1,0.1,0.1,0.1,0.1,0.1,0.1,-3.7,0.1,0.1,0.1,0.1,0.1,0.1,0.1,0.1,0.1,-2.82,0.1,0.1,0.2,0.1,0.1,0.1,0.1,0.1,0.1,-0.6,0.2,0.1,0.1,0.1,0.1,0.1,0.1,0.1,0.1,-0.1,0.1,0.1,0.1,0.1,0.1,0.1,0.1,0.1,0.1,0.1,0.1,0.1,0.1,0.1,0.1,0.2,-0.1,0.1
0.000126,-0.1,0.1,0,0,0,0,0.1,0.1,0.1,0.1,0.1,-0.2,0.1,0.1,0.1,0.1,0.1,0.1,0.1,0.1,0,-1.3,0.1,0.1,0.1,0.1,0.1,0.1,0.1,0.1,0.1,-3.74,0.1,0.1,0.1,0.1,0.1,0.1,0.1,0.1,0.1,-3.84,0.1,0.1,0,0.1,0.1,0.1,0.1,0.1,0.1,-3.74,0,0.1,0.1,0.1,0.1,0.1,0.1,0.1,0.1,-2.82,0.1,0.1,0,0.1,0.1,0.1,0.2,0.1,0.1,-0.6,0.1,0.1,0.1,0.1,0.2,0.1,0.1,0,0.1,0,0.1,0,0,0.2,0.3,0.1,0.1,0.1,0.1,0,0.1,0.1,0.1,0.1,0.1,0.1,-0.1,0
0.000126,-0.1,0.1,0.1,0,0.1,0.1,0.1,0.1,0.1,0.1,0.1,-0.2,0,0.1,0.1,0.1,0.1,0,0.1,0,0.2,-1.2,0.1,0.1,0.1,0.1,0.1,0.1,0.1,0.1,0.1,-3.74,0.1,0,0.1,0.1,0.1,0.1,0.1,0.1,0.1,-3.78,0.1,0.1,0.1,0.1,0.1,0,0.1,0.1,0.1,-3.78,0.1,0.1,0.1,0.1,0.1,0.1,0.1,0.1,0.1,-2.8,0.1,0.1,0.1,0.1,0.1,0.1,0.1,0.1,0.1,-0.6,0.1,0,0.1,0.2,0,0.1,0.1,0.1,0.1,-0.1,0,0.1,0,0.1,0.1,0.1,0.1,0.2,0.1,0.1,0.1,0.1,0.2,0.1,0.1,0.1,-0.1,0
0.000127,-0.1,0.1,0.1,0.1,-0.1,0.1,0.1,0.1,0.1,0.1,0.1,-0.2,0.2,0.1,0.1,0,0.1,0.1,0.1,0.1,0.1,-1.2,0.1,0.1,0.1,0,0.2,0.1,0.1,0.1,0.1,-3.7,0.1,0.1,0.1,0.1,0.1,0.1,0,0.2,0.1,-3.74,0.1,0,0.1,0.1,0.1,0.1,0.1,0.1,0,-3.7,0.1,0.1,0.1,0.2,0.1,0.1,0.1,0.1,0.1,-2.85,0.1,0.1,0.1,0.1,0,0.1,0.1,0.2,0.1,-0.6,0.1,0.1,0,0.1,0.1,0.1,0.1,0,0.1,-0.1,0.2,0.1,0,0.1,0.1,0.1,0.1,0.1,0.1,-0.1,0.1,0.1,0.1,0.1,0.1,0.1,0,0.1
0.000127,0,0.1,0.1,0.1,0.1,0.2,0.1,0.1,0.1,0.1,0.1,-0.2,0.1,0,0.1,0,0.2,0,0.1,0.1,0.1,-1.2,0.1,0.1,0.1,0.1,0.1,0.1,0.1,0.1,0.2,-3.7,0.1,0.1,0.1,0,0.1,0.1,0.1,0.1,0.1,-3.84,0.1,0.2,0.1,0.1,0.1,0.1,0.1,0.1,0.1,-3.74,0.1,0.1,0.1,0.1,0.1,0.1,0.1,0.1,0.1,-2.83,0.1,0.1,0.1,0.1,0.1,0.1,0.1,0.1,0.1,-0.6,0.1,0,0.2,0.1,0.1,0.1,0.1,0.1,0.1,-0.1,0.1,0.2,0.1,0.1,0.1,0.1,0.1,0.1,0.1,-0.1,0.1,0.1,0.1,0.1,0.1,0.1,0,0.1
0.000127,0.1,0.1,0.1,0.1,0.2,0.1,0,0.1,0.1,0.1,0.1,-0.2,0.1,0.1,0,0.1,0.1,0.1,0.1,0.1,0.1,-1.2,0.1,0.1,0.1,0.1,0.2,0.1,0.1,0.1,0.1,-3.65,0,0.1,0.1,0.1,0.1,0.1,0.1,0.2,0.1,-3.8,0.1,0.2,0.1,0.1,0.1,0.1,0.1,0.1,0.1,-3.74,0.1,0.2,0.1,0.1,0.1,0.1,0.1,0.1,0.1,-2.82,0,0.1,0.1,0.1,0.1,0,0,0.1,0.1,-0.6,0.1,0,0.1,0.1,0.1,0.1,0.1,0.1,0.1,-0.2,0.1,0.1,0.1,0.1,0.1,0.1,0,0.2,0.1,0,0.1,0.1,0.1,0.1,0.1,0.1,0,0
0.000127,0.1,0.1,0.1,0.1,0,0.1,0.1,0.2,0.1,0.1,0.1,-0.2,0.1,0.1,0.1,0.1,0.1,0.1,0.1,0,0.1,-1.2,0.1,0.1,0.1,0.1,0,0.1,0.1,0.1,0.1,-3.7,0.1,0,0.1,0.1,0.1,0.1,0.1,0.1,0.1,-3.88,0.1,0.1,0,0.1,0.1,0.1,0.1,0.1,0.1,-3.78,0.1,0,0.1,0.1,0.1,0.1,0.1,0.1,0.1,-2.8,0.1,0.1,0.1,0.1,0.1,0.1,0.1,0.1,0.1,-0.6,0.1,0.1,0.1,0.1,0.1,0.1,0.1,0.1,0.1,-0.2,0.1,0.1,0.2,0.1,0.1,0,0,0,0.1,0,0.1,0.1,0.1,0.1,0.1,0.1,0.1,-0.1
0.000127,0,0,0.1,0.1,0.1,0.2,0.1,0.1,0.1,0.1,0.1,-0.3,0.1,0.1,0.1,0.1,0,0.1,0.1,0.1,0.1,-1.2,0.1,0.1,0.1,0.1,0.1,0.1,0.1,0.1,0.1,-3.65,0.1,0.2,0.1,0.1,0.1,0.1,0.1,0.1,0.1,-3.84,0.1,0.1,0.1,0.1,0,0.1,0.2,0.1,0.2,-3.7,0.1,0.1,0.1,0.1,0.1,0.1,0.1,0.1,0.1,-2.85,0.1,0.1,0.1,0.1,0.1,0.1,0,0.1,0.1,-0.6,0.1,0.1,0.1,0.1,0.1,0.1,0.1,0.1,0.1,-0.2,0.1,0.1,0.1,0.1,0.1,0.1,0.1,0,0.1,0.1,0.2,0.1,0.1,0.1,0.3,0.1,0.1,0.1
0.000128,0.1,0.1,0.1,0.1,0.1,0.1,0.1,0.1,0.1,0.1,0.1,-0.2,0.1,0.1,0.1,0.1,0.1,0.1,0.1,0.2,0.1,-1.1,0,0.1,0.1,0.1,0.2,0.1,0.1,0.1,0.1,-3.7,0.1,0.1,0.2,0.1,0.2,0.1,0.2,0.2,0.1,-3.84,0.1,0.1,0.1,0,0.1,0,0.1,0.1,0.1,-3.7,0.1,0.1,0.1,0,0,0.1,0,0.1,0.1,-2.86,0.1,0.1,0.1,0.1,0.2,0.1,0.1,0,0.1,-0.6,0.2,0.1,0.1,0.1,0.1,0.1,0.1,0.1,0.1,-0.1,0.1,0.1,0.1,0.1,0.1,0.1,0.1,0.1,0.1,0.1,0.1,0.1,0.1,0.1,0.1,0,0.1,0
0.000128,0.1,0.1,0.1,0.1,0.1,0.1,0.1,0.1,0.1,0.1,0.1,-0.2,0.1,0.1,0.1,0.1,0.1,0,0.1,0,0,-1.1,0.1,0,0.1,0.1,0.2,0.1,0,0.1,0.1,-3.65,0.1,0.1,0.1,0.1,0.1,0.1,0.1,0.2,0.1,-3.8,0.1,0.1,0.1,0.1,0.1,0.1,0.1,0.1,0,-3.7,0.1,0.1,0.1,0.1,0.1,0.1,0.1,0.1,0.1,-2.86,0.1,0.1,0.1,0.1,0.1,0.1,0.1,0.1,0.1,-0.5,0.1,0.1,0.1,0.1,0.1,0.1,0.1,0.1,0.2,-0.1,0.1,0.1,0.1,0.1,0.1,0.1,0,0.1,0.1,0.1,0.1,0.1,0.1,0.1,0.1,0,0.1,-0.1
0.000128,0.1,0.1,0.2,0,0,0.1,0.1,0.1,0.1,0.1,0.1,-0.2,0,0.1,0.1,0.1,0.1,0.1,0,0.1,0.1,-1.1,0.1,0.1,0.2,0,0.1,0.1,0.1,0.2,0.1,-3.65,0.1,0.1,0.1,0.1,0.1,0.1,0.2,0.1,0.1,-3.84,0.1,0.1,0.1,0.1,0.2,0.1,0.1,0.1,0,-3.74,0,0.1,0.1,0.1,0.1,0.1,0.1,0.1,0.1,-2.82,0.1,0.1,0.1,0.1,0,0.1,0.1,0.1,0.1,-0.5,0,0.1,0.1,0.1,0.1,0.1,0.1,0.1,0,-0.1,0.1,0.1,0.1,0.1,0.1,0,0.1,0.1,0.1,0.1,0.1,0.1,0.1,0.1,0.1,0.1,0,0
0.000128,0,0.1,0.1,0.1,0.2,0.1,0.1,0.1,0.1,0.1,0.1,-0.1,0.1,0.1,0.1,0.1,0.1,0.1,0.1,0.2,0,-1.2,0.1,0.1,0.1,0.1,0.1,0.1,0.1,0.1,0.1,-3.65,0.1,0.1,0.1,0.1,0.1,0.1,0.1,0.1,0.2,-3.8,0,0,0.1,0.1,0.1,0.1,0.1,0.1,0.1,-3.7,0.1,0.1,0.1,0.1,0.1,0.1,0.1,0.1,0,-2.78,0.1,0.1,0,0.1,0.1,0.1,0.1,0.1,0.1,-0.5,0.1,0.1,0.1,0.1,0.1,0.1,0,0.1,0.1,-0.2,0.1,0.1,0.1,0.1,0,0.1,0.1,0.1,0.1,0,0.2,0.1,0.1,0.1,0,0.1,0,0
0.000128,0.1,0,0.1,0.1,0.1,0.1,0.1,0.1,0.1,0.1,0.1,-0.1,0.1,0.1,0.1,0.1,0.1,0.1,0,0.1,0.1,-1.3,0.2,0.1,0.1,0.1,0.1,0.1,0.1,0.1,0,-3.8,0.1,0.1,0.1,0.1,0.2,0.1,0.1,0.1,0.1,-3.88,0.2,0.1,0.1,0.1,0.1,0.1,0.1,0.1,0.1,-3.68,0.1,0.1,0.1,0.1,0.1,0.1,0.1,0.1,0.1,-2.69,0.1,0.2,0.1,0.1,0.2,0.1,0.1,0.1,0.1,-0.5,0.1,0.1,0.1,0.1,0.1,0.1,0.1,0.2,0.1,-0.2,0,0.1,0.1,0.1,0.1,0.1,0.1,0.1,0.1,0,0.1,0.1,0.1,0.1,0.1,0.1,0,0
0.000129,0,0.1,0.1,0.1,0.1,0.1,0,0.1,0,0.1,0.1,-0.1,0.1,0.1,0.1,0.1,0.1,0.1,0.1,0.1,0.1,-1.2,0.1,0.1,0.1,0.1,0,0.1,0,0.1,0.1,-3.7,0.1,0.1,0.1,0.1,0.1,0.1,0.1,0,0.1,-3.88,0.1,0.1,0.1,0.1,0.1,0.1,0.1,0.1,0.1,-3.74,0.1,0.1,0.1,0.1,0.1,0.1,0.1,0,0.1,-2.79,0.1,0.1,0.2,0.1,0.1,0.1,0.1,0.1,0.1,-0.5,0.1,0.1,0.1,0.1,0.1,0.1,0.1,0.1,0.1,-0.2,0.1,0.1,0.1,0.1,0,0.1,0.1,0.1,0.1,0,0.1,0.1,0.1,0.1,0.1,0.2,0,0
0.000129,0,0,0.1,0.1,0.1,0.1,0.1,0.1,0.1,0.1,0.1,-0.2,0.1,0.1,0.1,0.1,0.1,0.1,0.1,0.1,0.1,-1.2,0.1,0.2,0.1,0.1,0.1,0.1,0.1,0.2,0.1,-3.65,0.2,0.1,0.2,0.1,0.1,0.1,0.1,0.1,0.1,-3.84,0.1,0.2,0.1,0.1,0.1,0.1,0.1,0.2,0.1,-3.68,0,0.1,0.1,0.1,0.1,0.1,0.1,0.1,0,-2.75,0.1,0.1,0.1,0.1,0.2,0.1,0.1,0.2,0.1,-0.5,0,0.1,0.1,0.1,0.1,0.1,0.1,0.1,0.1,-0.2,0.1,0.1,0.1,0.2,0.1,0.1,0.1,0.1,0.2,0,0.1,0.1,0.1,0.1,0.1,0,0.1,0
0.000129,0,0.1,0.1,0,0.1,0.1,0.1,0.1,0.1,0.1,0.1,-0.2,0.1,0.1,0.1,0.1,0.1,0.1,0,0.1,0,-1.2,0.1,0.1,0.1,0.1,0.1,0.1,0.1,0.1,0.1,-3.7,0.1,0.1,0,0,0.1,0.1,0.1,0.1,0.1,-3.84,0.1,0.1,0.1,0.1,0.1,0.1,0.1,0.1,0.1,-3.64,0.1,0.1,0.1,0.2,0.1,0.1,0.1,0.1,0.1,-2.7,0.1,0,0.1,0.1,0.1,0.1,0.1,0.1,0.1,-0.5,0.1,0.1,0.1,0.1,0.1,0.1,0.1,0.1,0.1,-0.1,0.1,0,0.1,0.1,0.1,0.1,0.1,0.1,0.1,0,0,0.1,0.1,0.1,0,0.1,0.1,0
0.000129,0,0.1,0.1,0.1,0.1,0.1,0.1,0.1,0.1,0.2,0.1,-0.2,0.1,0.1,0.1,0.1,0.1,0.1,0.1,0.1,0.1,-1.2,0.1,0.1,0.2,0.1,0.1,0.1,0.1,0.1,0.1,-3.7,0.1,0.1,0.1,0.1,0.1,0.1,0.1,0.2,0.1,-3.9,0.1,0.1,0.1,0.1,0,0.1,0.1,0.1,0.1,-3.54,0,0.1,0.1,0.1,0.1,0.1,0.1,0,0.1,-2.7,0,0.1,0.1,0.2,0.1,0.2,0.1,0.1,0.1,-0.6,0.1,0.1,0.1,0.2,0.1,0.1,0.1,0,0.1,0,0.1,0.1,0.1,0.1,0.1,0,0.1,0.1,0.1,-0.1,0.1,0.1,0.1,0.1,0.1,0.1,0.1,0
0.000129,0,0.1,0.1,0.1,0.1,0.1,0.2,0.1,0.1,0.1,0.1,-0.2,0.1,0.1,0.1,0.1,0.1,0.1,0.1,0.1,0.1,-1.1,0.1,0.1,0.1,0.1,0,0.1,0.2,0.1,0.1,-3.7,0.1,0.1,0.1,0.1,0.1,0.1,0.1,0.1,0.1,-3.84,0.1,0.2,0.2,0.1,0.1,0.1,0.1,0.1,0,-3.5,0.1,0.1,0.1,0.2,0.1,0.1,0.1,0.1,0.2,-2.7,0.1,0.1,0,0.1,0.1,0.1,0.1,0.1,0.1,-0.6,0.1,0.1,0.1,0.1,0.1,0.1,0,0.1,0.1,-0.2,0.1,0.1,0.1,0.1,0.1,0.1,0.1,0.1,0.1,-0.1,0.1,0.1,0.1,0,0.1,0.1,0.2,0
0.00013,0,0.1,0.1,0.1,0.1,0.1,0.1,0.1,0.1,0.1,0.1,-0.2,0.1,0.1,0.1,0.1,0.1,0.1,0.1,0,0,-1.1,0,0.1,0.1,0,0.1,0.1,0.1,0.1,0.1,-3.7,0.1,0.2,0.1,0.1,0.1,0.1,0.1,0.1,0.1,-3.84,0.1,0.1,0.1,0.1,0.1,0.1,0.1,0.1,0.1,-3.6,0.1,0.1,0.1,0.1,0.1,0.1,0.1,0,0.1,-2.75,0.1,0.1,0.1,0.1,0.1,0.1,0.1,0.1,0.1,-0.6,0.1,0.1,0.1,0,0.1,0.1,0.1,0.1,0,-0.1,0.1,0.1,0.1,0.1,0.1,0.1,0.1,0.1,0.1,0,0,0.1,0.1,0.1,0.1,0,0.1,-0.1
0.00013,0.1,0.1,0,0.1,0.1,0.1,0,0.1,0.1,0.1,0.1,-0.2,0.1,0.1,0,0.2,0.1,0.1,0.1,0.1,0.1,-1.1,0.1,0.1,0.1,0.1,0.1,0.1,0.1,0.1,0,-3.7,0.1,0.1,0.1,-0.1,0.1,0.1,0.1,0.2,0.1,-3.84,0.1,0.1,0.1,0,0.1,0.1,0.1,0.1,0.1,-3.64,0.2,0.1,0.1,0.2,0.1,0.1,0.1,0.1,0.1,-2.7,0.1,0.1,0.1,0.1,0.1,0.1,0.1,0.1,0.2,-0.6,0,0.1,0.1,0.1,0.1,0.1,0,0.1,0.1,-0.1,0.1,0.1,0.1,0.1,0,0.1,0.2,0.1,0.1,0.1,0.1,0,0.1,0.1,0.1,0.1,0,0
0.00013,0.1,0.1,0,0,0.1,0.1,0.1,0,0.1,0.1,0.1,-0.2,0.1,0.1,0.1,0.1,0.1,0.1,0.1,0.1,0.1,-1.1,0,0.1,0.1,0.1,0.1,0.1,0,0.1,0.1,-3.65,0.1,0.1,0,0.1,0.1,0.1,0.1,0.1,0,-3.88,0.1,0.1,0,0.1,0.1,0,0.1,0,0.1,-3.74,-0.1,0.1,0.1,0.1,0.1,0.1,0.1,0.1,0.1,-2.75,0.1,0.1,0.1,0.1,0.1,0.1,0.1,0.1,0.2,-0.7,0.1,0.1,0.1,0.2,0.1,0.1,0.1,0.1,0.1,-0.1,0.1,0.1,0.1,0.1,0,0.1,0.1,0.1,0.1,0,0.1,0.1,0.2,0.1,0.1,0.1,0,0
0.00013,0,0.1,0,0.1,0.1,0.1,0.1,0.1,0.1,0.1,0.1,-0.2,0.2,0.1,0.1,0.1,0.2,0.1,0.1,0.1,0.1,-1.2,0.1,0.1,0.1,0.1,0.1,0.1,0.1,0.1,0,-3.61,0.1,0.1,0.1,0.1,0.1,0.1,0.1,0.1,0.1,-3.8,0.1,0.1,0.2,0.1,0.1,0.1,0.1,0.1,0.1,-3.7,0.1,0,0.1,0.1,0.1,0.1,0.1,0.1,0.1,-2.6,0.1,0.1,0.2,0.1,0.1,0.1,0.1,0.1,0.1,-0.6,0.1,0.1,0.2,0.1,0.1,0.1,0.1,0.1,0.1,-0.1,0.1,0.1,0,0.1,0,0.1,0.1,0.1,0.1,0,0.1,0.1,0.1,0.1,0.1,0.1,0,0.1
0.00013,0,0.1,0.1,0,0.1,0.1,0.1,0,0.1,0.1,0.1,-0.2,0.1,0.1,0.1,0.1,0.1,0.1,0,0.1,0.1,-1.1,0.1,0.1,0.1,0.1,0.1,0.1,0.1,0.1,0.1,-3.71,0,0.1,0.1,0.1,0.1,0.1,0.1,0.1,0.1,-3.74,0.1,0.1,0.1,0.1,0,0,0.1,0.1,0.1,-3.65,0.1,0.1,0,0.1,0.1,0.1,0.1,0,0.1,-2.75,0,0.1,0.1,0.1,0.1,0.1,0,0.1,0.1,-0.6,0.2,0.1,0.1,0.1,0,0.1,0.1,0.1,0.1,-0.1,0.1,0.1,0.1,0.1,0.1,0.1,0.1,0.1,0.1,0,0.1,0.1,0.1,0.1,0.1,0.1,-0.1,0
0.000131,0,0.1,0.1,0.1,0.1,0.1,0.2,0.1,0.1,0.1,0.1,-0.2,0.2,0.1,0.1,0.1,0.1,0,0.1,0.1,0.1,-1.1,0.1,0.1,0.1,0.2,0.1,0.1,0.1,0.1,0.1,-3.71,0,0.1,0.1,0.2,0.1,0.1,0.1,0.1,0.1,-3.74,0.1,0.1,0.2,0.1,0.1,0.1,0.1,0.1,0.1,-3.74,0.1,0.1,0.1,0.1,0.2,0.1,0.1,0.1,0.1,-2.65,0.1,0.1,0.1,0,0.1,0,0.1,0.1,0.1,-0.5,0.1,0.1,0.1,0.1,0.2,0.1,0.1,0.1,0.1,0,0.1,0.1,0.1,0.1,0,0.1,0.1,0.1,0.1,0.1,0.1,0.1,0.1,0.1,0.1,0.1,-0.1,0.1
0.000131,-0.1,0.1,0.1,0.1,0.1,0.1,0.1,0.1,0.1,0.1,0.1,-0.1,0.1,0.1,0.1,0.1,0.2,0,0.1,0.1,0.1,-1.1,0.1,0.1,0.1,0.1,0.1,0.1,0.1,0.1,0.2,-3.71,0.1,0.1,0.1,0.1,0.2,0.1,0.1,0.1,0.1,-3.74,0.1,0.1,0.1,0.2,0.2,0.1,0.1,0.1,0.1,-3.7,0.1,0.1,0.1,0.1,0.1,0.1,0.1,0.1,0.1,-2.7,0.1,0.1,0.2,0.1,0.1,0.1,0.1,0.1,0.1,-0.6,0.1,0.1,0.1,0.1,0.1,0.1,0.1,0.1,0.1,-0.1,0.1,0.1,0.1,0.2,0.1,0.1,0.1,0.1,0.1,0.1,0.2,0.1,0.1,0.1,0.1,0.1,0.1,0
0.000131,-0.1,0,0.1,0.1,0.1,0.1,0.1,0.1,0.1,0.1,0.1,-0.2,0.2,0.1,0.1,0.2,0.1,0.1,0.1,0.2,0.1,-1.2,0.1,0.1,0.1,0.1,0.1,0,0.2,0.1,0.1,-3.71,0.1,0.1,0.2,0.1,0.1,0.1,0.1,0.1,0,-3.74,0.1,0.1,0.1,0.2,0,0.1,0,0.1,0,-3.7,0.1,0.1,0,0.1,0,0.1,0,0.1,0.1,-2.66,0.1,0.1,0.1,0.1,0.1,0.1,0.1,0.1,0.1,-0.5,0.1,0.1,0.1,0.1,0.1,0.1,0.1,0.1,0.1,0,0.1,0.1,0.1,0.1,0.1,0.1,0.2,0.1,0.1,0.1,0.1,0,0.1,0.1,0.1,0.1,-0.1,0
0.000131,-0.1,0.1,0.1,0.1,0.2,-0.1,0.1,0.1,0.1,0,0.1,-0.2,0.1,0.1,0.1,0,0.1,0.1,0.1,0.1,0.1,-1.2,0.1,0.1,0,0.1,0.1,0.1,0.1,0.1,0.1,-3.65,0.1,0.1,0.1,0.1,0.1,0.1,0.1,0.1,0.1,-3.74,0.1,0.1,0.1,0.1,0.1,0.1,0.1,0.1,0.1,-3.74,0.1,0.1,0.1,0.1,0.2,0.1,0.1,0.1,0.1,-2.62,0.1,0.1,0.1,0.1,0.1,0.1,0.1,0.1,0.1,-0.5,0.1,0.1,0.1,0.1,0.1,0.2,0.1,0.1,0.1,-0.1,0.1,0.1,0.1,0.1,0.1,0.1,0.2,0.1,0.1,0,0.1,0.1,0.1,0.1,0.1,0.1,0,0
0.000131,0,0.1,0.1,0.1,0.1,0.1,0.1,0.1,0.1,0,0.1,-0.2,0.1,0.1,0.1,0.1,0.1,0.1,0.1,0.2,0.1,-1.1,0.1,0.1,0.1,0.1,0.1,0.1,0.1,0.1,0.2,-3.65,0.1,0.1,0.1,0.1,0.1,0.1,0.1,0.1,0.1,-3.78,0.1,0.1,0.1,0.1,0.1,0.1,0.2,0.1,0.2,-3.74,0,0.1,0.1,0,0.1,0.1,0.1,0.1,0.1,-2.57,0.1,0.1,0.1,0.1,0.1,0.1,0.1,0.1,0.1,-0.5,0.1,0.1,0.1,0.1,0.1,0.1,0.1,0.2,0.1,-0.1,0.1,0.1,0.1,0.1,0.1,0.1,0.1,0.1,0.1,0.1,0.1,0.1,0,0.1,0.1,0.1,0,0
0.000132,0,0.1,0.1,0.1,0.1,0.1,0.2,0.1,0.1,0.1,0.1,-0.1,0.1,0.1,0.1,0.1,0.1,0.1,0.1,0.1,0.1,-1.1,0.2,0.1,0.1,0.1,0.1,0.1,0.1,0.1,0.1,-3.7,0.1,0.1,0.1,0.1,0.2,0.1,0.1,0,0.1,-3.74,0.1,0.1,0.1,0.1,0.1,0.1,0.1,0.1,0.1,-3.74,0.1,0.1,0.1,0.1,0.1,0.1,0.1,0.1,0.1,-2.57,0.1,0.1,0.1,0.1,0.1,0,0.1,0.1,0.1,-0.4,0.1,0.1,0.1,0.1,0,0.1,0.1,0.1,0.1,0,0.1,0.1,0.1,0.1,0.1,0.1,0,0.1,0.1,-0.1,0.1,0.1,0.1,0.1,0.1,0,0.1,0
0.000132,0,0,0.1,0.1,0.1,0,0.1,0.1,0.1,0.1,0.1,-0.1,0,0.2,0.1,0.1,0,0.1,0.1,0,0.1,-1.1,0.1,0.1,0.2,0.1,0.1,0.1,0.1,0.1,0.1,-3.7,0.1,0.1,0.1,0.1,0.1,0.1,0.1,0.1,0.1,-3.7,0,0,0.1,0.1,0.1,0,0.1,0.2,0.1,-3.7,0.1,0.1,0.1,0.1,0.1,0.1,0.1,0.1,0.1,-2.57,0.1,0.1,0.1,0.1,0.1,0.1,0.1,0.2,0.1,-0.6,0.1,0.1,0.1,0,0.1,0.1,0.1,0,0.1,-0.1,0.1,0.1,0.1,0.1,0.1,0.1,0.1,0.1,0.1,0.1,0.1,0.2,0.1,0.1,0.1,0.1,0,0
0.000132,0.1,0.1,0.1,0,0.1,0,0.1,0.1,0.1,0.1,0.1,-0.2,0.1,0.1,0.1,0,0.1,0.1,0.2,0.1,0.1,-1.1,0.1,0.1,0.1,0.1,0.1,0.1,0.1,0.2,0.1,-3.7,0.1,0.1,0.1,0.1,0.1,0.1,0.1,0.1,0.1,-3.74,0.1,0.1,0.1,0.1,0.2,0.1,0.1,0.1,0.1,-3.64,0,0.1,0,0.1,0.1,0.1,0.2,0,0.1,-2.53,0.1,0.1,0.1,0.1,0.1,0.1,0.1,0.1,0.1,-0.5,0.1,0.1,0.1,0,0.1,0.1,0.1,0.1,0.1,-0.1,0.1,0.1,0.1,0.1,0.1,0.1,0.1,0.1,0.1,0,0.1,0.1,0.1,0.1,0.1,0.1,0,0
0.000132,0.1,0.1,0.1,0.1,0.1,0.1,0.1,0.1,0.1,0.1,0.1,-0.2,0.1,0.1,0.1,0.1,0.1,0.1,0.1,0.1,0.1,-1.1,0.1,0.1,0.1,0.1,0.1,0.1,0.2,0.1,0.1,-3.65,0.1,0.1,0.1,0.2,0.1,0.1,0.1,0,0.1,-3.74,0.1,0.1,0.1,0.1,0.1,0.1,0.1,0.1,0.1,-3.7,0.1,0.1,0.1,0.1,0.1,0.1,0.1,0.1,0.1,-2.53,0.1,0.1,0.1,0,0.2,0.1,0.1,0.1,0.1,-0.5,0.1,0.1,0.1,0.1,0,0.1,0.1,0.1,0,-0.1,0.1,0.1,0.1,0.1,0.1,0.1,0.1,0.1,0.1,-0.1,0.2,0.1,0.1,0.1,0.1,0.1,0.1,0
0.000132,0.1,0.1,0.1,0.1,0.1,0.1,0,0.1,0.1,0.1,0.1,-0.2,0.1,0.1,0.1,0.1,0.1,0.1,0.1,0.1,0.1,-1.1,0.1,0,0.1,0.1,0.1,0.1,0.1,0.1,0.1,-3.65,0.1,0.1,0.1,0.1,0.1,0.1,0.1,0.1,0.1,-3.7,0.1,0.2,0.1,0.1,0.1,0.1,0.1,0.1,0.1,-3.7,0,0.1,0.1,0.1,0.1,0.1,0,0.1,0.2,-2.57,0.1,0,0.1,0.1,0.1,0.1,0.1,0.1,0.1,-0.6,0.1,0.1,0.1,0.1,0,0.1,0.1,0.1,0.1,-0.1,0.1,0,0.1,0.1,0.1,0.1,0.1,0.1,0.1,0,0.1,0.1,0.1,0.1,0.1,0.1,0,0
0.000133,0.1,0.1,0.1,0.1,0.1,0,0.1,0.1,0.1,0.1,0.1,-0.2,0.1,0.1,0.1,0.1,0.1,0.1,0.1,0.1,0.1,-1.1,0.1,0.1,0.1,0.1,0.1,0.1,0.1,0.1,0.1,-3.65,0.1,0.1,0,0.1,0.1,0.1,0.1,0.1,0.1,-3.74,0.1,0.1,0.1,0.2,0.1,0.1,0.1,0.1,0.1,-3.7,0.1,0.1,0.1,0.1,0.2,0.1,0.1,0.2,0.1,-2.57,0.1,0.1,0.1,0.1,0.1,0.1,0.1,0.1,0,-0.6,0.1,0.1,0.1,0.1,0.1,0.1,0.1,0.1,0.1,0,0.1,0,0.1,0.1,0.1,0.1,0.1,0.1,0.1,0,0.1,0.1,0.1,0.1,0.1,0.1,0.1,0.1
0.000133,0,0.1,0.1,0.1,0.1,0.1,0.1,0.1,0.1,0.1,0.1,-0.1,0.1,0.1,0.1,0.1,0.1,0.1,0.1,0.1,0.1,-1.1,0.1,0.1,0.1,0.1,0.1,0.1,0.1,0.1,0.1,-3.57,0.1,0.1,0.1,0.1,0.1,0.1,0.1,0.1,0.1,-3.74,0.1,0.1,0.1,0.1,0.1,0.2,0.1,0.1,0.1,-3.74,0.2,0.1,0.1,0.1,0.1,0.1,0.1,0.1,0.1,-2.57,0.1,0.1,0,0.1,0.1,0.1,0.1,0.1,0.1,-0.6,0.1,0.1,0.1,0.1,0.1,0.1,0,0.1,0,0,0.1,0.1,0.1,0,0.1,0.1,0.1,0.2,0.1,0,0.1,0.1,0.1,0.1,0.1,0.1,0.1,0.1
0.000133,0.1,0,0.1,0.1,0.1,0.1,0.1,0.1,0.1,0,0.1,-0.2,0.1,0.1,0.1,0.1,0.1,0.1,0.1,0.1,0.1,-1.1,0,0.1,0.1,0.1,0.1,0.1,0.1,0.1,0.1,-3.67,0.1,0.1,0.1,0.1,0.1,0,0.2,0.1,0.2,-3.8,0.1,0.1,0.1,0.1,0.1,0,0.1,0.2,0.1,-3.74,0.1,0.3,0.1,0.1,0.1,0.1,0.1,0.1,0.1,-2.52,0.1,0.1,0.1,0.1,0.1,0.1,0.1,0.1,0.2,-0.6,0.1,0.1,0.1,0.1,0.1,0.1,0.1,0.1,0.1,0,0.1,0.1,0.1,0.1,0.1,0.1,0.1,0.1,0.1,0,0.1,0.1,0.1,0.2,0.1,0.1,0,0
0.000133,0,0,0.1,0.1,0.1,0.1,0.1,0,0.1,0.1,0.2,-0.2,0.1,0.1,0.1,0.1,0.1,0.1,0.1,0.1,0.1,-1.1,0.1,0.1,0,0.1,0.1,0.1,0.1,0.1,0.1,-3.57,0.1,0.1,0.1,0,0.1,0.1,0.1,0,0.1,-3.74,0.1,0.1,0.1,0.1,0.1,0.1,0.1,0.1,0.1,-3.7,0.1,0.1,0.1,0.1,0.1,0.1,0.2,0.1,0.1,-2.62,0,0.1,0.1,0.1,0.1,0.1,0.1,0.1,0.1,-0.5,0.1,0,0.1,0.1,0.2,0.1,0.1,0.1,0.1,-0.1,0,0.1,0,0.1,0.1,0.1,0.1,0.1,0.1,0.1,0.1,0.1,0.1,0.1,0.1,0.1,0,0
0.000133,0,0.1,0.1,0.2,0.1,0.1,0.1,0.1,0.1,0.1,0.1,-0.1,0,0.1,0.1,0.1,0.1,0.1,0.1,0.1,0.1,-1,0.1,0.1,0.1,0.1,0.1,0.1,0.1,0.1,0.2,-3.67,0.1,0.1,0.1,0.1,0.1,0.1,0.1,0.1,0.1,-3.8,0.1,0.1,0.1,0.1,0.1,0.1,0,0.1,0.1,-3.7,0.1,0.2,0.1,0.1,0.1,0,0.1,0.1,0.1,-2.62,0.1,0.1,0.1,0.1,0.1,0.1,0.1,0.2,0.1,-0.5,0.1,0.1,0.1,0.1,0.1,0.1,0.1,0.1,0.1,-0.1,0.2,0.1,0.1,0.1,0.1,0.1,0.1,0,0.1,0,0.1,0.1,0.1,0.1,0.1,0.1,0,0.1
0.000134,0,0.1,0.1,0.1,0.1,0.1,0.1,0.1,0.1,0.1,0.1,-0.2,0.1,0.1,0.1,0.1,0.1,0.2,0.1,0.1,0.1,-1.2,0.1,0.1,0.1,0.1,0.1,0.1,0.1,0.1,0.1,-3.67,0.1,0.1,0.1,0.1,0.1,0.1,0.1,0.1,0.1,-3.8,0.1,0.1,0.1,0,0.1,0.1,0.1,0.1,0.1,-3.7,0.1,0.1,0,0.1,0.1,0.1,0.1,0.1,0.1,-2.57,0.1,0.1,0.1,0.2,0.1,0.1,0.1,0.1,0.1,-0.6,0.1,0.1,0.1,0.1,0.1,0.1,0,0.1,0.1,0,0,0.1,0.2,0.1,0.1,0.1,0.1,0.1,0.1,0.1,0.1,0.1,0.1,0.2,0.1,0.1,0,-0.1
0.000134,-0.1,0.1,0,0.1,0.1,0,0,0.1,0.1,0.1,0.1,-0.1,0.1,0.1,0.2,0.1,0.1,0.1,0.1,0.1,0,-1,0.1,0.1,0.2,0.1,0.1,0.1,0.1,0.1,0.1,-3.62,0,0.1,0.1,0.1,0.1,0.1,0.1,0,0.1,-3.84,0.1,0.1,0.1,0.1,0.1,0.1,0.1,0.1,0.1,-3.7,0.1,0.2,0.1,0.1,0.1,0.1,0.1,0.2,0,-2.53,0.1,0.1,0.1,0,0.1,0.1,0.1,0.1,0.1,-0.5,0,0.1,0.1,0.1,0.1,0.1,0.1,0,0.1,-0.1,0.1,0.1,0.1,0.1,0.1,0.1,0,0.1,0.1,0.1,0.1,0.1,0.1,0,0.1,0.1,0.1,-0.1
0.000134,-0.1,0.1,0.1,0.1,0.1,0.1,0.1,0.1,0.1,0.1,0.1,-0.2,0.1,0.1,0.1,0.2,0,0.1,0.1,0.1,0.1,-1.1,0.1,0.1,0.1,0.1,0,0.1,0,0.1,0,-3.67,0.1,0.1,0.1,0.1,0.1,0.1,0.1,0.1,0.2,-3.8,0.1,0.1,0.1,0.1,0.2,0.1,0,0.1,0.1,-3.74,0.1,0.1,0.1,0.1,0.1,0.1,0.1,0,0.2,-2.49,0.1,0.1,0.1,0.1,0.2,0.1,0.2,0.1,0.1,-0.5,0,0.1,0.1,0.2,0.1,0.1,0.1,0.1,0.1,-0.2,0.1,0.1,0.1,0.1,0.1,0.1,0.1,0.1,0.1,0.2,0.1,0.1,0.1,0.1,0.2,0.1,0.1,-0.1
0.000134,0,0.1,0.2,0.1,0.1,0.1,0.1,0.1,0.1,0,0.1,-0.1,0.1,0.1,0.2,0.1,0.1,0.2,0.1,0.1,0,-1.1,0.1,0.2,0.1,0.1,0.1,0.1,0.1,0.1,0.1,-3.61,0.1,0.1,0.1,0.1,0.1,0.1,0.1,0.1,0.1,-3.74,0.1,0,0.1,0.1,0.1,0.1,0.1,0,0.1,-3.74,0.1,0.1,0.1,0.2,0.1,0.1,0.1,0,0.2,-2.44,0.1,0.1,0.1,0.1,0.1,0.1,0.1,0.1,0.1,-0.6,0.1,0.1,0.1,0.1,0.1,0,0.1,0.1,0.1,-0.2,0.1,0.1,0.1,0.1,0.1,0.1,0.1,0,0.1,0,0.1,0.1,0.1,0.1,0.1,0.1,0,0
0.000134,0,0.1,0.1,0,0.1,0.1,0,0,0,0,0.1,-0.2,0.1,0.1,0,0.1,0.1,0.1,0.1,0.1,0.1,-1.1,0.1,0.1,0.1,0.1,0.1,0.1,0.1,0.1,0.1,-3.61,0.1,0.1,0.1,0.1,0.1,0.1,0.1,0.1,0.1,-3.84,0.1,0.1,0.1,0.1,0.1,0.1,0.1,0.1,0.1,-3.7,0.1,0.1,0.1,0.1,0.1,0.1,0.1,0.1,0.1,-2.49,0.1,0.1,0.1,0.2,0.1,0.2,0.1,0.1,0.1,-0.5,0.1,0,0.1,0.1,0.1,0.1,0.1,0.1,0.1,-0.1,0.1,0.1,0.1,0.1,-0.1,0,0.2,0.1,0.1,0,0.1,0.2,0.1,0.1,0.1,0.1,0,0
0.000135,0.1,0.1,0.2,0.1,0,0.1,0.1,0.1,0.1,0,0.1,-0.2,0.1,0.1,0.1,0.1,0.1,0.1,0.1,0,0.1,-1,0.1,0.1,0.1,0.1,0.1,0.1,0.1,0.1,0.1,-3.61,0.1,0,0.2,0.1,0.1,0.1,0.1,0.1,0.1,-3.74,0.1,0,0.1,0.1,0,0.1,0.1,0.1,0.1,-3.74,0.1,0.1,0.1,0.1,0.1,0.1,0.1,0.1,0.1,-2.4,0.1,0.1,0.1,0.1,0.1,0.1,0.1,0,0.1,-0.5,0.1,0,0.1,0,0.1,0.1,0.1,0,0.1,-0.1,0.1,0.1,0.1,0.1,0.1,0.1,0.1,0.1,0.1,-0.1,0.1,0.1,0.1,0.1,0.1,0.1,0,0
0.000135,0.1,0.1,0.1,0.1,0.1,0.1,0.1,0.1,0.1,0.1,0.1,-0.2,0.1,0,0.1,0.1,0.1,0.1,0.1,0.1,0.1,-1.1,0.1,0.1,0.1,0.1,0.1,0.1,0.2,0.1,0.1,-3.61,0.1,0.1,0.1,0.1,0.1,0.2,0.1,0.1,0.1,-3.78,0.1,0.1,0.1,0.1,0.1,0.1,0.1,0.1,0.1,-3.78,0.1,0,0.1,0.1,0.1,0.1,0.1,0.1,0,-2.44,0.1,0.1,0.1,0.2,0.1,0.1,0,0.1,0.1,-0.5,0.1,0.1,0,0.1,0.1,0.1,0.1,0.1,0.1,-0.2,0.1,0,0.1,0.1,0.1,0.1,0.1,0.1,0.1,0,0.2,0.1,0,0.1,0.1,0.1,0.1,0
0.000135,0,0.1,0.1,0.1,0.1,0.1,0.1,0.1,0.1,0.2,0.1,-0.2,0.1,0.1,0.1,0.1,0.1,0.1,0.1,0.1,0.1,-1.1,0.1,0.1,0.3,0.1,0.1,0.1,0.1,0.1,0.1,-3.65,0.1,0.1,0.1,0.1,0.1,0.1,0.1,0.1,0.1,-3.7,0,0.1,0.1,0.1,0.1,0.1,0.1,0.2,0.1,-3.74,0.1,0.1,0.1,0.1,0.1,0.1,0.1,0.1,0.1,-2.43,0.1,0.1,0.2,0,0.1,0,0.1,0.1,0.1,-0.5,0.1,0.2,0.1,0,0.1,0,0.1,0.1,0.1,-0.2,0.1,0.1,0.1,0.1,0.1,0.1,0.1,0.1,0.1,0,0.1,0.1,0.1,0.1,0.1,0.1,0.1,0
0.000135,0,0.1,0.1,0.1,0.1,0.1,0,0.1,0.1,0.1,0.1,-0.2,0.1,0,0.1,0.1,0.1,0.1,0.1,0,0.1,-1.1,0.1,0.1,0.1,0.1,0.1,0.1,0,0.1,0.1,-3.57,0.1,0.1,0,0.1,0.1,0.1,0.1,0.1,0.1,-3.8,0.1,0.1,0.1,0.1,0.1,0,0.1,0.1,0.1,-3.7,0.1,0.1,0.1,0.1,0.2,0.1,0.1,0.1,0.1,-2.47,0.1,0.1,0.1,0.1,0.1,0,0.1,0.1,0.1,-0.5,0.1,0.1,0.1,0.1,0.1,0.1,0.1,0.1,0.1,-0.1,0.1,0.1,0.1,0.1,0.2,0.1,0.2,0.1,0.1,-0.1,0.1,0.2,0.1,0.1,0.1,0.1,0.1,0
0.000135,0.1,0.1,0.1,0.1,0.1,0.1,0.1,0.1,0.1,0.1,0.1,-0.1,0,0.1,0.1,0.1,0.1,0.1,0.1,0.1,0.1,-1,0.1,0.1,0.1,0,0.1,0.1,0.1,0,0.1,-3.57,0.1,0.1,0.1,0.1,0.1,0.1,0.1,0.1,0.1,-3.88,0.1,0.1,0.1,0.1,0.1,0.1,0.1,0.1,0.1,-3.74,0.2,0.1,0.1,0.1,0.1,0.1,0.1,0.1,0.1,-2.37,0,0.1,0.1,0.1,0,0.1,0.1,0.1,0.1,-0.4,0.1,0.1,0.1,0.1,0.1,0.1,0.1,0.1,0.1,-0.1,0.1,0.1,0.1,0.1,0.1,0.1,0.1,0.2,0.1,-0.1,0.1,0.1,0.1,0.1,0.1,0.1,0.1,-0.1
0.000136,0.1,0.1,0.1,0.1,0.1,0.1,0.1,0,0.1,0.1,0.1,-0.1,0.1,0.1,0.1,0.1,0.1,0.1,0.1,0.1,0.1,-1,0.1,0.1,0.1,0.1,0.1,0.1,0.1,0.1,0.1,-3.52,0.1,0.1,0.1,0.1,0.1,0.1,0.1,0.1,0.1,-3.9,0.1,0.1,0.1,0.2,0.1,0.2,0.1,0.1,0.2,-3.64,0.1,0,0.1,0.1,0.1,0.1,0,0.1,0.1,-2.52,0.1,0.1,0.1,0.1,0.2,0.1,0.1,0.1,0.1,-0.5,0.1,0,0.1,0.1,0,0.1,0.1,0.1,0.1,-0.1,0,0.1,0.1,0.1,0.1,0.1,0.1,0,0.1,0,0.1,0.1,0.1,0.1,0.2,0.1,0,0
0.000136,0.1,0.1,0.1,0,0.2,0.1,0.1,0.1,0.1,0.1,0.2,-0.2,0.1,0.1,0.1,0.1,0.1,0.1,0.1,0.2,0.1,-1,0.1,0.1,0.1,0.1,0.1,0,0.1,0.1,0.1,-3.67,0.1,0.1,0.1,0.1,0.1,0.1,0.1,0.1,0.1,-3.9,0.1,0.1,0.1,0.1,0,0.1,0.1,0,0.1,-3.7,0.2,0.1,0.1,0.1,0.1,0.1,0.1,0.1,0.1,-2.47,0.1,0.1,0.1,0.1,0.1,0.1,0.1,0.1,0.1,-0.5,0.1,0.2,0.1,0.1,0.1,0.2,0,0.1,0.1,-0.1,0.1,0.1,0.1,0.1,0.1,0.1,0.1,0.1,0.1,0,0,0.1,0.2,0.1,0.1,0.1,0,0
0.000136,0,0.1,0.1,0.1,0.1,0.1,0.1,0.1,0,0.1,0.1,-0.2,0.1,0.1,0.1,0.2,0.1,0.1,0,0.1,0,-1.1,0.1,0.1,0.1,0.1,0.1,0.1,0.1,0.1,0.1,-3.52,0.1,0.1,0.2,0.2,0.1,0.1,0.1,0.1,0.1,-3.94,0.2,0.1,0,0.1,0,0.1,0.1,0.1,0.1,-3.7,0.1,0.1,0.1,0,0.1,0.1,0,0.1,0.1,-2.43,0.1,0.1,0.1,0.1,0.1,0.1,0.1,0.1,0.1,-0.5,0.1,0.1,0.1,0.1,0.1,0.1,0.1,0.1,0.1,0,0.1,0.1,0.1,0.1,0.1,0.1,0,0.1,0.2,0.1,0.1,0.1,0.1,0.1,0.1,0.1,0,0
0.000136,0,0.1,0.1,0.1,0,0.1,0.1,0.1,0.1,0.1,0.1,-0.2,0.1,0.1,0.1,0.1,0,0,0.1,0.1,0.1,-1,0.1,0.1,0.1,0.1,0.1,0.1,0.1,0.1,0.1,-3.57,0.1,0.1,0.1,0.1,0.1,0.1,0.1,0.1,0.1,-3.8,0.1,0.1,0.1,0.1,0.1,0.1,0.1,0,0.1,-3.7,0.1,0.1,0,0.1,0.1,0.1,0.1,0.1,0.1,-2.44,0.1,0.1,0.2,0.1,0.1,0.1,0,0.1,0.1,-0.5,0.1,0.1,0,0.1,0.1,0.1,0.1,0.1,0.1,0,0,0.1,0.1,0.1,0,0.1,0.1,0,0.1,0.1,0.1,0.1,0,0.1,0,0.1,-0.1,0
0.000136,0,0,0.1,0.1,0.1,0.1,0.1,0.1,0.1,0.1,0,-0.3,0.1,0.1,0.1,0.1,0.1,0.1,0.1,0.1,0.1,-1,0.1,0.1,0.1,0.1,0.1,0.1,0.1,0.1,0.1,-3.62,0.1,0.1,0.1,0,0.1,0.1,0,0.1,0.1,-3.84,0.1,0.1,0.1,0.1,0.1,0.1,0.1,0.1,0.1,-3.7,0.1,0.1,0.1,0.1,0.1,0.2,0.1,0.1,0.1,-2.4,0.1,0.1,0.1,0.1,0.2,0.1,0.1,0.1,0.1,-0.5,0.1,0.1,0.1,0.2,0,0.1,0.1,0.1,0.1,0.1,0.1,0.1,0.1,0.1,0.1,0.1,0.1,0.1,0.2,0.1,0.1,0.1,0.1,0.2,0.1,0,0,0
0.000137,0,0.1,0.1,0.2,0.2,0.1,0.1,0.2,0.1,0.1,0.1,-0.2,0,0.1,0.1,0.1,0.1,0.1,0.1,0.2,0.1,-1.1,0.1,0.1,0.1,0.1,0.1,0.1,0.1,0,0.1,-3.57,0.1,0.1,0.1,0.1,0.1,0.1,0.1,0.1,0.1,-3.74,0.1,0.2,0.1,0.1,0.1,0.2,0.1,0.1,0.1,-3.7,0.1,0.1,0.1,0.1,0.2,0.1,0.1,0.1,0.1,-2.36,0.1,0,0.1,0.1,0,0.1,0.1,0.1,0.1,-0.6,0.1,0.1,0.1,0.1,0.1,0.1,0.1,0.1,0.1,0,0.1,0.2,0.1,0.1,0.1,0.1,0.1,0.1,0.1,0.2,0,0.1,0.1,0.1,0.1,0.1,0.1,0
0.000137,0.1,0,0.1,0,0.1,0.1,0.1,0.1,0.1,0.1,0.1,-0.2,0.1,0.1,0.1,0,0.1,0.1,0.1,0.1,0.1,-1.1,0.1,0.1,0.2,0.1,0.1,0.2,0.1,0.1,0,-3.58,0.1,0.1,0.2,0.1,0,0.1,0.1,0.1,0.1,-3.74,0.1,0.1,0.1,0.1,0.1,0.1,0.1,0.1,0.1,-3.74,0.1,0.1,0.1,0.1,0.1,0.1,0.1,0.1,0.1,-2.31,0.2,0.1,0.1,0.1,0.1,0,0.1,0.1,0.1,-0.5,0.1,0.1,0.1,0.1,0.1,0.1,0.1,0.1,0.1,-0.1,0.1,0.2,0.1,0,0.1,0.1,0.1,0.1,0,0.1,0.1,0.1,0.1,0.1,0.1,0.1,0,0
0.000137,0.1,0.1,0,0.1,0,0.1,0.1,0.1,0.1,0.2,0.1,-0.1,0.1,0.1,0.1,0.1,0.1,0.1,0.1,0.1,0,-1,0.1,0.1,0.1,0.1,0.1,0.1,0.1,0,0.2,-3.52,0.1,0,0.1,0.1,0.1,0.1,0.1,0,0.1,-3.6,0.1,0.1,0.1,0.2,0.1,0.1,0.1,0.1,0.1,-3.74,0.1,0.1,0.1,0.1,0.1,0.2,0.1,0.1,0.1,-2.36,0.1,0.1,0.1,0.1,0.1,0.1,0.1,0.1,0.1,-0.5,0.1,0,0.2,0.1,0.1,0.1,0.1,0.1,0.1,-0.1,0.1,0.1,0.1,0.1,0.1,0.1,0.1,0.1,0.1,0.1,0,0.1,0,0.1,0.1,0,0,0
0.000137,0,0.1,0.1,0.1,0.1,0.1,0.1,0.1,0.1,0.1,0.1,-0.1,0.1,0.1,0.1,0.1,0.1,0.1,0.1,0.1,0.1,-1,0.1,0.1,0.1,0.1,0.1,0.1,0.1,0.1,0.1,-3.52,0.2,0,0.1,0.1,0.1,0.1,0.1,0.1,0.1,-3.74,0.1,0.1,0.1,0.1,0.1,0.2,0.2,0.1,0.1,-3.74,0.1,0.2,0.2,0.1,0.1,0.1,0.1,0.1,0.1,-2.31,0.1,0.1,0.1,0.1,0.1,0.2,0.1,0.1,0.1,-0.5,0.1,0.1,0,0.1,0.1,0.1,0.1,0.1,0.1,-0.1,0.1,0.2,0.1,0,0.1,0.1,0.1,0.1,0.1,0,0.1,0.1,0.1,0.1,0.1,0.1,0.1,-0.1
0.000137,0,0.1,0.1,0.1,0.1,0.1,0.1,0.1,0.1,0.1,0.1,-0.2,0,0.1,0.1,0.1,0.1,0.1,0.1,0.1,0.1,-1,0.1,0.1,0.2,0.1,0.1,0.1,0.1,0.1,0.2,-3.52,0.1,0.1,0.1,0.1,0.1,0.1,0.1,0.1,0.1,-3.74,0.1,0.1,0.1,0.1,0,0.1,0.1,0.1,0.1,-3.74,0,0.1,0.1,0.1,0.1,0.1,0,0.1,0.1,-2.31,0.1,0.2,0.1,0.1,0.1,0.1,0.1,0.1,0,-0.4,0.1,0.1,0.1,0.1,0.1,0.1,0.1,0.1,0.1,-0.1,0.1,0.1,0.1,0.1,0.1,0.1,0.1,0,0,0,0.1,0,0.1,0.1,0.1,0.2,0.1,-0.1
0.000138,0.1,0.1,0.1,0.1,0,0.1,0.1,0.2,0.1,0.1,0.1,-0.1,0.1,0.1,0.1,0.1,0.1,0.1,0.1,0.1,0.1,-1,0.1,0.1,0.2,0.1,0.1,0.1,0.1,0.1,0.1,-3.57,0.1,0,0.1,0.1,0.1,0.1,0,0.1,0.1,-3.74,0.1,0.1,0.1,0.1,0.1,0.1,0.1,0.1,0.1,-3.78,0.1,0.1,0.1,0.1,0.1,0.1,0.1,0.2,0.1,-2.36,0.1,0.2,0,0.1,0.1,0.1,0.1,0,0.1,-0.5,0.1,0.1,0.1,0.1,0.1,0.1,0.1,0.1,0.1,-0.1,0.1,0.1,0.2,0.1,0.1,0.2,0,0.1,0.2,0,0.1,0.1,0.1,0.1,0.1,0.1,0.1,0
0.000138,0.1,0.1,0.1,0,0.1,0.1,0.1,0.1,0.1,0.1,0.1,-0.1,0,0.1,0.1,0.1,0.1,0.1,0.1,0.1,0.1,-0.9,0.1,0.1,0.2,0.1,0,0,0.1,0.1,0.1,-3.57,0.1,0.1,0,0.1,0.1,0.1,0.2,0.1,0.1,-3.7,0.1,0.1,0.1,0.1,0.1,0.1,0.1,0.1,0.1,-3.65,0.1,0.1,0.1,0,0.1,0.1,0.1,0,0.1,-2.31,0.1,0.1,0.1,0.1,0.1,0.1,0.1,0.1,0.1,-0.5,0.1,0.1,0.1,0.1,0.1,0.1,0.1,0.1,0,-0.1,0,0.1,0.1,0.1,0.1,0.1,0.1,0.1,0.1,0,0.1,0.1,0.1,0.1,0.1,0,0.2,0
0.000138,0,0.2,0.1,0,0.1,0.1,0.1,0.1,0.1,0.1,0.1,-0.2,0.2,0.1,0,0.1,0.1,0.1,0.1,0.1,0.1,-0.9,0.1,0.1,0.1,0.1,0.1,0,0.1,0.1,0,-3.57,0.1,0,0.1,0.1,0.1,0,0.1,0.2,0.1,-3.8,0.1,0.2,0.1,0.1,0.1,0,0.1,0,0.1,-3.7,0.1,0.1,0.1,0.1,0.1,0.1,0.2,0.1,0.1,-2.31,0.1,0,0.1,0.1,0.1,0.1,0.1,0.1,0.1,-0.5,0.1,0,0.1,0.1,0.1,0.1,0.1,0,0.1,-0.1,0.1,0,0.1,0.1,0.1,0.1,0.1,0.1,0.1,-0.1,0.1,0.1,0.1,0.1,0.1,0.1,0.1,0
0.000138,0.1,0.1,0.1,0.1,0.1,0.1,0.1,0.1,0.1,0.1,0.1,-0.2,0.1,0.1,0.1,0.1,0.1,0.1,0.1,0.1,0.1,-1,0.1,0.1,0.1,0,0.1,0.1,0,0.1,0.1,-3.52,0.1,0.1,0.1,0.1,0.1,0.1,0.1,0.1,0.1,-3.7,0.1,0.1,0.1,0,0.1,0.1,0.1,0.1,0.1,-3.55,0.1,0.1,0.1,0.1,0.1,0,0.1,0.1,0.1,-2.36,0.1,0.1,0.1,0.1,0.1,0.1,0.1,0.2,0.1,-0.5,0.1,0.1,0.1,0.1,0.1,0.1,0.1,0.1,0.1,-0.2,0.1,0.1,0,0.1,0.1,0.1,0.1,0.1,0.2,0,0,0.1,0.1,0.1,0.1,0.1,0.1,0
0.000138,0,0.1,0.1,0.1,0.1,0.1,0.1,0.1,0.1,0.1,0.1,-0.1,0.1,0.1,0.1,0.1,0.1,0.2,0.1,0.1,0.1,-1,0.1,0,0.1,0.1,0.1,0.1,0.1,0.1,0.1,-3.52,0.2,0.2,0.1,0.1,0.1,0.1,0.1,0.1,0.1,-3.78,0.1,0.1,0.1,0.1,0.1,0,0.1,0.1,0.1,-3.7,0.1,0.1,0.2,0.1,0.1,0.1,0.1,0.1,0.1,-2.4,0.1,0.1,0,0.1,0.1,0.1,0.1,0.1,0.1,-0.5,0.1,0,0,0.1,0.1,0.1,0.1,0.1,0.1,-0.1,0.1,0.2,0.1,0.1,0.1,0.1,0,0.1,0.1,-0.1,0.1,0.1,0.1,0.1,0.1,0.1,0.1,0
0.000139,0,0.2,0.1,0.1,0.1,0.1,0.1,0.2,0.1,0.1,0.1,-0.2,0.1,0,0.1,0.1,0.1,0.1,0.1,0.1,0.1,-1,0,0.1,0.1,0.1,0.1,0.1,0.1,0.1,0.1,-3.52,0.1,0.1,0.1,0.1,0.1,0.1,0,0.1,0,-3.74,0.1,0.1,0.1,0.1,0.1,0.2,0.1,0.1,0.2,-3.7,0.1,0,0.2,0.1,0.1,0.1,0.1,0.1,0.1,-2.36,0.1,0.1,0,0.1,0,0.1,0.1,0.1,0.1,-0.5,0.1,0.1,0.1,0.1,0.1,0.1,0,0.1,0.1,-0.1,0.1,0.1,0.1,0.1,0.1,0.1,0.1,0.1,0.1,0,0.1,0.1,0.1,0.1,0.1,0.1,0,0.1
0.000139,0,0.1,0.1,0,0.1,0.1,0.1,0,0.1,0,0.1,-0.1,0,0.1,0.1,0.1,0.1,0.1,0.1,0.1,0.1,-1.1,0,0.2,0.1,0.1,0,0.1,0.1,0.2,0.1,-3.48,0.1,0.1,0.1,0,0.1,0.1,0.1,0.1,0.1,-3.74,0.1,0.1,0.1,0.1,0.1,0.1,0.1,0.1,0.1,-3.6,0.1,0.1,0.1,0.1,0.1,0.1,0,0.1,0,-2.36,0.2,0.1,0.1,0.2,0.1,0.2,0.1,0.2,0.1,-0.6,0.1,0.1,0.1,0,0.1,0,0.1,0.1,0.1,-0.1,0.1,0.1,0.1,0.1,0.1,0.1,0.1,0.1,0.1,-0.1,0.1,0.1,0.1,0.1,0.1,0,0.1,0
0.000139,0.1,0.1,0.1,0.1,0,0.1,0.2,0,0.1,0.1,0.1,-0.2,0.1,0.1,0.1,0,0.1,0.1,0.1,0,0.1,-0.9,0.1,0,0.1,0,0.1,0.1,0.1,0.2,0.1,-3.58,0.1,0.1,0.1,0.1,0.1,0.2,0.1,0.1,0.1,-3.74,0.1,0.1,0.2,0.1,0.1,0.1,0.1,0.1,0.2,-3.65,0.1,0.1,0.2,0.1,0.1,0.1,0.1,0.1,0,-2.36,0,0.1,0.1,0.1,0.1,0.1,0.1,0.1,0.1,-0.5,0.1,0.1,0.1,0.1,0.1,0,0.1,0.1,0.1,-0.1,0.1,-0.1,0.2,0.1,0.1,0.1,0.1,0.1,0.1,0,0.1,0.1,0.1,0.1,0.1,0.1,0,-0.1
0.000139,-0.1,0.1,0.1,0.1,0.1,0.1,0.1,0.1,0.1,0.1,0.1,-0.1,0.1,0.1,0.1,0.1,0.1,0.1,0.1,0.1,0.1,-1,0.1,0.1,0.1,0.1,0.1,0.1,0.1,0.1,0.1,-3.48,0,0.1,0.2,0.1,0.1,0.1,0.1,0.1,0.1,-3.7,0.1,0.1,0.1,0.2,0,0.1,0.1,0.1,0.1,-3.7,0,0.1,0.1,0.1,0.1,0.1,0.1,0.1,0.1,-2.31,0.1,0.1,0.1,0.1,0.1,0.1,0.1,0.1,0.1,-0.6,0.1,-0.1,0.1,0.1,0.1,0,0.1,0.1,0.1,-0.1,0.1,0.1,0.1,0.1,0.1,0.1,0,0.1,0.1,0.1,0.1,0.1,0.1,0.1,0.1,0.2,0,0
0.000139,0,0.1,0.1,0.1,0.1,0.2,0,0.1,0.1,0.1,0.1,-0.2,0,0.1,0.1,0.1,0.1,0.1,0.1,0.1,0.1,-1,0.1,0.1,0.1,0.1,0.1,0.1,0.1,0.1,0.1,-3.48,0.1,0.1,0.1,0.1,0.1,0.1,0.1,0.1,0.1,-3.7,0.1,0.1,0.1,0.1,0.1,0.1,0.1,0.1,0.1,-3.7,0.1,0.1,0.1,0.1,0.1,0.1,0,0.1,0.1,-2.27,0,0.1,0,0.1,0.1,0.1,0.1,0.1,0.1,-0.6,0.1,0.1,0.1,0,0,0.1,0.1,0.1,0.1,-0.1,0.1,0.1,0,0.1,0.1,0.1,0.1,0.1,0.1,0,0.1,0,0.1,0.1,0.1,0.1,0,0
0.00014,0,0.1,0.1,0.1,0.1,0.1,0.1,0.1,0.1,0.1,0.1,-0.1,0.1,0.1,0.1,0.1,0,0.1,0.1,0.1,0.1,-1,0.2,0.1,0.1,0,0.1,0.1,0.1,0.1,0.1,-3.52,0.1,0,0.1,0.1,0.1,0.1,0.2,0.1,0.1,-3.7,0,0,0.1,0.1,0.1,0.1,0.1,0.1,0.1,-3.7,0.1,0.2,0.1,0.1,0.1,0,0.1,0.1,0.1,-2.27,0.1,0.1,0,0.1,0.1,0.1,0.1,0.1,0.1,-0.6,0.1,0.1,0.1,0.1,0.1,0.2,0.1,0.1,0.1,-0.1,0.1,0.1,0.1,0.1,0.1,0.1,0.1,0.1,0.1,0.1,0.1,0.1,0.1,0.1,0.1,0.1,0,-0.1
0.00014,0,0.1,0.1,0.1,0.1,0,0.1,0.1,0.2,0.1,0.1,-0.1,0.1,0,0.1,0.2,0.1,0,0.1,0.1,0.1,-1,0.1,0.1,0.1,0.2,0,0.1,0.1,0.1,0.1,-3.48,0.1,0.1,0.1,0.1,0.1,0.1,0.1,0.1,0.1,-3.8,0,0.1,0.1,0.1,0.1,0.1,0.1,0.1,0.1,-3.7,0.1,0.1,0.1,0.1,0.1,0.1,0.1,0.1,0.1,-2.27,0.1,0.1,0.2,0.1,0.1,0.1,0,0.1,0.1,-0.6,0.1,0.1,0.1,0.1,0,0.1,0.1,0.1,0.1,0,0.1,0.2,0.1,0,0.1,0.2,0.1,0.1,0.1,0.1,0.1,0.2,0.1,0.1,0.1,0.1,0,0
0.00014,0,0.1,0.1,0,0.1,0.1,0.1,0.1,0.1,0,0.1,-0.1,0.1,0.1,0.1,0.1,0,0.1,0.1,0.1,0.1,-1,0.2,0,0.1,0.1,0,0.1,0.1,0.1,0.1,-3.48,0.1,0.1,0.1,0.1,0.1,0.1,0.1,0,0.1,-3.75,0.1,0.1,0,0.1,0.1,0.1,0.1,0.1,0.1,-3.7,0.1,0.1,0.1,0.1,0.1,0.1,0.1,0.1,0.1,-2.27,0,0.1,0.1,0.1,0.1,0.1,0.1,0.1,0.1,-0.5,0.1,0.1,0.1,0.1,0.1,0.1,0.1,0.1,0.1,-0.1,0.1,0,0,0.1,0,0.1,0.1,0.1,0.1,0.1,0.1,0.1,0.2,0.1,0.1,0.1,-0.1,0
0.00014,0,0.1,0.1,0.1,0.1,0,0.1,0.2,0.1,0,0.1,-0.2,0.1,0.1,0.1,0.1,0.1,0.1,0.1,0.1,0,-1,0.1,0.1,0.1,0,0.2,0.1,0.1,0.1,0.1,-3.48,0.1,0.2,0.1,0.1,0.1,0.1,0.1,0.1,0,-3.85,0.1,0.1,0.1,0.1,0.1,0.1,0.1,0.1,0.2,-3.78,0.1,0.1,0.1,0.1,0.1,0.1,0.1,0.1,0.1,-2.23,0.1,0.1,0.1,0.1,0.1,0.1,0.1,0.1,0.1,-0.5,0.1,0.1,0.1,0.1,0.1,0,0.1,0.1,0,-0.1,0.2,0.1,0.1,0.1,0.1,0.1,0.1,0.1,0.1,0,0.1,0.1,0.1,0.2,0.1,0.1,0,-0.1
0.00014,0,0.1,0.1,0.2,0.1,0.1,0.1,0.1,0.1,0.1,0.1,-0.2,0.1,0.1,0.2,0.1,0.1,0.1,0.1,0.1,0.1,-0.9,0,0.1,0.1,0.1,0.1,0.1,0.1,0.1,0.1,-3.52,0.1,0.1,0.1,0,0.1,0.1,0.1,0.1,0,-3.9,0,0.1,0,0.1,0.1,0,0.1,0,0,-3.74,0,0.1,0.1,0.1,0.1,0.1,0.1,0.1,0.1,-2.14,0.1,0.1,0.1,0,0.1,0,0.1,0.1,0.1,-0.5,0.1,0.1,0.1,0.1,0.1,0.1,0.1,0.1,0.1,-0.1,0.1,0.1,0.1,0.1,0.2,0.1,0.1,0.1,0.1,0,0.1,0,0.1,0.1,0.1,0.1,0.1,0
0.000141,0,0,0.1,0.1,0.1,0.1,0,0.1,0.1,0.1,0.1,-0.2,0.1,0.1,0.1,0.1,0.1,0.1,0.1,0,0.1,-1,0.1,0,0.1,0.1,0.1,0.1,0.1,0.1,0.1,-3.48,0.1,0.1,0.1,0.1,0.1,0.1,0.1,0.1,0.1,-3.94,0.1,0.1,0.1,0.1,0.1,0.1,0.1,0.1,0.1,-3.74,0,0.1,0.1,0.2,0.1,0.1,0.1,0.1,0.1,-2.18,0.1,0,0.1,0.1,0.1,0.1,0.1,0.1,0.1,-0.4,0.1,0.1,0.1,0.1,0.2,0,0.1,0.1,0.1,-0.1,0.2,0.1,0.1,0.1,0.1,0.1,0,0.1,0.1,-0.1,0.1,0.1,0.1,0.1,0,0.1,0,0
0.000141,0,0,0.1,0.1,0.1,0.1,0.1,0.1,0.1,0.1,0.1,-0.2,0.1,0.1,0.1,0.1,0.1,0.1,0.1,0,0.1,-1,0.1,0.1,0.1,0.1,0,0.1,0,0.1,0.1,-3.48,0.1,0.1,0.1,0,0.1,0.1,0.1,0.1,0.1,-3.94,0.1,0.1,0.1,0.1,0,0.1,0.1,0.1,0.1,-3.74,0.1,0.1,0.1,0.1,0.1,0.1,0.1,0.1,0,-2.23,0.1,0.1,0.1,0.1,0.1,0.1,0.1,0.1,0.1,-0.5,0.1,0.1,0.1,0.1,0.1,0.1,0.1,0.1,0.1,0,0.1,0.1,0.1,0.1,0,0.1,0.1,0,0.1,-0.1,0.1,0.1,0.1,0,0.2,0,0,0
0.000141,0.1,0.1,0.1,0.1,0.1,0.1,0.1,0.1,0.1,0.1,0.1,-0.2,0.1,0.1,0.1,0.1,0,0.1,0.1,0.1,0.1,-0.9,0.1,0.1,0.1,0.1,0,0.1,0.1,0.1,0,-3.44,0.1,0,0.1,0.1,0.1,0.1,0.1,0.1,0.1,-3.84,0.1,0.1,0.1,0,0.1,0.1,0.2,0.1,0.1,-3.74,0.1,0.1,0.1,0.1,0.1,0.1,0.1,0.1,0.1,-2.27,0.2,0.1,0.1,0.2,0.1,0.1,0.1,0.1,0.1,-0.4,0.1,0.1,0.1,0.1,0.1,0.1,0.1,0.1,0,-0.2,0,0.1,0.1,0.1,0.1,0.1,0.1,0.1,0.1,-0.1,0.1,0.1,0.1,0.1,0.1,0.1,0.1,0
0.000141,0.1,0.1,0.1,0.1,0.1,0.1,0.1,0.1,0,0.1,0.1,-0.1,0,0.1,0.1,0.2,0.1,0.1,0.2,0.1,0.1,-1.1,0,0.1,0.1,0,0.1,0.1,0.1,0.1,0.1,-3.45,0.1,0.1,0.1,0.1,0.1,0.1,0.1,0.1,0.1,-3.84,0.1,0.1,0.1,0.1,0.1,0.1,0.1,0.1,0.1,-3.7,0.1,0.1,0.1,0.1,0.1,0.1,0.1,0.1,0.1,-2.17,0.1,0.1,0.1,0.1,0.1,0.1,0.1,0.1,0.1,-0.4,0.1,0.1,0.1,0.1,0.1,0.1,0.1,0.1,0.1,-0.1,0.1,0.1,0.2,0.1,0.1,0.1,0.1,0.1,0,0,0.1,0.2,0.1,0.1,0.1,0.1,0,-0.1
0.000141,-0.1,0,0.1,0,0.1,0.1,0.1,0,0.1,0.1,0.1,-0.1,0.1,0.1,0.1,0.1,0.1,0.1,0.1,0.1,0.1,-0.9,0.1,0.1,0.1,0.1,0.1,0.1,0.1,0.1,0.1,-3.41,0.1,0.2,0.1,0.1,0.1,0.1,0.1,0.1,0.1,-3.78,0.1,0.1,0.1,0.1,0.1,0.1,0.1,0.1,0.1,-3.7,0.1,0.1,0.1,0.1,0.1,0.1,0.1,0.1,0.1,-2.27,0.1,0,0.1,0.1,0.1,0.1,0.1,0.1,0.1,-0.4,0.1,0,0.1,0.1,0.1,0.1,0.1,0.1,0,-0.1,0.1,0,0.1,0.1,0.1,0.1,0.1,0.1,0.1,0,0.1,0.1,0.1,0.1,0.1,0.1,0,-0.1
0.000142,0,0.1,0.1,0,0.1,0.1,0.1,0.1,0.1,0.1,0.1,-0.1,0.1,0.1,0.1,0.1,0.1,0.1,0.1,0,0.1,-1,0.1,0.1,0.1,0.1,0.1,0.1,0.1,0.1,0.1,-3.51,0.1,0.1,0.1,0.1,0.1,0.1,0.1,0.1,0.1,-3.7,0.1,0.2,0.1,0.1,0.1,0.1,0.1,0.1,0.1,-3.7,0.1,0.1,0.1,0.1,0.1,0.1,0.1,0.1,0.1,-2.27,0.1,0.1,0.1,0.1,0,0.1,0.1,0.1,0.1,-0.5,0.1,0,0,0.1,0.1,0.1,0.1,0.1,0.1,0,0.1,0.1,0.1,0.1,0.1,0.1,0.1,0.1,0.2,0,0.1,0.1,0.1,0.1,0.1,0.1,-0.1,0.1
0.000142,0,0,0.1,0.2,0.1,0.1,0.1,0,0.1,0.1,0.1,-0.1,0.2,0.1,0.1,0.1,0.1,0.1,0,0.1,0.1,-1,0.1,0.1,0.1,0.1,0,0.1,0.1,0.1,0.1,-3.36,0.1,0.1,0.2,0.1,0.1,0.1,0.1,0.1,0.1,-3.74,0.1,0.1,0.1,0.1,0.1,0.1,0.1,0.1,0.1,-3.6,0.1,0.1,0.1,0,0.1,0.2,0.1,0.1,0.1,-2.18,0.1,0.1,0.1,0.1,0.1,0.1,0.1,0.1,0.1,-0.6,0.1,0.1,0.1,0.1,0.1,0,0,0.1,0.1,0,0.1,0.1,0.1,0.1,0.1,0.1,0,0.1,0.1,0,0.1,0.1,0.1,0.1,0.1,0.1,0.1,0
0.000142,0,-0.1,0.1,0.1,0,0.1,0.1,0.1,0.1,0.1,0.1,-0.2,0.1,0.1,0.1,0.1,0.1,0.1,0.1,0.1,0.1,-1,0.1,0.1,0.2,0.1,0.1,0.1,0.1,0.1,0,-3.36,0.1,0.1,0.1,0.1,0.1,0.1,0.1,0.1,0.1,-3.7,0.1,0.1,0.1,0.1,0.1,0.1,0.1,0.1,0.1,-3.74,0.1,0.1,0.1,0.1,0.1,0.1,0.1,0.1,0.1,-2.2,0.1,0.1,0,0.1,0.1,0.1,0,0.1,0.1,-0.6,0.1,0.1,0.1,0.1,0.1,0.1,0.1,0,0.2,0,0.1,0.1,0.1,0,0.1,0.1,0.1,0.1,0.1,0.1,0.1,0.1,0.1,0,0.1,0.1,-0.1,0
0.000142,-0.1,0.1,0.2,0,0.1,0,0.1,0.1,0.1,0.1,0.1,-0.1,0.2,0.1,0.1,0.1,0.1,0.1,0.2,0.1,0.1,-1,0.1,0.1,0.1,0.1,0.1,0.1,0.1,0,0.1,-3.31,0.2,0.1,0.2,0,0.1,0,0.1,0.1,0.1,-3.8,0.1,0.1,0.1,0.1,0.1,0.1,0,0.1,0,-3.65,0.1,0.1,0.1,0.1,0.1,0.1,0.1,0.1,0.1,-2.11,0.1,0.1,0.1,0.1,0.1,0.1,0.1,0.1,0.1,-0.6,0.1,0.1,0.1,0.1,0,0.1,0.1,0.1,0.1,0.1,0.1,0.1,0.1,0.1,0.1,0,0.1,0.1,0.1,0,0.1,0.1,0.1,0.1,0.1,0.1,0,0
0.000142,0,0.1,0.1,0.2,0.1,0,0.1,0.1,0.1,0,0.1,-0.2,0,0,0.1,0.1,0.1,0,0.1,0.1,0.1,-1,0.1,0.1,0.1,0.1,0,0.1,0.1,0.1,0.1,-3.35,0.1,0.1,0.1,0.1,0.1,0,0.1,0.1,0.1,-3.8,0.1,0.1,0.2,0.1,0.1,0.1,0,0.1,0.1,-3.65,0.1,0.1,0.1,0.1,0.2,0.2,0.1,0.1,0.1,-2.21,0.1,0.2,0.1,0.1,0.1,0.1,0.1,0.1,0.1,-0.6,0.1,0.1,0.1,0.1,0.1,0.1,0.1,0.1,0.1,0,0.2,0.1,0.1,0.1,0.1,0.1,0.1,0.1,0.1,0,0.1,0,0.1,0.1,0.1,0.1,0,0
0.000143,0,0.1,0.1,0.1,0.1,0.2,0.1,0.1,0,0.1,0.1,-0.1,0.1,0.1,0.1,0.1,0,0.1,0.1,0.1,0.1,-0.9,0.1,0.1,0.1,0.1,0.1,0.1,0.1,0.1,0.1,-3.44,0.1,0.1,0.1,0.1,0.1,0.1,0.1,0.1,0.1,-3.75,0.1,0.1,0.1,0.1,0.1,0.1,0.1,0.1,0,-3.6,0.1,0.1,0.1,0.1,0.1,0.1,0.1,0.1,0.1,-2.11,0.1,0.1,0.1,0.1,0.1,0.1,0.1,0.1,0.1,-0.5,0.1,0.1,0.1,0.1,0.1,0.1,0,0.1,0.1,0,0.1,0.1,0.1,0,0.1,0.1,0.1,0.1,0.1,0,0.1,0.1,0.1,0.1,0.1,0.1,0,0
0.000143,-0.1,0.1,0.1,0.1,0.1,0.1,0,0.1,0,0.1,0.2,-0.1,0.1,0.1,0.1,0.1,0.1,0.1,0.1,0.1,0.1,-1,0.2,0.1,0.1,0.1,0.1,0.1,0.1,0.1,0.1,-3.48,0.1,0.1,0.1,0.1,0.2,0.1,0.1,0.1,0.1,-3.8,0.1,0.1,0.1,0.1,0.1,0.1,0.1,0.1,0.1,-3.74,0.1,0.1,0.2,0.1,0.1,0,0.1,0.1,0.1,-2.05,0,0.1,0.1,0.1,0.1,0.1,0.1,0.1,0.1,-0.5,0.1,0,0.2,0,0,0.1,0.1,0.1,0.2,-0.1,0.1,0.1,0.1,0.1,0.1,0.1,0,0.1,0.1,0,0.1,0.1,0.1,0.1,0.1,0.1,0,0
0.000143,0,0.1,0.1,0.1,0.1,0.1,0.1,0.1,0,0.1,0.2,-0.2,0,0.1,0.1,0.1,0.2,0.1,0.1,0.1,0.1,-1,0.1,0.1,0,0.1,0,0.1,0.1,0.1,0.1,-3.38,0.1,0.1,0.1,0.1,0.1,0.1,0.1,0,0.1,-3.8,0.1,0.1,0,0.1,0,0.1,0.1,0.1,0.1,-3.7,0.1,0.1,0.1,0.1,0.1,0.1,0.1,0.1,0.1,-2.14,0.1,0.1,0.1,0.1,0.1,0.1,0.1,0.1,0.1,-0.5,0.1,0.1,0.1,0.1,0.1,0.1,0.2,0.1,0.1,0,0.1,0,0.1,0.1,0.1,0.1,0.1,0.1,0.1,0.1,0.1,0.1,0,0.1,0.1,0.1,0.1,0
0.000143,0,0.1,0.1,0.1,0.1,0.1,0.1,0.1,0.1,0,0.1,-0.2,0.1,0.1,0.1,0.1,0.1,0,0,0.1,0.1,-0.9,0.1,0.1,0.1,0.1,0.1,0.1,0.1,0.2,0.1,-3.48,0.1,0.1,0.1,0.1,0.1,0.1,0.1,0.1,0.1,-3.84,0.1,0.1,0.1,0.1,0.1,0.1,0.1,0.1,0.1,-3.7,0.1,0.1,0.1,0.1,0.1,0.1,0.1,0.1,0.1,-2.17,0.2,0.1,0.1,0.1,0.1,0,0.1,0,0.1,-0.4,0.1,0.1,0.2,0.1,0.1,0.2,0.1,0.1,0.1,-0.1,0.1,0.1,0.1,0.1,0.1,0.1,0.1,0.1,0.1,0.1,0.1,0.1,0.1,0.1,0,0.1,0.1,0
0.000143,0,0.1,0.1,0.1,0.1,0.2,0,0.1,0,0.1,0.1,-0.2,0.1,0.1,0.1,0.1,0.1,0.1,0.1,0.1,0,-1,0.1,0,0,0,0.1,0.1,0.1,0.1,0.1,-3.48,0.1,0.1,0.1,0,0.1,0.1,0.1,0.1,0.1,-3.84,0.1,0.1,0.1,0.1,0.1,0.1,0.1,0.1,0.1,-3.7,0.1,0.1,0.2,0.1,0.1,0,0.1,0.1,0.1,-2.17,0.1,0.1,0.1,0,0.1,0.1,0.1,0.1,0.1,-0.4,0.1,0.1,0.1,0.1,0.1,0.1,0.1,0.1,0.1,0,0,0.1,0.1,0.1,0.1,0.1,0.1,0.1,0.1,0,0,0.1,0.2,0.1,0.1,0.1,0.1,0
0.000144,0.1,0.1,0.1,0.1,0.1,0.1,0.1,0.1,0.1,0.1,0.1,-0.2,0.1,0,0.1,0.1,0.1,0.1,0.1,0.1,0,-0.9,0.1,0.1,0.1,0.1,0.1,0.1,0.1,0.2,0.1,-3.44,0.1,0.1,0.1,0.1,0.1,0.1,0.1,0.1,0.1,-3.8,0,0,0.1,0.1,0.1,0.1,0.1,0.1,0.1,-3.7,0,0.1,0,0.1,0.1,0.1,0,0.1,0.1,-2.26,0.1,0.1,0.1,0.2,0,0.1,0.1,0.1,0.1,-0.4,0.1,0.1,0,0.1,0.1,0.1,0.1,0.1,0.1,-0.1,0.1,0.1,0.1,0.1,0.1,0.1,0.1,0.1,0.2,0.1,0.1,0.1,0.1,0,0.1,0.1,-0.1,0
0.000144,0.1,0.1,0.1,0.1,0.1,0.2,0,0.1,0.1,0.1,0.1,-0.2,0.1,0.1,0.1,0.2,0.1,0.1,0.1,0.1,0,-1,0.1,0,0.2,0.1,0.1,0.1,0.1,0.1,0.1,-3.31,0.2,0.1,0.2,0.1,0.2,0.1,0.1,0.1,0.1,-3.8,0.1,0,0.1,0.1,0.1,0.2,0.1,0.2,0.1,-3.65,0,0.1,0.1,0.1,0.1,0.1,0.1,0.1,0.1,-2.17,0.1,0.1,0.1,0.1,0.1,0.1,0.2,0.1,0.1,-0.5,0.1,0.1,0.1,0.1,0.1,0.2,0,0.1,0.1,-0.1,0.1,0.1,0.1,0.1,0.2,0.1,0,0.1,0.1,-0.1,0.1,0.1,0.2,0.1,0.1,0,0,0
0.000144,0.1,0.1,0.1,0.1,0.1,0.1,0.1,0.1,0.1,0.1,0.2,-0.2,0.1,0.1,0.1,0.1,0.1,0.1,0.1,0.1,0.1,-0.9,0.1,0.1,0.1,0.1,0.1,0.1,0.1,0.1,0.1,-3.26,0,0.1,0.1,0,0.1,0.1,0.1,0.1,0.1,-3.84,0.1,0.1,0.1,0.1,0.1,0.1,0.1,0.1,0.1,-3.74,0.1,0,0.1,0.1,0,0.1,0.1,0.1,0.1,-2.18,0.1,0,0.1,0.1,0.1,0.1,0.1,0.1,0.1,-0.5,0.1,0.1,0.1,0.1,0,0,0.1,0.1,0.1,-0.1,0.1,0.1,0.1,0,0.1,0.1,0.1,0.1,0.1,-0.1,0.1,0.1,0.1,0.1,0.1,0.1,0.1,0
0.000144,0.1,0.1,0.1,0.1,0.1,0,0.1,0,0.1,0.1,0.1,-0.1,0.2,0.1,0.1,0.1,0.1,0.1,0.1,0.1,0.1,-1,0.1,0.3,0.1,0.1,0,0.1,0.1,0.1,0,-3.36,0.1,0.1,0.1,0.1,0.1,0.1,0.1,0.1,0.1,-3.8,0.1,0.1,0.1,0.1,0,0.1,0.1,0.1,0.1,-3.7,0.1,0.1,0.2,0.1,0.1,0,0.1,0,0.1,-2.05,0.1,0.1,0.1,0.1,0,0.1,0.1,0.1,0.1,-0.5,0,0.1,0.1,0,0.1,0.1,0.1,0.1,0.1,-0.1,0.1,0.1,0.1,0.1,0.1,0.1,0.1,0.1,0.1,-0.1,0.1,0.1,0,0.1,0,0.1,0,-0.1
0.000144,0,0.2,0.1,0.1,0.1,0.1,0.1,0.1,0,0.1,0.1,-0.3,0.1,0.1,0,0.1,0.1,0.1,0.1,0.1,0.1,-0.9,0.1,0.1,0.1,0.1,0.1,0.1,0.1,0.1,0.1,-3.26,0.1,0.1,0.1,0.1,0.1,0.1,0.1,0.1,0.1,-3.8,0.1,0.1,0.1,0.1,0.1,0.1,0.1,0.1,0.1,-3.74,0.1,0,0.1,0.1,0.1,0.1,0.1,0.1,0.1,-2.1,0.1,0.1,0.1,0.1,0.1,0.1,0.1,0.1,0.1,-0.5,0.1,0.1,0.1,0.1,0.1,0.1,0.1,0.1,0.1,-0.1,0.1,0.1,0.1,0.1,0.1,0.1,0.1,0.1,0.1,0,0.1,0.1,0.1,0.1,0.1,0.1,0,0
0.000145,0,0.1,0.1,0.1,0.1,0.1,0.1,0.1,0.1,0.1,0.1,-0.2,0.1,0.1,0.1,0.1,0.1,0.1,0.1,0.1,0.1,-1.1,0,0.1,0.1,0.1,0.2,0.1,0,0.1,0.1,-3.36,0.1,0.1,0.1,0.1,0.1,0.1,0.1,0.1,0.1,-3.8,0.1,0.1,0.1,0.1,0.1,0.1,0.1,0.1,0.1,-3.7,0.1,0.1,0.1,0.1,0.1,0.1,0.1,0.1,0.1,-2.2,0.1,0.1,0.1,0.1,0.1,0.1,0.1,0.1,0.1,-0.5,0.1,0.1,0.1,0.1,0.1,0.1,0.1,0.1,0.1,0,0.1,0.1,0.2,0.1,0.1,0.1,0.1,0.1,0.1,0,0.1,0.1,0.1,0.1,0.1,0.1,0,0
0.000145,0,0.1,0.1,0.1,0.1,0.1,0.1,0.1,0.1,0.1,0,-0.3,0.1,0.1,0,0.1,0.1,0.2,0.1,0.1,0.1,-1,0.1,0.2,0.1,0.1,0.1,0.1,0.1,0.1,0.1,-3.22,0.2,0.1,0.1,0.1,0.1,0.1,0.1,0.1,0,-3.7,0.1,0.1,0.1,0.1,0.1,0.1,0.1,0.1,0.1,-3.7,0.1,0.1,0,0.1,0.1,0,0.1,0.1,0.1,-2.1,0.1,0.1,0,0.1,0.1,0.1,0.1,0.1,0.1,-0.5,0.1,0.1,0.1,0.1,0.1,0.1,0.1,0,0.1,0,0,0.1,0.1,0.1,0.1,0.1,0.1,0.1,0.1,0,0.1,0.1,0.1,0.1,0.1,0,0,0
0.000145,-0.1,0.1,0.1,0,0.1,0.1,0.1,0,0.1,0.1,0.1,-0.2,0.1,0.1,0.1,0,0.1,0.1,0.1,0,0.1,-0.9,0.1,0.1,0.1,-0.1,0.1,0.1,0.1,0.1,0.1,-3.31,0.1,0.1,0.2,0.1,0.1,0.1,0,0.1,0.1,-3.84,0.1,0.1,0.1,0.1,0.1,0,0.1,0.1,0,-3.64,0.1,0.1,0.1,0.1,0.1,0.1,0.1,0.1,0.1,-2,0.1,0.1,0.1,0.1,0.1,0.2,0.1,0.1,0.1,-0.4,0.1,0.1,0.1,0.1,0.1,0.1,0.1,0.1,0.1,0,0,0.1,0.1,0.1,0.1,0.1,0.1,0.1,0.1,0,0.1,0.1,0.1,0.1,0.1,0.2,0,0
0.000145,-0.1,0.1,0,0.1,0.1,0.1,0.1,0,0.1,0.1,0.1,-0.1,0.1,0.1,0.1,0.1,0.1,0.2,0.1,0.2,0.1,-1,0.1,0.2,0.1,0,0.1,0.1,0.1,0.1,0.1,-3.31,0.1,0.1,0.1,0.1,0,0.1,0.2,0.1,0,-3.8,0.1,0.1,0.1,0.1,0.1,0.1,0.1,0.1,0.1,-3.7,0.1,0.1,0.2,0.1,0.1,0.1,0.1,0.1,0.1,-2.1,0.1,0.1,0.1,0.1,0.1,0.1,0.1,0,0.1,-0.5,0.1,0.1,0.1,0.1,0.1,0.1,0.1,0.1,0.1,-0.1,0.1,0.1,0.1,0.1,0.1,0.1,0.1,0,0.1,0.1,0.1,0.1,0.1,0.1,0,0.1,0,0.1
0.000145,0,0.1,0.1,0.1,0.1,0.1,0.1,0,0.1,0.1,0.1,-0.2,0.1,0.1,0.1,0.1,0.1,0,0.1,0.1,0.1,-1,0.1,0.1,0.1,0.1,0.1,0.1,0,0.1,0.1,-3.31,0,0.1,0.1,0.1,0.1,0.1,0.1,0.1,0.1,-3.8,0.1,0.1,0.1,0.1,0.1,0.1,0.1,0.1,0.1,-3.7,0.1,0.1,0.2,0.1,0.1,0.1,0.1,0.1,0.1,-2.08,0.1,0.1,0.1,0.1,0.1,0.1,0.1,0.1,0.1,-0.5,0.1,0.1,0.1,0.1,0.1,0.1,0.1,0.1,0.1,-0.1,0.1,0.1,0.1,0.1,0.1,0.1,0.2,0.1,0.1,0,0.1,0.1,0.1,0.1,0,0.1,0.1,0
0.000146,0,0.1,0.1,0.1,0,0.1,0.1,0.1,0.1,0.1,0.1,-0.1,0.1,0.1,0.1,0.2,0.1,0.1,0.1,0.1,0.1,-1.1,0.1,0.1,0.1,0.1,0.1,0.1,0.1,0.1,0.1,-3.35,0.1,0.1,0.1,0.1,0.1,0.1,0.2,0,0.1,-3.75,0.1,0.1,0.1,0.1,0.1,0.1,0,0.1,0.1,-3.7,0.1,0.1,0.1,0.1,0.1,0.1,0.1,0.1,0.1,-2.17,0.1,0.1,0,0.1,0.1,0.1,0.1,0.1,0.1,-0.5,0.1,0.1,0.1,0.1,0.1,0.1,0.1,0.2,0.1,-0.2,0.1,0.1,0.1,0,0.1,0.1,0.1,0,0.1,0,0,0.1,0.1,0.1,0.1,0.1,0,0.1
0.000146,0.1,0.1,0.1,0.1,0.1,0.1,0.1,0,0.1,0.1,0.1,-0.1,0,0.1,0.1,0.1,0.1,0.1,0.1,0,0.1,-0.9,0.1,0.1,0.2,0.1,0.1,0.1,0.1,0.1,0.1,-3.31,0.1,0.1,0,0.1,0.1,0.1,0.1,0.1,0.1,-3.8,0.1,0,0.1,0.1,0.1,0.1,0,0.1,0.1,-3.65,0.1,0.1,0.1,0.1,0.1,0.1,0.1,0.1,0.1,-2.13,0.1,0.1,0.1,0.1,0.1,0.1,0.1,0.1,0.1,-0.5,0.2,0.1,0.1,0.1,0,0.1,0.1,0.1,0.1,-0.1,0.1,0.1,0.1,0.1,0.2,0.1,0.1,0,0.1,0,0.1,0.1,0.1,0.1,0.1,0.1,0.1,-0.1
0.000146,0.1,0.1,0.1,0,0.1,0.1,0.1,0.1,0.1,0.1,0.1,-0.1,0.1,0.1,0.1,0,0.1,0.1,0.1,0,0.2,-1.1,0.1,0.1,0.1,0.1,0.1,0.1,0.1,0,0.1,-3.26,0.1,0.1,0.1,0.1,0,0.1,0.1,0.1,0.1,-3.8,0.1,0.1,0.2,0.1,0,0.1,0.1,0,0.1,-3.7,0.1,0.1,0.1,0.1,0.1,0.1,0.2,0.2,0.1,-2.17,0.1,0.1,0.1,0.1,0.1,0.1,0.2,0.1,0.1,-0.5,0.2,0,0.1,0.1,0.1,0,0.1,0.1,0.1,-0.1,0,0.1,0.1,0,0.1,0.1,0.1,0.1,0.1,0,0.1,0.1,0.1,0.1,0.1,0.1,0,0
0.000146,0.1,0.1,0.1,0.1,0.1,0.1,0.1,0.1,0.1,0.1,0.2,-0.1,0.2,0.1,0.1,0.2,0.1,0.1,0.1,0.1,0.1,-1,0.1,0.1,0.1,0.1,0.1,0.1,0.1,0.1,0.1,-3.26,0.1,0.1,0.1,0.1,0.1,0.1,0.2,0.1,0,-3.84,0.1,0.1,0.1,0.1,0,0.1,0.1,0.1,0.1,-3.7,0.1,0,0.1,0.1,0,0.1,0.1,0.2,0.1,-2.08,0.1,0.1,0.1,0.1,0.1,0.1,0.1,0.1,0.1,-0.5,0.1,0.1,0.1,0.1,0,0.1,0,0.1,0.1,-0.1,0,0.1,0.1,0.1,0.1,0.1,0,0.1,0.1,0,0.2,0.1,0.1,0.1,0.1,0.1,0.1,0
0.000146,0.1,0.1,0.1,0.1,0.1,0.1,0.1,0.1,0.1,0.1,0.2,-0.2,0.1,0.1,0.1,0.1,0.1,0.1,0.1,0.1,0.1,-0.9,0.1,0.1,0.1,0.1,0.1,0.2,0.1,0,0.1,-3.22,0,0.1,0.1,0.1,0.1,0.1,0.1,0.2,0.1,-3.74,0.1,0.1,0.1,0.1,0.1,0,0.1,0.1,0.2,-3.6,0.1,0.1,0,0.1,0.1,0.1,0,0.1,0.1,-2.14,0.1,0.1,0.1,0,0.1,0.1,0.1,0.1,0.1,-0.4,0.1,0.1,0.1,0.1,0.1,0.1,0.1,0.1,0.2,-0.1,0,0.1,0.1,0.1,0.1,0.1,0.1,0.1,0.1,0,0.1,0,0.2,0,0,0.1,0,0
0.000147,0.1,0.1,0.1,0.1,0.1,0.1,0.1,0.1,0.1,0,0,-0.1,0.1,0.1,0.1,0.1,0.1,0.1,0.1,0.1,0.1,-1.1,0.1,0.1,0.1,0.2,0.2,0.1,0,0.1,0.1,-3.22,0.1,0.1,0.1,0.1,0.1,0.1,0.1,0.2,0.1,-3.7,0.1,0.1,0,0.1,0.1,0.1,0.1,0.1,0,-3.55,0.2,0.1,0.1,0.1,0.1,0.1,0.1,0.1,0.1,-2.05,0.1,0.1,0.1,0.1,0.1,0.1,0.1,0.1,0.1,-0.4,0.1,0.1,0.1,0.1,0.1,0.1,0.1,0.1,0.1,-0.1,0.1,0.1,0.1,0.1,0.1,0.1,0.1,0.1,0.1,0,0.1,0.1,0.1,0.1,0.1,0.1,0,0.1
0.000147,0,0.1,0.1,0.1,0.1,0.1,0,0.1,0.1,0.1,0.1,-0.1,0.2,0,0,0.1,0.1,0.1,0.2,0.1,0,-0.9,0.1,0.2,0.1,0.1,0.1,0.1,0.1,0.1,0.1,-3.28,0.1,0.2,0.2,0,0.1,0.1,0.1,0.1,0.1,-3.7,0.1,0.1,0.1,-0.1,0.1,0.1,0.1,0.1,0.1,-3.64,0.1,0.1,0.1,0.1,0.1,0.1,0.1,0.1,0.2,-2,0.1,0.1,0,0.1,0.1,0.1,0.1,0.1,0.1,-0.4,0.1,0,0.2,0.1,0.1,0.1,0.1,0.1,0.1,-0.1,0.1,0,0.1,0,0.1,0.2,0.2,0.1,0.1,0,0.1,0,0,0.1,0.1,0.1,0,0.1
0.000147,0.1,0.1,0.1,0.1,0.1,0.1,0.1,0.1,0.1,0.1,0,-0.1,0.1,0.1,0.1,0.1,0,0.1,0.1,0.1,0.1,-0.9,0.1,0.1,0,0,0.1,0.1,0.1,0.1,0.1,-3.13,0.1,0,0.1,0.1,0.1,0.1,0.1,0.1,0.1,-3.7,0,0.1,0.1,0.1,0.1,0.1,0.1,0.1,0.1,-3.65,0.1,0.1,0.1,0.1,0.1,0.1,0.1,0.1,0.1,-2.1,0.1,0.1,0.1,0.1,0.1,0.1,0.1,0.1,0.2,-0.5,0.1,0.1,0.1,0.1,0.1,0.1,0.1,0.1,0.1,-0.1,0.1,0,0,0.2,0.1,0,0.1,0.1,0.1,0,0.1,0,0.1,0,0.1,0.1,0,0.1
0.000147,0.1,0.1,0.1,0.1,0,0.1,0.1,0,0.2,0.1,0.1,-0.1,0.1,0,0.1,0.1,0.1,0.1,0.1,0,0.1,-1,0.1,0.1,0.1,0.1,0,0,0.1,0.1,0.1,-3.18,0.2,0.1,0.1,0.1,0.1,0.1,0.1,0.1,0.1,-3.75,0.1,0,0.1,0.1,0.1,0.1,0.1,0.1,0.1,-3.6,0.1,0.1,0.1,0.2,0.1,0.2,0.1,0,0.1,-2,0.1,0,0.2,0.1,0,0.1,0.1,0.1,0.1,-0.5,0.1,0.1,0.1,0.1,0.1,0.1,0.1,0.1,0.1,-0.1,0.1,0.1,0.1,0.1,0,0.1,0.1,0.1,0.1,0,0.1,0.1,0,0,0.1,0.1,0,0
0.000147,0,0.1,0.1,0.1,0.2,0.1,0.1,0.1,0.1,0.1,0,-0.1,0.1,0.1,0,0.1,0.2,0.1,0.1,0.1,0.1,-1,0.1,0.1,0.1,0.1,0,0.1,0.1,0.1,0.1,-3.13,0.1,0.1,0.1,0.1,0.1,0.1,0.1,0.1,0.1,-3.75,0,0.1,0.1,0,0.1,0.1,0.1,0.1,0.1,-3.7,0,0.1,0.1,0,0,0.1,0.1,0.1,0.1,-2,0,0,0.1,0.1,0,0.1,0.1,0.1,0.1,-0.5,0.1,0.1,0.1,0.1,0.1,0.1,0.1,0.1,0.1,-0.1,0.1,0.1,0.1,0.1,0.1,0.1,0.1,0.1,0.1,-0.1,0.1,0.1,0.1,0.1,0.1,0.1,-0.1,0
0.000148,0.1,0.1,0,0.1,0.1,0.1,0.1,0.1,0.1,0,0,-0.1,0.1,0,0.1,0.1,0,0.1,0.1,0.1,0.1,-1,0.1,0.2,0.1,0.1,0.1,0.1,0.1,0.1,0.1,-3.13,0.1,0.1,0.1,0,0.1,0.1,0.1,0.1,0.1,-3.8,0.1,0.1,0.1,0.1,0.1,0.1,0.1,0.1,0.1,-3.6,0,0.1,0.1,0.1,0.1,0.1,0.1,0.1,0.1,-2.1,0.1,0,0.1,0,0.1,0,0,0.2,0.2,-0.5,0.1,0.1,0.1,0.1,0.1,0.1,0.1,0.1,0.1,-0.1,0.1,0.1,0.1,0.1,0.1,0.1,0.1,0.1,0.1,-0.1,0.1,0,0.1,0.1,0.1,0.1,-0.1,0.1
0.000148,0,0.1,0.1,0.1,0.1,0.1,0.1,0.1,0.1,0,0.1,-0.1,0.1,0.1,0.1,0.1,0.1,0.1,0.1,0.1,0.1,-1,0.1,0.1,0.1,0.1,0.1,0.1,0,0.2,0.1,-3.13,0.1,0.1,0,0.1,0.1,0.1,0.1,0.1,0.1,-3.84,0.2,0.1,0.1,0.1,0,0.1,0.1,0.1,0.1,-3.6,0,0.2,0.2,0.1,0.1,0,0.1,0.1,0.1,-2.05,0.1,0.1,0.1,0.1,0.1,0,0.1,0.1,0.1,-0.5,0.2,0.1,0.1,0.1,0,0.1,0.1,0.1,0.2,0,0.1,0.1,0.1,0.1,0.1,0.1,0.1,0.1,0.1,-0.1,0,0.1,0.1,0.1,0.1,-0.1,0,0.1
0.000148,0,0.1,0.1,0.1,0.1,0.2,0.1,0.1,0.1,0.1,0.1,-0.2,0.1,0.1,0.1,0.1,0.1,0.1,0.1,0.1,0,-0.9,0,0.1,0.1,0.1,0.1,0.1,0.1,0.1,0.1,-3.18,0.1,0.1,0,0.1,0.1,0,0.1,0.2,0.1,-3.7,0.1,0.1,0.1,0.1,0.1,0.1,0.1,0,0.1,-3.55,0,0,0.1,0.1,0.1,0.1,0.1,0.1,0,-2.05,0.1,0.1,0.1,0.1,0,0.1,0.1,0.1,0.1,-0.5,0.1,0.1,0.1,0.1,0,0,0.1,0.1,0.1,0,0.1,0.1,0.1,0.1,0.1,0.1,0.1,0.1,0.1,0,0.1,0.1,0,0.1,0.1,0.1,-0.1,0.1
0.000148,0,0.1,0.1,0,0.2,0.1,0.1,0.1,0.1,0.1,0.1,-0.2,0.1,0.1,0.1,0.1,0.1,0.2,0.1,0.1,0.1,-0.9,0.1,0.1,0.1,0.1,0.1,0.1,0.1,0.1,0.1,-3.13,0.1,0.1,0.1,0.1,0,0.1,0.2,0.1,0.1,-3.7,0.1,0.1,0.1,0.1,0.1,0.1,0.1,0.1,0.1,-3.7,0.1,0.1,0.1,0.1,0.1,0.1,0,0.1,0.1,-2.05,0.1,0.1,0.1,0.1,0,0.1,0,0.1,0.1,-0.5,0.1,0.1,0.1,0.1,0.1,0.1,0.1,0.1,0.1,-0.1,0.1,0.1,0.1,0.1,0.1,0.1,0.1,0.1,0.1,-0.1,0.1,0.1,0.1,0.1,0.1,0.1,0,0.2
0.000148,0,0.1,0.1,0.1,0.1,0.1,0.1,0.1,0.1,0.1,0.1,-0.2,0,0.1,0.1,0.2,0.1,0.1,0,0.1,0.1,-0.9,0.1,0.1,0.1,0.1,0.1,0,0.1,0.1,0.1,-3.18,0.1,0.1,0.1,0.1,0.1,0.1,0.2,0.1,0.1,-3.7,0.1,0,0.1,0.1,0.1,0.1,0.1,0.1,0.1,-3.7,0,0.1,0.1,0.1,0,0.1,0.2,0.1,0.1,-2,0.1,0.1,0.1,0.1,0.1,0.1,0.1,0.1,0,-0.5,0,0.1,0,0.1,0.1,0.1,0.1,0.1,0.1,-0.1,0.1,0.1,0.1,0.1,0.1,0.1,0.1,0.1,0.1,-0.1,0.1,0.1,0.1,0.1,0.1,0.1,0.1,0.2
0.000149,0,0.1,0.1,0.1,0.1,0.1,0.1,0.1,0.1,0.1,0.1,-0.1,0.1,0.1,0.1,0.2,0.1,0,0.1,0.1,0.1,-1,0.1,0.1,0.1,0.1,0.1,0.1,0.1,0.1,0.1,-3.13,0.1,0.1,0,0.1,0.1,0.1,0.1,0.1,0.1,-3.65,0.1,0.1,0.1,0.1,0.2,0.1,0,0.1,0.1,-3.61,0,0.1,0.1,0.1,0.1,0.1,0.1,0.1,0.1,-2.1,0.1,0,0.1,0,0.1,0,0.2,0.1,0.1,-0.4,0,0.1,0.1,0.1,0.1,0.1,0.1,0.1,0.1,0,0.1,0.1,0,0.1,0.1,0.1,0.1,0,0.1,0,0.1,0.2,0.1,0.1,0.1,0.1,0,0.2
0.000149,0,0.1,0.1,0.1,0.1,0.1,0.1,0.1,0.1,0.1,0.1,-0.2,0,0.1,0.1,0.1,0.1,0.1,0.1,0.1,0.1,-0.9,0.1,0.1,0,0.1,0.1,0.1,0.1,0.1,0,-3.09,0.1,0.1,0.1,0.1,0.1,0.1,0.1,0.2,0.1,-3.7,0.1,0.1,0.1,0.1,0.1,0.1,0.1,0.2,0.1,-3.51,0.1,0.1,0.1,0.1,0.1,0,0.1,0.1,0.1,-2.05,0.1,0.1,0.1,0.1,0.1,0.1,0.1,0.1,0.1,-0.5,0,0.1,0,0.2,0.2,0.2,0.1,0.1,0.1,0,0.1,0.2,0,0.1,0.1,0.1,0,0.1,0.1,0.1,0.1,0.1,0.1,0,0.1,0.1,0,0.3
0.000149,0,0.1,0.1,0.1,0.1,0.1,0,0.1,0,0.1,0.1,-0.1,0.1,0.1,0.1,0.1,0.1,0.1,0.1,0.1,0.1,-1,0.1,0.1,0.1,0.1,0,0.1,0.1,0,0.1,-3.15,0.1,0.1,0.1,0.2,0.1,0,0,0.1,0.1,-3.65,0.1,0.1,0.1,0.2,0.1,0.1,0.1,0.1,0.1,-3.61,0.1,0.1,0.1,0.1,0,0.1,0.1,0.1,0.2,-2.05,0.1,0.1,0.1,0.1,0.1,0.1,0.1,0.1,0.1,-0.5,0.1,0.1,0.1,0.1,0.2,0.1,0.1,0.1,0.1,-0.1,0.1,0.1,0.1,0.1,0.1,0.1,0.1,0.1,0,0.2,0.1,0.1,0.1,0.1,0.1,0.1,0,0.2
0.000149,0,0.1,0.1,0.1,0.2,0.1,0.1,0.1,0.1,0.1,0,-0.2,0.1,0.1,0.1,0.1,0.1,0.1,0.1,0,0.1,-0.9,0.1,0.1,0.1,0.1,0.1,0.1,0.1,0.1,0,-3.09,0.1,0.1,0.1,0.1,0.1,0.1,0.1,0.1,0,-3.65,0.1,0,0.1,0.1,0.1,0.1,0.1,0,0.1,-3.65,0.1,0,0.1,0.2,0.1,0.1,0.1,0.1,0.1,-2.01,0,0.1,0,0.1,0.1,0.1,0.1,0,0.1,-0.4,0.1,0.1,0,0.2,0.1,0,0.1,0.1,0.1,-0.1,0.1,0.1,0.1,0.1,0.1,0.1,0.1,0.1,0.1,0.1,0.1,0,0.1,0.1,0.1,0.2,0,0.3
0.000149,0.1,0.1,0.1,0.1,0.1,0.1,0.1,0.1,0.1,0.1,0.1,-0.1,0.1,0.1,0,0.1,0.1,0.2,0.1,0.1,0,-1,0.2,0,0.1,0.1,0.1,0.1,0.1,0,0.1,-3.15,0.1,0.2,0.1,0.1,0.1,0.1,0.2,0.1,0.2,-3.7,0.1,0.1,0.1,0,0.1,0.1,0,0.1,0.1,-3.65,0.1,0,0.1,0.1,0.1,0.1,0.1,0.1,0,-2.01,0.1,0.1,0.1,0.1,0.1,0.1,0.1,0.1,0.2,-0.3,0.1,0.1,0,0.1,0.2,0.2,0.1,0.1,0.1,-0.1,0.1,0.1,0.1,0.2,0.1,0.2,0.1,0.1,0.1,0.1,0,0.1,0.2,0.1,0.1,0.1,0,0.2
0.00015,0.1,0.1,0.1,0.1,0.1,0,0.1,0.1,0.1,0.1,0.1,-0.1,0.1,0,0.1,0.1,0.1,0,0.1,0.1,0.1,-1,0.1,0.2,0.1,0.1,0.1,0.1,0.1,0.1,0,-3.19,0.1,0.1,0.1,0.1,0.1,0.1,0,0.1,0.1,-3.7,0.1,0.1,0.1,0.1,0.1,0.1,0,0.1,0.1,-3.65,0.1,0.1,0.1,0.1,0.1,0.1,0,0.1,0,-1.9,0.1,0.1,0.1,0.1,0.1,0.1,0.1,0.1,0.1,-0.4,0.1,0.1,0.1,0.1,0.1,0.1,0.1,0.1,0.1,-0.1,0.1,0.1,0.2,-0.1,0.1,0.2,0.1,0.1,0,0.1,0.1,0.1,0,0.1,0.1,0.1,0,0.1
0.00015,0,0.1,0.1,0,0.1,0.1,0.1,0.1,0.1,0.1,0.1,-0.1,0.1,0,0.1,0.1,0.1,0,0.1,0.1,0.1,-1,0.1,0.1,0.1,0.1,0.1,0.1,0.1,0.1,0.1,-3.05,0.1,0.1,0.1,0.1,0.1,0.1,0.1,0.1,0.1,-3.84,0.1,0,0.1,0.1,0.1,0.1,0.1,0.1,0.1,-3.65,0.1,0.1,0,0.1,0.1,0.1,0.1,0.1,0.1,-1.9,0.1,0.1,0.2,0.1,0.1,0.1,0,0.1,0.1,-0.3,0.1,0.1,-0.1,0.1,0.1,0.1,0,0.1,0.1,0,0.1,0.1,0.1,0.3,0.1,0.1,0.1,0.1,0.1,0.1,0.1,0.1,0.1,0.1,0,0.1,-0.1,0.1
0.00015,0.1,0.1,0.1,0.1,0.1,0.1,0.1,0.1,0.1,0.1,0.1,-0.1,0.2,0.1,0.1,0.1,0.1,0.1,0.1,0.1,0.1,-1,0.1,0.1,0.2,0.1,0.1,0,0.1,0.1,0,-3.13,0.1,0.1,0.1,0.1,0.1,0.1,0.1,0,0.1,-3.74,0.1,0.1,0.1,0.1,0.1,0.1,0.1,0.2,0.1,-3.7,0,0.1,0.1,0.1,0.1,0.1,0.2,0.1,0.1,-1.8,0.1,0.1,0.1,0.1,0.1,0,0.1,0.1,0.1,-0.4,0.1,0.1,0.1,0,0.1,0.1,0.1,0.1,0.1,0,0.1,0.1,0.1,0.1,0.1,0.1,0.1,0.1,0,0.1,0.1,0.1,0.1,0.1,0.1,0.1,-0.1,0.2
0.00015,0.1,0.1,0.1,0,0.1,0.1,0.1,0.1,0.1,0.1,0.1,-0.1,0.2,0.1,0.1,0.1,0.1,0.1,0.1,0,0.1,-1,0.1,0.1,0.1,0.1,0.1,0.2,0.1,0.1,0,-3.13,0.1,0.1,0.1,0.2,0.1,0.1,0.1,0.1,0.1,-3.8,0.1,0.1,0.1,0.1,0.1,0.1,0.1,0.1,0.1,-3.6,0.1,0.2,0.1,0.1,0.1,0.1,0.1,0,0,-1.9,0,0.2,0.1,0,0.1,0.1,0.1,0,0,-0.3,0.1,0.1,0.1,0.2,0.1,0.1,0.1,0.1,0.1,0,0.1,0,0.1,0.2,0.1,0.1,0.1,0.1,0.1,0,0.1,0.1,0.1,0.1,0.1,0.1,0,0.1
0.00015,0,0.1,0.2,0.1,0.1,0.1,0.1,0.1,0.1,0,0.1,-0.1,0.2,0,0.1,0.1,0.1,0.1,0.1,0.1,0.1,-0.8,0.1,0.1,0.1,0,0.1,0.1,0.1,0.2,0.1,-3.13,0.1,0.1,0.1,0.1,0.1,0.1,0,0,0.1,-3.7,0.1,0.1,0.1,0.1,0.1,0.1,0.1,0.1,0.1,-3.6,0.2,0,0.1,0.1,0.1,0.1,0.1,0.1,0.1,-1.9,0.1,0.1,0.1,0.1,0,0.1,0.1,0.1,0.1,-0.4,0.1,0,0.1,0.1,0.1,0,0.1,0.1,0.2,-0.1,0,0.1,0.1,0.1,0.1,0.1,0.1,0.1,0.1,0,0.1,0.1,0.1,0,0.1,0.1,0,0
0.000151,0.1,0.1,0.1,0.1,0.1,0.1,0.1,0.1,0.1,0.1,0.1,-0.2,0.1,0.1,0.1,0.2,0.2,0.1,0.1,0.1,0.1,-0.9,0,0.1,0.2,0.1,0.1,0.1,0.1,0.1,0.1,-3.18,0,0.1,0.1,0.1,0.1,0,0.1,0.1,0.1,-3.75,0.2,0,0.1,0.1,0.1,0.1,0.1,0.1,0.1,-3.6,0.1,0.1,0.1,0.1,0.1,0.1,0,0.1,0.1,-1.9,0,0.1,0.1,0.1,0.1,0.1,0.1,0.1,0.1,-0.5,0.1,0.2,0.1,0,0,0,0.1,0.1,0.1,-0.1,0,0.1,0.1,0.1,0.1,0.1,0.1,0.1,0.1,-0.1,0.1,0.1,0,0.1,0.1,0.1,0.1,0
0.000151,0.1,0.1,0.1,0,0.1,0.1,0.1,0.1,0.1,0.1,0,-0.2,0.1,0.1,0,0.1,0,0.1,0.1,0.1,0.1,-0.8,0.1,0.1,0.1,0.1,0.1,0.1,0,0.1,0.1,-3.05,0.1,0.1,0.1,0.1,0.1,0,0.1,0.1,0.1,-3.8,0.1,0.1,0.1,0.1,0,0.2,0.1,0,0.1,-3.6,0.1,0.1,0.1,0.1,0.1,0.1,0.1,0.1,0.1,-1.9,0.1,0.1,0.1,0.1,0.1,0.1,0.1,0.1,0.1,-0.4,0.1,0.1,0.1,0.1,0.1,0.1,0.1,0.1,0.1,-0.1,0.1,0.1,0.1,0.1,0.2,0,-0.1,0.1,0.1,0,0,0.1,0.1,0,0.1,0.1,0.1,0
0.000151,0.1,0.1,0.1,0.1,0.1,0.1,0.1,0.1,0.1,0.1,0.1,-0.2,0.1,0.1,0.1,0.1,0.1,0.1,0.1,0.1,0.1,-0.8,0.1,0.1,0.1,0.1,0.1,0.1,0,0.1,0,-3.05,0.1,0.1,0.1,0.1,0.1,0,0,0.2,0.1,-3.8,0.1,0.1,0.1,0.1,0,0,0.1,0.1,0.1,-3.55,0.2,0.1,0.1,0.1,0,0.1,0,0.1,0,-1.9,0.1,0.1,0.1,0,0.1,0.1,0.1,0.1,0.1,-0.4,0.1,0.2,0.1,0.1,0.1,0.1,0.1,0.1,0.1,-0.1,0.1,0.2,0,0.1,0,0.1,0.1,0.1,0.1,0,0,0.1,0.2,0.1,0.1,0.1,0.2,0
0.000151,0.1,0.1,0.1,0.1,0.1,0.1,0.1,0.1,0.1,0.1,0.1,-0.1,0.1,0.1,0.1,0,0.1,0.1,0,0,0.2,-0.8,0.1,0.2,0,0.1,0.1,0.1,0.1,0.1,0,-3,0.1,0.1,0.1,0.1,0.1,0.1,0.1,0.1,0.2,-3.8,0.1,0.1,0.1,0.1,0.1,0.1,0.2,0.1,0.1,-3.55,0.1,0.2,-0.1,0,0.1,0.1,0.2,0.1,0.1,-1.9,0.1,0.1,0.1,0.1,0,0.1,0.2,0.1,0.2,-0.6,0.1,0.1,0.1,0.1,0.1,0.1,0.1,0.1,0.1,-0.1,0.1,0.1,0.1,0.1,0.1,0.1,0.2,0,0,0,0.1,0.1,0,0.1,0.1,0.1,0.1,0
0.000151,0.1,0.1,0.1,0,0.1,0.1,0,0,0.1,0.1,0.2,-0.1,0,0.1,0.1,0.1,0.1,0.1,0.1,0.1,0.1,-0.8,0.1,0.1,0.1,0.1,0.1,0.1,0.1,0.1,0.1,-3,0.1,0.1,0.1,0,0.1,0.1,0.1,0.2,0.1,-3.8,0.1,0.1,0.2,0,0.1,0.1,0,0.1,0.1,-3.55,0.1,0,0.1,0.1,0,0.1,0.1,0.1,0.1,-2.01,0,0,0.1,0.2,0.1,0.1,0,0.1,0.1,-0.4,0.1,0.1,0.2,0.1,0,0.1,0.1,0.1,0.2,0,0.1,0.1,0.1,0.1,0.1,0.1,0.1,0,0.1,0,0.1,0,0.1,0.1,0.1,0.1,0,0.1
0.000152,0,0.1,0.1,0.1,0.1,0,0.1,0.1,0.1,0.1,0,-0.2,0,0.1,0.2,0.1,0.1,0.1,0,0.1,0.1,-0.7,0.1,0.1,0.1,0,0,0.1,0.1,0.1,0.1,-3.06,0.1,0,0.1,0,0,0.1,0.1,0.1,0.1,-3.8,0.1,0,0.1,0.1,0.1,0.1,0.1,0.1,0.1,-3.57,0,0.1,0,0.1,0.1,0.1,0.1,0,0.1,-2,0.1,0,0.1,0.1,0,0.1,0.1,0.1,0.1,-0.5,0,0.1,0.1,0.1,0.1,0.1,0.1,0.1,0.1,0,0,0.1,0,0.1,0.1,0.1,0.1,0.1,0.1,0.1,0.1,0.1,0,0.1,0.1,0.1,0,0.1
0.000152,0.1,0.2,0.1,0.1,0.1,0.1,0.1,0.1,0.1,0.1,0.1,-0.2,0.1,0.1,0.1,0,0.1,0.1,0.1,0,0.1,-0.9,0.1,0.1,0.2,0.1,0.1,0.2,0.1,0.1,0.1,-3.02,0.1,0.1,0.2,0.1,0.1,0.1,0.1,0.1,0.1,-3.75,0.1,0.1,0.1,0.1,0.1,0.1,0.1,0.1,0.1,-3.61,0,0,0.1,0.2,0.1,0.1,0.1,0.1,0.2,-2,0.1,0.1,0.1,0.1,0.1,0,0.1,0,0.1,-0.4,0.1,0.1,0.1,0,0.1,0.1,0.1,0.1,0.1,0,0.1,0.1,0.1,0.1,0.1,0.1,0.2,0.1,0.1,0.1,0.1,0.1,0.1,0.1,0.1,0.1,0,0.2
0.000152,0.1,0.1,0.1,0.1,0.1,0.1,0.1,0.1,0.1,0.1,0.2,-0.1,0.1,0.1,0.1,0,0.1,0.1,0.1,0.1,0.1,-0.8,0.1,0.1,0.1,0.1,0.1,0.1,0.1,0.1,0.1,-2.92,0.1,0.1,0.1,0.1,0.1,0.1,0,0.1,0.1,-3.75,0.1,0.1,0.1,0.1,0.1,0.1,0.1,0.1,0.1,-3.57,0,0.1,0.1,0.1,0.2,0.1,0.1,0.1,0.1,-1.9,0.1,0.1,0.1,0.1,0,0.1,0.1,0.1,0.1,-0.4,0.1,0.1,0.1,0.2,0,0,0,0.1,0,-0.1,0.1,0.1,0.1,0.1,0.1,0.1,0.1,0,0,0.1,0.1,0.1,0.1,0.1,0.1,0.1,0,0.1
0.000152,0.1,0.1,0.1,0.1,0.1,0,0,0.1,0.1,0.1,0.1,-0.2,0.1,0.1,0.1,0.1,0.1,0.2,0.1,0.1,0.1,-0.9,0.1,0.1,0.1,0,0.1,0.1,0.1,0.1,0.1,-3.02,0.1,0.1,0.1,0.2,0,0.1,0,0.1,0.1,-3.85,0.1,0,0.1,0.1,0.1,0.1,0.1,0.1,0.1,-3.57,0.1,0.1,0.1,0.1,0,0,0.1,0.1,0.1,-1.9,0.1,0.1,0.1,0.1,0.1,0.1,0.1,0.1,0.1,-0.4,0.1,0.1,0.1,0.1,0.1,0.1,0.1,0.1,0.1,0,0.1,0.1,0.1,0.1,0.1,0.1,0.1,0.1,0.1,0.1,0.1,0.1,0.1,0.1,0.1,0.1,0,0
0.000152,0,0.1,0.1,0.1,0.1,0.1,0.1,0,0,0.1,0.1,-0.1,0.1,0.1,0.1,0.1,0.1,0.1,0.1,0.1,0.1,-0.8,0.1,0.1,0.1,0.1,0.1,0.1,0.1,0.1,0.1,-3.02,0.1,0.1,0.1,0.1,0.1,0.1,0.1,0.1,0,-3.8,0.1,0.1,0.1,0.1,0.1,0.1,0.1,0.1,0.1,-3.61,0.1,0.1,0.1,0.1,0.1,0.1,0.1,0,0,-1.9,0.1,0.1,0.1,0.1,0.1,0.1,0.1,0.2,0,-0.4,0.1,0.1,0.1,0.2,0.1,0.1,0.1,0.1,0.1,0,0,0.2,0.1,0.1,0.1,0.1,0.2,0.1,0.1,0.1,0.1,0.1,0.1,0.1,0,0.2,0.1,0
0.000153,0,0.1,0.1,0,0.2,0.1,0.1,0,0.1,0.1,0.1,-0.2,0.1,0.1,0.1,0.1,0.1,0.1,0.1,0.1,0.1,-0.9,0.1,0.1,0.1,0,0.1,0,0.1,0.1,0.2,-2.96,0.1,0.1,0,0.1,0.1,0,0.1,0.1,0,-3.8,0.2,0.1,0.1,0.1,0.1,0.1,0.1,0.1,0.1,-3.47,0.1,0.1,0.1,0.1,0.1,0.1,0.1,0,0,-1.8,0.1,0.1,0.1,0.1,0.1,0.1,0.1,0.1,0.1,-0.4,0.1,0.1,0.1,0.1,0.1,0.1,0.2,0.1,0.1,-0.1,0.2,0.1,0.1,0.1,0.1,0.1,0.1,0.1,0,0.1,0.1,0.1,0.1,0.1,0.1,0.1,0,-0.1
0.000153,0,0.1,0.1,0,0.1,0.1,0.1,0.1,0.1,0.1,0.1,-0.2,0.1,0.1,0.1,0.1,0.1,0.1,0.1,0.1,0.1,-0.8,0.1,0.1,0.1,0,0.1,0.1,0.1,0.1,0.1,-2.96,0.1,0.1,0.1,0.1,0.1,0,0.1,0.1,0,-3.7,0,0.1,0.1,0.1,0.1,0.1,0,0.1,0.1,-3.55,0.1,0.1,0.1,0.1,0.1,0.1,0.1,0.1,0.1,-2,0,0.1,0.1,0.1,0.1,0.1,0.1,0.1,0.1,-0.5,0.1,0.1,0.1,0,0.1,0.1,0.1,0.2,0.1,-0.2,0.1,0.1,0.1,0.1,0.1,0.1,0,0,0.1,0.1,0.1,0.1,0.1,0.1,0.1,0.1,0,0
0.000153,0,0.1,0.1,0.1,0.1,0.1,0.1,0,0.1,0,0.1,-0.1,0.1,0.1,0.1,0.1,0.1,0.1,0.1,0.1,0.1,-0.9,0.1,0.1,0.1,0.1,0.1,0.1,0.1,0.1,0.1,-2.96,0.1,0.1,0.1,0.1,0.1,0.1,0.1,0.1,0.1,-3.7,0.1,0.1,0.1,0.1,0.1,0.1,0.1,0.1,0.1,-3.55,0.1,0.1,0,0.1,0.1,0.1,0.1,0.1,0.1,-1.9,0.1,0.1,0.1,0.1,0.1,0.1,0.1,0,0.1,-0.5,0.1,0,0.1,0.1,0.1,0.1,0,0.1,0.1,-0.1,0.1,0.1,0.1,0.1,0.1,0.1,0.1,0.1,0.2,0,0.1,0.1,0,0.1,0.1,0.1,0.1,0
0.000153,0.1,0,0.1,0.1,0.1,0.1,0.1,0.1,0.1,0.1,0.1,-0.1,0,0.1,0.1,0.1,0.1,0.1,0.1,0.1,0.1,-0.8,0.1,0.2,0.1,0.1,0.2,0,0.1,0.1,0.1,-3,0.1,0.1,0.1,0.1,0.1,0.1,0.1,0.1,0.1,-3.7,0.1,0.2,0.1,0.1,0.1,0.1,0.2,0.1,0.1,-3.5,0.1,0.1,0.1,0.1,0.1,0.1,0.1,0.1,0.1,-1.8,0.1,0.1,0.1,0.1,0.1,0.1,0.1,0.1,0.1,-0.4,0.1,0,0.1,0.1,0.1,0.1,0.1,0.1,0.1,-0.1,0.1,0.1,0.1,0.1,0.1,0.1,0.1,0.1,0.1,-0.1,0.1,0.1,0.1,0.1,0.1,0.2,0.1,0
0.000153,0.1,0.1,0.1,0.1,0.1,0.1,0.1,0,0.1,0.1,0.1,-0.2,0.1,0.1,0.1,0.1,0.1,0.1,0.1,0.1,0.1,-0.8,0.1,0.1,0.1,0.1,0.1,0.2,0.1,0.1,0.1,-3.05,0.1,0.1,0.1,0.1,0,0.1,0.1,0.1,0.1,-3.74,0.1,0.1,0.1,0.1,0.1,0.1,0.1,0.1,0.1,-3.6,0.1,0.1,0.1,0.2,0.1,0.1,0.1,0.1,0.1,-1.9,0.1,0,0.1,0.1,0,0.1,0.1,0.1,0.1,-0.5,0.1,0.1,0.1,0.1,0.1,0.1,0.1,0.1,0.1,-0.1,0.1,0.1,0.1,0.1,0.1,0.2,0.1,0.1,0.1,0,0,0,0.1,0.2,0.1,0.1,0.1,0
0.000154,0,0,0.1,0.1,0.1,0.1,0.1,0.1,0.1,0.1,0.1,-0.2,0.1,0.1,0.1,0.1,0.1,0.1,0.1,0.1,0,-0.8,0.2,0.1,0.1,0.1,0.1,0.1,0,0.1,0.1,-2.96,0,0.1,0.1,0.1,0.1,0.1,0.1,0.1,0.1,-3.65,0.1,0.1,0.1,0,0,0.1,0.1,0.1,0,-3.55,0,0.1,0.1,0.1,0.1,0.1,0.1,0.1,0.1,-1.9,0.1,0.1,0.1,0.1,0.1,0.1,0.1,0.1,0.1,-0.5,0.1,0.1,0.1,0.1,0.1,0,0.1,0.1,0.1,-0.1,0.1,0.1,0.1,0.1,0,0.1,0.1,0.1,0,0,0.1,0.1,0.1,0.1,0.1,0.1,0,0
0.000154,0.1,0.1,0.1,0.1,0.1,0.1,0,0.1,0.1,0.1,0.1,-0.2,0.1,0.1,0.1,0.1,0.1,0.1,0.1,0.1,0,-0.8,0.1,0.1,0.1,0.1,0.1,0.1,0.1,0.1,0.1,-2.96,0.1,0.1,0.1,0.1,0.1,0.1,0.1,0.1,0.1,-3.7,0.1,0.1,0.1,0.1,0.1,0.1,0.1,0.2,0.1,-3.51,0.1,0.1,0.1,0.1,0.1,0.1,0.1,0.1,0.1,-1.9,0,0.1,0.1,0.1,0.1,0.1,0.1,0,0.1,-0.5,0.1,0,0.1,0.1,0.1,0.2,0.1,0.1,0.1,-0.1,0.1,0.1,0.1,0.1,0.1,0,0.1,0.1,0.1,-0.1,0.1,0.1,0.1,0,0.1,0.2,0,0
0.000154,0.1,0.1,0.1,0.1,0.1,0.1,0.1,0.1,0.1,0.1,0.1,-0.1,0.1,0,0.1,0.2,0.1,0.1,0.1,0.1,0.1,-0.8,0,0.1,0.1,0,0.1,0.1,0.1,0.1,0,-2.96,0.1,0,0.1,0.1,0.1,0.1,0.1,0.1,0.1,-3.7,0.1,0.1,0.1,0.2,0.2,0.1,0.1,0.1,0.1,-3.51,0.1,0.1,0.1,0.1,0.1,0.2,0.1,0,0.1,-2,0.1,0,0.1,0.1,0.1,0.1,0,0,0.1,-0.5,0.1,0.1,0.1,0.1,0.1,0.1,0,0.1,0.1,0,0.1,0.1,0.1,0.1,0.1,0,0.1,0.1,0.1,-0.1,0.1,0.1,0.1,0,0.1,0,0,0
0.000154,0.1,0.1,0.1,0.1,0.1,0.1,0.1,0.1,0.1,0.1,0.2,-0.1,0.1,0.1,0.1,0.1,0.1,0.1,0.1,0.1,0.1,-0.8,0,0.1,0,0.1,0.1,0.1,0.1,0.2,0.1,-2.92,0.1,0.1,0.1,0.1,0.1,0.2,0.1,0.1,0,-3.7,0.1,0.2,0.1,0.1,0.1,0.1,0.1,0,0.1,-3.55,0.1,0,0.1,0,0,0,0.1,0.1,0.2,-1.9,0.1,0.1,0.1,0.1,0.2,0.1,0.1,0.1,0.1,-0.5,0.1,0.1,0.1,0.1,0.1,0,0.1,0.1,0,0,0.2,0.1,0.1,0.1,0.1,0.1,0.1,0.1,0,0,0.1,0.1,0.1,0.1,0,0.1,0.1,0
0.000154,0.1,0.1,0.1,0.1,0.1,0.1,0.1,0.1,0,0.1,0.1,-0.2,0.1,0.1,0.1,0.1,0.1,0.1,0,0.1,0.1,-0.8,0.1,0.1,0,0.1,0.1,0.1,0.1,0.1,0,-2.98,0.1,0.1,0.1,0.1,0.1,0.1,0.1,0.1,0.1,-3.7,0.1,0.1,0.2,0,0.1,0.1,0.1,0.1,0,-3.51,0.1,0.1,0.1,0.1,0.2,0.1,0,0.1,0.1,-1.9,0.1,0.1,0.1,0.1,0.1,0.1,0.1,0.1,0.1,-0.4,0.1,0.1,0.1,0.1,0.1,0.1,0.1,0.2,0.1,0,0.1,0.1,0,0.1,0.1,0.1,0.1,0.1,0.1,0,0.1,0.1,0.1,0.1,0.2,0.1,0,0
0.000155,0,0,0.1,0,0.1,0.1,0,0.1,0.1,0.1,0.1,-0.1,0.1,0.2,0.1,0.1,0.1,0.1,0.1,0.1,0.1,-0.9,0.1,0.1,0.1,0.1,0.1,0.1,0.1,0.1,0.1,-2.88,0.1,0.1,0.1,0.1,0.1,0.1,0.1,0.1,0.1,-3.8,0.1,0.1,0.1,0.1,0.1,0,0.1,0.1,0.1,-3.51,0.1,0.1,0.1,0.1,0.1,0.1,0.1,0.1,0.1,-1.9,0.1,0.1,0.1,0.1,0.1,0.1,0.1,0.1,0.1,-0.5,0.1,0.1,0.1,0.1,0.1,0.1,0.1,0.1,0.1,0,0.1,0.1,0.1,0.1,0,0.1,0.1,0.1,0.1,0,0.1,0.1,0.1,0.1,0.1,0.1,0,0.1
0.000155,0,0,0.1,0.1,0,0.1,0.1,0.1,0,0.1,0.1,-0.1,0.1,0,0.1,0.1,0.1,0,0.1,0.1,0.1,-0.8,0.1,0.1,0,0.1,0.1,0.1,0.1,0.1,0.1,-2.88,0.1,0.1,0.1,0.1,0.1,0.1,0.1,0.1,0.1,-3.71,0.1,0.1,0.1,0.1,0.1,0.1,0.1,0.1,0.2,-3.57,0.1,0.2,0.1,0.1,0.1,0.1,0.1,0,0.1,-1.9,0.1,0.1,0.1,0,0.1,0.1,0.1,0.1,0.1,-0.4,0.1,0.1,0.1,0.1,0.1,0.1,0.1,0.1,0.1,0,0.1,0.1,0.1,0.2,0.1,0.1,0.1,0.1,0.1,0.1,0.1,0.1,0,0.1,0.1,0.1,0,0
0.000155,0,0.2,0.1,0,0.1,0.1,0,0.1,0.1,0.1,0.1,-0.1,0.1,0.1,0.1,0.1,0.1,0,0.1,0.1,0.1,-0.9,0.1,0.1,0.1,0.1,0.2,0.1,0,0.1,0,-2.83,0.1,0,0.1,0.1,0.1,0.1,0.1,0.1,0,-3.65,0.1,0,0.1,0.1,0.1,0.1,0.1,0.1,0.1,-3.57,0.1,0.1,0.1,0.2,0.1,0,0.1,0.1,0.1,-2,0,0.1,0.1,0.1,0.2,0.1,0.1,0.1,0.1,-0.4,0.1,0.1,0.1,0.2,0,0,0.1,0.1,0.1,0,0.1,0.1,0.1,0.1,0.1,0.1,0.1,0.1,0,0.1,0.1,0.1,0.1,0.1,0,0.1,0,0
0.000155,0,0.1,0.1,0.1,0.1,0.1,0.1,0,0,0,0.1,-0.2,0,0.1,0.1,0.1,0.1,0.1,0,0.1,0.1,-0.8,0.1,0.1,0,0.1,0.1,0,0.1,0.1,0.1,-2.79,0.1,0.1,0,0.1,0.1,0.1,0,0.1,0.1,-3.7,0.1,0,0.1,0.1,0.1,0.1,0.1,0.1,0.1,-3.57,0,0.1,0.1,0.1,0.1,0.1,0.1,0.1,0.1,-1.9,0.1,0.1,0.1,0.1,0.1,0.1,0.1,0.2,0.1,-0.4,0,0.1,0.1,0,0.2,0.2,0,0.1,0,-0.1,0,0.1,0.1,0.1,0.1,0,0.1,0.1,0.1,0,0.1,0.1,0.1,0.1,0,0.1,-0.1,0
0.000155,0,0.1,0.1,0.1,0.1,0.1,0.1,0.1,0.1,0.1,0.1,-0.2,0.1,0.1,0.1,0.1,0.1,0.1,0.1,0.1,0.1,-0.8,0.1,0.1,0.1,0.1,0,0.1,0.1,0.1,0.1,-2.88,0.1,0.1,0.1,0.1,0,0,0.1,0.1,0.1,-3.65,0.1,0.1,0.1,0.1,0.1,0.1,0.1,0.1,0,-3.47,0.1,0.1,0.1,0.1,0.1,0.1,0.1,0.1,0.1,-1.8,0.1,0,0.1,0.1,0.1,0.1,0.2,0.2,0.1,-0.4,0.1,0.1,0,0.1,0.1,0.1,0.1,0.1,0.1,-0.1,0.1,0.1,0.1,0.1,0.1,0.1,0.1,0.1,0.1,0.1,0.1,0.1,0.1,0.1,0.2,0.1,-0.1,-0.1
0.000156,0,0.1,0.1,0.1,0.1,0.2,0.1,0.1,0.1,0.1,0.1,-0.1,0.1,0.1,0.1,0.2,0.1,0.1,0.1,0.1,0.1,-0.7,0.1,0.1,0.1,0.1,0.1,0.2,0.1,0.1,0,-2.92,0.1,0.1,0.1,0.1,0.1,0.1,0.1,0.1,0.1,-3.7,0,0.1,0.1,0.1,0,0,0.1,0.1,0.1,-3.47,0.1,0.1,0.1,0.1,0.1,0.1,0,0.2,0.1,-1.9,0.2,0.1,0.1,0.1,0.1,0.1,0.1,0.1,0.1,-0.4,0.1,0.1,0.1,0.1,0.1,0.1,0.1,0.1,0.2,-0.1,0.2,0.1,0.1,0.1,0,0.1,0.1,0.1,0,0.1,0.1,0,0.1,0.1,0,0.1,0,0
0.000156,0.1,0.1,0,0.1,0.1,0,0.1,0.2,0.1,0.1,0.1,-0.1,0.1,0.1,0.1,0.1,0.1,0,0.1,0.1,0.1,-0.8,0.1,0.1,0.1,0.1,0.1,0.1,0.1,0.1,0.1,-2.83,0.1,0.1,0.1,0.1,0.1,0.1,0,0.1,0.1,-3.6,0.1,0.1,0.1,0.1,0,0.1,0.1,0.1,0.1,-3.51,0.1,0.1,0.1,0,0.1,0.1,0,0.1,0.1,-1.8,0.1,0.1,0.1,0.1,0,0.1,0.1,0.2,0.1,-0.3,0.2,0.1,0,0.1,0.1,0,0.2,0.1,0,-0.2,0,0.1,0.1,0.1,0.1,0.1,0.1,0.1,0.1,0,0.1,0.1,0.1,0.1,0.1,0.1,0.1,0
0.000156,0.2,0.1,0.1,0.1,0.1,0.2,0.1,0.1,0,0.1,0.1,-0.2,0,0.1,0.1,0.1,0,0.1,0.1,0.1,0.1,-0.7,0.1,0.1,0.1,0.1,0.1,0,0.1,0.1,0.1,-2.92,0.1,0.1,0.1,0.1,0.1,0.1,0,0.1,0.1,-3.6,0.1,0.1,0.1,0.1,0.1,0.1,0.1,0.1,0.1,-3.51,0.2,0.1,0,0.1,0.1,0.1,0.1,0.1,0.1,-1.9,0.1,0.2,0.1,0.1,0.1,0.1,0.2,0.1,0.2,-0.4,0.1,0.1,0.1,0.1,0.2,0.1,0.1,0.1,0.1,-0.1,0.1,0,0,0.1,0.1,0.1,0.1,0.1,0.1,0.1,0.1,0.1,0,0.2,0.2,0.1,0.2,-0.1
0.000156,0.2,0.1,0,0.1,0.1,0.1,0.1,0.1,0.1,0.1,0.1,-0.1,0.1,0.1,0,0.1,0.1,0.1,0.1,0.1,0.1,-0.7,0.1,0,0.1,0.1,0.1,0.1,0.1,0.1,0.1,-2.83,0.2,0.1,0.1,0.1,0,0.1,0.1,0.1,0.1,-3.6,0,0.1,0.1,0.1,0.2,0.1,0,0.1,0.1,-3.51,0.1,0.1,0.1,0.1,0.1,0.1,0.1,0.1,0.1,-1.8,0.1,0.1,0.1,0.1,0.1,0.1,0.1,0,0.1,-0.4,0.1,0.1,0.1,0,0.1,0.1,0.1,0.1,0.1,-0.1,0.1,0.1,0.1,0.1,0.1,0.1,0.2,0.1,0.1,0,0.1,0,0.1,0.1,0.1,0.1,0.1,0
0.000156,0.1,0.1,0,0.1,0,0.1,0.1,0.1,0.1,0.2,0.1,-0.2,0.2,0.1,0.1,0.1,0.1,0.1,0.1,0.1,0.1,-0.7,0.1,0.1,0.1,0.2,0,0.1,0.2,0.1,0.1,-2.83,0.1,0.1,0.1,0.1,0.1,0.1,0.1,0,0.1,-3.65,0.1,0.1,0.1,0.1,0,0.1,0.1,0.1,0.2,-3.47,0,0.1,0.1,0.1,0,0.1,0.1,0.1,0.1,-1.7,0,0.1,0,0.1,0.1,0.1,0.1,0.1,0.2,-0.4,0.1,0.1,0.2,0.1,0.2,0.1,0,0.1,0.1,-0.1,0.1,0.1,0.1,0.1,0.1,0.1,0.1,0.1,0,0,0.1,0.1,0.1,0.1,0.1,0.1,0.1,0
0.000157,0.1,0.1,0.1,0.1,0.1,0.1,0.1,0,0.1,0.1,0.1,-0.2,0.1,0,0.1,0.1,0.1,0.1,0.1,0.2,0.1,-0.7,0.1,0.1,0.1,0.1,0.1,0.1,0.1,0.1,0.1,-2.83,0.1,0.1,0.1,0.1,0.1,0.1,0.1,0.1,0.1,-3.57,0.1,0.1,0.1,0.1,0.1,0.1,0.1,0.1,0.1,-3.47,0.1,0.1,0.1,0,0.2,0.1,0.1,0.1,0.1,-1.8,0.1,0,0.1,0.1,0.1,0.1,0.2,0.1,0.1,-0.4,0.1,0.1,0.1,0.1,0.1,0.1,0,0,0.1,0,0.1,0.1,0,0.1,0.1,0.1,0.1,0.2,0.1,0,0.1,0.1,0,0.1,0.1,0.1,0.1,0
0.000157,0.2,0.1,0.1,0.1,0.1,0.1,0.1,0.1,0.1,0.1,0.1,-0.2,0.2,0.1,0.2,0.1,0.2,0,0.1,0.1,0.1,-0.8,0,0,0.1,0.1,0.1,0.1,0.1,0.1,0.2,-2.83,0,0,0.1,0.1,0.1,0.1,0.1,0.1,0.1,-3.58,0.1,0,0,0.1,0.1,-0.1,0.1,0.1,0.1,-3.42,0.1,0.1,0.2,0.1,0.1,0,0.1,0.1,0.1,-1.8,0.1,0.1,0.1,0.1,0.1,0.1,0.1,0.1,0.1,-0.5,0,0,0.1,0.1,0.1,0.1,0.1,0.1,0.1,-0.1,0.1,0.1,0.1,0.1,0.1,0.1,0.1,0.1,0.1,-0.1,0.1,0.1,0.1,0.1,0.1,0.1,0.1,-0.1
0.000157,-0.2,0.1,0.1,0.1,0.1,0.1,0.1,0.1,0.1,0.1,0.1,-0.2,0.1,0.1,0.1,0.1,0,0.1,0.1,0.2,0.2,-0.8,0.1,0.1,0.1,0.1,0.1,0.1,0.1,0.1,0.1,-2.83,0.1,0.1,0,0.1,0.1,0.1,0.1,0.1,0.1,-3.64,0.1,0.1,0.1,0.1,0.1,0,0.1,0.1,0.1,-3.47,0.1,0.1,0.1,0.1,0.1,0.1,0.1,0.1,0.2,-1.8,0.1,0.2,0.1,0.1,0.1,0.1,0.1,0.1,0.1,-0.5,0.1,0.2,0.1,0.1,0.1,0.1,0.1,0.1,0.1,-0.1,0.1,0.1,0.1,0.1,0.1,0.1,0.1,0,0.1,0,0.1,0.1,0.1,0.1,0,0.1,0,0
0.000157,0.3,0.1,0,0.1,0.1,0.1,0.1,0,0.1,0.1,0,-0.1,0.1,0.1,0.1,0.1,0.1,0.1,0.1,0.1,0.1,-0.7,0.1,0,0.1,0.1,0.1,0.1,0.1,0.1,0.1,-2.93,0.1,0,0.1,0.1,0.1,0.1,0,0.1,0,-3.69,0.1,0,0.1,0.1,0.2,0.1,0.1,0.1,0.1,-3.52,0.1,0.1,0.1,0.1,0,0,0.1,0.1,0.1,-1.8,0.1,0.1,0.1,0.1,0.1,0.2,0.1,0.1,0.1,-0.4,0.1,0.1,0.1,0.1,0.1,0.1,0.1,0.1,0.1,0,0,0.1,0.1,0.1,0.1,0.1,0.1,0.2,0.1,0,0.1,0.1,0.2,0.1,0.2,0.1,0,0
0.000157,0.1,0.1,0.1,0.1,0.1,0,0.1,0.1,0.1,0.1,0.1,-0.1,0.1,0,0.1,0.1,0.1,0.1,0.1,0.1,0,-0.8,0.1,0.1,0.1,0.1,0.1,0.1,0.1,0.1,0.1,-2.79,0.1,0.1,0.1,0.1,0.1,0.1,0.1,0.1,0.1,-3.59,0.1,0.2,0,0.1,0.1,0.1,0.1,0.1,0.1,-3.52,0.1,0.1,0.1,0.1,0,0.1,0.1,0.1,0.1,-1.9,0,0.1,0.1,0.1,0.2,0.1,0,0.1,0.2,-0.4,0.1,0.1,0.1,0,0.1,0.1,0.1,0.1,0,-0.1,0.1,0.2,0.1,0,0.1,0.1,0.1,0.1,0.1,0,0.1,0.2,0.1,0.1,0.1,0.2,-0.1,0
0.000158,0.1,0.1,0.1,0.1,0.1,0.1,0.1,0.1,0.1,0.1,0,-0.2,0.1,0.1,0,0.1,0.1,0.1,0,0.1,0.1,-0.7,0,0,0.1,0,0.1,0,0,0.1,0.1,-2.89,0.1,0.1,0.2,0.1,0.1,0,0.1,0.1,0.1,-3.68,0.1,0.1,0.1,0.1,0.2,0,0.1,0.1,0.1,-3.57,0.1,0.1,0.1,0.1,0.1,0.1,0.1,0.1,0.1,-1.8,0.1,0.1,0.1,0.1,0.1,0.1,0.1,0.1,0.1,-0.4,0.1,0.1,0.1,0.2,0.1,0,0.1,0.1,0.1,-0.1,0.1,0.1,0.1,0,0.1,0.1,0.1,0.1,0.1,0.1,0.1,0.1,0,0.1,0.1,0,-0.1,0
0.000158,0.1,0.1,0.1,0.1,0.1,0.1,0.1,0.1,0.1,0.1,0,-0.1,0.1,0.1,0.1,0.1,0.1,0.1,0.1,0.1,0.1,-0.8,0.1,0.1,0.1,0,0.1,0.1,0.1,0.1,0.2,-2.8,0.1,0.2,0.1,0.1,0.1,0.1,0.1,0.1,0,-3.68,0.1,0.1,0.1,0.1,0,0.2,0.1,0.1,0,-3.52,0.1,0,0,0.1,0.1,0.1,0.1,0.1,0,-1.8,0.1,0,0.1,0.2,0.1,0.1,0.1,0.1,0.1,-0.5,0.2,0,0,0,0.1,0.1,0.1,0.1,0.1,-0.2,0.1,0.1,0.1,0.1,0.1,0.1,0,0,0.2,0,0,0.2,0.1,0.1,0.1,0.1,-0.1,0
0.000158,0,0.1,0.1,0.1,0,0.1,0.1,0.1,0.1,0.1,0.1,-0.1,0.1,0.1,0.1,0.1,0,0.1,0.1,0.1,0.1,-0.8,0.1,0.2,0.1,0.1,0.1,0.2,0.1,0.1,0.1,-2.8,0.1,0.1,0.1,0.2,0,0,0.1,0.1,0.1,-3.67,0.1,0.1,0.1,0,0,0.1,0.1,0.1,0.2,-3.42,0,0.1,0.1,0.1,0.1,0.1,0.3,0.1,0.1,-1.8,0.1,0.1,0.1,0,0.1,0.1,0.1,0.1,0.1,-0.4,0.1,0.1,0.1,0,0.1,0.1,0.1,0.1,0.1,-0.1,0,0.1,0.1,0.1,0,0.1,0.1,0.1,0.1,0.1,0.1,0.1,0.1,0,0.1,0.1,0,0
0.000158,0,0,0.1,0.1,0.1,0.1,0.1,0.1,0.1,0.1,0.1,-0.1,0.1,0.1,0.1,0.1,0.1,0.1,0,0.1,0.1,-0.8,0.1,0.1,0.1,0.1,0.1,0.1,0.1,0.1,0.2,-2.7,0.1,0,0.1,0.2,0.1,0.1,0.1,0.1,0,-3.67,0.1,0.1,0,0.1,0.1,0.1,0.1,0.1,0.1,-3.38,0.1,0.1,0.1,0.1,0.1,0.1,0.1,0.1,0.1,-1.8,0.1,0.1,0.1,0.1,0.1,0.1,0.1,0.1,0.1,-0.4,0.2,0.1,0,0,0.1,0.1,0,0.1,0.1,-0.1,0.1,0,0,0.1,0.1,0.1,0.1,0.1,0.1,0.1,0,0.1,0,0.1,0,0.1,-0.1,0
0.000158,0,0.1,0.1,0,0,0.1,0.1,0.1,0.1,0.1,0.1,-0.1,0.1,0.1,0.2,0.1,0.1,0.1,0.1,0.1,0.1,-0.7,0.1,0.1,0.1,0.1,0.1,-0.1,0.1,0.1,0,-2.75,0.1,0.2,0.1,0.2,0.1,0,0.1,0.1,0.1,-3.81,0.1,0.1,0.1,0.2,0.1,0.1,0.1,0.1,0.1,-3.52,0,0.1,0.1,0.2,0.2,0.1,0.1,0.2,0.1,-1.8,0,0,0.1,0.1,0.1,0,0.1,0.1,0.1,-0.4,0.1,0.1,0.1,0.2,0.1,0.1,0,0.1,0.1,0,0.2,0.1,0.1,0.1,0.1,0.1,0.1,0.2,0,0.1,0.1,0.1,0.1,0.1,0.2,0.1,0.1,0
0.000159,0.1,0.1,0.1,0,0.1,0.1,0.1,0.1,0.1,0.1,0,-0.1,0.1,0,0.1,0.1,0.1,0,0.1,0.1,0.1,-0.8,0.1,0.1,0.1,0.1,0.1,0,0.1,0.1,0.2,-2.75,0.1,0.1,0.1,0.1,0.1,0.1,0.1,0.1,0.1,-3.67,0,0.1,0.1,0.1,0.1,0.2,0.1,0.1,0.1,-3.42,0,0.1,0,0.1,0.1,0,0,0.1,0.1,-1.7,0.1,0.1,0.1,0.1,0.1,0.1,0.1,0.1,0,-0.4,0.2,0.1,0.1,0.1,0.2,0.1,0.1,0.2,0.1,0,0.1,0.1,0.1,0.1,0.1,0.1,0.1,0.1,0.1,0,0.1,0.1,0.1,0.1,0,0.1,0.1,-0.1
0.000159,0,0.1,0.1,0.1,0.1,0.1,0.1,0.1,0,0.1,0.1,-0.1,0.2,0.1,0.1,0.1,0.1,0.1,0.1,0.1,0.1,-0.8,0,0.1,0.2,0.1,0.1,0.1,0.1,0.1,0.1,-2.75,0.1,0.1,0,0.1,0.1,0.1,0.1,0.1,0.1,-3.72,0.1,0,0.1,0.1,0.1,0.1,0.1,0.1,0.1,-3.47,0,0.1,0,0.1,0.1,0,0.1,0.1,0.1,-1.7,0.1,0.1,0.1,0.1,0,0.2,0.1,0.2,0.1,-0.4,0.1,0.1,0.1,0.1,0.1,0,0.1,0.1,0.1,-0.1,0.1,0.1,0.1,0.1,0.1,0.1,0.1,0.1,0.1,0.1,0.1,0.1,0.1,0.1,0.1,0.1,0.1,-0.1
0.000159,0.1,0,0.1,0.1,0,0.1,0.2,0.1,0.1,0.1,0.2,-0.1,0.1,0.1,0,0.1,0.1,0,0.1,0.1,0.1,-0.7,0.1,0.1,0.1,0.1,0.1,0,0,0.1,0,-2.75,0,0.1,0.1,0.1,0.1,0.1,0.1,0.1,0.1,-3.68,0.1,0.1,0.1,0.1,0.1,0.1,0.1,0.1,0,-3.42,0.1,0.1,0.1,0.1,0.1,0.1,0.1,0.1,0.1,-1.7,0.1,0.1,0.1,0.1,0.1,0.1,0.1,0.1,0.2,-0.4,0.1,0.1,0,0.1,0.1,0,0,0.1,0,-0.2,0.1,0.1,0.1,0.1,0.1,0.1,0,0.1,0.1,0,0.1,0.1,0.1,0.1,0.1,0.1,0.1,0
0.000159,0.1,0.1,0.1,0.1,0.1,0.1,0.1,0.1,0,0.2,0.1,-0.2,0.1,0,0.1,0.1,0.1,0,0.1,0.1,0.1,-0.7,0,0.1,0.1,0.1,0.1,0,0.1,0.1,0.1,-2.75,0.2,0.1,0.1,0.1,0.1,0.1,0.1,0.1,0.1,-3.74,0.1,0.1,0,0,0.1,0.1,0.1,0.1,0.1,-3.42,0.1,0.1,0.1,0,0.2,0,0.1,0,-0.1,-1.7,0.1,0,0.1,0.1,0.1,0.1,0,0.1,0.1,-0.4,0.1,0.1,0.1,0.2,0.2,0.1,0.1,0.1,0.1,-0.1,0.2,0,0.1,0.1,0.1,0,0,0.1,0.1,-0.1,0.1,0.1,0.1,0.1,0.1,0.1,0.1,0
0.000159,0,0.2,0.1,0.1,0.1,0.1,0.1,0.1,0.1,0.1,0.1,-0.1,0.1,0,0.1,0.1,0.1,0.1,0.1,0,0.1,-0.7,0.1,0.1,0.2,0.1,0.2,0.1,0.1,0.1,0.1,-2.75,0.1,0.1,0.1,0.1,0.1,0.1,0.1,0.1,0.1,-3.64,0.1,0.2,0.1,0.1,0,0.1,0.1,0.1,0.1,-3.48,0.1,0,0.1,0.1,0.1,0.1,0.1,0.2,0.2,-1.8,0.1,0.1,0,0.1,0.2,0.1,0.1,0,0.1,-0.4,0.1,0.1,0,0.1,0.1,0.1,0.1,0,0.1,0,0,0.2,0.1,0.1,0.1,0.1,0.2,0.1,0.1,0,0.1,0.2,0,0,0.1,0.1,0.1,-0.1
0.00016,0.1,0,0.1,0.1,0.2,0,0.1,0.1,0.1,0.1,0,-0.2,0,0.1,0.1,0.1,0.1,0.1,0.1,0.1,0.2,-0.8,0.1,0.2,0.1,0.1,0.1,0.1,0,0.1,0.1,-2.7,0.1,0.1,0.1,0.2,0.1,0.2,0.1,0.1,0.1,-3.72,0.1,0.1,0.2,0.1,0.1,0.1,0.1,0.1,0.1,-3.38,0.1,0.1,0.1,0.1,0.1,0,0,0.1,0.1,-1.7,0.1,0.1,0.1,0.1,0.1,0.1,0.1,0.1,0,-0.3,0.1,0.1,0.1,0.1,0.1,0.1,0.1,0.1,0.1,-0.1,0.1,0.1,0.1,0.1,0.1,0.1,0.1,0.1,0.1,-0.1,0.1,0.1,0.1,0.1,0.1,0.1,0,0
0.00016,0.1,0.1,0.1,0.1,0.1,0.1,0,0.1,0.1,0.1,0.1,-0.2,0.1,0.1,0.1,-0.1,0.1,0,0.1,0.1,0,-0.8,0.1,0.1,0.1,0,0,0.1,-0.1,0,0.2,-2.7,0.2,0.1,0.1,0.1,0.1,0.1,0.2,0.1,0.1,-3.67,0.1,0.1,0.1,0.1,0.1,0.1,0.1,0.1,0.1,-3.42,0.1,0.1,0.2,0.1,0.1,0.1,0.1,0,0,-1.8,0.1,0.1,0.1,0.1,0.1,0.1,0.1,0.1,0.1,-0.4,0,0.2,0.1,0.1,0.1,0.1,0.1,0.1,0.1,-0.2,0.1,0.1,0.1,0.1,0.1,0,0.1,0.1,0.1,-0.1,0.1,0.1,0.1,0.1,0,0.1,0,0
0.00016,0.1,0.1,0.1,0.1,0.1,0.1,0.1,0.1,0.1,0.1,0.1,-0.1,0.1,0,0.1,0.2,0.1,0.1,0.1,0,0.1,-0.8,0.1,0.1,0.1,0.1,0.1,0.1,0.1,0,0.1,-2.7,0.1,0.1,0,0.1,0.1,0.1,0.1,0.1,0.1,-3.65,0,0.1,0.1,0,0.2,0.1,0.1,0.1,0.1,-3.52,0.1,0.1,0.1,0.1,0.1,0.1,0.1,0.1,0.1,-1.8,0.1,0.1,-0.1,0.1,0.1,0,0.1,0.1,0.1,-0.4,0.1,0.1,0.1,0.1,0.1,0.1,0.1,0.1,0.1,0,0.1,0.1,0.1,0.1,0.1,0,0.2,0.1,0.1,-0.1,0.1,0,0.2,0.1,0.2,0.1,-0.1,0
0.00016,0,0.1,0.1,0.1,0.1,0.1,0.1,0,0.1,0.1,0.1,-0.1,0.1,0.1,0,0.1,0,0.1,0.1,0.1,0,-0.8,0.1,0.2,0.1,0.1,0,0.1,0.1,0.1,0.1,-2.62,0.1,0.2,0.1,0.1,0.1,0.1,0.1,0.1,0.1,-3.7,0.1,0.2,0,0.1,0.1,0.1,0,0.1,0.1,-3.34,0.1,0.1,0.1,0.1,0.1,0,0.1,0.1,0.1,-1.8,0,0.1,0.1,0.1,0,0.1,0.1,0,0,-0.4,0.1,0,0.2,0.1,0.1,0.2,0.1,0.1,0.1,-0.1,0.2,0.1,0.1,0.1,0.1,0,0.1,0.1,0.1,0,0.1,0,0.1,0.1,0,0.1,0,0.1
0.00016,0.1,0.1,0.1,0,0.2,0.1,0,0,0.1,0,0.1,-0.1,0,0.2,0.1,0.1,0,0.1,0.2,0.2,0.1,-0.8,0.1,0.1,0.1,0.1,0.1,0,0.1,0.1,0.1,-2.57,0,0.1,0.1,0.1,0.1,0.1,0.1,0.1,0.1,-3.7,0.1,0.2,0.1,0.2,0.1,0.1,0.1,0.1,0.1,-3.48,0.1,0,0.2,0.1,0.1,0.1,0.1,0.1,0.1,-1.8,0.1,0.2,0.1,0.1,0.1,0.1,0,0.1,0.1,-0.4,0.1,0.1,0.1,0.1,0.1,0.1,0.1,0.1,0.1,0,0.1,0,0.1,0.1,0.1,0.1,0.1,0.1,0.1,0,0.1,0.1,0.1,0.1,0.1,0.1,0,0
0.000161,0.1,0.1,0.1,0.1,0.1,0.1,0.1,0.1,0,0.1,0,-0.1,0.1,0.1,0.1,0.1,0.1,0.1,0.2,0.1,0.1,-0.7,0.1,0.2,0.1,0.1,0.1,0.1,0.2,0.1,0,-2.57,0.1,0.1,0.1,0,0.1,0.1,0.1,0.1,0,-3.65,0.1,0.1,0.1,0,0.1,0.1,0,0.1,0.1,-3.34,0.2,0.1,0.1,0.2,0.1,0.1,0.1,0.1,0.1,-1.7,0.1,0.1,0.1,0.1,0.1,0.1,0.1,0.1,0.1,-0.5,0.1,0.1,0.1,0.1,0.1,0.1,0,0.2,0.1,0,0,0.1,0.1,0.1,0,0.1,0.1,0.1,0.1,0,0.1,0.2,0.1,0,0.1,0.1,-0.1,0
0.000161,0.1,0.2,0.1,0.1,0.1,0.2,0.1,0,0.1,0,0.1,-0.1,0.1,0.1,0.1,0.1,0.1,0.1,0.1,0.1,0.1,-0.7,0,0.1,0.1,0.1,0.1,0.1,0,0.1,0.1,-2.62,0.1,0.1,0.1,0.1,0.1,0,0.1,0,0.1,-3.65,0.1,0.1,0.1,0.1,0.1,0.1,0.1,0.1,0,-3.44,0.2,0,0.1,0.1,0.1,0.1,0,0.1,0,-1.7,0.1,0.1,0.1,0,0,0.1,0.1,0,0.1,-0.4,0.1,0.1,0,0.1,0.2,0,0.1,0.1,0.1,0,0.1,0.1,0.1,0.1,0.1,0.1,0.1,0.1,0.1,0.1,0.1,0.1,0.1,0.1,0.2,0.1,-0.1,0
0.000161,0.1,0.1,0.1,0.1,0.1,0.1,0.1,0.1,0.1,0.1,0,-0.1,0.2,0.1,0.1,0.1,0,0.1,0.1,0,0,-0.7,0.1,0,0.1,0,0.1,0.1,0.1,0.1,0.1,-2.57,0.1,0.1,0.1,0.1,0.1,0.1,0.1,0.1,0.1,-3.62,0,0.1,0.1,0.1,0.1,0.1,0,0.1,0,-3.29,0.1,0,0.1,0.1,0.1,0.1,0.1,0.1,0.1,-1.7,0.1,0.1,0.1,0.1,0.1,0.1,0.1,0.1,0.1,-0.4,0.1,0.1,0.1,0.1,0.1,0.1,0,0.1,0,-0.1,0.1,0.1,0.1,0.1,0.1,0.1,0.1,0.1,0,0,0.1,0.1,0.1,0.1,0,0.1,0,0
0.000161,0,0.1,0.1,0.1,0.1,0.1,0.1,0.1,0.2,0.1,0.1,-0.1,0.1,0.1,0,0.1,0.1,0.1,0.1,0.1,0.1,-0.8,0,0.1,0.1,0.1,0.1,0,0.1,0.1,0,-2.62,0,0.1,0.1,0.1,0.1,0.1,0.1,0.1,0.1,-3.62,0.1,0.1,0,0.1,0,0.1,0.1,0.1,0.1,-3.39,0.1,0.2,0.1,0.1,0.1,0.1,0.2,0.1,0.1,-1.7,0.1,0.1,0,0,0.1,0.1,0.1,0.1,0.1,-0.5,0.1,0.1,0,0.1,0.1,0.2,0.1,0.1,0.1,-0.1,0.1,0.1,0.1,0.1,0.1,0.1,0.1,0,0.1,0,0,0.1,0.1,0.1,0.1,0.1,-0.1,0
0.000161,0.1,0.1,0.1,0.1,0.1,0.1,0.1,0.1,0.1,0.1,0.1,-0.1,0,0.1,0.2,0,0.1,0.1,0.1,0.1,0.1,-0.7,0,0.1,0.1,0.1,0.1,0.1,0.1,0.1,0.1,-2.66,0,0.1,0,0.1,0.1,0.1,0.1,0.1,0.1,-3.62,0,0.1,0.1,0.1,0.2,0.1,0.1,0.1,0.1,-3.44,0.1,0.1,0.1,0.1,0.1,0.1,0,0.1,0.1,-1.7,0.1,0.1,0.1,0.1,0.1,0.1,0.1,0.1,0,-0.5,0.1,0.1,0.1,0.1,0.1,0.1,0.1,0.1,-0.1,0,0.1,0,0.1,0.1,0,0.1,0.1,0.1,0.1,0,0.1,0.1,0.1,0.1,0.1,0.1,0,-0.1
0.000162,0.1,0.1,0.1,0.1,0.1,0.1,0.1,0,0,0.1,0.1,-0.1,0.1,0.1,0.1,0.1,0.1,0.1,0,0.1,0.1,-0.8,0.1,0.1,0.1,0.1,0,0.1,0.1,0.1,0.1,-2.7,0.1,0.1,0.1,0.1,0,0.2,0.1,0.2,0.1,-3.68,0.1,0,0.1,0.1,0.2,0.1,0.1,0.1,0.1,-3.34,0.1,0.1,0,0,0.1,0.1,0.1,0.1,0.2,-1.7,0.1,0.1,0.1,0,0.1,0,0.1,0.1,0.1,-0.4,0.1,0.1,0.2,0.1,0.1,0.1,0.1,0.1,0.1,-0.1,0,0,0.1,0.1,0.1,0.1,0.1,0.1,0.1,0,0,0.1,0.1,0,0.1,0.1,0,-0.1
0.000162,0,0.1,0.1,0.1,0.1,0,0.1,0.1,0.1,0.1,0.1,-0.1,0.1,0.1,0.1,0.1,0,0.1,0.1,0.1,0.1,-0.7,0.1,0.1,0,0,0.1,0.1,0.1,0.1,0.1,-2.62,0.1,0.1,0.1,0.1,0.1,0.1,0.1,0.1,0.1,-3.68,0.1,0.1,0.1,0.1,0.1,0.1,0.1,0.1,0.1,-3.29,0,0.1,0,0.1,0.1,0.1,0.1,0.1,0.2,-1.7,0.1,0.1,0.1,0.1,0.1,0.1,0.1,0.1,0.1,-0.3,0.1,0,0.1,0.1,0.1,0,0,0.1,0,-0.1,0,0.1,0.1,0.2,0.1,0.1,0.1,0.1,0.1,0.1,0,0.1,0.2,0.1,0.1,0.1,0,0
0.000162,0.1,0.1,0,0.1,0.1,0.1,0.1,0.1,0.1,0.1,0.1,-0.1,0.1,0.1,0.1,0,0.1,0.1,0.1,0.1,0.1,-0.7,0.1,0.1,0.1,0.1,0,0.1,0.1,0.1,0.1,-2.62,0.1,0,0.1,0,0.1,0.1,0.1,0.1,0,-3.62,0.1,0.1,0.1,0.1,0.1,0.1,0.1,0,0.1,-3.29,0.1,0.1,0.1,0.1,0.1,0.1,0.1,0.1,0.1,-1.8,0.1,0,0.1,0,0,0.1,0.1,0.1,0.1,-0.4,0.1,0.1,0.1,0.1,0.1,0,0.1,0.1,0.1,-0.1,0.1,0,0.1,0.1,0.1,0.1,0.1,0.1,0.1,0,0.1,0.1,0.1,0.1,0.2,0.1,0,0
0.000162,0,0.2,0.1,0.1,0.1,0.1,0.1,0.1,0.1,0.1,0.1,-0.1,0.1,0.1,0,0,0.1,0.2,0.1,0.1,0.1,-0.7,0.1,0.1,0.1,0.1,0.1,0.1,0.1,0.1,0,-2.53,0.1,0.1,0.1,0.1,0.1,0.1,0.1,0.1,0.1,-3.67,0,0.1,0.1,0.1,0,0.1,0,0.2,0.1,-3.29,0.1,0.1,0.1,0.1,0.1,0.1,0.1,0.1,0.1,-1.7,0.1,0.1,0,0.2,0.1,0.1,0.1,0,0.1,-0.3,0.1,0,0.1,0.1,0.1,0.1,0.1,0.1,0.1,-0.1,0.2,0.1,0.1,0.1,0.1,0.1,0.1,0,0,-0.1,0.1,0.1,0.1,0.1,0.1,0.1,0,-0.1
0.000162,0.1,0.1,0.1,0.1,0.1,0,0.2,0.1,0.1,0.1,0.1,-0.2,0.1,0.1,0.1,0.1,0.1,0.1,0.1,0.2,0.1,-0.7,0.1,0.1,0.1,0,0.1,0.1,0.1,0.1,0.1,-2.36,0.1,0.1,0.1,0,0.1,0,0.1,0.1,0.1,-3.71,0.1,0.1,0.1,0.1,0.1,0.2,0,0.1,0.1,-3.44,0.1,0.1,0.1,0.1,0,0.2,0,0,0.1,-1.8,0,0.1,0.1,0,0.1,0.1,0.1,0.1,0.1,-0.4,0.1,0,0.1,0.1,0.1,0.1,0.1,0.1,0.1,-0.1,0,0.1,0,0.2,0.1,0.1,0,0.1,0.1,0.1,0.1,0,0.1,0.2,0.1,0.1,0,0
0.000163,0.1,0.1,0.1,0.1,0,0,0.1,0,0.1,0.1,0.1,-0.2,0.1,0,0.1,0.1,0,0.1,0.1,0.1,0.1,-0.7,0.2,0.1,0.1,0.1,0.1,0.1,0.1,0.1,0.1,-2.31,0.1,0.1,0,0.1,0.1,0.1,0.1,0.1,0.1,-3.71,0.1,0.1,0,0.1,0.1,0.1,0.1,0.1,0,-3.29,0.1,0.1,0.1,0.1,0.1,0.1,0.1,0.1,0.1,-1.8,0.1,0.1,0.1,0.1,0.1,0.1,0.1,0.1,0.1,-0.4,0.1,0.1,0.1,0,0.1,0.1,0.1,0,0.1,-0.1,0.1,0.1,0.1,0.1,0.1,0.1,0.2,0.1,0.1,0,0.1,0.1,0.2,0.1,0.1,0.1,-0.1,0
0.000163,0.1,0.1,0.1,0,0.1,0.1,0.1,0.1,0.1,0.1,0,-0.1,0.1,0.1,0.1,0.1,0.1,0,0.1,0.1,0.2,-0.7,0,0.1,0.1,0.1,0.2,0.1,0.1,0.1,0.1,-2.37,0.2,0,0.1,0.2,0.1,0.1,0.1,0.1,0,-3.61,0.1,0.1,0,0.1,0.1,0.1,0.1,0,0.1,-3.25,0.1,0.1,0.1,0.1,0.1,0.1,0.1,0.1,0.1,-1.7,0.1,0.1,0.2,0.1,0.1,0.1,0.1,0,0.1,-0.4,0,0.1,0.1,0.1,0.1,0.1,0.1,0,0,-0.1,0.1,0.1,0.1,0.1,0,0,0.2,0.1,0.1,0,0.1,0.1,0.1,0.1,0.1,0.1,-0.1,0
0.000163,0,0.1,0.1,0.1,0.1,0.1,0.1,0.1,0.1,0.1,0.1,-0.2,0.1,0,0.1,0.1,0.1,0.1,0.1,0.1,0.1,-0.8,0.1,0.1,0.1,0.1,0,0.1,0.1,0.1,0.1,-2.37,0.1,0.1,0.1,0.1,0.1,0,0.1,0.1,0.1,-3.61,0.1,0.1,0,0.1,0.1,0,0.1,0.1,0.2,-3.25,0.1,0.1,0.1,0.1,0.1,0.1,0.1,0.1,0.1,-1.6,0.1,0,0.1,0.1,0,0,0.1,0.1,0.1,-0.5,0,0.1,0.1,0.1,0.1,0.1,0.1,0.1,0,-0.1,0,0,0.1,0.1,0.2,-0.1,0.1,0.2,0.1,0,0.1,0.1,0.1,0.1,0.1,0,-0.1,0
0.000163,0,0.1,0.1,0.1,0.1,0.1,0.2,0.1,0.1,0.1,0.1,-0.1,0,0.1,0.1,0.1,0.1,0,0.1,0.1,0.1,-0.8,0.1,0.1,0.1,0.1,0.1,0.1,0.1,0.2,0.1,-2.37,0.1,0.1,0.1,0.1,0.1,0.1,0.1,0.1,0.2,-3.61,0,0.1,0.1,0.1,0.1,0.1,0,0.1,0.1,-3.25,0.1,0.1,0.1,0.1,0.1,0.1,0.1,0,0,-1.6,0.1,0.1,0.1,0,0.1,0.1,0.1,0.1,0.1,-0.4,0,0.1,0.1,0.1,0.1,0.1,0.1,0.2,0.1,0,0.1,0,0.1,0.1,0.2,0.1,0.1,0.1,0.1,0,0.1,0.1,0.1,0.1,0.1,0.2,-0.2,0
0.000163,0.2,0.2,0,0.2,0.1,0.1,0.1,0.1,0.1,0.1,0.1,-0.1,0,0,0.1,0.1,0.1,0.2,0.1,0.1,0.1,-0.7,0.1,0.2,0.1,0,0.1,0.1,0.1,0.1,0.1,-2.46,0.1,0.1,0.1,0.1,0.1,0.1,0.1,0.1,0,-3.71,0.1,0,0.1,0.1,0.1,0,0.1,0.1,0.1,-3.25,0.1,0.1,0.1,0,0,0.1,0.1,0.1,0.1,-1.6,0.1,0.1,0.1,0.1,0.2,0,0.1,0.1,0.2,-0.5,0.1,0.1,0.2,0.1,0.1,0.1,0.1,0.1,0.2,-0.1,0.1,0,0.1,0.1,0.1,0.1,0,0,0.1,0,0.1,0.1,0,0.1,0.1,0.1,-0.1,0
0.000164,0.1,0.1,0.1,0.1,0.1,0.1,0.1,0.1,0,0.1,0.1,-0.1,0,0.1,0.1,0.1,0.1,0.1,0.1,0.1,0.1,-0.7,0.1,0.1,0.1,0.1,0.1,0.1,0.1,0.1,0.1,-2.4,0.1,0.1,0.1,0.1,0.1,0.1,0.1,0.1,0,-3.57,0.1,0.1,0.1,0.1,0.1,0.1,0,0.2,0.2,-3.25,0.1,0.1,0,0.1,0.1,0.1,0.1,0.1,0.1,-1.6,0,0,0,0,0.1,0.1,0.1,0.2,0.1,-0.5,0.1,0,0.1,0.1,0.1,0.1,0,0.1,0.1,0,0.1,0.1,0,0.1,0,0.1,0.1,0.1,0.1,0,0.1,0.1,0,0.1,0.1,0.1,-0.1,0.1
0.000164,0.1,0.1,0.1,0,0.1,0.1,0.2,0.1,0,0.1,0,-0.1,0.2,0.1,0.1,0.1,0.1,0,0.1,0,0.1,-0.7,0.1,0.1,0,0.1,0.1,0.1,0.1,0.1,0.2,-2.49,0,0.1,0,0.1,0.2,0.1,0.1,0.1,0.1,-3.71,0.1,0.1,0.1,0.1,0.1,0.1,0,0,0.1,-3.35,0.1,0.1,0.1,0.1,0.1,0.1,0.1,0,0.1,-1.7,0.1,0.1,0.1,0.1,0,0.1,0,0.1,0,-0.5,0.1,0.1,0.1,0.1,0.1,0.1,0,0.1,0.1,0,0.1,0,0.1,0.1,0.1,0.1,0.1,0.1,0.1,0,0.2,0.1,0.1,0.1,0.1,0.1,-0.1,0.1
0.000164,0,0.1,0.1,0.1,0.2,0,0,0,0.1,0.1,0.1,-0.1,0.1,0.1,0.1,0.1,0,0.1,0.1,0.1,0.1,-0.7,0.1,0.1,0.1,0.1,0,0.1,0.1,0.1,0.1,-2.53,0.1,0.2,0.1,0.1,0.1,0.1,0.1,0.1,0,-3.67,0.1,0.1,0.1,0.1,0.1,0.1,0.1,0.1,0.2,-3.21,0.1,0.1,0.1,0.1,0.1,0.1,0.1,0.1,0.1,-1.6,0.1,0.1,0.1,0.1,0.1,0.1,0.1,0.1,0.1,-0.5,0.1,0,0.1,0.1,0,0,0.1,0,0.1,0,0.2,0.1,0.1,0.1,0.1,0.1,0.1,0,0.2,-0.1,0,0,0,0.1,0.1,0.2,0,0
0.000164,0.1,0.1,0.1,0.1,0.1,0.1,0.1,0.1,0.1,0.1,0.1,-0.1,0.1,0.1,0.1,0.2,0.2,0,0.1,0.1,0.2,-0.7,0,0.1,0.1,0,0.1,0.1,0.1,0,0.1,-2.47,0.1,0,0.1,0.1,0.2,0.1,0.1,0,0.2,-3.62,0.1,0.1,0.1,0.1,0.1,0.1,0.1,0.1,0.1,-3.35,0.1,0.1,0.1,0.1,0.2,0.1,0.1,0,0.1,-1.7,0.1,0.1,0,0,0.1,0.1,0.1,0.1,0.1,-0.4,0.1,0.1,0.1,0.1,0.1,0.1,0.1,0.1,0.1,-0.1,0.1,0,0.1,0.1,0.1,0.1,0.1,0.1,0.1,0,0.1,0.1,0.1,0.1,0.2,0.1,0,0
0.000164,0.2,0,0.1,0.1,0.2,-0.1,0.1,0.2,0.1,0.1,0.2,-0.2,0,0.1,0.1,0.1,0.1,0.1,0.2,0.1,0.1,-0.7,0.1,0.1,0.1,0.1,0.1,0.1,0,0.1,0.1,-2.57,0,0,0.1,0.1,0,0.1,0.2,0.1,0.2,-3.67,0.1,0,0.1,0.1,0.1,0,0.1,0.1,0,-3.25,0.1,0.2,0.1,0.1,0.1,0.1,0.1,0.1,0.1,-1.7,0,0.1,0.1,0,0.1,0.1,0.1,0.2,0,-0.4,0.1,0.1,0.1,0.1,0,0.1,0.1,0.1,0,-0.1,0.1,0,0.2,0.1,0.1,0.1,0.1,0,0.1,0,0.1,0.1,0.1,0.2,0.1,0.1,0,0
0.000165,0.1,0.1,0.2,0.1,0.1,0.1,0.1,0.1,0.1,0,0,0,0.1,0.1,0.1,0.1,0.1,0.2,0.1,0,0.1,-0.7,0,0.1,0.1,0.1,0.1,0.1,0.1,0.1,0.1,-2.57,0.1,0.1,0.1,0.1,0.1,0.1,0.1,0,0,-3.62,0.1,0.1,0.1,0,0.1,0.1,0.1,0.1,0.1,-3.25,0,0,0.2,0.1,0.1,0.1,0.2,0.1,0.1,-1.7,0.1,0.1,0.1,0.1,0.1,0.1,0.1,0.1,0.1,-0.4,0,0.1,0.1,0.1,0.1,0.1,0.1,0.1,0,-0.1,0.1,0.1,0.1,0.1,0.1,0.1,0.1,0.1,0.1,0,0.1,0.1,0.2,0.2,0,0.1,0,-0.1
0.000165,0.1,0.1,0.1,0,0.1,0.1,0.2,0.1,0,0.1,0.1,-0.1,0.1,0.2,0.1,0.1,0.1,0.1,0.1,0.1,0.1,-0.8,0.1,0.1,0.1,0.1,0.1,0.1,0.1,0.2,0.1,-2.57,0.1,0.1,0.1,0.1,0.1,0.1,0.1,0.1,0.1,-3.67,0.1,0.1,0.1,0,0.1,0.1,0.1,0.1,0.1,-3.21,0.1,0,0.1,0.1,0.1,0.1,0.1,0.1,0.1,-1.7,0.1,0.1,0.1,0.1,0.1,0.2,0.1,0.1,0.1,-0.4,0.1,0.1,0,0,0.1,0,0.1,0.1,0.1,0,0.1,0,0.1,0.1,0.1,0.2,0.1,0,0.1,0,0,0.1,0.1,0.1,0.1,0,0,0
0.000165,0.1,0.1,0.1,0.1,0.1,0.1,0,0.1,0.1,0,0.1,-0.1,0.1,0.1,0.1,0.1,0.1,0.1,0.1,0.1,0.1,-0.6,0.1,0.1,0,0.1,0,0.1,0.1,0.1,0,-2.53,0.1,0.1,0.1,0.1,0.1,0.1,0.1,0.1,0.1,-3.62,0.1,0.1,0.1,0.1,0.1,0.1,0.1,0.2,0,-3.31,0.1,0.1,0.1,0.1,0.1,0.1,0.1,0.1,0,-1.7,0.2,0.1,0.1,0.1,0.1,0,0,0.1,0.1,-0.4,0.1,0.1,0.1,0.1,0.1,0.1,0.1,0,0.1,-0.1,0.2,0,0.1,0.1,0.2,0.1,0.1,0.2,0.1,-0.1,0.1,0.1,0.1,0.1,0.1,0,-0.1,0.1
0.000165,0.1,0.1,0,0.1,0.1,0.1,0.2,0.1,0.1,0.2,0.1,-0.1,0,0.1,0.1,0.1,0.1,0.1,0,0,0.1,-0.6,0.1,0.1,0.1,0,0.1,0.1,0,0.1,0.1,-2.49,0,0.1,0.1,0.1,0.1,0.1,0,0.1,0,-3.62,0.1,0.1,0.1,0.1,0.1,0,0.1,0.1,0.1,-3.21,0.1,0.1,0.1,0.1,0.1,0.1,0.1,0.1,0.1,-1.8,0.1,0.1,0,0.1,0.1,0.1,0.1,0.1,0.1,-0.4,0.2,0.1,0.1,0,0.2,0,0.1,0.1,0.1,-0.1,0.1,0.1,0,0,0,0.1,0.1,0.1,0,-0.1,0.1,0.1,0.1,0.1,0.2,0.1,-0.1,0
0.000165,0.1,0.1,0.1,0.1,0.1,0.1,0.1,0.1,0,0.1,0.2,-0.1,0.1,0.1,0.1,0.1,0.1,0,0,0.1,0.1,-0.7,0.1,0.1,0.1,0.1,0,0.1,0.1,0.1,0.1,-2.49,0.1,0.1,0.2,0.2,0.1,0.2,0,0.1,0.2,-3.58,0.1,0.1,0.1,0.1,0.1,0.1,0.1,0.1,0.1,-3.21,0.1,0.1,0.1,0.1,0.1,0.1,0.1,0.1,0,-1.6,0.1,0.1,0.1,0,0.1,0.1,0.1,0,0.1,-0.4,0.1,0.1,0.1,0.1,0,0.1,0,0.1,0.1,-0.1,0.1,0.2,0.1,0.1,0,0.1,0.1,0.1,0.1,0,0.1,0.1,0.1,0.1,0,0.2,-0.1,0
0.000166,0.1,0.1,0.1,0.1,0,0.1,0.1,0.1,0,0.1,0.1,-0.1,0,0.1,0.1,0.1,0.1,0.1,0.1,0.1,0.2,-0.8,0.1,0.1,0.1,0.1,0.1,0,0,0,0.1,-2.44,0.1,0.1,0.1,0.1,0.1,0.1,0.1,0.1,0.1,-3.67,0.1,0.1,0.1,0,0,0.1,0.1,0.1,0.1,-3.26,0.1,0.1,0.1,0.1,0.1,0,0.1,0.1,0.1,-1.6,0.1,0.1,0.1,0.1,0.1,0.1,0.1,0.1,0,-0.5,0.1,0.1,0.1,0.1,0,0,0.1,0.1,0.1,-0.1,0.1,0,0.1,0.1,0.1,0.1,0.1,0.1,0.1,0,0.1,0,0.1,0.1,0.1,0.1,-0.1,0.1
0.000166,0.1,0.1,0.1,0.1,0.1,0.1,0.1,0.1,0.1,0.1,0.2,-0.1,0.1,0,0,0,0.1,0.1,0,0.1,0.1,-0.7,0,0.1,0.2,0.1,0.1,0.1,0.1,0.2,0.1,-2.44,0.1,0.1,0.1,0.2,0.1,0.1,0.1,0.1,0,-3.62,0.1,0.1,0.1,0.1,0,0.1,0.1,0,0.2,-3.21,0.1,0.1,0.2,0.1,0.1,0.1,0.2,0.1,0.2,-1.5,0.1,0,0.1,0,0.1,0.1,0.1,0.1,0.1,-0.5,0,0.2,0.1,0.1,0,0.1,0.1,0.1,0.1,0,0.1,0.1,0.1,0.1,0.1,0.1,0.1,0,0.1,0,0.1,0,0.1,0.1,0,0.1,-0.1,0
0.000166,0.2,0.1,0.1,0,0.1,0,0,0.2,0,0.1,0,-0.1,0.1,0.1,0.1,0.1,0.1,0.1,0.1,0.1,0.1,-0.8,0.1,0.1,0.1,0.1,0.1,0.1,0.1,0.1,0.1,-2.44,0.1,0,0.1,0.1,0.2,0.1,0.1,0.1,0.2,-3.52,0,0,0.1,0.1,0.1,0.1,0.1,0.1,0.1,-3.21,0.1,0.1,0.1,0,0.1,0.1,0.1,0.1,0.1,-1.6,0.1,0.1,0,0.1,0.1,0,0.1,0.1,0.1,-0.5,0.1,0.1,0.1,0.1,0.1,0,0.1,0,0.1,0,0.1,0.1,0,0,0.1,0.1,0.1,0.1,0.1,0,0.1,0.2,0.1,0.1,0.1,0.1,-0.1,0.1
0.000166,0.1,0.1,0,0.1,0.1,0.1,0.1,0.1,0,0.1,0,-0.1,0.1,0.1,0.1,0.1,0.1,0.1,0.1,0.2,0.1,-0.7,0.1,0.1,0.1,0.1,0.1,0.1,0.1,0.1,0.1,-2.49,0.1,0.1,0,0.1,0.1,0.1,0,0,0.1,-3.52,0,0.1,0.1,0.1,0.1,0.1,0.1,0.1,0.1,-3.16,0.1,0.1,0,0.2,0.1,0.1,0.1,0.1,0.1,-1.6,0.1,0.1,0.1,0.1,0.2,0.1,0.1,0.1,0.2,-0.4,0,0.1,0.1,0.1,0.1,0.1,0.1,0.1,0.1,0,0.1,0.1,0,0.1,0,0.1,0.2,0.1,0.1,-0.1,0.1,0.1,0,0.1,0.1,0.1,-0.1,0
0.000166,0.1,0.1,0.1,0.1,0.1,0.1,0,0,0.1,0.1,0.1,-0.2,0,0.1,0.1,0.1,0.1,0.1,0.1,0.1,0.1,-0.8,0.1,0.1,0.1,0.1,0.1,0,0.1,0.1,0.1,-2.44,0,0.1,0.1,0.1,0.1,0.1,0.1,0.1,0.1,-3.62,0.1,0.1,0.1,0,0,0.1,0.1,0.1,0.1,-3.22,0,0.1,0,0.1,0.1,0.1,0,0.1,0.2,-1.6,0.1,0.1,0.1,0.1,0.1,0.1,0.1,0.1,0.1,-0.5,0.2,0.1,0.1,0,0.1,0.1,0.1,0.1,0.1,0,0.1,0.1,0.1,0.1,0.1,0.1,0.1,0.1,0.1,0,0,0.1,0.1,0,0.1,0.1,-0.1,0
0.000167,0.1,0.1,0,0,0.1,0.1,0.1,0,0.1,0.1,0,-0.1,0.1,0.1,0.1,0.1,0.1,0,0.1,0.1,0,-0.7,0,0.1,0.1,0.1,0.1,0,0.1,0,0.1,-2.49,0.1,0.1,0.1,0.1,0,0,0.1,0.2,0.1,-3.57,0.1,0.1,0.1,0.1,0.1,0.1,0.1,0,0.1,-3.26,0,0.1,0,0.1,0.1,0.1,0.1,0.1,0.1,-1.6,0.1,0.1,0.1,0.1,0.1,0.1,0.1,0.1,0.1,-0.5,0.1,0.1,0.1,0.1,0,0.2,0.1,0.1,0.1,0,0.2,0.1,0.1,0.1,0.1,0.1,0.1,0.1,0.1,-0.1,0.2,0.1,0.1,0.1,0.1,0.1,0,0
0.000167,0.1,0.1,0.1,0,0.1,0.1,0.1,0,0,0.1,0.1,-0.1,0.1,0.1,0.1,0.1,0.1,0,0.1,0.1,0.1,-0.7,0.1,0.1,0,0.1,0,0,0.1,0.1,0.2,-2.53,0.1,0.1,0.1,0,0,0.1,0.2,0.1,0.1,-3.57,0.1,0.1,0.1,0,0.1,0.1,0,0.2,0.1,-3.16,0.1,0,0.1,0.1,0.2,0.1,0,0.1,0.1,-1.6,0.1,0.1,0.1,0.1,0.1,0,0.1,0,0.1,-0.5,0.1,0,0,0.1,0.1,0.1,0,0.2,0.1,-0.1,0.1,0,0.1,0.1,0.1,0.1,0.1,0.1,0.1,0,0.1,0.1,0.2,0.1,0.1,0.1,0.1,-0.1
0.000167,0.1,0.1,0.1,0.1,0.1,0.2,0.1,0.1,0.1,0,0.1,0,0.1,0.1,0.2,0.1,0.1,0.1,0.1,0,0.1,-0.7,0.1,0.1,0.1,0.2,0.1,0.1,0.1,0.1,0.1,-2.49,0,0.1,0.1,0.1,0.1,0.1,0.1,0.1,0.1,-3.52,0,0.2,0.1,0.1,0.1,0.2,0.1,0.1,0,-3.08,0.1,0.1,0.1,0.1,0.1,0,0.1,0.1,0.1,-1.7,0.1,0.1,0.1,0.1,0.1,0.1,0,0.1,0.2,-0.5,0.1,0.1,0.1,0.1,0.1,0.1,0.1,0.1,0.1,-0.1,0.1,0.1,0,0.1,0.1,0,0.1,0.1,0.1,-0.1,0.1,0.1,0.1,0.1,0.1,0.1,0,0
0.000167,0.1,0.1,0.1,0.1,0.1,0.1,0,0,0.1,0.2,0.1,-0.1,0,0,0.1,0.1,0.1,0,0.1,0.1,0.1,-0.7,0,0,0.1,0.1,0.1,0.1,0.2,0.1,0.1,-2.53,0.2,0.1,0.1,0.1,0.1,0.1,0.1,0.1,0.1,-3.62,0.1,0.1,0.1,0.1,0.1,0.1,0.1,0,0,-3.12,0.1,0.1,0.1,0.1,0.1,0.1,0.2,0,0.1,-1.6,0,0.1,0.1,0,0.2,0.1,0.1,0.1,0.1,-0.5,0.1,0.1,0.1,0.1,0.1,0,0,0.1,0.2,-0.1,0.1,0,0.1,0,0.1,0.1,0.1,0.1,0,0,0.1,0,0.1,0.1,0.1,0.1,0,0
0.000167,0.1,0.1,0,0.1,0.1,0.1,0.1,0,0,0.1,0.1,-0.1,0.2,0.1,0.1,0.1,0.1,0.1,0.1,0.1,0.1,-0.7,0.1,0.1,0,0.1,0.1,0.1,0.1,0.1,0.1,-2.53,0.1,0.1,0.1,0.1,-0.1,0.1,0,0,0,-3.58,0.1,0,0.1,0.1,0,0.1,0.1,0.1,0,-3.18,0.1,0.1,0.1,0.1,0.1,0.1,0.1,0,0.1,-1.7,0.1,0.1,0.1,0,0.1,0.1,0.1,0.1,0.1,-0.5,0.1,0.1,0,0.1,0,0.1,0.1,0.1,0.1,-0.1,0.1,0.1,0.1,0,0.1,0.1,0.1,0.1,0.1,0,0,0.1,0.1,0.2,0.1,0.2,0,0
0.000168,0,0.1,0.1,0,0.1,0.1,0.1,0.1,0,0.1,0,-0.1,0.1,0.1,0.1,0.1,0.1,0.1,0.2,0.2,0.1,-0.8,0.1,0.1,0.1,0,0,0.1,0,0.2,0,-2.53,0.1,0.1,0.1,0.1,0.1,0.1,0.1,0,0.1,-3.52,0.1,0.1,0.1,0.1,0.1,0.1,0,0.1,0,-3.08,0.1,0.1,0.1,0.1,0.1,0,0.1,0.1,0,-1.7,0.1,0.1,0.1,0.1,0,0.2,0,0.1,0.1,-0.5,0.1,0.1,0.1,0.1,0.1,0,0.1,0.1,0.1,-0.1,0.1,0.1,0.1,0.1,0.1,0.1,0.2,0.1,0.1,0,0.1,0.1,0.1,0.1,0.1,0.1,0,0
0.000168,0.1,0.1,0.1,0.1,0.2,0.1,0.1,0.1,0.1,0.1,0,-0.1,0.1,0,0.1,0.1,0.1,0.1,0,0.1,0.1,-0.7,0.1,0.1,0.2,0.1,0.1,0.1,0,0.1,0,-2.44,0.1,0.1,0.1,0.1,0.1,0.1,0.1,0,0.1,-3.48,0,0.1,0.1,0.1,0.1,0.1,0.1,0.1,0.1,-3.18,0.1,0.1,0,0.1,0,0.1,0,0.1,0.1,-1.6,0.1,-0.1,0.1,0.1,0,0.1,0.1,0.1,0.1,-0.3,0.1,0.1,0.1,0.1,0,0.2,0.1,0,0.1,-0.1,0.1,0.1,0.1,0.1,0.1,0.1,0.2,0.1,0.1,0.2,0.1,0.1,0.1,0.1,0.1,0,0,0
0.000168,0.1,0.1,0.1,0.1,0.1,0.1,0,0.1,0.1,0.1,0,0,0.1,0.1,0,0.1,0.1,0.1,0.1,0.1,0.1,-0.7,0,0.1,0,0.1,0.1,0,0.1,0,0.1,-2.49,0.1,0.1,0.1,0.1,0.1,0.1,0,0.1,0.1,-3.52,0.1,0,0,0,0.1,0.1,0.1,0,0.1,-3.13,0,0.1,0.1,0,0.2,0.1,0.1,0.1,0.1,-1.6,0.1,0,0.1,0.1,0.1,0.1,0.1,0.1,0,-0.4,0.1,0.1,0.1,0.1,0.1,0.1,0.1,0.1,0.1,0,0.2,0.1,0,0,0.2,0,0.1,0.1,0.1,0.1,0.1,0.1,0.1,0.1,0.1,0,0,0
0.000168,0.1,0.1,0.1,0.1,0.1,0.1,0.2,0.1,0,0.1,0.1,0,0.1,0.1,0,0.1,0.2,0,0.1,0.1,0,-0.7,0.1,0.1,0,0.1,0.1,0,0,0.1,0.1,-2.4,0.1,0.1,0,0.1,0.1,0.1,0.1,0.1,0,-3.54,0.1,0.1,0.1,0.1,0.1,0.1,0.1,0.1,0,-3.08,0,0.1,0.2,0.1,0.1,0.1,0.1,0.1,0.1,-1.6,0.1,0.1,0.1,0.1,0,0.1,0.2,0,0.1,-0.3,0,0.1,0.1,0.1,0.1,0,0,0,0,-0.1,0,0.1,0.1,0.1,0,0.1,0.1,0.1,0.1,0.1,0.1,0.1,0.1,0,0,0.1,0,0
0.000168,0.1,0.1,0.1,0.1,0.1,0.1,0.1,0,0.1,0.1,0,-0.1,0.2,0.1,0,0.1,0.1,0,0,0,0.1,-0.8,0.1,0.2,0.1,0.1,0.1,0.1,0.2,0,0.1,-2.49,0.1,0.2,0.1,0.1,0.1,0.1,0.1,0.1,0.1,-3.44,0.1,0,0.1,0.1,0,0.1,0.1,0.1,0.1,-3.08,0.1,0,0.1,0.1,0.1,0.2,0,0.1,0.1,-1.5,0.1,0.1,0,0.1,0.1,0.1,0.1,0.2,0.2,-0.4,0.1,0.1,0.1,0.1,0.1,0.1,0,0.1,0,0,0.1,0.1,0.1,0.1,0.1,0.1,0.1,0.1,0.1,0.1,0.1,0.1,0.1,0.1,0.1,0,0,0
0.000169,0.1,0.1,0.1,0.1,0.1,0.1,0.1,0,0.1,0.1,0.1,0,0.1,0.1,0,0.1,0.1,0,0.1,0.2,0.1,-0.7,0.1,0.1,0,0,0.1,0.1,0.2,0,0.1,-2.49,0,0.1,0.2,0.1,0.1,0.1,0,0,0.2,-3.48,0.1,0.1,0.1,0.2,0.1,0.1,0.1,0.1,0.1,-3.12,0,0.1,0.1,0.1,0.1,0.1,0.1,0.1,0.1,-1.6,0.2,0.1,0.1,0,0.1,0.1,0,0.1,0.1,-0.3,0.1,0,0.1,0.1,0,0.1,0.1,0.1,0.1,-0.1,0.1,0.1,0.1,0,0.1,0.1,0.1,0,0,0.1,0,0.1,0,0.2,0.1,0,0,0
0.000169,0.2,0.1,0.2,0.1,0.1,0,0.1,0.1,0.1,0.1,0.2,-0.1,0.2,0.1,0.1,0.1,0.1,0.1,0.1,0.1,0.1,-0.7,0.1,0,0.1,0.2,0.1,0.1,0.1,0.1,0.1,-2.4,0.1,0.2,0.1,0.1,0.1,0.1,0,0.1,0.1,-3.48,0.1,0.1,0.1,0,0,0.1,0.1,0.1,0.1,-3.12,0.1,0,0,0.1,0.1,0.2,0.1,0.1,0.1,-1.5,0.1,0.1,0.1,0.1,0.1,0.1,0,0.1,0.1,-0.4,0,0.1,0.2,0.1,0,0.1,0.1,0.1,0.1,-0.1,0.2,0.1,0,0.1,0.1,0.1,0.1,0.1,0,0,0.1,0,0.1,0.2,0.1,0.1,0,0.1
0.000169,0.2,0.1,0.2,0.1,0,0.1,0,0.2,0.1,0.1,0.1,-0.2,0.2,0,0.1,0,0.1,0.1,0,0.1,0.1,-0.7,0.1,0.1,0.1,0.1,0.1,0,0.1,0,0.1,-2.4,0.1,0.1,0.1,0.1,0.2,0.1,0.1,0,0.2,-3.48,0.1,0.1,0,0.1,0,0.1,0.1,0.1,0.1,-3.12,0.1,0.1,0.1,0.1,0.1,0,0.2,0.1,0,-1.5,0.1,0.1,0.1,0.1,0.1,0.1,0.1,0.1,0.1,-0.4,0.1,0.2,0.1,0.1,0.1,0.1,0.1,0.1,0.1,-0.1,0.2,0.1,0.1,0.1,0.1,0.1,0.2,0,0.1,0,0.1,0,0,0.1,0.1,0,0,0
0.000169,0.2,0,0.1,0.1,0.1,0.1,0.1,0.1,0,0.1,0.1,-0.1,0.1,0.1,0.1,0.1,0.2,0.1,0.1,0.1,0.1,-0.7,0.1,0.1,0.1,0.1,0,0.1,0.1,0.1,0.1,-2.49,0.2,0.1,0.1,0.1,0,0.1,0,0.1,0.1,-3.44,0,0.1,0,0.1,0.1,0,0.1,0.2,0.1,-3.12,0.1,0.1,0.1,0,0.1,0.2,0.1,0.1,0.1,-1.5,0.1,0,0,0,0.1,0,0,0,0.1,-0.4,0.1,0.1,0.1,0.1,0.1,0.1,0.1,0.1,0,0.1,0.1,0.1,0.1,0.1,0,0,0.1,0,0.1,-0.1,0.1,0.1,0,0.1,0.1,0.1,0.1,0
0.000169,0.1,0.1,0.1,0,0.1,0.2,0.2,0,0.2,0.1,0.1,-0.1,0,0.1,0.2,0.1,0.1,0.1,0.1,0.1,0,-0.6,0.1,0.1,0.2,0.1,0.1,0.1,0,0.1,0.1,-2.44,0.1,0.1,0.1,0.1,0.1,0.1,0,0,0.1,-3.44,0,0.1,0.2,0.1,0.1,0.1,0.1,0.1,0.1,-3.08,0.1,0.1,0.1,0.1,0.1,0.1,0.1,0.1,0,-1.5,0.1,0.1,0.1,0.1,0.1,0,0.1,0.1,0.1,-0.5,0.1,0.1,0,0.1,0.1,0.1,0.1,0.1,0.1,-0.1,0.1,0.1,0,0,0.1,0.1,0.1,0.1,0,0,0,0,0.1,0.1,0,0.1,0.1,-0.1
0.00017,0.1,0.2,0.1,0,0.1,0.1,0.1,0.1,0.1,0.1,0.1,-0.1,0.1,0.1,0.1,0.1,0.1,0.1,0.1,0.1,0.1,-0.6,0.2,0.1,0,0.1,0.1,0.1,0,0.2,0.1,-2.44,0,0.1,0.1,0.1,0.1,0.1,0.1,0.1,0.1,-3.44,0.1,0.1,0.1,0.1,0.1,0.1,0.1,0.1,0.1,-3.03,0.1,0.1,0.1,0.1,0.1,0.1,0.2,0.1,0.1,-1.5,0,0.1,0,0.1,0.1,0.1,0,0.1,0.1,-0.4,0.1,0.1,0.2,0.1,0.2,0.1,0.1,0.1,0,0.1,0.1,0.1,0,0.1,0,0.1,0.1,0.1,0.1,-0.1,0.1,0.1,0.2,0.1,0.1,0.1,0.1,0
0.00017,0.1,0.1,0.1,0.1,0,0.1,0.1,0.1,0.2,0.1,0.1,-0.2,0.1,0,0.1,0,0.1,0.1,0,0.1,0.1,-0.6,0.1,0,0,0.1,0,0,0.1,0.1,0,-2.44,0.1,0.1,0.1,0.1,0.1,0,0,0.1,0.1,-3.44,0.1,0.1,0.1,0.1,0.2,0.1,0.2,0.1,0,-3.03,0.1,0,0,0.1,0.2,0.1,0,0.1,0,-1.6,0.2,0.1,0.1,0.1,0.1,0,0,0.1,0.1,-0.5,0,0.1,0.1,0.1,0.1,0.1,0.1,0,0.1,-0.1,0.1,0.1,0.1,0.1,0.1,0.1,0.1,0.1,0.1,-0.1,0.1,0,0,0.1,0,0.1,0,0
0.00017,0,0,0.1,0.1,0,0.1,0,0.1,0.1,0,0.1,-0.1,0,0.1,0.1,0.1,0.1,0.1,0.1,0,0.1,-0.5,0,0.1,0.1,0.1,0.1,0.1,0.1,0.1,0.1,-2.4,0.1,0.1,0,0.1,0.1,0.1,0.1,0.1,0.1,-3.39,0,0.1,0.1,0.1,0.1,0.1,0.1,0.1,0,-3.13,0.1,0.1,0.1,0.1,0.1,0.1,0,0.1,0.1,-1.6,0.1,0.1,0,0.2,0.1,0,0.2,0.1,0,-0.4,0.1,0.1,0.1,0.1,0.1,0.1,0.1,0.1,0.1,-0.1,0.2,0.1,0.2,0.1,0.1,0.1,0.1,0,0.1,0,0,0.1,0.1,0.1,0.1,0.1,0.2,0.1
0.00017,0.1,0.1,0.1,0.1,0.1,0.1,0.1,0,0,0.1,0.1,-0.2,0.1,0.1,0.1,0.1,0,0.1,0.1,0.1,0.1,-0.7,0.2,0.1,0.1,0.2,0.1,0.1,0.1,0.1,0.1,-2.36,0.1,0.1,0.1,0.1,0.1,0.1,0,0.2,0.1,-3.44,0.1,0.1,0.1,0,0.1,0,0,0.1,0.2,-2.95,0.1,0.1,0,0.1,0.1,0.1,0.1,0,0.1,-1.6,0.2,0.2,0.1,0.1,0.1,0.2,0.2,0.1,0.1,-0.5,0,0.1,0.1,0.1,0,0.1,0.1,0.1,0.1,0,0.2,0.1,0.1,0.1,0.1,0.1,0,0.1,0,0,0.1,0.1,0,0.1,0,0.1,0,0.1
0.00017,0,0.1,0.1,0.1,0.1,0.1,0.2,0.1,0.1,0.1,0.2,-0.1,0.1,0.1,0.1,0.1,0.1,0.1,0,0.1,0.2,-0.6,0.1,0.1,0.1,0.1,0,0,0.1,0.1,0,-2.36,0.1,0.1,0,0,0.1,0.1,0.1,0.1,0.1,-3.44,0.1,0.1,0,0.1,0.1,0.1,0.1,0.1,0.1,-3.05,0.1,0.1,0.1,0.2,0,0,0.1,0.1,0.1,-1.6,0.1,0.1,0.1,0.1,0.1,0.2,0.1,0.1,0.1,-0.3,0.1,0,0.1,0.1,0.1,0,0.1,0.1,0,0,0,0.1,0,0.1,0.1,0,0.1,0.1,0.1,0.1,0.1,0.1,0.1,0.1,0.1,0.1,0,0.1
0.000171,0.1,0,0.1,0,0.2,0.1,0.1,0.1,0.1,0.1,0.1,-0.1,0.1,0.1,0.1,0.1,0.1,0.1,0.1,0.1,0.1,-0.7,0.2,0.1,0.1,0.1,0.1,0.1,0.2,0.1,0.1,-2.31,0.1,0.1,0.1,0,0.1,0.1,0.2,0.1,0.1,-3.39,0.1,0.1,0.1,0,0.1,0,0,0.1,0,-3.05,0,0.1,0.1,0,0.1,0.1,0.1,0.2,0.1,-1.6,0.1,0.1,0.1,0.1,0.1,0.1,0.1,0.2,0.1,-0.4,0.1,0.2,0.1,0.1,0.1,0.1,0.2,0,0,0,0.1,0.1,0.1,0,0.1,0.1,0.1,0.1,0,0.1,0.1,0,0,0.1,0.1,0.1,0,0.1
0.000171,0.1,0.1,0.1,0.1,0.1,0.1,0.1,0.1,0.1,0.2,0,-0.1,0,0.1,0.1,0.1,0.2,0.1,0.1,0,0.1,-0.7,0.1,0,0.1,0.1,0.1,0.1,0.1,0.1,0,-2.4,0.1,0.1,0.1,0.1,0.1,0.1,0.1,0.1,0,-3.39,0.1,0.1,0.1,0.1,0,0.1,0.1,0.1,0.1,-3,0,0.1,0.1,0.1,0.1,0.1,0.1,0.2,0.1,-1.5,0.1,0.1,0,0.1,0.1,0.1,0.2,0.1,0.1,-0.3,0,0.1,0,0.1,0.1,0,0.1,0.1,0.1,0,0.1,0.1,0.1,0.1,0,0.1,0.1,0.1,0.1,0.1,0,0,0.1,0.1,0.1,0,-0.1,0
0.000171,0.1,0.1,0,0,0.1,0,0.1,0.1,0.1,0.1,0.1,-0.1,0.1,0.1,0.1,0,0.1,0.1,0.1,0.1,0,-0.7,0.1,0.1,0.1,0.1,0.1,0,0.2,0,0.1,-2.31,0.2,0.2,0,0.1,0.1,0.1,0.1,0,0.1,-3.39,0.2,0.1,0.1,0.2,0,0.1,0.2,0.1,0.1,-3,0.1,0.1,0.1,0.1,0.1,0.1,0,0.2,0.1,-1.5,0.1,0.1,0.1,0.1,0,0.1,0.1,0.1,0,-0.3,0.1,0.1,0,0.1,0.1,0.2,0,0.1,0.1,0,0.1,0,0.1,0.2,0,0.1,0,0.1,0.1,0.1,0.1,0,0.1,0.1,0.1,0,-0.1,0.1
0.000171,0,0,0.2,0.1,0.1,0.1,0.1,0,0.1,0.1,0.1,-0.1,0.1,0.1,0.1,0,0.1,0,0.1,0,0,-0.8,0.1,0.1,0.1,0.1,0.1,0.1,0.1,0.1,0.1,-2.36,0.1,0.1,0.1,0,0.1,0.1,0.1,0.1,0.1,-3.39,0,0.1,0.1,0.1,0.1,0.1,0.1,0.1,0.1,-3,0.1,0.1,0.1,0.1,0.1,0.1,0.1,0,0.1,-1.5,0.1,0.1,0.2,0.1,0.1,0.1,0.1,0.1,0.1,-0.3,0.1,0.1,0.1,0.1,0.2,0.1,0.1,0.1,0.1,-0.1,0.1,0,0.1,0.1,0.1,0.1,0,0,0.1,0,0.1,0,0,0.1,0.1,0.1,0,0
0.000171,0.1,0.1,0,0.1,0.1,0.1,0.1,0.1,0.1,0,0.1,-0.2,0.1,0.1,0,0.1,0.1,0.1,0.1,0.1,0.1,-0.7,0,0,0.1,0,0.1,0,0.1,0.1,0.2,-2.36,0,0.1,0.1,0.1,0.1,0.1,0.1,0,0.1,-3.49,0,0.1,0.1,0.1,0.1,0.1,0.2,0.1,0.1,-3,0.1,0.1,0.1,0.1,0,0.1,0.1,0.1,0.1,-1.5,0.1,0.1,0.1,0.2,0.1,0,0.2,0.1,0.1,-0.3,0.1,0.1,0.1,0.1,0.1,0.1,0.1,0.1,0.1,0,0.1,0.1,0.1,0.1,0.1,0.1,0.1,0.1,0.1,0.1,0.1,0.1,0.1,0.1,0.1,0.1,0,0.1
0.000172,0.2,0.1,0.1,0,0.1,0.1,0.1,0,0,0.1,0.1,-0.1,0.1,0.1,0.1,0.1,0.1,0.2,0.1,0.1,0.1,-0.7,0.1,0.1,0.1,0.1,0.2,0.1,0.1,0.1,0.1,-2.36,0.1,0.1,0.1,0.1,0.1,0.1,0.1,0,0.1,-3.31,0,0.1,0.1,0.1,0.1,0.1,0.1,0.1,0.1,-2.95,0,0.1,0.1,0.1,0.1,0.1,0.2,0,0.1,-1.5,0,0.1,0.1,0.1,0.1,0.1,0.2,0.1,0.1,-0.3,0.1,0.1,0.2,0.1,0.1,0.1,0,0.1,0.1,-0.1,0.1,0.1,0.2,0.1,0.1,0.1,0.1,0.1,0.1,0,0.1,0.1,0.1,0.1,0.1,0.1,0.1,0.1
0.000172,0,0.1,0.1,0.1,0.1,0.1,0.1,0.2,0.1,0,0.1,-0.1,0.1,0.1,0,0.1,0.1,0.1,0.1,0.1,0.1,-0.7,0.1,0,0,0.1,0.2,0.1,0.1,0.1,0.1,-2.4,0.1,0.1,0.1,0.1,0.1,0.2,0.1,0,0.1,-3.36,0.1,0.1,0.1,0,0,0,0.1,0.1,0,-2.95,0.1,0,0,0.2,0.1,0.1,0.1,0,0.1,-1.5,0.1,0.1,0.1,0.1,0.1,0.1,0.2,0.1,0.1,-0.3,0.1,0.1,0.1,0.1,0.1,0.1,0.1,0.1,0.1,-0.1,0.2,0.1,0.1,0.1,0.1,0.1,0.1,0,0.1,-0.1,0.2,0.1,0.1,0.1,0,0.2,0.1,-0.1
0.000172,0.1,0.1,0,0.1,0.1,0,0.1,0.1,0.1,0.1,0.1,-0.1,0.2,0.1,0.1,0.1,0.1,0.1,0.1,0,0.1,-0.6,0.1,0.1,0.1,0.1,0,0,0.1,0.1,0.1,-2.4,0.1,0.1,0.2,0.1,0.1,0.1,0.1,0.1,0.1,-3.36,0.1,0.1,0,0.1,0.1,0,0.1,0.1,0.1,-2.95,0,0.1,0.1,0.1,0.1,0.1,0.1,0,0.1,-1.5,0.1,0.1,0.1,0.1,0.1,0.1,0.2,0.1,0.1,-0.3,0.1,0.1,0.2,0.1,0.1,0,0.1,0.1,0.1,-0.1,0.1,0,0,0,0.1,0.1,0.1,0.2,0,0,0.1,0.1,0.1,0,0,0.2,0.1,0
0.000172,0.1,0.1,0.1,0.1,0.1,0.2,0.1,0.1,0.2,0.1,0.1,-0.2,0.1,0.1,0.1,0.1,0.1,0.1,0.1,0.1,0,-0.6,0.1,0.1,0,0.2,0.1,0,0.1,0.1,0.1,-2.36,0.1,0.1,0.1,0.1,0.1,0.1,0.2,0,0.1,-3.36,0.1,0.2,0,0.1,0.1,0.1,0.1,0.1,0.1,-2.95,0.1,0.1,0.1,0.2,0,0,0.1,0.1,0.1,-1.5,0.2,0.1,0,0.1,0.1,0.1,0.2,0.1,0.1,-0.4,0.1,0.1,0.1,0.2,0.1,0,0.1,0.1,0.1,-0.1,0.1,0.1,0.1,0.1,0.1,0.1,0.1,0.1,0,0,0.1,0.1,0.2,0.1,0.1,0.1,0.1,0
0.000172,0,0.2,0.1,0.1,0.1,0.2,0.1,0.1,0.1,0.1,0.1,-0.1,0.1,0.1,0.2,0.1,0.1,0.1,0,0.1,0,-0.6,0.1,0.1,0.2,0.1,0,0.1,0,0.1,0.1,-2.31,0.1,0.1,0.1,0,0.1,0.1,0.1,0.1,0.2,-3.32,0,0.1,0.1,0.1,0.1,0.1,0.1,0.1,0.1,-2.95,0.1,0.1,0.1,0.1,0.2,0.1,0,0,0.1,-1.5,0,0,0.1,0.2,0.1,0.1,0.1,0.1,0.1,-0.4,0,0.1,0.1,0,0.1,0.1,0.1,0.2,0,-0.1,0,0.1,0,0.1,0.1,0.1,0.1,0.1,0.1,0,0.1,0,0.1,0.1,0.1,0.1,0.2,0
0.000173,0.2,0.1,0.1,0.1,0.1,0.1,0.1,0.1,0.1,0,0,-0.1,0.1,0,0,0.1,0.1,0,0.1,0.1,0.1,-0.6,0.1,0.1,0.1,0.1,0.1,0.1,0.2,0.1,0.1,-2.31,0.1,0.1,0.1,0.2,0.1,0.1,0.1,0.1,0.1,-3.31,0,0.2,0.1,0.1,0.1,0.2,0.1,0.2,0.1,-2.9,0.1,0,0,0.1,0.1,0.1,0.1,0,0,-1.5,0.1,0.1,0,0,0.1,0.1,0.1,0.1,0,-0.4,0.1,0,0.1,0.1,0.1,0.1,0.1,0.1,0,-0.1,0.1,0.1,0.1,0,0.1,0.1,0,0,0,-0.1,0.1,0.1,0,0.1,0.1,0.1,0.1,0.1
0.000173,0.1,0.1,0.1,0.1,0.1,0.1,0,0.1,0,0.1,0.1,-0.1,0.1,0.1,0.1,0.2,0,0.1,0.1,0.1,0.2,-0.6,0,0.2,0.1,0.1,0.1,0.1,0,0.1,0.1,-2.27,0,0.1,0.2,0.2,0,0.1,0.2,0.1,0.1,-3.35,0.3,0.1,0.1,0,0,0.1,0.1,0.1,0.1,-2.86,0.1,0.2,0.1,0,0.1,0.1,0.1,0,0.1,-1.5,0.1,0,0.1,0.1,0.1,0.1,0.1,0.1,0.1,-0.4,0.1,0.1,0.1,0.1,0,0.1,0.1,0.1,0.1,0,0.1,0,0.1,0.1,0.1,0.1,0.1,0.1,0.1,0,0.1,0.1,0.1,0,0.1,0.1,0,0
0.000173,0.1,0.1,0.1,0.2,0.1,0.2,0.1,0.1,0.1,0,0.1,-0.1,0,0,0,0.1,0.1,0,0.1,0.1,0.1,-0.5,0.1,0.1,0.1,0.1,0.1,0,0.1,0.1,0.1,-2.27,0.1,0.1,0.2,0,0,0.1,0,0.1,0,-3.35,0.1,0.2,0.1,0.1,0.1,0.1,0.1,0.1,0.1,-2.92,0.1,0.1,0.1,0.1,0.1,0.1,0,0.1,0,-1.5,0.2,0.1,0.1,0.1,0.1,0.1,0.1,0.1,0.1,-0.4,0.1,0.1,0.1,0,0.1,0.1,0.1,0.1,0.1,0,0,0.1,0.1,0.1,0.1,0.1,0.1,0.1,0.1,0,0.1,0.1,0.1,0.1,0.1,0.1,0,0.1
0.000173,0.1,0.1,0,0.1,0.1,0.1,0.1,0.1,0.1,0.1,0.1,-0.2,0.1,0.1,0.1,0.1,0.1,0.1,0.1,0.1,0.2,-0.7,0.2,0.2,0.1,0.1,0.1,0.1,0.2,0,0.2,-2.41,0.1,0.2,0.1,0.1,0.1,0.1,0.1,0.1,0.1,-3.35,0,0.2,0,0.1,0.1,0.1,0.1,0,0.1,-2.86,0.1,0.1,0.1,0.1,0.1,0.1,0.1,0,0.1,-1.5,0.1,0.1,0.1,0.1,0.1,0.1,0.1,0,0.1,-0.3,0.1,0.1,0.1,0.1,0.2,0.1,0.1,0.1,0.1,0,0.1,0,0,0.1,0.1,0.1,0.1,0.1,0.1,0,0,0.1,0.1,0.1,0.1,0,0,0
0.000173,0.1,0.1,0.1,0,0.2,0.2,0,0.1,0.1,0.1,0,-0.1,0.2,0.1,0,0.1,0.1,0.1,0.1,0.1,0.1,-0.7,0.1,0.1,0.1,0.1,0.1,0.1,0.2,0.1,0.1,-2.27,0,0.1,0,0.1,0.1,0.1,0.1,0.1,0.1,-3.26,0.1,0.1,0.1,0,0.1,0.1,0.1,0.1,0.1,-2.88,0,0.1,0.1,0.1,0.1,0.1,0.1,0.1,0.1,-1.4,0,0.1,0.1,0,0.1,0.1,0.1,0.1,0.1,-0.3,0.1,0.1,0,0,0.1,0.1,0,0,0.1,-0.1,0.1,0.1,0.1,0.1,0.1,0.1,0.1,0.1,0.1,0.1,0.1,0.1,0.1,0.1,0,0.1,0,0.1
0.000174,0.1,0.1,0.1,0,0.1,0.1,0.1,0.1,0,0.1,0.1,-0.1,0.1,0.1,0.1,0.1,0.1,0,0.1,0.1,0.1,-0.6,0.1,0,0,0,0,0,0,0.1,0.1,-2.27,0,0,0,0.1,0.1,0.1,0.1,0.2,0.1,-3.42,0.1,0.1,0.1,0,0.1,0,0.1,0,0.1,-2.92,0.1,0,0.2,0.1,0.1,0.1,0.1,0.1,0.1,-1.4,0,0,0.1,0.1,0.1,0,0.1,0.1,0.1,-0.3,0.1,0.1,0.1,0.2,0,0.1,0,0.1,0.1,0,0.1,0.1,0,0,0.1,0,0.1,0.1,0,0.1,0.2,0,0.1,0.2,0.1,0,0,0
0.000174,0.1,0.1,0.1,0,0.1,0.2,0.1,0.1,0.1,0.1,0.1,-0.1,0,0.1,0.1,0.2,0.1,0.1,0.1,0.1,0.1,-0.7,0.2,0.2,0.1,0,0.1,0.1,0,0.1,0.1,-2.27,0.1,0.1,0.1,0.1,0.1,0.1,0.1,0.1,0.1,-3.28,0.1,0.1,0.1,0.1,0.1,0.1,0.2,0.1,0.1,-2.92,0.1,0,0,-0.1,0.1,0.1,0.1,0.1,0.1,-1.4,0,0.1,0,0.1,0.1,0.1,0.1,0.1,0,-0.3,0,0.1,0.1,0.1,0.1,0,0.1,0.1,0.1,-0.1,0.1,0,0.1,0.1,0.1,0.1,0.1,0,0,0.1,0.1,0.2,0.1,0,0.1,0.1,-0.1,-0.1
0.000174,0.1,0.1,0,0,0.1,0.1,0.1,0,0.1,0,0,-0.1,0,0.2,0.1,0.1,0,0.2,0.1,0.2,0.1,-0.7,0.1,0,0.1,0.1,0.1,0.1,0,0.1,0.1,-2.27,0.1,0.1,0.1,0.1,0,0,0.1,0.1,0.2,-3.23,0.1,0.1,0,0.1,0,0.1,0,0.1,0.1,-2.92,0.1,0.1,0.2,0.1,0.1,0.1,0.1,0.1,0.2,-1.5,0,0.1,0.1,0.1,0,0.1,0.1,0.1,0,-0.3,0.1,0.1,0.1,0.1,0.2,0.1,0.1,0.1,0,-0.1,0,0.1,0.1,0.1,0.1,0,0.1,0.1,0.1,0.1,0.1,0.1,0,0.1,0.1,0.2,0,0
0.000174,0.1,0.1,0.2,0,0.1,0,0.1,0,0.1,0.1,0.1,0,0.1,0.1,0.1,0.1,0,0.1,0.1,0,0.1,-0.6,0.1,0.1,0.1,0.1,0,0.1,0.1,0.1,0,-2.31,0.1,0.1,0,0.1,0.1,0.1,0.1,0.1,0.1,-3.32,0.2,0.1,0.2,0.1,0.1,0.1,0.1,0.1,0.1,-2.88,0.1,0.2,0.1,0,0.1,0.1,0.2,0.1,0.1,-1.5,0,0.2,0.1,0.1,0.1,0.1,0.1,0.1,0.1,-0.3,0,0.1,0.1,0.1,0.1,0.1,0.1,0.2,0.1,-0.1,0.1,0.1,0.1,0.1,0.1,0,0,0,0.2,0.1,0.1,0.1,0,0,0.1,0.1,0,0
0.000174,0,0,0.1,0.1,0.1,0,0.1,0.1,0.1,0.1,0,-0.1,0,0.1,0.1,0.1,0.2,0.1,0.1,0.2,0.1,-0.7,0.1,0.1,0.1,0.1,0.1,0.1,0.1,0.1,0.1,-2.31,0.1,0.1,0.1,0.1,0.2,0,0,0.1,0.2,-3.22,0,0.1,0.1,0.1,0.1,0,0.1,0,0,-2.92,0.1,0,0.1,0.1,0.1,0,0.1,0.1,0.1,-1.4,0.2,0.1,0.1,0.1,0,0.1,0.1,0.1,0,-0.3,0.1,0.2,0.1,0.1,0.2,0.1,0,0.1,0,-0.1,0.1,0.1,0.1,0,0.1,0.1,0.1,0.1,0.2,0,0.1,0.1,0,0.1,0.1,0.1,0.1,0
0.000175,0.1,0.1,0.1,0.2,0.1,0.1,0.1,0.1,0.1,0.1,0.1,-0.2,0.1,0.1,0.1,0.1,0.2,0.2,0.2,0.1,0.2,-0.7,0.1,0.1,0.1,0.1,0.1,0.1,0.1,0.1,0.1,-2.31,0,0.1,0.1,0,0.1,0.1,0,0.1,0.1,-3.22,0.1,0.1,0.2,0.1,0.1,0,0,0.2,0.1,-2.92,0.2,0.1,0,0.1,0.1,0.1,0.1,0.1,0.1,-1.4,0.1,0.1,0,0.2,0.1,0.1,0.1,0.1,0.1,-0.3,0.1,0.1,0.1,0.1,0,0.1,0.1,0.1,0,-0.1,0.1,0,0.1,0.1,0.1,0.1,0.2,0,0,0,0.1,0.1,0,0.2,0.1,0.1,0.1,0
0.000175,0.1,0,0.1,0,0,0.1,0.2,0.1,0,0.1,0.1,-0.1,0.1,0.2,0.2,0.1,0,0.1,0,0.1,0,-0.6,0.1,0.1,0.2,0,0.1,0.1,0.1,0.2,0,-2.27,0.1,0,0,0,0,0.2,0.2,0.1,0.1,-3.26,0.1,0,0.1,0.1,0.1,0.1,0.1,0.1,0.1,-2.82,0.1,0.1,0.1,0.1,0,0,0.1,0.1,0.1,-1.4,0.1,0.1,0.1,0,0.1,0.1,0.1,0.1,0.2,-0.3,0.1,0.1,0,0,0.1,0.1,0.1,0.1,0.1,-0.1,0.2,0.1,0.1,0.2,0,0.1,0.1,0.1,0.1,-0.1,0.1,0.1,0.1,0.2,0.1,0.1,0.1,0
0.000175,0.1,0.1,0.1,0.1,0.1,0.1,0.1,0,0,0.1,0,-0.1,0.1,0.1,0.1,0.1,0.1,0.1,0.1,0.1,0.1,-0.6,0.1,0.1,0.1,0.1,0.1,-0.1,0.1,0.1,0.1,-2.27,0.1,0.1,0.1,0,0.1,0.2,0.1,0.1,0.1,-3.26,0.1,0.1,0.1,0,0.1,0.1,0.1,0.1,0.1,-2.88,0.1,0.1,0,0,0.1,0,0.1,0.1,0.1,-1.4,0.1,0.1,0.1,0.2,0.1,0.1,0.1,0.1,0.1,-0.3,0,0.1,0,0.1,0.1,0.1,0,0.2,0.1,-0.1,0.2,0.1,0.1,0.1,0,0,0.1,0.1,0.1,-0.1,0.1,0.1,0.2,0.1,0.1,0.1,0.1,0
0.000175,0.1,0.1,0.1,0.1,0.1,0.2,0,0.1,0.1,0.1,0.1,-0.1,0.1,0.1,0.1,0.1,0,0.1,0.2,0.1,0.1,-0.6,0.1,0,0,0.1,0.1,0.1,0.1,0.1,0.1,-2.23,0.1,0.1,0.1,0.1,0.1,0.1,0.1,0.1,0.1,-3.32,0.1,0.1,0.1,0,0.1,0.1,0.1,0.1,0.1,-2.92,0.1,0,0,0.1,0.1,0.2,0.1,0.1,0.2,-1.4,0.1,0.1,0.1,0.1,0.1,0.1,0.1,0.1,0,-0.3,0.1,0.1,0.1,0.1,0.1,0.1,0,0.1,0.1,0,0.1,0.1,0.1,0.1,0.1,0.1,0.1,0.1,0.1,0,0,0.1,0.1,0.1,0.1,0.1,0.2,0
0.000175,0.1,0.1,0.1,0,0.1,0,0.1,0.1,0,0.1,0.1,-0.1,0,0.1,0.1,0.1,0.1,0.1,0.1,0.1,0.1,-0.6,0.1,0.1,0.1,0.1,0.1,0,0.1,0.1,0.1,-2.23,0.2,0.2,0.1,0.1,0.2,0,0.1,0,0.1,-3.18,0.1,0.1,0,0.1,0.1,0,0.1,0,0.1,-2.92,0.1,0.1,0,0.1,0.1,0.1,0,0.1,0.1,-1.5,0.1,0.1,0,0.1,0.1,0.2,0,0,0.1,-0.3,0.1,0.1,0.1,0,0.1,0,0.1,0.1,0.1,-0.1,0.1,0.1,0.2,0.1,0.1,0.2,0.1,0.1,0.1,-0.1,0.1,0.1,0.1,0.2,0.2,0.1,0,0
0.000176,0.1,0.1,0.1,0.1,0.1,0.1,0.1,0.1,0.1,0,0.1,-0.1,0.1,0.2,0.1,0.1,0.1,0.1,0.1,0.1,0.1,-0.6,0.1,0,0,0.1,0.2,0.1,0.1,0.1,0.1,-2.27,0.1,0.1,0,0.1,0,0,0,0.1,0.2,-3.23,0.1,0,0.1,0,0,0.1,0.2,0.1,0.1,-2.88,0.1,0.1,0.1,0.1,0,0.1,0.1,0.1,0.1,-1.5,0.1,0.1,0.1,0.1,0,0.1,0.1,0.1,0.1,-0.3,0.1,0.2,0.1,0.1,0,0,0.1,0.1,0.1,0,0.1,0.1,0,0.2,0.1,0.1,0.1,0.1,0.1,-0.1,0.1,0.1,0.2,0.1,0.1,0,0.1,0
0.000176,0.1,0.1,0.1,0,0.1,0.1,0.1,0.1,0.1,0.1,0,-0.1,0.1,0,0,0,0.1,0.1,0.1,0.1,0.2,-0.6,0.1,0.1,0.2,0.1,0.1,0.2,0.1,0.1,0,-2.18,0.1,0,0.1,0.1,0.1,0,0.1,0.1,0.1,-3.15,0.1,0.1,0,0.1,0.2,0.1,0.1,0,0.1,-2.88,0.1,0.1,0.1,0.1,0.2,0.2,0,0.1,0.1,-1.5,0.1,0.1,0,0.1,0.1,0.1,0.1,0.1,0.1,-0.3,0,0.1,0.2,0.1,0.1,0,0.1,0.1,0,-0.1,0,0,0,0,0.1,0.1,0.1,0.1,0,-0.1,0.1,0.1,0.1,0.1,0.1,0.1,0,0
0.000176,0.1,0.1,0.1,0.2,0.1,0.1,0,0.1,0.1,0.1,0.1,-0.1,0.2,0,0.1,0.1,0,0.1,0.1,0.1,0.1,-0.7,0,0.1,0.1,0.1,0.1,0.1,0.1,0.1,0.1,-2.24,0.1,0.1,0.1,0.1,0.2,0.1,0.1,0.1,0.1,-3.1,0,0.1,0.1,0.1,0.1,0,0.1,0.1,0.2,-2.83,0,0.1,0.1,0.1,0.1,0.1,0.2,0.1,0.1,-1.4,0.1,0.1,0,0.1,0.1,0.1,0.1,0,0.1,-0.3,0.1,0.1,0,0,0.1,0.1,0.1,0,0.1,0,0.1,0.1,0.1,0.1,0.1,0.1,0.1,0.1,0.1,0,0,0,0,0.1,0.1,0.1,0,0
0.000176,0.1,0.1,0.1,0,0.1,0.1,0.1,0.1,0.1,0.1,0,-0.1,0,0.1,0,0,0,0.2,0,0.1,0,-0.6,0.1,0.1,0.1,0.1,0.1,0.1,0.1,0.1,0.1,-2.28,0.1,0.1,0.1,0,0.2,0,0.1,0.1,0.1,-3.19,0.1,0.1,0.1,0.1,0.1,0.1,0.1,0.1,0,-2.83,0.1,0.1,0.1,0,0.1,0.1,0,0.1,0.1,-1.5,0.1,0.1,0.1,0.1,0,0.1,0.1,0.1,0.1,-0.4,0,0.1,0.1,0.1,0.1,0.2,0.1,0.1,0.1,-0.1,0.1,0,0,0.2,0.1,0.1,0.1,0.1,0.1,0.1,0.1,0.1,0.1,0.2,0.1,0.1,0.1,0
0.000176,0.1,0,0,0.1,0.1,0.1,0.1,0,0.1,0.1,0.1,-0.2,0.1,0.1,0.1,0.1,0.1,0.1,0.1,0.1,0,-0.7,0.1,0.1,0.1,0.1,0.2,0,0.1,0.1,0.1,-2.24,0,0,0,0.1,0.1,0,0,0.1,0.1,-3.13,0.1,0.1,0.1,0.1,0.1,0.1,0.1,0.1,0.1,-2.79,0.1,0.1,0.1,0.1,0,0.1,0.2,0.1,0.2,-1.4,0.1,0.2,0,0.1,0,0.1,0,0,0.1,-0.2,0,0.1,0,0.1,0.1,0.1,0.1,0.1,0.1,0,0.2,0.1,0,0.1,0,0.1,0.1,0.2,0,0.1,0.1,0.1,0.1,0.1,0.1,0.1,0,-0.1
0.000177,0.1,0.1,0.1,0.1,0.1,0.1,0.1,0.1,0.1,0.1,0.1,-0.1,0.1,0,0.1,0,0.1,0.1,0.1,0.1,0,-0.7,0.2,0.1,0.1,0,0.1,0.1,0.2,0.1,0.2,-2.18,0.1,0.1,0,0.1,0.1,0.1,0.1,0.1,0,-3.18,0,0.2,0.1,0.1,0,0.2,0.1,0.1,0.1,-2.83,0.1,0.1,0,0.1,0.1,0.1,0.1,0.1,0.2,-1.4,0.1,0,0.1,0.1,0.1,0.1,0,0.1,0.1,-0.2,0.1,0,0,0.1,0.1,0.1,0.1,0,0.2,0,0.1,0.1,0,0.1,0.1,0.1,0,0,0.1,0.1,0,0,0,0.1,0,0,0,0
0.000177,0.1,0.1,0,0.1,0.1,0,0.1,0,0.2,0.1,0.1,-0.1,0.1,0.1,0.1,0.1,0.1,0,0.1,0.1,0.1,-0.6,0.1,0.1,0,0.1,0.1,0.1,0.1,0.1,0.1,-2.14,0.2,0.1,0.1,0,0,0.1,0.1,0.1,0.2,-3.26,0.1,0.1,0.2,0.1,0.1,0.1,0.1,0.1,0.1,-2.79,0.1,0,0.1,0.2,0.1,0.1,0.2,0.1,0,-1.4,0.1,0.1,0.1,0,0.1,0.1,0.1,0.1,0,-0.4,0.2,0.1,0.1,0.1,0.1,0.2,0.1,0.1,0,-0.1,0,0.1,0.1,0.1,0.1,0.1,0.1,0.1,0.1,0.1,0,0.1,0,0.1,0.1,0.1,-0.1,0
0.000177,0.1,0.1,0.1,0.1,0.1,0,0.1,0.1,0.1,0.1,0.1,-0.1,0.1,0,0.1,0.1,0.1,0.1,0.1,0,0.2,-0.7,0,0.1,0.1,0.1,0.1,0.1,0.1,0.1,0.1,-2.18,0.1,0.1,0,0.1,0.1,0.1,0.1,0.1,0.1,-3.21,0.1,0.1,0,0,0,0.1,0.1,0.1,0.1,-2.73,0.2,0.1,0.1,0.1,0.2,0.1,0.1,0.1,0.2,-1.4,0,0.1,0,0.2,0.1,0.1,0.1,0.1,0.2,-0.3,0,0.1,0.1,0.1,0.1,0.1,0.1,0,0.1,-0.1,0.1,0.1,0.1,0.1,0.1,0.1,0.1,0.1,0.1,0.1,0.1,0.1,0.1,0.1,0.1,0.1,0,0
0.000177,0.1,0,0.1,0.1,0.1,0.1,0,0.1,0.1,0.1,0.1,-0.1,0.1,0,0.1,0,0.1,0.1,0.2,0.1,0.1,-0.6,0.1,0.1,0.1,0.1,0.1,0.1,0.1,0.1,0,-2.18,0.2,0.1,0.1,0,0.1,0.1,0.1,0.1,0,-3.21,0.1,0.2,0.2,0.1,0.1,0.1,0,0.1,0.1,-2.83,0,0.1,0.1,0.1,0.1,0.1,0,0.1,0.1,-1.4,0.1,0.1,0.1,0.1,0,0.1,0.1,0,0.2,-0.3,0.1,0,0.1,0.1,0.1,0.1,0,0.1,0.1,-0.1,0.1,0.1,0.1,0.1,0.2,0.1,0.1,0,0.1,0,0.2,0.1,0,0,0.1,0.1,0,0
0.000177,0.1,0.1,0.1,0.1,0.1,0.1,0,0.1,0.1,0.1,0.1,-0.1,0.2,0.1,0.1,0.1,0.1,0.2,0.1,0.2,0.1,-0.5,0.1,0.1,0.1,0.1,0.2,0.1,0.1,0.2,0,-2.18,0.2,0.1,0,0.1,0.2,0.1,0.2,0,0.1,-3.22,0.1,0.1,0.1,0.1,0.1,0.1,0.1,0.1,0.1,-2.83,0.1,0.1,0,0,0.2,0,0.1,0,0.1,-1.4,0.1,0.1,0.2,0.1,0,0.1,0.1,0.1,0,-0.3,0.2,0.1,0.2,0.1,0.1,0,0.1,0.1,0.1,-0.1,0,0.2,0.1,0,0.1,0.1,0,0.2,0.1,0,0,0,0,0.1,0.2,0.2,0.1,-0.1
0.000178,0.1,0.1,0.1,0.1,0.1,0.1,0.1,0,0.1,0,0.1,-0.1,0.1,0.1,0.1,0,0.1,0.1,0.1,0.1,0.1,-0.5,0.1,0.1,0.2,0,0.1,0.1,0.1,0,0,-2.23,0.1,0.1,0.1,0.1,0.1,0,0.1,0,0.1,-3.13,0,0.1,0,0.2,0.1,0.1,0.1,0.1,0.1,-2.69,0.1,0.1,0.1,0.2,0.1,0.1,0.1,0.1,0.1,-1.4,0.1,0,0.1,0.2,0,0.1,0,0.1,0.1,-0.3,0,0.1,0.1,0.1,0.1,0.2,0.1,0.1,0.1,-0.1,0.1,0.1,0.1,0.1,0.2,0.1,0.1,0,0.1,0,0.1,0,0.1,0.1,0,0.1,0.1,0
0.000178,0.1,0.1,0.1,0.1,0.1,0.1,0.1,0.1,0.1,0.1,0.1,-0.1,0.1,0.1,0,0.1,0.1,0,0.1,0.2,0.1,-0.6,0,0.1,0.1,0.1,0.1,0.1,0.1,0,0,-2.14,0.2,0.1,0.1,0,0.1,0.1,0.1,0,0.1,-3.05,0,0.1,0.1,0,0.1,0.1,0,0,0,-2.69,0.2,0,0.1,0.1,0.1,0,0.1,0.1,0.1,-1.4,0.1,0.1,0.1,0.1,0.2,0,0.1,0,0.1,-0.3,0.1,0.1,0,0.1,0.1,0.1,0.2,0.1,0.1,0,0.1,0.1,0.1,0.1,0.1,0,0.1,0,0.1,0,0.1,0.1,0.1,0,0,0.1,0.1,0
0.000178,0.2,0.1,0.2,0.2,0.1,0,0.1,0.1,0.1,0.1,0.1,-0.1,0,0.1,0.1,0.1,0,0.1,0.1,0.1,0.1,-0.5,0.1,0.1,0.2,0.1,0.1,0.1,0.1,0,0,-2.14,0.1,0.1,0.1,0.1,0.1,0.1,0.1,0.1,0.1,-3.06,0.1,0.1,0.1,0.1,0.1,0.1,0.1,0.1,0.1,-2.78,0.1,0.1,0.1,0,0.1,0.1,0.1,0.2,0.1,-1.4,0,0.1,0.1,0.1,0,0.1,0.1,0.1,0.1,-0.3,0,0.1,0.2,0,0.1,0.1,0.1,0.1,0.1,-0.1,0.1,0.1,0,0.1,0,0.1,0.1,0.1,0.1,-0.1,0.1,0.1,0,0,0.1,0.1,0.1,0
0.000178,0,0.1,0.1,0.1,0,0.1,0,0,0.1,0.1,0,-0.1,0,0.1,0.1,0.1,0.1,0.1,0.1,0.1,0.1,-0.5,0.1,0.1,0.1,0,0,0,0,0.1,0,-2.24,0.1,0.1,0.1,0,0.1,0.1,0.1,0.1,0,-3.12,0.1,0.1,0.1,0.1,0.1,0.2,0.1,0.1,0.1,-2.79,0,0.1,0.2,0.2,0.1,0.1,0.1,0.1,0.1,-1.4,0,0.1,0.1,0.1,0.2,0.1,0.1,0.1,0.1,-0.3,0.1,0.1,0,0.1,0.1,0,0.2,0.1,0,-0.1,0.1,0.1,0.1,0.1,0.1,0,0.1,0.1,0.1,-0.1,0.1,0,0.1,0,0.1,0.1,0.2,0
0.000178,0.1,0,0.1,0,0.1,0,0.1,0.1,0.1,0.1,0.1,0,0,0.1,0.1,0.1,0.1,0.1,0.1,0.1,0.1,-0.6,0.1,0.1,0.1,0.1,0.1,0.1,0.2,0.1,0.1,-2.1,0.1,0.1,0.1,0.1,0.1,0.1,0.1,0.1,0.2,-3.16,0.1,0.1,0.1,0.1,0.1,0.1,0.2,0.1,0.1,-2.69,0,0.1,0,0.1,0.1,0.1,0.1,0.1,0.2,-1.4,0.1,0.1,0,0.1,0.1,0.1,0,0.1,0.2,-0.2,0.1,0.1,0.1,0.1,0.1,0.1,0.2,0,0,-0.1,0.2,0,0.1,0.1,0.1,0.1,0.1,0,0,0,0,0,0.1,0.2,0.1,0.1,0.1,0
0.000179,0.1,0.1,0.1,0.1,0,0,0.1,0,0,0.1,0.1,-0.1,0.1,0.1,0.1,0.1,0.1,0,0.1,0.1,0.1,-0.6,0.1,0,0,0.1,0.2,0,0,0.1,0.1,-2.1,0.2,0.2,0.1,0.1,0.1,0.1,0.1,0.1,0.1,-3.05,0.1,0.2,0.1,0.1,0.1,0.1,0.1,0.1,0.1,-2.75,0.1,0,0.1,0.1,0.1,0.1,0.1,0.1,0.1,-1.4,0.1,0.1,0.1,0.1,0.1,0.1,0.1,0.1,0.1,-0.3,0.1,0.1,0.1,0.1,0.1,0.1,0.2,0,0.1,-0.1,0.1,0.2,0.1,0,0.1,0,0.1,0.1,0,-0.1,0,0.1,0.1,0.1,0.1,0.1,0,0
0.000179,0.1,0.1,0,0,0,0.1,0,0.1,0.1,0.1,0.1,-0.1,0,0.1,0,0.1,0.1,0.1,0.1,0.1,0.1,-0.6,0.1,0.1,0,0.1,0.1,0.1,0.1,0.1,0.1,-2.14,0.1,0.1,0.1,0,0,0,0.1,0.1,0.1,-3.13,0.1,0.1,0,0.1,0.1,0,0.1,0,0.2,-2.7,0.1,0,0.1,0.1,0.1,0.1,0.1,0.1,0.1,-1.4,0.1,0.1,0.1,0.1,0.1,0.1,0.2,0,0.1,-0.3,0,0.2,0.1,0,0.1,0.2,0.1,0,0.2,-0.1,0.1,0.1,0.1,0.1,0.1,0.1,0,0.2,0.1,0,0,0.1,0,0.1,0.1,0,0,0.1
0.000179,0.1,0,0.1,0.1,0.1,0.1,0.1,0.2,0.1,0.1,0,-0.1,0.1,0.1,0,0.1,0.1,0.1,0.1,0.1,0.2,-0.6,0.1,0,0,0.1,0.2,0.1,0,0.1,0.1,-2.1,0.1,0.1,0.1,0,0.2,0,0,0.1,0,-3.13,0,0.1,0.1,0.1,0.2,0.1,0.1,0,0,-2.69,0.1,0.1,0.1,0.1,0.1,0,0.1,0.1,0.1,-1.4,0.1,0,0.1,0.1,0.1,0.1,0,0.1,0.2,-0.3,0.1,0.1,0.1,0.1,0.1,0,0,0.1,0,-0.1,0.2,0.1,0.1,0,0,0,0,0.2,0.1,0.1,0.1,0,0.1,0,0.2,0.1,0,0
0.000179,0.1,0,0.1,0.1,0,0.1,0,0,0.1,0.1,0.1,-0.2,0.1,0.1,0,0.1,0.1,0,0.1,0.1,0,-0.6,0.1,0.1,0.1,0,0.1,0,0.1,0.1,0.1,-2.05,0,0.1,0.1,0.1,0.1,0.1,0,0.1,0,-3.12,0.1,0,0.1,0.1,0.1,0,0.1,0.1,0.1,-2.69,0.1,0.1,0.1,0.1,0.1,0.1,0.1,0,0,-1.4,0.1,0.1,0.1,0.1,0.1,0.1,0.1,0.1,0,-0.4,0.1,0.2,0.2,0.1,0,0.1,0.1,0.1,0.1,0,0.1,0.1,0.1,0.1,0.1,0.1,0.1,0.1,0,0.1,0,0,0.1,0,0.1,0,0,0
0.000179,0,0.1,0.1,0.2,0.1,0.1,0,0.1,0.1,0,0.1,-0.1,0.1,0.1,0.1,0.1,0.2,0.1,0,0,0,-0.6,0.1,0,0,0,0.1,0.2,0,0.2,0.1,-2.1,0,0.1,0,0.1,0.1,0.1,0.1,0.1,0,-3.18,0.1,0.2,0,0.1,0,0,0.1,0.1,0.1,-2.69,0.1,0,0,0,0.1,0.1,0.1,0.1,0.1,-1.4,0.2,0.1,0,0,0.1,0,0.1,0.1,0.1,-0.4,0.1,0.1,0.1,0.1,0.1,0.1,0.2,0.1,0.2,0,0.1,0,0,0.2,0.1,0,0.1,0.1,0.1,0.1,0.1,0,0.2,0.1,0.1,0.1,0,0
0.00018,0.1,0.1,0.1,0,0,0,0.1,0.1,0,0,0.1,-0.1,0.1,0.1,0.1,0.1,0.1,0.1,0.1,0,0.1,-0.6,0.2,0.2,0.1,0.1,0.1,0,0.1,0,0.1,-2.1,0,0.1,0,0.1,0.1,0.1,0.1,0.1,0.1,-3.13,0.1,0.1,0,0.1,0,0.1,0.1,0.1,0.1,-2.73,0.1,0,0.1,0.1,0.1,0,0.1,0,0,-1.4,0,0,0.1,0,0.1,0.1,0.1,0.1,0.1,-0.4,0.1,0,0,0.1,0.1,0.1,0.1,0.1,0,-0.1,0.2,0.1,0.1,0.1,0.1,0.1,0.1,0.2,0,0.1,0.1,0.1,0,0,0,0.1,0,0
0.00018,0.1,0.1,0.1,0.1,0.1,0.1,0.1,0,0.1,0.1,0.1,-0.1,0,0.1,0.1,0,0.1,0.1,0.2,0.1,0,-0.6,0.1,0.1,0,0.1,0,0.1,0.1,0.1,0.1,-2.14,0.1,0.1,0.1,0,0.1,0,0,0.1,0,-3.05,0.1,0,0.1,0,0.1,0.1,0.1,0.1,0.1,-2.65,0.1,0.1,0.1,0.1,0.1,0.1,0.1,0,0.1,-1.4,0.1,0.1,0.1,0.1,0.1,0.1,0.1,0,0.2,-0.4,0.1,0.2,0,0,0.1,0.1,0.2,0.1,0.1,0,0.1,0.1,0.1,0.1,0.1,0.1,0.2,0,0.1,0.1,0.1,0,0,0.2,0,0,0.1,0
0.00018,0,0.1,0.1,0,0,0.1,0.2,0.1,0,0.1,0.1,-0.1,0.2,0,0,0.1,0.1,0,0.1,0,0,-0.6,0,0.1,0.1,0.1,0.1,0.1,0.1,0,0.1,-2.05,0.1,0.1,0.1,0.1,0,0.1,0.1,0.1,0.1,-3.06,0,0.1,0.1,0.1,0.2,0.1,0.1,0.1,0,-2.7,0.1,0.1,0,0.1,0,0.1,0.1,0.1,0.1,-1.4,0.1,0.1,0,0,0.2,0.1,0.2,0,0.1,-0.3,0,0.1,0.1,0.2,0.1,0.1,0.1,0.1,0.1,0,0.1,0.1,0.1,0.1,0.1,0.1,0.1,0.2,0,0.1,0,0.1,0.1,0,0.2,0,0.1,0
0.00018,0.1,0,0.1,0.2,0.1,0,0.1,0,0.1,0.1,0.1,-0.2,0.1,0,0.1,0,0.1,0,0.1,0.1,0.1,-0.6,0,0.1,0.1,0.1,0.1,0.1,0.1,0.1,0.1,-2.1,0.1,0.1,0.1,0.1,0.2,0.1,0,0.1,0.1,-3.12,0.1,0,0.1,0.1,0,0.1,0,0.1,0.1,-2.65,0.1,0,0.1,0.1,0.1,0.1,0.1,0,0,-1.3,0.1,0.1,0.1,0.1,0.1,0.1,0.1,0,0.1,-0.3,0.1,0,0.1,0.1,0.1,0,0.1,0.1,0.1,0,0,0.2,0.1,0.1,0.1,0,0.1,0,0.1,0,0.1,0.1,0,0.1,0.1,0.1,0,0
0.00018,0.1,0.1,0.2,0.1,0.1,0.1,0.1,0.2,0.1,0.1,0.1,0,0.1,0.1,0.1,0.1,0.1,0.1,0.1,0.1,0,-0.6,0,0.1,0.1,0,0,0,0.1,0.1,0.1,-2.14,0.1,0.2,0,0.1,0.1,0.1,0.1,0.1,0,-3.03,0.1,0.1,0,0.1,0.1,0.1,0.1,0.1,0,-2.75,0.1,0.1,0.1,0.1,0.1,0.1,0.1,0,0.1,-1.4,0,0.1,0.1,0,0,0.1,0.1,0,0.1,-0.3,0.1,0,0,0.1,0.1,0.1,0.1,0.1,0.2,0,0.1,0.1,0.1,0.1,0,0,0,0,0.1,0,0,0.1,0.1,0.1,0.2,0.1,0.1,0
0.000181,0.1,0.1,0.1,0.1,0.1,0.1,0,0.1,0,0.1,0.1,-0.1,0.1,0.1,0.1,0.1,0.1,0.1,0.1,0,0.1,-0.6,0.1,0.1,0.1,0.1,0.1,0.1,0.2,0.1,0,-2.14,0.3,0,0.2,0,0.1,0,0.1,0,0.2,-3.02,0.1,0,0,0.1,0,0.1,0.1,0.1,0.1,-2.66,0.1,0,0.1,0.1,0.1,0.1,0.1,0.1,0.1,-1.4,0.1,0.1,0.2,0,0.1,0.1,0.2,0.1,0.1,-0.2,0.1,0.1,0.2,0.1,0.1,0.1,0.1,0.1,0.1,-0.1,0.1,0,0.1,0.1,0.1,0.1,0.1,0.1,0.1,-0.1,0,0.1,0,0,0.1,0.1,0.1,0
0.000181,0.1,0,0.1,0.1,0,0.1,0,0.1,0.2,0.1,0.1,-0.1,0,0.1,0.1,0.1,0.1,0.1,0.2,0,0.1,-0.6,0,0.1,0.1,0,0.2,0,0,0,0.1,-2.1,0,0,0.1,0,0.1,0,0.1,0.1,0,-3.02,0,0.1,0.1,0,0.1,0,0.1,0.1,0.2,-2.6,0,0.2,0.1,0.1,0.1,0,0.1,0,0.1,-1.4,0.1,0.1,0,0.1,0.1,0.1,0.1,0.1,0,-0.3,0.1,0,0.1,0.1,0.1,0.1,0,0,0.1,-0.1,0.1,0.1,0.1,0,0.2,0.1,0.1,0,0.1,0,0.1,0,0.1,0.1,0,0.1,0.1,0
0.000181,0.1,0.1,0.1,0.1,0.1,0.1,0.1,0.1,0.1,0.1,0,-0.1,0.1,0.1,0.2,0.1,0.1,0.1,0,0.1,0.1,-0.6,0,0.1,0.1,0,0.1,0,0,0.1,0,-2.1,0.2,0.1,0.2,0.1,0.1,0.1,0.2,0.1,0.1,-3.1,0.1,0.1,0,0.1,0.1,0.1,0.2,0.1,0.1,-2.6,0.1,0.1,0.1,0.1,0.2,0.1,0.1,0.1,0.1,-1.4,0.1,0.1,0.1,0.1,0.2,0.1,0.1,0,0.1,-0.3,0.1,0.1,0.1,0.1,0.1,0.1,0,0.2,0,0,0.1,0.1,0.2,0.1,0.1,0.1,0.1,0.1,0.1,0,0,0,0.1,0.1,0.1,0.1,0.1,0
0.000181,0.1,0.1,0.1,0.1,0.1,0,0.1,0.1,0.1,0.1,0.1,-0.1,0,0.1,0.1,0.1,0.1,0.1,0.1,0.1,0.1,-0.6,0,0.1,0,0,0.1,0.1,0.2,0.2,0,-2.05,0.1,0.1,0,0,0.1,0.1,0,0.1,0.1,-3.05,0,0.1,0.1,0.1,0,0,0.1,0.1,0.1,-2.65,0,0.1,0.2,0.2,0,0.1,0,0.1,0,-1.4,0.1,0.1,0.1,0.2,0,0.1,0.1,0.1,0.1,-0.3,0.1,0.1,0,0.1,0.1,0.2,0,0.1,0,0,0.1,0.1,0.1,0,0.1,0,0.1,0.1,0,0,0.1,0.1,0.1,0.1,0,0.2,0.1,0
0.000181,0.1,0,0.1,0.1,0.1,0.1,0,0,0.1,0,0.2,-0.1,0.1,0.1,0.1,0.1,0.1,0.1,0,0.1,0.1,-0.6,0.1,0.1,0.1,0.1,0.2,0,0.1,0.2,0,-2.01,0.1,0,0.1,0.1,0.1,0.1,0.1,0.1,0,-3.09,0,0.1,0.1,0.1,0.1,0,-0.1,0,0.1,-2.75,0,0.1,0.1,0.2,0.2,0.1,0,0.1,0.1,-1.3,0.1,0.1,0.1,0.1,0.1,0.1,0.1,0.2,0.1,-0.3,0,0.1,0.1,0.1,0.1,0.1,0.1,0.1,0.1,0,0.1,0,0.1,0.1,0.1,0.1,0,0.2,0.1,0,0.1,0.1,0.1,0.1,0.1,0.2,0,0
0.000182,0.1,0.1,0.1,0.2,0,0.1,0.1,0,0,0.1,0,-0.1,0.1,0.1,0.1,0.1,0.1,0.1,0.2,0,0,-0.6,0,0.1,0,0.1,0.2,0.1,0.1,0.1,0,-2.11,0.1,0,0.1,0.1,0,0,0.2,0,0.1,-3.05,0.1,0.1,0.1,0.2,0.1,0.1,0,0,0.1,-2.65,0.1,0,0.1,0.1,0.1,0.1,0.1,0.1,0.1,-1.3,0.1,0.1,0.1,0.1,0.1,0,0.1,0.1,0.1,-0.2,0.1,0.1,0,0,0.1,0.1,0,0.2,0,0,0.1,0.1,0,0.1,0.1,0.1,0.1,0.1,0.1,0,0.1,0.1,0,0,0.1,0,0,0
0.000182,0.1,0,0.1,0,0.1,0.1,0.1,0,0.1,0.1,0.1,-0.1,0.1,0.1,0.1,0.1,0.1,0.1,0.1,0.1,0.1,-0.6,0.1,0,0.1,0.1,0.1,0,0.2,0.1,0.1,-2.1,0.1,0.1,0.1,0.1,0.1,0.1,0.2,0,0.1,-3.09,0.1,0.1,0.2,0.1,0.1,0.1,0.2,0.1,0.1,-2.6,0.1,0.1,0.1,0.2,0.1,0.1,0.1,0.1,0.1,-1.3,0.1,0,0.1,0.1,0.1,0.1,0,0.1,0.1,-0.4,0.1,0,0,0.1,0,0.1,0.1,0.1,0.2,0,0.1,0.1,0.1,0.1,0.1,0,0.1,0.1,0.1,0.1,0,0,0.1,0,0.1,0.1,0,-0.1
0.000182,0.1,0.1,0.1,0.1,0.1,0.1,0.1,0.1,0,0.1,0,-0.1,0.1,0.1,0.1,0.1,0.1,0.1,0.1,0.1,0,-0.6,0.1,0,0,0.1,0.1,0.1,0.1,0,0.2,-2,0.1,0.2,0,0,0,0.1,0.1,0.1,0.1,-3.05,0.1,0.1,0.1,0,0.1,0.1,0.1,0.1,0,-2.62,0.1,0.1,0.1,0.1,0,0.1,0,0.1,0.1,-1.3,0.1,0.1,0,0.1,0,0,0,0,0,-0.4,0.1,0.1,0.1,0.1,0.1,0.1,0.1,0.1,0.1,0,0,0.1,0.1,0.1,0.1,0.1,0.1,0.1,0.1,0.1,0.2,0.1,0.1,0,0,0.1,0,-0.1
0.000182,0.1,0,0.1,0,0.1,0,0,0.1,0,0.1,0.1,0,0,0.1,0,0,0.1,0.2,0.1,0.1,0.1,-0.6,0.1,0.1,0,0.1,0,0.1,0.1,0,0.1,-2.1,0.1,0.1,0.1,0.1,0.2,0.2,0.1,0.1,0.1,-3.05,0.1,0.1,0.1,0.1,0,0,0.1,0.1,0.1,-2.52,0.1,0,0,0.1,0.1,0.1,0.1,0.1,0.1,-1.3,0.1,0.1,0.1,0.1,0.1,0.2,0,0.1,0.1,-0.4,0.1,0.1,0.2,0.2,0.1,0.1,0.1,0.1,0.1,0,0.1,0.1,0.1,0.1,0.1,0.1,0,0,0.1,0,0.1,0.1,0,0.2,0.2,0.1,0,0
0.000182,0.1,0.1,0,0.1,0,0.1,0,0,0.1,0.1,0.1,0,0.1,0.1,0.1,0.1,0.1,0.1,0.1,0.1,0.1,-0.5,0,0.1,0,0.1,0,0.1,0,0.1,0,-2.01,0.1,0.1,0.1,0.1,0.2,0.1,0.1,0,0,-2.96,0,0.1,0,0,0.1,0.1,0.1,0.2,0.1,-2.7,0,0.1,0.2,0.1,0.1,0.1,0.1,0.1,0.1,-1.2,0,0.1,0.1,0.2,0,0.1,0.1,0.1,0.1,-0.4,0.1,0,0,0.1,0.1,0.1,0.1,0.1,0.2,0.1,0.1,0.1,0,0,0.1,0.1,0,0.1,0.2,0.1,0.1,0,0.1,0.1,0.1,0,0,0
0.000183,0.1,0.1,0.1,0.1,0,0.1,0.1,0.1,0.1,0.1,0.1,-0.2,0.1,0.1,0.1,0.1,0,0.1,0.1,0.1,0.1,-0.6,0.2,0.1,0,0.1,0.1,0.1,0.1,0.1,0,-2.1,0.1,0,0.1,0.2,0.1,0.1,0.1,0.1,0,-3.02,0.1,0.1,0.1,0.1,0,0,0.1,0.1,0.1,-2.62,0,0.1,0,0.1,0.1,0.1,0.1,0.1,0.2,-1.2,0,0.1,0,0.1,0.2,0.2,0,0,0.1,-0.3,0.1,0.1,0.1,0.1,0.1,0.1,0.1,0.1,0.1,0,0.1,0.1,0,0.1,0.1,0.1,0.1,0.1,0.2,0.2,0.1,0.1,0,0.1,0.1,0.1,0,0
0.000183,0.1,0.1,0,0,0.1,0.2,0,0.1,0.1,0.1,0.1,-0.2,0,0,0.2,0.1,0.1,0.1,0.1,0.1,0.1,-0.7,0,0.1,0.1,0.1,0.2,0.1,0.1,0.1,0.1,-2.14,0.1,0.1,0.1,0.1,0,0.1,0.1,0.2,0.1,-2.96,0,0.1,0.1,0,0.1,0,0.1,0,0.1,-2.52,0.1,0.1,0.1,0.1,0.1,0.1,0.1,0.1,0.1,-1.3,0,0.1,0,0.2,0.2,0.1,0.1,0.1,0.1,-0.3,0.1,0.1,0.1,0.2,0.1,0.1,0.1,0,0.1,0,0.1,0.1,0.1,0.1,0.1,0.1,0,0.1,0.1,0.1,0.1,0.1,0.1,0,0,0.1,0.1,0
0.000183,0.1,0,0.1,0.2,0.1,0,0.1,0.1,0.1,0.1,0.1,-0.2,0,0.1,0.1,0.2,0.1,0,0.1,0.1,0,-0.6,0,0.1,0.1,0.1,0.1,0.2,0.1,0.1,0,-2.08,0.1,0.1,0.1,0,0.2,0,0.1,0.2,0.1,-2.98,0.1,0.2,0.1,0.1,0.1,0.1,0.1,0.1,0.1,-2.56,0.1,0.1,0.1,0.1,0.1,0.1,0.1,0,0.1,-1.4,0.1,0.2,0.1,0,0.2,0.1,0.1,0,0.1,-0.3,0.1,0,0.1,0.2,0,0,0.1,0.2,0.1,-0.1,0.1,0,0,0.1,0.1,0.1,0.1,0,0.1,0,0,0.1,0.1,0,0,0.1,0.1,-0.1
0.000183,0.1,0.1,0,0,0.1,0.1,0.1,0.1,0.1,0.1,0,-0.1,0.1,0,0,0.1,0.1,0,0.1,0,0.1,-0.6,0.1,0.1,0.1,0.1,0.1,0.1,0.1,0.1,0.1,-2.18,0.1,0,0.1,0.1,0.1,0.1,0,0.1,0.1,-2.83,0,0.1,0,0,0.1,0,0.2,0.1,0.1,-2.66,0,0.1,0.1,0.1,0.1,0.1,0,0.2,0.1,-1.3,0.2,0.1,0.1,0,0.1,0,0.1,0,0.1,-0.2,0.1,0.1,0.1,0.1,0,0,0.1,0.2,0.1,0,0.1,0,0,0.1,0,0.1,0.2,0.1,0.2,0,0.1,0,0.1,0.2,0,0.1,0,-0.1
0.000183,0.1,0,0,0,0.1,0.1,0,0.1,0.1,0,0.1,-0.1,0.1,0.1,0.1,0.1,0.1,0.2,0.1,0.1,0,-0.6,0.1,0.1,0.1,0.1,0.1,0.1,0.1,0,0,-2.04,0.1,0.2,0,0.1,0.1,0.1,0.1,0.1,0.1,-2.92,0.1,0,0,0.1,0.1,0.1,0.1,0.1,0.1,-2.6,0.1,0.1,0.1,0,0,0.1,0.1,0,0.1,-1.3,0.1,0,0,0.1,0.1,0.1,0.1,0,0.1,-0.2,0.2,0.1,0.1,0.1,0.1,0.1,0,0.2,0.1,0,0.1,0.1,0,0,0.1,0,0,0.2,0.1,-0.1,0,0.1,0,0.1,0.1,0.1,0.1,0
0.000184,0.1,0.1,0.1,0,0,0.1,0.1,0.1,0.2,0.1,0.1,-0.1,0.1,0,0,0,0.1,0.1,0.2,0.1,0.1,-0.6,0,0.1,0,0.1,0.1,0,0.1,0,0,-2.14,0.2,0.1,0,0,0,0.1,0.1,0.2,0.2,-2.98,0.2,0,0.2,0.1,0,0.1,0,0.1,0.1,-2.52,0,0.1,0.1,0.2,0,0.1,0.1,0.1,0.1,-1.3,0.1,0.1,0,0.1,0,0.1,0,0,0.1,-0.3,0.2,0.1,0,0.1,0,0.1,0.1,0.2,0.1,-0.1,0.1,0.1,0.2,0.2,0.1,0,0.1,0.1,0.1,0.1,0.1,0,0,0.1,0.2,0,0.1,0
0.000184,0.2,0,0.1,0.1,0.1,0.1,0.1,0.1,0,0.1,0,-0.2,0.1,0.1,0.2,0,0.1,0.1,0.1,0.1,0.1,-0.6,0.1,0.2,0.2,0.1,0.2,0.1,0.1,0.1,0.1,-2.05,0.1,0.1,0.1,0.1,0.1,-0.1,0.1,0.1,0.1,-2.88,0,0,0.1,0.1,0.1,0.1,0.1,0,0.1,-2.56,0.2,0.1,0.1,0.1,0.1,0.2,0.2,0.1,0.1,-1.4,0,0.1,0,0.1,0.1,0.1,0.1,0.1,0.1,-0.3,0.1,0.2,0.1,0,0.1,0.1,0,0,0,-0.1,0.1,-0.1,0.1,0,0.1,0.1,0.1,0.1,0,0.1,0.1,0.1,0.2,0.2,0.2,0.1,0.1,0
0.000184,0.1,0.1,0.1,0,0.2,0,0.1,0.1,0.1,0,0.1,-0.1,0.1,0.1,0.2,0.1,0,0,0.1,0.2,0.1,-0.6,0.1,0,0.1,0.1,0.2,0.1,0,0,0.1,-2.11,0,0.1,0,0.1,0.1,0.1,0.1,0,0.1,-2.92,0.1,0.1,0,0.1,0.1,0.1,0.1,0,0.1,-2.52,0.1,0.1,0.1,0.1,0.1,0,0.1,0.1,0,-1.3,0.1,0.1,0.1,0.1,0.1,0,0.1,0.1,0.1,-0.3,0.1,0.1,0.1,0,0.2,0.1,0.1,0.1,0.1,-0.1,0.1,0.1,0,0.1,0.1,0.1,0,0.1,0.1,0.1,0.1,0.1,0.1,0,0,0.1,0,0
0.000184,0.1,0.1,0.1,0.1,0,0.1,0,0.2,0.1,0,0.1,-0.1,0.2,0.1,0.1,0.1,0,0.1,0,0.1,0.1,-0.6,0.1,0,0.1,0.1,0,0.1,0.1,0.1,0.1,-2,0,0,0.2,0.1,0.1,0,0.1,0,0.2,-2.88,0.1,0,0.1,0.1,0.1,0.1,0.2,0.1,0.1,-2.47,0.2,0,0.1,0.1,0,0.1,0.2,0,0.1,-1.3,0.1,0.2,0.1,0.1,0.1,0.1,0,0.1,0.1,-0.3,0.1,0.1,0.1,0.1,0.1,0,0.1,0,0.1,0,0.1,0,0,0.1,0,0.1,0.1,0.1,0.1,-0.1,0,0,0.1,0.1,0,0.1,0,0
0.000184,0.2,0.1,0.1,0.1,0.1,0.1,0.2,0.1,0,0,0.1,-0.2,0.1,0.2,0.1,0.1,0.1,0.1,0.1,0.1,0,-0.5,0.1,0.1,0.1,0.1,0.1,0.1,0,0.1,0,-1.9,0.1,0.1,0,0,0.1,0.1,0,0.1,0.1,-2.92,0.1,0,0,0.1,0.1,0.1,0,0.1,0.1,-2.62,0.1,0.1,0.1,0.1,0,0,0,0.1,0.1,-1.2,0,0.1,0.1,0.1,0.1,0.1,0.1,0,0,-0.3,0,0.2,0,0,0.1,0,0.1,0.1,0,0.1,0.1,0.1,0.1,0.1,0.1,0.1,0,0.1,0.1,0,0,0,0.1,0.1,0.1,0.1,0.1,-0.1
0.000185,0.1,0.1,0,0,0.1,0,0.1,0.1,0.1,0.1,0,-0.1,0,0.1,0.1,0.1,0.1,0.1,0,0.1,0,-0.6,0,0,0.1,0,0,0.2,0,0.2,0.1,-2.1,0.1,0.1,0.1,0,0.1,0,0.1,0.1,0.2,-2.92,0.2,0,0.1,0.1,0.1,0.1,0.1,0.1,0,-2.62,0,0,0.2,0.1,0.1,0.1,0.1,0,0.1,-1.2,0.1,0.1,0.1,0.1,0.1,0.1,0.1,0,0.1,-0.3,0.1,0.1,0.1,0.1,0.1,0,0,0.1,0.1,0.1,0.1,0,0.2,0.1,0.1,0.1,0.1,0.1,0.2,0.1,0.1,0.1,0.2,0.1,0,0.1,0,0.1
0.000185,0.1,0.1,0.1,0,0.1,0.2,0.1,0.1,0,0.2,0.1,-0.1,0.1,0.1,0.1,0.1,0.1,0.1,0.1,0.1,0.1,-0.6,0.1,0.1,0.1,0,0.1,0,0.1,0.1,0.2,-2,0.2,0.1,0,0.1,0.2,0.1,0.1,0,0,-2.92,0.2,0.1,0.2,0.1,0.1,0.1,0.1,0.1,0.1,-2.57,0,0.1,0.1,0.1,0,0,0.2,0,0.2,-1.2,0.1,0.2,0,0.1,0.1,0.1,0,0,0.1,-0.3,0.1,0.1,0.1,0,0.1,0.1,0.2,0.1,0.1,0.1,0.1,0.1,0.1,0.1,0.1,0.1,0.1,0.1,0.1,0,0.1,0,0.1,0,0,0.1,0,0
0.000185,0.1,0,0.1,0.1,0.1,0.1,0.1,0.1,0,0.1,0,-0.1,0,0.1,0.1,0.1,0.1,0.1,0.1,0.1,0.1,-0.6,0.1,0.1,0.1,0,0.2,0.1,0.1,0.2,0.1,-2,0,0.1,0.1,0.1,0.1,0.1,0.1,0.1,0.1,-2.92,0.2,0.1,0,0.1,0.1,0,0.1,0.1,0.1,-2.47,0.1,0.1,0,0,0.2,0.1,0,0.1,0,-1.2,0.1,0.1,0,0,0.1,0.1,0.1,0.1,0.1,-0.3,0.2,0.1,0,0.1,0.1,0.1,0.2,0.1,0.1,0,0.1,0.1,0.1,0,0.1,0,0.2,0.2,0.2,0,0,0,0,0,0.1,0,0,0
0.000185,0.2,0.1,0.1,0,0.1,0.1,0.2,0.2,0.1,0,0.1,-0.1,0.2,0.1,0.1,0.1,0,0.1,0.1,0.1,0.1,-0.5,0.1,0.1,0.1,0.1,0.2,0,0.1,0.1,0,-2.01,0.1,0,0.1,0.1,0.1,0.1,0.2,0,0.2,-2.88,0.1,0.1,0.2,0,0,0,0.1,0.2,0.1,-2.52,0,0.1,0.1,0.1,0.1,0.1,0.1,0.1,0.1,-1.3,0.1,0.1,0,0.1,0.1,0.1,0.1,0.1,0.1,-0.3,0.1,0.1,0.1,0.1,0.1,0.1,0,0.1,0.1,0,0.1,0,0.1,0.1,0.1,0.1,0.1,0.1,0.2,0.1,0.1,0,0.1,0,0.1,0.2,0,0
0.000185,0.1,0.1,0.1,0,0.1,0.1,0.1,0.1,0.2,0.1,0.1,-0.1,0.1,0.1,0,0.1,0,0.1,0.2,0.1,0,-0.6,0,0,0.1,0,0.1,0,0.1,0.1,0.1,-2.01,0,0,0.1,0.1,0,0.1,0.1,0.1,0.1,-2.88,0.1,0,0,0.1,0.1,0,0.1,0.1,0.2,-2.62,0.1,0.1,0.1,0,0,0.1,0.1,0.1,0.1,-1.3,0.1,0.1,0,0.1,0,0.1,0.1,0.1,0.2,-0.3,0.1,0,0,0.1,0,0,0,0.1,0,0,0.1,0,0,0.1,0,0,0,0.1,0.1,0.1,0.1,0.1,0,0.1,0.1,0.1,0,0
0.000186,0.1,0.1,0.1,0.1,0,0.1,0.1,0.1,0,0.1,0,-0.1,0.1,0.1,0.2,0.1,0.1,0,0,0.1,0,-0.5,0,0.1,0.1,0.2,0.2,0.1,0,0,0.1,-2.05,0.2,0.1,0.2,0.1,0.1,0.2,0.1,0.1,0.1,-2.88,0,0.1,0.1,0.1,0,0,0.2,0.1,0.2,-2.43,0.1,0.1,0.1,0.1,0,0.1,0.1,0.1,0.1,-1.3,0.1,0.1,0.1,0.1,0,0.1,0,0.1,0.1,-0.3,0,0.1,0,0,0.1,0.1,0.1,0.1,0.1,-0.1,0.1,0.2,0.2,0,0.2,0.2,0,0.1,0.1,0.1,0.1,0.1,0,0.2,0.2,0,0,0.1
0.000186,0.1,0.1,0,0.1,0.2,0.1,0,0.1,0,0.1,0.1,-0.1,0.1,0.1,0,0.1,0.1,0.1,0,0,0.1,-0.6,0.1,0.1,0,0,0.1,0.1,0,0.2,0.1,-2.05,0.1,0.1,0.1,0.1,0.1,0.1,0,0.1,0.1,-2.88,0.1,0.1,0.1,0.1,0.1,0,0.1,0,0.1,-2.57,0.1,0,0.1,0.1,0,0,0.1,0.2,0.2,-1.4,0.1,0.1,0.1,0.1,0,0.1,0.1,0.1,0,-0.3,0,0.2,0.1,0.2,0.1,0,0.1,0.1,0.1,-0.1,0.1,0.1,0.1,0.1,0.1,0,0,0,0.1,0.1,0.1,0,0.2,0.1,0.1,0.1,0,0
0.000186,0,0.2,0.1,0.1,0.2,0,0,0.1,0.1,0,0.1,-0.1,0.1,0.1,0.1,0.1,0.1,0.1,0.1,0,0,-0.5,0.1,0,0,0,0.1,0.1,0.1,0.2,0.1,-2.05,0.1,0.1,0.1,0,0.1,0.1,0.2,0.1,0,-2.88,0.1,0.1,0.2,0.2,0,0,0.2,0,0.1,-2.47,0.1,0.1,0.1,0,0,0.1,0.2,0.1,0.1,-1.3,0.1,0.1,0.1,0.1,0.1,0.1,0,0.1,0.1,-0.3,0.1,0.1,0,0.1,0.1,0.1,0.1,0.1,0.1,-0.1,0,0.1,0,0.1,0.1,0.1,0.1,0,0,0,0.1,0.1,0.1,0.1,0.1,0.1,-0.1,0
0.000186,0.1,0.1,0.1,0,0.1,0.1,0,0.1,0.1,0.1,0.1,-0.1,0.1,0.1,0,0,0.1,0,0.2,0.1,0.1,-0.6,0.1,0,0.1,0.1,0.1,0.1,0,0.1,0.1,-2.05,0.1,0.1,0.1,0.1,0.1,0,0.1,0,0.1,-2.83,0.2,0,0,0.1,0.1,0,0.1,0,0.1,-2.53,0.2,0.1,0,0,0,0.1,0.2,0,0,-1.2,0.1,0,0.1,0.1,0.1,0.1,0,0.1,0.1,-0.2,0.1,0,0,0.1,0.1,0.1,0.1,0,0.1,-0.1,0.1,0.1,0.2,0.1,0.1,0,0,0,0,0.1,0,0.1,0.1,0.1,0,0.1,0,0
0.000186,0.1,0.1,0.1,0.1,0.1,0.1,0,0.1,0.1,0.1,0.1,0,0.1,0.2,0.1,0.2,0.1,0.1,0.1,0,0.1,-0.6,0,0.1,0.2,0.1,0.1,0.1,0,0.1,0.1,-2.01,0.1,0.1,0,0,0.1,0.1,0.1,0.1,0,-2.83,0.1,0.2,0.1,0,0,0.1,0.1,0.1,0.1,-2.49,0,0.1,0,0.1,0.1,0,0.1,0,0,-1.3,0,0.2,0.1,0,0.1,0.1,0.2,0.1,0.1,-0.2,0,0.2,0.1,0.1,0.2,0.1,0.1,0.1,0.1,-0.1,0.1,0.1,0.1,0.1,0.1,0.1,0,0,0.1,0,0.1,0.1,0,0.1,0.1,0.1,0,0
0.000187,0.1,0,0.1,0.1,0.1,0,0,0.1,0.1,0,0.1,-0.1,0.1,0.2,0.1,0.1,0,0.2,0.1,0.1,0.1,-0.5,0.2,0.1,0.1,0.1,0.1,0.1,0.1,0,0,-2.01,0.1,0.1,0.1,0,0.1,0.1,0,0.2,0,-2.88,0.1,0.1,0.1,0.1,0.1,0.1,0.1,0.1,0,-2.53,0,0.1,0,0,0.1,0.1,0.1,0,0.2,-1.3,0.2,0.2,0.1,0,0.1,0.2,0.1,0.1,0.2,-0.3,0,0.1,0.1,0.1,0.1,0.2,0.1,0.2,0.1,-0.1,0,0.1,0.1,0,0,0.1,0,0.1,0.1,0,0,0,0.1,0.1,0.1,0.1,0,0
0.000187,0.1,0.1,0.1,0,0.1,0.1,0.1,0.1,0,0.1,0.1,-0.1,0.1,0.1,0.1,0.2,0.1,0.1,0.2,0,0.1,-0.6,0,0,0.2,0.2,0.1,0.1,0.1,0.1,0.1,-2,0.1,0.2,0.1,0.1,0.1,0.1,0.1,0.1,0,-2.83,0,0,0,0.1,0.1,0.1,0,0.1,0.1,-2.53,0.1,0,0,0,0.1,0.1,0.1,0.1,0.1,-1.3,0,0.1,0,0,0.1,0.1,0.2,0.2,0,-0.3,0.1,0.1,0.1,0,0.1,0.1,0.1,0.1,0.1,-0.1,0.1,0,0,0.1,0.1,0.1,0.1,0,0,0,0.1,0.1,0.1,0.2,0,0.2,0,0
0.000187,0.1,0.1,0.2,0.1,0.1,0.2,0,0,0.1,0,0,0,0.1,0.1,0.1,0,0,0.1,0.2,0.1,0.1,-0.5,0,0.2,0,0.1,0.1,0.1,0.1,0.1,0.1,-2,0.1,0.1,0.2,0.1,0.1,0,0,0.1,0.1,-2.79,0.1,0.1,0.1,0.1,0,0.2,0.1,0.1,0.1,-2.53,0.1,0.2,0,0,0,0.1,0.1,0.1,0,-1.2,0.2,0,0.2,0.1,0.1,0.1,0.2,0,0,-0.3,0,0,0,0,0.1,0,0.1,0.1,0.1,-0.1,0.1,0.1,0.1,0,0,0.1,0,0.1,0.1,-0.1,0.1,0.2,0.1,0.1,0.1,0.1,0,0
0.000187,0.1,0,0.1,0.1,0.1,0.1,0,0,0,0.1,0.1,-0.1,0.1,0,0.1,0.1,0.1,0.1,0,0.2,0.1,-0.6,0.1,0.1,0.1,0,0.1,0.2,0.1,0.1,0.1,-1.9,0.1,0.1,0,0,0.2,0.1,0,0,0.1,-2.79,0.1,0.1,0.1,0.1,0.2,0.1,0.2,0.1,0,-2.43,0.2,0,0.1,0,0.1,0.1,0.2,0.1,0.1,-1.2,0,0,0,0,0,0.1,0,0.1,0.1,-0.3,0.1,0.1,0,0.1,0.2,0.1,0,0,0.2,0,0,0.1,0.1,0,0.1,0.1,0.1,0,0.1,0,0.1,0.1,0.1,0.1,0.1,0,0,0
0.000187,0.1,0,0.1,0.1,0.1,0,0.1,0.2,0,0.1,0.1,-0.1,0.1,0.1,0.1,0.1,0,0,0.1,0.1,0.1,-0.6,0,0.1,0.1,0,0,0.1,0.1,0.1,0.2,-1.9,0,0.1,0.1,0,0.1,0.1,0.1,0.1,0.1,-2.75,0.1,0.1,0.1,0.1,0,0.1,0.1,0.1,0.1,-2.47,0,0.1,0.1,0.1,0,0.1,0.1,0.1,0.1,-1.2,0,0.1,0.2,0.1,0.1,0.1,0,0.1,0.1,-0.2,0,0,0.1,0.1,0.1,0.1,0,0.1,0,0,0.1,0,0.1,0.1,0.1,0.2,0.1,0,0.1,0,0.1,0.1,0.1,0.1,0.1,0.1,0.1,0.1
