Time(s),0 m,0.0068 m,0.0136 m,0.0204 m,0.0272 m,0.034 m,0.0408 m,0.0476 m,0.0544 m,0.0612 m,0.068 m,0.0748 m,0.0816 m,0.0884 m,0.0952 m,0.102 m,0.1088 m,0.1156 m,0.1224 m,0.1292 m,0.136 m,0.1428 m,0.1496 m,0.1564 m,0.1632 m,0.17 m,0.1768 m,0.1836 m,0.1904 m,0.1972 m,0.204 m,0.2108 m,0.2176 m,0.2244 m,0.2312 m,0.238 m,0.2448 m,0.2516 m,0.2584 m,0.2652 m,0.272 m,0.2788 m,0.2856 m,0.2924 m,0.2992 m,0.306 m,0.3128 m,0.3196 m,0.3264 m,0.3332 m,0.34 m,0.3468 m,0.3536 m,0.3604 m,0.3672 m,0.374 m,0.3808 m,0.3876 m,0.3944 m,0.4012 m,0.408 m,0.4148 m,0.4216 m,0.4284 m,0.4352 m,0.442 m,0.4488 m,0.4556 m,0.4624 m,0.4692 m,0.476 m,0.4828 m,0.4896 m,0.4964 m,0.5032 m,0.51 m,0.5168 m,0.5236 m,0.5304 m,0.5372 m,0.544 m,0.5508 m,0.5576 m,0.5644 m,0.5712 m,0.578 m,0.5848 m,0.5916 m,0.5984 m,0.6052 m,0.612 m,0.6188 m,0.6256 m,0.6324 m,0.6392 m,0.646 m,0.6528 m,0.6596 m,0.6664 m,0.6732 m
-0.0000124,16,16,16,16,16,16,16,16,16,16,16,16,16,16,16,16,16,16,16,16,16,16,16,16,16,16,16,16,16,16,16,16,16,16,16,16,16,16,16,16,16,16,16,16,16,16,16,16,16,16,16,16,16,16,16,16,16,16,16,16,16,16,16,16,16,16,16,16,16,16,16,16,16,16,16,16,16,16,16,16,16,16,16,16,16,16,16,16,16,16,16,16,16,16,16,16,16,16,16,16
-0.0000122,16,16,16,16,16,16,16,16,16,16,16,16,16,16,16,16,16,16,16,16,16,16,16,16,16,16,16,16,16,16,16,16,16,16,16,16,16,16,16,16,16,16,16,16,16,16,16,16,16,16,16,16,16,16,16,16,16,16,16,16,16,16,16,16,16,16,16,16,16,16,16,16,16,16,16,16,16,16,16,16,16,16,16,16,16,16,16,16,16,16,16,16,16,16,16,16,16,16,16,16
-0.000012,16,16,16,16,16,16,16,16,16,16,16,16,16,16,16,16,16,16,16,16,16,16,16,16,16,16,16,16,16,16,16,16,16,16,16,16,16,16,16,16,16,16,16,16,16,16,16,16,16,16,16,16,16,16,16,16,16,16,16,16,16,16,16,16,16,16,16,16,16,16,16,16,16,16,16,16,16,16,16,16,16,16,16,16,16,16,16,16,16,16,16,16,16,16,16,16,16,16,16,16
-0.0000118,16,16,16,16,16,16,16,16,16,16,16,16,16,16,16,16,16,16,16,16,16,16,16,16,16,16,16,16,16,16,16,16,16,16,16,16,16,16,16,16,16,16,16,16,16,16,16,16,16,16,16,16,16,16,16,16,16,16,16,16,16,16,16,16,16,16,16,16,16,16,16,16,16,16,16,16,16,16,16,16,16,16,16,16,16,16,16,16,16,16,16,16,16,16,16,16,16,16,16,16
-0.0000116,16,16,16,16,16,16,16,16,16,16,16,16,16,16,16,16,16,16,16,16,16,16,16,16,16,16,16,16,16,16,16,16,16,16,16,16,16,16,16,16,16,16,16,16,16,16,16,16,16,16,16,16,16,16,16,16,16,16,16,16,16,16,16,16,16,16,16,16,16,16,16,16,16,16,16,16,16,16,16,16,16,16,16,16,16,16,16,16,16,16,16,16,16,16,16,16,16,16,16.1,16
-0.0000114,16,16,16,16,16,16,16,16,16,16,16,16,16,16,16,16,16,16,16,16,16,16,16,16,16,16,16,16,16,16,16,16,16,16,16,16,16,16,16,16,16,16,16,16,16,16,16,16,16,16,16,16,16,16,16,16,16,16,16,16,16,16,16,16,16,16,16,16,16,16,16,16,16,16,16,16,16,16,16,16,16,16,16,16,16,16,16,16,16,16,16,16,16,16,16,16,16,16,16.1,16
-0.0000112,16,16,16,16,16,16,16,16,16,16,16,16,16,16,16,16,16,16,16,16,16,16,16,16,16,16,16,16,16,16,16,16,16,16,16,16,16,16,16,16,16,16,16,16,16,16,16,16,16,16,16,16,16,16,16,16,16,16,16,16,16,16,16,16,16,16,16,16,16,16,16,16,16,16,16,16,16,16,16,16,16,16,16,16,16,16,16,16,16,16,16,16,16,16,16,16,16,16,16,16
-0.000011,16.1,16.1,16.1,16.1,16.1,16.1,16.1,16.1,16.1,16.1,16.1,16.1,16.1,16.1,16.1,16.1,16.1,16.1,16.1,16.1,16.1,16.1,16.1,16.1,16.1,16.1,16.1,16.1,16.1,16.1,16.1,16.1,16.1,16.1,16.1,16.1,16.1,16.1,16.1,16.1,16.1,16.1,16.1,16.1,16.1,16.1,16.1,16.1,16.1,16.1,16.1,16.1,16.1,16.1,16.1,16.1,16.1,16.1,16.1,16.1,16.1,16.1,16.1,16.1,16.1,16.1,16.1,16.1,16.1,16.1,16.1,16.1,16.1,16.1,16.1,16.1,16.1,16.1,16.1,16.1,16.1,16.1,16.1,16.1,16.1,16.1,16.1,16.1,16.1,16.1,16.1,16.1,16.1,16.1,16.1,16.1,16.1,16.1,16,16.1
-0.0000108,16,16,16,16,16,16,16,16,16,16,16,16,16,16,16,16,16,16,16,16,16,16,16,16,16,16,16,16,16,16,16,16,16,16,16,16,16,16,16,16,16,16,16,16,16,16,16,16,16,16,16,16,16,16,16,16,16,16,16,16,16,16,16,16,16,16,16,16,16,16,16,16,16,16,16,16,16,16,16,16,16,16,16,16,16,16,16,16,16,16,16,16,16,16,16,16,16,16,16,16
-0.0000106,16,16,16,16,16,16,16,16,16,16,16,16,16,16,16,16,16,16,16,16,16,16,16,16,16,16,16,16,16,16,16,16,16,16,16,16,16,16,16,16,16,16,16,16,16,16,16,16,16,16,16,16,16,16,16,16,16,16,16,16,16,16,16,16,16,16,16,16,16,16,16,16,16,16,16,16,16,16,16,16,16,16,16,16,16,16,16,16,16,16,16,16,16,16,16,16,16,16,16,16
-0.0000104,16,16,16,16,16,16,16,16,16,16,16,16,16,16,16,16,16,16,16,16,16,16,16,16,16,16,16,16,16,16,16,16,16,16,16,16,16,16,16,16,16,16,16,16,16,16,16,16,16,16,16,16,16,16,16,16,16,16,16,16,16,16,16,16,16,16,16,16,16,16,16,16,16,16,16,16,16,16,16,16,16,16,16,16,16,16,16,16,16,16,16,16,16,16,16,16,16,16,16,16
-0.0000102,16,16,16,16,16,16,16,16,16,16,16,16,16,16,16,16,16,16,16,16,16,16,16,16,16,16,16,16,16,16,16,16,16,16,16,16,16,16,16,16,16,16,16,16,16,16,16,16,16,16,16,16,16,16,16,16,16,16,16,16,16,16,16,16,16,16,16,16,16,16,16,16,16,16,16,16,16,16,16,16,16,16,16,16,16,16,16,16,16,16,16,16,16,16,16,16,16,16,16,16
-0.00001,16,16,16,16,16,16,16,16,16,16,16,16,16,16,16,16,16,16,16,16,16,16,16,16,16,16,16,16,16,16,16,16,16,16,16,16,16,16,16,16,16,16,16,16,16,16,16,16,16,16,16,16,16,16,16,16,16,16,16,16,16,16,16,16,16,16,16,16,16,16,16,16,16,16,16,16,16,16,16,16,16,16,16,16,16,16,16,16,16,16,16,16,16,16,16,16,16,16,16,16
-0.0000098,16,16,16,16,16,16,16,16,16,16,16,16,16,16,16,16,16,16,16,16,16,16,16,16,16,16,16,16,16,16,16,16,16,16,16,16,16,16,16,16,16,16,16,16,16,16,16,16,16,16,16,16,16,16,16,16,16,16,16,16,16,16,16,16,16,16,16,16,16,16,16,16,16,16,16,16,16,16,16,16,16,16,16,16,16,16,16,16,16,16,16,16,16,16,16,16,16,16,16,16
-0.0000096,12,12.1,12.1,11.9,11.9,12,12,11.9,11.9,11.8,11.9,16.1,11.7,12,11.8,12,11.7,11.7,11.7,11.5,11.5,16,11.3,11.1,11,10.8,10.6,10.6,10.5,10.3,9.9,16.1,9.64,9.38,9.08,9.17,9.08,9,8.82,8.87,8.95,16,8.74,8.74,8.78,8.78,8.65,8.65,8.82,8.91,9.08,16,9.3,9.3,9.47,9.47,9.6,9.77,10.1,10.2,10.2,16.1,10.8,10.8,11,11,11.2,11.3,11.3,11.3,11.5,16,11.8,11.7,11.8,11.9,11.8,11.8,11.9,11.9,11.9,16,12,12,12.1,11.9,12,12,12.1,11.9,12,16.1,12,12.1,11.9,11.9,12,12.1,16,16.1
-0.0000094,12.1,12,12.1,11.9,11.8,11.9,12,11.9,11.9,11.8,11.9,16.1,11.8,11.8,11.8,11.9,11.7,11.7,11.7,11.6,11.5,16.1,11.2,11.2,11,10.8,10.6,10.6,10.5,10.3,9.86,16.1,9.6,9.34,9.21,9.12,9.12,9,8.95,8.87,8.91,16,8.69,8.78,8.78,8.78,8.65,8.65,8.82,8.95,9.04,16,9.3,9.3,9.47,9.56,9.64,9.82,10.1,10.2,10.2,16,10.7,10.7,10.9,11,11.2,11.3,11.3,11.4,11.4,16.1,11.8,11.6,11.8,11.9,11.8,11.8,11.9,11.9,12,16.1,11.9,12,12.1,11.9,11.9,12.1,12.1,11.9,12,16,12.1,12.2,11.9,11.9,12,12.1,16,16
-0.0000092,12.1,12,12.1,11.9,11.8,11.9,12,11.9,11.9,11.8,11.9,16.1,11.8,11.8,11.8,11.8,11.7,11.8,11.8,11.6,11.5,16.1,11.2,11.2,11,10.8,10.7,10.6,10.4,10.3,9.9,16.1,9.47,9.43,9.21,9.08,9.17,9,8.95,8.82,8.95,16,8.69,8.82,8.78,8.87,8.65,8.69,8.78,9.04,9.04,16,9.34,9.34,9.43,9.6,9.64,9.86,10.1,10.1,10.2,16,10.7,10.6,10.9,11,11.2,11.3,11.3,11.4,11.4,16,11.8,11.7,11.8,11.8,11.8,11.8,11.8,11.9,12,16.1,11.8,12,12,11.9,12,12.1,12.2,11.9,12,16,12.1,12.1,12,11.9,12,12.2,16,16
-0.000009,12.2,12,12,11.9,11.8,11.9,12.1,12,11.9,11.9,11.9,16.1,11.9,11.8,11.9,11.8,11.6,11.7,11.8,11.6,11.5,16,11.2,11.2,11.1,10.9,10.7,10.6,10.4,10.3,9.95,16,9.47,9.43,9.3,9,9.17,8.95,8.95,8.87,9.04,16.1,8.74,8.78,8.82,8.82,8.74,8.69,8.78,9.04,9.04,16,9.38,9.34,9.43,9.64,9.64,9.9,10,10.2,10.2,16,10.7,10.6,10.9,11.1,11.2,11.3,11.3,11.5,11.3,16.1,11.7,11.7,11.8,11.8,11.9,11.7,11.8,11.9,12.1,16,11.8,12,12.1,12,12,12.1,12.2,12,12,16.1,12.1,12,12.1,11.9,12,12.2,16.1,16
-0.0000088,12.1,12,12,12,11.8,12,12,12.1,11.8,11.8,12,16,11.9,11.8,11.9,11.7,11.7,11.7,11.8,11.7,11.6,16,11.2,11.2,11,10.8,10.8,10.6,10.4,10.2,9.99,16.1,9.47,9.43,9.34,9,9.17,9.08,9,8.87,9.08,16,8.74,8.74,8.82,8.82,8.78,8.69,8.74,9.08,9,16.1,9.3,9.34,9.43,9.69,9.69,9.86,10.1,10.2,10.2,16,10.7,10.6,10.8,11.1,11.2,11.3,11.3,11.5,11.3,16.1,11.7,11.7,11.8,11.8,11.9,11.8,11.7,11.9,12.1,16.1,11.9,12,12,11.9,12,12.1,12.2,12,12,16.1,12.1,12,12.1,11.9,12,12.2,16,16
-0.0000086,12.1,12.1,12,12,11.9,12.1,12,12.1,11.8,11.7,12,16,11.9,11.8,11.9,11.7,11.7,11.7,11.8,11.6,11.5,16.1,11.2,11.2,10.9,10.8,10.8,10.6,10.4,10.2,10,16.1,9.56,9.47,9.34,9,9.17,9,9,8.82,9.08,16.1,8.65,8.65,8.87,8.82,8.91,8.78,8.78,9.08,9.04,16,9.25,9.34,9.43,9.69,9.64,9.86,10.1,10.2,10.2,16,10.7,10.6,10.9,11.1,11.1,11.3,11.4,11.5,11.4,16.1,11.7,11.7,11.8,11.8,11.9,11.8,11.7,11.9,12.1,16,11.9,12.1,12,12,12,12,12.2,12.1,12,16,12,12,12.1,11.9,12,12.2,16,16
-0.0000084,12.1,12.1,12,12,11.9,12.1,12,12.1,11.8,11.8,12,16.1,11.9,11.8,11.9,11.7,11.7,11.6,11.7,11.7,11.5,16.1,11.2,11.2,10.9,10.8,10.8,10.7,10.4,10.1,9.99,16,9.56,9.47,9.34,9.12,9.12,9,8.87,8.82,9.12,16.1,8.69,8.65,8.87,8.78,8.91,8.87,8.78,9.08,9,16,9.21,9.38,9.43,9.69,9.69,9.82,10.1,10.2,10.2,16.1,10.7,10.7,10.8,11.1,11,11.3,11.4,11.4,11.4,16.1,11.6,11.7,11.8,11.7,12,11.8,11.7,11.9,12.1,16,11.9,12,12,12,11.9,12,12.2,12.1,12,16.1,12,12,12,12,12,12.1,16,16.1
-0.0000082,12.1,12.1,12.1,12,12,12.2,12.1,12.1,11.8,11.8,12,16,11.9,11.8,11.9,11.7,11.7,11.6,11.7,11.7,11.5,16,11.3,11.2,10.8,10.8,10.8,10.6,10.5,10,9.99,16,9.6,9.47,9.25,9.12,9.17,9,8.87,8.82,9.08,16.1,8.74,8.65,8.82,8.78,8.91,8.91,8.82,9.08,9,16,9.25,9.34,9.43,9.64,9.64,9.86,10.2,10.1,10.2,16,10.8,10.8,10.9,11.1,11.1,11.2,11.3,11.4,11.5,16.1,11.6,11.7,11.8,11.8,12,11.8,11.7,11.9,12.1,16.1,11.9,12,12.1,12,11.8,11.9,12.2,12.1,12,16.1,12,12,12,12,12,12,16,16.1
-0.000008,12.1,12.1,12.1,11.9,12,12.1,12,12,11.8,11.9,12,16.1,11.9,11.8,11.9,11.8,11.7,11.5,11.5,11.7,11.5,16,11.3,11.1,10.8,10.8,10.7,10.6,10.5,10.1,9.99,16.1,9.64,9.47,9.25,9.21,9.17,9.04,8.82,8.82,9.12,16,8.74,8.65,8.82,8.74,8.87,8.87,8.87,9.04,9.04,16,9.3,9.38,9.47,9.56,9.69,9.86,10.2,10.2,10.2,16.1,10.7,10.9,10.9,11.1,11.1,11.3,11.4,11.3,11.5,16,11.6,11.7,11.8,11.8,12,11.8,11.8,11.9,12,16,11.9,12,12,12,11.8,11.9,12.1,12.1,12,16,12,12,11.9,12,12,12,16,16
-0.0000078,12.1,12.1,12,11.9,11.9,12.1,11.9,12,11.9,11.9,11.9,16,11.9,11.8,11.9,11.8,11.7,11.5,11.5,11.7,11.5,16,11.3,11.2,10.9,10.8,10.6,10.6,10.5,10.1,10.1,16,9.69,9.43,9.25,9.25,9.17,9.04,8.78,8.82,9.04,16.1,8.74,8.74,8.82,8.78,8.87,8.91,8.87,9,9.08,16,9.38,9.34,9.51,9.51,9.64,9.86,10.2,10.2,10.2,16.1,10.8,10.9,10.9,11,11.2,11.3,11.4,11.2,11.6,16,11.6,11.7,11.8,11.8,11.8,11.8,11.9,11.9,12,16.1,12,12,12,12,11.8,11.9,12,12.2,12,16.1,12,12,11.8,12,12,11.9,16,16
-0.0000076,12.1,12.1,12,11.9,11.9,12,11.9,11.9,11.9,12,11.9,16,11.8,11.8,11.9,11.9,11.6,11.6,11.5,11.7,11.5,16,11.4,11.1,10.9,10.8,10.6,10.6,10.5,10.2,10,16,9.73,9.38,9.21,9.25,9.21,9.08,8.78,8.82,9.04,16.1,8.74,8.74,8.87,8.78,8.87,8.95,8.87,8.95,9.17,16.1,9.43,9.34,9.51,9.47,9.6,9.9,10.2,10.2,10.3,16,10.8,11,11,11,11.2,11.3,11.4,11.3,11.6,16.1,11.8,11.6,11.8,11.8,11.8,11.8,12,11.9,11.9,16.1,11.9,12,12,12,11.9,11.9,12,12.1,11.9,16.1,12,12,11.9,11.9,12,12,16.1,16
-0.0000074,12.2,12,12,11.9,12,12,11.9,11.8,12,12,11.9,16,11.8,11.8,11.8,11.9,11.7,11.7,11.6,11.7,11.5,16,11.3,11,11,10.8,10.6,10.6,10.5,10.2,9.99,16,9.69,9.38,9.17,9.25,9.21,9.04,8.82,8.87,9.04,16,8.78,8.82,8.87,8.82,8.74,9,8.91,9,9.25,16.1,9.47,9.34,9.56,9.47,9.6,9.9,10.3,10.1,10.3,16.1,10.7,11,10.9,11,11.3,11.3,11.3,11.3,11.6,16,11.8,11.7,11.8,11.9,11.7,11.8,11.9,11.9,11.9,16,11.9,12,12,12,11.9,11.9,12,12,12,16,12,12,12,11.9,12.1,11.9,16,16
-0.0000072,12.3,11.9,11.9,11.9,12,12,12,11.8,12,12,11.9,16,11.8,11.8,11.8,11.9,11.6,11.7,11.6,11.7,11.5,16.1,11.3,11,11.1,10.8,10.6,10.6,10.5,10.2,10.1,16,9.73,9.43,9.21,9.25,9.21,9.08,8.91,8.87,9.04,16,8.82,8.82,8.91,8.82,8.82,8.91,8.91,8.95,9.3,16.1,9.51,9.34,9.56,9.51,9.69,9.9,10.2,10.1,10.3,16,10.8,10.9,11,11.1,11.4,11.3,11.3,11.3,11.5,16,11.8,11.7,11.8,11.8,11.6,11.8,12,11.9,12,16,12,12,12,11.9,12,12,12.1,11.9,12,16,12,11.9,12,11.9,12.1,12,16,16
-0.000007,12.4,12,11.9,11.9,11.9,12,11.9,11.8,11.9,12,11.9,16,11.8,11.8,11.8,11.9,11.6,11.8,11.8,11.7,11.6,16.1,11.3,11,11.2,10.8,10.6,10.6,10.5,10.2,10,16,9.64,9.43,9.25,9.12,9.25,9.12,8.91,8.95,9,16.1,8.78,8.82,8.87,8.82,8.82,8.95,8.95,9,9.3,16,9.51,9.38,9.56,9.56,9.69,9.95,10.2,10.1,10.3,16,10.8,10.9,11,11,11.3,11.4,11.4,11.3,11.5,16.1,11.8,11.7,11.9,11.9,11.7,11.9,12,11.9,11.9,16.1,12,11.9,12,12,12,12,12.1,11.9,12,16,12,11.9,12,11.9,12.1,12,16,16
-0.0000068,12.4,11.9,11.9,11.9,12,11.9,12,11.8,11.8,12,12,16,11.8,11.8,11.9,11.8,11.7,11.8,11.8,11.7,11.5,16,11.3,11.1,11.1,10.8,10.6,10.6,10.5,10.3,10,16,9.64,9.47,9.21,9.12,9.21,9.12,8.95,9.04,9.04,16.1,8.78,8.78,8.87,8.82,8.87,8.87,8.87,9.04,9.25,16,9.43,9.43,9.51,9.56,9.73,9.99,10.2,10.1,10.2,16.1,10.8,10.8,11,11,11.3,11.4,11.4,11.4,11.5,16.1,11.7,11.7,11.8,11.9,11.8,11.9,11.9,11.8,12,16,12,12,12.1,12,12,12,12.2,11.9,12.1,16.1,12,12,12,11.9,12,12,16,16
-0.0000066,12.4,12,11.9,11.9,11.9,12,12.1,11.9,11.8,11.9,12.1,16.1,11.9,11.9,11.9,11.9,11.7,11.7,11.8,11.6,11.5,16,11.3,11.1,11.2,10.8,10.6,10.6,10.5,10.3,10.1,16,9.64,9.47,9.3,9.21,9.21,9.12,9,9.04,9.08,16.1,8.87,8.82,8.91,8.82,8.91,8.87,8.87,9,9.25,16,9.38,9.51,9.47,9.64,9.69,9.99,10.2,10.2,10.2,16,10.8,10.7,11,10.9,11.3,11.3,11.4,11.4,11.5,16,11.7,11.8,11.8,11.8,11.8,12,11.8,11.9,12,16,12,12,12.1,12,12.1,12.1,12.2,11.9,12,16.1,12,12,12.2,12,12.1,12.1,16.1,16
-0.0000064,12.4,12.1,11.9,11.9,12,11.9,12.1,11.9,11.8,12,12,16.1,11.8,11.8,11.9,11.9,11.7,11.8,11.8,11.6,11.5,16,11.3,11.2,11,10.8,10.6,10.6,10.5,10.3,10.1,16,9.64,9.47,9.3,9.17,9.21,9.17,9.04,9,9.08,16,8.82,8.82,8.95,8.87,8.87,8.87,8.87,9.04,9.17,16,9.25,9.51,9.51,9.73,9.77,9.99,10.2,10.2,10.2,16.1,10.7,10.6,11,11,11.2,11.3,11.4,11.4,11.4,16,11.6,11.7,11.8,11.8,11.8,12,11.8,11.9,12,16,12,12.1,12,11.9,12,12,12.2,12,12.1,16.1,12,12.1,12.1,12,12.1,12.2,16,16
-0.0000062,12.3,12.1,12,11.9,11.9,12,12.1,12.1,11.8,12,12,16.1,11.8,11.8,11.9,11.8,11.7,11.7,11.8,11.7,11.5,16.1,11.3,11.3,11,10.8,10.7,10.7,10.5,10.3,10,16.1,9.64,9.51,9.34,9.25,9.21,9.21,9.04,8.91,9.08,16,8.87,8.82,8.95,8.87,8.91,8.78,8.87,9.04,9.12,16,9.21,9.47,9.51,9.73,9.73,9.99,10.2,10.3,10.2,16.1,10.7,10.7,10.9,10.9,11.2,11.3,11.4,11.5,11.4,16.1,11.5,11.7,11.8,11.8,11.9,12,11.8,11.9,12,16,12,12.1,12.1,11.9,12,12,12.2,12,12,16,12.1,12.1,12.1,12,12.1,12.2,16,16.1
-0.000006,12.3,12.2,12,11.9,11.9,12,12,12.1,11.9,12,12,16.1,11.9,11.8,11.9,11.8,11.8,11.7,11.7,11.7,11.5,16.1,11.3,11.3,10.9,10.8,10.6,10.8,10.4,10.3,10,16.1,9.64,9.47,9.34,9.3,9.17,9.21,9,8.91,9.12,16,8.82,8.78,8.91,8.95,8.95,8.82,8.91,9.12,9.08,16,9.21,9.51,9.51,9.82,9.77,9.9,10.2,10.3,10.2,16,10.8,10.7,10.9,10.9,11.2,11.3,11.4,11.5,11.3,16,11.5,11.7,11.8,11.8,12,11.9,11.8,11.9,12,16,11.9,12.1,12,11.9,12,12,12.2,12.1,12,16.1,12.1,12.2,12,12,12.1,12.2,16,16
-0.0000058,12.3,12.2,11.9,12,11.8,12,12,12.1,11.9,12,12,16,11.9,11.8,11.9,11.8,11.8,11.6,11.6,11.7,11.5,16.1,11.3,11.3,10.9,10.9,10.6,10.8,10.4,10.3,10,16.1,9.64,9.47,9.38,9.38,9.12,9.17,8.95,8.87,9.08,16.1,8.78,8.82,8.95,8.87,8.95,8.82,8.87,9.08,9.08,16.1,9.21,9.47,9.56,9.73,9.69,9.86,10.1,10.3,10.2,16.1,10.8,10.7,10.9,10.9,11.1,11.3,11.4,11.4,11.3,16.1,11.5,11.7,11.8,11.8,12,11.9,11.8,11.9,12,16.1,11.9,12.1,12,12,12,12,12.1,12.1,12,16,12.1,12.2,12,12,12.1,12.1,16,16
-0.0000056,12.2,12.2,11.9,12,11.8,12.1,11.9,12.1,11.9,12.1,12,16,12,11.8,12,11.8,11.8,11.7,11.6,11.7,11.5,16.1,11.3,11.3,10.9,10.9,10.6,10.8,10.4,10.2,10.1,16.1,9.73,9.51,9.43,9.43,9.21,9.08,8.95,8.87,9.17,16,8.78,8.87,8.95,8.95,8.95,8.87,8.91,9.08,9.12,16,9.34,9.43,9.6,9.64,9.69,9.86,10.2,10.3,10.2,16.1,10.7,10.8,10.9,11,11.1,11.3,11.4,11.3,11.3,16,11.5,11.6,11.8,11.8,12,11.9,11.8,11.9,12.1,16.1,11.8,12.1,12,12,11.9,11.9,12.1,12.2,11.9,16,12.1,12.2,11.9,12,12.1,12.1,16,16
-0.0000054,12.3,12.1,12,11.9,11.9,12,11.9,12,11.9,12,11.9,16,12,11.8,11.9,11.8,11.7,11.6,11.5,11.7,11.5,16,11.2,11.2,11,10.9,10.7,10.8,10.5,10.2,10.1,16,9.64,9.51,9.38,9.34,9.25,9.12,9,8.87,9.17,16.1,8.74,8.87,8.95,8.95,8.95,8.91,8.91,9.08,9.12,16,9.34,9.38,9.6,9.6,9.64,9.9,10.2,10.2,10.2,16,10.8,10.8,10.9,11,11.1,11.3,11.4,11.4,11.4,16,11.6,11.7,11.8,11.8,11.9,11.8,11.8,11.9,12,16,11.8,12,12,12,11.8,11.9,12.1,12.2,12,16,12,12.1,11.9,12,12.1,12,16,16
-0.0000052,12.3,12.1,11.9,12,11.9,12.1,11.8,11.9,12,12,12,16,12,11.8,11.9,11.8,11.7,11.7,11.5,11.7,11.5,16,11.3,11.2,11,10.9,10.7,10.7,10.5,10.2,10.1,16,9.73,9.43,9.38,9.34,9.25,9.08,8.95,8.87,9.12,16,8.74,8.87,9,8.91,8.95,9,8.95,9.08,9.17,16.1,9.43,9.34,9.6,9.6,9.69,9.86,10.2,10.2,10.3,16,10.8,10.9,10.9,11.1,11.2,11.4,11.4,11.3,11.4,16,11.6,11.7,11.8,11.9,11.9,11.8,11.9,11.9,12,16,11.8,11.9,12,11.9,11.9,12,12,12.1,11.9,16.1,12.1,12,11.8,12,12.1,12,16,16
-0.000005,12.3,12,12,11.9,11.9,12.1,11.8,11.8,11.9,12,11.9,16.1,11.9,11.9,11.9,11.8,11.6,11.6,11.6,11.7,11.5,16.1,11.4,11.2,11.1,10.9,10.7,10.7,10.4,10.2,10.1,16,9.73,9.47,9.34,9.34,9.34,9.04,8.91,8.78,9.12,16,8.78,8.87,9,8.91,8.95,9.04,8.95,9.12,9.25,16,9.43,9.34,9.6,9.6,9.69,9.86,10.3,10.2,10.4,16,10.8,10.9,11,11.2,11.3,11.4,11.5,11.3,11.5,16,11.6,11.7,11.8,11.9,11.8,11.8,11.9,11.9,12,16,11.9,12,12,12,11.9,11.9,12.1,12.1,12,16.1,12.1,12,11.8,11.9,12.1,12,16,16
-0.0000048,12.3,12,11.9,11.9,11.9,12.1,11.9,11.8,11.9,11.9,11.9,16,11.9,11.9,11.9,11.8,11.6,11.7,11.6,11.7,11.5,16,11.3,11.1,11.1,10.9,10.8,10.6,10.4,10.2,10.2,16,9.73,9.47,9.34,9.3,9.34,9.04,8.95,8.82,9.12,16,8.87,8.87,8.91,8.91,8.95,9.12,9,9.08,9.34,16,9.43,9.38,9.6,9.56,9.73,9.86,10.3,10.1,10.4,16,10.8,10.9,11,11.2,11.3,11.4,11.4,11.3,11.5,16,11.7,11.8,11.7,12,11.8,11.8,11.9,11.9,12,16,11.9,11.9,12,12,12,11.9,12,12.1,12,16,12,11.9,11.9,11.9,12.1,12,16,16
-0.0000046,12.3,12,11.9,11.9,12,12,12,11.8,11.9,11.9,11.9,16,11.8,12,11.9,11.8,11.6,11.7,11.7,11.6,11.5,16.1,11.3,11.1,11.1,10.9,10.7,10.6,10.5,10.2,10.2,16.1,9.73,9.43,9.34,9.25,9.43,9.08,8.95,8.91,9.12,16,8.87,8.87,8.91,8.95,9,9.08,9,9.04,9.3,16.1,9.47,9.43,9.64,9.64,9.73,9.86,10.2,10.1,10.3,16,10.8,10.9,10.9,11.2,11.3,11.4,11.5,11.3,11.6,16,11.7,11.8,11.7,11.9,11.8,11.8,11.9,12,12,16,12,12,12,12,11.9,11.9,12.1,12,12,16,12,12,12,11.9,12.1,12,16,16
-0.0000044,12.3,12,11.9,11.9,11.9,12,12,11.8,11.9,11.9,11.9,16.1,11.8,12,11.8,11.8,11.6,11.7,11.8,11.6,11.5,16,11.4,11.1,11.1,10.9,10.7,10.5,10.5,10.2,10.1,16.1,9.82,9.43,9.34,9.3,9.43,9.08,8.95,8.91,9.12,16.1,8.91,8.95,8.91,8.95,9,9.08,9.08,9.12,9.34,16.1,9.43,9.47,9.6,9.73,9.86,9.9,10.3,10,10.3,16.1,10.8,10.9,10.9,11.2,11.3,11.4,11.4,11.3,11.6,16,11.8,11.7,11.7,11.9,11.8,11.8,11.9,12,12,16,12,11.9,12,12,12,12,12.1,12.1,12.1,16,12,11.9,12,11.9,12.1,12,16,16.1
-0.0000042,12.4,12,12,11.9,12,12,12.1,11.9,11.9,11.9,12,16.1,11.7,12,11.9,11.8,11.6,11.7,11.8,11.7,11.5,16.1,11.3,11.1,11,10.9,10.7,10.6,10.6,10.3,10.1,16.1,9.77,9.47,9.3,9.3,9.38,9.08,9,9,9.12,16,9,8.91,8.91,8.95,9,9.08,9.08,9.12,9.3,16,9.38,9.56,9.6,9.73,9.82,9.9,10.2,10.1,10.3,16,10.8,10.9,10.9,11.2,11.3,11.5,11.4,11.3,11.7,16,11.7,11.7,11.8,11.9,11.8,11.8,11.9,12,12,16,12,11.9,12,12,12,12,12.2,12,12.1,16,12,12,12,11.9,12.1,12,16,16
-0.000004,12.4,11.9,12,11.9,11.9,12,12.1,12,11.9,11.9,12,16,11.7,12,11.9,11.8,11.7,11.7,11.8,11.7,11.5,16,11.3,11.1,11,10.8,10.7,10.5,10.6,10.3,10.1,16,9.77,9.51,9.38,9.34,9.38,9.12,9.04,9.04,9.12,16,9,8.91,8.91,8.91,9,9,9.17,9.12,9.3,16.1,9.38,9.56,9.64,9.73,9.77,9.99,10.2,10.2,10.3,16,10.8,10.8,10.9,11.2,11.2,11.4,11.4,11.3,11.6,16.1,11.8,11.7,11.8,11.8,11.8,11.9,11.9,11.9,12,16,12.1,12,12,11.9,12,12,12.2,11.9,12.1,16.1,12,12,12.1,12,12.1,12,16,16.1
-0.0000038,12.3,12,11.9,11.9,11.9,11.9,12.1,12,11.8,11.9,12,16.1,11.8,11.9,11.8,11.8,11.7,11.7,11.8,11.6,11.5,16.1,11.2,11.2,11,10.8,10.7,10.6,10.6,10.3,10.1,16,9.77,9.56,9.34,9.38,9.34,9.17,9.04,9.04,9.12,16.1,8.95,9,8.95,8.95,8.95,8.95,9.17,9.12,9.3,16,9.38,9.6,9.6,9.77,9.82,9.95,10.2,10.2,10.3,16,10.8,10.8,10.9,11.1,11.2,11.4,11.4,11.3,11.5,16.1,11.8,11.7,11.8,11.8,11.8,11.9,11.8,11.9,12,16,12.1,12,12,11.9,12,12.1,12.2,12,12.1,16,12,12.1,12,12,12,12.1,16,16
-0.0000036,12.3,12,12,11.9,11.9,12,12.1,12.1,11.8,11.9,12,16,11.8,11.8,11.9,11.9,11.8,11.7,11.8,11.7,11.5,16,11.2,11.2,11,10.8,10.7,10.6,10.6,10.3,10.1,16.1,9.82,9.56,9.43,9.38,9.34,9.12,9.12,9.08,9.17,16,9,9,9,9.04,8.95,8.95,9.08,9.21,9.25,16,9.34,9.6,9.6,9.77,9.77,10,10.2,10.2,10.3,16.1,10.8,10.9,10.9,11,11.2,11.3,11.4,11.4,11.4,16,11.7,11.7,11.8,11.8,11.8,12,11.8,11.8,12,16.1,12,12,12,12,12,12.2,12.2,12,12.1,16,12.1,12.1,12,12,12,12.1,16,16
-0.0000034,12.4,12.1,12,11.9,11.9,11.9,12,12.2,11.8,12,12,16.1,11.8,11.8,11.9,11.9,11.7,11.6,11.7,11.6,11.5,16,11.2,11.3,11,10.8,10.7,10.8,10.5,10.3,10.2,16,9.73,9.6,9.43,9.34,9.34,9.12,9.08,9.08,9.17,16.1,8.91,8.95,9.08,9,8.91,8.95,9.04,9.21,9.25,16,9.43,9.51,9.6,9.73,9.77,9.99,10.2,10.2,10.3,16,10.8,10.8,10.9,11,11.2,11.3,11.4,11.4,11.4,16.1,11.8,11.7,11.8,11.7,11.9,11.9,11.8,11.8,12,16.1,12,12,12,12,12,12.1,12.2,12,12,16.1,12.1,12.1,12,12.1,12,12.1,16.1,16
-0.0000032,12.4,12.1,12,12,11.9,11.9,12,12.1,11.8,11.9,12,16,11.8,11.7,11.9,11.9,11.8,11.7,11.7,11.7,11.5,16.1,11.2,11.3,11,10.8,10.7,10.8,10.4,10.4,10.1,16.1,9.73,9.64,9.43,9.38,9.25,9.12,9.08,9.04,9.21,16.1,8.91,8.95,9.12,9.08,9.04,8.95,8.95,9.17,9.25,16,9.43,9.51,9.64,9.69,9.69,10,10.2,10.4,10.3,16,10.7,10.9,10.9,11,11.2,11.2,11.4,11.4,11.4,16,11.7,11.7,11.8,11.8,11.9,11.9,11.8,11.8,12,16,11.9,11.9,12,11.9,12,12.1,12.2,12.1,11.9,16,12.1,12.1,12,12.1,12,12.1,16,16
-0.000003,12.3,12.1,11.9,11.9,11.9,12,12,12.1,11.8,11.9,12,16.1,11.9,11.6,11.9,11.9,11.8,11.7,11.6,11.7,11.5,16,11.2,11.2,11,10.8,10.8,10.8,10.4,10.3,10.1,16,9.77,9.69,9.47,9.43,9.25,9.21,9.04,9,9.21,16.1,8.87,8.95,9.17,9.04,8.95,8.95,8.95,9.12,9.25,16.1,9.43,9.56,9.73,9.69,9.64,10,10.2,10.4,10.3,16.1,10.8,10.9,11,11,11.2,11.3,11.4,11.4,11.3,16,11.6,11.7,11.8,11.8,11.9,11.9,11.7,11.8,12,16,11.9,11.9,12,12,11.9,12,12.2,12.1,11.9,16.1,12.1,12.2,12,12.1,12,12.1,16,16
-0.0000028,12.4,12.1,11.9,11.9,12,12,12,12,11.9,12,12,16,11.9,11.7,11.9,11.9,11.8,11.7,11.7,11.7,11.6,16,11.3,11.2,11,10.8,10.8,10.8,10.4,10.3,10.1,16,9.82,9.73,9.43,9.38,9.21,9.21,9.08,8.95,9.21,16,8.82,9,9.17,9.08,9.08,9,8.95,9.12,9.3,16,9.47,9.51,9.73,9.73,9.69,10,10.2,10.4,10.3,16,10.8,10.9,11,11.1,11.2,11.2,11.4,11.4,11.4,16,11.5,11.7,11.8,11.8,11.9,11.9,11.7,11.8,12.1,16,11.8,11.8,12,12,11.9,11.9,12.1,12.1,11.8,16,12.1,12.1,12,12.1,12,12.1,16,16
-0.0000026,12.3,12.1,11.9,11.9,12,12,12,11.9,12,11.9,11.9,16,11.9,11.7,11.9,11.8,11.7,11.7,11.6,11.7,11.6,16,11.4,11.2,11.1,10.9,10.8,10.8,10.3,10.3,10.1,16.1,9.82,9.69,9.38,9.38,9.3,9.25,9.08,8.95,9.25,16,8.82,8.95,9.21,9.08,9.08,9,8.95,9.08,9.25,16,9.43,9.51,9.73,9.73,9.73,10,10.2,10.5,10.4,16,10.8,10.9,11.1,11.1,11.2,11.3,11.4,11.4,11.4,16.1,11.5,11.8,11.7,11.8,11.9,11.8,11.8,11.7,12,16,11.9,11.8,12,12,11.9,11.8,12.1,12.1,11.9,16,12.1,12.1,12,12,12,12,16,16
-0.0000024,12.3,12,11.8,11.9,11.9,12.1,11.9,11.9,12,11.9,11.9,16,11.9,11.8,11.9,11.8,11.6,11.7,11.7,11.6,11.6,16,11.5,11.2,11.1,10.9,10.8,10.7,10.4,10.3,10.1,16,9.82,9.6,9.38,9.43,9.34,9.25,9.04,9,9.21,16.1,8.91,9,9.17,9.04,9.08,9.04,8.95,9.12,9.25,16.1,9.47,9.47,9.82,9.82,9.69,9.99,10.2,10.5,10.4,16.1,10.8,10.9,11.1,11.1,11.2,11.4,11.3,11.3,11.5,16,11.5,11.7,11.8,11.9,11.9,11.8,11.8,11.7,12,16.1,11.9,11.8,12,12,11.9,11.8,12.2,12.1,11.9,16.1,12.1,12.1,12,11.9,12,12,16,16
-0.0000022,12.3,12,11.8,11.9,11.9,12.1,11.9,11.8,11.9,11.9,11.9,16,11.8,11.9,11.9,11.7,11.6,11.7,11.7,11.6,11.7,16,11.4,11.2,11.1,10.9,10.8,10.7,10.5,10.3,10.2,16,9.82,9.6,9.38,9.43,9.34,9.21,9.08,8.95,9.17,16,8.95,8.95,9.08,9,9.04,9.12,8.95,9.17,9.3,16,9.47,9.56,9.77,9.86,9.77,9.99,10.3,10.3,10.4,16,10.8,10.9,11,11.2,11.2,11.4,11.3,11.3,11.6,16,11.5,11.7,11.7,11.9,11.8,11.8,11.8,11.7,12,16,11.9,11.8,12,12,11.9,11.8,12.1,12.1,12,16,12.1,12,12,11.9,12,12,16,16
-0.000002,12.3,12,11.8,11.9,12,12.1,12,11.8,12,11.9,12,16.1,11.8,11.9,11.9,11.7,11.6,11.6,11.7,11.6,11.7,16,11.4,11.1,11,11,10.8,10.6,10.6,10.3,10.1,16,9.86,9.6,9.38,9.38,9.38,9.25,9.08,9,9.17,16,8.91,9,9.04,9.04,9.04,9.12,9.08,9.12,9.34,16,9.56,9.51,9.73,9.9,9.86,9.99,10.3,10.3,10.4,16,10.8,10.9,11,11.2,11.2,11.4,11.3,11.3,11.6,16.1,11.5,11.7,11.8,11.8,11.8,11.8,11.9,11.7,12,16.1,11.9,11.9,12,12.1,11.9,11.8,12.1,12.1,12,16,12,12,11.9,11.8,12,12,16,16
-0.0000018,12.3,11.9,11.8,11.9,11.9,12.1,12,11.8,11.9,11.9,11.9,16,11.8,11.9,11.9,11.8,11.6,11.6,11.7,11.6,11.6,16.1,11.4,11.2,10.9,11,10.8,10.6,10.6,10.3,10.1,16.1,9.77,9.51,9.43,9.34,9.43,9.21,9.17,9,9.17,16,9,9.04,9,9.08,9.08,9.17,9.08,9.25,9.3,16,9.56,9.6,9.64,9.9,9.9,9.95,10.3,10.2,10.4,16,10.8,10.9,11,11.2,11.1,11.4,11.4,11.3,11.6,16.1,11.6,11.7,11.7,11.9,11.7,11.8,12,11.8,12,16.1,12,12,12,12.1,11.9,11.8,12.1,12.1,12.1,16,11.9,12,12,11.8,11.9,12,16,16
-0.0000016,12.3,11.9,11.9,11.9,11.9,12,12,11.8,11.8,11.9,11.9,16.1,11.8,11.8,11.9,11.8,11.6,11.6,11.7,11.6,11.5,16,11.4,11.2,11,11,10.7,10.6,10.7,10.3,10.1,16,9.77,9.47,9.47,9.38,9.47,9.12,9.17,9.04,9.25,16,9.08,9.08,9,9.08,9.04,9.17,9.17,9.34,9.38,16.1,9.56,9.64,9.64,9.9,9.95,9.95,10.3,10.1,10.4,16,10.8,10.9,11,11.2,11.1,11.5,11.4,11.3,11.6,16.1,11.6,11.7,11.7,11.9,11.7,11.9,12,11.8,12,16,11.9,12.1,12,12.1,11.9,11.9,12.1,12.1,12,16.1,11.9,12,11.9,11.8,12,12,16,16
-0.0000014,12.3,11.9,12,12,11.9,12,12,11.8,11.9,11.9,11.9,16,11.8,11.8,11.9,11.8,11.6,11.6,11.8,11.7,11.5,16,11.3,11.2,10.9,11,10.8,10.6,10.7,10.4,10.1,16,9.77,9.47,9.51,9.38,9.47,9.12,9.21,9.08,9.25,16,9.04,9.08,9,9.12,9.04,9.12,9.17,9.34,9.34,16.1,9.6,9.6,9.56,9.86,9.95,9.99,10.3,10,10.4,16,10.8,10.9,10.9,11.1,11.2,11.4,11.4,11.3,11.6,16,11.7,11.7,11.8,11.9,11.7,11.9,11.9,11.8,12,16.1,12,12.1,12,12.1,11.9,12,12.1,12,12,16,11.9,12,11.9,11.9,12,12,16,16
-0.0000012,12.3,11.9,12,11.9,11.9,11.9,12,11.9,11.9,11.9,11.9,16.1,11.8,11.8,11.9,11.8,11.7,11.6,11.8,11.7,11.5,16,11.2,11.2,10.9,10.9,10.7,10.6,10.6,10.4,10,16.1,9.73,9.51,9.51,9.34,9.51,9.12,9.25,9.12,9.34,16,9.04,9.08,9.04,9.12,9.08,9.08,9.12,9.34,9.38,16.1,9.64,9.6,9.6,9.82,9.95,9.99,10.3,10,10.3,16,10.8,10.9,10.9,11.2,11.2,11.5,11.4,11.3,11.5,16.1,11.8,11.8,11.8,11.8,11.8,11.9,11.9,11.9,12,16.1,12,12.1,12,12,11.9,12,12.1,12,11.9,16.1,11.8,12,12,11.9,12,12,16,16
-0.000001,12.4,11.9,12.1,11.9,12,11.9,12.1,12,11.8,11.9,11.9,16,11.8,11.7,11.9,11.8,11.7,11.8,11.8,11.7,11.4,16.1,11.2,11.2,10.9,10.9,10.7,10.6,10.6,10.4,10.2,16,9.73,9.6,9.51,9.34,9.51,9.21,9.17,9.12,9.34,16,9.04,9.04,9.12,9.12,9.12,9.04,9.17,9.34,9.38,16.1,9.64,9.64,9.6,9.77,9.9,10.1,10.3,10,10.4,16.1,10.9,10.9,10.9,11.1,11.2,11.4,11.4,11.3,11.5,16,11.8,11.7,11.8,11.8,11.8,11.9,11.8,12,12,16,12,12.1,12,12,11.9,12.1,12.1,12,11.8,16,11.9,12,12,12,12,12.1,16,16
-0.0000008,12.3,11.9,12.1,11.9,11.9,12,12,12,11.9,11.9,12,16.1,11.8,11.7,11.9,11.8,11.7,11.8,11.8,11.7,11.4,16.1,11.2,11.2,10.9,10.8,10.7,10.7,10.6,10.4,10.2,16,9.73,9.6,9.47,9.34,9.43,9.25,9.17,9.12,9.43,16.1,9,9,9.17,9.12,9.12,9,9.12,9.3,9.34,16,9.6,9.64,9.69,9.69,9.86,10.1,10.3,10.1,10.3,16,10.9,10.9,10.9,11,11.3,11.4,11.4,11.3,11.5,16,11.8,11.8,11.8,11.8,11.8,11.9,11.8,12.1,12,16,12,12.1,12,11.9,12,12.1,12.1,12,11.8,16,12,12.1,12,12,11.9,12.1,16,16
-0.0000006,12.4,12,12,12,11.9,12,12.1,12,12,11.9,12,16.1,11.8,11.7,11.9,11.8,11.8,11.8,11.8,11.7,11.5,16.1,11.2,11.2,10.9,10.8,10.8,10.7,10.5,10.3,10.2,16,9.69,9.73,9.43,9.43,9.38,9.34,9.08,9.08,9.43,16,9.04,8.95,9.21,9.17,9.17,9,9.08,9.25,9.34,16.1,9.6,9.64,9.73,9.69,9.82,10.2,10.3,10.2,10.3,16.1,10.9,10.9,11,11.1,11.3,11.4,11.4,11.3,11.5,16,11.8,11.8,11.7,11.8,11.9,11.8,11.8,12.1,12.1,16,11.9,12,11.9,12,12,12.1,12.1,12,12,16.1,12,12.1,12,12.1,12,12.1,16,16
-0.0000004,12.3,12.1,12,12,12,12,12,12,11.9,11.9,12,16.1,11.8,11.7,11.9,11.8,11.8,11.8,11.8,11.6,11.5,16,11.2,11.3,10.9,10.7,10.8,10.8,10.5,10.4,10.2,16,9.77,9.73,9.47,9.47,9.34,9.34,9.08,9.08,9.38,16,9.04,8.91,9.21,9.12,9.21,9,9.04,9.17,9.38,16.1,9.56,9.56,9.82,9.69,9.82,10.2,10.3,10.3,10.4,16.1,10.8,10.9,10.9,11.1,11.4,11.3,11.5,11.4,11.4,16,11.7,11.8,11.8,11.8,11.9,11.8,11.8,12.1,12,16,11.9,12,11.9,11.9,12,12,12.2,12,12,16.1,12.2,12.1,12,12.1,11.9,12.1,16,16
-0.0000002,12.3,12.1,11.9,11.9,11.9,12.1,12,12,11.9,12,11.9,16,11.9,11.8,11.8,11.8,11.8,11.8,11.8,11.7,11.7,16,11.3,11.2,11.1,10.7,10.7,10.8,10.5,10.3,10.2,16.1,9.77,9.73,9.51,9.56,9.3,9.43,9.04,9.12,9.34,16.1,9,8.87,9.21,9.17,9.21,9.04,9.04,9.25,9.38,16,9.51,9.6,9.82,9.82,9.82,10.2,10.2,10.4,10.4,16,10.9,10.9,11,11.1,11.3,11.4,11.5,11.4,11.5,16,11.6,11.8,11.8,11.8,11.9,11.9,11.8,12,12,16.1,12,11.9,11.9,12,11.9,12,12.1,12,12.1,16.1,12.2,12.1,12,12,12,12.1,16,16
-1.14E-20,12.3,12.2,11.9,11.9,12,12.2,12,12,11.9,11.9,12,16,11.9,11.9,11.8,11.8,11.7,11.7,11.7,11.7,11.7,16,11.4,11.3,11.1,10.8,10.8,10.8,10.5,10.3,10.2,16,9.77,9.73,9.51,9.6,9.3,9.47,9.04,9.08,9.25,16,9,8.87,9.12,9.17,9.17,9.08,9.04,9.25,9.3,16,9.51,9.6,9.77,9.82,9.77,10.1,10.3,10.5,10.4,16,10.9,10.9,11,11.1,11.3,11.4,11.5,11.4,11.5,16.1,11.6,11.8,11.8,11.8,11.9,11.9,11.7,11.9,12,16,12,11.9,12,12,11.9,11.9,12.1,12.1,12.2,16,12.2,12,11.9,12.1,12,12,16,16
0.0000002,12.3,12.2,11.9,11.9,11.9,12.2,12,11.9,11.9,12,11.9,16,11.8,11.9,11.8,11.8,11.7,11.6,11.6,11.6,11.7,16,11.4,11.3,11.1,10.8,10.8,10.8,10.5,10.3,10.2,16.1,9.82,9.69,9.56,9.64,9.3,9.43,9.08,9.04,9.21,16,9,8.91,9.08,9.12,9.12,9.12,9.04,9.21,9.38,16,9.47,9.64,9.82,9.86,9.77,10.1,10.3,10.5,10.4,16,10.9,10.9,10.9,11.2,11.2,11.5,11.5,11.4,11.5,16,11.6,11.7,11.8,11.8,11.8,11.8,11.8,11.9,12.1,16,11.9,11.9,12,11.9,12,11.9,12.1,12.1,12.2,16,12.2,12,11.9,12,12,12.1,16,16.1
0.0000004,12.3,12.2,11.9,11.9,12,12.2,12,11.9,11.9,12,12,16,11.8,12,11.8,11.8,11.7,11.5,11.6,11.6,11.6,16,11.4,11.2,11.2,10.9,10.8,10.8,10.6,10.2,10.1,16,9.9,9.64,9.51,9.64,9.34,9.38,9.17,9.08,9.17,16.1,9.08,9,9.08,9.17,9.08,9.12,9.04,9.25,9.38,16.1,9.47,9.64,9.82,9.9,9.82,10.1,10.3,10.4,10.4,16,10.9,11,11,11.2,11.2,11.5,11.6,11.3,11.5,16,11.6,11.7,11.8,11.9,11.8,11.8,11.8,11.8,12,16,11.9,11.9,12,11.9,11.9,11.9,12.2,12.1,12.3,16,12.1,12.1,11.8,11.9,12.1,12.1,16,16
0.0000006,12.3,12.2,12,11.9,12,12.2,12,11.8,11.8,12,11.9,16.1,11.8,12,11.8,11.8,11.6,11.5,11.5,11.6,11.6,16,11.4,11.2,11.2,10.9,10.7,10.7,10.6,10.3,10.2,16,9.9,9.64,9.56,9.6,9.38,9.34,9.17,9.12,9.17,16.1,9.04,9,9.04,9.17,9.08,9.17,9.12,9.34,9.38,16.1,9.47,9.69,9.77,9.9,9.82,10,10.3,10.4,10.4,16,10.9,10.9,11,11.2,11.2,11.6,11.5,11.3,11.5,16.1,11.6,11.7,11.8,11.9,11.7,11.9,11.8,11.8,12.1,16,11.9,12,12,12,12,11.9,12.1,12.1,12.2,16,12,12.1,11.9,11.9,12.2,12.1,16,16
0.0000008,12.3,12.1,12,11.9,12,12.1,12,11.8,11.9,11.9,11.9,16,11.8,11.9,11.9,11.9,11.6,11.5,11.6,11.7,11.5,16,11.4,11.2,11.2,11,10.8,10.7,10.6,10.3,10.2,16,9.86,9.6,9.47,9.56,9.47,9.25,9.25,9.12,9.21,16,9.08,9.08,9.08,9.21,9.08,9.17,9.21,9.34,9.43,16.1,9.47,9.69,9.73,9.9,9.9,10,10.3,10.3,10.4,16.1,10.8,10.9,11,11.3,11.2,11.6,11.5,11.3,11.5,16,11.6,11.6,11.8,11.9,11.8,11.8,11.9,11.9,12,16,11.9,12,12.1,12,12,11.9,12,12.1,12.1,16,11.9,12.1,11.8,11.8,12.2,12,16.1,16
0.000001,12.3,12,12.1,12,12,12,12,11.8,11.9,11.8,11.9,16.1,11.8,11.9,11.9,11.9,11.6,11.5,11.6,11.6,11.4,16.1,11.4,11.2,11.2,11,10.8,10.7,10.7,10.3,10.2,16,9.9,9.6,9.51,9.47,9.56,9.25,9.25,9.17,9.3,16,9.08,9.12,9.17,9.3,9.08,9.17,9.3,9.34,9.38,16,9.51,9.73,9.69,9.86,9.9,10,10.3,10.2,10.4,16,10.9,10.9,11,11.2,11.2,11.7,11.4,11.3,11.5,16,11.6,11.6,11.7,11.9,11.7,11.8,11.9,11.9,12,16,11.9,12,12.1,11.9,11.9,11.9,12,12.1,12,16,11.9,12,11.9,11.8,12.2,12,16,16.1
0.0000012,12.3,11.9,12.1,12,12,11.9,12,11.8,11.9,11.8,12,16.1,11.8,11.8,12,11.8,11.7,11.6,11.6,11.7,11.4,16.1,11.4,11.2,11.2,11,10.9,10.7,10.6,10.3,10.2,16.1,9.86,9.6,9.47,9.43,9.6,9.25,9.3,9.17,9.34,16,9.08,9.25,9.17,9.38,9.08,9.21,9.34,9.38,9.34,16,9.51,9.73,9.64,9.9,9.95,10.1,10.3,10.2,10.5,16.1,10.9,10.9,11,11.2,11.2,11.7,11.3,11.4,11.5,16,11.8,11.7,11.8,11.9,11.8,11.8,11.9,12,12.1,16,11.9,12,12.2,11.9,12,12,12.2,12,12,16,11.9,12,11.9,11.9,12.1,12,16,16
0.0000014,12.3,11.9,12.1,12,12,11.9,12.1,11.8,12,11.8,12,16,11.8,11.8,12,11.9,11.6,11.7,11.6,11.6,11.5,16,11.3,11.2,11.2,11,10.9,10.7,10.7,10.4,10.2,16.1,9.86,9.69,9.56,9.38,9.6,9.3,9.25,9.17,9.43,16,9.04,9.21,9.21,9.3,9.17,9.25,9.38,9.43,9.34,16,9.56,9.69,9.69,9.86,9.99,10.1,10.3,10.1,10.4,16,10.9,10.9,11,11.1,11.2,11.7,11.3,11.4,11.5,16,11.8,11.7,11.8,11.9,11.8,11.8,11.9,12,12,16,11.9,12,12.2,11.9,12,12,12.2,12,11.9,16,12,12,12,11.9,12.1,12.1,16,16
0.0000016,12.3,12,12.1,12,12,11.9,12.1,11.8,11.9,11.8,12,16.1,11.8,11.8,12.1,11.9,11.7,11.7,11.7,11.7,11.5,16.1,11.2,11.2,11.1,11,10.9,10.7,10.7,10.3,10.2,16.1,9.86,9.69,9.56,9.38,9.56,9.25,9.25,9.17,9.47,16,9.04,9.21,9.25,9.3,9.17,9.12,9.38,9.34,9.34,16,9.56,9.64,9.73,9.82,9.95,10.1,10.3,10.1,10.4,16.1,10.9,10.9,11,11,11.2,11.7,11.3,11.4,11.5,16.1,11.8,11.7,11.7,11.8,11.8,11.8,11.8,12.1,12.1,16,11.9,12.1,12.1,11.8,11.9,12,12.2,12,11.8,16,11.9,12,12,12,11.9,12.1,16.1,16
0.0000018,12.3,12,12,12,12,11.9,12.1,11.9,11.9,11.9,12,16,11.8,11.8,12,11.8,11.7,11.8,11.7,11.7,11.6,16,11.2,11.2,11.1,10.9,10.9,10.7,10.6,10.4,10.2,16,9.86,9.69,9.56,9.43,9.6,9.3,9.25,9.21,9.43,16,9,9.17,9.3,9.25,9.17,9.21,9.3,9.38,9.38,16.1,9.51,9.64,9.77,9.82,9.95,10.1,10.3,10.2,10.4,16.1,10.9,10.9,11,11,11.2,11.5,11.3,11.4,11.5,16,11.8,11.7,11.7,11.9,11.9,11.9,11.8,12,12,16,11.9,12.1,12.1,11.8,12,12,12.1,12,11.8,16,12,12,12,12,11.9,12.1,16.1,16
0.000002,12.3,12,11.9,11.9,11.9,11.9,12,12,11.9,12,12,16.1,11.8,11.8,12,11.9,11.8,11.8,11.7,11.6,11.6,16.1,11.3,11.2,11.1,10.9,10.9,10.8,10.7,10.4,10.2,16,9.82,9.73,9.56,9.43,9.56,9.34,9.17,9.21,9.43,16,9.04,9.12,9.25,9.17,9.17,9.21,9.21,9.34,9.38,16,9.56,9.64,9.82,9.82,9.95,10.1,10.3,10.2,10.3,16.1,10.9,10.9,11,11,11.4,11.5,11.4,11.4,11.5,16.1,11.8,11.8,11.8,11.8,11.9,11.9,11.8,11.9,12,16,12,12.1,12.1,11.9,12,12,12.2,12.1,11.9,16,12.1,12,12,12,11.8,12.2,16,16
0.0000022,12.3,12,11.9,11.9,12,12,12,12,11.9,12,12,16.1,11.8,11.8,12,11.9,11.8,11.8,11.7,11.6,11.7,16,11.4,11.2,11.1,10.8,10.8,10.8,10.6,10.4,10.2,16,9.82,9.77,9.51,9.47,9.47,9.38,9.17,9.25,9.38,16.1,9.08,9.08,9.17,9.21,9.17,9.21,9.12,9.3,9.43,16.1,9.56,9.64,9.86,9.77,9.9,10.1,10.3,10.3,10.3,16,10.9,10.9,11,11,11.4,11.4,11.5,11.4,11.5,16,11.8,11.8,11.8,11.8,12,11.9,11.8,11.9,12,16.1,11.9,12.1,12,11.9,11.9,12,12.1,12.1,12,16,12.1,12,12,12.1,11.8,12.2,16,16
0.0000024,12.2,12.1,11.8,11.8,12,12.1,12,12,11.9,12.1,12,16.1,11.8,11.8,11.8,11.8,11.8,11.7,11.7,11.6,11.7,16,11.4,11.3,11.1,10.8,10.7,10.8,10.6,10.4,10.2,16,9.9,9.69,9.6,9.51,9.47,9.43,9.17,9.21,9.3,16,9.04,9.04,9.12,9.12,9.21,9.21,9.08,9.34,9.47,16,9.6,9.6,9.82,9.86,9.9,10.1,10.3,10.4,10.3,16.1,10.9,10.9,11,11.1,11.2,11.4,11.5,11.4,11.5,16,11.8,11.8,11.8,11.8,12,12,11.8,11.8,12,16.1,12,12.1,12,12,11.9,12,12.1,12,12,16,12.1,12,12,12.1,11.8,12.1,16,16.1
0.0000026,12.2,12.2,11.8,11.8,11.9,12.1,12,12,11.9,12.1,12,16.1,11.8,11.9,11.8,11.8,11.8,11.7,11.7,11.6,11.6,16,11.5,11.3,11.1,10.7,10.7,10.7,10.5,10.4,10.2,16.1,9.86,9.64,9.51,9.51,9.47,9.47,9.17,9.25,9.25,16.1,9.12,9.04,9.08,9.08,9.25,9.25,9.12,9.3,9.56,16,9.56,9.69,9.86,9.86,9.77,10.1,10.3,10.5,10.3,16,10.9,10.9,11,11.2,11.3,11.3,11.6,11.4,11.5,16,11.7,11.8,11.8,11.8,12,11.9,11.8,11.8,12,16.1,11.9,12,12,12.1,11.9,12,12.1,12,12.1,16,12.1,12.1,12,12,12,12,16,16
0.0000028,12.3,12.1,11.9,11.9,12,12.1,11.9,12,11.9,12.1,12,16.1,11.8,11.9,11.8,11.8,11.8,11.6,11.7,11.6,11.6,16.1,11.5,11.3,11.1,10.8,10.7,10.6,10.6,10.4,10.2,16,9.95,9.64,9.47,9.56,9.43,9.51,9.25,9.21,9.25,16,9.12,9.08,9.12,9.17,9.3,9.25,9.17,9.34,9.56,16,9.6,9.69,9.9,9.86,9.77,10.1,10.3,10.5,10.3,16,10.9,10.9,11,11.2,11.3,11.4,11.5,11.4,11.6,16,11.7,11.8,11.9,11.8,11.9,11.8,11.8,11.8,12,16,11.9,12,12,12.1,11.9,12,12.1,12.1,12.1,16,12.1,12.1,12,12,12,12,16.1,16
0.000003,12.3,12.1,12,11.8,12,12.2,11.9,11.9,11.9,12,12,16,11.9,11.9,11.8,11.8,11.7,11.7,11.7,11.7,11.5,16.1,11.5,11.2,11.1,10.9,10.7,10.7,10.6,10.4,10.2,16,9.99,9.64,9.51,9.6,9.51,9.56,9.25,9.3,9.25,16,9.17,9.17,9.21,9.17,9.25,9.21,9.21,9.34,9.6,16,9.64,9.69,9.95,9.86,9.82,10.1,10.3,10.5,10.4,16.1,10.9,10.9,11,11.2,11.3,11.5,11.5,11.4,11.5,16.1,11.7,11.7,11.9,11.9,11.8,11.8,11.8,11.8,12,16,11.8,11.9,11.9,12.1,11.9,11.9,12.1,12.1,12,16,12.1,12.2,12,12,12.1,12,16,16
0.0000032,12.3,12.1,12,11.9,11.9,12.1,11.9,11.9,11.9,11.9,12,16.1,11.9,11.9,11.8,11.8,11.7,11.6,11.7,11.7,11.5,16,11.5,11.2,11.2,10.9,10.8,10.6,10.6,10.4,10.3,16,10,9.69,9.51,9.56,9.43,9.56,9.21,9.3,9.25,16,9.17,9.21,9.21,9.25,9.25,9.25,9.25,9.38,9.56,16,9.6,9.73,9.86,9.86,9.82,10.1,10.3,10.5,10.4,16,10.9,10.9,11.1,11.2,11.3,11.5,11.4,11.4,11.6,16,11.8,11.7,11.9,11.9,11.8,11.8,11.8,11.9,12,16,11.8,11.9,12,12.2,11.9,12,12.1,12.1,12.1,16,12.1,12.2,11.9,12,12.1,12,16,16
0.0000034,12.3,12.1,12.1,11.9,11.8,12.1,11.9,11.9,11.9,11.9,12,16.1,11.8,11.8,11.8,11.8,11.6,11.6,11.7,11.7,11.5,16.1,11.4,11.3,11.2,10.9,10.8,10.6,10.6,10.4,10.2,16,10,9.73,9.51,9.56,9.47,9.51,9.3,9.34,9.34,16.1,9.17,9.25,9.25,9.3,9.34,9.21,9.34,9.38,9.47,16,9.69,9.73,9.82,9.95,9.95,10.1,10.3,10.5,10.5,16,10.8,10.9,11.1,11.2,11.2,11.5,11.3,11.4,11.6,16.1,11.7,11.7,11.8,11.9,11.8,11.8,11.9,11.9,12.1,16,11.8,12,12,12.1,11.9,11.9,12.1,12.1,12.1,16,12.1,12.2,11.9,11.9,12.1,11.9,16,16
0.0000036,12.4,12,12,12,11.8,12,12,11.8,11.9,11.8,11.9,16.1,11.9,11.8,11.8,11.8,11.7,11.6,11.7,11.6,11.5,16.1,11.3,11.2,11.2,10.9,10.9,10.7,10.6,10.4,10.2,16.1,10.1,9.77,9.56,9.56,9.56,9.47,9.3,9.34,9.43,16,9.21,9.3,9.3,9.34,9.3,9.25,9.34,9.43,9.43,16,9.64,9.77,9.77,9.99,9.95,10.1,10.3,10.4,10.6,16.1,10.9,10.9,11,11.2,11.2,11.5,11.3,11.4,11.6,16.1,11.7,11.7,11.9,11.9,11.8,11.8,11.9,12,12.1,16,11.8,11.9,12.1,12,12,12,12.1,12.1,12.1,16.1,12.1,12.1,11.9,11.9,12,12,16,16
0.0000038,12.4,12.1,12,12,11.8,12,12,11.9,11.9,11.8,11.9,16,11.8,11.8,12,11.9,11.7,11.6,11.8,11.7,11.5,16.1,11.3,11.2,11.1,11,10.9,10.7,10.6,10.4,10.2,16,10,9.82,9.6,9.51,9.6,9.43,9.34,9.34,9.56,16,9.25,9.25,9.38,9.34,9.3,9.25,9.43,9.47,9.38,16.1,9.64,9.77,9.73,9.95,10,10,10.3,10.4,10.6,16,10.8,11,11,11.2,11.2,11.5,11.2,11.5,11.6,16.1,11.8,11.6,11.8,11.9,11.8,11.8,11.8,12,12.1,16,11.8,12,12.1,12,12,12,12.1,12.1,12,16,12,12.1,11.8,11.9,11.9,12,16,16.1
0.000004,12.3,12,12,12.1,11.8,12,12.1,11.8,11.9,11.9,11.9,16,11.8,11.9,12,11.8,11.8,11.6,11.8,11.6,11.5,16,11.4,11.2,11.1,11,11,10.8,10.7,10.5,10.2,16,9.9,9.9,9.64,9.56,9.64,9.3,9.3,9.34,9.6,16,9.21,9.25,9.38,9.38,9.34,9.25,9.47,9.47,9.38,16,9.69,9.82,9.64,9.99,10.1,9.99,10.3,10.4,10.6,16,10.9,10.9,11,11.2,11.2,11.5,11.3,11.4,11.5,16,11.7,11.6,11.8,11.8,11.8,11.9,11.8,11.9,12.1,16,11.8,12,12.1,11.9,12,11.9,12.1,12.1,12,16.1,12,12,11.8,11.9,11.8,12.1,16,16
0.0000042,12.3,12,12,12.1,11.8,11.9,12.1,11.9,12,12,11.9,16.1,11.8,11.8,12.1,11.8,11.8,11.6,11.8,11.7,11.6,16,11.4,11.3,11.2,11,10.9,10.9,10.7,10.5,10.2,16,9.86,9.9,9.69,9.6,9.69,9.25,9.34,9.3,9.56,16.1,9.21,9.25,9.38,9.43,9.34,9.3,9.47,9.47,9.38,16,9.64,9.77,9.73,9.99,10.1,9.99,10.4,10.3,10.6,16,10.9,11,11,11.1,11.3,11.5,11.4,11.4,11.5,16.1,11.7,11.7,11.7,11.8,11.8,12,11.9,11.9,12.1,16,11.9,12,12.1,11.9,12,12,12.1,12,12,16,12,11.9,11.9,11.9,11.8,12.2,16,16
0.0000044,12.3,12,12,12.1,11.9,12,12.2,11.9,12,12.1,11.9,16,11.8,11.9,12.1,11.8,11.8,11.7,11.8,11.6,11.6,16,11.3,11.2,11.1,10.9,10.9,10.9,10.6,10.5,10.2,16.1,9.86,9.86,9.73,9.56,9.6,9.25,9.38,9.25,9.56,16,9.12,9.25,9.34,9.3,9.34,9.25,9.43,9.51,9.43,16.1,9.69,9.73,9.73,9.86,10.1,9.99,10.4,10.3,10.6,16,10.9,11,11,11.1,11.3,11.5,11.4,11.4,11.5,16,11.7,11.7,11.7,11.8,11.9,12,11.9,11.9,12.1,16.1,11.9,12,12.1,12,12,11.9,12.1,12.1,12,16,12,11.9,12,11.9,11.9,12.2,16,16.1
0.0000046,12.3,11.9,11.9,12,11.9,12,12.2,11.9,11.9,12.1,11.9,16,11.8,11.9,12.1,11.8,11.8,11.7,11.8,11.7,11.6,16.1,11.4,11.2,11.1,10.9,10.9,10.9,10.6,10.5,10.2,16.1,9.86,9.86,9.69,9.56,9.6,9.25,9.38,9.21,9.6,16,9.17,9.21,9.34,9.34,9.34,9.25,9.38,9.47,9.47,16,9.69,9.69,9.73,9.9,10,10.1,10.4,10.3,10.5,16.1,10.9,11,11,11.1,11.3,11.4,11.5,11.4,11.5,16,11.8,11.7,11.8,11.9,11.8,12,11.8,11.8,12,16,12,12,12.1,12,12.1,12,12.1,12,12,16.1,12,11.9,12,11.9,11.9,12.2,16,16
0.0000048,12.2,11.9,12,12,12,12,12.1,12,11.9,12.1,11.9,16.1,11.8,11.9,12.1,11.8,11.8,11.6,11.8,11.6,11.6,16,11.4,11.2,11.1,10.9,10.9,10.9,10.7,10.4,10.3,16,9.82,9.82,9.73,9.56,9.6,9.34,9.34,9.25,9.6,16,9.17,9.21,9.25,9.3,9.3,9.25,9.34,9.47,9.51,16,9.73,9.69,9.9,9.86,9.99,10.2,10.4,10.3,10.3,16,10.9,11,11,11.1,11.3,11.4,11.5,11.4,11.5,16,11.7,11.7,11.8,11.8,11.9,12,11.9,11.8,12,16,12,12.1,12.1,12.2,12,12,12.1,12.1,12,16,12.1,12,12.1,12,12,12.2,16,16
0.000005,12.3,12,12,11.9,12,12,12.1,12,11.9,12,12,16,11.8,11.9,12,11.8,11.8,11.7,11.7,11.7,11.6,16.1,11.5,11.3,11.2,10.9,10.9,10.9,10.6,10.3,10.3,16.1,9.86,9.77,9.64,9.6,9.6,9.38,9.3,9.25,9.6,16,9.17,9.21,9.25,9.3,9.34,9.21,9.3,9.51,9.6,16,9.69,9.69,9.99,9.86,9.95,10.2,10.5,10.3,10.3,16,10.9,11,11.1,11.1,11.3,11.3,11.5,11.3,11.5,16.1,11.7,11.7,11.8,11.8,11.9,12,11.8,11.9,12,16.1,12,12,12,12.1,12,11.9,12.1,12.1,12.1,16,12,12,12.1,12,12.2,12.1,16,16
0.0000052,12.3,12,12,11.8,12.1,12,12,12,11.9,11.9,12.1,16,11.8,11.9,11.9,11.9,11.8,11.7,11.8,11.7,11.6,16,11.5,11.3,11.1,10.9,10.8,10.8,10.7,10.3,10.3,16,9.9,9.77,9.6,9.56,9.6,9.47,9.3,9.25,9.51,16,9.21,9.12,9.21,9.3,9.34,9.25,9.25,9.43,9.6,16,9.69,9.69,9.99,9.9,9.9,10.3,10.5,10.4,10.3,16,10.9,11,11.1,11.2,11.3,11.4,11.5,11.4,11.5,16,11.7,11.7,11.8,11.8,11.9,11.9,11.8,11.8,12,16,12.1,12.2,12,12.2,11.9,12,12.2,12,12.1,16.1,12,12,12.1,12,12.2,12.1,16,16
0.0000054,12.3,12,12,11.7,12.1,12.1,11.9,12,11.9,11.9,12.1,16.1,11.9,11.9,11.8,12,11.7,11.7,11.8,11.6,11.6,16,11.5,11.3,11.1,10.9,10.7,10.7,10.7,10.2,10.3,16,9.95,9.73,9.6,9.56,9.6,9.56,9.25,9.3,9.43,16.1,9.21,9.17,9.25,9.25,9.34,9.25,9.3,9.51,9.6,16,9.73,9.73,10,9.95,9.95,10.3,10.4,10.4,10.3,16.1,10.9,11,11.1,11.2,11.2,11.4,11.4,11.4,11.5,16,11.7,11.8,11.8,11.9,11.9,11.8,11.8,11.8,11.9,16,12,12.1,12,12.2,11.8,12,12.2,12.1,12,16,12,12.1,12,12,12.2,12,16,16.1
0.0000056,12.3,12.1,12,11.8,12.1,12.1,12,12,11.9,11.8,12,16,11.8,11.9,11.8,12,11.6,11.7,11.8,11.7,11.5,16,11.4,11.3,11.1,11,10.7,10.7,10.6,10.2,10.3,16,9.99,9.69,9.51,9.69,9.51,9.6,9.3,9.34,9.34,16.1,9.25,9.25,9.3,9.25,9.43,9.25,9.3,9.47,9.64,16.1,9.77,9.77,10,9.99,9.9,10.3,10.4,10.4,10.3,16,10.9,11,11.1,11.2,11.3,11.4,11.4,11.4,11.5,16,11.7,11.8,11.8,11.8,11.9,11.8,11.8,11.9,11.9,16,11.9,12,12,12,11.8,12,12.2,12.1,12,16.1,12,12.2,12,12,12.1,11.9,16,16
0.0000058,12.2,12,12,11.8,12,12.1,11.9,12,11.9,11.8,12,16.1,11.8,11.9,11.8,12,11.6,11.7,11.8,11.7,11.6,16,11.4,11.3,11.2,10.9,10.7,10.8,10.7,10.2,10.3,16,9.99,9.69,9.56,9.64,9.6,9.6,9.34,9.38,9.38,16,9.25,9.25,9.34,9.25,9.47,9.3,9.34,9.51,9.6,16,9.69,9.82,10,9.99,9.95,10.2,10.4,10.4,10.4,16,11,10.9,11.1,11.2,11.3,11.4,11.4,11.5,11.4,16.1,11.7,11.7,11.8,11.9,11.9,11.8,11.8,11.9,11.9,16.1,11.9,11.9,12,12,11.8,11.9,12.2,12.1,12,16.1,12.1,12.1,11.9,12,12,12,16,16.1
0.000006,12.2,12.1,12,11.8,12,12.1,11.9,11.9,11.9,11.8,12,16.1,11.9,11.9,11.8,12,11.6,11.6,11.8,11.7,11.5,16,11.5,11.3,11.2,10.9,10.7,10.7,10.7,10.3,10.3,16,10.1,9.69,9.6,9.64,9.6,9.56,9.34,9.43,9.38,16,9.3,9.3,9.34,9.34,9.51,9.34,9.34,9.47,9.6,16,9.73,9.82,9.95,9.95,9.95,10.2,10.4,10.4,10.4,16,10.9,10.9,11.1,11.2,11.2,11.4,11.4,11.5,11.5,16,11.7,11.7,11.7,11.9,11.8,11.8,11.8,12,12,16.1,11.8,11.9,12,11.9,11.8,12,12.3,12,11.9,16,12.1,12.2,11.9,12,11.9,11.9,16,16.1
0.0000062,12.2,12.1,12,12,11.8,12.1,12,11.9,11.9,11.9,11.9,16,11.9,11.8,11.9,11.9,11.6,11.6,11.8,11.7,11.5,16,11.3,11.3,11.2,10.9,10.7,10.7,10.7,10.3,10.3,16,10,9.73,9.6,9.64,9.6,9.51,9.38,9.43,9.47,16,9.25,9.34,9.38,9.38,9.51,9.34,9.34,9.47,9.56,16.1,9.73,9.86,9.86,9.99,9.99,10.1,10.3,10.4,10.5,16,10.9,11,11.1,11.2,11.3,11.5,11.4,11.5,11.5,16,11.7,11.7,11.7,11.9,11.8,11.8,11.8,12,12.1,16.1,11.8,11.8,12,11.8,11.9,12,12.2,12,11.9,16,12,12.1,11.9,12,11.8,11.9,16,16
0.0000064,12.1,12,12,12,11.9,12.1,12.1,11.9,11.9,12,11.8,16.1,11.8,11.8,11.8,11.8,11.7,11.6,11.8,11.7,11.5,16,11.3,11.3,11.2,11,10.9,10.8,10.7,10.4,10.3,16.1,10,9.73,9.69,9.69,9.6,9.47,9.38,9.47,9.47,16,9.25,9.34,9.38,9.43,9.51,9.34,9.38,9.56,9.56,16,9.73,9.82,9.86,9.95,9.99,10.1,10.3,10.4,10.6,16,10.9,11,11.1,11.2,11.3,11.4,11.5,11.5,11.5,16,11.7,11.7,11.7,11.9,11.8,11.8,11.9,11.9,12.1,16.1,11.8,11.9,12,11.8,12,11.9,12.2,11.9,12,16,12.1,12.1,11.9,11.9,11.8,12,16,16.1
0.0000066,12.2,12.1,12,12.1,11.8,12.1,12,11.9,11.9,12,11.8,16,11.8,11.8,11.9,11.8,11.8,11.6,11.8,11.6,11.5,16,11.4,11.4,11.2,11,10.9,10.9,10.7,10.5,10.3,16,9.99,9.73,9.69,9.64,9.69,9.43,9.38,9.43,9.56,16.1,9.25,9.38,9.34,9.43,9.43,9.38,9.43,9.56,9.47,16,9.73,9.86,9.77,9.99,10.1,10.1,10.3,10.4,10.6,16,10.9,11,11,11.2,11.3,11.5,11.5,11.5,11.5,16.1,11.6,11.7,11.7,11.9,11.8,11.7,11.9,11.9,12.1,16,11.8,11.8,12,11.9,12,12,12.1,12,12,16,12.1,12,11.9,11.9,11.8,12.1,16,15.9
0.0000068,12.2,12,12,12.1,11.8,12,12.1,11.9,11.9,12.1,11.8,16.1,11.8,11.8,12,11.8,11.8,11.6,11.8,11.7,11.5,16,11.4,11.4,11.2,10.9,11,10.9,10.6,10.4,10.3,16,9.99,9.73,9.73,9.6,9.69,9.34,9.38,9.43,9.64,16,9.25,9.38,9.38,9.47,9.38,9.3,9.43,9.56,9.47,16,9.73,9.86,9.77,10,10.1,10.2,10.3,10.3,10.6,16,10.9,11,11.1,11.2,11.3,11.5,11.5,11.5,11.6,16,11.7,11.7,11.8,12,11.8,11.7,12,11.9,12.1,16,11.8,11.9,12.1,11.9,12,12,12,11.9,12.1,16,12.1,12,11.9,11.9,11.8,12.1,16,15.4
0.000007,12.2,12.1,12,12,11.8,12.1,12.2,11.9,12,12,11.8,16.1,11.8,11.8,12,11.7,11.8,11.6,11.8,11.7,11.5,16,11.4,11.4,11.1,11,11,10.9,10.6,10.4,10.3,16,9.95,9.69,9.77,9.64,9.69,9.38,9.34,9.38,9.69,16,9.21,9.3,9.34,9.51,9.3,9.34,9.43,9.6,9.56,16,9.77,9.82,9.82,9.99,10,10.2,10.4,10.3,10.6,16.1,10.9,11,11,11.2,11.2,11.4,11.5,11.5,11.5,16,11.7,11.7,11.8,11.9,11.8,11.6,11.9,11.8,12.1,16,11.9,12,12.1,12,12.1,12,12,12,12.1,16,12.1,12,12,11.9,11.9,12.2,16,12.4
0.0000072,12.2,12,12.1,12,11.8,12,12.1,11.9,11.9,12.1,11.9,16.1,11.8,11.8,12.1,11.7,11.8,11.6,11.8,11.7,11.6,16,11.4,11.4,11.2,11,11.1,10.9,10.6,10.4,10.3,16.1,9.95,9.64,9.73,9.64,9.69,9.34,9.34,9.38,9.69,16,9.25,9.25,9.34,9.51,9.3,9.38,9.47,9.6,9.56,16,9.77,9.82,9.82,10,10.1,10.3,10.4,10.3,10.5,16,10.8,11,11,11.2,11.2,11.4,11.5,11.4,11.5,16,11.7,11.7,11.9,11.8,11.9,11.7,11.9,11.9,12.1,16.1,11.9,12,12.1,12.1,12.1,12,12,12,12,16,12.1,12,12,11.9,11.9,12.1,15.9,9.04
0.0000074,12.3,12,12,12,11.9,12,12.1,11.9,11.9,12,11.9,16.1,11.8,11.8,12,11.7,11.8,11.7,11.8,11.7,11.6,16.1,11.5,11.4,11.1,10.9,11,10.9,10.6,10.5,10.3,16,9.95,9.69,9.77,9.6,9.73,9.43,9.38,9.34,9.64,16,9.25,9.25,9.43,9.47,9.34,9.34,9.43,9.64,9.6,16,9.73,9.82,9.9,9.99,10.1,10.3,10.5,10.3,10.5,16,10.9,10.9,11,11.2,11.2,11.4,11.5,11.4,11.6,16.1,11.7,11.8,11.9,11.8,11.9,11.7,11.9,11.9,12.1,16,11.9,12,12,12.2,12,12,12,12.1,12,16,12.1,12,12,12,12,12.2,15.4,8.13
0.0000076,12.3,12,12,12,12,12,12.1,11.9,11.9,12,12,16,11.9,11.8,12,11.8,11.8,11.7,11.8,11.7,11.5,16.1,11.4,11.3,11.1,11,11,10.8,10.6,10.4,10.3,16,9.95,9.64,9.73,9.64,9.69,9.43,9.34,9.3,9.56,16.1,9.25,9.17,9.38,9.43,9.34,9.34,9.43,9.64,9.56,16.1,9.73,9.82,9.99,9.99,10,10.3,10.5,10.4,10.5,16,10.9,10.9,11,11.2,11.3,11.4,11.4,11.4,11.6,16,11.7,11.8,11.9,11.8,11.8,11.8,11.8,12,12,16,12,12.1,12,12.1,12,12,12,12.1,12,16,12.1,12,12,12,11.9,12.1,12.3,8.17
0.0000078,12.3,12.1,12,11.9,12,12,12.1,11.8,11.9,11.9,12,16,11.9,11.8,12,11.8,11.7,11.7,11.9,11.7,11.6,16,11.5,11.3,11.1,11,10.9,10.8,10.6,10.3,10.3,16,9.99,9.69,9.69,9.73,9.73,9.51,9.38,9.3,9.56,16.1,9.3,9.17,9.43,9.34,9.38,9.38,9.43,9.6,9.6,16,9.73,9.82,9.95,9.99,10,10.2,10.5,10.4,10.5,16,10.9,10.9,11,11.1,11.3,11.3,11.5,11.4,11.6,16,11.7,11.7,11.9,11.8,11.9,11.8,11.8,11.9,12.1,16.1,12,12.1,12,12.1,11.9,12,12.1,12.2,12,16,12,12.1,12,11.9,12,12.1,8.95,8.22
0.000008,12.3,12.1,12,11.9,12.2,12.1,12,11.8,11.9,11.9,12.1,16.1,11.8,11.9,11.9,11.8,11.6,11.7,11.9,11.7,11.6,16.1,11.4,11.2,11.2,10.9,10.8,10.8,10.6,10.3,10.3,16,10,9.73,9.64,9.73,9.64,9.56,9.38,9.34,9.6,16,9.3,9.17,9.43,9.34,9.43,9.38,9.43,9.51,9.6,16.1,9.64,9.77,10,9.95,10,10.2,10.6,10.4,10.4,16,11,10.9,11.1,11.1,11.3,11.4,11.5,11.4,11.5,16,11.6,11.7,11.8,11.8,11.9,11.9,11.8,11.9,12.1,16,12,12.1,12,12,11.9,12,12.1,12.1,12,16,11.9,12,12,12,12.1,12.1,8.13,8.22
0.0000082,12.2,12.1,11.9,11.9,12.2,12.1,12,11.9,11.9,12,12,16.1,11.8,11.9,11.9,11.9,11.6,11.7,11.9,11.7,11.6,16,11.5,11.2,11.2,10.9,10.8,10.8,10.7,10.4,10.3,16,10.1,9.73,9.64,9.77,9.73,9.51,9.34,9.38,9.51,16,9.34,9.25,9.38,9.34,9.47,9.43,9.43,9.51,9.56,16,9.69,9.82,9.99,9.99,10,10.1,10.5,10.4,10.3,16,11,10.9,11.2,11.2,11.3,11.3,11.5,11.4,11.6,16.1,11.7,11.7,11.7,11.9,11.9,12,11.8,11.9,12,16,11.9,12.1,12,11.9,11.9,12,12.2,12.1,12,16,11.9,12.1,12,12,12.1,12.1,8.22,8.17
0.0000084,12.3,12.1,12,11.9,12.2,12.1,12,11.9,11.9,11.9,12,16.1,11.8,11.9,11.9,12,11.6,11.7,11.8,11.6,11.6,16,11.5,11.2,11.2,10.9,10.8,10.8,10.8,10.4,10.3,16,10.1,9.82,9.6,9.73,9.69,9.56,9.34,9.43,9.56,16,9.38,9.25,9.38,9.25,9.47,9.43,9.43,9.43,9.6,16,9.6,9.77,9.99,9.99,9.99,10.1,10.6,10.5,10.5,16,11,11.1,11.2,11.2,11.3,11.3,11.5,11.4,11.6,16.1,11.6,11.7,11.7,11.9,11.9,12,11.9,11.8,12,16,11.9,12.1,12,11.9,11.8,12,12.2,12.1,12,16,11.9,12.1,12,11.9,12.1,12.1,8.17,8.22
0.0000086,12.2,12,12,11.9,12.1,12.1,12,11.9,11.9,11.9,12,16,11.7,11.9,11.9,12,11.6,11.6,11.9,11.7,11.6,16,11.4,11.2,11.2,10.9,10.8,10.8,10.8,10.5,10.3,16,10.1,9.82,9.6,9.82,9.69,9.6,9.38,9.43,9.56,16,9.38,9.38,9.38,9.3,9.43,9.43,9.38,9.43,9.6,16,9.69,9.86,10,9.99,10,10.2,10.6,10.4,10.5,16,11,11.1,11.2,11.2,11.3,11.4,11.5,11.4,11.6,16,11.7,11.8,11.6,12,11.9,12,11.9,11.8,12,16,11.9,12.1,12,11.8,11.9,12,12.2,12.1,12,16,12,12,12,12,12.1,12.1,8.22,8.22
0.0000088,12.2,12.1,12,11.9,12,12,12,12,11.9,11.9,11.9,16,11.8,11.9,11.8,12,11.7,11.7,11.9,11.6,11.6,16.1,11.4,11.3,11.2,11,10.8,10.9,10.8,10.6,10.4,16,10.1,9.82,9.6,9.73,9.69,9.56,9.43,9.47,9.51,16,9.38,9.43,9.38,9.38,9.43,9.38,9.43,9.43,9.56,16.1,9.77,9.86,9.99,10,10,10.2,10.5,10.5,10.5,16,11,11.2,11.2,11.2,11.3,11.4,11.5,11.4,11.6,16,11.7,11.8,11.6,12,11.9,12,11.9,11.9,11.9,16,11.9,12.1,12,11.9,11.9,12,12.2,12,12,16.1,12,12.2,12,12,12.1,12,8.22,8.17
0.000009,12.1,12.1,12.1,11.9,12,12,12,11.9,12,11.9,11.9,16,11.8,11.9,11.9,12,11.7,11.7,11.9,11.7,11.5,16.1,11.4,11.3,11.1,10.9,10.9,10.8,10.8,10.7,10.3,16,10.1,9.82,9.6,9.69,9.69,9.6,9.43,9.43,9.56,16.1,9.34,9.43,9.38,9.38,9.43,9.38,9.43,9.51,9.6,16,9.82,9.9,9.99,10,10.1,10.2,10.5,10.4,10.5,16,10.9,11.1,11.2,11.2,11.3,11.4,11.4,11.5,11.6,16,11.8,11.7,11.7,12.1,11.8,11.9,11.9,11.8,11.9,16,11.8,12.1,12.1,12,11.9,12.1,12.2,12,12,16,12,12.1,12,11.9,11.9,12,8.22,8.22
0.0000092,12.2,12.1,12.1,11.9,11.9,11.9,12,12,11.9,11.9,11.8,16.1,11.8,11.9,11.9,11.9,11.7,11.7,11.9,11.7,11.5,16,11.4,11.4,11.2,10.9,10.9,10.8,10.8,10.7,10.3,16.1,10,9.82,9.69,9.73,9.82,9.6,9.43,9.47,9.6,16,9.43,9.43,9.43,9.47,9.38,9.38,9.47,9.56,9.64,16,9.9,9.9,9.99,10,10.1,10.2,10.4,10.4,10.6,16.1,11,11.1,11.1,11.2,11.3,11.4,11.4,11.5,11.5,16,11.8,11.7,11.8,12,11.9,11.8,11.9,11.9,12,16,11.9,12.1,12.1,12,11.9,12.1,12.1,11.9,12,16.1,12.2,12,12,11.9,11.9,12,8.22,8.26
0.0000094,12.2,12.1,12.1,11.9,11.8,11.9,12,11.9,11.9,11.9,11.9,16,11.8,11.8,11.9,11.9,11.7,11.7,11.9,11.7,11.5,16,11.4,11.4,11.2,11,10.9,10.8,10.7,10.7,10.3,16,9.99,9.82,9.82,9.69,9.77,9.6,9.51,9.47,9.64,16,9.38,9.43,9.51,9.51,9.38,9.34,9.47,9.69,9.6,16,9.95,9.95,9.99,10,10.1,10.2,10.3,10.4,10.6,16.1,10.9,11,11.1,11.2,11.2,11.5,11.4,11.5,11.5,16,11.8,11.7,11.9,12,11.8,11.8,11.8,12,12,16,11.9,12,12.1,12,12,12.2,12.2,11.9,11.9,16,12.1,12,12.1,11.9,12,12.1,8.22,8.17
0.0000096,12.2,12,12.1,12,11.8,11.9,12,12,11.9,12,11.9,16,11.9,11.8,12,11.8,11.8,11.8,11.9,11.7,11.5,16,11.4,11.4,11.1,11,10.9,10.9,10.6,10.6,10.4,16,9.95,9.82,9.86,9.6,9.77,9.6,9.56,9.47,9.69,16.1,9.34,9.47,9.47,9.56,9.43,9.38,9.51,9.73,9.56,16.1,9.99,9.95,9.99,10.1,10.1,10.2,10.3,10.4,10.6,16,10.9,10.9,11,11.2,11.2,11.4,11.4,11.5,11.5,16,11.8,11.7,11.9,12,11.8,11.8,11.9,12,12.1,16,11.9,12,12.1,12.1,12,12.1,12.1,12,12,16.1,12.2,12,12.1,12,11.9,12.1,8.17,8.22
0.0000098,12.2,12.1,12,12.1,11.8,11.9,12,12,11.9,11.9,11.9,16.1,11.9,11.8,12,11.7,11.7,11.8,11.9,11.7,11.5,16,11.4,11.4,11.2,11,10.9,10.9,10.6,10.6,10.3,16.1,9.95,9.82,9.86,9.56,9.77,9.6,9.56,9.47,9.69,16.1,9.34,9.38,9.51,9.56,9.43,9.43,9.51,9.77,9.56,16,9.95,9.9,10,10.1,10.2,10.2,10.3,10.4,10.6,16.1,10.9,10.9,11,11.2,11.2,11.4,11.4,11.5,11.5,16,11.8,11.7,12,11.8,11.9,11.8,11.8,12,12.1,16,11.9,12,12.1,12,12,12.2,12.1,12,12,16.1,12.1,12,12.1,11.9,12,12.2,8.17,8.17
0.00001,12.2,12,12.1,12,11.8,12,12.1,12,11.9,11.9,11.9,16,11.9,11.8,12,11.7,11.8,11.8,11.8,11.7,11.6,16,11.5,11.4,11.2,11,11,10.9,10.6,10.6,10.3,16,9.9,9.82,9.9,9.6,9.77,9.56,9.51,9.43,9.73,16,9.34,9.38,9.47,9.56,9.43,9.43,9.56,9.77,9.6,16,9.86,9.95,9.99,10,10.1,10.2,10.4,10.3,10.6,16.1,10.9,10.8,10.9,11.2,11.2,11.4,11.5,11.6,11.5,16.1,11.7,11.7,11.9,11.8,11.9,11.8,11.9,12,12.1,16,11.9,12,12.1,12,12,12.2,12.1,12,11.9,16.1,12.1,12,12.1,11.9,11.9,12.2,8.17,8.17
0.0000102,12.2,12,12,12,11.8,12.1,12.1,12,12,11.9,12,16,12,11.8,12,11.7,11.8,11.8,11.8,11.6,11.6,16,11.5,11.4,11.2,11,11,10.9,10.6,10.5,10.5,16.1,9.95,9.82,9.9,9.64,9.73,9.56,9.51,9.38,9.6,16.1,9.43,9.38,9.47,9.47,9.38,9.47,9.51,9.73,9.6,16.1,9.77,9.86,10,10.1,10.1,10.2,10.4,10.4,10.5,16,10.9,11,11,11.2,11.2,11.4,11.5,11.5,11.5,16,11.6,11.8,11.9,11.8,11.9,11.8,11.8,12,12.2,16,11.9,12,12.1,12,12,12.1,12.2,12.1,12,16,12.1,12,12.1,11.9,12,12.1,8.17,8.17
0.0000104,12.2,12.1,12,12,11.9,12.2,12.1,12,11.9,11.9,12,16,11.9,11.8,12,11.7,11.8,11.7,11.8,11.6,11.7,16,11.5,11.3,11.1,10.9,10.9,10.9,10.7,10.4,10.4,16,10,9.86,9.9,9.64,9.73,9.6,9.51,9.38,9.6,16,9.38,9.38,9.47,9.47,9.43,9.51,9.6,9.64,9.64,16,9.73,9.9,10,10,10.1,10.2,10.5,10.4,10.5,16.1,11,11,11,11.2,11.2,11.4,11.5,11.5,11.6,16,11.7,11.8,11.8,11.8,11.9,11.9,11.9,11.9,12.1,16,12,12,12,12.1,11.9,12,12.2,12.2,12,16.1,12,12,12,12,11.9,12.1,8.17,8.22
0.0000106,12.1,12.1,12,12,12,12.2,12,12,11.9,12,12,16.1,11.8,11.8,12,11.8,11.8,11.6,11.7,11.6,11.6,16.1,11.5,11.3,11.1,10.9,10.9,10.9,10.7,10.4,10.4,16,10.1,9.86,9.9,9.77,9.77,9.56,9.43,9.43,9.6,16,9.38,9.38,9.47,9.47,9.51,9.6,9.56,9.6,9.64,16.1,9.73,9.9,10.1,9.99,10.1,10.3,10.6,10.5,10.5,16.1,11,11.1,11,11.2,11.2,11.4,11.5,11.4,11.8,16.1,11.5,11.7,11.7,11.8,11.9,11.9,11.9,11.9,12,16.1,11.9,12.1,12,12,11.9,11.9,12.2,12.1,12,16,12,12,11.9,11.9,12,12,8.17,8.17
0.0000108,12.1,12.1,12,11.9,12,12.2,12,12,11.9,12,12,16.1,11.8,11.9,12,11.8,11.8,11.6,11.6,11.7,11.7,16.1,11.5,11.3,11.1,10.9,10.9,10.9,10.7,10.4,10.4,16.1,10.2,9.86,9.86,9.82,9.77,9.56,9.38,9.43,9.6,16.1,9.43,9.38,9.47,9.43,9.47,9.56,9.56,9.6,9.73,16,9.77,9.82,10.1,9.99,10.1,10.3,10.6,10.5,10.5,16,10.9,11.2,11.1,11.2,11.2,11.4,11.5,11.4,11.7,16.1,11.6,11.7,11.7,11.8,11.9,11.9,11.8,11.9,12,16,11.9,12.1,12,12.1,11.9,11.9,12.1,12.1,12,16,12,12,11.9,12,12,12,8.17,8.22
0.000011,12.1,12,12,11.9,12,12.1,12,11.9,12,12,12,16,11.8,11.8,11.9,11.9,11.7,11.6,11.6,11.6,11.7,16,11.5,11.2,11.2,11,11,10.9,10.7,10.3,10.3,16,10.2,9.86,9.86,9.86,9.77,9.51,9.43,9.43,9.6,16,9.38,9.38,9.43,9.38,9.51,9.56,9.56,9.56,9.77,16,9.77,9.82,10.1,9.95,10.1,10.2,10.6,10.5,10.5,16.1,11,11.2,11.2,11.2,11.3,11.4,11.5,11.4,11.8,16,11.6,11.8,11.7,11.9,11.8,11.9,11.9,11.9,12,16,11.9,12.1,12,12.1,11.9,11.9,12.1,12.1,12,16,12,12.1,11.8,11.9,12,12,8.22,8.22
0.0000112,12.2,12.1,12,11.9,12.1,12.1,12,11.9,12,11.9,12,16.1,11.8,11.9,11.8,11.9,11.7,11.6,11.5,11.7,11.6,16,11.4,11.3,11.2,10.9,10.9,10.8,10.7,10.3,10.3,16,10.2,9.82,9.9,9.86,9.82,9.56,9.38,9.43,9.6,16.1,9.43,9.43,9.43,9.47,9.51,9.56,9.6,9.56,9.82,16,9.86,9.86,10.1,9.95,10.1,10.2,10.6,10.4,10.5,16,11,11.1,11.2,11.2,11.4,11.4,11.5,11.3,11.7,16.1,11.7,11.7,11.8,11.9,11.8,11.9,11.9,11.9,12,16,11.9,12.1,12,12.1,11.9,11.9,12.1,12,12,16,12,12.1,11.8,12,12,12,8.17,8.22
0.0000114,12.2,12.1,11.9,11.9,12.1,12,12,11.9,12,11.9,11.9,16,11.8,11.9,11.9,12,11.7,11.7,11.6,11.6,11.6,16,11.5,11.3,11.2,10.9,10.9,10.8,10.8,10.4,10.4,16.1,10.2,9.86,9.9,9.9,9.82,9.6,9.38,9.47,9.56,16,9.43,9.47,9.47,9.47,9.51,9.56,9.56,9.56,9.86,16.1,9.9,9.86,10.1,9.95,10.1,10.2,10.6,10.4,10.5,16,11,11.1,11.2,11.2,11.4,11.4,11.4,11.4,11.7,16,11.7,11.8,11.8,11.9,11.8,11.9,11.9,12,11.9,16.1,11.9,12,12,12,11.9,12,12,12,12,16,12,12.1,11.8,12,12.1,12,8.22,8.22
0.0000116,12.3,12,11.9,11.8,12,11.9,12,11.8,12,11.9,12,16,11.8,11.9,11.9,12,11.7,11.7,11.7,11.6,11.6,16,11.4,11.3,11.2,11,10.9,10.8,10.8,10.5,10.3,16,10.2,9.86,9.95,9.95,9.82,9.6,9.47,9.51,9.56,16,9.47,9.47,9.56,9.51,9.51,9.51,9.6,9.64,9.86,16.1,9.95,9.9,10,9.95,10.1,10.2,10.6,10.4,10.6,16,11,11,11.2,11.2,11.4,11.5,11.4,11.4,11.6,16.1,11.8,11.7,11.9,12,11.8,11.9,12,12,12,16.1,11.8,12,12,12,11.9,12,12.1,11.9,12,16.1,12,12.1,11.9,11.9,12,12.1,8.22,8.13
0.0000118,12.2,12,11.9,12,11.9,11.9,12,11.8,12,11.9,12,16,11.8,11.9,11.9,12,11.7,11.7,11.7,11.7,11.6,16,11.5,11.3,11.2,11,10.9,10.8,10.8,10.6,10.4,16,10.1,9.86,9.99,9.95,9.82,9.6,9.51,9.51,9.6,16.1,9.43,9.43,9.51,9.51,9.43,9.43,9.56,9.69,9.86,16,9.95,9.9,10,10,10.1,10.3,10.5,10.4,10.6,16,10.9,11,11.2,11.2,11.4,11.4,11.4,11.5,11.6,16,11.8,11.7,11.8,11.9,11.8,11.8,11.9,11.9,12,16,11.8,11.9,12,12,12,12,12.1,11.9,12,16,12.1,12,12,12,12.1,12.1,8.17,8.22
0.000012,12.2,12,11.8,11.9,11.9,11.9,12,11.8,11.9,11.9,12,16,11.8,11.9,11.9,12,11.7,11.8,11.8,11.6,11.6,16,11.5,11.4,11.3,11,10.9,10.9,10.7,10.7,10.4,16,10,9.9,9.99,9.82,9.77,9.64,9.56,9.6,9.56,16.1,9.43,9.56,9.56,9.56,9.43,9.43,9.56,9.73,9.82,16,9.82,9.95,9.99,10.1,10.1,10.3,10.4,10.4,10.6,16,11,11,11.2,11.1,11.3,11.5,11.5,11.5,11.5,16,11.8,11.7,11.8,11.9,11.8,11.9,11.9,12,12,16,11.9,12,12,11.9,12,12.1,12.2,11.8,11.9,16,12.1,12.1,12.1,11.9,12.1,12.2,8.17,8.17
0.0000122,12.2,12.1,11.9,11.9,11.9,11.9,12.1,12,11.9,11.9,12,16,11.9,11.8,12,11.8,11.7,11.8,11.8,11.6,11.6,16,11.4,11.4,11.3,11,10.9,10.9,10.7,10.6,10.4,16,10,9.95,10,9.77,9.82,9.56,9.6,9.6,9.6,16,9.43,9.47,9.51,9.6,9.47,9.43,9.6,9.82,9.73,16,9.77,9.95,9.99,10.1,10.2,10.4,10.5,10.4,10.6,16,11,11,11.2,11.2,11.3,11.5,11.4,11.6,11.5,16,11.7,11.7,11.8,11.9,11.9,11.9,11.8,12,12,16,11.9,12,12.1,11.9,11.9,12.1,12.2,11.8,12,16,12.1,12.1,12.1,12,12.1,12.2,8.22,8.17
0.0000124,12.2,12.1,11.9,12,11.9,12,12.1,12,11.9,12,12,16,11.9,11.8,12,11.8,11.7,11.8,11.9,11.6,11.6,16,11.5,11.4,11.3,11,10.8,10.9,10.7,10.6,10.4,16,10,9.99,10.1,9.69,9.77,9.6,9.64,9.6,9.69,16,9.43,9.51,9.6,9.56,9.51,9.43,9.56,9.77,9.69,16,9.77,9.99,9.99,10.2,10.2,10.5,10.4,10.5,10.6,16,10.9,11,11.1,11.1,11.2,11.5,11.4,11.6,11.5,16.1,11.7,11.7,11.8,11.9,11.9,11.9,11.8,11.9,12,16,11.9,12,12.1,12,12,12.1,12.3,11.9,12,16,12.1,12.1,12.1,11.9,12.1,12.2,8.22,8.13
0.0000126,12.2,12.2,11.9,12,11.9,12,12.1,12,11.9,12,12,16,11.9,11.8,11.9,11.8,11.8,11.7,11.8,11.6,11.6,16,11.4,11.4,11.2,11,10.9,10.9,10.7,10.6,10.4,16,9.99,9.95,10,9.73,9.82,9.6,9.64,9.51,9.69,16.1,9.47,9.47,9.56,9.64,9.47,9.43,9.6,9.77,9.69,16,9.77,9.99,10,10.2,10.1,10.4,10.4,10.6,10.5,16,10.9,11,11.1,11.1,11.1,11.5,11.5,11.5,11.5,16.1,11.6,11.7,11.8,11.8,11.9,12,11.8,12,12.1,16,11.9,12,12.1,11.9,12,12.1,12.3,12,12,16.1,12.1,12.1,12.1,12,12,12.2,8.22,8.22
0.0000128,12.1,12.2,11.9,12,11.9,12,12,12.1,11.9,11.9,12,16,11.9,11.9,11.9,11.8,11.8,11.7,11.8,11.6,11.6,16.1,11.4,11.4,11.1,11,10.9,10.9,10.7,10.6,10.4,16,10.1,9.99,10,9.73,9.82,9.6,9.64,9.56,9.69,16,9.47,9.47,9.51,9.64,9.56,9.47,9.56,9.82,9.64,16.1,9.77,9.99,10,10.2,10.1,10.5,10.4,10.6,10.5,16,11,11,11.1,11.2,11.1,11.4,11.5,11.5,11.5,16,11.5,11.8,11.8,11.8,11.9,11.9,11.8,12,12.1,16,11.9,12,12.1,12,11.9,12,12.2,12.1,12,16.1,12.1,12.2,11.9,11.9,12,12.1,8.17,8.17
0.000013,12.1,12.2,11.9,12,11.9,12.1,12.1,12.1,11.9,11.9,12,16,11.9,11.8,12,11.7,11.8,11.6,11.7,11.5,11.6,16.1,11.5,11.5,11,11.1,10.9,10.9,10.6,10.5,10.4,16,10.1,9.95,9.99,9.82,9.77,9.56,9.56,9.51,9.73,16,9.43,9.43,9.56,9.6,9.56,9.51,9.6,9.82,9.6,16,9.77,9.95,10.1,10.2,10.1,10.4,10.5,10.6,10.5,16,11,11.1,11.2,11.2,11.1,11.4,11.4,11.5,11.5,16.1,11.5,11.7,11.8,11.8,12,11.9,11.8,12,12,16,11.9,12,12.1,12,11.9,12,12.2,12.2,12,16,12.1,12.1,11.9,12,12,12.1,8.17,8.22
0.0000132,12.1,12.1,11.9,11.9,12,12.1,12,12.1,11.9,12,11.9,16,11.9,11.9,12,11.8,11.8,11.7,11.6,11.6,11.6,16,11.5,11.4,10.9,11,10.9,10.9,10.7,10.4,10.4,16,10.1,9.95,9.99,9.9,9.77,9.51,9.51,9.43,9.73,16,9.47,9.43,9.47,9.6,9.6,9.56,9.64,9.77,9.69,16,9.82,9.9,10.1,10.1,10.1,10.4,10.6,10.5,10.6,16.1,11,11.1,11.2,11.2,11.1,11.5,11.4,11.5,11.5,16,11.5,11.7,11.8,11.9,12,11.8,11.8,11.9,12.1,16,11.8,12,12,12,11.9,11.9,12.1,12.1,12,16,12,12.2,11.8,11.9,12,12,8.22,8.17
0.0000134,12.1,12.1,12,12,12,12.1,11.9,12,12,11.9,11.9,16.1,11.9,11.9,12,11.8,11.8,11.7,11.5,11.7,11.6,16,11.5,11.4,10.9,11,10.9,10.9,10.7,10.5,10.3,16,10.1,9.9,9.95,9.9,9.86,9.6,9.47,9.43,9.73,16,9.43,9.43,9.56,9.64,9.6,9.6,9.6,9.69,9.73,16.1,9.86,9.9,10.1,10.1,10.1,10.3,10.6,10.4,10.6,16.1,10.9,11.2,11.2,11.2,11.3,11.4,11.4,11.5,11.6,16.1,11.6,11.8,11.8,11.9,11.9,11.8,11.9,11.9,12,16,11.9,12,12,12,11.8,11.9,12.1,12.2,12,16.1,12,12.1,11.8,11.9,12,12,8.17,8.22
0.0000136,12.1,12,12,11.9,12,12.1,11.9,12,12,11.9,11.9,16.1,11.9,11.9,11.9,11.8,11.8,11.6,11.4,11.6,11.6,16,11.4,11.3,11,11,10.9,10.9,10.8,10.5,10.4,16.1,10.2,9.9,9.9,9.95,9.86,9.56,9.51,9.43,9.69,16,9.47,9.47,9.56,9.6,9.56,9.64,9.64,9.73,9.77,16.1,9.95,9.86,10.1,10.1,10.1,10.3,10.6,10.3,10.6,16,11,11.1,11.3,11.3,11.3,11.4,11.4,11.5,11.7,16.1,11.7,11.8,11.8,11.8,11.9,11.7,11.9,11.9,12,16,11.9,11.9,12.1,12,11.8,11.8,12,12.2,12,16,12.1,12,11.8,12,12,12,8.13,8.17
0.0000138,12.2,12,12,11.9,12,12.1,11.9,11.8,12,11.9,11.8,16,11.9,11.9,11.9,11.8,11.8,11.7,11.5,11.6,11.6,16,11.5,11.2,11.1,11,10.9,10.9,10.8,10.5,10.3,16,10.2,9.86,9.9,9.9,9.86,9.69,9.47,9.38,9.64,16.1,9.47,9.51,9.56,9.6,9.6,9.64,9.69,9.69,9.86,16,9.99,9.9,10.1,10.1,10.1,10.2,10.6,10.4,10.7,16,11,11.1,11.3,11.4,11.3,11.5,11.5,11.4,11.7,16,11.8,11.7,11.8,11.8,11.8,11.7,11.9,12,12,16,11.9,11.9,12,12,11.9,11.9,12,12.1,12,16.1,12,12,11.9,11.9,12,12,8.17,8.17
0.000014,12.2,11.9,12,11.9,12,12,12,11.8,12,11.9,11.9,16,11.8,11.9,11.9,11.9,11.7,11.7,11.6,11.6,11.6,16.1,11.5,11.2,11.3,11,10.9,10.8,10.8,10.5,10.4,16,10.2,9.9,9.86,9.86,9.9,9.6,9.56,9.47,9.64,16,9.51,9.51,9.56,9.6,9.51,9.69,9.64,9.73,9.86,16,10,9.9,10.1,10.1,10.1,10.2,10.6,10.3,10.7,16.1,11,11.1,11.4,11.3,11.4,11.5,11.5,11.4,11.8,16,11.8,11.7,11.8,11.9,11.8,11.8,11.9,12,12,16,11.9,11.8,12.1,12,11.9,11.9,12,12.1,12,16,12,11.9,11.9,11.9,12,12,8.22,8.17
0.0000142,12.2,11.9,12,11.9,12,12,12,11.7,12,11.9,11.9,16,11.8,11.8,11.9,11.8,11.7,11.7,11.8,11.6,11.6,16.1,11.5,11.2,11.3,11,10.9,10.8,10.8,10.6,10.4,16,10.2,9.95,9.86,9.77,9.95,9.64,9.56,9.51,9.69,16,9.56,9.51,9.6,9.56,9.56,9.69,9.6,9.73,9.95,16,10,9.99,10.1,10.1,10.1,10.3,10.6,10.3,10.6,16,11,11.1,11.4,11.4,11.4,11.5,11.4,11.5,11.8,16,11.8,11.7,11.8,11.9,11.8,11.8,11.9,12,12,16.1,12,11.8,12.1,12,11.9,11.9,12,12,11.9,16,12,11.9,12,11.9,12,12,8.17,8.17
0.0000144,12.2,12,12,11.9,12,12,12.1,11.8,11.9,11.9,12,16,11.8,11.9,11.9,11.8,11.7,11.8,11.8,11.6,11.6,16,11.5,11.2,11.3,11.1,10.9,10.8,10.8,10.6,10.4,16,10.2,9.95,9.82,9.77,9.95,9.64,9.56,9.6,9.69,16.1,9.6,9.51,9.56,9.6,9.51,9.64,9.73,9.73,9.9,16,9.99,10,10.1,10.1,10.2,10.3,10.6,10.4,10.6,16,11,11,11.4,11.3,11.4,11.5,11.5,11.5,11.8,16,11.8,11.7,11.8,11.9,11.8,11.8,12,11.9,12,16,12,11.9,12,11.9,12,12,12.1,12,12,16.1,12,11.9,12.1,12,12,12,8.17,8.17
0.0000146,12.2,12,11.9,11.9,12,12,12.2,11.8,11.9,11.9,12,16,11.8,12,11.9,11.9,11.7,11.8,11.9,11.6,11.7,16.1,11.4,11.2,11.3,11,10.9,10.8,10.8,10.6,10.4,16.1,10.2,9.99,9.86,9.77,9.95,9.64,9.56,9.69,9.77,16,9.6,9.6,9.6,9.6,9.6,9.6,9.64,9.77,9.9,16,9.99,10.1,10.2,10.1,10.2,10.3,10.6,10.5,10.5,16,11,11,11.3,11.3,11.3,11.5,11.5,11.5,11.7,16,11.8,11.7,11.8,11.9,11.8,11.9,11.8,11.9,12,16,12.1,12,12.1,11.9,12,12,12.2,11.9,11.9,16,12,11.9,12.1,11.9,12,12,8.17,8.17
0.0000148,12.2,12.1,12,11.9,12,12,12.2,12,11.8,12,12,16,11.8,12,11.9,11.9,11.8,11.8,11.9,11.6,11.7,16,11.4,11.3,11.2,11,10.9,10.8,10.8,10.6,10.4,16,10.1,10,9.86,9.82,9.9,9.69,9.6,9.69,9.73,16,9.64,9.56,9.6,9.64,9.6,9.56,9.73,9.77,9.82,16,9.95,10.1,10.2,10.1,10.2,10.3,10.5,10.5,10.5,16,11,11,11.3,11.2,11.2,11.5,11.5,11.5,11.6,16,11.8,11.8,11.8,11.8,11.9,12,11.9,12,12,16,12.1,12.1,12,12,12,12,12.2,12,12,16,12,12,12.2,11.9,12,12.1,8.17,8.17
0.000015,12.2,12,12,12,12,12,12.2,12.1,11.8,11.9,12,16,11.8,12,12,11.8,11.8,11.8,11.9,11.6,11.7,16,11.4,11.4,11.1,11,10.9,10.9,10.8,10.6,10.4,16,10.1,10,9.9,9.82,9.86,9.73,9.64,9.69,9.77,16,9.6,9.56,9.6,9.69,9.56,9.51,9.64,9.77,9.77,16,9.95,10.1,10.1,10.2,10.2,10.4,10.5,10.6,10.4,16,11,11,11.3,11.2,11.2,11.4,11.5,11.5,11.5,16.1,11.8,11.7,11.8,11.8,11.9,12,11.8,12,12,16,12,12.2,12,12,11.9,12.1,12.2,12,12,16,12.1,12,12.2,12,12,12.1,8.17,8.13
0.0000152,12.2,12.1,12,12,12,12,12.1,12.2,11.9,11.9,12.1,16,11.8,11.9,11.9,11.8,11.8,11.8,11.8,11.5,11.5,16,11.4,11.4,11,11,10.9,11,10.8,10.6,10.4,16,10.1,10.1,9.9,9.95,9.82,9.73,9.64,9.73,9.82,16,9.56,9.56,9.64,9.64,9.6,9.43,9.64,9.86,9.77,16,9.86,10.1,10,10.2,10.2,10.4,10.5,10.6,10.5,16,11,11,11.3,11.1,11.2,11.4,11.4,11.5,11.5,16.1,11.7,11.8,11.8,11.8,11.9,12,11.8,11.9,12,16,12,12.2,12,12,11.9,12,12.3,12,12,16,12,12,12.2,12,11.9,12.1,8.13,8.17
0.0000154,12.2,12.1,12,11.9,12,12,12,12.2,11.9,11.9,12,16.1,11.9,11.8,12,11.8,11.8,11.8,11.7,11.6,11.6,16,11.4,11.5,11.1,10.9,10.9,11.1,10.7,10.7,10.4,16.1,10.1,10.1,9.95,9.99,9.73,9.73,9.64,9.69,9.82,16.1,9.56,9.56,9.69,9.69,9.6,9.47,9.64,9.86,9.77,16,9.9,10,10,10.1,10.2,10.4,10.5,10.6,10.5,16,11,11.1,11.2,11.1,11.2,11.4,11.4,11.5,11.5,16.1,11.7,11.8,11.8,11.8,11.9,12,11.8,11.9,12,16,11.9,12.2,12.1,12,11.9,12,12.2,12.1,11.9,16,12.1,12.2,12.1,12,11.9,12.1,8.17,8.17
0.0000156,12.1,12.1,12,12,12,12.1,12,12.1,11.9,11.9,12,16,11.9,11.7,12,11.8,11.9,11.8,11.6,11.7,11.6,16,11.5,11.5,11.1,10.9,11,11.1,10.7,10.6,10.4,16.1,10.1,10,9.9,9.99,9.82,9.77,9.64,9.6,9.86,16,9.47,9.56,9.69,9.69,9.6,9.51,9.56,9.86,9.73,16,9.86,10,10.1,10.1,10.1,10.4,10.5,10.6,10.5,16,11,11.1,11.2,11.2,11.2,11.4,11.5,11.5,11.4,16,11.7,11.8,11.8,11.8,11.9,12,11.8,11.9,12.1,16,11.8,12.2,12,12,11.9,12,12.2,12.1,11.9,16,12.1,12.1,12,12,11.9,12.2,8.17,8.17
0.0000158,12.2,12.1,12,11.9,12,12,12,12.1,12,11.9,11.9,16,12,11.7,11.9,11.8,11.8,11.7,11.6,11.7,11.6,16,11.5,11.5,11.1,11,11,11.1,10.7,10.6,10.4,16.1,10.2,10,9.95,9.9,9.77,9.77,9.6,9.6,9.82,16,9.43,9.6,9.73,9.69,9.6,9.6,9.56,9.86,9.77,16,9.9,9.99,10,10.1,10.2,10.4,10.5,10.6,10.5,16,11,11.1,11.3,11.1,11.2,11.5,11.4,11.5,11.5,16,11.7,11.8,11.8,11.8,12,11.9,11.8,11.9,12.1,16,11.9,12.1,12.1,12,11.9,11.9,12.2,12.1,11.9,16,12.1,12.1,12,11.9,12,12.2,8.22,8.17
0.000016,12.1,12.1,11.9,12,12,12.1,12,11.9,11.9,11.9,11.9,16,12.1,11.7,11.9,11.8,11.8,11.7,11.6,11.7,11.6,16.1,11.5,11.4,11.2,11.1,11,11,10.7,10.6,10.3,16,10.1,10,9.95,9.99,9.82,9.69,9.6,9.56,9.77,16,9.43,9.56,9.82,9.64,9.64,9.6,9.6,9.86,9.82,16,9.95,9.95,10.1,10.1,10.2,10.3,10.6,10.6,10.6,16,11,11.1,11.3,11.2,11.3,11.5,11.4,11.5,11.5,16.1,11.7,11.8,11.8,11.9,11.9,11.8,11.8,11.9,12,16,11.9,12.1,12.1,12.1,11.8,11.9,12.2,12.1,11.8,16,12.1,12.1,11.9,12,11.9,12.1,8.22,8.22
0.0000162,12.1,12.1,11.9,11.9,12,12.1,11.9,11.8,11.9,12,12,16,12,11.8,11.9,11.8,11.7,11.7,11.6,11.8,11.7,16,11.5,11.3,11.3,11.1,11,11,10.8,10.6,10.4,16,10.2,10,9.95,9.95,9.9,9.69,9.64,9.51,9.77,16,9.43,9.56,9.77,9.64,9.6,9.73,9.69,9.82,9.82,16,10,9.95,10.2,10.1,10.2,10.3,10.6,10.6,10.7,16,11,11.2,11.2,11.3,11.3,11.5,11.4,11.5,11.6,16.1,11.7,11.8,11.8,11.9,11.9,11.8,11.9,11.9,12.1,16.1,11.9,12,12.1,12.1,11.9,11.8,12.1,12.1,11.8,16,12,12.1,11.9,11.9,12,12.1,8.17,8.17
0.0000164,12.1,12.1,11.9,12,12,12.1,11.9,11.8,12,11.8,12,16,12,11.8,11.9,11.8,11.7,11.7,11.7,11.7,11.7,16,11.5,11.3,11.3,11.1,11,10.9,10.8,10.6,10.4,16,10.2,10,9.95,9.9,9.95,9.64,9.6,9.56,9.77,16,9.47,9.56,9.73,9.69,9.56,9.69,9.77,9.82,9.86,16,9.95,9.99,10.2,10.2,10.2,10.2,10.6,10.5,10.7,16,11,11.1,11.3,11.4,11.3,11.5,11.4,11.5,11.7,16.1,11.7,11.8,11.8,11.9,11.8,11.8,11.9,12,12.1,16,11.8,12,12.1,12,11.9,11.9,12.1,12,11.9,16,12,12,11.8,11.8,12,12,8.17,8.22
0.0000166,12.1,12,11.9,12,11.9,12.1,12,11.8,12,11.9,12,16.1,11.9,12,12,11.8,11.6,11.7,11.7,11.7,11.8,16,11.6,11.3,11.3,11.1,11,10.9,10.8,10.6,10.4,16,10.2,10,9.9,9.86,9.95,9.6,9.6,9.51,9.77,16,9.56,9.6,9.64,9.69,9.6,9.77,9.86,9.73,9.9,16.1,10,10,10.2,10.2,10.2,10.2,10.6,10.4,10.7,16,11,11.1,11.2,11.3,11.3,11.6,11.4,11.5,11.8,16,11.7,11.8,11.7,12,11.8,11.8,12,11.9,12,16,11.9,11.9,12.1,12,11.9,11.8,12.2,12.1,11.9,16,12,12,11.8,11.9,12,12.1,8.17,8.22
0.0000168,12.1,12,11.9,12,11.9,12.1,11.9,11.8,11.9,11.9,11.9,16,11.8,12.1,11.9,11.8,11.6,11.7,11.8,11.7,11.7,16,11.6,11.2,11.2,11.2,11.1,10.8,10.9,10.6,10.4,16.1,10.2,9.95,9.9,9.82,10,9.73,9.6,9.6,9.82,16,9.6,9.6,9.6,9.64,9.6,9.73,9.95,9.86,9.99,16,9.99,9.99,10.2,10.2,10.2,10.3,10.6,10.4,10.7,16,11,11.1,11.2,11.3,11.3,11.6,11.4,11.5,11.8,16,11.7,11.8,11.8,11.9,11.8,11.8,12,11.9,12,16.1,12,12,12.1,12,11.9,11.8,12.1,12,12,16,12,12,11.8,11.8,12,12.1,8.17,8.13
0.000017,12.1,12,12,11.9,11.9,12.1,12,11.8,11.9,12,11.9,16.1,11.8,12.1,11.9,11.8,11.6,11.7,11.8,11.6,11.7,16.1,11.6,11.3,11.2,11.2,11,10.9,10.9,10.6,10.5,16,10.2,9.95,9.86,9.82,10,9.73,9.64,9.64,9.82,16,9.64,9.64,9.56,9.64,9.51,9.73,9.9,9.82,9.95,16.1,9.99,10,10.2,10.3,10.3,10.3,10.6,10.4,10.7,16,11,11.1,11.2,11.3,11.3,11.5,11.5,11.5,11.8,16,11.8,11.8,11.8,11.9,11.8,11.9,12,11.9,12,16,12,12,12.1,12,11.9,11.9,12.2,12.1,12,16,12,12,11.9,11.9,12,12,8.17,8.17
0.0000172,12.2,12,12.1,11.9,11.9,12.1,12,11.9,11.9,12,12,16,11.7,12,11.9,11.9,11.7,11.7,11.8,11.6,11.7,16.1,11.5,11.3,11.1,11.1,11,10.9,10.9,10.6,10.4,16,10.2,9.99,9.9,9.82,10,9.73,9.64,9.64,9.82,16,9.73,9.6,9.56,9.73,9.56,9.69,9.95,9.95,9.9,16,9.99,10.1,10,10.2,10.3,10.4,10.6,10.4,10.6,16,11.1,11.1,11.1,11.3,11.2,11.6,11.5,11.5,11.7,16,11.8,11.8,11.8,11.9,11.8,11.8,12,12,12,16,12,12.1,12.1,12,11.9,12,12.2,12.1,12,16,12,12,11.9,11.9,12,12.1,8.22,8.17
0.0000174,12.1,12,12.1,11.9,11.9,12.1,12,12,11.9,12,12,16,11.7,11.9,11.9,11.8,11.7,11.7,11.8,11.7,11.6,16,11.5,11.4,11.1,11,11,10.9,10.9,10.6,10.4,16,10.2,9.99,9.9,9.86,10,9.77,9.69,9.69,9.82,16.1,9.69,9.6,9.56,9.73,9.6,9.64,9.86,9.9,9.86,16,9.99,10.1,9.99,10.2,10.3,10.4,10.6,10.3,10.6,16,11,11.1,11.1,11.2,11.3,11.5,11.5,11.5,11.7,16,11.8,11.8,11.8,11.8,11.8,11.9,11.9,12,12,16,12,12.2,12.1,12,11.9,12.1,12.1,12,12.1,16,12,12,12,11.9,12,12.1,8.17,8.17
0.0000176,12.2,12,12.1,11.9,12,12,12,12,11.9,12,12,16.1,11.7,11.9,12,11.9,11.8,11.8,11.8,11.7,11.5,16,11.5,11.4,11.1,11,11,10.9,10.9,10.6,10.5,16.1,10.2,10,9.9,9.95,9.99,9.82,9.69,9.64,9.86,16,9.69,9.56,9.6,9.77,9.6,9.6,9.82,9.95,9.82,16,9.99,10.1,10,10.2,10.3,10.5,10.6,10.4,10.6,16,11,11,11.1,11.2,11.3,11.5,11.5,11.5,11.7,16,11.8,11.8,11.8,11.8,11.9,11.9,11.9,12.1,12,16.1,12,12.2,12.1,12,12,12.1,12.2,12.1,12.1,16,12,12.1,12,11.9,12,12.1,8.17,8.13
0.0000178,12.2,12.1,12.1,11.9,12,12,12.1,12,11.9,11.9,12,16,11.8,11.8,12,11.9,11.8,11.8,11.8,11.7,11.5,16,11.4,11.4,11.2,10.9,11,11,10.8,10.6,10.5,16,10.2,10.1,9.95,9.99,9.99,9.86,9.69,9.64,9.86,16,9.6,9.6,9.69,9.73,9.64,9.69,9.77,9.95,9.82,16,9.99,10.1,10,10.2,10.2,10.5,10.6,10.5,10.6,16.1,11.1,11.1,11.1,11.2,11.3,11.5,11.5,11.5,11.6,16,11.8,11.8,11.8,11.8,12,11.9,11.8,12.1,12,16,12,12.2,11.9,12.1,11.9,12.2,12.2,12.1,12.1,16.1,12,12.1,12,12,11.9,12.1,8.22,8.22
0.000018,12.2,12,12,11.9,12,12,12.1,12,11.9,11.8,12,16.1,11.8,11.8,11.9,11.9,11.8,11.8,11.8,11.7,11.5,16,11.4,11.4,11.3,10.9,11,11,10.8,10.6,10.5,16,10.2,10.2,9.99,9.99,9.9,9.86,9.73,9.69,9.86,16,9.69,9.6,9.77,9.77,9.69,9.6,9.73,9.9,9.77,16,9.95,10,10.1,10.1,10.2,10.5,10.6,10.6,10.6,16,11,11,11.1,11.2,11.5,11.4,11.5,11.5,11.5,16,11.8,11.8,11.8,11.8,12,11.9,11.7,12.2,12.1,16,11.9,12.1,12,12,11.9,12.1,12.2,12.1,12,16,12.1,12.1,12,12,12,12.2,8.22,8.17
0.0000182,12.2,12.1,11.9,12,12,12,12,12.1,11.9,11.9,12,16.1,11.9,11.8,12,11.9,11.8,11.8,11.7,11.7,11.6,16,11.4,11.4,11.3,10.9,11,11.1,10.7,10.6,10.4,16,10.2,10.2,9.95,10,9.86,9.86,9.64,9.64,9.9,16.1,9.56,9.64,9.77,9.77,9.69,9.6,9.73,9.86,9.86,16,9.95,10.1,10.2,10.1,10.1,10.5,10.6,10.7,10.6,16,11.1,11.1,11.2,11.2,11.4,11.4,11.5,11.5,11.5,16,11.8,11.8,11.8,11.8,12,11.9,11.7,12.2,12,16,11.9,12,12.1,12.1,11.9,12,12.2,12.1,12.1,16,12.2,12.1,12,12,12,12.1,8.22,8.17
0.0000184,12.1,12.2,11.9,11.9,12,12,12,12,11.9,11.9,12,16,11.9,11.8,11.9,11.9,11.8,11.7,11.8,11.8,11.7,16,11.4,11.4,11.4,10.9,11,11.1,10.7,10.6,10.4,16,10.1,10.2,9.99,10,9.82,9.86,9.56,9.69,9.86,16,9.56,9.69,9.86,9.73,9.82,9.64,9.73,9.86,9.9,16,9.95,10.1,10.2,10.1,10.2,10.5,10.6,10.8,10.6,16,11.1,11.1,11.2,11.2,11.5,11.4,11.5,11.5,11.6,16,11.7,11.7,11.8,11.8,12,11.8,11.7,12.2,12.1,16,11.9,12,12.1,12.1,11.9,12,12.2,12,12.1,16,12.1,12,12,12.1,12,12.1,8.17,8.22
0.0000186,12.1,12.2,11.8,11.8,12,12,12,11.9,11.9,12,12,16,11.9,11.9,11.9,11.8,11.8,11.7,11.8,11.8,11.8,16.1,11.5,11.4,11.4,10.9,11,11,10.6,10.6,10.4,16,10.1,10.2,9.99,10,9.82,9.9,9.6,9.69,9.86,16,9.6,9.64,9.86,9.77,9.77,9.6,9.73,9.77,9.9,16,9.99,10.1,10.2,10.1,10.1,10.5,10.6,10.8,10.6,16,11.1,11.1,11.2,11.2,11.5,11.4,11.5,11.5,11.6,16.1,11.6,11.7,11.8,11.9,12,11.8,11.8,12.2,12.1,16,11.9,11.9,12.2,12,11.9,11.9,12.2,12.1,12.1,16,12.2,12.1,12,12,12,12.1,8.17,8.22
0.0000188,12.1,12.2,11.8,11.9,12,12.1,12,11.9,11.9,12,12,16,11.9,12,11.9,11.8,11.8,11.7,11.8,11.8,11.8,16.1,11.5,11.4,11.3,11,11,11,10.7,10.6,10.5,16.1,10.1,10.2,9.95,10,9.77,9.9,9.64,9.6,9.82,16,9.56,9.64,9.86,9.77,9.73,9.73,9.77,9.77,9.95,16,9.95,10,10.3,10.2,10.1,10.5,10.6,10.8,10.7,16,11.1,11.1,11.2,11.3,11.4,11.4,11.5,11.5,11.6,16,11.6,11.7,11.8,11.9,11.9,11.8,11.8,12.1,12.1,16,11.9,11.9,12.2,12,11.9,11.8,12.2,12,12.2,16,12.2,12.1,12,12,12,12.1,8.17,8.17
0.000019,12.1,12.2,11.8,11.9,12,12.1,12,11.9,11.9,12,12,16,11.9,12,11.9,11.8,11.8,11.6,11.7,11.7,11.8,16,11.6,11.4,11.2,11.2,11,11,10.8,10.5,10.5,16,10.2,10.2,9.99,10,9.86,9.95,9.64,9.69,9.82,16.1,9.6,9.64,9.82,9.73,9.77,9.73,9.77,9.77,9.95,16,9.9,10,10.3,10.2,10.2,10.5,10.6,10.7,10.7,16,11.1,11.1,11.2,11.3,11.4,11.5,11.5,11.5,11.6,16,11.6,11.7,11.8,11.9,11.9,11.8,11.8,11.9,12.1,16,11.9,11.9,12.2,12,11.9,11.9,12.1,12.1,12.2,16,12.1,12.1,11.9,12,12,12,8.22,8.17
0.0000192,12.1,12.2,11.8,11.9,12,12.1,11.9,11.9,12,12,11.9,16,11.9,12,11.9,11.7,11.7,11.6,11.7,11.8,11.8,16,11.6,11.4,11.2,11.2,11,10.9,10.8,10.5,10.5,16,10.2,10,9.99,10,9.9,9.86,9.69,9.69,9.77,16,9.64,9.69,9.77,9.77,9.73,9.73,9.86,9.82,9.95,16.1,9.99,10.1,10.2,10.3,10.2,10.5,10.5,10.6,10.7,16,11,11.1,11.2,11.3,11.3,11.5,11.5,11.5,11.7,16,11.6,11.7,11.8,12,11.8,11.8,11.9,11.8,12.1,16,11.9,12,12.2,12,11.9,11.8,12.2,12.1,12.2,16,12.1,12,11.9,11.9,12,12,8.13,8.22
0.0000194,12.1,12.1,11.9,11.9,12,12.1,12,11.9,11.9,12,11.9,16.1,11.8,12,11.9,11.8,11.7,11.6,11.7,11.7,11.7,16,11.6,11.3,11.1,11.2,11,10.9,10.9,10.6,10.5,16,10.2,10,9.95,9.99,9.95,9.77,9.77,9.73,9.77,16,9.69,9.69,9.73,9.77,9.73,9.82,9.86,9.9,9.9,16,9.99,10.1,10.2,10.3,10.2,10.5,10.5,10.6,10.7,16,11,11.1,11.2,11.4,11.3,11.6,11.5,11.5,11.7,16,11.6,11.7,11.8,11.9,11.8,11.9,11.9,11.8,12,16,11.9,12,12.2,12,11.9,11.8,12.1,12.1,12.1,16,12,12.1,11.9,11.9,12,12.1,8.17,8.17
0.0000196,12.2,12,12,11.9,12,12,12,11.8,11.9,11.9,12,16,11.8,12,12,11.8,11.7,11.6,11.7,11.7,11.6,16.1,11.7,11.4,11.1,11.2,11,10.9,10.9,10.5,10.5,16.1,10.3,9.99,9.95,10,9.99,9.77,9.77,9.73,9.86,16,9.64,9.73,9.69,9.77,9.73,9.82,9.95,9.9,9.95,16,10,10.1,10.1,10.3,10.2,10.4,10.6,10.4,10.7,16.1,10.9,11.1,11.2,11.3,11.3,11.6,11.5,11.5,11.8,16.1,11.7,11.7,11.8,12,11.7,11.9,12,11.8,12,16.1,11.9,12,12.2,12,11.9,11.9,12.1,12.1,12.1,16,11.9,12,11.9,11.8,12.1,12.1,8.22,8.17
0.0000198,12.2,12,12.1,11.9,12,12,12,11.8,11.9,11.9,11.9,16.1,11.8,11.9,12,11.8,11.7,11.6,11.8,11.7,11.6,16,11.6,11.3,11.1,11.2,11.1,10.9,11,10.6,10.5,16.1,10.3,9.95,9.99,9.99,10,9.64,9.86,9.69,9.86,16,9.69,9.73,9.82,9.77,9.73,9.82,9.99,9.99,9.95,16,10,10.2,10.1,10.3,10.3,10.4,10.6,10.4,10.7,16,11,11.1,11.2,11.3,11.3,11.5,11.4,11.5,11.8,16,11.7,11.7,11.8,11.9,11.8,11.9,12,11.7,12,16,12,12.1,12.2,12,11.9,12,12.1,12,11.9,16,11.9,12,11.9,11.8,12,12.1,8.17,8.17
0.00002,12.1,11.9,12.1,11.9,12,11.9,12,11.9,11.9,11.8,11.9,16,11.8,11.8,12,11.8,11.7,11.7,11.7,11.7,11.6,16,11.6,11.4,11.2,11.2,11.1,10.9,10.9,10.6,10.5,16,10.3,10,9.95,9.95,10.1,9.69,9.86,9.73,9.9,16.1,9.64,9.77,9.82,9.82,9.77,9.77,9.95,9.99,9.95,16,9.99,10.2,10.1,10.2,10.3,10.4,10.6,10.4,10.7,16,11.1,11,11.2,11.3,11.3,11.5,11.4,11.5,11.7,16,11.8,11.8,11.8,11.9,11.8,11.9,11.9,11.8,12,16,11.9,12.1,12.2,12,11.9,12,12.1,12,11.9,16,12,12,12,11.8,12,12.2,8.17,8.13
0.0000202,12.1,12,12.1,12,12,11.9,12.1,11.9,11.9,11.8,12,16,11.8,11.9,12,11.9,11.8,11.7,11.8,11.7,11.5,16.1,11.5,11.3,11.1,11.2,11.1,10.9,10.9,10.6,10.5,16,10.3,10.1,9.95,9.95,10,9.73,9.82,9.73,9.99,16,9.73,9.77,9.82,9.86,9.82,9.73,9.9,10,9.99,16,10,10.2,10.1,10.2,10.3,10.4,10.6,10.4,10.7,16,11.1,11.1,11.1,11.2,11.3,11.5,11.4,11.5,11.7,16,11.8,11.8,11.8,11.8,11.9,11.9,11.9,11.9,12,16.1,12,12.1,12.1,12,12,12.1,12.1,12,11.8,16.1,11.9,12,12,11.9,12,12.1,8.13,8.22
0.0000204,12.1,11.9,12.1,11.9,12,11.9,12.1,12,11.9,11.9,12,16,11.8,11.9,12,11.9,11.8,11.8,11.8,11.8,11.6,16,11.4,11.4,11.1,11.1,11.1,10.9,10.9,10.6,10.5,16.1,10.2,10.2,10,9.99,10,9.77,9.73,9.82,10,16,9.73,9.73,9.9,9.82,9.82,9.73,9.95,9.99,9.99,16,9.99,10.1,10.1,10.2,10.3,10.5,10.6,10.4,10.6,16,11.1,11.1,11.1,11.2,11.4,11.4,11.4,11.5,11.7,16,11.8,11.8,11.9,11.9,12,12,11.9,12,12,16,12,12.1,12.2,12,11.9,12.1,12.2,12.1,11.8,16,12,12.1,12,12,11.9,12.1,8.22,8.22
0.0000206,12.1,12,12,11.9,12,12,12.1,12.1,11.9,11.9,12,16,11.8,12,12,11.9,11.8,11.9,11.8,11.8,11.6,16,11.4,11.4,11.2,11,11,10.9,10.8,10.6,10.5,16.1,10.3,10.2,9.99,9.95,10,9.86,9.73,9.77,10,16,9.69,9.73,9.86,9.82,9.86,9.73,9.86,9.99,9.95,16,10,10.1,10.2,10.2,10.2,10.4,10.6,10.6,10.6,16,11.1,11.1,11.1,11.2,11.5,11.5,11.4,11.5,11.6,16,11.8,11.8,11.8,11.8,12.1,12,11.8,11.9,12,16,12,12,12.1,11.9,12,12.1,12.2,12,11.8,16.1,12.1,12,12.1,12,11.9,12.1,8.13,8.17
0.0000208,12.1,12.1,12,11.9,12,12,12.2,12,11.9,12,12.1,16,11.8,12.1,11.9,11.8,11.8,11.8,11.8,11.7,11.7,16.1,11.4,11.4,11.2,11,11,10.9,10.7,10.7,10.5,16.1,10.2,10.2,9.99,9.95,9.99,9.9,9.73,9.77,10.1,16,9.69,9.64,9.77,9.77,9.86,9.69,9.82,9.95,9.95,16,9.95,10.1,10.2,10.2,10.2,10.5,10.6,10.7,10.6,16,11.1,11.1,11.1,11.2,11.4,11.4,11.5,11.5,11.6,16,11.8,11.8,11.8,11.8,12,12,11.8,11.9,11.9,16.1,12,12.1,12.1,11.9,12,12,12.2,12.1,11.9,16,12.1,12.1,12.1,12,11.8,12.2,8.22,8.17
0.000021,12.1,12.1,11.9,11.9,11.9,12.1,12.1,12,11.9,12,12.1,16,11.8,12.1,11.9,11.8,11.8,11.8,11.8,11.8,11.8,16,11.4,11.5,11.2,10.9,10.9,11,10.7,10.7,10.5,16.1,10.2,10.2,10,9.99,9.95,9.99,9.69,9.82,10,16,9.69,9.6,9.77,9.77,9.9,9.73,9.77,9.86,9.99,16,9.99,10,10.3,10.2,10.2,10.4,10.6,10.7,10.6,16,11.1,11.1,11.2,11.2,11.5,11.4,11.6,11.5,11.5,16,11.8,11.8,11.8,11.8,12,11.9,11.8,11.9,11.9,16.1,12,12.1,12.1,12,11.9,12,12.2,12.1,11.9,16,12.2,12.1,12.1,12,11.8,12.2,8.17,8.17
0.0000212,12.1,12.1,11.9,11.9,12,12.2,12,12,11.9,12.1,12,16,11.8,12.1,11.8,11.8,11.8,11.8,11.8,11.7,11.8,16,11.5,11.5,11.2,10.9,10.9,11,10.8,10.7,10.5,16,10.3,10.2,9.99,9.99,9.95,9.99,9.69,9.77,9.99,16,9.69,9.6,9.73,9.69,9.86,9.73,9.73,9.86,10,16,9.99,10.1,10.3,10.2,10.2,10.5,10.6,10.8,10.6,16.1,11.1,11.1,11.2,11.2,11.4,11.4,11.7,11.5,11.5,16,11.6,11.8,11.9,11.8,12,11.9,11.8,11.9,12,16.1,11.9,12.1,12,12,11.9,12,12.2,12.1,12,16,12.1,12.1,12.1,12,11.9,12.1,8.17,8.13
0.0000214,12.1,12.2,11.9,11.8,12,12.2,12.1,11.9,12,12,12.1,16,11.8,12.1,11.8,11.8,11.8,11.7,11.8,11.7,11.8,16.1,11.5,11.5,11.2,11,10.9,11,10.8,10.6,10.5,16,10.3,10.2,10,9.99,9.95,9.95,9.73,9.77,9.9,16,9.73,9.64,9.69,9.64,9.82,9.77,9.73,9.86,10,16.1,10,10.1,10.2,10.3,10.2,10.5,10.6,10.8,10.6,16,11.1,11.1,11.2,11.2,11.4,11.4,11.8,11.6,11.5,16,11.7,11.8,11.8,11.8,11.9,11.8,11.8,11.9,12,16,11.9,12,12,12.1,11.9,12,12.1,12.1,12,16,12.2,12.1,12,12,11.9,12.1,8.13,8.17
0.0000216,12.1,12.2,12,11.8,12,12.2,12,11.9,11.9,12,12,16,11.9,12.1,11.8,11.8,11.8,11.6,11.7,11.8,11.7,16,11.5,11.4,11.2,11,11,11,10.8,10.6,10.5,16,10.3,10.2,9.99,10,9.95,9.99,9.73,9.77,9.82,16,9.77,9.69,9.64,9.73,9.82,9.77,9.73,9.9,10.1,16,10,10.1,10.3,10.3,10.2,10.5,10.6,10.8,10.6,16,11.1,11.1,11.2,11.3,11.4,11.5,11.8,11.5,11.5,16,11.7,11.8,11.9,11.9,11.9,11.8,11.8,11.9,12,16,11.8,12,12.1,12.2,11.9,11.9,12.2,12.1,12,16.1,12.1,12.1,12,12,12,12,8.17,8.17
0.0000218,12.1,12.2,12,11.8,11.9,12.2,12,11.9,11.9,11.9,12,16,11.8,12,11.8,11.8,11.8,11.6,11.7,11.8,11.6,16,11.5,11.4,11.2,11.1,11,10.9,10.9,10.6,10.5,16,10.3,10.2,9.99,9.99,9.99,9.95,9.77,9.77,9.86,16,9.77,9.73,9.64,9.77,9.73,9.82,9.73,9.9,9.99,16,10,10.2,10.2,10.3,10.2,10.4,10.6,10.8,10.8,16,11.1,11.1,11.2,11.4,11.4,11.5,11.7,11.5,11.5,16,11.7,11.7,11.8,11.9,11.8,11.8,11.8,11.9,12,16,11.8,12,12.1,12.2,11.9,11.9,12.1,12,12.1,16,12.1,12.1,11.9,11.9,12.1,11.9,8.17,8.22
0.000022,12.1,12.1,12.1,11.9,12,12.2,11.9,11.8,11.9,11.9,12,16,11.9,11.9,11.8,11.8,11.8,11.6,11.8,11.7,11.5,16,11.6,11.4,11.2,11.2,11,10.9,10.9,10.6,10.5,16,10.3,10.1,9.95,10,9.95,9.95,9.86,9.77,9.86,16.1,9.77,9.77,9.73,9.82,9.64,9.82,9.82,9.99,10,16,10,10.2,10.2,10.3,10.3,10.5,10.7,10.7,10.7,16,11.1,11.1,11.2,11.4,11.3,11.6,11.5,11.5,11.6,16.1,11.7,11.7,11.8,12,11.8,11.8,11.9,11.9,12.1,16,11.9,11.9,12.1,12.2,11.9,12,12.1,12,12.1,16,12.1,12.1,11.9,11.9,12.2,11.9,8.17,8.3
0.0000222,12.1,12.1,12.1,11.9,12,12.1,12,11.8,11.9,11.8,12,16,11.8,11.8,11.9,11.8,11.8,11.6,11.8,11.7,11.6,16,11.5,11.4,11.2,11.2,11.1,10.9,10.9,10.6,10.6,16,10.3,10.2,9.99,10,10,9.9,9.82,9.77,9.95,16,9.77,9.82,9.86,9.95,9.73,9.86,9.9,9.95,10,16,10.1,10.2,10.2,10.3,10.3,10.5,10.7,10.7,10.7,16,11.1,11.1,11.2,11.4,11.3,11.6,11.5,11.5,11.6,16,11.7,11.6,11.8,12,11.8,11.8,11.9,12,12.1,16.1,11.8,11.9,12.1,12.2,11.9,12,12.1,12.1,12,16,12,12.1,11.9,11.9,12.2,12,8.22,8.35
0.0000224,12.1,12,12.1,12,11.9,12,12.1,11.8,11.9,11.8,12,16,11.9,11.8,12,11.8,11.8,11.7,11.8,11.7,11.5,16,11.5,11.4,11.3,11.2,11.2,10.9,10.9,10.6,10.5,16,10.4,10.2,10,9.99,10.1,9.82,9.86,9.82,10,16,9.77,9.86,9.9,9.99,9.69,9.86,9.95,9.99,9.95,16,10.1,10.2,10.2,10.3,10.4,10.5,10.7,10.6,10.8,16.1,11,11.1,11.2,11.3,11.4,11.6,11.5,11.5,11.6,16,11.8,11.7,11.7,11.9,11.8,11.8,11.9,12,12.1,16,11.9,12,12.2,12.1,11.9,12,12.2,12,12,16,12,12,11.9,11.9,12.1,12,8.26,8.39
0.0000226,12.2,12,12.1,12.1,11.9,12,12.1,11.8,11.9,11.8,12,16,11.8,11.8,12,11.8,11.8,11.6,11.8,11.7,11.6,16.1,11.5,11.4,11.2,11.2,11.2,10.9,10.9,10.6,10.6,16,10.3,10.2,10.1,9.99,10.1,9.73,9.9,9.77,10.1,16,9.73,9.86,9.95,9.99,9.73,9.86,10,10,9.9,16,10,10.2,10.2,10.3,10.4,10.4,10.7,10.6,10.8,16.1,11.1,11.1,11.1,11.3,11.4,11.6,11.4,11.5,11.6,16.1,11.8,11.7,11.7,12,11.8,11.8,11.9,12.1,12.1,16,11.9,11.9,12.2,12,11.9,12,12.2,12,11.9,16,12,12,12,11.9,12.1,12.1,8.35,8.39
0.0000228,12.2,12,12.1,12.1,11.8,11.9,12.2,11.8,11.9,11.8,12,16,11.8,11.8,12.1,11.9,11.8,11.8,11.8,11.8,11.6,16,11.5,11.4,11.2,11.1,11.2,11,10.9,10.6,10.5,16,10.2,10.3,10.1,9.99,10.2,9.73,9.82,9.86,10.2,16,9.73,9.82,9.95,9.9,9.77,9.86,10.1,10,9.9,16,10.1,10.2,10.2,10.3,10.4,10.4,10.7,10.6,10.8,16.1,11.1,11.1,11.1,11.2,11.4,11.6,11.4,11.5,11.6,16.1,11.8,11.7,11.7,11.9,11.8,11.9,11.9,12,12.1,16,11.9,12,12.2,12,11.9,12,12.2,12,11.9,16,12,12,12,12,12,12.2,8.35,8.43
0.000023,12.2,12,12,12,11.8,11.9,12.2,11.8,11.9,11.9,12,16,11.8,11.8,12.1,11.8,11.8,11.7,11.8,11.7,11.7,16,11.5,11.4,11.2,11.2,11.2,11.1,10.9,10.6,10.6,16,10.2,10.3,10.1,9.99,10.1,9.77,9.82,9.86,10.2,16,9.69,9.82,9.99,9.95,9.73,9.86,10.1,10,9.9,16,10.1,10.2,10.1,10.3,10.4,10.5,10.6,10.6,10.7,16.1,11.1,11,11.2,11.2,11.5,11.5,11.4,11.5,11.7,16,11.8,11.7,11.7,11.8,11.9,11.9,11.9,12,12,16,12,12.1,12.1,11.9,11.9,12,12.2,12.1,11.9,16,12,11.9,12.1,12,11.9,12.2,8.39,8.39
0.0000232,12.2,12,11.9,12,11.9,12,12.1,11.9,11.9,12,12,16.1,11.8,11.9,12.1,11.8,11.8,11.8,11.8,11.7,11.8,16,11.5,11.4,11.2,11.1,11.2,11.1,10.9,10.7,10.5,16,10.2,10.3,10.1,9.99,10.1,9.77,9.86,9.86,10.1,16,9.69,9.73,9.95,9.9,9.77,9.82,9.99,10,9.95,16,10.1,10.2,10.2,10.3,10.4,10.4,10.6,10.5,10.7,16,11.1,11.1,11.1,11.2,11.5,11.5,11.5,11.5,11.6,16,11.8,11.8,11.7,11.8,11.9,11.8,11.9,12,12,16,12,12.1,12.1,11.8,12,12.1,12.2,12,12,16,12,11.9,12.1,12,11.9,12.2,8.39,8.39
0.0000234,12.2,12.1,11.9,12,12,12,12.1,11.9,11.9,12,12,16,11.8,11.9,12,11.9,11.8,11.8,11.8,11.8,11.8,16,11.5,11.4,11.3,11,11.1,11.1,10.9,10.7,10.5,16,10.2,10.2,10,10,10.1,9.82,9.82,9.82,10.1,16,9.73,9.73,9.86,9.86,9.82,9.86,9.95,10,9.99,16,10.1,10.2,10.2,10.2,10.4,10.5,10.7,10.5,10.6,16,11.1,11,11.2,11.2,11.5,11.5,11.5,11.5,11.6,16,11.8,11.8,11.7,11.8,12,11.9,11.9,11.9,12,16,12.1,12.1,12.1,11.8,12,12.1,12.2,12.1,12.1,16,12.1,12,12.1,12,11.9,12.2,8.43,8.39
0.0000236,12.2,12.1,11.9,11.9,12.1,12.1,12,12,11.9,12.1,12,16.1,11.8,11.9,11.9,11.8,11.8,11.8,11.7,11.8,11.8,16,11.6,11.5,11.2,11.1,11.1,11.1,10.9,10.7,10.6,16.1,10.2,10.2,9.99,10,10,9.86,9.82,9.77,9.99,16,9.77,9.69,9.9,9.9,9.82,9.86,9.95,10,10,16,10.1,10.2,10.2,10.2,10.3,10.5,10.7,10.6,10.6,16,11.2,11,11.2,11.2,11.4,11.5,11.5,11.5,11.6,16,11.7,11.8,11.8,11.8,12,12,11.8,11.9,11.9,16,12.1,12.1,12,11.9,12,12.1,12.2,12.1,12,16.1,12.1,12,12.1,12,12,12.2,8.43,8.39
0.0000238,12.1,12,11.9,11.8,12.2,12.2,12,12,11.9,12,12,16,11.8,11.9,11.9,11.9,11.8,11.8,11.7,11.8,11.7,16,11.6,11.4,11.2,11,11,11.1,10.9,10.6,10.5,16,10.2,10.2,9.95,10.1,10,9.9,9.82,9.73,9.9,16,9.77,9.69,9.77,9.86,9.82,9.82,9.95,10,10.1,16,10.1,10.2,10.3,10.3,10.2,10.6,10.6,10.6,10.6,16,11.2,11.1,11.2,11.2,11.5,11.4,11.5,11.5,11.6,16,11.7,11.8,11.8,11.8,12,11.9,11.8,11.9,11.9,16,12,12.2,11.9,12,12,12,12.1,12,12,16,12,12,12,12,12.1,12.2,8.39,8.35
0.000024,12.2,12.1,12,11.8,12.2,12.2,11.9,12,11.9,11.9,12,16,11.8,11.9,11.9,12,11.7,11.7,11.6,11.8,11.7,16.1,11.7,11.4,11.3,11,10.9,11,10.9,10.6,10.5,16.1,10.3,10.2,9.95,10.1,10,9.99,9.82,9.73,9.86,16,9.77,9.69,9.77,9.82,9.82,9.86,9.95,10,10.1,16.1,10.1,10.2,10.3,10.3,10.2,10.6,10.7,10.6,10.6,16,11.2,11,11.2,11.3,11.5,11.5,11.5,11.5,11.6,16.1,11.7,11.8,11.8,11.8,11.9,11.9,11.8,11.9,12,16,12,12.1,12,12,11.9,12,12.1,12.1,12,16,12.1,12.1,12,12,12.2,12.1,8.35,8.43
0.0000242,12.2,12.1,12,11.8,12.2,12.2,11.9,12,12,11.9,12,16.1,11.9,12,11.8,12,11.7,11.7,11.7,11.8,11.7,16,11.7,11.4,11.3,11.1,10.9,11,10.9,10.6,10.6,16.1,10.4,10.2,9.95,10.1,9.99,10,9.82,9.77,9.77,16.1,9.82,9.73,9.82,9.82,9.86,9.82,9.95,10,10.1,16,10.2,10.2,10.4,10.3,10.2,10.6,10.7,10.7,10.6,16,11.2,11.1,11.2,11.3,11.5,11.4,11.5,11.5,11.6,16,11.7,11.8,11.8,11.9,11.9,11.8,11.8,12,11.9,16,11.9,12.1,12,12,11.9,11.9,12.2,12.1,12.1,16,12.1,12.2,12,11.9,12.2,12,8.39,8.39
0.0000244,12.1,12.1,12,11.8,12.2,12.2,11.9,12,11.9,11.8,12,16.1,11.8,12,11.8,11.9,11.7,11.7,11.7,11.8,11.6,16,11.6,11.4,11.3,11.1,11,10.9,10.9,10.6,10.6,16,10.4,10.2,9.95,10.1,10,10,9.82,9.82,9.86,16,9.82,9.69,9.77,9.86,9.86,9.82,9.86,9.99,10.1,16,10.1,10.2,10.3,10.3,10.2,10.6,10.7,10.7,10.6,16,11.1,11,11.2,11.4,11.4,11.5,11.5,11.5,11.6,16.1,11.7,11.8,11.8,11.9,11.9,11.9,11.8,12,11.9,16,11.9,12.1,12,12,11.9,11.9,12.2,12.1,12.1,16.1,12.1,12.2,11.9,12,12.2,12,8.39,8.43
0.0000246,12.1,12.1,12.1,11.8,12.1,12.1,11.9,11.9,11.9,11.7,12,16,11.9,12,11.8,12,11.6,11.7,11.7,11.8,11.7,16,11.5,11.4,11.3,11.1,11,10.9,10.9,10.7,10.6,16,10.5,10.2,9.95,10.1,10,10,9.86,9.9,9.86,16,9.86,9.82,9.86,9.9,9.86,9.82,9.9,9.99,10.1,16,10.1,10.2,10.2,10.3,10.3,10.5,10.6,10.7,10.7,16.1,11.1,11,11.2,11.3,11.4,11.5,11.4,11.5,11.6,16,11.7,11.7,11.8,11.9,11.9,11.9,11.9,12,12,16,11.9,12.1,12,12,11.8,11.9,12.2,12,12,16.1,12.1,12.2,11.9,12,12.1,11.9,8.43,8.39
0.0000248,12,12.1,12.1,11.9,12,12.1,11.9,12,11.9,11.8,12,16,11.8,12,11.8,11.8,11.6,11.7,11.7,11.7,11.7,16.1,11.5,11.4,11.3,11.1,11,10.9,10.9,10.7,10.5,16,10.5,10.3,9.99,10.2,10.1,9.99,9.82,9.95,9.95,16,9.82,9.86,9.95,9.95,9.9,9.9,9.9,9.95,10,16,10.1,10.2,10.2,10.3,10.3,10.5,10.6,10.7,10.7,16,11.1,11.1,11.2,11.4,11.4,11.6,11.5,11.6,11.6,16,11.7,11.7,11.8,12,11.9,11.8,11.9,12.1,12.1,16,11.8,12,12.1,11.9,11.9,11.9,12.2,12.1,12,16.1,12.1,12.2,11.8,11.9,12,11.9,8.43,8.39
0.000025,12,12.1,12,11.9,11.9,12.1,12,11.9,11.9,11.8,12,16,11.8,12,11.9,11.8,11.7,11.6,11.7,11.7,11.7,16,11.5,11.4,11.3,11.2,11.1,11,10.9,10.7,10.6,16,10.4,10.2,10.1,10.2,10,9.9,9.9,9.95,9.99,16,9.82,9.86,9.95,9.95,9.86,9.86,9.86,9.95,10,16.1,10.1,10.2,10.2,10.3,10.3,10.4,10.6,10.7,10.8,16,11.1,11,11.2,11.4,11.4,11.5,11.5,11.7,11.6,16,11.7,11.7,11.7,11.9,11.8,11.8,11.9,12.1,12,16,11.8,11.9,12.1,11.8,11.9,11.9,12.1,12.1,12,16.1,12.1,12.1,11.9,11.9,12,12,8.39,8.43
0.0000252,12,12.1,12,12,11.8,12.1,12.1,11.9,11.9,11.9,11.9,16,11.8,12,12,11.7,11.7,11.7,11.7,11.7,11.7,16,11.5,11.4,11.3,11.2,11.2,11,10.9,10.7,10.6,16,10.4,10.3,10.1,10.2,10,9.86,9.95,9.95,9.99,16,9.86,9.9,9.95,9.99,9.9,9.9,9.9,9.99,10,16.1,10.1,10.2,10.2,10.3,10.4,10.4,10.6,10.6,10.9,16.1,11.1,11,11.2,11.3,11.4,11.5,11.5,11.6,11.7,16,11.8,11.6,11.7,11.9,11.9,11.8,11.9,12,12.1,16,11.8,11.9,12.2,11.9,11.9,11.9,12.1,12,12.1,16,12.1,12,11.9,11.9,11.9,12.1,8.43,8.43
0.0000254,12,12,12,12.1,11.8,12,12.1,11.8,11.9,12,11.9,16.1,11.8,12,12,11.7,11.8,11.7,11.7,11.7,11.8,16,11.4,11.4,11.2,11.2,11.2,11.1,10.9,10.8,10.6,16,10.4,10.3,10.1,10.2,10.1,9.86,9.9,9.95,10,16,9.82,9.86,10,9.99,9.86,9.9,9.9,9.95,9.99,16,10.2,10.3,10.2,10.3,10.4,10.4,10.6,10.6,10.9,16,11.1,11.1,11.2,11.3,11.4,11.5,11.6,11.6,11.6,16,11.8,11.7,11.7,11.9,11.8,11.8,11.9,12,12.1,16,11.8,11.8,12.1,11.9,12,11.9,12.1,12,12,16,12.1,12,11.9,11.9,11.8,12.1,8.43,8.43
0.0000256,12.1,12.1,12,12,11.8,12,12.1,11.8,11.9,12,11.9,16,11.8,11.9,12,11.6,11.8,11.7,11.6,11.7,11.8,16,11.5,11.5,11.2,11.2,11.2,11.1,10.9,10.8,10.6,16,10.3,10.2,10.1,10.1,10,9.86,9.95,9.95,10.1,16,9.82,9.9,9.99,9.99,9.86,9.9,9.99,9.99,10,16,10.2,10.3,10.2,10.3,10.5,10.5,10.6,10.6,10.8,16,11.1,11.1,11.2,11.3,11.4,11.5,11.6,11.6,11.6,16,11.9,11.7,11.7,11.9,11.9,11.8,11.9,11.9,12.1,16,11.9,11.8,12.1,11.9,12.1,12,12.1,12,12,16,12,12,12,12,11.9,12.1,8.39,8.43
0.0000258,12.1,12.1,12,12,11.9,12,12.2,11.9,11.9,12.1,11.9,16,11.9,11.9,12,11.6,11.9,11.7,11.6,11.7,11.8,16,11.5,11.5,11.2,11.1,11.2,11.1,10.9,10.8,10.6,16,10.2,10.2,10.1,10.2,10.1,9.86,9.95,9.82,10.1,16,9.77,9.77,9.95,9.95,9.86,9.95,9.95,10,10.1,16,10.2,10.2,10.2,10.3,10.4,10.5,10.6,10.6,10.8,16,11.1,11,11.2,11.2,11.4,11.5,11.6,11.5,11.6,16,12,11.8,11.8,11.9,11.8,11.8,11.9,11.9,12.1,16,12,11.9,12.1,12,12.1,12,12,12.1,12.1,16.1,12,12,12,11.9,12,12.2,8.48,8.48
0.000026,12.2,12,12,12,11.9,12,12.2,11.8,11.9,12.1,12,16,11.8,11.9,12,11.6,11.9,11.7,11.7,11.7,11.7,16,11.6,11.5,11.2,11.1,11.2,11.1,10.9,10.7,10.5,16,10.2,10.2,10.1,10.1,10.1,9.86,9.86,9.82,10.1,16,9.82,9.73,9.95,9.9,9.86,9.95,9.95,10,10.1,16,10.1,10.2,10.3,10.4,10.3,10.6,10.7,10.6,10.7,16.1,11.1,11.1,11.2,11.3,11.4,11.5,11.6,11.5,11.6,16.1,12,11.8,11.9,11.9,11.9,11.8,11.9,11.9,12.1,16.1,12.1,11.9,12.1,12.2,12.1,12,12,12,12.1,16,12,12,12.1,11.9,12,12.2,8.43,8.43
0.0000262,12.3,12,11.9,12,12,12,12.1,11.9,11.9,12,12,16,11.9,12,12.1,11.7,11.9,11.8,11.7,11.8,11.7,16,11.6,11.5,11.2,11.2,11.2,11.1,10.9,10.7,10.6,16,10.3,10.2,10,10.1,10.2,9.99,9.9,9.82,10.1,16,9.77,9.73,9.95,9.99,9.82,9.86,9.95,10,10.1,16,10.1,10.2,10.3,10.3,10.4,10.6,10.8,10.6,10.7,16,11.1,11.1,11.2,11.3,11.4,11.5,11.5,11.5,11.6,16,12,11.8,12,11.8,11.9,11.9,11.9,11.9,12,16,12.1,12,12,12.2,12.1,12.1,12,12.1,12.1,16,12.1,12,12.1,11.9,12.1,12.2,8.48,8.43
0.0000264,12.3,12.1,12,11.9,12,12.1,12,11.9,11.9,11.9,12.1,16,11.8,11.9,12,11.8,11.8,11.8,11.7,11.8,11.6,16.1,11.6,11.4,11.2,11.1,11.2,11,10.9,10.6,10.6,16,10.3,10.2,10,10.1,10.2,9.99,9.9,9.82,10,16,9.82,9.73,9.95,9.9,9.77,9.9,9.86,10.1,10.1,16,10.1,10.2,10.4,10.3,10.3,10.6,10.8,10.7,10.6,16.1,11.1,11,11.2,11.3,11.4,11.4,11.5,11.5,11.6,16.1,11.8,11.8,12,11.8,12,11.9,11.9,11.9,12,16,12,12.1,12,12.2,12,12,12.2,12.1,12.1,16,12,12.1,12.1,11.9,12.1,12.2,8.48,8.43
0.0000266,12.3,12.1,12,11.8,12,12.1,12,11.9,11.8,11.9,12.2,16.1,11.8,12,11.9,11.9,11.8,11.8,11.8,11.8,11.6,16,11.6,11.4,11.2,11.1,11.1,11,10.9,10.6,10.6,16,10.4,10.1,9.99,10.1,10.1,9.99,9.9,9.86,9.99,16,9.86,9.69,9.95,9.9,9.86,9.9,9.95,10,10.1,16,10.1,10.2,10.4,10.3,10.3,10.6,10.8,10.7,10.6,16,11.2,11,11.2,11.2,11.5,11.4,11.5,11.4,11.6,16,11.8,11.7,12,11.8,12,11.9,11.9,11.9,12,16.1,12,12.1,12,12.1,11.9,12.1,12.2,12.2,12.1,16,12.1,12.1,12.1,12,12.1,12.1,8.48,8.48
0.0000268,12.2,12.1,12,11.8,12.2,12.1,11.9,12,11.9,11.9,12.1,16,11.8,12,11.9,12,11.7,11.8,11.8,11.8,11.6,16,11.6,11.4,11.2,11.1,11,11,10.9,10.6,10.6,16,10.4,10.2,9.99,10.1,10.2,9.99,9.86,9.86,9.95,16,9.86,9.73,9.95,9.86,9.9,9.95,9.9,10,10.2,16.1,10.1,10.2,10.4,10.3,10.3,10.6,10.8,10.7,10.6,16,11.2,11,11.2,11.3,11.4,11.5,11.5,11.4,11.6,16.1,11.7,11.8,12,11.9,11.9,12,11.8,11.9,12,16,12,12.1,12,12.1,11.9,12,12.3,12.2,12.1,16,12,12.1,12,12,12.2,12.1,8.43,8.56
0.000027,12.2,12,12,11.8,12.2,12.1,11.9,12,11.9,11.8,12.1,16,11.8,12,11.8,12,11.7,11.8,11.8,11.8,11.6,16,11.5,11.4,11.2,11.1,10.9,11,10.9,10.6,10.6,16,10.4,10.2,10,10.1,10.1,9.99,9.86,9.9,9.95,16,9.86,9.82,9.95,9.86,9.95,9.9,9.95,10,10.2,16,10,10.2,10.3,10.3,10.3,10.5,10.8,10.7,10.6,16,11.2,11.1,11.2,11.3,11.5,11.5,11.5,11.5,11.6,16.1,11.6,11.7,11.8,11.9,12,12,11.8,11.9,11.9,16,11.9,12.1,12,12,11.8,12,12.3,12.1,12.1,16,12,12.2,12,12,12.1,12,8.48,8.61
0.0000272,12.1,12,12,11.8,12.2,12.2,12,12,11.8,11.9,12.1,16,11.8,12.1,11.8,12,11.6,11.8,11.8,11.8,11.6,16,11.5,11.4,11.2,11.1,10.9,10.9,11,10.6,10.6,16,10.5,10.2,10,10,10.1,9.99,9.9,9.95,9.95,16,9.9,9.86,9.95,9.82,10,9.95,9.9,9.99,10.1,16,10.1,10.3,10.3,10.3,10.3,10.5,10.7,10.8,10.7,16.1,11.2,11.2,11.2,11.3,11.4,11.5,11.5,11.5,11.6,16,11.6,11.8,11.7,11.9,11.9,12,11.9,11.9,11.9,16,11.9,12.1,12,11.8,11.8,12,12.4,12.1,12,16.1,12,12.1,12,11.9,12,12,8.52,8.74
0.0000274,12,12,12,11.8,12.1,12.1,11.9,12,11.9,11.9,12,16,11.8,12.1,11.9,11.9,11.7,11.8,11.9,11.8,11.6,16,11.5,11.4,11.2,11.2,10.9,11,11,10.6,10.6,16,10.4,10.2,10,10.1,10.1,9.95,9.9,9.95,9.95,16,9.86,9.95,9.95,9.86,10,9.95,9.99,9.99,10,16,10.2,10.3,10.3,10.4,10.3,10.5,10.6,10.7,10.8,16,11.2,11.2,11.3,11.3,11.5,11.5,11.5,11.5,11.6,16,11.6,11.7,11.7,11.9,12,12,11.8,11.9,11.9,16,11.8,12,12,11.8,11.9,12,12.3,12,12,16,12,12.1,12,11.9,12,12,8.52,8.82
0.0000276,11.9,12,12,11.9,12,12.1,12,12,11.9,11.9,11.9,16,11.8,12,11.9,11.9,11.8,11.7,11.8,11.8,11.5,16,11.4,11.4,11.2,11.2,11,11,11,10.8,10.6,16,10.4,10.3,10,10.1,10.1,9.99,9.95,9.99,9.95,16,9.86,9.95,9.99,9.9,10,9.9,9.95,10.1,10.1,16,10.2,10.3,10.3,10.4,10.4,10.5,10.6,10.8,10.8,16,11.2,11.2,11.2,11.4,11.5,11.5,11.6,11.7,11.6,16,11.6,11.8,11.6,12,11.9,11.9,11.9,11.9,11.9,16,11.8,12,12,11.8,11.9,12,12.2,12,12,16,12.1,12.1,12,11.9,12,12,8.61,8.95
0.0000278,11.9,12.1,12,11.9,11.9,12,12,12,11.9,12,11.9,16,11.9,12,12,11.9,11.8,11.7,11.9,11.8,11.5,16,11.4,11.5,11.2,11.2,11.1,11,11,10.8,10.6,16,10.4,10.3,10,10.1,10.1,9.86,9.95,9.99,9.99,16,9.9,9.99,9.95,9.99,9.99,9.95,9.95,10.1,10.1,16,10.2,10.3,10.2,10.4,10.4,10.5,10.6,10.7,10.8,16,11.2,11.1,11.2,11.4,11.4,11.5,11.5,11.7,11.6,16,11.7,11.7,11.7,12,11.8,11.9,11.9,11.9,11.9,16.1,11.8,12,12.1,11.9,11.9,12,12.1,12,12,16,12.1,12.1,11.9,12,12,12,8.65,9.17
0.000028,11.9,12.1,12,12,11.8,12.1,12,12,11.8,12.1,11.8,16,11.8,11.9,12,11.8,11.8,11.8,11.8,11.8,11.5,16.1,11.5,11.5,11.2,11.2,11.2,11.1,11,10.9,10.6,16,10.4,10.3,10.2,10.1,10.2,9.86,9.99,9.95,10,16,9.9,9.95,9.99,10,9.9,9.95,9.99,10.1,10.1,16.1,10.2,10.3,10.3,10.4,10.5,10.6,10.6,10.7,10.8,16.1,11.1,11.1,11.3,11.3,11.4,11.5,11.5,11.7,11.6,16,11.8,11.8,11.8,12,11.9,11.8,11.9,12,12,16,11.9,12,12,12,12,12,12.1,11.9,12,16,12.2,12,11.9,11.9,12,12,8.82,9.3
0.0000282,11.9,12.1,12,12,11.8,12,12.1,12,11.9,12,11.8,16,11.9,11.9,12,11.8,11.8,11.8,11.9,11.7,11.7,16,11.5,11.5,11.2,11.2,11.2,11,10.9,10.9,10.6,16,10.4,10.3,10.2,10.1,10.1,9.95,10,9.95,10.1,16,9.9,9.9,9.99,10,9.86,9.9,10,10.1,10.1,16,10.3,10.3,10.2,10.3,10.4,10.6,10.6,10.7,10.8,16,11.1,11.1,11.2,11.4,11.4,11.5,11.5,11.6,11.6,16,11.8,11.7,11.9,11.9,11.9,11.8,11.9,12,12.1,16,11.9,12,12.1,12.1,12,12,12,11.9,11.9,16,12.2,12,11.9,12,12,12,8.95,9.47
0.0000284,12,12.1,12,12,11.8,12,12.1,11.9,11.9,12,11.9,16,11.9,11.9,11.9,11.7,11.8,11.8,11.9,11.7,11.6,16,11.5,11.5,11.2,11.1,11.2,11.1,10.9,10.8,10.6,16,10.3,10.3,10.2,10.2,10.2,9.9,9.99,9.95,10.1,16,9.95,9.86,9.99,10.1,9.82,9.95,10,10.2,10.1,16.1,10.3,10.3,10.3,10.4,10.4,10.7,10.6,10.7,10.8,16,11.1,11,11.2,11.3,11.5,11.5,11.5,11.6,11.6,16,11.8,11.7,11.9,11.8,11.9,11.8,11.9,12,12.2,16,11.9,12,12.1,12.1,12,12.1,12,12,11.9,16,12.2,12,12,12,12.1,12.1,9.12,9.64
0.0000286,12,12.1,11.9,12,11.8,12,12.1,12,11.9,12,12,16.1,11.9,11.9,12,11.7,11.8,11.8,11.9,11.8,11.7,16,11.5,11.5,11.2,11.2,11.2,11.1,10.8,10.8,10.6,16,10.3,10.3,10.2,10.2,10.2,9.9,9.99,9.95,10.2,16,9.86,9.86,10,10,9.86,9.95,10,10.2,10,16,10.3,10.3,10.4,10.3,10.5,10.7,10.6,10.7,10.7,16,11.1,11,11.1,11.3,11.5,11.5,11.5,11.6,11.6,16,11.8,11.8,11.9,11.8,11.8,11.8,11.9,12,12.2,16,12,12.1,12.1,12.2,12,12.1,12,12,11.9,16.1,12.2,12,12,12,12,12.1,9.25,9.82
0.0000288,12.1,12.1,11.9,12,11.9,12,12.1,11.9,11.9,11.9,12,16.1,11.9,11.9,12.1,11.7,11.8,11.8,11.9,11.8,11.8,16.1,11.5,11.5,11.2,11.1,11.2,11.1,10.8,10.6,10.6,16,10.4,10.3,10.2,10.2,10.2,9.95,9.99,9.95,10.2,16,9.86,9.86,9.99,10,9.9,9.99,10,10.2,10.1,16,10.2,10.2,10.3,10.4,10.5,10.7,10.7,10.7,10.8,16,11.1,11,11.2,11.3,11.4,11.5,11.5,11.6,11.6,16,11.7,11.7,12,11.8,11.9,11.8,11.9,12,12.1,16,12,12,12.1,12.2,12,12,12.1,12.1,12,16,12.2,12,12,12,12,12.1,9.43,9.99
0.000029,12.1,12.1,11.9,11.9,12,12.1,12.2,12,11.9,11.9,12,16,12,11.9,12,11.7,11.8,11.8,11.9,11.8,11.8,16,11.5,11.5,11.2,11.1,11.2,11.1,10.8,10.6,10.6,16.1,10.4,10.2,10.2,10.2,10.2,9.99,9.86,9.86,10.2,16,9.9,9.86,9.99,10,9.99,9.99,10,10.2,10.1,16,10.2,10.2,10.3,10.3,10.4,10.6,10.7,10.8,10.8,16,11.1,11,11.1,11.3,11.4,11.5,11.5,11.5,11.6,16,11.7,11.7,11.9,11.7,11.8,11.8,11.9,12,12.1,16.1,11.9,12,12.1,12.2,11.9,12,12.2,12.1,12,16,12.1,12,12.1,12,12,12,9.56,10.1
0.0000292,12.1,12.1,11.9,11.9,12,12.2,12,12,11.9,11.8,12,16,11.9,11.9,12,11.8,11.8,11.8,11.8,11.8,11.8,16,11.5,11.4,11.2,11.2,11.1,11,10.8,10.6,10.6,16,10.5,10.3,10.2,10.2,10.1,10,9.86,9.9,10.1,16,9.82,9.9,10,9.99,10,10,10.1,10.1,10.2,16,10.2,10.3,10.4,10.4,10.4,10.6,10.8,10.8,10.7,16,11.2,11.1,11.2,11.2,11.4,11.5,11.5,11.5,11.7,16,11.6,11.7,11.8,11.8,11.9,11.9,11.9,12,12,16.1,12,12.1,12.1,12.1,11.9,12,12.2,12.1,12,16,12.1,12,12,12,12.1,12,9.6,10.2
0.0000294,12.1,12.1,11.9,11.9,12.1,12.2,12,12,11.8,11.8,12,16,11.8,12,12,11.8,11.8,11.7,11.7,11.8,11.8,16,11.6,11.4,11.3,11.2,11.1,11.1,10.9,10.6,10.6,16,10.5,10.2,10.2,10.2,10.2,10.1,9.82,9.95,10.1,16,9.9,9.86,9.99,9.9,10,10,10.1,10.1,10.2,16,10.1,10.3,10.4,10.4,10.4,10.6,10.8,10.8,10.7,16,11.2,11.2,11.2,11.2,11.5,11.5,11.5,11.4,11.7,16,11.5,11.8,11.8,11.8,11.9,11.9,11.9,11.9,11.9,16.1,12,12.1,12,12.1,11.9,11.9,12.2,12.1,12,16,12,12.1,12,12,12.2,12.1,9.73,10.3
0.0000296,12.1,12.1,11.9,11.9,12.1,12.2,12,12,11.9,11.8,12,16,11.8,11.9,11.9,11.9,11.7,11.7,11.7,11.8,11.8,16,11.6,11.4,11.3,11.1,11.1,11.1,10.9,10.6,10.6,16,10.5,10.3,10.1,10.3,10.1,10.1,9.82,9.95,10,16.1,9.86,9.9,9.95,9.9,10,10.1,10.1,10,10.2,16.1,10.2,10.3,10.4,10.4,10.4,10.6,10.9,10.8,10.7,16,11.2,11.3,11.3,11.3,11.4,11.5,11.5,11.4,11.8,16.1,11.6,11.7,11.7,11.8,11.9,11.9,11.8,11.9,12,16,12,12,12.1,12,12,11.9,12.2,12.1,12,16.1,12,12.1,11.9,12,12.2,12.1,9.9,10.3
0.0000298,12.1,12.1,11.9,11.8,12.2,12.1,12,11.9,11.9,11.8,12,16.1,11.8,12,12,12,11.7,11.7,11.6,11.8,11.8,16,11.6,11.4,11.2,11.2,11.1,11,10.9,10.7,10.6,16,10.5,10.2,10.1,10.3,10.1,10.1,9.82,9.99,9.99,16,9.9,9.9,9.99,9.9,10,10.1,10.1,9.99,10.2,16,10.2,10.3,10.4,10.4,10.4,10.6,10.8,10.8,10.8,16,11.2,11.3,11.4,11.3,11.5,11.5,11.5,11.4,11.7,16,11.7,11.7,11.7,11.9,11.9,11.9,11.8,12,11.8,16,12,12,12,12,11.9,11.9,12.2,12.1,12,16,12,12.1,11.8,12,12.3,12.1,9.99,10.4
0.00003,12.1,12.1,12,11.8,12.1,12.1,12,12,11.9,11.9,12,16,11.8,12,11.9,12.1,11.7,11.8,11.7,11.8,11.7,16,11.6,11.4,11.3,11.2,11.1,11,11,10.8,10.6,16,10.5,10.2,10,10.4,10.1,10.1,9.9,9.99,10,16,9.95,9.99,10,9.99,9.95,10,10.1,10,10.2,16,10.2,10.3,10.4,10.4,10.4,10.6,10.9,10.8,10.8,16.1,11.2,11.4,11.4,11.3,11.5,11.5,11.5,11.5,11.7,16,11.8,11.7,11.8,11.9,11.9,12,11.8,12,11.8,16,11.9,12,12,12,11.9,11.9,12.1,12,12,16,12,12.1,11.8,12,12.3,12,10.2,10.4
0.0000302,12.1,12.1,12,11.9,12.1,12.1,11.9,11.9,12,11.8,12,16,11.8,12,11.9,12.1,11.8,11.8,11.7,11.8,11.8,16,11.5,11.5,11.3,11.2,11.2,11,11,10.9,10.6,16,10.5,10.3,10,10.3,10.1,10.1,9.95,9.99,10,16,9.99,9.99,9.99,9.99,9.95,9.99,10,10,10.3,16.1,10.3,10.3,10.3,10.4,10.4,10.6,10.8,10.8,10.8,16,11.2,11.4,11.3,11.3,11.5,11.5,11.5,11.5,11.7,16,11.8,11.8,11.8,11.9,11.9,11.9,11.9,11.9,11.9,16,11.9,12,12,12,11.9,11.9,12.1,12,12,16.1,12,12.1,11.8,12,12.3,12,10.3,10.6
0.0000304,12.1,12.1,12,11.9,12,12,12,11.8,11.9,11.8,12,16,11.8,12,11.9,12,11.8,11.8,11.8,11.8,11.7,16,11.5,11.5,11.3,11.2,11.2,11,11,10.9,10.6,16,10.4,10.3,10,10.3,10.2,10,10,9.99,10.1,16,9.99,9.95,9.95,9.99,9.95,9.95,10,10.1,10.2,16,10.4,10.4,10.3,10.4,10.4,10.6,10.8,10.8,10.8,16,11.2,11.2,11.3,11.3,11.5,11.5,11.5,11.5,11.6,16.1,11.8,11.8,11.8,12,11.8,11.9,11.9,11.9,11.9,16,11.9,12.1,12,12,11.9,12,12.1,12,12,16,12.1,12.1,11.8,12,12.3,12.1,10.5,10.6
0.0000306,12.2,12.1,12,11.9,12,12,12,11.9,12,11.9,11.9,16,11.9,12,11.8,12,11.8,11.9,11.8,11.8,11.7,16.1,11.5,11.5,11.3,11.2,11.2,11.1,10.9,11,10.6,16,10.3,10.3,10.2,10.2,10.2,10.1,10.1,10,10.1,16,9.95,9.95,9.95,10.1,9.86,9.95,9.99,10.1,10.2,16,10.4,10.3,10.3,10.4,10.5,10.6,10.7,10.7,10.8,16,11.2,11.2,11.3,11.3,11.5,11.5,11.5,11.6,11.6,16,11.8,11.7,11.9,12,11.9,11.9,11.9,12,12,16.1,11.9,12.1,12,12,11.9,12,12.1,12,12,16.1,12.1,12.1,11.9,12,12.3,12.1,10.7,10.8
0.0000308,12.1,12,12,12,11.8,11.9,12,11.9,11.9,11.9,11.9,16,11.9,12,12,11.9,11.8,12,11.9,11.8,11.7,16,11.4,11.5,11.3,11.2,11.2,11.2,10.9,10.9,10.6,16,10.3,10.3,10.2,10.2,10.2,10,10.2,10,10.1,16,9.99,9.99,10,10.1,9.9,9.9,10,10.2,10.2,16,10.5,10.3,10.3,10.4,10.5,10.7,10.6,10.8,10.9,16,11.2,11.1,11.2,11.3,11.4,11.5,11.5,11.7,11.5,16,11.8,11.7,11.9,11.9,11.9,11.8,11.8,12,12,16,11.9,12.1,12,11.9,12,12,12.1,12,12,16,12.2,12.1,12,11.9,12.2,12.1,10.8,11
0.000031,12.2,12,12,12,11.9,11.9,12,11.9,11.9,11.9,11.9,16,11.9,12,12,11.8,11.8,12,11.9,11.8,11.8,16,11.4,11.4,11.3,11.2,11.2,11,10.9,10.9,10.6,16.1,10.3,10.3,10.2,10.2,10.1,10,10.1,10,10.1,16,9.99,9.99,10,10.1,9.95,9.9,10,10.3,10.2,16.1,10.4,10.4,10.3,10.5,10.5,10.7,10.7,10.7,10.8,16,11.2,11,11.2,11.4,11.4,11.5,11.5,11.7,11.5,16.1,11.8,11.8,11.9,11.8,12,11.8,11.8,12,12.1,16,11.9,12.1,12.1,11.9,11.9,12.1,12.2,12,12,16,12.1,12.1,12.1,12,12.2,12.1,10.9,11.2
0.0000312,12.1,12,12,12,11.9,12,12.1,12,11.8,11.9,12,16.1,11.9,12,12,11.8,11.8,12,11.9,11.8,11.7,16,11.5,11.5,11.3,11.2,11.2,11,10.9,10.9,10.6,16,10.3,10.3,10.2,10.1,10.1,10,10.1,10,10.2,16,9.9,9.99,10,10.1,9.99,9.99,9.99,10.3,10.1,16,10.3,10.3,10.4,10.4,10.5,10.7,10.6,10.7,10.8,16.1,11.1,11,11.2,11.4,11.3,11.5,11.5,11.7,11.5,16,11.8,11.7,11.9,11.9,12,11.8,11.8,12,12.1,16,11.9,12.1,12.1,12,12,12.1,12.2,12,12,16,12.1,12.1,12.2,12,12.2,12.1,10.9,11.2
0.0000314,12.1,12.1,12,12,11.9,12,12.1,12,11.8,12,12,16.1,11.9,11.9,12,11.7,11.8,12,11.9,11.8,11.8,16,11.5,11.4,11.2,11.2,11.1,11.1,10.9,10.8,10.6,16,10.3,10.3,10.3,10.1,10.1,10,10,9.99,10.2,16,9.99,10,10.1,10.1,10,9.99,10,10.2,10.1,16,10.2,10.3,10.4,10.6,10.5,10.7,10.7,10.7,10.8,16.1,11.2,11,11.2,11.3,11.3,11.5,11.5,11.6,11.5,16.1,11.8,11.7,11.8,11.8,12.1,11.8,11.8,12.1,12.1,16,11.9,12,12,12,11.9,12,12.2,12.1,12,16,12,12.1,12.2,12,12.1,12.1,10.9,11.4
0.0000316,12,12.1,11.9,12,11.9,12.1,12,12.1,11.8,12,12,16.1,11.9,11.9,12.1,11.7,11.8,12,11.8,11.8,11.8,16,11.5,11.5,11.2,11.2,11.1,11.1,10.9,10.8,10.6,16,10.4,10.2,10.3,10.2,10.1,10.1,9.99,10,10.1,16,9.95,10,10,10.1,10.1,10,10.1,10.2,10.1,16,10.2,10.3,10.5,10.5,10.5,10.7,10.7,10.8,10.8,16,11.2,11.1,11.2,11.4,11.4,11.5,11.5,11.5,11.6,16,11.7,11.7,11.8,11.8,12,11.8,11.8,12,12.1,16.1,11.9,12,12.1,12,11.9,12,12.2,12.1,12.1,16,12.1,12.1,12.1,12,12.1,12.1,10.9,11.5
0.0000318,11.9,12.1,12,12,12,12.1,12.1,12,11.8,11.9,12,16,11.8,12,12,11.8,11.8,11.9,11.8,11.8,11.7,16,11.5,11.4,11.2,11.2,11.1,11.1,10.9,10.7,10.6,16,10.4,10.2,10.2,10.2,10.1,10.1,9.95,9.95,10.2,16,9.95,9.99,10,10,10.1,10,10.1,10.2,10.1,16,10.2,10.3,10.4,10.5,10.5,10.7,10.8,10.8,10.8,16,11.2,11.2,11.2,11.3,11.4,11.5,11.5,11.5,11.6,16,11.7,11.8,11.8,11.8,12,11.8,11.8,12,12.1,16,12,12.1,12.1,12,11.9,12,12.2,12.2,12.1,16,12,12.1,11.9,12,12.1,12,11,11.4
0.000032,11.9,12.1,11.9,11.9,12,12.2,12,12,11.9,12,11.8,16,11.8,11.9,11.9,11.8,11.8,11.9,11.8,11.8,11.7,16.1,11.5,11.4,11.2,11.2,11,11.1,10.9,10.7,10.6,16,10.5,10.2,10.2,10.3,10.1,10.1,9.86,9.99,10.2,16,9.99,9.99,10,9.99,10.1,10.1,10,10.1,10.2,16,10.2,10.3,10.4,10.4,10.5,10.6,10.8,10.8,10.8,16,11.1,11.3,11.2,11.4,11.4,11.5,11.5,11.5,11.7,16,11.8,11.8,11.8,11.8,12,11.8,11.8,11.9,12,16,11.9,12,12.1,12,11.9,11.9,12.2,12.2,12,16,12,12.1,11.9,12,12.1,12,11.1,11.5
0.0000322,12,12,12,11.9,12,12.2,12,12,11.8,12,11.8,16.1,11.8,11.9,11.9,11.8,11.8,11.9,11.7,11.8,11.7,16,11.5,11.4,11.2,11.2,11.1,11.2,11,10.7,10.6,16,10.6,10.2,10.2,10.3,10.1,10.1,9.9,9.95,10.1,16,9.95,9.95,9.99,10,10,10.1,10.1,10.1,10.3,16,10.3,10.3,10.5,10.3,10.4,10.6,10.9,10.8,10.8,16,11.2,11.3,11.3,11.4,11.5,11.5,11.5,11.5,11.7,16,11.8,11.8,11.8,11.8,11.9,11.8,11.9,11.9,12,16,11.9,12,12.1,12,11.9,11.9,12.1,12.2,12,16,12,12.1,11.8,12,12.2,11.9,11.2,11.5
0.0000324,12,12,11.9,11.9,12,12.1,12,11.9,12,11.9,11.8,16,11.8,11.9,12,11.9,11.8,11.9,11.7,11.8,11.7,16,11.5,11.3,11.2,11.2,11.1,11.1,11,10.7,10.6,16,10.6,10.3,10.2,10.3,10.1,10.2,9.9,9.99,10.1,16,9.99,9.95,10,9.99,10.1,10.2,10.1,10.1,10.3,16,10.4,10.3,10.5,10.3,10.4,10.6,10.8,10.7,10.9,16,11.2,11.3,11.3,11.3,11.5,11.5,11.5,11.5,11.7,16,11.9,11.8,11.8,11.8,11.8,11.8,11.9,11.9,11.9,16,11.9,12,12,12,11.9,11.9,12.1,12.2,12,16,12,12,11.8,12,12.1,12,11.3,11.5
0.0000326,12.1,12,12,11.9,12.1,12.1,12,11.8,12,11.9,11.8,16,11.8,11.9,11.9,11.9,11.7,12,11.7,11.8,11.8,16,11.5,11.4,11.3,11.1,11.1,11.1,11,10.8,10.6,16.1,10.6,10.3,10.2,10.2,10.1,10.2,9.9,9.99,10.1,16,9.99,9.95,9.99,10,10,10.2,10.1,10.1,10.4,16,10.4,10.3,10.5,10.2,10.5,10.6,10.9,10.7,10.9,16,11.2,11.2,11.4,11.4,11.5,11.5,11.5,11.5,11.7,16,11.9,11.8,11.8,11.9,11.8,11.8,12,11.9,11.9,16,11.9,12,12,12,12,12,12,12.1,12,16,11.9,12,11.9,12,12.1,12,11.4,11.5
0.0000328,12.1,12,11.9,11.9,12,12,12,11.8,12,12,12,16,11.8,12,11.9,12,11.8,11.9,11.8,11.8,11.7,16,11.5,11.3,11.4,11.2,11.1,11.1,11,10.8,10.6,16,10.6,10.4,10.2,10.2,10.1,10.2,9.99,10,10.1,16,10,9.99,10,10,9.99,10.2,10.1,10.1,10.3,16,10.5,10.3,10.6,10.4,10.5,10.6,10.9,10.7,10.9,16,11.2,11.2,11.3,11.3,11.6,11.5,11.6,11.5,11.7,16,11.9,11.8,11.8,11.9,11.8,11.8,12,11.9,11.9,16,12,12.1,12,12,12,12,12,12,12,16,12,12,12,11.9,12,12,11.5,11.5
0.000033,12.2,12,12,11.9,12,12,12,11.8,12,11.9,12,16.1,11.8,12,12,12,11.7,12,11.8,11.8,11.7,16,11.5,11.2,11.4,11.2,11.1,11.1,11.1,10.8,10.7,16,10.6,10.3,10.2,10.2,10.1,10.2,9.99,10.1,10.1,16,10,9.95,10,10.1,10,10.2,10.1,10.2,10.4,16,10.5,10.3,10.5,10.4,10.5,10.5,10.9,10.7,10.8,16,11.2,11.2,11.2,11.4,11.5,11.5,11.6,11.5,11.7,16,11.9,11.8,11.8,12,11.8,11.8,11.9,11.9,11.9,16.1,12,12,12,12,12,12,12,11.9,12,16,12,11.9,12.1,12,12,12,11.6,11.6
0.0000332,12.2,12.1,12,11.9,12,11.9,12.1,11.8,11.9,11.9,12.1,16,11.8,12,11.9,11.9,11.8,12,12,11.8,11.8,16,11.5,11.3,11.5,11.1,11.1,11,11,10.9,10.7,16,10.5,10.4,10.2,10.2,10.1,10.3,10.1,10.1,10.1,16,9.99,9.9,10.1,10.1,10.1,10.1,10.1,10.2,10.3,16,10.4,10.4,10.4,10.5,10.5,10.5,10.8,10.6,10.9,16,11.2,11.2,11.3,11.4,11.5,11.5,11.5,11.5,11.6,16,11.8,11.8,11.8,12,11.8,11.9,11.9,12,11.9,16,12,12,12.1,11.9,12,12.1,12.1,11.9,12,16,12,12,12.1,12,12,12.1,11.7,11.7
0.0000334,12.2,12.1,11.9,11.9,12,12,12.1,11.9,11.9,12,12.1,16,11.8,12,12,11.9,11.8,12,11.9,11.8,11.7,16,11.5,11.4,11.4,11.2,11.1,11.1,11,10.9,10.7,16,10.4,10.4,10.2,10.2,10.1,10.3,10.1,10.1,10.1,16,10,9.99,10.1,10.1,10,10,10.1,10.2,10.3,16,10.3,10.5,10.5,10.5,10.5,10.4,10.8,10.8,10.8,16,11.2,11.2,11.2,11.3,11.4,11.5,11.6,11.6,11.6,16,11.8,11.7,11.8,12,11.9,11.9,11.8,11.9,12,16,12,12,12.1,12,12.1,12,12.2,11.9,12,16,12,12,12.1,12,12.1,12.2,11.7,11.8
0.0000336,12.2,12.1,11.9,12,12,12,12.1,12,11.8,12,12.1,16,11.8,12,12,11.9,11.8,11.9,12,11.8,11.7,16,11.5,11.5,11.4,11.2,11.2,11.1,10.9,10.9,10.7,16,10.4,10.3,10.2,10.2,10.1,10.4,10.1,10.2,10.2,16,10,9.99,10.2,10.1,10,9.95,10.1,10.2,10.2,16,10.3,10.5,10.4,10.6,10.5,10.5,10.8,10.8,10.8,16,11.2,11.2,11.2,11.3,11.4,11.5,11.5,11.6,11.5,16,11.8,11.7,11.9,11.9,11.9,12,11.8,11.9,11.9,16,12,12.1,12.1,12,12,12.1,12.2,11.9,12,16,12,12,12.1,12,12.1,12.2,11.8,11.8
0.0000338,12,12.2,11.9,11.9,12,12.1,12.2,12,11.8,12,12.1,16,11.8,11.9,12,11.8,11.9,11.8,12,11.8,11.7,16,11.5,11.5,11.3,11.2,11.1,11.2,10.9,10.9,10.7,16,10.3,10.3,10.2,10.2,10.1,10.3,10.2,10.1,10.2,16,10,10,10.1,10.1,10.1,9.95,10.1,10.2,10.2,16,10.2,10.4,10.4,10.6,10.5,10.6,10.7,10.9,10.7,16,11.2,11.2,11.2,11.3,11.4,11.5,11.5,11.6,11.5,16,11.7,11.8,11.9,11.9,12,12,11.8,11.9,12,16.1,12,12.2,12.1,12,12,12.1,12.2,12,12.1,16,12,12.1,12.1,12,12.1,12.2,11.8,11.9
0.000034,12,12.2,11.9,11.9,11.9,12,12,12.1,11.8,12,12.1,16,11.8,11.9,12,11.8,11.8,11.8,11.8,11.8,11.7,16,11.5,11.5,11.3,11.2,11.2,11.2,10.9,10.9,10.7,16,10.4,10.4,10.2,10.3,10.1,10.3,10.1,10.1,10.2,16,9.99,9.99,10.2,10.1,10,9.9,10.1,10.2,10.2,16,10.2,10.5,10.4,10.6,10.5,10.6,10.7,10.9,10.7,16,11.2,11.2,11.2,11.2,11.3,11.5,11.5,11.6,11.5,16,11.7,11.8,11.8,11.9,12,12,11.8,11.9,12,16,11.9,12.2,12,12,12,12.1,12.2,12,12,16,12.1,12.1,12,12,12.1,12.1,11.9,12
0.0000342,12,12.2,12,12,12,12,12,12.1,11.8,12,12,16,12,11.9,12,11.8,11.8,11.8,11.8,11.8,11.7,16,11.5,11.5,11.2,11.2,11.2,11.3,10.9,10.9,10.7,16,10.4,10.3,10.2,10.3,10.1,10.3,10.1,10.1,10.2,16,9.99,9.99,10.1,10.1,10,9.99,10.1,10.2,10.2,16,10.2,10.4,10.4,10.5,10.5,10.7,10.8,11,10.7,16,11.2,11.2,11.2,11.3,11.4,11.5,11.5,11.6,11.4,16,11.7,11.8,11.8,11.9,12,12,11.8,11.9,12,16,11.9,12.2,12.1,12,11.9,12,12.2,12.1,12.1,16,12.1,12.2,11.9,12,12.1,12.1,11.9,12
0.0000344,11.9,12.2,12,11.9,11.9,12,12,12.1,11.9,12,12,16,11.9,11.9,12,11.8,11.8,11.8,11.7,11.8,11.7,16.1,11.5,11.5,11.2,11.2,11.2,11.2,10.9,10.9,10.6,16.1,10.4,10.3,10.2,10.4,10.1,10.3,10.1,9.99,10.2,16,9.95,9.99,10.1,10.1,10.1,9.99,10.1,10.2,10.2,16,10.2,10.3,10.4,10.5,10.5,10.6,10.8,11,10.8,16,11.2,11.3,11.2,11.2,11.3,11.5,11.5,11.6,11.5,16,11.7,11.8,11.8,11.9,12,12,11.8,11.9,12.1,16,11.8,12.1,12.1,12,11.9,12,12.1,12.2,12,16.1,12.1,12.2,11.8,12,12,12,11.8,12
0.0000346,12.1,12.1,12,11.9,12,12,11.9,12,12,12,11.9,16,11.9,11.9,12,11.8,11.8,11.8,11.7,11.8,11.7,16,11.5,11.5,11.2,11.2,11.2,11.2,10.9,10.8,10.7,16,10.4,10.4,10.2,10.3,10,10.3,9.99,9.9,10.3,16,9.95,9.99,10.2,10.1,10,10.1,10.1,10.2,10.2,16,10.3,10.3,10.5,10.5,10.5,10.6,10.8,10.9,10.8,16.1,11.2,11.3,11.2,11.3,11.4,11.5,11.5,11.6,11.5,16,11.7,11.8,11.8,11.9,11.9,11.8,11.9,11.9,12.1,16.1,11.8,12.1,12.1,12,11.9,12,12.1,12.1,12,16,12.1,12.2,11.9,11.9,12,12,11.9,12.1
0.0000348,12.1,12,12,12,12,12,11.9,11.9,12,11.9,11.9,16,11.9,11.9,12,11.9,11.8,11.7,11.6,11.9,11.7,16,11.5,11.5,11.4,11.2,11.2,11.2,10.9,10.8,10.6,16,10.4,10.4,10.2,10.3,10.1,10.3,9.99,9.95,10.2,16,9.95,10,10.2,10.1,10,10.1,10.1,10.2,10.2,16,10.4,10.3,10.5,10.4,10.6,10.6,10.8,10.9,10.9,16.1,11.2,11.3,11.2,11.4,11.4,11.6,11.5,11.6,11.6,16,11.7,11.8,11.8,11.9,11.9,11.8,12,11.9,12.1,16,11.8,12,12.1,12,11.8,11.9,12.1,12.2,12,16,12,12.1,11.8,12,12,12,11.9,12.1
0.000035,12.1,12,12.1,12,11.9,12,11.9,11.8,12,11.9,11.9,16,11.9,11.9,12,11.8,11.7,11.8,11.7,11.9,11.7,16,11.5,11.4,11.4,11.2,11.2,11.1,10.9,10.7,10.6,16,10.5,10.3,10.2,10.2,10.2,10.2,10,9.9,10.2,16,9.95,10,10.2,10.1,10,10.2,10.2,10.2,10.3,16,10.5,10.2,10.5,10.4,10.5,10.6,10.9,10.9,10.9,16.1,11.2,11.2,11.2,11.4,11.4,11.6,11.5,11.5,11.6,16,11.7,11.8,11.8,12,11.9,11.8,11.9,12,12,16,11.8,11.9,12.1,12,11.8,11.9,12.1,12.2,11.9,16,12,12,11.8,11.9,12,12,11.9,12.1
0.0000352,12.1,11.9,12,11.9,11.9,12.1,11.9,11.8,12,12,12,16,11.9,12,12,11.9,11.6,11.8,11.8,11.9,11.7,16,11.5,11.3,11.4,11.3,11.2,11.1,11,10.7,10.7,16.1,10.5,10.4,10.2,10.2,10.2,10.2,9.99,9.95,10.2,16,9.95,10.1,10.2,10.2,10,10.2,10.2,10.2,10.3,16,10.4,10.3,10.4,10.4,10.5,10.5,10.9,10.9,10.9,16,11.2,11.2,11.2,11.5,11.5,11.6,11.6,11.5,11.8,16,11.8,11.8,11.9,12,11.8,11.8,11.9,12,12,16,11.8,11.9,12,11.9,11.9,11.9,12.1,12.1,11.9,16,12,11.9,11.9,11.9,12,12,12,12.1
0.0000354,12.1,11.9,12.1,11.9,12,12.1,12,11.8,12,11.9,12,16,11.9,12,12,12,11.6,11.7,11.8,11.8,11.7,16,11.5,11.4,11.4,11.2,11.2,11,11,10.7,10.7,16,10.5,10.3,10.2,10.2,10.2,10.3,10,9.99,10.2,16,10,10,10.1,10.1,10.1,10.2,10.2,10.2,10.3,16,10.4,10.3,10.5,10.4,10.5,10.5,10.9,10.8,10.9,16,11.2,11.2,11.3,11.5,11.5,11.6,11.6,11.5,11.8,16,11.8,11.7,11.8,11.9,11.8,11.8,12,11.9,12,16,11.9,11.8,12.1,12,11.9,12,12.2,12.1,11.9,16,12,11.9,11.9,11.9,12.1,12,12,12.1
0.0000356,12.1,12,12,11.9,12,12,12.1,11.8,11.9,11.9,12,16.1,11.8,12,12,12,11.6,11.8,11.9,11.8,11.7,16,11.6,11.4,11.3,11.3,11.1,11,11,10.8,10.8,16.1,10.5,10.3,10.2,10.2,10.3,10.2,10,10.1,10.2,16,10,10,10.1,10.1,10.2,10.2,10.2,10.2,10.3,16,10.4,10.4,10.4,10.5,10.6,10.6,10.9,10.8,10.9,16,11.2,11.2,11.2,11.5,11.5,11.6,11.5,11.5,11.9,16,11.8,11.8,11.8,11.9,11.8,11.8,12,12,12,16.1,12,11.9,12.1,12,12,12,12.2,12,12,16,12,11.9,12,11.9,12,12,12.2,12.1
0.0000358,12.1,12,12,12,12,12,12.1,11.9,11.9,11.9,12.1,16,11.8,12,11.9,11.9,11.7,11.8,11.9,11.8,11.8,16,11.6,11.4,11.3,11.2,11.2,11,11,10.8,10.7,16,10.5,10.3,10.2,10.2,10.3,10.2,10,10.2,10.2,16,10.1,10.1,10,10.1,10.2,10.2,10.2,10.2,10.3,16,10.4,10.5,10.4,10.5,10.5,10.7,10.9,10.8,10.9,16,11.2,11.2,11.2,11.4,11.5,11.6,11.6,11.5,11.9,16.1,11.8,11.8,11.8,11.9,11.8,11.9,12,12,12,16,12,11.9,12.1,12,12,12,12.2,12,12,16,12,12,12,12,12.1,12.1,12.2,12.2
0.000036,12.1,12,11.9,12,12,12,12.2,12,11.8,11.9,12.1,16,11.8,12,11.9,12,11.8,11.8,11.9,11.7,11.7,16,11.5,11.4,11.2,11.2,11.1,11,11,10.8,10.7,16,10.5,10.3,10.2,10.2,10.2,10.2,10,10.2,10.2,16,10.2,10.1,10,10.2,10.2,10.1,10.2,10.2,10.3,16,10.4,10.5,10.4,10.5,10.6,10.7,10.9,10.9,10.9,16,11.2,11.2,11.2,11.5,11.5,11.6,11.6,11.5,11.8,16.1,11.9,11.8,11.8,11.9,11.8,12,11.9,12,12,16,12.1,12,12.1,12,11.9,12.1,12.2,12,12.2,16,12,12,12,12,12,12.1,12.3,12.2
0.0000362,12,12.1,11.8,12,12,12,12.2,12,11.8,11.9,12,16,11.8,12,12,11.9,11.9,11.8,11.9,11.7,11.7,16,11.5,11.4,11.2,11.2,11.1,11.1,11.1,10.8,10.7,16,10.5,10.3,10.2,10.2,10.2,10.3,10.1,10.2,10.2,16,10.2,10.1,10.1,10.1,10.2,10.1,10.2,10.2,10.3,16,10.4,10.5,10.5,10.5,10.5,10.8,10.8,10.9,10.8,16,11.2,11.2,11.2,11.4,11.5,11.5,11.6,11.5,11.7,16,11.8,11.7,11.8,11.8,11.9,12,11.9,11.9,12,16,12,12.1,12.1,12.1,12,12.1,12.2,12,12.2,16,12,12.1,12,12.1,12.1,12.1,12.3,12.2
0.0000364,12.1,12.1,11.8,12,12,12,12.1,12.1,11.9,12,12,16.1,11.8,12,11.9,11.9,11.9,11.8,11.9,11.8,11.6,16,11.5,11.5,11.2,11.1,11.2,11.2,11,10.9,10.7,16,10.5,10.3,10.3,10.3,10.2,10.3,10.1,10.2,10.2,16,10.2,10.1,10.1,10.2,10.2,10,10.1,10.2,10.2,16,10.4,10.5,10.4,10.6,10.5,10.8,10.8,11,10.8,16,11.2,11.3,11.2,11.3,11.5,11.5,11.7,11.6,11.6,16.1,11.8,11.8,11.9,11.8,12,12,11.8,11.9,12,16.1,12,12.1,12.1,12,12,12.2,12.2,12,12.2,16,12.1,12.1,12,12,12,12.1,12.3,12.2
0.0000366,12,12.1,11.8,12,12,12,12.1,12.2,11.9,12,12,16,11.9,11.9,11.9,11.9,11.9,11.8,11.9,11.8,11.7,16,11.5,11.5,11.2,11,11.1,11.2,11,10.9,10.7,16,10.5,10.4,10.3,10.3,10.2,10.2,10.1,10.2,10.2,16,10.1,10.1,10.2,10.2,10.2,10,10.1,10.3,10.3,16,10.4,10.5,10.4,10.4,10.5,10.8,10.8,11.1,10.8,16,11.2,11.3,11.2,11.3,11.5,11.5,11.6,11.5,11.5,16,11.8,11.8,11.9,11.8,11.9,12,11.8,11.9,12,16,11.9,12.1,12,12,11.9,12.2,12.2,12,12.2,16,12,12.1,11.9,12.1,12,12.2,12.4,12.2
0.0000368,12.1,12.1,11.9,11.9,12,12,12,12.1,11.9,12,12,16,11.9,11.9,11.9,11.9,11.9,11.8,11.8,11.8,11.7,16,11.4,11.5,11.3,11,11.2,11.2,10.9,10.9,10.7,16,10.5,10.5,10.3,10.3,10.2,10.2,10.1,10.1,10.3,16,10,10.1,10.3,10.2,10.2,10,10.1,10.2,10.2,16,10.4,10.4,10.5,10.4,10.5,10.8,10.8,11.2,10.8,16,11.2,11.3,11.2,11.3,11.5,11.4,11.7,11.6,11.5,16,11.7,11.8,11.9,11.8,12,12,11.8,11.9,12,16,11.9,12.1,12.1,12,12,12.1,12.2,12,12.1,16,12.1,12.1,12,12.1,12.1,12.1,12.3,12.3
0.000037,12.1,12.1,11.9,11.9,12,12,12,12.1,11.9,12,12,16,12,11.8,11.9,11.9,11.9,11.8,11.7,11.8,11.7,16,11.5,11.5,11.3,11.1,11.2,11.2,10.9,10.9,10.7,16,10.5,10.5,10.3,10.3,10.2,10.2,10.2,10.1,10.2,16,10,10.1,10.3,10.2,10.2,10.1,10,10.2,10.3,16.1,10.3,10.4,10.5,10.4,10.4,10.8,10.8,11.3,10.8,16,11.2,11.3,11.3,11.4,11.5,11.5,11.6,11.5,11.6,16.1,11.6,11.8,12,11.9,11.9,11.8,11.8,12,12.1,16,11.9,12,12.1,12,11.9,12,12.2,12,12.1,16,12.1,12.1,12,12.1,12,12.1,12.2,12.3
0.0000372,12.1,12.1,11.8,11.9,12,12,12,12,11.9,12,12,16,12,11.9,11.9,11.9,11.8,11.8,11.7,11.9,11.7,16,11.5,11.5,11.4,11.1,11.2,11.2,10.9,10.8,10.7,16,10.4,10.5,10.3,10.4,10.1,10.2,10.1,10.1,10.3,16,10,10.1,10.2,10.2,10.2,10.2,10.1,10.2,10.2,16,10.3,10.4,10.6,10.4,10.4,10.7,10.8,11.2,10.9,16,11.2,11.3,11.3,11.4,11.5,11.5,11.6,11.5,11.5,16,11.6,11.8,11.8,11.9,12,11.8,11.8,12,12.1,16,11.8,11.9,12.1,12,11.9,11.9,12.2,12.1,12,16,12.1,12.2,11.9,12,12,12.1,12.2,12.3
0.0000374,12,12,11.9,11.9,11.9,12.1,12,12,11.9,12,12,16,12,11.9,12,11.9,11.8,11.8,11.7,11.8,11.8,16,11.5,11.5,11.5,11.2,11.2,11.2,10.9,10.8,10.7,16,10.5,10.5,10.3,10.4,10.2,10.2,10.1,10,10.2,16,10,10.1,10.3,10.2,10.2,10.1,10.1,10.2,10.2,16,10.3,10.3,10.6,10.4,10.4,10.8,10.8,11.3,10.9,16,11.2,11.3,11.3,11.5,11.5,11.5,11.6,11.6,11.6,16,11.6,11.8,11.9,11.9,11.9,11.8,11.8,12,12.1,16,11.8,11.8,12.1,11.9,11.9,11.8,12.1,12.1,12,16,12,12.1,11.9,12,12.1,12.1,12.1,12.3
0.0000376,12,12,11.8,12,12,12.1,12,11.9,12,12,12,16,12,12,11.9,11.9,11.7,11.7,11.8,11.8,11.8,16,11.6,11.5,11.5,11.2,11.2,11.1,10.9,10.8,10.7,16,10.5,10.3,10.3,10.4,10.2,10.2,10.1,10,10.2,16,9.99,10.1,10.2,10.2,10.2,10.2,10.1,10.2,10.3,16,10.3,10.3,10.6,10.4,10.5,10.7,10.8,11.2,10.9,16,11.2,11.2,11.3,11.5,11.5,11.5,11.6,11.6,11.6,16.1,11.6,11.7,11.8,12,11.9,11.8,11.8,11.9,12.1,16,11.8,11.8,12.1,11.9,11.9,11.9,12.1,12.1,12,16,12,12.1,11.9,11.9,12.1,12,12.1,12.4
0.0000378,12,12,11.8,12,11.9,12.1,12,11.8,12,12,11.9,16,12,12,11.9,11.9,11.7,11.7,11.8,11.8,11.8,16,11.6,11.4,11.5,11.3,11.2,11,11,10.8,10.7,16,10.6,10.3,10.3,10.3,10.2,10.2,10.1,10,10.2,16,9.99,10.1,10.2,10.2,10.3,10.2,10.2,10.2,10.3,16,10.3,10.3,10.6,10.6,10.6,10.7,10.9,11.1,10.9,16,11.2,11.2,11.3,11.6,11.5,11.6,11.6,11.5,11.5,16,11.6,11.8,11.8,12,11.9,11.8,12,11.9,12,16,11.9,11.8,12,12,11.9,11.9,12.2,12.1,12,16,12,12.1,11.9,11.9,12.1,12,12.1,12.4
0.000038,12,12,11.8,12,11.9,12.1,12,11.8,11.9,11.9,12,16.1,11.9,12,12,11.9,11.7,11.7,11.9,11.7,11.8,16,11.7,11.4,11.4,11.3,11.2,11.1,11.1,10.8,10.7,16,10.6,10.3,10.3,10.3,10.3,10.2,10.2,10.1,10.2,16,10.1,10.1,10.2,10.2,10.3,10.2,10.2,10.2,10.3,16,10.4,10.4,10.6,10.6,10.6,10.7,10.8,10.9,10.9,16,11.2,11.2,11.3,11.5,11.5,11.6,11.6,11.5,11.6,16,11.7,11.8,11.8,12,11.9,11.8,12,11.8,12.1,16.1,11.9,11.9,12.1,11.9,11.9,11.9,12.1,12,12,16,12,12,11.8,11.9,12.1,12,12.1,12.4
0.0000382,12,12,11.9,11.9,11.9,12.1,12.1,11.9,12,11.9,12,16,11.8,12,11.9,11.9,11.7,11.7,11.9,11.7,11.8,16,11.6,11.4,11.4,11.3,11.2,11,11.2,10.8,10.7,16,10.6,10.2,10.3,10.2,10.4,10.2,10.2,10.1,10.2,16,10.1,10.1,10.1,10.2,10.2,10.2,10.2,10.3,10.3,16,10.4,10.4,10.4,10.6,10.6,10.7,10.8,10.8,10.9,16,11.2,11.2,11.2,11.5,11.4,11.6,11.6,11.5,11.6,16,11.7,11.8,11.8,11.9,11.9,11.8,12.1,11.8,12,16,12,12,12.1,11.9,11.9,12,12.1,12.1,12,16,11.9,12.1,11.9,11.9,12.1,12,12.2,12.3
0.0000384,12,12,12,11.9,12,12,12,11.9,11.9,11.9,12,16,11.8,12,12,11.9,11.7,11.7,11.9,11.8,11.6,16,11.6,11.5,11.3,11.3,11.2,11.1,11.2,10.9,10.7,16,10.6,10.2,10.3,10.2,10.5,10.1,10.2,10.1,10.2,16,10.2,10.1,10,10.2,10.2,10.2,10.2,10.4,10.3,16,10.5,10.5,10.4,10.6,10.6,10.7,10.9,10.8,10.9,16.1,11.2,11.2,11.2,11.3,11.4,11.6,11.6,11.5,11.5,16,11.8,11.8,11.8,11.9,11.9,11.8,12,11.8,12,16,11.9,12,12.1,12,11.9,12.1,12.1,12,12,16,11.9,12,11.9,11.9,12.1,12.1,12.2,12.3
0.0000386,12,11.9,12.1,11.9,11.9,11.9,12,11.9,11.9,11.8,12,16.1,11.8,11.9,12,11.9,11.7,11.7,11.8,11.8,11.6,16,11.5,11.5,11.4,11.3,11.2,11.1,11.2,10.9,10.7,16,10.6,10.2,10.3,10.2,10.5,10.2,10.2,10.2,10.2,16,10.2,10.1,10.1,10.2,10.2,10.2,10.2,10.4,10.3,16,10.5,10.5,10.4,10.6,10.7,10.7,10.9,10.8,10.9,16,11.2,11.2,11.2,11.3,11.4,11.6,11.6,11.5,11.5,16,11.8,11.8,11.8,11.9,11.9,11.8,12,11.8,12,16,12,12,12,11.9,11.9,12,12.2,12,12,16.1,11.9,12.1,12,11.9,12,12.1,12.4,12.3
0.0000388,12,11.9,12.1,12,11.9,12,12,11.9,11.9,11.9,12.1,16.1,11.8,11.9,12,11.9,11.8,11.8,11.8,11.8,11.6,16,11.5,11.5,11.4,11.2,11.1,11.1,11.2,10.9,10.7,16,10.6,10.3,10.3,10.2,10.5,10.1,10.2,10.2,10.3,16,10.2,10.1,10.1,10.2,10.2,10.2,10.3,10.4,10.3,16,10.4,10.5,10.4,10.5,10.6,10.7,10.9,10.8,10.9,16,11.2,11.2,11.2,11.3,11.5,11.6,11.5,11.6,11.6,16,11.9,11.8,11.9,11.9,11.9,11.8,11.9,11.8,12,16,12,12.1,12,11.9,12,12,12.1,12,11.9,16,12,12,12,11.9,12,12.1,12.4,12.3
0.000039,12.1,11.9,12.2,11.9,12,12,12,12,11.9,11.9,12.1,16,11.8,11.8,12,11.9,11.8,11.8,11.8,11.8,11.5,16,11.5,11.5,11.4,11.2,11.1,11.1,11.1,10.9,10.7,16,10.5,10.4,10.3,10.2,10.5,10.1,10.2,10.2,10.4,16,10.2,10.2,10.1,10.2,10.2,10.1,10.2,10.4,10.3,16,10.4,10.5,10.4,10.5,10.6,10.7,10.9,10.8,10.9,16,11.2,11.2,11.2,11.3,11.5,11.5,11.6,11.5,11.6,16,11.8,11.8,12,11.9,11.9,11.8,11.9,12,12,16,12,12.1,12,12,12,12.1,12.1,12,11.9,16,12,12.1,12,11.9,12,12.1,12.5,12.3
0.0000392,12.1,11.9,12.2,11.9,11.9,12,12.1,12,11.9,11.8,12,16.1,11.8,11.7,12,11.9,11.8,11.9,11.8,11.8,11.6,16,11.5,11.5,11.5,11.1,11,11.2,11.1,10.9,10.8,16,10.5,10.5,10.3,10.3,10.4,10.2,10.2,10.2,10.3,16,10.1,10.2,10.2,10.2,10.2,10.2,10.1,10.4,10.3,16,10.4,10.5,10.5,10.4,10.5,10.6,10.8,10.9,10.8,16,11.2,11.2,11.2,11.3,11.5,11.5,11.6,11.6,11.6,16,11.8,11.8,11.9,11.9,11.9,11.9,11.8,12,12,16,11.9,12.1,12,11.9,11.9,12.1,12.2,12,11.8,16,12,12.1,12.1,11.9,12,12.1,12.5,12.3
0.0000394,12.1,12,12.1,11.9,12,12,12.1,12.1,11.9,11.8,12.1,16,11.9,11.7,12,11.8,11.8,11.8,11.8,11.8,11.6,16.1,11.5,11.5,11.5,11.1,11.1,11.2,11,10.8,10.7,16,10.5,10.5,10.3,10.3,10.3,10.2,10.1,10.2,10.4,16.1,10.1,10.1,10.2,10.2,10.2,10.2,10,10.3,10.3,16,10.3,10.5,10.5,10.4,10.5,10.6,10.8,11,10.8,16,11.2,11.2,11.3,11.3,11.5,11.5,11.6,11.6,11.6,16,11.8,11.8,11.9,11.9,11.9,11.9,11.8,12.1,12.1,16,11.9,12.1,12,12,11.9,12.1,12.2,12,11.9,16,12,12.1,12.1,12,12,12.1,12.5,12.3
0.0000396,12,12.1,12,11.9,11.9,12.1,12.1,12.1,11.9,11.9,12.1,16,11.9,11.8,11.9,11.8,11.8,11.8,11.8,11.8,11.7,16,11.5,11.5,11.5,11.1,11.1,11.2,10.9,10.8,10.8,16,10.5,10.5,10.3,10.3,10.3,10.3,10.1,10.2,10.4,16,10.1,10.1,10.3,10.2,10.2,10.2,10,10.2,10.3,16.1,10.4,10.5,10.6,10.5,10.4,10.7,10.8,11.1,10.9,16,11.2,11.2,11.3,11.4,11.6,11.5,11.7,11.6,11.6,16,11.8,11.8,11.9,11.9,12,11.9,11.8,12.1,12,16,11.9,12,12,12,11.9,12.1,12.2,12,11.9,16,12.1,12.1,12.1,12,12,12.1,12.4,12.3
0.0000398,12.1,12.1,12,12,12,12.1,12.1,12.1,11.9,11.9,12,16,11.9,11.9,11.9,11.9,11.8,11.8,11.9,11.8,11.8,16,11.5,11.5,11.4,11.1,11.1,11.1,10.9,10.8,10.8,16,10.6,10.6,10.3,10.3,10.3,10.4,10,10.2,10.3,16,10.1,10.1,10.3,10.2,10.2,10.2,10,10.2,10.3,16,10.4,10.5,10.6,10.5,10.5,10.7,10.8,11.1,10.9,16,11.2,11.2,11.3,11.4,11.5,11.5,11.7,11.6,11.6,16,11.7,11.8,11.8,11.9,11.9,11.9,11.8,12.1,12,16,11.9,12,12,11.9,11.9,12,12.2,12,12,16,12.2,12.1,12.1,12,12,12.1,12.4,12.4
0.00004,12.1,12.2,11.9,11.9,12,12.2,12,12.1,11.9,11.9,12.1,16,12,12,11.9,11.8,11.8,11.7,11.9,11.8,11.7,16,11.5,11.5,11.4,11.1,11.1,11.2,10.9,10.7,10.7,16,10.6,10.5,10.3,10.3,10.2,10.4,10,10.1,10.3,16,10.1,9.99,10.3,10.2,10.2,10.2,10.1,10.2,10.3,16,10.3,10.5,10.6,10.6,10.5,10.6,10.8,11.1,10.9,16.1,11.2,11.3,11.3,11.4,11.6,11.5,11.8,11.6,11.6,16,11.7,11.8,11.8,11.9,11.9,11.9,11.8,12,12.1,16,12,12,12,12,11.9,12,12.2,12.1,12.1,16,12.2,12.1,12.1,12,12,12.1,12.4,12.3
0.0000402,12.1,12.2,11.9,11.9,11.9,12.2,12,12.1,11.8,12,12,16,11.9,12.1,11.8,11.9,11.8,11.7,11.8,11.8,11.8,16,11.6,11.5,11.3,11.2,11.2,11.1,11,10.7,10.7,16,10.6,10.5,10.3,10.3,10.2,10.3,10.1,10.1,10.2,16,10.1,10.1,10.3,10.2,10.2,10.2,10.1,10.2,10.3,16,10.3,10.5,10.6,10.6,10.5,10.7,10.8,11,10.9,16,11.2,11.2,11.3,11.4,11.5,11.5,11.8,11.6,11.6,16,11.7,11.8,11.8,11.9,11.8,11.9,11.9,11.9,12,16,12,12,12,12,11.9,12,12.1,12.1,12.1,16.1,12.2,12.2,12.1,12,12,12.1,12.3,12.4
0.0000404,12.1,12.2,11.9,11.9,11.8,12.2,12,12,11.9,12,12,16,12,12.1,11.8,11.9,11.7,11.6,11.8,11.8,11.7,16,11.6,11.5,11.3,11.2,11.2,11.1,11,10.8,10.8,16.1,10.6,10.4,10.3,10.3,10.3,10.3,10.1,10.1,10.2,16,10.1,10.1,10.2,10.3,10.3,10.2,10.2,10.3,10.3,16,10.4,10.6,10.6,10.7,10.6,10.6,10.8,11,10.9,16,11.2,11.3,11.3,11.4,11.5,11.5,11.8,11.6,11.6,16,11.7,11.8,11.8,12,11.8,11.9,11.9,11.8,12,16,12,11.9,12,12,11.9,11.9,12.2,12.1,12.2,16,12.1,12.2,12,12,12.2,12,12.3,12.4
0.0000406,12,12.2,12,12,11.9,12.1,12,11.9,11.9,11.9,12,16,11.9,12.1,11.8,11.9,11.7,11.6,11.8,11.8,11.7,16,11.6,11.5,11.3,11.3,11.2,11.1,11,10.8,10.8,16,10.6,10.4,10.3,10.3,10.3,10.2,10.2,10,10.2,16,10.1,10.1,10.3,10.3,10.2,10.2,10.2,10.3,10.3,16.1,10.4,10.6,10.6,10.8,10.6,10.7,10.8,10.9,10.9,16,11.2,11.3,11.3,11.5,11.4,11.6,11.7,11.5,11.6,16,11.7,11.8,11.8,11.9,11.7,11.8,12,11.8,12.1,16,11.9,11.9,12,12,11.9,12,12.2,12.1,12.2,16,12,12.1,11.9,11.9,12.1,12,12.3,12.4
0.0000408,12,12,12.1,12,11.9,12,11.9,11.8,11.9,11.9,11.9,16,11.9,12,11.9,11.9,11.7,11.5,11.8,11.8,11.6,16,11.6,11.4,11.3,11.3,11.2,11.1,11.1,10.8,10.7,16,10.6,10.4,10.3,10.3,10.4,10.2,10.2,10.1,10.2,16,10.1,10.2,10.2,10.3,10.2,10.2,10.2,10.3,10.3,16,10.4,10.6,10.6,10.6,10.6,10.7,10.8,10.9,10.9,16,11.2,11.2,11.3,11.5,11.4,11.6,11.6,11.5,11.6,16,11.7,11.8,11.7,11.9,11.8,11.9,12,11.9,12,16,11.9,11.9,12.1,12,11.9,11.9,12.1,12,12.2,16.1,12,12.1,12,11.9,12.2,12.1,12.3,12.4
0.000041,12,12,12.1,12,12,12,12,11.8,11.9,11.9,11.9,16,11.8,11.9,12,11.9,11.8,11.6,11.8,11.8,11.6,16,11.6,11.4,11.3,11.4,11.2,11.1,11.1,10.8,10.7,16,10.6,10.4,10.3,10.4,10.4,10.1,10.2,10.1,10.3,16.1,10.1,10.2,10.3,10.3,10.2,10.3,10.3,10.4,10.3,16,10.4,10.6,10.5,10.6,10.7,10.7,10.8,10.8,10.9,16,11.2,11.2,11.3,11.4,11.5,11.7,11.5,11.6,11.7,16,11.8,11.8,11.8,11.9,11.8,11.9,12,12,12,16,12,11.9,12.1,12,12,11.9,12.1,12,12.1,16,12,12,11.9,11.8,12.2,12.1,12.3,12.3
0.0000412,12.1,11.9,12.2,12,12,11.9,12,11.8,11.9,11.8,12,16,11.9,11.9,12,11.9,11.7,11.6,11.8,11.8,11.6,16,11.6,11.4,11.3,11.3,11.2,11.1,11.1,10.8,10.7,16,10.6,10.4,10.3,10.3,10.4,10.2,10.3,10.1,10.3,16,10.1,10.2,10.2,10.3,10.2,10.2,10.3,10.4,10.3,16,10.4,10.5,10.5,10.6,10.6,10.7,10.9,10.7,10.9,16,11.2,11.2,11.3,11.4,11.4,11.7,11.5,11.6,11.7,16,11.8,11.8,11.8,11.9,11.8,11.8,12,12,12,16.1,11.9,12,12.2,11.9,12,11.9,12.2,12,12,16,12,12,11.9,11.8,12.2,12.1,12.4,12.3
0.0000414,12,11.9,12.2,12.1,12,11.9,12,11.8,11.9,11.8,12,16,11.8,11.8,12,11.9,11.7,11.7,11.8,11.8,11.6,16,11.6,11.4,11.3,11.3,11.3,11.1,11.1,10.9,10.8,16,10.6,10.5,10.3,10.3,10.5,10.2,10.2,10.1,10.5,16,10.2,10.2,10.2,10.4,10.2,10.2,10.3,10.4,10.3,16,10.4,10.5,10.5,10.5,10.7,10.6,10.8,10.7,11,16,11.2,11.2,11.2,11.3,11.5,11.7,11.4,11.6,11.7,16,11.8,11.7,11.8,12,11.8,11.9,11.9,12.2,12.1,16,12,12,12.1,11.9,12,12,12.1,12,12,16,12,12,11.9,11.8,12.1,12.1,12.5,12.3
0.0000416,12.1,11.9,12.2,12.1,12,11.9,12,11.9,11.9,11.8,12,16,11.8,11.8,12.1,11.9,11.8,11.8,11.8,11.8,11.7,16,11.6,11.4,11.3,11.2,11.3,11.1,11.1,10.8,10.7,16,10.6,10.5,10.4,10.3,10.5,10.2,10.2,10.2,10.5,16.1,10.1,10.2,10.2,10.4,10.2,10.2,10.3,10.4,10.3,16,10.5,10.4,10.5,10.5,10.6,10.7,10.8,10.7,10.9,16,11.2,11.2,11.2,11.3,11.5,11.6,11.4,11.6,11.7,16,11.8,11.8,11.8,11.9,11.9,11.9,11.9,12.1,12.1,16,12,12.1,12.1,11.9,12,12,12.1,12,12,16,12,12,11.9,11.9,12,12.1,12.5,12.3
0.0000418,12.1,11.9,12.1,12,12,12,12.1,11.9,11.9,11.8,12,16,11.8,11.9,12.1,11.9,11.7,11.8,11.8,11.8,11.7,16,11.6,11.4,11.3,11.2,11.3,11.2,11.1,10.8,10.8,16,10.5,10.5,10.3,10.3,10.4,10.3,10.2,10.2,10.5,16,10.1,10.2,10.2,10.3,10.3,10.2,10.4,10.4,10.3,16,10.4,10.4,10.5,10.5,10.6,10.7,10.8,10.8,10.9,16,11.2,11.2,11.2,11.3,11.5,11.6,11.4,11.6,11.7,16.1,11.8,11.8,11.8,11.9,11.9,11.9,11.9,12,12,16,12,12.1,12.1,11.9,12,12.1,12.1,12,12,16.1,12,12,12,11.9,12,12.2,12.5,12.4
0.000042,12,12,12,11.9,12,12,12.2,12,11.9,12,12,16,11.9,11.9,12,11.9,11.8,11.8,11.8,11.8,11.8,16,11.5,11.4,11.2,11.2,11.3,11.2,11,10.8,10.7,16,10.6,10.5,10.3,10.3,10.4,10.4,10.1,10.2,10.5,16,10,10.2,10.2,10.3,10.3,10.2,10.3,10.4,10.3,16,10.5,10.3,10.5,10.4,10.6,10.7,10.8,10.8,10.9,16,11.2,11.2,11.2,11.3,11.5,11.5,11.4,11.6,11.7,15.8,11.8,11.7,11.8,11.9,12,11.9,11.9,11.9,12,16,12,12.1,12.1,11.9,12,12,12.1,12,12,16.1,12.1,12,12,11.9,12,12.1,12.5,12.3
0.0000422,12,12,12,11.9,12,12.1,12.1,12,11.9,12.1,12,16,11.8,11.9,12,11.9,11.8,11.8,11.8,11.8,11.8,16,11.6,11.5,11.2,11.2,11.2,11.2,11,10.9,10.8,16.2,10.6,10.4,10.3,10.3,10.4,10.4,10.1,10.2,10.4,16,10.2,10.2,10.2,10.2,10.3,10.2,10.2,10.4,10.3,16,10.5,10.4,10.5,10.5,10.5,10.7,10.8,10.9,10.8,16,11.3,11.2,11.3,11.3,11.5,11.5,11.5,11.6,11.6,16.1,11.8,11.7,11.8,11.9,12,11.9,11.8,11.8,12,16.1,12.1,12.1,12.1,12,11.9,12,12.2,12,12.1,16,12.1,12,12,11.9,11.9,12.1,12.5,12.3
0.0000424,12.1,12.1,11.9,11.9,12,12.1,12.1,12.1,11.9,12.2,12,16,11.9,12,11.9,12,11.8,11.8,11.8,11.8,11.8,16,11.7,11.5,11.3,11.1,11.1,11.2,11,10.9,10.8,16,10.5,10.5,10.3,10.3,10.4,10.4,10.1,10.2,10.4,16.1,10.2,10.2,10.2,10.2,10.3,10.2,10.2,10.3,10.4,16,10.5,10.4,10.6,10.5,10.6,10.7,10.7,10.9,10.8,16,11.2,11.3,11.3,11.3,11.5,11.4,11.6,11.6,11.6,16.1,11.8,11.8,11.8,11.9,11.9,11.9,11.9,11.8,12.1,16,12,12.1,12,12,11.9,12,12.2,12,12.1,16,12.2,12.1,12,11.9,11.9,12.1,12.5,12.3
0.0000426,12,12.2,11.9,11.9,12,12.2,12,12,11.9,12.2,12,16,11.9,12,11.9,11.9,11.8,11.7,11.8,11.8,11.8,16.1,11.6,11.5,11.3,11.1,10.9,11.2,11,10.9,10.8,16,10.5,10.4,10.3,10.4,10.3,10.4,10.1,10.2,10.2,16.1,10.2,10.2,10.1,10.2,10.4,10.2,10.2,10.3,10.5,16,10.5,10.5,10.6,10.5,10.5,10.7,10.8,11,10.8,16,11.2,11.3,11.3,11.4,11.5,11.5,11.6,11.5,11.6,16,11.7,11.8,11.9,11.9,11.9,11.9,11.9,11.8,12,16,12,12,12,12.1,12,12,12.2,12.1,12.1,16,12.1,12.2,12,11.8,11.9,12.1,12.4,12.3
0.0000428,12,12.1,11.9,11.8,12.1,12.1,11.9,12,11.9,12.1,12,16,11.9,11.9,11.8,11.9,11.8,11.7,11.8,11.8,11.7,16,11.6,11.5,11.3,11.2,11,11.2,11,10.9,10.7,16,10.6,10.4,10.2,10.4,10.3,10.4,10.1,10.2,10.2,16,10.2,10.1,10.1,10.2,10.3,10.2,10.2,10.3,10.6,16,10.5,10.5,10.6,10.5,10.5,10.7,10.8,11,10.8,16,11.2,11.3,11.3,11.4,11.5,11.4,11.6,11.6,11.5,16,11.7,11.8,11.8,11.9,12,11.9,11.9,11.8,12,16,11.9,12.1,12,12.2,11.9,12,12.1,12,12.1,16,12.1,12.2,12,11.8,12,12,12.4,12.3
0.000043,12,12.2,11.9,11.8,12,12.2,11.9,12,11.9,12,12,16,11.9,11.9,11.8,11.9,11.8,11.7,11.8,11.8,11.6,16,11.6,11.5,11.4,11.2,11,11.1,11,10.9,10.7,16,10.6,10.4,10.2,10.4,10.3,10.3,10.1,10.2,10.3,16,10.2,10.2,10.1,10.3,10.3,10.2,10.1,10.3,10.6,16,10.5,10.5,10.6,10.5,10.5,10.8,10.8,10.9,10.9,16,11.2,11.2,11.3,11.4,11.5,11.5,11.6,11.6,11.6,16.1,11.7,11.8,11.8,11.9,11.9,11.8,11.9,11.8,12,16,11.8,12,12,12.2,11.9,12,12.2,12.1,12.2,16,12,12.2,11.9,11.9,12,12,12.4,12.3
0.0000432,12.1,12.1,12,11.8,12.1,12.1,11.9,12,11.9,11.9,12,16,12,12,11.8,11.9,11.7,11.6,11.8,11.8,11.6,16,11.6,11.5,11.4,11.2,11.1,11,11.1,10.8,10.8,16,10.6,10.4,10.3,10.4,10.3,10.4,10.2,10.2,10.3,16,10.2,10.2,10.2,10.3,10.2,10.2,10.2,10.3,10.5,16.1,10.4,10.5,10.6,10.6,10.5,10.7,10.8,10.9,10.9,16,11.2,11.2,11.3,11.5,11.5,11.5,11.6,11.6,11.7,16,11.7,11.8,11.8,11.9,11.9,11.8,11.9,11.8,12.1,16,11.8,11.9,12,12.2,12,11.9,12.1,12.1,12.1,16,12.1,12.2,11.8,11.9,12.1,12,12.3,12.4
0.0000434,12,12.1,12,11.9,12,12.1,12,11.9,11.9,11.8,12,16,12,12,11.8,11.8,11.7,11.7,11.8,11.8,11.5,16,11.5,11.5,11.4,11.2,11.1,11,11.1,10.8,10.7,16,10.7,10.4,10.3,10.3,10.4,10.3,10.2,10.2,10.4,16.1,10.2,10.2,10.2,10.3,10.2,10.2,10.2,10.3,10.5,16,10.4,10.6,10.6,10.6,10.6,10.7,10.8,10.9,10.9,16.2,11.1,11.3,11.3,11.5,11.5,11.6,11.5,11.6,11.7,16,11.7,11.8,11.8,11.9,11.9,11.8,11.9,11.9,12,16,11.8,11.8,12,12.1,11.9,12,12.1,12.1,12.2,16,12,12.2,11.8,11.9,12,12,12.3,12.4
0.0000436,12,12.1,12,11.9,11.9,12,12,11.9,11.9,11.8,12,16,12,12,11.9,11.9,11.8,11.7,11.7,11.8,11.6,16,11.5,11.5,11.4,11.3,11.2,11.1,11.1,10.8,10.8,16,10.7,10.6,10.3,10.3,10.4,10.2,10.2,10.2,10.5,16,10.2,10.2,10.3,10.3,10.2,10.2,10.2,10.3,10.4,16,10.3,10.5,10.5,10.6,10.6,10.6,10.8,10.8,11,16,11.2,11.2,11.3,11.5,11.4,11.7,11.5,11.6,11.7,16,11.8,11.8,11.8,12,11.9,11.8,11.9,11.9,12.1,16,11.8,11.8,12.1,12.1,11.9,12,12.1,12.1,12.1,16,12,12.1,11.8,11.9,12,12,12.4,12.4
0.0000438,12,12.1,12.1,12.1,11.8,12,12,11.9,11.9,11.8,12,16,11.9,11.9,12,11.8,11.8,11.7,11.7,11.8,11.6,16,11.4,11.5,11.4,11.3,11.3,11.1,11.2,10.8,10.8,16,10.7,10.6,10.5,10.4,10.4,10.2,10.2,10.2,10.6,16,10.2,10.2,10.3,10.4,10.2,10.2,10.3,10.4,10.3,16,10.3,10.6,10.5,10.6,10.7,10.6,10.8,10.8,11,16,11.2,11.2,11.3,11.4,11.4,11.7,11.5,11.6,11.6,16,11.7,11.8,11.8,11.9,11.9,11.8,11.9,12,12.1,16,11.8,11.9,12.1,11.9,11.9,12,12.2,12,12.1,16,12,12.1,11.9,11.9,11.8,12,12.4,12.4
0.000044,12,12,12,12.1,11.8,12,12.1,11.8,12,11.9,12,16,11.9,11.9,12,11.8,11.8,11.7,11.7,11.8,11.7,16,11.4,11.5,11.4,11.3,11.2,11.1,11.1,10.8,10.8,16,10.6,10.6,10.5,10.4,10.5,10.1,10.2,10.2,10.6,16,10.2,10.2,10.4,10.4,10.2,10.3,10.3,10.4,10.3,16,10.3,10.5,10.5,10.6,10.8,10.6,10.8,10.8,11,16,11.2,11.2,11.4,11.4,11.4,11.7,11.5,11.6,11.7,16,11.8,11.7,11.8,11.9,11.9,11.8,11.9,11.9,12.1,16,11.9,11.9,12.1,11.9,12,12,12.1,12,12.1,16,12,12,11.9,11.8,11.8,12.1,12.4,12.3
0.0000442,12,12,12,12.1,11.8,12,12.2,11.9,11.9,12,11.9,16,11.9,11.9,12.1,11.8,11.8,11.8,11.7,11.8,11.6,16,11.4,11.5,11.4,11.3,11.3,11.2,11.1,10.9,10.8,16,10.6,10.6,10.5,10.4,10.5,10.1,10.2,10.3,10.6,16,10.2,10.3,10.4,10.3,10.2,10.2,10.4,10.5,10.3,16,10.4,10.5,10.5,10.6,10.8,10.6,10.8,10.8,11,16,11.2,11.2,11.3,11.4,11.5,11.6,11.6,11.6,11.6,16,11.8,11.8,11.8,11.9,11.9,11.9,11.9,11.9,12.2,16,11.9,12,12.1,11.9,12,12,12.1,12.1,12.1,16,12,12,12,11.8,11.8,12.1,12.4,12.3
0.0000444,12,12.1,12,12.1,11.9,12,12.2,11.8,11.9,12.1,12,16,11.9,11.9,12.1,11.8,11.8,11.8,11.7,11.8,11.8,16,11.5,11.5,11.4,11.2,11.2,11.2,11.1,10.9,10.8,16,10.6,10.6,10.5,10.3,10.5,10.1,10.2,10.2,10.6,16,10.1,10.2,10.4,10.3,10.2,10.2,10.4,10.4,10.3,16,10.4,10.6,10.5,10.6,10.8,10.6,10.8,10.8,10.9,16.1,11.3,11.2,11.3,11.4,11.4,11.6,11.6,11.6,11.7,16,11.8,11.8,11.8,11.8,11.9,11.9,11.9,11.9,12.1,16,12,12.1,12,12,12.1,12.1,12.1,12.1,12.1,16,12,11.9,12,11.8,11.8,12.2,12.4,12.2
0.0000446,12.1,12,11.9,12,11.9,12,12.2,11.9,11.9,12,12,16.1,11.9,11.9,12.1,11.9,11.9,11.8,11.8,11.8,11.8,16.1,11.5,11.5,11.4,11.2,11.2,11.3,11.1,10.9,10.8,16,10.5,10.5,10.4,10.4,10.5,10.1,10.2,10.2,10.6,16,10.2,10.3,10.3,10.3,10.2,10.2,10.4,10.5,10.3,16,10.4,10.5,10.6,10.6,10.7,10.7,10.9,10.8,10.9,16,11.3,11.2,11.2,11.3,11.4,11.6,11.7,11.6,11.7,16,11.8,11.8,11.9,11.9,11.9,11.9,11.9,11.8,12,16,12.1,12,12.1,12,12.1,12.1,12.1,12,12.1,16,12,11.9,12.1,11.8,11.9,12.2,12.4,12.2
0.0000448,12.1,12,11.9,11.9,12,12.1,12.2,12,11.9,12.1,12,16,11.8,11.9,12.1,11.8,11.9,11.8,11.8,11.8,11.8,16,12.1,11.5,11.3,11.2,11.2,11.3,11.1,10.9,10.8,16,10.4,10.4,10.4,10.4,10.5,10.2,10.2,10.2,10.5,16,10.2,10.2,10.3,10.3,10.2,10.2,10.3,10.4,10.4,16,10.4,10.5,10.6,10.6,10.6,10.7,10.9,10.8,10.9,16,11.3,11.2,11.2,11.3,11.5,11.5,11.7,11.5,11.7,16,11.8,11.7,11.9,11.8,11.9,11.9,11.9,11.9,12.1,16,12.1,12.2,12,12.1,12,12,12.2,12,12.1,16,12,12,12.1,11.8,12,12.2,12.4,12.1
0.000045,12.1,12.1,11.9,11.9,12.1,12,12.1,12,11.9,12,12,16,11.8,11.9,12.1,11.9,11.9,11.8,11.9,11.8,11.7,16,12.1,11.5,11.4,11.2,11.2,11.2,11,10.9,10.8,16.1,10.4,10.3,10.3,10.4,10.4,10.3,10.2,10.2,10.5,16,10.2,10.2,10.2,10.3,10.2,10.2,10.2,10.4,10.5,16,10.4,10.5,10.7,10.6,10.6,10.8,11,10.9,10.7,16,11.3,11.2,11.3,11.3,11.5,11.5,11.6,11.5,11.6,16,11.8,11.8,12,11.9,12,11.9,11.9,11.8,12,16.1,12,12.2,12,12.2,12,12,12.2,12.1,12.1,16,12.1,12,12.2,11.9,12.1,12.1,12.4,12.2
0.0000452,12.2,12.1,12,11.9,12,12,12,12,11.9,11.9,12.1,16,11.8,11.9,12,11.9,11.8,11.8,11.8,11.8,11.7,16,12.1,11.5,11.4,11.2,11.1,11.2,11,10.9,10.8,16,10.5,10.3,10.3,10.3,10.4,10.4,10.2,10.2,10.4,16,10.2,10.1,10.2,10.3,10.2,10.2,10.2,10.4,10.5,16,10.4,10.5,10.7,10.6,10.7,10.9,10.9,10.9,10.8,16,11.3,11.2,11.2,11.3,11.5,11.5,11.5,11.5,11.6,16,11.7,11.8,12,11.9,12,11.8,11.9,11.9,12,16,12.1,12.2,12,12.2,11.9,12,12.2,12.1,12.1,16,12.1,12.1,12.1,11.9,12.2,12.1,12.4,12.2
0.0000454,12.2,12.1,12,11.8,12.1,12.1,12,12,12,11.8,12.1,16,11.9,11.9,11.9,12,11.7,11.8,11.9,11.8,11.7,16,12.1,11.5,11.4,11.2,11.1,11.1,11,10.9,10.8,16.1,10.5,10.4,10.3,10.4,10.4,10.4,10.2,10.1,10.3,16,10.2,10.2,10.2,10.3,10.2,10.2,10.2,10.4,10.6,16,10.4,10.5,10.8,10.6,10.7,10.9,10.9,10.9,10.7,16,11.3,11.3,11.3,11.4,11.5,11.5,11.5,11.5,11.7,16,11.7,11.8,11.9,11.9,11.9,11.9,11.9,11.9,11.9,16,11.9,12.1,12,12.2,11.9,12,12.3,12.1,12,16.1,12.1,12.2,12.1,11.9,12.2,12.1,12.4,12.2
0.0000456,12.1,12.1,12,11.8,12.1,12.1,12,12,11.9,11.8,12.1,16,11.9,11.9,11.9,12,11.7,11.8,11.9,11.8,11.6,16,12.1,11.5,11.4,11.2,11,11,11.1,10.8,10.8,16,10.7,10.4,10.3,10.4,10.4,10.5,10.2,10.2,10.3,16,10.2,10.2,10.2,10.3,10.3,10.3,10.2,10.4,10.5,16,10.4,10.5,10.6,10.6,10.7,10.9,10.9,10.9,10.9,16,11.3,11.3,11.4,11.4,11.5,11.5,11.5,11.5,11.6,16,11.8,11.8,11.9,11.9,12,11.9,11.8,11.9,11.9,16,11.9,12,12,12.1,11.8,12,12.2,12.1,12,16,12.1,12.2,12.1,11.9,12.2,12,12.4,12.2
0.0000458,12,12.1,12,11.8,12,12.1,11.9,12,12,11.7,12.1,16,11.9,11.9,11.9,12,11.6,11.7,11.8,11.8,11.6,16,12.1,11.5,11.4,11.2,11,11.1,11.1,10.8,10.9,16,10.7,10.4,10.3,10.4,10.4,10.5,10.2,10.2,10.3,16,10.3,10.3,10.3,10.3,10.3,10.2,10.2,10.4,10.5,16,10.5,10.6,10.6,10.6,10.7,10.8,10.9,10.9,10.9,16,11.3,11.2,11.3,11.4,11.5,11.6,11.5,11.5,11.6,16,11.8,11.8,11.8,11.9,11.9,11.9,11.8,11.9,12,16,11.9,12,12,12.1,11.8,11.9,12.2,12,12,16,12.1,12.2,12,11.9,12.2,12,12.4,12.2
0.000046,11.9,12.1,12,11.8,12,12.1,12,12,11.9,11.8,12,16,11.9,11.9,11.9,12.1,11.7,11.7,11.9,11.8,11.6,16,12.1,11.5,11.4,11.2,11,11,11.1,10.9,10.8,16,10.7,10.4,10.3,10.4,10.4,10.5,10.2,10.2,10.3,16,10.2,10.3,10.3,10.3,10.4,10.2,10.2,10.4,10.5,16,10.6,10.6,10.6,10.6,10.8,10.8,10.9,10.9,10.9,16,11.3,11.2,11.3,11.4,11.5,11.6,11.5,11.6,11.6,16,11.7,11.8,11.7,11.9,11.9,11.9,11.9,11.9,12,16,11.8,11.9,12,11.9,11.8,12,12.2,12,12,16,12,12.2,12,11.9,12,12,12.4,12.2
0.0000462,11.9,12.1,11.9,11.9,11.9,12.1,12,12,11.9,11.8,12,16,11.9,11.9,11.9,12,11.7,11.8,11.8,11.8,11.6,16,12,11.5,11.4,11.2,11.1,11.1,11.1,10.9,10.8,16,10.7,10.5,10.3,10.4,10.4,10.4,10.2,10.3,10.3,16,10.2,10.3,10.3,10.3,10.4,10.2,10.2,10.4,10.5,16,10.6,10.6,10.5,10.7,10.9,10.7,10.8,11,11,16,11.3,11.2,11.4,11.4,11.5,11.6,11.5,11.6,11.6,16,11.8,11.8,11.6,11.9,11.9,11.9,11.9,11.9,12,16,11.8,11.9,12,11.9,11.8,12,12.2,12,12,16,12,12.1,12,11.8,12,12,12.4,12.2
0.0000464,11.8,12,11.9,11.9,12,12.1,12,12,11.9,11.8,11.9,16,11.8,11.9,11.9,11.9,11.8,11.7,11.8,11.8,11.7,16.1,12,11.6,11.4,11.3,11.1,11.1,11.1,11,10.9,16,10.7,10.6,10.4,10.4,10.5,10.3,10.2,10.3,10.5,16,10.2,10.4,10.3,10.3,10.4,10.2,10.3,10.4,10.4,16,10.6,10.6,10.5,10.7,10.9,10.7,10.9,11,11,16,11.2,11.2,11.3,11.4,11.5,11.6,11.6,11.6,11.6,16,11.8,11.8,11.6,11.9,11.9,11.8,12,11.9,12,16.1,11.8,11.9,12.1,11.8,11.9,11.9,12.1,12,12,16,12,12,12,11.8,11.9,12,12.3,12.3
0.0000466,11.9,12.1,11.9,12.1,12.1,12,12,11.9,11.9,11.9,11.8,16,11.9,11.9,12,11.9,11.8,11.6,11.7,11.8,11.7,16,12,11.6,11.3,11.3,11.2,11.2,11.1,11.1,10.9,16,10.7,10.5,10.4,10.4,10.5,10.3,10.2,10.3,10.5,16,10.2,10.3,10.3,10.4,10.3,10.3,10.3,10.4,10.4,16.1,10.6,10.6,10.5,10.7,10.9,10.7,11,10.9,11,16,11.3,11.3,11.3,11.4,11.5,11.6,11.5,11.7,11.6,16,11.8,11.7,11.6,11.9,11.9,11.8,12,12,12.1,16,11.8,12,12,11.9,12,12,12.1,12.1,12,16.1,12.1,12,12,11.8,11.8,12,12.4,12.3
0.0000468,11.9,12,12,12,12,12,12.1,11.9,11.9,12,11.8,16,11.8,11.9,12,11.8,11.8,11.6,11.7,11.8,11.7,16,12,11.6,11.3,11.2,11.2,11.2,11.1,11.1,10.9,16,10.6,10.6,10.5,10.4,10.5,10.2,10.2,10.3,10.4,16,10.2,10.3,10.4,10.5,10.3,10.3,10.4,10.4,10.4,16,10.6,10.6,10.5,10.6,10.9,10.7,10.9,10.9,11,16,11.3,11.3,11.3,11.4,11.5,11.6,11.6,11.7,11.7,16,11.7,11.8,11.7,11.9,11.8,11.8,11.9,12,12.1,16,11.8,12,12.1,11.9,12,12,12,12.1,12,16,12.1,12,12,11.9,11.8,12.1,12.4,12.3
0.000047,12,12,11.9,12,12.1,12,12.1,11.9,12,12,11.9,16,11.9,11.9,12.1,11.8,11.9,11.7,11.7,11.8,11.7,16,11.9,11.6,11.3,11.3,11.3,11.2,11,11.1,10.9,16,10.6,10.6,10.5,10.4,10.5,10.2,10.2,10.2,10.3,16,10.2,10.3,10.3,10.5,10.2,10.3,10.4,10.5,10.4,16.1,10.6,10.6,10.6,10.7,10.9,10.8,10.9,10.9,10.9,16,11.2,11.2,11.3,11.3,11.5,11.6,11.6,11.7,11.7,16,11.7,11.8,11.8,11.9,11.8,11.8,11.9,12,12.2,16,11.9,12,12.1,11.9,12.1,12,12,12.1,12,16,12.1,12,12,11.9,11.7,12.1,12.4,12.3
0.0000472,12,12,11.9,12,12.1,12,12.1,12,11.9,12,11.8,16,11.9,11.9,12,11.8,11.9,11.7,11.7,11.8,11.7,16,12,11.6,11.3,11.3,11.4,11.2,11,11,10.8,16,10.6,10.5,10.5,10.4,10.5,10.2,10.3,10.2,10.3,16,10.2,10.2,10.3,10.5,10.2,10.3,10.4,10.5,10.4,16,10.6,10.6,10.6,10.7,10.9,10.9,10.9,10.9,10.9,16,11.2,11.2,11.3,11.4,11.5,11.6,11.6,11.6,11.7,16,11.8,11.8,11.9,11.8,11.9,11.7,11.9,12,12.2,16,11.9,12,12.1,12,12.1,12,12,12.1,12,16,12.2,12,12,11.9,11.8,12.1,12.4,12.3
0.0000474,12.1,12,12,12,12,12,12.1,11.9,12,12,11.9,16,11.9,11.8,12,11.8,11.9,11.8,11.7,11.8,11.8,16,12.1,11.5,11.3,11.2,11.3,11.2,10.9,11,10.8,16,10.6,10.5,10.4,10.5,10.5,10.3,10.3,10.1,10.3,16,10.2,10.2,10.4,10.5,10.2,10.3,10.4,10.6,10.4,16.1,10.7,10.5,10.6,10.7,10.9,10.9,10.9,10.9,10.9,16.1,11.2,11.2,11.3,11.3,11.5,11.6,11.6,11.5,11.8,16,11.8,11.8,12,11.8,11.8,11.8,11.9,12,12.1,16,12,12.1,12.1,12,12,12,12,12,11.9,16,12.2,12,12,11.9,11.9,12.1,12.4,12.3
0.0000476,12.1,12.1,12,11.9,12,11.9,12.1,12,11.9,12,12,16.1,11.9,11.8,12.1,11.8,11.8,11.8,11.7,11.8,11.8,16,12.2,11.5,11.3,11.2,11.3,11.2,10.9,10.9,10.8,16,10.6,10.5,10.4,10.4,10.5,10.4,10.3,10.1,10.3,16,10.2,10.1,10.3,10.4,10.2,10.3,10.4,10.5,10.4,16,10.7,10.5,10.6,10.6,10.8,10.9,10.9,10.8,10.9,16,11.2,11.1,11.3,11.3,11.5,11.6,11.6,11.5,11.7,16,11.7,11.8,12,11.8,11.9,11.8,11.9,12,12.1,16,12.1,12.1,12.1,12,11.9,12,12.1,12,12,16,12.2,12.1,12,11.9,12,12.1,12.4,12.2
0.0000478,12.1,12,11.9,11.9,11.9,12,12.1,12,11.9,12,12,16,11.9,11.8,12,11.9,11.8,11.8,11.8,11.8,11.8,16,12.2,11.5,11.4,11.2,11.2,11.2,11,10.9,10.9,16,10.6,10.5,10.4,10.4,10.5,10.4,10.3,10.1,10.3,16,10.2,10.2,10.3,10.4,10.2,10.3,10.3,10.4,10.5,16,10.6,10.6,10.7,10.6,10.8,10.9,10.8,10.8,10.9,16,11.2,11.1,11.3,11.4,11.5,11.5,11.6,11.5,11.6,16,11.8,11.8,12,11.8,11.8,11.9,11.8,12,12.1,16,12,12.1,12.1,12,11.9,12,12.2,12,12,16,12,12.1,12.1,11.9,12.1,12.1,12.4,12.3
0.000048,12.1,12.1,11.9,11.9,12,12,12.1,12,11.9,12,12.1,16,11.8,11.9,12,11.9,11.8,11.8,11.8,11.8,11.7,16,12.2,11.5,11.4,11.2,11.2,11.2,11.1,10.8,10.8,16,10.6,10.5,10.4,10.4,10.5,10.4,10.2,10.2,12.1,16,10.2,10.2,10.3,10.2,10.4,10.2,10.3,10.4,10.4,16,10.6,10.6,10.7,10.6,10.8,10.8,12.1,10.8,10.9,16,11.2,11.2,11.3,11.3,11.5,11.5,11.6,11.4,11.7,16,12.1,11.8,11.8,11.8,11.9,11.9,11.8,11.9,12,16,12,12.1,12.1,12,11.9,12,12.2,12.1,12,16,12,12.1,12.1,11.9,12.1,12.1,12.4,12.2
0.0000482,12.1,12.1,11.9,11.8,12,12.1,12,12,11.9,11.9,12.1,16,11.8,11.9,12,12.1,11.7,11.8,11.8,11.8,11.8,16,12.2,11.4,11.4,11.2,11.2,11.2,11.1,10.8,10.7,16,10.6,10.5,10.4,10.5,10.5,10.5,10.2,10.2,12.1,16,10.2,10.2,10.3,10.2,10.4,10.3,10.3,10.4,10.5,16,10.6,10.6,10.6,10.7,10.7,10.7,12.1,10.8,10.9,16,11.3,11.3,11.4,11.4,11.5,11.5,11.6,11.4,11.6,16,12.1,11.8,11.7,11.8,11.9,11.9,11.8,11.9,12,16,11.9,12.1,12,12,11.8,12,12.2,12.1,12,16,12,12.1,11.9,11.9,12.1,12,12.3,12.2
0.0000484,12.1,12,12,11.8,12,12,12,12,12,12,12,16,11.8,11.9,11.9,12.2,11.8,11.8,11.8,11.8,11.7,16,12.2,11.4,11.4,11.2,11,11.2,11.2,10.8,10.8,16,10.7,10.5,10.4,10.5,10.5,10.5,10.2,10.2,12.2,16,10.2,10.3,10.3,10.3,10.5,10.3,10.3,10.3,10.5,16,10.6,10.6,10.6,10.6,10.7,10.7,12.2,10.8,10.9,16,11.3,11.3,11.4,11.4,11.5,11.5,11.5,11.4,11.6,16,12.1,11.8,11.7,11.9,11.9,12,11.8,11.9,11.9,15.9,11.9,12,12,11.9,11.8,12,12.3,12.1,12,16,11.9,12.1,11.9,12,12.1,12,12.3,12.2
0.0000486,12,12.1,11.9,11.8,12,12,12,12,12,12,12,16,11.8,11.9,11.9,12.2,11.7,11.7,11.8,11.8,11.8,16,12.1,11.5,11.4,11.2,11.1,11.2,11.2,10.9,10.8,16,10.7,10.5,10.3,10.5,10.5,10.5,10.2,10.2,12.2,16,10.3,10.3,10.3,10.3,10.5,10.3,10.3,10.3,10.5,16,10.6,10.6,10.6,10.6,10.7,10.7,12.2,10.9,10.9,16,11.3,11.4,11.4,11.4,11.5,11.6,11.6,11.5,11.7,15.9,12.1,11.8,11.7,12,11.9,12,11.9,11.9,11.9,15.2,11.9,12,12,12,11.8,11.9,12.2,12.2,12,15.8,12,12.1,11.9,11.9,12.1,12,12.3,12.1
0.0000488,12,12.1,11.9,11.9,12,12,12,11.9,12.1,12,11.9,16,11.8,12,11.9,12.2,11.8,11.7,11.8,11.8,11.7,16,12.1,11.5,11.4,11.2,11.2,11.2,11.2,11,10.8,15.9,10.7,10.6,10.3,10.5,10.5,10.4,10.2,10.2,12.2,16,10.3,10.4,10.3,10.3,10.4,10.3,10.3,10.3,10.6,16,10.6,10.6,10.6,10.7,10.7,10.7,12.2,10.9,10.9,16,11.3,11.5,11.4,11.4,11.5,11.6,11.6,11.5,11.7,14.3,12,11.8,11.7,12,11.9,11.9,11.9,11.9,11.9,12,11.8,12,12.1,12,11.8,11.9,12.2,12.2,12,14.1,11.9,12.1,11.9,11.9,12,12,12.3,12.1
0.000049,12,12.1,12,11.9,12,12,12,11.9,12.1,12,11.9,16,11.8,12,12,12.1,11.8,11.8,11.8,11.8,11.8,16,12,11.5,11.4,11.2,11.1,11.2,11.2,11,10.8,13.9,10.7,10.6,10.3,10.5,10.5,10.4,10.3,10.3,12.2,16,10.3,10.4,10.4,10.3,10.4,10.2,10.3,10.4,10.5,16,10.7,10.6,10.6,10.6,10.7,10.8,12.2,10.9,10.9,16,11.3,11.4,11.5,11.4,11.5,11.6,11.5,11.6,11.7,11,12.1,11.8,11.8,12.1,11.9,11.9,11.9,11.8,12,8.69,11.9,12,12,12,11.9,12,12.2,12.1,12.1,10.8,12,12.1,12,11.9,12,12.1,12.4,12.1
0.0000492,11.9,12.1,12,12,12,12,12,11.9,12,12,11.9,15.9,11.9,11.9,12,12,11.8,11.8,11.8,11.8,11.8,16,12,11.6,11.4,11.2,11.2,11.2,11.1,11.2,10.8,10.7,10.6,10.6,10.4,10.5,10.5,10.4,10.4,10.2,12.2,15.9,10.3,10.3,10.3,10.4,10.3,10.2,10.3,10.5,10.5,16,10.7,10.6,10.7,10.6,10.7,10.8,12.2,10.8,10.9,16,11.2,11.4,11.4,11.4,11.5,11.5,11.5,11.6,11.6,8,12,11.8,11.9,12.1,11.9,11.8,11.9,11.9,12,8.13,11.9,11.9,12,11.9,11.9,12,12.1,12.2,12,8,12.1,12,12,12,12,12,12.4,12.2
0.0000494,12,12.1,12,12,12,11.9,12.1,11.9,12,12,11.9,13.2,11.9,12,12,11.9,11.8,11.8,11.9,11.8,11.7,16,12,11.5,11.4,11.3,11.3,11.2,11.1,11.1,10.9,8.04,10.6,10.6,10.4,10.4,10.5,10.4,10.4,10.3,12.2,15.4,10.3,10.4,10.3,10.5,10.3,10.2,10.3,10.6,10.6,16,10.7,10.6,10.6,10.6,10.8,10.8,12.1,10.9,10.9,16,11.2,11.4,11.4,11.5,11.5,11.6,11.6,11.7,11.6,8.17,12.1,11.8,12,12,11.9,11.8,11.9,12,12.1,8.22,11.9,12,12,11.9,12,12,12.1,12.1,12,8.22,12.1,12,12.1,12,12,12.1,12.4,12.2
0.0000496,12.1,12,12,11.9,11.9,12,12.1,11.8,12,12,11.9,9.95,12,11.9,12,11.8,11.8,11.8,11.9,11.8,11.7,16,12,11.6,11.4,11.2,11.3,11.1,11.1,11.1,10.9,8.17,10.6,10.5,10.5,10.4,10.5,10.3,10.4,10.2,12.1,12.2,10.3,10.4,10.3,10.5,10.3,10.2,10.3,10.6,10.4,16,10.6,10.6,10.6,10.6,10.8,10.8,12.1,10.9,10.9,16,11.2,11.3,11.3,11.3,11.5,11.6,11.6,11.7,11.6,8.22,12.1,11.8,12,11.9,11.9,11.8,11.9,11.9,12.1,8.22,12,12,12.1,12,12,12.1,12.2,12.1,12,8.22,12,12,12.1,12,12,12.1,12.4,12.2
0.0000498,12.1,12,12,11.8,12,12,12,11.9,11.9,11.9,12,8.17,12,11.9,12,11.8,11.8,11.8,11.9,11.8,11.8,15.8,12,11.5,11.4,11.2,11.4,11.2,11.1,11,10.9,8.17,10.6,10.5,10.5,10.4,10.5,10.3,10.4,10.2,12,8.91,10.3,10.4,10.3,10.5,10.3,10.3,10.4,10.6,10.5,15.9,10.6,10.6,10.6,10.7,10.8,10.7,12.1,10.9,10.9,16,11.3,11.2,11.2,11.4,11.5,11.6,11.6,11.7,11.5,8.17,12.2,11.8,12,11.9,11.9,11.7,11.9,11.9,12.2,8.17,11.9,12,12.1,12,12,12.1,12.2,12.1,12,8.17,12,12.1,11.9,12,12,12,12.4,12.3
0.00005,12.1,12.1,12,11.8,12,12,12,11.9,12,12,12,8.13,12,11.8,11.9,11.8,11.8,11.8,11.9,11.8,11.7,14.7,12,11.5,11.4,11.2,11.3,11.2,11.2,10.9,10.9,8.17,10.6,10.5,10.6,10.4,10.5,10.3,10.3,10.2,11.9,8.17,10.2,10.3,10.3,10.5,10.4,10.3,10.4,10.6,10.5,13.5,10.6,10.6,10.6,10.6,10.8,10.7,12.1,10.9,10.9,15.9,11.3,11.2,11.2,11.4,11.5,11.6,11.5,11.7,11.6,8.17,12.1,11.8,12,11.8,11.9,11.7,11.8,11.9,12.1,8.22,11.9,12,12.1,11.9,12,12.1,12.3,12.1,12,8.22,11.9,12.1,11.9,12,12,12,12.3,12.3
0.0000502,12.1,12.1,12,11.8,12,12.1,12,11.9,11.9,12,12,8.17,12,11.9,11.9,11.8,11.9,11.7,11.9,11.8,11.8,11.5,12.1,11.5,11.4,11.2,11.2,11.2,11.2,10.9,10.9,8.22,10.7,10.5,10.6,10.4,10.5,10.3,10.3,10.2,12,8.17,10.3,10.3,10.3,10.4,10.4,10.3,10.4,10.6,10.5,10.2,10.6,10.6,10.7,10.6,10.8,10.7,12.1,10.9,10.9,13.9,11.3,11.2,11.2,11.4,11.5,11.6,11.6,11.6,11.6,8.22,12.1,11.8,12,11.8,11.9,11.8,11.8,11.9,12.1,8.22,11.9,12,12,12,11.9,12,12.2,12.1,12,8.17,12,12,11.9,12,12,12,12.3,12.3
0.0000504,12,12.1,12,11.9,12.1,12.1,12,12,12,12,12,8.22,11.9,11.9,11.9,11.8,11.8,11.7,11.8,11.8,11.7,8.22,12,11.5,11.3,11.2,11.2,11.2,11.2,10.8,10.9,8.22,10.7,10.6,10.6,10.5,10.5,10.3,10.2,10.2,11.9,8.17,10.2,10.3,10.3,10.4,10.5,10.3,10.4,10.6,10.6,8.13,10.6,10.6,10.7,10.7,10.7,10.7,12.1,10.9,10.9,10.6,11.3,11.3,11.2,11.4,11.5,11.6,11.6,11.6,11.6,8.22,12.1,11.8,11.9,11.8,11.9,11.8,11.8,11.9,12.1,8.22,11.8,12,12.1,12,12,12,12.2,12.1,12,8.17,11.9,12,11.9,12,12,12,12.2,12.3
0.0000506,11.9,12.1,12,11.9,12.1,12.2,12,11.9,12,12,12,8.22,11.8,11.9,12,11.9,11.8,11.8,11.8,11.8,11.8,8.17,12.1,11.5,11.3,11.2,11.1,11.2,11.2,10.8,10.9,8.22,10.8,10.6,10.6,10.6,10.5,10.4,10.2,10.3,11.9,8.17,10.3,10.3,10.4,10.3,10.6,10.2,10.4,10.5,10.5,8.17,10.7,10.6,10.7,10.6,10.7,10.8,12.1,10.9,10.9,8.09,11.3,11.3,11.3,11.4,11.5,11.6,11.5,11.5,11.7,8.17,12,11.8,11.8,11.8,11.9,11.9,11.8,11.8,12.1,8.17,11.9,12,12.1,12,11.9,12,12.2,12.1,12,8.17,12,12.1,12,12,12,12.1,12.2,12.3
0.0000508,11.9,12.1,11.9,12,12.1,12.2,12,11.9,11.9,12,12,8.26,11.8,11.9,12,12,11.8,11.8,11.8,11.8,11.8,8.22,12.1,11.5,11.4,11.2,11.1,11.2,11.1,10.8,10.9,8.17,10.8,10.6,10.5,10.5,10.5,10.4,10.2,10.2,12,8.22,10.3,10.3,10.3,10.3,10.6,10.2,10.5,10.4,10.5,8.17,10.7,10.6,10.7,10.6,10.7,10.8,12.1,10.9,10.9,8.17,11.2,11.4,11.4,11.4,11.5,11.5,11.5,11.5,11.8,8.13,12,11.8,11.8,11.8,11.9,11.9,11.9,11.9,12,8.17,11.9,12.1,12,11.9,11.9,11.8,12.1,12.1,12,8.17,12.1,12.1,12,12,12,12,12.2,12.2
0.000051,11.9,12,12,12,12.1,12.1,12.1,11.9,12,12,12,8.22,11.7,12,12,12,11.8,11.8,11.7,11.8,11.7,8.17,12.2,11.5,11.4,11.3,11.1,11.2,11.1,10.9,10.8,8.13,10.8,10.6,10.4,10.6,10.5,10.3,10.2,10.3,12,8.17,10.3,10.3,10.3,10.3,10.5,10.2,10.5,10.4,10.6,8.22,10.7,10.6,10.7,10.6,10.7,10.8,12.1,10.9,10.9,8.17,11.2,11.5,11.4,11.5,11.5,11.5,11.6,11.5,11.8,8.17,12,11.8,11.8,12,11.9,11.8,11.9,12,12,8.17,11.9,12,12.1,11.9,11.9,11.9,12.1,12.1,12,8.17,12.1,12.2,12.1,12,12,12.1,12.2,12.1
0.0000512,11.8,12.1,12.2,11.9,12.1,12.2,12.2,12.1,12,12.1,12.1,8.22,12,12,12,12.1,11.9,11.9,12,12.2,11.8,8.17,12.2,12.1,12,12,12,12.1,12,12,12,8.17,12.1,11.9,12,12.1,12.1,12.1,11.9,12,12.1,8.17,12.1,12,12,12.2,12.1,12,12.2,12.2,12.2,8.22,12,12.3,12.1,12,12,12.1,12.2,12,12,8.22,12.1,12.1,12,12,12.1,12,11.9,12,12,8.22,12,12,12,12.1,12,12,12,12.1,12.1,8.22,12,12,12.2,12,12,12,12.1,12.2,12.1,8.13,12.1,12.2,11.9,12,11.9,12,12.2,12.1
0.0000514,11.9,12.2,12.1,11.9,12.2,12.2,12.2,12,12,12.1,12.1,8.17,12,12.1,12,12,12,11.9,12,12.2,12,8.26,12.1,12.1,12,12.1,11.9,12.1,12.1,12,12,8.22,12,11.9,12,12.1,12.1,12.1,11.9,12,12.1,8.22,12,12,11.9,12.2,12.1,12.1,12.1,12.1,12.2,8.17,12.1,12.2,12.1,12,12,12.1,12.1,12,12,8.22,12.2,12,12,11.9,12.1,12.1,11.9,12,12,8.17,12,12,12,12.1,12,12.1,12,12,12.1,8.22,12,12,12.2,12,12,12.1,12.1,12.2,12.1,8.17,12,12.2,12,12,11.9,12,12.3,12.1
0.0000516,12,12.2,12,11.9,12.2,12.1,12.1,12,12,12.2,12,8.17,12,12.1,12,12.1,11.9,12,12,12.2,12.1,8.22,12.2,12.1,12,12,11.8,12,12.1,12.1,12,8.22,12.2,11.9,12,12.2,12.1,12.1,12,12,12.2,8.17,12,12.1,11.9,12.2,12.2,12.1,11.9,12.1,12.2,8.17,12,12.2,12.1,12,12,12.1,12.2,12.1,12,8.22,12.2,12.1,12,11.9,12.1,12.2,11.9,12,11.9,8.22,12,12.1,12,12.2,12.1,12,12.1,12,12.1,8.13,12,12.1,12.1,12.1,12.1,12.1,12.2,12.2,12.1,8.13,12,12.2,12.1,12,11.9,11.9,12.3,12.1
0.0000518,12,12.2,11.9,11.9,12.2,12.1,12.1,11.9,12.1,12.2,12.1,8.17,12,12.1,12,12.1,11.9,12,12,12.2,12.2,8.17,12.2,12.1,12.1,12,11.8,12,12.2,12.2,12,8.17,12.1,11.9,12,12.2,12.1,12.1,12,12.1,12.1,8.17,11.9,12.1,11.9,12.2,12.1,12,11.9,12.2,12.2,8.17,12.1,12.2,12.1,12,12,12.1,12.2,12.2,12,8.22,12.1,12.1,12,11.9,12.2,12.2,12,12,12,8.17,12,12.1,11.9,12.1,12.1,12,12.1,11.9,12.2,8.22,11.9,12.1,12.1,12.1,12,12.1,12.2,12.2,12.1,8.17,12,12.1,12.1,12,12,11.9,12.3,12.1
0.000052,12.1,12.2,11.9,12,12.2,12.1,12.1,11.9,12.1,12.2,12.1,8.22,12,12.1,12.1,12.1,11.9,12,12,12.1,12.2,8.17,12.1,12,12,12.1,11.9,12,12.1,12.2,12,8.17,12.2,11.9,12,12.2,12.2,12,12,12.1,12,8.17,11.9,12.1,11.9,12.3,12.1,12.1,11.8,12.1,12.3,8.17,12.1,12.1,12.2,12,12,12.1,12.2,12.2,12.1,8.13,12.1,12,11.9,11.8,12.1,12.2,12,12,11.9,8.17,12,12.1,11.9,12.1,12.1,12,12.1,11.9,12.2,8.17,12,12.2,12.1,12.2,12,12.1,12.2,12.1,12.2,8.22,12,12.1,12.2,12.1,12.1,11.9,12.4,12.1
0.0000522,12.1,12.1,11.9,12,12.2,12.1,12.1,12,12,12.1,12.1,8.17,12,12.1,12.1,12.1,12,12.1,12,12,12.3,8.17,12,12.1,12.1,12.1,11.9,12,12.2,12.2,11.9,8.13,12.2,11.9,12.1,12.2,12.1,12.1,12,12.2,12,8.22,11.9,12.1,12.1,12.3,12.2,12,11.8,12.1,12.2,8.17,12,12,12.2,12,12.1,12.1,12.1,12.2,12,8.17,12.2,12,12,11.9,12,12.2,12.1,12,12,8.17,12,12.1,11.9,12,12.2,12,12.1,11.9,12.2,8.17,11.9,12.2,12.1,12.2,12.1,12.1,12.1,12.1,12.2,8.13,12.1,12.1,12.1,12,12.2,11.9,12.3,12.2
0.0000524,12.1,12.1,11.9,12.1,12.2,12.1,12.1,12,12,12,12.1,8.17,12,12.1,12.2,12.2,12,12.1,12,12.1,12.2,8.17,11.9,12.1,12,12,12,12,12.1,12.1,12,8.17,12.2,12,12,12.1,12.1,12.2,12,12.2,12,8.17,11.9,12.1,12.2,12.2,12.1,12,11.8,12.2,12.1,8.17,12,12,12.2,12,12.2,12.1,12.1,12.1,12,8.17,12.2,12,12,12,12.1,12.2,12.1,12,11.9,8.17,12,12.1,12,12.1,12.2,12,12.1,12,12.2,8.22,12,12.2,12.1,12.2,12.1,12.1,12.1,12.1,12.2,8.22,12.1,12.1,12.1,12,12.2,12,12.3,12.2
0.0000526,12.1,12.1,12,12.1,12.1,12.2,12.1,12,12,11.9,12.1,8.17,12,12.1,12.2,12.2,12,12.1,12,12.1,12.2,8.22,11.9,12.1,12.1,12,12.1,12.1,12.1,12.1,11.9,8.17,12.2,12,12,12.1,12.1,12.2,12.1,12.1,12,8.22,11.9,12.1,12.2,12.2,12.1,12,11.9,12.2,12.1,8.22,11.9,12,12.2,12.1,12.2,12.1,12.1,12.2,12.1,8.22,12.1,12.1,12,12,12,12.2,12,12,11.9,8.22,12,12,12,12,12.2,12,12,12,12.2,8.17,12,12.1,12.1,12.1,12.1,12,12,12.2,12.2,8.17,12.1,12,12.2,12,12.2,12.1,12.3,12.2
0.0000528,12,12.1,12.1,12,12,12.2,12.2,12.1,12,11.8,12.1,8.17,12,12,12.2,12.1,12,12.1,12,12.1,12.1,8.17,11.9,12.1,12,12,12.2,12.2,12.1,12,12,8.17,12.2,12.1,12,12.1,12.1,12.2,12,12,12,8.17,12,12.1,12.2,12.2,12.1,12,12,12.2,12.1,8.17,12,12,12.2,12.1,12.1,12.1,12.1,12.1,12,8.17,12.1,12,12,12.1,12,12.2,11.9,12,12,8.17,12,11.9,12,12,12.1,12,11.9,12.1,12.2,8.17,12,12.1,12.1,12,12.2,12,12.1,12.1,12.1,8.17,12.2,12.1,12.1,12,12.1,12.1,12.2,12.2
0.000053,12,12.1,12.2,12.1,11.9,12.2,12.1,12.1,12,11.9,12,8.17,12,12,12.1,12,12.1,12,12.1,12.1,11.9,8.17,11.8,12,12,12,12.2,12.2,12,12,12,8.17,12.1,12.2,11.9,12,12.1,12.2,12,12,12,8.17,12,12.1,12.2,12.1,12.1,11.9,12.1,12.2,12,8.13,12,12.1,12.1,12.1,12.1,12,12.1,12.1,12,8.22,12.1,12,12,12.2,12,12.1,11.9,12,12,8.17,12,11.9,12,12.1,12.1,12,12,12.2,12.2,8.22,12,12.1,12.1,11.8,12.2,12,12,12.1,12,8.22,12.2,12.2,12.1,12,12.1,12.2,12.2,12.2
0.0000532,11.9,12.1,12.2,12.1,11.9,12.3,12.1,12.1,12,12,12.1,8.17,12,12,12.1,12,12.1,12,12.1,12.1,11.9,8.17,11.8,12.1,12,12,12.2,12.3,12,12,12,8.13,12.1,12.2,11.9,12,12.1,12.1,12,11.9,12.1,8.17,12.1,12.1,12.2,12.1,12.1,12,12.1,12.2,12,8.17,12.1,12.1,12.1,12.1,12.1,11.9,12.1,12.1,12,8.17,12.1,12,12,12.2,12.1,12.1,11.9,12,12,8.17,12.1,11.8,12,12.1,12.1,12,12,12.1,12.2,8.22,12.1,12,12.2,11.8,12.2,12,12,12.1,12,8.22,12.2,12.1,12,12,12,12.2,12.1,12.2
0.0000534,11.9,12.1,12.2,12,11.9,12.3,12,12,12,12,12.1,8.17,12,12,12,12,12.1,12,12.1,12.1,11.9,8.17,11.9,12,12,11.9,12.2,12.3,12,12,12,8.17,12,12.1,11.8,12,12.1,12.1,12.1,11.9,12.1,8.13,12.2,12,12.2,12.1,12.2,12,12.2,12.2,12,8.17,12.1,12.2,12.1,12.1,11.9,11.9,12.1,12.1,12,8.17,12,12,12,12.1,12.1,12,11.9,11.9,12,8.17,12.1,11.8,11.9,12.1,12.1,12,12,12.1,12.1,8.17,12,12,12.2,11.8,12.1,12,12.1,12.1,12,8.17,12.2,12.2,12.1,11.9,11.8,12.2,12.1,12.2
0.0000536,11.9,12.1,12,12,12,12.2,12.1,12.1,12,12.2,12.1,8.17,12,12.1,12,11.9,12.1,12,12.1,12.2,11.9,8.17,12.1,12.1,12,11.9,12.1,12.2,12,12,12,8.22,12,12.1,11.9,12,12,12,12,11.9,12.1,8.17,12.2,12,12.2,12.1,12.1,12,12.2,12.2,12.1,8.17,12.2,12.2,12,12.1,11.8,11.9,12.2,12,12,8.17,12,12,12,12.1,12,12,12,11.9,12,8.17,12,11.9,12,12.1,12,12,12,12.1,12.1,8.22,12,12,12.2,11.8,12.1,12,12.1,12.1,12,8.17,12.1,12.2,12.1,11.9,11.8,12.2,12.1,12.2
0.0000538,11.9,12.1,12,11.9,12,12.2,12,12,12,12.2,12.2,8.22,12,12,12,12,12,11.9,12.1,12.2,12,8.13,12.2,12.1,12,12,12.1,12.2,12,12,12,8.09,11.9,12.1,11.9,12,12.1,11.9,12,11.9,12.2,8.17,12.2,12,12.1,12.2,12.2,12,12.2,12.2,12.1,8.17,12.2,12.3,12,12.1,11.8,11.9,12.2,12,12,8.22,12,12,12,12.1,12.1,12.1,12.1,11.9,12,8.17,12.1,12,12.1,12.1,12,11.9,12,12,12.1,8.22,12,12.1,12.2,11.8,12.1,12,12.1,12.1,12,8.17,12.1,12.2,12,11.8,11.8,12.1,12.2,12.1
0.000054,12,12.1,12,11.9,12.1,12.2,12.1,12.1,12,12.3,12.2,8.22,12,12,12,12,12,11.9,12,12.2,12.1,8.17,12.2,12.1,12,11.9,12.1,12.2,12.1,12.1,12,8.17,12,11.9,12,12,12,11.9,12,12,12.2,8.17,12.2,12,12,12.2,12.2,12,12.1,12.1,12.2,8.17,12.2,12.2,12,12.1,11.8,12,12.2,12.1,12.1,8.13,12,12.1,12.1,12,12.2,12.1,12.1,11.9,12,8.17,12.1,12,12.1,12.1,12,12,12,12,12.1,8.22,11.9,12.1,12.2,11.9,11.9,12,12.1,12.1,12,8.17,12.1,12.2,12.1,11.9,11.8,12,12.2,12.1
0.0000542,12.1,12.1,11.9,12,12.2,12.2,12.1,12.1,12,12.2,12.2,8.17,12,12,12.1,12.1,11.9,12,12.1,12.2,12.1,8.17,12.3,12.1,12,12,12.1,12.1,12.1,12.1,11.9,8.17,12.1,11.8,12.1,12,12.1,11.9,11.9,12,12.1,8.17,12,12,12,12.2,12.2,12.1,12,12.2,12.2,8.17,12.2,12.2,12,12,12,12.1,12.2,12.1,12.1,8.17,12,12,12,11.9,12.2,12.1,12.1,12,12,8.17,12.1,12,12.2,12.1,12,12,12,12,12.1,8.22,11.8,12.2,12.2,12.1,11.9,12,12.1,12.1,12.1,8.17,12,12.2,12.1,12,11.9,12,12.3,12.1
0.0000544,12.1,12.2,11.9,12,12.2,12.1,12.2,12.1,12,12.2,12.2,8.17,12,12,12.1,12.1,11.8,12,12.1,12.2,12.2,8.22,12.3,12.1,12,12,12.1,12,12,12.1,12,8.17,12.1,11.8,12.1,12,12.1,12,12,12,12.1,8.17,12,12,12,12.2,12.1,12,12,12.2,12.2,8.17,12.2,12.2,12,12,12,12.2,12.2,12.2,12.1,8.17,12.1,12,11.9,11.9,12.2,12.2,12.1,12,12,8.22,12.1,12.1,12.2,12.1,12.1,12,12,12,12.1,8.17,11.8,12.2,12.2,12.2,11.9,12,12.1,12.1,12,8.22,12.1,12.2,12.2,12,12,11.9,12.3,12.1
0.0000546,12.1,12.2,11.9,12.1,12.2,12,12.2,12.2,12,12,12.1,8.22,12,12,12.1,12.2,11.8,12,12.1,12.1,12.2,8.22,12.2,12.1,12,12,12,11.9,12.1,12.1,11.9,8.13,12.2,11.8,12.2,12,12.1,12,11.9,12.1,12.1,8.13,11.9,12,12,12.2,12.1,12.1,11.9,12.1,12.2,8.22,12.2,12.1,12,12,12,12.2,12.1,12.2,12.2,8.17,12.1,12.1,12,11.9,12.2,12.2,12.1,12,12,8.17,12.2,12.1,12.2,12.1,12.1,12,12,11.9,12.2,8.17,11.8,12.2,12.2,12.3,11.8,12,12.1,12.1,12,8.22,12,12.1,12.1,12.1,12.1,11.9,12.3,12.1
0.0000548,12.1,12.1,12,12.1,12.2,12.1,12.2,12.1,12,11.9,12.1,8.17,12,12,12.2,12.2,11.8,12,12.1,12.1,12.2,8.17,12.2,12.1,12,12,12,12,12.1,12,12,8.13,12.2,11.9,12.1,12,12.2,12.1,12,12.2,12.1,8.17,11.9,12,12.1,12.2,12.1,12,12,12.1,12.2,8.13,12.2,12.1,12.1,12,12.1,12.2,12.1,12.1,12.1,8.17,12.2,12,11.9,11.9,12.2,12.2,12.1,12.1,12,8.17,12.1,12.1,12.2,12.2,12.1,12,12,12,12.2,8.22,11.9,12.2,12.1,12.3,11.9,12.1,12.1,12.1,12,8.22,12.1,12.1,12.1,12.1,12.2,11.9,12.3,12.1
0.000055,12.1,12.2,12,12.2,12.1,12.1,12.2,12.2,12,11.8,12,8.22,12,12.1,12.2,12.2,11.8,12,12.1,12.1,12.2,8.17,11.9,12.1,12,12,11.9,12,12.1,12,11.9,8.17,12.2,12,12.1,12,12.1,12.2,12,12.1,12.2,8.17,11.9,12,12.1,12.2,12.2,12,12,12.2,12.2,8.13,12.1,12.1,12.2,12,12.2,12.2,12,12.2,12,8.17,12.2,12,11.9,12,12.2,12.2,12,12.1,11.9,8.13,12.1,12,12.1,12.1,12.2,12,12,12,12.2,8.17,12,12.1,12.1,12.3,12,12.1,12.1,12,12.1,8.17,12.1,12,12.1,12.1,12.2,12,12.3,12.1
0.0000552,12,12.2,12,12.1,12,12.1,12.2,12.2,12,11.8,12,8.22,12,12.1,12.2,12.2,11.9,12.1,12,12.1,12.1,8.22,13.8,12.1,12,12,11.9,12.1,12.1,12,12,8.17,12.2,12,12,12,12.1,12.2,12,12.1,12.1,8.09,11.9,12,12.2,12.2,12.2,12,12,12.2,12.1,8.13,12.1,12,12.2,12.1,12.2,12.1,12,12.2,12,8.13,12.2,12,12,12,12.2,12.2,12,12.1,12,8.17,12.1,12,12.1,12.1,12.1,12,12.1,12,12.2,8.22,12.1,12.1,12.1,12.2,12,12,12.2,12,12,8.22,12.1,12,12,12,12.2,12,12.3,12.1
0.0000554,12,12.2,12,12.1,12,12.1,12.2,12.1,12.2,11.7,12,8.17,12,12,12.2,12.1,12.1,12.1,12,12.1,12.1,8.13,16,12.1,12,12,11.9,12.1,12.1,11.9,12,8.13,12.2,12.1,12,12,12.1,12.2,12.1,12.1,12.1,8.17,11.9,12.1,12.2,12.2,12.2,12,12.1,12.2,12.1,8.13,12.1,12.1,12.3,12.1,12.1,12.1,12.1,12.2,12,8.13,12.2,12.1,11.9,12,12.1,12.2,12,12.1,12,8.17,12.8,12,12,12.1,12.1,12,12.1,12,12.2,8.17,12.1,12,12.1,12.1,12.2,12.1,12.2,12,12,8.17,12.2,12,12,12,12.2,12.1,12.3,12.1
0.0000556,12.1,12.2,12,12,12,12.2,12.2,12.1,14.5,11.8,12,8.17,12,12.1,12.2,12.1,12,12,12,12.1,12.1,8.17,16.1,12.1,12,12,11.9,12.2,12,11.9,12,8.17,12.1,12.1,11.9,12,12.2,12.2,12,12,12.1,8.13,12,12.1,12.1,12.2,12.3,12,12.1,12.2,12.1,8.17,12.1,12,12.3,12.1,12,12,12.1,12.2,11.9,8.17,12.2,12.1,12,12,12.1,12.1,12.1,12.1,12,8.17,15.3,12,12,12.1,12.1,12,12.1,12,12.2,8.17,12.1,12,12.1,12,12.1,12,12.2,12,12,8.17,12.2,12,12,12,12.1,12.1,12.2,12.2
0.0000558,12,12.1,12,12,12,12.2,12.1,12.1,16,11.9,12,8.13,12,12.1,12.1,12.1,12.1,12,12,12.1,12.1,8.22,16,12.1,12.1,11.9,11.9,12.2,12,11.9,12,8.09,12.1,12.1,11.9,12.1,12.1,12.2,12.1,12,12.1,8.13,12.1,12.2,12.2,12.2,12.3,12,12,12.2,12.1,8.17,12,12,12.2,12,12,12,12.2,12.1,11.9,8.17,12.2,12.1,12,12,12.1,12.1,12.1,11.9,11.9,8.17,16.1,12,12,12.1,12.2,12,12.1,12,12.2,8.17,12.1,12,12.1,11.9,12.2,12.1,12.2,12,12.1,8.17,12.2,12.1,12,12,12.1,12.1,12.2,12.1
0.000056,12,12.1,12,12,13,12.2,12.1,12,16,12,12.1,8.17,12,12.1,12.1,12.1,12.1,12,12,12.2,12.1,8.22,16,12.1,12,11.9,12,12.2,11.9,12,12,8.17,12,12.1,12,12,12.1,12.1,12.1,12,11.8,8.13,12.1,12.2,12.2,12.2,12.3,12,12,12.2,12.1,8.17,12.1,12.1,12.1,12.1,11.9,12.1,12.2,12.1,11.9,8.13,12.1,12,12,12,12.1,12.1,12.2,12,12,8.17,16,12,12,12,12.2,12,12,12,12.2,8.17,12.1,12,12.2,11.9,12.1,12,12.2,13.2,12,8.13,12.3,12.2,12,12,12,12.1,12.2,12.2
0.0000562,12,12.2,12,11.9,15.4,12.2,12.1,12,16,12.1,12.1,8.17,12,12.1,12.1,12,12.1,12,12,12.2,12,8.17,16,12.1,12,12,12.1,12.2,11.9,12,12,8.13,11.9,12.1,11.9,12,12.1,12,12.1,12,13.8,8.13,12.1,12.2,12.2,12.2,12.2,12,12.1,12.2,12.1,8.17,12,12.1,12,12.1,11.9,12.1,12.5,12.1,12,8.13,12,12,12.1,12,12.1,12.1,12.1,11.9,11.9,8.13,16,11.9,12.1,12,12.1,12,12,12,12.2,8.17,12,12,12.2,11.8,12,12,12.1,15.8,12,8.17,12.3,12.2,12,12,12,12.1,12.1,12.1
0.0000564,12,12.2,12,11.9,16,12.2,12.1,12,16,12,12.1,8.17,12,12.1,12.1,12,12,12,12,12.2,12,8.22,16.1,12.1,12,11.9,12.2,12.2,11.9,12.1,11.9,8.17,12,12.1,11.9,12,12.1,12,12.1,12,16,8.17,12.1,12.2,12.1,12.2,12.2,12,12.1,12.2,12.1,8.17,12,12.1,12,12,12,12.1,15,12.1,12,8.17,12,12,12,12.1,12.1,12.1,12.1,11.9,12,8.13,16.1,12,12.2,12,12.1,12,12,12,12.1,8.17,11.9,12,12.2,11.9,12,12,12.1,16.1,12,8.17,12.2,12.2,12,12,12,12.1,12,12.1
0.0000566,12,12.1,12,11.9,16,12.2,12,12,16,12.1,12.2,8.22,12,12.1,12,12,12,12,12,12.2,12,8.17,16.1,12.1,12.1,12,12.2,12.2,12,12.2,12,8.17,12.1,12,11.9,12.1,12.1,11.9,12.1,11.9,16,8.13,12.1,12.1,12.1,12.2,12,12,12.1,12.2,12.1,8.13,12.1,12.2,12,12,12.1,12.2,16,12.1,12,8.13,12,12,12,12,12.1,12,12.1,11.9,12,8.17,16.1,12,12.2,11.9,12.1,11.9,12,12,12.1,8.17,11.9,12.1,12.2,12,12,11.9,12,16,12,8.22,12.2,12.2,12.1,11.9,12,12.1,12,12
0.0000568,12,12.2,12.1,12,16.1,12.2,12.1,12.1,16.1,12.1,12.2,8.22,12,12.1,12.1,12,11.9,12,12,12.2,12,8.22,16,12.1,12,12,12.2,12.2,12,12.2,12,8.09,12.1,12,11.9,12,12,11.9,12,12,16,8.17,12.1,12,12,12.1,11.9,12.1,12.1,12.2,12.2,8.13,12.1,12.2,12,11.9,11.9,12.2,16,12.1,12,8.17,12.1,11.9,12,12,12.1,12.1,12,11.9,12,8.13,16.1,12,12.3,12,12,11.9,11.9,12,12,8.17,11.9,12.1,12.1,12,12,12,11.9,16,12,8.17,12.1,12.2,12,12,12,12.1,12,12
0.000057,12,12.2,12.1,12,16.1,12.2,12.1,12,16.1,12.1,12.2,8.17,12,12,12.1,12,11.9,12,12,12.2,12.1,8.17,16.1,12.1,12,12,12.1,12.1,12.1,12.2,11.9,8.17,12.2,11.9,11.9,12,12.1,12,12,12,16,8.13,12,12,12,12.1,11.9,12,12.1,12.2,12.2,8.17,12,12.2,12.1,11.9,12,12.2,16,12.1,12.1,8.13,12.1,11.9,12.1,12,12.1,12.1,12,11.9,12,8.17,16,12.1,12.2,12.1,12.1,11.9,12,12,12.1,8.17,11.8,12.2,12.1,12.1,12,12,12,16.1,12,8.17,12,12.2,12,12,12.1,12.1,12.1,12
0.0000572,12,12.2,12.1,12,16,12.2,12.1,12.1,16.1,12.1,12.1,8.17,12,12.1,12.1,12.1,11.9,12,12.1,12.2,12,8.17,16.1,12.2,12.1,12,12.1,12,12.1,12.2,12,8.17,12.2,12,12,12,12.1,12.1,12,12,16.1,8.13,12,12,12,12.1,11.9,12.1,12,12.2,12.2,8.13,12,12.2,12.1,11.9,12,12.1,16,12.1,12,8.17,12.1,11.9,12.1,12,12.1,12.2,12,11.9,12,8.17,16.1,12,12.2,12.1,12,11.8,12,12.1,12.1,8.17,11.9,12.1,12.1,12.2,12,12,11.9,16,12,8.17,12,12.2,12,12,12.1,12,12.2,12.1
0.0000574,12,12.2,12,12.1,16.1,12.2,12.2,12.1,16.1,12,12.1,8.13,12,12,12.2,12,11.9,12,12.1,12.1,12.1,8.17,16.1,12.2,12,12,12,12,12.2,12.1,11.9,8.22,12.2,12,11.9,12.1,12.1,12.1,12,12.1,16.1,8.17,12,11.9,12,12.1,11.9,12,12,12.1,12.2,8.17,12,12.2,12.2,11.9,12,12,16,12.1,12,8.13,12.2,11.9,12.1,12,12.2,12.1,11.9,12,12,8.17,16.1,12,12.1,12.2,12.1,11.8,12,12,12.2,8.13,12,12.1,12.1,12.2,12,12,12,16.1,12,8.13,12,12.1,12,12,12.2,12,12.2,12.1
0.0000576,12,12.2,12,12.1,16,12.1,12.2,12.1,16.1,12,12.1,8.17,12,12,12.2,12.1,12,12,12.1,12.1,12.1,8.17,16.1,12.2,12.1,12,11.9,12.1,12.2,12.1,12,8.17,12.2,12,12,12,12.1,12.1,12,12.1,16.1,8.13,11.9,11.9,12,12.2,12,12,12,12.2,12.1,8.17,12,12.1,12.2,12,12,12,16.1,12.1,12,8.17,12.2,12,12.1,11.9,12.1,12.2,12,12.1,12,8.17,16.1,12,11.9,12.2,12.1,11.9,12,12,12.3,8.17,12,12.1,12.1,12.2,11.9,12.1,12,16,12,8.17,12,12.1,12,12,12.2,12,12.3,12.1
0.0000578,12.1,12.2,12,12.1,16.1,12.1,12.2,12.1,16.1,12,12,8.17,12.1,12,12.1,12.1,12,12.1,12.1,12.1,12,8.17,16.1,12.2,12,12,11.8,12.1,12.2,12,12,8.13,12.2,12,12.1,12,12.1,12.2,12,12.1,16.1,8.13,12,11.9,12.1,12.2,12.1,12,12,12.2,12.1,8.13,12.1,12.1,12.2,12,12,11.9,16,12.2,12,8.17,12.2,12.2,12.1,12,12.1,12.1,12,12.1,12,8.17,16,12,11.9,12.2,12.1,11.8,12,12,12.2,8.22,12,12.2,12.1,12.2,12,12.1,12.1,16.1,12,8.13,12,12.1,12,12,12.2,12,12.3,12
0.000058,12.1,12.2,12.1,12,16.1,12,12.2,12.1,16.1,12,12.1,8.22,12,11.9,12.1,12.1,12,12.1,12,12.1,12.1,8.17,16.1,12.1,12,12,11.8,12.1,12.1,12,12,8.13,12.2,12,12.1,12.1,12.2,12.1,12,12.1,16.1,8.13,12,12,12.1,12.2,12.1,12,12,12.2,12.1,8.17,12.1,12.1,12.2,12,12,11.9,16.1,12.2,12,8.13,12.2,12.2,12,12,12.1,12.2,12,12.1,12,8.17,16.1,12.1,11.8,12.2,12.2,11.9,12,12,12.3,8.17,12,12.1,12.1,12.2,12,12.1,12.1,16.1,12,8.22,12.1,12.1,12,12,12.1,12,12.4,12.1
0.0000582,12.1,12.2,12,12,16.1,11.9,12.2,12.1,16.1,12,12,8.17,12,11.9,12.2,12.1,12,12.2,12,12.1,12,8.17,16.1,12.1,12,12,11.8,12.1,12,12,12,8.17,12.1,11.9,12.1,12.1,12.2,12.1,12.1,12.1,16.1,8.17,12,12,12.1,12.2,12.2,11.9,12,12.2,12.1,8.13,12.2,12.1,12.2,12,12,12,16.1,12.2,11.9,8.17,12.2,12.2,12,12,12.1,12.1,12,12.1,12,8.17,16.1,12.1,11.8,12.2,12.1,12.1,12,12,12.2,8.17,12,12.1,12.1,12.1,12.1,12.2,12.2,16.1,12.1,8.17,12.2,12.1,12,12,12.1,12,12.4,12.1
0.0000584,12.1,12.1,12.1,12,16.1,12,12.2,12,16.1,12,12,8.17,12,12,12.2,12.2,12,12.2,12,12.1,12,8.22,16.1,12,12,12,11.8,12.1,12,12,12,8.17,12.1,12,12.1,12.1,12.2,12.2,12.1,12.1,16.1,8.13,12,12.1,12.2,12.2,12.1,11.9,12,12.1,12.1,8.13,12.2,12.1,12.2,12.1,12,12,16,12.2,12,8.13,12.1,12.2,12,12,12,12.1,12,12,12,8.17,16.1,12.1,11.9,12.1,12.1,12.1,12,12,12.2,8.22,12.1,12,12.1,12,12.1,12.2,12.2,16.1,12.1,8.22,12.2,12.1,12,12,12.1,12,12.3,12.1
0.0000586,12.1,12.1,12.1,12,16.1,12,12.2,12,16.1,12,12.1,8.13,11.9,11.9,12.1,12.2,12,12.1,12,12.2,12,8.17,16.1,12,12,11.9,11.9,12.1,11.9,12,12,8.17,12.1,12,12.1,12.1,12.1,12.2,12,12.1,16.1,8.17,12,12.1,12.2,12.2,12.1,12,12,12.1,12.1,8.13,12.2,12.1,12.2,12.1,12.1,12,16,12.2,12,8.13,12.2,12.2,12,12,12.1,12.1,12,12,12,8.17,16.1,12.1,12,12,12.1,12.1,12,12,12.2,8.17,12,12,12.1,12,12.1,12.2,12.2,16.1,12.1,8.17,12.2,12.1,12,12,12.1,12.1,12.2,12.1
0.0000588,12,12.1,12.1,12,16.1,12.1,12.2,12,16.1,12,12.1,8.17,11.9,12,12.1,12.1,12,12.1,12,12.2,12,8.17,16.1,11.9,12,11.9,12,12.1,11.9,12.1,12,8.13,12.1,12.1,12.1,12,12.1,12.2,12,12.1,16.1,8.13,12,12.2,12.2,12.2,12.1,12.1,12,12.1,12.1,8.13,12.2,12.1,12.2,12.1,12.1,12.1,16,12.2,12,8.13,12.1,12.1,11.9,12,12.1,12.1,12,12,11.9,8.22,16.1,12,12.1,12,12.1,12.1,12,12,12.1,8.17,12,12,12.2,12,12.1,12.1,12.2,16.1,12.1,8.22,12.2,12.2,12,12,12,12.1,12.1,12.1
0.000059,12.1,12.1,12.1,12,16.1,12.2,12.1,12,16.1,12,12.1,8.22,12,12,12.1,12.1,11.9,12,12.1,12.2,12,8.22,16.1,12,12.1,11.9,12,12.2,11.9,12.2,11.9,8.13,12.1,12.1,12,12,12.1,12.1,12,12,16.1,8.17,12,12.2,12.2,12.1,12,12.1,12.1,12,12.1,8.17,12.2,12.1,12.2,12.1,12,12.1,16.1,12.2,12,8.13,12.1,12,11.8,12,12.1,12.1,12.1,11.9,11.9,8.13,16.1,12,12.2,12,12.1,12.1,11.9,12.7,12,8.17,12,12.1,12.1,12,12.1,12.1,12.2,16.1,12,8.22,12.2,12.2,12.1,12,12,12.1,12.1,12.1
0.0000592,12,12.2,12.1,12,16.1,12.2,12.1,12,16.1,12.1,12.1,8.17,12,12,12,12,12,11.9,12.1,12.2,12,8.17,16.1,12,12,12,12.1,12.2,12,12.1,11.9,8.17,12,12,12,11.9,12.1,12.1,12,12,16.1,8.13,12,12.2,12.2,12.1,12,12.1,12.1,12.1,12.1,8.09,12.1,12.1,12.1,12.1,12,12.1,16.1,12.2,12,8.17,12,11.9,11.8,12.1,12.1,12,12,11.9,12,8.17,16.1,12,12.2,12,12.1,12.2,11.9,15,12,8.17,12,12,12.1,11.9,12.1,12,12.1,16.1,12.1,8.17,12.2,12.2,12.1,12,12,12.2,12.1,12.1
0.0000594,12.1,12.1,12,12,16.1,12.3,12.1,12,16.1,12.1,12.2,8.17,11.8,12,12.1,11.9,11.9,11.9,12.2,12.1,12,8.13,16.1,12.1,12.1,12,12.1,12.2,12,12.1,11.9,8.17,11.9,12.1,12,11.9,12.1,12.1,12,12,16.1,8.09,12.1,12.1,12.2,12.1,12.1,12.2,12.1,12.1,12.2,8.13,12,12.1,12.1,12.1,12,12.1,16.1,12.2,12,8.17,12,11.9,12,12,12.1,12.1,12.1,12,12,8.13,16.1,12,12.2,12,12.1,12.1,12,16,12,8.13,12,12.1,12.1,12,12.1,11.9,12.1,16.1,12.1,8.13,12.1,12.2,12.1,11.9,12,12.1,12.1,12.1
0.0000596,12.1,12.2,12.1,12.2,16,12.2,12.3,11.9,16.1,12.1,12.2,8.17,11.9,12,12.1,11.9,11.9,11.9,12.2,12.2,12,8.13,16.1,12.1,12,12,12.1,12.2,12.1,12,11.9,8.17,12,12.2,12,11.9,12.1,12.1,12,12,16,8.13,12,12.1,12.1,12.1,12.2,12.2,12.1,12.2,12.2,8.13,12.2,12.2,12.1,13.1,12,12,16,12.2,12.1,8.13,12.1,11.9,12,12,12.2,12.1,12.5,12,12,8.17,16.2,12,12.2,12,11.8,12,12,16.1,12.1,8.17,12,12.1,12.2,12.1,12.1,11.9,12,16.1,12,8.17,12.2,12.2,12.2,11.9,12,12.1,12.1,12.1
0.0000598,12.1,12.1,12.1,14.6,16.1,12.2,14.3,12,16.1,13.4,12.2,8.17,12,12,13.8,11.9,11.9,13.4,12.2,12.2,12.2,8.17,16.1,12.1,12,12,12.1,12.1,12.2,12,12,8.17,12,13.7,12,11.9,13.3,12,12.1,12.3,16.1,8.17,12.1,12,12.3,12,12.2,12.8,12.1,12.2,12.8,8.17,14.1,12.2,12.1,15.6,12,12,16.1,12.2,12.1,8.13,12.8,12,12.1,12.7,12.1,12.1,13.8,12,12,8.17,16.1,13.1,12.2,12.1,14.3,12,12,16,12.1,8.17,12,12.1,12.1,12,12,11.9,13.1,16.1,12.1,8.17,14.3,12.2,12.2,11.9,12,12.1,12.2,12
0.00006,12.1,12.2,12.1,16.1,16.1,12.2,16,12,16.1,15.9,12.1,8.13,12.1,12,15.9,11.8,11.9,15.9,12.2,12.1,14.5,8.22,16.1,12.2,12,13.7,12.1,12.1,14.7,12,12,8.13,12,15.9,11.9,12.1,15.6,12,12.1,14.7,16.1,8.13,12,12,14.5,12.1,12.2,15.5,12.1,12.2,15.3,8.13,16,12.2,12.1,16,12,12.2,16.1,12.2,13.8,8.13,14.9,12,12.1,15.2,12.1,12.1,15.9,12.1,12.1,8.17,16.1,15.8,12,12.1,16,12,12.3,16,12.1,8.22,12.2,12.2,12.2,13.8,12,11.9,15.7,16.1,12.2,8.17,16,12.1,12.9,11.9,12.1,13.5,12.2,12
0.0000602,12.1,12.2,13.5,16,16.1,12.3,16,12.1,16.1,16.1,12.1,8.17,12,12.8,16.1,12,12.1,16,12.1,12.1,16,8.17,16.1,12.1,12.1,15.9,12,12.1,16.1,12,12.2,8.13,12.6,16,12,12.5,16,12,12.1,16,16.1,8.13,12,12,16,12.1,12.2,16,12.1,12.2,16.1,8.17,16,12.2,12.8,16,12,14.7,16.1,12.2,15.9,8.17,16,12.2,12.1,16,12.1,12.1,16.1,12.1,12.4,8.17,16.1,16.1,12.1,12.3,16,12,13.6,16.1,12.8,8.13,14.3,12.2,12.2,16,12,12,16.1,16.1,12.8,8.17,16.1,12.1,15.1,12,12,15.9,12.3,12
0.0000604,12.1,12.1,15.9,16,16.1,14.7,16.1,12.1,16.1,16,12.1,8.22,12.1,15.2,16.1,12,14.3,16,12.1,12.8,16.1,8.17,16.1,12.1,12.8,16,12,13,16.1,11.9,12.5,8.13,14.8,16,12,14.9,16,12,13.1,16,16.1,8.13,12,12.6,16.1,12.1,13.4,16,12.1,13.9,16,8.09,16,12.1,14.9,16.1,12,16,16.1,12.5,16,8.17,16.1,12.2,13.5,16,12.1,13.5,16,12.1,14.3,8.13,16.1,16,12,14.5,16.1,12,15.9,16,15.5,8.17,16,12.1,12.1,16.1,12,13.1,16.1,16.1,15.4,8.17,16.1,12.1,16.1,12,12.1,16,12.3,12
0.0000606,12.1,12.5,16,16,16.1,16,16,12.2,16.1,16,12.1,8.17,12.2,16,16,12.1,16,16.1,11.9,15.3,16.1,8.17,16,12.1,14.9,16.1,12,15.6,16,12,15,8.17,16,16.1,12,16,16.1,12,15.6,16.1,16.1,8.13,12,15.3,16,12.1,15.9,16,12,15.9,16.1,8.13,16,12.2,16,16.1,12.2,16,16.1,13.9,16.1,8.13,16,12.2,15.9,16.1,12.1,15.9,16.1,12.1,16,8.17,16.1,16,12,16,16,12.1,16,16.1,16,8.17,16.1,12.1,13.8,16,12,15.6,16,16.1,16,8.17,16.1,12.1,16,12,13.1,16,12.3,12
0.0000608,12.1,14.9,16,16.1,16.1,16,16.1,13.7,16.1,16.1,12.3,8.17,13.7,16.1,16.1,13.3,16,16,12,16,16.1,8.17,16.1,12.2,16,16.1,11.9,16,16.1,12,16,8.13,16,16.1,13.6,16.1,16,11.7,16,16,16.1,8.09,12.2,16.1,16.1,12.2,16.1,16.1,12.5,16,16.1,8.13,16,12.5,16,16.1,14.4,16.1,16.1,16,16,8.13,16,12.5,16,16.1,12.2,16,16,13,16,8.17,16.1,16.1,12.8,16.1,16.1,14.3,16.1,16.1,16,8.22,16.1,12.1,16,16,12,16,16.1,16.1,16.1,8.17,16.1,14.3,16.1,12,15.6,16.1,12.2,12
0.000061,12,16,16.1,16.1,16.1,16,16.1,15.9,16.1,16,14.3,8.17,15.9,16.1,16,15.8,16.1,16.1,13.6,16.1,16.1,8.17,16.1,13.4,16,16.1,12.8,16.1,16,13.2,16,8.13,16.1,16.1,15.9,16.1,16.1,13.9,16.1,16.1,16.1,8.13,13.7,16.1,16,13.4,16,16,14.8,16.1,16,8.09,16,14.9,16.1,16,16,16,16.1,16.1,16.1,8.17,16.1,14.5,16,16,14.4,16.1,16.1,15.6,16.1,8.17,16.1,16.1,14.9,16,16,16,16,16,16.1,8.22,16.1,11.7,16,16,14.3,16.1,16,16.1,16,8.17,16.1,16,16.1,12.7,16,16.1,12.2,12
0.0000612,12.1,16,16.1,16.1,16.1,16.1,16,16,16.1,16.1,16,8.22,16.1,16,16.1,16,16.1,16.1,15.9,16.1,16.1,8.17,16.1,15.9,16.1,16,14.8,16.1,16.1,15.6,16,8.17,16.1,16,16,16.1,16.1,16,16,16,16.1,8.17,15.9,16.1,16.1,15.9,16.1,16.1,16,16,16.1,8.13,16,16.1,16.1,16.1,16.1,16.1,16.1,16.1,16.1,8.13,16.1,16,16.1,16.1,15.9,16.1,16.1,16,16.1,8.22,16.1,16.1,16,16,16.1,16,16.1,16,16.1,8.22,16,13.9,16,16.1,16,16,16,16.1,16,8.22,16.1,16,16.1,14.8,16,16.1,12.2,12.1
0.0000614,12.1,16.1,16,16.1,16.1,16.1,16.1,16.1,16.1,16.1,16.1,8.17,16.1,16.1,16.1,16.1,16,16,16,16.1,16.1,8.13,16.1,16.1,16.1,16.1,16,16,16.1,16,16.1,8.13,16,16.1,16,16,16,16,16,16,16.1,8.13,16.1,16,16.2,16,16,16.1,16,16.1,16.1,8.13,16.1,16,16,16.1,16.1,16.1,16.1,16.1,16.1,8.17,16.1,16,16,16.1,16.1,16.1,16.1,16.1,16.1,8.22,16.1,16,16,16.1,16.1,16,16.1,16.1,16,8.17,16.1,16,16.1,16.1,16.1,16.1,16,16.1,16.1,8.17,16.1,16.1,16.1,16,16,16,12.2,12
0.0000616,12,16.1,16.1,16.1,16.1,16,16.1,16,16.1,16.1,16,8.13,16.1,16.1,16.1,16,16.1,16.1,16.1,16,16,8.17,16.1,16.1,16.1,16.1,16.1,16.1,16.1,16.1,16,8.17,16.1,16.1,16,16,16.1,16.1,16.1,16.1,16.1,8.09,16,16.1,16.1,16.1,16,16.1,16,16,16.1,8.17,16.1,16,16.1,16.1,16.1,16.1,16.1,16,16,8.13,16.1,16.1,16.1,16.1,16.1,16,16.1,16,16,8.17,16.1,16.1,16,16.1,16,16.1,16.1,16.1,16.1,8.22,16,16,16.1,16.1,16.1,16,16,16.1,16.1,8.22,16.1,16.1,16,16.1,16.1,16,12.1,12
0.0000618,12,16,16,16.1,16.1,16.1,16.1,16,16.1,16.1,16,8.13,16,16,16.1,16.1,16.1,16.1,16.1,16,16.1,8.13,16,16.1,16.1,16.1,16.1,16.1,16.1,16.1,16.1,8.17,16.1,16.1,16.1,16.1,16.1,16,16,16.1,16.1,8.17,16,16,16,16,16,16.1,16.1,16.1,16,8.13,16,16.1,16.1,16,16.1,16,16.1,16.1,16.1,8.13,16.1,16.1,16,16.1,16.1,16.1,16.1,16,16.1,8.17,16.1,16.1,16.1,16.1,16.1,16,16.1,16.1,16.1,8.17,16.1,16.1,16,16.1,16.1,16,16.1,16.1,16.1,8.17,16.1,16,16.1,16.1,16,16.1,12.1,12
0.000062,12,16.1,16.1,16.1,16.1,16.1,16.1,16,16.1,16,16.1,8.13,16.1,16,16.1,16,16.1,16.1,16,16.1,16.2,8.13,16.1,16.1,16.1,16.1,16.1,16,16.1,16.1,16,8.13,16.1,16.1,16.1,16,16.1,16.1,16,16.1,16.2,8.13,16.1,16.1,16.1,16,16,16.1,16,16.1,16.1,8.13,16.1,16,16,16,16,16.1,16.1,16.1,16.1,8.17,16.1,16,16,16.1,16.1,16,16.1,16,16,8.17,16.1,16.1,16.1,16.1,16.1,16,16.1,16.1,16,8.22,16.1,16,16,16.2,16.1,16,16,16.1,16.1,8.13,16,16.1,16,16,16.1,16,12,12.1
0.0000622,12,16.1,16.1,16,16.1,16.1,16.1,16.1,16.1,16.1,16,8.09,16.1,16.1,16.1,16,16.1,16.1,16.1,16.1,16,8.13,16.1,16,16.1,16.1,16,16.1,16.1,16.1,16.1,8.13,16,16,16,16.1,16.1,16,16,16,16.1,8.13,16,16.1,16.1,16.1,16.1,16.1,16.1,16,16.1,8.09,16.1,16,16.1,16.1,16,16.1,16.1,16,16.1,8.13,16.1,16.1,16.1,16.1,16.1,16.1,16.1,16,16.1,8.17,16.1,16.1,16.1,16.1,16.1,16,16,16.1,16.1,8.22,16.1,16.1,16.1,16.1,16.1,16.1,16.1,16.1,16.1,8.17,16.1,16.1,16.1,16.1,16,16,12.2,12
0.0000624,12.1,16.1,16,16.1,16.1,16.1,16.1,16.1,16.1,16,16,8.17,16,16,16.1,16.1,16.1,16,16,16.1,16.1,8.17,16.1,16.1,16.1,16.1,16.1,16.1,16.1,16,16,8.13,16.1,16.1,16.1,16,16.1,16.1,16.1,16.1,16.1,8.13,16.1,16,16.1,16.1,16.1,16.1,16,16,16.1,8.13,16.1,16.1,16.1,16.1,16.1,16,16.1,16,16.1,8.09,16.1,16,16,16,16.1,16.1,16.1,16,16.1,8.17,16.1,16.1,16.1,16.1,16.1,16,16.1,16.1,16.1,8.17,16.1,16.1,16,16.1,16.1,16.1,16.1,16.2,16.1,8.17,16.1,16.1,16.1,16.1,16,16.1,12.1,12
0.0000626,12,16.1,16.1,16.1,16.1,16.1,16.1,16,16.1,16.1,16.1,8.17,16,16,16.1,16.1,16.1,16,16,16.1,16,8.17,16.1,16.1,16.1,16.1,16.1,16.1,16.1,16.1,16.1,8.17,16.1,16,16,16.1,16.1,16,16.1,16.1,16.1,8.13,16.1,16.1,16.1,16.1,16.1,16.1,16.1,16.1,16.1,8.13,16.1,16.1,16.1,16.1,16.1,16.1,16.1,16.1,16.1,8.17,16.1,16,16.1,16.1,16.1,16.1,16.1,16.1,16.1,8.17,16.1,16.1,16,16.1,16,16.1,16.1,16.1,16.1,8.17,16.1,16.1,16.1,16.1,16,16,16,16.1,16.1,8.13,16.1,16.1,16,16.1,16.1,16.1,12.1,12.1
0.0000628,12,16.1,16.1,16.1,16.1,16.1,16.1,16.1,16.1,16.1,16.1,8.17,16.1,16.1,16.1,16.1,16.1,16.1,16.1,16.1,16.1,8.13,16.1,16.1,16.1,16.1,16.1,16.1,16.1,16.1,16.1,8.13,16.1,16.1,16,16.1,16.1,16.1,16.1,16,16.1,8.13,16,16,16,16,16.1,16.1,16.1,16.1,16,8.17,16.1,16,16.1,16,16.1,16.1,16.1,16.1,16.1,8.13,16.1,16.1,16.1,16.1,16.1,16.1,16.1,16.1,16.1,8.17,16.1,16.1,16.1,16.1,16.1,16.1,16.1,16,16.1,8.17,16.1,16.1,16.1,16,16.1,16,16,16.1,16.1,8.17,16.1,16.1,16.1,16.1,16,16.1,12.1,12
0.000063,12.1,16.1,16,16,16.1,16.1,16.1,16,16.1,16.1,16.1,8.17,16.1,16,16.1,16.1,16,16.1,16.1,16.1,16.1,8.13,16.1,16.1,16.1,16.1,16.1,16,16.1,16.1,16.1,8.13,16,16.1,16.1,16.1,16,16.1,16.1,16.1,16.1,8.13,16,16.1,16.2,16.1,16.1,16,16.1,16.1,16.1,8.13,16.1,16,16.1,16.1,16.1,16.1,16.1,16.1,16.1,8.17,16.1,16.1,16.1,16.1,16.1,16.1,16.1,16.1,16,8.17,16.1,16.1,16.1,16.1,16.1,16.1,16.1,16.1,16.1,8.17,16.1,16,16,16.1,16.1,16.1,16.1,16.1,16.1,8.22,16.1,16.1,16.1,16.1,16,16,12.2,12
0.0000632,12.1,16.1,16.1,16.1,16.1,16.1,16.1,16.1,16.2,16.1,16.1,8.17,16,16.1,16.1,16.1,16.1,16.1,16.1,16.1,16.1,8.22,16.1,16.1,16.1,16.1,16,16.1,16.1,16,16.1,8.13,16.1,16.1,16.1,16.1,16.1,16,16.1,16,16.1,8.13,16,16.1,16.1,16.1,16.1,16.1,16.1,16.1,16.1,8.13,16.1,16.1,16.1,16.1,16.1,16.1,16.1,16.1,16,8.13,16.1,16.1,16.1,16.1,16.1,16.1,16.1,16.1,16.1,8.17,16.1,16.1,16.1,16.1,16.1,16.1,16.1,16.1,16.1,8.17,16.1,16.1,16.1,16.1,16.1,16,16.1,16.1,16.1,8.22,16.1,16.1,16.1,16.1,16.1,16.1,12.2,11.9
0.0000634,12.1,16.1,16.1,16.1,16.2,16.1,16.1,16.1,16.1,16.1,16.1,8.17,16.1,16.1,16.1,16.1,16.1,16.1,16,16.1,16.1,8.13,16.1,16.1,16.1,16.1,16.1,16.1,16.1,16.1,16,8.13,16.1,16.1,16.1,16.1,16.1,16.1,16.1,16,16.1,8.17,16,16.1,16.1,16.1,16.1,16.1,16.1,16.1,16,8.13,16.1,16.1,16.1,16.1,16.1,16.1,16.1,16.1,16.1,8.13,16.1,16,16.1,16.1,16.1,16.1,16.1,16,16.1,8.13,16.1,16.1,16.1,16.1,16.1,16.1,16,16.1,16.1,8.13,16.1,16.1,16.1,16.1,16.1,16.1,16.1,16.1,16.1,8.17,16.1,16.1,16.1,16.1,16.1,16.1,12.2,12
0.0000636,12.1,16,16.1,16.1,16.1,16.1,16.1,16,16.1,16.1,16.1,8.17,16,16.1,16.1,16.1,16,16.1,16.1,16,16.1,8.13,16.1,16.1,16.1,16,16.1,16.1,16.1,16.1,16.1,8.13,16.1,16.1,16.1,16.1,16.1,16.1,16,16.1,16.1,8.13,16,16,16.1,16.1,16.1,16.1,16.1,16.1,16.1,8.17,16.1,16.1,16.1,16.1,16.1,16.1,16.1,16.1,16.1,8.13,16.1,16.1,16.1,16.1,16.1,16.1,16.1,16,16.1,8.17,16.1,16.1,16.1,16.1,16.1,16,16.1,16.1,16.1,8.26,16.1,16.1,16,16.1,16.1,16,16.1,16.2,16.1,8.22,16.1,16,16.1,16.1,16.1,16.1,12.2,11.8
0.0000638,12.1,16.1,16.1,16.1,16.1,16.2,16.1,16.1,16.1,16.1,16.1,8.17,16.2,16.1,16.1,16.1,16.1,16.1,16.1,16.1,16.1,8.17,16.1,16.1,16.1,16,16,16.1,16.1,16.1,16.1,8.17,16.1,16,16.1,16.1,16.1,16.1,16.1,16.1,16.1,8.13,16.1,16.1,16.1,16.1,16,16.1,16.1,16.1,16.1,8.13,16.1,16,16.1,16.1,16.1,16.1,16.1,16.1,16.1,8.13,16.1,16.1,16.1,16.1,16.1,16.1,16,16.1,16.1,8.26,16.1,16.1,16.1,16.1,16.1,16.1,16.1,16.1,16.1,8.3,16.1,16.1,16.1,16.1,16.1,16.1,16.1,16.1,16.1,8.26,16,16.1,16.1,16.1,16.1,16.1,12.2,11.8
0.000064,12.1,16.1,16.1,16.1,16,16.1,16.1,16.1,16.2,16.1,16,8.17,16.1,16.1,16.1,16.1,16.1,16.1,16.1,16.1,16.1,8.17,16.1,16.1,16.1,16.1,16.1,16.1,16.1,16,16,8.3,16.1,16.1,16.1,16.1,16.1,16.1,16.1,16.1,16.1,8.13,16.1,16.1,16.1,16,16.1,16.1,16.1,16.1,16.1,8.09,16.1,16.1,16.2,16.1,16.1,16.1,16.1,16.1,16,8.22,16.1,16.1,16.1,16,16.1,16.1,16.1,16.1,16.1,8.35,16.1,16,16.1,16.1,16.1,16.1,16.1,16.1,16.1,8.3,16.1,16.1,16.1,16.1,16.1,16.1,16.1,16.1,16.1,8.35,16.1,16,16.1,16.1,16.1,16.1,12.2,11.8
0.0000642,12.1,16.1,16,16.1,16.1,16.1,16.1,16.1,16,16.1,16.1,8.22,16.1,16.1,16.1,16.1,16.1,16.1,16.1,16.1,16.1,8.17,16.1,16.1,16.1,16.1,16.1,16.1,16.1,16.1,16.1,8.3,16.1,16.1,16.1,16.1,16.1,16,16.1,16.1,16.1,8.17,16.1,16.1,16.1,16.1,16.1,16.1,16.1,16.1,16.1,8.13,16.1,16.1,16.1,16.1,16.1,16.1,16.1,16.1,16,8.17,16.1,16.1,16.1,16.1,16.1,16.1,16.1,16,16.1,8.35,16.1,16.1,16.1,16.1,16.1,16.1,16.1,16.1,16.1,8.39,16.1,16,16.1,16.1,16.1,16.1,16,16.1,16.1,8.39,16.1,16.1,16.1,16,16.1,16.1,12.2,11.9
0.0000644,12,16.1,16.1,16.1,16.1,16.1,16.1,16,16.1,16.1,16.1,8.3,16.2,16.1,16.1,16.1,16.1,16.1,16.1,16.1,16.1,8.17,16.1,16.1,16.1,16.1,16.1,16.1,16.1,16.1,16.1,8.39,16.1,16.2,16.1,16.1,16.1,16.1,16.1,16.1,16.1,8.22,16.1,16.1,16.1,16.1,16.1,16.1,16.1,16.1,16.1,8.13,16.1,16.1,16.1,16.1,16.1,16.1,16.1,16.1,16.1,8.13,16.1,16,16.1,16.1,16.1,16.1,16.1,16.1,16.1,8.39,16.1,16.1,16.1,16,16.1,16,16.1,16.1,16.1,8.39,16.1,16.1,16,16.1,16.1,16.1,16.1,16.1,16.1,8.39,16.2,16.1,16.1,16.1,16.1,16.1,12.2,11.9
0.0000646,12.1,16.1,16.1,16.1,16.1,16.1,16.1,16.1,16.1,16.1,16.1,8.3,16,16,16.1,16.1,16.1,16.1,16.1,16.1,16,8.17,16.1,16.1,16.1,16.1,16.1,16.1,16.1,16.1,16.1,8.35,16.1,16.1,16.1,16.1,16.1,16.1,16.1,16.1,16.1,8.3,16.1,16.1,16,16.1,16.1,16.1,16.1,16.1,16.1,8.13,16.1,16.1,16.1,16.1,16.1,16.1,16.1,16.1,16.1,8.13,16.1,16.1,16.1,16.1,16.1,16.1,16.1,16,16.1,8.35,16.1,16.1,16.1,16.1,16.1,16.1,16,16.1,16.1,8.39,16.1,16.1,16.1,16.1,16.1,16.1,16.1,16.1,16.1,8.39,16.1,16.1,16.1,16.1,16.1,16.1,12.1,12
0.0000648,12,16.1,16,16.1,16.1,16.1,16.1,16.1,16.1,16.1,16.1,8.39,16.1,16.1,16.1,16.1,16.1,16.1,16.1,16.1,16,8.17,16.2,16.1,16.1,16.1,16.1,16.1,16.1,16.1,16.1,8.35,16.1,16.1,16.1,16.1,16.1,16.1,16.1,16.1,16.1,8.3,16.1,16.1,16.1,16.1,16.1,16.1,16.1,16.1,16.1,8.17,16.1,16.1,16.1,16.1,16.1,16.1,16.1,16.1,16.1,8.13,16.1,16.1,16.1,16.2,16.1,16.1,16.1,16.1,16,8.35,16.1,16.2,16.1,16.1,16.1,16,16,16.1,16.1,8.35,16.1,16.1,16.1,16.1,16.1,16,16.1,16.1,16.1,8.39,16.1,16,16.1,16.1,16.1,16.1,12.1,12.1
0.000065,11.9,16.1,16.1,16.1,16.1,16.1,16.1,16.1,16.1,16.1,16.1,8.35,16.1,16.1,16.1,16.1,16.1,16,16,16.1,16.1,8.3,16.1,16.1,16,16.1,16.1,16.1,16.1,16.1,16.1,8.35,16.1,16.1,16.1,16.1,16.1,16.1,16.1,16.1,16.1,8.3,16.1,16.1,16.1,16.1,16.1,16.1,16.1,16.1,16.1,8.3,16.1,16.1,16.1,16.1,16.1,16.1,16.1,16.1,16.1,8.17,16.1,16.1,16.1,16.1,16.1,16,16.1,16.1,16,8.39,16.1,16.1,16.1,16.1,16.1,16,16.1,16.1,16.1,8.39,16.1,16,16.1,16.1,16.1,16.1,16.1,16.2,16.1,8.35,16.1,16.1,16.1,16.1,16.1,16.1,12.1,12.2
0.0000652,11.9,16.1,16.1,16.1,16.1,16.1,16.1,16.1,16.1,16.1,16.1,8.39,16.1,16.1,16.1,16.1,16.1,16.1,16.1,16.1,16,8.35,16.1,16.1,16.1,16.1,16.1,16.1,16.1,16.1,16.1,8.35,16.1,16.1,16.1,16.1,16.1,16.1,16.1,16.1,16.1,8.35,16.1,16,16.1,16.1,16,16.1,16.1,16.1,16.1,8.3,16.1,16.1,16.1,16,16.1,16.1,16.1,16.1,16.1,8.26,16.1,16.1,16.1,16.1,16.1,16.1,16.1,16.1,16.1,8.35,16.1,16.1,16.1,16.1,16.1,16.1,16.1,16.1,16.1,8.43,16.1,16.1,16.1,16.1,16.1,16.1,16.1,16.2,16.1,8.39,16.1,16.1,16.1,16.1,16.1,16.1,12.1,12.2
0.0000654,12,16.1,16.1,16.1,16.1,16.1,16.1,16.1,16.1,16.1,16.1,8.35,16.1,16.1,16.1,16.1,16.1,16.1,16.1,16.1,16.1,8.3,16.1,16.1,16.1,16.1,16.1,16.1,16.1,16.2,16.1,8.35,16.1,16.1,16.1,16.1,16.1,16.1,16.1,16.1,16.1,8.35,16.1,16.1,16.1,16.1,16.1,16.1,16.1,16.1,16.1,8.35,16.1,16.1,16.1,16.1,16.1,16.2,16.1,16.1,16.1,8.35,16.1,16.1,16.1,16.1,16.1,16.1,16.1,16.1,16.1,8.39,16.1,16.1,16.1,16.1,16.1,16.1,16.1,16.1,16.1,8.39,16.1,16.1,16.1,16.1,16.1,16.1,16.1,16.1,16.1,8.43,16.1,16.1,16.2,16.1,16.1,16.1,12.1,12.1
0.0000656,12,16.1,16.1,16.1,16.2,16.1,16.1,16.1,16.1,16.1,16.1,8.35,16.1,16.1,16.1,16.1,16.1,16.1,16.1,16,16.1,8.39,16.1,16.1,16.1,16.1,16,16.1,16.1,16.1,16.1,8.39,16.1,16.1,16.1,16,16.1,16.1,16.1,16.1,16.1,8.39,16.1,16.1,16.1,16.1,16.1,16.1,16.1,16.1,16.1,8.3,16.1,16.2,16.1,16.1,16.1,16,16.1,16.1,16.1,8.35,16.1,16.2,16.1,16.1,16.1,16.1,16.1,16.1,16.1,8.43,16.1,16.1,16,16.1,16.1,16.1,16.1,16.1,16.1,8.43,16.1,16.1,16.1,16.1,16,16.1,16.1,16.1,16.1,8.39,16.1,16.1,16.1,16.1,16.1,16.1,12.1,12
0.0000658,12.1,16.1,16.1,16,16.1,16.1,16.1,16.1,16.1,16.1,16.1,8.39,16.1,16,16.1,16.1,16.1,16.1,16.1,16.1,16.1,8.35,16.1,16.1,16.1,16.1,16.1,16.1,16.1,16.1,16.1,8.35,16.1,16.1,16.1,16,16.1,16.1,16,16.1,16.1,8.35,16.1,16.1,16.1,16.1,16.1,16.1,16.1,16.1,16.1,8.39,16.1,16.1,16.1,16.1,16.1,16,16.1,16.1,16.1,8.35,16.1,16.1,16.1,16.1,16.2,16.2,16.1,16,16.1,8.39,16.1,16.1,16.1,16.1,16.1,16.1,16.1,16.1,16.1,8.39,16.1,16.1,16.1,16.1,16.1,16.1,16.1,16.1,16.1,8.43,16.1,16.1,16.2,16.1,16.1,16.1,12.1,12
0.000066,12.1,16.1,16.1,16.2,16.2,16.1,16.1,16.1,16.1,16.1,16.1,8.39,16.1,16.1,16.1,16.1,16.1,16.1,16.1,16.1,16.1,8.35,16.1,16.1,16.1,16.1,16.1,16.1,16.1,16.1,16.1,8.35,16.1,16.1,16.1,16.1,16.1,16.1,16.1,16,16.1,8.39,16.1,16.2,16.1,16.1,16.1,16.1,16.1,16.1,16.1,8.35,16.1,16.1,16.1,16.1,16.1,16.1,16.2,16,16.1,8.39,16.1,16.1,16.1,16.1,16.1,16.1,16,16.1,16.1,8.35,16.1,16.1,16.2,16.1,16.1,16.1,16.1,16.1,16.1,8.43,16.1,16.1,16.2,16.1,16.1,16.1,16.1,16.1,16.1,8.35,16.1,16.1,16.1,16.1,16.1,16.1,12.1,11.9
0.0000662,12.2,16.1,16.1,16.1,16.1,16.1,16.1,16.1,16.1,16.1,16.1,8.43,16.1,16.1,16.1,16.1,16.1,16.1,16.1,16.1,16.1,8.39,16.1,16.2,16.1,16.1,16.1,16.1,16.1,16.1,16.1,8.35,16.2,16.1,16.1,16.2,16.1,16.1,16.1,16,16.1,8.35,16.1,16.1,16.1,16.2,16.1,16.1,16.1,16.1,16.2,8.35,16.1,16.1,16.1,16,16.1,16.1,16.1,16.1,16.1,8.35,16.1,16.1,16.1,16.1,16.1,16.1,16.1,16.1,16.1,8.43,16.1,16.1,16.1,16.1,16.1,16.1,16.1,16.1,16.1,8.39,16.1,16.1,16.1,16.2,16.1,16.1,16.1,16.1,16.1,8.39,16.1,16.1,16.1,16.1,16.1,16.1,12.2,11.9
0.0000664,12.2,16.1,16.1,16.1,16.2,16.1,16.2,16.1,16.2,16,16.1,8.43,16.1,16.1,16.1,16.1,16.1,16.1,16,16.1,16.1,8.43,16.1,16.1,16.1,16.1,16.1,16.1,16.1,16.1,16.1,8.39,16.1,16.1,16.1,16.1,16.1,16.1,16.1,16.1,16.1,8.35,16.1,16.1,16,16.1,16.1,16.1,16.1,16.1,16.1,8.3,16.1,16.1,16.1,16.1,16.1,16.1,16.1,16.2,16.1,8.3,16.1,16.1,16.1,16.1,16.1,16.2,16.1,16.1,16.1,8.35,16.1,16.1,16.1,16.1,16.1,16.1,16.1,16.1,16.1,8.43,16.1,16.1,16,16.1,16,16.1,16,16,16.1,8.39,16.1,16.1,16.1,16.1,16.1,16.1,12.1,11.9
0.0000666,12.2,16.1,16.1,16.1,16.1,16.1,16.1,16,16.1,16.1,16.1,8.39,16.1,16.1,16.1,16.1,16.1,16,16.1,16.1,16.1,8.35,16.1,16.1,16.1,16.1,16.1,16.1,16.1,16.1,16.1,8.39,16.1,16.1,16.1,16.1,16.1,16.1,16.1,16.1,16.1,8.39,16.1,16.1,16.1,16.1,16.1,16.1,16.1,16.1,16.1,8.35,16.1,16.1,16.1,16.1,16.1,16.1,16.1,16.1,16,8.35,16.1,16.1,16.1,16.1,16.1,16.1,16.1,16.1,16.1,8.39,16,16.1,16.1,16.1,16.1,16.1,16.1,16.1,16.1,8.39,16.1,16.1,16.1,16.1,16.1,16.1,16.1,16.1,16.1,8.43,16.1,16.1,16.1,16.1,16.1,16.2,12.2,11.9
0.0000668,12.2,16.1,16,16.1,16.2,16.1,16.1,16.1,16.1,16.1,16.1,8.39,16.1,16.1,16.1,16.1,16.1,16.1,16.1,16.1,16,8.39,16.1,16.1,16.1,16.1,16.1,16.1,16.1,16.1,16.1,8.35,16.1,16.1,16.1,16.1,16.1,16.1,16.1,16.1,16.1,8.39,16.1,16.1,16.2,16.1,16.1,16.1,16.1,16.1,16.1,8.3,16.1,16.1,16.1,16.1,16.1,16.1,16.1,16.1,16.1,8.35,16.1,16.1,16,16.1,16.1,16.1,16.1,16.1,16.1,8.39,16.2,16.1,16.1,16.1,16.1,16.1,16,16.1,16.2,8.43,16.1,16.1,16.1,16.1,16.1,16.1,16.1,16.1,16.1,8.39,16.1,16.1,16.1,16.1,16.1,16.1,12.1,12
0.000067,12.1,16.1,16.1,16.1,16.1,16.1,16.1,16,16.2,16.1,16.1,8.43,16.1,16.1,16,16.1,16.1,16.1,16.1,16.1,16.1,8.35,16,16.1,16.1,16.1,16.1,16.1,16.2,16.1,16.1,8.39,16.1,16.1,16.1,16.1,16.1,16.1,16.1,16.1,16.1,8.35,16.2,16.1,16.1,16.1,16.1,16.1,16.1,16.1,16,8.39,16.1,16.1,16.1,16.1,16.1,16.1,16.1,16.1,16.1,8.35,16.1,16.1,16.1,16.1,16.1,16.1,16.1,16.1,16.1,8.35,16.1,16.1,16.1,16.1,16.1,16.2,16.1,16.1,16.1,8.43,16.1,16.1,16.1,16.1,16.1,16.1,16.1,16.1,16.1,8.43,16.1,16.1,16.1,16.1,16.1,16.1,12.1,12
0.0000672,12.1,16.1,16.1,16.1,16.1,16.1,16.1,16.1,16.1,16.1,16.1,8.39,16.1,16.1,16.1,16.1,16.1,16.1,16.1,16.1,16.1,8.39,16.1,16.1,16.2,16.1,16.1,16.1,16.1,16.1,16.1,8.39,16.1,16.1,16.1,16.1,16.1,16.1,16.1,16.1,16.1,8.39,16.1,16.1,16.1,16.2,16.1,16.1,16.1,16.1,16.1,8.35,16.1,16.1,16.1,16.1,16.1,16.1,16.1,16.1,16.1,8.39,16.2,16.1,16.1,16.1,16.1,16.1,16,16.2,16.1,8.43,16.1,16.1,16.1,16.1,16.1,16.1,16.1,16.1,16.1,8.43,16.1,16.1,16.1,16.1,16.1,16.1,16.1,16.1,16.1,8.43,16.1,16.1,16.1,16.1,16.1,16.1,12.1,12.1
0.0000674,11.9,16.1,16.1,16.1,16.2,16.1,16.1,16.1,16.1,16.1,16.1,8.43,16.1,16.1,16.1,16.1,16.1,16.1,16.1,16.1,16.1,8.39,16.1,16.1,16.1,16.1,16.1,16,16.1,16.2,16.1,8.39,16.1,16.1,16.1,16.1,16.1,16.1,16.1,16.1,16.1,8.35,16.1,16.1,16.1,16.1,16.1,16.1,16.1,16.1,16.1,8.35,16.1,16.1,16,16.1,16.1,16.1,16.1,16.1,16.1,8.39,16.1,16.1,16.1,16.1,16.1,16.1,16.1,16.1,16,8.43,16.1,16.1,16.1,16.1,16.1,16.1,16.1,16.1,16,8.48,16,16.1,16.1,16.1,16,16.1,16.1,16.1,16.1,8.43,16.1,16,16.1,16.1,16.1,16.1,12.1,12.2
0.0000676,11.9,16.1,16.2,16.1,16.1,16.1,16.1,16.1,16.2,16.1,16.1,8.39,16.1,16.1,16.1,16.2,16.1,16.1,16.1,16.1,16.1,8.39,16.1,16.1,16.1,16.1,16.2,16.1,16.1,16.2,16.1,8.39,16.1,16.1,16.1,16.1,16.1,16.1,16.1,16.1,16.1,8.35,16.1,16.1,16.2,16.1,16.2,16.1,16.1,16.1,16.1,8.39,16.1,16.1,16.1,16.1,16.1,16.1,16.1,16.1,16.1,8.39,16.1,16.1,16.1,16.1,16.1,16.1,16.1,16.1,16.1,8.43,16.1,16.1,16.1,16.1,16.1,16.1,16.1,16.1,16.1,8.43,16.1,16,16.1,16.1,16.1,16.1,16.1,16.1,16.1,8.43,16.1,16.1,16.1,16.1,16.1,16.1,12.1,12.2
0.0000678,11.9,16.1,16.1,16.1,16.1,16.1,16.1,16.1,16.1,16.1,16.1,8.43,16.1,16.1,16.2,16,16.1,16.1,16.1,16.1,16.1,8.39,16.1,16.1,16.1,16.2,16.1,16.1,16.1,16.1,16.1,8.39,16.1,16.1,16.2,16.1,16.1,16.1,16.1,16.1,16.1,8.39,16.1,16.1,16.1,16.1,16.1,16.1,16.1,16.1,16.1,8.35,16.1,16.1,16.1,16.1,16.1,16.1,16.1,16.1,16.1,8.39,16.1,16.1,16.1,16.1,16,16.2,16.1,16.1,16.2,8.43,16.2,16.1,16.1,16.1,16.1,16.1,16.1,16.1,16.1,8.48,16.1,16.1,16.1,16.1,16.1,16.1,16.1,16,16.1,8.48,16.1,16.1,16.1,16.1,16.1,16.1,12,12.2
0.000068,11.9,16.1,16.1,16.1,16.1,16.1,16.1,16.1,16.1,16.1,16.1,8.43,16,16.1,16.1,16.1,16.1,16.1,16.1,16.1,16.1,8.43,16.1,16.1,16.1,16.1,16.1,16.1,16.1,16.1,16.1,8.39,16.1,16.1,16.1,16.1,16.1,16.1,16.1,16.1,16.1,8.35,16.1,16.1,16.1,16.1,16.1,16.1,16.1,16.1,16.2,8.35,16.1,16.1,16.1,16.2,16.1,16,16.1,16.1,16.1,8.43,16.1,16.1,16.1,16.1,16.1,16.2,16.1,16.1,16.1,8.43,16.1,16.1,16.1,16.1,16.1,16.1,16.1,16.1,16.1,8.48,16.1,16.1,16.1,16.1,16.1,16.2,16.1,16.1,16.1,8.43,16.1,16.1,16.1,16.1,16.1,16,12.1,12.1
0.0000682,12,16.1,16.1,16.1,16.1,16.1,16.1,16.1,16.1,16.1,16.1,8.43,16.1,16.1,16.1,16.1,16.1,16.1,16.2,16.1,16.1,8.43,16.1,16.1,16.1,16.1,16.1,16.1,16.1,16.1,16.1,8.35,16.1,16.1,16.1,16.1,16.1,16.1,16.1,16.1,16.1,8.35,16.1,16.1,16.1,16.1,16.1,16.1,16.1,16.1,16.1,8.39,16.1,16.1,16.1,16.1,16.1,16.1,16.1,16.1,16,8.35,16.1,16.1,16.1,16.1,16.1,16.1,16.1,16.1,16,8.48,16.1,16.1,16.1,16.1,16.1,16.1,16.1,16.1,16.1,8.48,16.1,16.1,16.1,16.1,16,16.1,16.1,16.1,16.1,8.43,16.1,16.1,16.1,16.1,16.1,16.1,12.1,12.1
0.0000684,12,16.1,16.1,16.1,16.1,16.1,16.1,16.1,16.1,16.1,16.1,8.48,16.1,16.1,16.1,16.1,16.1,16.1,16.1,16.1,16.1,8.39,16.1,16.2,16.1,16.1,16.1,16.1,16.2,16.1,16.1,8.35,16.1,16.1,16.1,16.1,16.1,16.1,16,16.1,16.1,8.39,16.1,16.1,16.1,16.1,16.1,16.1,16.1,16.1,16.1,8.39,16.2,16.2,16.1,16.1,16.1,16.1,16.1,16.1,16.1,8.39,16.1,16.1,16.1,16.1,16.1,16.1,16.1,16.1,16.1,8.43,16.1,16.1,16.1,16.1,16.1,16,16.1,16.1,16.2,8.48,16.1,16.1,16.1,16.1,16.1,16.1,16.1,16.1,16.1,8.48,16.1,16.1,16.1,16.1,16.1,16.1,12.1,12
0.0000686,12.1,16.1,16.1,16.1,16.1,16.1,16.1,16.1,16.1,16.1,16.1,8.48,16.1,16.1,16.1,16.2,16.1,16.1,16.1,16.1,16.1,8.39,16.1,16.1,16.1,16.1,16.1,16.1,16.1,16.1,16.1,8.43,16.1,16.1,16.1,16.1,16.1,16.1,16.1,16.1,16.2,8.35,16.1,16.1,16.1,16.1,16,16.1,16.1,16.1,16,8.35,16.1,16.1,16.1,16.1,16.1,16.1,16.1,16.1,16.1,8.39,16.1,16.1,16.1,16.1,16.1,16.1,16.1,16.1,16.1,8.43,16.1,16.1,16.1,16.1,16.1,16.1,16.2,16.1,16.1,8.52,16.1,16.1,16.2,16.1,16.1,16.1,16.1,16.1,16.1,8.52,16.1,16.1,16.1,16.1,16.1,16.1,12.1,12
0.0000688,12.1,16.1,16.1,16.1,16.1,16.2,16.1,16.1,16.1,16.2,16.1,8.48,16.2,16.1,16.1,16.2,16.1,16.1,16.1,16.1,16.2,8.43,16.1,16.1,16.1,16.1,16.2,16.1,16.1,16.1,16.1,8.39,16.1,16.1,16.1,16.1,16.1,16.1,16.2,16.1,16.1,8.35,16,16.1,16.1,16.1,16.1,16.2,16.1,16.1,16.1,8.39,16.1,16.1,16.1,16.1,16.1,16.1,16.1,16.1,16.1,8.35,16.1,16.1,16.1,16.1,16.1,16.1,16.1,16.1,16.1,8.48,16,16.1,16.1,16,16.2,16.1,16.1,16.1,16.1,8.52,16.1,16.1,16.1,16.1,16.1,16.1,16.1,16.2,16.1,8.56,16.1,16.1,16.1,16.1,16,16.1,12,12
0.000069,12.1,16.2,16.1,16.2,16.1,16.1,16.2,16.1,16.1,16.1,16.1,8.43,16.1,16,16.1,16.1,16.1,16.1,16.1,16.1,16.1,8.39,16.1,16.1,16.1,16.1,16.1,16.1,16,16.1,16.1,8.35,16.1,16.1,16.1,16.1,16.1,16.1,16.1,16.1,16.1,8.39,16.1,16.1,16.1,16.1,16.1,16.1,16.1,16.1,16.1,8.39,16.1,16.1,16.1,16.1,16.1,16.1,16.1,16.1,16.1,8.39,16.1,16.1,16.1,16.1,16.1,16.1,16.1,16.1,16.1,8.52,16.1,16.1,16.1,16.1,16.1,16.1,16.1,16.1,16.1,8.61,16.1,16.1,16.1,16.1,16.1,16.1,16.1,16.1,16.1,8.65,16.1,16.1,16.1,16.1,16.1,16.1,11.9,12
0.0000692,12.1,16.2,16.2,16.1,16.1,16.1,16.1,16.1,16.1,16.1,16.1,8.48,16.1,16.1,16.1,16.1,16.1,16.1,16.1,16,16.1,8.39,16.1,16,16.1,16.1,16.1,16.2,16.1,16.1,16.1,8.39,16.2,16.1,16.1,16.2,16.1,16.2,16.1,16.1,16.1,8.35,16.1,16.1,16.1,16.1,16.1,16.1,16.1,16.1,16.1,8.35,16.1,16.1,16.1,16.1,16.1,16.1,16.1,16.1,16.1,8.39,16.2,16.1,16.1,16.1,16.1,16.1,16.1,16.1,16,8.52,16.1,16.1,16.1,16.1,16.2,16.1,16.1,16.1,16.1,8.69,16.1,16.1,16.2,16.1,16.1,16.1,16.1,16.1,16.1,8.69,16.1,16.1,16.1,16.1,16.1,16.1,12,12
0.0000694,12.1,16.1,16.1,16.1,16.1,16.1,16.1,16.1,16.2,16.1,16.1,8.52,16.1,16.1,16.1,16.1,16.1,16.1,16.1,16.1,16.1,8.43,16.1,16.2,16.2,16.1,16.1,16.1,16.1,16.1,16.1,8.39,16.1,16.1,16.1,16.1,16.1,16.1,16.1,16.1,16.1,8.39,16.1,16.1,16.1,16.1,16.1,16.1,16.1,16.1,16.1,8.39,16.1,16.1,16.1,16.1,16.1,16.1,16.1,16.1,16.1,8.43,16.2,16.1,16.1,16.1,16.1,16.1,16.1,16.1,16.1,8.61,16.1,16.1,16.2,16,16.1,16.1,16.1,16.1,16.2,8.87,16.1,16.1,16.1,16.1,16.1,16.1,16.1,16.1,16.1,8.78,16.1,16.1,16.1,16.1,16.1,16.2,11.9,11.9
0.0000696,12.1,16.2,16.1,16.1,16.1,16.1,16.1,16,16.1,16.2,16.2,8.61,16.1,16.1,16.1,16.1,16.1,16.1,16.1,16.1,16.1,8.48,16.1,16,16.1,16.1,16.1,16.1,16.1,16.1,16.1,8.39,16.1,16.1,16.1,16.1,16.2,16.1,16.1,16.1,16.1,8.35,16.1,16.1,16.1,16.1,16.1,16.1,16.1,16.1,16.1,8.39,16.1,16.2,16.1,16.1,16.1,16.1,16.2,16.1,16.1,8.39,16.1,16.1,16.1,16.1,16.1,16.1,16.1,16.2,16.1,8.65,16.1,16.1,16.1,16.1,16.1,16.1,16.1,16.1,16.1,9,16.1,16.1,16.1,16.1,16.1,16.1,16.1,16.1,16.1,8.95,16.1,16.1,16.1,16.1,16.1,16.1,11.9,12
0.0000698,12,16.1,16.1,16.1,16.1,16.1,16.1,16.1,16.1,16.2,16.1,8.65,16.1,16.1,16.1,16.1,16.1,16.1,16.1,16.1,16.1,8.48,16.1,16.1,16.1,16.1,16.1,16.1,16.1,16.1,16.1,8.39,16.1,16.1,16.1,16.1,16.1,16.1,16.1,16.1,16.1,8.39,16.1,16.2,16.1,16.2,16.1,16.1,16.1,16.2,16,8.35,16.1,16.1,16.1,16.1,16.1,16.1,16.1,16.1,16.1,8.39,16.1,16.1,16.1,16.1,16.1,16.1,16.2,16.1,16.1,8.69,16.1,16.1,16.1,16.1,16.1,16.1,16.1,16.1,16.1,9.08,16.1,16.1,16.1,16.1,16.1,16.1,16.1,16.1,16.1,9,16.1,16.1,16.1,16.1,16.1,16.1,12,11.9
0.00007,12,16.1,16.1,16,16.1,16.1,16.1,16.1,16,16.1,16,8.82,16.1,16.1,16,16.1,16.1,16.1,16.1,16.1,16.1,8.43,16.1,16.1,16.1,16.1,16.1,16.1,16.2,16.1,16.1,8.43,16.1,16.1,16.1,16.1,16.1,16.1,16.1,16.1,16.1,8.35,16,16.2,16.1,16.1,16.1,16.1,16.2,16.1,16.1,8.35,16.1,16.1,16.1,16.1,16.1,16.1,16.1,16.1,16.1,8.43,16.1,16.1,16.1,16.1,16.1,16.1,16.1,16.1,16.1,8.82,16.1,16.1,16.1,16.1,16.1,16.1,16.1,16.1,16.1,9.21,16.1,16.1,16.1,16.1,16.1,16.1,16.1,16.1,16.1,9.12,16.1,16.1,16.1,16.2,16.1,16.1,12,11.9
0.0000702,12,16.2,16.1,16.1,16.1,16.1,16.1,16.1,16.1,16.1,16.1,8.82,16.1,16.1,16.1,16.1,16.1,16.1,16.1,16.1,16.1,8.52,16.1,16.1,16.1,16.1,16.1,16.1,16.1,16.1,16.1,8.35,16.1,16.1,16.1,16.1,16.1,16.1,16.1,16.1,16.1,8.39,16.1,16.1,16.1,16.1,16.1,16.1,16.1,16.1,16.1,8.39,16.1,16.1,16.1,16.1,16.1,16.1,16.1,16.1,16.1,8.39,16.1,16.1,16.1,16.1,16.1,16.1,16.1,16.1,16.1,8.95,16.1,16.1,16.1,16.1,16.1,16.1,16.1,16.1,16.1,9.34,16.1,16.1,16.1,16.1,16.1,16.1,16.1,16.1,16.1,9.25,16.1,16.1,16.1,16.1,16.1,16.1,12.1,11.8
0.0000704,12.1,16.1,16.1,16.1,16.2,16.1,16.1,16.1,16.1,16.1,16.1,8.91,16.1,16.1,16.1,16.1,16.1,16.1,16.1,16.1,16.1,8.48,16.2,16.1,16.1,16.1,16.1,16.1,16.1,16,16.1,8.43,16.1,16.1,16.1,16.1,16.1,16.1,16.1,16.1,16.1,8.39,16.1,16.1,16.1,16.1,16.1,16.1,16.1,16.1,16.1,8.35,16.1,16.1,16.1,16.2,16.1,16.1,16.1,16.1,16.1,8.43,16.1,16.1,16.1,16.1,16.1,16.1,16,16.1,16.1,9.04,16.2,16.1,16.1,16.1,16.1,16.1,16.1,16.1,16.1,9.43,16.1,16.1,16.1,16.1,16.1,16.1,16.1,16.1,16.1,9.47,16.1,16.1,16.1,16.1,16.2,16.1,12.2,11.9
0.0000706,12.1,16,16.1,16.1,16.1,16.1,16.1,16.1,16.1,16.1,16.1,9,16.1,16.1,16.1,16.1,16.1,16.1,16.1,16.1,16.1,8.48,16.1,16.1,16,16.1,16.1,16.2,16.1,16.2,16.1,8.39,16.1,16.1,16.1,16.1,16.1,16.1,16.1,16.1,16.1,8.35,16.1,16.1,16.1,16.1,16.1,16.1,16.1,16.1,16.2,8.39,16.1,16.1,16.1,16.1,16.1,16.1,16.1,16.1,16.1,8.43,16.1,16.1,16.1,16.1,16.1,16.1,16.1,16.1,16.1,9.08,16.1,16.1,16.1,16.1,16.1,16.1,16.1,16.2,16,9.51,16.1,16.1,16.1,16.1,16.1,16.1,16.1,16.1,16.1,9.56,16.1,16.1,16.1,16.1,16.1,16.1,12.2,11.8
0.0000708,12.2,16.1,16.1,16.1,16.1,16.1,16,16.1,16,16.1,16.1,9.12,16.1,16.1,16.2,16.1,16.2,16.2,16.1,16.1,16.2,8.48,16.1,16.1,16.1,16.1,16.1,16.1,16.1,16.1,16.1,8.39,16.1,16.1,16.1,16.1,16.1,16.1,16.1,16.1,16.1,8.35,16.1,16.1,16.1,16.1,16.1,16.1,16.1,16.1,16.1,8.35,16.1,16.2,16.1,16.1,16.1,16.2,16.1,16.1,16.1,8.43,16.1,16.1,16.1,16.1,16.1,16.1,16.1,16.1,16.1,9.08,16.2,16.1,16.2,16.1,16.1,16.1,16.1,16.1,16.1,9.69,16.1,16.1,16.1,16.1,16.1,16.1,16,16.1,16.2,9.69,16.1,16.2,16.1,16.1,16.1,16.1,12.2,11.9
0.000071,12.1,16.1,16.1,16.1,16.1,16.1,16.1,16.2,16.1,16.1,16.1,9.25,16.1,16.1,16.1,16.1,16.1,16.1,16.1,16.1,16.1,8.43,16.1,16.1,16.1,16.1,16.1,16.1,16.1,16.1,16.1,8.43,16.1,16.1,16.1,16.1,16.1,16.1,16.1,16.1,16.1,8.35,16.1,16.1,16.1,16.2,16.1,16.1,16.1,16.1,16.1,8.39,16.1,16.1,16.1,16.1,16.1,16.1,16.1,16.1,16.1,8.39,16.1,16.1,16.1,16.1,16.1,16.1,16.1,16.1,16.1,9.17,16.1,16.1,16.1,16.1,16.1,16.1,16.1,16.1,16.1,9.95,16.1,16.1,16.1,16.1,16.1,16.1,16.1,16.2,16.1,9.86,16.1,16.1,16.1,16.1,16.1,16.1,12.2,12
0.0000712,12.2,16.1,16.1,16.1,16.1,16.1,16.2,16.1,16.1,16.1,16.1,9.47,16.1,16.1,16.1,16.2,16.2,16.1,16.1,16.1,16.1,8.52,16.1,16.1,16.1,16.1,16.1,16.1,16.1,16.1,16.1,8.43,16.1,16.1,16.1,16.1,16.1,16.1,16,16.1,16.1,8.35,16.1,16.1,16.1,16.1,16.1,16.1,16.1,16.1,16.1,8.35,16.1,16.1,16.1,16.1,16.1,16.1,16,16.1,16.1,8.39,16.2,16.1,16.1,16.1,16.1,16.1,16.1,16.1,16.1,9.17,16.1,16.1,16.1,16.1,16.1,16.1,16.1,16.1,16.1,10.1,16.1,16.1,16.1,16.1,16.1,16.1,16.1,16.1,16.1,10,16.1,16.1,16.2,16.1,16.1,16.1,12.1,12.1
0.0000714,12.2,16.1,16.1,16.1,16.1,16.1,16.2,16.2,16,16.1,16.1,9.69,16.1,16.1,16.1,16.1,16.1,16.1,16.2,16.1,16.1,8.48,16.1,16.1,16.1,16.1,16.1,16.1,16.1,16.1,16.1,8.39,16.1,16.1,16.1,16.1,16.1,16.1,16.1,16.1,16.1,8.35,16.1,16.1,16.1,16.1,16.1,16.1,16.1,16.1,16.1,8.39,16.1,16.1,16.1,16.1,16.1,16.1,16.1,16.1,16.1,8.43,16.1,16.1,16.1,16.1,16.1,16.1,16.1,16.1,16.2,9.34,16.1,16.1,16.1,16.1,16.1,16.1,16.1,16.1,16.1,10.2,16.1,16.1,16.1,16.1,16.1,16.1,16.1,16.2,16.1,10.2,16.1,16.1,16.1,16,16.1,16.1,12,12.1
0.0000716,12.1,16.1,16.1,16.1,16.1,16.1,16.1,16.1,16.1,16.1,16.1,9.77,16.1,16.1,16.2,16.1,16.1,16,16.1,16.1,16.1,8.48,16.1,16.1,16.1,16.2,16.1,16.1,16.1,16.1,16.1,8.43,16.1,16.1,16.1,16.1,16.1,16.1,16.1,16.1,16.1,8.39,16.1,16.1,16.1,16.1,16.1,16.1,16.1,16.2,16.1,8.43,16.2,16.1,16.1,16.1,16.1,16.1,16.1,16,16.1,8.43,16.1,16.1,16.1,16.1,16.1,16.2,16.1,16.1,16.1,9.38,16.1,16.1,16.1,16.1,16.1,16.1,16.1,16.1,16.1,10.3,16.1,16.1,16.1,16.1,16.1,16.1,16.1,16.1,16.1,10.3,16.1,16.1,16.1,16.1,16.1,16.1,11.9,12.2
0.0000718,12,16.1,16.2,16.1,16.1,16.1,16.1,16.1,16.1,16.2,16.1,9.86,16.1,16.1,16.2,16.1,16.1,16.1,16.1,16.1,16.1,8.52,16.1,16.1,16.1,16.2,16.1,16.1,16.1,16.1,16.1,8.39,16.1,16.1,16.1,16.1,16.1,16.1,16.1,16.1,16.1,8.35,16.1,16.1,16.1,16.1,16.1,16.1,16.1,16.1,16.1,8.39,16.1,16.1,16.1,16.2,16.1,16.2,16.1,16.1,16.1,8.43,16.1,16.1,16.1,16.1,16.1,16.1,16.1,16.1,16.2,9.47,16.2,16.1,16.1,16.2,16.1,16.1,16.1,16.1,16.1,10.4,16.1,16.1,16.1,16.1,16,16.1,16.1,16.1,16.1,10.5,16.1,16.1,16.1,16.2,16.1,16.1,11.9,12.1
0.000072,12,16.1,16.1,16.1,16.1,16.1,16.1,16.1,16.1,16.1,16.1,9.99,16.1,16.1,16.1,16.1,16.1,16.1,16.1,16.1,16.1,8.52,16.1,16.1,16.1,16.1,16.1,16.1,16.1,16.1,16.1,8.39,16.1,16.1,16.1,16.1,16.1,16.1,16.2,16.1,16.1,8.35,16.1,16.1,16.1,16.1,16.1,16.1,16.1,16.1,16.1,8.35,16.1,16.1,16.1,16.1,16.1,16.1,16.1,16.1,16.1,8.43,16.1,16.1,16.1,16.1,16.2,16.1,16.1,16.1,16.1,9.6,16.1,16.1,16.1,16.2,16.1,16.1,16.1,16.1,16.2,10.5,16,16.1,16.1,16.1,16.1,16.1,16.1,16.1,16.1,10.6,16.1,16.1,16.1,16.1,16.1,16.1,11.9,12.1
0.0000722,12,16.2,16.1,16.1,16.1,16.1,16.1,16.1,16.1,16,16.1,10.1,16.1,16.1,16.1,16.1,16.1,16.1,16.1,16.1,16.1,8.52,16.1,16.1,16.1,16.1,16.1,16.1,16.1,16.1,16.1,8.43,16.1,16.1,16.1,16.2,16.2,16.1,16.1,16.1,16.1,8.39,16.1,16.1,16.1,16.1,16.1,16.1,16.1,16.1,16.2,8.35,16.1,16.1,16.1,16.1,16.1,16.1,16.1,16.1,16.1,8.43,16.1,16.1,16.1,16.1,16.1,16.1,16.1,16.2,16.1,9.69,16.1,16.1,16.1,16,16.1,16.1,16.1,16.2,16.1,10.6,16.1,16.1,16.1,16.1,16.1,16.1,16.1,16.1,16.1,10.8,16.1,16.1,16.1,16.1,16.1,16.1,11.9,11.9
0.0000724,12,16.1,16.1,16.1,16.1,16.1,16,16.1,16.1,16.1,16.1,10.1,16.1,16.1,16.1,16.1,16.1,16.1,16.1,16.1,16.1,8.56,16.1,16.1,16.1,16.1,16.1,16.1,16.1,16.1,16.1,8.39,16,16.1,16.1,16.1,16.1,16.1,16.1,16.1,16.1,8.35,16.1,16.1,16.2,16.1,16.1,16.1,16.1,16.1,16.1,8.39,16.1,16.1,16.1,16.1,16.1,16.1,16.1,16.1,16.1,8.43,16.1,16.2,16.1,16.1,16,16.1,16.2,16.1,16.1,9.82,16.1,16.1,16.1,16.1,16.1,16.1,16.1,16.2,16.1,10.6,16.1,16.1,16.1,16.1,16.1,16.1,16.1,16.1,16.1,10.9,16.1,16.1,16,16.1,16.1,16.1,12,11.9
0.0000726,12.1,16.1,16.1,16.1,16.1,16.1,16.2,16.1,16.1,16.1,16.1,10.2,16.1,16.1,16.1,16.1,16.1,16.1,16.1,16.1,16.1,8.61,16.1,16.1,16.1,16.1,16.1,16.1,16.1,16.1,16.1,8.39,16.1,16.2,16.1,16.1,16.1,16.1,16.1,16.1,16.1,8.35,16.1,16.1,16.1,16.1,16.1,16.1,16.1,16.2,16.1,8.35,16.2,16.1,16.1,16.1,16.1,16.2,16.1,16.2,16.1,8.39,16.1,16.1,16.1,16.1,16.1,16.1,16.1,16.2,16.1,9.9,16.1,16.1,16.1,16.1,16.1,16.1,16.1,16.1,16.1,10.7,16.2,16.1,16.1,16.1,16.1,16.1,16.1,16.2,16.2,11,16.1,16.1,16.1,16.1,16.1,16.1,12,11.9
0.0000728,12.2,16.1,16.1,16.1,16.1,16.1,16.1,16.1,16.2,16.1,16.1,10.3,16.1,16.1,16.1,16.1,16.1,16.1,16.1,16.1,16.1,8.61,16.1,16.1,16.1,16.1,16.2,16.1,16.1,16.2,16.1,8.35,16.1,16.2,16.1,16.1,16.1,16.2,16.1,16.1,16.1,8.39,16.1,16.1,16.1,16.1,16.1,16.1,16.1,16.1,16.1,8.35,16.1,16.1,16.1,16.1,16.1,16.1,16.1,16.1,16.1,8.39,16.1,16.1,16.1,16.1,16.1,16.1,16.1,16.1,16.1,9.99,16.1,16.1,16.1,16.1,16.1,16.1,16.1,16.1,16.1,10.7,16.1,16.1,16.2,16.1,16.1,16.1,16.1,16.1,16.2,11,16.1,16.1,16.1,16.1,16.1,16.2,12.1,11.8
0.000073,12.2,16.1,16.1,16.1,16.2,16.1,16.1,16.1,16.1,16.1,16.1,10.4,16.1,16.1,16.1,16.1,16.1,16.1,16.1,16.1,16.1,8.74,16.1,16.1,16.1,16.1,16.1,16.1,16.2,16.2,16.1,8.39,16.2,16.1,16.1,16.1,16.2,16.1,16.1,16.1,16.1,8.35,16.1,16.1,16.1,16.1,16.1,16.2,16.1,16.1,16.1,8.39,16.1,16.1,16.1,16.1,16.1,16,16.1,16.1,16.1,8.39,16.1,16.1,16.1,16.1,16.1,16.2,16.1,16.1,16.1,10,16.1,16.1,16.1,16.1,16.1,16.2,16.1,16.1,16.1,10.8,16.2,16,16.1,16.1,16.1,16.2,16.1,16.1,16.1,11.1,16.1,16.1,16.1,16.1,16.1,16.1,12.1,11.9
0.0000732,12.2,16.2,16.1,16.1,16.1,16.1,16.1,16.1,16.1,16.1,16.1,10.6,16.1,16.1,16.1,16.2,16.1,16.1,16.1,16.1,16.1,8.78,16.1,16.1,16.1,16.1,16.1,16.1,16.1,16.1,16,8.39,16.1,16.1,16.1,16.1,16.1,16.1,16.1,16,16.1,8.43,16.1,16.1,16.1,16.1,16.1,16.1,16.2,16.1,16.1,8.39,16.1,16.1,16.1,16.1,16.1,16.1,16.1,16.2,16.1,8.39,16.1,16.1,16.1,16.1,16.1,16.1,16.1,16.1,16.1,10.1,16.1,16.1,16.1,16.1,16.1,16.1,16.1,16.2,16.1,10.9,16.1,16.1,16.1,16.1,16.1,16.2,16.1,16.1,16.1,11,16.1,16.1,16.1,16.1,16.1,16.1,12.1,11.9
0.0000734,12.2,16.1,16.1,16.1,16.1,16.1,16.1,16.1,16.1,16.1,16.1,10.7,16.1,16.2,16.1,16.1,16.1,16.1,16.1,16.1,16.1,8.82,16.1,16.1,16.1,16.1,16.1,16.1,16.1,16.1,16.1,8.35,16.1,16.1,16.1,16.1,16.2,16.1,16.1,16.1,16.1,8.3,16.1,16.1,16,16.1,16.1,16.1,16.1,16.1,16.1,8.39,16.1,16.1,16.1,16.1,16.2,16,16.2,16.1,16.1,8.48,16.1,16.1,16.1,16.1,16.1,16,16.1,16.1,16.1,10.1,16.1,16.1,16.1,16.1,16.1,16.1,16.1,16.1,16.1,11.1,16.1,16.1,16.1,16.1,16.1,16.1,16.2,16.1,16.1,11.1,16.1,16.1,16.1,16.1,16.2,16.1,12.1,12
0.0000736,12.2,16.1,16.1,16.1,16.1,16.1,16.1,16.1,16.1,16.1,16.1,10.9,16.1,16.1,16.1,16.1,16.1,16.1,16.1,16.1,16.1,8.82,16.1,16.1,16.1,16.1,16,16.1,16.2,16.1,16.1,8.35,16.1,16.1,16.1,16.1,16.2,16.1,16.1,16.1,16.1,8.35,16.1,16.1,16.1,16.1,16.1,16.1,16.1,16.1,16.1,8.35,16.1,16.1,16.1,16.1,16.1,16.1,16.1,16.1,16.2,8.39,16.1,16.1,16.1,16.1,16.1,16.2,16.2,16.1,16.1,10.1,16.1,16.2,16.1,16.1,16.1,16.1,16.1,16.1,16.2,11.1,16.1,16.1,16.1,16.1,16.1,16.1,16.1,16.1,16.1,11.1,16.1,16.2,16.1,16.1,16.1,16.1,12.1,12
0.0000738,12.2,16.1,16.1,16,16.1,16.2,16.1,16.1,16.2,16.1,16.1,10.9,16.1,16.1,16.1,16.1,16.1,16.1,16.1,16.1,16.1,8.87,16.1,16.1,16.1,16.1,16.1,16.1,16.2,16.1,16.1,8.35,16.1,16.2,16.1,16.1,16.2,16.1,16.1,16.1,16.1,8.39,16.1,16.1,16.1,16.1,16.1,16.1,16.1,16.1,16.1,8.35,16.1,16.1,16.1,16.1,16.1,16.1,16.1,16.2,16.1,8.39,16.1,16.1,16.1,16.1,16,16.1,16.2,16.1,16.1,10.2,16.1,16.1,16.1,16.1,16.1,16.1,16,16.1,16.1,11.2,16.1,16.1,16.1,16.1,16.1,16.1,16.1,16.1,16.1,11.2,16.1,16.1,16.1,16.1,16.1,16.1,12.1,12
0.000074,12.1,16.1,16.2,16.1,16.1,16.1,16.1,16.1,16.1,16.1,16.1,10.9,16.1,16.1,16.1,16.1,16.2,16.1,16.1,16.1,16.1,8.87,16.1,16.1,16,16.1,16.1,16.1,16.1,16.1,16.2,8.39,16.1,16.1,16.1,16.1,16.1,16.1,16,16.1,16.1,8.39,16.1,16.1,16.1,16.1,16.1,16.1,16.1,16.1,16.1,8.35,16.1,16.1,16.1,16.1,16.2,16.1,16.1,16.1,16.1,8.43,16.1,16.1,16.1,16.1,16.1,16.1,16.1,16.1,16.1,10.1,16.1,16.1,16.1,16.1,16.1,16.1,16.1,16.1,16.1,11.3,16.1,16.1,16.1,16.1,16.1,16.1,16.1,16.1,16.1,11.2,16.2,16.1,16.1,16.1,16.1,16.1,12.1,12
0.0000742,12,16.1,16.1,16.1,16.1,16.1,16.1,16.1,16.2,16.1,16.1,10.9,16.1,16.1,16.2,16.1,16.1,16.1,16.1,16.1,16.1,8.87,16.1,16.1,16.1,16.1,16.1,16.1,16.1,16.1,16.1,8.39,16.1,16.2,16.1,16.1,16.1,16.1,16.1,16.1,16.1,8.39,16.1,16,16.2,16.1,16.1,16.1,16.1,16.1,16.1,8.35,16.1,16.1,16.1,16.1,16.1,16.1,16.1,16.1,16.1,8.43,16.1,16.1,16.1,16.2,16.1,16.1,16.1,16.2,16.1,10.2,16.1,16.1,16.1,16.1,16.1,16.1,16.1,16.1,16.1,11.4,16.2,16.1,16.1,16.1,16.1,16.1,16.1,16.1,16.1,11.4,16.1,16.1,16.2,16.1,16.1,16.1,12,12
0.0000744,12,16.1,16.1,16.1,16.1,16.1,16.2,16.1,16.1,16.1,16.1,11,16.1,16.1,16.2,16.1,16.2,16.1,16.1,16.1,16.1,8.87,16.1,16.1,16.1,16.1,16.1,16.1,16.1,16.1,16.1,8.43,16.1,16.2,16.1,16.1,16.1,16.1,16.1,16.1,16.1,8.35,16.1,16.1,16.1,16.1,16.1,16.1,16.1,16.1,16.1,8.39,16.1,16.1,16.2,16.1,16.2,16.1,16,16.1,16.1,8.43,16.1,16.1,16.1,16.1,16.1,16.1,16.1,16.1,16.1,10.2,16.1,16.2,16.1,16.1,16.1,16.1,16.1,16.1,16.1,11.4,16.1,16.1,16.1,16.1,16.1,16.1,16.1,16.1,16.1,11.5,16.1,16.1,16.1,16.1,16.1,16.1,12.1,12
0.0000746,12,16.1,16.1,16.2,16.1,16.1,16.1,16.1,16.1,16.1,16.1,10.9,16.1,16.1,16.1,16.1,16.1,16.1,16.1,16.1,16.1,8.91,16.1,16.1,16.1,16.1,16.1,16.1,16.1,16.1,16.1,8.39,16.1,16.1,16.1,16.1,16.1,16.1,16.1,16.1,16.1,8.35,16.1,16.2,16.1,16.1,16.1,16.1,16.1,16.1,16.1,8.39,16.1,16.1,16.1,16.2,16.1,16.1,16.1,16.1,16.1,8.48,16.1,16.1,16.1,16.1,16.1,16.2,16.1,16.1,16.1,10.3,16.1,16.1,16.1,16.1,16.1,16.1,16.1,16.1,16.1,11.4,16.1,16.1,16.1,16.1,16.1,16.1,16.1,16.1,16.1,11.6,16.1,16.1,16.1,16.1,16.1,16.1,12.1,12
0.0000748,12,16.1,16.1,16.1,16.1,16.1,16.1,16.1,16.1,16.1,16.1,11,16.1,16.1,16.1,16.1,16.1,16.1,16.1,16.1,16.1,8.91,16.1,16.1,16.1,16.2,16.1,16.1,16.1,16.1,16.1,8.39,16.1,16.1,16.1,16.1,16.1,16.1,16.1,16.1,16.1,8.39,16.1,16.1,16.1,16.2,16.1,16.1,16.1,16.2,16.1,8.39,16.1,16.1,16.1,16.1,16.1,16.1,16.1,16.1,16.1,8.43,16.1,16.1,16.1,16.1,16.1,16.1,16.1,16.1,16.1,10.3,16.1,16.1,16.1,16.1,16.1,16.1,16.1,16.1,16.1,11.5,16.1,16.1,16.1,16.1,16.1,16.1,16.1,16.1,16.1,11.7,16.1,16.1,16.1,16.1,16.1,16.1,12,11.9
0.000075,12,16.1,16.1,16.1,16.2,16.1,16.1,16.1,16.1,16.1,16.1,11,16.1,16.1,16.1,16.1,16.1,16.1,16.1,16.1,16.1,8.91,16.1,16.1,16.1,16.1,16.1,16.1,16.1,16.1,16.1,8.39,16.1,16.1,16.1,16.1,16.1,16.1,16.1,16.1,16.1,8.35,16.1,16.1,16.1,16.1,16.1,16.1,16.1,16.1,16.1,8.35,16.1,16.1,16.1,16.1,16.1,16.1,16.1,16.1,16.1,8.39,16.2,16.1,16.1,16.1,16.1,16.1,16.1,16.1,16.1,10.4,16.1,16.1,16.1,16.1,16.1,16.1,16.1,16.1,16.1,11.5,16.1,16.1,16.2,16.1,16.1,16.1,16.1,16.1,16.1,11.8,16.1,16.1,16.1,16.1,16.1,16.1,12,11.9
0.0000752,12,16.1,16.1,16.1,16.1,16.1,16.1,16.1,16.1,16.2,16.1,11,16.1,16.1,16.1,16.1,16.2,16.1,16.1,16.1,16.1,8.91,16.1,16.1,16.1,16.1,16.1,16.1,16.2,16.1,16.1,8.39,16.1,16.1,16.1,16.1,16.1,16.1,16.1,16.1,16.1,8.35,16.1,16.1,16.1,16.1,16.1,16.1,16.1,16.1,16.1,8.35,16.1,16.1,16.1,16.1,16.1,16.1,16.1,16.1,16.1,8.43,16.1,16.1,16.1,16.1,16.1,16.1,16.1,16.1,16,10.4,16.1,16.2,16.1,16.1,16.1,16.1,16.1,16.1,16.1,11.5,16.1,16.1,16.2,16.1,16.1,16.1,16.1,16.1,16.1,11.8,16.1,16.1,16.1,16.1,16.1,16.1,12,11.9
0.0000754,12,16.1,16.1,16.1,16.1,16.2,16.1,16.1,16.1,16.1,16.1,11.2,16.1,16.1,16.1,16.2,16.1,16.1,16.1,16.1,16.1,8.91,16.1,16.1,16.2,16.1,16.1,16.1,16.1,16.1,16.1,8.39,16.1,16.1,16.1,16.1,16.1,16.1,16.1,16.1,16.1,8.39,16.1,16.1,16.2,16.1,16.1,16.1,16.1,16.1,16.1,8.35,16.2,16.1,16.2,16.1,16.1,16.1,16.2,16.1,16.1,8.43,16.1,16.2,16.1,16.1,16.1,16.1,16.1,16.1,16.1,10.5,16.1,16.2,16.1,16.1,16.1,16.1,16.1,16.1,16.1,11.5,16.1,16.1,16.1,16.1,16.1,16.1,16.1,16.2,16.1,11.8,16.1,16.1,16.1,16.1,16.1,16.1,12,11.9
0.0000756,12,16.1,16.1,16.1,16.2,16.1,16.1,16.1,16.1,16.1,16.1,11.2,16.1,16.1,16.1,16.2,16.1,16.1,16.1,16.1,16.1,9,16.1,16.1,16.1,16.2,16.1,16.1,16.1,16.1,16.1,8.39,16.1,16.1,16.1,16.1,16.1,16.1,16.1,16.1,16.1,8.35,16.1,16.1,16.1,16.1,16.1,16.1,16.1,16.1,16.1,8.39,16.1,16.1,16.1,16.2,16.1,16.1,16.1,16.1,16.1,8.39,16.2,16.2,16.2,16.1,16.1,16.1,16.1,16.1,16.1,10.5,16.1,16.1,16.2,16.1,16.1,16.1,16.1,16.1,16.1,11.6,16.1,16.1,16.2,16.1,16.1,16.1,16.1,16.1,16.2,11.8,16.1,16.1,16,16.1,16.1,16.1,12,11.9
0.0000758,12,16.2,16.1,16.1,16.1,16.1,16.1,16.1,16.1,16.1,16.1,11.4,16.1,16.1,16.1,16.1,16.1,16.2,16.1,16.1,16.1,9.04,16.1,16.1,16.1,16.1,16.1,16.1,16.1,16.2,16.1,8.39,16.1,16.1,16.1,16.1,16.1,16.1,16.1,16.1,16.1,8.35,16.1,16.1,16.1,16.1,16.1,16.2,16.2,16.1,16.1,8.35,16.2,16.2,16.1,16.1,16.1,16.1,16.1,16.1,16.1,8.39,16.1,16.1,16.1,16.1,16.1,16.1,16.1,16.1,16.1,10.6,16.1,16.1,16.1,16.1,16.1,16,16.2,16.1,16.1,11.6,16.1,16.1,16.1,16.1,16.1,16.1,16.1,16.1,16.1,11.8,16.1,16.1,16.1,16.1,16.1,16.2,12,11.9
0.000076,12.1,16.1,16.1,16.1,16.1,16.1,16.1,16.1,16.1,16.1,16.1,11.4,16.1,16.1,16.2,16.1,16.1,16.1,16.1,16.1,16.1,9.12,16,16.1,16.1,16.1,16.1,16.1,16.1,16.1,16.1,8.35,16.1,16.1,16.2,16.1,16.1,16.1,16.1,16.1,16.1,8.39,16.1,16.1,16.1,16.1,16.1,16.2,16.1,16.1,16.1,8.35,16.1,16.1,16.1,16.1,16.2,16.1,16.1,16.1,16.1,8.39,16.1,16.2,16.1,16.2,16.1,16.1,16.1,16.1,16.1,10.6,16.1,16.1,16.1,16.1,16.1,16.1,16.1,16.1,16.1,11.7,16.2,16.1,16.1,16.1,16.2,16.1,16.1,16.1,16.1,11.8,16.1,16.1,16.1,16.1,16.1,16,12.1,11.9
0.0000762,12.1,16.1,16.1,16.1,16.1,16.1,16.1,16.1,16.1,16.1,16.1,11.5,16.1,16.1,16.1,16.2,16.1,16.1,16.1,16.1,16.1,9.25,16.1,16.1,16.1,16.1,16.1,16.2,16.1,16.1,16.1,8.39,16.1,16.1,16.1,16.1,16.1,16.1,16.1,16.1,16.1,8.39,16.1,16.1,16.1,16.1,16.1,16.2,16.1,16.1,16.1,8.35,16.1,16.1,16.1,16.1,16.1,16.1,16.1,16.1,16.1,8.39,16.1,16.1,16.1,16.1,16.1,16.1,16.1,16.1,16.1,10.6,16.1,16.1,16.1,16.1,16.1,16.1,16.1,16.1,16.1,11.7,16.2,16.1,16.1,16.1,16.1,16.1,16.1,16.2,16.2,11.8,16.1,16.1,16.2,16.1,16.1,16.1,12.1,11.9
0.0000764,12.2,16.1,16.2,16.1,16.1,16.1,16.1,16.1,16.1,16.1,16.1,11.5,16.1,16.1,16.2,16.1,16.2,16.1,16.1,16.1,16.1,9.25,16.2,16.1,16.1,16.1,16.1,16.1,16.1,16.1,16.1,8.35,16.1,16.1,16.1,16.1,16.1,16.1,16.1,16.1,16.1,8.35,16.1,16.1,16.2,16.1,16.1,16.1,16.1,16.1,16.1,8.35,16.1,16.1,16.1,16.1,16.1,16.1,16.1,16.2,16.1,8.39,16.1,16.2,16.1,16.1,16.1,16.1,16.1,16.1,16.2,10.6,16.1,16.1,16.1,16.1,16,16.1,16.1,16.1,16.2,11.7,16.1,16.1,16.1,16.2,16.1,16.1,16.1,16.1,16.1,11.9,16.1,16.2,16.1,16.1,16.1,16.1,12.1,11.8
0.0000766,12.1,16.1,16.1,16.1,16.1,16.1,16.1,16.1,16.2,16.1,16.1,11.5,16.1,16.1,16.1,16.1,16.2,16.1,16.2,16.1,16.2,9.25,16.2,16.1,16.1,16.1,16.1,16.1,16.1,16.1,16.1,8.39,16.1,16.1,16.1,16.1,16.1,16.1,16.1,16.2,16.1,8.35,16.1,16.1,16.1,16.1,16.1,16.1,16.1,16.1,16.1,8.39,16.2,16.1,16.1,16.1,16.1,16.1,16.1,16.1,16.1,8.39,16.1,16.1,16.1,16.1,16.1,16.1,16.1,16.1,16.1,10.6,16.1,16.1,16.1,16.1,16.1,16.2,16.1,16.1,16.1,11.8,16.1,16.1,16.1,16.1,16.1,16.1,16.1,16.1,16.1,11.9,16.1,16.1,16.1,16.1,16.1,16.2,12.2,11.9
0.0000768,12.2,16.1,16.1,16.1,16.1,16.1,16.1,16.1,16,16.1,16.1,11.5,16.1,16.1,16.2,16.1,16.1,16.2,16.1,16.1,16.1,9.21,16.1,16.1,16.1,16.1,16.1,16.1,16.2,16.1,16.1,8.43,16.1,16.1,16.1,16.1,16.1,16.1,16.1,16.1,16.1,8.35,16.1,16.1,16.1,16.1,16.2,16.1,16.1,16.2,16.2,8.39,16,16.1,16.1,16,16.1,16.1,16.1,16.2,16.1,8.43,16.1,16.1,16.2,16.1,16.1,16.1,16.1,16.1,16.1,10.6,16.1,16.1,16.1,16.1,16.1,16.1,16.1,16.1,16.1,11.8,16.1,16.1,16.1,16,16.1,16.2,16.1,16,16.2,12,16.1,16.1,16.1,16.1,16.1,16.1,12.2,12
0.000077,12.2,16.1,16.1,16.1,16.1,16.1,16.1,16.1,16.1,16.1,16.1,11.5,16.1,16.1,16.1,16.2,16.1,16.1,16.1,16.1,16.1,9.17,16.1,16.1,16.1,16.1,16.1,16.1,16.1,16.1,16.1,8.39,16.1,16.1,16.1,16.2,16.1,16.1,16.1,16.1,16.1,8.35,16.1,16.1,16.1,16.1,16.1,16.1,16.1,16.1,16.1,8.35,16.1,16.1,16.1,16.1,16.1,16.1,16.1,16.1,16.1,8.39,16.1,16.1,16.1,16.1,16.1,16.1,16.1,16.1,16.1,10.6,16.1,16.1,16.1,16.2,16.2,16.1,16.1,16.1,16.1,11.9,16.1,16.2,16.2,16.1,16.1,16.2,16.1,16.1,16.1,12,16.1,16.1,16.1,16.1,16.1,16.1,12.1,11.9
0.0000772,12.1,16.1,16.1,16.1,16.1,16.2,16.1,16.1,16.1,16.1,16.1,11.5,16.1,16.1,16.1,16.1,16.1,16.1,16.1,16.2,16.1,9.12,16.1,16.2,16.1,16.1,16.1,16.1,16.1,16.1,16.1,8.35,16.1,16.1,16.1,16.1,16.1,16.1,16.1,16.1,16.1,8.3,16.1,16.1,16.1,16.1,16.1,16.1,16.1,16.1,16.1,8.35,16.1,16.1,16.1,16.1,16.1,16.1,16.1,16.1,16.1,8.39,16.1,16.1,16.1,16.1,16.1,16.1,16.1,16.1,16.1,10.7,16.1,16.1,16.1,16.1,16.1,16.1,16.1,16.2,16.2,11.9,16.1,16.1,16.1,16.1,16.1,16.1,16.1,16.1,16.1,12.1,16.1,16.1,16.1,16.1,16.1,16.1,12.1,12
0.0000774,12.1,16.1,16.1,16.1,16.1,16.1,16.1,16.1,16.1,16.1,16.1,11.5,16.1,16.1,16.1,16.1,16.1,16.1,16.1,16.1,16.1,9.08,16.1,16.1,16.1,16.1,16.1,16.1,16.1,16.2,16.1,8.35,16,16.1,16.1,16.1,16.1,16.1,16.1,16.1,16.1,8.35,16.1,16.1,16.1,16.1,16.2,16.1,16.1,16.1,16.1,8.35,16.1,16.1,16.1,16.1,16.2,16.1,16.2,16.1,16.2,8.43,16.1,16,16.2,16.1,16.1,16.1,16.1,16.1,16.1,10.6,16.1,16.1,16.1,16.1,16.1,16.2,16.1,16.1,16.1,11.9,16.1,16.1,16.1,16.2,16.1,16.1,16.1,16.1,16.1,12.1,16.1,16.2,16.1,16.1,16.1,16.1,11.9,12
0.0000776,12.1,16.1,16.1,16.1,16.1,16.1,16.1,16.1,16.1,16.1,16.1,11.5,16.1,16.1,16.1,16.1,16.1,16.1,16.1,16.2,16.1,9.08,16.2,16.1,16,16.1,16.1,16.1,16.1,16.1,16.1,8.35,16.1,16.1,16.1,16.1,16.1,16.1,16.1,16.1,16.1,8.35,16.2,16.1,16.1,16.1,16.1,16.1,16.1,16.1,16.1,8.35,16.1,16.1,16.1,16.1,16.1,16.1,16.1,16.1,16.1,8.39,16.1,16.1,16.1,16.1,16.1,16.1,16.1,16.1,16.1,10.6,16.1,16.1,16.1,16.1,16.1,16.1,16.1,16.2,16.1,11.9,16.1,16.1,16.2,16.1,16.1,16.1,16.1,16.1,16.1,12.2,16.1,16.1,16.1,16.1,16.2,16.1,11.9,12
0.0000778,12.1,16.1,16.1,16.1,16.1,16.2,16.2,16.1,16.1,16.1,16.1,11.5,16.1,16.1,16.1,16.1,16.1,16.1,16.1,16.1,16.1,9.08,16.1,16.1,16.1,16.1,16.1,16.2,16.1,16.1,16.1,8.39,16.1,16.1,16.1,16.1,16.1,16.1,16.1,16.1,16.1,8.35,16.1,16.1,16.1,16.1,16.1,16.2,16.1,16.1,16.1,8.35,16.1,16.1,16.1,16.1,16.2,16.1,16.1,16.1,16.1,8.39,16.1,16.1,16.1,16.1,16.1,16.1,16.1,16.1,16.1,10.7,16.1,16.2,16.1,16.1,16.1,16.1,16.1,16.1,16.1,11.9,16.2,16.1,16.1,16.1,16.1,16.1,16.1,16.2,16.1,12.2,16.1,16.1,16.1,16.1,16.1,16.1,11.8,11.9
0.000078,12.1,16.1,16.1,16.1,16.1,16.1,16.1,16.1,16.1,16.1,16.1,11.6,16.1,16.1,16.1,16.2,16.1,16.1,16.1,16.1,16.1,9.04,16.1,16.1,16.1,16.1,16.2,16.1,16.1,16.1,16.2,8.39,16.1,16.1,16.1,16.1,16.1,16.1,16.1,16.1,16.1,8.35,16,16.2,16.1,16.1,16.1,16.1,16.1,16.1,16.1,8.35,16.2,16.1,16.1,16.1,16.2,16.1,16.1,16.1,16.1,8.39,16.2,16.1,16.1,16.1,16.1,16.1,16.1,16.1,16.1,10.7,16.1,16.1,16.1,16.1,16.1,16.2,16.1,16.1,16.1,11.9,16.1,16.2,16.1,16.1,16.2,16.1,16.1,16.1,16.1,12.2,16.1,16.2,16.1,16.1,16.1,16.1,11.9,11.9
0.0000782,12.1,16.1,16.1,16.1,16.1,16.1,16.1,16.2,16.1,16.1,16.1,11.6,16.1,16.2,16.1,16.1,16.1,16.1,16.1,16.1,16.2,9.08,16.1,16.1,16.1,16.1,16.1,16.1,16.1,16.1,16.1,8.35,16.1,16.1,16.1,16.1,16.1,16.2,16.1,16.1,16.1,8.35,16.1,16.1,16.1,16.1,16.1,16.1,16.1,16.1,16.1,8.35,16.2,16.1,16.1,16.1,16.1,16.1,16.1,16.1,16.1,8.39,16.1,16.1,16.1,16.1,16.1,16.2,16.1,16.1,16.1,10.7,16.1,16.1,16.1,16.1,16.1,16.1,16.1,16.1,16.1,11.9,16.1,16.1,16.1,16.1,16.1,16.1,16.1,16.1,16,12.2,16.1,16.1,16.1,16,16.2,16.1,11.9,11.9
0.0000784,12,16.1,16.2,16.1,16.1,16.1,16.2,16.1,16.1,16.1,16.1,11.6,16.1,16.1,16.1,16.1,16.1,16.2,16.1,16.2,16.1,9.12,16.1,16,16.1,16.1,16.1,16,16.1,16.1,16.1,8.35,16.1,16.1,16.1,16.1,16.1,16.1,16.1,16.1,16.1,8.35,16.1,16.1,16.1,16.1,16.1,16.1,16.1,16.1,16.1,8.35,16.1,16.1,16.1,16.1,16.1,16.1,16.1,16.2,16.1,8.39,16.1,16.1,16.1,16.1,16.1,16.1,16.1,16.1,16.1,10.8,16.2,16.1,16.1,16.1,16.1,16.1,16.1,16.1,16.1,11.9,16.1,16.1,16.1,16.1,16.1,16.1,16.1,16.2,16.1,12.2,16.1,16.1,16.1,16.1,16.1,16.1,12,11.9
0.0000786,12,16.1,16.1,16.1,16.1,16.1,16.1,16.1,16.1,16.1,16.1,11.6,16.2,16.1,16.2,16.2,16.1,16.1,16.2,16.1,16.1,9.25,16.1,16.1,16.1,16.1,16.2,16.1,16.1,16.1,16.1,8.39,16.1,16.1,16.1,16.1,16.1,16.1,16.1,16.1,16.1,8.35,16.1,16.1,16.1,16.1,16.1,16.1,16.2,16.1,16.2,8.39,16.1,16.1,16.2,16.1,16.1,16.1,16.1,16.1,16.1,8.39,16.1,16.1,16.1,16.2,16.1,16.1,16.1,16.1,16.1,10.8,16.1,16.1,16.1,16.1,16.1,16.1,16.2,16.1,16.1,11.9,16.1,16.2,16.2,16.1,16.1,16.1,16.1,16.1,16.1,12.2,16.1,16.1,16.1,16.1,16.2,16.1,12.1,11.8
0.0000788,12.1,16.1,16.1,16.1,16.1,16.2,16.1,16.1,16.1,16.1,16.1,11.7,16.1,16.1,16.2,16.1,16.2,16.1,16.1,16.1,16.1,9.34,16.1,16.1,16.1,16.1,16.1,16.1,16.1,16.2,16.1,8.35,16.1,16.1,16.1,16.1,16.1,16.1,16.1,16.1,16.1,8.35,16.1,16.1,16.1,16.1,16.1,16.1,16.1,16.1,16.1,8.35,16.1,16.1,16.1,16.1,16.1,16.1,16.1,16.1,16.1,8.43,16.1,16.1,16.1,16.1,16.1,16.1,16.1,16.1,16.2,10.8,16.1,16.1,16.1,16.2,16.1,16.1,16.1,16.1,16.1,11.9,16.1,16.1,16.1,16.1,16.1,16.1,16.1,16.1,16.1,12.2,16.1,16.1,16.1,16.2,16.1,16.1,12.2,11.9
0.000079,12.1,16.1,16.1,16.1,16.1,16.2,16.2,16.1,16.1,16.1,16.1,11.7,16.1,16.1,16.1,16.1,16.1,16.1,16.1,16.1,16.1,9.43,16.1,16.1,16.1,16.1,16.1,16.1,16.2,16.1,16.1,8.39,16.1,16.1,16.1,16.1,16.1,16.1,16.1,16.1,16.1,8.35,16.1,16.1,16.1,16.1,16.2,16.1,16.1,16.1,16.2,8.39,16.1,16.1,16.1,16.1,16.1,16.1,16.1,16.1,16.2,8.43,16.1,16.1,16.1,16.1,16.1,16.1,16.1,16.1,16.1,10.9,16.2,16.1,16.1,16.1,16.1,16.1,16,16.1,16.1,11.9,16.1,16.1,16.1,16.1,16.1,16.1,16.1,16.1,16.1,12.2,16.1,16.1,16.2,16.1,16.1,16.1,12.2,11.9
0.0000792,12.1,16.1,16.1,16.1,16.1,16.2,16.1,16,16.1,16.1,16.1,11.8,16.1,16.1,16.1,16.1,16.1,16.1,16.1,16.2,16.1,9.38,16,16.1,16.1,16.1,16.1,16.1,16.1,16.1,16.1,8.39,16.1,16.1,16.1,16.1,16.1,16.1,16.1,16.1,16.1,8.35,16.1,16.1,16.2,16.1,16.1,16.1,16.2,16.1,16.2,8.39,16.1,16.1,16.1,16.1,16.1,16.1,16.1,16.1,16.1,8.39,16.1,16.1,16.1,16.1,16.1,16.1,16.1,16.1,16.1,10.9,16.1,16.1,16.1,16.1,16.1,16.1,16.1,16.1,16.1,12,16.1,16.1,16.1,16.1,16.1,16.1,16.1,16.1,16.1,12.2,16.2,16.1,16.1,16.1,16.1,16.1,12.2,11.9
0.0000794,12.1,16.2,16.1,16,16.1,16.1,16.1,16.1,16.1,16.1,16.1,11.8,16.1,16.1,16.1,16.1,16.1,16.1,16.1,16.1,16.1,9.43,16.1,16.1,16.1,16.1,16.2,16.1,16.1,16.1,16.1,8.35,16.1,16.1,16.1,16.1,16.1,16.1,16.1,16.2,16.1,8.35,16.1,16.1,16.1,16.1,16.1,16.1,16.1,16.1,16.1,8.35,16.1,16.1,16.1,16.1,16.1,16.1,16.1,16.1,16.1,8.39,16.1,16.1,16.1,16.1,16.1,16.1,16.1,16.1,16.1,10.9,16.1,16.1,16.1,16.1,16.2,16.1,16.1,16.1,16.1,12,16.1,16.2,16.1,16.1,16.1,16.1,16.1,16.1,16.1,12.2,16.1,16.1,16.2,16.1,16.1,16,12.2,11.9
0.0000796,12.1,16.1,16.1,16.2,16.1,16.1,16.1,16.1,16.1,16.1,16.1,11.8,16.1,16.1,16.1,16.2,16.2,16.1,16.1,16.1,16.1,9.34,16.1,16.1,16.1,16.1,16.1,16.1,16.1,16.1,16.1,8.39,16.2,16.1,16.1,16.1,16.1,16.1,16.1,16.1,16,8.35,16.1,16.1,16.1,16.1,16.1,16.2,16.1,16.1,16.1,8.35,16.1,16.1,16.1,16.1,16.1,16.1,16.1,16.1,16.1,8.39,16.1,16.1,16.1,16.1,16.1,16.2,16.1,16.1,16.1,10.9,16.2,16.1,16.1,16.1,16.1,16.1,16.1,16.1,16.1,12,16.1,16.1,16.2,16.1,16.1,16.1,16.1,16.1,16.1,12.2,16.1,16.1,16.1,16.1,16.1,16.1,12.2,11.9
0.0000798,12.1,16.1,16.1,16.1,16.1,16.1,16.1,16.1,16.1,16.1,16.1,11.8,16.1,16.1,16.2,16.1,16.1,16.1,16.1,16.1,16.1,9.25,16.1,16.1,16.1,16.1,16.1,16.1,16.1,16.1,16.1,8.39,16.1,16.1,16.1,16.2,16.1,16.1,16.1,16.1,16.1,8.39,16.1,16.1,16.1,16.1,16.1,16.1,16.1,16.1,16.2,8.35,16.1,16.1,16.1,16.1,16.1,16.1,16.1,16.2,16.1,8.39,16.2,16.2,16.2,16.1,16.1,16.1,16.1,16.1,16.1,10.9,16.1,16.1,16.1,16.1,16.1,16.1,16.1,16.1,16.1,12.1,16.1,16.1,16.1,16.1,16.1,16.1,16.1,16.1,16,12.2,16.1,16.1,16.1,16.2,16.1,16.1,12.1,11.9
0.00008,12.1,16.1,16.2,16.1,16.1,16.1,16.1,16.1,16.1,16.1,16.1,11.8,16.1,16.1,16.2,16.1,16.1,16.2,16.1,16.1,16.1,9.25,16.1,16.1,16.1,16.1,16.1,16.1,16.1,16.1,16.1,8.35,16.2,16.2,16.1,16.1,16.1,16.1,16.1,16.1,16.1,8.3,16.1,16.1,16.1,16.2,16.1,16.1,16.2,16.2,16.1,8.35,16.1,16.1,16.1,16.1,16.2,16.1,16.1,16.1,16.1,8.43,16.1,16,16.1,16.1,16.2,16.1,16.1,16.2,16.2,10.8,16.1,16.1,16.1,16.1,16.1,16.1,16.1,16.1,16.1,12.1,16.1,16.1,16.1,16.2,16.1,16.1,16.1,16.1,16.1,12.3,16.1,16.2,16.1,16.1,16.1,16.1,12,11.9
0.0000802,12,16.1,16.1,16.1,16.1,16.1,16.1,16.1,16.2,16.2,16.1,11.8,16.1,16.1,16.1,16.1,16.1,16.1,16.2,16.1,16.1,9.25,16.2,16.1,16.2,16.1,16.1,16.1,16.2,16.1,16.1,8.35,16.1,16.1,16.2,16.1,16.1,16.1,16.1,16.1,16.1,8.35,16.1,16.1,16.1,16.1,16.1,16.2,16.1,16.1,16.1,8.39,16.1,16.1,16.1,16.1,16.1,16.1,16.1,16.1,16.2,8.39,16.1,16.1,16.1,16.1,16.1,16.1,16.1,16.1,16,10.8,16.1,16.1,16.1,16.1,16.1,16.1,16.1,16.1,16.2,12.2,16.1,16,16.1,16.1,16.2,16.2,16.1,16.1,16.1,12.2,16.1,16.1,16.1,16.1,16.1,16.2,11.9,11.9
0.0000804,12,16.1,16.1,16.2,16.1,16.1,16.1,16.1,16.1,16.1,16.1,11.8,16.2,16.2,16.1,16.1,16.2,16.1,16.1,16.1,16.1,9.21,16.1,16.1,16.1,16.2,16.1,16.1,16.1,16,16.1,8.35,16.1,16.1,16.1,16.1,16.1,16.1,16.1,16.1,16.1,8.3,16.1,16.1,16.1,16.2,16.2,16.1,16.1,16.1,16.2,8.35,16.1,16.1,16.1,16.1,16.1,16.1,16.1,16.1,16.1,8.43,16.1,16.1,16.1,16.1,16.1,16.1,16.1,16.1,16.1,10.8,16.1,16.1,16.1,16.1,16.1,16.1,16.1,16.2,16.1,12.1,16.1,16.1,16.1,16.1,16.1,16.1,16,16.1,16.2,12.3,16.1,16.1,16.1,16.1,16.1,16.1,12,11.9
0.0000806,12,16.2,16.1,16.1,16.1,16.2,16.1,16.1,16.1,16.1,16.1,11.8,16.1,16.1,16.1,16.1,16.1,16.1,16.2,16.2,16.2,9.21,16.1,16.1,16.1,16.1,16.1,16.1,16.1,16.1,16.1,8.39,16.1,16.1,16.1,16.1,16.1,16.1,16.1,16.1,16.1,8.35,16.1,16.1,16.1,16.1,16.1,16.1,16.1,16.1,16.1,8.35,16.1,16.1,16.1,16.2,16.2,16.1,16.1,16.1,16.1,8.39,16.1,16.1,16.1,16.1,16.1,16.2,16.1,16.1,16.1,10.8,16,16.1,16.1,16.1,16.1,16.1,16.1,16.1,16.1,12.1,16.1,16.1,16.1,16.1,16.1,16.1,16.1,16.1,16.1,12.3,16.1,16.1,16.1,16.1,16.1,16.1,12,12
0.0000808,12,16.2,16.1,16.1,16.1,16.1,16.1,16.1,16.1,16.1,16.1,11.8,16.1,16.1,16.1,16.1,16.2,16.1,16.1,16.1,16.1,9.3,16.1,16.2,16.1,16.1,16.1,16.2,16.1,16.1,16.1,8.35,16.1,16.1,16.1,16.1,16.2,16.1,16.1,16.1,16.1,8.3,16.1,16,16.1,16.1,16.1,16.1,16.1,16.2,16.1,8.35,16.1,16.1,16.1,16.1,16.1,16.1,16.1,16.1,16.1,8.39,16.1,16.2,16.1,16.1,16.1,16.1,16.2,16.1,16.1,10.8,16.1,16.1,16.1,16.1,16.2,16.1,16.1,16.2,16.1,12.2,16,16.1,16.1,16.1,16.1,16.1,16.1,16.1,16.1,12.3,16.1,16.1,16.1,16.1,16.1,16.1,12,11.9
0.000081,12,16.1,16.1,16.1,16.1,16.1,16.1,16.1,16.1,16.1,16.1,11.8,16.1,16.1,16.2,16.1,16.2,16.1,16.1,16.1,16.1,9.3,16.1,16.1,16.1,16.1,16.1,16.1,16.1,16.1,16.1,8.35,16.2,16.1,16.1,16.1,16.1,16.1,16.1,16.1,16.1,8.3,16.1,16.2,16.1,16.1,16.1,16.1,16.1,16.1,16.1,8.3,16.1,16.1,16.2,16.1,16.1,16.1,16.1,16.1,16.1,8.39,16.1,16.2,16.1,16.1,16.1,16.1,16.1,16.1,16.1,10.8,16.1,16.1,16.1,16.1,16.1,16.1,16.1,16.1,16.1,12.1,16.1,16.1,16,16.1,16.1,16.1,16.1,16.1,16.1,12.4,16.1,16.1,16.1,16.1,16.1,16.1,12,12
0.0000812,12,16.1,16.1,16.1,16.1,16.1,16.1,16.2,16.1,16.1,16.1,11.8,16.1,16.1,16.1,16.1,16.2,16.1,16.1,16.1,16.1,9.34,16.1,16.1,16.1,16.1,16.1,16.2,16.1,16.1,16.1,8.35,16.1,16.1,16.1,16.1,16.1,16.2,16.1,16.1,16.1,8.35,16.1,16.1,16.1,16.1,16.1,16.1,16.1,16.1,16.1,8.35,16.1,16.2,16.2,16.1,16.1,16,16.1,16.1,16.1,8.39,16.1,16.1,16.1,16.1,16.1,16.1,16.1,16.1,16.1,10.9,16.1,16.1,16.1,16.1,16.1,16.1,16.1,16.1,16.1,12.2,16.1,16.1,16.1,16.1,16.1,16.1,16.1,16.1,16.1,12.4,16.1,16.1,16.1,16.1,16.1,16.1,12,11.9
0.0000814,12,16.1,16.1,16.2,16.1,16.1,16.1,16,16.1,16.1,16.1,11.8,16.1,16.1,16.1,16.1,16.1,16.2,16.1,16.1,16.2,9.38,16.1,16.1,16.1,16.1,16.2,16.1,16.1,16.1,16.1,8.39,16.1,16.1,16.1,16.1,16.1,16.1,16.1,16.1,16.1,8.3,16.1,16.1,16.1,16.1,16.1,16.2,16.1,16.1,16.1,8.35,16.1,16,16.1,16.1,16.1,16.2,16.1,16.1,16.1,8.43,16.1,16.2,16.1,16.1,16.1,16.1,16.1,16.1,16.1,10.9,16.1,16.1,16.1,16.1,16.1,16.1,16.1,16.1,16.1,12.1,16.1,16.1,16.1,16.1,16.1,16.1,16.1,16.1,16.1,12.4,16.1,16.1,16.1,16.1,16.1,16.1,12.1,11.9
0.0000816,12.1,16.1,16.1,16.1,16.1,16.1,16.1,16.1,16.1,16.2,16.1,11.8,16.1,16.1,16.2,16.1,16.1,16.1,16.1,16.1,16.1,9.34,16.2,16.2,16.1,16.1,16.1,16.1,16.1,16.1,16.1,8.35,16.1,16.1,16.1,16.1,16.1,16.2,16.1,16.1,16.2,8.35,16.1,16.1,16.1,16.1,16.1,16.1,16.1,16.1,16.1,8.3,16.1,16.1,16,16.1,16.1,16.1,16.1,16.1,16.1,8.39,16.1,16.1,16.1,16.1,16.1,16.1,16.2,16.2,16.2,10.9,16.2,16.1,16.1,16.1,16.1,16.1,16.1,16.1,16.1,12.1,16.1,16.1,16.1,16.1,16.1,16.1,16,16.1,16.1,12.4,16.1,16.1,16.1,16.1,16.1,16.1,12.1,11.9
0.0000818,12.1,16.1,16.1,16.1,16.2,16.1,16.1,16.2,16.1,16.1,16.1,11.8,16.1,16.1,16.1,16.1,16.1,16.1,16.1,16.1,16.1,9.34,16.1,16.1,16.1,16.1,16.2,16.1,16.1,16.1,16.1,8.3,16.1,16.1,16.1,16.1,16.1,16.1,16.1,16.1,16.2,8.35,16.2,16.1,16.1,16.1,16.1,16.2,16.1,16.1,16.1,8.35,16.1,16.1,16.1,16.1,16.1,16.1,16.1,16.1,16.1,8.43,16.1,16,16.1,16.1,16.1,16.1,16.1,16.1,16.1,11,16.1,16.1,16.2,16.1,16.1,16.1,16.1,16.1,16.1,12.1,16.1,16.2,16.1,16.1,16.1,16.2,16.1,16.1,16.1,12.3,16.1,16.1,16.1,16.1,16.1,16.1,12.1,11.9
0.000082,12.1,16.1,16.1,16.1,16.2,16.2,16.1,16.1,16.1,16.1,16.1,11.8,16.1,16.1,16.1,16.1,16.1,16.1,16.1,16.2,16.1,9.38,16.1,16.2,16.1,16.1,16.1,16.1,16.1,16.1,16.1,8.39,16.1,16.1,16.1,16.1,16.1,16.1,16.1,16.1,16.2,8.39,16.1,16.1,16.1,16.2,16.1,16.1,16.1,16.1,16.1,8.3,16.1,16.1,16.1,16.1,16.1,16.1,16.1,16.1,16.1,8.35,16.1,16.1,16.1,16.1,16.1,16.1,16.2,16.1,16.1,11,16.1,16.1,16.1,16.1,16.1,16.1,16.1,16.1,16.1,12,16.2,16.1,16.2,16.1,16.1,16.1,16.1,16.1,16.1,12.3,16.1,16.2,16.1,16.1,16.1,16.1,12.1,11.9
0.0000822,12,16.1,16.1,16.1,16.2,16.1,16.1,16.1,16.1,16.1,16.1,11.9,16.2,16.1,16.1,16.1,16.2,16.1,16.1,16.1,16.1,9.38,16.2,16.1,16.1,16.2,16.1,16.2,16.1,16.1,16.1,8.35,16.1,16.1,16.1,16.1,16.1,16.1,16.1,16.1,16.1,8.35,16.1,16.1,16.1,16.1,16.1,16.2,16.1,16.1,16.1,8.35,16.1,16.1,16.1,16.1,16.1,16.1,16.1,16.1,16.1,8.39,16.1,16.1,16.1,16.1,16.1,16.1,16.1,16.1,16.1,11,16.1,16.2,16.1,16.1,16.2,16.2,16.1,16.1,16.1,12,16.2,16,16.1,16.1,16.1,16.1,16.1,16.1,16.1,12.4,16.1,16.1,16.1,16.1,16.1,16.1,12.1,11.8
0.0000824,12.1,16.1,16.1,16.1,16.1,16.1,16.1,16.1,16.1,16.1,16.1,11.8,16.1,16.1,16.1,16.1,16.1,16.2,16.1,16.1,16.1,9.38,16.1,16.1,16.1,16.1,16.1,16.1,16.1,16.1,16.2,8.35,16.1,16.1,16.1,16.1,16.1,16.1,16.1,16.1,16.1,8.35,16.2,16.1,16.1,16.1,16.1,16.1,16.1,16.1,16.1,8.3,16.1,16.2,16.1,16.1,16.1,16.1,16.1,16.1,16.1,8.39,16.1,16.1,16.1,16.1,16.1,16.1,16.1,16.1,16.1,11,16.1,16.1,16.1,16.1,16.1,16.1,16.1,16.1,16.2,12,16.1,16.1,16.1,16.1,16.1,16.1,16.1,16.1,16.2,12.3,16.1,16.1,16.1,16.1,16.1,16.1,12.1,11.8
0.0000826,12,16.2,16.1,16.1,16.2,16.1,16.1,16.1,16.1,16.2,16.1,11.8,16.1,16.1,16.1,16.1,16.1,16.2,16.2,16.1,16.1,9.34,16.1,16.1,16.1,16.1,16.1,16.1,16.1,16.1,16.1,8.35,16.1,16.1,16.2,16.1,16.1,16.1,16.1,16.1,16.1,8.35,16.1,16.1,16.1,16.1,16.2,16.1,16.1,16.2,16.1,8.3,16.2,16.1,16.1,16.1,16.1,16.2,16.1,16.1,16.1,8.43,16.1,16.1,16.1,16.1,16.1,16.1,16.2,16.1,16.1,11,16.1,16.1,16.2,16.1,16.1,16.1,16.1,16.2,16.1,12,16.1,16.1,16.1,16.1,16.1,16.2,16.1,16.1,16.2,12.3,16.2,16.1,16.1,16.1,16.1,16.1,12.1,11.8
0.0000828,12,16.1,16.1,16.1,16.1,16.1,16.2,16.1,16.1,16.1,16.1,11.8,16.1,16.1,16.1,16.1,16.1,16.1,16.1,16.1,16.1,9.38,16.1,16.1,16.1,16.1,16.1,16.1,16.1,16.2,16.1,8.35,16.1,16.1,16.1,16.1,16.1,16.1,16.1,16.1,16.1,8.35,16.1,16.1,16.1,16.1,16.1,16.1,16.1,16.1,16.1,8.35,16.1,16.1,16.1,16.1,16.1,16.1,16.1,16.1,16.1,8.43,16.2,16.1,16.1,16.1,16.1,16.1,16.1,16.1,16.1,10.9,16.1,16.1,16.1,16.1,16.2,16.2,16.1,16.1,16.1,12.1,16.1,16.1,16.1,16.1,16.1,16.1,16.2,16.1,16.1,12.4,16.1,16.1,16.1,16.2,16.1,16.1,12.1,11.8
0.000083,12.1,16.1,16.1,16.1,16.1,16.1,16.2,16.1,16.2,16.1,16.1,11.8,16.1,16.1,16.1,16.1,16.1,16.1,16,16.1,16.1,9.38,16.1,16.1,16.1,16.1,16.1,16.1,16.1,16.1,16.1,8.39,16.1,16.1,16.1,16.1,16.1,16.1,16.1,16.1,16.1,8.35,16.1,16.1,16.2,16.1,16.1,16.1,16.1,16.1,16.2,8.35,16.1,16.1,16.1,16.1,16.1,16.2,16.1,16.1,16.1,8.43,16.1,16.1,16.1,16.1,16.1,16.2,16.1,16.1,16,10.9,16.1,16.1,16.1,16.1,16.1,16.1,16.1,16.1,16.1,12.1,16.1,16.1,16.1,16.1,16.1,16.1,16.1,16.1,16.1,12.4,16.1,16.1,16.1,16.1,16.1,16.1,12,11.9
0.0000832,12.1,16.1,16.1,16.1,16.2,16.1,16.1,16.2,16.1,16.1,16.1,11.8,16.1,16.1,16.1,16.1,16.1,16.1,16.1,16.1,16.1,9.34,16.1,16.1,16.1,16.1,16.1,16.1,16.1,16.1,16.1,8.35,16.1,16.1,16.1,16.1,16.1,16.1,16.1,16.1,16.1,8.35,16.1,16,16,16.1,16.1,16.1,16.1,16.1,16.1,8.35,16.1,16.1,16.1,16.1,16.1,16.1,16.1,16.1,16.1,8.43,16.1,16.1,16.1,16.1,16.1,16.1,16.2,16.1,16.2,10.9,16.1,16.1,16.1,16.1,16.2,16.1,16.1,16.1,16.1,12.2,16.1,16.1,16.1,16.1,16.1,16.1,16.1,16.1,16.1,12.4,16.1,16.1,16.1,16.2,16.1,16.1,12,11.9
0.0000834,12,16.1,16.1,16.2,16.2,16.1,16.1,16.1,16.1,16.2,16.1,11.8,16.1,16.1,16.1,16.1,16.1,16.1,16.1,16.1,16.1,9.34,16.1,16.2,16.1,16.1,16.1,16.1,16.1,16.1,16.1,8.35,16.1,16.1,16.1,16.1,16.1,16.1,16.1,16.1,16.2,8.3,16.2,16.1,16.1,16.1,16.1,16.1,16.1,16.1,16.1,8.39,16.1,16.2,16.1,16.1,16.1,16.1,16.1,16.1,16.1,8.43,16.1,16.1,16.1,16.1,16.1,16.2,16.1,16.1,16.1,10.9,16.1,16.1,16.1,16.1,16.1,16.1,16.1,16.1,16.1,12.2,16.1,16.1,16.1,16.1,16.1,16.1,16.1,16.1,16.1,12.4,16.1,16.1,16.1,16.1,16.1,16.1,12,12
0.0000836,12,16.1,16.1,16.1,16.1,16.1,16.1,16.1,16.1,16.2,16.1,11.8,16.1,16.1,16.1,16.1,16.1,16.1,16.1,16.1,16.1,9.38,16.1,16.1,16.1,16.1,16.1,16.1,16.1,16.1,16.1,8.35,16.1,16.1,16.1,16.1,16.1,16.1,16.1,16.1,16.1,8.35,16.1,16.1,16.1,16.1,16.1,16.2,16.1,16.1,16.1,8.35,16.1,16.1,16.1,16.1,16.1,16.1,16.1,16,16.1,8.39,16.1,16.1,16.1,16.1,16.1,16.1,16.1,16.1,16.1,10.8,16.1,16.1,16.1,16.1,16.1,16.1,16.1,16.1,16.1,12.2,16.1,16.1,16.1,16.1,16.1,16.1,16.1,16.1,16.1,12.3,16.1,16.1,16.1,16.1,16.2,16.1,12,12.1
0.0000838,11.9,16.1,16.1,16.1,16.1,16.1,16.1,16.1,16.1,16.2,16.1,11.8,16.1,16.1,16.1,16.1,16.1,16.1,16.1,16.1,16.2,9.34,16.1,16.1,16.1,16.1,16.2,16.2,16.1,16.1,16.1,8.35,16.1,16.1,16.1,16.1,16.1,16.1,16.1,16.1,16.2,8.35,16.1,16.1,16.1,16.1,16.1,16.1,16.2,16.1,16.1,8.35,16.1,16.2,16.1,16.1,16.1,16.1,16.1,16.1,16.1,8.39,16.1,16.1,16.1,16.1,16.1,16.1,16.1,16.1,16.1,10.9,16.1,16.1,16.1,16.1,16.1,16.1,16.1,16.1,16.1,12.2,16.1,16.1,16.1,16.1,16.1,16.1,16.1,16.2,16.1,12.4,16.1,16.2,16.1,16.1,16.2,16.1,12,12
0.000084,11.9,16.1,16.1,16.1,16.1,16.1,16.1,16.1,16.1,16.1,16.1,11.8,16.1,16.1,16.1,16.2,16.1,16.2,16.1,16.1,16.1,9.38,16.1,16.1,16,16.1,16.1,16.1,16.1,16.1,16.1,8.35,16.1,16.1,16,16.1,16.1,16.1,16.1,16.2,16.1,8.35,16.1,16.1,16.1,16.1,16.1,16.1,16.2,16.1,16.1,8.39,16.1,16.1,16.1,16.1,16.1,16.1,16.1,16.1,16.1,8.39,16.1,16.1,16.1,16.1,16.2,16.1,16.1,16.1,16.1,10.9,16.1,16.1,16.2,16.1,16.2,16.1,16.1,16.2,16.2,12.2,16.1,16.1,16.1,16.1,16.1,16.1,16.1,16.1,16.1,12.4,16.1,16.2,16.1,16.2,16.1,16.1,12,12
0.0000842,12,16.2,16.1,16.1,16.1,16.1,16.1,16.1,16.1,16.1,16.1,11.8,16.1,16.1,16.2,16.1,16.1,16.2,16.1,16.1,16.1,9.38,16.1,16.1,16.1,16.1,16.1,16.1,16.1,16.1,16.1,8.35,16.1,16.1,16.1,16.1,16.1,16.1,16.1,16.1,16.1,8.3,16.1,16.1,16.1,16.1,16.1,16.1,16.1,16.1,16.1,8.35,16.1,16.1,16.1,16.1,16.1,16.1,16.1,16.1,16.1,8.35,16.1,16.1,16.1,16.1,16.1,16.1,16.1,16.1,16.1,10.9,16.1,16.1,16.1,16.1,16.1,16.1,16.1,16.1,16.1,12.2,16.1,16.1,16.1,16.1,16.1,16.1,16.1,16.1,16.1,12.4,16.1,16.1,16.1,16.1,16.1,16.1,12,12
0.0000844,12.1,16.1,16.1,16.1,16.1,16.1,16.1,16.1,16.1,16.1,16.1,11.8,16.1,16.2,16.1,16.1,16.1,16.1,16.1,16.2,16.1,9.43,16.1,16.2,16.1,16.1,16.1,16.1,16.1,16.1,16.1,8.39,16.1,16.1,16.2,16.1,16.1,16.1,16.1,16.1,16.1,8.35,16.1,16.1,16.1,16.1,16.2,16.1,16.1,16.1,16.1,8.35,16.1,16.1,16.1,16.1,16.1,16.1,16.1,16.1,16.1,8.35,16.1,16.1,16.1,16.1,16.2,16.1,16.1,16.1,16.1,10.9,16.1,16.1,16.1,16.2,16.1,16.1,16.1,16.1,16.1,12.2,16.1,16.1,16.1,16.2,16.1,16.1,16.1,16.1,16.1,12.4,16.2,16.1,16.1,16.1,16.1,16.1,12,11.8
0.0000846,12.2,16.1,16.1,16.1,16.1,16.1,16.1,16.2,16.1,16.1,16.1,11.8,16.1,16.2,16.2,16.1,16.1,16.1,16.1,16.1,16.1,9.38,16.1,16.1,16.1,16.1,16.1,16.2,16.1,16.1,16.1,8.3,16.2,16.1,16,16.1,16.2,16.1,16.1,16.1,16.1,8.3,16.1,16.1,16.1,16.1,16.2,16.1,16.2,16.1,16.2,8.3,16.1,16.1,16.1,16.1,16.1,16.1,16.1,16.1,16.1,8.35,16.2,16.2,16.1,16.1,16.1,16.1,16.1,16.1,16.1,10.9,16.1,16.1,16.1,16.1,16.1,16.1,16.1,16.2,16.1,12.1,16.1,16.1,16.1,16.1,16.1,16.1,16.1,16.1,16.1,12.4,16.1,16.1,16.1,16.1,16.2,16.1,12.1,11.9
0.0000848,12.2,16.2,16.2,16.1,16.1,16.1,16.1,16.1,16.1,16.1,16.1,11.8,16.1,16.1,16.2,16.2,16.1,16.1,16.1,16.1,16.1,9.43,16.1,16.1,16.2,16.1,16.2,16.1,16.1,16.1,16.1,8.3,16.1,16.1,16.1,16.2,16.1,16.1,16.1,16.1,16.1,8.35,16.1,16.1,16.1,16.1,16.1,16.1,16.1,16.1,16.1,8.35,16.1,16.1,16.1,16.1,16.1,16.2,16.1,16.1,16.1,8.39,16.2,16.1,16.2,16.1,16.1,16.2,16.1,16.1,16.1,11,16.2,16.1,16.1,16.1,16.1,16.1,16.1,16.1,16.1,12,16.1,16.1,16.1,16.1,16.1,16.1,16.1,16.1,16.1,12.4,16.1,16.1,16.1,16.1,16.1,16.1,12.1,11.8
0.000085,12.2,16.1,16.1,16.1,16.1,16.1,16.1,16.2,16.1,16.2,16.1,11.9,16.1,16.1,16.1,16.1,16.1,16.1,16.1,16.1,16.1,9.47,16.1,16.2,16.1,16.1,16.1,16.1,16.2,16.1,16.2,8.39,16.1,16.1,16.1,16.1,16.2,16.1,16.1,16.1,16.1,8.3,16.1,16.1,16.1,16.1,16.1,16.1,16.1,16.2,16.1,8.3,16.1,16.1,16.2,16.1,16.1,16.1,16.1,16.1,16.1,8.43,16.2,16.1,16.2,16.1,16.2,16.1,16.2,16.1,16.1,11,16.1,16.1,16.1,16.1,16.1,16.1,16.2,16.2,16.1,12,16.1,16.1,16.1,16.1,16.1,16.1,16.1,16.1,16.1,12.3,16.1,16.1,16.1,16.1,16.1,16.1,12,11.8
0.0000852,12.2,16.1,16.1,16.1,16.1,16.1,16.1,16.1,16.1,16.1,16.1,11.8,16.1,16.1,16.1,16.1,16.2,16.1,16.1,16.2,16.1,9.47,16.2,16.1,16.1,16.1,16.1,16.1,16.1,16.1,16.1,8.3,16.1,16.1,16.1,16.1,16.1,16.1,16.1,16.1,16.1,8.35,16.1,16.1,16.1,16.1,16.1,16.1,16.1,16.1,16.1,8.35,16.2,16.1,16.1,16.1,16.1,16.1,16.1,16.1,16.1,8.39,16.1,16.1,16.1,16.1,16.1,16.1,16.2,16.2,16.1,11,16.1,16.1,16.1,16.1,16.1,16.1,16.1,16.1,16.2,12,16.1,16.1,16.2,16.1,16.1,16.1,16.1,16.1,16.1,12.3,16.1,16.1,16.1,16.1,16.1,16.1,12.1,11.8
0.0000854,12.2,16.2,16.1,16.1,16.1,16.1,16.1,16.1,16.1,16.1,16.1,11.8,16.2,16.2,16.1,16.2,16.1,16.1,16.2,16.1,16.1,9.51,16.2,16.1,16.1,16.2,16.1,16.1,16.1,16.2,16.1,8.39,16.1,16.1,16.1,16.1,16.1,16.1,16.1,16.1,16.1,8.35,16.1,16.1,16.1,16.1,16.1,16.1,16.1,16.1,16.1,8.39,16.1,16.1,16.1,16.2,16.1,16.1,16.1,16.1,16.1,8.43,16.1,16.1,16.1,16.1,16.1,16.1,16.1,16.1,16.1,10.9,16.2,16.1,16.1,16.1,16.1,16.1,16.2,16.2,16.1,12.1,16.1,16.1,16.1,16.1,16.1,16.1,16.1,16.1,16.1,12.3,16.1,16.1,16.1,16.1,16.1,16.1,12.1,11.8
0.0000856,12.1,16.1,16.1,16.1,16.1,16.1,16.1,16.1,16.1,16.2,16.2,11.8,16.2,16.1,16.1,16.1,16.1,16.1,16.1,16.1,16.1,9.47,16.1,16.1,16.1,16.1,16.1,16.1,16.1,16,16.2,8.3,16.1,16.1,16,16.1,16.1,16.1,16.1,16.1,16.1,8.35,16.1,16.1,16.1,16.1,16.1,16.1,16.1,16.1,16,8.35,16.1,16.2,16.1,16.1,16.1,16.1,16.1,16.1,16.1,8.39,16.1,16.2,16.1,16.1,16.1,16.1,16.1,16.1,16.1,11,16.1,16.1,16.1,16.1,16.1,16.1,16.1,16.1,16.1,12.1,16.1,16.1,16.1,16.1,16.1,16.1,16.2,16.1,16.1,12.3,16.1,16.1,16.1,16.1,16.1,16.1,12,11.9
0.0000858,12,16.1,16.1,16.1,16.1,16.1,16.2,16.1,16.2,16.1,16.1,11.8,16.1,16.2,16.2,16.1,16.1,16.1,16.1,16.1,16.1,9.47,16.2,16.1,16.2,16.1,16.1,16.2,16.1,16.1,16.1,8.35,16.1,16.1,16.1,16.1,16.1,16.2,16.1,16.1,16.2,8.26,16.1,16.1,16.1,16.2,16.1,16.1,16.1,16.1,16.2,8.3,16.1,16.2,16.1,16.1,16.1,16.1,16.1,16.1,16.1,8.35,16.1,16.1,16.1,16.1,16.1,16.1,16.1,16.1,16.1,10.9,16.1,16.1,16.1,16.1,16.1,16.1,16.1,16.1,16.1,12.2,16.1,16.1,16.1,16.1,16.1,16.1,16.1,16.1,16.1,12.3,16.1,16.1,16.1,16.1,16.1,16.1,12,11.9
0.000086,11.9,16.1,16.1,16.1,16.2,16.1,16.1,16.1,16.1,16.1,16.1,11.8,16.1,16.1,16.1,16.1,16.2,16.1,16.1,16.1,16.1,9.38,16.1,16.1,16.1,16.2,16.1,16.1,16.1,16.1,16.1,8.35,16.1,16.1,16.1,16.1,16.1,16.1,16.1,16.1,16.1,8.35,16.2,16.1,16.1,16.1,16.1,16.1,16.1,16.1,16.1,8.3,16.1,16.1,16.1,16.1,16.1,16.1,16.1,16.1,16.2,8.43,16.1,16.1,16.1,16.1,16.1,16.1,16.1,16.1,16.1,10.9,16.1,16.2,16.2,16.1,16.1,16.1,16.2,16.1,16.1,12.2,16.1,16.1,16.1,16.1,16.1,16,16.1,16.1,16.1,12.3,16.1,16.1,16.1,16.1,16.1,16.1,12,12
0.0000862,11.9,16.2,16.1,16.1,16.1,16.2,16.1,16.1,16.1,16.1,16.1,11.8,16.1,16.1,16.2,16.1,16.1,16.1,16.1,16.2,16.1,9.51,16.1,16.1,16.1,16.2,16.1,16.1,16.2,16.2,16.2,8.35,16.1,16.1,16.1,16.1,16.1,16.1,16.1,16.1,16.1,8.35,16.1,16.1,16.1,16.1,16.1,16.1,16.1,16.2,16.1,8.3,16.1,16.1,16.1,16.1,16.1,16.1,16.1,16.2,16.1,8.35,16.1,16.1,16.1,16.1,16.1,16.1,16.2,16.1,16.1,10.9,16.1,16.1,16.1,16.1,16.1,16.1,16.1,16.1,16.1,12.2,16.1,16.1,16.2,16.1,16.1,16.1,16.1,16.1,16.1,12.3,16.1,16.1,16.1,16.1,16.1,16.2,12,12
0.0000864,11.8,16.1,16.1,16.1,16.1,16.1,16.1,16.1,16.1,16.1,16.2,11.8,16.1,16.1,16.1,16.1,16.1,16.1,16.1,16.1,16.1,9.47,16.1,16.1,16.1,16.2,16.1,16.1,16.1,16.1,16.1,8.39,16.1,16.2,16.1,16.1,16.1,16.1,16.1,16.1,16.1,8.35,16.1,16.1,16.1,16.1,16.1,16.1,16.1,16.1,16.2,8.3,16.2,16.1,16.2,16.1,16.1,16.1,16.2,16.1,16.1,8.35,16.2,16.1,16.1,16.1,16.2,16.1,16.1,16.1,16.1,10.9,16.1,16.2,16.1,16.1,16.1,16.1,16.1,16.1,16.1,12.2,16.1,16.1,16.2,16.1,16.1,16.1,16.1,16.1,16.1,12.3,16.1,16.1,16.1,16.1,16.1,16.1,12,12.1
0.0000866,11.9,16.1,16.1,16.1,16.1,16.1,16.1,16.1,16.1,16.1,16.1,11.8,16.1,16.1,16.1,16.1,16.1,16.1,16.1,16.2,16.1,9.51,16.1,16.1,16.1,16.1,16.1,16.1,16.1,16.1,16.1,8.35,16.1,16.1,16.1,16.1,16.1,16.1,16.1,16.1,16.1,8.3,16.1,16,16.1,16.1,16.1,16.1,16.2,16.1,16.1,8.3,16.1,16.2,16.1,16.1,16.1,16.1,16.1,16.1,16,8.35,16.1,16.1,16.1,16.1,16.1,16.1,16.1,16.1,16.1,10.9,16.1,16.1,16.1,16.1,16.1,16.1,16.1,16.1,16.2,12.2,16.1,16.2,16.1,16.1,16.1,16.1,16.2,16.1,16.1,12.3,16.1,16.1,16.1,16.1,16.1,16.1,12,12
0.0000868,12,16.1,16.1,16.1,16.1,16.1,16.1,16.1,16.1,16.1,16.1,11.7,16.1,16.1,16.1,16.1,16.1,16.1,16.1,16.2,16.2,9.43,16.2,16.1,16.1,16.1,16.2,16.2,16.1,16.1,16.1,8.35,16.1,16.1,16.1,16.1,16.1,16.1,16.1,16.1,16.1,8.35,16.2,16.1,16.1,16.1,16.1,16.1,16.1,16.1,16.1,8.35,16.1,16.1,16.1,16.1,16.1,16.1,16.2,16.1,16.1,8.43,16.1,16.2,16.1,16.1,16.1,16.1,16.1,16.1,16.1,10.9,16.1,16.1,16.2,16.1,16.1,16.1,16.1,16.1,16.1,12.1,16.1,16.1,16.1,16.1,16.1,16.1,16.2,16.1,16.1,12.3,16.1,16.1,16.1,16.1,16.1,16.1,12,11.9
0.000087,12.1,16.1,16.1,16.1,16.1,16.1,16.1,16.1,16.1,16.2,16.2,11.7,16.1,16.1,16.1,16.1,16.1,16.1,16.1,16.1,16.1,9.47,16.1,16.2,16.1,16.1,16,16.1,16.1,16.1,16.1,8.35,16.1,16.1,16.1,16.1,16.1,16.1,16.1,16.1,16.1,8.3,16.1,16.1,16.1,16.1,16.1,16.1,16.1,16.1,16.1,8.35,16.1,16.1,16.1,16.2,16.2,16.1,16.1,16.2,16.1,8.39,16.2,16.1,16.1,16.1,16.1,16.1,16.1,16.1,16.1,11,16.1,16.1,16.1,16.1,16.1,16.1,16.1,16.1,16.1,12.1,16.1,16.1,16.1,16.1,16.1,16.1,16.1,16.1,16.1,12.3,16.1,16.2,16.1,16.1,16.2,16.1,12,11.9
0.0000872,12.1,16.1,16.1,16.1,16.1,16.1,16.1,16.1,16.1,16.2,16.1,11.8,16.1,16.1,16.2,16.1,16.1,16.2,16.1,16.1,16.1,9.51,16.1,16.1,16.1,16.1,16.1,16.1,16.1,16.1,16.1,8.3,16.1,16.1,16.1,16.2,16.1,16.1,16.1,16.1,16.1,8.35,16.1,16.1,16.1,16.1,16.1,16.1,16.1,16.1,16.1,8.3,16.1,16.1,16.2,16.1,16.2,16.1,16.1,16.1,16.1,8.35,16.1,16.1,16.1,16.1,16.1,16,16.1,16.2,16.2,11,16.1,16.2,16.1,16,16.1,16.1,16.1,16.1,16.2,12,16.1,16.1,16.1,16.1,16.1,16.1,16.1,16.1,16.1,12.3,16.1,16.1,16.2,16.1,16.1,16.1,12.1,11.8
0.0000874,12.2,16.1,16.2,16.1,16.1,16.2,16.1,16.1,16.1,16.2,16.1,11.7,16.1,16.1,16.1,16.1,16.1,16.1,16.1,16.1,16.1,9.51,16.1,16.1,16.1,16.1,16.1,16.1,16.1,16.1,16.1,8.35,16.1,16.1,16.1,16.1,16.1,16.2,16.1,16.1,16.1,8.35,16,16.1,16.1,16.1,16.2,16.1,16.1,16.1,16.1,8.26,16.1,16.1,16.1,16.2,16.1,16.1,16.2,16.1,16.1,8.39,16.1,16.1,16.1,16.1,16.1,16.1,16.1,16.1,16.1,11,16.1,16.1,16.1,16.1,16.1,16.1,16.1,16.1,16.1,12,16.1,16.1,16.1,16.1,16.1,16.1,16.1,16.1,16.1,12.4,16.1,16.1,16.1,16.1,16.1,16.1,12,11.9
0.0000876,12.2,16.1,16.1,16.1,16.1,16.1,16.1,16.1,16.1,16.1,16.2,11.8,16.1,16.1,16.1,16.1,16.1,16.1,16.1,16.2,16.1,9.56,16.2,16.1,16.1,16.1,16.1,16.1,16.1,16.2,16.1,8.35,16.2,16.2,16.1,16.1,16.1,16.1,16.1,16.1,16.1,8.3,16.1,16.1,16.1,16.1,16.1,16.1,16.1,16.1,16.1,8.35,16.1,16.1,16.1,16.1,16.1,16.1,16.1,16.1,16.2,8.43,16.1,16.1,16.1,16.2,16.1,16.1,16.1,16.1,16.1,11,16.1,16.1,16.1,16.1,16.1,16.1,16.1,16.1,16.1,12.1,16.1,16.1,16.1,16.1,16.1,16.1,16.1,16.2,16.2,12.5,16.1,16.1,16.1,16.1,16.1,16.1,12,11.9
0.0000878,12.2,16.1,16.1,16.1,16.2,16.1,16.1,16.1,16.1,16.1,16.1,11.8,16.1,16.1,16.2,16.1,16.1,16.1,16.1,16.1,16.1,9.47,16.1,16.1,16.1,16.1,16.1,16.1,16.1,16.2,16.1,8.35,16.1,16.2,16.1,16.1,16.1,16.2,16.1,16.1,16.2,8.35,16.1,16.2,16.1,16.1,16.1,16.1,16.1,16.1,16.1,8.35,16.1,16.1,16.1,16.1,16.1,16.1,16.1,16.1,16.2,8.39,16.2,16.1,16.1,16.1,16.1,16.1,16.1,16.1,16.1,11,16.1,16.1,16.1,16.1,16.1,16.1,16.1,16.2,16.1,12,16.1,16.1,16.1,16.1,16.1,16.1,16.1,16.1,16.1,12.4,16.1,16.1,16.1,16.1,16.2,16.1,12,11.9
0.000088,12.2,16.2,16.1,16.1,16.1,16.1,16.1,16.1,16.1,16.1,16.1,11.9,16.1,16.1,16.2,16.1,16.1,16.2,16.1,16.1,16.1,9.6,16.1,16.1,16.1,16.1,16.1,16.1,16.1,16.1,16.1,8.35,16.1,16.1,16.2,16.1,16.1,16.1,16.1,16.1,16.1,8.39,16.1,16.1,16.1,16.1,16.1,16.1,16.1,16.1,16.1,8.35,16.1,16.1,16.1,16.1,16.1,16.1,16.1,16.1,16.1,8.39,16.1,16.1,16.2,16.2,16.1,16.1,16.1,16,16.1,11,16.1,16.1,16.1,16.1,16.1,16.1,16,16.1,16.1,12.1,16.1,16.1,16.1,16,16.1,16.1,16.1,16.1,16.1,12.4,16.1,16.1,16.1,16.1,16.1,16.1,12,11.8
0.0000882,12.1,16.1,16.1,16.1,16.1,16.1,16.1,16.1,16.1,16.1,16.1,11.9,16.1,16.2,16.1,16.1,16.1,16.1,16.1,16.1,16.1,9.51,16.1,16.2,16.1,16.1,16.1,16.1,16.1,16.1,16.1,8.35,16.1,16.1,16.1,16.1,16.1,16.1,16.1,16.1,16.1,8.3,16.1,16.1,16.1,16.2,16.1,16.1,16.1,16.1,16.1,8.35,16.1,16.1,16.1,16.1,16.1,16.1,16.1,16.1,16.1,8.39,16.1,16.1,16.1,16.1,16.1,16.1,16.1,16.1,16.1,11.1,16.1,16.1,16,16.1,16.1,16.1,16.1,16.1,16.1,12,16.1,16.1,16.1,16.1,16.1,16.1,16.1,16.1,16.2,12.4,16.2,16.1,16.1,16.2,16,16.1,11.9,11.8
0.0000884,12,16.1,16.1,16.1,16.1,16.1,16.1,16.1,16.1,16.1,16.1,11.9,16.1,16.2,16.2,16.1,16.1,16.1,16.1,16.1,16.1,9.56,16.1,16.2,16.1,16.2,16.1,16.1,16.1,16.1,16.1,8.39,16.1,16.1,16.1,16.1,16.1,16.1,16.1,16.1,16.1,8.26,16.1,16.2,16.1,16.1,16.1,16.1,16.1,16.1,16.1,8.35,16.1,16.1,16.1,16.1,16.1,16.1,16.1,16.1,16.1,8.39,16.1,16.1,16.1,16.1,16.1,16.1,16.1,16.1,16.1,11.1,16.1,16.1,16.1,16.1,16.1,16.1,16.1,16.1,16.1,12.1,16.1,16.1,16.1,16.1,16.1,16.1,16.1,16.1,16.1,12.3,16.1,16.1,16.1,16.1,16.1,16.1,12,11.9
0.0000886,12,16.1,16.1,16.1,16.1,16.2,16.1,16.1,16.1,16.1,16.2,11.9,16.1,16.1,16.1,16.1,16.1,16.1,16.1,16.1,16.1,9.51,16.2,16.1,16.1,16.1,16.1,16.1,16.1,16.2,16.1,8.35,16.2,16.1,16.2,16.1,16.1,16.1,16.1,16.1,16.1,8.3,16.1,16.1,16.1,16.1,16.1,16.1,16.1,16.1,16.1,8.35,16.1,16.1,16.1,16.1,16.1,16.2,16.1,16.1,16.1,8.35,16.1,16.1,16.1,16.1,16.1,16.1,16.1,16.1,16.2,11.1,16.1,16.1,16.1,16.1,16.1,16.1,16.1,16.1,16.1,12.1,16.1,16.1,16.1,16.1,16.1,16.1,16.1,16.1,16.1,12.2,16.1,16.1,16.1,16.1,16.1,16.1,12,11.8
0.0000888,12,16,16.1,16.1,16.2,16,16.1,16.1,16.1,16.1,16.1,11.9,16.1,16.1,16.2,16.1,16.1,16.1,16.1,16.1,16.1,9.56,16.2,16.1,16.1,16.1,16.1,16.1,16.1,16,16.1,8.35,16.1,16.1,16.1,16.1,16.1,16.1,16.2,16.1,16.1,8.39,16.1,16.1,16.1,16.1,16.1,16.1,16.1,16.1,16.1,8.26,16.1,16.1,16.1,16.1,16.1,16.1,16.1,16.2,16.1,8.39,16.1,16.1,16.1,16.1,16.2,16.1,16.1,16.1,16.1,11.1,16.1,16.1,16.1,16.2,16.1,16.1,16.1,16.1,16.1,12.1,16.1,16.1,16.1,16.1,16.1,16.1,16.1,16.1,16.1,12.2,16.1,16.2,16.1,16.1,16.1,16.1,12.1,11.8
0.000089,12,16.2,16.1,16.1,16.1,16.2,16.1,16.1,16.1,16.1,16.1,11.9,16.1,16.1,16.1,16.1,16.1,16.1,16.2,16.1,16.1,9.64,16.1,16.1,16,16.1,16.1,16.1,16.1,16.1,16.1,8.35,16.1,16.1,16.1,16.1,16.1,16.1,16.1,16.1,16.1,8.3,16.1,16.1,16.1,16.1,16.1,16.1,16.1,16.2,16.1,8.3,16.1,16.2,16.1,16.1,16.1,16.1,16.1,16.1,16.1,8.39,16.1,16.1,16.1,16.1,16.1,16.1,16.1,16,16.1,11,16.1,16.1,16.1,16.1,16.2,16.1,16.1,16,16.1,12.1,16.1,16.1,16.1,16.1,16.1,16.1,16.1,16.1,16.1,12.2,16.1,16.1,16.1,16.1,16.1,16.1,12,11.8
0.0000892,11.9,16.1,16.1,16.1,16.1,16.1,16.1,16.1,16.1,16.1,16.2,11.8,16.2,16.1,16.1,16.1,16.1,16.1,16.1,16.2,16.1,9.69,16.1,16.1,16.1,16.1,16.1,16.1,16.1,16.2,16.1,8.3,16.1,16.2,16.1,16.1,16.2,16.2,16.1,16.1,16.1,8.35,16.1,16.1,16.1,16.1,16.1,16.1,16.1,16.2,16.1,8.39,16.1,16.1,16.1,16.1,16.1,16.1,16.1,16.1,16.1,8.39,16.1,16.1,16.1,16.1,16.1,16.1,16.1,16.1,16,11.1,16.1,16.1,16.1,16.1,16.2,16.1,16.1,16.1,16.1,12.1,16.1,16.1,16.1,16.1,16.1,16.1,16.1,16.1,16.1,12.2,16.1,16.1,16.1,16.2,16.1,16.1,12.1,11.8
0.0000894,12,16.2,16.1,16.1,16.1,16.1,16.2,16.2,16.1,16.1,16.1,11.7,16.1,16.1,16.1,16.1,16.1,16.1,16,16.1,16.1,9.77,16.1,16.2,16.1,16.1,16.1,16.1,16.2,16.1,16.1,8.3,16.1,16.1,16.1,16.2,16.2,16.1,16.1,16.1,16.1,8.3,16.1,16.1,16.1,16.1,16.1,16.1,16.1,16,16.1,8.35,16.1,16.2,16.1,16.1,16.1,16.1,16.1,16.1,16.1,8.39,16.1,16.1,16.1,16.1,16.1,16.2,16.1,16.1,16.1,11,16.1,16.1,16.1,16.2,16.1,16.1,16.1,16.1,16.1,12.1,16.2,16.1,16.1,16.1,16.1,16.1,16.1,16.1,16.1,12.2,16.1,16.1,16.1,16.1,16.1,16.1,12.2,11.8
0.0000896,12,16.1,16.1,16.1,16.1,16.1,16.1,16.1,16.1,16.1,16.1,11.7,16.1,16.2,16.1,16.1,16.1,16.1,16.2,16.1,16.1,9.73,16.1,16.1,16.1,16.1,16.1,16.1,16.1,16.1,16.1,8.35,16.1,16.1,16.1,16.1,16.1,16.2,16.1,16.2,16.1,8.3,16.1,16.1,16.1,16.1,16.1,16.1,16.1,16.1,16.1,8.35,16.1,16.1,16.1,16.1,16,16.1,16.1,16.1,16.1,8.35,16.1,16.1,16.1,16.1,16.1,16.1,16.1,16.1,16.1,10.9,16.1,16.1,16.1,16.1,16.1,16.1,16.1,16.1,16.1,12,16.1,16.1,16.1,16.1,16.1,16.1,16.1,16.1,16.1,12.2,16.2,16.1,16.1,16.1,16.1,16.1,12.1,11.9
0.0000898,12.1,16.1,16.1,16.2,16.2,16.2,16.1,16.1,16.1,16.1,16.1,11.7,16.1,16.1,16.1,16.1,16.1,16.1,16.2,16.1,16.1,9.77,16.1,16.1,16.1,16.1,16.1,16.1,16.1,16.1,16.1,8.39,16.1,16.1,16.1,16.1,16.1,16.1,16.2,16.1,16.1,8.35,16.1,16.1,16.1,16.1,16.1,16.1,16.2,16.1,16.1,8.3,16.2,16.1,16.1,16.2,16.1,16.2,16.1,16.1,16.1,8.39,16.1,16.1,16.2,16.1,16.1,16.1,16.1,16.1,16.1,11,16.1,16.1,16.1,16.2,16.1,16.1,16.1,16.1,16.2,12.1,16.1,16.1,16.1,16.1,16.1,16.1,16.2,16.1,16.1,12.3,16.2,16.1,16.1,16.1,16.1,16.2,12.1,11.9
0.00009,12.1,16.1,16.1,16.1,16.1,16.1,16.1,16.1,16.1,16.1,16.1,11.8,16.1,16.1,16.1,16.1,16.1,16.1,16.1,16.1,16.1,9.77,16.1,16.1,16.1,16.1,16.1,16.1,16.1,16.1,16.1,8.35,16.2,16.1,16.1,16.1,16.1,16.1,16.1,16.2,16,8.3,16.1,16.1,16.1,16.1,16.1,16.1,16.1,16.1,16.1,8.35,16.1,16.1,16,16.1,16.1,16.1,16.1,16.1,16.1,8.35,16.1,16.1,16.1,16.1,16.2,16.1,16.1,16.1,16.2,10.9,16.1,16.1,16.1,16.2,16.2,16.1,16.1,16.1,16.1,12.2,16.1,16.1,16.1,16.1,16.1,16.1,16.1,16.1,16.1,12.3,16.1,16.1,16.2,16.1,16.1,16.1,12.1,12
0.0000902,12,16.1,16.2,16.1,16.2,16.2,16.1,16.1,16.1,16.1,16.1,11.8,16.1,16.1,16.2,16.2,16.1,16.1,16.2,16.1,16.2,9.77,16.1,16.1,16.1,16.1,16.1,16.1,16.1,16.1,16.1,8.35,16.1,16.1,16.1,16.1,16.1,16.1,16.2,16.1,16.1,8.3,16.2,16.1,16.1,16.1,16.1,16.2,16.1,16.1,16.1,8.3,16.1,16.1,16.1,16.1,16.1,16.1,16.1,16.2,16.1,8.35,16.1,16.1,16.1,16.1,16.2,16.1,16.1,16.1,16.1,10.9,16.1,16.1,16.2,16.1,16.1,16.1,16.1,16.1,16.1,12.1,16.1,16.1,16.1,16.2,16.1,16.1,16.1,16.1,16.1,12.4,16.1,16.1,16.1,16.1,16.2,16.1,12,12
0.0000904,12,16.1,16.1,16.1,16.2,16.1,16.1,16.1,16.1,16.1,16.2,11.8,16.1,16.1,16.2,16.1,16.1,16.1,16.2,16.1,16.2,9.69,16.1,16.1,16.1,16.1,16.1,16.1,16.1,16.1,16.1,8.35,16.1,16.1,16.1,16.2,16.1,16.1,16.1,16.1,16.1,8.3,16.1,16.1,16.1,16.1,16.1,16.1,16.1,16.1,16.1,8.35,16.1,16.1,16.1,16.1,16.1,16.1,16.1,16.1,16.1,8.39,16.1,16.1,16.1,16.1,16.1,16.1,16.1,16.2,16.1,10.9,16.1,16.1,16.1,16.1,16.1,16.1,16.1,16.1,16.1,12.1,16.1,16.1,16.1,16.1,16.1,16.1,16.1,16.1,16.1,12.4,16.1,16.1,16.1,16.1,16.1,16.1,12,12
0.0000906,12,16.1,16.1,16.1,16.1,16.1,16.1,16.1,16.1,16.1,16.2,11.8,16.1,16.1,16.1,16.1,16.1,16.1,16.1,16.1,16.1,9.6,16.1,16.1,16.1,16.1,16.1,16.1,16.1,16.1,16.1,8.35,16.1,16.1,16.1,16.1,16.1,16.1,16.1,16.1,16.1,8.3,16.1,16.1,16.1,16.1,16.2,16.1,16.1,16.1,16.2,8.3,16.1,16.1,16.1,16.2,16.1,16.1,16.1,16.1,16.1,8.39,16.1,16.2,16.1,16.1,16.1,16.1,16.1,16,16.1,11,16.1,16.1,16,16.1,16.1,16.1,16.1,16.1,16.1,12.1,16.1,16.1,16.2,16.1,16.1,16.1,16.1,16.1,16.1,12.4,16.1,16.1,16.2,16.1,16.2,16.1,11.9,11.9
0.0000908,12,16.1,16.1,16.2,16.1,16.1,16.1,16.1,16.1,16.1,16.1,11.9,16.1,16.1,16.1,16.1,16.2,16.1,16.1,16.1,16.2,9.6,16.1,16.1,16.1,16,16.2,16.1,16.1,16.1,16.1,8.35,16.1,16.1,16.1,16.1,16.1,16.1,16.1,16.1,16.2,8.26,16.1,16.1,16.1,16.1,16.1,16.1,16.1,16.1,16.1,8.3,16.1,16.1,16.1,16.1,16.1,16.1,16.1,16.1,16.1,8.35,16.1,16.1,16.1,16.1,16.1,16.1,16.2,16.1,16.1,11,16.1,16.1,16.1,16.1,16.1,16.1,16.1,16.2,16.1,12.2,16.1,16.1,16.1,16.1,16.1,16.1,16.1,16.2,16.1,12.4,16.1,16.1,16.1,16.1,16.1,16.1,11.9,11.9
0.000091,12,16.1,16.1,16.1,16.1,16.1,16.1,16.1,16.1,16.2,16.1,11.8,16.1,16.2,16.2,16.1,16.2,16.1,16,16.1,16.1,9.56,16.1,16.1,16.1,16.1,16.2,16.1,16.1,16.2,16.1,8.35,16.1,16.1,16.1,16.1,16.1,16.1,16.1,16.1,16.2,8.35,16.1,16.1,16.1,16.1,16.1,16.1,16.1,16.1,16.1,8.3,16.1,16.1,16.1,16.2,16.2,16.1,16.1,16.1,16.1,8.39,16.1,16.1,16.1,16.1,16.1,16.1,16.1,16.1,16.1,11.1,16.1,16.1,16.1,16.1,16.1,16.1,16.1,16.2,16.2,12.1,16.1,16.1,16.1,16.1,16.1,16.1,16.1,16.1,16.1,12.4,16.1,16.1,16.1,16.1,16.1,16.1,11.9,11.9
0.0000912,11.9,16.1,16.1,16.1,16.1,16.1,16.1,16.1,16.1,16.1,16.1,11.8,16.2,16.1,16.1,16.1,16.1,16.1,16.1,16.1,16.2,9.56,16.1,16.1,16.2,16.1,16.1,16.1,16.1,16.2,16.1,8.35,16.1,16.1,16.1,16.1,16.1,16.1,16.1,16.1,16.1,8.3,16.1,16.1,16.2,16.1,16.1,16.1,16.1,16.1,16.1,8.39,16.1,16.1,16.1,16.1,16.1,16.1,16.2,16.1,16.1,8.39,16.1,16.1,16.1,16.1,16.1,16.1,16.1,16.1,16.1,11.1,16.2,16.1,16.1,16.1,16.1,16.1,16.1,16.1,16.2,12,16.1,16.1,16.1,16.1,16.1,16.1,16.1,16.1,16.1,12.4,16.2,16.1,16.1,16.1,16,16.1,11.9,11.8
0.0000914,12,16.1,16.1,16.1,16.1,16.1,16.1,16.2,16.1,16.1,16.1,11.8,16.1,16.2,16.1,16.1,16.1,16.1,16.1,16.1,16.1,9.6,16.1,16.1,16.1,16.1,16.2,16.1,16.1,16.2,16.1,8.35,16.1,16.1,16.1,16.2,16.1,16.1,16.1,16.1,16.1,8.35,16.1,16.1,16.2,16.1,16.1,16.2,16.1,16.1,16.2,8.26,16.1,16.1,16.1,16.1,16.1,16.1,16.1,16.1,16.2,8.39,16.1,16.1,16.1,16.1,16.1,16.1,16.1,16.1,16.1,11.2,16.1,16.1,16.1,16.1,16.1,16.1,16.1,16.2,16.1,12,16.1,16.1,16.1,16.1,16.1,16.1,16.1,16.1,16.1,12.3,16.1,16.1,16.1,16.1,16.1,16.1,12,11.9
0.0000916,12.1,16.1,16.1,16.1,16.2,16.1,16.2,16.2,16.1,16.1,16.1,11.8,16.2,16.1,16.2,16.1,16.1,16.1,16.2,16.1,16,9.6,16.1,16.2,16.1,16.1,16.1,16.1,16.1,16.1,16.1,8.35,16.1,16.1,16.1,16.1,16.1,16.1,16.1,16.1,16.2,8.35,16.1,16.1,16.1,16.1,16.1,16.1,16.1,16.2,16.1,8.3,16.1,16.1,16.1,16.1,16.1,16.1,16.1,16.2,16.1,8.39,16.2,16,16.1,16.1,16.1,16.1,16.1,16.1,16.1,11.2,16.1,16.1,16.1,16.1,16.2,16.1,16.1,16.1,16.1,11.9,16.1,16.1,16.1,16.1,16.1,16.1,16.1,16.1,16.1,12.3,16.1,16.1,16.1,16.1,16.1,16.1,12.1,11.9
0.0000918,12.1,16.2,16.2,16.1,16.1,16.1,16.1,16.1,16.1,16.1,16.1,11.8,16.1,16.1,16.1,16.1,16.1,16.1,16.1,16.1,16.1,9.6,16.1,16.1,16.1,16.1,16.1,16.1,16.1,16,16.1,8.35,16.1,16.1,16.1,16.1,16.2,16.1,16.1,16.1,16.1,8.3,16.1,16.1,16.1,16.1,16.1,16.1,16.1,16.2,16.1,8.3,16.1,16.1,16,16.1,16.1,16.2,16.1,16.1,16.1,8.35,16.1,16.1,16.1,16.1,16.1,16.1,16.1,16.1,16,11.1,16.2,16.1,16.1,16.1,16.1,16.1,16.1,16.1,16.2,11.9,16.1,16.1,16.1,16.1,16.1,16.1,16.1,16.1,16,12.3,16.1,16.2,16.1,16.2,16.1,16.1,12.1,11.9
0.000092,12.2,16.1,16.1,16.1,16.1,16.1,16.1,16.1,16.1,16.1,16.1,11.8,16.1,16.1,16.1,16.1,16.1,16.2,16.1,16.1,16.1,9.73,16.1,16.2,16.2,16.1,16.1,16.2,16.2,16.1,16.1,8.35,16.1,16.1,16.1,16.1,16.1,16.1,16.1,16.1,16.1,8.35,16.1,16.1,16,16.1,16.1,16.1,16.2,16.1,16.1,8.3,16.1,16.2,16.1,16.1,16.1,16.1,16.2,16.1,16.2,8.39,16.1,16.1,16.1,16.2,16.2,16.2,16.1,16.1,16.1,11,16.1,16.1,16.1,16.1,16.1,16.1,16.1,16.1,16.1,11.9,16.1,16.1,16.1,16.1,16.1,16.1,16.1,16.1,16.1,12.2,16.1,16.1,16.1,16.2,16.1,16.1,12.1,11.9
0.0000922,12.2,16.1,16.1,16.2,16.1,16.2,16.1,16.2,16.1,16.1,16.1,11.8,16.1,16.2,16.1,16.2,16.1,16.1,16.1,16.1,16.1,9.73,16.1,16.1,16.1,16.1,16.1,16.1,16.1,16.1,16.1,8.39,16.1,16.1,16.1,16.2,16.1,16.1,16.2,16.1,16.1,8.35,16.1,16.2,16.1,16.1,16.2,16.1,16.1,16.1,16.1,8.3,16.1,16.1,16.1,16.1,16.1,16.1,16.1,16.1,16.1,8.39,16.1,16.1,16.1,16.1,16.1,16.1,16.1,16.1,16.1,11,16.1,16.1,16.1,16.1,16.1,16.1,16.1,16.1,16.1,11.9,16.2,16.1,16.1,16.1,16.1,16.1,16.1,16.1,16.1,12.2,16.1,16.2,16.1,16.1,16.1,16.1,12.1,11.8
0.0000924,12.1,16.1,16.1,16.1,16.1,16.2,16.1,16.1,16.1,16.1,16.1,11.8,16.1,16.1,16.1,16.1,16.1,16.1,16.1,16.1,16.2,9.77,16.1,16.1,16.1,16.1,16.1,16.1,16.1,16.1,16.1,8.35,16.1,16.1,16.1,16.1,16.1,16.1,16.1,16.2,16.1,8.35,16.1,16.1,16.1,16.1,16.1,16.1,16.1,16.1,16.1,8.35,16.1,16,16.1,16.1,16.1,16.1,16.1,16.1,16.1,8.39,16.1,16.1,16.1,16.2,16.1,16.1,16.1,16.1,16.1,11,16.1,16.1,16.1,16.1,16.1,16.1,16.2,16.1,16.2,12,16.1,16.1,16.1,16.1,16.1,16.1,16.1,16.1,16.1,12.2,16.1,16.1,16.1,16.1,16.1,16.2,12.1,11.8
0.0000926,12.1,16.1,16.1,16.1,16.2,16.2,16.1,16.1,16.1,16.1,16.1,11.9,16.1,16.1,16.1,16.1,16.1,16.1,16.1,16.2,16.2,9.77,16.1,16.1,16.1,16.1,16.1,16.1,16.2,16.1,16.1,8.35,16.1,16.1,16.1,16.1,16.1,16.1,16.1,16.1,16.1,8.35,16.1,16.1,16.2,16.1,16.1,16.1,16.1,16.1,16.1,8.3,16.1,16.1,16.1,16.2,16.1,16.1,16.1,16.1,16.1,8.35,16.1,16.2,16.1,16.1,16.1,16.1,16.1,16.1,16.1,10.9,16.1,16.1,16.1,16.1,16.1,16.1,16.1,16.1,16.1,12.1,16.1,16.1,16.1,16.1,16.1,16.1,16.1,16.1,16.2,12.1,16.1,16.1,16.1,16.2,16.1,16.1,12,11.8
0.0000928,12,16.1,16.1,16.1,16.1,16.1,16.1,16.1,16.1,16.2,16.2,11.8,16.1,16.1,16.1,16.1,16.1,16.2,16.1,16.1,16.1,9.73,16.1,16.1,16.1,16.1,16.1,16.1,16.1,16.2,16.1,8.39,16.1,16.1,16.1,16.1,16.1,16.2,16.1,16.1,16.1,8.35,16.1,16.1,16.1,16.1,16.1,16.1,16.1,16.1,16.1,8.3,16.1,16.1,16.1,16.1,16.1,16.1,16.1,16.1,16.2,8.39,16.2,16,16.1,16.1,16.1,16.1,16.1,16.1,16.1,10.9,16.2,16.1,16.1,16.1,16.1,16.2,16.1,16.1,16.1,12,16.1,16.1,16.1,16.1,16.1,16.1,16.1,16.1,16.1,12.1,16.1,16.1,16.1,16.1,16.1,16.1,11.9,11.8
0.000093,12,16.1,16.1,16.1,16.1,16.1,16.1,16.1,16.1,16.1,16.1,11.9,16.1,16.1,16.1,16.1,16.1,16.1,16.1,16.1,16.1,9.73,16.1,16.2,16.1,16.1,16.1,16.1,16.1,16.1,16.1,8.35,16.2,16.2,16.1,16.1,16.1,16.1,16.1,16.1,16.1,8.35,16.1,16,16.1,16.1,16.1,16.1,16.2,16.1,16.1,8.35,16.1,16.1,16.1,16.1,16.1,16.1,16.1,16.1,16.1,8.35,16.1,16.1,16.1,16.1,16.1,16.2,16.1,16.1,16.1,11,16.1,16.1,16.1,16.1,16.1,16.1,16.1,16.1,16.1,12.2,16.1,16.1,16.1,16.1,16.1,16.1,16.1,16.1,16.1,12.2,16.1,16.1,16,16.1,16.1,16.1,12,11.9
0.0000932,12,16.1,16.1,16.2,16.1,16.1,16.1,16.1,16.2,16.1,16.1,11.8,16.1,16.1,16.1,16.1,16.1,16.1,16.1,16.1,16.2,9.69,16.1,16.2,16.1,16.1,16.1,16.1,16.1,16.1,16.1,8.35,16.1,16.1,16.1,16.1,16.1,16.1,16.1,16.1,16.1,8.3,16.1,16.1,16.1,16.1,16.1,16.1,16.1,16.1,16.1,8.35,16.1,16.1,16.1,16.1,16.1,16.1,16.1,16.1,16.1,8.35,16.1,16.2,16.2,16.2,16,16.1,16.1,16.1,16.1,11,16.1,16.1,16.1,16.1,16.1,16.1,16.1,16.1,16.1,12.1,16.1,16.1,16.1,16.1,16.1,16.1,16.1,16.1,16.1,12.2,16.1,16.2,16.1,16.1,16.1,16.1,12,11.8
0.0000934,11.9,16.2,16.1,16.1,16.1,16.1,16.1,16.2,16.2,16.1,16.1,11.8,16.2,16.1,16.1,16.1,16.1,16.1,16.1,16.1,16.1,9.69,16.1,16.1,16.1,16.1,16.1,16.1,16.1,16.1,16.1,8.35,16.2,16.1,16.1,16.1,16.1,16.1,16.1,16.1,16.1,8.35,16.1,16.1,16.1,16.1,16.1,16.1,16.1,16.1,16.1,8.3,16.1,16.1,16.2,16.1,16.1,16.1,16.1,16.1,16.1,8.35,16.1,16.1,16.1,16.1,16.1,16.1,16.1,16.1,16.1,11,16.1,16.1,16.1,16.1,16.1,16.1,16.1,16.1,16.1,12.1,16.1,16.1,16.1,16.1,16.1,16.1,16.1,16.1,16.1,12.2,16.1,16.1,16.1,16.1,16.1,16.1,12,11.8
0.0000936,12,16.1,16.1,16.1,16.1,16.1,16.1,16.1,16.1,16.2,16.2,11.8,16.1,16.1,16.1,16.1,16.1,16.1,16.1,16.1,16.1,9.69,16.1,16.2,16.2,16.1,16.1,16.1,16.1,16.1,16.1,8.35,16.1,16.1,16.1,16.1,16.1,16.1,16.1,16.1,16.2,8.35,16.1,16.1,16.2,16.1,16.1,16.1,16.2,16.1,16.1,8.35,16.1,16.1,16.1,16.1,16.1,16.1,16.2,16.1,16.1,8.39,16.1,16.2,16.1,16.1,16.1,16.2,16.1,16.1,16.1,11.1,16.1,16.1,16.1,16.1,16.1,16.1,16.1,16.1,16.1,12,16.1,16.1,16.1,16.1,16.1,16.1,16.1,16.1,16.1,12.2,16.1,16,16.2,16.1,16.1,16.1,12,11.8
0.0000938,12,16.1,16.1,16.1,16.1,16.1,16.1,16.1,16.1,16.1,16.1,11.7,16.1,16.2,16.1,16.1,16.1,16.1,16.1,16.1,16.1,9.73,16,16.1,16.1,16.1,16.2,16.1,16.2,16.1,16.1,8.3,16.1,16.1,16.1,16.1,16.1,16.1,16.1,16.1,16.1,8.3,16.2,16.1,16.2,16.1,16.1,16.1,16.1,16.1,16.1,8.35,16.1,16.1,16.1,16,16.1,16.1,16.1,16.1,16.1,8.43,16.2,16.1,16.1,16.1,16.1,16.1,16.1,16.1,16.1,11.1,16.1,16.1,16.1,16.1,16.1,16.1,16.1,16.1,16.1,12,16.1,16.1,16.1,16.1,16.1,16.1,16.1,16.1,16.1,12.3,16.1,16.1,16.1,16.1,16.1,16.1,12,11.8
0.000094,12,16.1,16.1,16.1,16.1,16.1,16.2,16.1,16.1,16.1,16.1,11.6,16.2,16.1,16.1,16.1,16.1,16.1,16.1,16.1,16.2,9.77,16.1,16.1,16.2,16.1,16.1,16.1,16.1,16.1,16.1,8.39,16.1,16.1,16.1,16.1,16.1,16.1,16.1,16.1,16.1,8.35,16.1,16.1,16.1,16.1,16.1,16.1,16.1,16.1,16.1,8.3,16.1,16.1,16.1,16.1,16.1,16.1,16.1,16.1,16.1,8.43,16.1,16.2,16.2,16.1,16.1,16.1,16,16.1,16.1,11.1,16.1,16.1,16.1,16.1,16.1,16.1,16.1,16.1,16.1,11.9,16.2,16.1,16.1,16.1,16.2,16.1,16.1,16.1,16.1,12.3,16.1,16.1,16.1,16.1,16.1,16.1,12.1,11.8
0.0000942,12.1,16.1,16.1,16.2,16.1,16.1,16.1,16.1,16.1,16.1,16.1,11.6,16.1,16.1,16.1,16.1,16.1,16.1,16.1,16.1,16.1,9.77,16.1,16.1,16.2,16.1,16.1,16.1,16.1,16.1,16.1,8.39,16.1,16.1,16.1,16.1,16.1,16.2,16.1,16.1,16.1,8.22,16.1,16.1,16.2,16.1,16.1,16.1,16.1,16.1,16.1,8.3,16.1,16.1,16.1,16.1,16.1,16.1,16.1,16.1,16.1,8.39,16.1,16.1,16.1,16.1,16.1,16.1,16.1,16.1,16.2,11.1,16.1,16.1,16.1,16.1,16.1,16.1,16.1,16.1,16.2,11.9,16.1,16.1,16.1,16.1,16,16.1,16.1,16.1,16.1,12.3,16.1,16.1,16.1,16.1,16.1,16.1,12.1,11.8
0.0000944,12.1,16.1,16.1,16.1,16.1,16.1,16.1,16.1,16.1,16.1,16.1,11.6,16.1,16.2,16.1,16.1,16.1,16.2,16.1,16.1,16.2,9.82,16.1,16.1,16.1,16.1,16.1,16.1,16.1,16.1,16.1,8.35,16.1,16.1,16.2,16.1,16.1,16.1,16.1,16.1,16.1,8.3,16.1,16.2,16.1,16.1,16.2,16.1,16.1,16.1,16.1,8.3,16.1,16.1,16.1,16.1,16.1,16.1,16.1,16.1,16.1,8.43,16.1,16.1,16.1,16.1,16.1,16.1,16.1,16.1,16.1,11.1,16.1,16.1,16.1,16.1,16,16.2,16.2,16.1,16.1,11.9,16.1,16.1,16.1,16.1,16.1,16.1,16,16.1,16.1,12.2,16.1,16.1,16.1,16.1,16.1,16.1,12.1,11.8
0.0000946,12.1,16.1,16.1,16.1,16.1,16.1,16.1,16.2,16.1,16.2,16.1,11.7,16.1,16.1,16.1,16.1,16.1,16.1,16.1,16.2,16.1,9.86,16.1,16.1,16.2,16.1,16.1,16.2,16.1,16.1,16.1,8.3,16.1,16.1,16.1,16.1,16.1,16.1,16.1,16.1,16.1,8.3,16.1,16.1,16.1,16.1,16.1,16.1,16.1,16.1,16.1,8.3,16.1,16.1,16.2,16.1,16.1,16.2,16.1,16.1,16.1,8.35,16.1,16.1,16.1,16.1,16.1,16.1,16.1,16.1,16.1,11.1,16.1,16.2,16.1,16.2,16.2,16.1,16.1,16.1,16.1,11.9,16.1,16.1,16.1,16.2,16.1,16.1,16.1,16.1,16.1,12.2,16.1,16.1,16.1,16.1,16.1,16.1,12.1,11.8
0.0000948,12.1,16.2,16.1,16.1,16.1,16.1,16.1,16.1,16.1,16.1,16.1,11.7,16.1,16.1,16.1,16.1,16.1,16.1,16.1,16.1,16.2,9.86,16.1,16.1,16.1,16.1,16.1,16.1,16.1,16.1,16.1,8.35,16.1,16.1,16.1,16.1,16.1,16.1,16.1,16.1,16.2,8.35,16,16.1,16.1,16.1,16.1,16.1,16.1,16.1,16.2,8.3,16.2,16.1,16.1,16.1,16.2,16.1,16.1,16.2,16.1,8.35,16.1,16.1,16.1,16,16.1,16.1,16.2,16.1,16.1,11.1,16.1,16.1,16.1,16.1,16.1,16.2,16.2,16.1,16.2,11.9,16,16.1,16.1,16.1,16.1,16.1,16.1,16.1,16.1,12.2,16.1,16.1,16.1,16.2,16.1,16.1,12,11.8
0.000095,12.2,16.1,16.1,16.2,16.2,16.1,16.1,16.1,16.1,16.1,16.2,11.8,16.2,16.1,16.1,16.1,16.1,16.1,16.1,16.1,16.1,9.9,16.1,16.1,16.1,16.1,16.1,16.1,16.1,16.1,16.1,8.35,16.1,16.1,16.1,16.1,16.1,16.1,16.1,16.1,16.1,8.35,16.1,16.1,16.1,16.1,16.1,16.1,16.1,16.1,16.1,8.3,16.1,16.1,16.1,16.1,16.1,16.1,16.1,16.1,16,8.35,16.2,16.1,16.1,16.1,16.1,16.1,16.1,16.1,16.1,11,16.1,16.1,16.1,16.1,16.1,16.1,16.1,16.1,16.1,12,16.1,16.1,16.1,16.1,16.1,16.1,16.1,16.1,16.1,12.1,16.1,16.1,16.1,16.1,16.1,16.1,12.1,11.9
0.0000952,12.1,16.1,16.1,16.1,16.2,16.1,16.1,16.1,16.1,16.1,16.1,11.8,16.1,16.1,16.1,16.1,16.1,16.2,16.1,16.1,16.1,9.9,16.1,16.1,16.1,16.1,16.1,16.1,16.1,16.1,16.1,8.35,16.1,16.1,16.1,16.1,16.1,16.1,16.2,16.1,16.1,8.3,16.1,16.1,16.1,16.1,16.1,16.2,16.1,16.1,16.1,8.39,16.1,16.1,16.1,16.1,16.1,16.1,16.1,16.1,16.1,8.35,16.1,16.1,16.1,16.1,16.1,16.2,16.1,16.1,16.1,11,16.2,16.2,16.1,16,16.1,16.1,16.1,16.1,16.1,12,16.1,16.1,16.1,16.1,16.1,16.2,16.1,16.1,16.1,12.1,16.1,16.1,16.1,16.1,16.1,16.1,12,11.9
0.0000954,12.2,16.1,16.1,16.1,16.1,16.2,16.1,16.1,16.1,16.2,16.2,11.8,16.1,16.1,16.1,16.1,16.1,16.2,16.1,16.1,16.1,9.95,16.1,16.1,16.1,16.1,16.1,16.1,16.1,16.1,16.1,8.3,16,16.1,16.1,16.1,16.1,16.1,16.1,16.2,16.1,8.35,16.1,16.1,16.1,16.2,16.1,16.1,16.2,16.1,16.1,8.35,16.1,16.1,16.1,16.1,16.1,16.1,16.1,16.1,16.1,8.35,16.1,16.1,16.2,16.1,16.1,16.1,16.1,16.1,16.2,11,16.1,16.1,16.1,16.1,16.1,16.1,16.1,16.1,16.1,12,16.1,16.2,16.1,16.1,16.1,16.1,16.1,16.1,16.1,12.2,16.2,16.1,16.1,16.1,16.1,16.1,12,11.9
0.0000956,12.1,16.1,16.1,16.2,16.1,16.1,16.1,16.1,16.1,16.2,16.1,11.8,16.1,16.1,16.2,16.1,16.2,16.2,16.1,16.1,16.1,9.86,16.1,16.1,16.1,16.2,16.1,16.1,16.1,16.1,16.1,8.35,16.1,16.1,16.1,16.1,16.1,16.1,16.1,16.1,16.1,8.3,16.1,16.1,16.1,16.1,16.1,16.1,16.1,16.1,16.2,8.35,16.1,16.1,16.1,16.1,16.2,16.2,16.1,16.1,16.1,8.35,16.1,16.1,16.1,16.1,16.1,16.1,16.1,16.1,16.1,11,16.1,16.1,16.1,16.1,16.1,16.1,16.1,16.1,16.1,12,16.1,16.1,16.1,16.1,16.1,16.2,16.2,16.2,16.1,12.2,16.1,16.1,16.1,16.1,16.1,16.1,12,11.9
0.0000958,12.1,16.1,16.1,16.1,16.1,16.1,16.1,16.1,16.1,16.1,16.1,11.7,16.1,16.1,16.1,16.1,16.1,16.1,16.1,16,16.1,9.86,16.1,16.1,16.1,16.1,16,16.1,16.1,16.1,16.1,8.39,16.1,16.1,16.1,16.1,16.1,16.1,16.1,16.1,16.1,8.35,16.1,16.1,16.1,16.1,16.1,16.1,16.1,16.1,16.1,8.3,16.1,16.1,16.1,16.1,16.1,16.1,16.2,16.1,16.1,8.39,16.1,16.1,16.1,16.1,16.1,16.1,16.2,16.1,16.1,11,16.1,16.1,16.1,16.1,16.1,16.2,16.1,16.1,16.1,12,16.1,16.2,16.2,16.1,16.1,16.1,16.1,16.2,16.1,12.2,16.2,16.1,16.1,16.1,16.1,16.1,12,11.9
0.000096,12.1,16.1,16.1,16.1,16.1,16.1,16.1,16.1,16.2,16.1,16.1,11.7,16.1,16.1,16.1,16.1,16.1,16.1,16.1,16.1,16,9.82,16.1,16.1,16.1,16.1,16.1,16.1,16.1,16.2,16.1,8.3,16.1,16.1,16.2,16.1,16.1,16.1,16.1,16.2,16.1,8.3,16.1,16.2,16.1,16.1,16.1,16.1,16.2,16.1,16.1,8.3,16.1,16.2,16.1,16.1,16.1,16.1,16.1,16.1,16.1,8.39,16.1,16.1,16.1,16.1,16.1,16.1,16.1,16.1,16.2,11,16.1,16.1,16.1,16.1,16.1,16.1,16.2,16.1,16.2,12,16.1,16.1,16.1,16.1,16.1,16.1,16.1,16.1,16.1,12.3,16.1,16.1,16.1,16.1,16.1,16.1,11.9,12
0.0000962,12.1,16.1,16.1,16.1,16.1,16.1,16.1,16.1,16.1,16.1,16.1,11.7,16.1,16.1,16.1,16.1,16.1,16.2,16.1,16.1,16.1,9.77,16.1,16.1,16.1,16.1,16.1,16.1,16.1,16.1,16.1,8.39,16.1,16,16.1,16.1,16.1,16.1,16.1,16.1,16.1,8.3,16.1,16.1,16.1,16.1,16.1,16.1,16.1,16.1,16.1,8.35,16,16.1,16.1,16.1,16.1,16.1,16.1,16.1,16.1,8.43,16.1,16.1,16.1,16.1,16.1,16.1,16.1,16.1,16.1,11,16.1,16.1,16.1,16.1,16.1,16.1,16.1,16.2,16.1,12,16.2,16.1,16.1,16.1,16.1,16.1,16.1,16.1,16.2,12.3,16.1,16.1,16.1,16.1,16.1,16.1,11.8,11.9
0.0000964,12,16.2,16.1,16.1,16.1,16.1,16.1,16.1,16.1,16.1,16.1,11.7,16.1,16.1,16.1,16.1,16.1,16.1,16.1,16.1,16.1,9.82,16.1,16.1,16.1,16.1,16.1,16.1,16.1,16.1,16.1,8.35,16.1,16.1,16.1,16.1,16.1,16.1,16.1,16.1,16,8.3,16.1,16.1,16.1,16.1,16.2,16.1,16.1,16.1,16.2,8.26,16.1,16.1,16.1,16.1,16,16.1,16.1,16.1,16.1,8.39,16.1,16.1,16.1,16.1,16.1,16.1,16.1,16.1,16.1,11.1,16.1,16.1,16.1,16.1,16.2,16.1,16.1,16.2,16.1,11.9,16.1,16.1,16.1,16.1,16.1,16.1,16.1,16.1,16.1,12.4,16.1,16.1,16.1,16.1,16.1,16.1,11.8,11.9
0.0000966,11.9,16.1,16.1,16.1,16.1,16.1,16.1,16.1,16.1,16.1,16.1,11.7,16.1,16.1,16.1,16.1,16.1,16.1,16.1,16.1,16.1,9.82,16.2,16.2,16.1,16.1,16.1,16.1,16.1,16.1,16.1,8.3,16.1,16.1,16.1,16.1,16.1,16.1,16.1,16.1,16.1,8.3,16.1,16.1,16.1,16.2,16.1,16.1,16.2,16.1,16.1,8.35,16.1,16.1,16.1,16.1,16.1,16.1,16.1,16.1,16.1,8.43,16.1,16.1,16.1,16.1,16.1,16.1,16.1,16.1,16.1,11.1,16.1,16.1,16.1,16.1,16.1,16.1,16.1,16.1,16.1,12,16.1,16.1,16.1,16.1,16.1,16.1,16.1,16.1,16.1,12.3,16.1,16.2,16.1,16.1,16.1,16.1,11.8,11.8
0.0000968,11.9,16.1,16.1,16.2,16.1,16.1,16.1,16.1,16.1,16.1,16.1,11.8,16.1,16.1,16.2,16.1,16.1,16.1,16.1,16.1,16.2,9.82,16.2,16.1,16.1,16.1,16.1,16.1,16.1,16.1,16.1,8.3,16.1,16.2,16.1,16.1,16.1,16.1,16.1,16.1,16.1,8.26,16.1,16.1,16.1,16.1,16.1,16.1,16.1,16.2,16.1,8.3,16.1,16.1,16.1,16.1,16.1,16.1,16.1,16.1,16.1,8.43,16.1,16.1,16.1,16.1,16.2,16.1,16.2,16.1,16.1,11.1,16.1,16.1,16.1,16.1,16.1,16.1,16.1,16.1,16.1,12,16.2,16.2,16.1,16.1,16.1,16.1,16.1,16.1,16.1,12.3,16.1,16.2,16,16.1,16.1,16.1,11.9,11.9
0.000097,11.9,16.1,16.1,16.1,16.1,16.2,16.1,16.1,16.1,16.1,16.1,11.8,16.1,16.1,16.1,16.1,16.1,16.1,16.1,16.1,16.1,9.86,16.1,16.1,16,16.1,16.1,16.1,16.1,16.1,16.1,8.35,16.1,16.1,16.1,16.1,16,16.1,16.1,16.1,16.1,8.3,16.1,16.1,16.1,16.1,16.1,16.1,16.2,16.1,16.1,8.3,16.1,16.1,16.1,16.1,16.1,16.1,16.1,16.1,16.1,8.39,16.1,16.1,16,16.1,16.1,16.1,16.2,16.1,16.1,11.1,16.1,16.2,16.1,16.1,16.1,16.1,16.1,16.1,16.1,12,16.1,16.1,16.1,16.2,16.1,16.1,16.2,16.1,16.1,12.2,16.1,16.1,16.2,16.1,16.1,16.1,12,11.8
0.0000972,11.9,16.1,16.1,16.1,16.1,16.1,16.1,16,16.1,16.2,16.1,11.8,16,16.1,16.1,16.1,16.1,16.1,16.1,16.1,16.1,9.95,16.1,16.1,16.1,16.1,16.1,16.1,16.1,16.1,16.1,8.3,16.1,16.1,16.1,16.1,16.1,16.2,16.1,16.1,16.1,8.35,16.1,16.1,16.1,16.1,16.1,16.1,16.1,16.1,16.1,8.3,16.1,16.1,16.1,16.1,16.1,16.1,16.1,16.1,16.1,8.35,16.1,16.1,16.1,16.1,16.1,16.1,16.1,16.1,16.1,11.1,16.1,16.1,16.1,16.1,16.1,16.1,16.1,16.2,16.1,12,16.1,16.1,16.1,16.1,16.1,16.1,16.1,16.1,16.1,12.2,16.1,16,16.1,16.1,16.1,16.1,12.1,11.8
0.0000974,12,16.1,16.2,16.2,16.1,16.1,16.1,16.2,16.1,16.1,16.1,11.8,16.1,16.1,16.1,16.1,16.1,16.1,16.1,16.2,16.1,9.99,16.1,16.1,16.1,16.1,16.1,16.1,16.1,16.1,16.2,8.35,16.1,16.1,16.1,16.1,16.1,16.1,16.1,16.1,16.1,8.3,16.2,16.1,16.1,16.1,16.1,16.1,16.1,16.1,16.1,8.35,16.1,16.1,16.1,16.1,16.1,16.1,16.1,16.1,16.1,8.39,16.1,16.1,16.1,16.1,16.1,16.1,16.1,16.1,16.1,11.1,16.1,16.2,16.2,16.1,16.2,16.1,16.1,16.1,16.2,12,16.1,16.1,16.1,16.1,16.1,16.1,16.1,16.1,16.2,12.2,16.1,16.1,16.1,16.1,16.1,16.1,12.2,11.9
0.0000976,12,16.1,16.1,16.1,16.1,16.1,16.1,16.1,16.1,16.1,16.1,11.8,16.1,16.1,16.2,16.2,16.1,16.1,16.1,16.1,16.1,9.99,16.1,16.1,16.1,16.1,16.1,16.1,16.1,16.1,16.1,8.39,16.1,16.1,16.1,16.1,16.1,16.1,16.1,16.1,16.1,8.35,16.1,16.1,16.1,16.1,16.1,16.1,16.1,16.1,16.2,8.35,16.1,16.1,16.1,16.1,16.2,16.1,16.1,16.1,16.1,8.35,16.1,16.1,16.1,16.1,16.1,16.1,16.1,16.1,16.1,11.1,16.2,16.1,16.1,16.1,16.1,16.1,16.1,16.1,16.1,12,16.1,16.1,16.2,16.1,16.1,16.1,16.2,16.1,16.1,12.2,16.1,16.1,16.2,16.1,16.1,16.1,12.2,11.9
0.0000978,12,16.1,16.1,16.1,16.1,16.1,16.1,16.1,16.1,16.1,16.1,11.9,16.1,16.1,16.2,16.1,16.1,16.1,16.1,16.1,16.1,10,16.1,16.1,16.1,16.1,16.1,16.1,16.2,16.1,16.1,8.35,16.1,16.1,16.1,16.1,16.1,16.1,16.1,16.1,16.1,8.3,16.1,16.1,16.1,16.2,16.1,16.1,16.1,16.1,16.1,8.35,16.1,16.1,16.1,16.1,16.1,16.1,16.1,16.1,16.1,8.39,16.1,16.1,16.1,16.1,16.1,16.1,16.1,16.1,16.1,11.2,16,16.1,16.2,16.1,16.1,16.1,16.1,16.1,16.1,11.9,16.1,16.1,16.1,16.1,16.1,16.1,16.1,16.1,16.1,12.2,16.1,16.1,16.1,16.1,16.2,16.1,12.2,11.9
0.000098,12,16.1,16.2,16.1,16.1,16.1,16.1,16.1,16.1,16.1,16.1,11.8,16.1,16.2,16.1,16.1,16.1,16.1,16.2,16.1,16.1,10,16.2,16.2,16.1,16.1,16.1,16.1,16.1,16.1,16.1,8.35,16.1,16.1,16.1,16.1,16.1,16.1,16.1,16.1,16.2,8.3,16.1,16.1,16.1,16.1,16.1,16.2,16.1,16.1,16.2,8.3,16.1,16.1,16.1,16.1,16.1,16.1,16.1,16.1,16.1,8.35,16.1,16.1,16.1,16.1,16.1,16.1,16.1,16.1,16.1,11.1,16.1,16,16.1,16.1,16.1,16.1,16.1,16.1,16.1,11.9,16.1,16.1,16.1,16.1,16.1,16.2,16.1,16.1,16.1,12.1,16.1,16.1,16.1,16.1,16.1,16.1,12.2,11.9
0.0000982,12,16.1,16.1,16.1,16.1,16.1,16.1,16.1,16.2,16.1,16.1,11.8,16.1,16.1,16.1,16.1,16.2,16.1,16.2,16.1,16.1,10,16.1,16.1,16.1,16.1,16.1,16,16.1,16.1,16.1,8.35,16.1,16.1,16.2,16.1,16.1,16.1,16.1,16.1,16.1,8.3,16.1,16.1,16.1,16.2,16.1,16.1,16.1,16.1,16.1,8.35,16.1,16.1,16.1,16.1,16.1,16.1,16.1,16.1,16.1,8.35,16.1,16.1,16.1,16.1,16.2,16.1,16.1,16.2,16.1,11.1,16.1,16.1,16.1,16.1,16.1,16.1,16.1,16.1,16.1,11.9,16.1,16.1,16,16.1,16.1,16.1,16.1,16,16,12.1,16.1,16.1,16.1,16.1,16.1,16.1,12.2,11.9
0.0000984,12,16.1,16.1,16.1,16.1,16.1,16.2,16.1,16.1,16.1,16.1,11.8,16.1,16.1,16.1,16.1,16.1,16.1,16.1,16.1,16.1,9.95,16.1,16.2,16.1,16.1,16.1,16.1,16.1,16.1,16.1,8.35,16.1,16.1,16.1,16.1,16.1,16.1,16.1,16.1,16.1,8.35,16.1,16.1,16.1,16.1,16.1,16.1,16.1,16.1,16.1,8.3,16.1,16.1,16.1,16.1,16.1,16.1,16.1,16.1,16.1,8.35,16.1,16.1,16.1,16.1,16.1,16.1,16.1,16.1,16.1,11.1,16.1,16.1,16.1,16.2,16.2,16.1,16.2,16.1,16.1,12,16.1,16.1,16.1,16.1,16.1,16.2,16.1,16.2,16.1,12.2,16.1,16.1,16.2,16.1,16.1,16.1,12.1,11.9
0.0000986,12,16.1,16.1,16.1,16.1,16.1,16.1,16.1,16.1,16.1,16.1,11.8,16.1,16.1,16.1,16.1,16.1,16.1,16.1,16.1,16.1,9.86,16.1,16.1,16.1,16.1,16.1,16.1,16.1,16.1,16.1,8.35,16.1,16.1,16.1,16,16.1,16.1,16.1,16.2,16.1,8.3,16.1,16.1,16.1,16.1,16.1,16.1,16.1,16.1,16.2,8.3,16.1,16.1,16.1,16.1,16.1,16.1,16.1,16.1,16.1,8.35,16.1,16.1,16.1,16.1,16.1,16.1,16.1,16.1,16,11,16.1,16.1,16.1,16.1,16.1,16.1,16.1,16.2,16.1,11.9,16.1,16.1,16.1,16.1,16.1,16.1,16.1,16.1,16.1,12.2,16.1,16.1,16.1,16.1,16.1,16.1,12,11.9
0.0000988,12,16.2,16.2,16.1,16.1,16.1,16.1,16.1,16.1,16.1,16.1,11.7,16.2,16.1,16.1,16.2,16.1,16.1,16.1,16.1,16.1,9.86,16.1,16.1,16.1,16.1,16.1,16.1,16.1,16.1,16.1,8.39,16.2,16.1,16.1,16.1,16.2,16.1,16.2,16.1,16.1,8.3,16.1,16.1,16.1,16,16.1,16.1,16.1,16.1,16.1,8.35,16.1,16.1,16.1,16.1,16.2,16.1,16.1,16.1,16.1,8.39,16,16.1,16.1,16.1,16.1,16.1,16.1,16.1,16.1,11,16.1,16.1,16.1,16.1,16.1,16.1,16.1,16.1,16.1,12,16.1,16.2,16.1,16.1,16.1,16.1,16.1,16.1,16.1,12.2,16.1,16.1,16.1,16.1,16.1,16.1,12,11.8
0.000099,12,16.1,16.1,16.1,16.1,16.1,16.1,16.1,16.1,16.1,16.1,11.7,16.1,16.1,16.1,16.1,16.1,16.1,16.1,16.2,16.1,9.86,16.2,16.1,16.1,16.1,16.1,16.1,16.1,16.1,16.1,8.39,16.1,16.1,16.1,16.1,16.1,16.1,16.1,16.1,16.1,8.3,16.1,16.2,16.1,16.1,16.1,16.1,16.1,16.1,16.1,8.3,16.2,16.1,16.1,16.1,16.1,16.1,16.1,16.1,16.1,8.43,16.1,16.1,16.2,16.1,16.1,16.1,16.1,16.1,16.1,11,16.1,16.1,16.1,16.1,16.1,16.1,16.2,16.1,16.1,11.9,16.1,16.1,16.1,16.1,16.2,16.1,16.1,16.1,16.1,12.2,16.1,16.1,16.1,16.1,16.1,16.1,11.9,11.9
0.0000992,12,16.1,16.1,16.1,16.1,16.1,16.1,16.1,16.1,16.1,16.1,11.7,16.1,16.1,16.1,16.1,16.1,16.2,16.1,16.1,16.1,9.86,16.1,16.1,16.1,16.1,16.1,16.1,16.2,16.1,16.1,8.35,16.1,16.1,16.1,16.1,16.1,16.1,16.1,16.1,16.1,8.3,16.1,16.1,16.1,16.2,16.1,16.1,16.1,16.2,16.1,8.3,16.1,16.1,16.1,16.1,16.1,16.1,16.1,16.1,16.1,8.39,16.1,16.1,16.1,16.1,16.1,16.1,16.1,16.1,16.1,11,16.1,16.1,16.2,16.1,16.1,16.1,16.1,16.1,16.1,12,16.1,16.1,16.1,16.1,16.1,16.1,16.1,16.1,16.1,12.2,16.1,16.1,16.1,16.1,16.1,16.1,12,11.8
0.0000994,12,16.1,16.1,16.1,16.1,16.1,16.1,16.1,16.1,16.1,16.2,11.7,16.1,16.1,16.1,16.1,16.2,16.1,16.1,16.1,16.1,9.86,16.1,16.1,16.1,16.1,16.1,16.1,16.1,16.1,16.1,8.35,16.1,16.1,16.1,16.1,16.1,16.1,16.1,16.1,16.1,8.3,16.1,16.1,16.1,16.1,16.1,16,16.1,16.1,16.1,8.3,16.1,16.2,16.1,16.1,16.1,16.1,16.1,16.2,16.1,8.43,16.1,16.1,16.1,16.1,16.1,16.1,16.1,16.1,16.1,11,16.1,16.1,16.1,16.1,16.1,16.1,16.1,16.1,16.1,12,16.1,16.2,16.1,16,16.1,16.1,16.1,16.1,16.1,12.3,16.1,16.1,16.1,16.1,16.1,16.1,12,11.8
0.0000996,12,16.2,16.2,16.1,16.1,16.1,16.1,16.1,16.1,16.1,16.1,11.7,16,16.1,16.1,16.2,16.1,16.1,16.1,16.1,16.1,9.95,16.1,16.2,16.1,16.1,16.1,16.1,16.1,16.1,16.1,8.26,16.1,16.2,16.1,16.1,16.1,16.1,16.1,16.2,16.1,8.3,16.1,16.1,16.1,16.1,16.1,16.1,16.1,16.1,16.2,8.3,16.1,16.2,16.1,16.1,16.1,16.2,16.1,16.1,16.1,8.43,16.1,16.1,16.1,16.1,16.1,16.1,16.1,16.1,16.1,11,16.1,16.1,16.1,16.1,16.1,16.1,16.1,16.1,16.1,12,16.1,16.1,16.1,16.1,16.1,16.2,16.1,16.1,16.1,12.2,16.2,16.1,16.1,16.1,16.1,16.1,12,11.9
0.0000998,12,16.1,16.1,16.1,16.2,16.1,16.1,16.2,16.1,16.1,16.1,11.7,16.1,16.1,16.2,16.1,16.1,16.1,16.2,16.1,16.1,9.95,16.1,16.1,16.1,16.1,16.1,16.1,16.1,16.1,16.1,8.26,16.1,16.1,16.1,16.1,16.1,16.1,16.1,16.1,16.1,8.3,16.1,16.1,16.1,16.1,16.1,16.1,16.1,16.1,16.2,8.35,16.1,16.2,16.1,16.1,16.1,16.1,16.1,16.1,16.1,8.48,16.1,16,16.1,16.1,16.1,16.1,16.1,16.1,16,11.1,16.2,16,16,16.1,16.1,16.1,16.2,16.1,16.1,11.9,16.1,16.1,16.2,16.2,16.1,16.1,16.1,16.1,16.1,12.2,16.1,16.1,16.1,16.1,16.1,16.1,12,11.9
0.0001,12,16.1,16.1,16.1,16.1,16.2,16.1,16.1,16.1,16.1,16.1,11.7,16.1,16.2,16.1,16.1,16.1,16.1,16.1,16.1,16.1,10,16.1,16.1,16.1,16.1,16.1,16.1,16.1,16.1,16.1,8.3,16.1,16.1,16.2,16.1,16.1,16.1,16.1,16.1,16.1,8.26,16.1,16.1,16.1,16.1,16.1,16.1,16.1,16.2,16.1,8.3,16.1,16.1,16.1,16.1,16.1,16.1,16.1,16.1,16.1,8.43,16.1,16.1,16.1,16.1,16.1,16.1,16.1,16.1,16.1,11.1,16.1,16.1,16.1,16.2,16.1,16.1,16.1,16.1,16.1,11.9,16.1,16.1,16.1,16.1,16.1,16.1,16.1,16.1,16.1,12.2,16.1,16.2,16.1,16.1,16.1,16.1,12,11.8
0.0001,12,16.1,16.2,16.1,16.2,16.1,16.1,16.2,16.1,16.2,16.1,11.7,16.1,16,16.1,16.1,16.1,16.1,16.2,16.1,16.1,10,16.1,16.1,16.1,16,16.1,16.1,16.1,16.2,16.1,8.26,16.2,16.2,16.1,16.1,16.1,16.1,16.1,16.1,16.1,8.22,16.1,16.1,16.1,16.1,16.1,16.1,16.1,16.1,16.2,8.3,16.1,16.1,16.1,16.1,16.1,16.1,16.1,16.1,16.1,8.48,16.1,16.1,16.1,16,16.1,16.1,16.1,16.1,16.1,11.1,16.1,16.1,16.1,16.1,16.1,16.1,16.1,16.1,16.1,12,16.2,16.2,16.1,16.1,16.1,16.1,16.1,16.1,16.1,12.2,16.1,16.1,16.1,16.1,16.1,16.1,12.2,11.8
0.0001,12,16.1,16.1,16.1,16.1,16.2,16.2,16.1,16.1,16.1,16.1,11.8,16.1,16.1,16.2,16.1,16.2,16.1,16.1,16.1,16.1,10,16.1,16.1,16.1,16.1,16.1,16.2,16.1,16.1,16.1,8.26,16.1,16.1,16.1,16.2,16.1,16.1,16.1,16.1,16.2,8.22,16.1,16.1,16.1,16.1,16.1,16.1,16.1,16.1,16.1,8.26,16,16.2,16.1,16.1,16.1,16.1,16.1,16.1,16.1,8.48,16.1,16.2,16.1,16.1,16.1,16.1,16.1,16.1,16,11.2,16.1,16.1,16.1,16.1,16.1,16.1,16.1,16.1,16.1,11.9,16.1,16.1,16.1,16.1,16.1,16.1,16.1,16,16.1,12.2,16.1,16.1,16.1,16.1,16.1,16.1,12.1,11.8
0.000101,12,16.1,16.2,16.1,16.1,16.1,16.2,16.1,16.1,16.1,16.1,11.7,16.1,16.1,16.1,16.2,16.2,16.1,16.1,16.1,16.1,10.1,16.1,16.1,16.1,16.1,16.1,16.1,16.1,16.1,16.1,8.3,16.1,16.1,16.1,16.1,16.2,16.1,16.1,16.1,16,8.22,16.1,16.1,16.1,16.1,16.1,16.1,16.1,16.1,16.1,8.22,16.1,16.1,16.1,16.2,16.1,16.1,16.1,16.1,16.1,8.35,16.2,16.1,16.1,16.1,16.1,16.1,16.1,16.1,16.1,11.2,16.1,16.1,16.1,16.2,16,16.1,16.1,16.1,16.1,11.9,16.2,16.1,16.1,16.1,16.1,16.1,16.1,16.1,16.1,12.1,16.2,16.1,16.1,16.1,16.1,16.1,12.1,11.8
0.000101,12,16.1,16.1,16.1,16.1,16.1,16.1,16.2,16.1,16.1,16.1,11.7,16,16.1,16.1,16.1,16.1,16.1,16.2,16.1,16.1,10.1,16.1,16.1,16.1,16.1,16.1,16.1,16.1,16.1,16.1,8.26,16.1,16.1,16.1,16.1,16.1,16.1,16.1,16.1,16.1,8.22,16.1,16.1,16.1,16.1,16.1,16.1,16.1,16.1,16.1,8.22,16.1,16.1,16.1,16.1,16.1,16.1,16.1,16.1,16.1,8.3,16.1,16.1,16,16.1,16.1,16.1,16.1,16.1,16.1,11.2,16.2,16.1,16.1,16.1,16.1,16.1,16.1,16.1,16.1,11.9,16.1,16.1,16.1,16.1,16.1,16.1,16.1,16.1,16.1,12.1,16.1,16.1,16.1,16.1,16.1,16.1,12.1,11.8
0.000101,12.1,16.1,16.2,16.1,16.1,16.1,16.1,16.1,16.1,16.1,16.1,11.8,16.1,16.2,16.1,16.1,16.1,16.1,16.1,16.1,16.2,10,16.1,16.1,16.1,16.1,16.1,16.1,16.1,16.1,16.1,8.26,16.1,16.1,16.1,16.1,16.1,16.2,16.2,16.2,16.1,8.22,16.1,16.1,16.1,16.1,16.1,16.1,16.2,16.1,16.1,8.22,16.1,16.1,16.1,16.1,16.2,16.1,16.1,16.1,16.2,8.3,16.1,16.1,16.1,16.1,16.1,16.1,16.1,16.1,16.1,11.2,16.1,16.1,16.1,16.1,16.2,16.1,16.1,16.1,16.2,11.9,16.1,16.1,16.1,16.1,16.1,16.1,16.1,16.1,16.1,12.1,16.1,16.1,16.1,16.1,16.1,16.1,12.1,11.8
0.000101,12.1,16.1,16.1,16.1,16,16.1,16.1,16.1,16.1,16.1,16.1,11.7,16.2,16.1,16.1,16.1,16.1,16.1,16.1,16.1,16.1,10.1,16.1,16.1,16.1,16.1,16.1,16.1,16.1,16.1,16.1,8.26,16.1,16.1,16.1,16.1,16.1,16.1,16.2,16.1,16.1,8.22,16.1,16.1,16.1,16.1,16.1,16.2,16.1,16.1,16.1,8.22,16.1,16.1,16.1,16.1,16.1,16.1,16.1,16.1,16.1,8.26,16.1,16.1,16.1,16.1,16.1,16.1,16.1,16.1,16.1,11.2,16.1,16.1,16.2,16.1,16.1,16.1,16.1,16.1,16,11.9,16.1,16.2,16.1,16.1,16.1,16.1,16.1,16.1,16.1,12.1,16.1,16.1,16.1,16.1,16.1,16.1,12,11.8
0.000101,12.1,16.1,16.1,16.1,16.1,16.1,16.1,16.1,16.1,16.1,16.1,11.8,16.2,16.1,16.2,16.1,16.2,16.1,16.1,16.1,16.1,10,16.1,16.1,16.1,16.1,16.1,16.1,16.1,16.1,16.1,8.3,16.1,16.1,16.1,16.1,16.1,16.1,16.1,16.1,16.1,8.22,16.2,16.1,16.1,16.1,16.1,16.1,16.1,16.1,16.1,8.22,16.1,16.1,16.1,16.1,16.1,16.1,16.1,16.2,16.1,8.3,16,16.1,16.1,16.1,16.1,16.1,16.1,16.1,16.1,11.2,16.1,16.2,16.1,16.1,16.1,16.1,16.1,16.1,16.1,12,16.2,16.1,16.1,16.1,16.1,16.1,16.1,16.1,16.1,12.1,16.1,16.1,16.1,16.1,16.1,16.1,12,11.8
0.000102,12,16.1,16.1,16.1,16.1,16.2,16.1,16.1,16.1,16.1,16.1,11.7,16.1,16.1,16.1,16.1,16.1,16.1,16.1,16.1,16.1,10,16.1,16.1,16.1,16.1,16.2,16.1,16.1,16,16.1,8.22,16.1,16.1,16.1,16.1,16.1,16.1,16.1,16.1,16.1,8.26,16.1,16.1,16.1,16.2,16.1,16.1,16.1,16.2,16.1,8.22,16.1,16.1,16,16.2,16.1,16.1,16.1,16.1,16.1,8.35,16.1,16.1,16.1,16.1,16.1,16.2,16.1,16.1,16.1,11.1,16.1,16.1,16.1,16.1,16.2,16.1,16.1,16.1,16.2,12,16.1,16.1,16.1,16.1,16.1,16.1,16.1,16.1,16.2,12.1,16.1,16.1,16.1,16.1,16.1,16.1,12,11.9
0.000102,12.1,16.1,16.1,16.1,16.1,16.1,16.1,16.1,16.1,16.1,16.1,11.7,16.1,16.1,16.1,16.1,16.2,16.1,16.1,16.1,16.1,9.99,16.1,16.1,16.1,16.1,16.2,16.1,16.1,16.1,16.1,8.26,16.1,16.1,16.1,16.1,16.1,16.2,16.1,16.1,16.1,8.22,16,16.1,16.1,16.1,16.1,16.1,16.1,16.1,16.1,8.3,16.1,16.1,16.1,16.1,16.1,16.1,16.1,16.1,16.1,8.39,16.1,16.1,16.1,16.1,16.1,16.1,16.1,16.2,16.1,11.1,16.1,16.1,16.1,16.1,16.1,16.1,16,16.1,16.1,12,16.1,16,16.1,16.1,16.1,16.1,16.1,16.1,16.1,12.2,16.1,16.1,16.1,16.1,16.1,16.2,12,11.9
0.000102,12,16.1,16.1,16.1,16.1,16.1,16.1,16.1,16.1,16.1,16.1,11.7,16.1,16.1,16.1,16.1,16.1,16.1,16.1,16,16.1,9.99,16.1,16.1,16.1,16.1,16.1,16.1,16.1,16.1,16.1,8.3,16.1,16.2,16.1,16.1,16.1,16.1,16.1,16.1,16.2,8.26,16.1,16.1,16.1,16.1,16.1,16.1,16.1,16.1,16.1,8.22,16.1,16.1,16.1,16.1,16.2,16.1,16.1,16.1,16.1,8.43,16.2,16.1,16.1,16.1,16.2,16.1,16.1,16.1,16,11.1,16.1,16.1,16.1,16.1,16.1,16.1,16.1,16.1,16.1,12.1,16.1,16.1,16.1,16.1,16.1,16.1,16.1,16.1,16.1,12.2,16.1,16.1,16.2,16.2,16.1,16.1,12,11.9
0.000102,12,16.2,16.1,16.1,16.2,16.1,16.1,16.1,16.1,16.1,16.1,11.7,16.2,16.2,16.1,16.2,16.1,16.2,16.1,16.1,16.1,10,16.1,16.1,16.1,16.1,16.1,16.1,16.1,16.1,16.1,8.3,16.1,16.1,16.1,16.1,16.1,16.1,16.1,16.1,16.1,8.17,16.1,16.1,16.1,16.1,16.1,16.1,16.2,16.1,16.1,8.26,16.1,16.2,16.1,16.1,16.1,16.1,16.1,16.1,16.1,8.43,16.2,16.1,16.1,16.1,16.1,16.1,16.1,16.1,16.1,11.1,16.1,16.1,16.1,16.1,16.2,16.1,16.1,16.1,16.1,12.1,16.1,16.1,16.1,16.2,16.1,16.1,16,16.1,16.1,12.1,16.1,16.1,16.1,16.1,16.1,16.1,12,11.9
0.000102,12.1,16.1,16.1,16.1,16.1,16.1,16.1,16,16.1,16.1,16.1,11.7,16.1,16.1,16.1,16.1,16.1,16.1,16.1,16.1,16.1,10,16.1,16.2,16.1,16.1,16.1,16.1,16.1,16.1,16.1,8.3,16.1,16.2,16.1,16.2,16.1,16.1,16.1,16.1,16.1,8.22,16.1,16.1,16.1,16.1,16.1,16.1,16.1,16.1,16.1,8.22,16.1,16.2,16.2,16.1,16.1,16.1,16.1,16.1,16.1,8.39,16.1,16.1,16.1,16.1,16.1,16.1,16.1,16.1,16.1,11.1,16.1,16.1,16.1,16.1,16.1,16.1,16.1,16.1,16,12.1,16.1,16.1,16.1,16.1,16.1,16.1,16.1,16.1,16.1,12.2,16.1,16.1,16.1,16.1,16.1,16.1,12,12
0.000103,12.1,16.1,16.1,16.1,16.1,16.1,16.1,16.2,16.1,16.1,16.1,11.7,16.1,16.1,16.1,16.1,16.1,16.1,16.1,16.1,16.1,10.1,16.1,16.1,16.1,16.1,16.1,16.1,16.1,16.1,16.1,8.3,16.2,16.1,16.1,16.1,16.1,16.1,16.2,16.1,16.2,8.26,16.1,16.1,16.1,16.1,16.1,16.1,16.1,16.1,16.1,8.22,16.1,16.1,16.1,16.1,16.1,16.1,16.1,16.2,16.1,8.43,16.1,16.1,16.1,16.1,16.1,16.1,16.1,16.2,16.1,11.1,16.1,16.1,16.1,16.1,16.1,16.1,16.1,16.1,16.1,12,16.1,16.1,16.1,16.1,16.2,16.2,16.1,16.1,16.1,12.2,16.2,16.1,16.1,16.1,16.1,16.1,12,11.9
0.000103,12,16.1,16.1,16.1,16.1,16.1,16.1,16.1,16.1,16.1,16.2,11.7,16.1,16.1,16.1,16.1,16.1,16.1,16.1,16.1,16.1,10.1,16.1,16.1,16.1,16.1,16.1,16.1,16.2,16.2,16.1,8.26,16.1,16.1,16.1,16.1,16.1,16.2,16.1,16.1,16.2,8.22,16.1,16.1,16.1,16.1,16.1,16.1,16.1,16.1,16.1,8.26,16.1,16.1,16.1,16.1,16.1,16.1,16.1,16.1,16.1,8.3,16.1,16.1,16.1,16.1,16.1,16.1,16.1,16.1,16.1,11.2,16.1,16.2,16.1,16.1,16.1,16.1,16.1,16.1,16.1,12,16.1,16.1,16.1,16.1,16.1,16.2,16.1,16.1,16.1,12.1,16.1,16.1,16.1,16.1,16.1,16.1,12,11.9
0.000103,12.1,16.1,16.1,16.1,16.2,16,16.1,16.1,16.1,16.1,16.1,11.7,16.1,16.2,16.1,16.1,16.1,16.1,16.1,16.1,16.1,10.1,16.1,16.1,16.1,16.1,16.1,16.1,16.2,16.1,16.1,8.26,16.1,16.1,16.1,16.1,16.1,16.1,16.1,16.1,16.1,8.22,16.1,16.1,16.1,16.1,16.1,16.1,16.1,16.1,16.1,8.22,16.1,16.1,16.2,16.1,16.1,16.1,16.1,16.1,16.1,8.35,16.1,16.1,16.1,16.1,16.1,16.1,16.1,16.1,16.1,11.2,16.1,16.1,16.1,16.1,16.1,16.1,16.1,16.1,16.1,11.9,16.1,16.1,16.1,16.1,16.1,16.1,16.1,16.1,16.1,12.1,16.1,16.1,16.1,16.1,16.1,16.1,12,11.9
0.000103,12.1,16.1,16.1,16.1,16.1,16.1,16.2,16.1,16.1,16.1,16.1,11.7,16.1,16.2,16.1,16.1,16.1,16.1,16.1,16.1,16.1,10.1,16.1,16.1,16.1,16.1,16.1,16.1,16.1,16.1,16.1,8.3,16.1,16.1,16.1,16.1,16.1,16.1,16.1,16.1,16.1,8.26,16.1,16.1,16.1,16.1,16.1,16.1,16.1,16.1,16.1,8.22,16.1,16.1,16.1,16.1,16.1,16.1,16.1,16.1,16.1,8.26,16.1,16.1,16.1,16.1,16.1,16.1,16.1,16.2,16,11.2,16.1,16.1,16.1,16.1,16.1,16.1,16.1,16.1,16.1,11.8,16.2,16.1,16.1,16.1,16.1,16.1,16.1,16.1,16,12.1,16.1,16.2,16.1,16.1,16.1,16.1,12,11.8
0.000103,12.1,16.1,16.2,16.1,16,16.2,16.1,16.1,16.2,16.1,16.1,11.8,16.1,16.1,16.1,16.1,16.1,16.1,16.1,16.1,16.1,10.1,16.1,16.2,16.1,16.1,16.1,16.1,16.2,16.1,16,8.3,16.2,16.2,16.1,16.1,16.1,16.1,16.1,16.1,16.1,8.22,16.1,16.1,16.1,16.1,16.1,16.1,16.1,16.1,16.1,8.22,16.1,16.2,16.1,16.2,16.1,16.1,16.1,16.1,16.1,8.26,16.1,16.1,16.1,16.1,16.1,16.1,16.1,16.1,16.2,11.2,16.1,16.1,16.1,16.1,16.1,16.1,16.1,16.1,16.1,11.8,16.1,16.1,16.2,16.1,16.1,16.1,16.1,16.2,16.1,12.1,16.1,16.2,16.1,16.1,16.1,16.1,12,11.8
0.000104,12.1,16.1,16.1,16.1,16.2,16.1,16.1,16.1,16.1,16.1,16.1,11.8,16.1,16.1,16.1,16.1,16.2,16.1,16.1,16.1,16.1,10.2,16.1,16.2,16.1,16.1,16.1,16.1,16.2,16.1,16.1,8.26,16.1,16.1,16.1,16.1,16.1,16.2,16.1,16.1,16.1,8.26,16.1,16.1,16.1,16,16.1,16.2,16.1,16.1,16.2,8.22,16.1,16.1,16.1,16.1,16.1,16.1,16.1,16.1,16.1,8.26,16.1,16.1,16.1,16.1,16.1,16.1,16.1,16.1,16.1,11.2,16.1,16.1,16.1,16.1,16.1,16.1,16.1,16.1,16.1,11.8,16.1,16.1,16.1,16.1,16.1,16.1,16.1,16.2,16.1,12,16.1,16.1,16.1,16.1,16.1,16.1,12,11.8
0.000104,12.1,16.1,16.2,16.1,16.1,16.1,16.1,16.1,16.2,16.1,16.1,11.7,16.1,16.1,16.1,16.1,16.1,16.2,16.1,16.1,16.1,10.2,16.1,16.1,16.1,16.1,16.1,16.1,16.1,16.1,16.1,8.3,16.1,16.1,16.2,16.1,16.1,16.1,16.1,16.1,16.2,8.22,16.1,16.1,16.1,16.2,16.1,16.1,16.1,16.1,16.1,8.22,16.1,16.1,16.1,16.2,16.1,16.1,16.1,16.1,16.1,8.26,16.1,16.1,16.1,16.1,16.1,16.1,16.1,16.1,16.1,11.2,16.1,16.1,16.2,16.1,16.1,16.1,16.1,16.1,16.1,11.8,16.1,16.1,16.1,16.1,16.1,16.1,16.1,16.1,16.1,12,16.1,16.1,16.1,16.1,16.1,16.1,12,11.8
0.000104,12.1,16.1,16.1,16.1,16.1,16.1,16.1,16.1,16.1,16.1,16.1,11.7,16.1,16.1,16.1,16.1,16.1,16.2,16.1,16.1,16.1,10.2,16.1,16.1,16.1,16.1,16.2,16.1,16.1,16.1,16.1,8.26,16.2,16.1,16.1,16.1,16.1,16.2,16.1,16.1,16.1,8.22,16.1,16.2,16.1,16.1,16.1,16.1,16.1,16.1,16.1,8.26,16.1,16.1,16.1,16.1,16.1,16.1,16.1,16.1,16.1,8.35,16.1,16.1,16.1,16.1,16.1,16.1,16.1,16.1,16.1,11.2,16.1,16.1,16.1,16.1,16.1,16.1,16.1,16.2,16.1,11.9,16.2,16.1,16.1,16.1,16.1,16.1,16.1,16.1,16.1,12.1,16.1,16.1,16.1,16.1,16.1,16.1,12,11.8
0.000104,12.1,16.1,16.1,16.1,16.1,16.2,16.1,16.1,16.1,16.1,16.1,11.7,16.2,16.1,16.1,16.1,16.1,16.1,16,16.1,16.1,10.2,16.2,16.1,16.1,16.1,16.1,16.1,16.1,16,16.1,8.26,16.1,16.1,16.2,16.1,16.1,16.1,16.2,16.1,16.1,8.22,16.1,16.1,16.1,16.2,16.1,16.1,16.1,16.1,16.1,8.22,16.1,16.1,16.1,16.1,16.1,16.1,16.1,16.1,16.1,8.35,16.1,16.1,16.1,16.1,16.1,16.1,16.2,16.1,16.1,11.2,16.1,16.1,16.1,16.1,16.2,16.1,16.1,16.1,16.1,11.9,16.1,16.1,16.1,16.1,16,16.1,16.1,16,16.1,12,16.1,16.1,16.1,16.1,16.2,16.1,12,11.8
0.000104,12,16.1,16.1,16.1,16.1,16.1,16.1,16.1,16,16.2,16.1,11.7,16.1,16.1,16.1,16.1,16.2,16.1,16.1,16.1,16,10.1,16.1,16.1,16.1,16.1,16.1,16.1,16.1,16,16.1,8.3,16.1,16.1,16,16.1,16.1,16.1,16.1,16.1,16.1,8.22,16.1,16.1,16.1,16.1,16.1,16.1,16.1,16.1,16.1,8.26,16.1,16.2,16.1,16.1,16.1,16.1,16.1,16.1,16.2,8.43,16.1,16.1,16.1,16.1,16.1,16.1,16.1,16.1,16.1,11.1,16.2,16.1,16.1,16.1,16.1,16.1,16.1,16.1,16.2,12,16.1,16.1,16.1,16.1,16.1,16.1,16.1,16.1,16.1,12,16.1,16.1,16.1,16.1,16.2,16.1,12,11.8
0.000105,12,16.1,16.2,16.1,16.1,16.1,16.1,16.1,16.1,16.1,16.1,11.7,16.1,16.1,16.2,16.1,16.1,16.2,16.1,16.1,16.1,10.1,16.1,16.1,16.1,16.1,16.1,16.1,16.1,16.1,16.2,8.26,16.1,16.2,16.1,16.1,16.1,16.1,16.2,16.1,16.1,8.22,16.1,16.1,16.1,16.1,16.1,16.1,16.1,16.1,16.1,8.22,16.1,16.1,16.1,16.1,16.1,16.1,16.1,16.1,16.1,8.48,16.1,16.1,16.1,16.1,16.1,16.1,16.1,16.1,16.1,11.1,16.1,16.1,16.1,16.1,16.1,16.1,16.1,16.1,16.2,12,16.1,16.1,16.1,16.1,16.1,16.1,16.1,16.1,16.1,12,16.1,16.1,16.1,16.1,16.1,16.1,12.1,12
0.000105,12,16.1,16.1,16.1,16.1,16.1,16.1,16.1,16.1,16.1,16.1,11.7,16.1,16.1,16.1,16.1,16.2,16,16.1,16.2,16.1,10.2,16.1,16.1,16.1,16.1,16.1,16.1,16.1,16.1,16.1,8.22,16.1,16.1,16.1,16.1,16.1,16.1,16.1,16.2,16.1,8.22,16.1,16.1,16.1,16.1,16.1,16.1,16.1,16.1,16.1,8.26,16.1,16.1,16.1,16.1,16.1,16.1,16.2,16.1,16.1,8.48,16.1,16.1,16.1,16.1,16.1,16.1,16.2,16.1,16.1,11.1,16.1,16.1,16.1,16.1,16.1,16.1,16.1,16.2,16.1,12.1,16.1,16.1,16.1,16.1,16.1,16.1,16.1,16.1,16.1,12,16.1,16.1,16.1,16.1,16.1,16.2,12,12
0.000105,11.9,16.2,16.1,16.1,16.1,16.1,16.1,16.2,16.1,16.1,16.1,11.7,16.1,16.1,16.1,16.1,16.1,16.1,16.1,16.1,16.1,10.1,16.1,16.1,16.1,16.1,16.1,16.1,16.1,16.1,16.1,8.3,16.1,16.1,16.2,16.1,16.1,16.1,16.1,16.1,16.1,8.22,16.1,16.1,16.1,16.1,16.1,16.1,16.1,16.1,16.1,8.26,16.1,16.1,16.1,16.1,16.1,16.1,16.1,16.1,16.1,8.48,16.1,16.2,16.2,16.1,16.1,16.1,16,16.1,16.1,11.1,16.1,16.1,16.1,16.1,16.1,16.1,16.1,16.1,16.1,12,16.1,16.1,16.1,16,16.1,16.1,16.2,16.1,16.1,12,16.1,16.1,16.1,16.1,16.1,16.1,12,12
0.000105,11.9,16.1,16.1,16,16.1,16.1,16.1,16.1,16.1,16.1,16.1,11.7,16.1,16.1,16.1,16.1,16.1,16.1,16.1,16.1,16.1,10.2,16.1,16.1,16.1,16.1,16.1,16.1,16.1,16.1,16.2,8.26,16.1,16.1,16.1,16.2,16.1,16.1,16.1,16.2,16,8.22,16.1,16.1,16.1,16.1,16.1,16.1,16,16.1,16.2,8.26,16.1,16.2,16.1,16.1,16.1,16.1,16.1,16.1,16.1,8.39,16.1,16.1,16.1,16.1,16.1,16.1,16.1,16.1,16.1,11.2,16.1,16,16.1,16.1,16.1,16.1,16.1,16.1,16.1,12,16.1,16.2,16.1,16.1,16.1,16.1,16.1,16.1,16.1,12,16.1,16.1,16.1,16.1,16.1,16.1,11.9,12
0.000105,11.9,16.2,16.1,16.1,16.1,16,16.1,16.1,16.1,16.1,16.1,11.7,16.1,16.1,16.1,16.1,16.1,16.1,16.1,16.1,16.1,10.1,16.1,16.1,16.1,16.1,16,16.1,16.1,16.1,16.1,8.22,16.1,16.1,16.1,16.1,16.1,16.1,16.1,16.1,16.1,8.17,16.1,16.1,16.1,16.1,16.1,16.1,16.1,16.1,16.1,8.22,16,16.1,16.2,16.1,16.1,16.1,16.1,16.1,16.1,8.3,16.1,16.1,16,16.1,16.1,16.1,16.1,16.1,16.1,11.2,16.2,16.1,16.1,16.1,16.1,16.1,16.1,16.1,16.1,12,16.1,16.1,16.1,16.2,16.1,16.1,16.1,16.1,16.1,12,16.1,16.1,16.1,16.1,16.1,16.1,12,11.9
0.000106,12,16.1,16.1,16.1,16.1,16.1,16.1,16.1,16.1,16.1,16.1,11.7,16.1,16.1,16.1,16.1,16.2,16.1,16.1,16.2,16.1,10.2,16.1,16.1,16.1,16.1,16.1,16.1,16.1,16.1,16.1,8.3,16.1,16.1,16.1,16.1,16.1,16.1,16.1,16.1,16.2,8.22,16.1,16.1,16.1,16.1,16.1,16.1,16.1,16.1,16,8.22,16.1,16.2,16.2,16.1,16.1,16.1,16.1,16.2,16.1,8.3,16.2,16.1,16.1,16.1,16.1,16.1,16.1,16.1,16.1,11.2,16.1,16.1,16.2,16.1,16.1,16.1,16,16.1,16.1,11.9,16.1,16.2,16.2,16.1,16.1,16.1,16.1,16.1,16.1,12.1,16.1,16.1,16.1,16.1,16.1,16.1,12,11.9
0.000106,12.1,16.2,16.1,16.1,16.1,16.1,16.2,16.1,16.1,16.2,16.1,11.7,16.1,16.1,16.1,16.1,16.1,16.1,16.1,16.1,16.1,10.2,16.1,16.1,16.1,16.1,16.1,16.1,16.1,16.1,16.1,8.3,16.1,16.2,16.1,16.1,16.1,16.1,16.1,16.1,16.2,8.22,16.1,16.1,16.1,16.1,16.2,16.1,16.1,16.1,16.2,8.26,16.1,16.1,16.1,16.1,16,16.1,16.1,16.1,16.1,8.3,16.1,16,16.2,16.1,16.1,16.1,16,16.1,16.1,11.2,16.1,16.1,16.1,16.1,16.1,16.1,16.1,16.1,16.1,11.8,16.1,16.1,16.1,16.1,16.1,16.1,16.1,16.1,16.1,12,16.1,16.1,16.1,16.1,16.1,16.1,12,11.9
0.000106,12.2,16.1,16.1,16.1,16.1,16.1,16,16.1,16,16.1,16.1,11.6,16.1,16.1,16.1,16.1,16.1,16.1,16.1,16.1,16.1,10.2,16.1,16.1,16.2,16.1,16.1,16.1,16.1,16.1,16,8.22,16.1,16.1,16.1,16.1,16.2,16.1,16.1,16.1,16.2,8.22,16.1,16.1,16.1,16.1,16.1,16.1,16.2,16.1,16.1,8.22,16.1,16.1,16.1,16.1,16.1,16.1,16.1,16.1,16.1,8.35,16.1,16.1,16.1,16.2,16.1,16.1,16.1,16.1,16.1,11.2,16.1,16.1,16.1,16.1,16.1,16.1,16.1,16.1,16.1,11.8,16.1,16.2,16.1,16.1,16.1,16.1,16.1,16.2,16,12,16.1,16.1,16.1,16.1,16.1,16.1,12,11.8
0.000106,12.2,16.1,16.1,16.1,16.1,16.1,16.1,16.1,16.1,16.1,16,11.7,16.1,16.1,16.1,16.1,16.1,16.1,16.1,16.1,16.1,10.2,16.1,16.1,16.1,16.1,16.1,16.1,16.1,16.1,16.1,8.26,16,16.1,16.1,16.1,16.1,16.1,16.2,16.1,16.1,8.3,16.1,16.1,16.1,16.1,16.1,16.1,16.1,16.1,16.1,8.22,16.2,16.1,16.1,16.1,16.1,16.2,16.1,16.1,16.1,8.35,16.1,16.1,16.1,16.1,16.1,16.1,16.1,16.1,16.1,11.2,16.2,16.1,16.1,16.1,16.1,16.1,16.1,16.1,16.1,11.8,16.1,16.1,16.1,16.1,16.1,16.1,16.1,16.1,16.1,12.1,16.1,16.1,16.1,16.1,16.1,16.1,12.1,11.8
0.000106,12.2,16.1,16.1,16.1,16.1,16.2,16.1,16.1,16.1,16.1,16.2,11.7,16.1,16.2,16.1,16.1,16.1,16.1,16.1,16.1,16,10.2,16.1,16.1,16.1,16.1,16.1,16.1,16.1,16.1,16.1,8.26,16.1,16.1,16.1,16.1,16.1,16.1,16.1,16.1,16.1,8.17,16.1,16.1,16.1,16.1,16.1,16.1,16.1,16.1,16.1,8.22,16.1,16.2,16.1,16.1,16.1,16.1,16.1,16.1,16.1,8.39,16.1,16.1,16.1,16,16.1,16.1,16.1,16.1,16.1,11.2,16.1,16.1,16.1,16.1,16.1,16.1,16.1,16.1,16.2,11.8,16.1,16.1,16.1,16.1,16.1,16.1,16.1,16.1,16.1,12.1,16.1,16.1,16.1,16.2,16.1,16.1,12,11.7
0.000107,12.2,16.1,16.1,16.1,16.1,16.1,16.1,16.1,16.1,16.1,16.1,11.7,16.1,16.1,16.1,16.1,16.1,16.1,16.1,16.1,16.1,10.2,16.1,16.1,16.1,16.1,16.1,16.1,16.1,16.1,16.1,8.3,16.1,16.1,16.1,16.1,16.1,16.1,16.1,16.1,16.1,8.22,16.2,16.1,16.1,16.1,16.1,16.1,16.1,16.1,16.1,8.22,16.1,16.2,16.1,16.1,16.1,16.1,16.2,16.1,16.1,8.43,16.1,16.1,16.1,16.1,16.1,16.1,16.1,16.1,16.1,11.3,16.1,16.1,16.1,16.1,16.1,16.1,16.1,16.1,16.1,11.8,16.1,16.1,16.1,16.1,16.1,16.1,16.1,16.1,16.1,12.1,16.1,16.1,16.1,16.1,16.1,16.1,12,11.8
0.000107,12.2,16.1,16,16.1,16.1,16.1,16.1,16.1,16.1,16.1,16.1,11.8,16.1,16.1,16.1,16.1,16.1,16.1,16.1,16.1,16.1,10.2,16.1,16.2,16.1,16.2,16.1,16.2,16.1,16.2,16.1,8.3,16.1,16.1,16.2,16.1,16.1,16.1,16.1,16.1,16.2,8.22,16.1,16.1,16.1,16.1,16.2,16.1,16.1,16.1,16.1,8.3,16.2,16.1,16.2,16.1,16.2,16.1,16.1,16.1,16,8.48,16.1,16.1,16.1,16.1,16.1,16.1,16.1,16.1,16.1,11.3,16.1,16.1,16.1,16.1,16.1,16.1,16.1,16.1,16.1,11.9,16.1,16,16.1,16.1,16.1,16.1,16.1,16.1,16.1,12.1,16.1,16.1,16.2,16.1,16.1,16.1,12,11.8
0.000107,12.1,16.1,16.1,16.1,16.1,16.1,16.1,16.1,16.1,16.1,16.1,11.8,16.1,16.1,16.1,16.1,16.1,16.1,16.1,16.1,16.1,10.2,16.1,16.1,16.1,16.1,16.2,16.1,16.1,16.1,16.1,8.3,16.1,16.1,16.1,16.1,16.1,16.2,16.1,16.1,16.1,8.26,16.1,16.2,16.1,16.1,16.1,16.1,16.1,16.1,16.1,8.26,16.1,16.1,16.1,16.1,16.1,16.2,16.1,16.1,16.1,8.56,16.1,16.1,16.1,16.1,16.1,16.1,16.1,16.1,16.1,11.2,16,16.1,16.1,16.1,16.2,16.2,16.1,16.1,16.1,11.9,16.1,16.1,16.1,16.1,16.1,16.2,16.1,16.1,16.2,12,16.1,16.1,16.1,16.1,16.1,16.1,12,11.8
0.000107,12.1,16.1,16.1,16.2,16.2,16.1,16.1,16.1,16.1,16.1,16.1,11.8,16.1,16.1,16.1,16.2,16.1,16.1,16.1,16.1,16.1,10.2,16.1,16.1,16.2,16.1,16.1,16.1,16.1,16.1,16.2,8.3,16.1,16.1,16.1,16.1,16.1,16.1,16.1,16.1,16.1,8.17,16.1,16.1,16.1,16.1,16.1,16.1,16.1,16.1,16.1,8.22,16.1,16.1,16.1,16.1,16.1,16.1,16.1,16.1,16.1,8.52,16.1,16.1,16.1,16.1,16.1,16.1,16.1,16.1,16.1,11.2,16.1,16.1,16.1,16.1,16.1,16.2,16.1,16.1,16.1,11.9,16.1,16.1,16.1,16.1,16.2,16.1,16.1,16.1,16.1,12,16.1,16.1,16.1,16.1,16.1,16.1,12,11.9
0.000107,12,16.1,16.1,16.1,16.1,16.1,16.1,16.1,16.1,16.1,16.1,11.8,16.1,16.2,16.1,16.1,16.2,16.1,16.1,16.1,16,10.2,16.1,16.1,16.1,16.2,16.1,16.1,16.1,16.1,16.1,8.26,16.1,16.1,16.1,16.1,16.1,16,16.1,16.1,16.1,8.22,16.1,16.1,16.1,16.1,16.1,16.1,16.1,16.1,16.1,8.22,16.2,16.1,16.1,16.1,16.1,16.2,16.1,16.1,16.1,8.52,16.2,16.1,16.1,16.2,16.1,16.1,16.1,16.1,16.1,11.2,16.1,16.1,16.1,16.1,16.1,16.1,16,16.1,16.2,11.9,16.1,16,16.1,16.2,16.1,16.1,16.1,16.1,16.1,12,16.1,16.1,16.1,16.1,16.1,16.1,12,11.9
0.000108,12,16.1,16.1,16.1,16.1,16.1,16.1,16.1,16.1,16.1,16.1,11.8,16.1,16.1,16.1,16.1,16.1,16.1,16.2,16.1,16.1,10.2,16.1,16.1,16.1,16.1,16.1,16.1,16,16.1,16.1,8.26,16.1,16.1,16.1,16.1,16.1,16.1,16.1,16.1,16,8.26,16.1,16.1,16.1,16.1,16.1,16.1,16.1,16.1,16.1,8.26,16.1,16.1,16.1,16.2,16.1,16.2,16.1,16.1,16.1,8.48,16.2,16.1,16.1,16.1,16.1,16.1,16.1,16.1,16.1,11.2,16.1,16.1,16.1,16.1,16.1,16.1,16.1,16.1,16.1,12,16.1,16.1,16.1,16.1,16.1,16.1,16.1,16.1,16.1,11.9,16.2,16.1,16.1,16.1,16.1,16.1,12,11.9
0.000108,12,16.1,16.1,16.1,16.1,16.1,16.1,16.1,16.1,16.1,16.1,11.7,16.1,16.1,16.1,16.1,16.1,16.1,16.2,16.1,16.1,10.3,16.1,16.1,16.1,16.1,16.1,16.1,16.1,16.1,16.1,8.3,16.1,16.1,16.1,16.2,16.1,16.1,16.1,16.2,16.1,8.26,16.1,16.1,16.2,16.1,16.1,16.1,16.1,16.1,16.1,8.22,16.1,16.1,16.1,16.1,16.1,16.1,16.1,16.1,16.1,8.43,16.1,16.1,16.1,16.1,16.2,16.1,16.2,16.1,16.1,11.2,16.1,16.1,16.1,16,16.1,16.1,16.1,16.1,16.1,11.9,16.1,16.1,16.1,16.1,16.1,16.1,16.1,16.1,16.2,11.8,16.1,16.1,16.1,16.1,16.1,16.1,11.9,11.9
0.000108,12,16.1,16.1,16.1,16.1,16.1,16.1,16.1,16.1,16.2,16.1,11.6,16.1,16.1,16.1,16.1,16.1,16.1,16,16.1,16.1,10.3,16.1,16.1,16.1,16.1,16.1,16.1,16.1,16.1,16.1,8.26,16.1,16.1,16.1,16.1,16.1,16.1,16.1,16.1,16.1,8.22,16.1,16.1,16.1,16.1,16.1,16.1,16.1,16.1,16.1,8.22,16.1,16.1,16.2,16.1,16.1,16.1,16,16.2,16.1,8.39,16.1,16.1,16.1,16.1,16.1,16.1,16.1,16.1,16.1,11.2,16.1,16.1,16.1,16.1,16.1,16.2,16.1,16.2,16.1,12,16.1,16.1,16.1,16.1,16.1,16.1,16.1,16.1,16.1,11.9,16.1,16.1,16.1,16.1,16.1,16.1,12,11.9
0.000108,12.1,16.1,16.1,16.1,16.1,16.1,16.1,16.1,16.2,16.1,16.1,11.6,16.1,16.1,16.2,16.1,16.2,16.2,16.1,16.1,16.1,10.3,16.2,16.1,16.1,16.1,16.1,16.1,16.1,16.1,16.1,8.26,16.1,16.1,16.1,16.1,16.1,16,16.1,16.1,16.1,8.22,16.1,16.1,16.1,16.1,16.1,16.1,16.1,16.2,16.1,8.26,16.1,16.1,16.1,16.1,16.1,16.1,16.1,16.1,16.2,8.43,16.2,16.1,16.1,16.1,16.1,16.1,16.1,16.1,16.1,11.2,16.1,16.2,16.1,16.1,16.1,16.1,16.1,16.1,16.1,11.9,16.1,16.1,16.2,16.1,16.1,16.1,16.1,16.1,16.1,11.9,16.1,16.1,16.1,16.1,16.1,16.2,12,11.9
0.000108,12,16.1,16.1,16.1,16.1,16.1,16.1,16.1,16.1,16.1,16.1,11.6,16.1,16.1,16.2,16.1,16.1,16.1,16.2,16.1,16.1,10.3,16.1,16.1,16.2,16.1,16.1,16.1,16.1,16.1,16.1,8.26,16.1,16.1,16.1,16.1,16.1,16.1,16.1,16.1,16.1,8.22,16.1,16.1,16.1,16.1,16.1,16.1,16.1,16.1,16.1,8.17,16.1,16.1,16.1,16.2,16.1,16.1,16.1,16.1,16.1,8.39,16.1,16.1,16.1,16.1,16.1,16.2,16.1,16.1,16.2,11.2,16.1,16.1,16.1,16.1,16.1,16.1,16.2,16.1,16.2,11.9,16.1,16.1,16.1,16.1,16.1,16.1,16.1,16.1,16.1,12,16.1,16.1,16.1,16.1,16.1,16.1,12,11.9
0.000109,12.1,16.1,16.1,16.1,16.1,16.1,16.1,16.1,16.1,16.1,16.1,11.6,16.1,16.1,16.1,16.1,16.1,16.1,16.1,16.1,16.1,10.3,16.1,16.1,16.1,16.1,16.1,16.1,16.1,16.1,16.1,8.3,16.2,16.1,16.1,16.2,16.1,16.1,16.1,16.1,16.1,8.22,16.1,16.1,16.1,16.1,16.1,16.1,16.1,16.2,16.1,8.26,16.1,16.1,16.1,16.1,16.1,16.1,16.1,16.1,16.1,8.35,16,16.1,16.1,16.1,16.1,16.1,16.1,16.1,16.1,11.2,16.1,16.1,16.2,16.1,16.1,16.1,16.1,16.1,16.2,11.9,16.1,16.1,16.1,16.1,16.1,16.1,16.1,16.1,16.1,12,16.1,16.1,16.1,16.1,16.1,16.1,12.1,11.9
0.000109,12.1,16.1,16.1,16.1,16.1,16.1,16.1,16.1,16.1,16.1,16.1,11.6,16.1,16.1,16.1,16.1,16.2,16.1,16.1,16.1,16.1,10.4,16.1,16.1,16.1,16.1,16.1,16.1,16.1,16.2,16.1,8.3,16.1,16.1,16.1,16.1,16.2,16.1,16.1,16.1,16.1,8.26,16.1,16.1,16.1,16.1,16.1,16.1,16.1,16.1,16.1,8.26,16.2,16,16.1,16.1,16.1,16.1,16.1,16.1,16.1,8.35,16.1,16.1,16.1,16.1,16.1,16.1,16.1,16.1,16.1,11.2,16.1,16.1,16.1,16.1,16.1,16.1,16.1,16.1,16.1,11.9,16.1,16.1,16.1,16.1,16.1,16.1,16.1,16.1,16.1,12.2,16.1,16.1,16.1,16.1,16.2,16.1,12,12
0.000109,12.1,16.1,16.1,16.1,16.1,16.1,16.1,16.1,16.1,16.1,16.1,11.7,16.1,16.1,16.1,16.1,16.1,16.2,16.1,16.1,16.1,10.3,16.1,16.1,16.1,16.1,16.1,16.1,16.1,16.1,16.1,8.3,16.1,16.1,16.1,16.1,16.1,16.1,16.2,16.1,16.1,8.22,16,16.1,16.1,16.1,16.1,16.1,16.1,16.1,16.1,8.22,16.1,16.1,16.1,16.1,16.1,16.1,16.2,16.1,16.1,8.35,16.1,16.1,16.1,16.1,16.1,16.1,16.1,16.1,16.1,11.3,16.1,16,16.1,16.1,16.1,16.1,16.1,16.1,16.1,11.9,16.1,16.1,16.1,16.1,16.1,16.1,16.1,16.1,16.1,12.2,16.1,16.1,16.1,16.1,16.1,16.2,12,12
0.000109,12.2,16.1,16.1,16.1,16.1,16.1,16.1,16.1,16.1,16.1,16.1,11.8,16.1,16.1,16.1,16.1,16.1,16.2,16.1,16.1,16.1,10.3,16.1,16.1,16.1,16.1,16.1,16.1,16.1,16.1,16.1,8.26,16.1,16.1,16.1,16.1,16,16.2,16.1,16.1,16.1,8.22,16.1,16.2,16.1,16.1,16.1,16.1,16.2,16.1,16.1,8.22,16.1,16.1,16.1,16.1,16.1,16.1,16.1,16.1,16.1,8.35,16.1,16.1,16.1,16.1,16.1,16.1,16.1,16.1,16.1,11.3,16.1,16.1,16.1,16.1,16.1,16.1,16.1,16.2,16.1,11.9,16.1,16.1,16.1,16.1,16.1,16.1,16.1,16.1,16.1,12.2,16.1,16.1,16.1,16.1,16.1,16.1,11.9,12
0.000109,12.2,16.1,16.1,16.1,16.1,16.1,16.1,16.1,16.1,16.1,16.1,11.8,16.1,16.1,16.1,16.1,16.1,16.1,16.1,16.1,16.1,10.2,16.1,16.1,16.2,16.1,16.1,16.1,16.1,16.1,16.1,8.35,16.1,16.1,16.2,16.1,16.1,16.1,16.1,16.1,16.1,8.22,16.1,16.1,16.1,16.1,16.1,16,16.1,16.1,16.1,8.26,16.1,16.1,16.2,16.1,16.1,16.1,16.1,16.1,16.1,8.35,16.1,16.1,16.1,16.1,16.1,16.1,16.1,16,16.1,11.3,16.1,16.1,16.2,16.1,16.1,16.1,16.1,16,16.1,11.9,16.1,16.1,16.1,16.1,16.1,16.1,16.1,16.1,16.2,12.2,16.1,16.1,16.1,16.1,16,16.1,11.9,12
0.00011,12.1,16.1,16.1,16.1,16.1,16.1,16.1,16.1,16.1,16.1,16.2,11.8,16.1,16.2,16.1,16.1,16.1,16.1,16.1,16.1,16.1,10.2,16.1,16.1,16.1,16.2,16.1,16.1,16.1,16.2,16.1,8.26,16.1,16.1,16.1,16.1,16.2,16.1,16.1,16,16.1,8.26,16.1,16.1,16.1,16.1,16.1,16.1,16.1,16.1,16.2,8.22,16.1,16.1,16.2,16.2,16.1,16.1,16.1,16.1,16.1,8.39,16.1,16.2,16.1,16.1,16.1,16.1,16.1,16.1,16.1,11.4,16.1,16.1,16.1,16.1,16.1,16.1,16.1,16.1,16.1,11.9,16.1,16.1,16.1,16.1,16.1,16.1,16.1,16.1,16,12.1,16.1,16.1,16.1,16.1,16.1,16.1,11.9,11.9
0.00011,12.1,16.1,16.1,16.1,16.1,16.1,16.1,16.1,16.1,16.1,16.1,11.8,16.1,16.2,16.2,16.2,16.1,16.1,16.1,16.1,16.1,10.2,16.1,16.1,16.1,16.1,16,16.1,16.1,16.2,16.1,8.22,16.1,16.1,16.1,16.1,16.1,16.1,16.2,16.1,16.1,8.26,16.1,16.1,16.1,16.1,16.1,16.1,16.1,16.1,16.2,8.22,16.1,16.1,16.1,16.1,16.1,16.1,16.2,16.1,16.1,8.43,16.1,16.1,16,16.1,16.1,16.1,16.1,16.1,16.1,11.4,16.1,16.1,16.1,16.1,16.1,16.1,16.1,16,16.1,11.8,16.1,16.1,16.1,16.1,16.1,16.1,16.1,16.1,16.1,12.1,16.1,16.1,16.1,16.1,16.1,16.1,11.9,11.8
0.00011,12.1,16.1,16.1,16.1,16,16.1,16.1,16.1,16.1,16.1,16.1,11.8,16.1,16,16.2,16.1,16.1,16.1,16.1,16.1,16.1,10.3,16.2,16.1,16.1,16.1,16,16.1,16.1,16.1,16.1,8.26,16.1,16.1,16.1,16.1,16.1,16.1,16.1,16.2,16.1,8.26,16.1,16.2,16.1,16.1,16.1,16.1,16.1,16.1,16.1,8.17,16.1,16.2,16,16.1,16.1,16.1,16.1,16.1,16.1,8.48,16.1,16.1,16,16.1,16.1,16.1,16.2,16.1,16.1,11.4,16.1,16.1,16.2,16.1,16.1,16.1,16.1,16.1,16.1,11.8,16.1,16.1,16.1,16.1,16.1,16.1,16.1,16.1,16.1,11.9,16.1,16.1,16.1,16.1,16.1,16.1,11.9,11.8
0.00011,12,16.1,16.1,16.1,16.1,16.1,16.1,16.1,16,16.1,16.1,11.7,16.1,16.1,16.1,16.1,16.2,16.1,16.1,16.1,16.1,10.3,16.1,16.1,16.2,16.2,16.1,16.1,16.1,16.1,16.1,8.26,16.1,16.1,16.1,16.1,16.1,16,16.2,16.1,16.1,8.22,16.1,16.1,16.1,16.1,16.1,16.1,16.1,16.1,16.1,8.22,16.1,16.1,16.1,16.1,16.1,16.1,16.1,16.2,16.1,8.48,16.1,16.1,16.1,16.1,16.1,16.2,16.1,16.1,16.2,11.3,16.2,16.1,16.1,16.1,16.1,16.1,16.1,16.1,16.1,11.8,16.1,16.1,16.1,16.1,16.1,16.1,16.1,16.1,16.1,11.9,16.1,16.1,16.1,16.1,16.1,16.1,12,11.8
0.00011,12,16.1,16.1,16.1,16.1,16.1,16.1,16.1,16.1,16.1,16.1,11.7,16.1,16.1,16.1,16.1,16.1,16.1,16.1,16.1,16.1,10.4,16.1,16.1,16.1,16.1,16.1,16.1,16.1,16.1,16.1,8.3,16.1,16.1,16.1,16.1,16.2,16.1,16.1,16.1,16.1,8.22,16.1,16.1,16.2,16.1,16.1,16.1,16.1,16.2,16.2,8.22,16.1,16.1,16.1,16.1,16.1,16.1,16.1,16.1,16.1,8.43,16.1,16.2,16.1,16.1,16.1,16.1,16.1,16.1,16.1,11.3,16.1,16.1,16.1,16.1,16.1,16.1,16.1,16.1,16.1,11.8,16.1,16.1,16.1,16.1,16.1,16.2,16.1,16.1,16.1,11.9,16.1,16.1,16.1,16.1,16,16.1,12,11.8
0.000111,12,16.1,16.1,16.1,16.1,16.1,16.1,16.1,16.1,16.1,16.2,11.7,16.1,16.1,16.2,16.1,16.1,16.1,16.2,16.1,16.1,10.4,16.1,16.2,16.1,16.1,16.1,16.1,16.1,16.1,16.1,8.26,16.2,16.1,16.1,16.1,16.1,16.2,16.1,16.1,16.1,8.26,16.1,16.1,16.1,16.1,16.1,16.2,16.1,16.1,16.1,8.26,16.1,16.1,16.1,16.1,16.2,16.1,16.1,16.1,16.1,8.48,16.1,16.1,16.1,16.1,16.1,16.1,16.1,16.1,16.1,11.2,16,16.1,16.1,16.1,16.1,16.1,16.1,16.1,16.1,11.8,16.1,16.1,16.1,16.1,16.1,16.1,16.1,16.1,16.1,11.9,16.1,16.2,16.1,16.2,16.1,16.2,12.1,11.8
0.000111,12.1,16.1,16.1,16.1,16.1,16.2,16.1,16.1,16.1,16.1,16.1,11.7,16.1,16.1,16.1,16.1,16.1,16.1,16.1,16.1,16.1,10.5,16.1,16.1,16.1,16.1,16.1,16.1,16.1,16.1,16.1,8.22,16.1,16.1,16.1,16.1,16.1,16.1,16.1,16.2,16.1,8.26,16.1,16.1,16.1,16.1,16.1,16.2,16.1,16.2,16.1,8.26,16.1,16.1,16.1,16.1,16,16.1,16.1,16.1,16.2,8.48,16.1,16.1,16.1,16.1,16.1,16.1,16.1,16.1,16,11.2,16.1,16.1,16.1,16.1,16.1,16.1,16.1,16.1,16.1,11.8,16.1,16.1,16.1,16.1,16.1,16.1,16.1,16.1,16.1,11.9,16.1,16.1,16.1,16.1,16.1,16.1,12.1,11.9
0.000111,12.2,16.1,16.1,16.1,16.1,16.1,16.1,16.1,16.1,16.1,16.1,11.6,16.1,16.1,16.1,16.1,16.1,16.1,16.1,16.1,16.1,10.5,16.1,16.1,16.1,16.1,16.1,16.1,16.1,16.1,16.1,8.26,16.1,16.1,16.1,16.1,16.1,16.1,16.1,16.1,16.1,8.26,16.1,16.1,16.1,16.1,16.1,16.1,16.1,16.1,16.1,8.22,16,16.1,16.1,16.2,16.1,16.1,16.1,16.1,16.1,8.43,16.1,16.1,16.1,16.1,16.1,16.1,16.1,16.1,16.1,11.1,16.1,16.1,16.1,16.1,16.1,16.1,16.1,16.1,16.1,11.8,16.1,16.1,16.1,16.1,16.1,16.1,16,16.1,16.1,12,16.1,16.1,16,16.1,16.1,16.1,12.2,11.9
0.000111,12.2,16.1,16.1,16.2,16.1,16.1,16.1,16.1,16.1,16.2,16.1,11.7,16.1,16.1,16.1,16.1,16.1,16.1,16.2,16.1,16.1,10.5,16.1,16.1,16.1,16.1,16.1,16.1,16.1,16.1,16.1,8.3,16.2,16.1,16.1,16.2,16.1,16.2,16.1,16.1,16.1,8.26,16.1,16.1,16.1,16.1,16.1,16.1,16.1,16.1,16.1,8.26,16.1,16.1,16.1,16.1,16,16.1,16.1,16.1,16.1,8.48,16.1,16.1,16.1,16.1,16.1,16.1,16.1,16.1,16.1,11.2,16.1,16.1,16.1,16.1,16.1,16.1,16.1,16.1,16.1,11.9,16.1,16.1,16.1,16.1,16.1,16.1,16.1,16.1,16.1,12,16.1,16.1,16.1,16.1,16.1,16.1,12.1,12
0.000111,12.2,16.1,16.2,16.1,16.2,16.1,16.1,16.1,16.1,16.1,16.1,11.7,16.1,16.1,16.1,16.1,16.1,16.1,16.1,16.1,16.1,10.5,16.1,16.1,16.1,16.1,16.1,16.1,16.1,16.2,16.1,8.26,16.1,16.1,16.2,16.1,16.1,16.1,16.1,16.1,16.1,8.22,16.1,16.1,16.1,16.1,16.2,16.1,16.1,16.1,16.1,8.22,16.1,16.1,16.1,16.1,16.1,16.1,16.1,16.1,16.1,8.39,16.1,16.1,16.1,16.1,16.1,16.1,16.1,16.1,16.1,11.1,16.1,16.1,16.1,16.1,16,16.1,16.1,16.1,16.1,11.9,16.1,16.1,16.1,16.1,16.1,16.1,16.1,16.1,16.1,12,16.1,16.1,16.1,16.1,16,16.1,12,12
0.000112,12.1,16.1,16.1,16.1,16.1,16.1,16.1,16.1,16.1,16.1,16.1,11.7,16.1,16.1,16.1,16.2,16.1,16.1,16.1,16.1,16.1,10.4,16.2,16.1,16.1,16.1,16.2,16.1,16.1,16.1,16.1,8.3,16.1,16.1,16.1,16.1,16.1,16.1,16.1,16.2,16.1,8.26,16.1,16.1,16.1,16.1,16.1,16.1,16.1,16.1,16.1,8.3,16.2,16.1,16.1,16.1,16.1,16.1,16.1,16.1,16.1,8.39,16.1,16.1,16.1,16.1,16.1,16.1,16.1,16.1,16.1,11.1,16.1,16.1,16.1,16.1,16.1,16.1,16.1,16.1,16.1,12,16.1,16.1,16.2,16.1,16.1,16.2,16.1,16.1,16.1,12,16.1,16.1,16.1,16.1,16.1,16.1,12,12
0.000112,12,16.1,16.1,16.1,16.1,16.1,16.1,16.1,16.1,16.1,16.1,11.7,16.1,16.1,16.1,16.1,16.1,16.1,16.1,16.1,16.1,10.4,16.1,16.1,16.1,16.1,16.1,16.1,16.1,16.1,16.1,8.26,16.1,16.1,16.1,16.1,16.1,16.1,16.1,16.1,16.1,8.22,16.1,16.1,16.1,16.1,16.1,16.1,16.1,16.1,16.1,8.26,16.1,16.1,16.1,16.1,16.1,16.1,16.1,16.1,16.1,8.39,16.1,16.2,16.1,16.1,16.1,16.1,16.1,16.1,16.1,11.2,16.1,16.1,16.1,16.1,16.1,16.1,16.1,16.1,16.1,12,16.1,16.1,16.2,16.1,16.1,16.1,16.1,16.1,16.1,12.1,16.1,16.1,16.1,16.1,16.1,16.1,12,11.9
0.000112,12,16.1,16.1,16.1,16.1,16.1,16.1,16.1,16.1,16.1,16.1,11.7,16.1,16.1,16.1,16.1,16.1,16.1,16.1,16.1,16.1,10.3,16.1,16.1,16.1,16.1,16.1,16.1,16.1,16.1,16.1,8.3,16.1,16.1,16.1,16.1,16.1,16.1,16.1,16.2,16.1,8.22,16.1,16.1,16.1,16.1,16.1,16.1,16.1,16.1,16.2,8.22,16.1,16.2,16.1,16.1,16.1,16.1,16.1,16.1,16.2,8.43,16.1,16.1,16.1,16.1,16.1,16.1,16.1,16.1,16.1,11.2,16.1,16.2,16.1,16.2,16.1,16.1,16.1,16.1,16.1,12,16.1,16.1,16.1,16.1,16.1,16.1,16.1,16.1,16.1,12.1,16.1,16.1,16.1,16.1,16.1,16.1,11.9,11.9
0.000112,11.9,16.1,16.1,16.2,16.1,16.1,16.1,16.1,16.1,16.1,16.1,11.7,16.1,16.1,16.1,16.1,16.2,16.1,16.1,16.1,16.1,10.4,16.1,16.1,16.1,16.1,16.1,16.1,16.1,16.1,16.1,8.3,16.1,16.1,16.1,16.1,16.1,16.1,16.1,16.1,16.1,8.26,16.1,16.1,16.1,16.1,16.1,16.1,16.1,16.1,16.1,8.22,16.2,16.1,16.1,16.1,16.1,16.1,16.1,16.1,16.1,8.48,16.1,16.1,16.2,16.1,16.1,16.1,16.1,16.1,16.1,11.3,16.1,16.1,16.1,16.1,16.1,16.1,16.1,16.1,16.2,11.9,16.1,16.1,16.1,16.1,16.1,16.1,16.1,16.1,16.1,12.2,16.1,16.1,16.2,16.1,16.1,16.1,11.9,11.9
0.000112,11.9,16.1,16.1,16.2,16.1,16.1,16.1,16.1,16.1,16.1,16.1,11.6,16.1,16.1,16.1,16.2,16.1,16.1,16.1,16.2,16.1,10.3,16.1,16.1,16.1,16.1,16.1,16.1,16.1,16.1,16.1,8.26,16.1,16.1,16.1,16.1,16.1,16.1,16.1,16.2,16.1,8.22,16,16.1,16.1,16.1,16.2,16.1,16.1,16.1,16.1,8.26,16.1,16.1,16.1,16.1,16.1,16.1,16.1,16.1,16.1,8.56,16.1,16.1,16.1,16.1,16.2,16.1,16.1,16.1,16.1,11.3,16.1,16.1,16.1,16.1,16.1,16.1,16.1,16.1,16.1,11.9,16.1,16.1,16.1,16.1,16.1,16.1,16.1,16.1,16.1,12.2,16.1,16.1,16.1,16.2,16.1,16.1,12,11.8
0.000113,12,16.1,16.1,16.1,16.1,16.1,16.2,16.1,16.2,16.1,16.1,11.6,16.1,16.1,16.1,16.1,16.1,16.1,16.1,16.1,16.1,10.4,16.1,16.1,16.1,16.2,16.1,16.1,16.1,16.1,16.1,8.26,16.1,16,16.1,16.1,16.1,16.1,16.1,16.1,16.1,8.22,16.1,16.1,16.1,16.1,16.1,16.1,16.1,16.1,16.1,8.22,16.1,16.2,16.1,16.1,16.1,16.1,16.1,16.1,16.1,8.56,16.1,16.1,16.1,16.1,16.1,16.1,16.1,16.1,16.1,11.4,16.1,16.1,16.1,16.1,16.1,16.1,16.1,16.1,16.1,11.8,16.1,16.1,16.1,16.1,16.1,16.2,16.1,16.1,16.1,12.2,16.1,16.1,16.1,16.1,16.1,16.1,12,11.8
0.000113,12,16.1,16.1,16.1,16.1,16.1,16.1,16.1,16.1,16.2,16.1,11.6,16.1,16.1,16.1,16.1,16.1,16.1,16.1,16.1,16.1,10.4,16.1,16.1,16.1,16,16.1,16.1,16.1,16.1,16.1,8.26,16.1,16.1,16.1,16.1,16.1,16.1,16.1,16.1,16.1,8.3,16.1,16.1,16.1,16.1,16.1,16.1,16.1,16.1,16.1,8.26,16.1,16.1,16.1,16.1,16.1,16.1,16.1,16.1,16.1,8.61,16.2,16.2,16.1,16.2,16.1,16.1,16.1,16.1,16.2,11.4,16.1,16.1,16.1,16.1,16.1,16.1,16.1,16.1,16.1,11.8,16.1,16.2,16.1,16.1,16.1,16.1,16.1,16.1,16.1,12.1,16.1,16.1,16.1,16.1,16.1,16.2,12,11.8
0.000113,12.1,16.2,16.1,16,16.1,16.1,16.1,16.1,16.1,16.1,16.1,11.7,16.1,16.1,16.1,16.1,16.1,16.1,16.2,16.2,16.1,10.4,16.2,16.2,16.1,16.1,16.1,16.1,16.1,16.1,16.1,8.3,16.1,16.1,16.1,16.1,16.1,16.1,16.2,16.1,16.1,8.22,16.1,16.1,16.1,16.1,16.1,16.1,16.1,16.2,16.1,8.26,16.1,16.1,16.1,16.1,16.1,16.1,16.1,16.1,16.1,8.69,16.1,16.1,16.1,16.1,16.1,16.1,16.1,16.2,16.1,11.4,16.1,16.1,16.1,16.1,16.1,16,16.1,16.1,16.1,11.8,16.1,16.1,16.1,16.1,16.1,16.1,16.1,16.1,16.1,12,16.1,16.1,16.1,16.1,16.1,16.1,12.1,11.8
0.000113,12.2,16.1,16.1,16.1,16.1,16.1,16.1,16.1,16.1,16.1,16.1,11.7,16.1,16.1,16.1,16.1,16.1,16.1,16.1,16.1,16.2,10.5,16.1,16.1,16.1,16.1,16.1,16.1,16.1,16.1,16.1,8.3,16.1,16.1,16.1,16.1,16.1,16.1,16.1,16.1,16.1,8.3,16.1,16.1,16.1,16.1,16.1,16.1,16.1,16.1,16.1,8.22,16.1,16.1,16.2,16.1,16.1,16.1,16.1,16.1,16.1,8.61,16.1,16,16.1,16.2,16.1,16,16.1,16.1,16.1,11.3,16.1,16.1,16.1,16.1,16.1,16.1,16.1,16.1,16.1,11.8,16.1,16.1,16.1,16.1,16.1,16.1,16.1,16.1,16.1,12,16.1,16.1,16.1,16.1,16.1,16.1,12.1,11.8
0.000113,12.2,16.1,16.1,16.1,16.1,16.1,16.1,16.1,16.1,16.1,16.1,11.8,16.1,16.1,16.1,16.1,16.1,16.1,16.2,16.1,16.1,10.5,16.1,16.1,16.1,16.1,16.2,16.1,16.1,16.1,16.1,8.26,16.1,16.1,16.1,16.1,16.1,16.2,16.1,16.1,16.2,8.22,16.1,16.1,16.1,16.1,16.1,16.1,16.1,16.1,16.1,8.26,16.1,16.1,16.1,16.1,16.1,16.2,16.1,16.1,16.1,8.56,16.1,16.2,16.1,16.1,16,16.1,16.1,16.1,16.1,11.3,16.1,16.1,16.1,16.1,16.1,16.1,16.1,16.2,16.1,11.8,16.1,16.1,16.1,16.1,16.1,16.1,16.1,16.1,16.1,11.9,16.1,16.1,16.1,16.1,16.1,16.2,12.1,11.8
0.000114,12.2,16.1,16.1,16.1,16.1,16.1,16.1,16.1,16.1,16.1,16.1,11.8,16.1,16.1,16.1,16.1,16.1,16.2,16.2,16.1,16.1,10.6,16.2,16.1,16.1,16.1,16.1,16.1,16.1,16.2,16.1,8.3,16.1,16.1,16.1,16.1,16.2,16.2,16.1,16.1,16.1,8.22,16.1,16.1,16.1,16.1,16.1,16.1,16.1,16.1,16.1,8.26,16.1,16.1,16.1,16.1,16.1,16.1,16.1,16.1,16.1,8.56,16.1,16.1,16.1,16.1,16.1,16.1,16.1,16.1,16.1,11.2,16.1,16.1,16.1,16.1,16.1,16.1,16.1,16.1,16.1,11.8,16,16.1,16.2,16.2,16.1,16.1,16.1,16.1,16.1,11.8,16.1,16.1,16.1,16.1,16.1,16.1,12,11.9
0.000114,12.2,16.1,16.1,16.1,16.1,16.1,16.1,16.1,16.1,16.1,16.1,11.8,16,16.1,16.1,16.1,16.1,16,16.1,16.1,16.1,10.5,16.1,16.1,16.1,16.1,16.1,16.1,16.2,16.1,16.1,8.35,16.1,16.1,16.1,16.1,16,16.1,16.1,16.1,16.1,8.26,16.1,16.1,16.1,16.1,16.1,16.1,16.1,16.1,16.1,8.22,16.1,16.1,16.1,16.1,16.1,16.1,16.1,16.1,16.1,8.56,16.2,16.1,16.1,16.1,16.1,16.1,16.1,16.1,16.1,11.2,16.1,16.1,16.1,16.1,16.2,16.1,16.1,16.1,16.1,11.8,16.1,16.1,16.1,16.1,16.1,16.1,16.1,16.1,16.1,11.8,16.1,16.1,16.1,16.1,16.1,16.2,12,11.9
0.000114,12.1,16.1,16.1,16.1,16.1,16.1,16.1,16.1,16.1,16.1,16.1,11.8,16.1,16.1,16.1,16.1,16.1,16.1,16.1,16.2,16.2,10.5,16.1,16.1,16.1,16.1,16.1,16.1,16.1,16.1,16.1,8.3,16.1,16.1,16.1,16.2,16.1,16.1,16.2,16.1,16.1,8.26,16.1,16.1,16.1,16.1,16.1,16.1,16.1,16.1,16.1,8.3,16.1,16.1,16.1,16.1,16.1,16.1,16.1,16.1,16.1,8.56,16.1,16.1,16.1,16.1,16.1,16.1,16.1,16.1,16.1,11.2,16.1,16.1,16.1,16.1,16.1,16.1,16.1,16.1,16.1,11.9,16.1,16.1,16.1,16.1,16.1,16.1,16.1,16.1,16.1,11.8,16.1,16.1,16.1,16.2,16.1,16.1,12,12
0.000114,12.1,16.1,16.1,16.1,16,16.1,16.1,16.1,16.1,16.2,16.1,11.8,16.1,16.1,16.1,16.1,16.1,16.1,16.1,16.1,16.1,10.5,16.1,16.1,16.1,16.1,16.1,16.1,16.1,16.1,16.1,8.3,16.1,16.1,16.1,16.1,16.1,16.1,16.1,16.1,16.1,8.26,16.1,16.2,16.1,16.1,16.2,16.1,16.1,16.1,16.1,8.3,16.1,16.1,16.1,16.2,16.1,16.1,16.1,16.1,16.1,8.52,16.1,16.1,16.1,16.1,16.1,16.2,16.1,16.1,16.2,11.2,16.2,16.1,16.1,16.1,16.1,16.1,16.1,16.1,16.1,11.9,16.1,16.1,16.1,16.1,16.1,16.2,16.1,16.1,16.1,11.9,16.1,16.1,16.2,16.1,16.1,16.1,12,11.9
0.000114,12,16.2,16.1,16.1,16.1,16.1,16.2,16.1,16.1,16.1,16.1,11.8,16.1,16.1,16.1,16.1,16.1,16.1,16.1,16.1,16.1,10.5,16.1,16.1,16.1,16.1,16.1,16.1,16.1,16.1,16.1,8.3,16.1,16.1,16.1,16.1,16.1,16.1,16.1,16.1,16.1,8.22,16.1,16.1,16,16.1,16.1,16.1,16.1,16.1,16.1,8.22,16.1,16.1,16.1,16.1,16.1,16.1,16.1,16.1,16.1,8.56,16.1,16.1,16.1,16.1,16.1,16.1,16.1,16.1,16.1,11.2,16.1,16.1,16.2,16.1,16.1,16.1,16.1,16.1,16.1,11.9,16.1,16.1,16.2,16.1,16.1,16.1,16.1,16.1,16.1,12,16.1,16.1,16.2,16.1,16.1,16.1,11.9,11.9
0.000115,12,16.2,16.1,16.1,16.1,16.1,16.1,16.1,16.1,16.1,16.1,11.7,16.1,16.1,16.1,16.1,16.1,16.1,16.1,16.1,16.1,10.4,16.1,16.1,16.1,16.1,16.1,16.1,16.1,16.1,16.1,8.3,16.1,16.1,16.1,16.1,16.1,16.1,16.1,16.1,16.1,8.26,16.1,16.1,16.1,16.1,16,16.1,16.2,16.1,16.1,8.26,16.1,16.1,16.1,16.1,16.1,16.1,16.1,16.1,16.1,8.52,16.1,16.2,16.1,16.1,16.2,16.1,16.1,16.1,16.1,11.3,16.1,16.1,16.1,16.1,16.1,16.1,16.1,16.1,16.1,11.9,16.1,16.1,16.1,16.1,16.1,16.1,16.1,16.1,16.1,12,16.1,16.1,16.1,16.1,16.1,16.1,11.9,11.9
0.000115,12,16.1,16.1,16.1,16.1,16.1,16.1,16.1,16.1,16.1,16.1,11.7,16.1,16.1,16.1,16.1,16.1,16.1,16.1,16.1,16.1,10.4,16.1,16.1,16.1,16.1,16.1,16.1,16.1,16.1,16.1,8.3,16.1,16.1,16.1,16.1,16.1,16.1,16.1,16.1,16.1,8.22,16.1,16.1,16.1,16.1,16.1,16.1,16,16.1,16.1,8.22,16.1,16.1,16.1,16.1,16.1,16.1,16.1,16.1,16.1,8.52,16.1,16.1,16.1,16.1,16.1,16.1,16.1,16.1,16.1,11.3,16.1,16.1,16.1,16.1,16.1,16.1,16.1,16.1,16.1,11.9,16.1,16.1,16.1,16.1,16.1,16.1,16.1,16.1,16.1,12.1,16.1,16.1,16.1,16.1,16.1,16.1,11.9,11.9
0.000115,12,16.1,16.1,16.1,16.1,16.1,16.1,16.1,16.1,16.1,16.1,11.7,16.1,16.1,16.1,16.1,16,16.1,16.2,16.1,16.1,10.4,16.1,16.1,16.1,16.1,16.1,16.1,16.1,16.1,16.2,8.26,16.1,16.1,16.1,16.1,16.1,16,16.1,16.1,16,8.26,16.1,16.1,16.1,16.1,16.1,16.1,16.1,16.1,16.1,8.26,16.1,16.1,16.1,16.1,16.1,16.1,16.1,16.1,16.1,8.52,16.1,16.1,16.1,16.1,16.1,16.1,16.1,16.1,16.1,11.3,16.1,16.1,16.1,16.1,16.1,16.1,16.1,16.1,16.1,11.9,16.1,16.1,16.1,16.1,16.1,16.1,16.1,16.1,16.1,12.2,16.1,16.1,16.1,16.1,16.1,16.1,11.9,11.9
0.000115,12,16.2,16.1,16.1,16.1,16.1,16.1,16.1,16.1,16.1,16.1,11.7,16.2,16.1,16.1,16.1,16.1,16.1,16.1,16.1,16.1,10.4,16.1,16.1,16.1,16.1,16.1,16.1,16.2,16.1,16.1,8.3,16.1,16.1,16.1,16.1,16.1,16.1,16.1,16,16.1,8.26,16.1,16.1,16.1,16.2,16.1,16.1,16.1,16.1,16.1,8.3,16.1,16.1,16.1,16.1,16.1,16.1,16.1,16.1,16.1,8.56,16.1,16.1,16.1,16.1,16.1,16.1,16.1,16.1,16.1,11.4,16.1,16.1,16.1,16.1,16.1,16.1,16.1,16.1,16.1,11.9,16.1,16.1,16.1,16.1,16.1,16.1,16.1,16.1,16.1,12.2,16.1,16.1,16.1,16.1,16.1,16.1,11.9,11.9
0.000115,12.1,16.1,16.1,16.1,16.1,16.1,16.1,16.1,16.1,16.1,16.1,11.7,16.1,16.1,16.1,16.1,16.1,16.1,16.1,16.1,16.1,10.5,16,16.1,16.1,16.1,16.1,16.1,16.1,16.1,16.1,8.26,16.1,16.1,16.1,16.1,16.1,16.1,16.1,16.1,16.2,8.22,16.1,16.1,16.1,16.1,16.1,16.1,16.1,16.1,16.1,8.26,16.1,16.1,16.1,16.1,16.1,16.1,16.2,16.1,16.1,8.61,16.2,16.1,16.1,16.1,16.1,16.1,16.1,16.1,16.1,11.4,16.1,16.2,16.1,16.1,16.1,16.1,16.1,16.1,16.1,11.9,16.1,16.1,16.2,16.1,16.1,16.1,16.1,16.1,16.1,12.2,16.1,16.1,16.1,16.2,16.1,16.1,11.9,11.9
0.000116,12.1,16.1,16.2,16.1,16.1,16.1,16.1,16.1,16.1,16.1,16.1,11.8,16.1,16.1,16.1,16.1,16.1,16.1,16.1,16.1,16.1,10.5,16.1,16.1,16.1,16.1,16.1,16.1,16,16.1,16.1,8.22,16.1,16.1,16.1,16.1,16.1,16.1,16.1,16.1,16.1,8.22,16.1,16.1,16.1,16.1,16.1,16.1,16.1,16.1,16.1,8.26,16,16.1,16.1,16.2,16.1,16.1,16.1,16.1,16.1,8.69,16.1,16.1,16.1,16.1,16.1,16.1,16.1,16.1,16.1,11.4,16.1,16.1,16.1,16.1,16.1,16.1,16.1,16.1,16.2,11.8,16.1,16.1,16.1,16.1,16.1,16.1,16.1,16.1,16.1,12.1,16.1,16.1,16.1,16.1,16.1,16.1,12,12
0.000116,12.1,16.1,16.1,16.1,16.1,16.1,16.1,16.1,16.1,16.1,16.1,11.8,16.1,16.1,16.1,16.1,16.1,16.1,16.1,16.1,16.1,10.5,16.1,16.1,16.1,16.1,16.1,16.1,16.1,16.1,16.1,8.26,16.1,16.1,16.2,16.1,16.1,16.1,16.1,16.1,16.1,8.26,16.1,16.1,16.1,16.1,16.1,16.1,16.1,16.1,16.1,8.26,16.1,16.1,16.1,16.1,16.1,16.1,16.1,16.1,16.2,8.74,16.1,16.1,16.1,16.1,16.1,16.1,16.1,16.1,16.1,11.4,16.2,16.1,16.1,16.1,16.1,16.1,16.1,16.1,16.1,11.8,16.1,16.1,16.1,16.1,16.1,16.1,16.1,16.1,16.1,12.1,16.1,16.1,16.1,16.1,16.1,16.1,12,11.9
0.000116,12.1,16.1,16.1,16.1,16.1,16.1,16.1,16.1,16.1,16.1,16.1,11.8,16.1,16.1,16.1,16,16.1,16.1,16.1,16.1,16.1,10.6,16.1,16.1,16.1,16.1,16.1,16.1,16.1,16.1,16.1,8.26,16.1,16.1,16.1,16.1,16.1,16.1,16.1,16.1,16.1,8.26,16.1,16.1,16.1,16.1,16.1,16.1,16.1,16.1,16.1,8.22,16.1,16.1,16.1,16.1,16.1,16.1,16.1,16.1,16.1,8.74,16.1,16.2,16.1,16.1,16.1,16.1,16.1,16.1,16.2,11.4,16.1,16.1,16.1,16.1,16.1,16.1,16.1,16.1,16.1,11.8,16.1,16.1,16.1,16.1,16.1,16.1,16.1,16.1,16.1,12,16.1,16.1,16.1,16.1,16.1,16.1,12.1,11.9
0.000116,12.1,16.1,16.1,16.1,16.2,16.1,16.1,16.1,16.1,16.1,16.1,11.8,16.1,16,16.1,16.1,16.1,16.1,16.1,16.1,16.1,10.6,16.1,16.1,16.1,16.1,16.1,16.1,16.2,16.1,16.1,8.26,16.1,16.1,16.1,16.1,16.1,16.1,16.1,16.1,16.1,8.26,16.1,16.1,16.2,16.2,16.1,16,16.1,16.2,16.1,8.26,16.1,16.1,16.1,16.1,16.1,16.1,16.1,16.1,16.1,8.78,16,16.1,16.1,16.1,16.1,16,16.1,16.1,16.1,11.3,16.1,16.1,16.1,16.1,16.1,16.1,16.1,16.1,16.1,11.8,16.1,16.1,16.1,16.1,16.1,16.1,16.1,16.1,16.2,11.9,16.1,16.1,16.1,16.1,16.1,16.1,12.2,11.9
0.000116,12.1,16.1,16.1,16.1,16.1,16.1,16.1,16.1,16.1,16.1,16.1,11.8,16.1,16.1,16.1,16.1,16.1,16.1,16.1,16.1,16.1,10.6,16.2,16.1,16.1,16.1,16.1,16.1,16.1,16.2,16.1,8.35,16.1,16.1,16.1,16.1,16.1,16.1,16.1,16.1,16.1,8.26,16.1,16.1,16.1,16.1,16.1,16.1,16.1,16.1,16.1,8.3,16.1,16.1,16.1,16.1,16.1,16.1,16.1,16.1,16.1,8.69,16,16.1,16.1,16.1,16.1,16.1,16.1,16.1,16.1,11.3,16.1,16.1,16.2,16.1,16.1,16.1,16.1,16.1,16.2,11.9,16.1,16.1,16.1,16.1,16.1,16.1,16.1,16.1,16.1,11.8,16.1,16.1,16.1,16.1,16.1,16,12.2,11.9
0.000117,12.1,16,16.1,16.1,16.1,16.1,16.1,16.1,16.1,16.1,16.1,11.8,16.1,16.1,16.1,16.1,16.1,16.1,16.1,16.1,16.1,10.6,16.1,16.1,16.1,16.1,16.1,16.1,16.1,16.2,16.1,8.3,16.1,16.1,16.1,16.1,16.1,16.1,16.1,16.1,16.1,8.26,16,16.1,16.1,16.1,16,16.1,16.1,16.1,16.2,8.26,16.1,16.1,16.1,16.1,16.1,16.1,16.1,16.1,16.1,8.69,16.1,16.1,16.1,16.1,16.1,16.1,16.1,16.1,16.1,11.3,16.1,16.1,16.1,16.1,16.1,16.1,16.1,16.1,16.1,11.9,16.1,16.1,16.1,16.1,16.1,16.1,16.1,16.1,16.2,11.9,16.1,16.1,16.1,16.1,16.1,16.1,12.2,11.9
0.000117,12.1,16.1,16.1,16.1,16.1,16.1,16.1,16.1,16.1,16.1,16.1,11.8,16.1,16.1,16.1,16.1,16.1,16.1,16.1,16.1,16.1,10.6,16.1,16.1,16.1,16.1,16.1,16.1,16.1,16.1,16.1,8.26,16.1,16.1,16.2,16.1,16.1,16.1,16.1,16.1,16.1,8.26,16.1,16.1,16.1,16.1,16.1,16.1,16.2,16.1,16.1,8.26,16.1,16.1,16.1,16.1,16.1,16.1,16.1,16.2,16.1,8.56,16.1,16.1,16.1,16.1,16.1,16.1,16.1,16.1,16.1,11.2,16.1,16.1,16.1,16.1,16.1,16.1,16.1,16.1,16.2,11.9,16.1,16.1,16.1,16.1,16.1,16.1,16.1,16.1,16.1,11.8,16.1,16.1,16.1,16.1,16.2,16.1,12.1,11.9
0.000117,12.1,16.1,16.1,16.1,16.1,16.1,16.1,16.1,16.1,16.1,16.1,11.7,16.1,16.1,16.1,16.1,16.1,16.1,16.1,16.1,16.1,10.5,16.1,16.1,16.2,16.1,16.1,16.1,16.1,16.1,16.1,8.3,16.1,16.1,16.1,16.1,16.1,16.1,16.1,16.1,16.1,8.26,16.1,16.1,16.1,16.1,16.1,16.1,16.1,16.1,16.1,8.22,16.1,16.1,16.1,16.1,16.1,16.1,16.1,16.1,16.1,8.52,16.1,16.1,16.1,16.1,16.1,16.1,16.1,16.1,16.1,11.3,16.1,16.1,16.1,16.1,16.1,16.1,16.1,16.1,16.1,11.9,16.1,16.1,16.1,16.1,16.1,16.1,16.1,16.1,16.1,11.8,16.1,16.1,16.1,16.1,16.1,16.1,12.1,11.9
0.000117,12.1,16.1,16.1,16.1,16.1,16.1,16.1,16.1,16.1,16.1,16.1,11.8,16.1,16.1,16.1,16.1,16.1,16.1,16.2,16.1,16.1,10.5,16.1,16.1,16.1,16.2,16.1,16.1,16.1,16.2,16.1,8.3,16.1,16.1,16.1,16.1,16.1,16.1,16.1,16.1,16.1,8.3,16.1,16.1,16.1,16.1,16.1,16.2,16.1,16.1,16.1,8.22,16.1,16.1,16.1,16.1,16.1,16.1,16.1,16.1,16.1,8.56,16.1,16.1,16.1,16.1,16.1,16.1,16.1,16.1,16.1,11.3,16.1,16.1,16.1,16.1,16.1,16.1,16,16.1,16.1,12,16.1,16.1,16.1,16.2,16.1,16.1,16.1,16.1,16.1,11.8,16.1,16.1,16.1,16.1,16.1,16.1,12,11.9
0.000117,12.1,16.1,16.1,16.1,16.1,16.1,16.1,16.1,16.1,16.1,16.1,11.7,16,16.1,16.1,16.1,16.1,16.1,16.1,16.1,16.2,10.4,16.1,16.1,16,16.1,16.1,16.1,16.1,16.1,16.1,8.26,16.1,16.1,16.1,16.1,16.2,16.1,16.1,16.1,16.1,8.26,16.1,16.1,16.1,16.1,16.1,16.2,16.2,16.1,16.1,8.26,16.1,16.1,16,16.1,16.1,16.1,16.1,16.1,16.1,8.56,16.1,16.1,16.1,16.1,16.1,16.1,16.1,16.1,16.1,11.3,16.1,16.1,16.1,16.1,16.1,16.1,16.1,16.1,16.1,12,16.1,16.2,16.1,16.1,16.1,16.1,16.1,16.1,16.1,11.9,16.1,16.1,16.1,16.1,16.1,16.1,11.9,11.8
0.000118,12.1,16.1,16.2,16.1,16,16.1,16.1,16.1,16.1,16.1,16.1,11.8,16.1,16.1,16.1,16.1,16.1,16.1,16.2,16.1,16.1,10.4,16.1,16.1,16.1,16.1,16.1,16.1,16.1,16.1,16.1,8.3,16.1,16.1,16.1,16.1,16.1,16.1,16.1,16.1,16,8.26,16,16.1,16.1,16.1,16.1,16.1,16.1,16.1,16.2,8.26,16.1,16.1,16.1,16.1,16.1,16.1,16.1,16.1,16.1,8.65,16.1,16.1,16.1,16.1,16.1,16,16.1,16.1,16.1,11.3,16.1,16.1,16.1,16.1,16.1,16,16,16.1,16.1,11.9,16.1,16.2,16.1,16.1,16.1,16.1,16.1,16.1,16.1,11.9,16.1,16.1,16.1,16.1,16.2,16.1,11.8,11.9
0.000118,12.1,16.1,16.1,16.2,16.1,16.1,16.2,16.1,16.1,16.1,16,11.8,16.1,16.1,16.1,16.1,16.1,16.1,16.1,16.2,16.1,10.4,16,16.1,16.1,16.1,16.1,16.1,16.1,16.1,16.1,8.3,16.1,16.1,16.1,16.1,16.1,16.1,16.1,16.1,16.1,8.22,16.1,16.1,16.1,16.1,16.1,16.2,16.1,16.1,16.1,8.26,16.1,16.1,16.1,16.1,16.1,16.1,16.1,16.1,16.1,8.74,16.1,16.1,16.1,16.1,16.1,16.1,16.1,16.1,16.2,11.3,16.1,16.1,16.1,16.2,16.1,16.1,16.1,16.1,16.1,11.8,16.1,16.2,16.1,16.1,16.1,16.1,16.1,16.1,16,12,16.1,16.1,16.1,16.1,16.1,16.1,11.8,11.9
0.000118,12.1,16.1,16.1,16.1,16.1,16.2,16.1,16.1,16.1,16.1,16.1,11.7,16.1,16.1,16.1,16.1,16.1,16.1,16.1,16.1,16.1,10.4,16.2,16.1,16.1,16.1,16.1,16.1,16.1,16.1,16.1,8.26,16.1,16.1,16.1,16.1,16.1,16.1,16.1,16.1,16.1,8.26,16.1,16.1,16.1,16.1,16.1,16.1,16.1,16.1,16.1,8.22,16.1,16.1,16.1,16.1,16.1,16.1,16.1,16.1,16.1,8.78,16.1,16.1,16.1,16.1,16.1,16,16.1,16.1,16.1,11.3,16.2,16.1,16.1,16.2,16.1,16.1,16.1,16.1,16.1,11.9,16.1,16.1,16.1,16.1,16.1,16.1,16.1,16.1,16.1,12.1,16.1,16.1,16.1,16,16.1,16.1,11.8,11.9
0.000118,12.1,16.1,16.1,16.1,16.1,16.1,16.1,16.1,16,16.1,16.1,11.8,16.1,16.1,16.1,16.1,16.1,16.1,16.1,16.1,16.1,10.5,16.1,16.1,16.1,16.1,16.1,16.1,16.1,16.1,16.1,8.26,16.1,16.1,16.1,16.2,16.1,16.1,16.1,16.1,16.1,8.26,16.1,16.1,16.1,16.2,16.1,16.1,16.1,16.1,16.1,8.26,16.2,16.1,16,16.1,16.1,16.1,16.1,16.1,16.1,8.82,16.1,16.2,16.1,16.1,16.1,16.1,16.1,16.2,16.1,11.3,16.1,16.1,16.1,16.1,16.1,16.1,16,16.1,16.1,11.8,16.1,16.1,16.1,16.1,16,16.1,16.1,16.1,16.1,12.1,16.1,16.1,16.1,16.1,16.1,16.1,11.9,11.9
0.000118,12.1,16,16.1,16.1,16.1,16.1,16.1,16.1,16.1,16.1,16.1,11.7,16.1,16.1,16.1,16.1,16.1,16.1,16.1,16.1,16.1,10.6,16.1,16.1,16.1,16.1,16.1,16.1,16.1,16.2,16.1,8.26,16.1,16.1,16.1,16.1,16.1,16.1,16.1,16.1,16.1,8.3,16.1,16,16.1,16.1,16.1,16.1,16.1,16.1,16.1,8.3,16.1,16.1,16.1,16.1,16.1,16.1,16,16.1,16.1,8.82,16.1,16.1,16.1,16.1,16.1,16.1,16.1,16.1,16.1,11.3,16.1,16.1,16.1,16.1,16.2,16.1,16.1,16.1,16.1,11.8,16.1,16.1,16.1,16.1,16.1,16.1,16.1,16.1,16.1,12,16.1,16.1,16.1,16.1,16.1,16.1,12,11.8
0.000119,12.1,16.1,16.1,16.1,16.1,16.1,16.1,16.2,16.1,16.1,16.1,11.8,16.1,16.1,16.1,16.1,16.1,16.1,16.1,16.1,16.1,10.6,16.1,16.1,16.1,16,16.1,16.1,16.1,16.2,16.1,8.26,16.1,16.1,16.1,16.1,16.1,16.1,16.1,16.1,16.1,8.26,16.1,16.1,16.1,16.1,16.1,16.1,16.1,16.1,16.1,8.26,16.1,16.1,16.1,16.1,16.1,16.1,16.1,16,16.1,8.87,16.1,16.1,16.1,16.1,16.1,16.1,16.1,16.1,16.1,11.4,16.1,16.1,16.1,16.1,16.1,16.1,16.1,16.1,16.1,11.8,16.1,16.1,16.1,16.1,16.1,16,16.1,16.1,16.1,11.9,16.1,16.2,16.1,16.1,16.1,16.1,12,11.9
0.000119,12.1,16.1,16.1,16.1,16.1,16.1,16.1,16.1,16.1,16.1,16.1,11.8,16.1,16.1,16.1,16.1,16.1,16.1,16.1,16.1,16.1,10.6,16.1,16.1,16.1,16.1,16.1,16.2,16.1,16.1,16.1,8.3,16.1,16.1,16.1,16.1,16.1,16.1,16.1,16.1,16.1,8.26,16.1,16.1,16,16.1,16.1,16.1,16.1,16.1,16.1,8.22,16.1,16.1,16.1,16.1,16.1,16.1,16.1,16.1,16.1,8.91,16.2,16.1,16.1,16.1,16.2,16.1,16.1,16.1,16.1,11.4,16.1,16.1,16.1,16.1,16.1,16,16.2,16.1,16.1,11.8,16.1,16.1,16.1,16.1,16.1,16.1,16.1,16.1,16.1,11.9,16.1,16.1,16.1,16.1,16.1,16.1,12.1,11.8
0.000119,12.1,16.1,16.1,16.1,16.1,16.2,16.1,16.1,16.1,16.1,16.1,11.7,16.1,16.1,16.1,16.1,16.1,16.1,16.1,16.1,16.1,10.6,16.1,16.1,16.1,16.1,16.1,16.1,16.1,16.1,16.1,8.3,16.1,16.1,16.1,16.1,16.1,16.2,16.1,16.1,16.1,8.26,16.1,16.1,16.1,16.1,16.1,16.2,16.2,16.1,16.1,8.22,16.1,16.1,16.1,16,16.1,16.1,16.1,16.1,16.2,8.87,16.1,16.1,16.1,16.1,16.1,16.1,16.1,16.1,16.1,11.4,16.1,16.1,16.1,16.1,16.1,16.1,16.1,16.1,16.1,11.8,16.1,16.1,16.1,16.1,16.1,16.1,16.1,16.1,16.1,11.9,16.1,16.1,16.1,16.1,16.1,16.1,12.2,11.8
0.000119,12,16.1,16.1,16.1,16.1,16.1,16.1,16.2,16.2,16.1,16.1,11.7,16.1,16.1,16.1,16.2,16.1,16.1,16.1,16.1,16.1,10.6,16,16.1,16.1,16.1,16.1,16.1,16,16.1,16.1,8.3,16.1,16.1,16,16.2,16.1,16.1,16.1,16.1,16.1,8.22,16.1,16.1,16.1,16.1,16.1,16.1,16.1,16.1,16.1,8.3,16.1,16.1,16.2,16.1,16.1,16.1,16.1,16.2,16.1,8.91,16.1,16.1,16.1,16.1,16.1,16.1,16.1,16.1,16.1,11.4,16.1,16.1,16.1,16.1,16.1,16,16.1,16.1,16.1,11.8,16.1,16.1,16.1,16.1,16.1,16.1,16.1,16.1,16.1,11.8,16.1,16.1,16.1,16.1,16.1,16.1,12.2,11.8
0.000119,12.1,16.1,16.1,16.1,16.1,16.1,16.1,16.2,16.1,16.1,16.1,11.8,16.1,16.1,16.1,16.1,16.1,16.1,16.1,16.1,16.1,10.7,16.1,16.1,16.1,16.1,16.1,16.1,16.1,16.1,16.1,8.26,16.1,16.2,16.1,16.1,16.1,16.1,16.1,16.1,16.1,8.22,16.1,16.1,16.1,16.1,16.1,16.1,16.1,16,16.1,8.26,16.1,16.1,16.1,16.1,16.1,16.1,16.1,16.1,16.1,8.82,16.1,16.1,16.1,16.1,16.1,16.1,16.1,16.1,16.1,11.4,16.1,16.1,16.1,16.1,16.1,16.1,16.1,16.1,16.1,11.8,16.1,16.1,16.1,16.1,16,16.1,16.1,16.1,16.1,11.9,16.1,16.1,16.1,16.1,16.1,16.1,12.2,11.8
0.00012,12,16.1,16.1,16.1,16.1,16.1,16.1,16.1,16.1,16.1,16.1,11.7,16.1,16.1,16.1,16.1,16.2,16.1,16.2,16,16.1,10.6,16.1,16.1,16.1,16,16.1,16.1,16.1,16.1,16.1,8.3,16.1,16.1,16.1,16.1,16.1,16.1,16.1,16.1,16.1,8.26,16.1,16.1,16.1,16.1,16.1,16.1,16.1,16.1,16.1,8.22,16.1,16.1,16.1,16.1,16.1,16.1,16.1,16.1,16.1,8.91,16.1,16.1,16.1,16.1,16.1,16.1,16.1,16.1,16.1,11.4,16.1,16.1,16.1,16.1,16.1,16.1,16.1,16.2,16.1,11.8,16.1,16.1,16.1,16,16.1,16.1,16.1,16.1,16.1,11.9,16.1,16.1,16.1,16.1,16.1,16.1,12.2,11.9
0.00012,12,16.1,16.2,16.1,16.1,16,16.1,16.1,16.1,16.1,16,11.8,16.1,16.1,16,16.1,16.1,16.1,16.1,16.1,16.1,10.6,16.1,16.2,16.2,16.1,16.1,16.1,16.1,16.1,16.1,8.3,16.1,16.1,16.1,16.1,16.1,16.1,16.1,16.1,16.1,8.26,16.1,16.1,16.1,16.1,16.1,16.1,16.1,16.1,16.2,8.26,16.1,16.1,16.1,16.1,16.1,16.1,16.1,16.1,16.1,8.87,16.1,16.1,16.1,16.1,16.1,16.1,16.1,16.1,16.1,11.4,16.1,16.1,16.1,16.1,16.1,16.1,16.1,16.1,16.1,11.9,16.2,16.1,16.1,16.1,16.1,16.1,16.1,16.1,16.1,12,16.1,16.1,16.1,16.1,16.1,16.1,12,11.9
0.00012,11.9,16.1,16.1,16.1,16.1,16.1,16.1,16.1,16.1,16.1,16.1,11.7,16.1,16.1,16.1,16.1,16.1,16.1,16.1,16.1,16.1,10.5,16.1,16.1,16.1,16.1,16.1,16.1,16.1,16.1,16.1,8.3,16.1,16.1,16.1,16.1,16.1,16.1,16.1,16.1,16.1,8.22,16.1,16.1,16.1,16.1,16.1,16.1,16.1,16.1,16.1,8.26,16.1,16.1,16.1,16.1,16.2,16.1,16.1,16.1,16.1,8.87,16.1,16.1,16.1,16.1,16.1,16.1,16,16.1,16.1,11.3,16.1,16.1,16.1,16.1,16.1,16.1,16,16.1,16.1,11.8,16.1,16.1,16.1,16.1,16.1,16.1,16.1,16.1,16.1,12,16.1,16.2,16.1,16.1,16.1,16.1,12,11.9
0.00012,12,16.1,16.1,16.1,16.2,16.1,16.2,16.1,16,16.1,16.1,11.7,16.1,16.1,16.1,16.1,16.1,16.1,16.1,16.1,16.1,10.5,16.1,16.1,16.1,16.2,16.1,16.1,16.1,16.1,16.1,8.3,16.1,16.1,16.1,16.1,16.2,16.1,16,16.2,16.1,8.22,16.1,16.1,16.1,16.1,16.1,16.1,16.1,16.1,16.1,8.26,16.1,16.1,16.1,16.1,16.1,16.1,16.1,16.1,16.1,8.87,16.1,16.1,16.1,16.1,16.1,16.1,16.1,16.1,16.1,11.3,16.1,16.1,16.1,16.1,16.1,16.1,16.1,16.1,16.1,11.9,16.1,16.1,16.1,16.1,16.1,16.1,16.1,16.2,16.1,12,16.1,16.1,16.1,16.1,16.1,16.1,12,11.9
0.00012,11.9,16.1,16.1,16.1,16.1,16.1,16.1,16.1,16.1,16.1,16.1,11.6,16.1,16.1,16.1,16.1,16.1,16.1,16.1,16.1,16.1,10.6,16.1,16.1,16.1,16.1,16.1,16.1,16.1,16.2,16.1,8.3,16.1,16.1,16,16.1,16.1,16.1,16.1,16.1,16.1,8.26,16.1,16.1,16.1,16.1,16.1,16.1,16.1,16.1,16.1,8.26,16.1,16.1,16.1,16.1,16.1,16.1,16.1,16.1,16.1,8.91,16.1,16.1,16.1,16.1,16.1,16.1,16.1,16.1,16.1,11.2,16.1,16.1,16.1,16.1,16.1,16.1,16.1,16.1,16.1,11.8,16.1,16.1,16.1,16.1,16.1,16.2,16.1,16.1,16.1,12,16.1,16.1,16.1,16.1,16.1,16.1,11.9,12
0.000121,12,16.1,16.1,16.1,16.1,16.1,16.1,16.1,16.2,16.1,16.1,11.7,16.1,16.1,16.1,16.2,16.1,16.1,16.1,16.1,16.1,10.6,16.1,16.1,16.1,16,16.1,16.1,16.2,16.1,16.1,8.3,16.1,16.1,16.1,16.1,16.1,16,16.1,16.1,16.1,8.22,16.1,16.1,16.1,16.1,16.1,16.1,16.1,16.1,16.1,8.22,16.1,16.1,16.1,16.1,16.1,16.1,16.1,16.1,16.1,8.91,16.1,16.1,16.1,16.1,16.1,16.1,16.1,16.1,16.1,11.2,16.1,16.1,16.1,16.1,16.2,16.1,16.1,16.1,16.1,11.9,16.1,16.1,16.1,16.1,16.1,16.1,16.1,16.1,16.2,12.1,16.1,16.1,16.1,16.1,16.1,16.1,11.9,11.9
0.000121,12.1,16.1,16.1,16.1,16.1,16.1,16.1,16.1,16.1,16.1,16.1,11.7,16.1,16,16.1,16.1,16.1,16.1,16.1,16.1,16.1,10.6,16.1,16.1,16.1,16.1,16.1,16.1,16.1,16.1,16.1,8.3,16.1,16.1,16.1,16.1,16.1,16.1,16.1,16.1,16.1,8.26,16.1,16.1,16.1,16.1,16.1,16.1,16.1,16.1,16.1,8.22,16.1,16.1,16.1,16.1,16.1,16.1,16.1,16.1,16.1,8.91,16.2,16,16.1,16.1,16.1,16.1,16.1,16.1,16.1,11.2,16.1,16.1,16.2,16.1,16.1,16.1,16.1,16.1,16.1,11.9,16.1,16.1,16.2,16.1,16.1,16.1,16.1,16.1,16.1,12,16.1,16.1,16.1,16.1,16.1,16.1,12,11.9
0.000121,12,16.1,16.1,16.1,16.1,16.2,16.1,16.1,16.1,16.1,16.2,11.7,16.1,16.1,16.1,16.1,16.2,16.1,16.1,16.1,16.1,10.6,16.1,16.1,16.1,16.2,16.1,16.1,16.1,16.1,16.1,8.35,16.1,16.1,16.1,16.1,16.2,16.1,16.1,16.1,16.1,8.3,16.1,16.1,16.1,16.2,16.1,16.1,16.1,16.1,16.1,8.26,16.1,16.1,16.1,16,16.1,16.1,16.1,16.1,16.2,8.95,16.1,16.1,16.1,16.1,16.1,16.1,16.1,16.1,16.1,11.2,16.1,16.1,16.1,16.1,16.1,16.1,16.1,16.1,16.1,11.9,16.1,16.1,16.1,16.1,16.1,16.2,16.1,16.1,16.1,12,16.1,16.1,16.1,16.1,16.1,16,11.9,11.9
0.000121,12.1,16.1,16.1,16.1,16.1,16.1,16.1,16.1,16.2,16.1,16.1,11.7,16.1,16.1,16.1,16.1,16.1,16.1,16.2,16.1,16.1,10.6,16.1,16.1,16.1,16.1,16.1,16.1,16.1,16.1,16.1,8.3,16.1,16,16.1,16.1,16.1,16.1,16.1,16.1,16.1,8.26,16.1,16.1,16.1,16.1,16.1,16.1,16.1,16.1,16.1,8.3,16.1,16.1,16.1,16.1,16.1,16.1,16.1,16.1,16.1,8.95,16.1,16,16.1,16.1,16.1,16.1,16.1,16.1,16.1,11.2,16.1,16.1,16.1,16.1,16.1,16.1,16.1,16.1,16.1,11.9,16.1,16.1,16.1,16.1,16,16.1,16.1,16.1,16.1,12,16.1,16.1,16.1,16.1,16.1,16.1,12,11.9
0.000121,12.1,16.1,16.1,16.1,16.1,16.1,16.1,16.1,16.1,16,16.1,11.8,16.1,16.1,16.1,16.1,16.1,16,16.1,16.1,16.1,10.6,16.1,16.1,16.1,16.1,16.1,16.1,16.1,16.1,16.1,8.35,16.1,16.1,16.1,16.1,16.1,16.1,16.1,16.1,16.1,8.26,16.1,16.1,16.1,16.1,16.1,16.2,16.1,16.1,16.2,8.26,16.1,16.1,16.1,16.1,16.1,16.1,16.1,16.1,16.1,8.95,16.1,16.1,16.1,16.1,16.1,16.1,16.1,16.1,16.1,11.3,16.1,16.1,16.1,16.1,16.1,16.1,16.1,16.1,16.1,11.8,16.1,16.1,16.1,16.1,16.1,16.1,16.1,16.1,16.1,12,16.1,16.1,16.1,16.1,16.1,16.1,12,11.9
0.000122,12.1,16.1,16.1,16.1,16.1,16.1,16.1,16.2,16.1,16.1,16.1,11.8,16.1,16.1,16.1,16.1,16.1,16.1,16.1,16.1,16.1,10.6,16.1,16.1,16.1,16.1,16.1,16.1,16.1,16.1,16.1,8.3,16.2,16.1,16.1,16.1,16.1,16.1,16.1,16.1,16.1,8.26,16.1,16.1,16.1,16.2,16.1,16.1,16.1,16.1,16,8.26,16.1,16.1,16.1,16.1,16.1,16.1,16.1,16.1,16.2,8.95,16.1,16.2,16.2,16.1,16.1,16,16.1,16.1,16.1,11.4,16.1,16.1,16.2,16.2,16.1,16.1,16.1,16.1,16.1,11.8,16.1,16.1,16.1,16.1,16.1,16.1,16.1,16,16.1,12,16.1,16.1,16.1,16.1,16.1,16.1,12.1,11.9
0.000122,12.1,16.1,16.1,16.1,16.1,16.1,16.1,16.1,16.1,16.1,16.1,11.8,16.1,16.1,16.1,16.1,16.1,16.1,16.2,16.1,16.1,10.6,16.1,16.1,16.1,16.1,16.1,16.1,16.1,16.2,16.1,8.35,16.1,16.1,16.1,16.1,16.1,16.1,16.1,16.1,16.1,8.26,16.1,16.1,16.1,16.1,16.1,16.1,16.1,16.1,16.1,8.26,16.1,16.2,16.1,16.1,16,16.1,16.1,16.1,16.1,8.95,16.1,16.2,16.1,16.1,16.1,16.1,16.1,16.1,16.1,11.5,16.2,16,16.1,16.1,16.1,16.2,16.1,16.1,16.1,11.8,16.1,16.1,16.1,16.1,16.1,16.1,16.1,16,16.1,11.9,16.1,16.1,16.1,16.1,16.1,16.1,12.1,11.9
0.000122,12.1,16.1,16.1,16.1,16.1,16.1,16.1,16.1,16.1,16.1,16.1,11.8,16.1,16.1,16.1,16.2,16.2,16.1,16.1,16.1,16.1,10.7,16.1,16.1,16.1,16.1,16.1,16.1,16.1,16.1,16.2,8.3,16.1,16.1,16.1,16.1,16.1,16.1,16.1,16.1,16.1,8.26,16.1,16.1,16.1,16.1,16.1,16.1,16.1,16.1,16.1,8.26,16,16.2,16.1,16.1,16.1,16.1,16.1,16.1,16.1,8.91,16.1,16.1,16.2,16.1,16.2,16.1,16.1,16.1,16.1,11.5,16.1,16.1,16.1,16.1,16.2,16.1,16.1,16.1,16.1,11.8,16.1,16.1,16.1,16.1,16.1,16.1,16.1,16.1,16.1,11.9,16.1,16.1,16.1,16.1,16.1,16.1,12.1,12
0.000122,12.1,16.2,16.1,16.1,16.1,16.1,16.1,16.1,16.2,16.1,16.1,11.8,16.2,16.1,16.1,16.1,16.2,16.1,16.1,16.1,16.1,10.6,16.1,16.1,16.1,16.1,16.1,16.1,16.1,16,16.1,8.3,16,16.1,16.1,16.1,16.1,16.1,16.1,16.1,16.1,8.26,16.1,16.1,16.1,16.1,16.1,16.1,16.1,16.1,16.1,8.22,16.1,16.1,16.1,16.1,16.1,16.1,16.1,16.2,16.1,8.87,16.1,16.1,16,16.2,16.1,16.1,16.1,16.1,16.2,11.5,16.1,16.1,16.1,16.1,16.1,16.1,16.1,16.1,16.1,11.8,16.1,16.1,16.1,16.1,16.1,16.1,16.1,16.1,16.1,11.9,16.1,16.1,16.1,16.1,16.1,16.1,12,11.9
0.000122,12.1,16.1,16.1,16.2,16.1,16.1,16.1,16.1,16,16.2,16.1,11.8,16.1,16.1,16.1,16.1,16.1,16.1,16.1,16.1,16.1,10.7,16.1,16.1,16.1,16.1,16.1,16.1,16.1,16.1,16,8.35,16.1,16.1,16.1,16.1,16.1,16.1,16.1,16.2,16.2,8.22,16.1,16.2,16.1,16.1,16.1,16.1,16.1,16.1,16.1,8.3,16.1,16.1,16.1,16.1,16.1,16.1,16.1,16.1,16.1,8.87,16.1,16.1,16.1,16.1,16.1,16.1,16.1,16.1,16.1,11.4,16.1,16.1,16.1,16.1,16.1,16.1,16.1,16.1,16.1,11.8,16.1,16.2,16.1,16.1,16.1,16.1,16.1,16.1,16.1,11.9,16.1,16.1,16,16.1,16.1,16.1,12,11.8
0.000123,12,16.2,16.1,16.1,16.1,16.1,16.1,16.1,16.1,16.1,16.1,11.8,16.1,16.1,16.1,16.1,16.1,16.1,16.1,16.1,16.1,10.6,16.1,16.1,16.2,16.1,16.1,16.1,16.1,16.2,16.1,8.35,16.1,16.1,16.1,16.1,16.1,16.1,16.1,16.1,16.1,8.26,16.1,16.1,16.1,16.2,16.1,16.1,16.1,16.1,16.1,8.26,16.1,16.1,16.1,16.1,16.1,16.1,16.1,16.1,16.1,8.91,16.1,16,16,16.1,16.1,16.1,16.1,16.1,16.1,11.4,16.1,16.1,16.1,16.1,16.1,16.1,16.1,16.1,16.1,11.8,16.1,16.1,16.1,16.1,16.1,16.1,16.1,16.1,16.1,11.9,16.1,16.1,16.1,16.1,16.1,16.1,12,11.9
0.000123,12,16.2,16.2,16.1,16.1,16.1,16.1,16.1,16.2,16.2,16.1,11.8,16.1,16.1,16.1,16.1,16.1,16.1,16.1,16.2,16.1,10.6,16.1,16.1,16.1,16.1,16.1,16.1,16.1,16,16.1,8.39,16.1,16.1,16.1,16.1,16.1,16.1,16.1,16.1,16.1,8.22,16.1,16.1,16.1,16.1,16.1,16.1,16.1,16.1,16.1,8.3,16.1,16,16.1,16.1,16.1,16.1,16.1,16.2,16.1,8.95,16.1,16.1,16.1,16.1,16.1,16.1,16.1,16.1,16.1,11.4,16.1,16.1,16.1,16.1,16.1,16.1,16.1,16.1,16.2,11.8,16,16.1,16.2,16.1,16.1,16.1,16.1,16.1,16.1,11.9,16.1,16.1,16.1,16.1,16.1,16.1,12,11.8
0.000123,12,16.1,16.1,16.1,16.1,16.1,16,16.1,16,16.1,16.1,11.8,16.1,16.1,16.1,16.1,16.1,16.1,16.1,16.1,16.1,10.6,16.1,16.1,16.1,16.1,16.1,16.1,16.1,16.1,16.1,8.3,16.1,16.1,16.1,16.1,16.2,16.1,16.1,16.1,16.1,8.22,16.1,16.1,16.2,16.1,16.1,16.1,16.1,16.1,16.1,8.3,16.1,16.2,16.1,16.1,16.1,16.1,16.1,16.1,16.1,9,16.1,16.1,16.1,16.1,16.1,16.1,16.1,16.1,16.1,11.3,16.1,16.2,16.1,16.1,16.1,16,16.1,16.1,16.1,11.9,16.1,16.1,16.1,16.1,16.1,16.1,16.1,16.1,16.1,11.9,16.1,16.1,16.1,16.1,16,16.1,12,11.9
0.000123,12,16.1,16.1,16.1,16.1,16.1,16.1,16.1,16.1,16.1,16.1,11.7,16.1,16.1,16.2,16.1,16.2,16.1,16.1,16.1,16.1,10.6,16.2,16.1,16.1,16.1,16.1,16.1,16.1,16.1,16.1,8.3,16.1,16.1,16.1,16.1,16.1,16.2,16.1,16.1,16,8.3,16.1,16.1,16.1,16.1,16.1,16.1,16.1,16.1,16.1,8.3,16.1,16.1,16.1,16.1,16.1,16.1,16.1,16.1,16.1,9.08,16,16.1,16.1,16.1,16.1,16.1,16.1,16.1,16.1,11.3,16.1,16.1,16.1,16.1,16,16.1,16,16.1,16.1,12,16.1,16.1,16.1,16.1,16.1,16.1,16.1,16.1,16.1,11.9,16.1,16.1,16.1,16.1,16.1,16.1,11.9,12
0.000123,12,16.1,16.1,16.1,16.1,16.1,16.1,16.1,16.1,16.2,16.1,11.8,16.1,16.1,16.1,16.1,16.1,16.1,16.1,16.1,16.1,10.6,16.1,16.1,16.1,16.1,16.1,16.1,16.1,16.1,16.1,8.26,16.1,16.1,16.1,16.1,16.1,16.1,16.1,16.1,16.1,8.3,16.1,16.1,16.1,16.1,16.1,16.1,16.1,16.1,16.1,8.26,16.1,16.1,16.1,16.1,16.1,16.2,16.1,16.1,16.1,9.12,16.1,16.1,16.1,16.1,16.1,16.1,16.1,16.1,16.1,11.3,16.1,16.1,16.1,16.2,16.2,16.1,16.1,16.1,16.1,12,16.1,16,16.1,16.1,16.1,16.2,16.1,16.1,16.1,11.9,16.1,16.1,16.1,16.1,16.1,16.1,11.9,12
0.000124,12,16.1,16.1,16.1,16.1,16.1,16.1,16.1,16.1,16.1,16.1,11.7,16.1,16.1,16.1,16.1,16.1,16.1,16.1,16.1,16.1,10.6,16.1,16.1,16.1,16.1,16.1,16.1,16.2,16.2,16.1,8.3,16.1,16.1,16.1,16.1,16.1,16.1,16.1,16.1,16.1,8.22,16.1,16.1,16.1,16.1,16.1,16.1,16.1,16.1,16.1,8.26,16.1,16.1,16.1,16.1,16.1,16.1,16.1,16.1,16.1,9.17,16.1,16.1,16.1,16.1,16.1,16.1,16.1,16.1,16.1,11.3,16.1,16.1,16.1,16.1,16.1,16.2,16.1,16.2,16.1,12,16.1,16.1,16.1,16.1,16.1,16.1,16.1,16.1,16.1,11.9,16.1,16.1,16.1,16.1,16.1,16.1,12,12.1
0.000124,12,16.1,16.1,16.1,16.1,16.1,16.1,16.1,16.1,16.1,16.1,11.7,16.1,16.1,16.1,16.1,16.1,16.1,16.1,16.1,16.1,10.6,16.1,16.1,16.1,16.1,16.1,16.1,16.1,16.1,16.1,8.22,16.1,16.2,16.1,16.1,16.1,16.1,16.1,16,16.1,8.26,16.1,16.1,16.1,16.1,16.1,16.1,16.1,16.1,16.2,8.22,16.1,16.1,16.1,16.1,16.1,16.1,16.1,16.1,16.1,9.17,16.1,16.1,16.1,16.1,16.1,16.1,16.1,16.1,16.1,11.3,16.1,16.1,16.1,16.1,16.1,16.2,16.1,16.1,16.1,11.9,16.1,16.1,16.1,16.1,16.1,16.1,16.1,16.1,16.1,12,16.1,16.1,16.1,16.1,16.1,16.1,12,12
0.000124,12.1,16.1,16.1,16.1,16.1,16.1,16.1,16.1,16.1,16.1,16.1,11.7,16.1,16.1,16.1,16.1,16.1,16.1,16.1,16.1,16.1,10.6,16.1,16.1,16.1,16.1,16.1,16.1,16.1,16.1,16.1,8.3,16.1,16.1,16.1,16.1,16.1,16.1,16.1,16.1,16.1,8.3,16.1,16.1,16.1,16.1,16.1,16.1,16.1,16.1,16.1,8.3,16.1,16.1,16.1,16.1,16.1,16.1,16.1,16.1,16.1,9.12,16.1,16,16.1,16.1,16.1,16.1,16.1,16.1,16.1,11.4,16.1,16.1,16.1,16.1,16.1,16.1,16.1,16.1,16.1,11.9,16.1,16.1,16.1,16.1,16.1,16.1,16.1,16.1,16.1,12,16.1,16.1,16.1,16.1,16.1,16.1,11.9,12
0.000124,12.1,16.1,16.1,16.1,16.1,16.1,16,16.1,16.1,16.1,16.1,11.8,16.1,16.1,16.1,16.1,16.1,16.1,16.1,16.1,16.2,10.7,16.1,16.1,16.1,16.1,16.1,16.1,16.1,16.1,16.1,8.3,16.1,16.1,16,16.1,16.1,16.1,16.1,16.1,16.1,8.22,16.1,16.1,16.1,16.2,16.1,16.1,16.1,16.1,16.1,8.26,16.1,16.1,16.1,16.1,16.1,16.1,16.1,16.1,16.1,9.04,16.1,16.1,16.1,16.1,16.1,16.1,16.1,16.1,16.1,11.4,16.1,16.1,16.2,16.1,16.1,16.2,16.1,16.1,16.1,11.8,16.1,16.1,16.1,16.1,16.1,16.1,16.1,16.1,16.1,11.9,16.1,16.1,16.1,16.1,16.1,16.1,11.9,11.9
0.000124,12.1,16.1,16.1,16.1,16.1,16.1,16.1,16.1,16.1,16.1,16.1,11.8,16.1,16.1,16.1,16.1,16.1,16.2,16.1,16.1,16.1,10.7,16.1,16.1,16.1,16.1,16.1,16.1,16.1,16.1,16.1,8.3,16.2,16.1,16.1,16.1,16.1,16.1,16.1,16.1,16.1,8.26,16.1,16.1,16.1,16.1,16.1,16.1,16.1,16.1,16.1,8.22,16,16.1,16.1,16.1,16.1,16.1,16.1,16.1,16.1,9.04,16.1,16.1,16.1,16.1,16.1,16.1,16.1,16.1,16.1,11.5,16.1,16.1,16.1,16.1,16.1,16.1,16.1,16.1,16.1,11.8,16.1,16.1,16.1,16.2,16.1,16,16.1,16.1,16.1,11.9,16.1,16.2,16.1,16.1,16.1,16.1,12,11.9
0.000125,12.2,16.1,16.1,16.1,16.1,16.1,16.2,16.1,16.1,16.1,16,11.7,16.1,16.1,16.1,16.1,16.1,16.1,16.1,16.1,16.1,10.7,16.1,16.1,16.1,16.2,16.1,16.1,16.1,16.1,16.1,8.3,16.1,16.1,16.1,16.1,16.1,16.1,16.1,16.1,16,8.3,16.1,16.1,16.1,16.1,16.1,16.1,16.1,16.1,16.1,8.3,16.1,16.1,16.1,16.1,16.1,16.1,16.1,16.1,16.1,8.95,16.1,16.1,16.1,16.1,16.1,16.1,16.1,16.1,16.1,11.4,16.2,16.1,16.1,16.1,16.1,16.1,16.1,16.1,16.1,11.8,16.1,16.1,16.1,16.1,16.1,16.1,16.1,16.1,16.1,11.9,16.1,16.1,16.1,16.1,16.1,16.1,12,11.8
0.000125,12.2,16.1,16.1,16.1,16.1,16.1,16.1,16.1,16.1,16.2,16.2,11.8,16.1,16.1,16.1,16.1,16.1,16.1,16.1,16.1,16.1,10.7,16.1,16.1,16.1,16.1,16.1,16.1,16.1,16.1,16.1,8.3,16.1,16.1,16.1,16.1,16.1,16.1,16.1,16.1,16.1,8.26,16.1,16.1,16.1,16.1,16.1,16.1,16.1,16.1,16.1,8.3,16.1,16.1,16.1,16.1,16.1,16.1,16.1,16.1,16.1,8.95,16.1,16.1,16.1,16.1,16.1,16.1,16.1,16.1,16.1,11.5,16.1,16.1,16.1,16.2,16.1,16.1,16.1,16.1,16.1,11.8,16.1,16.1,16.1,16.1,16.1,16.1,16.1,16.1,16.1,12,16.1,16.1,16.1,16.1,16.1,16,12,11.8
0.000125,12.2,16.1,16.1,16.2,16.1,16.1,16.1,16.1,16.1,16.1,16.1,11.7,16.1,16.1,16.1,16.1,16.1,16.2,16.1,16.1,16.1,10.8,16.1,16.1,16.1,16.1,16.1,16.1,16.1,16.1,16.1,8.3,16.1,16.1,16.1,16.2,16.1,16.1,16.1,16.1,16.1,8.3,16.1,16.1,16.1,16.1,16.1,16.1,16.1,16.1,16.1,8.26,16.1,16.1,16.1,16.1,16.1,16.1,16.1,16.1,16.1,9,16.1,16.1,16.1,16.1,16.1,16.1,16.1,16,16.1,11.4,16.1,16.1,16.1,16.1,16.1,16.1,16.1,16.1,16.1,11.8,16.1,16.1,16.2,16.1,16.1,16.1,16.1,16.1,16.1,11.9,16.1,16.1,16.1,16.1,16.1,16.1,12,11.8
0.000125,12.2,16.1,16.1,16.1,16.1,16.1,16.1,16.1,16.1,16.1,16.1,11.7,16.1,16.1,16.1,16.1,16.1,16.1,16.1,16.1,16.1,10.8,16.1,16.1,16.1,16.1,16.1,16.1,16.1,16.1,16.1,8.35,16.1,16.1,16.1,16.1,16.1,16.1,16.1,16.1,16.1,8.26,16.1,16.1,16.1,16.1,16.1,16.1,16.1,16.1,16.1,8.22,16.1,16.1,16.1,16.1,16.2,16.1,16.1,16.1,16.1,9.08,16.1,16.1,16.1,16.1,16.1,16.1,16.1,16.1,16.1,11.4,16.1,16.2,16.1,16.1,16.1,16.1,16.1,16.1,16.1,11.8,16.2,16.1,16.1,16.1,16.1,16.1,16.1,16.1,16.1,11.9,16.1,16.1,16.1,16.1,16.1,16.1,12,11.8
0.000125,12.2,16.1,16.1,16.1,16.1,16.1,16.1,16.1,16.1,16.1,16.1,11.7,16.1,16.1,16.1,16.1,16.1,16.1,16.1,16.1,16.1,10.8,16.2,16.1,16.1,16.1,16.1,16.1,16.1,16.1,16.1,8.35,16.1,16.1,16.1,16.1,16.1,16.1,16.1,16.1,16,8.26,16.1,16.1,16.1,16.1,16.1,16.1,16.1,16.1,16.1,8.3,16.1,16.1,16.1,16,16.1,16.1,16.1,16.1,16.1,9.17,16.1,16.1,16.1,16.1,16.1,16.1,16.1,16.1,16.1,11.4,16.1,16.1,16.1,16.1,16.1,16.1,16,16.1,16.1,11.8,16.1,16.1,16.1,16.1,16.1,16.2,16.1,16.1,16.1,12,16.1,16.1,16.1,16.1,16.1,16.1,12.1,11.8
0.000126,12.1,16.1,16.1,16.1,16.1,16,16.2,16.1,16.1,16.2,16.1,11.8,16.1,16.1,16.1,16.1,16.1,16.1,16.1,16.1,16.1,10.7,16.1,16.1,16.1,16.1,16.1,16.1,16.1,16.1,16.2,8.35,16.1,16.1,16.1,16.1,16.1,16.1,16.1,16.1,16.1,8.26,16.1,16.1,16.1,16,16.1,16.1,16.1,16.1,16.1,8.3,16.1,16.1,16.1,16.1,16.1,16.1,16.1,16.1,16.1,9.25,16.1,16.1,16.1,16,16.1,16.1,16,16.1,16.1,11.4,16.1,16.1,16.1,16.1,16.1,16.1,16.1,16.1,16.1,11.9,16.1,16.1,16.1,16.2,16.1,16.1,16.1,16.1,16.1,11.9,16.1,16.1,16.1,16.1,16.1,16.1,12,11.8
0.000126,12,16.1,16.1,16.1,16.1,16.1,16.1,16.1,16.1,16.1,16.1,11.8,16.1,16.1,16.1,16.1,16.1,16.1,16.1,16.1,16.1,10.7,16.1,16.1,16.1,16.1,16.1,16.1,16.1,16.1,16.1,8.35,16.1,16.1,16.1,16.1,16.1,16.1,16.1,16.1,16.1,8.26,16.1,16.1,16.1,16.1,16.1,16.1,16.1,16.1,16.1,8.3,16.1,16.1,16.1,16.1,16.1,16.1,16,16.1,16.1,9.34,16.1,16.1,16.1,16.1,16.1,16.1,16.1,16.1,16.1,11.4,16.1,16.2,16.1,16.1,16.1,16.1,16.1,16.1,16.1,11.9,16.1,16.1,16.1,16.1,16.1,16.1,16.1,16.1,16.1,11.9,16.1,16.1,16.1,16.1,16.1,16.1,12,12
0.000126,12,16.1,16.1,16.1,16.1,16,16.1,16.1,16.1,16.1,16.1,11.8,16.1,16.1,16.1,16,16.1,16.1,16.1,16.1,16.1,10.7,16.1,16.1,16.2,16.1,16.1,16.1,16.1,16.1,16.1,8.35,16.1,16.1,16.1,16.1,16.1,16.2,16.1,16.1,16.1,8.26,16.1,16.1,16.1,16.1,16.1,16.1,16.1,16.1,16.1,8.3,16.1,16.1,16.1,16.1,16.1,16.1,16.1,16.1,16.1,9.38,16.1,16.1,16.2,16.1,16.1,16.1,16.1,16.1,16.1,11.4,16.2,16.1,16.1,16.1,16.1,16.1,16.1,16.1,16.1,11.9,16.1,16.1,16.1,16.1,16.1,16.1,16.1,16.1,16.1,12,16.1,16.1,16.1,16.1,16.1,16.2,11.9,12
0.000126,11.9,16.1,16.1,16.1,16.1,16.1,16.1,16.1,16.1,16.1,16.1,11.8,16.1,16.1,16.1,16.1,16.1,16.1,16.1,16.1,16.1,10.7,16.1,16.1,16.1,16.1,16.1,16.1,16.1,16.1,16.1,8.26,16.1,16.1,16.1,16.1,16.1,16.1,16.1,16.1,16.1,8.26,16.1,16.1,16.1,16.1,16.1,16.1,16.1,16.1,16.1,8.26,16.1,16.1,16.1,16.1,16.1,16.1,16.1,16.1,16.1,9.38,16.1,16.1,16.1,16.1,16.1,16.1,16.2,16.1,16.1,11.4,16.1,16.1,16.1,16.1,16.1,16.1,16.1,16.1,16.1,12,16.1,16.1,16,16.2,16.2,16.1,16.1,16.1,16.1,12,16.1,16.1,16.1,16.1,16.1,16.1,11.9,12
0.000126,11.9,16.1,16.1,16,16.1,16.1,16.1,16.1,16.1,16.1,16.1,11.8,16,16.1,16.1,16.1,16.1,16,16.1,16,16.2,10.7,16.1,16.1,16.1,16.1,16.1,16.1,16.1,16.1,16.1,8.26,16.1,16.1,16.1,16.1,16.1,16.1,16.1,16.1,16.1,8.22,16.1,16.1,16.1,16.1,16.1,16.1,16.1,16.1,16.1,8.22,16.1,16.1,16.1,16.1,16.1,16.1,16.1,16.1,16.1,9.3,16.1,16.1,16.1,16.1,16.1,16.1,16.1,16.1,16.1,11.4,16.1,16,16.1,16.2,16,16.1,16.1,16.1,16.1,11.9,16,16.1,16,16.1,16.1,16.1,16.1,16.2,16.1,12,16.1,16.1,16.1,16.1,16.1,16.1,11.9,12
0.000127,11.9,16.1,16.1,16.1,16,16.1,16.1,16.1,16.1,16.1,16.1,11.7,16.2,16.1,16.1,16.1,16.1,16.1,16.1,16.1,16.1,10.8,16.1,16.1,16.1,16.1,16.2,16.1,16.1,16.1,16.1,8.3,16.1,16.1,16.1,16.1,16.1,16.1,16.1,16.2,16.1,8.26,16.1,16.1,16.1,16.1,16.1,16.1,16.1,16.1,16,8.3,16.1,16.1,16.1,16.2,16.1,16.1,16.1,16.1,16.1,9.25,16.1,16.1,16.1,16.1,16,16.1,16.1,16.2,16.1,11.4,16.1,16.1,16.1,16.1,16.1,16.1,16.1,16.1,16.1,11.9,16.2,16.1,16,16.1,16.1,16.1,16.1,16.1,16.1,11.9,16.1,16.1,16.1,16.1,16.1,16.1,12,12
0.000127,12,16.1,16.1,16.1,16.1,16.2,16.1,16.1,16.1,16.1,16.1,11.7,16.1,16,16.1,16.1,16.2,16,16.1,16.1,16.1,10.8,16.1,16.1,16.2,16.1,16.1,16.1,16.1,16.1,16.2,8.3,16.1,16.1,16.1,16.1,16.1,16.1,16.1,16.1,16.1,8.26,16.1,16.2,16.1,16.1,16.1,16.1,16.1,16.1,16.1,8.26,16.1,16.1,16.1,16.1,16.1,16.1,16.1,16.1,16.1,9.17,16.1,16.1,16.1,16.1,16.1,16.1,16.1,16.1,16.1,11.4,16.1,16,16.2,16.1,16.1,16.1,16.1,16.1,16.1,11.9,16.1,16.2,16.1,16.1,16.1,16.1,16.1,16.1,16.1,11.9,16.1,16.1,16.1,16.1,16.1,16.1,12,12
0.000127,12.1,16.1,16.1,16.1,16.2,16.1,16,16.1,16.1,16.1,16.1,11.7,16.1,16.1,16,16.1,16.1,16.1,16.1,16.1,16.1,10.8,16.1,16.1,16.1,16.1,16.2,16.1,16.1,16.1,16.1,8.35,16.1,16.1,16.1,16.1,16.1,16.1,16.1,16.2,16.1,8.3,16.1,16.1,16.1,16.1,16.1,16.1,16.1,16.1,16.1,8.26,16.1,16.1,16.1,16.1,16.1,16.1,16.1,16.1,16.1,9.08,16.1,16.1,16.1,16.1,16.1,16,16,16.1,16.1,11.4,16.1,16.1,16.1,16.1,16.1,16.1,16.1,16.1,16.1,11.8,16.1,16.1,16.1,16.1,16.1,16.1,16,16.2,16.1,12,16.1,16.1,16.1,16.1,16.1,16.1,12,11.9
0.000127,12.2,16.1,16.1,16.1,16,16.1,16.1,16.1,16.1,16.1,16.1,11.7,16.1,16.1,16.1,16.1,16.1,16.1,16.1,16.1,16.1,10.8,16.1,16.1,16.1,16.1,16.1,16.1,16.1,16.1,16.1,8.3,16.1,16,16.1,16.1,16.1,16.1,16.1,16.1,16.1,8.22,16.1,16.1,16,16.1,16.1,16.1,16.1,16.1,16.1,8.22,16.1,16.1,16.1,16.1,16.1,16.1,16.1,16.1,16.1,9,16.1,16.1,16.1,16.1,16.1,16.1,16.1,16.1,16.1,11.4,16.1,16.1,16.1,16.1,16.1,16.1,16.1,16.1,16.1,11.8,16.1,16.1,16.2,16.1,16.1,16,16,16,16.1,12,16.1,16.1,16.1,16.1,16.1,16.1,12.1,11.8
0.000127,12.1,16.1,16.1,16.1,16.1,16.2,16.1,16.1,16.1,16.1,16.1,11.6,16.1,16.1,16.1,16.1,16.1,16.1,16.1,16.1,16.1,10.8,16.1,16.1,16.1,16.1,16.1,16.1,16.1,16.1,16.1,8.35,16.1,16.1,16.1,16.1,16.1,16.1,16.1,16.1,16.1,8.26,16.1,16.1,16.1,16.1,16,16.1,16.2,16.1,16.2,8.3,16.1,16.1,16.1,16.1,16.1,16.1,16.1,16.1,16.1,8.95,16.1,16.1,16.1,16.1,16.1,16.1,16,16.1,16.1,11.4,16.1,16.1,16.1,16.1,16.1,16.1,16.1,16.1,16.1,11.8,16.1,16.1,16.1,16.1,16.1,16.1,16.1,16,16.1,12.1,16.2,16.1,16.1,16.1,16.2,16.1,12.1,11.9
0.000128,12.2,16.1,16.1,16.1,16.1,16.1,16.1,16.1,16.1,16.1,16.1,11.7,16.1,16.1,16.1,16.1,16.1,16.1,16.1,16.2,16.1,10.9,16,16.1,16.1,16.1,16.2,16.1,16.1,16.1,16.1,8.3,16.1,16.1,16.2,16.1,16.2,16.1,16.2,16.2,16.1,8.26,16.1,16.1,16.1,16.1,16.1,16.1,16.1,16.1,16.1,8.3,16.1,16.1,16.1,16.1,16.1,16.1,16,16.1,16.1,9.04,16.1,16.1,16.1,16.1,16.2,16.1,16.1,16.1,16.1,11.4,16.1,16.1,16.1,16.1,16.1,16.1,16.1,16.1,16.1,11.8,16.1,16.1,16.1,16.1,16.1,16.1,16.1,16.1,16.1,12.1,16.1,16.1,16.1,16.1,16.1,16,12.1,11.8
0.000128,12.2,16.1,16.1,16.1,16.1,16.1,16.1,16.1,16.1,16.1,16.1,11.8,16.1,16.1,16.1,16.1,16.1,16,16.1,16,16.1,10.9,16.1,16.1,16.1,16.1,16.2,16.1,16.1,16.1,16.1,8.35,16.1,16.1,16.1,16.1,16.1,16.1,16.1,16.2,16.1,8.3,16.1,16.1,16.1,16.1,16.1,16.1,16.1,16.1,16.1,8.3,16.1,16.1,16.1,16.1,16.1,16.1,16.1,16.1,16.1,9.04,16.1,16.1,16.1,16.1,16.1,16.1,16.1,16.1,16.1,11.5,16.1,16.1,16.1,16.1,16.1,16.1,16.1,16.1,16.2,11.8,16.1,16.1,16.1,16.1,16.1,16.1,16,16.1,16.1,12.1,16.1,16.1,16.1,16.1,16.1,16.1,12.1,11.8
0.000128,12.2,16.1,16.2,16,16.1,16.1,16.1,16.1,16.1,16.1,16.1,11.8,16.1,16.1,16.1,16.1,16.1,16.1,16.1,16.1,16.1,10.9,16.1,16.1,16.1,16.1,16.1,16.1,16.1,16.1,16.1,8.35,16.1,16.1,16.1,16.1,16.1,16.1,16.2,16.1,16.1,8.26,16.1,16.1,16.1,16.1,16.2,16.1,16.1,16.1,16.1,8.26,16.1,16.1,16.1,16.1,16.1,16.1,16.1,16.1,16.1,9.08,16.1,16.1,16.1,16.1,16.1,16.1,16.1,16.1,16.1,11.5,16.1,16.1,16.1,16.1,16.1,16.1,16.1,16.1,16.1,11.9,16.1,16.1,16.1,16.1,16.1,16,16.1,16.1,16.1,12.1,16.1,16.1,16.1,16.1,16.1,16.1,12,11.9
0.000128,12.1,16.1,16.1,16.1,16.1,16.1,16.1,16.1,16.1,16.1,16.1,11.9,16.1,16.1,16.1,16.1,16.1,16.1,16.1,16.2,16,10.7,16.1,16.1,16.1,16.1,16.1,16.1,16.1,16.1,16.1,8.35,16.1,16.1,16.1,16.1,16.1,16.1,16.1,16.1,16.2,8.3,16,16,16.1,16.1,16.1,16.1,16.1,16.1,16.1,8.3,16.1,16.1,16.1,16.1,16.1,16.1,16.1,16.1,16.1,9.12,16.1,16.1,16,16.1,16.1,16.1,16.1,16.1,16.1,11.5,16.1,16.1,16.1,16.1,16.1,16.1,16,16.1,16.1,11.8,16.1,16.1,16.1,16.1,16.1,16.1,16.1,16.1,16.1,12,16.2,16.1,16.1,16.1,16,16.1,11.9,11.9
0.000128,12.1,16.1,16.1,16.1,16.1,16.1,16.1,16.1,16.1,16.1,16.1,11.9,16.1,16.1,16.1,16.1,16.1,16.1,16.1,16.1,16.1,10.6,16.2,16.1,16.1,16.1,16.1,16.1,16.1,16.1,16,8.3,16.1,16.1,16.1,16.1,16.2,16.1,16.1,16.1,16.1,8.22,16.2,16.1,16.1,16.1,16.1,16.1,16.1,16.1,16.1,8.22,16.1,16.1,16,16.1,16.1,16.1,16.1,16.1,16.1,9.21,16.1,16.1,16.1,16.1,16.2,16.1,16.1,16.1,16.1,11.5,16.1,16.1,16.1,16.1,16.1,16.1,16.1,16.1,16.1,11.8,16,16.1,16.1,16.1,16.1,16.1,16.1,16.1,16.1,12,16.1,16.1,16.1,16.1,16.1,16.1,11.9,11.9
0.000129,12,16.1,16.1,16.1,16.1,16.1,16.1,16.1,16,16.1,16.1,11.9,16.1,16.1,16.1,16.1,16.1,16.1,16.1,16.1,16.1,10.6,16.1,16.1,16.1,16.1,16,16.1,16.1,16.1,16.1,8.3,16.1,16.1,16.1,16.1,16.1,16.1,16.1,16.1,16.1,8.22,16.1,16.1,16.1,16.1,16.1,16.1,16.1,16.1,16.1,8.26,16.1,16.1,16.1,16.1,16.1,16.1,16.1,16,16.1,9.21,16.1,16.1,16.2,16.1,16.1,16.1,16.1,16.1,16.1,11.5,16.1,16.1,16.2,16.1,16.1,16.1,16.1,16.1,16.1,11.8,16.1,16.1,16.1,16.1,16.1,16.1,16.1,16.1,16.1,11.9,16.1,16.1,16.1,16.1,16.1,16.2,12,11.9
0.000129,12,16.1,16.1,16.1,16.1,16.1,16.1,16.1,16.1,16.1,16.1,11.8,16.1,16.1,16.1,16.1,16.1,16.1,16.1,16.1,16.1,10.6,16.1,16.2,16.1,16.1,16.1,16.1,16.1,16.2,16.1,8.35,16.2,16.1,16.2,16.1,16.1,16.1,16.1,16.1,16.1,8.26,16.1,16.2,16.1,16.1,16.1,16.1,16.1,16.1,16.1,8.22,16,16.1,16.1,16.1,16.1,16.1,16.1,16.1,16.1,9.25,16.1,16.1,16.1,16.1,16.1,16.1,16.1,16.1,16.1,11.5,16.1,16.1,16.1,16.1,16.1,16.1,16.1,16.1,16.1,11.8,16.1,16.1,16.1,16.1,16.1,16.1,16.1,16.1,16.1,11.9,16.1,16.1,16.1,16.1,16.1,16,12.1,11.9
0.000129,12,16.1,16.1,16,16.1,16.1,16.1,16.1,16.1,16.1,16.1,11.7,16.1,16.1,16.1,16.1,16.1,16.1,16.1,16.1,16.1,10.7,16.1,16.1,16.1,16.1,16.1,16.1,16.1,16.1,16.1,8.3,16.1,16.1,16.1,16.1,16.1,16.1,16.1,16.2,16.1,8.26,16.1,16.1,16.1,16.1,16.1,16.1,16.1,16.1,16.1,8.26,16.1,16.1,16.1,16.1,16.1,16.1,16.1,16.1,16.1,9.3,16.1,16,16.1,16.1,16.1,16.1,16.1,16.1,16.1,11.5,16.1,16.1,16.1,16.1,16.1,16.1,16.1,16.1,16.1,11.9,16.1,16,16.1,16.1,16.1,16.1,16.1,16.1,16.1,11.9,16.1,16.1,16.1,16.1,16.1,16.1,12.1,11.8
0.000129,12,16.1,16.1,16.1,16.1,16.1,16.1,16.1,16.1,16.2,16.1,11.7,16.1,16.1,16.1,16.1,16.1,16.1,16.1,16.1,16.1,10.8,16.1,16.1,16.2,16.1,16.1,16.1,16.1,16.1,16.1,8.3,16.1,16.1,16.1,16.1,16.1,16.1,16.1,16.2,16.1,8.3,16.1,16.1,16.1,16.1,16.1,16.1,16.1,16.1,16.1,8.26,16,16.1,16.1,16.1,16.1,16.1,16.1,16.1,16.1,9.3,16.1,16.1,16.1,16.2,16.1,16.2,16.1,16.1,16.1,11.4,16.1,16.1,16.1,16.2,16.1,16.1,16.1,16,16.1,11.9,16.1,16.1,16.1,16.1,16.1,16,16.1,16.1,16.1,11.8,16.1,16.1,16.1,16.1,16.1,16.1,12.1,11.8
0.000129,12,16.1,16.1,16.1,16.1,16.1,16.2,16.1,16.1,16.1,16.1,11.7,16.1,16.1,16.1,16.1,16.1,16.1,16.1,16.1,16.1,10.9,16.1,16.1,16.1,16.1,16,16.1,16.1,16.1,16.1,8.3,16.1,16.1,16.1,16.1,16.1,16.1,16.1,16.1,16.1,8.26,16.1,16.2,16.2,16.1,16.1,16.1,16.1,16.1,16,8.3,16.1,16.1,16.1,16.1,16.1,16.1,16.1,16.1,16.2,9.3,16.1,16.1,16.1,16.1,16.1,16.1,16.1,16.1,16.1,11.4,16.1,16.1,16.1,16.1,16.1,16.1,16,16.1,16.1,11.8,16.1,16.1,16.1,16.1,16.1,16.1,16.1,16.1,16.1,11.8,16.1,16.1,16.1,16.1,16.1,16.1,12.2,11.8
0.00013,12,16.1,16.1,16.1,16.1,16.1,16.1,16.1,16.1,16.1,16.1,11.7,16.1,16.1,16.1,16.1,16.1,16.1,16.1,16.1,16,10.9,16,16.1,16.1,16,16.1,16.1,16.1,16.1,16.1,8.3,16.1,16.1,16.1,16.1,16.1,16.1,16.1,16.1,16.1,8.26,16.1,16.1,16.1,16.1,16.1,16.1,16.1,16.1,16.1,8.3,16.1,16.1,16.1,16.1,16.1,16.1,16.1,16.1,16.1,9.25,16.1,16.1,16.1,16.1,16.1,16.1,16.1,16.1,16.1,11.4,16.1,16.1,16.1,16.1,16.1,16.1,16.1,16.1,16.1,11.9,16.1,16.1,16.1,16.1,16.1,16.1,16.1,16.1,16.1,11.9,16.1,16.1,16.1,16.1,16.1,16,12.1,11.8
0.00013,12.1,16.1,16,16.1,16.1,16.1,16,16.1,16.1,16.1,16.1,11.7,16.1,16.1,16,16.2,16.1,16.1,16.1,16.1,16.1,10.9,16.1,16.1,16.1,16.1,16.1,16.1,16.1,16.1,16.1,8.3,16.1,16.1,16.1,16,16.1,16.1,16.1,16.2,16.1,8.26,16.1,16.1,16.1,16,16.1,16.1,16.1,16.1,16.1,8.26,16.2,16.1,16.1,16.1,16.1,16.1,16.1,16.1,16.1,9.3,16.1,16.1,16.1,16.1,16.1,16.1,16.1,16.1,16.2,11.4,16,16.1,16.1,16.1,16.1,16.1,16.1,16.1,16.1,11.9,16.1,16.1,16.1,16.1,16,16.1,16.2,16.1,16.1,12,16.1,16,16.1,16.1,16.1,16.1,12,11.9
0.00013,12.1,16.1,16,16,16.1,16.1,16.1,16.1,16.1,16.1,16.1,11.7,16.1,16.1,16.1,16.1,16.1,16.1,16.1,16.1,16.1,10.9,16,16.1,16.1,16.1,16.1,16.1,16.1,16.1,16.1,8.35,16.1,16.1,16.1,16.1,16.1,16.1,16.1,16.1,16.1,8.22,16.1,16.1,16,16.1,16.1,16.1,16.1,16,16.1,8.26,16,16.1,16.1,16.1,16.1,16.1,16.1,16.1,16.1,9.25,16.1,16.1,16.1,16.1,16.1,16.1,16.1,16.1,16.2,11.3,16.1,16.1,16.1,16.2,16.1,16.1,16.1,16.1,16.1,11.9,16.1,16.1,16.1,16.1,16,16.1,16.1,16.1,16.1,12,16.1,16.1,16.1,16.1,16.1,16.1,12,11.9
0.00013,12,16.1,16.1,16.1,16.1,16.1,16.1,16.1,16.1,16.1,16.1,11.8,16.1,16.1,16.1,16.1,16.2,16.1,16.1,16.1,16.1,10.8,16.1,16.1,16.1,16.1,16.1,16.1,16.1,16.1,16,8.39,16.1,16.1,16.1,16.1,16.1,16.1,16.1,16.1,16.1,8.3,16.1,16.1,16.2,16.1,16.1,16.1,16.1,16.1,16.1,8.3,16.1,16.1,16.1,16.1,16.1,16.1,16.1,16.1,16.1,9.3,16.1,16.1,16.1,16.1,16.1,16.1,16.1,16.1,16.1,11.4,16.1,16.1,16.2,16.1,16.1,16.1,16.1,16.1,16.1,11.9,16.1,16.1,16,16.1,16,16,16.1,16.1,16.1,12,16.1,16.1,16.1,16.1,16.1,16.1,11.9,12
0.00013,12,16.1,16.1,16.1,16.1,16.1,16.1,16.1,16.1,16.1,16.1,11.8,16.1,16.1,16.1,16.1,16.1,16.1,16,16.1,16.1,10.8,16.1,16.1,16.1,16.1,16.1,16.1,16.1,16.1,16.1,8.39,16.1,16.1,16.1,16.1,16.1,16.1,16.1,16.1,16.1,8.26,16.1,16.1,16.1,16.1,16.1,16,16.1,16.1,16.1,8.35,16.1,16.2,16,16.1,16.1,16.1,16.1,16.1,16.1,9.25,16.1,16.1,16.1,16.1,16.1,16.1,16.1,16.1,16.1,11.4,16.2,16.1,16.1,16.1,16,16.1,16.1,16.1,16.1,11.9,16.1,16.1,16.1,16.1,16.1,16.1,16.1,16.1,16.1,12,16.1,16.1,16.1,16.1,16.1,16.1,11.9,12
0.000131,12,16.1,16.1,16.1,16.1,16.1,16.2,16.1,16.1,16.1,16.1,11.8,16.1,16.1,16.1,16.1,16.1,16,16.1,16.1,16.1,10.8,16.1,16.1,16.1,16.2,16.1,16.1,16.1,16.1,16.1,8.39,16.1,16.1,16.1,16.2,16.1,16.1,16.1,16.1,16.1,8.26,16.1,16.1,16.1,16.1,16.1,16.1,16.1,16.1,16.1,8.26,16.1,16.1,16.1,16.1,16.1,16.1,16.1,16.1,16.1,9.25,16.1,16.1,16.1,16,16.1,16.1,16.1,16.1,16.1,11.5,16.1,16.1,16.1,16.1,16.2,16.1,16.1,16.1,16.1,12,16.1,16.1,16.1,16.1,16,16.1,16.1,16.1,16.1,12.1,16.1,16.1,16.1,16.1,16.1,16.1,11.9,12
0.000131,11.9,16.1,16.1,16.1,16.1,16.1,16.1,16.1,16.1,16.1,16.1,11.9,16.1,16.1,16.1,16.1,16.2,16.1,16.1,16.1,16.1,10.7,16.1,16.1,16.1,16.1,16.1,16.1,16.1,16.1,16.2,8.39,16.1,16.1,16.1,16.1,16.2,16.1,16.1,16.1,16.1,8.26,16.1,16.1,16.1,16.2,16.2,16.1,16.1,16.1,16.1,8.3,16.1,16.1,16.1,16.1,16.1,16.1,16.1,16.1,16.1,9.3,16.1,16.1,16.1,16.1,16.1,16.1,16.1,16.1,16.1,11.5,16.1,16.1,16.1,16.1,16.1,16.1,16.1,16.1,16.1,11.9,16.1,16.1,16.1,16.1,16.1,16.1,16.1,16.1,16.1,12.1,16.2,16.1,16.1,16.1,16.1,16.1,12,11.9
0.000131,11.9,16,16.1,16.1,16.1,16.1,16.1,16.1,16.1,16.1,16.1,11.8,16.2,16.1,16.1,16.2,16.1,16.1,16.1,16.2,16.1,10.7,16.1,16.1,16.1,16.1,16.1,16,16.2,16.1,16.1,8.39,16.1,16.1,16.2,16.1,16.1,16.1,16.1,16.1,16.1,8.26,16.1,16.1,16.1,16.1,16,16.1,16.1,16.1,16.1,8.3,16.1,16.1,16.1,16.1,16.1,16.1,16.1,16.1,16.1,9.34,16.1,16.1,16.1,16.1,16.1,16.1,16.1,16.1,16.1,11.6,16.1,16.1,16.1,16.1,16.1,16.1,16.1,16.1,16.1,12,16.1,16.1,16.1,16.1,16.1,16.1,16.2,16.1,16.1,12.1,16.1,16,16.1,16.1,16.1,16.1,11.9,11.9
0.000131,11.9,16.1,16.1,16.1,16.2,16,16.1,16.1,16.1,16.1,16.1,11.8,16.1,16.1,16.1,16.1,16.1,16.1,16.1,16.1,16.1,10.7,16.1,16.1,16,16.1,16.1,16.1,16.1,16.1,16.1,8.35,16.1,16.1,16.1,16.1,16.1,16.1,16.1,16.1,16.1,8.26,16.1,16.1,16.1,16.1,16.1,16.1,16.1,16.1,16.1,8.26,16.1,16.1,16.1,16.1,16.2,16.1,16.1,16.1,16.1,9.38,16.1,16.1,16.1,16.1,16.1,16.1,16.1,16.1,16.1,11.6,16.1,16.1,16.1,16.1,16.1,16.2,16.1,16.1,16.1,11.9,16.1,16.1,16.1,16.1,16.1,16.1,16.2,16.1,16.1,12,16.1,16.1,16.1,16.1,16.1,16.1,12,11.8
0.000131,12,16.1,16.1,16.1,16.1,16.1,16.1,16.1,16.1,16.1,16.1,11.8,16.1,16.1,16.1,16.1,16.1,16.1,16.1,16.2,16.1,10.8,16.1,16.1,16.1,16.1,16.1,16.1,16.1,16.1,16.2,8.35,16.1,16.1,16.1,16.1,16.1,16.1,16.1,16.1,16.1,8.22,16.1,16.1,16.1,16.1,16.1,16.1,16.2,16.2,16.2,8.26,16.1,16.1,16.1,16.1,16.1,16.1,16.1,16.1,16.1,9.43,16.1,16.1,16.1,16.1,16.1,16.1,16.1,16.1,16.1,11.6,16.1,16.1,16.1,16.1,16.1,16.1,16.1,16.2,16.1,11.8,16.1,16.1,16.1,16.1,16.1,16.1,16.1,16.1,16.1,12,16.1,16.1,16.1,16.1,16.1,16.1,12,11.8
0.000132,12,16.1,16.1,16.1,16.1,16.1,16.2,16.1,16.1,16.1,16.1,11.8,16.1,16.1,16.1,16.1,16.1,16.1,16.1,16.1,16.1,10.9,16.2,16.1,16.1,16.1,16.1,16.1,16.1,16.1,16.1,8.3,16,16.1,16.1,16.1,16.2,16.1,16.1,16.1,16.1,8.26,16.1,16.1,16.1,16.1,16.1,16.1,16.1,16.1,16.1,8.26,16.1,16.1,16.1,16.1,16.1,16.1,16.1,16.1,16.1,9.43,16.1,16.1,16.1,16.1,16.1,16.1,16.1,16.1,16.1,11.6,16.1,16.1,16.1,16.1,16,16.1,16.1,16.1,16.1,11.9,16.1,16.1,16.1,16.1,16.1,16.1,16,16.1,16.1,11.9,16.1,16.1,16.1,16.1,16.1,16,12.1,11.8
0.000132,12.1,16.1,16.1,16.1,16.1,16.1,16.1,16.1,16.1,16.2,16.1,11.8,16.1,16.2,16.1,16.1,16,16.1,16.1,16.1,16.1,10.9,16.1,16.1,16.2,16.1,16.1,16.1,16.1,16.1,16.1,8.3,16.1,16.1,16.1,16.1,16.1,16.1,16.1,16.1,16.1,8.3,16,16,16.1,16.1,16.1,16,16.1,16.2,16.1,8.3,16.1,16.1,16.1,16.1,16.1,16.1,16.1,16.1,16.1,9.43,16.1,16.1,16.1,16.1,16.1,16.1,16.1,16.2,16.1,11.5,16.1,16.1,16.1,16,16.1,16.1,16.1,16.1,16.1,11.8,16.1,16.1,16.1,16.1,16.1,16.1,16.1,16.1,16.1,12,16.1,16.2,16.1,16.1,16.1,16.1,12,11.8
0.000132,12.2,16.1,16.1,16,16.1,16,16.1,16.1,16.1,16.1,16.1,11.8,16.1,16.1,16.1,16.1,16.1,16.1,16.2,16.1,16.1,10.9,16.1,16.1,16.1,16.1,16.1,16.1,16.1,16.2,16.1,8.3,16.1,16.1,16.1,16.1,16.1,16.1,16.1,16.1,16.1,8.26,16.1,16.1,16.1,16.1,16.2,16.1,16.1,16.1,16.1,8.26,16,16.1,16.1,16.1,16.1,16.1,16.1,16.1,16.1,9.47,16.1,16.1,16.1,16.1,16.1,16.1,16.1,16.1,16.1,11.5,16.1,16.1,16.1,16,16.1,16.1,16.1,16.1,16.1,11.8,16.1,16.1,16.1,16.1,16.1,16.1,16.1,16.1,16.1,11.9,16.1,16.1,16.1,16.1,16.1,16.1,12,11.8
0.000132,12.2,16.1,16.1,16.1,16.1,16.1,16.1,16.1,16.1,16.1,16.1,11.8,16.1,16.1,16.1,16.1,16.1,16.1,16.1,16.1,16.1,10.9,16.1,16.1,16.1,16.1,16.1,16.1,16.2,16.1,16.1,8.35,16.1,16.1,16.1,16.1,16.1,16.1,16.1,16.1,16.1,8.26,16.1,16.1,16.1,16.1,16.1,16.1,16.1,16.1,16.1,8.3,16.1,16.1,16.1,16.1,16.1,16.1,16.1,16.1,16.1,9.47,16.1,16.1,16.1,16,16.2,16.1,16.1,16.1,16.1,11.5,16.1,16.1,16.1,16.1,16,16.1,16.1,16.1,16.1,11.8,16.1,16.1,16.1,16.1,16.1,16.1,16.1,16.1,16.1,11.8,16.2,16.1,16.1,16.1,16.1,16.1,12.1,11.9
0.000132,12.2,16.1,16.1,16.1,16.1,16.1,16,16.1,16.1,16.1,16.1,11.8,16.1,16.1,16.1,16.1,16.1,16.1,16.1,16.1,16.1,10.9,16.1,16,16.1,16.1,16.1,16.1,16.1,16.1,16.1,8.35,16.1,16.1,16.1,16.1,16.1,16.1,16.1,16.1,16.1,8.3,16.1,16.2,16.1,16.1,16.1,16.1,16.1,16.1,16.1,8.3,16,16.1,16.1,16.1,16.1,16.1,16,16.1,16.2,9.43,16.1,16,16.1,16.1,16.1,16.1,16.1,16.1,16.1,11.4,16.1,16.1,16.1,16.1,16.1,16.1,16.1,16.1,16.1,11.9,16.1,16.1,16.1,16.1,16.1,16.1,16.1,16.1,16.1,11.9,16.1,16.1,16.1,16.1,16.1,16.1,12,11.9
0.000133,12.2,16.1,16.1,16.1,16.1,16,16.1,16.1,16.1,16.1,16.1,11.8,16.1,16.1,16.1,16.1,16.1,16.1,16.1,16.1,16.1,10.9,16.1,16.1,16.1,16.1,16.1,16.1,16.1,16.1,16.1,8.35,16.1,16.1,16,16.1,16.1,16.1,16.1,16.1,16.1,8.26,16.1,16.1,16.1,16.2,16.1,16.1,16.1,16.1,16.1,8.3,16.1,16.1,16.1,16.1,16.2,16.1,16.1,16.2,16.1,9.43,16.1,16.1,16.1,16.1,16.1,16.1,16.1,16.1,16,11.4,16.1,16.1,16.1,16.1,16.1,16.1,16.1,16.1,16.1,12,16.1,16,16.1,16.1,16.1,16.1,16.1,16.1,16.1,11.9,16.1,16.1,16.1,16.1,16.1,16.1,12,12
0.000133,12.1,16.1,16.1,16.1,16.1,16.1,16.1,16.1,16.1,16.1,16.1,11.9,16.1,16.1,16.1,16.1,16.1,16.1,16.1,16.1,16.1,10.9,16.1,16.1,16.1,16.1,16.1,16.1,16.1,16.1,16.1,8.43,16.1,16.1,16.1,16.1,16.1,16.1,16.1,16.1,16.1,8.26,16.1,16.1,16.1,16.1,16.1,16.1,16.1,16.1,16.1,8.26,16.1,16.1,16.1,16.1,16.1,16.1,16.1,16.1,16.1,9.43,16.1,16.1,16,16.1,16.1,16.1,16.1,16.1,16.1,11.4,16.1,16.1,16.1,16.1,16.1,16.1,16,16.1,16.1,12,16.1,16.1,16.1,16.1,16.1,16.1,16.1,16.1,16.1,11.9,16.1,16.1,16.1,16.1,16.1,16.1,12,12
0.000133,12.1,16.1,16.1,16.1,16.1,16.1,16.1,16.1,16.1,16.1,16.1,11.8,16.1,16.1,16.1,16.1,16.1,16.1,16.1,16.1,16.1,10.9,16,16.1,16.1,16.1,16.1,16.1,16.1,16.1,16.1,8.43,16.1,16.1,16.1,16.1,16.1,16.1,16.1,16.1,16.1,8.3,16.1,16.1,16.1,16.1,16.1,16.1,16.1,16.1,16.1,8.26,16.1,16.2,16.1,16.1,16.1,16.1,16.1,16.1,16.1,9.38,16.1,16.1,16.1,16.1,16.1,16.1,16.1,16.1,16.1,11.4,16.1,16.1,16.1,16.1,16.1,16.1,16.1,16.1,16.1,12,16.1,16.1,16.1,16.1,16.1,16.1,16.1,16.1,16.1,12,16.1,16.1,16.1,16.1,16.1,16.1,11.9,11.9
0.000133,12,16,16.1,16.1,16.1,16,16.1,16,16.1,16.1,16.2,11.8,16.1,16.1,16.1,16.1,16.1,16.1,16.1,16.1,16.1,10.9,16.1,16.1,16.1,16.1,16.1,16.1,16.1,16.1,16.1,8.43,16.1,16.1,16.1,16.1,16.1,16.1,16.1,16,16.1,8.26,16.1,16.1,16.1,16.1,16.1,16.1,16.1,16.1,16.1,8.3,16.1,16.1,16.1,16.1,16.1,16.1,16.1,16.1,16.1,9.38,16,16.1,16.1,16.1,16.1,16.1,16.1,16.1,16.1,11.5,16.1,16.1,16.1,16.1,16.1,16.1,16.1,16.1,16.1,11.9,16,16.1,16,16.1,16.1,16.1,16.1,16.1,16.1,12.1,16.1,16.1,16.1,16.1,16.1,16.1,11.9,11.9
0.000133,12,16.1,16.1,16.1,16.1,16.1,16.1,16.1,16.1,16.1,16.1,11.8,16.1,16.1,16.1,16.1,16.1,16.1,16.1,16.1,16.1,10.9,16.1,16.1,16.1,16.1,16.1,16.1,16.1,16.1,16.2,8.43,16.1,16.1,16.1,16.1,16.1,16.1,16.1,16.1,16.1,8.3,16.1,16.1,16.1,16.1,16.1,16.1,16.1,16.1,16.1,8.3,16.1,16.2,16.1,16.1,16.1,16,16.1,16.1,16.1,9.38,16.1,16.1,16.1,16.1,16.1,16.1,16.1,16.2,16.1,11.5,16.1,16.1,16.1,16.1,16.1,16.1,16.1,16.1,16.1,11.9,16.2,16.1,16.1,16.1,16.1,16.1,16.1,16,16.1,12.1,16.1,16.1,16.1,16.1,16.1,16.1,11.9,12
0.000134,12,16.1,16.1,16.1,16.1,16.1,16.1,16.1,16.1,16.1,16.1,11.7,16.1,16.1,16.1,16.1,16.1,16.2,16.1,16.1,16.1,10.8,16.1,16.1,16.1,16.1,16.1,16.1,16.1,16.1,16.1,8.43,16.1,16.1,16.1,16.1,16.1,16.1,16.1,16.1,16.1,8.3,16.1,16.1,16.1,16,16.1,16.1,16.1,16.1,16.1,8.3,16.1,16.1,16.1,16.1,16.1,16.1,16.1,16.1,16.1,9.43,16.1,16.1,16.1,16.1,16.1,16.1,16.1,16.1,16.1,11.5,16.1,16.1,16.1,16.1,16.1,16.1,16.1,16.1,16.1,11.9,16,16.1,16.1,16.1,16.1,16.1,16.1,16.1,16.1,12.2,16.1,16.1,16.1,16.2,16.1,16.1,11.9,11.8
0.000134,11.9,16.1,16.1,16.1,16.1,16.1,16,16.1,16.1,16.1,16.1,11.7,16.1,16.1,16.2,16.1,16.1,16.1,16.1,16.1,16.1,10.9,16.1,16.1,16.1,16.1,16.1,16.1,16.1,16.1,16.1,8.48,16,16.1,16.1,16.1,16.1,16.1,16.1,16,16.1,8.26,16.1,16.1,16.1,16.1,16.1,16.1,16.1,16.1,16.1,8.3,16.1,16.2,16.1,16.1,16.1,16.1,16.1,16.1,16.1,9.47,16.1,16.1,16.1,16,16.1,16.1,16.1,16.1,16.1,11.5,16.1,16.1,16.1,16.1,16.1,16.1,16.1,16,16.1,11.9,16.1,16.1,16.1,16.1,16.1,16.1,16,16.1,16.1,12.2,16.1,16.1,16.1,16,16.1,16.1,12,11.8
0.000134,11.9,16.1,16.1,16.1,16.1,16.1,16.1,16.1,16.1,16.1,16.1,11.7,16.1,16.1,16.1,16.2,16.1,16.1,16.1,16.1,16.1,10.8,16.1,16.1,16.1,16.1,16,16.1,16,16.1,16.1,8.43,16.1,16.1,16.1,16.1,16.1,16.1,16.1,16.1,16.2,8.3,16.1,16.1,16.1,16.1,16.2,16.1,16,16.1,16.1,8.26,16.1,16.1,16.1,16.1,16.1,16.1,16.1,16.1,16.2,9.51,16.1,16.1,16.1,16.1,16.1,16.1,16.2,16.1,16.1,11.6,16.1,16.1,16.1,16.2,16.1,16.1,16.1,16.1,16.1,11.8,16.1,16.1,16.1,16.1,16.1,16.1,16.1,16.1,16.1,12.2,16.1,16.1,16.1,16.1,16.1,16.1,12,11.8
0.000134,12,16.1,16.2,16.1,16.1,16.1,16.1,16.1,16.1,16,16.1,11.8,16.1,16.1,16.2,16.1,16.1,16.1,16.1,16.1,16,10.8,16.1,16.2,16.1,16.1,16.1,16.1,16.1,16.1,16.1,8.39,16.1,16.1,16.1,16.1,16.1,16.1,16.1,16.1,16.1,8.26,16.1,16,16.1,16.1,16.1,16.1,16.1,16.1,16.1,8.26,16.1,16.1,16.1,16.1,16.1,16.1,16.1,16,16.1,9.56,16.1,16.1,16.1,16.1,16.1,16.1,16.1,16.1,16.1,11.5,16.1,16.1,16.1,16.1,16.1,16,16.1,16.1,16.1,11.8,16.1,16.1,16.1,16.1,16.1,16.1,16.1,16,16.1,12.1,16.1,16.1,16.1,16.1,16.1,16.1,12,11.9
0.000134,12,16.1,16.1,16.1,16.1,16.1,16,16,16,16,16.1,11.8,16.1,16.1,16.1,16.1,16.1,16.1,16.1,16.1,16.1,10.8,16.1,16.1,16.1,16.1,16.1,16.1,16.1,16.1,16.1,8.39,16.1,16.1,16.1,16.1,16.1,16.1,16.1,16.1,16.1,8.26,16.1,16.1,16.1,16.1,16.1,16.1,16.1,16.1,16.1,8.3,16.1,16.1,16.1,16.1,16.1,16.1,16.1,16.1,16.1,9.51,16.1,16.1,16.1,16.1,16.1,16.1,16.1,16.1,16.1,11.5,16.1,16,16.1,16.1,16.1,16.1,16.1,16.1,16.1,11.8,16.1,16.1,16.1,16.1,16,16.1,16.1,16.1,16.1,12,16.1,16.1,16.1,16.1,16.1,16.1,12,11.9
0.000135,12.1,16.1,16.2,16.1,16,16.1,16.1,16.1,16.1,16.1,16.1,11.8,16.1,16.1,16.1,16.1,16.1,16.1,16.1,16.1,16.1,10.9,16.1,16.1,16.1,16.1,16.1,16.1,16.1,16.1,16.1,8.39,16.1,16.1,16.2,16.1,16.1,16.1,16.1,16.1,16.1,8.26,16.1,16.1,16.1,16.1,16.1,16.1,16.1,16.1,16.1,8.26,16.1,16.1,16.1,16.1,16.1,16.1,16.1,16.1,16.1,9.6,16.1,16.1,16.1,16.1,16.1,16.1,16.1,16.1,16.1,11.5,16.1,16,16.1,16.1,16.1,16.1,16.1,16.1,16.1,11.9,16.1,16.1,16.1,16.1,16.1,16.1,16.1,16.1,16.1,11.9,16.1,16.1,16.1,16.1,16.1,16.1,12,11.9
0.000135,12.2,16.1,16.1,16.1,16.1,16.1,16.1,16.1,16.1,16.1,16.1,11.8,16.1,16,16.1,16.1,16.1,16.1,16.1,16.1,16.1,10.9,16.1,16.2,16.1,16.1,16.1,16.1,16.1,16.1,16.1,8.39,16.1,16.1,16.1,16.1,16.1,16.2,16.1,16.1,16.1,8.22,16.1,16.1,16.1,16.1,16.1,16.1,16.1,16.1,16.1,8.22,16.1,16,16.1,16.1,16.1,16.1,16.1,16.1,16,9.56,16.1,16.1,16.1,16.1,16.1,16.1,16,16.1,16.1,11.5,16.1,16.1,16.1,16.1,16.1,16.1,16.1,16.1,16.1,11.8,16.1,16,16.1,16.1,16.1,16.1,16.1,16.1,16.1,11.9,16.2,16.1,16,16.1,16.1,16.1,12.1,11.8
0.000135,12.1,16.1,16.1,16.1,16.1,16.1,16.1,16.1,16.1,16.2,16.1,11.8,16.1,16.1,16.1,16.1,16.1,16.1,16.1,16.1,16.1,10.9,16.1,16.1,16.2,16.1,16.1,16.1,16.1,16.1,16.1,8.35,16.1,16.1,16.1,16.1,16.1,16.1,16.1,16.1,16.1,8.3,16,16.1,16.1,16.1,16.1,16.1,16.1,16.2,16.1,8.26,16.1,16.1,16.1,16.1,16.1,16.1,16.1,16.1,16.1,9.47,16.1,16.1,16.1,16,16.1,16.1,16.1,16.1,16.1,11.5,16.1,16.2,16.1,16,16.1,16.1,16.1,16.1,16.1,11.8,16.1,16.1,16.1,16.1,16.1,16.1,16.1,16.1,16.1,11.8,16.1,16.1,16.1,16.1,16.1,16.1,12.2,11.9
0.000135,12.1,16.1,16.1,16.1,16.1,16.1,16.1,16.1,16.1,16.1,16.1,11.8,16.1,16,16.1,16.1,16.1,16.1,16.1,16.1,16.1,10.9,16.1,16.1,16.1,16.1,16.1,16.1,16,16.1,16.1,8.43,16.1,16.1,16,16.1,16.1,16.1,16.1,16.1,16.1,8.3,16.1,16.1,16.1,16.1,16.1,16,16.1,16.1,16.1,8.3,16.1,16.1,16.1,16.1,16.2,16.1,16.1,16.1,16.1,9.43,16.1,16.1,16.1,16.1,16.1,16.1,16.1,16.1,16.1,11.5,16.1,16.1,16.1,16.1,16.1,16.1,16.1,16.1,16.1,11.9,16.1,16.1,16.1,16.1,16.2,16.1,16.1,16.1,16.1,11.8,16.1,16.2,16.1,16.1,16.1,16.1,12.2,11.9
0.000135,12.2,16.1,16.1,16.1,16.1,16.1,16.1,16.1,16.1,16.1,16.1,11.8,16,16.1,16.1,16.1,16.1,16.1,16.1,16.1,16.1,11,16.1,16.1,16.1,16,16.1,16.1,16.1,16,16.1,8.43,16.1,16.1,16.1,16.1,16.1,16.1,16.1,16.1,16.1,8.22,16.1,16.1,16.1,16.1,16.1,16.1,16.1,16.1,16.1,8.26,16.2,16.1,16.1,16.1,16.1,16,16.1,16.1,16.1,9.43,16.1,16.1,16.1,16.1,16.1,16.1,16.1,16.1,16.1,11.5,16.1,16.1,16.1,16.1,16.1,16.1,16.1,16.1,16.1,11.9,16.1,16.1,16.1,16.1,16.1,16.1,16.1,16.1,16.1,11.9,16.1,16.1,16.1,16.1,16.1,16.1,12.1,11.8
0.000136,12.1,16.1,16.1,16.1,16.1,16.1,16.1,16.1,16.1,16.1,16.1,11.8,16.1,16.1,16.1,16.1,16.1,16.1,16.1,16.1,16.1,10.9,16.1,16.1,16.1,16.1,16.1,16.1,16.1,16.1,16.1,8.48,16.1,16.1,16.1,16.1,16.1,16.1,16.1,16.1,16.1,8.3,16.1,16.1,16.1,16.2,16.1,16.2,16.1,16.1,16.2,8.26,16.1,16.1,16.1,16.1,16.1,16.1,16,16.1,16.1,9.38,16.1,16.1,16.1,16.1,16.1,16.1,16.1,16.1,16.1,11.5,16.1,16,16.1,16.1,16,16.1,16.1,16.1,16.1,11.9,16.1,16.1,16.1,16.1,16.1,16.1,16.1,16,16.1,12,16.1,16.1,16.1,16.1,16.2,16.1,12,11.9
0.000136,12.1,16.1,16.1,16,16.1,16.1,16.1,16.1,16.1,16.1,16.2,11.7,16.1,16.1,16.1,16.1,16.1,16.1,16.1,16.1,16.1,10.9,16.1,16.1,16.1,16.1,16.1,16,16.1,16.1,16.1,8.43,16.1,16.1,16.1,16.1,16.1,16.1,16.1,16.1,16.1,8.3,16.1,16.1,16.1,16.1,16,16.1,16.1,16.1,16.1,8.3,16.1,16.1,16.1,16.1,16.1,16.1,16.1,16.1,16.1,9.43,16.1,16.1,16.1,16.1,16.1,16.1,16.1,16.1,16.1,11.5,16.1,16.1,16.1,16.1,16.1,16.1,16,16.1,16.1,11.9,16.1,16.1,16.1,16.1,16.1,16.1,16.1,16.1,16.1,12,16,16.1,16.2,16.1,16.1,16.1,12,11.9
0.000136,12,16.1,16.1,16.1,16.1,16.1,16.1,16.1,16,16.1,16.1,11.7,16.1,16.1,16.1,16.2,16.1,16.1,16,16.1,16,10.8,16.1,16.1,16.1,16.1,16.1,16.1,16.1,16.1,16.1,8.48,16.1,16.1,16.1,16.1,16.1,16.1,16.1,16.1,16.1,8.26,16.2,16.1,16,16.1,16.1,16.1,16.1,16.1,16.1,8.3,16.1,16.1,16.1,16,16.1,16.1,16.1,16.1,16.1,9.47,16.1,16.1,16.1,16.1,16.1,16.1,16.1,16.1,16.1,11.5,16.1,16.1,16.1,16.1,16.1,16.1,16.1,16.1,16.1,12,16.1,16.1,16.1,16.1,16.1,16.1,16,16.1,16.1,12.1,16.1,16.1,16.1,16.1,16.1,16.1,11.9,11.9
0.000136,12,16.1,16.1,16.1,16,16.1,16.1,16.1,16.1,16.1,16.1,11.7,16.1,16.1,16.1,16.1,16,16.1,16.1,16.1,16.1,10.8,16.1,16.1,16.1,16.1,16.1,16.1,16.1,16.1,16.1,8.43,16.1,16.1,16.1,16.1,16.1,16.1,16.1,16.1,16.1,8.3,16.1,16.1,16.1,16.1,16.1,16.1,16.1,16.1,16.1,8.3,16.1,16.1,16.1,16.1,16.1,16.1,16.1,16.1,16.1,9.56,16.1,16.1,16.1,16.1,16.1,16.1,16.1,16.1,16.1,11.5,16.1,16.1,16.1,16.1,16.1,16.1,16.1,16.1,16.1,12,16.1,16.1,16.1,16.1,16.1,16.1,16.1,16,16.1,12.2,16.1,16.1,16,16.1,16,16.1,11.8,11.9
0.000136,12,16,16.1,16.1,16.1,16.1,16.1,16.1,16.1,16.1,16.1,11.6,16.1,16.1,16.1,16.1,16.1,16.1,16.1,16.1,16.1,10.8,16.1,16.1,16.1,16.1,16.1,16.1,16.1,16.1,16.1,8.48,16.1,16.1,16.1,16.1,16.1,16.1,16,16.1,16.1,8.26,16.1,16.1,16.1,16.1,16.1,16.1,16.1,16.1,16.1,8.3,16.1,16.1,16.1,16.1,16.1,16.2,16.1,16.1,16.1,9.6,16.1,16.1,16.1,16.1,16.2,16.1,16.1,16.1,16.1,11.5,16.1,16.1,16.1,16.1,16.1,16.1,16.1,16.1,16.1,12,16.1,16.1,16.1,16.1,16.1,16.1,16.1,16.1,16.1,12.2,16.1,16.1,16.1,16.2,16.1,16,11.8,11.9
0.000137,12,16.1,16.1,16.1,16.1,16.1,16.1,16.1,16.1,16.1,16.1,11.7,16,16.1,16.1,16.1,16.1,16.1,16.1,16.1,16.1,10.8,16.1,16.1,16.1,16.1,16.1,16.1,16.1,16.1,16.1,8.43,16.1,16.1,16.1,16.1,16.1,16.1,16.1,16.1,16.1,8.26,16.1,16.2,16.1,16.1,16.1,16.2,16.1,16.1,16.1,8.3,16.1,16.1,16.1,16.1,16.2,16.1,16.1,16.1,16.1,9.64,16.1,16,16.1,16.1,16,16.1,16.1,16.1,16.1,11.5,16.1,16.1,16.1,16.1,16.1,16.1,16.1,16.1,16.1,12,16.1,16.1,16.1,16.1,16.1,16.1,16.1,16.1,16.1,12.2,16.1,16.1,16.1,16.1,16.1,16.1,11.9,11.9
0.000137,12.1,16,16.1,16,16.1,16.1,16.1,16.1,16.1,16.1,16.1,11.7,16.1,16.1,16.1,16,16.1,16.1,16.1,16.1,16.1,10.8,16.1,16.1,16.1,16.1,16.1,16.2,16.1,16.1,16,8.52,16.1,16.1,16.1,16.1,16,16.1,16.1,16.1,16.1,8.26,16.1,16.1,16.1,16.1,16.1,16.1,16.1,16.1,16.1,8.26,16.1,16.1,16.1,16.1,16.1,16.1,16.1,16.1,16.1,9.69,16.1,16.1,16.1,16.1,16.1,16.1,16.1,16.1,16.1,11.5,16.1,16.1,16.1,16.1,16.1,16.1,16.1,16.1,16.1,11.9,16.1,16.1,16.1,16,16.1,16.1,16.1,16.1,16,12.1,16.1,16.1,16.1,16.1,16.1,16.1,11.9,11.9
0.000137,12.1,16.1,16.1,16.1,16,16.1,16.1,16.1,16.1,16.2,16.1,11.8,16.1,16.1,16.1,16.1,16.1,16.1,16.1,16.1,16,10.9,16.1,16.1,16.1,16.1,16.1,16.1,16.1,16,16.1,8.48,16.1,16.1,16.1,16.1,16.1,16.1,16.1,16,16.1,8.3,16.1,16.1,16.1,16.2,16.1,16.1,16.1,16.1,16.1,8.26,16.1,16.1,16.1,16.1,16.1,16.2,16.1,16.1,16.1,9.64,16.1,16.1,16.1,16.1,16.1,16.1,16.1,16.1,16.1,11.5,16.1,16,16.1,16.1,16.1,16.1,16.1,16.1,16.1,11.8,16.1,16.1,16.1,16.1,16.1,16.1,16.1,16.1,16.1,12.1,16,16.1,16,16.1,16.1,16,12,11.9
0.000137,12.1,16.1,16.1,16.1,16.1,16.1,16.1,16.1,16.1,16.1,16.1,11.8,16.1,16.1,16.1,16.1,16.1,16.1,16.1,16.1,16.1,11,16.1,16.1,16.1,16.1,16.1,16.1,16.1,16.1,16.1,8.48,16.1,16,16.1,16.1,16.1,16.1,16.1,16.1,16.1,8.26,16.1,16.1,16.1,16.1,16.1,16.2,16.2,16.1,16.1,8.26,16.1,16.1,16.2,16.1,16.1,16.1,16.1,16.1,16.1,9.69,16.1,16.1,16.1,16.1,16.1,16.1,16.1,16.1,16.1,11.5,16.1,16.1,16,16.1,16.1,16.1,16.1,16.1,16.1,11.8,16.1,16.1,16.1,16.1,16.1,16.1,16.1,16.1,16.1,12,16.1,16.1,16.1,16.1,16.1,16.1,12.1,11.8
0.000137,12.1,16.1,16.1,16.1,16.1,16.1,16.1,16.1,16.1,16.1,16.1,11.8,16,16.1,16.1,16.1,16.1,16.1,16.1,16.1,16.1,11,16.1,16.1,16.2,16.1,16.1,16.1,16.1,16.1,16.1,8.48,16.1,16.1,16.1,16.1,16.1,16.1,16.1,16.1,16.1,8.26,16.1,16.1,16.1,16.1,16.1,16.1,16.1,16.1,16.1,8.26,16,16.1,16.1,16.1,16.1,16.1,16,16.1,16.1,9.69,16.1,16.1,16.1,16.1,16.1,16.1,16.1,16.1,16,11.6,16.1,16.1,16.1,16.1,16.1,16.1,16.1,16.1,16.1,11.8,16.1,16.1,16.1,16.1,16.1,16.1,16.1,16,16,12,16.1,16,16.1,16.1,16.1,16.2,12.2,11.8
0.000138,12.1,16.1,16.1,16.1,16,16.1,16.1,16.1,16.1,16.1,16.1,11.8,16.1,16.1,16.1,16.1,16.1,16.1,16.1,16.1,16.1,11,16.1,16.1,16.1,16.1,16.1,16.1,16.1,16.1,16.1,8.43,16.1,16,16.1,16.1,16.1,16.1,16,16.1,16.1,8.26,16.1,16.1,16.1,16.1,16.1,16.1,16.1,16.1,16.1,8.22,16.1,16.1,16.1,16.1,16.1,16.1,16.1,16.2,16.1,9.64,16.1,16.1,16.1,16.1,16.1,16.1,16.1,16.1,16.1,11.5,16.1,16.1,16.1,16.1,16.1,16.1,16.1,16.1,16.1,11.8,16.1,16.1,16.1,16.1,16.1,16.1,16,16.1,16.1,12,16.1,16.1,16.1,16.1,16.1,16.1,12.2,11.8
0.000138,12.1,16.1,16.1,16,16.1,16.1,16.1,16.1,16.1,16.1,16.1,11.8,16,16.1,16.1,16.1,16.1,16.1,16.1,16.1,16.1,11.1,16.1,16.1,16.2,16.1,16.1,16.1,16.1,16.1,16.1,8.43,16.1,16.1,16,16.1,16.1,16.1,16.1,16.1,16.1,8.3,16.1,16.1,16.1,16.1,16.1,16.1,16.1,16.1,16.1,8.35,16.1,16.1,16.1,16,16.1,16.1,16.1,16,16.1,9.69,16.1,16.1,16.1,16.1,16.1,16.1,16.1,16.1,16.1,11.5,16.1,16.1,16.1,16.1,16.1,16.1,16.1,16.1,16.1,11.8,16,16.1,16.1,16.1,16.1,16.1,16.1,16.1,16.1,12,16.1,16.1,16.1,16.1,16.1,16,12.3,11.8
0.000138,12.1,16.2,16.1,16,16.1,16.1,16.1,16.1,16.1,16.1,16.1,11.8,16.1,16.1,16,16.1,16.1,16.1,16.1,16.1,16.1,11.1,16.1,16.1,16.1,16.1,16.1,16.1,16.1,16.1,16,8.43,16.1,16,16.1,16.1,16.1,16,16.1,16.2,16.1,8.3,16.1,16.2,16.1,16.1,16.1,16.1,16.1,16.1,16.1,8.3,16.1,16.1,16.1,16.1,16.1,16.1,16.1,16.1,16.1,9.69,16.1,16,16.1,16.1,16.1,16.1,16.1,16.1,16.1,11.5,16.1,16,16.1,16.1,16.1,16.1,16,16.1,16.1,11.8,16.1,16,16.1,16.1,16.1,16.1,16.1,16.1,16.1,11.9,16.1,16.1,16.1,16.1,16.1,16.1,12.2,11.9
0.000138,12.1,16.1,16.1,16.1,16.1,16.1,16.1,16.1,16.1,16.1,16.1,11.8,16.1,16.1,16.1,16.1,16.1,16.1,16.1,16.1,16.1,11,16.1,16.1,16.1,16,16.1,16.1,16,16.1,16.1,8.48,16.1,16.1,16.1,16.1,16.1,16.1,16.1,16.1,16.1,8.3,16.1,16.1,16.1,16.1,16.1,16.1,16.1,16.1,16.1,8.35,16.1,16.1,16.1,16.1,16.1,16,16.1,16.1,16.1,9.64,16.1,16.1,16.1,16.1,16.1,16.1,16.1,16.1,16.1,11.5,16.1,16.1,16.1,16.1,16.1,16.1,16.1,16.1,16.1,11.8,16.1,16.1,16.1,16.1,16.1,16.1,16.1,16.1,16.1,11.9,16,16.1,16.1,16.1,16.1,16.1,12.2,11.9
0.000138,12,16.1,16.1,16.1,16.1,16.1,16.1,16.1,16.1,16.1,16.1,11.8,16.1,16.1,16.1,16.1,16.1,16.1,16,16.1,16.1,10.9,16.1,16,16.1,16.1,16.1,16.1,16.1,16.1,16.1,8.48,16.1,16.1,16.1,16.1,16.1,16.1,16.1,16.1,16.1,8.22,16.1,16.1,16.1,16.1,16.1,16.1,16.1,16.1,16.1,8.3,16.1,16.1,16.2,16.1,16.1,16.1,16.1,16.1,16.1,9.6,16.1,16.1,16,16.1,16.1,16.1,16.1,16.1,16.1,11.5,16.1,16,16,16.1,16.1,16.1,16.1,16.1,16.1,11.9,16.1,16.1,16.1,16.1,16.1,16.1,16,16.1,16.1,11.9,16.1,16.1,16.1,16.1,16.1,16.1,12.1,11.9
0.000139,12,16.2,16.1,16.1,16.1,16.1,16.1,16.1,16.1,16.1,16.1,11.7,16.1,16,16.1,16.1,16.1,16.1,16.1,16.1,16.1,10.9,16,16.1,16.1,16.1,16.1,16.1,16.1,16.1,16.1,8.48,16.1,16.1,16.1,16.1,16.1,16.1,16,16.1,16,8.26,16.1,16.1,16.1,16.1,16.1,16.2,16.1,16.1,16.2,8.3,16.1,16.1,16.2,16.1,16.1,16.1,16.1,16.1,16.1,9.64,16.1,16.1,16,16.1,16.1,16.1,16.1,16.1,16.1,11.5,16.1,16.1,16.1,16.1,16.1,16.1,16,16.1,16.1,11.9,16.1,16.1,16.1,16.1,16.1,16.1,16.1,16.1,16.1,12,16.1,16.1,16.1,16.1,16.1,16.1,12,12
0.000139,12,16.1,16.1,16.1,16.1,16.1,16.1,16,16.1,16,16.1,11.8,16,16.1,16.1,16.1,16.1,16.1,16.1,16.1,16.1,10.8,16,16.2,16.1,16.1,16,16.1,16.1,16.1,16.1,8.52,16.1,16.1,16.1,16,16.1,16.1,16.1,16.1,16.1,8.26,16.1,16.1,16.1,16.1,16.1,16.1,16.1,16.1,16.1,8.3,16.1,16.1,16.1,16.1,16.1,16.1,16,16.1,16,9.64,16.2,16.1,16.1,16.1,16.1,16.2,16.1,16.1,16.1,11.4,16.1,16.1,16.1,16,16.1,16.1,16.1,16.1,16.1,11.9,16.1,16.1,16.1,16.1,16.1,16.1,16.1,16.1,16.1,12,16.1,16.1,16.1,16.1,16.1,16.1,12,11.9
0.000139,12.1,16.1,16.1,16.1,16.1,16.1,16.2,16,16.1,16.1,16.1,11.7,16.1,16.1,16.1,16,16.1,16.1,16.1,16.1,16.1,10.9,16.1,16.1,16.1,16.1,16.1,16.1,16.1,16.1,16.1,8.52,16.1,16.1,16.1,16.1,16.1,16.1,16.1,16.1,16.1,8.26,16.1,16.1,16.2,16.1,16.1,16.1,16.1,16.1,16.2,8.35,16.1,16.1,16.2,16.1,16.1,16.1,16.1,16.1,16,9.64,16.1,16.1,16.1,16.1,16.1,16.1,16.1,16.1,16.1,11.4,16.1,16.1,16.1,16.1,16.1,16,16.1,16.1,16.1,11.9,16.1,16,16.1,16.1,16.1,16.1,16.1,16.1,16.1,12.1,16.1,16.1,16.1,16.1,16.1,16.1,11.9,11.9
0.000139,12,16.1,16.1,16.1,16.1,16.1,16.1,16.1,16.1,16.1,16.1,11.8,16.1,16.1,16.1,16.1,16.1,16.1,16.1,16.1,16.1,10.9,16.1,16.1,16.1,16.1,16.1,16.1,16.1,16.1,16.1,8.52,16,16.1,16.1,16.1,16.1,16.1,16.1,16.1,16.1,8.3,16.1,16.1,16.1,16.2,16,16.1,16.1,16.1,16.1,8.3,16.1,16.1,16.1,16.1,16.1,16.1,16.1,16.1,16.1,9.69,16.1,16.1,16.1,16.1,16.1,16.1,16.1,16.1,16.1,11.4,16.1,16,16.1,16.1,16.1,16,16.1,16.1,16.1,11.9,16.1,16.1,16.1,16.1,16.1,16.1,16,16.1,16.1,12.2,16.1,16.1,16.1,16.1,16.1,16.1,11.9,11.9
0.000139,12,16.1,16.1,16.1,16.1,16.1,16,16.1,16.1,16.1,16.1,11.7,16,16.1,16.1,16.1,16.1,16.1,16.1,16.1,16.1,10.9,16.1,16.1,16.1,16.1,16.1,16.1,16.1,16.1,16.1,8.52,16.1,16.1,16.1,16.1,16.1,16.1,16.1,16.1,16.1,8.3,16.1,16.1,16.1,16.1,16.1,16.1,16.1,16.1,16.1,8.3,16.1,16.1,16.1,16.1,16.1,16.1,16,16.1,16.1,9.73,16,16.1,16,16.1,16.1,16.1,16.1,16.1,16.1,11.4,16.1,16.1,16.1,16,16,16.1,16.1,16.1,16.1,11.9,16.1,16.1,16,16.1,16.1,16.1,16.1,16.1,16.1,12.1,16.1,16,16.1,16.1,16.1,16.1,11.9,11.9
0.00014,12,16.1,16.1,16.1,16.1,16.1,16.1,16.1,16.1,16.1,16.1,11.8,16.1,16.1,16.1,16.1,16,16.1,16.1,16.1,16.1,10.9,16.1,16.1,16.1,16,16.1,16.1,16.1,16.1,16.1,8.48,16.1,16,16.1,16.1,16.1,16.1,16.1,16.1,16.1,8.3,16,16,16.1,16.1,16.1,16.1,16.1,16.1,16.1,8.3,16.1,16.2,16.1,16.1,16.1,16,16.1,16.1,16.1,9.73,16.1,16.1,16.1,16.1,16.1,16.1,16.1,16.1,16.1,11.4,16.1,16.1,16.1,16.1,16.1,16.1,16.1,16.1,16.1,11.9,16.1,16.1,16.1,16.1,16.1,16.1,16.1,16.1,16.1,12.1,16.1,16.1,16.1,16.1,16.1,16.1,12,11.9
0.00014,12,16.1,16.1,16.1,16.1,16.1,16.1,16.1,16.2,16.1,16.1,11.8,16.1,16.1,16.1,16.2,16.1,16.1,16.1,16.1,16.1,11,16.1,16.1,16.1,16.2,16,16.1,16.1,16.1,16.1,8.52,16.1,16.1,16.1,16.1,16.1,16.1,16.1,16.1,16.1,8.3,16,16.1,16.1,16.1,16.1,16.1,16.1,16.1,16.1,8.3,16.1,16.1,16.1,16.1,16.1,16.1,16.1,16.1,16.1,9.73,16.1,16.1,16.2,16.1,16.1,16.1,16,16.1,16.1,11.4,16.1,16.1,16.1,16.1,16.1,16.1,16.1,16.1,16.1,11.9,16.1,16.2,16.1,16.1,16.1,16.1,16.1,16.1,16.1,12.1,16.1,16.1,16.1,16.1,16.1,16.1,12,11.9
0.00014,12,16.1,16.1,16.1,16.1,16.1,16.1,16.1,16.1,16.1,16.1,11.8,16.1,16.1,16.1,16.1,16,16.1,16.1,16.1,16.1,11,16.2,16,16.1,16.1,16,16.1,16.1,16.1,16.1,8.52,16.1,16.1,16.1,16.1,16.1,16.1,16.1,16,16.1,8.35,16.1,16.1,16,16.1,16.1,16.1,16.1,16.1,16.1,8.3,16.1,16.1,16.1,16.1,16.1,16.1,16.1,16.1,16.1,9.73,16,16.1,16.1,16.1,16.1,16.1,16.1,16.1,16.1,11.5,16.1,16.1,16.1,16.1,16.1,16.1,16.1,16.1,16.1,11.9,16.1,16.1,16,16.1,16,16.1,16.1,16.1,16.1,12,16.1,16.1,16.1,16.1,16.1,16.1,12,11.9
0.00014,12.1,16.1,16.1,16.1,16.1,16,16.1,16.2,16.1,16.1,16.1,11.8,16.1,16.1,16.1,16.1,16.1,16.1,16.1,16.1,16,11,16.1,16.1,16.1,16,16.2,16.1,16.1,16.1,16.1,8.52,16.1,16.2,16.1,16.1,16.1,16.1,16.1,16.1,16,8.35,16.1,16.1,16.1,16.1,16.1,16.1,16.1,16.1,16.1,8.22,16.1,16.1,16.1,16.1,16.1,16.1,16.1,16.1,16.1,9.77,16.1,16.1,16.1,16.1,16.1,16.1,16.1,16.1,16.1,11.5,16.1,16.1,16.1,16.1,16.1,16.1,16.1,16.1,16,11.9,16.1,16.1,16.1,16.1,16.1,16.1,16.1,16.1,16.1,11.9,16.1,16.1,16.1,16.1,16.1,16.1,12,11.9
0.00014,12.1,16.1,16.1,16.2,16.1,16.1,16.1,16.1,16.1,16.1,16.1,11.8,16.1,16.1,16.1,16.1,16.1,16.1,16.1,16.1,16.1,11.1,16,16.1,16.1,16.1,16.1,16.1,16.1,16.1,16.1,8.48,16.1,16.1,16.1,16,16.1,16.1,16.1,16.1,16.1,8.3,16,16.1,16.1,16.1,16.1,16.1,16.1,16.1,16.1,8.26,16,16.1,16.1,16.1,16.1,16.1,16.1,16.1,16.1,9.86,16.1,16.1,16.1,16.1,16.1,16,16.1,16.1,16.1,11.5,16.1,16.1,16.1,16.1,16.1,16.1,16.1,16.1,16.1,11.9,16.1,16.1,16.1,16.1,16.1,16.1,16.1,16.1,16.1,11.9,16.1,16,16.1,16.1,16.1,16.1,12.1,12
0.000141,12.1,16.1,16.1,16.1,16.1,16.1,16.1,16.1,16.1,16.1,16.1,11.8,16.1,16.1,16.1,16.1,16.1,16.1,16.1,16,16.1,11,16.1,16,16.1,16.1,16.1,16.1,16.1,16.1,16.1,8.52,16.1,16.1,16.1,16.1,16.1,16.1,16.1,16.1,16.1,8.26,16.1,16.1,16.1,16.1,16.1,16.1,16.1,16.1,16.1,8.26,16,16.1,16.1,16.2,16.1,16.1,16.1,16.1,16.1,9.82,16.1,16,16.1,16.1,16.1,16.1,16.1,16.1,16.1,11.6,16.1,16.1,16.1,16.1,16.1,16,16.1,16.1,16.1,11.9,16.1,16.1,16.1,16.1,16.1,16.1,16,16.1,16.1,11.8,16.1,16.1,16.1,16.1,16,16.1,12.1,11.9
0.000141,12.1,16.1,16.1,16.1,16.1,16.1,16.1,16.1,16.1,16.1,16.1,11.8,16.1,16.1,16.1,16.1,16.1,16.1,16.1,16,16.1,11,16.1,16.1,16.1,16.1,16,16.1,16,16.1,16.1,8.52,16.1,16.1,16.1,16,16.1,16.1,16.1,16.1,16.1,8.26,16.1,16.1,16.1,16.1,16.1,16.1,16.1,16.1,16.1,8.26,16.1,16.1,16.1,16.1,16.1,16.1,16.1,16.1,16,9.77,16.1,16.1,16.1,16.1,16.1,16.1,16.1,16.1,16.1,11.6,16.1,16.1,16.1,16.1,16.1,16.1,16.1,16.1,16.1,11.9,16.1,16.1,16.1,16.1,16.1,16.1,16.1,16,16.1,11.8,16.1,16.1,16.1,16,16.2,16,12.1,11.9
0.000141,12.2,16.1,16.1,16.1,16.1,16.1,16.1,16.1,16.1,16.1,16.1,11.8,16.1,16.1,16.1,16.1,16,16.1,16.1,16.1,16.1,11,16.1,16.1,16.1,16.1,16.1,16.1,16.1,16.1,16,8.56,16.1,16,16.1,16.1,16.1,16.1,16.1,16.1,16.1,8.26,16.1,16.1,16.1,16,16.1,16.1,16.1,16.1,16.1,8.26,16.1,16.1,16.1,16.1,16.1,16.1,16.1,16.1,16.1,9.73,16.2,16.1,16.1,16.2,16.1,16.1,16.1,16.1,16.1,11.6,16.1,16.1,16.1,16.1,16.1,16.1,16.1,16.1,16,11.8,16,16.1,16.1,16.1,16.1,16.1,16.1,16.1,16.1,11.8,16.1,16.1,16.1,16.1,16.1,16.1,12.1,11.9
0.000141,12.2,16.1,16.1,16.1,16.1,16.1,16.1,16.1,16,16.1,16.1,11.8,16,16.1,16.1,16.2,16.1,16.1,16.1,16.1,16.1,10.9,16,16.1,16.1,16,16.1,16.1,16.1,16.1,16.1,8.65,16.1,16.1,16.1,16.1,16.1,16.1,16.1,16.1,16.1,8.26,16.1,16.1,16.1,16.1,16.1,16.1,16.1,16.1,16.1,8.3,16.1,16.1,16.1,16.1,16.1,16.1,16.1,16.1,16.1,9.73,16.1,16.1,16.1,16.1,16.1,16.1,16.1,16.1,16.1,11.6,16.1,16.1,16.1,16.1,16.1,16.1,16.1,16.1,16.1,11.9,16.1,16.1,16.1,16.1,16.1,16.1,16.1,16.1,16.1,11.9,16.1,16.1,16.1,16.1,16.1,16.1,12,11.8
0.000141,12,16,16.1,16.1,16.1,16.1,16.1,16,16.1,16.1,16.1,11.8,16.1,16.1,16.1,16.1,16.1,16.1,16.1,16.1,16.1,11,16.1,16.1,16.1,16.1,16.1,16.1,16.1,16.1,16.1,8.69,16.1,16.2,16.1,16.1,16.1,16.1,16.1,16.1,16.1,8.22,16.1,16.1,16.1,16.1,16.1,16.1,16.1,16.1,16.1,8.3,16.1,16.1,16.1,16.1,16.1,16.1,16.1,16.1,16.1,9.73,16.1,16,16.1,16.1,16.1,16.1,16.1,16.1,16.1,11.6,16.1,16,16.1,16.1,16.1,16.1,16.1,16.1,16,11.9,16.1,16.1,16.1,16.1,16.1,16.1,16.1,16.1,16.1,11.9,16.1,16.1,16.1,16.1,16.1,16.1,12,11.8
0.000142,12.1,16.1,16.1,16.1,16.1,16.1,16.1,16.1,16.1,16.1,16.1,11.8,16.1,16.1,16.1,16.1,16.1,16.1,16.1,16.1,16.1,10.9,16.1,16.1,16.1,16.1,16.1,16.1,16.1,16.1,16.1,8.69,16.1,16.1,16.1,16.1,16.1,16.1,16.1,16.1,16.1,8.3,16.1,16.1,16.1,16.1,16.1,16.1,16.1,16.1,16.1,8.3,16.1,16.1,16.1,16.1,16.1,16.1,16.1,16.1,16.1,9.73,16.1,16.1,16.1,16.1,16,16.1,16.1,16.1,16.1,11.5,16.1,16,16.1,16.1,16.1,16.1,16.1,16.1,16.1,12,16.1,16.1,16.1,16.1,16.1,16.1,16.1,16.1,16.1,11.9,16.1,16.1,16.1,16.1,16.1,16.1,11.9,11.9
0.000142,12,16.1,16.1,16.2,16.1,16.1,16.1,16,16.1,16.1,16.1,11.8,16.1,16.1,16.1,16.1,16.1,16.1,16.1,16.1,16.1,10.9,16.1,16.1,16.1,16.1,16.1,16.1,16,16.1,16.1,8.74,16.1,16.1,16.2,16.1,16.1,16.1,16.1,16.1,16.1,8.26,16.1,16.1,16.1,16.1,16.1,16.1,16.1,16.1,16.1,8.3,16.1,16.1,16.1,16,16.1,16.1,16.1,16.1,16.1,9.82,16.1,16.1,16.1,16.1,16.1,16.1,16.1,16.1,16.1,11.4,16.1,16.1,16,16.1,16.1,16,16,16.1,16.1,12,16.1,16.1,16.1,16.1,16.1,16.1,16,16.1,16.1,12,16.1,16.1,16.1,16.1,16.1,16.1,12,11.8
0.000142,12,16,16.1,16.1,16,16.1,16.1,16.1,16.1,16.1,16.1,11.7,16.1,16.1,16.1,16.1,16.1,16.1,16.1,16.1,16.1,10.9,16.1,16.1,16.1,16.1,16.1,16.1,16.1,16.1,16,8.74,16.1,16.1,16.1,16.1,16.1,16.1,16.1,16.1,16.1,8.3,16,16.1,16.1,16.1,16.1,16.1,16.1,16.1,16.1,8.26,16.1,16.1,16.1,16.1,16.1,16.1,16.1,16.1,16.1,9.9,16.1,16.1,16.1,16.1,16.1,16.1,16,16.1,16.1,11.4,16.1,16.1,16.1,16.1,16.1,16.1,16.1,16,16.2,12,16.1,16.1,16.1,16,16.1,16.1,16.1,16.1,16.1,12.1,16.1,16.1,16.1,16,16.1,16.1,11.9,11.8
0.000142,11.9,16.1,16.2,16,16.1,16,16.1,16.1,16.1,16.1,16.1,11.8,16.1,16.1,16.1,16.1,16.1,16.1,16.2,16.1,16.1,10.9,16.1,16.1,16.1,16.1,16.1,16.1,16.1,16.1,16.1,8.69,16.2,16.1,16.2,16.1,16.1,16.1,16.1,16.1,16.1,8.3,16.1,16.1,16.1,16.1,16.1,16.1,16.1,16.1,16,8.35,16.1,16.1,16.1,16.1,16.1,16.1,16.1,16.1,16.1,9.99,16.1,16.1,16.1,16.1,16.1,16.1,16.1,16.1,16.1,11.4,16.1,16.1,16.1,16.1,16,16.1,16.1,16.1,16.1,12.1,16.1,16.1,16.1,16.1,16.1,16,16.1,16.1,16.1,12,16.1,16.1,16.1,16.1,16.1,16.1,12,11.8
0.000142,12,16.1,16.1,16.1,16.1,16.1,16.1,16.1,16.1,16,16.1,11.8,16,16.1,16.1,16.1,16.1,16,16.1,16.1,16.1,11,16.1,16.1,16.1,16.1,16,16.1,16.1,16.1,16.1,8.65,16.1,16.1,16.1,16.1,16.1,16.1,16.1,16.1,16.1,8.3,16.1,16.1,16.2,16.1,16.1,16.1,16.1,16.1,16.1,8.35,16.1,16.1,16.1,16.1,16.2,16.2,16.1,16.1,16.1,9.99,16.1,16.1,16.1,16.1,16.1,16.1,16.1,16.1,16.1,11.4,16.1,16.1,16.1,16.1,16.1,16.1,16.1,16.1,16.1,12,16.2,16.1,16.1,16.1,16.1,16.1,16.1,16.1,16.1,12,16.1,16.1,16.1,16.1,16.1,16.1,12,11.8
0.000143,12,16.1,16.1,16.1,16.1,16.2,16.1,16.1,16.1,16.1,16.1,11.8,16.1,16.1,16.1,16.1,16,16.1,16.1,16.1,16.1,11,16.1,16.1,16.1,16.1,16.1,16.1,16.1,16.1,16.1,8.56,16.1,16.1,16.1,16.1,16.1,16.1,16.1,16.1,16.1,8.35,16.1,16.1,16.1,16.1,16.1,16.1,16.1,16.1,16,8.3,16.1,16.1,16.1,16.1,16.1,16.1,16.1,16.1,16.1,9.99,16.1,16.1,16.1,16.1,16.1,16.1,16.1,16.1,16.1,11.5,16.1,16.1,16.1,16.1,16.1,16.1,16,16.1,16.1,12,16.1,16.1,16.1,16,16.1,16.1,16.1,16.1,16.1,12,16.1,16.1,16.1,16.1,16.1,16.1,12,11.8
0.000143,11.9,16.1,16.1,16.1,16.1,16.1,16,16.1,16,16.1,16.1,11.8,16.1,16.1,16.1,16.1,16.1,16.1,16.1,16.1,16.1,11,16.1,16.1,16.1,16.1,16.1,16.1,16.1,16.1,16.1,8.52,16.1,16.1,16.1,16.1,16.1,16.1,16.1,16.1,16.1,8.3,16.1,16.1,16.1,16.1,16.1,16.1,16.1,16.1,16.1,8.26,16.1,16.1,16.2,16.1,16.1,16,16.1,16.1,16.1,9.95,16,16.1,16.1,16.1,16.1,16.1,16.1,16.1,16.1,11.5,16.1,16,16.2,16,16,16.1,16.1,16.1,16.2,11.9,16.1,16.1,16.1,16.1,16.1,16.1,16,16.1,16.1,12.1,16.1,16.1,16.1,16.1,16.1,16.1,12,11.8
0.000143,12,16.1,16.1,16.1,16.1,16.1,16.1,16.1,16,16.1,16.2,11.8,16,16.1,16.1,16.1,16.2,16.1,16.1,16.1,16.1,11,16.1,16.1,16.1,16.1,16.1,16.1,16.1,16.1,16.1,8.52,16.1,16.1,16.1,16.1,16.1,16.1,16.1,16,16.1,8.3,16.1,16.1,16,16.1,16.1,16.1,16.1,16.1,16.1,8.3,16.1,16.1,16.1,16.1,16.1,16.1,16.1,16.1,16.1,9.86,16.1,16.1,16.1,16.1,16.1,16.1,16.1,16.1,16.1,11.5,16.1,16.1,16.1,16.1,16.1,16.1,16.2,16.1,16.1,11.9,16.1,16,16.1,16.1,16.1,16.1,16.1,16.1,16.1,12.1,16.1,16.1,16,16.1,16.1,16.1,12.1,11.8
0.000143,12,16.1,16.1,16.1,16.1,16.1,16.1,16.1,16.1,16.1,16.1,11.8,16.1,16.1,16.1,16.1,16.1,16,16,16.1,16.1,11.1,16.1,16.1,16.1,16.1,16.1,16.1,16.1,16.2,16.1,8.52,16.1,16.1,16.1,16.1,16.1,16.1,16.1,16.1,16.1,8.26,16.1,16.1,16.1,16.1,16.1,16.1,16.1,16.1,16.1,8.3,16.1,16.1,16.1,16.1,16.1,16.1,16.1,16.1,16.1,9.73,16.1,16.1,16.1,16.1,16.1,16,16.1,16,16.1,11.6,16.1,16.1,16.1,16.1,16.1,16.1,16.1,16.1,16.1,11.8,16.1,16.1,16.1,16.1,16.1,16.1,16.1,16.1,16.1,12.1,16.1,16.1,16.1,16.1,16,16.1,12.1,11.8
0.000143,12,16.1,16.1,16.1,16.1,16.2,16,16.1,16.1,16.1,16.1,11.8,16.1,16.1,16.1,16.1,16.1,16.1,16.1,16.1,16,11,16.1,16,16,16,16.1,16.1,16.1,16.1,16.1,8.52,16.1,16.1,16.1,16,16.1,16.1,16.1,16.1,16.1,8.26,16.1,16.1,16.1,16.1,16.1,16.1,16.1,16.1,16.1,8.3,16.1,16.1,16.2,16.1,16.1,16.1,16.1,16.1,16.1,9.73,16.1,16.1,16.1,16,16.1,16.1,16.1,16.1,16.1,11.6,16.1,16.1,16.1,16.1,16.1,16.1,16.1,16.1,16.1,11.8,16,16.1,16.1,16.1,16.1,16.1,16.1,16.1,16.1,12,16,16.1,16.1,16.1,16.1,16.1,12.1,11.8
0.000144,12.1,16.1,16.1,16.1,16.1,16.1,16.1,16.1,16.1,16.1,16.1,11.8,16.1,16,16.1,16.1,16.1,16.1,16.1,16.1,16,11.1,16.1,16.1,16.1,16.1,16.1,16.1,16.1,16.2,16.1,8.56,16.1,16.1,16.1,16.1,16.1,16.1,16.1,16.1,16.1,8.3,16,16.1,16.1,16.1,16.1,16.1,16.1,16.1,16.1,8.3,16,16.1,16.1,16.1,16.1,16.1,16,16.1,16.1,9.64,16.1,16.1,16.1,16.1,16.1,16.1,16.1,16.1,16.1,11.6,16.1,16.1,16,16.1,16.1,16.1,16.1,16.1,16.1,11.8,16.1,16.1,16.1,16.1,16.1,16.1,16.1,16.1,16.1,12,16.1,16.1,16.1,16,16.1,16.1,12,11.8
0.000144,12.1,16.1,16.1,16.1,16.1,16.1,16,16.1,16.1,16.1,16.1,11.8,16.1,16.1,16.1,16.1,16.1,16.1,16.1,16.1,16,11,16.1,16,16.2,16.1,16.1,16.1,16.1,16.1,16.1,8.69,16.2,16.1,16.1,16.1,16.1,16.1,16.1,16.1,16.1,8.3,16.1,16,16.1,16.1,16.1,16.1,16.1,16.1,16.1,8.35,16,16.1,16.1,16.1,16.1,16.1,16.1,16.1,16.1,9.73,16.1,16.1,16.1,16.1,16.1,16.1,16.1,16.1,16.1,11.5,16.1,16.1,16.1,16.1,16.1,16.1,16.1,16.1,16.1,11.8,16.1,16.1,16.1,16.1,16.1,16.1,16,16.1,16.1,11.9,16.1,16.1,16.1,16.1,16.1,16,12,11.8
0.000144,12.1,16.1,16.1,16.1,16.1,16.1,16.1,16.1,16.1,16.1,16.1,11.7,16.1,16.1,16.1,16.1,16.1,16.1,16.1,16.1,16.1,11,16.1,16.1,16.1,16.1,16.1,16.1,16.1,16.1,16.1,8.74,16.1,16.1,16.1,16,16.1,16.1,16.1,16.1,16.1,8.26,16.1,16.1,16.1,16.1,16.1,16.1,16.1,16.1,16.1,8.26,16.1,16,16.1,16.1,16,16.1,16.1,16.1,16.1,9.82,16.1,16,16.1,16.1,16.1,16.1,16.1,16.1,16.1,11.5,16.1,16.1,16.1,16.1,16,16,16.1,16.1,16.1,11.8,16.1,16.1,16.1,16,16.1,16.1,16.1,16.1,16.1,11.9,16.1,16.1,16.1,16.1,16.1,16.1,12.1,11.8
0.000144,12.1,16.1,16.1,16.1,16.1,16,16.1,16,16.1,16.1,16.1,11.7,16.1,16.1,16.1,16.1,16.1,16.1,16.1,16.1,16.1,11,16.1,16.2,16.1,16.1,16,16.1,16.1,16.1,16.1,8.74,16.1,16.1,16.1,16.1,16.1,16.1,16.1,16.1,16.1,8.3,16.1,16.1,16.1,16.1,16.1,16.1,16.1,16.1,16.1,8.3,16.1,16.1,16.1,16.1,16.1,16,16.1,16,16.1,9.95,16.1,16.1,16.1,16.1,16,16.1,16.1,16.1,16.1,11.5,16.1,16.1,16.1,16,16.1,16.1,16.1,16.1,16.1,11.9,16.1,16.1,16.1,16.1,16.1,16.1,16.1,16.1,16.1,11.9,16.1,16.1,16,16.1,16,16.1,12,11.8
0.000144,12,16.1,16.1,16.1,16.1,16.1,16.1,16.1,16,16.1,16.1,11.6,16.1,16.1,16.1,16.1,16.1,16.1,16.1,16.1,16.1,11,16.1,16.1,16.1,16.1,16.1,16.1,16.1,16.1,16.1,8.74,16.1,16.1,16.1,16.1,16.1,16.1,16.1,16.1,16.1,8.3,16.1,16.1,16.1,16.1,16.1,16.1,16.1,16.1,16.1,8.26,16.1,16,16.1,16.1,16.1,16.1,16.1,16.1,16.1,10,16.1,16.1,16.1,16.1,16.1,16.1,16.1,16.1,16.1,11.5,16.1,16.1,16.1,16.1,16.1,16.1,16.1,16.1,16.1,11.9,16.1,16.1,16.1,16.1,16.1,16.1,16.1,16.1,16.1,12,16.1,16.1,16.1,16.1,16.1,16.1,12,11.9
0.000145,12,16.1,16.1,16.1,16.1,16.1,16.1,16.1,16.1,16.1,16.1,11.6,16.1,16.1,16.1,16.1,16.1,16.1,16.1,16.1,16.1,10.9,16,16.1,16.1,16.1,16.1,16.1,16,16.1,16.1,8.74,16.1,16.1,16.1,16.1,16.1,16.1,16.1,16.1,16.1,8.3,16,16.1,16.1,16.1,16.1,16.1,16.1,16.1,16.1,8.3,16.1,16.1,16.1,16.1,16.1,16.1,16.1,16.1,16.1,10,16.1,16.1,16.1,16.1,16.1,16.1,16.1,16.1,16.1,11.5,16.1,16.1,16.1,16.1,16.1,16.1,16.1,16.1,16.1,12,16.1,16.1,16.1,16.1,16.1,16.1,16.1,16.1,16.1,12,16.1,16.1,16.1,16.1,16.1,16.1,12,11.9
0.000145,11.9,16.1,16.1,16.1,16.1,16.1,16.1,16.1,16.1,16.1,16,11.6,16.1,16.1,16,16.1,16.1,16.1,16.1,16.1,16.1,10.9,16.1,16.1,16.1,16.1,16.1,16.1,16.1,16.1,16.1,8.78,16.2,16.1,16.1,16.1,16.1,16.1,16.1,16.1,16,8.3,16.1,16.1,16.1,16.1,16.1,16.1,16.1,16.1,16.1,8.3,16.1,16.1,16,16.1,16.1,16,16.1,16.1,16.1,10,16.1,16.1,16,16.1,16.1,16.1,16.1,16.1,16.1,11.5,16.1,16.1,16.1,16.1,16.1,16.1,16.1,16,16.1,12,16,16.1,16.1,16.1,16.1,16.1,16.1,16.1,16.1,12,16.1,16.1,16.1,16.1,16.1,16,12,12
0.000145,11.9,16.1,16.1,16,16.1,16.1,16.1,16.1,16.1,16.1,16.1,11.7,16.1,16.1,16.1,16.1,16.1,16.1,16.1,16,16.1,11,16.1,16.1,16.1,16,16.1,16.1,16.1,16.1,16.1,8.69,16.1,16.1,16.2,16.1,16.1,16.1,16,16.1,16.1,8.26,16.1,16.1,16.1,16.1,16.1,16,16.1,16.1,16,8.26,16.1,16.1,16.1,16.1,16.1,16.1,16.1,16.1,16.1,10,16.1,16.1,16.1,16.1,16.1,16.2,16.1,16.1,16.1,11.5,16.1,16.1,16.1,16.1,16.1,16.1,16.1,16.1,16.1,12,16,16.1,16.1,16.1,16.1,16.1,16.1,16.1,16.1,12,16.1,16.1,16.1,16.1,16.1,16.2,12,12
0.000145,11.9,16.1,16,16.1,16.1,16.1,16.1,16,16.1,16.1,16.1,11.8,16.1,16.1,16.1,16.1,16.1,16.2,16.1,16.1,16.1,10.9,16.1,16.2,16.1,16.1,16.1,16.1,16.1,16.1,16.1,8.69,16.1,16.1,16.1,16.1,16.1,16.1,16.2,16.1,16,8.3,16.1,16.1,16.1,16.1,16.1,16.1,16.1,16.1,16.1,8.3,16.1,16.1,16.2,16.1,16.1,16.1,16.1,16.1,16.1,9.9,16.1,16.1,16.1,16.1,16.1,16.1,16.1,16,16.1,11.5,16.1,16.1,16.1,16.1,16.1,16.1,16.1,16.1,16.1,11.9,16.1,16.1,16.1,16.1,16.1,16.1,16.1,16,16.1,12.1,16.1,16.1,16.1,16.1,16.1,16.1,12,12
0.000145,12,16.1,16.1,16.1,16.1,16.1,16.1,16,16.1,16.1,16.1,11.7,16.1,16.1,16.1,16.1,16.1,16,16.1,16.1,16.1,10.9,16.1,16.1,16.1,16.1,16.1,16.1,16,16.1,16.1,8.69,16,16.1,16.1,16.1,16.1,16.1,16.1,16.1,16.1,8.3,16.1,16.1,16,16.1,16.1,16.1,16.1,16.1,16.1,8.3,16.1,16.1,16.2,16.1,16.1,16.1,16.1,16.1,16.1,9.82,16.1,16.1,16.1,16.1,16.1,16.1,16.1,16.1,16.1,11.5,16.1,16.1,16.1,16.1,16.1,16.1,16.1,16.1,16.1,11.9,16.1,16.1,16.1,16.1,16.1,16.1,16.1,16.1,16.1,12,16.1,16.1,16.1,16.1,16,16.1,12.1,12
0.000146,12,16.1,16.1,16.1,16,16.1,16.1,16.1,16.1,16.1,16.1,11.8,16.1,16.1,16.1,16.1,16.1,16.1,16.1,16.1,16.1,10.9,16.1,16.1,16.1,16.1,16.1,16.1,16.1,16.1,16.1,8.65,16.1,16.1,16.1,16.1,16.1,16.1,16.1,16,16.1,8.35,16.1,16.1,16.1,16.1,16.1,16.1,16,16.1,16.1,8.3,16.1,16.1,16.1,16.1,16.1,16.1,16.1,16.1,16.1,9.73,16.1,16.1,16,16.1,16.1,16.1,16.1,16.1,16.1,11.5,16.1,16.1,16.1,16.1,16.1,16.1,16.1,16.2,16.1,11.8,16.1,16.1,16.1,16,16.1,16.1,16.1,16,16.1,12,16,16.1,16.1,16.1,16.1,16,12,12
0.000146,12.1,16.1,16.1,16.1,16.1,16.1,16.1,16,16.1,16.1,16.1,11.8,16,16.1,16.1,16.1,16.1,16.1,16.1,16,16.1,11,16.1,16.1,16.1,16.1,16.1,16.1,16.1,16.1,16.1,8.69,16.1,16.1,16,16.1,16.1,16.1,16.1,16.1,16.1,8.3,16.1,16,16.1,16.1,16.1,16.1,16,16.1,16.1,8.35,16.1,16.1,16.1,16.1,16.1,16.1,16.1,16.1,16.1,9.77,16.1,16.1,16.1,16.1,16.1,16.1,16.1,16.1,16.1,11.5,16.1,16.1,16.1,16.1,16,16.1,16.1,16.1,16.1,11.8,16.1,16.1,16.1,16.1,16.2,16.1,16.1,16,16.1,12,16.1,16.1,16.1,16.1,16.1,16.1,12.1,11.8
0.000146,12.2,16.1,16.1,16,16.1,16.1,16.1,16.1,16.1,16.1,16.1,11.8,16.1,16.1,16.1,16.1,16.1,16.1,16.1,16,16.1,10.9,16.1,16.1,16.1,16.1,16.1,16.1,16.1,16,16.1,8.74,16.1,16.1,16.1,16.1,16.1,16.1,16.1,16.1,16.1,8.3,16.1,16.1,16.1,16.1,16,16.1,16.1,16,16.1,8.3,16.1,16.1,16.1,16.1,16.1,16.1,16.2,16.2,16.1,9.73,16.1,16.1,16.1,16.1,16.1,16.1,16.1,16.1,16.1,11.5,16.1,16,16.1,16.1,16.1,16,16.1,16.1,16.1,11.8,16,16.1,16.1,16,16.1,16.1,16.1,16.1,16.1,12,16.1,16.1,16.1,16.1,16.1,16.1,12,11.8
0.000146,12.2,16.1,16.1,16.1,16.1,16.1,16.1,16.1,16.1,16.1,16.2,11.8,16.1,16.1,16.1,16.1,16.1,16.1,16.1,16.1,16.1,11,16.1,16.1,16.1,16.1,16.1,16.1,16.1,16.1,16.1,8.74,16.1,16.1,16.1,16.1,16.1,16.1,16.2,16.1,16,8.26,16.1,16.1,16.1,16.1,16.1,16.1,16.1,16.1,16.1,8.3,16.1,16,16.1,16.1,16,16.1,16.1,16.2,16.1,9.82,16.1,16.1,16.1,16.1,16.1,16.1,16.1,16.1,16.1,11.5,16.1,16.1,16.1,16.1,16.1,16.1,16,16.1,16.1,11.8,16,16.1,16.1,16.1,16.1,16.1,16,16.1,16.1,12,16.1,16.1,16.1,16.1,16.1,16.1,12.1,11.8
0.000146,12.2,16.1,16.1,16.1,16.1,16.1,16.1,16.1,16.1,16.1,16.2,11.8,16.1,16.1,16.1,16.1,16.1,16.1,16.1,16.1,16.1,11,16.1,16.1,16.1,16.1,16.1,16.1,16.1,16.1,16.1,8.78,16,16.1,16.1,16.1,16.1,16.1,16.1,16.1,16.1,8.26,16.1,16.1,16.1,16.1,16.1,16,16.1,16.1,16.1,8.3,16.1,16.1,16,16.1,16.1,16.1,16,16.1,16.1,9.86,16.1,16.1,16.1,16,16.1,16.1,16.1,16.1,16.1,11.6,16.1,16.1,16.1,16.1,16.1,16.1,16.1,16.1,16.2,11.8,16,16.1,16.1,16.1,16.1,16.1,16.1,16.1,16.1,12,16.1,16,16.1,16,16,16.1,12,11.8
0.000147,12.2,16.1,16.1,16.1,16.1,16.2,16.1,16.1,16.1,16,16.1,11.9,16.1,16.1,16.1,16.1,16.1,16.1,16.1,16.1,16.1,10.9,16.1,16.1,16.1,16.1,16.1,16.1,16,16.1,16.1,8.78,16.1,16.1,16.1,16.1,16.1,16.1,16.1,16.2,16.1,8.3,16.1,16.1,16,16.1,16.1,16.1,16.1,16.1,16.1,8.35,16.1,16.1,16.1,16.1,16.1,16.1,16.1,16.1,16.1,9.95,16.1,16.1,16.1,16.1,16.1,16.1,16.1,16.1,16.1,11.6,16.1,16.1,16.1,16.1,16.1,16.1,16.1,16.1,16.1,11.8,16.1,16.1,16.1,16.1,16.1,16.1,16.1,16.1,16.1,12,16.1,16.1,16.1,16.1,16.1,16.1,12,11.9
0.000147,12.1,16.1,16.1,16.1,16.1,16.1,16,16.1,16.1,16.1,16.1,11.9,16.2,16,16,16.1,16.1,16.1,16.1,16.1,16,11,16.1,16.1,16.1,16.1,16.1,16.1,16.1,16.1,16.1,8.82,16.1,16.1,16.1,16,16.1,16.1,16.1,16.1,16.1,8.3,16.1,16.1,16.1,16,16.1,16.1,16.1,16.1,16.1,8.26,16.1,16.1,16.1,16.1,16.1,16.1,16.1,16.1,16.1,10,16.1,16.1,16,16.1,16.1,16.1,16.1,16.1,16.1,11.6,16.1,16,16.1,16.1,16.1,16.1,16.1,16.1,16.1,11.8,16.1,16,16.1,16,16.1,16.1,16.1,16.1,16.1,12,16.1,16.1,16,16.1,16.1,16.1,12,12
0.000147,12.1,16.1,16.1,16.1,16.1,16.1,16.1,16.1,16.1,16.1,16,11.9,16.1,16.1,16.1,16.1,16,16.1,16.1,16.1,16.1,11,16.1,16.1,16.1,16.1,16.1,16.1,16.1,16.1,16.1,8.87,16.1,16,16.1,16.1,16.1,16.1,16.1,16.1,16.1,8.3,16,16.1,16.1,16.1,16.1,16.1,16.1,16.1,16.1,8.35,16,16.1,16.1,16.1,16.1,16.1,16.1,16.1,16.1,10,16.1,16.1,16.1,16.1,16.1,16.1,16.1,16.1,16.2,11.5,16.1,16.1,16.1,16.1,16.1,16.1,16.1,16.1,16.1,11.9,16.1,16,16,16.1,16.1,16,16.1,16.1,16.1,12,16.1,16,16.1,16.1,16.1,16.1,12,12
0.000147,12.2,16.1,16.1,16.1,16,16.1,16.1,16,16.1,16.1,16.1,11.9,16.1,16,16.1,16.1,16.1,16.1,16.1,16,16.1,11,16.1,16.1,16.1,16.1,16,16,16.1,16.1,16.1,8.82,16.2,16.1,16.1,16.1,16.1,16.1,16.1,16.1,16.1,8.35,16.1,16.1,16.1,16.1,16.1,16.1,16.1,16.1,16.1,8.3,16.1,16.1,16.1,16.1,16.1,16.1,16.1,16.1,16.1,10.1,16.1,16,16.2,16.1,16,16.1,16.1,16.1,16.1,11.5,16.1,16.1,16.1,16.1,16.1,16.1,16.1,16.1,16.1,11.9,16.1,16.1,16.1,16.1,16.1,16.1,16.1,16.1,16.1,12,16,16.1,16,16,16.1,16.1,12,12
0.000147,12.1,16.1,16.1,16.1,16.2,16.1,16.1,16.1,16.1,16.1,16,11.9,16.1,16.1,16,16.1,16.1,16.1,16.1,16.1,16.1,11,16.1,16.1,16.1,16.1,16,16.1,16.1,16.1,16.1,8.87,16.1,16.1,16.1,16.1,16.1,16.1,16.1,16.1,16.1,8.35,16,16.1,16.1,16,16.1,16.1,16.1,16.1,16.1,8.3,16.1,16.1,16.1,16,16,16.1,16.1,16.1,16.1,10,16.1,16,16.1,16.1,16,16.1,16.1,16.1,16.1,11.5,16.1,16.1,16.1,16.1,16.1,16.1,16.1,16.1,16.1,11.9,16.1,16.1,16.1,16.1,16.1,16.1,16.1,16.1,16.1,11.9,16.1,16.1,16.1,16.1,16.1,16.1,11.9,12
0.000148,12.1,16.1,16.1,16.1,16.1,16.1,16.1,16.1,16.1,16,16,11.8,16.1,16,16.1,16.1,16,16.1,16.1,16.1,16.1,10.9,16.1,16.2,16.1,16.1,16.1,16.1,16.1,16.1,16.1,8.87,16.1,16.1,16.1,16.1,16.1,16.1,16.1,16.1,16.1,8.3,16.1,16.1,16.1,16.1,16.1,16.1,16.1,16.1,16.1,8.3,16,16.1,16.1,16.1,16.1,16.1,16.1,16.1,16.1,10,16.1,16.1,16.1,16.1,16.1,16,16,16.2,16.1,11.5,16.1,16.1,16.1,16.1,16.1,16.1,16.1,16.1,16.1,11.9,16.1,16.1,16.1,16.1,16.1,16.1,16.1,16.1,16.1,11.9,16.1,16,16.1,16.1,16.1,16.1,11.9,12.1
0.000148,12,16.1,16.1,16.1,16.1,16.1,16.1,16.1,16.1,16,16.1,11.8,16.1,16.1,16.1,16.1,16.1,16.1,16.1,16.1,16.2,11,16.1,16.1,16.1,16.1,16.1,16.1,16,16.1,16.1,8.87,16.1,16.1,16,16.1,16.1,16.1,16.1,16.1,16.1,8.26,16.1,16.1,16.1,16.1,16,16.1,16.1,16.1,16.1,8.3,16,16.2,16.2,16.1,16.1,16,16.1,16.1,16.1,9.95,16.1,16.1,16.1,16.1,16.1,16,16.1,16.1,16.1,11.5,16.1,16.1,16.1,16.1,16,16.1,16.1,16.1,16.1,12,16.1,16.1,16.1,16.1,16.1,16.1,16.1,16.1,16.1,11.8,16,16.1,16.1,16.1,16.1,16,11.9,12.1
0.000148,12,16.1,16.1,16.1,16.1,16.1,16.1,16.1,16.1,16.1,16.1,11.7,16.1,16.1,16.1,16.1,16.1,16.1,16.1,16.1,16,11,16,16.1,16.1,16.1,16.1,16.1,16.1,16.1,16.1,8.82,16.1,16.1,16,16.1,16.1,16,16.1,16.2,16.1,8.3,16.1,16.1,16.1,16.1,16.1,16.1,16.1,16,16.1,8.35,16,16.1,16.1,16.1,16.1,16.1,16.1,16.1,16,9.95,16.1,16.1,16.1,16.1,16,16.1,16.1,16.1,16.1,11.5,16.1,16.1,16.1,16.1,16,16,16.1,16.1,16.1,12,16.1,16.1,16.1,16.1,16.1,16.1,16.1,16.1,16.1,11.8,16.1,16.1,16,16.1,16.1,16.1,11.9,12
0.000148,12,16.1,16.1,16,16.2,16.1,16.1,16.1,16.1,16.1,16.1,11.6,16.1,16.1,16.1,16.1,16.1,16.1,16.1,16.1,16.1,11,16.1,16.1,16.1,16.1,16.1,16.1,16.1,16.1,16.1,8.87,16.1,16.1,16.1,16.1,16,16.1,16.1,16.1,16.1,8.3,16.1,16.1,16.1,16.1,16.1,16.1,16.1,16.1,16.1,8.3,16.1,16.1,16.1,16.1,16.1,16.1,16,16.1,16.1,9.95,16.1,16.1,16.1,16.1,16,16.1,16,16.1,16.1,11.5,16.1,16.1,16.1,16.1,16.1,16.1,16.1,16.1,16.1,11.9,16.1,16.1,16.1,16.1,16.1,16.1,16.1,16.1,16.1,11.8,16.1,16.1,16.1,16.1,16.1,16.1,12,12.1
0.000148,12,16.1,16.1,16.1,16.1,16.1,16.1,16.1,16.1,16.1,16.1,11.6,16.1,16.1,16.1,16.1,16.1,16.1,16,16.1,16.1,11,16.1,16.1,16.1,16.1,16.1,16.1,16.1,16.1,16.1,8.82,16.1,16.1,16.1,16.1,16.1,16.1,16.1,16.1,16.1,8.3,16.1,16,16.1,16.1,16.1,16.1,16.1,16.1,16.1,8.3,16,16.1,16.1,16.1,16,16.1,16.1,16.1,16.1,9.9,16.1,16.1,16.1,16.1,16.1,16.1,16.1,16.1,16,11.4,16.1,16.1,16,16.1,16.1,16.1,16.1,16.1,16.1,11.9,16.1,16.1,16.1,16.1,16.1,16.1,16.1,16.1,16.1,11.8,16.1,16.1,16.1,16.1,16.1,16.1,12.1,12.1
0.000149,12,16.1,16.1,16.1,16.1,16.1,16.1,16.1,16.1,16.1,16.1,11.7,16.1,16.1,16.1,16.2,16.1,16,16.1,16.1,16.1,11,16.1,16.1,16.1,16.1,16.1,16.1,16.1,16.1,16.1,8.87,16.1,16.1,16,16.1,16.1,16.1,16.1,16.1,16.1,8.35,16.1,16.1,16.1,16.1,16.1,16.1,16,16.1,16.1,8.39,16,16.1,16.1,16,16.1,16.1,16.1,16.1,16.1,9.9,16.1,16,16.1,16,16.1,16,16.2,16.1,16.1,11.5,16.1,16.1,16.1,16.1,16.1,16.1,16.1,16.1,16.1,12,16.1,16.1,16.1,16.1,16.1,16.1,16.1,16,16.1,12,16.1,16.2,16.1,16.1,16.1,16.1,12,12.1
0.000149,12,16.1,16.1,16.1,16.1,16.1,16.1,16.1,16.1,16.1,16.1,11.7,16,16.1,16.1,16.1,16.1,16.1,16.1,16.1,16.1,11,16.1,16.1,16.1,16.1,16.1,16.1,16.1,16.1,16.1,8.91,16.1,16.1,16.1,16.1,16.1,16.1,16.1,16.1,16.1,8.3,16.1,16.1,16.1,16.1,16.1,16.1,16.1,16.2,16.1,8.39,16.1,16.1,16.1,16.1,16.1,16,16.1,16.1,16.1,9.95,16.1,16.1,16.1,16.1,16.1,16.1,16.1,16.1,16,11.5,16,16.1,16,16.1,16.1,16.1,16.1,16.1,16.1,11.9,16.1,16.1,16,16.1,16.1,16.1,16,16.1,16.1,12.1,16.1,16.1,16.1,16,16.1,16.1,12,12.2
0.000149,12,16.1,16.1,16.1,16.1,16.1,16.1,16.1,16,16.1,16.1,11.8,16.1,16.1,16.1,16.1,16.1,16.1,16.1,16.1,16.1,11,16.1,16.1,16.1,16.1,16,16.1,16.1,16.1,16.1,8.95,16.1,16.1,16.1,16.1,16.1,16.1,16.1,16.1,16.1,8.35,16.1,16.1,16.1,16.1,16.1,16.1,16.1,16.1,16.1,8.39,16.1,16.1,16.1,16.1,16,16.1,16.1,16.1,16.2,9.95,16.1,16.1,16.1,16.1,16.1,16.1,16.1,16.1,16.1,11.5,16.1,16.1,16.1,16.1,16.2,16.1,16.1,16.1,16.1,11.9,16.1,16.1,16.1,16.1,16.1,16.1,16.1,16.1,16.1,12.2,16.1,16.1,16.1,16.1,16.1,16.1,12,12.2
0.000149,12,16.1,16.1,16.1,16.1,16.1,16.1,16.1,16.1,16.1,16,11.8,16.1,16.1,16.1,16.1,16.1,16.1,16.1,16,16.1,11,16.1,16.1,16.1,16.1,16.1,16.1,16.1,16.1,16.1,8.91,16.1,16.1,16.1,16,16.1,16.1,16.1,16.1,16.1,8.35,16.1,16.1,16.1,16.1,16.1,16.1,16.1,16,16.1,8.35,16.1,16,16.1,16.1,16.1,16.1,16.1,16.1,16.1,9.99,16,16.1,16,16.1,16.1,16.1,16.1,16,16.1,11.6,16.1,16.1,16,16.2,16.1,16,16.1,16.1,16.1,11.8,16.1,16.1,16.1,16.1,16.1,16.1,16.1,16.1,16.1,12.2,16.1,16,16.1,16.1,16.1,16.1,12,12.2
0.000149,12.1,16.1,16.1,16.1,16.1,16.1,16.1,16.1,16.1,16.1,16.1,11.9,16.1,16.1,16,16.1,16.1,16.1,16.1,16.1,16,10.9,16.1,16,16.1,16.1,16.1,16.1,16.1,16.1,16.1,8.95,16.1,16.1,16.1,16.1,16.1,16.1,16.2,16.1,16.1,8.3,16.1,16.1,16.1,16.1,16.1,16.1,16.1,16.1,16.1,8.35,16.1,16.1,16.1,16.1,16.1,16.1,16.1,16.1,16.1,9.99,16.1,16.1,16.1,16.1,16.1,16.1,16.1,16.1,16.1,11.7,16.1,16.1,16,16.1,16.1,16.1,16.1,16.1,16.1,11.9,16.1,16.1,16.1,16.1,16.1,16.1,16.1,16.1,16.1,12.2,16,16.1,16.1,16.1,16.1,16.1,12,12.2
0.00015,12.1,16.1,16.1,16.1,16.1,16,16.1,16.1,16.1,16.1,16.1,11.9,16.1,16,16.1,16.1,16.1,16,16.1,16.1,16.1,10.9,16.1,16.1,16.1,16.1,16.1,16.1,16.1,16.1,16.1,8.91,16.1,16.1,16.1,16.1,16.1,16.1,16,16.1,16.1,8.3,16.1,16.1,16.1,16.1,16.1,16.1,16,16.1,16.1,8.35,16.1,16.1,16.1,16.1,16.1,16.1,16,16.1,16,10.1,16.1,16.1,16.1,16.1,16.1,16.1,16.1,16.1,16.1,11.7,16.1,16.1,16.1,16.1,16.1,16.1,16.1,16.1,16.1,11.8,16.1,16.1,16.2,16,16.1,16.2,16.1,16.1,16,12.2,16.1,16.1,16,16.1,16.1,16.1,11.9,12.1
0.00015,12.1,16.1,16.1,16,16.1,16.1,16.1,16.1,16.1,16.1,16.1,11.9,16.1,16.1,16.1,16.1,16.1,16,16.1,16.1,16.1,10.9,16.1,16.1,16.1,16.1,16.1,16.1,16.1,16.1,16.1,8.95,16.1,16.1,16.1,16.1,16.1,16.1,16.1,16.1,16.1,8.26,16.1,16,16.1,16.1,16.1,16.1,16.1,16.1,16.1,8.35,16.1,16.1,16.1,16.1,16.1,16.1,16.1,16.1,16.1,10.1,16.1,16.1,16.1,16.1,16.1,16.1,16,16.1,16.1,11.8,16.1,16.1,16,16.1,16.1,16.1,16,16.1,16.1,11.9,16.1,16.1,16.1,16.2,16.1,16.1,16.1,16.1,16.1,12.1,16.1,16.1,16.1,16.1,16,16.1,11.9,12
0.00015,12.1,16.1,16.1,16.1,16.1,16.1,16.1,16.1,16.1,16.1,16.1,11.9,16.1,16.1,16.1,16.1,16.1,16.1,16.1,16.1,16.1,10.9,16.1,16.1,16.1,16.1,16.1,16,16.1,16.1,16,8.87,16.1,16.1,16.1,16.1,16.1,16.1,16.1,16,16.1,8.26,16.1,16.1,16.1,16.1,16.1,16.1,16.1,16.2,16.1,8.3,16,16.1,16.1,16.1,16.1,16.1,16.1,16.1,16.1,10.2,16.1,16.1,16.1,16.1,16.1,16,16.1,16.1,16.1,11.7,16.1,16.1,16.1,16,16.1,16.1,16.1,16.1,16.1,11.9,16.1,16.1,16.1,16.1,16.1,16.1,16.1,16.1,16,12.1,16.1,16.1,16.1,16.1,16.1,16.1,11.9,12
0.00015,12.1,16.1,16.1,16,16.1,16.1,16.1,16.1,16.1,16.1,16.1,11.8,16.1,16.1,16.1,16.1,16.1,16.1,16.1,16,16.1,10.9,16.1,16.1,16.1,16.1,16,16.1,16.1,16.1,16,8.87,16.1,16.1,16.1,16.1,16.1,16.1,16.1,16.1,16.1,8.3,16.1,16.1,16.1,16.1,16.1,16.1,16.1,16.1,16.1,8.3,16.1,16.1,16.1,16.1,16.1,16.1,16.1,16,16,10.1,16.1,16.1,16.1,16,16.1,16.1,16.1,16,16.1,11.7,16.1,16.1,16.1,16.2,16.1,16.1,16.1,16.1,16.1,11.9,16.1,16,16.1,16.2,16.1,16.1,16.1,16.1,16.1,12,16.1,16.1,16.1,16.1,16.1,16.1,12,11.9
0.00015,12.1,16.1,16.1,16.1,16.1,16.1,16.1,16.1,16.1,16,16.1,11.8,16.1,16,16.1,16.1,16.1,16.1,16.1,16.1,16.1,11.1,16.1,16.1,16.1,16,16.1,16.1,16.1,16.2,16.1,8.87,16.1,16.1,16.1,16.1,16.1,16.1,16,16,16.1,8.3,16.1,16.1,16.1,16.1,16.1,16.1,16.1,16.1,16.1,8.3,16.1,16.1,16.1,16.1,16.1,16.1,16.1,16.1,16.1,10.2,16.1,16.1,16.1,16.1,16,16.1,16.1,16.1,16.1,11.6,16.1,16,16.1,16.1,16.1,16,16.1,16.1,16.1,11.8,16,16.1,16.1,16.1,16.1,16.1,16.1,16.1,16.1,12,16.1,16.1,16.1,16,16.1,16.1,12,11.9
0.000151,12.1,16.1,16.1,16.1,16.1,16.1,16.1,16.1,16.1,16.1,16.1,11.7,16.1,16.1,16.1,16.1,16.2,16.1,16.1,16.1,16.1,11.1,16,16.1,16.1,16.1,16.1,16.1,16.1,16.1,16.1,8.82,16,16.1,16.1,16.1,16.1,16,16.1,16.1,16.1,8.35,16.1,16,16.1,16.1,16.1,16.1,16.1,16.1,16.1,8.3,16.1,16.1,16.1,16.1,16.1,16.1,16,16.1,16.1,10.1,16,16.1,16.1,16.1,16.1,16.1,16.1,16.1,16.1,11.5,16.1,16.2,16.1,16,16,16,16.1,16.1,16.1,11.8,16,16.1,16.1,16.1,16.1,16.1,16.1,16.1,16.1,11.9,16.1,16.1,16,16.1,16.1,16.1,12.1,11.8
0.000151,12.1,16.1,16.1,16.1,16.1,16.1,16.1,16.1,16.1,16.1,16,11.7,16.1,16.1,16,16.1,16,16.1,16.1,16.1,16.1,11.2,16.1,16.1,16.1,16.1,16.1,16.1,16,16.1,16.1,8.95,16.1,16.1,16.1,16.1,16.1,16.1,16.1,16.1,16.1,8.3,16.1,16.1,16.1,16.1,16,16.1,16.1,16.1,16.1,8.3,16.1,16.1,16.1,16.1,16.1,16.1,16.1,16.1,16.1,10.1,16.1,16.1,16.1,16.1,16.1,16.1,16.1,16.1,16.1,11.5,16.1,16.1,16.1,16.1,16.1,16.1,16.1,16.1,16.1,11.8,16.1,16.1,16.1,16.1,16.1,16,16,16.1,16.1,12,16.1,16.1,16.1,16.1,16.1,16.1,12.1,11.9
0.000151,12.1,16.1,16.1,16.1,16.1,16.1,16.1,16.1,16.1,16.1,16.1,11.7,16.1,16.1,16.1,16.1,16.1,16.1,16.1,16.1,16.1,11.2,16.1,16.1,16.1,16.1,16.1,16.1,16,16.1,16,8.95,16.1,16.1,16.1,16.1,16.1,16,16,16.1,16.1,8.3,16.1,16.1,16.1,16.1,16,16.1,16.1,16.1,16.1,8.35,16.1,16.1,16.1,16.1,16,16.1,16.1,16.1,16,10.1,16.1,16.1,16.1,16,16.1,16.1,16.1,16.1,16.1,11.5,16.1,16.1,16.1,16.1,16.1,16.1,16.1,16.1,16.1,11.8,16.1,16.1,16,16.1,16,16.1,16.1,16.1,16.1,12,16,16.1,16.1,16.1,16.1,16.1,12.2,11.9
0.000151,12.1,16.1,16.1,16.1,16.1,16.1,16.1,16.1,16.1,16.1,16.1,11.8,16.1,16.1,16.1,16,16.1,16.1,16,16,16.1,11.2,16.1,16.1,16,16.1,16.1,16.1,16.1,16.1,16,9,16.1,16.1,16.1,16.1,16.1,16.1,16.1,16.1,16.2,8.3,16.1,16.1,16.1,16.1,16.1,16.1,16.1,16.1,16.1,8.35,16.1,16.1,16,16,16.1,16.1,16.1,16.1,16.1,10.1,16.1,16.1,16.1,16.1,16,16.1,16.1,16.1,16.2,11.4,16.1,16.1,16.1,16.1,16.1,16.1,16.1,16.1,16.1,11.9,16.1,16.1,16.1,16.1,16.1,16.1,16.1,16,16,12,16.1,16.1,16,16.1,16.1,16.1,12.1,12
0.000151,12.1,16.1,16.1,16,16.1,16.1,16.1,16,16.1,16.1,16.1,11.8,16,16.1,16.1,16.1,16.1,16.1,16.1,16.1,16.1,11.2,16.1,16.1,16.1,16.1,16.1,16.1,16.1,16.1,16.1,9,16.1,16.1,16.1,16,16.1,16.1,16.1,16.1,16.1,8.3,16.1,16.1,16.1,16.1,16.1,16.1,16,16.1,16.1,8.35,16.1,16,16.1,16.1,16,16.1,16.1,16.1,16.1,9.99,16,16,16.1,16.1,16.1,16.1,16.1,16.1,16.1,11.5,16.1,16.1,16.1,16.1,16,16.1,16.1,16.1,16.1,12,16.1,16.1,16,16.1,16.1,16.1,16.1,16.1,16.1,12,16.1,16,16.1,16.1,16.1,16.1,12,12.1
0.000152,12,16.1,16.1,16.1,16.1,16,16.1,16.1,16.1,16.1,16,11.8,16.1,16.1,16.2,16.1,16.1,16.1,16,16.1,16.1,11.2,16.1,16.1,16.1,16,16,16.1,16.1,16.1,16.1,9.04,16.1,16,16.1,16,16,16.1,16.1,16.1,16.1,8.3,16.1,16,16.1,16.1,16.1,16.1,16.1,16.1,16.1,8.43,16,16.1,16,16.1,16.1,16.1,16.1,16,16.1,10,16.1,16,16.1,16.1,16.1,16.1,16.1,16.1,16.1,11.5,16,16.1,16.1,16.1,16.1,16.1,16.1,16.1,16.1,12,16,16.1,16,16.1,16.1,16.1,16.1,16.1,16.1,12.1,16.1,16.1,16.1,16.1,16.1,16.1,12,12.1
0.000152,12.1,16.1,16.1,16.1,16.1,16.1,16.1,16.1,16.1,16.1,16.1,11.8,16.1,16.1,16.1,16,16.1,16.1,16.1,16,16.1,11.1,16.1,16.1,16.1,16.1,16.1,16.1,16.1,16.1,16.1,9.08,16.1,16.1,16.1,16.1,16.1,16.1,16.1,16.1,16.1,8.35,16.1,16.1,16.1,16.1,16.1,16.1,16.1,16.1,16.1,8.39,16,16,16.1,16.1,16.1,16.1,16.1,16.1,16.1,10,16.1,16.1,16.1,16.1,16.1,16,16.1,16,16.1,11.6,16.1,16.1,16.1,16,16.1,16.1,16.1,16.1,16.1,12,16.1,16.1,16.1,16.1,16.1,16.1,16.1,16.1,16.1,12.1,16.1,16.1,16.1,16.1,16.1,16.1,11.9,12.1
0.000152,12.1,16.1,16.1,16.1,16.1,16.1,16.1,16.1,16.1,16.1,16.1,11.8,16.1,16.1,16.1,16,16.1,16.1,16.1,16.1,16.1,11.1,16.1,16.1,16.1,16.1,16.1,16.1,16.1,16.1,16.1,9.08,16.1,16.1,16.1,16.1,16.1,16.1,16,16.1,16.1,8.35,16.1,16.1,16.1,16.1,16.1,16.1,16.1,16.1,16.1,8.43,16,16.1,16.1,16.1,16.1,16.1,16.1,16.1,16.1,10.1,16.1,16.1,16.1,16.1,16,16.1,16.1,16.1,16.1,11.6,16.1,16.1,16.1,16.1,16,16,16,16.1,16,12,16.1,16.1,16.1,16.1,16.1,16.1,16.1,16,16,12.2,16.1,16.1,16.1,16.1,16.1,16.1,11.9,12
0.000152,12.1,16.1,16.1,16.1,16.1,16.1,16,16.1,16.1,16.1,16.1,11.8,16.1,16.1,16.1,16.1,16.1,16.1,16.1,16.1,16.1,11,16.1,16.1,16.1,16.1,16.1,16.1,16.1,16.1,16.1,9.08,16.1,16.1,16.1,16.1,16,16.1,16,16.1,16.1,8.35,16.1,16.1,16.1,16.1,16.1,16.1,16.1,16.1,16.1,8.43,16.1,16.1,16.1,16.1,16,16.1,16.1,16.1,16.1,10.1,16.1,16.1,16.1,16.1,16.1,16.1,16.1,16.1,16.1,11.6,16.1,16.1,16.1,16.1,16.1,16.1,16.1,16.1,16.1,12,16.1,16.1,16.1,16.1,16.1,16.1,16.1,16.1,16.1,12.2,16.1,16.1,16.1,16.1,16.1,16.1,11.9,11.9
0.000152,12.1,16.1,16.1,16.1,16.1,16.1,16.1,16,16,16.1,16.1,11.8,16.1,16.1,16.1,16.1,16.1,16.1,16.1,16.1,16.1,11.1,16.1,16.1,16.1,16.1,16.1,16.1,16.1,16.1,16.1,9.08,16.1,16.1,16.1,16.1,16.1,16.1,16.1,16.1,16,8.3,16.1,16.1,16.1,16.1,16.1,16.1,16.1,16.1,16.1,8.39,16.1,16.1,16.1,16.1,16.1,16.1,16.1,16,16,10.1,16.1,16.1,16.1,16.1,16.1,16.1,16.1,16.1,16,11.6,16.1,16.1,16.1,16.1,16.1,16.1,16.1,16.1,16.1,12,16,16.2,16.1,16.1,16.1,16.1,16.1,16.1,16.1,12.2,16.1,16.1,16.1,16.1,16,16.1,12,11.9
0.000153,12.1,16.1,16.1,16,16.1,16.1,16.1,16,16.1,16.1,16.1,11.8,16.1,16.1,16.1,16.1,16.1,16.1,16.1,16.1,16.1,11,16.1,16.1,16.1,16,16.1,16,16.1,16.1,16.1,9.04,16.1,16.1,16,16.1,16.1,16.1,16.1,16.1,16,8.3,16.1,16.1,16.1,16.1,16.1,16,16.1,16.1,16.1,8.43,16.1,16.1,16.1,16.1,16.1,16.1,16.1,16,16,10.2,16.1,16.1,16.1,16.1,16.1,16.1,16.1,16.1,16.1,11.7,16.1,16.1,16.1,16.1,16.1,16.1,16.1,16.1,16.1,11.9,16.1,16.1,16.1,16.1,16.1,16.1,16.1,16.1,16,12.2,16.1,16.1,16.1,16.1,16.1,16.1,12,11.8
0.000153,12.1,16.1,16.1,16,16.1,16.1,16.1,16.1,16.1,16.1,16.1,11.7,16.1,16.1,16.1,16.1,16.1,16.1,16.1,16.1,16.1,11.1,16.1,16.1,16.1,16,16.1,16.1,16.1,16.1,16.1,9.04,16.1,16.1,16.1,16.1,16.1,16.1,16.1,16.1,16,8.3,16,16.1,16.1,16.1,16.1,16.1,16,16.1,16.1,8.35,16.1,16.1,16.1,16.1,16.1,16.1,16.1,16.1,16.1,10.1,16.1,16.1,16.1,16.1,16.1,16.1,16.1,16.1,16.1,11.6,16.1,16.1,16.1,16,16.1,16.1,16.1,16.1,16.1,11.8,16.1,16.1,16.1,16.1,16.1,16.1,16,16,16.1,12.2,16.1,16.1,16.1,16.1,16.1,16.1,12,11.8
0.000153,12.1,16.1,16.1,16.1,16.1,16.1,16.1,16,16.1,16,16.1,11.8,16.1,16.1,16.1,16.1,16.1,16.1,16.1,16.1,16.1,11.1,16.1,16.1,16.1,16.1,16.1,16.1,16.1,16.1,16.1,9.04,16.1,16.1,16.1,16.1,16.1,16.1,16.1,16.1,16.1,8.3,16.1,16.1,16,16.1,16.1,16.1,16.1,16.1,16.1,8.35,16.1,16.1,16,16.1,16.1,16.1,16.1,16.1,16.1,10.2,16.1,16.1,16.1,16.1,16.1,16.1,16.1,16,16.1,11.6,16.1,16,16.1,16.1,16.1,16.1,16.1,16.1,16.1,11.8,16.1,16.1,16.1,16.1,16.1,16.1,16.1,16.1,16.1,12,16.1,16.1,16,16.1,16.1,16.1,12.1,11.8
0.000153,12.1,16,16.1,16.1,16.1,16.1,16.1,16.1,16.1,16.1,16.1,11.8,16,16.1,16.1,16.1,16.1,16.1,16.1,16.1,16.1,11.2,16.1,16.1,16.1,16.1,16.1,16,16.1,16.1,16.1,9,16.1,16.1,16.1,16.1,16.1,16.1,16.1,16.1,16.1,8.3,16.1,16.1,16.1,16.1,16.1,16.1,16.2,16.1,16.1,8.3,16.1,16.1,16.1,16.1,16.1,16.1,16.1,16.1,16.1,10.2,16.1,16.1,16.1,16.1,16.1,16.1,16.1,16.1,16.1,11.6,16.1,16,16.1,16.1,16.1,16.1,16.1,16.1,16.1,11.8,16.1,16.1,16.1,16.1,16.1,16.1,16.1,16.1,16.1,11.9,16.1,16.1,16.1,16.1,16.1,16.1,12.1,11.8
0.000153,12.1,16.1,16.1,16.1,16.1,16.1,16.1,16,16.1,16.1,16.1,11.8,16.1,16.1,16.1,16.1,16.1,16.1,16.1,16.1,16.1,11.2,16.1,16.1,16.1,16.1,16.1,16.2,16.1,16.1,16.1,8.95,16.1,16.1,16.1,16.1,16.1,16.1,16.1,16.1,16.1,8.26,16.1,16.1,16.1,16.1,16.1,16.1,16.1,16,16.1,8.3,16.1,16.1,16.1,16.1,16.1,16.1,16.1,16.1,16.1,10.1,16.1,16,16.1,16.1,16,16.1,16.1,16.1,16.1,11.5,16.1,16.1,16.1,16.1,16.1,16.1,16.1,16.1,16.1,11.8,16.1,16.1,16.1,16.1,16.1,16.1,16.1,16.1,16.1,11.9,16,16,16.1,16.1,16.1,16.1,12.1,11.9
0.000154,12.1,16,16.1,16.1,16.1,16.1,16.1,16.1,16.1,16.1,16.1,11.8,16,16.1,16.1,16.1,16.1,16.1,16.1,16.1,16,11.2,16.1,16.1,16.1,16.1,16.1,16.1,16,16.1,16.1,9.04,16,16.1,16.1,16.1,16.1,16.1,16.1,16.1,16.1,8.35,16.1,16.1,16.1,16,16.1,16.1,16.1,16.1,16,8.35,16,16.1,16.1,16.1,16.1,16.1,16.1,16.1,16.1,10.1,16.1,16,16.1,16.1,16.1,16.1,16.1,16.1,16.1,11.5,16.1,16.1,16.1,16.1,16.1,16.1,16.1,16.1,16.1,11.8,16.1,16.1,16.1,16.1,16,16.1,16.1,16.1,16,11.8,16.1,16.1,16.1,16.1,16.1,16.1,12,11.9
0.000154,12.1,16.1,16.1,16.1,16.1,16.1,16,16.1,16.1,16.1,16.1,11.8,16.1,16.1,16.1,16.1,16.1,16.1,16.1,16.1,16,11.2,16.1,16.1,16.1,16.1,16.1,16.1,16.1,16.1,16.1,9.04,16.1,16.1,16.1,16.1,16.1,16.1,16.1,16.1,16.1,8.3,16.1,16.1,16.1,16.1,16.1,16.1,16.1,16.2,16.1,8.39,16.1,16.1,16.1,16.1,16.1,16.1,16.1,16.1,16.1,10.1,16.1,16,16.1,16.1,16.1,16.1,16.1,16.1,16.1,11.5,16.1,16,16.1,16.1,16.1,16.1,16.1,16.1,16.1,11.9,16.1,16.1,16.1,16.1,16.1,16.1,16.1,16.1,16.1,11.8,16.1,16.1,16.1,16,16.1,16.1,12,11.9
0.000154,12.2,16.1,16.1,16.1,16.1,16.1,16.1,16.1,16.1,16.1,16.1,11.9,16.1,16,16.1,16.1,16.1,16.1,16.1,16.1,16.1,11.2,16,16.1,16.1,16,16.1,16.1,16.1,16.1,16,9.04,16.1,16,16.1,16.1,16.1,16.1,16.1,16.1,16.1,8.3,16.1,16.1,16.1,16.1,16.1,16.1,16.1,16.1,16.1,8.39,16.1,16.1,16.1,16.1,16.1,16.1,16.1,16,16.1,10,16.1,16,16.1,16.1,16.1,16.1,16,16.1,16.1,11.5,16.1,16.1,16.1,16.1,16.1,16.1,16,16.1,16.1,12,16.1,16.1,16.1,16.1,16.1,16,16.1,16.1,16.1,11.8,16.1,16.1,16.1,16,16.1,16,12,11.9
0.000154,12.1,16.1,16.1,16.1,16.1,16.1,16.1,16.1,16.1,16.1,16.2,11.8,16.1,16.1,16.1,16.1,16.1,16.1,16.1,16.1,16.1,11.2,16,16.1,16,16.1,16.1,16.1,16.1,16.1,16.1,9.08,16.1,16.1,16.1,16.1,16.1,16.1,16.1,16.1,16,8.3,16.1,16.1,16.1,16.1,16.1,16.1,16.1,16,16.1,8.35,16.1,16,16.1,16,16,16,16.1,16.1,16.2,10.1,16.1,16.1,16.1,16.1,16.2,16.1,16.1,16.1,16.1,11.5,16.1,16.1,16.1,16.1,16.1,16,16.1,16.1,16,12,16.1,16.1,16.1,16.1,16.1,16.1,16.1,16.1,16,11.9,16.1,16.1,16.1,16.1,16,16.1,12.1,11.9
0.000154,12.1,16.1,16.1,16.1,16.1,16.1,16.1,16.1,16,16.1,16.1,11.8,16.1,16.1,16.1,16.1,16.1,16.1,16,16.1,16.1,11.2,16.1,16.1,16,16.1,16.1,16.1,16.1,16.1,16,9.12,16,16.1,16.1,16.1,16.1,16.1,16.1,16.1,16.1,8.3,16.1,16.1,16.1,16,16.1,16.1,16.1,16.1,16,8.39,16.1,16.1,16.1,16.1,16.2,16.1,16,16.1,16.1,10.1,16.1,16.1,16.1,16,16.1,16.1,16.1,16.1,16.1,11.5,16.1,16.1,16.1,16,16.1,16.1,16.1,16.1,16.1,12,16.1,16.1,16,16.1,16.1,16.1,16.1,16.1,16.1,12,16.1,16.1,16.1,16.1,16.1,16.1,12,11.9
0.000155,12,16,16.1,16,16.1,16.1,16,16.1,16.1,16.1,16.1,11.8,16.1,16.2,16.1,16.1,16.1,16.1,16.1,16.1,16.1,11.1,16.1,16.1,16.1,16.1,16.1,16.1,16.1,16.1,16.1,9.12,16.1,16.1,16.1,16.1,16.1,16.1,16.1,16.1,16.1,8.3,16.1,16.1,16.1,16.1,16.1,16,16.1,16.1,16.1,8.39,16.1,16.1,16.1,16.1,16.1,16.1,16.1,16.1,16.1,10.1,16.1,16.1,16.1,16,16.1,16.1,16.1,16.1,16.1,11.5,16.1,16.1,16.1,16.1,16.1,16.1,16.1,16.1,16.1,12,16.1,16.1,16.1,16.1,16,16.1,16.1,16.1,16.1,12,16.1,16.1,16.1,16.1,16.1,16.1,12,12
0.000155,12,16,16.1,16.1,16,16.1,16.1,16.1,16,16.1,16.1,11.7,16.1,16,16.1,16.1,16.1,16,16.1,16.1,16.1,11.1,16.1,16.1,16,16.1,16.1,16.1,16.1,16.1,16.1,9.12,16.1,16.1,16.1,16.1,16.1,16.1,16.1,16.1,16.1,8.39,16.1,16.1,16.1,16.1,16.1,16.1,16.1,16.1,16.1,8.43,16.1,16.1,16.1,16.1,16.1,16.1,16.1,16.1,16.1,10.1,16.1,16.1,16.1,16,16.1,16.1,16.1,16.1,16.1,11.6,16.1,16.1,16.1,16.1,16.1,16.1,16.1,16.1,16.1,12,16.1,16.1,16.1,16.2,16.1,16.1,16.1,16.1,16.1,12.1,16.1,16.1,16,16.1,16.1,16.1,12,11.9
0.000155,12,16.1,16.1,16,16.1,16.1,16,16.1,16.1,16.1,16.1,11.7,16.1,16.1,16.1,16.1,16.1,16,16.1,16.1,16.1,11,16.1,16.1,16.1,16.1,16.1,16.1,16,16.1,16,9.17,16.1,16,16.1,16.1,16.1,16.1,16.1,16.1,16,8.35,16.1,16,16.1,16.1,16.1,16.1,16.1,16.1,16.1,8.43,16.1,16.1,16.1,16.2,16.1,16,16.1,16.1,16.1,10.1,16,16.1,16.1,16.1,16.2,16.1,16.1,16.1,16.1,11.6,16.1,16.1,16.1,16.1,16,16,16.1,16.1,16.1,12,16.1,16.1,16.1,16.1,16.1,16.1,16,16.1,16,12.2,16.1,16.1,16.1,16.1,16,16.1,11.9,11.9
0.000155,12,16.1,16.1,16.1,16.1,16.1,16.1,16,16,16,16.1,11.7,16,16.1,16.1,16.1,16.1,16.1,16,16.1,16.1,11.1,16.1,16.1,16.1,16.1,16.1,16,16.1,16.1,16.1,9.21,16.1,16.1,16,16.1,16.1,16.1,16,16.1,16.1,8.3,16.1,16,16.1,16.1,16.1,16.1,16.1,16.1,16.1,8.43,16,16.1,16,16.1,16.1,16.1,16.1,16.1,16.1,10.2,16.1,16.1,16.1,16.1,16.1,16.1,16.1,16.1,16.1,11.6,16,16.1,16.1,16,16.2,16.1,16,16.1,16.1,11.9,16,16.1,16.1,16,16.1,16,16.1,16.1,16.1,12.2,16.1,16.1,16.1,16.1,16,16.1,11.9,11.9
0.000155,12,16.1,16.1,16.1,16.1,16.1,16.1,16.1,16.1,16.1,16.1,11.7,16.1,16.1,16.1,16.1,16.1,16.1,16.1,16.1,16.1,11.2,16.1,16.1,16.1,16.1,16,16.1,16.1,16.1,16.1,9.12,16.1,16.1,16.1,16.1,16,16,16.1,16.1,16.1,8.35,16.1,16.1,16.1,16.1,16.1,16.1,16.1,16.1,16,8.43,16.1,16.1,16.1,16.1,16.1,16.1,16.1,16.1,16.1,10.3,16.1,16,16.1,16.1,16.1,16.1,16.1,16.1,16.1,11.6,16.1,16.1,16,16.1,16.1,16.1,16.1,16.1,16.1,11.9,16.1,16.1,16.1,16.1,16.1,16.1,16.1,16.1,16.1,12.2,16.1,16.1,16.1,16.1,16.2,16.1,11.9,11.8
0.000156,12,16.1,16.1,16.1,16.1,16.2,16.1,16.1,16.1,16.1,16.1,11.8,16.1,16.1,16.1,16.1,16.1,16.1,16.1,16.1,16.1,11.2,16.1,16.1,16.1,16.1,16.1,16.1,16.1,16.1,16,9.08,16.1,16.1,16.1,16.1,16.1,16.1,16.1,16.1,16.1,8.3,16,16.1,16.1,16.1,16.1,16,16.1,16.1,16.1,8.43,16.1,16.1,16.1,16.1,16.1,16.1,16,16.1,16.1,10.3,16.1,16.1,16.1,16.1,16.1,16.1,16.1,16.1,16.1,11.6,16.1,16.1,16.1,16.1,16.1,16.1,16.1,16.1,16.1,11.8,16.1,16.1,16.1,16.1,16,16.1,16.1,16.1,16,12.1,16.1,16,16.1,16.1,16,16.1,12,11.8
0.000156,12.1,16.1,16,16.1,16.1,16,16.1,16.2,16.1,16.1,16.1,11.8,16.1,16.1,16.1,16.1,16.1,16,16.1,16.1,16.1,11.2,16.1,16.1,16.1,16.1,16.1,16.1,16.1,16.1,16.1,9.17,16.1,16.1,16.1,16.1,16.1,16.1,16,16.1,16.1,8.3,16.1,16.1,16.1,16.1,16,16.1,16.1,16.1,16.1,8.39,16.1,16.1,16.1,16,16.1,16.1,16.1,16.1,16.1,10.3,16.1,16.1,16.1,16.1,16,16.1,16.1,16.2,16.1,11.7,16.1,16.1,16,16.1,16.1,16,16.1,16.1,16,11.8,16,16.1,16.1,16.1,16.1,16.1,16.1,16.1,16.1,12,16.1,16.1,16.1,16.1,16.1,16.1,12.1,11.8
0.000156,12.2,16.1,16.1,16.1,16.1,16.1,16.1,16.1,16,16.1,16.1,11.8,16,16.1,16.1,16.1,16,16.1,16.1,16.1,16.1,11.3,16.1,16.1,16.1,16.1,16.1,16,16.1,16.1,16.1,9.08,16.1,16.1,16.1,16.1,16.1,16.1,16,16.1,16.1,8.3,16.1,16.1,16.1,16.1,16.1,16.1,16.1,16.1,16.1,8.39,16.1,16.1,16.1,16.1,16.1,16.1,16.1,16.1,16.1,10.3,16.1,16.1,16.1,16.1,16.1,16.1,16.1,16.1,16.1,11.6,16.1,16.1,16.1,16.1,16.1,16.1,16.1,16.1,16.1,11.8,16.1,16,16,16.1,16.1,16.1,16.1,16.1,16.1,12,16.1,16.1,16,16.2,16.1,16.1,12.2,11.8
0.000156,12.2,16.1,16,16.1,16.1,16.1,16.1,16.1,16.1,16.1,16.1,11.9,16.1,16.1,16,16.1,16.1,16.1,16.1,16.1,16.1,11.3,16.1,16,16.1,16.1,16.1,16.1,16.1,16.1,16.1,9.17,16.1,16.1,16.1,16.1,16,16.1,16.1,16.1,16.1,8.3,16,16.1,16.1,16.1,16.1,16.1,16,16.1,16.1,8.39,16.1,16.1,16.1,16.1,16.1,16.1,16.1,16.1,16.1,10.3,16.1,16.1,16.1,16.1,16.1,16.1,16.1,16,16.1,11.6,16.1,16.1,16.1,16,16.1,16.1,16.1,16.1,16.1,11.8,16.1,16.1,16.1,16.1,16.1,16.1,16.1,16.1,16.1,11.9,16.1,16.1,16.1,16.1,16.1,16.1,12.2,11.9
0.000156,12.2,16.1,16.1,16.1,16,16.1,16.1,16.1,16.1,16.1,16.1,11.8,16.2,16.1,16.1,16.1,16.1,16.1,16.1,16.1,16.1,11.3,16.1,16.1,16.1,16.1,16,16.1,16.1,16.1,16.1,9.17,16.1,16.1,16.1,16.1,16.1,16.1,16.1,16,16.1,8.35,16.1,16.1,16.1,16.1,16,16.1,16.1,16.1,16.1,8.43,16,16.1,16.1,16.1,16,16.1,16.1,16.1,16.1,10.3,16,16.1,16,16.1,16.1,16.1,16.1,16.1,16.1,11.6,16.1,16.1,16.1,16.1,16.1,16.1,16,16.1,16.1,11.8,16.1,16.1,16.1,16.1,16.1,16.1,16.1,16.1,16,11.9,16.1,16.1,16.1,16.1,16.1,16.1,12.2,11.8
0.000157,12.2,16.1,16.1,16.1,16.1,16.1,16.1,16.1,16.1,16.1,16.1,11.8,16.1,16,16.1,16.1,16.1,16.1,16.1,16.1,16.1,11.3,16.1,16.1,16.1,16.1,16.1,16.1,16.1,16.1,16.1,9.17,16.1,16.1,16.1,16.1,16.1,16.1,16.1,16.1,16,8.43,16.1,16.1,16.1,16.1,16.1,16.1,16.1,16.1,16.1,8.43,16.1,16.1,16.1,16,16.1,16.1,16.1,16.1,16.1,10.2,16.1,16,16.1,16.1,16.1,16.1,16.1,16.1,16.1,11.6,16.1,16.1,16.1,16.1,16.1,16.1,16,16,16.1,11.9,16.1,16.1,16,16.1,16.1,16.1,16,16.1,16.1,11.8,16.1,16.1,16,16.1,16.1,16.1,12.2,11.9
0.000157,12.2,16.1,16.1,16.1,16.1,16.1,16.1,16.1,16.1,16.1,16.1,11.8,16.1,16.1,16.2,16.1,16.2,16,16.1,16.1,16.1,11.2,16,16,16.1,16.1,16.1,16.1,16.1,16.1,16.1,9.17,16,16,16,16.1,16.1,16.1,16.1,16.1,16.1,8.52,16.1,16.1,16,16.1,16.1,16,16.1,16.1,16.1,8.48,16.1,16.1,16.1,16.1,16.1,16.1,16.1,16.1,16.1,10.2,16.1,16.1,16.1,16.1,16.1,16.1,16.1,16.1,16.1,11.5,16,16,16.1,16.1,16.1,16.1,16.1,16.1,16.1,11.8,16.1,16.1,16.1,16.1,16.1,16.1,16.1,16.1,16.1,11.8,16.1,16.1,16.1,16.1,16.1,16.1,12.2,11.8
0.000157,12.4,16.1,16.1,16.1,16.1,16.1,16.1,16.1,16.1,16.1,16.1,11.8,16.1,16.1,16.1,16.1,16,16.1,16.1,16.2,16.1,11.2,16.1,16.1,16.1,16.1,16.1,16.1,16,16.1,16.1,9.17,16.1,16.1,16.1,16.1,16.1,16.1,16.1,16.1,16.1,8.56,16.1,16.1,16.1,16.1,16.1,16,16.1,16.1,16.1,8.43,16.1,16.1,16.1,16.1,16.1,16.1,16.1,16.1,16.1,10.1,16.1,16.1,16.1,16.1,16.1,16.1,16.1,16.1,16.1,11.5,16.1,16.1,16,16.1,16.1,16.1,16.1,16.1,16.1,11.9,16.1,16.1,16.1,16.1,16.1,16.1,16.1,16,16.1,11.9,16.1,16.1,16.1,16.1,16,16.1,12,11.9
0.000157,13.8,16.1,16,16.1,16.1,16.1,16.1,16,16.1,16.1,16,11.8,16.1,16.1,16.1,16.1,16.1,16.1,16.1,16.1,16.1,11.2,16.1,16.1,16.1,16.1,16.1,16.1,16.1,16.1,16.1,9.17,16.1,16,16.1,16,16.1,16.1,16,16.1,16,8.61,16.1,16.1,16.1,16.1,16.1,16.1,16.1,16.1,16.1,8.48,16.1,16.1,16.1,16.1,16,16,16.1,16.1,16.1,10.1,16.1,16.1,16.1,16.1,16.1,16.1,16.1,16.1,16.1,11.6,16.1,16.1,16.1,16.1,16.1,16.1,16.1,16.1,16.1,11.9,16,16.1,16.1,16.1,16.1,16.1,16.1,16.1,16.1,12,16.1,16.1,16.1,16.1,16.2,16.1,12,11.9
0.000157,15.9,16.1,16.1,16.1,16.1,16,16.1,16.1,16.1,16.1,16.1,11.8,16.1,16.1,16.1,16.1,16.1,16.1,16.1,16.1,16,11.1,16.1,16.1,16.1,16.1,16.1,16.1,16.1,16.1,16.1,9.21,16.1,16.1,16.1,16.1,16.1,16.1,16.1,16.1,16.1,8.61,16.1,16.1,16,16.1,16.1,16.1,16.1,16.1,16.1,8.48,16.1,16.1,16.1,16.1,16,16.1,16.1,16.1,16,10.1,16,16.1,16.1,16,16.1,16.1,16,16.1,16.2,11.6,16.1,16.1,16.1,16,16.1,16.1,16.1,16.1,16,11.9,16.1,16.1,16.1,16.1,16.1,16,16.1,16.1,16.1,12,16.1,16.1,16.1,16.1,16.1,16.1,11.8,11.9
0.000158,16.1,16.1,16.1,16.1,16.1,16.1,16.1,16.1,16.1,16.1,16,11.7,16.1,16.1,16,16.1,16.1,16.1,16,16.1,16.1,11.1,16,16,16.1,16,16.1,16,16,16.1,16.1,9.21,16.1,16.1,16.1,16.1,16.1,16,16.1,16.1,16.1,8.52,16.1,16.1,16.1,16.1,16.1,16,16.1,16.1,16.1,8.43,16.1,16.1,16.1,16.1,16.1,16.1,16.1,16.1,16.1,10.1,16.1,16.1,16.1,16.1,16.1,16.1,16.1,16.1,16.1,11.6,16.1,16.1,16.1,16.1,16.1,16,16.1,16.1,16.1,11.9,16.1,16.1,16.1,16,16.1,16.1,16.1,16.1,16.1,12.1,16.1,16.1,16,16.1,16.1,16,11.8,11.9
0.000158,16.1,16.1,16.1,16.1,16.1,16.1,16.1,16.1,16.1,16.1,16,11.8,16.1,16.1,16.1,16.1,16.1,16.1,16.1,16.1,16.1,11.1,16.1,16.1,16.1,16,16.1,16.1,16.1,16.1,16.1,9.3,16.1,16.2,16.1,16.1,16.1,16.1,16.1,16.1,16,8.52,16.1,16.1,16.1,16.1,16,16.2,16.1,16.1,16,8.48,16.1,16,16,16.1,16.1,16.1,16.1,16.1,16,10.2,16.1,16,16.1,16.1,16.1,16.1,16.1,16.1,16.1,11.5,16.1,16,16,16,16.1,16.1,16.1,16.1,16.1,11.8,16.1,16.1,16.1,16.1,16.1,16.1,16,16,16.1,12.1,16,16.1,16.1,16.1,16.1,16.1,11.8,11.9
0.000158,16,16.1,16.1,16.1,16,16.1,16.1,16.1,16.1,16.1,16.1,11.8,16.1,16.1,16.1,16.1,16,16.1,16.1,16.1,16.1,11.1,16.1,16.1,16.1,16.1,16.1,16.1,16.1,16.1,16.1,9.3,16.1,16.1,16.1,16.1,16,16,16.1,16.1,16.1,8.43,16.1,16.1,16.1,16,16,16.1,16.1,16.1,16.1,8.48,16,16.1,16.1,16.1,16.1,16.1,16.2,16.1,16.1,10.2,16.1,16.1,16.1,16,16.1,16.1,16.1,16.1,16.1,11.6,16.1,16.1,16.1,16,16.1,16.1,16.1,16.1,16.1,11.9,16,16.1,16.1,16.1,16,16.1,16.1,16.1,16.1,12.1,16.1,16.1,16.1,16,16.1,16.1,11.9,11.9
0.000158,16,16,16.1,16.1,16.1,16.1,16.1,16.1,16.1,16.1,16.1,11.8,16.1,16.1,16.1,16.1,16.1,16.1,16,16.1,16.1,11.1,16.1,16.1,16.1,16.1,16.1,16.1,16.1,16.1,16.1,9.3,16.1,16,16.1,16.1,16.1,16.1,16.1,16.1,16,8.43,16.1,16.1,16,16.1,16.1,16.1,16.1,16.1,16.1,8.52,16.1,16.1,16.1,16.1,16.1,16.1,16.1,16.1,16.1,10.2,16.1,16.1,16.1,16.1,16.1,16.1,16.1,16.1,16.1,11.6,16.1,16.1,16,16,16.1,16.1,16.1,16.1,16.1,11.9,16.1,16,16,16.1,16.1,16.1,16.1,16.1,16.1,12.1,16,16.1,16.1,16.1,16,16.1,11.9,11.9
0.000158,16,16.1,16.1,16,16,16.1,16.1,16.1,16.1,16.1,16.1,11.8,16.1,16.1,16.2,16.1,16.1,16.1,16.1,16.1,16.1,11.2,16.1,16.1,16.1,16.1,16.1,16,16.1,16.1,16,9.25,16.1,16.1,16.1,16.2,16.1,16,16.1,16.1,16.1,8.39,16.1,16.1,16.1,16.1,16.1,16.1,16.1,16.1,16.1,8.48,16,16.1,16.1,16.1,16.1,16.1,16.1,16.1,16.1,10.2,16,16,16.1,16.1,16.1,16,16.1,16.1,16.1,11.6,16.1,16.1,16.1,16.1,16.1,16.1,16.1,16.1,16.1,12,16.1,16.1,16.1,16.1,16.1,16.1,16.1,16.1,16,12.1,16.1,16.1,16.1,16.1,16.1,16.1,12.1,11.9
0.000159,16.1,16.1,16.1,16,16.1,16.1,16.1,16.1,16,16.1,16,11.8,16.1,16,16.1,16.1,16.1,16,16.1,16.1,16.1,11.2,16.1,16.1,16.1,16.1,16.1,16,16.1,16.1,16.1,9.25,16.1,16.1,16.1,16.1,16.1,16.1,16.1,16.1,16.1,8.43,16,16.1,16.1,16.1,16.1,16.1,16.1,16.1,16.1,8.48,16,16.1,16,16.1,16.1,16,16,16.1,16.1,10.3,16.1,16.1,16.1,16.1,16.1,16.1,16.1,16.1,16,11.6,16.1,16.1,16.1,16.1,16.1,16.1,16.1,16.1,16.1,12,16.1,16.1,16.1,16.1,16.1,16.1,16.1,16.1,16.1,12,16.1,16.1,16.1,16.1,16,16.1,12.1,11.8
0.000159,16.1,16.1,16.1,16.1,16.1,16.1,16.1,16.1,16,16.1,16.1,11.8,16.1,16.1,16.1,16.1,16.1,16.1,16.1,16.1,16.1,11.2,16,16.1,16.1,16.1,16.1,16.1,16.1,16.1,16.1,9.25,16.1,16.1,16,16.1,16.1,16.1,16.1,16.1,16.1,8.48,16.1,16.1,16.1,16.1,16.1,16.1,16.1,16.1,16.1,8.43,16,16.1,16,16.1,16.1,16,16.1,16.1,16.1,10.3,16.1,16.1,16.1,16.1,16,16.1,16.1,16.1,16.1,11.6,16.1,16.1,16.1,16.1,16.1,16,16.1,16.1,16.1,11.9,16.1,16.1,16.1,16.1,16.1,16.1,16.1,16.1,16.1,12,16.1,16.1,16.1,16.1,16.1,16.1,12.2,11.8
0.000159,16.1,16,16.1,16.1,16,16.1,16.1,16.1,16.1,16.1,16.1,11.8,16.1,16.1,16,16,16.1,16,16.1,16.1,16.1,11.3,16.1,16.1,16.1,16.1,16.1,16,16,16.1,16,9.25,16.1,16.1,16.1,16.1,16.1,16.1,16.1,16.1,16.1,8.52,16.1,16.1,16.1,16.1,16.1,16.1,16.1,16.1,16,8.48,16.1,16.1,16.1,16.1,16.1,16.1,16.1,16.1,16.1,10.3,16.1,16.1,16.1,16.1,16.1,16.1,16.1,16.1,16.1,11.6,16.1,16.1,16,16.1,16.1,16,16,16.1,16,11.8,16.1,16.1,16.1,16.1,16.1,16.1,16,16.1,16.1,11.9,16.1,16.1,16.1,16.1,16.1,16.1,12.2,11.9
0.000159,16.1,16.1,16.1,16.1,16.1,16.1,16.1,16.1,16,16.1,16.1,11.8,16.1,16,16.1,16.1,16.1,16,16.1,16.1,16.1,11.3,16,16.1,16.1,16.1,16.1,16,16.1,16.1,16.1,9.25,16.1,16.1,16.1,16.1,16.1,16.1,16.1,16.1,16.1,8.56,16.1,16.1,16,16,16.1,16.1,16.1,16.1,16.1,8.48,16.1,16.1,16.1,16,16.2,16,16.1,16,16,10.3,16.1,16,16.1,16.1,16.1,16.1,16,16.1,16.1,11.7,16.1,16.1,16.1,16.1,16.1,16.1,16.1,16.1,16.1,11.8,16.1,16,16.1,16.1,16.1,16,16,16.1,16.1,11.8,16.1,16.1,16.1,16.1,16.1,16.1,12.2,11.9
0.000159,16.1,16.1,16.1,16.1,16.1,16.1,16.1,16.1,16.1,16.1,16.1,11.8,16.1,16,16.1,16.1,16.1,16.1,16.1,16,16.1,11.3,16.1,16.1,16.1,16.1,16.1,16.1,16.1,16.1,16.1,9.25,16.1,16.1,16.1,16.1,16.1,16.1,16.1,16.1,16.1,8.56,16.1,16.1,16.1,16.1,16,16.1,16.1,16.1,16.1,8.52,16.1,16,16.1,16.1,16.1,16,16.1,16.1,16.1,10.2,16.1,16.1,16,16.1,16.1,16.1,16.1,16,16.1,11.7,16.1,16.1,16,16.1,16.1,16.1,16.1,16,16.1,11.9,16,16.2,16.1,16.1,16.1,16.1,16.1,16.1,16.1,11.8,16.1,16.1,16,16,16.1,16.1,12.1,11.8
0.00016,16.1,16,16.1,16.1,16.1,16.1,16.1,16.1,16.1,16.1,16.1,11.8,16,16.1,16.1,16.1,16.1,16.1,16.1,16.1,16.1,11.2,16.1,16.1,16.1,16.1,16.1,16.1,16,16.1,16.1,9.3,16.1,16.1,16.1,16.1,16.1,16.1,16.1,16.1,16.1,8.48,16.1,16.1,16.1,16.1,16,16.1,16.1,16.1,16.1,8.52,16.1,16.1,16.1,16.1,16.1,16,16,16.1,16.1,10.3,16.1,16.1,16.1,16.1,16.1,16.1,16.1,16.1,16,11.8,16.1,16.1,16.1,16.1,16.1,16.1,16.1,16.1,16.1,11.8,16.1,16.1,16.1,16.1,16.1,16.1,16.1,16.1,16.1,11.8,16.1,16.1,16.1,16.1,16.1,16.1,12,11.9
0.00016,16.1,16.1,16.1,16.1,16.1,16.1,16,16.1,16.1,16.1,16.1,11.8,16.1,16.1,16.1,16,16.1,16,16.1,16.1,16,11.2,16.1,16.1,16.1,16.1,16,16.1,16,16,16.1,9.3,16.1,16.1,16.1,16.1,16.1,16.1,16.1,16.1,16.1,8.43,16.1,16.1,16.1,16.1,16.1,16.1,16.1,16.1,16.1,8.48,16.1,16.1,16.2,16.1,16.1,16.1,16.1,16,16,10.2,16.1,16.1,16.1,16.1,16.1,16.1,16.1,16.1,16.1,11.7,16,16.1,16.1,16.1,16.1,16.1,16.1,16.1,16.1,11.8,16.1,16.1,16.1,16.1,16.1,16,16.1,16.1,16.1,11.8,16.1,16.1,16.1,16.1,16,16.1,12,11.9
0.00016,16.1,16.1,16.1,16.1,16.1,16.1,16.1,16.1,16.1,16.1,16.1,11.8,16,16,16.1,16.1,16.1,16.1,16.1,16.1,16.1,11.1,16.1,16.1,16.1,16.1,16.1,16.1,16.1,16,16.1,9.3,16.1,16.1,16,16.1,16.1,16.1,16.1,16.1,16.1,8.35,16,16.1,16.1,16,16.1,16.1,16.1,16.1,16.1,8.48,16.1,16.1,16.1,16.1,16.1,16.1,16.1,16.1,16.1,10.2,16.1,16.1,16,16.1,16.1,16,16.1,16.1,16.1,11.7,16.1,16.1,16.1,16.1,16.1,16.1,16.1,16.1,16.1,11.9,16.1,16.1,16.1,16.1,16.1,16,16.1,16.1,16.1,11.8,16.1,16.1,16.1,16.1,16.1,16.1,11.9,11.9
0.00016,16.1,16.1,16.1,16.1,16.1,16.1,16.1,16,16.1,16.1,16.1,11.8,16.1,16.1,16,16.1,16,16.1,16.1,16.1,16,11.1,16.1,16.2,16.1,16.1,16,16.1,16.1,16.1,16.1,9.38,16.1,16.1,16.1,16.1,16.1,16.1,16.1,16.1,16.1,8.3,16.1,16.2,16,16.1,16.1,16.1,16,16.1,16.1,8.56,16.1,16.1,16.1,16.1,16.1,16,16.1,16.1,16.1,10.2,16,16.1,16.1,16.1,16,16.1,16.1,16,16,11.6,16.1,16,16.1,16.1,16.1,16.1,16.1,16.1,16.1,11.9,16.1,16.1,16.1,16.1,16.1,16,16.1,16.1,16.1,12,16.1,16,16.1,16.1,16,16.1,11.9,12
0.00016,16.1,16.1,16.1,16,16.1,16.1,16,16,16.1,16,16.1,11.8,16,16.2,16.1,16.1,16,16.1,16.2,16.1,16.1,11.1,16.1,16.1,16.1,16.1,16.1,16,16.1,16.1,16.1,9.43,16,16.1,16.1,16.1,16.1,16.1,16.1,16.1,16.1,8.3,16.1,16.2,16.1,16.1,16.1,16.1,16.1,16.1,16.1,8.52,16.1,16,16.1,16.1,16.1,16.1,16.1,16.1,16.1,10.2,16.1,16.1,16.1,16.1,16.1,16.1,16,16.1,16.1,11.6,16.1,16.1,16.1,16.1,16.1,16.1,16.1,16.1,16.1,12,16.1,16,16.1,16.1,16.1,16.1,16.1,16.1,16.1,12,16.1,16.1,16.1,16.1,16.1,16.1,11.9,11.9
0.000161,16.1,16.1,16.1,16.1,16.1,16.1,16.1,16.1,16,16.1,16.1,11.8,16.1,16.1,16.1,16.1,16.1,16.1,16.1,16.1,16.1,11.2,16.1,16.1,16.1,16.1,16.1,16.1,16.2,16.1,16,9.43,16.1,16.1,16.1,16,16.1,16.1,16.1,16.1,16,8.35,16.1,16.1,16.1,16,16.1,16.1,16,16.1,16.1,8.56,16.2,16.1,16.1,16.1,16.1,16.1,16.1,16,16.1,10.3,16.1,16.1,16,16.1,16.1,16.1,16.1,16.1,16.1,11.5,16.1,16.1,16.1,16.1,16.1,16.1,16,16.1,16.1,12,16,16.1,16.1,16.1,16,16.1,16.1,16.1,16.1,12,16.1,16.1,16.1,16,16.1,16.1,11.9,11.9
0.000161,16.1,16.1,16.1,16.1,16.1,16.1,16.1,16,16.1,16,16.1,11.8,16.1,16.1,16.1,16.1,16.1,16.1,16.1,16.1,16.1,11.2,16,16.1,16.1,16.1,16.1,16.1,16,16.1,16.1,9.38,16.1,16.1,16.1,16.1,16.1,16,16.1,16.1,16.1,8.35,16.1,16.1,16.1,16.1,16.1,16.1,16.1,16.1,16,8.56,16.2,16.1,16.1,16.1,16.1,16.1,16,16.1,16,10.3,16.1,16.1,16.1,16,16,16.1,16.1,16,16.1,11.5,16.1,16.1,16,16.1,16.1,16,16.1,16.1,16.1,12,16.1,16.1,16.1,16.1,16.1,16.1,16.1,16.1,16.1,12.1,16.1,16.1,16.1,16.1,16.1,16,11.9,11.9
0.000161,16.1,16.1,16.1,16.1,16.1,16.1,16.1,16.1,16.1,16.1,16.1,11.8,16.1,16.1,16.1,16.1,16,16.1,16.1,16,16,11.2,16.1,16,16.1,16.1,16.1,16.1,16.1,16.1,16.1,9.43,16.1,16.1,16.1,16.1,16.1,16.1,16.1,16.1,16.1,8.48,16,16.1,16.1,16.1,16.1,16.1,16,16.1,16,8.61,16.1,16,16.1,16.1,16.1,16.1,16.1,16.1,16.1,10.3,16.1,16.1,16.1,16.1,16.1,16.1,16.1,16.1,16.1,11.5,16.1,16.1,16.1,16.1,16.1,16.1,16,16.1,16,11.9,16.1,16.1,16.1,16.1,16.1,16.1,16.1,16.1,16,12,16.1,16.1,16.1,16,16,16.1,11.9,11.9
0.000161,16,16.1,16.1,16.1,16.1,16.1,16.1,16.1,16.2,16.1,16.1,11.8,16.1,16.1,16,16.1,16.1,16.1,16.1,16.1,16.1,11.2,16,16.1,16.1,16.1,16.1,16,16.1,16.1,16,9.38,16,16.1,16.1,16.1,16.1,16.1,16.1,16.1,16.1,8.48,16.1,16.1,16,16.1,16,16.1,16.1,16.1,16.1,8.61,16.1,16.1,16.1,16.1,16.1,16.1,16.1,16.1,16.1,10.3,16.1,16.1,16.1,16,16.1,16.1,16.1,16.1,16.1,11.5,16.1,16.1,16,16.1,16.1,16.1,16.1,16.1,16.1,11.9,16.1,16.1,16.1,16.1,16.1,16.1,16.1,16,16.1,12,16,16.1,16.1,16.1,16.1,16.1,11.9,11.9
0.000161,16.1,16.1,16.1,16.1,16.1,16.1,16.1,16.1,16.1,16.1,16.1,11.8,16,16.1,16.2,16.1,16.1,16.1,16.1,16.1,16.1,11.2,16,16.1,16.1,16.1,16.1,16.1,16.1,16.1,16.1,9.34,16,16.1,16.1,16.1,16.1,16.1,16.1,16.1,16.1,8.48,16,16.1,16.1,16.1,16.1,16.1,16.1,16.1,16.1,8.56,16.1,16.1,16.1,16.1,16.1,16.1,16,16.1,16.1,10.3,16.1,16.1,16.1,16.1,16.1,16.1,16.1,16.1,16,11.5,16.1,16.1,16.1,16.1,16,16.1,16.1,16.1,16,11.9,16.1,16,16.1,16.1,16,16,16.1,16.1,16.1,12,16.1,16.1,16.1,16.1,16.1,16.1,12,11.8
0.000162,16.1,16.1,16.1,16.1,16.1,16.1,16.1,16,16,16.1,16.1,11.8,16.1,16.1,16.1,16.1,16.1,16.1,16,16.1,16.1,11.2,16.1,16.1,16.1,16.1,16,16.1,16.1,16.1,16.1,9.3,16.1,16.1,16.1,16.1,16,16.1,16.1,16.2,16.1,8.52,16.1,16,16.1,16.1,16.1,16.1,16.1,16.1,16.1,8.56,16.1,16.1,16,16,16.1,16.1,16.1,16.1,16.1,10.3,16.1,16.1,16.1,16,16.1,16,16.1,16.1,16.1,11.6,16.1,16.1,16.1,16.1,16.1,16.1,16.1,16.1,16.1,11.8,16,16,16.1,16.1,16.1,16.1,16.1,16.1,16.1,11.9,16,16.1,16.1,16,16.1,16.1,12,11.8
0.000162,16.1,16.1,16.1,16.1,16.1,16,16.1,16.1,16.1,16.1,16.1,11.8,16.1,16.1,16.1,16.1,16,16.1,16.1,16.1,16.1,11.3,16,16.1,16,16,16.1,16.1,16.1,16.1,16.1,9.38,16.1,16.1,16.1,16.1,16.1,16.1,16.1,16.1,16.1,8.52,16.1,16.1,16.1,16.1,16.1,16.1,16.1,16.1,16.1,8.61,16,16.1,16,16.1,16.1,16.1,16.1,16.1,16.1,10.3,16.1,16.1,16.1,16.1,16.1,16.1,16.1,16.1,16.1,11.7,16.1,16,16.1,16.1,16.1,16,16,16.1,16,11.8,16,16.1,16.1,16.1,16.1,16.1,16.1,16.1,16.1,12,16,16.1,16.2,16.1,16.1,16.1,12,11.9
0.000162,16.1,16.1,16,16.1,16.1,16.1,16.1,16.1,16.1,16.1,16.1,11.8,16.1,16.1,16.1,16,16.1,16.1,16.1,16.1,16.1,11.3,16.1,16.1,16.1,16.1,16,16.1,16.1,16.1,16.1,9.38,16.1,16,16.1,16,16.1,16.1,16.1,16.1,16,8.48,16.1,16.1,16.1,16.1,16.1,16.1,16.1,16,16.1,8.61,16.1,16.1,16.1,16.1,16.1,16.1,16.1,16,16.1,10.2,16.1,16,16.1,16,16,16.1,16,16.1,16.1,11.7,16.1,16.1,16.1,16.1,16.1,16,16.1,16.1,16.1,11.8,16.1,16,16.1,16.1,16.1,16.1,16.1,16.1,16.1,11.9,16.1,16.1,16.1,16.1,16.1,16.1,12,11.9
0.000162,16.1,16.1,16.1,16.1,16.1,16.1,16.1,16.1,16.1,16.1,16.1,11.8,16.1,16.1,16,16,16.1,16.1,16.1,16.1,16.1,11.3,16.1,16.1,16.1,16.1,16.1,16.1,16.1,16.1,16,9.47,16.1,16.1,16.1,16.1,16.1,16.1,16.1,16.1,16.1,8.43,16,16.1,16.1,16.1,16,16.1,16,16.1,16.1,8.61,16.1,16.1,16.1,16.1,16.1,16.1,16.1,16,16.1,10.2,16.1,16.1,16,16.1,16.1,16.1,16.1,16,16.1,11.7,16.1,16,16.1,16.1,16.1,16.1,16.1,16.1,16.1,11.8,16.1,16.1,16.1,16.1,16.1,16.1,16.1,16,16,11.9,16.1,16.1,16.1,16.1,16.1,16.1,12,11.8
0.000162,16.1,16.1,16.1,16.1,16.1,16,16.1,16.1,16.1,16.1,16.1,11.8,16.1,16.1,16.1,16.1,16.1,16.1,16.1,16.1,16.1,11.3,16.1,16.1,16.1,16,16.1,16.1,16.1,16.1,16.1,9.64,16.1,16.1,16.1,16,16.1,16,16.1,16.1,16.1,8.39,16.1,16.1,16.1,16.1,16.1,16.1,16,16.1,16.1,8.56,16.1,16.1,16.1,16.1,16,16.1,16,16,16.1,10.2,16,16.1,16.1,16,16.1,16.1,16.1,16.1,16.1,11.6,16.1,16,16.1,16.1,16.1,16.1,16.1,16.1,16.1,11.8,16,16.1,16,16.1,16.1,16.1,16,16.1,16.1,12,16.1,16,16.1,16.2,16.1,16.1,12,11.8
0.000163,16.1,16.1,16.1,16.1,16.1,16,16.1,16,16.1,16.1,16.1,11.8,16.1,16,16.1,16.1,16,16.1,16.1,16.1,16,11.3,16.1,16.1,16.1,16.1,16.1,16.1,16.1,16.1,16.1,9.69,16.1,16.1,16,16.1,16.1,16.1,16.1,16.1,16.1,8.39,16.1,16.1,16,16.1,16.1,16.1,16.1,16.1,16,8.61,16.1,16.1,16.1,16.1,16.1,16.1,16.1,16.1,16.1,10.2,16.1,16.1,16.1,16,16.1,16.1,16.1,16.1,16.1,11.6,16.1,16.1,16.1,16,16.1,16.1,16.1,16,16.1,11.8,16.1,16.1,16.1,16.1,16.1,16.1,16.1,16.1,16.1,12,16.1,16.1,16.1,16.1,16.1,16.1,11.9,11.9
0.000163,16.1,16.1,16.1,16.1,16.1,16.1,16.1,16.1,16.1,16.1,16,11.9,16.1,16.1,16.1,16.1,16.1,16,16.1,16.1,16.1,11.3,16,16.1,16.1,16.1,16.1,16.1,16.1,16.1,16.1,9.73,16.1,16,16.1,16.1,16.1,16.1,16.1,16.1,16,8.39,16.1,16.1,16,16.1,16,16.1,16.1,16,16.1,8.65,16.1,16.1,16.1,16.1,16.1,16.1,16.1,16.1,16.1,10.3,16.1,16.1,16.1,16.1,16.1,16.1,16.1,16,16.1,11.6,16,16.1,16.1,16.1,16.1,16.1,16.1,16,16,11.9,16.1,16.1,16.1,16.1,16,16,16.1,16.1,16.1,12,16.1,16.1,16.1,16.1,16.1,16.1,11.9,11.9
0.000163,16.1,16.1,16.1,16.1,16.1,16.1,16.1,16.1,16.1,16.1,16.1,11.8,16.1,16,16.1,16.1,16.1,16.1,16.1,16.1,16.1,11.2,16.1,16.1,16.1,16.1,16,16.1,16.1,16.1,16.1,9.73,16.1,16.1,16.1,16.1,16.1,16.1,16.1,16.1,16.1,8.39,16.1,16.1,16,16.1,16.1,16.1,16.1,16.1,16.1,8.65,16.1,16.1,16.1,16.1,16.1,16.1,16.1,16.1,16.1,10.4,16.1,16,16.1,16.1,16,16.1,16.1,16.1,16.1,11.5,16,16.1,16.1,16.1,16.1,16.1,16.1,16.1,16,11.9,16,16,16.1,16,16.1,16,16.1,16.1,16.1,12,16.1,16.1,16.1,16.1,16,16,11.9,12
0.000163,16.1,16.1,16.1,16.1,16.1,16.1,16.1,16.1,16.1,16.1,16.1,11.9,16,16.1,16.1,16.1,16.1,16,16.1,16.1,16.1,11.2,16.1,16.1,16.1,16.1,16.1,16.1,16.1,16.1,16.1,9.73,16.1,16.1,16.1,16.1,16.1,16.1,16.1,16.1,16.1,8.39,16,16.1,16.1,16,16.1,16.1,16,16.1,16.1,8.65,16.1,16.1,16.1,16.1,16.1,16.1,16.1,16,16,10.5,16.1,16.1,16.1,16,16.1,16.1,16.1,16.1,16.1,11.5,16,16.1,16.1,16.1,16.1,16.1,16.1,16.1,16.1,12,16.1,16,16.1,16.1,16.1,16.1,16.1,16.1,16.1,12,16.1,16.1,16.1,16.1,16.1,16.1,11.8,12
0.000163,16.2,16.1,16,16.1,16.1,16.1,16.1,16.1,16.1,16.1,16.1,11.9,16,16,16.1,16.1,16.1,16.1,16.1,16.1,16.1,11.2,16.1,16.1,16.1,16,16.1,16.1,16.1,16.1,16.1,9.64,16.1,16.1,16,16.1,16.1,16.1,16.1,16.1,16,8.39,16.1,16,16.1,16.1,16.1,16,16.1,16.1,16.1,8.65,16.1,16.1,16.1,16,16,16.1,16.1,16.1,16.1,10.5,16.1,16.1,16.1,16.1,16.1,16,16.1,16.1,16.1,11.5,16.1,16.1,16.1,16.1,16.1,16.1,16.1,16.1,16.2,12,16.1,16,16.1,16.1,16.1,16.1,16,16,16.1,12,16.1,16.1,16,16.1,16.1,16.1,11.9,12
0.000164,16.1,16.1,16.1,16.1,16.1,16.1,16.1,16.1,16.1,16.1,16.1,11.8,16,16.1,16.1,16.1,16.1,16.1,16.1,16.1,16.1,11.2,16.1,16.1,16.1,16.1,16.1,16.1,16.1,16.1,16.1,9.6,16.1,16.1,16.1,16.1,16.1,16.1,16.1,16.1,16,8.43,16,16.1,16.1,16.1,16.1,16.1,16,16.2,16.1,8.65,16.1,16.1,16,16.1,16.1,16.1,16.1,16.1,16.1,10.5,16,16,16,16,16.1,16.1,16.1,16.1,16.1,11.5,16.1,16,16.1,16.1,16.1,16.1,16,16.1,16.1,12,16.1,16.1,16,16.1,16,16.1,16.1,16.1,16.1,12,16.1,16.1,16,16.1,16.1,16.1,11.9,12.1
0.000164,16.1,16.1,16.1,16.1,16.1,16.1,16.1,16.1,16,16.1,16,11.9,16.1,16.1,16.1,16.1,16.1,16,16.1,16,16.1,11.2,16.1,16.1,16,16.1,16.1,16.1,16.1,16.1,16.1,9.51,16,16.1,16,16.1,16.2,16.1,16.1,16.1,16.1,8.39,16.1,16.1,16.1,16,16.1,16.1,16,16,16.1,8.65,16.1,16.1,16.1,16.1,16.1,16.1,16.1,16,16.1,10.4,16.1,16.1,16.1,16.1,16,16.1,16,16.1,16,11.5,16.1,16.1,16.1,16.1,16.1,16.1,16,16.1,16.1,12,16.1,16,16.1,16.1,16.1,16.1,16.1,16.1,16.1,11.9,16.1,16.1,16.1,16.1,16.1,16.1,11.9,12.1
0.000164,16.1,16.1,16.1,16.1,16.1,16,16,16,16.1,16.1,16.1,11.8,16.1,16.1,16.1,16.1,16,16.1,16.1,16.1,16.1,11.2,16.1,16.1,16.1,16.1,16,16.1,16.1,16.1,16.1,9.47,16.1,16.2,16.1,16.1,16.1,16.1,16.1,16.1,16,8.43,16.1,16.1,16.1,16.1,16.1,16.1,16.1,16.1,16.1,8.69,16.1,16.1,16.1,16.1,16.1,16.1,16.1,16.1,16.1,10.4,16.1,16.1,16.1,16.1,16.1,16.1,16.1,16.1,16.1,11.5,16.1,16,16.1,16.1,16,16,16.1,16,16.1,11.9,16.1,16.1,16.1,16.1,16.1,16.1,16.1,16,16.1,11.9,16,16,16,16.1,16.1,16.1,12,12
0.000164,16.1,16.1,16.1,16.1,16.1,16.1,16.1,16.1,16.1,16.1,16.1,11.8,16.1,16.1,16.1,16.1,16.1,16,16.1,16.1,16.1,11.2,16,16.1,16.1,16,16.1,16.1,16.1,16,16.1,9.43,16.1,16,16.1,16.1,16.1,16.1,16.1,16,16.1,8.48,16.1,16.1,16.1,16.1,16.1,16.1,16.1,16.1,16.1,8.65,16.1,16.1,16.1,16.1,16.1,16.1,16.1,16,16.1,10.3,16.1,16.1,16,16,16.1,16.1,16.1,16.1,16.1,11.6,16.1,16.1,16.1,16.1,16.1,16.1,16.1,16.1,16.1,11.8,16.1,16,16.1,16.1,16.1,16.1,16.1,16.1,16.1,11.9,16.1,16.1,16.1,16.1,16.1,16.1,12,12
0.000164,16.2,16,16.1,16.1,16.2,16,16.1,16.1,16.1,16.1,16.1,11.8,16,16.1,16.1,16.1,16.1,16.1,16.1,16.1,16.1,11.2,16.1,16.1,16.1,16.1,16.1,16.1,16,16.1,16.1,9.43,16,16,16.1,16.1,16,16.1,16.1,16.1,16.1,8.43,16.1,16,16.1,16.1,16.1,16,16.1,16.1,16,8.65,16.1,16.2,16.1,16.1,16.1,16.1,16,16.1,16.1,10.2,16,16.1,16.1,16,16.1,16.1,16.1,16.1,16,11.6,16.1,16.1,16.1,16.1,16,16.1,16.1,16.1,16,11.8,16.1,16,16.1,16.1,16.1,16.1,16.1,16,16.1,11.9,16.1,16.1,16.1,16.1,16.1,16.1,12,12
0.000165,16.1,16.1,16.1,16.1,16.1,16,16.1,16.1,16.1,16,16.1,11.9,16.1,16.1,16.1,16.1,16.1,16.1,16.1,16,16.1,11.2,16,16.1,16.1,16.1,16.1,16.1,16.1,16.1,16.1,9.43,16.1,16.1,16.1,16.1,16.1,16.1,16.1,16,16,8.48,16.1,16.1,16.1,16,16.1,16.1,16.1,16.1,16.1,8.65,16,16,16.1,16.1,16.1,16.1,16.1,16.1,16.1,10.2,16.1,16.1,16.1,16.1,16.1,16.1,16.1,16.1,16.1,11.6,16,16.1,16.1,16.1,16.1,16.1,16.1,16.1,16.1,11.8,16.1,16.1,16.1,16.1,16.1,16.1,16.1,16.1,16.1,11.9,16,16.1,16.1,16.2,16,16.1,12,11.8
0.000165,16.1,16.1,16.1,16,16.1,16.1,16.2,16.1,16,16.1,16.1,11.9,16.1,16.1,16.1,16.1,16.1,16.1,16.1,16.1,16.1,11.2,16.1,16.1,16.1,16.1,16.1,16.1,16.1,16.1,16.1,9.43,16.1,16.1,16.1,16.1,16.1,16.1,16.1,16.1,16.1,8.43,16.1,16.1,16.1,16,16.1,16.1,16.1,16.1,16.1,8.69,16.1,16,16.1,16.1,16.1,16.1,16.1,16.1,16.1,10.2,16.1,16.1,16.1,16.1,16.1,16.1,16.1,16.1,16.1,11.6,16.1,16.1,16,16,16.1,16,16.1,16.1,16.1,11.8,16.1,16,16.1,16.1,16.1,16.1,16.1,16,16.1,11.9,16,16.1,16.1,16.1,16.1,16,12,11.8
0.000165,16.1,16.1,16.1,16.1,16.1,16.1,16,16.1,16.1,16.1,16.1,11.9,16.1,16.1,16.1,16.1,16.1,16.1,16.1,16.1,16.1,11.3,16.1,16.1,16,16.1,16,16.1,16.1,16.1,16,9.47,16.1,16.1,16.1,16.1,16.1,16.1,16.1,16.1,16.1,8.48,16.1,16.1,16.1,16.1,16.1,16.1,16.1,16.1,16,8.69,16.1,16.1,16.1,16.1,16.1,16.1,16.1,16,16,10.2,16.1,16.1,16.1,16.1,16.1,16,16.1,16.1,16.1,11.6,16.1,16.1,16.1,16.1,16.1,16,16.1,16,16.1,11.8,16.1,16,16.1,16.1,16.1,16.1,16.1,16.2,16.1,11.8,16.1,16.1,16.1,16.1,16.1,16,11.9,11.8
0.000165,16.1,16.1,16,16.1,16.1,16.1,16.1,16.1,16.1,16.1,16.1,11.9,16,16.1,16.1,16.1,16.1,16.1,16,16,16.1,11.3,16.1,16.1,16.1,16,16.1,16.1,16,16.1,16.1,9.51,16,16.1,16.1,16.1,16.1,16.1,16.1,16.1,16,8.48,16.1,16.1,16.1,16.1,16.1,16,16.1,16.1,16.1,8.69,16.1,16.1,16.1,16.1,16.1,16.1,16.1,16.1,16.1,10.2,16.1,16.1,16,16.1,16.1,16.1,16,16.1,16.1,11.6,16.1,16.1,16.1,16,16.1,16,16.1,16.1,16.1,11.8,16.1,16.1,16,16.1,16,16.1,16.1,16.1,16,11.8,16.1,16.1,16.1,16.1,16.1,16.1,11.9,11.8
0.000165,16.1,16.1,16.1,16.1,16.1,16.1,16.1,16.1,16,16.1,16.1,11.9,16.1,16.1,16.1,16.1,16.1,16,16,16.1,16.1,11.2,16.1,16.1,16.1,16.1,16,16.1,16.1,16.1,16.1,9.51,16.1,16.1,16.1,16.1,16.1,16.1,16,16.1,16.1,8.52,16.1,16.1,16.1,16.1,16.1,16.1,16.1,16.1,16.1,8.69,16.1,16.1,16.1,16.1,16.1,16.1,16.1,16.1,16,10.4,16.1,16.1,16.1,16,16.1,16.1,16.1,16,16.1,11.6,16.1,16.1,16.1,16.1,16,16.1,16,16.1,16.1,11.9,16.1,16.1,16.1,16.1,16,16.1,16.1,16.1,16.1,11.9,16.1,16.1,16.1,16.1,16,16.1,11.9,11.8
0.000166,16.1,16.1,16.1,16.1,16,16.1,16.1,16.1,16,16.1,16.1,11.9,16,16.1,16.1,16.1,16.1,16.1,16.1,16.1,16.1,11.2,16.1,16.1,16.1,16.1,16.1,16,16,16,16.1,9.56,16.1,16.1,16.1,16.1,16.1,16.1,16.1,16.1,16.1,8.43,16.1,16.1,16.1,16,16,16.1,16.1,16.1,16.1,8.74,16.1,16.1,16.1,16.1,16.1,16,16.1,16,16.1,10.5,16.1,16.1,16.1,16.1,16.1,16.1,16.1,16.1,16,11.5,16.1,16.1,16.1,16.1,16,16,16.1,16.1,16.1,11.9,16.1,16,16.1,16.1,16.1,16.1,16.1,16.1,16.1,11.9,16.1,16,16.1,16.1,16.1,16.1,11.9,11.9
0.000166,16.1,16.1,16.1,16.1,16.1,16.1,16.1,16.1,16.1,16.1,16.1,11.9,16.1,16.1,16,16,16.1,16.1,16,16.1,16.1,11.2,16,16.1,16.2,16.1,16.1,16.1,16.1,16.1,16.1,9.56,16.1,16.1,16.1,16.1,16.1,16.1,16.1,16.1,16,8.48,16.1,16.1,16.1,16.1,16,16.1,16.1,16,16.1,8.69,16.1,16.1,16.1,16.1,16.1,16.1,16.1,16.1,16.1,10.6,16.1,16,16.1,16,16.1,16.1,16.1,16.1,16.1,11.5,16,16.1,16.1,16.1,16,16.1,16.1,16.1,16.1,12,16.1,16.1,16.1,16.1,16.1,16.1,16.1,16,16.1,12,16.1,16,16.1,16.1,16,16.1,11.9,11.9
0.000166,16.1,16.1,16.1,16,16.1,16,16,16.1,16,16.1,16,11.8,16.1,16.1,16.1,16.1,16.1,16.1,16.1,16.1,16.1,11.2,16.1,16.1,16.1,16.1,16.1,16.1,16.1,16.1,16.1,9.56,16.1,16,16.1,16.1,16.1,16.1,16.1,16.1,16.1,8.48,16,16,16.1,16.1,16.1,16.1,16.1,16.1,16.1,8.69,16.1,16.1,16.1,16,16.1,16.1,16.1,16.1,16.1,10.6,16.1,16.1,16,16.1,16.1,16,16.1,16.1,16.1,11.5,16.1,16.1,16.1,16.1,16.1,16,16.1,16,16.1,12,16.1,16.1,16,16,16.1,16.1,16,16.1,16,11.9,16.1,16.1,16.1,16.1,16.1,16.1,11.9,12
0.000166,16.1,16.1,16,16.1,16.1,16.1,16.1,16.1,16,16.1,16,11.8,16.1,16.1,16.1,16.1,16.1,16.1,16.1,16.1,16.1,11.3,16.1,16.1,16.1,16.1,16.1,16.1,16.1,16.1,16.1,9.51,16.1,16.1,16,16.1,16.1,16.1,16,16.1,16.1,8.48,16,16.1,16.1,16.1,16.1,16.1,16.1,16.1,16.1,8.74,16.1,16.1,16,16.1,16.1,16.1,16.1,16.1,16.1,10.6,16.1,16.1,16.1,16.1,16.2,16.1,16.1,16.1,16.1,11.6,16,16.1,16.1,16.1,16.1,16.1,16.1,16.1,16.1,12,16.1,16.1,16,16.1,16,16.1,16.1,16.1,16.1,11.8,16.1,16.1,16,16.1,16.1,16.1,11.9,12
0.000166,16.1,16.1,16.1,16.1,16.1,16.1,16,16,16.1,16.1,16.1,11.8,16,16.1,16.1,16.1,16.1,16.1,16.1,16.1,16.1,11.2,16.1,16.1,16.1,16.1,16.1,16,16,16.1,16.1,9.56,16,16.1,16.1,16.1,16.1,16.1,16.1,16.1,16.1,8.48,16.1,16.1,16.1,16,16,16.1,16.1,16.1,16.1,8.78,16,16.1,16,16.1,16.1,16.1,16,16.1,16.1,10.5,16.1,16.1,16.1,16.1,16.1,16.1,16.1,16.1,16.1,11.5,16.1,16.1,16.1,16,16.1,16.1,16.1,16.1,16.1,12,16.1,16.1,16.1,16.1,16.1,16.1,16.1,16.1,16.1,11.9,16,16.1,16.1,16,16.1,16.1,11.9,12
0.000167,16.1,16.1,16,16,16.1,16.1,16.1,16,16.1,16.1,16,11.8,16.1,16.1,16.1,16.1,16.1,16,16.1,16.1,16,11.3,16,16.1,16.1,16.1,16.1,16,16.1,16.1,16.1,9.51,16.1,16.1,16.1,16.1,16,16,16.1,16.1,16.1,8.43,16.1,16.1,16.1,16,16.1,16.1,16.1,16,16.1,8.74,16,16.1,16,16.1,16.1,16.1,16.1,16.1,16.1,10.4,16.1,16.1,16.1,16.1,16.1,16.1,16.1,16.1,16.1,11.5,16.1,16.1,16.1,16.1,16,16.1,16.1,16.1,16.1,12,16.1,16.1,16.1,16.1,16.1,16.1,16.1,16.1,16.1,11.8,16.1,16.1,16.1,16.1,16.1,16.1,12,11.9
0.000167,16.1,16.1,16.1,16,16.1,16.1,16.1,16,16,16.1,16.1,11.8,16.1,16.1,16.1,16.1,16.1,16,16.1,16.1,16.1,11.3,16.1,16.1,16,16.1,16,16.1,16.1,16.1,16.1,9.47,16.1,16.1,16.1,16,16,16.1,16.1,16.1,16.1,8.43,16.1,16.1,16.1,16,16.1,16.1,16,16.1,16.1,8.74,16.1,16,16.1,16.1,16.1,16.1,16,16.1,16.1,10.3,16.1,16.1,16.1,16.1,16.1,16,16.1,16,16.1,11.5,16.1,16,16,16.1,16.1,16.1,16,16.1,16.1,11.9,16.1,16,16.1,16.1,16.1,16.1,16.1,16.1,16.1,11.9,16.1,16.1,16.1,16.1,16.1,16.1,12.1,11.8
0.000167,16.1,16.1,16.1,16.1,16.1,16.1,16.1,16.1,16.1,16,16.1,11.8,16.1,16.1,16.1,16.1,16.1,16.1,16.1,16,16.1,11.3,16.1,16.1,16.1,16.2,16.1,16.1,16.1,16.1,16.1,9.51,16,16.1,16.1,16.1,16.1,16.1,16.1,16.1,16.1,8.48,16,16.1,16.1,16.1,16.1,16.1,16.1,16.1,16,8.82,16.1,16.1,16.1,16.1,16.1,16,16.1,16.1,16.1,10.2,16.1,16.1,16.1,16.1,16.1,16.1,16,16.1,16.1,11.5,16.1,16.1,16.1,16.1,16.1,16.1,16.1,16.1,16.1,11.9,16.1,16.1,16,16.1,16.1,16,16.1,16.1,16.1,11.9,16.1,16.1,16.1,16.1,16,16.1,12.1,11.8
0.000167,16.1,16.1,16.1,16.1,16.1,16.1,16.1,16,16.1,16.1,16.1,11.8,16.1,16,16.1,16.1,16.1,16,16.1,16.1,16.1,11.3,16,16,16.1,16.1,16.1,16.1,16.1,16.1,16.1,9.47,16.1,16.1,16.1,16.1,16.1,16.1,16.1,16.1,16.1,8.48,16.1,16.1,16.1,16.1,16.1,16.1,16.1,16,16,8.78,16.1,16.1,16.1,16.1,16.1,16.1,16.1,16,16.1,10.3,16,16.1,16.1,16,16.2,16.1,16.1,16.1,16.1,11.5,16.1,16.1,16.1,16.1,16.1,16,16,16.1,16.1,11.9,16.1,16,16.1,16,16.1,16.1,16,16.1,16,11.9,16.1,16,16.1,16.1,16.1,16.1,12,11.8
0.000167,16.1,16.1,16,16.1,16.1,16.1,16.1,16,16,16.1,16.1,11.8,16.1,16.1,16.1,16.1,16.1,16.1,16.1,16.1,16.1,11.3,16.1,16.1,16,16.1,16.1,16.1,16.1,16.1,16.1,9.47,16.1,16.1,16.1,16.1,16,16.1,16,16,16,8.52,16.1,16,16.1,16.1,16,16.1,16.1,16.1,16,8.82,16.1,16.1,16.1,16.1,16.1,16.1,16.1,16,16.1,10.3,16.1,16.1,16.1,16,16.1,16.1,16.1,16.1,16.1,11.5,16.1,16.1,16,16.1,16,16.1,16.1,16.1,16.1,11.8,16.1,16.1,16.1,16,16.1,16.1,16.1,16.1,16.1,12,16,16.1,16.1,16.1,16.1,16.1,12,11.8
0.000168,16.1,16.1,16.1,16,16.1,16.1,16.1,16.1,16,16.1,16.1,11.9,16.1,16.1,16.1,16.1,16.1,16.1,16.1,16.1,16.1,11.2,16.1,16.1,16.1,16,16,16.1,16,16.1,16,9.47,16.1,16.1,16.1,16.1,16.1,16.1,16.1,16,16.1,8.48,16.1,16.1,16.1,16.1,16.1,16.1,16.1,16.1,16,8.82,16.1,16.1,16.1,16.1,16.1,16,16.1,16.1,16,10.3,16.1,16.1,16.1,16.1,16,16.1,16,16.1,16.1,11.5,16.1,16,16.1,16.1,16.1,16,16.1,16.1,16.1,11.8,16.1,16,16.1,16.1,16,16.1,16.1,16.1,16.1,12,16.1,16.1,16.1,16.1,16.1,16.1,12,11.9
0.000168,16.1,16.1,16.1,16.1,16.1,16.1,16.1,16.1,16.1,16.1,16,12,16.1,16,16.1,16.1,16.1,16.1,16,16.1,16.1,11.2,16.1,16.1,16.1,16.1,16.1,16.1,16,16.1,16,9.56,16.1,16.1,16.1,16.1,16.1,16.1,16.1,16,16.1,8.52,16,16.1,16.1,16.1,16.1,16.1,16.1,16.1,16.1,8.82,16.1,16.1,16,16.1,16,16.1,16,16.1,16.1,10.4,16.1,16,16.1,16.1,16,16.1,16.1,16.1,16.1,11.7,16.1,16.1,16.1,16.1,16,16.1,16.1,16,16.1,11.8,16.1,16.1,16.1,16.1,16.1,16.1,16.1,16.1,16.1,12.2,16.1,16.1,16.1,16.1,16.1,16,12,11.9
0.000168,16.1,16.1,16.1,16.1,16.1,16.1,16,16.1,16.1,16.1,16,12,16.1,16.1,16,16.1,16.1,16.1,16.1,16.1,16.1,11.3,16,16.1,16,16.1,16.1,16,16.1,16,16.1,9.51,16.1,16.1,16.1,16.1,16.1,16.1,16,16.1,16.1,8.48,16.1,16,16,16,16.1,16.1,16.1,16,16.1,8.87,16,16.1,16.1,16,16.1,16.1,16,16.1,16.1,10.5,16.1,16,16.1,16.1,16.1,16.1,16.1,16.1,16,11.6,16.1,16.1,16.1,16.1,16,16.1,16.1,16.1,16.1,11.9,16.1,16.1,16,16,16.1,16,16.1,16.1,16.1,12.2,16.1,16,16.1,16.1,16.1,16,12,12
0.000168,16.1,16,16.1,16.1,16.1,16.1,16.1,16.1,16,16.1,16.1,12.1,16.1,16.1,16,16.1,16.1,16,16.1,16.1,16,11.3,16.1,16.1,16,16.1,16.1,16,16,16.1,16.1,9.6,16,16.1,16,16.1,16.1,16.1,16.1,16.1,16,8.56,16.1,16.1,16.1,16.1,16.1,16.1,16.1,16.1,16,8.82,16,16.1,16.1,16.1,16.1,16,16.1,16.1,16,10.5,16.1,16.1,16.1,16.1,16,16.1,16.1,16,16.1,11.7,16,16.1,16.1,16.1,16.1,16,16,16,16,11.9,16,16.1,16.1,16.1,16,16.1,16.1,16.1,16.1,12.2,16.1,16.1,16.1,16,16,16.1,11.9,12
0.000168,16.2,16.1,16.1,16.1,16.1,16.1,16.1,16,16.1,16.1,16,12,16.1,16.1,16,16.1,16.1,16,16,16,16.1,11.2,16.1,16.1,16.1,16.1,16.1,16.1,16.1,16.1,16.1,9.51,16.1,16.1,16.1,16.1,16.1,16.1,16.1,16.1,16.1,8.56,16.1,16,16.1,16.1,16,16.1,16.1,16.1,16.1,8.82,16.1,16,16.1,16.1,16.1,16.1,16,16.1,16.1,10.6,16.1,16.1,16,16.1,16.1,16.1,16.1,16.1,16.1,11.6,16.1,16.1,16.1,16.1,16.1,16.1,16,16.1,16,11.9,16.1,16.1,16.1,16.1,16.1,16.1,16.1,16,16.1,12.2,16.1,16.1,16.1,16.1,16.1,16,11.9,12
0.000169,16.1,16.1,16.1,16.1,16.1,16.1,16.1,16,16.1,16.1,16.1,12,16.1,16.1,16,16.1,16.1,16,16.1,16.1,16.1,11.3,16.1,16.1,16,16,16.1,16.1,16.1,16,16.1,9.51,16,16.1,16.1,16.1,16.1,16.1,16,16.1,16.1,8.52,16.1,16.1,16.1,16.2,16.1,16.1,16.1,16.1,16.1,8.78,16,16.1,16.1,16.1,16.1,16.1,16.1,16.1,16.1,10.5,16.1,16.1,16,16,16.1,16.1,16,16.1,16.1,11.7,16.1,16,16.1,16.1,16,16.1,16.1,16.1,16.1,11.9,16.1,16.1,16.1,16,16.1,16.1,16.1,16,16,12.1,16,16.1,16,16.1,16.1,16,11.9,11.9
0.000169,16.2,16.1,16.1,16.1,16.1,16,16.1,16.1,16.1,16.1,16.1,11.9,16.1,16.1,16.1,16.1,16.1,16.1,16.1,16.1,16.1,11.3,16.1,16,16.1,16.1,16.1,16.1,16.1,16.1,16.1,9.6,16.1,16.1,16.1,16.1,16.1,16.1,16,16.1,16.1,8.52,16.1,16.1,16.1,16,16,16.1,16.1,16.1,16.1,8.78,16.1,16,16.1,16.1,16.1,16.1,16.1,16.1,16.1,10.5,16.1,16.1,16.1,16.1,16.1,16.1,16,16,16.1,11.6,16,16.1,16.1,16.1,16,16.1,16.1,16.1,16.1,11.9,16.1,16.1,16,16.1,16.1,16.1,16.1,16.1,16,12,16.1,16,16.1,16.2,16.1,16.1,12,11.9
0.000169,16.2,16.1,16.1,16.1,16,16.1,16,16.1,16.1,16.1,16.1,11.7,16.1,16,16.1,16,16.1,16.1,16,16.1,16.1,11.3,16.1,16.1,16.1,16.1,16.1,16,16.1,16,16.1,9.6,16,16.1,16.1,16.1,16.1,16.1,16.1,16,16.1,8.52,16.1,16.1,16,16.1,16,16.1,16.1,16.1,16.1,8.78,16.1,16.1,16.1,16.1,16.1,16,16.1,16.1,16,10.5,16.1,16.1,16.1,16.1,16.1,16.1,16.1,16.1,16.1,11.6,16.1,16.2,16.1,16.1,16.1,16.1,16.1,16.1,16.1,11.9,16.1,16.1,16.1,16.1,16.1,16.1,16.1,16,16.1,11.9,16.1,16,16,16.1,16.1,16,12,11.8
0.000169,16.2,16,16.1,16.1,16,16.1,16.1,16.1,16,16.1,16.1,11.7,16.1,16.1,16.1,16.1,16.1,16.1,16.1,16.1,16.1,11.3,16.1,16.1,16.1,16.1,16,16.1,16.1,16.1,16.1,9.51,16.1,16.1,16.1,16.1,16,16.1,16,16.1,16.1,8.56,16,16.1,16,16.1,16.1,16,16.1,16.1,16.1,8.78,16,16.1,16.1,16,16.1,16.1,16.1,16.1,16.1,10.5,16.1,16,16,16,16.1,16,16,16,16.1,11.6,16.1,16.1,16.1,16.1,16.1,16.1,16.1,16.1,16,12,16.1,16.1,16.1,16.1,16,16,16.1,16,16.1,11.8,16.1,16.1,16,16.1,16.1,16.1,12.1,11.8
0.000169,16.1,16.1,16.1,16,16.1,16.1,16.1,16,16.1,16.1,16.1,11.7,16,16.1,16.1,16.1,16.1,16.1,16.1,16.1,16,11.4,16.1,16.1,16.1,16.1,16.1,16.1,16,16.1,16.1,9.56,16.1,16.1,16.1,16.1,16.1,16.1,16,16,16.1,8.56,16,16.1,16.1,16.1,16.1,16.1,16.1,16.1,16.1,8.82,16.1,16.1,16.1,16.1,16.1,16.1,16.1,16,16,10.5,16.1,16.1,16.1,16.1,16.1,16,16.1,16.1,16.1,11.5,16.1,16.1,16,16.1,16.1,16.1,16.1,16.1,16.1,11.9,16.1,16.1,16,16,16.1,16.1,16.1,16.1,16,11.8,16,16,16.1,16.1,16,16.1,12.1,11.8
0.00017,16.1,16.1,16.1,16,16,16.1,16.1,16.1,16.1,16.1,16.1,11.7,16.1,16.1,16.1,16.1,16.1,16.1,16.1,16.1,16.1,11.4,16.1,16.1,16,16.1,16.1,16.1,16,16.1,16.1,9.56,16,16.1,16.1,16.1,16.1,16.1,16.1,16.1,16.1,8.56,16.1,16.1,16.1,16.1,16.1,16.1,16.1,16.1,16.1,8.87,16.1,16.1,16,16.1,16.1,16.1,16.1,16.1,16.1,10.5,16,16.1,16,16.1,16.1,16.1,16,16.1,16.1,11.5,16.1,16.1,16.1,16.1,16.1,16.1,16.1,16.1,16,12,16.1,16,16,16.1,16,16.1,16.1,16.1,16.1,11.8,16.1,16.1,16.1,16.1,16.1,16.1,12.1,11.9
0.00017,16.1,16.1,16.1,16.1,16,16.1,16.1,16.1,16.1,16.1,16.1,11.7,16.1,16,16.1,16,16.1,16.1,16,16.1,16.1,11.4,16.1,16,16,16.1,16,16,16.1,16.1,16,9.56,16.1,16.1,16.1,16.1,16.1,16,16,16.1,16.1,8.56,16.1,16.1,16.1,16.1,16.1,16.1,16.1,16.1,16,8.87,16.1,16,16,16.1,16.1,16.1,16,16.1,16,10.4,16.1,16.1,16.1,16.1,16.1,16,16,16.1,16.1,11.5,16,16,16.1,16.1,16.1,16.1,16.1,16.1,16.1,11.9,16.1,16.1,16.1,16.1,16.1,16.1,16.1,16.1,16.1,11.9,16.1,16,16,16.1,16,16.1,12.1,12
0.00017,16.1,16,16.1,16.1,16,16.1,16,16.1,16.1,16,16.1,11.8,16,16.1,16.1,16.1,16.1,16.1,16.1,16,16.1,11.5,16,16.1,16.1,16.1,16.1,16,16.1,16,16.1,9.6,16.1,16.1,16,16.1,16.1,16.1,16.1,16.1,16.1,8.61,16,16.1,16.1,16.1,16.1,16.1,16.1,16.1,16,8.87,16.1,16.1,16.1,16.1,16.1,16.1,16,16.1,16.1,10.4,16.1,16.1,16,16.1,16.1,16,16.1,16.1,16,11.6,16.1,16.1,16.1,16.1,16.1,16.1,16.1,16.1,16.1,11.9,16.1,16.1,16.1,16.1,16.1,16.1,16.1,16,16.1,12,16,16.1,16.1,16.1,16.1,16.1,12.2,12.1
0.00017,16.1,16.1,16.1,16.1,16.1,16.1,16.1,16,16,16.1,16.1,11.8,16.1,16.1,16.1,16.1,16,16.1,16.1,16.1,16.1,11.3,16.1,16.1,16.1,16.1,16.1,16.1,16,16.1,16.1,9.64,16.1,16.1,16.1,16.1,16.1,16.1,16,16.1,16.1,8.56,16.1,16,16.1,16,16.1,16,16,16.1,16.1,8.95,16.1,16.1,16.1,16,16.1,16.1,16.1,16,16.1,10.4,16.1,16.1,16.1,16.1,16.1,16.1,16.1,16.1,16.1,11.5,16,16.1,16.1,16.1,16,16,16.1,16.1,16.1,12,16.1,16.1,16.1,16.1,16.1,16.1,16.1,16.1,16,12,16.1,16.1,16,16.1,16,16.1,12,12.1
0.00017,16.1,16.1,16.1,16.1,16.1,16.1,16.1,16.1,16,16.1,16.1,11.9,16,16.1,16.1,16.1,16.1,16.1,16,16.1,16.1,11.4,16.1,16.1,16.1,16.1,16,16,16.1,16.1,16,9.64,16.1,16.1,16,16,16.1,16.1,16.1,16.1,16.1,8.56,16.1,16.1,16,16.1,16.1,16.1,16.1,16.1,16.1,8.95,16.1,16.1,16.1,16.1,16,16,16.1,16.1,16.1,10.4,16.1,16.1,16.1,16.1,16.1,16.2,16.1,16.1,16.1,11.7,16.1,16,16.1,16.1,16.1,16,16.1,16.1,16,12,16,16.1,16,16.1,16.1,16,16.1,16.1,16.1,12.1,16.1,16.1,16.1,16.1,16.1,16.1,12,12.1
0.000171,16.1,16,16.1,16,16.1,16.1,16.1,16.1,16.1,16.1,16.1,11.9,16.1,16.1,16.1,16.1,16.1,16.1,16.1,16.1,16.1,11.2,16.1,16.1,16.1,16.1,16.1,16.1,16.1,16.1,16.1,9.69,16.1,16.1,16.1,16,16.1,16.1,16.1,16.1,16.1,8.61,16.1,16.1,16.1,16,16.1,16,16,16.1,16,8.95,16,16.1,16.1,16.1,16.1,16.1,16.1,16.1,16.1,10.4,16.1,16.1,16.1,16.1,16.1,16.1,16.1,16.1,16,11.7,16.1,16.1,16.1,16.1,16.1,16.1,16.1,16,16,12,16.1,16.1,16.1,16,16.1,16.1,16.1,16.1,16,12.1,16.1,16,16,16.1,16.1,16.1,11.9,12.1
0.000171,16.1,16.1,16.1,16.1,16.1,16.1,16.1,16.1,16.1,16.1,16,11.9,16,16.1,16.1,16.1,16.1,16.1,16.1,16,16.1,11.2,16.1,16,16.1,16.1,16.1,16.1,16.1,16.1,16,9.6,16.1,16.1,16.1,16.1,16.1,16.1,16.1,16.1,16,8.61,16.1,16.1,16.1,16.1,16,16.1,16.1,16.1,16.1,9,16,16.1,16.1,16.1,16.1,16.1,16.1,16.1,16.1,10.5,16.1,16.1,16,16.1,16.1,16.1,16.1,16.1,16.1,11.8,16,16.1,16,16.1,16.1,16,16,16.1,16.1,12,16.1,16.1,16.1,16.1,16,16.1,16.1,16.1,16,12.1,16,16,16.1,16.1,16.1,16,11.9,12
0.000171,16.1,16.1,16,16,16.1,16,16.1,16.1,16.1,16.1,16.1,11.9,16.1,16.1,16.1,16,16.1,16.1,16.1,16.1,16,11.2,16.1,16.1,16.1,16.1,16.1,16,16.1,16,16.1,9.69,16.1,16.1,16,16.1,16.1,16.1,16.1,16.1,16.1,8.61,16.1,16.1,16.1,16.1,16.1,16.1,16.1,16.1,16.1,9,16.1,16.1,16.1,16.1,16.1,16.1,16,16.1,16.1,10.5,16.1,16.1,16.1,16.1,16,16.1,16.1,16.1,16,11.8,16.1,16.1,16,16.1,16.1,16.1,16,16.1,16,12,16.1,16,16.1,16.1,16,16.1,16,16.1,16.1,12.1,16.1,16,16.1,16.1,16.1,16,11.8,12
0.000171,16.1,16,16.1,16.1,16.1,16.1,16.1,16,16.1,16.1,16.1,11.9,16.1,16.1,16.1,16,16.1,16,16.1,16,16,11.1,16.1,16.1,16.1,16.1,16.1,16.1,16.1,16.1,16.1,9.64,16.1,16.1,16.1,16,16.1,16.1,16.1,16.1,16.1,8.61,16,16.1,16.1,16.1,16,16.1,16.1,16.1,16.1,9,16.1,16.1,16.1,16.1,16.1,16.1,16.1,16,16.1,10.5,16.1,16.1,16.1,16.1,16.1,16.1,16.1,16.1,16.1,11.8,16.1,16.1,16.1,16.1,16.1,16.1,16.1,16.1,16.1,11.9,16.1,16.1,16.1,16.1,16.1,16.1,16,16,16.1,12,16.1,16,16,16.1,16.1,16.1,11.9,11.9
0.000171,16.1,16.1,16,16.1,16.1,16.1,16.1,16.1,16.1,16,16.1,11.8,16.1,16.1,16,16.1,16.1,16.1,16.1,16.1,16.1,11.2,16,16,16.1,16,16.1,16,16.1,16.1,16.2,9.64,16,16.1,16.1,16.1,16.1,16.1,16.1,16,16.1,8.61,16,16.1,16.1,16.1,16.1,16.1,16.1,16.1,16.1,9,16.1,16,16.1,16.1,16,16.1,16.1,16.1,16.1,10.5,16.1,16.1,16.1,16.1,16.1,16,16.1,16.1,16.1,11.8,16.1,16.1,16.1,16.1,16.1,16.1,16.1,16.1,16.1,11.9,16.1,16.1,16.1,16.1,16.1,16.1,16.1,16.1,16.1,12,16.1,16.1,16,16.1,16.1,16.1,12,11.9
0.000172,16.2,16.1,16.1,16,16.1,16.1,16.1,16,16,16.1,16.1,11.8,16.1,16.1,16.1,16.1,16.1,16.1,16.1,16.1,16.1,11.2,16.1,16,16.1,16.1,16.1,16.1,16.1,16.1,16.1,9.64,16.1,16.1,16.1,16.1,16.1,16.1,16.1,16,16.1,8.69,16,16.1,16.1,16.1,16.1,16.1,16.1,16.1,16.1,8.95,16,16.1,16.1,16,16.1,16.1,16.2,16,16.1,10.5,16,16.1,16.1,16.1,16.1,16.1,16.1,16.1,16.1,11.8,16.1,16.1,16.1,16.1,16.1,16.1,16,16.1,16.1,11.8,16.1,16.1,16.1,16.1,16,16.1,16.1,16.1,16.1,11.9,16.1,16.1,16.1,16.1,16.1,16.1,12.1,11.9
0.000172,16.1,16.1,16.1,16.1,16.1,16.1,16.1,16.1,16.1,16,16.1,11.8,16.1,16.1,16,16.1,16.1,16.1,16.1,16.1,16.1,11.3,16.1,16,16,16.1,16.1,16.1,16.1,16.1,16.1,9.6,16,16.1,16.1,16.1,16.1,16.1,16.1,16,16.1,8.74,16.1,16.1,16.1,16,16,16,16.1,16.1,16,8.95,16.1,16.1,16,16.1,16.1,16.1,16.1,16,16.1,10.5,16.1,16.1,16.1,16.1,16.1,16.1,16.1,16.1,16.1,11.7,16.1,16.1,16.1,16.1,16.1,16.1,16.1,16.1,16.1,11.8,16.1,16.1,16.1,16.1,16.1,16.1,16.1,16,16.1,11.8,16.2,16.1,16.1,16.1,16,16.1,12.2,11.8
0.000172,16.1,16.1,16,16.1,16.1,16,16.1,16.1,16.1,16.1,16.1,11.8,16.1,16.1,16.1,16.1,16.1,16.1,16.1,16,16.1,11.4,16.1,16.1,16.1,16.1,16,16,16.1,16.1,16.1,9.6,16.1,16.1,16.1,16.1,16.1,16.1,16.1,16.1,16.1,8.74,16.1,16.1,16,16.1,16.1,16,16.1,16.1,16.1,8.95,16,16.1,16.1,16.1,16.1,16.1,16.1,16,16.1,10.5,16.1,16.1,16.1,16.1,16.1,16.1,16.1,16.1,16.1,11.7,16.1,16.1,16.1,16.1,16.1,16,16.1,16.1,16.1,11.8,16.1,16,16,16,16,16.1,16.1,16.1,16,11.8,16.1,16.1,16.1,16,16,16.1,12.2,11.9
0.000172,16.1,16.1,16.1,16.1,16.1,16.1,16.1,16.1,16.1,16.1,16.1,11.8,16.1,16.1,16.1,16.1,16.1,16.1,16.1,16.1,16.1,11.4,16.1,16.1,16,16.1,16.1,16,16.1,16.1,16.1,9.64,16.1,16.1,16.1,16.1,16.1,16.1,16.1,16,16.1,8.74,16.1,16.1,16,16.1,16.1,16.1,16.1,16.1,16.1,8.95,16.1,16.1,16.1,16.1,16,16,16.1,16.1,16.1,10.5,16.1,16.1,16,16.1,16.1,16.1,16.1,16.1,16.1,11.6,16.1,16.1,16.1,16.1,16.1,16,16.1,16.1,16.1,11.8,16.1,16.1,16.1,16.1,16.1,16.1,16.1,16.1,16,11.8,16.1,16.1,16.2,16.1,16.1,16.1,12.2,11.9
0.000172,16.1,16.1,16.1,16.1,16.1,16.1,16.1,16.1,16.1,16.1,16.1,11.9,16.1,16.1,16.1,16.1,16.1,16.1,16,16.1,16.1,11.4,16.1,16.1,16.1,16.1,16,16.1,16,16.1,16,9.69,16.1,16.1,16.1,16,16.1,16.1,16.1,16.1,16.1,8.78,16,16.1,16.1,16.1,16.1,16.1,16.1,16.1,16.1,8.95,16.1,16.1,16.1,16.1,16.1,16.1,16,16,16.1,10.5,16,16,16.1,16.1,16.1,16.1,16.1,16.1,16.1,11.6,16,16.1,16.1,16,16.1,16.1,16.1,16.2,16,11.8,16,16.1,16,16.1,16.1,16.1,16.1,16.1,16,11.8,16.1,16,16.1,16.1,16.1,16.1,12.2,11.9
0.000173,16.2,16.1,16.1,16.1,16.1,16.1,16.1,16.1,16.1,16,16,11.9,16.1,16,16,16.1,16.1,16,16.1,16.1,16.1,11.4,16,16.1,16.1,16.1,16.1,16.1,16.1,16.1,16.1,9.69,16.1,16.1,16.1,16.1,16.1,16.1,16.1,16.1,16.1,8.69,16,16.1,16.1,16.1,16.1,16.1,16.1,16.1,16.1,9,16.1,16,16,16.1,16.1,16.1,16.1,16,16,10.5,16.1,16.1,16,16,16.1,16.1,16.1,16.1,16,11.6,16.1,16,16.1,16.1,16.1,16.1,16.1,16.1,16,11.9,16.1,16.1,16.1,16,16.1,16.1,16,16,16,11.8,16.1,16.1,16,16.1,16.1,16.1,12.1,12
0.000173,16.1,16.1,16.1,16.1,16.1,16.1,16,16.1,16,16.1,16.1,11.9,16.1,16.1,16.1,16.1,16,16.1,16.1,16.1,16.1,11.4,16,16.1,16.1,16.1,16,16.1,16,16.1,16.1,9.73,16,16.1,16.1,16.1,16,16.1,16.1,16.1,16.1,8.65,16.2,16.1,16.1,16,16.1,16.1,16.1,16.1,16.1,9.04,16.1,16.1,16.1,16,16,16.1,16.1,16,16.1,10.5,16.1,16,16.1,16.1,16.1,16.1,16.1,16.1,16.1,11.6,16.1,16.1,16.1,16.1,16,16.1,16.1,16.1,16.1,12,16.1,16,16.1,16.1,16.1,16.1,16.1,16.1,16.1,11.9,16.1,16.1,16.1,16,16.1,16.1,12,12
0.000173,16.1,16.1,16.1,16.1,16.1,16.1,16.1,16.1,16.1,16,16.1,11.9,16,16,16,16,16.1,16,16.1,16.1,16.1,11.4,16,16.1,16.1,16.1,16.1,16,16.1,16.1,16.1,9.73,16.1,16,16.1,16,16,16.1,16,16.1,16.1,8.65,16.1,16.1,16.1,16.1,16.1,16.1,16.1,16.1,16.1,9.08,16.1,16.1,16.1,16.1,16.1,16.1,16,16.1,16,10.5,16.1,16.1,16.1,16.1,16.1,16.1,16.1,16.1,16.1,11.6,16.1,16.1,16.1,16,16.1,16.1,16.1,16.1,16.1,12,16,16.1,16.1,16.1,16.1,16.1,16.1,16.1,16.1,11.9,16.1,16.1,16.1,16.1,16.1,16.1,11.9,12
0.000173,16.1,16.1,16,16.1,16.1,16.1,16.1,16.1,16.1,16.1,16.1,11.8,16.1,16.1,16.1,16.1,16.1,16.1,16.1,16.1,16.1,11.3,16.1,16.1,16.1,16.1,16.1,16.1,16.1,16,16.1,9.69,16.1,16.1,16.1,16.1,16.1,16.1,16.1,16.1,16.1,8.65,16,16.1,16,16.1,16.1,16.1,16.1,16,16.1,9.04,16.1,16.1,16.1,16.1,16.1,16.1,16.1,16,16.1,10.5,16.1,16.1,16.1,16.1,16.1,16.1,16.1,16,16.1,11.7,16.1,16.1,16.1,16.1,16.1,16.1,16.1,16.1,16.1,12.1,16.1,16,16,16.1,16.1,16.1,16.1,16.1,16.1,12,16,16.1,16.1,16.1,16.1,16,11.9,11.9
0.000173,16.1,16.1,16.1,16,16.1,16.1,16,16.1,16.1,16.1,16.1,11.8,16.1,16.1,16,16.1,16.1,16.1,16.1,16.1,16.1,11.3,16.1,16.1,16.1,16.1,16.1,16.1,16.1,16.1,16.1,9.73,16,16.1,16,16.1,16.1,16.1,16.1,16,16.1,8.74,16.1,16.1,16.1,16,16.1,16.1,16.1,16.1,16.1,9.12,16,16.1,16.1,16.1,16.1,16.1,16.1,16.1,16.1,10.6,16,16.1,16.1,16,16.1,16.1,16.1,16.1,16.1,11.7,16.1,16.1,16,16,16.1,16.1,16,16,16.1,12,16.1,16.1,16.1,16.1,16,16.1,16.1,16.1,16.1,12.1,16.1,16.1,16.1,16.1,16.1,16.1,11.9,12
0.000174,16.1,16.1,16.1,16,16.1,16.1,16.1,16.1,16,16.1,16.1,11.8,16.1,16.1,16.1,16.1,16.1,16,16.1,16.1,16.1,11.3,16.1,16,16,16,16,16,16,16.1,16.1,9.73,16,16,16,16.1,16.1,16.1,16.1,16.1,16.1,8.78,16.1,16.1,16.1,16,16.1,16,16.1,16,16.1,9.08,16.1,16,16.1,16.1,16.1,16.1,16.1,16.1,16.1,10.6,16,16,16.1,16.1,16.1,16,16.1,16.1,16.1,11.8,16.1,16.1,16.1,16.1,16,16.1,16,16.1,16.1,12,16.1,16.1,16,16,16.1,16,16.1,16.1,16,12.1,16.1,16,16.1,16.1,16.1,16,12,11.9
0.000174,16.1,16.1,16.1,16,16.1,16.1,16.1,16,16.1,16.1,16.1,11.8,16,16.1,16.1,16.1,16.1,16.1,16.1,16.1,16,11.2,16.1,16.1,16.1,16,16.1,16.1,16,16.1,16.1,9.73,16.1,16.1,16.1,16.1,16.1,16.1,16.1,16.1,16.1,8.82,16.1,16.1,16.1,16.1,16.1,16.1,16.1,16.1,16.1,9.08,16.1,16,16,16,16.1,16.1,16.1,16.1,16.1,10.6,16,16.1,16,16.1,16.1,16.1,16.1,16.1,16,11.8,16,16.1,16.1,16.1,16.1,16,16.1,16.1,16.1,11.9,16.1,16,16.1,16.1,16.1,16.1,16.1,16,16,12.2,16.1,16.1,16.1,16,16.1,16.1,11.9,11.8
0.000174,16.1,16.1,16,16,16.1,16.1,16.1,16,16.1,16,16,11.8,16,16.2,16.1,16.1,16,16.1,16.1,16.1,16.1,11.2,16.1,16,16,16.1,16.1,16.1,16,16.1,16.1,9.73,16.1,16.1,16.1,16.1,16,16,16.1,16.1,16.1,8.87,16.1,16.1,16,16.1,16,16.1,16,16.1,16.1,9.08,16.1,16.1,16.1,16.1,16.1,16.1,16.1,16.1,16.1,10.6,16,16.1,16.1,16.1,16,16.1,16.1,16.1,16,11.8,16.1,16.1,16.1,16.1,16.1,16.1,16.1,16.1,16,11.9,16,16.1,16.1,16.1,16.1,16,16.1,16.1,16.1,12.2,16.1,16.1,16,16.1,16.1,16.1,12,11.8
0.000174,16.1,16.1,16.1,16,16.1,16,16.1,16,16.1,16.1,16.1,11.8,16.1,16.1,16.1,16.1,16,16.1,16.1,16,16,11.3,16.1,16.1,16.1,16.1,16,16.1,16.1,16.1,16,9.69,16.1,16.1,16,16.1,16.1,16.1,16.1,16.1,16.1,8.78,16.1,16.1,16.1,16.1,16.1,16.1,16.1,16.1,16.1,9.12,16.1,16.1,16.1,16,16.1,16.1,16.1,16.1,16.1,10.6,16,16.2,16.1,16.1,16.1,16.1,16.1,16.1,16.1,11.8,16,16.1,16.1,16.1,16.1,16.1,16.1,16.1,16.1,11.8,16.1,16.1,16.1,16.1,16.1,16,16,16,16.1,12.1,16.1,16.1,16,16,16,16.1,12,11.8
0.000174,16,16,16.1,16.1,16.1,16,16.1,16.1,16,16.1,16,11.8,16.1,16,16.1,16.1,16.1,16.1,16.1,16.1,16.1,11.3,16.1,16.1,16.1,16.1,16.1,16.1,16.1,16.1,16.1,9.69,16.1,16.1,16.1,16.1,16.1,16,16,16.1,16.1,8.78,16,16.1,16.1,16.1,16.1,16.1,16.1,16,16,9.08,16.1,16,16.1,16.1,16.1,16,16.1,16.1,16.1,10.6,16.1,16.1,16.1,16.1,16,16.1,16.1,16.1,16,11.8,16.1,16.1,16.1,16.1,16.1,16.1,16,16.1,16,11.8,16.1,16.1,16.1,16,16.1,16.1,16.1,16.1,16.1,12,16.1,16.1,16,16,16.1,16.1,12.1,11.9
0.000175,16.1,16.1,16.1,16.1,16.1,16.1,16.1,16.1,16,16.1,16.1,11.8,16.1,16.1,16.1,16.1,16.1,16.1,16.1,16.1,16.1,11.3,16.1,16.1,16.1,16.1,16.1,16.1,16.1,16.1,16.1,9.69,16,16,16.1,16,16.1,16.1,16,16.1,16.1,8.78,16.1,16.1,16.1,16.1,16.1,16,16,16.1,16.1,9.08,16.1,16.1,16,16.1,16.1,16.1,16,16.1,16.1,10.6,16.1,16.1,16,16.1,16.1,16.1,16.1,16.1,16.1,11.7,16.1,16.1,16.1,16.1,16,16.1,16.1,16.1,16,11.8,16.1,16,16.1,16.1,16.1,16.1,16.1,16,16,11.9,16.1,16.1,16,16.1,16.1,16.1,12.1,11.9
0.000175,16.1,16,16.1,16,16,16.1,16.1,16.1,16,16.1,16.1,11.9,16.1,16.1,16.1,16.1,16,16.1,16,16.1,16,11.4,16.1,16.1,16.1,16,16.1,16.1,16.1,16.1,16,9.73,16.1,16,16,16,16,16.1,16.1,16.1,16.1,8.74,16.1,16,16.1,16.1,16.1,16.1,16.1,16.1,16.1,9.08,16.1,16.1,16.1,16.1,16,16,16.1,16.1,16.1,10.6,16.1,16.1,16.1,16,16.1,16.1,16.1,16.1,16.1,11.7,16.1,16.1,16,16,16.1,16.1,16.1,16.1,16.1,11.8,16.1,16.1,16.1,16.1,16,16.1,16.1,16.1,16.1,11.8,16.1,16.1,16.1,16.1,16.1,16.1,12.1,11.9
0.000175,16.1,16.1,16,16.1,16.1,16.1,16.1,16,16,16.1,16,11.9,16.1,16.1,16.1,16.1,16.1,16.1,16.1,16.1,16.1,11.4,16.1,16.1,16.1,16.1,16.1,16,16.1,16.1,16.1,9.73,16.1,16.1,16.1,16,16.1,16.1,16.1,16.1,16.1,8.74,16.1,16.1,16.1,16,16.1,16.1,16.1,16.1,16.1,9.12,16.1,16.1,16,16,16.1,16,16.1,16.1,16.1,10.6,16.1,16.1,16.1,16.1,16.1,16.1,16.1,16.1,16.1,11.7,16,16.1,16,16.1,16.1,16.1,16,16.1,16.1,11.8,16.1,16.1,16.1,16.1,16,16,16,16.1,16.1,11.7,16.1,16.1,16.1,16.1,16.1,16.1,12.2,11.9
0.000175,16.1,16.1,16.1,16.1,16.1,16.1,16,16.1,16.1,16.1,16.1,11.9,16.1,16.1,16.1,16.1,16,16.1,16.1,16.1,16.1,11.4,16.1,16,16,16.1,16.1,16.1,16.1,16.1,16.1,9.77,16.1,16.1,16.1,16.1,16.1,16.1,16.1,16.1,16.1,8.78,16.1,16.1,16.1,16,16.1,16.1,16.1,16.1,16.1,9.08,16.1,16,16,16.1,16.1,16.1,16.1,16.1,16.1,10.6,16.1,16.1,16.1,16.1,16.1,16.1,16.1,16.1,16,11.7,16.1,16.1,16.1,16.1,16.1,16.1,16,16.1,16.1,11.9,16.1,16.1,16.1,16.1,16.1,16.1,16.1,16.1,16.1,11.8,16,16.1,16.1,16.1,16.1,16.1,12.2,11.9
0.000175,16.1,16.1,16.1,16,16.1,16,16.1,16.1,16,16.1,16.1,11.9,16,16.1,16.1,16.1,16.1,16.1,16.1,16.1,16.1,11.4,16.1,16.1,16.1,16.1,16.1,16,16.1,16.1,16.1,9.77,16.2,16.1,16.1,16.1,16.2,16,16.1,16,16.1,8.82,16.1,16.1,16,16.1,16.1,16,16.1,16,16.1,9.08,16.1,16.1,16,16.1,16.1,16.1,16,16.1,16.1,10.5,16.1,16.1,16,16.1,16.1,16.1,16,16,16.1,11.7,16.1,16.1,16.1,16,16.1,16,16.1,16.1,16.1,11.9,16.1,16.1,16.1,16.1,16.1,16.1,16.1,16.1,16.1,11.8,16,16.1,16.1,16.1,16.1,16.1,12.1,12
0.000176,16.1,16.1,16.1,16.1,16.1,16.1,16.1,16.1,16.1,16,16.1,11.9,16.1,16.1,16.1,16.1,16.1,16.1,16.1,16.1,16.1,11.3,16.1,16,16,16.1,16.1,16.1,16.1,16.1,16.1,9.73,16.1,16.1,16,16.1,16,16,16,16.1,16.1,8.87,16.1,16,16,16,16,16.1,16.1,16.1,16.1,9.12,16.1,16.1,16.1,16.1,16,16.1,16.1,16.1,16.1,10.5,16.1,16.1,16.1,16.1,16,16.1,16.1,16.1,16.1,11.7,16.1,16.1,16.1,16.1,16,16,16.1,16.1,16.1,11.9,16.1,16.1,16,16.1,16.1,16.1,16.1,16.1,16.1,11.8,16.1,16.1,16.1,16.1,16.1,16,12.1,11.9
0.000176,16.1,16.1,16.1,16,16.1,16.1,16.1,16.1,16.1,16.1,16,11.8,16.1,16,16,16,16.1,16.1,16.1,16.1,16.1,11.3,16.1,16.1,16.2,16.1,16.1,16.1,16.1,16.1,16,9.82,16.1,16,16.1,16.1,16.1,16,16.1,16.1,16.1,8.95,16.1,16.1,16,16.1,16.1,16.1,16.1,16,16.1,9.12,16.1,16.1,16.1,16.1,16.1,16.1,16,16.1,16.1,10.5,16.1,16.1,16,16.1,16.1,16.1,16.1,16.1,16.1,11.7,16,16.1,16.1,16.1,16.1,16,16.1,16.1,16,11.9,16,16,16,16,16.1,16.1,16.1,16.1,16,11.9,16.1,16.1,16.1,16.1,16.1,16.1,12,12
0.000176,16.1,16.1,16.1,16.1,16.1,16.1,16,16.1,16.1,16.1,16.1,11.8,16.1,16,16.1,16.1,16,16,16.1,16.1,16.1,11.2,16,16.1,16.1,16.1,16.1,16.1,16.1,16.1,16.1,9.86,16.1,16.1,16.1,16.1,16.1,16.1,16.1,16.1,16.1,9,16,16.1,16.1,16.1,16.1,16,16.1,16.1,16.1,9.17,16,16,16.1,16.1,16.1,16.1,16.1,16.1,16.1,10.6,16.1,16.1,16,16.1,16.1,16.1,16.1,16,16.1,11.7,16.1,16.1,16,16,16.1,16.1,16.1,16,16.1,12,16.1,16.1,16.1,16.1,16.1,16.1,16.1,16.1,16.1,12,16,16,16,16.1,16.1,16.1,12,12
0.000176,16.1,16.1,16.1,16,16.1,16.1,16.1,16.1,16.1,16.1,16,11.8,16,16.1,16,16,16,16.1,16,16.1,16,11.2,16.1,16.1,16.1,16.1,16.1,16.1,16.1,16.1,16.1,9.82,16.1,16.1,16.1,16,16.1,16,16,16.1,16.1,8.91,16.1,16.1,16.1,16,16.1,16.1,16.1,16.1,16,9.17,16.1,16.1,16.1,16,16.1,16.1,16,16.1,16.1,10.5,16.1,16,16.1,16.1,16,16.1,16.1,16.1,16.1,11.7,16,16.1,16.1,16.1,16.1,16.1,16.1,16.1,16.1,11.9,16.1,16,16,16.1,16.1,16.1,16.1,16.1,16.1,12.1,16.1,16.1,16.1,16.1,16.1,16.1,12,12
0.000176,16.1,16,16,16.1,16.1,16.1,16.1,16,16.1,16.1,16.1,11.8,16.1,16.1,16.1,16.1,16.1,16.1,16.1,16.1,16,11.2,16.1,16.1,16,16.1,16.1,16,16.1,16.1,16.1,9.86,16,16,16,16.1,16.1,16,16,16.1,16.1,8.87,16.1,16.1,16.1,16.1,16.1,16.1,16.1,16.1,16.1,9.21,16.1,16.1,16.1,16.1,16,16.1,16.1,16.1,16.1,10.6,16.1,16.1,16,16,16,16.1,16,16,16.1,11.8,16,16.1,16,16.1,16.1,16.1,16.1,16.1,16.1,12,16.1,16.1,16,16.1,16,16.1,16.1,16.1,16,12.1,16.1,16.1,16.1,16.1,16.1,16.1,11.9,11.9
0.000177,16.1,16.1,16.1,16.1,16.1,16.1,16.1,16.1,16,16.1,16.1,11.8,16.1,16,16.1,16,16.1,16.1,16.1,16.1,16,11.2,16.1,16.1,16.1,16,16.1,16.1,16.1,16.1,16.1,9.82,16.1,16.1,16,16.1,16.1,16.1,16.1,16.1,16,8.82,16,16.1,16.1,16.1,16,16.1,16.1,16.1,16.1,9.17,16.1,16.1,16,16.1,16.1,16.1,16.1,16.1,16.1,10.6,16,16,16.1,16.1,16.1,16.1,16.1,16.1,16.1,11.8,16.1,16,16,16.1,16.1,16.1,16.1,16,16.1,12,16.1,16.1,16,16.1,16.1,16.1,16,16,16.1,12.1,16,16,16,16.1,16,16,11.9,11.9
0.000177,16.1,16.1,16,16,16.1,16.1,16.1,16,16.1,16.1,16.1,11.8,16.1,16.1,16.1,16.1,16.1,16,16.1,16.1,16.1,11.3,16.1,16.1,16,16.1,16.1,16.1,16.1,16.1,16,9.86,16.1,16.1,16.1,16,16,16.1,16.1,16.1,16.1,8.74,16.1,16.1,16.1,16.1,16.1,16.1,16,16.1,16.1,9.21,16.1,16.1,16.1,16.1,16.1,16.1,16.1,16.1,16,10.6,16.1,16.1,16.1,16,16.1,16.1,16.1,16.1,16.1,11.7,16.1,16.1,16.1,16.1,16.1,16.1,16.1,16.1,16,11.9,16,16.1,16.1,16.1,16.1,16.1,16.1,16.1,16.1,12.1,16,16.1,16.1,16.1,16.1,16.1,11.9,11.9
0.000177,16.1,16.1,16,16.1,16.1,16,16.1,16.1,16.1,16.1,16.1,11.8,16.1,16,16.1,16.1,16.1,16.1,16,16,16.1,11.3,16,16.1,16.1,16.1,16.1,16.1,16.1,16.1,16.1,9.82,16.1,16.1,16,16.1,16.1,16.1,16.1,16.1,16.1,8.69,16.1,16.1,16,16,16,16.1,16.1,16.1,16.1,9.17,16.1,16.1,16.1,16.1,16.1,16.1,16.1,16.1,16.1,10.6,16,16.1,16,16.1,16.1,16.1,16.1,16.1,16.1,11.8,16,16.1,16.1,16.1,16.1,16.1,16.1,16,16.1,11.9,16.1,16.1,16.1,16.1,16.1,16.1,16.1,16.1,16.1,12.1,16.1,16.1,16.1,16.1,16.1,16.1,12,11.9
0.000177,16.1,16,16.1,16.1,16.1,16.1,16,16.1,16.1,16.1,16.1,11.8,16.1,16,16.1,16,16.1,16.1,16.1,16.1,16.1,11.4,16.1,16.1,16.1,16.1,16.1,16.1,16.1,16.1,16,9.82,16.1,16.1,16.1,16,16.1,16.1,16.1,16.1,16,8.69,16.1,16.1,16.1,16.1,16.1,16,16,16.1,16.1,9.17,16,16,16.1,16.1,16,16.1,16,16.1,16.1,10.6,16.1,16.1,16,16.1,16,16.1,16.1,16,16.1,11.7,16.1,16,16.1,16.1,16.1,16.1,16,16.1,16.1,11.9,16.1,16.1,16.1,16.1,16.1,16.1,16.1,16,16.1,12,16.1,16.1,16,16,16.1,16.1,12,11.9
0.000177,16.1,16.1,16.1,16.1,16.1,16.1,16,16.1,16.1,16,16.1,11.8,16.1,16.1,16,16.1,16.1,16.1,16.1,16.1,16.1,11.5,16.1,16.1,16.1,16.1,16.1,16.1,16.1,16.1,16,9.82,16.1,16.1,16,16.1,16.1,16.1,16.1,16,16.1,8.78,16.1,16.1,16.1,16.1,16.1,16.1,16.1,16.1,16.1,9.17,16.1,16.1,16,16,16.1,16,16.1,16,16.1,10.6,16.1,16.1,16.1,16,16,16.1,16.1,16.1,16,11.7,16.1,16.1,16.1,16.1,16.1,16,16.1,16.1,16.1,11.9,16,16.1,16.1,16.1,16.1,16.1,16,16.1,16.1,11.9,16,16,16,16.1,16.1,16.1,12.2,11.8
0.000178,16.1,16.1,16.1,16.1,16.1,16.1,16.1,16,16.1,16.1,16.1,11.9,16.1,16.1,16.1,16,16.1,16.1,16.1,16.1,16.1,11.5,16.1,16.1,16.1,16,16.1,16.1,16.1,16,16,9.77,16.1,16.1,16.1,16.1,16.1,16,16.1,16,16.1,8.87,16,16.1,16,16.1,16.1,16.1,16.1,16.1,16.1,9.21,16.1,16.1,16.1,16.1,16.1,16.1,16.1,16.1,16.1,10.6,16.1,16,16.1,16.1,16,16.1,16,16.1,16.1,11.7,16,16.1,16.1,16.1,16.1,16.1,16.1,16.1,16,11.9,16.1,16.1,16.1,16.1,16.1,16.1,16.1,16,16.1,11.8,16.1,16,16.1,16.1,16,16.1,12.2,11.9
0.000178,16.1,16,16.1,16.1,16.1,16.1,16.1,16.1,16.1,16.1,16.1,11.9,16.1,16.1,16,16.1,16.1,16,16.1,16.1,16.1,11.5,16,16.1,16.1,16.1,16.1,16,16.1,16,16,9.86,16.1,16.1,16.1,16,16.1,16.1,16.1,16,16.1,8.95,16,16.1,16.1,16.1,16.1,16,16,16,16,9.21,16.1,16.1,16.1,16.1,16.1,16,16.1,16.1,16.1,10.6,16.1,16.1,16.1,16.1,16.1,16,16.1,16,16.1,11.7,16.1,16,16,16.1,16.1,16.1,16.1,16.1,16.1,11.9,16.1,16.1,16.1,16.1,16.1,16,16.1,16,16.1,11.8,16.1,16.1,16.1,16,16,16.1,12.2,11.9
0.000178,16.1,16.1,16.1,16.1,16.1,16,16.1,16,16.1,16.1,16.1,11.9,16,16.1,16.1,16.1,16,16.1,16.1,16.1,16.1,11.5,16.1,16.1,16.1,16.1,16.1,16.1,16.1,16,16,9.86,16.1,16.1,16.1,16.1,16.1,16.1,16.1,16.1,16.1,9.04,16.1,16.1,16.1,16.1,16.1,16.1,16.1,16.1,16.1,9.12,16.1,16.1,16.1,16,16.1,16.1,16.1,16.1,16.1,10.6,16,16.1,16.1,16.1,16,16.1,16.1,16.1,16.1,11.7,16,16.1,16.1,16,16.1,16.1,16.1,16.1,16.1,11.9,16.1,16.1,16,16.1,16,16.1,16.1,16.1,16.1,11.8,16.1,16.1,16,16,16.1,16.1,12.2,11.9
0.000178,16.1,16.1,16.1,16.1,16,16.1,16,16,16.1,16.1,16,11.9,16,16.1,16.1,16.1,16.1,16.1,16.1,16.1,16.1,11.4,16.1,16.1,16.1,16,16,16,16,16.1,16,9.86,16.1,16.1,16.1,16,16.1,16.1,16,16.1,16,9.08,16.1,16.1,16.1,16.1,16.1,16.1,16.1,16.1,16.1,9.21,16,16.1,16.1,16.1,16.1,16.1,16,16.1,16.1,10.6,16,16.1,16.1,16,16.1,16.1,16,16.1,16.1,11.7,16.1,16.1,16,16.1,16.1,16,16.1,16.1,16,11.9,16.1,16.1,16.1,16.1,16.1,16,16,16.1,16.1,11.8,16.1,16,16.1,16,16.1,16.1,12.2,11.9
0.000178,16.1,16,16.1,16,16.1,16,16.1,16.1,16.1,16.1,16.1,11.9,16,16.1,16.1,16.1,16.1,16.1,16.1,16.1,16.1,11.2,16.1,16.1,16.1,16.1,16.1,16.1,16.1,16.1,16.1,9.9,16.1,16.1,16.1,16.1,16.1,16.1,16.1,16.1,16.1,9.04,16.1,16.1,16.1,16.1,16.1,16,16.1,16.1,16.1,9.21,16,16.1,16,16.1,16.1,16.1,16.1,16.1,16.1,10.6,16.1,16.1,16,16.1,16.1,16.1,16,16.1,16.1,11.8,16.1,16.1,16.1,16.1,16.1,16,16.1,16,16,11.9,16.1,16,16.1,16.1,16.1,16.1,16.1,16,16,11.9,16,16,16.1,16.1,16.1,16.1,12.1,11.9
0.000179,16.1,16.1,16.1,16.1,16,16,16.1,16,16,16.1,16.1,11.9,16.1,16.1,16.1,16.1,16.1,16,16.1,16.1,16.1,11.2,16.1,16,16,16.1,16.1,16,16,16.1,16.1,9.9,16.1,16.1,16.1,16.1,16.1,16.1,16.1,16.1,16.1,8.95,16.1,16.1,16.1,16.1,16.1,16.1,16.1,16.1,16.1,9.25,16.1,16,16.1,16.1,16.1,16.1,16.1,16.1,16.1,10.6,16.1,16.1,16.1,16.1,16.1,16.1,16.1,16.1,16.1,11.7,16.1,16.1,16.1,16.1,16.1,16.1,16.1,16,16.1,11.9,16.1,16.1,16.1,16,16.1,16,16.1,16.1,16,11.9,16,16.1,16.1,16.1,16.1,16.1,12,11.9
0.000179,16.1,16.1,16,16,16,16.1,16,16.1,16.1,16.1,16.1,11.9,16,16.1,16,16.1,16.1,16.1,16.1,16.1,16.1,11.2,16.1,16.1,16,16.1,16,16.1,16.1,16.1,16.1,9.86,16.1,16.1,16.1,16,16,16.1,16.1,16.1,16.1,8.87,16.1,16.1,16,16.1,16.1,16,16.1,16,16.1,9.3,16.1,16,16.1,16.1,16.1,16.1,16.1,16.1,16.1,10.6,16.1,16.1,16.1,16.1,16.1,16.1,16.1,16,16.1,11.7,16,16.1,16.1,16,16.1,16.1,16.1,16,16.1,11.9,16.1,16.1,16.1,16.1,16.1,16.1,16,16.1,16.1,12,16,16.1,16,16.1,16.1,16,12,12
0.000179,16.1,16,16.1,16.1,16.1,16.1,16.1,16.1,16.1,16.1,16,11.8,16.1,16.1,16,16.1,16.1,16.1,16.1,16.1,16.1,11.2,16.1,16,16,16.1,16.1,16.1,16,16.1,16.1,9.9,16.1,16.1,16.1,16,16.1,16,16,16.1,16,8.87,16,16.1,16.1,16.1,16.1,16.1,16.1,16,16,9.21,16.1,16.1,16.1,16.1,16.1,16,16.1,16.1,16.1,10.6,16.1,16,16.1,16.1,16,16.1,16,16.1,16.2,11.7,16.1,16.1,16.1,16.1,16.1,16,16,16.1,16,11.9,16.1,16.1,16.1,16,16,16,16,16.1,16.1,12.1,16.1,16,16.1,16,16.1,16.1,12,11.9
0.000179,16.1,16,16.1,16.1,16,16.1,16,16,16.1,16.1,16.1,11.8,16.1,16.1,16,16.1,16.1,16,16.1,16.1,16,11.3,16.1,16.1,16.1,16,16.1,16,16.1,16.1,16.1,9.95,16,16.1,16.1,16.1,16.1,16.1,16,16.1,16,8.78,16.1,16,16.1,16.1,16.1,16,16.1,16.1,16.1,9.21,16.1,16.1,16.1,16.1,16.1,16.1,16.1,16,16,10.6,16.1,16.1,16.1,16.1,16.1,16.1,16.1,16.1,16,11.6,16.1,16.1,16.1,16.1,16,16.1,16.1,16.1,16.1,12,16.1,16.1,16.1,16.1,16.1,16.1,16.1,16,16,12.1,16,16,16,16,16.1,16,12,11.9
0.000179,16.1,16.1,16.1,16.1,16.1,16.1,16,16.1,16.1,16,16.1,11.8,16.1,16.1,16.1,16.1,16.1,16.1,16,16,16,11.4,16.1,16,16,16,16.1,16.1,16,16.1,16.1,9.9,16,16,16,16.1,16.1,16.1,16.1,16,16,8.82,16.1,16.1,16,16.1,16,16,16.1,16.1,16.1,9.21,16.1,16,16,16,16.1,16.1,16.1,16.1,16.1,10.6,16.1,16.1,16,16,16.1,16,16.1,16.1,16.1,11.6,16.1,16.1,16.1,16.1,16.1,16.1,16.1,16.1,16.1,12,16.1,16,16,16.1,16.1,16,16.1,16.1,16,12.1,16.1,16,16.1,16.1,16,16.1,12,11.9
0.00018,16.1,16.1,16.1,16,16,16,16.1,16.1,16,16,16.1,11.8,16.1,16.1,16.1,16.1,16.1,16.1,16.1,16,16.1,11.4,16.1,16.1,16.1,16.1,16.1,16,16.1,16,16.1,9.9,16,16.1,16,16.1,16.1,16.1,16.1,16.1,16.1,8.87,16.1,16.1,16,16.1,16,16.1,16.1,16.1,16.1,9.17,16.1,16,16.1,16.1,16.1,16,16.1,16,16,10.6,16,16,16.1,16,16,16.1,16.1,16.1,16.1,11.6,16.1,16,16,16.1,16.1,16.1,16.1,16.1,16,11.9,16.1,16.1,16,16.1,16.1,16.1,16,16.1,16,12.1,16.1,16.1,16,16,16,16.1,12,11.9
0.00018,16.1,16.1,16.1,16.1,16.1,16.1,16.1,16,16.1,16.1,16.1,11.8,16,16,16.1,16,16.1,16.1,16.1,16.1,16,11.4,16.1,16.1,16,16.1,16,16.1,16.1,16.1,16.1,9.86,16.1,16.1,16.1,16,16.1,16,16,16.1,16,8.95,16.1,16,16.1,16,16.1,16.1,16.1,16.1,16.1,9.25,16.1,16.1,16.1,16.1,16.1,16,16.1,16.1,16.1,10.6,16.1,16.1,16.1,16.1,16.1,16.1,16.1,16,16.1,11.6,16.1,16.1,16,16,16.1,16.1,16.1,16.1,16.1,12,16.1,16.1,16.1,16.1,16.1,16,16.1,16,16.1,12.1,16.1,16,16,16.1,16,16,12.1,11.9
0.00018,16.1,16.1,16.1,16,16,16.1,16.1,16.1,16,16.1,16.1,11.8,16.1,16,16,16.1,16.1,16,16.1,16,16,11.4,16,16,16.1,16.1,16.1,16.1,16.1,16,16.1,9.95,16.1,16.1,16.1,16.1,16,16.1,16.1,16.1,16.1,9.04,16,16.1,16.1,16.1,16.1,16.1,16.1,16.1,16,9.3,16.1,16.1,16,16.1,16,16.1,16.1,16.1,16.1,10.6,16.1,16.1,16,16,16.1,16.1,16.1,16,16.1,11.7,16,16.1,16.1,16.1,16.1,16.1,16.1,16.1,16.1,11.9,16.1,16.1,16.1,16.1,16.1,16.1,16.1,16.1,16,12.1,16,16.1,16,16,16.1,16,12.1,11.9
0.00018,16.1,16,16.1,16.1,16,16,16.1,16,16.1,16.1,16.1,11.8,16.1,16,16.1,16,16.1,16,16.1,16.1,16.1,11.4,16,16.1,16.1,16.1,16.1,16.1,16,16.1,16,9.9,16.1,16.1,16.1,16.1,16.1,16.1,16,16.1,16.1,9.08,16.1,16,16.1,16.1,16,16.1,16,16.1,16.1,9.25,16.1,16,16.1,16.1,16.1,16.1,16.1,16,16,10.7,16.1,16.1,16.1,16.1,16.1,16.1,16.1,16,16.1,11.7,16.1,16,16.1,16.1,16.1,16,16.1,16.1,16.1,11.9,16,16.1,16.1,16.1,16.1,16,16.1,16,16.1,12,16.1,16.1,16,16.1,16.1,16.1,12.1,11.9
0.00018,16.1,16.1,16.1,16.1,16.1,16.1,16.1,16.1,16.1,16.1,16.1,11.9,16.1,16.1,16.1,16.1,16.1,16.1,16.1,16.1,16,11.4,16,16.1,16.1,16,16,16,16.1,16.1,16.1,9.86,16.1,16.1,16,16.1,16.1,16.1,16.1,16.1,16,9.17,16.1,16.1,16,16.1,16.1,16.1,16,16.1,16,9.25,16,16.1,16.1,16.1,16.1,16.1,16.1,16,16.1,10.6,16,16.1,16.1,16,16,16.1,16.1,16,16.1,11.7,16.1,16,16,16.1,16.1,16.1,16.1,16.1,16.1,11.9,16.1,16.1,16.1,16.1,16,16,16,16,16.1,12,16,16.1,16.1,16.1,16.1,16.1,12.1,11.9
0.000181,16.1,16.1,16.1,16.1,16.1,16.1,16,16.1,16,16.1,16.1,11.9,16.1,16.1,16.1,16.1,16.1,16.1,16.1,16,16,11.4,16.1,16.1,16.1,16.1,16.1,16.1,16.1,16.1,16,9.86,16.2,16,16.1,16,16.1,16,16.1,16,16.1,9.08,16.1,16,16,16.1,16,16.1,16.1,16.1,16.1,9.34,16.1,16,16.1,16.1,16.1,16.1,16.1,16.1,16.1,10.6,16.1,16.1,16.1,16,16,16.1,16.1,16.1,16.1,11.8,16.1,16.1,16.1,16.1,16.1,16.1,16.1,16.1,16.1,11.8,16.1,16,16.1,16.1,16.1,16.1,16.1,16.1,16.1,11.9,16,16.1,16,16,16.1,16.1,12.1,11.9
0.000181,16.1,16,16.1,16.1,16,16.1,16,16.1,16.1,16.1,16,11.9,16,16.1,16.1,16.1,16.1,16.1,16.1,16,16.1,11.4,16,16.1,16.1,16,16.1,16,16,16,16.1,9.9,16,16,16.1,16,16.1,16,16.1,16.1,16,9.08,16,16.1,16.1,16,16.1,16,16.1,16.1,16.1,9.3,16,16.1,16.1,16.1,16.1,16,16.1,16,16,10.6,16.1,16.1,16,16.1,16.1,16.1,16.1,16.1,16,11.8,16.1,16,16.1,16.1,16.1,16.1,16,16,16.1,11.9,16.1,16.1,16.1,16,16.1,16,16.1,16,16.1,11.9,16.1,16,16.1,16.1,16,16.1,12.1,11.9
0.000181,16.1,16.1,16.1,16.1,16.1,16.1,16,16.1,16.1,16.1,16,11.9,16.1,16.1,16.1,16.1,16.1,16.1,16,16.1,16.1,11.4,16,16.1,16.1,16,16.1,16,16,16.1,16,9.9,16.1,16.1,16.1,16.1,16.1,16.1,16.1,16.1,16.1,9,16.1,16.1,16,16.1,16.1,16.1,16.1,16.1,16.1,9.3,16.1,16.1,16.1,16.1,16.1,16.1,16.1,16.1,16.1,10.6,16.1,16.1,16.1,16.1,16.1,16.1,16.1,16,16.1,11.8,16.1,16.1,16.1,16.1,16.1,16.1,16,16.1,16,11.9,16.1,16.1,16.1,16.1,16.1,16.1,16.1,16.1,16,11.9,16,16,16.1,16.1,16.1,16.1,12.1,11.9
0.000181,16.1,16.1,16.1,16.1,16.1,16,16,16.1,16,16.1,16.1,11.9,16,16.1,16.1,16.1,16.1,16.1,16.1,16.1,16.1,11.4,16,16.1,16,16,16.1,16.1,16.1,16.1,16,9.95,16.1,16.1,16,16,16.1,16.1,16,16,16.1,8.95,16,16.1,16.1,16.1,16,16,16.1,16.1,16.1,9.25,16,16.1,16.1,16.1,16,16.1,16,16.1,16,10.6,16.1,16.1,16.1,16.1,16,16,16.1,16.1,16.1,11.8,16.1,16.1,16,16.1,16.1,16.1,16,16.1,16,11.9,16.1,16.1,16.1,16,16.1,16,16.1,16.1,16,11.9,16.1,16.1,16.1,16.1,16,16.1,12.1,11.9
0.000181,16.1,16,16,16.1,16.1,16.1,16,16,16.1,16,16.1,11.9,16.1,16.1,16.1,16.1,16.1,16.1,16,16.1,16,11.4,16.1,16.1,16.1,16.1,16.1,16,16.1,16.1,16,9.99,16.1,16,16.1,16.1,16.1,16.1,16.1,16.1,16,8.91,16,16.1,16.1,16.1,16.1,16,16,16,16.1,9.25,16,16.1,16.1,16.1,16.1,16.1,16,16.1,16.1,10.7,16,16.1,16.1,16.1,16.1,16.1,16.1,16.1,16.1,11.8,16,16.1,16,16.1,16.1,16.1,16.1,16.1,16.1,12,16.1,16,16.1,16.1,16.1,16.1,16,16.1,16.1,12,16.1,16,16.1,16.1,16.1,16.1,12,11.9
0.000182,16.1,16.1,16.1,16.1,16,16.1,16.1,16,16,16.1,16,11.8,16.1,16.1,16.1,16.1,16.1,16,16.1,16,16,11.4,16,16,16,16.1,16.1,16.1,16.1,16.1,16,9.99,16,16,16.1,16.1,16,16,16.1,16,16.1,8.95,16.1,16.1,16.1,16.1,16.1,16.1,16,16,16.1,9.25,16.1,16,16.1,16.1,16.1,16.1,16.1,16.1,16.1,10.7,16.1,16.1,16.1,16.1,16.1,16,16.1,16.1,16.1,11.8,16.1,16.1,16,16,16.1,16.1,16,16.1,16,12,16,16.1,16,16.1,16.1,16.1,16.1,16.1,16.1,12,16.1,16.1,16,16,16.1,16,12,11.9
0.000182,16.1,16,16.1,16,16.1,16.1,16.1,16,16.1,16.1,16.1,11.9,16.1,16.1,16.1,16.1,16.1,16.1,16.1,16.1,16.1,11.4,16.1,16,16.1,16.1,16.1,16,16.1,16.1,16.1,10,16.1,16.1,16.1,16.1,16.1,16.1,16.1,16,16.1,8.91,16.1,16.1,16.1,16.1,16.1,16.1,16.1,16.1,16.1,9.3,16.1,16.1,16.1,16.1,16.1,16.1,16.1,16.1,16.1,10.7,16.1,16,16.1,16.1,16.1,16.1,16,16.1,16.1,11.6,16.1,16,16,16.1,16,16.1,16.1,16.1,16.1,12,16.1,16.1,16.1,16.1,16.1,16,16.1,16.1,16.1,12,16,16,16.1,16,16.1,16.1,12,11.9
0.000182,16.1,16.1,16.1,16.1,16.1,16.1,16.1,16.1,16,16.1,16,11.9,16.1,16.1,16,16.1,16.1,16,16.1,16.1,16,11.4,16.1,16,16,16.1,16.1,16.1,16.1,16,16.1,10,16.1,16.1,16,16,16,16.1,16.1,16.1,16.1,8.95,16.1,16.1,16,16,16.1,16.1,16.1,16.1,16,9.38,16.1,16.1,16.1,16.1,16,16.1,16,16.1,16.1,10.8,16.1,16.1,16,16.1,16,16,16,16,16,11.6,16.1,16.1,16.1,16.1,16.1,16.1,16.1,16.1,16.1,12,16,16.1,16.1,16.1,16.1,16.1,16.1,16.1,16.1,12.1,16.1,16.1,16.1,16,16,16.1,12,11.9
0.000182,16.1,16,16.1,16,16.1,16,16,16.1,16,16.1,16.1,11.9,16,16.1,16,16,16.1,16.1,16.1,16.1,16.1,11.3,16.1,16.1,16,16.1,16,16.1,16.1,16,16.1,10,16.1,16.1,16.1,16.1,16.1,16.1,16.1,16.1,16.1,8.95,16.1,16.1,16.1,16.1,16,16,16.1,16.1,16.1,9.38,16.1,16,16,16.1,16.1,16.1,16.1,16.1,16.1,10.8,16.1,16.1,16.1,16.1,16.1,16.1,16,16.1,16.1,11.6,16.1,16.1,16.1,16.1,16.1,16,16.1,16.1,16.1,12.1,16.1,16.1,16.1,16.1,16,16.1,16,16,16.1,12,16.1,16.1,16,16.1,16.1,16.1,12,11.9
0.000182,16.1,16,16,16.1,16,16.1,16,16,16.1,16.1,16.1,11.9,16,16.1,16.1,16.1,16.1,16,16.1,16.1,16.1,11.4,16,16.1,16,16.1,16,16.1,16,16,16,9.99,16.1,16.1,16.1,16.1,16.1,16.1,16.1,16,16,9.04,16,16.1,16,16,16.1,16.1,16.1,16.1,16.1,9.3,16,16.1,16.1,16.1,16.1,16.1,16.1,16.1,16.1,10.8,16,16.1,16.1,16.1,16,16.1,16.1,16,16.1,11.6,16,16,16,16.1,16.1,16.1,16.1,16.1,16.1,12.1,16.1,16.1,16,16,16.1,16.1,16,16.1,16.1,12.1,16.1,16,16.1,16.1,16.1,16,12,11.9
0.000183,16.1,16.1,16.1,16.1,16,16.1,16.1,16.1,16.1,16.1,16.1,11.8,16.1,16.1,16.1,16.1,16,16.1,16.1,16.1,16.1,11.4,16.1,16.1,16,16.1,16.1,16.1,16.1,16.1,16,9.9,16.1,16,16.1,16.1,16.1,16.1,16.1,16.1,16,9.08,16.1,16.1,16.1,16.1,16,16,16.1,16.1,16.1,9.38,16,16.1,16,16.1,16.1,16.1,16.1,16.1,16.1,10.8,16,16.1,16,16.1,16.1,16.1,16,16,16.1,11.7,16.1,16.1,16.1,16.1,16.1,16.1,16,16.1,16.1,12,16.1,16.1,16,16.1,16.1,16.1,16.1,16.1,16.1,12.2,16.1,16.1,16,16.1,16.1,16.1,12,11.9
0.000183,16.1,16.1,16,16,16.1,16.1,16,16.1,16.1,16.1,16.1,11.8,16,16,16.1,16.1,16.1,16.1,16.1,16.1,16.1,11.3,16,16.1,16.1,16.1,16.1,16.1,16.1,16.1,16.1,9.86,16.1,16.1,16.1,16.1,16,16.1,16.1,16.1,16.1,9.04,16,16.1,16.1,16,16.1,16,16.1,16,16.1,9.38,16.1,16.1,16.1,16.1,16.1,16.1,16.1,16.1,16.1,10.7,16,16.1,16,16.1,16.1,16.1,16.1,16.1,16.1,11.7,16.1,16.1,16.1,16.1,16.1,16.1,16.1,16,16.1,11.9,16.1,16.1,16,16.1,16.1,16.1,16,16.1,16.1,12.1,16.1,16.1,16.1,16,16,16.1,12.1,11.9
0.000183,16.1,16,16.1,16.1,16.1,16,16.1,16.1,16.1,16.1,16.1,11.8,16,16.1,16.1,16.1,16.1,16,16.1,16.1,16,11.4,16,16.1,16,16.1,16.1,16.1,16.1,16.1,16,9.82,16.1,16.1,16.1,16,16.1,16,16.1,16.1,16.1,9.12,16.1,16.1,16.1,16.1,16.1,16.1,16.1,16.1,16.1,9.34,16.1,16.1,16.1,16.1,16.1,16.1,16.1,16,16.1,10.6,16.1,16.1,16.1,16,16.1,16.1,16.1,16,16.1,11.7,16.1,16,16.1,16.1,16,16,16.1,16.1,16.1,11.8,16.1,16,16,16.1,16.1,16.1,16.1,16,16.1,12,16,16.1,16.1,16,16,16.1,12.1,11.8
0.000183,16.1,16.1,16,16,16.1,16.1,16.1,16.1,16.1,16.1,16,11.9,16.1,16,16,16.1,16.1,16,16.1,16,16.1,11.4,16,16.1,16.1,16.1,16.1,16.1,16.1,16.1,16.1,9.82,16.1,16,16.1,16,16.1,16.1,16,16.1,16.1,9.17,16,16.1,16,16,16.1,16,16.1,16.1,16.1,9.34,16,16.1,16.1,16.1,16.1,16.1,16,16.1,16,10.6,16.1,16.1,16.1,16,16.1,16,16.1,16,16.1,11.8,16.1,16.1,16.1,16.1,16,16,16,16.1,16.1,11.8,16.1,16,16,16.1,16,16.1,16.1,16.1,16.1,12,16.1,16,16.1,16.1,16,16.1,12,11.8
0.000183,16.1,16,16,16,16.1,16.1,16,16.1,16.1,16,16.1,11.9,16.1,16.1,16,16.1,16,16.1,16.1,16.1,16,11.4,16.1,16.1,16,16.1,16.1,16.1,16.1,16,16,9.86,16.1,16.1,16,16.1,16.1,16.1,16,16.1,16.1,9.08,16.1,16,16,16.1,16.1,16.1,16.1,16.1,16.1,9.3,16.1,16.1,16.1,16,16,16.1,16,16,16.1,10.6,16.1,16,16,16.1,16.1,16.1,16.1,16,16.1,11.8,16.1,16.1,16.1,16.1,16.1,16,16,16.1,16.1,11.8,16.1,16.1,16,16,16.1,16,16,16.1,16.1,11.9,16,16.1,16,16.1,16.1,16.1,12.1,11.8
0.000184,16.1,16.1,16.1,16,16,16.1,16.1,16.1,16.1,16.1,16.1,11.9,16.1,16,16,16,16.1,16.1,16.1,16.1,16.1,11.4,16,16.1,16,16.1,16.1,16,16.1,16,16,9.86,16.1,16.1,16,16,16,16.1,16.1,16.1,16.1,9.12,16.1,16,16.1,16.1,16,16.1,16,16.1,16.1,9.38,16,16.1,16.1,16.1,16,16.1,16.1,16.1,16.1,10.6,16.1,16.1,16,16.1,16,16.1,16,16,16.1,11.8,16.1,16.1,16,16.1,16,16.1,16.1,16.1,16.1,11.7,16.1,16.1,16.1,16.1,16.1,16,16.1,16,16.1,12,16.1,16,16,16.1,16.1,16,12.1,11.8
0.000184,16.2,16,16.1,16.1,16.1,16.1,16.1,16.1,16,16.1,16,11.8,16.1,16.1,16.1,16,16.1,16.1,16.1,16.1,16.1,11.4,16.1,16.1,16.1,16.1,16.1,16.1,16.1,16.1,16.1,9.95,16.1,16,16.1,16.1,16.1,16,16.1,16.1,16.1,9.12,16,16,16.1,16.1,16.1,16.1,16.1,16,16.1,9.34,16.1,16.1,16,16.1,16.1,16.1,16.1,16.1,16.1,10.6,16,16.1,16,16.1,16.1,16.1,16,16.1,16.1,11.8,16.1,16.1,16.1,16,16.1,16.1,16,16,16,11.8,16.1,16,16.1,16,16.1,16.1,16.1,16.1,16,12,16,16.1,16.1,16.1,16.1,16,12.1,11.8
0.000184,16.1,16.1,16.1,16,16.1,16,16.1,16.1,16.1,16,16.1,11.9,16.1,16.1,16.1,16.1,16,16,16,16.1,16.1,11.4,16.1,16,16.1,16.1,16.1,16.1,16,16,16.1,9.99,16,16.1,16,16.1,16.1,16.1,16.1,16,16.1,9.08,16.1,16.1,16,16.1,16.1,16.1,16.1,16,16.1,9.38,16.1,16.1,16.1,16.1,16.1,16,16.1,16.1,16,10.7,16.1,16,16.1,16.1,16.1,16,16.1,16,16.1,11.7,16.1,16.1,16.1,16,16.1,16.1,16.1,16,16.1,11.9,16.1,16.1,16,16,16.1,16.1,16,16.1,16.1,12,16.1,16.1,16.1,16,16,16.1,12,11.8
0.000184,16.1,16.1,16.1,16.1,16,16.1,16,16.1,16.1,16,16.1,11.8,16.1,16.1,16.1,16.1,16,16,16,16.1,16.1,11.4,16.1,16,16.1,16.1,16,16.1,16.1,16.1,16.1,10,16,16,16.1,16,16.1,16,16.1,16,16.1,9.12,16.1,16,16.1,16.1,16.1,16.1,16.1,16.1,16.1,9.43,16.1,16,16.1,16.1,16,16.1,16.1,16,16.1,10.8,16.1,16.1,16.1,16.1,16.1,16.1,16,16.1,16.1,11.7,16.1,16.1,16.1,16.1,16.1,16,16.1,16,16.1,12,16.1,16,16,16.1,16,16.1,16.1,16.1,16.1,11.9,16,16,16.1,16.1,16,16,12,11.8
0.000184,16.2,16.1,16.1,16.1,16.1,16.1,16.1,16.1,16,16,16.1,11.8,16.1,16.1,16.1,16.1,16.1,16.1,16.1,16.1,16,11.4,16.1,16.1,16.1,16.1,16,16.1,16,16.1,16,10.1,16.1,16.1,16,16,16.1,16.1,16,16.1,16.1,9.08,16.1,16,16,16.1,16.1,16.1,16,16.1,16.1,9.38,16.1,16.1,16.1,16.1,16,16,16,16.1,16.1,10.9,16,16.1,16.1,16.1,16.1,16.1,16.1,16,16,11.7,16,16.1,16,16,16.1,16,16.1,16.1,16,12.1,16.1,16.1,16.1,16.1,16.1,16.1,16,16.1,16.1,12,16,16,16.1,16,16.1,16.1,12.1,11.9
0.000185,16.1,16.1,16,16,16.1,16,16.1,16.1,16.1,16.1,16,11.8,16,16.1,16.1,16.1,16.1,16.1,16,16.1,16,11.3,16,16,16.1,16,16,16.1,16,16.1,16.1,10,16.1,16.1,16,16,16.1,16,16.1,16.1,16.1,9.08,16.1,16,16.1,16.1,16.1,16.1,16.1,16.1,16,9.38,16,16,16.1,16,16.1,16.1,16,16,16.1,10.9,16,16.1,16.1,16.1,16.1,16.1,16.1,16,16.1,11.7,16.1,16.1,16.1,16.1,16.1,16,16,16.1,16.1,12.1,16.1,16,16.1,16.1,16.1,16.1,16.1,16.1,16.1,12,16.1,16.1,16.1,16.1,16,16.1,12,12
0.000185,16.1,16.1,16,16,16.1,16.1,16.1,16.1,16,16.1,16.1,11.9,16.1,16.1,16.1,16.1,16.1,16.1,16.1,16.1,16.1,11.3,16.1,16.1,16.1,16,16.1,16,16.1,16.1,16.1,10,16.1,16.1,16,16.1,16.1,16.1,16,16,16,9.08,16.1,16.1,16.1,16.1,16.1,16.1,16.1,16.1,16.1,9.43,16,16.1,16.1,16.1,16,16,16.1,16,16.1,10.9,16,16.1,16,16,16.1,16.1,16,16,16.1,11.7,16.1,16.1,16.1,16,16,16.1,16.1,16.1,16.1,12.1,16.1,16,16.1,16.1,16.1,16.1,16.1,16.1,16.1,12,16.1,16,16.1,16,16,16.1,12,12
0.000185,16.1,16,16.1,16.1,16.1,16.1,16.1,16.1,16,16,16,11.8,16,16.1,16.1,16.1,16.1,16.1,16.1,16.1,16,11.3,16.1,16.1,16.1,16,16.1,16.1,16.1,16.2,16.1,10,16,16.1,16.1,16.1,16.1,16.1,16.1,16.1,16.1,9.08,16.1,16.1,16,16.1,16.1,16,16.1,16.1,16.1,9.43,16.1,16.1,16,16,16.1,16.1,16,16.1,16,10.8,16.1,16.1,16,16,16.1,16.1,16.1,16.1,16.1,11.7,16.1,16.1,16,16.1,16.1,16,16.1,16.1,16.1,12,16.1,16.1,16.1,16,16.1,16,16.1,16.1,16.1,12,16,16,16,16,16.1,16,12,12
0.000185,16.2,16.1,16.1,16,16.1,16.1,16.1,16.1,16.1,16,16.1,11.8,16.1,16.1,16.1,16.1,16,16.1,16.1,16.1,16.1,11.4,16,16.1,16.1,16,16.1,16,16,16.1,16,9.99,16.1,16,16,16,16.1,16.1,16.1,16,16.1,9.12,16.1,16.1,16.1,16,16,16,16.1,16.1,16.1,9.38,16,16.1,16.1,16.1,16.1,16.1,16.1,16.1,16.1,10.7,16.1,16.1,16,16.1,16.1,16.1,16.1,16.1,16.1,11.7,16.1,16.1,16.1,16.1,16.1,16,16,16.1,16.1,12,16.1,16,16.1,16.1,16.1,16.1,16.1,16.1,16.1,12.1,16.1,16,16.1,16,16.1,16.1,12,12
0.000185,16.1,16.1,16.1,16,16.1,16.1,16.1,16.1,16.1,16.1,16.1,11.8,16.1,16.1,16,16.1,16,16.1,16.1,16.1,16,11.4,16,16,16.1,16,16.1,16,16.1,16.1,16,9.99,16,16,16.1,16.1,16,16.1,16.1,16.1,16.1,9.12,16.1,16,16,16.1,16.1,16,16.1,16.1,16.1,9.38,16.1,16.1,16,16,16,16.1,16.1,16.1,16.1,10.6,16.1,16.1,16,16,16,16.1,16.1,16.1,16.1,11.7,16.1,16,16,16.1,16,16,16,16.1,16,11.9,16.1,16,16,16.1,16,16,16,16.1,16.1,12.1,16.1,16.1,16,16.1,16.1,16.1,12,12
0.000186,16.1,16.1,16.1,16.1,16,16.1,16.1,16.1,16,16.1,16,11.8,16.1,16,16.1,16.1,16.1,16,16,16.1,16,11.4,16,16.1,16.1,16.1,16.1,16.1,16,16,16.1,9.95,16.1,16.1,16.1,16.1,16.1,16.1,16.1,16.1,16.1,9.12,16,16.1,16.1,16.1,16,16,16.1,16.1,16.1,9.47,16.1,16.1,16.1,16.1,16,16.1,16,16.1,16.1,10.5,16.1,16.1,16.1,16.1,16,16.1,16,16.1,16.1,11.7,16,16.1,16,16,16.1,16.1,16.1,16,16.1,11.8,16.1,16.1,16.1,16,16.1,16.1,16,16.1,16.1,12.1,16.1,16.1,16,16.1,16.1,16,12,12
0.000186,16.1,16.1,16,16.1,16.1,16.1,16,16,16,16.1,16.1,11.8,16.1,16.1,16,16.1,16.1,16.1,16,16,16.1,11.4,16.1,16.1,16,16,16.1,16.1,16,16.1,16.1,9.95,16.1,16.1,16.1,16.1,16.1,16.1,16,16.1,16.1,9.12,16.1,16.1,16.1,16.1,16.1,16,16,16,16.1,9.43,16.1,16,16.1,16.1,16,16,16,16.1,16.1,10.4,16,16.1,16.1,16.1,16,16.1,16.1,16.1,16,11.7,16,16.1,16.1,16.1,16.1,16,16.1,16.1,16,11.8,16.1,16.1,16.1,16.1,16.1,16,16,16,16.1,12.2,16.1,16,16.1,16.1,16.1,16.1,12,11.9
0.000186,16.1,16.1,16.1,16.1,16.1,16,16,16.1,16.1,16,16.1,11.8,16.1,16.1,16.1,16.1,16.1,16.1,16.1,16,16,11.4,16,16,16,16,16.1,16.1,16.1,16.1,16.1,9.95,16.1,16.1,16,16,16.1,16.1,16.1,16.1,16,9.12,16,16.1,16.1,16.1,16,16,16.1,16,16.1,9.43,16.1,16.1,16.1,16,16,16.1,16.1,16.1,16.1,10.5,16,16.1,16.1,16.1,16.1,16.1,16,16.1,16.1,11.7,16.1,16.1,16,16.1,16.1,16.1,16.1,16,16.1,11.8,16,16.1,16,16,16.1,16.1,16.1,16,16,12.1,16.1,16.1,16.1,16.1,16.1,16.1,11.9,11.8
0.000186,16.1,16.1,16.1,16,16.1,16.1,16,16.1,16.1,16.1,16.1,11.8,16.1,16,16,16,16.1,16,16.1,16.1,16.1,11.4,16.1,16,16.1,16.1,16.1,16.1,16,16.1,16.1,9.95,16.1,16.1,16.1,16.1,16.1,16,16.1,16,16.1,9.17,16.1,16,16,16.1,16.1,16,16.1,16,16.1,9.47,16.1,16.1,16,16,16,16.1,16.1,16,16,10.6,16.1,16,16.1,16.1,16.1,16.1,16,16.1,16.1,11.8,16.1,16,16,16.1,16.1,16.1,16.1,16,16.1,11.8,16.1,16.1,16.1,16.1,16.1,16,16,16,16,12.1,16,16.1,16.1,16.1,16,16.1,12,11.8
0.000186,16.1,16.1,16.1,16,16.1,16.1,16,16.1,16.1,16.1,16.1,11.9,16.1,16.1,16.1,16.1,16.1,16.1,16.1,16,16.1,11.4,16,16.1,16.1,16.1,16.1,16.1,16,16.1,16.1,9.99,16.1,16.1,16,16,16.1,16.1,16.1,16.1,16,9.17,16.1,16.1,16.1,16,16,16.1,16.1,16.1,16.1,9.51,16,16.1,16,16.1,16.1,16,16,16,16,10.6,16,16.1,16.1,16,16.1,16.1,16.1,16.1,16.1,11.8,16,16.1,16.1,16.1,16.1,16.1,16.1,16.1,16.1,11.8,16.1,16.1,16.1,16.1,16.1,16.1,16,16,16.1,12,16.1,16.1,16,16.1,16.1,16.1,12,11.8
0.000187,16.1,16,16.1,16.1,16.1,16,16,16.1,16.1,16,16.1,11.9,16.1,16.1,16.1,16.1,16,16.1,16.1,16.1,16.1,11.4,16.1,16.1,16.1,16.1,16.1,16.1,16.1,16,16,9.99,16.1,16.1,16.1,16,16.1,16.1,16,16.1,16,9.12,16.1,16.1,16.1,16.1,16.1,16.1,16.1,16.1,16,9.47,16.1,16.1,16,16,16.1,16.1,16.1,16,16.1,10.7,16.1,16.1,16.1,16,16.1,16.1,16,16.1,16.1,11.7,16,16.1,16.1,16.1,16.1,16.1,16.1,16.1,16.1,11.9,16,16.1,16,16,16,16.1,16,16.1,16.1,12,16,16,16.1,16.1,16.1,16.1,12,11.9
0.000187,16.1,16.1,16.1,16,16.1,16.1,16,16.1,16,16.1,16.1,11.9,16.1,16.1,16.1,16.1,16.1,16.1,16.1,16,16.1,11.3,16,16,16.1,16.2,16.1,16.1,16.1,16.1,16.1,10,16.1,16.1,16.1,16.1,16.1,16.1,16.1,16.1,16,9.17,16,16,16,16.1,16.1,16.1,16,16.1,16.1,9.47,16.1,16,16,16,16.1,16.1,16.1,16.1,16.1,10.8,16,16.1,16,16,16.1,16,16.1,16.1,16,11.7,16.1,16,16.1,16,16.1,16.1,16.1,16.1,16,11.9,16.1,16,16,16.1,16.1,16.1,16.1,16,16,12,16.1,16.1,16.1,16.1,16,16.1,12,11.9
0.000187,16.1,16.1,16.1,16.1,16.1,16.1,16,16,16.1,16,16,12,16,16.1,16.1,16,16,16.1,16.1,16.1,16.1,11.4,16,16.1,16,16.1,16.1,16.1,16.1,16.1,16.1,10,16.1,16.1,16.1,16.1,16.1,16,16,16.1,16.1,9.21,16.1,16.1,16.1,16.1,16,16.1,16.1,16.1,16.1,9.47,16.1,16.1,16,16,16,16.1,16.1,16.1,16,10.9,16.1,16,16.1,16.1,16.1,16.1,16.1,16,16,11.7,16,16,16,16,16.1,16,16.1,16.1,16.1,11.9,16.1,16.1,16.1,16,16,16.1,16,16.1,16.1,11.9,16,16.1,16.1,16.1,16.1,16.1,12,12
0.000187,16.1,16,16.1,16.1,16,16.1,16,16,16,16.1,16.1,11.9,16.1,16,16.1,16.1,16.1,16.1,16,16.1,16.1,11.4,16.1,16.1,16.1,16,16.1,16.1,16.1,16.1,16.1,10.1,16.1,16.1,16,16,16.1,16.1,16,16,16.1,9.21,16.1,16.1,16.1,16.1,16.1,16.1,16.1,16.1,16,9.47,16.1,16,16.1,16,16.1,16.1,16.1,16.1,16.1,10.9,16,16,16,16,16,16.1,16,16.1,16.1,11.7,16.1,16.1,16,16.1,16.1,16.1,16,16,16.1,12,16,16.1,16.1,16,16.1,16.1,16.1,16,16.1,11.9,16.1,16.1,16.1,16.1,16.1,16,12,12
0.000187,16.1,16,16.1,16.1,16.1,16,16.1,16.1,16,16.1,16.1,11.9,16.1,16.1,16.1,16.1,16,16,16.1,16.1,16.1,11.4,16,16.1,16.1,16,16,16.1,16.1,16.1,16.1,10.1,16,16.1,16.1,16,16.1,16.1,16.1,16.1,16.1,9.25,16.1,16,16.1,16.1,16,16.1,16.1,16.1,16.1,9.43,16,16.1,16.1,16,16,16.1,16.1,16.1,16.1,10.9,16,16.1,16.1,16.1,16.1,16.1,16,16.1,16.1,11.8,16,16,16.1,16.1,16.1,16.1,16,16.1,16,12,16.1,16,16.1,16.1,16.1,16.1,16,16,16.1,11.9,16.1,16.1,16,16.1,16.1,16.1,12.1,12.1
